WARNING: Nan, Inf or huge value in QACC at DOF 30. The simulation is unstable. Time = 0.1450.

season   0 holistic     alive  60 births  4 deaths  4 best lifetime 1.908 mean 0.107 max age 59  season   0 conventional alive  60 births  1 deaths  1 best lifetime 3.477 mean 0.194 max age 59  (26.3s)
season   1 holistic     alive  60 births  1 deaths  1 best lifetime 1.892 mean 0.078 max age 59  season   1 conventional alive  60 births  1 deaths  1 best lifetime 1.467 mean -0.034 max age 59  (26.6s)
season   2 holistic     alive  60 births  1 deaths  1 best lifetime 2.391 mean 0.121 max age 59  season   2 conventional alive  60 births  8 deaths  8 best lifetime 1.657 mean 0.153 max age 59  (27.7s)
season   3 holistic     alive  60 births  1 deaths  1 best lifetime 2.175 mean 0.108 max age 59  season   3 conventional alive  60 births  7 deaths  7 best lifetime 1.508 mean 0.122 max age 58  (27.8s)
season   4 holistic     alive  60 births  1 deaths  1 best lifetime 2.868 mean 0.183 max age 58  season   4 conventional alive  60 births 10 deaths 10 best lifetime 1.583 mean 0.309 max age 59  (26.6s)
season   5 holistic     alive  60 births  2 deaths  2 best lifetime 2.868 mean 0.181 max age 59  season   5 conventional alive  60 births  2 deaths  2 best lifetime 3.423 mean 0.464 max age 59  (26.6s)
season   6 holistic     alive  60 births  1 deaths  1 best lifetime 2.533 mean 0.162 max age 59  season   6 conventional alive  60 births  6 deaths  6 best lifetime 2.239 mean 0.397 max age 59  (25.5s)
season   7 holistic     alive  60 births  2 deaths  2 best lifetime 3.802 mean 0.230 max age 57  season   7 conventional alive  60 births  7 deaths  7 best lifetime 1.818 mean 0.384 max age 59  (26.6s)
WARNING: Nan, Inf or huge value in QACC at DOF 0. The simulation is unstable. Time = 9.1650.

season   8 holistic     alive  60 births  5 deaths  5 best lifetime 2.299 mean 0.191 max age 58  season   8 conventional alive  60 births  4 deaths  4 best lifetime 2.412 mean 0.460 max age 53  (27.8s)
WARNING: Nan, Inf or huge value in QACC at DOF 0. The simulation is unstable. Time = 9.2900.

season   9 holistic     alive  60 births  2 deaths  2 best lifetime 4.850 mean 0.256 max age 59  season   9 conventional alive  60 births  5 deaths  5 best lifetime 2.376 mean 0.499 max age 54  (26.1s)
season  10 holistic     alive  60 births  7 deaths  7 best lifetime 2.351 mean 0.249 max age 57  season  10 conventional alive  60 births  1 deaths  1 best lifetime 2.044 mean 0.562 max age 55  (25.8s)
season  11 holistic     alive  42 births 12 deaths 30 best lifetime 4.937 mean 0.619 max age 50  season  11 conventional alive  60 births  5 deaths  5 best lifetime 2.971 mean 0.596 max age 56  (25.7s)
season  12 holistic     alive  52 births 12 deaths  2 best lifetime 4.934 mean 0.651 max age 51  season  12 conventional alive  60 births  4 deaths  4 best lifetime 3.124 mean 0.571 max age 57  (21.8s)
season  13 holistic     alive  60 births 10 deaths  2 best lifetime 5.390 mean 0.781 max age 52  season  13 conventional alive  60 births  3 deaths  3 best lifetime 2.449 mean 0.627 max age 58  (24.0s)
season  14 holistic     alive  60 births  5 deaths  5 best lifetime 4.216 mean 0.913 max age 46  season  14 conventional alive  60 births  3 deaths  3 best lifetime 2.049 mean 0.637 max age 59  (26.5s)
WARNING: Nan, Inf or huge value in QACC at DOF 19. The simulation is unstable. Time = 8.1300.

season  15 holistic     alive  60 births  6 deaths  6 best lifetime 5.963 mean 0.994 max age 47  season  15 conventional alive  60 births  2 deaths  2 best lifetime 2.278 mean 0.701 max age 58  (26.3s)
season  16 holistic     alive  60 births  8 deaths  8 best lifetime 4.252 mean 0.967 max age 48  season  16 conventional alive  60 births  1 deaths  1 best lifetime 1.875 mean 0.666 max age 59  (25.2s)
season  17 holistic     alive  60 births  2 deaths  2 best lifetime 3.524 mean 1.068 max age 49  season  17 conventional alive  60 births  3 deaths  3 best lifetime 1.946 mean 0.740 max age 56  (25.6s)
WARNING: Nan, Inf or huge value in QACC at DOF 0. The simulation is unstable. Time = 9.7850.

WARNING: Nan, Inf or huge value in QACC at DOF 33. The simulation is unstable. Time = 3.5750.

season  18 holistic     alive  60 births  1 deaths  1 best lifetime 3.081 mean 1.025 max age 50  season  18 conventional alive  60 births  1 deaths  1 best lifetime 2.451 mean 0.832 max age 57  (24.8s)
WARNING: Nan, Inf or huge value in QACC at DOF 15. The simulation is unstable. Time = 11.6600.

season  19 holistic     alive  60 births  2 deaths  2 best lifetime 2.739 mean 0.988 max age 51  season  19 conventional alive  60 births  0 deaths  0 best lifetime 1.643 mean 0.754 max age 58  (26.1s)
season  20 holistic     alive  60 births  1 deaths  1 best lifetime 2.833 mean 0.893 max age 52  season  20 conventional alive  60 births  1 deaths  1 best lifetime 1.715 mean 0.701 max age 59  (24.4s)
season  21 holistic     alive  60 births  3 deaths  3 best lifetime 2.254 mean 0.873 max age 53  season  21 conventional alive  60 births  1 deaths  1 best lifetime 1.739 mean 0.719 max age 57  (24.9s)
WARNING: Nan, Inf or huge value in QACC at DOF 10. The simulation is unstable. Time = 11.1650.

season  22 holistic     alive  60 births  1 deaths  1 best lifetime 2.495 mean 0.874 max age 54  season  22 conventional alive  60 births  2 deaths  2 best lifetime 1.523 mean 0.668 max age 58  (25.1s)
season  23 holistic     alive  60 births  2 deaths  2 best lifetime 2.798 mean 0.907 max age 55  season  23 conventional alive  60 births  1 deaths  1 best lifetime 1.408 mean 0.735 max age 59  (25.4s)
season  24 holistic     alive  60 births  1 deaths  1 best lifetime 2.545 mean 0.855 max age 56  season  24 conventional alive  60 births  1 deaths  1 best lifetime 1.312 mean 0.680 max age 57  (26.3s)
season  25 holistic     alive  60 births  0 deaths  0 best lifetime 2.347 mean 0.899 max age 57  season  25 conventional alive  60 births  0 deaths  0 best lifetime 1.309 mean 0.689 max age 58  (26.5s)
season  26 holistic     alive  60 births  0 deaths  0 best lifetime 2.315 mean 0.927 max age 58  season  26 conventional alive  60 births  2 deaths  2 best lifetime 1.298 mean 0.701 max age 59  (26.3s)
WARNING: Nan, Inf or huge value in QACC at DOF 0. The simulation is unstable. Time = 9.0350.

season  27 holistic     alive  60 births  3 deaths  3 best lifetime 2.179 mean 0.913 max age 59  season  27 conventional alive  60 births  1 deaths  1 best lifetime 5.367 mean 0.764 max age 56  (25.6s)
season  28 holistic     alive  60 births  1 deaths  1 best lifetime 2.391 mean 0.938 max age 57  season  28 conventional alive  60 births  1 deaths  1 best lifetime 3.364 mean 0.792 max age 57  (25.3s)
WARNING: Nan, Inf or huge value in QACC at DOF 0. The simulation is unstable. Time = 13.6950.

WARNING: Nan, Inf or huge value in QACC at DOF 0. The simulation is unstable. Time = 8.5150.

season  29 holistic     alive  60 births  0 deaths  0 best lifetime 2.412 mean 0.975 max age 58  season  29 conventional alive  60 births  2 deaths  2 best lifetime 2.040 mean 0.786 max age 58  (25.6s)
season  30 holistic     alive  60 births  0 deaths  0 best lifetime 2.332 mean 0.994 max age 59  season  30 conventional alive  60 births  1 deaths  1 best lifetime 4.563 mean 0.836 max age 59  (24.9s)
season  31 holistic     alive  60 births  1 deaths  1 best lifetime 2.309 mean 0.957 max age 49  season  31 conventional alive  60 births  1 deaths  1 best lifetime 2.564 mean 0.787 max age 52  (26.9s)
season  32 holistic     alive  60 births  1 deaths  1 best lifetime 2.241 mean 0.982 max age 50  season  32 conventional alive  60 births  0 deaths  0 best lifetime 2.897 mean 0.793 max age 53  (24.8s)
season  33 holistic     alive  60 births  0 deaths  0 best lifetime 2.270 mean 0.960 max age 51  season  33 conventional alive  60 births  1 deaths  1 best lifetime 2.820 mean 0.798 max age 54  (25.7s)
season  34 holistic     alive  60 births  0 deaths  0 best lifetime 2.339 mean 0.980 max age 52  season  34 conventional alive  60 births  0 deaths  0 best lifetime 2.371 mean 0.785 max age 55  (25.5s)
season  35 holistic     alive  60 births  0 deaths  0 best lifetime 2.445 mean 0.978 max age 53  season  35 conventional alive  60 births  0 deaths  0 best lifetime 1.900 mean 0.769 max age 56  (25.2s)
season  36 holistic     alive  60 births  1 deaths  1 best lifetime 2.504 mean 0.969 max age 54  season  36 conventional alive  60 births  0 deaths  0 best lifetime 1.853 mean 0.765 max age 57  (24.8s)
season  37 holistic     alive  60 births  0 deaths  0 best lifetime 2.519 mean 0.939 max age 55  season  37 conventional alive  60 births  0 deaths  0 best lifetime 1.567 mean 0.736 max age 58  (25.5s)
season  38 holistic     alive  60 births  0 deaths  0 best lifetime 2.423 mean 0.948 max age 56  season  38 conventional alive  60 births  0 deaths  0 best lifetime 1.456 mean 0.726 max age 59  (25.1s)
season  39 holistic     alive  60 births  0 deaths  0 best lifetime 2.403 mean 0.962 max age 57  season  39 conventional alive  60 births  1 deaths  1 best lifetime 1.467 mean 0.730 max age 59  (25.9s)
season  40 holistic     alive  60 births  1 deaths  1 best lifetime 2.315 mean 0.941 max age 58  season  40 conventional alive  60 births  1 deaths  1 best lifetime 1.551 mean 0.739 max age 59  (25.2s)
season  41 holistic     alive  60 births  0 deaths  0 best lifetime 2.267 mean 0.923 max age 59  season  41 conventional alive  60 births  3 deaths  3 best lifetime 1.353 mean 0.677 max age 58  (25.4s)
season  42 holistic     alive  60 births  1 deaths  1 best lifetime 2.416 mean 0.938 max age 48  season  42 conventional alive  60 births  4 deaths  4 best lifetime 1.358 mean 0.678 max age 59  (24.9s)
season  43 holistic     alive  60 births  0 deaths  0 best lifetime 2.492 mean 0.974 max age 49  season  43 conventional alive  60 births  2 deaths  2 best lifetime 1.468 mean 0.719 max age 58  (23.9s)
season  44 holistic     alive  60 births  0 deaths  0 best lifetime 2.625 mean 0.974 max age 50  season  44 conventional alive  60 births  1 deaths  1 best lifetime 1.536 mean 0.712 max age 59  (26.2s)
season  45 holistic     alive  60 births  0 deaths  0 best lifetime 2.600 mean 0.980 max age 51  season  45 conventional alive  60 births  3 deaths  3 best lifetime 2.023 mean 0.746 max age 59  (26.3s)
season  46 holistic     alive  60 births  0 deaths  0 best lifetime 2.636 mean 0.985 max age 52  season  46 conventional alive  60 births  3 deaths  3 best lifetime 2.529 mean 0.749 max age 59  (24.5s)
WARNING: Nan, Inf or huge value in QACC at DOF 10. The simulation is unstable. Time = 7.2150.

season  47 holistic     alive  60 births  0 deaths  0 best lifetime 2.615 mean 0.981 max age 53  season  47 conventional alive  60 births  4 deaths  4 best lifetime 2.529 mean 0.749 max age 58  (25.2s)
season  48 holistic     alive  60 births  0 deaths  0 best lifetime 2.542 mean 0.975 max age 54  season  48 conventional alive  60 births  0 deaths  0 best lifetime 4.389 mean 0.806 max age 59  (24.7s)
season  49 holistic     alive  60 births  0 deaths  0 best lifetime 2.551 mean 0.975 max age 55  season  49 conventional alive  60 births  4 deaths  4 best lifetime 1.856 mean 0.709 max age 57  (24.1s)
season  50 holistic     alive  60 births  0 deaths  0 best lifetime 2.559 mean 0.978 max age 56  season  50 conventional alive  60 births  0 deaths  0 best lifetime 3.631 mean 0.771 max age 58  (24.4s)
WARNING: Nan, Inf or huge value in QACC at DOF 30. The simulation is unstable. Time = 10.8300.

season  51 holistic     alive  60 births  0 deaths  0 best lifetime 2.542 mean 0.990 max age 57  season  51 conventional alive  60 births  0 deaths  0 best lifetime 2.133 mean 0.703 max age 59  (24.3s)
season  52 holistic     alive  60 births  0 deaths  0 best lifetime 2.477 mean 0.991 max age 58  season  52 conventional alive  60 births  3 deaths  3 best lifetime 1.635 mean 0.649 max age 55  (24.8s)
WARNING: Nan, Inf or huge value in QACC at DOF 33. The simulation is unstable. Time = 7.9250.

season  53 holistic     alive  60 births  0 deaths  0 best lifetime 2.440 mean 0.989 max age 59  season  53 conventional alive  60 births  2 deaths  2 best lifetime 1.609 mean 0.636 max age 56  (24.8s)
season  54 holistic     alive  60 births  1 deaths  1 best lifetime 2.380 mean 0.958 max age 54  season  54 conventional alive  60 births  1 deaths  1 best lifetime 1.531 mean 0.660 max age 57  (25.1s)
season  55 holistic     alive  60 births  0 deaths  0 best lifetime 2.392 mean 0.963 max age 55  season  55 conventional alive  60 births  2 deaths  2 best lifetime 3.243 mean 0.716 max age 58  (24.3s)
season  56 holistic     alive  60 births  0 deaths  0 best lifetime 2.359 mean 0.962 max age 56  season  56 conventional alive  60 births  1 deaths  1 best lifetime 5.393 mean 0.775 max age 59  (25.5s)
season  57 holistic     alive  60 births  0 deaths  0 best lifetime 2.371 mean 0.958 max age 57  season  57 conventional alive  60 births  3 deaths  3 best lifetime 4.901 mean 0.745 max age 59  (25.8s)
season  58 holistic     alive  60 births  1 deaths  1 best lifetime 2.360 mean 0.961 max age 58  season  58 conventional alive  60 births  1 deaths  1 best lifetime 3.061 mean 0.734 max age 59  (25.3s)
season  59 holistic     alive  60 births  0 deaths  0 best lifetime 2.350 mean 0.960 max age 59  season  59 conventional alive  60 births  5 deaths  5 best lifetime 3.649 mean 0.738 max age 57  (25.8s)
season  60 holistic     alive  60 births  2 deaths  2 best lifetime 2.402 mean 0.923 max age 59  season  60 conventional alive  60 births  1 deaths  1 best lifetime 2.795 mean 0.834 max age 58  (24.7s)
season  61 holistic     alive  60 births  1 deaths  1 best lifetime 2.392 mean 0.924 max age 58  season  61 conventional alive  60 births  1 deaths  1 best lifetime 2.562 mean 0.773 max age 59  (24.9s)
WARNING: Nan, Inf or huge value in QACC at DOF 0. The simulation is unstable. Time = 4.5150.

season  62 holistic     alive  60 births  1 deaths  1 best lifetime 2.381 mean 0.926 max age 59  season  62 conventional alive  60 births  3 deaths  3 best lifetime 3.492 mean 0.777 max age 59  (25.3s)
season  63 holistic     alive  60 births  1 deaths  1 best lifetime 2.352 mean 0.899 max age 58  season  63 conventional alive  60 births  7 deaths  7 best lifetime 2.028 mean 0.631 max age 59  (25.4s)
season  64 holistic     alive  60 births  1 deaths  1 best lifetime 2.324 mean 0.940 max age 59  season  64 conventional alive  60 births  3 deaths  3 best lifetime 1.730 mean 0.635 max age 59  (25.5s)
season  65 holistic     alive  60 births  1 deaths  1 best lifetime 2.317 mean 0.957 max age 59  season  65 conventional alive  60 births  2 deaths  2 best lifetime 1.496 mean 0.664 max age 59  (24.0s)
season  66 holistic     alive  60 births  2 deaths  2 best lifetime 3.544 mean 1.001 max age 59  season  66 conventional alive  60 births  5 deaths  5 best lifetime 1.760 mean 0.636 max age 59  (25.6s)
season  67 holistic     alive  60 births  1 deaths  1 best lifetime 2.534 mean 1.034 max age 59  season  67 conventional alive  60 births  7 deaths  7 best lifetime 3.648 mean 0.672 max age 59  (25.3s)
WARNING: Nan, Inf or huge value in QACC at DOF 27. The simulation is unstable. Time = 2.8450.

season  68 holistic     alive  60 births  2 deaths  2 best lifetime 3.067 mean 1.033 max age 59  season  68 conventional alive  60 births  5 deaths  5 best lifetime 2.570 mean 0.770 max age 59  (24.6s)
season  69 holistic     alive  60 births  1 deaths  1 best lifetime 2.513 mean 1.026 max age 59  season  69 conventional alive  60 births  2 deaths  2 best lifetime 5.234 mean 0.795 max age 58  (24.9s)
season  70 holistic     alive  60 births  3 deaths  3 best lifetime 2.520 mean 0.991 max age 59  season  70 conventional alive  60 births  1 deaths  1 best lifetime 4.233 mean 0.795 max age 59  (26.4s)
season  71 holistic     alive  60 births  6 deaths  6 best lifetime 3.784 mean 0.966 max age 59  season  71 conventional alive  60 births  5 deaths  5 best lifetime 3.358 mean 0.821 max age 59  (25.4s)
season  72 holistic     alive  60 births  7 deaths  7 best lifetime 2.941 mean 0.869 max age 59  season  72 conventional alive  60 births  2 deaths  2 best lifetime 2.285 mean 0.714 max age 59  (26.0s)
season  73 holistic     alive  60 births  5 deaths  5 best lifetime 2.455 mean 0.815 max age 59  season  73 conventional alive  60 births  3 deaths  3 best lifetime 2.111 mean 0.745 max age 59  (23.9s)
season  74 holistic     alive  60 births  5 deaths  5 best lifetime 2.889 mean 0.928 max age 59  season  74 conventional alive  60 births  7 deaths  7 best lifetime 2.310 mean 0.655 max age 59  (24.6s)
season  75 holistic     alive  60 births  8 deaths  8 best lifetime 2.872 mean 0.878 max age 59  season  75 conventional alive  60 births  2 deaths  2 best lifetime 2.561 mean 0.804 max age 58  (24.2s)
season  76 holistic     alive  60 births  6 deaths  6 best lifetime 2.956 mean 0.854 max age 58  season  76 conventional alive  60 births  1 deaths  1 best lifetime 2.113 mean 0.864 max age 59  (24.8s)
season  77 holistic     alive  60 births  1 deaths  1 best lifetime 2.503 mean 0.874 max age 59  season  77 conventional alive  60 births  2 deaths  2 best lifetime 1.875 mean 0.775 max age 59  (24.6s)
season  78 holistic     alive  60 births  1 deaths  1 best lifetime 2.414 mean 0.978 max age 59  season  78 conventional alive  60 births  3 deaths  3 best lifetime 3.488 mean 0.822 max age 58  (26.3s)
season  79 holistic     alive  60 births  3 deaths  3 best lifetime 2.677 mean 1.071 max age 59  season  79 conventional alive  60 births  0 deaths  0 best lifetime 2.482 mean 0.889 max age 59  (24.8s)
season  80 holistic     alive  60 births  2 deaths  2 best lifetime 2.389 mean 1.044 max age 59  season  80 conventional alive  60 births  1 deaths  1 best lifetime 2.235 mean 0.842 max age 58  (25.4s)
season  81 holistic     alive  60 births  3 deaths  3 best lifetime 2.152 mean 0.941 max age 59  season  81 conventional alive  60 births  1 deaths  1 best lifetime 2.273 mean 0.866 max age 59  (26.2s)
season  82 holistic     alive  60 births  1 deaths  1 best lifetime 2.072 mean 0.946 max age 59  season  82 conventional alive  60 births  2 deaths  2 best lifetime 1.922 mean 0.835 max age 59  (24.7s)
season  83 holistic     alive  60 births  4 deaths  4 best lifetime 2.927 mean 1.023 max age 56  season  83 conventional alive  60 births  2 deaths  2 best lifetime 2.712 mean 0.849 max age 57  (25.1s)
season  84 holistic     alive  60 births  2 deaths  2 best lifetime 2.206 mean 1.039 max age 57  season  84 conventional alive  60 births  2 deaths  2 best lifetime 2.977 mean 0.881 max age 58  (24.5s)
season  85 holistic     alive  60 births  0 deaths  0 best lifetime 2.180 mean 1.084 max age 58  season  85 conventional alive  60 births  0 deaths  0 best lifetime 3.169 mean 0.886 max age 59  (25.7s)
season  86 holistic     alive  60 births  0 deaths  0 best lifetime 2.015 mean 1.056 max age 59  season  86 conventional alive  60 births  4 deaths  4 best lifetime 3.187 mean 0.858 max age 57  (23.7s)
season  87 holistic     alive  60 births  5 deaths  5 best lifetime 2.263 mean 1.008 max age 56  season  87 conventional alive  60 births  2 deaths  2 best lifetime 3.092 mean 0.835 max age 58  (25.1s)
season  88 holistic     alive  60 births  0 deaths  0 best lifetime 2.564 mean 1.026 max age 57  season  88 conventional alive  60 births  0 deaths  0 best lifetime 2.814 mean 0.836 max age 59  (24.9s)
season  89 holistic     alive  60 births  0 deaths  0 best lifetime 2.098 mean 1.003 max age 58  season  89 conventional alive  60 births  3 deaths  3 best lifetime 2.858 mean 0.829 max age 59  (25.3s)
WARNING: Nan, Inf or huge value in QACC at DOF 0. The simulation is unstable. Time = 11.1800.

WARNING: Nan, Inf or huge value in QACC at DOF 0. The simulation is unstable. Time = 6.9550.

season  90 holistic     alive  60 births  1 deaths  1 best lifetime 2.050 mean 0.997 max age 59  season  90 conventional alive  60 births  3 deaths  3 best lifetime 2.563 mean 0.788 max age 57  (24.9s)
season  91 holistic     alive  60 births  2 deaths  2 best lifetime 2.140 mean 0.991 max age 59  season  91 conventional alive  60 births  2 deaths  2 best lifetime 3.390 mean 0.812 max age 58  (25.3s)
season  92 holistic     alive  60 births  1 deaths  1 best lifetime 2.036 mean 0.995 max age 52  season  92 conventional alive  60 births  1 deaths  1 best lifetime 2.395 mean 0.865 max age 59  (25.0s)
season  93 holistic     alive  60 births  0 deaths  0 best lifetime 1.988 mean 1.006 max age 53  season  93 conventional alive  60 births  3 deaths  3 best lifetime 2.189 mean 0.785 max age 51  (24.9s)
season  94 holistic     alive  60 births  0 deaths  0 best lifetime 1.906 mean 0.976 max age 54  season  94 conventional alive  60 births  1 deaths  1 best lifetime 2.137 mean 0.776 max age 52  (25.1s)
season  95 holistic     alive  60 births  0 deaths  0 best lifetime 2.062 mean 1.023 max age 55  season  95 conventional alive  60 births  1 deaths  1 best lifetime 2.043 mean 0.861 max age 53  (24.6s)
season  96 holistic     alive  60 births  0 deaths  0 best lifetime 2.051 mean 1.035 max age 56  season  96 conventional alive  60 births  2 deaths  2 best lifetime 2.115 mean 0.891 max age 54  (24.9s)
WARNING: Nan, Inf or huge value in QACC at DOF 19. The simulation is unstable. Time = 14.8950.

season  97 holistic     alive  60 births  1 deaths  1 best lifetime 1.907 mean 1.003 max age 57  season  97 conventional alive  60 births  0 deaths  0 best lifetime 2.025 mean 0.844 max age 55  (24.3s)
WARNING: Nan, Inf or huge value in QACC at DOF 20. The simulation is unstable. Time = 9.5100.

season  98 holistic     alive  60 births  0 deaths  0 best lifetime 2.098 mean 1.026 max age 58  season  98 conventional alive  60 births  0 deaths  0 best lifetime 2.334 mean 0.878 max age 56  (24.9s)
season  99 holistic     alive  60 births  0 deaths  0 best lifetime 2.077 mean 1.010 max age 59  season  99 conventional alive  60 births  0 deaths  0 best lifetime 2.011 mean 0.839 max age 57  (24.5s)
WARNING: Nan, Inf or huge value in QACC at DOF 30. The simulation is unstable. Time = 10.3700.

WARNING: Nan, Inf or huge value in QACC at DOF 0. The simulation is unstable. Time = 9.8200.

season 100 holistic     alive  60 births  2 deaths  2 best lifetime 2.058 mean 0.956 max age 58  season 100 conventional alive  60 births  1 deaths  1 best lifetime 1.776 mean 0.821 max age 58  (24.6s)
season 101 holistic     alive  60 births  1 deaths  1 best lifetime 1.931 mean 1.002 max age 59  season 101 conventional alive  60 births  1 deaths  1 best lifetime 1.773 mean 0.794 max age 59  (25.1s)
WARNING: Nan, Inf or huge value in QACC at DOF 0. The simulation is unstable. Time = 12.6700.

season 102 holistic     alive  60 births  1 deaths  1 best lifetime 1.854 mean 0.976 max age 42  season 102 conventional alive  60 births  5 deaths  5 best lifetime 1.714 mean 0.746 max age 57  (23.9s)
season 103 holistic     alive  60 births  0 deaths  0 best lifetime 2.879 mean 1.008 max age 43  season 103 conventional alive  60 births  3 deaths  3 best lifetime 4.492 mean 0.791 max age 58  (24.3s)
season 104 holistic     alive  60 births  0 deaths  0 best lifetime 2.001 mean 0.986 max age 44  season 104 conventional alive  60 births  1 deaths  1 best lifetime 1.967 mean 0.769 max age 59  (24.0s)
WARNING: Nan, Inf or huge value in QACC at DOF 33. The simulation is unstable. Time = 4.1750.

season 105 holistic     alive  60 births  0 deaths  0 best lifetime 2.035 mean 0.965 max age 45  season 105 conventional alive  60 births  3 deaths  3 best lifetime 2.575 mean 0.794 max age 59  (23.6s)
season 106 holistic     alive  60 births  0 deaths  0 best lifetime 1.979 mean 0.962 max age 46  season 106 conventional alive  60 births  4 deaths  4 best lifetime 1.687 mean 0.722 max age 59  (23.4s)
season 107 holistic     alive  60 births  0 deaths  0 best lifetime 2.054 mean 0.968 max age 47  season 107 conventional alive  60 births  2 deaths  2 best lifetime 1.687 mean 0.779 max age 58  (24.8s)
season 108 holistic     alive  60 births  0 deaths  0 best lifetime 2.042 mean 0.978 max age 48  season 108 conventional alive  60 births  4 deaths  4 best lifetime 1.686 mean 0.802 max age 59  (23.8s)
WARNING: Nan, Inf or huge value in QACC at DOF 20. The simulation is unstable. Time = 3.7350.

season 109 holistic     alive  60 births  0 deaths  0 best lifetime 2.031 mean 0.993 max age 49  season 109 conventional alive  60 births  2 deaths  2 best lifetime 3.475 mean 0.827 max age 57  (24.3s)
WARNING: Nan, Inf or huge value in QACC at DOF 30. The simulation is unstable. Time = 10.7950.

season 110 holistic     alive  60 births  0 deaths  0 best lifetime 2.021 mean 0.981 max age 50  season 110 conventional alive  60 births  1 deaths  1 best lifetime 1.963 mean 0.840 max age 58  (23.9s)
season 111 holistic     alive  60 births  0 deaths  0 best lifetime 1.976 mean 0.976 max age 51  season 111 conventional alive  60 births  1 deaths  1 best lifetime 1.852 mean 0.843 max age 59  (24.7s)
season 112 holistic     alive  60 births  0 deaths  0 best lifetime 1.968 mean 0.974 max age 52  season 112 conventional alive  60 births  1 deaths  1 best lifetime 1.708 mean 0.824 max age 59  (23.8s)
season 113 holistic     alive  60 births  0 deaths  0 best lifetime 1.895 mean 0.974 max age 53  season 113 conventional alive  60 births  1 deaths  1 best lifetime 1.658 mean 0.814 max age 59  (24.4s)
season 114 holistic     alive  60 births  0 deaths  0 best lifetime 1.858 mean 0.972 max age 54  season 114 conventional alive  60 births  1 deaths  1 best lifetime 1.577 mean 0.807 max age 59  (24.2s)
season 115 holistic     alive  60 births  0 deaths  0 best lifetime 1.793 mean 0.970 max age 55  season 115 conventional alive  60 births  1 deaths  1 best lifetime 1.616 mean 0.772 max age 58  (24.6s)
WARNING: Nan, Inf or huge value in QACC at DOF 3. The simulation is unstable. Time = 12.1250.

season 116 holistic     alive  60 births  0 deaths  0 best lifetime 1.731 mean 0.988 max age 56  season 116 conventional alive  60 births  0 deaths  0 best lifetime 1.591 mean 0.817 max age 59  (23.8s)
season 117 holistic     alive  60 births  0 deaths  0 best lifetime 1.733 mean 0.996 max age 57  season 117 conventional alive  60 births  3 deaths  3 best lifetime 1.572 mean 0.792 max age 58  (23.8s)
WARNING: Nan, Inf or huge value in QACC at DOF 10. The simulation is unstable. Time = 5.9900.

season 118 holistic     alive  60 births  0 deaths  0 best lifetime 1.734 mean 0.994 max age 58  season 118 conventional alive  60 births  1 deaths  1 best lifetime 3.398 mean 0.915 max age 59  (23.5s)
WARNING: Nan, Inf or huge value in QACC at DOF 32. The simulation is unstable. Time = 6.1500.

season 119 holistic     alive  60 births  0 deaths  0 best lifetime 1.706 mean 0.997 max age 59  season 119 conventional alive  60 births  3 deaths  3 best lifetime 3.401 mean 0.843 max age 57  (23.9s)
season 120 holistic     alive  60 births  1 deaths  1 best lifetime 1.654 mean 0.993 max age 59  season 120 conventional alive  60 births  1 deaths  1 best lifetime 3.360 mean 0.840 max age 58  (24.3s)
season 121 holistic     alive  60 births  1 deaths  1 best lifetime 1.630 mean 0.967 max age 59  season 121 conventional alive  60 births  1 deaths  1 best lifetime 1.676 mean 0.774 max age 59  (23.5s)
season 122 holistic     alive  60 births  1 deaths  1 best lifetime 1.957 mean 0.984 max age 59  season 122 conventional alive  60 births  3 deaths  3 best lifetime 1.718 mean 0.756 max age 59  (23.8s)
season 123 holistic     alive  60 births  1 deaths  1 best lifetime 2.905 mean 0.998 max age 59  season 123 conventional alive  60 births  3 deaths  3 best lifetime 1.873 mean 0.687 max age 59  (24.7s)
season 124 holistic     alive  60 births  2 deaths  2 best lifetime 2.838 mean 0.977 max age 58  season 124 conventional alive  60 births  2 deaths  2 best lifetime 1.861 mean 0.695 max age 58  (24.3s)
season 125 holistic     alive  60 births  0 deaths  0 best lifetime 2.222 mean 0.999 max age 59  season 125 conventional alive  60 births  2 deaths  2 best lifetime 2.379 mean 0.818 max age 59  (23.3s)
season 126 holistic     alive  60 births  2 deaths  2 best lifetime 2.184 mean 1.046 max age 58  season 126 conventional alive  60 births  3 deaths  3 best lifetime 2.533 mean 0.796 max age 59  (24.3s)
season 127 holistic     alive  60 births  0 deaths  0 best lifetime 2.512 mean 1.028 max age 59  season 127 conventional alive  60 births  4 deaths  4 best lifetime 2.281 mean 0.765 max age 59  (23.5s)
season 128 holistic     alive  60 births  2 deaths  2 best lifetime 1.928 mean 0.977 max age 59  season 128 conventional alive  60 births  4 deaths  4 best lifetime 2.783 mean 0.706 max age 57  (24.0s)
season 129 holistic     alive  60 births  1 deaths  1 best lifetime 2.178 mean 0.955 max age 59  season 129 conventional alive  60 births  0 deaths  0 best lifetime 1.622 mean 0.708 max age 58  (24.9s)
season 130 holistic     alive  60 births  4 deaths  4 best lifetime 2.344 mean 0.961 max age 59  season 130 conventional alive  60 births  2 deaths  2 best lifetime 1.621 mean 0.716 max age 59  (23.5s)
season 131 holistic     alive  60 births  4 deaths  4 best lifetime 2.263 mean 0.953 max age 59  season 131 conventional alive  60 births  3 deaths  3 best lifetime 1.543 mean 0.722 max age 59  (23.4s)
season 132 holistic     alive  60 births  5 deaths  5 best lifetime 2.101 mean 0.864 max age 59  season 132 conventional alive  60 births  1 deaths  1 best lifetime 2.321 mean 0.725 max age 59  (24.2s)
season 133 holistic     alive  60 births  5 deaths  5 best lifetime 1.899 mean 0.844 max age 59  season 133 conventional alive  60 births  2 deaths  2 best lifetime 2.084 mean 0.758 max age 59  (25.2s)
season 134 holistic     alive  60 births  7 deaths  7 best lifetime 1.975 mean 0.908 max age 59  season 134 conventional alive  60 births  7 deaths  7 best lifetime 1.956 mean 0.696 max age 59  (24.5s)
season 135 holistic     alive  60 births  5 deaths  5 best lifetime 1.966 mean 0.844 max age 59  season 135 conventional alive  60 births  1 deaths  1 best lifetime 1.889 mean 0.785 max age 59  (23.8s)
season 136 holistic     alive  60 births  5 deaths  5 best lifetime 2.387 mean 0.853 max age 57  season 136 conventional alive  60 births  2 deaths  2 best lifetime 2.251 mean 0.822 max age 58  (24.5s)
season 137 holistic     alive  60 births  1 deaths  1 best lifetime 4.965 mean 0.981 max age 58  season 137 conventional alive  60 births  0 deaths  0 best lifetime 2.650 mean 0.860 max age 59  (24.6s)
season 138 holistic     alive  60 births  0 deaths  0 best lifetime 2.462 mean 0.993 max age 59  season 138 conventional alive  60 births  3 deaths  3 best lifetime 2.750 mean 0.832 max age 56  (24.2s)
WARNING: Nan, Inf or huge value in QACC at DOF 3. The simulation is unstable. Time = 12.2100.

season 139 holistic     alive  60 births  3 deaths  3 best lifetime 3.082 mean 1.020 max age 59  season 139 conventional alive  60 births  1 deaths  1 best lifetime 2.642 mean 0.849 max age 57  (23.8s)
season 140 holistic     alive  60 births  2 deaths  2 best lifetime 2.547 mean 0.993 max age 59  season 140 conventional alive  60 births  3 deaths  3 best lifetime 2.500 mean 0.851 max age 58  (23.8s)
season 141 holistic     alive  60 births  3 deaths  3 best lifetime 2.962 mean 0.981 max age 59  season 141 conventional alive  60 births  1 deaths  1 best lifetime 3.677 mean 0.947 max age 59  (23.4s)
season 142 holistic     alive  60 births  2 deaths  2 best lifetime 2.234 mean 0.924 max age 59  season 142 conventional alive  60 births  2 deaths  2 best lifetime 2.050 mean 0.878 max age 58  (23.7s)
season 143 holistic     alive  60 births  4 deaths  4 best lifetime 2.266 mean 0.986 max age 59  season 143 conventional alive  60 births  1 deaths  1 best lifetime 1.851 mean 0.868 max age 59  (24.8s)
season 144 holistic     alive  60 births  2 deaths  2 best lifetime 2.960 mean 0.954 max age 57  season 144 conventional alive  60 births  1 deaths  1 best lifetime 1.818 mean 0.835 max age 58  (24.4s)
season 145 holistic     alive  60 births  1 deaths  1 best lifetime 2.862 mean 1.001 max age 58  season 145 conventional alive  60 births  1 deaths  1 best lifetime 1.788 mean 0.813 max age 59  (23.7s)
season 146 holistic     alive  60 births  0 deaths  0 best lifetime 2.460 mean 1.015 max age 59  season 146 conventional alive  60 births  2 deaths  2 best lifetime 1.786 mean 0.813 max age 59  (23.8s)
WARNING: Nan, Inf or huge value in QACC at DOF 1. The simulation is unstable. Time = 14.3050.

season 147 holistic     alive  60 births  5 deaths  5 best lifetime 2.246 mean 0.916 max age 57  season 147 conventional alive  60 births  1 deaths  1 best lifetime 1.805 mean 0.769 max age 58  (23.6s)
season 148 holistic     alive  60 births  0 deaths  0 best lifetime 5.761 mean 1.092 max age 58  season 148 conventional alive  60 births  4 deaths  4 best lifetime 1.802 mean 0.782 max age 59  (24.7s)
season 149 holistic     alive  60 births  0 deaths  0 best lifetime 2.759 mean 1.009 max age 59  season 149 conventional alive  60 births  3 deaths  3 best lifetime 2.015 mean 0.725 max age 59  (24.5s)
WARNING: Nan, Inf or huge value in QACC at DOF 24. The simulation is unstable. Time = 7.0900.

season 150 holistic     alive  60 births  2 deaths  2 best lifetime 3.752 mean 0.972 max age 59  season 150 conventional alive  60 births  5 deaths  5 best lifetime 1.917 mean 0.721 max age 59  (24.6s)
season 151 holistic     alive  60 births  4 deaths  4 best lifetime 4.852 mean 1.016 max age 59  season 151 conventional alive  60 births  2 deaths  2 best lifetime 2.639 mean 0.776 max age 59  (25.6s)
season 152 holistic     alive  60 births  1 deaths  1 best lifetime 3.150 mean 1.037 max age 52  season 152 conventional alive  60 births  4 deaths  4 best lifetime 2.624 mean 0.829 max age 59  (25.3s)
season 153 holistic     alive  60 births  0 deaths  0 best lifetime 2.748 mean 1.007 max age 53  season 153 conventional alive  60 births  2 deaths  2 best lifetime 2.622 mean 0.858 max age 58  (24.7s)
season 154 holistic     alive  60 births  1 deaths  1 best lifetime 3.347 mean 1.063 max age 54  season 154 conventional alive  60 births  1 deaths  1 best lifetime 2.877 mean 0.918 max age 59  (24.1s)
season 155 holistic     alive  60 births  1 deaths  1 best lifetime 2.748 mean 1.017 max age 55  season 155 conventional alive  60 births  1 deaths  1 best lifetime 2.620 mean 0.861 max age 53  (24.7s)
season 156 holistic     alive  60 births  0 deaths  0 best lifetime 2.874 mean 1.075 max age 56  season 156 conventional alive  60 births  0 deaths  0 best lifetime 2.621 mean 0.873 max age 54  (24.6s)
season 157 holistic     alive  60 births  0 deaths  0 best lifetime 2.849 mean 1.046 max age 57  season 157 conventional alive  60 births  0 deaths  0 best lifetime 2.477 mean 0.881 max age 55  (24.7s)
season 158 holistic     alive  60 births  2 deaths  2 best lifetime 2.567 mean 1.036 max age 58  season 158 conventional alive  60 births  1 deaths  1 best lifetime 2.122 mean 0.863 max age 56  (24.8s)
season 159 holistic     alive  60 births  1 deaths  1 best lifetime 2.416 mean 0.995 max age 59  season 159 conventional alive  60 births  0 deaths  0 best lifetime 2.068 mean 0.816 max age 57  (25.1s)
season 160 holistic     alive  60 births  2 deaths  2 best lifetime 2.365 mean 0.953 max age 59  season 160 conventional alive  60 births  0 deaths  0 best lifetime 2.325 mean 0.850 max age 58  (25.4s)
season 161 holistic     alive  60 births  1 deaths  1 best lifetime 2.535 mean 0.954 max age 59  season 161 conventional alive  60 births  0 deaths  0 best lifetime 2.443 mean 0.857 max age 59  (25.2s)
season 162 holistic     alive  60 births  3 deaths  3 best lifetime 2.416 mean 0.935 max age 41  season 162 conventional alive  60 births  3 deaths  3 best lifetime 2.208 mean 0.845 max age 59  (25.1s)
season 163 holistic     alive  60 births  0 deaths  0 best lifetime 6.905 mean 1.126 max age 42  season 163 conventional alive  60 births  1 deaths  1 best lifetime 2.241 mean 0.860 max age 59  (25.8s)
season 164 holistic     alive  60 births  2 deaths  2 best lifetime 3.402 mean 1.061 max age 43  season 164 conventional alive  60 births  1 deaths  1 best lifetime 2.442 mean 0.838 max age 59  (25.0s)
season 165 holistic     alive  60 births  0 deaths  0 best lifetime 3.888 mean 1.143 max age 44  season 165 conventional alive  60 births  2 deaths  2 best lifetime 2.288 mean 0.853 max age 59  (24.5s)
season 166 holistic     alive  60 births  1 deaths  1 best lifetime 2.889 mean 1.110 max age 45  season 166 conventional alive  60 births  2 deaths  2 best lifetime 2.302 mean 0.848 max age 59  (25.4s)
season 167 holistic     alive  60 births  0 deaths  0 best lifetime 2.890 mean 1.122 max age 46  season 167 conventional alive  60 births  3 deaths  3 best lifetime 2.314 mean 0.846 max age 59  (23.6s)
season 168 holistic     alive  60 births  0 deaths  0 best lifetime 2.640 mean 1.158 max age 47  season 168 conventional alive  60 births  4 deaths  4 best lifetime 3.626 mean 0.881 max age 59  (25.2s)
WARNING: Nan, Inf or huge value in QACC at DOF 22. The simulation is unstable. Time = 2.7550.

season 169 holistic     alive  60 births  0 deaths  0 best lifetime 3.290 mean 1.176 max age 48  season 169 conventional alive  60 births  3 deaths  3 best lifetime 3.441 mean 0.891 max age 59  (25.7s)
season 170 holistic     alive  60 births  0 deaths  0 best lifetime 3.223 mean 1.173 max age 49  season 170 conventional alive  60 births  2 deaths  2 best lifetime 2.921 mean 0.883 max age 59  (24.9s)
WARNING: Nan, Inf or huge value in QACC at DOF 0. The simulation is unstable. Time = 7.7750.

WARNING: Nan, Inf or huge value in QACC at DOF 10. The simulation is unstable. Time = 5.5250.

season 171 holistic     alive  60 births  0 deaths  0 best lifetime 2.889 mean 1.184 max age 50  season 171 conventional alive  60 births  4 deaths  4 best lifetime 3.429 mean 0.863 max age 58  (24.6s)
season 172 holistic     alive  60 births  0 deaths  0 best lifetime 3.388 mean 1.196 max age 51  season 172 conventional alive  60 births  3 deaths  3 best lifetime 2.924 mean 0.868 max age 59  (24.6s)
season 173 holistic     alive  60 births  0 deaths  0 best lifetime 3.110 mean 1.182 max age 52  season 173 conventional alive  60 births  4 deaths  4 best lifetime 2.422 mean 0.845 max age 58  (24.1s)
season 174 holistic     alive  60 births  0 deaths  0 best lifetime 2.888 mean 1.194 max age 53  season 174 conventional alive  60 births  2 deaths  2 best lifetime 4.329 mean 0.968 max age 59  (24.8s)
season 175 holistic     alive  60 births  0 deaths  0 best lifetime 3.161 mean 1.190 max age 54  season 175 conventional alive  60 births  1 deaths  1 best lifetime 2.335 mean 0.931 max age 58  (24.4s)
season 176 holistic     alive  60 births  0 deaths  0 best lifetime 3.304 mean 1.189 max age 55  season 176 conventional alive  60 births  2 deaths  2 best lifetime 2.125 mean 0.913 max age 59  (24.6s)
season 177 holistic     alive  60 births  0 deaths  0 best lifetime 3.042 mean 1.180 max age 56  season 177 conventional alive  60 births  4 deaths  4 best lifetime 1.981 mean 0.907 max age 58  (24.0s)
season 178 holistic     alive  60 births  0 deaths  0 best lifetime 2.816 mean 1.165 max age 57  season 178 conventional alive  60 births  1 deaths  1 best lifetime 2.068 mean 0.872 max age 59  (24.3s)
season 179 holistic     alive  60 births  0 deaths  0 best lifetime 2.887 mean 1.169 max age 58  season 179 conventional alive  60 births  2 deaths  2 best lifetime 2.009 mean 0.887 max age 57  (23.7s)
season 180 holistic     alive  60 births  0 deaths  0 best lifetime 2.887 mean 1.161 max age 59  season 180 conventional alive  60 births  0 deaths  0 best lifetime 2.277 mean 0.896 max age 58  (24.2s)
season 181 holistic     alive  60 births  1 deaths  1 best lifetime 2.829 mean 1.140 max age 59  season 181 conventional alive  60 births  0 deaths  0 best lifetime 2.281 mean 0.916 max age 59  (23.9s)
season 182 holistic     alive  60 births  1 deaths  1 best lifetime 4.859 mean 1.203 max age 59  season 182 conventional alive  60 births  3 deaths  3 best lifetime 2.681 mean 0.873 max age 59  (24.0s)
season 183 holistic     alive  60 births  1 deaths  1 best lifetime 3.860 mean 1.151 max age 59  season 183 conventional alive  60 births  2 deaths  2 best lifetime 2.115 mean 0.805 max age 58  (23.8s)
season 184 holistic     alive  60 births  1 deaths  1 best lifetime 2.638 mean 1.115 max age 56  season 184 conventional alive  60 births  1 deaths  1 best lifetime 3.431 mean 0.935 max age 59  (23.6s)
season 185 holistic     alive  60 births  0 deaths  0 best lifetime 2.507 mean 1.084 max age 57  season 185 conventional alive  60 births  2 deaths  2 best lifetime 2.421 mean 0.836 max age 59  (25.4s)
season 186 holistic     alive  60 births  1 deaths  1 best lifetime 2.479 mean 1.059 max age 58  season 186 conventional alive  60 births  4 deaths  4 best lifetime 2.426 mean 0.800 max age 59  (24.2s)
season 187 holistic     alive  60 births  0 deaths  0 best lifetime 2.410 mean 1.085 max age 59  season 187 conventional alive  60 births  4 deaths  4 best lifetime 2.428 mean 0.790 max age 59  (24.3s)
season 188 holistic     alive  60 births  2 deaths  2 best lifetime 2.388 mean 1.070 max age 59  season 188 conventional alive  60 births  3 deaths  3 best lifetime 2.456 mean 0.836 max age 58  (23.9s)
season 189 holistic     alive  60 births  1 deaths  1 best lifetime 2.368 mean 1.050 max age 59  season 189 conventional alive  60 births  2 deaths  2 best lifetime 1.739 mean 0.761 max age 59  (23.5s)
season 190 holistic     alive  60 births  1 deaths  1 best lifetime 2.311 mean 1.019 max age 59  season 190 conventional alive  60 births  3 deaths  3 best lifetime 1.552 mean 0.821 max age 59  (25.0s)
season 191 holistic     alive  60 births  2 deaths  2 best lifetime 2.332 mean 1.005 max age 59  season 191 conventional alive  60 births  2 deaths  2 best lifetime 1.845 mean 0.785 max age 59  (24.0s)
season 192 holistic     alive  60 births  4 deaths  4 best lifetime 4.866 mean 1.037 max age 59  season 192 conventional alive  60 births  2 deaths  2 best lifetime 1.940 mean 0.825 max age 59  (23.9s)
season 193 holistic     alive  60 births  6 deaths  6 best lifetime 4.865 mean 1.019 max age 59  season 193 conventional alive  60 births  4 deaths  4 best lifetime 1.727 mean 0.810 max age 59  (25.7s)
season 194 holistic     alive  60 births  6 deaths  6 best lifetime 3.197 mean 0.873 max age 59  season 194 conventional alive  60 births  7 deaths  7 best lifetime 1.637 mean 0.720 max age 58  (23.7s)
season 195 holistic     alive  60 births  6 deaths  6 best lifetime 2.613 mean 0.893 max age 59  season 195 conventional alive  60 births  1 deaths  1 best lifetime 1.439 mean 0.746 max age 59  (23.5s)
season 196 holistic     alive  60 births  5 deaths  5 best lifetime 2.357 mean 0.875 max age 59  season 196 conventional alive  60 births  2 deaths  2 best lifetime 2.323 mean 0.780 max age 58  (24.2s)
season 197 holistic     alive  60 births  3 deaths  3 best lifetime 2.836 mean 1.024 max age 58  season 197 conventional alive  60 births  4 deaths  4 best lifetime 4.399 mean 0.850 max age 59  (24.5s)
season 198 holistic     alive  60 births  2 deaths  2 best lifetime 3.935 mean 1.045 max age 59  season 198 conventional alive  60 births  3 deaths  3 best lifetime 2.901 mean 0.807 max age 58  (24.7s)
season 199 holistic     alive  60 births  2 deaths  2 best lifetime 2.460 mean 0.986 max age 59  season 199 conventional alive  60 births  3 deaths  3 best lifetime 3.399 mean 0.820 max age 59  (24.5s)
season 200 holistic     alive  60 births  2 deaths  2 best lifetime 2.388 mean 0.955 max age 59  season 200 conventional alive  60 births  3 deaths  3 best lifetime 2.652 mean 0.824 max age 58  (24.6s)
season 201 holistic     alive  60 births  3 deaths  3 best lifetime 2.429 mean 0.952 max age 59  season 201 conventional alive  60 births  4 deaths  4 best lifetime 3.202 mean 0.892 max age 59  (24.4s)
season 202 holistic     alive  60 births  5 deaths  5 best lifetime 2.362 mean 0.961 max age 59  season 202 conventional alive  60 births  1 deaths  1 best lifetime 2.735 mean 0.905 max age 54  (24.5s)
season 203 holistic     alive  60 births  4 deaths  4 best lifetime 4.188 mean 1.044 max age 59  season 203 conventional alive  60 births  1 deaths  1 best lifetime 2.544 mean 0.851 max age 55  (23.4s)
season 204 holistic     alive  60 births  3 deaths  3 best lifetime 2.730 mean 1.022 max age 57  season 204 conventional alive  60 births  0 deaths  0 best lifetime 2.526 mean 0.924 max age 56  (24.4s)
season 205 holistic     alive  60 births  0 deaths  0 best lifetime 3.179 mean 1.064 max age 58  season 205 conventional alive  60 births  0 deaths  0 best lifetime 2.291 mean 0.889 max age 57  (23.9s)
season 206 holistic     alive  60 births  3 deaths  3 best lifetime 2.346 mean 1.046 max age 59  season 206 conventional alive  60 births  0 deaths  0 best lifetime 2.005 mean 0.898 max age 58  (24.5s)
WARNING: Nan, Inf or huge value in QACC at DOF 0. The simulation is unstable. Time = 5.1000.

WARNING: Nan, Inf or huge value in QACC at DOF 0. The simulation is unstable. Time = 4.9300.

season 207 holistic     alive  60 births  4 deaths  4 best lifetime 2.289 mean 1.027 max age 57  season 207 conventional alive  60 births  0 deaths  0 best lifetime 1.856 mean 0.882 max age 59  (24.2s)
season 208 holistic     alive  60 births  0 deaths  0 best lifetime 2.882 mean 1.125 max age 58  season 208 conventional alive  60 births  1 deaths  1 best lifetime 1.652 mean 0.842 max age 58  (22.6s)
season 209 holistic     alive  60 births  0 deaths  0 best lifetime 2.311 mean 1.078 max age 59  season 209 conventional alive  60 births  2 deaths  2 best lifetime 1.785 mean 0.832 max age 59  (23.7s)
season 210 holistic     alive  60 births  3 deaths  3 best lifetime 2.280 mean 1.018 max age 59  season 210 conventional alive  60 births  5 deaths  5 best lifetime 1.687 mean 0.730 max age 59  (22.3s)
season 211 holistic     alive  60 births  2 deaths  2 best lifetime 2.250 mean 1.037 max age 59  season 211 conventional alive  60 births  2 deaths  2 best lifetime 4.314 mean 0.887 max age 59  (22.9s)
season 212 holistic     alive  60 births  1 deaths  1 best lifetime 2.347 mean 1.057 max age 57  season 212 conventional alive  60 births  3 deaths  3 best lifetime 3.102 mean 0.842 max age 59  (22.9s)
season 213 holistic     alive  60 births  2 deaths  2 best lifetime 2.378 mean 1.042 max age 58  season 213 conventional alive  60 births  2 deaths  2 best lifetime 2.415 mean 0.797 max age 59  (22.8s)
WARNING: Nan, Inf or huge value in QACC at DOF 10. The simulation is unstable. Time = 4.2600.

season 214 holistic     alive  60 births  1 deaths  1 best lifetime 2.429 mean 1.039 max age 59  season 214 conventional alive  60 births  3 deaths  3 best lifetime 2.888 mean 0.883 max age 56  (22.4s)
WARNING: Nan, Inf or huge value in QACC at DOF 13. The simulation is unstable. Time = 5.5100.

season 215 holistic     alive  60 births  3 deaths  3 best lifetime 2.477 mean 0.997 max age 56  season 215 conventional alive  60 births  0 deaths  0 best lifetime 2.210 mean 0.880 max age 57  (23.1s)
season 216 holistic     alive  60 births  1 deaths  1 best lifetime 2.622 mean 1.041 max age 57  season 216 conventional alive  60 births  0 deaths  0 best lifetime 2.384 mean 0.967 max age 58  (23.5s)
season 217 holistic     alive  60 births  1 deaths  1 best lifetime 2.398 mean 1.040 max age 58  season 217 conventional alive  60 births  0 deaths  0 best lifetime 2.368 mean 0.958 max age 59  (22.7s)
season 218 holistic     alive  60 births  1 deaths  1 best lifetime 2.407 mean 1.052 max age 59  season 218 conventional alive  60 births  1 deaths  1 best lifetime 2.205 mean 0.924 max age 56  (23.2s)
season 219 holistic     alive  60 births  1 deaths  1 best lifetime 4.885 mean 1.126 max age 59  season 219 conventional alive  60 births  1 deaths  1 best lifetime 2.082 mean 0.959 max age 57  (22.6s)
season 220 holistic     alive  60 births  2 deaths  2 best lifetime 2.881 mean 1.104 max age 59  season 220 conventional alive  60 births  0 deaths  0 best lifetime 2.117 mean 0.960 max age 58  (23.0s)
season 221 holistic     alive  60 births  2 deaths  2 best lifetime 2.327 mean 1.046 max age 59  season 221 conventional alive  60 births  0 deaths  0 best lifetime 1.810 mean 0.923 max age 59  (22.5s)
season 222 holistic     alive  60 births  3 deaths  3 best lifetime 2.406 mean 1.049 max age 58  season 222 conventional alive  60 births  2 deaths  2 best lifetime 1.828 mean 0.930 max age 57  (22.9s)
season 223 holistic     alive  60 births  1 deaths  1 best lifetime 2.758 mean 1.018 max age 59  season 223 conventional alive  60 births  0 deaths  0 best lifetime 1.684 mean 0.869 max age 58  (22.0s)
season 224 holistic     alive  60 births  2 deaths  2 best lifetime 2.158 mean 0.929 max age 58  season 224 conventional alive  60 births  1 deaths  1 best lifetime 1.770 mean 0.852 max age 59  (22.8s)
season 225 holistic     alive  60 births  0 deaths  0 best lifetime 1.923 mean 0.920 max age 59  season 225 conventional alive  60 births  1 deaths  1 best lifetime 1.747 mean 0.824 max age 58  (22.7s)
season 226 holistic     alive  60 births  5 deaths  5 best lifetime 1.822 mean 0.898 max age 45  season 226 conventional alive  60 births  0 deaths  0 best lifetime 1.734 mean 0.835 max age 59  (22.9s)
season 227 holistic     alive  60 births  1 deaths  1 best lifetime 1.869 mean 0.908 max age 46  season 227 conventional alive  60 births  2 deaths  2 best lifetime 1.833 mean 0.820 max age 59  (23.2s)
WARNING: Nan, Inf or huge value in QACC at DOF 10. The simulation is unstable. Time = 8.6600.

season 228 holistic     alive  60 births  0 deaths  0 best lifetime 2.330 mean 0.979 max age 47  season 228 conventional alive  60 births  1 deaths  1 best lifetime 1.764 mean 0.846 max age 57  (23.1s)
season 229 holistic     alive  60 births  0 deaths  0 best lifetime 1.912 mean 0.960 max age 48  season 229 conventional alive  60 births  1 deaths  1 best lifetime 1.743 mean 0.842 max age 58  (22.9s)
season 230 holistic     alive  60 births  1 deaths  1 best lifetime 2.080 mean 0.995 max age 49  season 230 conventional alive  60 births  1 deaths  1 best lifetime 1.942 mean 0.870 max age 59  (23.0s)
season 231 holistic     alive  60 births  1 deaths  1 best lifetime 2.231 mean 0.998 max age 50  season 231 conventional alive  60 births  3 deaths  3 best lifetime 1.567 mean 0.856 max age 59  (22.4s)
season 232 holistic     alive  60 births  2 deaths  2 best lifetime 2.004 mean 0.981 max age 51  season 232 conventional alive  60 births  1 deaths  1 best lifetime 3.340 mean 0.929 max age 59  (22.4s)
season 233 holistic     alive  60 births  0 deaths  0 best lifetime 1.966 mean 1.024 max age 52  season 233 conventional alive  60 births  3 deaths  3 best lifetime 1.544 mean 0.864 max age 58  (22.8s)
season 234 holistic     alive  60 births  1 deaths  1 best lifetime 1.898 mean 1.017 max age 53  season 234 conventional alive  60 births  0 deaths  0 best lifetime 1.503 mean 0.876 max age 59  (22.5s)
season 235 holistic     alive  60 births  0 deaths  0 best lifetime 2.909 mean 1.065 max age 54  season 235 conventional alive  60 births  1 deaths  1 best lifetime 2.104 mean 0.915 max age 59  (22.9s)
season 236 holistic     alive  60 births  0 deaths  0 best lifetime 3.408 mean 1.087 max age 55  season 236 conventional alive  60 births  1 deaths  1 best lifetime 1.846 mean 0.912 max age 59  (23.6s)
season 237 holistic     alive  60 births  0 deaths  0 best lifetime 2.575 mean 1.101 max age 56  season 237 conventional alive  60 births  2 deaths  2 best lifetime 1.687 mean 0.900 max age 59  (22.7s)
season 238 holistic     alive  60 births  0 deaths  0 best lifetime 1.909 mean 1.072 max age 57  season 238 conventional alive  60 births  1 deaths  1 best lifetime 1.551 mean 0.807 max age 56  (23.1s)
season 239 holistic     alive  60 births  0 deaths  0 best lifetime 1.835 mean 1.049 max age 58  season 239 conventional alive  60 births  0 deaths  0 best lifetime 1.477 mean 0.828 max age 57  (22.4s)
season 240 holistic     alive  60 births  0 deaths  0 best lifetime 1.901 mean 1.040 max age 59  season 240 conventional alive  60 births  1 deaths  1 best lifetime 1.441 mean 0.831 max age 58  (22.6s)
season 241 holistic     alive  60 births  2 deaths  2 best lifetime 1.846 mean 0.999 max age 58  season 241 conventional alive  60 births  1 deaths  1 best lifetime 1.737 mean 0.813 max age 59  (22.0s)
season 242 holistic     alive  60 births  0 deaths  0 best lifetime 1.794 mean 1.013 max age 59  season 242 conventional alive  60 births  4 deaths  4 best lifetime 9.210 mean 0.943 max age 59  (23.0s)
season 243 holistic     alive  60 births  1 deaths  1 best lifetime 1.820 mean 1.000 max age 57  season 243 conventional alive  60 births  1 deaths  1 best lifetime 4.209 mean 0.857 max age 59  (21.9s)
season 244 holistic     alive  60 births  0 deaths  0 best lifetime 1.915 mean 0.997 max age 58  season 244 conventional alive  60 births  2 deaths  2 best lifetime 2.874 mean 0.811 max age 59  (22.7s)
season 245 holistic     alive  60 births  1 deaths  1 best lifetime 1.867 mean 0.991 max age 59  season 245 conventional alive  60 births  1 deaths  1 best lifetime 2.411 mean 0.799 max age 59  (22.8s)
season 246 holistic     alive  60 births  1 deaths  1 best lifetime 2.837 mean 1.029 max age 58  season 246 conventional alive  60 births  5 deaths  5 best lifetime 2.915 mean 0.871 max age 59  (22.7s)
season 247 holistic     alive  60 births  0 deaths  0 best lifetime 2.839 mean 1.056 max age 59  season 247 conventional alive  60 births  2 deaths  2 best lifetime 2.378 mean 0.928 max age 58  (23.7s)
season 248 holistic     alive  60 births  1 deaths  1 best lifetime 2.840 mean 1.035 max age 58  season 248 conventional alive  60 births  0 deaths  0 best lifetime 2.396 mean 0.928 max age 59  (23.8s)
WARNING: Nan, Inf or huge value in QACC at DOF 30. The simulation is unstable. Time = 8.8600.

season 249 holistic     alive  60 births  1 deaths  1 best lifetime 2.841 mean 1.043 max age 59  season 249 conventional alive  60 births  2 deaths  2 best lifetime 2.061 mean 0.884 max age 59  (22.9s)
season 250 holistic     alive  60 births  1 deaths  1 best lifetime 2.241 mean 1.024 max age 59  season 250 conventional alive  60 births  2 deaths  2 best lifetime 1.754 mean 0.870 max age 59  (23.1s)
season 251 holistic     alive  60 births  2 deaths  2 best lifetime 6.803 mean 1.128 max age 59  season 251 conventional alive  60 births  3 deaths  3 best lifetime 5.493 mean 0.983 max age 57  (22.4s)
season 252 holistic     alive  60 births  3 deaths  3 best lifetime 3.309 mean 1.028 max age 59  season 252 conventional alive  60 births  0 deaths  0 best lifetime 2.975 mean 0.884 max age 58  (23.0s)
season 253 holistic     alive  60 births  4 deaths  4 best lifetime 2.799 mean 0.974 max age 59  season 253 conventional alive  60 births  1 deaths  1 best lifetime 1.798 mean 0.912 max age 59  (23.1s)
season 254 holistic     alive  60 births  3 deaths  3 best lifetime 2.071 mean 0.939 max age 59  season 254 conventional alive  60 births  4 deaths  4 best lifetime 1.583 mean 0.819 max age 58  (22.8s)
season 255 holistic     alive  60 births  5 deaths  5 best lifetime 2.810 mean 0.999 max age 59  season 255 conventional alive  60 births  1 deaths  1 best lifetime 4.178 mean 1.001 max age 59  (22.8s)
season 256 holistic     alive  60 births  6 deaths  6 best lifetime 2.119 mean 0.930 max age 59  season 256 conventional alive  60 births  1 deaths  1 best lifetime 2.489 mean 0.926 max age 59  (23.2s)
season 257 holistic     alive  60 births  1 deaths  1 best lifetime 2.927 mean 0.953 max age 59  season 257 conventional alive  60 births  3 deaths  3 best lifetime 1.877 mean 0.865 max age 59  (22.9s)
season 258 holistic     alive  60 births  1 deaths  1 best lifetime 3.926 mean 1.094 max age 57  season 258 conventional alive  60 births  1 deaths  1 best lifetime 1.741 mean 0.902 max age 59  (22.2s)
WARNING: Nan, Inf or huge value in QACC at DOF 30. The simulation is unstable. Time = 11.6650.

season 259 holistic     alive  60 births  2 deaths  2 best lifetime 3.926 mean 1.110 max age 58  season 259 conventional alive  60 births  1 deaths  1 best lifetime 1.956 mean 0.883 max age 59  (22.5s)
season 260 holistic     alive  60 births  1 deaths  1 best lifetime 3.260 mean 1.127 max age 59  season 260 conventional alive  60 births  4 deaths  4 best lifetime 1.785 mean 0.862 max age 59  (23.5s)
season 261 holistic     alive  60 births  3 deaths  3 best lifetime 2.470 mean 1.061 max age 59  season 261 conventional alive  60 births  3 deaths  3 best lifetime 2.929 mean 0.917 max age 59  (22.9s)
season 262 holistic     alive  60 births  4 deaths  4 best lifetime 2.870 mean 1.040 max age 59  season 262 conventional alive  60 births  2 deaths  2 best lifetime 2.095 mean 0.912 max age 59  (23.3s)
season 263 holistic     alive  60 births  5 deaths  5 best lifetime 3.655 mean 0.995 max age 59  season 263 conventional alive  60 births  2 deaths  2 best lifetime 7.417 mean 1.024 max age 54  (23.3s)
season 264 holistic     alive  60 births  2 deaths  2 best lifetime 2.619 mean 0.936 max age 58  season 264 conventional alive  60 births  3 deaths  3 best lifetime 3.424 mean 0.915 max age 55  (23.5s)
season 265 holistic     alive  60 births  2 deaths  2 best lifetime 2.536 mean 0.945 max age 59  season 265 conventional alive  60 births  0 deaths  0 best lifetime 2.374 mean 0.910 max age 56  (23.9s)
season 266 holistic     alive  60 births  2 deaths  2 best lifetime 3.305 mean 0.988 max age 59  season 266 conventional alive  60 births  1 deaths  1 best lifetime 1.851 mean 0.851 max age 57  (24.1s)
season 267 holistic     alive  60 births  5 deaths  5 best lifetime 3.140 mean 1.073 max age 57  season 267 conventional alive  60 births  3 deaths  3 best lifetime 2.261 mean 0.931 max age 58  (23.2s)
season 268 holistic     alive  60 births  0 deaths  0 best lifetime 2.834 mean 1.138 max age 58  season 268 conventional alive  60 births  3 deaths  3 best lifetime 2.119 mean 0.864 max age 59  (23.4s)
season 269 holistic     alive  60 births  0 deaths  0 best lifetime 2.946 mean 1.151 max age 59  season 269 conventional alive  60 births  3 deaths  3 best lifetime 1.929 mean 0.841 max age 59  (23.4s)
season 270 holistic     alive  60 births  2 deaths  2 best lifetime 2.612 mean 1.083 max age 59  season 270 conventional alive  60 births  5 deaths  5 best lifetime 1.935 mean 0.821 max age 59  (23.5s)
WARNING: Nan, Inf or huge value in QACC at DOF 30. The simulation is unstable. Time = 10.1100.

season 271 holistic     alive  60 births  3 deaths  3 best lifetime 2.242 mean 1.023 max age 56  season 271 conventional alive  60 births  4 deaths  4 best lifetime 3.217 mean 0.846 max age 59  (23.5s)
season 272 holistic     alive  60 births  0 deaths  0 best lifetime 3.832 mean 1.145 max age 57  season 272 conventional alive  60 births  3 deaths  3 best lifetime 4.728 mean 0.885 max age 59  (23.6s)
season 273 holistic     alive  60 births  0 deaths  0 best lifetime 2.409 mean 1.100 max age 58  season 273 conventional alive  60 births  2 deaths  2 best lifetime 2.913 mean 0.816 max age 59  (23.7s)
season 274 holistic     alive  60 births  2 deaths  2 best lifetime 3.156 mean 1.076 max age 59  season 274 conventional alive  60 births  4 deaths  4 best lifetime 2.244 mean 0.752 max age 56  (23.7s)
season 275 holistic     alive  60 births  4 deaths  4 best lifetime 3.072 mean 1.045 max age 57  season 275 conventional alive  60 births  1 deaths  1 best lifetime 1.839 mean 0.774 max age 57  (23.3s)
season 276 holistic     alive  60 births  0 deaths  0 best lifetime 2.826 mean 1.077 max age 58  season 276 conventional alive  60 births  1 deaths  1 best lifetime 1.734 mean 0.818 max age 58  (23.4s)
season 277 holistic     alive  60 births  0 deaths  0 best lifetime 2.326 mean 1.085 max age 59  season 277 conventional alive  60 births  0 deaths  0 best lifetime 2.557 mean 0.867 max age 59  (23.4s)
season 278 holistic     alive  60 births  1 deaths  1 best lifetime 2.254 mean 1.034 max age 59  season 278 conventional alive  60 births  4 deaths  4 best lifetime 2.361 mean 0.855 max age 59  (22.8s)
season 279 holistic     alive  60 births  2 deaths  2 best lifetime 2.326 mean 1.024 max age 59  season 279 conventional alive  60 births  1 deaths  1 best lifetime 2.641 mean 0.896 max age 57  (23.2s)
season 280 holistic     alive  60 births  2 deaths  2 best lifetime 2.052 mean 1.001 max age 59  season 280 conventional alive  60 births  1 deaths  1 best lifetime 2.354 mean 0.862 max age 58  (23.6s)
season 281 holistic     alive  60 births  2 deaths  2 best lifetime 2.053 mean 0.988 max age 57  season 281 conventional alive  60 births  1 deaths  1 best lifetime 2.357 mean 0.889 max age 59  (23.0s)
season 282 holistic     alive  60 births  0 deaths  0 best lifetime 2.074 mean 1.040 max age 58  season 282 conventional alive  60 births  1 deaths  1 best lifetime 2.154 mean 0.877 max age 57  (24.2s)
season 283 holistic     alive  60 births  1 deaths  1 best lifetime 2.031 mean 1.003 max age 59  season 283 conventional alive  60 births  0 deaths  0 best lifetime 1.900 mean 0.819 max age 58  (23.0s)
WARNING: Nan, Inf or huge value in QACC at DOF 23. The simulation is unstable. Time = 14.7250.

season 284 holistic     alive  60 births  3 deaths  3 best lifetime 1.958 mean 0.980 max age 58  season 284 conventional alive  60 births  0 deaths  0 best lifetime 1.773 mean 0.845 max age 59  (24.1s)
season 285 holistic     alive  60 births  0 deaths  0 best lifetime 1.950 mean 1.015 max age 59  season 285 conventional alive  60 births  2 deaths  2 best lifetime 1.759 mean 0.823 max age 58  (24.0s)
season 286 holistic     alive  60 births  5 deaths  5 best lifetime 2.023 mean 0.912 max age 55  season 286 conventional alive  60 births  0 deaths  0 best lifetime 1.729 mean 0.772 max age 59  (23.3s)
season 287 holistic     alive  60 births  1 deaths  1 best lifetime 2.955 mean 0.992 max age 56  season 287 conventional alive  60 births  1 deaths  1 best lifetime 1.782 mean 0.831 max age 56  (22.8s)
season 288 holistic     alive  60 births  1 deaths  1 best lifetime 1.974 mean 1.037 max age 57  season 288 conventional alive  60 births  1 deaths  1 best lifetime 1.972 mean 0.828 max age 57  (23.9s)
season 289 holistic     alive  60 births  0 deaths  0 best lifetime 1.934 mean 1.032 max age 58  season 289 conventional alive  60 births  2 deaths  2 best lifetime 2.003 mean 0.800 max age 58  (23.8s)
season 290 holistic     alive  60 births  1 deaths  1 best lifetime 1.965 mean 1.051 max age 59  season 290 conventional alive  60 births  0 deaths  0 best lifetime 2.432 mean 0.872 max age 59  (24.4s)
season 291 holistic     alive  60 births  1 deaths  1 best lifetime 1.929 mean 1.042 max age 59  season 291 conventional alive  60 births  3 deaths  3 best lifetime 1.851 mean 0.834 max age 59  (23.3s)
season 292 holistic     alive  60 births  1 deaths  1 best lifetime 1.864 mean 1.005 max age 58  season 292 conventional alive  60 births  2 deaths  2 best lifetime 1.738 mean 0.849 max age 59  (22.6s)
season 293 holistic     alive  60 births  0 deaths  0 best lifetime 1.832 mean 1.002 max age 59  season 293 conventional alive  60 births  3 deaths  3 best lifetime 1.825 mean 0.783 max age 57  (23.2s)
season 294 holistic     alive  60 births  1 deaths  1 best lifetime 2.136 mean 1.011 max age 49  season 294 conventional alive  60 births  2 deaths  2 best lifetime 4.225 mean 0.906 max age 58  (23.2s)
season 295 holistic     alive  60 births  1 deaths  1 best lifetime 2.088 mean 1.028 max age 50  season 295 conventional alive  60 births  0 deaths  0 best lifetime 4.729 mean 0.922 max age 59  (24.2s)
season 296 holistic     alive  60 births  0 deaths  0 best lifetime 1.997 mean 1.010 max age 51  season 296 conventional alive  60 births  2 deaths  2 best lifetime 3.891 mean 0.913 max age 59  (23.6s)
WARNING: Nan, Inf or huge value in QACC at DOF 0. The simulation is unstable. Time = 6.2500.

season 297 holistic     alive  60 births  0 deaths  0 best lifetime 1.965 mean 1.027 max age 52  season 297 conventional alive  60 births  2 deaths  2 best lifetime 2.780 mean 0.863 max age 56  (21.9s)
season 298 holistic     alive  60 births  0 deaths  0 best lifetime 1.963 mean 1.021 max age 53  season 298 conventional alive  60 births  0 deaths  0 best lifetime 3.332 mean 0.962 max age 57  (23.8s)
season 299 holistic     alive  60 births  1 deaths  1 best lifetime 1.908 mean 1.036 max age 54  season 299 conventional alive  60 births  1 deaths  1 best lifetime 2.543 mean 0.953 max age 58  (23.7s)
season 300 holistic     alive  60 births  0 deaths  0 best lifetime 1.981 mean 1.017 max age 55  season 300 conventional alive  60 births  0 deaths  0 best lifetime 2.371 mean 0.965 max age 59  (23.5s)
season 301 holistic     alive  60 births  0 deaths  0 best lifetime 1.928 mean 1.016 max age 56  season 301 conventional alive  60 births  1 deaths  1 best lifetime 2.279 mean 0.928 max age 59  (23.1s)
season 302 holistic     alive  60 births  0 deaths  0 best lifetime 1.902 mean 1.005 max age 57  season 302 conventional alive  60 births  2 deaths  2 best lifetime 2.330 mean 0.867 max age 59  (23.3s)
season 303 holistic     alive  60 births  2 deaths  2 best lifetime 1.901 mean 0.994 max age 58  season 303 conventional alive  60 births  1 deaths  1 best lifetime 2.058 mean 0.822 max age 59  (23.2s)
season 304 holistic     alive  60 births  0 deaths  0 best lifetime 5.905 mean 1.116 max age 59  season 304 conventional alive  60 births  2 deaths  2 best lifetime 2.017 mean 0.828 max age 59  (24.3s)
season 305 holistic     alive  60 births  1 deaths  1 best lifetime 2.907 mean 1.057 max age 59  season 305 conventional alive  60 births  1 deaths  1 best lifetime 2.315 mean 0.845 max age 59  (23.8s)
season 306 holistic     alive  60 births  1 deaths  1 best lifetime 2.240 mean 1.062 max age 57  season 306 conventional alive  60 births  4 deaths  4 best lifetime 2.337 mean 0.786 max age 59  (23.4s)
season 307 holistic     alive  60 births  0 deaths  0 best lifetime 2.694 mean 1.079 max age 58  season 307 conventional alive  60 births  3 deaths  3 best lifetime 2.006 mean 0.734 max age 57  (23.8s)
season 308 holistic     alive  60 births  0 deaths  0 best lifetime 1.873 mean 1.048 max age 59  season 308 conventional alive  60 births  2 deaths  2 best lifetime 2.352 mean 0.818 max age 58  (23.7s)
season 309 holistic     alive  60 births  1 deaths  1 best lifetime 4.365 mean 1.064 max age 59  season 309 conventional alive  60 births  1 deaths  1 best lifetime 2.359 mean 0.825 max age 59  (23.1s)
season 310 holistic     alive  60 births  1 deaths  1 best lifetime 3.447 mean 1.019 max age 58  season 310 conventional alive  60 births  2 deaths  2 best lifetime 1.590 mean 0.789 max age 59  (23.6s)
season 311 holistic     alive  60 births  0 deaths  0 best lifetime 3.296 mean 1.019 max age 59  season 311 conventional alive  60 births  2 deaths  2 best lifetime 1.709 mean 0.765 max age 57  (23.4s)
season 312 holistic     alive  60 births  2 deaths  2 best lifetime 3.361 mean 1.014 max age 59  season 312 conventional alive  60 births  1 deaths  1 best lifetime 2.320 mean 0.883 max age 58  (23.4s)
season 313 holistic     alive  60 births  3 deaths  3 best lifetime 3.267 mean 0.996 max age 59  season 313 conventional alive  60 births  1 deaths  1 best lifetime 1.918 mean 0.857 max age 59  (23.3s)
season 314 holistic     alive  60 births  5 deaths  5 best lifetime 3.447 mean 1.045 max age 59  season 314 conventional alive  60 births  3 deaths  3 best lifetime 2.095 mean 0.847 max age 55  (23.0s)
season 315 holistic     alive  60 births  2 deaths  2 best lifetime 3.800 mean 1.106 max age 59  season 315 conventional alive  60 births  0 deaths  0 best lifetime 2.116 mean 0.874 max age 56  (22.8s)
season 316 holistic     alive  60 births  4 deaths  4 best lifetime 3.297 mean 1.096 max age 59  season 316 conventional alive  60 births  0 deaths  0 best lifetime 1.635 mean 0.882 max age 57  (22.9s)
season 317 holistic     alive  60 births  3 deaths  3 best lifetime 3.850 mean 1.147 max age 59  season 317 conventional alive  60 births  0 deaths  0 best lifetime 1.593 mean 0.859 max age 58  (22.5s)
season 318 holistic     alive  60 births  1 deaths  1 best lifetime 3.671 mean 1.091 max age 59  season 318 conventional alive  60 births  0 deaths  0 best lifetime 1.672 mean 0.864 max age 59  (22.5s)
season 319 holistic     alive  60 births  2 deaths  2 best lifetime 2.629 mean 1.072 max age 59  season 319 conventional alive  60 births  1 deaths  1 best lifetime 1.753 mean 0.857 max age 59  (23.2s)
WARNING: Nan, Inf or huge value in QACC at DOF 10. The simulation is unstable. Time = 11.0750.

season 320 holistic     alive  60 births  1 deaths  1 best lifetime 2.468 mean 1.012 max age 59  season 320 conventional alive  60 births  1 deaths  1 best lifetime 1.815 mean 0.828 max age 59  (23.4s)
season 321 holistic     alive  60 births  3 deaths  3 best lifetime 2.659 mean 1.017 max age 59  season 321 conventional alive  60 births  4 deaths  4 best lifetime 1.874 mean 0.782 max age 59  (23.2s)
WARNING: Nan, Inf or huge value in QACC at DOF 0. The simulation is unstable. Time = 10.6600.

WARNING: Nan, Inf or huge value in QACC at DOF 1. The simulation is unstable. Time = 3.5000.

season 322 holistic     alive  60 births  3 deaths  3 best lifetime 3.900 mean 1.042 max age 58  season 322 conventional alive  60 births  1 deaths  1 best lifetime 2.234 mean 0.866 max age 58  (23.8s)
WARNING: Nan, Inf or huge value in QACC at DOF 0. The simulation is unstable. Time = 8.1150.

WARNING: Nan, Inf or huge value in QACC at DOF 0. The simulation is unstable. Time = 8.2000.

season 323 holistic     alive  60 births  1 deaths  1 best lifetime 2.170 mean 1.064 max age 59  season 323 conventional alive  60 births  1 deaths  1 best lifetime 2.291 mean 0.864 max age 59  (22.7s)
season 324 holistic     alive  60 births  1 deaths  1 best lifetime 2.146 mean 1.025 max age 59  season 324 conventional alive  60 births  2 deaths  2 best lifetime 2.073 mean 0.806 max age 58  (22.8s)
season 325 holistic     alive  60 births  1 deaths  1 best lifetime 3.838 mean 1.073 max age 59  season 325 conventional alive  60 births  1 deaths  1 best lifetime 1.879 mean 0.799 max age 59  (23.6s)
season 326 holistic     alive  60 births  3 deaths  3 best lifetime 2.267 mean 1.093 max age 59  season 326 conventional alive  60 births  2 deaths  2 best lifetime 1.843 mean 0.805 max age 58  (24.2s)
season 327 holistic     alive  60 births  5 deaths  5 best lifetime 2.223 mean 1.035 max age 56  season 327 conventional alive  60 births  0 deaths  0 best lifetime 1.713 mean 0.829 max age 59  (23.9s)
season 328 holistic     alive  60 births  0 deaths  0 best lifetime 3.842 mean 1.119 max age 57  season 328 conventional alive  60 births  2 deaths  2 best lifetime 1.781 mean 0.805 max age 59  (23.2s)
season 329 holistic     alive  60 births  1 deaths  1 best lifetime 2.351 mean 1.054 max age 58  season 329 conventional alive  60 births  1 deaths  1 best lifetime 1.759 mean 0.838 max age 59  (22.8s)
season 330 holistic     alive  60 births  1 deaths  1 best lifetime 2.366 mean 1.035 max age 59  season 330 conventional alive  60 births  4 deaths  4 best lifetime 1.645 mean 0.759 max age 59  (23.1s)
season 331 holistic     alive  60 births  3 deaths  3 best lifetime 2.499 mean 1.007 max age 57  season 331 conventional alive  60 births  4 deaths  4 best lifetime 1.717 mean 0.790 max age 59  (23.2s)
season 332 holistic     alive  60 births  0 deaths  0 best lifetime 2.430 mean 1.071 max age 58  season 332 conventional alive  60 births  3 deaths  3 best lifetime 1.750 mean 0.727 max age 59  (23.3s)
WARNING: Nan, Inf or huge value in QACC at DOF 13. The simulation is unstable. Time = 9.6500.

season 333 holistic     alive  60 births  0 deaths  0 best lifetime 2.329 mean 1.057 max age 59  season 333 conventional alive  60 births  2 deaths  2 best lifetime 2.454 mean 0.852 max age 59  (22.7s)
season 334 holistic     alive  60 births  2 deaths  2 best lifetime 2.449 mean 1.027 max age 59  season 334 conventional alive  60 births  4 deaths  4 best lifetime 1.782 mean 0.810 max age 58  (22.9s)
season 335 holistic     alive  60 births  3 deaths  3 best lifetime 2.527 mean 1.027 max age 57  season 335 conventional alive  60 births  1 deaths  1 best lifetime 3.273 mean 0.902 max age 59  (23.5s)
season 336 holistic     alive  60 births  0 deaths  0 best lifetime 3.908 mean 1.065 max age 58  season 336 conventional alive  60 births  1 deaths  1 best lifetime 3.240 mean 0.896 max age 57  (23.0s)
season 337 holistic     alive  60 births  0 deaths  0 best lifetime 2.407 mean 1.047 max age 59  season 337 conventional alive  60 births  1 deaths  1 best lifetime 1.979 mean 0.828 max age 58  (23.0s)
season 338 holistic     alive  60 births  1 deaths  1 best lifetime 2.573 mean 1.023 max age 59  season 338 conventional alive  60 births  0 deaths  0 best lifetime 1.536 mean 0.765 max age 59  (22.8s)
season 339 holistic     alive  60 births  3 deaths  3 best lifetime 2.487 mean 1.021 max age 59  season 339 conventional alive  60 births  2 deaths  2 best lifetime 1.573 mean 0.816 max age 59  (22.5s)
season 340 holistic     alive  60 births  1 deaths  1 best lifetime 3.804 mean 1.161 max age 59  season 340 conventional alive  60 births  1 deaths  1 best lifetime 1.552 mean 0.835 max age 59  (23.1s)
season 341 holistic     alive  60 births  1 deaths  1 best lifetime 2.356 mean 1.069 max age 57  season 341 conventional alive  60 births  2 deaths  2 best lifetime 1.512 mean 0.766 max age 59  (23.3s)
season 342 holistic     alive  60 births  0 deaths  0 best lifetime 2.338 mean 1.052 max age 58  season 342 conventional alive  60 births  1 deaths  1 best lifetime 1.511 mean 0.768 max age 57  (21.9s)
season 343 holistic     alive  60 births  1 deaths  1 best lifetime 2.375 mean 1.040 max age 59  season 343 conventional alive  60 births  0 deaths  0 best lifetime 1.750 mean 0.791 max age 58  (23.7s)
season 344 holistic     alive  60 births  3 deaths  3 best lifetime 2.410 mean 1.007 max age 58  season 344 conventional alive  60 births  0 deaths  0 best lifetime 1.492 mean 0.780 max age 59  (22.9s)
season 345 holistic     alive  60 births  1 deaths  1 best lifetime 2.340 mean 1.006 max age 59  season 345 conventional alive  60 births  4 deaths  4 best lifetime 2.047 mean 0.776 max age 57  (23.1s)
season 346 holistic     alive  60 births  4 deaths  4 best lifetime 2.349 mean 0.938 max age 58  season 346 conventional alive  60 births  0 deaths  0 best lifetime 1.565 mean 0.830 max age 58  (23.3s)
season 347 holistic     alive  60 births  0 deaths  0 best lifetime 2.309 mean 0.990 max age 59  season 347 conventional alive  60 births  0 deaths  0 best lifetime 1.511 mean 0.811 max age 59  (22.9s)
season 348 holistic     alive  60 births  2 deaths  2 best lifetime 2.366 mean 0.958 max age 58  season 348 conventional alive  60 births  3 deaths  3 best lifetime 1.558 mean 0.747 max age 59  (23.7s)
season 349 holistic     alive  60 births  0 deaths  0 best lifetime 2.327 mean 0.958 max age 59  season 349 conventional alive  60 births  2 deaths  2 best lifetime 1.496 mean 0.794 max age 58  (24.0s)
season 350 holistic     alive  60 births  3 deaths  3 best lifetime 2.268 mean 0.930 max age 58  season 350 conventional alive  60 births  1 deaths  1 best lifetime 3.388 mean 0.828 max age 59  (23.6s)
season 351 holistic     alive  60 births  0 deaths  0 best lifetime 2.907 mean 1.033 max age 59  season 351 conventional alive  60 births  3 deaths  3 best lifetime 3.373 mean 0.815 max age 58  (23.6s)
season 352 holistic     alive  60 births  4 deaths  4 best lifetime 2.178 mean 0.992 max age 58  season 352 conventional alive  60 births  0 deaths  0 best lifetime 2.329 mean 0.764 max age 59  (24.9s)
season 353 holistic     alive  60 births  0 deaths  0 best lifetime 2.125 mean 0.983 max age 59  season 353 conventional alive  60 births  4 deaths  4 best lifetime 1.642 mean 0.725 max age 59  (23.8s)
season 354 holistic     alive  60 births  1 deaths  1 best lifetime 2.179 mean 1.004 max age 51  season 354 conventional alive  60 births  1 deaths  1 best lifetime 3.459 mean 0.822 max age 58  (23.9s)
season 355 holistic     alive  60 births  0 deaths  0 best lifetime 2.311 mean 1.023 max age 52  season 355 conventional alive  60 births  0 deaths  0 best lifetime 2.975 mean 0.919 max age 59  (23.9s)
season 356 holistic     alive  60 births  0 deaths  0 best lifetime 2.080 mean 1.059 max age 53  season 356 conventional alive  60 births  1 deaths  1 best lifetime 2.174 mean 0.884 max age 59  (23.7s)
season 357 holistic     alive  60 births  0 deaths  0 best lifetime 2.340 mean 1.058 max age 54  season 357 conventional alive  60 births  3 deaths  3 best lifetime 2.468 mean 0.825 max age 58  (24.0s)
season 358 holistic     alive  60 births  0 deaths  0 best lifetime 2.785 mean 1.058 max age 55  season 358 conventional alive  60 births  0 deaths  0 best lifetime 3.436 mean 0.930 max age 59  (23.7s)
WARNING: Nan, Inf or huge value in QACC at DOF 0. The simulation is unstable. Time = 8.1650.

season 359 holistic     alive  60 births  0 deaths  0 best lifetime 2.797 mean 1.053 max age 56  season 359 conventional alive  60 births  1 deaths  1 best lifetime 2.746 mean 0.871 max age 57  (24.2s)
season 360 holistic     alive  60 births  0 deaths  0 best lifetime 2.707 mean 1.046 max age 57  season 360 conventional alive  60 births  1 deaths  1 best lifetime 1.896 mean 0.813 max age 58  (23.9s)
season 361 holistic     alive  60 births  0 deaths  0 best lifetime 2.545 mean 1.027 max age 58  season 361 conventional alive  60 births  1 deaths  1 best lifetime 1.638 mean 0.774 max age 59  (22.9s)
season 362 holistic     alive  60 births  1 deaths  1 best lifetime 2.408 mean 1.033 max age 59  season 362 conventional alive  60 births  1 deaths  1 best lifetime 1.652 mean 0.816 max age 59  (23.2s)
season 363 holistic     alive  60 births  2 deaths  2 best lifetime 2.524 mean 0.994 max age 58  season 363 conventional alive  60 births  2 deaths  2 best lifetime 1.755 mean 0.764 max age 59  (23.4s)
season 364 holistic     alive  60 births  0 deaths  0 best lifetime 2.837 mean 0.988 max age 59  season 364 conventional alive  60 births  3 deaths  3 best lifetime 1.541 mean 0.737 max age 59  (23.0s)
season 365 holistic     alive  60 births  3 deaths  3 best lifetime 2.909 mean 0.977 max age 59  season 365 conventional alive  60 births  1 deaths  1 best lifetime 1.879 mean 0.717 max age 59  (23.1s)
WARNING: Nan, Inf or huge value in QACC at DOF 20. The simulation is unstable. Time = 11.7650.

season 366 holistic     alive  60 births  1 deaths  1 best lifetime 2.722 mean 0.957 max age 57  season 366 conventional alive  60 births  2 deaths  2 best lifetime 2.244 mean 0.744 max age 59  (24.3s)
season 367 holistic     alive  60 births  1 deaths  1 best lifetime 2.791 mean 1.000 max age 58  season 367 conventional alive  60 births  3 deaths  3 best lifetime 1.652 mean 0.767 max age 59  (24.6s)
season 368 holistic     alive  60 births  0 deaths  0 best lifetime 2.631 mean 0.956 max age 59  season 368 conventional alive  60 births  2 deaths  2 best lifetime 4.606 mean 0.765 max age 59  (24.1s)
season 369 holistic     alive  60 births  2 deaths  2 best lifetime 2.645 mean 0.946 max age 57  season 369 conventional alive  60 births  1 deaths  1 best lifetime 2.092 mean 0.652 max age 59  (22.5s)
season 370 holistic     alive  60 births  0 deaths  0 best lifetime 2.509 mean 0.958 max age 58  season 370 conventional alive  60 births  1 deaths  1 best lifetime 2.895 mean 0.779 max age 59  (24.6s)
season 371 holistic     alive  60 births  0 deaths  0 best lifetime 2.481 mean 0.957 max age 59  season 371 conventional alive  60 births  2 deaths  2 best lifetime 1.732 mean 0.693 max age 57  (24.4s)
season 372 holistic     alive  60 births  2 deaths  2 best lifetime 2.364 mean 0.948 max age 59  season 372 conventional alive  60 births  0 deaths  0 best lifetime 1.400 mean 0.724 max age 58  (23.7s)
season 373 holistic     alive  60 births  2 deaths  2 best lifetime 2.257 mean 0.911 max age 59  season 373 conventional alive  60 births  0 deaths  0 best lifetime 2.083 mean 0.780 max age 59  (23.5s)
season 374 holistic     alive  60 births  5 deaths  5 best lifetime 2.201 mean 0.826 max age 59  season 374 conventional alive  60 births  3 deaths  3 best lifetime 1.539 mean 0.732 max age 54  (24.3s)
season 375 holistic     alive  60 births  2 deaths  2 best lifetime 2.109 mean 0.863 max age 59  season 375 conventional alive  60 births  0 deaths  0 best lifetime 2.265 mean 0.770 max age 55  (24.4s)
season 376 holistic     alive  60 births  4 deaths  4 best lifetime 2.139 mean 0.782 max age 59  season 376 conventional alive  60 births  1 deaths  1 best lifetime 1.645 mean 0.715 max age 56  (24.7s)
WARNING: Nan, Inf or huge value in QACC at DOF 0. The simulation is unstable. Time = 6.9650.

WARNING: Nan, Inf or huge value in QACC at DOF 0. The simulation is unstable. Time = 12.9300.

season 377 holistic     alive  60 births  2 deaths  2 best lifetime 2.279 mean 0.848 max age 59  season 377 conventional alive  60 births  1 deaths  1 best lifetime 1.616 mean 0.758 max age 57  (25.4s)
season 378 holistic     alive  60 births  5 deaths  5 best lifetime 2.195 mean 0.840 max age 59  season 378 conventional alive  60 births  0 deaths  0 best lifetime 1.391 mean 0.739 max age 58  (24.9s)
season 379 holistic     alive  60 births  2 deaths  2 best lifetime 2.802 mean 0.860 max age 59  season 379 conventional alive  60 births  1 deaths  1 best lifetime 1.389 mean 0.736 max age 59  (24.8s)
season 380 holistic     alive  60 births  3 deaths  3 best lifetime 2.802 mean 0.897 max age 59  season 380 conventional alive  60 births  3 deaths  3 best lifetime 1.479 mean 0.706 max age 59  (25.9s)
WARNING: Nan, Inf or huge value in QACC at DOF 4. The simulation is unstable. Time = 8.5450.

season 381 holistic     alive  60 births  3 deaths  3 best lifetime 2.635 mean 0.858 max age 59  season 381 conventional alive  60 births  3 deaths  3 best lifetime 1.698 mean 0.677 max age 57  (24.5s)
season 382 holistic     alive  60 births  4 deaths  4 best lifetime 2.191 mean 0.837 max age 59  season 382 conventional alive  60 births  0 deaths  0 best lifetime 2.446 mean 0.733 max age 58  (25.4s)
season 383 holistic     alive  60 births  1 deaths  1 best lifetime 3.930 mean 1.032 max age 59  season 383 conventional alive  60 births  0 deaths  0 best lifetime 1.594 mean 0.744 max age 59  (25.8s)
WARNING: Nan, Inf or huge value in QACC at DOF 10. The simulation is unstable. Time = 8.8550.

season 384 holistic     alive  60 births  2 deaths  2 best lifetime 2.903 mean 0.940 max age 59  season 384 conventional alive  60 births  1 deaths  1 best lifetime 1.519 mean 0.718 max age 59  (25.1s)
season 385 holistic     alive  60 births  1 deaths  1 best lifetime 2.403 mean 0.949 max age 59  season 385 conventional alive  60 births  1 deaths  1 best lifetime 2.333 mean 0.756 max age 59  (25.8s)
season 386 holistic     alive  60 births  2 deaths  2 best lifetime 2.680 mean 0.946 max age 59  season 386 conventional alive  60 births  1 deaths  1 best lifetime 3.817 mean 0.773 max age 58  (25.1s)
season 387 holistic     alive  60 births  5 deaths  5 best lifetime 2.530 mean 0.947 max age 58  season 387 conventional alive  60 births  2 deaths  2 best lifetime 2.658 mean 0.825 max age 59  (25.8s)
season 388 holistic     alive  60 births  2 deaths  2 best lifetime 2.226 mean 0.869 max age 59  season 388 conventional alive  60 births  3 deaths  3 best lifetime 2.077 mean 0.771 max age 59  (27.2s)
WARNING: Nan, Inf or huge value in QACC at DOF 0. The simulation is unstable. Time = 13.8700.

WARNING: Nan, Inf or huge value in QACC at DOF 21. The simulation is unstable. Time = 7.4550.

WARNING: Nan, Inf or huge value in QACC at DOF 33. The simulation is unstable. Time = 8.6650.

season 389 holistic     alive  60 births  2 deaths  2 best lifetime 2.194 mean 0.922 max age 59  season 389 conventional alive  60 births  2 deaths  2 best lifetime 1.981 mean 0.762 max age 59  (25.3s)
season 390 holistic     alive  60 births  1 deaths  1 best lifetime 2.235 mean 0.935 max age 59  season 390 conventional alive  60 births  2 deaths  2 best lifetime 1.996 mean 0.773 max age 59  (26.7s)
season 391 holistic     alive  60 births  5 deaths  5 best lifetime 2.199 mean 0.947 max age 57  season 391 conventional alive  60 births  5 deaths  5 best lifetime 2.450 mean 0.799 max age 59  (25.0s)
season 392 holistic     alive  60 births  2 deaths  2 best lifetime 2.192 mean 0.913 max age 58  season 392 conventional alive  60 births  3 deaths  3 best lifetime 2.959 mean 0.895 max age 59  (26.2s)
WARNING: Nan, Inf or huge value in QACC at DOF 10. The simulation is unstable. Time = 10.9600.

season 393 holistic     alive  60 births  0 deaths  0 best lifetime 2.189 mean 0.906 max age 59  season 393 conventional alive  60 births  2 deaths  2 best lifetime 2.626 mean 0.804 max age 59  (25.4s)
season 394 holistic     alive  60 births  4 deaths  4 best lifetime 2.160 mean 0.858 max age 59  season 394 conventional alive  60 births  7 deaths  7 best lifetime 2.393 mean 0.745 max age 59  (26.0s)
WARNING: Nan, Inf or huge value in QACC at DOF 20. The simulation is unstable. Time = 10.1900.

season 395 holistic     alive  60 births  4 deaths  4 best lifetime 2.915 mean 0.867 max age 57  season 395 conventional alive  60 births  1 deaths  1 best lifetime 4.210 mean 0.840 max age 59  (26.4s)
season 396 holistic     alive  60 births  0 deaths  0 best lifetime 2.637 mean 0.930 max age 58  season 396 conventional alive  60 births  4 deaths  4 best lifetime 2.713 mean 0.803 max age 57  (26.5s)
season 397 holistic     alive  60 births  1 deaths  1 best lifetime 2.038 mean 0.882 max age 59  season 397 conventional alive  60 births  2 deaths  2 best lifetime 1.911 mean 0.701 max age 58  (26.9s)
season 398 holistic     alive  60 births  3 deaths  3 best lifetime 4.916 mean 0.961 max age 59  season 398 conventional alive  60 births  3 deaths  3 best lifetime 2.041 mean 0.762 max age 59  (25.8s)
season 399 holistic     alive  60 births  1 deaths  1 best lifetime 2.429 mean 0.918 max age 56  season 399 conventional alive  60 births  3 deaths  3 best lifetime 1.876 mean 0.777 max age 58  (27.4s)
season 400 holistic     alive  60 births  0 deaths  0 best lifetime 2.012 mean 0.894 max age 57  season 400 conventional alive  60 births  0 deaths  0 best lifetime 2.238 mean 0.806 max age 59  (26.5s)
season 401 holistic     alive  60 births  0 deaths  0 best lifetime 2.859 mean 0.943 max age 58  season 401 conventional alive  60 births  3 deaths  3 best lifetime 2.924 mean 0.820 max age 59  (26.8s)
season 402 holistic     alive  60 births  1 deaths  1 best lifetime 2.361 mean 0.894 max age 59  season 402 conventional alive  60 births  1 deaths  1 best lifetime 2.294 mean 0.853 max age 57  (26.9s)
season 403 holistic     alive  60 births  1 deaths  1 best lifetime 3.262 mean 0.919 max age 59  season 403 conventional alive  60 births  0 deaths  0 best lifetime 2.226 mean 0.846 max age 58  (27.1s)
season 404 holistic     alive  60 births  2 deaths  2 best lifetime 3.030 mean 0.906 max age 59  season 404 conventional alive  60 births  1 deaths  1 best lifetime 2.725 mean 0.857 max age 59  (27.8s)
season 405 holistic     alive  60 births  1 deaths  1 best lifetime 2.863 mean 0.886 max age 59  season 405 conventional alive  60 births  1 deaths  1 best lifetime 2.500 mean 0.860 max age 57  (25.9s)
season 406 holistic     alive  60 births  2 deaths  2 best lifetime 4.655 mean 0.940 max age 56  season 406 conventional alive  60 births  0 deaths  0 best lifetime 3.735 mean 0.904 max age 58  (25.5s)
WARNING: Nan, Inf or huge value in QACC at DOF 0. The simulation is unstable. Time = 9.7900.

season 407 holistic     alive  60 births  1 deaths  1 best lifetime 2.655 mean 0.913 max age 57  season 407 conventional alive  60 births  0 deaths  0 best lifetime 4.241 mean 0.930 max age 59  (25.6s)
season 408 holistic     alive  60 births  1 deaths  1 best lifetime 2.162 mean 0.872 max age 58  season 408 conventional alive  60 births  1 deaths  1 best lifetime 4.239 mean 0.933 max age 59  (26.8s)
season 409 holistic     alive  60 births  1 deaths  1 best lifetime 2.798 mean 0.908 max age 59  season 409 conventional alive  60 births  2 deaths  2 best lifetime 3.643 mean 0.885 max age 58  (25.8s)
season 410 holistic     alive  60 births  5 deaths  5 best lifetime 1.945 mean 0.828 max age 58  season 410 conventional alive  60 births  0 deaths  0 best lifetime 3.075 mean 0.896 max age 59  (28.2s)
season 411 holistic     alive  60 births  0 deaths  0 best lifetime 1.783 mean 0.813 max age 59  season 411 conventional alive  60 births  5 deaths  5 best lifetime 2.671 mean 0.849 max age 58  (26.8s)
WARNING: Nan, Inf or huge value in QACC at DOF 22. The simulation is unstable. Time = 2.8300.

season 412 holistic     alive  60 births  3 deaths  3 best lifetime 1.718 mean 0.794 max age 58  season 412 conventional alive  60 births  1 deaths  1 best lifetime 2.493 mean 0.890 max age 59  (26.7s)
season 413 holistic     alive  60 births  0 deaths  0 best lifetime 2.895 mean 0.895 max age 59  season 413 conventional alive  60 births  3 deaths  3 best lifetime 2.244 mean 0.803 max age 57  (26.8s)
season 414 holistic     alive  60 births  3 deaths  3 best lifetime 1.895 mean 0.864 max age 49  season 414 conventional alive  60 births  3 deaths  3 best lifetime 2.032 mean 0.767 max age 58  (27.2s)
season 415 holistic     alive  60 births  0 deaths  0 best lifetime 2.738 mean 0.902 max age 50  season 415 conventional alive  60 births  0 deaths  0 best lifetime 2.254 mean 0.857 max age 59  (25.4s)
season 416 holistic     alive  60 births  0 deaths  0 best lifetime 2.000 mean 0.875 max age 51  season 416 conventional alive  60 births  2 deaths  2 best lifetime 1.959 mean 0.813 max age 59  (25.9s)
season 417 holistic     alive  60 births  1 deaths  1 best lifetime 2.201 mean 0.866 max age 52  season 417 conventional alive  60 births  4 deaths  4 best lifetime 2.014 mean 0.770 max age 57  (26.2s)
season 418 holistic     alive  60 births  1 deaths  1 best lifetime 2.149 mean 0.914 max age 53  season 418 conventional alive  60 births  0 deaths  0 best lifetime 1.940 mean 0.834 max age 58  (26.8s)
WARNING: Nan, Inf or huge value in QACC at DOF 20. The simulation is unstable. Time = 13.3300.

season 419 holistic     alive  60 births  0 deaths  0 best lifetime 2.218 mean 0.911 max age 54  season 419 conventional alive  60 births  0 deaths  0 best lifetime 1.913 mean 0.812 max age 59  (25.6s)
season 420 holistic     alive  60 births  0 deaths  0 best lifetime 1.973 mean 0.886 max age 55  season 420 conventional alive  60 births  2 deaths  2 best lifetime 1.810 mean 0.803 max age 59  (26.5s)
season 421 holistic     alive  60 births  1 deaths  1 best lifetime 1.864 mean 0.888 max age 56  season 421 conventional alive  60 births  3 deaths  3 best lifetime 2.264 mean 0.851 max age 58  (25.7s)
season 422 holistic     alive  60 births  0 deaths  0 best lifetime 1.834 mean 0.913 max age 57  season 422 conventional alive  60 births  2 deaths  2 best lifetime 1.769 mean 0.835 max age 59  (25.9s)
season 423 holistic     alive  60 births  0 deaths  0 best lifetime 2.925 mean 0.935 max age 58  season 423 conventional alive  60 births  2 deaths  2 best lifetime 1.717 mean 0.766 max age 59  (26.3s)
season 424 holistic     alive  60 births  0 deaths  0 best lifetime 2.258 mean 0.926 max age 59  season 424 conventional alive  60 births  5 deaths  5 best lifetime 1.802 mean 0.765 max age 59  (25.2s)
season 425 holistic     alive  60 births  4 deaths  4 best lifetime 1.707 mean 0.869 max age 58  season 425 conventional alive  60 births  2 deaths  2 best lifetime 3.157 mean 0.853 max age 59  (25.3s)
WARNING: Nan, Inf or huge value in QACC at DOF 3. The simulation is unstable. Time = 2.1300.

season 426 holistic     alive  60 births  0 deaths  0 best lifetime 3.929 mean 0.956 max age 59  season 426 conventional alive  60 births  1 deaths  1 best lifetime 3.160 mean 0.939 max age 59  (25.8s)
season 427 holistic     alive  60 births  2 deaths  2 best lifetime 1.928 mean 0.886 max age 58  season 427 conventional alive  60 births  2 deaths  2 best lifetime 3.994 mean 0.929 max age 59  (25.0s)
season 428 holistic     alive  60 births  2 deaths  2 best lifetime 3.745 mean 0.953 max age 59  season 428 conventional alive  60 births  2 deaths  2 best lifetime 3.072 mean 0.915 max age 58  (25.3s)
season 429 holistic     alive  60 births  3 deaths  3 best lifetime 2.425 mean 0.913 max age 57  season 429 conventional alive  60 births  0 deaths  0 best lifetime 4.535 mean 1.004 max age 59  (25.7s)
season 430 holistic     alive  60 births  0 deaths  0 best lifetime 4.823 mean 1.051 max age 58  season 430 conventional alive  60 births  3 deaths  3 best lifetime 4.067 mean 0.997 max age 59  (25.1s)
season 431 holistic     alive  60 births  1 deaths  1 best lifetime 2.860 mean 1.023 max age 59  season 431 conventional alive  60 births  3 deaths  3 best lifetime 3.701 mean 0.981 max age 57  (25.7s)
season 432 holistic     alive  60 births  2 deaths  2 best lifetime 2.205 mean 0.940 max age 58  season 432 conventional alive  60 births  1 deaths  1 best lifetime 2.702 mean 0.954 max age 58  (25.0s)
season 433 holistic     alive  60 births  1 deaths  1 best lifetime 2.869 mean 0.982 max age 59  season 433 conventional alive  60 births  1 deaths  1 best lifetime 3.204 mean 0.981 max age 59  (25.0s)
season 434 holistic     alive  60 births  2 deaths  2 best lifetime 4.362 mean 1.030 max age 59  season 434 conventional alive  60 births  2 deaths  2 best lifetime 2.425 mean 0.935 max age 55  (24.8s)
WARNING: Nan, Inf or huge value in QACC at DOF 10. The simulation is unstable. Time = 6.0850.

season 435 holistic     alive  60 births  1 deaths  1 best lifetime 2.863 mean 1.034 max age 59  season 435 conventional alive  60 births  1 deaths  1 best lifetime 2.024 mean 0.892 max age 56  (25.6s)
season 436 holistic     alive  60 births  3 deaths  3 best lifetime 2.614 mean 0.988 max age 59  season 436 conventional alive  60 births  0 deaths  0 best lifetime 7.317 mean 1.027 max age 57  (25.2s)
season 437 holistic     alive  60 births  2 deaths  2 best lifetime 2.465 mean 0.929 max age 59  season 437 conventional alive  60 births  0 deaths  0 best lifetime 3.320 mean 0.982 max age 58  (25.2s)
season 438 holistic     alive  60 births  1 deaths  1 best lifetime 2.207 mean 0.918 max age 59  season 438 conventional alive  60 births  0 deaths  0 best lifetime 4.309 mean 1.015 max age 59  (25.9s)
season 439 holistic     alive  60 births  4 deaths  4 best lifetime 2.536 mean 0.896 max age 58  season 439 conventional alive  60 births  2 deaths  2 best lifetime 3.558 mean 0.959 max age 59  (25.7s)
season 440 holistic     alive  60 births  2 deaths  2 best lifetime 2.522 mean 0.866 max age 59  season 440 conventional alive  60 births  2 deaths  2 best lifetime 3.112 mean 0.947 max age 59  (25.3s)
season 441 holistic     alive  60 births  5 deaths  5 best lifetime 2.558 mean 0.856 max age 59  season 441 conventional alive  60 births  2 deaths  2 best lifetime 3.448 mean 1.001 max age 57  (25.1s)
season 442 holistic     alive  60 births  5 deaths  5 best lifetime 2.363 mean 0.793 max age 59  season 442 conventional alive  60 births  1 deaths  1 best lifetime 2.457 mean 0.948 max age 58  (25.7s)
season 443 holistic     alive  60 births  3 deaths  3 best lifetime 2.108 mean 0.803 max age 59  season 443 conventional alive  60 births  2 deaths  2 best lifetime 2.067 mean 0.912 max age 59  (24.4s)
season 444 holistic     alive  60 births  2 deaths  2 best lifetime 1.989 mean 0.801 max age 59  season 444 conventional alive  60 births  1 deaths  1 best lifetime 1.911 mean 0.900 max age 58  (24.9s)
season 445 holistic     alive  60 births  3 deaths  3 best lifetime 2.223 mean 0.843 max age 59  season 445 conventional alive  60 births  0 deaths  0 best lifetime 1.903 mean 0.918 max age 59  (24.6s)
season 446 holistic     alive  60 births  3 deaths  3 best lifetime 2.191 mean 0.792 max age 59  season 446 conventional alive  60 births  3 deaths  3 best lifetime 1.931 mean 0.879 max age 58  (25.4s)
season 447 holistic     alive  60 births  4 deaths  4 best lifetime 2.163 mean 0.831 max age 59  season 447 conventional alive  60 births  1 deaths  1 best lifetime 1.996 mean 0.911 max age 59  (25.1s)
season 448 holistic     alive  60 births  5 deaths  5 best lifetime 2.760 mean 0.870 max age 59  season 448 conventional alive  60 births  2 deaths  2 best lifetime 2.135 mean 0.932 max age 59  (24.1s)
season 449 holistic     alive  60 births  3 deaths  3 best lifetime 2.056 mean 0.805 max age 59  season 449 conventional alive  60 births  2 deaths  2 best lifetime 3.904 mean 0.947 max age 59  (24.4s)
WARNING: Nan, Inf or huge value in QACC at DOF 0. The simulation is unstable. Time = 6.3750.

season 450 holistic     alive  60 births  2 deaths  2 best lifetime 2.859 mean 0.912 max age 59  season 450 conventional alive  60 births  2 deaths  2 best lifetime 4.059 mean 0.965 max age 59  (24.4s)
season 451 holistic     alive  60 births  4 deaths  4 best lifetime 2.623 mean 0.913 max age 57  season 451 conventional alive  60 births  4 deaths  4 best lifetime 4.142 mean 0.977 max age 59  (24.2s)
season 452 holistic     alive  60 births  0 deaths  0 best lifetime 2.623 mean 0.970 max age 58  season 452 conventional alive  60 births  1 deaths  1 best lifetime 3.593 mean 0.972 max age 59  (24.4s)
season 453 holistic     alive  60 births  0 deaths  0 best lifetime 2.501 mean 0.973 max age 59  season 453 conventional alive  60 births  2 deaths  2 best lifetime 3.061 mean 0.918 max age 59  (23.2s)
season 454 holistic     alive  60 births  2 deaths  2 best lifetime 2.402 mean 0.896 max age 59  season 454 conventional alive  60 births  7 deaths  7 best lifetime 2.811 mean 0.873 max age 58  (23.0s)
season 455 holistic     alive  60 births  3 deaths  3 best lifetime 2.427 mean 0.860 max age 58  season 455 conventional alive  60 births  2 deaths  2 best lifetime 3.515 mean 0.939 max age 59  (23.6s)
season 456 holistic     alive  60 births  1 deaths  1 best lifetime 3.948 mean 0.964 max age 59  season 456 conventional alive  60 births  3 deaths  3 best lifetime 2.829 mean 0.954 max age 59  (24.0s)
season 457 holistic     alive  60 births  1 deaths  1 best lifetime 2.632 mean 0.946 max age 59  season 457 conventional alive  60 births  2 deaths  2 best lifetime 3.198 mean 1.041 max age 58  (24.7s)
WARNING: Nan, Inf or huge value in QACC at DOF 30. The simulation is unstable. Time = 8.2950.

season 458 holistic     alive  60 births  3 deaths  3 best lifetime 2.951 mean 0.888 max age 59  season 458 conventional alive  60 births  1 deaths  1 best lifetime 5.224 mean 1.107 max age 59  (24.4s)
WARNING: Nan, Inf or huge value in QACC at DOF 30. The simulation is unstable. Time = 5.3950.

season 459 holistic     alive  60 births  2 deaths  2 best lifetime 2.496 mean 0.850 max age 57  season 459 conventional alive  60 births  3 deaths  3 best lifetime 3.216 mean 1.024 max age 58  (24.8s)
season 460 holistic     alive  60 births  1 deaths  1 best lifetime 2.434 mean 0.852 max age 58  season 460 conventional alive  60 births  2 deaths  2 best lifetime 4.205 mean 1.087 max age 59  (24.3s)
WARNING: Nan, Inf or huge value in QACC at DOF 31. The simulation is unstable. Time = 5.5400.

season 461 holistic     alive  60 births  2 deaths  2 best lifetime 2.411 mean 0.861 max age 59  season 461 conventional alive  60 births  4 deaths  4 best lifetime 2.475 mean 1.024 max age 57  (23.8s)
WARNING: Nan, Inf or huge value in QACC at DOF 30. The simulation is unstable. Time = 9.6850.

season 462 holistic     alive  60 births  1 deaths  1 best lifetime 2.338 mean 0.845 max age 58  season 462 conventional alive  60 births  1 deaths  1 best lifetime 5.433 mean 1.100 max age 58  (23.2s)
season 463 holistic     alive  60 births  0 deaths  0 best lifetime 3.912 mean 0.903 max age 59  season 463 conventional alive  60 births  0 deaths  0 best lifetime 3.436 mean 1.075 max age 59  (23.2s)
season 464 holistic     alive  60 births  3 deaths  3 best lifetime 2.369 mean 0.869 max age 59  season 464 conventional alive  60 births  1 deaths  1 best lifetime 2.740 mean 1.041 max age 59  (24.1s)
season 465 holistic     alive  60 births  2 deaths  2 best lifetime 2.241 mean 0.836 max age 57  season 465 conventional alive  60 births  3 deaths  3 best lifetime 1.949 mean 0.997 max age 54  (24.4s)
season 466 holistic     alive  60 births  0 deaths  0 best lifetime 3.673 mean 0.964 max age 58  season 466 conventional alive  60 births  2 deaths  2 best lifetime 2.407 mean 1.009 max age 55  (24.9s)
season 467 holistic     alive  60 births  0 deaths  0 best lifetime 3.661 mean 0.971 max age 59  season 467 conventional alive  60 births  0 deaths  0 best lifetime 2.381 mean 1.080 max age 56  (24.7s)
season 468 holistic     alive  60 births  2 deaths  2 best lifetime 2.668 mean 0.953 max age 58  season 468 conventional alive  60 births  1 deaths  1 best lifetime 2.055 mean 1.093 max age 57  (25.1s)
WARNING: Nan, Inf or huge value in QACC at DOF 20. The simulation is unstable. Time = 6.5350.

season 469 holistic     alive  60 births  0 deaths  0 best lifetime 2.297 mean 0.964 max age 59  season 469 conventional alive  60 births  0 deaths  0 best lifetime 1.980 mean 1.009 max age 58  (23.9s)
season 470 holistic     alive  60 births  3 deaths  3 best lifetime 2.310 mean 0.947 max age 58  season 470 conventional alive  60 births  2 deaths  2 best lifetime 1.906 mean 0.986 max age 59  (23.5s)
season 471 holistic     alive  60 births  0 deaths  0 best lifetime 2.463 mean 0.934 max age 59  season 471 conventional alive  60 births  2 deaths  2 best lifetime 1.927 mean 0.943 max age 58  (24.1s)
season 472 holistic     alive  60 births  1 deaths  1 best lifetime 3.043 mean 0.907 max age 58  season 472 conventional alive  60 births  0 deaths  0 best lifetime 1.866 mean 0.970 max age 59  (23.9s)
season 473 holistic     alive  60 births  0 deaths  0 best lifetime 2.792 mean 0.935 max age 59  season 473 conventional alive  60 births  3 deaths  3 best lifetime 1.923 mean 0.939 max age 59  (24.5s)
season 474 holistic     alive  60 births  5 deaths  5 best lifetime 3.414 mean 0.924 max age 53  season 474 conventional alive  60 births  4 deaths  4 best lifetime 1.866 mean 0.925 max age 58  (24.7s)
season 475 holistic     alive  60 births  0 deaths  0 best lifetime 2.586 mean 0.934 max age 54  season 475 conventional alive  60 births  1 deaths  1 best lifetime 1.848 mean 0.894 max age 59  (24.7s)
season 476 holistic     alive  60 births  0 deaths  0 best lifetime 2.293 mean 0.935 max age 55  season 476 conventional alive  60 births  2 deaths  2 best lifetime 1.962 mean 0.952 max age 59  (24.3s)
season 477 holistic     alive  60 births  0 deaths  0 best lifetime 2.499 mean 0.952 max age 56  season 477 conventional alive  60 births  3 deaths  3 best lifetime 2.168 mean 0.972 max age 57  (24.6s)
season 478 holistic     alive  60 births  0 deaths  0 best lifetime 2.359 mean 0.929 max age 57  season 478 conventional alive  60 births  0 deaths  0 best lifetime 2.186 mean 0.965 max age 58  (24.1s)
season 479 holistic     alive  60 births  0 deaths  0 best lifetime 2.238 mean 0.932 max age 58  season 479 conventional alive  60 births  0 deaths  0 best lifetime 2.190 mean 1.006 max age 59  (24.2s)
season 480 holistic     alive  60 births  1 deaths  1 best lifetime 2.212 mean 0.929 max age 59  season 480 conventional alive  60 births  3 deaths  3 best lifetime 2.153 mean 0.961 max age 59  (24.9s)
season 481 holistic     alive  60 births  1 deaths  1 best lifetime 2.221 mean 0.913 max age 56  season 481 conventional alive  60 births  2 deaths  2 best lifetime 2.419 mean 0.943 max age 58  (24.2s)
season 482 holistic     alive  60 births  0 deaths  0 best lifetime 2.368 mean 0.910 max age 57  season 482 conventional alive  60 births  0 deaths  0 best lifetime 2.557 mean 0.979 max age 59  (24.5s)
season 483 holistic     alive  60 births  0 deaths  0 best lifetime 2.244 mean 0.910 max age 58  season 483 conventional alive  60 births  3 deaths  3 best lifetime 3.465 mean 0.946 max age 59  (24.1s)
season 484 holistic     alive  60 births  2 deaths  2 best lifetime 2.235 mean 0.926 max age 59  season 484 conventional alive  60 births  6 deaths  6 best lifetime 2.702 mean 0.847 max age 58  (24.6s)
season 485 holistic     alive  60 births  2 deaths  2 best lifetime 2.385 mean 0.926 max age 58  season 485 conventional alive  60 births  0 deaths  0 best lifetime 2.660 mean 0.930 max age 59  (24.0s)
season 486 holistic     alive  60 births  1 deaths  1 best lifetime 2.859 mean 0.974 max age 59  season 486 conventional alive  60 births  1 deaths  1 best lifetime 3.463 mean 0.966 max age 59  (23.3s)
season 487 holistic     alive  60 births  1 deaths  1 best lifetime 2.407 mean 0.989 max age 59  season 487 conventional alive  60 births  3 deaths  3 best lifetime 3.137 mean 0.949 max age 59  (23.1s)
season 488 holistic     alive  60 births  4 deaths  4 best lifetime 2.909 mean 0.959 max age 59  season 488 conventional alive  60 births  4 deaths  4 best lifetime 2.957 mean 0.918 max age 58  (23.7s)
season 489 holistic     alive  60 births  2 deaths  2 best lifetime 2.179 mean 0.931 max age 57  season 489 conventional alive  60 births  0 deaths  0 best lifetime 4.432 mean 0.955 max age 59  (23.3s)
WARNING: Nan, Inf or huge value in QACC at DOF 20. The simulation is unstable. Time = 3.4050.

WARNING: Nan, Inf or huge value in QACC at DOF 0. The simulation is unstable. Time = 7.8250.

season 490 holistic     alive  60 births  0 deaths  0 best lifetime 2.161 mean 0.974 max age 58  season 490 conventional alive  60 births  4 deaths  4 best lifetime 2.941 mean 0.912 max age 59  (24.1s)
season 491 holistic     alive  60 births  1 deaths  1 best lifetime 2.413 mean 0.999 max age 59  season 491 conventional alive  60 births  1 deaths  1 best lifetime 5.328 mean 1.129 max age 59  (24.5s)
season 492 holistic     alive  60 births  4 deaths  4 best lifetime 2.581 mean 0.964 max age 59  season 492 conventional alive  60 births  1 deaths  1 best lifetime 4.320 mean 1.013 max age 57  (23.6s)
WARNING: Nan, Inf or huge value in QACC at DOF 0. The simulation is unstable. Time = 7.3700.

season 493 holistic     alive  60 births  1 deaths  1 best lifetime 2.828 mean 0.922 max age 58  season 493 conventional alive  60 births  1 deaths  1 best lifetime 2.995 mean 1.033 max age 58  (23.8s)
season 494 holistic     alive  60 births  0 deaths  0 best lifetime 3.569 mean 0.973 max age 59  season 494 conventional alive  60 births  0 deaths  0 best lifetime 2.696 mean 1.078 max age 59  (23.0s)
WARNING: Nan, Inf or huge value in QACC at DOF 4. The simulation is unstable. Time = 10.8400.

season 495 holistic     alive  60 births  2 deaths  2 best lifetime 4.235 mean 0.974 max age 59  season 495 conventional alive  60 births  1 deaths  1 best lifetime 2.750 mean 1.054 max age 56  (23.7s)
season 496 holistic     alive  60 births  3 deaths  3 best lifetime 3.069 mean 0.930 max age 57  season 496 conventional alive  60 births  1 deaths  1 best lifetime 2.541 mean 0.992 max age 57  (24.4s)
WARNING: Nan, Inf or huge value in QACC at DOF 3. The simulation is unstable. Time = 5.7850.

season 497 holistic     alive  60 births  1 deaths  1 best lifetime 2.970 mean 0.924 max age 58  season 497 conventional alive  60 births  0 deaths  0 best lifetime 2.365 mean 0.982 max age 58  (24.1s)
season 498 holistic     alive  60 births  1 deaths  1 best lifetime 2.568 mean 0.930 max age 59  season 498 conventional alive  60 births  0 deaths  0 best lifetime 2.144 mean 0.933 max age 59  (24.2s)
season 499 holistic     alive  60 births  4 deaths  4 best lifetime 2.426 mean 0.950 max age 59  season 499 conventional alive  60 births  2 deaths  2 best lifetime 2.228 mean 0.937 max age 56  (23.7s)
WARNING: Nan, Inf or huge value in QACC at DOF 3. The simulation is unstable. Time = 5.7850.

season 500 holistic     alive  60 births  1 deaths  1 best lifetime 2.882 mean 1.000 max age 59  season 500 conventional alive  60 births  1 deaths  1 best lifetime 2.348 mean 0.989 max age 57  (25.4s)
season 501 holistic     alive  60 births  3 deaths  3 best lifetime 2.346 mean 0.919 max age 59  season 501 conventional alive  60 births  0 deaths  0 best lifetime 2.359 mean 0.980 max age 58  (25.4s)
season 502 holistic     alive  60 births  3 deaths  3 best lifetime 2.239 mean 0.934 max age 59  season 502 conventional alive  60 births  0 deaths  0 best lifetime 2.310 mean 1.010 max age 59  (25.3s)
season 503 holistic     alive  60 births  2 deaths  2 best lifetime 3.637 mean 1.022 max age 58  season 503 conventional alive  60 births  2 deaths  2 best lifetime 2.162 mean 0.978 max age 57  (25.5s)
season 504 holistic     alive  60 births  2 deaths  2 best lifetime 3.086 mean 1.012 max age 59  season 504 conventional alive  60 births  0 deaths  0 best lifetime 2.178 mean 1.001 max age 58  (26.4s)
season 505 holistic     alive  60 births  2 deaths  2 best lifetime 2.723 mean 0.924 max age 59  season 505 conventional alive  60 births  0 deaths  0 best lifetime 2.521 mean 1.009 max age 59  (26.9s)
season 506 holistic     alive  60 births  4 deaths  4 best lifetime 2.461 mean 0.949 max age 59  season 506 conventional alive  60 births  2 deaths  2 best lifetime 2.115 mean 0.936 max age 59  (24.7s)
WARNING: Nan, Inf or huge value in QACC at DOF 10. The simulation is unstable. Time = 7.7300.

season 507 holistic     alive  60 births  5 deaths  5 best lifetime 3.896 mean 0.996 max age 59  season 507 conventional alive  60 births  1 deaths  1 best lifetime 2.395 mean 0.979 max age 58  (24.2s)
season 508 holistic     alive  60 births  3 deaths  3 best lifetime 2.897 mean 1.005 max age 59  season 508 conventional alive  60 births  0 deaths  0 best lifetime 2.074 mean 0.978 max age 59  (25.7s)
season 509 holistic     alive  60 births  4 deaths  4 best lifetime 2.897 mean 0.978 max age 59  season 509 conventional alive  60 births  2 deaths  2 best lifetime 2.229 mean 0.950 max age 59  (25.6s)
season 510 holistic     alive  60 births  3 deaths  3 best lifetime 2.898 mean 0.994 max age 59  season 510 conventional alive  60 births  1 deaths  1 best lifetime 5.747 mean 1.055 max age 59  (25.9s)
season 511 holistic     alive  60 births  4 deaths  4 best lifetime 3.406 mean 0.928 max age 56  season 511 conventional alive  60 births  3 deaths  3 best lifetime 2.731 mean 0.895 max age 58  (25.4s)
season 512 holistic     alive  60 births  3 deaths  3 best lifetime 2.814 mean 0.916 max age 57  season 512 conventional alive  60 births  0 deaths  0 best lifetime 2.069 mean 0.910 max age 59  (25.9s)
season 513 holistic     alive  60 births  1 deaths  1 best lifetime 2.676 mean 0.957 max age 58  season 513 conventional alive  60 births  2 deaths  2 best lifetime 1.987 mean 0.916 max age 59  (25.0s)
season 514 holistic     alive  60 births  3 deaths  3 best lifetime 2.558 mean 0.999 max age 59  season 514 conventional alive  60 births  5 deaths  5 best lifetime 2.070 mean 0.842 max age 59  (24.9s)
season 515 holistic     alive  60 births  4 deaths  4 best lifetime 6.865 mean 1.080 max age 58  season 515 conventional alive  60 births  4 deaths  4 best lifetime 4.553 mean 0.898 max age 59  (24.9s)
season 516 holistic     alive  60 births  0 deaths  0 best lifetime 3.372 mean 1.086 max age 59  season 516 conventional alive  60 births  3 deaths  3 best lifetime 5.241 mean 0.952 max age 59  (25.8s)
WARNING: Nan, Inf or huge value in QACC at DOF 0. The simulation is unstable. Time = 12.7950.

season 517 holistic     alive  60 births  2 deaths  2 best lifetime 3.865 mean 1.098 max age 59  season 517 conventional alive  60 births  1 deaths  1 best lifetime 3.208 mean 0.956 max age 58  (26.4s)
season 518 holistic     alive  60 births  2 deaths  2 best lifetime 2.869 mean 1.071 max age 59  season 518 conventional alive  60 births  2 deaths  2 best lifetime 2.532 mean 1.003 max age 59  (24.7s)
season 519 holistic     alive  60 births  1 deaths  1 best lifetime 2.469 mean 1.036 max age 58  season 519 conventional alive  60 births  1 deaths  1 best lifetime 2.335 mean 0.974 max age 58  (26.3s)
season 520 holistic     alive  60 births  1 deaths  1 best lifetime 2.369 mean 1.085 max age 59  season 520 conventional alive  60 births  0 deaths  0 best lifetime 2.218 mean 0.946 max age 59  (26.2s)
season 521 holistic     alive  60 births  1 deaths  1 best lifetime 2.296 mean 1.104 max age 59  season 521 conventional alive  60 births  4 deaths  4 best lifetime 2.718 mean 0.960 max age 56  (26.8s)
season 522 holistic     alive  60 births  2 deaths  2 best lifetime 2.280 mean 1.089 max age 58  season 522 conventional alive  60 births  0 deaths  0 best lifetime 2.507 mean 1.012 max age 57  (26.9s)
season 523 holistic     alive  60 births  1 deaths  1 best lifetime 2.235 mean 1.112 max age 59  season 523 conventional alive  60 births  0 deaths  0 best lifetime 2.095 mean 1.014 max age 58  (25.2s)
season 524 holistic     alive  60 births  2 deaths  2 best lifetime 2.227 mean 1.111 max age 59  season 524 conventional alive  60 births  0 deaths  0 best lifetime 1.889 mean 0.993 max age 59  (25.3s)
season 525 holistic     alive  60 births  2 deaths  2 best lifetime 2.325 mean 1.052 max age 57  season 525 conventional alive  60 births  2 deaths  2 best lifetime 2.028 mean 0.996 max age 59  (26.4s)
season 526 holistic     alive  60 births  0 deaths  0 best lifetime 2.845 mean 1.131 max age 58  season 526 conventional alive  60 births  1 deaths  1 best lifetime 1.929 mean 1.013 max age 56  (26.1s)
season 527 holistic     alive  60 births  1 deaths  1 best lifetime 2.257 mean 1.120 max age 59  season 527 conventional alive  60 births  0 deaths  0 best lifetime 1.698 mean 0.989 max age 57  (25.1s)
season 528 holistic     alive  60 births  3 deaths  3 best lifetime 2.371 mean 1.067 max age 56  season 528 conventional alive  60 births  0 deaths  0 best lifetime 1.536 mean 0.950 max age 58  (25.6s)
season 529 holistic     alive  60 births  0 deaths  0 best lifetime 3.911 mean 1.174 max age 57  season 529 conventional alive  60 births  2 deaths  2 best lifetime 1.575 mean 0.951 max age 59  (24.2s)
season 530 holistic     alive  60 births  0 deaths  0 best lifetime 2.409 mean 1.144 max age 58  season 530 conventional alive  60 births  1 deaths  1 best lifetime 3.423 mean 1.015 max age 59  (25.4s)
season 531 holistic     alive  60 births  0 deaths  0 best lifetime 2.282 mean 1.150 max age 59  season 531 conventional alive  60 births  1 deaths  1 best lifetime 2.428 mean 0.979 max age 58  (25.2s)
WARNING: Nan, Inf or huge value in QACC at DOF 23. The simulation is unstable. Time = 13.0750.

season 532 holistic     alive  60 births  2 deaths  2 best lifetime 2.259 mean 1.127 max age 58  season 532 conventional alive  60 births  0 deaths  0 best lifetime 1.756 mean 0.993 max age 59  (26.0s)
season 533 holistic     alive  60 births  0 deaths  0 best lifetime 2.238 mean 1.135 max age 59  season 533 conventional alive  60 births  1 deaths  1 best lifetime 1.925 mean 0.964 max age 59  (25.5s)
season 534 holistic     alive  60 births  4 deaths  4 best lifetime 2.236 mean 1.094 max age 50  season 534 conventional alive  60 births  2 deaths  2 best lifetime 2.026 mean 0.961 max age 59  (26.0s)
season 535 holistic     alive  60 births  0 deaths  0 best lifetime 3.914 mean 1.187 max age 51  season 535 conventional alive  60 births  2 deaths  2 best lifetime 2.490 mean 0.978 max age 59  (25.7s)
season 536 holistic     alive  60 births  1 deaths  1 best lifetime 2.415 mean 1.142 max age 52  season 536 conventional alive  60 births  2 deaths  2 best lifetime 1.691 mean 0.973 max age 56  (24.7s)
season 537 holistic     alive  60 births  0 deaths  0 best lifetime 2.912 mean 1.192 max age 53  season 537 conventional alive  60 births  0 deaths  0 best lifetime 2.919 mean 1.078 max age 57  (26.4s)
season 538 holistic     alive  60 births  1 deaths  1 best lifetime 2.412 mean 1.175 max age 54  season 538 conventional alive  60 births  0 deaths  0 best lifetime 2.354 mean 1.058 max age 58  (25.5s)
season 539 holistic     alive  60 births  0 deaths  0 best lifetime 2.269 mean 1.163 max age 55  season 539 conventional alive  60 births  0 deaths  0 best lifetime 2.177 mean 1.036 max age 59  (25.5s)
season 540 holistic     alive  60 births  0 deaths  0 best lifetime 2.177 mean 1.146 max age 56  season 540 conventional alive  60 births  1 deaths  1 best lifetime 2.239 mean 1.004 max age 59  (24.5s)
season 541 holistic     alive  60 births  0 deaths  0 best lifetime 2.128 mean 1.144 max age 57  season 541 conventional alive  60 births  2 deaths  2 best lifetime 2.109 mean 0.967 max age 58  (27.6s)
season 542 holistic     alive  60 births  0 deaths  0 best lifetime 2.119 mean 1.148 max age 58  season 542 conventional alive  60 births  0 deaths  0 best lifetime 2.037 mean 1.000 max age 59  (26.3s)
WARNING: Nan, Inf or huge value in QACC at DOF 12. The simulation is unstable. Time = 7.0800.

season 543 holistic     alive  60 births  0 deaths  0 best lifetime 2.041 mean 1.168 max age 59  season 543 conventional alive  60 births  2 deaths  2 best lifetime 1.918 mean 0.997 max age 59  (25.3s)
season 544 holistic     alive  60 births  1 deaths  1 best lifetime 2.003 mean 1.122 max age 59  season 544 conventional alive  60 births  4 deaths  4 best lifetime 1.774 mean 0.892 max age 58  (25.3s)
season 545 holistic     alive  60 births  1 deaths  1 best lifetime 2.000 mean 1.114 max age 59  season 545 conventional alive  60 births  0 deaths  0 best lifetime 2.315 mean 0.957 max age 59  (26.4s)
season 546 holistic     alive  60 births  1 deaths  1 best lifetime 2.181 mean 1.097 max age 58  season 546 conventional alive  60 births  1 deaths  1 best lifetime 1.529 mean 0.875 max age 59  (26.1s)
season 547 holistic     alive  60 births  0 deaths  0 best lifetime 2.141 mean 1.139 max age 59  season 547 conventional alive  60 births  4 deaths  4 best lifetime 1.480 mean 0.795 max age 59  (25.6s)
season 548 holistic     alive  60 births  2 deaths  2 best lifetime 2.445 mean 1.119 max age 59  season 548 conventional alive  60 births  5 deaths  5 best lifetime 3.617 mean 0.923 max age 58  (25.1s)
season 549 holistic     alive  60 births  3 deaths  3 best lifetime 2.154 mean 1.072 max age 57  season 549 conventional alive  60 births  0 deaths  0 best lifetime 2.402 mean 0.881 max age 59  (25.4s)
season 550 holistic     alive  60 births  1 deaths  1 best lifetime 2.119 mean 1.070 max age 58  season 550 conventional alive  60 births  6 deaths  6 best lifetime 1.638 mean 0.781 max age 58  (26.0s)
season 551 holistic     alive  60 births  0 deaths  0 best lifetime 2.058 mean 1.067 max age 59  season 551 conventional alive  60 births  1 deaths  1 best lifetime 1.512 mean 0.689 max age 59  (27.4s)
season 552 holistic     alive  60 births  2 deaths  2 best lifetime 2.157 mean 1.019 max age 57  season 552 conventional alive  60 births  6 deaths  6 best lifetime 1.464 mean 0.718 max age 56  (26.4s)
season 553 holistic     alive  60 births  4 deaths  4 best lifetime 2.567 mean 1.057 max age 58  season 553 conventional alive  60 births  2 deaths  2 best lifetime 1.443 mean 0.649 max age 57  (25.1s)
season 554 holistic     alive  60 births  0 deaths  0 best lifetime 5.926 mean 1.170 max age 59  season 554 conventional alive  60 births  3 deaths  3 best lifetime 1.501 mean 0.738 max age 58  (24.6s)
season 555 holistic     alive  60 births  1 deaths  1 best lifetime 4.423 mean 1.168 max age 59  season 555 conventional alive  60 births  0 deaths  0 best lifetime 5.246 mean 0.844 max age 59  (25.6s)
WARNING: Nan, Inf or huge value in QACC at DOF 4. The simulation is unstable. Time = 3.4950.

season 556 holistic     alive  60 births  2 deaths  2 best lifetime 3.256 mean 1.104 max age 57  season 556 conventional alive  60 births  3 deaths  3 best lifetime 3.755 mean 0.816 max age 57  (24.6s)
WARNING: Nan, Inf or huge value in QACC at DOF 0. The simulation is unstable. Time = 13.4600.

season 557 holistic     alive  60 births  1 deaths  1 best lifetime 3.172 mean 1.130 max age 58  season 557 conventional alive  60 births  0 deaths  0 best lifetime 2.256 mean 0.811 max age 58  (25.5s)
season 558 holistic     alive  60 births  1 deaths  1 best lifetime 2.721 mean 1.103 max age 59  season 558 conventional alive  60 births  1 deaths  1 best lifetime 2.008 mean 0.804 max age 59  (25.4s)
season 559 holistic     alive  60 births  4 deaths  4 best lifetime 2.919 mean 1.100 max age 58  season 559 conventional alive  60 births  4 deaths  4 best lifetime 2.458 mean 0.785 max age 59  (26.1s)
season 560 holistic     alive  60 births  0 deaths  0 best lifetime 2.921 mean 1.162 max age 59  season 560 conventional alive  60 births  2 deaths  2 best lifetime 1.931 mean 0.767 max age 57  (24.3s)
season 561 holistic     alive  60 births  1 deaths  1 best lifetime 2.750 mean 1.144 max age 59  season 561 conventional alive  60 births  2 deaths  2 best lifetime 1.778 mean 0.735 max age 58  (25.2s)
season 562 holistic     alive  60 births  2 deaths  2 best lifetime 2.501 mean 1.097 max age 58  season 562 conventional alive  60 births  2 deaths  2 best lifetime 2.278 mean 0.741 max age 59  (24.7s)
season 563 holistic     alive  60 births  0 deaths  0 best lifetime 2.939 mean 1.179 max age 59  season 563 conventional alive  60 births  4 deaths  4 best lifetime 1.799 mean 0.752 max age 57  (25.1s)
WARNING: Nan, Inf or huge value in QACC at DOF 13. The simulation is unstable. Time = 14.7400.

season 564 holistic     alive  60 births  3 deaths  3 best lifetime 2.466 mean 1.111 max age 58  season 564 conventional alive  60 births  2 deaths  2 best lifetime 1.874 mean 0.760 max age 58  (25.3s)
season 565 holistic     alive  60 births  1 deaths  1 best lifetime 2.766 mean 1.124 max age 59  season 565 conventional alive  60 births  1 deaths  1 best lifetime 4.793 mean 0.932 max age 59  (25.3s)
season 566 holistic     alive  60 births  4 deaths  4 best lifetime 2.505 mean 1.060 max age 59  season 566 conventional alive  60 births  4 deaths  4 best lifetime 2.953 mean 0.905 max age 57  (26.6s)
season 567 holistic     alive  60 births  2 deaths  2 best lifetime 2.538 mean 1.018 max age 59  season 567 conventional alive  60 births  1 deaths  1 best lifetime 3.043 mean 0.987 max age 58  (26.3s)
season 568 holistic     alive  60 births  3 deaths  3 best lifetime 2.439 mean 1.016 max age 59  season 568 conventional alive  60 births  1 deaths  1 best lifetime 2.305 mean 0.904 max age 59  (25.0s)
season 569 holistic     alive  60 births  3 deaths  3 best lifetime 2.368 mean 0.909 max age 59  season 569 conventional alive  60 births  2 deaths  2 best lifetime 2.376 mean 0.876 max age 59  (26.3s)
season 570 holistic     alive  60 births  6 deaths  6 best lifetime 4.822 mean 1.042 max age 59  season 570 conventional alive  60 births  2 deaths  2 best lifetime 1.664 mean 0.785 max age 59  (25.3s)
season 571 holistic     alive  60 births  2 deaths  2 best lifetime 5.810 mean 1.278 max age 59  season 571 conventional alive  60 births  4 deaths  4 best lifetime 1.828 mean 0.758 max age 58  (25.8s)
season 572 holistic     alive  60 births  3 deaths  3 best lifetime 3.266 mean 1.071 max age 59  season 572 conventional alive  60 births  3 deaths  3 best lifetime 1.701 mean 0.770 max age 59  (25.8s)
season 573 holistic     alive  60 births  1 deaths  1 best lifetime 2.804 mean 1.006 max age 59  season 573 conventional alive  60 births  1 deaths  1 best lifetime 1.726 mean 0.768 max age 59  (25.5s)
season 574 holistic     alive  60 births  3 deaths  3 best lifetime 2.805 mean 0.958 max age 59  season 574 conventional alive  60 births  7 deaths  7 best lifetime 1.761 mean 0.750 max age 59  (24.9s)
WARNING: Nan, Inf or huge value in QACC at DOF 28. The simulation is unstable. Time = 4.8000.

season 575 holistic     alive  60 births  2 deaths  2 best lifetime 3.304 mean 0.969 max age 58  season 575 conventional alive  60 births  3 deaths  3 best lifetime 2.341 mean 0.843 max age 59  (25.4s)
season 576 holistic     alive  60 births  3 deaths  3 best lifetime 2.947 mean 0.967 max age 59  season 576 conventional alive  60 births  3 deaths  3 best lifetime 1.785 mean 0.766 max age 58  (23.7s)
season 577 holistic     alive  60 births  3 deaths  3 best lifetime 2.760 mean 0.992 max age 58  season 577 conventional alive  60 births  1 deaths  1 best lifetime 2.697 mean 0.825 max age 59  (19.0s)
season 578 holistic     alive  60 births  0 deaths  0 best lifetime 2.797 mean 1.051 max age 59  season 578 conventional alive  60 births  3 deaths  3 best lifetime 2.612 mean 0.847 max age 57  (19.2s)
season 579 holistic     alive  60 births  2 deaths  2 best lifetime 2.699 mean 1.004 max age 57  season 579 conventional alive  60 births  2 deaths  2 best lifetime 2.541 mean 0.888 max age 58  (18.2s)
season 580 holistic     alive  60 births  1 deaths  1 best lifetime 2.436 mean 1.024 max age 58  season 580 conventional alive  60 births  0 deaths  0 best lifetime 5.401 mean 1.070 max age 59  (18.5s)
season 581 holistic     alive  60 births  0 deaths  0 best lifetime 2.299 mean 1.015 max age 59  season 581 conventional alive  60 births  3 deaths  3 best lifetime 4.405 mean 0.986 max age 56  (18.8s)
season 582 holistic     alive  60 births  2 deaths  2 best lifetime 2.337 mean 0.969 max age 58  season 582 conventional alive  60 births  0 deaths  0 best lifetime 3.389 mean 0.985 max age 57  (19.2s)
WARNING: Nan, Inf or huge value in QACC at DOF 14. The simulation is unstable. Time = 11.1550.

season 583 holistic     alive  60 births  0 deaths  0 best lifetime 2.299 mean 0.981 max age 59  season 583 conventional alive  60 births  0 deaths  0 best lifetime 2.392 mean 1.006 max age 58  (18.8s)
season 584 holistic     alive  60 births  3 deaths  3 best lifetime 2.295 mean 0.969 max age 59  season 584 conventional alive  60 births  1 deaths  1 best lifetime 2.444 mean 0.927 max age 59  (18.8s)
season 585 holistic     alive  60 births  2 deaths  2 best lifetime 2.077 mean 0.912 max age 58  season 585 conventional alive  60 births  2 deaths  2 best lifetime 2.396 mean 0.933 max age 59  (19.0s)
season 586 holistic     alive  60 births  3 deaths  3 best lifetime 2.011 mean 0.883 max age 59  season 586 conventional alive  60 births  1 deaths  1 best lifetime 2.397 mean 0.917 max age 57  (17.9s)
season 587 holistic     alive  60 births  1 deaths  1 best lifetime 1.979 mean 0.959 max age 59  season 587 conventional alive  60 births  0 deaths  0 best lifetime 2.111 mean 0.905 max age 58  (12.2s)
season 588 holistic     alive  60 births  2 deaths  2 best lifetime 1.949 mean 0.891 max age 56  season 588 conventional alive  60 births  0 deaths  0 best lifetime 2.055 mean 0.913 max age 59  (11.9s)
season 589 holistic     alive  60 births  1 deaths  1 best lifetime 2.859 mean 0.922 max age 57  season 589 conventional alive  60 births  1 deaths  1 best lifetime 1.941 mean 0.902 max age 56  (12.3s)
season 590 holistic     alive  60 births  3 deaths  3 best lifetime 1.975 mean 0.914 max age 58  season 590 conventional alive  60 births  0 deaths  0 best lifetime 2.093 mean 0.917 max age 57  (12.2s)
season 591 holistic     alive  60 births  2 deaths  2 best lifetime 2.802 mean 0.993 max age 59  season 591 conventional alive  60 births  0 deaths  0 best lifetime 1.990 mean 0.888 max age 58  (12.0s)
season 592 holistic     alive  60 births  2 deaths  2 best lifetime 2.352 mean 0.946 max age 58  season 592 conventional alive  60 births  0 deaths  0 best lifetime 1.898 mean 0.873 max age 59  (12.2s)
season 593 holistic     alive  60 births  1 deaths  1 best lifetime 2.453 mean 0.988 max age 59  season 593 conventional alive  60 births  1 deaths  1 best lifetime 1.762 mean 0.828 max age 59  (17.4s)
season 594 holistic     alive  60 births  3 deaths  3 best lifetime 2.687 mean 0.930 max age 58  season 594 conventional alive  60 births  4 deaths  4 best lifetime 1.691 mean 0.781 max age 59  (24.4s)
season 595 holistic     alive  60 births  0 deaths  0 best lifetime 2.801 mean 0.940 max age 59  season 595 conventional alive  60 births  2 deaths  2 best lifetime 3.408 mean 0.850 max age 59  (24.9s)
season 596 holistic     alive  60 births  3 deaths  3 best lifetime 2.468 mean 0.949 max age 58  season 596 conventional alive  60 births  2 deaths  2 best lifetime 2.295 mean 0.871 max age 56  (24.5s)
season 597 holistic     alive  60 births  0 deaths  0 best lifetime 2.086 mean 0.907 max age 59  season 597 conventional alive  60 births  1 deaths  1 best lifetime 4.296 mean 0.895 max age 57  (12.0s)
season 598 holistic     alive  60 births  5 deaths  5 best lifetime 2.254 mean 0.901 max age 54  season 598 conventional alive  60 births  0 deaths  0 best lifetime 2.406 mean 0.929 max age 58  (11.9s)
season 599 holistic     alive  60 births  0 deaths  0 best lifetime 2.126 mean 0.965 max age 55  season 599 conventional alive  60 births  1 deaths  1 best lifetime 2.303 mean 0.932 max age 59  (12.1s)
results in runs/RBT-10/forage-w0.03-803/history.json
