WARNING: Nan, Inf or huge value in QACC at DOF 30. The simulation is unstable. Time = 0.1450.

season   0 holistic     alive  60 births  3 deaths  3 best lifetime 2.000 mean 0.133 max age 59  season   0 conventional alive  60 births  1 deaths  1 best lifetime 4.000 mean 0.733 max age 59  (26.7s)
WARNING: Nan, Inf or huge value in QACC at DOF 23. The simulation is unstable. Time = 0.1300.

season   1 holistic     alive  60 births  1 deaths  1 best lifetime 3.000 mean 0.142 max age 59  season   1 conventional alive  60 births  1 deaths  1 best lifetime 2.500 mean 0.733 max age 59  (26.4s)
WARNING: Nan, Inf or huge value in QACC at DOF 0. The simulation is unstable. Time = 0.1350.

season   2 holistic     alive  60 births  1 deaths  1 best lifetime 2.333 mean 0.189 max age 59  season   2 conventional alive  60 births  1 deaths  1 best lifetime 2.667 mean 0.761 max age 59  (26.5s)
WARNING: Nan, Inf or huge value in QACC at DOF 0. The simulation is unstable. Time = 0.1350.

season   3 holistic     alive  60 births  1 deaths  1 best lifetime 3.000 mean 0.196 max age 59  season   3 conventional alive  60 births  2 deaths  2 best lifetime 2.250 mean 0.660 max age 58  (26.2s)
WARNING: Nan, Inf or huge value in QACC at DOF 31. The simulation is unstable. Time = 0.1350.

season   4 holistic     alive  60 births  1 deaths  1 best lifetime 3.800 mean 0.188 max age 58  season   4 conventional alive  60 births  0 deaths  0 best lifetime 2.600 mean 0.723 max age 59  (25.5s)
WARNING: Nan, Inf or huge value in QACC at DOF 16. The simulation is unstable. Time = 0.1300.

season   5 holistic     alive  60 births  1 deaths  1 best lifetime 4.333 mean 0.204 max age 59  season   5 conventional alive  60 births  1 deaths  1 best lifetime 2.333 mean 0.684 max age 59  (25.5s)
WARNING: Nan, Inf or huge value in QACC at DOF 46. The simulation is unstable. Time = 0.1600.

season   6 holistic     alive  60 births  2 deaths  2 best lifetime 4.000 mean 0.223 max age 59  season   6 conventional alive  60 births  1 deaths  1 best lifetime 2.000 mean 0.639 max age 59  (27.3s)
WARNING: Nan, Inf or huge value in QACC at DOF 14. The simulation is unstable. Time = 0.1350.

season   7 holistic     alive  60 births  3 deaths  3 best lifetime 3.875 mean 0.190 max age 57  season   7 conventional alive  60 births  4 deaths  4 best lifetime 2.000 mean 0.616 max age 59  (26.1s)
WARNING: Nan, Inf or huge value in QACC at DOF 24. The simulation is unstable. Time = 0.1450.

season   8 holistic     alive  60 births  1 deaths  1 best lifetime 3.444 mean 0.193 max age 58  season   8 conventional alive  60 births  1 deaths  1 best lifetime 2.000 mean 0.632 max age 58  (26.7s)
WARNING: Nan, Inf or huge value in QACC at DOF 21. The simulation is unstable. Time = 0.1450.

season   9 holistic     alive  60 births  0 deaths  0 best lifetime 3.200 mean 0.208 max age 59  season   9 conventional alive  60 births  1 deaths  1 best lifetime 2.100 mean 0.656 max age 59  (27.2s)
WARNING: Nan, Inf or huge value in QACC at DOF 31. The simulation is unstable. Time = 0.1550.

season  10 holistic     alive  60 births  5 deaths  5 best lifetime 2.909 mean 0.212 max age 57  season  10 conventional alive  60 births  1 deaths  1 best lifetime 2.000 mean 0.648 max age 55  (26.7s)
WARNING: Nan, Inf or huge value in QACC at DOF 3. The simulation is unstable. Time = 0.1250.

season  11 holistic     alive  36 births 12 deaths 36 best lifetime 4.000 mean 0.540 max age 50  season  11 conventional alive  60 births  5 deaths  5 best lifetime 2.000 mean 0.682 max age 56  (26.6s)
WARNING: Nan, Inf or huge value in QACC at DOF 55. The simulation is unstable. Time = 0.1350.

season  12 holistic     alive  47 births 11 deaths  0 best lifetime 3.000 mean 0.536 max age 51  season  12 conventional alive  60 births  0 deaths  0 best lifetime 2.000 mean 0.756 max age 57  (22.8s)
WARNING: Nan, Inf or huge value in QACC at DOF 46. The simulation is unstable. Time = 3.5950.

WARNING: Nan, Inf or huge value in QACC at DOF 43. The simulation is unstable. Time = 0.1350.

season  13 holistic     alive  55 births  8 deaths  0 best lifetime 2.667 mean 0.439 max age 52  season  13 conventional alive  60 births  0 deaths  0 best lifetime 1.857 mean 0.708 max age 58  (25.5s)
WARNING: Nan, Inf or huge value in QACC at DOF 0. The simulation is unstable. Time = 0.1350.

season  14 holistic     alive  60 births  6 deaths  1 best lifetime 2.600 mean 0.577 max age 53  season  14 conventional alive  60 births  0 deaths  0 best lifetime 1.933 mean 0.708 max age 59  (27.6s)
WARNING: Nan, Inf or huge value in QACC at DOF 0. The simulation is unstable. Time = 9.7400.

WARNING: Nan, Inf or huge value in QACC at DOF 30. The simulation is unstable. Time = 0.1350.

season  15 holistic     alive  60 births  8 deaths  8 best lifetime 4.000 mean 0.607 max age 48  season  15 conventional alive  60 births  4 deaths  4 best lifetime 2.125 mean 0.688 max age 58  (28.6s)
WARNING: Nan, Inf or huge value in QACC at DOF 0. The simulation is unstable. Time = 3.5150.

season  16 holistic     alive  60 births  4 deaths  4 best lifetime 2.294 mean 0.744 max age 49  season  16 conventional alive  60 births  0 deaths  0 best lifetime 3.000 mean 0.764 max age 59  (28.5s)
WARNING: Nan, Inf or huge value in QACC at DOF 0. The simulation is unstable. Time = 13.1100.

season  17 holistic     alive  60 births  4 deaths  4 best lifetime 3.500 mean 0.764 max age 50  season  17 conventional alive  60 births  1 deaths  1 best lifetime 4.000 mean 0.794 max age 57  (26.5s)
season  18 holistic     alive  60 births  2 deaths  2 best lifetime 2.667 mean 0.806 max age 51  season  18 conventional alive  60 births  0 deaths  0 best lifetime 3.000 mean 0.857 max age 58  (27.5s)
WARNING: Nan, Inf or huge value in QACC at DOF 9. The simulation is unstable. Time = 6.7550.

season  19 holistic     alive  60 births  6 deaths  6 best lifetime 2.875 mean 0.844 max age 52  season  19 conventional alive  60 births  1 deaths  1 best lifetime 2.250 mean 0.812 max age 59  (26.0s)
season  20 holistic     alive  60 births  2 deaths  2 best lifetime 3.000 mean 0.955 max age 53  season  20 conventional alive  60 births  1 deaths  1 best lifetime 2.200 mean 0.802 max age 59  (27.2s)
WARNING: Nan, Inf or huge value in QACC at DOF 19. The simulation is unstable. Time = 1.4650.

season  21 holistic     alive  60 births  2 deaths  2 best lifetime 2.762 mean 0.881 max age 54  season  21 conventional alive  60 births  2 deaths  2 best lifetime 1.833 mean 0.767 max age 58  (27.5s)
WARNING: Nan, Inf or huge value in QACC at DOF 9. The simulation is unstable. Time = 8.5400.

season  22 holistic     alive  60 births  1 deaths  1 best lifetime 4.000 mean 0.982 max age 55  season  22 conventional alive  60 births  0 deaths  0 best lifetime 4.000 mean 0.877 max age 59  (27.8s)
season  23 holistic     alive  60 births  3 deaths  3 best lifetime 3.250 mean 1.015 max age 56  season  23 conventional alive  60 births  2 deaths  2 best lifetime 2.000 mean 0.844 max age 59  (29.1s)
WARNING: Nan, Inf or huge value in QACC at DOF 20. The simulation is unstable. Time = 14.4200.

season  24 holistic     alive  60 births  1 deaths  1 best lifetime 3.000 mean 1.025 max age 57  season  24 conventional alive  60 births  1 deaths  1 best lifetime 2.667 mean 0.857 max age 59  (28.0s)
WARNING: Nan, Inf or huge value in QACC at DOF 12. The simulation is unstable. Time = 10.8300.

WARNING: Nan, Inf or huge value in QACC at DOF 9. The simulation is unstable. Time = 8.8850.

season  25 holistic     alive  60 births  1 deaths  1 best lifetime 2.680 mean 1.015 max age 58  season  25 conventional alive  60 births  1 deaths  1 best lifetime 3.000 mean 0.893 max age 59  (26.8s)
WARNING: Nan, Inf or huge value in QACC at DOF 32. The simulation is unstable. Time = 10.1650.

WARNING: Nan, Inf or huge value in QACC at DOF 28. The simulation is unstable. Time = 8.3700.

season  26 holistic     alive  60 births  0 deaths  0 best lifetime 2.615 mean 1.028 max age 59  season  26 conventional alive  60 births  1 deaths  1 best lifetime 2.400 mean 0.864 max age 59  (27.6s)
WARNING: Nan, Inf or huge value in QACC at DOF 9. The simulation is unstable. Time = 2.9850.

season  27 holistic     alive  60 births  4 deaths  4 best lifetime 2.556 mean 1.055 max age 59  season  27 conventional alive  60 births  3 deaths  3 best lifetime 2.167 mean 0.810 max age 58  (27.0s)
season  28 holistic     alive  60 births  1 deaths  1 best lifetime 2.464 mean 1.023 max age 57  season  28 conventional alive  60 births  0 deaths  0 best lifetime 4.000 mean 0.909 max age 59  (26.0s)
season  29 holistic     alive  60 births  1 deaths  1 best lifetime 2.414 mean 1.043 max age 58  season  29 conventional alive  60 births  1 deaths  1 best lifetime 2.000 mean 0.848 max age 58  (27.3s)
season  30 holistic     alive  60 births  1 deaths  1 best lifetime 2.455 mean 1.063 max age 59  season  30 conventional alive  60 births  0 deaths  0 best lifetime 2.000 mean 0.903 max age 59  (26.2s)
WARNING: Nan, Inf or huge value in QACC at DOF 28. The simulation is unstable. Time = 3.0350.

season  31 holistic     alive  60 births  2 deaths  2 best lifetime 2.387 mean 1.042 max age 49  season  31 conventional alive  60 births  1 deaths  1 best lifetime 1.938 mean 0.901 max age 59  (27.4s)
WARNING: Nan, Inf or huge value in QACC at DOF 43. The simulation is unstable. Time = 3.3900.

season  32 holistic     alive  60 births  1 deaths  1 best lifetime 2.385 mean 1.080 max age 50  season  32 conventional alive  60 births  1 deaths  1 best lifetime 2.091 mean 0.882 max age 58  (26.7s)
season  33 holistic     alive  60 births  0 deaths  0 best lifetime 2.857 mean 1.126 max age 51  season  33 conventional alive  60 births  1 deaths  1 best lifetime 2.029 mean 0.877 max age 59  (26.9s)
WARNING: Nan, Inf or huge value in QACC at DOF 0. The simulation is unstable. Time = 7.2200.

WARNING: Nan, Inf or huge value in QACC at DOF 0. The simulation is unstable. Time = 7.3150.

season  34 holistic     alive  60 births  1 deaths  1 best lifetime 3.200 mean 1.142 max age 52  season  34 conventional alive  60 births  1 deaths  1 best lifetime 2.000 mean 0.876 max age 56  (26.6s)
WARNING: Nan, Inf or huge value in QACC at DOF 45. The simulation is unstable. Time = 10.1650.

season  35 holistic     alive  60 births  0 deaths  0 best lifetime 3.062 mean 1.139 max age 53  season  35 conventional alive  60 births  0 deaths  0 best lifetime 2.083 mean 0.875 max age 57  (26.6s)
season  36 holistic     alive  60 births  0 deaths  0 best lifetime 3.471 mean 1.171 max age 54  season  36 conventional alive  60 births  1 deaths  1 best lifetime 2.054 mean 0.895 max age 58  (27.1s)
season  37 holistic     alive  60 births  0 deaths  0 best lifetime 3.278 mean 1.177 max age 55  season  37 conventional alive  60 births  0 deaths  0 best lifetime 2.053 mean 0.926 max age 59  (26.8s)
WARNING: Nan, Inf or huge value in QACC at DOF 20. The simulation is unstable. Time = 10.7600.

season  38 holistic     alive  60 births  1 deaths  1 best lifetime 3.263 mean 1.162 max age 56  season  38 conventional alive  60 births  2 deaths  2 best lifetime 2.000 mean 0.868 max age 59  (26.5s)
WARNING: Nan, Inf or huge value in QACC at DOF 36. The simulation is unstable. Time = 2.7300.

season  39 holistic     alive  60 births  0 deaths  0 best lifetime 3.150 mean 1.182 max age 57  season  39 conventional alive  60 births  2 deaths  2 best lifetime 1.975 mean 0.886 max age 59  (26.8s)
WARNING: Nan, Inf or huge value in QACC at DOF 17. The simulation is unstable. Time = 7.7100.

season  40 holistic     alive  60 births  0 deaths  0 best lifetime 3.000 mean 1.205 max age 58  season  40 conventional alive  60 births  1 deaths  1 best lifetime 3.000 mean 0.935 max age 59  (27.1s)
season  41 holistic     alive  60 births  0 deaths  0 best lifetime 3.136 mean 1.196 max age 59  season  41 conventional alive  60 births  1 deaths  1 best lifetime 2.000 mean 0.955 max age 59  (26.8s)
WARNING: Nan, Inf or huge value in QACC at DOF 0. The simulation is unstable. Time = 6.2300.

WARNING: Nan, Inf or huge value in QACC at DOF 0. The simulation is unstable. Time = 9.9400.

season  42 holistic     alive  60 births  2 deaths  2 best lifetime 3.000 mean 1.174 max age 54  season  42 conventional alive  60 births  1 deaths  1 best lifetime 2.000 mean 0.978 max age 59  (26.7s)
WARNING: Nan, Inf or huge value in QACC at DOF 17. The simulation is unstable. Time = 6.6400.

season  43 holistic     alive  60 births  0 deaths  0 best lifetime 2.917 mean 1.179 max age 55  season  43 conventional alive  60 births  1 deaths  1 best lifetime 2.000 mean 1.002 max age 58  (26.4s)
season  44 holistic     alive  60 births  0 deaths  0 best lifetime 2.960 mean 1.191 max age 56  season  44 conventional alive  60 births  0 deaths  0 best lifetime 2.500 mean 1.062 max age 59  (27.2s)
WARNING: Nan, Inf or huge value in QACC at DOF 1. The simulation is unstable. Time = 2.5750.

season  45 holistic     alive  60 births  0 deaths  0 best lifetime 2.923 mean 1.177 max age 57  season  45 conventional alive  60 births  1 deaths  1 best lifetime 2.667 mean 1.028 max age 59  (26.4s)
WARNING: Nan, Inf or huge value in QACC at DOF 28. The simulation is unstable. Time = 5.8750.

season  46 holistic     alive  60 births  2 deaths  2 best lifetime 3.037 mean 1.170 max age 58  season  46 conventional alive  60 births  2 deaths  2 best lifetime 2.500 mean 1.004 max age 59  (27.2s)
season  47 holistic     alive  60 births  0 deaths  0 best lifetime 2.964 mean 1.173 max age 59  season  47 conventional alive  60 births  3 deaths  3 best lifetime 4.000 mean 0.997 max age 59  (27.3s)
WARNING: Nan, Inf or huge value in QACC at DOF 9. The simulation is unstable. Time = 6.3800.

WARNING: Nan, Inf or huge value in QACC at DOF 10. The simulation is unstable. Time = 3.6350.

season  48 holistic     alive  60 births  1 deaths  1 best lifetime 3.103 mean 1.176 max age 54  season  48 conventional alive  60 births  1 deaths  1 best lifetime 3.000 mean 1.064 max age 59  (26.8s)
season  49 holistic     alive  60 births  0 deaths  0 best lifetime 3.067 mean 1.182 max age 55  season  49 conventional alive  60 births  2 deaths  2 best lifetime 3.000 mean 1.146 max age 58  (26.7s)
WARNING: Nan, Inf or huge value in QACC at DOF 17. The simulation is unstable. Time = 11.2750.

season  50 holistic     alive  60 births  1 deaths  1 best lifetime 3.032 mean 1.186 max age 56  season  50 conventional alive  60 births  0 deaths  0 best lifetime 3.000 mean 1.197 max age 59  (26.7s)
WARNING: Nan, Inf or huge value in QACC at DOF 9. The simulation is unstable. Time = 11.1500.

season  51 holistic     alive  60 births  0 deaths  0 best lifetime 3.000 mean 1.179 max age 57  season  51 conventional alive  60 births  1 deaths  1 best lifetime 2.200 mean 1.082 max age 59  (28.4s)
WARNING: Nan, Inf or huge value in QACC at DOF 9. The simulation is unstable. Time = 7.4700.

season  52 holistic     alive  60 births  0 deaths  0 best lifetime 3.000 mean 1.177 max age 58  season  52 conventional alive  60 births  2 deaths  2 best lifetime 2.100 mean 0.988 max age 59  (26.7s)
WARNING: Nan, Inf or huge value in QACC at DOF 0. The simulation is unstable. Time = 6.2450.

WARNING: Nan, Inf or huge value in QACC at DOF 33. The simulation is unstable. Time = 7.8700.

season  53 holistic     alive  60 births  0 deaths  0 best lifetime 2.941 mean 1.178 max age 59  season  53 conventional alive  60 births  2 deaths  2 best lifetime 2.059 mean 0.967 max age 59  (25.5s)
WARNING: Nan, Inf or huge value in QACC at DOF 10. The simulation is unstable. Time = 7.3800.

WARNING: Nan, Inf or huge value in QACC at DOF 14. The simulation is unstable. Time = 14.3600.

season  54 holistic     alive  60 births  1 deaths  1 best lifetime 2.914 mean 1.149 max age 54  season  54 conventional alive  60 births  1 deaths  1 best lifetime 2.083 mean 0.951 max age 57  (26.2s)
WARNING: Nan, Inf or huge value in QACC at DOF 21. The simulation is unstable. Time = 14.2800.

season  55 holistic     alive  60 births  0 deaths  0 best lifetime 2.889 mean 1.144 max age 55  season  55 conventional alive  60 births  0 deaths  0 best lifetime 2.154 mean 0.934 max age 58  (26.6s)
WARNING: Nan, Inf or huge value in QACC at DOF 0. The simulation is unstable. Time = 9.6450.

WARNING: Nan, Inf or huge value in QACC at DOF 30. The simulation is unstable. Time = 9.9100.

season  56 holistic     alive  60 births  0 deaths  0 best lifetime 2.838 mean 1.139 max age 56  season  56 conventional alive  60 births  0 deaths  0 best lifetime 2.071 mean 0.969 max age 59  (27.9s)
season  57 holistic     alive  60 births  0 deaths  0 best lifetime 2.789 mean 1.140 max age 57  season  57 conventional alive  60 births  3 deaths  3 best lifetime 2.067 mean 0.906 max age 59  (26.8s)
WARNING: Nan, Inf or huge value in QACC at DOF 0. The simulation is unstable. Time = 4.5600.

season  58 holistic     alive  60 births  1 deaths  1 best lifetime 2.718 mean 1.150 max age 58  season  58 conventional alive  60 births  1 deaths  1 best lifetime 2.136 mean 0.888 max age 59  (26.9s)
season  59 holistic     alive  60 births  0 deaths  0 best lifetime 2.650 mean 1.145 max age 59  season  59 conventional alive  60 births  2 deaths  2 best lifetime 6.000 mean 1.024 max age 59  (27.4s)
WARNING: Nan, Inf or huge value in QACC at DOF 0. The simulation is unstable. Time = 11.9150.

season  60 holistic     alive  60 births  3 deaths  3 best lifetime 2.683 mean 1.075 max age 55  season  60 conventional alive  60 births  1 deaths  1 best lifetime 3.500 mean 0.938 max age 59  (26.5s)
WARNING: Nan, Inf or huge value in QACC at DOF 0. The simulation is unstable. Time = 2.3650.

WARNING: Nan, Inf or huge value in QACC at DOF 26. The simulation is unstable. Time = 12.5450.

WARNING: Nan, Inf or huge value in QACC at DOF 15. The simulation is unstable. Time = 4.9000.

WARNING: Nan, Inf or huge value in QACC at DOF 20. The simulation is unstable. Time = 13.8750.

season  61 holistic     alive  60 births  0 deaths  0 best lifetime 6.000 mean 1.191 max age 56  season  61 conventional alive  60 births  1 deaths  1 best lifetime 4.000 mean 1.005 max age 59  (27.8s)
season  62 holistic     alive  60 births  0 deaths  0 best lifetime 3.500 mean 1.147 max age 57  season  62 conventional alive  60 births  1 deaths  1 best lifetime 3.000 mean 1.002 max age 56  (28.6s)
WARNING: Nan, Inf or huge value in QACC at DOF 29. The simulation is unstable. Time = 7.8050.

WARNING: Nan, Inf or huge value in QACC at DOF 10. The simulation is unstable. Time = 10.3400.

season  63 holistic     alive  60 births  0 deaths  0 best lifetime 2.667 mean 1.144 max age 58  season  63 conventional alive  60 births  0 deaths  0 best lifetime 2.500 mean 0.964 max age 57  (26.7s)
WARNING: Nan, Inf or huge value in QACC at DOF 41. The simulation is unstable. Time = 8.8650.

season  64 holistic     alive  60 births  1 deaths  1 best lifetime 2.533 mean 1.132 max age 59  season  64 conventional alive  60 births  0 deaths  0 best lifetime 2.667 mean 0.993 max age 58  (27.3s)
WARNING: Nan, Inf or huge value in QACC at DOF 38. The simulation is unstable. Time = 3.7100.

WARNING: Nan, Inf or huge value in QACC at DOF 3. The simulation is unstable. Time = 5.1050.

season  65 holistic     alive  60 births  1 deaths  1 best lifetime 2.543 mean 1.137 max age 58  season  65 conventional alive  60 births  0 deaths  0 best lifetime 2.304 mean 0.981 max age 59  (26.0s)
WARNING: Nan, Inf or huge value in QACC at DOF 32. The simulation is unstable. Time = 4.6400.

season  66 holistic     alive  60 births  1 deaths  1 best lifetime 2.574 mean 1.126 max age 59  season  66 conventional alive  60 births  1 deaths  1 best lifetime 2.208 mean 0.965 max age 59  (25.9s)
WARNING: Nan, Inf or huge value in QACC at DOF 13. The simulation is unstable. Time = 14.7850.

season  67 holistic     alive  60 births  1 deaths  1 best lifetime 2.583 mean 1.117 max age 57  season  67 conventional alive  60 births  2 deaths  2 best lifetime 2.160 mean 0.936 max age 59  (25.9s)
season  68 holistic     alive  60 births  0 deaths  0 best lifetime 2.673 mean 1.116 max age 58  season  68 conventional alive  60 births  1 deaths  1 best lifetime 2.077 mean 0.959 max age 59  (27.6s)
season  69 holistic     alive  60 births  1 deaths  1 best lifetime 2.640 mean 1.152 max age 59  season  69 conventional alive  60 births  1 deaths  1 best lifetime 2.037 mean 0.924 max age 59  (25.9s)
WARNING: Nan, Inf or huge value in QACC at DOF 0. The simulation is unstable. Time = 6.6500.

WARNING: Nan, Inf or huge value in QACC at DOF 20. The simulation is unstable. Time = 12.7500.

season  70 holistic     alive  60 births  4 deaths  4 best lifetime 2.647 mean 1.038 max age 59  season  70 conventional alive  60 births  2 deaths  2 best lifetime 2.667 mean 0.960 max age 59  (25.4s)
WARNING: Nan, Inf or huge value in QACC at DOF 8. The simulation is unstable. Time = 0.1800.

WARNING: Nan, Inf or huge value in QACC at DOF 30. The simulation is unstable. Time = 5.5550.

WARNING: Nan, Inf or huge value in QACC at DOF 30. The simulation is unstable. Time = 6.6900.

season  71 holistic     alive  60 births  6 deaths  6 best lifetime 2.596 mean 0.939 max age 59  season  71 conventional alive  60 births  4 deaths  4 best lifetime 2.455 mean 0.876 max age 56  (25.8s)
WARNING: Nan, Inf or huge value in QACC at DOF 32. The simulation is unstable. Time = 0.1850.

WARNING: Nan, Inf or huge value in QACC at DOF 13. The simulation is unstable. Time = 6.5200.

season  72 holistic     alive  60 births  8 deaths  8 best lifetime 2.585 mean 0.822 max age 59  season  72 conventional alive  60 births  0 deaths  0 best lifetime 3.000 mean 0.959 max age 57  (24.9s)
WARNING: Nan, Inf or huge value in QACC at DOF 18. The simulation is unstable. Time = 0.1800.

season  73 holistic     alive  60 births  5 deaths  5 best lifetime 2.611 mean 0.843 max age 59  season  73 conventional alive  60 births  0 deaths  0 best lifetime 2.154 mean 0.939 max age 58  (24.8s)
WARNING: Nan, Inf or huge value in QACC at DOF 44. The simulation is unstable. Time = 0.1850.

season  74 holistic     alive  60 births  5 deaths  5 best lifetime 2.564 mean 0.857 max age 59  season  74 conventional alive  60 births  0 deaths  0 best lifetime 2.071 mean 0.927 max age 59  (25.3s)
season  75 holistic     alive  60 births  8 deaths  8 best lifetime 5.000 mean 0.887 max age 59  season  75 conventional alive  60 births  5 deaths  5 best lifetime 1.933 mean 0.840 max age 58  (26.2s)
season  76 holistic     alive  60 births  4 deaths  4 best lifetime 3.000 mean 0.986 max age 59  season  76 conventional alive  60 births  0 deaths  0 best lifetime 2.000 mean 0.906 max age 59  (25.6s)
season  77 holistic     alive  60 births  5 deaths  5 best lifetime 3.200 mean 0.945 max age 59  season  77 conventional alive  60 births  1 deaths  1 best lifetime 2.500 mean 0.884 max age 58  (25.0s)
season  78 holistic     alive  60 births  3 deaths  3 best lifetime 3.000 mean 0.933 max age 59  season  78 conventional alive  60 births  1 deaths  1 best lifetime 2.000 mean 0.858 max age 59  (24.8s)
season  79 holistic     alive  60 births  7 deaths  7 best lifetime 3.333 mean 0.842 max age 59  season  79 conventional alive  60 births  2 deaths  2 best lifetime 1.789 mean 0.866 max age 59  (26.3s)
season  80 holistic     alive  60 births  3 deaths  3 best lifetime 3.000 mean 0.852 max age 59  season  80 conventional alive  60 births  1 deaths  1 best lifetime 3.000 mean 0.877 max age 59  (24.7s)
season  81 holistic     alive  60 births  4 deaths  4 best lifetime 5.000 mean 1.039 max age 57  season  81 conventional alive  60 births  1 deaths  1 best lifetime 2.000 mean 0.920 max age 58  (25.1s)
WARNING: Nan, Inf or huge value in QACC at DOF 10. The simulation is unstable. Time = 4.8250.

season  82 holistic     alive  60 births  2 deaths  2 best lifetime 2.500 mean 1.010 max age 58  season  82 conventional alive  60 births  0 deaths  0 best lifetime 1.667 mean 0.910 max age 59  (24.3s)
season  83 holistic     alive  60 births  1 deaths  1 best lifetime 2.333 mean 1.034 max age 59  season  83 conventional alive  60 births  2 deaths  2 best lifetime 1.659 mean 0.854 max age 59  (24.8s)
season  84 holistic     alive  60 births  2 deaths  2 best lifetime 2.250 mean 1.042 max age 57  season  84 conventional alive  60 births  1 deaths  1 best lifetime 1.800 mean 0.845 max age 59  (23.7s)
season  85 holistic     alive  60 births  0 deaths  0 best lifetime 2.222 mean 1.023 max age 58  season  85 conventional alive  60 births  1 deaths  1 best lifetime 2.167 mean 0.861 max age 59  (24.8s)
season  86 holistic     alive  60 births  0 deaths  0 best lifetime 2.100 mean 1.011 max age 59  season  86 conventional alive  60 births  1 deaths  1 best lifetime 2.000 mean 0.861 max age 59  (25.3s)
season  87 holistic     alive  60 births  5 deaths  5 best lifetime 2.000 mean 0.987 max age 58  season  87 conventional alive  60 births  2 deaths  2 best lifetime 2.000 mean 0.824 max age 58  (24.9s)
season  88 holistic     alive  60 births  1 deaths  1 best lifetime 2.000 mean 0.978 max age 59  season  88 conventional alive  60 births  0 deaths  0 best lifetime 1.778 mean 0.811 max age 59  (24.9s)
season  89 holistic     alive  60 births  1 deaths  1 best lifetime 2.455 mean 0.978 max age 58  season  89 conventional alive  60 births  2 deaths  2 best lifetime 1.700 mean 0.806 max age 58  (25.0s)
season  90 holistic     alive  60 births  0 deaths  0 best lifetime 2.417 mean 0.982 max age 59  season  90 conventional alive  60 births  0 deaths  0 best lifetime 2.000 mean 0.843 max age 59  (26.0s)
season  91 holistic     alive  60 births  6 deaths  6 best lifetime 2.231 mean 0.929 max age 59  season  91 conventional alive  60 births  2 deaths  2 best lifetime 1.750 mean 0.832 max age 58  (24.4s)
season  92 holistic     alive  60 births  2 deaths  2 best lifetime 3.000 mean 0.996 max age 46  season  92 conventional alive  60 births  0 deaths  0 best lifetime 3.000 mean 0.901 max age 59  (25.0s)
season  93 holistic     alive  60 births  0 deaths  0 best lifetime 2.200 mean 1.028 max age 47  season  93 conventional alive  60 births  1 deaths  1 best lifetime 2.000 mean 0.869 max age 59  (24.2s)
season  94 holistic     alive  60 births  0 deaths  0 best lifetime 2.125 mean 1.008 max age 48  season  94 conventional alive  60 births  1 deaths  1 best lifetime 2.333 mean 0.883 max age 58  (24.0s)
season  95 holistic     alive  60 births  2 deaths  2 best lifetime 2.059 mean 1.003 max age 49  season  95 conventional alive  60 births  0 deaths  0 best lifetime 1.750 mean 0.890 max age 59  (25.4s)
season  96 holistic     alive  60 births  0 deaths  0 best lifetime 2.050 mean 1.030 max age 50  season  96 conventional alive  60 births  1 deaths  1 best lifetime 1.611 mean 0.845 max age 58  (25.1s)
season  97 holistic     alive  60 births  0 deaths  0 best lifetime 2.105 mean 1.025 max age 51  season  97 conventional alive  60 births  0 deaths  0 best lifetime 1.591 mean 0.847 max age 59  (25.5s)
season  98 holistic     alive  60 births  0 deaths  0 best lifetime 2.000 mean 1.022 max age 52  season  98 conventional alive  60 births  2 deaths  2 best lifetime 1.607 mean 0.839 max age 59  (24.6s)
season  99 holistic     alive  60 births  0 deaths  0 best lifetime 2.048 mean 1.049 max age 53  season  99 conventional alive  60 births  2 deaths  2 best lifetime 2.000 mean 0.864 max age 59  (24.1s)
season 100 holistic     alive  60 births  0 deaths  0 best lifetime 1.958 mean 1.048 max age 54  season 100 conventional alive  60 births  1 deaths  1 best lifetime 1.672 mean 0.832 max age 59  (25.2s)
season 101 holistic     alive  60 births  0 deaths  0 best lifetime 2.000 mean 1.051 max age 55  season 101 conventional alive  60 births  1 deaths  1 best lifetime 5.000 mean 0.911 max age 59  (24.9s)
season 102 holistic     alive  60 births  0 deaths  0 best lifetime 2.000 mean 1.051 max age 56  season 102 conventional alive  60 births  1 deaths  1 best lifetime 3.000 mean 0.872 max age 59  (25.4s)
season 103 holistic     alive  60 births  0 deaths  0 best lifetime 1.935 mean 1.060 max age 57  season 103 conventional alive  60 births  1 deaths  1 best lifetime 2.000 mean 0.847 max age 57  (23.6s)
WARNING: Nan, Inf or huge value in QACC at DOF 12. The simulation is unstable. Time = 13.3450.

season 104 holistic     alive  60 births  0 deaths  0 best lifetime 1.923 mean 1.062 max age 58  season 104 conventional alive  60 births  0 deaths  0 best lifetime 1.750 mean 0.867 max age 58  (24.1s)
season 105 holistic     alive  60 births  0 deaths  0 best lifetime 1.926 mean 1.072 max age 59  season 105 conventional alive  60 births  0 deaths  0 best lifetime 1.800 mean 0.873 max age 59  (25.9s)
season 106 holistic     alive  60 births  1 deaths  1 best lifetime 1.912 mean 1.042 max age 58  season 106 conventional alive  60 births  2 deaths  2 best lifetime 1.513 mean 0.815 max age 59  (25.6s)
season 107 holistic     alive  60 births  0 deaths  0 best lifetime 1.897 mean 1.048 max age 59  season 107 conventional alive  60 births  4 deaths  4 best lifetime 4.000 mean 0.823 max age 59  (24.1s)
WARNING: Nan, Inf or huge value in QACC at DOF 0. The simulation is unstable. Time = 7.5000.

season 108 holistic     alive  60 births  1 deaths  1 best lifetime 1.833 mean 1.022 max age 58  season 108 conventional alive  60 births  1 deaths  1 best lifetime 3.000 mean 0.886 max age 59  (24.3s)
season 109 holistic     alive  60 births  0 deaths  0 best lifetime 1.839 mean 1.037 max age 59  season 109 conventional alive  60 births  2 deaths  2 best lifetime 2.500 mean 0.858 max age 57  (24.9s)
season 110 holistic     alive  60 births  1 deaths  1 best lifetime 1.816 mean 1.030 max age 50  season 110 conventional alive  60 births  0 deaths  0 best lifetime 4.000 mean 0.946 max age 58  (24.4s)
season 111 holistic     alive  60 births  0 deaths  0 best lifetime 1.818 mean 1.018 max age 51  season 111 conventional alive  60 births  1 deaths  1 best lifetime 2.500 mean 0.876 max age 59  (24.5s)
season 112 holistic     alive  60 births  0 deaths  0 best lifetime 1.765 mean 1.017 max age 52  season 112 conventional alive  60 births  2 deaths  2 best lifetime 2.000 mean 0.862 max age 59  (25.1s)
WARNING: Nan, Inf or huge value in QACC at DOF 20. The simulation is unstable. Time = 4.0300.

season 113 holistic     alive  60 births  0 deaths  0 best lifetime 1.886 mean 1.030 max age 53  season 113 conventional alive  60 births  2 deaths  2 best lifetime 2.250 mean 0.872 max age 59  (24.7s)
season 114 holistic     alive  60 births  0 deaths  0 best lifetime 1.889 mean 1.031 max age 54  season 114 conventional alive  60 births  1 deaths  1 best lifetime 2.000 mean 0.853 max age 57  (24.6s)
season 115 holistic     alive  60 births  0 deaths  0 best lifetime 1.838 mean 1.020 max age 55  season 115 conventional alive  60 births  0 deaths  0 best lifetime 2.000 mean 0.917 max age 58  (25.3s)
season 116 holistic     alive  60 births  0 deaths  0 best lifetime 1.789 mean 1.029 max age 56  season 116 conventional alive  60 births  0 deaths  0 best lifetime 2.000 mean 0.919 max age 59  (25.4s)
season 117 holistic     alive  60 births  0 deaths  0 best lifetime 1.863 mean 1.034 max age 57  season 117 conventional alive  60 births  3 deaths  3 best lifetime 2.200 mean 0.910 max age 59  (24.6s)
season 118 holistic     alive  60 births  1 deaths  1 best lifetime 1.827 mean 1.032 max age 58  season 118 conventional alive  60 births  1 deaths  1 best lifetime 1.833 mean 0.890 max age 59  (24.8s)
season 119 holistic     alive  60 births  0 deaths  0 best lifetime 1.792 mean 1.023 max age 59  season 119 conventional alive  60 births  2 deaths  2 best lifetime 1.833 mean 0.834 max age 59  (25.4s)
season 120 holistic     alive  60 births  2 deaths  2 best lifetime 1.896 mean 0.996 max age 56  season 120 conventional alive  60 births  1 deaths  1 best lifetime 2.286 mean 0.865 max age 59  (24.6s)
season 121 holistic     alive  60 births  0 deaths  0 best lifetime 1.898 mean 0.999 max age 57  season 121 conventional alive  60 births  2 deaths  2 best lifetime 3.000 mean 0.917 max age 59  (24.9s)
season 122 holistic     alive  60 births  1 deaths  1 best lifetime 1.860 mean 0.998 max age 58  season 122 conventional alive  60 births  1 deaths  1 best lifetime 2.556 mean 0.882 max age 55  (23.9s)
season 123 holistic     alive  60 births  0 deaths  0 best lifetime 1.902 mean 1.018 max age 59  season 123 conventional alive  60 births  0 deaths  0 best lifetime 2.400 mean 0.890 max age 56  (23.7s)
season 124 holistic     alive  60 births  3 deaths  3 best lifetime 2.000 mean 1.022 max age 58  season 124 conventional alive  60 births  0 deaths  0 best lifetime 2.318 mean 0.874 max age 57  (23.7s)
season 125 holistic     alive  60 births  0 deaths  0 best lifetime 1.868 mean 1.008 max age 59  season 125 conventional alive  60 births  1 deaths  1 best lifetime 2.250 mean 0.868 max age 58  (23.8s)
season 126 holistic     alive  60 births  1 deaths  1 best lifetime 1.907 mean 0.987 max age 59  season 126 conventional alive  60 births  0 deaths  0 best lifetime 2.250 mean 0.858 max age 59  (23.7s)
season 127 holistic     alive  60 births  1 deaths  1 best lifetime 1.909 mean 0.985 max age 57  season 127 conventional alive  60 births  3 deaths  3 best lifetime 2.280 mean 0.845 max age 59  (24.9s)
season 128 holistic     alive  60 births  0 deaths  0 best lifetime 1.929 mean 1.006 max age 58  season 128 conventional alive  60 births  1 deaths  1 best lifetime 2.269 mean 0.909 max age 59  (24.8s)
season 129 holistic     alive  60 births  0 deaths  0 best lifetime 1.895 mean 1.015 max age 59  season 129 conventional alive  60 births  1 deaths  1 best lifetime 8.000 mean 1.020 max age 59  (25.4s)
WARNING: Nan, Inf or huge value in QACC at DOF 30. The simulation is unstable. Time = 4.0600.

WARNING: Nan, Inf or huge value in QACC at DOF 30. The simulation is unstable. Time = 5.5300.

season 130 holistic     alive  60 births  2 deaths  2 best lifetime 1.897 mean 1.006 max age 59  season 130 conventional alive  60 births  1 deaths  1 best lifetime 4.000 mean 0.914 max age 59  (24.8s)
season 131 holistic     alive  60 births  3 deaths  3 best lifetime 1.881 mean 0.950 max age 59  season 131 conventional alive  60 births  3 deaths  3 best lifetime 3.000 mean 0.878 max age 56  (24.2s)
season 132 holistic     alive  60 births  6 deaths  6 best lifetime 6.000 mean 0.960 max age 59  season 132 conventional alive  60 births  0 deaths  0 best lifetime 3.000 mean 0.961 max age 57  (25.0s)
WARNING: Nan, Inf or huge value in QACC at DOF 30. The simulation is unstable. Time = 4.4150.

season 133 holistic     alive  60 births  2 deaths  2 best lifetime 3.000 mean 0.960 max age 59  season 133 conventional alive  60 births  0 deaths  0 best lifetime 2.500 mean 0.957 max age 58  (25.0s)
WARNING: Nan, Inf or huge value in QACC at DOF 3. The simulation is unstable. Time = 4.5300.

season 134 holistic     alive  60 births  3 deaths  3 best lifetime 3.333 mean 0.956 max age 59  season 134 conventional alive  60 births  1 deaths  1 best lifetime 2.500 mean 0.972 max age 59  (23.7s)
season 135 holistic     alive  60 births  6 deaths  6 best lifetime 2.750 mean 0.902 max age 59  season 135 conventional alive  60 births  4 deaths  4 best lifetime 2.429 mean 0.915 max age 57  (24.1s)
season 136 holistic     alive  60 births  3 deaths  3 best lifetime 3.600 mean 0.988 max age 59  season 136 conventional alive  60 births  0 deaths  0 best lifetime 3.000 mean 0.935 max age 58  (23.4s)
season 137 holistic     alive  60 births  2 deaths  2 best lifetime 4.000 mean 1.055 max age 59  season 137 conventional alive  60 births  0 deaths  0 best lifetime 3.500 mean 0.974 max age 59  (24.8s)
season 138 holistic     alive  60 births  2 deaths  2 best lifetime 3.143 mean 0.993 max age 59  season 138 conventional alive  60 births  1 deaths  1 best lifetime 3.333 mean 0.944 max age 59  (25.7s)
season 139 holistic     alive  60 births  6 deaths  6 best lifetime 3.250 mean 0.920 max age 59  season 139 conventional alive  60 births  2 deaths  2 best lifetime 2.750 mean 0.917 max age 59  (24.5s)
WARNING: Nan, Inf or huge value in QACC at DOF 27. The simulation is unstable. Time = 4.1400.

season 140 holistic     alive  60 births  2 deaths  2 best lifetime 5.000 mean 1.032 max age 59  season 140 conventional alive  60 births  1 deaths  1 best lifetime 2.600 mean 0.879 max age 59  (24.3s)
season 141 holistic     alive  60 births  6 deaths  6 best lifetime 2.900 mean 0.954 max age 59  season 141 conventional alive  60 births  1 deaths  1 best lifetime 2.167 mean 0.920 max age 58  (24.6s)
season 142 holistic     alive  60 births  2 deaths  2 best lifetime 8.000 mean 1.036 max age 58  season 142 conventional alive  60 births  0 deaths  0 best lifetime 2.000 mean 0.891 max age 59  (24.8s)
WARNING: Nan, Inf or huge value in QACC at DOF 9. The simulation is unstable. Time = 6.1750.

season 143 holistic     alive  60 births  2 deaths  2 best lifetime 6.000 mean 1.112 max age 59  season 143 conventional alive  60 births  2 deaths  2 best lifetime 1.976 mean 0.876 max age 59  (25.0s)
season 144 holistic     alive  60 births  1 deaths  1 best lifetime 4.333 mean 1.059 max age 57  season 144 conventional alive  60 births  1 deaths  1 best lifetime 1.929 mean 0.902 max age 59  (25.1s)
season 145 holistic     alive  60 births  2 deaths  2 best lifetime 3.500 mean 1.032 max age 58  season 145 conventional alive  60 births  1 deaths  1 best lifetime 3.500 mean 0.923 max age 59  (24.9s)
WARNING: Nan, Inf or huge value in QACC at DOF 13. The simulation is unstable. Time = 13.8350.

season 146 holistic     alive  60 births  1 deaths  1 best lifetime 4.000 mean 1.121 max age 59  season 146 conventional alive  60 births  1 deaths  1 best lifetime 2.333 mean 0.935 max age 59  (25.0s)
WARNING: Nan, Inf or huge value in QACC at DOF 3. The simulation is unstable. Time = 3.9200.

WARNING: Nan, Inf or huge value in QACC at DOF 3. The simulation is unstable. Time = 4.1700.

season 147 holistic     alive  60 births  1 deaths  1 best lifetime 3.500 mean 1.121 max age 58  season 147 conventional alive  60 births  1 deaths  1 best lifetime 2.000 mean 0.958 max age 58  (24.4s)
season 148 holistic     alive  60 births  0 deaths  0 best lifetime 2.667 mean 1.128 max age 59  season 148 conventional alive  60 births  0 deaths  0 best lifetime 1.800 mean 0.962 max age 59  (24.8s)
WARNING: Nan, Inf or huge value in QACC at DOF 29. The simulation is unstable. Time = 3.4300.

season 149 holistic     alive  60 births  2 deaths  2 best lifetime 2.600 mean 1.106 max age 58  season 149 conventional alive  60 births  2 deaths  2 best lifetime 2.000 mean 0.943 max age 58  (24.3s)
season 150 holistic     alive  60 births  0 deaths  0 best lifetime 3.000 mean 1.168 max age 59  season 150 conventional alive  60 births  0 deaths  0 best lifetime 2.000 mean 0.986 max age 59  (24.7s)
season 151 holistic     alive  60 births  4 deaths  4 best lifetime 2.250 mean 1.110 max age 59  season 151 conventional alive  60 births  2 deaths  2 best lifetime 1.878 mean 0.961 max age 58  (25.0s)
WARNING: Nan, Inf or huge value in QACC at DOF 3. The simulation is unstable. Time = 10.4700.

season 152 holistic     alive  60 births  2 deaths  2 best lifetime 3.000 mean 1.195 max age 57  season 152 conventional alive  60 births  0 deaths  0 best lifetime 4.000 mean 1.020 max age 59  (24.3s)
season 153 holistic     alive  60 births  0 deaths  0 best lifetime 2.500 mean 1.211 max age 58  season 153 conventional alive  60 births  1 deaths  1 best lifetime 2.000 mean 0.970 max age 59  (24.4s)
season 154 holistic     alive  60 births  1 deaths  1 best lifetime 2.667 mean 1.181 max age 59  season 154 conventional alive  60 births  1 deaths  1 best lifetime 2.000 mean 0.948 max age 58  (25.9s)
season 155 holistic     alive  60 births  2 deaths  2 best lifetime 2.750 mean 1.190 max age 49  season 155 conventional alive  60 births  0 deaths  0 best lifetime 2.250 mean 0.969 max age 59  (24.6s)
season 156 holistic     alive  60 births  1 deaths  1 best lifetime 2.400 mean 1.195 max age 50  season 156 conventional alive  60 births  1 deaths  1 best lifetime 2.000 mean 0.972 max age 58  (25.2s)
season 157 holistic     alive  60 births  0 deaths  0 best lifetime 3.667 mean 1.217 max age 51  season 157 conventional alive  60 births  0 deaths  0 best lifetime 2.100 mean 0.978 max age 59  (24.6s)
WARNING: Nan, Inf or huge value in QACC at DOF 25. The simulation is unstable. Time = 8.0900.

season 158 holistic     alive  60 births  0 deaths  0 best lifetime 4.750 mean 1.277 max age 52  season 158 conventional alive  60 births  2 deaths  2 best lifetime 2.000 mean 0.980 max age 59  (25.2s)
WARNING: Nan, Inf or huge value in QACC at DOF 23. The simulation is unstable. Time = 8.1350.

season 159 holistic     alive  60 births  0 deaths  0 best lifetime 3.800 mean 1.235 max age 53  season 159 conventional alive  60 births  1 deaths  1 best lifetime 2.000 mean 0.966 max age 59  (25.1s)
season 160 holistic     alive  60 births  0 deaths  0 best lifetime 3.167 mean 1.227 max age 54  season 160 conventional alive  60 births  1 deaths  1 best lifetime 1.879 mean 0.945 max age 59  (24.2s)
season 161 holistic     alive  60 births  0 deaths  0 best lifetime 2.714 mean 1.216 max age 55  season 161 conventional alive  60 births  1 deaths  1 best lifetime 1.864 mean 0.938 max age 59  (25.1s)
season 162 holistic     alive  60 births  0 deaths  0 best lifetime 2.375 mean 1.178 max age 56  season 162 conventional alive  60 births  1 deaths  1 best lifetime 1.733 mean 0.898 max age 59  (26.4s)
season 163 holistic     alive  60 births  0 deaths  0 best lifetime 2.333 mean 1.180 max age 57  season 163 conventional alive  60 births  1 deaths  1 best lifetime 1.750 mean 0.900 max age 57  (25.9s)
WARNING: Nan, Inf or huge value in QACC at DOF 9. The simulation is unstable. Time = 4.8850.

season 164 holistic     alive  60 births  0 deaths  0 best lifetime 2.200 mean 1.162 max age 58  season 164 conventional alive  60 births  0 deaths  0 best lifetime 2.000 mean 0.930 max age 58  (23.6s)
season 165 holistic     alive  60 births  0 deaths  0 best lifetime 2.000 mean 1.163 max age 59  season 165 conventional alive  60 births  0 deaths  0 best lifetime 1.722 mean 0.921 max age 59  (24.2s)
WARNING: Nan, Inf or huge value in QACC at DOF 20. The simulation is unstable. Time = 4.0900.

season 166 holistic     alive  60 births  1 deaths  1 best lifetime 2.083 mean 1.150 max age 58  season 166 conventional alive  60 births  2 deaths  2 best lifetime 1.811 mean 0.892 max age 59  (24.6s)
season 167 holistic     alive  60 births  0 deaths  0 best lifetime 1.929 mean 1.142 max age 59  season 167 conventional alive  60 births  3 deaths  3 best lifetime 2.000 mean 0.894 max age 59  (24.2s)
season 168 holistic     alive  60 births  1 deaths  1 best lifetime 1.929 mean 1.123 max age 46  season 168 conventional alive  60 births  1 deaths  1 best lifetime 2.000 mean 0.902 max age 59  (24.9s)
season 169 holistic     alive  60 births  0 deaths  0 best lifetime 1.933 mean 1.142 max age 47  season 169 conventional alive  60 births  2 deaths  2 best lifetime 2.333 mean 0.913 max age 57  (25.2s)
WARNING: Nan, Inf or huge value in QACC at DOF 30. The simulation is unstable. Time = 4.2650.

WARNING: Nan, Inf or huge value in QACC at DOF 24. The simulation is unstable. Time = 8.9200.

season 170 holistic     alive  60 births  1 deaths  1 best lifetime 1.949 mean 1.144 max age 48  season 170 conventional alive  60 births  0 deaths  0 best lifetime 1.805 mean 0.937 max age 58  (24.4s)
season 171 holistic     alive  60 births  0 deaths  0 best lifetime 1.950 mean 1.127 max age 49  season 171 conventional alive  60 births  0 deaths  0 best lifetime 2.400 mean 0.942 max age 59  (26.1s)
season 172 holistic     alive  60 births  0 deaths  0 best lifetime 2.000 mean 1.126 max age 50  season 172 conventional alive  60 births  3 deaths  3 best lifetime 2.500 mean 0.902 max age 59  (25.0s)
season 173 holistic     alive  60 births  0 deaths  0 best lifetime 2.029 mean 1.130 max age 51  season 173 conventional alive  60 births  2 deaths  2 best lifetime 2.286 mean 0.921 max age 59  (24.8s)
season 174 holistic     alive  60 births  0 deaths  0 best lifetime 1.971 mean 1.135 max age 52  season 174 conventional alive  60 births  1 deaths  1 best lifetime 3.500 mean 0.973 max age 57  (25.3s)
WARNING: Nan, Inf or huge value in QACC at DOF 27. The simulation is unstable. Time = 6.5800.

season 175 holistic     alive  60 births  0 deaths  0 best lifetime 2.028 mean 1.144 max age 53  season 175 conventional alive  60 births  0 deaths  0 best lifetime 3.667 mean 0.936 max age 58  (24.4s)
season 176 holistic     alive  60 births  1 deaths  1 best lifetime 2.027 mean 1.144 max age 54  season 176 conventional alive  60 births  0 deaths  0 best lifetime 3.000 mean 0.940 max age 59  (25.7s)
season 177 holistic     alive  60 births  0 deaths  0 best lifetime 2.026 mean 1.163 max age 55  season 177 conventional alive  60 births  1 deaths  1 best lifetime 3.200 mean 0.953 max age 59  (25.7s)
season 178 holistic     alive  60 births  0 deaths  0 best lifetime 1.974 mean 1.146 max age 56  season 178 conventional alive  60 births  1 deaths  1 best lifetime 3.000 mean 0.931 max age 59  (26.1s)
season 179 holistic     alive  60 births  0 deaths  0 best lifetime 1.925 mean 1.131 max age 57  season 179 conventional alive  60 births  2 deaths  2 best lifetime 2.857 mean 0.938 max age 59  (26.4s)
WARNING: Nan, Inf or huge value in QACC at DOF 33. The simulation is unstable. Time = 10.6900.

WARNING: Nan, Inf or huge value in QACC at DOF 34. The simulation is unstable. Time = 11.6950.

season 180 holistic     alive  60 births  0 deaths  0 best lifetime 2.000 mean 1.125 max age 58  season 180 conventional alive  60 births  1 deaths  1 best lifetime 2.750 mean 0.944 max age 59  (25.1s)
season 181 holistic     alive  60 births  1 deaths  1 best lifetime 2.000 mean 1.125 max age 59  season 181 conventional alive  60 births  2 deaths  2 best lifetime 2.667 mean 0.895 max age 59  (25.6s)
season 182 holistic     alive  60 births  2 deaths  2 best lifetime 4.000 mean 1.179 max age 58  season 182 conventional alive  60 births  1 deaths  1 best lifetime 2.600 mean 0.905 max age 57  (24.2s)
WARNING: Nan, Inf or huge value in QACC at DOF 3. The simulation is unstable. Time = 13.3900.

season 183 holistic     alive  60 births  0 deaths  0 best lifetime 2.500 mean 1.159 max age 59  season 183 conventional alive  60 births  0 deaths  0 best lifetime 2.727 mean 0.904 max age 58  (25.1s)
season 184 holistic     alive  60 births  3 deaths  3 best lifetime 2.022 mean 1.096 max age 58  season 184 conventional alive  60 births  0 deaths  0 best lifetime 2.833 mean 0.929 max age 59  (24.7s)
season 185 holistic     alive  60 births  0 deaths  0 best lifetime 2.174 mean 1.140 max age 59  season 185 conventional alive  60 births  1 deaths  1 best lifetime 2.615 mean 0.916 max age 58  (25.1s)
season 186 holistic     alive  60 births  1 deaths  1 best lifetime 2.170 mean 1.116 max age 59  season 186 conventional alive  60 births  0 deaths  0 best lifetime 2.714 mean 0.928 max age 59  (26.6s)
WARNING: Nan, Inf or huge value in QACC at DOF 4. The simulation is unstable. Time = 10.9700.

season 187 holistic     alive  60 births  1 deaths  1 best lifetime 2.208 mean 1.162 max age 57  season 187 conventional alive  60 births  3 deaths  3 best lifetime 2.875 mean 0.881 max age 59  (25.4s)
season 188 holistic     alive  60 births  0 deaths  0 best lifetime 2.204 mean 1.150 max age 58  season 188 conventional alive  60 births  2 deaths  2 best lifetime 2.562 mean 0.866 max age 59  (24.6s)
season 189 holistic     alive  60 births  0 deaths  0 best lifetime 2.200 mean 1.179 max age 59  season 189 conventional alive  60 births  2 deaths  2 best lifetime 2.412 mean 0.899 max age 58  (24.4s)
season 190 holistic     alive  60 births  2 deaths  2 best lifetime 2.235 mean 1.135 max age 59  season 190 conventional alive  60 births  0 deaths  0 best lifetime 2.278 mean 0.916 max age 59  (25.3s)
season 191 holistic     alive  60 births  2 deaths  2 best lifetime 2.288 mean 1.128 max age 59  season 191 conventional alive  60 births  4 deaths  4 best lifetime 3.000 mean 0.948 max age 57  (25.2s)
season 192 holistic     alive  60 births  6 deaths  6 best lifetime 3.000 mean 1.071 max age 59  season 192 conventional alive  60 births  0 deaths  0 best lifetime 3.000 mean 0.985 max age 58  (25.2s)
season 193 holistic     alive  60 births  2 deaths  2 best lifetime 4.000 mean 1.099 max age 59  season 193 conventional alive  60 births  0 deaths  0 best lifetime 2.238 mean 0.945 max age 59  (25.8s)
WARNING: Nan, Inf or huge value in QACC at DOF 43. The simulation is unstable. Time = 14.7600.

season 194 holistic     alive  60 births  2 deaths  2 best lifetime 2.500 mean 1.079 max age 59  season 194 conventional alive  60 births  1 deaths  1 best lifetime 2.136 mean 0.941 max age 59  (26.1s)
season 195 holistic     alive  60 births  6 deaths  6 best lifetime 2.333 mean 1.084 max age 59  season 195 conventional alive  60 births  5 deaths  5 best lifetime 2.174 mean 0.918 max age 57  (25.6s)
season 196 holistic     alive  60 births  4 deaths  4 best lifetime 3.000 mean 1.018 max age 58  season 196 conventional alive  60 births  0 deaths  0 best lifetime 3.000 mean 0.964 max age 58  (24.7s)
WARNING: Nan, Inf or huge value in QACC at DOF 30. The simulation is unstable. Time = 4.0600.

season 197 holistic     alive  60 births  0 deaths  0 best lifetime 2.279 mean 1.014 max age 59  season 197 conventional alive  60 births  1 deaths  1 best lifetime 2.500 mean 0.968 max age 59  (26.6s)
season 198 holistic     alive  60 births  2 deaths  2 best lifetime 2.227 mean 0.968 max age 59  season 198 conventional alive  60 births  1 deaths  1 best lifetime 2.269 mean 0.933 max age 59  (25.0s)
season 199 holistic     alive  60 births  9 deaths  9 best lifetime 2.178 mean 0.922 max age 59  season 199 conventional alive  60 births  3 deaths  3 best lifetime 2.250 mean 0.938 max age 59  (25.6s)
season 200 holistic     alive  60 births  3 deaths  3 best lifetime 4.000 mean 1.094 max age 59  season 200 conventional alive  60 births  1 deaths  1 best lifetime 2.179 mean 0.999 max age 59  (23.6s)
season 201 holistic     alive  60 births  3 deaths  3 best lifetime 4.000 mean 1.147 max age 59  season 201 conventional alive  60 births  1 deaths  1 best lifetime 2.172 mean 1.013 max age 58  (24.1s)
season 202 holistic     alive  60 births  2 deaths  2 best lifetime 4.500 mean 1.176 max age 59  season 202 conventional alive  60 births  0 deaths  0 best lifetime 2.133 mean 0.995 max age 59  (24.2s)
WARNING: Nan, Inf or huge value in QACC at DOF 3. The simulation is unstable. Time = 9.7800.

WARNING: Nan, Inf or huge value in QACC at DOF 10. The simulation is unstable. Time = 12.8750.

season 203 holistic     alive  60 births  4 deaths  4 best lifetime 3.600 mean 1.100 max age 59  season 203 conventional alive  60 births  2 deaths  2 best lifetime 2.161 mean 0.960 max age 59  (23.9s)
season 204 holistic     alive  60 births  2 deaths  2 best lifetime 3.500 mean 1.076 max age 59  season 204 conventional alive  60 births  1 deaths  1 best lifetime 2.156 mean 0.957 max age 59  (24.6s)
season 205 holistic     alive  60 births  2 deaths  2 best lifetime 5.000 mean 1.195 max age 58  season 205 conventional alive  60 births  1 deaths  1 best lifetime 2.121 mean 0.975 max age 59  (25.1s)
WARNING: Nan, Inf or huge value in QACC at DOF 3. The simulation is unstable. Time = 1.6500.

season 206 holistic     alive  60 births  1 deaths  1 best lifetime 3.500 mean 1.153 max age 59  season 206 conventional alive  60 births  1 deaths  1 best lifetime 2.088 mean 0.975 max age 59  (23.7s)
season 207 holistic     alive  60 births  3 deaths  3 best lifetime 3.000 mean 1.183 max age 58  season 207 conventional alive  60 births  2 deaths  2 best lifetime 2.057 mean 0.966 max age 58  (23.7s)
WARNING: Nan, Inf or huge value in QACC at DOF 0. The simulation is unstable. Time = 10.3500.

season 208 holistic     alive  60 births  0 deaths  0 best lifetime 3.000 mean 1.234 max age 59  season 208 conventional alive  60 births  1 deaths  1 best lifetime 2.056 mean 0.941 max age 59  (23.7s)
season 209 holistic     alive  60 births  2 deaths  2 best lifetime 3.000 mean 1.199 max age 58  season 209 conventional alive  60 births  2 deaths  2 best lifetime 2.000 mean 0.926 max age 58  (24.3s)
season 210 holistic     alive  60 births  0 deaths  0 best lifetime 2.667 mean 1.177 max age 59  season 210 conventional alive  60 births  0 deaths  0 best lifetime 2.000 mean 0.952 max age 59  (24.6s)
season 211 holistic     alive  60 births  5 deaths  5 best lifetime 2.714 mean 1.106 max age 59  season 211 conventional alive  60 births  3 deaths  3 best lifetime 2.026 mean 0.910 max age 58  (24.2s)
season 212 holistic     alive  60 births  1 deaths  1 best lifetime 5.000 mean 1.332 max age 58  season 212 conventional alive  60 births  1 deaths  1 best lifetime 3.000 mean 1.001 max age 59  (24.2s)
season 213 holistic     alive  60 births  0 deaths  0 best lifetime 4.500 mean 1.246 max age 59  season 213 conventional alive  60 births  1 deaths  1 best lifetime 2.167 mean 0.973 max age 59  (25.2s)
season 214 holistic     alive  60 births  1 deaths  1 best lifetime 3.000 mean 1.154 max age 59  season 214 conventional alive  60 births  1 deaths  1 best lifetime 2.143 mean 0.929 max age 58  (25.3s)
season 215 holistic     alive  60 births  3 deaths  3 best lifetime 2.500 mean 1.126 max age 59  season 215 conventional alive  60 births  0 deaths  0 best lifetime 2.116 mean 0.936 max age 59  (24.7s)
season 216 holistic     alive  60 births  1 deaths  1 best lifetime 2.389 mean 1.073 max age 35  season 216 conventional alive  60 births  1 deaths  1 best lifetime 2.114 mean 0.919 max age 58  (25.4s)
season 217 holistic     alive  60 births  0 deaths  0 best lifetime 2.263 mean 1.091 max age 36  season 217 conventional alive  60 births  0 deaths  0 best lifetime 2.089 mean 0.923 max age 59  (23.6s)
season 218 holistic     alive  60 births  1 deaths  1 best lifetime 2.400 mean 1.097 max age 37  season 218 conventional alive  60 births  2 deaths  2 best lifetime 2.065 mean 0.915 max age 59  (24.6s)
season 219 holistic     alive  60 births  1 deaths  1 best lifetime 2.286 mean 1.039 max age 38  season 219 conventional alive  60 births  1 deaths  1 best lifetime 2.021 mean 0.896 max age 57  (24.0s)
WARNING: Nan, Inf or huge value in QACC at DOF 0. The simulation is unstable. Time = 2.1300.

season 220 holistic     alive  60 births  0 deaths  0 best lifetime 2.273 mean 1.061 max age 39  season 220 conventional alive  60 births  0 deaths  0 best lifetime 2.042 mean 0.919 max age 58  (24.1s)
season 221 holistic     alive  60 births  0 deaths  0 best lifetime 2.435 mean 1.071 max age 40  season 221 conventional alive  60 births  0 deaths  0 best lifetime 2.020 mean 0.951 max age 59  (23.8s)
season 222 holistic     alive  60 births  0 deaths  0 best lifetime 2.458 mean 1.074 max age 41  season 222 conventional alive  60 births  1 deaths  1 best lifetime 2.060 mean 0.949 max age 59  (24.2s)
season 223 holistic     alive  60 births  0 deaths  0 best lifetime 2.680 mean 1.064 max age 42  season 223 conventional alive  60 births  1 deaths  1 best lifetime 2.118 mean 0.921 max age 57  (24.4s)
season 224 holistic     alive  60 births  0 deaths  0 best lifetime 2.577 mean 1.041 max age 43  season 224 conventional alive  60 births  0 deaths  0 best lifetime 2.096 mean 0.927 max age 58  (23.9s)
WARNING: Nan, Inf or huge value in QACC at DOF 20. The simulation is unstable. Time = 4.6750.

season 225 holistic     alive  60 births  1 deaths  1 best lifetime 2.519 mean 1.059 max age 44  season 225 conventional alive  60 births  0 deaths  0 best lifetime 2.113 mean 0.968 max age 59  (24.7s)
season 226 holistic     alive  60 births  0 deaths  0 best lifetime 2.536 mean 1.089 max age 45  season 226 conventional alive  60 births  2 deaths  2 best lifetime 3.000 mean 0.970 max age 59  (23.9s)
season 227 holistic     alive  60 births  0 deaths  0 best lifetime 2.517 mean 1.068 max age 46  season 227 conventional alive  60 births  3 deaths  3 best lifetime 2.500 mean 0.908 max age 59  (24.0s)
season 228 holistic     alive  60 births  0 deaths  0 best lifetime 2.467 mean 1.073 max age 47  season 228 conventional alive  60 births  1 deaths  1 best lifetime 2.143 mean 0.916 max age 59  (23.5s)
season 229 holistic     alive  60 births  0 deaths  0 best lifetime 2.419 mean 1.077 max age 48  season 229 conventional alive  60 births  2 deaths  2 best lifetime 2.140 mean 0.887 max age 57  (24.5s)
season 230 holistic     alive  60 births  0 deaths  0 best lifetime 2.469 mean 1.087 max age 49  season 230 conventional alive  60 births  1 deaths  1 best lifetime 2.250 mean 0.909 max age 58  (23.9s)
season 231 holistic     alive  60 births  0 deaths  0 best lifetime 2.424 mean 1.080 max age 50  season 231 conventional alive  60 births  0 deaths  0 best lifetime 2.400 mean 0.990 max age 59  (24.7s)
season 232 holistic     alive  60 births  0 deaths  0 best lifetime 2.412 mean 1.077 max age 51  season 232 conventional alive  60 births  3 deaths  3 best lifetime 3.000 mean 0.915 max age 59  (23.8s)
season 233 holistic     alive  60 births  0 deaths  0 best lifetime 2.400 mean 1.083 max age 52  season 233 conventional alive  60 births  2 deaths  2 best lifetime 2.571 mean 0.944 max age 59  (23.2s)
WARNING: Nan, Inf or huge value in QACC at DOF 0. The simulation is unstable. Time = 2.4600.

WARNING: Nan, Inf or huge value in QACC at DOF 30. The simulation is unstable. Time = 2.8850.

season 234 holistic     alive  60 births  0 deaths  0 best lifetime 2.444 mean 1.092 max age 53  season 234 conventional alive  60 births  1 deaths  1 best lifetime 4.000 mean 1.021 max age 57  (22.9s)
season 235 holistic     alive  60 births  0 deaths  0 best lifetime 2.432 mean 1.096 max age 54  season 235 conventional alive  60 births  0 deaths  0 best lifetime 3.000 mean 1.009 max age 58  (25.5s)
season 236 holistic     alive  60 births  0 deaths  0 best lifetime 2.395 mean 1.082 max age 55  season 236 conventional alive  60 births  0 deaths  0 best lifetime 2.286 mean 0.987 max age 59  (24.0s)
season 237 holistic     alive  60 births  0 deaths  0 best lifetime 2.462 mean 1.084 max age 56  season 237 conventional alive  60 births  2 deaths  2 best lifetime 2.125 mean 0.960 max age 59  (23.9s)
season 238 holistic     alive  60 births  0 deaths  0 best lifetime 2.475 mean 1.081 max age 57  season 238 conventional alive  60 births  1 deaths  1 best lifetime 2.222 mean 0.942 max age 59  (24.8s)
season 239 holistic     alive  60 births  0 deaths  0 best lifetime 2.463 mean 1.086 max age 58  season 239 conventional alive  60 births  2 deaths  2 best lifetime 2.300 mean 0.928 max age 58  (25.1s)
WARNING: Nan, Inf or huge value in QACC at DOF 20. The simulation is unstable. Time = 3.4050.

season 240 holistic     alive  60 births  0 deaths  0 best lifetime 2.500 mean 1.092 max age 59  season 240 conventional alive  60 births  0 deaths  0 best lifetime 2.636 mean 0.990 max age 59  (23.9s)
season 241 holistic     alive  60 births  1 deaths  1 best lifetime 2.442 mean 1.064 max age 59  season 241 conventional alive  60 births  1 deaths  1 best lifetime 2.444 mean 0.975 max age 59  (24.1s)
season 242 holistic     alive  60 births  2 deaths  2 best lifetime 2.409 mean 1.057 max age 58  season 242 conventional alive  60 births  1 deaths  1 best lifetime 2.385 mean 0.936 max age 57  (24.4s)
WARNING: Nan, Inf or huge value in QACC at DOF 27. The simulation is unstable. Time = 7.7550.

season 243 holistic     alive  60 births  0 deaths  0 best lifetime 2.356 mean 1.116 max age 59  season 243 conventional alive  60 births  0 deaths  0 best lifetime 2.286 mean 0.939 max age 58  (23.8s)
WARNING: Nan, Inf or huge value in QACC at DOF 33. The simulation is unstable. Time = 14.7850.

season 244 holistic     alive  60 births  3 deaths  3 best lifetime 2.370 mean 1.038 max age 58  season 244 conventional alive  60 births  0 deaths  0 best lifetime 2.200 mean 0.943 max age 59  (23.7s)
WARNING: Nan, Inf or huge value in QACC at DOF 2. The simulation is unstable. Time = 12.8600.

season 245 holistic     alive  60 births  1 deaths  1 best lifetime 2.319 mean 1.086 max age 59  season 245 conventional alive  60 births  1 deaths  1 best lifetime 2.154 mean 0.935 max age 58  (24.2s)
season 246 holistic     alive  60 births  1 deaths  1 best lifetime 2.333 mean 1.050 max age 56  season 246 conventional alive  60 births  1 deaths  1 best lifetime 2.000 mean 0.965 max age 59  (24.3s)
season 247 holistic     alive  60 births  0 deaths  0 best lifetime 2.286 mean 1.048 max age 57  season 247 conventional alive  60 births  2 deaths  2 best lifetime 2.067 mean 0.941 max age 59  (23.6s)
season 248 holistic     alive  60 births  2 deaths  2 best lifetime 2.280 mean 1.046 max age 58  season 248 conventional alive  60 births  2 deaths  2 best lifetime 4.000 mean 0.971 max age 59  (23.9s)
season 249 holistic     alive  60 births  0 deaths  0 best lifetime 2.235 mean 1.082 max age 59  season 249 conventional alive  60 births  2 deaths  2 best lifetime 2.000 mean 0.925 max age 58  (25.8s)
season 250 holistic     alive  60 births  2 deaths  2 best lifetime 2.212 mean 1.063 max age 59  season 250 conventional alive  60 births  0 deaths  0 best lifetime 2.000 mean 0.922 max age 59  (23.2s)
WARNING: Nan, Inf or huge value in QACC at DOF 3. The simulation is unstable. Time = 3.2000.

WARNING: Nan, Inf or huge value in QACC at DOF 14. The simulation is unstable. Time = 13.3450.

season 251 holistic     alive  60 births  1 deaths  1 best lifetime 2.264 mean 1.020 max age 59  season 251 conventional alive  60 births  3 deaths  3 best lifetime 2.000 mean 0.869 max age 57  (23.8s)
season 252 holistic     alive  60 births  4 deaths  4 best lifetime 4.000 mean 1.055 max age 59  season 252 conventional alive  60 births  0 deaths  0 best lifetime 2.050 mean 0.898 max age 58  (22.8s)
season 253 holistic     alive  60 births  2 deaths  2 best lifetime 3.000 mean 1.063 max age 59  season 253 conventional alive  60 births  1 deaths  1 best lifetime 2.000 mean 0.905 max age 59  (24.6s)
WARNING: Nan, Inf or huge value in QACC at DOF 0. The simulation is unstable. Time = 6.9950.

season 254 holistic     alive  60 births  3 deaths  3 best lifetime 2.179 mean 1.014 max age 59  season 254 conventional alive  60 births  1 deaths  1 best lifetime 3.000 mean 0.963 max age 59  (24.4s)
season 255 holistic     alive  60 births  3 deaths  3 best lifetime 4.000 mean 1.089 max age 59  season 255 conventional alive  60 births  4 deaths  4 best lifetime 3.000 mean 0.911 max age 58  (24.5s)
season 256 holistic     alive  60 births  6 deaths  6 best lifetime 3.500 mean 1.034 max age 58  season 256 conventional alive  60 births  0 deaths  0 best lifetime 2.800 mean 1.010 max age 59  (24.0s)
season 257 holistic     alive  60 births  1 deaths  1 best lifetime 3.000 mean 1.129 max age 59  season 257 conventional alive  60 births  1 deaths  1 best lifetime 2.833 mean 0.936 max age 59  (23.6s)
WARNING: Nan, Inf or huge value in QACC at DOF 0. The simulation is unstable. Time = 8.0800.

season 258 holistic     alive  60 births  2 deaths  2 best lifetime 2.750 mean 1.122 max age 59  season 258 conventional alive  60 births  2 deaths  2 best lifetime 4.000 mean 0.991 max age 59  (24.1s)
WARNING: Nan, Inf or huge value in QACC at DOF 26. The simulation is unstable. Time = 9.8400.

season 259 holistic     alive  60 births  6 deaths  6 best lifetime 3.250 mean 1.043 max age 59  season 259 conventional alive  60 births  3 deaths  3 best lifetime 4.000 mean 0.958 max age 58  (24.0s)
WARNING: Nan, Inf or huge value in QACC at DOF 21. The simulation is unstable. Time = 3.4800.

season 260 holistic     alive  60 births  2 deaths  2 best lifetime 7.000 mean 1.100 max age 59  season 260 conventional alive  60 births  0 deaths  0 best lifetime 4.000 mean 1.105 max age 59  (25.6s)
season 261 holistic     alive  60 births  3 deaths  3 best lifetime 5.000 mean 1.146 max age 59  season 261 conventional alive  60 births  1 deaths  1 best lifetime 4.250 mean 1.059 max age 58  (24.7s)
season 262 holistic     alive  60 births  2 deaths  2 best lifetime 4.667 mean 1.115 max age 59  season 262 conventional alive  60 births  0 deaths  0 best lifetime 3.600 mean 1.012 max age 59  (25.4s)
season 263 holistic     alive  60 births  7 deaths  7 best lifetime 3.750 mean 1.093 max age 59  season 263 conventional alive  60 births  1 deaths  1 best lifetime 3.333 mean 0.998 max age 59  (25.7s)
season 264 holistic     alive  60 births  2 deaths  2 best lifetime 4.000 mean 1.117 max age 59  season 264 conventional alive  60 births  1 deaths  1 best lifetime 3.429 mean 0.968 max age 58  (24.2s)
WARNING: Nan, Inf or huge value in QACC at DOF 0. The simulation is unstable. Time = 8.6650.

season 265 holistic     alive  60 births  2 deaths  2 best lifetime 3.667 mean 1.079 max age 58  season 265 conventional alive  60 births  1 deaths  1 best lifetime 3.500 mean 0.981 max age 59  (24.9s)
season 266 holistic     alive  60 births  1 deaths  1 best lifetime 3.429 mean 1.081 max age 59  season 266 conventional alive  60 births  1 deaths  1 best lifetime 7.000 mean 1.092 max age 59  (24.6s)
WARNING: Nan, Inf or huge value in QACC at DOF 9. The simulation is unstable. Time = 12.5350.

season 267 holistic     alive  60 births  4 deaths  4 best lifetime 3.125 mean 1.087 max age 58  season 267 conventional alive  60 births  1 deaths  1 best lifetime 3.500 mean 1.027 max age 58  (25.1s)
WARNING: Nan, Inf or huge value in QACC at DOF 25. The simulation is unstable. Time = 0.1600.

WARNING: Nan, Inf or huge value in QACC at DOF 34. The simulation is unstable. Time = 10.9750.

season 268 holistic     alive  60 births  2 deaths  2 best lifetime 3.222 mean 1.136 max age 59  season 268 conventional alive  60 births  0 deaths  0 best lifetime 3.273 mean 1.058 max age 59  (24.4s)
WARNING: Nan, Inf or huge value in QACC at DOF 39. The simulation is unstable. Time = 0.1850.

season 269 holistic     alive  60 births  2 deaths  2 best lifetime 3.200 mean 1.102 max age 58  season 269 conventional alive  60 births  2 deaths  2 best lifetime 3.250 mean 1.023 max age 58  (26.1s)
WARNING: Nan, Inf or huge value in QACC at DOF 0. The simulation is unstable. Time = 0.1600.

WARNING: Nan, Inf or huge value in QACC at DOF 27. The simulation is unstable. Time = 11.3200.

WARNING: Nan, Inf or huge value in QACC at DOF 10. The simulation is unstable. Time = 14.0250.

season 270 holistic     alive  60 births  1 deaths  1 best lifetime 3.364 mean 1.111 max age 59  season 270 conventional alive  60 births  0 deaths  0 best lifetime 3.077 mean 1.022 max age 59  (26.9s)
WARNING: Nan, Inf or huge value in QACC at DOF 3. The simulation is unstable. Time = 0.1650.

WARNING: Nan, Inf or huge value in QACC at DOF 0. The simulation is unstable. Time = 5.6300.

season 271 holistic     alive  60 births  5 deaths  5 best lifetime 5.000 mean 1.069 max age 59  season 271 conventional alive  60 births  3 deaths  3 best lifetime 3.000 mean 1.038 max age 59  (24.9s)
WARNING: Nan, Inf or huge value in QACC at DOF 0. The simulation is unstable. Time = 13.8450.

season 272 holistic     alive  60 births  2 deaths  2 best lifetime 6.000 mean 1.181 max age 58  season 272 conventional alive  60 births  1 deaths  1 best lifetime 2.867 mean 1.017 max age 58  (24.2s)
season 273 holistic     alive  60 births  1 deaths  1 best lifetime 4.500 mean 1.192 max age 59  season 273 conventional alive  60 births  0 deaths  0 best lifetime 2.688 mean 1.014 max age 59  (24.6s)
WARNING: Nan, Inf or huge value in QACC at DOF 9. The simulation is unstable. Time = 4.4800.

WARNING: Nan, Inf or huge value in QACC at DOF 13. The simulation is unstable. Time = 11.0750.

season 274 holistic     alive  60 births  1 deaths  1 best lifetime 4.000 mean 1.181 max age 59  season 274 conventional alive  60 births  1 deaths  1 best lifetime 2.571 mean 0.997 max age 58  (25.5s)
WARNING: Nan, Inf or huge value in QACC at DOF 51. The simulation is unstable. Time = 6.9150.

season 275 holistic     alive  60 births  4 deaths  4 best lifetime 3.188 mean 1.152 max age 59  season 275 conventional alive  60 births  1 deaths  1 best lifetime 2.444 mean 1.027 max age 59  (25.1s)
season 276 holistic     alive  60 births  2 deaths  2 best lifetime 6.000 mean 1.231 max age 58  season 276 conventional alive  60 births  1 deaths  1 best lifetime 2.421 mean 1.018 max age 58  (24.4s)
season 277 holistic     alive  60 births  0 deaths  0 best lifetime 3.500 mean 1.234 max age 59  season 277 conventional alive  60 births  0 deaths  0 best lifetime 2.350 mean 1.061 max age 59  (23.8s)
WARNING: Nan, Inf or huge value in QACC at DOF 23. The simulation is unstable. Time = 14.5800.

WARNING: Nan, Inf or huge value in QACC at DOF 0. The simulation is unstable. Time = 1.9500.

season 278 holistic     alive  60 births  1 deaths  1 best lifetime 3.263 mean 1.234 max age 59  season 278 conventional alive  60 births  2 deaths  2 best lifetime 2.333 mean 1.026 max age 59  (24.2s)
WARNING: Nan, Inf or huge value in QACC at DOF 47. The simulation is unstable. Time = 5.5350.

season 279 holistic     alive  60 births  1 deaths  1 best lifetime 6.000 mean 1.390 max age 54  season 279 conventional alive  60 births  1 deaths  1 best lifetime 6.000 mean 1.141 max age 57  (24.4s)
season 280 holistic     alive  60 births  1 deaths  1 best lifetime 5.000 mean 1.324 max age 55  season 280 conventional alive  60 births  1 deaths  1 best lifetime 7.000 mean 1.191 max age 58  (24.3s)
WARNING: Nan, Inf or huge value in QACC at DOF 9. The simulation is unstable. Time = 10.9900.

season 281 holistic     alive  60 births  0 deaths  0 best lifetime 3.333 mean 1.375 max age 56  season 281 conventional alive  60 births  0 deaths  0 best lifetime 5.000 mean 1.147 max age 59  (24.6s)
season 282 holistic     alive  60 births  0 deaths  0 best lifetime 3.087 mean 1.397 max age 57  season 282 conventional alive  60 births  1 deaths  1 best lifetime 4.250 mean 1.105 max age 59  (24.2s)
season 283 holistic     alive  60 births  0 deaths  0 best lifetime 3.333 mean 1.374 max age 58  season 283 conventional alive  60 births  1 deaths  1 best lifetime 3.400 mean 1.095 max age 57  (24.2s)
season 284 holistic     alive  60 births  1 deaths  1 best lifetime 3.240 mean 1.349 max age 59  season 284 conventional alive  60 births  0 deaths  0 best lifetime 2.833 mean 1.078 max age 58  (24.1s)
season 285 holistic     alive  60 births  1 deaths  1 best lifetime 3.192 mean 1.343 max age 43  season 285 conventional alive  60 births  0 deaths  0 best lifetime 2.429 mean 1.075 max age 59  (25.6s)
season 286 holistic     alive  60 births  0 deaths  0 best lifetime 3.074 mean 1.321 max age 44  season 286 conventional alive  60 births  1 deaths  1 best lifetime 2.276 mean 1.046 max age 59  (26.7s)
season 287 holistic     alive  60 births  0 deaths  0 best lifetime 3.083 mean 1.336 max age 45  season 287 conventional alive  60 births  3 deaths  3 best lifetime 2.233 mean 0.990 max age 59  (23.8s)
season 288 holistic     alive  60 births  0 deaths  0 best lifetime 3.069 mean 1.332 max age 46  season 288 conventional alive  60 births  1 deaths  1 best lifetime 3.000 mean 1.031 max age 59  (25.1s)
WARNING: Nan, Inf or huge value in QACC at DOF 37. The simulation is unstable. Time = 6.9550.

season 289 holistic     alive  60 births  0 deaths  0 best lifetime 3.143 mean 1.342 max age 47  season 289 conventional alive  60 births  2 deaths  2 best lifetime 2.281 mean 1.034 max age 59  (23.6s)
season 290 holistic     alive  60 births  0 deaths  0 best lifetime 3.067 mean 1.327 max age 48  season 290 conventional alive  60 births  1 deaths  1 best lifetime 2.333 mean 1.028 max age 58  (24.6s)
season 291 holistic     alive  60 births  0 deaths  0 best lifetime 3.250 mean 1.341 max age 49  season 291 conventional alive  60 births  0 deaths  0 best lifetime 2.324 mean 1.023 max age 59  (24.0s)
season 292 holistic     alive  60 births  0 deaths  0 best lifetime 3.471 mean 1.341 max age 50  season 292 conventional alive  60 births  3 deaths  3 best lifetime 2.500 mean 0.992 max age 59  (24.3s)
season 293 holistic     alive  60 births  0 deaths  0 best lifetime 3.389 mean 1.330 max age 51  season 293 conventional alive  60 births  2 deaths  2 best lifetime 2.250 mean 0.951 max age 59  (24.8s)
WARNING: Nan, Inf or huge value in QACC at DOF 28. The simulation is unstable. Time = 5.7200.

WARNING: Nan, Inf or huge value in QACC at DOF 10. The simulation is unstable. Time = 2.7950.

season 294 holistic     alive  60 births  0 deaths  0 best lifetime 3.368 mean 1.325 max age 52  season 294 conventional alive  60 births  1 deaths  1 best lifetime 4.000 mean 1.007 max age 57  (24.0s)
season 295 holistic     alive  60 births  0 deaths  0 best lifetime 3.550 mean 1.312 max age 53  season 295 conventional alive  60 births  0 deaths  0 best lifetime 3.500 mean 1.010 max age 58  (24.9s)
season 296 holistic     alive  60 births  0 deaths  0 best lifetime 3.524 mean 1.309 max age 54  season 296 conventional alive  60 births  0 deaths  0 best lifetime 3.000 mean 1.034 max age 59  (25.4s)
WARNING: Nan, Inf or huge value in QACC at DOF 9. The simulation is unstable. Time = 8.2150.

season 297 holistic     alive  60 births  0 deaths  0 best lifetime 3.500 mean 1.298 max age 55  season 297 conventional alive  60 births  1 deaths  1 best lifetime 2.250 mean 1.006 max age 59  (25.0s)
WARNING: Nan, Inf or huge value in QACC at DOF 18. The simulation is unstable. Time = 7.9950.

season 298 holistic     alive  60 births  0 deaths  0 best lifetime 3.478 mean 1.292 max age 56  season 298 conventional alive  60 births  1 deaths  1 best lifetime 5.000 mean 1.082 max age 59  (24.8s)
season 299 holistic     alive  60 births  0 deaths  0 best lifetime 3.417 mean 1.287 max age 57  season 299 conventional alive  60 births  2 deaths  2 best lifetime 2.500 mean 1.002 max age 58  (24.5s)
season 300 holistic     alive  60 births  0 deaths  0 best lifetime 3.280 mean 1.278 max age 58  season 300 conventional alive  60 births  0 deaths  0 best lifetime 2.023 mean 0.985 max age 59  (24.0s)
season 301 holistic     alive  60 births  0 deaths  0 best lifetime 3.154 mean 1.278 max age 59  season 301 conventional alive  60 births  1 deaths  1 best lifetime 1.977 mean 0.960 max age 56  (25.2s)
season 302 holistic     alive  60 births  2 deaths  2 best lifetime 3.296 mean 1.237 max age 57  season 302 conventional alive  60 births  0 deaths  0 best lifetime 3.000 mean 0.992 max age 57  (24.9s)
season 303 holistic     alive  60 births  0 deaths  0 best lifetime 3.286 mean 1.251 max age 58  season 303 conventional alive  60 births  0 deaths  0 best lifetime 2.000 mean 0.980 max age 58  (24.8s)
season 304 holistic     alive  60 births  0 deaths  0 best lifetime 3.207 mean 1.253 max age 59  season 304 conventional alive  60 births  0 deaths  0 best lifetime 2.000 mean 0.972 max age 59  (25.1s)
season 305 holistic     alive  60 births  1 deaths  1 best lifetime 3.133 mean 1.222 max age 57  season 305 conventional alive  60 births  1 deaths  1 best lifetime 2.111 mean 0.949 max age 59  (24.5s)
season 306 holistic     alive  60 births  0 deaths  0 best lifetime 3.129 mean 1.238 max age 58  season 306 conventional alive  60 births  1 deaths  1 best lifetime 2.036 mean 0.935 max age 59  (24.7s)
WARNING: Nan, Inf or huge value in QACC at DOF 36. The simulation is unstable. Time = 11.3550.

season 307 holistic     alive  60 births  0 deaths  0 best lifetime 3.094 mean 1.250 max age 59  season 307 conventional alive  60 births  2 deaths  2 best lifetime 1.966 mean 0.899 max age 59  (24.8s)
season 308 holistic     alive  60 births  2 deaths  2 best lifetime 3.061 mean 1.196 max age 58  season 308 conventional alive  60 births  2 deaths  2 best lifetime 1.900 mean 0.895 max age 59  (25.4s)
season 309 holistic     alive  60 births  0 deaths  0 best lifetime 2.971 mean 1.200 max age 59  season 309 conventional alive  60 births  2 deaths  2 best lifetime 2.000 mean 0.901 max age 58  (24.7s)
WARNING: Nan, Inf or huge value in QACC at DOF 30. The simulation is unstable. Time = 5.6900.

season 310 holistic     alive  60 births  1 deaths  1 best lifetime 3.029 mean 1.181 max age 59  season 310 conventional alive  60 births  0 deaths  0 best lifetime 4.000 mean 0.990 max age 59  (23.9s)
season 311 holistic     alive  60 births  1 deaths  1 best lifetime 2.972 mean 1.151 max age 59  season 311 conventional alive  60 births  4 deaths  4 best lifetime 2.000 mean 0.890 max age 58  (24.2s)
season 312 holistic     alive  60 births  4 deaths  4 best lifetime 3.000 mean 1.096 max age 59  season 312 conventional alive  60 births  0 deaths  0 best lifetime 2.000 mean 0.940 max age 59  (24.7s)
season 313 holistic     alive  60 births  1 deaths  1 best lifetime 3.026 mean 1.205 max age 59  season 313 conventional alive  60 births  1 deaths  1 best lifetime 2.000 mean 0.947 max age 58  (25.5s)
season 314 holistic     alive  60 births  4 deaths  4 best lifetime 2.974 mean 1.156 max age 59  season 314 conventional alive  60 births  0 deaths  0 best lifetime 1.972 mean 0.966 max age 59  (25.6s)
WARNING: Nan, Inf or huge value in QACC at DOF 30. The simulation is unstable. Time = 6.1950.

season 315 holistic     alive  60 births  3 deaths  3 best lifetime 4.000 mean 1.262 max age 59  season 315 conventional alive  60 births  4 deaths  4 best lifetime 1.919 mean 0.897 max age 58  (25.5s)
season 316 holistic     alive  60 births  6 deaths  6 best lifetime 6.000 mean 1.340 max age 58  season 316 conventional alive  60 births  0 deaths  0 best lifetime 3.000 mean 0.982 max age 59  (24.9s)
season 317 holistic     alive  60 births  0 deaths  0 best lifetime 4.333 mean 1.337 max age 59  season 317 conventional alive  60 births  1 deaths  1 best lifetime 2.111 mean 0.921 max age 59  (24.4s)
season 318 holistic     alive  60 births  1 deaths  1 best lifetime 3.750 mean 1.244 max age 59  season 318 conventional alive  60 births  2 deaths  2 best lifetime 2.100 mean 0.907 max age 59  (27.5s)
WARNING: Nan, Inf or huge value in QACC at DOF 0. The simulation is unstable. Time = 14.5950.

season 319 holistic     alive  60 births  2 deaths  2 best lifetime 3.400 mean 1.228 max age 59  season 319 conventional alive  60 births  3 deaths  3 best lifetime 3.000 mean 0.910 max age 58  (26.0s)
season 320 holistic     alive  60 births  4 deaths  4 best lifetime 3.000 mean 1.149 max age 59  season 320 conventional alive  60 births  0 deaths  0 best lifetime 3.000 mean 0.958 max age 59  (25.2s)
season 321 holistic     alive  60 births  2 deaths  2 best lifetime 3.000 mean 1.068 max age 59  season 321 conventional alive  60 births  1 deaths  1 best lifetime 2.500 mean 0.906 max age 58  (26.4s)
season 322 holistic     alive  60 births  2 deaths  2 best lifetime 2.681 mean 1.023 max age 59  season 322 conventional alive  60 births  0 deaths  0 best lifetime 1.714 mean 0.870 max age 59  (25.2s)
season 323 holistic     alive  60 births  5 deaths  5 best lifetime 2.708 mean 0.962 max age 58  season 323 conventional alive  60 births  1 deaths  1 best lifetime 1.733 mean 0.841 max age 59  (24.9s)
season 324 holistic     alive  60 births  2 deaths  2 best lifetime 2.796 mean 0.961 max age 59  season 324 conventional alive  60 births  1 deaths  1 best lifetime 1.750 mean 0.809 max age 59  (25.7s)
WARNING: Nan, Inf or huge value in QACC at DOF 21. The simulation is unstable. Time = 2.9950.

WARNING: Nan, Inf or huge value in QACC at DOF 24. The simulation is unstable. Time = 5.0600.

season 325 holistic     alive  60 births  2 deaths  2 best lifetime 4.000 mean 1.036 max age 59  season 325 conventional alive  60 births  2 deaths  2 best lifetime 1.706 mean 0.797 max age 59  (26.4s)
WARNING: Nan, Inf or huge value in QACC at DOF 13. The simulation is unstable. Time = 10.8800.

season 326 holistic     alive  60 births  3 deaths  3 best lifetime 4.000 mean 1.106 max age 59  season 326 conventional alive  60 births  2 deaths  2 best lifetime 3.500 mean 0.910 max age 59  (25.4s)
season 327 holistic     alive  60 births  4 deaths  4 best lifetime 5.000 mean 1.128 max age 58  season 327 conventional alive  60 births  3 deaths  3 best lifetime 3.000 mean 0.903 max age 58  (26.0s)
season 328 holistic     alive  60 births  0 deaths  0 best lifetime 2.774 mean 1.187 max age 59  season 328 conventional alive  60 births  0 deaths  0 best lifetime 5.000 mean 1.004 max age 59  (28.1s)
season 329 holistic     alive  60 births  2 deaths  2 best lifetime 3.000 mean 1.183 max age 59  season 329 conventional alive  60 births  2 deaths  2 best lifetime 2.500 mean 0.960 max age 58  (27.0s)
season 330 holistic     alive  60 births  2 deaths  2 best lifetime 2.745 mean 1.144 max age 59  season 330 conventional alive  60 births  0 deaths  0 best lifetime 3.000 mean 0.970 max age 59  (27.4s)
season 331 holistic     alive  60 births  6 deaths  6 best lifetime 2.750 mean 1.069 max age 59  season 331 conventional alive  60 births  2 deaths  2 best lifetime 2.500 mean 0.964 max age 59  (27.2s)
season 332 holistic     alive  60 births  2 deaths  2 best lifetime 2.789 mean 1.062 max age 59  season 332 conventional alive  60 births  1 deaths  1 best lifetime 2.000 mean 0.950 max age 58  (29.2s)
season 333 holistic     alive  60 births  1 deaths  1 best lifetime 2.776 mean 1.054 max age 59  season 333 conventional alive  60 births  0 deaths  0 best lifetime 1.889 mean 0.933 max age 59  (27.3s)
season 334 holistic     alive  60 births  3 deaths  3 best lifetime 2.729 mean 1.016 max age 59  season 334 conventional alive  60 births  1 deaths  1 best lifetime 1.900 mean 0.940 max age 59  (27.9s)
season 335 holistic     alive  60 births  5 deaths  5 best lifetime 2.643 mean 1.000 max age 59  season 335 conventional alive  60 births  1 deaths  1 best lifetime 1.778 mean 0.908 max age 57  (26.6s)
season 336 holistic     alive  60 births  2 deaths  2 best lifetime 3.000 mean 1.106 max age 58  season 336 conventional alive  60 births  1 deaths  1 best lifetime 2.000 mean 0.960 max age 58  (26.8s)
season 337 holistic     alive  60 births  0 deaths  0 best lifetime 2.625 mean 1.115 max age 59  season 337 conventional alive  60 births  1 deaths  1 best lifetime 3.667 mean 0.997 max age 59  (26.3s)
WARNING: Nan, Inf or huge value in QACC at DOF 33. The simulation is unstable. Time = 3.2650.

season 338 holistic     alive  60 births  1 deaths  1 best lifetime 2.588 mean 1.099 max age 59  season 338 conventional alive  60 births  2 deaths  2 best lifetime 3.000 mean 0.938 max age 59  (27.2s)
season 339 holistic     alive  60 births  2 deaths  2 best lifetime 2.444 mean 1.087 max age 59  season 339 conventional alive  60 births  1 deaths  1 best lifetime 2.500 mean 0.925 max age 59  (26.6s)
season 340 holistic     alive  60 births  2 deaths  2 best lifetime 2.600 mean 1.120 max age 56  season 340 conventional alive  60 births  1 deaths  1 best lifetime 2.462 mean 0.947 max age 58  (27.7s)
season 341 holistic     alive  60 births  0 deaths  0 best lifetime 4.000 mean 1.205 max age 57  season 341 conventional alive  60 births  0 deaths  0 best lifetime 2.500 mean 0.940 max age 59  (26.1s)
season 342 holistic     alive  60 births  1 deaths  1 best lifetime 3.500 mean 1.179 max age 58  season 342 conventional alive  60 births  1 deaths  1 best lifetime 2.333 mean 0.908 max age 59  (27.5s)
season 343 holistic     alive  60 births  1 deaths  1 best lifetime 2.667 mean 1.169 max age 59  season 343 conventional alive  60 births  1 deaths  1 best lifetime 2.250 mean 0.931 max age 57  (27.3s)
season 344 holistic     alive  60 births  2 deaths  2 best lifetime 3.000 mean 1.123 max age 59  season 344 conventional alive  60 births  0 deaths  0 best lifetime 2.118 mean 0.951 max age 58  (25.9s)
season 345 holistic     alive  60 births  1 deaths  1 best lifetime 2.400 mean 1.117 max age 43  season 345 conventional alive  60 births  0 deaths  0 best lifetime 2.000 mean 0.962 max age 59  (27.9s)
season 346 holistic     alive  60 births  2 deaths  2 best lifetime 2.500 mean 1.094 max age 44  season 346 conventional alive  60 births  1 deaths  1 best lifetime 1.947 mean 0.929 max age 59  (26.4s)
season 347 holistic     alive  60 births  0 deaths  0 best lifetime 4.000 mean 1.176 max age 45  season 347 conventional alive  60 births  3 deaths  3 best lifetime 1.950 mean 0.877 max age 59  (26.8s)
season 348 holistic     alive  60 births  1 deaths  1 best lifetime 2.250 mean 1.144 max age 46  season 348 conventional alive  60 births  1 deaths  1 best lifetime 2.000 mean 0.893 max age 59  (26.9s)
season 349 holistic     alive  60 births  0 deaths  0 best lifetime 2.333 mean 1.132 max age 47  season 349 conventional alive  60 births  2 deaths  2 best lifetime 2.045 mean 0.881 max age 59  (27.8s)
season 350 holistic     alive  60 births  0 deaths  0 best lifetime 2.600 mean 1.116 max age 48  season 350 conventional alive  60 births  1 deaths  1 best lifetime 3.000 mean 0.907 max age 58  (27.5s)
season 351 holistic     alive  60 births  0 deaths  0 best lifetime 2.545 mean 1.105 max age 49  season 351 conventional alive  60 births  0 deaths  0 best lifetime 2.167 mean 0.907 max age 59  (27.5s)
season 352 holistic     alive  60 births  0 deaths  0 best lifetime 2.419 mean 1.093 max age 50  season 352 conventional alive  60 births  3 deaths  3 best lifetime 2.160 mean 0.874 max age 59  (27.6s)
season 353 holistic     alive  60 births  0 deaths  0 best lifetime 2.469 mean 1.091 max age 51  season 353 conventional alive  60 births  2 deaths  2 best lifetime 2.077 mean 0.861 max age 59  (26.6s)
season 354 holistic     alive  60 births  0 deaths  0 best lifetime 2.515 mean 1.112 max age 52  season 354 conventional alive  60 births  1 deaths  1 best lifetime 4.000 mean 0.965 max age 57  (27.6s)
WARNING: Nan, Inf or huge value in QACC at DOF 33. The simulation is unstable. Time = 4.0700.

season 355 holistic     alive  60 births  1 deaths  1 best lifetime 2.500 mean 1.100 max age 53  season 355 conventional alive  60 births  0 deaths  0 best lifetime 2.333 mean 0.919 max age 58  (27.4s)
season 356 holistic     alive  60 births  0 deaths  0 best lifetime 3.000 mean 1.151 max age 54  season 356 conventional alive  60 births  0 deaths  0 best lifetime 1.862 mean 0.900 max age 59  (28.8s)
season 357 holistic     alive  60 births  0 deaths  0 best lifetime 2.639 mean 1.152 max age 55  season 357 conventional alive  60 births  2 deaths  2 best lifetime 1.867 mean 0.871 max age 59  (29.5s)
season 358 holistic     alive  60 births  0 deaths  0 best lifetime 2.649 mean 1.142 max age 56  season 358 conventional alive  60 births  1 deaths  1 best lifetime 1.871 mean 0.828 max age 59  (26.7s)
season 359 holistic     alive  60 births  0 deaths  0 best lifetime 2.605 mean 1.130 max age 57  season 359 conventional alive  60 births  2 deaths  2 best lifetime 1.875 mean 0.809 max age 58  (28.1s)
season 360 holistic     alive  60 births  0 deaths  0 best lifetime 2.538 mean 1.126 max age 58  season 360 conventional alive  60 births  0 deaths  0 best lifetime 1.879 mean 0.850 max age 59  (28.8s)
season 361 holistic     alive  60 births  0 deaths  0 best lifetime 2.475 mean 1.119 max age 59  season 361 conventional alive  60 births  1 deaths  1 best lifetime 3.500 mean 0.920 max age 56  (27.4s)
season 362 holistic     alive  60 births  2 deaths  2 best lifetime 2.439 mean 1.101 max age 57  season 362 conventional alive  60 births  0 deaths  0 best lifetime 3.000 mean 0.973 max age 57  (28.8s)
season 363 holistic     alive  60 births  1 deaths  1 best lifetime 2.405 mean 1.114 max age 58  season 363 conventional alive  60 births  0 deaths  0 best lifetime 2.250 mean 0.932 max age 58  (27.8s)
season 364 holistic     alive  60 births  0 deaths  0 best lifetime 2.488 mean 1.132 max age 59  season 364 conventional alive  60 births  0 deaths  0 best lifetime 1.838 mean 0.930 max age 59  (28.5s)
season 365 holistic     alive  60 births  1 deaths  1 best lifetime 2.455 mean 1.107 max age 57  season 365 conventional alive  60 births  1 deaths  1 best lifetime 1.833 mean 0.911 max age 59  (27.5s)
season 366 holistic     alive  60 births  0 deaths  0 best lifetime 2.422 mean 1.125 max age 58  season 366 conventional alive  60 births  1 deaths  1 best lifetime 1.941 mean 0.904 max age 59  (29.5s)
season 367 holistic     alive  60 births  1 deaths  1 best lifetime 2.413 mean 1.146 max age 59  season 367 conventional alive  60 births  1 deaths  1 best lifetime 1.889 mean 0.876 max age 59  (28.3s)
season 368 holistic     alive  60 births  1 deaths  1 best lifetime 2.426 mean 1.146 max age 57  season 368 conventional alive  60 births  2 deaths  2 best lifetime 1.842 mean 0.852 max age 59  (28.0s)
season 369 holistic     alive  60 births  0 deaths  0 best lifetime 2.396 mean 1.180 max age 58  season 369 conventional alive  60 births  2 deaths  2 best lifetime 2.000 mean 0.874 max age 58  (28.8s)
season 370 holistic     alive  60 births  0 deaths  0 best lifetime 2.367 mean 1.154 max age 59  season 370 conventional alive  60 births  0 deaths  0 best lifetime 1.952 mean 0.863 max age 59  (27.5s)
WARNING: Nan, Inf or huge value in QACC at DOF 0. The simulation is unstable. Time = 14.6200.

season 371 holistic     alive  60 births  1 deaths  1 best lifetime 2.320 mean 1.127 max age 59  season 371 conventional alive  60 births  5 deaths  5 best lifetime 1.864 mean 0.816 max age 58  (28.2s)
season 372 holistic     alive  60 births  4 deaths  4 best lifetime 2.333 mean 1.059 max age 59  season 372 conventional alive  60 births  1 deaths  1 best lifetime 2.000 mean 0.886 max age 59  (28.7s)
season 373 holistic     alive  60 births  1 deaths  1 best lifetime 2.327 mean 1.074 max age 59  season 373 conventional alive  60 births  1 deaths  1 best lifetime 2.000 mean 0.837 max age 58  (30.3s)
season 374 holistic     alive  60 births  3 deaths  3 best lifetime 2.500 mean 1.065 max age 59  season 374 conventional alive  60 births  0 deaths  0 best lifetime 1.800 mean 0.845 max age 59  (28.2s)
season 375 holistic     alive  60 births  3 deaths  3 best lifetime 5.000 mean 1.132 max age 59  season 375 conventional alive  60 births  3 deaths  3 best lifetime 1.808 mean 0.824 max age 58  (28.6s)
WARNING: Nan, Inf or huge value in QACC at DOF 30. The simulation is unstable. Time = 13.4100.

WARNING: Nan, Inf or huge value in QACC at DOF 20. The simulation is unstable. Time = 7.4650.

season 376 holistic     alive  60 births  4 deaths  4 best lifetime 2.500 mean 1.025 max age 57  season 376 conventional alive  60 births  0 deaths  0 best lifetime 1.778 mean 0.877 max age 59  (29.0s)
season 377 holistic     alive  60 births  1 deaths  1 best lifetime 2.268 mean 1.055 max age 58  season 377 conventional alive  60 births  1 deaths  1 best lifetime 2.167 mean 0.877 max age 59  (29.1s)
season 378 holistic     alive  60 births  0 deaths  0 best lifetime 2.250 mean 1.088 max age 59  season 378 conventional alive  60 births  1 deaths  1 best lifetime 2.000 mean 0.864 max age 59  (28.5s)
season 379 holistic     alive  60 births  3 deaths  3 best lifetime 2.333 mean 1.078 max age 59  season 379 conventional alive  60 births  3 deaths  3 best lifetime 2.000 mean 0.840 max age 55  (30.3s)
WARNING: Nan, Inf or huge value in QACC at DOF 33. The simulation is unstable. Time = 5.7500.

season 380 holistic     alive  60 births  2 deaths  2 best lifetime 2.220 mean 1.005 max age 59  season 380 conventional alive  60 births  0 deaths  0 best lifetime 3.000 mean 0.974 max age 56  (31.1s)
season 381 holistic     alive  60 births  1 deaths  1 best lifetime 2.000 mean 1.024 max age 59  season 381 conventional alive  60 births  0 deaths  0 best lifetime 2.300 mean 0.950 max age 57  (29.8s)
season 382 holistic     alive  60 births  1 deaths  1 best lifetime 1.786 mean 1.011 max age 59  season 382 conventional alive  60 births  0 deaths  0 best lifetime 2.636 mean 0.936 max age 58  (28.6s)
season 383 holistic     alive  60 births  1 deaths  1 best lifetime 1.814 mean 1.027 max age 59  season 383 conventional alive  60 births  0 deaths  0 best lifetime 2.667 mean 0.929 max age 59  (30.4s)
season 384 holistic     alive  60 births  2 deaths  2 best lifetime 2.000 mean 1.054 max age 59  season 384 conventional alive  60 births  1 deaths  1 best lifetime 2.538 mean 0.897 max age 59  (30.6s)
season 385 holistic     alive  60 births  2 deaths  2 best lifetime 2.000 mean 1.055 max age 59  season 385 conventional alive  60 births  2 deaths  2 best lifetime 2.429 mean 0.879 max age 59  (30.8s)
season 386 holistic     alive  60 births  1 deaths  1 best lifetime 2.143 mean 1.031 max age 59  season 386 conventional alive  60 births  2 deaths  2 best lifetime 2.400 mean 0.881 max age 59  (28.7s)
WARNING: Nan, Inf or huge value in QACC at DOF 0. The simulation is unstable. Time = 6.2000.

season 387 holistic     alive  60 births  4 deaths  4 best lifetime 4.000 mean 1.059 max age 58  season 387 conventional alive  60 births  3 deaths  3 best lifetime 2.250 mean 0.861 max age 58  (30.8s)
season 388 holistic     alive  60 births  1 deaths  1 best lifetime 3.000 mean 1.127 max age 59  season 388 conventional alive  60 births  0 deaths  0 best lifetime 2.118 mean 0.885 max age 59  (29.6s)
WARNING: Nan, Inf or huge value in QACC at DOF 33. The simulation is unstable. Time = 10.5400.

season 389 holistic     alive  60 births  3 deaths  3 best lifetime 2.000 mean 1.128 max age 59  season 389 conventional alive  60 births  1 deaths  1 best lifetime 2.056 mean 0.959 max age 58  (29.0s)
season 390 holistic     alive  60 births  1 deaths  1 best lifetime 3.000 mean 1.164 max age 59  season 390 conventional alive  60 births  0 deaths  0 best lifetime 2.053 mean 0.957 max age 59  (28.8s)
season 391 holistic     alive  60 births  5 deaths  5 best lifetime 2.143 mean 1.103 max age 59  season 391 conventional alive  60 births  2 deaths  2 best lifetime 2.200 mean 0.944 max age 57  (29.8s)
season 392 holistic     alive  60 births  1 deaths  1 best lifetime 2.375 mean 1.152 max age 59  season 392 conventional alive  60 births  0 deaths  0 best lifetime 2.143 mean 0.996 max age 58  (31.7s)
season 393 holistic     alive  60 births  2 deaths  2 best lifetime 3.000 mean 1.201 max age 59  season 393 conventional alive  60 births  0 deaths  0 best lifetime 2.182 mean 0.997 max age 59  (30.2s)
season 394 holistic     alive  60 births  1 deaths  1 best lifetime 4.000 mean 1.303 max age 59  season 394 conventional alive  60 births  1 deaths  1 best lifetime 2.304 mean 0.979 max age 59  (28.9s)
season 395 holistic     alive  60 births  6 deaths  6 best lifetime 2.600 mean 1.184 max age 59  season 395 conventional alive  60 births  1 deaths  1 best lifetime 2.375 mean 0.974 max age 59  (28.1s)
WARNING: Nan, Inf or huge value in QACC at DOF 10. The simulation is unstable. Time = 12.1400.

season 396 holistic     alive  60 births  1 deaths  1 best lifetime 8.000 mean 1.353 max age 57  season 396 conventional alive  60 births  1 deaths  1 best lifetime 2.280 mean 0.971 max age 59  (29.7s)
season 397 holistic     alive  60 births  0 deaths  0 best lifetime 4.000 mean 1.249 max age 58  season 397 conventional alive  60 births  1 deaths  1 best lifetime 2.500 mean 0.977 max age 59  (28.5s)
season 398 holistic     alive  60 births  1 deaths  1 best lifetime 3.125 mean 1.209 max age 59  season 398 conventional alive  60 births  2 deaths  2 best lifetime 2.333 mean 0.912 max age 59  (29.3s)
season 399 holistic     alive  60 births  3 deaths  3 best lifetime 3.000 mean 1.193 max age 59  season 399 conventional alive  60 births  1 deaths  1 best lifetime 2.286 mean 0.941 max age 59  (27.9s)
season 400 holistic     alive  60 births  2 deaths  2 best lifetime 3.000 mean 1.211 max age 58  season 400 conventional alive  60 births  1 deaths  1 best lifetime 2.276 mean 0.922 max age 58  (26.9s)
season 401 holistic     alive  60 births  0 deaths  0 best lifetime 3.000 mean 1.176 max age 59  season 401 conventional alive  60 births  0 deaths  0 best lifetime 2.667 mean 0.928 max age 59  (27.5s)
season 402 holistic     alive  60 births  1 deaths  1 best lifetime 2.833 mean 1.178 max age 58  season 402 conventional alive  60 births  1 deaths  1 best lifetime 2.750 mean 0.973 max age 59  (28.3s)
season 403 holistic     alive  60 births  0 deaths  0 best lifetime 2.846 mean 1.191 max age 59  season 403 conventional alive  60 births  1 deaths  1 best lifetime 2.800 mean 0.966 max age 57  (28.2s)
season 404 holistic     alive  60 births  2 deaths  2 best lifetime 2.786 mean 1.165 max age 59  season 404 conventional alive  60 births  0 deaths  0 best lifetime 2.500 mean 0.941 max age 58  (27.0s)
season 405 holistic     alive  60 births  1 deaths  1 best lifetime 3.000 mean 1.199 max age 59  season 405 conventional alive  60 births  0 deaths  0 best lifetime 2.571 mean 0.986 max age 59  (28.2s)
season 406 holistic     alive  60 births  2 deaths  2 best lifetime 2.625 mean 1.119 max age 58  season 406 conventional alive  60 births  1 deaths  1 best lifetime 2.500 mean 0.937 max age 59  (27.2s)
season 407 holistic     alive  60 births  0 deaths  0 best lifetime 2.647 mean 1.154 max age 59  season 407 conventional alive  60 births  3 deaths  3 best lifetime 2.444 mean 0.921 max age 59  (27.1s)
season 408 holistic     alive  60 births  1 deaths  1 best lifetime 2.611 mean 1.141 max age 53  season 408 conventional alive  60 births  1 deaths  1 best lifetime 2.378 mean 0.984 max age 59  (28.1s)
WARNING: Nan, Inf or huge value in QACC at DOF 20. The simulation is unstable. Time = 6.0600.

season 409 holistic     alive  60 births  0 deaths  0 best lifetime 2.474 mean 1.166 max age 54  season 409 conventional alive  60 births  2 deaths  2 best lifetime 2.395 mean 0.936 max age 59  (26.9s)
season 410 holistic     alive  60 births  1 deaths  1 best lifetime 2.350 mean 1.178 max age 55  season 410 conventional alive  60 births  1 deaths  1 best lifetime 2.410 mean 0.930 max age 58  (28.7s)
season 411 holistic     alive  60 births  0 deaths  0 best lifetime 3.000 mean 1.189 max age 56  season 411 conventional alive  60 births  0 deaths  0 best lifetime 2.375 mean 0.921 max age 59  (28.1s)
season 412 holistic     alive  60 births  0 deaths  0 best lifetime 2.750 mean 1.182 max age 57  season 412 conventional alive  60 births  3 deaths  3 best lifetime 2.390 mean 0.878 max age 59  (27.2s)
season 413 holistic     alive  60 births  1 deaths  1 best lifetime 2.261 mean 1.168 max age 58  season 413 conventional alive  60 births  2 deaths  2 best lifetime 3.000 mean 0.918 max age 59  (27.6s)
season 414 holistic     alive  60 births  1 deaths  1 best lifetime 2.292 mean 1.178 max age 59  season 414 conventional alive  60 births  2 deaths  2 best lifetime 2.326 mean 0.893 max age 57  (27.5s)
season 415 holistic     alive  60 births  1 deaths  1 best lifetime 2.240 mean 1.147 max age 53  season 415 conventional alive  60 births  0 deaths  0 best lifetime 2.295 mean 0.898 max age 58  (27.2s)
season 416 holistic     alive  60 births  0 deaths  0 best lifetime 2.192 mean 1.146 max age 54  season 416 conventional alive  60 births  0 deaths  0 best lifetime 2.500 mean 0.922 max age 59  (27.6s)
season 417 holistic     alive  60 births  1 deaths  1 best lifetime 2.148 mean 1.134 max age 55  season 417 conventional alive  60 births  2 deaths  2 best lifetime 2.217 mean 0.862 max age 59  (26.9s)
season 418 holistic     alive  60 births  1 deaths  1 best lifetime 2.143 mean 1.112 max age 56  season 418 conventional alive  60 births  2 deaths  2 best lifetime 2.255 mean 0.844 max age 59  (27.0s)
season 419 holistic     alive  60 births  0 deaths  0 best lifetime 2.172 mean 1.126 max age 57  season 419 conventional alive  60 births  2 deaths  2 best lifetime 2.292 mean 0.803 max age 58  (26.4s)
season 420 holistic     alive  60 births  0 deaths  0 best lifetime 2.265 mean 1.119 max age 58  season 420 conventional alive  60 births  1 deaths  1 best lifetime 2.286 mean 0.868 max age 59  (26.7s)
WARNING: Nan, Inf or huge value in QACC at DOF 0. The simulation is unstable. Time = 4.8300.

season 421 holistic     alive  60 births  2 deaths  2 best lifetime 2.343 mean 1.102 max age 59  season 421 conventional alive  60 births  3 deaths  3 best lifetime 2.667 mean 0.873 max age 56  (27.1s)
season 422 holistic     alive  60 births  2 deaths  2 best lifetime 2.278 mean 1.091 max age 57  season 422 conventional alive  60 births  0 deaths  0 best lifetime 2.500 mean 0.915 max age 57  (25.7s)
season 423 holistic     alive  60 births  0 deaths  0 best lifetime 5.000 mean 1.177 max age 58  season 423 conventional alive  60 births  0 deaths  0 best lifetime 3.200 mean 0.909 max age 58  (26.2s)
season 424 holistic     alive  60 births  0 deaths  0 best lifetime 4.667 mean 1.179 max age 59  season 424 conventional alive  60 births  1 deaths  1 best lifetime 3.000 mean 0.911 max age 59  (26.2s)
season 425 holistic     alive  60 births  1 deaths  1 best lifetime 4.000 mean 1.156 max age 58  season 425 conventional alive  60 births  2 deaths  2 best lifetime 3.286 mean 0.924 max age 59  (25.0s)
season 426 holistic     alive  60 births  1 deaths  1 best lifetime 3.200 mean 1.138 max age 59  season 426 conventional alive  60 births  1 deaths  1 best lifetime 3.125 mean 0.925 max age 58  (25.6s)
season 427 holistic     alive  60 births  1 deaths  1 best lifetime 3.000 mean 1.125 max age 59  season 427 conventional alive  60 births  0 deaths  0 best lifetime 2.889 mean 0.929 max age 59  (25.4s)
season 428 holistic     alive  60 births  1 deaths  1 best lifetime 3.571 mean 1.128 max age 57  season 428 conventional alive  60 births  1 deaths  1 best lifetime 2.667 mean 0.941 max age 59  (26.6s)
season 429 holistic     alive  60 births  0 deaths  0 best lifetime 3.750 mean 1.184 max age 58  season 429 conventional alive  60 births  2 deaths  2 best lifetime 3.000 mean 0.934 max age 58  (25.0s)
season 430 holistic     alive  60 births  1 deaths  1 best lifetime 3.778 mean 1.177 max age 59  season 430 conventional alive  60 births  1 deaths  1 best lifetime 4.000 mean 1.035 max age 59  (25.0s)
season 431 holistic     alive  60 births  2 deaths  2 best lifetime 3.600 mean 1.184 max age 59  season 431 conventional alive  60 births  6 deaths  6 best lifetime 2.769 mean 0.927 max age 59  (25.5s)
season 432 holistic     alive  60 births  3 deaths  3 best lifetime 3.273 mean 1.083 max age 58  season 432 conventional alive  60 births  1 deaths  1 best lifetime 4.000 mean 1.050 max age 59  (25.7s)
season 433 holistic     alive  60 births  0 deaths  0 best lifetime 3.083 mean 1.169 max age 59  season 433 conventional alive  60 births  1 deaths  1 best lifetime 3.125 mean 1.002 max age 58  (24.3s)
season 434 holistic     alive  60 births  3 deaths  3 best lifetime 3.000 mean 1.128 max age 59  season 434 conventional alive  60 births  0 deaths  0 best lifetime 2.889 mean 0.964 max age 59  (25.4s)
season 435 holistic     alive  60 births  3 deaths  3 best lifetime 2.643 mean 1.078 max age 59  season 435 conventional alive  60 births  4 deaths  4 best lifetime 2.800 mean 0.932 max age 58  (27.1s)
season 436 holistic     alive  60 births  4 deaths  4 best lifetime 2.800 mean 1.025 max age 59  season 436 conventional alive  60 births  0 deaths  0 best lifetime 3.000 mean 1.015 max age 59  (25.5s)
WARNING: Nan, Inf or huge value in QACC at DOF 20. The simulation is unstable. Time = 12.0300.

season 437 holistic     alive  60 births  1 deaths  1 best lifetime 5.000 mean 1.105 max age 58  season 437 conventional alive  60 births  1 deaths  1 best lifetime 3.500 mean 0.961 max age 59  (26.3s)
season 438 holistic     alive  60 births  1 deaths  1 best lifetime 2.588 mean 1.053 max age 59  season 438 conventional alive  60 births  2 deaths  2 best lifetime 3.000 mean 0.891 max age 59  (25.2s)
season 439 holistic     alive  60 births  3 deaths  3 best lifetime 2.444 mean 1.009 max age 59  season 439 conventional alive  60 births  4 deaths  4 best lifetime 3.000 mean 0.872 max age 55  (25.8s)
season 440 holistic     alive  60 births  3 deaths  3 best lifetime 2.368 mean 1.057 max age 59  season 440 conventional alive  60 births  0 deaths  0 best lifetime 2.800 mean 0.894 max age 56  (25.4s)
WARNING: Nan, Inf or huge value in QACC at DOF 20. The simulation is unstable. Time = 3.7050.

season 441 holistic     alive  60 births  2 deaths  2 best lifetime 7.000 mean 1.148 max age 59  season 441 conventional alive  60 births  0 deaths  0 best lifetime 2.500 mean 0.928 max age 57  (24.8s)
WARNING: Nan, Inf or huge value in QACC at DOF 23. The simulation is unstable. Time = 4.4800.

season 442 holistic     alive  60 births  2 deaths  2 best lifetime 5.000 mean 1.159 max age 59  season 442 conventional alive  60 births  0 deaths  0 best lifetime 2.353 mean 0.916 max age 58  (26.0s)
season 443 holistic     alive  60 births  1 deaths  1 best lifetime 4.000 mean 1.169 max age 59  season 443 conventional alive  60 births  1 deaths  1 best lifetime 2.444 mean 0.948 max age 59  (25.2s)
season 444 holistic     alive  60 births  1 deaths  1 best lifetime 3.750 mean 1.148 max age 59  season 444 conventional alive  60 births  1 deaths  1 best lifetime 2.316 mean 0.965 max age 59  (25.6s)
season 445 holistic     alive  60 births  2 deaths  2 best lifetime 3.400 mean 1.140 max age 59  season 445 conventional alive  60 births  2 deaths  2 best lifetime 2.500 mean 0.951 max age 59  (26.4s)
season 446 holistic     alive  60 births  3 deaths  3 best lifetime 6.000 mean 1.202 max age 59  season 446 conventional alive  60 births  2 deaths  2 best lifetime 2.190 mean 0.944 max age 59  (24.5s)
season 447 holistic     alive  60 births  3 deaths  3 best lifetime 5.000 mean 1.200 max age 59  season 447 conventional alive  60 births  3 deaths  3 best lifetime 2.167 mean 0.908 max age 58  (24.7s)
season 448 holistic     alive  60 births  1 deaths  1 best lifetime 6.000 mean 1.314 max age 59  season 448 conventional alive  60 births  0 deaths  0 best lifetime 2.133 mean 0.962 max age 59  (25.6s)
season 449 holistic     alive  60 births  1 deaths  1 best lifetime 4.667 mean 1.267 max age 59  season 449 conventional alive  60 births  1 deaths  1 best lifetime 2.129 mean 0.956 max age 58  (25.4s)
season 450 holistic     alive  60 births  2 deaths  2 best lifetime 3.750 mean 1.217 max age 59  season 450 conventional alive  60 births  1 deaths  1 best lifetime 2.333 mean 0.954 max age 59  (25.3s)
season 451 holistic     alive  60 births  4 deaths  4 best lifetime 4.000 mean 1.191 max age 59  season 451 conventional alive  60 births  3 deaths  3 best lifetime 3.500 mean 0.999 max age 57  (24.9s)
season 452 holistic     alive  60 births  1 deaths  1 best lifetime 3.500 mean 1.217 max age 59  season 452 conventional alive  60 births  0 deaths  0 best lifetime 3.000 mean 1.062 max age 58  (25.1s)
season 453 holistic     alive  60 births  3 deaths  3 best lifetime 3.500 mean 1.207 max age 58  season 453 conventional alive  60 births  0 deaths  0 best lifetime 2.250 mean 1.018 max age 59  (24.8s)
season 454 holistic     alive  60 births  2 deaths  2 best lifetime 3.333 mean 1.182 max age 59  season 454 conventional alive  60 births  1 deaths  1 best lifetime 2.207 mean 1.006 max age 59  (24.7s)
WARNING: Nan, Inf or huge value in QACC at DOF 10. The simulation is unstable. Time = 2.1700.

season 455 holistic     alive  60 births  7 deaths  7 best lifetime 3.000 mean 1.091 max age 57  season 455 conventional alive  60 births  1 deaths  1 best lifetime 2.135 mean 1.000 max age 59  (24.5s)
season 456 holistic     alive  60 births  0 deaths  0 best lifetime 3.000 mean 1.251 max age 58  season 456 conventional alive  60 births  1 deaths  1 best lifetime 2.105 mean 1.039 max age 59  (24.6s)
season 457 holistic     alive  60 births  2 deaths  2 best lifetime 3.000 mean 1.277 max age 59  season 457 conventional alive  60 births  1 deaths  1 best lifetime 2.077 mean 1.048 max age 59  (24.6s)
season 458 holistic     alive  60 births  1 deaths  1 best lifetime 2.667 mean 1.226 max age 59  season 458 conventional alive  60 births  2 deaths  2 best lifetime 3.000 mean 1.036 max age 59  (23.7s)
WARNING: Nan, Inf or huge value in QACC at DOF 13. The simulation is unstable. Time = 5.5900.

season 459 holistic     alive  60 births  4 deaths  4 best lifetime 2.538 mean 1.204 max age 59  season 459 conventional alive  60 births  1 deaths  1 best lifetime 2.500 mean 1.058 max age 59  (24.4s)
season 460 holistic     alive  60 births  1 deaths  1 best lifetime 2.571 mean 1.187 max age 58  season 460 conventional alive  60 births  1 deaths  1 best lifetime 2.040 mean 1.002 max age 58  (25.8s)
season 461 holistic     alive  60 births  2 deaths  2 best lifetime 3.000 mean 1.240 max age 59  season 461 conventional alive  60 births  0 deaths  0 best lifetime 2.000 mean 1.023 max age 59  (25.9s)
season 462 holistic     alive  60 births  2 deaths  2 best lifetime 4.000 mean 1.267 max age 58  season 462 conventional alive  60 births  1 deaths  1 best lifetime 2.200 mean 0.980 max age 59  (25.8s)
season 463 holistic     alive  60 births  1 deaths  1 best lifetime 3.500 mean 1.307 max age 59  season 463 conventional alive  60 births  1 deaths  1 best lifetime 2.333 mean 0.971 max age 57  (26.9s)
season 464 holistic     alive  60 births  2 deaths  2 best lifetime 4.500 mean 1.276 max age 58  season 464 conventional alive  60 births  1 deaths  1 best lifetime 2.286 mean 1.042 max age 58  (25.5s)
season 465 holistic     alive  60 births  1 deaths  1 best lifetime 4.667 mean 1.256 max age 59  season 465 conventional alive  60 births  0 deaths  0 best lifetime 2.333 mean 1.034 max age 59  (25.7s)
season 466 holistic     alive  60 births  1 deaths  1 best lifetime 3.500 mean 1.230 max age 58  season 466 conventional alive  60 births  1 deaths  1 best lifetime 2.000 mean 1.011 max age 59  (27.6s)
WARNING: Nan, Inf or huge value in QACC at DOF 12. The simulation is unstable. Time = 4.8750.

season 467 holistic     alive  60 births  0 deaths  0 best lifetime 3.200 mean 1.276 max age 59  season 467 conventional alive  60 births  3 deaths  3 best lifetime 2.400 mean 0.983 max age 59  (26.5s)
season 468 holistic     alive  60 births  2 deaths  2 best lifetime 2.833 mean 1.221 max age 53  season 468 conventional alive  60 births  1 deaths  1 best lifetime 2.500 mean 0.980 max age 59  (25.7s)
season 469 holistic     alive  60 births  0 deaths  0 best lifetime 2.857 mean 1.218 max age 54  season 469 conventional alive  60 births  1 deaths  1 best lifetime 3.000 mean 1.025 max age 57  (25.4s)
season 470 holistic     alive  60 births  0 deaths  0 best lifetime 2.625 mean 1.258 max age 55  season 470 conventional alive  60 births  0 deaths  0 best lifetime 2.500 mean 1.077 max age 58  (25.7s)
season 471 holistic     alive  60 births  0 deaths  0 best lifetime 2.667 mean 1.271 max age 56  season 471 conventional alive  60 births  0 deaths  0 best lifetime 2.333 mean 1.040 max age 59  (26.2s)
season 472 holistic     alive  60 births  0 deaths  0 best lifetime 2.400 mean 1.269 max age 57  season 472 conventional alive  60 births  2 deaths  2 best lifetime 2.222 mean 0.988 max age 59  (25.8s)
season 473 holistic     alive  60 births  0 deaths  0 best lifetime 2.273 mean 1.273 max age 58  season 473 conventional alive  60 births  1 deaths  1 best lifetime 2.200 mean 0.998 max age 59  (25.5s)
season 474 holistic     alive  60 births  1 deaths  1 best lifetime 2.333 mean 1.264 max age 59  season 474 conventional alive  60 births  1 deaths  1 best lifetime 2.103 mean 0.996 max age 57  (27.0s)
WARNING: Nan, Inf or huge value in QACC at DOF 30. The simulation is unstable. Time = 3.8850.

WARNING: Nan, Inf or huge value in QACC at DOF 33. The simulation is unstable. Time = 11.7500.

season 475 holistic     alive  60 births  2 deaths  2 best lifetime 2.571 mean 1.236 max age 57  season 475 conventional alive  60 births  0 deaths  0 best lifetime 2.050 mean 1.015 max age 58  (25.2s)
season 476 holistic     alive  60 births  0 deaths  0 best lifetime 2.750 mean 1.284 max age 58  season 476 conventional alive  60 births  0 deaths  0 best lifetime 2.024 mean 1.006 max age 59  (25.9s)
season 477 holistic     alive  60 births  0 deaths  0 best lifetime 2.444 mean 1.282 max age 59  season 477 conventional alive  60 births  1 deaths  1 best lifetime 2.000 mean 1.005 max age 59  (25.2s)
season 478 holistic     alive  60 births  1 deaths  1 best lifetime 2.281 mean 1.265 max age 57  season 478 conventional alive  60 births  2 deaths  2 best lifetime 2.000 mean 1.002 max age 57  (26.4s)
season 479 holistic     alive  60 births  0 deaths  0 best lifetime 2.364 mean 1.279 max age 58  season 479 conventional alive  60 births  0 deaths  0 best lifetime 2.000 mean 1.052 max age 58  (27.0s)
season 480 holistic     alive  60 births  0 deaths  0 best lifetime 2.382 mean 1.276 max age 59  season 480 conventional alive  60 births  0 deaths  0 best lifetime 2.000 mean 1.038 max age 59  (25.1s)
season 481 holistic     alive  60 births  2 deaths  2 best lifetime 2.314 mean 1.232 max age 59  season 481 conventional alive  60 births  2 deaths  2 best lifetime 2.022 mean 1.011 max age 57  (26.4s)
season 482 holistic     alive  60 births  2 deaths  2 best lifetime 2.389 mean 1.210 max age 57  season 482 conventional alive  60 births  0 deaths  0 best lifetime 2.000 mean 1.049 max age 58  (26.6s)
season 483 holistic     alive  60 births  0 deaths  0 best lifetime 2.351 mean 1.191 max age 58  season 483 conventional alive  60 births  0 deaths  0 best lifetime 1.958 mean 1.057 max age 59  (25.7s)
season 484 holistic     alive  60 births  0 deaths  0 best lifetime 2.447 mean 1.208 max age 59  season 484 conventional alive  60 births  2 deaths  2 best lifetime 2.000 mean 1.016 max age 59  (25.9s)
season 485 holistic     alive  60 births  2 deaths  2 best lifetime 2.385 mean 1.170 max age 58  season 485 conventional alive  60 births  2 deaths  2 best lifetime 2.140 mean 0.976 max age 57  (27.2s)
season 486 holistic     alive  60 births  1 deaths  1 best lifetime 5.000 mean 1.259 max age 59  season 486 conventional alive  60 births  0 deaths  0 best lifetime 2.118 mean 1.034 max age 58  (25.9s)
season 487 holistic     alive  60 births  1 deaths  1 best lifetime 4.500 mean 1.291 max age 59  season 487 conventional alive  60 births  0 deaths  0 best lifetime 2.096 mean 1.057 max age 59  (27.1s)
season 488 holistic     alive  60 births  1 deaths  1 best lifetime 4.000 mean 1.291 max age 58  season 488 conventional alive  60 births  1 deaths  1 best lifetime 2.094 mean 1.044 max age 59  (25.5s)
season 489 holistic     alive  60 births  0 deaths  0 best lifetime 3.500 mean 1.262 max age 59  season 489 conventional alive  60 births  2 deaths  2 best lifetime 2.093 mean 0.976 max age 58  (27.5s)
season 490 holistic     alive  60 births  1 deaths  1 best lifetime 3.000 mean 1.257 max age 59  season 490 conventional alive  60 births  1 deaths  1 best lifetime 2.127 mean 1.013 max age 59  (28.0s)
season 491 holistic     alive  60 births  1 deaths  1 best lifetime 3.000 mean 1.287 max age 59  season 491 conventional alive  60 births  6 deaths  6 best lifetime 2.125 mean 0.919 max age 59  (28.2s)
season 492 holistic     alive  60 births  3 deaths  3 best lifetime 2.696 mean 1.270 max age 58  season 492 conventional alive  60 births  1 deaths  1 best lifetime 2.123 mean 0.970 max age 59  (26.4s)
season 493 holistic     alive  60 births  0 deaths  0 best lifetime 2.833 mean 1.290 max age 59  season 493 conventional alive  60 births  2 deaths  2 best lifetime 2.086 mean 1.038 max age 58  (26.5s)
season 494 holistic     alive  60 births  2 deaths  2 best lifetime 2.714 mean 1.227 max age 59  season 494 conventional alive  60 births  0 deaths  0 best lifetime 2.051 mean 1.097 max age 59  (26.3s)
season 495 holistic     alive  60 births  2 deaths  2 best lifetime 2.592 mean 1.205 max age 59  season 495 conventional alive  60 births  3 deaths  3 best lifetime 2.333 mean 1.028 max age 58  (26.9s)
season 496 holistic     alive  60 births  5 deaths  5 best lifetime 3.000 mean 1.264 max age 57  season 496 conventional alive  60 births  0 deaths  0 best lifetime 2.500 mean 1.057 max age 59  (25.4s)
season 497 holistic     alive  60 births  0 deaths  0 best lifetime 2.608 mean 1.192 max age 58  season 497 conventional alive  60 births  1 deaths  1 best lifetime 2.000 mean 1.012 max age 59  (25.0s)
season 498 holistic     alive  60 births  1 deaths  1 best lifetime 2.596 mean 1.187 max age 59  season 498 conventional alive  60 births  2 deaths  2 best lifetime 1.800 mean 0.999 max age 59  (25.9s)
season 499 holistic     alive  60 births  3 deaths  3 best lifetime 2.547 mean 1.144 max age 59  season 499 conventional alive  60 births  3 deaths  3 best lifetime 1.778 mean 0.925 max age 56  (25.7s)
season 500 holistic     alive  60 births  6 deaths  6 best lifetime 6.000 mean 1.232 max age 59  season 500 conventional alive  60 births  0 deaths  0 best lifetime 6.000 mean 1.074 max age 57  (26.2s)
season 501 holistic     alive  60 births  1 deaths  1 best lifetime 6.000 mean 1.369 max age 58  season 501 conventional alive  60 births  0 deaths  0 best lifetime 3.500 mean 1.020 max age 58  (25.3s)
season 502 holistic     alive  60 births  0 deaths  0 best lifetime 6.000 mean 1.331 max age 59  season 502 conventional alive  60 births  0 deaths  0 best lifetime 2.667 mean 1.002 max age 59  (24.5s)
season 503 holistic     alive  60 births  1 deaths  1 best lifetime 4.667 mean 1.277 max age 59  season 503 conventional alive  60 births  1 deaths  1 best lifetime 2.250 mean 0.994 max age 59  (25.2s)
WARNING: Nan, Inf or huge value in QACC at DOF 0. The simulation is unstable. Time = 7.2900.

season 504 holistic     alive  60 births  1 deaths  1 best lifetime 4.500 mean 1.283 max age 59  season 504 conventional alive  60 births  1 deaths  1 best lifetime 1.800 mean 0.980 max age 59  (26.1s)
season 505 holistic     alive  60 births  1 deaths  1 best lifetime 4.200 mean 1.287 max age 59  season 505 conventional alive  60 births  2 deaths  2 best lifetime 1.867 mean 0.943 max age 59  (25.1s)
WARNING: Nan, Inf or huge value in QACC at DOF 0. The simulation is unstable. Time = 4.2150.

season 506 holistic     alive  60 births  2 deaths  2 best lifetime 4.000 mean 1.195 max age 59  season 506 conventional alive  60 births  1 deaths  1 best lifetime 1.760 mean 0.945 max age 59  (26.3s)
season 507 holistic     alive  60 births  2 deaths  2 best lifetime 3.714 mean 1.159 max age 59  season 507 conventional alive  60 births  2 deaths  2 best lifetime 1.706 mean 0.951 max age 58  (26.2s)
season 508 holistic     alive  60 births  1 deaths  1 best lifetime 3.250 mean 1.165 max age 59  season 508 conventional alive  60 births  0 deaths  0 best lifetime 2.000 mean 1.056 max age 59  (27.0s)
season 509 holistic     alive  60 births  1 deaths  1 best lifetime 2.889 mean 1.143 max age 58  season 509 conventional alive  60 births  1 deaths  1 best lifetime 1.789 mean 1.003 max age 59  (26.2s)
season 510 holistic     alive  60 births  1 deaths  1 best lifetime 5.000 mean 1.229 max age 59  season 510 conventional alive  60 births  1 deaths  1 best lifetime 2.000 mean 1.039 max age 59  (26.6s)
season 511 holistic     alive  60 births  1 deaths  1 best lifetime 3.000 mean 1.163 max age 59  season 511 conventional alive  60 births  3 deaths  3 best lifetime 2.000 mean 0.969 max age 57  (26.2s)
season 512 holistic     alive  60 births  1 deaths  1 best lifetime 2.583 mean 1.157 max age 59  season 512 conventional alive  60 births  0 deaths  0 best lifetime 1.837 mean 0.983 max age 58  (27.3s)
season 513 holistic     alive  60 births  1 deaths  1 best lifetime 2.462 mean 1.159 max age 59  season 513 conventional alive  60 births  0 deaths  0 best lifetime 1.840 mean 0.991 max age 59  (26.2s)
WARNING: Nan, Inf or huge value in QACC at DOF 20. The simulation is unstable. Time = 5.8800.

WARNING: Nan, Inf or huge value in QACC at DOF 0. The simulation is unstable. Time = 2.8700.

season 514 holistic     alive  60 births  2 deaths  2 best lifetime 2.357 mean 1.078 max age 59  season 514 conventional alive  60 births  1 deaths  1 best lifetime 1.875 mean 0.972 max age 59  (25.5s)
season 515 holistic     alive  60 births  7 deaths  7 best lifetime 2.333 mean 0.975 max age 56  season 515 conventional alive  60 births  2 deaths  2 best lifetime 1.875 mean 0.981 max age 58  (26.8s)
season 516 holistic     alive  60 births  0 deaths  0 best lifetime 6.000 mean 1.266 max age 57  season 516 conventional alive  60 births  0 deaths  0 best lifetime 2.000 mean 1.046 max age 59  (25.6s)
season 517 holistic     alive  60 births  1 deaths  1 best lifetime 3.500 mean 1.207 max age 58  season 517 conventional alive  60 births  1 deaths  1 best lifetime 1.907 mean 1.021 max age 59  (26.0s)
season 518 holistic     alive  60 births  0 deaths  0 best lifetime 3.000 mean 1.181 max age 59  season 518 conventional alive  60 births  2 deaths  2 best lifetime 1.964 mean 0.986 max age 59  (25.5s)
season 519 holistic     alive  60 births  4 deaths  4 best lifetime 2.500 mean 1.109 max age 59  season 519 conventional alive  60 births  1 deaths  1 best lifetime 2.000 mean 1.006 max age 57  (27.4s)
season 520 holistic     alive  60 births  2 deaths  2 best lifetime 2.200 mean 1.090 max age 59  season 520 conventional alive  60 births  0 deaths  0 best lifetime 1.947 mean 0.984 max age 58  (26.7s)
season 521 holistic     alive  60 births  2 deaths  2 best lifetime 2.143 mean 1.144 max age 59  season 521 conventional alive  60 births  0 deaths  0 best lifetime 1.914 mean 0.994 max age 59  (26.4s)
WARNING: Nan, Inf or huge value in QACC at DOF 30. The simulation is unstable. Time = 11.6900.

season 522 holistic     alive  60 births  2 deaths  2 best lifetime 5.000 mean 1.165 max age 58  season 522 conventional alive  60 births  2 deaths  2 best lifetime 1.881 mean 0.954 max age 59  (26.2s)
season 523 holistic     alive  60 births  1 deaths  1 best lifetime 2.500 mean 1.098 max age 59  season 523 conventional alive  60 births  2 deaths  2 best lifetime 1.800 mean 0.927 max age 59  (25.7s)
season 524 holistic     alive  60 births  1 deaths  1 best lifetime 2.333 mean 1.102 max age 59  season 524 conventional alive  60 births  1 deaths  1 best lifetime 2.000 mean 0.995 max age 58  (28.0s)
season 525 holistic     alive  60 births  1 deaths  1 best lifetime 2.040 mean 1.086 max age 59  season 525 conventional alive  60 births  0 deaths  0 best lifetime 2.000 mean 1.041 max age 59  (26.6s)
season 526 holistic     alive  60 births  1 deaths  1 best lifetime 3.000 mean 1.090 max age 58  season 526 conventional alive  60 births  1 deaths  1 best lifetime 3.000 mean 1.032 max age 59  (25.1s)
season 527 holistic     alive  60 births  0 deaths  0 best lifetime 3.667 mean 1.112 max age 59  season 527 conventional alive  60 births  3 deaths  3 best lifetime 2.333 mean 1.023 max age 59  (24.8s)
season 528 holistic     alive  60 births  2 deaths  2 best lifetime 2.750 mean 1.024 max age 54  season 528 conventional alive  60 births  1 deaths  1 best lifetime 2.000 mean 0.988 max age 59  (24.4s)
season 529 holistic     alive  60 births  1 deaths  1 best lifetime 6.000 mean 1.155 max age 55  season 529 conventional alive  60 births  1 deaths  1 best lifetime 2.091 mean 1.003 max age 57  (26.0s)
season 530 holistic     alive  60 births  1 deaths  1 best lifetime 3.500 mean 1.133 max age 56  season 530 conventional alive  60 births  0 deaths  0 best lifetime 2.000 mean 1.017 max age 58  (25.0s)
season 531 holistic     alive  60 births  1 deaths  1 best lifetime 2.429 mean 1.154 max age 57  season 531 conventional alive  60 births  0 deaths  0 best lifetime 1.923 mean 1.011 max age 59  (24.3s)
WARNING: Nan, Inf or huge value in QACC at DOF 10. The simulation is unstable. Time = 2.5650.

season 532 holistic     alive  60 births  0 deaths  0 best lifetime 5.000 mean 1.278 max age 58  season 532 conventional alive  60 births  2 deaths  2 best lifetime 2.000 mean 0.987 max age 59  (24.5s)
season 533 holistic     alive  60 births  1 deaths  1 best lifetime 2.500 mean 1.216 max age 59  season 533 conventional alive  60 births  2 deaths  2 best lifetime 2.000 mean 0.994 max age 56  (23.6s)
season 534 holistic     alive  60 births  2 deaths  2 best lifetime 2.333 mean 1.213 max age 59  season 534 conventional alive  60 births  0 deaths  0 best lifetime 1.852 mean 0.995 max age 57  (24.3s)
WARNING: Nan, Inf or huge value in QACC at DOF 2. The simulation is unstable. Time = 2.2550.

season 535 holistic     alive  60 births  2 deaths  2 best lifetime 2.364 mean 1.198 max age 54  season 535 conventional alive  60 births  0 deaths  0 best lifetime 1.821 mean 1.027 max age 58  (24.6s)
season 536 holistic     alive  60 births  0 deaths  0 best lifetime 2.167 mean 1.179 max age 55  season 536 conventional alive  60 births  0 deaths  0 best lifetime 2.000 mean 1.032 max age 59  (24.9s)
season 537 holistic     alive  60 births  1 deaths  1 best lifetime 2.231 mean 1.184 max age 56  season 537 conventional alive  60 births  1 deaths  1 best lifetime 2.000 mean 1.053 max age 59  (24.0s)
WARNING: Nan, Inf or huge value in QACC at DOF 30. The simulation is unstable. Time = 4.6750.

season 538 holistic     alive  60 births  0 deaths  0 best lifetime 2.214 mean 1.176 max age 57  season 538 conventional alive  60 births  2 deaths  2 best lifetime 1.913 mean 1.007 max age 57  (24.4s)
season 539 holistic     alive  60 births  0 deaths  0 best lifetime 2.103 mean 1.163 max age 58  season 539 conventional alive  60 births  0 deaths  0 best lifetime 2.000 mean 1.034 max age 58  (24.4s)
WARNING: Nan, Inf or huge value in QACC at DOF 0. The simulation is unstable. Time = 4.8200.

season 540 holistic     alive  60 births  0 deaths  0 best lifetime 2.100 mean 1.158 max age 59  season 540 conventional alive  60 births  0 deaths  0 best lifetime 2.125 mean 1.030 max age 59  (24.3s)
season 541 holistic     alive  60 births  1 deaths  1 best lifetime 2.122 mean 1.190 max age 59  season 541 conventional alive  60 births  2 deaths  2 best lifetime 2.000 mean 0.984 max age 57  (25.8s)
season 542 holistic     alive  60 births  2 deaths  2 best lifetime 2.119 mean 1.175 max age 57  season 542 conventional alive  60 births  0 deaths  0 best lifetime 2.000 mean 1.045 max age 58  (24.5s)
WARNING: Nan, Inf or huge value in QACC at DOF 21. The simulation is unstable. Time = 6.5450.

season 543 holistic     alive  60 births  0 deaths  0 best lifetime 2.231 mean 1.186 max age 58  season 543 conventional alive  60 births  0 deaths  0 best lifetime 1.893 mean 1.056 max age 59  (24.0s)
season 544 holistic     alive  60 births  0 deaths  0 best lifetime 2.143 mean 1.184 max age 59  season 544 conventional alive  60 births  2 deaths  2 best lifetime 1.862 mean 1.025 max age 59  (25.1s)
WARNING: Nan, Inf or huge value in QACC at DOF 20. The simulation is unstable. Time = 9.7850.

season 545 holistic     alive  60 births  3 deaths  3 best lifetime 2.067 mean 1.153 max age 59  season 545 conventional alive  60 births  2 deaths  2 best lifetime 5.000 mean 1.102 max age 57  (24.6s)
season 546 holistic     alive  60 births  2 deaths  2 best lifetime 2.000 mean 1.122 max age 59  season 546 conventional alive  60 births  0 deaths  0 best lifetime 2.500 mean 1.071 max age 58  (24.0s)
season 547 holistic     alive  60 births  1 deaths  1 best lifetime 2.043 mean 1.090 max age 59  season 547 conventional alive  60 births  0 deaths  0 best lifetime 2.000 mean 1.047 max age 59  (24.5s)
season 548 holistic     alive  60 births  1 deaths  1 best lifetime 2.042 mean 1.127 max age 58  season 548 conventional alive  60 births  1 deaths  1 best lifetime 2.067 mean 1.019 max age 59  (18.8s)
season 549 holistic     alive  60 births  3 deaths  3 best lifetime 2.041 mean 1.115 max age 59  season 549 conventional alive  60 births  2 deaths  2 best lifetime 1.938 mean 0.983 max age 59  (17.7s)
season 550 holistic     alive  60 births  2 deaths  2 best lifetime 2.050 mean 1.149 max age 59  season 550 conventional alive  60 births  1 deaths  1 best lifetime 1.941 mean 0.970 max age 59  (18.6s)
season 551 holistic     alive  60 births  1 deaths  1 best lifetime 2.059 mean 1.166 max age 59  season 551 conventional alive  60 births  6 deaths  6 best lifetime 2.286 mean 0.927 max age 59  (18.6s)
season 552 holistic     alive  60 births  1 deaths  1 best lifetime 2.038 mean 1.153 max age 58  season 552 conventional alive  60 births  1 deaths  1 best lifetime 2.000 mean 0.885 max age 59  (18.6s)
season 553 holistic     alive  60 births  1 deaths  1 best lifetime 2.500 mean 1.182 max age 59  season 553 conventional alive  60 births  2 deaths  2 best lifetime 2.111 mean 0.926 max age 58  (18.2s)
season 554 holistic     alive  60 births  1 deaths  1 best lifetime 2.056 mean 1.181 max age 59  season 554 conventional alive  60 births  0 deaths  0 best lifetime 2.000 mean 0.994 max age 59  (18.3s)
season 555 holistic     alive  60 births  2 deaths  2 best lifetime 2.018 mean 1.181 max age 59  season 555 conventional alive  60 births  4 deaths  4 best lifetime 2.400 mean 0.991 max age 58  (18.4s)
season 556 holistic     alive  60 births  1 deaths  1 best lifetime 4.000 mean 1.239 max age 58  season 556 conventional alive  60 births  0 deaths  0 best lifetime 3.000 mean 1.055 max age 59  (17.9s)
season 557 holistic     alive  60 births  0 deaths  0 best lifetime 3.000 mean 1.249 max age 59  season 557 conventional alive  60 births  1 deaths  1 best lifetime 1.846 mean 1.040 max age 59  (18.2s)
season 558 holistic     alive  60 births  1 deaths  1 best lifetime 2.750 mean 1.209 max age 59  season 558 conventional alive  60 births  2 deaths  2 best lifetime 2.143 mean 1.010 max age 59  (14.3s)
season 559 holistic     alive  60 births  2 deaths  2 best lifetime 2.600 mean 1.153 max age 59  season 559 conventional alive  60 births  2 deaths  2 best lifetime 2.500 mean 0.968 max age 56  (11.6s)
season 560 holistic     alive  60 births  6 deaths  6 best lifetime 2.667 mean 1.103 max age 57  season 560 conventional alive  60 births  0 deaths  0 best lifetime 2.333 mean 0.985 max age 57  (11.8s)
season 561 holistic     alive  60 births  0 deaths  0 best lifetime 2.571 mean 1.125 max age 58  season 561 conventional alive  60 births  0 deaths  0 best lifetime 2.100 mean 1.001 max age 58  (11.2s)
season 562 holistic     alive  60 births  0 deaths  0 best lifetime 2.333 mean 1.113 max age 59  season 562 conventional alive  60 births  1 deaths  1 best lifetime 1.909 mean 0.988 max age 59  (11.5s)
season 563 holistic     alive  60 births  1 deaths  1 best lifetime 2.222 mean 1.115 max age 59  season 563 conventional alive  60 births  2 deaths  2 best lifetime 2.000 mean 0.977 max age 59  (11.3s)
season 564 holistic     alive  60 births  3 deaths  3 best lifetime 2.200 mean 1.128 max age 58  season 564 conventional alive  60 births  1 deaths  1 best lifetime 4.000 mean 1.056 max age 59  (11.8s)
season 565 holistic     alive  60 births  0 deaths  0 best lifetime 6.000 mean 1.321 max age 59  season 565 conventional alive  60 births  2 deaths  2 best lifetime 2.500 mean 1.016 max age 59  (17.2s)
season 566 holistic     alive  60 births  1 deaths  1 best lifetime 3.000 mean 1.235 max age 59  season 566 conventional alive  60 births  1 deaths  1 best lifetime 3.000 mean 1.095 max age 59  (23.2s)
season 567 holistic     alive  60 births  2 deaths  2 best lifetime 2.250 mean 1.205 max age 59  season 567 conventional alive  60 births  3 deaths  3 best lifetime 2.250 mean 1.000 max age 58  (23.8s)
season 568 holistic     alive  60 births  1 deaths  1 best lifetime 2.200 mean 1.186 max age 59  season 568 conventional alive  60 births  0 deaths  0 best lifetime 5.000 mean 1.145 max age 59  (23.3s)
WARNING: Nan, Inf or huge value in QACC at DOF 1. The simulation is unstable. Time = 12.9400.

season 569 holistic     alive  60 births  1 deaths  1 best lifetime 2.667 mean 1.220 max age 57  season 569 conventional alive  60 births  1 deaths  1 best lifetime 4.500 mean 1.147 max age 59  (13.2s)
season 570 holistic     alive  60 births  0 deaths  0 best lifetime 3.500 mean 1.235 max age 58  season 570 conventional alive  60 births  1 deaths  1 best lifetime 3.667 mean 1.114 max age 59  (12.1s)
season 571 holistic     alive  60 births  1 deaths  1 best lifetime 3.571 mean 1.223 max age 59  season 571 conventional alive  60 births  3 deaths  3 best lifetime 2.750 mean 1.043 max age 57  (11.5s)
WARNING: Nan, Inf or huge value in QACC at DOF 10. The simulation is unstable. Time = 14.7950.

WARNING: Nan, Inf or huge value in QACC at DOF 11. The simulation is unstable. Time = 2.4500.

season 572 holistic     alive  60 births  1 deaths  1 best lifetime 5.000 mean 1.283 max age 58  season 572 conventional alive  60 births  0 deaths  0 best lifetime 2.400 mean 1.124 max age 58  (7.7s)
season 573 holistic     alive  60 births  0 deaths  0 best lifetime 3.333 mean 1.247 max age 59  season 573 conventional alive  60 births  0 deaths  0 best lifetime 2.500 mean 1.109 max age 59  (6.0s)
season 574 holistic     alive  60 births  2 deaths  2 best lifetime 3.300 mean 1.182 max age 59  season 574 conventional alive  60 births  1 deaths  1 best lifetime 2.364 mean 1.083 max age 59  (6.2s)
season 575 holistic     alive  60 births  7 deaths  7 best lifetime 3.273 mean 1.046 max age 56  season 575 conventional alive  60 births  2 deaths  2 best lifetime 2.417 mean 1.052 max age 58  (6.5s)
season 576 holistic     alive  60 births  2 deaths  2 best lifetime 6.000 mean 1.157 max age 57  season 576 conventional alive  60 births  0 deaths  0 best lifetime 2.231 mean 1.098 max age 59  (6.1s)
season 577 holistic     alive  60 births  0 deaths  0 best lifetime 4.000 mean 1.162 max age 58  season 577 conventional alive  60 births  1 deaths  1 best lifetime 2.214 mean 1.063 max age 59  (6.1s)
season 578 holistic     alive  60 births  0 deaths  0 best lifetime 3.357 mean 1.196 max age 59  season 578 conventional alive  60 births  1 deaths  1 best lifetime 2.267 mean 1.063 max age 56  (6.2s)
season 579 holistic     alive  60 births  2 deaths  2 best lifetime 3.200 mean 1.151 max age 59  season 579 conventional alive  60 births  0 deaths  0 best lifetime 3.000 mean 1.113 max age 57  (6.0s)
season 580 holistic     alive  60 births  4 deaths  4 best lifetime 3.062 mean 1.182 max age 59  season 580 conventional alive  60 births  0 deaths  0 best lifetime 2.176 mean 1.074 max age 58  (6.0s)
season 581 holistic     alive  60 births  2 deaths  2 best lifetime 3.000 mean 1.151 max age 59  season 581 conventional alive  60 births  0 deaths  0 best lifetime 2.056 mean 1.070 max age 59  (5.8s)
season 582 holistic     alive  60 births  1 deaths  1 best lifetime 3.000 mean 1.196 max age 59  season 582 conventional alive  60 births  2 deaths  2 best lifetime 2.053 mean 1.050 max age 59  (6.2s)
season 583 holistic     alive  60 births  1 deaths  1 best lifetime 3.000 mean 1.211 max age 59  season 583 conventional alive  60 births  2 deaths  2 best lifetime 2.000 mean 1.084 max age 59  (6.1s)
season 584 holistic     alive  60 births  3 deaths  3 best lifetime 2.950 mean 1.222 max age 59  season 584 conventional alive  60 births  1 deaths  1 best lifetime 2.000 mean 1.067 max age 58  (6.4s)
season 585 holistic     alive  60 births  1 deaths  1 best lifetime 3.095 mean 1.245 max age 57  season 585 conventional alive  60 births  0 deaths  0 best lifetime 1.941 mean 1.068 max age 59  (6.1s)
WARNING: Nan, Inf or huge value in QACC at DOF 13. The simulation is unstable. Time = 5.6200.

season 586 holistic     alive  60 births  0 deaths  0 best lifetime 3.091 mean 1.209 max age 58  season 586 conventional alive  60 births  1 deaths  1 best lifetime 1.886 mean 1.017 max age 59  (6.2s)
season 587 holistic     alive  60 births  0 deaths  0 best lifetime 2.957 mean 1.237 max age 59  season 587 conventional alive  60 births  4 deaths  4 best lifetime 1.917 mean 0.989 max age 59  (6.1s)
season 588 holistic     alive  60 births  3 deaths  3 best lifetime 2.917 mean 1.207 max age 58  season 588 conventional alive  60 births  1 deaths  1 best lifetime 1.840 mean 0.976 max age 56  (6.1s)
season 589 holistic     alive  60 births  2 deaths  2 best lifetime 3.080 mean 1.211 max age 59  season 589 conventional alive  60 births  0 deaths  0 best lifetime 3.000 mean 1.096 max age 57  (6.0s)
season 590 holistic     alive  60 births  2 deaths  2 best lifetime 2.962 mean 1.196 max age 59  season 590 conventional alive  60 births  1 deaths  1 best lifetime 1.833 mean 1.052 max age 58  (6.1s)
season 591 holistic     alive  60 births  1 deaths  1 best lifetime 3.000 mean 1.265 max age 58  season 591 conventional alive  60 births  1 deaths  1 best lifetime 1.929 mean 1.076 max age 59  (6.3s)
WARNING: Nan, Inf or huge value in QACC at DOF 33. The simulation is unstable. Time = 5.1200.

season 592 holistic     alive  60 births  1 deaths  1 best lifetime 2.964 mean 1.253 max age 59  season 592 conventional alive  60 births  2 deaths  2 best lifetime 2.000 mean 1.044 max age 59  (6.1s)
season 593 holistic     alive  60 births  1 deaths  1 best lifetime 2.931 mean 1.235 max age 59  season 593 conventional alive  60 births  2 deaths  2 best lifetime 2.167 mean 1.071 max age 56  (6.1s)
season 594 holistic     alive  60 births  2 deaths  2 best lifetime 3.000 mean 1.288 max age 59  season 594 conventional alive  60 births  0 deaths  0 best lifetime 2.032 mean 1.105 max age 57  (6.0s)
season 595 holistic     alive  60 births  3 deaths  3 best lifetime 3.000 mean 1.318 max age 58  season 595 conventional alive  60 births  0 deaths  0 best lifetime 2.062 mean 1.094 max age 58  (5.9s)
season 596 holistic     alive  60 births  0 deaths  0 best lifetime 3.500 mean 1.324 max age 59  season 596 conventional alive  60 births  0 deaths  0 best lifetime 2.152 mean 1.101 max age 59  (6.2s)
season 597 holistic     alive  60 births  1 deaths  1 best lifetime 2.788 mean 1.267 max age 55  season 597 conventional alive  60 births  2 deaths  2 best lifetime 2.200 mean 1.084 max age 59  (6.2s)
season 598 holistic     alive  60 births  0 deaths  0 best lifetime 2.765 mean 1.289 max age 56  season 598 conventional alive  60 births  2 deaths  2 best lifetime 2.273 mean 1.065 max age 57  (6.3s)
season 599 holistic     alive  60 births  1 deaths  1 best lifetime 2.743 mean 1.291 max age 57  season 599 conventional alive  60 births  0 deaths  0 best lifetime 2.194 mean 1.070 max age 58  (6.2s)
results in runs/RBT-10/forage-w0.0-803/history.json
