season   0 holistic     alive  59 births  3 deaths  4 best lifetime 2.000 mean 0.068 max age 57  season   0 conventional alive  60 births  2 deaths  2 best lifetime 5.000 mean 0.433 max age 58  (56.7s)
season   1 holistic     alive  60 births  1 deaths  0 best lifetime 1.500 mean 0.050 max age 58  season   1 conventional alive  60 births  0 deaths  0 best lifetime 2.500 mean 0.558 max age 59  (57.4s)
season   2 holistic     alive  60 births  0 deaths  0 best lifetime 1.000 mean 0.050 max age 59  season   2 conventional alive  60 births  1 deaths  1 best lifetime 2.667 mean 0.675 max age 59  (57.0s)
season   3 holistic     alive  60 births  1 deaths  1 best lifetime 1.000 mean 0.042 max age 59  season   3 conventional alive  60 births  1 deaths  1 best lifetime 2.500 mean 0.649 max age 59  (59.1s)
season   4 holistic     alive  57 births  1 deaths  4 best lifetime 0.800 mean 0.039 max age 59  season   4 conventional alive  60 births  1 deaths  1 best lifetime 2.800 mean 0.647 max age 59  (54.8s)
season   5 holistic     alive  58 births  2 deaths  1 best lifetime 1.000 mean 0.053 max age 59  season   5 conventional alive  60 births  1 deaths  1 best lifetime 2.667 mean 0.612 max age 56  (54.6s)
season   6 holistic     alive  57 births  1 deaths  2 best lifetime 1.000 mean 0.056 max age 58  season   6 conventional alive  60 births  0 deaths  0 best lifetime 2.429 mean 0.615 max age 57  (51.7s)
season   7 holistic     alive  59 births  2 deaths  0 best lifetime 0.750 mean 0.045 max age 59  season   7 conventional alive  60 births  0 deaths  0 best lifetime 2.250 mean 0.653 max age 58  (54.7s)
season   8 holistic     alive  56 births  0 deaths  3 best lifetime 2.000 mean 0.075 max age 59  season   8 conventional alive  60 births  0 deaths  0 best lifetime 2.000 mean 0.680 max age 59  (52.8s)
season   9 holistic     alive  55 births  1 deaths  2 best lifetime 1.500 mean 0.061 max age 59  season   9 conventional alive  60 births  2 deaths  2 best lifetime 1.900 mean 0.664 max age 59  (54.4s)
season  10 holistic     alive  54 births  1 deaths  2 best lifetime 1.333 mean 0.055 max age 59  season  10 conventional alive  60 births  1 deaths  1 best lifetime 1.750 mean 0.637 max age 59  (51.7s)
season  11 holistic     alive   8 births  1 deaths 47 best lifetime 1.000 mean 0.331 max age 38  season  11 conventional alive  60 births  6 deaths  6 best lifetime 2.417 mean 0.667 max age 56  (55.7s)
season  12 holistic     alive   9 births  1 deaths  0 best lifetime 2.000 mean 0.538 max age 39  season  12 conventional alive  60 births  0 deaths  0 best lifetime 3.000 mean 0.750 max age 57  (35.4s)
WARNING: Nan, Inf or huge value in QACC at DOF 0. The simulation is unstable. Time = 4.3050.

season  13 holistic     alive  11 births  3 deaths  1 best lifetime 1.500 mean 0.388 max age 40  season  13 conventional alive  60 births  1 deaths  1 best lifetime 2.357 mean 0.725 max age 58  (38.3s)
season  14 holistic     alive  14 births  4 deaths  1 best lifetime 1.333 mean 0.313 max age 41  season  14 conventional alive  60 births  0 deaths  0 best lifetime 2.200 mean 0.747 max age 59  (40.1s)
season  15 holistic     alive  17 births  4 deaths  1 best lifetime 1.500 mean 0.345 max age 42  season  15 conventional alive  60 births  7 deaths  7 best lifetime 3.000 mean 0.786 max age 58  (42.3s)
season  16 holistic     alive  16 births  0 deaths  1 best lifetime 2.000 mean 0.454 max age 43  season  16 conventional alive  60 births  0 deaths  0 best lifetime 2.235 mean 0.800 max age 59  (39.0s)
season  17 holistic     alive  18 births  2 deaths  0 best lifetime 1.500 mean 0.365 max age 44  season  17 conventional alive  60 births  2 deaths  2 best lifetime 2.500 mean 0.766 max age 59  (37.6s)
season  18 holistic     alive  16 births  1 deaths  3 best lifetime 3.000 mean 0.597 max age 45  season  18 conventional alive  60 births  1 deaths  1 best lifetime 2.263 mean 0.798 max age 57  (39.3s)
season  19 holistic     alive  20 births  5 deaths  1 best lifetime 1.500 mean 0.463 max age 46  season  19 conventional alive  60 births  4 deaths  4 best lifetime 2.250 mean 0.820 max age 58  (46.5s)
season  20 holistic     alive  24 births  4 deaths  0 best lifetime 1.200 mean 0.440 max age 47  season  20 conventional alive  60 births  0 deaths  0 best lifetime 2.286 mean 0.870 max age 59  (44.1s)
season  21 holistic     alive  31 births  8 deaths  1 best lifetime 1.500 mean 0.419 max age 48  season  21 conventional alive  60 births  3 deaths  3 best lifetime 1.864 mean 0.838 max age 58  (44.6s)
season  22 holistic     alive  38 births  7 deaths  0 best lifetime 2.000 mean 0.384 max age 49  season  22 conventional alive  60 births  0 deaths  0 best lifetime 1.826 mean 0.849 max age 59  (48.6s)
season  23 holistic     alive  39 births  3 deaths  2 best lifetime 1.250 mean 0.358 max age 50  season  23 conventional alive  60 births  3 deaths  3 best lifetime 1.833 mean 0.861 max age 58  (52.6s)
season  24 holistic     alive  38 births  2 deaths  3 best lifetime 1.000 mean 0.322 max age 51  season  24 conventional alive  60 births  0 deaths  0 best lifetime 2.000 mean 0.865 max age 59  (51.3s)
season  25 holistic     alive  39 births  7 deaths  6 best lifetime 2.000 mean 0.407 max age 52  season  25 conventional alive  60 births  1 deaths  1 best lifetime 2.000 mean 0.878 max age 57  (53.4s)
season  26 holistic     alive  44 births  8 deaths  3 best lifetime 1.167 mean 0.416 max age 53  season  26 conventional alive  60 births  0 deaths  0 best lifetime 1.852 mean 0.868 max age 58  (51.9s)
season  27 holistic     alive  50 births  7 deaths  1 best lifetime 1.000 mean 0.342 max age 54  season  27 conventional alive  60 births  1 deaths  1 best lifetime 1.929 mean 0.853 max age 59  (55.9s)
season  28 holistic     alive  57 births  8 deaths  1 best lifetime 4.000 mean 0.541 max age 55  season  28 conventional alive  60 births  1 deaths  1 best lifetime 1.897 mean 0.845 max age 56  (54.1s)
season  29 holistic     alive  60 births  6 deaths  3 best lifetime 2.000 mean 0.455 max age 56  season  29 conventional alive  60 births  0 deaths  0 best lifetime 1.900 mean 0.839 max age 57  (54.1s)
WARNING: Nan, Inf or huge value in QACC at DOF 31. The simulation is unstable. Time = 11.4550.

season  30 holistic     alive  60 births  3 deaths  3 best lifetime 2.000 mean 0.470 max age 57  season  30 conventional alive  60 births  0 deaths  0 best lifetime 1.839 mean 0.831 max age 58  (56.6s)
season  31 holistic     alive  60 births  4 deaths  4 best lifetime 2.250 mean 0.507 max age 58  season  31 conventional alive  60 births  0 deaths  0 best lifetime 1.800 mean 0.833 max age 59  (62.4s)
season  32 holistic     alive  60 births  4 deaths  4 best lifetime 2.600 mean 0.581 max age 59  season  32 conventional alive  60 births  1 deaths  1 best lifetime 1.905 mean 0.837 max age 59  (65.3s)
season  33 holistic     alive  60 births  2 deaths  2 best lifetime 2.167 mean 0.653 max age 32  season  33 conventional alive  60 births  1 deaths  1 best lifetime 1.864 mean 0.830 max age 58  (58.4s)
WARNING: Nan, Inf or huge value in QACC at DOF 13. The simulation is unstable. Time = 5.8650.

season  34 holistic     alive  60 births  4 deaths  4 best lifetime 2.000 mean 0.633 max age 33  season  34 conventional alive  60 births  0 deaths  0 best lifetime 1.812 mean 0.865 max age 59  (63.4s)
season  35 holistic     alive  60 births  1 deaths  1 best lifetime 2.000 mean 0.635 max age 34  season  35 conventional alive  60 births  2 deaths  2 best lifetime 1.917 mean 0.812 max age 58  (55.3s)
season  36 holistic     alive  60 births  2 deaths  2 best lifetime 2.500 mean 0.668 max age 35  season  36 conventional alive  60 births  0 deaths  0 best lifetime 3.000 mean 0.868 max age 59  (54.0s)
season  37 holistic     alive  60 births  2 deaths  2 best lifetime 3.667 mean 0.776 max age 36  season  37 conventional alive  60 births  2 deaths  2 best lifetime 2.500 mean 0.865 max age 59  (58.9s)
season  38 holistic     alive  60 births  1 deaths  1 best lifetime 3.500 mean 0.755 max age 37  season  38 conventional alive  60 births  1 deaths  1 best lifetime 3.000 mean 0.914 max age 59  (54.9s)
season  39 holistic     alive  60 births  1 deaths  1 best lifetime 3.000 mean 0.723 max age 38  season  39 conventional alive  60 births  1 deaths  1 best lifetime 2.250 mean 0.862 max age 58  (52.1s)
WARNING: Nan, Inf or huge value in QACC at DOF 23. The simulation is unstable. Time = 9.9900.

WARNING: Nan, Inf or huge value in QACC at DOF 20. The simulation is unstable. Time = 9.8800.

season  40 holistic     alive  60 births  1 deaths  1 best lifetime 3.000 mean 0.695 max age 39  season  40 conventional alive  60 births  0 deaths  0 best lifetime 2.600 mean 0.869 max age 59  (57.3s)
season  41 holistic     alive  60 births  2 deaths  2 best lifetime 2.571 mean 0.698 max age 40  season  41 conventional alive  60 births  1 deaths  1 best lifetime 2.500 mean 0.866 max age 59  (49.4s)
season  42 holistic     alive  60 births  1 deaths  1 best lifetime 2.625 mean 0.691 max age 41  season  42 conventional alive  60 births  2 deaths  2 best lifetime 2.429 mean 0.850 max age 59  (53.4s)
season  43 holistic     alive  60 births  1 deaths  1 best lifetime 2.444 mean 0.665 max age 42  season  43 conventional alive  60 births  1 deaths  1 best lifetime 2.125 mean 0.876 max age 59  (51.6s)
season  44 holistic     alive  60 births  2 deaths  2 best lifetime 2.400 mean 0.692 max age 43  season  44 conventional alive  60 births  2 deaths  2 best lifetime 2.556 mean 0.828 max age 59  (54.6s)
season  45 holistic     alive  60 births  0 deaths  0 best lifetime 2.273 mean 0.684 max age 44  season  45 conventional alive  60 births  1 deaths  1 best lifetime 2.500 mean 0.799 max age 57  (48.0s)
season  46 holistic     alive  60 births  1 deaths  1 best lifetime 2.167 mean 0.656 max age 45  season  46 conventional alive  60 births  0 deaths  0 best lifetime 2.364 mean 0.772 max age 58  (50.4s)
season  47 holistic     alive  60 births  0 deaths  0 best lifetime 2.077 mean 0.720 max age 46  season  47 conventional alive  60 births  1 deaths  1 best lifetime 2.167 mean 0.785 max age 59  (54.4s)
season  48 holistic     alive  60 births  1 deaths  1 best lifetime 2.214 mean 0.707 max age 47  season  48 conventional alive  60 births  1 deaths  1 best lifetime 2.154 mean 0.816 max age 59  (51.2s)
season  49 holistic     alive  60 births  1 deaths  1 best lifetime 3.000 mean 0.743 max age 48  season  49 conventional alive  60 births  1 deaths  1 best lifetime 2.071 mean 0.807 max age 59  (50.0s)
season  50 holistic     alive  60 births  1 deaths  1 best lifetime 2.062 mean 0.702 max age 49  season  50 conventional alive  60 births  1 deaths  1 best lifetime 2.500 mean 0.842 max age 58  (53.1s)
season  51 holistic     alive  60 births  0 deaths  0 best lifetime 2.000 mean 0.719 max age 50  season  51 conventional alive  60 births  0 deaths  0 best lifetime 2.062 mean 0.838 max age 59  (51.3s)
season  52 holistic     alive  60 births  0 deaths  0 best lifetime 1.944 mean 0.725 max age 51  season  52 conventional alive  60 births  1 deaths  1 best lifetime 2.353 mean 0.836 max age 59  (46.9s)
season  53 holistic     alive  60 births  1 deaths  1 best lifetime 2.053 mean 0.747 max age 52  season  53 conventional alive  60 births  1 deaths  1 best lifetime 2.333 mean 0.856 max age 59  (50.3s)
season  54 holistic     alive  60 births  0 deaths  0 best lifetime 1.950 mean 0.750 max age 53  season  54 conventional alive  60 births  1 deaths  1 best lifetime 2.526 mean 0.871 max age 59  (50.1s)
season  55 holistic     alive  60 births  0 deaths  0 best lifetime 2.000 mean 0.750 max age 54  season  55 conventional alive  60 births  1 deaths  1 best lifetime 2.400 mean 0.863 max age 59  (55.9s)
season  56 holistic     alive  60 births  0 deaths  0 best lifetime 2.000 mean 0.740 max age 55  season  56 conventional alive  60 births  2 deaths  2 best lifetime 2.333 mean 0.822 max age 59  (52.5s)
season  57 holistic     alive  60 births  1 deaths  1 best lifetime 1.739 mean 0.742 max age 56  season  57 conventional alive  60 births  1 deaths  1 best lifetime 2.318 mean 0.839 max age 59  (55.0s)
season  58 holistic     alive  60 births  0 deaths  0 best lifetime 2.000 mean 0.747 max age 57  season  58 conventional alive  60 births  2 deaths  2 best lifetime 2.348 mean 0.830 max age 59  (58.2s)
season  59 holistic     alive  60 births  0 deaths  0 best lifetime 1.778 mean 0.747 max age 58  season  59 conventional alive  60 births  2 deaths  2 best lifetime 2.250 mean 0.848 max age 59  (55.4s)
season  60 holistic     alive  60 births  1 deaths  1 best lifetime 2.100 mean 0.746 max age 59  season  60 conventional alive  60 births  2 deaths  2 best lifetime 2.200 mean 0.841 max age 58  (56.7s)
season  61 holistic     alive  60 births  2 deaths  2 best lifetime 2.091 mean 0.776 max age 56  season  61 conventional alive  60 births  0 deaths  0 best lifetime 4.000 mean 0.918 max age 59  (55.4s)
season  62 holistic     alive  60 births  0 deaths  0 best lifetime 2.083 mean 0.782 max age 57  season  62 conventional alive  60 births  2 deaths  2 best lifetime 3.000 mean 0.875 max age 59  (57.5s)
season  63 holistic     alive  60 births  0 deaths  0 best lifetime 2.231 mean 0.788 max age 58  season  63 conventional alive  60 births  1 deaths  1 best lifetime 2.000 mean 0.879 max age 59  (62.9s)
season  64 holistic     alive  60 births  0 deaths  0 best lifetime 2.071 mean 0.769 max age 59  season  64 conventional alive  60 births  1 deaths  1 best lifetime 2.000 mean 0.893 max age 59  (55.8s)
season  65 holistic     alive  60 births  2 deaths  2 best lifetime 1.933 mean 0.747 max age 58  season  65 conventional alive  60 births  1 deaths  1 best lifetime 4.000 mean 0.940 max age 56  (65.2s)
season  66 holistic     alive  60 births  0 deaths  0 best lifetime 2.000 mean 0.776 max age 59  season  66 conventional alive  60 births  0 deaths  0 best lifetime 3.000 mean 0.926 max age 57  (62.2s)
season  67 holistic     alive  60 births  1 deaths  1 best lifetime 1.765 mean 0.734 max age 54  season  67 conventional alive  60 births  1 deaths  1 best lifetime 2.000 mean 0.896 max age 58  (56.2s)
season  68 holistic     alive  60 births  0 deaths  0 best lifetime 1.778 mean 0.756 max age 55  season  68 conventional alive  60 births  0 deaths  0 best lifetime 1.950 mean 0.892 max age 59  (59.1s)
season  69 holistic     alive  60 births  1 deaths  1 best lifetime 1.789 mean 0.746 max age 56  season  69 conventional alive  60 births  1 deaths  1 best lifetime 1.941 mean 0.860 max age 59  (58.2s)
season  70 holistic     alive  60 births  0 deaths  0 best lifetime 1.800 mean 0.744 max age 57  season  70 conventional alive  60 births  1 deaths  1 best lifetime 1.932 mean 0.846 max age 59  (59.5s)
season  71 holistic     alive  60 births  0 deaths  0 best lifetime 1.714 mean 0.752 max age 58  season  71 conventional alive  60 births  4 deaths  4 best lifetime 1.861 mean 0.785 max age 58  (53.7s)
season  72 holistic     alive  60 births  0 deaths  0 best lifetime 1.773 mean 0.755 max age 59  season  72 conventional alive  60 births  0 deaths  0 best lifetime 2.000 mean 0.836 max age 59  (52.6s)
season  73 holistic     alive  60 births  2 deaths  2 best lifetime 1.739 mean 0.722 max age 59  season  73 conventional alive  60 births  1 deaths  1 best lifetime 2.000 mean 0.823 max age 58  (55.0s)
season  74 holistic     alive  60 births  1 deaths  1 best lifetime 1.667 mean 0.717 max age 59  season  74 conventional alive  60 births  0 deaths  0 best lifetime 1.821 mean 0.818 max age 59  (53.0s)
season  75 holistic     alive  60 births  3 deaths  3 best lifetime 1.680 mean 0.674 max age 58  season  75 conventional alive  60 births  5 deaths  5 best lifetime 1.800 mean 0.721 max age 58  (64.4s)
season  76 holistic     alive  60 births  1 deaths  1 best lifetime 1.654 mean 0.717 max age 59  season  76 conventional alive  60 births  0 deaths  0 best lifetime 5.000 mean 0.899 max age 59  (58.2s)
season  77 holistic     alive  60 births  2 deaths  2 best lifetime 1.630 mean 0.692 max age 58  season  77 conventional alive  60 births  2 deaths  2 best lifetime 2.500 mean 0.822 max age 59  (59.9s)
season  78 holistic     alive  60 births  0 deaths  0 best lifetime 1.643 mean 0.722 max age 59  season  78 conventional alive  60 births  1 deaths  1 best lifetime 2.000 mean 0.838 max age 59  (55.9s)
WARNING: Nan, Inf or huge value in QACC at DOF 30. The simulation is unstable. Time = 6.5850.

season  79 holistic     alive  60 births  5 deaths  5 best lifetime 1.750 mean 0.705 max age 59  season  79 conventional alive  60 births  4 deaths  4 best lifetime 2.500 mean 0.792 max age 58  (53.6s)
season  80 holistic     alive  60 births  2 deaths  2 best lifetime 2.000 mean 0.719 max age 59  season  80 conventional alive  60 births  0 deaths  0 best lifetime 3.000 mean 0.793 max age 59  (56.9s)
WARNING: Nan, Inf or huge value in QACC at DOF 33. The simulation is unstable. Time = 4.1550.

season  81 holistic     alive  60 births  2 deaths  2 best lifetime 1.839 mean 0.684 max age 59  season  81 conventional alive  60 births  3 deaths  3 best lifetime 2.000 mean 0.735 max age 58  (53.0s)
season  82 holistic     alive  60 births  2 deaths  2 best lifetime 1.781 mean 0.653 max age 59  season  82 conventional alive  60 births  1 deaths  1 best lifetime 1.787 mean 0.733 max age 59  (51.5s)
WARNING: Nan, Inf or huge value in QACC at DOF 3. The simulation is unstable. Time = 10.3900.

season  83 holistic     alive  60 births  5 deaths  5 best lifetime 1.788 mean 0.633 max age 59  season  83 conventional alive  60 births  3 deaths  3 best lifetime 2.000 mean 0.753 max age 58  (49.2s)
season  84 holistic     alive  60 births  2 deaths  2 best lifetime 7.000 mean 0.803 max age 59  season  84 conventional alive  60 births  0 deaths  0 best lifetime 4.000 mean 0.914 max age 59  (50.4s)
season  85 holistic     alive  60 births  6 deaths  6 best lifetime 5.000 mean 0.717 max age 59  season  85 conventional alive  60 births  1 deaths  1 best lifetime 3.500 mean 0.851 max age 58  (48.1s)
season  86 holistic     alive  60 births  7 deaths  7 best lifetime 4.667 mean 0.674 max age 59  season  86 conventional alive  60 births  0 deaths  0 best lifetime 3.000 mean 0.847 max age 59  (58.6s)
season  87 holistic     alive  60 births  6 deaths  6 best lifetime 4.500 mean 0.722 max age 59  season  87 conventional alive  60 births  1 deaths  1 best lifetime 3.250 mean 0.855 max age 59  (59.1s)
season  88 holistic     alive  60 births  3 deaths  3 best lifetime 3.600 mean 0.644 max age 59  season  88 conventional alive  60 births  1 deaths  1 best lifetime 2.600 mean 0.856 max age 56  (53.1s)
season  89 holistic     alive  60 births  8 deaths  8 best lifetime 3.667 mean 0.603 max age 59  season  89 conventional alive  60 births  1 deaths  1 best lifetime 2.167 mean 0.837 max age 57  (57.9s)
season  90 holistic     alive  60 births  5 deaths  5 best lifetime 5.000 mean 0.706 max age 59  season  90 conventional alive  60 births  0 deaths  0 best lifetime 1.857 mean 0.842 max age 58  (53.7s)
season  91 holistic     alive  60 births  5 deaths  5 best lifetime 3.000 mean 0.661 max age 59  season  91 conventional alive  60 births  0 deaths  0 best lifetime 1.643 mean 0.832 max age 59  (62.6s)
season  92 holistic     alive  60 births  4 deaths  4 best lifetime 3.000 mean 0.741 max age 58  season  92 conventional alive  60 births  2 deaths  2 best lifetime 1.649 mean 0.820 max age 59  (61.9s)
season  93 holistic     alive  60 births  3 deaths  3 best lifetime 3.750 mean 0.825 max age 59  season  93 conventional alive  60 births  1 deaths  1 best lifetime 1.900 mean 0.850 max age 58  (55.8s)
season  94 holistic     alive  60 births  5 deaths  5 best lifetime 3.800 mean 0.772 max age 58  season  94 conventional alive  60 births  0 deaths  0 best lifetime 2.000 mean 0.879 max age 59  (59.5s)
WARNING: Nan, Inf or huge value in QACC at DOF 20. The simulation is unstable. Time = 4.3600.

season  95 holistic     alive  60 births  3 deaths  3 best lifetime 3.167 mean 0.897 max age 59  season  95 conventional alive  60 births  2 deaths  2 best lifetime 3.000 mean 0.890 max age 58  (65.1s)
season  96 holistic     alive  60 births  2 deaths  2 best lifetime 3.000 mean 0.919 max age 59  season  96 conventional alive  60 births  0 deaths  0 best lifetime 3.333 mean 0.986 max age 59  (52.2s)
season  97 holistic     alive  60 births  3 deaths  3 best lifetime 3.000 mean 0.887 max age 59  season  97 conventional alive  60 births  2 deaths  2 best lifetime 3.500 mean 0.935 max age 58  (55.1s)
season  98 holistic     alive  60 births  1 deaths  1 best lifetime 3.333 mean 0.885 max age 57  season  98 conventional alive  60 births  0 deaths  0 best lifetime 3.000 mean 1.017 max age 59  (62.2s)
season  99 holistic     alive  60 births  4 deaths  4 best lifetime 3.500 mean 0.870 max age 58  season  99 conventional alive  60 births  1 deaths  1 best lifetime 2.833 mean 0.968 max age 58  (55.2s)
season 100 holistic     alive  60 births  1 deaths  1 best lifetime 3.455 mean 0.966 max age 59  season 100 conventional alive  60 births  0 deaths  0 best lifetime 2.857 mean 0.978 max age 59  (61.7s)
season 101 holistic     alive  60 births  5 deaths  5 best lifetime 3.167 mean 0.874 max age 58  season 101 conventional alive  60 births  1 deaths  1 best lifetime 3.125 mean 0.950 max age 59  (56.9s)
season 102 holistic     alive  60 births  2 deaths  2 best lifetime 2.923 mean 0.903 max age 59  season 102 conventional alive  60 births  2 deaths  2 best lifetime 3.111 mean 0.925 max age 58  (56.1s)
season 103 holistic     alive  60 births  2 deaths  2 best lifetime 2.857 mean 0.919 max age 59  season 103 conventional alive  60 births  0 deaths  0 best lifetime 2.800 mean 0.942 max age 59  (56.9s)
season 104 holistic     alive  60 births  1 deaths  1 best lifetime 2.800 mean 0.961 max age 56  season 104 conventional alive  60 births  2 deaths  2 best lifetime 2.545 mean 0.907 max age 59  (49.7s)
season 105 holistic     alive  60 births  0 deaths  0 best lifetime 3.000 mean 0.988 max age 57  season 105 conventional alive  60 births  1 deaths  1 best lifetime 3.000 mean 0.966 max age 58  (50.5s)
season 106 holistic     alive  60 births  1 deaths  1 best lifetime 2.652 mean 0.981 max age 58  season 106 conventional alive  60 births  1 deaths  1 best lifetime 2.500 mean 0.964 max age 59  (52.8s)
season 107 holistic     alive  60 births  2 deaths  2 best lifetime 2.625 mean 0.978 max age 59  season 107 conventional alive  60 births  1 deaths  1 best lifetime 2.286 mean 0.914 max age 59  (59.4s)
season 108 holistic     alive  60 births  1 deaths  1 best lifetime 2.632 mean 0.956 max age 58  season 108 conventional alive  60 births  1 deaths  1 best lifetime 2.200 mean 0.887 max age 59  (53.3s)
season 109 holistic     alive  60 births  0 deaths  0 best lifetime 2.550 mean 1.025 max age 59  season 109 conventional alive  60 births  2 deaths  2 best lifetime 2.375 mean 0.917 max age 59  (49.7s)
season 110 holistic     alive  60 births  3 deaths  3 best lifetime 2.524 mean 0.993 max age 49  season 110 conventional alive  60 births  2 deaths  2 best lifetime 2.412 mean 0.965 max age 58  (54.6s)
season 111 holistic     alive  60 births  0 deaths  0 best lifetime 2.607 mean 0.961 max age 50  season 111 conventional alive  60 births  0 deaths  0 best lifetime 2.278 mean 0.944 max age 59  (49.7s)
season 112 holistic     alive  60 births  0 deaths  0 best lifetime 2.552 mean 0.981 max age 51  season 112 conventional alive  60 births  1 deaths  1 best lifetime 2.211 mean 0.941 max age 59  (51.7s)
season 113 holistic     alive  60 births  0 deaths  0 best lifetime 2.467 mean 0.982 max age 52  season 113 conventional alive  60 births  1 deaths  1 best lifetime 2.150 mean 0.955 max age 59  (52.2s)
season 114 holistic     alive  60 births  2 deaths  2 best lifetime 2.484 mean 0.988 max age 53  season 114 conventional alive  60 births  1 deaths  1 best lifetime 2.048 mean 0.948 max age 59  (51.8s)
season 115 holistic     alive  60 births  0 deaths  0 best lifetime 2.594 mean 1.008 max age 54  season 115 conventional alive  60 births  1 deaths  1 best lifetime 2.273 mean 0.929 max age 59  (55.9s)
season 116 holistic     alive  60 births  0 deaths  0 best lifetime 2.545 mean 1.012 max age 55  season 116 conventional alive  60 births  2 deaths  2 best lifetime 3.000 mean 0.958 max age 59  (54.8s)
season 117 holistic     alive  60 births  0 deaths  0 best lifetime 2.529 mean 1.053 max age 56  season 117 conventional alive  60 births  1 deaths  1 best lifetime 3.000 mean 0.993 max age 59  (57.1s)
season 118 holistic     alive  60 births  1 deaths  1 best lifetime 2.457 mean 1.036 max age 57  season 118 conventional alive  60 births  1 deaths  1 best lifetime 2.120 mean 0.969 max age 59  (57.4s)
season 119 holistic     alive  60 births  0 deaths  0 best lifetime 2.444 mean 1.042 max age 58  season 119 conventional alive  60 births  1 deaths  1 best lifetime 2.115 mean 0.976 max age 59  (58.4s)
WARNING: Nan, Inf or huge value in QACC at DOF 0. The simulation is unstable. Time = 7.0150.

season 120 holistic     alive  60 births  0 deaths  0 best lifetime 2.459 mean 1.047 max age 59  season 120 conventional alive  60 births  2 deaths  2 best lifetime 2.111 mean 0.960 max age 58  (57.4s)
season 121 holistic     alive  60 births  1 deaths  1 best lifetime 2.526 mean 1.031 max age 56  season 121 conventional alive  60 births  0 deaths  0 best lifetime 3.000 mean 0.991 max age 59  (60.2s)
season 122 holistic     alive  60 births  1 deaths  1 best lifetime 2.513 mean 1.033 max age 57  season 122 conventional alive  60 births  2 deaths  2 best lifetime 2.000 mean 0.978 max age 59  (56.7s)
WARNING: Nan, Inf or huge value in QACC at DOF 3. The simulation is unstable. Time = 3.5950.

season 123 holistic     alive  60 births  0 deaths  0 best lifetime 2.475 mean 1.086 max age 58  season 123 conventional alive  60 births  1 deaths  1 best lifetime 2.033 mean 0.961 max age 59  (52.9s)
season 124 holistic     alive  60 births  0 deaths  0 best lifetime 2.463 mean 1.090 max age 59  season 124 conventional alive  60 births  1 deaths  1 best lifetime 2.032 mean 0.971 max age 59  (51.3s)
season 125 holistic     alive  60 births  1 deaths  1 best lifetime 2.405 mean 1.056 max age 58  season 125 conventional alive  60 births  1 deaths  1 best lifetime 2.094 mean 0.947 max age 56  (54.1s)
WARNING: Nan, Inf or huge value in QACC at DOF 20. The simulation is unstable. Time = 3.5300.

season 126 holistic     alive  60 births  0 deaths  0 best lifetime 2.395 mean 1.061 max age 59  season 126 conventional alive  60 births  0 deaths  0 best lifetime 2.030 mean 0.929 max age 57  (57.7s)
season 127 holistic     alive  60 births  1 deaths  1 best lifetime 2.341 mean 1.041 max age 54  season 127 conventional alive  60 births  0 deaths  0 best lifetime 2.000 mean 0.932 max age 58  (53.6s)
season 128 holistic     alive  60 births  0 deaths  0 best lifetime 3.000 mean 1.086 max age 55  season 128 conventional alive  60 births  0 deaths  0 best lifetime 1.971 mean 0.932 max age 59  (59.7s)
season 129 holistic     alive  60 births  0 deaths  0 best lifetime 2.500 mean 1.090 max age 56  season 129 conventional alive  60 births  1 deaths  1 best lifetime 2.000 mean 0.917 max age 58  (55.4s)
season 130 holistic     alive  60 births  0 deaths  0 best lifetime 2.298 mean 1.066 max age 57  season 130 conventional alive  60 births  0 deaths  0 best lifetime 3.000 mean 0.957 max age 59  (60.0s)
WARNING: Nan, Inf or huge value in QACC at DOF 10. The simulation is unstable. Time = 5.6600.

season 131 holistic     alive  60 births  0 deaths  0 best lifetime 2.250 mean 1.063 max age 58  season 131 conventional alive  60 births  4 deaths  4 best lifetime 2.000 mean 0.866 max age 58  (54.1s)
season 132 holistic     alive  60 births  1 deaths  1 best lifetime 2.265 mean 1.067 max age 59  season 132 conventional alive  60 births  0 deaths  0 best lifetime 2.000 mean 0.902 max age 59  (60.0s)
season 133 holistic     alive  60 births  1 deaths  1 best lifetime 2.260 mean 1.090 max age 59  season 133 conventional alive  60 births  2 deaths  2 best lifetime 1.975 mean 0.886 max age 58  (59.1s)
WARNING: Nan, Inf or huge value in QACC at DOF 0. The simulation is unstable. Time = 5.8500.

season 134 holistic     alive  60 births  1 deaths  1 best lifetime 3.000 mean 1.138 max age 59  season 134 conventional alive  60 births  0 deaths  0 best lifetime 1.927 mean 0.880 max age 59  (69.4s)
season 135 holistic     alive  60 births  1 deaths  1 best lifetime 2.365 mean 1.101 max age 58  season 135 conventional alive  60 births  6 deaths  6 best lifetime 1.895 mean 0.834 max age 58  (61.7s)
season 136 holistic     alive  60 births  0 deaths  0 best lifetime 2.333 mean 1.118 max age 59  season 136 conventional alive  60 births  0 deaths  0 best lifetime 4.000 mean 0.953 max age 59  (60.4s)
season 137 holistic     alive  60 births  1 deaths  1 best lifetime 2.407 mean 1.095 max age 58  season 137 conventional alive  60 births  2 deaths  2 best lifetime 2.000 mean 0.901 max age 59  (59.6s)
season 138 holistic     alive  60 births  0 deaths  0 best lifetime 2.364 mean 1.116 max age 59  season 138 conventional alive  60 births  1 deaths  1 best lifetime 2.000 mean 0.910 max age 59  (63.3s)
season 139 holistic     alive  60 births  3 deaths  3 best lifetime 2.375 mean 1.079 max age 58  season 139 conventional alive  60 births  3 deaths  3 best lifetime 1.761 mean 0.871 max age 58  (61.1s)
season 140 holistic     alive  60 births  0 deaths  0 best lifetime 3.000 mean 1.163 max age 59  season 140 conventional alive  60 births  0 deaths  0 best lifetime 3.000 mean 1.006 max age 59  (58.1s)
season 141 holistic     alive  60 births  1 deaths  1 best lifetime 2.362 mean 1.131 max age 58  season 141 conventional alive  60 births  2 deaths  2 best lifetime 2.000 mean 0.936 max age 59  (61.5s)
season 142 holistic     alive  60 births  0 deaths  0 best lifetime 2.356 mean 1.110 max age 59  season 142 conventional alive  60 births  1 deaths  1 best lifetime 1.885 mean 0.872 max age 59  (57.6s)
season 143 holistic     alive  60 births  4 deaths  4 best lifetime 1.981 mean 1.018 max age 59  season 143 conventional alive  60 births  4 deaths  4 best lifetime 2.500 mean 0.824 max age 58  (63.3s)
season 144 holistic     alive  60 births  2 deaths  2 best lifetime 1.945 mean 0.983 max age 59  season 144 conventional alive  60 births  0 deaths  0 best lifetime 1.750 mean 0.835 max age 59  (58.1s)
season 145 holistic     alive  60 births  4 deaths  4 best lifetime 2.000 mean 0.955 max age 59  season 145 conventional alive  60 births  2 deaths  2 best lifetime 1.759 mean 0.801 max age 58  (61.2s)
season 146 holistic     alive  60 births  3 deaths  3 best lifetime 2.500 mean 0.993 max age 59  season 146 conventional alive  60 births  1 deaths  1 best lifetime 1.774 mean 0.873 max age 59  (57.4s)
season 147 holistic     alive  60 births  6 deaths  6 best lifetime 1.891 mean 0.897 max age 58  season 147 conventional alive  60 births  2 deaths  2 best lifetime 3.000 mean 0.947 max age 58  (54.3s)
season 148 holistic     alive  60 births  0 deaths  0 best lifetime 1.894 mean 0.920 max age 59  season 148 conventional alive  60 births  0 deaths  0 best lifetime 2.000 mean 0.972 max age 59  (55.0s)
season 149 holistic     alive  60 births  6 deaths  6 best lifetime 2.250 mean 0.808 max age 59  season 149 conventional alive  60 births  1 deaths  1 best lifetime 3.667 mean 0.964 max age 57  (56.1s)
season 150 holistic     alive  60 births  3 deaths  3 best lifetime 3.000 mean 0.885 max age 59  season 150 conventional alive  60 births  0 deaths  0 best lifetime 3.000 mean 0.973 max age 58  (59.6s)
season 151 holistic     alive  60 births  6 deaths  6 best lifetime 2.000 mean 0.847 max age 59  season 151 conventional alive  60 births  0 deaths  0 best lifetime 2.600 mean 0.971 max age 59  (58.1s)
season 152 holistic     alive  60 births  3 deaths  3 best lifetime 2.000 mean 0.790 max age 59  season 152 conventional alive  60 births  2 deaths  2 best lifetime 2.500 mean 0.941 max age 59  (59.2s)
season 153 holistic     alive  60 births  3 deaths  3 best lifetime 2.500 mean 0.850 max age 59  season 153 conventional alive  60 births  1 deaths  1 best lifetime 2.286 mean 0.923 max age 58  (53.4s)
season 154 holistic     alive  60 births  6 deaths  6 best lifetime 2.500 mean 0.835 max age 58  season 154 conventional alive  60 births  0 deaths  0 best lifetime 2.125 mean 0.934 max age 59  (57.5s)
season 155 holistic     alive  60 births  2 deaths  2 best lifetime 1.852 mean 0.811 max age 59  season 155 conventional alive  60 births  2 deaths  2 best lifetime 2.000 mean 0.896 max age 58  (56.0s)
season 156 holistic     alive  60 births  1 deaths  1 best lifetime 2.000 mean 0.856 max age 57  season 156 conventional alive  60 births  0 deaths  0 best lifetime 1.963 mean 0.891 max age 59  (52.2s)
season 157 holistic     alive  60 births  0 deaths  0 best lifetime 1.857 mean 0.867 max age 58  season 157 conventional alive  60 births  1 deaths  1 best lifetime 1.929 mean 0.855 max age 58  (56.1s)
season 158 holistic     alive  60 births  2 deaths  2 best lifetime 1.889 mean 0.920 max age 59  season 158 conventional alive  60 births  0 deaths  0 best lifetime 2.034 mean 0.900 max age 59  (58.5s)
season 159 holistic     alive  60 births  3 deaths  3 best lifetime 2.333 mean 0.925 max age 59  season 159 conventional alive  60 births  2 deaths  2 best lifetime 2.500 mean 0.894 max age 58  (55.6s)
season 160 holistic     alive  60 births  1 deaths  1 best lifetime 2.273 mean 1.021 max age 59  season 160 conventional alive  60 births  0 deaths  0 best lifetime 2.000 mean 0.913 max age 59  (60.6s)
season 161 holistic     alive  60 births  5 deaths  5 best lifetime 2.167 mean 0.889 max age 59  season 161 conventional alive  60 births  1 deaths  1 best lifetime 2.000 mean 0.896 max age 59  (60.4s)
season 162 holistic     alive  60 births  2 deaths  2 best lifetime 6.000 mean 1.134 max age 59  season 162 conventional alive  60 births  1 deaths  1 best lifetime 2.200 mean 0.934 max age 58  (61.6s)
season 163 holistic     alive  60 births  1 deaths  1 best lifetime 5.500 mean 1.103 max age 59  season 163 conventional alive  60 births  1 deaths  1 best lifetime 2.500 mean 0.927 max age 59  (57.5s)
season 164 holistic     alive  60 births  2 deaths  2 best lifetime 4.000 mean 1.082 max age 57  season 164 conventional alive  60 births  2 deaths  2 best lifetime 2.286 mean 0.904 max age 59  (60.4s)
season 165 holistic     alive  60 births  0 deaths  0 best lifetime 3.500 mean 1.126 max age 58  season 165 conventional alive  60 births  1 deaths  1 best lifetime 3.000 mean 0.940 max age 58  (66.3s)
WARNING: Nan, Inf or huge value in QACC at DOF 20. The simulation is unstable. Time = 8.4400.

season 166 holistic     alive  60 births  1 deaths  1 best lifetime 3.000 mean 1.115 max age 59  season 166 conventional alive  60 births  1 deaths  1 best lifetime 2.500 mean 0.960 max age 59  (65.4s)
season 167 holistic     alive  60 births  2 deaths  2 best lifetime 3.000 mean 1.134 max age 59  season 167 conventional alive  60 births  2 deaths  2 best lifetime 2.333 mean 0.923 max age 59  (61.0s)
season 168 holistic     alive  60 births  1 deaths  1 best lifetime 3.286 mean 1.120 max age 58  season 168 conventional alive  60 births  1 deaths  1 best lifetime 2.000 mean 0.896 max age 59  (63.7s)
season 169 holistic     alive  60 births  1 deaths  1 best lifetime 3.250 mean 1.109 max age 59  season 169 conventional alive  60 births  2 deaths  2 best lifetime 1.900 mean 0.852 max age 59  (68.3s)
season 170 holistic     alive  60 births  2 deaths  2 best lifetime 2.889 mean 1.092 max age 56  season 170 conventional alive  60 births  3 deaths  3 best lifetime 1.854 mean 0.812 max age 58  (68.4s)
season 171 holistic     alive  60 births  1 deaths  1 best lifetime 4.000 mean 1.216 max age 57  season 171 conventional alive  60 births  1 deaths  1 best lifetime 1.881 mean 0.812 max age 59  (66.1s)
season 172 holistic     alive  60 births  0 deaths  0 best lifetime 3.182 mean 1.191 max age 58  season 172 conventional alive  60 births  2 deaths  2 best lifetime 1.837 mean 0.792 max age 59  (58.6s)
season 173 holistic     alive  60 births  0 deaths  0 best lifetime 3.000 mean 1.119 max age 59  season 173 conventional alive  60 births  3 deaths  3 best lifetime 3.000 mean 0.832 max age 59  (64.5s)
WARNING: Nan, Inf or huge value in QACC at DOF 33. The simulation is unstable. Time = 9.4250.

season 174 holistic     alive  60 births  1 deaths  1 best lifetime 2.769 mean 1.094 max age 53  season 174 conventional alive  60 births  2 deaths  2 best lifetime 3.000 mean 0.910 max age 59  (65.4s)
season 175 holistic     alive  60 births  0 deaths  0 best lifetime 2.714 mean 1.109 max age 54  season 175 conventional alive  60 births  1 deaths  1 best lifetime 2.000 mean 0.865 max age 59  (63.1s)
season 176 holistic     alive  60 births  0 deaths  0 best lifetime 2.800 mean 1.115 max age 55  season 176 conventional alive  60 births  2 deaths  2 best lifetime 1.766 mean 0.806 max age 59  (64.8s)
season 177 holistic     alive  60 births  0 deaths  0 best lifetime 2.625 mean 1.120 max age 56  season 177 conventional alive  60 births  1 deaths  1 best lifetime 1.729 mean 0.807 max age 59  (66.9s)
season 178 holistic     alive  60 births  0 deaths  0 best lifetime 2.765 mean 1.121 max age 57  season 178 conventional alive  60 births  2 deaths  2 best lifetime 2.000 mean 0.805 max age 59  (67.9s)
season 179 holistic     alive  60 births  0 deaths  0 best lifetime 2.667 mean 1.109 max age 58  season 179 conventional alive  60 births  1 deaths  1 best lifetime 1.700 mean 0.811 max age 59  (64.5s)
season 180 holistic     alive  60 births  0 deaths  0 best lifetime 2.632 mean 1.117 max age 59  season 180 conventional alive  60 births  3 deaths  3 best lifetime 1.686 mean 0.795 max age 58  (64.4s)
season 181 holistic     alive  60 births  1 deaths  1 best lifetime 2.700 mean 1.099 max age 59  season 181 conventional alive  60 births  0 deaths  0 best lifetime 1.654 mean 0.780 max age 59  (65.5s)
season 182 holistic     alive  60 births  1 deaths  1 best lifetime 2.762 mean 1.091 max age 57  season 182 conventional alive  60 births  2 deaths  2 best lifetime 1.679 mean 0.782 max age 58  (68.0s)
season 183 holistic     alive  60 births  0 deaths  0 best lifetime 2.682 mean 1.114 max age 58  season 183 conventional alive  60 births  0 deaths  0 best lifetime 1.667 mean 0.861 max age 59  (63.5s)
season 184 holistic     alive  60 births  0 deaths  0 best lifetime 2.652 mean 1.098 max age 59  season 184 conventional alive  60 births  1 deaths  1 best lifetime 2.500 mean 0.888 max age 55  (60.0s)
WARNING: Nan, Inf or huge value in QACC at DOF 30. The simulation is unstable. Time = 5.0350.

season 185 holistic     alive  60 births  1 deaths  1 best lifetime 2.542 mean 1.084 max age 58  season 185 conventional alive  60 births  0 deaths  0 best lifetime 1.667 mean 0.893 max age 56  (62.4s)
season 186 holistic     alive  60 births  0 deaths  0 best lifetime 2.480 mean 1.085 max age 59  season 186 conventional alive  60 births  0 deaths  0 best lifetime 1.649 mean 0.892 max age 57  (64.8s)
season 187 holistic     alive  60 births  1 deaths  1 best lifetime 2.462 mean 1.059 max age 55  season 187 conventional alive  60 births  0 deaths  0 best lifetime 1.655 mean 0.905 max age 58  (61.2s)
season 188 holistic     alive  60 births  0 deaths  0 best lifetime 2.407 mean 1.082 max age 56  season 188 conventional alive  60 births  0 deaths  0 best lifetime 1.627 mean 0.878 max age 59  (62.8s)
season 189 holistic     alive  60 births  1 deaths  1 best lifetime 2.357 mean 1.068 max age 57  season 189 conventional alive  60 births  1 deaths  1 best lifetime 1.520 mean 0.866 max age 58  (65.1s)
season 190 holistic     alive  60 births  1 deaths  1 best lifetime 2.310 mean 1.068 max age 58  season 190 conventional alive  60 births  0 deaths  0 best lifetime 1.510 mean 0.886 max age 59  (64.9s)
season 191 holistic     alive  60 births  0 deaths  0 best lifetime 2.233 mean 1.055 max age 59  season 191 conventional alive  60 births  4 deaths  4 best lifetime 1.587 mean 0.835 max age 58  (60.5s)
season 192 holistic     alive  60 births  1 deaths  1 best lifetime 2.290 mean 1.037 max age 59  season 192 conventional alive  60 births  0 deaths  0 best lifetime 2.000 mean 0.892 max age 59  (62.1s)
season 193 holistic     alive  60 births  2 deaths  2 best lifetime 2.344 mean 1.079 max age 59  season 193 conventional alive  60 births  2 deaths  2 best lifetime 1.586 mean 0.857 max age 58  (73.2s)
season 194 holistic     alive  60 births  1 deaths  1 best lifetime 2.273 mean 1.038 max age 57  season 194 conventional alive  60 births  0 deaths  0 best lifetime 1.636 mean 0.855 max age 59  (70.9s)
season 195 holistic     alive  60 births  0 deaths  0 best lifetime 2.206 mean 1.058 max age 58  season 195 conventional alive  60 births  7 deaths  7 best lifetime 1.696 mean 0.802 max age 58  (79.7s)
season 196 holistic     alive  60 births  0 deaths  0 best lifetime 2.200 mean 1.051 max age 59  season 196 conventional alive  60 births  0 deaths  0 best lifetime 3.000 mean 0.901 max age 59  (83.5s)
season 197 holistic     alive  60 births  2 deaths  2 best lifetime 2.167 mean 1.065 max age 58  season 197 conventional alive  60 births  2 deaths  2 best lifetime 2.000 mean 0.884 max age 59  (76.2s)
season 198 holistic     alive  60 births  1 deaths  1 best lifetime 2.216 mean 1.076 max age 59  season 198 conventional alive  60 births  1 deaths  1 best lifetime 1.678 mean 0.871 max age 59  (78.6s)
season 199 holistic     alive  60 births  2 deaths  2 best lifetime 2.289 mean 1.050 max age 56  season 199 conventional alive  60 births  4 deaths  4 best lifetime 3.000 mean 0.854 max age 58  (75.2s)
season 200 holistic     alive  60 births  0 deaths  0 best lifetime 2.333 mean 1.063 max age 57  season 200 conventional alive  60 births  0 deaths  0 best lifetime 2.000 mean 0.910 max age 59  (70.0s)
season 201 holistic     alive  60 births  1 deaths  1 best lifetime 2.300 mean 1.070 max age 58  season 201 conventional alive  60 births  1 deaths  1 best lifetime 1.667 mean 0.849 max age 58  (41.3s)
season 202 holistic     alive  60 births  0 deaths  0 best lifetime 2.244 mean 1.097 max age 59  season 202 conventional alive  60 births  0 deaths  0 best lifetime 1.509 mean 0.844 max age 59  (48.8s)
season 203 holistic     alive  60 births  3 deaths  3 best lifetime 3.500 mean 1.079 max age 59  season 203 conventional alive  60 births  4 deaths  4 best lifetime 1.542 mean 0.821 max age 58  (47.5s)
season 204 holistic     alive  60 births  2 deaths  2 best lifetime 3.000 mean 1.112 max age 59  season 204 conventional alive  60 births  0 deaths  0 best lifetime 2.000 mean 0.875 max age 59  (53.8s)
season 205 holistic     alive  60 births  3 deaths  3 best lifetime 2.500 mean 1.045 max age 59  season 205 conventional alive  60 births  2 deaths  2 best lifetime 2.500 mean 0.840 max age 59  (53.7s)
season 206 holistic     alive  60 births  2 deaths  2 best lifetime 2.222 mean 1.051 max age 59  season 206 conventional alive  60 births  1 deaths  1 best lifetime 2.000 mean 0.855 max age 59  (49.9s)
WARNING: Nan, Inf or huge value in QACC at DOF 30. The simulation is unstable. Time = 5.1800.

season 207 holistic     alive  60 births  1 deaths  1 best lifetime 2.174 mean 1.059 max age 58  season 207 conventional alive  60 births  3 deaths  3 best lifetime 2.000 mean 0.832 max age 58  (42.7s)
season 208 holistic     alive  60 births  1 deaths  1 best lifetime 2.170 mean 1.046 max age 59  season 208 conventional alive  60 births  0 deaths  0 best lifetime 1.537 mean 0.838 max age 59  (41.3s)
season 209 holistic     alive  60 births  4 deaths  4 best lifetime 2.146 mean 0.986 max age 59  season 209 conventional alive  60 births  1 deaths  1 best lifetime 1.524 mean 0.818 max age 57  (43.3s)
season 210 holistic     alive  60 births  2 deaths  2 best lifetime 2.778 mean 1.009 max age 59  season 210 conventional alive  60 births  0 deaths  0 best lifetime 2.667 mean 0.934 max age 58  (39.8s)
WARNING: Nan, Inf or huge value in QACC at DOF 20. The simulation is unstable. Time = 2.3150.

season 211 holistic     alive  60 births  6 deaths  6 best lifetime 2.600 mean 0.950 max age 59  season 211 conventional alive  60 births  0 deaths  0 best lifetime 2.000 mean 0.937 max age 59  (38.4s)
season 212 holistic     alive  60 births  3 deaths  3 best lifetime 3.000 mean 1.031 max age 59  season 212 conventional alive  60 births  2 deaths  2 best lifetime 1.692 mean 0.896 max age 59  (38.7s)
season 213 holistic     alive  60 births  5 deaths  5 best lifetime 2.500 mean 0.963 max age 59  season 213 conventional alive  60 births  1 deaths  1 best lifetime 2.000 mean 0.886 max age 58  (39.4s)
season 214 holistic     alive  60 births  4 deaths  4 best lifetime 2.333 mean 0.974 max age 59  season 214 conventional alive  60 births  0 deaths  0 best lifetime 2.286 mean 0.962 max age 59  (43.4s)
WARNING: Nan, Inf or huge value in QACC at DOF 3. The simulation is unstable. Time = 5.1800.

season 215 holistic     alive  60 births  1 deaths  1 best lifetime 2.250 mean 0.920 max age 59  season 215 conventional alive  60 births  1 deaths  1 best lifetime 2.500 mean 0.949 max age 58  (40.9s)
season 216 holistic     alive  60 births  3 deaths  3 best lifetime 2.055 mean 0.870 max age 58  season 216 conventional alive  60 births  0 deaths  0 best lifetime 2.667 mean 0.960 max age 59  (45.4s)
season 217 holistic     alive  60 births  2 deaths  2 best lifetime 2.125 mean 0.941 max age 59  season 217 conventional alive  60 births  1 deaths  1 best lifetime 2.500 mean 0.940 max age 58  (40.5s)
season 218 holistic     alive  60 births  1 deaths  1 best lifetime 2.118 mean 1.006 max age 59  season 218 conventional alive  60 births  0 deaths  0 best lifetime 2.000 mean 0.978 max age 59  (42.0s)
season 219 holistic     alive  60 births  3 deaths  3 best lifetime 2.000 mean 0.952 max age 58  season 219 conventional alive  60 births  1 deaths  1 best lifetime 2.050 mean 0.954 max age 58  (41.7s)
season 220 holistic     alive  60 births  1 deaths  1 best lifetime 3.000 mean 1.021 max age 59  season 220 conventional alive  60 births  0 deaths  0 best lifetime 2.048 mean 0.964 max age 59  (38.2s)
season 221 holistic     alive  60 births  6 deaths  6 best lifetime 3.500 mean 0.892 max age 58  season 221 conventional alive  60 births  1 deaths  1 best lifetime 2.500 mean 0.976 max age 57  (45.1s)
season 222 holistic     alive  60 births  1 deaths  1 best lifetime 3.000 mean 0.970 max age 59  season 222 conventional alive  60 births  0 deaths  0 best lifetime 2.667 mean 1.001 max age 58  (48.8s)
season 223 holistic     alive  60 births  3 deaths  3 best lifetime 2.500 mean 1.012 max age 59  season 223 conventional alive  60 births  0 deaths  0 best lifetime 2.500 mean 0.993 max age 59  (47.2s)
season 224 holistic     alive  60 births  3 deaths  3 best lifetime 2.400 mean 0.960 max age 58  season 224 conventional alive  60 births  2 deaths  2 best lifetime 3.000 mean 0.974 max age 57  (40.5s)
season 225 holistic     alive  60 births  0 deaths  0 best lifetime 2.148 mean 0.967 max age 59  season 225 conventional alive  60 births  0 deaths  0 best lifetime 2.750 mean 1.001 max age 58  (44.8s)
season 226 holistic     alive  60 births  1 deaths  1 best lifetime 2.179 mean 0.985 max age 59  season 226 conventional alive  60 births  0 deaths  0 best lifetime 2.400 mean 1.003 max age 59  (43.2s)
season 227 holistic     alive  60 births  2 deaths  2 best lifetime 2.667 mean 0.988 max age 59  season 227 conventional alive  60 births  1 deaths  1 best lifetime 2.167 mean 0.951 max age 58  (46.6s)
season 228 holistic     alive  60 births  1 deaths  1 best lifetime 2.571 mean 1.014 max age 59  season 228 conventional alive  60 births  0 deaths  0 best lifetime 3.000 mean 1.005 max age 59  (48.4s)
season 229 holistic     alive  60 births  1 deaths  1 best lifetime 2.250 mean 1.007 max age 59  season 229 conventional alive  60 births  1 deaths  1 best lifetime 2.000 mean 0.967 max age 59  (47.8s)
season 230 holistic     alive  60 births  2 deaths  2 best lifetime 2.222 mean 0.961 max age 59  season 230 conventional alive  60 births  1 deaths  1 best lifetime 2.000 mean 0.979 max age 59  (45.6s)
season 231 holistic     alive  60 births  3 deaths  3 best lifetime 2.100 mean 0.968 max age 57  season 231 conventional alive  60 births  1 deaths  1 best lifetime 2.100 mean 0.973 max age 59  (46.9s)
season 232 holistic     alive  60 births  0 deaths  0 best lifetime 2.118 mean 0.959 max age 58  season 232 conventional alive  60 births  1 deaths  1 best lifetime 5.000 mean 1.034 max age 59  (47.4s)
season 233 holistic     alive  60 births  0 deaths  0 best lifetime 2.086 mean 0.956 max age 59  season 233 conventional alive  60 births  3 deaths  3 best lifetime 2.500 mean 0.923 max age 59  (43.5s)
season 234 holistic     alive  60 births  3 deaths  3 best lifetime 2.083 mean 0.931 max age 53  season 234 conventional alive  60 births  2 deaths  2 best lifetime 3.000 mean 0.964 max age 59  (45.6s)
season 235 holistic     alive  60 births  3 deaths  3 best lifetime 2.054 mean 0.935 max age 54  season 235 conventional alive  60 births  1 deaths  1 best lifetime 2.250 mean 0.944 max age 59  (48.7s)
season 236 holistic     alive  60 births  0 deaths  0 best lifetime 4.000 mean 1.009 max age 55  season 236 conventional alive  60 births  2 deaths  2 best lifetime 2.000 mean 0.905 max age 59  (45.3s)
WARNING: Nan, Inf or huge value in QACC at DOF 30. The simulation is unstable. Time = 12.6150.

WARNING: Nan, Inf or huge value in QACC at DOF 2. The simulation is unstable. Time = 9.9850.

WARNING: Nan, Inf or huge value in QACC at DOF 31. The simulation is unstable. Time = 6.0150.

season 237 holistic     alive  60 births  0 deaths  0 best lifetime 3.000 mean 0.988 max age 56  season 237 conventional alive  60 births  2 deaths  2 best lifetime 2.200 mean 0.902 max age 59  (53.6s)
season 238 holistic     alive  60 births  2 deaths  2 best lifetime 2.667 mean 1.024 max age 57  season 238 conventional alive  60 births  2 deaths  2 best lifetime 2.167 mean 0.912 max age 59  (52.6s)
season 239 holistic     alive  60 births  0 deaths  0 best lifetime 2.200 mean 1.013 max age 58  season 239 conventional alive  60 births  2 deaths  2 best lifetime 2.000 mean 0.962 max age 59  (53.4s)
season 240 holistic     alive  60 births  0 deaths  0 best lifetime 2.119 mean 1.014 max age 59  season 240 conventional alive  60 births  3 deaths  3 best lifetime 3.000 mean 0.967 max age 58  (50.4s)
season 241 holistic     alive  60 births  1 deaths  1 best lifetime 2.093 mean 0.989 max age 54  season 241 conventional alive  60 births  3 deaths  3 best lifetime 4.000 mean 1.085 max age 59  (48.4s)
season 242 holistic     alive  60 births  1 deaths  1 best lifetime 2.068 mean 1.002 max age 55  season 242 conventional alive  60 births  2 deaths  2 best lifetime 3.000 mean 1.077 max age 58  (47.1s)
season 243 holistic     alive  60 births  0 deaths  0 best lifetime 2.067 mean 1.029 max age 56  season 243 conventional alive  60 births  0 deaths  0 best lifetime 3.333 mean 1.099 max age 59  (50.2s)
season 244 holistic     alive  60 births  0 deaths  0 best lifetime 2.065 mean 1.038 max age 57  season 244 conventional alive  60 births  1 deaths  1 best lifetime 3.000 mean 1.065 max age 55  (47.3s)
season 245 holistic     alive  60 births  1 deaths  1 best lifetime 2.021 mean 1.038 max age 58  season 245 conventional alive  60 births  0 deaths  0 best lifetime 2.600 mean 1.085 max age 56  (43.6s)
season 246 holistic     alive  60 births  0 deaths  0 best lifetime 2.042 mean 1.063 max age 59  season 246 conventional alive  60 births  0 deaths  0 best lifetime 2.333 mean 1.079 max age 57  (36.7s)
WARNING: Nan, Inf or huge value in QACC at DOF 20. The simulation is unstable. Time = 3.8950.

season 247 holistic     alive  60 births  1 deaths  1 best lifetime 2.154 mean 1.050 max age 57  season 247 conventional alive  60 births  0 deaths  0 best lifetime 2.250 mean 1.043 max age 58  (39.2s)
season 248 holistic     alive  60 births  0 deaths  0 best lifetime 2.080 mean 1.056 max age 58  season 248 conventional alive  60 births  0 deaths  0 best lifetime 2.167 mean 1.031 max age 59  (41.0s)
season 249 holistic     alive  60 births  0 deaths  0 best lifetime 2.133 mean 1.043 max age 59  season 249 conventional alive  60 births  1 deaths  1 best lifetime 2.000 mean 1.003 max age 58  (42.3s)
season 250 holistic     alive  60 births  1 deaths  1 best lifetime 2.312 mean 1.022 max age 58  season 250 conventional alive  60 births  0 deaths  0 best lifetime 2.000 mean 1.030 max age 59  (38.3s)
season 251 holistic     alive  60 births  1 deaths  1 best lifetime 3.000 mean 1.077 max age 59  season 251 conventional alive  60 births  2 deaths  2 best lifetime 1.889 mean 0.992 max age 58  (43.7s)
season 252 holistic     alive  60 births  1 deaths  1 best lifetime 2.222 mean 1.049 max age 59  season 252 conventional alive  60 births  0 deaths  0 best lifetime 2.000 mean 1.010 max age 59  (39.9s)
season 253 holistic     alive  60 births  2 deaths  2 best lifetime 2.333 mean 1.051 max age 56  season 253 conventional alive  60 births  2 deaths  2 best lifetime 1.786 mean 0.969 max age 58  (39.2s)
season 254 holistic     alive  60 births  0 deaths  0 best lifetime 2.500 mean 1.031 max age 57  season 254 conventional alive  60 births  0 deaths  0 best lifetime 1.757 mean 0.968 max age 59  (43.3s)
season 255 holistic     alive  60 births  0 deaths  0 best lifetime 2.000 mean 1.062 max age 58  season 255 conventional alive  60 births  6 deaths  6 best lifetime 1.800 mean 0.884 max age 58  (37.3s)
season 256 holistic     alive  60 births  1 deaths  1 best lifetime 2.167 mean 1.064 max age 59  season 256 conventional alive  60 births  0 deaths  0 best lifetime 3.000 mean 0.980 max age 59  (38.1s)
season 257 holistic     alive  60 births  1 deaths  1 best lifetime 1.913 mean 1.027 max age 59  season 257 conventional alive  60 births  2 deaths  2 best lifetime 2.500 mean 0.933 max age 59  (38.8s)
season 258 holistic     alive  60 births  1 deaths  1 best lifetime 1.917 mean 0.995 max age 57  season 258 conventional alive  60 births  1 deaths  1 best lifetime 2.000 mean 0.982 max age 59  (40.3s)
season 259 holistic     alive  60 births  0 deaths  0 best lifetime 1.920 mean 1.026 max age 58  season 259 conventional alive  60 births  5 deaths  5 best lifetime 6.000 mean 1.015 max age 58  (41.3s)
WARNING: Nan, Inf or huge value in QACC at DOF 13. The simulation is unstable. Time = 4.8350.

season 260 holistic     alive  60 births  1 deaths  1 best lifetime 2.000 mean 1.054 max age 59  season 260 conventional alive  60 births  0 deaths  0 best lifetime 3.000 mean 1.004 max age 59  (44.8s)
season 261 holistic     alive  60 births  2 deaths  2 best lifetime 2.091 mean 1.011 max age 58  season 261 conventional alive  60 births  1 deaths  1 best lifetime 2.667 mean 0.969 max age 58  (37.0s)
season 262 holistic     alive  60 births  0 deaths  0 best lifetime 2.333 mean 1.049 max age 59  season 262 conventional alive  60 births  0 deaths  0 best lifetime 2.250 mean 0.966 max age 59  (36.4s)
season 263 holistic     alive  60 births  3 deaths  3 best lifetime 2.300 mean 1.006 max age 59  season 263 conventional alive  60 births  4 deaths  4 best lifetime 1.848 mean 0.949 max age 58  (35.6s)
season 264 holistic     alive  60 births  2 deaths  2 best lifetime 2.273 mean 1.036 max age 59  season 264 conventional alive  60 births  0 deaths  0 best lifetime 2.000 mean 1.037 max age 59  (32.4s)
season 265 holistic     alive  60 births  3 deaths  3 best lifetime 2.500 mean 1.015 max age 59  season 265 conventional alive  60 births  2 deaths  2 best lifetime 3.000 mean 1.058 max age 59  (38.1s)
season 266 holistic     alive  60 births  1 deaths  1 best lifetime 3.000 mean 1.023 max age 58  season 266 conventional alive  60 births  1 deaths  1 best lifetime 2.000 mean 1.026 max age 59  (35.9s)
season 267 holistic     alive  60 births  2 deaths  2 best lifetime 2.333 mean 1.015 max age 59  season 267 conventional alive  60 births  3 deaths  3 best lifetime 3.000 mean 0.985 max age 58  (33.0s)
season 268 holistic     alive  60 births  2 deaths  2 best lifetime 2.286 mean 0.999 max age 59  season 268 conventional alive  60 births  0 deaths  0 best lifetime 3.000 mean 1.057 max age 59  (35.3s)
season 269 holistic     alive  60 births  3 deaths  3 best lifetime 3.000 mean 1.087 max age 59  season 269 conventional alive  60 births  3 deaths  3 best lifetime 2.000 mean 1.002 max age 57  (31.9s)
season 270 holistic     alive  60 births  2 deaths  2 best lifetime 3.500 mean 1.117 max age 59  season 270 conventional alive  60 births  0 deaths  0 best lifetime 2.000 mean 1.042 max age 58  (36.9s)
season 271 holistic     alive  60 births  6 deaths  6 best lifetime 4.000 mean 1.151 max age 59  season 271 conventional alive  60 births  0 deaths  0 best lifetime 2.500 mean 1.076 max age 59  (34.6s)
WARNING: Nan, Inf or huge value in QACC at DOF 20. The simulation is unstable. Time = 12.5150.

season 272 holistic     alive  60 births  1 deaths  1 best lifetime 5.000 mean 1.210 max age 59  season 272 conventional alive  60 births  2 deaths  2 best lifetime 2.333 mean 1.029 max age 59  (35.0s)
season 273 holistic     alive  60 births  1 deaths  1 best lifetime 3.000 mean 1.132 max age 59  season 273 conventional alive  60 births  1 deaths  1 best lifetime 2.000 mean 1.011 max age 58  (33.4s)
season 274 holistic     alive  60 births  3 deaths  3 best lifetime 3.154 mean 1.047 max age 58  season 274 conventional alive  60 births  0 deaths  0 best lifetime 3.000 mean 1.023 max age 59  (38.2s)
WARNING: Nan, Inf or huge value in QACC at DOF 3. The simulation is unstable. Time = 10.7100.

WARNING: Nan, Inf or huge value in QACC at DOF 0. The simulation is unstable. Time = 5.0000.

season 275 holistic     alive  60 births  2 deaths  2 best lifetime 3.000 mean 1.112 max age 59  season 275 conventional alive  60 births  1 deaths  1 best lifetime 3.333 mean 1.000 max age 58  (34.7s)
season 276 holistic     alive  60 births  3 deaths  3 best lifetime 2.800 mean 1.054 max age 59  season 276 conventional alive  60 births  1 deaths  1 best lifetime 3.250 mean 1.039 max age 59  (35.4s)
season 277 holistic     alive  60 births  3 deaths  3 best lifetime 2.625 mean 1.035 max age 59  season 277 conventional alive  60 births  1 deaths  1 best lifetime 2.600 mean 1.004 max age 58  (34.0s)
season 278 holistic     alive  60 births  1 deaths  1 best lifetime 2.529 mean 1.063 max age 59  season 278 conventional alive  60 births  0 deaths  0 best lifetime 2.667 mean 0.981 max age 59  (35.0s)
season 279 holistic     alive  60 births  3 deaths  3 best lifetime 4.000 mean 1.058 max age 58  season 279 conventional alive  60 births  1 deaths  1 best lifetime 2.714 mean 0.955 max age 58  (35.2s)
season 280 holistic     alive  60 births  1 deaths  1 best lifetime 3.000 mean 1.099 max age 59  season 280 conventional alive  60 births  0 deaths  0 best lifetime 4.000 mean 1.016 max age 59  (32.4s)
season 281 holistic     alive  60 births  6 deaths  6 best lifetime 3.000 mean 0.969 max age 59  season 281 conventional alive  60 births  1 deaths  1 best lifetime 2.444 mean 0.937 max age 57  (34.3s)
season 282 holistic     alive  60 births  1 deaths  1 best lifetime 2.833 mean 0.976 max age 59  season 282 conventional alive  60 births  0 deaths  0 best lifetime 2.200 mean 0.913 max age 58  (33.7s)
season 283 holistic     alive  60 births  4 deaths  4 best lifetime 2.571 mean 1.029 max age 59  season 283 conventional alive  60 births  0 deaths  0 best lifetime 2.000 mean 0.943 max age 59  (32.8s)
season 284 holistic     alive  60 births  4 deaths  4 best lifetime 2.375 mean 0.980 max age 56  season 284 conventional alive  60 births  2 deaths  2 best lifetime 1.833 mean 0.904 max age 57  (37.0s)
season 285 holistic     alive  60 births  3 deaths  3 best lifetime 3.000 mean 1.044 max age 57  season 285 conventional alive  60 births  0 deaths  0 best lifetime 2.000 mean 0.924 max age 58  (36.5s)
season 286 holistic     alive  60 births  1 deaths  1 best lifetime 10.000 mean 1.217 max age 58  season 286 conventional alive  60 births  0 deaths  0 best lifetime 1.766 mean 0.889 max age 59  (37.0s)
WARNING: Nan, Inf or huge value in QACC at DOF 23. The simulation is unstable. Time = 13.1650.

season 287 holistic     alive  60 births  2 deaths  2 best lifetime 8.500 mean 1.279 max age 59  season 287 conventional alive  60 births  1 deaths  1 best lifetime 1.729 mean 0.891 max age 58  (38.9s)
season 288 holistic     alive  60 births  2 deaths  2 best lifetime 6.000 mean 1.185 max age 59  season 288 conventional alive  60 births  0 deaths  0 best lifetime 1.735 mean 0.907 max age 59  (36.8s)
season 289 holistic     alive  60 births  2 deaths  2 best lifetime 4.500 mean 1.173 max age 59  season 289 conventional alive  60 births  1 deaths  1 best lifetime 1.780 mean 0.922 max age 59  (38.6s)
season 290 holistic     alive  60 births  1 deaths  1 best lifetime 4.600 mean 1.167 max age 56  season 290 conventional alive  60 births  1 deaths  1 best lifetime 3.000 mean 0.949 max age 59  (35.1s)
season 291 holistic     alive  60 births  0 deaths  0 best lifetime 4.000 mean 1.135 max age 57  season 291 conventional alive  60 births  1 deaths  1 best lifetime 2.750 mean 0.948 max age 59  (34.9s)
season 292 holistic     alive  60 births  1 deaths  1 best lifetime 3.714 mean 1.143 max age 58  season 292 conventional alive  60 births  1 deaths  1 best lifetime 3.000 mean 0.977 max age 59  (35.8s)
season 293 holistic     alive  60 births  2 deaths  2 best lifetime 4.250 mean 1.189 max age 59  season 293 conventional alive  60 births  1 deaths  1 best lifetime 2.667 mean 0.945 max age 59  (39.1s)
WARNING: Nan, Inf or huge value in QACC at DOF 10. The simulation is unstable. Time = 3.1700.

season 294 holistic     alive  60 births  2 deaths  2 best lifetime 3.889 mean 1.142 max age 59  season 294 conventional alive  60 births  2 deaths  2 best lifetime 2.429 mean 0.927 max age 58  (38.1s)
season 295 holistic     alive  60 births  3 deaths  3 best lifetime 3.500 mean 1.107 max age 57  season 295 conventional alive  60 births  0 deaths  0 best lifetime 2.667 mean 0.966 max age 59  (34.3s)
season 296 holistic     alive  60 births  1 deaths  1 best lifetime 3.182 mean 1.201 max age 58  season 296 conventional alive  60 births  2 deaths  2 best lifetime 2.714 mean 0.980 max age 58  (33.8s)
season 297 holistic     alive  60 births  2 deaths  2 best lifetime 3.000 mean 1.227 max age 59  season 297 conventional alive  60 births  1 deaths  1 best lifetime 2.500 mean 0.963 max age 59  (32.3s)
season 298 holistic     alive  60 births  2 deaths  2 best lifetime 3.667 mean 1.298 max age 57  season 298 conventional alive  60 births  2 deaths  2 best lifetime 3.000 mean 0.995 max age 59  (33.6s)
season 299 holistic     alive  60 births  0 deaths  0 best lifetime 3.000 mean 1.321 max age 58  season 299 conventional alive  60 births  2 deaths  2 best lifetime 3.300 mean 0.959 max age 59  (32.3s)
season 300 holistic     alive  60 births  0 deaths  0 best lifetime 3.400 mean 1.340 max age 59  season 300 conventional alive  60 births  3 deaths  3 best lifetime 4.000 mean 1.003 max age 59  (32.7s)
season 301 holistic     alive  60 births  1 deaths  1 best lifetime 3.000 mean 1.300 max age 59  season 301 conventional alive  60 births  3 deaths  3 best lifetime 2.833 mean 0.936 max age 59  (32.7s)
WARNING: Nan, Inf or huge value in QACC at DOF 4. The simulation is unstable. Time = 6.5250.

WARNING: Nan, Inf or huge value in QACC at DOF 20. The simulation is unstable. Time = 10.8250.

season 302 holistic     alive  60 births  1 deaths  1 best lifetime 3.250 mean 1.342 max age 57  season 302 conventional alive  60 births  2 deaths  2 best lifetime 5.000 mean 1.062 max age 58  (36.8s)
season 303 holistic     alive  60 births  0 deaths  0 best lifetime 3.125 mean 1.412 max age 58  season 303 conventional alive  60 births  0 deaths  0 best lifetime 2.500 mean 1.058 max age 59  (35.4s)
season 304 holistic     alive  60 births  0 deaths  0 best lifetime 2.889 mean 1.381 max age 59  season 304 conventional alive  60 births  1 deaths  1 best lifetime 2.533 mean 1.042 max age 55  (32.6s)
season 305 holistic     alive  60 births  1 deaths  1 best lifetime 2.857 mean 1.378 max age 55  season 305 conventional alive  60 births  0 deaths  0 best lifetime 2.500 mean 1.050 max age 56  (34.1s)
season 306 holistic     alive  60 births  0 deaths  0 best lifetime 2.667 mean 1.352 max age 56  season 306 conventional alive  60 births  0 deaths  0 best lifetime 2.333 mean 1.022 max age 57  (33.8s)
season 307 holistic     alive  60 births  0 deaths  0 best lifetime 2.591 mean 1.371 max age 57  season 307 conventional alive  60 births  0 deaths  0 best lifetime 2.231 mean 1.021 max age 58  (37.7s)
WARNING: Nan, Inf or huge value in QACC at DOF 20. The simulation is unstable. Time = 2.8050.

season 308 holistic     alive  60 births  0 deaths  0 best lifetime 2.700 mean 1.358 max age 58  season 308 conventional alive  60 births  1 deaths  1 best lifetime 2.643 mean 1.005 max age 59  (36.4s)
season 309 holistic     alive  60 births  0 deaths  0 best lifetime 2.667 mean 1.355 max age 59  season 309 conventional alive  60 births  1 deaths  1 best lifetime 2.533 mean 1.020 max age 58  (32.9s)
season 310 holistic     alive  60 births  1 deaths  1 best lifetime 2.600 mean 1.360 max age 59  season 310 conventional alive  60 births  0 deaths  0 best lifetime 3.000 mean 1.065 max age 59  (35.3s)
season 311 holistic     alive  60 births  1 deaths  1 best lifetime 2.500 mean 1.341 max age 58  season 311 conventional alive  60 births  2 deaths  2 best lifetime 2.667 mean 1.056 max age 58  (34.5s)
season 312 holistic     alive  60 births  0 deaths  0 best lifetime 2.481 mean 1.366 max age 59  season 312 conventional alive  60 births  0 deaths  0 best lifetime 2.389 mean 1.052 max age 59  (34.5s)
season 313 holistic     alive  60 births  2 deaths  2 best lifetime 2.536 mean 1.334 max age 55  season 313 conventional alive  60 births  2 deaths  2 best lifetime 2.368 mean 1.028 max age 58  (33.9s)
season 314 holistic     alive  60 births  0 deaths  0 best lifetime 2.483 mean 1.322 max age 56  season 314 conventional alive  60 births  0 deaths  0 best lifetime 2.350 mean 1.016 max age 59  (35.4s)
season 315 holistic     alive  60 births  0 deaths  0 best lifetime 2.467 mean 1.363 max age 57  season 315 conventional alive  60 births  5 deaths  5 best lifetime 2.381 mean 0.985 max age 58  (34.8s)
season 316 holistic     alive  60 births  0 deaths  0 best lifetime 2.419 mean 1.350 max age 58  season 316 conventional alive  60 births  0 deaths  0 best lifetime 3.000 mean 1.075 max age 59  (33.9s)
WARNING: Nan, Inf or huge value in QACC at DOF 21. The simulation is unstable. Time = 14.0300.

season 317 holistic     alive  60 births  1 deaths  1 best lifetime 2.500 mean 1.356 max age 59  season 317 conventional alive  60 births  2 deaths  2 best lifetime 2.391 mean 1.080 max age 59  (36.5s)
season 318 holistic     alive  60 births  1 deaths  1 best lifetime 2.368 mean 1.339 max age 57  season 318 conventional alive  60 births  1 deaths  1 best lifetime 2.333 mean 1.024 max age 59  (39.3s)
season 319 holistic     alive  60 births  0 deaths  0 best lifetime 2.362 mean 1.328 max age 58  season 319 conventional alive  60 births  4 deaths  4 best lifetime 2.250 mean 0.959 max age 56  (31.9s)
season 320 holistic     alive  60 births  0 deaths  0 best lifetime 2.356 mean 1.341 max age 59  season 320 conventional alive  60 births  0 deaths  0 best lifetime 2.192 mean 0.978 max age 57  (37.3s)
season 321 holistic     alive  60 births  1 deaths  1 best lifetime 2.222 mean 1.315 max age 58  season 321 conventional alive  60 births  3 deaths  3 best lifetime 2.222 mean 1.013 max age 58  (37.0s)
WARNING: Nan, Inf or huge value in QACC at DOF 0. The simulation is unstable. Time = 10.5300.

season 322 holistic     alive  60 births  0 deaths  0 best lifetime 2.261 mean 1.294 max age 59  season 322 conventional alive  60 births  0 deaths  0 best lifetime 2.214 mean 1.039 max age 59  (33.2s)
season 323 holistic     alive  60 births  1 deaths  1 best lifetime 2.255 mean 1.277 max age 59  season 323 conventional alive  60 births  5 deaths  5 best lifetime 2.207 mean 0.961 max age 58  (35.7s)
season 324 holistic     alive  60 births  1 deaths  1 best lifetime 2.208 mean 1.250 max age 59  season 324 conventional alive  60 births  0 deaths  0 best lifetime 5.000 mean 1.065 max age 59  (32.8s)
season 325 holistic     alive  60 births  2 deaths  2 best lifetime 2.184 mean 1.245 max age 59  season 325 conventional alive  60 births  2 deaths  2 best lifetime 3.500 mean 1.066 max age 59  (38.9s)
season 326 holistic     alive  60 births  1 deaths  1 best lifetime 2.194 mean 1.233 max age 59  season 326 conventional alive  60 births  1 deaths  1 best lifetime 2.667 mean 1.005 max age 59  (34.5s)
season 327 holistic     alive  60 births  3 deaths  3 best lifetime 2.300 mean 1.235 max age 59  season 327 conventional alive  60 births  6 deaths  6 best lifetime 3.500 mean 1.001 max age 58  (34.6s)
season 328 holistic     alive  60 births  2 deaths  2 best lifetime 5.000 mean 1.260 max age 59  season 328 conventional alive  60 births  0 deaths  0 best lifetime 3.000 mean 1.135 max age 59  (33.4s)
season 329 holistic     alive  60 births  3 deaths  3 best lifetime 5.000 mean 1.216 max age 59  season 329 conventional alive  60 births  3 deaths  3 best lifetime 3.000 mean 1.114 max age 57  (35.4s)
season 330 holistic     alive  60 births  2 deaths  2 best lifetime 3.333 mean 1.165 max age 59  season 330 conventional alive  60 births  0 deaths  0 best lifetime 3.000 mean 1.162 max age 58  (36.2s)
season 331 holistic     alive  60 births  6 deaths  6 best lifetime 3.250 mean 1.153 max age 57  season 331 conventional alive  60 births  0 deaths  0 best lifetime 2.125 mean 1.124 max age 59  (37.6s)
season 332 holistic     alive  60 births  0 deaths  0 best lifetime 2.800 mean 1.177 max age 58  season 332 conventional alive  60 births  1 deaths  1 best lifetime 2.333 mean 1.108 max age 59  (35.9s)
season 333 holistic     alive  60 births  1 deaths  1 best lifetime 2.667 mean 1.176 max age 59  season 333 conventional alive  60 births  1 deaths  1 best lifetime 2.200 mean 1.100 max age 58  (39.8s)
season 334 holistic     alive  60 births  4 deaths  4 best lifetime 2.600 mean 1.130 max age 59  season 334 conventional alive  60 births  0 deaths  0 best lifetime 2.091 mean 1.087 max age 59  (34.3s)
season 335 holistic     alive  60 births  3 deaths  3 best lifetime 2.167 mean 1.113 max age 59  season 335 conventional alive  60 births  1 deaths  1 best lifetime 2.125 mean 1.055 max age 59  (40.3s)
season 336 holistic     alive  60 births  2 deaths  2 best lifetime 4.000 mean 1.155 max age 59  season 336 conventional alive  60 births  1 deaths  1 best lifetime 2.222 mean 1.058 max age 57  (36.6s)
season 337 holistic     alive  60 births  4 deaths  4 best lifetime 2.333 mean 1.072 max age 59  season 337 conventional alive  60 births  0 deaths  0 best lifetime 2.100 mean 1.052 max age 58  (43.3s)
season 338 holistic     alive  60 births  1 deaths  1 best lifetime 2.571 mean 1.172 max age 59  season 338 conventional alive  60 births  0 deaths  0 best lifetime 1.933 mean 1.057 max age 59  (42.0s)
season 339 holistic     alive  60 births  2 deaths  2 best lifetime 2.375 mean 1.109 max age 58  season 339 conventional alive  60 births  1 deaths  1 best lifetime 1.911 mean 1.043 max age 58  (41.0s)
season 340 holistic     alive  60 births  0 deaths  0 best lifetime 3.000 mean 1.136 max age 59  season 340 conventional alive  60 births  0 deaths  0 best lifetime 2.000 mean 1.070 max age 59  (42.6s)
WARNING: Nan, Inf or huge value in QACC at DOF 30. The simulation is unstable. Time = 2.0850.

season 341 holistic     alive  60 births  3 deaths  3 best lifetime 2.500 mean 1.114 max age 58  season 341 conventional alive  60 births  1 deaths  1 best lifetime 1.872 mean 1.054 max age 57  (38.8s)
WARNING: Nan, Inf or huge value in QACC at DOF 0. The simulation is unstable. Time = 7.7050.

season 342 holistic     alive  60 births  1 deaths  1 best lifetime 3.000 mean 1.219 max age 59  season 342 conventional alive  60 births  0 deaths  0 best lifetime 2.667 mean 1.121 max age 58  (40.4s)
season 343 holistic     alive  60 births  4 deaths  4 best lifetime 3.000 mean 1.215 max age 59  season 343 conventional alive  60 births  0 deaths  0 best lifetime 2.250 mean 1.109 max age 59  (44.8s)
season 344 holistic     alive  60 births  3 deaths  3 best lifetime 3.000 mean 1.263 max age 59  season 344 conventional alive  60 births  2 deaths  2 best lifetime 2.118 mean 1.048 max age 57  (38.5s)
season 345 holistic     alive  60 births  2 deaths  2 best lifetime 2.500 mean 1.163 max age 59  season 345 conventional alive  60 births  0 deaths  0 best lifetime 2.056 mean 1.103 max age 58  (45.6s)
season 346 holistic     alive  60 births  1 deaths  1 best lifetime 2.400 mean 1.260 max age 59  season 346 conventional alive  60 births  0 deaths  0 best lifetime 2.000 mean 1.107 max age 59  (42.5s)
WARNING: Nan, Inf or huge value in QACC at DOF 10. The simulation is unstable. Time = 5.6850.

season 347 holistic     alive  60 births  3 deaths  3 best lifetime 2.500 mean 1.235 max age 59  season 347 conventional alive  60 births  1 deaths  1 best lifetime 2.125 mean 1.066 max age 58  (36.9s)
season 348 holistic     alive  60 births  3 deaths  3 best lifetime 4.000 mean 1.253 max age 54  season 348 conventional alive  60 births  0 deaths  0 best lifetime 1.889 mean 1.040 max age 59  (41.6s)
season 349 holistic     alive  60 births  0 deaths  0 best lifetime 3.500 mean 1.385 max age 55  season 349 conventional alive  60 births  2 deaths  2 best lifetime 2.100 mean 1.015 max age 59  (41.8s)
season 350 holistic     alive  60 births  0 deaths  0 best lifetime 4.333 mean 1.408 max age 56  season 350 conventional alive  60 births  1 deaths  1 best lifetime 5.000 mean 1.080 max age 59  (41.7s)
season 351 holistic     alive  60 births  1 deaths  1 best lifetime 4.250 mean 1.396 max age 57  season 351 conventional alive  60 births  2 deaths  2 best lifetime 3.500 mean 1.078 max age 59  (46.5s)
season 352 holistic     alive  60 births  0 deaths  0 best lifetime 4.800 mean 1.371 max age 58  season 352 conventional alive  60 births  1 deaths  1 best lifetime 4.000 mean 1.126 max age 59  (39.4s)
season 353 holistic     alive  60 births  0 deaths  0 best lifetime 4.500 mean 1.354 max age 59  season 353 conventional alive  60 births  1 deaths  1 best lifetime 3.750 mean 1.092 max age 59  (40.6s)
season 354 holistic     alive  60 births  1 deaths  1 best lifetime 3.857 mean 1.281 max age 59  season 354 conventional alive  60 births  2 deaths  2 best lifetime 4.600 mean 1.086 max age 58  (37.8s)
season 355 holistic     alive  60 births  3 deaths  3 best lifetime 3.625 mean 1.195 max age 59  season 355 conventional alive  60 births  0 deaths  0 best lifetime 4.500 mean 1.110 max age 59  (45.1s)
season 356 holistic     alive  60 births  1 deaths  1 best lifetime 3.222 mean 1.150 max age 59  season 356 conventional alive  60 births  2 deaths  2 best lifetime 3.857 mean 1.047 max age 59  (35.6s)
season 357 holistic     alive  60 births  2 deaths  2 best lifetime 3.200 mean 1.148 max age 59  season 357 conventional alive  60 births  1 deaths  1 best lifetime 3.500 mean 1.081 max age 59  (35.5s)
season 358 holistic     alive  60 births  3 deaths  3 best lifetime 3.182 mean 1.148 max age 57  season 358 conventional alive  60 births  2 deaths  2 best lifetime 3.222 mean 1.049 max age 59  (41.0s)
season 359 holistic     alive  60 births  1 deaths  1 best lifetime 3.250 mean 1.248 max age 58  season 359 conventional alive  60 births  2 deaths  2 best lifetime 2.900 mean 1.082 max age 59  (37.1s)
season 360 holistic     alive  60 births  1 deaths  1 best lifetime 3.000 mean 1.162 max age 59  season 360 conventional alive  60 births  3 deaths  3 best lifetime 3.500 mean 1.033 max age 59  (35.9s)
season 361 holistic     alive  60 births  1 deaths  1 best lifetime 2.857 mean 1.135 max age 59  season 361 conventional alive  60 births  3 deaths  3 best lifetime 2.667 mean 0.958 max age 59  (38.3s)
season 362 holistic     alive  60 births  1 deaths  1 best lifetime 2.733 mean 1.168 max age 57  season 362 conventional alive  60 births  2 deaths  2 best lifetime 2.455 mean 0.986 max age 54  (36.0s)
season 363 holistic     alive  60 births  0 deaths  0 best lifetime 2.688 mean 1.185 max age 58  season 363 conventional alive  60 births  0 deaths  0 best lifetime 2.333 mean 0.977 max age 55  (38.2s)
WARNING: Nan, Inf or huge value in QACC at DOF 10. The simulation is unstable. Time = 11.0400.

season 364 holistic     alive  60 births  0 deaths  0 best lifetime 2.706 mean 1.191 max age 59  season 364 conventional alive  60 births  1 deaths  1 best lifetime 2.462 mean 0.994 max age 56  (34.4s)
season 365 holistic     alive  60 births  1 deaths  1 best lifetime 2.667 mean 1.208 max age 55  season 365 conventional alive  60 births  1 deaths  1 best lifetime 2.357 mean 1.009 max age 57  (35.4s)
season 366 holistic     alive  60 births  0 deaths  0 best lifetime 2.579 mean 1.198 max age 56  season 366 conventional alive  60 births  0 deaths  0 best lifetime 2.200 mean 1.019 max age 58  (34.6s)
season 367 holistic     alive  60 births  0 deaths  0 best lifetime 2.450 mean 1.198 max age 57  season 367 conventional alive  60 births  1 deaths  1 best lifetime 2.167 mean 1.003 max age 59  (35.4s)
season 368 holistic     alive  60 births  0 deaths  0 best lifetime 2.476 mean 1.222 max age 58  season 368 conventional alive  60 births  1 deaths  1 best lifetime 2.471 mean 1.016 max age 59  (34.2s)
season 369 holistic     alive  60 births  1 deaths  1 best lifetime 2.409 mean 1.210 max age 59  season 369 conventional alive  60 births  2 deaths  2 best lifetime 2.778 mean 0.999 max age 58  (35.0s)
season 370 holistic     alive  60 births  1 deaths  1 best lifetime 2.391 mean 1.217 max age 59  season 370 conventional alive  60 births  0 deaths  0 best lifetime 2.842 mean 1.018 max age 59  (36.3s)
season 371 holistic     alive  60 births  1 deaths  1 best lifetime 2.333 mean 1.183 max age 58  season 371 conventional alive  60 births  1 deaths  1 best lifetime 2.700 mean 0.980 max age 58  (33.3s)
season 372 holistic     alive  60 births  0 deaths  0 best lifetime 2.320 mean 1.204 max age 59  season 372 conventional alive  60 births  1 deaths  1 best lifetime 3.000 mean 1.051 max age 59  (33.4s)
WARNING: Nan, Inf or huge value in QACC at DOF 0. The simulation is unstable. Time = 10.4900.

season 373 holistic     alive  60 births  1 deaths  1 best lifetime 2.308 mean 1.198 max age 56  season 373 conventional alive  60 births  2 deaths  2 best lifetime 4.000 mean 1.102 max age 58  (36.3s)
season 374 holistic     alive  60 births  1 deaths  1 best lifetime 2.296 mean 1.199 max age 57  season 374 conventional alive  60 births  0 deaths  0 best lifetime 3.000 mean 1.088 max age 59  (36.2s)
season 375 holistic     alive  60 births  0 deaths  0 best lifetime 2.250 mean 1.191 max age 58  season 375 conventional alive  60 births  5 deaths  5 best lifetime 2.667 mean 0.966 max age 57  (34.9s)
season 376 holistic     alive  60 births  0 deaths  0 best lifetime 2.172 mean 1.169 max age 59  season 376 conventional alive  60 births  0 deaths  0 best lifetime 3.000 mean 1.025 max age 58  (37.7s)
WARNING: Nan, Inf or huge value in QACC at DOF 13. The simulation is unstable. Time = 4.3050.

season 377 holistic     alive  60 births  2 deaths  2 best lifetime 2.100 mean 1.141 max age 59  season 377 conventional alive  60 births  1 deaths  1 best lifetime 2.615 mean 0.991 max age 59  (34.5s)
season 378 holistic     alive  60 births  2 deaths  2 best lifetime 2.143 mean 1.107 max age 54  season 378 conventional alive  60 births  1 deaths  1 best lifetime 2.556 mean 0.950 max age 59  (35.6s)
season 379 holistic     alive  60 births  0 deaths  0 best lifetime 2.194 mean 1.138 max age 55  season 379 conventional alive  60 births  3 deaths  3 best lifetime 2.464 mean 0.945 max age 58  (33.4s)
season 380 holistic     alive  60 births  0 deaths  0 best lifetime 2.500 mean 1.177 max age 56  season 380 conventional alive  60 births  0 deaths  0 best lifetime 2.483 mean 0.978 max age 59  (33.7s)
season 381 holistic     alive  60 births  2 deaths  2 best lifetime 2.333 mean 1.186 max age 57  season 381 conventional alive  60 births  4 deaths  4 best lifetime 2.400 mean 0.992 max age 58  (34.2s)
WARNING: Nan, Inf or huge value in QACC at DOF 0. The simulation is unstable. Time = 8.5350.

season 382 holistic     alive  60 births  0 deaths  0 best lifetime 4.000 mean 1.272 max age 58  season 382 conventional alive  60 births  0 deaths  0 best lifetime 4.000 mean 1.092 max age 59  (35.5s)
season 383 holistic     alive  60 births  0 deaths  0 best lifetime 2.200 mean 1.232 max age 59  season 383 conventional alive  60 births  3 deaths  3 best lifetime 2.500 mean 0.995 max age 58  (29.0s)
season 384 holistic     alive  60 births  1 deaths  1 best lifetime 2.667 mean 1.213 max age 59  season 384 conventional alive  60 births  0 deaths  0 best lifetime 2.242 mean 1.046 max age 59  (26.7s)
season 385 holistic     alive  60 births  1 deaths  1 best lifetime 2.500 mean 1.245 max age 59  season 385 conventional alive  60 births  3 deaths  3 best lifetime 2.500 mean 1.003 max age 59  (26.3s)
season 386 holistic     alive  60 births  1 deaths  1 best lifetime 2.400 mean 1.236 max age 59  season 386 conventional alive  60 births  1 deaths  1 best lifetime 2.200 mean 1.010 max age 59  (27.0s)
season 387 holistic     alive  60 births  1 deaths  1 best lifetime 2.250 mean 1.219 max age 59  season 387 conventional alive  60 births  7 deaths  7 best lifetime 2.333 mean 0.870 max age 58  (29.2s)
season 388 holistic     alive  60 births  2 deaths  2 best lifetime 2.341 mean 1.182 max age 59  season 388 conventional alive  60 births  0 deaths  0 best lifetime 3.000 mean 0.961 max age 59  (29.3s)
season 389 holistic     alive  60 births  2 deaths  2 best lifetime 2.310 mean 1.219 max age 59  season 389 conventional alive  60 births  3 deaths  3 best lifetime 4.000 mean 0.982 max age 57  (30.0s)
WARNING: Nan, Inf or huge value in QACC at DOF 23. The simulation is unstable. Time = 9.6800.

season 390 holistic     alive  60 births  1 deaths  1 best lifetime 2.326 mean 1.243 max age 59  season 390 conventional alive  60 births  0 deaths  0 best lifetime 4.000 mean 1.139 max age 58  (32.1s)
season 391 holistic     alive  60 births  4 deaths  4 best lifetime 3.000 mean 1.226 max age 58  season 391 conventional alive  60 births  0 deaths  0 best lifetime 4.000 mean 1.119 max age 59  (33.6s)
season 392 holistic     alive  60 births  0 deaths  0 best lifetime 3.000 mean 1.286 max age 59  season 392 conventional alive  60 births  1 deaths  1 best lifetime 3.333 mean 1.095 max age 57  (28.9s)
season 393 holistic     alive  60 births  1 deaths  1 best lifetime 2.714 mean 1.232 max age 59  season 393 conventional alive  60 births  0 deaths  0 best lifetime 2.750 mean 1.111 max age 58  (32.2s)
season 394 holistic     alive  60 births  3 deaths  3 best lifetime 2.500 mean 1.239 max age 59  season 394 conventional alive  60 births  0 deaths  0 best lifetime 2.286 mean 1.068 max age 59  (27.9s)
season 395 holistic     alive  60 births  3 deaths  3 best lifetime 4.000 mean 1.318 max age 59  season 395 conventional alive  60 births  1 deaths  1 best lifetime 2.250 mean 1.055 max age 59  (25.6s)
season 396 holistic     alive  60 births  2 deaths  2 best lifetime 5.000 mean 1.384 max age 59  season 396 conventional alive  60 births  1 deaths  1 best lifetime 2.222 mean 1.072 max age 57  (26.9s)
season 397 holistic     alive  60 births  4 deaths  4 best lifetime 3.500 mean 1.245 max age 59  season 397 conventional alive  60 births  0 deaths  0 best lifetime 2.188 mean 1.066 max age 58  (30.2s)
season 398 holistic     alive  60 births  1 deaths  1 best lifetime 3.333 mean 1.275 max age 57  season 398 conventional alive  60 births  0 deaths  0 best lifetime 2.294 mean 1.072 max age 59  (29.0s)
season 399 holistic     alive  60 births  0 deaths  0 best lifetime 4.000 mean 1.296 max age 58  season 399 conventional alive  60 births  1 deaths  1 best lifetime 2.167 mean 1.009 max age 58  (29.7s)
season 400 holistic     alive  60 births  0 deaths  0 best lifetime 3.500 mean 1.291 max age 59  season 400 conventional alive  60 births  0 deaths  0 best lifetime 2.053 mean 1.047 max age 59  (30.0s)
season 401 holistic     alive  60 births  4 deaths  4 best lifetime 3.000 mean 1.181 max age 59  season 401 conventional alive  60 births  1 deaths  1 best lifetime 1.971 mean 1.020 max age 57  (30.3s)
season 402 holistic     alive  60 births  1 deaths  1 best lifetime 2.418 mean 1.186 max age 59  season 402 conventional alive  60 births  0 deaths  0 best lifetime 1.971 mean 1.008 max age 58  (26.2s)
season 403 holistic     alive  60 births  3 deaths  3 best lifetime 2.393 mean 1.099 max age 59  season 403 conventional alive  60 births  0 deaths  0 best lifetime 2.000 mean 1.025 max age 59  (34.0s)
season 404 holistic     alive  60 births  1 deaths  1 best lifetime 2.404 mean 1.166 max age 59  season 404 conventional alive  60 births  2 deaths  2 best lifetime 2.067 mean 1.020 max age 55  (34.3s)
season 405 holistic     alive  60 births  3 deaths  3 best lifetime 3.000 mean 1.203 max age 59  season 405 conventional alive  60 births  1 deaths  1 best lifetime 2.000 mean 1.029 max age 56  (30.6s)
season 406 holistic     alive  60 births  1 deaths  1 best lifetime 2.390 mean 1.139 max age 59  season 406 conventional alive  60 births  0 deaths  0 best lifetime 1.947 mean 1.030 max age 57  (37.3s)
season 407 holistic     alive  60 births  3 deaths  3 best lifetime 2.167 mean 1.134 max age 59  season 407 conventional alive  60 births  0 deaths  0 best lifetime 1.925 mean 1.017 max age 58  (34.2s)
season 408 holistic     alive  60 births  2 deaths  2 best lifetime 3.000 mean 1.127 max age 57  season 408 conventional alive  60 births  0 deaths  0 best lifetime 2.000 mean 1.053 max age 59  (28.8s)
season 409 holistic     alive  60 births  0 deaths  0 best lifetime 2.182 mean 1.116 max age 58  season 409 conventional alive  60 births  2 deaths  2 best lifetime 1.929 mean 0.990 max age 59  (29.9s)
season 410 holistic     alive  60 births  0 deaths  0 best lifetime 2.133 mean 1.078 max age 59  season 410 conventional alive  60 births  1 deaths  1 best lifetime 1.931 mean 0.980 max age 59  (25.3s)
season 411 holistic     alive  60 births  2 deaths  2 best lifetime 2.062 mean 1.028 max age 56  season 411 conventional alive  60 births  2 deaths  2 best lifetime 1.909 mean 0.942 max age 59  (29.4s)
season 412 holistic     alive  60 births  1 deaths  1 best lifetime 3.000 mean 1.147 max age 57  season 412 conventional alive  60 births  1 deaths  1 best lifetime 1.956 mean 1.005 max age 59  (31.6s)
season 413 holistic     alive  60 births  1 deaths  1 best lifetime 2.222 mean 1.097 max age 58  season 413 conventional alive  60 births  1 deaths  1 best lifetime 3.000 mean 1.036 max age 59  (30.6s)
season 414 holistic     alive  60 births  0 deaths  0 best lifetime 2.316 mean 1.158 max age 59  season 414 conventional alive  60 births  2 deaths  2 best lifetime 4.000 mean 1.006 max age 58  (27.0s)
season 415 holistic     alive  60 births  2 deaths  2 best lifetime 2.250 mean 1.120 max age 59  season 415 conventional alive  60 births  0 deaths  0 best lifetime 3.000 mean 0.995 max age 59  (25.4s)
season 416 holistic     alive  60 births  1 deaths  1 best lifetime 3.000 mean 1.193 max age 59  season 416 conventional alive  60 births  2 deaths  2 best lifetime 2.250 mean 0.978 max age 59  (27.8s)
season 417 holistic     alive  60 births  2 deaths  2 best lifetime 2.045 mean 1.136 max age 59  season 417 conventional alive  60 births  1 deaths  1 best lifetime 2.000 mean 0.977 max age 59  (30.0s)
season 418 holistic     alive  60 births  3 deaths  3 best lifetime 2.000 mean 1.059 max age 59  season 418 conventional alive  60 births  2 deaths  2 best lifetime 2.333 mean 0.932 max age 59  (28.8s)
season 419 holistic     alive  60 births  1 deaths  1 best lifetime 2.120 mean 1.021 max age 59  season 419 conventional alive  60 births  1 deaths  1 best lifetime 3.000 mean 0.979 max age 59  (27.0s)
season 420 holistic     alive  60 births  1 deaths  1 best lifetime 2.240 mean 1.097 max age 59  season 420 conventional alive  60 births  3 deaths  3 best lifetime 2.375 mean 0.953 max age 59  (26.6s)
season 421 holistic     alive  60 births  1 deaths  1 best lifetime 2.385 mean 1.051 max age 59  season 421 conventional alive  60 births  2 deaths  2 best lifetime 3.000 mean 1.003 max age 59  (30.4s)
WARNING: Nan, Inf or huge value in QACC at DOF 0. The simulation is unstable. Time = 11.7600.

season 422 holistic     alive  60 births  2 deaths  2 best lifetime 2.333 mean 1.061 max age 53  season 422 conventional alive  60 births  2 deaths  2 best lifetime 2.200 mean 0.962 max age 58  (31.6s)
season 423 holistic     alive  60 births  0 deaths  0 best lifetime 2.286 mean 1.064 max age 54  season 423 conventional alive  60 births  0 deaths  0 best lifetime 2.500 mean 0.967 max age 59  (28.9s)
season 424 holistic     alive  60 births  1 deaths  1 best lifetime 2.241 mean 1.034 max age 55  season 424 conventional alive  60 births  1 deaths  1 best lifetime 2.333 mean 0.952 max age 59  (28.1s)
season 425 holistic     alive  60 births  1 deaths  1 best lifetime 2.300 mean 1.038 max age 56  season 425 conventional alive  60 births  1 deaths  1 best lifetime 1.793 mean 0.923 max age 58  (30.0s)
season 426 holistic     alive  60 births  0 deaths  0 best lifetime 3.000 mean 1.097 max age 57  season 426 conventional alive  60 births  0 deaths  0 best lifetime 1.763 mean 0.953 max age 59  (26.0s)
season 427 holistic     alive  60 births  0 deaths  0 best lifetime 2.500 mean 1.090 max age 58  season 427 conventional alive  60 births  2 deaths  2 best lifetime 2.000 mean 0.954 max age 56  (29.8s)
season 428 holistic     alive  60 births  1 deaths  1 best lifetime 4.333 mean 1.126 max age 59  season 428 conventional alive  60 births  0 deaths  0 best lifetime 1.756 mean 0.985 max age 57  (27.4s)
WARNING: Nan, Inf or huge value in QACC at DOF 21. The simulation is unstable. Time = 12.7750.

season 429 holistic     alive  60 births  2 deaths  2 best lifetime 3.750 mean 1.114 max age 58  season 429 conventional alive  60 births  0 deaths  0 best lifetime 2.000 mean 1.009 max age 58  (27.3s)
season 430 holistic     alive  60 births  1 deaths  1 best lifetime 3.200 mean 1.156 max age 59  season 430 conventional alive  60 births  0 deaths  0 best lifetime 2.667 mean 1.024 max age 59  (28.9s)
season 431 holistic     alive  60 births  1 deaths  1 best lifetime 2.833 mean 1.134 max age 53  season 431 conventional alive  60 births  1 deaths  1 best lifetime 2.500 mean 0.972 max age 59  (28.6s)
WARNING: Nan, Inf or huge value in QACC at DOF 4. The simulation is unstable. Time = 2.9450.

season 432 holistic     alive  60 births  0 deaths  0 best lifetime 3.000 mean 1.155 max age 54  season 432 conventional alive  60 births  1 deaths  1 best lifetime 2.000 mean 0.964 max age 59  (25.7s)
season 433 holistic     alive  60 births  1 deaths  1 best lifetime 2.625 mean 1.138 max age 55  season 433 conventional alive  60 births  1 deaths  1 best lifetime 2.000 mean 0.952 max age 58  (30.2s)
season 434 holistic     alive  60 births  0 deaths  0 best lifetime 2.444 mean 1.189 max age 56  season 434 conventional alive  60 births  0 deaths  0 best lifetime 1.929 mean 0.957 max age 59  (26.1s)
season 435 holistic     alive  60 births  1 deaths  1 best lifetime 2.350 mean 1.162 max age 57  season 435 conventional alive  60 births  4 deaths  4 best lifetime 1.907 mean 0.893 max age 57  (29.6s)
season 436 holistic     alive  60 births  0 deaths  0 best lifetime 2.818 mean 1.209 max age 58  season 436 conventional alive  60 births  0 deaths  0 best lifetime 4.000 mean 0.988 max age 58  (25.8s)
season 437 holistic     alive  60 births  0 deaths  0 best lifetime 2.667 mean 1.209 max age 59  season 437 conventional alive  60 births  0 deaths  0 best lifetime 3.000 mean 0.948 max age 59  (31.0s)
season 438 holistic     alive  60 births  2 deaths  2 best lifetime 2.615 mean 1.152 max age 57  season 438 conventional alive  60 births  1 deaths  1 best lifetime 3.333 mean 0.932 max age 59  (29.1s)
season 439 holistic     alive  60 births  0 deaths  0 best lifetime 2.643 mean 1.170 max age 58  season 439 conventional alive  60 births  4 deaths  4 best lifetime 2.750 mean 0.876 max age 58  (30.4s)
season 440 holistic     alive  60 births  0 deaths  0 best lifetime 2.600 mean 1.158 max age 59  season 440 conventional alive  60 births  0 deaths  0 best lifetime 3.000 mean 0.920 max age 59  (27.8s)
season 441 holistic     alive  60 births  2 deaths  2 best lifetime 2.688 mean 1.139 max age 57  season 441 conventional alive  60 births  3 deaths  3 best lifetime 2.500 mean 0.891 max age 58  (29.1s)
season 442 holistic     alive  60 births  0 deaths  0 best lifetime 2.529 mean 1.149 max age 58  season 442 conventional alive  60 births  0 deaths  0 best lifetime 2.667 mean 0.868 max age 59  (28.5s)
season 443 holistic     alive  60 births  0 deaths  0 best lifetime 2.444 mean 1.165 max age 59  season 443 conventional alive  60 births  3 deaths  3 best lifetime 2.750 mean 0.836 max age 58  (26.7s)
season 444 holistic     alive  60 births  1 deaths  1 best lifetime 2.368 mean 1.131 max age 59  season 444 conventional alive  60 births  0 deaths  0 best lifetime 3.000 mean 0.908 max age 59  (25.1s)
season 445 holistic     alive  60 births  2 deaths  2 best lifetime 2.400 mean 1.162 max age 59  season 445 conventional alive  60 births  3 deaths  3 best lifetime 2.000 mean 0.829 max age 59  (27.5s)
season 446 holistic     alive  60 births  1 deaths  1 best lifetime 2.476 mean 1.140 max age 58  season 446 conventional alive  60 births  1 deaths  1 best lifetime 1.882 mean 0.832 max age 59  (30.7s)
season 447 holistic     alive  60 births  0 deaths  0 best lifetime 2.818 mean 1.154 max age 59  season 447 conventional alive  60 births  7 deaths  7 best lifetime 1.857 mean 0.767 max age 58  (22.9s)
season 448 holistic     alive  60 births  2 deaths  2 best lifetime 2.826 mean 1.121 max age 59  season 448 conventional alive  60 births  0 deaths  0 best lifetime 1.889 mean 0.886 max age 59  (29.4s)
season 449 holistic     alive  60 births  2 deaths  2 best lifetime 2.708 mean 1.136 max age 59  season 449 conventional alive  60 births  4 deaths  4 best lifetime 2.000 mean 0.839 max age 57  (23.9s)
season 450 holistic     alive  60 births  1 deaths  1 best lifetime 3.000 mean 1.204 max age 59  season 450 conventional alive  60 births  0 deaths  0 best lifetime 2.000 mean 0.902 max age 58  (27.6s)
season 451 holistic     alive  60 births  4 deaths  4 best lifetime 2.667 mean 1.091 max age 58  season 451 conventional alive  60 births  1 deaths  1 best lifetime 1.897 mean 0.880 max age 59  (27.6s)
season 452 holistic     alive  60 births  0 deaths  0 best lifetime 7.000 mean 1.299 max age 59  season 452 conventional alive  60 births  1 deaths  1 best lifetime 1.850 mean 0.883 max age 57  (30.0s)
WARNING: Nan, Inf or huge value in QACC at DOF 0. The simulation is unstable. Time = 1.9900.

season 453 holistic     alive  60 births  1 deaths  1 best lifetime 4.500 mean 1.241 max age 59  season 453 conventional alive  60 births  2 deaths  2 best lifetime 1.829 mean 0.900 max age 58  (26.5s)
season 454 holistic     alive  60 births  4 deaths  4 best lifetime 3.333 mean 1.161 max age 59  season 454 conventional alive  60 births  0 deaths  0 best lifetime 2.000 mean 0.938 max age 59  (30.9s)
season 455 holistic     alive  60 births  3 deaths  3 best lifetime 3.000 mean 1.114 max age 59  season 455 conventional alive  60 births  1 deaths  1 best lifetime 1.900 mean 0.907 max age 59  (30.6s)
season 456 holistic     alive  60 births  2 deaths  2 best lifetime 4.500 mean 1.158 max age 59  season 456 conventional alive  60 births  1 deaths  1 best lifetime 1.889 mean 0.918 max age 57  (23.3s)
season 457 holistic     alive  60 births  2 deaths  2 best lifetime 3.333 mean 1.154 max age 59  season 457 conventional alive  60 births  0 deaths  0 best lifetime 3.000 mean 0.988 max age 58  (32.8s)
season 458 holistic     alive  60 births  1 deaths  1 best lifetime 3.286 mean 1.138 max age 57  season 458 conventional alive  60 births  0 deaths  0 best lifetime 3.000 mean 0.996 max age 59  (31.1s)
season 459 holistic     alive  60 births  3 deaths  3 best lifetime 3.750 mean 1.161 max age 58  season 459 conventional alive  60 births  2 deaths  2 best lifetime 2.667 mean 0.970 max age 55  (31.3s)
WARNING: Nan, Inf or huge value in QACC at DOF 0. The simulation is unstable. Time = 2.3450.

WARNING: Nan, Inf or huge value in QACC at DOF 20. The simulation is unstable. Time = 3.9700.

season 460 holistic     alive  60 births  1 deaths  1 best lifetime 4.000 mean 1.286 max age 59  season 460 conventional alive  60 births  0 deaths  0 best lifetime 2.000 mean 0.975 max age 56  (26.5s)
season 461 holistic     alive  60 births  3 deaths  3 best lifetime 3.400 mean 1.226 max age 59  season 461 conventional alive  60 births  0 deaths  0 best lifetime 1.955 mean 0.959 max age 57  (33.3s)
WARNING: Nan, Inf or huge value in QACC at DOF 30. The simulation is unstable. Time = 8.0300.

season 462 holistic     alive  60 births  2 deaths  2 best lifetime 4.000 mean 1.249 max age 59  season 462 conventional alive  60 births  0 deaths  0 best lifetime 1.900 mean 0.980 max age 58  (30.4s)
season 463 holistic     alive  60 births  2 deaths  2 best lifetime 2.917 mean 1.217 max age 59  season 463 conventional alive  60 births  0 deaths  0 best lifetime 1.958 mean 0.966 max age 59  (27.1s)
season 464 holistic     alive  60 births  1 deaths  1 best lifetime 3.077 mean 1.244 max age 59  season 464 conventional alive  60 births  2 deaths  2 best lifetime 1.923 mean 0.948 max age 59  (30.1s)
season 465 holistic     alive  60 births  3 deaths  3 best lifetime 3.143 mean 1.185 max age 59  season 465 conventional alive  60 births  1 deaths  1 best lifetime 1.906 mean 0.956 max age 56  (28.0s)
season 466 holistic     alive  60 births  1 deaths  1 best lifetime 3.067 mean 1.242 max age 59  season 466 conventional alive  60 births  0 deaths  0 best lifetime 1.907 mean 0.954 max age 57  (30.0s)
WARNING: Nan, Inf or huge value in QACC at DOF 30. The simulation is unstable. Time = 5.6800.

season 467 holistic     alive  60 births  2 deaths  2 best lifetime 2.938 mean 1.212 max age 59  season 467 conventional alive  60 births  0 deaths  0 best lifetime 2.000 mean 0.964 max age 58  (30.1s)
season 468 holistic     alive  60 births  1 deaths  1 best lifetime 3.000 mean 1.266 max age 57  season 468 conventional alive  60 births  0 deaths  0 best lifetime 1.857 mean 0.950 max age 59  (31.6s)
season 469 holistic     alive  60 births  0 deaths  0 best lifetime 3.000 mean 1.270 max age 58  season 469 conventional alive  60 births  3 deaths  3 best lifetime 1.842 mean 0.929 max age 59  (30.2s)
WARNING: Nan, Inf or huge value in QACC at DOF 0. The simulation is unstable. Time = 10.2450.

season 470 holistic     alive  60 births  1 deaths  1 best lifetime 2.684 mean 1.284 max age 59  season 470 conventional alive  60 births  1 deaths  1 best lifetime 1.845 mean 0.935 max age 59  (29.2s)
WARNING: Nan, Inf or huge value in QACC at DOF 10. The simulation is unstable. Time = 2.3000.

season 471 holistic     alive  60 births  2 deaths  2 best lifetime 2.550 mean 1.257 max age 59  season 471 conventional alive  60 births  2 deaths  2 best lifetime 1.881 mean 0.932 max age 59  (28.0s)
WARNING: Nan, Inf or huge value in QACC at DOF 4. The simulation is unstable. Time = 2.1500.

season 472 holistic     alive  60 births  1 deaths  1 best lifetime 2.524 mean 1.224 max age 59  season 472 conventional alive  60 births  1 deaths  1 best lifetime 1.757 mean 0.911 max age 58  (31.0s)
WARNING: Nan, Inf or huge value in QACC at DOF 10. The simulation is unstable. Time = 12.8050.

season 473 holistic     alive  60 births  1 deaths  1 best lifetime 2.800 mean 1.234 max age 58  season 473 conventional alive  60 births  1 deaths  1 best lifetime 1.763 mean 0.956 max age 59  (28.3s)
WARNING: Nan, Inf or huge value in QACC at DOF 3. The simulation is unstable. Time = 2.2650.

season 474 holistic     alive  60 births  1 deaths  1 best lifetime 2.739 mean 1.249 max age 59  season 474 conventional alive  60 births  2 deaths  2 best lifetime 1.846 mean 0.967 max age 58  (30.2s)
season 475 holistic     alive  60 births  3 deaths  3 best lifetime 2.625 mean 1.252 max age 59  season 475 conventional alive  60 births  0 deaths  0 best lifetime 2.500 mean 0.984 max age 59  (29.7s)
WARNING: Nan, Inf or huge value in QACC at DOF 20. The simulation is unstable. Time = 14.8850.

season 476 holistic     alive  60 births  1 deaths  1 best lifetime 2.520 mean 1.252 max age 58  season 476 conventional alive  60 births  1 deaths  1 best lifetime 2.000 mean 0.952 max age 59  (30.7s)
season 477 holistic     alive  60 births  0 deaths  0 best lifetime 2.462 mean 1.258 max age 59  season 477 conventional alive  60 births  1 deaths  1 best lifetime 1.816 mean 0.924 max age 59  (26.2s)
season 478 holistic     alive  60 births  2 deaths  2 best lifetime 2.370 mean 1.271 max age 59  season 478 conventional alive  60 births  2 deaths  2 best lifetime 2.500 mean 0.936 max age 58  (28.0s)
season 479 holistic     alive  60 births  2 deaths  2 best lifetime 6.000 mean 1.354 max age 57  season 479 conventional alive  60 births  0 deaths  0 best lifetime 2.000 mean 0.946 max age 59  (29.1s)
season 480 holistic     alive  60 births  0 deaths  0 best lifetime 4.500 mean 1.327 max age 58  season 480 conventional alive  60 births  3 deaths  3 best lifetime 1.927 mean 0.916 max age 59  (27.6s)
season 481 holistic     alive  60 births  0 deaths  0 best lifetime 4.000 mean 1.366 max age 59  season 481 conventional alive  60 births  3 deaths  3 best lifetime 2.000 mean 0.955 max age 59  (29.7s)
WARNING: Nan, Inf or huge value in QACC at DOF 20. The simulation is unstable. Time = 2.4450.

season 482 holistic     alive  60 births  2 deaths  2 best lifetime 3.250 mean 1.323 max age 57  season 482 conventional alive  60 births  2 deaths  2 best lifetime 2.250 mean 0.985 max age 58  (27.3s)
season 483 holistic     alive  60 births  1 deaths  1 best lifetime 3.600 mean 1.349 max age 58  season 483 conventional alive  60 births  0 deaths  0 best lifetime 2.200 mean 1.022 max age 59  (28.1s)
season 484 holistic     alive  60 births  1 deaths  1 best lifetime 3.333 mean 1.317 max age 59  season 484 conventional alive  60 births  1 deaths  1 best lifetime 2.091 mean 0.974 max age 59  (27.1s)
season 485 holistic     alive  60 births  1 deaths  1 best lifetime 5.000 mean 1.368 max age 57  season 485 conventional alive  60 births  2 deaths  2 best lifetime 2.250 mean 1.009 max age 58  (27.9s)
season 486 holistic     alive  60 births  0 deaths  0 best lifetime 4.000 mean 1.352 max age 58  season 486 conventional alive  60 births  0 deaths  0 best lifetime 2.250 mean 0.991 max age 59  (26.5s)
season 487 holistic     alive  60 births  0 deaths  0 best lifetime 3.000 mean 1.352 max age 59  season 487 conventional alive  60 births  2 deaths  2 best lifetime 2.143 mean 0.964 max age 56  (27.0s)
season 488 holistic     alive  60 births  1 deaths  1 best lifetime 2.500 mean 1.322 max age 59  season 488 conventional alive  60 births  0 deaths  0 best lifetime 2.133 mean 0.963 max age 57  (23.6s)
season 489 holistic     alive  60 births  2 deaths  2 best lifetime 2.467 mean 1.292 max age 59  season 489 conventional alive  60 births  2 deaths  2 best lifetime 2.600 mean 1.011 max age 58  (26.3s)
WARNING: Nan, Inf or huge value in QACC at DOF 0. The simulation is unstable. Time = 3.9300.

WARNING: Nan, Inf or huge value in QACC at DOF 0. The simulation is unstable. Time = 2.9300.

season 490 holistic     alive  60 births  1 deaths  1 best lifetime 3.000 mean 1.344 max age 57  season 490 conventional alive  60 births  0 deaths  0 best lifetime 2.167 mean 1.019 max age 59  (29.2s)
season 491 holistic     alive  60 births  0 deaths  0 best lifetime 3.333 mean 1.336 max age 58  season 491 conventional alive  60 births  1 deaths  1 best lifetime 2.000 mean 0.981 max age 59  (29.1s)
WARNING: Nan, Inf or huge value in QACC at DOF 10. The simulation is unstable. Time = 12.9700.

season 492 holistic     alive  60 births  0 deaths  0 best lifetime 2.643 mean 1.335 max age 59  season 492 conventional alive  60 births  1 deaths  1 best lifetime 2.000 mean 1.000 max age 59  (28.2s)
season 493 holistic     alive  60 births  2 deaths  2 best lifetime 2.600 mean 1.290 max age 58  season 493 conventional alive  60 births  1 deaths  1 best lifetime 2.050 mean 0.997 max age 58  (23.6s)
season 494 holistic     alive  60 births  0 deaths  0 best lifetime 2.438 mean 1.276 max age 59  season 494 conventional alive  60 births  0 deaths  0 best lifetime 2.500 mean 0.991 max age 59  (26.2s)
season 495 holistic     alive  60 births  1 deaths  1 best lifetime 2.529 mean 1.280 max age 57  season 495 conventional alive  60 births  2 deaths  2 best lifetime 2.333 mean 0.947 max age 57  (28.0s)
season 496 holistic     alive  60 births  0 deaths  0 best lifetime 3.000 mean 1.349 max age 58  season 496 conventional alive  60 births  0 deaths  0 best lifetime 3.000 mean 1.008 max age 58  (29.7s)
WARNING: Nan, Inf or huge value in QACC at DOF 35. The simulation is unstable. Time = 9.3750.

season 497 holistic     alive  60 births  0 deaths  0 best lifetime 2.667 mean 1.355 max age 59  season 497 conventional alive  60 births  0 deaths  0 best lifetime 2.500 mean 1.003 max age 59  (28.3s)
season 498 holistic     alive  60 births  2 deaths  2 best lifetime 2.667 mean 1.276 max age 57  season 498 conventional alive  60 births  1 deaths  1 best lifetime 1.920 mean 0.974 max age 59  (30.4s)
season 499 holistic     alive  60 births  0 deaths  0 best lifetime 2.500 mean 1.295 max age 58  season 499 conventional alive  60 births  4 deaths  4 best lifetime 2.000 mean 0.955 max age 58  (31.6s)
season 500 holistic     alive  60 births  0 deaths  0 best lifetime 2.273 mean 1.275 max age 59  season 500 conventional alive  60 births  0 deaths  0 best lifetime 2.000 mean 1.001 max age 59  (24.8s)
season 501 holistic     alive  60 births  1 deaths  1 best lifetime 2.217 mean 1.232 max age 57  season 501 conventional alive  60 births  2 deaths  2 best lifetime 2.036 mean 0.957 max age 58  (27.6s)
WARNING: Nan, Inf or huge value in QACC at DOF 30. The simulation is unstable. Time = 4.2050.

season 502 holistic     alive  60 births  1 deaths  1 best lifetime 6.000 mean 1.341 max age 58  season 502 conventional alive  60 births  0 deaths  0 best lifetime 3.000 mean 1.032 max age 59  (32.5s)
season 503 holistic     alive  60 births  0 deaths  0 best lifetime 4.500 mean 1.310 max age 59  season 503 conventional alive  60 births  3 deaths  3 best lifetime 4.000 mean 0.997 max age 58  (30.1s)
season 504 holistic     alive  60 births  2 deaths  2 best lifetime 4.000 mean 1.279 max age 59  season 504 conventional alive  60 births  0 deaths  0 best lifetime 3.000 mean 1.061 max age 59  (30.1s)
season 505 holistic     alive  60 births  2 deaths  2 best lifetime 3.750 mean 1.222 max age 59  season 505 conventional alive  60 births  2 deaths  2 best lifetime 2.500 mean 1.004 max age 59  (28.0s)
season 506 holistic     alive  60 births  1 deaths  1 best lifetime 3.400 mean 1.232 max age 58  season 506 conventional alive  60 births  1 deaths  1 best lifetime 3.000 mean 1.029 max age 59  (26.6s)
season 507 holistic     alive  60 births  0 deaths  0 best lifetime 3.000 mean 1.235 max age 59  season 507 conventional alive  60 births  7 deaths  7 best lifetime 2.833 mean 0.968 max age 58  (28.4s)
season 508 holistic     alive  60 births  2 deaths  2 best lifetime 2.714 mean 1.184 max age 59  season 508 conventional alive  60 births  0 deaths  0 best lifetime 3.000 mean 0.976 max age 59  (26.4s)
season 509 holistic     alive  60 births  4 deaths  4 best lifetime 2.375 mean 1.143 max age 58  season 509 conventional alive  60 births  2 deaths  2 best lifetime 2.625 mean 0.954 max age 58  (32.7s)
season 510 holistic     alive  60 births  2 deaths  2 best lifetime 2.281 mean 1.168 max age 59  season 510 conventional alive  60 births  1 deaths  1 best lifetime 2.444 mean 0.977 max age 59  (29.6s)
WARNING: Nan, Inf or huge value in QACC at DOF 10. The simulation is unstable. Time = 14.6100.

season 511 holistic     alive  60 births  4 deaths  4 best lifetime 2.212 mean 1.111 max age 58  season 511 conventional alive  60 births  2 deaths  2 best lifetime 2.200 mean 0.977 max age 59  (29.7s)
season 512 holistic     alive  60 births  2 deaths  2 best lifetime 3.000 mean 1.206 max age 59  season 512 conventional alive  60 births  1 deaths  1 best lifetime 2.000 mean 0.939 max age 59  (33.0s)
season 513 holistic     alive  60 births  1 deaths  1 best lifetime 3.000 mean 1.204 max age 59  season 513 conventional alive  60 births  2 deaths  2 best lifetime 2.000 mean 0.936 max age 58  (27.5s)
WARNING: Nan, Inf or huge value in QACC at DOF 30. The simulation is unstable. Time = 1.6450.

WARNING: Nan, Inf or huge value in QACC at DOF 33. The simulation is unstable. Time = 2.0150.

season 514 holistic     alive  60 births  5 deaths  5 best lifetime 4.000 mean 1.146 max age 57  season 514 conventional alive  60 births  0 deaths  0 best lifetime 1.902 mean 0.950 max age 59  (28.7s)
season 515 holistic     alive  60 births  1 deaths  1 best lifetime 3.000 mean 1.210 max age 58  season 515 conventional alive  60 births  2 deaths  2 best lifetime 1.929 mean 0.934 max age 59  (32.0s)
season 516 holistic     alive  60 births  1 deaths  1 best lifetime 3.500 mean 1.217 max age 59  season 516 conventional alive  60 births  1 deaths  1 best lifetime 1.933 mean 0.923 max age 57  (29.1s)
season 517 holistic     alive  60 births  2 deaths  2 best lifetime 2.667 mean 1.173 max age 58  season 517 conventional alive  60 births  0 deaths  0 best lifetime 1.891 mean 0.972 max age 58  (26.5s)
season 518 holistic     alive  60 births  1 deaths  1 best lifetime 2.111 mean 1.138 max age 59  season 518 conventional alive  60 births  1 deaths  1 best lifetime 2.118 mean 0.972 max age 59  (25.9s)
season 519 holistic     alive  60 births  4 deaths  4 best lifetime 2.200 mean 1.101 max age 59  season 519 conventional alive  60 births  2 deaths  2 best lifetime 2.000 mean 0.937 max age 55  (28.9s)
season 520 holistic     alive  60 births  2 deaths  2 best lifetime 5.000 mean 1.333 max age 59  season 520 conventional alive  60 births  0 deaths  0 best lifetime 2.000 mean 1.013 max age 56  (27.2s)
season 521 holistic     alive  60 births  3 deaths  3 best lifetime 4.000 mean 1.198 max age 59  season 521 conventional alive  60 births  0 deaths  0 best lifetime 1.933 mean 0.963 max age 57  (29.5s)
season 522 holistic     alive  60 births  2 deaths  2 best lifetime 5.000 mean 1.312 max age 59  season 522 conventional alive  60 births  2 deaths  2 best lifetime 1.891 mean 0.941 max age 58  (26.5s)
season 523 holistic     alive  60 births  2 deaths  2 best lifetime 4.000 mean 1.351 max age 59  season 523 conventional alive  60 births  0 deaths  0 best lifetime 1.872 mean 0.949 max age 59  (28.0s)
season 524 holistic     alive  60 births  2 deaths  2 best lifetime 4.333 mean 1.351 max age 59  season 524 conventional alive  60 births  2 deaths  2 best lifetime 1.854 mean 0.940 max age 59  (23.9s)
season 525 holistic     alive  60 births  3 deaths  3 best lifetime 3.750 mean 1.271 max age 58  season 525 conventional alive  60 births  1 deaths  1 best lifetime 3.000 mean 0.985 max age 56  (30.9s)
season 526 holistic     alive  60 births  0 deaths  0 best lifetime 3.400 mean 1.363 max age 59  season 526 conventional alive  60 births  0 deaths  0 best lifetime 2.500 mean 0.987 max age 57  (30.1s)
season 527 holistic     alive  60 births  2 deaths  2 best lifetime 3.667 mean 1.257 max age 59  season 527 conventional alive  60 births  1 deaths  1 best lifetime 2.000 mean 0.970 max age 58  (32.2s)
season 528 holistic     alive  60 births  2 deaths  2 best lifetime 5.000 mean 1.385 max age 58  season 528 conventional alive  60 births  0 deaths  0 best lifetime 2.000 mean 0.990 max age 59  (29.5s)
season 529 holistic     alive  60 births  1 deaths  1 best lifetime 4.500 mean 1.388 max age 59  season 529 conventional alive  60 births  2 deaths  2 best lifetime 2.500 mean 1.026 max age 59  (29.8s)
season 530 holistic     alive  60 births  1 deaths  1 best lifetime 3.333 mean 1.311 max age 59  season 530 conventional alive  60 births  1 deaths  1 best lifetime 2.200 mean 1.034 max age 59  (25.7s)
WARNING: Nan, Inf or huge value in QACC at DOF 30. The simulation is unstable. Time = 12.2300.

WARNING: Nan, Inf or huge value in QACC at DOF 10. The simulation is unstable. Time = 4.1800.

WARNING: Nan, Inf or huge value in QACC at DOF 5. The simulation is unstable. Time = 3.5750.

season 531 holistic     alive  60 births  1 deaths  1 best lifetime 3.250 mean 1.341 max age 58  season 531 conventional alive  60 births  3 deaths  3 best lifetime 3.000 mean 1.056 max age 59  (29.6s)
WARNING: Nan, Inf or huge value in QACC at DOF 14. The simulation is unstable. Time = 11.1150.

season 532 holistic     alive  60 births  0 deaths  0 best lifetime 3.000 mean 1.321 max age 59  season 532 conventional alive  60 births  1 deaths  1 best lifetime 2.600 mean 1.149 max age 59  (29.3s)
season 533 holistic     alive  60 births  2 deaths  2 best lifetime 2.667 mean 1.282 max age 59  season 533 conventional alive  60 births  1 deaths  1 best lifetime 2.167 mean 1.055 max age 59  (27.5s)
season 534 holistic     alive  60 births  2 deaths  2 best lifetime 3.000 mean 1.285 max age 59  season 534 conventional alive  60 births  2 deaths  2 best lifetime 2.333 mean 1.044 max age 58  (24.7s)
season 535 holistic     alive  60 births  3 deaths  3 best lifetime 2.188 mean 1.236 max age 59  season 535 conventional alive  60 births  0 deaths  0 best lifetime 5.000 mean 1.181 max age 59  (25.1s)
season 536 holistic     alive  60 births  1 deaths  1 best lifetime 2.500 mean 1.232 max age 58  season 536 conventional alive  60 births  2 deaths  2 best lifetime 3.500 mean 1.141 max age 58  (24.4s)
season 537 holistic     alive  60 births  0 deaths  0 best lifetime 2.500 mean 1.331 max age 59  season 537 conventional alive  60 births  0 deaths  0 best lifetime 2.667 mean 1.124 max age 59  (29.6s)
season 538 holistic     alive  60 births  2 deaths  2 best lifetime 2.333 mean 1.303 max age 59  season 538 conventional alive  60 births  1 deaths  1 best lifetime 2.500 mean 1.094 max age 58  (24.5s)
season 539 holistic     alive  60 births  1 deaths  1 best lifetime 3.000 mean 1.303 max age 57  season 539 conventional alive  60 births  0 deaths  0 best lifetime 2.400 mean 1.088 max age 59  (29.8s)
season 540 holistic     alive  60 births  0 deaths  0 best lifetime 2.174 mean 1.288 max age 58  season 540 conventional alive  60 births  3 deaths  3 best lifetime 2.133 mean 1.032 max age 59  (24.5s)
season 541 holistic     alive  60 births  0 deaths  0 best lifetime 3.000 mean 1.290 max age 59  season 541 conventional alive  60 births  2 deaths  2 best lifetime 2.000 mean 0.984 max age 59  (26.4s)
season 542 holistic     alive  60 births  2 deaths  2 best lifetime 2.333 mean 1.240 max age 59  season 542 conventional alive  60 births  3 deaths  3 best lifetime 2.000 mean 0.951 max age 58  (29.5s)
season 543 holistic     alive  60 births  1 deaths  1 best lifetime 2.500 mean 1.291 max age 59  season 543 conventional alive  60 births  0 deaths  0 best lifetime 2.167 mean 0.964 max age 59  (31.3s)
season 544 holistic     alive  60 births  2 deaths  2 best lifetime 5.000 mean 1.295 max age 59  season 544 conventional alive  60 births  2 deaths  2 best lifetime 2.211 mean 0.933 max age 57  (28.3s)
season 545 holistic     alive  60 births  1 deaths  1 best lifetime 3.667 mean 1.256 max age 57  season 545 conventional alive  60 births  0 deaths  0 best lifetime 2.250 mean 0.957 max age 58  (28.6s)
WARNING: Nan, Inf or huge value in QACC at DOF 30. The simulation is unstable. Time = 2.9100.

season 546 holistic     alive  60 births  0 deaths  0 best lifetime 4.000 mean 1.308 max age 58  season 546 conventional alive  60 births  1 deaths  1 best lifetime 2.190 mean 0.992 max age 59  (26.9s)
season 547 holistic     alive  60 births  1 deaths  1 best lifetime 3.400 mean 1.275 max age 59  season 547 conventional alive  60 births  2 deaths  2 best lifetime 2.091 mean 0.939 max age 58  (25.5s)
season 548 holistic     alive  60 births  3 deaths  3 best lifetime 3.667 mean 1.252 max age 59  season 548 conventional alive  60 births  0 deaths  0 best lifetime 2.087 mean 0.966 max age 59  (29.0s)
season 549 holistic     alive  60 births  1 deaths  1 best lifetime 3.143 mean 1.285 max age 59  season 549 conventional alive  60 births  2 deaths  2 best lifetime 2.167 mean 0.967 max age 58  (27.6s)
season 550 holistic     alive  60 births  1 deaths  1 best lifetime 2.750 mean 1.261 max age 57  season 550 conventional alive  60 births  1 deaths  1 best lifetime 2.080 mean 0.955 max age 59  (26.9s)
season 551 holistic     alive  60 births  1 deaths  1 best lifetime 2.556 mean 1.266 max age 58  season 551 conventional alive  60 births  2 deaths  2 best lifetime 2.115 mean 0.969 max age 59  (29.4s)
season 552 holistic     alive  60 births  1 deaths  1 best lifetime 2.600 mean 1.274 max age 59  season 552 conventional alive  60 births  1 deaths  1 best lifetime 8.000 mean 1.137 max age 59  (28.3s)
season 553 holistic     alive  60 births  2 deaths  2 best lifetime 2.727 mean 1.249 max age 58  season 553 conventional alive  60 births  2 deaths  2 best lifetime 5.000 mean 1.098 max age 58  (26.9s)
season 554 holistic     alive  60 births  0 deaths  0 best lifetime 2.833 mean 1.288 max age 59  season 554 conventional alive  60 births  1 deaths  1 best lifetime 4.333 mean 1.109 max age 59  (29.4s)
season 555 holistic     alive  60 births  2 deaths  2 best lifetime 2.615 mean 1.296 max age 54  season 555 conventional alive  60 births  1 deaths  1 best lifetime 3.250 mean 1.050 max age 57  (28.0s)
season 556 holistic     alive  60 births  0 deaths  0 best lifetime 2.571 mean 1.320 max age 55  season 556 conventional alive  60 births  0 deaths  0 best lifetime 2.600 mean 1.081 max age 58  (27.1s)
WARNING: Nan, Inf or huge value in QACC at DOF 13. The simulation is unstable. Time = 4.0600.

WARNING: Nan, Inf or huge value in QACC at DOF 10. The simulation is unstable. Time = 6.0750.

season 557 holistic     alive  60 births  1 deaths  1 best lifetime 2.667 mean 1.301 max age 56  season 557 conventional alive  60 births  0 deaths  0 best lifetime 2.500 mean 1.090 max age 59  (26.4s)
season 558 holistic     alive  60 births  0 deaths  0 best lifetime 2.562 mean 1.329 max age 57  season 558 conventional alive  60 births  1 deaths  1 best lifetime 3.000 mean 1.060 max age 59  (30.6s)
season 559 holistic     alive  60 births  1 deaths  1 best lifetime 2.706 mean 1.340 max age 58  season 559 conventional alive  60 births  3 deaths  3 best lifetime 2.750 mean 1.023 max age 58  (24.6s)
season 560 holistic     alive  60 births  0 deaths  0 best lifetime 2.556 mean 1.328 max age 59  season 560 conventional alive  60 births  1 deaths  1 best lifetime 8.000 mean 1.164 max age 59  (24.8s)
season 561 holistic     alive  60 births  3 deaths  3 best lifetime 2.421 mean 1.319 max age 59  season 561 conventional alive  60 births  3 deaths  3 best lifetime 4.000 mean 1.062 max age 58  (27.6s)
season 562 holistic     alive  60 births  1 deaths  1 best lifetime 4.000 mean 1.412 max age 58  season 562 conventional alive  60 births  0 deaths  0 best lifetime 5.000 mean 1.107 max age 59  (25.9s)
season 563 holistic     alive  60 births  0 deaths  0 best lifetime 2.500 mean 1.406 max age 59  season 563 conventional alive  60 births  2 deaths  2 best lifetime 2.750 mean 1.036 max age 58  (28.0s)
season 564 holistic     alive  60 births  1 deaths  1 best lifetime 2.318 mean 1.370 max age 56  season 564 conventional alive  60 births  0 deaths  0 best lifetime 2.333 mean 1.024 max age 59  (27.0s)
season 565 holistic     alive  60 births  0 deaths  0 best lifetime 2.500 mean 1.415 max age 57  season 565 conventional alive  60 births  3 deaths  3 best lifetime 2.250 mean 0.999 max age 58  (26.8s)
season 566 holistic     alive  60 births  1 deaths  1 best lifetime 2.600 mean 1.411 max age 58  season 566 conventional alive  60 births  0 deaths  0 best lifetime 3.000 mean 1.141 max age 59  (26.7s)
season 567 holistic     alive  60 births  0 deaths  0 best lifetime 2.500 mean 1.384 max age 59  season 567 conventional alive  60 births  4 deaths  4 best lifetime 2.333 mean 1.004 max age 58  (24.7s)
season 568 holistic     alive  60 births  1 deaths  1 best lifetime 2.269 mean 1.369 max age 59  season 568 conventional alive  60 births  1 deaths  1 best lifetime 2.000 mean 0.993 max age 59  (23.0s)
season 569 holistic     alive  60 births  4 deaths  4 best lifetime 2.296 mean 1.286 max age 59  season 569 conventional alive  60 births  2 deaths  2 best lifetime 2.068 mean 0.947 max age 58  (26.5s)
season 570 holistic     alive  60 births  1 deaths  1 best lifetime 2.333 mean 1.326 max age 59  season 570 conventional alive  60 births  0 deaths  0 best lifetime 2.089 mean 0.986 max age 59  (27.1s)
season 571 holistic     alive  60 births  3 deaths  3 best lifetime 3.000 mean 1.349 max age 59  season 571 conventional alive  60 births  2 deaths  2 best lifetime 2.109 mean 0.978 max age 59  (24.6s)
season 572 holistic     alive  60 births  2 deaths  2 best lifetime 2.667 mean 1.341 max age 59  season 572 conventional alive  60 births  1 deaths  1 best lifetime 2.182 mean 1.015 max age 59  (25.5s)
season 573 holistic     alive  60 births  1 deaths  1 best lifetime 2.387 mean 1.301 max age 59  season 573 conventional alive  60 births  2 deaths  2 best lifetime 2.250 mean 1.021 max age 58  (25.3s)
season 574 holistic     alive  60 births  4 deaths  4 best lifetime 2.500 mean 1.237 max age 57  season 574 conventional alive  60 births  0 deaths  0 best lifetime 2.600 mean 1.040 max age 59  (28.1s)
season 575 holistic     alive  60 births  1 deaths  1 best lifetime 3.000 mean 1.331 max age 58  season 575 conventional alive  60 births  2 deaths  2 best lifetime 2.180 mean 1.045 max age 59  (29.6s)
season 576 holistic     alive  60 births  1 deaths  1 best lifetime 3.500 mean 1.397 max age 59  season 576 conventional alive  60 births  2 deaths  2 best lifetime 4.000 mean 1.112 max age 57  (28.6s)
season 577 holistic     alive  60 births  2 deaths  2 best lifetime 2.562 mean 1.328 max age 58  season 577 conventional alive  60 births  0 deaths  0 best lifetime 3.000 mean 1.153 max age 58  (26.9s)
season 578 holistic     alive  60 births  1 deaths  1 best lifetime 2.588 mean 1.383 max age 59  season 578 conventional alive  60 births  0 deaths  0 best lifetime 3.500 mean 1.187 max age 59  (28.8s)
season 579 holistic     alive  60 births  4 deaths  4 best lifetime 2.556 mean 1.245 max age 59  season 579 conventional alive  60 births  2 deaths  2 best lifetime 2.333 mean 1.146 max age 57  (28.4s)
season 580 holistic     alive  60 births  2 deaths  2 best lifetime 7.000 mean 1.446 max age 59  season 580 conventional alive  60 births  0 deaths  0 best lifetime 2.109 mean 1.202 max age 58  (27.2s)
season 581 holistic     alive  60 births  4 deaths  4 best lifetime 3.500 mean 1.356 max age 59  season 581 conventional alive  60 births  0 deaths  0 best lifetime 2.125 mean 1.189 max age 59  (29.2s)
season 582 holistic     alive  60 births  2 deaths  2 best lifetime 3.000 mean 1.355 max age 59  season 582 conventional alive  60 births  2 deaths  2 best lifetime 2.429 mean 1.125 max age 58  (29.2s)
season 583 holistic     alive  60 births  2 deaths  2 best lifetime 2.667 mean 1.274 max age 59  season 583 conventional alive  60 births  0 deaths  0 best lifetime 3.000 mean 1.214 max age 59  (29.9s)
season 584 holistic     alive  60 births  1 deaths  1 best lifetime 2.500 mean 1.225 max age 59  season 584 conventional alive  60 births  2 deaths  2 best lifetime 2.222 mean 1.123 max age 59  (30.0s)
season 585 holistic     alive  60 births  4 deaths  4 best lifetime 2.417 mean 1.189 max age 58  season 585 conventional alive  60 births  1 deaths  1 best lifetime 2.100 mean 1.099 max age 58  (29.0s)
season 586 holistic     alive  60 births  1 deaths  1 best lifetime 3.000 mean 1.337 max age 59  season 586 conventional alive  60 births  0 deaths  0 best lifetime 3.000 mean 1.133 max age 59  (26.5s)
season 587 holistic     alive  60 births  2 deaths  2 best lifetime 2.231 mean 1.224 max age 59  season 587 conventional alive  60 births  1 deaths  1 best lifetime 2.000 mean 1.109 max age 58  (29.3s)
season 588 holistic     alive  60 births  1 deaths  1 best lifetime 2.259 mean 1.232 max age 55  season 588 conventional alive  60 births  0 deaths  0 best lifetime 2.333 mean 1.124 max age 59  (27.9s)
season 589 holistic     alive  60 births  1 deaths  1 best lifetime 4.000 mean 1.296 max age 56  season 589 conventional alive  60 births  2 deaths  2 best lifetime 2.250 mean 1.071 max age 59  (28.9s)
season 590 holistic     alive  60 births  1 deaths  1 best lifetime 3.500 mean 1.293 max age 57  season 590 conventional alive  60 births  1 deaths  1 best lifetime 2.000 mean 1.045 max age 59  (24.5s)
season 591 holistic     alive  60 births  1 deaths  1 best lifetime 2.333 mean 1.242 max age 58  season 591 conventional alive  60 births  3 deaths  3 best lifetime 2.136 mean 1.047 max age 58  (29.0s)
season 592 holistic     alive  60 births  0 deaths  0 best lifetime 2.323 mean 1.276 max age 59  season 592 conventional alive  60 births  0 deaths  0 best lifetime 2.059 mean 1.063 max age 59  (27.4s)
season 593 holistic     alive  60 births  3 deaths  3 best lifetime 2.615 mean 1.245 max age 59  season 593 conventional alive  60 births  1 deaths  1 best lifetime 2.000 mean 1.055 max age 59  (24.4s)
season 594 holistic     alive  60 births  2 deaths  2 best lifetime 2.667 mean 1.286 max age 59  season 594 conventional alive  60 births  2 deaths  2 best lifetime 2.333 mean 1.035 max age 58  (26.0s)
season 595 holistic     alive  60 births  2 deaths  2 best lifetime 3.000 mean 1.259 max age 59  season 595 conventional alive  60 births  0 deaths  0 best lifetime 2.000 mean 1.056 max age 59  (27.3s)
season 596 holistic     alive  60 births  1 deaths  1 best lifetime 2.438 mean 1.223 max age 58  season 596 conventional alive  60 births  2 deaths  2 best lifetime 3.000 mean 1.057 max age 56  (27.8s)
season 597 holistic     alive  60 births  0 deaths  0 best lifetime 2.471 mean 1.254 max age 59  season 597 conventional alive  60 births  0 deaths  0 best lifetime 2.333 mean 1.055 max age 57  (28.6s)
season 598 holistic     alive  60 births  2 deaths  2 best lifetime 3.000 mean 1.258 max age 59  season 598 conventional alive  60 births  0 deaths  0 best lifetime 4.500 mean 1.156 max age 58  (32.3s)
season 599 holistic     alive  60 births  2 deaths  2 best lifetime 2.800 mean 1.237 max age 57  season 599 conventional alive  60 births  0 deaths  0 best lifetime 3.000 mean 1.138 max age 59  (25.2s)
results in eco/forage-freework-801/history.json
