season   0 holistic     alive  58 births  2 deaths  4 best lifetime 0.981 mean 0.007 max age 57  season   0 conventional alive  60 births  2 deaths  2 best lifetime 21.458 mean 0.607 max age 58  (6.5s)
season   1 holistic     alive  58 births  0 deaths  0 best lifetime 0.481 mean -0.014 max age 58  season   1 conventional alive  60 births  1 deaths  1 best lifetime 10.459 mean 0.195 max age 59  (6.4s)
season   2 holistic     alive  58 births  0 deaths  0 best lifetime 0.314 mean -0.020 max age 59  season   2 conventional alive  60 births  9 deaths  9 best lifetime 4.832 mean 0.198 max age 59  (6.5s)
season   3 holistic     alive  57 births  2 deaths  3 best lifetime 1.466 mean 0.022 max age 59  season   3 conventional alive  60 births 16 deaths 16 best lifetime 6.434 mean 0.454 max age 59  (6.3s)
WARNING: Nan, Inf or huge value in QACC at DOF 24. The simulation is unstable. Time = 4.9300.

season   4 holistic     alive  58 births  2 deaths  1 best lifetime 1.779 mean 0.074 max age 59  season   4 conventional alive  60 births 18 deaths 18 best lifetime 4.897 mean 0.641 max age 55  (6.5s)
season   5 holistic     alive  59 births  3 deaths  2 best lifetime 1.177 mean 0.083 max age 59  season   5 conventional alive  60 births 14 deaths 14 best lifetime 6.373 mean 0.737 max age 56  (6.6s)
season   6 holistic     alive  60 births  3 deaths  2 best lifetime 6.115 mean 0.146 max age 58  season   6 conventional alive  60 births 14 deaths 14 best lifetime 9.417 mean 0.850 max age 57  (6.5s)
season   7 holistic     alive  60 births  1 deaths  1 best lifetime 4.533 mean 0.107 max age 59  season   7 conventional alive  60 births 14 deaths 14 best lifetime 6.378 mean 0.828 max age 58  (6.5s)
season   8 holistic     alive  60 births  3 deaths  3 best lifetime 3.584 mean 0.129 max age 59  season   8 conventional alive  60 births 14 deaths 14 best lifetime 5.902 mean 0.860 max age 59  (6.5s)
season   9 holistic     alive  60 births  5 deaths  5 best lifetime 4.802 mean 0.231 max age 59  season   9 conventional alive  60 births 10 deaths 10 best lifetime 8.581 mean 0.935 max age 48  (6.4s)
season  10 holistic     alive  60 births  6 deaths  6 best lifetime 2.927 mean 0.217 max age 59  season  10 conventional alive  60 births 12 deaths 12 best lifetime 8.377 mean 1.170 max age 49  (6.7s)
season  11 holistic     alive  30 births  7 deaths 37 best lifetime 4.286 mean 0.563 max age 51  season  11 conventional alive  60 births  7 deaths  7 best lifetime 9.747 mean 1.347 max age 50  (6.7s)
season  12 holistic     alive  35 births  8 deaths  3 best lifetime 5.966 mean 0.669 max age 52  season  12 conventional alive  60 births 10 deaths 10 best lifetime 5.794 mean 1.123 max age 51  (5.5s)
WARNING: Nan, Inf or huge value in QACC at DOF 20. The simulation is unstable. Time = 8.7500.

season  13 holistic     alive  45 births 13 deaths  3 best lifetime 3.839 mean 0.715 max age 53  season  13 conventional alive  60 births 10 deaths 10 best lifetime 11.019 mean 1.357 max age 52  (5.8s)
season  14 holistic     alive  55 births 14 deaths  4 best lifetime 6.703 mean 0.879 max age 54  season  14 conventional alive  60 births 10 deaths 10 best lifetime 7.172 mean 1.175 max age 53  (6.1s)
season  15 holistic     alive  60 births  8 deaths  3 best lifetime 3.955 mean 0.674 max age 55  season  15 conventional alive  60 births  6 deaths  6 best lifetime 8.394 mean 1.246 max age 54  (6.6s)
season  16 holistic     alive  60 births  8 deaths  8 best lifetime 6.776 mean 0.873 max age 56  season  16 conventional alive  60 births  5 deaths  5 best lifetime 11.392 mean 1.429 max age 55  (6.7s)
season  17 holistic     alive  60 births  7 deaths  7 best lifetime 7.801 mean 1.126 max age 44  season  17 conventional alive  60 births  6 deaths  6 best lifetime 7.394 mean 1.324 max age 56  (6.8s)
season  18 holistic     alive  60 births  7 deaths  7 best lifetime 7.632 mean 1.054 max age 45  season  18 conventional alive  60 births  6 deaths  6 best lifetime 5.394 mean 1.104 max age 57  (6.8s)
WARNING: Nan, Inf or huge value in QACC at DOF 11. The simulation is unstable. Time = 14.6400.

season  19 holistic     alive  60 births  5 deaths  5 best lifetime 5.716 mean 1.142 max age 46  season  19 conventional alive  60 births 10 deaths 10 best lifetime 5.194 mean 1.036 max age 58  (6.8s)
season  20 holistic     alive  60 births  2 deaths  2 best lifetime 4.566 mean 1.197 max age 47  season  20 conventional alive  60 births  8 deaths  8 best lifetime 7.497 mean 1.142 max age 59  (6.6s)
WARNING: Nan, Inf or huge value in QACC at DOF 30. The simulation is unstable. Time = 6.4050.

season  21 holistic     alive  60 births  5 deaths  5 best lifetime 4.056 mean 1.138 max age 48  season  21 conventional alive  60 births  6 deaths  6 best lifetime 9.576 mean 1.395 max age 58  (6.5s)
season  22 holistic     alive  60 births  4 deaths  4 best lifetime 6.778 mean 1.305 max age 49  season  22 conventional alive  60 births  7 deaths  7 best lifetime 8.373 mean 1.341 max age 59  (6.7s)
season  23 holistic     alive  60 births  3 deaths  3 best lifetime 4.430 mean 1.201 max age 50  season  23 conventional alive  60 births  7 deaths  7 best lifetime 11.499 mean 1.228 max age 48  (6.7s)
season  24 holistic     alive  60 births  5 deaths  5 best lifetime 6.280 mean 1.270 max age 51  season  24 conventional alive  60 births  7 deaths  7 best lifetime 6.997 mean 1.048 max age 49  (6.6s)
season  25 holistic     alive  60 births  3 deaths  3 best lifetime 4.139 mean 1.199 max age 52  season  25 conventional alive  60 births  8 deaths  8 best lifetime 12.306 mean 1.321 max age 50  (7.0s)
season  26 holistic     alive  60 births  2 deaths  2 best lifetime 3.530 mean 1.185 max age 53  season  26 conventional alive  60 births  5 deaths  5 best lifetime 13.521 mean 1.408 max age 51  (6.9s)
season  27 holistic     alive  60 births  0 deaths  0 best lifetime 4.975 mean 1.251 max age 54  season  27 conventional alive  60 births  5 deaths  5 best lifetime 6.512 mean 1.086 max age 52  (6.7s)
season  28 holistic     alive  60 births  4 deaths  4 best lifetime 3.878 mean 1.206 max age 55  season  28 conventional alive  60 births  5 deaths  5 best lifetime 8.459 mean 1.257 max age 53  (6.6s)
season  29 holistic     alive  60 births  3 deaths  3 best lifetime 7.737 mean 1.343 max age 56  season  29 conventional alive  60 births  4 deaths  4 best lifetime 3.966 mean 1.072 max age 54  (7.2s)
season  30 holistic     alive  60 births  1 deaths  1 best lifetime 3.737 mean 1.244 max age 57  season  30 conventional alive  60 births  7 deaths  7 best lifetime 9.445 mean 1.153 max age 55  (6.8s)
WARNING: Nan, Inf or huge value in QACC at DOF 11. The simulation is unstable. Time = 3.6500.

season  31 holistic     alive  60 births  0 deaths  0 best lifetime 3.236 mean 1.194 max age 58  season  31 conventional alive  60 births  3 deaths  3 best lifetime 4.444 mean 1.115 max age 56  (6.9s)
season  32 holistic     alive  60 births  3 deaths  3 best lifetime 3.065 mean 1.136 max age 59  season  32 conventional alive  60 births  5 deaths  5 best lifetime 7.780 mean 1.143 max age 57  (6.7s)
season  33 holistic     alive  60 births  3 deaths  3 best lifetime 14.814 mean 1.445 max age 33  season  33 conventional alive  60 births  6 deaths  6 best lifetime 6.196 mean 1.013 max age 58  (6.8s)
season  34 holistic     alive  60 births  1 deaths  1 best lifetime 9.311 mean 1.315 max age 34  season  34 conventional alive  60 births  4 deaths  4 best lifetime 4.846 mean 0.943 max age 59  (6.8s)
season  35 holistic     alive  60 births  1 deaths  1 best lifetime 7.478 mean 1.268 max age 35  season  35 conventional alive  60 births  6 deaths  6 best lifetime 5.933 mean 1.070 max age 46  (6.7s)
season  36 holistic     alive  60 births  2 deaths  2 best lifetime 5.562 mean 1.195 max age 36  season  36 conventional alive  60 births  4 deaths  4 best lifetime 6.455 mean 1.275 max age 47  (8.1s)
season  37 holistic     alive  60 births  2 deaths  2 best lifetime 4.410 mean 1.156 max age 37  season  37 conventional alive  60 births  5 deaths  5 best lifetime 5.531 mean 1.191 max age 48  (7.6s)
season  38 holistic     alive  60 births  0 deaths  0 best lifetime 3.812 mean 1.163 max age 38  season  38 conventional alive  60 births  3 deaths  3 best lifetime 4.452 mean 1.025 max age 49  (7.0s)
season  39 holistic     alive  60 births  0 deaths  0 best lifetime 3.518 mean 1.190 max age 39  season  39 conventional alive  60 births  3 deaths  3 best lifetime 3.605 mean 1.006 max age 50  (6.7s)
season  40 holistic     alive  60 births  1 deaths  1 best lifetime 3.186 mean 1.179 max age 40  season  40 conventional alive  60 births  3 deaths  3 best lifetime 4.401 mean 1.099 max age 51  (6.8s)
season  41 holistic     alive  60 births  1 deaths  1 best lifetime 3.650 mean 1.160 max age 41  season  41 conventional alive  60 births  3 deaths  3 best lifetime 3.438 mean 0.979 max age 52  (6.7s)
season  42 holistic     alive  60 births  0 deaths  0 best lifetime 3.350 mean 1.176 max age 42  season  42 conventional alive  60 births  1 deaths  1 best lifetime 9.495 mean 1.193 max age 53  (6.7s)
season  43 holistic     alive  60 births  1 deaths  1 best lifetime 2.991 mean 1.197 max age 43  season  43 conventional alive  60 births  2 deaths  2 best lifetime 8.994 mean 1.096 max age 54  (6.7s)
season  44 holistic     alive  60 births  1 deaths  1 best lifetime 3.099 mean 1.154 max age 44  season  44 conventional alive  60 births  3 deaths  3 best lifetime 10.516 mean 1.247 max age 55  (6.6s)
season  45 holistic     alive  60 births  0 deaths  0 best lifetime 3.810 mean 1.228 max age 45  season  45 conventional alive  60 births  2 deaths  2 best lifetime 7.029 mean 1.084 max age 56  (6.5s)
WARNING: Nan, Inf or huge value in QACC at DOF 0. The simulation is unstable. Time = 11.1350.

season  46 holistic     alive  60 births  0 deaths  0 best lifetime 2.548 mean 1.195 max age 46  season  46 conventional alive  60 births  2 deaths  2 best lifetime 5.194 mean 1.029 max age 57  (6.6s)
season  47 holistic     alive  60 births  1 deaths  1 best lifetime 2.478 mean 1.195 max age 47  season  47 conventional alive  60 births  2 deaths  2 best lifetime 3.775 mean 0.981 max age 58  (6.6s)
season  48 holistic     alive  60 births  0 deaths  0 best lifetime 4.819 mean 1.258 max age 48  season  48 conventional alive  60 births  2 deaths  2 best lifetime 4.122 mean 0.971 max age 59  (6.5s)
season  49 holistic     alive  60 births  0 deaths  0 best lifetime 2.576 mean 1.202 max age 49  season  49 conventional alive  60 births  4 deaths  4 best lifetime 4.350 mean 0.944 max age 47  (6.8s)
season  50 holistic     alive  60 births  0 deaths  0 best lifetime 2.491 mean 1.187 max age 50  season  50 conventional alive  60 births  4 deaths  4 best lifetime 3.658 mean 0.909 max age 48  (7.1s)
season  51 holistic     alive  60 births  0 deaths  0 best lifetime 3.021 mean 1.170 max age 51  season  51 conventional alive  60 births  3 deaths  3 best lifetime 3.141 mean 0.887 max age 49  (7.1s)
season  52 holistic     alive  60 births  0 deaths  0 best lifetime 2.861 mean 1.151 max age 52  season  52 conventional alive  60 births  3 deaths  3 best lifetime 2.737 mean 0.871 max age 50  (6.8s)
season  53 holistic     alive  60 births  0 deaths  0 best lifetime 2.716 mean 1.158 max age 53  season  53 conventional alive  60 births  4 deaths  4 best lifetime 11.684 mean 1.035 max age 51  (6.6s)
season  54 holistic     alive  60 births  1 deaths  1 best lifetime 2.584 mean 1.141 max age 54  season  54 conventional alive  60 births  1 deaths  1 best lifetime 5.690 mean 1.034 max age 52  (6.6s)
season  55 holistic     alive  60 births  0 deaths  0 best lifetime 2.463 mean 1.143 max age 55  season  55 conventional alive  60 births  4 deaths  4 best lifetime 3.710 mean 0.950 max age 53  (6.6s)
season  56 holistic     alive  60 births  0 deaths  0 best lifetime 2.352 mean 1.156 max age 56  season  56 conventional alive  60 births  2 deaths  2 best lifetime 2.691 mean 0.872 max age 54  (6.5s)
season  57 holistic     alive  60 births  0 deaths  0 best lifetime 2.251 mean 1.144 max age 57  season  57 conventional alive  60 births  2 deaths  2 best lifetime 6.016 mean 0.932 max age 55  (6.8s)
season  58 holistic     alive  60 births  0 deaths  0 best lifetime 2.157 mean 1.138 max age 58  season  58 conventional alive  60 births  2 deaths  2 best lifetime 4.422 mean 1.011 max age 56  (6.9s)
season  59 holistic     alive  60 births  0 deaths  0 best lifetime 2.070 mean 1.124 max age 59  season  59 conventional alive  60 births  1 deaths  1 best lifetime 2.751 mean 0.922 max age 57  (6.6s)
WARNING: Nan, Inf or huge value in QACC at DOF 30. The simulation is unstable. Time = 3.0700.

season  60 holistic     alive  60 births  1 deaths  1 best lifetime 2.124 mean 1.136 max age 57  season  60 conventional alive  60 births  1 deaths  1 best lifetime 2.105 mean 0.857 max age 58  (6.5s)
season  61 holistic     alive  60 births  0 deaths  0 best lifetime 2.092 mean 1.107 max age 58  season  61 conventional alive  60 births  3 deaths  3 best lifetime 5.438 mean 0.930 max age 59  (6.8s)
season  62 holistic     alive  60 births  1 deaths  1 best lifetime 2.313 mean 1.112 max age 59  season  62 conventional alive  60 births  3 deaths  3 best lifetime 2.933 mean 0.853 max age 59  (6.7s)
season  63 holistic     alive  60 births  2 deaths  2 best lifetime 2.222 mean 1.108 max age 57  season  63 conventional alive  60 births  4 deaths  4 best lifetime 2.015 mean 0.781 max age 58  (7.0s)
season  64 holistic     alive  60 births  0 deaths  0 best lifetime 2.137 mean 1.089 max age 58  season  64 conventional alive  60 births  2 deaths  2 best lifetime 12.419 mean 1.069 max age 59  (6.9s)
season  65 holistic     alive  60 births  1 deaths  1 best lifetime 2.058 mean 1.080 max age 59  season  65 conventional alive  60 births  4 deaths  4 best lifetime 5.938 mean 0.887 max age 59  (6.6s)
season  66 holistic     alive  60 births  2 deaths  2 best lifetime 1.985 mean 1.060 max age 58  season  66 conventional alive  60 births  5 deaths  5 best lifetime 6.438 mean 0.841 max age 59  (6.9s)
season  67 holistic     alive  60 births  2 deaths  2 best lifetime 1.916 mean 1.044 max age 59  season  67 conventional alive  60 births  6 deaths  6 best lifetime 4.689 mean 0.900 max age 59  (6.7s)
season  68 holistic     alive  60 births  1 deaths  1 best lifetime 1.898 mean 1.012 max age 59  season  68 conventional alive  60 births  4 deaths  4 best lifetime 3.642 mean 0.770 max age 59  (6.6s)
season  69 holistic     alive  60 births  4 deaths  4 best lifetime 5.958 mean 1.117 max age 59  season  69 conventional alive  60 births  8 deaths  8 best lifetime 4.840 mean 0.893 max age 59  (6.7s)
season  70 holistic     alive  60 births  2 deaths  2 best lifetime 3.950 mean 1.069 max age 59  season  70 conventional alive  60 births  8 deaths  8 best lifetime 3.442 mean 0.725 max age 59  (6.6s)
season  71 holistic     alive  60 births  5 deaths  5 best lifetime 2.619 mean 0.983 max age 59  season  71 conventional alive  60 births  7 deaths  7 best lifetime 3.488 mean 0.856 max age 59  (6.7s)
season  72 holistic     alive  60 births  4 deaths  4 best lifetime 2.802 mean 0.935 max age 59  season  72 conventional alive  60 births  7 deaths  7 best lifetime 7.672 mean 0.929 max age 59  (6.6s)
WARNING: Nan, Inf or huge value in QACC at DOF 20. The simulation is unstable. Time = 3.7850.

season  73 holistic     alive  60 births  5 deaths  5 best lifetime 2.540 mean 0.980 max age 59  season  73 conventional alive  60 births  8 deaths  8 best lifetime 6.167 mean 0.825 max age 59  (6.8s)
season  74 holistic     alive  60 births  6 deaths  6 best lifetime 4.057 mean 0.850 max age 59  season  74 conventional alive  60 births  9 deaths  9 best lifetime 5.345 mean 0.837 max age 58  (6.9s)
season  75 holistic     alive  60 births  6 deaths  6 best lifetime 8.812 mean 0.954 max age 59  season  75 conventional alive  60 births  7 deaths  7 best lifetime 6.472 mean 0.866 max age 59  (6.8s)
season  76 holistic     alive  60 births  7 deaths  7 best lifetime 4.287 mean 0.940 max age 58  season  76 conventional alive  60 births  6 deaths  6 best lifetime 6.107 mean 1.061 max age 59  (6.9s)
season  77 holistic     alive  60 births  4 deaths  4 best lifetime 5.847 mean 1.095 max age 59  season  77 conventional alive  60 births  8 deaths  8 best lifetime 5.043 mean 0.975 max age 57  (7.3s)
season  78 holistic     alive  60 births  5 deaths  5 best lifetime 4.333 mean 0.966 max age 59  season  78 conventional alive  60 births  6 deaths  6 best lifetime 6.302 mean 1.003 max age 58  (7.0s)
season  79 holistic     alive  60 births  2 deaths  2 best lifetime 5.815 mean 0.970 max age 58  season  79 conventional alive  60 births  3 deaths  3 best lifetime 6.837 mean 1.265 max age 59  (7.0s)
season  80 holistic     alive  60 births  4 deaths  4 best lifetime 5.315 mean 1.005 max age 59  season  80 conventional alive  60 births  9 deaths  9 best lifetime 6.338 mean 1.124 max age 59  (6.8s)
WARNING: Nan, Inf or huge value in QACC at DOF 21. The simulation is unstable. Time = 10.6450.

season  81 holistic     alive  60 births  7 deaths  7 best lifetime 7.898 mean 1.098 max age 59  season  81 conventional alive  60 births  7 deaths  7 best lifetime 6.921 mean 1.107 max age 59  (6.9s)
season  82 holistic     alive  60 births  1 deaths  1 best lifetime 5.597 mean 1.173 max age 59  season  82 conventional alive  60 births  7 deaths  7 best lifetime 4.394 mean 0.971 max age 59  (7.0s)
season  83 holistic     alive  60 births  4 deaths  4 best lifetime 4.865 mean 1.208 max age 59  season  83 conventional alive  60 births  5 deaths  5 best lifetime 7.525 mean 1.217 max age 58  (7.1s)
season  84 holistic     alive  60 births  4 deaths  4 best lifetime 4.218 mean 1.079 max age 58  season  84 conventional alive  60 births  5 deaths  5 best lifetime 4.941 mean 1.063 max age 59  (7.4s)
season  85 holistic     alive  60 births  3 deaths  3 best lifetime 6.896 mean 1.184 max age 59  season  85 conventional alive  60 births  7 deaths  7 best lifetime 3.903 mean 1.002 max age 59  (7.4s)
season  86 holistic     alive  60 births  3 deaths  3 best lifetime 3.904 mean 1.105 max age 58  season  86 conventional alive  60 births  8 deaths  8 best lifetime 14.605 mean 1.188 max age 59  (7.3s)
season  87 holistic     alive  60 births  4 deaths  4 best lifetime 4.904 mean 1.206 max age 59  season  87 conventional alive  60 births  7 deaths  7 best lifetime 6.955 mean 0.956 max age 58  (7.0s)
season  88 holistic     alive  60 births  3 deaths  3 best lifetime 4.258 mean 1.159 max age 56  season  88 conventional alive  60 births  9 deaths  9 best lifetime 4.408 mean 0.853 max age 59  (7.0s)
season  89 holistic     alive  60 births  3 deaths  3 best lifetime 9.907 mean 1.281 max age 57  season  89 conventional alive  60 births  7 deaths  7 best lifetime 6.475 mean 0.988 max age 57  (7.2s)
WARNING: Nan, Inf or huge value in QACC at DOF 20. The simulation is unstable. Time = 11.6350.

season  90 holistic     alive  60 births  3 deaths  3 best lifetime 4.908 mean 1.219 max age 58  season  90 conventional alive  60 births  8 deaths  8 best lifetime 22.243 mean 1.423 max age 58  (7.1s)
season  91 holistic     alive  60 births  1 deaths  1 best lifetime 7.765 mean 1.244 max age 59  season  91 conventional alive  60 births  6 deaths  6 best lifetime 10.790 mean 1.177 max age 59  (7.0s)
season  92 holistic     alive  60 births  7 deaths  7 best lifetime 3.763 mean 1.123 max age 59  season  92 conventional alive  60 births  8 deaths  8 best lifetime 7.603 mean 0.984 max age 59  (7.2s)
season  93 holistic     alive  60 births  2 deaths  2 best lifetime 15.908 mean 1.426 max age 59  season  93 conventional alive  60 births  7 deaths  7 best lifetime 19.367 mean 1.463 max age 58  (7.7s)
season  94 holistic     alive  60 births  2 deaths  2 best lifetime 10.405 mean 1.204 max age 59  season  94 conventional alive  60 births  4 deaths  4 best lifetime 13.351 mean 1.581 max age 59  (7.0s)
season  95 holistic     alive  60 births  3 deaths  3 best lifetime 9.236 mean 1.138 max age 59  season  95 conventional alive  60 births  8 deaths  8 best lifetime 8.698 mean 1.262 max age 58  (7.1s)
season  96 holistic     alive  60 births  5 deaths  5 best lifetime 6.901 mean 1.083 max age 55  season  96 conventional alive  60 births  4 deaths  4 best lifetime 9.447 mean 1.347 max age 59  (7.2s)
season  97 holistic     alive  60 births  2 deaths  2 best lifetime 5.503 mean 1.193 max age 56  season  97 conventional alive  60 births  8 deaths  8 best lifetime 7.181 mean 1.250 max age 54  (7.3s)
season  98 holistic     alive  60 births  2 deaths  2 best lifetime 4.571 mean 1.268 max age 57  season  98 conventional alive  60 births  4 deaths  4 best lifetime 6.383 mean 1.179 max age 55  (7.1s)
season  99 holistic     alive  60 births  2 deaths  2 best lifetime 3.906 mean 1.196 max age 58  season  99 conventional alive  60 births  4 deaths  4 best lifetime 5.099 mean 1.160 max age 56  (7.2s)
season 100 holistic     alive  60 births  0 deaths  0 best lifetime 3.407 mean 1.147 max age 59  season 100 conventional alive  60 births  3 deaths  3 best lifetime 4.719 mean 1.167 max age 57  (7.1s)
WARNING: Nan, Inf or huge value in QACC at DOF 30. The simulation is unstable. Time = 4.9550.

season 101 holistic     alive  60 births  2 deaths  2 best lifetime 3.466 mean 1.143 max age 58  season 101 conventional alive  60 births  4 deaths  4 best lifetime 4.543 mean 1.155 max age 58  (6.9s)
season 102 holistic     alive  60 births  4 deaths  4 best lifetime 3.206 mean 1.113 max age 59  season 102 conventional alive  60 births  4 deaths  4 best lifetime 4.321 mean 1.076 max age 59  (7.2s)
season 103 holistic     alive  60 births  2 deaths  2 best lifetime 9.806 mean 1.238 max age 59  season 103 conventional alive  60 births  5 deaths  5 best lifetime 4.431 mean 1.010 max age 59  (7.0s)
season 104 holistic     alive  60 births  1 deaths  1 best lifetime 13.765 mean 1.587 max age 57  season 104 conventional alive  60 births  4 deaths  4 best lifetime 6.571 mean 1.178 max age 55  (7.3s)
season 105 holistic     alive  60 births  2 deaths  2 best lifetime 6.787 mean 1.498 max age 58  season 105 conventional alive  60 births  2 deaths  2 best lifetime 5.311 mean 1.102 max age 56  (6.8s)
season 106 holistic     alive  60 births  2 deaths  2 best lifetime 4.804 mean 1.382 max age 59  season 106 conventional alive  60 births  4 deaths  4 best lifetime 4.651 mean 1.118 max age 57  (6.8s)
season 107 holistic     alive  60 births  1 deaths  1 best lifetime 6.804 mean 1.316 max age 42  season 107 conventional alive  60 births  6 deaths  6 best lifetime 3.647 mean 1.006 max age 58  (6.8s)
season 108 holistic     alive  60 births  1 deaths  1 best lifetime 5.639 mean 1.271 max age 43  season 108 conventional alive  60 births  4 deaths  4 best lifetime 3.966 mean 1.021 max age 59  (7.1s)
season 109 holistic     alive  60 births  1 deaths  1 best lifetime 4.805 mean 1.240 max age 44  season 109 conventional alive  60 births  4 deaths  4 best lifetime 6.399 mean 1.137 max age 59  (7.1s)
season 110 holistic     alive  60 births  1 deaths  1 best lifetime 4.180 mean 1.201 max age 45  season 110 conventional alive  60 births  2 deaths  2 best lifetime 3.433 mean 0.991 max age 58  (6.9s)
WARNING: Nan, Inf or huge value in QACC at DOF 30. The simulation is unstable. Time = 3.4700.

season 111 holistic     alive  60 births  2 deaths  2 best lifetime 3.695 mean 1.195 max age 46  season 111 conventional alive  60 births  4 deaths  4 best lifetime 3.213 mean 0.931 max age 59  (7.0s)
WARNING: Nan, Inf or huge value in QACC at DOF 14. The simulation is unstable. Time = 6.8100.

season 112 holistic     alive  60 births  1 deaths  1 best lifetime 3.306 mean 1.192 max age 47  season 112 conventional alive  60 births  4 deaths  4 best lifetime 6.521 mean 1.086 max age 59  (7.1s)
WARNING: Nan, Inf or huge value in QACC at DOF 0. The simulation is unstable. Time = 10.6750.

season 113 holistic     alive  60 births  2 deaths  2 best lifetime 2.988 mean 1.183 max age 48  season 113 conventional alive  60 births  4 deaths  4 best lifetime 8.193 mean 1.165 max age 58  (7.1s)
season 114 holistic     alive  60 births  1 deaths  1 best lifetime 2.723 mean 1.143 max age 49  season 114 conventional alive  60 births  2 deaths  2 best lifetime 6.551 mean 1.213 max age 59  (7.0s)
season 115 holistic     alive  60 births  1 deaths  1 best lifetime 24.798 mean 1.561 max age 50  season 115 conventional alive  60 births  2 deaths  2 best lifetime 4.549 mean 1.116 max age 55  (6.8s)
season 116 holistic     alive  60 births  2 deaths  2 best lifetime 12.290 mean 1.339 max age 51  season 116 conventional alive  60 births  4 deaths  4 best lifetime 4.539 mean 1.070 max age 56  (6.8s)
season 117 holistic     alive  60 births  1 deaths  1 best lifetime 8.124 mean 1.390 max age 52  season 117 conventional alive  60 births  3 deaths  3 best lifetime 3.545 mean 0.997 max age 57  (7.2s)
season 118 holistic     alive  60 births  0 deaths  0 best lifetime 6.039 mean 1.289 max age 53  season 118 conventional alive  60 births  3 deaths  3 best lifetime 3.333 mean 0.987 max age 58  (7.2s)
season 119 holistic     alive  60 births  1 deaths  1 best lifetime 4.789 mean 1.219 max age 54  season 119 conventional alive  60 births  4 deaths  4 best lifetime 3.206 mean 1.040 max age 59  (7.1s)
season 120 holistic     alive  60 births  1 deaths  1 best lifetime 8.890 mean 1.347 max age 55  season 120 conventional alive  60 births  4 deaths  4 best lifetime 6.484 mean 1.124 max age 57  (7.0s)
season 121 holistic     alive  60 births  0 deaths  0 best lifetime 4.387 mean 1.264 max age 56  season 121 conventional alive  60 births  2 deaths  2 best lifetime 3.174 mean 1.001 max age 58  (6.9s)
season 122 holistic     alive  60 births  0 deaths  0 best lifetime 3.162 mean 1.228 max age 57  season 122 conventional alive  60 births  2 deaths  2 best lifetime 2.969 mean 0.995 max age 59  (7.0s)
season 123 holistic     alive  60 births  0 deaths  0 best lifetime 2.788 mean 1.194 max age 58  season 123 conventional alive  60 births  6 deaths  6 best lifetime 2.935 mean 0.899 max age 57  (6.9s)
season 124 holistic     alive  60 births  1 deaths  1 best lifetime 2.487 mean 1.181 max age 59  season 124 conventional alive  60 births  4 deaths  4 best lifetime 2.762 mean 0.824 max age 58  (7.5s)
season 125 holistic     alive  60 births  1 deaths  1 best lifetime 2.241 mean 1.156 max age 58  season 125 conventional alive  60 births  6 deaths  6 best lifetime 5.484 mean 0.988 max age 59  (6.9s)
season 126 holistic     alive  60 births  0 deaths  0 best lifetime 2.871 mean 1.178 max age 59  season 126 conventional alive  60 births  5 deaths  5 best lifetime 5.392 mean 0.944 max age 59  (7.0s)
season 127 holistic     alive  60 births  2 deaths  2 best lifetime 2.634 mean 1.139 max age 59  season 127 conventional alive  60 births  7 deaths  7 best lifetime 4.912 mean 0.905 max age 56  (6.8s)
season 128 holistic     alive  60 births  2 deaths  2 best lifetime 3.952 mean 1.188 max age 59  season 128 conventional alive  60 births  5 deaths  5 best lifetime 3.820 mean 0.924 max age 57  (7.0s)
season 129 holistic     alive  60 births  3 deaths  3 best lifetime 2.705 mean 1.156 max age 59  season 129 conventional alive  60 births  4 deaths  4 best lifetime 3.264 mean 0.877 max age 58  (6.8s)
season 130 holistic     alive  60 births  2 deaths  2 best lifetime 2.705 mean 1.078 max age 59  season 130 conventional alive  60 births  4 deaths  4 best lifetime 2.724 mean 0.820 max age 59  (6.8s)
WARNING: Nan, Inf or huge value in QACC at DOF 10. The simulation is unstable. Time = 12.4900.

season 131 holistic     alive  60 births  3 deaths  3 best lifetime 4.821 mean 1.192 max age 59  season 131 conventional alive  60 births  6 deaths  6 best lifetime 7.189 mean 1.011 max age 59  (6.8s)
season 132 holistic     alive  60 births  2 deaths  2 best lifetime 2.955 mean 1.149 max age 59  season 132 conventional alive  60 births  4 deaths  4 best lifetime 5.282 mean 0.882 max age 59  (6.8s)
season 133 holistic     alive  60 births  3 deaths  3 best lifetime 2.931 mean 1.133 max age 59  season 133 conventional alive  60 births  5 deaths  5 best lifetime 4.134 mean 0.857 max age 59  (7.0s)
season 134 holistic     alive  60 births  4 deaths  4 best lifetime 2.323 mean 1.061 max age 59  season 134 conventional alive  60 births  6 deaths  6 best lifetime 6.458 mean 1.076 max age 59  (6.9s)
season 135 holistic     alive  60 births  4 deaths  4 best lifetime 3.177 mean 1.130 max age 59  season 135 conventional alive  60 births  5 deaths  5 best lifetime 5.574 mean 1.057 max age 58  (6.8s)
season 136 holistic     alive  60 births  4 deaths  4 best lifetime 2.698 mean 0.997 max age 59  season 136 conventional alive  60 births  7 deaths  7 best lifetime 3.578 mean 0.983 max age 59  (7.1s)
season 137 holistic     alive  60 births  5 deaths  5 best lifetime 5.815 mean 1.024 max age 59  season 137 conventional alive  60 births  6 deaths  6 best lifetime 4.015 mean 0.897 max age 58  (7.0s)
WARNING: Nan, Inf or huge value in QACC at DOF 0. The simulation is unstable. Time = 5.3650.

season 138 holistic     alive  60 births  2 deaths  2 best lifetime 8.796 mean 1.341 max age 58  season 138 conventional alive  60 births  3 deaths  3 best lifetime 5.940 mean 1.114 max age 59  (6.9s)
season 139 holistic     alive  60 births  4 deaths  4 best lifetime 5.808 mean 1.238 max age 59  season 139 conventional alive  60 births  8 deaths  8 best lifetime 11.320 mean 1.160 max age 59  (7.2s)
season 140 holistic     alive  60 births  4 deaths  4 best lifetime 12.819 mean 1.413 max age 59  season 140 conventional alive  60 births  3 deaths  3 best lifetime 8.317 mean 0.991 max age 59  (6.7s)
season 141 holistic     alive  60 births  4 deaths  4 best lifetime 6.323 mean 1.325 max age 59  season 141 conventional alive  60 births  8 deaths  8 best lifetime 6.511 mean 0.952 max age 59  (6.6s)
WARNING: Nan, Inf or huge value in QACC at DOF 37. The simulation is unstable. Time = 9.1500.

season 142 holistic     alive  60 births  2 deaths  2 best lifetime 8.837 mean 1.331 max age 58  season 142 conventional alive  60 births  3 deaths  3 best lifetime 14.431 mean 1.340 max age 57  (6.9s)
season 143 holistic     alive  60 births  3 deaths  3 best lifetime 4.838 mean 1.320 max age 59  season 143 conventional alive  60 births  6 deaths  6 best lifetime 6.965 mean 1.113 max age 58  (6.9s)
season 144 holistic     alive  60 births  4 deaths  4 best lifetime 4.196 mean 1.232 max age 58  season 144 conventional alive  60 births  5 deaths  5 best lifetime 4.482 mean 0.930 max age 59  (6.8s)
season 145 holistic     alive  60 births  1 deaths  1 best lifetime 3.661 mean 1.229 max age 59  season 145 conventional alive  60 births  8 deaths  8 best lifetime 8.804 mean 1.050 max age 58  (7.1s)
season 146 holistic     alive  60 births  3 deaths  3 best lifetime 3.244 mean 1.189 max age 59  season 146 conventional alive  60 births  5 deaths  5 best lifetime 5.672 mean 1.046 max age 59  (7.6s)
season 147 holistic     alive  60 births  3 deaths  3 best lifetime 4.506 mean 1.185 max age 59  season 147 conventional alive  60 births  7 deaths  7 best lifetime 8.415 mean 1.325 max age 59  (7.2s)
season 148 holistic     alive  60 births  2 deaths  2 best lifetime 8.923 mean 1.350 max age 58  season 148 conventional alive  60 births  6 deaths  6 best lifetime 8.553 mean 1.189 max age 59  (6.8s)
season 149 holistic     alive  60 births  2 deaths  2 best lifetime 4.425 mean 1.212 max age 59  season 149 conventional alive  60 births  6 deaths  6 best lifetime 4.082 mean 0.991 max age 57  (6.9s)
season 150 holistic     alive  60 births  1 deaths  1 best lifetime 2.950 mean 1.162 max age 59  season 150 conventional alive  60 births  4 deaths  4 best lifetime 5.491 mean 1.038 max age 58  (7.3s)
season 151 holistic     alive  60 births  3 deaths  3 best lifetime 3.640 mean 1.113 max age 59  season 151 conventional alive  60 births  7 deaths  7 best lifetime 2.841 mean 0.957 max age 59  (7.0s)
season 152 holistic     alive  60 births  4 deaths  4 best lifetime 5.022 mean 1.183 max age 57  season 152 conventional alive  60 births 10 deaths 10 best lifetime 2.621 mean 0.826 max age 59  (6.8s)
season 153 holistic     alive  60 births  1 deaths  1 best lifetime 4.590 mean 1.118 max age 58  season 153 conventional alive  60 births  5 deaths  5 best lifetime 2.820 mean 0.700 max age 59  (6.8s)
season 154 holistic     alive  60 births  2 deaths  2 best lifetime 6.694 mean 1.188 max age 59  season 154 conventional alive  60 births 13 deaths 13 best lifetime 8.275 mean 0.992 max age 58  (7.5s)
season 155 holistic     alive  60 births  4 deaths  4 best lifetime 4.054 mean 1.185 max age 59  season 155 conventional alive  60 births  6 deaths  6 best lifetime 3.768 mean 0.765 max age 59  (7.1s)
WARNING: Nan, Inf or huge value in QACC at DOF 10. The simulation is unstable. Time = 8.3000.

season 156 holistic     alive  60 births  7 deaths  7 best lifetime 3.773 mean 1.053 max age 59  season 156 conventional alive  60 births 11 deaths 11 best lifetime 4.248 mean 0.791 max age 59  (7.2s)
season 157 holistic     alive  60 births  2 deaths  2 best lifetime 3.714 mean 1.052 max age 59  season 157 conventional alive  60 births  7 deaths  7 best lifetime 2.834 mean 0.755 max age 59  (7.0s)
season 158 holistic     alive  60 births  3 deaths  3 best lifetime 4.158 mean 1.083 max age 57  season 158 conventional alive  60 births  7 deaths  7 best lifetime 4.369 mean 0.825 max age 56  (7.3s)
season 159 holistic     alive  60 births  1 deaths  1 best lifetime 3.474 mean 1.172 max age 58  season 159 conventional alive  60 births  7 deaths  7 best lifetime 6.025 mean 0.799 max age 57  (6.8s)
season 160 holistic     alive  60 births  1 deaths  1 best lifetime 3.156 mean 1.132 max age 59  season 160 conventional alive  60 births  8 deaths  8 best lifetime 5.448 mean 1.128 max age 58  (6.8s)
season 161 holistic     alive  60 births  2 deaths  2 best lifetime 6.803 mean 1.304 max age 59  season 161 conventional alive  60 births  2 deaths  2 best lifetime 3.433 mean 0.937 max age 59  (7.3s)
season 162 holistic     alive  60 births  8 deaths  8 best lifetime 5.310 mean 1.167 max age 59  season 162 conventional alive  60 births  8 deaths  8 best lifetime 4.154 mean 0.991 max age 59  (6.9s)
season 163 holistic     alive  60 births  3 deaths  3 best lifetime 4.820 mean 1.208 max age 58  season 163 conventional alive  60 births  6 deaths  6 best lifetime 10.340 mean 1.159 max age 52  (7.2s)
season 164 holistic     alive  60 births  1 deaths  1 best lifetime 4.321 mean 1.260 max age 59  season 164 conventional alive  60 births  4 deaths  4 best lifetime 4.833 mean 1.069 max age 53  (7.2s)
WARNING: Nan, Inf or huge value in QACC at DOF 34. The simulation is unstable. Time = 12.6850.

WARNING: Nan, Inf or huge value in QACC at DOF 20. The simulation is unstable. Time = 13.0100.

season 165 holistic     alive  60 births  2 deaths  2 best lifetime 4.159 mean 1.183 max age 57  season 165 conventional alive  60 births  5 deaths  5 best lifetime 4.959 mean 0.978 max age 54  (6.9s)
season 166 holistic     alive  60 births  5 deaths  5 best lifetime 3.219 mean 1.133 max age 58  season 166 conventional alive  60 births  6 deaths  6 best lifetime 3.556 mean 0.914 max age 55  (6.8s)
season 167 holistic     alive  60 births  0 deaths  0 best lifetime 4.467 mean 1.205 max age 59  season 167 conventional alive  60 births  8 deaths  8 best lifetime 4.112 mean 0.916 max age 56  (7.1s)
season 168 holistic     alive  60 births  3 deaths  3 best lifetime 4.367 mean 1.130 max age 58  season 168 conventional alive  60 births  6 deaths  6 best lifetime 3.383 mean 0.863 max age 57  (7.7s)
season 169 holistic     alive  60 births  3 deaths  3 best lifetime 7.869 mean 1.307 max age 59  season 169 conventional alive  60 births  8 deaths  8 best lifetime 9.341 mean 1.096 max age 58  (6.9s)
season 170 holistic     alive  60 births  3 deaths  3 best lifetime 4.869 mean 1.244 max age 56  season 170 conventional alive  60 births  4 deaths  4 best lifetime 9.891 mean 1.387 max age 59  (7.1s)
season 171 holistic     alive  60 births  0 deaths  0 best lifetime 7.960 mean 1.435 max age 57  season 171 conventional alive  60 births  7 deaths  7 best lifetime 6.424 mean 1.180 max age 59  (6.8s)
season 172 holistic     alive  60 births  0 deaths  0 best lifetime 5.069 mean 1.377 max age 58  season 172 conventional alive  60 births  4 deaths  4 best lifetime 5.477 mean 1.072 max age 59  (7.1s)
season 173 holistic     alive  60 births  1 deaths  1 best lifetime 4.960 mean 1.332 max age 59  season 173 conventional alive  60 births  8 deaths  8 best lifetime 3.979 mean 1.044 max age 59  (6.7s)
WARNING: Nan, Inf or huge value in QACC at DOF 23. The simulation is unstable. Time = 4.0450.

season 174 holistic     alive  60 births  1 deaths  1 best lifetime 5.034 mean 1.376 max age 58  season 174 conventional alive  60 births  3 deaths  3 best lifetime 6.537 mean 1.181 max age 57  (6.8s)
WARNING: Nan, Inf or huge value in QACC at DOF 0. The simulation is unstable. Time = 5.0650.

season 175 holistic     alive  60 births  1 deaths  1 best lifetime 4.637 mean 1.300 max age 59  season 175 conventional alive  60 births  4 deaths  4 best lifetime 3.035 mean 0.987 max age 58  (7.1s)
season 176 holistic     alive  60 births  1 deaths  1 best lifetime 4.297 mean 1.329 max age 57  season 176 conventional alive  60 births  6 deaths  6 best lifetime 3.842 mean 0.909 max age 59  (6.9s)
season 177 holistic     alive  60 births  0 deaths  0 best lifetime 4.069 mean 1.341 max age 58  season 177 conventional alive  60 births  7 deaths  7 best lifetime 6.314 mean 0.922 max age 54  (7.6s)
season 178 holistic     alive  60 births  0 deaths  0 best lifetime 3.806 mean 1.292 max age 59  season 178 conventional alive  60 births  5 deaths  5 best lifetime 2.825 mean 0.794 max age 55  (7.0s)
season 179 holistic     alive  60 births  2 deaths  2 best lifetime 3.575 mean 1.245 max age 55  season 179 conventional alive  60 births  8 deaths  8 best lifetime 10.467 mean 0.986 max age 56  (6.9s)
season 180 holistic     alive  60 births  1 deaths  1 best lifetime 3.432 mean 1.222 max age 56  season 180 conventional alive  60 births  5 deaths  5 best lifetime 12.628 mean 1.193 max age 57  (6.9s)
season 181 holistic     alive  60 births  0 deaths  0 best lifetime 3.817 mean 1.310 max age 57  season 181 conventional alive  60 births  6 deaths  6 best lifetime 11.481 mean 1.318 max age 58  (6.9s)
season 182 holistic     alive  60 births  0 deaths  0 best lifetime 3.619 mean 1.237 max age 58  season 182 conventional alive  60 births  2 deaths  2 best lifetime 15.406 mean 1.420 max age 59  (6.8s)
season 183 holistic     alive  60 births  0 deaths  0 best lifetime 3.440 mean 1.212 max age 59  season 183 conventional alive  60 births  7 deaths  7 best lifetime 7.389 mean 1.162 max age 58  (6.9s)
season 184 holistic     alive  60 births  2 deaths  2 best lifetime 3.281 mean 1.231 max age 57  season 184 conventional alive  60 births  4 deaths  4 best lifetime 9.418 mean 1.208 max age 59  (7.2s)
WARNING: Nan, Inf or huge value in QACC at DOF 20. The simulation is unstable. Time = 3.1000.

season 185 holistic     alive  60 births  0 deaths  0 best lifetime 3.133 mean 1.214 max age 58  season 185 conventional alive  60 births  9 deaths  9 best lifetime 4.835 mean 1.020 max age 59  (7.0s)
season 186 holistic     alive  60 births  0 deaths  0 best lifetime 5.932 mean 1.325 max age 59  season 186 conventional alive  60 births  7 deaths  7 best lifetime 3.946 mean 0.850 max age 58  (6.9s)
season 187 holistic     alive  60 births  1 deaths  1 best lifetime 3.933 mean 1.253 max age 59  season 187 conventional alive  60 births  7 deaths  7 best lifetime 11.296 mean 1.083 max age 59  (7.0s)
season 188 holistic     alive  60 births  1 deaths  1 best lifetime 7.754 mean 1.346 max age 59  season 188 conventional alive  60 births  6 deaths  6 best lifetime 5.399 mean 1.047 max age 55  (7.0s)
season 189 holistic     alive  60 births  1 deaths  1 best lifetime 4.911 mean 1.331 max age 59  season 189 conventional alive  60 births  6 deaths  6 best lifetime 12.572 mean 1.391 max age 56  (6.8s)
season 190 holistic     alive  60 births  1 deaths  1 best lifetime 2.862 mean 1.211 max age 59  season 190 conventional alive  60 births  4 deaths  4 best lifetime 6.004 mean 1.103 max age 57  (6.9s)
season 191 holistic     alive  60 births  1 deaths  1 best lifetime 4.932 mean 1.205 max age 59  season 191 conventional alive  60 births  3 deaths  3 best lifetime 5.866 mean 1.234 max age 58  (7.1s)
season 192 holistic     alive  60 births  2 deaths  2 best lifetime 7.986 mean 1.408 max age 58  season 192 conventional alive  60 births  3 deaths  3 best lifetime 4.271 mean 1.083 max age 59  (7.2s)
season 193 holistic     alive  60 births  1 deaths  1 best lifetime 7.972 mean 1.431 max age 59  season 193 conventional alive  60 births  4 deaths  4 best lifetime 17.433 mean 1.285 max age 58  (7.6s)
WARNING: Nan, Inf or huge value in QACC at DOF 30. The simulation is unstable. Time = 5.9450.

season 194 holistic     alive  60 births  3 deaths  3 best lifetime 3.971 mean 1.254 max age 58  season 194 conventional alive  60 births  2 deaths  2 best lifetime 8.435 mean 1.084 max age 59  (7.1s)
season 195 holistic     alive  60 births  0 deaths  0 best lifetime 4.969 mean 1.333 max age 59  season 195 conventional alive  60 births  7 deaths  7 best lifetime 5.459 mean 0.957 max age 59  (7.1s)
season 196 holistic     alive  60 births  3 deaths  3 best lifetime 3.726 mean 1.224 max age 59  season 196 conventional alive  60 births  6 deaths  6 best lifetime 4.338 mean 0.864 max age 55  (7.1s)
season 197 holistic     alive  60 births  3 deaths  3 best lifetime 3.174 mean 1.115 max age 59  season 197 conventional alive  60 births  7 deaths  7 best lifetime 5.209 mean 0.916 max age 56  (7.3s)
season 198 holistic     alive  60 births  2 deaths  2 best lifetime 3.881 mean 1.173 max age 59  season 198 conventional alive  60 births  5 deaths  5 best lifetime 4.769 mean 0.922 max age 57  (7.2s)
season 199 holistic     alive  60 births  4 deaths  4 best lifetime 3.116 mean 1.098 max age 59  season 199 conventional alive  60 births  7 deaths  7 best lifetime 7.277 mean 1.110 max age 58  (7.0s)
season 200 holistic     alive  60 births  3 deaths  3 best lifetime 5.918 mean 1.247 max age 59  season 200 conventional alive  60 births  3 deaths  3 best lifetime 8.318 mean 1.010 max age 59  (7.0s)
season 201 holistic     alive  60 births  5 deaths  5 best lifetime 3.752 mean 1.147 max age 59  season 201 conventional alive  60 births  8 deaths  8 best lifetime 9.991 mean 0.943 max age 55  (7.4s)
season 202 holistic     alive  60 births  2 deaths  2 best lifetime 3.831 mean 1.094 max age 59  season 202 conventional alive  60 births  6 deaths  6 best lifetime 8.546 mean 1.099 max age 56  (7.0s)
season 203 holistic     alive  60 births  5 deaths  5 best lifetime 5.165 mean 1.072 max age 59  season 203 conventional alive  60 births  6 deaths  6 best lifetime 8.445 mean 1.112 max age 57  (7.2s)
season 204 holistic     alive  60 births  3 deaths  3 best lifetime 4.081 mean 1.030 max age 58  season 204 conventional alive  60 births  5 deaths  5 best lifetime 7.472 mean 1.079 max age 58  (7.0s)
season 205 holistic     alive  60 births  2 deaths  2 best lifetime 3.231 mean 1.086 max age 59  season 205 conventional alive  60 births  6 deaths  6 best lifetime 5.430 mean 0.986 max age 59  (7.4s)
season 206 holistic     alive  60 births  4 deaths  4 best lifetime 6.321 mean 1.124 max age 59  season 206 conventional alive  60 births  8 deaths  8 best lifetime 15.223 mean 1.392 max age 59  (7.1s)
season 207 holistic     alive  60 births  4 deaths  4 best lifetime 4.487 mean 1.080 max age 57  season 207 conventional alive  60 births  8 deaths  8 best lifetime 7.217 mean 1.145 max age 58  (6.9s)
season 208 holistic     alive  60 births  1 deaths  1 best lifetime 3.319 mean 1.040 max age 58  season 208 conventional alive  60 births  3 deaths  3 best lifetime 11.620 mean 1.180 max age 59  (7.4s)
season 209 holistic     alive  60 births  2 deaths  2 best lifetime 3.586 mean 1.117 max age 59  season 209 conventional alive  60 births  8 deaths  8 best lifetime 7.152 mean 1.126 max age 56  (7.0s)
season 210 holistic     alive  60 births  7 deaths  7 best lifetime 3.140 mean 1.069 max age 59  season 210 conventional alive  60 births  3 deaths  3 best lifetime 4.744 mean 1.006 max age 57  (7.2s)
season 211 holistic     alive  60 births  2 deaths  2 best lifetime 2.973 mean 1.051 max age 59  season 211 conventional alive  60 births  5 deaths  5 best lifetime 8.964 mean 1.262 max age 58  (6.9s)
WARNING: Nan, Inf or huge value in QACC at DOF 23. The simulation is unstable. Time = 10.8350.

season 212 holistic     alive  60 births  2 deaths  2 best lifetime 2.823 mean 1.073 max age 59  season 212 conventional alive  60 births  5 deaths  5 best lifetime 6.648 mean 1.031 max age 59  (6.9s)
WARNING: Nan, Inf or huge value in QACC at DOF 10. The simulation is unstable. Time = 5.5900.

season 213 holistic     alive  60 births  2 deaths  2 best lifetime 2.687 mean 1.071 max age 58  season 213 conventional alive  60 births  6 deaths  6 best lifetime 7.807 mean 1.127 max age 57  (6.9s)
season 214 holistic     alive  60 births  6 deaths  6 best lifetime 2.564 mean 1.064 max age 59  season 214 conventional alive  60 births  8 deaths  8 best lifetime 14.357 mean 1.379 max age 58  (7.0s)
season 215 holistic     alive  60 births  3 deaths  3 best lifetime 8.913 mean 1.348 max age 59  season 215 conventional alive  60 births  5 deaths  5 best lifetime 6.778 mean 1.134 max age 59  (7.1s)
season 216 holistic     alive  60 births  7 deaths  7 best lifetime 5.416 mean 1.076 max age 58  season 216 conventional alive  60 births  8 deaths  8 best lifetime 4.316 mean 0.956 max age 59  (6.9s)
season 217 holistic     alive  60 births  1 deaths  1 best lifetime 4.724 mean 1.123 max age 59  season 217 conventional alive  60 births  6 deaths  6 best lifetime 3.101 mean 0.953 max age 58  (6.8s)
season 218 holistic     alive  60 births  2 deaths  2 best lifetime 3.721 mean 1.079 max age 58  season 218 conventional alive  60 births  5 deaths  5 best lifetime 4.616 mean 0.977 max age 59  (7.0s)
season 219 holistic     alive  60 births  1 deaths  1 best lifetime 6.587 mean 1.140 max age 59  season 219 conventional alive  60 births  7 deaths  7 best lifetime 3.478 mean 0.958 max age 59  (6.7s)
season 220 holistic     alive  60 births  5 deaths  5 best lifetime 3.470 mean 1.074 max age 59  season 220 conventional alive  60 births  9 deaths  9 best lifetime 3.415 mean 0.810 max age 58  (6.7s)
season 221 holistic     alive  60 births  3 deaths  3 best lifetime 4.895 mean 1.172 max age 59  season 221 conventional alive  60 births  9 deaths  9 best lifetime 8.530 mean 1.066 max age 59  (6.9s)
season 222 holistic     alive  60 births  3 deaths  3 best lifetime 4.092 mean 1.095 max age 57  season 222 conventional alive  60 births  8 deaths  8 best lifetime 4.629 mean 0.988 max age 58  (7.0s)
season 223 holistic     alive  60 births  0 deaths  0 best lifetime 4.840 mean 1.159 max age 58  season 223 conventional alive  60 births  8 deaths  8 best lifetime 10.519 mean 1.138 max age 59  (7.1s)
season 224 holistic     alive  60 births  2 deaths  2 best lifetime 5.341 mean 1.281 max age 59  season 224 conventional alive  60 births  7 deaths  7 best lifetime 5.022 mean 1.020 max age 57  (6.9s)
season 225 holistic     alive  60 births  3 deaths  3 best lifetime 5.843 mean 1.181 max age 59  season 225 conventional alive  60 births  6 deaths  6 best lifetime 7.281 mean 1.257 max age 58  (7.1s)
season 226 holistic     alive  60 births  2 deaths  2 best lifetime 7.962 mean 1.288 max age 58  season 226 conventional alive  60 births  2 deaths  2 best lifetime 5.329 mean 1.116 max age 59  (7.2s)
season 227 holistic     alive  60 births  3 deaths  3 best lifetime 4.128 mean 1.232 max age 59  season 227 conventional alive  60 births  8 deaths  8 best lifetime 7.286 mean 1.053 max age 59  (7.2s)
season 228 holistic     alive  60 births  2 deaths  2 best lifetime 3.594 mean 1.126 max age 59  season 228 conventional alive  60 births  6 deaths  6 best lifetime 12.398 mean 1.238 max age 58  (7.1s)
season 229 holistic     alive  60 births  2 deaths  2 best lifetime 3.993 mean 1.167 max age 59  season 229 conventional alive  60 births  6 deaths  6 best lifetime 8.493 mean 1.266 max age 59  (7.2s)
season 230 holistic     alive  60 births  7 deaths  7 best lifetime 3.842 mean 1.112 max age 57  season 230 conventional alive  60 births  7 deaths  7 best lifetime 3.998 mean 1.124 max age 57  (7.1s)
season 231 holistic     alive  60 births  0 deaths  0 best lifetime 6.980 mean 1.354 max age 58  season 231 conventional alive  60 births  2 deaths  2 best lifetime 11.383 mean 1.249 max age 58  (7.2s)
WARNING: Nan, Inf or huge value in QACC at DOF 10. The simulation is unstable. Time = 7.8300.

season 232 holistic     alive  60 births  1 deaths  1 best lifetime 5.469 mean 1.261 max age 59  season 232 conventional alive  60 births  4 deaths  4 best lifetime 5.380 mean 1.048 max age 59  (7.3s)
season 233 holistic     alive  60 births  4 deaths  4 best lifetime 3.899 mean 1.228 max age 59  season 233 conventional alive  60 births  5 deaths  5 best lifetime 4.710 mean 1.031 max age 57  (7.0s)
WARNING: Nan, Inf or huge value in QACC at DOF 10. The simulation is unstable. Time = 5.5650.

season 234 holistic     alive  60 births  2 deaths  2 best lifetime 12.789 mean 1.550 max age 55  season 234 conventional alive  60 births  2 deaths  2 best lifetime 5.628 mean 1.128 max age 58  (7.3s)
season 235 holistic     alive  60 births  1 deaths  1 best lifetime 7.893 mean 1.525 max age 56  season 235 conventional alive  60 births  4 deaths  4 best lifetime 3.808 mean 1.142 max age 59  (7.3s)
season 236 holistic     alive  60 births  3 deaths  3 best lifetime 4.996 mean 1.444 max age 57  season 236 conventional alive  60 births  3 deaths  3 best lifetime 6.237 mean 1.102 max age 57  (6.9s)
season 237 holistic     alive  60 births  0 deaths  0 best lifetime 5.556 mean 1.394 max age 58  season 237 conventional alive  60 births  3 deaths  3 best lifetime 4.556 mean 1.077 max age 58  (6.8s)
season 238 holistic     alive  60 births  1 deaths  1 best lifetime 4.138 mean 1.319 max age 59  season 238 conventional alive  60 births  5 deaths  5 best lifetime 5.654 mean 1.151 max age 59  (7.2s)
WARNING: Nan, Inf or huge value in QACC at DOF 30. The simulation is unstable. Time = 8.0250.

season 239 holistic     alive  60 births  2 deaths  2 best lifetime 3.636 mean 1.243 max age 55  season 239 conventional alive  60 births  3 deaths  3 best lifetime 3.461 mean 1.120 max age 59  (6.9s)
WARNING: Nan, Inf or huge value in QACC at DOF 10. The simulation is unstable. Time = 1.3600.

season 240 holistic     alive  60 births  2 deaths  2 best lifetime 3.269 mean 1.259 max age 56  season 240 conventional alive  60 births  3 deaths  3 best lifetime 3.103 mean 1.020 max age 59  (6.8s)
season 241 holistic     alive  60 births  0 deaths  0 best lifetime 3.060 mean 1.214 max age 57  season 241 conventional alive  60 births  6 deaths  6 best lifetime 2.663 mean 0.984 max age 56  (7.2s)
season 242 holistic     alive  60 births  0 deaths  0 best lifetime 3.273 mean 1.238 max age 58  season 242 conventional alive  60 births  4 deaths  4 best lifetime 12.347 mean 1.093 max age 57  (7.0s)
season 243 holistic     alive  60 births  2 deaths  2 best lifetime 2.662 mean 1.218 max age 59  season 243 conventional alive  60 births  3 deaths  3 best lifetime 5.858 mean 1.054 max age 58  (6.9s)
WARNING: Nan, Inf or huge value in QACC at DOF 3. The simulation is unstable. Time = 4.1250.

season 244 holistic     alive  60 births  3 deaths  3 best lifetime 2.470 mean 1.147 max age 57  season 244 conventional alive  60 births  4 deaths  4 best lifetime 3.732 mean 0.975 max age 59  (6.9s)
season 245 holistic     alive  60 births  2 deaths  2 best lifetime 2.382 mean 1.167 max age 58  season 245 conventional alive  60 births  5 deaths  5 best lifetime 3.671 mean 0.988 max age 57  (6.9s)
WARNING: Nan, Inf or huge value in QACC at DOF 30. The simulation is unstable. Time = 12.9400.

season 246 holistic     alive  60 births  1 deaths  1 best lifetime 7.935 mean 1.345 max age 59  season 246 conventional alive  60 births  3 deaths  3 best lifetime 2.809 mean 1.052 max age 58  (6.8s)
season 247 holistic     alive  60 births  2 deaths  2 best lifetime 6.933 mean 1.364 max age 59  season 247 conventional alive  60 births  2 deaths  2 best lifetime 3.068 mean 0.988 max age 59  (6.9s)
season 248 holistic     alive  60 births  3 deaths  3 best lifetime 3.438 mean 1.236 max age 58  season 248 conventional alive  60 births  5 deaths  5 best lifetime 2.539 mean 0.889 max age 59  (6.9s)
season 249 holistic     alive  60 births  0 deaths  0 best lifetime 5.273 mean 1.320 max age 59  season 249 conventional alive  60 births  5 deaths  5 best lifetime 3.642 mean 0.959 max age 57  (7.0s)
season 250 holistic     alive  60 births  2 deaths  2 best lifetime 3.938 mean 1.232 max age 59  season 250 conventional alive  60 births  2 deaths  2 best lifetime 11.530 mean 1.045 max age 58  (7.1s)
season 251 holistic     alive  60 births  2 deaths  2 best lifetime 5.538 mean 1.305 max age 59  season 251 conventional alive  60 births  7 deaths  7 best lifetime 5.524 mean 0.935 max age 59  (7.0s)
WARNING: Nan, Inf or huge value in QACC at DOF 10. The simulation is unstable. Time = 3.9200.

season 252 holistic     alive  60 births  3 deaths  3 best lifetime 4.605 mean 1.211 max age 58  season 252 conventional alive  60 births  5 deaths  5 best lifetime 6.495 mean 0.990 max age 55  (7.0s)
season 253 holistic     alive  60 births  0 deaths  0 best lifetime 10.775 mean 1.404 max age 59  season 253 conventional alive  60 births  3 deaths  3 best lifetime 8.292 mean 1.067 max age 56  (6.9s)
season 254 holistic     alive  60 births  2 deaths  2 best lifetime 5.271 mean 1.285 max age 58  season 254 conventional alive  60 births  5 deaths  5 best lifetime 6.695 mean 1.142 max age 57  (6.7s)
season 255 holistic     alive  60 births  0 deaths  0 best lifetime 4.902 mean 1.358 max age 59  season 255 conventional alive  60 births  2 deaths  2 best lifetime 3.234 mean 1.017 max age 58  (6.7s)
season 256 holistic     alive  60 births  2 deaths  2 best lifetime 3.238 mean 1.224 max age 59  season 256 conventional alive  60 births  5 deaths  5 best lifetime 2.666 mean 1.012 max age 59  (6.6s)
season 257 holistic     alive  60 births  1 deaths  1 best lifetime 3.041 mean 1.218 max age 59  season 257 conventional alive  60 births  4 deaths  4 best lifetime 2.459 mean 0.894 max age 59  (6.7s)
season 258 holistic     alive  60 births  3 deaths  3 best lifetime 7.618 mean 1.363 max age 59  season 258 conventional alive  60 births  5 deaths  5 best lifetime 2.712 mean 0.917 max age 57  (6.6s)
season 259 holistic     alive  60 births  2 deaths  2 best lifetime 5.623 mean 1.281 max age 59  season 259 conventional alive  60 births  3 deaths  3 best lifetime 3.761 mean 0.924 max age 58  (6.8s)
season 260 holistic     alive  60 births  2 deaths  2 best lifetime 3.654 mean 1.304 max age 58  season 260 conventional alive  60 births  3 deaths  3 best lifetime 3.416 mean 0.956 max age 59  (6.9s)
season 261 holistic     alive  60 births  1 deaths  1 best lifetime 4.971 mean 1.375 max age 59  season 261 conventional alive  60 births  6 deaths  6 best lifetime 5.747 mean 0.865 max age 57  (6.9s)
season 262 holistic     alive  60 births  2 deaths  2 best lifetime 3.502 mean 1.264 max age 59  season 262 conventional alive  60 births  3 deaths  3 best lifetime 17.588 mean 1.190 max age 58  (6.8s)
season 263 holistic     alive  60 births  3 deaths  3 best lifetime 3.292 mean 1.208 max age 59  season 263 conventional alive  60 births  3 deaths  3 best lifetime 8.532 mean 1.172 max age 59  (6.9s)
season 264 holistic     alive  60 births  3 deaths  3 best lifetime 3.955 mean 1.303 max age 58  season 264 conventional alive  60 births  2 deaths  2 best lifetime 5.570 mean 1.047 max age 59  (6.8s)
season 265 holistic     alive  60 births  1 deaths  1 best lifetime 3.253 mean 1.238 max age 59  season 265 conventional alive  60 births  4 deaths  4 best lifetime 4.102 mean 0.903 max age 58  (7.0s)
season 266 holistic     alive  60 births  4 deaths  4 best lifetime 5.893 mean 1.327 max age 59  season 266 conventional alive  60 births  2 deaths  2 best lifetime 3.381 mean 0.889 max age 59  (6.8s)
season 267 holistic     alive  60 births  1 deaths  1 best lifetime 5.560 mean 1.284 max age 57  season 267 conventional alive  60 births  7 deaths  7 best lifetime 3.606 mean 0.895 max age 59  (6.8s)
season 268 holistic     alive  60 births  1 deaths  1 best lifetime 9.823 mean 1.418 max age 58  season 268 conventional alive  60 births  3 deaths  3 best lifetime 3.003 mean 0.860 max age 59  (6.8s)
season 269 holistic     alive  60 births  2 deaths  2 best lifetime 8.817 mean 1.447 max age 59  season 269 conventional alive  60 births  6 deaths  6 best lifetime 2.587 mean 0.828 max age 58  (7.1s)
season 270 holistic     alive  60 births  2 deaths  2 best lifetime 7.150 mean 1.408 max age 59  season 270 conventional alive  60 births  5 deaths  5 best lifetime 4.815 mean 0.810 max age 59  (6.8s)
WARNING: Nan, Inf or huge value in QACC at DOF 32. The simulation is unstable. Time = 0.5250.

WARNING: Nan, Inf or huge value in QACC at DOF 30. The simulation is unstable. Time = 6.2200.

season 271 holistic     alive  60 births  2 deaths  2 best lifetime 5.320 mean 1.318 max age 57  season 271 conventional alive  60 births  6 deaths  6 best lifetime 6.946 mean 0.913 max age 58  (6.7s)
season 272 holistic     alive  60 births  2 deaths  2 best lifetime 5.973 mean 1.380 max age 58  season 272 conventional alive  60 births  4 deaths  4 best lifetime 5.777 mean 1.084 max age 59  (6.6s)
season 273 holistic     alive  60 births  0 deaths  0 best lifetime 4.752 mean 1.392 max age 59  season 273 conventional alive  60 births  9 deaths  9 best lifetime 3.491 mean 0.889 max age 59  (6.9s)
season 274 holistic     alive  60 births  4 deaths  4 best lifetime 5.393 mean 1.336 max age 59  season 274 conventional alive  60 births  6 deaths  6 best lifetime 8.474 mean 1.112 max age 57  (6.8s)
WARNING: Nan, Inf or huge value in QACC at DOF 10. The simulation is unstable. Time = 5.8900.

season 275 holistic     alive  60 births  5 deaths  5 best lifetime 4.821 mean 1.243 max age 59  season 275 conventional alive  60 births  3 deaths  3 best lifetime 7.668 mean 1.238 max age 58  (6.5s)
season 276 holistic     alive  60 births  3 deaths  3 best lifetime 13.845 mean 1.430 max age 58  season 276 conventional alive  60 births  7 deaths  7 best lifetime 4.804 mean 1.058 max age 59  (6.7s)
season 277 holistic     alive  60 births  0 deaths  0 best lifetime 6.843 mean 1.398 max age 59  season 277 conventional alive  60 births  4 deaths  4 best lifetime 7.494 mean 1.262 max age 57  (6.7s)
WARNING: Nan, Inf or huge value in QACC at DOF 31. The simulation is unstable. Time = 3.4350.

season 278 holistic     alive  60 births  4 deaths  4 best lifetime 4.821 mean 1.406 max age 58  season 278 conventional alive  60 births  4 deaths  4 best lifetime 4.878 mean 1.211 max age 58  (6.7s)
WARNING: Nan, Inf or huge value in QACC at DOF 10. The simulation is unstable. Time = 1.9800.

season 279 holistic     alive  60 births  0 deaths  0 best lifetime 5.718 mean 1.476 max age 59  season 279 conventional alive  60 births  2 deaths  2 best lifetime 4.708 mean 1.250 max age 59  (6.7s)
season 280 holistic     alive  60 births  4 deaths  4 best lifetime 4.640 mean 1.404 max age 59  season 280 conventional alive  60 births  3 deaths  3 best lifetime 3.829 mean 1.159 max age 58  (6.7s)
season 281 holistic     alive  60 births  2 deaths  2 best lifetime 11.738 mean 1.549 max age 59  season 281 conventional alive  60 births  2 deaths  2 best lifetime 9.349 mean 1.246 max age 59  (6.5s)
season 282 holistic     alive  60 births  3 deaths  3 best lifetime 5.742 mean 1.373 max age 57  season 282 conventional alive  60 births  3 deaths  3 best lifetime 5.355 mean 1.115 max age 59  (6.8s)
season 283 holistic     alive  60 births  0 deaths  0 best lifetime 4.743 mean 1.340 max age 58  season 283 conventional alive  60 births  5 deaths  5 best lifetime 4.681 mean 1.122 max age 59  (7.3s)
season 284 holistic     alive  60 births  3 deaths  3 best lifetime 3.939 mean 1.298 max age 59  season 284 conventional alive  60 births  6 deaths  6 best lifetime 2.609 mean 0.967 max age 57  (6.8s)
season 285 holistic     alive  60 births  3 deaths  3 best lifetime 4.138 mean 1.243 max age 58  season 285 conventional alive  60 births  4 deaths  4 best lifetime 8.512 mean 1.059 max age 58  (7.0s)
WARNING: Nan, Inf or huge value in QACC at DOF 13. The simulation is unstable. Time = 1.5500.

season 286 holistic     alive  60 births  2 deaths  2 best lifetime 4.885 mean 1.330 max age 59  season 286 conventional alive  60 births  5 deaths  5 best lifetime 7.511 mean 1.018 max age 59  (6.8s)
season 287 holistic     alive  60 births  2 deaths  2 best lifetime 3.420 mean 1.222 max age 58  season 287 conventional alive  60 births  4 deaths  4 best lifetime 4.843 mean 0.917 max age 59  (6.8s)
season 288 holistic     alive  60 births  2 deaths  2 best lifetime 3.161 mean 1.201 max age 59  season 288 conventional alive  60 births  4 deaths  4 best lifetime 5.457 mean 1.016 max age 59  (7.0s)
season 289 holistic     alive  60 births  3 deaths  3 best lifetime 3.010 mean 1.138 max age 59  season 289 conventional alive  60 births  6 deaths  6 best lifetime 5.647 mean 1.176 max age 59  (7.0s)
season 290 holistic     alive  60 births  6 deaths  6 best lifetime 2.969 mean 1.077 max age 58  season 290 conventional alive  60 births  4 deaths  4 best lifetime 4.123 mean 1.022 max age 58  (6.6s)
season 291 holistic     alive  60 births  1 deaths  1 best lifetime 14.985 mean 1.392 max age 59  season 291 conventional alive  60 births  6 deaths  6 best lifetime 2.601 mean 0.984 max age 59  (6.7s)
WARNING: Nan, Inf or huge value in QACC at DOF 14. The simulation is unstable. Time = 5.1550.

season 292 holistic     alive  60 births  2 deaths  2 best lifetime 7.485 mean 1.329 max age 59  season 292 conventional alive  60 births  5 deaths  5 best lifetime 2.109 mean 0.932 max age 59  (6.8s)
WARNING: Nan, Inf or huge value in QACC at DOF 17. The simulation is unstable. Time = 4.0500.

season 293 holistic     alive  60 births  4 deaths  4 best lifetime 5.414 mean 1.292 max age 59  season 293 conventional alive  60 births  8 deaths  8 best lifetime 5.483 mean 1.067 max age 59  (6.8s)
WARNING: Nan, Inf or huge value in QACC at DOF 23. The simulation is unstable. Time = 5.8650.

WARNING: Nan, Inf or huge value in QACC at DOF 30. The simulation is unstable. Time = 13.1100.

season 294 holistic     alive  60 births  3 deaths  3 best lifetime 4.864 mean 1.276 max age 54  season 294 conventional alive  60 births  6 deaths  6 best lifetime 7.685 mean 1.078 max age 57  (6.6s)
season 295 holistic     alive  60 births  0 deaths  0 best lifetime 11.864 mean 1.444 max age 55  season 295 conventional alive  60 births  3 deaths  3 best lifetime 7.720 mean 1.162 max age 58  (6.6s)
season 296 holistic     alive  60 births  1 deaths  1 best lifetime 5.868 mean 1.373 max age 56  season 296 conventional alive  60 births  5 deaths  5 best lifetime 7.663 mean 1.217 max age 59  (6.7s)
season 297 holistic     alive  60 births  1 deaths  1 best lifetime 4.198 mean 1.296 max age 57  season 297 conventional alive  60 births  4 deaths  4 best lifetime 5.003 mean 1.144 max age 59  (6.5s)
season 298 holistic     alive  60 births  1 deaths  1 best lifetime 3.305 mean 1.235 max age 58  season 298 conventional alive  60 births  6 deaths  6 best lifetime 3.651 mean 1.060 max age 57  (6.5s)
season 299 holistic     alive  60 births  0 deaths  0 best lifetime 4.468 mean 1.241 max age 59  season 299 conventional alive  60 births  6 deaths  6 best lifetime 9.471 mean 1.232 max age 58  (6.7s)
season 300 holistic     alive  60 births  5 deaths  5 best lifetime 3.702 mean 1.184 max age 57  season 300 conventional alive  60 births  3 deaths  3 best lifetime 4.484 mean 1.069 max age 59  (6.7s)
season 301 holistic     alive  60 births  1 deaths  1 best lifetime 3.154 mean 1.181 max age 58  season 301 conventional alive  60 births  9 deaths  9 best lifetime 3.164 mean 0.952 max age 59  (6.7s)
season 302 holistic     alive  60 births  3 deaths  3 best lifetime 2.957 mean 1.186 max age 59  season 302 conventional alive  60 births  5 deaths  5 best lifetime 3.603 mean 1.058 max age 57  (6.7s)
season 303 holistic     alive  60 births  2 deaths  2 best lifetime 3.973 mean 1.249 max age 59  season 303 conventional alive  60 births  4 deaths  4 best lifetime 12.473 mean 1.300 max age 58  (6.8s)
season 304 holistic     alive  60 births  3 deaths  3 best lifetime 3.142 mean 1.174 max age 59  season 304 conventional alive  60 births  5 deaths  5 best lifetime 7.691 mean 1.352 max age 59  (6.7s)
season 305 holistic     alive  60 births  2 deaths  2 best lifetime 7.959 mean 1.269 max age 59  season 305 conventional alive  60 births  4 deaths  4 best lifetime 5.818 mean 1.228 max age 58  (6.7s)
season 306 holistic     alive  60 births  3 deaths  3 best lifetime 5.392 mean 1.240 max age 59  season 306 conventional alive  60 births  5 deaths  5 best lifetime 4.358 mean 1.196 max age 59  (6.8s)
season 307 holistic     alive  60 births  4 deaths  4 best lifetime 3.556 mean 1.198 max age 57  season 307 conventional alive  60 births  7 deaths  7 best lifetime 5.191 mean 1.085 max age 56  (6.6s)
season 308 holistic     alive  60 births  1 deaths  1 best lifetime 6.890 mean 1.293 max age 58  season 308 conventional alive  60 births  3 deaths  3 best lifetime 5.501 mean 1.048 max age 57  (6.7s)
season 309 holistic     alive  60 births  2 deaths  2 best lifetime 6.821 mean 1.331 max age 59  season 309 conventional alive  60 births  4 deaths  4 best lifetime 5.852 mean 1.276 max age 58  (6.6s)
WARNING: Nan, Inf or huge value in QACC at DOF 10. The simulation is unstable. Time = 6.1150.

WARNING: Nan, Inf or huge value in QACC at DOF 20. The simulation is unstable. Time = 11.9300.

season 310 holistic     alive  60 births  4 deaths  4 best lifetime 4.485 mean 1.226 max age 58  season 310 conventional alive  60 births  0 deaths  0 best lifetime 4.135 mean 1.204 max age 59  (6.7s)
season 311 holistic     alive  60 births  1 deaths  1 best lifetime 4.941 mean 1.502 max age 59  season 311 conventional alive  60 births  7 deaths  7 best lifetime 7.125 mean 1.262 max age 59  (6.7s)
season 312 holistic     alive  60 births  2 deaths  2 best lifetime 3.926 mean 1.484 max age 58  season 312 conventional alive  60 births  2 deaths  2 best lifetime 8.317 mean 1.283 max age 59  (6.6s)
WARNING: Nan, Inf or huge value in QACC at DOF 10. The simulation is unstable. Time = 4.9500.

season 313 holistic     alive  60 births  1 deaths  1 best lifetime 3.120 mean 1.403 max age 59  season 313 conventional alive  60 births  6 deaths  6 best lifetime 9.310 mean 1.401 max age 56  (6.5s)
season 314 holistic     alive  60 births  4 deaths  4 best lifetime 3.419 mean 1.303 max age 57  season 314 conventional alive  60 births  0 deaths  0 best lifetime 4.846 mean 1.287 max age 57  (6.7s)
season 315 holistic     alive  60 births  0 deaths  0 best lifetime 2.918 mean 1.270 max age 58  season 315 conventional alive  60 births  3 deaths  3 best lifetime 3.999 mean 1.207 max age 58  (6.6s)
season 316 holistic     alive  60 births  1 deaths  1 best lifetime 2.632 mean 1.270 max age 59  season 316 conventional alive  60 births  3 deaths  3 best lifetime 3.690 mean 1.146 max age 59  (6.8s)
season 317 holistic     alive  60 births  2 deaths  2 best lifetime 2.835 mean 1.254 max age 59  season 317 conventional alive  60 births  4 deaths  4 best lifetime 3.635 mean 1.177 max age 56  (7.0s)
WARNING: Nan, Inf or huge value in QACC at DOF 20. The simulation is unstable. Time = 11.2000.

season 318 holistic     alive  60 births  3 deaths  3 best lifetime 7.950 mean 1.376 max age 58  season 318 conventional alive  60 births  2 deaths  2 best lifetime 7.567 mean 1.252 max age 57  (6.8s)
WARNING: Nan, Inf or huge value in QACC at DOF 25. The simulation is unstable. Time = 4.9850.

season 319 holistic     alive  60 births  0 deaths  0 best lifetime 5.946 mean 1.360 max age 59  season 319 conventional alive  60 births  3 deaths  3 best lifetime 6.686 mean 1.236 max age 58  (6.8s)
season 320 holistic     alive  60 births  1 deaths  1 best lifetime 3.947 mean 1.277 max age 57  season 320 conventional alive  60 births  2 deaths  2 best lifetime 6.090 mean 1.314 max age 59  (6.9s)
season 321 holistic     alive  60 births  1 deaths  1 best lifetime 2.944 mean 1.250 max age 58  season 321 conventional alive  60 births  2 deaths  2 best lifetime 3.510 mean 1.142 max age 58  (6.7s)
season 322 holistic     alive  60 births  2 deaths  2 best lifetime 2.597 mean 1.240 max age 59  season 322 conventional alive  60 births  5 deaths  5 best lifetime 5.334 mean 1.187 max age 59  (6.7s)
season 323 holistic     alive  60 births  3 deaths  3 best lifetime 5.883 mean 1.319 max age 59  season 323 conventional alive  60 births  3 deaths  3 best lifetime 4.435 mean 1.169 max age 58  (6.8s)
WARNING: Nan, Inf or huge value in QACC at DOF 14. The simulation is unstable. Time = 3.0050.

season 324 holistic     alive  60 births  3 deaths  3 best lifetime 3.390 mean 1.351 max age 59  season 324 conventional alive  60 births  2 deaths  2 best lifetime 3.078 mean 1.210 max age 59  (6.8s)
season 325 holistic     alive  60 births  1 deaths  1 best lifetime 2.471 mean 1.283 max age 59  season 325 conventional alive  60 births  4 deaths  4 best lifetime 2.899 mean 1.111 max age 58  (6.8s)
season 326 holistic     alive  60 births  2 deaths  2 best lifetime 2.426 mean 1.184 max age 59  season 326 conventional alive  60 births  2 deaths  2 best lifetime 6.735 mean 1.213 max age 59  (6.9s)
season 327 holistic     alive  60 births  2 deaths  2 best lifetime 5.948 mean 1.262 max age 58  season 327 conventional alive  60 births  5 deaths  5 best lifetime 9.526 mean 1.258 max age 58  (7.1s)
season 328 holistic     alive  60 births  1 deaths  1 best lifetime 2.928 mean 1.221 max age 59  season 328 conventional alive  60 births  0 deaths  0 best lifetime 7.561 mean 1.361 max age 59  (6.9s)
season 329 holistic     alive  60 births  1 deaths  1 best lifetime 4.241 mean 1.262 max age 59  season 329 conventional alive  60 births  3 deaths  3 best lifetime 3.560 mean 1.175 max age 58  (6.9s)
season 330 holistic     alive  60 births  2 deaths  2 best lifetime 2.740 mean 1.193 max age 59  season 330 conventional alive  60 births  1 deaths  1 best lifetime 3.252 mean 1.082 max age 59  (6.8s)
WARNING: Nan, Inf or huge value in QACC at DOF 9. The simulation is unstable. Time = 6.7000.

season 331 holistic     alive  60 births  1 deaths  1 best lifetime 2.551 mean 1.156 max age 59  season 331 conventional alive  60 births  5 deaths  5 best lifetime 3.507 mean 1.050 max age 58  (6.9s)
season 332 holistic     alive  60 births  3 deaths  3 best lifetime 2.448 mean 1.145 max age 58  season 332 conventional alive  60 births  4 deaths  4 best lifetime 3.263 mean 1.043 max age 59  (7.0s)
WARNING: Nan, Inf or huge value in QACC at DOF 11. The simulation is unstable. Time = 11.1550.

season 333 holistic     alive  60 births  1 deaths  1 best lifetime 2.405 mean 1.131 max age 59  season 333 conventional alive  60 births  7 deaths  7 best lifetime 3.050 mean 0.983 max age 59  (6.7s)
WARNING: Nan, Inf or huge value in QACC at DOF 10. The simulation is unstable. Time = 5.2600.

season 334 holistic     alive  60 births  4 deaths  4 best lifetime 2.363 mean 1.084 max age 59  season 334 conventional alive  60 births  3 deaths  3 best lifetime 11.539 mean 1.120 max age 58  (6.7s)
season 335 holistic     alive  60 births  5 deaths  5 best lifetime 2.619 mean 1.040 max age 57  season 335 conventional alive  60 births  3 deaths  3 best lifetime 13.035 mean 1.272 max age 59  (6.6s)
season 336 holistic     alive  60 births  2 deaths  2 best lifetime 3.936 mean 1.110 max age 58  season 336 conventional alive  60 births  8 deaths  8 best lifetime 8.543 mean 1.096 max age 59  (6.9s)
season 337 holistic     alive  60 births  3 deaths  3 best lifetime 2.603 mean 1.086 max age 59  season 337 conventional alive  60 births  7 deaths  7 best lifetime 6.282 mean 0.951 max age 59  (6.7s)
season 338 holistic     alive  60 births  1 deaths  1 best lifetime 4.189 mean 1.190 max age 58  season 338 conventional alive  60 births  5 deaths  5 best lifetime 4.935 mean 1.048 max age 59  (6.7s)
season 339 holistic     alive  60 births  1 deaths  1 best lifetime 4.489 mean 1.250 max age 59  season 339 conventional alive  60 births  7 deaths  7 best lifetime 6.687 mean 1.342 max age 59  (7.1s)
WARNING: Nan, Inf or huge value in QACC at DOF 20. The simulation is unstable. Time = 12.5750.

season 340 holistic     alive  60 births  4 deaths  4 best lifetime 5.540 mean 1.227 max age 59  season 340 conventional alive  60 births  3 deaths  3 best lifetime 3.415 mean 1.129 max age 58  (6.8s)
WARNING: Nan, Inf or huge value in QACC at DOF 20. The simulation is unstable. Time = 14.7150.

season 341 holistic     alive  60 births  3 deaths  3 best lifetime 6.855 mean 1.276 max age 57  season 341 conventional alive  60 births  6 deaths  6 best lifetime 3.211 mean 1.079 max age 59  (7.1s)
season 342 holistic     alive  60 births  1 deaths  1 best lifetime 4.248 mean 1.168 max age 58  season 342 conventional alive  60 births  7 deaths  7 best lifetime 4.211 mean 1.001 max age 58  (6.7s)
season 343 holistic     alive  60 births  4 deaths  4 best lifetime 3.810 mean 1.155 max age 59  season 343 conventional alive  60 births  5 deaths  5 best lifetime 3.416 mean 1.019 max age 59  (6.9s)
season 344 holistic     alive  60 births  4 deaths  4 best lifetime 4.977 mean 1.186 max age 59  season 344 conventional alive  60 births  8 deaths  8 best lifetime 14.622 mean 1.240 max age 58  (6.8s)
WARNING: Nan, Inf or huge value in QACC at DOF 13. The simulation is unstable. Time = 2.1700.

season 345 holistic     alive  60 births  3 deaths  3 best lifetime 3.397 mean 1.118 max age 59  season 345 conventional alive  60 births  5 deaths  5 best lifetime 7.104 mean 1.049 max age 59  (6.9s)
season 346 holistic     alive  60 births  1 deaths  1 best lifetime 3.064 mean 1.098 max age 57  season 346 conventional alive  60 births  5 deaths  5 best lifetime 4.598 mean 1.062 max age 58  (6.8s)
season 347 holistic     alive  60 births  4 deaths  4 best lifetime 2.954 mean 1.078 max age 58  season 347 conventional alive  60 births  4 deaths  4 best lifetime 6.859 mean 1.052 max age 59  (6.8s)
season 348 holistic     alive  60 births  3 deaths  3 best lifetime 8.839 mean 1.223 max age 59  season 348 conventional alive  60 births  6 deaths  6 best lifetime 5.417 mean 1.109 max age 58  (6.6s)
season 349 holistic     alive  60 births  7 deaths  7 best lifetime 4.338 mean 1.121 max age 59  season 349 conventional alive  60 births  2 deaths  2 best lifetime 8.370 mean 1.223 max age 59  (6.9s)
season 350 holistic     alive  60 births  4 deaths  4 best lifetime 4.971 mean 1.225 max age 59  season 350 conventional alive  60 births  6 deaths  6 best lifetime 4.319 mean 1.080 max age 58  (6.8s)
season 351 holistic     alive  60 births  4 deaths  4 best lifetime 3.587 mean 1.110 max age 58  season 351 conventional alive  60 births  3 deaths  3 best lifetime 4.379 mean 1.069 max age 59  (6.8s)
WARNING: Nan, Inf or huge value in QACC at DOF 20. The simulation is unstable. Time = 8.8250.

season 352 holistic     alive  60 births  1 deaths  1 best lifetime 7.970 mean 1.425 max age 59  season 352 conventional alive  60 births  5 deaths  5 best lifetime 3.081 mean 1.078 max age 59  (6.9s)
season 353 holistic     alive  60 births  4 deaths  4 best lifetime 4.712 mean 1.273 max age 59  season 353 conventional alive  60 births  4 deaths  4 best lifetime 3.469 mean 1.069 max age 59  (6.9s)
season 354 holistic     alive  60 births  5 deaths  5 best lifetime 3.762 mean 1.134 max age 54  season 354 conventional alive  60 births  4 deaths  4 best lifetime 6.454 mean 1.081 max age 58  (6.9s)
season 355 holistic     alive  60 births  2 deaths  2 best lifetime 3.961 mean 1.180 max age 55  season 355 conventional alive  60 births  4 deaths  4 best lifetime 2.953 mean 0.996 max age 59  (6.8s)
season 356 holistic     alive  60 births  2 deaths  2 best lifetime 5.603 mean 1.330 max age 56  season 356 conventional alive  60 births  1 deaths  1 best lifetime 4.128 mean 1.153 max age 58  (6.6s)
season 357 holistic     alive  60 births  4 deaths  4 best lifetime 6.890 mean 1.442 max age 57  season 357 conventional alive  60 births  3 deaths  3 best lifetime 4.052 mean 1.104 max age 59  (6.6s)
season 358 holistic     alive  60 births  2 deaths  2 best lifetime 6.993 mean 1.547 max age 58  season 358 conventional alive  60 births  4 deaths  4 best lifetime 3.253 mean 0.947 max age 59  (6.7s)
season 359 holistic     alive  60 births  2 deaths  2 best lifetime 4.021 mean 1.438 max age 59  season 359 conventional alive  60 births  4 deaths  4 best lifetime 5.840 mean 1.140 max age 58  (6.5s)
season 360 holistic     alive  60 births  1 deaths  1 best lifetime 5.887 mean 1.512 max age 59  season 360 conventional alive  60 births  3 deaths  3 best lifetime 9.402 mean 1.139 max age 59  (6.9s)
WARNING: Nan, Inf or huge value in QACC at DOF 10. The simulation is unstable. Time = 4.0250.

season 361 holistic     alive  60 births  3 deaths  3 best lifetime 5.878 mean 1.497 max age 59  season 361 conventional alive  60 births  6 deaths  6 best lifetime 6.090 mean 1.017 max age 59  (6.6s)
season 362 holistic     alive  60 births  3 deaths  3 best lifetime 4.042 mean 1.339 max age 58  season 362 conventional alive  60 births  5 deaths  5 best lifetime 4.437 mean 0.916 max age 55  (6.7s)
season 363 holistic     alive  60 births  0 deaths  0 best lifetime 3.649 mean 1.310 max age 59  season 363 conventional alive  60 births  6 deaths  6 best lifetime 14.258 mean 1.228 max age 56  (6.7s)
season 364 holistic     alive  60 births  3 deaths  3 best lifetime 11.837 mean 1.479 max age 58  season 364 conventional alive  60 births  2 deaths  2 best lifetime 10.441 mean 1.245 max age 57  (6.8s)
season 365 holistic     alive  60 births  2 deaths  2 best lifetime 9.841 mean 1.377 max age 59  season 365 conventional alive  60 births  4 deaths  4 best lifetime 6.951 mean 1.145 max age 58  (6.8s)
season 366 holistic     alive  60 births  2 deaths  2 best lifetime 7.340 mean 1.383 max age 59  season 366 conventional alive  60 births  2 deaths  2 best lifetime 5.783 mean 1.243 max age 59  (6.8s)
season 367 holistic     alive  60 births  3 deaths  3 best lifetime 6.039 mean 1.307 max age 59  season 367 conventional alive  60 births  9 deaths  9 best lifetime 4.483 mean 1.055 max age 59  (6.9s)
season 368 holistic     alive  60 births  3 deaths  3 best lifetime 5.005 mean 1.219 max age 59  season 368 conventional alive  60 births  3 deaths  3 best lifetime 4.390 mean 1.072 max age 59  (6.8s)
season 369 holistic     alive  60 births  3 deaths  3 best lifetime 4.268 mean 1.241 max age 59  season 369 conventional alive  60 births  6 deaths  6 best lifetime 4.051 mean 1.000 max age 58  (6.8s)
season 370 holistic     alive  60 births  2 deaths  2 best lifetime 6.957 mean 1.444 max age 59  season 370 conventional alive  60 births  3 deaths  3 best lifetime 4.672 mean 1.019 max age 59  (6.7s)
season 371 holistic     alive  60 births  2 deaths  2 best lifetime 4.061 mean 1.379 max age 59  season 371 conventional alive  60 births  7 deaths  7 best lifetime 3.546 mean 1.001 max age 56  (6.8s)
season 372 holistic     alive  60 births  4 deaths  4 best lifetime 3.958 mean 1.406 max age 56  season 372 conventional alive  60 births  4 deaths  4 best lifetime 3.255 mean 0.880 max age 57  (6.9s)
season 373 holistic     alive  60 births  1 deaths  1 best lifetime 3.565 mean 1.310 max age 57  season 373 conventional alive  60 births  4 deaths  4 best lifetime 11.604 mean 1.141 max age 58  (6.7s)
WARNING: Nan, Inf or huge value in QACC at DOF 34. The simulation is unstable. Time = 9.0800.

season 374 holistic     alive  60 births  3 deaths  3 best lifetime 3.253 mean 1.325 max age 58  season 374 conventional alive  60 births  5 deaths  5 best lifetime 7.608 mean 1.201 max age 59  (6.7s)
season 375 holistic     alive  60 births  1 deaths  1 best lifetime 3.291 mean 1.321 max age 59  season 375 conventional alive  60 births  5 deaths  5 best lifetime 6.127 mean 1.060 max age 58  (6.7s)
season 376 holistic     alive  60 births  4 deaths  4 best lifetime 4.951 mean 1.341 max age 59  season 376 conventional alive  60 births  2 deaths  2 best lifetime 4.823 mean 0.969 max age 59  (6.8s)
season 377 holistic     alive  60 births  2 deaths  2 best lifetime 4.983 mean 1.393 max age 59  season 377 conventional alive  60 births  6 deaths  6 best lifetime 3.958 mean 1.038 max age 55  (6.6s)
season 378 holistic     alive  60 births  3 deaths  3 best lifetime 4.284 mean 1.306 max age 56  season 378 conventional alive  60 births  0 deaths  0 best lifetime 3.341 mean 0.979 max age 56  (6.6s)
WARNING: Nan, Inf or huge value in QACC at DOF 33. The simulation is unstable. Time = 6.2400.

WARNING: Nan, Inf or huge value in QACC at DOF 1. The simulation is unstable. Time = 5.8900.

season 379 holistic     alive  60 births  2 deaths  2 best lifetime 3.201 mean 1.322 max age 57  season 379 conventional alive  60 births  8 deaths  8 best lifetime 2.881 mean 0.951 max age 57  (6.8s)
season 380 holistic     alive  60 births  2 deaths  2 best lifetime 3.951 mean 1.339 max age 58  season 380 conventional alive  60 births  2 deaths  2 best lifetime 9.512 mean 1.140 max age 58  (6.9s)
WARNING: Nan, Inf or huge value in QACC at DOF 20. The simulation is unstable. Time = 11.7050.

WARNING: Nan, Inf or huge value in QACC at DOF 10. The simulation is unstable. Time = 2.5300.

WARNING: Nan, Inf or huge value in QACC at DOF 10. The simulation is unstable. Time = 11.0350.

season 381 holistic     alive  60 births  1 deaths  1 best lifetime 5.934 mean 1.376 max age 59  season 381 conventional alive  60 births  2 deaths  2 best lifetime 7.271 mean 1.198 max age 59  (6.6s)
season 382 holistic     alive  60 births  4 deaths  4 best lifetime 4.455 mean 1.310 max age 59  season 382 conventional alive  60 births  5 deaths  5 best lifetime 3.312 mean 1.052 max age 59  (6.8s)
season 383 holistic     alive  60 births  2 deaths  2 best lifetime 3.151 mean 1.233 max age 59  season 383 conventional alive  60 births  3 deaths  3 best lifetime 3.890 mean 0.992 max age 58  (6.6s)
season 384 holistic     alive  60 births  1 deaths  1 best lifetime 8.878 mean 1.397 max age 59  season 384 conventional alive  60 births  7 deaths  7 best lifetime 6.437 mean 1.086 max age 59  (6.6s)
season 385 holistic     alive  60 births  2 deaths  2 best lifetime 4.374 mean 1.252 max age 59  season 385 conventional alive  60 births  3 deaths  3 best lifetime 6.463 mean 1.031 max age 59  (6.6s)
WARNING: Nan, Inf or huge value in QACC at DOF 0. The simulation is unstable. Time = 3.9700.

WARNING: Nan, Inf or huge value in QACC at DOF 3. The simulation is unstable. Time = 7.8000.

season 386 holistic     alive  60 births  6 deaths  6 best lifetime 3.879 mean 1.204 max age 59  season 386 conventional alive  60 births  4 deaths  4 best lifetime 3.022 mean 1.030 max age 53  (6.9s)
season 387 holistic     alive  60 births  1 deaths  1 best lifetime 2.951 mean 1.228 max age 55  season 387 conventional alive  60 births  2 deaths  2 best lifetime 3.643 mean 1.064 max age 54  (6.8s)
season 388 holistic     alive  60 births  1 deaths  1 best lifetime 13.787 mean 1.414 max age 56  season 388 conventional alive  60 births  5 deaths  5 best lifetime 3.857 mean 1.030 max age 55  (6.8s)
season 389 holistic     alive  60 births  4 deaths  4 best lifetime 6.792 mean 1.398 max age 57  season 389 conventional alive  60 births  3 deaths  3 best lifetime 10.369 mean 1.151 max age 56  (6.7s)
season 390 holistic     alive  60 births  0 deaths  0 best lifetime 4.458 mean 1.306 max age 58  season 390 conventional alive  60 births  6 deaths  6 best lifetime 7.297 mean 1.162 max age 57  (6.6s)
season 391 holistic     alive  60 births  1 deaths  1 best lifetime 3.892 mean 1.310 max age 59  season 391 conventional alive  60 births  2 deaths  2 best lifetime 3.333 mean 1.060 max age 58  (6.6s)
season 392 holistic     alive  60 births  1 deaths  1 best lifetime 2.892 mean 1.292 max age 58  season 392 conventional alive  60 births  3 deaths  3 best lifetime 3.369 mean 1.067 max age 59  (6.7s)
season 393 holistic     alive  60 births  1 deaths  1 best lifetime 2.929 mean 1.241 max age 59  season 393 conventional alive  60 births  6 deaths  6 best lifetime 3.782 mean 1.004 max age 59  (6.6s)
season 394 holistic     alive  60 births  1 deaths  1 best lifetime 2.995 mean 1.247 max age 59  season 394 conventional alive  60 births  3 deaths  3 best lifetime 3.047 mean 0.895 max age 58  (6.8s)
season 395 holistic     alive  60 births  3 deaths  3 best lifetime 2.930 mean 1.206 max age 59  season 395 conventional alive  60 births  5 deaths  5 best lifetime 2.591 mean 0.869 max age 59  (6.4s)
season 396 holistic     alive  60 births  1 deaths  1 best lifetime 11.890 mean 1.349 max age 59  season 396 conventional alive  60 births  9 deaths  9 best lifetime 4.274 mean 0.899 max age 59  (6.8s)
season 397 holistic     alive  60 births  2 deaths  2 best lifetime 5.890 mean 1.271 max age 57  season 397 conventional alive  60 births  6 deaths  6 best lifetime 6.580 mean 1.082 max age 59  (6.5s)
season 398 holistic     alive  60 births  1 deaths  1 best lifetime 3.896 mean 1.211 max age 58  season 398 conventional alive  60 births 11 deaths 11 best lifetime 3.093 mean 0.930 max age 56  (6.7s)
season 399 holistic     alive  60 births  2 deaths  2 best lifetime 3.898 mean 1.184 max age 59  season 399 conventional alive  60 births  3 deaths  3 best lifetime 10.243 mean 1.203 max age 57  (6.6s)
season 400 holistic     alive  60 births  1 deaths  1 best lifetime 3.096 mean 1.226 max age 57  season 400 conventional alive  60 births  8 deaths  8 best lifetime 4.969 mean 1.166 max age 58  (6.7s)
season 401 holistic     alive  60 births  1 deaths  1 best lifetime 2.896 mean 1.198 max age 58  season 401 conventional alive  60 births  5 deaths  5 best lifetime 11.334 mean 1.226 max age 59  (6.7s)
season 402 holistic     alive  60 births  2 deaths  2 best lifetime 3.025 mean 1.218 max age 59  season 402 conventional alive  60 births  6 deaths  6 best lifetime 8.319 mean 1.347 max age 59  (6.5s)
season 403 holistic     alive  60 births  2 deaths  2 best lifetime 2.969 mean 1.210 max age 59  season 403 conventional alive  60 births  3 deaths  3 best lifetime 6.514 mean 1.254 max age 59  (6.3s)
season 404 holistic     alive  60 births  2 deaths  2 best lifetime 2.987 mean 1.173 max age 57  season 404 conventional alive  60 births  6 deaths  6 best lifetime 5.359 mean 1.208 max age 59  (6.6s)
season 405 holistic     alive  60 births  0 deaths  0 best lifetime 3.214 mean 1.191 max age 58  season 405 conventional alive  60 births  6 deaths  6 best lifetime 5.011 mean 1.035 max age 59  (6.6s)
season 406 holistic     alive  60 births  1 deaths  1 best lifetime 3.158 mean 1.197 max age 59  season 406 conventional alive  60 births  6 deaths  6 best lifetime 4.293 mean 1.066 max age 58  (6.5s)
season 407 holistic     alive  60 births  4 deaths  4 best lifetime 3.121 mean 1.259 max age 59  season 407 conventional alive  60 births  4 deaths  4 best lifetime 7.275 mean 1.304 max age 59  (6.4s)
season 408 holistic     alive  60 births  2 deaths  2 best lifetime 2.380 mean 1.193 max age 59  season 408 conventional alive  60 births  7 deaths  7 best lifetime 4.600 mean 1.124 max age 55  (6.5s)
season 409 holistic     alive  60 births  4 deaths  4 best lifetime 2.327 mean 1.103 max age 58  season 409 conventional alive  60 births  4 deaths  4 best lifetime 3.563 mean 1.064 max age 56  (6.5s)
season 410 holistic     alive  60 births  1 deaths  1 best lifetime 2.877 mean 1.157 max age 59  season 410 conventional alive  60 births  4 deaths  4 best lifetime 3.201 mean 0.983 max age 57  (6.6s)
season 411 holistic     alive  60 births  4 deaths  4 best lifetime 2.585 mean 1.108 max age 58  season 411 conventional alive  60 births  4 deaths  4 best lifetime 9.693 mean 1.145 max age 58  (6.6s)
season 412 holistic     alive  60 births  1 deaths  1 best lifetime 2.806 mean 1.138 max age 59  season 412 conventional alive  60 births  3 deaths  3 best lifetime 4.691 mean 1.018 max age 59  (6.5s)
season 413 holistic     alive  60 births  4 deaths  4 best lifetime 3.134 mean 1.120 max age 59  season 413 conventional alive  60 births  5 deaths  5 best lifetime 3.696 mean 1.133 max age 59  (6.5s)
season 414 holistic     alive  60 births  4 deaths  4 best lifetime 2.654 mean 1.133 max age 59  season 414 conventional alive  60 births  3 deaths  3 best lifetime 5.214 mean 1.089 max age 57  (6.5s)
season 415 holistic     alive  60 births  3 deaths  3 best lifetime 7.410 mean 1.216 max age 59  season 415 conventional alive  60 births  3 deaths  3 best lifetime 3.781 mean 1.079 max age 58  (6.3s)
season 416 holistic     alive  60 births  1 deaths  1 best lifetime 4.908 mean 1.158 max age 59  season 416 conventional alive  60 births  8 deaths  8 best lifetime 3.357 mean 1.100 max age 59  (6.5s)
season 417 holistic     alive  60 births  4 deaths  4 best lifetime 3.911 mean 1.079 max age 59  season 417 conventional alive  60 births  5 deaths  5 best lifetime 3.069 mean 1.049 max age 59  (6.4s)
WARNING: Nan, Inf or huge value in QACC at DOF 0. The simulation is unstable. Time = 3.5950.

season 418 holistic     alive  60 births  5 deaths  5 best lifetime 4.709 mean 1.102 max age 59  season 418 conventional alive  60 births  6 deaths  6 best lifetime 3.819 mean 1.043 max age 57  (6.4s)
season 419 holistic     alive  60 births  3 deaths  3 best lifetime 5.894 mean 1.258 max age 59  season 419 conventional alive  60 births  4 deaths  4 best lifetime 4.390 mean 1.133 max age 58  (6.5s)
season 420 holistic     alive  60 births  2 deaths  2 best lifetime 4.392 mean 1.141 max age 59  season 420 conventional alive  60 births  3 deaths  3 best lifetime 3.193 mean 1.076 max age 59  (6.2s)
season 421 holistic     alive  60 births  1 deaths  1 best lifetime 3.922 mean 1.275 max age 59  season 421 conventional alive  60 births  3 deaths  3 best lifetime 8.319 mean 1.293 max age 59  (6.3s)
WARNING: Nan, Inf or huge value in QACC at DOF 0. The simulation is unstable. Time = 3.3100.

season 422 holistic     alive  60 births  2 deaths  2 best lifetime 3.059 mean 1.244 max age 58  season 422 conventional alive  60 births  3 deaths  3 best lifetime 3.819 mean 1.075 max age 59  (6.4s)
season 423 holistic     alive  60 births  0 deaths  0 best lifetime 3.464 mean 1.232 max age 59  season 423 conventional alive  60 births  6 deaths  6 best lifetime 2.770 mean 1.023 max age 56  (6.3s)
season 424 holistic     alive  60 births  2 deaths  2 best lifetime 3.093 mean 1.208 max age 59  season 424 conventional alive  60 births  4 deaths  4 best lifetime 2.431 mean 0.962 max age 57  (6.2s)
season 425 holistic     alive  60 births  3 deaths  3 best lifetime 3.003 mean 1.242 max age 58  season 425 conventional alive  60 births  5 deaths  5 best lifetime 2.523 mean 1.007 max age 58  (6.5s)
season 426 holistic     alive  60 births  1 deaths  1 best lifetime 3.847 mean 1.307 max age 59  season 426 conventional alive  60 births  1 deaths  1 best lifetime 3.341 mean 1.069 max age 59  (6.4s)
season 427 holistic     alive  60 births  3 deaths  3 best lifetime 4.823 mean 1.290 max age 59  season 427 conventional alive  60 births  4 deaths  4 best lifetime 4.368 mean 1.043 max age 59  (6.3s)
season 428 holistic     alive  60 births  3 deaths  3 best lifetime 4.822 mean 1.204 max age 59  season 428 conventional alive  60 births  2 deaths  2 best lifetime 3.288 mean 0.966 max age 57  (6.5s)
season 429 holistic     alive  60 births  5 deaths  5 best lifetime 3.299 mean 1.129 max age 59  season 429 conventional alive  60 births  4 deaths  4 best lifetime 4.778 mean 1.112 max age 58  (6.4s)
season 430 holistic     alive  60 births  4 deaths  4 best lifetime 8.792 mean 1.258 max age 57  season 430 conventional alive  60 births  2 deaths  2 best lifetime 3.106 mean 1.067 max age 59  (6.6s)
season 431 holistic     alive  60 births  2 deaths  2 best lifetime 5.293 mean 1.151 max age 58  season 431 conventional alive  60 births  5 deaths  5 best lifetime 2.884 mean 0.972 max age 59  (6.4s)
season 432 holistic     alive  60 births  2 deaths  2 best lifetime 4.291 mean 1.263 max age 59  season 432 conventional alive  60 births  4 deaths  4 best lifetime 4.227 mean 1.045 max age 53  (6.2s)
WARNING: Nan, Inf or huge value in QACC at DOF 3. The simulation is unstable. Time = 4.2650.

season 433 holistic     alive  60 births  2 deaths  2 best lifetime 3.089 mean 1.208 max age 58  season 433 conventional alive  60 births  5 deaths  5 best lifetime 2.282 mean 0.947 max age 54  (6.3s)
season 434 holistic     alive  60 births  2 deaths  2 best lifetime 3.854 mean 1.190 max age 59  season 434 conventional alive  60 births  4 deaths  4 best lifetime 8.384 mean 1.112 max age 55  (6.3s)
season 435 holistic     alive  60 births  4 deaths  4 best lifetime 2.740 mean 1.092 max age 57  season 435 conventional alive  60 births  3 deaths  3 best lifetime 4.393 mean 1.046 max age 56  (6.5s)
season 436 holistic     alive  60 births  1 deaths  1 best lifetime 3.932 mean 1.123 max age 58  season 436 conventional alive  60 births  2 deaths  2 best lifetime 3.467 mean 1.062 max age 57  (6.4s)
WARNING: Nan, Inf or huge value in QACC at DOF 30. The simulation is unstable. Time = 7.1600.

season 437 holistic     alive  60 births  2 deaths  2 best lifetime 3.055 mean 1.136 max age 59  season 437 conventional alive  60 births  3 deaths  3 best lifetime 2.744 mean 1.034 max age 58  (6.5s)
season 438 holistic     alive  60 births  3 deaths  3 best lifetime 2.868 mean 1.079 max age 58  season 438 conventional alive  60 births  1 deaths  1 best lifetime 15.221 mean 1.226 max age 59  (6.4s)
season 439 holistic     alive  60 births  1 deaths  1 best lifetime 2.884 mean 1.141 max age 59  season 439 conventional alive  60 births  5 deaths  5 best lifetime 7.171 mean 1.053 max age 58  (6.7s)
season 440 holistic     alive  60 births  6 deaths  6 best lifetime 5.310 mean 1.169 max age 57  season 440 conventional alive  60 births  2 deaths  2 best lifetime 4.524 mean 1.018 max age 59  (6.4s)
season 441 holistic     alive  60 births  1 deaths  1 best lifetime 8.843 mean 1.329 max age 58  season 441 conventional alive  60 births  5 deaths  5 best lifetime 4.690 mean 1.051 max age 59  (6.5s)
WARNING: Nan, Inf or huge value in QACC at DOF 30. The simulation is unstable. Time = 10.5750.

season 442 holistic     alive  60 births  1 deaths  1 best lifetime 4.349 mean 1.205 max age 59  season 442 conventional alive  60 births  4 deaths  4 best lifetime 5.676 mean 1.018 max age 59  (6.3s)
WARNING: Nan, Inf or huge value in QACC at DOF 10. The simulation is unstable. Time = 7.0750.

season 443 holistic     alive  60 births  2 deaths  2 best lifetime 3.010 mean 1.141 max age 57  season 443 conventional alive  60 births  5 deaths  5 best lifetime 3.507 mean 0.879 max age 59  (6.4s)
season 444 holistic     alive  60 births  4 deaths  4 best lifetime 2.661 mean 1.110 max age 58  season 444 conventional alive  60 births  9 deaths  9 best lifetime 2.990 mean 0.870 max age 56  (6.3s)
season 445 holistic     alive  60 births  1 deaths  1 best lifetime 2.383 mean 1.095 max age 59  season 445 conventional alive  60 births  6 deaths  6 best lifetime 2.725 mean 0.838 max age 57  (6.4s)
season 446 holistic     alive  60 births  3 deaths  3 best lifetime 2.156 mean 1.022 max age 59  season 446 conventional alive  60 births  6 deaths  6 best lifetime 6.480 mean 1.065 max age 58  (6.4s)
season 447 holistic     alive  60 births  3 deaths  3 best lifetime 4.819 mean 1.114 max age 59  season 447 conventional alive  60 births  2 deaths  2 best lifetime 4.355 mean 1.071 max age 59  (6.4s)
WARNING: Nan, Inf or huge value in QACC at DOF 10. The simulation is unstable. Time = 9.4550.

season 448 holistic     alive  60 births  3 deaths  3 best lifetime 3.823 mean 1.091 max age 59  season 448 conventional alive  60 births  5 deaths  5 best lifetime 7.837 mean 1.232 max age 58  (6.4s)
season 449 holistic     alive  60 births  2 deaths  2 best lifetime 5.491 mean 1.128 max age 58  season 449 conventional alive  60 births  2 deaths  2 best lifetime 6.464 mean 1.252 max age 59  (6.6s)
season 450 holistic     alive  60 births  1 deaths  1 best lifetime 4.075 mean 1.244 max age 59  season 450 conventional alive  60 births  5 deaths  5 best lifetime 4.509 mean 1.153 max age 59  (6.4s)
WARNING: Nan, Inf or huge value in QACC at DOF 0. The simulation is unstable. Time = 3.3200.

season 451 holistic     alive  60 births  2 deaths  2 best lifetime 4.832 mean 1.192 max age 59  season 451 conventional alive  60 births  4 deaths  4 best lifetime 4.509 mean 1.238 max age 57  (6.3s)
season 452 holistic     alive  60 births  4 deaths  4 best lifetime 4.118 mean 1.160 max age 58  season 452 conventional alive  60 births  3 deaths  3 best lifetime 5.395 mean 1.224 max age 58  (6.3s)
WARNING: Nan, Inf or huge value in QACC at DOF 21. The simulation is unstable. Time = 4.8950.

season 453 holistic     alive  60 births  1 deaths  1 best lifetime 4.864 mean 1.293 max age 59  season 453 conventional alive  60 births  2 deaths  2 best lifetime 5.438 mean 1.180 max age 59  (6.4s)
season 454 holistic     alive  60 births  2 deaths  2 best lifetime 4.054 mean 1.184 max age 59  season 454 conventional alive  60 births  2 deaths  2 best lifetime 3.440 mean 1.132 max age 59  (6.8s)
season 455 holistic     alive  60 births  6 deaths  6 best lifetime 3.632 mean 1.123 max age 58  season 455 conventional alive  60 births  4 deaths  4 best lifetime 3.745 mean 1.143 max age 59  (6.6s)
season 456 holistic     alive  60 births  2 deaths  2 best lifetime 6.931 mean 1.370 max age 59  season 456 conventional alive  60 births  4 deaths  4 best lifetime 3.374 mean 1.024 max age 59  (6.5s)
season 457 holistic     alive  60 births  1 deaths  1 best lifetime 6.431 mean 1.370 max age 59  season 457 conventional alive  60 births  2 deaths  2 best lifetime 3.442 mean 1.130 max age 59  (6.7s)
season 458 holistic     alive  60 births  2 deaths  2 best lifetime 4.595 mean 1.233 max age 59  season 458 conventional alive  60 births  5 deaths  5 best lifetime 3.933 mean 1.034 max age 57  (6.5s)
season 459 holistic     alive  60 births  5 deaths  5 best lifetime 3.760 mean 1.154 max age 58  season 459 conventional alive  60 births  3 deaths  3 best lifetime 3.300 mean 0.973 max age 58  (6.6s)
season 460 holistic     alive  60 births  0 deaths  0 best lifetime 3.765 mean 1.226 max age 59  season 460 conventional alive  60 births  5 deaths  5 best lifetime 3.065 mean 0.934 max age 59  (6.4s)
season 461 holistic     alive  60 births  2 deaths  2 best lifetime 3.881 mean 1.241 max age 57  season 461 conventional alive  60 births  5 deaths  5 best lifetime 4.367 mean 0.972 max age 59  (6.5s)
season 462 holistic     alive  60 births  2 deaths  2 best lifetime 3.303 mean 1.234 max age 58  season 462 conventional alive  60 births  5 deaths  5 best lifetime 12.394 mean 1.213 max age 57  (6.5s)
season 463 holistic     alive  60 births  1 deaths  1 best lifetime 3.885 mean 1.201 max age 59  season 463 conventional alive  60 births  3 deaths  3 best lifetime 8.880 mean 1.175 max age 58  (6.4s)
season 464 holistic     alive  60 births  1 deaths  1 best lifetime 3.306 mean 1.217 max age 58  season 464 conventional alive  60 births  3 deaths  3 best lifetime 6.719 mean 1.124 max age 59  (6.4s)
season 465 holistic     alive  60 births  2 deaths  2 best lifetime 3.132 mean 1.184 max age 59  season 465 conventional alive  60 births  5 deaths  5 best lifetime 7.044 mean 1.148 max age 59  (6.4s)
WARNING: Nan, Inf or huge value in QACC at DOF 30. The simulation is unstable. Time = 14.9300.

season 466 holistic     alive  60 births  1 deaths  1 best lifetime 3.871 mean 1.215 max age 59  season 466 conventional alive  60 births  3 deaths  3 best lifetime 4.797 mean 1.142 max age 56  (6.6s)
season 467 holistic     alive  60 births  4 deaths  4 best lifetime 2.886 mean 1.129 max age 56  season 467 conventional alive  60 births  5 deaths  5 best lifetime 4.733 mean 1.100 max age 57  (6.5s)
season 468 holistic     alive  60 births  2 deaths  2 best lifetime 3.329 mean 1.193 max age 57  season 468 conventional alive  60 births  3 deaths  3 best lifetime 10.538 mean 1.269 max age 58  (6.7s)
WARNING: Nan, Inf or huge value in QACC at DOF 13. The simulation is unstable. Time = 3.4750.

season 469 holistic     alive  60 births  0 deaths  0 best lifetime 2.763 mean 1.147 max age 58  season 469 conventional alive  60 births  1 deaths  1 best lifetime 7.028 mean 1.163 max age 59  (6.7s)
season 470 holistic     alive  60 births  0 deaths  0 best lifetime 2.815 mean 1.216 max age 59  season 470 conventional alive  60 births  5 deaths  5 best lifetime 4.529 mean 1.077 max age 59  (6.5s)
WARNING: Nan, Inf or huge value in QACC at DOF 0. The simulation is unstable. Time = 2.9900.

season 471 holistic     alive  60 births  3 deaths  3 best lifetime 3.309 mean 1.200 max age 59  season 471 conventional alive  60 births  3 deaths  3 best lifetime 6.484 mean 1.222 max age 59  (6.6s)
WARNING: Nan, Inf or huge value in QACC at DOF 30. The simulation is unstable. Time = 4.7150.

season 472 holistic     alive  60 births  2 deaths  2 best lifetime 3.345 mean 1.167 max age 59  season 472 conventional alive  60 births  8 deaths  8 best lifetime 4.919 mean 1.140 max age 59  (6.5s)
season 473 holistic     alive  60 births  2 deaths  2 best lifetime 3.330 mean 1.153 max age 59  season 473 conventional alive  60 births  4 deaths  4 best lifetime 4.337 mean 1.175 max age 55  (6.6s)
season 474 holistic     alive  60 births  1 deaths  1 best lifetime 6.798 mean 1.221 max age 59  season 474 conventional alive  60 births  3 deaths  3 best lifetime 3.286 mean 1.034 max age 56  (6.4s)
season 475 holistic     alive  60 births  3 deaths  3 best lifetime 3.305 mean 1.156 max age 59  season 475 conventional alive  60 births  5 deaths  5 best lifetime 3.622 mean 1.059 max age 57  (6.4s)
season 476 holistic     alive  60 births  4 deaths  4 best lifetime 4.141 mean 1.133 max age 59  season 476 conventional alive  60 births  3 deaths  3 best lifetime 8.544 mean 1.140 max age 58  (6.3s)
season 477 holistic     alive  60 births  4 deaths  4 best lifetime 5.945 mean 1.271 max age 59  season 477 conventional alive  60 births  3 deaths  3 best lifetime 5.428 mean 1.119 max age 59  (6.4s)
season 478 holistic     alive  60 births  4 deaths  4 best lifetime 7.807 mean 1.259 max age 59  season 478 conventional alive  60 births  7 deaths  7 best lifetime 4.506 mean 1.097 max age 58  (6.7s)
season 479 holistic     alive  60 births  3 deaths  3 best lifetime 3.874 mean 1.207 max age 59  season 479 conventional alive  60 births  1 deaths  1 best lifetime 9.346 mean 1.320 max age 59  (6.5s)
season 480 holistic     alive  60 births  4 deaths  4 best lifetime 6.471 mean 1.125 max age 59  season 480 conventional alive  60 births  9 deaths  9 best lifetime 9.704 mean 1.227 max age 58  (6.5s)
season 481 holistic     alive  60 births  2 deaths  2 best lifetime 4.805 mean 1.194 max age 57  season 481 conventional alive  60 births  4 deaths  4 best lifetime 8.881 mean 1.228 max age 59  (6.7s)
season 482 holistic     alive  60 births  2 deaths  2 best lifetime 3.923 mean 1.328 max age 58  season 482 conventional alive  60 births  5 deaths  5 best lifetime 6.446 mean 1.257 max age 59  (6.5s)
season 483 holistic     alive  60 births  1 deaths  1 best lifetime 3.137 mean 1.289 max age 59  season 483 conventional alive  60 births  3 deaths  3 best lifetime 5.005 mean 1.096 max age 58  (6.8s)
WARNING: Nan, Inf or huge value in QACC at DOF 30. The simulation is unstable. Time = 4.6200.

WARNING: Nan, Inf or huge value in QACC at DOF 30. The simulation is unstable. Time = 12.8850.

season 484 holistic     alive  60 births  4 deaths  4 best lifetime 3.947 mean 1.261 max age 58  season 484 conventional alive  60 births  5 deaths  5 best lifetime 4.043 mean 1.075 max age 59  (6.4s)
season 485 holistic     alive  60 births  0 deaths  0 best lifetime 4.959 mean 1.326 max age 59  season 485 conventional alive  60 births  6 deaths  6 best lifetime 7.692 mean 1.229 max age 57  (6.6s)
season 486 holistic     alive  60 births  2 deaths  2 best lifetime 3.804 mean 1.292 max age 58  season 486 conventional alive  60 births  3 deaths  3 best lifetime 5.571 mean 1.147 max age 58  (6.6s)
season 487 holistic     alive  60 births  2 deaths  2 best lifetime 4.105 mean 1.248 max age 59  season 487 conventional alive  60 births  3 deaths  3 best lifetime 5.560 mean 1.130 max age 59  (6.8s)
season 488 holistic     alive  60 births  3 deaths  3 best lifetime 3.713 mean 1.233 max age 59  season 488 conventional alive  60 births  3 deaths  3 best lifetime 10.536 mean 1.388 max age 57  (7.0s)
season 489 holistic     alive  60 births  3 deaths  3 best lifetime 3.387 mean 1.213 max age 59  season 489 conventional alive  60 births  1 deaths  1 best lifetime 11.622 mean 1.437 max age 58  (6.6s)
WARNING: Nan, Inf or huge value in QACC at DOF 3. The simulation is unstable. Time = 4.3500.

season 490 holistic     alive  60 births  2 deaths  2 best lifetime 3.112 mean 1.232 max age 58  season 490 conventional alive  60 births  1 deaths  1 best lifetime 7.437 mean 1.335 max age 59  (6.8s)
season 491 holistic     alive  60 births  2 deaths  2 best lifetime 2.876 mean 1.272 max age 59  season 491 conventional alive  60 births  2 deaths  2 best lifetime 4.771 mean 1.238 max age 59  (6.6s)
season 492 holistic     alive  60 births  2 deaths  2 best lifetime 3.931 mean 1.414 max age 58  season 492 conventional alive  60 births  2 deaths  2 best lifetime 5.667 mean 1.201 max age 57  (6.6s)
season 493 holistic     alive  60 births  1 deaths  1 best lifetime 2.848 mean 1.332 max age 59  season 493 conventional alive  60 births  1 deaths  1 best lifetime 4.398 mean 1.225 max age 58  (6.6s)
season 494 holistic     alive  60 births  1 deaths  1 best lifetime 5.950 mean 1.366 max age 59  season 494 conventional alive  60 births  2 deaths  2 best lifetime 3.729 mean 1.123 max age 59  (6.5s)
season 495 holistic     alive  60 births  2 deaths  2 best lifetime 2.950 mean 1.347 max age 58  season 495 conventional alive  60 births  2 deaths  2 best lifetime 3.625 mean 1.145 max age 58  (6.6s)
season 496 holistic     alive  60 births  1 deaths  1 best lifetime 4.094 mean 1.400 max age 59  season 496 conventional alive  60 births  2 deaths  2 best lifetime 3.106 mean 1.080 max age 59  (6.6s)
WARNING: Nan, Inf or huge value in QACC at DOF 20. The simulation is unstable. Time = 10.3650.

season 497 holistic     alive  60 births  1 deaths  1 best lifetime 3.244 mean 1.304 max age 59  season 497 conventional alive  60 births  2 deaths  2 best lifetime 2.874 mean 0.999 max age 58  (6.7s)
season 498 holistic     alive  60 births  2 deaths  2 best lifetime 2.950 mean 1.253 max age 59  season 498 conventional alive  60 births  3 deaths  3 best lifetime 2.597 mean 0.974 max age 59  (6.7s)
season 499 holistic     alive  60 births  3 deaths  3 best lifetime 7.834 mean 1.426 max age 59  season 499 conventional alive  60 births  4 deaths  4 best lifetime 4.446 mean 0.992 max age 58  (6.4s)
WARNING: Nan, Inf or huge value in QACC at DOF 3. The simulation is unstable. Time = 3.2400.

WARNING: Nan, Inf or huge value in QACC at DOF 30. The simulation is unstable. Time = 5.4850.

season 500 holistic     alive  60 births  2 deaths  2 best lifetime 4.831 mean 1.303 max age 57  season 500 conventional alive  60 births  3 deaths  3 best lifetime 4.533 mean 1.040 max age 59  (6.7s)
season 501 holistic     alive  60 births  3 deaths  3 best lifetime 3.164 mean 1.263 max age 58  season 501 conventional alive  60 births  2 deaths  2 best lifetime 2.088 mean 1.019 max age 58  (6.7s)
season 502 holistic     alive  60 births  0 deaths  0 best lifetime 12.931 mean 1.527 max age 59  season 502 conventional alive  60 births  1 deaths  1 best lifetime 2.293 mean 0.943 max age 59  (6.7s)
WARNING: Nan, Inf or huge value in QACC at DOF 0. The simulation is unstable. Time = 7.0550.

season 503 holistic     alive  60 births  3 deaths  3 best lifetime 6.930 mean 1.376 max age 58  season 503 conventional alive  60 births  3 deaths  3 best lifetime 2.051 mean 0.913 max age 59  (6.6s)
season 504 holistic     alive  60 births  1 deaths  1 best lifetime 6.265 mean 1.416 max age 59  season 504 conventional alive  60 births  3 deaths  3 best lifetime 5.262 mean 0.980 max age 59  (6.5s)
season 505 holistic     alive  60 births  2 deaths  2 best lifetime 4.680 mean 1.318 max age 59  season 505 conventional alive  60 births  3 deaths  3 best lifetime 2.266 mean 0.867 max age 59  (6.5s)
season 506 holistic     alive  60 births  2 deaths  2 best lifetime 3.732 mean 1.338 max age 59  season 506 conventional alive  60 births  4 deaths  4 best lifetime 3.772 mean 0.969 max age 59  (6.7s)
season 507 holistic     alive  60 births  2 deaths  2 best lifetime 3.099 mean 1.270 max age 59  season 507 conventional alive  60 births  5 deaths  5 best lifetime 10.469 mean 1.137 max age 59  (6.4s)
WARNING: Nan, Inf or huge value in QACC at DOF 0. The simulation is unstable. Time = 9.1500.

season 508 holistic     alive  60 births  4 deaths  4 best lifetime 2.788 mean 1.224 max age 58  season 508 conventional alive  60 births  2 deaths  2 best lifetime 7.975 mean 1.175 max age 59  (6.6s)
season 509 holistic     alive  60 births  2 deaths  2 best lifetime 4.950 mean 1.334 max age 59  season 509 conventional alive  60 births  6 deaths  6 best lifetime 7.762 mean 1.156 max age 59  (6.6s)
season 510 holistic     alive  60 births  1 deaths  1 best lifetime 5.565 mean 1.372 max age 59  season 510 conventional alive  60 births  4 deaths  4 best lifetime 16.466 mean 1.218 max age 59  (6.6s)
season 511 holistic     alive  60 births  3 deaths  3 best lifetime 5.283 mean 1.437 max age 56  season 511 conventional alive  60 births  8 deaths  8 best lifetime 7.968 mean 1.013 max age 56  (6.5s)
season 512 holistic     alive  60 births  1 deaths  1 best lifetime 4.878 mean 1.366 max age 57  season 512 conventional alive  60 births  4 deaths  4 best lifetime 5.372 mean 1.026 max age 57  (6.6s)
season 513 holistic     alive  60 births  1 deaths  1 best lifetime 3.212 mean 1.324 max age 58  season 513 conventional alive  60 births  4 deaths  4 best lifetime 5.715 mean 1.084 max age 58  (6.7s)
season 514 holistic     alive  60 births  0 deaths  0 best lifetime 3.117 mean 1.313 max age 59  season 514 conventional alive  60 births  4 deaths  4 best lifetime 10.343 mean 1.205 max age 59  (6.6s)
season 515 holistic     alive  60 births  5 deaths  5 best lifetime 2.664 mean 1.215 max age 57  season 515 conventional alive  60 births  5 deaths  5 best lifetime 5.796 mean 1.047 max age 59  (6.7s)
season 516 holistic     alive  60 births  0 deaths  0 best lifetime 2.647 mean 1.182 max age 58  season 516 conventional alive  60 births  5 deaths  5 best lifetime 15.184 mean 1.272 max age 58  (6.9s)
season 517 holistic     alive  60 births  2 deaths  2 best lifetime 4.454 mean 1.298 max age 59  season 517 conventional alive  60 births  3 deaths  3 best lifetime 7.185 mean 1.180 max age 59  (6.9s)
season 518 holistic     alive  60 births  3 deaths  3 best lifetime 3.505 mean 1.294 max age 59  season 518 conventional alive  60 births  5 deaths  5 best lifetime 5.863 mean 1.062 max age 58  (6.9s)
season 519 holistic     alive  60 births  4 deaths  4 best lifetime 4.087 mean 1.252 max age 57  season 519 conventional alive  60 births  2 deaths  2 best lifetime 4.691 mean 1.012 max age 59  (6.9s)
season 520 holistic     alive  60 births  0 deaths  0 best lifetime 3.617 mean 1.277 max age 58  season 520 conventional alive  60 births  7 deaths  7 best lifetime 3.618 mean 0.946 max age 59  (6.6s)
season 521 holistic     alive  60 births  1 deaths  1 best lifetime 3.873 mean 1.273 max age 59  season 521 conventional alive  60 births  5 deaths  5 best lifetime 4.024 mean 0.897 max age 58  (6.7s)
season 522 holistic     alive  60 births  2 deaths  2 best lifetime 3.866 mean 1.353 max age 59  season 522 conventional alive  60 births  6 deaths  6 best lifetime 20.922 mean 1.296 max age 59  (6.9s)
season 523 holistic     alive  60 births  2 deaths  2 best lifetime 6.954 mean 1.441 max age 58  season 523 conventional alive  60 births  7 deaths  7 best lifetime 10.326 mean 1.045 max age 59  (6.4s)
season 524 holistic     alive  60 births  0 deaths  0 best lifetime 3.457 mean 1.315 max age 59  season 524 conventional alive  60 births 10 deaths 10 best lifetime 7.852 mean 1.077 max age 58  (6.6s)
WARNING: Nan, Inf or huge value in QACC at DOF 10. The simulation is unstable. Time = 12.9750.

season 525 holistic     alive  60 births  1 deaths  1 best lifetime 3.956 mean 1.327 max age 59  season 525 conventional alive  60 births  4 deaths  4 best lifetime 5.872 mean 1.172 max age 59  (6.7s)
WARNING: Nan, Inf or huge value in QACC at DOF 0. The simulation is unstable. Time = 6.2550.

season 526 holistic     alive  60 births  1 deaths  1 best lifetime 3.395 mean 1.276 max age 59  season 526 conventional alive  60 births  7 deaths  7 best lifetime 4.680 mean 1.067 max age 59  (6.8s)
season 527 holistic     alive  60 births  3 deaths  3 best lifetime 3.424 mean 1.210 max age 59  season 527 conventional alive  60 births  5 deaths  5 best lifetime 10.196 mean 1.243 max age 57  (6.5s)
season 528 holistic     alive  60 births  1 deaths  1 best lifetime 4.940 mean 1.262 max age 57  season 528 conventional alive  60 births  4 deaths  4 best lifetime 4.737 mean 1.056 max age 58  (6.3s)
season 529 holistic     alive  60 births  3 deaths  3 best lifetime 3.439 mean 1.253 max age 58  season 529 conventional alive  60 births  4 deaths  4 best lifetime 4.991 mean 1.123 max age 59  (6.4s)
season 530 holistic     alive  60 births  3 deaths  3 best lifetime 3.132 mean 1.242 max age 59  season 530 conventional alive  60 births  7 deaths  7 best lifetime 4.228 mean 1.053 max age 57  (6.5s)
WARNING: Nan, Inf or huge value in QACC at DOF 10. The simulation is unstable. Time = 8.2300.

season 531 holistic     alive  60 births  1 deaths  1 best lifetime 3.922 mean 1.290 max age 58  season 531 conventional alive  60 births  4 deaths  4 best lifetime 9.388 mean 1.377 max age 58  (6.6s)
season 532 holistic     alive  60 births  1 deaths  1 best lifetime 2.950 mean 1.240 max age 59  season 532 conventional alive  60 births  5 deaths  5 best lifetime 4.404 mean 1.153 max age 59  (6.7s)
season 533 holistic     alive  60 births  2 deaths  2 best lifetime 2.830 mean 1.229 max age 58  season 533 conventional alive  60 births  6 deaths  6 best lifetime 4.618 mean 1.147 max age 58  (6.6s)
season 534 holistic     alive  60 births  0 deaths  0 best lifetime 2.950 mean 1.248 max age 59  season 534 conventional alive  60 births  3 deaths  3 best lifetime 10.709 mean 1.358 max age 59  (6.5s)
season 535 holistic     alive  60 births  1 deaths  1 best lifetime 2.839 mean 1.207 max age 59  season 535 conventional alive  60 births  3 deaths  3 best lifetime 5.208 mean 1.290 max age 57  (6.5s)
WARNING: Nan, Inf or huge value in QACC at DOF 20. The simulation is unstable. Time = 3.8800.

season 536 holistic     alive  60 births  3 deaths  3 best lifetime 2.875 mean 1.249 max age 59  season 536 conventional alive  60 births  2 deaths  2 best lifetime 6.042 mean 1.289 max age 58  (6.6s)
season 537 holistic     alive  60 births  4 deaths  4 best lifetime 5.872 mean 1.265 max age 59  season 537 conventional alive  60 births  6 deaths  6 best lifetime 4.459 mean 1.161 max age 59  (6.6s)
season 538 holistic     alive  60 births  3 deaths  3 best lifetime 5.535 mean 1.263 max age 59  season 538 conventional alive  60 births  1 deaths  1 best lifetime 3.737 mean 1.173 max age 58  (6.5s)
WARNING: Nan, Inf or huge value in QACC at DOF 23. The simulation is unstable. Time = 2.6400.

season 539 holistic     alive  60 births  1 deaths  1 best lifetime 4.118 mean 1.192 max age 59  season 539 conventional alive  60 births  5 deaths  5 best lifetime 8.470 mean 1.349 max age 59  (6.7s)
WARNING: Nan, Inf or huge value in QACC at DOF 32. The simulation is unstable. Time = 5.3750.

season 540 holistic     alive  60 births  6 deaths  6 best lifetime 10.935 mean 1.371 max age 59  season 540 conventional alive  60 births  2 deaths  2 best lifetime 5.436 mean 1.157 max age 59  (6.7s)
season 541 holistic     alive  60 births  1 deaths  1 best lifetime 7.261 mean 1.272 max age 57  season 541 conventional alive  60 births  4 deaths  4 best lifetime 8.496 mean 1.302 max age 58  (6.5s)
WARNING: Nan, Inf or huge value in QACC at DOF 30. The simulation is unstable. Time = 3.1550.

season 542 holistic     alive  60 births  1 deaths  1 best lifetime 5.425 mean 1.435 max age 58  season 542 conventional alive  60 births  2 deaths  2 best lifetime 10.485 mean 1.569 max age 59  (6.7s)
season 543 holistic     alive  60 births  2 deaths  2 best lifetime 4.322 mean 1.332 max age 59  season 543 conventional alive  60 births  2 deaths  2 best lifetime 8.636 mean 1.438 max age 59  (6.5s)
season 544 holistic     alive  60 births  4 deaths  4 best lifetime 4.088 mean 1.276 max age 58  season 544 conventional alive  60 births  4 deaths  4 best lifetime 4.997 mean 1.215 max age 59  (6.7s)
season 545 holistic     alive  60 births  0 deaths  0 best lifetime 6.836 mean 1.427 max age 59  season 545 conventional alive  60 births  5 deaths  5 best lifetime 3.898 mean 1.092 max age 59  (6.5s)
season 546 holistic     alive  60 births  2 deaths  2 best lifetime 3.875 mean 1.359 max age 58  season 546 conventional alive  60 births  3 deaths  3 best lifetime 3.965 mean 1.313 max age 59  (6.6s)
season 547 holistic     alive  60 births  1 deaths  1 best lifetime 3.839 mean 1.359 max age 59  season 547 conventional alive  60 births  3 deaths  3 best lifetime 6.924 mean 1.282 max age 59  (6.3s)
season 548 holistic     alive  60 births  3 deaths  3 best lifetime 3.819 mean 1.333 max age 59  season 548 conventional alive  60 births  5 deaths  5 best lifetime 4.759 mean 1.118 max age 58  (6.4s)
season 549 holistic     alive  60 births  3 deaths  3 best lifetime 5.833 mean 1.353 max age 59  season 549 conventional alive  60 births  1 deaths  1 best lifetime 5.549 mean 1.193 max age 59  (6.5s)
season 550 holistic     alive  60 births  2 deaths  2 best lifetime 3.833 mean 1.287 max age 59  season 550 conventional alive  60 births  3 deaths  3 best lifetime 3.544 mean 1.148 max age 59  (6.6s)
season 551 holistic     alive  60 births  2 deaths  2 best lifetime 7.498 mean 1.434 max age 59  season 551 conventional alive  60 births  5 deaths  5 best lifetime 3.629 mean 1.086 max age 59  (6.7s)
season 552 holistic     alive  60 births  3 deaths  3 best lifetime 5.584 mean 1.392 max age 59  season 552 conventional alive  60 births  5 deaths  5 best lifetime 3.654 mean 1.154 max age 49  (6.5s)
season 553 holistic     alive  60 births  2 deaths  2 best lifetime 5.433 mean 1.433 max age 59  season 553 conventional alive  60 births  2 deaths  2 best lifetime 5.401 mean 1.216 max age 50  (6.8s)
season 554 holistic     alive  60 births  3 deaths  3 best lifetime 5.095 mean 1.389 max age 59  season 554 conventional alive  60 births  3 deaths  3 best lifetime 3.731 mean 1.121 max age 51  (6.6s)
season 555 holistic     alive  60 births  2 deaths  2 best lifetime 5.847 mean 1.395 max age 57  season 555 conventional alive  60 births  3 deaths  3 best lifetime 2.999 mean 1.059 max age 52  (6.5s)
season 556 holistic     alive  60 births  0 deaths  0 best lifetime 4.848 mean 1.426 max age 58  season 556 conventional alive  60 births  3 deaths  3 best lifetime 2.790 mean 1.064 max age 53  (6.6s)
season 557 holistic     alive  60 births  3 deaths  3 best lifetime 4.134 mean 1.338 max age 59  season 557 conventional alive  60 births  2 deaths  2 best lifetime 4.107 mean 1.156 max age 54  (7.0s)
season 558 holistic     alive  60 births  1 deaths  1 best lifetime 3.849 mean 1.296 max age 58  season 558 conventional alive  60 births  1 deaths  1 best lifetime 3.206 mean 1.134 max age 55  (6.8s)
WARNING: Nan, Inf or huge value in QACC at DOF 30. The simulation is unstable. Time = 3.4000.

season 559 holistic     alive  60 births  2 deaths  2 best lifetime 4.926 mean 1.301 max age 59  season 559 conventional alive  60 births  3 deaths  3 best lifetime 2.586 mean 1.076 max age 56  (6.4s)
season 560 holistic     alive  60 births  3 deaths  3 best lifetime 5.950 mean 1.434 max age 59  season 560 conventional alive  60 births  1 deaths  1 best lifetime 2.436 mean 1.056 max age 57  (6.6s)
season 561 holistic     alive  60 births  3 deaths  3 best lifetime 4.640 mean 1.342 max age 58  season 561 conventional alive  60 births  2 deaths  2 best lifetime 8.614 mean 1.128 max age 58  (6.7s)
season 562 holistic     alive  60 births  1 deaths  1 best lifetime 4.925 mean 1.428 max age 59  season 562 conventional alive  60 births  3 deaths  3 best lifetime 4.108 mean 1.003 max age 59  (6.4s)
season 563 holistic     alive  60 births  2 deaths  2 best lifetime 5.148 mean 1.365 max age 58  season 563 conventional alive  60 births  4 deaths  4 best lifetime 3.275 mean 0.935 max age 58  (6.5s)
season 564 holistic     alive  60 births  1 deaths  1 best lifetime 4.626 mean 1.333 max age 59  season 564 conventional alive  60 births  3 deaths  3 best lifetime 5.070 mean 0.991 max age 59  (6.6s)
season 565 holistic     alive  60 births  4 deaths  4 best lifetime 4.198 mean 1.347 max age 58  season 565 conventional alive  60 births  2 deaths  2 best lifetime 10.924 mean 1.257 max age 59  (6.9s)
season 566 holistic     alive  60 births  1 deaths  1 best lifetime 4.880 mean 1.434 max age 59  season 566 conventional alive  60 births  6 deaths  6 best lifetime 7.087 mean 1.117 max age 57  (6.8s)
season 567 holistic     alive  60 births  3 deaths  3 best lifetime 3.541 mean 1.387 max age 59  season 567 conventional alive  60 births  2 deaths  2 best lifetime 5.167 mean 1.155 max age 58  (6.7s)
WARNING: Nan, Inf or huge value in QACC at DOF 10. The simulation is unstable. Time = 2.9800.

season 568 holistic     alive  60 births  4 deaths  4 best lifetime 4.068 mean 1.368 max age 58  season 568 conventional alive  60 births  3 deaths  3 best lifetime 4.012 mean 1.159 max age 59  (6.7s)
season 569 holistic     alive  60 births  1 deaths  1 best lifetime 8.830 mean 1.464 max age 59  season 569 conventional alive  60 births  3 deaths  3 best lifetime 3.428 mean 1.138 max age 58  (6.5s)
season 570 holistic     alive  60 births  1 deaths  1 best lifetime 5.334 mean 1.377 max age 58  season 570 conventional alive  60 births  3 deaths  3 best lifetime 2.985 mean 1.085 max age 59  (6.6s)
season 571 holistic     alive  60 births  1 deaths  1 best lifetime 3.576 mean 1.364 max age 59  season 571 conventional alive  60 births  2 deaths  2 best lifetime 3.309 mean 1.080 max age 59  (6.7s)
season 572 holistic     alive  60 births  3 deaths  3 best lifetime 3.443 mean 1.354 max age 57  season 572 conventional alive  60 births  4 deaths  4 best lifetime 2.612 mean 0.990 max age 59  (6.6s)
season 573 holistic     alive  60 births  0 deaths  0 best lifetime 3.321 mean 1.332 max age 58  season 573 conventional alive  60 births  4 deaths  4 best lifetime 2.498 mean 0.913 max age 59  (6.7s)
season 574 holistic     alive  60 births  1 deaths  1 best lifetime 3.227 mean 1.296 max age 59  season 574 conventional alive  60 births  6 deaths  6 best lifetime 12.466 mean 1.167 max age 59  (6.7s)
season 575 holistic     alive  60 births  3 deaths  3 best lifetime 3.121 mean 1.234 max age 58  season 575 conventional alive  60 births  5 deaths  5 best lifetime 8.509 mean 1.161 max age 59  (6.9s)
season 576 holistic     alive  60 births  1 deaths  1 best lifetime 12.971 mean 1.449 max age 59  season 576 conventional alive  60 births  5 deaths  5 best lifetime 5.531 mean 1.018 max age 56  (6.9s)
season 577 holistic     alive  60 births  3 deaths  3 best lifetime 6.481 mean 1.296 max age 59  season 577 conventional alive  60 births  2 deaths  2 best lifetime 4.043 mean 1.016 max age 57  (6.9s)
season 578 holistic     alive  60 births  1 deaths  1 best lifetime 4.619 mean 1.279 max age 59  season 578 conventional alive  60 births  4 deaths  4 best lifetime 3.940 mean 0.980 max age 58  (6.6s)
season 579 holistic     alive  60 births  3 deaths  3 best lifetime 3.452 mean 1.194 max age 57  season 579 conventional alive  60 births  2 deaths  2 best lifetime 3.191 mean 1.002 max age 59  (6.8s)
WARNING: Nan, Inf or huge value in QACC at DOF 0. The simulation is unstable. Time = 10.0100.

season 580 holistic     alive  60 births  2 deaths  2 best lifetime 2.786 mean 1.189 max age 58  season 580 conventional alive  60 births  3 deaths  3 best lifetime 3.370 mean 1.030 max age 59  (6.8s)
season 581 holistic     alive  60 births  3 deaths  3 best lifetime 2.901 mean 1.276 max age 59  season 581 conventional alive  60 births  3 deaths  3 best lifetime 7.267 mean 1.159 max age 58  (6.6s)
season 582 holistic     alive  60 births  2 deaths  2 best lifetime 4.782 mean 1.332 max age 59  season 582 conventional alive  60 births  1 deaths  1 best lifetime 3.266 mean 1.018 max age 59  (6.8s)
season 583 holistic     alive  60 births  3 deaths  3 best lifetime 3.551 mean 1.311 max age 56  season 583 conventional alive  60 births  5 deaths  5 best lifetime 3.266 mean 0.932 max age 59  (6.7s)
season 584 holistic     alive  60 births  1 deaths  1 best lifetime 2.678 mean 1.227 max age 57  season 584 conventional alive  60 births  2 deaths  2 best lifetime 2.515 mean 0.926 max age 58  (6.7s)
season 585 holistic     alive  60 births  1 deaths  1 best lifetime 3.472 mean 1.308 max age 58  season 585 conventional alive  60 births  4 deaths  4 best lifetime 2.861 mean 0.928 max age 59  (6.7s)
season 586 holistic     alive  60 births  1 deaths  1 best lifetime 7.896 mean 1.394 max age 59  season 586 conventional alive  60 births  5 deaths  5 best lifetime 2.481 mean 0.922 max age 59  (6.6s)
season 587 holistic     alive  60 births  4 deaths  4 best lifetime 3.897 mean 1.251 max age 59  season 587 conventional alive  60 births  5 deaths  5 best lifetime 2.486 mean 0.856 max age 57  (6.9s)
season 588 holistic     alive  60 births  1 deaths  1 best lifetime 2.793 mean 1.236 max age 58  season 588 conventional alive  60 births  2 deaths  2 best lifetime 8.507 mean 1.022 max age 58  (6.9s)
season 589 holistic     alive  60 births  0 deaths  0 best lifetime 4.981 mean 1.309 max age 59  season 589 conventional alive  60 births  3 deaths  3 best lifetime 5.516 mean 1.032 max age 59  (7.0s)
season 590 holistic     alive  60 births  4 deaths  4 best lifetime 2.674 mean 1.193 max age 59  season 590 conventional alive  60 births  2 deaths  2 best lifetime 3.528 mean 1.001 max age 59  (6.8s)
season 591 holistic     alive  60 births  2 deaths  2 best lifetime 2.621 mean 1.198 max age 56  season 591 conventional alive  60 births  5 deaths  5 best lifetime 3.179 mean 0.979 max age 58  (6.8s)
season 592 holistic     alive  60 births  0 deaths  0 best lifetime 3.302 mean 1.252 max age 57  season 592 conventional alive  60 births  0 deaths  0 best lifetime 2.455 mean 0.955 max age 59  (6.7s)
season 593 holistic     alive  60 births  1 deaths  1 best lifetime 4.835 mean 1.295 max age 58  season 593 conventional alive  60 births  9 deaths  9 best lifetime 2.118 mean 0.886 max age 59  (6.7s)
season 594 holistic     alive  60 births  0 deaths  0 best lifetime 4.083 mean 1.291 max age 59  season 594 conventional alive  60 births  1 deaths  1 best lifetime 5.640 mean 0.916 max age 58  (6.7s)
season 595 holistic     alive  60 births  1 deaths  1 best lifetime 3.230 mean 1.251 max age 59  season 595 conventional alive  60 births  2 deaths  2 best lifetime 3.634 mean 1.048 max age 59  (6.6s)
season 596 holistic     alive  60 births  3 deaths  3 best lifetime 2.663 mean 1.189 max age 59  season 596 conventional alive  60 births  4 deaths  4 best lifetime 2.512 mean 0.898 max age 59  (6.7s)
WARNING: Nan, Inf or huge value in QACC at DOF 10. The simulation is unstable. Time = 8.3000.

season 597 holistic     alive  60 births  3 deaths  3 best lifetime 2.556 mean 1.192 max age 59  season 597 conventional alive  60 births  7 deaths  7 best lifetime 6.276 mean 0.973 max age 58  (6.9s)
season 598 holistic     alive  60 births  2 deaths  2 best lifetime 2.785 mean 1.139 max age 58  season 598 conventional alive  60 births  3 deaths  3 best lifetime 2.784 mean 0.900 max age 59  (6.9s)
season 599 holistic     alive  60 births  1 deaths  1 best lifetime 3.122 mean 1.147 max age 59  season 599 conventional alive  60 births  9 deaths  9 best lifetime 4.259 mean 0.874 max age 59  (6.8s)
results in runs/RBT-19/P-801/history.json
