season   0 holistic     alive  59 births  3 deaths  4 best lifetime 1.973 mean 0.041 max age 57  season   0 conventional alive  60 births  2 deaths  2 best lifetime 4.422 mean 0.050 max age 58  (5.8s)
season   1 holistic     alive  60 births  1 deaths  0 best lifetime 1.465 mean 0.040 max age 58  season   1 conventional alive  60 births  0 deaths  0 best lifetime 4.585 mean 0.106 max age 59  (5.5s)
season   2 holistic     alive  60 births  0 deaths  0 best lifetime 0.966 mean 0.028 max age 59  season   2 conventional alive  60 births  9 deaths  9 best lifetime 2.912 mean 0.142 max age 59  (5.7s)
season   3 holistic     alive  59 births  1 deaths  2 best lifetime 0.716 mean 0.029 max age 59  season   3 conventional alive  60 births 14 deaths 14 best lifetime 3.684 mean 0.360 max age 59  (5.9s)
season   4 holistic     alive  56 births  1 deaths  4 best lifetime 0.766 mean 0.023 max age 59  season   4 conventional alive  60 births  6 deaths  6 best lifetime 3.341 mean 0.469 max age 59  (5.9s)
season   5 holistic     alive  54 births  1 deaths  3 best lifetime 0.632 mean 0.029 max age 59  season   5 conventional alive  60 births  5 deaths  5 best lifetime 6.518 mean 0.587 max age 56  (5.6s)
season   6 holistic     alive  51 births  0 deaths  3 best lifetime 0.537 mean 0.034 max age 58  season   6 conventional alive  60 births  6 deaths  6 best lifetime 3.434 mean 0.576 max age 57  (5.3s)
season   7 holistic     alive  51 births  0 deaths  0 best lifetime 0.466 mean 0.031 max age 59  season   7 conventional alive  60 births  5 deaths  5 best lifetime 2.506 mean 0.670 max age 58  (5.2s)
season   8 holistic     alive  48 births  0 deaths  3 best lifetime 0.521 mean 0.026 max age 59  season   8 conventional alive  60 births  8 deaths  8 best lifetime 2.916 mean 0.674 max age 59  (5.4s)
season   9 holistic     alive  46 births  0 deaths  2 best lifetime 0.466 mean 0.027 max age 59  season   9 conventional alive  60 births  8 deaths  8 best lifetime 4.672 mean 0.794 max age 52  (5.0s)
season  10 holistic     alive  43 births  1 deaths  4 best lifetime 0.798 mean 0.045 max age 59  season  10 conventional alive  60 births  0 deaths  0 best lifetime 3.174 mean 0.806 max age 53  (5.2s)
season  11 holistic     alive   8 births  1 deaths 36 best lifetime 0.679 mean 0.238 max age 38  season  11 conventional alive  60 births  7 deaths  7 best lifetime 3.025 mean 0.720 max age 54  (4.8s)
season  12 holistic     alive   9 births  1 deaths  0 best lifetime 0.982 mean 0.323 max age 39  season  12 conventional alive  60 births  1 deaths  1 best lifetime 5.512 mean 0.913 max age 55  (3.8s)
season  13 holistic     alive  10 births  1 deaths  0 best lifetime 0.982 mean 0.302 max age 40  season  13 conventional alive  60 births  4 deaths  4 best lifetime 2.996 mean 0.820 max age 56  (3.9s)
WARNING: Nan, Inf or huge value in QACC at DOF 30. The simulation is unstable. Time = 12.1250.

season  14 holistic     alive  12 births  2 deaths  0 best lifetime 1.466 mean 0.404 max age 41  season  14 conventional alive  60 births  1 deaths  1 best lifetime 2.926 mean 0.835 max age 57  (3.8s)
season  15 holistic     alive  12 births  2 deaths  2 best lifetime 2.967 mean 0.559 max age 42  season  15 conventional alive  60 births  3 deaths  3 best lifetime 2.648 mean 0.782 max age 58  (4.1s)
season  16 holistic     alive  14 births  2 deaths  0 best lifetime 1.967 mean 0.393 max age 43  season  16 conventional alive  60 births  3 deaths  3 best lifetime 2.431 mean 0.791 max age 59  (3.9s)
season  17 holistic     alive  19 births  5 deaths  0 best lifetime 1.633 mean 0.330 max age 44  season  17 conventional alive  60 births  5 deaths  5 best lifetime 2.249 mean 0.690 max age 56  (3.8s)
season  18 holistic     alive  20 births  2 deaths  1 best lifetime 1.967 mean 0.408 max age 45  season  18 conventional alive  60 births  2 deaths  2 best lifetime 2.099 mean 0.689 max age 57  (4.1s)
season  19 holistic     alive  20 births  4 deaths  4 best lifetime 2.467 mean 0.514 max age 46  season  19 conventional alive  60 births  2 deaths  2 best lifetime 1.896 mean 0.734 max age 58  (4.3s)
season  20 holistic     alive  28 births  9 deaths  1 best lifetime 4.970 mean 0.915 max age 47  season  20 conventional alive  60 births  1 deaths  1 best lifetime 2.422 mean 0.810 max age 59  (4.4s)
season  21 holistic     alive  40 births 14 deaths  2 best lifetime 3.970 mean 0.861 max age 48  season  21 conventional alive  60 births  2 deaths  2 best lifetime 2.385 mean 0.791 max age 53  (4.5s)
season  22 holistic     alive  59 births 20 deaths  1 best lifetime 3.465 mean 0.631 max age 49  season  22 conventional alive  60 births  3 deaths  3 best lifetime 1.744 mean 0.728 max age 54  (4.7s)
season  23 holistic     alive  60 births  1 deaths  0 best lifetime 3.978 mean 0.894 max age 50  season  23 conventional alive  60 births  1 deaths  1 best lifetime 5.431 mean 0.844 max age 55  (5.2s)
season  24 holistic     alive  60 births  2 deaths  2 best lifetime 3.479 mean 0.834 max age 51  season  24 conventional alive  60 births  1 deaths  1 best lifetime 2.426 mean 0.773 max age 56  (5.3s)
season  25 holistic     alive  60 births  4 deaths  4 best lifetime 2.646 mean 0.735 max age 52  season  25 conventional alive  60 births  2 deaths  2 best lifetime 1.760 mean 0.703 max age 57  (5.2s)
WARNING: Nan, Inf or huge value in QACC at DOF 23. The simulation is unstable. Time = 10.1150.

season  26 holistic     alive  60 births  8 deaths  8 best lifetime 2.383 mean 0.770 max age 53  season  26 conventional alive  60 births  3 deaths  3 best lifetime 1.583 mean 0.712 max age 58  (5.4s)
season  27 holistic     alive  60 births  1 deaths  1 best lifetime 2.818 mean 0.831 max age 54  season  27 conventional alive  60 births  2 deaths  2 best lifetime 1.517 mean 0.768 max age 59  (5.5s)
season  28 holistic     alive  60 births  0 deaths  0 best lifetime 3.127 mean 0.931 max age 55  season  28 conventional alive  60 births  5 deaths  5 best lifetime 1.933 mean 0.786 max age 55  (5.2s)
season  29 holistic     alive  60 births  3 deaths  3 best lifetime 2.984 mean 0.982 max age 56  season  29 conventional alive  60 births  0 deaths  0 best lifetime 1.720 mean 0.815 max age 56  (5.1s)
season  30 holistic     alive  60 births  4 deaths  4 best lifetime 2.873 mean 1.008 max age 57  season  30 conventional alive  60 births  0 deaths  0 best lifetime 1.537 mean 0.838 max age 57  (5.2s)
season  31 holistic     alive  60 births  0 deaths  0 best lifetime 3.084 mean 1.029 max age 58  season  31 conventional alive  60 births  2 deaths  2 best lifetime 1.595 mean 0.849 max age 58  (5.2s)
season  32 holistic     alive  60 births  2 deaths  2 best lifetime 2.802 mean 1.038 max age 59  season  32 conventional alive  60 births  0 deaths  0 best lifetime 1.534 mean 0.840 max age 59  (5.2s)
season  33 holistic     alive  60 births  2 deaths  2 best lifetime 2.945 mean 1.165 max age 30  season  33 conventional alive  60 births  4 deaths  4 best lifetime 1.520 mean 0.818 max age 58  (5.3s)
season  34 holistic     alive  60 births  2 deaths  2 best lifetime 3.215 mean 1.184 max age 31  season  34 conventional alive  60 births  1 deaths  1 best lifetime 2.308 mean 0.830 max age 59  (5.2s)
season  35 holistic     alive  60 births  0 deaths  0 best lifetime 3.055 mean 1.181 max age 32  season  35 conventional alive  60 births  3 deaths  3 best lifetime 1.626 mean 0.816 max age 54  (5.2s)
season  36 holistic     alive  60 births  0 deaths  0 best lifetime 2.917 mean 1.153 max age 33  season  36 conventional alive  60 births  1 deaths  1 best lifetime 1.528 mean 0.789 max age 55  (5.1s)
season  37 holistic     alive  60 births  1 deaths  1 best lifetime 2.734 mean 1.188 max age 34  season  37 conventional alive  60 births  1 deaths  1 best lifetime 1.616 mean 0.823 max age 56  (5.2s)
season  38 holistic     alive  60 births  0 deaths  0 best lifetime 3.794 mean 1.288 max age 35  season  38 conventional alive  60 births  1 deaths  1 best lifetime 2.704 mean 0.908 max age 57  (5.2s)
season  39 holistic     alive  60 births  0 deaths  0 best lifetime 2.848 mean 1.257 max age 36  season  39 conventional alive  60 births  0 deaths  0 best lifetime 1.841 mean 0.849 max age 58  (5.1s)
season  40 holistic     alive  60 births  0 deaths  0 best lifetime 2.799 mean 1.231 max age 37  season  40 conventional alive  60 births  0 deaths  0 best lifetime 1.748 mean 0.861 max age 59  (5.1s)
season  41 holistic     alive  60 births  0 deaths  0 best lifetime 2.934 mean 1.204 max age 38  season  41 conventional alive  60 births  1 deaths  1 best lifetime 1.717 mean 0.837 max age 59  (5.2s)
season  42 holistic     alive  60 births  0 deaths  0 best lifetime 2.865 mean 1.192 max age 39  season  42 conventional alive  60 births  1 deaths  1 best lifetime 1.678 mean 0.804 max age 59  (5.3s)
season  43 holistic     alive  60 births  0 deaths  0 best lifetime 2.984 mean 1.170 max age 40  season  43 conventional alive  60 births  3 deaths  3 best lifetime 1.613 mean 0.806 max age 59  (5.4s)
season  44 holistic     alive  60 births  1 deaths  1 best lifetime 2.854 mean 1.167 max age 41  season  44 conventional alive  60 births  1 deaths  1 best lifetime 1.578 mean 0.760 max age 52  (5.3s)
season  45 holistic     alive  60 births  0 deaths  0 best lifetime 2.859 mean 1.164 max age 42  season  45 conventional alive  60 births  0 deaths  0 best lifetime 1.572 mean 0.747 max age 53  (5.2s)
season  46 holistic     alive  60 births  0 deaths  0 best lifetime 2.944 mean 1.137 max age 43  season  46 conventional alive  60 births  3 deaths  3 best lifetime 1.566 mean 0.749 max age 54  (5.2s)
season  47 holistic     alive  60 births  0 deaths  0 best lifetime 2.984 mean 1.147 max age 44  season  47 conventional alive  60 births  2 deaths  2 best lifetime 1.584 mean 0.748 max age 55  (5.2s)
season  48 holistic     alive  60 births  0 deaths  0 best lifetime 2.910 mean 1.164 max age 45  season  48 conventional alive  60 births  1 deaths  1 best lifetime 4.367 mean 0.836 max age 56  (5.2s)
season  49 holistic     alive  60 births  0 deaths  0 best lifetime 2.878 mean 1.157 max age 46  season  49 conventional alive  60 births  1 deaths  1 best lifetime 2.367 mean 0.800 max age 57  (5.3s)
season  50 holistic     alive  60 births  0 deaths  0 best lifetime 2.881 mean 1.152 max age 47  season  50 conventional alive  60 births  2 deaths  2 best lifetime 1.543 mean 0.778 max age 58  (5.4s)
season  51 holistic     alive  60 births  0 deaths  0 best lifetime 2.951 mean 1.149 max age 48  season  51 conventional alive  60 births  0 deaths  0 best lifetime 1.489 mean 0.730 max age 59  (5.2s)
WARNING: Nan, Inf or huge value in QACC at DOF 14. The simulation is unstable. Time = 4.4100.

season  52 holistic     alive  60 births  1 deaths  1 best lifetime 3.049 mean 1.172 max age 49  season  52 conventional alive  60 births  3 deaths  3 best lifetime 1.524 mean 0.768 max age 56  (5.5s)
season  53 holistic     alive  60 births  0 deaths  0 best lifetime 3.047 mean 1.167 max age 50  season  53 conventional alive  60 births  0 deaths  0 best lifetime 1.438 mean 0.734 max age 57  (5.1s)
season  54 holistic     alive  60 births  0 deaths  0 best lifetime 3.197 mean 1.202 max age 51  season  54 conventional alive  60 births  1 deaths  1 best lifetime 1.547 mean 0.780 max age 58  (5.6s)
season  55 holistic     alive  60 births  0 deaths  0 best lifetime 3.190 mean 1.213 max age 52  season  55 conventional alive  60 births  1 deaths  1 best lifetime 1.628 mean 0.777 max age 59  (5.3s)
season  56 holistic     alive  60 births  0 deaths  0 best lifetime 3.127 mean 1.214 max age 53  season  56 conventional alive  60 births  2 deaths  2 best lifetime 1.666 mean 0.825 max age 57  (5.2s)
season  57 holistic     alive  60 births  0 deaths  0 best lifetime 3.151 mean 1.201 max age 54  season  57 conventional alive  60 births  0 deaths  0 best lifetime 3.286 mean 0.904 max age 58  (5.3s)
season  58 holistic     alive  60 births  0 deaths  0 best lifetime 3.093 mean 1.208 max age 55  season  58 conventional alive  60 births  0 deaths  0 best lifetime 2.247 mean 0.875 max age 59  (5.6s)
season  59 holistic     alive  60 births  0 deaths  0 best lifetime 3.037 mean 1.207 max age 56  season  59 conventional alive  60 births  1 deaths  1 best lifetime 2.353 mean 0.918 max age 59  (5.4s)
season  60 holistic     alive  60 births  0 deaths  0 best lifetime 3.036 mean 1.207 max age 57  season  60 conventional alive  60 births  1 deaths  1 best lifetime 1.972 mean 0.876 max age 58  (5.5s)
WARNING: Nan, Inf or huge value in QACC at DOF 33. The simulation is unstable. Time = 3.9300.

WARNING: Nan, Inf or huge value in QACC at DOF 33. The simulation is unstable. Time = 6.6600.

season  61 holistic     alive  60 births  0 deaths  0 best lifetime 3.109 mean 1.196 max age 58  season  61 conventional alive  60 births  0 deaths  0 best lifetime 2.080 mean 0.857 max age 59  (5.2s)
season  62 holistic     alive  60 births  0 deaths  0 best lifetime 3.082 mean 1.179 max age 59  season  62 conventional alive  60 births  5 deaths  5 best lifetime 2.111 mean 0.783 max age 59  (5.3s)
season  63 holistic     alive  60 births  1 deaths  1 best lifetime 3.080 mean 1.173 max age 59  season  63 conventional alive  60 births  9 deaths  9 best lifetime 1.957 mean 0.672 max age 59  (5.2s)
season  64 holistic     alive  60 births  1 deaths  1 best lifetime 3.054 mean 1.159 max age 54  season  64 conventional alive  60 births  3 deaths  3 best lifetime 3.390 mean 0.842 max age 59  (5.2s)
season  65 holistic     alive  60 births  0 deaths  0 best lifetime 3.075 mean 1.160 max age 55  season  65 conventional alive  60 births  4 deaths  4 best lifetime 2.914 mean 0.785 max age 59  (5.3s)
season  66 holistic     alive  60 births  0 deaths  0 best lifetime 3.073 mean 1.148 max age 56  season  66 conventional alive  60 births  6 deaths  6 best lifetime 3.260 mean 0.807 max age 59  (5.2s)
season  67 holistic     alive  60 births  1 deaths  1 best lifetime 3.093 mean 1.137 max age 57  season  67 conventional alive  60 births  5 deaths  5 best lifetime 3.342 mean 0.859 max age 59  (5.4s)
season  68 holistic     alive  60 births  2 deaths  2 best lifetime 3.069 mean 1.125 max age 58  season  68 conventional alive  60 births  7 deaths  7 best lifetime 2.217 mean 0.822 max age 59  (5.4s)
season  69 holistic     alive  60 births  0 deaths  0 best lifetime 3.005 mean 1.112 max age 59  season  69 conventional alive  60 births  4 deaths  4 best lifetime 2.916 mean 0.894 max age 58  (5.3s)
season  70 holistic     alive  60 births  1 deaths  1 best lifetime 2.943 mean 1.086 max age 59  season  70 conventional alive  60 births  2 deaths  2 best lifetime 2.591 mean 0.910 max age 59  (5.2s)
season  71 holistic     alive  60 births  2 deaths  2 best lifetime 2.924 mean 1.098 max age 57  season  71 conventional alive  60 births  6 deaths  6 best lifetime 2.601 mean 0.814 max age 58  (5.2s)
season  72 holistic     alive  60 births  1 deaths  1 best lifetime 2.945 mean 1.164 max age 58  season  72 conventional alive  60 births  2 deaths  2 best lifetime 3.408 mean 0.902 max age 59  (5.1s)
season  73 holistic     alive  60 births  0 deaths  0 best lifetime 5.811 mean 1.260 max age 59  season  73 conventional alive  60 births  4 deaths  4 best lifetime 1.730 mean 0.800 max age 58  (5.4s)
WARNING: Nan, Inf or huge value in QACC at DOF 31. The simulation is unstable. Time = 10.5400.

season  74 holistic     alive  60 births  1 deaths  1 best lifetime 4.307 mean 1.223 max age 58  season  74 conventional alive  60 births  0 deaths  0 best lifetime 2.446 mean 0.904 max age 59  (5.3s)
season  75 holistic     alive  60 births  0 deaths  0 best lifetime 3.459 mean 1.218 max age 59  season  75 conventional alive  60 births  3 deaths  3 best lifetime 1.710 mean 0.871 max age 59  (5.3s)
season  76 holistic     alive  60 births  1 deaths  1 best lifetime 2.948 mean 1.150 max age 59  season  76 conventional alive  60 births  2 deaths  2 best lifetime 2.050 mean 0.752 max age 59  (5.2s)
season  77 holistic     alive  60 births  3 deaths  3 best lifetime 3.020 mean 1.099 max age 59  season  77 conventional alive  60 births  4 deaths  4 best lifetime 3.594 mean 0.791 max age 59  (5.3s)
season  78 holistic     alive  60 births  1 deaths  1 best lifetime 2.966 mean 1.073 max age 59  season  78 conventional alive  60 births  4 deaths  4 best lifetime 2.011 mean 0.712 max age 59  (5.2s)
season  79 holistic     alive  60 births  4 deaths  4 best lifetime 2.967 mean 0.983 max age 59  season  79 conventional alive  60 births  3 deaths  3 best lifetime 1.943 mean 0.744 max age 58  (5.3s)
season  80 holistic     alive  60 births  8 deaths  8 best lifetime 2.978 mean 0.957 max age 59  season  80 conventional alive  60 births  1 deaths  1 best lifetime 2.298 mean 0.755 max age 59  (5.4s)
season  81 holistic     alive  60 births 10 deaths 10 best lifetime 5.777 mean 1.118 max age 59  season  81 conventional alive  60 births  3 deaths  3 best lifetime 2.795 mean 0.756 max age 59  (5.4s)
WARNING: Nan, Inf or huge value in QACC at DOF 30. The simulation is unstable. Time = 6.1600.

season  82 holistic     alive  60 births 13 deaths 13 best lifetime 4.299 mean 0.768 max age 58  season  82 conventional alive  60 births  4 deaths  4 best lifetime 2.471 mean 0.767 max age 56  (5.5s)
season  83 holistic     alive  60 births  1 deaths  1 best lifetime 3.966 mean 1.195 max age 59  season  83 conventional alive  60 births  0 deaths  0 best lifetime 2.612 mean 0.890 max age 57  (5.5s)
season  84 holistic     alive  60 births  5 deaths  5 best lifetime 3.366 mean 1.034 max age 59  season  84 conventional alive  60 births  2 deaths  2 best lifetime 2.351 mean 0.843 max age 58  (5.2s)
season  85 holistic     alive  60 births  3 deaths  3 best lifetime 3.300 mean 1.186 max age 59  season  85 conventional alive  60 births  0 deaths  0 best lifetime 2.181 mean 0.905 max age 59  (5.3s)
season  86 holistic     alive  60 births  3 deaths  3 best lifetime 2.966 mean 1.105 max age 59  season  86 conventional alive  60 births  2 deaths  2 best lifetime 1.777 mean 0.855 max age 59  (5.4s)
season  87 holistic     alive  60 births  1 deaths  1 best lifetime 2.960 mean 1.167 max age 58  season  87 conventional alive  60 births  1 deaths  1 best lifetime 1.853 mean 0.866 max age 59  (5.3s)
season  88 holistic     alive  60 births  2 deaths  2 best lifetime 2.626 mean 1.175 max age 59  season  88 conventional alive  60 births  2 deaths  2 best lifetime 1.575 mean 0.854 max age 57  (5.4s)
season  89 holistic     alive  60 births  4 deaths  4 best lifetime 2.674 mean 1.160 max age 59  season  89 conventional alive  60 births  1 deaths  1 best lifetime 2.281 mean 0.925 max age 58  (5.3s)
season  90 holistic     alive  60 births  4 deaths  4 best lifetime 2.959 mean 1.158 max age 58  season  90 conventional alive  60 births  1 deaths  1 best lifetime 1.800 mean 0.887 max age 59  (5.5s)
season  91 holistic     alive  60 births  0 deaths  0 best lifetime 2.737 mean 1.244 max age 59  season  91 conventional alive  60 births  1 deaths  1 best lifetime 1.669 mean 0.864 max age 58  (5.4s)
season  92 holistic     alive  60 births  2 deaths  2 best lifetime 4.455 mean 1.220 max age 59  season  92 conventional alive  60 births  0 deaths  0 best lifetime 1.768 mean 0.868 max age 59  (5.3s)
WARNING: Nan, Inf or huge value in QACC at DOF 37. The simulation is unstable. Time = 5.8400.

season  93 holistic     alive  60 births  3 deaths  3 best lifetime 3.755 mean 1.207 max age 59  season  93 conventional alive  60 births  2 deaths  2 best lifetime 1.694 mean 0.867 max age 58  (5.5s)
WARNING: Nan, Inf or huge value in QACC at DOF 34. The simulation is unstable. Time = 8.3800.

season  94 holistic     alive  60 births  2 deaths  2 best lifetime 3.289 mean 1.143 max age 57  season  94 conventional alive  60 births  0 deaths  0 best lifetime 6.210 mean 0.945 max age 59  (5.3s)
season  95 holistic     alive  60 births  0 deaths  0 best lifetime 3.098 mean 1.214 max age 58  season  95 conventional alive  60 births  1 deaths  1 best lifetime 5.208 mean 0.907 max age 58  (5.4s)
season  96 holistic     alive  60 births  1 deaths  1 best lifetime 3.330 mean 1.161 max age 59  season  96 conventional alive  60 births  2 deaths  2 best lifetime 3.214 mean 0.862 max age 59  (5.5s)
season  97 holistic     alive  60 births  3 deaths  3 best lifetime 3.177 mean 1.123 max age 29  season  97 conventional alive  60 births  2 deaths  2 best lifetime 2.712 mean 0.859 max age 55  (5.4s)
season  98 holistic     alive  60 births  0 deaths  0 best lifetime 3.788 mean 1.299 max age 30  season  98 conventional alive  60 births  1 deaths  1 best lifetime 2.410 mean 0.844 max age 56  (5.7s)
season  99 holistic     alive  60 births  0 deaths  0 best lifetime 2.864 mean 1.269 max age 31  season  99 conventional alive  60 births  2 deaths  2 best lifetime 2.288 mean 0.912 max age 57  (5.4s)
season 100 holistic     alive  60 births  1 deaths  1 best lifetime 2.705 mean 1.206 max age 32  season 100 conventional alive  60 births  0 deaths  0 best lifetime 1.904 mean 0.844 max age 58  (5.5s)
season 101 holistic     alive  60 births  0 deaths  0 best lifetime 2.725 mean 1.196 max age 33  season 101 conventional alive  60 births  1 deaths  1 best lifetime 1.946 mean 0.882 max age 59  (5.9s)
season 102 holistic     alive  60 births  1 deaths  1 best lifetime 2.670 mean 1.169 max age 34  season 102 conventional alive  60 births  1 deaths  1 best lifetime 1.788 mean 0.886 max age 56  (5.5s)
season 103 holistic     alive  60 births  0 deaths  0 best lifetime 2.689 mean 1.198 max age 35  season 103 conventional alive  60 births  0 deaths  0 best lifetime 2.467 mean 0.894 max age 57  (5.4s)
season 104 holistic     alive  60 births  0 deaths  0 best lifetime 2.768 mean 1.186 max age 36  season 104 conventional alive  60 births  0 deaths  0 best lifetime 1.891 mean 0.862 max age 58  (5.4s)
WARNING: Nan, Inf or huge value in QACC at DOF 14. The simulation is unstable. Time = 9.8000.

season 105 holistic     alive  60 births  0 deaths  0 best lifetime 2.838 mean 1.198 max age 37  season 105 conventional alive  60 births  0 deaths  0 best lifetime 2.726 mean 0.870 max age 59  (5.5s)
season 106 holistic     alive  60 births  0 deaths  0 best lifetime 2.955 mean 1.202 max age 38  season 106 conventional alive  60 births  3 deaths  3 best lifetime 1.923 mean 0.841 max age 59  (5.3s)
season 107 holistic     alive  60 births  0 deaths  0 best lifetime 3.166 mean 1.184 max age 39  season 107 conventional alive  60 births  2 deaths  2 best lifetime 2.312 mean 0.848 max age 58  (5.4s)
season 108 holistic     alive  60 births  0 deaths  0 best lifetime 3.105 mean 1.161 max age 40  season 108 conventional alive  60 births  0 deaths  0 best lifetime 1.568 mean 0.785 max age 59  (5.3s)
season 109 holistic     alive  60 births  0 deaths  0 best lifetime 3.051 mean 1.141 max age 41  season 109 conventional alive  60 births  3 deaths  3 best lifetime 1.512 mean 0.789 max age 57  (5.4s)
WARNING: Nan, Inf or huge value in QACC at DOF 30. The simulation is unstable. Time = 8.4800.

season 110 holistic     alive  60 births  0 deaths  0 best lifetime 2.910 mean 1.158 max age 42  season 110 conventional alive  60 births  0 deaths  0 best lifetime 1.458 mean 0.772 max age 58  (5.5s)
season 111 holistic     alive  60 births  0 deaths  0 best lifetime 2.825 mean 1.160 max age 43  season 111 conventional alive  60 births  1 deaths  1 best lifetime 1.519 mean 0.806 max age 59  (5.6s)
season 112 holistic     alive  60 births  0 deaths  0 best lifetime 2.705 mean 1.146 max age 44  season 112 conventional alive  60 births  2 deaths  2 best lifetime 1.553 mean 0.772 max age 58  (5.4s)
WARNING: Nan, Inf or huge value in QACC at DOF 10. The simulation is unstable. Time = 11.2750.

season 113 holistic     alive  60 births  0 deaths  0 best lifetime 2.635 mean 1.147 max age 45  season 113 conventional alive  60 births  1 deaths  1 best lifetime 1.527 mean 0.781 max age 59  (5.3s)
season 114 holistic     alive  60 births  0 deaths  0 best lifetime 2.532 mean 1.138 max age 46  season 114 conventional alive  60 births  2 deaths  2 best lifetime 2.476 mean 0.788 max age 58  (5.3s)
WARNING: Nan, Inf or huge value in QACC at DOF 20. The simulation is unstable. Time = 11.7350.

WARNING: Nan, Inf or huge value in QACC at DOF 20. The simulation is unstable. Time = 9.1550.

season 115 holistic     alive  60 births  0 deaths  0 best lifetime 2.437 mean 1.108 max age 47  season 115 conventional alive  60 births  2 deaths  2 best lifetime 3.998 mean 0.805 max age 59  (5.3s)
season 116 holistic     alive  60 births  0 deaths  0 best lifetime 2.420 mean 1.115 max age 48  season 116 conventional alive  60 births  2 deaths  2 best lifetime 2.532 mean 0.814 max age 54  (5.4s)
season 117 holistic     alive  60 births  0 deaths  0 best lifetime 2.369 mean 1.102 max age 49  season 117 conventional alive  60 births  2 deaths  2 best lifetime 1.759 mean 0.798 max age 55  (5.3s)
season 118 holistic     alive  60 births  1 deaths  1 best lifetime 2.322 mean 1.105 max age 50  season 118 conventional alive  60 births  2 deaths  2 best lifetime 1.997 mean 0.772 max age 56  (5.4s)
season 119 holistic     alive  60 births  0 deaths  0 best lifetime 2.278 mean 1.103 max age 51  season 119 conventional alive  60 births  1 deaths  1 best lifetime 2.483 mean 0.830 max age 57  (5.3s)
WARNING: Nan, Inf or huge value in QACC at DOF 13. The simulation is unstable. Time = 8.0450.

season 120 holistic     alive  60 births  0 deaths  0 best lifetime 2.299 mean 1.095 max age 52  season 120 conventional alive  60 births  2 deaths  2 best lifetime 2.333 mean 0.854 max age 58  (5.3s)
season 121 holistic     alive  60 births  0 deaths  0 best lifetime 2.289 mean 1.095 max age 53  season 121 conventional alive  60 births  1 deaths  1 best lifetime 1.669 mean 0.808 max age 59  (5.7s)
season 122 holistic     alive  60 births  1 deaths  1 best lifetime 2.308 mean 1.094 max age 54  season 122 conventional alive  60 births  2 deaths  2 best lifetime 1.813 mean 0.786 max age 59  (5.6s)
season 123 holistic     alive  60 births  0 deaths  0 best lifetime 2.298 mean 1.119 max age 55  season 123 conventional alive  60 births  5 deaths  5 best lifetime 3.356 mean 0.803 max age 58  (5.6s)
season 124 holistic     alive  60 births  0 deaths  0 best lifetime 2.261 mean 1.108 max age 56  season 124 conventional alive  60 births  1 deaths  1 best lifetime 2.039 mean 0.817 max age 59  (5.4s)
season 125 holistic     alive  60 births  0 deaths  0 best lifetime 2.252 mean 1.118 max age 57  season 125 conventional alive  60 births  2 deaths  2 best lifetime 2.122 mean 0.864 max age 59  (5.4s)
season 126 holistic     alive  60 births  0 deaths  0 best lifetime 2.245 mean 1.119 max age 58  season 126 conventional alive  60 births  3 deaths  3 best lifetime 2.663 mean 0.814 max age 59  (5.6s)
season 127 holistic     alive  60 births  0 deaths  0 best lifetime 2.186 mean 1.129 max age 59  season 127 conventional alive  60 births  3 deaths  3 best lifetime 2.258 mean 0.825 max age 59  (5.4s)
season 128 holistic     alive  60 births  1 deaths  1 best lifetime 2.255 mean 1.126 max age 58  season 128 conventional alive  60 births  3 deaths  3 best lifetime 2.168 mean 0.847 max age 59  (5.4s)
WARNING: Nan, Inf or huge value in QACC at DOF 10. The simulation is unstable. Time = 12.3650.

season 129 holistic     alive  60 births  0 deaths  0 best lifetime 2.248 mean 1.163 max age 59  season 129 conventional alive  60 births  3 deaths  3 best lifetime 2.380 mean 0.878 max age 58  (5.4s)
season 130 holistic     alive  60 births  1 deaths  1 best lifetime 2.217 mean 1.135 max age 59  season 130 conventional alive  60 births  0 deaths  0 best lifetime 3.371 mean 0.935 max age 59  (5.4s)
WARNING: Nan, Inf or huge value in QACC at DOF 0. The simulation is unstable. Time = 4.8750.

WARNING: Nan, Inf or huge value in QACC at DOF 0. The simulation is unstable. Time = 3.7050.

season 131 holistic     alive  60 births  3 deaths  3 best lifetime 2.188 mean 1.131 max age 59  season 131 conventional alive  60 births  4 deaths  4 best lifetime 2.349 mean 0.836 max age 59  (5.3s)
WARNING: Nan, Inf or huge value in QACC at DOF 10. The simulation is unstable. Time = 3.8100.

season 132 holistic     alive  60 births  1 deaths  1 best lifetime 3.867 mean 1.168 max age 58  season 132 conventional alive  60 births  6 deaths  6 best lifetime 3.657 mean 0.747 max age 59  (5.3s)
season 133 holistic     alive  60 births  0 deaths  0 best lifetime 2.376 mean 1.136 max age 59  season 133 conventional alive  60 births  3 deaths  3 best lifetime 2.579 mean 0.797 max age 58  (5.5s)
season 134 holistic     alive  60 births  2 deaths  2 best lifetime 2.194 mean 1.115 max age 57  season 134 conventional alive  60 births  2 deaths  2 best lifetime 2.604 mean 0.862 max age 59  (5.5s)
season 135 holistic     alive  60 births  1 deaths  1 best lifetime 2.965 mean 1.173 max age 58  season 135 conventional alive  60 births  3 deaths  3 best lifetime 2.671 mean 0.845 max age 59  (5.5s)
season 136 holistic     alive  60 births  1 deaths  1 best lifetime 2.143 mean 1.153 max age 59  season 136 conventional alive  60 births  3 deaths  3 best lifetime 2.872 mean 0.869 max age 59  (5.4s)
season 137 holistic     alive  60 births  1 deaths  1 best lifetime 2.298 mean 1.199 max age 58  season 137 conventional alive  60 births  3 deaths  3 best lifetime 2.819 mean 0.906 max age 59  (5.4s)
season 138 holistic     alive  60 births  0 deaths  0 best lifetime 2.949 mean 1.245 max age 59  season 138 conventional alive  60 births  2 deaths  2 best lifetime 2.989 mean 0.930 max age 59  (5.3s)
season 139 holistic     alive  60 births  3 deaths  3 best lifetime 3.149 mean 1.167 max age 59  season 139 conventional alive  60 births  3 deaths  3 best lifetime 2.691 mean 0.903 max age 59  (5.3s)
season 140 holistic     alive  60 births  4 deaths  4 best lifetime 3.616 mean 1.096 max age 59  season 140 conventional alive  60 births  2 deaths  2 best lifetime 2.492 mean 0.877 max age 59  (5.2s)
season 141 holistic     alive  60 births  6 deaths  6 best lifetime 3.234 mean 0.970 max age 59  season 141 conventional alive  60 births  4 deaths  4 best lifetime 2.269 mean 0.820 max age 59  (5.2s)
season 142 holistic     alive  60 births 12 deaths 12 best lifetime 2.948 mean 0.826 max age 59  season 142 conventional alive  60 births  6 deaths  6 best lifetime 2.193 mean 0.815 max age 58  (5.3s)
season 143 holistic     alive  60 births  2 deaths  2 best lifetime 5.951 mean 0.929 max age 59  season 143 conventional alive  60 births  0 deaths  0 best lifetime 2.629 mean 0.834 max age 59  (5.6s)
season 144 holistic     alive  60 births  8 deaths  8 best lifetime 2.951 mean 0.734 max age 59  season 144 conventional alive  60 births  3 deaths  3 best lifetime 2.137 mean 0.797 max age 58  (5.6s)
season 145 holistic     alive  60 births  5 deaths  5 best lifetime 3.970 mean 0.964 max age 59  season 145 conventional alive  60 births  0 deaths  0 best lifetime 2.135 mean 0.859 max age 59  (5.5s)
season 146 holistic     alive  60 births  7 deaths  7 best lifetime 3.955 mean 0.998 max age 59  season 146 conventional alive  60 births  4 deaths  4 best lifetime 1.960 mean 0.793 max age 59  (5.5s)
season 147 holistic     alive  60 births  1 deaths  1 best lifetime 2.487 mean 1.073 max age 59  season 147 conventional alive  60 births  2 deaths  2 best lifetime 1.903 mean 0.731 max age 59  (5.6s)
season 148 holistic     alive  60 births  2 deaths  2 best lifetime 2.465 mean 0.975 max age 59  season 148 conventional alive  60 births  6 deaths  6 best lifetime 1.689 mean 0.751 max age 59  (5.4s)
season 149 holistic     alive  60 births  4 deaths  4 best lifetime 2.415 mean 0.986 max age 59  season 149 conventional alive  60 births  2 deaths  2 best lifetime 2.478 mean 0.897 max age 56  (5.4s)
season 150 holistic     alive  60 births  5 deaths  5 best lifetime 2.592 mean 1.020 max age 57  season 150 conventional alive  60 births  1 deaths  1 best lifetime 1.796 mean 0.803 max age 57  (5.5s)
season 151 holistic     alive  60 births  0 deaths  0 best lifetime 2.420 mean 1.007 max age 58  season 151 conventional alive  60 births  3 deaths  3 best lifetime 1.828 mean 0.781 max age 58  (5.5s)
season 152 holistic     alive  60 births  1 deaths  1 best lifetime 2.338 mean 0.985 max age 59  season 152 conventional alive  60 births  0 deaths  0 best lifetime 1.912 mean 0.829 max age 59  (5.6s)
season 153 holistic     alive  60 births  2 deaths  2 best lifetime 2.265 mean 0.925 max age 59  season 153 conventional alive  60 births  3 deaths  3 best lifetime 1.824 mean 0.805 max age 56  (5.7s)
season 154 holistic     alive  60 births  2 deaths  2 best lifetime 2.247 mean 0.897 max age 58  season 154 conventional alive  60 births  4 deaths  4 best lifetime 1.755 mean 0.770 max age 57  (5.8s)
season 155 holistic     alive  60 births  0 deaths  0 best lifetime 2.951 mean 1.011 max age 59  season 155 conventional alive  60 births  1 deaths  1 best lifetime 4.268 mean 0.884 max age 58  (5.6s)
season 156 holistic     alive  60 births  1 deaths  1 best lifetime 2.517 mean 1.070 max age 59  season 156 conventional alive  60 births  0 deaths  0 best lifetime 2.614 mean 0.932 max age 59  (5.8s)
season 157 holistic     alive  60 births  4 deaths  4 best lifetime 2.702 mean 1.045 max age 55  season 157 conventional alive  60 births  1 deaths  1 best lifetime 2.059 mean 0.898 max age 59  (5.8s)
season 158 holistic     alive  60 births  2 deaths  2 best lifetime 3.794 mean 1.156 max age 56  season 158 conventional alive  60 births  1 deaths  1 best lifetime 1.869 mean 0.842 max age 57  (5.6s)
season 159 holistic     alive  60 births  1 deaths  1 best lifetime 3.294 mean 1.156 max age 57  season 159 conventional alive  60 births  1 deaths  1 best lifetime 1.776 mean 0.834 max age 58  (5.5s)
season 160 holistic     alive  60 births  0 deaths  0 best lifetime 2.653 mean 1.085 max age 58  season 160 conventional alive  60 births  1 deaths  1 best lifetime 5.393 mean 0.937 max age 59  (5.6s)
season 161 holistic     alive  60 births  1 deaths  1 best lifetime 2.604 mean 1.083 max age 59  season 161 conventional alive  60 births  1 deaths  1 best lifetime 3.892 mean 0.918 max age 59  (5.8s)
season 162 holistic     alive  60 births  2 deaths  2 best lifetime 2.627 mean 1.114 max age 40  season 162 conventional alive  60 births  1 deaths  1 best lifetime 2.392 mean 0.907 max age 56  (5.5s)
season 163 holistic     alive  60 births  0 deaths  0 best lifetime 2.466 mean 1.087 max age 41  season 163 conventional alive  60 births  1 deaths  1 best lifetime 2.914 mean 0.904 max age 57  (5.6s)
season 164 holistic     alive  60 births  1 deaths  1 best lifetime 2.449 mean 1.088 max age 42  season 164 conventional alive  60 births  1 deaths  1 best lifetime 2.404 mean 0.912 max age 58  (5.7s)
season 165 holistic     alive  60 births  0 deaths  0 best lifetime 2.433 mean 1.157 max age 43  season 165 conventional alive  60 births  1 deaths  1 best lifetime 2.897 mean 0.926 max age 59  (5.8s)
season 166 holistic     alive  60 births  3 deaths  3 best lifetime 2.451 mean 1.195 max age 44  season 166 conventional alive  60 births  4 deaths  4 best lifetime 2.199 mean 0.933 max age 57  (5.9s)
season 167 holistic     alive  60 births  0 deaths  0 best lifetime 2.972 mean 1.250 max age 45  season 167 conventional alive  60 births  0 deaths  0 best lifetime 1.900 mean 0.921 max age 58  (5.7s)
season 168 holistic     alive  60 births  0 deaths  0 best lifetime 2.449 mean 1.233 max age 46  season 168 conventional alive  60 births  0 deaths  0 best lifetime 1.828 mean 0.946 max age 59  (5.7s)
season 169 holistic     alive  60 births  0 deaths  0 best lifetime 2.377 mean 1.216 max age 47  season 169 conventional alive  60 births  2 deaths  2 best lifetime 1.828 mean 0.901 max age 57  (5.7s)
season 170 holistic     alive  60 births  1 deaths  1 best lifetime 2.482 mean 1.221 max age 48  season 170 conventional alive  60 births  2 deaths  2 best lifetime 1.871 mean 0.909 max age 58  (5.8s)
season 171 holistic     alive  60 births  0 deaths  0 best lifetime 2.502 mean 1.241 max age 49  season 171 conventional alive  60 births  2 deaths  2 best lifetime 1.788 mean 0.906 max age 59  (5.8s)
WARNING: Nan, Inf or huge value in QACC at DOF 20. The simulation is unstable. Time = 4.6700.

season 172 holistic     alive  60 births  1 deaths  1 best lifetime 2.521 mean 1.281 max age 50  season 172 conventional alive  60 births  2 deaths  2 best lifetime 1.842 mean 0.942 max age 59  (5.7s)
season 173 holistic     alive  60 births  0 deaths  0 best lifetime 2.422 mean 1.251 max age 51  season 173 conventional alive  60 births  1 deaths  1 best lifetime 2.278 mean 0.970 max age 59  (5.6s)
season 174 holistic     alive  60 births  0 deaths  0 best lifetime 2.683 mean 1.268 max age 52  season 174 conventional alive  60 births  2 deaths  2 best lifetime 1.850 mean 0.935 max age 59  (5.6s)
season 175 holistic     alive  60 births  0 deaths  0 best lifetime 3.030 mean 1.291 max age 53  season 175 conventional alive  60 births  1 deaths  1 best lifetime 1.973 mean 0.940 max age 59  (5.6s)
season 176 holistic     alive  60 births  0 deaths  0 best lifetime 2.907 mean 1.277 max age 54  season 176 conventional alive  60 births  1 deaths  1 best lifetime 2.362 mean 0.919 max age 58  (5.6s)
WARNING: Nan, Inf or huge value in QACC at DOF 0. The simulation is unstable. Time = 13.9250.

season 177 holistic     alive  60 births  0 deaths  0 best lifetime 3.170 mean 1.293 max age 55  season 177 conventional alive  60 births  0 deaths  0 best lifetime 2.155 mean 0.942 max age 59  (5.7s)
season 178 holistic     alive  60 births  0 deaths  0 best lifetime 3.057 mean 1.311 max age 56  season 178 conventional alive  60 births  3 deaths  3 best lifetime 2.080 mean 0.905 max age 58  (5.5s)
season 179 holistic     alive  60 births  0 deaths  0 best lifetime 2.884 mean 1.293 max age 57  season 179 conventional alive  60 births  0 deaths  0 best lifetime 1.979 mean 0.881 max age 59  (5.7s)
WARNING: Nan, Inf or huge value in QACC at DOF 0. The simulation is unstable. Time = 4.8700.

season 180 holistic     alive  60 births  0 deaths  0 best lifetime 2.806 mean 1.323 max age 58  season 180 conventional alive  60 births  1 deaths  1 best lifetime 1.961 mean 0.941 max age 59  (5.9s)
season 181 holistic     alive  60 births  0 deaths  0 best lifetime 2.673 mean 1.334 max age 59  season 181 conventional alive  60 births  1 deaths  1 best lifetime 3.361 mean 0.955 max age 59  (5.6s)
season 182 holistic     alive  60 births  1 deaths  1 best lifetime 2.640 mean 1.320 max age 52  season 182 conventional alive  60 births  1 deaths  1 best lifetime 1.893 mean 0.907 max age 59  (5.5s)
season 183 holistic     alive  60 births  0 deaths  0 best lifetime 2.970 mean 1.376 max age 53  season 183 conventional alive  60 births  2 deaths  2 best lifetime 1.849 mean 0.896 max age 58  (5.8s)
season 184 holistic     alive  60 births  0 deaths  0 best lifetime 2.757 mean 1.360 max age 54  season 184 conventional alive  60 births  0 deaths  0 best lifetime 2.451 mean 0.913 max age 59  (5.7s)
season 185 holistic     alive  60 births  0 deaths  0 best lifetime 2.709 mean 1.340 max age 55  season 185 conventional alive  60 births  1 deaths  1 best lifetime 1.728 mean 0.900 max age 59  (5.8s)
season 186 holistic     alive  60 births  0 deaths  0 best lifetime 2.662 mean 1.314 max age 56  season 186 conventional alive  60 births  4 deaths  4 best lifetime 1.664 mean 0.812 max age 59  (5.5s)
season 187 holistic     alive  60 births  0 deaths  0 best lifetime 2.618 mean 1.289 max age 57  season 187 conventional alive  60 births  3 deaths  3 best lifetime 1.650 mean 0.729 max age 59  (5.6s)
season 188 holistic     alive  60 births  0 deaths  0 best lifetime 2.719 mean 1.297 max age 58  season 188 conventional alive  60 births  5 deaths  5 best lifetime 1.772 mean 0.677 max age 59  (5.5s)
season 189 holistic     alive  60 births  0 deaths  0 best lifetime 2.746 mean 1.312 max age 59  season 189 conventional alive  60 births  3 deaths  3 best lifetime 1.758 mean 0.677 max age 58  (5.7s)
season 190 holistic     alive  60 births  1 deaths  1 best lifetime 2.680 mean 1.311 max age 59  season 190 conventional alive  60 births  2 deaths  2 best lifetime 2.444 mean 0.794 max age 59  (5.7s)
season 191 holistic     alive  60 births  1 deaths  1 best lifetime 2.640 mean 1.279 max age 57  season 191 conventional alive  60 births  4 deaths  4 best lifetime 3.476 mean 0.758 max age 59  (5.6s)
WARNING: Nan, Inf or huge value in QACC at DOF 10. The simulation is unstable. Time = 12.7700.

season 192 holistic     alive  60 births  0 deaths  0 best lifetime 2.688 mean 1.292 max age 58  season 192 conventional alive  60 births  4 deaths  4 best lifetime 2.474 mean 0.733 max age 59  (5.8s)
season 193 holistic     alive  60 births  0 deaths  0 best lifetime 2.649 mean 1.302 max age 59  season 193 conventional alive  60 births  3 deaths  3 best lifetime 2.529 mean 0.766 max age 59  (5.8s)
WARNING: Nan, Inf or huge value in QACC at DOF 3. The simulation is unstable. Time = 6.6800.

season 194 holistic     alive  60 births  3 deaths  3 best lifetime 2.633 mean 1.223 max age 59  season 194 conventional alive  60 births  1 deaths  1 best lifetime 1.538 mean 0.779 max age 59  (5.7s)
season 195 holistic     alive  60 births  1 deaths  1 best lifetime 2.658 mean 1.245 max age 58  season 195 conventional alive  60 births  4 deaths  4 best lifetime 1.750 mean 0.768 max age 59  (5.8s)
season 196 holistic     alive  60 births  0 deaths  0 best lifetime 2.601 mean 1.235 max age 59  season 196 conventional alive  60 births  3 deaths  3 best lifetime 1.509 mean 0.711 max age 59  (5.9s)
season 197 holistic     alive  60 births  1 deaths  1 best lifetime 2.547 mean 1.254 max age 58  season 197 conventional alive  60 births  2 deaths  2 best lifetime 2.626 mean 0.830 max age 58  (5.5s)
season 198 holistic     alive  60 births  2 deaths  2 best lifetime 2.503 mean 1.245 max age 59  season 198 conventional alive  60 births  1 deaths  1 best lifetime 2.128 mean 0.809 max age 59  (5.6s)
WARNING: Nan, Inf or huge value in QACC at DOF 15. The simulation is unstable. Time = 1.8300.

season 199 holistic     alive  60 births  3 deaths  3 best lifetime 2.602 mean 1.169 max age 59  season 199 conventional alive  60 births  2 deaths  2 best lifetime 2.003 mean 0.860 max age 59  (5.6s)
season 200 holistic     alive  60 births  2 deaths  2 best lifetime 2.608 mean 1.148 max age 59  season 200 conventional alive  60 births  3 deaths  3 best lifetime 1.850 mean 0.840 max age 59  (5.9s)
season 201 holistic     alive  60 births  4 deaths  4 best lifetime 2.824 mean 1.144 max age 59  season 201 conventional alive  60 births  4 deaths  4 best lifetime 2.265 mean 0.852 max age 59  (5.9s)
season 202 holistic     alive  60 births  6 deaths  6 best lifetime 2.972 mean 1.060 max age 59  season 202 conventional alive  60 births  4 deaths  4 best lifetime 3.590 mean 0.865 max age 58  (5.8s)
season 203 holistic     alive  60 births  4 deaths  4 best lifetime 5.965 mean 1.243 max age 59  season 203 conventional alive  60 births  1 deaths  1 best lifetime 2.594 mean 0.867 max age 59  (5.7s)
season 204 holistic     alive  60 births  9 deaths  9 best lifetime 5.465 mean 1.124 max age 59  season 204 conventional alive  60 births  2 deaths  2 best lifetime 1.704 mean 0.833 max age 57  (5.8s)
season 205 holistic     alive  60 births  5 deaths  5 best lifetime 5.952 mean 1.220 max age 59  season 205 conventional alive  60 births  0 deaths  0 best lifetime 4.550 mean 0.993 max age 58  (5.8s)
season 206 holistic     alive  60 births  5 deaths  5 best lifetime 4.953 mean 1.192 max age 59  season 206 conventional alive  60 births  1 deaths  1 best lifetime 3.548 mean 0.989 max age 59  (5.9s)
season 207 holistic     alive  60 births  3 deaths  3 best lifetime 3.953 mean 1.163 max age 59  season 207 conventional alive  60 births  2 deaths  2 best lifetime 3.884 mean 0.958 max age 59  (6.0s)
season 208 holistic     alive  60 births  2 deaths  2 best lifetime 2.953 mean 1.101 max age 59  season 208 conventional alive  60 births  4 deaths  4 best lifetime 2.800 mean 0.855 max age 57  (6.1s)
season 209 holistic     alive  60 births  4 deaths  4 best lifetime 2.753 mean 1.002 max age 59  season 209 conventional alive  60 births  3 deaths  3 best lifetime 2.350 mean 0.852 max age 58  (5.7s)
season 210 holistic     alive  60 births  4 deaths  4 best lifetime 3.152 mean 0.988 max age 58  season 210 conventional alive  60 births  1 deaths  1 best lifetime 2.498 mean 0.850 max age 59  (6.1s)
season 211 holistic     alive  60 births  3 deaths  3 best lifetime 5.986 mean 1.095 max age 59  season 211 conventional alive  60 births  4 deaths  4 best lifetime 1.858 mean 0.798 max age 58  (6.1s)
season 212 holistic     alive  60 births  1 deaths  1 best lifetime 3.984 mean 1.034 max age 59  season 212 conventional alive  60 births  0 deaths  0 best lifetime 2.204 mean 0.873 max age 59  (6.5s)
season 213 holistic     alive  60 births  2 deaths  2 best lifetime 3.886 mean 1.099 max age 59  season 213 conventional alive  60 births  2 deaths  2 best lifetime 1.968 mean 0.826 max age 59  (6.2s)
season 214 holistic     alive  60 births  4 deaths  4 best lifetime 2.976 mean 1.034 max age 57  season 214 conventional alive  60 births  4 deaths  4 best lifetime 1.979 mean 0.798 max age 59  (6.2s)
season 215 holistic     alive  60 births  0 deaths  0 best lifetime 2.854 mean 1.081 max age 58  season 215 conventional alive  60 births  2 deaths  2 best lifetime 3.496 mean 0.878 max age 58  (6.4s)
season 216 holistic     alive  60 births  0 deaths  0 best lifetime 3.026 mean 1.045 max age 59  season 216 conventional alive  60 births  0 deaths  0 best lifetime 3.500 mean 0.845 max age 59  (5.9s)
season 217 holistic     alive  60 births  4 deaths  4 best lifetime 3.086 mean 0.999 max age 59  season 217 conventional alive  60 births  1 deaths  1 best lifetime 2.821 mean 0.826 max age 59  (6.6s)
season 218 holistic     alive  60 births  2 deaths  2 best lifetime 2.906 mean 1.070 max age 59  season 218 conventional alive  60 births  1 deaths  1 best lifetime 2.237 mean 0.833 max age 59  (6.3s)
season 219 holistic     alive  60 births  2 deaths  2 best lifetime 2.752 mean 1.052 max age 58  season 219 conventional alive  60 births  2 deaths  2 best lifetime 1.886 mean 0.819 max age 58  (6.3s)
season 220 holistic     alive  60 births  1 deaths  1 best lifetime 2.751 mean 1.097 max age 59  season 220 conventional alive  60 births  1 deaths  1 best lifetime 1.792 mean 0.857 max age 59  (6.3s)
season 221 holistic     alive  60 births  1 deaths  1 best lifetime 2.944 mean 1.072 max age 57  season 221 conventional alive  60 births  3 deaths  3 best lifetime 1.836 mean 0.804 max age 51  (6.1s)
season 222 holistic     alive  60 births  1 deaths  1 best lifetime 3.144 mean 1.107 max age 58  season 222 conventional alive  60 births  0 deaths  0 best lifetime 2.002 mean 0.808 max age 52  (6.5s)
season 223 holistic     alive  60 births  0 deaths  0 best lifetime 3.957 mean 1.181 max age 59  season 223 conventional alive  60 births  1 deaths  1 best lifetime 1.836 mean 0.806 max age 53  (6.8s)
season 224 holistic     alive  60 births  1 deaths  1 best lifetime 3.234 mean 1.111 max age 58  season 224 conventional alive  60 births  0 deaths  0 best lifetime 1.901 mean 0.782 max age 54  (6.2s)
season 225 holistic     alive  60 births  1 deaths  1 best lifetime 2.946 mean 1.119 max age 59  season 225 conventional alive  60 births  1 deaths  1 best lifetime 1.954 mean 0.755 max age 55  (6.5s)
season 226 holistic     alive  60 births  4 deaths  4 best lifetime 3.056 mean 1.079 max age 56  season 226 conventional alive  60 births  1 deaths  1 best lifetime 2.002 mean 0.760 max age 56  (6.3s)
season 227 holistic     alive  60 births  0 deaths  0 best lifetime 2.962 mean 1.133 max age 57  season 227 conventional alive  60 births  1 deaths  1 best lifetime 1.965 mean 0.812 max age 57  (6.3s)
season 228 holistic     alive  60 births  0 deaths  0 best lifetime 3.296 mean 1.171 max age 58  season 228 conventional alive  60 births  0 deaths  0 best lifetime 1.994 mean 0.828 max age 58  (6.4s)
season 229 holistic     alive  60 births  1 deaths  1 best lifetime 3.113 mean 1.182 max age 59  season 229 conventional alive  60 births  0 deaths  0 best lifetime 1.837 mean 0.815 max age 59  (6.4s)
season 230 holistic     alive  60 births  2 deaths  2 best lifetime 3.177 mean 1.192 max age 58  season 230 conventional alive  60 births  3 deaths  3 best lifetime 1.815 mean 0.781 max age 59  (6.2s)
season 231 holistic     alive  60 births  0 deaths  0 best lifetime 3.852 mean 1.273 max age 59  season 231 conventional alive  60 births  1 deaths  1 best lifetime 2.441 mean 0.830 max age 59  (6.3s)
season 232 holistic     alive  60 births  1 deaths  1 best lifetime 3.079 mean 1.273 max age 50  season 232 conventional alive  60 births  1 deaths  1 best lifetime 1.976 mean 0.855 max age 59  (6.5s)
season 233 holistic     alive  60 births  0 deaths  0 best lifetime 3.192 mean 1.298 max age 51  season 233 conventional alive  60 births  1 deaths  1 best lifetime 1.714 mean 0.823 max age 59  (6.3s)
season 234 holistic     alive  60 births  0 deaths  0 best lifetime 3.005 mean 1.277 max age 52  season 234 conventional alive  60 births  3 deaths  3 best lifetime 1.552 mean 0.818 max age 59  (6.3s)
season 235 holistic     alive  60 births  0 deaths  0 best lifetime 2.947 mean 1.266 max age 53  season 235 conventional alive  60 births  1 deaths  1 best lifetime 1.553 mean 0.860 max age 57  (6.0s)
season 236 holistic     alive  60 births  0 deaths  0 best lifetime 3.105 mean 1.249 max age 54  season 236 conventional alive  60 births  0 deaths  0 best lifetime 2.543 mean 0.815 max age 58  (6.3s)
season 237 holistic     alive  60 births  1 deaths  1 best lifetime 3.147 mean 1.245 max age 55  season 237 conventional alive  60 births  1 deaths  1 best lifetime 1.580 mean 0.773 max age 59  (6.4s)
season 238 holistic     alive  60 births  0 deaths  0 best lifetime 3.327 mean 1.270 max age 56  season 238 conventional alive  60 births  3 deaths  3 best lifetime 1.613 mean 0.741 max age 58  (6.4s)
season 239 holistic     alive  60 births  0 deaths  0 best lifetime 3.173 mean 1.284 max age 57  season 239 conventional alive  60 births  3 deaths  3 best lifetime 1.588 mean 0.749 max age 59  (6.1s)
season 240 holistic     alive  60 births  0 deaths  0 best lifetime 3.119 mean 1.284 max age 58  season 240 conventional alive  60 births  2 deaths  2 best lifetime 2.564 mean 0.770 max age 59  (6.3s)
season 241 holistic     alive  60 births  0 deaths  0 best lifetime 3.196 mean 1.305 max age 59  season 241 conventional alive  60 births  2 deaths  2 best lifetime 1.503 mean 0.779 max age 59  (6.6s)
season 242 holistic     alive  60 births  1 deaths  1 best lifetime 3.106 mean 1.267 max age 51  season 242 conventional alive  60 births  1 deaths  1 best lifetime 2.220 mean 0.811 max age 56  (6.2s)
season 243 holistic     alive  60 births  0 deaths  0 best lifetime 3.253 mean 1.296 max age 52  season 243 conventional alive  60 births  0 deaths  0 best lifetime 5.533 mean 0.909 max age 57  (6.4s)
season 244 holistic     alive  60 births  0 deaths  0 best lifetime 3.241 mean 1.284 max age 53  season 244 conventional alive  60 births  0 deaths  0 best lifetime 3.034 mean 0.860 max age 58  (6.1s)
season 245 holistic     alive  60 births  0 deaths  0 best lifetime 3.231 mean 1.279 max age 54  season 245 conventional alive  60 births  0 deaths  0 best lifetime 2.201 mean 0.828 max age 59  (6.3s)
season 246 holistic     alive  60 births  0 deaths  0 best lifetime 3.290 mean 1.271 max age 55  season 246 conventional alive  60 births  2 deaths  2 best lifetime 2.534 mean 0.806 max age 59  (6.3s)
season 247 holistic     alive  60 births  0 deaths  0 best lifetime 3.178 mean 1.276 max age 56  season 247 conventional alive  60 births  2 deaths  2 best lifetime 1.928 mean 0.777 max age 59  (6.4s)
season 248 holistic     alive  60 births  0 deaths  0 best lifetime 3.170 mean 1.284 max age 57  season 248 conventional alive  60 births  1 deaths  1 best lifetime 1.529 mean 0.795 max age 59  (6.6s)
season 249 holistic     alive  60 births  0 deaths  0 best lifetime 3.070 mean 1.277 max age 58  season 249 conventional alive  60 births  3 deaths  3 best lifetime 1.461 mean 0.757 max age 59  (6.4s)
season 250 holistic     alive  60 births  0 deaths  0 best lifetime 3.067 mean 1.275 max age 59  season 250 conventional alive  60 births  1 deaths  1 best lifetime 1.475 mean 0.729 max age 59  (6.2s)
season 251 holistic     alive  60 births  1 deaths  1 best lifetime 3.122 mean 1.248 max age 57  season 251 conventional alive  60 births  6 deaths  6 best lifetime 1.438 mean 0.695 max age 59  (6.3s)
season 252 holistic     alive  60 births  0 deaths  0 best lifetime 3.088 mean 1.265 max age 58  season 252 conventional alive  60 births  2 deaths  2 best lifetime 1.414 mean 0.660 max age 59  (6.0s)
season 253 holistic     alive  60 births  0 deaths  0 best lifetime 3.056 mean 1.251 max age 59  season 253 conventional alive  60 births  4 deaths  4 best lifetime 1.207 mean 0.632 max age 59  (6.6s)
season 254 holistic     alive  60 births  1 deaths  1 best lifetime 3.080 mean 1.237 max age 56  season 254 conventional alive  60 births  4 deaths  4 best lifetime 1.647 mean 0.676 max age 59  (6.1s)
season 255 holistic     alive  60 births  0 deaths  0 best lifetime 3.155 mean 1.248 max age 57  season 255 conventional alive  60 births  2 deaths  2 best lifetime 1.517 mean 0.704 max age 59  (6.5s)
season 256 holistic     alive  60 births  0 deaths  0 best lifetime 3.175 mean 1.285 max age 58  season 256 conventional alive  60 births  6 deaths  6 best lifetime 1.495 mean 0.654 max age 59  (6.2s)
season 257 holistic     alive  60 births  0 deaths  0 best lifetime 3.094 mean 1.263 max age 59  season 257 conventional alive  60 births  1 deaths  1 best lifetime 1.732 mean 0.660 max age 59  (6.5s)
WARNING: Nan, Inf or huge value in QACC at DOF 7. The simulation is unstable. Time = 1.9600.

season 258 holistic     alive  60 births  3 deaths  3 best lifetime 3.188 mean 1.200 max age 59  season 258 conventional alive  60 births  3 deaths  3 best lifetime 1.640 mean 0.705 max age 59  (6.2s)
season 259 holistic     alive  60 births  1 deaths  1 best lifetime 3.373 mean 1.216 max age 59  season 259 conventional alive  60 births  3 deaths  3 best lifetime 1.623 mean 0.655 max age 59  (6.5s)
season 260 holistic     alive  60 births  1 deaths  1 best lifetime 3.363 mean 1.211 max age 59  season 260 conventional alive  60 births  3 deaths  3 best lifetime 1.980 mean 0.723 max age 59  (6.5s)
WARNING: Nan, Inf or huge value in QACC at DOF 42. The simulation is unstable. Time = 4.8750.

season 261 holistic     alive  60 births  3 deaths  3 best lifetime 3.354 mean 1.181 max age 59  season 261 conventional alive  60 births  3 deaths  3 best lifetime 1.698 mean 0.711 max age 59  (6.4s)
season 262 holistic     alive  60 births  5 deaths  5 best lifetime 4.977 mean 1.199 max age 59  season 262 conventional alive  60 births  2 deaths  2 best lifetime 1.594 mean 0.715 max age 58  (6.3s)
season 263 holistic     alive  60 births  2 deaths  2 best lifetime 4.977 mean 1.238 max age 59  season 263 conventional alive  60 births  1 deaths  1 best lifetime 1.754 mean 0.718 max age 59  (6.1s)
season 264 holistic     alive  60 births  6 deaths  6 best lifetime 3.645 mean 1.078 max age 59  season 264 conventional alive  60 births  2 deaths  2 best lifetime 1.601 mean 0.729 max age 57  (6.7s)
season 265 holistic     alive  60 births  3 deaths  3 best lifetime 3.978 mean 1.092 max age 59  season 265 conventional alive  60 births  1 deaths  1 best lifetime 1.642 mean 0.736 max age 58  (6.3s)
season 266 holistic     alive  60 births  3 deaths  3 best lifetime 3.979 mean 1.093 max age 59  season 266 conventional alive  60 births  0 deaths  0 best lifetime 3.526 mean 0.794 max age 59  (6.1s)
season 267 holistic     alive  60 births  3 deaths  3 best lifetime 3.646 mean 1.099 max age 59  season 267 conventional alive  60 births  1 deaths  1 best lifetime 1.989 mean 0.763 max age 59  (6.7s)
season 268 holistic     alive  60 births  3 deaths  3 best lifetime 3.265 mean 1.112 max age 59  season 268 conventional alive  60 births  2 deaths  2 best lifetime 2.159 mean 0.737 max age 58  (6.7s)
WARNING: Nan, Inf or huge value in QACC at DOF 20. The simulation is unstable. Time = 14.4300.

season 269 holistic     alive  60 births  4 deaths  4 best lifetime 12.955 mean 1.285 max age 59  season 269 conventional alive  60 births  1 deaths  1 best lifetime 1.988 mean 0.765 max age 59  (6.5s)
WARNING: Nan, Inf or huge value in QACC at DOF 33. The simulation is unstable. Time = 6.7150.

season 270 holistic     alive  60 births  5 deaths  5 best lifetime 8.456 mean 1.212 max age 59  season 270 conventional alive  60 births  1 deaths  1 best lifetime 2.085 mean 0.770 max age 59  (6.4s)
WARNING: Nan, Inf or huge value in QACC at DOF 0. The simulation is unstable. Time = 10.5300.

season 271 holistic     alive  60 births  3 deaths  3 best lifetime 6.623 mean 1.145 max age 59  season 271 conventional alive  60 births  2 deaths  2 best lifetime 1.987 mean 0.736 max age 58  (6.6s)
season 272 holistic     alive  60 births  2 deaths  2 best lifetime 5.954 mean 1.228 max age 59  season 272 conventional alive  60 births  1 deaths  1 best lifetime 1.915 mean 0.748 max age 59  (6.3s)
season 273 holistic     alive  60 births  1 deaths  1 best lifetime 5.557 mean 1.211 max age 59  season 273 conventional alive  60 births  3 deaths  3 best lifetime 1.612 mean 0.755 max age 59  (6.4s)
season 274 holistic     alive  60 births  5 deaths  5 best lifetime 4.957 mean 1.144 max age 57  season 274 conventional alive  60 births  4 deaths  4 best lifetime 2.240 mean 0.751 max age 59  (6.3s)
season 275 holistic     alive  60 births  1 deaths  1 best lifetime 4.672 mean 1.142 max age 58  season 275 conventional alive  60 births  5 deaths  5 best lifetime 1.807 mean 0.679 max age 58  (6.3s)
season 276 holistic     alive  60 births  0 deaths  0 best lifetime 4.207 mean 1.147 max age 59  season 276 conventional alive  60 births  3 deaths  3 best lifetime 1.982 mean 0.681 max age 59  (6.2s)
season 277 holistic     alive  60 births  6 deaths  6 best lifetime 3.958 mean 0.990 max age 59  season 277 conventional alive  60 births  3 deaths  3 best lifetime 1.665 mean 0.687 max age 59  (6.2s)
WARNING: Nan, Inf or huge value in QACC at DOF 6. The simulation is unstable. Time = 4.8850.

season 278 holistic     alive  60 births  3 deaths  3 best lifetime 3.758 mean 1.042 max age 59  season 278 conventional alive  60 births  3 deaths  3 best lifetime 1.480 mean 0.749 max age 59  (6.6s)
WARNING: Nan, Inf or huge value in QACC at DOF 14. The simulation is unstable. Time = 6.5050.

season 279 holistic     alive  60 births  1 deaths  1 best lifetime 3.503 mean 1.097 max age 59  season 279 conventional alive  60 births  1 deaths  1 best lifetime 1.629 mean 0.759 max age 58  (6.4s)
season 280 holistic     alive  60 births  2 deaths  2 best lifetime 3.460 mean 1.105 max age 59  season 280 conventional alive  60 births  0 deaths  0 best lifetime 1.437 mean 0.715 max age 59  (6.5s)
season 281 holistic     alive  60 births  2 deaths  2 best lifetime 3.627 mean 1.134 max age 59  season 281 conventional alive  60 births  2 deaths  2 best lifetime 1.343 mean 0.683 max age 55  (6.5s)
season 282 holistic     alive  60 births  3 deaths  3 best lifetime 3.672 mean 1.108 max age 58  season 282 conventional alive  60 births  1 deaths  1 best lifetime 2.576 mean 0.721 max age 56  (6.8s)
season 283 holistic     alive  60 births  0 deaths  0 best lifetime 3.491 mean 1.122 max age 59  season 283 conventional alive  60 births  2 deaths  2 best lifetime 2.492 mean 0.728 max age 57  (6.5s)
season 284 holistic     alive  60 births  1 deaths  1 best lifetime 3.395 mean 1.122 max age 58  season 284 conventional alive  60 births  1 deaths  1 best lifetime 1.540 mean 0.767 max age 58  (6.6s)
WARNING: Nan, Inf or huge value in QACC at DOF 14. The simulation is unstable. Time = 13.8600.

season 285 holistic     alive  60 births  0 deaths  0 best lifetime 3.956 mean 1.181 max age 59  season 285 conventional alive  60 births  1 deaths  1 best lifetime 1.976 mean 0.770 max age 59  (6.3s)
season 286 holistic     alive  60 births  4 deaths  4 best lifetime 3.955 mean 1.189 max age 56  season 286 conventional alive  60 births  1 deaths  1 best lifetime 2.134 mean 0.776 max age 59  (6.5s)
season 287 holistic     alive  60 births  0 deaths  0 best lifetime 3.327 mean 1.182 max age 57  season 287 conventional alive  60 births  1 deaths  1 best lifetime 3.938 mean 0.832 max age 57  (6.8s)
season 288 holistic     alive  60 births  0 deaths  0 best lifetime 3.458 mean 1.221 max age 58  season 288 conventional alive  60 births  0 deaths  0 best lifetime 2.431 mean 0.832 max age 58  (6.6s)
season 289 holistic     alive  60 births  0 deaths  0 best lifetime 3.625 mean 1.241 max age 59  season 289 conventional alive  60 births  0 deaths  0 best lifetime 1.810 mean 0.840 max age 59  (6.3s)
season 290 holistic     alive  60 births  4 deaths  4 best lifetime 3.544 mean 1.204 max age 58  season 290 conventional alive  60 births  2 deaths  2 best lifetime 1.672 mean 0.770 max age 56  (6.3s)
season 291 holistic     alive  60 births  0 deaths  0 best lifetime 3.523 mean 1.247 max age 59  season 291 conventional alive  60 births  2 deaths  2 best lifetime 1.574 mean 0.784 max age 57  (6.3s)
season 292 holistic     alive  60 births  1 deaths  1 best lifetime 3.458 mean 1.215 max age 55  season 292 conventional alive  60 births  0 deaths  0 best lifetime 4.405 mean 0.849 max age 58  (6.4s)
season 293 holistic     alive  60 births  0 deaths  0 best lifetime 3.518 mean 1.250 max age 56  season 293 conventional alive  60 births  0 deaths  0 best lifetime 2.914 mean 0.847 max age 59  (6.5s)
season 294 holistic     alive  60 births  0 deaths  0 best lifetime 3.612 mean 1.262 max age 57  season 294 conventional alive  60 births  1 deaths  1 best lifetime 2.413 mean 0.812 max age 59  (6.2s)
season 295 holistic     alive  60 births  0 deaths  0 best lifetime 3.477 mean 1.236 max age 58  season 295 conventional alive  60 births  1 deaths  1 best lifetime 2.662 mean 0.804 max age 57  (6.4s)
WARNING: Nan, Inf or huge value in QACC at DOF 23. The simulation is unstable. Time = 5.5150.

season 296 holistic     alive  60 births  1 deaths  1 best lifetime 3.458 mean 1.229 max age 59  season 296 conventional alive  60 births  0 deaths  0 best lifetime 2.008 mean 0.817 max age 58  (6.3s)
season 297 holistic     alive  60 births  2 deaths  2 best lifetime 3.544 mean 1.237 max age 55  season 297 conventional alive  60 births  1 deaths  1 best lifetime 1.908 mean 0.831 max age 59  (6.4s)
season 298 holistic     alive  60 births  3 deaths  3 best lifetime 3.525 mean 1.268 max age 56  season 298 conventional alive  60 births  1 deaths  1 best lifetime 1.695 mean 0.789 max age 59  (6.4s)
season 299 holistic     alive  60 births  0 deaths  0 best lifetime 5.899 mean 1.392 max age 57  season 299 conventional alive  60 births  5 deaths  5 best lifetime 1.788 mean 0.766 max age 59  (6.3s)
season 300 holistic     alive  60 births  0 deaths  0 best lifetime 3.458 mean 1.362 max age 58  season 300 conventional alive  60 births  1 deaths  1 best lifetime 2.480 mean 0.791 max age 59  (6.5s)
season 301 holistic     alive  60 births  2 deaths  2 best lifetime 3.568 mean 1.379 max age 59  season 301 conventional alive  60 births  3 deaths  3 best lifetime 4.370 mean 0.914 max age 59  (6.4s)
season 302 holistic     alive  60 births  1 deaths  1 best lifetime 3.517 mean 1.342 max age 48  season 302 conventional alive  60 births  2 deaths  2 best lifetime 1.862 mean 0.829 max age 55  (6.1s)
season 303 holistic     alive  60 births  1 deaths  1 best lifetime 3.501 mean 1.338 max age 49  season 303 conventional alive  60 births  1 deaths  1 best lifetime 1.486 mean 0.812 max age 56  (6.2s)
season 304 holistic     alive  60 births  0 deaths  0 best lifetime 3.513 mean 1.327 max age 50  season 304 conventional alive  60 births  2 deaths  2 best lifetime 1.866 mean 0.820 max age 57  (6.2s)
season 305 holistic     alive  60 births  1 deaths  1 best lifetime 3.836 mean 1.366 max age 51  season 305 conventional alive  60 births  1 deaths  1 best lifetime 1.738 mean 0.857 max age 58  (6.2s)
season 306 holistic     alive  60 births  0 deaths  0 best lifetime 3.661 mean 1.378 max age 52  season 306 conventional alive  60 births  1 deaths  1 best lifetime 1.524 mean 0.839 max age 59  (6.3s)
season 307 holistic     alive  60 births  0 deaths  0 best lifetime 3.589 mean 1.395 max age 53  season 307 conventional alive  60 births  2 deaths  2 best lifetime 1.494 mean 0.832 max age 56  (6.3s)
season 308 holistic     alive  60 births  0 deaths  0 best lifetime 3.479 mean 1.384 max age 54  season 308 conventional alive  60 births  1 deaths  1 best lifetime 3.470 mean 0.902 max age 57  (6.2s)
season 309 holistic     alive  60 births  0 deaths  0 best lifetime 3.619 mean 1.380 max age 55  season 309 conventional alive  60 births  0 deaths  0 best lifetime 5.412 mean 0.963 max age 58  (6.0s)
season 310 holistic     alive  60 births  0 deaths  0 best lifetime 3.479 mean 1.371 max age 56  season 310 conventional alive  60 births  0 deaths  0 best lifetime 2.417 mean 0.876 max age 59  (6.2s)
season 311 holistic     alive  60 births  0 deaths  0 best lifetime 3.535 mean 1.365 max age 57  season 311 conventional alive  60 births  2 deaths  2 best lifetime 1.718 mean 0.830 max age 59  (6.3s)
WARNING: Nan, Inf or huge value in QACC at DOF 11. The simulation is unstable. Time = 2.4250.

season 312 holistic     alive  60 births  1 deaths  1 best lifetime 3.551 mean 1.349 max age 58  season 312 conventional alive  60 births  2 deaths  2 best lifetime 1.559 mean 0.809 max age 59  (6.2s)
season 313 holistic     alive  60 births  0 deaths  0 best lifetime 3.496 mean 1.383 max age 59  season 313 conventional alive  60 births  2 deaths  2 best lifetime 2.463 mean 0.853 max age 59  (6.4s)
season 314 holistic     alive  60 births  1 deaths  1 best lifetime 3.446 mean 1.374 max age 56  season 314 conventional alive  60 births  3 deaths  3 best lifetime 1.481 mean 0.817 max age 59  (6.0s)
season 315 holistic     alive  60 births  0 deaths  0 best lifetime 3.431 mean 1.365 max age 57  season 315 conventional alive  60 births  3 deaths  3 best lifetime 1.507 mean 0.818 max age 59  (6.0s)
season 316 holistic     alive  60 births  0 deaths  0 best lifetime 3.437 mean 1.359 max age 58  season 316 conventional alive  60 births  4 deaths  4 best lifetime 6.299 mean 0.871 max age 59  (6.3s)
season 317 holistic     alive  60 births  0 deaths  0 best lifetime 3.465 mean 1.350 max age 59  season 317 conventional alive  60 births  3 deaths  3 best lifetime 3.802 mean 0.779 max age 59  (5.9s)
season 318 holistic     alive  60 births  2 deaths  2 best lifetime 3.418 mean 1.320 max age 59  season 318 conventional alive  60 births  4 deaths  4 best lifetime 2.965 mean 0.772 max age 59  (6.4s)
season 319 holistic     alive  60 births  1 deaths  1 best lifetime 3.409 mean 1.301 max age 58  season 319 conventional alive  60 births  3 deaths  3 best lifetime 2.046 mean 0.723 max age 59  (6.1s)
season 320 holistic     alive  60 births  0 deaths  0 best lifetime 3.400 mean 1.344 max age 59  season 320 conventional alive  60 births  5 deaths  5 best lifetime 2.441 mean 0.748 max age 59  (6.1s)
season 321 holistic     alive  60 births  3 deaths  3 best lifetime 3.448 mean 1.273 max age 59  season 321 conventional alive  60 births  4 deaths  4 best lifetime 1.463 mean 0.672 max age 59  (6.0s)
season 322 holistic     alive  60 births  3 deaths  3 best lifetime 3.402 mean 1.218 max age 58  season 322 conventional alive  60 births  6 deaths  6 best lifetime 2.435 mean 0.771 max age 58  (6.4s)
season 323 holistic     alive  60 births  1 deaths  1 best lifetime 3.982 mean 1.313 max age 59  season 323 conventional alive  60 births  0 deaths  0 best lifetime 2.638 mean 0.818 max age 59  (6.0s)
WARNING: Nan, Inf or huge value in QACC at DOF 5. The simulation is unstable. Time = 11.9650.

season 324 holistic     alive  60 births  4 deaths  4 best lifetime 3.422 mean 1.266 max age 59  season 324 conventional alive  60 births  5 deaths  5 best lifetime 2.778 mean 0.770 max age 59  (6.0s)
season 325 holistic     alive  60 births  3 deaths  3 best lifetime 3.361 mean 1.197 max age 59  season 325 conventional alive  60 births  1 deaths  1 best lifetime 2.193 mean 0.702 max age 58  (6.0s)
season 326 holistic     alive  60 births  3 deaths  3 best lifetime 3.360 mean 1.255 max age 59  season 326 conventional alive  60 births  2 deaths  2 best lifetime 2.043 mean 0.725 max age 59  (6.1s)
season 327 holistic     alive  60 births  2 deaths  2 best lifetime 3.282 mean 1.240 max age 59  season 327 conventional alive  60 births  2 deaths  2 best lifetime 1.725 mean 0.767 max age 59  (6.2s)
season 328 holistic     alive  60 births  2 deaths  2 best lifetime 3.261 mean 1.237 max age 59  season 328 conventional alive  60 births  3 deaths  3 best lifetime 1.963 mean 0.740 max age 59  (6.3s)
season 329 holistic     alive  60 births  4 deaths  4 best lifetime 3.196 mean 1.220 max age 59  season 329 conventional alive  60 births  4 deaths  4 best lifetime 2.055 mean 0.748 max age 57  (6.1s)
season 330 holistic     alive  60 births  4 deaths  4 best lifetime 3.175 mean 1.110 max age 59  season 330 conventional alive  60 births  1 deaths  1 best lifetime 1.839 mean 0.730 max age 58  (6.2s)
season 331 holistic     alive  60 births  3 deaths  3 best lifetime 3.877 mean 1.215 max age 59  season 331 conventional alive  60 births  2 deaths  2 best lifetime 1.794 mean 0.763 max age 59  (6.0s)
WARNING: Nan, Inf or huge value in QACC at DOF 0. The simulation is unstable. Time = 4.8750.

season 332 holistic     alive  60 births  2 deaths  2 best lifetime 3.202 mean 1.211 max age 58  season 332 conventional alive  60 births  1 deaths  1 best lifetime 2.465 mean 0.881 max age 59  (6.2s)
WARNING: Nan, Inf or huge value in QACC at DOF 0. The simulation is unstable. Time = 5.9750.

season 333 holistic     alive  60 births  1 deaths  1 best lifetime 3.252 mean 1.303 max age 59  season 333 conventional alive  60 births  3 deaths  3 best lifetime 2.441 mean 0.867 max age 59  (6.1s)
season 334 holistic     alive  60 births  3 deaths  3 best lifetime 3.280 mean 1.320 max age 57  season 334 conventional alive  60 births  3 deaths  3 best lifetime 2.462 mean 0.873 max age 59  (5.8s)
season 335 holistic     alive  60 births  1 deaths  1 best lifetime 5.988 mean 1.501 max age 58  season 335 conventional alive  60 births  4 deaths  4 best lifetime 2.465 mean 0.889 max age 59  (6.2s)
season 336 holistic     alive  60 births  0 deaths  0 best lifetime 3.492 mean 1.424 max age 59  season 336 conventional alive  60 births  3 deaths  3 best lifetime 2.276 mean 0.826 max age 59  (5.9s)
season 337 holistic     alive  60 births  4 deaths  4 best lifetime 3.376 mean 1.265 max age 59  season 337 conventional alive  60 births  6 deaths  6 best lifetime 3.526 mean 0.826 max age 59  (6.1s)
season 338 holistic     alive  60 births  3 deaths  3 best lifetime 3.442 mean 1.284 max age 59  season 338 conventional alive  60 births  1 deaths  1 best lifetime 5.448 mean 0.879 max age 57  (6.1s)
WARNING: Nan, Inf or huge value in QACC at DOF 13. The simulation is unstable. Time = 10.3200.

WARNING: Nan, Inf or huge value in QACC at DOF 4. The simulation is unstable. Time = 6.5650.

season 339 holistic     alive  60 births  1 deaths  1 best lifetime 3.805 mean 1.319 max age 59  season 339 conventional alive  60 births  1 deaths  1 best lifetime 2.979 mean 0.964 max age 58  (6.2s)
season 340 holistic     alive  60 births  2 deaths  2 best lifetime 5.863 mean 1.401 max age 59  season 340 conventional alive  60 births  0 deaths  0 best lifetime 2.559 mean 0.992 max age 59  (6.0s)
WARNING: Nan, Inf or huge value in QACC at DOF 20. The simulation is unstable. Time = 13.6700.

season 341 holistic     alive  60 births  2 deaths  2 best lifetime 3.913 mean 1.400 max age 59  season 341 conventional alive  60 births  2 deaths  2 best lifetime 2.554 mean 0.955 max age 58  (6.2s)
season 342 holistic     alive  60 births  3 deaths  3 best lifetime 3.531 mean 1.360 max age 58  season 342 conventional alive  60 births  0 deaths  0 best lifetime 2.421 mean 0.987 max age 59  (6.1s)
season 343 holistic     alive  60 births  0 deaths  0 best lifetime 5.962 mean 1.460 max age 59  season 343 conventional alive  60 births  2 deaths  2 best lifetime 2.244 mean 0.965 max age 59  (6.2s)
season 344 holistic     alive  60 births  1 deaths  1 best lifetime 3.966 mean 1.327 max age 58  season 344 conventional alive  60 births  2 deaths  2 best lifetime 2.398 mean 0.976 max age 59  (6.2s)
WARNING: Nan, Inf or huge value in QACC at DOF 0. The simulation is unstable. Time = 7.8750.

season 345 holistic     alive  60 births  0 deaths  0 best lifetime 3.632 mean 1.317 max age 59  season 345 conventional alive  60 births  2 deaths  2 best lifetime 2.145 mean 0.919 max age 59  (6.2s)
season 346 holistic     alive  60 births  1 deaths  1 best lifetime 3.714 mean 1.336 max age 56  season 346 conventional alive  60 births  3 deaths  3 best lifetime 2.039 mean 0.871 max age 59  (5.9s)
season 347 holistic     alive  60 births  0 deaths  0 best lifetime 3.487 mean 1.346 max age 57  season 347 conventional alive  60 births  4 deaths  4 best lifetime 1.966 mean 0.828 max age 57  (6.1s)
WARNING: Nan, Inf or huge value in QACC at DOF 31. The simulation is unstable. Time = 5.2450.

season 348 holistic     alive  60 births  0 deaths  0 best lifetime 3.666 mean 1.331 max age 58  season 348 conventional alive  60 births  1 deaths  1 best lifetime 3.399 mean 0.993 max age 58  (5.8s)
season 349 holistic     alive  60 births  0 deaths  0 best lifetime 3.582 mean 1.337 max age 59  season 349 conventional alive  60 births  0 deaths  0 best lifetime 1.933 mean 0.908 max age 59  (6.3s)
season 350 holistic     alive  60 births  2 deaths  2 best lifetime 3.216 mean 1.221 max age 54  season 350 conventional alive  60 births  3 deaths  3 best lifetime 1.923 mean 0.917 max age 59  (6.1s)
season 351 holistic     alive  60 births  0 deaths  0 best lifetime 3.370 mean 1.202 max age 55  season 351 conventional alive  60 births  1 deaths  1 best lifetime 1.856 mean 0.887 max age 57  (6.0s)
season 352 holistic     alive  60 births  0 deaths  0 best lifetime 3.415 mean 1.177 max age 56  season 352 conventional alive  60 births  1 deaths  1 best lifetime 1.821 mean 0.874 max age 58  (6.4s)
season 353 holistic     alive  60 births  0 deaths  0 best lifetime 3.761 mean 1.191 max age 57  season 353 conventional alive  60 births  0 deaths  0 best lifetime 1.787 mean 0.849 max age 59  (6.3s)
season 354 holistic     alive  60 births  0 deaths  0 best lifetime 3.986 mean 1.194 max age 58  season 354 conventional alive  60 births  2 deaths  2 best lifetime 1.730 mean 0.857 max age 55  (6.1s)
season 355 holistic     alive  60 births  0 deaths  0 best lifetime 3.782 mean 1.173 max age 59  season 355 conventional alive  60 births  0 deaths  0 best lifetime 1.701 mean 0.822 max age 56  (6.0s)
season 356 holistic     alive  60 births  1 deaths  1 best lifetime 3.665 mean 1.169 max age 59  season 356 conventional alive  60 births  0 deaths  0 best lifetime 1.721 mean 0.834 max age 57  (6.0s)
season 357 holistic     alive  60 births  2 deaths  2 best lifetime 3.503 mean 1.111 max age 59  season 357 conventional alive  60 births  1 deaths  1 best lifetime 1.669 mean 0.798 max age 58  (6.2s)
season 358 holistic     alive  60 births  2 deaths  2 best lifetime 3.415 mean 1.102 max age 57  season 358 conventional alive  60 births  1 deaths  1 best lifetime 1.644 mean 0.796 max age 59  (5.9s)
WARNING: Nan, Inf or huge value in QACC at DOF 0. The simulation is unstable. Time = 7.5650.

season 359 holistic     alive  60 births  0 deaths  0 best lifetime 3.389 mean 1.154 max age 58  season 359 conventional alive  60 births  3 deaths  3 best lifetime 1.641 mean 0.744 max age 59  (6.1s)
season 360 holistic     alive  60 births  0 deaths  0 best lifetime 4.958 mean 1.193 max age 59  season 360 conventional alive  60 births  1 deaths  1 best lifetime 1.595 mean 0.734 max age 59  (5.9s)
season 361 holistic     alive  60 births  2 deaths  2 best lifetime 6.958 mean 1.218 max age 59  season 361 conventional alive  60 births  2 deaths  2 best lifetime 1.967 mean 0.774 max age 59  (6.0s)
WARNING: Nan, Inf or huge value in QACC at DOF 9. The simulation is unstable. Time = 14.1050.

WARNING: Nan, Inf or huge value in QACC at DOF 33. The simulation is unstable. Time = 6.1550.

WARNING: Nan, Inf or huge value in QACC at DOF 23. The simulation is unstable. Time = 13.2250.

WARNING: Nan, Inf or huge value in QACC at DOF 30. The simulation is unstable. Time = 7.7050.

season 362 holistic     alive  60 births  2 deaths  2 best lifetime 6.208 mean 1.186 max age 59  season 362 conventional alive  60 births  2 deaths  2 best lifetime 1.508 mean 0.772 max age 58  (5.9s)
season 363 holistic     alive  60 births  1 deaths  1 best lifetime 5.359 mean 1.148 max age 58  season 363 conventional alive  60 births  0 deaths  0 best lifetime 1.646 mean 0.820 max age 59  (6.0s)
season 364 holistic     alive  60 births  0 deaths  0 best lifetime 5.958 mean 1.203 max age 59  season 364 conventional alive  60 births  1 deaths  1 best lifetime 1.669 mean 0.834 max age 57  (6.2s)
season 365 holistic     alive  60 births  1 deaths  1 best lifetime 5.101 mean 1.154 max age 53  season 365 conventional alive  60 births  1 deaths  1 best lifetime 1.490 mean 0.822 max age 58  (6.1s)
season 366 holistic     alive  60 births  0 deaths  0 best lifetime 4.708 mean 1.164 max age 54  season 366 conventional alive  60 births  2 deaths  2 best lifetime 1.471 mean 0.803 max age 59  (5.8s)
season 367 holistic     alive  60 births  1 deaths  1 best lifetime 4.292 mean 1.152 max age 55  season 367 conventional alive  60 births  1 deaths  1 best lifetime 1.470 mean 0.771 max age 59  (6.0s)
season 368 holistic     alive  60 births  0 deaths  0 best lifetime 4.158 mean 1.192 max age 56  season 368 conventional alive  60 births  2 deaths  2 best lifetime 1.442 mean 0.778 max age 57  (6.4s)
season 369 holistic     alive  60 births  0 deaths  0 best lifetime 3.958 mean 1.197 max age 57  season 369 conventional alive  60 births  0 deaths  0 best lifetime 1.846 mean 0.806 max age 58  (6.1s)
season 370 holistic     alive  60 births  0 deaths  0 best lifetime 3.625 mean 1.158 max age 58  season 370 conventional alive  60 births  1 deaths  1 best lifetime 1.645 mean 0.763 max age 59  (6.1s)
season 371 holistic     alive  60 births  0 deaths  0 best lifetime 3.343 mean 1.163 max age 59  season 371 conventional alive  60 births  2 deaths  2 best lifetime 1.902 mean 0.804 max age 59  (6.1s)
WARNING: Nan, Inf or huge value in QACC at DOF 10. The simulation is unstable. Time = 8.6500.

season 372 holistic     alive  60 births  2 deaths  2 best lifetime 3.387 mean 1.140 max age 54  season 372 conventional alive  60 births  2 deaths  2 best lifetime 1.545 mean 0.755 max age 59  (5.9s)
season 373 holistic     alive  60 births  0 deaths  0 best lifetime 3.559 mean 1.167 max age 55  season 373 conventional alive  60 births  1 deaths  1 best lifetime 1.594 mean 0.782 max age 59  (6.4s)
season 374 holistic     alive  60 births  0 deaths  0 best lifetime 3.333 mean 1.150 max age 56  season 374 conventional alive  60 births  2 deaths  2 best lifetime 4.541 mean 0.843 max age 59  (6.5s)
season 375 holistic     alive  60 births  0 deaths  0 best lifetime 3.664 mean 1.174 max age 57  season 375 conventional alive  60 births  3 deaths  3 best lifetime 3.036 mean 0.766 max age 58  (6.2s)
WARNING: Nan, Inf or huge value in QACC at DOF 31. The simulation is unstable. Time = 13.9700.

season 376 holistic     alive  60 births  0 deaths  0 best lifetime 3.625 mean 1.162 max age 58  season 376 conventional alive  60 births  2 deaths  2 best lifetime 2.018 mean 0.751 max age 59  (6.0s)
season 377 holistic     alive  60 births  0 deaths  0 best lifetime 3.590 mean 1.155 max age 59  season 377 conventional alive  60 births  3 deaths  3 best lifetime 2.041 mean 0.758 max age 59  (6.0s)
WARNING: Nan, Inf or huge value in QACC at DOF 13. The simulation is unstable. Time = 9.8650.

season 378 holistic     alive  60 births  2 deaths  2 best lifetime 3.608 mean 1.123 max age 59  season 378 conventional alive  60 births  3 deaths  3 best lifetime 6.488 mean 0.879 max age 59  (6.2s)
season 379 holistic     alive  60 births  2 deaths  2 best lifetime 3.673 mean 1.144 max age 58  season 379 conventional alive  60 births  4 deaths  4 best lifetime 3.479 mean 0.815 max age 59  (6.3s)
season 380 holistic     alive  60 births  0 deaths  0 best lifetime 3.686 mean 1.172 max age 59  season 380 conventional alive  60 births  2 deaths  2 best lifetime 2.817 mean 0.762 max age 59  (6.0s)
WARNING: Nan, Inf or huge value in QACC at DOF 30. The simulation is unstable. Time = 12.7200.

WARNING: Nan, Inf or huge value in QACC at DOF 30. The simulation is unstable. Time = 8.0150.

season 381 holistic     alive  60 births  1 deaths  1 best lifetime 3.610 mean 1.166 max age 59  season 381 conventional alive  60 births  4 deaths  4 best lifetime 3.624 mean 0.798 max age 59  (6.1s)
season 382 holistic     alive  60 births  2 deaths  2 best lifetime 3.583 mean 1.117 max age 59  season 382 conventional alive  60 births  3 deaths  3 best lifetime 5.631 mean 0.972 max age 58  (6.0s)
WARNING: Nan, Inf or huge value in QACC at DOF 23. The simulation is unstable. Time = 10.8450.

season 383 holistic     alive  60 births  2 deaths  2 best lifetime 3.438 mean 1.146 max age 59  season 383 conventional alive  60 births  0 deaths  0 best lifetime 3.626 mean 0.913 max age 59  (6.2s)
WARNING: Nan, Inf or huge value in QACC at DOF 33. The simulation is unstable. Time = 8.1900.

season 384 holistic     alive  60 births  3 deaths  3 best lifetime 3.420 mean 1.144 max age 59  season 384 conventional alive  60 births  3 deaths  3 best lifetime 3.377 mean 0.894 max age 58  (6.0s)
WARNING: Nan, Inf or huge value in QACC at DOF 0. The simulation is unstable. Time = 5.8700.

season 385 holistic     alive  60 births  3 deaths  3 best lifetime 3.403 mean 1.165 max age 59  season 385 conventional alive  60 births  0 deaths  0 best lifetime 3.410 mean 0.918 max age 59  (6.0s)
season 386 holistic     alive  60 births  3 deaths  3 best lifetime 3.315 mean 1.093 max age 59  season 386 conventional alive  60 births  3 deaths  3 best lifetime 2.464 mean 0.879 max age 59  (6.0s)
season 387 holistic     alive  60 births  2 deaths  2 best lifetime 3.303 mean 1.128 max age 59  season 387 conventional alive  60 births  3 deaths  3 best lifetime 2.202 mean 0.808 max age 59  (6.3s)
WARNING: Nan, Inf or huge value in QACC at DOF 10. The simulation is unstable. Time = 13.2700.

season 388 holistic     alive  60 births  2 deaths  2 best lifetime 4.963 mean 1.219 max age 59  season 388 conventional alive  60 births  2 deaths  2 best lifetime 2.443 mean 0.805 max age 59  (6.3s)
season 389 holistic     alive  60 births  3 deaths  3 best lifetime 5.963 mean 1.189 max age 59  season 389 conventional alive  60 births  4 deaths  4 best lifetime 1.916 mean 0.773 max age 58  (6.0s)
season 390 holistic     alive  60 births  4 deaths  4 best lifetime 3.963 mean 1.090 max age 59  season 390 conventional alive  60 births  1 deaths  1 best lifetime 1.798 mean 0.787 max age 59  (6.1s)
season 391 holistic     alive  60 births  2 deaths  2 best lifetime 3.963 mean 1.041 max age 59  season 391 conventional alive  60 births  3 deaths  3 best lifetime 2.877 mean 0.824 max age 58  (6.0s)
WARNING: Nan, Inf or huge value in QACC at DOF 3. The simulation is unstable. Time = 3.8550.

season 392 holistic     alive  60 births  3 deaths  3 best lifetime 3.488 mean 1.007 max age 59  season 392 conventional alive  60 births  2 deaths  2 best lifetime 1.805 mean 0.789 max age 59  (6.0s)
season 393 holistic     alive  60 births  3 deaths  3 best lifetime 3.416 mean 1.046 max age 59  season 393 conventional alive  60 births  3 deaths  3 best lifetime 1.756 mean 0.794 max age 59  (6.1s)
season 394 holistic     alive  60 births  5 deaths  5 best lifetime 3.431 mean 1.027 max age 59  season 394 conventional alive  60 births  2 deaths  2 best lifetime 2.221 mean 0.793 max age 58  (6.2s)
season 395 holistic     alive  60 births  2 deaths  2 best lifetime 3.499 mean 1.060 max age 58  season 395 conventional alive  60 births  0 deaths  0 best lifetime 1.878 mean 0.826 max age 59  (6.1s)
season 396 holistic     alive  60 births  2 deaths  2 best lifetime 3.511 mean 1.037 max age 59  season 396 conventional alive  60 births  2 deaths  2 best lifetime 1.925 mean 0.763 max age 59  (6.0s)
season 397 holistic     alive  60 births  3 deaths  3 best lifetime 3.548 mean 1.004 max age 59  season 397 conventional alive  60 births  4 deaths  4 best lifetime 1.727 mean 0.710 max age 59  (6.3s)
season 398 holistic     alive  60 births  4 deaths  4 best lifetime 3.558 mean 1.013 max age 59  season 398 conventional alive  60 births  2 deaths  2 best lifetime 1.659 mean 0.709 max age 59  (6.1s)
season 399 holistic     alive  60 births  1 deaths  1 best lifetime 3.592 mean 1.112 max age 59  season 399 conventional alive  60 births  2 deaths  2 best lifetime 1.949 mean 0.714 max age 58  (6.3s)
season 400 holistic     alive  60 births  3 deaths  3 best lifetime 3.530 mean 1.042 max age 59  season 400 conventional alive  60 births  1 deaths  1 best lifetime 1.917 mean 0.766 max age 59  (6.4s)
season 401 holistic     alive  60 births  3 deaths  3 best lifetime 3.447 mean 1.043 max age 59  season 401 conventional alive  60 births  6 deaths  6 best lifetime 2.002 mean 0.737 max age 55  (6.1s)
season 402 holistic     alive  60 births  4 deaths  4 best lifetime 3.549 mean 0.980 max age 58  season 402 conventional alive  60 births  1 deaths  1 best lifetime 1.862 mean 0.709 max age 56  (6.2s)
season 403 holistic     alive  60 births  0 deaths  0 best lifetime 3.514 mean 1.120 max age 59  season 403 conventional alive  60 births  1 deaths  1 best lifetime 1.788 mean 0.778 max age 57  (6.3s)
season 404 holistic     alive  60 births  1 deaths  1 best lifetime 3.480 mean 1.149 max age 58  season 404 conventional alive  60 births  1 deaths  1 best lifetime 1.721 mean 0.725 max age 58  (6.2s)
season 405 holistic     alive  60 births  2 deaths  2 best lifetime 3.405 mean 1.141 max age 59  season 405 conventional alive  60 births  3 deaths  3 best lifetime 1.661 mean 0.755 max age 59  (6.3s)
season 406 holistic     alive  60 births  1 deaths  1 best lifetime 3.375 mean 1.140 max age 56  season 406 conventional alive  60 births  2 deaths  2 best lifetime 1.601 mean 0.730 max age 59  (6.2s)
season 407 holistic     alive  60 births  0 deaths  0 best lifetime 3.326 mean 1.086 max age 57  season 407 conventional alive  60 births  2 deaths  2 best lifetime 1.552 mean 0.699 max age 59  (6.2s)
season 408 holistic     alive  60 births  0 deaths  0 best lifetime 3.299 mean 1.105 max age 58  season 408 conventional alive  60 births  4 deaths  4 best lifetime 1.475 mean 0.694 max age 58  (6.3s)
season 409 holistic     alive  60 births  0 deaths  0 best lifetime 3.292 mean 1.121 max age 59  season 409 conventional alive  60 births  0 deaths  0 best lifetime 6.442 mean 0.940 max age 59  (6.5s)
season 410 holistic     alive  60 births  3 deaths  3 best lifetime 3.312 mean 1.044 max age 54  season 410 conventional alive  60 births  2 deaths  2 best lifetime 4.446 mean 0.822 max age 52  (6.1s)
season 411 holistic     alive  60 births  0 deaths  0 best lifetime 3.317 mean 1.043 max age 55  season 411 conventional alive  60 births  1 deaths  1 best lifetime 4.444 mean 0.885 max age 53  (6.4s)
season 412 holistic     alive  60 births  0 deaths  0 best lifetime 3.366 mean 1.060 max age 56  season 412 conventional alive  60 births  1 deaths  1 best lifetime 3.943 mean 0.842 max age 54  (6.2s)
season 413 holistic     alive  60 births  0 deaths  0 best lifetime 3.377 mean 1.038 max age 57  season 413 conventional alive  60 births  0 deaths  0 best lifetime 3.245 mean 0.829 max age 55  (6.3s)
season 414 holistic     alive  60 births  2 deaths  2 best lifetime 3.387 mean 1.042 max age 58  season 414 conventional alive  60 births  1 deaths  1 best lifetime 2.610 mean 0.819 max age 56  (6.5s)
season 415 holistic     alive  60 births  0 deaths  0 best lifetime 3.397 mean 1.022 max age 59  season 415 conventional alive  60 births  0 deaths  0 best lifetime 3.391 mean 0.865 max age 57  (6.3s)
season 416 holistic     alive  60 births  2 deaths  2 best lifetime 3.338 mean 0.996 max age 59  season 416 conventional alive  60 births  1 deaths  1 best lifetime 2.068 mean 0.825 max age 58  (6.4s)
season 417 holistic     alive  60 births  2 deaths  2 best lifetime 3.382 mean 1.030 max age 59  season 417 conventional alive  60 births  0 deaths  0 best lifetime 2.111 mean 0.869 max age 59  (6.0s)
season 418 holistic     alive  60 births  1 deaths  1 best lifetime 3.287 mean 1.016 max age 57  season 418 conventional alive  60 births  2 deaths  2 best lifetime 2.144 mean 0.858 max age 59  (6.1s)
season 419 holistic     alive  60 births  0 deaths  0 best lifetime 3.354 mean 1.027 max age 58  season 419 conventional alive  60 births  4 deaths  4 best lifetime 1.990 mean 0.766 max age 59  (6.5s)
season 420 holistic     alive  60 births  1 deaths  1 best lifetime 3.314 mean 1.029 max age 59  season 420 conventional alive  60 births  2 deaths  2 best lifetime 3.522 mean 0.841 max age 59  (6.1s)
season 421 holistic     alive  60 births  2 deaths  2 best lifetime 3.329 mean 1.022 max age 59  season 421 conventional alive  60 births  2 deaths  2 best lifetime 1.906 mean 0.736 max age 57  (6.2s)
WARNING: Nan, Inf or huge value in QACC at DOF 13. The simulation is unstable. Time = 14.1950.

WARNING: Nan, Inf or huge value in QACC at DOF 20. The simulation is unstable. Time = 5.6200.

season 422 holistic     alive  60 births  3 deaths  3 best lifetime 3.267 mean 1.028 max age 57  season 422 conventional alive  60 births  5 deaths  5 best lifetime 1.873 mean 0.748 max age 58  (6.1s)
season 423 holistic     alive  60 births  0 deaths  0 best lifetime 3.281 mean 1.074 max age 58  season 423 conventional alive  60 births  1 deaths  1 best lifetime 2.565 mean 0.808 max age 59  (6.4s)
season 424 holistic     alive  60 births  0 deaths  0 best lifetime 3.371 mean 1.123 max age 59  season 424 conventional alive  60 births  2 deaths  2 best lifetime 2.066 mean 0.801 max age 59  (6.4s)
season 425 holistic     alive  60 births  2 deaths  2 best lifetime 3.378 mean 1.066 max age 58  season 425 conventional alive  60 births  3 deaths  3 best lifetime 2.556 mean 0.875 max age 58  (6.3s)
season 426 holistic     alive  60 births  0 deaths  0 best lifetime 3.369 mean 1.098 max age 59  season 426 conventional alive  60 births  1 deaths  1 best lifetime 2.569 mean 0.901 max age 59  (6.4s)
season 427 holistic     alive  60 births  1 deaths  1 best lifetime 3.400 mean 1.103 max age 55  season 427 conventional alive  60 births  1 deaths  1 best lifetime 1.970 mean 0.882 max age 59  (6.4s)
season 428 holistic     alive  60 births  0 deaths  0 best lifetime 3.389 mean 1.131 max age 56  season 428 conventional alive  60 births  1 deaths  1 best lifetime 4.357 mean 0.921 max age 58  (6.4s)
season 429 holistic     alive  60 births  1 deaths  1 best lifetime 3.399 mean 1.144 max age 57  season 429 conventional alive  60 births  0 deaths  0 best lifetime 2.353 mean 0.892 max age 59  (6.5s)
season 430 holistic     alive  60 births  0 deaths  0 best lifetime 3.346 mean 1.142 max age 58  season 430 conventional alive  60 births  1 deaths  1 best lifetime 2.687 mean 0.895 max age 59  (6.4s)
season 431 holistic     alive  60 births  1 deaths  1 best lifetime 3.438 mean 1.140 max age 59  season 431 conventional alive  60 births  2 deaths  2 best lifetime 2.156 mean 0.875 max age 59  (6.3s)
season 432 holistic     alive  60 births  2 deaths  2 best lifetime 3.367 mean 1.113 max age 54  season 432 conventional alive  60 births  2 deaths  2 best lifetime 2.531 mean 0.820 max age 59  (6.3s)
season 433 holistic     alive  60 births  1 deaths  1 best lifetime 3.298 mean 1.102 max age 55  season 433 conventional alive  60 births  2 deaths  2 best lifetime 2.829 mean 0.875 max age 58  (6.3s)
season 434 holistic     alive  60 births  0 deaths  0 best lifetime 3.305 mean 1.093 max age 56  season 434 conventional alive  60 births  0 deaths  0 best lifetime 2.471 mean 0.912 max age 59  (6.3s)
season 435 holistic     alive  60 births  1 deaths  1 best lifetime 3.256 mean 1.106 max age 57  season 435 conventional alive  60 births  1 deaths  1 best lifetime 2.701 mean 0.893 max age 58  (6.2s)
season 436 holistic     alive  60 births  2 deaths  2 best lifetime 3.229 mean 1.132 max age 58  season 436 conventional alive  60 births  0 deaths  0 best lifetime 2.324 mean 0.844 max age 59  (6.3s)
WARNING: Nan, Inf or huge value in QACC at DOF 30. The simulation is unstable. Time = 4.3550.

season 437 holistic     alive  60 births  1 deaths  1 best lifetime 3.204 mean 1.112 max age 59  season 437 conventional alive  60 births  2 deaths  2 best lifetime 2.341 mean 0.813 max age 59  (6.5s)
season 438 holistic     alive  60 births  2 deaths  2 best lifetime 3.199 mean 1.075 max age 59  season 438 conventional alive  60 births  2 deaths  2 best lifetime 1.959 mean 0.811 max age 59  (6.3s)
season 439 holistic     alive  60 births  1 deaths  1 best lifetime 3.253 mean 1.114 max age 57  season 439 conventional alive  60 births  1 deaths  1 best lifetime 2.372 mean 0.883 max age 59  (6.5s)
season 440 holistic     alive  60 births  0 deaths  0 best lifetime 3.247 mean 1.142 max age 58  season 440 conventional alive  60 births  2 deaths  2 best lifetime 1.863 mean 0.833 max age 59  (6.6s)
season 441 holistic     alive  60 births  1 deaths  1 best lifetime 3.205 mean 1.142 max age 59  season 441 conventional alive  60 births  2 deaths  2 best lifetime 1.753 mean 0.790 max age 59  (6.4s)
season 442 holistic     alive  60 births  1 deaths  1 best lifetime 3.255 mean 1.089 max age 59  season 442 conventional alive  60 births  2 deaths  2 best lifetime 1.873 mean 0.790 max age 58  (6.3s)
season 443 holistic     alive  60 births  2 deaths  2 best lifetime 3.250 mean 1.048 max age 59  season 443 conventional alive  60 births  0 deaths  0 best lifetime 1.769 mean 0.885 max age 59  (6.4s)
season 444 holistic     alive  60 births  3 deaths  3 best lifetime 3.350 mean 1.027 max age 59  season 444 conventional alive  60 births  1 deaths  1 best lifetime 2.175 mean 0.896 max age 58  (6.9s)
WARNING: Nan, Inf or huge value in QACC at DOF 30. The simulation is unstable. Time = 8.9350.

WARNING: Nan, Inf or huge value in QACC at DOF 30. The simulation is unstable. Time = 5.8500.

season 445 holistic     alive  60 births  2 deaths  2 best lifetime 3.309 mean 1.016 max age 59  season 445 conventional alive  60 births  0 deaths  0 best lifetime 1.548 mean 0.843 max age 59  (6.6s)
season 446 holistic     alive  60 births  3 deaths  3 best lifetime 3.269 mean 0.991 max age 59  season 446 conventional alive  60 births  1 deaths  1 best lifetime 1.589 mean 0.812 max age 57  (6.8s)
WARNING: Nan, Inf or huge value in QACC at DOF 10. The simulation is unstable. Time = 12.3850.

season 447 holistic     alive  60 births  2 deaths  2 best lifetime 6.960 mean 1.049 max age 58  season 447 conventional alive  60 births  0 deaths  0 best lifetime 1.473 mean 0.810 max age 58  (6.5s)
season 448 holistic     alive  60 births  2 deaths  2 best lifetime 4.965 mean 1.018 max age 59  season 448 conventional alive  60 births  0 deaths  0 best lifetime 1.575 mean 0.823 max age 59  (6.7s)
season 449 holistic     alive  60 births  1 deaths  1 best lifetime 5.963 mean 1.051 max age 59  season 449 conventional alive  60 births  2 deaths  2 best lifetime 1.647 mean 0.779 max age 59  (6.5s)
season 450 holistic     alive  60 births  1 deaths  1 best lifetime 4.712 mean 1.050 max age 59  season 450 conventional alive  60 births  2 deaths  2 best lifetime 1.459 mean 0.776 max age 59  (6.4s)
WARNING: Nan, Inf or huge value in QACC at DOF 30. The simulation is unstable. Time = 10.9950.

season 451 holistic     alive  60 births  2 deaths  2 best lifetime 4.162 mean 1.071 max age 59  season 451 conventional alive  60 births  1 deaths  1 best lifetime 2.451 mean 0.838 max age 59  (6.4s)
season 452 holistic     alive  60 births  3 deaths  3 best lifetime 3.795 mean 1.016 max age 59  season 452 conventional alive  60 births  2 deaths  2 best lifetime 4.467 mean 0.908 max age 59  (6.5s)
season 453 holistic     alive  60 births  2 deaths  2 best lifetime 3.676 mean 1.044 max age 59  season 453 conventional alive  60 births  2 deaths  2 best lifetime 2.453 mean 0.876 max age 59  (6.9s)
season 454 holistic     alive  60 births  4 deaths  4 best lifetime 3.337 mean 1.011 max age 59  season 454 conventional alive  60 births  2 deaths  2 best lifetime 2.486 mean 0.957 max age 58  (6.7s)
season 455 holistic     alive  60 births  1 deaths  1 best lifetime 3.072 mean 1.008 max age 59  season 455 conventional alive  60 births  0 deaths  0 best lifetime 2.406 mean 0.959 max age 59  (6.6s)
season 456 holistic     alive  60 births  1 deaths  1 best lifetime 4.941 mean 1.048 max age 59  season 456 conventional alive  60 births  1 deaths  1 best lifetime 2.060 mean 0.930 max age 59  (6.7s)
season 457 holistic     alive  60 births  3 deaths  3 best lifetime 3.455 mean 0.935 max age 59  season 457 conventional alive  60 births  2 deaths  2 best lifetime 1.626 mean 0.896 max age 59  (6.7s)
season 458 holistic     alive  60 births  7 deaths  7 best lifetime 3.620 mean 0.867 max age 59  season 458 conventional alive  60 births  1 deaths  1 best lifetime 1.491 mean 0.866 max age 57  (6.8s)
season 459 holistic     alive  60 births  2 deaths  2 best lifetime 3.962 mean 0.939 max age 59  season 459 conventional alive  60 births  2 deaths  2 best lifetime 1.494 mean 0.860 max age 58  (6.9s)
season 460 holistic     alive  60 births  3 deaths  3 best lifetime 2.964 mean 0.902 max age 59  season 460 conventional alive  60 births  0 deaths  0 best lifetime 5.391 mean 0.955 max age 59  (6.7s)
season 461 holistic     alive  60 births  3 deaths  3 best lifetime 2.784 mean 0.927 max age 59  season 461 conventional alive  60 births  4 deaths  4 best lifetime 2.385 mean 0.824 max age 59  (6.5s)
season 462 holistic     alive  60 births  4 deaths  4 best lifetime 2.664 mean 0.875 max age 58  season 462 conventional alive  60 births  1 deaths  1 best lifetime 2.641 mean 0.863 max age 58  (6.7s)
WARNING: Nan, Inf or huge value in QACC at DOF 30. The simulation is unstable. Time = 5.6450.

season 463 holistic     alive  60 births  0 deaths  0 best lifetime 2.823 mean 0.862 max age 59  season 463 conventional alive  60 births  2 deaths  2 best lifetime 2.386 mean 0.834 max age 59  (6.6s)
season 464 holistic     alive  60 births  2 deaths  2 best lifetime 3.282 mean 0.872 max age 59  season 464 conventional alive  60 births  1 deaths  1 best lifetime 1.783 mean 0.852 max age 59  (6.8s)
season 465 holistic     alive  60 births  2 deaths  2 best lifetime 2.972 mean 0.907 max age 51  season 465 conventional alive  60 births  3 deaths  3 best lifetime 2.427 mean 0.858 max age 59  (6.7s)
season 466 holistic     alive  60 births  3 deaths  3 best lifetime 3.309 mean 0.952 max age 52  season 466 conventional alive  60 births  1 deaths  1 best lifetime 1.823 mean 0.835 max age 59  (7.1s)
season 467 holistic     alive  60 births  0 deaths  0 best lifetime 7.957 mean 1.191 max age 53  season 467 conventional alive  60 births  1 deaths  1 best lifetime 1.680 mean 0.837 max age 59  (6.9s)
season 468 holistic     alive  60 births  1 deaths  1 best lifetime 5.965 mean 1.089 max age 54  season 468 conventional alive  60 births  2 deaths  2 best lifetime 1.420 mean 0.779 max age 58  (6.8s)
WARNING: Nan, Inf or huge value in QACC at DOF 30. The simulation is unstable. Time = 7.4050.

season 469 holistic     alive  60 births  0 deaths  0 best lifetime 3.963 mean 1.089 max age 55  season 469 conventional alive  60 births  2 deaths  2 best lifetime 1.762 mean 0.801 max age 59  (6.9s)
season 470 holistic     alive  60 births  1 deaths  1 best lifetime 4.212 mean 1.074 max age 56  season 470 conventional alive  60 births  3 deaths  3 best lifetime 1.517 mean 0.770 max age 56  (6.7s)
season 471 holistic     alive  60 births  0 deaths  0 best lifetime 3.762 mean 1.061 max age 57  season 471 conventional alive  60 births  2 deaths  2 best lifetime 1.527 mean 0.781 max age 57  (6.9s)
season 472 holistic     alive  60 births  0 deaths  0 best lifetime 3.132 mean 1.066 max age 58  season 472 conventional alive  60 births  1 deaths  1 best lifetime 1.447 mean 0.769 max age 58  (7.1s)
season 473 holistic     alive  60 births  0 deaths  0 best lifetime 2.964 mean 1.055 max age 59  season 473 conventional alive  60 births  3 deaths  3 best lifetime 1.372 mean 0.771 max age 59  (6.8s)
season 474 holistic     alive  60 births  2 deaths  2 best lifetime 2.964 mean 1.028 max age 57  season 474 conventional alive  60 births  3 deaths  3 best lifetime 2.432 mean 0.860 max age 58  (7.2s)
season 475 holistic     alive  60 births  0 deaths  0 best lifetime 2.964 mean 1.102 max age 58  season 475 conventional alive  60 births  0 deaths  0 best lifetime 2.442 mean 0.920 max age 59  (7.1s)
season 476 holistic     alive  60 births  0 deaths  0 best lifetime 2.664 mean 1.103 max age 59  season 476 conventional alive  60 births  1 deaths  1 best lifetime 2.814 mean 0.907 max age 57  (6.8s)
WARNING: Nan, Inf or huge value in QACC at DOF 31. The simulation is unstable. Time = 11.6950.

season 477 holistic     alive  60 births  2 deaths  2 best lifetime 2.535 mean 1.073 max age 57  season 477 conventional alive  60 births  0 deaths  0 best lifetime 2.456 mean 0.927 max age 58  (6.9s)
season 478 holistic     alive  60 births  0 deaths  0 best lifetime 2.597 mean 1.051 max age 58  season 478 conventional alive  60 births  1 deaths  1 best lifetime 2.061 mean 0.902 max age 59  (6.8s)
season 479 holistic     alive  60 births  0 deaths  0 best lifetime 2.612 mean 1.102 max age 59  season 479 conventional alive  60 births  1 deaths  1 best lifetime 2.087 mean 0.866 max age 59  (6.7s)
season 480 holistic     alive  60 births  1 deaths  1 best lifetime 2.545 mean 1.085 max age 59  season 480 conventional alive  60 births  1 deaths  1 best lifetime 2.306 mean 0.911 max age 59  (6.6s)
season 481 holistic     alive  60 births  2 deaths  2 best lifetime 2.483 mean 1.055 max age 59  season 481 conventional alive  60 births  3 deaths  3 best lifetime 2.068 mean 0.856 max age 59  (6.6s)
WARNING: Nan, Inf or huge value in QACC at DOF 14. The simulation is unstable. Time = 14.8200.

season 482 holistic     alive  60 births  3 deaths  3 best lifetime 2.463 mean 1.016 max age 57  season 482 conventional alive  60 births  4 deaths  4 best lifetime 1.972 mean 0.774 max age 58  (6.9s)
season 483 holistic     alive  60 births  0 deaths  0 best lifetime 2.408 mean 1.065 max age 58  season 483 conventional alive  60 births  0 deaths  0 best lifetime 3.561 mean 0.909 max age 59  (6.6s)
season 484 holistic     alive  60 births  0 deaths  0 best lifetime 2.977 mean 1.051 max age 59  season 484 conventional alive  60 births  1 deaths  1 best lifetime 3.550 mean 0.889 max age 59  (6.8s)
season 485 holistic     alive  60 births  1 deaths  1 best lifetime 2.977 mean 1.016 max age 58  season 485 conventional alive  60 births  4 deaths  4 best lifetime 2.557 mean 0.881 max age 58  (6.9s)
WARNING: Nan, Inf or huge value in QACC at DOF 32. The simulation is unstable. Time = 9.9100.

season 486 holistic     alive  60 births  0 deaths  0 best lifetime 2.777 mean 1.043 max age 59  season 486 conventional alive  60 births  0 deaths  0 best lifetime 2.459 mean 0.899 max age 59  (6.5s)
season 487 holistic     alive  60 births  1 deaths  1 best lifetime 2.632 mean 1.037 max age 55  season 487 conventional alive  60 births  3 deaths  3 best lifetime 2.008 mean 0.927 max age 59  (6.8s)
season 488 holistic     alive  60 births  0 deaths  0 best lifetime 2.550 mean 1.013 max age 56  season 488 conventional alive  60 births  2 deaths  2 best lifetime 2.343 mean 0.888 max age 57  (6.6s)
season 489 holistic     alive  60 births  0 deaths  0 best lifetime 2.503 mean 1.030 max age 57  season 489 conventional alive  60 births  0 deaths  0 best lifetime 2.084 mean 0.906 max age 58  (7.1s)
season 490 holistic     alive  60 births  1 deaths  1 best lifetime 2.430 mean 1.022 max age 58  season 490 conventional alive  60 births  1 deaths  1 best lifetime 1.732 mean 0.859 max age 59  (6.9s)
season 491 holistic     alive  60 births  0 deaths  0 best lifetime 2.472 mean 1.022 max age 59  season 491 conventional alive  60 births  1 deaths  1 best lifetime 1.605 mean 0.853 max age 59  (6.9s)
season 492 holistic     alive  60 births  1 deaths  1 best lifetime 2.443 mean 1.013 max age 57  season 492 conventional alive  60 births  3 deaths  3 best lifetime 1.674 mean 0.808 max age 59  (7.0s)
season 493 holistic     alive  60 births  0 deaths  0 best lifetime 2.433 mean 1.020 max age 58  season 493 conventional alive  60 births  3 deaths  3 best lifetime 1.596 mean 0.823 max age 56  (6.8s)
season 494 holistic     alive  60 births  1 deaths  1 best lifetime 2.402 mean 1.033 max age 59  season 494 conventional alive  60 births  0 deaths  0 best lifetime 2.426 mean 0.908 max age 57  (6.7s)
season 495 holistic     alive  60 births  1 deaths  1 best lifetime 2.444 mean 0.994 max age 59  season 495 conventional alive  60 births  0 deaths  0 best lifetime 2.767 mean 0.944 max age 58  (6.6s)
WARNING: Nan, Inf or huge value in QACC at DOF 30. The simulation is unstable. Time = 2.7450.

season 496 holistic     alive  60 births  2 deaths  2 best lifetime 2.408 mean 0.990 max age 58  season 496 conventional alive  60 births  0 deaths  0 best lifetime 2.160 mean 0.929 max age 59  (6.6s)
season 497 holistic     alive  60 births  1 deaths  1 best lifetime 2.420 mean 1.034 max age 59  season 497 conventional alive  60 births  2 deaths  2 best lifetime 2.017 mean 0.902 max age 59  (6.7s)
season 498 holistic     alive  60 births  2 deaths  2 best lifetime 2.432 mean 0.998 max age 59  season 498 conventional alive  60 births  1 deaths  1 best lifetime 2.087 mean 0.857 max age 59  (6.6s)
season 499 holistic     alive  60 births  2 deaths  2 best lifetime 2.399 mean 1.002 max age 58  season 499 conventional alive  60 births  2 deaths  2 best lifetime 1.871 mean 0.905 max age 59  (6.7s)
season 500 holistic     alive  60 births  0 deaths  0 best lifetime 3.873 mean 1.046 max age 59  season 500 conventional alive  60 births  2 deaths  2 best lifetime 4.294 mean 0.922 max age 59  (6.7s)
WARNING: Nan, Inf or huge value in QACC at DOF 0. The simulation is unstable. Time = 3.7000.

season 501 holistic     alive  60 births  1 deaths  1 best lifetime 2.547 mean 1.021 max age 58  season 501 conventional alive  60 births  1 deaths  1 best lifetime 1.794 mean 0.899 max age 59  (7.0s)
season 502 holistic     alive  60 births  0 deaths  0 best lifetime 2.866 mean 1.053 max age 59  season 502 conventional alive  60 births  3 deaths  3 best lifetime 1.959 mean 0.860 max age 58  (6.9s)
season 503 holistic     alive  60 births  3 deaths  3 best lifetime 2.632 mean 1.010 max age 59  season 503 conventional alive  60 births  0 deaths  0 best lifetime 1.963 mean 0.870 max age 59  (7.2s)
WARNING: Nan, Inf or huge value in QACC at DOF 30. The simulation is unstable. Time = 3.2450.

season 504 holistic     alive  60 births  2 deaths  2 best lifetime 3.974 mean 1.041 max age 59  season 504 conventional alive  60 births  2 deaths  2 best lifetime 1.815 mean 0.855 max age 58  (6.9s)
season 505 holistic     alive  60 births  1 deaths  1 best lifetime 2.944 mean 1.053 max age 59  season 505 conventional alive  60 births  2 deaths  2 best lifetime 1.647 mean 0.875 max age 59  (6.8s)
season 506 holistic     alive  60 births  2 deaths  2 best lifetime 3.935 mean 1.071 max age 59  season 506 conventional alive  60 births  1 deaths  1 best lifetime 1.707 mean 0.852 max age 57  (6.8s)
season 507 holistic     alive  60 births  1 deaths  1 best lifetime 3.926 mean 1.050 max age 59  season 507 conventional alive  60 births  1 deaths  1 best lifetime 2.528 mean 0.933 max age 58  (7.1s)
WARNING: Nan, Inf or huge value in QACC at DOF 10. The simulation is unstable. Time = 3.9200.

season 508 holistic     alive  60 births  2 deaths  2 best lifetime 2.939 mean 1.063 max age 59  season 508 conventional alive  60 births  2 deaths  2 best lifetime 1.825 mean 0.898 max age 59  (7.1s)
season 509 holistic     alive  60 births  1 deaths  1 best lifetime 3.137 mean 1.080 max age 59  season 509 conventional alive  60 births  2 deaths  2 best lifetime 2.419 mean 0.964 max age 59  (6.7s)
season 510 holistic     alive  60 births  1 deaths  1 best lifetime 3.985 mean 1.127 max age 59  season 510 conventional alive  60 births  2 deaths  2 best lifetime 4.494 mean 1.033 max age 59  (7.1s)
season 511 holistic     alive  60 births  1 deaths  1 best lifetime 3.984 mean 1.194 max age 59  season 511 conventional alive  60 births  2 deaths  2 best lifetime 2.990 mean 0.972 max age 59  (7.0s)
season 512 holistic     alive  60 births  4 deaths  4 best lifetime 3.910 mean 1.104 max age 59  season 512 conventional alive  60 births  2 deaths  2 best lifetime 2.226 mean 0.902 max age 59  (7.0s)
WARNING: Nan, Inf or huge value in QACC at DOF 20. The simulation is unstable. Time = 4.0300.

WARNING: Nan, Inf or huge value in QACC at DOF 20. The simulation is unstable. Time = 3.0400.

season 513 holistic     alive  60 births  1 deaths  1 best lifetime 3.578 mean 1.135 max age 59  season 513 conventional alive  60 births  2 deaths  2 best lifetime 2.261 mean 0.854 max age 59  (6.9s)
season 514 holistic     alive  60 births  1 deaths  1 best lifetime 3.660 mean 1.144 max age 59  season 514 conventional alive  60 births  3 deaths  3 best lifetime 3.264 mean 0.907 max age 58  (7.1s)
season 515 holistic     alive  60 births  1 deaths  1 best lifetime 3.310 mean 1.071 max age 58  season 515 conventional alive  60 births  1 deaths  1 best lifetime 3.234 mean 0.969 max age 59  (6.9s)
season 516 holistic     alive  60 births  0 deaths  0 best lifetime 3.409 mean 1.148 max age 59  season 516 conventional alive  60 births  1 deaths  1 best lifetime 2.314 mean 0.927 max age 58  (6.6s)
season 517 holistic     alive  60 births  1 deaths  1 best lifetime 3.191 mean 1.068 max age 59  season 517 conventional alive  60 births  1 deaths  1 best lifetime 2.024 mean 0.887 max age 59  (6.6s)
season 518 holistic     alive  60 births  3 deaths  3 best lifetime 3.030 mean 0.974 max age 59  season 518 conventional alive  60 births  2 deaths  2 best lifetime 1.788 mean 0.844 max age 59  (6.9s)
season 519 holistic     alive  60 births  2 deaths  2 best lifetime 4.964 mean 1.072 max age 59  season 519 conventional alive  60 births  1 deaths  1 best lifetime 5.446 mean 1.000 max age 58  (6.9s)
season 520 holistic     alive  60 births  2 deaths  2 best lifetime 4.465 mean 1.070 max age 59  season 520 conventional alive  60 births  0 deaths  0 best lifetime 3.447 mean 0.942 max age 59  (6.7s)
season 521 holistic     alive  60 births  4 deaths  4 best lifetime 3.632 mean 1.040 max age 59  season 521 conventional alive  60 births  4 deaths  4 best lifetime 2.448 mean 0.868 max age 59  (6.5s)
WARNING: Nan, Inf or huge value in QACC at DOF 20. The simulation is unstable. Time = 7.1650.

season 522 holistic     alive  60 births  4 deaths  4 best lifetime 3.146 mean 1.022 max age 58  season 522 conventional alive  60 births  2 deaths  2 best lifetime 2.461 mean 0.888 max age 59  (6.6s)
WARNING: Nan, Inf or huge value in QACC at DOF 13. The simulation is unstable. Time = 3.8050.

season 523 holistic     alive  60 births  1 deaths  1 best lifetime 3.148 mean 1.217 max age 59  season 523 conventional alive  60 births  2 deaths  2 best lifetime 4.438 mean 0.984 max age 58  (7.0s)
season 524 holistic     alive  60 births  1 deaths  1 best lifetime 3.298 mean 1.197 max age 59  season 524 conventional alive  60 births  0 deaths  0 best lifetime 4.405 mean 1.019 max age 59  (6.8s)
season 525 holistic     alive  60 births  2 deaths  2 best lifetime 3.043 mean 1.133 max age 59  season 525 conventional alive  60 births  2 deaths  2 best lifetime 2.904 mean 0.925 max age 59  (6.8s)
WARNING: Nan, Inf or huge value in QACC at DOF 24. The simulation is unstable. Time = 10.6550.

season 526 holistic     alive  60 births  4 deaths  4 best lifetime 3.606 mean 1.182 max age 58  season 526 conventional alive  60 births  1 deaths  1 best lifetime 3.402 mean 0.990 max age 58  (6.6s)
season 527 holistic     alive  60 births  0 deaths  0 best lifetime 3.033 mean 1.288 max age 59  season 527 conventional alive  60 births  0 deaths  0 best lifetime 5.510 mean 1.067 max age 59  (6.7s)
season 528 holistic     alive  60 births  1 deaths  1 best lifetime 3.362 mean 1.309 max age 58  season 528 conventional alive  60 births  2 deaths  2 best lifetime 3.651 mean 1.053 max age 59  (6.6s)
season 529 holistic     alive  60 births  1 deaths  1 best lifetime 3.224 mean 1.320 max age 59  season 529 conventional alive  60 births  1 deaths  1 best lifetime 5.330 mean 1.123 max age 59  (6.8s)
season 530 holistic     alive  60 births  1 deaths  1 best lifetime 3.165 mean 1.321 max age 56  season 530 conventional alive  60 births  2 deaths  2 best lifetime 2.823 mean 1.093 max age 57  (6.7s)
season 531 holistic     alive  60 births  1 deaths  1 best lifetime 3.273 mean 1.365 max age 57  season 531 conventional alive  60 births  0 deaths  0 best lifetime 2.995 mean 1.157 max age 58  (6.9s)
season 532 holistic     alive  60 births  0 deaths  0 best lifetime 3.108 mean 1.292 max age 58  season 532 conventional alive  60 births  0 deaths  0 best lifetime 3.074 mean 1.114 max age 59  (6.8s)
season 533 holistic     alive  60 births  0 deaths  0 best lifetime 3.114 mean 1.321 max age 59  season 533 conventional alive  60 births  3 deaths  3 best lifetime 2.927 mean 1.058 max age 59  (6.7s)
season 534 holistic     alive  60 births  2 deaths  2 best lifetime 2.919 mean 1.236 max age 57  season 534 conventional alive  60 births  3 deaths  3 best lifetime 2.498 mean 1.019 max age 55  (6.7s)
season 535 holistic     alive  60 births  2 deaths  2 best lifetime 2.824 mean 1.211 max age 58  season 535 conventional alive  60 births  0 deaths  0 best lifetime 2.175 mean 0.988 max age 56  (6.5s)
season 536 holistic     alive  60 births  0 deaths  0 best lifetime 4.690 mean 1.294 max age 59  season 536 conventional alive  60 births  2 deaths  2 best lifetime 2.207 mean 0.965 max age 57  (6.9s)
season 537 holistic     alive  60 births  2 deaths  2 best lifetime 3.193 mean 1.216 max age 57  season 537 conventional alive  60 births  1 deaths  1 best lifetime 2.453 mean 1.024 max age 58  (6.7s)
season 538 holistic     alive  60 births  1 deaths  1 best lifetime 3.707 mean 1.238 max age 58  season 538 conventional alive  60 births  0 deaths  0 best lifetime 2.023 mean 1.055 max age 59  (6.9s)
season 539 holistic     alive  60 births  0 deaths  0 best lifetime 3.464 mean 1.321 max age 59  season 539 conventional alive  60 births  1 deaths  1 best lifetime 2.325 mean 1.001 max age 58  (6.6s)
season 540 holistic     alive  60 births  1 deaths  1 best lifetime 3.113 mean 1.281 max age 59  season 540 conventional alive  60 births  1 deaths  1 best lifetime 2.243 mean 1.015 max age 59  (6.7s)
WARNING: Nan, Inf or huge value in QACC at DOF 12. The simulation is unstable. Time = 7.8350.

WARNING: Nan, Inf or huge value in QACC at DOF 10. The simulation is unstable. Time = 13.2200.

season 541 holistic     alive  60 births  2 deaths  2 best lifetime 2.967 mean 1.218 max age 59  season 541 conventional alive  60 births  4 deaths  4 best lifetime 2.017 mean 0.989 max age 59  (6.8s)
season 542 holistic     alive  60 births  2 deaths  2 best lifetime 2.884 mean 1.211 max age 57  season 542 conventional alive  60 births  4 deaths  4 best lifetime 1.896 mean 0.895 max age 57  (6.6s)
WARNING: Nan, Inf or huge value in QACC at DOF 0. The simulation is unstable. Time = 5.1300.

season 543 holistic     alive  60 births  0 deaths  0 best lifetime 2.887 mean 1.283 max age 58  season 543 conventional alive  60 births  1 deaths  1 best lifetime 6.343 mean 1.082 max age 58  (6.5s)
season 544 holistic     alive  60 births  1 deaths  1 best lifetime 2.870 mean 1.271 max age 59  season 544 conventional alive  60 births  1 deaths  1 best lifetime 4.795 mean 1.072 max age 59  (6.6s)
WARNING: Nan, Inf or huge value in QACC at DOF 14. The simulation is unstable. Time = 13.0900.

season 545 holistic     alive  60 births  1 deaths  1 best lifetime 2.783 mean 1.245 max age 53  season 545 conventional alive  60 births  5 deaths  5 best lifetime 2.985 mean 0.941 max age 58  (6.6s)
season 546 holistic     alive  60 births  0 deaths  0 best lifetime 2.753 mean 1.246 max age 54  season 546 conventional alive  60 births  0 deaths  0 best lifetime 3.450 mean 0.987 max age 59  (6.9s)
WARNING: Nan, Inf or huge value in QACC at DOF 0. The simulation is unstable. Time = 9.3750.

season 547 holistic     alive  60 births  0 deaths  0 best lifetime 2.764 mean 1.253 max age 55  season 547 conventional alive  60 births  4 deaths  4 best lifetime 2.103 mean 0.966 max age 59  (6.8s)
season 548 holistic     alive  60 births  0 deaths  0 best lifetime 2.800 mean 1.226 max age 56  season 548 conventional alive  60 births  2 deaths  2 best lifetime 2.020 mean 0.943 max age 58  (6.6s)
season 549 holistic     alive  60 births  1 deaths  1 best lifetime 2.870 mean 1.209 max age 57  season 549 conventional alive  60 births  1 deaths  1 best lifetime 2.105 mean 0.948 max age 59  (6.5s)
season 550 holistic     alive  60 births  1 deaths  1 best lifetime 2.842 mean 1.229 max age 58  season 550 conventional alive  60 births  1 deaths  1 best lifetime 2.328 mean 1.002 max age 59  (6.7s)
season 551 holistic     alive  60 births  0 deaths  0 best lifetime 2.785 mean 1.218 max age 59  season 551 conventional alive  60 births  1 deaths  1 best lifetime 1.559 mean 0.896 max age 59  (6.5s)
season 552 holistic     alive  60 births  1 deaths  1 best lifetime 3.499 mean 1.261 max age 58  season 552 conventional alive  60 births  4 deaths  4 best lifetime 1.522 mean 0.863 max age 59  (6.7s)
season 553 holistic     alive  60 births  0 deaths  0 best lifetime 2.896 mean 1.221 max age 59  season 553 conventional alive  60 births  3 deaths  3 best lifetime 2.568 mean 0.812 max age 56  (6.5s)
season 554 holistic     alive  60 births  1 deaths  1 best lifetime 2.883 mean 1.225 max age 58  season 554 conventional alive  60 births  0 deaths  0 best lifetime 2.567 mean 0.821 max age 57  (6.5s)
WARNING: Nan, Inf or huge value in QACC at DOF 34. The simulation is unstable. Time = 7.4500.

season 555 holistic     alive  60 births  0 deaths  0 best lifetime 2.804 mean 1.199 max age 59  season 555 conventional alive  60 births  2 deaths  2 best lifetime 1.863 mean 0.809 max age 58  (6.3s)
season 556 holistic     alive  60 births  2 deaths  2 best lifetime 2.908 mean 1.189 max age 59  season 556 conventional alive  60 births  3 deaths  3 best lifetime 1.457 mean 0.804 max age 59  (6.7s)
season 557 holistic     alive  60 births  2 deaths  2 best lifetime 2.838 mean 1.186 max age 59  season 557 conventional alive  60 births  1 deaths  1 best lifetime 3.516 mean 0.896 max age 58  (6.7s)
season 558 holistic     alive  60 births  2 deaths  2 best lifetime 2.766 mean 1.182 max age 59  season 558 conventional alive  60 births  2 deaths  2 best lifetime 1.561 mean 0.861 max age 59  (6.6s)
season 559 holistic     alive  60 births  1 deaths  1 best lifetime 2.796 mean 1.173 max age 58  season 559 conventional alive  60 births  3 deaths  3 best lifetime 2.450 mean 0.864 max age 59  (6.5s)
season 560 holistic     alive  60 births  0 deaths  0 best lifetime 2.752 mean 1.160 max age 59  season 560 conventional alive  60 births  2 deaths  2 best lifetime 2.487 mean 0.872 max age 59  (6.5s)
season 561 holistic     alive  60 births  1 deaths  1 best lifetime 2.741 mean 1.179 max age 58  season 561 conventional alive  60 births  3 deaths  3 best lifetime 2.407 mean 0.913 max age 59  (6.5s)
season 562 holistic     alive  60 births  0 deaths  0 best lifetime 2.698 mean 1.196 max age 59  season 562 conventional alive  60 births  1 deaths  1 best lifetime 1.545 mean 0.824 max age 57  (6.6s)
WARNING: Nan, Inf or huge value in QACC at DOF 30. The simulation is unstable. Time = 6.7500.

season 563 holistic     alive  60 births  2 deaths  2 best lifetime 2.811 mean 1.160 max age 59  season 563 conventional alive  60 births  1 deaths  1 best lifetime 2.481 mean 0.920 max age 58  (6.5s)
season 564 holistic     alive  60 births  2 deaths  2 best lifetime 2.814 mean 1.129 max age 59  season 564 conventional alive  60 births  0 deaths  0 best lifetime 1.632 mean 0.912 max age 59  (7.2s)
season 565 holistic     alive  60 births  2 deaths  2 best lifetime 2.817 mean 1.155 max age 59  season 565 conventional alive  60 births  3 deaths  3 best lifetime 2.050 mean 0.914 max age 59  (6.5s)
season 566 holistic     alive  60 births  1 deaths  1 best lifetime 2.841 mean 1.166 max age 58  season 566 conventional alive  60 births  1 deaths  1 best lifetime 1.788 mean 0.916 max age 59  (6.4s)
season 567 holistic     alive  60 births  0 deaths  0 best lifetime 2.782 mean 1.171 max age 59  season 567 conventional alive  60 births  4 deaths  4 best lifetime 1.812 mean 0.899 max age 59  (6.8s)
season 568 holistic     alive  60 births  1 deaths  1 best lifetime 2.746 mean 1.147 max age 59  season 568 conventional alive  60 births  2 deaths  2 best lifetime 2.073 mean 0.942 max age 59  (6.4s)
season 569 holistic     alive  60 births  1 deaths  1 best lifetime 2.731 mean 1.086 max age 59  season 569 conventional alive  60 births  4 deaths  4 best lifetime 1.998 mean 0.893 max age 58  (6.6s)
season 570 holistic     alive  60 births  1 deaths  1 best lifetime 2.716 mean 1.119 max age 59  season 570 conventional alive  60 births  0 deaths  0 best lifetime 2.080 mean 0.961 max age 59  (6.6s)
season 571 holistic     alive  60 births  1 deaths  1 best lifetime 2.702 mean 1.101 max age 59  season 571 conventional alive  60 births  2 deaths  2 best lifetime 2.121 mean 0.965 max age 58  (6.9s)
season 572 holistic     alive  60 births  3 deaths  3 best lifetime 2.707 mean 1.003 max age 59  season 572 conventional alive  60 births  1 deaths  1 best lifetime 2.055 mean 0.893 max age 59  (6.7s)
season 573 holistic     alive  60 births  2 deaths  2 best lifetime 2.730 mean 0.993 max age 59  season 573 conventional alive  60 births  3 deaths  3 best lifetime 2.000 mean 0.873 max age 59  (6.6s)
season 574 holistic     alive  60 births  1 deaths  1 best lifetime 2.716 mean 1.010 max age 59  season 574 conventional alive  60 births  4 deaths  4 best lifetime 1.787 mean 0.793 max age 56  (6.4s)
season 575 holistic     alive  60 births  1 deaths  1 best lifetime 2.790 mean 1.012 max age 57  season 575 conventional alive  60 births  1 deaths  1 best lifetime 1.700 mean 0.821 max age 57  (6.6s)
season 576 holistic     alive  60 births  0 deaths  0 best lifetime 3.136 mean 1.023 max age 58  season 576 conventional alive  60 births  1 deaths  1 best lifetime 1.883 mean 0.889 max age 58  (6.7s)
season 577 holistic     alive  60 births  1 deaths  1 best lifetime 3.633 mean 1.033 max age 59  season 577 conventional alive  60 births  0 deaths  0 best lifetime 1.655 mean 0.842 max age 59  (6.5s)
season 578 holistic     alive  60 births  4 deaths  4 best lifetime 4.866 mean 1.070 max age 59  season 578 conventional alive  60 births  2 deaths  2 best lifetime 1.642 mean 0.923 max age 57  (6.6s)
season 579 holistic     alive  60 births  2 deaths  2 best lifetime 3.813 mean 0.997 max age 59  season 579 conventional alive  60 births  0 deaths  0 best lifetime 1.690 mean 0.875 max age 58  (6.5s)
WARNING: Nan, Inf or huge value in QACC at DOF 10. The simulation is unstable. Time = 11.8650.

season 580 holistic     alive  60 births  2 deaths  2 best lifetime 3.853 mean 0.999 max age 59  season 580 conventional alive  60 births  0 deaths  0 best lifetime 1.565 mean 0.818 max age 59  (6.9s)
season 581 holistic     alive  60 births  3 deaths  3 best lifetime 4.103 mean 1.037 max age 59  season 581 conventional alive  60 births  5 deaths  5 best lifetime 1.507 mean 0.837 max age 59  (6.8s)
season 582 holistic     alive  60 births  3 deaths  3 best lifetime 3.642 mean 1.017 max age 58  season 582 conventional alive  60 births  2 deaths  2 best lifetime 1.504 mean 0.809 max age 59  (6.8s)
season 583 holistic     alive  60 births  2 deaths  2 best lifetime 4.717 mean 1.064 max age 59  season 583 conventional alive  60 births  2 deaths  2 best lifetime 3.349 mean 0.897 max age 58  (6.6s)
season 584 holistic     alive  60 births  1 deaths  1 best lifetime 4.232 mean 1.035 max age 59  season 584 conventional alive  60 births  1 deaths  1 best lifetime 1.407 mean 0.849 max age 59  (6.8s)
season 585 holistic     alive  60 births  2 deaths  2 best lifetime 4.152 mean 1.083 max age 59  season 585 conventional alive  60 births  2 deaths  2 best lifetime 1.408 mean 0.796 max age 59  (6.9s)
season 586 holistic     alive  60 births  5 deaths  5 best lifetime 4.999 mean 1.079 max age 58  season 586 conventional alive  60 births  4 deaths  4 best lifetime 1.440 mean 0.783 max age 58  (7.1s)
season 587 holistic     alive  60 births  0 deaths  0 best lifetime 3.498 mean 1.092 max age 59  season 587 conventional alive  60 births  1 deaths  1 best lifetime 1.380 mean 0.776 max age 59  (6.8s)
season 588 holistic     alive  60 births  1 deaths  1 best lifetime 3.463 mean 1.037 max age 59  season 588 conventional alive  60 births  2 deaths  2 best lifetime 1.543 mean 0.753 max age 58  (6.7s)
season 589 holistic     alive  60 births  2 deaths  2 best lifetime 4.075 mean 1.027 max age 59  season 589 conventional alive  60 births  1 deaths  1 best lifetime 2.395 mean 0.789 max age 59  (6.6s)
season 590 holistic     alive  60 births  2 deaths  2 best lifetime 3.529 mean 1.042 max age 56  season 590 conventional alive  60 births  3 deaths  3 best lifetime 3.401 mean 0.778 max age 57  (7.2s)
season 591 holistic     alive  60 births  0 deaths  0 best lifetime 3.228 mean 1.090 max age 57  season 591 conventional alive  60 births  1 deaths  1 best lifetime 1.485 mean 0.761 max age 58  (6.7s)
season 592 holistic     alive  60 births  1 deaths  1 best lifetime 3.582 mean 1.089 max age 58  season 592 conventional alive  60 births  0 deaths  0 best lifetime 2.368 mean 0.795 max age 59  (6.5s)
season 593 holistic     alive  60 births  0 deaths  0 best lifetime 3.321 mean 1.088 max age 59  season 593 conventional alive  60 births  5 deaths  5 best lifetime 2.031 mean 0.737 max age 57  (6.8s)
season 594 holistic     alive  60 births  2 deaths  2 best lifetime 3.188 mean 1.095 max age 59  season 594 conventional alive  60 births  0 deaths  0 best lifetime 1.858 mean 0.802 max age 58  (6.6s)
WARNING: Nan, Inf or huge value in QACC at DOF 24. The simulation is unstable. Time = 8.1350.

season 595 holistic     alive  60 births  2 deaths  2 best lifetime 2.997 mean 1.141 max age 58  season 595 conventional alive  60 births  1 deaths  1 best lifetime 2.003 mean 0.828 max age 59  (7.1s)
season 596 holistic     alive  60 births  0 deaths  0 best lifetime 2.763 mean 1.224 max age 59  season 596 conventional alive  60 births  2 deaths  2 best lifetime 3.368 mean 0.866 max age 59  (6.8s)
WARNING: Nan, Inf or huge value in QACC at DOF 30. The simulation is unstable. Time = 4.2750.

season 597 holistic     alive  60 births  3 deaths  3 best lifetime 2.676 mean 1.154 max age 59  season 597 conventional alive  60 births  1 deaths  1 best lifetime 2.865 mean 0.897 max age 58  (7.0s)
season 598 holistic     alive  60 births  1 deaths  1 best lifetime 2.654 mean 1.178 max age 57  season 598 conventional alive  60 births  0 deaths  0 best lifetime 2.033 mean 0.866 max age 59  (6.9s)
season 599 holistic     alive  60 births  0 deaths  0 best lifetime 2.870 mean 1.193 max age 58  season 599 conventional alive  60 births  3 deaths  3 best lifetime 1.614 mean 0.817 max age 59  (6.6s)
results in runs/RBT-13/W1-801/history.json
