season   0 holistic     alive  59 births  3 deaths  4 best lifetime 1.973 mean 0.040 max age 57  season   0 conventional alive  60 births  2 deaths  2 best lifetime 2.596 mean -0.213 max age 58  (6.2s)
season   1 holistic     alive  60 births  1 deaths  0 best lifetime 1.465 mean 0.023 max age 58  season   1 conventional alive  60 births  0 deaths  0 best lifetime 1.452 mean -0.098 max age 59  (6.1s)
season   2 holistic     alive  60 births  0 deaths  0 best lifetime 1.966 mean 0.033 max age 59  season   2 conventional alive  60 births  7 deaths  7 best lifetime 1.249 mean 0.127 max age 59  (6.3s)
WARNING: Nan, Inf or huge value in QACC at DOF 32. The simulation is unstable. Time = 1.2700.

season   3 holistic     alive  60 births  2 deaths  2 best lifetime 1.466 mean 0.042 max age 59  season   3 conventional alive  60 births 10 deaths 10 best lifetime 1.536 mean 0.255 max age 59  (6.1s)
season   4 holistic     alive  58 births  2 deaths  4 best lifetime 1.166 mean 0.056 max age 59  season   4 conventional alive  60 births  6 deaths  6 best lifetime 2.562 mean 0.310 max age 59  (6.3s)
season   5 holistic     alive  57 births  1 deaths  2 best lifetime 0.979 mean 0.059 max age 59  season   5 conventional alive  60 births  7 deaths  7 best lifetime 2.683 mean 0.392 max age 56  (6.0s)
season   6 holistic     alive  57 births  3 deaths  3 best lifetime 0.966 mean 0.054 max age 58  season   6 conventional alive  60 births  5 deaths  5 best lifetime 2.316 mean 0.447 max age 57  (6.3s)
season   7 holistic     alive  57 births  1 deaths  1 best lifetime 0.841 mean 0.046 max age 59  season   7 conventional alive  60 births  3 deaths  3 best lifetime 1.760 mean 0.408 max age 58  (6.1s)
season   8 holistic     alive  52 births  0 deaths  5 best lifetime 0.968 mean 0.078 max age 59  season   8 conventional alive  60 births  5 deaths  5 best lifetime 1.569 mean 0.395 max age 59  (5.9s)
WARNING: Nan, Inf or huge value in QACC at DOF 0. The simulation is unstable. Time = 6.6800.

season   9 holistic     alive  50 births  0 deaths  2 best lifetime 0.718 mean 0.061 max age 59  season   9 conventional alive  60 births 10 deaths 10 best lifetime 1.708 mean 0.331 max age 52  (5.7s)
season  10 holistic     alive  44 births  0 deaths  6 best lifetime 0.634 mean 0.066 max age 59  season  10 conventional alive  60 births  7 deaths  7 best lifetime 1.436 mean 0.324 max age 53  (5.5s)
season  11 holistic     alive   7 births  0 deaths 37 best lifetime 0.568 mean 0.363 max age 38  season  11 conventional alive  60 births  8 deaths  8 best lifetime 1.315 mean 0.389 max age 54  (5.6s)
season  12 holistic     alive   9 births  2 deaths  0 best lifetime 0.695 mean 0.340 max age 39  season  12 conventional alive  60 births  4 deaths  4 best lifetime 2.462 mean 0.507 max age 55  (4.2s)
season  13 holistic     alive  11 births  2 deaths  0 best lifetime 0.960 mean 0.309 max age 40  season  13 conventional alive  60 births 12 deaths 12 best lifetime 2.800 mean 0.460 max age 56  (4.1s)
season  14 holistic     alive  13 births  2 deaths  0 best lifetime 0.955 mean 0.356 max age 41  season  14 conventional alive  60 births  1 deaths  1 best lifetime 3.302 mean 0.565 max age 57  (4.1s)
season  15 holistic     alive  17 births  5 deaths  1 best lifetime 1.455 mean 0.323 max age 42  season  15 conventional alive  60 births  7 deaths  7 best lifetime 2.465 mean 0.611 max age 58  (4.2s)
season  16 holistic     alive  20 births  4 deaths  1 best lifetime 2.969 mean 0.528 max age 43  season  16 conventional alive  60 births  4 deaths  4 best lifetime 3.347 mean 0.675 max age 59  (4.3s)
season  17 holistic     alive  21 births  3 deaths  2 best lifetime 1.968 mean 0.420 max age 44  season  17 conventional alive  60 births  5 deaths  5 best lifetime 3.353 mean 0.638 max age 56  (4.6s)
season  18 holistic     alive  26 births  6 deaths  1 best lifetime 1.968 mean 0.576 max age 45  season  18 conventional alive  60 births  1 deaths  1 best lifetime 2.686 mean 0.679 max age 57  (4.6s)
season  19 holistic     alive  32 births  9 deaths  3 best lifetime 1.953 mean 0.581 max age 46  season  19 conventional alive  60 births  3 deaths  3 best lifetime 2.355 mean 0.662 max age 58  (4.7s)
WARNING: Nan, Inf or huge value in QACC at DOF 13. The simulation is unstable. Time = 8.3150.

season  20 holistic     alive  43 births 11 deaths  0 best lifetime 2.967 mean 0.523 max age 47  season  20 conventional alive  60 births  0 deaths  0 best lifetime 3.355 mean 0.711 max age 59  (4.7s)
season  21 holistic     alive  51 births  9 deaths  1 best lifetime 1.981 mean 0.489 max age 48  season  21 conventional alive  60 births  4 deaths  4 best lifetime 1.688 mean 0.661 max age 49  (5.2s)
season  22 holistic     alive  57 births  7 deaths  1 best lifetime 2.764 mean 0.451 max age 49  season  22 conventional alive  60 births  2 deaths  2 best lifetime 1.782 mean 0.634 max age 50  (5.5s)
WARNING: Nan, Inf or huge value in QACC at DOF 31. The simulation is unstable. Time = 10.7650.

season  23 holistic     alive  60 births  7 deaths  4 best lifetime 2.264 mean 0.517 max age 50  season  23 conventional alive  60 births  2 deaths  2 best lifetime 2.264 mean 0.676 max age 51  (5.7s)
season  24 holistic     alive  60 births  5 deaths  5 best lifetime 2.100 mean 0.561 max age 51  season  24 conventional alive  60 births  1 deaths  1 best lifetime 1.931 mean 0.671 max age 52  (5.7s)
season  25 holistic     alive  60 births  4 deaths  4 best lifetime 1.819 mean 0.591 max age 52  season  25 conventional alive  60 births  2 deaths  2 best lifetime 1.746 mean 0.627 max age 53  (5.7s)
season  26 holistic     alive  60 births  2 deaths  2 best lifetime 2.214 mean 0.583 max age 53  season  26 conventional alive  60 births  2 deaths  2 best lifetime 1.453 mean 0.624 max age 54  (5.9s)
season  27 holistic     alive  60 births  3 deaths  3 best lifetime 1.764 mean 0.572 max age 54  season  27 conventional alive  60 births  1 deaths  1 best lifetime 1.524 mean 0.626 max age 55  (5.8s)
season  28 holistic     alive  60 births  2 deaths  2 best lifetime 1.469 mean 0.575 max age 55  season  28 conventional alive  60 births  2 deaths  2 best lifetime 1.447 mean 0.602 max age 56  (5.9s)
season  29 holistic     alive  60 births  4 deaths  4 best lifetime 1.500 mean 0.539 max age 56  season  29 conventional alive  60 births  3 deaths  3 best lifetime 1.315 mean 0.603 max age 57  (5.9s)
season  30 holistic     alive  60 births  3 deaths  3 best lifetime 1.533 mean 0.552 max age 57  season  30 conventional alive  60 births  1 deaths  1 best lifetime 1.617 mean 0.552 max age 58  (5.7s)
season  31 holistic     alive  60 births  3 deaths  3 best lifetime 1.967 mean 0.614 max age 58  season  31 conventional alive  60 births  2 deaths  2 best lifetime 2.560 mean 0.621 max age 59  (5.9s)
season  32 holistic     alive  60 births  4 deaths  4 best lifetime 1.953 mean 0.627 max age 59  season  32 conventional alive  60 births  3 deaths  3 best lifetime 2.555 mean 0.623 max age 59  (5.5s)
season  33 holistic     alive  60 births  1 deaths  1 best lifetime 1.962 mean 0.667 max age 32  season  33 conventional alive  60 births  1 deaths  1 best lifetime 2.304 mean 0.619 max age 58  (5.7s)
season  34 holistic     alive  60 births  1 deaths  1 best lifetime 1.572 mean 0.621 max age 33  season  34 conventional alive  60 births  4 deaths  4 best lifetime 1.752 mean 0.625 max age 59  (5.5s)
season  35 holistic     alive  60 births  0 deaths  0 best lifetime 1.488 mean 0.569 max age 34  season  35 conventional alive  60 births  4 deaths  4 best lifetime 1.731 mean 0.582 max age 54  (5.6s)
season  36 holistic     alive  60 births  1 deaths  1 best lifetime 1.461 mean 0.574 max age 35  season  36 conventional alive  60 births  1 deaths  1 best lifetime 1.445 mean 0.625 max age 55  (5.6s)
season  37 holistic     alive  60 births  0 deaths  0 best lifetime 1.438 mean 0.582 max age 36  season  37 conventional alive  60 births  1 deaths  1 best lifetime 1.437 mean 0.658 max age 56  (5.6s)
season  38 holistic     alive  60 births  1 deaths  1 best lifetime 1.416 mean 0.597 max age 37  season  38 conventional alive  60 births  2 deaths  2 best lifetime 1.978 mean 0.682 max age 57  (5.7s)
season  39 holistic     alive  60 births  1 deaths  1 best lifetime 1.396 mean 0.587 max age 38  season  39 conventional alive  60 births  0 deaths  0 best lifetime 1.362 mean 0.626 max age 58  (5.9s)
season  40 holistic     alive  60 births  2 deaths  2 best lifetime 1.360 mean 0.570 max age 39  season  40 conventional alive  60 births  4 deaths  4 best lifetime 1.291 mean 0.632 max age 59  (5.8s)
season  41 holistic     alive  60 births  1 deaths  1 best lifetime 1.340 mean 0.560 max age 40  season  41 conventional alive  60 births  1 deaths  1 best lifetime 1.411 mean 0.603 max age 52  (5.8s)
WARNING: Nan, Inf or huge value in QACC at DOF 20. The simulation is unstable. Time = 7.2500.

season  42 holistic     alive  60 births  2 deaths  2 best lifetime 1.322 mean 0.556 max age 41  season  42 conventional alive  60 births  2 deaths  2 best lifetime 1.267 mean 0.621 max age 53  (5.7s)
season  43 holistic     alive  60 births  3 deaths  3 best lifetime 1.257 mean 0.558 max age 42  season  43 conventional alive  60 births  2 deaths  2 best lifetime 2.529 mean 0.650 max age 54  (5.7s)
season  44 holistic     alive  60 births  1 deaths  1 best lifetime 1.247 mean 0.569 max age 43  season  44 conventional alive  60 births  0 deaths  0 best lifetime 2.037 mean 0.658 max age 55  (5.8s)
season  45 holistic     alive  60 births  0 deaths  0 best lifetime 1.272 mean 0.575 max age 44  season  45 conventional alive  60 births  2 deaths  2 best lifetime 1.212 mean 0.628 max age 56  (5.6s)
season  46 holistic     alive  60 births  1 deaths  1 best lifetime 1.304 mean 0.603 max age 45  season  46 conventional alive  60 births  0 deaths  0 best lifetime 1.167 mean 0.621 max age 57  (5.6s)
season  47 holistic     alive  60 births  2 deaths  2 best lifetime 1.962 mean 0.627 max age 46  season  47 conventional alive  60 births  3 deaths  3 best lifetime 1.151 mean 0.620 max age 58  (5.8s)
season  48 holistic     alive  60 births  0 deaths  0 best lifetime 1.317 mean 0.606 max age 47  season  48 conventional alive  60 births  0 deaths  0 best lifetime 1.195 mean 0.625 max age 59  (5.6s)
season  49 holistic     alive  60 births  0 deaths  0 best lifetime 1.341 mean 0.599 max age 48  season  49 conventional alive  60 births  2 deaths  2 best lifetime 1.394 mean 0.612 max age 55  (5.7s)
season  50 holistic     alive  60 births  0 deaths  0 best lifetime 1.328 mean 0.606 max age 49  season  50 conventional alive  60 births  3 deaths  3 best lifetime 1.090 mean 0.588 max age 56  (5.5s)
season  51 holistic     alive  60 births  3 deaths  3 best lifetime 1.468 mean 0.599 max age 50  season  51 conventional alive  60 births  0 deaths  0 best lifetime 2.402 mean 0.676 max age 57  (5.7s)
season  52 holistic     alive  60 births  1 deaths  1 best lifetime 1.367 mean 0.598 max age 51  season  52 conventional alive  60 births  0 deaths  0 best lifetime 1.390 mean 0.639 max age 58  (5.8s)
season  53 holistic     alive  60 births  1 deaths  1 best lifetime 1.466 mean 0.637 max age 52  season  53 conventional alive  60 births  0 deaths  0 best lifetime 1.122 mean 0.624 max age 59  (5.6s)
season  54 holistic     alive  60 births  0 deaths  0 best lifetime 1.537 mean 0.612 max age 53  season  54 conventional alive  60 births  3 deaths  3 best lifetime 1.076 mean 0.592 max age 59  (5.7s)
season  55 holistic     alive  60 births  1 deaths  1 best lifetime 1.340 mean 0.601 max age 54  season  55 conventional alive  60 births  2 deaths  2 best lifetime 1.104 mean 0.583 max age 56  (5.9s)
season  56 holistic     alive  60 births  0 deaths  0 best lifetime 1.298 mean 0.616 max age 55  season  56 conventional alive  60 births  1 deaths  1 best lifetime 1.839 mean 0.643 max age 57  (5.6s)
WARNING: Nan, Inf or huge value in QACC at DOF 33. The simulation is unstable. Time = 12.0750.

season  57 holistic     alive  60 births  0 deaths  0 best lifetime 1.265 mean 0.599 max age 56  season  57 conventional alive  60 births  1 deaths  1 best lifetime 2.015 mean 0.666 max age 58  (5.6s)
season  58 holistic     alive  60 births  0 deaths  0 best lifetime 1.510 mean 0.600 max age 57  season  58 conventional alive  60 births  1 deaths  1 best lifetime 2.177 mean 0.638 max age 59  (5.6s)
season  59 holistic     alive  60 births  0 deaths  0 best lifetime 1.466 mean 0.614 max age 58  season  59 conventional alive  60 births  2 deaths  2 best lifetime 1.918 mean 0.633 max age 59  (5.6s)
season  60 holistic     alive  60 births  1 deaths  1 best lifetime 1.272 mean 0.598 max age 59  season  60 conventional alive  60 births  2 deaths  2 best lifetime 1.684 mean 0.637 max age 58  (5.6s)
season  61 holistic     alive  60 births  2 deaths  2 best lifetime 1.975 mean 0.628 max age 58  season  61 conventional alive  60 births  1 deaths  1 best lifetime 2.404 mean 0.713 max age 59  (5.6s)
WARNING: Nan, Inf or huge value in QACC at DOF 10. The simulation is unstable. Time = 12.9850.

WARNING: Nan, Inf or huge value in QACC at DOF 20. The simulation is unstable. Time = 5.0800.

season  62 holistic     alive  60 births  0 deaths  0 best lifetime 1.474 mean 0.617 max age 59  season  62 conventional alive  60 births  2 deaths  2 best lifetime 1.408 mean 0.632 max age 59  (5.6s)
season  63 holistic     alive  60 births  1 deaths  1 best lifetime 1.339 mean 0.611 max age 57  season  63 conventional alive  60 births  3 deaths  3 best lifetime 1.739 mean 0.629 max age 59  (5.6s)
season  64 holistic     alive  60 births  0 deaths  0 best lifetime 1.317 mean 0.621 max age 58  season  64 conventional alive  60 births  2 deaths  2 best lifetime 1.407 mean 0.629 max age 59  (5.6s)
season  65 holistic     alive  60 births  1 deaths  1 best lifetime 1.464 mean 0.624 max age 59  season  65 conventional alive  60 births  4 deaths  4 best lifetime 1.607 mean 0.632 max age 56  (5.8s)
WARNING: Nan, Inf or huge value in QACC at DOF 0. The simulation is unstable. Time = 3.6150.

season  66 holistic     alive  60 births  1 deaths  1 best lifetime 1.960 mean 0.644 max age 59  season  66 conventional alive  60 births  1 deaths  1 best lifetime 1.739 mean 0.611 max age 57  (5.8s)
WARNING: Nan, Inf or huge value in QACC at DOF 10. The simulation is unstable. Time = 6.3550.

season  67 holistic     alive  60 births  1 deaths  1 best lifetime 1.460 mean 0.645 max age 55  season  67 conventional alive  60 births  1 deaths  1 best lifetime 1.405 mean 0.633 max age 58  (5.7s)
season  68 holistic     alive  60 births  0 deaths  0 best lifetime 1.393 mean 0.635 max age 56  season  68 conventional alive  60 births  2 deaths  2 best lifetime 1.455 mean 0.654 max age 59  (5.7s)
season  69 holistic     alive  60 births  1 deaths  1 best lifetime 1.418 mean 0.630 max age 57  season  69 conventional alive  60 births  3 deaths  3 best lifetime 1.505 mean 0.579 max age 59  (5.6s)
season  70 holistic     alive  60 births  1 deaths  1 best lifetime 1.399 mean 0.636 max age 58  season  70 conventional alive  60 births  4 deaths  4 best lifetime 1.215 mean 0.570 max age 59  (5.7s)
season  71 holistic     alive  60 births  0 deaths  0 best lifetime 1.422 mean 0.646 max age 59  season  71 conventional alive  60 births  5 deaths  5 best lifetime 3.557 mean 0.701 max age 59  (5.9s)
season  72 holistic     alive  60 births  1 deaths  1 best lifetime 1.364 mean 0.642 max age 59  season  72 conventional alive  60 births  1 deaths  1 best lifetime 2.061 mean 0.604 max age 59  (5.7s)
WARNING: Nan, Inf or huge value in QACC at DOF 30. The simulation is unstable. Time = 14.3100.

season  73 holistic     alive  60 births  1 deaths  1 best lifetime 3.213 mean 0.662 max age 58  season  73 conventional alive  60 births  8 deaths  8 best lifetime 2.900 mean 0.619 max age 59  (5.7s)
season  74 holistic     alive  60 births  0 deaths  0 best lifetime 3.163 mean 0.724 max age 59  season  74 conventional alive  60 births  2 deaths  2 best lifetime 3.306 mean 0.638 max age 59  (5.8s)
season  75 holistic     alive  60 births  4 deaths  4 best lifetime 2.796 mean 0.653 max age 59  season  75 conventional alive  60 births 10 deaths 10 best lifetime 1.802 mean 0.595 max age 59  (5.7s)
season  76 holistic     alive  60 births  3 deaths  3 best lifetime 2.537 mean 0.599 max age 59  season  76 conventional alive  60 births  4 deaths  4 best lifetime 2.409 mean 0.682 max age 59  (5.7s)
season  77 holistic     alive  60 births  3 deaths  3 best lifetime 2.340 mean 0.573 max age 59  season  77 conventional alive  60 births  6 deaths  6 best lifetime 4.847 mean 0.646 max age 56  (5.7s)
WARNING: Nan, Inf or huge value in QACC at DOF 1. The simulation is unstable. Time = 7.1800.

season  78 holistic     alive  60 births  2 deaths  2 best lifetime 2.187 mean 0.587 max age 59  season  78 conventional alive  60 births  4 deaths  4 best lifetime 3.664 mean 0.557 max age 57  (5.7s)
season  79 holistic     alive  60 births  9 deaths  9 best lifetime 1.965 mean 0.542 max age 59  season  79 conventional alive  60 births  6 deaths  6 best lifetime 2.835 mean 0.577 max age 58  (5.6s)
season  80 holistic     alive  60 births  5 deaths  5 best lifetime 2.978 mean 0.635 max age 59  season  80 conventional alive  60 births  3 deaths  3 best lifetime 2.354 mean 0.562 max age 59  (6.0s)
season  81 holistic     alive  60 births  4 deaths  4 best lifetime 2.048 mean 0.588 max age 59  season  81 conventional alive  60 births  7 deaths  7 best lifetime 1.863 mean 0.539 max age 56  (5.9s)
season  82 holistic     alive  60 births  4 deaths  4 best lifetime 3.592 mean 0.596 max age 59  season  82 conventional alive  60 births  4 deaths  4 best lifetime 2.452 mean 0.656 max age 57  (5.9s)
season  83 holistic     alive  60 births  7 deaths  7 best lifetime 3.963 mean 0.571 max age 59  season  83 conventional alive  60 births  2 deaths  2 best lifetime 2.554 mean 0.701 max age 58  (5.9s)
WARNING: Nan, Inf or huge value in QACC at DOF 20. The simulation is unstable. Time = 9.4050.

season  84 holistic     alive  60 births  5 deaths  5 best lifetime 2.463 mean 0.563 max age 57  season  84 conventional alive  60 births  4 deaths  4 best lifetime 1.682 mean 0.650 max age 59  (5.9s)
season  85 holistic     alive  60 births  2 deaths  2 best lifetime 2.026 mean 0.609 max age 58  season  85 conventional alive  60 births  3 deaths  3 best lifetime 1.560 mean 0.650 max age 59  (5.9s)
season  86 holistic     alive  60 births  3 deaths  3 best lifetime 1.964 mean 0.592 max age 59  season  86 conventional alive  60 births  3 deaths  3 best lifetime 1.367 mean 0.596 max age 57  (5.9s)
season  87 holistic     alive  60 births  2 deaths  2 best lifetime 1.964 mean 0.562 max age 58  season  87 conventional alive  60 births  3 deaths  3 best lifetime 1.291 mean 0.579 max age 58  (5.9s)
season  88 holistic     alive  60 births  1 deaths  1 best lifetime 1.964 mean 0.613 max age 59  season  88 conventional alive  60 births  3 deaths  3 best lifetime 1.152 mean 0.544 max age 59  (5.9s)
season  89 holistic     alive  60 births  2 deaths  2 best lifetime 1.968 mean 0.573 max age 59  season  89 conventional alive  60 births  6 deaths  6 best lifetime 1.469 mean 0.554 max age 57  (6.0s)
season  90 holistic     alive  60 births  5 deaths  5 best lifetime 1.967 mean 0.562 max age 59  season  90 conventional alive  60 births  1 deaths  1 best lifetime 3.342 mean 0.610 max age 58  (5.9s)
season  91 holistic     alive  60 births  5 deaths  5 best lifetime 2.965 mean 0.675 max age 59  season  91 conventional alive  60 births  1 deaths  1 best lifetime 1.989 mean 0.634 max age 59  (6.0s)
season  92 holistic     alive  60 births  2 deaths  2 best lifetime 1.834 mean 0.626 max age 59  season  92 conventional alive  60 births  5 deaths  5 best lifetime 1.856 mean 0.641 max age 58  (5.9s)
season  93 holistic     alive  60 births  2 deaths  2 best lifetime 1.965 mean 0.638 max age 53  season  93 conventional alive  60 births  2 deaths  2 best lifetime 1.449 mean 0.592 max age 59  (5.9s)
season  94 holistic     alive  60 births  1 deaths  1 best lifetime 2.215 mean 0.631 max age 54  season  94 conventional alive  60 births  3 deaths  3 best lifetime 1.480 mean 0.582 max age 59  (5.9s)
season  95 holistic     alive  60 births  4 deaths  4 best lifetime 2.565 mean 0.664 max age 55  season  95 conventional alive  60 births  2 deaths  2 best lifetime 4.300 mean 0.647 max age 59  (6.0s)
season  96 holistic     alive  60 births  0 deaths  0 best lifetime 2.131 mean 0.617 max age 56  season  96 conventional alive  60 births  6 deaths  6 best lifetime 1.798 mean 0.629 max age 56  (5.8s)
season  97 holistic     alive  60 births  1 deaths  1 best lifetime 1.964 mean 0.662 max age 57  season  97 conventional alive  60 births  0 deaths  0 best lifetime 2.806 mean 0.750 max age 57  (6.0s)
season  98 holistic     alive  60 births  2 deaths  2 best lifetime 2.089 mean 0.656 max age 58  season  98 conventional alive  60 births  1 deaths  1 best lifetime 1.803 mean 0.708 max age 58  (6.0s)
season  99 holistic     alive  60 births  1 deaths  1 best lifetime 2.185 mean 0.660 max age 59  season  99 conventional alive  60 births  0 deaths  0 best lifetime 1.680 mean 0.648 max age 59  (5.8s)
season 100 holistic     alive  60 births  1 deaths  1 best lifetime 2.363 mean 0.716 max age 58  season 100 conventional alive  60 births  2 deaths  2 best lifetime 1.481 mean 0.625 max age 58  (5.7s)
season 101 holistic     alive  60 births  1 deaths  1 best lifetime 2.329 mean 0.697 max age 59  season 101 conventional alive  60 births  2 deaths  2 best lifetime 1.517 mean 0.606 max age 59  (5.9s)
season 102 holistic     alive  60 births  3 deaths  3 best lifetime 2.215 mean 0.720 max age 59  season 102 conventional alive  60 births  2 deaths  2 best lifetime 1.637 mean 0.654 max age 59  (5.8s)
WARNING: Nan, Inf or huge value in QACC at DOF 10. The simulation is unstable. Time = 7.6400.

WARNING: Nan, Inf or huge value in QACC at DOF 10. The simulation is unstable. Time = 4.4600.

season 103 holistic     alive  60 births  1 deaths  1 best lifetime 2.970 mean 0.784 max age 57  season 103 conventional alive  60 births  1 deaths  1 best lifetime 2.132 mean 0.681 max age 56  (5.9s)
season 104 holistic     alive  60 births  1 deaths  1 best lifetime 2.969 mean 0.832 max age 58  season 104 conventional alive  60 births  2 deaths  2 best lifetime 2.274 mean 0.673 max age 57  (5.8s)
season 105 holistic     alive  60 births  0 deaths  0 best lifetime 2.470 mean 0.817 max age 59  season 105 conventional alive  60 births  0 deaths  0 best lifetime 1.380 mean 0.622 max age 58  (6.1s)
season 106 holistic     alive  60 births  2 deaths  2 best lifetime 1.965 mean 0.779 max age 59  season 106 conventional alive  60 births  2 deaths  2 best lifetime 1.304 mean 0.653 max age 59  (5.8s)
season 107 holistic     alive  60 births  2 deaths  2 best lifetime 1.964 mean 0.739 max age 56  season 107 conventional alive  60 births  2 deaths  2 best lifetime 1.369 mean 0.610 max age 53  (6.1s)
WARNING: Nan, Inf or huge value in QACC at DOF 20. The simulation is unstable. Time = 6.7050.

season 108 holistic     alive  60 births  1 deaths  1 best lifetime 2.020 mean 0.758 max age 57  season 108 conventional alive  60 births  2 deaths  2 best lifetime 1.623 mean 0.653 max age 54  (6.0s)
season 109 holistic     alive  60 births  0 deaths  0 best lifetime 1.915 mean 0.738 max age 58  season 109 conventional alive  60 births  2 deaths  2 best lifetime 2.234 mean 0.651 max age 55  (6.1s)
season 110 holistic     alive  60 births  1 deaths  1 best lifetime 1.916 mean 0.768 max age 59  season 110 conventional alive  60 births  4 deaths  4 best lifetime 1.733 mean 0.664 max age 56  (5.9s)
season 111 holistic     alive  60 births  3 deaths  3 best lifetime 1.869 mean 0.745 max age 58  season 111 conventional alive  60 births  2 deaths  2 best lifetime 1.898 mean 0.676 max age 57  (5.7s)
season 112 holistic     alive  60 births  0 deaths  0 best lifetime 3.977 mean 0.787 max age 59  season 112 conventional alive  60 births  0 deaths  0 best lifetime 2.483 mean 0.699 max age 58  (6.0s)
season 113 holistic     alive  60 births  1 deaths  1 best lifetime 1.976 mean 0.755 max age 58  season 113 conventional alive  60 births  2 deaths  2 best lifetime 2.433 mean 0.698 max age 59  (5.9s)
season 114 holistic     alive  60 births  1 deaths  1 best lifetime 1.876 mean 0.741 max age 59  season 114 conventional alive  60 births  4 deaths  4 best lifetime 2.748 mean 0.636 max age 59  (5.9s)
season 115 holistic     alive  60 births  1 deaths  1 best lifetime 1.921 mean 0.720 max age 55  season 115 conventional alive  60 births  2 deaths  2 best lifetime 2.817 mean 0.742 max age 59  (5.8s)
season 116 holistic     alive  60 births  1 deaths  1 best lifetime 1.901 mean 0.728 max age 56  season 116 conventional alive  60 births  1 deaths  1 best lifetime 2.746 mean 0.672 max age 57  (6.3s)
season 117 holistic     alive  60 births  0 deaths  0 best lifetime 1.902 mean 0.734 max age 57  season 117 conventional alive  60 births  0 deaths  0 best lifetime 2.469 mean 0.662 max age 58  (6.2s)
season 118 holistic     alive  60 births  1 deaths  1 best lifetime 1.862 mean 0.740 max age 58  season 118 conventional alive  60 births  2 deaths  2 best lifetime 2.446 mean 0.646 max age 59  (6.1s)
season 119 holistic     alive  60 births  1 deaths  1 best lifetime 1.824 mean 0.729 max age 59  season 119 conventional alive  60 births  3 deaths  3 best lifetime 2.153 mean 0.639 max age 59  (5.9s)
season 120 holistic     alive  60 births  1 deaths  1 best lifetime 1.807 mean 0.733 max age 59  season 120 conventional alive  60 births  2 deaths  2 best lifetime 3.452 mean 0.641 max age 57  (5.8s)
season 121 holistic     alive  60 births  1 deaths  1 best lifetime 1.791 mean 0.709 max age 58  season 121 conventional alive  60 births  1 deaths  1 best lifetime 1.933 mean 0.647 max age 58  (5.9s)
season 122 holistic     alive  60 births  0 deaths  0 best lifetime 1.851 mean 0.718 max age 59  season 122 conventional alive  60 births  1 deaths  1 best lifetime 1.812 mean 0.670 max age 59  (6.1s)
season 123 holistic     alive  60 births  2 deaths  2 best lifetime 1.853 mean 0.702 max age 58  season 123 conventional alive  60 births  2 deaths  2 best lifetime 1.727 mean 0.649 max age 59  (6.2s)
season 124 holistic     alive  60 births  1 deaths  1 best lifetime 2.904 mean 0.763 max age 59  season 124 conventional alive  60 births  3 deaths  3 best lifetime 1.874 mean 0.663 max age 59  (6.1s)
season 125 holistic     alive  60 births  2 deaths  2 best lifetime 1.967 mean 0.775 max age 58  season 125 conventional alive  60 births  3 deaths  3 best lifetime 1.648 mean 0.648 max age 56  (6.3s)
WARNING: Nan, Inf or huge value in QACC at DOF 20. The simulation is unstable. Time = 3.9000.

season 126 holistic     alive  60 births  0 deaths  0 best lifetime 1.824 mean 0.789 max age 59  season 126 conventional alive  60 births  1 deaths  1 best lifetime 3.544 mean 0.712 max age 57  (6.0s)
season 127 holistic     alive  60 births  1 deaths  1 best lifetime 1.883 mean 0.789 max age 58  season 127 conventional alive  60 births  2 deaths  2 best lifetime 1.544 mean 0.642 max age 58  (5.8s)
season 128 holistic     alive  60 births  0 deaths  0 best lifetime 1.863 mean 0.762 max age 59  season 128 conventional alive  60 births  1 deaths  1 best lifetime 1.477 mean 0.665 max age 59  (6.1s)
WARNING: Nan, Inf or huge value in QACC at DOF 10. The simulation is unstable. Time = 4.7400.

season 129 holistic     alive  60 births  1 deaths  1 best lifetime 1.605 mean 0.741 max age 59  season 129 conventional alive  60 births  3 deaths  3 best lifetime 1.382 mean 0.638 max age 59  (6.0s)
season 130 holistic     alive  60 births  1 deaths  1 best lifetime 1.614 mean 0.750 max age 57  season 130 conventional alive  60 births  3 deaths  3 best lifetime 1.545 mean 0.650 max age 57  (6.0s)
season 131 holistic     alive  60 births  1 deaths  1 best lifetime 1.634 mean 0.772 max age 58  season 131 conventional alive  60 births  0 deaths  0 best lifetime 1.518 mean 0.717 max age 58  (6.1s)
season 132 holistic     alive  60 births  0 deaths  0 best lifetime 1.765 mean 0.760 max age 59  season 132 conventional alive  60 births  1 deaths  1 best lifetime 1.919 mean 0.656 max age 59  (6.0s)
season 133 holistic     alive  60 births  1 deaths  1 best lifetime 1.779 mean 0.740 max age 57  season 133 conventional alive  60 births  3 deaths  3 best lifetime 1.851 mean 0.647 max age 59  (6.1s)
WARNING: Nan, Inf or huge value in QACC at DOF 10. The simulation is unstable. Time = 3.6900.

season 134 holistic     alive  60 births  1 deaths  1 best lifetime 1.967 mean 0.761 max age 58  season 134 conventional alive  60 births  1 deaths  1 best lifetime 1.574 mean 0.596 max age 59  (6.2s)
season 135 holistic     alive  60 births  1 deaths  1 best lifetime 1.881 mean 0.787 max age 59  season 135 conventional alive  60 births  6 deaths  6 best lifetime 1.454 mean 0.552 max age 59  (6.1s)
season 136 holistic     alive  60 births  2 deaths  2 best lifetime 1.974 mean 0.799 max age 59  season 136 conventional alive  60 births  4 deaths  4 best lifetime 2.490 mean 0.597 max age 59  (6.0s)
season 137 holistic     alive  60 births  3 deaths  3 best lifetime 1.680 mean 0.742 max age 58  season 137 conventional alive  60 births  5 deaths  5 best lifetime 3.534 mean 0.624 max age 59  (5.8s)
WARNING: Nan, Inf or huge value in QACC at DOF 33. The simulation is unstable. Time = 13.4350.

season 138 holistic     alive  60 births  0 deaths  0 best lifetime 2.379 mean 0.787 max age 59  season 138 conventional alive  60 births  3 deaths  3 best lifetime 2.534 mean 0.601 max age 57  (5.9s)
season 139 holistic     alive  60 births  6 deaths  6 best lifetime 2.479 mean 0.749 max age 59  season 139 conventional alive  60 births  4 deaths  4 best lifetime 2.534 mean 0.659 max age 58  (6.1s)
season 140 holistic     alive  60 births  3 deaths  3 best lifetime 2.212 mean 0.721 max age 59  season 140 conventional alive  60 births  2 deaths  2 best lifetime 2.035 mean 0.686 max age 59  (6.0s)
season 141 holistic     alive  60 births  2 deaths  2 best lifetime 2.450 mean 0.724 max age 59  season 141 conventional alive  60 births  6 deaths  6 best lifetime 1.547 mean 0.611 max age 59  (6.0s)
season 142 holistic     alive  60 births  3 deaths  3 best lifetime 2.962 mean 0.769 max age 59  season 142 conventional alive  60 births  2 deaths  2 best lifetime 1.701 mean 0.638 max age 58  (6.0s)
season 143 holistic     alive  60 births  4 deaths  4 best lifetime 2.463 mean 0.754 max age 59  season 143 conventional alive  60 births  1 deaths  1 best lifetime 1.774 mean 0.605 max age 59  (6.3s)
season 144 holistic     alive  60 births  4 deaths  4 best lifetime 2.861 mean 0.786 max age 59  season 144 conventional alive  60 births  4 deaths  4 best lifetime 1.746 mean 0.626 max age 56  (5.9s)
WARNING: Nan, Inf or huge value in QACC at DOF 1. The simulation is unstable. Time = 9.7950.

season 145 holistic     alive  60 births  3 deaths  3 best lifetime 2.859 mean 0.810 max age 59  season 145 conventional alive  60 births  0 deaths  0 best lifetime 2.476 mean 0.672 max age 57  (5.9s)
season 146 holistic     alive  60 births  2 deaths  2 best lifetime 2.364 mean 0.762 max age 59  season 146 conventional alive  60 births  2 deaths  2 best lifetime 1.467 mean 0.656 max age 58  (6.0s)
season 147 holistic     alive  60 births  4 deaths  4 best lifetime 1.964 mean 0.768 max age 58  season 147 conventional alive  60 births  0 deaths  0 best lifetime 1.646 mean 0.669 max age 59  (6.0s)
season 148 holistic     alive  60 births  2 deaths  2 best lifetime 2.107 mean 0.804 max age 59  season 148 conventional alive  60 births  2 deaths  2 best lifetime 1.447 mean 0.669 max age 59  (5.9s)
season 149 holistic     alive  60 births  2 deaths  2 best lifetime 2.088 mean 0.791 max age 59  season 149 conventional alive  60 births  3 deaths  3 best lifetime 1.377 mean 0.615 max age 57  (6.0s)
season 150 holistic     alive  60 births  6 deaths  6 best lifetime 1.963 mean 0.719 max age 59  season 150 conventional alive  60 births  1 deaths  1 best lifetime 1.388 mean 0.565 max age 58  (6.1s)
season 151 holistic     alive  60 births  3 deaths  3 best lifetime 2.964 mean 0.766 max age 59  season 151 conventional alive  60 births  2 deaths  2 best lifetime 1.398 mean 0.576 max age 59  (6.0s)
season 152 holistic     alive  60 births  2 deaths  2 best lifetime 2.468 mean 0.774 max age 58  season 152 conventional alive  60 births  3 deaths  3 best lifetime 1.476 mean 0.582 max age 59  (5.9s)
season 153 holistic     alive  60 births  1 deaths  1 best lifetime 2.635 mean 0.797 max age 59  season 153 conventional alive  60 births  2 deaths  2 best lifetime 1.476 mean 0.588 max age 59  (6.0s)
season 154 holistic     alive  60 births  4 deaths  4 best lifetime 1.968 mean 0.765 max age 59  season 154 conventional alive  60 births  5 deaths  5 best lifetime 3.447 mean 0.569 max age 59  (5.8s)
season 155 holistic     alive  60 births  3 deaths  3 best lifetime 1.938 mean 0.770 max age 57  season 155 conventional alive  60 births  2 deaths  2 best lifetime 1.956 mean 0.580 max age 54  (5.8s)
season 156 holistic     alive  60 births  2 deaths  2 best lifetime 1.932 mean 0.786 max age 58  season 156 conventional alive  60 births  3 deaths  3 best lifetime 1.817 mean 0.603 max age 55  (5.8s)
season 157 holistic     alive  60 births  0 deaths  0 best lifetime 1.856 mean 0.786 max age 59  season 157 conventional alive  60 births  2 deaths  2 best lifetime 1.561 mean 0.601 max age 56  (5.9s)
WARNING: Nan, Inf or huge value in QACC at DOF 33. The simulation is unstable. Time = 9.8600.

WARNING: Nan, Inf or huge value in QACC at DOF 33. The simulation is unstable. Time = 6.7250.

season 158 holistic     alive  60 births  4 deaths  4 best lifetime 1.790 mean 0.766 max age 59  season 158 conventional alive  60 births  2 deaths  2 best lifetime 4.389 mean 0.724 max age 57  (5.9s)
season 159 holistic     alive  60 births  1 deaths  1 best lifetime 1.980 mean 0.811 max age 58  season 159 conventional alive  60 births  0 deaths  0 best lifetime 1.890 mean 0.669 max age 58  (6.0s)
season 160 holistic     alive  60 births  1 deaths  1 best lifetime 1.973 mean 0.820 max age 59  season 160 conventional alive  60 births  0 deaths  0 best lifetime 1.201 mean 0.646 max age 59  (5.9s)
season 161 holistic     alive  60 births  2 deaths  2 best lifetime 2.146 mean 0.806 max age 59  season 161 conventional alive  60 births  3 deaths  3 best lifetime 1.202 mean 0.619 max age 59  (5.9s)
season 162 holistic     alive  60 births  2 deaths  2 best lifetime 2.047 mean 0.778 max age 59  season 162 conventional alive  60 births  1 deaths  1 best lifetime 1.521 mean 0.640 max age 59  (6.1s)
season 163 holistic     alive  60 births  3 deaths  3 best lifetime 1.887 mean 0.752 max age 57  season 163 conventional alive  60 births  1 deaths  1 best lifetime 1.185 mean 0.575 max age 57  (5.7s)
season 164 holistic     alive  60 births  1 deaths  1 best lifetime 1.848 mean 0.805 max age 58  season 164 conventional alive  60 births  2 deaths  2 best lifetime 1.168 mean 0.591 max age 58  (6.0s)
season 165 holistic     alive  60 births  1 deaths  1 best lifetime 1.764 mean 0.790 max age 59  season 165 conventional alive  60 births  1 deaths  1 best lifetime 1.386 mean 0.605 max age 59  (5.9s)
season 166 holistic     alive  60 births  3 deaths  3 best lifetime 1.714 mean 0.795 max age 59  season 166 conventional alive  60 births  2 deaths  2 best lifetime 1.878 mean 0.583 max age 58  (5.9s)
season 167 holistic     alive  60 births  1 deaths  1 best lifetime 1.732 mean 0.809 max age 59  season 167 conventional alive  60 births  1 deaths  1 best lifetime 1.816 mean 0.666 max age 59  (6.0s)
season 168 holistic     alive  60 births  2 deaths  2 best lifetime 1.777 mean 0.804 max age 57  season 168 conventional alive  60 births  1 deaths  1 best lifetime 1.488 mean 0.618 max age 59  (6.1s)
season 169 holistic     alive  60 births  1 deaths  1 best lifetime 1.713 mean 0.814 max age 58  season 169 conventional alive  60 births  3 deaths  3 best lifetime 1.487 mean 0.594 max age 59  (5.9s)
WARNING: Nan, Inf or huge value in QACC at DOF 10. The simulation is unstable. Time = 9.5950.

season 170 holistic     alive  60 births  1 deaths  1 best lifetime 1.652 mean 0.822 max age 59  season 170 conventional alive  60 births  1 deaths  1 best lifetime 1.483 mean 0.596 max age 57  (6.1s)
season 171 holistic     alive  60 births  3 deaths  3 best lifetime 1.966 mean 0.848 max age 58  season 171 conventional alive  60 births  3 deaths  3 best lifetime 1.588 mean 0.620 max age 58  (6.0s)
season 172 holistic     alive  60 births  1 deaths  1 best lifetime 1.644 mean 0.837 max age 59  season 172 conventional alive  60 births  1 deaths  1 best lifetime 1.580 mean 0.652 max age 59  (6.0s)
season 173 holistic     alive  60 births  2 deaths  2 best lifetime 1.681 mean 0.806 max age 55  season 173 conventional alive  60 births  2 deaths  2 best lifetime 1.488 mean 0.628 max age 59  (5.8s)
season 174 holistic     alive  60 births  0 deaths  0 best lifetime 1.629 mean 0.825 max age 56  season 174 conventional alive  60 births  4 deaths  4 best lifetime 1.335 mean 0.577 max age 56  (6.0s)
season 175 holistic     alive  60 births  3 deaths  3 best lifetime 1.639 mean 0.831 max age 57  season 175 conventional alive  60 births  3 deaths  3 best lifetime 1.450 mean 0.581 max age 57  (6.0s)
season 176 holistic     alive  60 births  1 deaths  1 best lifetime 1.621 mean 0.819 max age 58  season 176 conventional alive  60 births  3 deaths  3 best lifetime 2.163 mean 0.644 max age 58  (5.8s)
season 177 holistic     alive  60 births  0 deaths  0 best lifetime 1.657 mean 0.802 max age 59  season 177 conventional alive  60 births  1 deaths  1 best lifetime 2.841 mean 0.657 max age 59  (5.8s)
season 178 holistic     alive  60 births  1 deaths  1 best lifetime 1.612 mean 0.788 max age 57  season 178 conventional alive  60 births  2 deaths  2 best lifetime 2.001 mean 0.638 max age 59  (6.0s)
WARNING: Nan, Inf or huge value in QACC at DOF 0. The simulation is unstable. Time = 8.2950.

season 179 holistic     alive  60 births  1 deaths  1 best lifetime 1.659 mean 0.792 max age 58  season 179 conventional alive  60 births  3 deaths  3 best lifetime 1.349 mean 0.626 max age 59  (6.0s)
season 180 holistic     alive  60 births  1 deaths  1 best lifetime 2.978 mean 0.827 max age 59  season 180 conventional alive  60 births  1 deaths  1 best lifetime 1.504 mean 0.611 max age 57  (6.2s)
season 181 holistic     alive  60 births  1 deaths  1 best lifetime 1.615 mean 0.788 max age 58  season 181 conventional alive  60 births  1 deaths  1 best lifetime 1.502 mean 0.618 max age 58  (6.0s)
WARNING: Nan, Inf or huge value in QACC at DOF 10. The simulation is unstable. Time = 6.1300.

season 182 holistic     alive  60 births  2 deaths  2 best lifetime 1.626 mean 0.784 max age 59  season 182 conventional alive  60 births  0 deaths  0 best lifetime 1.207 mean 0.612 max age 59  (6.0s)
season 183 holistic     alive  60 births  1 deaths  1 best lifetime 1.667 mean 0.766 max age 59  season 183 conventional alive  60 births  5 deaths  5 best lifetime 1.218 mean 0.556 max age 59  (6.0s)
season 184 holistic     alive  60 births  2 deaths  2 best lifetime 1.676 mean 0.754 max age 59  season 184 conventional alive  60 births  2 deaths  2 best lifetime 1.447 mean 0.554 max age 59  (6.0s)
season 185 holistic     alive  60 births  3 deaths  3 best lifetime 1.627 mean 0.726 max age 56  season 185 conventional alive  60 births  4 deaths  4 best lifetime 2.805 mean 0.574 max age 58  (6.1s)
WARNING: Nan, Inf or huge value in QACC at DOF 1. The simulation is unstable. Time = 3.4800.

WARNING: Nan, Inf or huge value in QACC at DOF 0. The simulation is unstable. Time = 4.1250.

season 186 holistic     alive  60 births  1 deaths  1 best lifetime 1.980 mean 0.803 max age 57  season 186 conventional alive  60 births  2 deaths  2 best lifetime 1.285 mean 0.602 max age 59  (5.9s)
WARNING: Nan, Inf or huge value in QACC at DOF 30. The simulation is unstable. Time = 12.4400.

season 187 holistic     alive  60 births  1 deaths  1 best lifetime 1.645 mean 0.760 max age 58  season 187 conventional alive  60 births  4 deaths  4 best lifetime 1.122 mean 0.552 max age 58  (5.9s)
season 188 holistic     alive  60 births  0 deaths  0 best lifetime 1.628 mean 0.770 max age 59  season 188 conventional alive  60 births  1 deaths  1 best lifetime 1.164 mean 0.527 max age 59  (6.0s)
season 189 holistic     alive  60 births  2 deaths  2 best lifetime 1.768 mean 0.783 max age 56  season 189 conventional alive  60 births  6 deaths  6 best lifetime 2.363 mean 0.603 max age 59  (5.9s)
season 190 holistic     alive  60 births  1 deaths  1 best lifetime 1.967 mean 0.788 max age 57  season 190 conventional alive  60 births  3 deaths  3 best lifetime 1.473 mean 0.567 max age 57  (6.1s)
season 191 holistic     alive  60 births  1 deaths  1 best lifetime 1.967 mean 0.792 max age 58  season 191 conventional alive  60 births  2 deaths  2 best lifetime 2.028 mean 0.632 max age 58  (5.8s)
season 192 holistic     alive  60 births  0 deaths  0 best lifetime 1.967 mean 0.818 max age 59  season 192 conventional alive  60 births  4 deaths  4 best lifetime 1.860 mean 0.664 max age 59  (5.9s)
season 193 holistic     alive  60 births  2 deaths  2 best lifetime 1.745 mean 0.778 max age 59  season 193 conventional alive  60 births  2 deaths  2 best lifetime 2.998 mean 0.628 max age 58  (5.9s)
season 194 holistic     alive  60 births  1 deaths  1 best lifetime 1.765 mean 0.757 max age 59  season 194 conventional alive  60 births  0 deaths  0 best lifetime 2.090 mean 0.619 max age 59  (6.0s)
season 195 holistic     alive  60 births  2 deaths  2 best lifetime 1.783 mean 0.734 max age 58  season 195 conventional alive  60 births  4 deaths  4 best lifetime 1.545 mean 0.607 max age 59  (5.9s)
season 196 holistic     alive  60 births  0 deaths  0 best lifetime 1.715 mean 0.748 max age 59  season 196 conventional alive  60 births  4 deaths  4 best lifetime 1.223 mean 0.518 max age 59  (6.0s)
season 197 holistic     alive  60 births  4 deaths  4 best lifetime 1.607 mean 0.716 max age 58  season 197 conventional alive  60 births  2 deaths  2 best lifetime 1.361 mean 0.604 max age 59  (6.2s)
WARNING: Nan, Inf or huge value in QACC at DOF 7. The simulation is unstable. Time = 5.8800.

season 198 holistic     alive  60 births  1 deaths  1 best lifetime 1.630 mean 0.684 max age 59  season 198 conventional alive  60 births  2 deaths  2 best lifetime 1.596 mean 0.608 max age 59  (6.0s)
season 199 holistic     alive  60 births  3 deaths  3 best lifetime 2.039 mean 0.698 max age 59  season 199 conventional alive  60 births  4 deaths  4 best lifetime 2.952 mean 0.639 max age 59  (6.2s)
season 200 holistic     alive  60 births  2 deaths  2 best lifetime 1.911 mean 0.689 max age 59  season 200 conventional alive  60 births  1 deaths  1 best lifetime 2.446 mean 0.686 max age 59  (5.9s)
season 201 holistic     alive  60 births  4 deaths  4 best lifetime 2.111 mean 0.651 max age 59  season 201 conventional alive  60 births  5 deaths  5 best lifetime 1.702 mean 0.614 max age 59  (6.0s)
season 202 holistic     alive  60 births  4 deaths  4 best lifetime 1.917 mean 0.637 max age 59  season 202 conventional alive  60 births  2 deaths  2 best lifetime 2.584 mean 0.603 max age 58  (6.0s)
season 203 holistic     alive  60 births  3 deaths  3 best lifetime 1.749 mean 0.608 max age 59  season 203 conventional alive  60 births  2 deaths  2 best lifetime 1.475 mean 0.624 max age 59  (6.0s)
season 204 holistic     alive  60 births  3 deaths  3 best lifetime 1.683 mean 0.636 max age 59  season 204 conventional alive  60 births  2 deaths  2 best lifetime 1.367 mean 0.614 max age 55  (6.1s)
season 205 holistic     alive  60 births  1 deaths  1 best lifetime 2.211 mean 0.641 max age 58  season 205 conventional alive  60 births  1 deaths  1 best lifetime 1.444 mean 0.586 max age 56  (5.8s)
season 206 holistic     alive  60 births  3 deaths  3 best lifetime 1.961 mean 0.664 max age 59  season 206 conventional alive  60 births  3 deaths  3 best lifetime 1.475 mean 0.584 max age 57  (5.9s)
WARNING: Nan, Inf or huge value in QACC at DOF 0. The simulation is unstable. Time = 5.7800.

season 207 holistic     alive  60 births  5 deaths  5 best lifetime 1.961 mean 0.725 max age 59  season 207 conventional alive  60 births  1 deaths  1 best lifetime 2.401 mean 0.643 max age 58  (6.0s)
season 208 holistic     alive  60 births  2 deaths  2 best lifetime 1.818 mean 0.721 max age 59  season 208 conventional alive  60 births  1 deaths  1 best lifetime 1.863 mean 0.616 max age 59  (6.0s)
WARNING: Nan, Inf or huge value in QACC at DOF 20. The simulation is unstable. Time = 12.1450.

season 209 holistic     alive  60 births  1 deaths  1 best lifetime 1.872 mean 0.677 max age 59  season 209 conventional alive  60 births  3 deaths  3 best lifetime 2.502 mean 0.636 max age 58  (6.0s)
season 210 holistic     alive  60 births  4 deaths  4 best lifetime 1.961 mean 0.638 max age 59  season 210 conventional alive  60 births  1 deaths  1 best lifetime 2.348 mean 0.680 max age 59  (5.9s)
season 211 holistic     alive  60 births  1 deaths  1 best lifetime 1.761 mean 0.632 max age 59  season 211 conventional alive  60 births  4 deaths  4 best lifetime 1.277 mean 0.602 max age 59  (5.9s)
season 212 holistic     alive  60 births  4 deaths  4 best lifetime 2.471 mean 0.611 max age 59  season 212 conventional alive  60 births  4 deaths  4 best lifetime 1.501 mean 0.554 max age 58  (5.9s)
season 213 holistic     alive  60 births  2 deaths  2 best lifetime 3.303 mean 0.692 max age 59  season 213 conventional alive  60 births  1 deaths  1 best lifetime 1.375 mean 0.615 max age 59  (6.0s)
season 214 holistic     alive  60 births  3 deaths  3 best lifetime 3.219 mean 0.652 max age 59  season 214 conventional alive  60 births  3 deaths  3 best lifetime 1.370 mean 0.549 max age 59  (6.0s)
season 215 holistic     alive  60 births  2 deaths  2 best lifetime 2.568 mean 0.647 max age 59  season 215 conventional alive  60 births  1 deaths  1 best lifetime 1.397 mean 0.574 max age 59  (6.0s)
season 216 holistic     alive  60 births  2 deaths  2 best lifetime 2.636 mean 0.635 max age 58  season 216 conventional alive  60 births  3 deaths  3 best lifetime 1.370 mean 0.585 max age 59  (5.9s)
WARNING: Nan, Inf or huge value in QACC at DOF 23. The simulation is unstable. Time = 3.0200.

season 217 holistic     alive  60 births  3 deaths  3 best lifetime 2.540 mean 0.652 max age 59  season 217 conventional alive  60 births  3 deaths  3 best lifetime 5.509 mean 0.623 max age 56  (5.9s)
season 218 holistic     alive  60 births  4 deaths  4 best lifetime 2.219 mean 0.658 max age 59  season 218 conventional alive  60 births  1 deaths  1 best lifetime 2.513 mean 0.553 max age 57  (5.9s)
season 219 holistic     alive  60 births  2 deaths  2 best lifetime 2.394 mean 0.685 max age 58  season 219 conventional alive  60 births  3 deaths  3 best lifetime 1.835 mean 0.562 max age 58  (6.1s)
season 220 holistic     alive  60 births  1 deaths  1 best lifetime 2.268 mean 0.717 max age 59  season 220 conventional alive  60 births  2 deaths  2 best lifetime 1.494 mean 0.604 max age 59  (5.8s)
season 221 holistic     alive  60 births  2 deaths  2 best lifetime 2.241 mean 0.724 max age 59  season 221 conventional alive  60 births  4 deaths  4 best lifetime 2.954 mean 0.595 max age 57  (5.9s)
season 222 holistic     alive  60 births  3 deaths  3 best lifetime 2.551 mean 0.704 max age 59  season 222 conventional alive  60 births  2 deaths  2 best lifetime 2.779 mean 0.771 max age 58  (6.0s)
season 223 holistic     alive  60 births  3 deaths  3 best lifetime 2.352 mean 0.667 max age 59  season 223 conventional alive  60 births  1 deaths  1 best lifetime 1.948 mean 0.689 max age 59  (6.1s)
season 224 holistic     alive  60 births  1 deaths  1 best lifetime 2.181 mean 0.668 max age 59  season 224 conventional alive  60 births  2 deaths  2 best lifetime 1.649 mean 0.629 max age 58  (6.1s)
season 225 holistic     alive  60 births  3 deaths  3 best lifetime 2.101 mean 0.680 max age 59  season 225 conventional alive  60 births  0 deaths  0 best lifetime 1.392 mean 0.645 max age 59  (5.8s)
season 226 holistic     alive  60 births  3 deaths  3 best lifetime 1.967 mean 0.702 max age 58  season 226 conventional alive  60 births  1 deaths  1 best lifetime 1.405 mean 0.618 max age 58  (5.9s)
season 227 holistic     alive  60 births  1 deaths  1 best lifetime 2.026 mean 0.724 max age 59  season 227 conventional alive  60 births  1 deaths  1 best lifetime 1.413 mean 0.621 max age 59  (5.9s)
season 228 holistic     alive  60 births  1 deaths  1 best lifetime 2.023 mean 0.749 max age 58  season 228 conventional alive  60 births  2 deaths  2 best lifetime 1.462 mean 0.613 max age 54  (5.8s)
WARNING: Nan, Inf or huge value in QACC at DOF 0. The simulation is unstable. Time = 7.7050.

season 229 holistic     alive  60 births  0 deaths  0 best lifetime 1.915 mean 0.731 max age 59  season 229 conventional alive  60 births  0 deaths  0 best lifetime 1.333 mean 0.652 max age 55  (6.0s)
season 230 holistic     alive  60 births  4 deaths  4 best lifetime 1.817 mean 0.695 max age 57  season 230 conventional alive  60 births  1 deaths  1 best lifetime 1.286 mean 0.606 max age 56  (6.0s)
season 231 holistic     alive  60 births  2 deaths  2 best lifetime 1.824 mean 0.666 max age 58  season 231 conventional alive  60 births  3 deaths  3 best lifetime 1.254 mean 0.570 max age 57  (6.1s)
season 232 holistic     alive  60 births  1 deaths  1 best lifetime 1.831 mean 0.696 max age 59  season 232 conventional alive  60 births  1 deaths  1 best lifetime 3.249 mean 0.653 max age 58  (6.0s)
season 233 holistic     alive  60 births  3 deaths  3 best lifetime 1.794 mean 0.702 max age 58  season 233 conventional alive  60 births  1 deaths  1 best lifetime 2.247 mean 0.661 max age 59  (6.4s)
season 234 holistic     alive  60 births  4 deaths  4 best lifetime 2.835 mean 0.764 max age 59  season 234 conventional alive  60 births  3 deaths  3 best lifetime 2.248 mean 0.650 max age 56  (6.1s)
WARNING: Nan, Inf or huge value in QACC at DOF 0. The simulation is unstable. Time = 7.3850.

season 235 holistic     alive  60 births  1 deaths  1 best lifetime 1.819 mean 0.732 max age 56  season 235 conventional alive  60 births  0 deaths  0 best lifetime 2.253 mean 0.655 max age 57  (5.8s)
season 236 holistic     alive  60 births  0 deaths  0 best lifetime 1.698 mean 0.754 max age 57  season 236 conventional alive  60 births  1 deaths  1 best lifetime 1.658 mean 0.645 max age 58  (5.9s)
season 237 holistic     alive  60 births  1 deaths  1 best lifetime 1.823 mean 0.804 max age 58  season 237 conventional alive  60 births  0 deaths  0 best lifetime 1.423 mean 0.640 max age 59  (5.8s)
season 238 holistic     alive  60 births  3 deaths  3 best lifetime 1.788 mean 0.813 max age 59  season 238 conventional alive  60 births  3 deaths  3 best lifetime 1.257 mean 0.621 max age 59  (6.0s)
WARNING: Nan, Inf or huge value in QACC at DOF 30. The simulation is unstable. Time = 8.8650.

season 239 holistic     alive  60 births  2 deaths  2 best lifetime 1.726 mean 0.839 max age 55  season 239 conventional alive  60 births  2 deaths  2 best lifetime 1.570 mean 0.631 max age 58  (5.9s)
WARNING: Nan, Inf or huge value in QACC at DOF 0. The simulation is unstable. Time = 7.0150.

season 240 holistic     alive  60 births  0 deaths  0 best lifetime 1.734 mean 0.855 max age 56  season 240 conventional alive  60 births  1 deaths  1 best lifetime 1.370 mean 0.612 max age 59  (5.8s)
WARNING: Nan, Inf or huge value in QACC at DOF 23. The simulation is unstable. Time = 4.9650.

season 241 holistic     alive  60 births  1 deaths  1 best lifetime 1.773 mean 0.858 max age 57  season 241 conventional alive  60 births  2 deaths  2 best lifetime 1.475 mean 0.618 max age 58  (5.8s)
WARNING: Nan, Inf or huge value in QACC at DOF 14. The simulation is unstable. Time = 12.9250.

season 242 holistic     alive  60 births  2 deaths  2 best lifetime 1.717 mean 0.862 max age 58  season 242 conventional alive  60 births  2 deaths  2 best lifetime 1.077 mean 0.614 max age 59  (5.9s)
season 243 holistic     alive  60 births  1 deaths  1 best lifetime 4.892 mean 0.977 max age 59  season 243 conventional alive  60 births  1 deaths  1 best lifetime 1.367 mean 0.632 max age 59  (5.7s)
season 244 holistic     alive  60 births  1 deaths  1 best lifetime 2.893 mean 0.952 max age 59  season 244 conventional alive  60 births  1 deaths  1 best lifetime 1.570 mean 0.638 max age 58  (5.7s)
season 245 holistic     alive  60 births  3 deaths  3 best lifetime 1.895 mean 0.882 max age 59  season 245 conventional alive  60 births  0 deaths  0 best lifetime 1.114 mean 0.609 max age 59  (6.0s)
season 246 holistic     alive  60 births  1 deaths  1 best lifetime 4.866 mean 0.964 max age 57  season 246 conventional alive  60 births  5 deaths  5 best lifetime 1.370 mean 0.612 max age 58  (5.8s)
season 247 holistic     alive  60 births  0 deaths  0 best lifetime 3.370 mean 0.918 max age 58  season 247 conventional alive  60 births  1 deaths  1 best lifetime 2.393 mean 0.597 max age 59  (5.9s)
WARNING: Nan, Inf or huge value in QACC at DOF 10. The simulation is unstable. Time = 10.1250.

season 248 holistic     alive  60 births  1 deaths  1 best lifetime 2.207 mean 0.899 max age 59  season 248 conventional alive  60 births  4 deaths  4 best lifetime 1.400 mean 0.567 max age 59  (5.9s)
season 249 holistic     alive  60 births  1 deaths  1 best lifetime 1.873 mean 0.932 max age 59  season 249 conventional alive  60 births  6 deaths  6 best lifetime 1.363 mean 0.547 max age 59  (5.8s)
season 250 holistic     alive  60 births  2 deaths  2 best lifetime 1.869 mean 0.910 max age 59  season 250 conventional alive  60 births  4 deaths  4 best lifetime 1.450 mean 0.548 max age 58  (6.0s)
season 251 holistic     alive  60 births  1 deaths  1 best lifetime 1.927 mean 0.909 max age 56  season 251 conventional alive  60 births  3 deaths  3 best lifetime 1.634 mean 0.567 max age 59  (5.8s)
season 252 holistic     alive  60 births  0 deaths  0 best lifetime 1.925 mean 0.972 max age 57  season 252 conventional alive  60 births  2 deaths  2 best lifetime 2.184 mean 0.645 max age 57  (5.8s)
season 253 holistic     alive  60 births  0 deaths  0 best lifetime 1.877 mean 0.965 max age 58  season 253 conventional alive  60 births  2 deaths  2 best lifetime 1.811 mean 0.665 max age 58  (6.1s)
season 254 holistic     alive  60 births  0 deaths  0 best lifetime 1.959 mean 0.967 max age 59  season 254 conventional alive  60 births  0 deaths  0 best lifetime 1.463 mean 0.655 max age 59  (6.0s)
season 255 holistic     alive  60 births  2 deaths  2 best lifetime 1.954 mean 0.954 max age 58  season 255 conventional alive  60 births  2 deaths  2 best lifetime 1.472 mean 0.638 max age 59  (6.1s)
WARNING: Nan, Inf or huge value in QACC at DOF 20. The simulation is unstable. Time = 4.2900.

season 256 holistic     alive  60 births  0 deaths  0 best lifetime 1.949 mean 0.945 max age 59  season 256 conventional alive  60 births  4 deaths  4 best lifetime 2.469 mean 0.646 max age 58  (6.0s)
WARNING: Nan, Inf or huge value in QACC at DOF 13. The simulation is unstable. Time = 12.4050.

season 257 holistic     alive  60 births  2 deaths  2 best lifetime 1.871 mean 0.902 max age 58  season 257 conventional alive  60 births  3 deaths  3 best lifetime 2.713 mean 0.647 max age 59  (5.8s)
season 258 holistic     alive  60 births  0 deaths  0 best lifetime 1.910 mean 0.910 max age 59  season 258 conventional alive  60 births  3 deaths  3 best lifetime 2.810 mean 0.728 max age 59  (5.9s)
season 259 holistic     alive  60 births  2 deaths  2 best lifetime 1.823 mean 0.875 max age 58  season 259 conventional alive  60 births  5 deaths  5 best lifetime 1.644 mean 0.585 max age 58  (5.9s)
season 260 holistic     alive  60 births  0 deaths  0 best lifetime 1.801 mean 0.870 max age 59  season 260 conventional alive  60 births  3 deaths  3 best lifetime 1.904 mean 0.596 max age 59  (6.0s)
season 261 holistic     alive  60 births  5 deaths  5 best lifetime 1.826 mean 0.834 max age 59  season 261 conventional alive  60 births  3 deaths  3 best lifetime 4.221 mean 0.686 max age 59  (6.1s)
season 262 holistic     alive  60 births  1 deaths  1 best lifetime 1.968 mean 0.892 max age 58  season 262 conventional alive  60 births  3 deaths  3 best lifetime 2.715 mean 0.667 max age 57  (6.0s)
season 263 holistic     alive  60 births  1 deaths  1 best lifetime 1.834 mean 0.853 max age 59  season 263 conventional alive  60 births  2 deaths  2 best lifetime 1.770 mean 0.573 max age 58  (5.8s)
season 264 holistic     alive  60 births  2 deaths  2 best lifetime 1.804 mean 0.821 max age 59  season 264 conventional alive  60 births  7 deaths  7 best lifetime 1.562 mean 0.620 max age 59  (5.9s)
WARNING: Nan, Inf or huge value in QACC at DOF 13. The simulation is unstable. Time = 11.5950.

season 265 holistic     alive  60 births  3 deaths  3 best lifetime 1.838 mean 0.848 max age 59  season 265 conventional alive  60 births  2 deaths  2 best lifetime 2.363 mean 0.612 max age 59  (5.8s)
season 266 holistic     alive  60 births  1 deaths  1 best lifetime 1.971 mean 0.890 max age 59  season 266 conventional alive  60 births  6 deaths  6 best lifetime 1.763 mean 0.565 max age 59  (5.8s)
season 267 holistic     alive  60 births  3 deaths  3 best lifetime 1.962 mean 0.910 max age 57  season 267 conventional alive  60 births  2 deaths  2 best lifetime 2.314 mean 0.675 max age 58  (5.9s)
season 268 holistic     alive  60 births  0 deaths  0 best lifetime 2.460 mean 0.947 max age 58  season 268 conventional alive  60 births  1 deaths  1 best lifetime 2.274 mean 0.642 max age 59  (5.9s)
season 269 holistic     alive  60 births  0 deaths  0 best lifetime 2.094 mean 0.917 max age 59  season 269 conventional alive  60 births  2 deaths  2 best lifetime 1.594 mean 0.620 max age 58  (6.0s)
season 270 holistic     alive  60 births  2 deaths  2 best lifetime 1.883 mean 0.870 max age 59  season 270 conventional alive  60 births  4 deaths  4 best lifetime 3.300 mean 0.647 max age 59  (6.1s)
season 271 holistic     alive  60 births  3 deaths  3 best lifetime 1.921 mean 0.872 max age 59  season 271 conventional alive  60 births  6 deaths  6 best lifetime 2.070 mean 0.625 max age 59  (5.9s)
season 272 holistic     alive  60 births  3 deaths  3 best lifetime 1.715 mean 0.866 max age 58  season 272 conventional alive  60 births  2 deaths  2 best lifetime 1.990 mean 0.658 max age 58  (6.1s)
WARNING: Nan, Inf or huge value in QACC at DOF 9. The simulation is unstable. Time = 10.4750.

season 273 holistic     alive  60 births  1 deaths  1 best lifetime 1.811 mean 0.840 max age 59  season 273 conventional alive  60 births  1 deaths  1 best lifetime 1.555 mean 0.600 max age 59  (5.8s)
season 274 holistic     alive  60 births  2 deaths  2 best lifetime 1.811 mean 0.805 max age 59  season 274 conventional alive  60 births  8 deaths  8 best lifetime 3.394 mean 0.637 max age 58  (5.9s)
season 275 holistic     alive  60 births  2 deaths  2 best lifetime 1.811 mean 0.821 max age 59  season 275 conventional alive  60 births  0 deaths  0 best lifetime 2.344 mean 0.651 max age 59  (5.9s)
season 276 holistic     alive  60 births  3 deaths  3 best lifetime 1.768 mean 0.811 max age 59  season 276 conventional alive  60 births  3 deaths  3 best lifetime 1.474 mean 0.639 max age 59  (6.0s)
WARNING: Nan, Inf or huge value in QACC at DOF 0. The simulation is unstable. Time = 4.9850.

season 277 holistic     alive  60 births  3 deaths  3 best lifetime 1.789 mean 0.829 max age 58  season 277 conventional alive  60 births  2 deaths  2 best lifetime 2.431 mean 0.668 max age 58  (6.1s)
WARNING: Nan, Inf or huge value in QACC at DOF 24. The simulation is unstable. Time = 2.1250.

season 278 holistic     alive  60 births  0 deaths  0 best lifetime 3.895 mean 0.958 max age 59  season 278 conventional alive  60 births  2 deaths  2 best lifetime 2.678 mean 0.697 max age 59  (6.1s)
season 279 holistic     alive  60 births  2 deaths  2 best lifetime 2.893 mean 0.920 max age 59  season 279 conventional alive  60 births  2 deaths  2 best lifetime 2.429 mean 0.684 max age 59  (6.0s)
WARNING: Nan, Inf or huge value in QACC at DOF 0. The simulation is unstable. Time = 8.1650.

season 280 holistic     alive  60 births  2 deaths  2 best lifetime 2.561 mean 0.940 max age 59  season 280 conventional alive  60 births  3 deaths  3 best lifetime 3.431 mean 0.761 max age 59  (6.0s)
season 281 holistic     alive  60 births  2 deaths  2 best lifetime 2.646 mean 0.917 max age 59  season 281 conventional alive  60 births  4 deaths  4 best lifetime 2.945 mean 0.724 max age 59  (6.0s)
season 282 holistic     alive  60 births  3 deaths  3 best lifetime 2.296 mean 0.894 max age 59  season 282 conventional alive  60 births  3 deaths  3 best lifetime 2.333 mean 0.769 max age 54  (5.9s)
season 283 holistic     alive  60 births  1 deaths  1 best lifetime 1.895 mean 0.883 max age 59  season 283 conventional alive  60 births  1 deaths  1 best lifetime 2.492 mean 0.837 max age 55  (6.0s)
season 284 holistic     alive  60 births  2 deaths  2 best lifetime 1.980 mean 0.917 max age 59  season 284 conventional alive  60 births  0 deaths  0 best lifetime 3.489 mean 0.848 max age 56  (6.1s)
season 285 holistic     alive  60 births  3 deaths  3 best lifetime 1.736 mean 0.873 max age 55  season 285 conventional alive  60 births  0 deaths  0 best lifetime 2.578 mean 0.794 max age 57  (6.0s)
season 286 holistic     alive  60 births  2 deaths  2 best lifetime 1.739 mean 0.904 max age 56  season 286 conventional alive  60 births  0 deaths  0 best lifetime 1.918 mean 0.764 max age 58  (6.2s)
season 287 holistic     alive  60 births  0 deaths  0 best lifetime 2.882 mean 0.937 max age 57  season 287 conventional alive  60 births  0 deaths  0 best lifetime 1.993 mean 0.746 max age 59  (6.3s)
season 288 holistic     alive  60 births  1 deaths  1 best lifetime 2.395 mean 0.926 max age 58  season 288 conventional alive  60 births  3 deaths  3 best lifetime 1.901 mean 0.723 max age 58  (6.1s)
season 289 holistic     alive  60 births  1 deaths  1 best lifetime 2.894 mean 0.967 max age 59  season 289 conventional alive  60 births  0 deaths  0 best lifetime 1.708 mean 0.771 max age 59  (6.3s)
season 290 holistic     alive  60 births  2 deaths  2 best lifetime 2.398 mean 0.905 max age 59  season 290 conventional alive  60 births  1 deaths  1 best lifetime 1.557 mean 0.726 max age 59  (6.0s)
season 291 holistic     alive  60 births  2 deaths  2 best lifetime 2.097 mean 0.880 max age 59  season 291 conventional alive  60 births  2 deaths  2 best lifetime 1.393 mean 0.682 max age 57  (6.3s)
season 292 holistic     alive  60 births  1 deaths  1 best lifetime 1.874 mean 0.901 max age 59  season 292 conventional alive  60 births  1 deaths  1 best lifetime 1.650 mean 0.680 max age 58  (6.1s)
season 293 holistic     alive  60 births  2 deaths  2 best lifetime 2.321 mean 0.886 max age 59  season 293 conventional alive  60 births  0 deaths  0 best lifetime 1.430 mean 0.680 max age 59  (6.2s)
season 294 holistic     alive  60 births  2 deaths  2 best lifetime 2.088 mean 0.887 max age 59  season 294 conventional alive  60 births  3 deaths  3 best lifetime 1.500 mean 0.656 max age 54  (6.1s)
season 295 holistic     alive  60 births  1 deaths  1 best lifetime 1.922 mean 0.908 max age 57  season 295 conventional alive  60 births  1 deaths  1 best lifetime 2.189 mean 0.713 max age 55  (6.3s)
WARNING: Nan, Inf or huge value in QACC at DOF 13. The simulation is unstable. Time = 4.6500.

season 296 holistic     alive  60 births  0 deaths  0 best lifetime 2.016 mean 0.900 max age 58  season 296 conventional alive  60 births  0 deaths  0 best lifetime 1.342 mean 0.677 max age 56  (6.1s)
season 297 holistic     alive  60 births  0 deaths  0 best lifetime 1.873 mean 0.891 max age 59  season 297 conventional alive  60 births  0 deaths  0 best lifetime 1.343 mean 0.649 max age 57  (6.1s)
season 298 holistic     alive  60 births  2 deaths  2 best lifetime 1.935 mean 0.881 max age 59  season 298 conventional alive  60 births  1 deaths  1 best lifetime 1.304 mean 0.651 max age 58  (6.2s)
season 299 holistic     alive  60 births  2 deaths  2 best lifetime 1.932 mean 0.857 max age 57  season 299 conventional alive  60 births  2 deaths  2 best lifetime 1.362 mean 0.672 max age 59  (5.9s)
season 300 holistic     alive  60 births  1 deaths  1 best lifetime 1.873 mean 0.870 max age 58  season 300 conventional alive  60 births  1 deaths  1 best lifetime 1.364 mean 0.671 max age 59  (6.2s)
season 301 holistic     alive  60 births  0 deaths  0 best lifetime 1.797 mean 0.884 max age 59  season 301 conventional alive  60 births  5 deaths  5 best lifetime 1.257 mean 0.620 max age 59  (6.1s)
season 302 holistic     alive  60 births  4 deaths  4 best lifetime 1.723 mean 0.825 max age 59  season 302 conventional alive  60 births  1 deaths  1 best lifetime 1.390 mean 0.611 max age 59  (5.9s)
season 303 holistic     alive  60 births  2 deaths  2 best lifetime 1.957 mean 0.812 max age 58  season 303 conventional alive  60 births  4 deaths  4 best lifetime 1.178 mean 0.612 max age 59  (6.0s)
season 304 holistic     alive  60 births  0 deaths  0 best lifetime 2.065 mean 0.796 max age 59  season 304 conventional alive  60 births  2 deaths  2 best lifetime 4.470 mean 0.648 max age 57  (6.0s)
season 305 holistic     alive  60 births  5 deaths  5 best lifetime 2.057 mean 0.772 max age 57  season 305 conventional alive  60 births  4 deaths  4 best lifetime 2.952 mean 0.657 max age 58  (6.0s)
season 306 holistic     alive  60 births  1 deaths  1 best lifetime 1.999 mean 0.770 max age 58  season 306 conventional alive  60 births  1 deaths  1 best lifetime 1.777 mean 0.593 max age 59  (6.2s)
season 307 holistic     alive  60 births  0 deaths  0 best lifetime 1.947 mean 0.819 max age 59  season 307 conventional alive  60 births  5 deaths  5 best lifetime 2.451 mean 0.586 max age 58  (6.1s)
season 308 holistic     alive  60 births  2 deaths  2 best lifetime 1.854 mean 0.817 max age 59  season 308 conventional alive  60 births  2 deaths  2 best lifetime 2.491 mean 0.641 max age 59  (6.2s)
season 309 holistic     alive  60 births  1 deaths  1 best lifetime 2.938 mean 0.861 max age 59  season 309 conventional alive  60 births  5 deaths  5 best lifetime 2.122 mean 0.610 max age 59  (6.2s)
season 310 holistic     alive  60 births  3 deaths  3 best lifetime 2.928 mean 0.821 max age 55  season 310 conventional alive  60 births  3 deaths  3 best lifetime 2.491 mean 0.709 max age 59  (6.1s)
season 311 holistic     alive  60 births  1 deaths  1 best lifetime 1.925 mean 0.813 max age 56  season 311 conventional alive  60 births  4 deaths  4 best lifetime 2.314 mean 0.639 max age 59  (6.0s)
season 312 holistic     alive  60 births  0 deaths  0 best lifetime 2.175 mean 0.828 max age 57  season 312 conventional alive  60 births  1 deaths  1 best lifetime 1.822 mean 0.636 max age 59  (6.2s)
season 313 holistic     alive  60 births  2 deaths  2 best lifetime 2.124 mean 0.832 max age 58  season 313 conventional alive  60 births  6 deaths  6 best lifetime 1.487 mean 0.637 max age 58  (6.0s)
season 314 holistic     alive  60 births  1 deaths  1 best lifetime 2.755 mean 0.895 max age 59  season 314 conventional alive  60 births  2 deaths  2 best lifetime 2.309 mean 0.640 max age 59  (6.3s)
season 315 holistic     alive  60 births  2 deaths  2 best lifetime 2.637 mean 0.863 max age 58  season 315 conventional alive  60 births  3 deaths  3 best lifetime 2.338 mean 0.682 max age 59  (6.2s)
season 316 holistic     alive  60 births  0 deaths  0 best lifetime 2.885 mean 0.915 max age 59  season 316 conventional alive  60 births  2 deaths  2 best lifetime 1.976 mean 0.642 max age 59  (6.1s)
season 317 holistic     alive  60 births  4 deaths  4 best lifetime 2.259 mean 0.881 max age 56  season 317 conventional alive  60 births  3 deaths  3 best lifetime 1.485 mean 0.683 max age 59  (6.0s)
season 318 holistic     alive  60 births  1 deaths  1 best lifetime 2.225 mean 0.927 max age 57  season 318 conventional alive  60 births  2 deaths  2 best lifetime 2.362 mean 0.741 max age 59  (6.1s)
season 319 holistic     alive  60 births  2 deaths  2 best lifetime 2.020 mean 0.970 max age 58  season 319 conventional alive  60 births  1 deaths  1 best lifetime 2.438 mean 0.738 max age 55  (6.2s)
WARNING: Nan, Inf or huge value in QACC at DOF 9. The simulation is unstable. Time = 8.3500.

season 320 holistic     alive  60 births  0 deaths  0 best lifetime 2.174 mean 0.953 max age 59  season 320 conventional alive  60 births  0 deaths  0 best lifetime 2.238 mean 0.699 max age 56  (5.9s)
season 321 holistic     alive  60 births  3 deaths  3 best lifetime 2.078 mean 0.935 max age 59  season 321 conventional alive  60 births  2 deaths  2 best lifetime 1.938 mean 0.697 max age 57  (6.0s)
season 322 holistic     alive  60 births  1 deaths  1 best lifetime 4.892 mean 1.055 max age 58  season 322 conventional alive  60 births  1 deaths  1 best lifetime 1.585 mean 0.688 max age 58  (6.2s)
season 323 holistic     alive  60 births  0 deaths  0 best lifetime 2.894 mean 1.010 max age 59  season 323 conventional alive  60 births  2 deaths  2 best lifetime 1.442 mean 0.679 max age 59  (6.5s)
season 324 holistic     alive  60 births  2 deaths  2 best lifetime 2.250 mean 1.018 max age 59  season 324 conventional alive  60 births  3 deaths  3 best lifetime 1.762 mean 0.675 max age 58  (6.2s)
season 325 holistic     alive  60 births  4 deaths  4 best lifetime 1.935 mean 0.992 max age 59  season 325 conventional alive  60 births  1 deaths  1 best lifetime 1.736 mean 0.724 max age 59  (6.2s)
WARNING: Nan, Inf or huge value in QACC at DOF 10. The simulation is unstable. Time = 3.2500.

season 326 holistic     alive  60 births  2 deaths  2 best lifetime 1.850 mean 0.942 max age 59  season 326 conventional alive  60 births  2 deaths  2 best lifetime 1.743 mean 0.726 max age 57  (6.1s)
season 327 holistic     alive  60 births  1 deaths  1 best lifetime 1.827 mean 0.939 max age 57  season 327 conventional alive  60 births  1 deaths  1 best lifetime 1.744 mean 0.716 max age 58  (6.2s)
season 328 holistic     alive  60 births  0 deaths  0 best lifetime 1.828 mean 0.929 max age 58  season 328 conventional alive  60 births  2 deaths  2 best lifetime 1.349 mean 0.684 max age 59  (6.2s)
season 329 holistic     alive  60 births  0 deaths  0 best lifetime 1.853 mean 0.962 max age 59  season 329 conventional alive  60 births  2 deaths  2 best lifetime 1.822 mean 0.675 max age 59  (6.0s)
season 330 holistic     alive  60 births  3 deaths  3 best lifetime 1.854 mean 0.944 max age 59  season 330 conventional alive  60 births  5 deaths  5 best lifetime 1.476 mean 0.663 max age 59  (6.2s)
WARNING: Nan, Inf or huge value in QACC at DOF 0. The simulation is unstable. Time = 9.8800.

season 331 holistic     alive  60 births  2 deaths  2 best lifetime 3.181 mean 0.961 max age 59  season 331 conventional alive  60 births  3 deaths  3 best lifetime 1.459 mean 0.652 max age 59  (6.1s)
WARNING: Nan, Inf or huge value in QACC at DOF 33. The simulation is unstable. Time = 3.4800.

season 332 holistic     alive  60 births  2 deaths  2 best lifetime 1.813 mean 0.920 max age 58  season 332 conventional alive  60 births  3 deaths  3 best lifetime 2.377 mean 0.633 max age 58  (6.5s)
WARNING: Nan, Inf or huge value in QACC at DOF 13. The simulation is unstable. Time = 5.4550.

season 333 holistic     alive  60 births  0 deaths  0 best lifetime 2.930 mean 0.964 max age 59  season 333 conventional alive  60 births  2 deaths  2 best lifetime 2.035 mean 0.622 max age 59  (6.4s)
season 334 holistic     alive  60 births  3 deaths  3 best lifetime 2.424 mean 0.923 max age 59  season 334 conventional alive  60 births  7 deaths  7 best lifetime 1.861 mean 0.570 max age 58  (6.0s)
season 335 holistic     alive  60 births  2 deaths  2 best lifetime 1.921 mean 0.934 max age 59  season 335 conventional alive  60 births  2 deaths  2 best lifetime 2.449 mean 0.642 max age 59  (6.4s)
season 336 holistic     alive  60 births  3 deaths  3 best lifetime 1.741 mean 0.924 max age 59  season 336 conventional alive  60 births  5 deaths  5 best lifetime 1.438 mean 0.671 max age 59  (6.1s)
WARNING: Nan, Inf or huge value in QACC at DOF 23. The simulation is unstable. Time = 10.0600.

season 337 holistic     alive  60 births  3 deaths  3 best lifetime 2.747 mean 0.955 max age 58  season 337 conventional alive  60 births  1 deaths  1 best lifetime 1.683 mean 0.681 max age 58  (6.2s)
season 338 holistic     alive  60 births  1 deaths  1 best lifetime 2.248 mean 0.925 max age 59  season 338 conventional alive  60 births  3 deaths  3 best lifetime 1.477 mean 0.672 max age 59  (6.5s)
season 339 holistic     alive  60 births  3 deaths  3 best lifetime 2.349 mean 0.897 max age 58  season 339 conventional alive  60 births  2 deaths  2 best lifetime 1.574 mean 0.677 max age 59  (6.1s)
season 340 holistic     alive  60 births  1 deaths  1 best lifetime 2.082 mean 0.930 max age 59  season 340 conventional alive  60 births  3 deaths  3 best lifetime 1.652 mean 0.669 max age 59  (6.3s)
season 341 holistic     alive  60 births  3 deaths  3 best lifetime 1.883 mean 0.898 max age 59  season 341 conventional alive  60 births  4 deaths  4 best lifetime 1.533 mean 0.594 max age 59  (6.3s)
season 342 holistic     alive  60 births  3 deaths  3 best lifetime 1.919 mean 0.937 max age 58  season 342 conventional alive  60 births  1 deaths  1 best lifetime 1.509 mean 0.657 max age 54  (6.2s)
season 343 holistic     alive  60 births  1 deaths  1 best lifetime 1.928 mean 0.908 max age 59  season 343 conventional alive  60 births  2 deaths  2 best lifetime 1.541 mean 0.663 max age 55  (6.2s)
season 344 holistic     alive  60 births  1 deaths  1 best lifetime 1.946 mean 0.942 max age 59  season 344 conventional alive  60 births  1 deaths  1 best lifetime 1.599 mean 0.632 max age 56  (6.2s)
WARNING: Nan, Inf or huge value in QACC at DOF 0. The simulation is unstable. Time = 9.8100.

season 345 holistic     alive  60 births  2 deaths  2 best lifetime 1.816 mean 0.905 max age 59  season 345 conventional alive  60 births  1 deaths  1 best lifetime 1.607 mean 0.636 max age 57  (6.1s)
season 346 holistic     alive  60 births  3 deaths  3 best lifetime 1.948 mean 0.953 max age 58  season 346 conventional alive  60 births  2 deaths  2 best lifetime 1.568 mean 0.646 max age 58  (6.3s)
season 347 holistic     alive  60 births  0 deaths  0 best lifetime 3.941 mean 1.024 max age 59  season 347 conventional alive  60 births  0 deaths  0 best lifetime 1.659 mean 0.654 max age 59  (6.4s)
WARNING: Nan, Inf or huge value in QACC at DOF 0. The simulation is unstable. Time = 11.2450.

season 348 holistic     alive  60 births  2 deaths  2 best lifetime 2.434 mean 0.964 max age 59  season 348 conventional alive  60 births  3 deaths  3 best lifetime 1.623 mean 0.651 max age 58  (6.2s)
WARNING: Nan, Inf or huge value in QACC at DOF 3. The simulation is unstable. Time = 10.3250.

season 349 holistic     alive  60 births  1 deaths  1 best lifetime 1.686 mean 0.972 max age 59  season 349 conventional alive  60 births  0 deaths  0 best lifetime 1.589 mean 0.605 max age 59  (6.1s)
season 350 holistic     alive  60 births  1 deaths  1 best lifetime 1.611 mean 0.916 max age 59  season 350 conventional alive  60 births  2 deaths  2 best lifetime 2.430 mean 0.634 max age 52  (6.0s)
WARNING: Nan, Inf or huge value in QACC at DOF 10. The simulation is unstable. Time = 9.4950.

season 351 holistic     alive  60 births  2 deaths  2 best lifetime 1.618 mean 0.882 max age 59  season 351 conventional alive  60 births  2 deaths  2 best lifetime 2.071 mean 0.619 max age 53  (6.0s)
season 352 holistic     alive  60 births  1 deaths  1 best lifetime 1.625 mean 0.906 max age 59  season 352 conventional alive  60 births  2 deaths  2 best lifetime 2.406 mean 0.695 max age 54  (6.2s)
season 353 holistic     alive  60 births  1 deaths  1 best lifetime 1.609 mean 0.877 max age 58  season 353 conventional alive  60 births  0 deaths  0 best lifetime 2.406 mean 0.659 max age 55  (6.3s)
WARNING: Nan, Inf or huge value in QACC at DOF 14. The simulation is unstable. Time = 10.2700.

season 354 holistic     alive  60 births  0 deaths  0 best lifetime 1.617 mean 0.859 max age 59  season 354 conventional alive  60 births  2 deaths  2 best lifetime 2.079 mean 0.672 max age 56  (6.3s)
season 355 holistic     alive  60 births  1 deaths  1 best lifetime 1.665 mean 0.884 max age 56  season 355 conventional alive  60 births  1 deaths  1 best lifetime 1.834 mean 0.666 max age 57  (6.0s)
WARNING: Nan, Inf or huge value in QACC at DOF 16. The simulation is unstable. Time = 12.6050.

WARNING: Nan, Inf or huge value in QACC at DOF 33. The simulation is unstable. Time = 6.1750.

season 356 holistic     alive  60 births  1 deaths  1 best lifetime 1.858 mean 0.889 max age 57  season 356 conventional alive  60 births  0 deaths  0 best lifetime 5.529 mean 0.744 max age 58  (6.1s)
season 357 holistic     alive  60 births  0 deaths  0 best lifetime 1.925 mean 0.922 max age 58  season 357 conventional alive  60 births  1 deaths  1 best lifetime 2.535 mean 0.697 max age 59  (6.3s)
season 358 holistic     alive  60 births  0 deaths  0 best lifetime 1.866 mean 0.935 max age 59  season 358 conventional alive  60 births  1 deaths  1 best lifetime 1.867 mean 0.682 max age 58  (6.3s)
season 359 holistic     alive  60 births  2 deaths  2 best lifetime 1.915 mean 0.934 max age 59  season 359 conventional alive  60 births  1 deaths  1 best lifetime 1.783 mean 0.706 max age 59  (6.0s)
WARNING: Nan, Inf or huge value in QACC at DOF 33. The simulation is unstable. Time = 2.4900.

WARNING: Nan, Inf or huge value in QACC at DOF 30. The simulation is unstable. Time = 6.2550.

season 360 holistic     alive  60 births  2 deaths  2 best lifetime 2.902 mean 0.968 max age 58  season 360 conventional alive  60 births  2 deaths  2 best lifetime 1.606 mean 0.674 max age 59  (6.0s)
season 361 holistic     alive  60 births  0 deaths  0 best lifetime 1.724 mean 0.972 max age 59  season 361 conventional alive  60 births  4 deaths  4 best lifetime 1.584 mean 0.631 max age 58  (6.0s)
season 362 holistic     alive  60 births  2 deaths  2 best lifetime 1.686 mean 0.945 max age 59  season 362 conventional alive  60 births  1 deaths  1 best lifetime 3.331 mean 0.723 max age 59  (6.0s)
WARNING: Nan, Inf or huge value in QACC at DOF 21. The simulation is unstable. Time = 6.2500.

season 363 holistic     alive  60 births  1 deaths  1 best lifetime 1.788 mean 0.922 max age 58  season 363 conventional alive  60 births  2 deaths  2 best lifetime 1.825 mean 0.701 max age 58  (6.3s)
season 364 holistic     alive  60 births  0 deaths  0 best lifetime 1.750 mean 0.918 max age 59  season 364 conventional alive  60 births  1 deaths  1 best lifetime 1.474 mean 0.632 max age 59  (6.3s)
season 365 holistic     alive  60 births  3 deaths  3 best lifetime 1.674 mean 0.864 max age 57  season 365 conventional alive  60 births  3 deaths  3 best lifetime 1.433 mean 0.609 max age 58  (6.1s)
WARNING: Nan, Inf or huge value in QACC at DOF 7. The simulation is unstable. Time = 8.7000.

season 366 holistic     alive  60 births  1 deaths  1 best lifetime 1.684 mean 0.892 max age 58  season 366 conventional alive  60 births  2 deaths  2 best lifetime 1.695 mean 0.649 max age 59  (6.6s)
WARNING: Nan, Inf or huge value in QACC at DOF 19. The simulation is unstable. Time = 7.9200.

WARNING: Nan, Inf or huge value in QACC at DOF 20. The simulation is unstable. Time = 7.7550.

season 367 holistic     alive  60 births  1 deaths  1 best lifetime 1.655 mean 0.906 max age 59  season 367 conventional alive  60 births  6 deaths  6 best lifetime 1.377 mean 0.588 max age 58  (6.5s)
season 368 holistic     alive  60 births  2 deaths  2 best lifetime 1.665 mean 0.884 max age 58  season 368 conventional alive  60 births  1 deaths  1 best lifetime 1.384 mean 0.614 max age 59  (6.2s)
season 369 holistic     alive  60 births  0 deaths  0 best lifetime 1.674 mean 0.884 max age 59  season 369 conventional alive  60 births  3 deaths  3 best lifetime 2.310 mean 0.627 max age 59  (6.2s)
WARNING: Nan, Inf or huge value in QACC at DOF 0. The simulation is unstable. Time = 13.6400.

WARNING: Nan, Inf or huge value in QACC at DOF 32. The simulation is unstable. Time = 3.5050.

season 370 holistic     alive  60 births  2 deaths  2 best lifetime 1.717 mean 0.884 max age 57  season 370 conventional alive  60 births  2 deaths  2 best lifetime 3.239 mean 0.688 max age 59  (6.5s)
season 371 holistic     alive  60 births  1 deaths  1 best lifetime 1.724 mean 0.866 max age 58  season 371 conventional alive  60 births  5 deaths  5 best lifetime 1.406 mean 0.587 max age 59  (6.2s)
WARNING: Nan, Inf or huge value in QACC at DOF 2. The simulation is unstable. Time = 12.8150.

season 372 holistic     alive  60 births  2 deaths  2 best lifetime 1.923 mean 0.900 max age 59  season 372 conventional alive  60 births  1 deaths  1 best lifetime 3.537 mean 0.799 max age 59  (6.4s)
season 373 holistic     alive  60 births  1 deaths  1 best lifetime 2.921 mean 0.962 max age 58  season 373 conventional alive  60 births  3 deaths  3 best lifetime 3.031 mean 0.750 max age 59  (6.5s)
season 374 holistic     alive  60 births  0 deaths  0 best lifetime 2.254 mean 0.949 max age 59  season 374 conventional alive  60 births  1 deaths  1 best lifetime 2.532 mean 0.765 max age 59  (6.1s)
season 375 holistic     alive  60 births  2 deaths  2 best lifetime 2.170 mean 0.901 max age 58  season 375 conventional alive  60 births  3 deaths  3 best lifetime 2.468 mean 0.742 max age 59  (6.3s)
WARNING: Nan, Inf or huge value in QACC at DOF 14. The simulation is unstable. Time = 4.1550.

season 376 holistic     alive  60 births  1 deaths  1 best lifetime 2.319 mean 0.915 max age 59  season 376 conventional alive  60 births  3 deaths  3 best lifetime 2.416 mean 0.665 max age 59  (6.2s)
season 377 holistic     alive  60 births  2 deaths  2 best lifetime 2.087 mean 0.864 max age 59  season 377 conventional alive  60 births  5 deaths  5 best lifetime 2.049 mean 0.644 max age 59  (6.3s)
WARNING: Nan, Inf or huge value in QACC at DOF 25. The simulation is unstable. Time = 6.2100.

season 378 holistic     alive  60 births  1 deaths  1 best lifetime 2.065 mean 0.865 max age 59  season 378 conventional alive  60 births  1 deaths  1 best lifetime 1.692 mean 0.617 max age 57  (6.1s)
WARNING: Nan, Inf or huge value in QACC at DOF 8. The simulation is unstable. Time = 11.0150.

season 379 holistic     alive  60 births  4 deaths  4 best lifetime 1.796 mean 0.852 max age 58  season 379 conventional alive  60 births  2 deaths  2 best lifetime 2.048 mean 0.712 max age 58  (6.4s)
WARNING: Nan, Inf or huge value in QACC at DOF 9. The simulation is unstable. Time = 3.9350.

WARNING: Nan, Inf or huge value in QACC at DOF 10. The simulation is unstable. Time = 3.7400.

season 380 holistic     alive  60 births  0 deaths  0 best lifetime 2.897 mean 0.904 max age 59  season 380 conventional alive  60 births  0 deaths  0 best lifetime 1.667 mean 0.690 max age 59  (6.4s)
season 381 holistic     alive  60 births  3 deaths  3 best lifetime 1.725 mean 0.846 max age 57  season 381 conventional alive  60 births  3 deaths  3 best lifetime 1.782 mean 0.652 max age 58  (6.2s)
season 382 holistic     alive  60 births  2 deaths  2 best lifetime 1.778 mean 0.815 max age 58  season 382 conventional alive  60 births  2 deaths  2 best lifetime 1.716 mean 0.646 max age 59  (6.6s)
season 383 holistic     alive  60 births  0 deaths  0 best lifetime 1.806 mean 0.830 max age 59  season 383 conventional alive  60 births  2 deaths  2 best lifetime 2.376 mean 0.667 max age 59  (6.3s)
season 384 holistic     alive  60 births  2 deaths  2 best lifetime 1.785 mean 0.790 max age 59  season 384 conventional alive  60 births  3 deaths  3 best lifetime 1.383 mean 0.611 max age 59  (6.2s)
season 385 holistic     alive  60 births  6 deaths  6 best lifetime 1.788 mean 0.763 max age 59  season 385 conventional alive  60 births  3 deaths  3 best lifetime 1.375 mean 0.610 max age 59  (6.3s)
WARNING: Nan, Inf or huge value in QACC at DOF 27. The simulation is unstable. Time = 8.2300.

season 386 holistic     alive  60 births  1 deaths  1 best lifetime 1.903 mean 0.800 max age 59  season 386 conventional alive  60 births  3 deaths  3 best lifetime 1.394 mean 0.586 max age 59  (6.3s)
season 387 holistic     alive  60 births  1 deaths  1 best lifetime 1.772 mean 0.783 max age 57  season 387 conventional alive  60 births  3 deaths  3 best lifetime 1.478 mean 0.606 max age 57  (6.3s)
season 388 holistic     alive  60 births  2 deaths  2 best lifetime 1.922 mean 0.803 max age 58  season 388 conventional alive  60 births  2 deaths  2 best lifetime 1.458 mean 0.638 max age 58  (6.4s)
season 389 holistic     alive  60 births  1 deaths  1 best lifetime 1.695 mean 0.783 max age 59  season 389 conventional alive  60 births  3 deaths  3 best lifetime 1.226 mean 0.601 max age 59  (6.7s)
season 390 holistic     alive  60 births  3 deaths  3 best lifetime 1.658 mean 0.724 max age 59  season 390 conventional alive  60 births  8 deaths  8 best lifetime 1.233 mean 0.530 max age 59  (6.4s)
season 391 holistic     alive  60 births  3 deaths  3 best lifetime 1.724 mean 0.753 max age 59  season 391 conventional alive  60 births  4 deaths  4 best lifetime 1.584 mean 0.561 max age 59  (6.4s)
season 392 holistic     alive  60 births  3 deaths  3 best lifetime 1.728 mean 0.781 max age 58  season 392 conventional alive  60 births  4 deaths  4 best lifetime 2.322 mean 0.638 max age 58  (6.5s)
season 393 holistic     alive  60 births  2 deaths  2 best lifetime 2.916 mean 0.856 max age 59  season 393 conventional alive  60 births  2 deaths  2 best lifetime 1.512 mean 0.635 max age 59  (6.9s)
season 394 holistic     alive  60 births  4 deaths  4 best lifetime 2.415 mean 0.848 max age 58  season 394 conventional alive  60 births  5 deaths  5 best lifetime 1.513 mean 0.600 max age 59  (6.4s)
season 395 holistic     alive  60 births  1 deaths  1 best lifetime 1.776 mean 0.800 max age 59  season 395 conventional alive  60 births  2 deaths  2 best lifetime 1.114 mean 0.511 max age 58  (6.5s)
season 396 holistic     alive  60 births  5 deaths  5 best lifetime 1.868 mean 0.801 max age 59  season 396 conventional alive  60 births  4 deaths  4 best lifetime 1.521 mean 0.575 max age 59  (6.5s)
WARNING: Nan, Inf or huge value in QACC at DOF 0. The simulation is unstable. Time = 8.4400.

season 397 holistic     alive  60 births  2 deaths  2 best lifetime 2.867 mean 0.870 max age 58  season 397 conventional alive  60 births  3 deaths  3 best lifetime 2.519 mean 0.609 max age 59  (6.1s)
season 398 holistic     alive  60 births  2 deaths  2 best lifetime 4.936 mean 0.995 max age 59  season 398 conventional alive  60 births  3 deaths  3 best lifetime 2.524 mean 0.614 max age 59  (6.4s)
season 399 holistic     alive  60 births  2 deaths  2 best lifetime 2.937 mean 0.934 max age 59  season 399 conventional alive  60 births  4 deaths  4 best lifetime 2.022 mean 0.632 max age 59  (6.3s)
season 400 holistic     alive  60 births  3 deaths  3 best lifetime 2.938 mean 0.908 max age 59  season 400 conventional alive  60 births  2 deaths  2 best lifetime 1.802 mean 0.599 max age 59  (6.2s)
season 401 holistic     alive  60 births  2 deaths  2 best lifetime 4.927 mean 0.906 max age 59  season 401 conventional alive  60 births  6 deaths  6 best lifetime 1.489 mean 0.581 max age 57  (6.4s)
season 402 holistic     alive  60 births  4 deaths  4 best lifetime 2.455 mean 0.876 max age 59  season 402 conventional alive  60 births  3 deaths  3 best lifetime 2.375 mean 0.714 max age 58  (6.5s)
season 403 holistic     alive  60 births  1 deaths  1 best lifetime 2.292 mean 0.849 max age 58  season 403 conventional alive  60 births  1 deaths  1 best lifetime 2.038 mean 0.684 max age 59  (6.3s)
season 404 holistic     alive  60 births  1 deaths  1 best lifetime 1.959 mean 0.866 max age 59  season 404 conventional alive  60 births  4 deaths  4 best lifetime 2.135 mean 0.666 max age 56  (6.2s)
season 405 holistic     alive  60 births  2 deaths  2 best lifetime 1.937 mean 0.857 max age 59  season 405 conventional alive  60 births  1 deaths  1 best lifetime 1.968 mean 0.658 max age 57  (6.0s)
season 406 holistic     alive  60 births  3 deaths  3 best lifetime 1.735 mean 0.801 max age 58  season 406 conventional alive  60 births  1 deaths  1 best lifetime 1.669 mean 0.622 max age 58  (6.0s)
season 407 holistic     alive  60 births  1 deaths  1 best lifetime 1.661 mean 0.800 max age 59  season 407 conventional alive  60 births  2 deaths  2 best lifetime 1.552 mean 0.656 max age 59  (6.3s)
season 408 holistic     alive  60 births  1 deaths  1 best lifetime 2.818 mean 0.843 max age 58  season 408 conventional alive  60 births  5 deaths  5 best lifetime 1.469 mean 0.587 max age 57  (6.7s)
season 409 holistic     alive  60 births  1 deaths  1 best lifetime 2.917 mean 0.882 max age 59  season 409 conventional alive  60 births  1 deaths  1 best lifetime 1.549 mean 0.667 max age 58  (6.2s)
WARNING: Nan, Inf or huge value in QACC at DOF 33. The simulation is unstable. Time = 13.8600.

season 410 holistic     alive  60 births  2 deaths  2 best lifetime 2.916 mean 0.852 max age 59  season 410 conventional alive  60 births  1 deaths  1 best lifetime 2.329 mean 0.690 max age 59  (6.4s)
season 411 holistic     alive  60 births  2 deaths  2 best lifetime 2.586 mean 0.842 max age 58  season 411 conventional alive  60 births  6 deaths  6 best lifetime 1.855 mean 0.622 max age 56  (6.1s)
season 412 holistic     alive  60 births  0 deaths  0 best lifetime 1.918 mean 0.826 max age 59  season 412 conventional alive  60 births  0 deaths  0 best lifetime 1.843 mean 0.657 max age 57  (6.2s)
season 413 holistic     alive  60 births  1 deaths  1 best lifetime 1.718 mean 0.843 max age 54  season 413 conventional alive  60 births  1 deaths  1 best lifetime 1.340 mean 0.637 max age 58  (6.2s)
season 414 holistic     alive  60 births  1 deaths  1 best lifetime 1.915 mean 0.889 max age 55  season 414 conventional alive  60 births  2 deaths  2 best lifetime 1.540 mean 0.624 max age 59  (6.4s)
season 415 holistic     alive  60 births  1 deaths  1 best lifetime 1.774 mean 0.906 max age 56  season 415 conventional alive  60 births  2 deaths  2 best lifetime 1.740 mean 0.665 max age 57  (6.2s)
season 416 holistic     alive  60 births  0 deaths  0 best lifetime 1.792 mean 0.888 max age 57  season 416 conventional alive  60 births  1 deaths  1 best lifetime 1.705 mean 0.681 max age 58  (6.4s)
season 417 holistic     alive  60 births  0 deaths  0 best lifetime 1.695 mean 0.891 max age 58  season 417 conventional alive  60 births  1 deaths  1 best lifetime 1.537 mean 0.670 max age 59  (6.4s)
season 418 holistic     alive  60 births  1 deaths  1 best lifetime 1.817 mean 0.893 max age 59  season 418 conventional alive  60 births  1 deaths  1 best lifetime 1.527 mean 0.639 max age 58  (6.5s)
season 419 holistic     alive  60 births  2 deaths  2 best lifetime 1.773 mean 0.908 max age 59  season 419 conventional alive  60 births  1 deaths  1 best lifetime 1.527 mean 0.640 max age 59  (6.4s)
season 420 holistic     alive  60 births  2 deaths  2 best lifetime 1.933 mean 0.896 max age 58  season 420 conventional alive  60 births  3 deaths  3 best lifetime 1.527 mean 0.599 max age 59  (6.3s)
season 421 holistic     alive  60 births  0 deaths  0 best lifetime 1.896 mean 0.887 max age 59  season 421 conventional alive  60 births  3 deaths  3 best lifetime 1.598 mean 0.638 max age 58  (6.3s)
season 422 holistic     alive  60 births  1 deaths  1 best lifetime 1.861 mean 0.866 max age 59  season 422 conventional alive  60 births  1 deaths  1 best lifetime 1.567 mean 0.617 max age 59  (6.3s)
WARNING: Nan, Inf or huge value in QACC at DOF 20. The simulation is unstable. Time = 6.0900.

season 423 holistic     alive  60 births  2 deaths  2 best lifetime 1.967 mean 0.898 max age 58  season 423 conventional alive  60 births  3 deaths  3 best lifetime 1.200 mean 0.607 max age 56  (6.4s)
season 424 holistic     alive  60 births  1 deaths  1 best lifetime 1.966 mean 0.923 max age 59  season 424 conventional alive  60 births  0 deaths  0 best lifetime 1.335 mean 0.670 max age 57  (6.6s)
season 425 holistic     alive  60 births  2 deaths  2 best lifetime 1.997 mean 0.906 max age 58  season 425 conventional alive  60 births  0 deaths  0 best lifetime 1.329 mean 0.656 max age 58  (6.2s)
season 426 holistic     alive  60 births  0 deaths  0 best lifetime 2.058 mean 0.944 max age 59  season 426 conventional alive  60 births  2 deaths  2 best lifetime 1.217 mean 0.649 max age 59  (6.5s)
season 427 holistic     alive  60 births  2 deaths  2 best lifetime 2.024 mean 0.955 max age 57  season 427 conventional alive  60 births  2 deaths  2 best lifetime 1.488 mean 0.625 max age 59  (6.6s)
WARNING: Nan, Inf or huge value in QACC at DOF 46. The simulation is unstable. Time = 2.9900.

season 428 holistic     alive  60 births  0 deaths  0 best lifetime 1.963 mean 0.969 max age 58  season 428 conventional alive  60 births  2 deaths  2 best lifetime 1.473 mean 0.652 max age 59  (6.6s)
season 429 holistic     alive  60 births  0 deaths  0 best lifetime 1.933 mean 0.955 max age 59  season 429 conventional alive  60 births  3 deaths  3 best lifetime 3.289 mean 0.654 max age 59  (6.4s)
season 430 holistic     alive  60 births  1 deaths  1 best lifetime 1.877 mean 0.913 max age 59  season 430 conventional alive  60 births  2 deaths  2 best lifetime 4.533 mean 0.753 max age 59  (6.2s)
season 431 holistic     alive  60 births  2 deaths  2 best lifetime 1.852 mean 0.903 max age 59  season 431 conventional alive  60 births  5 deaths  5 best lifetime 2.449 mean 0.694 max age 57  (6.2s)
season 432 holistic     alive  60 births  1 deaths  1 best lifetime 2.936 mean 0.983 max age 54  season 432 conventional alive  60 births  1 deaths  1 best lifetime 2.578 mean 0.687 max age 58  (6.3s)
season 433 holistic     alive  60 births  0 deaths  0 best lifetime 3.932 mean 1.041 max age 55  season 433 conventional alive  60 births  1 deaths  1 best lifetime 1.886 mean 0.671 max age 59  (6.3s)
season 434 holistic     alive  60 births  0 deaths  0 best lifetime 2.599 mean 1.020 max age 56  season 434 conventional alive  60 births  4 deaths  4 best lifetime 1.716 mean 0.649 max age 58  (6.5s)
season 435 holistic     alive  60 births  0 deaths  0 best lifetime 2.681 mean 1.021 max age 57  season 435 conventional alive  60 births  0 deaths  0 best lifetime 2.820 mean 0.730 max age 59  (6.5s)
season 436 holistic     alive  60 births  0 deaths  0 best lifetime 2.532 mean 0.997 max age 58  season 436 conventional alive  60 births  2 deaths  2 best lifetime 1.572 mean 0.660 max age 59  (6.5s)
season 437 holistic     alive  60 births  0 deaths  0 best lifetime 2.599 mean 1.005 max age 59  season 437 conventional alive  60 births  2 deaths  2 best lifetime 1.481 mean 0.666 max age 56  (6.7s)
season 438 holistic     alive  60 births  1 deaths  1 best lifetime 2.216 mean 0.997 max age 59  season 438 conventional alive  60 births  1 deaths  1 best lifetime 2.463 mean 0.727 max age 57  (6.2s)
season 439 holistic     alive  60 births  3 deaths  3 best lifetime 1.931 mean 0.932 max age 57  season 439 conventional alive  60 births  0 deaths  0 best lifetime 1.573 mean 0.686 max age 58  (6.4s)
season 440 holistic     alive  60 births  0 deaths  0 best lifetime 2.896 mean 0.993 max age 58  season 440 conventional alive  60 births  0 deaths  0 best lifetime 1.466 mean 0.689 max age 59  (6.4s)
season 441 holistic     alive  60 births  1 deaths  1 best lifetime 2.031 mean 0.969 max age 59  season 441 conventional alive  60 births  4 deaths  4 best lifetime 1.437 mean 0.662 max age 59  (6.6s)
season 442 holistic     alive  60 births  1 deaths  1 best lifetime 2.022 mean 0.946 max age 58  season 442 conventional alive  60 births  3 deaths  3 best lifetime 1.418 mean 0.663 max age 58  (6.5s)
season 443 holistic     alive  60 births  1 deaths  1 best lifetime 2.015 mean 0.966 max age 59  season 443 conventional alive  60 births  1 deaths  1 best lifetime 1.460 mean 0.694 max age 59  (6.3s)
season 444 holistic     alive  60 births  1 deaths  1 best lifetime 1.932 mean 0.964 max age 59  season 444 conventional alive  60 births  2 deaths  2 best lifetime 1.458 mean 0.672 max age 59  (6.5s)
season 445 holistic     alive  60 births  3 deaths  3 best lifetime 2.004 mean 0.939 max age 59  season 445 conventional alive  60 births  3 deaths  3 best lifetime 1.285 mean 0.646 max age 57  (6.3s)
season 446 holistic     alive  60 births  2 deaths  2 best lifetime 1.933 mean 0.949 max age 59  season 446 conventional alive  60 births  2 deaths  2 best lifetime 2.536 mean 0.703 max age 58  (6.4s)
season 447 holistic     alive  60 births  1 deaths  1 best lifetime 1.971 mean 0.970 max age 57  season 447 conventional alive  60 births  1 deaths  1 best lifetime 1.272 mean 0.704 max age 59  (6.3s)
season 448 holistic     alive  60 births  0 deaths  0 best lifetime 2.765 mean 1.006 max age 58  season 448 conventional alive  60 births  1 deaths  1 best lifetime 1.303 mean 0.701 max age 58  (6.2s)
season 449 holistic     alive  60 births  0 deaths  0 best lifetime 1.878 mean 0.978 max age 59  season 449 conventional alive  60 births  1 deaths  1 best lifetime 1.333 mean 0.677 max age 59  (6.3s)
season 450 holistic     alive  60 births  3 deaths  3 best lifetime 1.881 mean 0.952 max age 59  season 450 conventional alive  60 births  5 deaths  5 best lifetime 1.398 mean 0.605 max age 59  (6.2s)
WARNING: Nan, Inf or huge value in QACC at DOF 0. The simulation is unstable. Time = 5.1000.

WARNING: Nan, Inf or huge value in QACC at DOF 10. The simulation is unstable. Time = 6.9100.

season 451 holistic     alive  60 births  2 deaths  2 best lifetime 1.958 mean 0.960 max age 59  season 451 conventional alive  60 births  2 deaths  2 best lifetime 2.373 mean 0.596 max age 57  (6.1s)
season 452 holistic     alive  60 births  1 deaths  1 best lifetime 2.861 mean 0.972 max age 59  season 452 conventional alive  60 births  4 deaths  4 best lifetime 2.940 mean 0.651 max age 58  (6.2s)
season 453 holistic     alive  60 births  2 deaths  2 best lifetime 2.196 mean 0.963 max age 59  season 453 conventional alive  60 births  0 deaths  0 best lifetime 2.428 mean 0.652 max age 59  (6.2s)
season 454 holistic     alive  60 births  4 deaths  4 best lifetime 2.864 mean 0.974 max age 59  season 454 conventional alive  60 births  2 deaths  2 best lifetime 1.904 mean 0.688 max age 59  (6.1s)
season 455 holistic     alive  60 births  1 deaths  1 best lifetime 2.265 mean 0.968 max age 59  season 455 conventional alive  60 births  3 deaths  3 best lifetime 1.394 mean 0.633 max age 58  (6.4s)
season 456 holistic     alive  60 births  3 deaths  3 best lifetime 2.031 mean 0.903 max age 59  season 456 conventional alive  60 births  1 deaths  1 best lifetime 1.418 mean 0.631 max age 59  (6.2s)
season 457 holistic     alive  60 births  3 deaths  3 best lifetime 1.865 mean 0.910 max age 59  season 457 conventional alive  60 births  2 deaths  2 best lifetime 1.467 mean 0.665 max age 57  (6.1s)
season 458 holistic     alive  60 births  1 deaths  1 best lifetime 1.931 mean 0.959 max age 59  season 458 conventional alive  60 births  1 deaths  1 best lifetime 1.725 mean 0.647 max age 58  (6.1s)
season 459 holistic     alive  60 births  2 deaths  2 best lifetime 1.796 mean 0.912 max age 59  season 459 conventional alive  60 births  2 deaths  2 best lifetime 3.391 mean 0.694 max age 59  (6.0s)
season 460 holistic     alive  60 births  4 deaths  4 best lifetime 1.898 mean 0.935 max age 59  season 460 conventional alive  60 births  2 deaths  2 best lifetime 1.899 mean 0.662 max age 59  (6.2s)
season 461 holistic     alive  60 births  1 deaths  1 best lifetime 1.950 mean 0.927 max age 59  season 461 conventional alive  60 births  3 deaths  3 best lifetime 1.623 mean 0.611 max age 57  (6.2s)
WARNING: Nan, Inf or huge value in QACC at DOF 33. The simulation is unstable. Time = 10.5500.

season 462 holistic     alive  60 births  5 deaths  5 best lifetime 1.900 mean 0.883 max age 59  season 462 conventional alive  60 births  3 deaths  3 best lifetime 1.785 mean 0.684 max age 58  (6.1s)
season 463 holistic     alive  60 births  1 deaths  1 best lifetime 2.969 mean 0.868 max age 59  season 463 conventional alive  60 births  0 deaths  0 best lifetime 2.249 mean 0.658 max age 59  (6.2s)
season 464 holistic     alive  60 births  1 deaths  1 best lifetime 3.445 mean 0.900 max age 59  season 464 conventional alive  60 births  3 deaths  3 best lifetime 1.747 mean 0.645 max age 58  (6.3s)
season 465 holistic     alive  60 births  2 deaths  2 best lifetime 2.274 mean 0.863 max age 59  season 465 conventional alive  60 births  2 deaths  2 best lifetime 2.467 mean 0.641 max age 59  (6.0s)
season 466 holistic     alive  60 births  4 deaths  4 best lifetime 2.177 mean 0.842 max age 59  season 466 conventional alive  60 births  2 deaths  2 best lifetime 3.424 mean 0.707 max age 59  (6.1s)
season 467 holistic     alive  60 births  2 deaths  2 best lifetime 2.227 mean 0.926 max age 59  season 467 conventional alive  60 births  1 deaths  1 best lifetime 2.431 mean 0.681 max age 59  (6.2s)
season 468 holistic     alive  60 births  3 deaths  3 best lifetime 2.213 mean 0.882 max age 59  season 468 conventional alive  60 births  4 deaths  4 best lifetime 2.326 mean 0.670 max age 58  (6.2s)
season 469 holistic     alive  60 births  3 deaths  3 best lifetime 2.314 mean 0.897 max age 59  season 469 conventional alive  60 births  0 deaths  0 best lifetime 2.444 mean 0.651 max age 59  (6.0s)
season 470 holistic     alive  60 births  2 deaths  2 best lifetime 2.945 mean 0.991 max age 59  season 470 conventional alive  60 births  3 deaths  3 best lifetime 1.846 mean 0.616 max age 59  (6.3s)
WARNING: Nan, Inf or huge value in QACC at DOF 30. The simulation is unstable. Time = 13.5350.

season 471 holistic     alive  60 births  3 deaths  3 best lifetime 3.331 mean 0.984 max age 58  season 471 conventional alive  60 births  3 deaths  3 best lifetime 1.947 mean 0.575 max age 57  (6.3s)
WARNING: Nan, Inf or huge value in QACC at DOF 0. The simulation is unstable. Time = 6.1000.

season 472 holistic     alive  60 births  0 deaths  0 best lifetime 2.629 mean 1.056 max age 59  season 472 conventional alive  60 births  2 deaths  2 best lifetime 2.386 mean 0.599 max age 58  (6.1s)
season 473 holistic     alive  60 births  1 deaths  1 best lifetime 2.555 mean 1.088 max age 55  season 473 conventional alive  60 births  0 deaths  0 best lifetime 2.373 mean 0.648 max age 59  (6.1s)
season 474 holistic     alive  60 births  2 deaths  2 best lifetime 2.607 mean 1.059 max age 56  season 474 conventional alive  60 births  4 deaths  4 best lifetime 1.627 mean 0.565 max age 59  (6.1s)
season 475 holistic     alive  60 births  0 deaths  0 best lifetime 2.650 mean 1.074 max age 57  season 475 conventional alive  60 births  3 deaths  3 best lifetime 2.455 mean 0.710 max age 59  (5.9s)
season 476 holistic     alive  60 births  0 deaths  0 best lifetime 2.384 mean 1.055 max age 58  season 476 conventional alive  60 births  3 deaths  3 best lifetime 1.894 mean 0.633 max age 57  (5.9s)
season 477 holistic     alive  60 births  1 deaths  1 best lifetime 2.348 mean 1.040 max age 59  season 477 conventional alive  60 births  0 deaths  0 best lifetime 3.292 mean 0.628 max age 58  (6.0s)
season 478 holistic     alive  60 births  2 deaths  2 best lifetime 2.151 mean 1.058 max age 59  season 478 conventional alive  60 births  2 deaths  2 best lifetime 1.788 mean 0.614 max age 59  (6.0s)
season 479 holistic     alive  60 births  1 deaths  1 best lifetime 5.944 mean 1.128 max age 59  season 479 conventional alive  60 births  1 deaths  1 best lifetime 1.228 mean 0.584 max age 59  (5.9s)
season 480 holistic     alive  60 births  1 deaths  1 best lifetime 4.450 mean 1.077 max age 58  season 480 conventional alive  60 births  2 deaths  2 best lifetime 1.107 mean 0.557 max age 59  (6.0s)
season 481 holistic     alive  60 births  0 deaths  0 best lifetime 3.620 mean 1.095 max age 59  season 481 conventional alive  60 births  4 deaths  4 best lifetime 1.109 mean 0.548 max age 58  (6.1s)
season 482 holistic     alive  60 births  1 deaths  1 best lifetime 2.954 mean 1.094 max age 58  season 482 conventional alive  60 births  2 deaths  2 best lifetime 3.693 mean 0.632 max age 59  (6.2s)
season 483 holistic     alive  60 births  1 deaths  1 best lifetime 2.356 mean 1.076 max age 59  season 483 conventional alive  60 births  2 deaths  2 best lifetime 2.565 mean 0.616 max age 57  (6.0s)
WARNING: Nan, Inf or huge value in QACC at DOF 13. The simulation is unstable. Time = 7.6500.

season 484 holistic     alive  60 births  1 deaths  1 best lifetime 2.623 mean 1.078 max age 59  season 484 conventional alive  60 births  0 deaths  0 best lifetime 1.694 mean 0.622 max age 58  (6.1s)
season 485 holistic     alive  60 births  2 deaths  2 best lifetime 2.242 mean 1.077 max age 58  season 485 conventional alive  60 births  0 deaths  0 best lifetime 1.560 mean 0.591 max age 59  (6.0s)
season 486 holistic     alive  60 births  1 deaths  1 best lifetime 2.982 mean 1.141 max age 59  season 486 conventional alive  60 births  2 deaths  2 best lifetime 1.491 mean 0.544 max age 59  (6.2s)
season 487 holistic     alive  60 births  2 deaths  2 best lifetime 2.401 mean 1.083 max age 57  season 487 conventional alive  60 births  2 deaths  2 best lifetime 5.331 mean 0.607 max age 59  (6.1s)
season 488 holistic     alive  60 births  1 deaths  1 best lifetime 2.187 mean 1.086 max age 58  season 488 conventional alive  60 births  3 deaths  3 best lifetime 2.336 mean 0.534 max age 59  (6.1s)
season 489 holistic     alive  60 births  0 deaths  0 best lifetime 2.229 mean 1.098 max age 59  season 489 conventional alive  60 births  3 deaths  3 best lifetime 2.448 mean 0.534 max age 59  (6.0s)
season 490 holistic     alive  60 births  1 deaths  1 best lifetime 2.123 mean 1.075 max age 59  season 490 conventional alive  60 births  4 deaths  4 best lifetime 2.478 mean 0.529 max age 59  (6.0s)
season 491 holistic     alive  60 births  3 deaths  3 best lifetime 2.184 mean 1.023 max age 59  season 491 conventional alive  60 births  7 deaths  7 best lifetime 2.490 mean 0.496 max age 58  (6.2s)
season 492 holistic     alive  60 births  2 deaths  2 best lifetime 2.139 mean 1.022 max age 53  season 492 conventional alive  60 births  2 deaths  2 best lifetime 1.694 mean 0.517 max age 59  (5.9s)
season 493 holistic     alive  60 births  1 deaths  1 best lifetime 2.736 mean 1.054 max age 54  season 493 conventional alive  60 births  3 deaths  3 best lifetime 2.867 mean 0.558 max age 59  (5.9s)
season 494 holistic     alive  60 births  1 deaths  1 best lifetime 2.542 mean 1.096 max age 55  season 494 conventional alive  60 births  4 deaths  4 best lifetime 2.455 mean 0.586 max age 58  (5.9s)
season 495 holistic     alive  60 births  1 deaths  1 best lifetime 2.386 mean 1.098 max age 56  season 495 conventional alive  60 births  1 deaths  1 best lifetime 1.875 mean 0.612 max age 59  (6.1s)
season 496 holistic     alive  60 births  0 deaths  0 best lifetime 2.263 mean 1.137 max age 57  season 496 conventional alive  60 births  3 deaths  3 best lifetime 1.571 mean 0.522 max age 59  (6.0s)
season 497 holistic     alive  60 births  0 deaths  0 best lifetime 2.152 mean 1.117 max age 58  season 497 conventional alive  60 births  4 deaths  4 best lifetime 1.533 mean 0.547 max age 56  (5.9s)
season 498 holistic     alive  60 births  0 deaths  0 best lifetime 2.139 mean 1.109 max age 59  season 498 conventional alive  60 births  1 deaths  1 best lifetime 1.795 mean 0.568 max age 57  (6.0s)
season 499 holistic     alive  60 births  2 deaths  2 best lifetime 2.075 mean 1.054 max age 58  season 499 conventional alive  60 births  1 deaths  1 best lifetime 1.623 mean 0.550 max age 58  (6.0s)
season 500 holistic     alive  60 births  0 deaths  0 best lifetime 2.751 mean 1.098 max age 59  season 500 conventional alive  60 births  2 deaths  2 best lifetime 1.717 mean 0.581 max age 59  (5.9s)
season 501 holistic     alive  60 births  1 deaths  1 best lifetime 2.038 mean 1.051 max age 58  season 501 conventional alive  60 births  4 deaths  4 best lifetime 1.639 mean 0.588 max age 59  (6.0s)
season 502 holistic     alive  60 births  0 deaths  0 best lifetime 2.068 mean 1.035 max age 59  season 502 conventional alive  60 births  1 deaths  1 best lifetime 3.473 mean 0.644 max age 57  (6.2s)
season 503 holistic     alive  60 births  2 deaths  2 best lifetime 2.066 mean 1.053 max age 59  season 503 conventional alive  60 births  1 deaths  1 best lifetime 2.053 mean 0.644 max age 58  (6.3s)
season 504 holistic     alive  60 births  1 deaths  1 best lifetime 2.116 mean 1.049 max age 59  season 504 conventional alive  60 births  3 deaths  3 best lifetime 2.442 mean 0.643 max age 59  (6.0s)
season 505 holistic     alive  60 births  3 deaths  3 best lifetime 2.113 mean 0.980 max age 58  season 505 conventional alive  60 births  2 deaths  2 best lifetime 1.757 mean 0.575 max age 55  (6.0s)
season 506 holistic     alive  60 births  0 deaths  0 best lifetime 3.922 mean 1.064 max age 59  season 506 conventional alive  60 births  1 deaths  1 best lifetime 1.603 mean 0.551 max age 56  (6.1s)
season 507 holistic     alive  60 births  2 deaths  2 best lifetime 2.924 mean 1.018 max age 57  season 507 conventional alive  60 births  2 deaths  2 best lifetime 2.405 mean 0.573 max age 57  (5.8s)
WARNING: Nan, Inf or huge value in QACC at DOF 30. The simulation is unstable. Time = 14.9700.

season 508 holistic     alive  60 births  1 deaths  1 best lifetime 2.056 mean 1.015 max age 58  season 508 conventional alive  60 births  4 deaths  4 best lifetime 1.746 mean 0.552 max age 58  (6.0s)
season 509 holistic     alive  60 births  1 deaths  1 best lifetime 2.175 mean 1.015 max age 59  season 509 conventional alive  60 births  0 deaths  0 best lifetime 2.351 mean 0.615 max age 59  (6.1s)
season 510 holistic     alive  60 births  2 deaths  2 best lifetime 2.128 mean 0.976 max age 59  season 510 conventional alive  60 births  5 deaths  5 best lifetime 1.724 mean 0.595 max age 58  (6.2s)
season 511 holistic     alive  60 births  2 deaths  2 best lifetime 2.095 mean 0.960 max age 59  season 511 conventional alive  60 births  0 deaths  0 best lifetime 2.392 mean 0.680 max age 59  (6.0s)
season 512 holistic     alive  60 births  1 deaths  1 best lifetime 2.892 mean 1.047 max age 59  season 512 conventional alive  60 births  2 deaths  2 best lifetime 1.833 mean 0.578 max age 57  (6.2s)
season 513 holistic     alive  60 births  3 deaths  3 best lifetime 2.390 mean 1.001 max age 59  season 513 conventional alive  60 births  1 deaths  1 best lifetime 2.326 mean 0.628 max age 58  (6.1s)
season 514 holistic     alive  60 births  2 deaths  2 best lifetime 1.965 mean 1.003 max age 58  season 514 conventional alive  60 births  0 deaths  0 best lifetime 1.825 mean 0.615 max age 59  (6.4s)
season 515 holistic     alive  60 births  0 deaths  0 best lifetime 2.143 mean 1.003 max age 59  season 515 conventional alive  60 births  3 deaths  3 best lifetime 1.526 mean 0.602 max age 54  (6.3s)
WARNING: Nan, Inf or huge value in QACC at DOF 30. The simulation is unstable. Time = 6.8200.

season 516 holistic     alive  60 births  2 deaths  2 best lifetime 1.946 mean 0.963 max age 59  season 516 conventional alive  60 births  1 deaths  1 best lifetime 2.483 mean 0.659 max age 55  (6.1s)
season 517 holistic     alive  60 births  4 deaths  4 best lifetime 2.239 mean 0.931 max age 58  season 517 conventional alive  60 births  0 deaths  0 best lifetime 3.481 mean 0.731 max age 56  (5.9s)
WARNING: Nan, Inf or huge value in QACC at DOF 30. The simulation is unstable. Time = 3.1000.

season 518 holistic     alive  60 births  1 deaths  1 best lifetime 2.190 mean 0.973 max age 59  season 518 conventional alive  60 births  0 deaths  0 best lifetime 2.480 mean 0.673 max age 57  (6.0s)
season 519 holistic     alive  60 births  2 deaths  2 best lifetime 2.280 mean 0.928 max age 59  season 519 conventional alive  60 births  0 deaths  0 best lifetime 2.228 mean 0.633 max age 58  (6.2s)
season 520 holistic     alive  60 births  3 deaths  3 best lifetime 2.347 mean 0.902 max age 59  season 520 conventional alive  60 births  1 deaths  1 best lifetime 2.076 mean 0.594 max age 59  (6.1s)
season 521 holistic     alive  60 births  2 deaths  2 best lifetime 2.702 mean 0.917 max age 59  season 521 conventional alive  60 births  2 deaths  2 best lifetime 2.500 mean 0.629 max age 59  (6.3s)
season 522 holistic     alive  60 births  2 deaths  2 best lifetime 2.902 mean 0.955 max age 59  season 522 conventional alive  60 births  2 deaths  2 best lifetime 1.985 mean 0.681 max age 57  (6.1s)
season 523 holistic     alive  60 births  4 deaths  4 best lifetime 3.151 mean 0.968 max age 57  season 523 conventional alive  60 births  0 deaths  0 best lifetime 2.401 mean 0.651 max age 58  (6.2s)
season 524 holistic     alive  60 births  0 deaths  0 best lifetime 3.055 mean 0.938 max age 58  season 524 conventional alive  60 births  1 deaths  1 best lifetime 2.944 mean 0.653 max age 59  (6.0s)
season 525 holistic     alive  60 births  1 deaths  1 best lifetime 2.901 mean 0.952 max age 59  season 525 conventional alive  60 births  2 deaths  2 best lifetime 2.451 mean 0.594 max age 59  (6.0s)
WARNING: Nan, Inf or huge value in QACC at DOF 0. The simulation is unstable. Time = 11.0000.

season 526 holistic     alive  60 births  4 deaths  4 best lifetime 2.768 mean 0.887 max age 59  season 526 conventional alive  60 births  3 deaths  3 best lifetime 2.704 mean 0.624 max age 56  (6.2s)
season 527 holistic     alive  60 births  3 deaths  3 best lifetime 2.926 mean 0.919 max age 59  season 527 conventional alive  60 births  1 deaths  1 best lifetime 3.287 mean 0.666 max age 57  (5.9s)
season 528 holistic     alive  60 births  3 deaths  3 best lifetime 2.725 mean 0.913 max age 59  season 528 conventional alive  60 births  0 deaths  0 best lifetime 1.787 mean 0.615 max age 58  (6.2s)
season 529 holistic     alive  60 births  4 deaths  4 best lifetime 2.756 mean 0.982 max age 59  season 529 conventional alive  60 births  1 deaths  1 best lifetime 1.592 mean 0.602 max age 59  (6.0s)
season 530 holistic     alive  60 births  2 deaths  2 best lifetime 2.884 mean 0.982 max age 59  season 530 conventional alive  60 births  2 deaths  2 best lifetime 1.582 mean 0.614 max age 59  (6.3s)
season 531 holistic     alive  60 births  4 deaths  4 best lifetime 2.502 mean 0.900 max age 57  season 531 conventional alive  60 births  2 deaths  2 best lifetime 1.460 mean 0.595 max age 59  (6.1s)
season 532 holistic     alive  60 births  0 deaths  0 best lifetime 2.473 mean 0.924 max age 58  season 532 conventional alive  60 births  1 deaths  1 best lifetime 1.615 mean 0.578 max age 58  (6.4s)
WARNING: Nan, Inf or huge value in QACC at DOF 30. The simulation is unstable. Time = 7.3000.

season 533 holistic     alive  60 births  1 deaths  1 best lifetime 2.447 mean 0.993 max age 59  season 533 conventional alive  60 births  1 deaths  1 best lifetime 2.366 mean 0.627 max age 59  (6.2s)
season 534 holistic     alive  60 births  1 deaths  1 best lifetime 2.382 mean 0.978 max age 57  season 534 conventional alive  60 births  5 deaths  5 best lifetime 1.117 mean 0.532 max age 59  (6.4s)
season 535 holistic     alive  60 births  0 deaths  0 best lifetime 2.362 mean 0.972 max age 58  season 535 conventional alive  60 births  2 deaths  2 best lifetime 1.701 mean 0.565 max age 59  (6.1s)
season 536 holistic     alive  60 births  2 deaths  2 best lifetime 2.304 mean 0.969 max age 59  season 536 conventional alive  60 births  3 deaths  3 best lifetime 1.366 mean 0.519 max age 55  (6.2s)
season 537 holistic     alive  60 births  1 deaths  1 best lifetime 2.288 mean 0.938 max age 59  season 537 conventional alive  60 births  1 deaths  1 best lifetime 1.562 mean 0.600 max age 56  (6.2s)
season 538 holistic     alive  60 births  4 deaths  4 best lifetime 2.385 mean 0.901 max age 58  season 538 conventional alive  60 births  2 deaths  2 best lifetime 1.048 mean 0.555 max age 57  (6.0s)
season 539 holistic     alive  60 births  0 deaths  0 best lifetime 2.368 mean 0.975 max age 59  season 539 conventional alive  60 births  1 deaths  1 best lifetime 1.578 mean 0.622 max age 58  (6.5s)
WARNING: Nan, Inf or huge value in QACC at DOF 30. The simulation is unstable. Time = 9.1350.

season 540 holistic     alive  60 births  3 deaths  3 best lifetime 2.420 mean 0.932 max age 57  season 540 conventional alive  60 births  1 deaths  1 best lifetime 1.574 mean 0.627 max age 59  (6.3s)
WARNING: Nan, Inf or huge value in QACC at DOF 3. The simulation is unstable. Time = 6.3450.

season 541 holistic     alive  60 births  0 deaths  0 best lifetime 3.833 mean 0.992 max age 58  season 541 conventional alive  60 births  3 deaths  3 best lifetime 2.550 mean 0.666 max age 59  (6.3s)
WARNING: Nan, Inf or huge value in QACC at DOF 3. The simulation is unstable. Time = 4.4600.

season 542 holistic     alive  60 births  0 deaths  0 best lifetime 2.451 mean 0.960 max age 59  season 542 conventional alive  60 births  1 deaths  1 best lifetime 1.586 mean 0.624 max age 56  (6.3s)
season 543 holistic     alive  60 births  1 deaths  1 best lifetime 2.578 mean 0.976 max age 58  season 543 conventional alive  60 births  1 deaths  1 best lifetime 2.240 mean 0.687 max age 57  (6.4s)
season 544 holistic     alive  60 births  1 deaths  1 best lifetime 2.661 mean 0.965 max age 59  season 544 conventional alive  60 births  1 deaths  1 best lifetime 2.734 mean 0.701 max age 58  (6.5s)
season 545 holistic     alive  60 births  3 deaths  3 best lifetime 2.668 mean 0.907 max age 59  season 545 conventional alive  60 births  0 deaths  0 best lifetime 2.235 mean 0.712 max age 59  (6.3s)
season 546 holistic     alive  60 births  1 deaths  1 best lifetime 2.646 mean 0.939 max age 55  season 546 conventional alive  60 births  1 deaths  1 best lifetime 1.935 mean 0.707 max age 58  (6.4s)
season 547 holistic     alive  60 births  0 deaths  0 best lifetime 2.999 mean 0.951 max age 56  season 547 conventional alive  60 births  1 deaths  1 best lifetime 1.523 mean 0.668 max age 59  (6.4s)
WARNING: Nan, Inf or huge value in QACC at DOF 0. The simulation is unstable. Time = 10.3750.

WARNING: Nan, Inf or huge value in QACC at DOF 30. The simulation is unstable. Time = 5.1350.

season 548 holistic     alive  60 births  1 deaths  1 best lifetime 2.714 mean 0.938 max age 57  season 548 conventional alive  60 births  2 deaths  2 best lifetime 1.482 mean 0.638 max age 59  (6.2s)
season 549 holistic     alive  60 births  1 deaths  1 best lifetime 2.640 mean 0.950 max age 58  season 549 conventional alive  60 births  1 deaths  1 best lifetime 1.518 mean 0.675 max age 58  (6.4s)
season 550 holistic     alive  60 births  1 deaths  1 best lifetime 2.595 mean 0.912 max age 59  season 550 conventional alive  60 births  0 deaths  0 best lifetime 1.148 mean 0.639 max age 59  (6.2s)
season 551 holistic     alive  60 births  2 deaths  2 best lifetime 2.578 mean 0.946 max age 59  season 551 conventional alive  60 births  4 deaths  4 best lifetime 1.133 mean 0.596 max age 58  (6.2s)
season 552 holistic     alive  60 births  2 deaths  2 best lifetime 2.513 mean 0.932 max age 59  season 552 conventional alive  60 births  1 deaths  1 best lifetime 1.353 mean 0.625 max age 59  (6.3s)
season 553 holistic     alive  60 births  2 deaths  2 best lifetime 2.498 mean 0.906 max age 59  season 553 conventional alive  60 births  3 deaths  3 best lifetime 2.339 mean 0.641 max age 59  (6.3s)
season 554 holistic     alive  60 births  1 deaths  1 best lifetime 2.438 mean 0.889 max age 59  season 554 conventional alive  60 births  5 deaths  5 best lifetime 1.503 mean 0.562 max age 58  (6.5s)
season 555 holistic     alive  60 births  1 deaths  1 best lifetime 2.448 mean 0.938 max age 56  season 555 conventional alive  60 births  3 deaths  3 best lifetime 1.338 mean 0.561 max age 59  (6.4s)
season 556 holistic     alive  60 births  0 deaths  0 best lifetime 2.436 mean 0.925 max age 57  season 556 conventional alive  60 births  3 deaths  3 best lifetime 2.850 mean 0.659 max age 59  (6.5s)
season 557 holistic     alive  60 births  1 deaths  1 best lifetime 2.403 mean 0.936 max age 58  season 557 conventional alive  60 births  4 deaths  4 best lifetime 2.430 mean 0.618 max age 59  (6.4s)
season 558 holistic     alive  60 births  0 deaths  0 best lifetime 2.413 mean 0.943 max age 59  season 558 conventional alive  60 births  4 deaths  4 best lifetime 5.533 mean 0.690 max age 58  (6.3s)
season 559 holistic     alive  60 births  1 deaths  1 best lifetime 2.382 mean 0.908 max age 58  season 559 conventional alive  60 births  1 deaths  1 best lifetime 2.516 mean 0.609 max age 59  (6.4s)
season 560 holistic     alive  60 births  0 deaths  0 best lifetime 2.357 mean 0.917 max age 59  season 560 conventional alive  60 births  5 deaths  5 best lifetime 1.866 mean 0.567 max age 59  (6.3s)
season 561 holistic     alive  60 births  2 deaths  2 best lifetime 2.402 mean 0.902 max age 58  season 561 conventional alive  60 births  3 deaths  3 best lifetime 1.271 mean 0.523 max age 58  (6.5s)
season 562 holistic     alive  60 births  1 deaths  1 best lifetime 2.392 mean 0.906 max age 59  season 562 conventional alive  60 births  1 deaths  1 best lifetime 1.086 mean 0.536 max age 59  (6.3s)
season 563 holistic     alive  60 births  1 deaths  1 best lifetime 2.364 mean 0.887 max age 58  season 563 conventional alive  60 births  1 deaths  1 best lifetime 4.207 mean 0.676 max age 59  (6.3s)
season 564 holistic     alive  60 births  0 deaths  0 best lifetime 2.355 mean 0.937 max age 59  season 564 conventional alive  60 births  4 deaths  4 best lifetime 2.702 mean 0.596 max age 58  (6.4s)
season 565 holistic     alive  60 births  3 deaths  3 best lifetime 2.384 mean 0.890 max age 58  season 565 conventional alive  60 births  2 deaths  2 best lifetime 2.593 mean 0.740 max age 59  (6.4s)
season 566 holistic     alive  60 births  0 deaths  0 best lifetime 2.393 mean 0.894 max age 59  season 566 conventional alive  60 births  1 deaths  1 best lifetime 2.398 mean 0.659 max age 59  (6.4s)
season 567 holistic     alive  60 births  1 deaths  1 best lifetime 2.438 mean 0.895 max age 59  season 567 conventional alive  60 births  2 deaths  2 best lifetime 2.247 mean 0.673 max age 59  (6.3s)
season 568 holistic     alive  60 births  1 deaths  1 best lifetime 2.428 mean 0.892 max age 58  season 568 conventional alive  60 births  2 deaths  2 best lifetime 2.320 mean 0.752 max age 58  (6.4s)
season 569 holistic     alive  60 births  2 deaths  2 best lifetime 2.436 mean 0.903 max age 59  season 569 conventional alive  60 births  0 deaths  0 best lifetime 1.721 mean 0.717 max age 59  (6.4s)
season 570 holistic     alive  60 births  2 deaths  2 best lifetime 2.427 mean 0.899 max age 59  season 570 conventional alive  60 births  6 deaths  6 best lifetime 1.592 mean 0.667 max age 58  (6.4s)
season 571 holistic     alive  60 births  4 deaths  4 best lifetime 2.256 mean 0.821 max age 58  season 571 conventional alive  60 births  1 deaths  1 best lifetime 1.661 mean 0.609 max age 59  (6.4s)
WARNING: Nan, Inf or huge value in QACC at DOF 0. The simulation is unstable. Time = 5.0000.

season 572 holistic     alive  60 births  0 deaths  0 best lifetime 2.209 mean 0.864 max age 59  season 572 conventional alive  60 births  5 deaths  5 best lifetime 1.464 mean 0.644 max age 59  (6.4s)
season 573 holistic     alive  60 births  4 deaths  4 best lifetime 2.926 mean 0.862 max age 57  season 573 conventional alive  60 births  2 deaths  2 best lifetime 1.315 mean 0.633 max age 58  (6.3s)
season 574 holistic     alive  60 births  0 deaths  0 best lifetime 2.255 mean 0.880 max age 58  season 574 conventional alive  60 births  1 deaths  1 best lifetime 1.572 mean 0.643 max age 59  (6.4s)
season 575 holistic     alive  60 births  2 deaths  2 best lifetime 2.136 mean 0.902 max age 59  season 575 conventional alive  60 births  2 deaths  2 best lifetime 1.462 mean 0.601 max age 55  (6.3s)
season 576 holistic     alive  60 births  1 deaths  1 best lifetime 2.161 mean 0.932 max age 59  season 576 conventional alive  60 births  1 deaths  1 best lifetime 1.431 mean 0.724 max age 56  (6.3s)
season 577 holistic     alive  60 births  5 deaths  5 best lifetime 2.423 mean 0.912 max age 57  season 577 conventional alive  60 births  0 deaths  0 best lifetime 1.293 mean 0.675 max age 57  (6.4s)
WARNING: Nan, Inf or huge value in QACC at DOF 0. The simulation is unstable. Time = 7.0850.

season 578 holistic     alive  60 births  0 deaths  0 best lifetime 2.590 mean 0.985 max age 58  season 578 conventional alive  60 births  2 deaths  2 best lifetime 1.370 mean 0.675 max age 58  (6.3s)
season 579 holistic     alive  60 births  0 deaths  0 best lifetime 2.424 mean 0.979 max age 59  season 579 conventional alive  60 births  0 deaths  0 best lifetime 1.314 mean 0.654 max age 59  (6.6s)
season 580 holistic     alive  60 births  3 deaths  3 best lifetime 2.483 mean 0.928 max age 59  season 580 conventional alive  60 births  2 deaths  2 best lifetime 1.274 mean 0.666 max age 59  (6.4s)
season 581 holistic     alive  60 births  3 deaths  3 best lifetime 3.687 mean 0.948 max age 59  season 581 conventional alive  60 births  1 deaths  1 best lifetime 1.340 mean 0.633 max age 59  (6.4s)
season 582 holistic     alive  60 births  2 deaths  2 best lifetime 6.662 mean 1.020 max age 59  season 582 conventional alive  60 births  1 deaths  1 best lifetime 2.554 mean 0.686 max age 53  (6.5s)
season 583 holistic     alive  60 births  2 deaths  2 best lifetime 4.174 mean 0.947 max age 57  season 583 conventional alive  60 births  0 deaths  0 best lifetime 1.373 mean 0.666 max age 54  (6.7s)
season 584 holistic     alive  60 births  0 deaths  0 best lifetime 2.667 mean 0.970 max age 58  season 584 conventional alive  60 births  3 deaths  3 best lifetime 1.374 mean 0.645 max age 55  (6.4s)
season 585 holistic     alive  60 births  1 deaths  1 best lifetime 2.920 mean 0.950 max age 59  season 585 conventional alive  60 births  0 deaths  0 best lifetime 1.571 mean 0.700 max age 56  (6.4s)
season 586 holistic     alive  60 births  3 deaths  3 best lifetime 2.472 mean 0.902 max age 59  season 586 conventional alive  60 births  0 deaths  0 best lifetime 1.770 mean 0.733 max age 57  (6.4s)
WARNING: Nan, Inf or huge value in QACC at DOF 30. The simulation is unstable. Time = 14.1450.

season 587 holistic     alive  60 births  1 deaths  1 best lifetime 2.507 mean 0.900 max age 59  season 587 conventional alive  60 births  0 deaths  0 best lifetime 1.562 mean 0.756 max age 58  (6.6s)
season 588 holistic     alive  60 births  3 deaths  3 best lifetime 2.530 mean 0.861 max age 59  season 588 conventional alive  60 births  0 deaths  0 best lifetime 1.457 mean 0.728 max age 59  (6.2s)
WARNING: Nan, Inf or huge value in QACC at DOF 0. The simulation is unstable. Time = 9.1150.

season 589 holistic     alive  60 births  2 deaths  2 best lifetime 2.862 mean 0.831 max age 59  season 589 conventional alive  60 births  2 deaths  2 best lifetime 1.373 mean 0.718 max age 59  (6.1s)
season 590 holistic     alive  60 births  3 deaths  3 best lifetime 2.450 mean 0.807 max age 59  season 590 conventional alive  60 births  1 deaths  1 best lifetime 1.374 mean 0.703 max age 59  (6.2s)
season 591 holistic     alive  60 births  3 deaths  3 best lifetime 2.474 mean 0.796 max age 54  season 591 conventional alive  60 births  1 deaths  1 best lifetime 1.337 mean 0.683 max age 59  (6.5s)
season 592 holistic     alive  60 births  2 deaths  2 best lifetime 2.931 mean 0.880 max age 55  season 592 conventional alive  60 births  2 deaths  2 best lifetime 1.373 mean 0.674 max age 58  (6.2s)
season 593 holistic     alive  60 births  2 deaths  2 best lifetime 2.396 mean 0.926 max age 56  season 593 conventional alive  60 births  0 deaths  0 best lifetime 1.519 mean 0.716 max age 59  (6.2s)
season 594 holistic     alive  60 births  2 deaths  2 best lifetime 2.222 mean 0.929 max age 57  season 594 conventional alive  60 births  3 deaths  3 best lifetime 1.827 mean 0.709 max age 58  (6.2s)
season 595 holistic     alive  60 births  0 deaths  0 best lifetime 2.397 mean 0.912 max age 58  season 595 conventional alive  60 births  0 deaths  0 best lifetime 1.741 mean 0.713 max age 59  (6.5s)
season 596 holistic     alive  60 births  0 deaths  0 best lifetime 1.939 mean 0.885 max age 59  season 596 conventional alive  60 births  3 deaths  3 best lifetime 1.485 mean 0.672 max age 58  (6.6s)
season 597 holistic     alive  60 births  1 deaths  1 best lifetime 2.008 mean 0.875 max age 59  season 597 conventional alive  60 births  1 deaths  1 best lifetime 2.421 mean 0.711 max age 59  (6.6s)
season 598 holistic     alive  60 births  4 deaths  4 best lifetime 2.033 mean 0.804 max age 58  season 598 conventional alive  60 births  2 deaths  2 best lifetime 1.348 mean 0.644 max age 57  (6.5s)
season 599 holistic     alive  60 births  1 deaths  1 best lifetime 2.014 mean 0.854 max age 59  season 599 conventional alive  60 births  0 deaths  0 best lifetime 1.368 mean 0.693 max age 58  (6.6s)
results in runs/RBT-23/W4b-801/history.json
