population	name	born	g1	g2	n1	n2	ns	g2_contact	g2_height	g2_up	g2_joint	g1_other	g1_vel
holistic	h0-0	-17	0	0	0	0	0	0	0	0	0	0	0
holistic	h0-1	-34	0	0.074608	0	2	3	0	0.074608	0	0	0	0
holistic	h0-2	-12	0.435461	1.478089	1	2	1	0	1.478089	0	0	0	0
holistic	h0-3	-38	0	0	0	0	1	0	0	0	0	0	0
holistic	h0-4	-15	0	0	0	0	0	0	0	0	0	0	0
holistic	h0-5	-21	0.490328	7.500102	1	6	6	0	0	7.500102	0	0.316330	0
holistic	h0-6	-54	0.615406	0.615406	1	1	1	0	0	0	0.615406	0	0
holistic	h0-7	-27	0.679615	3.661271	1	2	3	0	0	0	3.661271	0	0
holistic	h0-8	-46	0	0	0	0	0	0	0	0	0	0	0
holistic	h0-9	-49	0	0	0	0	0	0	0	0	0	0	0
holistic	h0-10	-53	0	2.928828	0	2	2	0	0	0	2.928828	0	0
holistic	h0-11	-55	4.963614	64.778600	4	44	10	0	0	40.990774	23.787826	0	0
holistic	h0-12	-30	0	0	0	0	1	0	0	0	0	0	0
holistic	h0-13	-58	0.005074	0.380411	1	2	1	0	0	0	0.380411	0	0
holistic	h0-14	-34	0	0	0	0	2	0	0	0	0	0.223046	0
holistic	h0-15	-27	0	0	0	0	0	0	0	0	0	0	0
holistic	h0-16	-5	1.579288	2.087918	1	2	2	2.000154	0	0	0.087764	0	0
holistic	h0-17	-16	0	0	0	0	0	0	0	0	0	0	0
holistic	h0-18	-10	0	0	0	0	4	0	0	0	0	0	0
holistic	h0-19	-2	0	0	0	0	2	0	0	0	0	0	0
holistic	h0-20	-42	2.691522	23.570793	3	33	6	0	5.037846	0	18.532947	0	1.929747
holistic	h0-21	-20	0	0	0	0	1	0	0	0	0	0	0
holistic	h0-22	-27	0	0	0	0	10	0	0	0	0	0	0
holistic	h0-23	-55	0	0	0	0	0	0	0	0	0	0	5.975260
holistic	h0-24	-43	0	0	0	0	0	0	0	0	0	0	0.820386
holistic	h0-25	-38	0	0	0	0	0	0	0	0	0	0	0
holistic	h0-26	-52	1.650350	5.840754	2	4	3	0	3.457669	0	2.383085	0	0
holistic	h0-27	-51	1.483855	2.009895	1	1	8	0	0	0	2.009895	0	0
holistic	h0-28	-55	0	0	0	0	0	0	0	0	0	0	0
holistic	h0-29	-48	0.204550	2.775862	2	6	10	0	2.571312	0	0.204550	0	0
holistic	h0-30	-18	1.412649	4.739473	3	6	5	0	0	4.739473	0	0	0
holistic	h0-31	-53	0	5.425512	0	8	4	0	5.425512	0	0	1.910414	0.227092
holistic	h0-32	-42	0	0	0	0	0	0	0	0	0	0	0
holistic	h0-33	-50	0	0	0	0	3	0	0	0	0	0	0
holistic	h0-34	-3	2.522536	6.611814	3	4	4	0	2.440168	4.171646	0	0	0
holistic	h0-35	-7	0.959792	0.894412	4	4	7	0.894412	0	0	0	0	0
holistic	h0-36	-17	0.468098	0.927241	1	1	3	0.927241	0	0	0	0	0
holistic	h0-37	-34	1.396220	3.988558	2	6	2	0	0	0	3.988558	0	0
holistic	h0-38	-25	0	38.978232	0	32	8	7.786056	13.848012	0	17.344164	0	0
holistic	h0-39	-24	0	0	0	0	0	0	0	0	0	0	0
holistic	h0-40	-5	0	0	0	0	1	0	0	0	0	0	0
holistic	h0-41	-32	3.747504	38.940932	6	46	18	0	0	7.974968	30.965964	0.505542	0
holistic	h0-42	-3	0	0.495975	0	2	3	0.495975	0	0	0	1.100152	0
holistic	h0-43	-17	0	0	0	0	3	0	0	0	0	0	0
holistic	h0-44	-29	0	1.548189	0	3	1	0	1.548189	0	0	0	0
holistic	h0-45	-17	0	0.309983	0	5	8	0	0	0.250721	0.059262	0.591429	0
holistic	h0-46	-26	0	0	0	0	0	0	0	0	0	0	0.603555
holistic	h0-47	-4	0.614514	4.215420	2	2	2	0	4.215420	0	0	0	0
holistic	h0-48	-58	1.621794	3.654947	2	4	2	1.275221	0	0	2.379726	0	0
holistic	h0-49	-9	0	0	0	0	0	0	0	0	0	0	0
holistic	h0-50	-39	0	0	0	0	0	0	0	0	0	0	0
holistic	h0-51	-15	0	0	0	0	0	0	0	0	0	0	0
holistic	h0-52	-54	0	7.861984	0	10	5	0	7.015380	0	0.846604	0	0
holistic	h0-53	-4	0	0	0	0	1	0	0	0	0	0	0
holistic	h0-54	-4	10.813360	19.439977	9	13	6	4.742587	14.503194	0	0.194196	0.636570	0
holistic	h0-55	-3	2.042415	6.241356	1	2	2	0	0	0	6.241356	0.393612	0
holistic	h0-56	-40	0	4.305834	0	12	9	0	0	4.305834	0	1.391492	0
holistic	h0-57	-19	0	0.337732	0	2	4	0	0.337732	0	0	0	0
holistic	h0-58	-17	2.455158	2.283748	4	5	8	0	0.064564	2.219184	0	0	0
holistic	h0-59	-47	3.606222	72.499362	6	72	6	0	0	0	72.499362	0	0
conventional	c0-0	-58	0	13.536579	0	14	7	1.923169	2.024074	6.887126	2.702210	0	0
conventional	c0-2	-55	0	26.074183	0	14	7	2.536920	1.263365	10.654904	11.618994	0	0
conventional	c0-3	-16	0	16.150198	0	14	7	1.677246	4.266888	6.986946	3.219118	0	0
conventional	c0-4	-17	0	35.018378	0	14	7	6.464130	1.901197	16.268415	10.384636	0	0
conventional	c0-5	-41	0	27.951466	0	14	7	1.448908	4.077065	14.352377	8.073116	0	0
conventional	c0-6	-14	0	36.163934	0	14	7	3.464731	3.535330	17.382247	11.781626	0	0
conventional	c0-7	-17	0	32.434672	0	14	7	8.841355	0.961741	11.792607	10.838969	0	0
conventional	c0-8	-35	0	34.398646	0	14	7	2.467037	6.971003	14.435665	10.524941	0	0
conventional	c0-9	-16	0	24.280834	0	14	7	0.917672	4.500813	10.415495	8.446854	0	0
conventional	c0-10	-41	0	22.676904	0	14	7	4.363706	1.146394	9.720384	7.446420	0	0
conventional	c0-11	-22	0	26.414811	0	14	7	5.812779	3.520940	7.684467	9.396625	0	0
conventional	c0-12	-17	0	26.612278	0	14	7	1.416476	3.717193	8.908621	12.569988	0	0
conventional	c0-13	-10	0	30.592904	0	14	7	6.421995	5.057035	14.295219	4.818655	0	0
conventional	c0-14	-58	0	29.372727	0	14	7	7.480085	1.517266	13.083313	7.292063	0	0
conventional	c0-15	-43	0	22.617312	0	14	7	2.847616	4.557991	7.148841	8.062864	0	0
conventional	c0-16	-49	0	35.312808	0	14	7	1.980533	4.711195	15.108099	13.512981	0	0
conventional	c0-17	-20	0	31.628350	0	14	7	4.869655	1.839724	10.796146	14.122825	0	0
conventional	c0-18	-34	0	30.516312	0	14	7	8.445097	2.982028	15.920697	3.168490	0	0
conventional	c0-19	-48	0	39.308031	0	14	7	8.288609	8.024452	12.686324	10.308646	0	0
conventional	c0-20	-31	0	19.874866	0	14	7	4.839536	4.181663	4.795158	6.058509	0	0
conventional	c0-21	-58	0	19.287224	0	14	7	1.634665	1.542375	8.250909	7.859275	0	0
conventional	c0-22	-17	0	28.730928	0	14	7	5.122135	4.910411	10.595498	8.102884	0	0
conventional	c0-23	-51	0	25.378463	0	14	7	2.649803	1.631737	12.834178	8.262745	0	0
conventional	c0-24	-10	0	18.698525	0	14	7	2.231521	1.482851	7.756460	7.227693	0	0
conventional	c0-25	-55	0	37.280543	0	14	7	3.262556	3.345475	24.685729	5.986783	0	0
conventional	c0-26	-38	0	26.471701	0	14	7	2.904702	2.525426	8.573135	12.468438	0	0
conventional	c0-27	-19	0	34.942371	0	14	7	5.000169	4.000717	17.868281	8.073204	0	0
conventional	c0-28	-57	0	17.522905	0	14	7	0.102645	2.436557	10.833141	4.150562	0	0
conventional	c0-29	-8	0	35.103718	0	14	7	3.267163	5.343175	14.858438	11.634942	0	0
conventional	c0-30	-59	0	31.993496	0	14	7	3.648166	7.979498	9.388662	10.977170	0	0
conventional	c0-31	-4	0	32.517985	0	14	7	7.472757	6.900417	14.334472	3.810339	0	0
conventional	c0-32	-27	0	26.142399	0	14	7	8.031404	1.521225	10.865617	5.724153	0	0
conventional	c0-33	-33	0	20.283702	0	14	7	3.383834	5.612713	5.373612	5.913543	0	0
conventional	c0-34	-55	0	22.052028	0	14	7	4.364509	2.675621	9.343953	5.667945	0	0
conventional	c0-35	-21	0	27.355008	0	14	7	9.747228	2.444977	12.899788	2.263015	0	0
conventional	c0-36	-5	0	34.093337	0	14	7	4.848303	9.318609	10.474248	9.452177	0	0
conventional	c0-37	-45	0	15.939862	0	14	7	2.625877	0.639835	5.384177	7.289973	0	0
conventional	c0-38	-32	0	13.854806	0	14	7	1.944722	1.460071	6.374490	4.075523	0	0
conventional	c0-39	-38	0	10.944727	0	14	7	1.803782	2.637643	2.996347	3.506955	0	0
conventional	c0-40	-7	0	22.320589	0	14	7	3.508620	5.485440	6.470532	6.855997	0	0
conventional	c0-41	-28	0	29.875465	0	14	7	3.779123	1.346530	12.918761	11.831051	0	0
conventional	c0-42	-27	0	24.106104	0	14	7	2.155522	1.615981	9.906112	10.428489	0	0
conventional	c0-43	-38	0	23.495993	0	14	7	1.558012	3.120038	9.424097	9.393846	0	0
conventional	c0-44	-36	0	11.342790	0	14	7	1.223550	0.252591	6.785770	3.080879	0	0
conventional	c0-45	-48	0	32.664615	0	14	7	4.980512	3.102664	17.244325	7.337114	0	0
conventional	c0-46	-24	0	32.806514	0	14	7	2.175490	1.628020	18.140415	10.862589	0	0
conventional	c0-47	-56	0	17.948040	0	14	7	0.763519	3.790388	5.293441	8.100692	0	0
conventional	c0-48	-5	0	20.332283	0	14	7	2.101763	1.360878	11.307761	5.561881	0	0
conventional	c0-49	-10	0	29.314504	0	14	7	4.331905	4.735573	12.736627	7.510399	0	0
conventional	c0-50	-1	0	23.084593	0	14	7	5.316298	2.000023	8.503090	7.265182	0	0
conventional	c0-51	-17	0	22.407233	0	14	7	2.954960	1.599452	13.355548	4.497273	0	0
conventional	c0-52	-42	0	17.307266	0	14	7	4.714916	0.675630	3.822782	8.093938	0	0
conventional	c0-53	-1	0	25.430669	0	14	7	1.327657	0.850019	18.021223	5.231770	0	0
conventional	c0-54	-41	0	20.525612	0	14	7	2.654751	3.081562	9.178482	5.610817	0	0
conventional	c0-55	-1	0	26.530100	0	14	7	7.379254	6.840826	8.705525	3.604495	0	0
conventional	c0-56	-28	0	8.902543	0	14	7	0.420133	1.286916	4.380315	2.815179	0	0
conventional	c0-57	-33	0	24.226683	0	14	7	6.263600	4.444316	5.287714	8.231053	0	0
conventional	c0-58	-25	0	37.713628	0	14	7	3.500321	9.107958	13.363436	11.741913	0	0
conventional	c0-59	-21	0	14.470591	0	14	7	1.622637	1.749647	9.119350	1.978957	0	0
conventional	ce61	0	0	19.476920	0	14	7	1.260759	3.905304	9.838514	4.472343	0	0
conventional	ce62	1	0	30.178937	0	14	7	7.512189	0.764518	14.313597	7.588633	0	0
holistic	he61	2	0	7.861984	0	10	5	0	7.015380	0	0.846604	0	0
holistic	he62	2	1.650350	5.850369	2	4	3	0	3.467284	0	2.383085	0	0
conventional	ce63	2	0	33.815630	0	14	7	2.496975	8.147259	13.069817	10.101579	0	0
conventional	ce64	2	0	29.128456	0	14	7	4.539701	1.198819	11.831063	11.558873	0	0
conventional	ce65	2	0	32.382591	0	14	7	5.220493	2.043993	11.208959	13.909146	0	0
conventional	ce66	2	0	32.104030	0	14	7	4.712503	6.352511	14.694683	6.344333	0	0
conventional	ce67	2	0	24.691720	0	14	7	1.400719	4.253430	9.407532	9.630039	0	0
conventional	ce68	2	0	26.319328	0	14	7	4.905327	5.850235	8.515843	7.047923	0	0
conventional	ce69	2	0	36.325507	0	14	7	4.586798	3.272013	19.775185	8.691511	0	0
conventional	ce70	2	0	26.385382	0	14	7	4.542660	2.158034	11.544758	8.139930	2.068555	0
conventional	ce71	2	1.433441	14.267292	1	14	7	1.580590	3.129212	5.484668	4.072822	0	0
conventional	ce72	2	0	14.401636	0	14	7	1.148481	1.238184	8.195872	3.819099	0	0
holistic	he63	3	0	0	0	0	3	0	0	0	0	0	0
conventional	ce73	3	0	15.243942	0	14	7	2.929552	0.669786	4.577148	7.067456	0.720082	0
conventional	ce74	3	0	22.315900	0	14	7	4.862278	1.520922	8.745672	7.187028	0	0
conventional	ce75	3	0	19.552472	0	14	7	3.398702	1.667266	7.984515	6.501989	0	0
conventional	ce76	3	0	31.643606	0	14	7	4.913256	4.568276	14.416514	7.745560	0	0
conventional	ce77	3	0	47.328169	0	14	7	5.688690	6.825973	18.548271	16.265235	0	0
conventional	ce78	3	0	19.873098	0	14	7	4.199009	4.403335	5.178448	6.092306	0	0
conventional	ce79	3	0	32.602189	0	14	7	4.543625	6.592669	11.639771	9.826124	0	0
conventional	ce80	3	0	26.492356	0	14	7	3.483653	1.315305	15.184113	6.509285	0	0
conventional	ce81	4	0	23.976370	0	14	7	4.463431	1.301311	11.103052	7.108576	0.400751	0
conventional	ce82	4	0	20.152871	0	14	7	2.480130	1.470366	13.094071	3.108304	0	0
conventional	ce83	4	0	27.621806	0	14	7	4.295586	1.814010	10.905179	10.607031	0	0
holistic	he64	5	2.272855	6.708379	3	4	4	0	2.628878	4.079501	0	0	0
holistic	he65	5	0	0	0	0	0	0	0	0	0	0	0
holistic	he66	5	1.483855	2.009895	1	1	8	0	0	0	2.009895	0	0
conventional	ce84	5	0	26.573877	0	14	7	2.926598	5.155490	12.271733	6.220056	0	0
conventional	ce85	5	0	34.989046	0	14	7	11.128706	3.094598	17.375520	3.390222	0	0
conventional	ce86	5	0	18.085394	0	14	7	1.887021	3.101138	7.644455	5.452780	0	0
conventional	ce87	5	0	50.441193	0	14	7	6.675059	7.768165	18.929375	17.068594	1.686727	0
conventional	ce88	5	0	33.102015	0	14	7	2.093536	9.134179	14.949229	6.925071	0	0
conventional	ce89	5	0	25.780389	0	14	7	3.815232	3.461694	10.060691	8.442772	2.068555	0
conventional	ce90	5	0	33.636234	0	14	7	4.079394	6.139295	13.636703	9.780842	0	0
conventional	ce91	5	0	23.019213	0	14	7	4.179288	1.700335	13.082702	4.056888	0	0
conventional	ce92	5	0	23.391820	0	14	7	1.154280	4.247086	11.268302	6.722152	0	0
conventional	ce93	5	0	30.666121	0	14	7	5.297167	5.140832	11.126127	9.101995	0	0
conventional	ce94	5	0	27.244120	0	14	7	3.756370	4.479285	10.963365	8.045100	0	0
holistic	he67	6	0.435461	1.487701	1	2	1	0	1.487701	0	0	0	0
holistic	he68	6	0	0	0	0	0	0	0	0	0	0	0
holistic	he69	6	0	0	0	0	4	0	0	0	0	0	0
conventional	ce95	6	1.374599	29.430849	1	14	7	3.931421	1.457373	11.849937	12.192118	0	0
conventional	ce96	6	0	19.843575	0	14	7	1.939960	1.318225	10.779093	5.806297	0.400751	0
conventional	ce97	6	0	22.115470	0	14	7	1.609465	0.987713	8.565914	10.952378	0	0
holistic	he70	7	0.786594	3.296846	1	2	3	0	0	0	3.296846	0	0
holistic	he71	7	8.984921	35.441243	7	27	8	0	0	30.845352	4.595891	2.431480	0
holistic	he72	7	0.435461	0.819800	1	2	1	0	0.819800	0	0	0	0
conventional	ce98	7	0	24.368178	0	14	7	3.427681	1.928282	9.627292	9.384923	0.400751	0
holistic	he73	8	0	0	0	0	0	0	0	0	0	0	0
holistic	he74	8	0	0	0	0	0	0	0	0	0	0	0
holistic	he75	8	0.435461	1.585208	1	2	1	0	1.585208	0	0	0	0
conventional	ce99	8	0	19.534281	0	14	7	1.718872	2.557938	8.988364	6.269107	0	0
conventional	ce100	8	0.352783	28.512730	1	14	7	4.142221	4.182950	11.718007	8.469552	0	0
holistic	he76	9	1.483855	2.366541	1	1	12	0	0	0	2.366541	0	0
holistic	he77	9	0	0	0	0	2	0	0	0	0	0	0
conventional	ce101	9	0	32.499623	0	14	7	8.352675	2.859061	15.695520	5.592367	0	0
conventional	ce102	9	0	30.442327	0	14	7	2.011593	3.847432	16.669474	7.913828	0	0
holistic	he78	10	0.435461	0.797150	1	2	2	0	0.797150	0	0	0	0
holistic	he79	10	0.435461	1.023463	1	2	1	0	1.023463	0	0	0	0
holistic	he80	10	1.632722	2.160088	1	1	8	0	0	0	2.160088	0	0
holistic	he81	10	0	0	0	0	0	0	0	0	0	0	0
conventional	ce103	10	0	17.591722	0	14	7	1.992140	2.964542	3.504221	9.130819	0	0
conventional	ce104	10	0	25.836593	0	14	7	9.226579	2.251366	12.151889	2.206759	0	0
holistic	he82	11	0	0	0	0	3	0	0	0	0	0	0
holistic	he83	11	8.002186	34.449903	7	27	8	0	0	29.738830	4.711073	2.431480	0
holistic	he84	11	0.435461	0.374395	1	1	1	0	0.374395	0	0	0	0
holistic	he85	11	0	0	0	0	1	0	0	0	0	0	0
conventional	ce105	11	0	26.902128	0	14	7	1.686378	3.954413	13.982337	7.279000	1.946032	0
holistic	he86	12	7.434879	18.234869	7	21	8	0	0	14.037904	4.196965	2.431480	0
holistic	he87	12	0.870922	5.818714	2	8	2	0	5.818714	0	0	0	0
holistic	he88	12	0	0	0	0	0	0	0	0	0	0	0
holistic	he89	12	9.967273	33.967627	7	27	8	0	0	29.987448	3.980179	2.431480	0
conventional	ce106	12	0	29.455146	0	14	7	0.962074	4.134466	16.204543	8.154063	0	0
conventional	ce107	12	0	24.654192	0	14	7	2.234516	3.830493	13.130515	5.458668	0	0
conventional	ce108	12	0	20.596502	0	14	7	4.740225	0.986826	8.777072	6.092379	0	0
conventional	ce109	12	0	23.746338	0	14	7	2.736519	6.237589	9.083310	5.688920	0	0
holistic	he90	13	0	0	0	0	0	0	0	0	0	0	0
holistic	he91	13	0.435461	1.553100	1	2	1	0	1.553100	0	0	0	0
holistic	he92	13	0.435461	0.865359	1	2	2	0	0.865359	0	0	0	0
holistic	he93	13	0	0	0	0	0	0	0	0	0	0	0
holistic	he94	13	0	0	0	0	0	0	0	0	0	0	0
conventional	ce110	13	0	25.914144	0	14	7	2.232664	4.066521	12.681089	6.933870	0	0
conventional	ce111	13	0	16.279680	0	14	7	1.576200	0.816563	7.568404	6.318513	0	0
conventional	ce112	13	0	28.827966	0	14	7	6.665176	2.432203	11.860035	7.870552	0	0
conventional	ce113	13	0	27.737537	0	14	7	7.232425	2.265581	12.435986	5.803545	0	0
conventional	ce114	13	0	16.019247	0	14	7	3.229813	0.544310	5.087194	7.157930	0.828641	0
conventional	ce115	13	0	19.923403	0	14	7	5.445470	4.303445	4.251510	5.922978	0	0
conventional	ce116	13	0	22.460978	0	14	7	3.814147	1.743500	12.485951	4.417380	0	0
conventional	ce117	13	0	25.357581	0	14	7	4.980697	3.153479	9.845731	7.377674	0	0
holistic	he95	14	0	0	0	0	0	0	0	0	0	0	0
holistic	he96	14	2.256036	3.308116	2	2	12	0	0	0	3.308116	0	0
holistic	he97	14	0.435461	1.452596	1	2	1	0	1.452596	0	0	0.348387	0
holistic	he98	14	0.435461	0.797150	1	2	2	0	0.797150	0	0	0	0
holistic	he99	14	0	0	0	0	0	0	0	0	0	0	0
holistic	he100	14	0	0	0	0	3	0	0	0	0	0	0
conventional	ce118	14	0	25.040361	0	14	7	4.463431	2.402959	11.142775	7.031196	0.400751	0
conventional	ce119	14	0	29.383314	0	14	7	1.240248	3.042444	18.598016	6.502606	0	0
conventional	ce120	14	0	22.841140	0	14	7	2.620876	1.728792	14.436408	4.055064	0	0
conventional	ce121	14	0	24.450753	0	14	7	3.622830	1.205587	8.475791	11.146545	0	0
holistic	he101	15	0	0	0	0	0	0	0	0	0	0	0
holistic	he102	15	0	0	0	0	3	0	0	0	0	0	0
holistic	he103	15	0.584846	1.119882	1	2	1	0	1.119882	0	0	0	0
conventional	ce122	15	0	15.115526	0	14	7	0.684770	2.016772	6.156364	6.257620	0	0
conventional	ce123	15	0	29.381328	0	14	7	5.083787	5.538478	10.804599	7.954464	0	0
conventional	ce124	15	0	25.290545	0	14	7	4.583129	1.143084	12.238065	7.326267	0.400751	0
conventional	ce125	15	0	25.726288	0	14	7	2.794468	4.312093	9.848731	8.770996	0	0
conventional	ce126	15	0	21.956749	0	14	7	4.268275	2.881243	12.161577	2.645654	0.399159	0
conventional	ce127	15	0	27.445089	0	14	7	0.918374	2.265189	9.612055	14.649471	2.012869	0
conventional	ce128	15	0	35.813571	0	14	7	11.039081	3.309118	17.112228	4.353144	2.447394	0
conventional	ce129	15	0	30.121451	0	14	7	8.812880	4.387261	13.341892	3.579418	0	0
conventional	ce130	15	0	38.008787	0	14	7	6.575118	9.687573	15.444313	6.301783	0	0
holistic	he104	16	0.305213	0.682492	1	2	1	0	0.682492	0	0	0	0
holistic	he105	16	2.042415	6.530631	1	2	2	0	0	0	6.530631	0.393612	0
holistic	he106	16	0	0	0	0	3	0	0	0	0	0	0
holistic	he107	16	0	0	0	0	3	0	0	0	0	0	0
holistic	he108	16	0	0	0	0	0	0	0	0	0	0	0
holistic	he109	16	0	0	0	0	0	0	0	0	0	0	0
holistic	he110	16	0.571432	0.663472	2	4	6	0	0	0.663472	0	4.722062	0
conventional	ce131	16	0	32.831057	0	14	7	5.007383	0.694800	12.063001	15.065873	0	0
conventional	ce132	16	0	40.463040	0	14	7	11.944315	3.390449	18.304134	6.824142	2.068555	0
conventional	ce133	16	0	20.998865	0	14	7	4.208282	4.490419	7.031437	5.268727	0	0
conventional	ce134	16	1.251737	16.534127	1	14	7	2.086262	3.214684	7.537441	3.695740	0	0
conventional	ce135	16	0	18.641628	0	14	7	4.306390	4.011123	5.124507	5.199608	0	0
holistic	he111	17	0	0	0	0	3	0	0	0	0	0	0
holistic	he112	17	0.435461	0.728091	1	2	1	0	0.728091	0	0	0	0
holistic	he113	17	1.180706	0.730728	1	1	1	0	0.730728	0	0	0	0
holistic	he114	17	0.435461	4.263495	1	3	1	0	4.263495	0	0	0.343794	0
holistic	he115	17	0	0	0	0	0	0	0	0	0	0	0
holistic	he116	17	0.435461	0.018593	1	1	1	0	0.018593	0	0	0	0
conventional	ce136	17	0.680306	17.900317	1	14	7	2.832329	3.293623	8.585713	3.188652	0	0
conventional	ce137	17	0	46.327767	0	14	7	6.580423	9.932605	17.704384	12.110355	0	0
conventional	ce138	17	0	25.273790	0	14	7	3.851116	2.716177	8.987925	9.718572	0	0
holistic	he117	18	0.435461	1.251761	1	2	2	0	1.251761	0	0	0	0
holistic	he118	18	0.571432	0.663472	2	4	6	0	0	0.663472	0	4.722062	0
holistic	he119	18	0.435461	0.471898	1	1	1	0	0.471898	0	0	0	0
holistic	he120	18	0.435461	1.443996	1	2	1	0	1.443996	0	0	0	0
conventional	ce139	18	0	48.404168	0	14	7	5.273615	8.069792	19.699397	15.361364	1.686727	0
holistic	he121	19	0	0	0	0	0	0	0	0	0	0	0
holistic	he122	19	0	0	0	0	1	0	0	0	0	0	0
holistic	he123	19	0.435461	1.847071	1	2	2	0	1.847071	0	0	0	0
holistic	he124	19	0.435461	7.645563	1	8	2	0	7.645563	0	0	0.687588	0
holistic	he125	19	0.172071	1.145421	1	2	1	0	1.145421	0	0	0	0
holistic	he126	19	0	0	0	0	0	0	0	0	0	0	0
holistic	he127	19	0.571432	0.585140	2	4	6	0	0	0.585140	0	7.572118	0
holistic	he128	19	0.435461	1.443996	1	2	4	0	1.443996	0	0	0	0
holistic	he129	19	1.632722	2.160088	1	1	8	0	0	0	2.160088	0	0
conventional	ce140	19	0	18.004843	0	14	7	2.264677	1.562992	9.857090	4.320084	0.282390	0
conventional	ce141	19	0	22.198634	0	14	7	5.939187	1.645806	8.551572	6.062069	0	0
conventional	ce142	19	0	27.007182	0	14	7	4.067727	5.429719	10.996127	6.513609	0.187149	0
conventional	ce143	19	0	10.152250	0	14	7	0.274413	1.611945	4.536493	3.729399	0	0
holistic	he130	20	2.360573	7.396517	2	5	3	0	0	0	7.396517	0.296238	5.550560
holistic	he131	20	0.435461	1.165132	1	2	1	0	1.165132	0	0	0	0
holistic	he132	20	0.435461	1.454491	1	2	1	0	1.454491	0	0	0.048094	0
holistic	he133	20	0	0	0	0	0	0	0	0	0	0.216880	0
holistic	he134	20	1.096057	2.554580	2	4	6	0	0.808141	0.715800	1.030639	0	0
holistic	he135	20	0.435461	0.073772	1	1	1	0	0.073772	0	0	0	0
holistic	he136	20	3.265444	4.320176	2	2	9	0	0	0	4.320176	0	0
holistic	he137	20	9.188103	87.725669	9	73	12	0	17.639012	48.225826	21.860831	2.431480	0
holistic	he138	20	0.435461	2.045315	1	1	2	0	2.045315	0	0	0	0
holistic	he139	20	0.435461	2.257001	1	2	1	0	2.257001	0	0	0	0
holistic	he140	20	2.177033	6.121479	3	4	4	0	2.181058	3.940421	0	0	0
holistic	he141	20	0.435461	3.089597	1	3	1	0	3.089597	0	0	0	0
holistic	he142	20	0.435461	0.503153	1	1	1	0	0.503153	0	0	0	0
holistic	he143	20	0	0	0	0	0	0	0	0	0	0	0
holistic	he144	20	1.483855	1.715367	1	1	8	0	0	0	1.715367	0	0
conventional	ce144	20	0	8.643093	0	14	7	0.286920	1.986270	4.470342	1.899561	0	0
conventional	ce145	20	0	29.845273	0	14	7	8.755907	4.832048	12.532335	3.724983	0	0
conventional	ce146	20	0	26.670583	0	14	7	4.038511	3.578095	14.858488	4.195489	0.314061	0
conventional	ce147	20	0	31.609711	0	14	7	8.134930	2.826825	17.415965	3.231991	0	0
conventional	ce148	20	0	14.444313	0	14	7	2.742114	1.377281	4.972415	5.352503	0	0
conventional	ce149	20	0	30.438941	0	14	7	7.286796	6.106774	13.229395	3.815976	0	0
holistic	he145	21	1.632722	1.505054	1	1	8	0	0	0	1.505054	0	0
holistic	he146	21	4.050129	4.290334	3	3	10	0	0.270544	0	4.019790	0	0
holistic	he147	21	0.435461	0.643757	1	2	4	0	0.643757	0	0	0	0
conventional	ce150	21	0	35.728731	0	14	7	3.110073	7.305877	16.080580	9.232201	0	0
conventional	ce151	21	0	36.597962	0	14	7	3.455111	7.138739	14.150741	11.853371	0	0
conventional	ce152	21	0	20.338938	0	14	7	5.236150	5.010047	3.968567	6.124174	0	0
conventional	ce153	21	0	19.510173	0	14	7	3.569678	3.594811	6.237576	6.108108	0	0
conventional	ce154	21	0	32.795280	0	14	7	8.816678	5.625733	13.846326	4.506543	0	0
holistic	he148	22	0.435461	1.010388	1	2	1	0	1.010388	0	0	0	0
conventional	ce155	22	0	35.912413	0	14	7	10.885265	6.205903	14.664357	4.156888	0	0
holistic	he149	23	0.435461	1.888912	1	2	2	0	1.888912	0	0	0	0
holistic	he150	23	0.435461	2.023625	1	4	2	0	2.023625	0	0	1.243186	0
holistic	he151	23	1.632722	2.160088	1	1	8	0	0	0	2.160088	0	0
holistic	he152	23	4.194268	12.847098	2	4	2	0	0	0	12.847098	0.787224	0
holistic	he153	23	0	0	0	0	0	0	0	0	0	0	0
conventional	ce156	23	0	36.022499	0	14	7	3.236400	6.377198	14.923471	11.485430	0	0
holistic	he154	24	1.142864	4.690508	4	12	12	0	0	4.690508	0	9.444124	0
holistic	he155	24	0.435461	2.412818	1	1	2	0	2.412818	0	0	0	0
holistic	he156	24	0.435461	1.300302	1	2	1	0	1.300302	0	0	0	0
holistic	he157	24	0.435461	3.641876	1	3	1	0	3.641876	0	0	0.642096	0
holistic	he158	24	0	0	0	0	0	0	0	0	0	0	0
holistic	he159	24	0	0	0	0	0	0	0	0	0	0	0
holistic	he160	24	4.084830	11.705934	2	4	3	0	0	0	11.705934	0	0
conventional	ce157	24	0	27.698090	0	14	7	5.038852	2.490980	11.621320	8.546938	0	0
conventional	ce158	24	0	30.246601	0	14	7	5.273852	5.585601	11.608718	7.778430	0	0
holistic	he161	25	2.190811	6.444650	2	4	3	0	0	0	6.444650	0.296238	5.550560
conventional	ce159	25	0	26.378792	0	14	7	8.452151	5.006219	9.456177	3.464245	1.474855	0
conventional	ce160	25	0	20.730282	0	14	7	4.115227	1.682786	7.978834	6.953435	0	0
conventional	ce161	25	0	19.974646	0	14	7	2.266631	1.508798	12.246179	3.953038	0.400751	0
conventional	ce162	25	0	27.051543	0	14	7	5.711991	4.593887	11.789076	4.956589	0	0
holistic	he162	26	0.285716	0.470130	1	3	3	0	0	0.470130	0	2.361031	0
conventional	ce163	26	0	43.680284	0	14	7	10.952354	10.122235	13.593255	9.012440	0	0
conventional	ce164	26	0	21.728658	0	14	7	1.955144	4.158892	9.654161	5.960461	0	0
conventional	ce165	26	0.352783	21.695843	1	14	7	3.734414	2.566950	7.702118	7.692361	0	0
conventional	ce166	26	0.385683	26.217769	1	14	7	7.561288	5.819851	9.382528	3.454102	0	0
conventional	ce167	26	0	14.736852	0	14	7	1.185912	1.248359	8.620383	3.682198	0	0
holistic	he163	27	0	0	0	0	1	0	0	0	0	0	0
holistic	he164	27	0	0	0	0	0	0	0	0	0	0	0
holistic	he165	27	1.483855	1.483855	1	1	8	0	0	0	1.483855	0	0
holistic	he166	27	0.439575	3.039218	2	7	5	0	1.973002	1.066216	0	2.315094	0
holistic	he167	27	9.687477	36.947643	7	27	8	0	0	32.608998	4.338645	2.431480	0
conventional	ce168	27	0	55.524686	0	14	7	7.836456	9.771352	19.014559	18.902319	1.031491	0
conventional	ce169	27	0	26.580199	0	14	7	5.272889	5.616553	7.327474	8.363283	0	0
conventional	ce170	27	0	27.671032	0	14	7	10.799685	1.229981	12.013194	3.628172	0	0
holistic	he168	28	1.247763	3.832439	3	8	5	0	1.951779	1.880660	0	3.080138	0
conventional	ce171	28	0	23.694877	0	14	7	1.743660	2.843943	12.518908	6.588366	0	0
conventional	ce172	28	1.433441	14.834428	1	14	7	2.226161	3.170645	6.079022	3.358600	0	0
holistic	he169	29	0.435461	1.512870	1	2	1	0	1.512870	0	0	0.048094	0
holistic	he170	29	1.851545	5.399160	1	2	3	0	0	0	5.399160	0.393612	0
conventional	ce173	29	0	19.912805	0	14	7	3.962675	1.516036	10.950266	3.483828	0	0
conventional	ce174	29	0.680306	20.353525	1	14	7	6.836209	3.877373	8.366228	1.273715	0	0
conventional	ce175	29	0	21.801863	0	14	7	5.171450	0.970078	8.656011	7.004324	0	0
holistic	he171	30	0	0	0	0	0	0	0	0	0	0	0
holistic	he172	30	0.435461	0.451478	1	1	1	0	0.451478	0	0	0	0
holistic	he173	31	0.334098	1.668604	1	2	1	0	1.668604	0	0	0	0
holistic	he174	31	0	0	0	0	1	0	0	0	0	0	0
holistic	he175	31	1.632722	1.900945	1	1	8	0	0	0	1.900945	0	0
holistic	he176	31	1.755500	15.916527	4	18	12	0	13.318515	2.598012	0	8.350795	0
conventional	ce176	31	0	21.148992	0	14	7	6.407163	2.021780	6.653569	6.066480	0	0
conventional	ce177	32	0	36.221726	0	14	7	9.662920	5.416217	16.661612	4.480977	1.409890	0
conventional	ce178	32	0	29.477210	0	14	7	5.344660	5.530562	11.320577	7.281411	0	0
conventional	ce179	32	0	27.116997	0	14	7	4.585766	2.258948	12.298025	7.974258	0	0
conventional	ce180	32	0	21.039163	0	14	7	2.031401	0.473336	8.457567	10.076859	0	0
conventional	ce181	32	0	10.022868	0	14	7	3.570608	0.932449	3.391783	2.128028	0	0
holistic	he177	33	0	4.606650	0	6	3	0	0	4.606650	0	0	0
holistic	he178	34	0.435461	0.449282	1	1	1	0	0.449282	0	0	0	0
holistic	he179	34	0.814768	0.123847	1	1	1	0	0.123847	0	0	0	0
conventional	ce182	34	0	48.052818	0	14	7	8.235270	8.058618	15.469770	16.289160	1.532397	0
conventional	ce183	34	0	40.146731	0	14	7	13.440295	4.575099	17.977889	4.153448	0	0
holistic	he180	35	0	0	0	0	0	0	0	0	0	0	0
conventional	ce184	35	0	14.523054	0	14	7	3.014840	3.513501	4.863567	3.131146	0	0
conventional	ce185	36	0.680306	24.558709	1	14	7	4.125291	4.042931	9.984430	6.406057	0	0
conventional	ce186	37	0	23.345145	0	14	7	2.900960	2.388945	12.363244	5.691996	0	0
conventional	ce187	38	0	20.264462	0	14	7	1.986263	2.035038	12.294870	3.948291	0	0
conventional	ce188	38	0	23.307619	0	14	7	1.181414	1.270057	13.785071	7.071077	0	0
conventional	ce189	38	0	25.486447	0	14	7	4.488042	5.447154	5.310295	10.240956	0	0
holistic	he181	39	0	0	0	0	0	0	0	0	0	0	0
conventional	ce190	39	0	21.778436	0	14	7	4.268275	2.870736	11.813055	2.826370	0.399159	0
conventional	ce191	39	0.691486	25.793396	1	14	7	4.011837	7.068712	9.534073	5.178774	0	0
holistic	he182	40	0	0	0	0	3	0	0	0	0	0	0
conventional	ce192	40	0	16.441384	0	14	7	2.757931	1.632119	4.673832	7.377502	0.473479	0
conventional	ce193	40	0	50.352636	0	14	7	6.058176	6.930397	19.660037	17.704026	2.610438	0
holistic	he183	42	0	0	0	0	0	0	0	0	0	0	0
conventional	ce194	42	0	39.003678	0	14	7	12.790243	2.606480	19.061974	4.544981	0.018381	0
holistic	he184	43	0	0	0	0	0	0	0	0	0	0	0
conventional	ce195	43	0	27.834274	0	14	7	7.862292	5.209583	9.677479	5.084920	0	0
conventional	ce196	43	0	22.858099	0	14	7	4.264495	3.071265	8.239645	7.282694	0	0
conventional	ce197	43	0	26.889814	0	14	7	2.052520	1.308488	17.419813	6.108993	0	0
conventional	ce198	43	0	24.915465	0	14	7	4.992201	4.582014	8.964702	6.376548	0	0
conventional	ce199	43	0	22.420038	0	14	7	5.644965	5.020294	4.857805	6.896974	0	0
conventional	ce200	44	0	26.580893	0	14	7	7.641373	2.869084	14.705731	1.364705	0	0
conventional	ce201	44	0	20.477526	0	14	7	4.622361	2.458298	11.335611	2.061256	0.399159	0
conventional	ce202	45	0	4.720793	0	14	7	1.317099	0.094738	1.628083	1.680873	0.816409	0
conventional	ce203	46	0	17.680377	0	14	7	3.340848	1.238950	8.154861	4.945718	0	0
conventional	ce204	46	0	25.219586	0	14	7	5.686177	2.144029	11.852419	5.536961	0	0
conventional	ce205	47	0	31.937764	0	14	7	7.396766	7.157994	11.978632	5.404372	0	0
conventional	ce206	47	0	18.804043	0	14	7	3.561968	4.883266	4.012547	6.346262	0	0
holistic	he185	48	0.435461	1.919532	1	2	2	0	1.919532	0	0	0	0
conventional	ce207	48	0	18.292378	0	14	7	0.583969	1.849621	9.954298	5.904490	0	0
holistic	he186	50	0	0	0	0	0	0	0	0	0	0	0
conventional	ce208	50	0	28.243141	0	14	7	3.945951	1.463409	9.247420	13.586361	0	0
conventional	ce209	50	0	14.715832	0	14	7	3.194734	0.813341	5.092433	5.615324	0.314061	0
conventional	ce210	51	0	23.618694	0	14	7	4.152294	0.996628	11.900562	6.569210	0.400751	0
conventional	ce211	51	0	23.756671	0	14	7	3.279870	1.530712	13.452582	5.493507	0	0
conventional	ce212	51	0	37.755385	0	14	7	12.221728	5.387199	16.112765	4.033693	0	0
conventional	ce213	52	0	26.085812	0	14	7	3.624381	1.373494	10.685827	10.402110	0.400751	0
conventional	ce214	52	0	25.253277	0	14	7	3.507744	4.086495	9.000496	8.658542	2.068555	0
conventional	ce215	52	0	26.390766	0	14	7	4.107961	1.671855	11.448281	9.162669	2.068555	0
conventional	ce216	53	0	23.895441	0	14	7	8.001220	3.431737	9.701172	2.761312	0	0
conventional	ce217	53	0	22.612653	0	14	7	4.427664	1.394044	9.645601	7.145344	0	0
conventional	ce218	53	0	32.343812	0	14	7	6.022568	6.804656	12.990126	6.526462	0	0
conventional	ce219	55	0	26.882061	0	14	7	4.273131	3.360868	11.896297	7.351765	0	0
conventional	ce220	55	0	16.677710	0	14	7	5.138921	0.955058	6.528912	4.054819	0.314061	0
conventional	ce221	56	0	31.066249	0	14	7	1.559530	4.605634	20.405216	4.495869	0	0
holistic	he187	57	0.814768	0.037293	1	1	1	0	0.037293	0	0	0.360396	0
conventional	ce222	58	0	31.055859	0	14	7	9.437150	2.638045	15.658786	3.321878	0	0
conventional	ce223	59	0	41.764080	0	14	7	5.595298	5.089683	18.108056	12.971043	0	0
conventional	ce224	59	0	26.978870	0	14	7	7.813181	3.605220	8.830843	6.729626	0	0
conventional	ce225	61	0	25.850812	0	14	7	4.159783	2.932921	8.745021	10.013087	0	0
conventional	ce226	61	0	26.183804	0	14	7	4.405626	4.898652	8.955253	7.924273	2.068555	0
conventional	ce227	62	0.385683	23.093994	1	14	7	5.659348	7.478096	6.068218	3.888332	0	0
conventional	ce228	62	0	30.126035	0	14	7	10.187520	4.162997	12.379238	3.396280	1.532397	0
conventional	ce229	62	0	11.181780	0	14	7	1.215116	3.624724	2.443303	3.898637	0	0
conventional	ce230	62	0	22.304864	0	14	7	3.346227	5.525884	7.078173	6.354580	0	0
conventional	ce231	63	0	28.943977	0	14	7	5.420854	2.866511	12.231285	8.425327	0	0
conventional	ce232	63	0	20.890476	0	14	7	3.095218	3.089244	9.676618	5.029396	0	0
conventional	ce233	63	0	29.367923	0	14	7	4.308144	4.675656	12.721601	7.662522	0	0
conventional	ce234	63	0	32.790695	0	14	7	7.056726	6.673228	13.632600	5.428141	0	0
conventional	ce235	64	0	19.300889	0	14	7	2.734839	2.422170	12.278378	1.865502	0	0
conventional	ce236	64	0.425774	17.676887	1	14	7	5.516189	1.532643	5.575999	5.052056	0	0
conventional	ce237	64	0	20.883484	0	14	7	2.957508	1.152677	7.849696	8.923603	0.828641	0
conventional	ce238	64	0	48.831771	0	14	7	8.366934	7.797391	15.207291	17.460155	1.532397	0
holistic	he188	65	1.156161	2.978518	1	2	1	0	2.978518	0	0	0	0
holistic	he189	65	0.435461	2.142854	1	2	3	0	2.142854	0	0	0	0
holistic	he190	65	0.435461	0.219845	1	1	1	0	0.219845	0	0	0	0
conventional	ce239	65	0	33.212507	0	14	7	10.051603	2.635602	17.343344	3.181958	0	0
conventional	ce240	65	0	23.617509	0	14	7	3.510922	2.811446	14.221234	3.073907	1.048212	0
conventional	ce241	65	0	28.197411	0	14	7	8.529902	4.085169	11.721302	3.861038	0	0
conventional	ce242	65	0	24.053071	0	14	7	5.609841	1.971362	11.401824	5.070044	1.015819	0
conventional	ce243	65	0	19.060473	0	14	7	2.896362	2.683531	5.403881	8.076699	0	0
conventional	ce244	65	0	27.534875	0	14	7	4.251563	5.811272	12.571984	4.900056	0	0
conventional	ce245	65	0	24.179019	0	14	7	3.078853	2.126355	12.316146	6.657665	0	0
conventional	ce246	65	0	33.788386	0	14	7	3.502196	4.576825	16.903096	8.806269	0	0
holistic	he191	66	0.814768	0.014930	1	1	2	0	0.014930	0	0	0	0
conventional	ce247	66	0	22.582720	0	14	7	2.867064	3.762986	8.192743	7.759927	0	0
conventional	ce248	66	0.385683	23.218325	1	14	7	6.774138	6.240298	6.053687	4.150202	0	0
conventional	ce249	66	0	32.370617	0	14	7	4.983214	5.569918	14.316200	7.501285	0	0
conventional	ce250	66	0	22.202729	0	14	7	3.242763	2.088302	11.304068	5.567596	0.547460	0
holistic	he192	67	1.530582	0.528704	1	1	1	0	0.528704	0	0	0	0
holistic	he193	67	0.287235	1.065195	1	2	1	0	1.065195	0	0	0.048094	0
holistic	he194	67	1.142864	4.690508	4	12	12	0	0	4.690508	0	10.307884	0
conventional	ce251	67	0	28.445494	0	14	7	4.556745	5.647632	12.229471	6.011646	0	0
conventional	ce252	67	0.413363	11.858542	1	14	7	1.238944	1.144864	5.742738	3.731996	0	0
conventional	ce253	67	0	20.437228	0	14	7	2.273637	1.697724	7.775524	8.690343	0	0
conventional	ce254	67	0.545698	20.628839	1	14	7	5.318394	4.973484	4.081988	6.254973	0	0
holistic	he195	68	0	0	0	0	0	0	0	0	0	0	0
conventional	ce255	68	0	48.121439	0	14	7	9.611703	10.114087	15.424696	12.970953	1.532397	0
conventional	ce256	68	0	33.786224	0	14	7	7.155875	7.016961	14.564589	5.048799	0	0
conventional	ce257	68	0	21.413533	0	14	7	5.193224	2.116049	7.756504	6.347756	0.385836	0
conventional	ce258	68	0.835711	25.409796	1	14	7	7.815373	3.932351	11.068598	2.593474	0	0
conventional	ce259	68	0	31.041386	0	14	7	4.143694	6.508785	11.295744	9.093163	0	0
conventional	ce260	69	0	25.258766	0	14	7	3.893754	3.985546	14.175270	3.204196	0.314061	0
conventional	ce261	69	0	9.589389	0	14	7	2.131634	0.959799	4.661590	1.836366	0.314061	0
conventional	ce262	69	0.385683	26.487361	1	14	7	4.457150	1.284561	11.164335	9.581315	0	0
conventional	ce263	69	0	25.813852	0	14	7	5.239793	2.468373	10.804983	7.300703	1.319267	0
conventional	ce264	69	0	21.213644	0	14	7	5.323657	1.730601	7.539403	6.619983	0	0
holistic	he196	70	0	0	0	0	0	0	0	0	0	0	0
holistic	he197	70	0	0	0	0	0	0	0	0	0	0	0
holistic	he198	70	1.111897	2.546859	3	8	7	0	0.959257	1.587602	0	4.510916	0
conventional	ce265	70	0	22.872629	0	14	7	1.867944	3.124203	10.909469	6.971013	0.282390	0
conventional	ce266	70	0	28.108992	0	14	7	3.978038	5.646098	11.779559	6.705297	0	0
conventional	ce267	70	0	38.680497	0	14	7	11.647431	7.118981	15.912877	4.001208	0	0
holistic	he199	71	0.435461	0.934103	1	1	1	0	0.934103	0	0	0	0
holistic	he200	71	0	0	0	0	0	0	0	0	0	0	0
conventional	ce268	71	0	22.307386	0	14	7	4.105536	2.840307	10.315862	5.045681	0	0
conventional	ce269	71	0	24.357644	0	14	7	7.235559	5.958492	8.782424	2.381169	0	0
holistic	he201	72	0	0	0	0	0	0	0	0	0	0	0
conventional	ce270	72	0	22.485472	0	14	7	5.014017	3.125927	11.624834	2.720694	0.573405	0
holistic	he202	73	1.156161	5.339454	1	3	1	0	5.339454	0	0	0	0
holistic	he203	73	0.435461	0.130489	1	1	1	0	0.130489	0	0	0	0
conventional	ce271	73	0	35.720501	0	14	7	3.685790	4.190034	18.155796	9.688881	0.187111	0
conventional	ce272	73	0	23.828922	0	14	7	2.238037	0.291921	9.998041	11.300923	0	0
conventional	ce273	73	0	19.973971	0	14	7	6.389614	3.679577	8.038727	1.866053	0	0
conventional	ce274	73	0.680306	21.479560	1	14	7	2.394616	4.268288	9.045233	5.771423	0	0
holistic	he204	74	0.435461	1.364425	1	2	1	0	1.364425	0	0	0	0
holistic	he205	74	1.632722	2.352911	1	1	8	0	0	0	2.352911	0	0
holistic	he206	74	0	0	0	0	0	0	0	0	0	0.202503	0
holistic	he207	74	0	0	0	0	0	0	0	0	0	0	0
holistic	he208	75	0.435461	0.945395	1	2	1	0	0.945395	0	0	0	0
holistic	he209	75	0.435461	1.615912	1	2	1	0	1.615912	0	0	0.048094	0
holistic	he210	75	0.177406	4.650746	1	3	1	0	4.650746	0	0	0.379762	0
conventional	ce275	75	0	29.163978	0	14	7	5.083105	3.657893	10.503647	9.919333	0	0
conventional	ce276	75	0	28.998778	0	14	7	5.512339	1.794601	11.523231	10.168607	0	0
conventional	ce277	75	0.385683	30.529942	1	14	7	7.523957	5.358459	13.027471	4.620055	0	0
conventional	ce278	75	0	39.508059	0	14	7	11.703485	6.488242	17.673683	3.642649	0	0
conventional	ce279	75	0	51.234331	0	14	7	8.723455	8.573011	16.564905	17.372960	1.532397	0
holistic	he211	76	0	0	0	0	5	0	0	0	0	0	0
holistic	he212	76	0.435461	2.029313	1	2	3	0	2.029313	0	0	0	0
holistic	he213	76	3.265444	4.705822	2	2	15	0	0	0	4.705822	0	0
holistic	he214	76	1.632722	1.900945	1	1	8	0	0	0	1.900945	0	0
holistic	he215	76	0.321369	4.421991	1	3	1	0	4.421991	0	0	0.312267	0
conventional	ce280	76	0	28.620437	0	14	7	8.171498	4.727974	10.346267	5.374698	0	0
conventional	ce281	76	0	23.323481	0	14	7	4.250377	7.357292	7.667102	4.048710	0	0
conventional	ce282	76	0	41.589511	0	14	7	14.025443	8.179301	15.150524	4.234243	0	0
holistic	he216	77	2.052958	4.143766	3	6	7	0	1.695078	2.448688	0	2.672105	0
holistic	he217	77	0.814768	0.248834	1	1	1	0	0.248834	0	0	0	0
conventional	ce283	77	0	29.845973	0	14	7	8.410507	2.710747	15.829348	2.895371	0	0
conventional	ce284	77	0	51.059678	0	14	7	7.822314	7.668002	27.348472	8.220890	0	0
conventional	ce285	77	0	20.257973	0	14	7	3.116986	3.067421	8.642818	5.430748	0.208191	0
holistic	he218	78	0	0	0	0	0	0	0	0	0	0.210729	0
holistic	he219	78	0	0	0	0	0	0	0	0	0	0	0
holistic	he220	78	0.439575	4.352563	2	7	5	0	3.063233	1.289330	0	2.131972	0
conventional	ce286	78	0	28.579767	0	14	7	6.576908	4.293553	13.457207	4.252099	0	0
conventional	ce287	78	0	23.241513	0	14	7	1.992907	2.548132	11.027596	7.672878	0.547460	0
conventional	ce288	78	0	16.072450	0	14	7	1.163752	1.729682	9.275539	3.903477	0	0
conventional	ce289	78	0.385683	30.083601	1	14	7	5.400110	3.894504	14.715291	6.073696	0	0
conventional	ce290	78	0	39.433312	0	14	7	6.698726	7.457826	17.537284	7.739476	0	0
conventional	ce291	78	0	26.793559	0	14	7	4.613321	2.666704	10.916234	8.597300	0	0
conventional	ce292	78	0	25.623931	0	14	7	4.541639	4.303456	8.730716	8.048120	0.131737	0
holistic	he221	79	0.435461	0.767504	1	1	1	0	0.767504	0	0	0	0
holistic	he222	79	0.435461	1.699744	1	2	1	0	1.699744	0	0	0.048094	0
holistic	he223	79	0	0	0	0	0	0	0	0	0	0	0
conventional	ce293	79	0	32.506299	0	14	7	4.405355	4.589298	15.572298	7.939348	0	0
conventional	ce294	79	0	25.623312	0	14	7	3.229381	4.176453	11.623964	6.593514	0.547460	0
conventional	ce295	79	0	20.557483	0	14	7	3.236791	1.579309	12.020374	3.721009	0	0
conventional	ce296	79	0	36.960384	0	14	7	10.012123	6.165046	15.235872	5.547343	0	0
holistic	he224	80	0	10.091896	0	16	6	0	0	10.091896	0	0	0
holistic	he225	80	0	0	0	0	0	0	0	0	0	0	0
holistic	he226	80	0	0	0	0	0	0	0	0	0	0	0
holistic	he227	80	1.483855	1.446804	1	1	8	0	0	0	1.446804	0	0
holistic	he228	80	0	0	0	0	1	0	0	0	0	0	0
holistic	he229	80	0.435461	2.098463	1	2	1	0	2.098463	0	0	0.519933	0
holistic	he230	80	0.824941	5.426232	2	7	7	0	3.973886	1.452346	0	2.131972	0
holistic	he231	80	0.081759	0.547503	1	2	1	0	0.547503	0	0	0	0
holistic	he232	80	0	0	0	0	2	0	0	0	0	0.762326	0
conventional	ce297	80	0	31.215726	0	14	7	9.946096	4.755850	12.632196	3.881584	0	0
conventional	ce298	80	0.385683	25.780272	1	14	7	9.295855	4.609090	9.152715	2.722612	0	0
conventional	ce299	80	0	31.717714	0	14	7	6.051446	5.676188	15.574151	4.415929	0	0
conventional	ce300	80	0	22.762579	0	14	7	5.867797	1.397103	10.160071	5.337608	0.799739	0
holistic	he233	81	0	0	0	0	0	0	0	0	0	0.298367	0
holistic	he234	81	0.435461	1.996478	1	3	1	0	1.996478	0	0	0	0
conventional	ce301	81	0	40.177135	0	14	7	12.264122	2.539586	18.240361	7.133066	0	0
conventional	ce302	81	0	17.606410	0	14	7	2.189450	1.715810	9.980940	3.720210	0	0
conventional	ce303	81	0	30.975640	0	14	7	9.830095	4.085169	13.126687	3.933689	0	0
conventional	ce304	81	0	36.431749	0	14	7	8.781856	8.636645	13.043458	5.969790	0	0
holistic	he235	82	0.435461	4.420316	1	4	2	0	4.420316	0	0	0	0
holistic	he236	82	0	0	0	0	0	0	0	0	0	0	0
conventional	ce305	82	0	23.431581	0	14	7	6.262477	1.561559	10.510094	5.097451	0.799739	0
conventional	ce306	82	0	15.642439	0	14	7	3.013953	0.780350	5.333712	6.514424	0	0
holistic	he237	83	0.893701	1.531438	1	2	2	0	1.531438	0	0	0.004503	0
holistic	he238	83	0.568832	0.031646	1	1	1	0	0.031646	0	0	0	0
holistic	he239	83	0.435461	2.159586	1	2	2	0	2.159586	0	0	0	0
conventional	ce307	83	0	31.504024	0	14	7	7.510733	7.702419	10.597277	5.693595	0	0
holistic	he240	84	0.435461	1.699744	1	2	1	0	1.699744	0	0	0	0
holistic	he241	84	0	0	0	0	8	0	0	0	0	0	0
holistic	he242	84	0.099658	11.909378	1	9	3	0	3.907694	0	8.001684	0.397610	0
holistic	he243	84	1.483855	1.770429	1	1	2	0	0	0	1.770429	0	0
holistic	he244	84	0.253079	4.490281	1	3	1	0	4.490281	0	0	0.312267	0
holistic	he245	84	0.435461	0.091361	1	1	1	0	0.091361	0	0	0	0
holistic	he246	84	0.695541	0.057713	1	1	1	0	0.057713	0	0	0	0
conventional	ce308	84	0.953570	28.251383	1	14	7	4.340747	6.720614	11.383076	5.806946	0	0
conventional	ce309	84	0	30.996890	0	14	7	8.803441	5.279991	11.991528	4.921930	0	0
holistic	he247	85	0.101357	2.559904	1	2	1	0	2.559904	0	0	0	0
holistic	he248	85	0.870922	3.163976	2	8	2	0	3.163976	0	0	0	0
conventional	ce310	85	0	30.522870	0	14	7	6.022985	8.257777	9.208230	7.033878	0	0
conventional	ce311	85	0	12.470044	0	14	7	1.361167	1.132879	6.609649	3.366349	0	0
conventional	ce312	85	0	23.999282	0	14	7	1.534471	1.115451	13.703521	7.645839	0.282390	0
conventional	ce313	85	0	28.274699	0	14	7	8.785152	2.567138	15.404216	1.518193	0	0
holistic	he249	86	1.889650	5.502320	3	9	16	0	0	3.568916	1.933404	4.676050	0
holistic	he250	86	0	0	0	0	0	0	0	0	0	0.202503	0
holistic	he251	86	0	9.965720	0	16	7	0	0	9.965720	0	0	0
conventional	ce314	86	0	18.685825	0	14	7	5.175479	1.164301	7.099569	5.246476	0.314061	0
conventional	ce315	86	0	20.841295	0	14	7	3.591290	1.581950	11.309249	4.358806	0.771204	0
conventional	ce316	86	0	29.463399	0	14	7	5.931533	1.856068	11.467385	10.208413	0	0
holistic	he252	87	0	11.670870	0	16	6	0	0	11.670870	0	0	0
holistic	he253	87	0.542123	4.005887	2	7	5	0	2.525808	1.480079	0	2.131972	0
holistic	he254	87	0	0	0	0	0	0	0	0	0	0	0
holistic	he255	87	1.209140	4.671491	3	7	5	0	1.734010	2.937481	0	2.553430	0
holistic	he256	87	0	0	0	0	0	0	0	0	0	0	0
conventional	ce317	87	0	22.611460	0	14	7	1.795403	2.419547	12.350665	6.045845	0	0
conventional	ce318	87	0	28.633281	0	14	7	6.579784	6.007748	11.182289	4.863460	0	0
conventional	ce319	87	0	28.999235	0	14	7	4.577771	5.620619	13.945702	4.855143	0	0
holistic	he257	88	0	0	0	0	0	0	0	0	0	0	0
holistic	he258	88	0	0	0	0	0	0	0	0	0	0	0
conventional	ce320	88	0	32.618269	0	14	7	8.874320	3.148744	14.882115	5.713090	0	0
conventional	ce321	88	0	45.582654	0	14	7	7.234739	7.969526	15.796386	14.582003	1.547187	0
conventional	ce322	88	0	25.073611	0	14	7	2.348327	1.841362	13.234807	7.649115	0	0
conventional	ce323	88	0	31.486050	0	14	7	5.431556	7.105608	12.413529	6.535357	0	0
holistic	he259	89	0	0	0	0	0	0	0	0	0	0	0
holistic	he260	89	1.530582	0.640181	1	1	1	0	0.640181	0	0	0	0
holistic	he261	89	0	0	0	0	4	0	0	0	0	0	0
conventional	ce324	89	0	26.967871	0	14	7	4.920725	3.587222	13.123363	5.336561	1.532397	0
conventional	ce325	89	0	30.865574	0	14	7	6.440671	5.693098	14.032424	4.699381	0	0
holistic	he262	90	0.435461	1.786276	1	2	1	0	1.786276	0	0	0	0
holistic	he263	90	0.435461	1.807966	1	2	2	0	1.807966	0	0	0	0
holistic	he264	90	0.435461	0.541396	1	1	1	0	0.541396	0	0	0	0
holistic	he265	90	0.212555	4.929933	1	3	1	0	4.929933	0	0	0.312267	0
conventional	ce326	90	0	19.724527	0	14	7	2.413576	1.957578	11.064560	4.288813	0	0
conventional	ce327	90	0	25.085820	0	14	7	8.363120	3.576260	11.760852	1.385588	1.603347	0
conventional	ce328	90	0	29.298516	0	14	7	7.259967	2.879351	15.661881	3.497317	0	0
conventional	ce329	90	0	33.721357	0	14	7	10.249025	5.821229	14.665312	2.985791	0	0
holistic	he266	91	0	0	0	0	0	0	0	0	0	0	0
holistic	he267	91	0.435461	1.678627	1	4	3	0	1.678627	0	0	3.618672	0
holistic	he268	91	0	0	0	0	0	0	0	0	0	0.058607	0
holistic	he269	91	0	0	0	0	0	0	0	0	0	0	0
holistic	he270	91	0.435461	0.456814	1	1	1	0	0.456814	0	0	0	0
conventional	ce330	91	0	36.962721	0	14	7	9.012354	8.711574	15.203238	4.035555	0	0
holistic	he271	92	0.435461	1.913501	1	2	2	0	1.913501	0	0	0	0
holistic	he272	92	0	0	0	0	0	0	0	0	0	0.543538	0
conventional	ce331	92	0	28.077721	0	14	7	7.638239	3.496492	12.235551	4.707439	0	0
conventional	ce332	92	0	16.762853	0	14	7	3.689897	1.933484	5.101983	6.037489	1.355040	0
conventional	ce333	92	0	25.824661	0	14	7	5.913797	1.686342	9.181453	9.043069	0	0
conventional	ce334	92	0	26.132759	0	14	7	8.398561	5.913305	9.884426	1.936467	0	0
conventional	ce335	92	0	37.859847	0	14	7	3.725387	5.927085	18.575793	9.631582	0	0
holistic	he273	93	0.964540	0.330924	1	1	1	0	0.330924	0	0	0.210729	0
holistic	he274	93	0	0	0	0	0	0	0	0	0	0	0
holistic	he275	93	0.503830	0.415261	1	2	1	0	0.415261	0	0	0	0
holistic	he276	93	0	9.810062	0	20	3	0	0	9.810062	0	0	0
conventional	ce336	93	0	22.679456	0	14	7	1.860543	3.562600	10.517830	6.738483	0.282390	0
holistic	he277	94	0	0	0	0	0	0	0	0	0	0	0
holistic	he278	94	0	0	0	0	0	0	0	0	0	0	0
holistic	he279	94	0.678482	3.402592	2	2	2	0	0.459057	0	2.943535	0	0
conventional	ce337	94	0	22.657298	0	14	7	5.746494	4.636286	10.107452	2.167066	1.603347	0
conventional	ce338	94	0	27.863005	0	14	7	6.271031	5.265588	11.381739	4.944647	0	0
holistic	he280	95	0.870922	1.467544	2	4	2	0	1.467544	0	0	0	0
holistic	he281	95	0.321369	4.991383	1	3	1	0	4.991383	0	0	0.590975	0
holistic	he282	95	0	0	0	0	0	0	0	0	0	0	0
holistic	he283	95	0	0	0	0	0	0	0	0	0	0	0
conventional	ce339	95	0	25.452119	0	14	7	8.100071	3.394479	10.177663	3.779906	0	0
conventional	ce340	95	0	24.374827	0	14	7	2.740764	3.498523	12.137745	5.997795	0	0
conventional	ce341	95	0.385683	24.554750	1	14	7	7.008323	5.797009	7.728387	4.021031	0	0
conventional	ce342	95	0	28.146266	0	14	7	7.801455	4.844596	9.803362	5.696853	0	0
conventional	ce343	95	0	32.372581	0	14	7	10.825445	4.988273	13.933027	2.625836	0.258343	0
holistic	he284	96	0	4.703265	0	6	4	0	0	4.703265	0	0	0
conventional	ce344	96	0	29.628116	0	14	7	4.977446	5.724402	13.669383	5.256885	0	0
conventional	ce345	96	0	32.740668	0	14	7	7.562786	6.230115	12.019197	6.928570	0	0
conventional	ce346	96	0	24.849012	0	14	7	7.634233	5.395303	8.123255	3.696221	0	0
holistic	he285	97	0.435461	1.844328	1	3	1	0	1.844328	0	0	0.429950	0
holistic	he286	97	1.632722	2.352911	1	1	8	0	0	0	2.352911	0	0
holistic	he287	97	0.435461	1.295177	1	2	1	0	1.295177	0	0	0	0
conventional	ce347	97	0	48.979413	0	14	7	9.332516	5.917911	15.829504	17.899482	1.429703	0
conventional	ce348	97	0	34.522638	0	14	7	6.609154	7.690952	14.433801	5.788731	0	0
holistic	he288	98	0.435461	2.193094	1	3	1	0	2.193094	0	0	0.370397	0
holistic	he289	99	0	0	0	0	0	0	0	0	0	0	0
holistic	he290	99	0.479724	4.569210	1	3	1	0	4.569210	0	0	0.157727	0
conventional	ce349	99	0	25.116481	0	14	7	6.751689	1.334489	11.486904	5.543399	0	0
conventional	ce350	99	1.913269	17.212701	1	14	7	2.932692	0.725730	6.210306	7.343973	0.405949	0
conventional	ce351	99	0	22.924700	0	14	7	3.204066	4.449008	10.409479	4.862147	0.547460	0
conventional	ce352	99	0	30.298044	0	14	7	5.048586	2.518208	12.799763	9.931487	0	0
conventional	ce353	99	0.385683	31.042253	1	14	7	4.210586	4.923367	14.083089	7.825211	0	0
holistic	he291	100	3.058928	1.818071	7	25	13	0	0.603956	1.214115	0	6.668976	0
conventional	ce354	100	0	27.099260	0	14	7	8.513024	4.863968	9.242763	4.479505	0	0
holistic	he292	101	0	0	0	0	0	0	0	0	0	0	0
holistic	he293	101	0.503830	0.486508	1	2	1	0	0.486508	0	0	0	0
conventional	ce355	101	0	27.772710	0	14	7	8.111468	4.384027	11.205096	4.072119	0	0
conventional	ce356	101	0	28.127561	0	14	7	5.711501	1.875264	11.579797	8.960999	0	0
holistic	he294	102	1.784284	1.810443	1	1	8	0	0	0	1.810443	0	0
holistic	he295	102	0.177406	4.464965	1	3	1	0	4.464965	0	0	0.379762	0
conventional	ce357	102	0	23.648418	0	14	7	6.508338	4.333691	9.884940	2.921449	0	0
conventional	ce358	102	0	35.866926	0	14	7	7.090764	6.863241	12.520372	9.392549	0	0
holistic	he296	103	0.435461	1.444441	1	2	1	0	1.444441	0	0	0	0
conventional	ce359	103	0	27.955708	0	14	7	5.054338	2.769791	11.744118	8.387461	0	0
conventional	ce360	103	0	39.798101	0	14	7	12.167177	7.066166	15.972286	4.592472	0	0
conventional	ce361	103	0	26.766736	0	14	7	8.793156	4.500969	9.201068	4.271543	0	0
conventional	ce362	103	0	24.130556	0	14	7	4.117815	0.996628	11.900562	7.115551	0.400751	0
conventional	ce363	103	0	36.570948	0	14	7	6.426728	6.670728	16.389002	7.084490	0	0
conventional	ce364	103	0	35.363152	0	14	7	4.364123	5.166527	17.291420	8.541082	0	0
holistic	he297	104	1.632722	2.352911	1	1	8	0	0	0	2.352911	0	0
holistic	he298	104	9.929664	14.414226	6	6	9	0	0	0	14.414226	0	0
conventional	ce365	104	1.177803	27.625835	1	14	7	7.500904	7.337738	9.475833	3.311360	0	0
holistic	he299	105	0	4.665862	0	6	4	0	0	4.665862	0	0	0
conventional	ce366	105	0.953570	26.443334	1	14	7	5.139181	5.593353	10.785843	4.924957	0	0
conventional	ce367	106	0	24.246215	0	14	7	2.519166	4.653001	11.559126	5.514922	0.314061	0
conventional	ce368	107	0	36.956838	0	14	7	8.469986	6.961339	17.134093	4.391420	0	0
conventional	ce369	107	0	23.950540	0	14	7	7.495140	5.602314	7.409704	3.443382	0	0
holistic	he300	108	0	0	0	0	0	0	0	0	0	0	0
conventional	ce370	108	0	14.560804	0	14	7	2.576025	2.495838	7.014847	2.474094	0	0
conventional	ce371	108	0	36.296855	0	14	7	8.808724	4.915513	15.707061	6.865557	0	0
conventional	ce372	109	0	29.846584	0	14	7	8.229722	2.929363	15.867350	2.820149	0	0
holistic	he301	110	0.712060	2.354467	1	2	1	0	2.354467	0	0	0	0
conventional	ce373	110	0	28.561798	0	14	7	8.752977	4.859672	11.041255	3.907894	0	0
conventional	ce374	110	0	25.932016	0	14	7	3.477895	0.819365	9.118578	12.516178	0	0
conventional	ce375	111	0	32.230724	0	14	7	5.035745	2.039887	14.282323	10.872769	0	0
conventional	ce376	111	0.812620	25.824098	1	14	7	6.081155	4.886382	9.386653	5.469908	0	0
holistic	he302	112	0.435461	1.939490	1	2	1	0	1.939490	0	0	0.519933	0
conventional	ce377	112	0	21.515267	0	14	7	6.992000	5.185641	7.329107	2.008519	0	0
conventional	ce378	113	0	37.475784	0	14	7	3.178355	5.320956	20.368525	8.607948	0	0
conventional	ce379	113	0	26.319584	0	14	7	5.032148	6.045621	11.998449	3.243366	0	0
conventional	ce380	113	0	34.242552	0	14	7	12.048819	3.785458	13.591165	4.817110	0	0
conventional	ce381	113	0	28.272725	0	14	7	7.537811	2.490192	16.864526	1.380196	0	0
holistic	he303	114	0	8.713512	0	12	6	0	0	8.713512	0	0	0
holistic	he304	115	0	0	0	0	0	0	0	0	0	0	0
conventional	ce382	115	0	35.766315	0	14	7	8.528732	3.056925	16.982679	7.197979	0	0
conventional	ce383	115	0	28.644424	0	14	7	3.978671	3.104625	14.873021	6.688107	0	0
conventional	ce384	116	0	25.218090	0	14	7	8.246884	3.676806	7.480648	5.813752	0	0
conventional	ce385	116	0	29.688924	0	14	7	7.683639	3.873179	12.452908	5.679198	0.799739	0
holistic	he305	117	0.435461	1.919237	1	2	1	0	1.919237	0	0	0	0
conventional	ce386	117	0	40.027635	0	14	7	4.700180	5.351609	21.998706	7.977140	0	0
holistic	he306	118	3.106814	38.093945	5	25	12	0	34.899834	3.194111	0	0.379762	0
conventional	ce387	118	0	18.730784	0	14	7	4.981324	1.814711	8.027904	3.906845	1.015819	0
conventional	ce388	118	0.434581	30.454184	1	14	7	8.543457	4.809315	14.051477	3.049935	0	0
conventional	ce389	119	0	44.527441	0	14	7	4.983162	5.959587	23.383139	10.201553	0	0
conventional	ce390	119	0	31.848549	0	14	7	9.340603	2.620619	15.276009	4.611318	0	0
conventional	ce391	122	0	24.853730	0	14	7	4.661241	0.507983	12.147240	7.537266	0.400751	0
conventional	ce392	122	0	28.757846	0	14	7	5.273932	2.714473	15.384267	5.385174	0	0
conventional	ce393	123	0	35.435808	0	14	7	7.034928	7.419381	15.239872	5.741627	0	0
conventional	ce394	124	0	26.328985	0	14	7	2.332590	7.471356	11.370431	5.154608	0	0
holistic	he307	125	0	0	0	0	0	0	0	0	0	0.405006	0
holistic	he308	125	7.409424	48.921168	6	34	7	0	0	48.921168	0	2.811578	0
conventional	ce395	125	0	17.912125	0	14	7	4.181309	0.416225	9.272181	4.042410	1.642193	0
conventional	ce396	125	0	29.267959	0	14	7	8.895601	7.266187	10.585492	2.520679	0	0
conventional	ce397	125	1.913269	19.303401	1	14	7	3.894431	0.763388	8.225388	6.420194	1.212858	0
conventional	ce398	125	0	29.252359	0	14	7	4.799821	1.180313	13.763510	9.508715	0.400751	0
conventional	ce399	126	0	29.354745	0	14	7	9.160703	4.556412	11.537829	4.099801	0	0
holistic	he309	127	0.321369	1.406868	1	2	1	0	1.406868	0	0	0	0
conventional	ce400	127	0.953570	32.472050	1	14	7	6.503156	6.671254	11.508865	7.788775	0	0
conventional	ce401	127	0.385683	38.453915	1	14	7	7.929368	5.983313	15.437411	9.103823	0	0
conventional	ce402	128	0.093800	32.618104	1	14	7	4.238269	4.603076	14.635888	9.140871	0	0
conventional	ce403	128	0	36.010088	0	14	7	6.400107	5.923572	16.037579	7.648830	0	0
conventional	ce404	128	0	44.270629	0	14	7	5.227824	6.112076	22.945818	9.984911	0	0
conventional	ce405	129	0	26.986838	0	14	7	4.887366	1.815438	13.583918	6.700116	0.293094	0
holistic	he310	130	0	0	0	0	0	0	0	0	0	0	0
holistic	he311	130	1.641408	16.918377	4	18	12	0	12.829338	4.089039	0	7.257549	0
conventional	ce406	130	0	26.423824	0	14	7	2.676873	7.052169	12.742198	3.952584	0	0
conventional	ce407	130	0.322859	27.836123	1	14	7	6.868669	7.973281	10.633890	2.360283	1.932793	0
conventional	ce408	130	0	31.497796	0	14	7	5.122535	2.042822	12.246935	12.085504	0	0
conventional	ce409	130	0	29.634757	0	14	7	2.177847	4.336184	16.230976	6.889750	0	0
holistic	he312	131	0.435461	1.936790	1	3	1	0	1.936790	0	0	0.429950	0
holistic	he313	131	11.838584	10.219989	7	9	8	0	0	8.409546	1.810443	0	0
conventional	ce410	131	0	23.990711	0	14	7	5.445970	5.714890	9.690404	3.139447	0	0
conventional	ce411	131	0	28.446486	0	14	7	6.482224	4.178292	12.050081	5.735889	0	0
conventional	ce412	132	0	25.856260	0	14	7	6.731422	4.380726	9.947409	4.796703	0	0
conventional	ce413	132	0	27.151607	0	14	7	2.415814	4.166094	14.696453	5.873246	0	0
conventional	ce414	133	0	27.844072	0	14	7	8.810355	5.846153	9.114686	4.072878	0	0
conventional	ce415	133	0	34.367886	0	14	7	9.805676	5.665218	15.439475	3.457517	0.889438	0
conventional	ce416	133	0	32.885917	0	14	7	9.817791	7.213549	13.761502	2.093075	0	0
holistic	he314	134	0.253079	1.598343	1	3	1	0	1.598343	0	0	0.587045	0
holistic	he315	134	0.435461	0.545758	1	2	4	0	0.545758	0	0	0	0
holistic	he316	134	4.211448	56.401859	5	41	13	0	52.619237	3.782622	0	4.253683	0
holistic	he317	134	0.435461	3.209041	1	3	1	0	3.209041	0	0	0.429950	0
holistic	he318	134	0.435461	1.793396	1	2	13	0	1.793396	0	0	6.160276	0
conventional	ce417	134	0	18.914927	0	14	7	4.996496	1.806978	8.236823	3.874630	0.831624	0
conventional	ce418	134	0	25.787172	0	14	7	5.990575	5.151796	10.322846	4.321955	0	0
holistic	he319	135	0.321369	0.746707	1	2	1	0	0.746707	0	0	0	0
holistic	he320	135	0.164370	3.749364	1	3	1	0	3.749364	0	0	0.414969	0
holistic	he321	135	0	0	0	0	0	0	0	0	0	0.405006	0
conventional	ce419	135	0	26.564834	0	14	7	7.117238	6.126453	10.193958	3.127185	0	0
holistic	he322	136	0	0	0	0	0	0	0	0	0	0	0
holistic	he323	136	0	0	0	0	0	0	0	0	0	0	0
holistic	he324	136	1.711160	7.766869	4	15	15	0	5.757382	2.009487	0	6.400287	0
conventional	ce420	136	0	21.558786	0	14	7	2.018872	2.402153	10.711738	6.426023	0	0
conventional	ce421	137	0	44.349139	0	14	7	8.805262	9.565275	17.479106	8.499496	0	0
conventional	ce422	137	0	23.094690	0	14	7	7.990945	4.863829	5.848999	4.390917	0	0
conventional	ce423	137	0	22.100177	0	14	7	2.795330	0.718806	8.435531	10.150510	0	0
holistic	he325	138	0.435461	1.548962	1	2	1	0	1.548962	0	0	0	0
holistic	he326	138	0.677838	3.211987	1	3	1	0	3.211987	0	0	0.429950	0
holistic	he327	138	0	0	0	0	0	0	0	0	0	0	0
conventional	ce424	138	0	19.375426	0	14	7	5.378867	1.691967	8.475347	3.829245	0.260811	0
conventional	ce425	138	0	24.693294	0	14	7	6.167020	6.037551	11.186849	1.301874	0	0
conventional	ce426	138	0	29.356568	0	14	7	8.822115	6.488100	11.643230	2.403123	0	0
conventional	ce427	138	0	24.163795	0	14	7	4.458794	0.108051	12.053978	7.542972	0.400751	0
conventional	ce428	138	0	18.901837	0	14	7	2.128382	1.543491	11.065899	4.164065	0	0
holistic	he328	139	1.784284	1.822553	1	1	8	0	0	0	1.822553	0	0
holistic	he329	139	0	5.022835	0	6	5	0	0	5.022835	0	0	0
holistic	he330	139	0	0	0	0	1	0	0	0	0	0	0
conventional	ce429	139	2.072904	29.776317	1	14	7	3.454426	4.151005	16.123228	6.047658	0	0
conventional	ce430	139	0	23.689194	0	14	7	6.581032	1.667753	10.284119	5.156290	0.213421	0
holistic	he331	140	0	2.325638	0	2	19	0	2.325638	0	0	8.231480	0
holistic	he332	140	0	0	0	0	0	0	0	0	0	0	0
holistic	he333	140	12.755628	17.240190	6	6	9	0	0	0	17.240190	0	0
holistic	he334	140	0.870922	24.517158	2	28	5	0	1.955574	22.561584	0	1.000072	0
holistic	he335	140	0	0	0	0	0	0	0	0	0	0.257101	0
holistic	he336	140	0	0	0	0	0	0	0	0	0	0	0
conventional	ce431	140	0.093800	35.560604	1	14	7	4.706374	4.746303	16.706484	9.401443	0.013651	0
conventional	ce432	140	0	19.543066	0	14	7	2.769304	1.209371	11.816924	3.747467	0	0
holistic	he337	141	0.503830	0.323749	1	2	1	0	0.323749	0	0	0	0
holistic	he338	141	0	0	0	0	1	0	0	0	0	0	0
conventional	ce433	141	0	28.971871	0	14	7	9.727470	5.826506	9.751842	3.666053	0	0
conventional	ce434	141	0	34.932426	0	14	7	5.378804	9.133172	16.914087	3.506363	0	0
conventional	ce435	141	1.789351	24.730630	1	14	7	4.603484	3.356800	11.822857	4.947489	0	0
holistic	he339	142	0	0	0	0	0	0	0	0	0	1.160672	0
holistic	he340	142	0.212555	4.893134	1	3	1	0	4.893134	0	0	0.233466	0
conventional	ce436	142	0.385683	22.797270	1	14	7	5.340440	5.844866	7.855147	3.756817	0	0
conventional	ce437	142	0	23.480469	0	14	7	5.826796	3.094403	10.549357	4.009913	0	0
conventional	ce438	142	0	37.872517	0	14	7	3.970382	4.094993	14.447724	15.359418	0	0
holistic	he341	143	0.435461	0.939451	1	3	1	0	0.939451	0	0	0.071416	0
holistic	he342	143	0.435461	1.213478	1	2	1	0	1.213478	0	0	0	0
conventional	ce439	143	1.119022	29.782720	1	14	7	8.044634	6.783647	9.223302	5.731137	0	0
holistic	he343	144	1.784284	1.822553	1	1	8	0	0	0	1.822553	0	0
holistic	he344	144	0	0	0	0	0	0	0	0	0	0	0
holistic	he345	144	0.503830	0.002619	1	1	1	0	0.002619	0	0	0	0
holistic	he346	144	0.435461	0.473143	1	1	1	0	0.473143	0	0	0	0
holistic	he347	144	0	0	0	0	0	0	0	0	0	0.405006	0
holistic	he348	144	0	0	0	0	0	0	0	0	0	0	0
conventional	ce440	144	1.362516	19.780434	1	14	7	4.200950	1.418961	6.431568	7.728955	0.840652	0
conventional	ce441	144	0	28.083065	0	14	7	6.048747	6.899119	9.149018	5.986181	0	0
conventional	ce442	144	0.812620	26.196624	1	14	7	5.499704	4.217355	10.192113	6.287452	0	0
conventional	ce443	144	0.768280	27.538006	1	14	7	6.345052	6.492464	9.894516	4.805974	0	0
conventional	ce444	144	0	18.729136	0	14	7	4.837914	1.007574	9.361444	3.522204	1.015819	0
holistic	he349	145	0	0	0	0	0	0	0	0	0	0	0
holistic	he350	145	1.784284	1.830251	1	1	8	0	0	0	1.830251	0	0
holistic	he351	145	2.486397	26.284681	5	21	14	0	20.836900	5.447781	0	6.536658	0
holistic	he352	146	0	0	0	0	0	0	0	0	0	0	0
holistic	he353	146	0	0	0	0	1	0	0	0	0	0	0
holistic	he354	146	1.711160	11.497599	4	15	15	0	6.081342	5.416257	0	5.709414	0
holistic	he355	146	0.435461	1.594859	1	2	1	0	1.594859	0	0	0	0
holistic	he356	147	0	0	0	0	0	0	0	0	0	0	0
holistic	he357	147	1.145320	20.950416	2	12	12	0	16.641216	4.309200	0	2.734357	0
holistic	he358	147	2.146621	14.061695	5	21	15	0	12.052208	2.009487	0	7.574415	0
conventional	ce445	147	1.104652	34.245801	1	14	7	8.817613	6.221119	14.697340	4.509729	0.889438	0
conventional	ce446	147	0	30.199126	0	14	7	9.304640	3.097854	14.768914	3.027718	0	0
holistic	he359	148	0	0	0	0	0	0	0	0	0	0.257101	0
holistic	he360	148	0.435461	1.604287	1	2	1	0	1.604287	0	0	0	0
holistic	he361	148	1.641172	17.106332	2	10	2	0	17.106332	0	0	1.366693	0
holistic	he362	148	1.784284	1.827104	1	1	8	0	0	0	1.827104	0	0
conventional	ce447	148	0.253806	23.683839	1	14	7	6.787360	5.519363	8.006161	3.370955	0	0
conventional	ce448	148	0	20.206943	0	14	7	5.064515	1.778419	9.069315	4.294694	0	0
holistic	he363	149	1.784284	0.914147	1	1	8	0	0	0	0.914147	0	0
holistic	he364	149	0	0	0	0	0	0	0	0	0	0	0
holistic	he365	149	0	0	0	0	0	0	0	0	0	0.257101	0
conventional	ce449	149	0	25.793219	0	14	7	5.587777	0.559388	11.787657	7.858397	0.400751	0
holistic	he366	150	0.435461	1.555347	1	2	2	0	1.555347	0	0	0	0
holistic	he367	150	14.818848	172.852568	12	108	13	0	0	172.852568	0	5.623156	0
holistic	he368	150	0.503830	2.062408	1	3	1	0	2.062408	0	0	0	0
holistic	he369	150	0	0	0	0	1	0	0	0	0	0	0
conventional	ce450	150	0	39.770433	0	14	7	3.423636	6.861970	18.899805	10.585022	0	0
conventional	ce451	150	0	34.324964	0	14	7	10.138101	4.154927	13.747893	6.284043	0	0
conventional	ce452	150	0	36.720850	0	14	7	9.179118	9.377160	10.490291	7.674281	0	0
holistic	he370	151	0.712060	0.937792	1	2	1	0	0.937792	0	0	0	0
holistic	he371	151	1.750182	0.880044	1	1	8	0	0	0	0.880044	0	0
holistic	he372	151	0.423158	2.639803	1	6	9	0	0.387429	2.252374	0	2.875954	0
conventional	ce453	151	0.812620	16.505736	1	14	7	3.494909	1.815352	7.699448	3.496027	0	0
conventional	ce454	151	0	27.542517	0	14	7	7.138630	2.207239	13.216266	4.980382	0	0
holistic	he373	152	0	0	0	0	2	0	0	0	0	0	0
holistic	he374	152	0	0	0	0	0	0	0	0	0	0	0
conventional	ce455	152	0	34.340262	0	14	7	4.932724	4.960043	16.192709	8.254786	0	0
conventional	ce456	152	0	34.581435	0	14	7	3.612677	4.141268	17.418008	9.409482	0	0
holistic	he375	153	0	0	0	0	2	0	0	0	0	0	0
conventional	ce457	153	0	50.634980	0	14	7	5.578862	5.134449	26.241349	13.680320	0	0
conventional	ce458	153	0	28.235087	0	14	7	8.282529	6.102838	8.228730	5.620990	0	0
conventional	ce459	153	0	25.589362	0	14	7	3.365271	6.960287	10.147293	5.116511	0	0
holistic	he376	154	2.006044	3.156944	1	1	8	0	0	0	3.156944	0	0
holistic	he377	154	1.784284	1.533143	1	1	8	0	0	0	1.533143	0	0
holistic	he378	155	0	0	0	0	0	0	0	0	0	0	0
holistic	he379	155	0.435461	2.776946	1	2	16	0	2.776946	0	0	5.579915	0
holistic	he380	155	0	0	0	0	0	0	0	0	0	0	0
holistic	he381	155	0.435461	2.865479	1	2	1	0	2.865479	0	0	0	0
holistic	he382	155	0.621994	5.326373	1	4	8	0	0	5.326373	0	2.204519	0
conventional	ce460	155	0	20.256710	0	14	7	4.488993	3.861441	8.514087	3.392189	0	0
conventional	ce461	155	0	32.144692	0	14	7	9.175722	6.423651	9.959926	6.585393	0	0
conventional	ce462	155	0	23.398139	0	14	7	7.307566	3.025896	8.980963	4.083714	0	0
holistic	he383	156	0	2.696234	0	3	4	0	0	2.696234	0	0	0
holistic	he384	156	0.234574	5.759108	2	8	11	0	5.759108	0	0	0	0
holistic	he385	156	2.313822	25.386778	2	12	2	0	25.386778	0	0	2.571986	0
conventional	ce463	156	0	24.339720	0	14	7	5.862381	1.898120	12.528861	4.050358	0.260811	0
conventional	ce464	156	0	21.946242	0	14	7	5.929263	4.838205	8.655433	2.523341	0	0
holistic	he386	157	0.435461	3.977487	1	3	1	0	3.977487	0	0	0.367949	0
holistic	he387	157	0.435461	1.985354	1	3	1	0	1.985354	0	0	0.817509	0
holistic	he388	157	0.479724	1.948992	1	3	1	0	1.948992	0	0	0	0
holistic	he389	158	0.960084	2.088585	1	2	1	0	2.088585	0	0	0	0
conventional	ce465	158	0	19.475953	0	14	7	5.374521	1.887687	10.171734	2.042011	0.260811	0
holistic	he390	159	0.435461	0.750882	1	2	1	0	0.750882	0	0	0	0
holistic	he391	159	0.435461	1.585075	1	2	1	0	1.585075	0	0	0	0
holistic	he392	159	0	9.567794	0	12	6	0	0	9.567794	0	0	0
holistic	he393	159	0	0	0	0	0	0	0	0	0	0	0
holistic	he394	159	0.435461	2.885216	1	2	1	0	2.885216	0	0	0	0
conventional	ce466	159	0	19.696673	0	14	7	4.854814	1.668135	9.447487	3.726237	2.079797	0
conventional	ce467	159	0	18.939945	0	14	7	6.131390	4.578415	5.527220	2.702920	0	0
conventional	ce468	159	0	25.045869	0	14	7	6.014367	3.836822	12.647720	2.546960	0	0
holistic	he395	160	3.928137	88.783266	5	38	12	0	84.179478	4.603788	0	4.565950	0
holistic	he396	160	0	0	0	0	2	0	0	0	0	0.405006	0
holistic	he397	160	1.711160	6.112101	4	15	19	0	4.102614	2.009487	0	6.400287	0
holistic	he398	160	0.115896	0.591985	1	2	1	0	0.591985	0	0	0	0
conventional	ce469	160	0	24.766149	0	14	7	3.394621	1.144100	12.066310	8.161118	0.803883	0
holistic	he399	161	1.513404	8.226146	4	15	16	0	5.737472	2.488674	0	6.400287	0
holistic	he400	161	1.784284	0.914147	1	1	8	0	0	0	0.914147	0	0
holistic	he401	161	0	0	0	0	0	0	0	0	0	0.116754	0
conventional	ce470	161	0	36.528614	0	14	7	10.703485	4.954467	13.754660	7.116002	0	0
conventional	ce471	161	0	17.185846	0	14	7	5.177222	2.077348	5.999040	3.932236	0.213421	0
holistic	he402	162	4.012088	5.643208	2	2	12	0	0	0	5.643208	0	0
holistic	he403	162	1.548281	6.742151	4	15	19	0	4.928186	1.813965	0	6.400287	0
conventional	ce472	162	0.572414	34.483789	1	14	7	8.937089	6.559557	13.026956	5.960187	0	0
holistic	he404	163	0	0	0	0	4	0	0	0	0	0	0
holistic	he405	163	0.435461	2.921518	1	2	1	0	2.921518	0	0	0	0
holistic	he406	163	0	0	0	0	2	0	0	0	0	0	0
conventional	ce473	163	0	21.254797	0	14	7	3.294307	0.672448	6.870734	10.417308	0	0
conventional	ce474	163	0	31.013312	0	14	7	6.151138	7.548835	9.776151	7.537188	0	0
conventional	ce475	163	0	23.446035	0	14	7	5.845390	2.272259	11.170431	4.157955	0.641930	0
conventional	ce476	163	0	25.536720	0	14	7	6.619762	2.735511	11.917804	4.263643	0	0
holistic	he407	164	0.435461	2.488113	1	2	1	0	2.488113	0	0	0	0
holistic	he408	164	1.156911	9.024388	1	4	1	0	9.024388	0	0	2.044773	0
holistic	he409	164	0	0	0	0	0	0	0	0	0	0	0
holistic	he410	164	0.435461	3.670413	1	2	1	0	3.670413	0	0	0	0
conventional	ce477	164	0	38.067983	0	14	7	8.803699	6.150621	16.124385	6.989278	0	0
holistic	he411	165	0.435461	1.483871	1	2	2	0	1.483871	0	0	0	0
holistic	he412	165	0	0	0	0	6	0	0	0	0	1.226456	0
holistic	he413	166	0.435461	3.276241	1	2	1	0	3.276241	0	0	0	0
conventional	ce478	166	0	18.712879	0	14	7	5.400341	1.434988	8.858033	3.019517	1.195640	0
conventional	ce479	166	0	30.527597	0	14	7	9.501627	1.494186	13.815922	5.715862	0	0
holistic	he414	167	0	0	0	0	0	0	0	0	0	0.436176	0
conventional	ce480	167	0	29.322769	0	14	7	2.908535	5.659892	14.798238	5.956104	0	0
conventional	ce481	167	0	25.919365	0	14	7	3.185604	1.189240	10.283475	11.261046	0	0
holistic	he415	168	0	0	0	0	0	0	0	0	0	0	0
holistic	he416	168	0	0	0	0	0	0	0	0	0	0	0
holistic	he417	169	1.711160	11.647284	4	24	15	0	9.637797	2.009487	0	6.400287	0
conventional	ce482	169	0	26.744529	0	14	7	3.014911	5.244153	10.380401	8.105064	0.803883	0
conventional	ce483	169	0.093800	30.613432	1	14	7	4.942816	5.414939	11.808988	8.446689	0	0
holistic	he418	170	1.711160	13.713576	4	24	19	0	9.637797	4.075779	0	6.400287	0
holistic	he419	170	10.732530	6.251543	7	9	14	0	0	4.917758	1.333785	1.963128	0
conventional	ce484	170	0	28.208207	0	14	7	5.965278	2.404197	13.192591	6.646141	0	0
holistic	he420	171	6.609130	80.279803	6	56	13	0	0	80.279803	0	3.887160	0
conventional	ce485	171	0	23.787095	0	14	7	2.191689	0.560577	10.761261	10.273568	0	0
conventional	ce486	171	0	34.608599	0	14	7	5.954972	3.162142	17.102572	8.388913	0	0
holistic	he421	172	0	11.139498	0	12	8	0	0	11.139498	0	0	0
conventional	ce487	172	0	25.658334	0	14	7	1.260883	7.345883	11.494154	5.557414	0	0
conventional	ce488	173	0	36.383766	0	14	7	2.582180	2.997549	22.907580	7.896457	0	0
holistic	he422	174	2.313822	26.295346	2	12	5	0	26.295346	0	0	2.923835	0
conventional	ce489	174	0	25.508552	0	14	7	7.172177	2.098437	10.273356	5.964582	1.015819	0
conventional	ce490	174	0	34.655966	0	14	7	9.633586	1.838989	16.731256	6.452135	0	0
conventional	ce491	174	0	15.234274	0	14	7	2.824939	4.275432	5.386606	2.747297	0	0
holistic	he423	175	0.482049	1.878862	1	3	1	0	1.878862	0	0	0.618414	0
conventional	ce492	175	0	22.484978	0	14	7	6.732312	4.049862	7.930307	3.772497	0.725487	0
conventional	ce493	175	0	17.841907	0	14	7	2.859439	1.155253	10.631236	3.195979	0.400751	0
conventional	ce494	175	0	32.805146	0	14	7	3.072498	5.102141	16.640746	7.989761	0	0
holistic	he424	176	0.435461	0.642463	1	2	4	0	0.642463	0	0	0	0
conventional	ce495	176	0	23.362227	0	14	7	2.034686	0.560577	10.136889	10.630075	0	0
holistic	he425	177	0.435461	2.811935	1	3	1	0	2.811935	0	0	1.100290	0
holistic	he426	177	6.062241	59.534765	5	41	13	0	55.752143	3.782622	0	4.253683	0
conventional	ce496	177	0	23.131103	0	14	7	2.240481	2.887200	12.793899	5.209523	0	0
conventional	ce497	177	0	28.962842	0	14	7	4.386573	7.540493	12.471453	4.564323	0	0
conventional	ce498	177	0	21.829492	0	14	7	4.777336	2.054140	10.870647	4.127369	0	0
holistic	he427	178	0	0	0	0	0	0	0	0	0	0	0
conventional	ce499	178	0	32.665250	0	14	7	2.755706	4.579305	17.585921	7.744318	0	0
conventional	ce500	178	0	39.597576	0	14	7	8.412411	9.588823	15.982901	5.613441	0.037406	0
conventional	ce501	178	0	30.929560	0	14	7	6.468665	5.890934	11.650029	6.919932	0	0
conventional	ce502	179	0	24.987043	0	14	7	8.442691	4.284384	8.701444	3.558524	0	0
conventional	ce503	179	0	27.328786	0	14	7	8.838278	5.697131	6.890615	5.902762	0.959146	0
conventional	ce504	179	0	21.986032	0	14	7	1.406473	0.729322	10.231177	9.619060	0	0
conventional	ce505	180	0	25.553349	0	14	7	2.532461	0.782654	10.553617	11.684617	0	0
conventional	ce506	180	0	25.195284	0	14	7	2.921613	1.492911	9.603991	11.176769	0	0
holistic	he428	181	0	0	0	0	0	0	0	0	0	0	0
conventional	ce507	181	0	31.564051	0	14	7	6.881076	1.585160	16.009127	7.088688	0.213421	0
conventional	ce508	182	0	33.400695	0	14	7	8.386660	6.108228	12.083575	6.822232	0	0
conventional	ce509	182	0	25.322402	0	14	7	6.652069	5.123826	11.091210	2.455297	0	0
conventional	ce510	182	0	37.531376	0	14	7	3.094564	7.539627	18.697778	8.199407	0	0
conventional	ce511	182	0	15.181856	0	14	7	2.082816	1.961353	8.216697	2.920990	0	0
conventional	ce512	183	0	35.835364	0	14	7	11.111360	4.461065	16.111410	4.151529	0	0
conventional	ce513	183	0	33.290523	0	14	7	5.809512	6.161589	13.535363	7.784059	0	0
conventional	ce514	183	0	33.638893	0	14	7	5.595133	4.133516	16.784569	7.125675	0	0
conventional	ce515	184	0	20.363443	0	14	7	4.408838	4.347099	7.861343	3.746163	1.192786	0
conventional	ce516	184	0	27.044791	0	14	7	6.812990	6.677273	7.071275	6.483253	0	0
holistic	he429	185	2.286895	2.325165	1	1	8	0	0	0	2.325165	0	0
holistic	he430	185	0.435461	3.243637	1	2	1	0	3.243637	0	0	0	0
conventional	ce517	185	0	28.098749	0	14	7	5.363884	4.634452	13.009648	5.090765	0	0
conventional	ce518	186	0	30.593667	0	14	7	6.549715	4.080034	15.457147	4.506771	0	0
conventional	ce519	187	2.072904	34.007308	1	14	7	4.384645	6.654640	17.102920	5.865103	0	0
conventional	ce520	187	0	28.713786	0	14	7	3.462049	4.882412	14.820102	5.549223	0	0
conventional	ce521	188	0	36.054484	0	14	7	3.948686	3.258220	14.519692	14.327886	0	0
conventional	ce522	188	0	38.721843	0	14	7	8.610878	7.232008	18.912714	3.966243	0	0
conventional	ce523	190	0	22.067478	0	14	7	5.989141	4.257303	9.107136	2.713898	0	0
conventional	ce524	190	0	18.693104	0	14	7	4.177960	1.668354	9.920643	2.926147	1.195640	0
holistic	he431	191	0	0	0	0	0	0	0	0	0	0	0
conventional	ce525	192	0	27.668635	0	14	7	5.179198	5.700848	9.035696	7.752893	0	0
conventional	ce526	192	0	23.143015	0	14	7	4.425792	1.395984	8.329862	8.991377	0	0
conventional	ce527	192	0	31.283671	0	14	7	10.299742	4.514537	12.825186	3.644206	0	0
conventional	ce528	193	0	29.940334	0	14	7	6.483181	4.952534	11.305683	7.198936	0	0
conventional	ce529	193	0	17.109722	0	14	7	2.154528	0.806071	11.505769	2.643354	0	0
conventional	ce530	193	0	29.396588	0	14	7	9.240107	5.497573	10.425251	4.233657	0	0
holistic	he432	194	0.435461	0.710938	1	2	1	0	0.710938	0	0	0	0
holistic	he433	194	0	0	0	0	2	0	0	0	0	0	0
holistic	he434	194	0	0	0	0	0	0	0	0	0	0.957940	0
holistic	he435	194	0.435461	3.481115	1	2	1	0	3.481115	0	0	0	0
conventional	ce531	194	0	35.725898	0	14	7	8.348086	8.659067	7.617060	11.101685	0	0
holistic	he436	195	0.909438	1.782047	1	3	2	0	1.782047	0	0	0.817509	0
holistic	he437	195	1.531788	11.591121	2	15	9	0	8.192854	3.398267	0	0	0
holistic	he438	195	2.006044	3.156944	1	1	8	0	0	0	3.156944	0	0
conventional	ce532	195	0	43.986527	0	14	7	8.931741	8.378979	18.216176	8.459631	0	0
holistic	he439	196	0.712060	2.929682	1	2	1	0	2.929682	0	0	0	0
holistic	he440	196	1.711160	5.782434	4	15	19	0	3.772947	2.009487	0	6.400287	0
conventional	ce533	197	0	32.052658	0	14	7	1.347544	4.777729	15.963396	9.963989	0	0
conventional	ce534	197	0	15.979435	0	14	7	3.425220	4.750630	4.271668	3.531917	1.496227	0
conventional	ce535	197	0.093800	31.246736	1	14	7	1.835072	7.256049	15.796033	6.359582	0	0
holistic	he441	198	14.981972	256.078336	12	128	13	0	0	256.078336	0	5.623156	0
conventional	ce536	198	0	37.881325	0	14	7	9.884634	2.744981	15.410171	9.841539	0	0
conventional	ce537	198	0	26.476627	0	14	7	3.140664	0.243296	10.256899	12.835768	0	0
conventional	ce538	198	0	27.700271	0	14	7	7.258966	2.360743	13.156360	4.924202	0	0
conventional	ce539	198	0	41.133595	0	14	7	4.117411	6.623714	14.495573	15.896897	0.037406	0
holistic	he442	199	0	0	0	0	0	0	0	0	0	0	0
holistic	he443	199	1.560668	0.690531	1	1	12	0	0	0	0.690531	0	0
holistic	he444	199	0	0	0	0	0	0	0	0	0	0	0
conventional	ce540	199	0	35.719566	0	14	7	3.770303	7.704604	16.415662	7.828997	0	0
conventional	ce541	199	0	20.307520	0	14	7	5.523351	3.891196	6.657956	4.235017	0	0
conventional	ce542	199	0	20.188461	0	14	7	3.626686	4.940370	6.476580	5.144825	0	0
conventional	ce543	199	0	25.073409	0	14	7	7.952406	2.714220	10.638569	3.768214	0	0
holistic	he445	200	0	0	0	0	4	0	0	0	0	0	0
holistic	he446	200	0.503830	0.181948	1	2	1	0	0.181948	0	0	0	0
conventional	ce544	200	0	23.122681	0	14	7	5.684887	5.280248	9.500495	2.657051	0.803883	0
holistic	he447	201	0	14.250542	0	12	12	0	0	14.250542	0	0	0
holistic	he448	202	0.435461	3.315123	1	3	1	0	3.315123	0	0	0.825177	0
conventional	ce545	202	0	35.594231	0	14	7	8.708323	10.086090	6.153756	10.646062	1.634128	0
holistic	he449	203	0.435461	3.343666	1	2	1	0	3.343666	0	0	0	0
holistic	he450	203	0.464152	7.026772	2	9	19	0	5.450697	1.576075	0	2.133429	0
holistic	he451	203	2.006044	3.156944	1	1	8	0	0	0	3.156944	0	0
holistic	he452	204	0.435461	1.155579	1	2	2	0	1.155579	0	0	0	0
conventional	ce546	204	0	36.438221	0	14	7	11.898157	5.886977	13.784318	4.868769	0	0
holistic	he453	205	0.435461	2.125166	1	3	1	0	2.125166	0	0	0.817509	0
conventional	ce547	205	0.093800	27.871309	1	14	7	4.188348	4.876130	11.715226	7.091605	0	0
holistic	he454	206	0.712060	3.135307	1	2	1	0	3.135307	0	0	0	0
conventional	ce548	206	0	15.177182	0	14	7	2.458456	4.530282	6.755788	1.432656	0	0
holistic	he455	207	0.435461	2.809787	1	3	1	0	2.809787	0	0	1.100290	0
holistic	he456	207	0.435461	10.434146	1	6	5	0	5.628298	4.805848	0	0	0
conventional	ce549	207	0	33.675490	0	14	7	7.116007	4.538472	13.428331	8.592680	0	0
conventional	ce550	207	0	33.633111	0	14	7	5.460577	3.858879	13.881433	10.432222	0	0
conventional	ce551	207	0	32.516854	0	14	7	9.985451	2.351551	14.535326	5.644526	0	0
holistic	he457	208	0	0	0	0	0	0	0	0	0	0	0
holistic	he458	208	0.245962	1.264576	1	2	1	0	1.264576	0	0	0	0
holistic	he459	208	1.784284	0.914147	1	1	8	0	0	0	0.914147	0	0
conventional	ce552	208	0	25.865213	0	14	7	4.332258	7.545320	11.462210	2.525425	0	0
holistic	he460	209	1.197249	7.812597	3	12	11	0	4.090981	3.721616	0	4.266858	0
holistic	he461	209	0.658551	2.813814	3	8	10	0	0.596216	2.217598	0	5.975422	0
holistic	he462	209	0.435461	3.303232	1	3	1	0	3.303232	0	0	1.193866	0
holistic	he463	210	2.313822	33.836032	2	12	2	0	33.836032	0	0	2.571986	0
holistic	he464	210	1.460577	1.218844	1	1	8	0	0	0	1.218844	1.136130	0
conventional	ce553	210	0	33.080564	0	14	7	5.264348	6.654929	12.889682	8.271605	0	0
holistic	he465	211	0.435461	1.197750	1	2	1	0	1.197750	0	0	0	0
holistic	he466	211	0.435461	2.666358	1	2	1	0	2.666358	0	0	0	0
conventional	ce554	211	0	34.209353	0	14	7	8.167734	5.520903	13.154254	7.366462	0.959146	0
conventional	ce555	211	0	35.405949	0	14	7	7.946201	4.894233	14.063386	8.502129	0	0
holistic	he467	212	0	0	0	0	0	0	0	0	0	0.478970	0
holistic	he468	212	0.435461	2.042771	1	3	1	0	2.042771	0	0	0.817509	0
holistic	he469	213	0	0	0	0	0	0	0	0	0	0	0
conventional	ce556	213	0	25.018098	0	14	7	6.081572	2.561781	10.828153	5.546592	0	0
conventional	ce557	213	0	22.103942	0	14	7	3.432637	3.988165	9.912118	4.771022	0	0
conventional	ce558	213	0	15.536327	0	14	7	1.622786	4.805555	5.865101	3.242885	0	0
holistic	he470	214	0.909438	1.351247	1	3	2	0	1.351247	0	0	0.847337	0
holistic	he471	214	1.711160	22.119390	4	24	19	0	10.813386	11.306004	0	6.452256	0
holistic	he472	214	0.435461	9.161075	1	6	3	0	9.161075	0	0	0	0
holistic	he473	214	1.575749	4.297904	3	8	7	0	2.059342	2.238562	0	2.384252	0
holistic	he474	214	0	18.055466	0	12	12	0	0	18.055466	0	0	0
conventional	ce559	214	0.572414	32.794399	1	14	7	8.649170	5.890545	13.016250	5.238434	0	0
holistic	he475	215	0.435461	3.407552	1	2	1	0	3.407552	0	0	0	0
holistic	he476	215	0.570726	1.784434	3	8	7	0	0.108738	1.675696	0	2.467026	0
conventional	ce560	215	0	22.746742	0	14	7	3.142311	1.269432	9.165829	9.169170	0	0
conventional	ce561	215	0	13.397459	0	14	7	5.106172	1.746736	5.199115	1.345436	0.575767	0
conventional	ce562	215	0	19.627493	0	14	7	5.853942	1.973805	9.861483	1.938263	0.382305	0
conventional	ce563	215	0	58.125969	0	14	7	9.943849	8.441297	26.638810	13.102013	0	0
conventional	ce564	215	0	28.791652	0	14	7	8.292202	1.233335	11.726862	7.539253	0	0
holistic	he477	216	0.909438	1.990023	1	3	2	0	1.990023	0	0	0.817509	0
conventional	ce565	216	0	19.850081	0	14	7	5.226563	4.593285	6.217664	3.812569	0	0
conventional	ce566	216	0	27.356075	0	14	7	3.366802	2.302157	10.927011	10.760105	0	0
holistic	he478	217	0	0	0	0	0	0	0	0	0	0.957940	0
holistic	he479	217	3.498536	9.406473	7	21	15	0	7.311420	2.095053	0	6.400287	0
holistic	he480	217	0	0	0	0	2	0	0	0	0	0	0
conventional	ce567	217	0	30.127790	0	14	7	7.881172	1.677749	11.163085	9.405784	0	0
conventional	ce568	217	0	30.527557	0	14	7	1.230845	5.458816	15.248001	8.589895	0	0
conventional	ce569	217	0	20.842507	0	14	7	5.085402	1.594185	10.984347	3.178573	1.278248	0
conventional	ce570	217	0	23.324091	0	14	7	5.429092	1.085842	12.241881	4.567276	0.407336	0
holistic	he481	218	0.435461	2.278108	1	2	1	0	2.278108	0	0	0	0
conventional	ce571	218	0	41.775880	0	14	7	9.842661	1.855840	18.087865	11.989514	0	0
conventional	ce572	218	0.931705	23.242008	1	14	7	7.646655	5.124981	6.892046	3.578326	0	0
conventional	ce573	218	0	26.302905	0	14	7	7.436727	3.344499	12.276823	3.244856	0	0
holistic	he482	219	0.435461	2.389822	1	2	1	0	2.389822	0	0	0	0
holistic	he483	219	0.870922	11.205566	2	8	2	0	11.205566	0	0	0	0
holistic	he484	219	0	0	0	0	6	0	0	0	0	0	0
holistic	he485	219	0	0	0	0	0	0	0	0	0	0	0
conventional	ce574	219	0	33.541183	0	14	7	7.046442	4.971350	14.647671	6.875720	0	0
holistic	he486	220	1.711160	14.140358	4	24	19	0	11.688191	2.452167	0	6.400287	0
holistic	he487	220	3.191414	12.903608	3	9	7	0	1.077424	11.826184	0	2.464510	0
holistic	he488	220	0	6.904392	0	5	9	0	0	6.904392	0	0	0
conventional	ce575	220	0	39.163409	0	14	7	9.071804	2.803761	18.685627	8.602217	0	0
holistic	he489	221	0.435461	0.305082	1	1	1	0	0.305082	0	0	0	0
holistic	he490	221	0.435461	0.900832	1	4	1	0	0.900832	0	0	0.825177	0
conventional	ce576	221	0	25.472510	0	14	7	7.890397	2.465389	9.518634	5.598090	1.015819	0
conventional	ce577	221	0	31.677687	0	14	7	5.426221	6.027475	12.158044	8.065947	0	0
holistic	he491	222	0.435461	0.212055	1	2	1	0	0.212055	0	0	0	0
conventional	ce578	222	0	34.198530	0	14	7	3.461197	7.186971	16.495111	7.055251	0	0
conventional	ce579	222	0	21.430862	0	14	7	5.601970	1.700767	9.932294	4.195831	3.626164	0
holistic	he492	223	0	0	0	0	0	0	0	0	0	0	0
holistic	he493	223	0	0	0	0	3	0	0	0	0	0	0
holistic	he494	223	0.652099	1.414387	1	2	1	0	1.414387	0	0	0	0
conventional	ce580	223	0	24.097676	0	14	7	3.575759	1.122841	8.162633	11.236443	0	0
conventional	ce581	223	0	35.189418	0	14	7	5.882629	6.850023	13.143134	9.313632	0	0
conventional	ce582	223	0	21.218417	0	14	7	4.771081	0.323019	8.390794	7.733523	0	0
holistic	he495	224	0	0	0	0	3	0	0	0	0	0	0
holistic	he496	224	0	15.528704	0	12	12	0	0	15.528704	0	0	0
holistic	he497	224	0.435461	1.605584	1	2	2	0	1.605584	0	0	0	0
conventional	ce583	224	0	22.927582	0	14	7	1.022394	4.248610	12.483150	5.173428	0	0
conventional	ce584	224	0	23.964353	0	14	7	4.003173	1.405632	9.308021	9.247527	0	0
holistic	he498	225	0	0	0	0	1	0	0	0	0	0	0
holistic	he499	226	4.696829	7.584325	7	22	15	0	3.209797	4.374528	0	6.400287	0
conventional	ce585	226	0	23.991205	0	14	7	5.903469	2.742525	11.553409	3.791802	0	0
conventional	ce586	226	0	36.365953	0	14	7	4.228678	7.244886	20.066699	4.825690	0	0
conventional	ce587	226	0	30.838572	0	14	7	8.474365	0.936193	13.059237	8.368777	0	0
conventional	ce588	226	0	22.013852	0	14	7	1.582370	0.455303	10.942539	9.033640	1.690746	0
conventional	ce589	226	0	29.141200	0	14	7	4.527868	1.328146	9.900013	13.385173	0	0
holistic	he500	227	0.435461	1.030017	1	3	1	0	1.030017	0	0	0.817509	0
conventional	ce590	227	0	25.764380	0	14	7	4.440975	1.176337	7.721333	12.425735	0	0
holistic	he501	228	0	0	0	0	0	0	0	0	0	0	0
holistic	he502	228	0.435461	5.744952	1	3	1	0	5.744952	0	0	0.477671	0
conventional	ce591	228	0	27.853071	0	14	7	9.788894	2.406020	11.734655	3.923502	0	0
holistic	he503	229	0.294843	2.222470	1	2	1	0	2.222470	0	0	0	0
holistic	he504	229	0.503830	0.181948	1	2	1	0	0.181948	0	0	0	0
conventional	ce592	229	0	41.547866	0	14	7	7.672659	9.347669	13.295437	11.232101	0	0
conventional	ce593	229	0	31.042456	0	14	7	6.800987	5.989806	10.484935	7.766728	0	0
conventional	ce594	229	0	36.557153	0	14	7	6.094689	5.640886	15.527736	9.293842	0	0
holistic	he505	230	2.951488	34.473696	2	12	2	0	34.473696	0	0	3.131615	0
holistic	he506	230	2.286895	2.325165	1	1	8	0	0	0	2.325165	0	0
conventional	ce595	231	0	34.557342	0	14	7	9.847580	7.179259	11.181082	6.349421	0.959146	0
conventional	ce596	232	0	34.633395	0	14	7	6.038501	6.280238	14.159499	8.155157	1.368658	0
conventional	ce597	233	0	43.161654	0	14	7	9.967170	2.359159	20.057949	10.777376	0	0
holistic	he507	234	0.435461	3.246195	1	4	1	0	3.246195	0	0	0.825177	0
conventional	ce598	234	0	38.120504	0	14	7	7.120179	6.542419	14.849434	9.608472	0	0
conventional	ce599	234	0	21.512541	0	14	7	2.203002	1.807094	9.837234	7.665211	0	0
conventional	ce600	235	0	22.727606	0	14	7	2.649589	1.452030	9.077735	9.548252	0	0
conventional	ce601	235	0	35.841524	0	14	7	7.695224	8.362397	8.691319	11.092584	0	0
conventional	ce602	235	2.072904	36.729615	1	14	7	6.877008	9.086597	17.565222	3.200788	0	0
holistic	he508	236	0.435461	2.800656	1	2	1	0	2.800656	0	0	0	0
holistic	he509	237	0	0	0	0	2	0	0	0	0	0	0
holistic	he510	237	2.006044	3.489525	1	1	8	0	0	0	3.489525	0	0
holistic	he511	238	0	1.936818	0	2	5	0	1.936818	0	0	0	0
conventional	ce603	238	0	42.184963	0	14	7	10.679687	3.275115	16.820462	11.409699	0	0
conventional	ce604	238	0	24.743538	0	14	7	7.995318	2.585998	9.512260	4.649962	1.270459	0
conventional	ce605	238	0	27.445738	0	14	7	3.891957	0.570463	9.823803	13.159515	0	0
holistic	he512	239	0	0	0	0	0	0	0	0	0	0	0
conventional	ce606	239	0	39.040431	0	14	7	2.882395	8.263202	17.621034	10.273800	0	0
conventional	ce607	239	0	20.201564	0	14	7	4.604919	5.052519	6.429131	4.114995	0	0
conventional	ce608	239	0	23.759344	0	14	7	4.637400	5.470419	8.569611	5.081914	0	0
conventional	ce609	240	0	30.103669	0	14	7	10.008482	5.705209	10.180889	4.209089	0	0
holistic	he513	241	0	0	0	0	6	0	0	0	0	0	0
holistic	he514	241	0.870922	14.060208	2	12	2	0	14.060208	0	0	3.967108	0
conventional	ce610	241	0	22.695664	0	14	7	4.650658	1.236173	8.394815	8.414018	0	0
conventional	ce611	241	0	28.082602	0	14	7	4.838114	1.186967	9.782349	12.275172	0	0
conventional	ce612	241	0	26.160040	0	14	7	7.967108	2.456994	9.994825	5.741113	1.015819	0
conventional	ce613	241	0	38.020479	0	14	7	1.353723	3.820593	19.407142	13.439021	0	0
holistic	he515	242	4.037118	7.911692	6	16	17	0	4.655268	3.256424	0	1.412068	0
conventional	ce614	242	0	31.962584	0	14	7	8.175452	2.584113	13.601545	7.601474	0	0
conventional	ce615	242	0	38.829407	0	14	7	4.856401	5.411660	18.142592	10.418754	0	0
conventional	ce616	242	0	28.446837	0	14	7	8.278931	3.171194	10.755351	6.241361	0	0
conventional	ce617	242	0	14.460931	0	14	7	2.005757	0.743440	9.298586	2.413148	0	0
conventional	ce618	242	0	26.606512	0	14	7	2.654118	1.256048	10.644109	12.052237	0	0
conventional	ce619	242	0	25.150359	0	14	7	7.422457	2.037320	10.727631	4.962951	0	0
holistic	he516	243	0.435461	3.196421	1	2	1	0	3.196421	0	0	0	0
conventional	ce620	243	0	32.615888	0	14	7	9.153724	1.011349	14.579181	7.871634	0	0
conventional	ce621	243	0	33.876241	0	14	7	9.775263	2.737121	11.723662	9.640195	0	0
conventional	ce622	243	0	35.385212	0	14	7	10.271417	4.320137	14.885788	5.907870	0	0
conventional	ce623	243	0	26.387088	0	14	7	10.183204	3.859685	9.971055	2.373144	0	0
conventional	ce624	244	0	33.307753	0	14	7	11.119535	5.178895	13.928977	3.080346	0	0
conventional	ce625	244	0	32.464279	0	14	7	5.729655	7.203465	11.360403	8.170756	0	0
conventional	ce626	244	0	30.649026	0	14	7	11.069755	5.891411	9.449585	4.238275	0	0
holistic	he517	245	2.880222	9.210687	5	15	25	0	4.691715	4.518972	0	0	0
holistic	he518	245	0.435461	3.449521	1	2	1	0	3.449521	0	0	0	0
conventional	ce627	245	0	24.931269	0	14	7	5.886517	3.279864	10.232814	5.532074	0.900691	0
conventional	ce628	245	0	27.885308	0	14	7	5.209643	6.936719	11.442167	4.296779	0.143123	0
conventional	ce629	245	0	41.176743	0	14	7	10.094627	6.434254	14.743811	9.904051	0	0
conventional	ce630	245	0	43.047612	0	14	7	10.744876	2.874798	19.728975	9.698963	0	0
holistic	he519	246	0	16.245494	0	12	10	0	0	16.245494	0	0	0
holistic	he520	247	0	14.053202	0	12	12	0	0	14.053202	0	0	0
conventional	ce631	247	0	30.474574	0	14	7	8.453264	2.095583	13.750163	6.175564	0	0
conventional	ce632	247	0	43.184169	0	14	7	7.346665	4.859074	21.106334	9.872096	0	0
conventional	ce633	247	0	22.148875	0	14	7	2.677474	3.051936	11.287754	5.131711	0	0
conventional	ce634	247	0	38.133911	0	14	7	10.720729	2.449888	16.968086	7.995208	0	0
conventional	ce635	247	0	38.821210	0	14	7	7.046557	7.247979	13.927992	10.598682	0	0
conventional	ce636	247	0	28.877337	0	14	7	7.186413	1.046721	14.433848	6.210355	0	0
holistic	he521	249	0.464152	7.761271	2	9	19	0	6.117607	1.643664	0	2.133429	0
conventional	ce637	249	0	34.776180	0	14	7	1.535115	5.990022	17.517519	9.733524	0	0
conventional	ce638	250	0	26.264681	0	14	7	3.758197	2.579497	8.264168	11.662819	0	0
conventional	ce639	250	0	35.870100	0	14	7	10.570558	4.069719	14.834600	6.395223	0	0
conventional	ce640	250	0	29.896195	0	14	7	7.199258	1.375948	12.342427	8.978562	0	0
holistic	he522	251	0.937353	2.190832	1	3	10	0	0	2.190832	0	2.024130	0
conventional	ce641	251	0	38.700469	0	14	7	9.303085	0.850811	17.149538	11.397035	0	0
conventional	ce642	251	0	33.444584	0	14	7	10.656801	3.898354	12.844491	6.044938	0	0
conventional	ce643	251	0	33.267287	0	14	7	8.228927	9.425322	7.874644	7.738394	0	0
conventional	ce644	252	0	21.269995	0	14	7	6.811286	4.274929	6.012976	4.170804	0	0
conventional	ce645	252	0.428513	22.530608	1	14	7	3.473889	4.352666	8.736677	5.967376	0	0
conventional	ce646	252	0	45.102764	0	14	7	9.594926	4.535410	20.166711	10.805717	0	0
conventional	ce647	252	0	25.046061	0	14	7	7.793666	2.737694	9.327975	5.186726	1.015819	0
conventional	ce648	252	0	31.976554	0	14	7	4.273920	6.211937	11.933607	9.557090	0	0
holistic	he523	253	0	0	0	0	0	0	0	0	0	0	0
conventional	ce649	253	0	37.827422	0	14	7	8.190119	3.796926	15.039415	10.800962	0	0
conventional	ce650	253	0	13.696591	0	14	7	2.615885	3.648261	4.178400	3.254045	0	0
conventional	ce651	253	0	48.544336	0	14	7	2.619248	8.371044	23.067813	14.486231	0	0
conventional	ce652	253	0	21.663241	0	14	7	5.438267	2.126875	11.463088	2.635011	0.382305	0
conventional	ce653	253	0	36.602565	0	14	7	8.636826	5.311746	14.452882	8.201111	0.959146	0
conventional	ce654	253	0	23.039374	0	14	7	6.902983	2.579229	10.955878	2.601284	0	0
holistic	he524	254	0.464152	7.087036	2	9	24	0	5.028002	2.059034	0	2.563379	0
holistic	he525	254	0	3.437568	0	2	2	0	3.437568	0	0	4.794066	0
holistic	he526	254	0	0	0	0	6	0	0	0	0	0	0
conventional	ce655	254	0	17.406436	0	14	7	3.370460	4.843163	6.390518	2.802295	0	0
conventional	ce656	254	0	21.774883	0	14	7	0.326624	6.817157	11.656284	2.974818	0	0
conventional	ce657	254	0	22.301947	0	14	7	6.833992	1.816073	11.688660	1.963222	1.062592	0
conventional	ce658	254	0	20.888386	0	14	7	3.244488	1.012619	7.119059	9.512220	0.345645	0
conventional	ce659	254	0	21.893393	0	14	7	5.861789	1.079966	8.579188	6.372450	0	0
holistic	he527	255	0.435461	0.303294	1	1	1	0	0.303294	0	0	0	0
holistic	he528	255	0	21.715022	0	16	12	0	0	21.715022	0	0.073493	0
holistic	he529	255	0	0	0	0	0	0	0	0	0	0.859900	0
conventional	ce660	255	0	33.557691	0	14	7	8.574840	3.961712	11.299966	9.721173	0	0
conventional	ce661	255	0	29.212785	0	14	7	10.384748	3.250846	11.506736	4.070455	0	0
holistic	he530	256	0.435461	3.369710	1	4	1	0	3.369710	0	0	0.477671	0
holistic	he531	256	0.435461	0.917765	1	1	1	0	0.917765	0	0	0	0
conventional	ce662	256	0	18.112898	0	14	7	3.855588	3.491126	8.837311	1.928873	1.278248	0
conventional	ce663	256	0	41.171319	0	14	7	11.215067	6.430514	11.168814	12.356924	0	0
conventional	ce664	256	0	30.397236	0	14	7	10.700534	3.231469	11.268383	5.196850	0	0
holistic	he532	257	0	0.989812	0	8	17	0	0	0.989812	0	0	0
conventional	ce665	257	0	34.097096	0	14	7	6.992292	4.883925	15.440467	6.780412	0	0
conventional	ce666	257	0	32.265337	0	14	7	6.601231	3.400962	13.721223	8.541921	0	0
conventional	ce667	257	0	27.481647	0	14	7	6.914039	4.038404	11.089112	5.440092	1.379298	0
conventional	ce668	257	0	36.551971	0	14	7	9.124726	0.784501	14.962553	11.680191	0	0
conventional	ce669	257	0	28.152460	0	14	7	8.501017	2.710378	10.812661	6.128404	0	0
holistic	he533	258	0	11.951744	0	12	12	0	0	11.951744	0	0	0
holistic	he534	258	0.435461	2.664605	1	3	1	0	2.664605	0	0	1.193866	0
holistic	he535	258	6.948450	13.159677	9	27	15	0	8.089380	5.070297	0	6.400287	0
holistic	he536	258	0.435461	1.817869	1	2	1	0	1.817869	0	0	0	0
conventional	ce670	258	0	29.622315	0	14	7	7.767041	4.918888	13.916681	3.019705	0	0
conventional	ce671	258	0	28.304128	0	14	7	6.860466	2.644863	12.873569	5.925230	1.379298	0
conventional	ce672	258	0	37.737665	0	14	7	11.040197	4.323232	14.481932	7.892304	0	0
holistic	he537	259	0.435461	0.024101	1	1	1	0	0.024101	0	0	0	0
holistic	he538	259	0.503830	0.085505	1	2	1	0	0.085505	0	0	0	0
holistic	he539	259	0.417996	2.825703	1	3	1	0	2.825703	0	0	0.767457	0
conventional	ce673	259	0	33.487062	0	14	7	10.597251	2.818032	12.905237	7.166542	0.382305	0
conventional	ce674	259	0	44.130658	0	14	7	9.294871	4.785727	20.246513	9.803547	0	0
conventional	ce675	259	0	23.025192	0	14	7	6.790783	1.992547	11.611531	2.630331	1.062592	0
conventional	ce676	259	0	28.537319	0	14	7	5.146494	7.171047	11.914094	4.305684	0.585162	0
holistic	he540	260	1.855917	8.439088	3	13	18	0	6.648646	1.790442	0	1.858886	0
holistic	he541	260	2.848034	14.684499	4	10	13	0	0.316530	14.367969	0	1.368321	0
conventional	ce677	260	0	37.598361	0	14	7	9.352818	8.251038	12.683959	7.310546	0.959146	0
holistic	he542	261	2.286895	2.035278	1	1	8	0	0	0	2.035278	0	0
holistic	he543	262	0.945350	4.518180	2	10	14	0	2.696132	1.822048	0	4.266858	0
conventional	ce678	262	0	23.079638	0	14	7	5.306048	2.313539	12.388253	3.071798	1.184998	0
holistic	he544	263	0.435461	2.838367	1	3	1	0	2.838367	0	0	1.100290	0
holistic	he545	263	0	0	0	0	6	0	0	0	0	0	0
holistic	he546	263	0.435461	1.870437	1	2	1	0	1.870437	0	0	0	0
conventional	ce679	263	0	27.271226	0	14	7	5.555190	3.668292	11.425389	6.622355	0	0
conventional	ce680	263	0	20.426465	0	14	7	7.206905	3.996589	5.228047	3.994924	0	0
conventional	ce681	263	0	39.411883	0	14	7	7.971209	1.812517	17.362003	12.266154	0	0
holistic	he547	264	0.202639	2.684988	1	3	1	0	2.684988	0	0	2.387732	0
holistic	he548	264	0	0	0	0	6	0	0	0	0	0	0
holistic	he549	264	0.503830	0.299593	1	2	1	0	0.299593	0	0	0	0
conventional	ce682	265	0	39.370092	0	14	7	12.077069	2.086050	21.488760	3.718213	0.220813	0
conventional	ce683	265	0	44.133379	0	14	7	7.597118	5.406868	16.599194	14.530199	0.417249	0
conventional	ce684	265	0	30.773473	0	14	7	4.208323	1.974398	12.750450	11.840302	0	0
holistic	he550	266	0	0	0	0	0	0	0	0	0	0	0
holistic	he551	266	0.435461	0.226953	1	1	1	0	0.226953	0	0	0	0
conventional	ce685	266	0	46.595180	0	14	7	10.450963	2.427511	21.748267	11.968439	0.935791	0
conventional	ce686	266	0	22.798219	0	14	7	0.821173	2.438429	14.135104	5.403513	0	0
conventional	ce687	266	0	37.515451	0	14	7	8.957779	3.790577	16.490509	8.276586	0	0
holistic	he552	267	1.138227	6.983500	3	7	10	0	0.303294	6.680206	0	2.771958	0
conventional	ce688	267	0	23.478258	0	14	7	5.646578	3.118042	12.965397	1.748241	1.184998	0
conventional	ce689	267	0	26.503684	0	14	7	9.060534	3.254010	9.690012	4.499128	1.379298	0
conventional	ce690	267	0	32.496475	0	14	7	9.096656	0.912796	15.862059	6.624964	0	0
holistic	he553	268	0.435461	4.823278	1	3	1	0	4.823278	0	0	0.651039	0
conventional	ce691	268	0	26.998230	0	14	7	6.368029	2.557699	13.818733	4.253769	0	0
holistic	he554	269	1.671092	1.709362	1	1	9	0	0	0	1.709362	0.326697	0
holistic	he555	269	0	0	0	0	0	0	0	0	0	0	0
conventional	ce692	269	0	30.028711	0	14	7	8.723734	3.037192	13.034847	5.232938	0	0
conventional	ce693	269	0	30.761455	0	14	7	7.200577	5.623112	9.974679	7.963087	0	0
holistic	he556	270	2.307990	16.654297	3	10	8	0	7.747971	8.906326	0	1.629052	0
holistic	he557	270	0	0	0	0	8	0	0	0	0	1.911360	0
conventional	ce694	270	0.522969	20.750193	2	14	7	3.473889	4.352666	8.738979	4.184659	0	0
holistic	he558	271	0	17.369468	0	16	12	0	0	17.369468	0	0.073493	0
holistic	he559	271	4.983882	41.000199	7	28	20	0	3.359421	37.640778	0	2.736642	0
conventional	ce695	271	0	22.969919	0	14	7	6.544268	2.013102	12.130932	2.281617	1.062592	0
holistic	he560	272	0.909438	1.022304	1	3	2	0	1.022304	0	0	0.807479	0
conventional	ce696	272	0	44.926796	0	14	7	8.433272	1.886169	19.692402	14.914953	0	0
holistic	he561	273	4.582737	6.473026	4	8	4	0	2.963060	3.509966	0	1.596118	0
holistic	he562	273	0	0	0	0	0	0	0	0	0	0	0
holistic	he563	273	0	13.465722	0	10	10	0	0	13.465722	0	0	0
holistic	he564	274	6.478059	13.633037	8	25	14	0	8.562740	5.070297	0	6.723168	0
holistic	he565	274	0	15.180336	0	12	12	0	0	15.180336	0	0.073493	0
holistic	he566	274	0.435461	0.303364	1	1	1	0	0.303364	0	0	0	0
holistic	he567	274	0	0	0	0	6	0	0	0	0	0	0
holistic	he568	275	0	0	0	0	6	0	0	0	0	0	0
holistic	he569	275	0.909438	1.990023	1	3	2	0	1.990023	0	0	0.817509	0
holistic	he570	275	0	0	0	0	3	0	0	0	0	0	0
conventional	ce697	275	0	29.572646	0	14	7	4.927184	6.035899	14.188288	4.421275	1.007246	0
conventional	ce698	275	0	21.743763	0	14	7	4.359730	1.391753	9.927568	6.064712	0	0
conventional	ce699	275	0	27.620778	0	14	7	9.906189	2.679040	11.774649	3.260900	0	0
holistic	he571	276	0	0	0	0	6	0	0	0	0	0	0
holistic	he572	276	0.303161	1.212655	1	2	2	0	1.212655	0	0	0	0
conventional	ce700	276	0	25.373135	0	14	7	8.329171	5.145578	5.667742	6.230644	0	0
conventional	ce701	276	0	32.973167	0	14	7	4.275549	7.131438	12.676466	8.889714	0	0
holistic	he573	277	0.047735	0.637070	1	2	1	0	0.637070	0	0	0	0
holistic	he574	277	0	0	0	0	0	0	0	0	0	0	0
holistic	he575	277	0.435461	0.200711	1	1	2	0	0.200711	0	0	1.531375	0
holistic	he576	277	0.303161	1.386029	1	2	1	0	1.386029	0	0	0	0
conventional	ce702	277	0	21.564204	0	14	7	6.069332	0.827603	12.627556	2.039713	1.348944	0
conventional	ce703	277	0	28.446459	0	14	7	9.355775	3.935648	10.378466	4.776570	0	0
conventional	ce704	277	0	24.360754	0	14	7	3.746677	0.993892	12.693951	6.926234	0	0
conventional	ce705	278	0	30.771739	0	14	7	8.196449	5.265230	11.035999	6.274061	0	0
holistic	he577	279	1.340670	14.681350	2	12	8	0	14.681350	0	0	3.967108	0
holistic	he578	279	0.417996	0.687990	1	2	1	0	0.687990	0	0	0.767457	0
holistic	he579	279	0	0	0	0	0	0	0	0	0	0.146986	0
conventional	ce706	279	0	41.518969	0	14	7	7.881576	4.429565	14.998881	14.208947	0	0
holistic	he580	280	0.435461	0.475641	1	1	1	0	0.475641	0	0	0	0
holistic	he581	280	0.435461	2.107917	1	2	1	0	2.107917	0	0	0	0
holistic	he582	280	0.076045	3.406201	1	3	1	0	3.406201	0	0	0.767457	0
conventional	ce707	280	0	23.210928	0	14	7	2.431327	5.054280	12.026669	3.698652	0.143123	0
holistic	he583	281	0.168638	0.649932	1	2	2	0	0.649932	0	0	0	0
holistic	he584	281	1.818876	2.760304	2	6	4	0	2.760304	0	0	1.614958	0
holistic	he585	281	0	0	0	0	12	0	0	0	0	0	0
conventional	ce708	281	0	39.320376	0	14	7	8.142262	4.300185	15.662768	11.215161	0	0
conventional	ce709	281	0	34.558594	0	14	7	4.913539	4.840770	19.934667	4.869618	1.253991	0
conventional	ce710	281	0	29.729040	0	14	7	7.521883	5.129561	13.147102	3.930494	0	0
holistic	he586	282	2.858359	2.755449	1	1	8	0	0	0	2.755449	0	0
conventional	ce711	282	0	23.801643	0	14	7	4.346506	2.964899	14.307260	2.182978	1.184998	0
holistic	he587	283	1.134300	3.352536	1	3	1	0	3.352536	0	0	0.767457	0
holistic	he588	283	0.435461	2.722214	1	3	1	0	2.722214	0	0	1.193866	0
holistic	he589	283	0.435461	1.271370	1	2	1	0	1.271370	0	0	0	0
conventional	ce712	283	0	44.209534	0	14	7	10.189601	3.184880	20.859095	9.975958	1.034655	0
conventional	ce713	283	0	27.989712	0	14	7	7.162030	1.181545	13.613655	6.032482	0	0
holistic	he590	284	2.745347	13.741853	3	12	18	0	10.875615	2.866238	0	1.858886	0
holistic	he591	284	0.503830	0.181202	1	2	1	0	0.181202	0	0	0	0
holistic	he592	284	6.948450	20.685852	9	27	15	0	15.615555	5.070297	0	5.208447	0
conventional	ce714	284	0	31.124194	0	14	7	9.423020	4.173843	14.580862	2.946469	0	0
conventional	ce715	284	0.159965	21.579814	1	14	7	3.473889	3.679632	8.232603	6.193690	0	0
holistic	he593	286	3.039998	6.541311	4	15	15	0	4.012425	2.528886	0	3.472298	0
holistic	he594	286	0	0	0	0	0	0	0	0	0	0	0
conventional	ce716	286	0	25.757812	0	14	7	4.785055	5.054924	10.547594	5.370239	0.783980	0
holistic	he595	287	0	11.951744	0	12	12	0	0	11.951744	0	0	0
conventional	ce717	287	0	44.156075	0	14	7	12.082785	7.397428	12.429101	12.246761	0.959146	0
conventional	ce718	287	0	33.519742	0	14	7	9.732212	0.395216	16.061260	7.331054	0	0
conventional	ce719	287	0	13.526571	0	14	7	4.412441	2.593861	4.616425	1.903844	0.900691	0
holistic	he596	288	0.294843	1.323543	1	2	1	0	1.323543	0	0	0	0
holistic	he597	288	0	5.880046	0	6	6	0	0	5.880046	0	0.215158	0
conventional	ce720	288	0	24.016432	0	14	7	7.008760	2.489515	12.331736	2.186421	0.704106	0
conventional	ce721	288	0	46.093485	0	14	7	9.688875	6.433188	18.991973	10.979449	0	0
conventional	ce722	288	0	23.057628	0	14	7	6.217940	3.311071	9.304559	4.224058	0.764895	0
conventional	ce723	288	0	25.235274	0	14	7	6.019469	4.074473	10.681783	4.459549	1.379298	0
holistic	he598	289	0.303161	1.642322	1	3	1	0	1.642322	0	0	0	0
holistic	he599	289	5.037075	16.980963	7	21	12	0	11.165817	5.815146	0	4.161280	0
conventional	ce724	289	0	24.515089	0	14	7	5.775873	3.744630	12.569095	2.425491	1.184998	0
conventional	ce725	289	0	50.132819	0	14	7	10.269685	2.766045	27.501391	9.595698	1.034655	0
holistic	he600	290	0.503830	0.273248	1	2	1	0	0.273248	0	0	0	0
holistic	he601	290	0	0	0	0	12	0	0	0	0	0	0
conventional	ce726	290	0	38.397412	0	14	7	7.571248	1.815050	17.167034	11.844080	0	0
holistic	he602	291	1.138227	5.887175	3	7	10	0	0.037453	5.849722	0	2.771958	0
conventional	ce727	291	0	30.475556	0	14	7	9.361717	3.524239	9.128905	8.460695	0	0
holistic	he603	293	0	9.111924	0	18	6	0	9.111924	0	0	0	0
holistic	he604	293	0.985392	1.244681	2	3	18	0	0	1.244681	0	0	0
conventional	ce728	293	0	35.827235	0	14	7	5.315711	4.430469	21.094444	4.986611	2.779088	0
conventional	ce729	293	0	19.097239	0	14	7	5.058930	3.184513	9.304472	1.549324	1.278248	0
conventional	ce730	294	0	21.403076	0	14	7	5.845012	1.099882	10.104200	4.353982	1.022762	0
holistic	he605	295	3.187072	7.779046	5	15	15	0	6.088947	1.690099	0	1.784893	0
conventional	ce731	295	0	30.912147	0	14	7	5.556447	7.794566	10.570085	6.991049	0	0
holistic	he606	296	3.375500	23.075016	5	12	14	0	3.917724	19.157292	0	1.824428	0
conventional	ce732	296	0	20.180641	0	14	7	3.680155	0.753472	13.753950	1.993064	1.348944	0
conventional	ce733	296	0	19.415515	0	14	7	3.855753	3.543642	9.784894	2.231226	1.461379	0
holistic	he607	297	1.134300	4.020963	1	3	1	0	4.020963	0	0	0.767457	0
conventional	ce734	297	0	32.544214	0	14	7	8.747797	4.225411	9.717784	9.853222	0	0
conventional	ce735	298	0	23.311898	0	14	7	6.682733	3.585208	8.611071	4.432886	0	0
conventional	ce736	300	0	24.509424	0	14	7	7.951693	5.256710	8.275681	3.025340	0	0
conventional	ce737	300	0	31.328357	0	14	7	5.259105	3.620817	14.424430	8.024005	1.251181	0
conventional	ce738	300	0	29.869187	0	14	7	6.328138	5.527749	13.727604	4.285696	0	0
holistic	he608	301	0.503830	0.448110	1	2	1	0	0.448110	0	0	0	0
holistic	he609	302	0	0	0	0	0	0	0	0	0	0	0
conventional	ce739	302	0	29.782204	0	14	7	8.750274	1.038318	17.728556	2.265056	0	0
conventional	ce740	303	0.196677	22.943056	1	14	7	3.403870	3.679697	9.168325	6.691164	0	0
conventional	ce741	303	0	23.834222	0	14	7	6.143414	2.505154	10.035189	5.150465	1.003522	0
holistic	he610	304	3.600749	16.396441	3	12	15	0	12.617223	3.779218	0	1.858886	0
conventional	ce742	305	0	22.550450	0	14	7	5.987847	3.123319	7.242335	6.196949	0.613938	0
conventional	ce743	305	0.429008	22.129578	1	14	7	3.711082	3.768482	8.843999	5.806015	0	0
conventional	ce744	305	0	29.815679	0	14	7	7.039649	4.202332	16.065295	2.508403	1.348944	0
conventional	ce745	305	0	23.105952	0	14	7	5.785971	3.290271	9.709775	4.319935	0.764895	0
holistic	he611	306	0	0	0	0	0	0	0	0	0	0	0
holistic	he612	306	2.551492	15.109883	3	12	28	0	12.422778	2.687105	0	0.912187	0
conventional	ce746	306	0	37.460170	0	14	7	4.922818	6.198725	19.285176	7.053451	1.379298	0
holistic	he613	307	0.547025	5.478263	3	7	19	0	1.122033	4.356230	0	2.771958	0
conventional	ce747	307	0	33.901439	0	14	7	7.097311	5.133853	14.245291	7.424984	0	0
conventional	ce748	307	0	33.678847	0	14	7	8.658530	5.000236	12.325994	7.694087	1.379298	0
holistic	he614	308	2.349752	8.600694	3	13	21	0	7.094416	1.506278	0	1.582262	0
conventional	ce749	308	0	22.747548	0	14	7	4.754379	2.478240	12.757678	2.757251	1.184998	0
holistic	he615	309	2.728314	17.990535	3	18	6	0	17.990535	0	0	4.532137	0
holistic	he616	310	0.435461	0.091636	1	1	1	0	0.091636	0	0	0	0
conventional	ce750	310	0	34.819290	0	14	7	7.654222	3.858985	16.839166	6.466917	0	0
conventional	ce751	311	0	46.167475	0	14	7	10.266863	4.093946	19.234449	12.572217	0	0
holistic	he617	312	3.009131	15.595067	4	10	11	0	0.385169	15.209898	0	4.549704	0
holistic	he618	312	0.870922	10.532838	2	8	2	0	10.532838	0	0	0	0
holistic	he619	312	0.503830	0.311458	1	2	1	0	0.311458	0	0	0	0
conventional	ce752	312	0	30.433236	0	14	7	7.009013	4.559900	11.576759	7.287564	0	0
conventional	ce753	313	0	24.039425	0	14	7	9.132779	3.474975	7.127101	4.304570	1.379298	0
conventional	ce754	313	0	21.991985	0	14	7	7.020250	3.345399	9.625576	2.000760	0.764895	0
conventional	ce755	313	0	32.369552	0	14	7	7.877971	3.827836	12.141527	8.522218	0	0
conventional	ce756	313	0	44.578604	0	14	7	12.879819	7.760021	10.498471	13.440293	0.959146	0
conventional	ce757	314	0	25.084227	0	14	7	6.693523	3.794604	11.457889	3.138211	1.034655	0
holistic	he620	315	0	17.832538	0	10	10	0	0	17.832538	0	0	0
holistic	he621	315	4.397301	17.506163	5	16	10	0	2.862936	14.643227	0	8.703080	0
conventional	ce758	315	0.826905	17.947085	1	14	7	3.932941	4.088485	3.497799	6.427860	0	0
conventional	ce759	315	0	38.462745	0	14	7	9.680188	2.201934	15.027355	11.553268	0	0
conventional	ce760	316	0	27.850956	0	14	7	9.000490	1.991828	10.507117	6.351521	0	0
conventional	ce761	316	0	34.931281	0	14	7	6.955991	6.488260	19.370227	2.116803	0	0
conventional	ce762	316	0	24.777409	0	14	7	3.222837	4.086038	9.851193	7.617341	1.348944	0
conventional	ce763	317	0.109252	26.263804	2	14	7	4.527952	4.220454	12.069813	5.445585	0	0
conventional	ce764	317	0	22.076581	0	14	7	5.617026	2.232472	11.607926	2.619157	1.629670	0
conventional	ce765	317	0	44.435986	0	14	7	9.529499	5.041783	21.431243	8.433461	1.034655	0
conventional	ce766	317	0	24.663293	0	14	7	5.944039	2.840944	13.693052	2.185258	1.184998	0
conventional	ce767	317	0	39.114090	0	14	7	11.918730	5.966227	13.685173	7.543960	1.379298	0
conventional	ce768	317	0	44.043739	0	14	7	11.138356	5.902492	16.261179	10.741712	0.959146	0
conventional	ce769	317	0	18.100407	0	14	7	2.927186	3.623429	9.641541	1.908251	1.184998	0
conventional	ce770	317	0	23.725438	0	14	7	6.560403	2.509033	12.000924	2.655078	1.062592	0
holistic	he622	318	0.503830	0.296735	1	2	4	0	0.296735	0	0	0	0
holistic	he623	318	2.848034	14.687950	4	10	13	0	0.319981	14.367969	0	1.368321	0
holistic	he624	318	0	15.652942	0	10	10	0	0	15.652942	0	0	0
holistic	he625	318	1.134300	4.779685	1	3	1	0	4.779685	0	0	0.767457	0
conventional	ce771	318	0	35.110442	0	14	7	8.523370	6.048569	14.678542	5.859961	0	0
conventional	ce772	318	0.522969	24.044210	2	14	7	2.864180	3.741196	12.408435	5.030399	0	0
conventional	ce773	318	0	51.134887	0	14	7	12.962886	7.976327	15.556251	14.639423	0.959146	0
conventional	ce774	318	0	42.392097	0	14	7	11.459494	4.716671	18.111130	8.104802	0	0
conventional	ce775	318	0	19.930108	0	14	7	4.250746	1.860040	12.120492	1.698830	1.184998	0
holistic	he626	319	0.533326	0.421172	1	1	1	0	0.421172	0	0	0	0
holistic	he627	319	0	0	0	0	12	0	0	0	0	0	0
holistic	he628	319	0.909438	1.581942	1	3	2	0	1.581942	0	0	0.807479	0
holistic	he629	319	0	0	0	0	0	0	0	0	0	0	0
conventional	ce776	319	0.429008	23.284597	1	14	7	3.864511	4.483488	8.937661	5.998937	0	0
conventional	ce777	319	0	24.209394	0	14	7	5.457433	3.751356	12.767224	2.233381	1.464451	0
conventional	ce778	319	0	41.112807	0	14	7	10.716199	6.977639	14.856886	8.562083	0	0
conventional	ce779	319	0	28.971254	0	14	7	4.068633	4.254003	11.293636	9.354982	1.640525	0
holistic	he630	320	0.134462	0.209263	1	1	14	0	0.209263	0	0	0	0
holistic	he631	320	0	0	0	0	6	0	0	0	0	0	0
holistic	he632	320	1.741844	45.197212	4	32	8	0	45.197212	0	0	1.353852	0
holistic	he633	320	0	0	0	0	0	0	0	0	0	0	0
conventional	ce780	320	0	30.381819	0	14	7	3.846894	4.285262	16.820430	5.429233	1.253991	0
conventional	ce781	320	0	27.108198	0	14	7	4.236142	3.148443	15.591981	4.131632	0	0
conventional	ce782	320	0	40.894047	0	14	7	11.422587	4.854756	16.926288	7.690416	0	0
conventional	ce783	320	0	53.541963	0	14	7	9.586450	2.526005	30.152024	11.277484	2.969869	0
conventional	ce784	321	0	34.977005	0	14	7	9.714860	4.160950	10.980614	10.120581	1.348944	0
conventional	ce785	322	0	21.839230	0	14	7	4.475229	2.452954	11.543132	3.367915	1.461379	0
conventional	ce786	322	0.159965	19.682546	1	14	7	2.130426	4.101209	7.348247	6.102664	0	0
conventional	ce787	322	0	32.937140	0	14	7	6.556341	6.945095	14.986820	4.448884	0	0
holistic	he634	323	0.435461	1.580527	1	2	1	0	1.580527	0	0	0	0
holistic	he635	323	0.812291	1.070495	2	3	18	0	0	1.070495	0	0	0
holistic	he636	323	0.547025	4.293796	3	7	19	0	1.702868	2.590928	0	5.330082	0
conventional	ce788	323	0	21.381600	0	14	7	4.636092	2.496936	11.210367	3.038205	2.149815	0
conventional	ce789	323	0.446639	21.653282	1	14	7	4.461363	3.667164	7.070552	6.454203	0.629085	0
holistic	he637	324	0.313190	2.002251	1	2	1	0	2.002251	0	0	0	0
holistic	he638	324	0	0	0	0	0	0	0	0	0	0	0
holistic	he639	325	0	14.900612	0	8	10	0	0	14.900612	0	0.073493	0
conventional	ce790	325	0	27.679048	0	14	7	3.138954	6.562250	13.355211	4.622633	0.613938	0
conventional	ce791	325	0	24.881218	0	14	7	5.792937	3.197626	12.871270	3.019385	1.191878	0
conventional	ce792	325	0	32.029981	0	14	7	5.769215	3.362641	14.167264	8.730861	1.642364	0
conventional	ce793	325	0.024888	44.794167	1	14	7	10.583864	3.586746	20.294589	10.328968	1.034655	0
conventional	ce794	325	0	40.718588	0	14	7	7.193800	3.910883	18.038623	11.575282	0	0
conventional	ce795	325	0	28.166467	0	14	7	7.477343	1.560420	15.636268	3.492436	0	0
holistic	he640	326	0.134462	1.190669	1	1	14	0	1.190669	0	0	0	0
holistic	he641	326	0	0	0	0	0	0	0	0	0	0	0
conventional	ce796	326	0	33.444726	0	14	7	4.285502	7.567168	13.270356	8.321700	1.379298	0
holistic	he642	327	2.043843	14.472607	3	6	13	0	0.341083	14.131524	0	0.822554	0
holistic	he643	327	0.435461	0.217011	1	1	1	0	0.217011	0	0	0	0
conventional	ce797	327	0	31.820503	0	14	7	5.721938	3.253706	13.676665	9.168194	0	0
conventional	ce798	327	0	31.158184	0	14	7	6.257652	5.690564	11.952370	7.257598	0	0
conventional	ce799	327	0	51.303412	0	14	7	10.243762	1.269274	28.212185	11.578191	2.960227	0
conventional	ce800	327	0.429008	19.518396	1	14	7	2.731757	1.514415	8.690107	6.582117	0	0
holistic	he644	328	7.019223	20.787870	9	27	15	0	14.991009	5.796861	0	6.376533	0
holistic	he645	328	0.547025	4.750962	3	7	19	0	1.794780	2.956182	0	6.130845	0
holistic	he646	329	2.349752	7.614054	3	13	21	0	6.107776	1.506278	0	1.582262	0
holistic	he647	329	0.294843	1.323543	1	2	1	0	1.323543	0	0	0	0
conventional	ce801	329	0.024888	45.312944	1	14	7	10.025297	3.355637	21.535296	10.396714	1.695977	0
conventional	ce802	329	0	46.201943	0	14	7	10.597409	7.592928	20.081755	7.929851	0	0
conventional	ce803	329	0	29.640510	0	14	7	5.139929	5.797056	14.477792	4.225733	1.962811	0
conventional	ce804	329	0	20.947763	0	14	7	3.945674	0.871145	13.590770	2.540174	1.438831	0
conventional	ce805	329	0	35.873244	0	14	7	7.586559	4.439024	16.768979	7.078682	0	0
holistic	he648	330	0.870922	4.579932	2	4	3	0	4.579932	0	0	0.875575	0
holistic	he649	330	4.983882	40.459781	7	28	20	0	2.819003	37.640778	0	2.736642	0
conventional	ce806	330	0	35.934833	0	14	7	10.444202	2.219953	19.862131	3.408547	0	0
conventional	ce807	330	0	25.732004	0	14	7	3.708280	4.457317	14.473026	3.093381	1.184998	0
conventional	ce808	330	0	36.120781	0	14	7	6.207558	8.518948	13.126592	8.267683	0	0
holistic	he650	331	0.156432	3.250576	1	2	1	0	3.250576	0	0	0	0
holistic	he651	331	1.741844	44.242916	4	32	7	0	44.242916	0	0	2.731712	0
conventional	ce809	331	0	22.058226	0	14	7	4.230903	1.149588	13.238335	3.439400	1.165062	0
conventional	ce810	331	0	18.121969	0	14	7	3.405088	3.122674	9.168621	2.425586	1.254476	0
conventional	ce811	331	0.131241	16.695595	1	14	7	1.752593	3.570671	5.656070	5.716261	0	0
holistic	he652	332	2.518288	4.027960	3	9	16	0	1.393594	2.634366	0	0.912187	0
conventional	ce812	332	0	23.160807	0	14	7	4.226821	1.741735	13.767040	3.425211	1.730912	0
conventional	ce813	332	0	46.222919	0	14	7	13.907558	8.672690	14.044296	9.598375	0.959146	0
holistic	he653	333	1.066652	25.396084	2	8	2	0	25.396084	0	0	0	0
holistic	he654	334	0	0	0	0	0	0	0	0	0	0.401772	0
holistic	he655	334	0.435461	0.583485	1	2	1	0	0.583485	0	0	0.837465	0
holistic	he656	334	0.481796	3.113596	1	3	1	0	3.113596	0	0	0	0
holistic	he657	334	0	0	0	0	12	0	0	0	0	0	0
holistic	he658	335	4.983882	31.025024	7	14	19	0	2.237216	28.787808	0	2.736642	0
holistic	he659	335	0	0	0	0	0	0	0	0	0	0	0
holistic	he660	335	1.533256	33.659200	4	40	8	0	33.659200	0	0	0	0
holistic	he661	335	0.435461	0.518493	1	1	1	0	0.518493	0	0	0	0
conventional	ce814	335	0	39.722772	0	14	7	8.716485	5.079286	20.534461	5.392540	0.959146	0
conventional	ce815	335	0	16.070889	0	14	7	2.840578	3.660564	5.050941	4.518806	0	0
holistic	he662	336	0	0	0	0	0	0	0	0	0	0.124872	0
holistic	he663	336	2.233280	10.889517	3	13	21	0	9.515607	1.373910	0	2.034070	0
conventional	ce816	336	0	24.264613	0	14	7	4.359691	0.811413	16.201110	2.892399	2.339072	0
holistic	he664	337	4.511441	18.172783	5	10	11	0	3.804814	14.367969	0	1.368321	0
holistic	he665	337	0	0.190132	0	1	17	0	0.190132	0	0	0	0
holistic	he666	337	0.503465	3.302672	1	3	1	0	3.302672	0	0	0	0
conventional	ce817	337	0	44.820088	0	14	7	12.342940	5.984247	17.908426	8.584475	0.959146	0
conventional	ce818	337	0	19.016362	0	14	7	5.784252	1.308306	10.409685	1.514119	1.935675	0
holistic	he667	338	1.462904	9.665443	4	10	10	0	0.120415	9.545028	0	4.217019	0
holistic	he668	338	7.791680	13.825720	10	30	18	0	6.666932	7.158788	0	6.944596	0
holistic	he669	338	0	0	0	0	12	0	0	0	0	0	0
conventional	ce819	338	0	28.623904	0	14	7	2.964010	4.794777	16.089304	4.775813	0.613938	0
holistic	he670	339	2.350451	10.605380	3	16	33	0	9.099102	1.506278	0	1.168029	0
holistic	he671	339	0	0	0	0	0	0	0	0	0	0	0
holistic	he672	339	0.533326	0.432832	1	1	1	0	0.432832	0	0	0	0
holistic	he673	339	0.134462	0.209263	1	1	12	0	0.209263	0	0	0	0
holistic	he674	340	0.481796	4.052891	1	3	1	0	4.052891	0	0	0	0
holistic	he675	340	3.403379	16.637811	4	10	11	0	1.093053	15.544758	0	4.549704	0
holistic	he676	340	2.349752	9.477623	3	16	29	0	7.971345	1.506278	0	1.582262	0
holistic	he677	340	2.848272	7.603229	4	13	15	0	6.344388	1.258841	0	1.784893	0
holistic	he678	340	0.435461	3.112269	1	2	1	0	3.112269	0	0	0	0
conventional	ce820	340	0	39.614526	0	14	7	7.184402	1.374000	19.207261	11.848863	0	0
holistic	he679	341	2.335577	10.243350	3	13	21	0	8.737072	1.506278	0	1.658839	0
holistic	he680	341	2.829574	50.089402	5	34	16	0	17.348536	32.740866	0	11.347607	0
holistic	he681	341	3.840333	17.139887	5	16	10	0	3.188307	13.951580	0	8.703080	0
holistic	he682	341	9.238878	33.709083	6	29	18	0	3.689188	30.019895	0	2.280535	0
conventional	ce821	341	0	20.351566	0	14	7	2.629219	4.504575	8.166617	5.051155	0	0
conventional	ce822	341	0.429008	24.805236	1	14	7	3.058897	4.396713	10.361540	6.988086	0	0
holistic	he683	342	1.720900	7.394150	2	8	21	0	6.602546	0.791604	0	0.959602	0
holistic	he684	343	2.470713	3.938942	3	9	16	0	1.304576	2.634366	0	2.361417	0
holistic	he685	343	0.313190	1.697123	1	2	1	0	1.697123	0	0	0	0
holistic	he686	343	0.668011	8.350593	2	6	4	0	3.713495	4.637098	0	1.603893	0
holistic	he687	343	0.533326	0.421172	1	1	13	0	0.421172	0	0	0	0
holistic	he688	343	0.134462	0.353793	1	1	5	0	0.353793	0	0	0	0
conventional	ce823	343	0.024888	31.325530	1	14	7	9.841997	3.751359	9.068719	8.663455	1.034655	0
conventional	ce824	343	0	23.252992	0	14	7	6.098382	2.165604	8.599725	6.389281	1.201670	0
conventional	ce825	343	0	31.087657	0	14	7	7.298310	4.307074	11.035476	8.446797	1.379298	0
conventional	ce826	343	0	22.799206	0	14	7	3.522013	2.406375	14.398326	2.472492	0.764895	0
conventional	ce827	343	0	27.195370	0	14	7	6.134150	0.756209	16.948634	3.356377	0	0
holistic	he689	344	9.136122	23.885166	9	51	28	0	16.371804	7.513362	0	7.808406	0
holistic	he690	344	5.118520	24.805006	7	14	16	0	0.809665	23.995341	0	8.949831	0
holistic	he691	344	0	0	0	0	30	0	0	0	0	0	0
conventional	ce828	344	0	32.499382	0	14	7	7.744878	4.870588	8.301543	11.582373	0	0
conventional	ce829	344	0	36.932374	0	14	7	4.348894	7.489371	15.894069	9.200040	0	0
holistic	he692	345	0.481796	4.485563	1	3	1	0	4.485563	0	0	0	0
conventional	ce830	345	0	43.049187	0	14	7	9.505242	3.411461	17.112990	13.019494	0	0
holistic	he693	346	0.813074	2.894116	1	3	1	0	2.894116	0	0	0	0
holistic	he694	347	0.435461	3.920563	1	2	5	0	3.920563	0	0	0	0
conventional	ce831	347	0.131241	16.362271	1	14	7	2.120229	3.507433	5.085479	5.649130	0	0
conventional	ce832	347	0.559356	31.622082	1	14	7	8.095978	2.506342	13.279571	7.740191	1.034655	0
holistic	he695	348	0.963592	15.691834	2	10	2	0	15.691834	0	0	0	0
holistic	he696	348	0	25.422398	0	10	10	0	0	25.422398	0	0	0
holistic	he697	348	0.668011	7.873307	2	6	4	0	2.652604	5.220703	0	1.603893	0
conventional	ce833	348	0	18.619344	0	14	7	3.673204	1.735288	10.972257	2.238595	1.179845	0
conventional	ce834	348	0	28.554251	0	14	7	7.791088	3.683528	12.253113	4.826522	1.962811	0
conventional	ce835	348	0	20.405579	0	14	7	5.199907	2.826427	11.209377	1.169868	1.184998	0
holistic	he698	349	0.626380	3.726556	2	8	2	0	3.726556	0	0	0	0
holistic	he699	349	0.435461	3.928037	1	2	1	0	3.928037	0	0	0	0
conventional	ce836	349	0	45.278225	0	14	7	11.244016	7.386846	14.970915	11.676448	1.250483	0
conventional	ce837	349	0	20.862470	0	14	7	2.163881	2.849388	10.067617	5.781584	1.085121	0
holistic	he700	350	0.435461	0.397478	1	1	1	0	0.397478	0	0	0	0
holistic	he701	350	3.562617	28.642693	6	18	23	0	0.997408	27.645285	0	2.287626	0
holistic	he702	350	1.211346	1.470072	2	4	2	0	1.470072	0	0	1.559068	0
conventional	ce838	350	0	23.264946	0	14	7	5.471216	2.187727	13.606946	1.999057	1.184998	0
conventional	ce839	350	0	44.593893	0	14	7	10.996184	13.710377	12.958239	6.929093	1.212145	0
holistic	he703	351	0.621994	2.564251	1	5	9	0	0	2.564251	0	8.808058	0
conventional	ce840	351	0	24.169965	0	14	7	8.534751	1.386605	11.141130	3.107479	2.108679	0
conventional	ce841	351	0	37.301026	0	14	7	5.970240	4.814254	18.656592	7.859940	1.605892	0
conventional	ce842	351	0	35.965686	0	14	7	8.009070	4.763713	10.732429	12.460474	0	0
holistic	he704	352	0.134462	0.139533	1	1	18	0	0.139533	0	0	0	0
holistic	he705	353	0	0	0	0	1	0	0	0	0	0	0
holistic	he706	353	0.435461	1.089503	1	3	1	0	1.089503	0	0	0.837465	0
holistic	he707	353	0.435461	1.007287	1	1	1	0	1.007287	0	0	0	0
holistic	he708	353	2.470713	3.952626	3	9	16	0	1.736013	2.216613	0	2.645955	0
holistic	he709	354	5.141019	13.495074	9	24	21	0	0	13.495074	0	7.589202	0
holistic	he710	354	0	13.731598	0	8	14	0	0	13.731598	0	0	0
conventional	ce843	354	0	36.339457	0	14	7	9.239675	4.944576	13.640364	8.514842	1.379298	0
holistic	he711	355	0.372197	0.680566	1	1	14	0	0.680566	0	0	0	0
holistic	he712	355	1.121566	1.021072	1	1	1	0	1.021072	0	0	0	0
holistic	he713	355	0.246026	5.559649	3	7	20	0	0.388555	5.171094	0	2.069960	0
holistic	he714	356	3.009131	19.618104	4	10	13	0	0.291852	19.326252	0	5.514534	0
holistic	he715	356	0	0	0	0	1	0	0	0	0	1.306313	0
conventional	ce844	356	0	19.686997	0	14	7	4.655893	1.350086	9.827839	3.853179	1.344391	0
conventional	ce845	356	0	47.402272	0	14	7	10.760370	13.888226	13.342353	9.411323	1.212145	0
conventional	ce846	356	0	18.785100	0	14	7	3.741131	4.265420	8.214694	2.563855	1.254476	0
holistic	he716	357	1.554734	9.535705	4	10	10	0	0.092590	9.443115	0	4.217019	0
holistic	he717	357	1.257704	1.429348	2	4	6	0	0	1.429348	0	3.372234	0
holistic	he718	357	0	0	0	0	0	0	0	0	0	0	0
conventional	ce847	357	2.104326	29.512317	1	14	7	5.141053	2.680166	14.226142	7.464956	1.330157	0
holistic	he719	359	0.435461	1.364562	1	2	1	0	1.364562	0	0	0	0
holistic	he720	359	1.836384	12.965679	3	12	28	0	10.953707	2.011972	0	0.371505	0
conventional	ce848	359	0	42.497977	0	14	7	11.901175	4.340533	19.794446	6.461823	0	0
conventional	ce849	359	0	36.082352	0	14	7	7.798227	6.440838	13.144482	8.698805	0	0
conventional	ce850	359	0	25.377234	0	14	7	4.587235	2.597525	14.856690	3.335784	1.461379	0
holistic	he721	360	0.156432	1.078189	1	1	1	0	1.078189	0	0	0	0
holistic	he722	360	0.481796	1.511659	1	3	1	0	1.511659	0	0	0	0
holistic	he723	360	2.178162	45.676742	4	27	32	0	44.321724	1.355018	0	0.912187	0
conventional	ce851	360	0	27.691941	0	14	7	7.401636	1.333765	14.486893	4.469647	0	0
conventional	ce852	360	0	27.580970	0	14	7	6.562879	2.641025	14.446476	3.930590	1.184998	0
conventional	ce853	360	0	42.928342	0	14	7	7.724250	3.290216	20.898564	11.015312	0	0
conventional	ce854	360	0	21.228477	0	14	7	4.698573	2.142714	11.780301	2.606889	1.184998	0
conventional	ce855	362	0	43.179730	0	14	7	10.114458	5.529033	20.513101	7.023138	0.874092	0
conventional	ce856	362	0	24.697643	0	14	7	3.575286	1.212452	14.607992	5.301913	2.339072	0
conventional	ce857	362	0	29.326463	0	14	7	4.275346	6.011117	14.176569	4.863431	0.613938	0
conventional	ce858	362	0	28.133992	0	14	7	8.616676	0.622074	13.411826	5.483416	0	0
holistic	he724	363	2.132520	3.351901	3	9	12	0	1.135288	2.216613	0	2.645955	0
conventional	ce859	363	0	20.746870	0	14	7	5.335619	2.173733	10.414402	2.823116	0	0
conventional	ce860	363	0	14.509756	0	14	7	2.349659	2.041113	7.166733	2.952251	1.509832	0
conventional	ce861	363	0	22.652383	0	14	7	5.739554	2.071984	7.745736	7.095109	1.201670	0
conventional	ce862	363	0	24.787450	0	14	7	6.135123	4.629030	11.835785	2.187512	1.274705	0
conventional	ce863	364	0	52.032445	0	14	7	13.146398	1.771862	24.390705	12.723480	0	0
conventional	ce864	364	0	39.594338	0	14	7	8.095477	5.874076	21.087249	4.537536	0.928214	0
holistic	he725	365	0.435461	1.609554	1	2	1	0	1.609554	0	0	0	0
conventional	ce865	365	0	35.689141	0	14	7	9.377871	4.601192	11.584370	10.125708	1.348944	0
conventional	ce866	365	0.610950	25.680562	1	14	7	4.191712	2.946657	15.872404	2.669789	0.764895	0
conventional	ce867	365	0	30.941021	0	14	7	2.945568	5.915871	17.756515	4.323067	1.184998	0
conventional	ce868	365	0	36.496780	0	14	7	6.340765	5.763692	16.676156	7.716167	0	0
conventional	ce869	365	0	50.820658	0	14	7	10.550185	1.115497	28.152517	11.002459	2.960227	0
conventional	ce870	365	0.024888	29.780103	1	14	7	9.163211	3.643671	10.295107	6.678114	1.034655	0
holistic	he726	366	2.349752	5.745140	3	10	13	0	4.238862	1.506278	0	1.230354	0
holistic	he727	366	1.690978	6.114610	2	7	19	0	4.089152	2.025458	0	1.399433	0
holistic	he728	367	2.848034	14.525415	4	10	13	0	0.157446	14.367969	0	1.368321	0
conventional	ce871	367	0	45.042340	0	14	7	6.743502	5.568927	21.381895	11.348016	0	0
conventional	ce872	367	0.024888	31.063786	1	14	7	9.552969	3.839648	9.542540	8.128629	1.034655	0
conventional	ce873	367	0	21.400034	0	14	7	4.120558	2.109283	12.592924	2.577269	0.901350	0
conventional	ce874	367	0	28.636298	0	14	7	9.371713	4.376216	9.904690	4.983679	2.013392	0
conventional	ce875	367	0	38.698167	0	14	7	3.709216	8.605249	19.710696	6.673006	2.107537	0
conventional	ce876	367	0	44.179301	0	14	7	10.768348	5.153636	18.954185	9.303132	0	0
holistic	he729	368	0.435461	1.935454	1	1	1	0	1.935454	0	0	0	0
conventional	ce877	368	0	37.412456	0	14	7	8.227137	5.536660	9.995361	13.653298	0	0
conventional	ce878	368	0	37.844849	0	14	7	4.050947	6.244815	22.550517	4.998570	1.605892	0
conventional	ce879	370	0	22.352432	0	14	7	3.011204	2.370161	14.199428	2.771639	0.764895	0
holistic	he730	371	0.156432	4.240737	1	2	1	0	4.240737	0	0	0	0
holistic	he731	371	1.741844	45.329544	4	32	8	0	45.329544	0	0	1.353852	0
holistic	he732	372	1.725784	32.385973	3	24	25	0	7.873284	24.512689	0	14.732358	0
conventional	ce880	372	0	32.214657	0	14	7	6.609033	3.239397	12.795127	9.571100	1.643337	0
conventional	ce881	372	0.840587	21.173532	1	14	7	3.624038	3.841171	10.879713	2.828610	1.955063	0
conventional	ce882	373	0	40.545402	0	14	7	13.563494	4.757889	16.950762	5.273257	0	0
conventional	ce883	373	0.024888	44.365275	1	14	7	10.189703	3.338576	20.695068	10.141928	1.034655	0
holistic	he733	374	1.554734	7.107910	4	10	10	0	0.092590	7.015320	0	3.692964	0
holistic	he734	375	0.985392	1.199314	2	3	18	0	0	1.199314	0	0	0
conventional	ce884	376	0	28.212798	0	14	7	4.078131	5.887824	13.423928	4.822915	0.613938	0
conventional	ce885	377	0	39.870133	0	14	7	7.172644	2.464663	18.840535	11.392291	0	0
conventional	ce886	377	0	35.875390	0	14	7	8.426249	3.993386	10.693383	12.762372	0	0
conventional	ce887	377	0	35.575311	0	14	7	11.198269	2.924160	14.164757	7.288125	0	0
conventional	ce888	377	0	23.660043	0	14	7	4.012398	3.099538	12.841978	3.706129	1.461379	0
holistic	he735	378	2.127216	3.245933	5	7	13	0	1.078189	2.167744	0	0	0
holistic	he736	378	0.435461	1.007287	1	1	1	0	1.007287	0	0	0	0
holistic	he737	378	0.435461	1.695360	1	2	2	0	1.695360	0	0	0	0
conventional	ce889	378	0.131241	14.219999	1	14	7	1.840522	3.013703	3.660535	5.705239	0	0
conventional	ce890	378	0	30.706985	0	14	7	3.514212	7.134830	14.852316	5.205627	1.254476	0
conventional	ce891	378	0	37.649395	0	14	7	7.085388	4.731080	15.820175	10.012752	1.457497	0
conventional	ce892	378	0	32.359118	0	14	7	9.455408	1.971729	15.190944	5.741037	0	0
holistic	he738	379	4.494656	52.568346	4	41	22	0	48.900096	3.668250	0	12.370485	0
conventional	ce893	379	0	40.878503	0	14	7	10.878105	4.712463	14.213015	11.074920	1.348944	0
conventional	ce894	379	0	28.360582	0	14	7	3.452565	3.328940	13.333521	8.245556	0	0
holistic	he739	380	0.435461	0.969743	1	1	1	0	0.969743	0	0	0	0
holistic	he740	380	0.435461	2.147967	1	1	1	0	2.147967	0	0	0	0
conventional	ce895	380	0.024888	36.271707	1	14	7	8.541922	4.504319	13.300525	9.924941	1.034655	0
conventional	ce896	380	0	19.257299	0	14	7	1.778149	4.226385	6.544781	6.707984	1.348944	0
conventional	ce897	380	0	24.824889	0	14	7	3.226143	2.505022	14.012382	5.081342	2.191385	0
conventional	ce898	380	0.159965	19.243361	1	14	7	2.542982	4.101209	7.978050	4.621120	0	0
conventional	ce899	381	0	29.100484	0	14	7	7.215074	3.198373	14.070700	4.616337	0.127960	0
conventional	ce900	381	0	18.662099	0	14	7	3.474962	4.361526	9.826682	0.998929	2.006212	0
conventional	ce901	382	0	25.345086	0	14	7	3.396139	0.828506	16.763997	4.356444	2.339072	0
conventional	ce902	382	0	39.103666	0	14	7	10.124157	5.715586	15.282801	7.981122	0	0
conventional	ce903	382	0	19.505318	0	14	7	3.270510	2.604803	10.365489	3.264516	1.184998	0
holistic	he741	383	0.435461	1.007287	1	1	1	0	1.007287	0	0	0	0
conventional	ce904	383	0.147920	29.451497	1	14	7	8.840069	4.427108	7.163343	9.020977	0.904549	0
conventional	ce905	383	0	23.392097	0	14	7	3.160709	1.190951	13.886848	5.153589	1.252537	0
holistic	he742	384	0.435461	1.359770	1	1	1	0	1.359770	0	0	0	0
holistic	he743	384	2.177305	116.273990	5	50	7	0	116.273990	0	0	1.353852	0
conventional	ce906	384	0	26.000393	0	14	7	1.075627	3.591113	12.951942	8.381711	0	0
conventional	ce907	385	0	37.617153	0	14	7	4.863677	8.843007	15.267439	8.643030	0.982510	0
conventional	ce908	385	0	26.309590	0	14	7	3.441668	2.042270	15.214102	5.611550	2.670481	0
conventional	ce909	385	0	36.988061	0	14	7	10.022514	4.415915	15.679199	6.870433	0	0
conventional	ce910	385	0	34.807510	0	14	7	6.550747	4.622333	9.706768	13.927662	0	0
holistic	he744	386	0	0	0	0	0	0	0	0	0	0	0
conventional	ce911	386	0	30.891102	0	14	7	9.844590	4.409800	10.450495	6.186217	2.013392	0
holistic	he745	387	0.938541	1.661507	1	1	1	0	1.661507	0	0	0	0
conventional	ce912	387	0	27.057990	0	14	7	5.877840	2.760664	15.815798	2.603688	0	0
conventional	ce913	387	0	18.149476	0	14	7	3.741365	3.503475	9.160636	1.744000	1.254476	0
holistic	he746	388	0.481796	3.227810	1	3	1	0	3.227810	0	0	0	0
holistic	he747	388	0.435461	0.634338	1	1	1	0	0.634338	0	0	0	0
conventional	ce914	388	0	38.520630	0	14	7	10.108289	2.889449	14.733697	10.789195	1.492361	0
conventional	ce915	388	0	24.559223	0	14	7	5.086698	1.781549	13.898913	3.792063	1.730912	0
holistic	he748	389	0	0	0	0	1	0	0	0	0	0	0
conventional	ce916	389	0.516142	25.321380	1	14	7	4.390793	5.000991	13.015100	2.914496	1.456430	0
conventional	ce917	389	0	35.679591	0	14	7	9.567557	2.000327	19.164463	4.947244	0	0
holistic	he749	390	3.485402	37.785268	6	34	38	0	35.075232	2.710036	0	1.824374	0
conventional	ce918	390	0	39.032675	0	14	7	10.843837	10.157525	11.051080	6.980233	1.212145	0
conventional	ce919	390	0	25.473221	0	14	7	3.271085	2.164392	16.409721	3.628023	1.730912	0
conventional	ce920	390	0	31.430481	0	14	7	5.746319	6.279542	8.228658	11.175962	0	0
holistic	he750	391	4.792642	50.492696	8	41	32	0	46.427642	4.065054	0	2.736561	0
conventional	ce921	391	0	46.686327	0	14	7	8.244700	7.548491	13.366501	17.526635	0	0
conventional	ce922	391	0	54.495154	0	14	7	15.630690	2.296903	22.955152	13.612409	0	0
holistic	he751	392	0.435461	1.007287	1	1	1	0	1.007287	0	0	0.896185	0
holistic	he752	392	0	0	0	0	1	0	0	0	0	0	0
conventional	ce923	392	0	39.212199	0	14	7	9.712937	6.159551	16.914203	6.425508	0	0
conventional	ce924	392	0	29.572936	0	14	7	6.750689	4.625975	12.229544	5.966728	1.385178	0
conventional	ce925	392	0	22.001007	0	14	7	2.987166	1.927027	14.504562	2.582252	0.764895	0
conventional	ce926	392	0	32.333326	0	14	7	2.817991	2.152652	21.305957	6.056726	2.191385	0
holistic	he753	394	4.456416	24.085345	6	12	20	0	0.138730	23.946615	0	2.592258	0
holistic	he754	394	1.679449	2.704230	3	5	7	0	0.573704	2.130526	0	4.391894	0
conventional	ce927	394	0.354169	27.100616	1	14	7	4.804609	6.426275	11.742712	4.127020	1.955063	0
conventional	ce928	394	0	29.689724	0	14	7	3.745988	7.166647	13.629809	5.147280	1.254476	0
holistic	he755	395	2.614480	16.323968	4	18	30	0	13.613932	2.710036	0	1.824374	0
holistic	he756	395	0	9.213974	0	4	12	0	0	9.213974	0	0	0
conventional	ce929	395	0	29.342603	0	14	7	0.758531	2.677700	16.816083	9.090289	0	0
conventional	ce930	395	0	45.621974	0	14	7	10.364905	4.804482	20.301615	10.150972	0	0
holistic	he757	396	0.870922	5.147260	2	4	2	0	5.147260	0	0	0	0
conventional	ce931	396	0	27.354733	0	14	7	5.332054	2.290567	16.013957	3.718155	0	0
conventional	ce932	397	0	25.990608	0	14	7	7.363027	1.350716	14.205348	3.071517	1.309650	0
conventional	ce933	397	0.159965	22.342863	1	14	7	3.233771	4.334977	10.069785	4.704330	0	0
conventional	ce934	397	0	29.431681	0	14	7	3.818820	4.405091	17.886923	3.320847	0.289407	0
conventional	ce935	397	0	39.515215	0	14	7	9.971757	3.290711	18.752316	7.500431	0	0
holistic	he758	398	0.435461	2.002422	1	2	1	0	2.002422	0	0	0	0
holistic	he759	398	2.549178	52.628215	5	62	14	0	23.902387	28.725828	0	9.707398	0
holistic	he760	398	0.955986	3.237777	1	2	5	0	3.237777	0	0	0	0
holistic	he761	398	0.435461	1.007287	1	1	1	0	1.007287	0	0	0	0
holistic	he762	399	0	9.986246	0	4	12	0	0	9.986246	0	0	0
holistic	he763	399	2.206120	11.784790	6	16	16	0	0.092590	11.692200	0	6.154940	0
holistic	he764	399	0	17.880026	0	8	14	0	0	17.880026	0	0	0
holistic	he765	400	0.807299	0.800606	3	6	14	0	0.571198	0.229408	0	3.659794	0
holistic	he766	400	0.435461	0.173038	1	2	4	0	0.173038	0	0	0	0
holistic	he767	400	0.813074	2.894116	1	3	1	0	2.894116	0	0	0	0
conventional	ce936	400	0	11.587969	0	14	7	2.692890	1.737777	4.369731	2.787571	0.197438	0
conventional	ce937	400	0	20.360822	0	14	7	3.870428	2.475998	6.470400	7.543996	2.209725	0
holistic	he768	401	1.741844	63.597212	4	32	8	0	63.597212	0	0	0.468564	0
conventional	ce938	401	0	48.902017	0	14	7	9.815376	5.791979	22.911609	10.383053	1.254476	0
conventional	ce939	401	0	34.677859	0	14	7	8.852409	3.165202	15.836117	6.824131	0	0
conventional	ce940	401	0	47.191785	0	14	7	12.513849	5.798463	20.924282	7.955191	0	0
holistic	he769	402	2.132520	3.472927	3	9	12	0	1.256314	2.216613	0	2.645955	0
holistic	he770	402	0.929296	2.026657	1	3	5	0	2.026657	0	0	0.401772	0
holistic	he771	402	0.481796	1.339259	1	3	2	0	1.339259	0	0	0	0
conventional	ce941	402	0.159965	19.933322	1	14	7	2.205916	3.967210	9.501351	4.258845	0	0
holistic	he772	403	4.316124	41.239488	6	34	38	0	38.262362	2.977126	0	2.173420	0
holistic	he773	403	1.741844	50.589420	4	32	9	0	50.589420	0	0	1.353852	0
holistic	he774	403	0.870922	4.306860	2	4	2	0	4.306860	0	0	0	0
holistic	he775	403	0.156432	1.195161	1	1	1	0	1.195161	0	0	0	0
holistic	he776	403	0.156432	5.000358	1	2	1	0	5.000358	0	0	0	0
conventional	ce942	403	0	26.333843	0	14	7	4.491577	2.231303	15.692094	3.918869	0	0
conventional	ce943	403	0.159965	19.259957	1	14	7	2.405353	3.694271	9.827297	3.333036	0	0
conventional	ce944	403	0.131241	12.577068	1	14	7	1.139100	3.732496	3.710626	3.994846	0	0
conventional	ce945	403	0	41.301960	0	14	7	9.720042	4.468755	20.590218	6.522945	0	0
conventional	ce946	403	0	21.708850	0	14	7	3.897966	2.460847	13.319919	2.030118	2.009903	0
holistic	he777	404	0.435461	1.007287	1	1	1	0	1.007287	0	0	0.075929	0
holistic	he778	404	2.161273	8.298085	3	10	13	0	6.971758	1.326327	0	1.230354	0
holistic	he779	404	0.435461	7.354054	1	3	5	0	7.354054	0	0	0.114627	0
holistic	he780	404	0	0	0	0	0	0	0	0	0	0	0
conventional	ce947	404	0.355959	28.854464	1	14	7	7.323199	3.922301	10.993625	6.615339	1.306839	0
holistic	he781	405	2.848034	2.570019	4	7	13	0	0.157446	2.412573	0	1.368321	0
holistic	he782	405	0.870922	6.557078	2	4	2	0	6.557078	0	0	0	0
conventional	ce948	405	0.159965	25.711304	1	14	7	5.466356	5.444514	11.239690	3.560744	0	0
holistic	he783	406	0.577655	2.402684	1	2	7	0	2.402684	0	0	0	0
conventional	ce949	406	0	48.306606	0	14	7	7.887809	5.998845	24.802892	9.617060	1.574424	0
conventional	ce950	406	0	60.036110	0	14	7	13.916433	1.999628	28.250246	15.869803	0	0
conventional	ce951	406	0	32.569407	0	14	7	8.793188	5.803890	12.398249	5.574080	0	0
conventional	ce952	406	0	40.242370	0	14	7	6.878426	5.911611	14.441986	13.010347	0	0
conventional	ce953	406	0	28.808046	0	14	7	8.818771	2.964494	12.656851	4.367930	1.962811	0
holistic	he784	407	2.848034	15.427678	4	10	16	0	1.059709	14.367969	0	1.368321	0
conventional	ce954	407	0	47.047434	0	14	7	13.388456	3.773801	24.638041	5.247136	0	0
conventional	ce955	407	0	30.592111	0	14	7	7.365884	3.731567	10.407258	9.087402	1.342806	0
holistic	he785	408	2.479304	23.472170	4	26	8	0	9.023496	14.448674	0	1.749679	0
holistic	he786	408	0.156432	0.872818	1	1	1	0	0.872818	0	0	0	0
holistic	he787	408	1.121566	0.968828	1	1	1	0	0.968828	0	0	0	0
holistic	he788	408	0	18.909540	0	12	23	0	0	18.909540	0	0	0
conventional	ce956	408	0	36.263758	0	14	7	10.171420	2.676959	18.883756	4.531623	0	0
conventional	ce957	408	0.840587	21.358587	1	14	7	2.303950	4.124939	11.432564	3.497134	2.053158	0
conventional	ce958	408	0	28.883040	0	14	7	3.922510	2.329521	17.786859	4.844150	0	0
holistic	he789	409	0.991971	8.658119	4	10	11	0	0.732401	7.925718	0	4.217019	0
conventional	ce959	410	0	43.463725	0	14	7	9.537526	3.996129	22.490048	7.440022	0	0
conventional	ce960	410	0	46.880317	0	14	7	13.400788	7.298863	17.851473	8.329193	1.449441	0
conventional	ce961	410	0	25.469083	0	14	7	5.613780	2.795490	10.860537	6.199276	1.385178	0
holistic	he790	411	1.742701	9.428076	3	12	29	0	8.073058	1.355018	0	0.722977	0
conventional	ce962	411	0	32.424014	0	14	7	10.520260	6.401857	10.382177	5.119720	2.013392	0
conventional	ce963	411	1.003611	26.011807	1	14	7	3.048670	5.520023	13.733417	3.709697	0.785782	0
conventional	ce964	411	0	34.691498	0	14	7	9.412040	0.856322	17.668854	6.754282	0.757788	0
conventional	ce965	411	0	28.821727	0	14	7	6.544145	2.856680	15.341030	4.079872	1.110604	0
holistic	he791	412	2.479304	21.213566	4	26	8	0	5.727992	15.485574	0	1.520685	0
holistic	he792	413	0.481796	1.444316	1	3	2	0	1.444316	0	0	0	0
holistic	he793	413	0.435461	0.480873	1	1	2	0	0.480873	0	0	0.360661	0
holistic	he794	413	1.318053	0.924563	1	1	4	0	0.924563	0	0	0	0
conventional	ce966	413	0.147920	31.888618	1	14	7	8.960787	4.479540	7.071989	11.376302	0.904549	0
conventional	ce967	413	0	18.962759	0	14	7	3.223754	1.035136	10.486908	4.216961	3.095906	0
holistic	he795	414	2.229549	4.668916	3	8	19	0	2.435070	2.233846	0	1.399433	0
conventional	ce968	414	0.716867	26.937064	1	14	7	3.140978	3.107509	14.592504	6.096073	1.385178	0
holistic	he796	415	0	18.445668	0	8	14	0	0	18.445668	0	0	0
holistic	he797	415	1.741844	38.039512	4	32	8	0	38.039512	0	0	1.637140	0
holistic	he798	416	0	17.880026	0	8	14	0	0	17.880026	0	0	0
holistic	he799	416	0.805934	9.366527	1	6	29	0	9.366527	0	0	0	0
holistic	he800	416	0.775008	1.739774	1	1	1	0	1.739774	0	0	0.881064	0
conventional	ce969	416	0	36.273609	0	14	7	8.164912	4.620547	18.634337	4.853813	0	0
conventional	ce970	416	0	21.648594	0	14	7	2.803760	1.352192	12.050776	5.441866	2.003073	0
holistic	he801	417	0	6.456388	0	4	12	0	0	6.456388	0	0	0
conventional	ce971	418	0	33.433386	0	14	7	2.692008	2.773885	22.030087	5.937406	2.023117	0
conventional	ce972	418	0	30.107417	0	14	7	6.138625	5.690324	12.261024	6.017444	1.385178	0
holistic	he802	419	0.156432	1.078189	1	1	4	0	1.078189	0	0	0	0
holistic	he803	419	3.885433	3.717475	5	9	12	0	1.304902	2.412573	0	1.368321	0
conventional	ce973	419	0	15.324894	0	14	7	3.904485	1.858704	6.569409	2.992296	0	0
conventional	ce974	419	0	65.030847	0	14	7	12.329647	5.687706	32.738465	14.275029	1.740265	0
holistic	he804	420	2.105873	6.492345	3	10	16	0	5.202018	1.290327	0	1.552600	0
holistic	he805	420	2.349752	5.619381	3	10	13	0	4.113103	1.506278	0	1.230354	0
holistic	he806	420	0	0	0	0	0	0	0	0	0	0	0
holistic	he807	420	0.577655	0.092590	1	1	1	0	0.092590	0	0	0	0
conventional	ce975	420	0	32.533349	0	14	7	2.484042	2.236216	21.834884	5.978207	2.513303	0
conventional	ce976	422	0.050146	28.483509	1	14	7	1.155542	2.508391	19.093641	5.725935	2.191385	0
conventional	ce977	422	0	29.664936	0	14	7	9.706666	4.329973	12.093628	3.534669	2.013392	0
conventional	ce978	422	0	28.779223	0	14	7	4.019198	2.625071	16.731326	5.403628	2.191385	0
holistic	he808	423	0.870922	8.718778	2	4	2	0	8.718778	0	0	0	0
holistic	he809	424	0	0	0	0	10	0	0	0	0	0	0
holistic	he810	424	1.550016	3.032946	2	2	2	0	3.032946	0	0	1.792370	0
conventional	ce979	424	0	33.880467	0	14	7	5.225512	2.765646	19.010047	6.879262	2.040423	0
conventional	ce980	424	0	16.782923	0	14	7	2.784368	3.531139	9.023838	1.443578	1.223231	0
holistic	he811	425	0.435461	1.762036	1	1	1	0	1.762036	0	0	0	0
conventional	ce981	425	0.159965	23.696256	1	14	7	5.557935	2.013807	12.902677	3.221837	0	0
holistic	he812	426	3.577749	4.406058	3	9	3	0	4.406058	0	0	0	0
holistic	he813	426	1.306383	5.426814	3	9	3	0	5.426814	0	0	0.509529	0
conventional	ce982	426	0	29.868568	0	14	7	1.606275	2.394212	21.373611	4.494470	1.606168	0
holistic	he814	427	2.290435	5.722322	3	10	13	0	4.216044	1.506278	0	1.230354	0
conventional	ce983	427	0.147920	32.007361	1	14	7	9.100231	5.084117	7.766837	10.056176	0.904549	0
conventional	ce984	427	0	25.636576	0	14	7	4.495510	2.558894	13.804290	4.777882	0	0
conventional	ce985	427	0	42.874828	0	14	7	10.603643	3.833412	16.513521	11.924252	1.492361	0
conventional	ce986	427	0	30.612796	0	14	7	2.058936	7.551886	17.059064	3.942910	1.128427	0
holistic	he815	428	1.254720	3.153075	1	3	2	0	3.153075	0	0	0	0
holistic	he816	428	1.121566	0.892895	1	1	1	0	0.892895	0	0	0	0
holistic	he817	428	1.741844	32.686312	4	32	12	0	32.686312	0	0	1.353852	0
conventional	ce987	428	0	34.888203	0	14	7	10.766356	3.086860	12.491149	8.543838	0	0
conventional	ce988	428	0	31.238503	0	14	7	3.677396	2.039855	18.282406	7.238846	2.023117	0
holistic	he818	429	2.812906	7.165137	3	10	13	0	5.136388	2.028749	0	0.997059	0
holistic	he819	429	1.877082	3.228462	2	2	2	0	3.228462	0	0	0.959313	0
holistic	he820	431	0.012568	2.220085	1	1	1	0	2.220085	0	0	0	0
holistic	he821	431	0.435461	2.570925	1	1	2	0	2.570925	0	0	0.493027	0
conventional	ce989	431	0	32.124693	0	14	7	1.471542	2.595437	21.149069	6.908645	2.023117	0
holistic	he822	432	0.481796	1.619258	1	3	2	0	1.619258	0	0	0	0
conventional	ce990	432	0	33.485524	0	14	7	5.236370	3.925550	18.533282	5.790322	0	0
conventional	ce991	432	0	29.015009	0	14	7	3.508321	5.755131	9.743559	10.007998	0	0
holistic	he823	434	1.121566	0.814163	1	1	1	0	0.814163	0	0	0	0
conventional	ce992	434	0.050146	23.352916	1	14	7	0.532925	0.861556	17.726836	4.231599	2.191385	0
conventional	ce993	434	0	31.431006	0	14	7	10.262991	5.948007	10.432954	4.787054	2.365285	0
conventional	ce994	435	0	30.314049	0	14	7	0.675405	2.527574	21.566584	5.544486	2.023117	0
conventional	ce995	435	0.716867	31.654506	1	14	7	5.221594	2.192508	17.049550	7.190854	1.385178	0
holistic	he824	436	4.708347	5.490972	5	15	12	0	1.057746	4.433226	0	5.291910	0
conventional	ce996	436	0	39.287845	0	14	7	9.201619	6.730991	15.595840	7.759395	0	0
holistic	he825	437	0.623505	1.558604	1	2	1	0	1.558604	0	0	0	0
conventional	ce997	437	0	26.092920	0	14	7	0.866271	2.615328	18.864654	3.746667	2.513303	0
conventional	ce998	437	0	27.910933	0	14	7	1.267056	2.460254	19.125946	5.057677	1.606168	0
holistic	he826	438	0	0	0	0	0	0	0	0	0	0	0
holistic	he827	438	2.480488	13.669669	6	19	24	0	1.977469	11.692200	0	3.574485	0
holistic	he828	438	0.435461	2.305971	1	2	2	0	2.305971	0	0	0	0
conventional	ce999	438	1.003611	27.532583	1	14	7	3.487835	4.532555	16.326671	3.185522	0.785782	0
conventional	ce1000	438	0	20.706089	0	14	7	1.486249	1.494244	14.475612	3.249984	2.697269	0
holistic	he829	439	0	0.571825	0	1	1	0	0.571825	0	0	0.896185	0
conventional	ce1001	439	0	31.013778	0	14	7	4.530749	2.827478	18.095458	5.560093	0	0
conventional	ce1002	440	0	41.887835	0	14	7	6.826442	9.100018	19.714741	6.246634	1.165170	0
conventional	ce1003	440	0	26.885852	0	14	7	12.001775	1.028562	9.643996	4.211519	2.619131	0
conventional	ce1004	440	0.887500	12.346476	1	14	7	1.139100	4.247244	3.976392	2.983740	0	0
holistic	he830	441	0	1.008972	0	2	1	0	1.008972	0	0	0	0
conventional	ce1005	441	0.955875	31.744688	2	14	7	5.166434	2.679419	17.067117	6.831718	1.385178	0
conventional	ce1006	442	0	12.261399	0	14	7	1.834771	0.454550	6.486175	3.485903	2.912601	0
conventional	ce1007	442	0	45.007391	0	14	7	13.886064	3.276011	22.052216	5.793100	0	0
holistic	he831	443	0.870922	0.556322	2	8	8	0	0.556322	0	0	0.083179	0
conventional	ce1008	443	0	29.572479	0	14	7	9.188146	3.411745	13.568856	3.403732	2.834618	0
conventional	ce1009	443	0	38.016994	0	14	7	9.471903	7.230068	13.652482	7.662541	0	0
holistic	he832	444	1.856080	8.776217	3	12	27	0	7.274350	1.501867	0	0.722977	0
conventional	ce1010	444	0	36.389768	0	14	7	9.628678	3.578548	19.594524	3.588018	1.006146	0
conventional	ce1011	444	0	47.287349	0	14	7	10.127533	6.351858	18.888204	11.919754	1.492361	0
holistic	he833	445	0	0	0	0	7	0	0	0	0	0	0
conventional	ce1012	445	0	35.098348	0	14	7	6.034985	8.397877	12.054697	8.610789	1.283166	0
conventional	ce1013	445	1.532544	26.169197	1	14	7	5.709410	2.651215	13.783882	4.024690	0	0
conventional	ce1014	445	0	32.049661	0	14	7	11.285071	7.052265	9.365459	4.346866	2.013392	0
conventional	ce1015	445	0	31.855080	0	14	7	6.138812	4.691295	13.371381	7.653592	1.385178	0
conventional	ce1016	445	0	26.371167	0	14	7	6.184037	3.102663	12.806359	4.278108	1.180994	0
holistic	he834	446	7.602090	37.410225	10	37	24	0	29.046949	8.363276	0	6.685895	0
holistic	he835	446	0	0.741390	0	1	2	0	0.741390	0	0	0.896185	0
conventional	ce1017	446	0.840587	48.626509	1	14	7	13.422856	9.005430	22.806781	3.391442	4.059179	0
holistic	he836	447	0	13.812014	0	8	14	0	0	13.812014	0	0	0
conventional	ce1018	447	0	33.841840	0	14	7	11.862228	6.343274	10.264002	5.372336	2.161044	0
conventional	ce1019	447	0.131241	12.424885	1	14	7	0.171879	3.821496	4.543202	3.888308	0	0
conventional	ce1020	447	0.147920	29.045128	1	14	7	6.417771	2.740004	7.863486	12.023867	0.904549	0
conventional	ce1021	447	0	32.595011	0	14	7	0.980598	1.926416	22.412085	7.275912	2.023117	0
conventional	ce1022	447	0	37.298228	0	14	7	10.189398	6.152369	15.542572	5.413889	0	0
holistic	he837	448	0.481796	1.403968	1	2	2	0	1.403968	0	0	0	0
holistic	he838	448	0	1.667285	0	2	1	0	1.667285	0	0	0	0
holistic	he839	448	2.043843	1.765828	3	6	13	0	0.157446	1.608382	0	0.633370	0
conventional	ce1023	448	0.050146	29.324795	1	14	7	1.370439	2.383401	20.193858	5.377097	2.191385	0
conventional	ce1024	448	0.840587	19.948541	1	14	7	4.968178	2.049924	8.490536	4.439903	2.053158	0
conventional	ce1025	448	0	26.311474	0	14	7	5.760755	3.387171	12.863476	4.300072	1.346856	0
holistic	he840	449	2.165114	3.292543	3	5	7	0	1.683387	1.609156	0	4.924966	0
conventional	ce1026	449	0	27.830035	0	14	7	3.780412	1.393451	16.248232	6.407940	2.191385	0
holistic	he841	450	1.229041	5.244423	3	7	7	0	1.498419	3.746004	0	2.461976	0
conventional	ce1027	450	0	33.345418	0	14	7	1.546718	2.789649	22.941106	6.067945	3.491545	0
conventional	ce1028	450	0.630527	22.695302	1	14	7	2.525478	4.359988	12.421186	3.388650	1.837973	0
conventional	ce1029	450	0	30.483542	0	14	7	10.649590	1.477403	15.254194	3.102355	0	0
holistic	he842	451	0.012568	2.255008	1	1	1	0	2.255008	0	0	0	0
holistic	he843	451	0	0	0	0	0	0	0	0	0	0	0
conventional	ce1030	451	0	31.539027	0	14	7	5.502095	2.609109	16.118608	7.309215	2.191385	0
holistic	he844	452	0	18.445668	0	8	14	0	0	18.445668	0	0	0
conventional	ce1031	452	1.126882	32.241988	1	14	7	3.956597	7.141308	17.469357	3.674726	0.941930	0
conventional	ce1032	452	0	15.533008	0	14	7	2.722653	1.890545	6.378227	4.541583	0	0
holistic	he845	453	0.156432	1.340161	1	1	1	0	1.340161	0	0	0	0
conventional	ce1033	453	0.147920	32.771291	1	14	7	10.223219	4.960997	6.827551	10.759524	0.929821	0
conventional	ce1034	454	0	31.768529	0	14	7	9.021769	6.562715	9.582031	6.602014	1.550171	0
conventional	ce1035	454	0	32.638844	0	14	7	1.513963	3.495049	20.740214	6.889618	2.023117	0
holistic	he846	455	0.929296	3.919500	1	3	4	0	3.919500	0	0	0	0
holistic	he847	455	0.775008	2.273429	1	1	1	0	2.273429	0	0	0.881064	0
conventional	ce1036	455	0	27.355639	0	14	7	3.595832	2.015774	16.654271	5.089762	2.126643	0
holistic	he848	456	0	1.008972	0	2	1	0	1.008972	0	0	0	0
holistic	he849	457	5.793370	42.684706	2	18	24	0	0	42.684706	0	0	0
holistic	he850	457	2.618428	16.068995	4	10	16	0	1.701026	14.367969	0	2.892927	0
conventional	ce1037	457	0.716867	35.852981	1	14	7	4.195844	3.450049	21.787523	6.419565	1.385178	0
conventional	ce1038	457	1.260876	23.971680	1	14	7	1.448484	3.901891	15.070950	3.550355	1.378628	0
holistic	he851	458	0.919859	8.900551	4	13	18	0	3.430141	5.470410	0	3.860871	0
holistic	he852	458	0.889400	0.955959	1	1	1	0	0.955959	0	0	0	0
conventional	ce1039	458	0.840587	27.554095	1	14	7	3.116022	4.648067	15.943833	3.846173	2.343999	0
holistic	he853	459	1.121566	0.926130	1	1	1	0	0.926130	0	0	2.224578	0
holistic	he854	459	1.121566	1.330183	1	1	4	0	1.330183	0	0	0	0
holistic	he855	459	0.481796	1.097797	1	3	2	0	1.097797	0	0	0	0
holistic	he856	460	1.318053	1.035690	1	1	5	0	1.035690	0	0	0	0
conventional	ce1040	460	0	13.296306	0	14	7	1.189685	3.789658	4.305127	4.011836	2.513303	0
conventional	ce1041	461	0	37.712427	0	14	7	10.872256	2.274737	17.285128	7.280306	0	0
holistic	he857	462	2.291541	27.842391	4	28	38	0	26.340524	1.501867	0	0.679100	0
holistic	he858	462	0.481796	1.950756	1	3	2	0	1.950756	0	0	0	0
holistic	he859	462	1.306383	1.606185	3	3	6	0	1.606185	0	0	0	0
conventional	ce1042	462	0	34.107808	0	14	7	2.039675	3.060646	22.617730	6.389757	1.543834	0
holistic	he860	463	0	1.667285	0	2	1	0	1.667285	0	0	0	0
holistic	he861	463	0.435461	1.682677	1	1	1	0	1.682677	0	0	0	0
holistic	he862	463	1.121566	1.680631	1	1	1	0	1.680631	0	0	0	0
holistic	he863	463	2.340292	12.435677	3	12	27	0	10.933810	1.501867	0	0.400301	0
conventional	ce1043	463	0	18.775579	0	14	7	4.667885	2.652476	7.864473	3.590745	0	0
conventional	ce1044	463	1.003611	22.570743	1	14	7	2.879694	7.332135	9.258150	3.100764	0.727504	0
conventional	ce1045	463	0	12.744516	0	14	7	2.614775	1.478596	6.038117	2.613028	0	0
holistic	he864	464	0	1.794340	0	2	16	0	1.794340	0	0	8.052227	0
holistic	he865	464	0.481796	1.403706	1	3	3	0	1.403706	0	0	0	0
holistic	he866	465	1.742701	9.411198	3	12	30	0	8.073058	1.338140	0	0.699563	0
holistic	he867	465	0.013331	0.044106	1	1	6	0	0.044106	0	0	0	0
holistic	he868	466	0.986660	0.593169	1	1	4	0	0.593169	0	0	0	0
holistic	he869	466	3.956836	4.725512	7	10	33	0	0.660458	4.065054	0	1.030236	0
conventional	ce1046	466	0	42.311735	0	14	7	11.958247	6.897092	17.510292	5.946104	0.985129	0
conventional	ce1047	466	0	45.732158	0	14	7	12.790303	6.767903	21.410512	4.763440	0	0
conventional	ce1048	466	0	41.433373	0	14	7	6.863295	8.343392	19.512889	6.713797	1.756208	0
conventional	ce1049	466	0	36.150614	0	14	7	6.981037	2.053599	15.854823	11.261155	1.704613	0
holistic	he870	467	0	0	0	0	14	0	0	0	0	0	0
holistic	he871	467	1.121566	0.736644	1	1	1	0	0.736644	0	0	0	0
holistic	he872	467	0.775008	0.868161	1	1	1	0	0.868161	0	0	0.293688	0
conventional	ce1050	467	0.887500	15.625257	1	14	7	1.213774	5.047075	4.556405	4.808003	0	0
conventional	ce1051	467	0.050146	21.880907	1	14	7	5.238255	2.993951	8.715223	4.933478	2.191385	0
holistic	he873	468	0	1.481940	0	2	1	0	1.481940	0	0	0	0
holistic	he874	468	0	19.419548	0	8	14	0	0	19.419548	0	0	0
conventional	ce1052	468	0	33.134146	0	14	7	9.634325	3.903556	16.509296	3.086969	1.768111	0
conventional	ce1053	468	1.003611	10.872385	1	14	7	0.434335	2.258503	3.764374	4.415173	0.428804	0
holistic	he875	469	0.000645	0.314074	1	1	2	0	0.314074	0	0	0.360661	0
conventional	ce1054	469	0	27.988533	0	14	7	0.866706	2.993119	20.065199	4.063509	1.887259	0
conventional	ce1055	469	0	35.306236	0	14	7	2.698208	3.126941	22.982087	6.499000	1.660514	0
conventional	ce1056	469	0.716867	32.539703	1	14	7	6.332212	1.582760	17.248181	7.376550	1.385178	0
conventional	ce1057	470	0	30.910678	0	14	7	6.627727	7.430258	8.769044	8.083649	0.418268	0
holistic	he876	471	0.205855	1.572545	1	2	1	0	1.572545	0	0	0.332630	0
holistic	he877	471	0	20.752048	0	8	14	0	0	20.752048	0	0	0
conventional	ce1058	471	0	30.582979	0	14	7	8.098700	7.686286	9.096046	5.701947	2.191385	0
conventional	ce1059	471	0	28.511732	0	14	7	6.172079	3.642920	13.364971	5.331762	1.346856	0
conventional	ce1060	471	0	38.424412	0	14	7	1.771752	5.340273	23.972368	7.340019	2.383966	0
conventional	ce1061	471	0	35.778823	0	14	7	4.592892	8.235830	15.333162	7.616939	1.756208	0
holistic	he878	473	0	11.647434	0	8	14	0	0	11.647434	0	0	0
holistic	he879	473	0	0.583099	0	1	1	0	0.583099	0	0	0.896185	0
holistic	he880	473	0.870922	9.129068	2	4	2	0	9.129068	0	0	0	0
holistic	he881	473	0	0	0	0	10	0	0	0	0	0	0
conventional	ce1062	473	0	38.709862	0	14	7	9.777482	7.869488	12.820103	8.242789	3.667625	0
holistic	he882	474	1.692227	2.544167	2	5	29	0	0.821040	1.723127	0	0.699563	0
holistic	he883	474	3.712160	31.058918	6	32	30	0	14.881784	16.177134	0	1.823534	0
conventional	ce1063	474	0	32.097165	0	14	7	12.046942	5.189967	11.707666	3.152590	3.169284	0
conventional	ce1064	474	0.147920	31.674353	1	14	7	3.165182	2.591347	19.270905	6.646919	0.904549	0
holistic	he884	475	0.493072	57.169438	1	53	18	0	26.528562	30.640876	0	0.218294	0
holistic	he885	475	0	9.041462	0	4	14	0	0	9.041462	0	0	0
holistic	he886	475	0.481796	1.711948	1	3	2	0	1.711948	0	0	0	0
holistic	he887	475	1.973140	2.273402	4	8	18	0	0.665020	1.608382	0	1.928618	0
conventional	ce1065	475	0	36.681744	0	14	7	13.455412	1.382665	17.451657	4.392010	0	0
conventional	ce1066	475	0	45.285441	0	14	7	13.847983	3.882191	15.313247	12.242020	1.251992	0
holistic	he888	476	1.762795	4.299886	2	8	16	0	3.466387	0.833499	0	0.270752	0
holistic	he889	476	1.121566	0.892924	1	1	1	0	0.892924	0	0	0	0
holistic	he890	476	0.481796	1.119812	1	3	2	0	1.119812	0	0	0	0
holistic	he891	476	0.602470	4.362160	1	4	5	0	3.444450	0.917710	0	0.893123	0
conventional	ce1067	476	0.462287	15.389486	1	14	7	0.251316	4.554363	5.996301	4.587506	0	0
holistic	he892	477	0.929296	5.713282	1	3	4	0	5.713282	0	0	0	0
holistic	he893	477	0	2.286413	0	2	1	0	2.286413	0	0	0	0
conventional	ce1068	477	0	23.752886	0	14	7	5.445452	4.525786	7.336403	6.445245	0	0
conventional	ce1069	477	0.050146	15.795712	1	14	7	4.440416	2.466679	6.164826	2.723791	2.191385	0
conventional	ce1070	477	0	41.844064	0	14	7	10.320883	8.799150	15.396468	7.327563	0	0
holistic	he894	478	0	0	0	0	10	0	0	0	0	0	0
conventional	ce1071	478	0	30.205156	0	14	7	1.987893	3.527896	20.150076	4.539291	1.606168	0
conventional	ce1072	478	0	11.927546	0	14	7	1.788892	0.551164	4.948717	4.638773	2.294513	0
holistic	he895	479	3.586926	48.957583	6	21	19	0	1.317548	47.640035	0	0	0
conventional	ce1073	479	0.147920	31.696612	1	14	7	9.430798	5.740845	6.682645	9.842324	0.904549	0
conventional	ce1074	479	0	34.391779	0	14	7	2.095386	2.743823	22.940061	6.612509	1.364625	0
conventional	ce1075	479	0	34.170236	0	14	7	1.614557	2.711290	23.395539	6.448850	3.491545	0
conventional	ce1076	479	0	33.543385	0	14	7	9.023012	2.425573	18.074969	4.019831	1.006146	0
holistic	he896	480	2.812906	7.126002	3	10	13	0	5.097253	2.028749	0	0.997059	0
holistic	he897	480	1.438943	1.340121	1	1	6	0	1.340121	0	0	0	0
holistic	he898	480	0	1.355148	0	1	1	0	1.355148	0	0	1.792370	0
holistic	he899	480	11.586740	11.586740	4	4	30	0	0	11.586740	0	0	0
conventional	ce1077	480	0	34.514519	0	14	7	1.105445	3.400411	22.388300	7.620363	0	0
conventional	ce1078	480	0.462287	9.921040	1	14	7	0.466256	1.464144	5.707649	2.282991	0.165418	0
conventional	ce1079	481	0	38.116095	0	14	7	8.128288	2.617482	21.949689	5.420636	1.006146	0
holistic	he900	482	0.945516	0.876008	1	1	1	0	0.876008	0	0	1.165176	0
holistic	he901	482	4.825322	25.277700	4	16	14	0	0	25.277700	0	0	0
conventional	ce1080	482	0	27.703609	0	14	7	10.903385	1.465525	12.888359	2.446340	0	0
conventional	ce1081	482	0	23.236430	0	14	7	1.414695	0.833734	15.290500	5.697501	1.606168	0
conventional	ce1082	482	0	20.967730	0	14	7	5.132510	2.625567	8.279268	4.930385	1.180994	0
holistic	he902	483	1.121566	0.894088	1	1	1	0	0.894088	0	0	0	0
holistic	he903	483	0.870922	13.727018	2	16	44	0	13.727018	0	0	0	0
conventional	ce1083	483	0	18.025666	0	14	7	4.573145	1.547226	8.371033	3.534262	0	0
holistic	he904	484	2.283958	4.693991	3	7	8	0	3.194190	1.499801	0	0.997059	0
conventional	ce1084	484	0	27.401449	0	14	7	6.585332	2.485607	13.990276	4.340234	1.180994	0
conventional	ce1085	485	0	36.117519	0	14	7	3.917737	5.378250	20.300384	6.521148	0.881490	0
holistic	he905	486	2.154795	10.657312	5	16	24	0	1.700212	8.957100	0	7.239712	0
conventional	ce1086	486	0	28.840432	0	14	7	9.623890	1.603812	14.953368	2.659362	0	0
conventional	ce1087	486	0	35.169419	0	14	7	3.925276	4.742094	20.266057	6.235992	0.881490	0
holistic	he906	487	0	1.341053	0	2	1	0	1.341053	0	0	0	0
conventional	ce1088	487	0	32.043485	0	14	7	8.150170	3.665922	16.988908	3.238485	0	0
conventional	ce1089	487	0.131241	46.610150	1	14	7	13.712091	6.667185	20.068483	6.162391	0	0
conventional	ce1090	487	0	26.785461	0	14	7	5.273280	3.033278	11.577308	6.901595	1.180994	0
conventional	ce1091	487	1.003611	8.136969	1	14	7	0.616555	1.080917	3.371164	3.068333	0.428804	0
holistic	he907	488	2.035780	3.187698	3	5	22	0	1.578542	1.609156	0	4.974394	0
holistic	he908	488	0.481796	1.881864	1	3	2	0	1.881864	0	0	0	0
conventional	ce1092	488	0	18.901333	0	14	7	3.174741	2.751021	8.752150	4.223421	0	0
holistic	he909	489	1.121566	4.403873	1	2	1	0	4.403873	0	0	0	0
conventional	ce1093	489	0	42.231484	0	14	7	12.363820	5.693321	17.557767	6.616576	0	0
holistic	he910	490	0.929296	3.958741	1	3	4	0	3.958741	0	0	0	0
holistic	he911	491	0	20.253210	0	8	14	0	0	20.253210	0	0	0
holistic	he912	491	0	0	0	0	0	0	0	0	0	0	0
conventional	ce1094	491	0	29.892554	0	14	7	6.470127	6.506415	9.340945	7.575067	0	0
holistic	he913	492	1.938882	5.140910	3	6	13	0	4.323594	0.817316	0	0.912214	0
holistic	he914	492	0.602470	1.475068	1	4	5	0	0.557358	0.917710	0	0.500245	0
conventional	ce1095	492	0	16.325519	0	14	7	2.582923	2.552713	5.796119	5.393764	0	0
holistic	he915	494	1.733359	5.876553	3	9	29	0	4.538196	1.338357	0	0.515289	0
holistic	he916	494	1.121566	0.629391	1	1	1	0	0.629391	0	0	0	0
conventional	ce1096	494	0	32.617241	0	14	7	3.144376	7.515883	12.205727	9.751255	1.165170	0
holistic	he917	495	1.938882	5.131819	3	6	13	0	4.314503	0.817316	0	1.812168	0
holistic	he918	495	0	14.748008	0	8	14	0	0	14.748008	0	0	0
conventional	ce1097	495	0	48.771505	0	14	7	14.969244	3.497304	24.751900	5.553057	0	0
holistic	he919	496	0.578395	3.846582	1	3	4	0	3.846582	0	0	0	0
conventional	ce1098	496	0	34.013070	0	14	7	10.852475	3.420999	17.190436	2.549160	0	0
conventional	ce1099	496	0	30.143611	0	14	7	7.625314	5.871833	10.142457	6.504007	1.184590	0
holistic	he920	497	0	18.197946	0	8	14	0	0	18.197946	0	0	0
conventional	ce1100	497	0.887500	13.843636	1	14	7	1.403745	4.306930	4.265478	3.867483	0	0
holistic	he921	498	1.445388	5.399229	3	21	6	0	5.399229	0	0	0	0
holistic	he922	498	1.390106	1.857312	2	4	7	0	0	1.857312	0	6.836556	0
conventional	ce1101	498	0	29.204994	0	14	7	0.904279	2.723158	19.705522	5.872035	3.588935	0
conventional	ce1102	498	0	36.575472	0	14	7	10.515329	10.005514	9.993844	6.060785	2.013392	0
holistic	he923	499	2.081430	19.276783	8	27	27	0	5.676147	13.600636	0	3.405344	0
holistic	he924	499	2.569607	3.965214	2	4	7	0	1.355148	2.610066	0	0.515289	0
conventional	ce1103	499	0	36.228658	0	14	7	2.235874	2.233326	26.278776	5.480682	2.061750	0
holistic	he925	500	0	3.665485	0	2	1	0	3.665485	0	0	0	0
conventional	ce1104	500	0	21.121177	0	14	7	5.630311	3.668090	9.039373	2.783403	1.311249	0
conventional	ce1105	500	0	39.118403	0	14	7	11.572718	6.972911	13.215910	7.356864	0	0
conventional	ce1106	500	0	44.856033	0	14	7	12.570989	7.822966	18.221382	6.240696	0	0
holistic	he926	501	0.919859	13.897101	4	13	18	0	3.446124	10.450977	0	3.553739	0
conventional	ce1107	501	0.079612	37.463273	1	14	7	1.333660	3.475397	25.386025	7.268191	2.161044	0
conventional	ce1108	501	0	33.725102	0	14	7	4.079188	3.803046	18.626264	7.216604	1.037442	0
conventional	ce1109	501	0	42.685536	0	14	7	10.859081	5.012555	20.988344	5.825556	1.006146	0
holistic	he927	502	1.387696	9.025090	2	6	6	0	7.322154	1.702936	0	1.767847	0
holistic	he928	502	1.762795	10.985600	2	8	16	0	10.152101	0.833499	0	0.270752	0
conventional	ce1110	502	0.050146	23.440684	1	14	7	6.955388	3.037199	10.898712	2.549385	1.787262	0
conventional	ce1111	502	0	14.150476	0	14	7	3.733901	2.354345	5.093553	2.968677	0	0
conventional	ce1112	503	0	18.060359	0	14	7	3.620387	2.692896	7.170675	4.576401	0	0
conventional	ce1113	503	0	37.819986	0	14	7	10.161175	2.699005	17.337987	7.621819	0.217847	0
conventional	ce1114	503	0.125134	14.245270	1	14	7	2.343073	4.489676	5.015543	2.396978	0	0
holistic	he929	504	4.671418	9.949580	4	12	30	0	5.135412	4.814168	0	2.348834	0
holistic	he930	504	5.793370	42.965086	2	18	24	0	0	42.965086	0	0	0
conventional	ce1115	504	0	37.793881	0	14	7	4.243146	2.741960	20.704343	10.104432	1.364625	0
conventional	ce1116	504	0.131241	13.070609	1	14	7	0.376858	3.742473	4.891870	4.059408	0	0
holistic	he931	505	0	24.746328	0	16	28	0	0	24.746328	0	0	0
holistic	he932	505	1.499779	5.953132	1	4	7	0	3.668600	2.284532	0	0.823698	0
conventional	ce1117	505	0	29.868442	0	14	7	9.184204	1.525908	17.177595	1.980735	0	0
conventional	ce1118	505	0	34.994899	0	14	7	5.439500	3.678958	19.095584	6.780857	1.230900	0
conventional	ce1119	505	0	39.784762	0	14	7	12.986041	2.595384	16.757203	7.446134	0	0
holistic	he933	506	0	0	0	0	28	0	0	0	0	0	0
conventional	ce1120	506	0	41.545856	0	14	7	8.389774	5.594285	18.283462	9.278335	1.376177	0
conventional	ce1121	506	0	28.284646	0	14	7	5.749567	5.908702	9.411569	7.214808	0	0
holistic	he934	507	0.945516	0.873260	1	1	1	0	0.873260	0	0	1.165176	0
conventional	ce1122	507	0	31.823345	0	14	7	6.150557	6.372148	12.122471	7.178169	0.518128	0
conventional	ce1123	507	0	32.628410	0	14	7	11.087099	1.539121	16.833627	3.168563	0	0
conventional	ce1124	507	0.050146	22.273367	1	14	7	4.812900	2.798233	9.538272	5.123962	2.191385	0
holistic	he935	508	2.018226	21.512736	7	29	35	0	9.076392	12.436344	0	1.150920	0
holistic	he936	508	1.053752	1.883802	1	3	4	0	0.278679	1.605123	0	1.171370	0
holistic	he937	508	0	4.360710	0	1	1	0	4.360710	0	0	0	0
conventional	ce1125	508	0.462287	18.320771	1	14	7	0.771108	5.299840	6.053961	6.195862	0	0
conventional	ce1126	508	1.011599	21.776384	1	14	7	2.512997	4.554407	13.239390	1.469590	1.760314	0
conventional	ce1127	508	0	21.902725	0	14	7	4.949795	4.164678	6.780000	6.008252	0	0
conventional	ce1128	508	0	19.752749	0	14	7	4.797082	2.725147	8.188533	4.041987	0	0
holistic	he938	509	3.330803	10.170796	3	12	27	0	8.668929	1.501867	0	0.400301	0
holistic	he939	510	0	0	0	0	1	0	0	0	0	0	0
holistic	he940	510	1.917707	6.945090	3	9	29	0	5.387189	1.557901	0	1.191638	0
holistic	he941	510	0	0.141899	0	1	1	0	0.141899	0	0	2.416850	0
conventional	ce1129	510	0	30.063182	0	14	7	5.060688	7.174872	9.640698	8.186924	0	0
conventional	ce1130	510	0.887500	14.774429	1	14	7	1.955771	1.086378	8.498040	3.234240	0	0
conventional	ce1131	510	0	15.051394	0	14	7	3.271603	1.671535	4.678392	5.429864	0	0
conventional	ce1132	510	0	34.412592	0	14	7	7.505982	9.429695	11.153283	6.323632	2.318990	0
conventional	ce1133	510	0.050146	21.843546	1	14	7	4.115092	3.730432	7.644650	6.353372	2.921899	0
holistic	he942	511	2.889035	8.274992	4	9	29	0	5.498930	2.776062	0	0.515289	0
conventional	ce1134	511	0	41.962925	0	14	7	12.713952	11.187038	12.577208	5.484727	2.464811	0
conventional	ce1135	511	0	33.550101	0	14	7	3.841879	3.033955	18.769530	7.904737	0	0
holistic	he943	512	1.499779	5.941378	1	4	7	0	3.656846	2.284532	0	1.258107	0
holistic	he944	512	0.789533	18.587837	1	9	14	0	0	18.587837	0	0	0
holistic	he945	512	1.767921	1.489741	2	2	7	0	1.489741	0	0	0	0
conventional	ce1136	512	0	21.964998	0	14	7	5.032101	4.268722	6.515030	6.149145	1.180994	0
conventional	ce1137	512	0	36.986107	0	14	7	10.936051	7.653235	11.520191	6.876630	1.753117	0
conventional	ce1138	512	0	48.670355	0	14	7	13.936309	3.734076	24.048566	6.951404	0	0
holistic	he946	513	0	2.579256	0	3	1	0	2.579256	0	0	0	0
holistic	he947	514	0	3.969234	0	2	7	0	0	3.969234	0	0	0
holistic	he948	514	0.963592	6.661152	2	10	4	0	6.661152	0	0	0	0
conventional	ce1139	514	0.770590	39.649809	1	14	7	8.785120	3.844906	20.384901	6.634882	1.006146	0
conventional	ce1140	514	0	15.011111	0	14	7	1.582445	1.870442	6.872426	4.685798	0	0
conventional	ce1141	514	0	27.807054	0	14	7	1.727230	4.423798	16.368055	5.287971	0	0
holistic	he949	515	2.151691	9.332002	3	12	27	0	8.074413	1.257589	0	0.400301	0
holistic	he950	515	2.645840	5.051354	2	4	7	0	2.350500	2.700854	0	0.515289	0
conventional	ce1142	515	0	47.810358	0	14	7	11.968007	7.331451	22.703572	5.807328	0	0
holistic	he951	516	0.663690	2.610212	1	1	1	0	2.610212	0	0	0	0
conventional	ce1143	516	0.374719	22.623618	1	14	7	1.627630	5.917525	9.066852	6.011611	2.411920	0
conventional	ce1144	516	0	31.164228	0	14	7	6.625892	7.241929	9.239684	8.056723	0.418268	0
holistic	he952	517	0	0	0	0	10	0	0	0	0	0	0
holistic	he953	517	0.481796	0.987586	1	3	2	0	0.987586	0	0	0	0
conventional	ce1145	517	0	20.490924	0	14	7	3.087329	2.254330	9.266449	5.882816	0	0
conventional	ce1146	517	0	22.891728	0	14	7	5.196436	3.313383	9.469779	4.912130	0.831488	0
holistic	he954	518	0	21.484006	0	8	14	0	0	21.484006	0	0	0
holistic	he955	518	0.024796	0.066841	1	2	28	0	0	0.066841	0	2.036270	0
conventional	ce1147	518	0	29.826895	0	14	7	8.599958	2.164514	16.887644	2.174779	0	0
conventional	ce1148	518	0	23.435073	0	14	7	3.510197	3.791591	8.615817	7.517468	0	0
holistic	he956	519	0.820816	2.599946	4	9	17	0	1.335098	1.264848	0	5.875736	0
holistic	he957	519	0	0	0	0	0	0	0	0	0	0	0
holistic	he958	519	0	17.377170	0	8	14	0	0	17.377170	0	0	0
conventional	ce1149	519	1.003611	29.980357	1	14	7	9.468990	1.553774	16.771632	2.185961	1.245685	0
conventional	ce1150	519	0	40.139287	0	14	7	6.499429	3.784176	21.826309	8.029373	1.230900	0
holistic	he959	520	1.148290	1.731484	1	1	1	0	1.731484	0	0	0	0
conventional	ce1151	520	0	30.390601	0	14	7	10.772940	2.492970	14.949261	2.175430	0	0
conventional	ce1152	521	0	28.019762	0	14	7	7.440336	2.301186	15.584521	2.693719	1.006146	0
conventional	ce1153	521	0	32.832388	0	14	7	2.031501	2.752597	20.944185	7.104105	1.474582	0
holistic	he960	522	0.227449	1.181848	1	1	1	0	1.181848	0	0	0.427471	0
holistic	he961	522	0.295287	1.817441	1	3	2	0	1.817441	0	0	0	0
conventional	ce1154	522	0	26.085552	0	14	7	4.938347	5.547310	10.171353	5.428542	1.180994	0
holistic	he962	523	3.110066	13.094271	8	25	27	0	4.548759	8.545512	0	1.594874	0
holistic	he963	523	2.408823	15.176030	8	27	35	0	8.711836	6.464194	0	1.443282	0
holistic	he964	523	0.295287	1.922749	1	3	4	0	1.922749	0	0	0	0
holistic	he965	523	0.602470	1.179034	1	4	5	0	0.557358	0.621676	0	0.241751	0
conventional	ce1155	523	0.017648	14.015534	1	14	7	1.755292	4.266265	4.688072	3.305905	0	0
conventional	ce1156	523	0	28.237746	0	14	7	11.005057	1.216452	12.307279	3.708958	0	0
conventional	ce1157	523	0	25.166149	0	14	7	4.479813	3.087958	10.349096	7.249282	1.019818	0
holistic	he966	524	1.194856	6.434470	4	11	15	0	4.614414	1.820056	0	4.379868	0
conventional	ce1158	524	0	36.572440	0	14	7	8.465031	2.313007	20.875889	4.918513	0.640000	0
conventional	ce1159	524	0	44.674271	0	14	7	14.744376	2.405650	21.557404	5.966841	0	0
holistic	he967	525	0.963592	4.492862	2	6	4	0	4.492862	0	0	0	0
holistic	he968	525	16.204458	16.379946	18	18	24	0	0	16.379946	0	3.548232	0
conventional	ce1160	525	0	33.335229	0	14	7	4.066971	10.726197	7.968466	10.573595	0.496822	0
holistic	he969	526	0	0	0	0	0	0	0	0	0	0	0
holistic	he970	526	0	0	0	0	0	0	0	0	0	0	0
holistic	he971	526	0.820816	6.765557	4	16	25	0	1.384387	5.381170	0	5.875736	0
conventional	ce1161	526	0	46.028082	0	14	7	12.259386	8.690335	18.769032	6.309329	0	0
conventional	ce1162	526	0	34.055971	0	14	7	3.013649	2.496770	21.315226	7.230326	1.650783	0
holistic	he972	527	0	82.989568	0	32	28	0	0	82.989568	0	0	0
conventional	ce1163	527	0	31.847582	0	14	7	2.409548	2.693652	21.983818	4.760564	3.491545	0
conventional	ce1164	527	0	14.256688	0	14	7	3.149878	4.581209	4.331780	2.193821	0	0
conventional	ce1165	527	1.003611	11.487143	1	14	7	0.399122	2.362301	3.953441	4.772279	0.428804	0
holistic	he973	528	3.621957	8.820961	4	9	29	0	5.311977	3.508984	0	0.515289	0
conventional	ce1166	528	0	12.976931	0	14	7	1.551714	3.659487	4.757794	3.007936	0	0
conventional	ce1167	528	0.228423	41.288804	1	14	7	9.482254	3.538650	23.034840	5.233060	0	0
conventional	ce1168	528	0	40.005861	0	14	7	7.733180	7.828052	16.212961	8.231668	0	0
conventional	ce1169	529	0.050146	17.983564	1	14	7	5.180561	3.222026	5.633548	3.947429	2.118151	0
conventional	ce1170	529	0	27.997446	0	14	7	8.520005	2.122083	14.667066	2.688292	0	0
conventional	ce1171	529	0	29.665628	0	14	7	6.144147	6.854652	8.565510	8.101319	0	0
conventional	ce1172	529	0	39.199206	0	14	7	3.259136	7.723103	22.156160	6.060807	0.881490	0
holistic	he974	530	0.481796	0.957288	1	2	2	0	0.957288	0	0	0	0
holistic	he975	530	0	16.977254	0	8	14	0	0	16.977254	0	0	0
holistic	he976	530	0	16.246528	0	8	14	0	0	16.246528	0	0	0
conventional	ce1173	530	0.050146	21.684930	1	14	7	4.943684	2.443206	8.951553	5.346487	2.191385	0
conventional	ce1174	530	0.905027	23.912758	1	14	7	2.348016	9.301732	7.809347	4.453663	0.496822	0
conventional	ce1175	530	0	14.252594	0	14	7	1.576318	1.784013	6.742852	4.149411	0	0
conventional	ce1176	530	0	18.987608	0	14	7	1.693788	3.852716	7.192043	6.249061	0	0
holistic	he977	531	0	0	0	0	0	0	0	0	0	0	0
holistic	he978	531	1.233584	6.157378	1	4	7	0	3.656846	2.500532	0	1.258107	0
holistic	he979	531	0	2.595164	0	2	1	0	2.595164	0	0	0	0
conventional	ce1177	531	0	35.275543	0	14	7	1.242997	3.480774	22.762705	7.789067	0.486415	0
conventional	ce1178	531	0	29.582221	0	14	7	7.223408	6.909883	7.951009	7.497921	0	0
conventional	ce1179	531	0	33.073629	0	14	7	6.421826	7.422629	10.038896	9.190278	0.418268	0
conventional	ce1180	531	0	37.030916	0	14	7	2.416721	1.963022	25.748110	6.903063	0	0
conventional	ce1181	532	0	37.377727	0	14	7	4.416061	4.524169	20.853466	7.584031	1.372857	0
conventional	ce1182	532	0	12.403266	0	14	7	1.286027	0.305148	5.419731	5.392360	1.364625	0
conventional	ce1183	532	0	42.477985	0	14	7	8.440884	8.587459	16.646323	8.803319	0	0
holistic	he980	533	2.409880	5.036566	4	10	14	0	1.365726	3.670840	0	2.000980	0
holistic	he981	533	0	0	0	0	2	0	0	0	0	0	0
conventional	ce1184	533	0	39.660628	0	14	7	0.829930	4.860246	26.159555	7.810897	0	0
holistic	he982	534	0	2.073668	0	1	1	0	2.073668	0	0	0	0
holistic	he983	534	0.602470	0.994268	1	4	5	0	0.372592	0.621676	0	0.241751	1.682110
conventional	ce1185	534	0	42.260396	0	14	7	13.250787	3.940983	19.041426	6.027200	0	0
conventional	ce1186	534	0	41.267748	0	14	7	8.044612	2.380651	24.240529	6.601956	0	0
holistic	he984	535	11.586740	53.965274	4	16	24	0	0	53.965274	0	0	0
holistic	he985	535	0	1.585634	0	1	1	0	1.585634	0	0	0	0
holistic	he986	536	0	1.355148	0	1	9	0	1.355148	0	0	5.727734	0
holistic	he987	536	1.815860	5.143012	3	6	13	0	4.325696	0.817316	0	0.912214	0
holistic	he988	536	1.121566	1.099293	1	1	10	0	1.099293	0	0	0	0
holistic	he989	536	0.619266	10.074594	3	21	6	0	10.074594	0	0	0	0
conventional	ce1187	536	0	27.944005	0	14	7	3.267816	1.829418	14.586522	8.260249	1.037442	0
holistic	he990	537	1.445388	8.284578	3	21	12	0	8.284578	0	0	0	0
holistic	he991	537	2.409880	5.036566	4	10	14	0	1.365726	3.670840	0	2.000980	0
holistic	he992	537	0	13.874280	0	8	14	0	0	13.874280	0	0	0
holistic	he993	537	0.024796	0.066841	1	2	30	0	0	0.066841	0	2.036270	0
conventional	ce1188	537	0	36.720369	0	14	7	1.782019	3.812265	21.968819	9.157266	1.364625	0
conventional	ce1189	537	0.887500	15.478515	1	14	7	2.017783	1.197084	9.343215	2.920433	0	0
holistic	he994	538	1.680464	3.438147	2	5	11	0	0.878389	2.559758	0	1.000490	0
holistic	he995	538	2.569607	3.965214	2	4	7	0	1.355148	2.610066	0	0.515289	0
conventional	ce1190	538	0.131241	13.836368	1	14	7	0.288017	3.881302	5.702917	3.964132	0	0
conventional	ce1191	538	0	42.159993	0	14	7	13.477102	2.766588	20.373449	5.542854	0	0
conventional	ce1192	539	0	18.961957	0	14	7	2.691340	2.426872	8.080220	5.763525	0	0
conventional	ce1193	539	0	50.184243	0	14	7	13.677072	7.086749	19.788144	9.632278	0	0
conventional	ce1194	539	0	38.248983	0	14	7	10.955170	8.356224	12.458980	6.478609	1.753117	0
conventional	ce1195	539	0.131241	7.327898	1	14	7	1.291426	0.699979	4.721988	0.614505	0	0
conventional	ce1196	539	0.374719	25.986536	1	14	7	1.613111	6.349376	11.080457	6.943592	1.974434	0
holistic	he996	540	0	17.854656	0	8	14	0	0	17.854656	0	0	0
holistic	he997	540	2.171984	2.171984	2	2	24	0	0	2.171984	0	4.148960	0
holistic	he998	540	0.602470	3.070417	1	4	8	0	1.927306	1.143111	0	0.564512	0.659058
holistic	he999	540	2.412573	3.303957	3	7	13	0	0.891384	2.412573	0	1.500354	0
holistic	he1000	540	0.036670	2.264944	1	4	12	0	2.264944	0	0	0	0
conventional	ce1197	540	0	18.335865	0	14	7	4.742126	5.229818	6.200233	2.163688	0	0
conventional	ce1198	540	0	35.447303	0	14	7	6.232580	7.407344	13.920285	7.887094	0	0
conventional	ce1199	540	0	26.813711	0	14	7	3.896100	3.585941	12.226938	7.104732	0	0
conventional	ce1200	541	1.488311	22.552714	1	14	7	2.711672	4.477059	12.387693	2.976290	1.760314	0
conventional	ce1201	541	0	32.286251	0	14	7	1.021725	3.915643	19.490225	7.858658	0.257530	0
conventional	ce1202	541	0	17.696162	0	14	7	2.661141	5.155743	5.722205	4.157073	0	0
holistic	he1001	542	0	0	0	0	0	0	0	0	0	0	0
holistic	he1002	542	2.017708	19.540994	6	44	33	0	6.443692	13.097302	0	0.962188	0
conventional	ce1203	542	0	39.181277	0	14	7	12.872818	6.644105	12.851493	6.812861	0	0
conventional	ce1204	542	0	12.275916	0	14	7	1.241398	0.652894	7.684081	2.697543	0	0
conventional	ce1205	542	1.003611	31.913945	1	14	7	10.199910	1.497240	17.480423	2.736372	1.245685	0
holistic	he1003	543	6.661606	54.140852	6	47	34	0	15.128560	39.012292	0	0	0
conventional	ce1206	543	0.374719	21.795479	1	14	7	1.652626	5.917525	8.744444	5.480884	2.176758	0
holistic	he1004	544	0	69.390748	0	40	26	0	0	69.390748	0	0	0
holistic	he1005	544	0	4.766114	0	2	1	0	4.766114	0	0	0	0
holistic	he1006	544	0	0.278679	0	1	5	0	0.278679	0	0	0.493384	0
holistic	he1007	545	0.603179	1.370525	1	5	14	0	0	1.370525	0	0	0
holistic	he1008	545	1.445388	26.660187	3	21	6	0	26.660187	0	0	0	0
conventional	ce1207	545	0	32.602140	0	14	7	8.175709	1.734308	19.125912	3.566211	0	0
conventional	ce1208	546	0	36.379113	0	14	7	13.314355	2.068106	13.664097	7.332555	0	0
conventional	ce1209	546	0	18.813557	0	14	7	3.162750	1.653546	9.443511	4.553750	0	0
holistic	he1009	547	0	0	0	0	0	0	0	0	0	0	0
conventional	ce1210	547	0.374719	16.509615	1	14	7	0.858349	5.492630	6.473613	3.685023	2.176758	0
conventional	ce1211	547	0	53.842877	0	14	7	15.437670	5.052830	25.650957	7.701420	0	0
conventional	ce1212	547	0	31.827995	0	14	7	8.630087	4.232208	16.344424	2.621276	0	0
conventional	ce1213	547	0.050146	22.782183	1	14	7	5.538206	2.733512	11.891997	2.618468	1.957157	0
holistic	he1010	548	1.121566	4.518616	1	2	1	0	4.518616	0	0	0	0
conventional	ce1214	548	0	56.473013	0	14	7	16.184024	5.034399	28.401637	6.852953	0	0
holistic	he1011	549	2.207580	7.423950	4	18	14	0	3.029082	4.394868	0	11.006100	0
holistic	he1012	549	0.295287	1.609886	1	2	4	0	1.609886	0	0	0	0
conventional	ce1215	549	0	21.756262	0	14	7	3.633468	2.377716	10.599551	5.145527	0	0
holistic	he1013	550	1.428105	20.634446	2	27	30	0	0	20.634446	0	0	0
conventional	ce1216	550	0	26.990393	0	14	7	1.816866	2.218740	16.740611	6.214176	0.654055	0
holistic	he1014	551	0.619266	12.598968	3	21	3	0	12.598968	0	0	0	0
holistic	he1015	551	0.126844	13.286488	1	9	14	0	0	13.286488	0	0	0
conventional	ce1217	551	1.115895	21.894290	1	14	7	2.606942	6.229401	8.957852	4.100095	1.458759	0
holistic	he1016	552	0	0	0	0	1	0	0	0	0	0	0
holistic	he1017	552	1.271146	2.326733	2	4	10	0	0.682863	1.643870	0	0	0
holistic	he1018	553	0.412844	4.896732	2	10	4	0	4.896732	0	0	1.101286	0
holistic	he1019	554	0	0	0	0	32	0	0	0	0	0	0
conventional	ce1218	554	0	40.448233	0	14	7	11.880994	2.956684	17.571742	8.038813	0	0
holistic	he1020	555	0.963592	7.104666	2	14	4	0	7.104666	0	0	1.434680	0
holistic	he1021	555	1.233584	5.465234	1	4	10	0	2.964702	2.500532	0	1.150349	0
conventional	ce1219	555	0	17.798263	0	14	7	3.155392	0.553166	6.561409	7.528296	1.364625	0
holistic	he1022	556	0.036670	3.362612	1	4	14	0	3.362612	0	0	0	0
holistic	he1023	557	0.075652	0.075652	1	1	18	0	0	0.075652	0	0.034195	0
holistic	he1024	557	3.150945	9.990938	3	12	27	0	8.668929	1.322009	0	0.400301	0
conventional	ce1220	557	0	23.675350	0	14	7	3.442677	3.527855	8.611954	8.092864	0	0
holistic	he1025	558	1.671266	17.791767	8	21	25	0	4.494681	13.297086	0	3.405344	0
conventional	ce1221	558	0.374719	28.099150	1	14	7	6.698445	1.547386	16.547923	3.305396	1.498006	0
holistic	he1026	559	0.412844	3.526000	2	10	4	0	3.526000	0	0	1.101286	0
holistic	he1027	559	4.275526	42.176168	4	20	14	0	0	42.176168	0	0	0
conventional	ce1222	559	0	25.061926	0	14	7	5.055243	3.042948	10.978579	5.985156	0	0
holistic	he1028	560	2.311168	27.952647	7	29	35	0	11.233510	16.719137	0	1.316781	0
holistic	he1029	560	0	2.579256	0	3	1	0	2.579256	0	0	0	0
conventional	ce1223	560	1.011599	21.333106	1	14	7	2.382549	4.602739	12.878228	1.469590	2.189420	0
conventional	ce1224	560	1.797299	20.693040	1	14	7	3.054278	1.523682	11.537917	4.577163	0	0
holistic	he1030	561	0.603179	1.370525	1	5	14	0	0	1.370525	0	0	0
conventional	ce1225	561	0.887500	16.987609	1	14	7	1.184989	2.398286	9.657686	3.746648	0	0
conventional	ce1226	561	0	14.349080	0	14	7	2.167975	1.588170	7.114418	3.478517	0	0
conventional	ce1227	561	0	55.425458	0	14	7	13.220431	6.521844	27.859556	7.823627	0	0
holistic	he1031	562	11.861796	54.240330	4	16	24	0	0	54.240330	0	1.142042	0
conventional	ce1228	562	0.050146	25.320460	1	14	7	6.842168	1.710861	14.207845	2.559586	1.739296	0
conventional	ce1229	562	0	42.995114	0	14	7	8.330981	9.340495	16.671232	8.652406	0	0
holistic	he1032	563	2.803070	7.909741	4	9	29	0	5.234154	2.675587	0	0.515289	0
holistic	he1033	563	1.872999	26.868567	3	21	6	0	26.868567	0	0	0	0
conventional	ce1230	563	0.820898	17.425010	1	14	7	1.695215	4.666518	6.346670	4.716607	0.760454	0
conventional	ce1231	563	0	36.915053	0	14	7	12.094243	0.777895	18.715978	5.326937	0	0
conventional	ce1232	563	0	25.468215	0	14	7	2.957319	1.337956	14.892293	6.280647	0	0
holistic	he1034	564	3.504992	10.119719	2	7	13	0	4.170129	5.949590	0	1.647396	0
holistic	he1035	564	0.663690	2.574475	1	1	1	0	2.574475	0	0	0	0
conventional	ce1233	564	0	37.902758	0	14	7	7.155136	7.344393	15.457919	7.945310	0	0
holistic	he1036	565	0.024796	0.066841	1	2	28	0	0	0.066841	0	2.787605	0
holistic	he1037	565	0.502578	5.482642	2	10	4	0	5.482642	0	0	0	0
holistic	he1038	565	0.295287	0.880882	1	2	3	0	0.880882	0	0	0	0
conventional	ce1234	565	0	26.270544	0	14	7	3.042038	4.036596	14.459726	4.732184	0.699393	0
conventional	ce1235	565	1.003611	33.928343	1	14	7	8.675622	2.159053	18.414180	4.679488	1.175755	0
conventional	ce1236	565	0.832065	49.905727	1	14	7	15.899923	2.450879	23.139663	8.415262	0	0
holistic	he1039	566	2.018226	12.829498	7	24	34	0	10.830856	1.998642	0	0.977865	0
holistic	he1040	567	0	0	0	0	32	0	0	0	0	0	0
conventional	ce1237	567	0	21.844622	0	14	7	3.186612	2.641766	8.829388	7.186856	0	0
conventional	ce1238	567	0.374719	17.648577	1	14	7	1.139244	6.420473	7.396790	2.692070	2.176758	0
conventional	ce1239	567	0	14.317392	0	14	7	2.567632	4.642507	4.495006	2.612247	0	0
holistic	he1041	568	0	17.854656	0	8	14	0	0	17.854656	0	0	0
conventional	ce1240	568	0	35.020719	0	14	7	12.531167	1.255111	18.202470	3.031971	0	0
conventional	ce1241	568	0.374719	26.042162	1	14	7	2.248729	5.730605	10.015339	8.047489	3.011892	0
holistic	he1042	569	0.227449	2.567323	1	3	12	0	2.567323	0	0	1.308408	0
holistic	he1043	569	0.481796	1.297705	1	3	2	0	1.297705	0	0	0	0
holistic	he1044	569	2.737413	4.994359	4	5	12	0	2.264368	2.729991	0	0.591372	0
conventional	ce1242	570	0.636886	22.513130	1	14	7	5.452938	2.855143	11.666043	2.539006	1.957157	0
conventional	ce1243	570	0	67.940129	0	14	7	13.468942	7.489950	35.449277	11.531960	0	0
conventional	ce1244	570	0.832065	42.521863	1	14	7	13.014592	2.528545	20.887527	6.091199	0	0
holistic	he1045	571	0.295287	0.534588	1	2	4	0	0.534588	0	0	0	0
conventional	ce1245	571	0	13.113904	0	14	7	1.788343	1.489254	7.395066	2.441241	0	0
holistic	he1046	572	0	2.970799	0	3	1	0	2.970799	0	0	0	0
holistic	he1047	572	3.248658	4.749356	6	12	25	0	1.900186	2.849170	0	0.296743	0
holistic	he1048	572	2.348823	12.627431	8	27	35	0	7.048214	5.579217	0	1.443282	0
conventional	ce1246	572	1.447128	26.252781	1	14	7	2.136041	6.857277	9.809542	7.449921	2.411920	0
conventional	ce1247	572	0	39.316991	0	14	7	8.442725	6.310513	16.456931	8.106822	0	0
conventional	ce1248	572	0	38.674984	0	14	7	6.955776	8.520988	15.552076	7.646144	0	0
holistic	he1049	573	1.445388	12.788292	3	21	6	0	12.788292	0	0	0.854942	0
holistic	he1050	574	0.074388	4.842603	3	9	37	0	4.642080	0.200523	0	5.687523	0
conventional	ce1249	574	0	31.055941	0	14	7	6.137289	6.684741	11.625331	6.608580	1.482886	0
holistic	he1051	575	0	2.093972	0	3	1	0	2.093972	0	0	0	0
holistic	he1052	575	11.586740	75.603992	4	16	24	0	0	75.603992	0	0	0
holistic	he1053	575	0.295287	0.534588	1	2	4	0	0.534588	0	0	0	0
conventional	ce1250	575	0	59.550552	0	14	7	13.219782	6.432586	30.217874	9.680310	0	0
conventional	ce1251	575	0	27.791851	0	14	7	0.603253	8.503543	10.633795	8.051260	0	0
holistic	he1054	576	0	23.291484	0	12	14	0	0	23.291484	0	0	0
holistic	he1055	576	2.834114	2.966612	3	4	9	0	0	2.966612	0	0	0
conventional	ce1252	576	0	30.021825	0	14	7	5.896004	2.558782	14.880530	6.686509	0	0
conventional	ce1253	576	0	40.598799	0	14	7	11.367769	2.895274	19.393917	6.941839	0.265313	0
conventional	ce1254	576	0	60.816801	0	14	7	13.207854	9.819329	31.170521	6.619097	0	0
conventional	ce1255	576	0	20.898528	0	14	7	3.356135	2.446444	9.652025	5.443924	0	0
holistic	he1056	577	0	0	0	0	5	0	0	0	0	0	0
conventional	ce1256	577	1.003611	32.473632	1	14	7	10.354918	1.507057	17.138417	3.473240	1.245685	0
holistic	he1057	578	1.574532	7.011540	2	4	7	0	7.011540	0	0	0	0
holistic	he1058	578	0.295287	2.267995	1	2	4	0	2.267995	0	0	0	0
conventional	ce1257	578	0	19.420549	0	14	7	1.276439	1.775476	6.953296	9.415338	0	0
holistic	he1059	579	0.663690	4.057285	1	2	1	0	4.057285	0	0	0	0
holistic	he1060	579	9.042564	9.309843	9	9	12	0	0	9.309843	0	1.774116	0
conventional	ce1258	579	0	17.194862	0	14	7	2.258015	3.409395	5.361906	6.165546	0	0
holistic	he1061	580	2.781998	4.158764	4	5	12	0	1.478283	2.680481	0	0.591372	0
conventional	ce1259	580	0	33.532735	0	14	7	6.861442	2.996028	15.393955	8.281310	0	0
conventional	ce1260	580	0	60.788114	0	14	7	9.458954	5.982800	31.894804	13.451556	0	0
conventional	ce1261	580	0	16.515826	0	14	7	0.857102	0.590717	7.055486	8.012521	1.364625	0
holistic	he1062	581	0.295287	1.139394	1	2	4	0	1.139394	0	0	0	0
conventional	ce1262	581	0	19.184948	0	14	7	2.971314	1.814761	8.709554	5.689319	0	0
conventional	ce1263	581	0.887500	16.243317	1	14	7	2.065010	1.197084	10.008901	2.972322	0	0
holistic	he1063	582	0	0	0	0	0	0	0	0	0	0	0
holistic	he1064	582	0.481796	2.436290	1	3	2	0	2.436290	0	0	0	0
conventional	ce1264	582	0	36.234908	0	14	7	10.613373	0.803371	17.977947	6.840217	0	0
conventional	ce1265	582	1.003611	14.944467	1	14	7	2.287600	2.203676	5.652385	4.800806	1.001217	0
holistic	he1065	583	2.608580	6.417388	4	5	12	0	3.816230	2.601158	0	0.591372	0
holistic	he1066	583	3.490102	7.619395	5	10	10	0	5.082533	2.536862	0	1.182744	0
holistic	he1067	583	2.864994	22.530306	4	32	30	0	0	22.530306	0	1.453193	0
holistic	he1068	583	1.445388	49.970787	3	21	6	0	49.970787	0	0	0	0
holistic	he1069	583	3.172927	15.875937	4	25	29	0	9.491052	6.384885	0	0.481094	0
holistic	he1070	583	11.586740	53.965274	4	16	24	0	0	53.965274	0	0	0
conventional	ce1266	583	0	16.559988	0	14	7	3.002613	2.061459	9.187962	2.307954	0	0
conventional	ce1267	584	0	52.621316	0	14	7	17.104465	1.299816	27.825356	6.391679	0	0
holistic	he1071	585	1.121566	3.978288	1	2	1	0	3.978288	0	0	0	0
holistic	he1072	585	0.412844	4.896732	2	10	4	0	4.896732	0	0	1.101286	0
conventional	ce1268	585	0	35.277443	0	14	7	8.460420	7.755763	11.495005	7.566255	0	0
conventional	ce1269	585	0	27.864402	0	14	7	2.232792	6.248811	10.889644	8.493155	0.209600	0
conventional	ce1270	586	0.832065	53.274918	1	14	7	17.700732	3.324256	24.004645	8.245285	0	0
conventional	ce1271	586	1.003611	37.760601	1	14	7	9.879460	2.495727	20.060524	5.324890	1.175755	0
holistic	he1073	587	8.047236	51.055723	8	49	32	0	20.219530	30.836193	0	0	0
holistic	he1074	587	3.172927	20.816367	4	25	29	0	13.105772	7.710595	0	0.481094	0
holistic	he1075	587	0.963592	4.396816	2	10	4	0	4.396816	0	0	0	0
conventional	ce1272	587	0	23.457884	0	14	7	4.700689	2.204489	12.282522	4.270184	0	0
conventional	ce1273	587	0.832065	53.371405	1	14	7	17.044130	3.203928	27.065177	6.058170	0	0
conventional	ce1274	587	1.597121	16.412131	1	14	7	2.661141	5.155457	6.033928	2.561605	1.458759	0
conventional	ce1275	587	0	65.584390	0	14	7	19.047993	4.909969	35.843149	5.783279	0	0
conventional	ce1276	588	0	21.381646	0	14	7	3.165784	1.570405	12.793471	3.851986	0	0
conventional	ce1277	588	0	19.687091	0	14	7	3.125467	0.808838	7.790741	7.962045	1.364625	0
holistic	he1076	590	0.619266	14.175150	3	21	6	0	14.175150	0	0	0	0
holistic	he1077	590	0	78.140744	0	40	26	0	0	78.140744	0	0	0
holistic	he1078	590	0	3.372654	0	3	1	0	3.372654	0	0	0	0
conventional	ce1278	590	0	54.721804	0	14	7	14.755362	4.082540	28.260626	7.623276	0	0
holistic	he1079	591	0	0	0	0	0	0	0	0	0	1.142042	0
holistic	he1080	591	6.661606	57.642468	6	47	34	0	16.386158	41.256310	0	0	0
holistic	he1081	591	0	2.678789	0	3	1	0	2.678789	0	0	0	0
conventional	ce1279	591	0	37.865484	0	14	7	12.596985	2.226413	19.270112	3.771974	0	0
conventional	ce1280	591	0.832065	42.724807	1	14	7	11.650748	4.281231	19.973914	6.818914	0	0
conventional	ce1281	591	0	58.209983	0	14	7	14.167059	9.683727	24.526915	9.832282	0	0
conventional	ce1282	592	0	54.991883	0	14	7	11.688371	9.590418	26.496852	7.216242	0	0
conventional	ce1283	592	1.969239	22.247563	1	14	7	2.661851	4.481022	12.163580	2.941110	1.622810	0
holistic	he1082	593	3.650784	6.514344	6	9	44	0	0	6.514344	0	0	0
holistic	he1083	594	1.121566	3.668785	1	2	1	0	3.668785	0	0	0	0
conventional	ce1284	594	0	27.317679	0	14	7	5.610054	3.579585	14.060789	4.067251	0	0
conventional	ce1285	594	0.887500	68.933044	1	14	7	13.764258	10.737507	35.653967	8.777312	0	0
holistic	he1084	595	11.861796	60.826866	4	16	20	0	0	60.826866	0	1.142042	0
conventional	ce1286	595	0.374719	26.413413	1	14	7	4.885987	6.185564	9.590298	5.751564	2.694461	0
holistic	he1085	596	15.333222	15.333222	6	6	30	0	0	15.333222	0	0	0
conventional	ce1287	596	0	72.024377	0	14	7	14.630922	11.460178	42.325936	3.607341	0	0
holistic	he1086	597	0	2.975321	0	3	1	0	2.975321	0	0	0	0
holistic	he1087	597	7.784940	9.428561	9	12	13	0	1.616456	7.812105	0	1.774116	0
conventional	ce1288	597	0.374719	27.332424	1	14	7	1.954656	5.521125	11.908029	7.948614	2.535575	0
conventional	ce1289	597	0	40.220518	0	14	7	10.157133	8.442854	15.826545	5.793986	1.143261	0
holistic	he1088	598	2.408980	72.645780	5	55	10	0	72.645780	0	0	0	0
holistic	he1089	598	1.243988	3.174322	2	4	30	0	0	3.174322	0	6.300606	0
conventional	ce1290	598	0	21.617814	0	14	7	3.681271	4.090478	7.463979	6.382086	0	0
conventional	ce1291	598	0.887500	16.357769	1	14	7	1.827785	1.199542	10.117715	3.212727	0	0
conventional	ce1292	599	0	41.202004	0	14	7	10.505443	10.201623	15.324538	5.170400	1.143261	0
conventional	ce1293	599	0.887500	71.112808	1	14	7	14.887608	9.861078	37.101826	9.262296	0	0
conventional	ce1294	599	0	74.368825	0	14	7	16.245635	6.859262	37.644266	13.619662	0	0
