population	name	born	g1	g2	n1	n2	ns	g2_contact	g2_height	g2_up	g2_joint	g1_other	g1_vel
holistic	h0-0	-1	0	0	0	0	0	0	0	0	0	0	0
holistic	h0-1	-33	0	0	0	0	0	0	0	0	0	0	0
holistic	h0-2	-37	0	0	0	0	1	0	0	0	0	0	0
holistic	h0-3	-12	0	0	0	0	2	0	0	0	0	0	0
holistic	h0-4	-54	0	0	0	0	1	0	0	0	0	0	0
holistic	h0-5	-46	0	4.119603	0	12	4	0.821906	0	0	3.297697	5.433286	0
holistic	h0-6	-33	0	0	0	0	1	0	0	0	0	0	0
holistic	h0-7	-58	0	0	0	0	2	0	0	0	0	0	0
holistic	h0-8	-21	1.387433	4.924938	2	3	5	0	0	0	4.924938	6.382872	0
holistic	h0-10	-34	0	0	0	0	3	0	0	0	0	0	0
holistic	h0-11	-22	0	0	0	0	1	0	0	0	0	0	0
holistic	h0-12	-45	2.003376	3.140355	3	11	8	0	0.575952	0	2.564403	0	0
holistic	h0-13	-11	1.374180	3.358047	1	2	2	0	0	0	3.358047	0	0
holistic	h0-14	-39	0	0	0	0	3	0	0	0	0	0	0
holistic	h0-15	-23	9.291447	33.939697	18	74	13	0	0	20.786337	13.153360	1.150130	0
holistic	h0-16	-53	0	0	0	0	10	0	0	0	0	0	0
holistic	h0-17	-4	2.174656	5.295342	2	4	15	0	0	5.295342	0	0.609424	7.311530
holistic	h0-18	-42	0	0	0	0	0	0	0	0	0	0	2.463561
holistic	h0-19	-9	0	0	0	0	9	0	0	0	0	0	0
holistic	h0-20	-23	0	0	0	0	3	0	0	0	0	0	0
holistic	h0-21	-43	0.177991	3.726232	1	8	10	0	0	1.013696	2.712536	0	0
holistic	h0-22	-51	0	0	0	0	0	0	0	0	0	0	0
holistic	h0-23	-33	0	0	0	0	1	0	0	0	0	0	0
holistic	h0-24	-44	3.202328	21.204892	12	12	16	0	0	21.204892	0	0	5.871872
holistic	h0-25	-23	0	0	0	0	1	0	0	0	0	0	0
holistic	h0-26	-7	0	0	0	0	6	0	0	0	0	0	0
holistic	h0-27	-39	0	0	0	0	0	0	0	0	0	0	0
holistic	h0-28	-59	3.596124	44.001404	2	42	8	0	20.709920	0	23.291484	0	0
holistic	h0-29	-37	0	0	0	0	4	0	0	0	0	0	0
holistic	h0-30	-4	0	0.260249	0	2	6	0	0	0.260249	0	0	0
holistic	h0-31	-46	0	1.805514	0	3	3	0	0	1.805514	0	0	0
holistic	h0-32	-25	0	0	0	0	2	0	0	0	0	0	0
holistic	h0-33	-25	0	0.135910	0	1	1	0.135910	0	0	0	0	0
holistic	h0-34	-57	0	0	0	0	0	0	0	0	0	0	0
holistic	h0-35	-17	0	0	0	0	0	0	0	0	0	0	0
holistic	h0-36	-42	0	0	0	0	3	0	0	0	0	0	0
holistic	h0-37	-19	4.129176	4.129176	3	3	13	0	0	4.129176	0	2.480853	0
holistic	h0-38	-43	0.388887	0.388887	1	1	2	0	0	0	0.388887	0	0
holistic	h0-39	-27	0	7.726246	0	16	2	7.726246	0	0	0	1.336912	0
holistic	h0-40	-51	0.903552	2.945915	2	8	4	1.026908	0	0	1.919007	0	0
holistic	h0-41	-28	0	0	0	0	4	0	0	0	0	0	0
holistic	h0-42	-29	0	0	0	0	2	0	0	0	0	0	0
holistic	h0-43	-37	0	0	0	0	6	0	0	0	0	0	0
holistic	h0-44	-2	0	4.832312	0	2	1	0	0	0	4.832312	0	0
holistic	h0-45	-38	2.591595	28.932384	3	24	3	28.932384	0	0	0	0	1.025568
holistic	h0-46	-40	2.081685	24.241579	2	15	5	24.241579	0	0	0	1.684859	0
holistic	h0-47	-46	0	0	0	0	0	0	0	0	0	0	1.669504
holistic	h0-48	-6	0	0	0	0	0	0	0	0	0	0	0
holistic	h0-49	-58	0	0	0	0	0	0	0	0	0	0	0
holistic	h0-50	-46	0	0	0	0	0	0	0	0	0	0	0
holistic	h0-51	-9	0	0	0	0	1	0	0	0	0	0	0
holistic	h0-52	-29	1.575580	2.268903	2	3	8	0	0	2.268903	0	0	10.917240
holistic	h0-53	-25	0	0	0	0	0	0	0	0	0	0	0
holistic	h0-54	-49	0	0.193696	0	4	8	0	0	0.193696	0	0.760198	0
holistic	h0-55	-5	0.204342	11.629663	2	69	6	0	0	0	11.629663	3.110790	0
holistic	h0-56	-55	0	0.013099	0	1	2	0	0	0	0.013099	0.196303	0
holistic	h0-57	-43	0	0	0	0	0	0	0	0	0	0	0
holistic	h0-58	-16	0	1.319308	0	1	1	1.319308	0	0	0	0	0
holistic	h0-59	-15	0	0	0	0	1	0	0	0	0	2.047634	0
holistic	he61	0	0	0	0	0	0	0	0	0	0	0	0
conventional	c0-0	-26	0	25.215844	0	14	7	3.536687	4.700856	13.484360	3.493941	0	0
conventional	c0-1	-35	0	21.558920	0	14	7	0.588295	2.346065	11.827924	6.796636	0	0
conventional	c0-2	-47	0	37.837067	0	14	7	8.130342	3.218614	13.961783	12.526328	0	0
conventional	c0-3	-1	0	35.261508	0	14	7	2.156114	7.852726	14.313724	10.938944	0	0
conventional	c0-4	-25	0	25.594531	0	14	7	4.191692	2.588559	9.820556	8.993724	0	0
conventional	c0-5	-9	0	35.697546	0	14	7	6.741959	8.088776	8.727659	12.139152	0	0
conventional	c0-6	-46	0	22.542731	0	14	7	4.846938	0.615674	11.921331	5.158788	0	0
conventional	c0-7	-14	0	20.327339	0	14	7	2.563686	4.240868	5.203271	8.319514	0	0
conventional	c0-8	-52	0	52.836269	0	14	7	5.154480	4.469078	30.514453	12.698258	0	0
conventional	c0-9	-15	0	19.495937	0	14	7	3.641395	3.558205	7.817703	4.478634	0	0
conventional	c0-10	-7	0	17.171537	0	14	7	1.280587	3.578409	9.501304	2.811237	0	0
conventional	c0-11	-44	0	30.180959	0	14	7	5.790484	0.286889	14.650938	9.452648	0	0
conventional	c0-12	-10	0	23.354613	0	14	7	3.919612	3.997489	10.127522	5.309990	0	0
conventional	c0-13	-51	0	22.822786	0	14	7	3.353454	1.778583	11.327124	6.363625	0	0
conventional	c0-14	-43	0	16.320494	0	14	7	1.827732	1.472163	8.532422	4.488177	0	0
conventional	c0-15	-58	0	36.652383	0	14	7	3.492871	6.256430	13.912165	12.990917	0	0
conventional	c0-16	-11	0	34.717072	0	14	7	12.676871	6.242109	8.715340	7.082752	0	0
conventional	c0-18	-30	0	39.558315	0	14	7	2.668741	4.792626	19.283524	12.813424	0	0
conventional	c0-19	-36	0	39.997421	0	14	7	7.039663	2.759349	18.010134	12.188275	0	0
conventional	c0-20	-22	0	26.770033	0	14	7	2.941081	5.110925	12.758839	5.959188	0	0
conventional	c0-21	-27	0	24.482486	0	14	7	6.025792	2.477822	7.698954	8.279918	0	0
conventional	c0-22	-1	0	19.628952	0	14	7	3.785923	1.965271	8.531178	5.346580	0	0
conventional	c0-23	-34	0	19.442770	0	14	7	2.280344	1.919514	9.283788	5.959124	0	0
conventional	c0-24	-52	0	34.351715	0	14	7	10.321043	3.845516	13.197769	6.987387	0	0
conventional	c0-25	-14	0	18.020847	0	14	7	1.103959	1.960058	5.598161	9.358669	0	0
conventional	c0-26	-32	0	22.127877	0	14	7	4.259795	3.797100	8.890822	5.180160	0	0
conventional	c0-27	-42	0	36.017038	0	14	7	8.437652	5.795246	13.773926	8.010214	0	0
conventional	c0-28	-43	0	19.860809	0	14	7	3.469009	1.162667	9.489545	5.739588	0	0
conventional	c0-29	-3	0	38.083608	0	14	7	4.640084	3.713736	17.430673	12.299115	0	0
conventional	c0-30	-46	0	28.388900	0	14	7	2.075551	7.985298	11.490089	6.837962	0	0
conventional	c0-31	-36	0	13.807192	0	14	7	1.355098	1.876496	5.337440	5.238158	0	0
conventional	c0-32	-39	0	18.743928	0	14	7	0.649919	5.583315	9.485498	3.025196	0	0
conventional	c0-33	-23	0	37.062459	0	14	7	4.450622	4.722159	12.718525	15.171153	0	0
conventional	c0-34	-24	0	18.206551	0	14	7	2.777971	2.412771	7.328829	5.686980	0	0
conventional	c0-35	-4	0	36.956403	0	14	7	4.874569	1.906944	19.338783	10.836107	0	0
conventional	c0-36	-18	0	32.010209	0	14	7	1.150545	2.508224	15.822280	12.529160	0	0
conventional	c0-37	-8	0	29.250744	0	14	7	5.092283	6.356868	11.581103	6.220490	0	0
conventional	c0-38	-53	0	27.555006	0	14	7	4.822553	4.953375	11.154257	6.624821	0	0
conventional	c0-39	-54	0	19.385926	0	14	7	2.339292	1.209361	7.150857	8.686416	0	0
conventional	c0-40	-46	0	34.953066	0	14	7	2.455162	3.587158	17.945083	10.965663	0	0
conventional	c0-41	-29	0	21.538154	0	14	7	5.164780	6.712305	4.805769	4.855300	0	0
conventional	c0-42	-51	0	42.165067	0	14	7	7.451188	5.531204	12.953014	16.229661	0	0
conventional	c0-43	-19	0	22.065158	0	14	7	3.543876	1.785388	8.407532	8.328362	0	0
conventional	c0-44	-36	0	21.929871	0	14	7	1.855765	1.720799	7.729268	10.624039	0	0
conventional	c0-45	-38	0	13.329811	0	14	7	1.108414	1.069348	6.729568	4.422481	0	0
conventional	c0-46	-10	0	17.401897	0	14	7	0.798034	1.742044	8.061096	6.800723	0	0
conventional	c0-47	-37	0	38.247819	0	14	7	4.713303	10.691738	16.560797	6.281981	0	0
conventional	c0-48	-58	0	16.498978	0	14	7	3.464208	2.280418	4.973084	5.781268	0	0
conventional	c0-49	-53	0	38.215299	0	14	7	1.349714	10.636608	17.879233	8.349744	0	0
conventional	c0-50	-20	0	23.560716	0	14	7	3.227109	1.962745	8.298088	10.072774	0	0
conventional	c0-51	-46	0	26.862167	0	14	7	4.403280	3.388953	13.343199	5.726735	0	0
conventional	c0-52	-4	0	27.710731	0	14	7	1.704145	2.269061	13.322983	10.414542	0	0
conventional	c0-53	-38	0	25.033699	0	14	7	5.112261	0.457983	12.511528	6.951927	0	0
conventional	c0-54	-50	0	33.578649	0	14	7	3.256970	7.384728	18.245273	4.691678	0	0
conventional	c0-55	-20	0	31.611396	0	14	7	3.498255	7.670248	12.724535	7.718358	0	0
conventional	c0-56	-28	0	21.572013	0	14	7	3.299224	2.804222	7.125064	8.343503	0	0
conventional	c0-57	-9	0	20.512284	0	14	7	5.507604	5.348588	5.685229	3.970863	0	0
conventional	c0-58	-11	0	23.549393	0	14	7	2.989939	5.785102	6.266995	8.507357	0	0
conventional	c0-59	-12	0	41.123381	0	14	7	5.646253	10.647722	15.302477	9.526929	0	0
conventional	ce61	0	0	26.186483	0	14	7	1.252203	4.481545	11.420359	9.032376	0	0
holistic	he62	1	0	3.749867	0	12	4	0.452170	0	0	3.297697	5.619928	0
holistic	he63	2	1.158844	2.821814	2	4	15	0	0	2.821814	0	0.609424	7.261746
holistic	he64	2	0	0.320308	0	8	18	0	0.126612	0.193696	0	1.855060	0
conventional	ce62	2	0.439648	24.132583	1	14	7	4.026957	1.325829	11.400457	7.379340	0	0
conventional	ce63	2	0	48.672465	0	14	7	14.860865	6.152090	13.515349	14.144161	0	0
conventional	ce64	2	0	34.051810	0	14	7	2.905912	4.230445	14.940922	11.974531	0	0
conventional	ce65	2	0	23.390118	0	14	7	2.277149	2.014596	10.869263	8.229110	0	0
conventional	ce66	2	0	40.296642	0	14	7	6.836867	2.538092	21.208911	9.712772	0	0
holistic	he65	3	3.202328	31.437820	12	12	16	0	0	31.437820	0	0	5.871872
holistic	he66	3	0	0	0	0	0	0	0	0	0	0	0
conventional	ce67	3	0	35.781512	0	14	7	3.120359	3.171839	18.751656	10.737658	0	0
conventional	ce68	3	0	26.534507	0	14	7	3.042258	6.464690	10.721317	6.306242	0	0
conventional	ce69	3	0	26.820760	0	14	7	2.843684	2.320382	10.169241	11.487453	0	0
conventional	ce70	3	0	21.826811	0	14	7	4.251925	1.606527	6.683502	9.284857	0	0
conventional	ce71	4	0	19.685930	0	14	7	2.652344	4.210872	3.932511	8.890203	0	0
conventional	ce72	4	0	16.959072	0	14	7	1.675994	1.415500	10.235596	3.631982	0	0
conventional	ce73	4	0	24.412011	0	14	7	4.519391	3.663072	10.887773	5.341775	0	0
conventional	ce74	4	0	38.767246	0	14	7	6.117255	2.009549	16.324211	14.316231	0	0
holistic	he67	5	0	0	0	0	3	0	0	0	0	0	0
holistic	he68	5	0	0	0	0	0	0	0	0	0	0	0
conventional	ce75	5	0	17.148705	0	14	7	2.387096	2.859364	5.689845	6.212400	0	0
conventional	ce76	5	0	22.091222	0	14	7	3.060791	4.683786	5.415678	8.930967	0	0
conventional	ce77	5	0	34.127805	0	14	7	6.197145	2.269001	15.162193	10.499466	0	0
conventional	ce78	5	0	23.696249	0	14	7	3.356928	5.521978	6.251658	8.565685	0	0
conventional	ce79	5	0	24.633493	0	14	7	4.348857	1.234680	11.410003	7.639953	0	0
conventional	ce80	5	0	22.364700	0	14	7	2.782809	2.299370	8.931305	8.351216	0	0
holistic	he69	6	0.903552	3.344788	2	10	5	2.000172	0	0	1.344616	0	0
holistic	he70	6	0	0	0	0	2	0	0	0	0	0	0
holistic	he71	6	2.562756	6.521408	2	4	15	0	0	6.521408	0	0.609424	7.989874
holistic	he72	6	0	0	0	0	16	0	0	0	0	0.609424	0
conventional	ce81	6	0	14.594129	0	14	7	1.826657	1.390588	6.704355	4.672529	0	0
conventional	ce82	6	0	20.770965	0	14	7	1.357738	6.330841	9.961106	3.121280	0	0
conventional	ce83	6	0	22.141592	0	14	7	4.834587	5.052529	6.964808	5.289668	0.420284	0
conventional	ce84	6	0	19.279240	0	14	7	2.210274	6.003890	7.934071	3.131005	0	0
conventional	ce85	6	0	23.853330	0	14	7	6.576652	3.881016	6.274969	7.120693	0	0
holistic	he73	7	0.467508	1.865816	2	8	4	1.026908	0	0	0.838908	0	0
holistic	he74	7	3.020584	20.965848	12	12	16	0	0	20.965848	0	0	5.871872
conventional	ce86	7	0	37.083932	0	14	7	6.669686	4.929444	11.409208	14.075594	0	0
conventional	ce87	7	0	22.159331	0	14	7	2.678707	3.712412	9.138058	6.630154	0	0
conventional	ce88	7	0	21.511755	0	14	7	6.857003	5.188616	6.154548	3.311588	0	0
conventional	ce89	7	0	29.772620	0	14	7	4.170517	6.055926	12.431881	7.114296	0	0
conventional	ce90	7	0	17.847848	0	14	7	1.413565	1.420547	7.412346	7.601390	0	0
conventional	ce91	7	0	20.769892	0	14	7	4.408072	0.415802	10.802164	5.143854	0	0
conventional	ce92	7	0	22.540439	0	14	7	3.547533	1.734316	10.378887	6.879703	0	0
conventional	ce93	7	0	23.359647	0	14	7	3.169309	4.855828	6.976633	8.357877	0	0
conventional	ce94	7	0	27.962882	0	14	7	4.524055	2.794403	10.765428	9.878996	0	0
conventional	ce95	7	0	22.201005	0	14	7	5.865012	1.601221	7.962043	6.772729	0	0
holistic	he75	8	0	0	0	0	2	0	0	0	0	0.206950	0
holistic	he76	8	0	0	0	0	0	0	0	0	0	0	0
conventional	ce96	8	0	40.615442	0	14	7	6.773958	10.242454	14.491418	9.107612	0	0
conventional	ce97	8	0	40.782170	0	14	7	3.912076	8.097903	24.236724	4.535467	0.600275	0
conventional	ce98	8	0	24.458729	0	14	7	4.614494	1.193743	13.890533	4.759959	0.096895	0
conventional	ce99	8	0	17.583244	0	14	7	4.084484	0.980003	5.228156	7.290601	0	0
holistic	he77	9	0	0	0	0	2	0	0	0	0	0	0
holistic	he78	9	0	0	0	0	2	0	0	0	0	1.646232	0
conventional	ce100	9	0	24.515210	0	14	7	8.380153	1.147236	10.140673	4.847148	0	0
conventional	ce101	9	0	18.043559	0	14	7	2.646375	1.808168	5.747243	7.841773	0	0
conventional	ce102	9	0	21.815006	0	14	7	3.248080	2.157802	9.385295	7.023829	0	0
conventional	ce103	9	0	24.298614	0	14	7	2.475116	3.835611	8.912731	9.075156	0	0
holistic	he79	10	0	0.205608	0	4	8	0	0	0.205608	0	0.760198	0
conventional	ce104	10	0	26.524426	0	14	7	9.210701	6.389192	6.459873	4.464660	0	0
conventional	ce105	10	0	34.616011	0	14	7	3.971172	3.871392	12.362367	14.411080	0	0
conventional	ce106	10	0	37.336502	0	14	7	5.515466	2.979585	16.730664	12.110787	0	0
conventional	ce107	10	0	38.668012	0	14	7	1.770841	9.439589	13.827497	13.630085	0	0
conventional	ce108	10	0	23.531428	0	14	7	2.899349	4.710511	10.084320	5.837248	0	0
holistic	he80	11	1.106276	3.370892	2	10	5	1.766631	0	0	1.604261	0	0
holistic	he81	11	3.180144	20.848272	12	12	16	0	0	20.848272	0	0	5.871872
holistic	he82	11	0	0	0	0	0	0	0	0	0	0	0
conventional	ce109	11	0	25.977772	0	14	7	1.439599	6.334171	11.248212	6.955790	0	0
conventional	ce110	11	0	36.985533	0	14	7	4.354157	3.272280	13.601520	15.757576	0	0
conventional	ce111	11	0	40.647684	0	14	7	5.241572	4.351136	18.081278	12.973698	0.058347	0
conventional	ce112	11	0	25.254897	0	14	7	4.667605	3.353119	11.597012	5.637161	0	0
conventional	ce113	11	0	24.203337	0	14	7	3.503978	4.359615	6.289891	10.049853	0	0
holistic	he83	12	0	0	0	0	2	0	0	0	0	0	0
conventional	ce114	12	0	22.939717	0	14	7	2.028425	2.626722	9.751515	8.533055	0	0
conventional	ce115	12	0	32.309038	0	14	7	3.842085	1.448585	18.164097	8.854271	0	0
conventional	ce116	12	0	37.021140	0	14	7	10.651770	4.791700	9.544002	12.033668	0	0
holistic	he84	13	0	0.308412	0	6	11	0	0	0.308412	0	0.760198	0
holistic	he85	13	3.020584	24.766384	12	12	16	0	0	24.766384	0	0	5.871872
conventional	ce117	13	0	25.216006	0	14	7	5.346584	1.861132	13.453032	4.555258	0	0
conventional	ce118	13	0	25.647903	0	14	7	1.062916	7.953490	10.429896	6.201601	0	0
conventional	ce119	13	0	26.302402	0	14	7	1.929349	7.995127	10.729201	5.648725	0	0
conventional	ce120	13	0	45.422264	0	14	7	5.412071	5.603993	20.384563	14.021637	0	0
conventional	ce121	13	0	22.875042	0	14	7	0.642842	2.804533	12.071611	7.356056	0	0
conventional	ce122	13	0	23.598210	0	14	7	5.554171	2.621596	7.637956	7.784487	0	0
conventional	ce123	13	0	36.752574	0	14	7	6.480539	4.893939	12.708449	12.669647	0	0
conventional	ce124	13	0	27.029076	0	14	7	4.829929	3.653584	12.158802	6.386761	0	0
conventional	ce125	13	0	15.082594	0	14	7	1.056371	0.218653	7.489884	6.317686	0	0
holistic	he86	14	0	0	0	0	3	0	0	0	0	0	0
holistic	he87	14	0	0.600040	0	4	8	0	0	0.600040	0	0	0
conventional	ce126	14	0	22.461815	0	14	7	0.828035	2.542782	8.559885	10.531113	0	0
conventional	ce127	14	0	22.857407	0	14	7	1.263292	5.324875	11.825343	4.443897	0	0
conventional	ce128	14	0.439648	26.066030	1	14	7	4.553113	1.541944	12.144904	7.826069	0	0
conventional	ce129	14	0	23.812571	0	14	7	2.524821	5.197050	7.079846	9.010854	0	0
conventional	ce130	14	0	31.084532	0	14	7	8.620724	5.805389	11.733524	4.924895	0	0
conventional	ce131	14	0	17.655066	0	14	7	1.540998	1.093519	11.300112	3.720437	0	0
conventional	ce132	14	0	28.675335	0	14	7	3.434248	7.411265	10.939575	6.890247	0	0
conventional	ce133	14	0	27.768047	0	14	7	6.079065	1.315394	12.914416	7.459172	0	0
holistic	he88	15	0	0	0	0	2	0	0	0	0	0	0
holistic	he89	15	0.903552	3.174191	2	10	5	1.570080	0	0	1.604111	0	0
holistic	he90	15	0	0	0	0	8	0	0	0	0	0.760198	0
holistic	he91	16	4.334166	5.809827	3	3	16	0	2.812280	0	2.997547	0	0
holistic	he92	16	0	0	0	0	0	0	0	0	0	0	0
conventional	ce134	16	0	19.960837	0	14	7	2.961553	1.602408	8.317219	7.079657	0	0
conventional	ce135	16	0	22.345239	0	14	7	3.060791	4.674440	5.565697	9.044311	0	0
conventional	ce136	16	0	27.495640	0	14	7	3.830954	4.264424	11.376111	8.024151	0	0
conventional	ce137	16	0	36.387206	0	14	7	5.699527	7.458738	14.878620	8.350321	0	0
conventional	ce138	16	0	21.442621	0	14	7	6.510889	1.772253	5.264585	7.894894	0	0
holistic	he93	17	0	0	0	0	0	0	0	0	0	0	0
holistic	he94	17	0	0	0	0	0	0	0	0	0	0	0
holistic	he95	17	0	0	0	0	0	0	0	0	0	0	0
conventional	ce139	17	0	15.523902	0	14	7	2.871465	1.065097	5.613438	5.973902	0	0
conventional	ce140	17	0	20.463144	0	14	7	2.019134	0.637557	10.095152	7.711301	0	0
conventional	ce141	17	0	32.905727	0	14	7	3.257180	8.909811	12.580023	8.158713	0	0
conventional	ce142	17	0	21.560580	0	14	7	1.559704	6.475314	10.348725	3.176837	0	0
conventional	ce143	17	0	20.449230	0	14	7	2.339763	3.013840	9.106557	5.989070	0	0
holistic	he96	18	0	0	0	0	2	0	0	0	0	0	0
holistic	he97	18	0	0	0	0	0	0	0	0	0	0	0
holistic	he98	18	0	0.079596	0	6	9	0	0	0.079596	0	2.333769	0
holistic	he99	18	0	0	0	0	0	0	0	0	0	0	0
holistic	he100	18	0	0	0	0	3	0	0	0	0	0	0
conventional	ce144	18	0	37.844730	0	14	7	6.106194	7.300780	16.299116	8.138640	0	0
conventional	ce145	18	0	33.390565	0	14	7	2.036306	8.923101	14.181710	8.249448	0	0
conventional	ce146	18	0	20.568955	0	14	7	2.351121	4.867662	3.524209	9.825963	0	0
holistic	he101	19	0.935016	7.709270	4	30	5	1.731528	0	0	5.977742	0	0
holistic	he102	19	0	0	0	0	0	0	0	0	0	0	0
holistic	he103	19	0.903552	5.342117	2	16	4	2.803634	0	0	2.538483	0	0
holistic	he104	19	0	0.600040	0	4	8	0	0	0.600040	0	0	0
conventional	ce147	19	0	45.867656	0	14	7	3.870300	6.362298	19.758328	15.876730	0	0
conventional	ce148	19	0	14.762177	0	14	7	2.459529	1.835002	6.570845	3.896801	0	0
conventional	ce149	19	0	20.291690	0	14	7	1.541886	1.533453	11.437828	5.778523	0	0
conventional	ce150	19	0	17.685508	0	14	7	1.380287	1.294637	8.797191	6.213393	0.482943	0
conventional	ce151	19	0	30.366530	0	14	7	5.392395	1.989542	13.820200	9.164393	0	0
conventional	ce152	19	0.512034	23.363532	1	14	7	2.887032	4.146254	6.481670	9.848576	0	0
holistic	he105	20	0	0	0	0	0	0	0	0	0	0	0
holistic	he106	20	0	0	0	0	0	0	0	0	0	0	0
holistic	he107	20	0.903552	2.775161	2	7	5	1.322415	0	0	1.452746	0	0
holistic	he108	20	0	0	0	0	0	0	0	0	0	0	0
holistic	he109	20	0	0.600040	0	4	8	0	0	0.600040	0	0	0
conventional	ce153	20	0	18.564691	0	14	7	1.535859	2.137789	8.391283	6.499760	0	0
conventional	ce154	20	0	27.085009	0	14	7	6.649950	4.269954	11.647407	4.517698	1.685233	0
holistic	he110	21	0	0.364764	0	1	6	0	0	0.364764	0	0	0
holistic	he111	21	0	0	0	0	0	0	0	0	0	0	0
holistic	he112	21	0.467508	3.925097	2	8	4	2.814124	0	0	1.110973	0	0
holistic	he113	21	0	0	0	0	1	0	0	0	0	0	0
holistic	he114	21	0.903552	2.262076	2	10	5	0.751257	0	0	1.510819	0	0
conventional	ce155	21	0	30.293563	0	14	7	5.726314	5.091868	9.711142	9.764239	0	0
conventional	ce156	21	0	25.613181	0	14	7	4.276600	1.896542	10.513720	8.926319	0	0
conventional	ce157	21	0	24.340786	0	14	7	1.679262	5.249774	10.620917	6.790833	0	0
conventional	ce158	21	0	29.210337	0	14	7	1.391086	3.478027	14.634098	9.707126	0	0
holistic	he115	22	0.903552	3.383195	2	10	5	1.771497	0	0	1.611698	0	0
holistic	he116	22	0	0.461576	0	4	8	0	0	0.461576	0	0	0
holistic	he117	22	0	0	0	0	3	0	0	0	0	0	0
holistic	he118	22	0	0	0	0	7	0	0	0	0	0	0
conventional	ce159	22	0	20.065868	0	14	7	1.126583	1.842255	10.351981	6.745049	0	0
conventional	ce160	22	0	21.852060	0	14	7	2.704204	6.045905	5.299404	7.802547	0	0
conventional	ce161	22	0	20.437413	0	14	7	0.548564	4.761691	12.225286	2.901872	0	0
conventional	ce162	22	0	32.748224	0	14	7	7.644709	0.521295	19.669769	4.912451	0	0
conventional	ce163	22	0	24.702448	0	14	7	3.234953	6.200123	7.382273	7.885099	1.189620	0
conventional	ce164	22	0	24.686842	0	14	7	4.019679	4.530894	9.141180	6.995089	0	0
holistic	he119	23	0	0	0	0	2	0	0	0	0	0	0
holistic	he120	23	0	0	0	0	2	0	0	0	0	0	0
holistic	he121	23	0.903552	3.514373	2	14	7	1.421658	0	0	2.092715	0	0
holistic	he122	23	0	0	0	0	0	0	0	0	0	0	0
holistic	he123	23	0	3.248175	0	2	6	0	0	3.248175	0	0	0
conventional	ce165	23	0	23.896846	0	14	7	2.910374	5.990692	5.945283	9.050497	0	0
conventional	ce166	23	0	22.447443	0	14	7	2.349816	4.802385	9.111481	6.183761	0	0
conventional	ce167	23	0	29.489193	0	14	7	2.576724	6.329332	14.815957	5.767180	0	0
conventional	ce168	23	0	21.961063	0	14	7	0.187580	3.582906	8.362828	9.827749	0	0
holistic	he124	24	0.987374	49.015794	4	36	19	0	5.520832	43.494962	0	1.366622	0
holistic	he125	24	0	0	0	0	0	0	0	0	0	0	0
holistic	he126	24	0	0	0	0	3	0	0	0	0	0	0
holistic	he127	24	0	0	0	0	0	0	0	0	0	0	0
holistic	he128	24	0	0	0	0	2	0	0	0	0	0	0
holistic	he129	24	1.187338	16.059144	2	42	7	9.643970	0	0	6.415174	0	0
holistic	he130	24	0	0	0	0	0	0	0	0	0	0	0
holistic	he131	24	0	0	0	0	3	0	0	0	0	0	0
holistic	he132	24	0	0	0	0	2	0	0	0	0	0	0
conventional	ce169	24	0	16.112644	0	14	7	1.349151	1.783223	7.551443	5.428827	0	0
conventional	ce170	24	0	18.984927	0	14	7	0.295045	2.026815	10.853723	5.809344	0	0
conventional	ce171	24	0	20.157888	0	14	7	0.614072	2.788754	10.227509	6.527553	0	0
conventional	ce172	24	0	16.410543	0	14	7	2.321751	0.413040	8.139320	5.536432	0	0
conventional	ce173	24	0	23.254826	0	14	7	2.549111	3.804321	10.852968	6.048426	0	0
conventional	ce174	24	0	40.116468	0	14	7	5.063794	5.212301	13.866960	15.973413	0	0
conventional	ce175	24	0	20.315860	0	14	7	1.998025	3.740549	6.437476	8.139810	0	0
holistic	he133	25	0	0	0	0	3	0	0	0	0	0	0
holistic	he134	25	0	0	0	0	0	0	0	0	0	0	0
holistic	he135	25	0	0	0	0	0	0	0	0	0	0	0
holistic	he136	25	0	0	0	0	14	0	0	0	0	0	0
holistic	he137	25	0	0.364764	0	1	6	0	0	0.364764	0	0	0
holistic	he138	25	0	0	0	0	2	0	0	0	0	0	0
holistic	he139	25	1.050448	14.860680	2	40	5	6.520143	0	0	8.340537	0	0
holistic	he140	25	0	0	0	0	3	0	0	0	0	0	0
holistic	he141	25	0	0	0	0	0	0	0	0	0	0	0
holistic	he142	25	0	0	0	0	0	0	0	0	0	0	0
holistic	he143	25	0	0	0	0	0	0	0	0	0	0	0
conventional	ce176	25	0	27.622139	0	14	7	1.587154	8.779460	11.464490	5.791035	0	0
conventional	ce177	25	0	20.133069	0	14	7	2.955075	4.879159	8.058481	4.240354	0	0
conventional	ce178	25	0	20.596420	0	14	7	2.751474	4.675651	3.915618	9.253677	0	0
conventional	ce179	25	0	16.109461	0	14	7	1.871780	1.510836	6.223070	6.503775	0.619254	0
conventional	ce180	25	0	34.720798	0	14	7	2.460130	5.930382	18.269210	8.061076	0	0
holistic	he144	26	0	0	0	0	2	0	0	0	0	0	0
holistic	he145	26	0	0	0	0	0	0	0	0	0	0	0
holistic	he146	26	1.376628	20.928814	2	32	7	12.635860	0	0	8.292954	0	0
holistic	he147	26	0	0.477492	0	4	7	0	0	0.477492	0	0	0
holistic	he148	26	0	4.608285	0	8	4	4.115211	0	0	0.493074	0	0
holistic	he149	26	0	0	0	0	3	0	0	0	0	0	0
holistic	he150	26	0	0	0	0	3	0	0	0	0	0	0
conventional	ce181	26	0	15.035126	0	14	7	1.964446	4.318257	5.685305	3.067118	0	0
conventional	ce182	26	0.439648	24.787672	1	14	7	4.636986	0.803480	13.097387	6.249819	0	0
conventional	ce183	26	0	25.876640	0	14	7	7.125850	0.997799	10.581750	7.171241	0	0
conventional	ce184	26	0	20.808580	0	14	7	2.398986	3.387185	5.664164	9.358245	0	0
conventional	ce185	26	0	24.225066	0	14	7	4.347526	3.531864	8.305243	8.040433	0	0
conventional	ce186	26	0	17.409530	0	14	7	1.196620	3.488729	8.952614	3.771567	0	0
holistic	he151	27	0	0	0	0	2	0	0	0	0	0	0
holistic	he152	27	0	0	0	0	2	0	0	0	0	0	0
holistic	he153	27	0	0	0	0	0	0	0	0	0	0	0
holistic	he154	27	0	0	0	0	2	0	0	0	0	0	0
holistic	he155	27	0	0	0	0	0	0	0	0	0	0	0
holistic	he156	27	0	0.591346	0	1	6	0	0	0.591346	0	0	0
holistic	he157	27	0	0	0	0	3	0	0	0	0	0	0
conventional	ce187	27	0	27.485368	0	14	7	4.345666	4.725679	11.926842	6.487181	0	0
holistic	he158	28	0	0.388658	0	1	6	0	0	0.388658	0	0	0
holistic	he159	28	0	0	0	0	2	0	0	0	0	0	0
conventional	ce188	28	0	26.410023	0	14	7	6.444354	3.374119	7.058858	9.532692	0	0
conventional	ce189	28	0	22.088919	0	14	7	4.725872	2.343544	7.519660	7.499843	0	0
holistic	he160	29	0	0	0	0	0	0	0	0	0	0	0
holistic	he161	29	0	0	0	0	3	0	0	0	0	0	0
holistic	he162	29	0	0	0	0	0	0	0	0	0	0	0
holistic	he163	30	0	0	0	0	0	0	0	0	0	0	0
conventional	ce190	30	0	22.932975	0	14	7	3.084790	4.802043	5.455474	9.590668	0	0
conventional	ce191	30	0.512034	18.518906	1	14	7	2.029706	3.756780	3.227023	9.505397	0	0
holistic	he164	31	0	0	0	0	2	0	0	0	0	0	0
holistic	he165	31	0	0	0	0	2	0	0	0	0	0	0
holistic	he166	31	0	0	0	0	0	0	0	0	0	0	0
holistic	he167	31	0	0	0	0	2	0	0	0	0	0	0
holistic	he168	32	0	0	0	0	2	0	0	0	0	0	0
conventional	ce192	32	0	32.713270	0	14	7	2.666351	3.361234	17.048697	9.636988	0	0
conventional	ce193	32	0	18.551748	0	14	7	2.637304	2.785884	6.269437	6.859123	0	0
holistic	he169	33	0	0.477492	0	4	7	0	0	0.477492	0	0	0
holistic	he170	33	0	0	0	0	0	0	0	0	0	0	0
conventional	ce194	33	0	16.696591	0	14	7	1.546977	3.055007	9.487768	2.606839	0	0
conventional	ce195	33	0	23.955693	0	14	7	0.313192	2.358038	14.231334	7.053129	0	0
holistic	he171	34	0	0	0	0	2	0	0	0	0	0	0
conventional	ce196	34	0	31.025173	0	14	7	3.812450	1.556099	12.326722	13.329902	0	0
holistic	he172	35	0	0	0	0	2	0	0	0	0	0	0
conventional	ce197	35	0	18.025801	0	14	7	1.639342	1.254038	9.012989	6.119432	0	0
conventional	ce198	35	0	17.687796	0	14	7	4.595178	0.923288	8.681471	3.487859	0	0
holistic	he173	36	1.339541	2.954386	2	8	6	2.075104	0	0	0.879282	0	0
holistic	he174	37	0	0	0	0	0	0	0	0	0	0	0
conventional	ce199	37	0	27.240546	0	14	7	5.292736	2.429379	12.285830	7.232601	0	0
holistic	he175	39	3.318828	9.984882	6	33	12	2.920365	0	0	7.064517	0	0
holistic	he176	39	0	0	0	0	3	0	0	0	0	0	0
holistic	he177	40	0	0	0	0	0	0	0	0	0	0	0
conventional	ce200	40	0	18.637732	0	14	7	1.844171	2.774908	8.322043	5.696610	0	0
holistic	he178	41	8.280822	26.381342	6	24	18	0	5.076294	15.118710	6.186338	0	0
conventional	ce201	41	0	18.450432	0	14	7	1.839359	2.903476	10.468736	3.238861	0	0
conventional	ce202	41	0	21.888748	0	14	7	0.880874	6.394646	6.608008	8.005220	0	0
holistic	he179	43	0	0	0	0	2	0	0	0	0	0	0
conventional	ce203	43	0	22.019157	0	14	7	5.492972	1.597886	7.828236	7.100063	0	0
conventional	ce204	43	0	17.992475	0	14	7	2.451880	4.371144	5.818909	5.350542	0	0
conventional	ce205	44	0	25.468468	0	14	7	2.521561	1.394890	14.245791	7.306226	0	0
conventional	ce206	45	0	22.556606	0	14	7	0.810427	5.821392	10.761818	5.162969	0	0
conventional	ce207	46	0	16.860298	0	14	7	1.578081	1.605160	9.243260	4.433797	0	0
holistic	he180	47	0	8.789415	0	5	12	0	0	8.789415	0	0	0
conventional	ce208	47	0	14.516003	0	14	7	0.415903	1.711129	9.165887	3.223084	0	0
conventional	ce209	47	0.043226	23.070371	1	14	7	4.451997	1.427728	9.820097	7.370549	1.689444	0
holistic	he181	48	1.273961	8.775866	2	28	7	5.992455	0	0	2.783411	0	0
conventional	ce210	48	0	13.455804	0	14	7	2.113413	0.757127	7.136072	3.449192	0	0
conventional	ce211	49	0	19.126375	0	14	7	2.374878	3.008882	5.939414	7.803201	0	0
conventional	ce212	51	0	16.769206	0	14	7	3.411177	0.652574	6.723649	5.981806	0	0
conventional	ce213	56	0.512034	19.939643	1	14	7	2.276012	3.087466	5.241899	9.334266	0	0
conventional	ce214	59	0	27.896111	0	14	7	5.002967	4.914016	11.413560	6.565568	0	0
conventional	ce215	59	0	18.650638	0	14	7	2.918817	0.928054	7.161149	7.642618	0	0
conventional	ce216	59	0	29.906665	0	14	7	5.418782	2.102271	13.435673	8.949939	0	0
conventional	ce217	60	0	29.303485	0	14	7	6.619564	5.935530	5.110442	11.637949	0	0
conventional	ce218	62	0	26.784785	0	14	7	4.842314	3.943374	11.668413	6.330684	0	0
conventional	ce219	64	0	18.170446	0	14	7	0.643720	5.636115	10.303902	1.586709	0	0
holistic	he182	65	0	0	0	0	2	0	0	0	0	0	0
conventional	ce220	65	0	19.091376	0	14	7	4.162609	1.725789	7.918389	5.284589	0	0
conventional	ce221	65	0	19.934312	0	14	7	2.071815	1.728255	8.635700	7.498542	0	0
holistic	he183	66	0	0	0	0	0	0	0	0	0	0	0
conventional	ce222	66	0	19.602630	0	14	7	4.800713	1.369206	7.203834	6.228877	0	0
conventional	ce223	66	0	21.273248	0	14	7	0.441343	3.444185	10.090458	7.297262	0	0
conventional	ce224	66	0	26.161210	0	14	7	4.025667	4.105937	11.500501	6.529105	0	0
conventional	ce225	67	0	23.626144	0	14	7	4.962882	2.061680	8.429059	8.172523	0	0
conventional	ce226	67	0	36.607728	0	14	7	4.360886	3.442381	16.054565	12.749896	0	0
conventional	ce227	67	0	40.181118	0	14	7	11.137684	4.886700	13.950277	10.206457	0	0
conventional	ce228	67	0	30.999739	0	14	7	4.011248	4.411930	8.558445	14.018116	0	0
conventional	ce229	67	0	24.596950	0	14	7	5.420576	2.019699	8.262316	8.894359	0	0
conventional	ce230	67	0	14.509191	0	14	7	0.986585	2.611263	5.082850	5.828493	0	0
conventional	ce231	67	0	11.841557	0	14	7	0.514802	1.901222	7.450545	1.974988	0	0
conventional	ce232	68	0	29.625303	0	14	7	2.757600	8.094840	13.852054	4.920809	0	0
conventional	ce233	69	0	10.288944	0	14	7	1.926247	3.655829	2.414946	2.291922	0	0
conventional	ce234	69	0	28.875648	0	14	7	6.058118	1.956309	16.773037	4.088184	0	0
conventional	ce235	69	0	30.543111	0	14	7	4.038346	7.509954	11.249137	7.745674	0	0
holistic	he184	70	0	0	0	0	3	0	0	0	0	0	0
conventional	ce236	70	0	19.144169	0	14	7	0.892800	2.120677	10.484085	5.646607	0	0
holistic	he185	71	0	0	0	0	2	0	0	0	0	0	0
conventional	ce237	71	0.043226	27.123988	1	14	7	5.609048	1.340122	11.531609	8.643209	1.960445	0
conventional	ce238	71	0	24.901856	0	14	7	1.477555	7.737515	11.138005	4.548781	0	0
conventional	ce239	71	0	15.264605	0	14	7	1.809556	1.916046	8.572068	2.966935	0	0
holistic	he186	72	0	0.042990	0	2	3	0	0.042990	0	0	0	0
conventional	ce240	72	0	17.903941	0	14	7	1.762253	2.210441	6.937177	6.994070	0	0
conventional	ce241	72	0	21.187031	0	14	7	1.663606	5.235990	11.337173	2.950262	0	0
conventional	ce242	73	0	20.685993	0	14	7	2.100984	1.664344	8.671443	8.249222	0	0
conventional	ce243	73	0	18.512867	0	14	7	0.682355	1.434862	11.646783	4.748867	0	0
conventional	ce244	73	0.512034	22.806014	1	14	7	0.995478	3.184093	8.964424	9.662019	0.077146	0
conventional	ce245	73	0	31.029300	0	14	7	5.308736	2.765756	13.168433	9.786375	0	0
conventional	ce246	73	0	21.437434	0	14	7	1.990222	1.847940	8.142778	9.456494	0	0
holistic	he187	74	0	0	0	0	9	0	0	0	0	0	0
conventional	ce247	74	0	18.589705	0	14	7	3.105595	0.679578	7.681429	7.123103	0	0
conventional	ce248	74	0	21.583989	0	14	7	1.959687	2.918522	13.681728	3.024052	0	0
conventional	ce249	74	0	13.008744	0	14	7	0.703131	1.854693	8.503359	1.947561	0	0
conventional	ce250	74	0	18.072409	0	14	7	1.165472	1.643028	10.226788	5.037121	0	0
conventional	ce251	74	0	26.015374	0	14	7	4.240537	3.589136	8.994454	9.191247	0	0
holistic	he188	75	0	0	0	0	3	0	0	0	0	0	0
holistic	he189	75	0	0	0	0	3	0	0	0	0	0	0
holistic	he190	76	0	0	0	0	0	0	0	0	0	0	0
conventional	ce252	76	0	13.120205	0	14	7	1.824406	2.211589	6.489596	2.594614	0	0
conventional	ce253	76	0	17.927810	0	14	7	3.051312	2.022845	7.240884	5.612769	0	0
conventional	ce254	76	0	14.758042	0	14	7	2.094355	2.925225	6.418376	3.320086	0	0
conventional	ce255	77	0	26.935390	0	14	7	1.041881	4.031979	14.284535	7.576995	0	0
conventional	ce256	77	0	26.684171	0	14	7	3.767319	4.413997	10.709639	7.793216	0	0
conventional	ce257	77	0	16.544363	0	14	7	0.522056	1.693852	6.184156	8.144299	0	0
holistic	he191	78	0	0	0	0	0	0	0	0	0	0	0
holistic	he192	78	0	0	0	0	3	0	0	0	0	0	0
conventional	ce258	78	0	30.342281	0	14	7	6.967024	1.510530	17.773720	4.091007	0	0
conventional	ce259	78	0	31.683924	0	14	7	5.797613	1.757872	15.476568	8.651871	0.619254	0
conventional	ce260	78	0	27.399618	0	14	7	4.382874	5.931451	11.623429	5.461864	0	0
holistic	he193	79	0	0	0	0	3	0	0	0	0	0	0
conventional	ce261	79	0	15.171724	0	14	7	2.801583	0.758652	6.799009	4.812480	0	0
conventional	ce262	79	0	30.867585	0	14	7	2.756449	7.875472	17.465932	2.769732	0	0
conventional	ce263	79	0	26.186095	0	14	7	2.674917	6.385174	7.462112	9.663892	0	0
conventional	ce264	79	0	27.578345	0	14	7	4.342454	4.387106	12.508795	6.339990	0	0
conventional	ce265	79	0	29.730209	0	14	7	4.505964	4.521843	13.579854	7.122548	0	0
conventional	ce266	79	0	25.290604	0	14	7	4.777159	5.691835	5.229223	9.592387	0	0
holistic	he194	80	0	0	0	0	2	0	0	0	0	0	0
holistic	he195	80	0	0	0	0	2	0	0	0	0	0	0
holistic	he196	80	0	0	0	0	1	0	0	0	0	0	0
holistic	he197	80	3.318828	10.203837	6	33	21	0.015066	0	2.579514	7.609257	0	0
holistic	he198	80	0	0	0	0	2	0	0	0	0	0	0
conventional	ce267	80	0	19.318685	0	14	7	0.430754	2.856167	10.924512	5.107252	1.363415	0
conventional	ce268	80	0.108691	25.076101	1	14	7	6.188249	1.405508	13.599757	3.882587	1.952794	0
conventional	ce269	80	0	25.715016	0	14	7	4.189570	3.891420	9.281347	8.352679	0	0
holistic	he199	81	0	0	0	0	3	0	0	0	0	0	0
holistic	he200	81	0	0	0	0	3	0	0	0	0	0	0
conventional	ce270	81	0	23.441858	0	14	7	2.428087	3.845363	9.560067	7.608341	0	0
conventional	ce271	81	0	23.445195	0	14	7	2.315272	2.045866	13.521618	5.562439	0	0
conventional	ce272	81	0	25.082335	0	14	7	3.172151	1.898545	12.793170	7.218469	0	0
conventional	ce273	81	0	26.233917	0	14	7	4.009260	3.427871	9.967701	8.829085	0	0
holistic	he201	82	4.217909	5.854999	3	3	6	0	2.365595	0	3.489404	0	0
conventional	ce274	82	0	17.069315	0	14	7	5.279069	1.602058	7.543300	2.644888	0	0
conventional	ce275	82	0	31.083488	0	14	7	2.212171	6.764014	14.027896	8.079407	0	0
conventional	ce276	82	0	22.331524	0	14	7	0.359458	3.234057	11.766732	6.971277	0	0
conventional	ce277	82	0	19.678218	0	14	7	3.380672	3.476998	7.776738	5.043810	0	0
holistic	he202	83	0	5.865157	0	6	3	5.767324	0	0	0.097833	0	0
holistic	he203	83	0	1.191108	0	4	7	0	0	1.191108	0	0	0
holistic	he204	83	0	0	0	0	2	0	0	0	0	0	0
holistic	he205	83	0	0	0	0	3	0	0	0	0	0	0
holistic	he206	83	0	0.364764	0	1	6	0	0	0.364764	0	0	0
holistic	he207	83	0	0	0	0	0	0	0	0	0	0	0
holistic	he208	83	0	0	0	0	2	0	0	0	0	0	0
holistic	he209	84	0	0	0	0	0	0	0	0	0	0	0
holistic	he210	84	0	0	0	0	3	0	0	0	0	0	0
holistic	he211	84	0	0	0	0	3	0	0	0	0	0	0
holistic	he212	84	0	0	0	0	14	0	0	0	0	0	0
holistic	he213	84	0	0.864878	0	2	9	0	0	0.864878	0	0	0
holistic	he214	84	0	0	0	0	2	0	0	0	0	0	0
holistic	he215	84	0	0	0	0	12	0	0	0	0	0	0
holistic	he216	84	8.280822	26.877042	6	24	18	0	5.838296	15.118710	5.920036	0	0
conventional	ce278	84	0	24.604302	0	14	7	5.922253	1.136022	10.374634	7.171393	0	0
conventional	ce279	84	0	20.567932	0	14	7	3.890174	1.500037	8.100729	7.076992	0	0
conventional	ce280	84	0	13.687694	0	14	7	0.820786	3.239729	6.902485	2.724694	0	0
conventional	ce281	84	0	12.482207	0	14	7	2.041808	4.004542	4.040107	2.395750	0	0
conventional	ce282	84	0	27.247316	0	14	7	3.681203	6.389344	6.637498	10.539271	0	0
conventional	ce283	84	0	18.963207	0	14	7	2.304274	2.912960	7.016614	6.729359	0	0
holistic	he217	85	0	0	0	0	3	0	0	0	0	0.988449	0
holistic	he218	85	0	0	0	0	1	0	0	0	0	0	0
holistic	he219	85	0	0	0	0	2	0	0	0	0	0	0
holistic	he220	85	0	0	0	0	0	0	0	0	0	0	0
holistic	he221	85	0	0	0	0	12	0	0	0	0	0	0
holistic	he222	85	0	0.510820	0	4	7	0	0	0.510820	0	0	0
holistic	he223	85	0	0.388658	0	1	5	0	0	0.388658	0	0	0
holistic	he224	85	0	0	0	0	0	0	0	0	0	0	0
conventional	ce284	85	0	14.042752	0	14	7	1.890162	1.693779	8.104149	2.354662	0	0
conventional	ce285	85	0	20.695409	0	14	7	1.897621	2.505513	8.113020	8.179255	0	0
conventional	ce286	85	0	22.790205	0	14	7	2.882422	3.342873	8.333342	8.231568	0	0
holistic	he225	86	0	0.364764	0	1	6	0	0	0.364764	0	0	0
holistic	he226	86	0	0	0	0	3	0	0	0	0	0	0
holistic	he227	86	0	0	0	0	2	0	0	0	0	0	0
holistic	he228	86	0	0	0	0	3	0	0	0	0	0	0
holistic	he229	86	2.547922	13.899182	4	48	8	7.058472	0	0	6.840710	0	0
holistic	he230	86	0	0	0	0	3	0	0	0	0	0	0
holistic	he231	86	0	0	0	0	2	0	0	0	0	0	0
holistic	he232	86	0	0	0	0	0	0	0	0	0	0	0
conventional	ce287	86	0	26.296497	0	14	7	3.666891	3.911974	9.415772	9.301860	0	0
conventional	ce288	86	0	17.679654	0	14	7	2.269139	2.545109	4.292293	8.573113	0	0
conventional	ce289	86	0	16.700477	0	14	7	4.227502	3.388053	4.833666	4.251256	0.224369	0
holistic	he233	87	0	0.364764	0	1	6	0	0	0.364764	0	0	0
holistic	he234	87	0	0	0	0	0	0	0	0	0	0	0
holistic	he235	87	0	0	0	0	2	0	0	0	0	0	0
holistic	he236	87	14.233599	18.704241	9	9	12	0	9.023181	0	9.681060	0	0
holistic	he237	87	0	0	0	0	9	0	0	0	0	0	0
holistic	he238	87	0	0	0	0	2	0	0	0	0	0	0
holistic	he239	87	0	0	0	0	3	0	0	0	0	0	0
holistic	he240	87	0	0	0	0	3	0	0	0	0	0	0
holistic	he241	87	0	0.459276	0	4	7	0	0	0.459276	0	0	0
conventional	ce290	87	0	21.875052	0	14	7	2.894042	1.585989	9.205259	8.189762	0	0
holistic	he242	88	0	0	0	0	2	0	0	0	0	0	0
holistic	he243	88	0	2.077332	0	4	8	0	0	2.077332	0	0	0
holistic	he244	88	0	0	0	0	0	0	0	0	0	0	0
holistic	he245	88	0	8.881227	0	6	19	0	0.547779	8.333448	0	0	0
holistic	he246	88	0	0	0	0	2	0	0	0	0	0	0
conventional	ce291	88	0	20.083047	0	14	7	3.919320	1.588224	8.120524	6.454979	0	0
conventional	ce292	88	0	17.227631	0	14	7	1.331559	3.440125	5.964780	6.491167	0.895487	0
conventional	ce293	88	0	37.381245	0	14	7	4.417628	9.770286	14.713549	8.479782	0	0
conventional	ce294	88	0	21.505614	0	14	7	3.834905	1.783820	8.355233	7.531656	0.748024	0
holistic	he247	89	0	0	0	0	3	0	0	0	0	0.171763	0
holistic	he248	89	8.577946	10.092582	6	6	6	0	2.949638	0	7.142944	0	0
holistic	he249	89	8.280822	39.081403	6	36	18	0	3.658310	29.236755	6.186338	0	0
holistic	he250	89	0	2.236864	0	16	13	0	0	2.236864	0	0	0
holistic	he251	90	0	0.940868	0	4	7	0	0	0.940868	0	0	0
holistic	he252	90	0	0	0	0	2	0	0	0	0	0	0
conventional	ce295	90	0	18.552609	0	14	7	3.096871	4.458244	7.030888	3.966606	0	0
conventional	ce296	90	0	39.871201	0	14	7	9.688745	6.763555	10.516562	12.902339	0	0
holistic	he253	91	0	0	0	0	2	0	0	0	0	0	0
holistic	he254	91	0.577893	0.283436	1	1	5	0	0	0.283436	0	0	0
holistic	he255	91	0	0	0	0	2	0	0	0	0	0	0
holistic	he256	91	0	0	0	0	3	0	0	0	0	0	0
holistic	he257	91	0	0	0	0	1	0	0	0	0	0	0
holistic	he258	91	0	0	0	0	3	0	0	0	0	0	0
holistic	he259	91	0	0	0	0	2	0	0	0	0	0	0
holistic	he260	92	0	0	0	0	3	0	0	0	0	0	0
holistic	he261	92	0	0	0	0	2	0	0	0	0	0	0
holistic	he262	92	0	0.082690	0	1	6	0	0	0.082690	0	0	0
conventional	ce297	92	0	25.781526	0	14	7	5.694210	1.229267	10.429223	8.428826	0	0
conventional	ce298	92	0	35.064156	0	14	7	5.525657	0.751203	20.704206	8.083090	1.162301	0
holistic	he263	93	0	0	0	0	2	0	0	0	0	0	0
holistic	he264	93	0	0	0	0	2	0	0	0	0	0	0
holistic	he265	93	8.073476	50.160730	6	18	21	0	2.963046	39.460328	7.737356	0	0
holistic	he266	93	0	0	0	0	3	0	0	0	0	0	0
holistic	he267	93	0	0	0	0	7	0	0	0	0	0	0
conventional	ce299	93	0	20.073576	0	14	7	3.199193	1.983182	7.126553	7.764648	0	0
conventional	ce300	93	0	16.497914	0	14	7	1.578137	0.407523	8.357307	6.154947	0	0
conventional	ce301	93	0	21.379720	0	14	7	7.281054	2.623768	4.545327	6.929571	0.420221	0
holistic	he268	94	0	0	0	0	6	0	0	0	0	0	0
conventional	ce302	94	0	27.475619	0	14	7	1.483613	9.267551	12.900952	3.823503	0	0
holistic	he269	95	0	0	0	0	0	0	0	0	0	0	0
holistic	he270	95	0	4.828424	0	4	18	0	0	4.828424	0	0	0
holistic	he271	95	2.270874	61.834402	4	66	20	3.222672	8.663690	41.255160	8.692880	0	0
holistic	he272	95	0	0.459276	0	4	10	0	0	0.459276	0	0	0
holistic	he273	95	0	0.082690	0	1	6	0	0	0.082690	0	0	0
conventional	ce303	95	0	21.703753	0	14	7	4.096613	1.515400	10.461927	5.629813	0	0
conventional	ce304	95	0	17.475915	0	14	7	1.306976	2.864634	6.100681	7.203624	0.907766	0
conventional	ce305	95	0	23.295767	0	14	7	3.088061	5.368614	9.152983	5.686109	0	0
conventional	ce306	96	0	35.014162	0	14	7	3.555123	9.306520	14.249014	7.903505	0	0
conventional	ce307	96	0	30.073806	0	14	7	6.208309	4.286719	10.110859	9.467919	0	0
holistic	he274	97	0	0	0	0	5	0	0	0	0	0	0
conventional	ce308	97	0	28.898768	0	14	7	3.695048	5.169122	14.003484	6.031114	0	0
holistic	he275	98	0	0	0	0	2	0	0	0	0	0	0
conventional	ce309	98	0	21.113119	0	14	7	1.300875	2.692616	12.167466	4.952162	0	0
holistic	he276	99	0	11.461972	0	14	18	0	2.561332	8.900640	0	1.227714	0
holistic	he277	99	0	0	0	0	3	0	0	0	0	0	0
holistic	he278	99	5.429948	6.888255	4	4	7	0	1.641601	0	5.246654	1.284737	0
holistic	he279	99	0	0	0	0	2	0	0	0	0	0	0
holistic	he280	100	0	0	0	0	1	0	0	0	0	0	0
conventional	ce310	100	0	24.011236	0	14	7	1.818183	7.806664	11.194611	3.191778	0	0
holistic	he281	101	0	4.409216	0	16	10	0	2.527480	1.881736	0	3.655386	0
holistic	he282	101	0.577893	1.306273	1	4	5	0	0	1.306273	0	0	0
conventional	ce311	101	0	18.935475	0	14	7	0.853015	3.944000	4.683541	9.454919	0	0
conventional	ce312	101	0	14.561062	0	14	7	4.507838	2.445216	3.581617	4.026391	0	0
conventional	ce313	101	0	24.567329	0	14	7	4.897765	2.804418	8.236095	8.629051	0.652724	0
conventional	ce314	102	0	39.161898	0	14	7	4.731796	7.926302	18.998029	7.505771	0	0
conventional	ce315	102	0	28.616348	0	14	7	6.689306	5.950457	6.383383	9.593202	0	0
holistic	he283	103	0	0	0	0	13	0	0	0	0	0	0
holistic	he284	103	0	0	0	0	3	0	0	0	0	0	0
holistic	he285	103	0	0.364764	0	1	6	0	0	0.364764	0	0	0
conventional	ce316	103	0	14.860154	0	14	7	0.427625	3.328698	5.551133	5.552698	0	0
conventional	ce317	103	0	29.073134	0	14	7	3.548417	5.268072	14.141811	6.114834	0	0
conventional	ce318	103	0	19.591460	0	14	7	3.653027	3.804148	7.233841	4.900444	0	0
conventional	ce319	103	0	29.825419	0	14	7	7.919767	3.158923	9.293153	9.453576	0	0
holistic	he286	104	0	0.082690	0	1	6	0	0	0.082690	0	0	0
conventional	ce320	104	0	24.198223	0	14	7	7.521045	1.473192	7.382433	7.821553	0	0
holistic	he287	105	0	0	0	0	3	0	0	0	0	0	0
conventional	ce321	105	0	27.353156	0	14	7	4.504574	3.066321	9.486839	10.295422	0	0
conventional	ce322	105	0	23.460350	0	14	7	3.880321	2.499657	7.693372	9.387000	0	0
conventional	ce323	106	0	22.047466	0	14	7	1.694712	3.346649	10.301337	6.704768	0	0
holistic	he288	107	0	0	0	0	3	0	0	0	0	0	0
conventional	ce324	107	0	26.339837	0	14	7	1.511605	7.667560	12.484172	4.676500	0	0
conventional	ce325	107	0	20.141803	0	14	7	4.186637	4.832948	7.337164	3.785054	0	0
holistic	he289	108	0	0	0	0	3	0	0	0	0	1.153037	0
conventional	ce326	108	0	24.716686	0	14	7	3.068293	1.789840	12.961041	6.897512	0	0
conventional	ce327	108	0	23.588389	0	14	7	0.257661	2.675084	14.700240	5.955404	0	0
conventional	ce328	109	0	36.085916	0	14	7	3.298997	8.971252	13.937112	9.878555	0	0
conventional	ce329	109	0	30.943288	0	14	7	5.145690	6.823451	7.392918	11.581229	1.934007	0
holistic	he290	111	0	0	0	0	3	0	0	0	0	0	0
conventional	ce330	111	0	23.887250	0	14	7	4.535530	6.259637	5.464611	7.627472	0.119335	0
conventional	ce331	111	0	13.276835	0	14	7	0.932975	3.086096	6.163241	3.094523	0	0
conventional	ce332	111	0	16.298760	0	14	7	0.654923	1.876786	6.367619	7.399432	0	0
holistic	he291	115	0	0.449919	0	6	10	0	0.150738	0.299181	0	5.779720	0
conventional	ce333	116	0	21.944865	0	14	7	5.053715	2.010510	6.442870	8.437770	0	0
conventional	ce334	117	0	14.626715	0	14	7	2.105956	3.419262	6.043149	3.058348	0.224369	0
conventional	ce335	119	0	24.186063	0	14	7	1.445909	7.023837	11.827664	3.888653	0	0
conventional	ce336	119	0	12.434926	0	14	7	2.053850	2.044854	6.941724	1.394498	0	0
conventional	ce337	120	0	24.060246	0	14	7	3.460212	3.159727	7.887518	9.552789	0	0
conventional	ce338	123	0	20.945153	0	14	7	0.081081	6.572098	8.590567	5.701407	0	0
conventional	ce339	124	0	24.084135	0	14	7	4.061508	0.603468	13.539196	5.879963	0	0
holistic	he292	125	0	0	0	0	3	0	0	0	0	0	0
conventional	ce340	126	0	24.377793	0	14	7	3.614985	2.139104	10.769384	7.854320	0	0
conventional	ce341	126	0	10.842773	0	14	7	2.121095	1.830918	4.401878	2.488882	0	0
conventional	ce342	127	0	15.762685	0	14	7	3.655823	1.138011	4.951660	6.017191	0	0
conventional	ce343	127	0	29.125080	0	14	7	6.105625	0.742437	12.128492	10.148526	0	0
conventional	ce344	127	0	20.904621	0	14	7	5.734375	3.487533	6.361769	5.320944	0	0
conventional	ce345	129	0	25.705521	0	14	7	3.581118	0.765254	10.204829	11.154320	0	0
conventional	ce346	129	0	22.192213	0	14	7	3.075796	4.646187	6.607521	7.862709	0	0
conventional	ce347	129	0	16.309895	0	14	7	1.165030	1.343500	7.497648	6.303717	0	0
holistic	he293	130	0	0	0	0	2	0	0	0	0	0	0
holistic	he294	131	0	0	0	0	2	0	0	0	0	0	0
conventional	ce348	131	0	12.906921	0	14	7	2.348556	1.930365	5.402453	3.225547	0	0
conventional	ce349	131	0	19.949108	0	14	7	1.263501	6.315418	3.574885	8.795304	0	0
conventional	ce350	131	0	28.512566	0	14	7	5.899191	6.093939	5.888887	10.630549	0	0
holistic	he295	132	0	0	0	0	2	0	0	0	0	0	0
conventional	ce351	132	0	20.774581	0	14	7	2.918719	1.895183	8.904073	7.056606	0	0
conventional	ce352	132	0	22.794982	0	14	7	4.908303	1.449225	8.974621	7.462833	0.748024	0
conventional	ce353	133	0	15.844593	0	14	7	4.040569	2.896414	5.328647	3.578963	0.907766	0
holistic	he296	134	0	0.459276	0	4	8	0	0	0.459276	0	0	0
conventional	ce354	134	0	24.150166	0	14	7	2.555285	4.041842	9.287124	8.265915	0	0
conventional	ce355	134	0	21.218800	0	14	7	3.610183	2.483763	7.913760	7.211094	0	0
conventional	ce356	134	0	17.146221	0	14	7	6.285775	1.265044	6.406020	3.189382	0	0
conventional	ce357	134	0	22.389549	0	14	7	2.413184	3.708488	10.670413	5.597464	0	0
conventional	ce358	134	0	21.652709	0	14	7	3.246245	1.895468	9.039313	7.471683	0	0
conventional	ce359	134	0	19.763860	0	14	7	1.310980	3.243029	10.422075	4.787776	0	0
holistic	he297	135	0	0	0	0	7	0	0	0	0	0	0
holistic	he298	135	0	0	0	0	2	0	0	0	0	0	0
holistic	he299	135	0	0	0	0	3	0	0	0	0	0	0
conventional	ce360	136	0	23.699037	0	14	7	2.500797	3.709139	9.962197	7.526904	0	0
conventional	ce361	136	0	16.258651	0	14	7	1.089167	2.620372	5.667567	6.881545	0	0
conventional	ce362	136	0	17.644237	0	14	7	1.128794	2.319752	6.790480	7.405211	0	0
conventional	ce363	136	0	25.178072	0	14	7	3.030997	4.622064	11.506398	6.018613	0.224369	0
holistic	he300	137	0	0	0	0	2	0	0	0	0	0	0
conventional	ce364	137	0	25.229669	0	14	7	4.779437	1.325012	10.244350	8.880870	0.988866	0
holistic	he301	138	0	0	0	0	3	0	0	0	0	0.171763	0
conventional	ce365	139	0	24.315536	0	14	7	3.150784	2.002029	11.586745	7.575978	0	0
conventional	ce366	139	1.683125	18.146388	1	14	7	2.261081	1.899013	7.719516	6.266778	0	0
conventional	ce367	139	0	13.838267	0	14	7	0.815063	2.551447	7.303674	3.168083	0	0
holistic	he302	140	0	0	0	0	1	0	0	0	0	0	0
conventional	ce368	140	0	32.901817	0	14	7	5.660599	5.596567	14.647017	6.997634	0	0
conventional	ce369	140	0	24.997364	0	14	7	4.080401	3.623197	10.000829	7.292937	0	0
conventional	ce370	141	0	11.551157	0	14	7	0.475521	2.401593	5.346460	3.327583	0.224369	0
conventional	ce371	141	0.047570	24.535352	1	14	7	1.355133	8.491615	9.068863	5.619741	0	0
conventional	ce372	141	1.549683	22.009428	1	14	7	3.740943	2.622017	7.919728	7.726740	0	0
conventional	ce373	141	0	18.109779	0	14	7	2.873479	4.276736	5.251727	5.707837	0	0
holistic	he303	142	0	0	0	0	3	0	0	0	0	0	0
conventional	ce374	142	0	22.177820	0	14	7	3.839433	2.176928	6.855788	9.305671	0	0
conventional	ce375	142	0	28.442643	0	14	7	4.489292	7.622690	6.617360	9.713301	1.934007	0
conventional	ce376	142	0	21.996568	0	14	7	2.023245	1.731249	10.545978	7.696096	0	0
conventional	ce377	142	0	21.193515	0	14	7	5.632204	2.435990	5.862065	7.263256	0	0
holistic	he304	143	0	0	0	0	2	0	0	0	0	0	0
holistic	he305	143	0	0	0	0	0	0	0	0	0	0	0
holistic	he306	143	0	0	0	0	3	0	0	0	0	0.171763	0
holistic	he307	143	0	0	0	0	3	0	0	0	0	0	0
holistic	he308	143	0	0	0	0	3	0	0	0	0	0	0
conventional	ce378	143	0	22.559125	0	14	7	3.291644	3.485587	8.097543	7.684351	0	0
conventional	ce379	143	0	20.091613	0	14	7	5.783885	3.430191	6.821378	4.056159	0.224369	0
holistic	he309	144	0	0	0	0	2	0	0	0	0	0	0
holistic	he310	144	0	0	0	0	10	0	0	0	0	0.566744	0
holistic	he311	144	0	0	0	0	2	0	0	0	0	0	0
conventional	ce380	144	1.549683	16.297804	1	14	7	1.765868	2.635210	6.926861	4.969865	0	0
conventional	ce381	144	0	16.507414	0	14	7	0.682867	3.154219	5.942287	6.728041	0.429709	0
conventional	ce382	144	0	34.050467	0	14	7	4.523106	8.389044	13.659041	7.479276	0	0
conventional	ce383	144	0	25.811486	0	14	7	2.744036	4.909033	9.154177	9.004240	0	0
conventional	ce384	144	0.615844	17.753501	1	14	7	1.441003	3.645923	6.632033	6.034542	0.895487	0
conventional	ce385	144	0	21.563352	0	14	7	1.396617	4.246608	7.325888	8.594239	0.622029	0
conventional	ce386	144	0	28.110857	0	14	7	4.528636	1.796641	11.145509	10.640071	0.224369	0
conventional	ce387	144	0	28.052572	0	14	7	4.251250	4.372104	10.651995	8.777223	0	0
conventional	ce388	144	0	28.686369	0	14	7	5.120729	7.116173	5.818739	10.630728	0	0
holistic	he312	145	0	0	0	0	3	0	0	0	0	0	0
holistic	he313	145	0	0	0	0	2	0	0	0	0	0	0
holistic	he314	145	0	0	0	0	0	0	0	0	0	0	0
holistic	he315	145	0	0	0	0	2	0	0	0	0	0	0
conventional	ce389	145	0	12.629923	0	14	7	0.986668	1.981058	5.856451	3.805746	0	0
holistic	he316	146	0	0	0	0	3	0	0	0	0	0.403676	0
holistic	he317	146	0	0	0	0	0	0	0	0	0	0	0
holistic	he318	146	0	0	0	0	3	0	0	0	0	0	0
conventional	ce390	146	0	26.215831	0	14	7	3.380805	3.743046	7.374277	11.717703	0	0
holistic	he319	147	0	0	0	0	0	0	0	0	0	0	0
holistic	he320	147	0	3.436448	0	8	4	0	3.436448	0	0	3.880710	0
holistic	he321	147	0	0	0	0	2	0	0	0	0	0	0
holistic	he322	147	0	0	0	0	3	0	0	0	0	0	0
holistic	he323	147	0	0	0	0	3	0	0	0	0	0	0
holistic	he324	147	0	0	0	0	2	0	0	0	0	0	0
holistic	he325	147	0	0	0	0	0	0	0	0	0	0	0
conventional	ce391	147	0	28.776770	0	14	7	4.673914	4.694788	8.373563	11.034505	0	0
holistic	he326	148	7.970332	17.817510	6	10	10	0	9.545490	0	8.272020	0	0
holistic	he327	148	0	0	0	0	3	0	0	0	0	0	0
holistic	he328	148	0	0	0	0	2	0	0	0	0	0	0
holistic	he329	148	0	0	0	0	9	0	0	0	0	0.947428	0
holistic	he330	148	0	0	0	0	3	0	0	0	0	0	0
conventional	ce392	148	0	31.889198	0	14	7	1.220172	5.953206	10.686765	14.029055	1.358440	0
conventional	ce393	148	0	14.900376	0	14	7	2.375797	1.482081	7.756401	3.286097	0	0
conventional	ce394	148	0	25.469626	0	14	7	2.349478	3.747583	15.564052	3.808513	0	0
holistic	he331	149	0	0	0	0	2	0	0	0	0	0	0
holistic	he332	149	0	0	0	0	3	0	0	0	0	0	0
holistic	he333	149	0	8.253372	0	12	16	0	3.076012	5.177360	0	0	0
holistic	he334	149	0	0	0	0	2	0	0	0	0	0	0
conventional	ce395	149	0	19.917461	0	14	7	4.820049	4.670291	5.365937	5.061184	0	0
holistic	he335	150	0	0	0	0	1	0	0	0	0	0	0
holistic	he336	150	0	0	0	0	0	0	0	0	0	0	0
holistic	he337	150	0	0	0	0	3	0	0	0	0	1.153037	0
holistic	he338	150	3.985166	11.715929	3	6	7	0	6.529543	0	5.186386	0	0
conventional	ce396	150	0	14.044146	0	14	7	0.985752	0.824311	6.474696	5.759387	0	0
holistic	he339	151	0	0	0	0	2	0	0	0	0	0	0
holistic	he340	151	0	0	0	0	3	0	0	0	0	0	0
holistic	he341	151	0	0	0	0	3	0	0	0	0	0	0
holistic	he342	151	0	0	0	0	2	0	0	0	0	0	0
holistic	he343	151	0	0	0	0	2	0	0	0	0	0	0
holistic	he344	151	0	0	0	0	2	0	0	0	0	0	0
conventional	ce397	151	0	19.913515	0	14	7	5.695644	3.106943	7.425593	3.685335	0	0
holistic	he345	152	0	0	0	0	2	0	0	0	0	0	0
holistic	he346	152	0	0	0	0	3	0	0	0	0	0	0
holistic	he347	152	0	0	0	0	2	0	0	0	0	0	0
holistic	he348	152	0	0	0	0	3	0	0	0	0	0.171763	0
holistic	he349	152	0	0	0	0	3	0	0	0	0	0	0
holistic	he350	152	0.804418	0.817982	2	12	12	0	0.002314	0.815668	0	1.827693	0
conventional	ce398	152	0	22.364324	0	14	7	4.302464	3.249148	9.572848	5.239864	0	0
conventional	ce399	152	0	25.531982	0	14	7	5.779048	1.798852	9.803678	8.150404	0.988866	0
conventional	ce400	152	0	10.700269	0	14	7	1.527333	2.174701	3.278114	3.720121	0	0
holistic	he351	153	0	0	0	0	2	0	0	0	0	0	0
holistic	he352	153	0	0	0	0	2	0	0	0	0	0	0
holistic	he353	153	0	0	0	0	2	0	0	0	0	0	0
holistic	he354	153	0	0	0	0	2	0	0	0	0	2.306074	0
conventional	ce401	153	0	15.642436	0	14	7	2.273513	2.704613	7.426139	3.238171	0	0
holistic	he355	154	0	0	0	0	3	0	0	0	0	0	0
holistic	he356	154	0	0	0	0	4	0	0	0	0	1.153037	0
conventional	ce402	154	0	27.735438	0	14	7	4.923865	0.961177	10.220678	11.629718	0.539659	0
holistic	he357	155	0	0	0	0	2	0	0	0	0	0	0
holistic	he358	155	0	1.722285	0	15	11	0	0	1.722285	0	0	0
holistic	he359	155	3.678983	9.826548	2	5	7	0	4.640162	0	5.186386	0	0
holistic	he360	155	0	0.199454	0	2	9	0	0	0.199454	0	5.628213	0
holistic	he361	155	0	0.013465	0	1	6	0	0	0.013465	0	0	0
conventional	ce403	155	0	29.081583	0	14	7	1.068152	7.879720	12.769779	7.363932	0	0
conventional	ce404	155	0	26.102312	0	14	7	3.902962	2.707648	10.393194	9.098508	0	0
conventional	ce405	155	0	27.708090	0	14	7	4.574629	2.908751	10.758074	9.466636	0.577895	0
holistic	he362	156	0	0	0	0	2	0	0	0	0	0	0
conventional	ce406	156	0	22.747666	0	14	7	3.312012	3.371959	8.254035	7.809660	0	0
conventional	ce407	156	1.549683	23.012564	1	14	7	5.630624	2.927626	10.758565	3.695749	0	0
holistic	he363	157	0	0	0	0	3	0	0	0	0	0	0
holistic	he364	157	0	0	0	0	2	0	0	0	0	2.926048	0
holistic	he365	158	0	0	0	0	2	0	0	0	0	0	0
holistic	he366	159	0	0	0	0	8	0	0	0	0	0	0
holistic	he367	159	0	0	0	0	2	0	0	0	0	0	0
holistic	he368	159	0	5.370300	0	15	11	0	0	5.370300	0	0	0
holistic	he369	159	6.239394	3.623274	3	3	14	0	0	0	3.623274	0	0
holistic	he370	159	0	0	0	0	3	0	0	0	0	0.270022	0
holistic	he371	160	4.288808	5.612047	5	5	12	0	5.452024	0	0.160023	1.545368	0
holistic	he372	160	0	0	0	0	3	0	0	0	0	0	0
conventional	ce408	160	0	21.032115	0	14	7	2.989985	3.821094	7.039041	7.181995	1.918057	0
holistic	he373	161	0	0	0	0	2	0	0	0	0	0	0
holistic	he374	161	0	0.024192	0	8	17	0	0.004866	0.019326	0	6.004531	0
conventional	ce409	161	0	22.623514	0	14	7	1.145104	4.033059	10.175439	7.269912	0	0
conventional	ce410	161	0	24.963985	0	14	7	4.973034	0.780602	9.604812	9.605537	0.748024	0
holistic	he375	162	9.316932	12.282056	6	6	9	0	5.380930	0	6.901126	0	0
holistic	he376	162	0	0	0	0	3	0	0	0	0	0	0
holistic	he377	163	0	0	0	0	2	0	0	0	0	0	0
holistic	he378	163	0	0	0	0	2	0	0	0	0	0	0
holistic	he379	163	9.316932	11.654056	6	6	9	0	3.908886	0	7.745170	0	0
conventional	ce411	163	0	18.464060	0	14	7	1.641633	3.980350	5.517265	7.324812	0	0
conventional	ce412	163	0	13.849072	0	14	7	1.021344	1.751596	7.923068	3.153064	0	0
conventional	ce413	163	0	15.863750	0	14	7	0.388601	2.039375	7.313210	6.122564	0	0
conventional	ce414	163	0	17.315134	0	14	7	0.773672	2.570306	6.465684	7.505472	0.622029	0
holistic	he380	164	0	0	0	0	2	0	0	0	0	1.463024	0
holistic	he381	164	0	0	0	0	1	0	0	0	0	0	0
conventional	ce415	164	0	29.394492	0	14	7	3.294288	1.463253	9.783829	14.853122	2.275132	0
conventional	ce416	164	0	22.877140	0	14	7	0.795131	2.996014	10.987782	8.098213	1.074032	0
holistic	he382	165	0	0	0	0	2	0	0	0	0	0	0
conventional	ce417	165	0	20.001436	0	14	7	0.586547	3.761850	9.171700	6.481339	0	0
conventional	ce418	165	0	20.122276	0	14	7	0.848590	1.540545	7.862438	9.870703	0	0
conventional	ce419	165	0	13.476421	0	14	7	1.119512	2.219034	6.378291	3.759584	0	0
conventional	ce420	165	0	21.356955	0	14	7	3.093894	3.998004	8.766666	5.498391	0	0
conventional	ce421	166	0.047570	22.846554	1	14	7	5.061530	2.605013	8.426202	6.753809	0	0
holistic	he383	167	5.036308	11.242548	4	6	15	0	9.908436	0	1.334112	0	0
holistic	he384	167	0	0	0	0	3	0	0	0	0	0	0
holistic	he385	167	0	0	0	0	0	0	0	0	0	0	0
conventional	ce422	167	0.047570	24.500691	1	14	7	4.796421	0.742778	12.771496	6.189996	0	0
conventional	ce423	167	0	25.608039	0	14	7	4.450828	7.055749	6.880367	7.221095	0	0
conventional	ce424	167	0	13.857322	0	14	7	2.825673	2.836775	4.360583	3.834291	0.826124	0
conventional	ce425	167	0	28.373175	0	14	7	1.113134	7.035818	12.608620	7.615603	0	0
holistic	he386	168	0	0	0	0	2	0	0	0	0	0	0
holistic	he387	168	0	0	0	0	2	0	0	0	0	0	0
holistic	he388	168	0	0	0	0	2	0	0	0	0	4.104388	0
holistic	he389	168	0	0	0	0	2	0	0	0	0	0	0
conventional	ce426	168	0	23.023699	0	14	7	6.043042	4.563860	7.893778	4.523019	0.224369	0
conventional	ce427	168	0	19.090585	0	14	7	4.459860	0.410920	6.614869	7.604936	1.918057	0
holistic	he390	169	0	0	0	0	10	0	0	0	0	0.138502	0
conventional	ce428	169	0	19.029323	0	14	7	0.738336	4.605730	6.359230	7.326027	1.016725	0
conventional	ce429	169	0	21.083208	0	14	7	6.671807	2.677134	8.057645	3.676622	0.224369	0
conventional	ce430	170	0	19.505861	0	14	7	0.320099	2.994444	7.915964	8.275354	0	0
conventional	ce431	170	0	33.850906	0	14	7	4.522149	4.744683	11.140074	13.444000	0.988866	0
holistic	he391	171	0	0	0	0	2	0	0	0	0	0	0
conventional	ce432	171	0	19.276694	0	14	7	1.883333	1.271083	6.346461	9.775817	0	0
conventional	ce433	171	0	17.021798	0	14	7	1.713366	3.234729	6.120387	5.953316	0	0
conventional	ce434	171	0	17.792802	0	14	7	1.885245	4.518234	7.909753	3.479570	0.224369	0
conventional	ce435	171	0	17.451217	0	14	7	1.582123	3.329625	8.844624	3.694845	0	0
conventional	ce436	173	0	19.749592	0	14	7	6.209644	3.082828	6.392823	4.064297	0.224369	0
holistic	he392	174	0	0	0	0	3	0	0	0	0	0	0
conventional	ce437	174	0	23.252656	0	14	7	3.013096	4.840384	6.992309	8.406867	0	0
conventional	ce438	174	0	21.974906	0	14	7	2.912273	1.041405	10.757824	7.263404	0	0
holistic	he393	175	0	0	0	0	4	0	0	0	0	0	0
conventional	ce439	176	0	28.268981	0	14	7	1.418215	7.476108	11.904124	7.470534	0	0
conventional	ce440	176	0	20.952708	0	14	7	1.992325	1.872723	10.235501	6.852159	0	0
conventional	ce441	176	1.549683	19.568967	1	14	7	3.386806	2.414438	6.820556	6.947167	0	0
holistic	he394	177	0	0	0	0	2	0	0	0	0	2.926048	0
conventional	ce442	177	0	21.307010	0	14	7	0.192698	6.748094	7.821918	6.544300	0	0
holistic	he395	179	0	0	0	0	13	0	0	0	0	1.868916	0
conventional	ce443	180	0	22.764902	0	14	7	2.830184	2.178666	10.264456	7.491596	0.826124	0
holistic	he396	183	0	0	0	0	2	0	0	0	0	0	0
conventional	ce444	183	1.549683	15.170357	1	14	7	1.943745	0.977685	5.660135	6.588792	0	0
holistic	he397	185	0	0	0	0	2	0	0	0	0	0	0
conventional	ce445	189	0	17.366805	0	14	7	0.953362	2.830935	9.126802	4.455706	0	0
conventional	ce446	189	0.287699	16.644133	1	14	7	0.357668	2.700232	8.568732	5.017501	1.623969	0
holistic	he398	190	0.768178	0.976529	1	1	10	0	0.976529	0	0	0.344014	0
holistic	he399	191	0	0	0	0	3	0	0	0	0	0	0
conventional	ce447	191	0	17.289967	0	14	7	1.083114	2.703715	6.086181	7.416957	0	0
conventional	ce448	191	0.906062	16.667933	1	14	7	1.045826	2.876870	6.931086	5.814151	0	0
holistic	he400	192	0	0	0	0	2	0	0	0	0	3.446816	0
conventional	ce449	192	0	15.005805	0	14	7	0.315119	6.515569	4.214081	3.961036	0.463730	0
conventional	ce450	192	1.997167	25.356377	1	14	7	5.101582	3.731609	8.899717	7.623469	0	0
holistic	he401	194	0	0	0	0	2	0	0	0	0	0	0
holistic	he402	194	3.329348	5.825923	3	3	7	0	2.654146	0	3.171777	0	0
conventional	ce451	194	0	21.669477	0	14	7	5.557153	1.535564	6.465131	8.111629	0	0
conventional	ce452	194	0	18.564955	0	14	7	1.441490	2.594632	8.349550	6.179283	0	0
conventional	ce453	194	1.746750	19.149232	1	14	7	1.484591	3.308401	8.109582	6.246658	0	0
conventional	ce454	194	0	16.352765	0	14	7	3.141853	3.168524	5.837980	4.204408	0.826124	0
conventional	ce455	194	0.287699	35.780998	1	14	7	0.760569	6.020871	17.874764	11.124794	1.623969	0
holistic	he403	195	0	0	0	0	2	0	0	0	0	2.306074	0
holistic	he404	195	0	0	0	0	2	0	0	0	0	0	0
conventional	ce456	196	0	18.027318	0	14	7	0.738118	3.136947	5.092252	9.060001	0.429709	0
conventional	ce457	196	0	22.440559	0	14	7	0.883112	4.695063	9.348450	7.513934	0	0
conventional	ce458	196	0	20.531963	0	14	7	2.857855	6.615115	5.886337	5.172656	0	0
conventional	ce459	196	0.287699	17.616007	1	14	7	0.413553	3.108903	8.119096	5.974455	1.623969	0
conventional	ce460	196	0	28.621526	0	14	7	0.045207	4.404475	12.225149	11.946695	0	0
conventional	ce461	197	0	17.319380	0	14	7	1.590495	3.205245	7.392211	5.131429	0	0
holistic	he405	198	1.544030	1.801022	1	1	5	0	0	1.801022	0	1.048690	0
conventional	ce462	198	0	24.367219	0	14	7	2.510470	2.441397	10.297135	9.118217	0.826124	0
conventional	ce463	198	0	25.073931	0	14	7	5.889319	6.921306	4.586411	7.676895	0	0
conventional	ce464	199	0	27.123097	0	14	7	7.822637	6.488037	7.180744	5.631679	0.794792	0
conventional	ce465	199	0	19.873165	0	14	7	0.587712	2.175849	10.091060	7.018544	0	0
conventional	ce466	201	0	29.592382	0	14	7	6.765401	4.333889	11.223588	7.269504	0.224369	0
conventional	ce467	201	0	23.188355	0	14	7	6.065308	1.656141	8.733516	6.733390	0.988866	0
conventional	ce468	201	0	24.987777	0	14	7	4.175078	3.279671	9.546307	7.986721	0	0
conventional	ce469	201	0	20.856809	0	14	7	0.990450	5.925121	6.635544	7.305694	0.429709	0
holistic	he406	202	0	0	0	0	2	0	0	0	0	1.463024	0
holistic	he407	202	0	0	0	0	4	0	0	0	0	0	0
holistic	he408	202	7.114371	3.253176	3	3	14	0	0	0	3.253176	0	0
conventional	ce470	202	0	22.707495	0	14	7	3.134256	6.094273	6.582478	6.896488	0	0
holistic	he409	203	0	2.404616	0	16	26	0	1.026788	1.377828	0	2.670086	0
holistic	he410	203	0	0	0	0	2	0	0	0	0	0	0
conventional	ce471	203	0	32.638008	0	14	7	7.018199	2.802966	11.339026	11.477817	0.539659	0
conventional	ce472	203	0	31.592555	0	14	7	5.668193	3.093253	10.321491	12.509618	0.988866	0
conventional	ce473	203	0.615844	17.541032	1	14	7	1.650513	3.307592	6.810311	5.772616	0.895487	0
conventional	ce474	203	0.287761	24.209510	1	14	7	3.796350	1.967768	10.597781	7.847611	0	0
holistic	he411	204	0	10.714032	0	8	8	0	0	10.714032	0	2.306074	0
holistic	he412	204	0	0	0	0	2	0	0	0	0	0	0
conventional	ce475	204	0	19.160286	0	14	7	5.010832	2.121681	7.638123	4.389650	0.988866	0
conventional	ce476	204	0.943452	26.770276	1	14	7	4.329543	2.529172	10.256777	9.654784	0	0
conventional	ce477	204	2.234218	18.276594	1	14	7	0.697057	3.146266	7.057158	7.376113	0	0
conventional	ce478	204	0	35.018924	0	14	7	1.270180	9.028682	15.279881	9.440181	1.559483	0
conventional	ce479	204	0.287699	17.464093	1	14	7	0.286744	2.809036	8.726584	5.641729	1.623969	0
conventional	ce480	204	0	15.432477	0	14	7	1.979172	1.243869	8.603571	3.605865	0	0
conventional	ce481	204	0	20.970073	0	14	7	1.504105	3.007779	9.099568	7.358621	0	0
conventional	ce482	204	0	15.325799	0	14	7	0.882582	2.174647	5.476198	6.792372	0	0
conventional	ce483	204	0.991175	16.947724	1	14	7	0.839134	3.011722	6.750625	6.346243	0.988866	0
holistic	he413	205	0	0	0	0	4	0	0	0	0	0	0
holistic	he414	205	0	0	0	0	3	0	0	0	0	0	0
holistic	he415	205	0	2.404616	0	16	26	0	1.026788	1.377828	0	2.239876	0
holistic	he416	205	3.985166	8.730054	3	8	8	0	4.772743	0	3.957311	0	0
holistic	he417	206	0	0	0	0	2	0	0	0	0	4.104388	0
holistic	he418	206	0	0	0	0	7	0	0	0	0	8.266220	0
conventional	ce484	206	0	18.935380	0	14	7	1.538415	1.799902	8.043664	7.553399	0	0
conventional	ce485	206	0	24.654594	0	14	7	3.686969	3.713856	4.679236	12.574533	0.539659	0
conventional	ce486	206	0	28.711081	0	14	7	6.837214	2.436607	12.236406	7.200854	0.988866	0
conventional	ce487	206	0	29.524977	0	14	7	4.553366	6.388128	8.432862	10.150621	0.988866	0
conventional	ce488	206	0	36.818430	0	14	7	7.115386	5.517589	13.915516	10.269939	1.614141	0
holistic	he419	207	0	0	0	0	4	0	0	0	0	0	0
holistic	he420	207	0	0	0	0	2	0	0	0	0	0	0
holistic	he421	207	0	0	0	0	3	0	0	0	0	0	0
conventional	ce489	207	0	26.376767	0	14	7	2.266557	5.653980	8.906906	9.549324	0.429709	0
conventional	ce490	207	0	20.648826	0	14	7	1.003396	1.629008	9.346171	8.670251	0.826124	0
conventional	ce491	207	0	20.821928	0	14	7	7.363547	1.004798	6.359523	6.094060	0.224369	0
holistic	he422	208	0	0	0	0	2	0	0	0	0	0	0
holistic	he423	208	0	0	0	0	3	0	0	0	0	0	0
conventional	ce492	208	0	24.912868	0	14	7	9.535701	3.412651	5.931962	6.032554	0.224369	0
conventional	ce493	208	0	22.030330	0	14	7	2.559212	2.447479	7.291215	9.732424	0.826124	0
conventional	ce494	208	0	21.700116	0	14	7	3.009961	1.792800	9.436186	7.461169	0	0
holistic	he424	209	0	0	0	0	2	0	0	0	0	0	0
holistic	he425	209	0	0	0	0	2	0	0	0	0	1.374799	0
holistic	he426	209	0	0	0	0	3	0	0	0	0	0	0
holistic	he427	209	0	0	0	0	4	0	0	0	0	0	0
holistic	he428	209	3.769579	12.694862	3	6	7	0	6.944532	0	5.750330	0	0
conventional	ce495	209	1.746750	16.575276	1	14	7	1.859643	2.104874	8.274326	4.336433	0	0
conventional	ce496	209	0	25.850363	0	14	7	4.835094	4.071396	8.258586	8.685287	0	0
holistic	he429	210	0	0	0	0	2	0	0	0	0	3.204666	0
holistic	he430	210	0	0	0	0	2	0	0	0	0	2.926048	0
holistic	he431	210	3.589620	9.116924	2	5	7	0	4.464205	0	4.652719	0	0
holistic	he432	210	2.079798	1.734389	1	1	7	0	0	0	1.734389	0	0
conventional	ce497	210	0	15.088555	0	14	7	0.866908	6.714830	4.448425	3.058392	0.622029	0
holistic	he433	211	0	0	0	0	1	0	0	0	0	0	0
holistic	he434	211	0	0	0	0	2	0	0	0	0	0	0
holistic	he435	211	0	0	0	0	2	0	0	0	0	0	0
holistic	he436	211	0	0	0	0	2	0	0	0	0	0	0
holistic	he437	212	0	4.102806	0	18	22	0	1.540182	2.562624	0	7.454328	0
holistic	he438	212	0	0	0	0	0	0	0	0	0	0	0
holistic	he439	212	0	0	0	0	3	0	0	0	0	0	0
holistic	he440	212	0	0	0	0	4	0	0	0	0	0	0
holistic	he441	212	0	0	0	0	2	0	0	0	0	1.397681	0
holistic	he442	212	4.510588	2.766508	2	2	10	0	0	0	2.766508	0	0
conventional	ce498	212	0	17.751288	0	14	7	3.103383	1.772055	7.738043	5.137807	0	0
conventional	ce499	212	0	26.627915	0	14	7	4.466579	1.030730	9.673977	11.456629	0.539659	0
holistic	he443	213	0	0	0	0	7	0	0	0	0	6.681533	0
holistic	he444	213	0	0	0	0	2	0	0	0	0	0	0
holistic	he445	213	0	0	0	0	2	0	0	0	0	0	0
holistic	he446	214	0	0	0	0	7	0	0	0	0	8.266220	0
conventional	ce500	214	0	24.375513	0	14	7	2.850755	2.090694	9.878260	9.555804	0.826124	0
holistic	he447	215	0	0	0	0	2	0	0	0	0	1.463024	0
holistic	he448	215	0	0	0	0	2	0	0	0	0	0	0
holistic	he449	215	0	0	0	0	2	0	0	0	0	2.306074	0
conventional	ce501	215	0	18.244709	0	14	7	5.050343	0.585860	8.681073	3.927433	0.988866	0
conventional	ce502	215	0	17.504811	0	14	7	1.045662	2.561375	5.825572	8.072202	0.622029	0
holistic	he450	216	4.196301	5.016543	3	3	8	0	1.738300	0	3.278243	0	0
holistic	he451	216	0	0	0	0	1	0	0	0	0	0	0
conventional	ce503	216	0.287699	18.160603	1	14	7	1.186868	2.358026	9.270960	5.344749	1.748217	0
holistic	he452	217	0	0	0	0	0	0	0	0	0	0	0
conventional	ce504	217	0.047570	26.800915	1	14	7	6.290618	2.649824	10.151540	7.708933	0	0
conventional	ce505	218	0	29.664956	0	14	7	5.574509	3.629393	11.225460	9.235594	1.614141	0
conventional	ce506	218	0	21.456449	0	14	7	1.872509	3.652916	7.627809	8.303215	1.294117	0
holistic	he453	219	0	0	0	0	0	0	0	0	0	0	0
holistic	he454	219	0	0	0	0	2	0	0	0	0	2.926048	0
holistic	he455	219	3.591114	3.591114	2	2	10	1.335820	0	0	2.255294	0	0
conventional	ce507	219	0	20.311546	0	14	7	5.847278	3.666362	7.270174	3.527732	0.224369	0
conventional	ce508	219	0	20.260949	0	14	7	0.608994	1.521955	8.592751	9.537249	0	0
holistic	he456	220	6.269499	5.912265	6	6	12	0	5.912265	0	0	0	0
holistic	he457	220	0	0	0	0	3	0	0	0	0	0	0
holistic	he458	220	0	0	0	0	2	0	0	0	0	2.926048	0
conventional	ce509	220	0.287699	17.507364	1	14	7	1.890915	3.062830	5.987161	6.566458	1.623969	0
holistic	he459	221	0	0	0	0	2	0	0	0	0	0	0
holistic	he460	221	0	0	0	0	0	0	0	0	0	0	0
holistic	he461	222	0	0	0	0	2	0	0	0	0	2.926048	0
holistic	he462	222	0	0	0	0	2	0	0	0	0	2.306074	0
holistic	he463	222	0	0	0	0	3	0	0	0	0	0	0
holistic	he464	223	0	0	0	0	2	0	0	0	0	0	0
holistic	he465	223	0	2.614939	0	9	18	0	1.283485	1.331454	0	12.423880	0
holistic	he466	223	0	0	0	0	2	0	0	0	0	0	0
conventional	ce510	223	0.287699	18.641186	1	14	7	1.269736	4.098872	9.175021	4.097557	1.623969	0
conventional	ce511	223	0	29.521594	0	14	7	7.525506	3.721111	10.275840	7.999137	0.539659	0
conventional	ce512	223	0	21.961080	0	14	7	1.767962	3.817756	9.240741	7.134621	0	0
conventional	ce513	223	0	22.040309	0	14	7	3.244881	2.581541	7.922397	8.291490	0.539659	0
holistic	he467	224	0	0	0	0	12	0	0	0	0	0	0
holistic	he468	224	0	0	0	0	4	0	0	0	0	0	0
holistic	he469	224	0	0	0	0	3	0	0	0	0	0	0
holistic	he470	224	0	0	0	0	2	0	0	0	0	3.204666	0
conventional	ce514	224	0	25.019954	0	14	7	2.373947	2.219451	10.262814	10.163742	0.826124	0
holistic	he471	225	0	0	0	0	2	0	0	0	0	0	0
holistic	he472	225	3.311076	7.593452	2	5	7	0	4.279120	0	3.314332	0	0
conventional	ce515	225	0	24.772252	0	14	7	3.956476	3.457142	9.737232	7.621402	0	0
conventional	ce516	225	0	20.630534	0	14	7	0.931254	4.873605	7.629442	7.196233	0	0
holistic	he473	226	9.021176	6.996228	4	4	18	0	0	0	6.996228	0	0
conventional	ce517	226	0	15.125047	0	14	7	2.857342	2.966976	4.222481	5.078248	0.826124	0
holistic	he474	227	0	0	0	0	3	0	0	0	0	0	0
holistic	he475	227	0	0	0	0	2	0	0	0	0	0	0
holistic	he476	227	0	0	0	0	2	0	0	0	0	1.397681	0
holistic	he477	227	0	0	0	0	1	0	0	0	0	0	0
conventional	ce518	227	0	19.928110	0	14	7	1.072956	2.877283	7.676236	8.301635	0.988866	0
conventional	ce519	227	0	20.992067	0	14	7	1.422514	2.943136	9.777447	6.848970	0.735247	0
conventional	ce520	227	1.549683	25.797085	1	14	7	6.164660	3.253216	9.520165	6.859044	2.123899	0
conventional	ce521	227	0	32.093847	0	14	7	7.890261	1.679022	12.598310	9.926254	0.524630	0
conventional	ce522	227	0	35.929704	0	14	7	9.941179	3.226619	9.705081	13.056825	0	0
holistic	he478	228	0	0	0	0	2	0	0	0	0	2.306074	0
holistic	he479	228	0	0	0	0	2	0	0	0	0	0	0
holistic	he480	228	0	2.404616	0	16	26	0	1.026788	1.377828	0	2.239876	0
conventional	ce523	228	0	12.127054	0	14	7	1.406379	2.484870	4.447097	3.788708	1.241788	0
conventional	ce524	228	0	33.659337	0	14	7	4.247613	4.803293	14.244576	10.363855	0.988866	0
conventional	ce525	229	0	18.019552	0	14	7	0.786400	4.420466	8.120350	4.692336	0	0
conventional	ce526	229	0	25.060026	0	14	7	3.956728	2.133871	11.251976	7.717451	0	0
conventional	ce527	229	0	26.965473	0	14	7	5.666094	3.736014	9.942046	7.621319	0.539659	0
holistic	he481	230	0	0	0	0	2	0	0	0	0	1.397681	0
holistic	he482	230	0	0	0	0	2	0	0	0	0	2.306074	0
holistic	he483	230	0	0	0	0	3	0	0	0	0	0	0
conventional	ce528	230	1.197836	14.163557	1	14	7	0.893361	5.203698	2.379440	5.687058	0	0
conventional	ce529	230	0	34.992177	0	14	7	8.165897	5.192167	13.218353	8.415760	0.826124	0
holistic	he484	231	0	0	0	0	2	0	0	0	0	0	0
holistic	he485	231	0	0	0	0	3	0	0	0	0	1.463024	0
conventional	ce530	231	0	23.776345	0	14	7	2.078320	6.240793	8.433522	7.023710	0	0
conventional	ce531	231	0	22.707418	0	14	7	6.273632	3.325744	9.390292	3.717750	0	0
conventional	ce532	232	0	26.187831	0	14	7	9.332921	2.463762	7.187636	7.203512	0.224369	0
holistic	he486	233	0	0	0	0	2	0	0	0	0	0	0
conventional	ce533	233	0	28.135273	0	14	7	5.028009	4.034609	10.448509	8.624146	0.539659	0
holistic	he487	234	0	0	0	0	2	0	0	0	0	0.967218	0
conventional	ce534	234	0	8.157481	0	14	7	1.521095	1.589445	3.966799	1.080142	1.241788	0
holistic	he488	235	0	0	0	0	2	0	0	0	0	3.204666	0
conventional	ce535	235	0	27.944225	0	14	7	4.303644	1.721102	9.843829	12.075650	0.539659	0
conventional	ce536	236	0	25.082105	0	14	7	4.364839	5.250955	7.248690	8.217621	0	0
conventional	ce537	236	0	22.612439	0	14	7	4.266218	2.407292	9.821098	6.117831	0.988866	0
conventional	ce538	236	0	8.592551	0	14	7	1.573666	1.588812	3.383647	2.046426	1.241788	0
holistic	he489	237	0	0	0	0	8	0	0	0	0	0	0
holistic	he490	238	0	0	0	0	2	0	0	0	0	2.926048	0
conventional	ce539	238	0	16.623030	0	14	7	0.582392	2.519007	5.953845	7.567786	0	0
holistic	he491	239	0	0	0	0	0	0	0	0	0	0	0
conventional	ce540	240	0.287699	20.836198	1	14	7	2.203424	2.934964	10.172459	5.525351	1.623969	0
conventional	ce541	240	0	19.555695	0	14	7	1.424137	2.288554	8.327472	7.515532	1.131133	0
holistic	he492	243	0	2.227248	0	16	26	0	0.806472	1.420776	0	2.239876	0
holistic	he493	243	0	0	0	0	2	0	0	0	0	2.306074	0
holistic	he494	245	0	0	0	0	26	0	0	0	0	2.239876	0
conventional	ce542	249	0	19.099138	0	14	7	4.485225	1.620422	8.116967	4.876524	0	0
conventional	ce543	250	0.287761	35.487430	1	14	7	2.114502	2.960758	16.704036	13.708134	0	0
holistic	he495	251	0	0	0	0	2	0	0	0	0	0	0
conventional	ce544	251	0	26.206042	0	14	7	5.610272	2.654803	7.963216	9.977751	0	0
conventional	ce545	251	0	26.066502	0	14	7	4.480605	2.955027	10.125453	8.505417	0	0
conventional	ce546	252	0.278794	19.262900	1	14	7	0.273242	3.734920	7.305778	7.948960	0	0
conventional	ce547	252	0.670617	31.266874	1	14	7	8.187302	2.985572	11.638963	8.455037	0	0
conventional	ce548	253	0	27.562286	0	14	7	5.364751	2.080161	9.200074	10.917300	0.524630	0
holistic	he496	254	0	0	0	0	13	0	0	0	0	0.196883	0
conventional	ce549	254	0	32.102022	0	14	7	2.699289	2.650648	10.966110	15.785975	0.539659	0
conventional	ce550	254	0	20.351768	0	14	7	4.062152	2.247752	7.823095	6.218769	0	0
holistic	he497	255	0	3.062296	0	16	26	0	1.684468	1.377828	0	2.239876	0
holistic	he498	255	2.089833	2.224834	2	2	4	0	2.224834	0	0	8.208776	0
holistic	he499	255	0	0	0	0	2	0	0	0	0	0	0
conventional	ce551	255	0	23.865094	0	14	7	0.385739	2.419366	12.288426	8.771563	1.022757	0
conventional	ce552	256	0	18.825879	0	14	7	2.130301	3.515701	6.198528	6.981349	0.268690	0
conventional	ce553	257	0	14.972124	0	14	7	0.837349	0.509105	7.820318	5.805352	0	0
conventional	ce554	257	0	25.147786	0	14	7	2.473963	6.542135	8.773495	7.358193	0	0
holistic	he500	258	0	2.573553	0	15	24	0	1.540182	1.033371	0	2.670086	0
holistic	he501	258	0	0	0	0	2	0	0	0	0	0	0
conventional	ce555	258	0	23.179466	0	14	7	7.018018	3.159827	7.917717	5.083904	0	0
conventional	ce556	258	0	26.341997	0	14	7	5.000767	2.799286	9.013960	9.527984	0	0
conventional	ce557	259	0	7.578202	0	14	7	1.333609	1.830249	2.884039	1.530305	1.241788	0
conventional	ce558	259	0	23.797275	0	14	7	2.256135	1.454477	8.305588	11.781075	0.826124	0
conventional	ce559	259	0	22.308104	0	14	7	4.098041	1.273223	9.718684	7.218156	0	0
conventional	ce560	259	0	23.035115	0	14	7	2.755783	2.346320	9.742940	8.190072	0.539659	0
conventional	ce561	261	0	18.050285	0	14	7	0.436455	2.768195	7.523453	7.322182	1.131133	0
conventional	ce562	261	0	26.653193	0	14	7	3.311921	0.846370	9.744476	12.750426	0.539659	0
holistic	he502	262	0	0	0	0	2	0	0	0	0	0	0
holistic	he503	262	5.846408	5.846408	3	3	10	1.335820	0	0	4.510588	0	0
conventional	ce563	262	0	18.728318	0	14	7	0.914893	7.262966	6.034458	4.516001	0.049128	0
holistic	he504	263	0	0	0	0	4	0	0	0	0	0	0
conventional	ce564	263	0.083388	31.359749	1	14	7	7.079977	1.721391	12.734615	9.823766	0	0
conventional	ce565	263	0	21.260840	0	14	7	6.467765	4.542277	7.717990	2.532808	0.224369	0
conventional	ce566	263	0	28.897074	0	14	7	5.499118	4.102462	9.196017	10.099477	0.826124	0
holistic	he505	264	0	0	0	0	2	0	0	0	0	1.153037	0
conventional	ce567	264	0.047570	32.329342	1	14	7	9.384481	3.816004	10.685029	8.443828	0	0
conventional	ce568	264	0	26.461124	0	14	7	2.679751	1.817726	8.758902	13.204745	0.331681	0
conventional	ce569	264	0	29.259256	0	14	7	5.425960	4.060820	9.983828	9.788648	1.614141	0
conventional	ce570	264	0	22.282087	0	14	7	2.866941	4.401903	10.832827	4.180416	0.637932	0
conventional	ce571	264	0	33.699112	0	14	7	7.338176	5.728038	12.783303	7.849595	0	0
holistic	he506	265	0	0	0	0	2	0	0	0	0	3.041348	0
holistic	he507	265	0	1.979292	0	16	26	0	0.806472	1.172820	0	1.851323	0
conventional	ce572	265	0	21.502165	0	14	7	2.513430	2.529311	7.850702	8.608722	0.524630	0
conventional	ce573	265	0	31.384445	0	14	7	8.731030	5.254176	10.848475	6.550764	0.826124	0
conventional	ce574	265	0	16.831963	0	14	7	0.334178	8.305958	5.523920	2.667907	0.622029	0
holistic	he508	266	6.099992	4.360828	4	4	3	0	4.360828	0	0	0	0
holistic	he509	266	6.332496	4.570578	2	2	15	0	0	0	4.570578	0	0
holistic	he510	266	0	0	0	0	11	0	0	0	0	0	0
holistic	he511	266	0	3.138804	0	24	26	0	1.760976	1.377828	0	0	0
conventional	ce575	266	0	31.439856	0	14	7	4.827317	4.776263	9.106472	12.729804	0.539659	0
conventional	ce576	266	0	16.842112	0	14	7	0.409431	7.500345	4.936847	3.995489	0.622029	0
conventional	ce577	266	0	19.400171	0	14	7	0.586088	3.741676	6.550060	8.522347	0	0
conventional	ce578	266	0	25.182319	0	14	7	3.685530	1.436570	10.578694	9.481525	0.826124	0
conventional	ce579	266	0.361500	26.292007	2	14	7	7.000576	2.356713	9.773857	7.160861	0	0
holistic	he512	267	0	0	0	0	3	0	0	0	0	0	0
holistic	he513	268	0	0	0	0	2	0	0	0	0	2.306074	0
conventional	ce580	268	1.746750	25.157819	1	14	7	6.563120	2.873634	9.515133	6.205932	0	0
conventional	ce581	268	0	25.783196	0	14	7	2.468410	4.066285	10.248071	9.000430	0.826124	0
holistic	he514	269	0	0	0	0	2	0	0	0	0	0	0
holistic	he515	269	0	0	0	0	2	0	0	0	0	2.306074	0
holistic	he516	269	3.029849	2.451659	1	1	7	0	0	0	2.451659	0	0
conventional	ce582	269	0	7.594599	0	14	7	1.335931	1.387449	3.810977	1.060242	3.725037	0
conventional	ce583	269	0.895590	20.718507	2	14	7	5.316092	4.968073	6.165079	4.269263	0	0
holistic	he517	270	0	0	0	0	2	0	0	0	0	0	0
holistic	he518	270	0	0	0	0	2	0	0	0	0	0	0
holistic	he519	270	0	0	0	0	2	0	0	0	0	0	0
holistic	he520	270	0	2.723032	0	16	26	0	1.684468	1.038564	0	2.239876	0
holistic	he521	270	6.765882	4.149762	3	3	16	0	0	0	4.149762	0	0
conventional	ce584	270	0	33.268367	0	14	7	5.898737	2.230836	11.896637	13.242157	0.539659	0
conventional	ce585	270	0	20.280442	0	14	7	3.690785	2.089901	7.922085	6.577671	0.152236	0
conventional	ce586	270	0.287699	25.662371	1	14	7	1.732613	3.927308	10.018010	9.984440	2.055875	0
conventional	ce587	270	1.117017	37.571183	1	14	7	11.175453	2.835567	13.895960	9.664203	0	0
holistic	he522	271	0	0	0	0	2	0	0	0	0	0	0
holistic	he523	271	0	0.845832	0	12	23	0	0	0.845832	0	0	0
holistic	he524	271	3.261382	20.580748	1	12	18	0	16.840472	0	3.740276	4.479752	0
holistic	he525	271	0	0	0	0	8	0	0	0	0	3.578890	0
conventional	ce588	271	0	19.919574	0	14	7	1.555457	4.177613	8.322600	5.863904	0	0
conventional	ce589	271	0	29.598286	0	14	7	4.735812	1.591186	10.914784	12.356504	0.539659	0
holistic	he526	272	0	0	0	0	1	0	0	0	0	0	0
holistic	he527	272	4.781223	5.928576	2	2	11	0	2.463821	0	3.464755	0	0
holistic	he528	272	0	0	0	0	3	0	0	0	0	0	0
holistic	he529	272	0	0	0	0	2	0	0	0	0	0	0
holistic	he530	272	0	1.113624	0	8	18	0	0.403236	0.710388	0	2.239876	0
conventional	ce590	272	0	26.538885	0	14	7	3.253563	2.325940	12.356051	8.603331	0	0
conventional	ce591	272	0.287699	18.072791	1	14	7	1.227894	4.556782	8.224753	4.063362	1.623969	0
conventional	ce592	272	0	25.588091	0	14	7	1.576018	2.885661	14.081407	7.045005	1.131133	0
holistic	he531	273	0	0	0	0	16	0	0	0	0	0	0
conventional	ce593	273	0.729445	21.863707	1	14	7	0.730894	7.423428	8.649795	5.059590	1.623969	0
holistic	he532	274	0	0	0	0	2	0	0	0	0	0	0
holistic	he533	274	0	0.528700	0	4	17	0	0.528700	0	0	1.937094	0
conventional	ce594	274	0.287699	19.464586	1	14	7	1.319764	4.414110	9.016193	4.714519	1.364811	0
conventional	ce595	274	0	6.335815	0	14	7	0.729110	1.019051	3.052600	1.535054	1.241788	0
conventional	ce596	274	0	25.486894	0	14	7	2.877358	4.261912	8.065904	10.281720	0	0
conventional	ce597	274	0	25.469119	0	14	7	2.605189	1.535727	9.070572	12.257631	0.539659	0
holistic	he534	275	0	0	0	0	2	0	0	0	0	4.270244	0
holistic	he535	275	3.885753	4.024580	2	2	11	0	1.308779	0	2.715801	0	0
holistic	he536	275	0	0	0	0	2	0	0	0	0	2.306074	0
holistic	he537	275	0	0	0	0	4	0	0	0	0	0	0
holistic	he538	275	0	0	0	0	3	0	0	0	0	0	0
conventional	ce598	275	0.287761	34.761619	1	14	7	2.715077	2.511584	16.018810	13.516148	0	0
conventional	ce599	275	0.670617	29.277093	1	14	7	6.385339	3.810827	10.724125	8.356802	0	0
conventional	ce600	275	0	20.610049	0	14	7	1.133311	2.211940	8.223793	9.041005	0.594886	0
conventional	ce601	275	0	31.165861	0	14	7	5.296510	4.271848	14.456059	7.141444	0.539659	0
holistic	he539	276	0	0.458194	0	4	18	0	0.421117	0.037077	0	1.981817	0
holistic	he540	276	0	1.504788	0	6	11	0	1.504788	0	0	0	0
holistic	he541	276	0	0	0	0	2	0	0	0	0	0	0
holistic	he542	277	9.562446	10.860536	4	4	11	0	3.931026	0	6.929510	0	0
holistic	he543	277	0	0	0	0	1	0	0	0	0	0	0
conventional	ce602	277	0	9.752550	0	14	7	2.223479	1.071762	4.130204	2.327105	0	0
conventional	ce603	277	0	26.988764	0	14	7	4.121624	2.026902	9.885240	10.954998	0.777433	0
conventional	ce604	277	0	21.330773	0	14	7	1.845667	7.256652	5.694730	6.533724	0	0
conventional	ce605	278	0	26.120207	0	14	7	4.308893	1.935922	9.449984	10.425408	0	0
conventional	ce606	278	0	20.964934	0	14	7	6.629680	1.108292	10.575638	2.651324	0	0
conventional	ce607	278	0	7.583374	0	14	7	0.873289	1.827120	3.688203	1.194762	0.826124	0
conventional	ce608	278	0	23.558881	0	14	7	1.485277	2.117390	9.737365	10.218849	0.826124	0
holistic	he544	279	0	0	0	0	4	0	0	0	0	0	0
holistic	he545	279	0	1.269632	0	16	26	0	0.858080	0.411552	0	1.851323	0
holistic	he546	279	0	3.431404	0	20	27	0	2.053576	1.377828	0	2.670086	0
holistic	he547	279	0	0	0	0	10	0	0	0	0	0	0
conventional	ce609	279	0	21.318241	0	14	7	1.722341	3.241516	10.564761	5.789623	0	0
conventional	ce610	279	0	26.696220	0	14	7	7.575275	5.772336	6.642225	6.706384	0.434630	0
conventional	ce611	279	0.361500	16.108421	2	14	7	0.473298	2.759428	6.859163	6.016532	0	0
conventional	ce612	279	0	20.869204	0	14	7	2.103297	4.539666	5.363603	8.862638	0	0
conventional	ce613	281	0	25.347241	0	14	7	4.282261	5.016109	7.515793	8.533078	0	0
conventional	ce614	281	0	24.910661	0	14	7	5.376402	4.211888	8.752457	6.569914	0	0
holistic	he548	282	0	0	0	0	2	0	0	0	0	0	0
holistic	he549	282	6.332496	4.570578	2	2	15	0	0	0	4.570578	0	0
conventional	ce615	282	0	19.753326	0	14	7	3.570701	4.465648	6.326245	5.390732	0	0
holistic	he550	283	0	0	0	0	6	0	0	0	0	0	0
holistic	he551	283	5.183360	6.041440	4	8	29	0	0.858080	5.183360	0	1.851323	0
conventional	ce616	283	0	31.266478	0	14	7	1.999537	2.231055	15.617742	11.418144	1.022757	0
conventional	ce617	283	0	24.642463	0	14	7	1.429235	6.979316	10.318123	5.915789	0	0
conventional	ce618	283	0	26.017579	0	14	7	7.200837	4.183183	8.487276	6.146283	0	0
holistic	he552	284	0	0	0	0	2	0	0	0	0	0	0
holistic	he553	284	4.781223	8.692556	2	3	11	0	5.227801	0	3.464755	0	0
conventional	ce619	284	0	20.204875	0	14	7	0.341667	0.591401	7.581272	11.690535	0	0
conventional	ce620	284	0	29.924853	0	14	7	7.821975	2.932049	12.054920	7.115909	0	0
holistic	he554	285	0	0	0	0	2	0	0	0	0	3.041348	0
holistic	he555	285	0	0.635292	0	6	17	0	0	0.635292	0	0	0
conventional	ce621	285	0	22.268179	0	14	7	1.554736	4.505768	8.521268	7.686407	1.022757	0
conventional	ce622	285	0	27.045914	0	14	7	4.956117	2.872475	8.523422	10.693900	0.524630	0
conventional	ce623	286	0	23.023605	0	14	7	5.455262	5.973246	7.789834	3.805263	0	0
conventional	ce624	286	0	28.307158	0	14	7	4.674458	1.982612	11.619490	10.030598	0.539659	0
holistic	he556	287	0	0	0	0	10	0	0	0	0	0	0
holistic	he557	287	0	0.528700	0	4	17	0	0.528700	0	0	1.937094	0
conventional	ce625	287	0	20.280067	0	14	7	1.478862	2.388773	8.995361	7.417071	0.988866	0
conventional	ce626	287	0	19.228677	0	14	7	0.854630	7.109534	6.125598	5.138915	0.049128	0
conventional	ce627	287	0	14.398165	0	14	7	0.345667	2.281626	6.330409	5.440463	0.594886	0
conventional	ce628	287	0	21.580867	0	14	7	7.205765	3.280380	6.598385	4.496337	0	0
conventional	ce629	287	0	25.473531	0	14	7	5.040787	1.404015	9.196555	9.832174	0.539659	0
conventional	ce630	287	0	22.495330	0	14	7	2.082971	6.090591	8.786035	5.535733	0	0
holistic	he558	288	0	0	0	0	3	0	0	0	0	0	0
holistic	he559	288	0	3.184688	0	2	9	0	0	3.184688	0	0	0
holistic	he560	288	0	3.349410	0	25	24	0	2.201220	1.148190	0	0	0
holistic	he561	288	2.287900	2.228681	2	2	4	0	2.228681	0	0	1.934436	0
holistic	he562	288	0	0	0	0	2	0	0	0	0	0	0
conventional	ce631	288	0	27.270608	0	14	7	5.928753	3.966451	8.678876	8.696528	0.539659	0
conventional	ce632	288	0	32.788913	0	14	7	7.947919	5.143684	11.967393	7.729917	0.826124	0
conventional	ce633	288	0	9.620317	0	14	7	2.223479	1.071762	3.997971	2.327105	0	0
conventional	ce634	288	0	14.305641	0	14	7	2.086229	0.570577	5.950628	5.698207	0	0
holistic	he563	289	0	0	0	0	2	0	0	0	0	2.306074	0
conventional	ce635	289	0.606763	26.995983	1	14	7	2.221110	2.412423	9.787333	12.575117	0.826124	0
conventional	ce636	289	0	47.805118	0	14	7	8.192615	3.587981	17.658546	18.365976	0.539659	0
conventional	ce637	289	0	26.073672	0	14	7	2.630264	2.713502	10.041939	10.687967	0.539659	0
holistic	he564	290	0	0	0	0	2	0	0	0	0	0	0
holistic	he565	290	0	0	0	0	20	0	0	0	0	0	0
holistic	he566	290	2.016185	1.290121	1	1	4	0	0	0	1.290121	5.852096	0
holistic	he567	290	0	0	0	0	9	0	0	0	0	0	0
holistic	he568	290	0	0.088844	0	20	23	0	0.059268	0.029576	0	0	0
conventional	ce638	290	0	26.539205	0	14	7	7.205898	5.750954	6.710153	6.872200	0.434630	0
conventional	ce639	290	0	31.563791	0	14	7	5.261819	2.154910	13.063954	11.083108	0.826124	0
conventional	ce640	290	0	17.781702	0	14	7	1.131581	5.411181	4.270525	6.968415	0.622029	0
conventional	ce641	290	0	19.803026	0	14	7	4.361862	1.975143	6.241235	7.224786	0	0
conventional	ce642	290	0.670617	33.841467	1	14	7	8.692744	1.440561	14.733160	8.975002	0	0
holistic	he569	291	0	0	0	0	3	0	0	0	0	0	0
conventional	ce643	291	0	23.216360	0	14	7	2.514538	6.446506	8.231623	6.023693	0	0
conventional	ce644	291	0	29.984691	0	14	7	4.393530	3.013692	10.250952	12.326517	0.539659	0
holistic	he570	292	0	0	0	0	2	0	0	0	0	2.306074	0
holistic	he571	292	0	0	0	0	2	0	0	0	0	0	0
holistic	he572	293	0	1.361656	0	4	17	0	1.361656	0	0	2.001127	0
holistic	he573	293	0	0	0	0	2	0	0	0	0	0	0
holistic	he574	293	5.559724	7.232013	4	16	22	0	0	4.909083	2.322930	0	0
conventional	ce645	293	0	23.586014	0	14	7	2.831660	3.915292	10.486575	6.352487	0.539659	0
conventional	ce646	293	0	7.351700	0	14	7	0.873289	1.827120	3.578087	1.073204	0.826124	0
holistic	he575	294	3.029849	2.451659	1	1	7	0	0	0	2.451659	0	0
holistic	he576	294	9.562446	9.887996	4	4	13	0	3.931026	0	5.956970	0	0
holistic	he577	294	0	0	0	0	2	0	0	0	0	0	0.370862
holistic	he578	294	0	0	0	0	3	0	0	0	0	0	0
conventional	ce647	294	0	31.470172	0	14	7	4.743705	3.687298	8.561465	14.477704	0.331681	0
conventional	ce648	294	0.462679	35.159601	1	14	7	1.563731	3.191587	15.580793	14.823490	0	0
conventional	ce649	294	0	25.138165	0	14	7	0.998131	3.568294	10.940769	9.630971	1.022757	0
conventional	ce650	295	1.117017	37.309507	1	14	7	11.712453	2.395219	14.467202	8.734633	0	0
conventional	ce651	295	0	29.192417	0	14	7	6.628807	3.314025	13.528030	5.721555	0	0
conventional	ce652	296	0.389282	24.172314	1	14	7	5.727402	4.384735	7.806440	6.253737	0.988866	0
conventional	ce653	296	0.203042	31.881969	1	14	7	8.892076	1.510551	13.449633	8.029709	0	0
conventional	ce654	296	0	11.239219	0	14	7	2.542021	1.047193	4.791779	2.858226	0	0
conventional	ce655	296	0	27.169164	0	14	7	7.757477	2.352118	11.086266	5.973303	0.826124	0
holistic	he579	297	6.332496	4.570578	2	2	15	0	0	0	4.570578	0	0
holistic	he580	297	0	0	0	0	2	0	0	0	0	4.270244	0
conventional	ce656	297	0	23.637000	0	14	7	5.080413	5.186491	6.011787	7.358309	0.331681	0
conventional	ce657	297	0.361500	13.599090	2	14	7	0.483153	1.109031	7.095706	4.911200	0	0
holistic	he581	298	0	0	0	0	2	0	0	0	0	3.459111	0
holistic	he582	298	6.040370	4.186568	2	2	15	0	0	0	4.186568	0	0
conventional	ce658	298	0	34.139302	0	14	7	4.268039	2.757212	13.107393	14.006658	0	0
conventional	ce659	298	0	24.044003	0	14	7	2.693802	1.802753	8.102695	11.444753	0.331681	0
conventional	ce660	300	0	12.331489	0	14	7	0.451327	2.322171	4.528599	5.029392	0.594886	0
conventional	ce661	300	0	15.327678	0	14	7	0.468396	2.654283	5.932522	6.272477	0	0
holistic	he583	301	0	0	0	0	8	0	0	0	0	2.819884	0
conventional	ce662	302	0	22.286475	0	14	7	5.965496	5.636205	2.980925	7.703849	0.049128	0
holistic	he584	303	0	0	0	0	2	0	0	0	0	0	0
holistic	he585	303	6.040370	4.287666	2	2	24	0	0	0	4.287666	0	0
holistic	he586	304	0	0	0	0	2	0	0	0	0	0	0
holistic	he587	305	0	0	0	0	3	0	0	0	0	0	0
holistic	he588	307	3.029849	2.451659	1	1	7	0	0	0	2.451659	0	0
conventional	ce663	307	0	22.486431	0	14	7	6.577859	4.700511	7.382207	3.825854	0	0
holistic	he589	308	0	0	0	0	4	0	0	0	0	0	0
holistic	he590	308	0	0	0	0	1	0	0	0	0	0	0
holistic	he591	308	0	0	0	0	3	0	0	0	0	0	0
conventional	ce664	308	0	34.348097	0	14	7	8.565966	6.509454	9.572506	9.700171	0	0
holistic	he592	310	0	0	0	0	2	0	0	0	0	0	0
conventional	ce665	310	0	23.922096	0	14	7	4.015234	5.694365	8.414162	5.798335	0	0
conventional	ce666	310	0.361500	39.222804	2	14	7	5.437781	5.651065	9.936506	18.197452	0	0
conventional	ce667	311	0	17.520933	0	14	7	0.510971	1.299019	6.810327	8.900616	0.594886	0
holistic	he593	312	6.040370	4.287666	2	2	26	0	0	0	4.287666	0	0
conventional	ce668	312	0	33.259921	0	14	7	7.338176	5.728038	12.890559	7.303148	0	0
conventional	ce669	312	0	25.815442	0	14	7	5.486719	1.911656	9.742820	8.674247	1.232044	0
conventional	ce670	313	0	16.607811	0	14	7	1.146981	7.851251	5.528994	2.080585	0.622029	0
conventional	ce671	314	0	30.426955	0	14	7	3.352799	2.575739	11.698689	12.799728	0	0
holistic	he594	315	0	1.979292	0	16	26	0	0.806472	1.172820	0	1.851323	0
holistic	he595	315	6.040370	4.287666	2	2	24	0	0	0	4.287666	0	0
conventional	ce672	315	0	21.428454	0	14	7	6.251399	3.434894	6.949290	4.792871	0	0
conventional	ce673	315	0	21.127124	0	14	7	4.764323	4.662358	3.764932	7.935511	0.331681	0
conventional	ce674	316	0	27.132921	0	14	7	4.059364	3.502900	8.914205	10.656452	0.331681	0
conventional	ce675	317	0.606763	25.025045	1	14	7	0.815089	1.744980	9.522220	12.942756	0.826124	0
conventional	ce676	317	0.600776	30.304089	1	14	7	1.844456	0.607079	14.174015	13.678539	1.022757	0
holistic	he596	318	0	0	0	0	1	0	0	0	0	0	0
holistic	he597	318	0	0	0	0	5	0	0	0	0	0	0
holistic	he598	318	0	0.427152	0	4	17	0	0.427152	0	0	1.937094	0
conventional	ce677	318	0	26.349987	0	14	7	2.301179	1.282316	11.830804	10.935688	0.826124	0
conventional	ce678	318	0	18.251113	0	14	7	0.453915	8.291320	6.010230	3.495648	0.622029	0
conventional	ce679	318	0.203042	35.855443	1	14	7	7.982091	0.515213	19.161627	8.196512	0	0
holistic	he599	319	6.040370	4.186568	2	2	15	0	0	0	4.186568	0	0
conventional	ce680	319	0	17.566028	0	14	7	4.715025	1.066895	5.975473	5.808635	0.351967	0
conventional	ce681	319	0	32.146889	0	14	7	7.138263	6.053010	10.905617	8.049999	0	0
holistic	he600	320	0	0	0	0	5	0	0	0	0	0	0
holistic	he601	321	0	0	0	0	7	0	0	0	0	0	0
conventional	ce682	321	1.345128	40.100091	1	14	7	14.138315	1.646188	15.470547	8.845041	0.109198	0
conventional	ce683	321	0	19.160992	0	14	7	0.299786	3.492286	9.597413	5.771507	0	0
holistic	he602	322	0	1.386628	0	8	18	0	0.676240	0.710388	0	2.239876	0
holistic	he603	322	3.932340	5.132687	2	2	11	0	1.667932	0	3.464755	0	0
conventional	ce684	322	0	34.320988	0	14	7	2.890077	1.007006	9.384668	21.039237	0.331681	0
holistic	he604	323	0	0	0	0	3	0	0	0	0	2.365558	0
conventional	ce685	323	0	16.075794	0	14	7	0.776893	1.963522	7.382272	5.953107	0.594886	0
conventional	ce686	324	0	15.162962	0	14	7	0.263231	2.743559	6.764101	5.392071	0.594886	0
conventional	ce687	324	0	21.305589	0	14	7	7.356488	2.275986	7.121665	4.551450	0	0
conventional	ce688	324	0	25.139138	0	14	7	5.873180	7.216813	5.220989	6.828156	0.049128	0
holistic	he605	325	0	0.832690	0	25	24	0	0.547240	0.285450	0	0	0
holistic	he606	325	0	0	0	0	9	0	0	0	0	0	0
conventional	ce689	325	0	25.082467	0	14	7	2.031722	4.271585	9.517071	9.262089	0	0
holistic	he607	326	0	0	0	0	9	0	0	0	0	0	0
holistic	he608	326	0	0	0	0	2	0	0	0	0	0	0
holistic	he609	326	4.076707	5.974054	3	11	21	0	2.449693	0.763948	2.760413	0	0
conventional	ce690	326	0	17.245488	0	14	7	4.650559	4.683342	6.534634	1.376953	0	0
conventional	ce691	326	0	16.249768	0	14	7	2.310018	3.588609	5.502565	4.848576	0.800777	0
conventional	ce692	326	0	27.000518	0	14	7	7.757477	2.352118	11.271169	5.619754	0.826124	0
holistic	he610	327	0	0	0	0	2	0	0	0	0	0	0
holistic	he611	328	0	0	0	0	4	0	0	0	0	4.978878	0
conventional	ce693	328	0	25.261024	0	14	7	4.179516	5.507464	9.463311	6.110733	0	0
holistic	he612	329	6.040370	3.308604	2	2	15	0	0	0	3.308604	0	0
holistic	he613	329	0	0	0	0	8	0	0	0	0	1.409942	0
holistic	he614	329	0	0	0	0	1	0	0	0	0	0	0
conventional	ce694	329	0	24.069238	0	14	7	5.491083	1.698049	9.194075	7.686031	1.232044	0
holistic	he615	330	0	0.208764	0	2	9	0	0.208764	0	0	1.937094	0
holistic	he616	330	0	0	0	0	12	0	0	0	0	0	0
holistic	he617	330	5.166652	76.190060	2	26	22	0	0	74.347420	1.842640	5.816840	0
holistic	he618	330	0	0	0	0	7	0	0	0	0	0	0
holistic	he619	330	0	0	0	0	3	0	0	0	0	0	0
conventional	ce695	330	0	36.375975	0	14	7	7.177218	6.366602	14.667407	8.164748	0	0
conventional	ce696	330	0	33.828912	0	14	7	4.468613	2.348662	13.352791	13.658846	0.539659	0
conventional	ce697	330	0	16.623174	0	14	7	1.181036	7.815322	5.449983	2.176833	0.622029	0
holistic	he620	331	0	1.136116	0	4	17	0	1.136116	0	0	0	0
conventional	ce698	331	0	26.194979	0	14	7	4.721711	2.912754	9.228470	9.332044	0.539659	0
holistic	he621	332	0	0	0	0	2	0	0	0	0	0	0
holistic	he622	332	0	0	0	0	10	0	0	0	0	0	0
holistic	he623	333	9.060555	3.171102	3	3	21	0	0	0	3.171102	0	0
conventional	ce699	333	0	21.810250	0	14	7	1.442885	1.188653	9.403707	9.775005	1.022757	0
holistic	he624	334	0	0	0	0	2	0	0	0	0	3.459111	0
holistic	he625	334	0	0	0	0	22	0	0	0	0	1.024064	0
holistic	he626	334	0	0	0	0	1	0	0	0	0	0	0
holistic	he627	334	0	0	0	0	12	0	0	0	0	0	0
conventional	ce700	334	0	21.426253	0	14	7	4.726721	5.036434	6.096726	5.566372	0	0
holistic	he628	335	6.040370	26.584720	2	18	15	0	0	22.398152	4.186568	0	0
holistic	he629	335	0	0	0	0	2	0	0	0	0	0	0
holistic	he630	335	0	0	0	0	2	0	0	0	0	0	0
holistic	he631	335	0	0	0	0	2	0	0	0	0	0	0
holistic	he632	335	0	0.952920	0	4	15	0	0	0.952920	0	0	0
conventional	ce701	335	0.361500	38.405398	2	14	7	5.207868	5.919241	10.529861	16.748428	0	0
conventional	ce702	335	0	25.076187	0	14	7	2.583460	5.180451	8.606794	8.705482	0	0
holistic	he633	336	3.526825	2.650473	1	1	18	0	0	0	2.650473	0	0
conventional	ce703	336	0	24.069228	0	14	7	6.897386	7.917718	3.917701	5.336423	0.049128	0
holistic	he634	337	3.398082	3.398082	6	6	10	2.600685	0	0.797397	0	0	0
holistic	he635	337	0	0.952920	0	4	13	0	0	0.952920	0	0	0
holistic	he636	337	5.051490	5.051490	2	2	23	0	0	0	5.051490	3.030898	0
conventional	ce704	337	0	20.107940	0	14	7	1.470153	6.749179	5.156498	6.732110	0.622029	0
conventional	ce705	337	0	26.208328	0	14	7	0.993641	2.762419	14.712542	7.739726	1.022757	0
holistic	he637	338	9.498744	6.855867	3	3	24	0	0	0	6.855867	0	0
conventional	ce706	338	0	35.437279	0	14	7	5.437623	4.502777	10.305857	15.191022	0.331681	0
conventional	ce707	338	0.203042	33.888838	1	14	7	8.664979	0.823595	19.535004	4.865260	0	0
conventional	ce708	338	0	19.047318	0	14	7	4.631266	4.090413	3.722270	6.603369	0.437085	0
conventional	ce709	338	0	16.731529	0	14	7	0.802349	2.654283	7.416705	5.858192	0	0
holistic	he638	339	0	0	0	0	3	0	0	0	0	0	0
holistic	he639	339	0	0	0	0	3	0	0	0	0	0	0
holistic	he640	339	0	0	0	0	9	0	0	0	0	0	0
holistic	he641	339	0	0	0	0	1	0	0	0	0	0	0
conventional	ce710	339	0	20.161442	0	14	7	0.867017	7.137170	6.528992	5.628263	0.049128	0
conventional	ce711	339	0	23.218737	0	14	7	4.199760	0.905388	9.995980	8.117609	1.232044	0
conventional	ce712	339	0	35.197050	0	14	7	10.167684	2.689375	15.836036	6.503955	0.826124	0
conventional	ce713	339	0	25.988132	0	14	7	3.063924	1.746959	11.190016	9.987233	0.951198	0
conventional	ce714	339	0	36.491723	0	14	7	3.688224	3.910142	14.926896	13.966461	0.864140	0
holistic	he642	340	0	0	0	0	3	0	0	0	0	2.365558	0
conventional	ce715	340	0	24.197262	0	14	7	3.474291	4.815421	8.727575	7.179975	0	0
conventional	ce716	340	0.361500	39.382978	2	14	7	5.352035	5.771983	9.556439	18.702521	0	0
conventional	ce717	340	0	17.076893	0	14	7	1.438935	7.972378	5.309503	2.356077	0.143245	0
holistic	he643	341	0	0	0	0	2	0	0	0	0	2.959773	0
conventional	ce718	341	0	16.801519	0	14	7	6.492696	2.247931	3.650957	4.409935	0.778503	0
conventional	ce719	341	0.607123	19.438577	1	14	7	4.632130	5.135349	5.662146	4.008952	0	0
conventional	ce720	341	0	31.964205	0	14	7	7.005318	5.856904	13.937710	5.164273	0	0
conventional	ce721	341	0	28.514745	0	14	7	2.526612	2.875627	12.244949	10.867557	0.539659	0
conventional	ce722	341	0	24.824171	0	14	7	5.758245	6.911286	6.133046	6.021594	0.361212	0
holistic	he644	342	0	0	0	0	2	0	0	0	0	0	0.370862
holistic	he645	342	0	0	0	0	4	0	0	0	0	3.554135	0
holistic	he646	342	0	0	0	0	1	0	0	0	0	0	0
conventional	ce723	342	0.203042	36.818016	1	14	7	9.030596	2.189135	17.404326	8.193959	0	0
holistic	he647	343	0	0	0	0	1	0	0	0	0	0	0
holistic	he648	343	2.370981	2.078766	3	3	17	0	0	2.078766	0	0	0
conventional	ce724	343	0	22.295263	0	14	7	2.351543	6.625201	8.726829	4.591690	0	0
conventional	ce725	343	0	27.500817	0	14	7	4.442133	6.942944	10.223167	5.892573	0.826124	0
conventional	ce726	344	0	21.697500	0	14	7	5.552816	5.773662	3.822258	6.548764	0.049128	0
conventional	ce727	344	0	31.063509	0	14	7	3.076630	2.799989	14.200811	10.986079	1.022757	0
conventional	ce728	344	0	28.230479	0	14	7	10.519296	2.326022	10.266677	5.118484	1.060170	0
holistic	he649	345	0	0.269913	0	3	5	0	0	0.269913	0	0	0
conventional	ce729	345	0	26.804909	0	14	7	5.361706	6.964038	7.529750	6.949415	0.413154	0
conventional	ce730	345	0	37.386946	0	14	7	7.725959	2.586182	12.758793	14.316012	0.642093	0
conventional	ce731	345	0.361500	38.006102	2	14	7	5.367912	5.417738	9.801065	17.419387	0	0
holistic	he650	346	0	0	0	0	1	0	0	0	0	0	0
conventional	ce732	346	0.606763	28.802227	1	14	7	2.699089	2.623772	9.855413	13.623953	0.114420	0
conventional	ce733	346	0	38.755479	0	14	7	4.620191	2.363235	13.938189	17.833864	0.622029	0
holistic	he651	347	0	0	0	0	1	0	0	0	0	0	0
holistic	he652	347	6.040370	14.780158	2	16	24	0	0	10.492492	4.287666	0	0
holistic	he653	347	6.040370	8.319926	2	14	18	0	0	0	8.319926	0	0
conventional	ce734	347	0	34.606621	0	14	7	5.042184	1.729255	14.045952	13.789230	0.539659	0
conventional	ce735	347	0	33.643723	0	14	7	4.273464	3.786294	9.935794	15.648171	0.331681	0
conventional	ce736	347	0.552729	28.758035	2	14	7	2.472231	3.263693	11.047400	11.974711	0	0
conventional	ce737	347	0	29.908066	0	14	7	1.914417	3.371343	13.461793	11.160513	0.539659	0
conventional	ce738	347	0	22.514771	0	14	7	1.498827	8.099565	5.678452	7.237927	1.001017	0
conventional	ce739	347	0.203042	29.138569	1	14	7	8.158394	1.281337	12.680350	7.018488	0	0
holistic	he654	348	0	0.353368	0	4	17	0	0.353368	0	0	2.439000	0
holistic	he655	348	7.577235	7.577235	3	3	20	0	0	0	7.577235	3.030898	0
conventional	ce740	348	0	20.842694	0	14	7	3.277690	3.602867	8.848533	5.113604	0	0
conventional	ce741	348	0	24.392742	0	14	7	5.165369	5.610078	4.544653	9.072642	0.331681	0
conventional	ce742	349	0	24.922159	0	14	7	5.247584	5.162991	8.193082	6.318502	0.049128	0
holistic	he656	350	0	0	0	0	3	0	0	0	0	0	0
conventional	ce743	350	0	25.015600	0	14	7	5.309079	5.350173	6.067436	8.288912	0.331681	0
holistic	he657	351	0	0	0	0	2	0	0	0	0	0	0
holistic	he658	351	0	0	0	0	2	0	0	0	0	0	0
conventional	ce744	351	0	34.273065	0	14	7	9.554734	3.355732	15.369199	5.993400	0.826124	0
conventional	ce745	351	0	30.115966	0	14	7	5.251295	6.657936	6.602666	11.604069	0.413154	0
conventional	ce746	351	0	21.128771	0	14	7	6.749354	1.640154	9.093764	3.645499	0	0
conventional	ce747	351	0	26.799529	0	14	7	5.667816	2.688925	7.535616	10.907172	0.539659	0
conventional	ce748	351	0	17.428506	0	14	7	1.264300	2.963944	5.486579	7.713683	0	0
holistic	he659	352	0	0	0	0	15	0	0	0	0	0	0
holistic	he660	353	0	0	0	0	1	0	0	0	0	0	0
holistic	he661	353	5.051490	5.051490	2	2	24	0	0	0	5.051490	4.546347	0
holistic	he662	353	0	0	0	0	4	0	0	0	0	0	0
holistic	he663	354	0	0	0	0	1	0	0	0	0	0	0
holistic	he664	354	0	0	0	0	4	0	0	0	0	0	0
holistic	he665	354	0	0	0	0	2	0	0	0	0	3.459111	0
conventional	ce749	354	0.600776	35.620365	1	14	7	1.726304	0.405746	18.086993	15.401322	1.022757	0
conventional	ce750	354	0.361500	39.032281	2	14	7	6.553988	1.435675	10.878235	20.164383	0	0
conventional	ce751	355	0	20.224265	0	14	7	1.508187	0.579057	7.742427	10.394594	0	0
conventional	ce752	356	0	38.420113	0	14	7	4.622151	3.413110	15.148155	15.236697	0.539659	0
conventional	ce753	356	0	37.288508	0	14	7	5.962779	0.727462	20.015725	10.582542	0.049128	0
holistic	he666	357	0	0	0	0	9	0	0	0	0	0	0
conventional	ce754	357	0	29.926457	0	14	7	4.811897	6.766920	12.462619	5.885021	0	0
conventional	ce755	357	0	36.323270	0	14	7	7.937125	1.427590	14.064336	12.894219	0.642093	0
conventional	ce756	357	1.345128	39.404042	1	14	7	7.585985	1.051635	21.519315	9.247107	0.109198	0
holistic	he667	358	0	0	0	0	11	0	0	0	0	3.459111	0
holistic	he668	358	0	0	0	0	2	0	0	0	0	0	0
holistic	he669	358	0	0	0	0	17	0	0	0	0	6.719628	0
conventional	ce757	358	0	25.797380	0	14	7	5.255903	4.683895	8.180557	7.677025	0.049128	0
conventional	ce758	358	0.600776	24.454571	1	14	7	4.388501	3.223657	7.966559	8.875854	1.022757	0
conventional	ce759	358	0	15.947484	0	14	7	1.948048	5.513019	7.238558	1.247859	0.622029	0
holistic	he670	359	8.968222	15.214808	2	4	17	0	0	0	15.214808	0.023679	0
conventional	ce760	359	0	35.253094	0	14	7	7.011295	7.037412	13.872086	7.332301	0.596113	0
conventional	ce761	359	0	18.462625	0	14	7	2.563659	3.401710	5.913713	6.583543	0	0
conventional	ce762	360	0	19.636586	0	14	7	4.140056	1.989718	8.048346	5.458466	0	0
holistic	he671	361	0	0.288824	0	8	8	0	0	0.288824	0	0	0
holistic	he672	361	5.211590	7.551634	2	14	18	0	0	0	7.551634	0	0
holistic	he673	362	1.978913	16.493920	1	37	17	1.732418	0	13.833988	0.927514	0	0
holistic	he674	362	0	1.429380	0	6	18	0	0	1.429380	0	0	0
conventional	ce763	362	0	27.193073	0	14	7	2.811043	9.152426	7.050012	8.179592	1.080758	0
holistic	he675	363	0	0.629158	0	2	9	0	0.629158	0	0	1.937094	0
holistic	he676	363	0	0	0	0	2	0	0	0	0	0	0
holistic	he677	363	0	0.681252	0	2	19	0	0	0.681252	0	2.239876	0
conventional	ce764	367	0.356922	38.061118	2	14	7	5.555844	2.130975	10.700141	19.674158	0	0
conventional	ce765	367	0	25.013776	0	14	7	0.428917	3.171235	12.273025	9.140599	0.594886	0
holistic	he678	368	0	0	0	0	15	0	0	0	0	0	0
holistic	he679	368	0	0	0	0	2	0	0	0	0	0	0
holistic	he680	368	0	0	0	0	3	0	0	0	0	1.182779	0
holistic	he681	369	1.978913	9.115877	1	7	14	1.385782	0	6.749735	0.980360	0	0
holistic	he682	370	6.214262	4.815102	6	6	20	0.792220	2.062074	1.960808	0	3.548337	0
conventional	ce766	370	0	26.939884	0	14	7	8.400078	5.620187	10.465223	2.454396	1.060170	0
holistic	he683	372	0	0	0	0	7	0	0	0	0	0	0
conventional	ce767	372	0	26.406477	0	14	7	4.309144	1.308982	11.517149	9.271202	0.951198	0
conventional	ce768	372	0.298598	45.698639	2	14	7	5.019044	2.298004	13.914798	24.466793	0	0
conventional	ce769	372	0	26.243149	0	14	7	4.161849	4.726941	11.806124	5.548235	0	0
holistic	he684	373	0	0	0	0	3	0	0	0	0	0	0
conventional	ce770	373	0.600776	37.501058	1	14	7	3.119920	1.488799	15.876856	17.015483	0.988226	0
conventional	ce771	373	0	39.034065	0	14	7	4.624484	1.840806	15.691953	16.876822	0.539659	0
holistic	he685	374	0	0	0	0	7	0	0	0	0	2.337677	0
conventional	ce772	374	1.389434	41.824042	1	14	7	13.912608	2.654307	13.166975	12.090152	0.301937	0
conventional	ce773	375	0	23.201325	0	14	7	4.947759	4.564826	5.551821	8.136919	0.800777	0
conventional	ce774	375	0	18.027864	0	14	7	0.741905	3.269088	8.934602	5.082269	0.594886	0
conventional	ce775	375	0	26.287305	0	14	7	1.951510	6.421783	8.096864	9.817148	0	0
holistic	he686	377	6.175559	5.321848	5	6	26	0.618168	0	2.537206	2.166474	2.439000	0
conventional	ce776	377	0	18.023870	0	14	7	0.610876	7.906077	6.009823	3.497094	0	0
holistic	he687	378	0.227793	0.331985	1	1	40	0	0.331985	0	0	0	0
conventional	ce777	378	0	25.640515	0	14	7	7.726838	1.991305	9.661058	6.261314	0	0
conventional	ce778	378	0.606763	30.738833	1	14	7	3.093856	3.039962	11.512579	13.092436	0.114420	0
conventional	ce779	378	0	20.094685	0	14	7	4.251745	3.651946	7.381758	4.809236	0	0
holistic	he688	379	0	0	0	0	2	0	0	0	0	0	0
holistic	he689	381	0	0	0	0	3	0	0	0	0	2.365558	0
conventional	ce780	381	0.563875	33.315014	1	14	7	5.374619	4.935632	11.728664	11.276099	1.273180	0
holistic	he690	382	0	0	0	0	2	0	0	0	0	0	0
holistic	he691	383	0	0	0	0	7	0	0	0	0	0	0
conventional	ce781	383	0.600776	40.276650	1	14	7	5.314067	1.800717	16.060748	17.101118	1.869058	0
conventional	ce782	384	0	25.110617	0	14	7	3.912208	6.689546	9.513690	4.995173	0.826124	0
conventional	ce783	384	0.361500	24.188470	2	14	7	7.037596	0.838611	9.095925	7.216338	0	0
conventional	ce784	384	0.600776	42.573615	1	14	7	8.009984	1.440727	16.578592	16.544312	0.988226	0
holistic	he692	385	0	0	0	0	9	0	0	0	0	0	0
holistic	he693	385	0	0	0	0	1	0	0	0	0	0	0
holistic	he694	386	0	0	0	0	3	0	0	0	0	0	0
holistic	he695	386	0	0	0	0	1	0	0	0	0	0	0
holistic	he696	386	0	0	0	0	13	0	0	0	0	0	0
holistic	he697	386	0	0.530052	0	6	13	0	0.530052	0	0	7.317000	0
conventional	ce785	386	0	14.452306	0	14	7	2.521666	2.965675	5.590838	3.374127	0	0
conventional	ce786	386	0	21.841162	0	14	7	7.668662	2.551982	8.603960	3.016558	0	0
conventional	ce787	386	0	23.549314	0	14	7	1.200836	1.526474	10.110042	10.711962	0	0
conventional	ce788	386	0	26.313954	0	14	7	5.300226	5.830367	7.960905	7.222456	0	0
holistic	he698	387	0	0	0	0	9	0	0	0	0	0	0
conventional	ce789	388	0.767441	24.909381	1	14	7	5.275170	1.066778	11.036783	7.530650	0	0
conventional	ce790	388	0.600776	37.154352	1	14	7	3.722680	3.875305	10.399571	19.156796	0.988226	0
holistic	he699	389	9.943502	77.480070	2	32	16	0	7.057076	54.539142	15.883852	0	0
holistic	he700	389	0	0	0	0	3	0	0	0	0	0	0
conventional	ce791	389	0	26.612516	0	14	7	2.194565	4.643085	10.186918	9.587948	0.050816	0
holistic	he701	390	2.154130	16.324215	1	37	17	1.732418	0	13.833988	0.757809	0	0
holistic	he702	390	0.395836	0.653492	2	4	14	0	0.622892	0.030600	0	0	0
holistic	he703	390	2.347058	1.343222	1	1	4	0	0	0	1.343222	0	0
conventional	ce792	390	0.203042	28.503995	1	14	7	8.101553	1.181437	13.077490	6.143515	0	0
conventional	ce793	390	0	33.507263	0	14	7	5.405086	5.641879	14.489040	7.971258	0	0
conventional	ce794	391	0	17.844812	0	14	7	1.297347	7.785562	6.472998	2.288905	0.191425	0
conventional	ce795	391	0.600776	32.304533	1	14	7	3.451162	2.610446	8.387551	17.855374	0.988226	0
holistic	he704	392	5.249591	5.373440	6	6	14	1.733790	3.108052	0.531598	0	0	0
holistic	he705	392	0	0	0	0	1	0	0	0	0	0	0
holistic	he706	393	0	0.269913	0	3	4	0	0	0.269913	0	5.532168	0
holistic	he707	393	0	0	0	0	15	0	0	0	0	0	0
conventional	ce796	393	0	26.986192	0	14	7	4.643226	3.991164	9.904193	8.447609	0.049128	0
conventional	ce797	393	0	24.462224	0	14	7	2.780105	7.806908	9.146325	4.728886	0.685975	0
holistic	he708	394	0	2.144070	0	9	29	0	0	2.144070	0	0	0
holistic	he709	394	0	0	0	0	4	0	0	0	0	0	0
holistic	he710	394	0	0	0	0	12	0	0	0	0	1.598937	0
holistic	he711	394	3.993157	6.401049	4	8	17	0.007745	3.318430	3.074874	0	0	0
holistic	he712	394	0	0	0	0	2	0	0	0	0	0	0
holistic	he713	395	0	0	0	0	8	0	0	0	0	0	0
holistic	he714	395	0	1.660260	0	20	15	0	1.204788	0.455472	0	5.444904	0
holistic	he715	395	0	0	0	0	9	0	0	0	0	0	0
holistic	he716	395	0	0	0	0	7	0	0	0	0	0	0
holistic	he717	396	0	0	0	0	9	0	0	0	0	0	0
holistic	he718	397	0	0	0	0	1	0	0	0	0	0	0
holistic	he719	397	0	0.629158	0	2	9	0	0.629158	0	0	1.937094	0
holistic	he720	397	0	0	0	0	10	0	0	0	0	0	0
holistic	he721	397	0	0	0	0	6	0	0	0	0	0	0
conventional	ce798	397	0	27.230895	0	14	7	5.184994	5.994376	8.606766	7.444759	0.826124	0
conventional	ce799	397	0	31.179719	0	14	7	8.465070	6.905991	9.158524	6.650134	0.049128	0
holistic	he722	399	9.401984	8.456138	8	9	20	1.733790	4.420914	2.301434	0	0.222108	0
holistic	he723	399	6.040370	1.782714	2	2	18	0	0	0	1.782714	0	0
holistic	he724	399	8.230991	8.413011	6	6	20	2.363850	3.592545	2.456616	0	0	0
conventional	ce800	399	0.361500	43.302506	2	14	7	6.418052	2.046800	13.434140	21.403514	0	0
conventional	ce801	399	0	21.253189	0	14	7	2.563911	5.252755	7.506711	5.929812	0	0
holistic	he725	400	0	0	0	0	17	0	0	0	0	0	0
conventional	ce802	400	0	30.279311	0	14	7	5.738797	5.516588	9.999945	9.023981	0.496167	0
conventional	ce803	401	0.063570	39.680534	1	14	7	3.055527	1.419612	18.241321	16.964074	0.988226	0
conventional	ce804	401	0	17.419433	0	14	7	1.284328	2.263681	5.921034	7.950390	0	0
conventional	ce805	401	0.563875	35.812054	1	14	7	4.887204	4.020535	10.765033	16.139282	1.273180	0
holistic	he726	402	0	1.648866	0	6	18	0	0	1.648866	0	0	0
holistic	he727	402	0	0	0	0	2	0	0	0	0	0	0
holistic	he728	402	0	13.686118	0	18	22	0	0.148598	13.537520	0	0	0
holistic	he729	402	0	0	0	0	11	0	0	0	0	0	0
holistic	he730	403	0	0	0	0	2	0	0	0	0	0	0
holistic	he731	403	0	0	0	0	2	0	0	0	0	0	0
holistic	he732	403	0	0	0	0	10	0	0	0	0	0	0
holistic	he733	403	0	0	0	0	4	0	0	0	0	0	0
conventional	ce806	403	0	25.255293	0	14	7	3.175895	8.991557	8.212243	4.875598	1.065765	0
conventional	ce807	403	0	22.512530	0	14	7	4.020251	4.662520	5.202372	8.627387	0.697827	0
conventional	ce808	403	0	17.044474	0	14	7	3.049003	3.487678	3.824231	6.683562	0	0
conventional	ce809	404	0	35.018831	0	14	7	4.537377	3.726992	11.805649	14.948813	0.331681	0
holistic	he734	405	0	0	0	0	2	0	0	0	0	0	0
conventional	ce810	405	0	26.371778	0	14	7	3.910006	3.457291	10.371115	8.633366	0.496167	0
conventional	ce811	405	0.711050	45.653159	2	14	7	5.099931	1.927159	17.810537	20.815532	0	0
conventional	ce812	405	0.361500	24.730435	2	14	7	6.689816	3.235148	9.215432	5.590039	1.500119	0
holistic	he735	406	4.680323	5.112298	4	4	14	0.649923	3.481971	0.980404	0	0	0
holistic	he736	406	0	0	0	0	2	0	0	0	0	2.521048	0
holistic	he737	406	0	0	0	0	1	0	0	0	0	0	0
holistic	he738	406	0	0	0	0	4	0	0	0	0	0	0
conventional	ce813	406	1.345128	40.921602	1	14	7	6.591339	2.076577	23.724131	8.529555	0.109198	0
conventional	ce814	406	0.963196	47.310222	1	14	7	2.869796	3.077089	19.416705	21.946632	0.988226	0
conventional	ce815	406	0	23.925407	0	14	7	2.514788	7.609408	9.121223	4.679988	0.685975	0
holistic	he739	407	0	0	0	0	3	0	0	0	0	0	0
holistic	he740	407	0	0	0	0	4	0	0	0	0	0	0
holistic	he741	407	3.020185	8.633486	1	14	22	0	0.353368	6.113644	2.166474	0	0
conventional	ce816	407	0	17.566082	0	14	7	0.603129	7.860720	6.009823	3.092410	0	0
conventional	ce817	407	0	21.411738	0	14	7	0.906345	0.134759	10.822649	9.547985	0.114420	0
conventional	ce818	407	0	26.003785	0	14	7	4.991200	6.633524	9.383888	4.995173	0.826124	0
conventional	ce819	407	0	44.926859	0	14	7	8.705850	5.247583	15.566224	15.407202	0.642093	0
conventional	ce820	407	0.483263	39.288587	1	14	7	5.034795	5.625978	14.709944	13.917870	1.280102	0
holistic	he742	408	4.023510	3.048798	3	4	26	0.618168	0	0	2.430630	0	0
holistic	he743	408	1.174776	0.355443	2	2	6	0	0	0.355443	0	0	0
conventional	ce821	408	0	26.050262	0	14	7	3.836957	9.572131	9.012306	3.628868	1.065765	0
conventional	ce822	409	0.809396	33.221671	1	14	7	12.413716	2.010485	9.629866	9.167604	0.301937	0
conventional	ce823	409	0	21.522519	0	14	7	6.563662	3.656327	8.172846	3.129684	0	0
holistic	he744	410	0	0	0	0	2	0	0	0	0	0	0
holistic	he745	410	0	0	0	0	3	0	0	0	0	1.182779	0
holistic	he746	410	0	0.051722	0	1	5	0	0	0.051722	0	0	0
conventional	ce824	410	0.563875	23.901360	1	14	7	7.906760	0.420038	8.648060	6.926502	1.273180	0
conventional	ce825	410	0	25.227653	0	14	7	5.100957	1.138719	11.997106	6.990871	0.049128	0
holistic	he747	411	3.020185	1.882673	1	2	18	0	0	0	1.882673	0	0
holistic	he748	411	0	0	0	0	2	0	0	0	0	0	0
conventional	ce826	411	0	18.996671	0	14	7	0.604390	2.215529	10.880012	5.296740	0.049128	0
conventional	ce827	411	0	37.207464	0	14	7	5.322691	10.153738	11.347025	10.384010	1.065765	0
conventional	ce828	411	0	17.011230	0	14	7	1.744476	2.951953	7.487884	4.826917	0.948461	0
conventional	ce829	411	0	28.110994	0	14	7	3.836280	4.015821	14.050733	6.208160	0	0
holistic	he749	412	0	0	0	0	2	0	0	0	0	0	0
holistic	he750	413	7.037571	5.995689	6	6	22	2.647094	1.772349	1.576246	0	1.182779	0
holistic	he751	413	6.103924	5.842304	7	8	30	1.236336	0	2.175338	2.430630	0	0
holistic	he752	414	0.020650	0.924782	1	1	38	0	0.924782	0	0	0	0
holistic	he753	414	0	0	0	0	6	0	0	0	0	0	0
holistic	he754	414	0	0	0	0	6	0	0	0	0	0	0
holistic	he755	414	0	0	0	0	7	0	0	0	0	0	0
conventional	ce830	414	0	29.544713	0	14	7	4.649478	5.363807	13.168535	6.362893	0.496167	0
holistic	he756	415	0	0	0	0	1	0	0	0	0	0	1.029468
holistic	he757	416	0	0	0	0	10	0	0	0	0	0	0
holistic	he758	417	1.978913	11.913010	1	31	16	1.732418	0	9.253078	0.927514	0	0
holistic	he759	417	0	0	0	0	1	0	0	0	0	0	0
holistic	he760	417	0	0	0	0	9	0	0	0	0	0	0
conventional	ce831	417	0	23.309517	0	14	7	0.811895	1.547072	11.310938	9.639612	0.034370	0
conventional	ce832	417	0.361500	29.280149	2	14	7	6.696964	3.559747	9.914577	9.108861	1.500119	0
conventional	ce833	417	0	21.304364	0	14	7	4.394066	4.763702	4.781574	7.365022	0.768379	0
conventional	ce834	417	0.563875	41.663194	1	14	7	5.356543	4.942029	11.586427	19.778195	1.273180	0
holistic	he761	418	0	0	0	0	4	0	0	0	0	0	0
conventional	ce835	418	0.606763	27.263029	1	14	7	3.360294	2.195587	10.298656	11.408492	0.114420	0
conventional	ce836	418	1.186590	31.943582	1	14	7	10.575453	2.349325	8.679096	10.339708	1.302976	0
conventional	ce837	418	0	29.504289	0	14	7	4.251772	6.836960	12.906366	5.509191	0.826124	0
conventional	ce838	419	0	22.737613	0	14	7	1.677528	9.494111	7.139514	4.426460	0	0
conventional	ce839	420	0.593614	48.222778	2	14	7	3.113924	1.786871	20.026308	23.295675	0	0
conventional	ce840	420	0	24.510925	0	14	7	6.284035	4.737125	5.713703	7.776062	0.709492	0
holistic	he762	421	4.573570	4.573570	4	4	24	2.997324	0	1.576246	0	1.182779	0
holistic	he763	421	1.500430	71.923856	4	45	24	0	0	67.998320	3.925536	0	0
conventional	ce841	421	0	22.039440	0	14	7	2.219006	5.533628	6.313479	7.973327	0.697827	0
holistic	he764	422	0	0	0	0	2	0	0	0	0	0	0
holistic	he765	422	3.020185	4.291650	1	14	20	0	0.171552	2.247354	1.872744	2.460693	0
conventional	ce842	422	0.203042	31.280905	1	14	7	8.027207	1.569777	13.699775	7.984146	0	0
conventional	ce843	422	0	32.478739	0	14	7	4.687511	8.123174	7.179410	12.488644	0.697827	0
holistic	he766	423	0	0	0	0	9	0	0	0	0	0	0
holistic	he767	423	1.265512	3.073776	2	2	38	0	3.073776	0	0	0	0
holistic	he768	423	0	0	0	0	2	0	0	0	0	0	0
holistic	he769	423	0	0	0	0	19	0	0	0	0	0	0
conventional	ce844	423	0	25.058292	0	14	7	1.756712	0.797569	12.011640	10.492371	0.114420	0
holistic	he770	425	0	0	0	0	1	0	0	0	0	0	0
holistic	he771	426	0	0	0	0	1	0	0	0	0	0	0
conventional	ce845	427	0.963196	38.169071	1	14	7	1.738509	2.168438	12.782120	21.480004	0.988226	0
conventional	ce846	427	0	18.433941	0	14	7	3.317978	4.222658	3.497086	7.396219	0	0
holistic	he772	428	0	0	0	0	9	0	0	0	0	0	0
holistic	he773	428	0	0	0	0	1	0	0	0	0	0	0
holistic	he774	432	0	0.530052	0	6	15	0	0.530052	0	0	7.317000	0
holistic	he775	432	0	0	0	0	1	0	0	0	0	0	0
conventional	ce847	432	0	30.922264	0	14	7	5.143804	6.059218	11.799629	7.919613	0.976869	0
conventional	ce848	432	0.361500	23.431770	2	14	7	6.716694	2.013445	8.842411	5.859220	1.093208	0
conventional	ce849	433	1.349228	44.258516	1	14	7	13.254105	2.231588	15.614228	13.158595	0.248479	0
holistic	he776	434	0	0	0	0	5	0	0	0	0	0	0
conventional	ce850	434	0	26.067546	0	14	7	2.894773	6.706012	9.028618	7.438143	0.753214	0
conventional	ce851	435	0	39.026668	0	14	7	4.472297	5.043695	12.066412	17.444264	0	0
conventional	ce852	435	0	10.802740	0	14	7	2.015443	2.164092	3.622789	3.000416	0	0
conventional	ce853	435	0	32.254519	0	14	7	5.566802	7.173378	13.469218	6.045121	0.693134	0
holistic	he777	436	5.693869	4.651987	4	4	18	0	1.772349	2.879638	0	0	0
holistic	he778	437	0	0	0	0	2	0	0	0	0	0	0
conventional	ce854	437	0	33.093235	0	14	7	5.873195	7.265552	15.024695	4.929793	0.693134	0
holistic	he779	438	6.522764	6.522764	2	2	12	0	0	0	6.522764	0	0
conventional	ce855	438	0	23.608635	0	14	7	4.003810	5.084797	7.279478	7.240550	0.050816	0
conventional	ce856	438	0	24.247611	0	14	7	3.063013	2.363137	14.778299	4.043162	0	0
conventional	ce857	438	0	21.092559	0	14	7	2.160838	8.854873	6.268914	3.807934	0.793794	0
holistic	he780	439	0	0	0	0	2	0	0	0	0	0	0
holistic	he781	439	0	0	0	0	3	0	0	0	0	0	0
holistic	he782	440	0	0	0	0	5	0	0	0	0	0	0
conventional	ce858	441	0	37.106410	0	14	7	5.661757	9.943616	11.284573	10.216464	1.065765	0
holistic	he783	443	1.265512	3.073776	2	2	38	0	3.073776	0	0	0	0
holistic	he784	443	0	0	0	0	2	0	0	0	0	0	0
holistic	he785	443	0	0	0	0	1	0	0	0	0	0	0
conventional	ce859	444	0	21.041661	0	14	7	7.336566	2.551982	7.896657	3.256456	0	0
conventional	ce860	444	0	23.832705	0	14	7	0.727728	6.411111	10.619688	6.074178	0	0
conventional	ce861	444	0	26.528360	0	14	7	1.653353	1.331143	12.931585	10.612279	0.034370	0
holistic	he786	445	0	0	0	0	18	0	0	0	0	0	0
holistic	he787	445	0	0	0	0	11	0	0	0	0	0	0
holistic	he788	445	0	0	0	0	1	0	0	0	0	0	0
holistic	he789	446	2.205180	2.205180	4	4	20	0	0	2.205180	0	0	0
holistic	he790	446	0	0.530052	0	6	15	0	0.530052	0	0	7.317000	0
holistic	he791	446	0	0	0	0	16	0	0	0	0	0	0
holistic	he792	446	0	0	0	0	6	0	0	0	0	0	0
conventional	ce862	446	0	38.823413	0	14	7	2.775154	7.358782	13.107363	15.582114	0.629387	0
conventional	ce863	446	0.711050	37.550671	2	14	7	3.176180	2.734506	13.937497	17.702488	0	0
holistic	he793	447	0	0	0	0	2	0	0	0	0	0	0
conventional	ce864	447	0	42.600423	0	14	7	4.287363	6.200788	14.171026	17.941246	0	0
conventional	ce865	448	0	47.915222	0	14	7	6.166177	6.574847	11.678699	23.495499	0	0
conventional	ce866	448	0	27.007239	0	14	7	3.673548	0.985544	13.313958	9.034189	0.034370	0
holistic	he794	449	0	0	0	0	7	0	0	0	0	0	0
holistic	he795	449	0	0	0	0	11	0	0	0	0	0	0
conventional	ce867	449	0.711050	45.137332	2	14	7	6.098546	2.023085	18.058795	18.956906	0	0
conventional	ce868	449	0	26.756962	0	14	7	1.436175	2.759756	11.935288	10.625743	0.034370	0
conventional	ce869	449	0.653486	26.268254	1	14	7	7.939270	0.158935	9.391075	8.778974	0	0
holistic	he796	450	0	0	0	0	6	0	0	0	0	0	0
holistic	he797	450	0	0	0	0	26	0	0	0	0	0	0
holistic	he798	450	0	0	0	0	2	0	0	0	0	2.521048	0
holistic	he799	450	0	0	0	0	1	0	0	0	0	0	0
conventional	ce870	450	1.186590	37.796852	1	14	7	12.592051	4.210273	10.910171	10.084357	1.302976	0
conventional	ce871	450	0	39.341624	0	14	7	12.132929	2.312645	14.036826	10.859224	0.049128	0
conventional	ce872	451	0	32.812141	0	14	7	8.217693	5.735507	11.012098	7.846843	0.294080	0
conventional	ce873	451	0	23.187716	0	14	7	2.952111	10.442362	5.677554	4.115689	0.793794	0
holistic	he800	452	0	0	0	0	7	0	0	0	0	0	0
holistic	he801	452	0	0	0	0	9	0	0	0	0	0	0
holistic	he802	453	0	0.305528	0	2	4	0	0.305528	0	0	2.365558	0
conventional	ce874	453	0.563875	28.741320	1	14	7	3.722987	2.831519	7.957689	14.229125	1.273180	0
conventional	ce875	453	0.809396	36.449962	1	14	7	12.352776	4.722183	11.200931	8.174072	0.301937	0
holistic	he803	454	0	0	0	0	13	0	0	0	0	0	0
holistic	he804	454	0	0	0	0	8	0	0	0	0	0	0
holistic	he805	454	4.694024	9.352882	2	20	23	0	0	7.396296	1.956586	0	0
holistic	he806	454	0	0	0	0	9	0	0	0	0	0	0
conventional	ce876	454	0	16.900219	0	14	7	0.949952	8.332086	4.230242	3.387939	0.723064	0
holistic	he807	455	0	0	0	0	2	0	0	0	0	0	0
holistic	he808	455	4.651742	4.651742	6	6	9	0.837572	0	3.814170	0	0	0
holistic	he809	455	0	0	0	0	11	0	0	0	0	0	0
holistic	he810	455	0	0	0	0	10	0	0	0	0	0	0
holistic	he811	456	0	0	0	0	25	0	0	0	0	0	0
conventional	ce877	456	0	27.502853	0	14	7	2.361039	9.746468	10.185052	5.210294	1.065765	0
holistic	he812	457	0	0	0	0	1	0	0	0	0	0	0
holistic	he813	457	0	0	0	0	1	0	0	0	0	0	1.029468
holistic	he814	457	0	0	0	0	2	0	0	0	0	0	0
holistic	he815	457	0	0	0	0	2	0	0	0	0	0	0
conventional	ce878	457	0	17.839569	0	14	7	2.110890	3.488643	6.191620	6.048416	0	0
conventional	ce879	457	0.711050	12.035519	2	14	7	3.193024	4.699756	2.780500	1.362239	0	0
holistic	he816	458	0	0.530052	0	6	15	0	0.530052	0	0	7.317000	0
holistic	he817	459	0	0	0	0	1	0	0	0	0	0	0
conventional	ce880	459	0	19.969880	0	14	7	3.925816	2.836524	4.726331	8.481209	0.697827	0
conventional	ce881	459	0	21.106210	0	14	7	0.496398	0.283020	11.177799	9.148993	0.114420	0
conventional	ce882	459	0	12.620553	0	14	7	2.135594	2.660391	4.924655	2.899913	0.424714	0
conventional	ce883	460	1.186590	32.181266	1	14	7	11.266977	1.592585	9.625715	9.695989	0.526280	0
holistic	he818	461	0	0	0	0	2	0	0	0	0	2.521048	0
holistic	he819	461	0	0	0	0	1	0	0	0	0	0	0
conventional	ce884	461	0	19.796135	0	14	7	0.544652	1.539995	12.089988	5.621500	0	0
conventional	ce885	461	0.711050	43.650127	2	14	7	6.102569	3.570992	14.869221	19.107345	0	0
conventional	ce886	461	0	23.060092	0	14	7	1.144401	6.208350	7.532989	8.174352	0	0
holistic	he820	462	0	0	0	0	1	0	0	0	0	0	0
holistic	he821	462	0	0	0	0	16	0	0	0	0	0	0
holistic	he822	463	1.697252	4.574644	4	18	17	0.618168	0.179364	3.777112	0	7.317000	0
holistic	he823	463	2.167076	8.861125	1	14	19	0	0.114258	7.433502	1.313365	0	0
holistic	he824	463	0	0	0	0	11	0	0	0	0	0	0
holistic	he825	463	0	0	0	0	1	0	0	0	0	0	0
conventional	ce887	463	0	43.958698	0	14	7	11.172691	9.826539	14.270497	8.688971	0.976869	0
conventional	ce888	463	0	23.075521	0	14	7	0.468335	1.142048	11.048936	10.416202	0.234650	0
conventional	ce889	463	0	41.583666	0	14	7	10.117808	10.056039	13.642613	7.767206	0.508039	0
conventional	ce890	464	0	27.415070	0	14	7	4.875845	9.308731	8.895999	4.334495	0.049128	0
holistic	he826	465	0	0	0	0	0	0	0	0	0	0	0
holistic	he827	465	4.023510	3.715437	3	4	24	0.618168	0	0	3.097269	0	0
conventional	ce891	465	0	20.620343	0	14	7	2.860816	3.388314	4.849440	9.521773	0	0
conventional	ce892	465	0	25.383899	0	14	7	0.989681	0.714696	12.033285	11.646237	0.114420	0
holistic	he828	466	0	0	0	0	5	0	0	0	0	0	0
holistic	he829	466	4.293678	3.467518	3	4	18	0.618168	0	0	2.849350	0	0
holistic	he830	466	1.898268	7.992843	3	3	42	0	7.992843	0	0	0	0
conventional	ce893	466	0	41.385323	0	14	7	1.670796	5.843771	10.940014	22.930742	1.065765	0
conventional	ce894	466	0	31.335461	0	14	7	5.081996	5.315194	12.045556	8.892715	0.349430	0
holistic	he831	467	0	0	0	0	9	0	0	0	0	0	0
holistic	he832	467	0	0	0	0	1	0	0	0	0	0	0
conventional	ce895	467	0.203042	28.345257	1	14	7	7.134865	1.751922	12.346474	7.111996	0	0
conventional	ce896	467	0	25.319614	0	14	7	3.964422	2.793551	11.666803	6.894838	0.441642	0
conventional	ce897	467	0	31.661268	0	14	7	5.815471	5.185521	14.212450	6.447826	0	0
holistic	he833	468	0	0.534507	0	1	9	0.534507	0	0	0	0	0
holistic	he834	468	0	0	0	0	13	0	0	0	0	0	0
conventional	ce898	468	0	49.947563	0	14	7	6.542283	6.675933	17.360478	19.368869	0	0
holistic	he835	469	0	0	0	0	9	0	0	0	0	1.369503	0
conventional	ce899	469	0	19.235789	0	14	7	3.448402	4.293820	3.428387	8.065180	0	0
conventional	ce900	469	1.186590	37.075594	1	14	7	9.853512	3.621385	13.027087	10.573610	0.892516	0
conventional	ce901	469	0.458514	30.745660	1	14	7	5.731322	1.326897	16.173563	7.513878	0	0
holistic	he836	470	0	0	0	0	10	0	0	0	0	0	0
holistic	he837	470	0	0	0	0	9	0	0	0	0	0	0
holistic	he838	470	0	0	0	0	1	0	0	0	0	0	2.025804
holistic	he839	470	0	0	0	0	9	0	0	0	0	0	0
conventional	ce902	470	0	12.669592	0	14	7	2.280989	1.729419	3.960542	4.698642	0	0
holistic	he840	471	0	0	0	0	3	0	0	0	0	0	0
holistic	he841	471	0	0	0	0	11	0	0	0	0	0	0
conventional	ce903	471	0.711050	32.647756	2	14	7	3.272347	2.976441	15.157511	11.241457	0	0
conventional	ce904	471	0	27.809884	0	14	7	4.294734	5.395898	8.912610	9.206642	0.050816	0
conventional	ce905	471	1.186590	36.118281	1	14	7	12.592051	3.358349	11.179230	8.988651	1.302976	0
conventional	ce906	471	0.808657	42.429333	2	14	7	5.506716	2.958324	17.190688	16.773605	0	0
conventional	ce907	471	0	31.275146	0	14	7	8.118887	5.897448	14.902990	2.355821	0.693134	0
holistic	he842	472	0	0	0	0	2	0	0	0	0	0	0
holistic	he843	472	7.387801	6.345919	6	6	27	2.997324	1.772349	1.576246	0	0	0
conventional	ce908	472	0	28.585914	0	14	7	2.100419	1.196203	13.048997	12.240295	0.034370	0
holistic	he844	473	0	0	0	0	2	0	0	0	0	0	0
holistic	he845	474	0	0	0	0	1	0	0	0	0	0	0
conventional	ce909	474	0.096824	24.977925	1	14	7	2.661913	2.270710	8.288286	11.757016	1.273180	0
conventional	ce910	474	0	29.999861	0	14	7	4.376631	3.869431	11.487922	10.265877	0.034370	0
holistic	he846	475	0	0	0	0	15	0	0	0	0	0	0
holistic	he847	476	0	0	0	0	3	0	0	0	0	0	0
holistic	he848	476	0	0	0	0	7	0	0	0	0	0	0
conventional	ce911	476	0	27.067962	0	14	7	3.962546	3.624568	13.045225	6.435623	0	0
holistic	he849	477	7.969188	6.526658	4	6	24	0.618168	0	0	5.908490	0	0
holistic	he850	477	1.265512	3.073776	2	2	30	0	3.073776	0	0	0	0
conventional	ce912	477	0	46.118335	0	14	7	12.703960	9.202706	13.885624	10.326045	0.911789	0
conventional	ce913	477	0	16.059662	0	14	7	3.674618	4.400134	5.173689	2.811221	0	0
conventional	ce914	477	0	39.000188	0	14	7	9.393970	9.687163	13.354483	6.564572	0.508039	0
holistic	he851	478	0	0	0	0	7	0	0	0	0	0.663649	0
conventional	ce915	478	0.203042	25.392715	1	14	7	3.196859	3.860925	10.550212	7.784719	0	0
conventional	ce916	478	0	30.340437	0	14	7	0.614681	1.721581	18.240632	9.763543	0.234650	0
holistic	he852	480	0	0	0	0	3	0	0	0	0	0	0
holistic	he853	481	0	0	0	0	3	0	0	0	0	0	0
conventional	ce917	481	0	25.146499	0	14	7	1.015391	0.890393	8.441175	14.799540	0.114420	0
holistic	he854	482	0	0	0	0	7	0	0	0	0	0	0
conventional	ce918	482	0	31.650512	0	14	7	4.398515	6.113903	11.734932	9.403162	0.976869	0
holistic	he855	483	2.167076	27.018771	1	17	24	0	0	26.086035	0.932736	0	0
holistic	he856	483	11.091776	10.088808	8	10	36	1.779948	0	1.960808	6.348052	0	0
holistic	he857	483	0	0	0	0	1	0	0	0	0	0	0
holistic	he858	483	0.219902	0.219902	2	2	31	0.219902	0	0	0	0	0
conventional	ce919	483	1.129695	23.048591	1	14	7	2.131385	5.849719	6.795552	8.271935	0	0
holistic	he859	485	2.167076	27.166691	1	17	24	0	0	25.836025	1.330666	0	0
holistic	he860	485	0	0	0	0	7	0	0	0	0	0	0
conventional	ce920	485	0	42.046442	0	14	7	5.540889	5.340352	13.514178	17.651023	0	0
conventional	ce921	485	0	31.224110	0	14	7	7.118204	5.677380	8.576851	9.851675	0.601179	0
holistic	he861	486	0	0	0	0	16	0	0	0	0	0	0
conventional	ce922	486	0	22.601412	0	14	7	4.994989	4.251526	6.246819	7.108078	0.050816	0
conventional	ce923	487	0.203042	20.162023	1	14	7	4.361426	1.769811	6.932448	7.098338	0	0
conventional	ce924	487	0	36.754603	0	14	7	4.474312	2.314609	18.034467	11.931215	0	0
holistic	he862	488	0	0	0	0	3	0	0	0	0	0	0
holistic	he863	488	0	0	0	0	13	0	0	0	0	0	0
conventional	ce925	489	1.240680	34.935283	2	14	7	2.211776	3.679668	20.127682	8.916157	0	0
conventional	ce926	489	0	48.472734	0	14	7	13.494260	9.796944	15.110760	10.070770	2.304483	0
holistic	he864	492	0	0	0	0	17	0	0	0	0	2.654596	0
holistic	he865	492	0	0	0	0	2	0	0	0	0	0	0
conventional	ce927	492	0.711050	49.771348	2	14	7	7.811224	2.054951	20.420422	19.484751	0	0
conventional	ce928	493	0	26.408994	0	14	7	1.907229	8.987673	12.088413	3.425679	1.076984	0
holistic	he866	494	0	0	0	0	1	0	0	0	0	0	0
holistic	he867	494	0	0	0	0	2	0	0	0	0	0	0
conventional	ce929	494	0	26.420740	0	14	7	4.785675	5.487267	7.942998	8.204800	0.349430	0
conventional	ce930	495	0	33.068049	0	14	7	0.624767	3.128302	18.820366	10.494614	0.234650	0
conventional	ce931	495	0	21.602469	0	14	7	3.232456	6.691624	5.557622	6.120767	1.253204	0
conventional	ce932	495	0.351783	27.686691	1	14	7	3.591674	3.902590	13.284944	6.907483	0	0
conventional	ce933	495	0	7.828835	0	14	7	1.622535	1.940328	2.821721	1.444251	0.424714	0
conventional	ce934	496	0	15.131007	0	14	7	2.337864	2.920778	5.613899	4.258466	0	0
conventional	ce935	497	0.653486	35.388366	1	14	7	9.029940	3.153313	13.209127	9.995986	0	0
holistic	he868	498	0	0	0	0	4	0	0	0	0	0	0
conventional	ce936	498	0	57.201884	0	14	7	9.294695	7.318203	19.881356	20.707630	0	0
conventional	ce937	498	0	31.168810	0	14	7	6.592110	4.286304	9.193584	11.096812	0.349430	0
conventional	ce938	498	0.247892	13.898859	1	14	7	0.291373	4.340673	3.422209	5.844604	0.424714	0
conventional	ce939	499	0.711050	45.090919	2	14	7	7.000183	1.532375	20.410755	16.147606	0.029508	0
conventional	ce940	499	0	12.155718	0	14	7	2.442310	1.120424	3.714306	4.878678	0	0
conventional	ce941	499	0	17.477588	0	14	7	3.827646	4.318697	5.921125	3.410120	0	0
conventional	ce942	500	0	12.580610	0	14	7	0.674614	2.354963	5.475764	4.075269	1.036141	0
conventional	ce943	501	0	30.478915	0	14	7	3.468630	3.791907	7.947428	15.270950	0	0
conventional	ce944	501	0	35.848604	0	14	7	1.551076	3.855307	18.876823	11.565398	0	0
conventional	ce945	501	0	26.335940	0	14	7	3.044756	8.336910	9.719747	5.234527	1.076984	0
conventional	ce946	501	0	21.838963	0	14	7	0.118399	6.451376	9.730584	5.538604	0	0
holistic	he869	502	4.159874	1.282684	4	4	10	0	0	1.282684	0	0	0
holistic	he870	503	0	0	0	0	2	0	0	0	0	0	0
holistic	he871	503	0	0	0	0	9	0	0	0	0	0	0
conventional	ce947	504	0	10.127907	0	14	7	1.742912	2.702521	3.114269	2.568205	0.424714	0
conventional	ce948	504	0	27.965030	0	14	7	3.798246	0.247432	11.254506	12.664846	0.349430	0
holistic	he872	505	8.533848	9.161850	4	4	21	0	9.161850	0	0	0	0
holistic	he873	506	0	0	0	0	1	0	0	0	0	0	0
holistic	he874	506	0	0	0	0	10	0	0	0	0	0	0
conventional	ce949	506	0	23.418547	0	14	7	3.054467	4.890497	6.352437	9.121146	0	0
conventional	ce950	506	0	25.376648	0	14	7	1.545153	7.590582	9.589929	6.650984	1.076984	0
holistic	he875	507	0	0	0	0	3	0	0	0	0	1.369503	0
holistic	he876	507	2.330228	2.330228	4	4	28	1.733790	0	0.596438	0	1.087738	0
conventional	ce951	507	0	23.789092	0	14	7	2.080293	2.003480	11.995502	7.709817	0.234650	0
conventional	ce952	508	0	24.606450	0	14	7	1.877660	2.588229	8.022555	12.118006	0	0
holistic	he877	509	2.167076	45.481614	1	26	28	0	1.603368	42.945510	0.932736	0	0
holistic	he878	509	0	0	0	0	3	0	0	0	0	0	0
conventional	ce953	509	0	18.275956	0	14	7	3.841707	4.226132	7.514579	2.693538	0.424714	0
conventional	ce954	509	1.186590	35.480968	1	14	7	9.855550	4.604200	10.037751	10.983467	0.892516	0
conventional	ce955	509	0	31.414266	0	14	7	0.992124	2.126158	18.401193	9.894791	0.234650	0
conventional	ce956	509	0	37.053211	0	14	7	7.750969	6.536223	14.700277	8.065742	0	0
holistic	he879	510	0	0	0	0	2	0	0	0	0	2.521048	0
holistic	he880	510	0	0	0	0	3	0	0	0	0	0	0
conventional	ce957	510	1.186590	41.589373	1	14	7	15.129698	1.393554	14.484882	10.581239	1.328290	0
conventional	ce958	510	0	21.895897	0	14	7	0.555044	1.404376	10.219642	9.716835	0.234650	0
conventional	ce959	511	0	18.407792	0	14	7	0.389265	0.835492	12.649806	4.533229	0	0
conventional	ce960	511	0.864550	34.187342	2	14	7	5.146027	2.754562	13.984906	12.301847	0	0
holistic	he881	512	0	0	0	0	1	0	0	0	0	0	0
holistic	he882	512	0	0	0	0	6	0	0	0	0	0	0
conventional	ce961	513	0	14.098706	0	14	7	1.280782	3.479935	6.148834	3.189155	0.424714	0
conventional	ce962	513	1.186590	38.398067	1	14	7	9.323679	4.030566	11.005366	14.038456	0.892516	0
holistic	he883	514	0	0	0	0	1	0	0	0	0	0	0
holistic	he884	514	0	0	0	0	6	0	0	0	0	0	0
holistic	he885	514	0	0	0	0	8	0	0	0	0	0	0
holistic	he886	515	0	0	0	0	9	0	0	0	0	0	0
holistic	he887	515	0	0	0	0	9	0	0	0	0	0	0
holistic	he888	515	0	0	0	0	3	0	0	0	0	2.739006	0
holistic	he889	516	0	0	0	0	4	0	0	0	0	0	0
conventional	ce963	516	0	47.725903	0	14	7	13.160320	9.035138	14.814795	10.715650	3.148577	0
holistic	he890	517	0	0	0	0	6	0	0	0	0	0	0
holistic	he891	517	2.226408	2.226408	4	4	17	0	0	0	2.226408	11.102792	0
conventional	ce964	517	0	20.531583	0	14	7	1.124034	2.076304	11.045232	6.286013	0	0
holistic	he892	519	0	0	0	0	11	0	0	0	0	0	0
conventional	ce965	519	0	46.941834	0	14	7	12.346634	9.166221	16.481550	8.947429	1.395829	0
conventional	ce966	519	0	25.007987	0	14	7	3.147279	4.685847	7.712377	9.462484	0	0
conventional	ce967	520	0	23.764203	0	14	7	1.707917	6.632031	7.314390	8.109865	0	0
holistic	he893	521	0	0	0	0	2	0	0	0	0	0	0
conventional	ce968	521	0.351783	28.821217	1	14	7	1.021371	1.932247	15.291629	10.575970	0	0
conventional	ce969	521	0	39.038572	0	14	7	11.237019	9.539424	9.952623	8.309506	0	0
conventional	ce970	521	0.641080	40.774032	1	14	7	10.461658	4.737100	15.092913	10.482361	0.892516	0
holistic	he894	522	0	0	0	0	9	0	0	0	0	0	0
holistic	he895	523	0	0	0	0	7	0	0	0	0	0	0
holistic	he896	523	0	0	0	0	7	0	0	0	0	0	0
holistic	he897	523	0	0	0	0	8	0	0	0	0	0	0
conventional	ce971	523	1.186590	29.394967	1	14	7	0.410449	0.173987	12.440550	16.369981	0.892516	0
conventional	ce972	523	0	32.869699	0	14	7	6.100070	5.423742	11.379735	9.966152	0.349430	0
conventional	ce973	523	0.711050	33.013807	2	14	7	4.099769	2.553028	15.118504	11.242506	0.582294	0
holistic	he898	525	2.167076	39.392941	1	27	26	0	2.672280	35.787925	0.932736	0	0
holistic	he899	525	0	0	0	0	21	0	0	0	0	0	0
conventional	ce974	525	1.186590	38.053208	1	14	7	12.012865	2.812208	11.936069	11.292066	0.892516	0
conventional	ce975	525	0	15.889778	0	14	7	1.462202	4.945888	5.118975	4.362713	1.229357	0
holistic	he900	526	0	0	0	0	2	0	0	0	0	0	0
holistic	he901	526	0	0	0	0	3	0	0	0	0	0	0
conventional	ce976	526	0	14.442745	0	14	7	1.080878	2.964784	7.624946	2.772137	0	0
conventional	ce977	526	0	39.600179	0	14	7	7.087677	6.313912	12.702939	13.495651	0	0
holistic	he902	527	0	0	0	0	6	0	0	0	0	0	0
holistic	he903	527	0	0	0	0	0	0	0	0	0	0	0
holistic	he904	527	0	0	0	0	1	0	0	0	0	0	0
conventional	ce978	527	0	21.411336	0	14	7	1.284150	1.279443	8.370734	10.477009	0.234650	0
conventional	ce979	527	0.567349	31.996298	1	14	7	6.710545	1.479605	15.000948	8.805200	0	0
holistic	he905	528	0	0	0	0	3	0	0	0	0	0	0
conventional	ce980	528	0	24.840779	0	14	7	2.444053	6.466690	7.383157	8.546879	0	0
conventional	ce981	528	0	48.935360	0	14	7	12.637937	9.632560	17.546924	9.117939	1.395829	0
holistic	he906	529	0	0	0	0	3	0	0	0	0	1.369503	0
conventional	ce982	529	0	34.946310	0	14	7	4.208152	6.237360	12.185204	12.315594	0.976869	0
conventional	ce983	529	0	34.072299	0	14	7	5.018413	3.464532	8.000547	17.588807	0	0
holistic	he907	530	0	0	0	0	17	0	0	0	0	2.654596	0
holistic	he908	530	0	0	0	0	30	0	0	0	0	0	0
holistic	he909	530	0	0	0	0	1	0	0	0	0	0	0
holistic	he910	530	0	0	0	0	3	0	0	0	0	0	0
holistic	he911	530	0	0	0	0	3	0	0	0	0	0	0
conventional	ce984	530	0	31.307235	0	14	7	0.384879	1.202738	18.881277	10.838341	0.234650	0
holistic	he912	531	0	0	0	0	2	0	0	0	0	0	0
holistic	he913	531	0	0	0	0	3	0	0	0	0	0	0
holistic	he914	531	0	0	0	0	9	0	0	0	0	0	0
holistic	he915	531	4.393256	6.560309	2	5	20	0	0	4.393256	2.167053	0	0
conventional	ce985	531	0.203042	26.517763	1	14	7	3.613295	4.199368	11.866744	6.838356	0	0
conventional	ce986	531	0	13.066278	0	14	7	0.635655	2.326233	6.446165	3.658225	0	0
holistic	he916	532	0	0	0	0	2	0	0	0	0	0	0
conventional	ce987	532	0.162533	40.183622	2	14	7	6.898788	0.995720	20.220121	12.068993	0.369948	0
holistic	he917	533	5.069526	6.551214	2	2	3	0	6.551214	0	0	0	0
conventional	ce988	533	0	26.500884	0	14	7	2.479698	7.083878	6.991319	9.945989	0	0
holistic	he918	534	0	0	0	0	7	0	0	0	0	0	0
holistic	he919	534	0	0	0	0	9	0	0	0	0	0	0
conventional	ce989	534	0	27.994276	0	14	7	1.444915	4.196238	8.041214	14.311909	0	0
conventional	ce990	534	0.836461	21.611607	1	14	7	0.995954	5.559476	6.741189	8.314988	0	0
holistic	he920	535	0	0	0	0	1	0	0	0	0	0	0
holistic	he921	535	0	0	0	0	2	0	0	0	0	2.521048	0
holistic	he922	535	1.568832	1.568832	4	4	28	0.972394	0	0.596438	0	1.087738	0
conventional	ce991	535	0	45.124665	0	14	7	13.693127	8.393399	11.337459	11.700680	0	0
holistic	he923	536	0	0	0	0	1	0	0	0	0	0	0
conventional	ce992	536	0.796197	44.332047	1	14	7	11.473610	9.841967	14.420549	8.595921	1.395829	0
holistic	he924	537	0	0	0	0	9	0	0	0	0	0	0
conventional	ce993	537	1.206025	34.543902	1	14	7	8.273899	3.649807	9.380487	13.239709	0.892516	0
conventional	ce994	537	0	40.735047	0	14	7	8.174302	5.473533	15.693071	11.394141	0	0
conventional	ce995	537	0.836461	22.087888	1	14	7	5.060813	4.722849	9.070901	3.233325	0	0
holistic	he925	538	0	0	0	0	10	0	0	0	0	4.866200	0
conventional	ce996	538	0.606114	50.478101	2	14	7	8.044761	1.637633	20.491386	20.304321	0	0
conventional	ce997	538	0	16.859459	0	14	7	1.681918	1.229280	9.785009	4.163252	0	0
holistic	he926	540	1.580563	16.865243	1	14	24	0	0	14.667360	2.197883	0	0
conventional	ce998	540	0	50.308086	0	14	7	15.145518	8.450801	18.590684	8.121083	2.304483	0
conventional	ce999	540	0.571721	31.200708	1	14	7	7.253644	3.232029	12.465390	8.249645	0	0
holistic	he927	541	0	0	0	0	3	0	0	0	0	1.369503	0
holistic	he928	542	0	0	0	0	7	0	0	0	0	0	0
conventional	ce1000	542	0	37.891018	0	14	7	3.776608	4.391750	14.874600	14.848060	0	0
conventional	ce1001	542	0.836461	34.078360	1	14	7	2.208854	7.755094	12.354174	11.760238	0	0
holistic	he929	543	0	0	0	0	7	0	0	0	0	0	0
holistic	he930	543	0.556602	0.556602	1	1	8	0	0	0	0.556602	2.775698	0
holistic	he931	543	0	0	0	0	1	0	0	0	0	0	0
holistic	he932	543	0	0	0	0	1	0	0	0	0	0	0
holistic	he933	545	1.379810	1.379810	4	4	26	0.783372	0	0.596438	0	1.087738	0
holistic	he934	545	0	0	0	0	2	0	0	0	0	0	0
conventional	ce1002	545	0	8.148101	0	14	7	0.200212	0.800066	4.762890	2.384933	1.036141	0
conventional	ce1003	545	0	44.720101	0	14	7	11.500810	9.378672	14.375579	9.465040	0	0
conventional	ce1004	545	0.162533	37.486215	2	14	7	4.816417	1.808450	20.665393	10.195955	0.191823	0
holistic	he935	546	4.393256	6.560309	2	5	20	0	0	4.393256	2.167053	0	0
conventional	ce1005	546	0	23.397566	0	14	7	5.656659	3.902229	10.051386	3.787292	0.583952	0
conventional	ce1006	546	0.641080	39.474094	1	14	7	10.332452	4.153184	13.132634	11.855824	0.490453	0
conventional	ce1007	546	0.711050	47.131410	2	14	7	8.636040	2.341770	20.996752	15.156848	0.029508	0
holistic	he936	547	0	0	0	0	6	0	0	0	0	0	0
holistic	he937	548	4.266924	4.008793	2	2	18	0	4.008793	0	0	0	0
holistic	he938	549	0.951109	16.451379	1	15	24	0.027717	0	14.855720	1.567942	0	0
conventional	ce1008	549	0	16.559422	0	14	7	3.788649	4.355358	5.004052	3.411363	0	0
conventional	ce1009	549	0.711050	54.842261	2	14	7	9.373488	4.310069	27.717923	13.440781	0.029508	0
conventional	ce1010	551	0	22.334262	0	14	7	4.538252	4.773838	6.188595	6.833577	0.349430	0
holistic	he939	552	0	0	0	0	11	0	0	0	0	0	0
holistic	he940	552	0	0	0	0	2	0	0	0	0	0	0
holistic	he941	552	0	0	0	0	0	0	0	0	0	0	0
conventional	ce1011	552	0.864550	38.604290	2	14	7	12.131288	5.833593	10.775512	9.863897	0	0
holistic	he942	553	0	0	0	0	2	0	0	0	0	0	0
conventional	ce1012	553	1.186590	36.963772	1	14	7	13.544767	1.368574	12.371312	9.679119	4.391661	0
holistic	he943	554	0	0	0	0	2	0	0	0	0	1.559778	0
holistic	he944	554	0	0	0	0	9	0	0	0	0	0	0
conventional	ce1013	554	0.606114	56.132360	2	14	7	8.361995	3.577974	20.358434	23.833957	0	0
conventional	ce1014	555	0.528728	42.578133	2	14	7	5.712797	1.037953	24.072614	11.754769	0.191823	0
conventional	ce1015	555	0	32.590544	0	14	7	6.483516	6.829215	9.854802	9.423011	0.349430	0
holistic	he945	556	2.534763	3.461494	1	1	6	0	3.461494	0	0	0	0
conventional	ce1016	558	0	27.289038	0	14	7	2.316672	1.094731	15.850534	8.027101	0	0
conventional	ce1017	559	0	22.001523	0	14	7	2.190898	2.036850	10.423143	7.350632	0.907747	0
conventional	ce1018	559	0	40.838253	0	14	7	12.475200	6.838311	8.057776	13.466966	0	0
conventional	ce1019	560	0.664056	37.584236	2	14	7	4.907917	3.561782	15.235464	13.879073	1.416837	0
conventional	ce1020	561	0	40.188200	0	14	7	8.751005	3.881914	15.438444	12.116837	0	0
conventional	ce1021	561	0	22.989892	0	14	7	1.202852	2.139354	13.409784	6.237902	0	0
conventional	ce1022	561	0	18.975592	0	14	7	0.992984	0.828699	12.595312	4.558597	0	0
conventional	ce1023	561	0	32.392794	0	14	7	4.851693	3.725233	8.066326	15.749542	0	0
conventional	ce1024	562	0	36.113299	0	14	7	2.385563	4.958168	14.334102	14.435466	0.971916	0
holistic	he946	563	0	0	0	0	3	0	0	0	0	0	0
conventional	ce1025	563	0	49.572259	0	14	7	10.528076	9.189073	18.269688	11.585422	1.593625	0
holistic	he947	565	0	0	0	0	0	0	0	0	0	0	0
holistic	he948	566	0	0	0	0	2	0	0	0	0	0.422208	0
holistic	he949	566	0	0	0	0	3	0	0	0	0	0	0
holistic	he950	566	0	0	0	0	1	0	0	0	0	0	0
conventional	ce1026	566	0	17.118913	0	14	7	3.859250	3.239077	3.655581	6.365005	0.953634	0
holistic	he951	567	0	0	0	0	7	0	0	0	0	0	0
holistic	he952	567	0	0	0	0	15	0	0	0	0	0	0
conventional	ce1027	567	0	38.983480	0	14	7	10.955620	9.516750	8.389907	10.121203	0	0
holistic	he953	568	1.136663	1.136663	1	1	12	0	0	1.136663	0	0	0
conventional	ce1028	568	0	31.054867	0	14	7	2.184426	0.172118	14.238951	14.459372	0.234650	0
holistic	he954	569	0	7.253555	0	5	22	0	0	7.253555	0	0	0
holistic	he955	569	0	0	0	0	3	0	0	0	0	0	0
conventional	ce1029	569	0	40.178290	0	14	7	11.610669	10.216172	6.775061	11.576388	0	0
conventional	ce1030	569	0.664056	41.199947	2	14	7	4.143706	4.701029	17.886313	14.468899	1.793779	0
conventional	ce1031	569	0	32.148801	0	14	7	6.323603	5.572043	9.600176	10.652979	0	0
conventional	ce1032	569	0	25.964787	0	14	7	2.316672	1.636284	14.220899	7.790932	0.424714	0
conventional	ce1033	569	0.606114	48.869956	2	14	7	9.957842	6.948761	10.951427	21.011926	0	0
holistic	he956	570	0	0	0	0	8	0	0	0	0	0	0
holistic	he957	570	0	0	0	0	11	0	0	0	0	0	0
holistic	he958	570	0	0	0	0	1	0	0	0	0	0	0
conventional	ce1034	570	0	25.526425	0	14	7	6.713749	5.703260	6.367518	6.741898	0.349430	0
conventional	ce1035	570	0.641080	43.063778	1	14	7	11.117493	9.774341	12.441824	9.730120	0.892516	0
conventional	ce1036	571	0.230039	8.718657	1	14	7	0.109468	0.611407	5.661841	2.335941	0.847347	0
conventional	ce1037	571	0	22.631239	0	14	7	1.235453	2.451893	14.137081	4.806812	0	0
holistic	he959	572	0	0	0	0	2	0	0	0	0	0	0
holistic	he960	572	0	0	0	0	0	0	0	0	0	0	0
holistic	he961	573	0	0	0	0	2	0	0	0	0	0	0
holistic	he962	573	0	0	0	0	3	0	0	0	0	0	0
holistic	he963	573	0	0	0	0	21	0	0	0	0	0	0
conventional	ce1038	573	0	22.176117	0	14	7	3.727632	4.816447	7.324851	6.307187	0.349430	0
conventional	ce1039	573	0	27.676229	0	14	7	2.264972	0.890787	16.600274	7.920196	0.424714	0
holistic	he964	574	0	0	0	0	1	0	0	0	0	0	0
holistic	he965	574	0	0	0	0	9	0	0	0	0	0	0
holistic	he966	575	0	0	0	0	6	0	0	0	0	0	0
holistic	he967	575	0	0	0	0	15	0	0	0	0	0	0
holistic	he968	576	0	0	0	0	2	0	0	0	0	0	0
conventional	ce1040	576	0.867640	35.061300	2	14	7	4.310094	7.286867	12.507028	10.957311	0	0
holistic	he969	577	0	0	0	0	2	0	0	0	0	0	0
holistic	he970	577	0	0	0	0	30	0	0	0	0	0	0
holistic	he971	577	0	0	0	0	20	0	0	0	0	3.981894	0
holistic	he972	577	0	0	0	0	2	0	0	0	0	0	0
conventional	ce1041	577	0	27.534812	0	14	7	1.954863	6.968442	9.674323	8.937184	0	0
holistic	he973	579	0	0.069474	0	2	7	0	0	0.069474	0	0	0
conventional	ce1042	579	0	37.459125	0	14	7	7.100242	4.305512	8.985352	17.068019	0	0
conventional	ce1043	579	0.528728	42.519404	2	14	7	5.926864	2.001852	23.238909	11.351779	0.191823	0
holistic	he974	580	0	0	0	0	30	0	0	0	0	0	0
holistic	he975	580	0	0	0	0	2	0	0	0	0	0	0
conventional	ce1044	580	0	46.815673	0	14	7	6.766765	7.796010	15.389221	16.863677	0	0
holistic	he976	581	0	0	0	0	21	0	0	0	0	0	0
holistic	he977	581	0	0	0	0	0	0	0	0	0	0	0
conventional	ce1045	581	0	29.621724	0	14	7	2.974249	1.475150	17.908321	7.264004	0.004733	0
conventional	ce1046	581	0.606114	53.066486	2	14	7	8.353387	2.314472	20.955996	21.442631	0	0
holistic	he978	582	0	0	0	0	1	0	0	0	0	0	0
holistic	he979	582	0	0	0	0	9	0	0	0	0	0	0
holistic	he980	583	0	0	0	0	0	0	0	0	0	0	0
holistic	he981	583	5.069526	6.551214	2	2	3	0	6.551214	0	0	0	0
holistic	he982	583	0	0	0	0	7	0	0	0	0	0	0
conventional	ce1047	583	0.202378	35.281053	1	14	7	10.330829	5.188197	9.883512	9.878515	0.490453	0
holistic	he983	584	0	0	0	0	6	0	0	0	0	0	0
holistic	he984	585	0	0	0	0	2	0	0	0	0	0	0
holistic	he985	585	0	0	0	0	8	0	0	0	0	0	0
holistic	he986	585	0	0	0	0	11	0	0	0	0	0	0
holistic	he987	585	0	0	0	0	3	0	0	0	0	0	0
conventional	ce1048	585	0.571721	30.256986	1	14	7	6.905668	4.330928	11.399252	7.621138	0	0
holistic	he988	586	5.487937	4.958033	6	6	10	0.322554	2.259203	2.376276	0	1.911791	0
conventional	ce1049	586	0	36.889262	0	14	7	7.180613	4.968568	8.809422	15.930659	0	0
holistic	he989	587	0	0	0	0	10	0	0	0	0	0	0
holistic	he990	587	0	0	0	0	0	0	0	0	0	0	0
holistic	he991	587	0	0	0	0	2	0	0	0	0	0	0
conventional	ce1050	587	0	31.803131	0	14	7	4.826274	5.972899	9.581681	11.422277	0	0
conventional	ce1051	587	0	24.336163	0	14	7	2.951426	2.026231	7.142717	12.215789	0	0
holistic	he992	588	0	0	0	0	0	0	0	0	0	0	0
conventional	ce1052	588	0.528728	37.559414	2	14	7	8.786083	3.311386	13.087873	12.374072	0.522306	0
holistic	he993	589	0	0	0	0	1	0	0	0	0	0	0
conventional	ce1053	589	0	47.999639	0	14	7	15.561598	7.991423	17.924126	6.522492	2.304483	0
conventional	ce1054	589	0	35.233068	0	14	7	2.978860	1.142200	17.020441	14.091567	0.234650	0
holistic	he994	590	0	0	0	0	8	0	0	0	0	0	0
holistic	he995	590	0	0	0	0	3	0	0	0	0	0	0
holistic	he996	590	0	0	0	0	8	0	0	0	0	0	0
holistic	he997	590	0	0	0	0	7	0	0	0	0	0	0
holistic	he998	590	0	0	0	0	1	0	0	0	0	0	0
holistic	he999	590	0	0	0	0	2	0	0	0	0	0	0
holistic	he1000	590	0	0	0	0	1	0	0	0	0	0	0
conventional	ce1055	590	0	29.060681	0	14	7	3.437290	5.818200	9.046224	10.758967	0	0
holistic	he1001	591	0	0	0	0	28	0	0	0	0	0	0
holistic	he1002	591	0	0	0	0	5	0	0	0	0	3.082664	0
holistic	he1003	591	4.627921	4.098017	6	6	10	0.322554	2.259203	1.516260	0	2.329675	0
conventional	ce1056	591	1.259363	62.529601	1	14	7	8.881912	4.316485	18.705465	30.625739	0	0
holistic	he1004	592	3.054541	3.054541	1	1	17	0	3.054541	0	0	0	0
conventional	ce1057	592	0	24.013223	0	14	7	4.034280	4.667215	9.585992	5.725736	0	0
conventional	ce1058	592	0.713513	51.143560	2	14	7	9.672252	2.427848	18.757670	20.285790	0	0
conventional	ce1059	592	0	27.812194	0	14	7	2.351837	4.197474	13.991087	7.271796	1.794692	0
holistic	he1005	593	0	0	0	0	1	0	0	0	0	0	0
holistic	he1006	594	0	0	0	0	2	0	0	0	0	2.521048	0
holistic	he1007	594	0	0	0	0	6	0	0	0	0	0	0
holistic	he1008	594	0	0	0	0	11	0	0	0	0	0	0
holistic	he1009	594	0	0	0	0	1	0	0	0	0	0	0
conventional	ce1060	594	0.606114	48.791785	2	14	7	8.871087	5.765040	19.249680	14.905978	0.054318	0
conventional	ce1061	594	0	39.275066	0	14	7	8.904857	3.808626	14.997821	11.563762	0	0
holistic	he1010	595	0	0	0	0	9	0	0	0	0	0	0
holistic	he1011	595	0	0	0	0	1	0	0	0	0	0	0
holistic	he1012	595	0	0	0	0	2	0	0	0	0	0	0
holistic	he1013	595	4.350407	3.820503	6	6	10	0.137948	2.259203	1.423352	0	1.525173	0
conventional	ce1062	595	0	24.610497	0	14	7	2.001756	3.610208	12.231902	6.766631	0	0
holistic	he1014	596	0.983602	1.440155	1	1	6	0	1.440155	0	0	0	0
holistic	he1015	596	0	0	0	0	2	0	0	0	0	0.779889	0
conventional	ce1063	596	0.571721	40.462606	1	14	7	7.184834	1.628967	17.544005	14.104800	0.029508	0
conventional	ce1064	596	0	37.586061	0	14	7	2.307539	5.033001	15.324599	14.920922	0.971916	0
conventional	ce1065	596	1.186590	38.234027	1	14	7	12.820164	1.365722	11.839277	12.208864	5.510867	0
holistic	he1016	597	0	0	0	0	7	0	0	0	0	0	0
holistic	he1017	597	0	0	0	0	2	0	0	0	0	0	0
conventional	ce1066	597	0	24.675228	0	14	7	1.440814	1.575512	13.957169	7.701733	0.535695	0
holistic	he1018	598	0	0	0	0	16	0	0	0	0	0	0
conventional	ce1067	598	0.606114	47.865786	2	14	7	10.332543	7.106074	10.507875	19.919294	0.643497	0
conventional	ce1068	598	0	41.201463	0	14	7	8.601465	4.150623	15.718493	12.730882	0	0
