population	name	born	g1	g2	n1	n2	ns	g2_contact	g2_height	g2_up	g2_joint	g1_other	g1_vel
holistic	h0-0	-55	0	0	0	0	0	0	0	0	0	0	0
holistic	h0-1	-44	4.268034	18.318870	6	39	11	0	0	14.285556	4.033314	0	13.071795
holistic	h0-2	-53	0.032895	0.085091	1	2	3	0	0	0	0.085091	0	0
holistic	h0-3	-27	0	2.298969	0	2	5	0	2.298969	0	0	0	0
holistic	h0-4	-45	0	0	0	0	5	0	0	0	0	0	0
holistic	h0-5	-48	2.359340	2.080544	3	7	5	0	0.407917	1.672627	0	0	0
holistic	h0-6	-25	0	0	0	0	0	0	0	0	0	0	1.750316
holistic	h0-7	-47	0	0	0	0	0	0	0	0	0	0	0
holistic	h0-8	-7	1.622526	1.622526	3	3	3	1.622526	0	0	0	0	0
holistic	h0-9	-57	0	0	0	0	7	0	0	0	0	0	0
holistic	h0-10	-37	1.241488	5.051718	4	7	9	0.070608	0	3.300992	1.680118	0	0
holistic	h0-11	-22	0	0	0	0	0	0	0	0	0	0	0
holistic	h0-12	-4	0	0	0	0	0	0	0	0	0	0	0
holistic	h0-13	-48	9.314937	18.531546	10	13	16	0	0	12.355140	6.176406	5.911317	0
holistic	h0-14	-11	0	0.132180	0	2	8	0.132180	0	0	0	0	0
holistic	h0-15	-51	0.213560	5.213496	2	8	2	0	0	0	5.213496	0.076746	0.824253
holistic	h0-16	-34	0	0	0	0	0	0	0	0	0	1.674064	0
holistic	h0-17	-44	0.914422	4.833067	1	3	7	0	0	0	4.833067	0	0
holistic	h0-18	-37	0	0	0	0	2	0	0	0	0	0	0
holistic	h0-19	-49	0	0	0	0	2	0	0	0	0	0	0
holistic	h0-20	-55	0	0	0	0	2	0	0	0	0	0	0
holistic	h0-21	-26	0	0	0	0	0	0	0	0	0	0	0
holistic	h0-22	-5	0	1.192740	0	5	13	0	0	0.905094	0.287646	0	0
holistic	h0-23	-10	2.697747	30.025908	9	45	16	0	13.248504	16.777404	0	0	0
holistic	h0-24	-13	0	0	0	0	1	0	0	0	0	1.333310	0
holistic	h0-25	-21	0	0	0	0	0	0	0	0	0	0	0
holistic	h0-26	-17	0.784493	2.194228	1	2	1	0	0	0	2.194228	1.193467	0
holistic	h0-27	-14	0	0	0	0	0	0	0	0	0	0	0
holistic	h0-28	-5	0.789988	3.135673	1	5	4	0.508272	2.627401	0	0	0	1.932928
holistic	h0-29	-2	0	0	0	0	1	0	0	0	0	0	0
holistic	h0-30	-54	0	0	0	0	2	0	0	0	0	0	0
holistic	h0-31	-2	0	0	0	0	9	0	0	0	0	0	0
holistic	h0-32	-55	1.214156	1.214156	4	4	7	1.214156	0	0	0	8.505208	0
holistic	h0-33	-54	0.076756	9.276794	1	9	12	3.895052	0	1.225996	4.155746	0	0
holistic	h0-34	-26	0	0	0	0	0	0	0	0	0	0	0
holistic	h0-35	-42	1.929741	1.002444	3	3	6	0	0	0	1.002444	1.468992	0
holistic	h0-36	-50	0	0	0	0	1	0	0	0	0	0	0
holistic	h0-37	-29	0.311152	10.097236	2	6	6	0	0	0	10.097236	0	0
holistic	h0-38	-15	0	0	0	0	0	0	0	0	0	0	0
holistic	h0-39	-38	0.198572	1.245440	2	4	8	0	0	0	1.245440	0	0
holistic	h0-40	-28	0.091125	0.309660	5	5	5	0	0.309660	0	0	0.806412	0
holistic	h0-41	-35	0	0	0	0	0	0	0	0	0	0	0
holistic	h0-42	-25	0	0	0	0	2	0	0	0	0	0	0
holistic	h0-43	-56	0	0	0	0	5	0	0	0	0	0	0
holistic	h0-44	-10	9.283756	11.715551	11	12	11	1.609868	6.880072	0	3.225611	1.072998	0
holistic	h0-45	-39	0	0	0	0	2	0	0	0	0	0	0
holistic	h0-46	-16	0	0.833116	0	2	2	0	0	0	0.833116	0	0
holistic	h0-47	-34	0	0	0	0	4	0	0	0	0	0	0
holistic	h0-48	-55	0	3.552834	0	6	3	0	0	0	3.552834	5.040718	0
holistic	h0-49	-11	0	0	0	0	3	0	0	0	0	0	0
holistic	h0-50	-56	0	0	0	0	4	0	0	0	0	1.637972	0
holistic	h0-51	-41	0	0	0	0	3	0	0	0	0	0	0
holistic	h0-52	-23	0	0	0	0	12	0	0	0	0	0	0
holistic	h0-53	-26	0	0	0	0	3	0	0	0	0	0	0
holistic	h0-54	-54	1.502140	11.751202	4	24	6	0	11.751202	0	0	0	0
holistic	h0-55	-37	0.238518	0.238518	2	2	5	0	0	0	0.238518	1.922492	0
holistic	h0-56	-18	0	0	0	0	0	0	0	0	0	0	0
holistic	h0-57	-36	0	0	0	0	0	0	0	0	0	0	0
holistic	h0-58	-18	0	0	0	0	0	0	0	0	0	0	0
holistic	h0-59	-42	0.176714	0.600904	2	12	7	0	0.488146	0	0.112758	0	0
conventional	c0-0	-58	0	31.829071	0	14	7	6.648514	1.885927	13.465110	9.829520	0	0
conventional	c0-1	-22	0	10.884494	0	14	7	0.781218	2.789931	5.178477	2.134868	0	0
conventional	c0-2	-46	0	19.690246	0	14	7	0.934948	5.714801	10.305441	2.735056	0	0
conventional	c0-3	-6	0	41.891098	0	14	7	8.637870	6.512398	15.014149	11.726681	0	0
conventional	c0-4	-26	0	22.758128	0	14	7	5.435406	1.205882	9.225582	6.891258	0	0
conventional	c0-5	-17	0	28.915184	0	14	7	2.668337	5.116940	17.530889	3.599018	0	0
conventional	c0-6	-6	0	33.143980	0	14	7	1.841506	1.614122	16.967352	12.721000	0	0
conventional	c0-7	-55	0	24.318682	0	14	7	0.151566	6.399659	13.052382	4.715075	0	0
conventional	c0-8	-43	0	35.742052	0	14	7	1.893860	3.564877	20.997688	9.285627	0	0
conventional	c0-9	-50	0	36.977449	0	14	7	11.119055	5.114684	13.770985	6.972725	0	0
conventional	c0-10	-36	0	20.001403	0	14	7	4.906892	3.740785	8.294805	3.058921	0	0
conventional	c0-11	-44	0	16.169613	0	14	7	3.655887	0.868610	6.048643	5.596473	0	0
conventional	c0-12	-44	0	18.736414	0	14	7	4.725933	3.219007	9.323836	1.467638	0	0
conventional	c0-13	-14	0	32.774506	0	14	7	7.884704	3.690198	12.205877	8.993727	0	0
conventional	c0-14	-51	0	13.526258	0	14	7	1.973627	2.308854	5.454081	3.789696	0	0
conventional	c0-15	-8	0	16.894421	0	14	7	4.318715	2.839847	6.668336	3.067523	0	0
conventional	c0-16	-38	0	34.948784	0	14	7	6.850176	8.003450	10.484515	9.610643	0	0
conventional	c0-17	-26	0	29.161961	0	14	7	1.473153	2.049127	16.972698	8.666983	0	0
conventional	c0-18	-46	0	23.401552	0	14	7	4.479237	3.582233	11.808314	3.531768	0	0
conventional	c0-19	-28	0	23.967732	0	14	7	4.178680	6.251609	7.221786	6.315657	0	0
conventional	c0-20	-19	0	35.332664	0	14	7	1.487055	6.230569	14.328439	13.286601	0	0
conventional	c0-21	-59	0	20.164539	0	14	7	2.680125	0.849045	12.579950	4.055419	0	0
conventional	c0-22	-57	0	29.535474	0	14	7	1.163270	2.291786	14.217984	11.862434	0	0
conventional	c0-23	-13	0	28.912948	0	14	7	7.324682	5.624770	11.105733	4.857763	0	0
conventional	c0-24	-49	0	26.071696	0	14	7	3.064261	2.240566	9.222465	11.544404	0	0
conventional	c0-25	-40	0	28.479294	0	14	7	5.320803	4.061323	12.566649	6.530519	0	0
conventional	c0-26	-25	0	30.465807	0	14	7	8.346361	8.254833	10.286250	3.578363	0	0
conventional	c0-27	-55	0	23.147708	0	14	7	1.935088	4.460127	10.331964	6.420529	0	0
conventional	c0-28	-42	0	14.895879	0	14	7	1.812134	2.290611	5.459449	5.333685	0	0
conventional	c0-29	-38	0	19.941906	0	14	7	2.447099	1.923729	9.987724	5.583354	0	0
conventional	c0-30	-3	0	62.355254	0	14	7	7.037183	11.667584	27.517221	16.133266	0	0
conventional	c0-31	-52	0	26.598978	0	14	7	3.017763	4.661032	12.454737	6.465446	0	0
conventional	c0-32	-44	0	30.990233	0	14	7	1.498360	1.733079	13.354812	14.403982	0	0
conventional	c0-33	-27	0	16.054705	0	14	7	2.704519	2.580336	6.050641	4.719209	0	0
conventional	c0-34	-16	0	40.164697	0	14	7	6.219919	3.161563	20.476525	10.306690	0	0
conventional	c0-35	-45	0	24.087711	0	14	7	4.555287	3.578709	8.613835	7.339880	0	0
conventional	c0-36	-59	0	19.546559	0	14	7	1.611860	3.259152	9.517976	5.157571	0	0
conventional	c0-37	-45	0	24.226463	0	14	7	5.174283	0.153472	12.385058	6.513650	0	0
conventional	c0-38	-44	0	30.738911	0	14	7	3.410917	5.944347	16.180137	5.203510	0	0
conventional	c0-39	-29	0	22.770799	0	14	7	2.812064	5.024451	6.970328	7.963956	0	0
conventional	c0-40	-12	0	18.001609	0	14	7	0.917477	2.869583	9.736245	4.478304	0	0
conventional	c0-41	-15	0	31.548410	0	14	7	2.637858	5.537370	15.393249	7.979933	0	0
conventional	c0-42	-23	0	40.501212	0	14	7	7.115657	3.694290	14.445713	15.245552	0	0
conventional	c0-43	-33	0	41.195159	0	14	7	4.149412	3.782144	19.582493	13.681110	0	0
conventional	c0-44	-16	0	23.572152	0	14	7	2.158085	1.565971	12.141469	7.706627	0	0
conventional	c0-45	-44	0	17.260493	0	14	7	1.548394	1.911426	7.632014	6.168659	0	0
conventional	c0-46	-57	0	18.801453	0	14	7	1.010395	4.394485	9.396931	3.999642	0	0
conventional	c0-47	-41	0	22.062241	0	14	7	2.867865	3.945234	9.737063	5.512079	0	0
conventional	c0-48	-39	0	19.859245	0	14	7	1.539871	3.507513	5.375164	9.436697	0	0
conventional	c0-49	-50	0	30.426755	0	14	7	2.886265	9.301473	10.834388	7.404629	0	0
conventional	c0-50	-22	0	27.535781	0	14	7	2.272342	5.135301	11.671866	8.456272	0	0
conventional	c0-51	-42	0	20.604994	0	14	7	3.651688	1.197537	7.566123	8.189646	0	0
conventional	c0-52	-31	0	18.720818	0	14	7	3.793892	2.879834	9.096503	2.950589	0	0
conventional	c0-53	-56	0	23.937687	0	14	7	2.440964	1.891485	9.383947	10.221291	0	0
conventional	c0-54	-12	0	25.210190	0	14	7	2.737142	5.067560	13.558881	3.846607	0	0
conventional	c0-55	-15	0	24.028933	0	14	7	2.892185	5.559560	6.736770	8.840418	0	0
conventional	c0-56	-21	0	18.678474	0	14	7	0.017499	3.263404	7.273178	8.124393	0	0
conventional	c0-57	-24	0	13.760234	0	14	7	0.099792	5.896784	3.986490	3.777168	0	0
conventional	c0-58	-52	0	29.505436	0	14	7	1.938466	1.651051	15.852148	10.063771	0	0
conventional	c0-59	-42	0	34.704650	0	14	7	4.549251	7.255023	15.786674	7.113702	0	0
conventional	ce61	1	0	19.544320	0	14	7	1.765632	3.032674	6.127827	8.618187	0	0
conventional	ce62	1	0	18.247226	0	14	7	4.081867	2.531944	8.492037	3.141378	0	0
conventional	ce63	2	0	27.742811	0	14	7	2.550283	1.119680	15.642599	8.430249	0	0
conventional	ce64	2	0	20.039343	0	14	7	3.270614	3.084028	10.811027	2.873674	0	0
conventional	ce65	2	0	35.293921	0	14	7	7.944163	4.867316	13.052772	9.429670	0	0
conventional	ce66	2	0	34.186215	0	14	7	8.789526	8.289159	10.773162	6.334368	0	0
conventional	ce67	2	0	31.468971	0	14	7	1.599647	1.490174	18.739083	9.640067	0	0
conventional	ce68	2	0	27.770202	0	14	7	0.998371	4.027905	13.465084	9.278842	0	0
conventional	ce69	2	0	23.989707	0	14	7	4.525999	3.886160	8.613835	6.963713	0	0
holistic	he61	3	0	0	0	0	3	0	0	0	0	0	0
conventional	ce70	3	0	38.408177	0	14	7	9.295393	3.895140	14.638629	10.579015	0	0
conventional	ce71	3	0	34.324601	0	14	7	5.406344	6.754438	15.300787	6.863032	0	0
conventional	ce72	3	0	38.690270	0	14	7	3.229388	3.717196	21.519653	10.224033	0	0
conventional	ce73	3	0	28.287409	0	14	7	6.468521	3.062000	8.842768	9.914120	0	0
conventional	ce74	3	1.732764	22.416961	1	14	7	1.507939	3.618593	10.827104	6.463325	0	0
conventional	ce75	3	0	23.165727	0	14	7	5.380004	1.667631	9.190646	6.927446	0	0
conventional	ce76	3	0	29.808872	0	14	7	2.676429	6.116800	13.702478	7.313165	0	0
conventional	ce77	3	0	42.447219	0	14	7	7.481412	5.929194	16.710041	12.326572	0	0
conventional	ce78	3	0	26.599652	0	14	7	2.837131	5.302292	13.932560	4.527669	0	0
holistic	he62	4	2.359340	2.591232	3	7	5	0	0.407917	2.183315	0	0	0
holistic	he63	4	1.466121	2.950756	1	5	4	0.549492	2.401264	0	0	0	1.908306
conventional	ce79	4	0	36.355513	0	14	7	5.467343	7.642053	15.524975	7.721142	0	0
conventional	ce80	4	0	21.606479	0	14	7	1.753092	4.412456	11.513416	3.927515	0	0
conventional	ce81	4	0	33.165753	0	14	7	4.018664	7.409737	18.048658	3.688694	0	0
conventional	ce82	4	0	31.496963	0	14	7	2.795418	5.082228	14.355126	9.264191	0.164763	0
conventional	ce83	4	0	42.309245	0	14	7	5.556379	3.459507	23.145647	10.147712	0	0
conventional	ce84	4	0	36.829593	0	14	7	9.803635	4.585762	14.153660	8.286536	0	0
conventional	ce85	4	0	24.320607	0	14	7	1.074540	1.825172	13.256808	8.164087	0	0
holistic	he64	5	0.789988	2.719389	1	5	4	0.091988	2.627401	0	0	0	1.932928
holistic	he65	5	0.238518	0.238518	2	2	5	0	0	0	0.238518	1.215718	0
conventional	ce86	5	0	25.436085	0	14	7	4.028596	5.334663	9.623038	6.449788	0	0
conventional	ce87	5	0	25.696194	0	14	7	3.032589	3.286814	16.014236	3.362555	0	0
conventional	ce88	5	0	32.360816	0	14	7	1.848293	2.510949	17.105727	10.895847	0	0
conventional	ce89	5	0	14.593443	0	14	7	3.126316	2.064194	6.039741	3.363192	0	0
conventional	ce90	5	0	29.776375	0	14	7	2.556097	4.589049	14.876966	7.754263	0	0
conventional	ce91	5	0.243683	11.933510	1	14	7	0.187314	4.583546	3.786237	3.376413	0	0
conventional	ce92	5	0	40.333795	0	14	7	2.957996	3.702110	23.147951	10.525738	0	0
holistic	he66	6	1.466121	2.950756	1	5	6	0.549492	2.401264	0	0	0	1.842622
holistic	he67	6	0.789988	3.880251	1	5	4	1.252850	2.627401	0	0	0	2.307951
conventional	ce93	6	0	37.263464	0	14	7	2.719295	4.070141	23.202586	7.271442	0	0
conventional	ce94	6	0	23.513446	0	14	7	2.311813	5.354018	7.707216	8.140399	0	0
conventional	ce95	6	0	29.059337	0	14	7	3.150925	6.630988	14.131328	5.146096	0	0
conventional	ce96	6	0	35.635448	0	14	7	3.065564	3.438014	20.186218	8.945652	0	0
conventional	ce97	6	0	17.024743	0	14	7	3.203987	2.796341	8.770560	2.253855	0	0
holistic	he68	7	2.932242	12.798088	2	16	4	0.422420	12.375668	0	0	0	4.106138
conventional	ce98	7	0	22.966316	0	14	7	4.712096	7.085623	8.642144	2.526453	0	0
conventional	ce99	7	0.569633	17.615623	1	14	7	0.227580	5.790059	6.667196	4.930788	0	0
conventional	ce100	7	0	32.162025	0	14	7	2.088106	3.132925	16.849685	10.091309	0	0
holistic	he69	8	0	0	0	0	0	0	0	0	0	0	0
holistic	he70	8	3.356893	3.356893	11	11	14	0	0	2.760598	0.596295	4.806230	7.379934
conventional	ce101	8	0	36.297065	0	14	7	6.248481	8.032730	13.127569	8.888285	0	0
conventional	ce102	8	0	34.879623	0	14	7	3.605617	5.508430	17.767607	7.997969	0	0
conventional	ce103	8	0	22.945096	0	14	7	2.178143	4.690508	8.172020	7.904425	0	0
holistic	he71	9	1.466121	2.950756	1	5	4	0.549492	2.401264	0	0	0	1.591389
holistic	he72	9	1.348808	4.934944	1	5	4	0.796992	4.137952	0	0	0	1.932928
conventional	ce104	9	0	34.554909	0	14	7	1.877685	1.477841	18.686306	12.513077	0	0
conventional	ce105	9	0	30.991808	0	14	7	2.613768	5.551467	14.664529	8.162044	0	0
conventional	ce106	9	0	41.871502	0	14	7	2.013966	6.847002	21.069432	11.941102	0	0
conventional	ce107	9	0	56.826963	0	14	7	8.069831	14.247301	23.622745	10.887086	0	0
conventional	ce108	9	0	17.820542	0	14	7	2.340800	3.076853	7.954276	4.448613	0	0
conventional	ce109	9	0	28.702538	0	14	7	5.425713	5.054334	9.733543	8.488948	0	0
conventional	ce110	9	0	39.272533	0	14	7	9.205992	4.375641	15.399312	10.291588	0	0
conventional	ce111	9	0	44.837527	0	14	7	3.838358	5.067496	27.004599	8.927074	0	0
conventional	ce112	9	0	29.306978	0	14	7	2.113999	4.896228	17.746096	4.550655	0	0
conventional	ce113	9	0.798303	19.499147	1	14	7	5.728963	2.299735	8.833983	2.636466	0	0
conventional	ce114	9	0	15.567876	0	14	7	1.222854	1.945101	8.007394	4.392527	0.029303	0
conventional	ce115	9	0	30.981101	0	14	7	1.537223	3.099046	19.837115	6.507717	0	0
holistic	he73	10	0.789988	3.690897	1	5	4	1.063496	2.627401	0	0	0	1.664947
holistic	he74	10	0.789988	4.045701	1	5	4	0.825392	3.220309	0	0	0	1.932928
conventional	ce116	10	0	19.367574	0	14	7	2.044914	5.030051	4.975081	7.317528	0	0
conventional	ce117	10	0	18.631679	0	14	7	2.948271	4.448592	8.021468	3.213348	2.375828	0
conventional	ce118	10	0	32.113867	0	14	7	3.802061	1.256352	17.142706	9.912748	0	0
conventional	ce119	10	0	37.446010	0	14	7	1.206776	1.957775	18.914920	15.366539	0	0
conventional	ce120	10	0.813824	51.102935	1	14	7	7.340808	4.824263	23.083409	15.854455	0	0
holistic	he75	11	1.466121	0.240794	1	1	4	0	0.240794	0	0	0	1.802339
conventional	ce121	11	0	32.738383	0	14	7	2.040759	2.899911	19.935865	7.861848	0	0
conventional	ce122	11	0	24.848815	0	14	7	2.019211	4.477162	13.367728	4.984714	0	0
conventional	ce123	11	0	25.257141	0	14	7	3.017487	4.081613	13.252687	4.905354	0	0
conventional	ce124	11	0	23.152836	0	14	7	4.884221	4.270729	5.812638	8.185248	0	0
conventional	ce125	11	0	30.671154	0	14	7	4.007813	3.736589	17.154060	5.772692	0	0
conventional	ce126	11	0	20.307088	0	14	7	2.631682	1.865869	10.531374	5.278163	0	0
conventional	ce127	11	0	17.829456	0	14	7	3.225055	2.671276	9.742366	2.190759	0.570020	0
conventional	ce128	11	0	20.764562	0	14	7	4.578306	3.067041	10.495361	2.623854	0	0
holistic	he76	12	0	0	0	0	4	0	0	0	0	0	0
holistic	he77	12	0	0	0	0	1	0	0	0	0	0	0
holistic	he78	12	1.466121	2.958672	1	5	4	0.528302	2.430370	0	0	0	1.908306
conventional	ce129	12	0	19.536731	0	14	7	3.425868	2.377927	6.294951	7.437985	0	0
conventional	ce130	12	0	15.791642	0	14	7	1.480069	3.562640	8.324203	2.424730	0.139717	0
conventional	ce131	12	0	17.704550	0	14	7	2.386738	3.857776	5.437516	6.022520	0	0
conventional	ce132	12	0.875444	35.783747	1	14	7	1.980889	1.854587	22.630122	9.318149	0	0
conventional	ce133	12	0	20.415913	0	14	7	1.910366	4.953330	9.606827	3.945390	0	0
holistic	he79	13	0.789988	0.722263	1	5	6	0.182416	0.539847	0	0	0	2.271100
conventional	ce134	13	0	33.342874	0	14	7	3.497007	3.480387	19.298859	7.066621	0	0
conventional	ce135	13	0	36.370818	0	14	7	1.321797	1.864059	24.538547	8.646415	0.830111	0
conventional	ce136	13	0	34.409111	0	14	7	2.517599	6.298009	19.262277	6.331226	0	0
conventional	ce137	13	0	43.531945	0	14	7	8.833658	5.585737	16.136286	12.976264	0	0
holistic	he80	14	0.789988	3.135673	1	5	4	0.508272	2.627401	0	0	0	1.932928
conventional	ce138	14	0	12.153677	0	14	7	1.156729	3.136149	6.130527	1.730272	0	0
conventional	ce139	14	0	17.329503	0	14	7	4.965727	2.447255	7.779334	2.137187	0	0
holistic	he81	15	0	0	0	0	2	0	0	0	0	0	0
holistic	he82	15	0.763412	4.902944	1	5	4	1.031081	3.871863	0	0	0	2.071381
holistic	he83	15	0.489738	0.489738	2	2	5	0	0	0	0.489738	1.215718	0
conventional	ce140	15	0	20.549139	0	14	7	1.802590	5.494283	10.387675	2.864591	0	0
conventional	ce141	15	0	43.141962	0	14	7	4.003384	5.141518	22.629611	11.367449	0	0
conventional	ce142	15	0	20.028687	0	14	7	4.251171	2.756337	11.179376	1.841803	0	0
conventional	ce143	15	0.084541	35.822751	1	14	7	3.401581	7.657885	18.231648	6.531637	0	0
conventional	ce144	15	0	40.288230	0	14	7	2.713789	4.464585	17.739177	15.370679	0	0
conventional	ce145	15	0	28.637991	0	14	7	2.725928	1.266962	14.935036	9.710065	0	0
conventional	ce146	15	0	29.985986	0	14	7	1.917740	4.143968	19.210651	4.713627	0	0
conventional	ce147	15	0	23.669023	0	14	7	4.865199	2.490239	8.095049	8.218536	0	0
holistic	he84	16	1.466121	1.726636	1	5	4	0.085210	1.641426	0	0	0	3.051929
holistic	he85	16	0.789988	3.135673	1	5	4	0.508272	2.627401	0	0	0	1.932928
holistic	he86	16	0.789988	3.040753	1	5	4	0.508272	2.532481	0	0	0	1.664947
holistic	he87	16	0.789988	3.135673	1	5	4	0.508272	2.627401	0	0	0	1.932928
conventional	ce148	16	0	30.321820	0	14	7	1.578353	3.321958	17.815682	7.605827	0	0
conventional	ce149	16	0	21.762704	0	14	7	4.250935	2.305388	8.933452	6.272929	0	0
conventional	ce150	16	0	38.339922	0	14	7	5.054649	8.209612	17.361611	7.714050	0	0
conventional	ce151	16	0	38.795815	0	14	7	2.883091	1.863166	25.599696	8.449862	0	0
holistic	he88	17	1.579976	8.031536	2	10	4	0.508272	7.523264	0	0	0	3.865856
holistic	he89	17	0.789988	0.129747	1	1	4	0	0.129747	0	0	0	2.069853
holistic	he90	17	1.601678	2.593529	1	5	4	0.549492	2.044037	0	0	0	2.159228
conventional	ce152	17	0	17.111593	0	14	7	3.656065	0.918058	7.853361	4.684109	0	0
conventional	ce153	17	0	44.297114	0	14	7	8.639979	6.293692	17.325428	12.038015	0	0
conventional	ce154	17	0	19.505289	0	14	7	3.235115	2.807595	8.156689	5.305890	0	0
holistic	he91	18	0	0	0	0	1	0	0	0	0	0	0
holistic	he92	18	1.466121	3.437593	1	5	4	0.549492	2.888101	0	0	0	1.908306
holistic	he93	18	0.789988	4.709416	1	5	4	0.932328	3.777088	0	0	0	1.932928
conventional	ce155	18	0	25.178314	0	14	7	3.043777	2.593121	15.090189	4.451227	0	0
conventional	ce156	18	0	19.981582	0	14	7	3.616379	5.022182	6.749840	4.593181	0	0
conventional	ce157	18	0	38.401862	0	14	7	2.124735	4.773027	20.962651	10.541449	0	0
conventional	ce158	18	0	19.864594	0	14	7	4.473530	4.503009	8.410601	2.477454	0.570020	0
holistic	he94	19	0.789988	3.482305	1	5	4	1.063496	2.418809	0	0	0	1.743770
holistic	he95	19	0.789988	4.040601	1	5	4	0.749014	3.291587	0	0	0	2.741748
holistic	he96	19	0.789988	3.308073	1	5	4	0.680672	2.627401	0	0	0	1.932928
holistic	he97	19	1.466121	3.143700	1	5	4	0.588614	2.555086	0	0	0	1.908306
holistic	he98	19	0	3.005926	0	4	4	0.508272	2.497654	0	0	0	0.716000
holistic	he99	19	0	0	0	0	1	0	0	0	0	0	0
conventional	ce159	19	0	30.387815	0	14	7	2.561509	5.387572	15.373152	7.065582	0.164763	0
conventional	ce160	19	0	24.153068	0	14	7	2.779261	5.029044	7.709534	8.635229	0	0
conventional	ce161	19	0	43.557571	0	14	7	5.572439	5.884734	25.714152	6.386246	0	0
conventional	ce162	19	0	17.015659	0	14	7	3.497238	2.871226	7.377491	3.269704	0	0
conventional	ce163	19	0.813824	53.465569	1	14	7	7.702456	6.785446	23.020289	15.957378	0	0
conventional	ce164	19	0	16.835580	0	14	7	2.119438	2.880240	9.838402	1.997500	0	0
conventional	ce165	19	0	29.459219	0	14	7	2.739247	2.455165	16.016087	8.248720	0	0
holistic	he100	20	0.789988	2.942829	1	5	4	0.453278	2.489551	0	0	0	1.737761
holistic	he101	20	0.789988	3.286409	1	5	6	0.508272	2.778137	0	0	0	1.932928
holistic	he102	20	1.579976	8.387706	2	10	4	0.635250	7.752456	0	0	0	5.324120
holistic	he103	20	1.147340	3.467020	1	5	4	0.188020	3.279000	0	0	0	1.932928
holistic	he104	20	2.120684	2.574450	1	5	4	0.451390	2.123060	0	0	0	1.965222
conventional	ce166	20	0	25.756846	0	14	7	3.084968	5.467893	9.672223	7.531762	0	0
conventional	ce167	20	0	28.507274	0	14	7	2.861335	1.423681	14.792964	9.429294	0	0
conventional	ce168	20	0	21.012270	0	14	7	3.374388	5.396178	8.781394	3.460310	0.570020	0
conventional	ce169	20	0	26.838213	0	14	7	4.165173	5.436447	15.065873	2.170720	0	0
holistic	he105	21	0	0	0	0	1	0	0	0	0	0	0
holistic	he106	21	1.466121	1.997662	1	5	4	0.356236	1.641426	0	0	0	2.523756
holistic	he107	21	0	3.005926	0	4	4	0.508272	2.497654	0	0	0	2.068634
holistic	he108	21	1.200695	3.207988	1	5	4	0.588614	2.619374	0	0	0	2.880058
holistic	he109	21	0.789988	3.690897	1	5	4	1.063496	2.627401	0	0	0	1.846722
holistic	he110	21	2.560329	2.560329	7	7	10	0	0	1.580853	0.979476	2.431436	3.557062
conventional	ce170	21	0	39.776960	0	14	7	5.013022	4.266154	15.676474	14.821310	1.693826	0
conventional	ce171	21	0	40.693665	0	14	7	0.968865	2.463152	20.450396	16.811252	0	0
conventional	ce172	21	0	45.909450	0	14	7	3.923413	6.022832	27.190117	8.773088	0	0
conventional	ce173	21	0	18.179873	0	14	7	3.425610	2.827592	5.400076	6.526595	0	0
holistic	he111	22	2.120684	2.574450	1	5	4	0.451390	2.123060	0	0	0	2.479193
holistic	he112	22	0	0	0	0	6	0	0	0	0	0	0
holistic	he113	22	0	0	0	0	2	0	0	0	0	0	0
holistic	he114	22	0.789988	6.230788	1	5	4	0.932328	5.298460	0	0	0	2.457064
holistic	he115	22	1.466121	3.143700	1	5	4	0.588614	2.555086	0	0	0	2.525794
holistic	he116	22	0	0	0	0	1	0	0	0	0	0	0
holistic	he117	22	1.466121	3.973610	1	5	4	0.588614	3.384996	0	0	0	1.642059
conventional	ce174	22	1.024726	53.920800	1	14	7	7.754794	8.476128	21.142967	16.546911	0	0
conventional	ce175	22	0	30.113578	0	14	7	1.182942	1.294382	15.403543	12.232711	0	0
holistic	he118	23	0.789988	2.641453	1	5	4	0.943336	1.698117	0	0	0	1.664947
holistic	he119	23	3.573398	7.404536	2	10	4	0.583046	6.821490	0	0	0	4.507484
holistic	he120	23	0	0	0	0	1	0	0	0	0	0	0
holistic	he121	23	1.028232	3.362789	1	5	6	0.680672	2.682117	0	0	0	1.857198
holistic	he122	23	1.579976	11.916486	2	12	5	1.864656	10.051830	0	0	0	2.724840
holistic	he123	23	0.789988	4.328791	1	5	4	0.508272	3.820519	0	0	0	1.932928
holistic	he124	23	0.489738	0.489738	2	2	5	0	0	0	0.489738	1.215718	0
holistic	he125	23	1.466121	2.235305	1	5	4	0.427528	1.807777	0	0	0	2.546875
holistic	he126	23	1.466121	8.538098	1	5	4	0.475834	8.062264	0	0	0	3.051929
conventional	ce176	23	0.639372	16.312264	1	14	7	3.447721	1.725661	7.658876	3.480006	0	0
conventional	ce177	23	0	18.465797	0	14	7	3.885815	2.694281	8.903013	2.982688	0.305165	0
holistic	he127	24	0.789988	3.770958	1	3	2	0	3.770958	0	0	0	2.214829
holistic	he128	24	1.466121	1.726636	1	5	4	0.085210	1.641426	0	0	0	3.051929
holistic	he129	24	0.789988	0.129747	1	1	6	0	0.129747	0	0	0	2.498577
holistic	he130	24	0.789988	4.626670	1	5	4	1.378594	3.248076	0	0	0	1.873883
holistic	he131	24	2.560329	2.560329	7	7	10	0	0	1.580853	0.979476	2.431436	3.591988
holistic	he132	24	0.489738	0.489738	2	2	6	0	0	0	0.489738	1.215718	0
holistic	he133	24	0.789988	3.318791	1	5	4	0.508272	2.810519	0	0	0	1.932928
holistic	he134	24	2.120684	2.684440	1	5	4	0.451390	2.233050	0	0	0	1.965222
holistic	he135	24	0.789988	1.158281	1	5	4	0.386292	0.771989	0	0	0	2.093442
holistic	he136	24	0.789988	3.749863	1	5	4	0.924664	2.825199	0	0	0	0.836755
holistic	he137	24	0	0	0	0	2	0	0	0	0	0	0
holistic	he138	24	1.466121	3.143700	1	5	4	0.588614	2.555086	0	0	0	2.525794
holistic	he139	24	0	2.671260	0	4	4	0.508272	2.162988	0	0	0	1.828077
holistic	he140	24	2.932242	8.013078	2	10	4	0.588614	7.424464	0	0	0	3.816612
conventional	ce178	24	0	10.665717	0	14	7	0.781218	2.444188	5.489615	1.950696	0	0
conventional	ce179	24	0	42.047140	0	14	7	2.704825	3.797702	25.064370	10.480243	0	0
conventional	ce180	24	0	27.768359	0	14	7	3.045196	3.361889	16.801477	4.559797	0	0
conventional	ce181	24	0	15.631208	0	14	7	2.511159	3.093774	7.690156	2.336119	0	0
holistic	he141	25	0.789988	2.933529	1	5	4	1.235412	1.698117	0	0	0	1.752350
holistic	he142	25	0.789988	3.953948	1	5	4	1.063496	2.890452	0	0	0	1.467189
holistic	he143	25	0.789988	3.212811	1	5	4	0.585410	2.627401	0	0	0	1.932928
holistic	he144	25	1.466121	2.961154	1	5	4	0.601378	2.359776	0	0	0	4.171237
holistic	he145	25	0.969766	3.892089	1	5	4	0.588614	3.303475	0	0	0	1.642059
holistic	he146	25	0	0	0	0	5	0	0	0	0	0	0
holistic	he147	25	1.072654	4.631510	1	5	4	0.508272	4.123238	0	0	0	1.932928
holistic	he148	25	1.466121	1.971012	1	5	4	0.350832	1.620180	0	0	0	1.703237
holistic	he149	25	0.489738	0.489738	2	2	5	0	0	0	0.489738	1.215718	0
holistic	he150	25	0	0	0	0	3	0	0	0	0	0	0
holistic	he151	25	0	0	0	0	2	0	0	0	0	0	0
conventional	ce182	25	0	29.501547	0	14	7	8.282763	5.857779	11.158972	4.202033	0	0
conventional	ce183	25	0	28.801002	0	14	7	3.658096	3.467954	15.662819	6.012133	0	0
conventional	ce184	25	0	34.171917	0	14	7	5.905213	6.564058	11.992548	9.710098	0	0
holistic	he152	26	2.070591	2.070591	5	5	8	0	0	1.580853	0.489738	1.215718	4.244262
holistic	he153	26	1.466121	2.889917	1	5	4	0.554880	2.335037	0	0	0	2.974541
holistic	he154	26	0.058379	2.546858	1	5	4	0.943336	1.603522	0	0	0	2.005979
holistic	he155	26	1.466121	4.427990	1	5	4	0.588614	3.839376	0	0	0	1.523612
holistic	he156	26	1.466121	1.726636	1	5	4	0.085210	1.641426	0	0	0	2.617405
conventional	ce185	26	0	36.274099	0	14	7	3.183902	4.982826	14.030254	14.077117	0	0
conventional	ce186	26	0	24.759005	0	14	7	2.632893	5.455140	8.002224	8.668748	0	0
conventional	ce187	26	0	29.612487	0	14	7	1.741670	1.965111	14.969123	10.936583	0	0
conventional	ce188	26	0	41.445314	0	14	7	7.651010	5.715312	15.960079	12.118913	0	0
holistic	he157	27	0.789988	3.749863	1	5	4	0.924664	2.825199	0	0	0	0.836755
holistic	he158	27	0	0	0	0	1	0	0	0	0	0	0
holistic	he159	27	0	3.287186	0	4	4	0.555830	2.731356	0	0	0	2.201253
holistic	he160	27	0	0	0	0	0	0	0	0	0	0	0
holistic	he161	27	0.313936	0.313936	1	1	4	0	0	0	0.313936	0.167532	0
holistic	he162	27	0	0	0	0	4	0	0	0	0	0	0
holistic	he163	27	0	0	0	0	6	0	0	0	0	0	0
conventional	ce189	27	0	30.639683	0	14	7	3.060238	6.342394	13.330324	7.906727	0	0
conventional	ce190	27	0	64.998374	0	14	7	7.458876	12.922540	28.474620	16.142338	0	0
conventional	ce191	27	0	31.808485	0	14	7	7.502889	7.595176	12.515204	4.195216	0	0
holistic	he164	28	0.969766	10.894723	1	5	4	3.535124	7.359599	0	0	0	1.642059
holistic	he165	28	0	2.491918	0	4	4	0.508272	1.983646	0	0	0	2.068634
holistic	he166	28	2.331095	0.382856	1	1	4	0	0.382856	0	0	0	2.831023
holistic	he167	28	1.466121	2.031874	1	5	4	0.381706	1.650168	0	0	0	3.051929
holistic	he168	28	2.120684	0.458288	1	1	4	0	0.458288	0	0	0	1.287281
holistic	he169	28	0.489738	0.489738	2	2	5	0	0	0	0.489738	1.215718	0
conventional	ce192	28	0	30.700898	0	14	7	5.017094	8.559031	9.185490	7.939283	0	0
holistic	he170	29	1.939532	8.054840	2	12	5	1.685816	6.369024	0	0	0	3.348622
holistic	he171	29	1.028232	2.120113	1	5	4	0.680672	1.439441	0	0	0	1.695196
holistic	he172	29	0.789988	4.547707	1	5	4	1.215938	3.331769	0	0	0	1.664947
holistic	he173	29	1.466121	1.949556	1	5	4	0.288438	1.661118	0	0	0	3.676727
holistic	he174	29	0	0	0	0	2	0	0	0	0	0	0
holistic	he175	29	1.081019	3.904824	1	5	4	0.588614	3.316210	0	0	0	2.517102
holistic	he176	29	2.120684	2.758600	1	5	4	0.451390	2.307210	0	0	0	1.613095
conventional	ce193	29	0	23.916133	0	14	7	5.989183	4.680051	9.105478	4.141421	0	0
conventional	ce194	29	0	22.895884	0	14	7	2.066067	5.085810	6.948961	8.795046	0	0
conventional	ce195	29	0	40.977092	0	14	7	2.033580	6.423257	15.692118	16.828137	0	0
conventional	ce196	29	0	28.766352	0	14	7	2.856012	3.911456	16.810340	5.188544	0	0
holistic	he177	30	0.333532	7.078086	1	5	4	0.961576	6.116510	0	0	0	1.932928
holistic	he178	30	0	3.005926	0	4	4	0.508272	2.497654	0	0	0	2.068634
conventional	ce197	30	0	15.368065	0	14	7	1.163508	3.413412	7.783913	3.007232	0.305165	0
conventional	ce198	30	0	26.679359	0	14	7	2.588113	2.384344	14.097027	7.609875	0	0
holistic	he179	31	1.900060	2.176390	1	5	4	0.358042	1.818348	0	0	0	1.366024
holistic	he180	31	1.028232	2.294833	1	5	4	0.453074	1.841759	0	0	0	1.716062
holistic	he181	31	1.732463	3.488679	1	5	4	0.274746	3.213933	0	0	0	2.037372
holistic	he182	31	1.939532	10.928380	2	12	5	1.177228	9.751152	0	0	0	3.173216
holistic	he183	31	1.499705	1.732152	1	5	4	0.085210	1.646942	0	0	0	2.617405
conventional	ce199	31	0	37.119193	0	14	7	6.369571	9.634816	12.502966	8.611840	0	0
conventional	ce200	31	0	16.162773	0	14	7	2.899422	1.691522	7.970227	3.601602	0	0
conventional	ce201	31	0	23.415891	0	14	7	3.080317	1.506548	14.563199	4.265827	0.919000	0
holistic	he184	32	1.466121	3.195436	1	5	4	0.169442	3.025994	0	0	0	2.569662
holistic	he185	32	0.789988	4.017681	1	5	4	0.680672	3.337009	0	0	0	2.091918
holistic	he186	32	2.120684	3.026376	1	3	2	0	3.026376	0	0	0	1.873472
holistic	he187	32	0.789988	4.328791	1	5	4	0.508272	3.820519	0	0	0	1.932928
holistic	he188	32	0.789988	0.129747	1	1	4	0	0.129747	0	0	0	1.932928
conventional	ce202	32	0	35.105330	0	14	7	0.428151	1.748080	18.688285	14.240814	0	0
holistic	he189	33	1.579976	12.205948	2	12	5	4.057896	8.148052	0	0	0	1.673510
holistic	he190	33	0.789988	3.208311	1	5	4	0.580910	2.627401	0	0	0	1.458579
holistic	he191	33	0.069869	3.168137	1	5	6	0.508272	2.659865	0	0	0	1.932928
holistic	he192	33	1.466121	2.031874	1	5	4	0.381706	1.650168	0	0	0	3.704714
holistic	he193	33	2.945046	1.986602	1	5	4	0.289830	1.696772	0	0	0	2.312039
holistic	he194	33	0.789988	4.201199	1	5	4	0.508272	3.692927	0	0	0	1.563343
holistic	he195	33	0.789988	0.689133	1	5	4	0.305598	0.383535	0	0	0	1.664947
holistic	he196	33	0	0	0	0	1	0	0	0	0	0	0
conventional	ce203	33	0	17.621651	0	14	7	4.280927	0.722691	7.823560	4.794473	0.305165	0
conventional	ce204	33	0	35.462097	0	14	7	3.511484	4.322902	13.016037	14.611674	0	0
conventional	ce205	33	0.009552	19.857751	1	14	7	2.205581	2.425369	7.615006	7.611795	0.425008	0
conventional	ce206	34	0	23.178706	0	14	7	2.007652	5.129187	7.095908	8.945959	0	0
conventional	ce207	34	0.884482	32.391041	1	14	7	1.718153	2.569546	20.123331	7.980011	0	0
conventional	ce208	34	0	22.485200	0	14	7	2.113578	2.201220	9.930365	8.240037	0	0
holistic	he197	35	0.789988	0.129747	1	1	4	0	0.129747	0	0	0	2.682401
holistic	he198	35	0	0	0	0	1	0	0	0	0	0	0
holistic	he199	35	0.447431	2.804127	1	5	6	0.082252	2.721875	0	0	0	2.911471
conventional	ce209	35	0	17.522420	0	14	7	3.456620	2.819225	7.758395	3.488180	0	0
conventional	ce210	35	0	11.487543	0	14	7	0.794063	1.241142	4.013312	5.439026	0	0
conventional	ce211	35	0.718288	22.639749	1	14	7	3.174074	4.994256	5.667835	8.803584	0	0
holistic	he200	36	0.500213	0.082154	1	1	4	0	0.082154	0	0	0	2.444891
holistic	he201	36	0.789988	3.284615	1	5	4	0.507984	2.776631	0	0	0	1.887636
holistic	he202	36	1.466121	3.143700	1	5	4	0.588614	2.555086	0	0	0	2.525794
conventional	ce212	36	0	25.996589	0	14	7	3.834780	4.776547	9.529092	7.856170	0.702408	0
holistic	he203	37	1.466121	1.385300	1	5	4	0.381706	1.003594	0	0	0	3.338236
holistic	he204	37	0	0	0	0	2	0	0	0	0	0	0
holistic	he205	37	0	2.572332	0	4	4	0.588686	1.983646	0	0	0	2.068634
holistic	he206	37	0.789988	0.312865	1	1	4	0	0.312865	0	0	0	1.675720
conventional	ce213	37	0	25.734834	0	14	7	2.592817	5.999162	12.796589	4.346266	0	0
conventional	ce214	37	0.868234	13.665185	1	14	7	1.328758	2.568164	6.078218	3.690045	0	0
conventional	ce215	38	0	27.652158	0	14	7	3.564856	6.643221	10.222590	7.221491	1.231278	0
conventional	ce216	38	0	26.710881	0	14	7	3.042731	5.775232	15.825346	2.067572	0.395476	0
holistic	he207	39	2.443585	4.161585	2	6	5	0.677085	3.484500	0	0	0	2.072400
holistic	he208	39	0.789988	3.043074	1	5	4	0.508272	2.534802	0	0	0	2.479571
holistic	he209	40	0.789988	5.743507	1	5	4	0.501108	5.242399	0	0	0	2.716991
holistic	he210	40	2.932242	9.045576	2	12	6	1.177228	7.868348	0	0	0	3.816612
holistic	he211	41	1.466121	4.405560	1	5	4	0.588614	3.816946	0	0	0	3.088376
holistic	he212	41	0	0	0	0	1	0	0	0	0	0	0
conventional	ce217	41	0	17.885164	0	14	7	4.111029	2.569861	8.362413	2.841861	0	0
holistic	he213	43	0.244015	0.040077	1	1	4	0	0.040077	0	0	0	1.732936
conventional	ce218	43	0	38.563598	0	14	7	1.365219	1.249802	23.878839	12.069738	0	0
holistic	he214	44	0.789988	0.129747	1	1	4	0	0.129747	0	0	0	2.058435
holistic	he215	44	0.789988	0.312865	1	1	4	0	0.312865	0	0	0	1.812171
conventional	ce219	44	0	20.802374	0	14	7	3.613882	4.365118	10.097325	2.726049	2.018903	0
conventional	ce220	44	0	31.938573	0	14	7	1.788413	2.570682	16.226160	11.353318	0	0
holistic	he216	45	1.384971	2.437386	1	5	10	0.381706	2.055680	0	0	0	2.785682
holistic	he217	45	2.331095	0.382856	1	1	4	0	0.382856	0	0	0	2.831023
conventional	ce221	46	0	28.930448	0	14	7	4.412419	5.366763	17.605646	1.545620	0	0
holistic	he218	48	1.579976	0.259494	2	2	4	0	0.259494	0	0	0	4.139706
holistic	he219	48	1.427488	1.427488	3	3	10	0	0	1.427488	0	2.431436	2.396136
holistic	he220	48	1.469564	0.837310	1	5	4	0.039860	0.797450	0	0	0	2.617405
conventional	ce222	48	0	21.454180	0	14	7	4.868686	3.259914	6.968560	6.357020	0.772056	0
holistic	he221	49	0	0	0	0	1	0	0	0	0	0	0
holistic	he222	49	2.443585	1.847559	2	2	5	0	1.847559	0	0	0	2.379777
holistic	he223	52	2.120684	3.026376	1	3	2	0	3.026376	0	0	0	1.873472
holistic	he224	52	1.466121	0.602843	1	5	4	0.026850	0.575993	0	0	0	2.617405
conventional	ce223	52	0	17.442450	0	14	7	4.323921	1.960758	8.121608	3.036163	0	0
holistic	he225	53	1.466121	2.779005	1	5	4	0.443968	2.335037	0	0	0	2.974541
holistic	he226	53	0.789988	0.129747	1	1	4	0	0.129747	0	0	0	3.526589
holistic	he227	53	0.789988	3.988811	1	5	4	0.508272	3.480539	0	0	0	1.932928
holistic	he228	53	0.789988	2.674657	1	5	4	0.040890	2.633767	0	0	0	1.362420
conventional	ce224	54	0.813824	45.232296	1	14	7	8.428669	4.036972	17.394402	15.372253	0	0
holistic	he229	55	0.406976	3.171004	1	5	4	0.195460	2.975544	0	0	0	0.427032
conventional	ce225	56	0	22.554295	0	14	7	2.571355	4.990741	10.681485	4.310714	0	0
holistic	he230	57	2.120684	0.875334	1	3	2	0	0.875334	0	0	0	1.160878
holistic	he231	57	0	0	0	0	5	0	0	0	0	0	0
holistic	he232	57	2.331095	0.382856	1	1	10	0	0.382856	0	0	0	2.813254
conventional	ce226	57	0	21.464884	0	14	7	3.403363	0.213957	8.879882	8.967682	0.305165	0
conventional	ce227	57	0	21.296940	0	14	7	3.431728	3.511228	10.766434	3.587550	0.009647	0
holistic	he233	58	0	2.574020	0	4	4	0.454122	2.119898	0	0	0	0.266247
conventional	ce228	58	0	13.606193	0	14	7	1.546888	2.487871	6.415754	3.155680	0	0
holistic	he234	59	2.120684	4.859763	1	3	2	0	4.859763	0	0	0	1.420799
conventional	ce229	59	0	20.956812	0	14	7	3.651910	1.893618	10.206818	5.204466	0	0
conventional	ce230	59	0	19.909949	0	14	7	2.787269	4.303035	6.670037	6.149608	0.260187	0
holistic	he235	60	0	0	0	0	1	0	0	0	0	0	0
holistic	he236	60	0.789988	4.393071	1	5	4	0.508272	3.884799	0	0	0	1.563343
holistic	he237	60	1.466121	3.603967	1	5	4	0.588614	3.015353	0	0	0	2.711518
holistic	he238	60	1.466121	3.150974	1	5	4	0.439656	2.711318	0	0	0	2.293095
holistic	he239	61	0.789988	5.497021	1	5	4	2.324150	3.172871	0	0	0	1.932928
conventional	ce231	61	0	17.647662	0	14	7	2.927114	4.320711	6.753159	3.646678	0	0
conventional	ce232	62	0	18.335677	0	14	7	3.116410	2.474221	10.712174	2.032872	0	0
conventional	ce233	63	0	20.838402	0	14	7	2.594798	3.106265	6.897951	8.239388	0	0
holistic	he240	64	1.579976	8.794052	2	10	4	0.687296	8.106756	0	0	0	3.865856
holistic	he241	64	0.447431	2.836319	1	5	6	0.114444	2.721875	0	0	0	2.911471
holistic	he242	64	3.650545	6.771428	1	5	6	0.680672	6.090756	0	0	0	2.052988
conventional	ce234	64	0	35.754446	0	14	7	3.412810	3.626326	15.990242	12.725068	0	0
conventional	ce235	64	0	28.640094	0	14	7	2.382886	2.619763	18.555875	5.081570	0	0
holistic	he243	65	1.028232	0.168875	1	1	6	0	0.168875	0	0	0	2.300802
conventional	ce236	65	0	28.280199	0	14	7	3.379865	7.457171	10.582286	6.860877	1.231278	0
conventional	ce237	65	0	35.224444	0	14	7	1.950845	11.117371	13.549903	8.606325	0	0
conventional	ce238	65	0	18.286785	0	14	7	3.029888	2.425871	10.868477	1.962549	0	0
conventional	ce239	65	0	25.349203	0	14	7	1.549366	5.931592	15.980548	1.887697	0.395476	0
conventional	ce240	66	0	20.907046	0	14	7	2.985898	2.430506	13.292576	2.198066	0	0
conventional	ce241	66	0	44.123960	0	14	7	3.934808	5.602116	26.475429	8.111607	0	0
conventional	ce242	66	0	20.016405	0	14	7	3.126722	4.273328	10.238367	2.377988	0.570020	0
conventional	ce243	67	0	33.466622	0	14	7	1.468574	4.186757	20.392803	7.418488	0	0
conventional	ce244	67	0.923151	20.761879	1	14	7	2.706730	5.100944	5.431638	7.522567	0	0
conventional	ce245	67	0	27.411810	0	14	7	2.846650	1.353193	16.962059	6.249908	1.495051	0
conventional	ce246	67	1.024726	17.469596	1	14	7	4.727071	0.636648	8.993917	3.111960	0	0
holistic	he244	68	0	0	0	0	1	0	0	0	0	0	0
conventional	ce247	68	0	12.484404	0	14	7	0.617020	3.456025	6.320381	2.090978	0	0
conventional	ce248	68	0	19.391722	0	14	7	2.987107	5.413087	8.701516	2.290012	0	0
conventional	ce249	68	0	24.583485	0	14	7	3.928153	2.272630	10.480116	7.902586	0	0
holistic	he245	69	0.612580	10.262718	2	12	5	1.364164	8.898554	0	0	0	3.166916
conventional	ce250	69	0.171160	36.063570	1	14	7	1.413236	1.883289	18.856075	13.910970	0	0
conventional	ce251	69	0	23.503235	0	14	7	4.208128	1.828475	10.866259	6.600373	0	0
holistic	he246	70	1.165464	4.068556	1	3	2	0	4.068556	0	0	0	1.932928
holistic	he247	70	1.579976	6.945420	2	12	8	1.886672	5.058748	0	0	0	3.476782
holistic	he248	70	0.489738	0.489738	2	2	4	0	0	0	0.489738	1.980212	0
conventional	ce252	70	0	45.308078	0	14	7	5.996360	11.572155	15.512965	12.226598	0	0
conventional	ce253	70	0	29.382592	0	14	7	6.253633	3.883725	11.977188	7.268046	0	0
conventional	ce254	70	0	12.109836	0	14	7	2.167927	2.281418	5.808363	1.852128	0	0
conventional	ce255	70	0	22.218470	0	14	7	3.757933	3.822648	12.007008	2.630881	0	0
conventional	ce256	71	0	26.720304	0	14	7	2.103989	5.588895	10.885846	8.141574	1.231278	0
conventional	ce257	71	0	22.244764	0	14	7	4.483812	2.082984	5.550841	10.127127	0	0
conventional	ce258	71	0	15.028314	0	14	7	1.545146	3.173057	6.433528	3.876583	0	0
conventional	ce259	71	0	26.225564	0	14	7	4.151529	4.830434	10.286159	6.957442	0	0
holistic	he249	72	1.845200	1.856113	1	5	4	0.324762	1.531351	0	0	0	3.000101
conventional	ce260	72	0	29.987477	0	14	7	4.239190	8.361361	9.762344	7.624582	1.078040	0
conventional	ce261	72	0	25.248778	0	14	7	7.906346	4.941831	8.878192	3.522409	0	0
conventional	ce262	73	0	16.344718	0	14	7	0.649582	4.172427	9.471633	2.051076	0	0
conventional	ce263	73	1.266454	26.147080	1	14	7	1.851926	6.401836	12.690681	5.202637	0	0
conventional	ce264	73	0	35.992272	0	14	7	1.909300	3.552408	19.083150	11.447414	0	0
conventional	ce265	73	0	32.416364	0	14	7	3.464440	2.439730	17.797638	8.714556	1.495051	0
conventional	ce266	73	0	21.312504	0	14	7	3.891013	2.987205	11.815206	2.619080	0	0
holistic	he250	74	0	0	0	0	1	0	0	0	0	0	0
holistic	he251	74	0	0	0	0	4	0	0	0	0	0	0
conventional	ce267	74	0	24.035611	0	14	7	5.189748	5.619348	7.210853	6.015662	0.260187	0
conventional	ce268	74	0	26.446342	0	14	7	2.183450	1.696498	16.858054	5.708340	0.919000	0
conventional	ce269	74	0	21.401545	0	14	7	5.239337	1.919856	10.220959	4.021393	0	0
conventional	ce270	74	0	17.445413	0	14	7	1.737042	2.431854	10.201351	3.075166	0	0
holistic	he252	75	0	0	0	0	2	0	0	0	0	0	0
conventional	ce271	75	0	23.604735	0	14	7	4.499252	1.171281	10.376925	7.557277	0	0
conventional	ce272	75	0	23.338873	0	14	7	3.841325	4.624600	11.473802	3.399146	0	0
conventional	ce273	75	0	24.701631	0	14	7	3.564856	6.581809	6.869714	7.685252	1.475393	0
holistic	he253	76	1.834373	3.354978	1	5	4	0.554880	2.800098	0	0	0	3.354878
conventional	ce274	76	0	30.570098	0	14	7	2.844055	7.281126	10.747574	9.697343	0	0
conventional	ce275	76	0	20.245118	0	14	7	5.062815	3.430825	7.798929	3.952549	0	0
conventional	ce276	76	0	23.019137	0	14	7	3.061495	3.512773	8.547023	7.897846	0	0
holistic	he254	77	2.120684	2.755012	1	3	4	0	2.755012	0	0	0	3.717236
conventional	ce277	77	0	17.026619	0	14	7	3.820670	2.007402	6.346678	4.851869	0	0
conventional	ce278	77	0	18.991597	0	14	7	2.088301	4.407983	10.822764	1.672549	0	0
conventional	ce279	77	0	20.851943	0	14	7	5.192415	4.732832	8.698620	2.228076	0	0
conventional	ce280	77	0	20.289481	0	14	7	3.660595	4.434915	8.715291	3.478680	0	0
conventional	ce281	77	0	22.518720	0	14	7	7.833365	3.837284	6.886313	3.961758	0	0
holistic	he255	78	0.789988	4.986760	1	5	4	1.699118	3.287642	0	0	0	1.932928
holistic	he256	78	0.789988	3.836471	1	5	4	0.982658	2.853813	0	0	0	1.270549
holistic	he257	78	0.584575	0.096010	1	1	4	0	0.096010	0	0	0	2.357163
conventional	ce282	78	0	15.538260	0	14	7	3.455252	1.605486	7.572844	2.904678	0	0
conventional	ce283	78	0	38.054492	0	14	7	4.408868	5.363180	14.312701	13.969743	0.316439	0
conventional	ce284	78	0	22.013186	0	14	7	5.092261	3.259914	7.016182	6.644829	0.772056	0
conventional	ce285	78	0	22.693263	0	14	7	0.829338	2.390506	13.105094	6.368325	0	0
conventional	ce286	78	0	31.613223	0	14	7	4.118821	5.529530	19.772705	2.192167	0	0
holistic	he258	79	0.607171	3.320299	1	5	4	0.076376	3.243923	0	0	0	1.353714
holistic	he259	79	0	0	0	0	1	0	0	0	0	0	0
holistic	he260	79	0	0.933598	0	4	6	0.180040	0.753558	0	0	0	2.166595
conventional	ce287	79	0	20.690387	0	14	7	4.391750	3.034276	8.979326	4.285035	0	0
conventional	ce288	79	0	20.903428	0	14	7	2.840636	5.244376	8.094064	4.724352	0.570020	0
conventional	ce289	79	0	37.134065	0	14	7	6.776771	9.378544	11.862675	9.116075	0	0
conventional	ce290	79	0	32.565898	0	14	7	3.467252	1.953392	18.285547	8.859707	1.353797	0
conventional	ce291	79	0	56.166504	0	14	7	8.245035	7.599902	21.367251	18.954316	0	0
holistic	he261	80	3.548468	3.548468	6	6	8	0	0	3.548468	0	0	3.841434
conventional	ce292	80	0	29.485947	0	14	7	2.885371	4.109349	17.255102	5.236125	0	0
conventional	ce293	80	0.718288	23.771197	1	14	7	3.756195	5.173300	4.599367	10.242335	0	0
conventional	ce294	80	0	30.801949	0	14	7	1.328689	2.221952	16.114520	11.136788	0	0
conventional	ce295	80	0	24.294052	0	14	7	4.791652	1.800708	5.606556	12.095136	0	0
conventional	ce296	80	0	23.649123	0	14	7	6.416312	4.584160	6.233890	6.414761	0.260187	0
conventional	ce297	80	0	15.611656	0	14	7	2.256834	3.971235	8.191135	1.192452	0	0
holistic	he262	81	0.715948	2.375258	1	5	4	0.228776	2.146482	0	0	0	1.871283
conventional	ce298	81	0.718288	14.724658	1	14	7	1.265716	1.830877	6.329854	5.298211	0	0
holistic	he263	82	0.917916	2.700012	2	6	12	0	0	0.917916	1.782096	2.431436	2.396136
holistic	he264	82	0.789988	8.706491	1	7	6	2.670280	6.036211	0	0	0	1.736238
holistic	he265	82	0.584994	0.096079	1	1	4	0	0.096079	0	0	0	2.308262
holistic	he266	82	0.116758	4.102178	2	12	5	0.467076	3.635102	0	0	0	4.011958
conventional	ce299	82	0	34.509848	0	14	7	3.180875	4.926456	13.222827	13.179690	0	0
conventional	ce300	82	0	22.903992	0	14	7	5.226733	2.273673	11.642796	3.760790	0	0
conventional	ce301	82	0	22.949709	0	14	7	2.625597	2.854808	7.479932	9.989372	0	0
conventional	ce302	82	0	17.387968	0	14	7	3.825394	0.654828	7.127283	5.780463	0.305165	0
conventional	ce303	82	0	30.509160	0	14	7	2.335070	6.784987	12.845715	8.543388	0.811748	0
holistic	he267	83	2.141918	4.156383	1	5	4	0.554880	3.601503	0	0	0	3.354878
holistic	he268	83	0.789988	4.410464	1	5	4	0.344777	4.065687	0	0	0	1.932928
holistic	he269	83	1.466121	1.385300	1	5	4	0.381706	1.003594	0	0	0.570852	3.338236
holistic	he270	83	0.447431	2.836319	1	5	6	0.114444	2.721875	0	0	0	2.911471
conventional	ce304	83	0	26.686471	0	14	7	1.517779	1.355282	16.037843	7.775567	0.664080	0
holistic	he271	84	0.789988	4.201199	1	5	4	0.508272	3.692927	0	0	0	1.523208
holistic	he272	84	0	2.491918	0	4	4	0.508272	1.983646	0	0	0	2.061841
holistic	he273	84	0.447431	3.236974	1	5	12	0.114444	3.122530	0	0	0	2.911471
holistic	he274	84	1.579976	14.202848	2	12	5	6.054796	8.148052	0	0	0	1.281760
conventional	ce305	84	0	21.817935	0	14	7	3.636443	3.941214	10.136014	4.104264	0	0
conventional	ce306	84	0	38.271572	0	14	7	2.528539	5.305551	17.304316	13.133166	0	0
holistic	he275	85	0	0	0	0	2	0	0	0	0	0	0
holistic	he276	85	0	0	0	0	4	0	0	0	0	0	0
holistic	he277	85	2.070402	3.242946	1	5	4	0.588614	2.654332	0	0	0	2.525794
holistic	he278	85	0.500213	0.143906	1	1	4	0	0.143906	0	0	0	2.515948
holistic	he279	86	2.120684	5.950176	1	5	4	0.464710	5.485466	0	0	0	1.873472
holistic	he280	86	1.081019	0.651536	1	5	4	0.002072	0.649464	0	0	0	2.199383
holistic	he281	86	2.462440	12.316924	2	12	5	3.802984	8.513940	0	0	0	1.673510
holistic	he282	86	1.536627	3.637680	1	5	4	0.588614	3.049066	0	0	0	3.691653
conventional	ce307	86	0	40.404479	0	14	7	4.713413	6.568158	14.479093	14.643815	0.316439	0
conventional	ce308	86	0	44.397095	0	14	7	2.276052	2.268602	26.421326	13.431115	0.358062	0
conventional	ce309	86	0	28.145952	0	14	7	3.698912	8.273792	8.917908	7.255340	0	0
conventional	ce310	86	1.024726	19.004159	1	14	7	4.793771	1.794670	7.748697	4.667021	0	0
holistic	he283	87	0.789988	4.474071	1	5	4	0.982658	3.491413	0	0	0	1.071843
holistic	he284	87	0.116758	4.102178	2	12	5	0.467076	3.635102	0	0	0	5.083878
holistic	he285	87	0	2.119898	0	2	2	0	2.119898	0	0	0	0.266247
holistic	he286	87	1.466121	3.004638	1	5	4	0.410256	2.594382	0	0	0	4.156431
holistic	he287	88	0.789988	0.129747	1	1	4	0	0.129747	0	0	0	3.176015
holistic	he288	88	1.579976	6.718776	2	12	8	1.886672	4.832104	0	0	0	3.476782
holistic	he289	88	0.612580	11.910048	2	12	5	0.082532	11.827516	0	0	0	3.804478
holistic	he290	88	0	2.652450	0	4	4	0.377526	2.274924	0	0	0	2.061841
holistic	he291	88	0	0	0	0	5	0	0	0	0	0	3.465872
conventional	ce311	88	0	22.747907	0	14	7	2.221455	1.478231	15.756934	3.291287	0.919000	0
holistic	he292	89	1.466121	3.759412	1	5	4	0.439656	3.319756	0	0	0	2.744828
holistic	he293	89	1.975087	4.673386	1	3	2	0	4.673386	0	0	0	1.420799
holistic	he294	89	0.447431	2.959469	1	5	6	0.086930	2.872539	0	0	0	2.247008
conventional	ce312	89	0	18.722039	0	14	7	2.820188	1.831301	8.506077	5.564473	0	0
conventional	ce313	89	0	20.857904	0	14	7	4.266391	5.317671	8.235492	3.038350	0.570020	0
holistic	he295	90	0.607171	0.099721	1	1	4	0	0.099721	0	0	0	0.922835
holistic	he296	90	2.120684	5.832019	1	3	2	0	5.832019	0	0	0	1.993581
conventional	ce314	90	0	23.305883	0	14	7	3.645585	8.139827	7.792844	3.727627	0.801772	0
holistic	he297	91	1.466121	2.763061	1	5	4	0.418106	2.344955	0	0	0	2.711518
holistic	he298	91	0	0	0	0	1	0	0	0	0	0	0
holistic	he299	91	0.789988	0.129747	1	1	4	0	0.129747	0	0	0	2.682401
holistic	he300	91	2.226374	6.605597	2	5	4	0.982658	5.622939	0	0	0	1.270549
holistic	he301	91	0.584575	0.096010	1	1	4	0	0.096010	0	0	0	2.357163
conventional	ce315	91	0	22.393927	0	14	7	6.623747	0.918638	10.181339	4.670203	0	0
conventional	ce316	91	0	20.504357	0	14	7	1.846979	3.050166	13.063879	2.543333	0	0
conventional	ce317	91	0	28.430136	0	14	7	2.525852	5.252565	12.837049	7.814670	0.811748	0
holistic	he302	92	0	1.102632	0	4	6	0.349074	0.753558	0	0	0	2.166595
holistic	he303	92	0.447431	1.940459	1	3	6	0	1.940459	0	0	0	1.919052
holistic	he304	92	2.070402	2.654332	1	3	2	0	2.654332	0	0	0	2.525794
holistic	he305	92	1.270763	3.599206	1	5	4	0.554880	3.044326	0	0	0	2.974541
holistic	he306	92	3.060126	4.147900	2	2	3	0	4.147900	0	0	0	2.256710
conventional	ce318	92	0	28.757626	0	14	7	8.850616	5.340508	9.188248	5.378254	0.260187	0
holistic	he307	93	0.612580	5.436778	2	12	5	0.045876	5.390902	0	0	0	3.804478
holistic	he308	93	0.584575	0.096010	1	1	4	0	0.096010	0	0	0	2.357163
holistic	he309	93	0	0	0	0	1	0	0	0	0	0	0
holistic	he310	93	2.868227	3.244722	1	3	2	0	3.244722	0	0	0	2.451594
holistic	he311	93	0.306290	0.050305	1	1	4	0	0.050305	0	0	0	2.224354
holistic	he312	93	2.120684	4.368198	1	6	5	0.451390	3.916808	0	0	0	1.830522
conventional	ce319	93	0	17.781959	0	14	7	3.183174	2.429297	9.767658	2.401830	0	0
conventional	ce320	93	0	25.209102	0	14	7	3.139286	0.532862	16.238933	5.298021	1.495051	0
holistic	he313	94	1.845200	2.097029	1	5	4	0.565678	1.531351	0	0	0	2.459505
conventional	ce321	94	0	20.296950	0	14	7	3.852964	2.768053	5.642766	8.033167	0	0
conventional	ce322	94	0	41.038588	0	14	7	5.037149	4.563384	20.448658	10.989397	0.316439	0
holistic	he314	95	0.391862	0.053797	1	1	4	0	0.053797	0	0	0	1.183823
holistic	he315	95	0.607171	3.320299	1	5	4	0.076376	3.243923	0	0	0	2.178689
holistic	he316	95	4.698972	10.781890	2	14	6	0.902780	9.879110	0	0	0	3.661044
conventional	ce323	95	0	22.193965	0	14	7	3.243348	0.235975	11.882724	6.831918	1.388098	0
conventional	ce324	95	0.821814	23.492493	1	14	7	3.828359	3.749561	12.536515	3.378058	0	0
conventional	ce325	95	0	28.209762	0	14	7	6.892587	6.213996	11.116969	3.986210	0	0
conventional	ce326	95	0	70.210926	0	14	7	4.596143	6.670307	37.035488	21.908988	0.358062	0
holistic	he317	96	2.579027	2.577618	1	5	4	0.588614	1.989004	0	0	0	3.002804
holistic	he318	96	0	0	0	0	10	0	0	0	0	0.654776	0
holistic	he319	96	2.909515	8.811576	2	6	5	1.473987	7.337589	0	0	0	1.004302
holistic	he320	96	0	0	0	0	1	0	0	0	0	0	0
holistic	he321	96	1.579976	6.945420	2	12	8	1.886672	5.058748	0	0	0	3.476782
conventional	ce327	96	0	29.087328	0	14	7	3.679388	1.315823	18.143425	5.948692	1.495051	0
conventional	ce328	96	0	27.238901	0	14	7	7.292283	1.803053	10.872002	7.271563	0	0
holistic	he322	97	0.709289	6.116504	1	5	10	1.847522	4.268982	0	0	0	1.475692
holistic	he323	97	0.607171	3.252571	1	5	4	0.008648	3.243923	0	0	0	1.353714
holistic	he324	97	0	0	0	0	2	0	0	0	0	0	0
holistic	he325	97	1.579976	10.331076	2	12	5	1.965316	8.365760	0	0	0	2.541098
holistic	he326	97	1.466121	3.150974	1	5	4	0.439656	2.711318	0	0	0	1.805620
conventional	ce329	97	0	25.443799	0	14	7	2.781806	8.227433	8.512364	5.922196	1.231278	0
conventional	ce330	97	0	29.980620	0	14	7	3.454897	5.108265	19.347593	2.069865	0	0
conventional	ce331	98	0	45.217741	0	14	7	1.853967	15.186626	16.733551	11.443597	0	0
conventional	ce332	98	0	45.060172	0	14	7	2.662771	5.358516	19.349286	17.689599	0.069026	0
conventional	ce333	98	0	19.620277	0	14	7	3.364450	2.790738	11.119839	2.345250	0.156818	0
conventional	ce334	98	0	20.353945	0	14	7	1.762366	2.692048	11.671295	4.228236	0	0
holistic	he327	99	2.331095	0.382856	1	1	8	0	0.382856	0	0	0	4.813319
holistic	he328	99	1.548378	8.781776	2	10	4	0.687296	8.094480	0	0	0	3.865856
holistic	he329	100	0	0	0	0	1	0	0	0	0	0	0
holistic	he330	100	0	0	0	0	5	0	0	0	0	0	4.130054
holistic	he331	100	0.312912	5.333910	2	12	5	0.045876	5.288034	0	0	0	2.297704
holistic	he332	100	0	0	0	0	2	0	0	0	0	0	0
conventional	ce335	100	0	11.862084	0	14	7	1.597544	2.726996	5.777831	1.759713	0.039732	0
conventional	ce336	100	1.227170	17.587590	1	14	7	1.049895	4.120533	7.529624	4.887538	0	0
holistic	he333	101	1.030512	1.409967	1	5	4	0.324762	1.085205	0	0	0	3.000101
holistic	he334	101	0.478204	0.078540	1	1	4	0	0.078540	0	0	0	1.732936
holistic	he335	101	2.222726	2.222726	3	3	8	0	0	2.222726	0	1.215718	1.824931
holistic	he336	101	0	0	0	0	2	0	0	0	0	0	0
conventional	ce337	101	0	39.233987	0	14	7	2.772427	4.654451	17.020266	14.786843	0	0
conventional	ce338	101	0	21.392529	0	14	7	3.444571	2.651672	6.054267	9.242019	0	0
conventional	ce339	101	0	27.179888	0	14	7	9.339743	5.701559	7.154691	4.983895	0.260187	0
holistic	he337	103	0.550957	0.090488	1	1	2	0	0.090488	0	0	0	1.914818
conventional	ce340	103	0	41.779560	0	14	7	5.115902	4.730304	20.184800	11.748554	0.316439	0
holistic	he338	104	2.141918	4.156383	1	5	4	0.554880	3.601503	0	0	0	3.354878
holistic	he339	104	2.120684	4.651428	1	6	5	0.734620	3.916808	0	0	0	1.858037
conventional	ce341	104	0	24.399230	0	14	7	3.941632	2.368345	11.613528	6.475725	0	0
holistic	he340	105	0	0.933598	0	4	6	0.180040	0.753558	0	0	0	2.163291
holistic	he341	105	0.598091	0.045448	1	1	4	0	0.045448	0	0	0	2.608686
conventional	ce342	106	1.418849	23.614322	1	14	7	4.481391	2.296777	9.570156	7.265998	0	0
conventional	ce343	106	0	24.104974	0	14	7	5.181913	5.804049	6.736038	6.382974	0	0
conventional	ce344	106	0	31.916279	0	14	7	1.360585	5.702981	10.726667	14.126046	0	0
conventional	ce345	107	0	20.293264	0	14	7	4.693508	3.098710	6.140346	6.360700	0.772056	0
holistic	he342	108	0.447431	3.061596	1	5	6	0.086930	2.974666	0	0	0	2.350906
holistic	he343	108	0.612580	11.002410	2	14	6	2.046246	8.956164	0	0	0	3.166916
holistic	he344	108	0	0	0	0	2	0	0	0	0	0	0
conventional	ce346	108	0	23.520939	0	14	7	4.434903	2.297724	6.196627	10.591685	0	0
holistic	he345	109	0.116758	4.102178	2	12	5	0.467076	3.635102	0	0	0	3.899968
holistic	he346	109	0.796362	3.702054	1	5	4	1.332106	2.369948	0	0	0	1.270549
holistic	he347	112	0	1.847124	0	2	2	0	1.847124	0	0	0	0.536683
conventional	ce347	112	1.024726	25.124416	1	14	7	4.394643	2.937172	9.645126	8.147475	0	0
holistic	he348	113	4.241368	13.260742	2	8	3	0	13.260742	0	0	0	2.841598
holistic	he349	113	0.825391	0.135561	1	1	4	0	0.135561	0	0	0	2.618132
conventional	ce348	113	0	13.888743	0	14	7	1.839629	3.234287	5.698519	3.116308	0.039732	0
conventional	ce349	113	0	35.556035	0	14	7	3.119423	4.058005	14.633648	13.744959	0	0
holistic	he350	115	2.450026	4.919593	1	4	3	0.323200	4.596393	0	0	0	3.790789
holistic	he351	115	0.447431	2.325762	1	5	4	0.056790	2.268972	0	0	0	2.911471
holistic	he352	115	1.365393	4.573456	1	5	4	0.076376	4.497080	0	0	0	1.526207
conventional	ce350	116	0	30.419265	0	14	7	0.526581	2.059852	16.403093	11.429739	0	0
holistic	he353	117	0.607171	0.099721	1	1	2	0	0.099721	0	0	0	0.913764
holistic	he354	118	1.169150	0.192020	2	2	5	0	0.192020	0	0	0	4.714326
conventional	ce351	118	0	38.335240	0	14	7	3.513228	5.689970	15.261299	13.870743	0.699090	0
holistic	he355	119	5.819030	16.954678	4	8	5	0	16.954678	0	0	0	2.008604
holistic	he356	119	0	0	0	0	1	0	0	0	0	0	0
holistic	he357	119	0	0	0	0	1	0	0	0	0	0	0
conventional	ce352	119	0	22.526320	0	14	7	3.836284	2.809247	7.871139	8.009650	0	0
conventional	ce353	119	0	45.294534	0	14	7	3.308937	3.543403	18.071728	20.370466	0.550005	0
conventional	ce354	119	0	39.192513	0	14	7	1.597783	3.606954	20.713208	13.274568	0.069026	0
holistic	he358	120	0.607171	0.099721	1	1	4	0	0.099721	0	0	0	0.922835
holistic	he359	120	0.598091	0.045448	1	1	4	0	0.045448	0	0	0	2.495578
conventional	ce355	120	0	42.087448	0	14	7	5.640089	6.349962	19.211637	10.885760	1.189992	0
holistic	he360	121	0.306290	3.065161	1	5	4	0.497960	2.567201	0	0	0	1.583458
conventional	ce356	122	0	29.649675	0	14	7	7.947681	2.066934	11.800728	7.834332	0	0
holistic	he361	123	0	0	0	0	1	0	0	0	0	0	0
holistic	he362	123	0.500213	0.143906	1	1	4	0	0.143906	0	0	0	2.515948
holistic	he363	123	0.584581	3.972990	3	7	12	0.700912	3.134928	0.137150	0	0	3.006545
conventional	ce357	123	0	24.718818	0	14	7	9.231195	4.296288	6.738138	4.453197	0.260187	0
holistic	he364	124	0.607171	3.320299	1	5	4	0.076376	3.243923	0	0	0	2.402059
holistic	he365	124	0.447431	3.306412	1	5	12	0.183882	3.122530	0	0	0	2.911471
conventional	ce358	124	0	10.002167	0	14	7	1.225765	2.572508	3.233852	2.970042	0	0
conventional	ce359	125	0	21.823340	0	14	7	4.453007	4.166668	9.434478	3.769187	0	0
conventional	ce360	125	0	35.715351	0	14	7	5.545754	4.681643	21.466323	4.021631	1.193234	0
holistic	he366	126	0.584581	5.903556	3	7	12	1.676002	3.976338	0.251216	0	0	3.442038
conventional	ce361	126	0	41.235323	0	14	7	3.798115	6.429828	19.741777	11.265603	1.514835	0
holistic	he367	127	2.617980	5.010149	1	6	5	0.501804	4.508345	0	0	0	1.830522
conventional	ce362	127	0	23.828833	0	14	7	4.823764	3.668512	12.318300	3.018257	0	0
conventional	ce363	127	0	34.069570	0	14	7	0.512316	2.742893	17.781403	13.032958	0	0
conventional	ce364	127	0	23.842016	0	14	7	7.793229	3.812668	5.965910	6.270209	0.260187	0
conventional	ce365	127	0	22.254121	0	14	7	3.048830	6.623159	8.926520	3.655612	1.110801	0
holistic	he368	129	2.120684	2.755012	1	3	4	0	2.755012	0	0	0	4.135298
conventional	ce366	129	0	24.707231	0	14	7	4.950710	2.128779	6.923231	10.704511	0	0
conventional	ce367	129	0	28.097182	0	14	7	9.832399	3.502223	10.864740	3.897820	1.386413	0
holistic	he369	130	0	0	0	0	4	0	0	0	0	0	0
conventional	ce368	130	0	23.913768	0	14	7	5.248444	2.180572	4.983458	11.501294	0	0
conventional	ce369	130	0	23.044944	0	14	7	3.945668	7.255439	5.963044	5.880793	1.459204	0
holistic	he370	131	0	2.137172	0	4	4	0.435916	1.701256	0	0	0	1.949372
conventional	ce370	131	0.026878	18.640561	1	14	7	3.186671	3.243337	9.605432	2.605121	0.156818	0
conventional	ce371	131	0	20.908818	0	14	7	3.147759	7.293219	4.998039	5.469801	0	0
conventional	ce372	131	0	40.824314	0	14	7	6.426043	4.657900	19.802665	9.937706	0.316439	0
holistic	he371	132	3.690400	4.459148	2	4	5	0	4.459148	0	0	0	4.919010
conventional	ce373	132	0	27.345675	0	14	7	7.654947	5.000743	7.589695	7.100290	0.260187	0
conventional	ce374	132	0	33.390780	0	14	7	5.380096	1.218503	19.721522	7.070659	1.495051	0
conventional	ce375	133	0	31.073430	0	14	7	4.430360	2.369211	18.118460	6.155399	0	0
conventional	ce376	133	0	19.260609	0	14	7	4.093418	2.567802	8.668833	3.930556	0	0
conventional	ce377	134	0	36.187198	0	14	7	4.157893	5.408911	13.991456	12.628938	0	0
conventional	ce378	134	0	31.407548	0	14	7	2.653707	5.001433	11.920974	11.831434	0.316439	0
conventional	ce379	134	0	37.743990	0	14	7	4.727442	3.539670	18.344669	11.132209	0.316439	0
holistic	he372	135	0.447431	3.569515	1	5	6	1.033988	2.535527	0	0	0	2.480593
conventional	ce380	135	0	33.910078	0	14	7	3.915245	6.604932	20.523497	2.866404	0	0
conventional	ce381	135	0	29.737053	0	14	7	6.443246	5.386622	12.708124	5.199061	0	0
conventional	ce382	135	0	18.412830	0	14	7	1.488483	2.662584	12.326901	1.934862	0	0
holistic	he373	136	2.349486	5.875725	1	7	6	1.001946	4.873779	0	0	0	1.830522
conventional	ce383	136	0	23.978619	0	14	7	2.252993	2.237829	16.456955	3.030842	0.840165	0
conventional	ce384	136	0	24.739809	0	14	7	1.097266	3.798687	16.338233	3.505623	2.024036	0
holistic	he374	137	0.584575	0.096010	1	1	4	0	0.096010	0	0	0	2.357163
conventional	ce385	137	0	42.033414	0	14	7	1.936725	6.043933	18.809450	15.243306	0	0
conventional	ce386	137	0	25.937161	0	14	7	4.900477	5.753894	11.238783	4.044007	0	0
conventional	ce387	137	0	16.058675	0	14	7	1.992115	2.496566	6.661795	4.908199	0	0
conventional	ce388	137	0	26.996023	0	14	7	9.324405	4.900546	7.365836	5.405236	0.276695	0
conventional	ce389	137	0	26.969273	0	14	7	9.187551	4.783650	7.434963	5.563109	0.533123	0
conventional	ce390	137	0.821814	16.187201	1	14	7	5.122916	0.212222	7.477636	3.374427	0	0
conventional	ce391	137	0	21.353775	0	14	7	4.122529	2.444502	5.333429	9.453315	0	0
conventional	ce392	137	0	43.504536	0	14	7	6.991144	4.255179	19.190195	13.068018	0.316439	0
holistic	he375	138	0	0	0	0	5	0	0	0	0	0	3.465872
holistic	he376	138	0	0	0	0	2	0	0	0	0	0	0
conventional	ce393	138	0	30.914963	0	14	7	2.071166	3.043024	14.029098	11.771675	0	0
conventional	ce394	138	0	25.234538	0	14	7	3.878267	1.842365	14.927103	4.586803	0.919000	0
conventional	ce395	138	0	36.080078	0	14	7	2.317140	4.291092	21.768091	7.703755	1.495051	0
conventional	ce396	138	0	22.309049	0	14	7	3.251211	3.138631	7.584307	8.334900	0	0
holistic	he377	139	0.607171	0.099721	1	1	4	0	0.099721	0	0	0	0.922835
holistic	he378	139	0.614790	0.100972	2	2	5	0	0.100972	0	0	0	4.714326
holistic	he379	139	0.584575	0.806607	1	2	4	0	0.806607	0	0	0	1.270182
conventional	ce397	139	0	37.737594	0	14	7	4.828323	4.257047	18.374505	10.277719	0.316439	0
conventional	ce398	139	0	31.392981	0	14	7	2.333400	2.811116	17.772424	8.476041	0	0
conventional	ce399	139	0	23.560785	0	14	7	4.765824	4.474134	7.389142	6.931685	0	0
conventional	ce400	139	0	41.848167	0	14	7	3.221498	7.292092	18.214770	13.119807	0	0
holistic	he380	140	4.241368	9.608378	2	10	4	0	9.608378	0	0	0	3.828784
conventional	ce401	140	0	34.620010	0	14	7	0.758392	3.715546	16.994265	13.151807	0	0
conventional	ce402	140	0	18.026115	0	14	7	2.880879	3.086320	10.397869	1.661047	0.156818	0
conventional	ce403	140	0	29.354126	0	14	7	2.178746	2.377871	17.735010	7.062499	0.840165	0
holistic	he381	142	0.447431	2.167269	1	5	6	0.063068	2.104201	0	0	0	2.247008
holistic	he382	142	0.037494	0.002722	2	2	6	0	0.002722	0	0	0	4.865730
holistic	he383	142	0	0	0	0	1	0	0	0	0	0	0
conventional	ce404	142	0	22.939531	0	14	7	3.860417	8.297281	6.786580	3.995253	0.801772	0
conventional	ce405	142	0.440772	53.154825	1	14	7	2.714984	9.581444	23.090679	17.767718	0.069026	0
conventional	ce406	142	0	40.609123	0	14	7	3.156712	7.495807	20.687479	9.269125	1.110801	0
holistic	he384	143	2.120684	2.848040	1	3	4	0	2.848040	0	0	0	3.824064
holistic	he385	143	0.447431	4.316285	1	5	6	1.443746	2.872539	0	0	0	2.577045
holistic	he386	143	0	0	0	0	6	0	0	0	0	0	4.130054
holistic	he387	143	0	0	0	0	2	0	0	0	0	0	0
conventional	ce407	143	0	33.439375	0	14	7	6.527924	2.350683	13.809603	10.751165	0	0
conventional	ce408	143	0	39.442758	0	14	7	4.271936	5.730629	17.230461	12.209732	0.316439	0
conventional	ce409	143	0	28.909949	0	14	7	6.994164	6.465138	7.940009	7.510638	0.260187	0
conventional	ce410	143	0	45.289967	0	14	7	2.978164	7.039973	16.658412	18.613418	0.069026	0
holistic	he388	144	0.247044	7.762692	2	12	5	0.995920	6.766772	0	0	0	5.042868
holistic	he389	144	0.598091	0.045448	1	1	4	0	0.045448	0	0	0	2.608686
conventional	ce411	144	0	25.441721	0	14	7	4.736213	3.688634	11.109582	5.907292	0	0
conventional	ce412	144	0	29.034594	0	14	7	3.042955	5.928900	15.714242	4.348497	0	0
holistic	he390	145	3.556620	10.188248	2	6	5	1.473987	8.714261	0	0	0	1.004302
holistic	he391	145	0	0	0	0	4	0	0	0	0	0	0
conventional	ce413	145	0	37.298226	0	14	7	0.358143	4.126367	18.309948	14.503768	0	0
conventional	ce414	145	0	22.133287	0	14	7	2.585940	7.463940	8.161237	3.922170	1.215643	0
conventional	ce415	145	0.277532	18.043709	1	14	7	3.107569	1.872821	7.776377	5.286942	0	0
holistic	he392	146	0	0	0	0	6	0	0	0	0	0	4.130054
holistic	he393	146	0.584575	0.063720	1	1	4	0	0.063720	0	0	0	2.357163
holistic	he394	146	0	0	0	0	4	0	0	0	0	0	2.065027
holistic	he395	146	3.613590	14.231400	2	14	6	0.754564	13.476836	0	0	0	3.661044
holistic	he396	146	0	0	0	0	1	0	0	0	0	0	0
conventional	ce416	146	0.821814	21.802087	1	14	7	4.812964	1.586593	5.123185	10.279345	0	0
conventional	ce417	146	0	31.033688	0	14	7	8.050582	2.410885	16.320204	4.252017	0.039732	0
holistic	he397	147	0	0	0	0	1	0	0	0	0	0	0
holistic	he398	147	3.556620	9.325294	2	5	4	0.982658	8.342636	0	0	0	1.004302
holistic	he399	147	4.698972	11.173894	2	14	6	1.294784	9.879110	0	0	0	3.661044
holistic	he400	147	1.845200	2.377914	1	5	4	0.565678	1.812236	0	0	0	2.393738
conventional	ce418	147	0	35.556507	0	14	7	7.923973	5.211123	10.441745	11.979666	0.316439	0
conventional	ce419	147	0	28.456298	0	14	7	4.241270	4.712549	12.328732	7.173747	0.276695	0
holistic	he401	148	2.617980	5.248682	1	7	6	0.740337	4.508345	0	0	0	1.940442
holistic	he402	148	0	2.662143	0	3	6	0	2.662143	0	0	0	1.851053
holistic	he403	148	0.607171	3.271148	1	5	4	0.076376	3.194772	0	0	0	2.593084
conventional	ce420	148	0.274021	24.802755	1	14	7	4.704219	4.596037	12.071490	3.431009	0.469678	0
conventional	ce421	148	0	23.045529	0	14	7	7.543236	3.774262	6.430504	5.297527	0.742607	0
holistic	he404	149	2.909515	9.008688	2	6	5	2.016189	6.992499	0	0	0	1.004302
holistic	he405	149	4.698972	12.747790	2	18	8	2.868680	9.879110	0	0	0	3.661044
conventional	ce422	149	0	22.076030	0	14	7	4.142125	1.955973	5.869713	10.108219	0	0
conventional	ce423	149	0	45.249291	0	14	7	4.069373	4.708249	21.939769	14.531900	0.316439	0
holistic	he406	150	0	0	0	0	1	0	0	0	0	0	0
holistic	he407	150	2.331095	0.382856	1	1	8	0	0.382856	0	0	0	5.116540
holistic	he408	150	0.670235	4.948190	2	6	10	0.342231	4.383155	0.222804	0	0	3.015249
holistic	he409	150	0.306290	3.804083	1	5	4	0.206052	3.598031	0	0	0	1.583458
conventional	ce424	150	0	39.461795	0	14	7	3.949985	3.198954	21.677158	10.635698	1.539707	0
holistic	he410	151	0	0	0	0	1	0	0	0	0	0	0
holistic	he411	151	1.047553	0.079602	1	1	4	0	0.079602	0	0	0	2.608686
holistic	he412	151	1.509455	0.247911	1	1	4	0	0.247911	0	0	0	2.357163
holistic	he413	151	1.101914	1.101914	2	2	6	0	1.101914	0	0	0	3.829636
conventional	ce425	151	0.785276	24.003305	1	14	7	6.801125	4.117857	8.910374	4.173949	0.260187	0
conventional	ce426	151	0	29.408965	0	14	7	9.697040	5.478556	9.776736	4.456633	0.533123	0
conventional	ce427	151	0	22.828281	0	14	7	5.746851	2.354736	8.301275	6.425419	0	0
conventional	ce428	151	0	36.126814	0	14	7	2.761442	3.859019	18.490897	11.015456	0.316439	0
holistic	he414	152	0	0	0	0	1	0	0	0	0	0	0
holistic	he415	152	0	0	0	0	3	0	0	0	0	0	0
conventional	ce429	152	0	31.002275	0	14	7	6.767812	4.427377	8.361967	11.445119	0	0
conventional	ce430	152	0	23.646895	0	14	7	7.836626	3.346449	8.387427	4.076393	0.276695	0
holistic	he416	153	1.000426	0.583484	2	2	5	0	0.583484	0	0	0	4.529014
holistic	he417	153	8.881640	31.759439	5	29	8	9.357326	22.402113	0	0	0	5.491566
holistic	he418	153	2.856930	1.184540	2	2	7	0	1.184540	0	0	0	3.623462
conventional	ce431	153	0	22.546508	0	14	7	3.964631	2.428119	5.681004	10.472754	0.931821	0
conventional	ce432	153	0	30.978511	0	14	7	3.501414	5.251271	19.825583	2.400243	0.069106	0
holistic	he419	154	0.550957	0.035658	1	1	2	0	0.035658	0	0	0	1.914818
holistic	he420	154	4.698972	11.173894	2	14	6	1.294784	9.879110	0	0	0	3.661044
holistic	he421	154	0.848990	0.519300	2	2	3	0	0.519300	0	0	0	5.217372
holistic	he422	154	0	0	0	0	1	0	0	0	0	0	0
conventional	ce433	154	0	31.792299	0	14	7	1.240638	2.173844	15.718119	12.659698	0	0
conventional	ce434	154	0	31.942925	0	14	7	11.316147	6.329703	7.695575	6.601500	2.166316	0
conventional	ce435	154	0.563725	28.679618	1	14	7	4.183213	4.090145	12.270833	8.135427	0.276695	0
conventional	ce436	154	0	24.441098	0	14	7	2.739249	6.790054	9.802117	5.109678	1.110801	0
conventional	ce437	154	0	30.543111	0	14	7	5.491378	6.962017	7.389142	10.700574	0	0
conventional	ce438	154	0	29.942489	0	14	7	2.528100	4.206327	15.900261	7.307801	0	0
holistic	he423	155	0	0	0	0	6	0	0	0	0	0	1.804146
holistic	he424	155	0.670235	4.377306	2	6	10	0.295951	3.858551	0.222804	0	0	3.124706
holistic	he425	155	0.116758	0.070304	2	2	5	0	0.070304	0	0	0	1.707622
holistic	he426	155	0.447431	3.070156	1	5	12	0.168542	2.901614	0	0	0	2.911471
conventional	ce439	155	0	46.395684	0	14	7	4.591923	7.687907	17.127311	16.988543	0	0
conventional	ce440	155	0	29.288581	0	14	7	2.476445	1.901295	18.534924	6.375917	0.840165	0
conventional	ce441	155	0	22.827409	0	14	7	6.500605	3.513211	8.607430	4.206163	0.260187	0
conventional	ce442	155	0	33.478346	0	14	7	1.195399	3.019670	18.705060	10.558217	0	0
holistic	he427	156	7.048458	20.708073	3	27	8	3.227265	17.480808	0	0	0	5.824683
holistic	he428	156	0.447431	4.653715	1	5	9	0.270560	4.383155	0	0	0	2.815787
holistic	he429	156	0.500213	0.322698	1	1	4	0	0.322698	0	0	0	2.515948
conventional	ce443	156	0	25.464013	0	14	7	7.622220	3.816936	6.867913	7.156944	0.533123	0
holistic	he430	157	0.300583	1.044252	1	5	4	0.018924	1.025328	0	0	0	3.353925
holistic	he431	157	0	0	0	0	3	0	0	0	0	0	0
holistic	he432	157	1.310446	0.099578	2	2	6	0	0.099578	0	0	0	5.217372
conventional	ce444	157	0	26.293347	0	14	7	3.187809	6.605244	10.987908	5.512386	1.110801	0
conventional	ce445	157	0	27.491524	0	14	7	9.415952	4.743834	6.175418	7.156320	0.193388	0
conventional	ce446	157	0	19.797939	0	14	7	2.554321	2.463089	12.659648	2.120881	0.156818	0
conventional	ce447	157	0	34.017842	0	14	7	0.558622	4.010872	16.119739	13.328609	0	0
conventional	ce448	157	0	43.103321	0	14	7	3.997037	5.394715	21.836345	11.875224	0.316439	0
holistic	he433	158	0	5.270626	0	10	7	0.991336	4.279290	0	0	0	2.751598
holistic	he434	158	2.141918	4.156383	1	5	4	0.554880	3.601503	0	0	0	3.236474
holistic	he435	158	0.607171	0.099721	1	1	2	0	0.099721	0	0	0	0.913764
conventional	ce449	158	0	29.075758	0	14	7	4.828627	4.797887	12.941230	6.508014	0.075701	0
conventional	ce450	158	0	27.613941	0	14	7	1.646239	8.021099	12.620596	5.326007	0	0
conventional	ce451	158	0.277532	19.333898	1	14	7	3.651732	0.706710	10.067835	4.907621	0	0
holistic	he436	159	2.141918	5.094227	1	5	4	0.554880	4.539347	0	0	0	3.354878
holistic	he437	159	0.607171	0.043247	1	1	4	0	0.043247	0	0	0	0.922835
holistic	he438	159	0	0	0	0	4	0	0	0	0	0	2.858167
conventional	ce452	159	0	49.117894	0	14	7	8.763435	5.781480	22.089701	12.483278	0.316439	0
conventional	ce453	159	0	22.728413	0	14	7	2.876735	3.612587	11.173585	5.065506	0	0
conventional	ce454	159	0	42.240748	0	14	7	2.913571	4.665055	18.349835	16.312287	0	0
conventional	ce455	159	0	21.223145	0	14	7	7.048625	2.224383	6.801189	5.148948	0.406296	0
conventional	ce456	159	0.821814	21.307481	1	14	7	5.980934	0.240073	6.096404	8.990070	1.456993	0
holistic	he439	160	0.247044	8.216970	2	22	5	1.056904	7.160066	0	0	0	4.948906
conventional	ce457	160	0	28.572239	0	14	7	7.700179	2.561582	9.194771	9.115707	0.260187	0
holistic	he440	161	0.247044	11.509514	2	12	10	1.498896	10.010618	0	0	0	5.042868
holistic	he441	161	0.116758	0.682526	2	12	5	0.077196	0.605330	0	0	0	3.899968
holistic	he442	161	0.242310	4.073153	1	5	6	0.416346	3.656807	0	0	0	2.744092
conventional	ce458	161	0	36.986008	0	14	7	5.809868	3.428699	18.659542	9.087899	0.276695	0
conventional	ce459	161	0	28.626865	0	14	7	9.320904	4.086123	10.482253	4.737585	0.533123	0
conventional	ce460	161	0.026878	15.686067	1	14	7	3.370621	3.001352	7.305921	2.008173	0.204718	0
conventional	ce461	162	0	26.710569	0	14	7	2.115431	6.616896	12.590618	5.387624	0	0
conventional	ce462	162	0	21.824890	0	14	7	2.665840	2.785951	13.188329	3.184770	0.840165	0
holistic	he443	163	5.393600	17.466392	2	8	3	0	17.466392	0	0	0	5.532002
holistic	he444	163	3.556620	10.880416	2	6	5	1.662717	9.217699	0	0	0	1.004302
conventional	ce463	163	0	29.312764	0	14	7	2.494792	2.566888	16.880998	7.370086	0	0
conventional	ce464	163	0	47.883969	0	14	7	2.943178	5.880419	20.010589	19.049783	0.037544	0
holistic	he445	164	0.598091	0.057762	1	1	4	0	0.057762	0	0	0	2.346181
holistic	he446	165	2.141918	5.094227	1	5	4	0.554880	4.539347	0	0	0	4.340451
holistic	he447	165	0.684762	8.611554	2	12	5	0.995920	7.615634	0	0	0	4.073834
conventional	ce465	166	0	35.381537	0	14	7	1.421210	5.172446	15.889194	12.898687	0	0
holistic	he448	167	0.670235	3.016107	2	6	9	0.295951	2.497352	0.222804	0	0	3.124706
conventional	ce466	167	0	31.683915	0	14	7	6.370452	5.573097	10.487034	9.253332	0.276695	0
conventional	ce467	167	0	34.012202	0	14	7	0.248613	5.421017	16.226879	12.115693	0	0
holistic	he449	168	0.123522	0.732697	1	5	4	0.497960	0.234737	0	0	0	3.324627
holistic	he450	168	4.241368	6.370570	2	2	3	0	6.370570	0	0	0	1.281162
conventional	ce468	168	0	21.798594	0	14	7	7.472377	5.009151	5.063419	4.253647	0.241227	0
holistic	he451	169	0.607171	0.099721	1	1	2	0	0.099721	0	0	0	0.818645
conventional	ce469	169	0	37.756415	0	14	7	1.020975	3.940246	20.113834	12.681360	0	0
conventional	ce470	170	0.821814	21.721396	1	14	7	5.483492	1.306265	5.941569	8.990070	1.407286	0
conventional	ce471	170	0	28.578035	0	14	7	7.565145	6.057981	6.689575	8.265334	0.260187	0
holistic	he452	171	0	0	0	0	3	0	0	0	0	0	0
conventional	ce472	171	0	27.785028	0	14	7	2.892480	7.653291	11.026136	6.213121	1.110801	0
holistic	he453	172	0.306290	3.857296	1	5	4	0.248980	3.608316	0	0	0	1.583458
conventional	ce473	172	0	25.236387	0	14	7	9.603680	3.663270	7.718028	4.251409	0	0
holistic	he454	173	0	0	0	0	1	0	0	0	0	0	0
holistic	he455	173	0.893039	3.069737	3	7	12	0.684462	1.939667	0.445608	0	0	3.170140
conventional	ce474	173	0	22.320225	0	14	7	2.916987	8.512514	7.175949	3.714775	1.420547	0
holistic	he456	175	0	0	0	0	4	0	0	0	0	0	2.600213
conventional	ce475	175	0	31.886106	0	14	7	0.923473	2.521151	15.526002	12.915480	0	0
holistic	he457	176	0.893039	2.887171	3	7	10	0.591902	1.849661	0.445608	0	0	2.613022
conventional	ce476	176	0	26.835820	0	14	7	7.881872	3.597377	8.660607	6.695964	0.260187	0
holistic	he458	177	4.339250	8.916648	2	10	4	0	8.916648	0	0	0	3.784234
holistic	he459	177	0.598091	0.045448	1	1	4	0	0.045448	0	0	0	2.495578
holistic	he460	179	1.115843	6.431548	4	10	18	0.887853	4.875283	0.668412	0	0	1.933459
holistic	he461	180	0	0	0	0	4	0	0	0	0	0	0
holistic	he462	180	1.196182	13.682759	2	11	6	13.591863	0.090896	0	0	0	3.997344
holistic	he463	180	2.863974	13.124018	2	12	5	0.995920	12.128098	0	0	0	4.014470
conventional	ce477	180	0	31.093395	0	14	7	5.318246	7.345318	7.374375	11.055456	0	0
conventional	ce478	180	0	26.037792	0	14	7	7.109558	3.557803	7.877755	7.492676	0.360336	0
holistic	he464	181	0.893039	1.852307	3	5	14	0.902904	0.503795	0.445608	0	0	3.170140
conventional	ce479	181	0	25.035599	0	14	7	5.659147	2.815264	8.019360	8.541828	1.069730	0
conventional	ce480	182	0	23.964105	0	14	7	3.335396	6.791746	9.559674	4.277289	1.110801	0
holistic	he465	183	0	0	0	0	4	0	0	0	0	0	0
holistic	he466	183	0	6.385542	0	10	7	2.106252	4.279290	0	0	0	2.751598
conventional	ce481	183	0.277532	24.204624	1	14	7	3.629295	3.554264	10.797468	6.223597	0	0
conventional	ce482	183	0	22.812725	0	14	7	7.477601	3.491119	7.825484	4.018521	0.276695	0
holistic	he467	184	0	0	0	0	5	0	0	0	0	0	0
holistic	he468	184	5.773536	12.320416	2	18	8	1.805560	10.514856	0	0	0	3.661044
holistic	he469	184	0.123522	2.991141	1	7	4	0.678258	2.312883	0	0	0	3.023732
holistic	he470	184	1.049213	0.133035	1	2	4	0	0.133035	0	0	0	2.346181
holistic	he471	184	4.248672	5.133712	2	4	8	0	5.133712	0	0	0	6.013896
conventional	ce483	185	0	44.309708	0	14	7	1.942128	6.654747	17.091832	18.621001	0.672830	0
conventional	ce484	185	0	21.018734	0	14	7	2.168711	6.637232	9.163061	3.049730	1.248975	0
conventional	ce485	185	0	32.672690	0	14	7	1.171447	9.725600	13.181816	8.593827	0	0
conventional	ce486	185	0	14.045096	0	14	7	2.194153	2.544258	6.356364	2.950321	0	0
conventional	ce487	186	0	39.927480	0	14	7	6.559221	6.760416	16.765646	9.842197	0.316439	0
conventional	ce488	186	0	25.229596	0	14	7	3.233447	3.733118	6.650503	11.612528	0.931821	0
holistic	he472	187	0	1.520436	0	2	3	1.520436	0	0	0	0	0
conventional	ce489	187	0	28.993427	0	14	7	4.625252	5.859100	12.189702	6.319373	0.276695	0
conventional	ce490	187	0	29.275596	0	14	7	2.282682	4.680188	12.794312	9.518414	0	0
conventional	ce491	187	0.026878	18.387836	1	14	7	3.314906	1.393759	11.779383	1.899788	0.156818	0
conventional	ce492	187	0.026878	13.113998	1	14	7	2.644933	2.221473	6.041514	2.206078	0.204718	0
conventional	ce493	187	0.821814	20.464362	1	14	7	5.737274	1.317173	3.916694	9.493221	0	0
holistic	he473	188	0	5.270626	0	10	7	0.991336	4.279290	0	0	0	2.453604
holistic	he474	188	2.349486	1.390031	1	1	3	0	1.390031	0	0	0	1.830522
holistic	he475	188	4.698972	13.877494	2	18	8	2.868680	11.008814	0	0	0	3.484950
holistic	he476	188	1.509455	0.247911	1	1	4	0	0.247911	0	0	0	2.434278
conventional	ce494	188	0	48.463214	0	14	7	4.883529	4.872333	24.122906	14.584446	0.316439	0
holistic	he477	189	0.614790	0.100972	2	2	5	0	0.100972	0	0	0	4.553208
holistic	he478	189	0	0	0	0	3	0	0	0	0	0	0
conventional	ce495	189	0	27.667552	0	14	7	3.654013	1.994736	15.596013	6.422790	0.840165	0
conventional	ce496	189	0.543375	18.924965	1	14	7	3.004021	3.109712	10.375480	2.435752	0.527436	0
holistic	he479	190	0.425950	1.845100	2	6	10	0.684462	0.734688	0.425950	0	0	3.170140
conventional	ce497	190	0	26.892752	0	14	7	7.705775	3.758192	8.328579	7.100206	0.260187	0
conventional	ce498	190	0	19.775040	0	14	7	3.000374	1.928625	12.721282	2.124759	0.786887	0
conventional	ce499	191	0	22.158023	0	14	7	3.283961	7.330162	6.801905	4.741995	1.215643	0
conventional	ce500	191	0	25.670641	0	14	7	3.875066	5.901030	10.184057	5.710488	1.110801	0
holistic	he480	192	0.167110	11.398288	2	12	10	1.498896	9.899392	0	0	0	5.466730
holistic	he481	192	0.584575	0.096010	1	1	4	0	0.096010	0	0	0	2.398418
holistic	he482	192	0.005002	0.710879	1	3	2	0	0.710879	0	0	0	2.743139
conventional	ce501	192	0	40.402527	0	14	7	8.521898	2.821289	13.107943	15.951397	0	0
conventional	ce502	192	0	23.823423	0	14	7	3.529704	2.402276	11.588234	6.303209	0.260187	0
conventional	ce503	193	0	27.917964	0	14	7	1.421621	4.213053	13.929849	8.353441	0	0
conventional	ce504	194	0.026878	24.328884	1	14	7	4.022161	4.126320	13.834333	2.346070	0.129890	0
conventional	ce505	195	0	35.274717	0	14	7	0.461171	4.230474	16.469026	14.114046	0	0
conventional	ce506	195	0	23.305225	0	14	7	2.310190	8.388195	9.593659	3.013181	1.215643	0
holistic	he483	196	1.509455	0.919712	1	1	6	0	0.919712	0	0	0	2.357163
holistic	he484	196	1.310446	0.099578	2	2	6	0	0.099578	0	0	0	6.085848
holistic	he485	196	0	0	0	0	8	0	0	0	0	0	0
conventional	ce507	196	0	31.116574	0	14	7	1.296083	9.344008	12.898975	7.577508	0.509787	0
holistic	he486	197	0.247044	11.509514	2	12	8	1.498896	10.010618	0	0	0	4.988878
conventional	ce508	197	0.547745	20.969679	1	14	7	2.480848	7.563280	7.635972	3.289579	1.110801	0
conventional	ce509	197	0.274021	14.139458	1	14	7	2.305959	0.874217	5.834019	5.125263	0.055612	0
conventional	ce510	197	0	33.326040	0	14	7	2.241264	6.199211	13.883630	11.001935	0.855893	0
conventional	ce511	197	0.277532	21.285375	1	14	7	1.239606	3.299876	9.817549	6.928344	0	0
conventional	ce512	197	0.543375	15.128034	1	14	7	2.187981	0.659525	9.825610	2.454918	0.778710	0
conventional	ce513	197	0	44.034536	0	14	7	6.491529	5.598100	20.827286	11.117621	0.050520	0
conventional	ce514	198	0	30.352988	0	14	7	5.360522	4.938456	12.773819	7.280191	0.533123	0
holistic	he487	199	0	1.520436	0	2	3	1.520436	0	0	0	0	0
holistic	he488	199	0.893039	1.013683	3	5	14	0.064280	0.503795	0.445608	0	0	3.372384
conventional	ce515	199	0.026878	31.509813	1	14	7	2.696358	9.060869	12.443421	7.309165	0.156818	0
conventional	ce516	199	0	35.650449	0	14	7	0.902843	6.157532	15.920850	12.669224	0	0
conventional	ce517	199	0	27.511584	0	14	7	9.735363	3.585104	9.448648	4.742469	0	0
conventional	ce518	199	0	30.046453	0	14	7	3.613251	6.049615	14.998492	5.385095	0	0
holistic	he489	200	0.447431	3.631155	1	5	10	0.541120	3.090035	0	0	0	2.587096
holistic	he490	200	0.116758	0.070304	2	2	5	0	0.070304	0	0	0	1.707622
conventional	ce519	200	0	38.921044	0	14	7	8.850889	2.522370	10.943504	16.604281	0.317420	0
conventional	ce520	200	0	32.865826	0	14	7	6.485332	4.997016	11.021113	10.362365	0.276695	0
conventional	ce521	200	0.543375	21.439948	1	14	7	3.677186	2.823552	10.929653	4.009557	0.527436	0
conventional	ce522	200	0	25.171489	0	14	7	5.454264	3.847445	12.559603	3.310177	0.786887	0
conventional	ce523	200	0.026878	15.006066	1	14	7	2.969843	2.782471	7.330901	1.922851	0.442021	0
conventional	ce524	200	0.821814	22.597486	1	14	7	4.588654	1.720151	6.153113	10.135568	0	0
conventional	ce525	201	0	33.156797	0	14	7	4.377823	6.232021	14.376591	8.170362	0.536993	0
conventional	ce526	202	0	19.631752	0	14	7	2.330606	5.354390	7.572237	4.374519	0.276695	0
holistic	he491	203	0.684762	8.856750	2	12	6	1.241116	7.615634	0	0	0	4.073834
holistic	he492	203	0	1.520436	0	2	3	1.520436	0	0	0	0	0
conventional	ce527	203	0	23.322151	0	14	7	3.243592	2.723210	12.509491	4.845858	0	0
conventional	ce528	203	0	34.131705	0	14	7	5.201661	6.509376	10.075010	12.345658	1.215643	0
conventional	ce529	203	0.112443	10.040572	1	14	7	2.266844	2.347976	3.558464	1.867288	0.204718	0
conventional	ce530	203	0.821814	23.269620	1	14	7	3.634610	1.374070	15.121144	3.139796	1.088858	0
conventional	ce531	203	0	26.716705	0	14	7	1.301889	2.130326	12.967890	10.316600	0	0
holistic	he493	204	4.698972	12.747790	2	18	8	2.868680	9.879110	0	0	0	5.054410
holistic	he494	204	1.194221	6.156638	4	10	18	1.026693	4.383155	0.746790	0	0	3.265292
conventional	ce532	204	0	19.883216	0	14	7	3.471352	2.118760	11.047789	3.245315	0.631727	0
conventional	ce533	204	0	24.515744	0	14	7	1.913879	8.442150	9.495676	4.664039	1.215643	0
holistic	he495	205	0.247044	8.263990	2	22	5	1.056904	7.207086	0	0	0	4.794554
conventional	ce534	205	0	22.174985	0	14	7	3.021172	6.851577	8.089030	4.213206	1.110801	0
conventional	ce535	205	0.277532	21.656141	1	14	7	4.870520	0.758650	13.736947	2.290024	0	0
conventional	ce536	205	0.026878	13.590360	1	14	7	2.509863	2.360365	5.522564	3.197568	0.204718	0
conventional	ce537	205	1.546705	24.997129	1	14	7	6.651564	1.253013	7.172181	9.920371	1.407286	0
holistic	he496	206	3.690400	5.832914	2	12	5	0.931556	4.901358	0	0	0	4.787476
holistic	he497	206	0.500213	0.322698	1	1	4	0	0.322698	0	0	0	2.294084
holistic	he498	206	0.307395	0.093529	1	1	4	0	0.093529	0	0	0	2.453618
conventional	ce538	206	0	25.551107	0	14	7	4.924448	1.878380	7.900815	10.847464	0	0
conventional	ce539	206	0.543375	23.649664	1	14	7	3.602339	3.877969	11.224754	4.944602	0.527436	0
conventional	ce540	206	0	29.393068	0	14	7	7.663859	6.710509	6.322996	8.695704	0.260187	0
conventional	ce541	206	0	24.348256	0	14	7	6.078899	2.153602	5.487851	10.627904	0	0
holistic	he499	207	0	2.662143	0	3	6	0	2.662143	0	0	0	1.851053
holistic	he500	207	1.376577	1.365406	1	5	4	0.090718	1.274688	0	0	0	3.354878
holistic	he501	207	0.598091	0.226231	1	1	4	0	0.226231	0	0	0	2.346181
conventional	ce542	207	0	25.559950	0	14	7	2.150612	7.722921	11.477473	4.208944	0	0
holistic	he502	208	0.607171	0.099721	1	1	2	0	0.099721	0	0	0	0.818645
conventional	ce543	208	0.543375	21.067570	1	14	7	3.539942	3.398842	11.496910	2.631876	0.527436	0
conventional	ce544	208	0	24.448735	0	14	7	5.416488	4.629554	3.988668	10.414025	0.848211	0
holistic	he503	209	0	5.566056	0	10	7	1.046904	4.519152	0	0	0	3.954832
holistic	he504	209	0	0	0	0	3	0	0	0	0	0	0
holistic	he505	209	0	0	0	0	2	0	0	0	0	0	0
conventional	ce545	209	0.543375	35.251231	1	14	7	6.688341	6.290431	10.363085	11.909374	0.527436	0
conventional	ce546	209	0	37.319551	0	14	7	7.900358	6.177196	13.765047	9.476950	0.849315	0
conventional	ce547	209	0	38.313476	0	14	7	3.278047	6.404262	17.432918	11.198249	0.249575	0
holistic	he506	210	0.670235	2.849395	2	6	9	0.295951	2.330640	0.222804	0	0	3.124706
holistic	he507	210	0	0	0	0	1	0	0	0	0	0	0
conventional	ce548	210	0.543375	21.253757	1	14	7	3.004021	4.017635	11.188520	3.043581	0.835164	0
holistic	he508	211	1.194221	6.156638	4	10	18	1.026693	4.383155	0.746790	0	0	2.707151
holistic	he509	211	0	0	0	0	3	0	0	0	0	0	0
holistic	he510	211	0	0	0	0	2	0	0	0	0	0	0
conventional	ce549	211	0	18.055111	0	14	7	3.040740	1.385749	11.276822	2.351800	0.846659	0
holistic	he511	212	7.048458	17.756712	3	27	8	3.227265	14.529447	0	0	0	5.824683
conventional	ce550	212	0	26.438216	0	14	7	7.439039	2.407860	6.051116	10.540201	0.848211	0
conventional	ce551	212	0.611252	12.652547	1	14	7	1.687651	1.787620	6.414849	2.762427	0.204718	0
conventional	ce552	212	0	29.933674	0	14	7	2.524675	6.721693	14.275349	6.411957	0	0
holistic	he512	213	0.589439	5.905144	4	10	18	0.887853	4.875283	0.142008	0	0	1.690684
holistic	he513	213	0.307395	0.093529	1	1	4	0	0.093529	0	0	0	3.112993
holistic	he514	213	0	0	0	0	2	0	0	0	0	0	0
conventional	ce553	213	0	25.087940	0	14	7	3.443991	6.512432	9.491535	5.639982	0.260187	0
conventional	ce554	213	0	26.539448	0	14	7	5.177501	4.101010	10.894097	6.366840	0.533123	0
holistic	he515	214	0	6.075746	0	10	7	1.796456	4.279290	0	0	0	2.453604
holistic	he516	214	0.622794	0.360786	2	2	4	0.360786	0	0	0	0	0
holistic	he517	214	0	0	0	0	2	0	0	0	0	0	0
conventional	ce555	214	0	26.058228	0	14	7	6.563620	2.297870	12.215522	4.981216	0.260187	0
conventional	ce556	214	1.169420	22.019060	1	14	7	4.623468	0.941964	12.759887	3.693741	0.092446	0
conventional	ce557	214	0.059095	9.848596	1	14	7	0.952782	2.191368	5.835542	0.868904	0.052980	0
conventional	ce558	214	0.619379	17.040655	1	14	7	3.810389	2.646797	4.132728	6.450741	0	0
conventional	ce559	214	0	28.299963	0	14	7	1.904137	5.137209	12.646252	8.612365	0	0
conventional	ce560	214	0.543375	35.057475	1	14	7	5.142553	10.326958	13.676255	5.911709	0.527436	0
holistic	he518	215	0	0	0	0	1	0	0	0	0	0	0
holistic	he519	215	1.972696	0.149902	2	2	6	0	0.149902	0	0	0	6.085848
holistic	he520	216	1.140372	13.573528	2	22	5	1.579964	11.993564	0	0	0	3.829740
holistic	he521	216	0.607171	0.592800	1	1	2	0	0.592800	0	0	0	0.818645
holistic	he522	216	0	0	0	0	2	0	0	0	0	0	0
holistic	he523	216	0	5.845028	0	10	7	1.139300	4.705728	0	0	0	2.453604
holistic	he524	216	0.893039	7.645029	3	9	16	1.061122	6.138299	0.445608	0	0	2.241650
conventional	ce561	216	0	31.355092	0	14	7	0.940608	3.706699	14.936520	11.771265	0	0
holistic	he525	217	0.598091	0.057762	1	1	4	0	0.057762	0	0	0	2.346181
holistic	he526	217	0.945291	7.143773	3	9	16	0.830058	5.815855	0.497860	0	0	3.479364
holistic	he527	217	3.187809	2.735043	3	9	15	0.121362	1.546556	1.067125	0	0	5.051749
holistic	he528	217	4.241368	8.678380	2	11	6	2.280654	6.397726	0	0	0	9.334074
holistic	he529	217	0	1.430092	0	2	3	1.430092	0	0	0	0	0
conventional	ce562	217	0	24.602418	0	14	7	1.845368	6.804940	12.161740	3.790370	0.560652	0
conventional	ce563	217	0.026878	12.992602	1	14	7	2.608737	1.468861	5.373497	3.541507	0.204718	0
holistic	he530	218	0.462060	0.075888	2	2	5	0	0.075888	0	0	0	4.908510
holistic	he531	218	0.542517	2.645065	3	7	12	0.684462	1.514995	0.445608	0	0	3.225246
holistic	he532	218	0.247044	14.077846	2	12	8	4.067228	10.010618	0	0	0	4.988878
conventional	ce564	218	0.543375	23.119181	1	14	7	3.162199	6.196923	8.650787	5.109272	0.527436	0
conventional	ce565	218	0	23.726681	0	14	7	4.525893	1.969813	13.970218	3.260757	1.033284	0
conventional	ce566	218	1.169420	20.745182	1	14	7	4.378253	0.824832	12.004207	3.537890	0.092446	0
holistic	he533	219	4.241368	8.440176	2	2	3	0	8.440176	0	0	0	1.281162
holistic	he534	219	0.247044	11.388324	2	12	10	1.498896	9.889428	0	0	0	5.042868
holistic	he535	219	0	1.520436	0	2	3	1.520436	0	0	0	0	0
holistic	he536	219	0	0.760218	0	1	2	0.760218	0	0	0	0	0
conventional	ce567	219	0	27.515386	0	14	7	7.368076	5.691712	6.921407	7.534191	0.241701	0
holistic	he537	220	2.337364	1.768843	1	3	6	0	1.768843	0	0	0	3.454464
holistic	he538	220	0.945291	5.527005	3	7	12	0.947024	4.082121	0.497860	0	0	3.265292
holistic	he539	220	1.509455	0.021960	1	1	5	0	0.021960	0	0	0	2.434278
conventional	ce568	220	0	33.693768	0	14	7	9.235347	3.822258	13.442819	7.193344	0	0
conventional	ce569	220	0	28.904876	0	14	7	8.718023	5.943962	6.175178	8.067713	0.244624	0
holistic	he540	221	0	0	0	0	10	0	0	0	0	0	2.453618
holistic	he541	221	0	0	0	0	3	0	0	0	0	0	0
holistic	he542	221	0	3.607680	0	6	7	0	3.607680	0	0	0	2.751598
conventional	ce570	221	1.591426	22.463492	1	14	7	5.372561	1.074370	12.650809	3.365752	0.092446	0
conventional	ce571	221	0.026878	13.123081	1	14	7	2.860868	0.838380	5.614274	3.809559	0.250448	0
conventional	ce572	221	0	32.539164	0	14	7	6.400384	4.769859	12.454541	8.914380	0.276695	0
conventional	ce573	221	0.821814	24.425390	1	14	7	2.597236	6.619104	10.336599	4.872451	0	0
holistic	he543	222	0.614790	0.187058	2	2	14	0	0.187058	0	0	0	3.819894
holistic	he544	222	0	0	0	0	5	0	0	0	0	0	0
holistic	he545	222	1.027143	18.474408	3	21	6	1.493880	16.980528	0	0	0	6.110751
conventional	ce574	222	0	35.650862	0	14	7	1.663876	5.891139	15.317363	12.778484	0	0
conventional	ce575	222	0	23.803871	0	14	7	3.947802	5.481455	8.423304	5.951310	0.791656	0
conventional	ce576	222	0	23.588569	0	14	7	5.689414	0.810238	5.486852	11.602065	0	0
holistic	he546	223	4.803400	2.197722	2	5	6	2.167830	0.029892	0	0	0	7.434698
conventional	ce577	223	0	38.404727	0	14	7	2.350491	6.446000	14.935048	14.673188	0	0
conventional	ce578	223	0.059095	15.925670	1	14	7	1.236353	1.810669	11.046683	1.831965	0.074413	0
holistic	he547	224	0.447431	2.526113	1	3	6	0	2.526113	0	0	0	3.170140
holistic	he548	224	1.929775	3.077865	5	9	12	0.684462	0.911059	1.482344	0	0	4.024516
holistic	he549	224	0.684762	11.214234	2	12	6	3.598600	7.615634	0	0	0	5.363418
conventional	ce579	224	0	22.217616	0	14	7	3.081144	4.574403	6.376713	8.185356	1.711178	0
holistic	he550	225	0	1.520436	0	2	3	1.520436	0	0	0	0	0
holistic	he551	225	1.225765	1.011899	3	3	4	0.918370	0.093529	0	0	0	2.453618
holistic	he552	225	0.362150	1.781300	1	5	10	0.684462	0.734688	0.362150	0	0	3.663735
holistic	he553	225	0	0	0	0	1	0	0	0	0	0	0
conventional	ce580	225	0	23.127274	0	14	7	9.655508	3.131672	7.149221	3.190873	0	0
conventional	ce581	225	1.361148	25.033935	1	14	7	3.701184	1.362298	16.813939	3.156514	1.452846	0
conventional	ce582	226	0	36.381696	0	14	7	7.335221	6.044841	11.681721	11.319913	0.276695	0
holistic	he554	227	0.524378	0.524378	2	2	12	0	0	0.524378	0	0	0
holistic	he555	227	0.887326	19.360486	2	22	8	2.891612	16.468874	0	0	0	3.639096
conventional	ce583	227	0	35.410754	0	14	7	2.110308	7.442975	15.398083	10.459388	0	0
conventional	ce584	227	0	29.695622	0	14	7	5.279254	4.008199	13.013855	7.394314	0.527436	0
conventional	ce585	227	0	26.556501	0	14	7	3.977722	5.881005	4.727471	11.970303	0.931821	0
holistic	he556	228	0	0	0	0	4	0	0	0	0	0	0
holistic	he557	228	2.209128	0.248091	3	6	10	0	0.248091	0	0	0	7.219965
conventional	ce586	228	0	26.422125	0	14	7	5.115248	6.557724	5.063897	9.685256	0	0
conventional	ce587	228	0.543375	41.503377	1	14	7	6.529641	14.687708	11.917931	8.368097	0.527436	0
conventional	ce588	228	1.025121	24.834696	1	14	7	4.207884	4.606351	11.807934	4.212527	0.527436	0
holistic	he558	229	0	0	0	0	3	0	0	0	0	0	0
holistic	he559	229	1.140372	12.580112	2	22	5	1.458252	11.121860	0	0	0	5.661886
conventional	ce589	229	0.981248	25.594051	1	14	7	4.665306	3.583746	7.175864	10.169135	0	0
conventional	ce590	229	0	20.353972	0	14	7	4.750127	2.986529	10.521078	2.096238	0.931821	0
conventional	ce591	230	0	39.212065	0	14	7	3.701700	5.554579	16.527038	13.428748	0.786887	0
conventional	ce592	230	0	27.483717	0	14	7	2.845361	8.258854	10.235339	6.144163	1.110801	0
conventional	ce593	230	0.325046	24.498638	1	14	7	3.757027	2.060720	14.377775	4.303116	1.686198	0
holistic	he560	231	0	0	0	0	1	0	0	0	0	0	0
holistic	he561	231	1.340470	3.156112	4	14	14	0.410664	2.299840	0.445608	0	0	6.340280
conventional	ce594	231	0.821814	23.149159	1	14	7	4.040814	1.209280	12.745189	5.153876	1.088858	0
conventional	ce595	232	0	23.865795	0	14	7	8.878821	3.314219	9.048722	2.624033	0	0
conventional	ce596	232	0	30.181930	0	14	7	6.025820	4.050046	10.008222	10.097842	0.276695	0
conventional	ce597	232	0.026878	23.694452	1	14	7	3.864731	1.805110	10.627878	7.396733	0.637610	0
holistic	he562	233	0.985612	0.054014	2	2	5	0	0.054014	0	0	0	1.714584
conventional	ce598	233	0.550791	21.875834	1	14	7	3.277218	4.047582	10.982170	3.568864	0.527436	0
conventional	ce599	233	0	25.795437	0	14	7	5.763053	4.051366	12.161636	3.819382	0.698941	0
conventional	ce600	234	0	25.376586	0	14	7	2.327613	2.696103	10.242320	10.110550	0	0
holistic	he563	235	0.614790	0.187058	2	2	14	0	0.187058	0	0	0	3.819894
holistic	he564	235	0.247044	11.388324	2	12	10	1.498896	9.889428	0	0	0	4.463856
conventional	ce601	236	0	30.109567	0	14	7	3.996282	3.772302	8.599972	13.741011	0.462723	0
holistic	he565	237	0.492806	0.027007	1	1	6	0	0.027007	0	0	0	0.857292
holistic	he566	237	0	2.890440	0	4	3	2.890440	0	0	0	0	0
conventional	ce602	237	0	27.305306	0	14	7	8.080700	2.509538	5.585261	11.129807	0	0
holistic	he567	239	0	0	0	0	3	0	0	0	0	0	0
holistic	he568	239	3.307607	7.589585	4	10	18	0.346254	4.383155	2.860176	0	0	3.411916
conventional	ce603	239	0	20.254565	0	14	7	5.328376	4.513803	7.066614	3.345772	0	0
conventional	ce604	239	0	45.650585	0	14	7	4.181656	7.859549	14.283829	19.325551	0.672830	0
conventional	ce605	240	1.379818	22.337852	1	14	7	3.462277	1.481236	14.316287	3.078052	1.336737	0
holistic	he569	241	0	5.270626	0	10	7	0.991336	4.279290	0	0	0	4.614298
holistic	he570	241	2.332364	0.734078	2	2	3	0.734078	0	0	0	0	0
conventional	ce606	242	0	24.664152	0	14	7	5.514956	2.085420	5.501730	11.562046	0	0
holistic	he571	243	0	0	0	0	3	0	0	0	0	0	0
holistic	he572	243	0.247044	11.388324	2	12	10	1.498896	9.889428	0	0	0	5.042868
holistic	he573	244	0	0	0	0	2	0	0	0	0	0	0
conventional	ce607	244	0	11.821338	0	14	7	2.359798	0.673225	4.068298	4.720017	0.931821	0
holistic	he574	245	0.742010	1.736972	2	6	10	0.260274	0.734688	0.742010	0	0	2.425860
holistic	he575	245	0	0	0	0	2	0	0	0	0	0	0
conventional	ce608	245	0	35.994712	0	14	7	7.200069	5.996221	13.774112	9.024310	0.276695	0
conventional	ce609	245	0	21.576666	0	14	7	9.416257	2.414119	6.495525	3.250765	0	0
conventional	ce610	246	0.543375	24.335647	1	14	7	3.460185	3.250313	13.791378	3.833771	0.835164	0
conventional	ce611	246	0	32.994163	0	14	7	5.334899	4.423187	14.268324	8.967753	0.276695	0
holistic	he576	247	0.598091	0.306790	1	1	4	0	0.306790	0	0	0	2.346181
conventional	ce612	247	0	31.124702	0	14	7	4.602483	4.100387	13.578965	8.842867	0.527436	0
conventional	ce613	247	0.981248	26.313147	1	14	7	5.164433	3.219259	7.409793	10.519662	0	0
conventional	ce614	247	0	21.335854	0	14	7	2.687854	6.181750	8.678901	3.787349	0.786887	0
conventional	ce615	247	0	18.302040	0	14	7	3.261379	2.507733	10.750680	1.782248	0.884888	0
conventional	ce616	247	0	25.448031	0	14	7	11.345342	4.056423	6.668981	3.377285	0	0
holistic	he577	248	0.377050	0.218424	2	2	4	0.218424	0	0	0	0	0
holistic	he578	248	0	0	0	0	4	0	0	0	0	0	0
holistic	he579	248	0	0	0	0	3	0	0	0	0	0	0
holistic	he580	249	0.373802	11.502520	2	12	10	1.498896	10.003624	0	0	0	5.230638
holistic	he581	249	1.579256	1.113457	4	4	15	0	0.027007	1.086450	0	0	1.628528
conventional	ce617	249	0.543375	36.827909	1	14	7	2.737042	4.550194	14.882648	14.658025	0.527436	0
holistic	he582	250	1.131716	4.890218	1	3	2	0	4.890218	0	0	0	1.808538
conventional	ce618	250	0	15.568016	0	14	7	2.741667	5.512615	4.049697	3.264037	1.267012	0
conventional	ce619	250	0.026878	11.429755	1	14	7	1.384278	3.578828	4.072314	2.394335	0.204718	0
conventional	ce620	251	0.865231	24.730161	1	14	7	4.035437	1.931149	11.867521	6.896054	0.527436	0
conventional	ce621	251	0	36.505624	0	14	7	1.552574	5.572416	13.971837	15.408797	0	0
conventional	ce622	251	1.438805	38.426671	1	14	7	6.692211	5.990604	14.108367	11.635489	0.276695	0
holistic	he583	252	0.985612	0.985612	2	2	5	0	0.985612	0	0	0	1.714584
holistic	he584	253	0	0	0	0	4	0	0	0	0	0	0
holistic	he585	254	1.893118	0.682250	5	5	6	0.582672	0.099578	0	0	0	5.456806
conventional	ce623	254	0	28.693062	0	14	7	5.455492	3.943538	6.956314	12.337718	0.848211	0
conventional	ce624	255	0	25.977022	0	14	7	8.728106	5.248909	7.951243	4.048764	0	0
conventional	ce625	255	0.026878	34.013945	1	14	7	7.106810	3.006954	16.245611	7.654570	0.637610	0
holistic	he586	256	0	1.674264	0	3	4	0.247834	1.426430	0	0	0	2.779413
holistic	he587	257	0	0	0	0	4	0	0	0	0	0	0
holistic	he588	258	3.307607	5.894227	4	10	18	0.299430	2.734621	2.860176	0	0	1.690684
conventional	ce626	258	1.379818	21.085600	1	14	7	3.304552	1.443698	13.827795	2.509555	1.336737	0
holistic	he589	259	0.598091	0.057762	1	1	4	0	0.057762	0	0	0	1.256503
holistic	he590	259	0	0	0	0	1	0	0	0	0	0	0
holistic	he591	259	0.307395	0.135660	1	1	4	0	0.135660	0	0	0	2.453618
conventional	ce627	259	0.026878	18.170336	1	14	7	2.064130	5.833944	5.914336	4.357926	0.204718	0
conventional	ce628	259	0.543375	28.701686	1	14	7	3.378215	10.056064	10.585148	4.682259	0.527436	0
holistic	he592	260	0.684762	9.528132	2	12	6	3.361840	6.166292	0	0	0	5.363418
holistic	he593	260	1.376577	1.281080	1	5	4	0.090718	1.190362	0	0	0	3.354878
conventional	ce629	260	0	27.242203	0	14	7	0.101071	2.172776	14.251801	10.716555	0	0
conventional	ce630	260	0	33.844609	0	14	7	4.657756	8.179801	7.927054	13.079998	0.931821	0
conventional	ce631	260	0	25.436690	0	14	7	6.150266	2.923599	7.866946	8.495879	0	0
conventional	ce632	260	0.543375	31.163294	1	14	7	4.800348	9.597157	9.260099	7.505690	0.527436	0
conventional	ce633	260	0	21.018126	0	14	7	6.399974	2.078416	10.863759	1.675977	1.574105	0
conventional	ce634	261	0	22.583000	0	14	7	3.260926	1.324660	11.106155	6.891259	0.276695	0
conventional	ce635	261	0	26.314871	0	14	7	3.770694	6.278471	10.365799	5.899907	0.791656	0
conventional	ce636	261	0	31.001065	0	14	7	13.477228	4.408651	8.872959	4.242227	0	0
holistic	he594	262	0.614790	0.187058	2	2	14	0	0.187058	0	0	0	1.894806
holistic	he595	262	0	0	0	0	4	0	0	0	0	0	0
conventional	ce637	262	0	22.213666	0	14	7	1.982080	6.361545	10.136353	3.733688	1.110801	0
conventional	ce638	262	0	39.032199	0	14	7	3.756380	5.008663	18.021422	12.245734	0.786887	0
holistic	he596	263	5.327088	6.361732	4	14	8	4.842890	1.518842	0	0	0	7.282736
holistic	he597	263	0.123522	6.135488	1	5	8	1.334674	4.800814	0	0	0	2.584527
holistic	he598	263	4.241368	8.440176	2	2	3	0	8.440176	0	0	0	1.281162
conventional	ce639	263	0	45.755759	0	14	7	3.803440	8.285761	15.775071	17.891487	2.296377	0
conventional	ce640	263	0.026878	27.282344	1	14	7	3.618598	5.889427	5.569489	12.204830	0.556616	0
conventional	ce641	263	0.543375	20.924092	1	14	7	3.247304	3.152324	12.024716	2.499748	0.527436	0
holistic	he599	264	0	5.254398	0	10	5	1.423740	3.830658	0	0	0	0
conventional	ce642	264	0.026878	12.313423	1	14	7	2.599313	1.229331	5.448267	3.036512	0.204718	0
holistic	he600	265	0.903899	3.006447	3	7	12	0.684462	1.514995	0.806990	0	0	3.225246
holistic	he601	265	1.997620	1.647331	1	3	6	0	1.647331	0	0	0	5.541687
conventional	ce643	265	0	23.573694	0	14	7	3.358160	6.260627	8.426107	5.528800	0.260187	0
conventional	ce644	265	0.026878	39.450571	1	14	7	8.510990	3.272957	19.600809	8.065815	0.956080	0
conventional	ce645	265	0	17.099252	0	14	7	3.094544	5.476409	5.597761	2.930538	1.219720	0
holistic	he602	266	0.598091	0.226231	1	1	4	0	0.226231	0	0	0	2.231670
holistic	he603	266	0	0	0	0	1	0	0	0	0	0	0
holistic	he604	266	2.844984	5.775843	3	9	15	1.432647	3.618896	0.724300	0	0	3.991680
conventional	ce646	266	0	43.898685	0	14	7	1.394991	8.427106	22.921052	11.155536	0.249575	0
conventional	ce647	266	0.277758	29.001639	1	14	7	2.698115	10.279886	9.868762	6.154876	0.076377	0
conventional	ce648	266	0.830145	32.581232	1	14	7	1.902096	6.608631	12.515619	11.554886	0	0
conventional	ce649	266	0	19.345074	0	14	7	3.120281	3.372524	8.208745	4.643524	0.260187	0
holistic	he605	267	1.167066	1.167066	3	3	15	0	0	1.167066	0	0	2.425860
holistic	he606	267	3.555224	11.375872	4	12	7	3.040872	8.335000	0	0	0	8.496420
holistic	he607	267	0	0	0	0	3	0	0	0	0	0	0
conventional	ce650	267	0	21.412917	0	14	7	6.416791	2.008141	11.205583	1.782402	1.574105	0
conventional	ce651	267	0	44.832595	0	14	7	3.004954	6.986662	14.223950	20.617029	0.672830	0
conventional	ce652	267	0.543375	31.639171	1	14	7	3.845224	11.134206	11.461510	5.198231	0.527436	0
holistic	he608	268	3.199111	7.472784	4	10	15	0.346254	4.083303	3.043227	0	0	3.425283
holistic	he609	268	0	0	0	0	1	0	0	0	0	0	0
conventional	ce653	268	1.361148	26.240505	1	14	7	3.601695	1.346107	17.902030	3.390673	1.452846	0
conventional	ce654	268	0	28.695293	0	14	7	6.586376	2.556613	9.967960	9.584344	0.276695	0
conventional	ce655	268	0	40.882773	0	14	7	2.833896	5.916857	17.634844	14.497176	2.409265	0
holistic	he610	269	1.376577	1.072143	1	5	4	0.055572	1.016571	0	0	0	2.957172
holistic	he611	269	0.598091	0.057762	1	1	4	0	0.057762	0	0	0	2.346181
holistic	he612	269	2.539218	0.685677	3	3	5	0.218424	0.467253	0	0	0	6.274245
conventional	ce656	269	0.016301	20.919429	1	14	7	4.013095	4.917061	3.958638	8.030635	0	0
conventional	ce657	269	0.981248	11.530765	1	14	7	1.020748	2.962565	6.163617	1.383835	0.484595	0
conventional	ce658	269	0.026878	35.671027	1	14	7	6.216574	5.405978	17.009512	7.038963	0.637610	0
holistic	he613	270	0.989534	12.498666	4	16	16	1.183804	11.220190	0.094672	0	3.243004	3.381368
holistic	he614	270	0	0	0	0	3	0	0	0	0	0	0
conventional	ce659	270	0.543375	19.266217	1	14	7	3.654182	1.194392	8.831942	5.585701	0.835164	0
conventional	ce660	270	0.981248	29.829093	1	14	7	5.731004	3.381226	7.847043	12.869820	0	0
conventional	ce661	270	0	26.983501	0	14	7	2.288710	7.115272	10.682918	6.896601	0.260187	0
conventional	ce662	270	0	26.900248	0	14	7	5.637904	0.998259	15.939447	4.324638	1.574105	0
conventional	ce663	270	0	44.315905	0	14	7	2.341833	8.615890	15.888679	17.469503	0	0
holistic	he615	271	0	7.133518	0	10	7	1.341724	5.791794	0	0	0	4.614298
holistic	he616	271	1.140372	9.511408	2	12	7	1.985564	7.525844	0	0	0	5.844338
holistic	he617	271	0	0	0	0	7	0	0	0	0	0	0
conventional	ce664	271	0.026878	7.987997	1	14	7	0.387376	3.562364	2.490131	1.548126	1.255383	0
conventional	ce665	271	1.591426	18.948732	1	14	7	3.956705	0.181837	10.603127	4.207063	0.092446	0
conventional	ce666	271	0	42.060441	0	14	7	3.492564	6.794390	15.433494	16.339993	0	0
holistic	he618	272	0.247044	0.222564	2	2	10	0	0.222564	0	0	0	4.935770
holistic	he619	272	0	0	0	0	1	0	0	0	0	0	0
conventional	ce667	272	0.026878	13.898622	1	14	7	1.244014	3.649037	4.696586	4.308985	0.204718	0
conventional	ce668	272	1.892185	21.907003	1	14	7	2.360804	4.273262	9.123406	6.149531	0.276695	0
conventional	ce669	272	0	27.629953	0	14	7	10.687295	2.789091	8.074315	6.079252	0	0
conventional	ce670	272	1.438805	33.501909	1	14	7	6.248518	4.787664	12.954690	9.511037	0.276695	0
holistic	he620	273	4.241368	8.678380	2	11	6	2.280654	6.397726	0	0	0	9.613230
holistic	he621	273	0.332689	0.324815	1	1	2	0	0.324815	0	0	0	0.818645
conventional	ce671	273	0	26.686164	0	14	7	5.720956	5.818271	8.561072	6.585865	1.570362	0
conventional	ce672	273	0.543375	31.342258	1	14	7	5.587279	10.217482	9.653947	5.883550	0.326566	0
conventional	ce673	273	0	32.620877	0	14	7	2.269343	3.753855	15.279351	11.318328	1.373953	0
conventional	ce674	273	0	42.115029	0	14	7	3.938609	8.240597	16.379721	13.556102	1.294089	0
holistic	he622	274	1.140372	18.201442	2	27	5	2.201216	16.000226	0	0	0	4.317084
holistic	he623	274	0	0.009585	0	1	3	0	0.009585	0	0	0	0
holistic	he624	274	0	0	0	0	8	0	0	0	0	0	0
holistic	he625	274	1.376577	1.281080	1	5	4	0.090718	1.190362	0	0	0	3.354878
holistic	he626	274	0	1.787690	0	2	3	1.787690	0	0	0	0	0
conventional	ce675	274	0	32.037416	0	14	7	0.949639	3.953038	15.601228	11.533511	0	0
conventional	ce676	274	0	31.119116	0	14	7	1.773157	5.184695	13.247433	10.913831	0.639313	0
conventional	ce677	274	0.981248	19.157682	1	14	7	1.978306	2.873795	6.703254	7.602327	0	0
conventional	ce678	274	1.438805	29.510786	1	14	7	5.253760	5.520966	8.495703	10.240357	0.276695	0
holistic	he627	275	0	0	0	0	1	0	0	0	0	0	0
conventional	ce679	275	0	20.229218	0	14	7	5.853120	4.690699	7.205897	2.479502	1.680113	0
holistic	he628	276	4.241368	8.440176	2	2	3	0	8.440176	0	0	0	1.281162
holistic	he629	276	0.123522	0.070489	1	1	8	0	0.070489	0	0	0	2.467885
holistic	he630	276	0	0	0	0	3	0	0	0	0	0	0
holistic	he631	276	0	0	0	0	4	0	0	0	0	0	0
conventional	ce680	276	0.026878	31.018972	1	14	7	6.228576	4.598182	12.187045	8.005169	1.136076	0
conventional	ce681	276	0	20.643863	0	14	7	4.652105	3.601327	6.451553	5.938878	0	0
holistic	he632	277	0	0	0	0	4	0	0	0	0	0	0
holistic	he633	277	0	0	0	0	5	0	0	0	0	0	0
holistic	he634	277	2.180938	5.458612	3	8	14	0.157734	4.855270	0.445608	0	0	3.722474
holistic	he635	277	0.614790	0.352352	2	4	14	0.165294	0.187058	0	0	0	3.819894
conventional	ce682	277	0.215969	23.250373	1	14	7	4.466923	2.401770	14.326684	2.054996	1.153471	0
conventional	ce683	277	0	44.369764	0	14	7	4.167223	8.574631	17.664733	13.963177	1.294089	0
holistic	he636	278	0	0	0	0	8	0	0	0	0	0	0
holistic	he637	278	1.511726	1.511726	4	4	11	0	1.066118	0.445608	0	0	1.714584
conventional	ce684	278	0.816582	25.501369	1	14	7	0.597966	3.448548	12.635788	8.819067	1.130967	0
conventional	ce685	278	0.026878	29.239737	1	14	7	6.036847	5.235541	13.544774	4.422575	0.637610	0
holistic	he638	279	4.803400	2.197722	2	5	6	2.167830	0.029892	0	0	0	7.608044
holistic	he639	279	0.186901	4.827410	1	5	10	1.142492	3.684918	0	0	0	2.680636
holistic	he640	279	0	0	0	0	3	0	0	0	0	0	0
holistic	he641	279	1.952034	14.488406	2	12	7	1.512716	12.975690	0	0	0	4.904194
holistic	he642	279	0.247044	0.222564	2	2	10	0	0.222564	0	0	0	4.935770
conventional	ce686	279	0	34.755543	0	14	7	2.183857	5.831619	15.929012	10.811055	0	0
holistic	he643	280	0.985612	0.054014	2	2	5	0	0.054014	0	0	0	1.763908
holistic	he644	280	0	0	0	0	3	0	0	0	0	0	0
conventional	ce687	280	0	29.234930	0	14	7	11.589741	2.210485	10.531642	4.903062	0	0
holistic	he645	281	2.552938	6.095956	2	8	10	0	6.095956	0	0	0	10.370894
holistic	he646	281	0.247044	0.288662	2	2	10	0	0.288662	0	0	0	2.855642
holistic	he647	281	0.570186	3.201045	1	5	4	0.437104	2.763941	0	0	0	3.472962
conventional	ce688	281	0	39.469406	0	14	7	3.236679	6.102904	17.464282	12.665541	2.913844	0
conventional	ce689	281	0	23.319375	0	14	7	3.905838	4.148035	9.120013	6.145489	1.680113	0
holistic	he648	282	2.444454	0.596727	2	2	4	0.109212	0.487515	0	0	0	5.341341
holistic	he649	282	0	4.875212	0	10	7	0.252896	4.622316	0	0	0	4.177210
holistic	he650	282	3.287690	3.287690	2	2	5	0	3.287690	0	0	0	1.271380
conventional	ce690	282	0	34.399314	0	14	7	7.167773	4.663059	15.733273	6.835209	1.305085	0
conventional	ce691	282	0.981248	28.605840	1	14	7	4.657063	2.649232	9.069020	12.230525	0	0
holistic	he651	283	1.387610	3.983124	4	14	14	1.190536	2.299840	0.492748	0	0	5.520188
holistic	he652	283	0	0	0	0	3	0	0	0	0	0	0
conventional	ce692	283	0.016301	23.841866	1	14	7	4.989879	4.378422	5.490639	8.982926	0	0
conventional	ce693	283	0.588185	23.561989	1	14	7	3.369444	3.442614	13.527927	3.222004	0	0
holistic	he653	284	3.307607	7.589585	4	10	18	0.346254	4.383155	2.860176	0	0	2.877371
holistic	he654	284	0	0	0	0	4	0	0	0	0	0	0
holistic	he655	285	0.307395	0.135660	1	1	4	0	0.135660	0	0	0	1.951258
holistic	he656	285	4.701386	3.016434	4	4	6	0.297962	2.718472	0	0	0	8.558496
holistic	he657	285	0	0	0	0	4	0	0	0	0	0	0
conventional	ce694	285	0	32.987518	0	14	7	3.522645	5.904242	14.094542	9.466089	0	0
conventional	ce695	285	0	16.527473	0	14	7	3.641393	2.322667	8.341585	2.221828	0.931821	0
conventional	ce696	285	0.981248	31.550704	1	14	7	5.705419	3.370821	7.196280	15.278184	0	0
conventional	ce697	285	0.026878	31.803972	1	14	7	7.970178	1.561717	14.838357	7.433720	0.620007	0
conventional	ce698	285	0.981248	34.346984	1	14	7	5.432850	5.936857	9.633093	13.344184	0	0
holistic	he658	287	2.143016	2.289636	4	14	14	0.008464	1.033018	1.248154	0	0	7.203528
holistic	he659	287	0	0	0	0	4	0	0	0	0	0	0
holistic	he660	287	1.140372	1.803842	2	2	6	0	1.803842	0	0	0	4.317084
conventional	ce699	287	0.026878	12.411036	1	14	7	1.509024	3.759715	4.439776	2.702521	0.204718	0
conventional	ce700	287	0.180078	15.284823	1	14	7	1.526521	3.287354	7.359680	3.111268	0.527436	0
conventional	ce701	287	1.379818	19.361789	1	14	7	3.423097	1.372410	11.917616	2.648666	1.336737	0
conventional	ce702	287	0	33.690134	0	14	7	5.334688	4.093004	15.059326	9.203116	0.196525	0
conventional	ce703	287	1.212001	36.944631	1	14	7	7.764896	5.164081	13.803949	10.211705	0.276695	0
holistic	he661	288	0.985612	0.288856	2	4	5	0	0.288856	0	0	0	1.763908
conventional	ce704	288	1.438805	41.348502	1	14	7	6.348769	7.493089	13.829490	13.677154	0.498682	0
holistic	he662	289	0	0	0	0	3	0	0	0	0	0	0
holistic	he663	289	0	0	0	0	3	0	0	0	0	0	0
holistic	he664	289	0	0	0	0	4	0	0	0	0	0	0
holistic	he665	289	0	0	0	0	3	0	0	0	0	0	0
holistic	he666	289	0.598091	0.057762	1	1	6	0	0.057762	0	0	0	2.346181
conventional	ce705	289	1.644601	28.156701	1	14	7	0.952604	3.058375	11.604186	12.541536	0	0
conventional	ce706	289	0.543375	26.931174	1	14	7	5.202668	4.427609	11.190841	6.110056	1.477928	0
conventional	ce707	290	0	31.987694	0	14	7	7.657289	3.687472	7.641667	13.001266	0	0
conventional	ce708	290	0	7.583774	0	14	7	0.729539	0.742976	4.329516	1.781743	1.219720	0
conventional	ce709	290	0	34.406673	0	14	7	6.345081	4.445519	14.709647	8.906426	0.056138	0
holistic	he667	291	4.739621	4.567886	3	3	4	4.432226	0.135660	0	0	0	1.948321
conventional	ce710	291	0	28.751008	0	14	7	3.132657	2.337770	12.510354	10.770227	0.615452	0
conventional	ce711	291	0	25.547255	0	14	7	10.725815	4.505503	6.120375	4.195562	0	0
conventional	ce712	291	0	33.096153	0	14	7	2.215312	3.642063	14.309837	12.928941	0.276695	0
holistic	he668	292	0	0	0	0	4	0	0	0	0	0	0
conventional	ce713	292	0	37.316962	0	14	7	3.814728	4.502655	18.425254	10.574325	0.861641	0
conventional	ce714	292	0	17.932451	0	14	7	4.533956	1.642797	7.261925	4.493773	1.574105	0
conventional	ce715	292	0	8.601525	0	14	7	1.162546	1.292935	4.502715	1.643329	0.822714	0
conventional	ce716	292	0.761133	24.542570	2	14	7	3.357956	2.823858	14.372931	3.987825	1.988776	0
conventional	ce717	292	0	10.357481	0	14	7	1.458401	1.803650	6.288312	0.807118	0.931821	0
holistic	he669	293	0	0	0	0	2	0	0	0	0	0	0
holistic	he670	293	0	0	0	0	3	0	0	0	0	0	0
conventional	ce718	293	0	24.326361	0	14	7	4.501407	7.750237	7.150021	4.924696	0	0
conventional	ce719	293	0.981248	32.249244	1	14	7	4.622583	4.899052	11.476225	11.251384	0	0
conventional	ce720	293	0	22.466003	0	14	7	2.506242	4.083224	11.743172	4.133365	0.057026	0
conventional	ce721	293	0	32.526245	0	14	7	4.250079	4.648696	14.539839	9.087631	0.307057	0
holistic	he671	294	0	0	0	0	3	0	0	0	0	0	0
conventional	ce722	294	0	26.524633	0	14	7	3.262357	1.872986	17.405673	3.983617	0.786887	0
holistic	he672	295	2.305558	13.109356	4	16	16	0.461672	10.740900	1.906784	0	0	5.208034
holistic	he673	295	1.140372	13.768170	2	22	5	1.579964	12.188206	0	0	0	5.405820
conventional	ce723	295	1.438805	30.852432	1	14	7	5.415769	6.547287	7.020859	11.868517	0.198182	0
conventional	ce724	295	0	40.448115	0	14	7	2.620375	5.661769	19.100346	13.065625	1.462932	0
conventional	ce725	295	0.218840	12.607244	1	14	7	1.768708	3.485066	4.170644	3.182826	0.204718	0
conventional	ce726	295	1.438805	43.065918	1	14	7	5.243107	7.033795	21.159851	9.629165	0.276695	0
holistic	he674	296	0	0	0	0	4	0	0	0	0	0	0
conventional	ce727	296	0	16.598847	0	14	7	3.917547	2.372521	7.222433	3.086346	0.931821	0
holistic	he675	297	0	0	0	0	4	0	0	0	0	0	0
holistic	he676	299	0	0	0	0	4	0	0	0	0	0	0
holistic	he677	299	0.008254	8.349892	2	12	6	3.361840	4.988052	0	0	0	5.363418
holistic	he678	299	0	0	0	0	8	0	0	0	0	0	0
holistic	he679	299	0	0	0	0	3	0	0	0	0	0	0
holistic	he680	299	1.023310	1.023310	2	2	12	0	0	1.023310	0	0	0
conventional	ce728	299	0	29.052885	0	14	7	11.587286	0.976971	8.426276	8.062352	0	0
conventional	ce729	299	0	8.029231	0	14	7	0.914367	1.857499	2.644072	2.613293	0.998778	0
holistic	he681	300	0.376456	0.433930	2	4	5	0	0.058122	0	0.375808	0	3.576689
conventional	ce730	300	0	35.357388	0	14	7	7.421864	1.912110	19.043174	6.980240	0.615452	0
holistic	he682	301	2.539218	2.117370	3	6	5	1.650117	0.467253	0	0	0	7.152518
conventional	ce731	301	0	41.788632	0	14	7	4.787150	4.543355	21.016198	11.441929	0.786887	0
conventional	ce732	301	0	20.583194	0	14	7	5.206102	3.409945	6.035913	5.931234	0	0
holistic	he683	303	0.742010	1.736972	2	6	10	0.260274	0.734688	0.742010	0	0	2.425860
holistic	he684	303	1.952034	15.204020	2	12	7	1.512716	13.691304	0	0	0	4.904194
holistic	he685	303	1.140372	2.700656	2	2	6	0	2.700656	0	0	0	5.068974
conventional	ce733	303	0	40.608128	0	14	7	5.616889	5.583856	16.701266	12.706117	1.276748	0
holistic	he686	304	0	0	0	0	3	0	0	0	0	0	0
conventional	ce734	304	0	26.966166	0	14	7	4.428264	7.859650	9.007417	5.670835	0.260187	0
holistic	he687	305	0	0	0	0	3	0	0	0	0	0	0
holistic	he688	305	0	0	0	0	3	0	0	0	0	0	0
conventional	ce735	305	0	17.086517	0	14	7	3.583344	1.816351	6.913407	4.773415	1.574105	0
conventional	ce736	305	0.549157	40.371300	1	14	7	2.345771	5.610600	18.014281	14.400648	1.462932	0
conventional	ce737	305	0	25.101760	0	14	7	6.284560	3.468479	12.352356	2.996365	0.931821	0
conventional	ce738	306	0.026878	28.999314	1	14	7	8.467488	3.541507	11.901251	5.089068	0.659175	0
conventional	ce739	306	1.481822	24.460036	1	14	7	4.475918	3.791382	8.511599	7.681137	0	0
conventional	ce740	306	0.016301	25.645208	1	14	7	6.553917	5.369381	4.301209	9.420701	0	0
holistic	he689	307	0	0	0	0	5	0	0	0	0	0	0
conventional	ce741	307	0	18.990820	0	14	7	4.918689	3.086347	8.783955	2.201829	0.931821	0
conventional	ce742	307	0	28.667367	0	14	7	11.589741	1.343868	10.145512	5.588246	0	0
conventional	ce743	307	0	43.693803	0	14	7	3.532067	6.738815	18.084038	15.338883	0.276695	0
conventional	ce744	307	0.543375	34.738511	1	14	7	5.477394	13.065927	11.674153	4.521037	0.527436	0
holistic	he690	308	0	0	0	0	4	0	0	0	0	0	0
holistic	he691	308	1.140372	15.730793	2	32	6	2.807979	12.922814	0	0	0	2.959690
holistic	he692	309	6.675464	8.820396	4	14	8	5.614582	3.205814	0	0	0	7.282736
holistic	he693	309	5.062810	1.640278	2	4	8	0	1.640278	0	0	0	11.262574
conventional	ce745	309	0.016301	21.905932	1	14	7	4.580554	4.873311	3.025894	9.426173	1.228874	0
conventional	ce746	309	0	22.331942	0	14	7	6.419363	3.690152	4.510451	7.711976	0	0
conventional	ce747	309	0	28.286354	0	14	7	5.042161	3.958624	11.907602	7.377967	0	0
conventional	ce748	309	0	33.020500	0	14	7	3.095726	5.773257	20.337444	3.814073	1.680113	0
conventional	ce749	310	0	17.258323	0	14	7	1.201079	2.671079	6.858231	6.527934	0	0
holistic	he694	311	0	0	0	0	5	0	0	0	0	0	0
conventional	ce750	311	0	22.259674	0	14	7	4.504730	4.897900	8.850708	4.006336	0.260187	0
conventional	ce751	311	0	48.758595	0	14	7	4.609147	7.273004	22.138737	14.737707	0.276695	0
conventional	ce752	311	0	40.933484	0	14	7	4.567349	8.488539	14.359362	13.518234	1.294089	0
holistic	he695	312	0	0	0	0	4	0	0	0	0	0	0
holistic	he696	312	0	0	0	0	3	0	0	0	0	0	0
conventional	ce753	312	0.026878	32.433072	1	14	7	9.351877	1.362214	14.521052	7.197929	0.584066	0
holistic	he697	313	0.247044	0.222564	2	2	10	0	0.222564	0	0	0	4.472268
holistic	he698	313	0.125728	0.285573	1	1	4	0.285573	0	0	0	0	0
conventional	ce754	313	0	9.282089	0	14	7	1.522305	4.204794	1.565075	1.989915	0.791656	0
conventional	ce755	313	0.026878	11.210842	1	14	7	1.849909	2.176407	3.687449	3.497077	0.190729	0
conventional	ce756	314	0	21.046489	0	14	7	5.018363	1.352098	11.827740	2.848288	0.931821	0
conventional	ce757	314	0.016301	33.943348	1	14	7	7.249858	8.230065	7.281842	11.181583	0	0
holistic	he699	315	0	1.659286	0	2	6	1.659286	0	0	0	0	0
conventional	ce758	315	0	19.443114	0	14	7	2.796419	1.036243	10.216750	5.393702	0.276695	0
conventional	ce759	315	0	26.905150	0	14	7	10.959411	0.404975	10.614553	4.926211	0	0
conventional	ce760	315	0	33.502744	0	14	7	2.235571	5.695353	20.898179	4.673641	0.057026	0
holistic	he700	316	3.196699	2.432785	1	2	5	0	2.432785	0	0	0	4.308335
holistic	he701	316	1.270988	0.436193	1	1	17	0	0.436193	0	0	0	3.117474
holistic	he702	317	4.241368	7.737570	2	11	6	2.280654	5.456916	0	0	0	10.070822
conventional	ce761	317	0	18.257374	0	14	7	1.173570	3.404076	8.911177	4.768551	0	0
conventional	ce762	318	0	24.060666	0	14	7	5.141376	5.178136	11.210584	2.530570	1.055083	0
holistic	he703	319	0	0	0	0	4	0	0	0	0	0	0
holistic	he704	319	0	0	0	0	8	0	0	0	0	0	0
conventional	ce763	319	0	26.585736	0	14	7	6.056949	2.100351	10.538753	7.889683	0.196525	0
conventional	ce764	319	0	43.099267	0	14	7	3.278564	8.001728	12.696738	19.122237	2.296377	0
holistic	he705	320	2.539218	0.513899	3	3	5	0.046646	0.467253	0	0	0	5.983937
holistic	he706	320	1.140372	1.544794	2	2	6	0	1.544794	0	0	0	5.967686
conventional	ce765	320	0.981248	19.497080	1	14	7	2.177755	1.418432	7.082330	8.818563	0	0
conventional	ce766	320	0	17.721416	0	14	7	3.164056	2.704597	6.893254	4.959509	1.952704	0
conventional	ce767	320	0	48.457488	0	14	7	2.895734	5.694253	22.530926	17.336575	1.372661	0
conventional	ce768	321	0	33.672421	0	14	7	2.043540	6.699485	13.912528	11.016868	0	0
conventional	ce769	321	0	30.751488	0	14	7	2.623357	5.008673	11.993719	11.125739	1.462932	0
conventional	ce770	321	0.016301	21.838330	1	14	7	4.235730	4.227939	5.801503	7.573158	0	0
conventional	ce771	321	0	29.432169	0	14	7	10.405784	1.298185	11.693246	6.034954	0	0
holistic	he707	322	0	0	0	0	6	0	0	0	0	0	0
conventional	ce772	322	0	17.788920	0	14	7	2.516126	0.372372	9.967514	4.932908	0.276695	0
conventional	ce773	322	0	44.808342	0	14	7	4.324489	8.507179	15.635655	16.341019	2.296377	0
conventional	ce774	322	0	22.276156	0	14	7	4.820528	7.310034	5.776930	4.368664	1.219720	0
conventional	ce775	322	0	23.109330	0	14	7	4.011120	2.597734	9.627225	6.873251	0	0
holistic	he708	323	0	0	0	0	7	0	0	0	0	0	0
holistic	he709	323	0	0	0	0	4	0	0	0	0	0	0
conventional	ce776	323	0	21.559937	0	14	7	3.200173	3.407003	7.622943	7.329818	2.151683	0
conventional	ce777	323	0	20.111054	0	14	7	0.429099	2.095509	11.238565	6.347881	0	0
conventional	ce778	323	0	18.277737	0	14	7	2.732700	2.093029	4.770419	8.681589	1.052037	0
holistic	he710	324	0	0	0	0	1	0	0	0	0	0	0
holistic	he711	325	0	0	0	0	7	0	0	0	0	0	0
conventional	ce779	325	0	46.735024	0	14	7	2.615085	6.953154	20.198716	16.968069	0	0
conventional	ce780	325	0	18.392487	0	14	7	4.470754	1.336908	8.142779	4.442046	1.558680	0
holistic	he712	326	0	0	0	0	3	0	0	0	0	0	0
conventional	ce781	326	0	46.835426	0	14	7	1.486698	7.979853	21.689944	15.678931	1.372661	0
holistic	he713	327	1.952034	30.517216	2	16	8	2.404020	28.113196	0	0	0	3.534116
holistic	he714	327	0	0	0	0	5	0	0	0	0	0	0
conventional	ce782	327	0	27.864492	0	14	7	3.518105	5.362472	11.459223	7.524692	0.307057	0
holistic	he715	328	0	0.692866	0	1	3	0	0.692866	0	0	0	0
holistic	he716	329	0	0	0	0	3	0	0	0	0	0	0
holistic	he717	329	0.307395	0.292259	1	3	10	0.198730	0.093529	0	0	0	1.909947
conventional	ce783	329	0.026878	15.833592	1	14	7	2.233663	3.399581	6.274103	3.926245	0.470588	0
conventional	ce784	329	0	27.628650	0	14	7	10.083104	1.146109	10.893282	5.506155	0	0
holistic	he718	330	0	0	0	0	1	0	0	0	0	0	0
holistic	he719	330	1.395569	0.478948	1	1	14	0	0.478948	0	0	0	2.351193
conventional	ce785	330	0	28.905706	0	14	7	4.372761	4.407599	13.371371	6.753975	0.307057	0
conventional	ce786	330	0.016301	33.152685	1	14	7	7.606546	8.162088	6.304982	11.079069	0	0
conventional	ce787	330	0	19.432561	0	14	7	4.336489	0.593444	9.356617	5.146011	1.124292	0
holistic	he720	331	3.478872	10.991620	2	16	8	6.315664	4.675956	0	0	0	9.093208
holistic	he721	331	1.140372	2.700656	2	2	6	0	2.700656	0	0	0	5.068974
holistic	he722	331	1.270988	0.523036	1	1	17	0	0.523036	0	0	0	3.933454
holistic	he723	332	0.307395	0.135660	1	1	4	0	0.135660	0	0	0	1.951258
holistic	he724	333	0	0	0	0	4	0	0	0	0	0	0
holistic	he725	333	0	0	0	0	3	0	0	0	0	0	0
conventional	ce788	333	0	17.215815	0	14	7	4.177382	2.598165	5.373785	5.066483	0	0
conventional	ce789	333	0	19.724348	0	14	7	2.513263	1.708309	11.912686	3.590090	0.931821	0
conventional	ce790	333	0	27.081750	0	14	7	4.649577	7.582546	8.858284	5.991343	0.260187	0
conventional	ce791	333	0	37.796265	0	14	7	1.101520	9.145477	10.476978	17.072290	2.689167	0
holistic	he726	334	0.106484	0.051282	2	2	3	0.051282	0	0	0	0	0
holistic	he727	334	1.952034	13.136138	2	12	6	1.512716	11.623422	0	0	0	4.904194
holistic	he728	334	0	0	0	0	4	0	0	0	0	0	0
holistic	he729	334	2.243238	0.733316	2	4	8	0.165294	0.568022	0	0	0	7.404572
holistic	he730	334	0	1.718619	0	2	3	1.025753	0.692866	0	0	0	0
conventional	ce792	334	0	34.226284	0	14	7	2.023956	6.124380	14.995477	11.082471	1.462932	0
conventional	ce793	334	0	57.110341	0	14	7	5.220954	8.060324	22.269966	21.559097	0	0
conventional	ce794	334	0	29.128222	0	14	7	8.131160	7.367599	4.193363	9.436100	0	0
holistic	he731	335	3.874337	5.914259	4	10	18	0.121392	2.019893	3.772974	0	0	2.399687
conventional	ce795	335	0	22.344643	0	14	7	3.402189	0.731699	12.417824	5.792931	0.931821	0
conventional	ce796	335	0.086248	29.776267	1	14	7	6.336347	3.607970	11.935665	7.896285	1.196113	0
holistic	he732	336	0	0	0	0	3	0	0	0	0	0	0
holistic	he733	336	0	0	0	0	1	0	0	0	0	0	0
holistic	he734	336	2.143016	3.144876	4	8	14	0.889132	1.007590	1.248154	0	0	8.055272
conventional	ce797	336	0	22.783825	0	14	7	2.789263	4.166330	9.158855	6.669377	0.368534	0
conventional	ce798	336	0.026878	31.640140	1	14	7	7.193383	6.237841	9.006790	9.202126	0.458841	0
conventional	ce799	336	0	29.555022	0	14	7	9.676308	3.028241	6.803887	10.046586	0	0
conventional	ce800	336	0	18.302063	0	14	7	1.873473	3.654594	8.983978	3.790018	0	0
holistic	he735	337	0	0	0	0	4	0	0	0	0	0	0
conventional	ce801	337	0.515637	12.294475	1	14	7	1.582181	2.077091	4.418072	4.217131	0.190729	0
holistic	he736	338	0	0	0	0	5	0	0	0	0	0	0
holistic	he737	338	0	0	0	0	3	0	0	0	0	0	0
conventional	ce802	338	0	21.392523	0	14	7	5.215799	3.507529	9.133877	3.535318	0.931821	0
conventional	ce803	338	0	36.224645	0	14	7	3.797493	7.585213	13.835953	11.005986	0	0
conventional	ce804	338	0.960658	43.482488	1	14	7	7.110309	8.087603	14.493123	13.791453	0.498682	0
holistic	he738	339	0	0	0	0	5	0	0	0	0	0	0
holistic	he739	339	0	0	0	0	16	0	0	0	0	0	0
holistic	he740	339	0	0	0	0	5	0	0	0	0	0	0
holistic	he741	339	0	2.886188	0	1	2	2.886188	0	0	0	0	0
conventional	ce805	339	0.016301	20.010748	1	14	7	4.105905	0.758847	9.788200	5.357796	0	0
holistic	he742	340	0.249941	2.766837	1	5	4	0.437104	2.329733	0	0	0	3.464783
holistic	he743	340	0	0	0	0	2	0	0	0	0	0	0
holistic	he744	340	0	0	0	0	3	0	0	0	0	0	0
conventional	ce806	340	0	14.572172	0	14	7	3.543983	2.207247	6.526005	2.294937	1.357527	0
holistic	he745	341	0	0	0	0	7	0	0	0	0	0	0
holistic	he746	341	0	0	0	0	3	0	0	0	0	0	0
conventional	ce807	341	0	20.042121	0	14	7	4.764432	2.313956	7.201067	5.762666	1.574105	0
conventional	ce808	341	0	33.930305	0	14	7	3.406139	5.603148	15.179388	9.741630	1.013040	0
holistic	he747	342	0	0	0	0	12	0	0	0	0	0	0
holistic	he748	342	0	0	0	0	3	0	0	0	0	0	0
conventional	ce809	342	0	27.092077	0	14	7	2.982282	6.481153	8.800153	8.828489	0	0
holistic	he749	343	0	0	0	0	3	0	0	0	0	0	0
holistic	he750	344	0	0	0	0	5	0	0	0	0	0	0
holistic	he751	344	0.412198	11.663046	2	12	6	1.512716	10.150330	0	0	0	6.230018
holistic	he752	344	3.196699	2.120591	1	2	5	0	2.120591	0	0	0	4.171507
holistic	he753	345	0	0	0	0	3	0	0	0	0	0	0
conventional	ce810	345	0	22.323200	0	14	7	4.971986	2.420333	10.104212	4.826669	0.786784	0
conventional	ce811	345	0	27.062468	0	14	7	4.012780	3.501717	17.051954	2.496017	1.124288	0
conventional	ce812	345	0	46.899496	0	14	7	3.906001	8.374838	17.554201	17.064456	2.527159	0
conventional	ce813	345	0	42.029176	0	14	7	6.792117	3.397306	20.184038	11.655715	0.368534	0
holistic	he754	347	0	0	0	0	2	0	0	0	0	0	0
holistic	he755	347	0	1.144150	0	1	4	0	1.144150	0	0	0	0
holistic	he756	347	2.197683	0.339276	1	3	6	0	0.339276	0	0	0	4.643193
holistic	he757	347	0	0	0	0	1	0	0	0	0	0	0
conventional	ce814	347	0	27.398027	0	14	7	6.160458	5.587744	6.409414	9.240411	0	0
conventional	ce815	347	1.438805	46.584941	1	14	7	7.437608	6.873827	14.844876	17.428630	0.498682	0
conventional	ce816	347	0	21.679071	0	14	7	4.314889	0.437605	11.570617	5.355960	1.124292	0
conventional	ce817	347	0	28.064160	0	14	7	8.682723	1.053604	11.300065	7.027768	0	0
holistic	he758	348	0	0	0	0	16	0	0	0	0	0	0
conventional	ce818	348	0	46.109120	0	14	7	1.189970	8.559664	18.090210	18.269276	0	0
conventional	ce819	348	0	43.916354	0	14	7	4.473231	9.058475	15.675041	14.709607	2.409433	0
holistic	he759	349	2.710672	8.011617	1	3	10	0	8.011617	0	0	0	4.594838
holistic	he760	349	0	0	0	0	3	0	0	0	0	0	0
holistic	he761	349	0	0	0	0	2	0	0	0	0	0	0
holistic	he762	350	0	0	0	0	3	0	0	0	0	0	0
conventional	ce820	350	0	22.308687	0	14	7	4.697347	3.173309	8.783380	5.654651	1.574105	0
holistic	he763	351	6.220628	4.698744	4	4	4	4.698744	0	0	0	0	6.883924
conventional	ce821	351	0	21.875679	0	14	7	3.851263	2.519706	10.273904	5.230806	0.399924	0
conventional	ce822	352	1.438805	42.269345	1	14	7	7.474528	6.292101	14.446127	14.056589	0.498682	0
conventional	ce823	352	0	21.080756	0	14	7	5.166284	4.147065	9.779451	1.987956	0.931821	0
conventional	ce824	352	0.016301	25.827279	1	14	7	6.576410	8.346550	4.272028	6.632291	0	0
holistic	he764	353	0	0	0	0	8	0	0	0	0	0	0
holistic	he765	353	0	0	0	0	5	0	0	0	0	0	0
holistic	he766	353	0	0	0	0	1	0	0	0	0	0	0
conventional	ce825	353	0	16.006190	0	14	7	0.363598	3.566741	8.092916	3.982935	0.276695	0
conventional	ce826	353	0	24.628513	0	14	7	4.872511	1.352493	12.079976	6.323533	1.810862	0
conventional	ce827	353	0	23.245508	0	14	7	3.099487	6.895982	8.962624	4.287415	0.260187	0
conventional	ce828	353	0	18.381721	0	14	7	1.207592	3.134486	8.205084	5.834559	1.055507	0
holistic	he767	354	0.249941	0.467713	1	1	4	0	0.467713	0	0	0.847466	3.071588
conventional	ce829	354	0	26.746744	0	14	7	2.955866	7.624818	9.370130	6.795930	0.260187	0
conventional	ce830	354	0	18.235339	0	14	7	4.474752	0.776723	7.925164	5.058700	1.961377	0
holistic	he768	355	0	0	0	0	4	0	0	0	0	0	0
conventional	ce831	355	0	27.386860	0	14	7	6.042428	2.100351	11.550296	7.693785	0.196525	0
conventional	ce832	355	0.016301	32.685573	1	14	7	6.929426	6.889091	8.106096	10.760960	0	0
conventional	ce833	355	0	24.071528	0	14	7	2.612008	7.494985	8.983665	4.980870	0.260187	0
conventional	ce834	355	0	27.549538	0	14	7	5.698042	1.276938	13.283905	7.290653	1.574105	0
conventional	ce835	355	0	16.010305	0	14	7	1.915913	3.288237	7.723468	3.082687	2.210052	0
conventional	ce836	355	0	31.280412	0	14	7	11.615456	0.924510	12.740321	6.000125	0	0
conventional	ce837	355	0	23.261835	0	14	7	3.857859	2.711593	11.342965	5.349418	2.104701	0
holistic	he769	356	0	0	0	0	4	0	0	0	0	0	0
conventional	ce838	356	0	20.928758	0	14	7	5.242372	3.274533	9.467020	2.944833	0.931821	0
conventional	ce839	356	0	30.406481	0	14	7	10.022028	1.600577	10.900389	7.883487	0	0
holistic	he770	357	2.143016	3.144876	4	8	14	0.889132	1.007590	1.248154	0	0	9.132086
conventional	ce840	357	0	19.044808	0	14	7	4.164875	1.556035	10.323921	2.999977	1.128102	0
conventional	ce841	357	0	27.980143	0	14	7	4.165457	8.775947	9.143078	5.895661	0.260187	0
conventional	ce842	358	0.016301	31.819461	1	14	7	4.064201	9.037467	6.743967	11.973826	0	0
holistic	he771	359	0	0	0	0	16	0	0	0	0	0	0
holistic	he772	359	2.197683	0.342608	1	3	6	0	0.342608	0	0	0	4.442340
holistic	he773	359	6.675464	6.029118	4	4	8	4.432226	1.596892	0	0	2.067786	7.282736
conventional	ce843	359	0	18.327957	0	14	7	4.336489	0.572168	9.193626	4.225674	1.124292	0
conventional	ce844	359	0.016301	22.095182	1	14	7	3.732174	4.421019	4.954588	8.987401	0	0
conventional	ce845	359	0	18.820354	0	14	7	5.280833	2.149801	6.033189	5.356531	0	0
conventional	ce846	360	0	24.317457	0	14	7	5.409524	4.000144	9.357243	5.550546	1.184370	0
holistic	he774	361	0	0	0	0	4	0	0	0	0	0	0
conventional	ce847	361	0	39.640763	0	14	7	13.471000	3.281663	13.498841	9.389259	0	0
holistic	he775	363	0	0	0	0	3	0	0	0	0	0	0
holistic	he776	364	6.675464	8.578088	4	14	8	5.372274	3.205814	0	0	0	7.282736
conventional	ce848	364	0	21.222599	0	14	7	4.914221	3.188869	8.867653	4.251856	1.574105	0
holistic	he777	365	0.111017	0.252160	1	1	3	0.252160	0	0	0	0	0
holistic	he778	365	0	0	0	0	4	0	0	0	0	0	0
conventional	ce849	365	0	24.029601	0	14	7	5.391121	2.800980	9.304278	6.533222	1.574105	0
conventional	ce850	366	0	15.441056	0	14	7	1.830229	3.143536	8.030816	2.436475	1.123597	0
conventional	ce851	366	0	20.257137	0	14	7	3.963417	1.518459	9.223445	5.551816	1.574105	0
holistic	he779	367	0	0	0	0	4	0	0	0	0	0	0
holistic	he780	367	0	0	0	0	10	0	0	0	0	0	0
conventional	ce852	367	0	25.958915	0	14	7	7.369811	2.698360	7.100159	8.790585	0.251955	0
holistic	he781	368	1.017473	1.527074	3	5	12	0.444566	0.581304	0.501204	0	0	4.671974
holistic	he782	368	0	0	0	0	3	0	0	0	0	0	0
holistic	he783	369	0	0	0	0	5	0	0	0	0	0	0
conventional	ce853	369	0	16.609367	0	14	7	4.392526	0.494437	6.483022	5.239382	1.470996	0
conventional	ce854	369	0	47.363144	0	14	7	6.015235	7.528803	18.256779	15.562327	2.409433	0
conventional	ce855	370	0	25.206330	0	14	7	9.677151	1.329357	9.050333	5.149489	0	0
holistic	he784	371	0	0	0	0	6	0	0	0	0	0	0
holistic	he785	371	0	0	0	0	3	0	0	0	0	0	0
conventional	ce856	371	0.016301	26.671677	1	14	7	4.349450	3.486297	6.296108	12.539822	0	0
holistic	he786	372	0	0	0	0	4	0	0	0	0	0	0
conventional	ce857	372	0.256622	25.842315	1	14	7	5.102805	1.416789	12.850624	6.472097	2.493520	0
holistic	he787	373	3.573516	3.630014	5	5	18	0	0.504986	3.125028	0	0	7.858390
holistic	he788	373	0	0	0	0	3	0	0	0	0	0	0
conventional	ce858	373	0.016301	21.868866	1	14	7	3.586899	4.288288	6.422168	7.571511	0	0
conventional	ce859	373	0	21.484672	0	14	7	5.863759	4.498853	7.372332	3.749728	2.476089	0
conventional	ce860	374	0	18.198582	0	14	7	2.392262	0.529404	10.669311	4.607605	0.713400	0
conventional	ce861	374	0	35.065361	0	14	7	2.933209	9.729489	10.709141	11.693522	0.260187	0
conventional	ce862	375	0	42.380023	0	14	7	4.750578	9.633572	15.589314	12.406559	2.409433	0
holistic	he789	376	1.952034	17.843678	2	12	6	4.484696	13.358982	0	0	0	4.904194
holistic	he790	376	0	0	0	0	3	0	0	0	0	0	0
holistic	he791	376	0	0	0	0	5	0	0	0	0	0	0
holistic	he792	376	0	0	0	0	2	0	0	0	0	0	0
conventional	ce863	377	0	22.757840	0	14	7	3.384397	0.973432	12.571597	5.828414	0.931821	0
conventional	ce864	378	0	16.752008	0	14	7	3.371506	1.532719	7.690176	4.157607	0.196525	0
holistic	he793	379	0.307395	0.135660	1	1	4	0	0.135660	0	0	0	1.593645
holistic	he794	379	0	0	0	0	3	0	0	0	0	0	0
conventional	ce865	379	0	19.999525	0	14	7	4.492772	1.336908	9.813186	4.356659	1.532833	0
conventional	ce866	379	0.016301	29.940091	1	14	7	3.131761	10.188934	6.478512	10.140884	0	0
holistic	he795	380	0	0	0	0	5	0	0	0	0	0	0
holistic	he796	380	2.243238	0.747120	2	4	8	0.179098	0.568022	0	0	0	7.076692
holistic	he797	380	0	0	0	0	3	0	0	0	0	0	0
conventional	ce867	380	0	44.253535	0	14	7	4.509675	8.560148	14.941394	16.242318	0.931821	0
conventional	ce868	380	0	24.158051	0	14	7	2.393881	5.511649	11.047825	5.204696	0.307057	0
conventional	ce869	381	0.515637	35.346626	1	14	7	3.373937	5.402534	16.511188	10.058967	0.190729	0
conventional	ce870	381	0.814001	23.116471	1	14	7	4.589447	0.815932	11.874004	5.837088	1.124292	0
conventional	ce871	381	0	25.689117	0	14	7	6.239528	2.860116	10.633352	5.956121	3.022139	0
conventional	ce872	382	0	43.922971	0	14	7	14.571630	3.344379	16.342039	9.664923	0	0
conventional	ce873	382	0	55.717551	0	14	7	3.901710	6.354808	26.364540	19.096493	0	0
conventional	ce874	382	0	22.982791	0	14	7	2.942863	2.998534	9.197030	7.844364	1.574105	0
holistic	he798	383	0	1.593670	0	2	3	0	1.593670	0	0	0	0
holistic	he799	383	0	0	0	0	2	0	0	0	0	0	0
conventional	ce875	383	0	20.033409	0	14	7	4.947048	2.678139	5.156570	7.251652	0	0
conventional	ce876	383	0	18.974399	0	14	7	2.477890	1.522550	11.613861	3.360098	0.931821	0
conventional	ce877	383	0.763468	28.491222	1	14	7	3.870967	8.985336	7.024515	8.610404	0	0
holistic	he800	384	0	0	0	0	3	0	0	0	0	0	0
holistic	he801	384	0	0	0	0	3	0	0	0	0	0	0
holistic	he802	384	0	0	0	0	9	0	0	0	0	0	0
holistic	he803	384	0	0	0	0	4	0	0	0	0	0	0
conventional	ce878	384	0	16.248785	0	14	7	4.163340	2.043690	4.882939	5.158816	0.514999	0
conventional	ce879	385	0	16.717602	0	14	7	4.177382	3.036511	5.052998	4.450711	0	0
conventional	ce880	385	0	26.298348	0	14	7	2.860261	7.384894	9.257263	6.795930	0.260187	0
conventional	ce881	385	0	23.031086	0	14	7	4.111174	0.828644	14.214105	3.877163	1.124292	0
conventional	ce882	386	0	21.996716	0	14	7	5.863759	4.825489	7.795869	3.511599	2.826647	0
conventional	ce883	386	0	26.723598	0	14	7	5.281079	7.641073	8.398910	5.402536	0.260187	0
conventional	ce884	387	0	15.383242	0	14	7	1.403074	1.979512	9.764904	2.235752	0.086409	0
holistic	he804	388	0.115536	2.463499	1	5	4	0.437104	2.026395	0	0	0	4.129723
holistic	he805	388	0.111017	0.221257	1	1	3	0.221257	0	0	0	0	0
holistic	he806	388	0	0	0	0	3	0	0	0	0	0	0
holistic	he807	389	0	0	0	0	5	0	0	0	0	0	0
conventional	ce885	389	0	24.552284	0	14	7	4.492772	1.137367	11.567655	7.354490	1.510899	0
holistic	he808	390	0	0	0	0	4	0	0	0	0	0	0
conventional	ce886	390	0	50.212115	0	14	7	9.971992	11.863331	12.894551	15.482241	1.215329	0
conventional	ce887	390	0	28.828487	0	14	7	4.371752	1.321415	16.589105	6.546215	1.124292	0
conventional	ce888	390	0	27.824742	0	14	7	4.217952	7.466069	9.401149	6.739572	0.260187	0
holistic	he809	391	2.207635	3.956247	1	3	8	0	3.956247	0	0	0	2.934311
holistic	he810	392	0.297961	0.676777	1	1	3	0.676777	0	0	0	0	0
holistic	he811	392	2.458966	0.218524	1	1	2	0	0.218524	0	0	0	3.405646
holistic	he812	393	0.111017	0.252160	1	1	6	0.252160	0	0	0	0	0
holistic	he813	393	0	2.525363	0	1	10	0	2.525363	0	0	0	0
conventional	ce889	393	0.086248	30.525742	1	14	7	6.429391	3.116145	10.801229	10.178977	1.196113	0
conventional	ce890	393	0	29.353501	0	14	7	3.749293	4.515836	8.025903	13.062469	0.132220	0
conventional	ce891	393	0	17.481390	0	14	7	4.421684	0.989690	8.843949	3.226067	1.532833	0
holistic	he814	394	0	0	0	0	6	0	0	0	0	0	0
holistic	he815	394	0	0	0	0	6	0	0	0	0	0	0
holistic	he816	394	0	0	0	0	3	0	0	0	0	0	0
holistic	he817	394	1.490518	0.268358	2	2	6	0.268358	0	0	0	0	0
conventional	ce892	394	0	46.293540	0	14	7	6.802800	8.866693	20.025917	10.598130	1.741952	0
conventional	ce893	394	0	21.776267	0	14	7	5.371142	3.031442	9.574355	3.799328	3.855905	0
conventional	ce894	394	0.670481	20.671358	1	14	7	2.213654	4.764125	8.097725	5.595854	0	0
holistic	he818	395	1.836768	2.493806	4	8	14	0.889132	0.356520	1.248154	0	0	9.132086
conventional	ce895	395	0	21.709543	0	14	7	5.263376	3.777857	7.678336	4.989974	1.106653	0
holistic	he819	396	0.083428	2.455242	1	5	4	0.437104	2.018138	0	0	0	3.701997
holistic	he820	396	0	0	0	0	3	0	0	0	0	0	0
conventional	ce896	396	0	23.557167	0	14	7	3.548275	4.136827	7.425579	8.446486	0	0
conventional	ce897	396	0	19.025370	0	14	7	4.187725	0.816891	8.593663	5.427091	1.961377	0
conventional	ce898	396	0	15.461469	0	14	7	4.168635	1.189059	6.527901	3.575874	1.828324	0
conventional	ce899	397	0	29.930529	0	14	7	5.524788	4.200852	13.999892	6.204997	1.961377	0
holistic	he821	398	0	0	0	0	5	0	0	0	0	0	0
holistic	he822	398	0	0	0	0	11	0	0	0	0	0	0
conventional	ce900	398	0.763468	30.719338	1	14	7	3.244883	10.871453	7.607321	8.995681	0	0
conventional	ce901	398	0	37.224725	0	14	7	5.825239	13.000834	8.115004	10.283648	0	0
holistic	he823	399	0	0	0	0	8	0	0	0	0	0	0
holistic	he824	399	0.745259	0.134179	1	1	6	0.134179	0	0	0	0	0
holistic	he825	399	3.904150	2.404352	4	6	9	1.836330	0.568022	0	0	0	7.076692
holistic	he826	400	0.111017	0.221257	1	1	2	0.221257	0	0	0	0	0
holistic	he827	400	0	0	0	0	6	0	0	0	0	0	0
conventional	ce902	400	0.511517	31.496488	1	14	7	4.837440	8.838847	9.691460	8.128741	0	0
conventional	ce903	400	0	21.257786	0	14	7	3.859522	3.026126	9.281233	5.090905	1.045494	0
holistic	he828	401	0	0	0	0	3	0	0	0	0	0	0
holistic	he829	401	0	0	0	0	0	0	0	0	0	0	0
holistic	he830	401	0	0	0	0	2	0	0	0	0	0	0
conventional	ce904	401	0.246400	22.177173	1	14	7	3.604816	1.040910	11.316115	6.215332	1.124292	0
conventional	ce905	401	0.016301	19.730726	1	14	7	3.155443	4.105690	6.589778	5.879815	0	0
holistic	he831	402	0	0	0	0	3	0	0	0	0	0	0
holistic	he832	403	2.197683	0.368399	1	4	6	0	0.368399	0	0	0	4.818948
holistic	he833	404	0	0	0	0	4	0	0	0	0	0	0
holistic	he834	405	0	0	0	0	5	0	0	0	0	0	0
holistic	he835	405	0	0	0	0	3	0	0	0	0	0	0
holistic	he836	405	0	0	0	0	3	0	0	0	0	0	0
holistic	he837	407	0	0	0	0	3	0	0	0	0	0	0
holistic	he838	407	2.120684	1.095943	1	2	10	0	1.095943	0	0	0	5.763868
holistic	he839	407	0	0	0	0	3	0	0	0	0	0	0
conventional	ce906	407	0	21.752578	0	14	7	4.240488	0.969698	11.124836	5.417556	0.900779	0
conventional	ce907	407	0	32.860545	0	14	7	3.054982	11.352876	10.338712	8.113975	0.260187	0
conventional	ce908	407	0	22.993532	0	14	7	2.898293	2.090217	8.572786	9.432236	0	0
holistic	he840	408	1.763994	2.765854	4	8	14	0.889132	1.007590	0.869132	0	0	9.299454
conventional	ce909	408	0	29.772350	0	14	7	5.527572	3.582048	15.512299	5.150431	1.961377	0
holistic	he841	409	1.490518	0.268358	2	2	6	0.268358	0	0	0	0	0
holistic	he842	409	2.458966	0.218524	1	1	2	0	0.218524	0	0	0	2.933329
holistic	he843	410	1.836768	1.604674	4	4	14	0	0.356520	1.248154	0	0	10.106802
conventional	ce910	410	0.763468	31.795623	1	14	7	5.227128	8.236722	6.989796	11.341977	0	0
conventional	ce911	411	0	30.741130	0	14	7	7.782424	2.621161	11.541798	8.795747	1.106653	0
conventional	ce912	412	0	26.504207	0	14	7	9.714575	1.688999	9.745073	5.355560	0	0
conventional	ce913	412	0	16.328508	0	14	7	5.624552	2.973154	4.866705	2.864097	0.132220	0
holistic	he844	413	0	0	0	0	4	0	0	0	0	0	0
holistic	he845	413	0	0	0	0	4	0	0	0	0	0	0
holistic	he846	413	0	0	0	0	5	0	0	0	0	0	0
holistic	he847	413	0.249941	0.467713	1	1	4	0	0.467713	0	0	0.847466	3.071588
conventional	ce914	413	0	33.472458	0	14	7	2.623825	12.284452	11.958937	6.605244	0.179475	0
holistic	he848	414	0	0	0	0	3	0	0	0	0	0	0
holistic	he849	414	1.212691	1.371229	3	5	10	0.444566	0.302586	0.624077	0	0	7.323812
conventional	ce915	414	0	35.871637	0	14	7	2.693010	12.468719	12.936173	7.773735	0.260187	0
conventional	ce916	414	0	40.690238	0	14	7	6.829115	13.144977	8.312505	12.403641	0	0
holistic	he850	415	0	0	0	0	4	0	0	0	0	0	0
conventional	ce917	415	0	29.960866	0	14	7	5.913322	4.991111	8.977051	10.079382	3.033584	0
conventional	ce918	415	0.016301	18.368883	1	14	7	2.583106	2.346317	10.879006	2.560454	0	0
conventional	ce919	415	0.190965	18.012928	1	14	7	4.391889	3.136978	6.955282	3.528779	0.050767	0
conventional	ce920	415	0	40.670589	0	14	7	13.372655	3.297446	14.897471	9.103017	0	0
holistic	he851	416	0	0	0	0	3	0	0	0	0	0	0
conventional	ce921	416	0	17.488374	0	14	7	3.727576	3.066710	6.498143	4.195945	0	0
holistic	he852	417	0	0	0	0	4	0	0	0	0	0	0
holistic	he853	417	0.111017	0.175438	1	1	3	0.175438	0	0	0	0	0
holistic	he854	417	0	0	0	0	3	0	0	0	0	0	0
conventional	ce922	417	0	23.917390	0	14	7	5.643561	3.493474	11.239946	3.540409	1.981519	0
conventional	ce923	417	0.763468	26.560018	1	14	7	3.445026	6.927783	7.915507	8.271702	0	0
holistic	he855	418	0	0	0	0	16	0	0	0	0	0	0
conventional	ce924	418	0	26.723444	0	14	7	5.739481	4.992149	8.476565	7.515249	0	0
holistic	he856	419	0	0	0	0	3	0	0	0	0	0	0
holistic	he857	419	0	0	0	0	3	0	0	0	0	0	0
conventional	ce925	419	0	31.346987	0	14	7	5.708086	9.722441	9.459466	6.456994	0.260187	0
conventional	ce926	419	0	50.656742	0	14	7	9.227397	12.427816	11.505084	17.496445	0.908500	0
conventional	ce927	420	0	22.135301	0	14	7	4.004921	3.586538	7.297810	7.246032	0	0
conventional	ce928	420	0	25.703949	0	14	7	10.755422	1.301420	7.979812	5.667295	0	0
conventional	ce929	420	0	25.018179	0	14	7	6.239528	2.164850	11.520740	5.093061	2.891946	0
conventional	ce930	421	0	24.699577	0	14	7	6.825959	5.175121	7.419178	5.279319	2.476089	0
conventional	ce931	422	0.511517	30.701147	1	14	7	3.563876	5.658261	8.326395	13.152615	1.785203	0
holistic	he858	423	2.458966	0.039276	1	1	2	0	0.039276	0	0	0	4.040650
conventional	ce932	424	0	17.889917	0	14	7	1.420829	2.102243	10.529656	3.837189	0.086409	0
holistic	he859	425	0	0	0	0	3	0	0	0	0	0	0
holistic	he860	425	2.811241	0.910802	1	2	5	0	0.910802	0	0	0	2.955222
conventional	ce933	425	0	27.219854	0	14	7	3.974983	4.144763	5.113129	13.986979	0.091176	0
conventional	ce934	425	0.763468	34.792090	1	14	7	5.227128	8.236722	9.688656	11.639584	0	0
conventional	ce935	425	0.016301	19.313856	1	14	7	3.414718	2.624485	8.762066	4.512587	0	0
conventional	ce936	426	0	15.915826	0	14	7	1.371013	2.610493	9.349056	2.585264	1.807792	0
holistic	he861	427	0	0	0	0	10	0	0	0	0	0	0
conventional	ce937	427	0	35.349271	0	14	7	4.686133	10.664238	11.907124	8.091776	0.260187	0
holistic	he862	428	0	0	0	0	5	0	0	0	0	0	0
conventional	ce938	428	0	30.813903	0	14	7	2.776181	3.836009	11.618205	12.583508	0	0
conventional	ce939	429	0	31.741352	0	14	7	7.462358	5.470945	9.505926	9.302123	0	0
conventional	ce940	429	0	30.009896	0	14	7	3.654899	1.223556	18.518914	6.612527	1.124292	0
conventional	ce941	430	0.425666	16.122256	1	14	7	4.359605	4.572985	5.950294	1.239372	0.520410	0
holistic	he863	431	3.649020	1.234293	3	3	8	1.234293	0	0	0	0	0
holistic	he864	431	0	0	0	0	3	0	0	0	0	0	0
conventional	ce942	431	0	24.610631	0	14	7	3.451918	4.136827	9.512514	7.509372	0	0
conventional	ce943	432	0	31.051699	0	14	7	3.777265	4.543908	11.084988	11.645538	0.132220	0
holistic	he865	433	5.390674	4.151990	2	4	12	0	4.151990	0	0	0	13.022826
conventional	ce944	433	0	23.118314	0	14	7	4.404427	2.080742	8.407059	8.226086	0	0
conventional	ce945	433	0	35.039698	0	14	7	2.914884	12.242962	12.783257	7.098595	0.978855	0
conventional	ce946	433	0	49.325185	0	14	7	5.283545	8.695909	24.599041	10.746690	1.845747	0
holistic	he866	435	0	0	0	0	1	0	0	0	0	0	0
conventional	ce947	435	0.891478	34.287440	1	14	7	3.690673	10.097047	8.944080	11.555640	0	0
conventional	ce948	435	0.511517	34.703751	1	14	7	5.550284	12.075087	10.083406	6.994974	0	0
holistic	he867	436	3.132536	0.363592	2	2	6	0.363592	0	0	0	0	0
holistic	he868	436	0	0	0	0	4	0	0	0	0	0	0
holistic	he869	437	0	0	0	0	3	0	0	0	0	0	0
conventional	ce949	438	0	24.866541	0	14	7	1.529114	3.190054	7.874215	12.273158	0	0
holistic	he870	439	2.500244	0.450152	2	2	6	0.450152	0	0	0	0	0
holistic	he871	439	2.198560	2.311288	5	5	27	0	1.007590	1.303698	0	0	10.812644
conventional	ce950	439	0.682890	32.068433	1	14	7	4.228633	7.318669	7.741542	12.779589	0	0
conventional	ce951	439	0.763468	31.550208	1	14	7	3.960225	9.199964	9.240111	9.149908	0	0
holistic	he872	440	2.458966	0.039276	1	1	3	0	0.039276	0	0	0	3.840255
holistic	he873	440	0	0	0	0	4	0	0	0	0	0	0
conventional	ce952	440	0	21.323641	0	14	7	4.083574	1.879470	9.998942	5.361655	3.475162	0
holistic	he874	441	0	0	0	0	3	0	0	0	0	0	0
conventional	ce953	441	0	16.066160	0	14	7	3.805370	1.068880	5.359275	5.832635	0	0
conventional	ce954	441	0	52.234795	0	14	7	8.667785	9.355315	17.068967	17.142728	1.215329	0
conventional	ce955	442	0	28.752466	0	14	7	4.854861	2.188258	16.270261	5.439086	1.124292	0
conventional	ce956	442	0	18.332749	0	14	7	1.450097	3.552607	9.577991	3.752054	1.807792	0
holistic	he875	443	0	0	0	0	6	0	0	0	0	0	0
holistic	he876	443	0	0	0	0	4	0	0	0	0	0	0
conventional	ce957	443	0	16.655484	0	14	7	1.245891	1.426946	11.658703	2.323944	3.014958	0
conventional	ce958	443	0	24.316808	0	14	7	5.121380	3.442234	9.326494	6.426700	1.106653	0
holistic	he877	444	0	0	0	0	3	0	0	0	0	0	0
holistic	he878	444	0	0	0	0	3	0	0	0	0	0	0
holistic	he879	444	0.111017	0.236835	1	1	6	0.236835	0	0	0	0	0
holistic	he880	444	0	0	0	0	5	0	0	0	0	0	0
holistic	he881	445	0	0	0	0	5	0	0	0	0	0	0
conventional	ce959	445	0.678928	36.378791	1	14	7	5.146863	12.071469	10.818908	8.341551	0	0
conventional	ce960	445	0.511517	29.132151	1	14	7	5.033806	7.709310	8.955828	7.433207	0.465553	0
conventional	ce961	445	0	13.983011	0	14	7	3.743201	1.044820	5.188616	4.006374	0	0
conventional	ce962	446	0	35.152795	0	14	7	4.752093	11.218110	9.087462	10.095130	0	0
conventional	ce963	447	0	37.003173	0	14	7	5.462705	11.465978	9.402109	10.672381	0	0
holistic	he882	448	0	0	0	0	1	0	0	0	0	0	0
holistic	he883	448	0	0	0	0	1	0	0	0	0	0	0
holistic	he884	448	0	0	0	0	3	0	0	0	0	0	0
holistic	he885	448	0	0	0	0	3	0	0	0	0	0	0
conventional	ce964	448	0	19.876749	0	14	7	5.418913	3.469395	8.216452	2.771989	0.260187	0
holistic	he886	449	2.458966	20.208406	1	7	2	0	20.208406	0	0	0	2.933329
holistic	he887	450	0	0	0	0	2	0	0	0	0	0	0
conventional	ce965	450	0	26.063849	0	14	7	6.953244	4.231449	5.794805	9.084351	0	0
conventional	ce966	450	0.763468	29.017539	1	14	7	4.094726	9.535578	4.159137	11.228098	0	0
conventional	ce967	450	0	51.479157	0	14	7	4.489709	11.623643	24.507276	10.858529	1.840454	0
holistic	he888	452	0	0	0	0	4	0	0	0	0	0	0
holistic	he889	452	0	0	0	0	4	0	0	0	0	0	0
conventional	ce968	452	0.763468	34.668478	1	14	7	5.371034	9.598575	7.110724	12.588145	0	0
holistic	he890	453	8.221150	6.431929	4	7	14	0	5.997363	0.434566	0	0	18.564927
holistic	he891	453	0.444068	0.885028	4	4	10	0.885028	0	0	0	0	0
holistic	he892	453	2.782531	2.120341	3	5	8	1.836330	0.284011	0	0	0	3.088598
conventional	ce969	453	0	16.960245	0	14	7	4.835596	3.329299	4.679915	4.115435	1.215329	0
conventional	ce970	453	0	24.586184	0	14	7	3.740165	4.098524	10.058317	6.689178	0	0
holistic	he893	454	2.243238	0.743440	2	4	9	0.175418	0.568022	0	0	0	6.832916
holistic	he894	454	0	0	0	0	4	0	0	0	0	0	0
holistic	he895	454	0	0	0	0	6	0	0	0	0	0	0
holistic	he896	454	0.111017	0.153601	1	1	3	0.153601	0	0	0	0	0
conventional	ce971	454	0	19.110170	0	14	7	5.288878	3.608746	5.968481	4.244065	0.654885	0
conventional	ce972	454	0	19.978960	0	14	7	2.200362	3.725727	9.538412	4.514459	1.291196	0
holistic	he897	455	0	0	0	0	3	0	0	0	0	0	0
conventional	ce973	455	0.891478	18.640543	1	14	7	2.889999	3.778978	5.005480	6.966086	0	0
conventional	ce974	455	0.511517	32.461935	1	14	7	5.112847	8.053702	10.304755	8.990631	0	0
conventional	ce975	455	0.763468	29.112484	1	14	7	2.517182	5.946930	11.319450	9.328922	0	0
holistic	he898	456	2.458966	0.039276	1	1	2	0	0.039276	0	0	0	4.041367
holistic	he899	456	0	0	0	0	1	0	0	0	0	0	0
conventional	ce976	456	0.016301	21.774011	1	14	7	4.954035	3.960210	7.172908	5.686858	0	0
conventional	ce977	456	0	36.377260	0	14	7	10.122045	2.311559	16.898131	7.045525	3.215251	0
conventional	ce978	456	0	22.038539	0	14	7	5.544717	5.019730	5.982532	5.491560	0.489536	0
holistic	he900	457	0	0	0	0	16	0	0	0	0	0	0
holistic	he901	457	0	0	0	0	3	0	0	0	0	0	0
holistic	he902	457	0.111017	0.221257	1	1	3	0.221257	0	0	0	0	0
conventional	ce979	457	0	25.068390	0	14	7	6.573518	3.578108	7.103788	7.812976	0	0
holistic	he903	458	0	0	0	0	3	0	0	0	0	0	0
holistic	he904	458	0	0	0	0	3	0	0	0	0	0	0
holistic	he905	458	0	0	0	0	3	0	0	0	0	0	0
holistic	he906	458	0	0	0	0	4	0	0	0	0	0	0
conventional	ce980	458	0	45.758434	0	14	7	4.499178	8.048529	22.852077	10.358650	1.606951	0
holistic	he907	459	0	0	0	0	5	0	0	0	0	0	0
holistic	he908	459	0	0	0	0	3	0	0	0	0	0	0
holistic	he909	459	0	0	0	0	4	0	0	0	0	0	0
holistic	he910	460	0	0	0	0	1	0	0	0	0	0	0
holistic	he911	460	0	0	0	0	3	0	0	0	0	0	0
holistic	he912	460	0	0	0	0	4	0	0	0	0	0	0
conventional	ce981	460	0	19.227564	0	14	7	4.411607	3.542789	6.686294	4.586874	0	0
conventional	ce982	460	0.190965	12.121470	1	14	7	1.019825	1.486751	6.519278	3.095616	0.050767	0
holistic	he913	461	0	0	0	0	11	0	0	0	0	0	0
conventional	ce983	461	0	27.090325	0	14	7	4.623508	3.645582	10.157026	8.664209	1.106653	0
conventional	ce984	461	0	32.469993	0	14	7	2.523064	12.450125	13.248127	4.248677	0.260187	0
conventional	ce985	461	0	38.527596	0	14	7	3.476360	7.614711	18.357565	9.078960	1.606951	0
holistic	he914	462	0	0	0	0	3	0	0	0	0	0	0
holistic	he915	463	0	0	0	0	16	0	0	0	0	0	0
holistic	he916	463	0	0	0	0	3	0	0	0	0	0	0
holistic	he917	464	0	0	0	0	2	0	0	0	0	0	0
holistic	he918	464	0	0	0	0	2	0	0	0	0	0	0
holistic	he919	464	0	0	0	0	16	0	0	0	0	0	0
holistic	he920	465	0	0	0	0	3	0	0	0	0	0	0
holistic	he921	465	0	0	0	0	11	0	0	0	0	0	0
holistic	he922	467	2.198560	4.086000	5	11	18	1.333698	1.448604	1.303698	0	0	9.299454
holistic	he923	467	0	0	0	0	4	0	0	0	0	0	0
holistic	he924	467	0	0	0	0	21	0	0	0	0	0	0
holistic	he925	467	0	0	0	0	4	0	0	0	0	0	0
conventional	ce986	467	0.190965	20.830835	1	14	7	4.385638	2.635930	8.305296	5.503971	0.050767	0
conventional	ce987	467	0	29.202542	0	14	7	2.945722	3.990120	10.203877	12.062823	0	0
conventional	ce988	467	0	31.303583	0	14	7	2.537233	12.178476	13.178568	3.409306	0.347172	0
conventional	ce989	467	0	33.101792	0	14	7	5.050852	9.072673	8.080796	10.897471	1.840454	0
holistic	he926	468	0	0	0	0	3	0	0	0	0	0	0
holistic	he927	468	0	0	0	0	3	0	0	0	0	0	0
conventional	ce990	468	0	21.805128	0	14	7	1.771751	3.060068	9.219243	7.754066	0	0
conventional	ce991	468	0	37.066421	0	14	7	5.926266	11.882029	9.696313	9.561813	0.062910	0
holistic	he928	469	2.243238	0.568022	2	2	9	0	0.568022	0	0	0	7.631530
holistic	he929	469	0	0	0	0	1	0	0	0	0	0	0
holistic	he930	469	0	0	0	0	3	0	0	0	0	0	0
conventional	ce992	469	0	18.582393	0	14	7	1.245891	1.426946	11.751259	4.158297	0.086409	0
conventional	ce993	470	0.511517	29.010864	1	14	7	3.323444	11.063040	7.752869	6.871511	0	0
conventional	ce994	470	0	23.516969	0	14	7	4.493267	3.439461	11.358878	4.225363	1.106653	0
holistic	he931	471	0	0	0	0	17	0	0	0	0	0	0
holistic	he932	472	0	0	0	0	4	0	0	0	0	0	0
conventional	ce995	472	0.511517	31.928194	1	14	7	4.735437	8.043658	9.451659	9.697440	0	0
conventional	ce996	472	0.511517	30.522742	1	14	7	4.698195	10.815297	8.380740	6.628510	0	0
holistic	he933	473	0	0	0	0	3	0	0	0	0	0	0
holistic	he934	473	2.777169	1.138282	1	2	6	0	1.138282	0	0	0	7.918063
holistic	he935	473	0	0	0	0	10	0	0	0	0	0	0
conventional	ce997	473	0.763468	31.547028	1	14	7	3.073802	5.946930	12.863763	9.662533	0	0
holistic	he936	474	0	0	0	0	3	0	0	0	0	0	0
conventional	ce998	474	0	17.408981	0	14	7	1.138802	1.059838	11.268440	3.941901	0	0
conventional	ce999	474	0	30.720667	0	14	7	2.406375	7.003004	11.416916	9.894372	1.215329	0
holistic	he937	475	0	0	0	0	3	0	0	0	0	0	0
conventional	ce1000	475	0.136612	28.770122	1	14	7	3.989315	4.083738	12.163175	8.533894	0	0
holistic	he938	476	2.243238	0.743440	2	4	9	0.175418	0.568022	0	0	0	6.905212
holistic	he939	477	0	0	0	0	6	0	0	0	0	0	0
holistic	he940	477	0	0	0	0	4	0	0	0	0	0	0
holistic	he941	477	0	0	0	0	3	0	0	0	0	0	0
holistic	he942	477	2.198560	2.311288	5	5	27	0	1.007590	1.303698	0	0	12.368692
holistic	he943	477	0	0	0	0	7	0	0	0	0	0	0
conventional	ce1001	477	0	24.706206	0	14	7	3.937516	2.364773	11.846287	6.557630	0.086409	0
holistic	he944	478	2.198560	2.311288	5	5	27	0	1.007590	1.303698	0	0	11.079628
holistic	he945	478	0	0	0	0	2	0	0	0	0	0	0
conventional	ce1002	478	0.437399	29.462731	1	14	7	3.176054	9.556285	7.495268	9.235124	0	0
holistic	he946	479	0	0	0	0	3	0	0	0	0	0	0
holistic	he947	479	0	0	0	0	3	0	0	0	0	0	0
holistic	he948	479	0	0	0	0	2	0	0	0	0	0	0
conventional	ce1003	479	0	22.765361	0	14	7	5.767317	1.208795	7.680196	8.109053	1.417709	0
conventional	ce1004	480	1.660376	31.131502	1	14	7	2.579096	11.639052	11.551424	5.361930	0.260187	0
conventional	ce1005	480	0	29.155232	0	14	7	5.328561	5.640942	13.435275	4.750454	0.971593	0
conventional	ce1006	480	0	24.194001	0	14	7	3.812902	2.211004	11.623543	6.546552	0.086409	0
holistic	he949	481	2.586362	1.992060	1	2	11	0	1.992060	0	0	0	5.693368
conventional	ce1007	481	0.511517	35.035971	1	14	7	5.555192	12.372922	9.859817	7.248040	0	0
conventional	ce1008	481	0.763468	32.920022	1	14	7	3.911144	8.982285	10.096299	9.930294	0	0
holistic	he950	482	0	0	0	0	3	0	0	0	0	0	0
holistic	he951	482	0	0	0	0	26	0	0	0	0	0	0
holistic	he952	483	0	0	0	0	1	0	0	0	0	0	0
holistic	he953	483	0	0	0	0	4	0	0	0	0	0	0
conventional	ce1009	484	0.511517	36.421388	1	14	7	6.950739	10.642831	11.511880	7.315938	0	0
holistic	he954	485	0	0	0	0	21	0	0	0	0	0	0
holistic	he955	485	0	0	0	0	6	0	0	0	0	0	0
holistic	he956	485	0	0	0	0	6	0	0	0	0	0	0
conventional	ce1010	485	0	34.429275	0	14	7	4.190355	5.640136	10.946830	13.651954	0	0
holistic	he957	486	0	0	0	0	3	0	0	0	0	0	0
conventional	ce1011	486	0.511517	45.509945	1	14	7	5.568791	13.542211	13.425172	12.973771	0	0
holistic	he958	487	0	0	0	0	3	0	0	0	0	0	0
conventional	ce1012	487	0.763468	21.004381	1	14	7	5.453325	0.776318	7.463541	7.311197	0	0
holistic	he959	488	0	0	0	0	1	0	0	0	0	0	0
conventional	ce1013	488	0	28.502513	0	14	7	2.903807	4.779005	9.602692	11.217009	0	0
holistic	he960	489	0	8.758800	0	12	21	8.758800	0	0	0	0	0
conventional	ce1014	489	0	33.995103	0	14	7	3.860739	4.138563	10.582364	15.413437	0	0
conventional	ce1015	489	0	33.576235	0	14	7	2.500582	7.888199	13.121792	10.065662	1.215329	0
conventional	ce1016	489	0	20.680136	0	14	7	4.886320	0.852192	8.194628	6.746996	1.417709	0
holistic	he961	490	2.243238	0.743440	2	4	9	0.175418	0.568022	0	0	0	6.832916
holistic	he962	491	0	0	0	0	3	0	0	0	0	0	0
conventional	ce1017	491	0	21.403538	0	14	7	3.652685	2.879686	9.399056	5.472111	0.086409	0
holistic	he963	492	0	0	0	0	5	0	0	0	0	0	0
holistic	he964	492	0	0	0	0	3	0	0	0	0	0	0
conventional	ce1018	493	0	34.945383	0	14	7	3.104070	12.942833	14.633226	4.265254	0.260187	0
conventional	ce1019	493	0	17.939625	0	14	7	3.854624	0.629183	7.373148	6.082670	0	0
conventional	ce1020	493	0	40.706189	0	14	7	4.501626	5.396037	14.776420	16.032106	0	0
conventional	ce1021	495	0.602922	24.036159	1	14	7	3.294194	7.249963	8.438713	5.053289	0	0
conventional	ce1022	495	0.511517	49.022504	1	14	7	3.872680	14.981120	16.330261	13.838443	0	0
conventional	ce1023	495	0.763468	27.889315	1	14	7	2.574243	6.017075	11.092869	8.205128	0	0
holistic	he965	496	0	0	0	0	4	0	0	0	0	0	0
holistic	he966	496	0	0	0	0	3	0	0	0	0	0	0
holistic	he967	499	0	0	0	0	3	0	0	0	0	0	0
holistic	he968	499	0	0	0	0	6	0	0	0	0	0	0
conventional	ce1024	499	0	14.981226	0	14	7	3.269351	0.700068	5.270887	5.740920	0	0
conventional	ce1025	499	0	17.994568	0	14	7	2.352215	0.822718	11.854449	2.965186	1.417709	0
conventional	ce1026	500	0.511517	26.091894	1	14	7	2.522795	10.086200	7.653861	5.829038	0	0
conventional	ce1027	501	1.186300	16.010009	1	14	7	1.000363	0.872988	10.179297	3.957361	0.050767	0
conventional	ce1028	501	1.660376	28.461411	1	8	7	0.429219	11.618521	10.302274	6.111397	0.260187	0
conventional	ce1029	501	0.678928	38.374610	1	14	7	5.484166	12.529266	10.642040	9.719138	0.915882	0
conventional	ce1030	502	0	34.962165	0	14	7	5.464408	10.266892	11.703375	7.527490	0.062910	0
holistic	he969	503	0	0	0	0	31	0	0	0	0	0	0
holistic	he970	503	0	0	0	0	16	0	0	0	0	0	0
holistic	he971	503	0	0	0	0	5	0	0	0	0	0	0
conventional	ce1031	503	0.511517	33.455013	1	14	7	6.428563	12.799297	8.372284	5.854869	0	0
conventional	ce1032	503	0.016301	20.550465	1	14	7	5.399311	3.059529	6.844616	5.247009	0	0
holistic	he972	504	1.686844	5.708327	1	3	4	0	5.708327	0	0	0	5.127918
holistic	he973	504	0	0	0	0	3	0	0	0	0	0	0
holistic	he974	505	0	6.193128	0	6	10	0	6.193128	0	0	0	0.330740
conventional	ce1033	505	0	27.640862	0	14	7	3.119310	6.699710	11.167529	6.654313	1.648689	0
conventional	ce1034	506	0	25.913789	0	14	7	6.269101	2.681856	9.004345	7.958487	1.417709	0
conventional	ce1035	507	0.891478	20.261100	1	14	7	3.079078	1.554718	7.764777	7.862527	0	0
holistic	he975	508	0	0	0	0	2	0	0	0	0	0	0
holistic	he976	508	0	0	0	0	3	0	0	0	0	0	0
holistic	he977	508	0	0	0	0	3	0	0	0	0	0	0
holistic	he978	508	0	0	0	0	5	0	0	0	0	0	0
conventional	ce1036	510	0	37.105049	0	14	7	5.009073	13.331387	15.274880	3.489709	0.260187	0
conventional	ce1037	510	0	26.709285	0	14	7	6.663144	3.817028	7.328719	8.900394	0.086409	0
conventional	ce1038	510	0	37.727357	0	14	7	6.953756	10.068158	9.473124	11.232319	1.716774	0
holistic	he979	512	0	0	0	0	3	0	0	0	0	0	0
holistic	he980	512	0	0	0	0	4	0	0	0	0	0	0
holistic	he981	512	0	0	0	0	11	0	0	0	0	0	0
conventional	ce1039	512	0	14.352960	0	14	7	4.932179	3.502936	3.455608	2.462237	1.215329	0
conventional	ce1040	513	0	25.380831	0	14	7	2.906807	3.140690	12.882347	6.450987	0.086409	0
conventional	ce1041	513	0	28.281685	0	14	7	4.496802	8.329791	9.007214	6.447878	0.086409	0
holistic	he982	514	0	0	0	0	3	0	0	0	0	0	0
conventional	ce1042	514	0.511517	28.550717	1	14	7	3.366796	7.443289	10.100793	7.639839	0	0
conventional	ce1043	514	0.763468	27.452154	1	14	7	3.043977	5.981910	10.760768	7.665499	0	0
holistic	he983	515	0	0	0	0	4	0	0	0	0	0	0
holistic	he984	515	0	0	0	0	16	0	0	0	0	0	0
conventional	ce1044	515	1.136516	37.939583	1	14	7	5.811109	6.796631	14.302886	11.028957	0.086409	0
conventional	ce1045	515	0	29.321894	0	14	7	2.423618	11.353153	12.557894	2.987229	0.347172	0
conventional	ce1046	515	0	30.021326	0	14	7	2.141217	6.842703	11.161556	9.875850	1.358405	0
conventional	ce1047	515	0	36.440535	0	14	7	5.677387	10.402928	9.255908	11.104312	2.370629	0
holistic	he985	516	0	0	0	0	3	0	0	0	0	0	0
conventional	ce1048	516	0	25.061380	0	14	7	2.906807	2.694265	11.554296	7.906012	0.086409	0
conventional	ce1049	516	0.763468	28.403989	1	14	7	2.653309	6.372367	11.425426	7.952887	0	0
conventional	ce1050	516	0.269642	50.593561	1	14	7	4.291065	14.964264	16.863820	14.474412	0.669885	0
conventional	ce1051	516	0.602922	24.235361	1	14	7	2.835509	7.859753	8.605886	4.934213	0	0
holistic	he986	517	0	0	0	0	6	0	0	0	0	0	0.330740
holistic	he987	517	0	0	0	0	1	0	0	0	0	0	0
holistic	he988	517	0	0	0	0	3	0	0	0	0	0	0
conventional	ce1052	517	0	23.047256	0	7	7	0.331701	10.536040	10.656747	1.522768	0.260187	0
conventional	ce1053	517	0	33.928290	0	14	7	4.959898	2.466843	12.495153	14.006396	0	0
holistic	he989	518	0	1.739297	0	1	16	0	1.739297	0	0	0	0
holistic	he990	518	4.648028	2.419342	2	4	8	0	2.419342	0	0	0	10.966950
holistic	he991	518	2.262884	0.949970	1	1	2	0.949970	0	0	0	0	0
holistic	he992	518	0	0	0	0	4	0	0	0	0	0	0
conventional	ce1054	518	0.920270	32.703407	1	14	7	3.894976	9.299105	9.769763	9.739563	0	0
holistic	he993	519	0	0	0	0	4	0	0	0	0	0	0
holistic	he994	519	0	0	0	0	16	0	0	0	0	0	0
conventional	ce1055	519	0	26.012316	0	14	7	3.235538	1.905801	12.977048	7.893929	0	0
holistic	he995	520	0	0	0	0	1	0	0	0	0	0	0
conventional	ce1056	520	2.220161	49.524348	1	14	7	1.636180	17.211402	17.067753	13.609013	0	0
holistic	he996	521	0	0	0	0	3	0	0	0	0	0	0
holistic	he997	521	0	0	0	0	4	0	0	0	0	0	0
holistic	he998	521	0	0	0	0	3	0	0	0	0	0	0.958102
conventional	ce1057	521	0	29.293398	0	14	7	3.666555	4.731037	10.025485	10.870321	0	0
conventional	ce1058	521	0.920270	33.584125	1	14	7	4.064178	8.582628	11.469916	9.467403	0	0
conventional	ce1059	521	0	29.647911	0	14	7	3.744023	7.751221	13.398322	4.754345	0.347172	0
holistic	he999	522	0	0	0	0	5	0	0	0	0	0	0
holistic	he1000	522	0	0	0	0	1	0	0	0	0	0	0
holistic	he1001	523	0	0	0	0	1	0	0	0	0	0	0
conventional	ce1060	523	0	31.900219	0	14	7	2.672448	5.714510	9.430964	14.082297	0	0
holistic	he1002	524	0	0	0	0	3	0	0	0	0	0	0
holistic	he1003	524	0	0	0	0	3	0	0	0	0	0	0
holistic	he1004	524	0	0	0	0	5	0	0	0	0	0	0
conventional	ce1061	524	1.136516	35.030918	1	14	7	4.479186	7.100143	12.641940	10.809649	0.086409	0
conventional	ce1062	524	0	29.015405	0	14	7	6.458727	4.464611	9.888920	8.203147	1.417709	0
holistic	he1005	525	0	0.945985	0	1	4	0.945985	0	0	0	0	0
holistic	he1006	525	0	0	0	0	3	0	0	0	0	0	0
holistic	he1007	525	0	0	0	0	11	0	0	0	0	0	0
holistic	he1008	526	0	0	0	0	3	0	0	0	0	0	0
conventional	ce1063	526	0	21.635174	0	14	7	4.968052	2.426487	7.645789	6.594846	0.817641	0
holistic	he1009	527	0	0	0	0	12	0	0	0	0	0	0
holistic	he1010	527	0	0	0	0	6	0	0	0	0	0	0
conventional	ce1064	527	0.837704	26.885649	1	14	7	2.547624	8.367341	8.623127	7.347557	0	0
conventional	ce1065	527	0	16.014500	0	14	7	4.081324	4.356862	4.631257	2.945057	1.534260	0
conventional	ce1066	527	0	27.098665	0	14	7	4.656353	6.105717	10.588525	5.748070	0.037071	0
holistic	he1011	528	0	0	0	0	1	0	0	0	0	0	0
conventional	ce1067	528	0	30.495651	0	14	7	3.821886	8.107698	13.976362	4.589705	0.347172	0
conventional	ce1068	528	0.511517	29.601880	1	14	7	4.196915	7.110334	10.707486	7.587145	0	0
holistic	he1012	529	0	0	0	0	4	0	0	0	0	0	0
holistic	he1013	529	0	0	0	0	3	0	0	0	0	0	0
conventional	ce1069	529	0.920270	34.837924	1	14	7	4.134901	8.231334	12.792293	9.679396	0	0
conventional	ce1070	529	0.678928	24.112741	1	14	7	3.720621	2.385039	11.456744	6.550337	1.216802	0
conventional	ce1071	529	0	34.426540	0	14	7	5.651585	2.129894	12.640533	14.004528	0	0
conventional	ce1072	530	0.920270	30.949184	1	14	7	1.250543	8.208860	11.298322	10.191459	0	0
conventional	ce1073	530	1.136516	32.160300	1	14	7	4.034710	4.891880	10.308798	12.924912	0.086409	0
conventional	ce1074	530	0.353703	33.365380	1	14	7	3.169662	7.366882	12.375872	10.452964	0	0
conventional	ce1075	530	0	24.290321	0	14	7	4.255745	2.274470	10.555192	7.204914	0	0
conventional	ce1076	530	0	23.995917	0	14	7	2.906807	2.758361	9.966594	8.364155	0.086409	0
holistic	he1014	531	1.124535	4.045403	1	3	8	0	4.045403	0	0	0	5.112812
conventional	ce1077	531	0	30.278039	0	14	7	1.902515	8.755949	15.999103	3.620472	0.593735	0
holistic	he1015	532	0	0	0	0	3	0	0	0	0	0	0
conventional	ce1078	532	0.269642	57.383001	1	14	7	9.001302	14.954958	17.338393	16.088348	0.669885	0
conventional	ce1079	532	0	23.138123	0	14	7	4.911084	2.888170	9.857031	5.481838	1.417709	0
conventional	ce1080	532	0	29.703809	0	14	7	3.120208	6.722912	11.759730	8.100959	1.299705	0
conventional	ce1081	532	0	36.810922	0	14	7	6.591167	8.973302	10.839613	10.406840	1.716774	0
holistic	he1016	533	0	0	0	0	1	0	0	0	0	0	0
conventional	ce1082	533	0	19.174921	0	14	7	3.459771	1.610403	8.266295	5.838452	0	0
conventional	ce1083	534	0.269642	58.514144	1	14	7	9.653325	13.482575	19.906494	15.471750	0.669885	0
conventional	ce1084	534	0.511517	49.724616	1	14	7	3.915324	15.798040	15.549604	14.461648	0	0
holistic	he1017	535	0	0	0	0	3	0	0	0	0	0	0
conventional	ce1085	535	0.448801	21.936220	1	14	7	3.881255	1.322287	9.030113	7.702565	0	0
conventional	ce1086	535	0	35.338653	0	14	7	3.872775	4.908610	11.282877	15.274391	0	0
conventional	ce1087	535	0.763468	35.291736	1	14	7	4.798661	9.183853	11.298470	10.010752	0	0
holistic	he1018	536	0	0	0	0	3	0	0	0	0	0	0
conventional	ce1088	536	0.966398	23.467059	1	14	7	3.028832	2.609005	8.891119	8.938103	0	0
holistic	he1019	537	0	8.758800	0	12	21	8.758800	0	0	0	0	0
holistic	he1020	537	0	0	0	0	1	0	0	0	0	0	0
holistic	he1021	537	0	0	0	0	5	0	0	0	0	0	0
conventional	ce1089	537	0	30.190326	0	14	7	3.122271	7.664488	14.127188	5.276379	0.760239	0
conventional	ce1090	537	0.353703	24.121812	1	14	7	6.769617	2.730843	9.721823	4.899529	0	0
conventional	ce1091	537	0.511517	48.166627	1	14	7	3.793858	15.609207	14.541100	14.222462	0	0
conventional	ce1092	537	0	30.988905	0	14	7	3.518921	7.436115	12.933272	7.100597	1.629095	0
holistic	he1022	538	0	0	0	0	7	0	0	0	0	0	0
holistic	he1023	538	0	0	0	0	21	0	0	0	0	0	0
holistic	he1024	539	0	0	0	0	16	0	0	0	0	0	0
holistic	he1025	539	0	0	0	0	3	0	0	0	0	0	0
conventional	ce1093	539	1.136516	42.619132	1	14	7	4.610299	7.561573	18.517281	11.929979	0.086409	0
conventional	ce1094	540	0	25.880930	0	7	7	2.896960	9.141252	12.714935	1.127783	0.260187	0
conventional	ce1095	540	0	32.984325	0	14	7	2.907630	4.928798	10.692344	14.455553	0	0
holistic	he1026	541	0	0	0	0	4	0	0	0	0	0	0
conventional	ce1096	541	0.920270	35.441957	1	14	7	3.148181	5.211021	10.832279	16.250476	0	0
conventional	ce1097	541	0.511517	28.058271	1	14	7	2.615489	11.900077	5.952596	7.590109	0	0
holistic	he1027	542	0	0	0	0	3	0	0	0	0	0	0
conventional	ce1098	542	0	28.186189	0	14	7	3.348890	5.232635	7.723475	11.881189	0	0
holistic	he1028	543	1.374448	1.349375	1	2	2	0	1.349375	0	0	0	4.832431
holistic	he1029	543	0	0	0	0	3	0	0	0	0	0	0
conventional	ce1099	543	1.136516	36.879386	1	14	7	4.371587	5.913804	8.827769	17.766226	0.178750	0
holistic	he1030	544	0	0	0	0	16	0	0	0	0	0	0
conventional	ce1100	544	0	47.089638	0	14	7	5.799804	15.457724	13.854946	11.977164	0.669885	0
holistic	he1031	545	0	0	0	0	16	0	0	0	0	0	0
holistic	he1032	545	0	0	0	0	16	0	0	0	0	0	0
holistic	he1033	545	0	0	0	0	1	0	0	0	0	0	0
conventional	ce1101	545	0	25.232296	0	14	7	6.655886	4.039485	5.712536	8.824389	0.262594	0
conventional	ce1102	545	0.602922	19.936690	1	14	7	1.132712	5.884700	8.045418	4.873860	0	0
holistic	he1034	546	0	0	0	0	16	0	0	0	0	0	0
holistic	he1035	546	0	0	0	0	3	0	0	0	0	0	0
conventional	ce1103	546	0	29.364970	0	14	7	2.294478	7.774148	16.388348	2.907996	0.760239	0
holistic	he1036	547	0	0	0	0	3	0	0	0	0	0	0
holistic	he1037	547	0	0	0	0	3	0	0	0	0	0	0
conventional	ce1104	547	0.016301	26.405550	1	14	7	5.872470	4.116352	10.009203	6.407525	0	0
conventional	ce1105	548	0.511517	30.152791	1	14	7	2.059412	13.051501	6.878420	8.163458	0	0
conventional	ce1106	548	0	28.639277	0	14	7	3.954223	7.138170	12.947743	4.599141	0.347172	0
holistic	he1038	549	0	0	0	0	1	0	0	0	0	0	0
conventional	ce1107	549	0	30.566451	0	14	7	3.847811	8.178570	11.580387	6.959683	1.401080	0
conventional	ce1108	549	0	21.832072	0	14	7	2.906807	2.758361	8.872862	7.294042	2.190424	0
conventional	ce1109	549	0	28.638549	0	14	7	4.195526	2.694265	11.585463	10.163295	0.422698	0
conventional	ce1110	549	0	24.633350	0	14	7	4.342879	3.274091	8.007117	9.009263	1.417709	0
holistic	he1039	550	0	0	0	0	4	0	0	0	0	0	0
holistic	he1040	551	0	0	0	0	3	0	0	0	0	0	0
conventional	ce1111	551	0.269642	58.048628	1	14	7	9.629473	13.474928	19.032299	15.911928	0.669885	0
holistic	he1041	552	0	0	0	0	3	0	0	0	0	0	0
holistic	he1042	552	0	0	0	0	16	0	0	0	0	0	0
conventional	ce1112	553	0.353703	25.146633	1	14	7	6.112460	3.176993	11.241030	4.616150	0	0
conventional	ce1113	553	0	30.011812	0	14	7	3.414298	7.448373	12.504842	6.644299	1.629095	0
conventional	ce1114	553	0	26.207899	0	14	7	6.418168	5.915541	5.717984	8.156206	0.569429	0
conventional	ce1115	554	0	49.261865	0	14	7	5.376379	17.147633	14.529967	12.207886	0.669885	0
conventional	ce1116	555	0.966398	26.447908	1	14	7	3.715096	6.634523	12.514023	3.584266	0	0
conventional	ce1117	555	2.220161	46.111335	1	14	7	2.313428	16.192074	13.615091	13.990742	0	0
conventional	ce1118	555	0	20.836005	0	14	7	0.787138	2.714279	5.795591	11.538997	2.286531	0
holistic	he1043	556	0	0	0	0	13	0	0	0	0	0	0
holistic	he1044	556	0	0	0	0	3	0	0	0	0	0	0
conventional	ce1119	556	0	22.115663	0	14	7	4.570765	2.120053	11.122647	4.302198	0.260187	0
holistic	he1045	558	0	0	0	0	3	0	0	0	0	0	0
conventional	ce1120	558	1.145558	16.727491	1	14	7	0.558648	1.891748	7.918006	6.359089	0.050767	0
holistic	he1046	559	0	0.000870	0	2	4	0.000870	0	0	0	0	0
conventional	ce1121	559	0.353703	32.778192	1	14	7	3.375154	6.513835	12.221425	10.667778	0	0
holistic	he1047	560	0	0	0	0	1	0	0	0	0	0	0
conventional	ce1122	560	0	28.777817	0	14	7	3.112525	7.664488	12.942378	5.058426	1.215329	0
conventional	ce1123	561	0	27.311537	0	14	7	4.212546	2.386340	12.062814	8.649837	0.422698	0
conventional	ce1124	561	0.655142	37.590702	1	14	7	4.644943	6.853359	11.636646	14.455754	0	0
conventional	ce1125	561	0	21.507751	0	14	7	0.550818	3.538865	6.301072	11.116996	2.286531	0
conventional	ce1126	562	0.140807	66.533485	1	14	7	12.622523	14.870699	21.438381	17.601882	0	0
conventional	ce1127	562	0	41.091292	0	14	7	1.016116	8.085381	24.673256	7.316539	0.991645	0
holistic	he1048	563	0	0	0	0	3	0	0	0	0	0	0
holistic	he1049	563	0	0	0	0	3	0	0	0	0	0	0
holistic	he1050	563	0	0	0	0	3	0	0	0	0	0	0
conventional	ce1128	563	0	28.202354	0	14	7	1.013272	6.243546	14.013537	6.931999	1.439963	0
conventional	ce1129	563	0	28.688222	0	14	7	2.552692	4.703835	9.192593	12.239102	0.099473	0
conventional	ce1130	563	0.920270	36.412852	1	14	7	4.380657	7.237139	12.778667	12.016389	0	0
conventional	ce1131	563	1.209019	33.629212	1	14	7	2.966880	10.272304	10.692187	9.697841	0	0
holistic	he1051	564	0	0	0	0	4	0	0	0	0	0	0
holistic	he1052	565	0	0	0	0	3	0	0	0	0	0	0
conventional	ce1132	565	0	27.602206	0	14	7	2.580866	2.553103	13.322373	9.145864	0.086409	0
conventional	ce1133	565	0	43.021262	0	14	7	1.016116	8.972979	24.946772	8.085395	0.991645	0
conventional	ce1134	566	0.920270	30.740793	1	14	7	2.444993	13.765340	7.643915	6.886545	0	0
conventional	ce1135	567	0	21.618002	0	14	7	2.095324	2.246563	13.680381	3.595734	1.417709	0
conventional	ce1136	567	0.140807	45.042407	1	14	7	2.664679	13.436391	17.341069	11.600268	0	0
conventional	ce1137	567	0	37.425558	0	14	7	2.979169	4.657368	19.412708	10.376313	0.086409	0
holistic	he1053	568	0	0	0	0	2	0	0	0	0	0	0
holistic	he1054	568	0	0	0	0	16	0	0	0	0	0	0
holistic	he1055	568	0	0	0	0	3	0	0	0	0	0	0
holistic	he1056	569	0	0	0	0	5	0	0	0	0	0	0
conventional	ce1138	569	1.004560	28.565533	1	14	7	3.589383	6.256135	13.757727	4.962288	0	0
conventional	ce1139	570	0	25.522392	0	14	7	4.096019	2.317005	9.697512	9.411856	1.712448	0
conventional	ce1140	570	0	29.523166	0	14	7	2.188390	12.121926	12.225621	2.987229	0.338071	0
holistic	he1057	572	0	0	0	0	2	0	0	0	0	0	0
holistic	he1058	572	0	0.332852	0	1	3	0.332852	0	0	0	0	0
holistic	he1059	572	0	0	0	0	6	0	0	0	0	0	6.812024
conventional	ce1141	572	0	25.327731	0	14	7	2.022162	2.333875	12.008540	8.963154	0.086409	0
holistic	he1060	573	0	0	0	0	3	0	0	0	0	0	0
conventional	ce1142	573	0.511517	47.611154	1	14	7	3.967849	16.262026	12.820094	14.561185	0	0
holistic	he1061	574	0	0	0	0	2	0	0	0	0	0	0
holistic	he1062	575	0	0	0	0	1	0	0	0	0	0	0
holistic	he1063	575	0	0	0	0	13	0	0	0	0	0	0
conventional	ce1143	575	0	24.344808	0	14	7	3.199824	4.598552	6.934038	9.612394	2.316740	0
conventional	ce1144	575	1.103065	27.606461	1	14	7	2.632335	5.073933	10.803461	9.096732	0	0
conventional	ce1145	575	0	25.967133	0	14	7	2.579722	2.144217	12.418010	8.825184	0.086409	0
holistic	he1064	576	0	0	0	0	5	0	0	0	0	0	0
holistic	he1065	576	0	0	0	0	3	0	0	0	0	0	0
conventional	ce1146	576	0	27.104685	0	14	7	1.033695	3.685360	8.627529	13.758101	2.286531	0
conventional	ce1147	576	0	25.607050	0	14	7	1.454793	6.301561	11.836931	6.013765	1.956915	0
conventional	ce1148	576	0.537200	48.229720	1	14	7	2.797406	13.027802	19.826984	12.577528	0	0
holistic	he1066	577	0	0	0	0	11	0	0	0	0	0	0
conventional	ce1149	577	0	29.657398	0	14	7	2.441338	4.197693	14.483106	8.535261	1.439963	0
conventional	ce1150	577	0	21.991903	0	14	7	2.273564	0.913036	15.198659	3.606644	1.665032	0
holistic	he1067	578	0	0	0	0	9	0	0	0	0	0	0
holistic	he1068	578	0	0	0	0	3	0	0	0	0	0	0
holistic	he1069	578	0	0	0	0	3	0	0	0	0	0	0
conventional	ce1151	578	0.029623	23.808423	1	14	7	5.210444	4.676475	7.014956	6.906548	0.262594	0
conventional	ce1152	578	0.782216	24.431642	1	14	7	1.105188	5.028459	10.449281	7.848714	0	0
holistic	he1070	579	0	0	0	0	3	0	0	0	0	0	0
conventional	ce1153	579	0	41.248183	0	14	7	3.042927	13.210890	11.761140	13.233226	0.387431	0
conventional	ce1154	579	0.966398	26.404345	1	14	7	1.211820	4.638039	12.245450	8.309036	0	0
holistic	he1071	580	0	0	0	0	12	0	0	0	0	0	0
holistic	he1072	580	0	0	0	0	2	0	0	0	0	0	0
holistic	he1073	580	0	4.379229	0	3	2	0	4.379229	0	0	0	0
conventional	ce1155	580	0.511517	49.481973	1	14	7	3.743544	15.521179	15.603376	14.613874	0	0
conventional	ce1156	580	0	25.261077	0	14	7	2.772034	5.192149	6.661511	10.635383	0.347172	0
holistic	he1074	581	0	0.178371	0	3	6	0.178371	0	0	0	0	0
conventional	ce1157	581	0.967072	33.773059	1	14	7	2.110265	8.486216	12.853316	10.323262	0	0
conventional	ce1158	581	0	38.897127	0	14	7	3.003637	4.843339	18.516674	12.533477	0.086409	0
conventional	ce1159	581	1.209019	31.538062	1	14	7	3.214713	9.951398	9.995303	8.376648	0	0
holistic	he1075	582	0	0	0	0	1	0	0	0	0	0	0
holistic	he1076	582	0	0	0	0	3	0	0	0	0	0	0
conventional	ce1160	582	0	13.600663	0	14	7	4.077299	1.761043	3.464595	4.297726	0	0
conventional	ce1161	582	0.655142	36.142521	1	14	7	5.222797	5.658530	10.899266	14.361928	0	0
holistic	he1077	583	0	0	0	0	3	0	0	0	0	0	0
holistic	he1078	584	0	0	0	0	3	0	0	0	0	0	0
holistic	he1079	584	0	0	0	0	6	0	0	0	0	0	0
holistic	he1080	584	0	0	0	0	1	0	0	0	0	0	0
holistic	he1081	584	0	0	0	0	5	0	0	0	0	0	0
conventional	ce1162	584	0	20.615162	0	14	7	2.264381	2.548121	11.053863	4.748797	2.716907	0
conventional	ce1163	584	0	25.851218	0	14	7	4.416686	2.331031	9.697512	9.405989	1.712448	0
holistic	he1082	585	0	0	0	0	3	0	0	0	0	0	0
holistic	he1083	585	0	0	0	0	3	0	0	0	0	0	0
holistic	he1084	585	0	0	0	0	3	0	0	0	0	0	0
holistic	he1085	586	0	0	0	0	3	0	0	0	0	0	0
holistic	he1086	587	0	0	0	0	2	0	0	0	0	0	0
holistic	he1087	587	0	0.388314	0	6	17	0.388314	0	0	0	0	0
conventional	ce1164	587	0	49.714518	0	14	7	5.161483	15.793465	14.762319	13.997251	0.669885	0
conventional	ce1165	587	0.353703	31.542545	1	14	7	2.067037	3.850245	10.513897	15.111366	0	0
holistic	he1088	588	0	0	0	0	12	0	0	0	0	0	0
holistic	he1089	588	0	0	0	0	2	0	0	0	0	0	0
holistic	he1090	588	0	0	0	0	5	0	0	0	0	0	0
holistic	he1091	588	0	0	0	0	1	0	0	0	0	0	0
conventional	ce1166	588	0	46.132604	0	14	7	5.799804	15.905381	11.796092	12.631327	1.446189	0
holistic	he1092	589	0	0	0	0	3	0	0	0	0	0	0
holistic	he1093	589	0	0	0	0	3	0	0	0	0	0	0
conventional	ce1167	590	1.243184	31.074914	1	14	7	2.295985	8.566192	17.411977	2.800760	0	0
conventional	ce1168	590	0.353703	29.751970	1	14	7	3.786429	3.176575	7.033307	15.755659	0	0
conventional	ce1169	590	0.671982	30.915335	1	14	7	2.761521	13.871685	5.924919	8.357210	0	0
conventional	ce1170	590	0	11.939539	0	14	7	2.679746	2.852368	4.154203	2.253222	0	0
holistic	he1094	592	0	0	0	0	13	0	0	0	0	0	0
holistic	he1095	592	0	0	0	0	3	0	0	0	0	0	0
conventional	ce1171	592	0	26.494185	0	14	7	1.477057	6.209339	12.779309	6.028480	2.985357	0
conventional	ce1172	592	0	29.663101	0	14	7	1.298707	5.376380	14.118816	8.869198	2.010400	0
conventional	ce1173	592	0	29.112371	0	14	7	4.245097	6.781473	11.974889	6.110912	0.760239	0
holistic	he1096	593	0	0	0	0	3	0	0	0	0	0	0
conventional	ce1174	593	0.511517	35.670725	1	14	7	1.905618	16.567330	9.230758	7.967019	0	0
conventional	ce1175	594	0.966398	24.008684	1	14	7	1.835811	4.016571	10.226215	7.930087	0	0
holistic	he1097	595	0	0	0	0	4	0	0	0	0	0	0
conventional	ce1176	595	0	36.331499	0	14	7	3.003637	4.070696	17.263664	11.993502	0.086409	0
conventional	ce1177	596	0.140807	36.117240	1	14	7	0.940050	11.603694	12.552118	11.021378	0	0
holistic	he1098	597	0	0.000870	0	2	4	0.000870	0	0	0	0	0
holistic	he1099	597	0	0	0	0	3	0	0	0	0	0	0
conventional	ce1178	597	0	54.791955	0	14	7	3.815805	16.731802	21.195296	13.049052	0.669885	0
conventional	ce1179	597	0.258271	62.293593	1	14	7	13.696887	11.768557	19.101712	17.726437	0	0
conventional	ce1180	597	1.145558	18.169625	1	14	7	0.620811	2.411493	7.510558	7.626763	0.050767	0
conventional	ce1181	597	0	43.259622	0	14	7	2.594314	14.808336	12.815101	13.041871	2.619391	0
holistic	he1100	598	0	0	0	0	2	0	0	0	0	0	0
holistic	he1101	599	0	0	0	0	2	0	0	0	0	0	0
holistic	he1102	599	0	0	0	0	3	0	0	0	0	0	0
holistic	he1103	599	0	0	0	0	1	0	0	0	0	0	0
