season   0 holistic     alive  60 births  4 deaths  4 best lifetime 1.973 mean 0.090 max age 57  season   0 conventional alive  60 births  2 deaths  2 best lifetime 5.193 mean 0.551 max age 58  (9.4s)
season   1 holistic     alive  60 births  0 deaths  0 best lifetime 1.965 mean 0.062 max age 58  season   1 conventional alive  60 births  0 deaths  0 best lifetime 3.540 mean 0.676 max age 59  (9.1s)
season   2 holistic     alive  60 births  0 deaths  0 best lifetime 2.299 mean 0.064 max age 59  season   2 conventional alive  60 births  5 deaths  5 best lifetime 3.870 mean 0.774 max age 59  (8.9s)
season   3 holistic     alive  59 births  2 deaths  3 best lifetime 1.716 mean 0.051 max age 59  season   3 conventional alive  60 births  6 deaths  6 best lifetime 4.050 mean 0.698 max age 59  (9.2s)
season   4 holistic     alive  56 births  1 deaths  4 best lifetime 1.566 mean 0.065 max age 59  season   4 conventional alive  60 births  5 deaths  5 best lifetime 3.358 mean 0.735 max age 59  (9.2s)
season   5 holistic     alive  56 births  2 deaths  2 best lifetime 1.466 mean 0.068 max age 59  season   5 conventional alive  60 births  4 deaths  4 best lifetime 3.033 mean 0.879 max age 56  (8.9s)
WARNING: Nan, Inf or huge value in QACC at DOF 27. The simulation is unstable. Time = 0.2250.

season   6 holistic     alive  54 births  2 deaths  4 best lifetime 1.537 mean 0.090 max age 58  season   6 conventional alive  60 births  1 deaths  1 best lifetime 3.129 mean 0.868 max age 57  (8.9s)
season   7 holistic     alive  57 births  4 deaths  1 best lifetime 1.341 mean 0.111 max age 59  season   7 conventional alive  60 births  2 deaths  2 best lifetime 3.562 mean 0.877 max age 58  (8.6s)
season   8 holistic     alive  59 births  5 deaths  3 best lifetime 2.969 mean 0.183 max age 59  season   8 conventional alive  60 births  2 deaths  2 best lifetime 3.307 mean 0.824 max age 59  (9.2s)
season   9 holistic     alive  60 births  2 deaths  1 best lifetime 1.850 mean 0.187 max age 59  season   9 conventional alive  60 births  5 deaths  5 best lifetime 4.527 mean 0.892 max age 54  (8.9s)
season  10 holistic     alive  59 births  5 deaths  6 best lifetime 2.345 mean 0.180 max age 59  season  10 conventional alive  60 births  3 deaths  3 best lifetime 4.031 mean 0.882 max age 55  (9.2s)
season  11 holistic     alive  32 births 10 deaths 37 best lifetime 2.963 mean 0.587 max age 46  season  11 conventional alive  60 births  2 deaths  2 best lifetime 5.362 mean 0.990 max age 56  (8.6s)
season  12 holistic     alive  42 births 11 deaths  1 best lifetime 3.770 mean 0.751 max age 47  season  12 conventional alive  60 births  3 deaths  3 best lifetime 4.339 mean 1.030 max age 57  (7.0s)
season  13 holistic     alive  60 births 18 deaths  0 best lifetime 4.872 mean 0.850 max age 48  season  13 conventional alive  60 births  1 deaths  1 best lifetime 5.403 mean 1.151 max age 58  (7.6s)
season  14 holistic     alive  60 births  3 deaths  3 best lifetime 3.842 mean 1.053 max age 49  season  14 conventional alive  60 births  0 deaths  0 best lifetime 4.296 mean 1.162 max age 59  (8.5s)
season  15 holistic     alive  60 births  7 deaths  7 best lifetime 3.539 mean 1.054 max age 44  season  15 conventional alive  60 births  3 deaths  3 best lifetime 3.308 mean 1.040 max age 58  (9.0s)
season  16 holistic     alive  60 births  1 deaths  1 best lifetime 4.848 mean 1.227 max age 45  season  16 conventional alive  60 births  1 deaths  1 best lifetime 3.394 mean 1.109 max age 59  (8.6s)
season  17 holistic     alive  60 births  6 deaths  6 best lifetime 3.679 mean 1.211 max age 46  season  17 conventional alive  60 births  2 deaths  2 best lifetime 3.071 mean 1.126 max age 56  (8.6s)
season  18 holistic     alive  60 births  1 deaths  1 best lifetime 4.166 mean 1.419 max age 47  season  18 conventional alive  60 births  1 deaths  1 best lifetime 3.411 mean 1.223 max age 57  (8.5s)
season  19 holistic     alive  60 births  2 deaths  2 best lifetime 4.086 mean 1.375 max age 48  season  19 conventional alive  60 births  0 deaths  0 best lifetime 2.901 mean 1.202 max age 58  (8.5s)
season  20 holistic     alive  60 births  2 deaths  2 best lifetime 3.837 mean 1.385 max age 49  season  20 conventional alive  60 births  1 deaths  1 best lifetime 2.763 mean 1.186 max age 59  (8.4s)
season  21 holistic     alive  60 births  4 deaths  4 best lifetime 4.503 mean 1.446 max age 50  season  21 conventional alive  60 births  3 deaths  3 best lifetime 6.430 mean 1.232 max age 58  (8.5s)
WARNING: Nan, Inf or huge value in QACC at DOF 24. The simulation is unstable. Time = 9.0650.

season  22 holistic     alive  60 births  1 deaths  1 best lifetime 4.864 mean 1.557 max age 51  season  22 conventional alive  60 births  1 deaths  1 best lifetime 3.933 mean 1.226 max age 59  (8.5s)
season  23 holistic     alive  60 births  1 deaths  1 best lifetime 4.212 mean 1.513 max age 52  season  23 conventional alive  60 births  1 deaths  1 best lifetime 3.124 mean 1.193 max age 58  (8.6s)
season  24 holistic     alive  60 births  1 deaths  1 best lifetime 4.060 mean 1.508 max age 53  season  24 conventional alive  60 births  0 deaths  0 best lifetime 2.459 mean 1.204 max age 59  (8.6s)
season  25 holistic     alive  60 births  2 deaths  2 best lifetime 3.839 mean 1.427 max age 54  season  25 conventional alive  60 births  1 deaths  1 best lifetime 2.556 mean 1.133 max age 57  (8.4s)
season  26 holistic     alive  60 births  1 deaths  1 best lifetime 3.565 mean 1.386 max age 55  season  26 conventional alive  60 births  0 deaths  0 best lifetime 7.514 mean 1.228 max age 58  (8.6s)
season  27 holistic     alive  60 births  0 deaths  0 best lifetime 3.422 mean 1.427 max age 56  season  27 conventional alive  60 births  1 deaths  1 best lifetime 4.486 mean 1.172 max age 59  (8.3s)
season  28 holistic     alive  60 births  0 deaths  0 best lifetime 3.686 mean 1.476 max age 57  season  28 conventional alive  60 births  1 deaths  1 best lifetime 3.151 mean 1.164 max age 56  (8.5s)
season  29 holistic     alive  60 births  0 deaths  0 best lifetime 3.983 mean 1.419 max age 58  season  29 conventional alive  60 births  0 deaths  0 best lifetime 2.527 mean 1.143 max age 57  (8.7s)
season  30 holistic     alive  60 births  0 deaths  0 best lifetime 3.839 mean 1.425 max age 59  season  30 conventional alive  60 births  0 deaths  0 best lifetime 2.291 mean 1.148 max age 58  (8.4s)
season  31 holistic     alive  60 births  1 deaths  1 best lifetime 3.839 mean 1.443 max age 58  season  31 conventional alive  60 births  0 deaths  0 best lifetime 2.251 mean 1.136 max age 59  (8.4s)
season  32 holistic     alive  60 births  0 deaths  0 best lifetime 3.898 mean 1.435 max age 59  season  32 conventional alive  60 births  2 deaths  2 best lifetime 2.258 mean 1.096 max age 59  (8.4s)
WARNING: Nan, Inf or huge value in QACC at DOF 31. The simulation is unstable. Time = 14.2400.

season  33 holistic     alive  60 births  1 deaths  1 best lifetime 3.894 mean 1.413 max age 30  season  33 conventional alive  60 births  1 deaths  1 best lifetime 2.323 mean 1.047 max age 58  (8.5s)
season  34 holistic     alive  60 births  2 deaths  2 best lifetime 3.838 mean 1.415 max age 31  season  34 conventional alive  60 births  2 deaths  2 best lifetime 2.290 mean 1.049 max age 59  (8.5s)
season  35 holistic     alive  60 births  0 deaths  0 best lifetime 3.988 mean 1.422 max age 32  season  35 conventional alive  60 births  3 deaths  3 best lifetime 3.463 mean 1.065 max age 57  (8.6s)
season  36 holistic     alive  60 births  0 deaths  0 best lifetime 3.933 mean 1.458 max age 33  season  36 conventional alive  60 births  2 deaths  2 best lifetime 2.455 mean 1.066 max age 58  (8.5s)
season  37 holistic     alive  60 births  0 deaths  0 best lifetime 3.837 mean 1.483 max age 34  season  37 conventional alive  60 births  1 deaths  1 best lifetime 2.249 mean 1.136 max age 59  (8.3s)
season  38 holistic     alive  60 births  1 deaths  1 best lifetime 3.924 mean 1.486 max age 35  season  38 conventional alive  60 births  1 deaths  1 best lifetime 2.292 mean 1.103 max age 59  (8.6s)
season  39 holistic     alive  60 births  1 deaths  1 best lifetime 4.842 mean 1.570 max age 36  season  39 conventional alive  60 births  1 deaths  1 best lifetime 2.280 mean 1.117 max age 58  (8.4s)
season  40 holistic     alive  60 births  0 deaths  0 best lifetime 6.341 mean 1.582 max age 37  season  40 conventional alive  60 births  1 deaths  1 best lifetime 2.151 mean 1.105 max age 59  (8.3s)
season  41 holistic     alive  60 births  0 deaths  0 best lifetime 4.839 mean 1.609 max age 38  season  41 conventional alive  60 births  1 deaths  1 best lifetime 2.070 mean 1.126 max age 59  (8.5s)
season  42 holistic     alive  60 births  0 deaths  0 best lifetime 4.337 mean 1.600 max age 39  season  42 conventional alive  60 births  1 deaths  1 best lifetime 3.463 mean 1.161 max age 59  (8.5s)
season  43 holistic     alive  60 births  2 deaths  2 best lifetime 3.945 mean 1.581 max age 40  season  43 conventional alive  60 births  1 deaths  1 best lifetime 2.070 mean 1.139 max age 59  (8.4s)
season  44 holistic     alive  60 births  0 deaths  0 best lifetime 3.975 mean 1.582 max age 41  season  44 conventional alive  60 births  2 deaths  2 best lifetime 2.414 mean 1.088 max age 59  (8.2s)
season  45 holistic     alive  60 births  1 deaths  1 best lifetime 4.071 mean 1.582 max age 42  season  45 conventional alive  60 births  1 deaths  1 best lifetime 2.162 mean 1.085 max age 57  (8.4s)
season  46 holistic     alive  60 births  0 deaths  0 best lifetime 4.257 mean 1.587 max age 43  season  46 conventional alive  60 births  1 deaths  1 best lifetime 2.531 mean 1.120 max age 58  (8.7s)
season  47 holistic     alive  60 births  1 deaths  1 best lifetime 4.212 mean 1.570 max age 44  season  47 conventional alive  60 births  1 deaths  1 best lifetime 3.029 mean 1.181 max age 59  (8.5s)
season  48 holistic     alive  60 births  0 deaths  0 best lifetime 4.170 mean 1.609 max age 45  season  48 conventional alive  60 births  1 deaths  1 best lifetime 2.925 mean 1.160 max age 59  (8.2s)
season  49 holistic     alive  60 births  1 deaths  1 best lifetime 4.101 mean 1.595 max age 46  season  49 conventional alive  60 births  1 deaths  1 best lifetime 2.573 mean 1.132 max age 55  (8.6s)
season  50 holistic     alive  60 births  0 deaths  0 best lifetime 4.208 mean 1.695 max age 47  season  50 conventional alive  60 births  0 deaths  0 best lifetime 2.529 mean 1.190 max age 56  (9.0s)
season  51 holistic     alive  60 births  0 deaths  0 best lifetime 4.198 mean 1.668 max age 48  season  51 conventional alive  60 births  0 deaths  0 best lifetime 2.279 mean 1.196 max age 57  (8.6s)
season  52 holistic     alive  60 births  0 deaths  0 best lifetime 4.216 mean 1.680 max age 49  season  52 conventional alive  60 births  0 deaths  0 best lifetime 2.142 mean 1.174 max age 58  (8.5s)
season  53 holistic     alive  60 births  0 deaths  0 best lifetime 4.179 mean 1.687 max age 50  season  53 conventional alive  60 births  0 deaths  0 best lifetime 2.222 mean 1.160 max age 59  (8.3s)
season  54 holistic     alive  60 births  0 deaths  0 best lifetime 4.248 mean 1.665 max age 51  season  54 conventional alive  60 births  1 deaths  1 best lifetime 2.119 mean 1.114 max age 59  (8.4s)
season  55 holistic     alive  60 births  0 deaths  0 best lifetime 4.312 mean 1.678 max age 52  season  55 conventional alive  60 births  1 deaths  1 best lifetime 2.095 mean 1.103 max age 59  (8.4s)
WARNING: Nan, Inf or huge value in QACC at DOF 0. The simulation is unstable. Time = 11.5750.

WARNING: Nan, Inf or huge value in QACC at DOF 13. The simulation is unstable. Time = 6.1250.

season  56 holistic     alive  60 births  0 deaths  0 best lifetime 4.301 mean 1.679 max age 53  season  56 conventional alive  60 births  3 deaths  3 best lifetime 2.127 mean 1.118 max age 59  (8.6s)
season  57 holistic     alive  60 births  0 deaths  0 best lifetime 4.337 mean 1.681 max age 54  season  57 conventional alive  60 births  1 deaths  1 best lifetime 6.433 mean 1.261 max age 59  (8.4s)
season  58 holistic     alive  60 births  0 deaths  0 best lifetime 4.442 mean 1.697 max age 55  season  58 conventional alive  60 births  1 deaths  1 best lifetime 3.920 mean 1.243 max age 59  (8.4s)
season  59 holistic     alive  60 births  0 deaths  0 best lifetime 4.406 mean 1.700 max age 56  season  59 conventional alive  60 births  2 deaths  2 best lifetime 4.097 mean 1.236 max age 59  (8.3s)
season  60 holistic     alive  60 births  0 deaths  0 best lifetime 4.393 mean 1.701 max age 57  season  60 conventional alive  60 births  2 deaths  2 best lifetime 4.592 mean 1.298 max age 58  (8.4s)
WARNING: Nan, Inf or huge value in QACC at DOF 31. The simulation is unstable. Time = 4.3800.

season  61 holistic     alive  60 births  0 deaths  0 best lifetime 4.381 mean 1.695 max age 58  season  61 conventional alive  60 births  0 deaths  0 best lifetime 3.425 mean 1.240 max age 59  (8.4s)
season  62 holistic     alive  60 births  0 deaths  0 best lifetime 4.370 mean 1.702 max age 59  season  62 conventional alive  60 births  2 deaths  2 best lifetime 2.924 mean 1.225 max age 59  (8.4s)
season  63 holistic     alive  60 births  1 deaths  1 best lifetime 4.421 mean 1.697 max age 59  season  63 conventional alive  60 births  2 deaths  2 best lifetime 2.710 mean 1.232 max age 59  (8.7s)
season  64 holistic     alive  60 births  1 deaths  1 best lifetime 4.368 mean 1.653 max age 59  season  64 conventional alive  60 births  3 deaths  3 best lifetime 2.413 mean 1.140 max age 59  (8.4s)
season  65 holistic     alive  60 births  1 deaths  1 best lifetime 4.318 mean 1.638 max age 59  season  65 conventional alive  60 births  2 deaths  2 best lifetime 2.375 mean 1.196 max age 59  (8.5s)
season  66 holistic     alive  60 births  1 deaths  1 best lifetime 4.308 mean 1.613 max age 59  season  66 conventional alive  60 births  1 deaths  1 best lifetime 2.112 mean 1.111 max age 59  (8.3s)
season  67 holistic     alive  60 births  2 deaths  2 best lifetime 4.318 mean 1.581 max age 59  season  67 conventional alive  60 births  2 deaths  2 best lifetime 2.904 mean 1.150 max age 59  (8.5s)
season  68 holistic     alive  60 births  4 deaths  4 best lifetime 4.252 mean 1.500 max age 59  season  68 conventional alive  60 births  1 deaths  1 best lifetime 2.086 mean 1.107 max age 59  (8.6s)
season  69 holistic     alive  60 births  1 deaths  1 best lifetime 4.263 mean 1.623 max age 59  season  69 conventional alive  60 births  4 deaths  4 best lifetime 2.597 mean 1.109 max age 59  (8.7s)
season  70 holistic     alive  60 births  3 deaths  3 best lifetime 4.383 mean 1.545 max age 59  season  70 conventional alive  60 births  1 deaths  1 best lifetime 3.094 mean 1.104 max age 58  (8.7s)
season  71 holistic     alive  60 births  5 deaths  5 best lifetime 4.338 mean 1.396 max age 59  season  71 conventional alive  60 births  1 deaths  1 best lifetime 2.388 mean 1.078 max age 59  (8.5s)
WARNING: Nan, Inf or huge value in QACC at DOF 26. The simulation is unstable. Time = 12.8150.

season  72 holistic     alive  60 births  9 deaths  9 best lifetime 4.364 mean 1.319 max age 59  season  72 conventional alive  60 births  3 deaths  3 best lifetime 3.040 mean 1.136 max age 59  (8.6s)
season  73 holistic     alive  60 births 12 deaths 12 best lifetime 4.407 mean 1.189 max age 59  season  73 conventional alive  60 births  1 deaths  1 best lifetime 3.626 mean 1.184 max age 58  (8.8s)
season  74 holistic     alive  60 births  4 deaths  4 best lifetime 5.849 mean 1.323 max age 59  season  74 conventional alive  60 births  0 deaths  0 best lifetime 2.988 mean 1.167 max age 59  (8.8s)
season  75 holistic     alive  60 births  5 deaths  5 best lifetime 3.962 mean 1.297 max age 58  season  75 conventional alive  60 births  2 deaths  2 best lifetime 3.722 mean 1.198 max age 59  (8.8s)
season  76 holistic     alive  60 births  2 deaths  2 best lifetime 2.583 mean 1.152 max age 59  season  76 conventional alive  60 births  2 deaths  2 best lifetime 3.106 mean 1.097 max age 59  (8.6s)
season  77 holistic     alive  60 births  5 deaths  5 best lifetime 2.571 mean 1.188 max age 58  season  77 conventional alive  60 births  2 deaths  2 best lifetime 3.015 mean 1.127 max age 59  (8.7s)
season  78 holistic     alive  60 births  1 deaths  1 best lifetime 3.372 mean 1.291 max age 59  season  78 conventional alive  60 births  2 deaths  2 best lifetime 3.397 mean 1.122 max age 58  (8.5s)
WARNING: Nan, Inf or huge value in QACC at DOF 0. The simulation is unstable. Time = 4.0350.

season  79 holistic     alive  60 births  4 deaths  4 best lifetime 3.855 mean 1.429 max age 59  season  79 conventional alive  60 births  0 deaths  0 best lifetime 3.647 mean 1.231 max age 59  (8.5s)
season  80 holistic     alive  60 births  1 deaths  1 best lifetime 4.400 mean 1.501 max age 59  season  80 conventional alive  60 births  2 deaths  2 best lifetime 3.175 mean 1.240 max age 59  (8.6s)
season  81 holistic     alive  60 births  3 deaths  3 best lifetime 3.972 mean 1.425 max age 58  season  81 conventional alive  60 births  3 deaths  3 best lifetime 4.343 mean 1.278 max age 58  (9.1s)
season  82 holistic     alive  60 births  1 deaths  1 best lifetime 3.639 mean 1.383 max age 59  season  82 conventional alive  60 births  1 deaths  1 best lifetime 3.034 mean 1.297 max age 59  (8.7s)
season  83 holistic     alive  60 births  2 deaths  2 best lifetime 3.573 mean 1.407 max age 59  season  83 conventional alive  60 births  1 deaths  1 best lifetime 4.837 mean 1.352 max age 58  (8.7s)
season  84 holistic     alive  60 births  1 deaths  1 best lifetime 3.609 mean 1.368 max age 59  season  84 conventional alive  60 births  0 deaths  0 best lifetime 4.668 mean 1.283 max age 59  (8.7s)
season  85 holistic     alive  60 births  1 deaths  1 best lifetime 3.554 mean 1.340 max age 59  season  85 conventional alive  60 births  1 deaths  1 best lifetime 3.332 mean 1.270 max age 58  (8.8s)
season  86 holistic     alive  60 births  3 deaths  3 best lifetime 3.439 mean 1.301 max age 55  season  86 conventional alive  60 births  0 deaths  0 best lifetime 3.065 mean 1.215 max age 59  (8.7s)
WARNING: Nan, Inf or huge value in QACC at DOF 23. The simulation is unstable. Time = 8.4650.

season  87 holistic     alive  60 births  0 deaths  0 best lifetime 3.339 mean 1.361 max age 56  season  87 conventional alive  60 births  2 deaths  2 best lifetime 3.023 mean 1.229 max age 59  (8.7s)
season  88 holistic     alive  60 births  1 deaths  1 best lifetime 3.532 mean 1.365 max age 57  season  88 conventional alive  60 births  1 deaths  1 best lifetime 3.163 mean 1.275 max age 55  (8.6s)
season  89 holistic     alive  60 births  0 deaths  0 best lifetime 3.420 mean 1.401 max age 58  season  89 conventional alive  60 births  0 deaths  0 best lifetime 3.398 mean 1.269 max age 56  (8.7s)
season  90 holistic     alive  60 births  1 deaths  1 best lifetime 3.269 mean 1.407 max age 59  season  90 conventional alive  60 births  0 deaths  0 best lifetime 3.241 mean 1.277 max age 57  (8.6s)
season  91 holistic     alive  60 births  2 deaths  2 best lifetime 3.191 mean 1.348 max age 58  season  91 conventional alive  60 births  0 deaths  0 best lifetime 3.096 mean 1.267 max age 58  (8.7s)
season  92 holistic     alive  60 births  0 deaths  0 best lifetime 3.120 mean 1.362 max age 59  season  92 conventional alive  60 births  1 deaths  1 best lifetime 2.967 mean 1.290 max age 59  (8.7s)
season  93 holistic     alive  60 births  2 deaths  2 best lifetime 3.007 mean 1.354 max age 59  season  93 conventional alive  60 births  1 deaths  1 best lifetime 2.844 mean 1.267 max age 59  (8.8s)
season  94 holistic     alive  60 births  1 deaths  1 best lifetime 3.730 mean 1.383 max age 56  season  94 conventional alive  60 births  2 deaths  2 best lifetime 2.738 mean 1.263 max age 59  (8.7s)
season  95 holistic     alive  60 births  1 deaths  1 best lifetime 5.222 mean 1.442 max age 57  season  95 conventional alive  60 births  1 deaths  1 best lifetime 2.682 mean 1.283 max age 59  (8.8s)
season  96 holistic     alive  60 births  0 deaths  0 best lifetime 4.724 mean 1.421 max age 58  season  96 conventional alive  60 births  2 deaths  2 best lifetime 2.976 mean 1.294 max age 59  (8.9s)
season  97 holistic     alive  60 births  1 deaths  1 best lifetime 4.224 mean 1.424 max age 59  season  97 conventional alive  60 births  1 deaths  1 best lifetime 3.493 mean 1.300 max age 58  (8.7s)
season  98 holistic     alive  60 births  2 deaths  2 best lifetime 4.126 mean 1.387 max age 55  season  98 conventional alive  60 births  0 deaths  0 best lifetime 2.990 mean 1.286 max age 59  (8.7s)
season  99 holistic     alive  60 births  0 deaths  0 best lifetime 3.726 mean 1.435 max age 56  season  99 conventional alive  60 births  2 deaths  2 best lifetime 3.472 mean 1.266 max age 58  (9.1s)
season 100 holistic     alive  60 births  0 deaths  0 best lifetime 3.441 mean 1.404 max age 57  season 100 conventional alive  60 births  0 deaths  0 best lifetime 3.489 mean 1.277 max age 59  (8.9s)
season 101 holistic     alive  60 births  1 deaths  1 best lifetime 3.352 mean 1.397 max age 58  season 101 conventional alive  60 births  1 deaths  1 best lifetime 3.327 mean 1.289 max age 59  (8.8s)
season 102 holistic     alive  60 births  1 deaths  1 best lifetime 3.283 mean 1.441 max age 59  season 102 conventional alive  60 births  2 deaths  2 best lifetime 3.655 mean 1.334 max age 59  (8.6s)
season 103 holistic     alive  60 births  1 deaths  1 best lifetime 2.928 mean 1.392 max age 56  season 103 conventional alive  60 births  1 deaths  1 best lifetime 3.348 mean 1.334 max age 59  (8.6s)
season 104 holistic     alive  60 births  0 deaths  0 best lifetime 3.091 mean 1.459 max age 57  season 104 conventional alive  60 births  1 deaths  1 best lifetime 2.991 mean 1.275 max age 58  (8.5s)
season 105 holistic     alive  60 births  0 deaths  0 best lifetime 2.978 mean 1.459 max age 58  season 105 conventional alive  60 births  0 deaths  0 best lifetime 2.935 mean 1.262 max age 59  (8.7s)
season 106 holistic     alive  60 births  0 deaths  0 best lifetime 2.959 mean 1.443 max age 59  season 106 conventional alive  60 births  2 deaths  2 best lifetime 3.190 mean 1.221 max age 59  (8.7s)
season 107 holistic     alive  60 births  1 deaths  1 best lifetime 3.158 mean 1.443 max age 58  season 107 conventional alive  60 births  1 deaths  1 best lifetime 3.127 mean 1.232 max age 59  (8.7s)
WARNING: Nan, Inf or huge value in QACC at DOF 33. The simulation is unstable. Time = 13.0600.

season 108 holistic     alive  60 births  0 deaths  0 best lifetime 2.996 mean 1.423 max age 59  season 108 conventional alive  60 births  2 deaths  2 best lifetime 2.991 mean 1.196 max age 59  (8.7s)
season 109 holistic     alive  60 births  1 deaths  1 best lifetime 2.854 mean 1.411 max age 45  season 109 conventional alive  60 births  3 deaths  3 best lifetime 3.030 mean 1.214 max age 55  (8.6s)
season 110 holistic     alive  60 births  0 deaths  0 best lifetime 2.788 mean 1.422 max age 46  season 110 conventional alive  60 births  1 deaths  1 best lifetime 3.122 mean 1.306 max age 56  (8.9s)
season 111 holistic     alive  60 births  0 deaths  0 best lifetime 2.951 mean 1.419 max age 47  season 111 conventional alive  60 births  0 deaths  0 best lifetime 3.721 mean 1.343 max age 57  (8.7s)
season 112 holistic     alive  60 births  0 deaths  0 best lifetime 2.908 mean 1.452 max age 48  season 112 conventional alive  60 births  0 deaths  0 best lifetime 2.830 mean 1.363 max age 58  (8.6s)
season 113 holistic     alive  60 births  1 deaths  1 best lifetime 2.906 mean 1.447 max age 49  season 113 conventional alive  60 births  0 deaths  0 best lifetime 2.492 mean 1.319 max age 59  (8.9s)
season 114 holistic     alive  60 births  0 deaths  0 best lifetime 2.860 mean 1.462 max age 50  season 114 conventional alive  60 births  1 deaths  1 best lifetime 2.770 mean 1.279 max age 59  (8.7s)
season 115 holistic     alive  60 births  0 deaths  0 best lifetime 2.832 mean 1.444 max age 51  season 115 conventional alive  60 births  1 deaths  1 best lifetime 2.650 mean 1.259 max age 59  (8.8s)
season 116 holistic     alive  60 births  0 deaths  0 best lifetime 2.833 mean 1.456 max age 52  season 116 conventional alive  60 births  3 deaths  3 best lifetime 2.642 mean 1.181 max age 59  (8.7s)
season 117 holistic     alive  60 births  1 deaths  1 best lifetime 2.847 mean 1.449 max age 53  season 117 conventional alive  60 births  1 deaths  1 best lifetime 2.588 mean 1.189 max age 59  (8.9s)
season 118 holistic     alive  60 births  0 deaths  0 best lifetime 2.897 mean 1.460 max age 54  season 118 conventional alive  60 births  1 deaths  1 best lifetime 2.492 mean 1.204 max age 59  (8.7s)
WARNING: Nan, Inf or huge value in QACC at DOF 10. The simulation is unstable. Time = 14.9950.

season 119 holistic     alive  60 births  0 deaths  0 best lifetime 2.959 mean 1.459 max age 55  season 119 conventional alive  60 births  2 deaths  2 best lifetime 2.556 mean 1.207 max age 59  (8.8s)
season 120 holistic     alive  60 births  1 deaths  1 best lifetime 2.959 mean 1.457 max age 56  season 120 conventional alive  60 births  2 deaths  2 best lifetime 5.379 mean 1.253 max age 58  (8.6s)
season 121 holistic     alive  60 births  1 deaths  1 best lifetime 3.034 mean 1.465 max age 57  season 121 conventional alive  60 births  0 deaths  0 best lifetime 4.365 mean 1.319 max age 59  (8.7s)
season 122 holistic     alive  60 births  0 deaths  0 best lifetime 3.875 mean 1.511 max age 58  season 122 conventional alive  60 births  2 deaths  2 best lifetime 2.262 mean 1.224 max age 59  (8.8s)
season 123 holistic     alive  60 births  0 deaths  0 best lifetime 2.959 mean 1.472 max age 59  season 123 conventional alive  60 births  1 deaths  1 best lifetime 3.038 mean 1.221 max age 59  (8.9s)
season 124 holistic     alive  60 births  2 deaths  2 best lifetime 2.913 mean 1.450 max age 59  season 124 conventional alive  60 births  4 deaths  4 best lifetime 4.120 mean 1.180 max age 59  (8.7s)
season 125 holistic     alive  60 births  1 deaths  1 best lifetime 4.971 mean 1.528 max age 58  season 125 conventional alive  60 births  1 deaths  1 best lifetime 4.516 mean 1.301 max age 59  (8.9s)
WARNING: Nan, Inf or huge value in QACC at DOF 24. The simulation is unstable. Time = 3.4300.

season 126 holistic     alive  60 births  0 deaths  0 best lifetime 3.971 mean 1.501 max age 59  season 126 conventional alive  60 births  2 deaths  2 best lifetime 4.699 mean 1.266 max age 59  (9.0s)
season 127 holistic     alive  60 births  2 deaths  2 best lifetime 2.960 mean 1.445 max age 59  season 127 conventional alive  60 births  3 deaths  3 best lifetime 4.368 mean 1.236 max age 59  (8.7s)
WARNING: Nan, Inf or huge value in QACC at DOF 20. The simulation is unstable. Time = 7.1100.

season 128 holistic     alive  60 births  5 deaths  5 best lifetime 2.960 mean 1.387 max age 57  season 128 conventional alive  60 births  3 deaths  3 best lifetime 4.244 mean 1.191 max age 59  (8.7s)
season 129 holistic     alive  60 births  0 deaths  0 best lifetime 2.939 mean 1.408 max age 58  season 129 conventional alive  60 births  4 deaths  4 best lifetime 4.033 mean 1.138 max age 59  (8.6s)
season 130 holistic     alive  60 births  0 deaths  0 best lifetime 2.879 mean 1.401 max age 59  season 130 conventional alive  60 births  3 deaths  3 best lifetime 3.564 mean 1.088 max age 59  (8.7s)
season 131 holistic     alive  60 births  6 deaths  6 best lifetime 2.860 mean 1.263 max age 59  season 131 conventional alive  60 births  3 deaths  3 best lifetime 3.366 mean 1.041 max age 59  (8.6s)
season 132 holistic     alive  60 births  8 deaths  8 best lifetime 2.862 mean 1.187 max age 59  season 132 conventional alive  60 births  3 deaths  3 best lifetime 3.031 mean 1.036 max age 59  (8.9s)
season 133 holistic     alive  60 births  9 deaths  9 best lifetime 3.231 mean 0.980 max age 59  season 133 conventional alive  60 births  3 deaths  3 best lifetime 2.751 mean 0.980 max age 58  (9.0s)
season 134 holistic     alive  60 births  3 deaths  3 best lifetime 7.837 mean 1.164 max age 59  season 134 conventional alive  60 births  2 deaths  2 best lifetime 3.293 mean 1.123 max age 59  (8.9s)
season 135 holistic     alive  60 births  4 deaths  4 best lifetime 4.341 mean 1.085 max age 59  season 135 conventional alive  60 births  3 deaths  3 best lifetime 3.459 mean 1.144 max age 59  (9.1s)
season 136 holistic     alive  60 births  6 deaths  6 best lifetime 3.509 mean 1.239 max age 59  season 136 conventional alive  60 births  1 deaths  1 best lifetime 3.430 mean 1.150 max age 59  (9.4s)
WARNING: Nan, Inf or huge value in QACC at DOF 0. The simulation is unstable. Time = 12.3300.

season 137 holistic     alive  60 births  9 deaths  9 best lifetime 3.836 mean 1.221 max age 59  season 137 conventional alive  60 births  1 deaths  1 best lifetime 3.251 mean 1.146 max age 59  (9.1s)
WARNING: Nan, Inf or huge value in QACC at DOF 0. The simulation is unstable. Time = 3.7950.

season 138 holistic     alive  60 births  1 deaths  1 best lifetime 3.816 mean 1.412 max age 59  season 138 conventional alive  60 births  3 deaths  3 best lifetime 3.312 mean 1.089 max age 58  (9.0s)
season 139 holistic     alive  60 births  2 deaths  2 best lifetime 5.797 mean 1.465 max age 58  season 139 conventional alive  60 births  0 deaths  0 best lifetime 3.368 mean 1.152 max age 59  (9.2s)
season 140 holistic     alive  60 births  2 deaths  2 best lifetime 5.235 mean 1.532 max age 59  season 140 conventional alive  60 births  2 deaths  2 best lifetime 3.217 mean 1.067 max age 59  (9.3s)
season 141 holistic     alive  60 births  4 deaths  4 best lifetime 5.404 mean 1.385 max age 58  season 141 conventional alive  60 births  2 deaths  2 best lifetime 4.399 mean 1.083 max age 59  (9.3s)
season 142 holistic     alive  60 births  0 deaths  0 best lifetime 5.505 mean 1.532 max age 59  season 142 conventional alive  60 births  1 deaths  1 best lifetime 2.948 mean 1.078 max age 59  (9.1s)
season 143 holistic     alive  60 births  4 deaths  4 best lifetime 5.071 mean 1.565 max age 58  season 143 conventional alive  60 births  2 deaths  2 best lifetime 4.104 mean 1.087 max age 56  (9.2s)
season 144 holistic     alive  60 births  1 deaths  1 best lifetime 5.049 mean 1.650 max age 59  season 144 conventional alive  60 births  0 deaths  0 best lifetime 3.453 mean 1.158 max age 57  (9.0s)
season 145 holistic     alive  60 births  2 deaths  2 best lifetime 5.480 mean 1.676 max age 59  season 145 conventional alive  60 births  0 deaths  0 best lifetime 3.258 mean 1.187 max age 58  (9.0s)
season 146 holistic     alive  60 births  1 deaths  1 best lifetime 5.242 mean 1.814 max age 55  season 146 conventional alive  60 births  0 deaths  0 best lifetime 2.795 mean 1.199 max age 59  (9.1s)
season 147 holistic     alive  60 births  0 deaths  0 best lifetime 6.905 mean 1.855 max age 56  season 147 conventional alive  60 births  2 deaths  2 best lifetime 2.883 mean 1.124 max age 59  (9.2s)
season 148 holistic     alive  60 births  0 deaths  0 best lifetime 6.153 mean 1.831 max age 57  season 148 conventional alive  60 births  1 deaths  1 best lifetime 2.761 mean 1.095 max age 55  (9.0s)
season 149 holistic     alive  60 births  0 deaths  0 best lifetime 7.304 mean 1.850 max age 58  season 149 conventional alive  60 births  0 deaths  0 best lifetime 3.571 mean 1.154 max age 56  (8.8s)
season 150 holistic     alive  60 births  0 deaths  0 best lifetime 7.069 mean 1.811 max age 59  season 150 conventional alive  60 births  1 deaths  1 best lifetime 2.870 mean 1.113 max age 57  (9.0s)
season 151 holistic     alive  60 births  1 deaths  1 best lifetime 6.617 mean 1.786 max age 58  season 151 conventional alive  60 births  0 deaths  0 best lifetime 2.746 mean 1.127 max age 58  (9.2s)
season 152 holistic     alive  60 births  0 deaths  0 best lifetime 6.529 mean 1.833 max age 59  season 152 conventional alive  60 births  0 deaths  0 best lifetime 2.588 mean 1.124 max age 59  (9.3s)
season 153 holistic     alive  60 births  1 deaths  1 best lifetime 6.015 mean 1.733 max age 59  season 153 conventional alive  60 births  1 deaths  1 best lifetime 2.623 mean 1.119 max age 59  (8.9s)
season 154 holistic     alive  60 births  1 deaths  1 best lifetime 6.104 mean 1.731 max age 59  season 154 conventional alive  60 births  2 deaths  2 best lifetime 2.612 mean 1.066 max age 59  (9.0s)
season 155 holistic     alive  60 births  1 deaths  1 best lifetime 5.904 mean 1.674 max age 57  season 155 conventional alive  60 births  1 deaths  1 best lifetime 2.569 mean 1.052 max age 59  (9.2s)
WARNING: Nan, Inf or huge value in QACC at DOF 31. The simulation is unstable. Time = 2.7700.

season 156 holistic     alive  60 births  0 deaths  0 best lifetime 5.738 mean 1.730 max age 58  season 156 conventional alive  60 births  4 deaths  4 best lifetime 2.722 mean 1.062 max age 57  (9.1s)
WARNING: Nan, Inf or huge value in QACC at DOF 13. The simulation is unstable. Time = 13.1700.

season 157 holistic     alive  60 births  0 deaths  0 best lifetime 5.673 mean 1.754 max age 59  season 157 conventional alive  60 births  0 deaths  0 best lifetime 2.706 mean 1.114 max age 58  (9.5s)
season 158 holistic     alive  60 births  2 deaths  2 best lifetime 5.475 mean 1.729 max age 57  season 158 conventional alive  60 births  1 deaths  1 best lifetime 2.731 mean 1.180 max age 59  (9.0s)
season 159 holistic     alive  60 births  0 deaths  0 best lifetime 5.170 mean 1.759 max age 58  season 159 conventional alive  60 births  2 deaths  2 best lifetime 2.830 mean 1.134 max age 58  (9.1s)
season 160 holistic     alive  60 births  0 deaths  0 best lifetime 5.153 mean 1.792 max age 59  season 160 conventional alive  60 births  0 deaths  0 best lifetime 2.744 mean 1.180 max age 59  (9.1s)
season 161 holistic     alive  60 births  1 deaths  1 best lifetime 5.020 mean 1.786 max age 59  season 161 conventional alive  60 births  1 deaths  1 best lifetime 3.864 mean 1.213 max age 59  (8.8s)
season 162 holistic     alive  60 births  1 deaths  1 best lifetime 4.903 mean 1.784 max age 59  season 162 conventional alive  60 births  2 deaths  2 best lifetime 3.471 mean 1.244 max age 59  (9.1s)
season 163 holistic     alive  60 births  1 deaths  1 best lifetime 4.798 mean 1.799 max age 56  season 163 conventional alive  60 births  1 deaths  1 best lifetime 3.941 mean 1.258 max age 55  (9.3s)
season 164 holistic     alive  60 births  0 deaths  0 best lifetime 4.653 mean 1.772 max age 57  season 164 conventional alive  60 births  0 deaths  0 best lifetime 4.108 mean 1.366 max age 56  (9.2s)
season 165 holistic     alive  60 births  1 deaths  1 best lifetime 4.665 mean 1.798 max age 58  season 165 conventional alive  60 births  0 deaths  0 best lifetime 3.672 mean 1.361 max age 57  (9.5s)
season 166 holistic     alive  60 births  0 deaths  0 best lifetime 4.675 mean 1.876 max age 59  season 166 conventional alive  60 births  1 deaths  1 best lifetime 3.088 mean 1.362 max age 58  (9.4s)
season 167 holistic     alive  60 births  1 deaths  1 best lifetime 4.600 mean 1.791 max age 46  season 167 conventional alive  60 births  0 deaths  0 best lifetime 2.783 mean 1.317 max age 59  (9.5s)
season 168 holistic     alive  60 births  0 deaths  0 best lifetime 4.405 mean 1.829 max age 47  season 168 conventional alive  60 births  3 deaths  3 best lifetime 2.596 mean 1.270 max age 59  (9.4s)
season 169 holistic     alive  60 births  0 deaths  0 best lifetime 4.224 mean 1.805 max age 48  season 169 conventional alive  60 births  2 deaths  2 best lifetime 3.081 mean 1.246 max age 59  (9.1s)
season 170 holistic     alive  60 births  0 deaths  0 best lifetime 4.174 mean 1.795 max age 49  season 170 conventional alive  60 births  1 deaths  1 best lifetime 3.014 mean 1.278 max age 56  (9.1s)
season 171 holistic     alive  60 births  0 deaths  0 best lifetime 4.089 mean 1.808 max age 50  season 171 conventional alive  60 births  0 deaths  0 best lifetime 6.391 mean 1.386 max age 57  (9.2s)
season 172 holistic     alive  60 births  0 deaths  0 best lifetime 3.975 mean 1.809 max age 51  season 172 conventional alive  60 births  0 deaths  0 best lifetime 4.397 mean 1.336 max age 58  (9.1s)
season 173 holistic     alive  60 births  0 deaths  0 best lifetime 3.835 mean 1.819 max age 52  season 173 conventional alive  60 births  0 deaths  0 best lifetime 5.067 mean 1.343 max age 59  (9.2s)
season 174 holistic     alive  60 births  0 deaths  0 best lifetime 3.803 mean 1.813 max age 53  season 174 conventional alive  60 births  1 deaths  1 best lifetime 3.943 mean 1.311 max age 59  (9.4s)
season 175 holistic     alive  60 births  0 deaths  0 best lifetime 3.774 mean 1.817 max age 54  season 175 conventional alive  60 births  1 deaths  1 best lifetime 4.032 mean 1.307 max age 59  (9.0s)
WARNING: Nan, Inf or huge value in QACC at DOF 12. The simulation is unstable. Time = 6.1900.

season 176 holistic     alive  60 births  0 deaths  0 best lifetime 3.934 mean 1.836 max age 55  season 176 conventional alive  60 births  3 deaths  3 best lifetime 4.361 mean 1.309 max age 59  (9.1s)
season 177 holistic     alive  60 births  0 deaths  0 best lifetime 3.963 mean 1.825 max age 56  season 177 conventional alive  60 births  2 deaths  2 best lifetime 2.710 mean 1.218 max age 59  (9.4s)
season 178 holistic     alive  60 births  0 deaths  0 best lifetime 3.844 mean 1.825 max age 57  season 178 conventional alive  60 births  2 deaths  2 best lifetime 2.795 mean 1.234 max age 59  (9.3s)
season 179 holistic     alive  60 births  1 deaths  1 best lifetime 3.817 mean 1.832 max age 58  season 179 conventional alive  60 births  1 deaths  1 best lifetime 3.084 mean 1.215 max age 59  (9.5s)
WARNING: Nan, Inf or huge value in QACC at DOF 20. The simulation is unstable. Time = 2.6200.

season 180 holistic     alive  60 births  1 deaths  1 best lifetime 3.792 mean 1.851 max age 59  season 180 conventional alive  60 births  2 deaths  2 best lifetime 3.087 mean 1.165 max age 57  (9.1s)
season 181 holistic     alive  60 births  1 deaths  1 best lifetime 3.740 mean 1.890 max age 57  season 181 conventional alive  60 births  0 deaths  0 best lifetime 3.277 mean 1.230 max age 58  (9.2s)
WARNING: Nan, Inf or huge value in QACC at DOF 22. The simulation is unstable. Time = 5.6800.

season 182 holistic     alive  60 births  0 deaths  0 best lifetime 3.665 mean 1.879 max age 58  season 182 conventional alive  60 births  0 deaths  0 best lifetime 3.778 mean 1.250 max age 59  (9.1s)
season 183 holistic     alive  60 births  0 deaths  0 best lifetime 3.620 mean 1.846 max age 59  season 183 conventional alive  60 births  2 deaths  2 best lifetime 3.616 mean 1.215 max age 59  (8.9s)
season 184 holistic     alive  60 births  2 deaths  2 best lifetime 3.802 mean 1.800 max age 57  season 184 conventional alive  60 births  2 deaths  2 best lifetime 2.780 mean 1.124 max age 57  (9.0s)
season 185 holistic     alive  60 births  1 deaths  1 best lifetime 3.831 mean 1.799 max age 58  season 185 conventional alive  60 births  1 deaths  1 best lifetime 2.673 mean 1.190 max age 58  (9.2s)
season 186 holistic     alive  60 births  0 deaths  0 best lifetime 3.784 mean 1.827 max age 59  season 186 conventional alive  60 births  0 deaths  0 best lifetime 2.437 mean 1.200 max age 59  (9.2s)
season 187 holistic     alive  60 births  1 deaths  1 best lifetime 3.880 mean 1.843 max age 59  season 187 conventional alive  60 births  2 deaths  2 best lifetime 2.376 mean 1.183 max age 59  (9.3s)
season 188 holistic     alive  60 births  5 deaths  5 best lifetime 3.880 mean 1.724 max age 57  season 188 conventional alive  60 births  2 deaths  2 best lifetime 2.579 mean 1.193 max age 59  (9.3s)
season 189 holistic     alive  60 births  0 deaths  0 best lifetime 3.832 mean 1.733 max age 58  season 189 conventional alive  60 births  1 deaths  1 best lifetime 2.419 mean 1.173 max age 59  (9.1s)
season 190 holistic     alive  60 births  0 deaths  0 best lifetime 3.871 mean 1.798 max age 59  season 190 conventional alive  60 births  1 deaths  1 best lifetime 2.579 mean 1.170 max age 59  (9.3s)
season 191 holistic     alive  60 births  3 deaths  3 best lifetime 3.872 mean 1.729 max age 59  season 191 conventional alive  60 births  2 deaths  2 best lifetime 2.186 mean 1.121 max age 59  (9.3s)
season 192 holistic     alive  60 births  7 deaths  7 best lifetime 3.909 mean 1.663 max age 59  season 192 conventional alive  60 births  2 deaths  2 best lifetime 2.323 mean 1.115 max age 59  (9.3s)
season 193 holistic     alive  60 births  4 deaths  4 best lifetime 4.732 mean 1.815 max age 59  season 193 conventional alive  60 births  2 deaths  2 best lifetime 2.415 mean 1.119 max age 59  (9.2s)
season 194 holistic     alive  60 births  3 deaths  3 best lifetime 4.226 mean 1.696 max age 59  season 194 conventional alive  60 births  3 deaths  3 best lifetime 2.205 mean 1.043 max age 59  (9.7s)
WARNING: Nan, Inf or huge value in QACC at DOF 23. The simulation is unstable. Time = 9.3450.

season 195 holistic     alive  60 births  3 deaths  3 best lifetime 4.729 mean 1.768 max age 59  season 195 conventional alive  60 births  4 deaths  4 best lifetime 2.829 mean 1.111 max age 59  (9.1s)
season 196 holistic     alive  60 births  5 deaths  5 best lifetime 3.857 mean 1.665 max age 59  season 196 conventional alive  60 births  2 deaths  2 best lifetime 2.529 mean 1.073 max age 59  (9.2s)
WARNING: Nan, Inf or huge value in QACC at DOF 30. The simulation is unstable. Time = 14.7850.

season 197 holistic     alive  60 births  9 deaths  9 best lifetime 5.652 mean 1.541 max age 59  season 197 conventional alive  60 births  3 deaths  3 best lifetime 3.339 mean 1.176 max age 59  (9.3s)
season 198 holistic     alive  60 births  1 deaths  1 best lifetime 6.654 mean 1.723 max age 59  season 198 conventional alive  60 births  3 deaths  3 best lifetime 2.457 mean 1.137 max age 58  (9.2s)
season 199 holistic     alive  60 births  2 deaths  2 best lifetime 5.321 mean 1.738 max age 59  season 199 conventional alive  60 births  0 deaths  0 best lifetime 2.331 mean 1.136 max age 59  (9.2s)
season 200 holistic     alive  60 births  1 deaths  1 best lifetime 4.405 mean 1.729 max age 59  season 200 conventional alive  60 births  3 deaths  3 best lifetime 2.310 mean 1.086 max age 59  (9.3s)
season 201 holistic     alive  60 births  5 deaths  5 best lifetime 3.675 mean 1.605 max age 58  season 201 conventional alive  60 births  1 deaths  1 best lifetime 2.289 mean 1.094 max age 59  (9.4s)
season 202 holistic     alive  60 births  0 deaths  0 best lifetime 3.679 mean 1.668 max age 59  season 202 conventional alive  60 births  1 deaths  1 best lifetime 2.289 mean 1.152 max age 59  (9.4s)
season 203 holistic     alive  60 births  4 deaths  4 best lifetime 3.699 mean 1.601 max age 59  season 203 conventional alive  60 births  1 deaths  1 best lifetime 2.955 mean 1.149 max age 56  (9.3s)
season 204 holistic     alive  60 births  2 deaths  2 best lifetime 3.232 mean 1.603 max age 59  season 204 conventional alive  60 births  1 deaths  1 best lifetime 3.153 mean 1.189 max age 57  (9.0s)
season 205 holistic     alive  60 births  2 deaths  2 best lifetime 3.655 mean 1.592 max age 59  season 205 conventional alive  60 births  0 deaths  0 best lifetime 5.396 mean 1.279 max age 58  (9.0s)
season 206 holistic     alive  60 births  1 deaths  1 best lifetime 4.321 mean 1.682 max age 55  season 206 conventional alive  60 births  0 deaths  0 best lifetime 3.065 mean 1.246 max age 59  (9.2s)
WARNING: Nan, Inf or huge value in QACC at DOF 20. The simulation is unstable. Time = 4.6200.

season 207 holistic     alive  60 births  0 deaths  0 best lifetime 3.712 mean 1.700 max age 56  season 207 conventional alive  60 births  2 deaths  2 best lifetime 3.405 mean 1.230 max age 59  (9.0s)
WARNING: Nan, Inf or huge value in QACC at DOF 33. The simulation is unstable. Time = 10.8600.

WARNING: Nan, Inf or huge value in QACC at DOF 0. The simulation is unstable. Time = 10.4150.

season 208 holistic     alive  60 births  0 deaths  0 best lifetime 3.455 mean 1.586 max age 57  season 208 conventional alive  60 births  1 deaths  1 best lifetime 3.658 mean 1.241 max age 58  (8.9s)
season 209 holistic     alive  60 births  1 deaths  1 best lifetime 2.988 mean 1.538 max age 58  season 209 conventional alive  60 births  0 deaths  0 best lifetime 3.014 mean 1.184 max age 59  (9.4s)
season 210 holistic     alive  60 births  0 deaths  0 best lifetime 2.941 mean 1.614 max age 59  season 210 conventional alive  60 births  3 deaths  3 best lifetime 2.616 mean 1.165 max age 55  (9.3s)
season 211 holistic     alive  60 births  1 deaths  1 best lifetime 3.030 mean 1.580 max age 58  season 211 conventional alive  60 births  0 deaths  0 best lifetime 2.798 mean 1.235 max age 56  (9.2s)
WARNING: Nan, Inf or huge value in QACC at DOF 33. The simulation is unstable. Time = 2.6900.

season 212 holistic     alive  60 births  0 deaths  0 best lifetime 2.766 mean 1.602 max age 59  season 212 conventional alive  60 births  0 deaths  0 best lifetime 2.774 mean 1.240 max age 57  (9.3s)
season 213 holistic     alive  60 births  1 deaths  1 best lifetime 2.779 mean 1.566 max age 58  season 213 conventional alive  60 births  0 deaths  0 best lifetime 3.450 mean 1.268 max age 58  (9.3s)
season 214 holistic     alive  60 births  0 deaths  0 best lifetime 2.724 mean 1.511 max age 59  season 214 conventional alive  60 births  0 deaths  0 best lifetime 2.558 mean 1.222 max age 59  (9.0s)
season 215 holistic     alive  60 births  1 deaths  1 best lifetime 2.799 mean 1.471 max age 57  season 215 conventional alive  60 births  1 deaths  1 best lifetime 2.481 mean 1.158 max age 59  (9.1s)
WARNING: Nan, Inf or huge value in QACC at DOF 0. The simulation is unstable. Time = 4.7300.

season 216 holistic     alive  60 births  0 deaths  0 best lifetime 4.331 mean 1.514 max age 58  season 216 conventional alive  60 births  4 deaths  4 best lifetime 2.600 mean 1.094 max age 58  (9.1s)
WARNING: Nan, Inf or huge value in QACC at DOF 30. The simulation is unstable. Time = 7.1300.

season 217 holistic     alive  60 births  1 deaths  1 best lifetime 3.306 mean 1.487 max age 59  season 217 conventional alive  60 births  0 deaths  0 best lifetime 2.468 mean 1.162 max age 59  (9.1s)
season 218 holistic     alive  60 births  2 deaths  2 best lifetime 3.305 mean 1.432 max age 55  season 218 conventional alive  60 births  2 deaths  2 best lifetime 2.773 mean 1.177 max age 59  (9.4s)
season 219 holistic     alive  60 births  1 deaths  1 best lifetime 3.048 mean 1.421 max age 56  season 219 conventional alive  60 births  2 deaths  2 best lifetime 2.443 mean 1.153 max age 58  (9.3s)
WARNING: Nan, Inf or huge value in QACC at DOF 0. The simulation is unstable. Time = 2.3350.

season 220 holistic     alive  60 births  0 deaths  0 best lifetime 3.495 mean 1.478 max age 57  season 220 conventional alive  60 births  0 deaths  0 best lifetime 3.290 mean 1.255 max age 59  (9.4s)
season 221 holistic     alive  60 births  0 deaths  0 best lifetime 3.166 mean 1.464 max age 58  season 221 conventional alive  60 births  1 deaths  1 best lifetime 3.827 mean 1.251 max age 59  (9.5s)
season 222 holistic     alive  60 births  0 deaths  0 best lifetime 3.192 mean 1.478 max age 59  season 222 conventional alive  60 births  2 deaths  2 best lifetime 3.650 mean 1.255 max age 59  (9.4s)
season 223 holistic     alive  60 births  2 deaths  2 best lifetime 3.083 mean 1.414 max age 58  season 223 conventional alive  60 births  1 deaths  1 best lifetime 2.584 mean 1.166 max age 55  (9.3s)
WARNING: Nan, Inf or huge value in QACC at DOF 20. The simulation is unstable. Time = 10.6300.

season 224 holistic     alive  60 births  0 deaths  0 best lifetime 3.077 mean 1.401 max age 59  season 224 conventional alive  60 births  1 deaths  1 best lifetime 2.575 mean 1.193 max age 56  (9.8s)
WARNING: Nan, Inf or huge value in QACC at DOF 24. The simulation is unstable. Time = 12.3800.

season 225 holistic     alive  60 births  1 deaths  1 best lifetime 3.135 mean 1.339 max age 58  season 225 conventional alive  60 births  0 deaths  0 best lifetime 2.506 mean 1.184 max age 57  (9.9s)
season 226 holistic     alive  60 births  1 deaths  1 best lifetime 3.099 mean 1.384 max age 59  season 226 conventional alive  60 births  1 deaths  1 best lifetime 2.458 mean 1.255 max age 58  (9.4s)
season 227 holistic     alive  60 births  3 deaths  3 best lifetime 3.182 mean 1.348 max age 48  season 227 conventional alive  60 births  0 deaths  0 best lifetime 2.622 mean 1.248 max age 59  (9.3s)
season 228 holistic     alive  60 births  0 deaths  0 best lifetime 3.289 mean 1.316 max age 49  season 228 conventional alive  60 births  3 deaths  3 best lifetime 2.521 mean 1.180 max age 59  (9.4s)
season 229 holistic     alive  60 births  0 deaths  0 best lifetime 3.251 mean 1.395 max age 50  season 229 conventional alive  60 births  2 deaths  2 best lifetime 5.668 mean 1.238 max age 59  (9.5s)
season 230 holistic     alive  60 births  1 deaths  1 best lifetime 3.238 mean 1.415 max age 51  season 230 conventional alive  60 births  2 deaths  2 best lifetime 3.513 mean 1.265 max age 56  (9.4s)
WARNING: Nan, Inf or huge value in QACC at DOF 30. The simulation is unstable. Time = 2.0250.

season 231 holistic     alive  60 births  1 deaths  1 best lifetime 3.260 mean 1.429 max age 52  season 231 conventional alive  60 births  0 deaths  0 best lifetime 4.018 mean 1.295 max age 57  (9.3s)
season 232 holistic     alive  60 births  0 deaths  0 best lifetime 3.175 mean 1.478 max age 53  season 232 conventional alive  60 births  0 deaths  0 best lifetime 3.222 mean 1.275 max age 58  (9.4s)
season 233 holistic     alive  60 births  0 deaths  0 best lifetime 3.093 mean 1.428 max age 54  season 233 conventional alive  60 births  1 deaths  1 best lifetime 2.619 mean 1.210 max age 59  (9.3s)
season 234 holistic     alive  60 births  1 deaths  1 best lifetime 3.112 mean 1.403 max age 55  season 234 conventional alive  60 births  1 deaths  1 best lifetime 2.638 mean 1.145 max age 59  (9.1s)
WARNING: Nan, Inf or huge value in QACC at DOF 1. The simulation is unstable. Time = 11.3850.

season 235 holistic     alive  60 births  1 deaths  1 best lifetime 3.084 mean 1.376 max age 56  season 235 conventional alive  60 births  2 deaths  2 best lifetime 2.556 mean 1.093 max age 59  (9.4s)
season 236 holistic     alive  60 births  0 deaths  0 best lifetime 3.057 mean 1.396 max age 57  season 236 conventional alive  60 births  4 deaths  4 best lifetime 4.569 mean 1.124 max age 59  (9.3s)
WARNING: Nan, Inf or huge value in QACC at DOF 30. The simulation is unstable. Time = 2.3900.

season 237 holistic     alive  60 births  0 deaths  0 best lifetime 3.099 mean 1.401 max age 58  season 237 conventional alive  60 births  3 deaths  3 best lifetime 2.543 mean 1.064 max age 59  (9.5s)
season 238 holistic     alive  60 births  0 deaths  0 best lifetime 3.140 mean 1.436 max age 59  season 238 conventional alive  60 births  4 deaths  4 best lifetime 2.584 mean 1.135 max age 59  (9.1s)
season 239 holistic     alive  60 births  1 deaths  1 best lifetime 3.070 mean 1.389 max age 59  season 239 conventional alive  60 births  1 deaths  1 best lifetime 3.426 mean 1.199 max age 59  (9.0s)
WARNING: Nan, Inf or huge value in QACC at DOF 20. The simulation is unstable. Time = 3.7300.

WARNING: Nan, Inf or huge value in QACC at DOF 33. The simulation is unstable. Time = 6.4800.

season 240 holistic     alive  60 births  1 deaths  1 best lifetime 3.067 mean 1.349 max age 56  season 240 conventional alive  60 births  1 deaths  1 best lifetime 2.488 mean 1.131 max age 57  (9.0s)
season 241 holistic     alive  60 births  0 deaths  0 best lifetime 5.912 mean 1.464 max age 57  season 241 conventional alive  60 births  0 deaths  0 best lifetime 2.505 mean 1.173 max age 58  (9.2s)
season 242 holistic     alive  60 births  0 deaths  0 best lifetime 3.915 mean 1.421 max age 58  season 242 conventional alive  60 births  0 deaths  0 best lifetime 2.439 mean 1.130 max age 59  (9.1s)
season 243 holistic     alive  60 births  0 deaths  0 best lifetime 3.588 mean 1.430 max age 59  season 243 conventional alive  60 births  1 deaths  1 best lifetime 2.409 mean 1.126 max age 59  (9.2s)
season 244 holistic     alive  60 births  1 deaths  1 best lifetime 4.420 mean 1.431 max age 59  season 244 conventional alive  60 births  2 deaths  2 best lifetime 2.484 mean 1.165 max age 57  (9.3s)
season 245 holistic     alive  60 births  1 deaths  1 best lifetime 4.517 mean 1.466 max age 58  season 245 conventional alive  60 births  0 deaths  0 best lifetime 2.975 mean 1.156 max age 58  (9.1s)
season 246 holistic     alive  60 births  0 deaths  0 best lifetime 4.416 mean 1.505 max age 59  season 246 conventional alive  60 births  1 deaths  1 best lifetime 4.132 mean 1.254 max age 59  (9.3s)
season 247 holistic     alive  60 births  1 deaths  1 best lifetime 4.057 mean 1.492 max age 59  season 247 conventional alive  60 births  2 deaths  2 best lifetime 3.459 mean 1.241 max age 59  (9.3s)
season 248 holistic     alive  60 births  2 deaths  2 best lifetime 3.912 mean 1.423 max age 57  season 248 conventional alive  60 births  2 deaths  2 best lifetime 2.678 mean 1.146 max age 58  (9.1s)
season 249 holistic     alive  60 births  0 deaths  0 best lifetime 4.135 mean 1.521 max age 58  season 249 conventional alive  60 births  0 deaths  0 best lifetime 2.477 mean 1.182 max age 59  (9.1s)
season 250 holistic     alive  60 births  0 deaths  0 best lifetime 3.712 mean 1.454 max age 59  season 250 conventional alive  60 births  1 deaths  1 best lifetime 2.761 mean 1.161 max age 59  (9.3s)
WARNING: Nan, Inf or huge value in QACC at DOF 30. The simulation is unstable. Time = 12.6500.

season 251 holistic     alive  60 births  3 deaths  3 best lifetime 3.457 mean 1.418 max age 59  season 251 conventional alive  60 births  3 deaths  3 best lifetime 2.973 mean 1.146 max age 58  (9.3s)
season 252 holistic     alive  60 births  6 deaths  6 best lifetime 3.793 mean 1.313 max age 59  season 252 conventional alive  60 births  0 deaths  0 best lifetime 3.572 mean 1.219 max age 59  (8.9s)
season 253 holistic     alive  60 births  3 deaths  3 best lifetime 3.890 mean 1.292 max age 59  season 253 conventional alive  60 births  3 deaths  3 best lifetime 3.548 mean 1.150 max age 59  (9.1s)
season 254 holistic     alive  60 births  3 deaths  3 best lifetime 4.977 mean 1.350 max age 59  season 254 conventional alive  60 births  4 deaths  4 best lifetime 3.212 mean 1.133 max age 59  (9.2s)
season 255 holistic     alive  60 births  4 deaths  4 best lifetime 4.565 mean 1.266 max age 59  season 255 conventional alive  60 births  4 deaths  4 best lifetime 5.438 mean 1.222 max age 59  (9.3s)
season 256 holistic     alive  60 births  7 deaths  7 best lifetime 3.951 mean 1.239 max age 59  season 256 conventional alive  60 births  2 deaths  2 best lifetime 3.348 mean 1.184 max age 59  (9.5s)
season 257 holistic     alive  60 births  8 deaths  8 best lifetime 4.913 mean 1.241 max age 59  season 257 conventional alive  60 births  6 deaths  6 best lifetime 3.213 mean 1.141 max age 59  (10.0s)
season 258 holistic     alive  60 births  2 deaths  2 best lifetime 4.510 mean 1.232 max age 59  season 258 conventional alive  60 births  4 deaths  4 best lifetime 2.757 mean 1.080 max age 58  (9.4s)
season 259 holistic     alive  60 births  3 deaths  3 best lifetime 3.515 mean 1.208 max age 58  season 259 conventional alive  60 births  1 deaths  1 best lifetime 6.325 mean 1.250 max age 59  (9.3s)
season 260 holistic     alive  60 births  3 deaths  3 best lifetime 3.424 mean 1.491 max age 59  season 260 conventional alive  60 births  4 deaths  4 best lifetime 3.138 mean 1.122 max age 59  (9.9s)
season 261 holistic     alive  60 births  5 deaths  5 best lifetime 4.256 mean 1.412 max age 58  season 261 conventional alive  60 births  5 deaths  5 best lifetime 2.991 mean 1.064 max age 57  (9.6s)
season 262 holistic     alive  60 births  0 deaths  0 best lifetime 3.498 mean 1.562 max age 59  season 262 conventional alive  60 births  1 deaths  1 best lifetime 4.325 mean 1.217 max age 58  (9.8s)
season 263 holistic     alive  60 births  3 deaths  3 best lifetime 3.388 mean 1.417 max age 59  season 263 conventional alive  60 births  1 deaths  1 best lifetime 2.695 mean 1.181 max age 59  (9.8s)
season 264 holistic     alive  60 births  2 deaths  2 best lifetime 3.407 mean 1.383 max age 59  season 264 conventional alive  60 births  3 deaths  3 best lifetime 3.885 mean 1.161 max age 57  (9.7s)
season 265 holistic     alive  60 births  2 deaths  2 best lifetime 3.981 mean 1.449 max age 59  season 265 conventional alive  60 births  0 deaths  0 best lifetime 3.293 mean 1.284 max age 58  (10.3s)
season 266 holistic     alive  60 births  2 deaths  2 best lifetime 4.474 mean 1.508 max age 57  season 266 conventional alive  60 births  1 deaths  1 best lifetime 3.288 mean 1.256 max age 59  (9.8s)
season 267 holistic     alive  60 births  2 deaths  2 best lifetime 4.466 mean 1.524 max age 58  season 267 conventional alive  60 births  1 deaths  1 best lifetime 2.636 mean 1.300 max age 57  (9.5s)
season 268 holistic     alive  60 births  2 deaths  2 best lifetime 3.864 mean 1.583 max age 59  season 268 conventional alive  60 births  1 deaths  1 best lifetime 3.506 mean 1.288 max age 58  (9.5s)
season 269 holistic     alive  60 births  2 deaths  2 best lifetime 4.138 mean 1.559 max age 58  season 269 conventional alive  60 births  1 deaths  1 best lifetime 3.503 mean 1.285 max age 59  (9.6s)
season 270 holistic     alive  60 births  1 deaths  1 best lifetime 3.659 mean 1.533 max age 59  season 270 conventional alive  60 births  2 deaths  2 best lifetime 2.960 mean 1.238 max age 55  (10.1s)
season 271 holistic     alive  60 births  1 deaths  1 best lifetime 3.886 mean 1.559 max age 56  season 271 conventional alive  60 births  0 deaths  0 best lifetime 3.148 mean 1.248 max age 56  (10.2s)
season 272 holistic     alive  60 births  2 deaths  2 best lifetime 3.848 mean 1.596 max age 57  season 272 conventional alive  60 births  1 deaths  1 best lifetime 2.913 mean 1.294 max age 57  (9.7s)
season 273 holistic     alive  60 births  0 deaths  0 best lifetime 3.953 mean 1.629 max age 58  season 273 conventional alive  60 births  0 deaths  0 best lifetime 4.465 mean 1.353 max age 58  (9.8s)
season 274 holistic     alive  60 births  0 deaths  0 best lifetime 3.761 mean 1.672 max age 59  season 274 conventional alive  60 births  0 deaths  0 best lifetime 4.428 mean 1.342 max age 59  (9.6s)
season 275 holistic     alive  60 births  2 deaths  2 best lifetime 4.345 mean 1.668 max age 57  season 275 conventional alive  60 births  1 deaths  1 best lifetime 3.373 mean 1.310 max age 59  (9.2s)
season 276 holistic     alive  60 births  0 deaths  0 best lifetime 3.844 mean 1.600 max age 58  season 276 conventional alive  60 births  4 deaths  4 best lifetime 3.289 mean 1.289 max age 58  (9.8s)
season 277 holistic     alive  60 births  0 deaths  0 best lifetime 3.741 mean 1.572 max age 59  season 277 conventional alive  60 births  0 deaths  0 best lifetime 2.741 mean 1.252 max age 59  (9.7s)
season 278 holistic     alive  60 births  1 deaths  1 best lifetime 3.631 mean 1.573 max age 53  season 278 conventional alive  60 births  3 deaths  3 best lifetime 2.645 mean 1.213 max age 59  (9.5s)
WARNING: Nan, Inf or huge value in QACC at DOF 13. The simulation is unstable. Time = 5.1600.

season 279 holistic     alive  60 births  2 deaths  2 best lifetime 3.601 mean 1.588 max age 54  season 279 conventional alive  60 births  2 deaths  2 best lifetime 2.413 mean 1.179 max age 58  (9.9s)
WARNING: Nan, Inf or huge value in QACC at DOF 20. The simulation is unstable. Time = 11.7850.

season 280 holistic     alive  60 births  0 deaths  0 best lifetime 3.690 mean 1.650 max age 55  season 280 conventional alive  60 births  0 deaths  0 best lifetime 2.278 mean 1.218 max age 59  (9.3s)
season 281 holistic     alive  60 births  0 deaths  0 best lifetime 3.806 mean 1.640 max age 56  season 281 conventional alive  60 births  2 deaths  2 best lifetime 3.946 mean 1.213 max age 58  (9.5s)
season 282 holistic     alive  60 births  1 deaths  1 best lifetime 3.674 mean 1.622 max age 57  season 282 conventional alive  60 births  1 deaths  1 best lifetime 2.445 mean 1.250 max age 59  (9.5s)
season 283 holistic     alive  60 births  0 deaths  0 best lifetime 3.682 mean 1.692 max age 58  season 283 conventional alive  60 births  1 deaths  1 best lifetime 2.299 mean 1.258 max age 59  (9.3s)
season 284 holistic     alive  60 births  0 deaths  0 best lifetime 3.596 mean 1.660 max age 59  season 284 conventional alive  60 births  1 deaths  1 best lifetime 2.217 mean 1.211 max age 58  (9.7s)
season 285 holistic     alive  60 births  1 deaths  1 best lifetime 3.481 mean 1.651 max age 58  season 285 conventional alive  60 births  0 deaths  0 best lifetime 2.781 mean 1.212 max age 59  (9.5s)
season 286 holistic     alive  60 births  0 deaths  0 best lifetime 3.465 mean 1.631 max age 59  season 286 conventional alive  60 births  1 deaths  1 best lifetime 2.325 mean 1.167 max age 58  (10.0s)
season 287 holistic     alive  60 births  2 deaths  2 best lifetime 3.451 mean 1.597 max age 56  season 287 conventional alive  60 births  0 deaths  0 best lifetime 2.298 mean 1.182 max age 59  (9.6s)
WARNING: Nan, Inf or huge value in QACC at DOF 17. The simulation is unstable. Time = 11.4600.

season 288 holistic     alive  60 births  0 deaths  0 best lifetime 3.570 mean 1.580 max age 57  season 288 conventional alive  60 births  3 deaths  3 best lifetime 2.332 mean 1.141 max age 59  (9.5s)
season 289 holistic     alive  60 births  0 deaths  0 best lifetime 3.636 mean 1.625 max age 58  season 289 conventional alive  60 births  2 deaths  2 best lifetime 2.331 mean 1.176 max age 59  (9.3s)
season 290 holistic     alive  60 births  1 deaths  1 best lifetime 3.671 mean 1.641 max age 59  season 290 conventional alive  60 births  2 deaths  2 best lifetime 2.319 mean 1.195 max age 55  (9.8s)
season 291 holistic     alive  60 births  1 deaths  1 best lifetime 3.651 mean 1.600 max age 57  season 291 conventional alive  60 births  0 deaths  0 best lifetime 3.340 mean 1.244 max age 56  (9.7s)
season 292 holistic     alive  60 births  0 deaths  0 best lifetime 3.659 mean 1.643 max age 58  season 292 conventional alive  60 births  1 deaths  1 best lifetime 3.004 mean 1.210 max age 57  (10.0s)
season 293 holistic     alive  60 births  0 deaths  0 best lifetime 3.617 mean 1.658 max age 59  season 293 conventional alive  60 births  0 deaths  0 best lifetime 3.082 mean 1.273 max age 58  (9.7s)
WARNING: Nan, Inf or huge value in QACC at DOF 10. The simulation is unstable. Time = 5.2650.

season 294 holistic     alive  60 births  1 deaths  1 best lifetime 3.624 mean 1.631 max age 59  season 294 conventional alive  60 births  0 deaths  0 best lifetime 2.405 mean 1.238 max age 59  (9.7s)
season 295 holistic     alive  60 births  1 deaths  1 best lifetime 3.681 mean 1.639 max age 56  season 295 conventional alive  60 births  1 deaths  1 best lifetime 2.401 mean 1.201 max age 59  (9.5s)
season 296 holistic     alive  60 births  0 deaths  0 best lifetime 3.872 mean 1.636 max age 57  season 296 conventional alive  60 births  4 deaths  4 best lifetime 2.303 mean 1.166 max age 59  (9.9s)
season 297 holistic     alive  60 births  0 deaths  0 best lifetime 3.851 mean 1.644 max age 58  season 297 conventional alive  60 births  2 deaths  2 best lifetime 2.477 mean 1.200 max age 59  (10.1s)
season 298 holistic     alive  60 births  0 deaths  0 best lifetime 3.808 mean 1.670 max age 59  season 298 conventional alive  60 births  2 deaths  2 best lifetime 3.393 mean 1.204 max age 59  (9.5s)
season 299 holistic     alive  60 births  2 deaths  2 best lifetime 3.768 mean 1.644 max age 59  season 299 conventional alive  60 births  1 deaths  1 best lifetime 2.381 mean 1.237 max age 56  (9.5s)
season 300 holistic     alive  60 births  1 deaths  1 best lifetime 3.751 mean 1.586 max age 56  season 300 conventional alive  60 births  0 deaths  0 best lifetime 2.903 mean 1.229 max age 57  (10.2s)
WARNING: Nan, Inf or huge value in QACC at DOF 0. The simulation is unstable. Time = 1.5800.

season 301 holistic     alive  60 births  1 deaths  1 best lifetime 3.755 mean 1.591 max age 57  season 301 conventional alive  60 births  1 deaths  1 best lifetime 2.402 mean 1.217 max age 58  (9.6s)
season 302 holistic     alive  60 births  0 deaths  0 best lifetime 3.697 mean 1.567 max age 58  season 302 conventional alive  60 births  1 deaths  1 best lifetime 2.214 mean 1.152 max age 59  (9.5s)
season 303 holistic     alive  60 births  1 deaths  1 best lifetime 3.703 mean 1.572 max age 59  season 303 conventional alive  60 births  2 deaths  2 best lifetime 2.365 mean 1.153 max age 59  (9.4s)
season 304 holistic     alive  60 births  2 deaths  2 best lifetime 3.648 mean 1.532 max age 59  season 304 conventional alive  60 births  3 deaths  3 best lifetime 3.229 mean 1.158 max age 57  (9.8s)
WARNING: Nan, Inf or huge value in QACC at DOF 34. The simulation is unstable. Time = 13.3000.

season 305 holistic     alive  60 births  2 deaths  2 best lifetime 3.635 mean 1.519 max age 58  season 305 conventional alive  60 births  0 deaths  0 best lifetime 2.622 mean 1.204 max age 58  (9.6s)
season 306 holistic     alive  60 births  0 deaths  0 best lifetime 3.585 mean 1.564 max age 59  season 306 conventional alive  60 births  0 deaths  0 best lifetime 2.106 mean 1.202 max age 59  (9.4s)
season 307 holistic     alive  60 births  2 deaths  2 best lifetime 3.574 mean 1.526 max age 59  season 307 conventional alive  60 births  2 deaths  2 best lifetime 2.569 mean 1.190 max age 59  (9.5s)
season 308 holistic     alive  60 births  2 deaths  2 best lifetime 3.617 mean 1.495 max age 57  season 308 conventional alive  60 births  2 deaths  2 best lifetime 3.484 mean 1.182 max age 58  (9.9s)
season 309 holistic     alive  60 births  1 deaths  1 best lifetime 3.552 mean 1.483 max age 58  season 309 conventional alive  60 births  0 deaths  0 best lifetime 2.712 mean 1.195 max age 59  (9.8s)
season 310 holistic     alive  60 births  0 deaths  0 best lifetime 3.507 mean 1.532 max age 59  season 310 conventional alive  60 births  2 deaths  2 best lifetime 2.920 mean 1.214 max age 59  (9.7s)
WARNING: Nan, Inf or huge value in QACC at DOF 10. The simulation is unstable. Time = 5.7250.

season 311 holistic     alive  60 births  3 deaths  3 best lifetime 3.462 mean 1.462 max age 59  season 311 conventional alive  60 births  3 deaths  3 best lifetime 4.489 mean 1.280 max age 58  (9.4s)
WARNING: Nan, Inf or huge value in QACC at DOF 30. The simulation is unstable. Time = 1.6300.

season 312 holistic     alive  60 births  6 deaths  6 best lifetime 3.403 mean 1.363 max age 59  season 312 conventional alive  60 births  0 deaths  0 best lifetime 4.183 mean 1.313 max age 59  (9.7s)
season 313 holistic     alive  60 births  3 deaths  3 best lifetime 3.364 mean 1.411 max age 59  season 313 conventional alive  60 births  2 deaths  2 best lifetime 3.159 mean 1.256 max age 59  (10.1s)
season 314 holistic     alive  60 births  2 deaths  2 best lifetime 3.354 mean 1.453 max age 59  season 314 conventional alive  60 births  4 deaths  4 best lifetime 3.318 mean 1.209 max age 59  (9.7s)
season 315 holistic     alive  60 births  2 deaths  2 best lifetime 3.298 mean 1.435 max age 59  season 315 conventional alive  60 births  2 deaths  2 best lifetime 2.652 mean 1.183 max age 59  (9.9s)
season 316 holistic     alive  60 births  4 deaths  4 best lifetime 3.313 mean 1.461 max age 59  season 316 conventional alive  60 births  3 deaths  3 best lifetime 4.343 mean 1.221 max age 59  (9.7s)
season 317 holistic     alive  60 births  7 deaths  7 best lifetime 3.352 mean 1.244 max age 59  season 317 conventional alive  60 births  3 deaths  3 best lifetime 3.370 mean 1.246 max age 59  (9.5s)
season 318 holistic     alive  60 births  2 deaths  2 best lifetime 4.104 mean 1.312 max age 59  season 318 conventional alive  60 births  2 deaths  2 best lifetime 4.372 mean 1.195 max age 58  (9.7s)
season 319 holistic     alive  60 births  3 deaths  3 best lifetime 3.825 mean 1.396 max age 59  season 319 conventional alive  60 births  1 deaths  1 best lifetime 5.355 mean 1.294 max age 59  (9.6s)
season 320 holistic     alive  60 births  3 deaths  3 best lifetime 3.733 mean 1.408 max age 59  season 320 conventional alive  60 births  2 deaths  2 best lifetime 4.030 mean 1.276 max age 59  (9.8s)
season 321 holistic     alive  60 births  5 deaths  5 best lifetime 5.233 mean 1.401 max age 58  season 321 conventional alive  60 births  3 deaths  3 best lifetime 4.383 mean 1.333 max age 59  (9.7s)
season 322 holistic     alive  60 births  1 deaths  1 best lifetime 6.398 mean 1.417 max age 59  season 322 conventional alive  60 births  1 deaths  1 best lifetime 3.175 mean 1.237 max age 59  (9.5s)
WARNING: Nan, Inf or huge value in QACC at DOF 23. The simulation is unstable. Time = 8.1400.

season 323 holistic     alive  60 births  2 deaths  2 best lifetime 6.732 mean 1.311 max age 59  season 323 conventional alive  60 births  1 deaths  1 best lifetime 3.050 mean 1.196 max age 59  (9.4s)
season 324 holistic     alive  60 births  2 deaths  2 best lifetime 5.931 mean 1.374 max age 59  season 324 conventional alive  60 births  3 deaths  3 best lifetime 2.815 mean 1.178 max age 58  (9.8s)
season 325 holistic     alive  60 births  4 deaths  4 best lifetime 4.896 mean 1.331 max age 59  season 325 conventional alive  60 births  0 deaths  0 best lifetime 4.391 mean 1.225 max age 59  (9.8s)
season 326 holistic     alive  60 births  2 deaths  2 best lifetime 4.873 mean 1.478 max age 59  season 326 conventional alive  60 births  2 deaths  2 best lifetime 4.389 mean 1.323 max age 57  (10.0s)
season 327 holistic     alive  60 births  3 deaths  3 best lifetime 4.230 mean 1.345 max age 59  season 327 conventional alive  60 births  0 deaths  0 best lifetime 3.718 mean 1.425 max age 58  (9.8s)
season 328 holistic     alive  60 births  2 deaths  2 best lifetime 4.174 mean 1.310 max age 59  season 328 conventional alive  60 births  0 deaths  0 best lifetime 3.392 mean 1.397 max age 59  (9.7s)
season 329 holistic     alive  60 births  3 deaths  3 best lifetime 4.128 mean 1.384 max age 59  season 329 conventional alive  60 births  1 deaths  1 best lifetime 3.064 mean 1.319 max age 59  (9.8s)
season 330 holistic     alive  60 births  2 deaths  2 best lifetime 4.816 mean 1.414 max age 59  season 330 conventional alive  60 births  1 deaths  1 best lifetime 3.010 mean 1.273 max age 58  (9.8s)
season 331 holistic     alive  60 births  1 deaths  1 best lifetime 5.324 mean 1.472 max age 59  season 331 conventional alive  60 births  1 deaths  1 best lifetime 2.966 mean 1.231 max age 59  (9.7s)
season 332 holistic     alive  60 births  2 deaths  2 best lifetime 5.160 mean 1.405 max age 53  season 332 conventional alive  60 births  1 deaths  1 best lifetime 2.786 mean 1.285 max age 57  (10.2s)
WARNING: Nan, Inf or huge value in QACC at DOF 0. The simulation is unstable. Time = 12.1450.

season 333 holistic     alive  60 births  1 deaths  1 best lifetime 3.823 mean 1.366 max age 54  season 333 conventional alive  60 births  0 deaths  0 best lifetime 2.745 mean 1.307 max age 58  (9.8s)
season 334 holistic     alive  60 births  1 deaths  1 best lifetime 3.825 mean 1.389 max age 55  season 334 conventional alive  60 births  0 deaths  0 best lifetime 2.857 mean 1.282 max age 59  (9.8s)
season 335 holistic     alive  60 births  0 deaths  0 best lifetime 4.325 mean 1.392 max age 56  season 335 conventional alive  60 births  1 deaths  1 best lifetime 2.511 mean 1.231 max age 59  (9.9s)
season 336 holistic     alive  60 births  2 deaths  2 best lifetime 3.968 mean 1.372 max age 57  season 336 conventional alive  60 births  3 deaths  3 best lifetime 2.551 mean 1.197 max age 58  (10.1s)
WARNING: Nan, Inf or huge value in QACC at DOF 33. The simulation is unstable. Time = 2.3500.

season 337 holistic     alive  60 births  0 deaths  0 best lifetime 3.699 mean 1.355 max age 58  season 337 conventional alive  60 births  0 deaths  0 best lifetime 2.496 mean 1.171 max age 59  (9.8s)
season 338 holistic     alive  60 births  1 deaths  1 best lifetime 4.234 mean 1.477 max age 59  season 338 conventional alive  60 births  2 deaths  2 best lifetime 2.583 mean 1.195 max age 59  (9.7s)
season 339 holistic     alive  60 births  2 deaths  2 best lifetime 3.325 mean 1.356 max age 57  season 339 conventional alive  60 births  1 deaths  1 best lifetime 2.736 mean 1.189 max age 58  (9.6s)
season 340 holistic     alive  60 births  1 deaths  1 best lifetime 4.359 mean 1.489 max age 58  season 340 conventional alive  60 births  0 deaths  0 best lifetime 2.653 mean 1.238 max age 59  (9.9s)
season 341 holistic     alive  60 births  0 deaths  0 best lifetime 3.922 mean 1.491 max age 59  season 341 conventional alive  60 births  2 deaths  2 best lifetime 3.200 mean 1.273 max age 59  (9.6s)
season 342 holistic     alive  60 births  2 deaths  2 best lifetime 4.429 mean 1.457 max age 57  season 342 conventional alive  60 births  2 deaths  2 best lifetime 3.063 mean 1.223 max age 59  (9.8s)
season 343 holistic     alive  60 births  0 deaths  0 best lifetime 3.922 mean 1.568 max age 58  season 343 conventional alive  60 births  1 deaths  1 best lifetime 4.441 mean 1.347 max age 55  (9.7s)
season 344 holistic     alive  60 births  0 deaths  0 best lifetime 3.668 mean 1.508 max age 59  season 344 conventional alive  60 births  0 deaths  0 best lifetime 2.955 mean 1.342 max age 56  (9.5s)
season 345 holistic     alive  60 births  2 deaths  2 best lifetime 3.120 mean 1.434 max age 58  season 345 conventional alive  60 births  2 deaths  2 best lifetime 2.784 mean 1.321 max age 57  (9.9s)
season 346 holistic     alive  60 births  0 deaths  0 best lifetime 6.840 mean 1.536 max age 59  season 346 conventional alive  60 births  1 deaths  1 best lifetime 5.265 mean 1.416 max age 58  (9.9s)
season 347 holistic     alive  60 births  1 deaths  1 best lifetime 5.385 mean 1.469 max age 57  season 347 conventional alive  60 births  1 deaths  1 best lifetime 2.602 mean 1.356 max age 59  (9.9s)
season 348 holistic     alive  60 births  0 deaths  0 best lifetime 4.553 mean 1.489 max age 58  season 348 conventional alive  60 births  3 deaths  3 best lifetime 3.233 mean 1.322 max age 59  (9.5s)
season 349 holistic     alive  60 births  0 deaths  0 best lifetime 4.371 mean 1.479 max age 59  season 349 conventional alive  60 births  1 deaths  1 best lifetime 2.566 mean 1.232 max age 59  (9.9s)
season 350 holistic     alive  60 births  1 deaths  1 best lifetime 4.066 mean 1.452 max age 59  season 350 conventional alive  60 births  1 deaths  1 best lifetime 2.480 mean 1.297 max age 58  (9.9s)
season 351 holistic     alive  60 births  1 deaths  1 best lifetime 3.527 mean 1.439 max age 57  season 351 conventional alive  60 births  0 deaths  0 best lifetime 2.541 mean 1.344 max age 59  (9.7s)
season 352 holistic     alive  60 births  0 deaths  0 best lifetime 3.432 mean 1.488 max age 58  season 352 conventional alive  60 births  1 deaths  1 best lifetime 2.724 mean 1.345 max age 56  (9.9s)
season 353 holistic     alive  60 births  0 deaths  0 best lifetime 3.248 mean 1.501 max age 59  season 353 conventional alive  60 births  0 deaths  0 best lifetime 2.896 mean 1.352 max age 57  (9.8s)
season 354 holistic     alive  60 births  1 deaths  1 best lifetime 3.203 mean 1.519 max age 50  season 354 conventional alive  60 births  0 deaths  0 best lifetime 2.387 mean 1.398 max age 58  (10.1s)
season 355 holistic     alive  60 births  0 deaths  0 best lifetime 3.174 mean 1.530 max age 51  season 355 conventional alive  60 births  0 deaths  0 best lifetime 2.560 mean 1.384 max age 59  (10.3s)
season 356 holistic     alive  60 births  0 deaths  0 best lifetime 3.084 mean 1.507 max age 52  season 356 conventional alive  60 births  1 deaths  1 best lifetime 2.275 mean 1.390 max age 59  (9.7s)
season 357 holistic     alive  60 births  0 deaths  0 best lifetime 3.203 mean 1.515 max age 53  season 357 conventional alive  60 births  1 deaths  1 best lifetime 2.325 mean 1.340 max age 59  (9.7s)
season 358 holistic     alive  60 births  1 deaths  1 best lifetime 3.216 mean 1.509 max age 54  season 358 conventional alive  60 births  2 deaths  2 best lifetime 2.224 mean 1.319 max age 56  (10.2s)
season 359 holistic     alive  60 births  0 deaths  0 best lifetime 4.752 mean 1.595 max age 55  season 359 conventional alive  60 births  0 deaths  0 best lifetime 2.378 mean 1.380 max age 57  (10.3s)
season 360 holistic     alive  60 births  0 deaths  0 best lifetime 3.290 mean 1.539 max age 56  season 360 conventional alive  60 births  0 deaths  0 best lifetime 2.927 mean 1.429 max age 58  (10.2s)
season 361 holistic     alive  60 births  0 deaths  0 best lifetime 3.395 mean 1.538 max age 57  season 361 conventional alive  60 births  0 deaths  0 best lifetime 2.228 mean 1.405 max age 59  (9.5s)
season 362 holistic     alive  60 births  0 deaths  0 best lifetime 3.380 mean 1.528 max age 58  season 362 conventional alive  60 births  1 deaths  1 best lifetime 2.927 mean 1.377 max age 59  (9.9s)
season 363 holistic     alive  60 births  0 deaths  0 best lifetime 3.410 mean 1.510 max age 59  season 363 conventional alive  60 births  2 deaths  2 best lifetime 2.828 mean 1.344 max age 59  (10.6s)
season 364 holistic     alive  60 births  2 deaths  2 best lifetime 3.350 mean 1.510 max age 59  season 364 conventional alive  60 births  2 deaths  2 best lifetime 2.429 mean 1.332 max age 57  (10.0s)
season 365 holistic     alive  60 births  1 deaths  1 best lifetime 3.358 mean 1.493 max age 58  season 365 conventional alive  60 births  0 deaths  0 best lifetime 3.000 mean 1.300 max age 58  (9.6s)
season 366 holistic     alive  60 births  0 deaths  0 best lifetime 3.325 mean 1.509 max age 59  season 366 conventional alive  60 births  0 deaths  0 best lifetime 2.553 mean 1.348 max age 59  (9.7s)
season 367 holistic     alive  60 births  1 deaths  1 best lifetime 3.312 mean 1.498 max age 59  season 367 conventional alive  60 births  1 deaths  1 best lifetime 2.539 mean 1.314 max age 59  (10.1s)
season 368 holistic     alive  60 births  3 deaths  3 best lifetime 4.736 mean 1.547 max age 57  season 368 conventional alive  60 births  1 deaths  1 best lifetime 2.498 mean 1.297 max age 58  (9.7s)
WARNING: Nan, Inf or huge value in QACC at DOF 33. The simulation is unstable. Time = 11.9400.

season 369 holistic     alive  60 births  0 deaths  0 best lifetime 3.209 mean 1.556 max age 58  season 369 conventional alive  60 births  0 deaths  0 best lifetime 2.519 mean 1.289 max age 59  (9.8s)
season 370 holistic     alive  60 births  0 deaths  0 best lifetime 3.219 mean 1.562 max age 59  season 370 conventional alive  60 births  3 deaths  3 best lifetime 2.344 mean 1.266 max age 59  (9.9s)
season 371 holistic     alive  60 births  2 deaths  2 best lifetime 3.152 mean 1.509 max age 59  season 371 conventional alive  60 births  3 deaths  3 best lifetime 6.288 mean 1.371 max age 58  (10.1s)
WARNING: Nan, Inf or huge value in QACC at DOF 20. The simulation is unstable. Time = 7.2700.

season 372 holistic     alive  60 births  3 deaths  3 best lifetime 3.125 mean 1.488 max age 59  season 372 conventional alive  60 births  0 deaths  0 best lifetime 2.806 mean 1.357 max age 59  (10.2s)
season 373 holistic     alive  60 births  3 deaths  3 best lifetime 3.136 mean 1.417 max age 59  season 373 conventional alive  60 births  2 deaths  2 best lifetime 4.177 mean 1.396 max age 59  (10.2s)
season 374 holistic     alive  60 births  1 deaths  1 best lifetime 3.074 mean 1.429 max age 59  season 374 conventional alive  60 births  3 deaths  3 best lifetime 3.502 mean 1.345 max age 59  (9.9s)
season 375 holistic     alive  60 births  3 deaths  3 best lifetime 3.121 mean 1.436 max age 59  season 375 conventional alive  60 births  1 deaths  1 best lifetime 4.488 mean 1.546 max age 59  (9.8s)
season 376 holistic     alive  60 births  4 deaths  4 best lifetime 3.708 mean 1.391 max age 59  season 376 conventional alive  60 births  3 deaths  3 best lifetime 3.419 mean 1.378 max age 59  (10.1s)
season 377 holistic     alive  60 births  7 deaths  7 best lifetime 3.215 mean 1.292 max age 59  season 377 conventional alive  60 births  2 deaths  2 best lifetime 2.794 mean 1.294 max age 59  (10.1s)
season 378 holistic     alive  60 births  1 deaths  1 best lifetime 3.328 mean 1.386 max age 59  season 378 conventional alive  60 births  2 deaths  2 best lifetime 2.821 mean 1.353 max age 59  (10.0s)
season 379 holistic     alive  60 births  4 deaths  4 best lifetime 2.901 mean 1.345 max age 59  season 379 conventional alive  60 births  2 deaths  2 best lifetime 2.793 mean 1.377 max age 59  (10.0s)
WARNING: Nan, Inf or huge value in QACC at DOF 0. The simulation is unstable. Time = 8.0150.

season 380 holistic     alive  60 births  5 deaths  5 best lifetime 9.782 mean 1.536 max age 59  season 380 conventional alive  60 births  3 deaths  3 best lifetime 3.351 mean 1.340 max age 59  (10.2s)
season 381 holistic     alive  60 births  3 deaths  3 best lifetime 6.820 mean 1.699 max age 59  season 381 conventional alive  60 births  2 deaths  2 best lifetime 7.484 mean 1.411 max age 59  (9.5s)
season 382 holistic     alive  60 births  1 deaths  1 best lifetime 6.113 mean 1.701 max age 59  season 382 conventional alive  60 births  2 deaths  2 best lifetime 3.897 mean 1.390 max age 59  (10.0s)
season 383 holistic     alive  60 births  1 deaths  1 best lifetime 5.028 mean 1.634 max age 59  season 383 conventional alive  60 births  1 deaths  1 best lifetime 3.422 mean 1.458 max age 59  (9.9s)
season 384 holistic     alive  60 births  3 deaths  3 best lifetime 3.977 mean 1.567 max age 59  season 384 conventional alive  60 births  4 deaths  4 best lifetime 3.282 mean 1.363 max age 58  (9.9s)
WARNING: Nan, Inf or huge value in QACC at DOF 0. The simulation is unstable. Time = 12.2500.

season 385 holistic     alive  60 births  3 deaths  3 best lifetime 3.278 mean 1.486 max age 59  season 385 conventional alive  60 births  1 deaths  1 best lifetime 2.952 mean 1.477 max age 59  (9.8s)
season 386 holistic     alive  60 births  1 deaths  1 best lifetime 3.206 mean 1.510 max age 59  season 386 conventional alive  60 births  2 deaths  2 best lifetime 3.034 mean 1.333 max age 56  (10.3s)
season 387 holistic     alive  60 births  4 deaths  4 best lifetime 3.250 mean 1.446 max age 59  season 387 conventional alive  60 births  0 deaths  0 best lifetime 2.883 mean 1.289 max age 57  (10.3s)
season 388 holistic     alive  60 births  1 deaths  1 best lifetime 3.446 mean 1.461 max age 59  season 388 conventional alive  60 births  1 deaths  1 best lifetime 2.948 mean 1.306 max age 58  (10.3s)
season 389 holistic     alive  60 births  3 deaths  3 best lifetime 3.480 mean 1.355 max age 59  season 389 conventional alive  60 births  0 deaths  0 best lifetime 2.567 mean 1.268 max age 59  (10.3s)
WARNING: Nan, Inf or huge value in QACC at DOF 14. The simulation is unstable. Time = 5.5000.

season 390 holistic     alive  60 births  2 deaths  2 best lifetime 3.947 mean 1.421 max age 59  season 390 conventional alive  60 births  1 deaths  1 best lifetime 2.406 mean 1.291 max age 59  (10.1s)
season 391 holistic     alive  60 births  1 deaths  1 best lifetime 3.280 mean 1.420 max age 58  season 391 conventional alive  60 births  1 deaths  1 best lifetime 2.234 mean 1.256 max age 59  (10.2s)
season 392 holistic     alive  60 births  1 deaths  1 best lifetime 3.368 mean 1.462 max age 59  season 392 conventional alive  60 births  2 deaths  2 best lifetime 6.234 mean 1.366 max age 57  (10.0s)
season 393 holistic     alive  60 births  2 deaths  2 best lifetime 3.164 mean 1.464 max age 57  season 393 conventional alive  60 births  1 deaths  1 best lifetime 3.317 mean 1.366 max age 58  (9.9s)
season 394 holistic     alive  60 births  0 deaths  0 best lifetime 6.968 mean 1.618 max age 58  season 394 conventional alive  60 births  0 deaths  0 best lifetime 3.169 mean 1.382 max age 59  (10.4s)
season 395 holistic     alive  60 births  0 deaths  0 best lifetime 4.972 mean 1.611 max age 59  season 395 conventional alive  60 births  1 deaths  1 best lifetime 3.349 mean 1.344 max age 59  (10.0s)
season 396 holistic     alive  60 births  2 deaths  2 best lifetime 4.974 mean 1.555 max age 57  season 396 conventional alive  60 births  3 deaths  3 best lifetime 3.153 mean 1.240 max age 58  (10.0s)
season 397 holistic     alive  60 births  0 deaths  0 best lifetime 3.720 mean 1.506 max age 58  season 397 conventional alive  60 births  1 deaths  1 best lifetime 2.932 mean 1.189 max age 59  (10.2s)
season 398 holistic     alive  60 births  1 deaths  1 best lifetime 3.370 mean 1.472 max age 59  season 398 conventional alive  60 births  3 deaths  3 best lifetime 2.905 mean 1.225 max age 59  (10.3s)
season 399 holistic     alive  60 births  2 deaths  2 best lifetime 3.136 mean 1.453 max age 59  season 399 conventional alive  60 births  1 deaths  1 best lifetime 7.285 mean 1.487 max age 58  (10.5s)
WARNING: Nan, Inf or huge value in QACC at DOF 0. The simulation is unstable. Time = 5.7950.

season 400 holistic     alive  60 births  1 deaths  1 best lifetime 3.049 mean 1.427 max age 58  season 400 conventional alive  60 births  0 deaths  0 best lifetime 3.513 mean 1.393 max age 59  (10.5s)
season 401 holistic     alive  60 births  0 deaths  0 best lifetime 3.102 mean 1.408 max age 59  season 401 conventional alive  60 births  1 deaths  1 best lifetime 2.747 mean 1.323 max age 59  (10.2s)
season 402 holistic     alive  60 births  2 deaths  2 best lifetime 3.207 mean 1.451 max age 57  season 402 conventional alive  60 births  1 deaths  1 best lifetime 2.690 mean 1.298 max age 57  (10.1s)
season 403 holistic     alive  60 births  1 deaths  1 best lifetime 3.161 mean 1.485 max age 58  season 403 conventional alive  60 births  0 deaths  0 best lifetime 2.911 mean 1.296 max age 58  (10.0s)
season 404 holistic     alive  60 births  0 deaths  0 best lifetime 3.310 mean 1.512 max age 59  season 404 conventional alive  60 births  1 deaths  1 best lifetime 2.758 mean 1.291 max age 59  (10.2s)
season 405 holistic     alive  60 births  1 deaths  1 best lifetime 3.397 mean 1.459 max age 58  season 405 conventional alive  60 births  1 deaths  1 best lifetime 4.278 mean 1.316 max age 58  (10.2s)
season 406 holistic     alive  60 births  0 deaths  0 best lifetime 3.866 mean 1.561 max age 59  season 406 conventional alive  60 births  0 deaths  0 best lifetime 3.289 mean 1.304 max age 59  (10.7s)
season 407 holistic     alive  60 births  2 deaths  2 best lifetime 3.247 mean 1.527 max age 57  season 407 conventional alive  60 births  1 deaths  1 best lifetime 2.997 mean 1.283 max age 59  (10.4s)
season 408 holistic     alive  60 births  0 deaths  0 best lifetime 3.186 mean 1.544 max age 58  season 408 conventional alive  60 births  3 deaths  3 best lifetime 3.307 mean 1.225 max age 59  (10.7s)
WARNING: Nan, Inf or huge value in QACC at DOF 23. The simulation is unstable. Time = 6.8100.

WARNING: Nan, Inf or huge value in QACC at DOF 20. The simulation is unstable. Time = 14.6000.

season 409 holistic     alive  60 births  0 deaths  0 best lifetime 3.128 mean 1.544 max age 59  season 409 conventional alive  60 births  1 deaths  1 best lifetime 3.398 mean 1.293 max age 59  (11.1s)
WARNING: Nan, Inf or huge value in QACC at DOF 4. The simulation is unstable. Time = 5.3050.

season 410 holistic     alive  60 births  1 deaths  1 best lifetime 3.119 mean 1.510 max age 59  season 410 conventional alive  60 births  1 deaths  1 best lifetime 3.168 mean 1.255 max age 58  (10.4s)
season 411 holistic     alive  60 births  1 deaths  1 best lifetime 3.087 mean 1.510 max age 53  season 411 conventional alive  60 births  1 deaths  1 best lifetime 7.210 mean 1.400 max age 59  (10.3s)
WARNING: Nan, Inf or huge value in QACC at DOF 10. The simulation is unstable. Time = 7.8750.

season 412 holistic     alive  60 births  0 deaths  0 best lifetime 3.191 mean 1.511 max age 54  season 412 conventional alive  60 births  2 deaths  2 best lifetime 3.203 mean 1.333 max age 56  (10.2s)
season 413 holistic     alive  60 births  0 deaths  0 best lifetime 3.138 mean 1.521 max age 55  season 413 conventional alive  60 births  1 deaths  1 best lifetime 2.900 mean 1.325 max age 57  (10.3s)
season 414 holistic     alive  60 births  0 deaths  0 best lifetime 3.171 mean 1.512 max age 56  season 414 conventional alive  60 births  0 deaths  0 best lifetime 2.932 mean 1.298 max age 58  (10.0s)
season 415 holistic     alive  60 births  0 deaths  0 best lifetime 3.183 mean 1.533 max age 57  season 415 conventional alive  60 births  0 deaths  0 best lifetime 2.784 mean 1.328 max age 59  (10.4s)
season 416 holistic     alive  60 births  0 deaths  0 best lifetime 3.194 mean 1.562 max age 58  season 416 conventional alive  60 births  1 deaths  1 best lifetime 2.822 mean 1.330 max age 59  (10.1s)
season 417 holistic     alive  60 births  0 deaths  0 best lifetime 3.245 mean 1.578 max age 59  season 417 conventional alive  60 births  1 deaths  1 best lifetime 2.764 mean 1.325 max age 59  (10.7s)
season 418 holistic     alive  60 births  1 deaths  1 best lifetime 3.215 mean 1.542 max age 54  season 418 conventional alive  60 births  2 deaths  2 best lifetime 2.755 mean 1.266 max age 56  (10.5s)
season 419 holistic     alive  60 births  0 deaths  0 best lifetime 3.360 mean 1.532 max age 55  season 419 conventional alive  60 births  1 deaths  1 best lifetime 2.671 mean 1.247 max age 57  (10.3s)
WARNING: Nan, Inf or huge value in QACC at DOF 51. The simulation is unstable. Time = 6.2800.

WARNING: Nan, Inf or huge value in QACC at DOF 39. The simulation is unstable. Time = 14.1950.

season 420 holistic     alive  60 births  0 deaths  0 best lifetime 3.405 mean 1.542 max age 56  season 420 conventional alive  60 births  1 deaths  1 best lifetime 2.587 mean 1.275 max age 58  (10.3s)
season 421 holistic     alive  60 births  0 deaths  0 best lifetime 3.356 mean 1.541 max age 57  season 421 conventional alive  60 births  0 deaths  0 best lifetime 2.510 mean 1.280 max age 59  (10.3s)
season 422 holistic     alive  60 births  0 deaths  0 best lifetime 3.327 mean 1.550 max age 58  season 422 conventional alive  60 births  1 deaths  1 best lifetime 2.485 mean 1.287 max age 59  (10.6s)
season 423 holistic     alive  60 births  0 deaths  0 best lifetime 3.388 mean 1.532 max age 59  season 423 conventional alive  60 births  2 deaths  2 best lifetime 2.437 mean 1.279 max age 59  (10.2s)
season 424 holistic     alive  60 births  1 deaths  1 best lifetime 3.517 mean 1.536 max age 57  season 424 conventional alive  60 births  2 deaths  2 best lifetime 5.456 mean 1.299 max age 56  (10.3s)
season 425 holistic     alive  60 births  0 deaths  0 best lifetime 3.452 mean 1.550 max age 58  season 425 conventional alive  60 births  0 deaths  0 best lifetime 3.970 mean 1.296 max age 57  (10.1s)
season 426 holistic     alive  60 births  0 deaths  0 best lifetime 3.524 mean 1.553 max age 59  season 426 conventional alive  60 births  1 deaths  1 best lifetime 3.378 mean 1.271 max age 58  (10.2s)
season 427 holistic     alive  60 births  1 deaths  1 best lifetime 3.099 mean 1.499 max age 59  season 427 conventional alive  60 births  1 deaths  1 best lifetime 2.881 mean 1.323 max age 59  (10.5s)
WARNING: Nan, Inf or huge value in QACC at DOF 10. The simulation is unstable. Time = 9.0650.

season 428 holistic     alive  60 births  2 deaths  2 best lifetime 3.047 mean 1.432 max age 57  season 428 conventional alive  60 births  1 deaths  1 best lifetime 3.000 mean 1.352 max age 58  (10.3s)
season 429 holistic     alive  60 births  0 deaths  0 best lifetime 4.702 mean 1.583 max age 58  season 429 conventional alive  60 births  0 deaths  0 best lifetime 3.075 mean 1.305 max age 59  (10.5s)
season 430 holistic     alive  60 births  0 deaths  0 best lifetime 3.200 mean 1.564 max age 59  season 430 conventional alive  60 births  2 deaths  2 best lifetime 3.269 mean 1.333 max age 59  (10.5s)
season 431 holistic     alive  60 births  1 deaths  1 best lifetime 3.222 mean 1.502 max age 59  season 431 conventional alive  60 births  3 deaths  3 best lifetime 3.265 mean 1.292 max age 58  (10.4s)
season 432 holistic     alive  60 births  1 deaths  1 best lifetime 3.173 mean 1.446 max age 59  season 432 conventional alive  60 births  1 deaths  1 best lifetime 3.067 mean 1.240 max age 59  (10.0s)
season 433 holistic     alive  60 births  1 deaths  1 best lifetime 4.125 mean 1.485 max age 59  season 433 conventional alive  60 births  3 deaths  3 best lifetime 2.810 mean 1.217 max age 59  (10.3s)
season 434 holistic     alive  60 births  2 deaths  2 best lifetime 3.626 mean 1.475 max age 59  season 434 conventional alive  60 births  4 deaths  4 best lifetime 3.537 mean 1.218 max age 59  (10.5s)
season 435 holistic     alive  60 births  1 deaths  1 best lifetime 3.837 mean 1.534 max age 59  season 435 conventional alive  60 births  1 deaths  1 best lifetime 4.510 mean 1.446 max age 59  (10.4s)
WARNING: Nan, Inf or huge value in QACC at DOF 10. The simulation is unstable. Time = 2.3250.

season 436 holistic     alive  60 births  2 deaths  2 best lifetime 3.846 mean 1.499 max age 59  season 436 conventional alive  60 births  2 deaths  2 best lifetime 2.650 mean 1.338 max age 59  (10.2s)
season 437 holistic     alive  60 births  6 deaths  6 best lifetime 4.513 mean 1.464 max age 58  season 437 conventional alive  60 births  2 deaths  2 best lifetime 2.403 mean 1.254 max age 59  (11.0s)
WARNING: Nan, Inf or huge value in QACC at DOF 20. The simulation is unstable. Time = 3.5750.

season 438 holistic     alive  60 births  0 deaths  0 best lifetime 5.608 mean 1.555 max age 59  season 438 conventional alive  60 births  2 deaths  2 best lifetime 2.923 mean 1.255 max age 59  (10.7s)
season 439 holistic     alive  60 births  4 deaths  4 best lifetime 4.603 mean 1.363 max age 59  season 439 conventional alive  60 births  3 deaths  3 best lifetime 2.287 mean 1.173 max age 59  (10.4s)
WARNING: Nan, Inf or huge value in QACC at DOF 30. The simulation is unstable. Time = 3.7950.

season 440 holistic     alive  60 births  4 deaths  4 best lifetime 3.936 mean 1.303 max age 59  season 440 conventional alive  60 births  2 deaths  2 best lifetime 3.468 mean 1.210 max age 59  (10.2s)
season 441 holistic     alive  60 births  5 deaths  5 best lifetime 4.104 mean 1.359 max age 59  season 441 conventional alive  60 births  2 deaths  2 best lifetime 3.418 mean 1.293 max age 59  (10.6s)
season 442 holistic     alive  60 births  1 deaths  1 best lifetime 5.807 mean 1.511 max age 58  season 442 conventional alive  60 births  3 deaths  3 best lifetime 3.030 mean 1.245 max age 58  (10.5s)
season 443 holistic     alive  60 births  1 deaths  1 best lifetime 4.995 mean 1.563 max age 59  season 443 conventional alive  60 births  0 deaths  0 best lifetime 5.376 mean 1.485 max age 59  (10.0s)
season 444 holistic     alive  60 births  5 deaths  5 best lifetime 4.489 mean 1.439 max age 59  season 444 conventional alive  60 births  3 deaths  3 best lifetime 4.179 mean 1.320 max age 59  (10.4s)
season 445 holistic     alive  60 births  4 deaths  4 best lifetime 3.931 mean 1.525 max age 58  season 445 conventional alive  60 births  2 deaths  2 best lifetime 3.847 mean 1.405 max age 59  (10.5s)
season 446 holistic     alive  60 births  0 deaths  0 best lifetime 3.934 mean 1.637 max age 59  season 446 conventional alive  60 births  1 deaths  1 best lifetime 3.294 mean 1.359 max age 58  (10.2s)
season 447 holistic     alive  60 births  3 deaths  3 best lifetime 3.607 mean 1.498 max age 59  season 447 conventional alive  60 births  0 deaths  0 best lifetime 3.098 mean 1.410 max age 59  (10.6s)
season 448 holistic     alive  60 births  4 deaths  4 best lifetime 4.192 mean 1.574 max age 59  season 448 conventional alive  60 births  1 deaths  1 best lifetime 3.034 mean 1.354 max age 57  (10.4s)
season 449 holistic     alive  60 births  4 deaths  4 best lifetime 4.059 mean 1.538 max age 59  season 449 conventional alive  60 births  0 deaths  0 best lifetime 3.281 mean 1.358 max age 58  (10.7s)
WARNING: Nan, Inf or huge value in QACC at DOF 30. The simulation is unstable. Time = 7.0300.

WARNING: Nan, Inf or huge value in QACC at DOF 30. The simulation is unstable. Time = 7.0100.

WARNING: Nan, Inf or huge value in QACC at DOF 30. The simulation is unstable. Time = 7.2050.

season 450 holistic     alive  60 births  2 deaths  2 best lifetime 3.808 mean 1.524 max age 59  season 450 conventional alive  60 births  2 deaths  2 best lifetime 3.120 mean 1.326 max age 59  (9.9s)
season 451 holistic     alive  60 births  2 deaths  2 best lifetime 3.350 mean 1.441 max age 58  season 451 conventional alive  60 births  2 deaths  2 best lifetime 2.819 mean 1.278 max age 59  (9.7s)
season 452 holistic     alive  60 births  1 deaths  1 best lifetime 3.358 mean 1.516 max age 59  season 452 conventional alive  60 births  1 deaths  1 best lifetime 2.789 mean 1.280 max age 59  (10.1s)
season 453 holistic     alive  60 births  4 deaths  4 best lifetime 3.814 mean 1.544 max age 57  season 453 conventional alive  60 births  1 deaths  1 best lifetime 3.017 mean 1.291 max age 58  (10.4s)
season 454 holistic     alive  60 births  0 deaths  0 best lifetime 5.792 mean 1.648 max age 58  season 454 conventional alive  60 births  1 deaths  1 best lifetime 3.071 mean 1.276 max age 59  (10.4s)
season 455 holistic     alive  60 births  0 deaths  0 best lifetime 4.289 mean 1.620 max age 59  season 455 conventional alive  60 births  1 deaths  1 best lifetime 2.663 mean 1.247 max age 59  (10.4s)
season 456 holistic     alive  60 births  2 deaths  2 best lifetime 3.312 mean 1.511 max age 58  season 456 conventional alive  60 births  3 deaths  3 best lifetime 2.437 mean 1.188 max age 59  (10.5s)
season 457 holistic     alive  60 births  0 deaths  0 best lifetime 3.302 mean 1.499 max age 59  season 457 conventional alive  60 births  2 deaths  2 best lifetime 2.342 mean 1.175 max age 59  (10.2s)
season 458 holistic     alive  60 births  1 deaths  1 best lifetime 3.238 mean 1.488 max age 59  season 458 conventional alive  60 births  5 deaths  5 best lifetime 2.517 mean 1.179 max age 59  (10.2s)
season 459 holistic     alive  60 births  2 deaths  2 best lifetime 4.460 mean 1.435 max age 59  season 459 conventional alive  60 births  2 deaths  2 best lifetime 3.402 mean 1.171 max age 55  (10.1s)
WARNING: Nan, Inf or huge value in QACC at DOF 33. The simulation is unstable. Time = 7.0850.

WARNING: Nan, Inf or huge value in QACC at DOF 0. The simulation is unstable. Time = 2.4400.

season 460 holistic     alive  60 births  2 deaths  2 best lifetime 3.934 mean 1.462 max age 58  season 460 conventional alive  60 births  0 deaths  0 best lifetime 2.434 mean 1.218 max age 56  (10.1s)
WARNING: Nan, Inf or huge value in QACC at DOF 33. The simulation is unstable. Time = 3.5700.

season 461 holistic     alive  60 births  1 deaths  1 best lifetime 3.539 mean 1.530 max age 59  season 461 conventional alive  60 births  1 deaths  1 best lifetime 2.364 mean 1.220 max age 57  (10.1s)
season 462 holistic     alive  60 births  2 deaths  2 best lifetime 3.233 mean 1.469 max age 57  season 462 conventional alive  60 births  0 deaths  0 best lifetime 2.620 mean 1.231 max age 58  (9.9s)
season 463 holistic     alive  60 births  1 deaths  1 best lifetime 5.848 mean 1.566 max age 58  season 463 conventional alive  60 births  0 deaths  0 best lifetime 2.725 mean 1.212 max age 59  (10.1s)
season 464 holistic     alive  60 births  0 deaths  0 best lifetime 4.848 mean 1.542 max age 59  season 464 conventional alive  60 births  2 deaths  2 best lifetime 2.595 mean 1.188 max age 59  (10.5s)
season 465 holistic     alive  60 births  1 deaths  1 best lifetime 3.596 mean 1.512 max age 58  season 465 conventional alive  60 births  2 deaths  2 best lifetime 2.432 mean 1.175 max age 58  (10.1s)
season 466 holistic     alive  60 births  1 deaths  1 best lifetime 3.325 mean 1.495 max age 59  season 466 conventional alive  60 births  1 deaths  1 best lifetime 2.430 mean 1.168 max age 59  (10.1s)
WARNING: Nan, Inf or huge value in QACC at DOF 33. The simulation is unstable. Time = 2.3250.

season 467 holistic     alive  60 births  3 deaths  3 best lifetime 3.513 mean 1.500 max age 57  season 467 conventional alive  60 births  2 deaths  2 best lifetime 2.428 mean 1.149 max age 59  (9.9s)
season 468 holistic     alive  60 births  0 deaths  0 best lifetime 5.477 mean 1.637 max age 58  season 468 conventional alive  60 births  3 deaths  3 best lifetime 2.404 mean 1.157 max age 58  (10.2s)
season 469 holistic     alive  60 births  0 deaths  0 best lifetime 3.973 mean 1.584 max age 59  season 469 conventional alive  60 births  0 deaths  0 best lifetime 2.404 mean 1.219 max age 59  (10.7s)
season 470 holistic     alive  60 births  1 deaths  1 best lifetime 4.470 mean 1.561 max age 59  season 470 conventional alive  60 births  2 deaths  2 best lifetime 2.416 mean 1.185 max age 58  (10.6s)
WARNING: Nan, Inf or huge value in QACC at DOF 0. The simulation is unstable. Time = 3.5450.

season 471 holistic     alive  60 births  2 deaths  2 best lifetime 5.218 mean 1.600 max age 53  season 471 conventional alive  60 births  1 deaths  1 best lifetime 3.080 mean 1.210 max age 59  (10.2s)
season 472 holistic     alive  60 births  0 deaths  0 best lifetime 5.068 mean 1.649 max age 54  season 472 conventional alive  60 births  2 deaths  2 best lifetime 5.501 mean 1.310 max age 56  (9.8s)
season 473 holistic     alive  60 births  0 deaths  0 best lifetime 4.635 mean 1.649 max age 55  season 473 conventional alive  60 births  0 deaths  0 best lifetime 5.491 mean 1.383 max age 57  (10.5s)
season 474 holistic     alive  60 births  0 deaths  0 best lifetime 4.185 mean 1.657 max age 56  season 474 conventional alive  60 births  0 deaths  0 best lifetime 4.496 mean 1.338 max age 58  (10.4s)
season 475 holistic     alive  60 births  2 deaths  2 best lifetime 4.345 mean 1.645 max age 57  season 475 conventional alive  60 births  0 deaths  0 best lifetime 4.492 mean 1.295 max age 59  (10.1s)
season 476 holistic     alive  60 births  0 deaths  0 best lifetime 4.771 mean 1.811 max age 58  season 476 conventional alive  60 births  1 deaths  1 best lifetime 4.295 mean 1.263 max age 59  (10.7s)
season 477 holistic     alive  60 births  0 deaths  0 best lifetime 4.671 mean 1.763 max age 59  season 477 conventional alive  60 births  3 deaths  3 best lifetime 3.823 mean 1.235 max age 59  (10.6s)
season 478 holistic     alive  60 births  2 deaths  2 best lifetime 4.380 mean 1.726 max age 54  season 478 conventional alive  60 births  1 deaths  1 best lifetime 3.556 mean 1.247 max age 59  (10.6s)
WARNING: Nan, Inf or huge value in QACC at DOF 11. The simulation is unstable. Time = 10.8200.

season 479 holistic     alive  60 births  0 deaths  0 best lifetime 4.304 mean 1.708 max age 55  season 479 conventional alive  60 births  1 deaths  1 best lifetime 3.561 mean 1.240 max age 59  (10.0s)
season 480 holistic     alive  60 births  0 deaths  0 best lifetime 4.010 mean 1.709 max age 56  season 480 conventional alive  60 births  2 deaths  2 best lifetime 4.440 mean 1.278 max age 58  (10.1s)
season 481 holistic     alive  60 births  1 deaths  1 best lifetime 3.900 mean 1.703 max age 57  season 481 conventional alive  60 births  0 deaths  0 best lifetime 3.471 mean 1.360 max age 59  (10.4s)
season 482 holistic     alive  60 births  0 deaths  0 best lifetime 4.139 mean 1.708 max age 58  season 482 conventional alive  60 births  1 deaths  1 best lifetime 2.778 mean 1.315 max age 59  (10.9s)
season 483 holistic     alive  60 births  0 deaths  0 best lifetime 3.972 mean 1.708 max age 59  season 483 conventional alive  60 births  3 deaths  3 best lifetime 2.520 mean 1.226 max age 59  (10.7s)
season 484 holistic     alive  60 births  1 deaths  1 best lifetime 3.825 mean 1.682 max age 57  season 484 conventional alive  60 births  1 deaths  1 best lifetime 2.432 mean 1.239 max age 58  (10.3s)
season 485 holistic     alive  60 births  1 deaths  1 best lifetime 3.807 mean 1.694 max age 58  season 485 conventional alive  60 births  0 deaths  0 best lifetime 2.433 mean 1.241 max age 59  (9.8s)
season 486 holistic     alive  60 births  1 deaths  1 best lifetime 3.844 mean 1.701 max age 59  season 486 conventional alive  60 births  1 deaths  1 best lifetime 2.261 mean 1.234 max age 59  (10.0s)
season 487 holistic     alive  60 births  1 deaths  1 best lifetime 3.899 mean 1.743 max age 59  season 487 conventional alive  60 births  1 deaths  1 best lifetime 2.282 mean 1.200 max age 59  (10.4s)
season 488 holistic     alive  60 births  2 deaths  2 best lifetime 4.109 mean 1.733 max age 56  season 488 conventional alive  60 births  1 deaths  1 best lifetime 2.266 mean 1.174 max age 58  (10.2s)
season 489 holistic     alive  60 births  0 deaths  0 best lifetime 3.887 mean 1.747 max age 57  season 489 conventional alive  60 births  0 deaths  0 best lifetime 2.250 mean 1.241 max age 59  (10.2s)
season 490 holistic     alive  60 births  0 deaths  0 best lifetime 4.134 mean 1.767 max age 58  season 490 conventional alive  60 births  1 deaths  1 best lifetime 2.372 mean 1.257 max age 58  (10.1s)
season 491 holistic     alive  60 births  0 deaths  0 best lifetime 3.724 mean 1.720 max age 59  season 491 conventional alive  60 births  0 deaths  0 best lifetime 2.470 mean 1.237 max age 59  (10.2s)
season 492 holistic     alive  60 births  3 deaths  3 best lifetime 3.692 mean 1.653 max age 59  season 492 conventional alive  60 births  2 deaths  2 best lifetime 2.607 mean 1.234 max age 59  (10.3s)
season 493 holistic     alive  60 births  1 deaths  1 best lifetime 3.972 mean 1.682 max age 59  season 493 conventional alive  60 births  2 deaths  2 best lifetime 2.633 mean 1.182 max age 59  (10.2s)
WARNING: Nan, Inf or huge value in QACC at DOF 24. The simulation is unstable. Time = 13.0400.

season 494 holistic     alive  60 births  1 deaths  1 best lifetime 3.549 mean 1.604 max age 59  season 494 conventional alive  60 births  4 deaths  4 best lifetime 2.538 mean 1.177 max age 58  (10.3s)
season 495 holistic     alive  60 births  1 deaths  1 best lifetime 3.403 mean 1.606 max age 59  season 495 conventional alive  60 births  0 deaths  0 best lifetime 2.600 mean 1.196 max age 59  (10.3s)
season 496 holistic     alive  60 births  3 deaths  3 best lifetime 3.477 mean 1.588 max age 59  season 496 conventional alive  60 births  2 deaths  2 best lifetime 2.551 mean 1.180 max age 58  (10.0s)
season 497 holistic     alive  60 births  5 deaths  5 best lifetime 3.451 mean 1.574 max age 58  season 497 conventional alive  60 births  0 deaths  0 best lifetime 2.435 mean 1.187 max age 59  (10.3s)
season 498 holistic     alive  60 births  0 deaths  0 best lifetime 4.259 mean 1.604 max age 59  season 498 conventional alive  60 births  2 deaths  2 best lifetime 2.164 mean 1.217 max age 59  (9.9s)
WARNING: Nan, Inf or huge value in QACC at DOF 20. The simulation is unstable. Time = 3.2050.

WARNING: Nan, Inf or huge value in QACC at DOF 23. The simulation is unstable. Time = 2.7350.

season 499 holistic     alive  60 births  3 deaths  3 best lifetime 4.094 mean 1.620 max age 59  season 499 conventional alive  60 births  3 deaths  3 best lifetime 2.488 mean 1.195 max age 59  (9.9s)
season 500 holistic     alive  60 births  3 deaths  3 best lifetime 4.259 mean 1.675 max age 59  season 500 conventional alive  60 births  2 deaths  2 best lifetime 3.245 mean 1.268 max age 59  (10.6s)
season 501 holistic     alive  60 births  3 deaths  3 best lifetime 4.159 mean 1.609 max age 59  season 501 conventional alive  60 births  1 deaths  1 best lifetime 3.437 mean 1.238 max age 59  (10.2s)
season 502 holistic     alive  60 births  2 deaths  2 best lifetime 8.678 mean 1.687 max age 58  season 502 conventional alive  60 births  3 deaths  3 best lifetime 3.760 mean 1.213 max age 58  (9.9s)
season 503 holistic     alive  60 births  0 deaths  0 best lifetime 5.186 mean 1.639 max age 59  season 503 conventional alive  60 births  0 deaths  0 best lifetime 2.900 mean 1.124 max age 59  (10.3s)
season 504 holistic     alive  60 births  3 deaths  3 best lifetime 4.133 mean 1.526 max age 59  season 504 conventional alive  60 births  3 deaths  3 best lifetime 2.086 mean 1.122 max age 59  (10.2s)
season 505 holistic     alive  60 births  3 deaths  3 best lifetime 3.937 mean 1.584 max age 58  season 505 conventional alive  60 births  1 deaths  1 best lifetime 3.236 mean 1.133 max age 59  (10.1s)
season 506 holistic     alive  60 births  0 deaths  0 best lifetime 3.656 mean 1.599 max age 59  season 506 conventional alive  60 births  2 deaths  2 best lifetime 5.265 mean 1.205 max age 55  (10.2s)
season 507 holistic     alive  60 births  3 deaths  3 best lifetime 3.575 mean 1.498 max age 59  season 507 conventional alive  60 births  0 deaths  0 best lifetime 3.602 mean 1.166 max age 56  (10.1s)
season 508 holistic     alive  60 births  2 deaths  2 best lifetime 3.840 mean 1.504 max age 59  season 508 conventional alive  60 births  0 deaths  0 best lifetime 3.316 mean 1.210 max age 57  (10.2s)
season 509 holistic     alive  60 births  4 deaths  4 best lifetime 3.743 mean 1.559 max age 59  season 509 conventional alive  60 births  0 deaths  0 best lifetime 2.650 mean 1.172 max age 58  (9.9s)
season 510 holistic     alive  60 births  2 deaths  2 best lifetime 3.404 mean 1.595 max age 59  season 510 conventional alive  60 births  1 deaths  1 best lifetime 2.568 mean 1.162 max age 59  (10.2s)
WARNING: Nan, Inf or huge value in QACC at DOF 20. The simulation is unstable. Time = 2.5400.

season 511 holistic     alive  60 births  2 deaths  2 best lifetime 3.355 mean 1.519 max age 59  season 511 conventional alive  60 births  2 deaths  2 best lifetime 2.292 mean 1.164 max age 59  (10.5s)
season 512 holistic     alive  60 births  1 deaths  1 best lifetime 3.736 mean 1.523 max age 59  season 512 conventional alive  60 births  2 deaths  2 best lifetime 2.167 mean 1.121 max age 59  (10.7s)
season 513 holistic     alive  60 births  3 deaths  3 best lifetime 3.155 mean 1.528 max age 57  season 513 conventional alive  60 births  1 deaths  1 best lifetime 2.364 mean 1.169 max age 58  (10.5s)
season 514 holistic     alive  60 births  0 deaths  0 best lifetime 3.189 mean 1.531 max age 58  season 514 conventional alive  60 births  0 deaths  0 best lifetime 2.364 mean 1.203 max age 59  (10.6s)
season 515 holistic     alive  60 births  2 deaths  2 best lifetime 3.161 mean 1.546 max age 59  season 515 conventional alive  60 births  2 deaths  2 best lifetime 2.131 mean 1.146 max age 59  (10.3s)
season 516 holistic     alive  60 births  1 deaths  1 best lifetime 3.249 mean 1.504 max age 57  season 516 conventional alive  60 births  1 deaths  1 best lifetime 2.257 mean 1.139 max age 58  (10.1s)
season 517 holistic     alive  60 births  1 deaths  1 best lifetime 3.427 mean 1.593 max age 58  season 517 conventional alive  60 births  0 deaths  0 best lifetime 2.090 mean 1.156 max age 59  (10.2s)
season 518 holistic     alive  60 births  0 deaths  0 best lifetime 4.975 mean 1.641 max age 59  season 518 conventional alive  60 births  4 deaths  4 best lifetime 2.199 mean 1.124 max age 59  (10.1s)
WARNING: Nan, Inf or huge value in QACC at DOF 13. The simulation is unstable. Time = 8.8650.

WARNING: Nan, Inf or huge value in QACC at DOF 10. The simulation is unstable. Time = 11.6150.

season 519 holistic     alive  60 births  2 deaths  2 best lifetime 4.467 mean 1.602 max age 59  season 519 conventional alive  60 births  2 deaths  2 best lifetime 4.530 mean 1.237 max age 58  (10.2s)
season 520 holistic     alive  60 births  2 deaths  2 best lifetime 3.491 mean 1.544 max age 59  season 520 conventional alive  60 births  0 deaths  0 best lifetime 4.503 mean 1.318 max age 59  (10.1s)
season 521 holistic     alive  60 births  1 deaths  1 best lifetime 3.398 mean 1.521 max age 59  season 521 conventional alive  60 births  1 deaths  1 best lifetime 3.507 mean 1.303 max age 57  (10.6s)
season 522 holistic     alive  60 births  2 deaths  2 best lifetime 3.363 mean 1.565 max age 57  season 522 conventional alive  60 births  0 deaths  0 best lifetime 3.505 mean 1.313 max age 58  (10.3s)
season 523 holistic     alive  60 births  1 deaths  1 best lifetime 3.826 mean 1.628 max age 58  season 523 conventional alive  60 births  0 deaths  0 best lifetime 3.301 mean 1.334 max age 59  (10.3s)
WARNING: Nan, Inf or huge value in QACC at DOF 3. The simulation is unstable. Time = 9.0450.

season 524 holistic     alive  60 births  1 deaths  1 best lifetime 4.486 mean 1.684 max age 59  season 524 conventional alive  60 births  2 deaths  2 best lifetime 4.331 mean 1.323 max age 59  (10.2s)
season 525 holistic     alive  60 births  1 deaths  1 best lifetime 3.768 mean 1.662 max age 59  season 525 conventional alive  60 births  1 deaths  1 best lifetime 3.927 mean 1.366 max age 59  (10.4s)
season 526 holistic     alive  60 births  3 deaths  3 best lifetime 3.985 mean 1.669 max age 59  season 526 conventional alive  60 births  1 deaths  1 best lifetime 3.747 mean 1.285 max age 59  (10.4s)
season 527 holistic     alive  60 births  2 deaths  2 best lifetime 3.702 mean 1.619 max age 57  season 527 conventional alive  60 births  3 deaths  3 best lifetime 3.606 mean 1.337 max age 59  (10.2s)
season 528 holistic     alive  60 births  0 deaths  0 best lifetime 5.771 mean 1.757 max age 58  season 528 conventional alive  60 births  2 deaths  2 best lifetime 3.198 mean 1.370 max age 58  (10.3s)
season 529 holistic     alive  60 births  1 deaths  1 best lifetime 3.380 mean 1.697 max age 59  season 529 conventional alive  60 births  1 deaths  1 best lifetime 2.867 mean 1.293 max age 59  (10.2s)
season 530 holistic     alive  60 births  1 deaths  1 best lifetime 3.075 mean 1.645 max age 55  season 530 conventional alive  60 births  1 deaths  1 best lifetime 3.372 mean 1.323 max age 59  (10.2s)
season 531 holistic     alive  60 births  0 deaths  0 best lifetime 3.099 mean 1.611 max age 56  season 531 conventional alive  60 births  1 deaths  1 best lifetime 3.334 mean 1.364 max age 59  (10.4s)
season 532 holistic     alive  60 births  0 deaths  0 best lifetime 2.938 mean 1.587 max age 57  season 532 conventional alive  60 births  2 deaths  2 best lifetime 3.840 mean 1.351 max age 55  (10.5s)
season 533 holistic     alive  60 births  0 deaths  0 best lifetime 2.907 mean 1.557 max age 58  season 533 conventional alive  60 births  0 deaths  0 best lifetime 4.009 mean 1.315 max age 56  (10.5s)
season 534 holistic     alive  60 births  1 deaths  1 best lifetime 2.920 mean 1.560 max age 59  season 534 conventional alive  60 births  0 deaths  0 best lifetime 2.842 mean 1.335 max age 57  (10.6s)
season 535 holistic     alive  60 births  2 deaths  2 best lifetime 2.892 mean 1.490 max age 57  season 535 conventional alive  60 births  0 deaths  0 best lifetime 2.743 mean 1.334 max age 58  (10.8s)
season 536 holistic     alive  60 births  0 deaths  0 best lifetime 3.029 mean 1.520 max age 58  season 536 conventional alive  60 births  0 deaths  0 best lifetime 2.843 mean 1.360 max age 59  (10.3s)
season 537 holistic     alive  60 births  1 deaths  1 best lifetime 2.992 mean 1.584 max age 59  season 537 conventional alive  60 births  2 deaths  2 best lifetime 2.772 mean 1.330 max age 59  (10.3s)
season 538 holistic     alive  60 births  2 deaths  2 best lifetime 3.524 mean 1.563 max age 53  season 538 conventional alive  60 births  1 deaths  1 best lifetime 2.728 mean 1.275 max age 59  (10.5s)
season 539 holistic     alive  60 births  0 deaths  0 best lifetime 3.107 mean 1.598 max age 54  season 539 conventional alive  60 births  2 deaths  2 best lifetime 3.070 mean 1.306 max age 59  (10.5s)
season 540 holistic     alive  60 births  0 deaths  0 best lifetime 3.096 mean 1.592 max age 55  season 540 conventional alive  60 births  2 deaths  2 best lifetime 3.391 mean 1.362 max age 57  (10.2s)
season 541 holistic     alive  60 births  1 deaths  1 best lifetime 3.161 mean 1.602 max age 56  season 541 conventional alive  60 births  0 deaths  0 best lifetime 3.121 mean 1.359 max age 58  (10.5s)
season 542 holistic     alive  60 births  1 deaths  1 best lifetime 4.604 mean 1.668 max age 57  season 542 conventional alive  60 births  2 deaths  2 best lifetime 2.924 mean 1.320 max age 59  (10.1s)
season 543 holistic     alive  60 births  0 deaths  0 best lifetime 3.210 mean 1.616 max age 58  season 543 conventional alive  60 births  4 deaths  4 best lifetime 3.094 mean 1.287 max age 59  (10.4s)
season 544 holistic     alive  60 births  0 deaths  0 best lifetime 3.268 mean 1.613 max age 59  season 544 conventional alive  60 births  1 deaths  1 best lifetime 3.233 mean 1.347 max age 58  (10.8s)
season 545 holistic     alive  60 births  1 deaths  1 best lifetime 3.186 mean 1.562 max age 59  season 545 conventional alive  60 births  1 deaths  1 best lifetime 2.958 mean 1.376 max age 59  (10.4s)
season 546 holistic     alive  60 births  2 deaths  2 best lifetime 3.131 mean 1.528 max age 59  season 546 conventional alive  60 births  2 deaths  2 best lifetime 2.872 mean 1.313 max age 59  (10.2s)
season 547 holistic     alive  60 births  1 deaths  1 best lifetime 3.121 mean 1.473 max age 55  season 547 conventional alive  60 births  1 deaths  1 best lifetime 2.728 mean 1.280 max age 59  (10.4s)
WARNING: Nan, Inf or huge value in QACC at DOF 2. The simulation is unstable. Time = 3.2250.

season 548 holistic     alive  60 births  1 deaths  1 best lifetime 3.240 mean 1.510 max age 56  season 548 conventional alive  60 births  2 deaths  2 best lifetime 2.629 mean 1.310 max age 56  (10.3s)
season 549 holistic     alive  60 births  0 deaths  0 best lifetime 3.228 mean 1.537 max age 57  season 549 conventional alive  60 births  0 deaths  0 best lifetime 2.776 mean 1.436 max age 57  (10.7s)
WARNING: Nan, Inf or huge value in QACC at DOF 30. The simulation is unstable. Time = 10.9200.

WARNING: Nan, Inf or huge value in QACC at DOF 0. The simulation is unstable. Time = 3.9150.

season 550 holistic     alive  60 births  0 deaths  0 best lifetime 3.258 mean 1.539 max age 58  season 550 conventional alive  60 births  0 deaths  0 best lifetime 2.662 mean 1.397 max age 58  (10.0s)
WARNING: Nan, Inf or huge value in QACC at DOF 13. The simulation is unstable. Time = 4.4700.

WARNING: Nan, Inf or huge value in QACC at DOF 10. The simulation is unstable. Time = 3.3600.

season 551 holistic     alive  60 births  0 deaths  0 best lifetime 3.267 mean 1.557 max age 59  season 551 conventional alive  60 births  0 deaths  0 best lifetime 2.607 mean 1.415 max age 59  (10.1s)
season 552 holistic     alive  60 births  2 deaths  2 best lifetime 3.216 mean 1.493 max age 59  season 552 conventional alive  60 births  2 deaths  2 best lifetime 2.475 mean 1.315 max age 59  (10.2s)
season 553 holistic     alive  60 births  1 deaths  1 best lifetime 4.415 mean 1.605 max age 59  season 553 conventional alive  60 births  2 deaths  2 best lifetime 2.474 mean 1.311 max age 59  (10.4s)
season 554 holistic     alive  60 births  1 deaths  1 best lifetime 7.437 mean 1.627 max age 59  season 554 conventional alive  60 births  4 deaths  4 best lifetime 2.437 mean 1.208 max age 58  (11.0s)
WARNING: Nan, Inf or huge value in QACC at DOF 30. The simulation is unstable. Time = 6.3150.

WARNING: Nan, Inf or huge value in QACC at DOF 10. The simulation is unstable. Time = 7.7350.

season 555 holistic     alive  60 births  1 deaths  1 best lifetime 6.273 mean 1.663 max age 59  season 555 conventional alive  60 births  0 deaths  0 best lifetime 2.463 mean 1.347 max age 59  (10.0s)
season 556 holistic     alive  60 births  3 deaths  3 best lifetime 4.949 mean 1.543 max age 59  season 556 conventional alive  60 births  3 deaths  3 best lifetime 2.347 mean 1.263 max age 58  (10.1s)
season 557 holistic     alive  60 births  5 deaths  5 best lifetime 3.948 mean 1.431 max age 58  season 557 conventional alive  60 births  0 deaths  0 best lifetime 4.323 mean 1.381 max age 59  (10.4s)
season 558 holistic     alive  60 births  1 deaths  1 best lifetime 4.114 mean 1.462 max age 59  season 558 conventional alive  60 births  1 deaths  1 best lifetime 2.342 mean 1.352 max age 59  (10.6s)
WARNING: Nan, Inf or huge value in QACC at DOF 20. The simulation is unstable. Time = 3.8150.

WARNING: Nan, Inf or huge value in QACC at DOF 23. The simulation is unstable. Time = 4.7700.

WARNING: Nan, Inf or huge value in QACC at DOF 20. The simulation is unstable. Time = 3.9450.

season 559 holistic     alive  60 births  3 deaths  3 best lifetime 3.666 mean 1.489 max age 59  season 559 conventional alive  60 births  3 deaths  3 best lifetime 3.316 mean 1.341 max age 59  (10.3s)
season 560 holistic     alive  60 births  2 deaths  2 best lifetime 3.517 mean 1.507 max age 59  season 560 conventional alive  60 births  2 deaths  2 best lifetime 4.823 mean 1.363 max age 59  (10.6s)
season 561 holistic     alive  60 births  4 deaths  4 best lifetime 3.196 mean 1.420 max age 59  season 561 conventional alive  60 births  2 deaths  2 best lifetime 3.992 mean 1.412 max age 59  (10.9s)
season 562 holistic     alive  60 births  2 deaths  2 best lifetime 3.155 mean 1.507 max age 58  season 562 conventional alive  60 births  1 deaths  1 best lifetime 3.569 mean 1.462 max age 58  (10.7s)
season 563 holistic     alive  60 births  2 deaths  2 best lifetime 7.022 mean 1.571 max age 59  season 563 conventional alive  60 births  0 deaths  0 best lifetime 7.379 mean 1.551 max age 59  (10.6s)
WARNING: Nan, Inf or huge value in QACC at DOF 0. The simulation is unstable. Time = 6.3350.

season 564 holistic     alive  60 births  3 deaths  3 best lifetime 4.525 mean 1.570 max age 59  season 564 conventional alive  60 births  2 deaths  2 best lifetime 3.883 mean 1.434 max age 59  (10.6s)
season 565 holistic     alive  60 births  2 deaths  2 best lifetime 4.433 mean 1.574 max age 58  season 565 conventional alive  60 births  1 deaths  1 best lifetime 3.236 mean 1.437 max age 59  (10.5s)
WARNING: Nan, Inf or huge value in QACC at DOF 30. The simulation is unstable. Time = 2.6950.

season 566 holistic     alive  60 births  1 deaths  1 best lifetime 4.918 mean 1.668 max age 59  season 566 conventional alive  60 births  2 deaths  2 best lifetime 3.792 mean 1.362 max age 56  (10.1s)
season 567 holistic     alive  60 births  3 deaths  3 best lifetime 4.434 mean 1.555 max age 59  season 567 conventional alive  60 births  0 deaths  0 best lifetime 2.691 mean 1.255 max age 57  (10.3s)
season 568 holistic     alive  60 births  2 deaths  2 best lifetime 3.532 mean 1.490 max age 59  season 568 conventional alive  60 births  0 deaths  0 best lifetime 2.839 mean 1.284 max age 58  (10.9s)
season 569 holistic     alive  60 births  4 deaths  4 best lifetime 3.579 mean 1.385 max age 59  season 569 conventional alive  60 births  0 deaths  0 best lifetime 2.365 mean 1.250 max age 59  (10.7s)
season 570 holistic     alive  60 births  3 deaths  3 best lifetime 3.361 mean 1.349 max age 59  season 570 conventional alive  60 births  1 deaths  1 best lifetime 2.218 mean 1.221 max age 59  (10.9s)
season 571 holistic     alive  60 births  2 deaths  2 best lifetime 3.058 mean 1.440 max age 58  season 571 conventional alive  60 births  2 deaths  2 best lifetime 2.338 mean 1.204 max age 59  (10.8s)
season 572 holistic     alive  60 births  0 deaths  0 best lifetime 3.822 mean 1.571 max age 59  season 572 conventional alive  60 births  1 deaths  1 best lifetime 3.532 mean 1.336 max age 59  (11.3s)
season 573 holistic     alive  60 births  2 deaths  2 best lifetime 4.264 mean 1.515 max age 58  season 573 conventional alive  60 births  2 deaths  2 best lifetime 3.054 mean 1.349 max age 58  (11.1s)
season 574 holistic     alive  60 births  0 deaths  0 best lifetime 3.453 mean 1.562 max age 59  season 574 conventional alive  60 births  0 deaths  0 best lifetime 2.798 mean 1.337 max age 59  (10.5s)
season 575 holistic     alive  60 births  2 deaths  2 best lifetime 3.031 mean 1.460 max age 59  season 575 conventional alive  60 births  2 deaths  2 best lifetime 2.848 mean 1.314 max age 59  (10.6s)
season 576 holistic     alive  60 births  2 deaths  2 best lifetime 3.069 mean 1.373 max age 59  season 576 conventional alive  60 births  1 deaths  1 best lifetime 3.231 mean 1.356 max age 58  (10.5s)
season 577 holistic     alive  60 births  1 deaths  1 best lifetime 3.218 mean 1.368 max age 58  season 577 conventional alive  60 births  0 deaths  0 best lifetime 2.993 mean 1.307 max age 59  (10.7s)
WARNING: Nan, Inf or huge value in QACC at DOF 30. The simulation is unstable. Time = 4.2800.

season 578 holistic     alive  60 births  0 deaths  0 best lifetime 3.039 mean 1.393 max age 59  season 578 conventional alive  60 births  5 deaths  5 best lifetime 2.623 mean 1.210 max age 59  (10.7s)
season 579 holistic     alive  60 births  2 deaths  2 best lifetime 3.072 mean 1.371 max age 59  season 579 conventional alive  60 births  3 deaths  3 best lifetime 4.399 mean 1.260 max age 58  (10.8s)
season 580 holistic     alive  60 births  6 deaths  6 best lifetime 2.970 mean 1.295 max age 59  season 580 conventional alive  60 births  0 deaths  0 best lifetime 5.908 mean 1.484 max age 59  (10.9s)
season 581 holistic     alive  60 births  1 deaths  1 best lifetime 5.755 mean 1.487 max age 59  season 581 conventional alive  60 births  1 deaths  1 best lifetime 6.420 mean 1.454 max age 57  (11.1s)
season 582 holistic     alive  60 births  2 deaths  2 best lifetime 6.753 mean 1.474 max age 57  season 582 conventional alive  60 births  0 deaths  0 best lifetime 4.399 mean 1.425 max age 58  (10.5s)
season 583 holistic     alive  60 births  0 deaths  0 best lifetime 5.083 mean 1.421 max age 58  season 583 conventional alive  60 births  0 deaths  0 best lifetime 3.160 mean 1.412 max age 59  (11.1s)
WARNING: Nan, Inf or huge value in QACC at DOF 20. The simulation is unstable. Time = 7.4800.

season 584 holistic     alive  60 births  1 deaths  1 best lifetime 5.748 mean 1.457 max age 59  season 584 conventional alive  60 births  2 deaths  2 best lifetime 3.005 mean 1.381 max age 58  (10.9s)
WARNING: Nan, Inf or huge value in QACC at DOF 0. The simulation is unstable. Time = 2.0300.

WARNING: Nan, Inf or huge value in QACC at DOF 0. The simulation is unstable. Time = 1.7300.

season 585 holistic     alive  60 births  2 deaths  2 best lifetime 6.153 mean 1.407 max age 59  season 585 conventional alive  60 births  0 deaths  0 best lifetime 2.910 mean 1.338 max age 59  (10.6s)
season 586 holistic     alive  60 births  2 deaths  2 best lifetime 6.753 mean 1.417 max age 59  season 586 conventional alive  60 births  1 deaths  1 best lifetime 3.446 mean 1.370 max age 59  (10.7s)
season 587 holistic     alive  60 births  2 deaths  2 best lifetime 6.326 mean 1.375 max age 58  season 587 conventional alive  60 births  2 deaths  2 best lifetime 3.533 mean 1.301 max age 59  (10.6s)
season 588 holistic     alive  60 births  1 deaths  1 best lifetime 6.003 mean 1.347 max age 59  season 588 conventional alive  60 births  1 deaths  1 best lifetime 3.185 mean 1.256 max age 59  (10.7s)
WARNING: Nan, Inf or huge value in QACC at DOF 0. The simulation is unstable. Time = 5.2900.

season 589 holistic     alive  60 births  3 deaths  3 best lifetime 5.534 mean 1.266 max age 55  season 589 conventional alive  60 births  2 deaths  2 best lifetime 3.031 mean 1.208 max age 59  (10.6s)
season 590 holistic     alive  60 births  2 deaths  2 best lifetime 5.154 mean 1.357 max age 56  season 590 conventional alive  60 births  2 deaths  2 best lifetime 2.885 mean 1.233 max age 59  (10.9s)
season 591 holistic     alive  60 births  1 deaths  1 best lifetime 5.209 mean 1.431 max age 57  season 591 conventional alive  60 births  1 deaths  1 best lifetime 2.679 mean 1.223 max age 59  (10.4s)
season 592 holistic     alive  60 births  1 deaths  1 best lifetime 4.757 mean 1.376 max age 58  season 592 conventional alive  60 births  2 deaths  2 best lifetime 2.522 mean 1.185 max age 55  (10.6s)
season 593 holistic     alive  60 births  0 deaths  0 best lifetime 4.527 mean 1.457 max age 59  season 593 conventional alive  60 births  1 deaths  1 best lifetime 2.531 mean 1.203 max age 56  (10.6s)
season 594 holistic     alive  60 births  2 deaths  2 best lifetime 4.474 mean 1.433 max age 59  season 594 conventional alive  60 births  1 deaths  1 best lifetime 2.349 mean 1.195 max age 57  (10.5s)
season 595 holistic     alive  60 births  1 deaths  1 best lifetime 4.560 mean 1.434 max age 57  season 595 conventional alive  60 births  2 deaths  2 best lifetime 2.285 mean 1.178 max age 58  (10.9s)
season 596 holistic     alive  60 births  0 deaths  0 best lifetime 4.634 mean 1.477 max age 58  season 596 conventional alive  60 births  0 deaths  0 best lifetime 4.379 mean 1.234 max age 59  (10.5s)
WARNING: Nan, Inf or huge value in QACC at DOF 2. The simulation is unstable. Time = 13.3800.

season 597 holistic     alive  60 births  1 deaths  1 best lifetime 4.523 mean 1.498 max age 59  season 597 conventional alive  60 births  2 deaths  2 best lifetime 2.355 mean 1.203 max age 59  (10.4s)
season 598 holistic     alive  60 births  1 deaths  1 best lifetime 4.536 mean 1.435 max age 57  season 598 conventional alive  60 births  2 deaths  2 best lifetime 3.303 mean 1.228 max age 59  (10.4s)
season 599 holistic     alive  60 births  0 deaths  0 best lifetime 4.493 mean 1.459 max age 58  season 599 conventional alive  60 births  2 deaths  2 best lifetime 2.797 mean 1.209 max age 57  (11.0s)
results in runs/RBT-16/W4-801/history.json
