population	name	born	g1	g2	n1	n2	ns	g2_contact	g2_height	g2_up	g2_joint	g1_other	g1_vel
holistic	h0-0	-12	0	0	0	0	1	0	0	0	0	0	0
holistic	h0-2	-37	0	0	0	0	8	0	0	0	0	0	0
holistic	h0-3	-45	0	0	0	0	4	0	0	0	0	0	0
holistic	h0-4	-17	0	0	0	0	6	0	0	0	0	0	0
holistic	h0-5	-32	0	0	0	0	0	0	0	0	0	0	0
holistic	h0-6	-26	4.453283	18.713800	4	41	7	0	7.338631	0	11.375169	0	0
holistic	h0-7	-33	12.683250	29.607409	7	12	8	2.275513	0	0	27.331896	0	0
holistic	h0-8	-8	0	0	0	0	0	0	0	0	0	0	0
holistic	h0-9	-40	0	0	0	0	0	0	0	0	0	0	0
holistic	h0-11	-20	0	0	0	0	1	0	0	0	0	0	0
holistic	h0-12	-45	0	0	0	0	0	0	0	0	0	0	0
holistic	h0-13	-50	0	3.739590	0	10	6	0	0	3.739590	0	0	0
holistic	h0-14	-6	0	0	0	0	2	0	0	0	0	0	0
holistic	h0-15	-49	0	0	0	0	0	0	0	0	0	0	0
holistic	h0-16	-11	0	0	0	0	2	0	0	0	0	0	0
holistic	h0-17	-59	1.849902	2.008592	2	2	10	2.008592	0	0	0	0	0.333839
holistic	h0-18	-54	0	0	0	0	0	0	0	0	0	4.437321	0
holistic	h0-19	-37	0	0	0	0	6	0	0	0	0	0	0
holistic	h0-20	-35	0	0	0	0	8	0	0	0	0	1.835144	0
holistic	h0-21	-42	0	0	0	0	0	0	0	0	0	0	0
holistic	h0-22	-34	1.223758	7.257094	2	10	8	7.257094	0	0	0	0	0
holistic	h0-23	-21	0	0	0	0	2	0	0	0	0	0	0
holistic	h0-24	-35	2.274810	4.207290	3	3	3	0	0	4.207290	0	0	0
holistic	h0-25	-35	0	1.799702	0	8	5	0	1.799702	0	0	0.878711	0
holistic	h0-26	-35	0	0	0	0	2	0	0	0	0	0	0
holistic	h0-27	-16	0	0	0	0	0	0	0	0	0	0	0
holistic	h0-28	-26	0	0	0	0	3	0	0	0	0	0.275299	0
holistic	h0-29	-29	0	0	0	0	0	0	0	0	0	1.473970	0
holistic	h0-30	-44	0	4.044274	0	10	12	0.785814	0	1.928196	1.330264	0	0
holistic	h0-31	-37	0	0	0	0	1	0	0	0	0	0.868353	0
holistic	h0-32	-49	2.181680	5.130421	2	12	8	0	2.510298	2.620123	0	0	1.105652
holistic	h0-33	-57	0.695220	5.859198	2	2	3	0	0	0	5.859198	0	3.848168
holistic	h0-34	-47	0	0	0	0	4	0	0	0	0	0	0
holistic	h0-35	-16	0	0	0	0	8	0	0	0	0	0	0
holistic	h0-36	-13	0	1.426396	0	1	1	0	0	0	1.426396	0	0
holistic	h0-37	-52	0	0	0	0	0	0	0	0	0	0	0
holistic	h0-38	-12	0	0	0	0	3	0	0	0	0	0	0
holistic	h0-39	-48	0	0	0	0	3	0	0	0	0	0	0
holistic	h0-40	-24	0	0	0	0	0	0	0	0	0	0	0
holistic	h0-41	-10	3.546874	8.947058	4	6	3	0	0	8.947058	0	0	0
holistic	h0-42	-12	0	0	0	0	3	0	0	0	0	0	0
holistic	h0-43	-20	4.701519	4.245029	4	4	12	0	0	4.245029	0	0	0
holistic	h0-44	-2	0	0	0	0	1	0	0	0	0	0	0
holistic	h0-45	-7	0	0	0	0	0	0	0	0	0	0	0
holistic	h0-46	-33	0	0	0	0	1	0	0	0	0	0	0
holistic	h0-47	-16	0	2.411403	0	7	5	0	1.351766	1.059637	0	0	0
holistic	h0-48	-18	0	0	0	0	0	0	0	0	0	0.676790	0
holistic	h0-49	-45	5.488077	9.535143	3	3	10	0	0	9.535143	0	0	0
holistic	h0-50	-58	0	0	0	0	0	0	0	0	0	0	0
holistic	h0-51	-44	0	0	0	0	4	0	0	0	0	0	0
holistic	h0-52	-10	0	0	0	0	0	0	0	0	0	0	0
holistic	h0-53	-50	0	0	0	0	0	0	0	0	0	0.286160	0
holistic	h0-54	-28	4.694409	26.968159	5	34	9	0	2.344331	24.623828	0	0.002702	0.596412
holistic	h0-55	-33	0.993237	0.674315	1	1	2	0	0	0	0.674315	0	0
holistic	h0-56	-52	0	0	0	0	4	0	0	0	0	0	0
holistic	h0-57	-36	0	5.278112	0	8	2	0	5.278112	0	0	1.129184	0
holistic	h0-58	-49	1.300614	16.507554	2	11	3	0	0	0	16.507554	0.533873	0
holistic	h0-59	-55	0	0	0	0	2	0	0	0	0	0	0
holistic	he61	0	0	0	0	0	8	0	0	0	0	0	0
holistic	he62	0	2.181680	2.627836	2	8	6	0	2.510298	0.114860	0.002678	1.610796	0
conventional	c0-0	-20	0	53.868005	0	14	7	10.985399	3.832976	33.014303	6.035327	0	0
conventional	c0-1	-2	0	22.326151	0	14	7	2.200538	1.753490	11.469856	6.902267	0	0
conventional	c0-2	-31	0	35.598528	0	14	7	6.087606	5.879296	12.814388	10.817238	0	0
conventional	c0-3	-46	0	45.894830	0	14	7	3.719850	11.505608	15.766499	14.902873	0	0
conventional	c0-4	-34	0	17.814410	0	14	7	4.239047	2.015143	7.092411	4.467809	0	0
conventional	c0-5	-13	0	21.630372	0	14	7	3.275429	2.146613	8.250545	7.957785	0	0
conventional	c0-6	-48	0	28.510594	0	14	7	3.080786	6.496819	12.843950	6.089039	0	0
conventional	c0-7	-59	0	28.086173	0	14	7	2.263579	3.374338	11.839070	10.609186	0	0
conventional	c0-8	-35	0	23.046823	0	14	7	3.092535	2.971817	9.398710	7.583761	0	0
conventional	c0-9	-2	0	28.348409	0	14	7	0.899701	5.870178	13.318794	8.259736	0	0
conventional	c0-10	-45	0	24.816168	0	14	7	4.213287	1.534110	10.025630	9.043141	0	0
conventional	c0-11	-45	0	29.817276	0	14	7	4.649818	2.541154	15.252090	7.374214	0	0
conventional	c0-12	-50	0	28.433023	0	14	7	5.561873	5.824277	10.424386	6.622487	0	0
conventional	c0-13	-12	0	18.988747	0	14	7	1.248187	2.944816	6.024293	8.771451	0	0
conventional	c0-14	-14	0	17.835708	0	14	7	4.648864	2.060999	8.837485	2.288360	0	0
conventional	c0-15	-21	0	23.923900	0	14	7	3.972589	3.680124	9.459119	6.812068	0	0
conventional	c0-16	-16	0	19.980433	0	14	7	3.414179	4.161905	6.203318	6.201031	0	0
conventional	c0-17	-26	0	42.426701	0	14	7	2.817827	15.962937	11.915960	11.729977	0	0
conventional	c0-18	-51	0	25.210633	0	14	7	5.142885	0.770324	13.570021	5.727403	0	0
conventional	c0-19	-20	0	26.345111	0	14	7	4.322106	1.344697	11.815733	8.862575	0	0
conventional	c0-20	-29	0	25.854055	0	14	7	4.637507	2.406592	14.544917	4.265039	0	0
conventional	c0-21	-39	0	32.760701	0	14	7	3.433923	7.433259	13.696624	8.196895	0	0
conventional	c0-22	-33	0	31.039405	0	14	7	6.586145	2.415660	15.540098	6.497502	0	0
conventional	c0-23	-24	0	22.787732	0	14	7	3.950559	0.611171	13.262774	4.963228	0	0
conventional	c0-24	-5	0	47.115529	0	14	7	3.668945	7.322562	26.381033	9.742989	0	0
conventional	c0-25	-39	0	30.680268	0	14	7	7.207526	3.783444	16.284343	3.404955	0	0
conventional	c0-26	-40	0	38.313354	0	14	7	4.368980	3.969744	17.119604	12.855026	0	0
conventional	c0-27	-10	0	25.359462	0	14	7	1.381753	3.619912	12.146355	8.211442	0	0
conventional	c0-28	-5	0	31.697633	0	14	7	1.304176	5.165774	15.969900	9.257783	0	0
conventional	c0-29	-21	0	24.534586	0	14	7	2.095255	3.002612	10.804926	8.631793	0	0
conventional	c0-30	-15	0	38.244129	0	14	7	1.028805	4.482139	20.339190	12.393995	0	0
conventional	c0-31	-32	0	18.053731	0	14	7	1.183669	1.061259	9.075960	6.732843	0	0
conventional	c0-32	-5	0	18.739007	0	14	7	2.372849	2.362382	9.101254	4.902522	0	0
conventional	c0-33	-36	0	29.251068	0	14	7	2.470756	3.150054	17.271223	6.359035	0	0
conventional	c0-34	-27	0	43.407036	0	14	7	3.434800	9.975249	21.390765	8.606222	0	0
conventional	c0-35	-56	0	33.175708	0	14	7	1.771298	3.956459	21.818731	5.629220	0	0
conventional	c0-36	-40	0	21.475398	0	14	7	3.094697	2.884940	8.698260	6.797501	0	0
conventional	c0-37	-54	0	11.054978	0	14	7	2.053323	2.234095	4.208100	2.559460	0	0
conventional	c0-38	-47	0	17.051626	0	14	7	0.935788	4.872211	7.198921	4.044706	0	0
conventional	c0-39	-26	0	36.591408	0	14	7	5.407066	4.522608	16.958532	9.703202	0	0
conventional	c0-40	-28	0	35.646473	0	14	7	4.146000	1.364922	21.264309	8.871242	0	0
conventional	c0-41	-13	0	34.438250	0	14	7	6.196989	1.898656	14.191410	12.151195	0	0
conventional	c0-42	-54	0	34.232729	0	14	7	6.854706	1.325290	22.813989	3.238744	0	0
conventional	c0-43	-55	0	27.786644	0	14	7	2.725231	2.349367	15.087687	7.624359	0	0
conventional	c0-44	-11	0	20.453429	0	14	7	1.431232	3.172460	6.725371	9.124366	0	0
conventional	c0-45	-14	0	31.011341	0	14	7	4.559032	2.899217	10.238972	13.314120	0	0
conventional	c0-46	-16	0	35.720823	0	14	7	4.095294	1.235676	18.155477	12.234376	0	0
conventional	c0-47	-47	0	17.397582	0	14	7	5.131474	2.691167	5.508662	4.066279	0	0
conventional	c0-48	-46	0	38.134221	0	14	7	5.496342	7.130393	14.651866	10.855620	0	0
conventional	c0-49	-59	0	32.042585	0	14	7	2.075729	4.605898	18.148655	7.212303	0	0
conventional	c0-50	-6	0	20.034552	0	14	7	5.700285	4.625207	3.844129	5.864931	0	0
conventional	c0-51	-23	0	19.475063	0	14	7	1.962565	3.897112	7.614036	6.001350	0	0
conventional	c0-52	-49	0	22.266469	0	14	7	2.388728	2.597517	8.413181	8.867043	0	0
conventional	c0-53	-26	0	15.821032	0	14	7	1.267369	1.795336	9.115941	3.642386	0	0
conventional	c0-54	-43	0	29.788721	0	14	7	5.564469	4.364666	15.402306	4.457280	0	0
conventional	c0-55	-13	0	26.660660	0	14	7	6.292715	1.449586	5.877412	13.040947	0	0
conventional	c0-56	-56	0	32.420299	0	14	7	4.343944	1.748380	18.487819	7.840156	0	0
conventional	c0-57	-6	0	24.619809	0	14	7	4.543355	1.851151	11.979873	6.245430	0	0
conventional	c0-58	-58	0	15.410096	0	14	7	3.793154	1.390818	3.843728	6.382396	0	0
conventional	c0-59	-40	0	26.200878	0	14	7	2.390020	3.247986	13.155730	7.407142	0	0
holistic	he63	1	0	0	0	0	0	0	0	0	0	0	0
conventional	ce61	1	0	31.238374	0	14	7	3.392759	1.445212	19.909864	6.490539	0	0
conventional	ce62	1	0	19.308836	0	14	7	2.265042	2.371209	9.091582	5.581003	0	0
holistic	he64	2	3.765243	6.541842	3	3	10	0	0	6.541842	0	0	0
conventional	ce63	2	0	26.549196	0	14	7	1.409769	3.701904	12.505296	8.932227	0	0
conventional	ce64	2	0	19.179122	0	14	7	5.475271	2.037174	9.379972	2.286705	0	0
conventional	ce65	2	0	22.349695	0	14	7	1.692030	2.741702	11.351147	6.564816	0	0
conventional	ce66	2	0	27.507877	0	14	7	2.421343	3.413573	12.992580	8.680381	0	0
conventional	ce67	2	0	28.253526	0	14	7	5.830216	1.329421	13.248926	7.844963	0	0
holistic	he65	3	0	16.270079	0	44	11	2.493450	2.343290	11.433339	0	0	0
conventional	ce68	3	0	16.578859	0	14	7	0.801758	1.129127	9.744407	4.903567	0	0
conventional	ce69	3	0	13.088409	0	14	7	2.461661	2.498034	4.648089	3.480625	0	0
conventional	ce70	3	0	32.348835	0	14	7	2.074224	1.491690	20.459535	8.323386	0	0
conventional	ce71	3	0	27.985106	0	14	7	3.123313	4.525189	11.942699	8.393905	0	0
conventional	ce72	3	0	32.066655	0	14	7	1.687250	5.020333	15.234777	10.124295	0	0
conventional	ce73	3	0	19.681861	0	14	7	0.437897	0.198244	11.268107	7.777613	0	0
conventional	ce74	3	0	22.519081	0	14	7	3.469821	2.121897	10.321881	6.605482	0	0
holistic	he66	4	0	0	0	0	3	0	0	0	0	0.275299	0
holistic	he67	4	0	0	0	0	0	0	0	0	0	0	0
holistic	he68	4	0	0	0	0	8	0	0	0	0	0	0
conventional	ce75	4	0	33.113765	0	14	7	8.765434	3.808871	16.480839	4.058621	0	0
conventional	ce76	4	0	35.041828	0	14	7	5.751301	1.248084	20.049070	7.993373	0	0
conventional	ce77	4	0	12.303285	0	14	7	2.592703	2.438299	4.725848	2.546435	0	0
conventional	ce78	4	0	33.398879	0	14	7	6.318752	3.686247	17.379405	6.014475	0	0
conventional	ce79	4	0	25.568159	0	14	7	1.806900	4.121621	11.995952	7.643686	0	0
holistic	he69	5	0	0	0	0	3	0	0	0	0	0.275299	0
holistic	he70	5	0	0	0	0	0	0	0	0	0	0	0
conventional	ce80	5	0	30.497146	0	14	7	2.175399	2.833968	15.087736	10.400043	0	0
conventional	ce81	5	0	13.585802	0	14	7	2.853840	3.108301	4.439533	3.184128	0	0
conventional	ce82	5	1.314470	19.266394	1	14	7	0.946092	3.108107	7.812277	7.399918	0	0
conventional	ce83	5	0	19.307604	0	14	7	2.759398	0.662905	10.039037	5.846264	0	0
conventional	ce84	5	0	29.636197	0	14	7	5.578649	1.113666	16.434560	6.509322	0	0
conventional	ce85	5	0	16.068443	0	14	7	1.448972	0.884151	10.652816	3.082504	0	0
conventional	ce86	5	0	36.472010	0	14	7	4.616363	5.771937	19.251609	6.832101	0	0
conventional	ce87	5	0	14.637258	0	14	7	0.856219	0.279582	4.864728	8.636729	0.692078	0
holistic	he71	6	0	0	0	0	8	0	0	0	0	0.951179	0
holistic	he72	6	0	0	0	0	3	0	0	0	0	0.215396	0
holistic	he73	6	0	0	0	0	0	0	0	0	0	0	0
conventional	ce88	6	0	37.844245	0	14	7	4.816255	3.231632	16.734634	13.061724	0	0
conventional	ce89	6	0	36.202366	0	14	7	3.023478	5.433852	14.720514	13.024522	0	0
conventional	ce90	6	0	24.118613	0	14	7	4.156897	1.330122	6.014618	12.616976	0.671544	0
conventional	ce91	6	0	20.265940	0	14	7	1.461619	0.442402	10.684355	7.677564	0	0
conventional	ce92	7	0	20.056061	0	14	7	5.045240	2.089940	8.579738	4.341143	0	0
conventional	ce93	7	0	29.871500	0	14	7	7.091527	1.047125	13.246147	8.486701	0	0
holistic	he74	8	0	0	0	0	3	0	0	0	0	0.275299	0
holistic	he75	8	0	0	0	0	8	0	0	0	0	0	0
holistic	he76	8	0	0	0	0	8	0	0	0	0	0.951179	0
conventional	ce94	8	0	24.566562	0	14	7	5.543094	2.069988	10.565193	6.388287	0	0
conventional	ce95	8	0	52.606074	0	14	7	5.995652	17.492998	14.034641	15.082783	0	0
conventional	ce96	8	1.406702	22.080219	1	14	7	3.854313	2.685067	10.625887	4.914952	0	0
conventional	ce97	8	0	35.868117	0	14	7	6.312063	5.823721	14.094709	9.637624	0	0
conventional	ce98	8	0	30.745483	0	14	7	2.601646	3.205637	14.728981	10.209219	0	0
holistic	he77	9	0	0	0	0	3	0	0	0	0	0.099456	0
holistic	he78	9	0	0	0	0	8	0	0	0	0	0	0
holistic	he79	9	6.577568	54.120192	8	34	6	0	0	54.120192	0	0	0
conventional	ce99	9	0	24.292111	0	14	7	3.663094	3.222578	10.219715	7.186724	0	0
conventional	ce100	9	0	34.407027	0	14	7	3.828067	9.736646	13.959097	6.883217	0	0
conventional	ce101	9	0	17.914160	0	14	7	6.318050	2.042125	6.243329	3.310656	0	0
holistic	he80	10	0	0	0	0	8	0	0	0	0	0	0
holistic	he81	10	0	0	0	0	3	0	0	0	0	0.275299	0
conventional	ce102	10	0	27.575264	0	14	7	2.308889	5.457317	12.991029	6.818029	0	0
holistic	he82	11	0	0	0	0	3	0	0	0	0	0.275299	0
holistic	he83	11	0	0	0	0	3	0	0	0	0	0.275299	0
holistic	he84	11	0	0	0	0	8	0	0	0	0	0	0
holistic	he85	11	0	0	0	0	0	0	0	0	0	0	0
conventional	ce103	11	0	38.818475	0	14	7	4.712259	5.077419	22.798971	6.229826	0	0
conventional	ce104	11	0	22.430025	0	14	7	6.941712	1.645131	9.116954	4.726228	0	0
conventional	ce105	11	0	28.872062	0	14	7	3.272176	7.537850	13.016449	5.045587	0	0
holistic	he86	12	0	0	0	0	3	0	0	0	0	0.275299	0
holistic	he87	12	0	0	0	0	3	0	0	0	0	0.275299	0
holistic	he88	12	0	0	0	0	3	0	0	0	0	0.275299	0
conventional	ce106	12	0	30.327650	0	14	7	2.133884	4.443675	15.894633	7.855458	0	0
conventional	ce107	12	0	32.303966	0	14	7	5.947358	4.867929	11.034322	10.454357	0	0
conventional	ce108	12	0	29.569765	0	14	7	4.801434	1.685911	13.600358	9.482062	0	0
conventional	ce109	12	0	12.186547	0	14	7	2.759245	0.940871	5.379717	3.106714	1.302526	0
conventional	ce110	12	0	23.946939	0	14	7	3.881963	3.493384	12.823766	3.747826	0	0
holistic	he89	13	0	0	0	0	3	0	0	0	0	0.821510	0
holistic	he90	13	0	0	0	0	7	0	0	0	0	0.937935	0
holistic	he91	13	0	0	0	0	3	0	0	0	0	0.099456	0
holistic	he92	13	0	0	0	0	3	0	0	0	0	0.275299	0
conventional	ce111	13	0	23.692334	0	14	7	3.504520	0.754509	12.475182	6.958123	0	0
conventional	ce112	13	0	25.355007	0	14	7	3.302119	2.404238	11.229616	8.419034	0	0
conventional	ce113	13	0	25.396484	0	14	7	3.663344	3.081987	15.832600	2.818553	0	0
conventional	ce114	13	0	28.945221	0	14	7	2.407141	2.957017	13.885879	9.695184	0	0
holistic	he93	14	0	0	0	0	8	0	0	0	0	0.391272	0
holistic	he94	14	0	0	0	0	3	0	0	0	0	0.099456	0
holistic	he95	14	0	0	0	0	7	0	0	0	0	2.592787	0
holistic	he96	14	0	0	0	0	14	0	0	0	0	0	0
conventional	ce115	14	0	24.648961	0	14	7	3.936487	2.124692	11.532250	7.055532	1.723692	0
conventional	ce116	14	0	21.342558	0	14	7	4.810623	2.087400	8.133358	6.311177	0	0
conventional	ce117	14	0	20.376905	0	14	7	1.453127	1.208329	10.510537	7.204912	0	0
conventional	ce118	14	0	18.743520	0	14	7	2.303372	0.793020	10.205485	5.441643	0	0
holistic	he97	15	0	0	0	0	9	0	0	0	0	0	0
holistic	he98	15	0	0	0	0	8	0	0	0	0	0	0
holistic	he99	15	0	0	0	0	3	0	0	0	0	0.275299	0
holistic	he100	15	0	0	0	0	3	0	0	0	0	0.099456	0
conventional	ce119	15	0	23.530258	0	14	7	2.098981	2.547328	12.791401	6.092548	0	0
conventional	ce120	15	0	20.597816	0	14	7	3.952868	2.865678	7.128918	6.650352	0	0
conventional	ce121	15	0	15.841132	0	14	7	2.093065	3.581887	8.601300	1.564880	0	0
conventional	ce122	15	0	33.241302	0	14	7	0.455552	11.061041	13.275146	8.449563	0	0
holistic	he101	16	0	0	0	0	7	0	0	0	0	3.377669	0
holistic	he102	16	0	0	0	0	0	0	0	0	0	0	0
holistic	he103	16	0	0	0	0	3	0	0	0	0	0.099456	0
conventional	ce123	16	0	19.912417	0	14	7	3.181627	3.409492	5.234704	8.086594	0	0
conventional	ce124	16	0	39.839829	0	14	7	4.430260	1.622661	22.549816	11.237092	0	0
holistic	he104	17	0	0	0	0	3	0	0	0	0	0.099456	0
holistic	he105	17	0	0	0	0	8	0	0	0	0	1.835144	0
holistic	he106	17	0.887638	7.317525	1	6	4	0	0	6.524519	0.793006	0.099456	0
holistic	he107	17	0	0	0	0	3	0	0	0	0	0.099456	0
conventional	ce125	17	0	28.970233	0	14	7	4.520460	2.292511	16.074489	6.082773	0	0
conventional	ce126	17	0	15.334477	0	14	7	2.782328	1.803286	6.304465	4.444398	0	0
conventional	ce127	17	0	22.473991	0	14	7	2.961569	2.259936	9.865729	7.386757	0	0
holistic	he108	18	0	0	0	0	8	0	0	0	0	0.859010	0
holistic	he109	18	0	0	0	0	3	0	0	0	0	0.275299	0
holistic	he110	18	0	0	0	0	8	0	0	0	0	0	0
holistic	he111	18	0	0	0	0	4	0	0	0	0	0.099456	0
holistic	he112	18	0	0	0	0	3	0	0	0	0	0.112188	0
holistic	he113	18	0	0	0	0	8	0	0	0	0	0	0
holistic	he114	18	0	0	0	0	3	0	0	0	0	0.275299	0
holistic	he115	18	0	0	0	0	3	0	0	0	0	0.482362	0
holistic	he116	18	0	0	0	0	3	0	0	0	0	0.275299	0
holistic	he117	18	0.887638	4.609121	1	4	7	0	0	3.710380	0.898741	0.294058	0
conventional	ce128	18	1.406702	20.659833	1	14	7	3.324771	2.791712	10.560729	3.982621	0	0
conventional	ce129	18	0	32.019243	0	14	7	2.433375	3.634950	15.912409	10.038509	0	0
holistic	he118	19	0	0	0	0	10	0	0	0	0	1.903863	0
holistic	he119	19	0	0	0	0	5	0	0	0	0	0.520752	0
holistic	he120	19	0	0	0	0	3	0	0	0	0	0.275299	0
holistic	he121	19	0	0	0	0	3	0	0	0	0	0.099456	0
holistic	he122	19	0	0	0	0	3	0	0	0	0	0.275299	0
holistic	he123	19	0	0	0	0	3	0	0	0	0	0.099456	0
holistic	he124	19	0	0	0	0	6	0	0	0	0	0.198912	0
holistic	he125	19	0	0	0	0	3	0	0	0	0	0.002714	0
holistic	he126	19	0	0	0	0	4	0	0	0	0	0.275299	0
holistic	he127	19	0	0	0	0	7	0	0	0	0	1.902358	0
holistic	he128	19	0	0	0	0	3	0	0	0	0	0	0
holistic	he129	19	2.527258	9.040066	2	10	8	0	0	5.215964	3.824102	0.198912	0
holistic	he130	19	0	0	0	0	3	0	0	0	0	0.275299	0
conventional	ce130	19	0	26.520965	0	14	7	2.446673	2.445597	11.676677	9.952018	0	0
conventional	ce131	19	0	23.390793	0	14	7	2.249805	0.110881	15.182846	5.847261	0	0
conventional	ce132	19	0	26.483994	0	14	7	4.606643	2.187260	15.723815	3.966276	0	0
holistic	he131	20	0	0	0	0	8	0	0	0	0	0.951179	0
holistic	he132	20	0	0	0	0	3	0	0	0	0	0.275299	0
holistic	he133	20	0	0	0	0	8	0	0	0	0	0	0
holistic	he134	20	0	0	0	0	3	0	0	0	0	0	0
holistic	he135	20	0	0	0	0	4	0	0	0	0	0.099456	0
holistic	he136	20	0	0	0	0	3	0	0	0	0	0.275299	0
holistic	he137	20	0	0	0	0	10	0	0	0	0	0	0
holistic	he138	20	0	0	0	0	2	0	0	0	0	0	0
holistic	he139	20	0	0	0	0	3	0	0	0	0	0.275299	0
holistic	he140	20	0	0	0	0	3	0	0	0	0	0.275299	0
holistic	he141	20	0	0	0	0	7	0	0	0	0	1.718020	0
conventional	ce133	20	0	25.916945	0	14	7	1.611915	4.774278	11.123049	8.407703	0	0
conventional	ce134	20	0	38.448395	0	14	7	5.068570	5.115071	20.900229	7.364525	0	0
conventional	ce135	20	0	17.174130	0	14	7	5.202012	2.517903	6.825410	2.628805	0	0
conventional	ce136	20	0	25.920694	0	14	7	6.342955	2.491402	10.864626	6.221711	0	0
holistic	he142	21	0	0	0	0	0	0	0	0	0	0	0
holistic	he143	21	0	0	0	0	8	0	0	0	0	0	0
holistic	he144	22	2.095682	25.717936	2	22	9	0	10.373000	7.223662	8.121274	0	0
holistic	he145	22	0	0	0	0	8	0	0	0	0	0.391272	0
holistic	he146	22	0	0	0	0	3	0	0	0	0	0.270112	0
holistic	he147	22	0	0	0	0	3	0	0	0	0	0.198912	0
holistic	he148	22	0	0	0	0	8	0	0	0	0	0.859010	0
holistic	he149	22	0	0	0	0	3	0	0	0	0	0.099456	0
conventional	ce137	22	1.434593	17.788616	1	14	7	2.044418	2.308631	8.921957	4.513610	0	0
conventional	ce138	22	0	41.955422	0	14	7	5.497048	15.804904	10.400092	10.253378	0.606526	0
conventional	ce139	22	0	25.593897	0	14	7	4.104087	2.955122	11.164470	7.370218	0	0
conventional	ce140	22	0	20.509526	0	14	7	2.229909	2.745620	10.078691	5.455306	0.456522	0
holistic	he150	23	1.775276	15.737303	2	45	22	0	0	9.528081	6.209222	0	0
holistic	he151	23	0	0	0	0	3	0	0	0	0	0.198912	0
holistic	he152	23	0	0	0	0	3	0	0	0	0	0	0
holistic	he153	23	0	0	0	0	5	0	0	0	0	0	0
holistic	he154	23	0	0	0	0	3	0	0	0	0	0	0
holistic	he155	23	0	0	0	0	3	0	0	0	0	0.002714	0
holistic	he156	23	0	0	0	0	3	0	0	0	0	0.408661	0
holistic	he157	23	0	0	0	0	2	0	0	0	0	2.853537	0
holistic	he158	23	0	0	0	0	3	0	0	0	0	0.275299	0
conventional	ce141	23	0	22.487994	0	14	7	2.429989	0.995213	14.110688	4.952104	0	0
conventional	ce142	23	0	25.294561	0	14	7	5.251904	1.695546	12.174803	6.172308	0	0
conventional	ce143	23	0	28.035686	0	14	7	0.461797	5.183057	13.870882	8.519950	0	0
holistic	he159	24	0	0	0	0	3	0	0	0	0	0.275299	0
holistic	he160	24	0	0	0	0	1	0	0	0	0	0	0
holistic	he161	24	0	0	0	0	3	0	0	0	0	0	0
holistic	he162	24	0	0	0	0	3	0	0	0	0	0.275299	0
conventional	ce144	24	0	19.040105	0	14	7	0.771712	1.005368	9.710257	7.552768	0	0
conventional	ce145	24	0	11.798877	0	14	7	1.187481	3.192082	3.823036	3.596278	0	0
holistic	he163	25	3.911868	13.303143	3	30	18	0	0	5.840793	7.462350	0	0
holistic	he164	25	0	0	0	0	4	0	0	0	0	0.099456	0
holistic	he165	25	0	0	0	0	8	0	0	0	0	0.951179	0
conventional	ce146	25	0	37.683217	0	14	7	5.446000	1.779325	23.020156	7.437736	0	0
holistic	he166	26	0	0	0	0	3	0	0	0	0	0	0
holistic	he167	26	0	0	0	0	3	0	0	0	0	0	0
conventional	ce147	26	0	21.465803	0	14	7	1.467820	1.509837	11.854249	6.633897	0	0
holistic	he168	27	0	0	0	0	3	0	0	0	0	0.275299	0
holistic	he169	27	0	0	0	0	3	0	0	0	0	0.002714	0
holistic	he170	27	0	0	0	0	8	0	0	0	0	0.951179	0
holistic	he171	27	0	0	0	0	1	0	0	0	0	0.678044	0
holistic	he172	27	0	0	0	0	4	0	0	0	0	0.022532	0
conventional	ce148	27	0	29.662706	0	14	7	3.210071	1.457006	16.365313	8.630316	0	0
holistic	he173	28	0	0	0	0	8	0	0	0	0	0	0
holistic	he174	28	0	0	0	0	8	0	0	0	0	0.951179	0
conventional	ce149	28	0	25.211511	0	14	7	2.200538	2.550569	12.121062	8.339342	0	0
conventional	ce150	28	0	19.642530	0	14	7	1.543976	2.351486	10.656417	5.090651	0	0
holistic	he175	29	0	0	0	0	3	0	0	0	0	0	0
holistic	he176	29	0	0	0	0	3	0	0	0	0	0.275299	0
holistic	he177	29	0	0	0	0	3	0	0	0	0	0	0
holistic	he178	29	0	0	0	0	4	0	0	0	0	0.326088	0
conventional	ce151	29	0	23.157332	0	14	7	7.252377	1.542565	9.054111	5.308279	0	0
conventional	ce152	29	0	31.136858	0	14	7	5.007414	3.051276	18.144660	4.933508	0	0
conventional	ce153	29	0	24.587196	0	14	7	3.925285	3.254534	11.869969	5.537408	0	0
holistic	he179	30	0	0	0	0	3	0	0	0	0	0.124585	0
holistic	he180	30	0	0	0	0	3	0	0	0	0	0.275299	0
holistic	he181	30	0	0	0	0	3	0	0	0	0	0.275299	0
conventional	ce154	30	0	19.575335	0	14	7	5.337615	1.808875	10.212081	2.216764	0	0
holistic	he182	31	0	0	0	0	3	0	0	0	0	0.275299	0
holistic	he183	31	0	0	0	0	4	0	0	0	0	0	0
holistic	he184	31	0.887638	9.263953	1	5	4	0	0	7.390470	1.873483	0.362094	0
conventional	ce155	31	0	29.807041	0	14	7	3.122471	2.060091	14.180711	10.443768	0	0
conventional	ce156	31	0	17.805409	0	14	7	0.718256	3.484536	8.228683	5.373934	0	0
conventional	ce157	31	0	34.886293	0	14	7	8.287396	3.575679	16.115239	6.907979	0.840768	0
conventional	ce158	31	0	23.934732	0	14	7	1.734723	3.926199	10.030013	8.243797	0	0
holistic	he185	32	0	0	0	0	4	0	0	0	0	0.984681	0
conventional	ce159	32	0	25.852826	0	14	7	3.362512	1.417071	12.960607	8.112636	0	0
conventional	ce160	32	0	26.779228	0	14	7	5.157983	2.744593	13.188935	5.687717	0	0
conventional	ce161	32	0	26.474618	0	14	7	2.335648	4.900389	11.310238	7.928343	0	0
holistic	he186	33	0	0	0	0	3	0	0	0	0	0.550598	0
holistic	he187	33	0	0	0	0	3	0	0	0	0	0.275299	0
holistic	he188	33	0	0	0	0	8	0	0	0	0	1.497328	0
conventional	ce162	33	0	14.609130	0	14	7	3.392046	2.858318	4.478468	3.880298	0	0
conventional	ce163	33	0	28.903567	0	14	7	5.589259	0.874472	16.215942	6.223894	0	0
conventional	ce164	33	0	24.699226	0	14	7	6.366124	0.620361	12.071625	5.641116	0	0
conventional	ce165	33	0	20.577686	0	14	7	2.372849	2.627693	10.865676	4.711468	0	0
conventional	ce166	33	0	22.508707	0	14	7	1.126210	1.478979	12.627179	7.276339	0	0
holistic	he189	34	0	0	0	0	3	0	0	0	0	0.717913	0
holistic	he190	34	0	0	0	0	3	0	0	0	0	0	0
holistic	he191	34	0	0	0	0	3	0	0	0	0	0.464974	0
holistic	he192	34	0	0.551548	0	2	10	0	0.551548	0	0	0	0
conventional	ce167	34	0	28.966474	0	14	7	3.080760	8.355547	12.909851	4.620316	0	0
conventional	ce168	34	0	21.179621	0	14	7	2.478061	2.073294	10.919705	5.708561	1.128994	0
conventional	ce169	34	0	26.831855	0	14	7	1.820416	3.456076	9.672752	11.882611	0	0
conventional	ce170	34	0	37.460153	0	14	7	2.478197	0.922123	18.458138	15.601695	0	0
holistic	he193	35	0	0	0	0	8	0	0	0	0	0.951179	0
holistic	he194	35	0	0	0	0	3	0	0	0	0	0.275299	0
conventional	ce171	35	0	20.446521	0	14	7	3.373689	2.480779	10.501103	4.090950	0	0
conventional	ce172	35	0	21.094935	0	14	7	3.060347	1.981341	10.331280	5.721967	0	0
conventional	ce173	35	0	18.410668	0	14	7	2.522625	1.502015	9.764742	4.621286	0	0
conventional	ce174	35	0	33.618765	0	14	7	4.538544	2.069065	16.806110	10.205046	0	0
conventional	ce175	36	0	27.476397	0	14	7	6.965385	1.815992	10.862595	7.832425	0	0
conventional	ce176	36	0	23.915947	0	14	7	3.537246	6.221628	11.136282	3.020791	0	0
holistic	he195	37	0	0	0	0	6	0	0	0	0	0.275299	0
conventional	ce177	37	0	25.112293	0	14	7	1.863148	3.387544	12.938996	6.922605	0	0
conventional	ce178	37	0	19.304579	0	14	7	3.666991	0.820557	9.336113	5.480918	0	0
conventional	ce179	37	0	29.684419	0	14	7	4.972887	3.066603	13.936960	7.707969	0	0
conventional	ce180	37	0	14.604134	0	14	7	1.816191	0.842696	8.534131	3.411116	0	0
holistic	he196	38	0	0	0	0	3	0	0	0	0	0.068880	0
holistic	he197	38	0	0	0	0	4	0	0	0	0	0.099456	0
holistic	he198	38	0	0	0	0	3	0	0	0	0	0.593838	0
holistic	he199	38	0	0	0	0	3	0	0	0	0	0.275299	0
holistic	he200	38	0	0	0	0	4	0	0	0	0	0.113848	0
conventional	ce181	39	0	23.549279	0	14	7	0.958355	2.537941	9.023996	11.028987	0.680088	0
conventional	ce182	39	0	15.833697	0	14	7	1.771816	2.300794	7.141796	4.619291	0	0
conventional	ce183	39	0	14.052104	0	14	7	0.788922	0.413856	5.400560	7.448766	0.692078	0
conventional	ce184	39	0	29.739187	0	14	7	4.529225	4.584102	12.192707	8.433153	0.964761	0
conventional	ce185	40	0.193283	25.802329	1	14	7	2.121801	2.204900	12.559376	8.916252	0	0
holistic	he201	41	0	0	0	0	3	0	0	0	0	0.275299	0
holistic	he202	42	1.303956	2.281878	1	8	10	0	0	0.929937	1.351941	0.550598	0
conventional	ce186	42	0	18.724961	0	14	7	1.537251	4.244853	8.433215	4.509642	0	0
conventional	ce187	43	0	32.734794	0	14	7	2.068932	2.723871	15.363552	12.578439	0	0
conventional	ce188	44	0	18.327795	0	14	7	3.554262	2.752644	8.076132	3.944757	0	0
conventional	ce189	44	0	29.094045	0	14	7	1.968622	3.520916	12.650981	10.953526	0	0
conventional	ce190	44	0	25.941494	0	14	7	3.321736	2.895406	14.245182	5.479170	0	0
holistic	he203	46	0	0	0	0	6	0	0	0	0	0.099456	0
conventional	ce191	46	0	29.103191	0	14	7	1.737091	3.553667	14.780459	9.031974	0.845941	0
conventional	ce192	46	0	21.184034	0	14	7	2.359151	1.918858	10.581397	6.324628	0	0
conventional	ce193	47	0	13.933216	0	14	7	0.323801	0.821355	5.882935	6.905125	0	0
conventional	ce194	48	0	26.829742	0	14	7	2.159056	4.067533	11.443753	9.159400	0	0
conventional	ce195	48	0	26.413377	0	14	7	3.217730	1.720688	16.794055	4.680904	0	0
conventional	ce196	49	0	29.281607	0	14	7	2.030237	2.430162	14.722900	10.098308	0	0
conventional	ce197	49	0	38.304245	0	14	7	7.153634	5.742520	16.450360	8.957731	0	0
holistic	he204	50	0.887638	0.887638	1	1	10	0	0	0	0.887638	0	0
conventional	ce198	50	0	33.020410	0	14	7	1.225023	8.474458	16.515404	6.805525	0	0
conventional	ce199	50	0	26.685644	0	14	7	2.644763	1.058584	13.527380	9.454917	0	0
conventional	ce200	51	0	16.920677	0	14	7	4.504639	1.036017	7.326408	4.053613	0	0
conventional	ce201	51	0	17.615819	0	14	7	2.018783	1.625325	7.095568	6.876143	0.575591	0
conventional	ce202	52	0	22.432708	0	14	7	6.996462	1.408791	8.273405	5.754050	0	0
conventional	ce203	52	0	22.070969	0	14	7	2.054017	1.297477	11.842713	6.876762	0	0
conventional	ce204	52	0	12.915240	0	14	7	2.879625	3.203421	4.112015	2.720179	0	0
holistic	he205	54	0	0	0	0	3	0	0	0	0	0.275299	0
holistic	he206	54	0	0	0	0	3	0	0	0	0	0.099456	0
conventional	ce205	54	0	22.788138	0	14	7	7.342800	1.848593	9.274046	4.322699	1.778607	0
conventional	ce206	54	0	21.767047	0	14	7	3.362422	2.012557	9.974356	6.417712	0.692078	0
conventional	ce207	54	0	40.278498	0	14	7	4.581157	7.194168	19.296461	9.206712	0	0
conventional	ce208	54	0	31.843104	0	14	7	1.747471	2.364328	16.199882	11.531423	0	0
conventional	ce209	55	0	28.460837	0	14	7	2.539065	4.676607	16.275580	4.969585	0.915518	0
conventional	ce210	55	1.406702	23.257902	1	14	7	4.046017	3.634357	10.533308	5.044220	0	0
conventional	ce211	56	0	21.137063	0	14	7	2.736421	3.871547	9.336120	5.192975	0	0
conventional	ce212	57	0	14.820518	0	14	7	0.818115	0.633305	5.205147	8.163951	0.692078	0
holistic	he207	58	0	0	0	0	3	0	0	0	0	0.275299	0
conventional	ce213	58	0	16.357511	0	14	7	1.215506	1.890700	10.126484	3.124821	0	0
conventional	ce214	58	0	13.123684	0	14	7	3.017991	2.071008	3.640774	4.393911	0	0
conventional	ce215	58	0	32.360233	0	14	7	5.974305	4.827543	11.152538	10.405847	0	0
conventional	ce216	59	0	18.025324	0	14	7	4.325918	3.753566	5.638963	4.306877	0	0
holistic	he208	60	0.887638	7.763014	1	8	5	0	0	7.140259	0.622755	0	0
holistic	he209	60	0	0	0	0	3	0	0	0	0	0.435798	0
holistic	he210	61	0	0	0	0	3	0	0	0	0	0.030870	0
conventional	ce217	61	0	26.705778	0	14	7	1.499261	3.823182	14.248981	7.134354	0	0
conventional	ce218	62	0	14.840892	0	14	7	3.686415	4.152208	4.257428	2.744841	0	0
conventional	ce219	62	0	40.048655	0	14	7	4.753115	7.956190	18.917648	8.421702	0	0
conventional	ce220	62	0	26.998486	0	14	7	3.298571	1.350341	12.674580	9.674994	0	0
conventional	ce221	62	0	13.071264	0	14	7	3.037833	1.904466	4.512709	3.616256	0	0
conventional	ce222	63	0	37.065392	0	14	7	4.789053	2.319470	24.441537	5.515332	0	0
conventional	ce223	63	2.601698	32.549769	1	14	7	3.488990	1.491788	13.705731	13.863260	0	0
conventional	ce224	64	0	29.820142	0	14	7	2.809328	4.416143	11.905389	10.689282	1.850853	0
conventional	ce225	64	0	22.864402	0	14	7	5.742549	1.744153	9.588484	5.789216	0	0
conventional	ce226	64	0	23.982867	0	14	7	1.528152	1.329070	14.005457	7.120188	0	0
holistic	he211	65	0	0	0	0	3	0	0	0	0	0.275299	0
conventional	ce227	65	0	23.721607	0	14	7	0.583376	5.497928	10.833922	6.806381	0	0
conventional	ce228	65	0	23.874679	0	14	7	2.048805	2.887620	13.613848	5.324406	0	0
conventional	ce229	65	0	34.134490	0	14	7	4.290496	9.305522	14.664386	5.874086	0	0
conventional	ce230	65	0	32.638100	0	14	7	3.047924	3.777373	16.903204	8.909599	1.978043	0
conventional	ce231	65	0	29.349905	0	14	7	5.822123	1.548912	14.674762	7.304108	0	0
conventional	ce232	65	0	23.158177	0	14	7	7.854786	2.026018	9.216646	4.060727	0	0
holistic	he212	66	0	0	0	0	4	0	0	0	0	0.275299	0
conventional	ce233	66	0	32.364479	0	14	7	2.591568	5.231003	13.074161	11.467747	1.850853	0
conventional	ce234	66	0	26.124268	0	14	7	6.178163	1.026818	11.916105	7.003182	0	0
conventional	ce235	66	0	31.246296	0	14	7	2.533294	4.030279	15.725882	8.956841	0	0
conventional	ce236	66	0	12.686384	0	14	7	1.748075	2.134402	5.111601	3.692306	0	0
conventional	ce237	66	0	31.034577	0	14	7	4.102185	1.860624	20.212831	4.858937	0	0
conventional	ce238	67	0	12.182615	0	14	7	2.203960	1.243507	4.427213	4.307935	0.817049	0
conventional	ce239	67	0	26.935519	0	14	7	2.335648	5.189228	13.479232	5.931411	0	0
conventional	ce240	67	0	30.596074	0	14	7	5.587706	1.000489	20.851242	3.156637	0	0
conventional	ce241	67	0	23.244861	0	14	7	7.479506	1.716122	11.290824	2.758409	2.245327	0
holistic	he213	68	0	0	0	0	4	0	0	0	0	0.099456	0
holistic	he214	68	0	0	0	0	10	0	0	0	0	0	0
conventional	ce242	68	0	20.525664	0	14	7	1.594063	1.011342	10.264041	7.656218	0	0
conventional	ce243	68	0	24.751333	0	14	7	1.494364	3.680569	13.579141	5.997259	0	0
conventional	ce244	68	0	27.302340	0	14	7	7.506401	2.337230	11.950102	5.508607	1.778607	0
conventional	ce245	68	0	22.615779	0	14	7	3.535807	2.174937	11.889752	5.015283	0	0
conventional	ce246	68	0	22.796525	0	14	7	5.049523	3.218619	8.894495	5.633888	0	0
conventional	ce247	69	0	18.860849	0	14	7	6.179529	2.598793	7.318686	2.763841	0	0
conventional	ce248	69	0	19.219808	0	14	7	4.821303	1.014795	9.659853	3.723857	0	0
conventional	ce249	69	0	23.720487	0	14	7	6.549184	4.140402	8.802440	4.228461	1.778607	0
conventional	ce250	69	0	23.820068	0	14	7	5.030641	4.159099	9.613341	5.016987	0	0
holistic	he215	70	0	0.120051	0	1	3	0	0	0.120051	0	0.429938	0
holistic	he216	70	0	0	0	0	4	0	0	0	0	0	0
conventional	ce251	70	0	28.020689	0	14	7	2.892078	4.274190	16.282701	4.571720	1.470139	0
conventional	ce252	70	0	17.660829	0	14	7	1.281723	3.492350	6.959929	5.926827	0	0
conventional	ce253	70	0	28.758768	0	14	7	5.250656	4.724557	11.559166	7.224389	0.964761	0
conventional	ce254	70	0	28.368920	0	14	7	6.231733	1.904447	12.968259	7.264481	0	0
holistic	he217	71	0	0	0	0	4	0	0	0	0	0	0
conventional	ce255	71	0	33.853983	0	14	7	4.638007	2.250981	22.017969	4.947026	0	0
conventional	ce256	71	0	20.446759	0	14	7	1.859101	0.400099	10.220094	7.967465	0	0
conventional	ce257	71	0	31.345319	0	14	7	4.721368	0.970779	15.173685	10.479487	0	0
holistic	he218	72	0	0	0	0	10	0	0	0	0	0	0
conventional	ce258	72	0	28.578425	0	14	7	2.122382	3.447601	17.337344	5.671098	1.023862	0
conventional	ce259	72	0	10.607619	0	14	7	2.038609	0.383894	4.134563	4.050553	0	0
conventional	ce260	72	0	34.602690	0	14	7	5.894810	1.206812	20.134821	7.366247	0	0
holistic	he219	73	0	0	0	0	4	0	0	0	0	0.002714	0
conventional	ce261	73	0	39.766252	0	14	7	4.103673	7.903678	18.629771	9.129130	0	0
conventional	ce262	73	0	24.928231	0	14	7	1.738907	3.367535	14.799552	5.022237	0	0
conventional	ce263	73	0	10.232393	0	14	7	1.741868	2.002930	2.667928	3.819667	0	0
holistic	he220	74	0	0	0	0	3	0	0	0	0	0.275299	0
holistic	he221	74	0	0	0	0	3	0	0	0	0	0	0
holistic	he222	74	0	0	0	0	3	0	0	0	0	0.275299	0
conventional	ce264	74	0	15.173124	0	14	7	0.572363	1.132736	5.101536	8.366489	0.692078	0
conventional	ce265	74	0	16.733611	0	14	7	2.665655	3.854474	7.457686	2.755796	2.036394	0
conventional	ce266	74	0	22.263373	0	14	7	2.491299	3.601610	12.258017	3.912447	0	0
conventional	ce267	74	0	9.104416	0	14	7	1.161025	0.848560	3.992171	3.102660	0	0
holistic	he223	75	0	0	0	0	3	0	0	0	0	0.275299	0
holistic	he224	75	0	0	0	0	3	0	0	0	0	0.387489	0
holistic	he225	75	0	0	0	0	3	0	0	0	0	0.275299	0
holistic	he226	75	0	0	0	0	7	0	0	0	0	0.951179	0
conventional	ce268	75	0	13.158651	0	14	7	1.837074	0.999381	6.863518	3.458678	0	0
conventional	ce269	75	0	36.931933	0	14	7	4.381508	7.716417	17.580101	7.253907	0	0
conventional	ce270	75	0	16.673199	0	14	7	3.568446	3.112908	5.979071	4.012774	0.971955	0
conventional	ce271	75	0	31.166278	0	14	7	3.252776	9.198470	12.772883	5.942149	0	0
conventional	ce272	75	0	31.137542	0	14	7	3.043465	3.918281	12.031946	12.143850	1.850853	0
holistic	he227	76	0	0	0	0	3	0	0	0	0	0.190739	0
conventional	ce273	76	0	16.945485	0	14	7	3.146956	2.203653	7.010457	4.584419	0	0
conventional	ce274	76	0	20.352167	0	14	7	1.974561	2.381782	8.670959	7.324865	0	0
conventional	ce275	76	0	31.064507	0	14	7	2.247774	7.939086	10.615544	10.262103	0	0
conventional	ce276	76	0	22.544231	0	14	7	7.276914	2.161891	8.715592	4.389834	0	0
holistic	he228	77	0	0	0	0	10	0	0	0	0	0.466744	0
holistic	he229	77	0	0	0	0	3	0	0	0	0	0	0
holistic	he230	77	0	0	0	0	3	0	0	0	0	0.582086	0
holistic	he231	77	0	0	0	0	12	0	0	0	0	0	0
conventional	ce277	77	0	24.231189	0	14	7	2.475403	3.251563	14.345480	4.158743	0.915518	0
conventional	ce278	77	0	25.873111	0	14	7	2.628259	5.240040	10.569523	7.435289	0	0
conventional	ce279	77	0	23.960837	0	14	7	1.580161	1.792936	12.315806	8.271934	0	0
conventional	ce280	77	0	40.927556	0	14	7	4.675667	7.580447	20.203766	8.467676	0	0
holistic	he232	78	0	0	0	0	3	0	0	0	0	0.275299	0
holistic	he233	78	0	0	0	0	3	0	0	0	0	0.022532	0
holistic	he234	78	0	0	0	0	4	0	0	0	0	0.655083	0
holistic	he235	78	0	0	0	0	8	0	0	0	0	0	0
holistic	he236	78	1.235020	2.293681	2	6	7	0	0	1.077162	1.216519	0.550598	0
conventional	ce281	78	0	18.149054	0	14	7	2.135961	2.860910	8.059844	5.092339	0	0
conventional	ce282	78	0	24.430236	0	14	7	2.832506	3.543595	11.296833	6.757302	0	0
holistic	he237	79	0	0	0	0	3	0	0	0	0	0.527696	0
holistic	he238	79	0	0	0	0	3	0	0	0	0	0.099456	0
holistic	he239	79	0	0	0	0	3	0	0	0	0	0.275299	0
holistic	he240	79	0	0	0	0	10	0	0	0	0	0	0
holistic	he241	79	0	0	0	0	4	0	0	0	0	0.215431	0
holistic	he242	79	0	0	0	0	3	0	0	0	0	0.275299	0
conventional	ce283	79	0	15.809459	0	14	7	2.245240	1.642821	7.832700	4.088698	0	0
conventional	ce284	79	0	21.860756	0	14	7	2.825589	3.397892	12.328337	3.308938	0	0
conventional	ce285	79	0	23.294619	0	14	7	5.349145	3.251043	10.536345	4.158086	2.023316	0
conventional	ce286	79	0	25.590437	0	14	7	7.554829	0.967679	12.141901	4.926028	0	0
conventional	ce287	79	0	28.031982	0	14	7	1.926295	4.137356	13.602238	8.366093	0.795206	0
conventional	ce288	79	0	16.887709	0	14	7	3.186358	1.984971	7.017191	4.699189	0	0
conventional	ce289	79	0	35.406951	0	14	7	3.062509	6.237731	13.268391	12.838320	1.850853	0
conventional	ce290	79	0	16.613224	0	14	7	1.307547	0.635197	5.900385	8.770095	0.850914	0
holistic	he243	80	0	0	0	0	3	0	0	0	0	0.275299	0
holistic	he244	80	0	0	0	0	3	0	0	0	0	0.190739	0
holistic	he245	80	0	0	0	0	6	0	0	0	0	0	0
holistic	he246	80	0	0	0	0	3	0	0	0	0	0.077785	0
holistic	he247	80	0	0	0	0	8	0	0	0	0	0	0
holistic	he248	80	0	0	0	0	3	0	0	0	0	0.858280	0
holistic	he249	80	0	0	0	0	4	0	0	0	0	0.236105	0
holistic	he250	80	0	0	0	0	3	0	0	0	0	0.169739	0
conventional	ce291	80	0	44.747745	0	14	7	3.175923	11.261434	19.943939	10.366449	0	0
conventional	ce292	80	0	21.472243	0	14	7	3.627062	2.517023	10.305759	5.022399	0	0
conventional	ce293	80	0	20.832002	0	14	7	3.759279	1.536596	8.788163	6.747964	0	0
conventional	ce294	80	0	26.613491	0	14	7	2.592879	3.170738	10.983745	9.866129	0	0
conventional	ce295	80	0	27.202369	0	14	7	4.673741	7.401768	10.933887	4.192973	0	0
conventional	ce296	80	0	27.664662	0	14	7	8.206133	1.717916	10.884790	6.855823	0	0
holistic	he251	81	0	0	0	0	3	0	0	0	0	0.550598	0
holistic	he252	81	0	0	0	0	3	0	0	0	0	0.131848	0
holistic	he253	81	0	0	0	0	4	0	0	0	0	0.655083	0
conventional	ce297	81	0	14.331287	0	14	7	1.137904	0.332634	4.842179	8.018570	0.692078	0
conventional	ce298	81	0	23.846813	0	14	7	4.362651	2.297597	13.219946	3.966619	0	0
conventional	ce299	81	0	25.135649	0	14	7	7.604454	1.943783	9.693691	5.893721	0	0
conventional	ce300	81	0	32.602338	0	14	7	7.133894	1.237193	17.102049	7.129202	0	0
holistic	he254	82	0	0	0	0	3	0	0	0	0	0.387489	0
holistic	he255	82	0	0	0	0	3	0	0	0	0	0.275299	0
holistic	he256	82	0	0	0	0	3	0	0	0	0	0	0
holistic	he257	82	0	0	0	0	2	0	0	0	0	0.275299	0
conventional	ce301	82	0	30.125145	0	14	7	3.972869	1.627362	19.140153	5.384761	0	0
conventional	ce302	82	0	16.530518	0	14	7	3.829928	0.440849	5.574648	6.685093	0.817049	0
holistic	he258	83	0	0	0	0	4	0	0	0	0	0.655083	0
holistic	he259	83	0	0	0	0	6	0	0	0	0	0.099456	0
holistic	he260	83	0.887638	7.264274	1	6	5	0	0	6.187865	1.076409	0	0
holistic	he261	83	0	0	0	0	3	0	0	0	0	0.275299	0
holistic	he262	83	0.698837	8.904601	1	8	7	0	0	7.293910	1.610691	0.550598	0
holistic	he263	83	0	0	0	0	3	0	0	0	0	0.550598	0
conventional	ce303	83	0	22.704653	0	14	7	5.528594	0.726862	12.631069	3.818128	0	0
conventional	ce304	83	0	29.928692	0	14	7	2.203994	5.354791	12.257788	10.112119	0	0
conventional	ce305	83	0	30.042459	0	14	7	3.984051	8.149643	14.838982	3.069783	0	0
conventional	ce306	83	0	17.998828	0	14	7	3.790967	1.951933	9.179284	3.076644	0	0
holistic	he264	84	0	0	0	0	4	0	0	0	0	0.099456	0
holistic	he265	84	0	0	0	0	2	0	0	0	0	0	0
holistic	he266	84	0	0	0	0	3	0	0	0	0	0.275299	0
holistic	he267	84	0	0	0	0	3	0	0	0	0	0.002714	0
holistic	he268	84	0	0	0	0	6	0	0	0	0	0.099456	0
holistic	he269	84	0	0	0	0	3	0	0	0	0	0	0
holistic	he270	85	0	0	0	0	6	0	0	0	0	0	0
holistic	he271	85	0	0	0	0	6	0	0	0	0	0.099456	0
holistic	he272	85	0	5.279619	0	2	4	0	0	4.437037	0.842582	0.655083	0
conventional	ce307	85	0	13.161503	0	14	7	0.974925	0.387813	4.163499	7.635266	0.692078	0
conventional	ce308	85	0	21.040151	0	14	7	3.542875	3.743532	10.216484	3.537260	0	0
conventional	ce309	85	0	30.047903	0	14	7	3.580791	1.803247	17.945954	6.717911	0	0
conventional	ce310	85	0	26.534617	0	14	7	7.865646	1.051718	12.609300	5.007953	1.778607	0
conventional	ce311	86	0	20.626297	0	14	7	1.291072	2.583711	11.918412	4.833102	0	0
conventional	ce312	86	0	21.548661	0	14	7	4.447638	1.110592	10.443044	5.547387	0	0
conventional	ce313	86	0	21.225707	0	14	7	0.684799	4.683025	11.408250	4.449633	0	0
holistic	he273	87	0	0	0	0	3	0	0	0	0	1.187676	0
holistic	he274	87	0	0	0	0	3	0	0	0	0	0.275299	0
holistic	he275	87	0	0	0	0	4	0	0	0	0	0	0
holistic	he276	87	0	0	0	0	8	0	0	0	0	1.310166	0
holistic	he277	87	0	0	0	0	3	0	0	0	0	0	0
holistic	he278	87	0	0	0	0	4	0	0	0	0	0.655083	0
holistic	he279	87	0	0	0	0	3	0	0	0	0	0.387489	0
conventional	ce314	87	0	19.849332	0	14	7	3.027386	2.917289	8.949751	4.954906	0	0
conventional	ce315	87	0	27.317325	0	14	7	2.295976	2.584470	14.607051	7.829828	0	0
conventional	ce316	87	0	27.270031	0	14	7	4.766336	4.671697	12.461537	5.370461	0	0
holistic	he280	88	0	0	0	0	3	0	0	0	0	0	0
holistic	he281	88	0	0	0	0	11	0	0	0	0	0.550598	0
holistic	he282	88	0	0	0	0	3	0	0	0	0	0.593838	0
conventional	ce317	88	0	14.603595	0	14	7	0.659582	0.662523	6.709731	6.571759	0.692078	0
conventional	ce318	88	0	18.423763	0	14	7	3.703882	0.797890	7.050861	6.871130	0.817049	0
holistic	he283	89	0	0	0	0	3	0	0	0	0	0.593838	0
holistic	he284	89	0	0	0	0	3	0	0	0	0	0.275299	0
conventional	ce319	89	0	22.056069	0	14	7	1.860363	0.654675	11.472677	8.068354	0	0
conventional	ce320	89	0	22.855881	0	14	7	5.086106	3.259941	9.911125	4.598709	1.778607	0
conventional	ce321	89	0	17.135329	0	14	7	0.552750	1.209489	7.343230	8.029860	0.692078	0
holistic	he285	90	0	0	0	0	3	0	0	0	0	0	0
holistic	he286	90	0	0	0	0	3	0	0	0	0	0.030870	0
holistic	he287	91	0	0	0	0	3	0	0	0	0	0.275299	0
holistic	he288	91	0	0	0	0	4	0	0	0	0	0.491951	0
holistic	he289	91	0	0	0	0	3	0	0	0	0	0.555523	0
holistic	he290	91	0	0	0	0	9	0	0	0	0	0.099456	0
holistic	he291	91	0.865647	1.934127	1	4	4	0	0	0.718763	1.215364	0.593838	0
holistic	he292	91	0	0	0	0	4	0	0	0	0	1.123792	0
conventional	ce322	91	0	21.060387	0	14	7	2.360383	1.787797	9.991595	6.920612	0	0
holistic	he293	92	0	0	0	0	3	0	0	0	0	0	0
holistic	he294	92	0	0	0	0	6	0	0	0	0	1.025483	0
conventional	ce323	92	0	25.032865	0	14	7	2.098229	3.825005	10.974520	8.135111	0	0
conventional	ce324	92	0	28.618546	0	14	7	4.896456	2.207537	17.165217	4.349336	0	0
holistic	he295	93	0	0	0	0	4	0	0	0	0	0.236105	0
holistic	he296	94	0	0	0	0	3	0	0	0	0	0.022532	0
conventional	ce325	94	0	15.686783	0	14	7	3.276239	1.087376	6.180596	5.142572	0	0
conventional	ce326	94	0	17.639327	0	14	7	2.792699	0.550360	9.049773	5.246495	0	0
conventional	ce327	94	0	22.205462	0	14	7	2.174455	3.870484	9.320640	6.839883	0.160239	0
conventional	ce328	94	0	31.271761	0	14	7	3.366978	4.030823	11.954534	11.919426	1.966067	0
holistic	he297	95	0	0	0	0	3	0	0	0	0	0.275299	0
holistic	he298	95	0	0	0	0	3	0	0	0	0	0	0
holistic	he299	95	0	0	0	0	3	0	0	0	0	0.178624	0
conventional	ce329	95	0	27.464376	0	14	7	1.973323	5.331713	13.829652	6.329688	0	0
conventional	ce330	95	0	23.868176	0	14	7	0.935087	1.580765	14.956270	6.396054	0	0
holistic	he300	96	0	0	0	0	3	0	0	0	0	0.387489	0
conventional	ce331	96	0	21.453470	0	14	7	1.771085	3.326524	10.632004	5.723857	0	0
conventional	ce332	97	0	31.843404	0	14	7	7.924702	3.665404	14.938915	5.314383	0	0
conventional	ce333	97	0	16.887513	0	14	7	3.670335	0.830621	8.755808	3.630749	0	0
conventional	ce334	97	0	22.494541	0	14	7	3.111149	3.334615	7.389150	8.659627	0.897479	0
conventional	ce335	97	0	19.142624	0	14	7	4.955331	1.598048	6.055322	6.533923	0	0
holistic	he301	98	0	0.662975	0	2	4	0	0	0.662975	0	0	0
holistic	he302	98	0	0	0	0	3	0	0	0	0	0.387489	0
holistic	he303	98	0	0	0	0	4	0	0	0	0	0	0
holistic	he304	98	0	0	0	0	3	0	0	0	0	0.275299	0
conventional	ce336	98	0	19.304745	0	14	7	4.301797	1.831049	8.657096	4.514803	0	0
holistic	he305	99	0	0	0	0	4	0	0	0	0	0.655083	0
conventional	ce337	99	0	27.701874	0	14	7	4.584795	1.735344	17.176032	4.205703	0	0
conventional	ce338	99	0	22.276168	0	14	7	5.652311	4.113530	7.904038	4.606289	1.700920	0
conventional	ce339	99	0	15.112110	0	14	7	0.810345	1.017662	6.115883	7.168220	1.313062	0
holistic	he306	101	0	0	0	0	5	0	0	0	0	0.655083	0
holistic	he307	101	0	0	0	0	3	0	0	0	0	0.030870	0
conventional	ce340	101	0	16.423713	0	14	7	3.776032	1.034261	5.320874	6.292546	0.817049	0
conventional	ce341	101	0	16.232355	0	14	7	3.470377	0.560515	8.469798	3.731665	0	0
conventional	ce342	101	0	18.748278	0	14	7	1.232868	0.863818	9.491669	7.159923	0.692078	0
holistic	he308	102	0	0	0	0	4	0	0	0	0	0.099456	0
conventional	ce343	102	0	28.889898	0	14	7	3.054195	0.792843	17.425280	7.617580	0	0
conventional	ce344	104	0	18.958517	0	14	7	2.419186	3.030112	8.376432	5.132787	0	0
conventional	ce345	105	0	35.799861	0	14	7	4.629557	2.827604	19.796544	8.546156	0	0
holistic	he309	106	0	0	0	0	4	0	0	0	0	0	0
conventional	ce346	107	0	31.016031	0	14	7	8.597285	1.233055	14.405532	6.780159	0	0
conventional	ce347	108	0	35.499792	0	14	7	3.980327	7.252632	16.998011	7.268822	0	0
conventional	ce348	109	0	33.577341	0	14	7	4.898287	2.054225	15.643779	10.981050	0	0
holistic	he310	110	0	0	0	0	3	0	0	0	0	0.050608	0
conventional	ce349	110	0	19.257253	0	14	7	2.147145	0.963774	7.485879	8.660455	0.961388	0
conventional	ce350	112	0	19.515264	0	14	7	5.129708	2.750875	7.257811	4.376870	0	0
conventional	ce351	112	0	28.372558	0	14	7	4.435098	6.735293	10.502388	6.699779	0	0
holistic	he311	114	0	1.542343	0	3	3	0	0	1.542343	0	0.275299	0
holistic	he312	114	0	0	0	0	3	0	0	0	0	0.129936	0
conventional	ce352	114	0	14.266282	0	14	7	2.245026	1.697637	4.175441	6.148178	0.817049	0
conventional	ce353	114	0	26.210214	0	14	7	4.210595	3.407079	15.794085	2.798455	0	0
holistic	he313	115	0.887638	2.262461	1	4	4	0	0	0.858210	1.404251	1.123792	0
conventional	ce354	117	0	23.276254	0	14	7	2.122710	1.284740	10.424376	9.444428	0	0
holistic	he314	119	0	0	0	0	3	0	0	0	0	0.387489	0
conventional	ce355	119	0	14.502057	0	14	7	3.513099	3.301062	4.506295	3.181601	0	0
holistic	he315	120	0	0	0	0	3	0	0	0	0	0.030870	0
holistic	he316	121	0.887638	3.055519	1	9	13	0	0	1.615743	1.439776	0.825897	0
conventional	ce356	122	0	41.085802	0	14	7	4.764456	8.565318	19.739102	8.016926	0	0
conventional	ce357	123	0	43.256302	0	14	7	5.317033	8.064092	18.967269	10.907908	0	0
conventional	ce358	123	0	34.743372	0	14	7	3.207325	5.250251	13.274796	13.011000	0	0
conventional	ce359	124	0	12.257372	0	14	7	1.861133	1.406340	6.507997	2.481902	0.817049	0
holistic	he317	125	0	0	0	0	3	0	0	0	0	0.099456	0
holistic	he318	125	0	0	0	0	8	0	0	0	0	0.236105	0
conventional	ce360	125	0	21.048562	0	14	7	3.530001	3.239176	11.230888	3.048497	0.436057	0
conventional	ce361	125	0	16.823552	0	14	7	4.218363	3.413826	5.585024	3.606339	0.921871	0
conventional	ce362	126	0	29.134488	0	14	7	5.287132	3.203176	16.014633	4.629547	0	0
conventional	ce363	126	0	23.785061	0	14	7	5.634945	1.839345	9.152497	7.158274	1.007433	0
conventional	ce364	126	0	31.485445	0	14	7	5.813807	4.859419	11.791048	9.021171	2.090596	0
conventional	ce365	126	0	22.651752	0	14	7	0.706092	0.805400	12.706960	8.433300	0	0
conventional	ce366	127	0	17.679212	0	14	7	0.446751	1.195208	9.491465	6.545788	0	0
conventional	ce367	127	0	35.568073	0	14	7	6.360050	1.894744	19.773297	7.539982	0	0
holistic	he319	128	0	0	0	0	9	0	0	0	0	0.494927	0
holistic	he320	128	0	0	0	0	9	0	0	0	0	0.236105	0
conventional	ce368	128	0	18.288824	0	14	7	1.789083	0.590941	9.718594	6.190206	0.643356	0
conventional	ce369	128	0	34.952457	0	14	7	5.734806	0.917089	21.605442	6.695120	0	0
conventional	ce370	129	0	15.933354	0	14	7	3.228570	0.963297	7.053439	4.688048	0	0
conventional	ce371	129	0	35.755594	0	14	7	5.432018	3.035389	15.336782	11.951405	1.850853	0
conventional	ce372	129	0	34.389633	0	14	7	1.800126	8.144395	11.697211	12.747901	0	0
conventional	ce373	129	0	15.468734	0	14	7	4.025200	1.543288	5.773675	4.126571	0	0
holistic	he321	130	0	0	0	0	3	0	0	0	0	0.318364	0
conventional	ce374	130	0	24.272778	0	14	7	1.498338	0.634952	13.893427	8.246061	0	0
conventional	ce375	130	0	24.608971	0	14	7	2.693634	5.928993	5.804617	10.181727	0	0
conventional	ce376	131	0	35.978416	0	14	7	3.497664	1.203280	22.423445	8.854027	0	0
holistic	he322	132	0	0	0	0	4	0	0	0	0	0.601209	0
conventional	ce377	132	0	15.298366	0	14	7	0.886673	3.118855	8.984490	2.308348	0.526156	0
conventional	ce378	132	0	19.936937	0	14	7	2.535531	0.813867	10.211230	6.376309	0	0
conventional	ce379	132	0	19.149781	0	14	7	3.172218	2.225823	9.194723	4.557017	0	0
conventional	ce380	132	0	21.085199	0	14	7	2.224813	3.265465	7.155209	8.439712	0.897479	0
conventional	ce381	133	1.167276	23.039483	1	14	7	4.315594	0.889421	14.490047	3.344421	0	0
conventional	ce382	133	0	19.247958	0	14	7	1.935130	2.166812	8.022793	7.123223	0	0
conventional	ce383	133	0	26.186177	0	14	7	2.690097	1.118317	12.029531	10.348232	0	0
conventional	ce384	133	0	19.959766	0	14	7	3.828987	0.929210	9.085790	6.115779	0	0
holistic	he323	134	0	0	0	0	3	0	0	0	0	0.275299	0
holistic	he324	134	0	0.758301	0	1	3	0	0	0.758301	0	0.210637	0
holistic	he325	134	0	0	0	0	4	0	0	0	0	0	0
conventional	ce385	134	0	32.773104	0	14	7	2.783586	0.606014	19.828315	9.555189	0	0
conventional	ce386	134	0	23.917457	0	14	7	4.873897	1.852745	14.982286	2.208529	0.160239	0
holistic	he326	135	0	0	0	0	3	0	0	0	0	0	0
holistic	he327	135	0	0	0	0	3	0	0	0	0	0.405387	0
conventional	ce387	135	0	16.755033	0	14	7	3.452192	3.167386	3.510635	6.624820	0	0
conventional	ce388	135	0	23.978834	0	14	7	3.220532	1.996857	15.194187	3.567258	0	0
conventional	ce389	135	0	33.603279	0	14	7	4.413866	6.336480	17.666987	5.185946	0	0
holistic	he328	136	0	0	0	0	6	0	0	0	0	0.345962	0
conventional	ce390	136	0	30.033587	0	14	7	2.696387	1.801781	20.444383	5.091036	0	0
conventional	ce391	136	0	20.426213	0	14	7	1.089031	1.582237	10.155979	7.598966	0.692078	0
conventional	ce392	136	0	33.333743	0	14	7	4.358913	1.814492	20.662242	6.498096	0.817049	0
holistic	he329	137	0	0	0	0	10	0	0	0	0	0.236105	0
holistic	he330	137	0	0	0	0	4	0	0	0	0	0.655083	0
holistic	he331	138	0	0	0	0	4	0	0	0	0	0.655083	0
holistic	he332	138	0	0	0	0	3	0	0	0	0	0	0
holistic	he333	138	0	6.404548	0	3	4	0	0	5.561966	0.842582	0.549429	0
holistic	he334	138	0	0	0	0	3	0	0	0	0	0.131848	0
conventional	ce393	138	0	28.915486	0	14	7	3.562303	6.892808	13.887059	4.573316	0	0
conventional	ce394	138	0	36.468184	0	14	7	4.643977	7.623691	16.542929	7.657587	0	0
conventional	ce395	138	0	20.127121	0	14	7	3.683574	2.110661	7.814636	6.518250	0	0
holistic	he335	139	0	0	0	0	3	0	0	0	0	0	0
holistic	he336	139	0	0	0	0	9	0	0	0	0	0.472210	0
holistic	he337	139	0	0	0	0	4	0	0	0	0	0.236105	0
conventional	ce396	139	0	14.090759	0	14	7	1.183494	0.215254	9.527225	3.164786	0	0
conventional	ce397	139	0	26.975450	0	14	7	4.597558	1.278504	17.404809	3.694579	0	0
conventional	ce398	139	0	23.658263	0	14	7	5.154523	2.182279	11.740974	4.580487	2.090596	0
holistic	he338	140	1.047303	3.331215	1	4	13	0	0	2.173390	1.157825	0.523344	0
holistic	he339	140	0	0	0	0	7	0	0	0	0	0.236105	0
conventional	ce399	140	0	32.669243	0	14	7	5.287048	6.811243	18.103430	2.467522	0	0
conventional	ce400	140	0	27.625960	0	14	7	7.022798	3.760860	7.181128	9.661174	0.160239	0
conventional	ce401	140	0	21.828028	0	14	7	4.255249	1.583677	9.895395	6.093707	0	0
holistic	he340	141	0	0	0	0	3	0	0	0	0	0.275299	0
holistic	he341	141	0	0	0	0	3	0	0	0	0	0.178624	0
holistic	he342	141	0	0	0	0	3	0	0	0	0	0.275299	0
conventional	ce402	141	0	19.027782	0	14	7	2.073700	2.616894	7.657912	6.679276	0	0
conventional	ce403	141	0	18.046986	0	14	7	1.142097	0.587615	8.438747	7.878527	0	0
conventional	ce404	141	0	20.264929	0	14	7	3.503735	2.856764	9.762415	4.142015	0	0
holistic	he343	142	0	0	0	0	4	0	0	0	0	0	0
holistic	he344	142	0	1.290604	0	2	3	0	0	1.290604	0	0.550598	0
holistic	he345	142	0	0	0	0	3	0	0	0	0	0.704679	0
conventional	ce405	142	0	19.897856	0	14	7	2.460810	1.262164	10.773131	5.401751	0	0
conventional	ce406	142	0	17.591012	0	14	7	3.833727	0.583411	9.634403	3.539471	0	0
holistic	he346	143	0	0	0	0	3	0	0	0	0	0	0
holistic	he347	143	0	0	0	0	3	0	0	0	0	1.208076	0
holistic	he348	143	0	0	0	0	3	0	0	0	0	0.318364	0
holistic	he349	143	0	0	0	0	4	0	0	0	0	0.099456	0
conventional	ce407	143	0	22.187871	0	14	7	0.631941	3.573127	10.883198	7.099605	0	0
conventional	ce408	143	0	31.080713	0	14	7	4.771957	6.681683	16.470966	3.156107	1.013199	0
conventional	ce409	143	0	30.224941	0	14	7	2.112180	8.853419	11.730151	7.529191	1.238766	0
holistic	he350	144	0	0	0	0	3	0	0	0	0	0.030870	0
holistic	he351	144	0	0	0	0	4	0	0	0	0	0.236105	0
holistic	he352	144	0	11.333931	0	3	12	0	0	11.333931	0	1.098858	0
holistic	he353	144	0	0	0	0	7	0	0	0	0	0.345962	0
holistic	he354	144	0	0	0	0	3	0	0	0	0	0	0
conventional	ce410	144	0	35.262770	0	14	7	5.239284	9.521105	16.110107	4.392274	0.717805	0
holistic	he355	145	0	0	0	0	8	0	0	0	0	0.472210	0
holistic	he356	145	0	0.252588	0	2	3	0	0	0.252588	0	0.550598	0
conventional	ce411	145	0	15.676287	0	14	7	2.597774	1.159330	7.835516	4.083667	0	0
conventional	ce412	145	0	23.325713	0	14	7	2.655466	2.409450	10.753839	7.506958	0	0
conventional	ce413	145	0	30.736193	0	14	7	5.000098	4.609071	14.988595	6.138429	0.465602	0
holistic	he357	146	0	0	0	0	9	0	0	0	0	1.466472	0
conventional	ce414	146	0	19.878942	0	14	7	4.437849	1.878691	9.103535	4.458867	0	0
holistic	he358	147	0	0	0	0	4	0	0	0	0	0.601209	0
holistic	he359	147	0	0	0	0	3	0	0	0	0	0.036734	0
holistic	he360	147	0	0	0	0	9	0	0	0	0	0.099456	0
holistic	he361	147	0	0	0	0	2	0	0	0	0	0.030870	0
holistic	he362	147	0	0	0	0	4	0	0	0	0	0.403540	0
holistic	he363	147	0	0	0	0	4	0	0	0	0	0.099456	0
conventional	ce415	147	0	35.110378	0	14	7	4.587702	5.091341	19.177022	6.254313	0	0
conventional	ce416	147	0	14.915184	0	14	7	2.508838	0.976210	8.113588	3.316548	1.480223	0
conventional	ce417	147	0	18.777316	0	14	7	2.247140	0.499652	9.929856	6.100668	2.275025	0
holistic	he364	148	0	0	0	0	3	0	0	0	0	0.357248	0
holistic	he365	148	0	0	0	0	3	0	0	0	0	0.275299	0
holistic	he366	148	0	0	0	0	3	0	0	0	0	0.182289	0
holistic	he367	148	1.872571	2.621638	1	4	7	0	0	0.633394	1.988244	0.550598	0
holistic	he368	148	0	0	0	0	3	0	0	0	0	1.208076	0
conventional	ce418	148	0	20.406074	0	14	7	5.774043	0.873061	6.965806	6.793164	0	0
conventional	ce419	148	0	16.382413	0	14	7	5.991295	2.583174	3.141643	4.666301	0	0
holistic	he369	149	0	0	0	0	3	0	0	0	0	0.927784	0
holistic	he370	149	0	0	0	0	4	0	0	0	0	0	0
holistic	he371	149	0	0	0	0	3	0	0	0	0	0	0
holistic	he372	149	0	0	0	0	4	0	0	0	0	0.655083	0
conventional	ce420	149	0	32.515186	0	14	7	3.850091	0.331769	20.112198	8.221128	0	0
conventional	ce421	149	0	38.736438	0	14	7	4.896123	6.536314	20.233969	7.070032	0	0
conventional	ce422	149	0	24.215543	0	14	7	2.666570	2.999742	11.537861	7.011370	0.897479	0
conventional	ce423	149	0	26.131381	0	14	7	5.250036	5.709188	7.635699	7.536458	1.966067	0
holistic	he373	150	0	0	0	0	3	0	0	0	0	0.318364	0
holistic	he374	150	0	2.114538	0	3	3	0	0	2.114538	0	0.275299	0
holistic	he375	150	0	0	0	0	4	0	0	0	0	1.123792	0
holistic	he376	151	0	0	0	0	4	0	0	0	0	0	0
holistic	he377	151	1.865219	3.986089	1	4	5	0	0	1.002505	2.983584	0.241134	0
holistic	he378	151	0	0	0	0	3	0	0	0	0	0.387489	0
holistic	he379	151	0	0	0	0	6	0	0	0	0	0.345962	0
holistic	he380	151	0	0	0	0	3	0	0	0	0	1.208076	0
holistic	he381	152	0	0	0	0	3	0	0	0	0	0	0
conventional	ce424	152	0	17.315698	0	14	7	3.507652	1.379461	8.452259	3.976326	0	0
holistic	he382	153	0	0	0	0	11	0	0	0	0	1.884844	0
holistic	he383	153	0	0	0	0	4	0	0	0	0	0.151329	0
holistic	he384	153	0	0	0	0	14	0	0	0	0	2.620332	0
holistic	he385	153	0	0	0	0	6	0	0	0	0	0.522919	0
holistic	he386	154	0	0	0	0	3	0	0	0	0	0	0
conventional	ce425	154	0	22.528550	0	14	7	1.124186	0.602511	12.799624	8.002229	0	0
conventional	ce426	154	0	11.903876	0	14	7	0.821477	1.972797	5.637162	3.472440	0	0
conventional	ce427	154	0	24.138077	0	14	7	4.428345	2.349636	13.446311	3.913785	0	0
conventional	ce428	154	1.041149	37.834152	1	14	7	4.888809	7.545308	17.507007	7.893028	0	0
conventional	ce429	154	0	18.821686	0	14	7	3.264454	0.594874	9.227076	5.735282	0	0
holistic	he387	155	0	0	0	0	3	0	0	0	0	0.275299	0
holistic	he388	155	0	0	0	0	4	0	0	0	0	0	0
holistic	he389	155	0.865647	2.939443	1	5	4	0	0	1.726510	1.212933	0	0
holistic	he390	155	0.887638	3.036574	1	7	5	0	0	1.773671	1.262903	1.123792	0
conventional	ce430	155	0	23.889091	0	14	7	4.396388	2.018128	11.805838	5.668737	0	0
conventional	ce431	155	0	12.134459	0	14	7	1.528013	1.244864	4.170881	5.190701	0	0
conventional	ce432	155	1.167276	26.250545	1	14	7	2.419711	2.995831	11.329980	9.505023	0	0
holistic	he391	156	0	0	0	0	3	0	0	0	0	0.704679	0
holistic	he392	156	0	0	0	0	4	0	0	0	0	0.213701	0
holistic	he393	157	0	11.472727	0	12	7	0	0	3.914535	7.558192	0.549187	0
holistic	he394	157	1.865219	3.601382	1	4	5	0	0	1.503481	2.097901	0.785622	0
holistic	he395	157	0	0	0	0	4	0	0	0	0	0.655083	0
conventional	ce433	157	0	30.366480	0	14	7	5.037320	2.365647	13.479957	9.483556	0	0
conventional	ce434	157	0	34.064690	0	14	7	3.551281	1.383730	14.172964	14.956715	0	0
conventional	ce435	157	0	18.315843	0	14	7	2.469991	1.832548	8.435426	5.577878	0	0
conventional	ce436	157	0	20.448385	0	14	7	0.482427	2.618011	8.931128	8.416819	0	0
conventional	ce437	157	0	22.932409	0	14	7	4.944151	2.975821	10.997676	4.014761	0	0
holistic	he396	158	0	0	0	0	7	0	0	0	0	2.247584	0
holistic	he397	158	0	0	0	0	5	0	0	0	0	0.601209	0
holistic	he398	158	0	0	0	0	3	0	0	0	0	0.030870	0
holistic	he399	158	0	19.659444	0	11	4	0	0	17.682587	1.976857	0.425757	0
holistic	he400	158	0	0	0	0	4	0	0	0	0	0.655083	0
conventional	ce438	158	0	15.637308	0	14	7	0.933185	6.047136	7.238547	1.418440	1.238766	0
holistic	he401	159	0	0	0	0	3	0	0	0	0	0	0
holistic	he402	159	1.057796	42.807114	2	26	14	0	0	38.825778	3.981336	0.785622	0
conventional	ce439	159	0	21.978252	0	14	7	4.060835	2.279385	7.566282	8.071750	0.817049	0
conventional	ce440	159	0	39.892613	0	14	7	4.429666	8.140803	18.339109	8.983035	0	0
conventional	ce441	159	0	21.299751	0	14	7	3.185804	2.217553	7.719127	8.177267	0	0
conventional	ce442	159	0	14.882793	0	14	7	3.995158	2.292680	3.238415	5.356540	0.160239	0
holistic	he403	161	0	0	0	0	3	0	0	0	0	0	0
holistic	he404	161	0	0	0	0	3	0	0	0	0	0	0
holistic	he405	161	0	0	0	0	6	0	0	0	0	0.387489	0
holistic	he406	161	0	0	0	0	9	0	0	0	0	0.236105	0
conventional	ce443	161	0	18.017698	0	14	7	5.046792	2.936948	4.562801	5.471157	0	0
conventional	ce444	161	0	29.903025	0	14	7	3.496597	5.008581	13.302644	8.095203	0	0
conventional	ce445	161	0	28.727251	0	14	7	5.869891	5.254746	6.528274	11.074340	1.688139	0
holistic	he407	162	0	0	0	0	3	0	0	0	0	0.129936	0
holistic	he408	162	0	0	0	0	4	0	0	0	0	0.174173	0
holistic	he409	162	0	0	0	0	3	0	0	0	0	0	0
holistic	he410	162	0	0	0	0	3	0	0	0	0	0	0
conventional	ce446	162	0	25.444894	0	14	7	1.513010	0.626875	15.426994	7.878015	0	0
holistic	he411	163	0	6.462060	0	8	4	0	0	6.422148	0.039912	0.782877	0
conventional	ce447	163	0	23.462696	0	14	7	3.053924	0.919888	9.668275	9.820609	0	0
holistic	he412	164	0	0	0	0	9	0	0	0	0	0	0
holistic	he413	165	0.852234	3.645194	2	6	10	0	0	2.792960	0.852234	0	0
holistic	he414	165	0	1.422087	0	2	3	0	0	1.422087	0	0.275299	0
holistic	he415	166	0	0	0	0	5	0	0	0	0	2.552046	0
holistic	he416	166	0	0	0	0	4	0	0	0	0	0	0
holistic	he417	167	0	0	0	0	3	0	0	0	0	0	0
conventional	ce448	167	0	19.880512	0	14	7	2.104316	1.108798	8.039897	8.627501	0.897479	0
conventional	ce449	168	0	19.708601	0	14	7	2.680132	1.387843	6.925331	8.715295	0	0
conventional	ce450	168	0	38.926495	0	14	7	3.596569	7.674172	17.306840	10.348914	0	0
conventional	ce451	168	0	34.607315	0	14	7	3.677450	2.967362	15.636967	12.325536	0	0
holistic	he418	169	2.184436	3.012267	1	4	7	0	0	0.712158	2.300109	0.550598	0
conventional	ce452	169	0	21.158313	0	14	7	4.243721	2.171750	6.519964	8.222878	0	0
holistic	he419	170	0	0	0	0	8	0	0	0	0	0.236105	0
holistic	he420	171	0	0	0	0	6	0	0	0	0	0.345962	0
holistic	he421	171	0	0	0	0	3	0	0	0	0	0	0
conventional	ce453	172	0	34.665082	0	14	7	3.960471	6.747819	19.497723	4.459069	0	0
holistic	he422	174	0	14.016812	0	12	8	0	0	9.607256	4.409556	1.723040	0
holistic	he423	174	0	0	0	0	3	0	0	0	0	0	0
holistic	he424	174	0	0	0	0	9	0	0	0	0	0.236105	0
conventional	ce454	174	0	26.282083	0	14	7	4.614721	4.303938	11.569095	5.794329	0	0
holistic	he425	175	0	0	0	0	3	0	0	0	0	1.208076	0
conventional	ce455	176	0	21.835568	0	14	7	1.602665	0.724200	11.341195	8.167508	0	0
conventional	ce456	177	1.041149	38.778680	1	14	7	4.698341	7.782110	18.266878	8.031351	0	0
holistic	he426	178	0	0	0	0	3	0	0	0	0	0	0
holistic	he427	179	0	0	0	0	4	0	0	0	0	0	0
holistic	he428	180	2.184436	3.012267	1	4	7	0	0	0.712158	2.300109	0.550598	0
conventional	ce457	180	0	29.601460	0	14	7	3.194017	3.885475	15.972851	6.549117	0	0
holistic	he429	181	0	0	0	0	8	0	0	0	0	0	0
holistic	he430	181	1.396742	2.996553	1	3	4	0	0	1.330829	1.665724	0.275299	0
conventional	ce458	183	0	18.514408	0	14	7	3.619684	2.933752	6.997212	4.963760	0	0
conventional	ce459	184	0	23.842082	0	14	7	4.683318	2.005893	11.895230	5.257641	0	0
holistic	he431	185	0	0	0	0	4	0	0	0	0	1.123792	0
conventional	ce460	185	0	20.170362	0	14	7	3.370528	2.236455	10.103657	4.459722	0	0
conventional	ce461	185	0	28.603138	0	14	7	4.713447	5.149914	11.656694	7.083083	2.090596	0
conventional	ce462	186	0	44.832256	0	14	7	4.697286	6.718382	24.138950	9.277638	0	0
conventional	ce463	186	0	37.958741	0	14	7	4.857672	3.722712	19.244641	10.133716	1.850853	0
conventional	ce464	187	2.181626	22.441058	1	14	7	3.280331	1.949253	11.755817	5.455657	0	0
holistic	he432	188	0	0	0	0	6	0	0	0	0	0.345962	0
conventional	ce465	188	0	52.988232	0	14	7	4.684842	6.687457	29.980257	11.635676	0	0
conventional	ce466	189	0	18.442206	0	14	7	3.544406	1.204738	8.551284	5.141778	0	0
conventional	ce467	189	0	37.369227	0	14	7	4.450209	7.392101	17.720038	7.806879	0	0
conventional	ce468	189	0	18.032021	0	14	7	5.087252	2.859483	4.330514	5.754772	0	0
holistic	he433	190	0	0	0	0	4	0	0	0	0	0	0
conventional	ce469	190	0	20.764553	0	14	7	3.499955	1.206354	11.969555	4.088689	0	0
conventional	ce470	191	0	38.385120	0	14	7	6.294810	6.253454	17.037938	8.798918	0.185227	0
conventional	ce471	191	0	18.257220	0	14	7	2.787902	1.392240	8.526307	5.550771	0	0
holistic	he434	192	0	0	0	0	6	0	0	0	0	0.345962	0
holistic	he435	192	0	0	0	0	3	0	0	0	0	0.576470	0
conventional	ce472	192	0	16.048541	0	14	7	1.653539	0.625434	8.525607	5.243961	0	0
conventional	ce473	192	0	39.535409	0	14	7	3.556962	8.183475	20.410689	7.384283	0	0
conventional	ce474	193	0	17.522162	0	14	7	1.451363	1.028887	8.105241	6.936671	0	0
conventional	ce475	193	0	44.850900	0	14	7	3.426052	5.378745	26.520480	9.525623	0	0
conventional	ce476	193	0	17.948458	0	14	7	1.314176	1.103375	11.009254	4.521653	0	0
conventional	ce477	194	0.821988	33.854345	1	14	7	3.896667	6.172784	15.332155	8.452739	0	0
conventional	ce478	194	0	33.684405	0	14	7	4.230393	6.846141	17.026563	5.581308	0	0
conventional	ce479	194	0	22.960981	0	14	7	0.933477	0.338071	12.412583	9.276850	0	0
conventional	ce480	194	0	23.631645	0	14	7	2.233036	0.389753	11.426564	9.582292	0	0
conventional	ce481	194	0	9.369761	0	14	7	0.160276	1.992531	5.447574	1.769380	0	0
holistic	he436	195	0.394123	15.196308	1	6	7	0	0	8.988129	6.208179	0.275299	0
conventional	ce482	195	0	21.564351	0	14	7	1.156197	1.281546	11.282170	7.844438	0	0
conventional	ce483	195	0	28.065987	0	14	7	4.760191	4.268670	11.349477	7.687649	0	0
conventional	ce484	195	0	37.619858	0	14	7	4.599226	5.790361	20.175197	7.055074	0	0
holistic	he437	196	0.785744	1.133709	1	4	7	0	0	0.305182	0.828527	0	0
holistic	he438	196	0	0	0	0	4	0	0	0	0	0.944990	0
conventional	ce485	196	0	39.127324	0	14	7	4.814085	7.731202	20.253660	6.328377	0	0
conventional	ce486	196	0	14.489555	0	14	7	2.521092	1.399604	6.013981	4.554878	0	0
conventional	ce487	196	0	22.358359	0	14	7	4.230881	1.125402	8.527228	8.474848	0	0
conventional	ce488	196	0	20.580440	0	14	7	6.819245	3.119244	3.549262	7.092689	0	0
holistic	he439	197	0	0	0	0	3	0	0	0	0	1.491972	0
holistic	he440	197	0	0	0	0	3	0	0	0	0	0	0
holistic	he441	198	0	0	0	0	4	0	0	0	0	0	0
holistic	he442	198	0	0	0	0	3	0	0	0	0	0	0
conventional	ce489	198	0	15.322808	0	14	7	2.891149	1.526829	7.242226	3.662604	0	0
conventional	ce490	198	0	22.780625	0	14	7	3.164639	1.831890	12.992070	4.792026	0.532746	0
conventional	ce491	198	0	21.982324	0	14	7	2.967481	2.624126	12.077155	4.313562	0.195556	0
conventional	ce492	198	0	30.366741	0	14	7	2.353418	3.017035	16.335062	8.661226	0	0
conventional	ce493	198	0	18.543667	0	14	7	6.616769	3.476017	5.537660	2.913221	0	0
conventional	ce494	198	0	16.076377	0	14	7	1.081424	5.887408	7.375796	1.731749	0.775732	0
holistic	he443	199	2.516622	5.490567	1	4	5	0	0	2.514773	2.975794	0.339764	0
holistic	he444	199	2.596941	2.596941	3	3	15	0	0	0	2.596941	1.208076	0
conventional	ce495	199	1.041149	37.195670	1	14	7	2.879607	4.539175	19.731612	10.045276	0	0
conventional	ce496	199	0	33.831401	0	14	7	5.069129	6.049022	19.364556	3.348694	0.512862	0
conventional	ce497	199	0	23.449929	0	14	7	3.104220	2.141118	7.732759	10.471832	0	0
holistic	he445	200	0	4.455250	0	3	4	0	0	3.266253	1.188997	0.275299	0
holistic	he446	200	0	0	0	0	12	0	0	0	0	0.864066	0
conventional	ce498	200	0	17.721306	0	14	7	2.215433	1.232416	9.722988	4.550469	0	0
conventional	ce499	200	0	42.352951	0	14	7	5.048832	9.085254	20.333760	7.885105	0	0
conventional	ce500	200	0	35.494187	0	14	7	3.636601	2.482490	15.159733	14.215363	0	0
conventional	ce501	200	0	19.246958	0	14	7	4.615332	0.767658	9.727343	4.136625	0	0
conventional	ce502	200	0	27.200058	0	14	7	2.094993	2.402151	14.570703	8.132211	0	0
holistic	he447	201	0.887638	5.948758	1	7	5	0	0	3.480165	2.468593	1.123792	0
holistic	he448	201	0.788246	44.381538	2	16	12	0	0	18.666820	25.714718	0	0
holistic	he449	201	0.792100	1.698195	1	4	4	0	0	0.444095	1.254100	0.275299	0
holistic	he450	201	0	0	0	0	9	0	0	0	0	0.236105	0
holistic	he451	201	0	0	0	0	4	0	0	0	0	0.099456	0
conventional	ce503	201	0	12.560673	0	14	7	2.029732	0.923400	6.304458	3.303083	0	0
conventional	ce504	201	0	27.969446	0	14	7	3.912158	3.439314	15.194831	5.423143	0	0
conventional	ce505	201	0	14.765532	0	14	7	3.691745	2.837556	3.625741	4.610490	0.828542	0
conventional	ce506	201	0	20.675525	0	14	7	3.723934	1.320190	10.001017	5.630384	0	0
holistic	he452	202	4.679158	8.795260	2	12	6	0	0	2.972702	5.822558	0.785622	0
holistic	he453	202	0	0	0	0	7	0	0	0	0	0.345962	0
holistic	he454	202	0	0	0	0	4	0	0	0	0	0.704038	0
holistic	he455	202	2.184436	3.048827	1	4	7	0	0	0.748718	2.300109	0.550598	0
conventional	ce507	202	0	30.648621	0	14	7	1.626444	0.675453	17.280861	11.065863	0	0
conventional	ce508	202	0	17.739527	0	14	7	3.389225	0.928281	7.337815	6.084206	0	0
conventional	ce509	202	0	32.169736	0	14	7	2.950670	3.877967	19.925541	5.415558	0	0
conventional	ce510	202	0	34.640232	0	14	7	4.379330	6.362784	19.072668	4.825450	0	0
holistic	he456	203	1.396742	3.847224	1	6	7	0	0	1.725786	2.121438	1.123792	0
holistic	he457	203	0	1.330829	0	1	3	0	0	1.330829	0	0.275299	0
conventional	ce511	203	0	18.112228	0	14	7	3.285694	0.995919	8.835841	4.994774	0	0
conventional	ce512	203	0	19.170942	0	14	7	1.796235	0.458109	7.825880	9.090718	0	0
conventional	ce513	203	0	33.542222	0	14	7	2.567481	2.855382	13.831618	14.287741	0	0
holistic	he458	204	1.865219	4.620698	1	4	5	0	0	1.338264	3.282434	0.241134	0
holistic	he459	204	0	0	0	0	8	0	0	0	0	0.522919	0
holistic	he460	204	0	0.989940	0	3	3	0	0	0.989940	0	0.275299	0
holistic	he461	204	0	0	0	0	3	0	0	0	0	0	0
conventional	ce514	204	0	25.583703	0	14	7	5.754264	1.248008	12.042347	6.539084	0	0
conventional	ce515	204	0	19.637407	0	14	7	1.709307	7.887560	8.300506	1.740034	0	0
conventional	ce516	204	0	20.990394	0	14	7	3.382876	2.270102	11.647318	3.690098	0.007569	0
holistic	he462	205	0	3.358592	0	4	6	0	0	3.358592	0	0.300262	0
conventional	ce517	205	0	36.523840	0	14	7	5.435578	4.533605	19.067759	7.486898	0	0
conventional	ce518	205	0	33.891403	0	14	7	3.565744	5.830061	19.061973	5.433625	0	0
holistic	he463	206	0	0	0	0	3	0	0	0	0	0.275299	0
holistic	he464	206	0	0	0	0	3	0	0	0	0	0.275299	0
conventional	ce519	206	0	36.377326	0	14	7	3.481067	3.068447	16.301047	13.526765	0	0
conventional	ce520	206	0	10.863728	0	14	7	1.607729	1.346532	4.155008	3.754459	0	0
conventional	ce521	206	0	19.757581	0	14	7	3.864245	0.795345	9.799145	5.298846	0	0
conventional	ce522	206	0	22.502766	0	14	7	2.265463	2.365530	10.708503	7.163270	0	0
holistic	he465	207	0	0	0	0	6	0	0	0	0	0.522919	0
holistic	he466	207	0	0	0	0	3	0	0	0	0	0	0
holistic	he467	207	2.217521	6.283090	1	4	5	0	0	2.823626	3.459464	0.339764	0
holistic	he468	207	0.485373	6.436401	1	8	5	0	0	5.636199	0.800202	0.596944	0
conventional	ce523	207	0	22.773387	0	14	7	3.023672	0.958807	12.316324	6.474584	0	0
conventional	ce524	207	0	24.202536	0	14	7	0.358296	2.365737	13.086221	8.392282	0	0
conventional	ce525	207	0	16.714787	0	14	7	2.094482	1.845407	8.173839	4.601059	0	0
conventional	ce526	207	0	37.539874	0	14	7	3.824050	7.149625	15.870649	10.695550	0	0
holistic	he469	208	0	0	0	0	3	0	0	0	0	0	0
holistic	he470	208	0	0	0	0	9	0	0	0	0	0.726337	0
holistic	he471	208	0	0	0	0	3	0	0	0	0	0	0
holistic	he472	208	0	1.330829	0	1	3	0	0	1.330829	0	0.275299	0
conventional	ce527	208	0	31.740570	0	14	7	3.078296	3.954184	15.663830	9.044260	0	0
conventional	ce528	208	0	16.449581	0	14	7	1.173436	1.385195	6.919610	6.971340	0	0
conventional	ce529	208	0	20.305086	0	14	7	4.520984	0.725713	8.178702	6.879687	0	0
holistic	he473	209	0.887638	5.497338	1	7	5	0	0	3.047775	2.449563	0	0
holistic	he474	209	1.417208	5.038589	1	7	5	0	0	2.867601	2.170988	1.123792	0
holistic	he475	209	3.480188	10.635236	2	12	6	0	0	2.786836	7.848400	0.482268	0
conventional	ce530	209	0	42.340210	0	14	7	5.901680	6.198181	23.739869	6.500480	0	0
conventional	ce531	209	0	26.800014	0	14	7	4.674272	2.194545	15.588498	4.342699	0	0
conventional	ce532	209	0	22.898240	0	14	7	3.582569	2.139557	13.136552	4.039562	1.694090	0
holistic	he476	210	0	0	0	0	6	0	0	0	0	0.522919	0
holistic	he477	210	2.294322	9.692946	3	24	10	0	0	3.240624	6.452322	0.550598	0
conventional	ce533	210	1.172728	15.302207	1	14	7	2.534693	1.491544	6.395780	4.880190	0	0
holistic	he478	211	1.688600	3.424763	1	4	5	0	0	1.503481	1.921282	0.785622	0
holistic	he479	211	0.887638	2.713437	1	7	5	0	0	1.660938	1.052499	0.986463	0
holistic	he480	211	2.184436	2.933154	1	3	7	0	0	0.748718	2.184436	0.999526	0
holistic	he481	211	2.184436	2.432295	1	4	7	0	0	0.213226	2.219069	0.550598	0
holistic	he482	211	0	0	0	0	4	0	0	0	0	0	0
conventional	ce534	211	2.181626	25.730069	1	14	7	0.839527	0.396586	14.102017	10.391939	0	0
conventional	ce535	212	0	35.827269	0	14	7	2.705751	8.091830	19.636213	5.393475	0	0
holistic	he483	213	0	1.155723	0	4	5	0	0	0.955685	0.200038	0.550598	0
holistic	he484	213	4.435042	10.902122	2	12	5	0	0	3.504756	7.397366	0.339764	0
holistic	he485	213	0	0	0	0	3	0	0	0	0	0	0
holistic	he486	213	0	0	0	0	4	0	0	0	0	1.123792	0
holistic	he487	214	0	0	0	0	5	0	0	0	0	0.236105	0
holistic	he488	214	0	0	0	0	6	0	0	0	0	0.895978	0
conventional	ce536	214	0	14.964704	0	14	7	2.826680	1.546189	4.634157	5.957678	0	0
conventional	ce537	214	0	26.808413	0	14	7	4.935802	1.725328	7.435231	12.712052	0	0
conventional	ce538	214	0	14.109552	0	14	7	2.719551	2.226214	3.810364	5.353423	0	0
conventional	ce539	214	0	47.784991	0	14	7	4.856582	7.741694	24.171707	11.015008	0	0
conventional	ce540	214	2.181626	25.034501	1	14	7	1.454406	2.961176	13.908462	6.710457	0	0
holistic	he489	215	0	0	0	0	3	0	0	0	0	0	0
holistic	he490	215	2.507044	5.752342	2	10	5	0	0	1.397298	4.355044	0.275299	0
holistic	he491	215	0	0	0	0	3	0	0	0	0	0	0
holistic	he492	215	0	0	0	0	4	0	0	0	0	0	0
holistic	he493	215	0	1.330829	0	1	3	0	0	1.330829	0	0.275299	0
conventional	ce541	215	0	33.054301	0	14	7	4.126426	6.920136	16.762963	5.244776	0.684348	0
conventional	ce542	215	0	38.973173	0	14	7	3.838444	6.507854	21.274619	7.352256	0	0
holistic	he494	216	0	0	0	0	4	0	0	0	0	0	0
holistic	he495	216	0	0.968825	0	3	3	0	0	0.968825	0	0.568450	0
conventional	ce543	216	0	17.619267	0	14	7	4.904490	1.684261	6.705436	4.325080	0	0
conventional	ce544	216	0	32.030156	0	14	7	2.992569	4.183923	18.792434	6.061230	0	0
conventional	ce545	216	0	21.674704	0	14	7	1.308611	4.183461	11.744464	4.438168	0	0
holistic	he496	217	0	0	0	0	4	0	0	0	0	0	0
holistic	he497	217	0	5.149768	0	6	4	0	0	3.661111	1.488657	0.275299	0
conventional	ce546	217	0	25.947214	0	14	7	1.262452	0.868235	15.616749	8.199778	0	0
conventional	ce547	217	1.172728	15.277527	1	14	7	2.523284	1.859518	5.633766	5.260959	0	0
conventional	ce548	217	2.181626	20.819520	1	14	7	2.427583	1.798674	10.619885	5.973378	0	0
conventional	ce549	217	0	13.385223	0	14	7	1.301538	0.894861	6.789254	4.399570	0	0
conventional	ce550	217	0	27.883346	0	14	7	3.315279	1.678051	18.009602	4.880414	0	0
conventional	ce551	217	0	32.952057	0	14	7	4.276263	4.671922	18.518523	5.485349	0.754683	0
holistic	he498	218	2.184436	3.012267	1	4	7	0	0	0.712158	2.300109	0	0
holistic	he499	218	0	0	0	0	3	0	0	0	0	0.568450	0
conventional	ce552	218	0	24.860216	0	14	7	3.764588	1.333344	13.356390	6.405894	0	0
conventional	ce553	218	0	12.950503	0	14	7	1.642264	1.317566	6.813112	3.177561	0	0
conventional	ce554	218	0	21.250062	0	14	7	1.665231	0.738124	9.723676	9.123031	0	0
holistic	he500	219	4.010776	8.392144	2	12	12	0	0	1.972682	6.419462	0	0
holistic	he501	219	1.731294	1.731294	2	2	17	0	0	0	1.731294	2.593047	0
holistic	he502	219	0	8.909460	0	27	9	0	0	8.909460	0	0.825897	0
holistic	he503	219	0	0	0	0	3	0	0	0	0	0	0
conventional	ce555	219	0	23.644215	0	14	7	3.919895	1.398333	10.122239	8.203748	0	0
conventional	ce556	219	0	34.258111	0	14	7	4.671024	7.012015	17.444216	5.130856	0	0
conventional	ce557	219	0	38.798410	0	14	7	5.230819	5.962443	22.394124	5.211024	0	0
conventional	ce558	219	1.041149	32.709957	1	14	7	3.646199	8.375815	14.466607	6.221336	0	0
conventional	ce559	219	0	22.619813	0	14	7	3.672985	2.500292	13.652541	2.793995	0	0
holistic	he504	220	1.396742	3.521134	1	3	4	0	0	1.767210	1.753924	0.275299	0
conventional	ce560	220	0	16.377290	0	14	7	1.491033	3.976934	8.751958	2.157365	0	0
conventional	ce561	220	2.181626	19.448060	1	14	7	3.436395	1.705061	9.326609	4.979995	0	0
holistic	he505	221	0	0	0	0	4	0	0	0	0	1.123792	0
holistic	he506	221	0	0	0	0	9	0	0	0	0	0.593122	0
holistic	he507	221	0	0	0	0	4	0	0	0	0	0.944990	0
conventional	ce562	221	0	28.166382	0	14	7	2.350466	3.653497	11.743337	10.419082	0	0
conventional	ce563	221	0	19.085971	0	14	7	2.324534	1.143607	12.255616	3.362214	0	0
conventional	ce564	221	0	42.048405	0	14	7	6.208783	6.606393	24.616214	4.617015	0	0
conventional	ce565	221	0	14.020066	0	14	7	1.622113	1.427916	6.723253	4.246784	0.890314	0
holistic	he508	222	1.563162	5.563679	1	6	7	0	0	1.338264	4.225415	0.241134	0
holistic	he509	222	0	0	0	0	4	0	0	0	0	0.944990	0
conventional	ce566	222	0	55.607836	0	14	7	5.831057	10.035879	27.742627	11.998273	0	0
conventional	ce567	222	1.041149	40.358836	1	14	7	4.797425	7.810200	19.051660	8.699551	0	0
conventional	ce568	222	0	23.664258	0	14	7	4.180075	3.550212	12.696306	3.237665	0	0
holistic	he510	223	0	0	0	0	4	0	0	0	0	0.704038	0
holistic	he511	223	0	0	0	0	4	0	0	0	0	0	0
holistic	he512	223	0	0	0	0	6	0	0	0	0	0	0
conventional	ce569	223	0	22.092458	0	14	7	3.149385	5.688698	8.182487	5.071888	0	0
conventional	ce570	224	0	19.707701	0	14	7	1.886793	1.021763	8.136698	8.662447	0	0
conventional	ce571	224	0	22.630606	0	14	7	1.283113	1.185899	12.109462	8.052132	0	0
holistic	he513	225	0	0	0	0	4	0	0	0	0	0	0
holistic	he514	226	1.731294	1.731294	2	2	12	0	0	0	1.731294	1.208076	0
conventional	ce572	226	2.181626	27.913548	1	14	7	1.343801	0.355350	14.757293	11.457104	0	0
holistic	he515	227	0	0	0	0	3	0	0	0	0	0	0
holistic	he516	227	0	0	0	0	3	0	0	0	0	0.804805	0
holistic	he517	227	0	0	0	0	4	0	0	0	0	0.704038	0
conventional	ce573	227	1.041149	41.575756	1	14	7	6.510827	6.431955	19.129722	9.503252	0	0
holistic	he518	228	0	0	0	0	4	0	0	0	0	0.944990	0
conventional	ce574	228	0	29.036681	0	14	7	2.646352	3.122517	15.452311	7.815501	0	0
conventional	ce575	228	0	22.460045	0	14	7	4.103613	1.198380	9.421268	7.736784	0	0
conventional	ce576	228	0	35.680369	0	14	7	3.611111	5.727720	19.778156	6.563382	0	0
holistic	he519	229	0.394123	14.530536	1	6	7	0	0	8.402597	6.127939	0.275299	0
holistic	he520	229	0	6.334162	0	3	3	0	0	6.334162	0	0.275299	0
conventional	ce577	229	0	25.824888	0	14	7	3.916799	1.759763	14.181284	5.967042	0.532746	0
conventional	ce578	229	0	24.109343	0	14	7	4.505609	3.045416	11.692900	4.865418	0	0
holistic	he521	230	0	0	0	0	10	0	0	0	0	1.452674	0
holistic	he522	230	0	0.989940	0	3	3	0	0	0.989940	0	0.275299	0
holistic	he523	230	7.018737	13.622787	3	6	7	0	0	0	13.622787	0.785622	0
holistic	he524	230	5.586968	5.586968	4	4	10	0	0	0	5.586968	0.550598	0
conventional	ce579	230	0	22.064896	0	14	7	1.807269	0.801217	11.636300	7.820110	0	0
holistic	he525	231	0	0.864391	0	3	7	0	0	0.748718	0.115673	0.550598	0
conventional	ce580	231	0	11.317733	0	14	7	1.270108	2.999532	5.116867	1.931226	0.007569	0
conventional	ce581	232	0	26.873036	0	14	7	0.591418	0.724422	13.764966	11.792230	0	0
holistic	he526	233	0	0	0	0	9	0	0	0	0	1.286399	0
holistic	he527	234	0	0	0	0	3	0	0	0	0	0.568450	0
holistic	he528	234	1.648198	2.334605	1	4	7	0	0	0.570734	1.763871	0.550598	0
holistic	he529	234	0	0	0	0	6	0	0	0	0	0.345962	0
conventional	ce582	234	0	14.131473	0	14	7	1.305036	1.126005	5.152517	6.547915	0	0
conventional	ce583	234	0	19.844396	0	14	7	1.749590	0.674841	10.224043	7.195922	0	0
conventional	ce584	234	0	21.536009	0	14	7	3.328565	1.671252	13.376755	3.159437	0.007569	0
holistic	he530	235	0	0.737030	0	3	7	0	0	0.546128	0.190902	0.550598	0
conventional	ce585	235	0	14.481484	0	14	7	1.723390	1.218969	7.095834	4.443291	0	0
holistic	he531	236	7.123683	8.460687	6	6	7	0	0	0	8.460687	0.785622	0
conventional	ce586	236	2.181626	24.360172	1	14	7	3.037519	2.167253	12.918761	6.236639	0	0
conventional	ce587	236	2.181626	19.029723	1	14	7	3.445311	2.776406	7.253805	5.554201	0	0
conventional	ce588	236	0	21.694549	0	14	7	3.009608	5.131149	10.479264	3.074528	0	0
holistic	he532	237	0	0	0	0	3	0	0	0	0	0	0
conventional	ce589	237	0	21.658049	0	14	7	2.921336	1.716669	8.253593	8.766451	0	0
holistic	he533	238	0	0	0	0	3	0	0	0	0	0	0
holistic	he534	238	0	0	0	0	6	0	0	0	0	0.236105	0
holistic	he535	238	0	1.454597	0	1	3	0	0	1.454597	0	0.275299	0
conventional	ce590	238	1.041149	31.378650	1	14	7	4.256234	6.723923	15.455348	4.943145	0	0
holistic	he536	239	0	0.878600	0	3	3	0	0	0.878600	0	0.465044	0
conventional	ce591	239	0	33.294001	0	14	7	3.707655	5.070290	17.872313	6.643743	0	0
holistic	he537	240	5.033244	17.544782	2	20	14	0	0	12.499698	5.045084	1.019292	0
conventional	ce592	240	0	30.711422	0	14	7	6.383298	2.922310	11.415466	9.990348	0	0
conventional	ce593	240	0	18.090257	0	14	7	1.346404	2.082601	10.554994	4.106258	0	0
holistic	he538	241	0	0	0	0	8	0	0	0	0	0.522919	0
holistic	he539	241	0	0	0	0	6	0	0	0	0	0.550598	0
holistic	he540	241	2.516622	5.490567	1	4	5	0	0	2.514773	2.975794	0.339764	0
conventional	ce594	241	0	11.371484	0	14	7	1.277418	1.055172	5.786431	3.252463	0	0
conventional	ce595	242	0	26.798264	0	14	7	3.805501	4.770402	10.570126	7.652235	0	0
conventional	ce596	243	0	20.882873	0	14	7	1.565176	4.941490	9.258160	5.118047	0	0
conventional	ce597	244	0	17.330763	0	14	7	2.309966	1.541359	6.038593	7.440845	0.125722	0
conventional	ce598	244	0	13.219076	0	14	7	1.328504	1.269619	6.675370	3.945583	1.189418	0
holistic	he541	245	0	2.285018	0	6	3	0	0	2.285018	0	1.136900	0
conventional	ce599	245	2.051685	12.631846	1	14	7	2.191093	1.464031	5.488841	3.487881	0	0
conventional	ce600	246	0	49.468936	0	14	7	4.583165	7.767901	26.714600	10.403270	0	0
conventional	ce601	247	0	32.730427	0	14	7	2.670945	6.873328	16.472517	6.713637	0	0
conventional	ce602	247	0	22.371576	0	14	7	5.413676	0.535433	9.046967	7.375500	0	0
holistic	he542	249	0	1.957295	0	3	4	0	0	1.957295	0	0.124192	0
conventional	ce603	249	2.181626	34.075241	1	14	7	3.455508	3.032665	17.434422	10.152646	0	0
conventional	ce604	249	0	16.234269	0	14	7	2.218791	2.143442	8.220590	3.651446	0	0
conventional	ce605	249	0	19.156108	0	14	7	3.464359	1.837889	9.315745	4.538115	0	0
holistic	he543	250	5.033244	17.543304	2	20	14	0	0	12.499698	5.043606	1.019292	0
conventional	ce606	251	0	21.282095	0	14	7	2.975794	1.113142	9.832014	7.361145	0.125722	0
holistic	he544	252	0	0	0	0	6	0	0	0	0	0.236105	0
conventional	ce607	252	2.181626	21.014104	1	14	7	3.446986	1.357710	10.143291	6.066117	0.560422	0
holistic	he545	253	0	0.624099	0	2	2	0	0	0.624099	0	0.275299	0
conventional	ce608	253	1.041149	43.243592	1	14	7	6.560730	4.691255	21.418154	10.573453	0	0
holistic	he546	254	3.649870	48.607062	2	28	10	0	0	43.983752	4.623310	0.679528	0
conventional	ce609	254	0	14.245553	0	14	7	2.297926	1.232772	6.934417	3.780438	0	0
conventional	ce610	254	0	21.785000	0	14	7	1.186204	1.686269	10.956197	7.956330	0	0
conventional	ce611	254	0	32.044318	0	14	7	3.065742	3.384753	19.175666	6.418157	0	0
conventional	ce612	254	0	11.376317	0	14	7	1.481349	0.979991	6.063419	2.851558	0	0
holistic	he547	255	0	2.312274	0	1	4	0	0	2.312274	0	0.180563	0
conventional	ce613	255	0	21.340106	0	14	7	1.006803	0.700987	12.030109	7.602207	0	0
conventional	ce614	255	0.685062	18.145395	1	14	7	4.045561	1.574135	5.911468	6.614231	0.828542	0
conventional	ce615	255	0	20.361565	0	14	7	1.308938	1.640782	8.525069	8.886776	0	0
holistic	he548	256	2.339579	2.339579	1	1	4	0	0	0	2.339579	0.785622	0
conventional	ce616	257	0	11.687009	0	14	7	0.952180	0.941669	5.980220	3.812940	0.828542	0
conventional	ce617	257	0	25.949198	0	14	7	3.810564	1.590201	13.856941	6.691492	0	0
conventional	ce618	258	0	30.953600	0	14	7	2.147313	4.341823	16.183335	8.281129	0	0
conventional	ce619	258	0	27.510055	0	14	7	2.985199	5.105830	15.994745	3.424281	0	0
conventional	ce620	258	2.181626	36.244012	1	14	7	3.070031	4.110001	18.129291	10.934689	0	0
holistic	he549	259	0	3.575073	0	6	4	0	0	2.902600	0.672473	0.275299	0
holistic	he550	259	0	0	0	0	4	0	0	0	0	0	0
conventional	ce621	259	0	13.158890	0	14	7	2.007014	0.644323	6.796025	3.711528	0	0
conventional	ce622	259	0	19.694362	0	14	7	1.152068	0.482651	7.936995	10.122648	0.125722	0
conventional	ce623	259	0	30.224498	0	14	7	2.397510	2.859709	15.697065	9.270214	0	0
holistic	he551	260	4.420902	4.420902	3	3	12	0	0	0	4.420902	0.199078	0
conventional	ce624	260	0	10.988146	0	14	7	2.771429	0.282889	5.819914	2.113914	0	0
conventional	ce625	260	0	23.209035	0	14	7	2.666237	2.595368	11.113287	6.834143	0.189887	0
holistic	he552	261	4.679158	9.954864	2	12	6	0	0	4.132306	5.822558	0.785622	0
holistic	he553	261	2.184436	3.678343	1	4	7	0	0	1.378234	2.300109	0.606358	0
holistic	he554	261	0	0	0	0	3	0	0	0	0	0	0
holistic	he555	261	0	5.832818	0	6	4	0	0	4.711472	1.121346	0.275299	0
conventional	ce626	261	0	21.259139	0	14	7	1.845868	0.685889	10.455094	8.272288	0	0
conventional	ce627	261	0	14.252732	0	14	7	1.488238	2.479067	7.310438	2.974989	0	0
conventional	ce628	261	0	20.345992	0	14	7	3.124022	2.548929	10.895874	3.777167	0.007569	0
holistic	he556	262	2.184436	2.432295	1	4	7	0	0	0.213226	2.219069	0.550598	0
holistic	he557	262	0	0	0	0	3	0	0	0	0	0.275299	0
holistic	he558	262	0	0.878600	0	3	3	0	0	0.878600	0	0.465044	0
conventional	ce629	262	0	10.530076	0	14	7	2.292911	0.959607	4.114724	3.162834	0	0
conventional	ce630	262	0	26.906075	0	14	7	1.473270	2.350826	17.264777	5.817202	0	0
conventional	ce631	262	0	24.242506	0	14	7	0.611364	2.017647	12.968342	8.645153	0.001522	0
holistic	he559	263	3.126324	13.387348	2	20	12	0	0	2.816196	10.571152	0.482268	0
holistic	he560	263	4.358102	16.941456	2	20	14	0	0	12.572994	4.368462	2.647692	0
conventional	ce632	263	0	27.568300	0	14	7	2.040700	1.804513	15.656722	8.066365	0	0
conventional	ce633	263	0	23.780454	0	14	7	1.779158	4.837156	9.317282	7.846858	0	0
holistic	he561	264	2.516622	6.081087	1	4	6	0	0	3.270268	2.810819	0.339764	0
holistic	he562	264	0	0	0	0	10	0	0	0	0	2.640012	0
holistic	he563	264	0	5.393830	0	6	4	0	0	4.272484	1.121346	0.297101	0
conventional	ce634	264	0	25.789685	0	14	7	5.718581	1.744716	13.705670	4.620718	0.532746	0
conventional	ce635	264	0.851912	36.142574	1	14	7	3.672831	3.487773	16.600333	12.381637	0	0
conventional	ce636	264	0	26.152951	0	14	7	3.632798	2.183756	14.422533	5.913864	0	0
holistic	he564	265	5.474805	102.358473	3	63	15	0	0	94.548699	7.809774	1.019292	0
conventional	ce637	265	0	18.934575	0	14	7	1.844602	1.541359	7.990392	7.558222	0.229998	0
conventional	ce638	265	0	14.122901	0	14	7	2.047977	0.729157	7.192989	4.152778	0	0
conventional	ce639	265	0	30.457689	0	14	7	7.212512	1.597656	14.734622	6.912899	0	0
conventional	ce640	265	0	27.251486	0	14	7	3.491289	1.608704	15.298374	6.853119	0.532746	0
conventional	ce641	265	0	23.488015	0	14	7	1.399752	2.273810	10.195223	9.619230	0	0
holistic	he565	266	0	0.547992	0	2	3	0	0	0.418638	0.129354	0.275299	0
conventional	ce642	266	0	19.794969	0	14	7	4.028611	1.294138	9.063821	5.408399	0	0
conventional	ce643	266	0	13.433347	0	14	7	0.951408	2.112733	6.458430	3.910776	0	0
conventional	ce644	266	0	28.845841	0	14	7	1.239179	3.558401	13.471593	10.576668	0	0
conventional	ce645	266	0	14.237459	0	14	7	1.890709	1.057952	7.985156	3.303642	0	0
holistic	he566	267	0	0	0	0	4	0	0	0	0	0.944990	0
conventional	ce646	267	0	18.711592	0	14	7	2.068302	1.761337	10.597663	4.284290	0	0
holistic	he567	268	0	0	0	0	12	0	0	0	0	1.697448	0
holistic	he568	268	0	0.712583	0	2	2	0	0	0.712583	0	0.382449	0
holistic	he569	268	0	0	0	0	6	0	0	0	0	0.272095	0
holistic	he570	268	2.184436	3.286901	1	4	7	0	0	0.948418	2.338483	0.550598	0
holistic	he571	268	4.368872	5.204420	2	6	11	0	0	0	5.204420	0.909537	0
holistic	he572	268	4.358102	13.982928	2	20	23	0	0	9.614466	4.368462	2.647692	0
holistic	he573	268	2.374561	2.820229	2	2	5	0	0	0	2.820229	0	0
conventional	ce647	268	2.181626	19.418661	1	14	7	2.060360	0.931016	11.435497	4.991788	0	0
conventional	ce648	268	0	23.710998	0	14	7	4.023952	0.560047	9.598157	9.528842	0	0
conventional	ce649	268	0.907940	17.444120	1	14	7	3.094822	2.330101	6.682423	5.336774	0	0
conventional	ce650	268	0	23.837200	0	14	7	3.003178	2.008788	12.053342	6.771892	0	0
conventional	ce651	268	0	19.745173	0	14	7	3.438196	3.481526	8.991929	3.833522	0	0
holistic	he574	269	0	0	0	0	6	0	0	0	0	0.550598	0
conventional	ce652	269	0	19.495085	0	14	7	2.497186	3.890478	10.170362	2.937059	0	0
holistic	he575	270	0	0	0	0	3	0	0	0	0	0	0
conventional	ce653	270	0	21.870993	0	14	7	3.245203	2.467807	11.787789	4.370194	0.007569	0
holistic	he576	271	3.517726	10.268848	2	20	14	0	0	6.747606	3.521242	1.019292	0
holistic	he577	271	0	0	0	0	3	0	0	0	0	0	0
conventional	ce654	271	0	25.075046	0	14	7	4.627987	1.954506	12.310691	6.181862	0.071980	0
conventional	ce655	271	1.804981	13.829972	1	14	7	2.604988	1.691772	6.525556	3.007656	0	0
holistic	he578	272	2.321371	2.716992	2	2	10	0	0	0	2.716992	0.522919	0
holistic	he579	272	0	0	0	0	6	0	0	0	0	0.895978	0
holistic	he580	272	0	0	0	0	4	0	0	0	0	0.952879	0
holistic	he581	273	9.498244	11.219548	8	8	12	0	0	0	11.219548	0.679528	0
holistic	he582	273	4.028548	17.711428	2	20	14	0	0	13.540002	4.171426	1.019292	0
holistic	he583	274	0	0	0	0	4	0	0	0	0	0.944990	0
holistic	he584	274	0	0	0	0	6	0	0	0	0	0.550598	0
holistic	he585	274	0	0.547791	0	3	3	0	0	0.547791	0	0.650074	0
conventional	ce656	274	0	40.796652	0	14	7	7.669040	2.438506	19.738138	10.950968	0	0
conventional	ce657	274	1.218177	16.938996	1	14	7	2.463668	3.881423	6.019253	4.574652	0	0
conventional	ce658	274	0	19.690201	0	14	7	1.838793	1.276466	10.480209	6.094733	0	0
holistic	he586	275	0	0	0	0	6	0	0	0	0	0.550598	0
holistic	he587	275	0.394123	15.067313	1	6	7	0	0	9.041629	6.025684	0.129178	0
conventional	ce659	275	0	27.594534	0	14	7	3.828358	4.389536	17.001373	2.375267	0	0
holistic	he588	276	0	0	0	0	9	0	0	0	0	0.522919	0
holistic	he589	276	0	0	0	0	3	0	0	0	0	0	0
conventional	ce660	276	0	12.816254	0	14	7	1.949451	0.752667	6.560757	3.553379	0	0
conventional	ce661	276	0	16.912303	0	14	7	1.575621	1.021045	8.330061	5.985576	0	0
conventional	ce662	276	0	13.738346	0	14	7	0.483357	2.831412	10.026897	0.396680	0	0
holistic	he590	277	10.345324	20.079416	4	8	19	0	0	0	20.079416	0.785622	0
holistic	he591	277	0	0	0	0	6	0	0	0	0	0.236105	0
holistic	he592	277	0	0	0	0	8	0	0	0	0	1.905758	0
conventional	ce663	277	2.061261	19.765717	1	14	7	2.053506	0.966446	11.745666	5.000099	0	0
conventional	ce664	277	0.851912	11.587674	1	14	7	1.936784	1.007764	5.041067	3.602059	1.154952	0
conventional	ce665	277	0	21.162117	0	14	7	5.611240	1.528020	10.999348	3.023509	0	0
holistic	he593	278	0	3.277125	0	2	4	0	0	3.277125	0	0.275299	0
holistic	he594	278	1.563162	5.242948	1	4	5	0	0	2.158065	3.084883	0.785622	0
conventional	ce666	278	0	18.156657	0	14	7	4.582794	1.204496	8.952410	3.416957	0.007569	0
conventional	ce667	278	0	29.382191	0	14	7	4.269638	1.571559	15.557585	7.983409	0.532746	0
conventional	ce668	278	0	10.161590	0	14	7	0.440448	1.465006	5.902076	2.354060	0	0
holistic	he595	279	0	0	0	0	15	0	0	0	0	2.834970	0
holistic	he596	279	0	0	0	0	3	0	0	0	0	0	0
conventional	ce669	279	0	15.211715	0	14	7	1.559665	1.150539	8.018922	4.482589	0.915855	0
conventional	ce670	279	2.181626	36.717946	1	14	7	4.146923	1.726487	19.950651	10.893885	0	0
conventional	ce671	279	1.041149	41.138081	1	14	7	3.957806	2.922881	18.945990	15.311404	0	0
holistic	he597	280	0	4.812896	0	6	5	0	0	3.879020	0.933876	0.297101	0
holistic	he598	280	0	1.604405	0	1	4	0	0	1.604405	0	0.180563	0
holistic	he599	280	4.368872	4.368872	2	2	14	0	0	0	4.368872	0.909537	0
conventional	ce672	280	2.181626	40.064707	1	14	7	4.688331	3.410435	19.745897	12.220044	0	0
conventional	ce673	280	0	19.848225	0	14	7	2.633228	1.808378	11.980107	3.426512	0.007569	0
conventional	ce674	280	0	29.008905	0	14	7	4.075286	1.095748	15.386625	8.451246	0.532746	0
conventional	ce675	280	0	12.937191	0	14	7	2.119730	1.013552	6.093924	3.709985	0	0
conventional	ce676	280	0	16.226574	0	14	7	3.361577	0.166847	7.188299	5.509851	0	0
holistic	he600	281	2.793484	2.793484	2	2	12	0	0	0	2.793484	2.247294	0
holistic	he601	281	0	0	0	0	8	0	0	0	0	0.275299	0
holistic	he602	281	0.394123	15.920872	1	6	7	0	0	9.487712	6.433160	0	0
conventional	ce677	281	0	20.095402	0	14	7	2.724353	2.820259	11.042401	3.508389	0	0
conventional	ce678	281	0	26.807397	0	14	7	2.727333	5.077722	15.265071	3.737271	0	0
conventional	ce679	281	2.186048	22.575650	1	14	7	3.194021	1.206770	11.141075	7.033784	0	0
holistic	he603	282	4.386246	16.897784	2	20	14	0	0	12.499698	4.398086	1.019292	0
holistic	he604	282	2.374561	2.820229	2	2	4	0	0	0	2.820229	0.785622	0
conventional	ce680	282	1.599883	21.724922	1	14	7	3.849145	3.479394	8.434211	5.962172	0	0
conventional	ce681	282	0	14.829708	0	14	7	1.675950	0.942468	9.052366	3.158924	1.963014	0
conventional	ce682	282	0	28.984511	0	14	7	2.932836	5.255814	17.810724	2.985137	0.532746	0
conventional	ce683	282	0	31.319255	0	14	7	3.264916	5.353826	18.024438	4.676075	0	0
conventional	ce684	282	0	13.897426	0	14	7	0.780741	3.089967	6.212623	3.814095	0	0
conventional	ce685	282	0	34.907032	0	14	7	5.827302	3.908409	17.564442	7.606879	0	0
conventional	ce686	282	2.181626	20.806088	1	14	7	3.947130	1.624960	8.877495	6.356503	0.560422	0
conventional	ce687	282	0	18.005742	0	14	7	3.216101	1.188276	7.630664	5.970701	0	0
holistic	he605	283	0	0	0	0	8	0	0	0	0	0.254320	0
conventional	ce688	283	0	16.231409	0	14	7	1.587036	1.571027	8.090556	4.982790	0	0
holistic	he606	284	0	0.091690	0	10	14	0	0	0.081330	0.010360	3.064952	0
holistic	he607	284	0	0	0	0	4	0	0	0	0	0	0
conventional	ce689	284	0	18.422574	0	14	7	0.971019	4.565462	10.898237	1.987856	0	0
conventional	ce690	284	0	19.886956	0	14	7	3.861317	2.892840	10.188381	2.944418	0.542058	0
holistic	he608	286	0	0	0	0	7	0	0	0	0	0	0
conventional	ce691	286	0	21.359770	0	14	7	4.616374	1.402525	7.194928	8.145943	0	0
conventional	ce692	286	0	14.123992	0	14	7	1.266150	3.316330	6.413875	3.127637	1.975183	0
conventional	ce693	286	0	38.909353	0	14	7	5.642608	5.707357	20.713747	6.845641	0	0
holistic	he609	287	0	0.192202	0	3	3	0	0	0.192202	0	0.030223	0
holistic	he610	287	3.624102	3.867734	2	6	11	0	0	0	3.867734	0.909537	0
conventional	ce694	287	0	24.231109	0	14	7	3.725862	1.712155	9.352314	9.440778	0	0
conventional	ce695	287	0	24.925026	0	14	7	3.856577	0.838226	8.553398	11.676825	0	0
holistic	he611	288	1.386812	3.267402	1	4	5	0	0	1.389310	1.878092	0.785622	0
holistic	he612	288	0	0.212134	0	12	14	0	0	0.081330	0.130804	3.064952	0
conventional	ce696	288	1.707267	26.079783	1	14	7	3.765991	3.942633	11.249414	7.121745	0	0
conventional	ce697	288	0	13.500128	0	14	7	0.602860	1.814409	5.633494	5.449365	0	0
holistic	he613	289	0	20.810466	0	9	12	0	0	20.810466	0	2.647692	0
holistic	he614	289	0	0	0	0	10	0	0	0	0	2.247294	0
conventional	ce698	289	0	12.091616	0	14	7	0.849170	0.414273	7.838796	2.989377	0	0
holistic	he615	290	0	1.027477	0	3	3	0	0	1.027477	0	0.930088	0
holistic	he616	290	1.181734	1.481650	1	13	14	0	0	1.372222	0.109428	0.417260	0
holistic	he617	290	0	0	0	0	3	0	0	0	0	0	0
holistic	he618	290	0	0	0	0	3	0	0	0	0	0	0
holistic	he619	290	0	3.213658	0	6	3	0	0	3.213658	0	1.300148	0
conventional	ce699	290	0	28.593537	0	14	7	4.076184	1.977572	17.455816	5.083965	0.007569	0
conventional	ce700	290	0	21.924854	0	14	7	2.448131	2.085317	9.243138	8.148268	0.229998	0
conventional	ce701	290	0	20.911017	0	14	7	3.123413	2.519626	10.408825	4.859153	0.175700	0
conventional	ce702	290	2.181626	39.509682	1	14	7	4.499454	1.548236	24.281878	9.180114	0	0
holistic	he620	291	0	0	0	0	8	0	0	0	0	0	0
holistic	he621	291	2.374561	2.820229	2	2	5	0	0	0	2.820229	0	0
conventional	ce703	291	0	7.780962	0	14	7	0.566684	0.796299	6.073740	0.344239	0	0
conventional	ce704	291	0	32.509464	0	14	7	3.007774	5.636661	18.470679	5.394350	0	0
conventional	ce705	292	0	19.010691	0	14	7	3.532644	1.762407	6.610053	7.105587	1.828106	0
holistic	he622	293	0	3.077829	0	3	3	0	0	2.605762	0.472067	0.382449	0
holistic	he623	294	0	0	0	0	3	0	0	0	0	0.297101	0
conventional	ce706	294	0	38.837493	0	14	7	6.075724	2.985271	23.215967	6.560531	0	0
conventional	ce707	294	0	14.936281	0	14	7	1.618225	1.296261	7.181913	4.839882	0	0
conventional	ce708	294	2.375165	38.405180	1	14	7	4.728748	2.011949	25.329041	6.335442	0	0
holistic	he624	295	0	0	0	0	12	0	0	0	0	1.019292	0
holistic	he625	295	0	0	0	0	5	0	0	0	0	0	0
conventional	ce709	295	0	16.314032	0	14	7	1.337360	1.212555	9.504307	4.259810	0	0
holistic	he626	296	3.163712	2.355390	2	2	5	0	0	0	2.355390	0	0
conventional	ce710	296	0	10.463664	0	14	7	0.329451	1.244675	5.709964	3.179574	0	0
conventional	ce711	296	0	14.634740	0	14	7	0.107264	2.505125	7.397497	4.624854	0	0
holistic	he627	297	0	0	0	0	3	0	0	0	0	0	0
conventional	ce712	297	0	25.777083	0	14	7	5.230358	2.079756	13.644549	4.822420	0.607790	0
conventional	ce713	297	0	21.503712	0	14	7	6.045035	0.160455	12.320539	2.977683	0.800510	0
holistic	he628	298	0	1.367911	0	1	4	0	0	1.367911	0	0.275299	0
holistic	he629	298	2.339579	2.339579	1	1	4	0	0	0	2.339579	0.275299	0
holistic	he630	299	0	0	0	0	7	0	0	0	0	0	0
holistic	he631	299	3.624102	3.867734	2	6	11	0	0	0	3.867734	0.909537	0
holistic	he632	299	1.844802	1.950973	1	2	10	0	0	0	1.950973	2.356866	0
conventional	ce714	299	0	9.667432	0	14	7	1.720077	0.602762	4.428029	2.916564	0	0
conventional	ce715	299	2.181626	35.160811	1	14	7	2.911294	2.583219	19.288877	10.377421	0	0
conventional	ce716	299	0	17.875497	0	14	7	3.990035	2.586180	7.235758	4.063524	0.175700	0
holistic	he633	300	0	3.680054	0	12	14	0	0	3.157410	0.522644	3.246374	0
conventional	ce717	300	0	22.391753	0	14	7	7.020734	1.411984	9.229713	4.729322	0.589935	0
conventional	ce718	300	0	24.746003	0	14	7	4.844530	1.960285	12.865380	5.075808	0.071980	0
conventional	ce719	300	0	21.025696	0	14	7	4.158524	2.712046	10.635001	3.520125	0.542058	0
holistic	he634	301	0	0	0	0	10	0	0	0	0	2.247294	0
holistic	he635	301	0	0.601549	0	3	3	0	0	0.601549	0	0.650074	0
holistic	he636	301	0	44.542268	0	48	11	0	0	37.489560	7.052708	0.825897	0
conventional	ce720	301	0	11.051950	0	14	7	1.573626	1.636902	4.740217	3.101205	0	0
conventional	ce721	301	0	21.262072	0	14	7	4.553688	1.231878	7.376998	8.099508	0	0
holistic	he637	302	4.576228	29.590222	2	24	15	0	0	22.516272	7.073950	0.909537	0
conventional	ce722	302	1.030969	18.017791	1	14	7	1.981531	2.320419	10.284247	3.431594	0	0
conventional	ce723	304	0	15.280234	0	14	7	1.355581	1.326033	7.992518	4.606102	0.885043	0
conventional	ce724	304	0	18.072184	0	14	7	1.385560	1.482428	12.454142	2.750054	0.259461	0
holistic	he638	305	4.660532	5.820472	2	6	11	0	0	0	5.820472	0.909537	0
conventional	ce725	305	0	33.240189	0	14	7	3.908160	0.453891	18.749742	10.128396	0	0
conventional	ce726	306	0	28.435180	0	14	7	4.746793	3.589966	12.509421	7.589000	0.045887	0
conventional	ce727	306	0	20.379109	0	14	7	1.234647	0.890414	10.456564	7.797484	0	0
conventional	ce728	307	0	17.160059	0	14	7	1.580332	1.575512	8.768919	5.235296	0	0
conventional	ce729	307	0	29.586629	0	14	7	3.434866	3.415108	18.965324	3.771331	0.007569	0
conventional	ce730	309	0	14.007932	0	14	7	0.896588	1.214107	9.060393	2.836844	0	0
conventional	ce731	309	0	18.148820	0	14	7	2.853724	2.117407	7.456448	5.721241	0	0
conventional	ce732	309	0	16.137023	0	14	7	1.910945	3.291378	6.730330	4.204370	0	0
conventional	ce733	309	0	31.364163	0	14	7	5.595410	5.544742	15.731896	4.492115	0	0
holistic	he639	310	1.844802	2.017168	1	2	7	0	0	0	2.017168	1.571244	0
conventional	ce734	311	0	12.735610	0	14	7	1.783635	1.370164	6.378364	3.203447	0	0
conventional	ce735	311	0	10.272251	0	14	7	1.171124	0.331313	6.217479	2.552335	0	0
conventional	ce736	311	0	11.870918	0	14	7	0.720102	2.973228	4.787612	3.389976	1.368872	0
conventional	ce737	312	0	34.522375	0	14	7	2.698900	6.449458	21.600130	3.773887	0	0
conventional	ce738	312	0	14.329132	0	14	7	0.547689	0.282369	10.078231	3.420843	2.598379	0
conventional	ce739	312	1.218177	20.136104	1	14	7	2.848441	3.419373	9.360173	4.508117	0	0
conventional	ce740	313	0	21.493178	0	14	7	1.475318	2.235128	10.472564	7.310168	0.229998	0
conventional	ce741	313	0	15.173748	0	14	7	1.113679	3.452230	6.926110	3.681729	0	0
conventional	ce742	313	2.241788	32.470611	1	14	7	3.466764	2.037805	20.862971	6.103071	0	0
holistic	he640	314	1.181734	8.646853	1	28	14	0	0	6.813937	1.832916	0.417260	0
holistic	he641	314	0	0	0	0	3	0	0	0	0	0	0
conventional	ce743	314	1.218177	15.203433	1	14	7	1.778426	3.111514	6.532480	3.781013	0	0
conventional	ce744	314	2.181626	35.816441	1	14	7	3.436619	3.137110	17.885655	11.357057	0	0
conventional	ce745	314	0	17.164392	0	14	7	3.018433	1.707189	9.354042	3.084728	0.071980	0
holistic	he642	315	0	0	0	0	3	0	0	0	0	0	0
conventional	ce746	315	0	24.099656	0	14	7	4.632489	0.920116	11.011684	7.535367	0.007569	0
conventional	ce747	315	0	15.604660	0	14	7	0.705539	3.053640	8.000245	3.845236	0	0
conventional	ce748	315	0	13.884215	0	14	7	3.178265	1.709041	7.715461	1.281448	0	0
holistic	he643	316	0	0	0	0	12	0	0	0	0	0.825897	0
conventional	ce749	316	0	15.662077	0	14	7	2.494577	1.813704	7.919277	3.434519	0.071980	0
conventional	ce750	316	0	25.525832	0	14	7	2.583941	0.928571	15.869424	6.143896	0	0
conventional	ce751	317	0	20.126577	0	14	7	4.294527	1.427794	7.696217	6.708039	0	0
conventional	ce752	317	0	14.008202	0	14	7	0.057887	3.711865	5.216519	5.021931	0	0
conventional	ce753	317	0	15.622981	0	14	7	1.549275	3.545851	7.395740	3.132115	1.845969	0
conventional	ce754	317	0	19.937295	0	14	7	3.555095	1.663886	10.832219	3.886095	0.522049	0
holistic	he644	318	0	0	0	0	3	0	0	0	0	0	0
conventional	ce755	318	1.030969	13.555721	1	14	7	1.317572	0.365238	6.984841	4.888070	0	0
conventional	ce756	318	0	14.043770	0	14	7	3.005209	1.249420	7.208975	2.580166	0.071980	0
conventional	ce757	318	0	12.510936	0	14	7	1.720741	0.964472	6.895154	2.930569	0	0
holistic	he645	319	0	0	0	0	6	0	0	0	0	0.236105	0
holistic	he646	319	0	0	0	0	3	0	0	0	0	0	0
holistic	he647	319	0	4.904238	0	4	4	0	0	4.832577	0.071661	0.650074	0
conventional	ce758	319	0	16.943342	0	14	7	2.383297	1.753088	9.443196	3.363761	1.267055	0
conventional	ce759	319	2.181626	33.562394	1	14	7	1.689887	5.686359	18.455839	7.730309	0	0
holistic	he648	320	2.793484	2.793484	2	2	12	0	0	0	2.793484	2.247294	0
conventional	ce760	320	0	9.392250	0	14	7	0.565616	1.181897	6.755687	0.889050	0	0
conventional	ce761	320	0	17.260565	0	14	7	2.319152	1.264493	6.685079	6.991841	0.229998	0
conventional	ce762	320	0	18.200793	0	14	7	4.349999	1.198834	9.619985	3.031975	0.007569	0
conventional	ce763	320	0	19.051086	0	14	7	1.779259	2.101455	11.996404	3.173968	0.007569	0
holistic	he649	321	4.660532	5.685324	2	12	14	0	0	0.291996	5.393328	0.909537	0
holistic	he650	321	7.791700	6.176534	4	4	11	0	0	0	6.176534	0.129178	0
holistic	he651	321	0	7.005066	0	6	14	0	0	7.005066	0	3.034304	0
conventional	ce764	321	1.030969	17.811891	1	14	7	1.820613	2.521582	9.761301	3.708395	0	0
conventional	ce765	321	0	13.424584	0	14	7	1.895063	0.635867	6.766505	4.127149	0.148857	0
conventional	ce766	321	0	16.997386	0	14	7	4.345875	1.024812	9.107228	2.519471	0.007569	0
conventional	ce767	321	0	22.821072	0	14	7	5.645973	1.677099	7.017049	8.480951	0	0
holistic	he652	322	0	0	0	0	3	0	0	0	0	0	0
holistic	he653	322	0	0	0	0	6	0	0	0	0	0.895978	0
holistic	he654	322	0	0	0	0	3	0	0	0	0	0	0
holistic	he655	323	0	6.358662	0	9	15	0	0	4.745958	1.612704	2.834970	0
conventional	ce768	323	0	11.416136	0	14	7	2.328237	0.462937	6.495776	2.129186	0	0
holistic	he656	324	4.749122	5.640458	4	4	10	0	0	0	5.640458	0.679528	0
conventional	ce769	324	0	15.611292	0	14	7	3.379739	1.455115	5.667697	5.108741	0	0
conventional	ce770	324	0	26.092332	0	14	7	1.124021	3.420897	14.664124	6.883290	0	0
conventional	ce771	324	0	10.004492	0	14	7	0.960987	1.619071	6.448979	0.975455	0	0
holistic	he657	325	0	0.601549	0	3	3	0	0	0.601549	0	1.309665	0
holistic	he658	325	0	0	0	0	8	0	0	0	0	0.382449	0
conventional	ce772	325	0	27.603475	0	14	7	4.731939	3.090005	15.180111	4.601420	0.071980	0
conventional	ce773	325	0	19.804743	0	14	7	3.752802	1.527303	9.714603	4.810035	0.071980	0
conventional	ce774	325	3.290847	17.621794	2	14	7	1.517565	0.821954	10.431349	4.850926	0	0
conventional	ce775	325	0.510887	18.635043	1	14	7	2.998526	1.298866	10.564849	3.772802	0	0
holistic	he659	326	2.044306	15.900906	2	12	8	0	0	9.605184	6.295722	0.303179	0
holistic	he660	326	5.922076	8.803250	4	4	11	0	0	0	8.803250	0.509532	0
holistic	he661	326	2.386584	2.386584	1	1	7	0	0	0	2.386584	0.275299	0
conventional	ce776	326	0	17.141886	0	14	7	3.564903	2.139458	8.244218	3.193307	1.635615	0
holistic	he662	327	0	0	0	0	4	0	0	0	0	0	0
holistic	he663	327	0	1.401158	0	1	4	0	0	1.401158	0	0.275299	0
holistic	he664	327	0.614412	14.314641	1	6	7	0	0	8.298078	6.016563	0.129178	0
conventional	ce777	327	0	12.228004	0	14	7	1.295557	1.440244	8.354748	1.137455	0	0
conventional	ce778	327	2.181626	19.284335	1	14	7	1.731101	1.098896	12.914045	3.540293	0	0
conventional	ce779	327	0	24.822668	0	14	7	4.150537	1.320590	13.377203	5.974338	0.071980	0
conventional	ce780	327	0	9.897130	0	14	7	1.327615	1.622312	3.656364	3.290839	0.444229	0
holistic	he665	328	6.864342	47.898426	3	39	16	0	0	33.774408	14.124018	0.606358	0
holistic	he666	328	0	0	0	0	6	0	0	0	0	0.895978	0
holistic	he667	328	0	0	0	0	5	0	0	0	0	0	0
conventional	ce781	328	0	20.410626	0	14	7	4.364260	1.342776	7.610064	7.093526	0	0
conventional	ce782	328	0	22.932568	0	14	7	3.287587	2.974664	12.128812	4.541505	1.352117	0
conventional	ce783	328	0	19.490292	0	14	7	2.626323	3.217198	10.482988	3.163783	0.071980	0
conventional	ce784	328	0	23.843280	0	14	7	1.626371	1.282741	15.573134	5.361034	0	0
conventional	ce785	328	0	26.202873	0	14	7	4.043457	1.286944	15.214368	5.658104	0.071980	0
conventional	ce786	329	0	18.507527	0	14	7	3.060286	2.170440	10.103786	3.173015	0.007569	0
conventional	ce787	329	0	17.458517	0	14	7	0.753892	1.716410	11.145842	3.842373	0.071980	0
holistic	he668	330	0	0	0	0	7	0	0	0	0	0.876581	0
holistic	he669	330	0	0	0	0	10	0	0	0	0	1.651116	0
conventional	ce788	330	0.921118	13.883631	1	14	7	1.753691	2.622185	5.761221	3.746534	0	0
conventional	ce789	330	0	20.454735	0	14	7	3.018768	2.666919	11.460138	3.308910	0.007569	0
conventional	ce790	330	0	19.545544	0	14	7	2.312612	0.904535	9.864902	6.463495	0	0
conventional	ce791	330	0	18.684537	0	14	7	1.485648	3.917981	8.179568	5.101340	0.175700	0
holistic	he670	331	0	0	0	0	3	0	0	0	0	0.275299	0
holistic	he671	331	0	0	0	0	3	0	0	0	0	0	0
conventional	ce792	331	0	26.458651	0	14	7	2.995862	5.275407	14.201154	3.986228	0	0
holistic	he672	332	0	0	0	0	3	0	0	0	0	0.650074	0
holistic	he673	332	0	5.506716	0	6	14	0	0	5.506716	0	3.034304	0
holistic	he674	332	0	0.372360	0	2	4	0	0	0.372360	0	0.650074	0
conventional	ce793	332	1.871855	14.434847	1	14	7	2.788028	2.636141	5.198331	3.812347	0	0
conventional	ce794	332	0	20.384316	0	14	7	4.796307	1.176999	5.261464	9.149546	0	0
holistic	he675	333	0	0	0	0	8	0	0	0	0	2.182388	0
holistic	he676	333	0	0	0	0	4	0	0	0	0	0	0
conventional	ce795	333	2.241788	37.470679	1	14	7	4.388512	2.350869	24.008558	6.722740	0.153639	0
holistic	he677	334	0.788246	11.847996	2	14	16	0	0	5.364060	6.483936	2.057447	0
holistic	he678	334	0	0	0	0	3	0	0	0	0	0	0
holistic	he679	334	2.339579	2.339579	1	1	4	0	0	0	2.339579	0.945433	0
conventional	ce796	334	0	18.858801	0	14	7	1.024852	4.362263	8.218395	5.253291	0.175700	0
conventional	ce797	334	0	16.247699	0	14	7	3.297842	1.531619	6.152212	5.266026	0.229998	0
holistic	he680	335	2.374561	2.820229	2	2	6	0	0	0	2.820229	0	0
holistic	he681	335	0	5.688348	0	8	6	0	0	5.688348	0	0.550598	0
holistic	he682	336	1.844802	1.844802	1	1	10	0	0	0	1.844802	2.356866	0
conventional	ce798	336	1.217768	22.207124	1	14	7	2.713378	2.803138	9.583721	7.106887	0	0
holistic	he683	337	0	0	0	0	7	0	0	0	0	0	0
holistic	he684	337	0.943388	0.943388	1	1	8	0	0	0	0.943388	1.123647	0
holistic	he685	337	0	0.601549	0	3	3	0	0	0.601549	0	1.309665	0
holistic	he686	337	0	5.680416	0	14	18	0	0	5.075112	0.605304	1.916252	0
conventional	ce799	337	0	24.872289	0	14	7	4.488665	1.109490	13.168898	6.105236	0.071980	0
conventional	ce800	337	0	11.670985	0	14	7	1.577144	0.174173	6.232265	3.687403	0	0
holistic	he687	338	0	0	0	0	3	0	0	0	0	1.300148	0
holistic	he688	338	1.868091	1.868091	1	1	3	0	0	0	1.868091	0	0.743048
holistic	he689	338	0	0	0	0	6	0	0	0	0	0.923123	0
conventional	ce801	338	0	21.739988	0	14	7	4.266686	1.291007	9.708786	6.473509	0	0
holistic	he690	339	1.386812	3.294340	1	4	5	0	0	1.389310	1.905030	0.785622	0
holistic	he691	339	0	0.607721	0	3	3	0	0	0.607721	0	1.309665	0
conventional	ce802	339	0	16.495044	0	14	7	2.768005	1.358584	4.703338	7.665117	0	0
conventional	ce803	339	0	15.834083	0	14	7	2.602268	0.923984	8.818984	3.488847	0	0
holistic	he692	340	2.339579	2.339579	1	1	4	0	0	0	2.339579	0	0
conventional	ce804	340	0	10.312742	0	14	7	1.186585	1.043444	5.483597	2.599116	0	0
holistic	he693	341	0	4.701546	0	6	14	0	0	4.701546	0	3.488746	0
holistic	he694	341	0	0.888022	0	3	3	0	0	0.888022	0	0.114606	0
holistic	he695	341	0	0	0	0	8	0	0	0	0	1.123647	0
holistic	he696	341	2.848507	2.848507	1	1	5	0	0	0	2.848507	0.105807	0
holistic	he697	341	0	0	0	0	6	0	0	0	0	0.895978	0
conventional	ce805	341	0	17.758216	0	14	7	3.073911	2.205776	8.213836	4.264693	1.635615	0
conventional	ce806	341	2.181626	40.019408	1	14	7	3.695044	2.213560	23.852581	10.258223	0	0
conventional	ce807	341	0	14.498237	0	14	7	2.299904	2.316749	6.233314	3.648270	0.007569	0
holistic	he698	342	0	0	0	0	3	0	0	0	0	0	0
conventional	ce808	342	2.241788	19.280628	1	14	7	4.619629	0.975848	6.795219	6.889932	0.153639	0
conventional	ce809	342	0	24.893140	0	14	7	3.513044	1.881220	10.534175	8.964701	0	0
conventional	ce810	342	0	22.964961	0	14	7	0.778951	4.406122	12.335535	5.444353	0.147673	0
conventional	ce811	342	0	18.425052	0	14	7	2.648460	2.180764	8.771718	4.824110	2.221776	0
conventional	ce812	342	0	10.992735	0	14	7	1.491707	0.989883	6.827505	1.683640	0	0
holistic	he699	343	3.703876	3.763256	2	6	14	0	0	0	3.763256	1.571244	0
conventional	ce813	343	0	8.133850	0	14	7	1.500015	0.368062	4.950856	1.314917	0	0
holistic	he700	344	0	0	0	0	8	0	0	0	0	0.964476	0
holistic	he701	344	0	0	0	0	4	0	0	0	0	0	0
conventional	ce814	344	1.275528	23.420264	1	14	7	2.379195	3.314064	12.602716	5.124289	0	0
conventional	ce815	344	0	32.603391	0	14	7	3.854630	5.465520	17.459811	5.823430	0	0
conventional	ce816	344	0	19.569321	0	14	7	3.811552	0.484824	10.011440	5.261505	0	0
holistic	he702	346	0	0	0	0	3	0	0	0	0	0	0
conventional	ce817	346	0	23.611165	0	14	7	1.617604	3.513125	9.467615	9.012821	0	0
conventional	ce818	346	0	24.801436	0	14	7	2.751229	1.759905	12.790359	7.499943	0.007569	0
conventional	ce819	346	2.537477	21.684867	1	14	7	1.577129	5.101985	9.912778	5.092975	0	0
conventional	ce820	346	0	22.159403	0	14	7	3.831766	1.116019	9.623617	7.588001	0	0
conventional	ce821	346	0	23.978104	0	14	7	3.675142	2.135989	10.223975	7.942998	0	0
holistic	he703	347	0	0	0	0	4	0	0	0	0	0	0
conventional	ce822	347	0	34.996950	0	14	7	3.223941	3.362663	17.589997	10.820349	0.131500	0
holistic	he704	348	0	0	0	0	3	0	0	0	0	0.650074	0
holistic	he705	348	0	0	0	0	10	0	0	0	0	1.744696	0
holistic	he706	348	0.614412	14.915659	1	5	7	0	0	8.484756	6.430903	0.129178	0
conventional	ce823	348	0	14.732147	0	14	7	2.620784	1.887240	6.979452	3.244671	0.007569	0
holistic	he707	349	0	0	0	0	6	0	0	0	0	0.923123	0
conventional	ce824	349	2.537477	19.444435	1	14	7	0.231543	4.881588	9.666134	4.665170	0	0
holistic	he708	350	0	0	0	0	2	0	0	0	0	1.309665	0
holistic	he709	350	0	0	0	0	3	0	0	0	0	0.297101	0
holistic	he710	350	0	0	0	0	6	0	0	0	0	0.895978	0
holistic	he711	350	0	0	0	0	3	0	0	0	0	0	0
holistic	he712	350	1.844802	1.844802	1	1	13	0	0	0	1.844802	2.356866	0
conventional	ce825	350	0	12.786809	0	14	7	1.824453	0.672757	5.549190	4.740409	0	0
conventional	ce826	350	0	12.316807	0	14	7	1.886811	1.370164	6.237232	2.822600	0.496366	0
holistic	he713	351	4.179016	4.422648	2	6	11	0	0	0	4.422648	0.909537	0
holistic	he714	351	1.844802	1.844802	1	1	7	0	0	0	1.844802	1.571244	0
conventional	ce827	351	1.823069	17.104946	1	14	7	2.120908	3.241971	10.094153	1.647914	0	0
conventional	ce828	351	0	30.248385	0	14	7	7.180271	2.157773	14.590447	6.319894	0.388839	0
holistic	he715	352	0	0	0	0	6	0	0	0	0	0.923123	0
holistic	he716	352	0	6.268728	0	8	14	0	0	6.268728	0	5.199462	0
holistic	he717	353	2.890800	10.328856	2	10	10	0	0	7.112924	3.215932	0.363308	0
holistic	he718	354	0	1.023600	0	10	10	0	0	0.758404	0.265196	2.363810	0
holistic	he719	355	0.386118	0.386118	2	2	6	0	0	0	0.386118	0	0
conventional	ce829	355	0	24.871108	0	14	7	5.696436	1.148452	10.803329	7.222891	0	0
holistic	he720	356	0	0	0	0	6	0	0	0	0	0.314996	0
holistic	he721	357	0	0	0	0	2	0	0	0	0	0.650074	0
conventional	ce830	357	0	24.729570	0	14	7	3.840328	0.671187	10.534449	9.683606	1.626765	0
holistic	he722	358	0	0.349917	0	3	3	0	0	0.349917	0	1.309665	0
holistic	he723	358	1.022153	1.022153	1	1	5	0	0	0	1.022153	0.105807	0
holistic	he724	359	4.749122	5.230692	4	4	12	0	0	0	5.230692	0	0
holistic	he725	359	2.886258	2.886258	1	1	7	0	0	0	2.886258	0.275299	0
holistic	he726	359	2.848507	2.848507	1	1	5	0	0	0	2.848507	0.468038	0
holistic	he727	359	0.614412	14.266168	1	6	7	0	0	7.897886	6.368282	0.129178	0
conventional	ce831	359	0	26.694136	0	14	7	2.977397	1.937214	16.157671	5.621854	0	0
holistic	he728	360	0.382224	0.382224	2	2	8	0	0	0	0.382224	1.744696	0
holistic	he729	360	0	0	0	0	4	0	0	0	0	0.275299	0
conventional	ce832	360	1.030969	10.649976	1	14	7	0.932026	0.331313	5.660257	3.726380	0	0
conventional	ce833	360	0	19.305306	0	14	7	3.309302	0.819078	8.879868	6.297058	0	0
holistic	he730	361	4.660532	6.494600	2	6	11	0	0	0	6.494600	0.303179	0
holistic	he731	361	0	1.280856	0	2	3	0	0	1.280856	0	0.275299	0
conventional	ce834	361	0	20.411676	0	14	7	2.300086	2.601221	11.837754	3.672615	0.007569	0
conventional	ce835	361	0.601913	12.529268	1	14	7	1.888557	1.032789	4.195523	5.412399	0.157574	0
holistic	he732	362	0	0.875544	0	12	18	0	0	0.799192	0.076352	1.928952	0
holistic	he733	362	0	0	0	0	2	0	0	0	0	0	0
holistic	he734	362	6.864342	33.156078	3	39	16	0	0	26.188668	6.967410	0.606358	0
conventional	ce836	362	2.181626	25.991481	1	14	7	2.409235	1.304259	14.307901	7.970086	0	0
conventional	ce837	362	2.241788	55.672864	1	14	7	2.959332	4.983113	35.503710	12.226709	0.153639	0
holistic	he735	363	0	0	0	0	9	0	0	0	0	1.212716	0
conventional	ce838	363	0	36.375788	0	14	7	4.585193	1.030811	22.129372	8.630412	0.131500	0
conventional	ce839	363	0	24.205356	0	14	7	4.674590	3.268680	12.397759	3.864327	0.071980	0
conventional	ce840	364	0	18.190528	0	14	7	4.272122	0.405773	8.698119	4.814514	0	0
holistic	he736	365	2.195474	2.195474	1	1	4	0	0	0	2.195474	0.945433	0
holistic	he737	365	0	0	0	0	6	0	0	0	0	1.532728	0
holistic	he738	365	0	0	0	0	7	0	0	0	0	0	0
holistic	he739	366	0	0	0	0	3	0	0	0	0	0	0
holistic	he740	366	0	0.296824	0	3	3	0	0	0.296824	0	1.309665	0
holistic	he741	367	2.793484	2.793484	2	2	14	0	0	0	2.793484	2.750436	0
conventional	ce841	367	0	34.565615	0	14	7	3.773667	2.482029	18.355641	9.954278	0.310927	0
conventional	ce842	367	0	20.150049	0	14	7	3.465237	0.871165	9.874743	5.938904	0	0
holistic	he742	368	2.848507	2.848507	1	1	5	0	0	0	2.848507	0.105807	0
conventional	ce843	369	0	11.391541	0	14	7	0.879383	0.690977	7.135784	2.685397	0	0
conventional	ce844	369	2.181626	45.067098	1	14	7	2.372572	5.338885	26.533713	10.821928	0	0
conventional	ce845	371	0	18.971317	0	14	7	3.779968	0.484824	9.132028	5.574497	0	0
conventional	ce846	371	1.030969	14.301226	1	14	7	0.740094	2.346312	8.782488	2.432332	0.602169	0
conventional	ce847	371	0	20.091293	0	14	7	1.233196	4.338699	9.697338	4.822060	0.288258	0
conventional	ce848	372	1.835326	12.750525	1	14	7	2.234976	1.364036	5.859540	3.291973	0	0
conventional	ce849	373	0	35.235998	0	14	7	4.916785	1.415224	23.856135	5.047854	0.007569	0
conventional	ce850	373	0	17.223313	0	14	7	3.115044	0.661806	8.932359	4.514104	0	0
holistic	he743	374	3.664688	3.664688	1	1	8	0	0	0	3.664688	0.105807	0
conventional	ce851	374	0	22.751122	0	14	7	2.123468	1.337935	14.940511	4.349208	0	0
conventional	ce852	374	0	19.532733	0	14	7	2.801153	2.112025	9.074746	5.544809	0	0
conventional	ce853	374	1.030969	15.697125	1	14	7	2.057975	0.435624	7.833507	5.370019	0	0
conventional	ce854	375	0	27.050882	0	14	7	3.359472	1.208902	15.847753	6.634755	0	0
conventional	ce855	376	0	29.755408	0	14	7	2.110837	3.419936	17.736072	6.488563	0	0
holistic	he744	377	0	0	0	0	3	0	0	0	0	0	0
conventional	ce856	377	0	16.491715	0	14	7	2.562087	0.325900	8.681672	4.922056	0.007569	0
conventional	ce857	377	0.502850	19.592317	1	14	7	2.431289	1.666253	5.521744	9.973031	0	0
conventional	ce858	377	0	23.000946	0	14	7	2.097645	2.021148	14.363616	4.518537	0.894540	0
holistic	he745	378	0	0	0	0	3	0	0	0	0	0	0
conventional	ce859	378	0	9.386114	0	14	7	1.748011	0.474502	5.956736	1.206865	0	0
conventional	ce860	378	0	28.391997	0	14	7	0.653871	3.468742	17.393058	6.876326	0	0
conventional	ce861	378	0	20.076074	0	14	7	4.425438	2.161989	9.186189	4.302458	1.089242	0
holistic	he746	379	0	0	0	0	3	0	0	0	0	0	0
holistic	he747	379	0	0.964940	0	4	8	0	0	0.964940	0	2.182388	0
conventional	ce862	379	0	22.292134	0	14	7	2.494495	0.593319	14.091863	5.112457	0	0
conventional	ce863	379	0	31.517733	0	14	7	3.383134	1.031461	21.742360	5.360778	0	0
holistic	he748	380	0	0	0	0	4	0	0	0	0	0	0
conventional	ce864	380	0	14.824537	0	14	7	1.636493	2.191349	8.211465	2.785230	0.496366	0
conventional	ce865	380	0	24.715897	0	14	7	3.902781	1.379626	14.493590	4.939900	0	0
conventional	ce866	380	2.181626	27.241597	1	14	7	2.636062	0.722219	13.414343	10.468973	0	0
conventional	ce867	380	2.181626	27.096265	1	14	7	3.318641	1.799106	16.122582	5.855936	0	0
holistic	he749	381	0	0	0	0	8	0	0	0	0	0.690868	0
holistic	he750	381	0	0	0	0	12	0	0	0	0	0	0
conventional	ce868	381	0	22.393622	0	14	7	0.478863	4.609546	10.806497	6.498716	0.288258	0
conventional	ce869	381	0	19.987718	0	14	7	3.331838	2.249871	11.113363	3.292646	0.007569	0
holistic	he751	382	2.345342	7.309790	2	10	18	0	0	3.006056	4.303734	5.932932	0
holistic	he752	382	0	0	0	0	5	0	0	0	0	0.105807	0
conventional	ce870	383	0	10.361289	0	14	7	1.822133	0.630693	4.942756	2.965707	0	0
conventional	ce871	383	0	22.838570	0	14	7	1.616324	3.398043	12.249558	5.574645	0.007569	0
conventional	ce872	384	0	25.784557	0	14	7	3.660573	1.551483	13.694063	6.878438	0.238839	0
conventional	ce873	384	0	19.608685	0	14	7	2.293824	1.654403	8.007566	7.652892	0	0
conventional	ce874	384	1.275528	28.693500	1	14	7	3.118477	3.411235	15.669397	6.494391	0	0
conventional	ce875	384	0	12.275693	0	14	7	1.444614	0.989883	7.959600	1.881596	0	0
holistic	he753	385	0	0	0	0	8	0	0	0	0	2.182388	0
holistic	he754	385	4.460662	5.575694	2	2	7	0	0	1.911006	3.664688	0.076630	0
holistic	he755	385	0	0	0	0	8	0	0	0	0	1.609422	0
conventional	ce876	385	0	21.912247	0	14	7	0.103452	3.497513	9.485436	8.825846	0	0
conventional	ce877	385	2.241788	44.293347	1	14	7	5.705255	3.411812	26.310935	8.865345	0.593770	0
holistic	he756	386	0	0	0	0	8	0	0	0	0	0.594899	0
holistic	he757	386	0	0	0	0	5	0	0	0	0	0.166743	0
conventional	ce878	386	0	21.576329	0	14	7	1.836647	3.130835	11.029577	5.579270	0	0
conventional	ce879	386	0	20.704175	0	14	7	4.078726	0.816593	5.501979	10.306877	0	0
conventional	ce880	386	0.995950	11.771293	1	14	7	2.049112	0.167579	6.248748	3.305854	0	0
holistic	he758	387	0.943388	0.943388	1	1	8	0	0	0	0.943388	1.123647	0
holistic	he759	387	0	0	0	0	6	0	0	0	0	0.895978	0
conventional	ce881	387	0	20.706376	0	14	7	2.052737	1.498359	11.090917	6.064363	0	0
conventional	ce882	387	0	26.679006	0	14	7	4.271764	1.627052	14.533530	6.246660	0.288258	0
conventional	ce883	387	0	25.305902	0	14	7	2.051450	1.629303	17.184593	4.440556	0	0
holistic	he760	388	0	0	0	0	6	0	0	0	0	0.535932	0
conventional	ce884	388	2.181626	22.720799	1	14	7	2.559081	1.658773	9.755722	8.747223	0	0
conventional	ce885	388	0	20.170932	0	14	7	4.790690	1.209465	9.866963	4.303814	0	0
conventional	ce886	388	0	21.419467	0	14	7	3.430751	0.458633	12.277800	5.252283	0	0
holistic	he761	389	2.339579	2.339579	1	1	4	0	0	0	2.339579	0.498788	0
conventional	ce887	389	0	21.089047	0	14	7	6.267637	2.266194	5.066639	7.488577	0	0
holistic	he762	390	0	0	0	0	7	0	0	0	0	0	0
conventional	ce888	390	0	28.176435	0	14	7	0.646470	3.319334	16.924986	7.285645	0.007569	0
conventional	ce889	390	2.537477	24.067061	1	14	7	1.523744	5.162576	11.441235	5.939506	0	0
conventional	ce890	390	0	16.495143	0	14	7	2.835765	2.409525	7.120188	4.129665	0.393564	0
conventional	ce891	390	0	21.224513	0	14	7	3.282591	3.124802	10.922156	3.894964	0.007569	0
holistic	he763	391	0	0	0	0	12	0	0	0	0	2.019762	0
conventional	ce892	391	0	12.056212	0	14	7	1.479300	0.358513	8.930765	1.287634	0	0
conventional	ce893	391	0	29.379659	0	14	7	4.600352	1.517439	16.474282	6.787586	0	0
holistic	he764	392	0	0	0	0	2	0	0	0	0	0	0
holistic	he765	392	9.128220	12.351327	6	6	10	0	0	0	12.351327	0.303179	0
holistic	he766	392	0	0	0	0	3	0	0	0	0	0.275299	0
conventional	ce894	392	0	18.973724	0	14	7	4.404245	1.944692	8.201225	4.423562	0	0
conventional	ce895	392	0	27.103776	0	14	7	3.412049	3.123816	15.634499	4.933412	0.641976	0
conventional	ce896	392	0	19.394765	0	14	7	3.970558	0.438020	9.666713	5.319474	0	0
holistic	he767	393	0	0	0	0	8	0	0	0	0	1.609422	0
holistic	he768	393	0	5.722352	0	12	6	1.448624	0	4.273728	0	2.182388	0
conventional	ce897	393	0	17.223789	0	14	7	2.507602	2.095270	8.040152	4.580765	2.970880	0
holistic	he769	394	0	3.728544	0	10	12	0	0	3.601860	0.126684	0	0
holistic	he770	394	0	3.798901	0	2	3	0	0	3.798901	0	0.764231	0
holistic	he771	395	0	0	0	0	13	0	0	0	0	2.711442	0
conventional	ce898	395	0	7.308652	0	14	7	0.907048	0.286628	4.759092	1.355884	0	0
conventional	ce899	395	0	15.318478	0	14	7	2.641353	1.327571	9.174545	2.175009	0	0
holistic	he772	396	0.614412	16.927690	1	5	7	0	0	9.574826	7.352864	0.549999	0
holistic	he773	396	0	0	0	0	10	0	0	0	0	1.188308	0
holistic	he774	396	0	0	0	0	6	0	0	0	0	0	0
holistic	he775	396	0	0	0	0	4	0	0	0	0	0	0
holistic	he776	397	1.844802	1.844802	1	1	13	0	0	0	1.844802	2.356866	0
holistic	he777	397	0.977146	15.936568	1	5	8	0	0	9.142931	6.793637	0.129178	0
conventional	ce900	397	0	19.144159	0	14	7	2.731537	2.534151	10.054716	3.823755	0.007569	0
holistic	he778	398	0	0	0	0	8	0	0	0	0	1.123647	0
holistic	he779	398	0	0	0	0	9	0	0	0	0	0.285804	0
conventional	ce901	398	0	22.629208	0	14	7	2.508626	1.589585	11.845166	6.685831	0	0
conventional	ce902	398	0	28.621115	0	14	7	0.308811	5.489962	14.321037	8.501305	0.636692	0
conventional	ce903	398	0	5.952511	0	14	7	0.222309	0.252812	3.050522	2.426868	0	0
conventional	ce904	398	0	27.887989	0	14	7	3.639146	2.787699	14.038419	7.422725	0.007569	0
holistic	he780	399	0	0	0	0	12	0	0	0	0	1.381736	0
holistic	he781	399	0	0	0	0	8	0	0	0	0	1.734188	0
holistic	he782	399	0	0	0	0	1	0	0	0	0	0	0
conventional	ce905	399	2.181626	35.800950	1	14	7	3.517790	1.280106	21.359407	9.643647	0	0
holistic	he783	400	3.288197	3.288197	1	1	5	0	0	0	3.288197	0.437327	0
holistic	he784	400	0	0	0	0	4	0	0	0	0	0.275299	0
holistic	he785	400	1.882266	1.882266	1	1	10	1.882266	0	0	0	1.188308	0
conventional	ce906	400	2.241788	39.812610	1	14	7	6.476374	2.564548	25.184660	5.587028	1.326502	0
conventional	ce907	400	1.445458	21.787086	1	14	7	3.830693	2.316600	9.604417	6.035376	0	0
holistic	he786	401	0	0	0	0	3	0	0	0	0	1.309665	0
holistic	he787	401	0	5.415503	0	3	5	0	0	5.304943	0.110560	0.105807	0
holistic	he788	401	0	0	0	0	6	0	0	0	0	0.417260	0
holistic	he789	401	0	0	0	0	3	0	0	0	0	0.628372	0
holistic	he790	401	0	0	0	0	9	0	0	0	0	0.285804	0
conventional	ce908	401	0	8.820150	0	14	7	1.992710	0.611278	4.567272	1.648890	0	0
conventional	ce909	401	0	25.936509	0	14	7	1.370308	4.932240	12.588511	7.045450	0.288258	0
holistic	he791	402	0.735589	1.252362	1	3	7	0	0	0.494184	0.758178	0.895978	0
conventional	ce910	402	0.516500	22.266051	1	14	7	2.565721	3.152434	12.595216	3.952680	0	0
conventional	ce911	402	0	47.907646	0	14	7	5.677841	2.613237	31.861014	7.755554	0.007569	0
conventional	ce912	402	0	16.072375	0	14	7	2.289405	2.986313	7.319160	3.477497	2.324570	0
holistic	he792	403	2.793484	2.793484	2	2	14	0	0	0	2.793484	2.750436	0
conventional	ce913	403	0	21.207104	0	14	7	1.915123	2.190201	10.879451	6.222329	3.213922	0
conventional	ce914	403	2.241788	32.826325	1	14	7	3.727680	2.076596	19.366097	7.655952	0.593770	0
holistic	he793	404	0	0	0	0	5	0	0	0	0	0.105807	0
holistic	he794	404	2.793484	2.793484	2	2	14	0	0	0	2.793484	2.750436	0
conventional	ce915	404	0	19.916170	0	14	7	3.468168	0.814903	9.447062	6.186037	0	0
conventional	ce916	404	0	21.661372	0	14	7	2.589265	1.371300	14.395259	3.305548	0	0
conventional	ce917	404	0	24.592282	0	14	7	2.060002	3.492506	10.196904	8.842870	0	0
conventional	ce918	404	0	22.550622	0	14	7	2.586195	4.695380	11.241259	4.027788	0	0
holistic	he795	405	0	0	0	0	3	0	0	0	0	0.672875	0
conventional	ce919	405	0	12.819970	0	14	7	2.356503	1.480460	6.384411	2.598596	0.720900	0
conventional	ce920	406	0	28.094778	0	14	7	0.480245	3.492971	16.992936	7.128626	1.040313	0
conventional	ce921	406	2.537477	18.543417	1	14	7	0.237334	4.554199	9.732756	4.019128	0	0
conventional	ce922	406	0	22.451105	0	14	7	0.285881	3.143297	9.915025	9.106902	0	0
conventional	ce923	406	0	11.200437	0	14	7	1.185033	0.302180	8.180512	1.532712	0	0
conventional	ce924	406	0	9.288014	0	14	7	1.834209	0.657647	5.073415	1.722743	0	0
conventional	ce925	407	0	9.485111	0	14	7	0.725466	0.480593	4.829515	3.449537	0.593071	0
holistic	he796	408	2.848507	2.848507	1	1	5	0	0	0	2.848507	0.105807	0
holistic	he797	408	0	0	0	0	3	0	0	0	0	0.837542	0
holistic	he798	408	0	0	0	0	4	0	0	0	0	0.105807	0
conventional	ce926	408	0	15.713731	0	14	7	1.488445	0.373671	7.531964	6.319651	0	0
conventional	ce927	408	0	23.315157	0	14	7	2.406240	2.148285	9.745411	9.015221	2.979187	0
holistic	he799	409	0	0	0	0	5	0	0	0	0	0.105807	0
conventional	ce928	409	0	37.307927	0	14	7	4.045107	2.507698	20.348025	10.407097	3.213922	0
conventional	ce929	409	0	26.585371	0	14	7	2.340806	2.246582	11.994048	10.003935	0	0
conventional	ce930	409	0	23.480875	0	14	7	1.981850	1.999535	13.731022	5.768468	1.271340	0
holistic	he800	410	0	5.415503	0	3	5	0	0	5.304943	0.110560	0.105807	0
holistic	he801	410	0	0	0	0	9	0	0	0	0	0	0
holistic	he802	410	2.793484	2.793484	2	2	13	0	0	0	2.793484	2.750436	0
holistic	he803	410	0	0	0	0	8	0	0	0	0	1.734188	0
holistic	he804	410	0	0	0	0	4	0	0	0	0	0.275299	0
holistic	he805	410	0.601241	0.601241	1	1	13	0	0	0	0.601241	5.965518	0
conventional	ce931	410	0	32.125959	0	14	7	0.650484	3.151312	21.022015	7.302148	0.937039	0
conventional	ce932	410	0	24.140963	0	14	7	0.405412	3.241439	15.424525	5.069587	0	0
conventional	ce933	410	1.284578	13.366875	1	14	7	1.670045	1.026941	8.840829	1.829060	0	0
conventional	ce934	410	0	18.158529	0	14	7	3.093228	0.267711	8.814666	5.982924	0.007569	0
conventional	ce935	410	0	29.276745	0	14	7	5.654670	1.641053	13.013246	8.967776	0	0
holistic	he806	411	0	0	0	0	7	0	0	0	0	0	0
conventional	ce936	411	0	17.945640	0	14	7	0.327592	5.012332	9.296297	3.309419	0	0
conventional	ce937	411	2.181626	32.193617	1	14	7	5.272913	4.551464	15.947259	6.421981	0	0
holistic	he807	412	0	0.325304	0	1	4	0	0	0.325304	0	0.275299	0
holistic	he808	412	0	0	0	0	4	0	0	0	0	0.105807	0
holistic	he809	412	1.396742	1.396742	1	1	6	0	0	0	1.396742	0.258833	0
holistic	he810	415	0	0	0	0	10	0	0	0	0	1.188308	0
conventional	ce938	415	0	5.775885	0	14	7	0.914793	0.149585	3.918392	0.793115	0	0
holistic	he811	416	2.886258	2.886258	1	1	7	0	0	0	2.886258	0.351082	0
holistic	he812	417	0	0	0	0	5	0	0	0	0	1.169587	0
holistic	he813	417	0	0	0	0	6	0	0	0	0	0.945433	0
holistic	he814	418	0	0	0	0	9	0	0	0	0	0.592889	0
holistic	he815	418	0	5.475643	0	3	5	0	0	5.376375	0.099268	0.105807	0
holistic	he816	419	0	0.721616	0	10	15	0	0	0.645264	0.076352	1.096833	0
holistic	he817	419	2.812333	2.812333	1	1	4	0	0	0	2.812333	0.498788	0
conventional	ce939	419	0	21.368446	0	14	7	3.631918	1.146331	8.624538	7.965659	0	0
holistic	he818	420	0	0	0	0	3	0	0	0	0	0	0
holistic	he819	420	3.664688	3.664688	1	1	4	0	0	0	3.664688	1.309665	0
holistic	he820	420	0	0	0	0	8	0	0	0	0	1.765128	0
holistic	he821	421	0	0	0	0	7	0	0	0	0	1.386950	0
holistic	he822	421	0	0	0	0	7	0	0	0	0	1.143552	0
conventional	ce940	421	0	28.360368	0	14	7	0.390893	3.081463	17.421591	7.466421	1.291597	0
conventional	ce941	421	0	24.045322	0	14	7	0.536582	5.258147	11.749314	6.501279	0.288258	0
holistic	he823	422	0	0	0	0	10	0	0	0	0	1.188308	0
conventional	ce942	422	0	16.929697	0	14	7	4.569153	0.959464	7.283998	4.117082	0	0
conventional	ce943	422	0	30.149251	0	14	7	0.891511	2.960775	16.839560	9.457405	0.133684	0
conventional	ce944	423	2.241788	52.707406	1	14	7	5.708817	2.416575	33.137603	11.444411	0.593770	0
holistic	he824	424	0	0	0	0	3	0	0	0	0	0.498788	0
holistic	he825	425	0	0	0	0	6	0	0	0	0	0.882564	2.483687
holistic	he826	425	0.735589	1.252362	1	3	7	0	0	0.494184	0.758178	0.895978	0
holistic	he827	425	0	0	0	0	5	0	0	0	0	0.234179	0
holistic	he828	426	0	0	0	0	6	0	0	0	0	1.338990	0
holistic	he829	427	0	0	0	0	3	0	0	0	0	1.309665	0
conventional	ce945	427	0	31.030985	0	14	7	4.233930	1.550399	17.179141	8.067515	0	0
holistic	he830	428	0	0	0	0	5	0	0	0	0	0.125553	0
holistic	he831	428	0	0	0	0	6	0	0	0	0	0.346039	0
conventional	ce946	429	0	27.419130	0	14	7	2.036717	3.647076	13.639928	8.095409	0	0
conventional	ce947	429	2.241788	48.590727	1	14	7	6.469172	4.656438	28.284919	9.180198	1.060732	0
conventional	ce948	429	0	29.717274	0	14	7	3.632480	3.025378	16.881331	6.178085	0	0
conventional	ce949	430	0	19.283345	0	14	7	4.447058	0.826814	8.919262	5.090211	0	0
conventional	ce950	430	0	19.967122	0	14	7	3.952809	1.040326	8.554863	6.419124	0	0
conventional	ce951	431	1.853926	20.120853	1	14	7	0.439625	0.664701	14.423740	4.592787	0	0
conventional	ce952	431	0	27.449681	0	14	7	4.335064	2.022169	12.803171	8.289277	0	0
conventional	ce953	431	0	15.419643	0	14	7	1.811266	0.542361	10.722367	2.343649	0	0
conventional	ce954	431	0	23.151725	0	14	7	0.776692	3.176266	15.005955	4.192812	0.770053	0
holistic	he832	432	0	0	0	0	6	0	0	0	0	0.159727	0
conventional	ce955	432	0.502186	18.992834	1	14	7	3.654292	0.983723	10.559265	3.795554	0	0
conventional	ce956	432	0	25.666645	0	14	7	1.793191	3.504046	10.695333	9.674075	0	0
conventional	ce957	433	0	32.207176	0	14	7	0.909012	4.316204	18.478914	8.503046	1.040313	0
holistic	he833	434	0	0	0	0	5	0	0	0	0	0.105807	0
conventional	ce958	434	0	29.703417	0	14	7	5.476294	1.904379	13.439155	8.883589	0	0
holistic	he834	435	0	0	0	0	4	0	0	0	0	0.275299	0
conventional	ce959	435	0	9.324068	0	14	7	2.868416	0.852119	3.602445	2.001088	0	0
conventional	ce960	435	0.440852	8.738604	1	14	7	0.027231	1.520136	4.925693	2.265544	0	0
conventional	ce961	435	0	13.705494	0	14	7	2.438389	2.454008	6.368047	2.445050	3.256343	0
conventional	ce962	436	0	24.511927	0	14	7	2.794198	1.656679	16.970670	3.090380	1.191114	0
conventional	ce963	437	0	27.060175	0	14	7	1.411898	3.404922	14.678753	7.564602	0	0
conventional	ce964	437	0	24.348079	0	14	7	3.425470	2.050623	12.440868	6.431118	0	0
conventional	ce965	437	2.181626	34.769420	1	14	7	3.950877	3.691867	18.441975	8.684701	0	0
conventional	ce966	438	0	9.623548	0	14	7	2.119932	1.567318	4.586682	1.349616	0	0
conventional	ce967	438	2.537477	14.738549	1	14	7	0.287906	5.304163	7.099261	2.047219	0	0
conventional	ce968	438	2.181626	36.836300	1	14	7	4.886559	1.291065	21.222332	9.436344	0	0
conventional	ce969	438	0	29.655064	0	14	7	0.646470	3.297073	18.425607	7.285914	0.007569	0
holistic	he835	439	2.206767	6.999393	3	21	18	0	0	4.583133	2.416260	1.791956	0
holistic	he836	439	0	0	0	0	7	0	0	0	0	0	0
holistic	he837	440	0	0	0	0	9	0	0	0	0	0	0
conventional	ce970	440	0	24.608129	0	14	7	1.872185	4.561218	11.027303	7.147423	0	0
conventional	ce971	440	0	20.015923	0	14	7	4.216542	0.988428	8.964749	5.846204	0	0
conventional	ce972	441	1.173845	15.974104	1	14	7	2.587713	1.206708	10.049759	2.129924	0	0
conventional	ce973	441	0	24.128793	0	14	7	1.973561	1.608027	16.354380	4.192825	0	0
conventional	ce974	441	0	20.199498	0	14	7	2.336507	0.931919	11.095637	5.835435	0	0
holistic	he838	442	0.274302	0.929068	1	4	11	0	0	0.437326	0.491742	0.895978	0
conventional	ce975	442	0	24.095287	0	14	7	1.544302	3.870219	13.421394	5.259372	0	0
holistic	he839	443	0	0	0	0	7	0	0	0	0	1.345750	0
conventional	ce976	443	1.284578	13.404430	1	14	7	1.550179	1.519123	8.042677	2.292451	0	0
holistic	he840	444	0	0	0	0	10	0	0	0	0	1.734188	0
conventional	ce977	444	2.241788	69.877033	1	14	7	9.430687	3.540125	45.626198	11.280023	0.593770	0
conventional	ce978	444	2.181626	32.307655	1	14	7	6.672325	4.536031	13.636723	7.462576	0	0
holistic	he841	445	0	0	0	0	3	0	0	0	0	1.309665	0
holistic	he842	445	0	0	0	0	4	0	0	0	0	0	0
conventional	ce979	445	0	25.524465	0	14	7	3.783636	3.382127	9.642569	8.716133	0	0
holistic	he843	446	0	0	0	0	12	0	0	0	0	1.589320	0
holistic	he844	446	0	6.042336	0	12	6	1.768608	0	4.273728	0	2.090395	0
conventional	ce980	446	0	14.937456	0	14	7	2.632646	1.619053	6.556092	4.129665	0.393564	0
holistic	he845	447	0	0	0	0	4	0	0	0	0	0.569148	0
conventional	ce981	447	0	16.300962	0	14	7	2.735381	1.971199	9.461429	2.132953	0	0
conventional	ce982	447	1.284578	11.584969	1	14	7	1.828613	1.467982	6.640265	1.648109	0	0
holistic	he846	448	0	0	0	0	10	0	0	0	0	0.138569	0
conventional	ce983	448	0	24.646033	0	14	7	0.479282	3.104680	15.074426	5.987645	0	0
holistic	he847	449	0	0	0	0	8	0	0	0	0	0	0
holistic	he848	449	1.886398	2.997980	2	8	8	0	0	1.018474	1.979506	0.841015	0
conventional	ce984	449	0	9.169091	0	14	7	0.037447	0.860333	6.804395	1.466916	0	0
holistic	he849	450	0	0	0	0	7	0	0	0	0	0	0
holistic	he850	450	0	0	0	0	12	0	0	0	0	1.188308	0
conventional	ce985	450	0	10.728336	0	14	7	0.934854	0.483127	6.329405	2.980950	0	0
conventional	ce986	450	2.241788	17.845782	1	14	7	1.411524	0.378070	9.398638	6.657550	0.593770	0
conventional	ce987	450	0	16.990386	0	14	7	2.715297	1.265726	10.455910	2.553453	0.592324	0
conventional	ce988	451	0	34.561045	0	14	7	0.451943	3.301098	21.718049	9.089955	0.192383	0
conventional	ce989	451	0	25.008260	0	14	7	1.778451	3.964828	11.171313	8.093668	0	0
conventional	ce990	451	0	30.738391	0	14	7	0.964148	4.316204	18.516815	6.941224	0.750670	0
holistic	he851	453	0	0	0	0	4	0	0	0	0	1.309665	0
holistic	he852	453	0	0	0	0	9	0	0	0	0	1.765128	2.483687
holistic	he853	453	0	0	0	0	7	0	0	0	0	1.676341	0
conventional	ce991	453	0	8.318142	0	14	7	0.818547	0.082683	5.737926	1.678986	0	0
holistic	he854	454	0	0	0	0	4	0	0	0	0	0.275299	0
holistic	he855	454	0	0	0	0	4	0	0	0	0	0.275299	0
conventional	ce992	454	2.181626	37.725656	1	14	7	2.760562	1.378626	25.300470	8.285998	0	0
holistic	he856	455	0	0	0	0	4	0	0	0	0	0	0
holistic	he857	455	0	0	0	0	4	0	0	0	0	0.672875	0
holistic	he858	455	0	0	0	0	8	0	0	0	0	1.123647	0
conventional	ce993	455	0	10.842850	0	14	7	1.717671	0.950633	5.545671	2.628875	0	0
conventional	ce994	455	0	31.081647	0	14	7	1.711794	3.988859	20.762646	4.618348	0	0
holistic	he859	456	0	1.056399	0	1	5	0	0	0	1.056399	0.105807	0
conventional	ce995	456	0	25.639193	0	14	7	1.863534	6.086052	13.296448	4.393159	0.493638	0
conventional	ce996	456	0	29.278566	0	14	7	2.082684	3.221065	11.461009	12.513808	0	0
holistic	he860	457	0	1.056399	0	1	5	0	0	0	1.056399	0.105807	0
holistic	he861	457	0	5.829503	0	3	5	0	0	5.718943	0.110560	0.038426	0
conventional	ce997	457	0	25.665820	0	14	7	1.921297	3.718543	9.804303	10.221677	0	0
holistic	he862	458	0.735589	3.004208	1	4	12	0	0	0.494184	2.510024	0.834355	0
holistic	he863	458	5.772516	5.772516	2	2	11	0	0	0	5.772516	0.351082	0
conventional	ce998	458	0	25.296066	0	14	7	2.975547	2.747318	12.299517	7.273684	1.352225	0
conventional	ce999	458	0	26.516664	0	14	7	0.438044	4.353718	17.977655	3.747247	1.040313	0
conventional	ce1000	458	0	10.484915	0	14	7	1.029770	0.554988	5.404191	3.495966	0	0
conventional	ce1001	458	0	27.273123	0	14	7	2.040701	3.977175	13.890877	7.364370	0	0
conventional	ce1002	458	1.520912	12.608218	1	14	7	3.296001	1.124894	3.793674	4.393649	0	0
holistic	he864	459	0	0	0	0	11	0	0	0	0	2.018625	0
holistic	he865	459	0	0	0	0	7	0	0	0	0	1.386950	0
holistic	he866	459	0	0	0	0	9	0	0	0	0	0	0
conventional	ce1003	459	0	19.909104	0	14	7	2.683461	0.700612	9.226610	7.298421	0	0
holistic	he867	460	0	0	0	0	12	0	0	0	0	0.571608	0
holistic	he868	460	0	0	0	0	4	0	0	0	0	0.558558	0
holistic	he869	460	0	0	0	0	9	0	0	0	0	0.363271	0
holistic	he870	461	0	0	0	0	7	0	0	0	0	0	0
holistic	he871	461	0	0	0	0	5	0	0	0	0	0.105807	0
holistic	he872	461	0	8.469325	0	3	5	0	0	8.305327	0.163998	0.105807	0
holistic	he873	461	0	0.325304	0	1	6	0	0	0.325304	0	0.205600	0
conventional	ce1004	461	1.520912	18.865389	1	14	7	4.774314	1.670436	6.101457	6.319182	0	0
holistic	he874	462	0	0.055636	0	1	9	0	0	0	0.055636	0.211614	0
holistic	he875	463	0	0	0	0	3	0	0	0	0	0	0
holistic	he876	463	0	0	0	0	6	0	0	0	0	0	0
holistic	he877	463	5.772516	5.772516	2	2	12	0	0	0	5.772516	0.351082	0
conventional	ce1005	463	0	30.607372	0	14	7	3.586719	0.734589	18.621516	7.664548	0	0
holistic	he878	464	0	0	0	0	3	0	0	0	0	0	0
holistic	he879	464	0	6.727188	0	12	12	0	0	3.500520	3.226668	1.188308	0
conventional	ce1006	464	0	29.188500	0	14	7	0.962321	3.314266	18.078591	6.833322	0	0
conventional	ce1007	464	0	34.405608	0	14	7	0.380141	4.093257	23.756855	6.175355	0.937039	0
conventional	ce1008	464	3.041772	9.118697	1	14	7	0.265676	3.491944	3.512832	1.848245	0	0
holistic	he880	465	0	0	0	0	3	0	0	0	0	1.309665	0
holistic	he881	465	0	0	0	0	12	0	0	0	0	1.188308	0
conventional	ce1009	466	2.181626	32.224091	1	14	7	3.956350	3.273845	16.424169	8.569727	0	0
conventional	ce1010	466	0	42.588897	0	14	7	2.130987	3.153637	26.984070	10.320203	0.089513	0
conventional	ce1011	466	0	16.729091	0	14	7	3.622171	0.087324	7.646709	5.372887	0.007569	0
conventional	ce1012	466	0	21.680340	0	14	7	2.425971	3.323823	9.433787	6.496759	0.757212	0
conventional	ce1013	466	0	8.871470	0	14	7	2.909559	0.924561	3.255458	1.781892	0	0
conventional	ce1014	466	0	24.978327	0	14	7	1.627898	5.399699	10.514927	7.435803	0	0
holistic	he882	467	0	6.292146	0	3	4	0	0	6.181586	0.110560	0	0
holistic	he883	467	3.055920	3.055920	2	2	13	0	0	0	3.055920	0	0
conventional	ce1015	467	0	20.943170	0	14	7	0.870098	3.204520	11.418772	5.449780	0.268751	0
holistic	he884	468	0	0	0	0	8	0	0	0	0	0	0
holistic	he885	468	0	4.734862	0	14	14	0	0	4.391428	0.343434	2.619330	0
conventional	ce1016	468	2.241788	29.007390	1	14	7	1.186151	3.082706	14.753331	9.985202	0.593770	0
conventional	ce1017	468	0	41.037155	0	14	7	8.705591	2.200459	15.843328	14.287777	0	0
conventional	ce1018	468	0	13.767149	0	14	7	2.389545	1.623267	7.918793	1.835544	0.300221	0
holistic	he886	469	0	0	0	0	18	0	0	0	0	0	0
holistic	he887	469	0	5.166118	0	3	3	0	0	5.166118	0	1.143552	0
conventional	ce1019	469	0.710975	26.281430	1	14	7	2.549352	4.008298	8.948913	10.774867	0	0
conventional	ce1020	469	0	28.168030	0	14	7	2.047523	3.795800	12.539960	9.784747	0	0
conventional	ce1021	469	1.768215	16.669598	1	14	7	2.043302	2.191598	9.509325	2.925373	0	0
holistic	he888	470	0	6.171092	0	16	16	0	0	0	6.171092	1.188308	0
holistic	he889	470	0	0	0	0	3	0	0	0	0	1.309665	0
holistic	he890	470	0	6.338394	0	6	8	0	0	0	6.338394	0.211614	0
holistic	he891	470	0	0	0	0	12	0	0	0	0	1.188308	0
holistic	he892	470	0	0	0	0	8	0	0	0	0	1.676341	0
conventional	ce1022	470	0	25.379371	0	14	7	1.519836	3.054981	14.689465	6.115089	0.133684	0
conventional	ce1023	470	0	23.143142	0	14	7	3.561028	1.737127	12.047744	5.797243	0	0
conventional	ce1024	470	2.181626	28.179546	1	14	7	4.892938	6.970744	11.193827	5.122037	0	0
conventional	ce1025	470	0	27.113733	0	14	7	2.093787	2.934394	14.928998	7.156554	0	0
conventional	ce1026	470	0	21.224707	0	14	7	4.367382	1.104379	10.161616	5.591330	0	0
conventional	ce1027	470	0	24.732662	0	14	7	3.095118	3.283942	10.065541	8.288061	0	0
holistic	he893	471	0	5.539232	0	8	5	0	0	4.979056	0.560176	1.519570	0
conventional	ce1028	471	0	23.549390	0	14	7	0.644272	3.898622	10.379392	8.627104	0	0
conventional	ce1029	471	0	28.455141	0	14	7	4.005196	1.524617	15.894618	7.030710	0	0
conventional	ce1030	471	0	29.120654	0	14	7	0.289630	2.558637	8.232110	18.040277	0	0
holistic	he894	472	0	0	0	0	10	0	0	0	0	0.200884	0
holistic	he895	472	0	0	0	0	6	0	0	0	0	0.080596	0
holistic	he896	472	5.772516	5.772516	2	2	11	0	0	0	5.772516	0.351082	0
holistic	he897	473	2.448475	2.448475	1	1	7	0	0	0	2.448475	0.421705	0
conventional	ce1031	473	0	17.722886	0	14	7	4.577181	0.706996	7.452650	4.986059	0	0
holistic	he898	474	0	0	0	0	8	0	0	0	0	0.594154	0
holistic	he899	475	0	0	0	0	4	0	0	0	0	0	0
holistic	he900	475	0	0	0	0	6	0	0	0	0	0.461927	0
conventional	ce1032	475	0	37.587344	0	14	7	1.437581	3.152352	25.073698	7.923713	0	0
conventional	ce1033	475	0	24.641646	0	14	7	2.284889	3.613803	11.138668	7.604286	0.757212	0
holistic	he901	476	0.863293	1.380066	1	3	4	0	0	0.494184	0.885882	0	0
conventional	ce1034	476	0	24.036508	0	14	7	0.789118	1.790274	10.528994	10.928122	0	0
holistic	he902	477	0	0	0	0	5	0	0	0	0	0.558558	0
holistic	he903	478	0	0	0	0	3	0	0	0	0	0	0
holistic	he904	479	0	0	0	0	3	0	0	0	0	0	0
holistic	he905	479	0	11.831978	0	3	5	0	0	9.319092	2.512886	0.511907	0
conventional	ce1035	479	0	20.043488	0	14	7	1.118444	4.874496	9.831272	4.219276	0.288258	0
holistic	he906	480	0	0	0	0	7	0	0	0	0	1.676341	0
conventional	ce1036	480	1.520912	11.615172	1	13	7	2.313507	0.620353	3.578279	5.103033	0	0
holistic	he907	481	0.046808	0.046808	1	1	8	0	0	0	0.046808	0.269144	0
holistic	he908	481	0	3.349413	0	3	4	0	0	3.290842	0.058571	0	0
holistic	he909	481	0	0	0	0	12	0	0	0	0	1.345750	0
holistic	he910	481	0	0	0	0	6	0	0	0	0	0.346039	0
conventional	ce1037	481	0	29.261479	0	14	7	2.150144	3.556705	14.343709	9.210921	0	0
conventional	ce1038	481	0.816032	30.986528	1	14	7	1.330531	4.490726	15.990580	9.174691	0	0
holistic	he911	482	0	0	0	0	13	0	0	0	0	0.026149	0
holistic	he912	482	0	0	0	0	7	0	0	0	0	0.558558	0
conventional	ce1039	482	0	26.278434	0	14	7	0.913738	2.758004	17.413788	5.192904	0.495479	0
conventional	ce1040	482	0	23.998998	0	14	7	1.607390	4.922544	9.702469	7.766595	0	0
conventional	ce1041	482	0	31.753287	0	14	7	1.020689	3.416516	19.440674	7.875408	0.750670	0
conventional	ce1042	482	0	14.301873	0	14	7	2.219436	1.622926	6.568025	3.891486	0.393564	0
holistic	he913	483	0	0	0	0	7	0	0	0	0	1.386950	0
conventional	ce1043	483	0	10.063302	0	14	7	1.029770	0.521932	4.833185	3.678415	0	0
holistic	he914	484	0	1.306355	0	1	5	0	0	0	1.306355	0.105807	0
holistic	he915	485	0	0.021503	0	1	5	0	0	0.021503	0	0.205600	0
holistic	he916	485	0	0	0	0	3	0	0	0	0	0	0
holistic	he917	485	0.970601	0.970601	1	1	8	0	0	0	0.970601	0	0
holistic	he918	485	0	7.317330	0	13	12	0	0	3.913850	3.403480	1.188308	0
conventional	ce1044	485	0	20.072412	0	14	7	2.715297	1.265726	13.473184	2.618205	0.592324	0
conventional	ce1045	485	0	23.348957	0	14	7	4.450747	1.032370	13.308027	4.557813	0	0
conventional	ce1046	485	1.520912	32.105339	1	14	7	1.197273	3.892138	23.457468	3.558460	0	0
holistic	he919	486	0	0	0	0	3	0	0	0	0	0.882564	0
holistic	he920	486	0	4.792626	0	18	18	0	0	4.583133	0.209493	1.791956	0
holistic	he921	487	0	0	0	0	4	0	0	0	0	0	0
holistic	he922	487	0	6.730656	0	3	5	0	0	6.620096	0.110560	0.038426	0
conventional	ce1047	487	0	10.322005	0	14	7	1.134591	0.575082	5.163867	3.448465	0	0
conventional	ce1048	487	0	29.971838	0	14	7	2.851116	2.739207	11.667754	12.713761	0	0
conventional	ce1049	487	0.297508	21.160404	1	14	7	1.515573	4.076536	10.793046	4.775249	0.668541	0
holistic	he923	488	0	0	0	0	9	0	0	0	0	0.105807	0
conventional	ce1050	488	1.231066	28.143542	1	14	7	0.762082	3.921222	14.917720	8.542518	0	0
conventional	ce1051	488	0	23.592667	0	14	7	2.782317	0.847464	12.172119	7.790767	0	0
conventional	ce1052	488	1.339298	32.949268	1	14	7	1.394341	1.995658	19.718935	9.840334	0.749176	0
holistic	he924	489	0	0	0	0	9	0	0	0	0	0.421705	0
holistic	he925	489	0	2.240578	0	10	15	0	0	1.982406	0.258172	0.301326	0
holistic	he926	489	0	0	0	0	7	0	0	0	0	1.386950	0
conventional	ce1053	489	0	19.788286	0	14	7	0.608730	3.276033	8.835175	7.068348	0	0
conventional	ce1054	490	0	19.577361	0	14	7	2.704990	1.262477	12.994102	2.615792	0.592324	0
conventional	ce1055	490	0	16.904292	0	14	7	0.258635	2.247085	6.970912	7.427660	0.572693	0
conventional	ce1056	490	1.520912	14.716238	1	13	7	3.124533	1.080121	4.903421	5.608163	0	0
holistic	he927	491	0	9.507591	0	9	7	0	0	0	9.507591	0.265355	0
conventional	ce1057	491	0	24.331613	0	14	7	3.873131	3.185376	9.495885	7.777221	0	0
conventional	ce1058	491	0	12.424076	0	14	7	2.048691	1.166036	6.278247	2.931102	0	0
holistic	he928	492	0	0	0	0	4	0	0	0	0	0	0
conventional	ce1059	492	2.181626	30.600948	1	14	7	6.439772	4.328254	13.024251	6.808671	0	0
conventional	ce1060	492	1.659743	13.121568	1	14	7	0.473889	5.279378	4.557194	2.811107	0	0
conventional	ce1061	492	0	34.296919	0	14	7	1.322782	3.594351	21.256789	8.122997	0	0
conventional	ce1062	492	0	26.598860	0	14	7	1.811985	2.474895	12.195234	10.116746	0	0
holistic	he929	493	0	12.350712	0	8	16	0	0	5.189476	7.161236	1.352962	0
conventional	ce1063	493	2.241788	27.767513	1	14	7	1.172184	2.390860	13.454709	10.749760	0.593770	0
conventional	ce1064	493	1.520912	9.754037	1	14	7	1.136899	0.694024	4.353227	3.569887	0.036457	0
holistic	he930	494	0	0	0	0	24	0	0	0	0	0.322384	0
conventional	ce1065	494	0	21.032459	0	14	7	1.713588	3.325062	8.668625	7.325184	0	0
conventional	ce1066	494	0	26.986718	0	14	7	2.680180	1.481403	13.326034	9.499101	0	0
holistic	he931	495	0	0	0	0	8	0	0	0	0	0.199836	0
conventional	ce1067	495	0	12.664282	0	14	7	4.750805	1.548880	3.952276	2.412321	0	0
holistic	he932	497	3.309820	3.309820	2	2	13	0	0	0	3.309820	0	0
conventional	ce1068	497	0.064234	27.363169	1	14	7	1.103541	3.027766	14.852382	8.379480	0.133684	0
conventional	ce1069	497	0	26.287226	0	14	7	1.946801	4.659302	9.581070	10.100053	0	0
conventional	ce1070	497	0	19.683771	0	14	7	2.785795	1.301373	13.336077	2.260526	1.336322	0
conventional	ce1071	497	0	25.859214	0	14	7	6.259402	2.547683	10.673442	6.378687	0	0
holistic	he933	498	0.162812	0.162812	1	1	8	0	0	0	0.162812	0	0
conventional	ce1072	498	1.050742	10.968337	1	14	7	3.520870	1.124894	3.435769	2.886804	1.548643	0
conventional	ce1073	498	0	15.812855	0	14	7	0.767598	1.996467	5.095603	7.953187	0	0
conventional	ce1074	498	0	39.134974	0	14	7	4.284713	3.803721	24.368121	6.678419	0	0
conventional	ce1075	498	0	28.774875	0	14	7	2.047523	3.246462	13.610427	9.870463	0	0
holistic	he934	499	0	0	0	0	12	0	0	0	0	1.188308	0
conventional	ce1076	499	0	18.649097	0	14	7	1.417015	4.516868	8.829473	3.885741	2.235066	0
conventional	ce1077	499	0.311277	41.126264	1	14	7	1.766051	4.641188	23.639746	11.079279	0	0
conventional	ce1078	499	0	16.115016	0	14	7	1.693279	1.036070	10.654078	2.731589	0.592324	0
conventional	ce1079	500	0	10.631873	0	14	7	0.324413	0.205312	6.911976	3.190172	0	0
conventional	ce1080	500	0	26.048876	0	14	7	1.368938	3.234724	13.525995	7.919219	0.133684	0
holistic	he935	501	0	23.845080	0	20	14	0	0	16.828680	7.016400	1.309665	0
holistic	he936	501	0	12.373300	0	8	7	0	0	11.629802	0.743498	0.676508	0
conventional	ce1081	501	0	21.990224	0	14	7	3.609571	2.231495	10.136094	6.013064	0.429364	0
conventional	ce1082	501	0	33.035818	0	14	7	2.442899	3.689635	13.997675	12.905609	0	0
conventional	ce1083	502	0	17.008128	0	14	7	3.083426	1.301373	10.245556	2.377773	1.336322	0
holistic	he937	503	0.261586	0.261586	2	2	13	0	0	0	0.261586	0	0
holistic	he938	503	0	0	0	0	6	0	0	0	0	1.309665	0
conventional	ce1084	503	0	10.845347	0	14	7	3.266957	1.559695	4.174532	1.844163	0	0
conventional	ce1085	503	0	23.018866	0	14	7	1.975991	3.998755	8.865853	8.178267	0	0
conventional	ce1086	503	0	18.635713	0	14	7	1.002013	3.699734	8.023162	5.910804	1.411783	0
holistic	he939	504	0	0	0	0	3	0	0	0	0	0	0
holistic	he940	504	0	0	0	0	7	0	0	0	0	0.211614	0
holistic	he941	504	0	0	0	0	12	0	0	0	0	1.774248	0
conventional	ce1087	504	0	29.889342	0	14	7	0.309593	4.859852	19.356357	5.363540	0	0
holistic	he942	505	0	32.383632	0	8	5	0	0	22.332088	10.051544	0.351082	0
holistic	he943	505	3.055920	3.055920	2	2	13	0	0	0	3.055920	0	0
holistic	he944	505	0	8.305758	0	6	4	0	0	7.592505	0.713253	0	0
conventional	ce1088	505	0	10.663308	0	14	7	0.445943	0.868665	3.791058	5.557642	0	0
conventional	ce1089	505	0	26.143899	0	14	7	1.414314	4.542490	16.294235	3.892860	0.133684	0
conventional	ce1090	505	1.659743	15.636698	1	14	7	1.080803	5.935019	5.132983	3.487893	0	0
holistic	he945	506	0	6.716317	0	3	4	0	0	6.506330	0.209987	0	0
conventional	ce1091	506	0.325199	21.278994	1	14	7	0.974578	4.061776	12.791468	3.451172	0.118530	0
conventional	ce1092	506	0	31.281803	0	14	7	2.354374	2.945017	12.169937	13.812475	0.896403	0
holistic	he946	507	5.023640	5.023640	2	2	11	0	0	0	5.023640	0.414035	0
holistic	he947	507	0	3.327708	0	4	12	0	0	3.327708	0	0	0.586496
conventional	ce1093	507	0	31.731650	0	14	7	0.978460	6.115239	18.732654	5.905297	0.630990	0
holistic	he948	508	2.346242	2.346242	2	2	13	0	0	0	2.346242	0	0
conventional	ce1094	508	0	21.094357	0	14	7	1.727742	5.884146	8.800653	4.681816	0	0
holistic	he949	509	0	0	0	0	4	0	0	0	0	0.672875	0
holistic	he950	509	0	0	0	0	5	0	0	0	0	0.511907	0
holistic	he951	509	0	0	0	0	18	0	0	0	0	0	0
holistic	he952	510	0	0	0	0	4	0	0	0	0	0	0
conventional	ce1095	510	0	28.167587	0	14	7	3.891776	2.654552	12.961176	8.660083	2.024533	0
conventional	ce1096	510	0	24.670461	0	14	7	3.654998	1.598597	15.435420	3.981446	1.336322	0
conventional	ce1097	510	0	22.140786	0	14	7	2.514489	3.852035	7.852946	7.921316	0	0
conventional	ce1098	511	0	12.586689	0	14	7	1.244944	0.426078	6.918877	3.996790	0.779013	0
conventional	ce1099	511	0	20.439939	0	14	7	0.359708	4.120182	11.397070	4.562979	0.016538	0
conventional	ce1100	512	0	27.842313	0	14	7	2.642881	2.263207	7.159640	15.776585	0	0
conventional	ce1101	512	0	28.773213	0	14	7	2.474131	2.847392	15.220060	8.231630	0.133684	0
holistic	he953	513	0	4.792626	0	18	18	0	0	4.583133	0.209493	1.791956	0
holistic	he954	513	0	0	0	0	10	0	0	0	0	0	0
holistic	he955	513	0.046808	0.046808	1	1	8	0	0	0	0.046808	0.269144	0
holistic	he956	514	0	31.770308	0	12	8	0	0	31.152548	0.617760	0	0
holistic	he957	514	5.435584	5.435584	2	2	11	0	0	0	5.435584	0.843410	0
conventional	ce1102	514	0	27.416150	0	14	7	5.268451	2.618039	13.069235	6.460425	0	0
conventional	ce1103	514	0.761068	45.853499	1	14	7	1.842037	5.112086	26.962210	11.937166	0	0
holistic	he958	515	0	32.383632	0	8	5	0	0	22.332088	10.051544	0.016071	0
holistic	he959	515	0.735589	4.250483	1	4	12	0	0	1.636067	2.614416	0.834355	0
conventional	ce1104	515	0	20.904092	0	14	7	2.891571	1.187655	13.845996	2.978870	1.302575	0
conventional	ce1105	515	0	7.716677	0	13	7	2.568136	1.273870	2.436890	1.437781	0	0
holistic	he960	516	0	0	0	0	13	0	0	0	0	0.026149	0
conventional	ce1106	516	1.866546	30.797991	1	14	7	6.876127	4.238098	13.387253	6.296513	0	0
holistic	he961	517	2.511820	2.511820	1	1	7	0	0	0	2.511820	0	0
holistic	he962	517	0	0.921756	0	1	5	0	0	0	0.921756	0.105807	0
holistic	he963	517	0	0	0	0	3	0	0	0	0	0.882564	0
holistic	he964	517	0	1.369235	0	1	3	0	0	1.369235	0	0.821220	0
holistic	he965	517	0	0	0	0	7	0	0	0	0	0.672875	0
conventional	ce1107	517	1.860024	26.832770	1	14	7	4.378563	7.645933	10.638616	4.169658	0	0
conventional	ce1108	517	1.520912	12.184634	1	14	7	4.086856	1.046380	3.631908	3.419490	0	0
conventional	ce1109	517	0	24.883538	0	14	7	3.528691	1.582134	12.067853	7.704860	0	0
holistic	he966	518	0	0	0	0	3	0	0	0	0	0.024024	0
holistic	he967	518	2.360468	2.360468	2	2	13	0	0	0	2.360468	0	0
holistic	he968	518	0	0	0	0	12	0	0	0	0	1.774248	0
conventional	ce1110	518	0	20.663998	0	14	7	3.303570	2.345498	7.865633	7.149297	1.411783	0
conventional	ce1111	518	0	15.645089	0	14	7	2.314816	0.724194	10.495731	2.110348	0.783793	0
conventional	ce1112	518	0	27.208358	0	14	7	2.205032	3.911293	13.650096	7.441937	0	0
conventional	ce1113	518	0	24.039142	0	14	7	1.341024	3.080145	10.838187	8.779786	0	0
conventional	ce1114	518	0	24.376761	0	14	7	3.049295	2.150277	12.318412	6.858777	0	0
conventional	ce1115	518	0	17.554697	0	14	7	1.429778	2.036572	6.312219	7.776128	0	0
holistic	he969	519	0	8.153716	0	3	5	0	0	7.995829	0.157887	0.105807	0
holistic	he970	519	0	0	0	0	8	0	0	0	0	0.421705	0
conventional	ce1116	519	0	26.953346	0	14	7	2.195404	1.193948	13.290633	10.273361	0	0
conventional	ce1117	519	0	23.549568	0	14	7	2.638355	3.909912	12.450481	4.550820	0	0
holistic	he971	520	0	1.109866	0	2	7	0	0	0.875130	0.234736	0.672875	0
holistic	he972	520	0.265003	0.265003	1	1	8	0	0	0	0.265003	0.317331	0
conventional	ce1118	520	0.325199	24.302946	1	14	7	3.134762	2.515174	12.595046	6.057964	0.118530	0
conventional	ce1119	520	0	19.794689	0	14	7	3.085542	1.056577	9.079373	6.573197	0	0
holistic	he973	521	0	15.853980	0	16	14	0	0	12.278892	3.575088	1.345750	0
holistic	he974	521	0	0	0	0	7	0	0	0	0	0.265355	0
holistic	he975	521	3.055920	3.055920	2	2	13	0	0	0	3.055920	0	0
holistic	he976	521	0	0	0	0	4	0	0	0	0	0	0
conventional	ce1120	521	0	24.334228	0	14	7	1.943508	6.293338	10.801645	5.295737	0.288258	0
holistic	he977	523	0	7.511604	0	3	4	0	0	7.379617	0.131987	0	0
holistic	he978	524	0	7.690373	0	3	5	0	0	7.540620	0.149753	0.284252	0
conventional	ce1121	524	0	19.725469	0	14	7	0.605634	3.512989	9.087778	6.519068	0	0
holistic	he979	525	0	0	0	0	6	0	0	0	0	1.386950	0
holistic	he980	525	2.353347	2.353347	1	1	7	0	0	0	2.353347	0.421705	0
holistic	he981	525	0	8.419227	0	3	5	0	0	8.209269	0.209958	0.284252	0
conventional	ce1122	526	0	20.626237	0	14	7	3.215822	2.063853	12.814427	2.532135	1.336322	0
conventional	ce1123	526	0	21.868503	0	14	7	3.954454	1.187655	13.845996	2.880398	1.302575	0
conventional	ce1124	526	0	30.765104	0	14	7	2.365344	2.517318	13.915336	11.967106	0	0
holistic	he982	527	0	0	0	0	3	0	0	0	0	0.882564	0
holistic	he983	527	0	0	0	0	8	0	0	0	0	0.594154	0
holistic	he984	528	0	31.152548	0	8	6	0	0	31.152548	0	0	0
conventional	ce1125	528	0	13.987900	0	14	7	2.734367	1.653162	5.584035	4.016336	0.393564	0
conventional	ce1126	528	0.311277	41.878063	1	14	7	2.034838	4.394697	20.906630	14.541898	0	0
holistic	he985	529	0	0	0	0	8	0	0	0	0	1.217583	0
holistic	he986	529	0.046808	0.046808	1	1	9	0	0	0	0.046808	0.269144	0
holistic	he987	529	0	0	0	0	6	0	0	0	0	0	0
conventional	ce1127	529	0.786324	26.961688	1	14	7	4.829583	2.447173	11.506392	8.178540	0.118530	0
conventional	ce1128	529	0	19.383856	0	14	7	0.674729	0.218456	13.609759	4.880912	0.289579	0
holistic	he988	530	0	9.314496	0	16	12	2.302208	0	7.012288	0	0	0.586496
holistic	he989	530	0	2.434023	0	1	5	0	0	2.434023	0	0.105807	0
holistic	he990	530	1.173121	1.173121	1	1	8	0	0	0	1.173121	0	0
holistic	he991	530	0	0	0	0	13	0	0	0	0	0.026149	0
conventional	ce1129	530	1.520912	39.583666	1	14	7	1.522831	6.193660	17.401056	14.466119	0.036457	0
conventional	ce1130	530	0	18.869847	0	14	7	2.723006	1.278479	12.247220	2.621142	0.592324	0
conventional	ce1131	530	0	25.042513	0	14	7	0.879436	3.997407	8.567798	11.597872	0	0
conventional	ce1132	530	0	29.351748	0	14	7	1.843167	3.758795	13.075055	10.674731	0	0
conventional	ce1133	530	0.325199	17.522201	1	14	7	1.391373	2.000454	10.804954	3.325420	0.712941	0
conventional	ce1134	530	2.181626	24.063482	1	14	7	4.989288	3.395946	10.658154	5.020094	0	0
conventional	ce1135	531	0.786324	25.190255	1	14	7	3.403836	2.364712	11.397915	8.023792	1.007872	0
holistic	he992	532	0	0	0	0	12	0	0	0	0	1.749294	0
holistic	he993	532	0	4.754475	0	3	6	0	0	4.469132	0.285343	0.491408	0
holistic	he994	532	0	0	0	0	10	0	0	0	0	0.887124	0
conventional	ce1136	532	0	23.908459	0	14	7	2.819159	3.917632	9.147929	8.023739	0	0
conventional	ce1137	532	0	16.114272	0	14	7	1.303195	2.194470	5.818163	6.798444	0	0
holistic	he995	533	5.754966	5.754966	4	4	11	0	0	0	5.754966	0.414035	0
conventional	ce1138	533	0.325199	27.134180	1	14	7	4.712871	4.992335	13.433066	3.995908	0.118530	0
holistic	he996	534	0	0	0	0	12	0	0	0	0	0.763912	0
holistic	he997	534	0	0	0	0	11	0	0	0	0	0	0
holistic	he998	534	0	13.896521	0	3	4	0	0	10.631673	3.264848	0.351082	0
holistic	he999	535	0	7.664429	0	3	5	0	0	7.540620	0.123809	0.020562	0
conventional	ce1139	535	0	27.606269	0	14	7	1.116984	4.636078	17.057079	4.796128	0.133684	0
holistic	he1000	536	0	29.293268	0	8	6	0	0	29.293268	0	0	0
conventional	ce1140	536	0	30.811177	0	14	7	3.357592	1.621830	13.688381	12.143374	0	0
holistic	he1001	538	0	0	0	0	4	0	0	0	0	0.612490	0
holistic	he1002	539	0	3.087424	0	3	4	0	0	2.938281	0.149143	0	0
conventional	ce1141	539	0	25.432513	0	14	7	0.600213	3.085213	7.528113	14.218974	0	0
conventional	ce1142	539	0	43.056297	0	14	7	2.454871	5.060933	23.847965	11.692528	0	0
holistic	he1003	540	0	0.776232	0	1	5	0	0	0	0.776232	0.292685	0
holistic	he1004	541	0.162812	0.162812	1	1	8	0	0	0	0.162812	0	0
holistic	he1005	541	0	0	0	0	6	0	0	0	0	0	0
holistic	he1006	541	0	4.225699	0	1	6	0	0	4.225699	0	0.105807	0
holistic	he1007	541	1.469030	1.469030	2	2	13	0	0	0	1.469030	0	0
conventional	ce1143	541	0	14.249891	0	14	7	0.234342	0.467444	8.672878	4.875227	0	0
conventional	ce1144	541	0	27.078872	0	14	7	3.179232	3.912430	9.812565	10.174645	0	0
holistic	he1008	542	0	41.470606	0	8	6	0	0	29.417130	12.053476	0.351082	0
holistic	he1009	542	0	0	0	0	5	0	0	0	0	0.576724	0
conventional	ce1145	542	0	37.124422	0	14	7	2.425279	4.187249	13.445169	17.066725	0.374555	0
holistic	he1010	543	0	0	0	0	6	0	0	0	0	1.386950	0
holistic	he1011	544	0	5.308624	0	2	4	0	0	5.114160	0.194464	0.397388	0
holistic	he1012	545	0	0	0	0	4	0	0	0	0	0.105807	0
holistic	he1013	545	0	0	0	0	4	0	0	0	0	0	0
holistic	he1014	545	0	0	0	0	3	0	0	0	0	0	0
conventional	ce1146	545	2.352598	18.014967	1	14	7	0.380004	6.339511	5.237641	6.057811	0	0
holistic	he1015	546	0	0	0	0	3	0	0	0	0	1.224764	0
holistic	he1016	546	0	0.795145	0	1	5	0	0	0	0.795145	0.105807	0
conventional	ce1147	546	0	13.636717	0	14	7	0.794589	0.309236	4.723101	7.809791	0.180238	0
holistic	he1017	547	0	0	0	0	5	0	0	0	0	0.105807	0
holistic	he1018	547	0	7.690373	0	3	5	0	0	7.540620	0.149753	0.284252	0
conventional	ce1148	547	0	31.926353	0	14	7	1.771164	3.341034	14.508575	12.305580	0.002051	0
holistic	he1019	548	0.265003	0.265003	1	1	8	0	0	0	0.265003	0.317331	0
conventional	ce1149	548	0	19.008300	0	14	7	1.726674	2.179311	6.461745	8.640570	0	0
holistic	he1020	549	0	4.225699	0	1	6	0	0	4.225699	0	0.105807	0
holistic	he1021	549	0.265003	0.265003	1	1	8	0	0	0	0.265003	0.317331	0
holistic	he1022	549	0	6.213207	0	3	6	0	0	6.092219	0.120988	1.009812	0
conventional	ce1150	549	0.311277	7.566025	1	14	7	0.844578	0.285404	4.946650	1.489393	0	0
holistic	he1023	550	0	0.047205	0	1	7	0	0	0	0.047205	0.672875	0
conventional	ce1151	550	0	28.527755	0	14	7	3.238064	1.656867	14.599355	9.033469	0	0
conventional	ce1152	550	1.023158	24.509882	1	14	7	1.823188	4.304098	10.158625	8.223971	0	0
holistic	he1024	551	0	0.776232	0	1	5	0	0	0	0.776232	0.292685	0
conventional	ce1153	551	0	27.869468	0	14	7	1.611368	3.147207	13.303142	9.807751	0	0
conventional	ce1154	551	0	26.504621	0	14	7	1.366106	5.337255	10.204001	9.597259	0	0
holistic	he1025	552	0	2.434023	0	1	5	0	0	2.434023	0	0.105807	0
conventional	ce1155	552	0	28.912355	0	14	7	1.797654	3.136432	11.901295	12.076974	0	0
conventional	ce1156	552	0	23.986591	0	14	7	1.928953	4.703118	11.057721	6.296799	0	0
conventional	ce1157	552	0	23.420705	0	14	7	1.787142	1.222924	12.405405	8.005234	1.346266	0
conventional	ce1158	553	0	26.937460	0	14	7	3.616184	3.507381	12.868916	6.944979	0	0
conventional	ce1159	553	0	16.586809	0	14	7	3.354247	1.529939	8.877087	2.825536	1.336322	0
conventional	ce1160	554	0	25.930967	0	14	7	0.748537	3.788919	9.079557	12.313954	0	0
conventional	ce1161	554	0	30.511098	0	14	7	2.531074	2.272581	16.813570	8.893873	0	0
conventional	ce1162	554	1.860024	21.518532	1	14	7	4.098055	4.738650	8.582383	4.099444	0	0
conventional	ce1163	555	2.181626	31.140451	1	14	7	6.257839	4.866104	14.827999	5.188509	0	0
conventional	ce1164	555	0	27.489721	0	14	7	3.365670	4.885363	10.727631	8.511057	0	0
conventional	ce1165	557	0	15.348357	0	14	7	2.256714	0.710227	9.538599	2.842817	0.783793	0
conventional	ce1166	557	1.040269	32.591654	1	14	7	3.096231	0.349707	16.620253	12.525463	0	0
holistic	he1026	558	0.265003	0.265003	1	1	8	0	0	0	0.265003	0.215002	0
conventional	ce1167	558	0	19.090606	0	14	7	2.486963	0.766159	12.329296	3.508188	0.311123	0
conventional	ce1168	558	0	28.905875	0	14	7	0.757012	6.399224	9.430442	12.319197	0	0
conventional	ce1169	558	0	18.766158	0	14	7	1.375705	3.082682	6.689734	7.618037	0	0
holistic	he1027	559	0	0	0	0	12	0	0	0	0	1.774248	0
conventional	ce1170	559	0	41.947108	0	14	7	1.974061	6.547819	16.429656	16.995572	1.174173	0
conventional	ce1171	560	0	25.936435	0	14	7	1.547714	2.298854	12.847137	9.242730	0	0
conventional	ce1172	560	0	27.957980	0	14	7	1.915607	4.172467	17.353618	4.516288	0.957605	0
conventional	ce1173	560	0	16.758381	0	14	7	3.305396	0.724194	10.560032	2.168759	0.089933	0
conventional	ce1174	560	0	24.785901	0	14	7	0.746451	2.448793	7.707649	13.883008	0.853366	0
holistic	he1028	561	0	8.153716	0	3	5	0	0	7.995829	0.157887	0.105807	0
conventional	ce1175	562	0	20.329544	0	14	7	1.875918	2.567691	8.764755	7.121180	0	0
conventional	ce1176	562	0.105605	22.935538	1	14	7	3.127932	0.638051	12.615165	6.554390	0.091467	0
holistic	he1029	563	0	0	0	0	6	0	0	0	0	1.328524	0
conventional	ce1177	563	0	19.402965	0	14	7	2.846960	0.641916	13.148336	2.765753	0.783793	0
conventional	ce1178	563	0.325199	25.652318	1	14	7	2.630750	3.252232	13.054373	6.714963	0.118530	0
conventional	ce1179	563	1.235946	25.960641	1	14	7	5.161932	2.382860	11.181046	7.234803	1.007872	0
conventional	ce1180	563	0	19.542999	0	14	7	5.426990	1.099361	8.711936	4.304712	0	0
holistic	he1030	564	0	0	0	0	3	0	0	0	0	0.024024	0
holistic	he1031	564	0	0	0	0	3	0	0	0	0	1.224764	0
holistic	he1032	565	0	0	0	0	14	0	0	0	0	0.763912	0
holistic	he1033	566	0	0	0	0	5	0	0	0	0	0.105807	0
holistic	he1034	566	0	3.935278	0	2	4	0	0	3.761425	0.173853	0.397388	0
conventional	ce1181	566	0	31.294765	0	14	7	2.624947	2.531058	15.691149	10.447611	0.441989	0
conventional	ce1182	566	0	27.432756	0	14	7	2.345048	0.490293	13.808718	10.788697	0.180238	0
conventional	ce1183	566	0	18.499154	0	14	7	2.152944	3.236892	7.891995	5.217323	0.428604	0
conventional	ce1184	566	0	36.549951	0	14	7	2.619364	2.439994	14.729136	16.761457	0	0
holistic	he1035	567	0	0.776232	0	1	5	0	0	0	0.776232	0.292685	0
holistic	he1036	567	0	0	0	0	12	0	0	0	0	1.774248	0
conventional	ce1185	567	0	18.671503	0	14	7	2.498205	0.912129	11.392766	3.868403	0.783793	0
conventional	ce1186	567	0	22.186459	0	14	7	1.974067	1.423142	15.116839	3.672411	1.302575	0
holistic	he1037	568	0	93.014535	0	36	13	0	0	87.233688	5.780847	0	0
holistic	he1038	568	0	0	0	0	5	0	0	0	0	0.511907	0
conventional	ce1187	568	0	26.660341	0	14	7	5.225585	2.618551	12.808208	6.007997	0	0
holistic	he1039	569	0	0	0	0	6	0	0	0	0	0	0
holistic	he1040	569	0	0.944840	0	2	3	0.615691	0	0.329149	0	0.594944	0
conventional	ce1188	569	0	27.331965	0	14	7	2.874384	4.450298	11.478958	8.528325	0	0
conventional	ce1189	569	0	22.860231	0	14	7	6.814949	1.651802	10.274082	4.119398	0	0
conventional	ce1190	570	0	26.719867	0	14	7	1.443159	5.830715	10.860438	8.585555	0	0
conventional	ce1191	570	0	26.891722	0	14	7	1.709851	4.125864	4.893760	16.162247	0	0
conventional	ce1192	570	0	20.518215	0	14	7	1.928982	8.788294	5.212373	4.588566	0	0
holistic	he1041	572	0	7.511604	0	3	4	0	0	7.379617	0.131987	0	0
conventional	ce1193	572	0	16.129681	0	14	7	1.253492	3.008598	6.686708	5.180883	2.961588	0
holistic	he1042	573	0	0	0	0	8	0	0	0	0	0.568504	0
holistic	he1043	574	0	11.030444	0	6	7	0	0	0	11.030444	0.914048	0
conventional	ce1194	574	0.488038	29.338285	1	14	7	1.904936	1.901162	16.634339	8.897848	0	0
holistic	he1044	575	0	0	0	0	3	0	0	0	0	0	0
conventional	ce1195	575	0	25.951604	0	14	7	5.566967	1.518003	12.993342	5.873292	0.311123	0
holistic	he1045	576	0.011499	0.011499	1	1	9	0	0	0	0.011499	0	0
holistic	he1046	577	0	5.051885	0	2	4	0	0	4.878032	0.173853	0.397388	0
holistic	he1047	577	0	7.690373	0	3	4	0	0	7.540620	0.149753	0.317331	0
holistic	he1048	577	0	76.849430	0	16	11	0	0	63.790038	13.059392	1.821918	0
holistic	he1049	577	0.265003	0.265003	1	1	8	0	0	0	0.265003	0.634662	0
conventional	ce1196	577	0	23.841841	0	14	7	0.842987	2.808506	11.243681	8.946667	0	0
conventional	ce1197	577	1.009704	20.254452	1	14	7	2.545068	2.159185	9.253747	6.296452	0.057061	0
conventional	ce1198	577	0	19.021096	0	14	7	3.000581	1.020885	11.851430	3.148200	0.311123	0
holistic	he1050	578	2.353347	2.353347	1	1	7	0	0	0	2.353347	0.421705	0
holistic	he1051	578	0	0.535629	0	1	7	0	0	0	0.535629	0.672875	0
holistic	he1052	578	0	0	0	0	8	0	0	0	0	0.790925	0
holistic	he1053	578	0	79.820432	0	12	14	0	0	58.306104	21.514328	0.052734	0
conventional	ce1199	578	0	31.490934	0	14	7	2.583637	5.877559	16.514534	6.515204	2.228732	0
conventional	ce1200	578	0	22.479230	0	14	7	3.756463	2.906397	11.082100	4.734270	0	0
conventional	ce1201	578	0	22.896950	0	14	7	1.608099	3.617032	7.562486	10.109333	0	0
conventional	ce1202	578	0	19.557282	0	14	7	1.816281	0.715205	11.630432	5.395364	0	0
conventional	ce1203	578	0	25.204860	0	14	7	0.748537	3.835502	8.306867	12.313954	0	0
holistic	he1054	579	0	0	0	0	6	0	0	0	0	0	0
holistic	he1055	579	0	0	0	0	4	0	0	0	0	0	0
conventional	ce1204	579	0	16.052648	0	14	7	2.360223	1.489391	9.428927	2.774107	0.783793	0
holistic	he1056	580	0	0.944840	0	2	3	0.615691	0	0.329149	0	0.594944	0
holistic	he1057	580	0	5.797280	0	4	14	0	0	2.682767	3.114513	0	0
holistic	he1058	580	0	0	0	0	8	0	0	0	0	0.986264	0
conventional	ce1205	580	0	17.648933	0	7	7	1.716310	1.860126	11.467784	2.604713	1.302575	0
conventional	ce1206	580	0	27.290084	0	14	7	2.247550	4.553763	11.343838	9.144933	0.374555	0
conventional	ce1207	580	2.279791	18.090274	1	14	7	5.385194	1.091794	8.285093	3.328193	0	0
conventional	ce1208	580	0	23.392590	0	14	7	4.100549	2.497835	11.090775	5.703431	0	0
holistic	he1059	581	0.821346	2.328232	2	10	7	0	1.831724	0	0.496508	0.986264	0
holistic	he1060	581	0	14.931241	0	3	4	0	0	11.423296	3.507945	0.351082	0
holistic	he1061	581	0	0	0	0	6	0	0	0	0	0	0
holistic	he1062	581	0.392558	0.392558	2	2	13	0	0	0	0.392558	0.317331	0
holistic	he1063	581	0	0	0	0	8	0	0	0	0	1.105564	0
holistic	he1064	582	0	11.484798	0	5	5	0	0	11.234970	0.249828	0.284252	0
holistic	he1065	582	0	0	0	0	3	0	0	0	0	1.224764	0
conventional	ce1209	582	0	22.202529	0	14	7	3.657537	2.394836	10.419311	5.730845	0	0
conventional	ce1210	582	0	31.293255	0	14	7	3.230443	2.936667	14.282632	10.843513	0	0
holistic	he1066	583	0	0	0	0	4	0	0	0	0	0	0
conventional	ce1211	583	0	29.139483	0	14	7	2.925355	2.029683	15.143395	9.041050	0	0
holistic	he1067	584	0	0	0	0	12	0	0	0	0	0.105807	0
conventional	ce1212	584	1.040269	27.458139	1	14	7	1.559457	0.615480	13.333980	11.949222	0	0
conventional	ce1213	584	0	29.791359	0	14	7	3.479792	4.799511	12.790937	8.721119	0.557939	0
holistic	he1068	585	0	0	0	0	3	0	0	0	0	0	0
holistic	he1069	585	0	2.434023	0	1	4	0	0	2.434023	0	0.105807	0
holistic	he1070	585	0.530006	11.433044	2	6	16	0	0	7.942106	3.490938	0.317331	0
holistic	he1071	585	0	4.485824	0	3	6	0	0	3.827896	0.657928	0.211614	0
holistic	he1072	585	0	3.012206	0	1	7	0	0	3.012206	0	0.512296	0
holistic	he1073	585	0	0	0	0	8	0	0	0	0	1.105564	0
holistic	he1074	586	0	0	0	0	5	0	0	0	0	0.105807	0
conventional	ce1214	586	0.105605	26.267980	1	14	7	0.805359	2.624838	9.593495	13.244288	0.091467	0
conventional	ce1215	586	0	15.976516	0	14	7	2.346014	1.521033	9.429502	2.679967	0.338656	0
conventional	ce1216	586	0	27.118769	0	14	7	4.720651	1.157274	13.925980	7.314864	0.311123	0
holistic	he1075	587	0	6.576851	0	2	5	0	0	6.350518	0.226333	0.397388	0
holistic	he1076	587	0	4.271953	0	3	5	0	0	4.193657	0.078296	0.504906	0
holistic	he1077	587	0	0	0	0	5	0	0	0	0	0.576724	0
holistic	he1078	588	0	8.120669	0	3	5	0	0	7.972332	0.148337	0.284252	0
holistic	he1079	588	0	2.434023	0	1	5	0	0	2.434023	0	0.105807	0
conventional	ce1217	588	0.105605	22.088821	1	14	7	3.128127	1.039859	12.123188	5.797647	0.091467	0
conventional	ce1218	588	0	22.717849	0	14	7	1.974067	1.423142	15.648229	3.672411	1.302575	0
holistic	he1080	589	0	21.321540	0	10	8	0	0	20.484636	0.836904	0.606222	0
holistic	he1081	589	0	4.225699	0	1	5	0	0	4.225699	0	0.105807	0
holistic	he1082	589	0	13.289513	0	3	4	0	0	9.988466	3.301047	0.351082	0
holistic	he1083	589	0	4.469988	0	1	6	0	0	4.469988	0	0.105807	0
conventional	ce1219	589	0	31.873402	0	14	7	3.681740	4.889099	16.585561	6.717002	0.957605	0
conventional	ce1220	589	0	17.485713	0	14	7	3.326334	1.499051	9.442105	3.218223	0.783793	0
conventional	ce1221	589	0	32.538810	0	14	7	3.991203	2.224426	18.804949	7.518232	0	0
holistic	he1084	590	0	6.190523	0	3	4	0	0	6.119531	0.070992	0.317331	0
holistic	he1085	590	0	24.852828	0	12	12	0	0	24.368876	0.483952	2.019624	0
conventional	ce1222	590	0	21.917515	0	14	7	3.775434	2.405224	10.354503	5.382354	0	0
conventional	ce1223	590	0.698682	19.317522	1	14	7	3.244810	2.051690	10.117359	3.903663	0.090254	0
conventional	ce1224	590	0	21.053797	0	14	7	3.311696	2.583722	9.972066	5.186313	0	0
conventional	ce1225	591	0	25.491394	0	14	7	2.086808	1.660898	5.823413	15.920275	0	0
conventional	ce1226	591	0	13.199123	0	14	7	0.811894	0.362254	4.614605	7.410370	0.180238	0
holistic	he1086	592	0	0	0	0	6	0	0	0	0	0.020562	0
holistic	he1087	592	0	0	0	0	12	0	0	0	0	1.774248	0
conventional	ce1227	592	0	25.369079	0	14	7	1.133151	1.927335	16.765481	5.543112	0.133684	0
conventional	ce1228	592	0	22.762847	0	14	7	1.970602	1.064233	4.102564	15.625448	0	0
conventional	ce1229	592	0	14.476903	0	14	7	3.142371	1.636429	7.454909	2.243194	1.336322	0
holistic	he1088	593	0	0	0	0	6	0	0	0	0	0	0
holistic	he1089	594	0	0	0	0	8	0	0	0	0	0.986264	0
holistic	he1090	594	0	13.550845	0	3	4	0	0	10.249798	3.301047	0.351082	0
holistic	he1091	594	0	0	0	0	5	0	0	0	0	0.986264	0
holistic	he1092	594	0.530006	14.694142	2	6	16	0	0	7.942106	6.752036	0.184966	0
holistic	he1093	594	0.265003	0.265003	1	1	8	0	0	0	0.265003	0.576724	0
conventional	ce1230	594	0	24.394286	0	14	7	0.634552	2.917563	17.943483	2.898688	0.957605	0
conventional	ce1231	594	0	23.276154	0	14	7	3.263869	0.053657	15.380514	4.578114	0.311123	0
holistic	he1094	595	0	5.308624	0	2	3	0	0	5.114160	0.194464	0.397388	0
conventional	ce1232	595	0.488038	30.319485	1	14	7	1.781349	2.248945	17.348945	8.940246	0	0
holistic	he1095	596	0	0	0	0	8	0	0	0	0	0.986264	0
conventional	ce1233	596	0	30.868813	0	14	7	6.047751	2.630784	15.363563	6.826715	0	0
conventional	ce1234	596	0	27.246672	0	14	7	2.345926	1.816321	15.908955	7.175470	0	0
holistic	he1096	597	0	6.209856	0	8	10	0	0	0	6.209856	0.878055	0
holistic	he1097	598	0.696833	0.696833	1	1	8	0	0	0	0.696833	0.634662	0
conventional	ce1235	598	2.352598	18.818616	1	14	7	0.514402	6.915043	6.308441	5.080730	0	0
conventional	ce1236	599	1.235946	23.936405	1	14	7	5.518828	2.228352	9.261484	6.927741	1.007872	0
conventional	ce1237	599	1.040269	32.817729	1	14	7	2.443938	1.623892	16.005338	12.744561	0	0
