population	name	born	g1	g2	n1	n2	ns	g2_contact	g2_height	g2_up	g2_joint	g1_other	g1_vel
holistic	h0-0	-18	0	0	0	0	0	0	0	0	0	0	0
holistic	h0-1	-41	3.904126	16.425446	6	28	8	0	0	10.726346	5.699100	0	0
holistic	h0-2	-11	0	0	0	0	6	0	0	0	0	0	0
holistic	h0-3	-53	0	0	0	0	3	0	0	0	0	0	0
holistic	h0-4	-49	0	13.744572	0	12	4	0	13.744572	0	0	0	0
holistic	h0-5	-3	0	0	0	0	6	0	0	0	0	0	0
holistic	h0-6	-37	1.081820	3.057318	2	2	3	0	0	0	3.057318	0	0
holistic	h0-7	-53	0	0	0	0	0	0	0	0	0	0	0
holistic	h0-8	-50	0	0	0	0	0	0	0	0	0	0	0
holistic	h0-9	-26	0	0	0	0	1	0	0	0	0	0	0
holistic	h0-10	-44	0	0	0	0	1	0	0	0	0	0	0
holistic	h0-11	-26	2.649627	14.307177	3	9	7	10.126188	0	0	4.180989	0.971229	0
holistic	h0-12	-53	0	0	0	0	0	0	0	0	0	0	0
holistic	h0-14	-42	0	0	0	0	0	0	0	0	0	0	0
holistic	h0-15	-20	0	1.246866	0	2	1	1.246866	0	0	0	2.860688	0
holistic	h0-16	-56	0	0	0	0	3	0	0	0	0	0	0
holistic	h0-17	-34	0	0	0	0	10	0	0	0	0	0	0
holistic	h0-18	-9	0.909572	18.463484	2	14	15	0	0	18.463484	0	0	0
holistic	h0-19	-51	0	0	0	0	0	0	0	0	0	0	0
holistic	h0-20	-45	1.778834	11.623240	4	42	7	0	5.084316	0	6.538924	0	0
holistic	h0-21	-51	0	0	0	0	6	0	0	0	0	0	0
holistic	h0-22	-18	0	0	0	0	4	0	0	0	0	0	0
holistic	h0-23	-2	0	15.304956	0	44	8	0	0	0	15.304956	0	0
holistic	h0-24	-20	0	0	0	0	0	0	0	0	0	0	0
holistic	h0-25	-1	0	1.473834	0	3	1	0	1.473834	0	0	0	4.046598
holistic	h0-26	-49	0	0	0	0	0	0	0	0	0	0	0
holistic	h0-27	-31	0	0	0	0	0	0	0	0	0	0	0
holistic	h0-28	-34	15.524011	122.307373	9	67	8	5.612701	0	0	116.694672	3.485320	0
holistic	h0-29	-11	0	0	0	0	0	0	0	0	0	0	0
holistic	h0-30	-47	0	5.036682	0	6	2	0	0	0	5.036682	0	0
holistic	h0-31	-34	0	0	0	0	0	0	0	0	0	0	0
holistic	h0-32	-40	7.010396	24.480090	8	24	7	0	0	22.171112	2.308978	0	0
holistic	h0-33	-1	0	0	0	0	0	0	0	0	0	0	0
holistic	h0-34	-29	0	0.948210	0	6	3	0	0.948210	0	0	0	0
holistic	h0-35	-2	1.180355	1.181023	1	2	2	0	0	0	1.181023	1.923732	0
holistic	h0-36	-24	0	0	0	0	0	0	0	0	0	0	0
holistic	h0-37	-13	0	0	0	0	6	0	0	0	0	0	0
holistic	h0-38	-31	0.951968	4.842312	4	6	4	0	3.765480	0	1.076832	0	0
holistic	h0-39	-21	0	0.121226	0	1	1	0	0	0	0.121226	0	0
holistic	h0-40	-19	0	0	0	0	4	0	0	0	0	0	0
holistic	h0-41	-14	0	30.399308	0	49	13	0	1.884725	28.514583	0	0	0
holistic	h0-42	-42	0	0	0	0	0	0	0	0	0	0	0
holistic	h0-43	-5	0	0	0	0	0	0	0	0	0	0	0
holistic	h0-44	-56	0	0	0	0	0	0	0	0	0	0	0
holistic	h0-45	-44	0	0	0	0	0	0	0	0	0	0	0
holistic	h0-46	-56	0	0.185386	0	1	1	0	0	0	0.185386	0	0
holistic	h0-47	-18	0	0	0	0	2	0	0	0	0	0	0
holistic	h0-48	-14	2.771670	2.976615	3	3	4	1.342261	0	1.634354	0	0	0
holistic	h0-49	-8	0	29.041392	0	26	5	0	0	29.041392	0	1.279460	0
holistic	h0-50	-13	3.216570	34.710096	4	20	10	0	0	34.710096	0	0	0
holistic	h0-51	-32	0	12.337484	0	12	8	0	3.590824	8.746660	0	0	0
holistic	h0-52	-46	0	0	0	0	1	0	0	0	0	0	0
holistic	h0-53	-59	0	0	0	0	2	0	0	0	0	0	0
holistic	h0-54	-13	2.610849	55.194136	6	40	17	30.790792	8.692620	15.710724	0	1.153207	0
holistic	h0-55	-7	0	0	0	0	0	0	0	0	0	0	0
holistic	h0-56	-18	0	41.413836	0	33	8	0	24.598748	0	16.815088	7.211548	0
holistic	h0-58	-42	2.122820	8.057676	4	7	6	0.139208	0	7.902203	0.016265	0	0
holistic	h0-59	-56	0	0	0	0	0	0	0	0	0	0	0
conventional	c0-0	-6	0	21.629687	0	14	7	4.582806	5.056377	8.590583	3.399921	0	0
conventional	c0-1	-7	0	19.644844	0	14	7	2.732232	2.587010	8.618408	5.707194	0	0
conventional	c0-2	-1	0	24.112616	0	14	7	0.928212	6.142389	10.180873	6.861142	0	0
conventional	c0-3	-3	0	30.149577	0	14	7	3.488551	7.988979	11.447098	7.224949	0	0
conventional	c0-4	-33	0	34.730842	0	14	7	1.104085	7.861277	15.614183	10.151297	0	0
conventional	c0-5	-50	0	25.982013	0	14	7	6.443494	0.870311	10.702546	7.965662	0	0
conventional	c0-6	-3	0	20.736587	0	14	7	1.781267	3.107413	6.547816	9.300091	0	0
conventional	c0-7	-14	0	20.601484	0	14	7	0.989159	3.905066	8.437722	7.269537	0	0
conventional	c0-8	-45	0	26.367847	0	14	7	7.226904	2.491531	11.511069	5.138343	0	0
conventional	c0-9	-36	0	29.707983	0	14	7	4.055819	1.733491	17.804904	6.113769	0	0
conventional	c0-10	-16	0	28.422279	0	14	7	2.336207	8.667161	5.155306	12.263605	0	0
conventional	c0-11	-29	0	19.730901	0	14	7	2.319625	1.810323	9.465266	6.135687	0	0
conventional	c0-12	-26	0	22.822913	0	14	7	0.721132	5.307860	9.744385	7.049536	0	0
conventional	c0-13	-14	0	17.329084	0	14	7	0.921253	2.210556	8.009320	6.187955	0	0
conventional	c0-14	-2	0	24.390842	0	14	7	1.444063	2.884162	8.417882	11.644735	0	0
conventional	c0-15	-58	0	27.026600	0	14	7	8.014866	1.344205	6.154776	11.512753	0	0
conventional	c0-16	-41	0	40.441571	0	14	7	4.634306	11.982222	13.623453	10.201590	0	0
conventional	c0-17	-26	0	34.029300	0	14	7	6.147952	6.837299	12.229010	8.815039	0	0
conventional	c0-19	-20	0	25.785509	0	14	7	2.645554	6.247944	10.829898	6.062113	0	0
conventional	c0-20	-35	0	28.205326	0	14	7	3.435227	5.592694	10.819393	8.358012	0	0
conventional	c0-21	-35	0	20.758938	0	14	7	3.722786	1.787258	7.023373	8.225521	0	0
conventional	c0-22	-59	0	26.404120	0	14	7	2.988474	5.850030	13.348727	4.216889	0	0
conventional	c0-23	-16	0	32.328501	0	14	7	3.211018	5.044042	16.692802	7.380639	0	0
conventional	c0-24	-45	0	14.837335	0	14	7	2.540947	2.355378	3.135681	6.805329	0	0
conventional	c0-25	-47	0	32.057229	0	14	7	2.495913	3.991886	20.322868	5.246562	0	0
conventional	c0-26	-32	0	38.946102	0	14	7	7.583630	5.960783	18.749078	6.652611	0	0
conventional	c0-28	-17	0	29.047458	0	14	7	1.299873	4.840130	17.084964	5.822491	0	0
conventional	c0-29	-35	0	22.740363	0	14	7	4.176012	1.184024	10.444561	6.935766	0	0
conventional	c0-30	-57	0	47.611828	0	14	7	9.086488	8.488571	21.127088	8.909681	0	0
conventional	c0-31	-45	0	24.240794	0	14	7	0.822932	2.742236	8.249068	12.426558	0	0
conventional	c0-32	-40	0	38.416500	0	14	7	4.119008	5.203755	17.454279	11.639458	0	0
conventional	c0-33	-21	0	26.257570	0	14	7	2.589842	6.082359	8.403999	9.181370	0	0
conventional	c0-34	-55	0	51.430779	0	14	7	8.128069	6.383084	22.094729	14.824897	0	0
conventional	c0-35	-31	0	30.139516	0	14	7	3.655506	4.914822	11.233516	10.335672	0	0
conventional	c0-36	-21	0	26.581767	0	14	7	5.413126	1.976725	14.861808	4.330108	0	0
conventional	c0-37	-46	0	21.191839	0	14	7	0.909546	5.733297	8.829526	5.719470	0	0
conventional	c0-38	-43	0	16.444722	0	14	7	6.807160	1.236624	5.795939	2.604999	0	0
conventional	c0-39	-14	0	20.443639	0	14	7	6.959567	4.761145	3.294098	5.428829	0	0
conventional	c0-40	-17	0	25.201077	0	14	7	3.915879	6.170469	9.587236	5.527493	0	0
conventional	c0-41	-30	0	15.718697	0	14	7	1.954444	2.331550	8.703756	2.728947	0	0
conventional	c0-42	-47	0	29.469723	0	14	7	1.074884	1.082546	12.614806	14.697487	0	0
conventional	c0-43	-4	0	29.326371	0	14	7	1.906690	2.438963	13.111083	11.869635	0	0
conventional	c0-44	-1	0	24.666012	0	14	7	1.406149	4.480205	12.829935	5.949723	0	0
conventional	c0-45	-11	0	20.255105	0	14	7	2.061383	3.780508	10.056845	4.356369	0	0
conventional	c0-46	-31	0	23.639446	0	14	7	1.864225	4.572777	13.360796	3.841648	0	0
conventional	c0-47	-7	0	30.594111	0	14	7	5.525070	6.411307	7.910548	10.747186	0	0
conventional	c0-48	-50	0	18.206289	0	14	7	3.718441	3.101991	5.240198	6.145659	0	0
conventional	c0-49	-48	0	25.225534	0	14	7	5.214062	0.975973	10.339447	8.696052	0	0
conventional	c0-50	-18	0	17.861908	0	14	7	3.519465	2.487558	6.038506	5.816379	0	0
conventional	c0-51	-22	0	23.105956	0	14	7	6.740747	5.296748	7.505316	3.563145	0	0
conventional	c0-52	-42	0	23.753590	0	14	7	3.934685	2.032979	10.821037	6.964889	0	0
conventional	c0-53	-2	0	14.339773	0	14	7	2.039868	2.051037	6.009832	4.239036	0	0
conventional	c0-54	-57	0	18.113834	0	14	7	1.746077	3.858339	6.698194	5.811224	0	0
conventional	c0-55	-16	0	30.076337	0	14	7	5.257401	4.683456	12.671152	7.464328	0	0
conventional	c0-56	-18	0	29.667716	0	14	7	8.709456	1.037261	13.513660	6.407339	0	0
conventional	c0-57	-8	0	44.147291	0	14	7	8.640799	5.528242	20.764718	9.213532	0	0
conventional	c0-58	-1	0	17.542778	0	14	7	0.410958	4.681619	5.950649	6.499552	0	0
conventional	c0-59	-50	0	12.508473	0	14	7	1.816064	1.484628	6.229316	2.978465	0	0
conventional	ce61	0	0	12.170730	0	14	7	3.082477	2.048785	5.335184	1.704284	0	0
conventional	ce62	0	0	23.608512	0	14	7	2.047277	1.059200	7.867592	12.634443	0.040996	0
conventional	ce63	1	0	26.569234	0	14	7	3.302305	1.949240	8.689351	12.628338	0	0
conventional	ce64	1	0	29.501769	0	14	7	5.587866	2.000697	16.473692	5.439514	0	0
holistic	he61	2	2.122820	7.858145	4	8	8	0.238076	0	7.594499	0.025570	0	0
holistic	he62	2	0	1.244311	0	2	1	1.244311	0	0	0	2.860688	0
conventional	ce65	2	0	43.238086	0	14	7	4.252140	5.213575	19.851404	13.920967	0	0
conventional	ce66	2	0	23.879111	0	14	7	8.050553	5.310469	7.864656	2.653433	0	0
conventional	ce67	2	0	41.847191	0	14	7	8.530789	5.263770	20.642348	7.410284	0	0
conventional	ce68	2	0	26.756532	0	14	7	5.631710	1.122158	16.078415	3.924249	0	0
conventional	ce69	2	0	25.480364	0	14	7	7.699853	0.441512	8.106047	9.232952	0.040609	0
holistic	he63	3	0	3.173862	0	6	3	3.173862	0	0	0	3.137013	0
conventional	ce70	3	0	35.649511	0	14	7	2.914784	4.386092	21.585185	6.763450	0	0
conventional	ce71	3	0	26.736129	0	14	7	2.828190	1.013211	17.638632	5.256096	0	0
conventional	ce72	3	0	21.560013	0	14	7	10.163057	1.850258	4.411193	5.135505	0	0
conventional	ce73	3	0	30.307260	0	14	7	3.026313	7.755284	13.533996	5.991667	0.723566	0
conventional	ce74	3	0	23.785946	0	14	7	2.731467	4.520791	7.242353	9.291335	0	0
conventional	ce75	3	0	20.177446	0	14	7	3.163907	1.495762	9.218127	6.299650	0	0
conventional	ce76	3	0.246166	25.458365	1	14	7	0.500218	4.037755	9.075717	11.844675	0	0
conventional	ce77	3	0	17.208511	0	14	7	1.964014	4.369120	7.057029	3.818348	0	0
conventional	ce78	3	0	25.810177	0	14	7	2.714915	7.494689	10.141027	5.459546	0	0
conventional	ce79	3	0.216490	31.517284	1	14	7	3.687404	1.523025	14.920440	11.386415	0	0
conventional	ce80	3	0	23.264418	0	14	7	3.724821	1.757708	8.949702	8.832187	0	0
holistic	he64	4	0	1.134542	0	2	1	1.134542	0	0	0	2.518260	0
conventional	ce81	4	0	23.280423	0	14	7	1.871944	3.757757	11.828585	5.822137	0	0
conventional	ce82	4	0	29.854470	0	14	7	10.070533	0.985422	10.300565	8.497950	0	0
conventional	ce83	4	0	22.945356	0	14	7	1.820643	3.547603	7.959737	9.617373	0	0
conventional	ce84	4	0	35.923738	0	14	7	2.677968	4.471334	21.244441	7.529995	0	0
conventional	ce85	4	0	26.508079	0	14	7	5.581984	2.546273	14.102435	4.277387	0	0
conventional	ce86	4	0	27.443809	0	14	7	3.654920	4.062550	13.833148	5.893191	0	0
conventional	ce87	4	0	24.047510	0	14	7	5.707121	2.692314	9.308804	6.339271	0	0
holistic	he65	5	0	0	0	0	0	0	0	0	0	2.945788	0
holistic	he66	5	0	1.054121	0	2	2	1.054121	0	0	0	2.860688	0
conventional	ce88	5	0	19.671772	0	14	7	1.301653	1.988420	4.965220	11.416479	0	0
conventional	ce89	5	0	26.323143	0	14	7	3.193686	4.452510	11.813010	6.863937	0	0
conventional	ce90	5	0	17.248990	0	14	7	2.131073	2.266349	9.920602	2.930966	0	0
conventional	ce91	5	0	27.955522	0	14	7	2.445775	1.273849	17.764389	6.471509	0	0
conventional	ce92	5	0	22.478145	0	14	7	2.208566	1.571560	10.170688	8.527331	0	0
conventional	ce93	5	0	17.435040	0	14	7	1.287377	4.259065	7.981891	3.906707	0	0
conventional	ce94	5	0	30.281044	0	14	7	3.257784	2.857215	18.922209	5.243836	0	0
conventional	ce95	6	0	14.496026	0	14	7	2.132825	2.163734	5.542862	4.656605	0	0
conventional	ce96	6	0	29.507524	0	14	7	2.130470	8.006185	7.850823	11.520046	0	0
conventional	ce97	6	0	13.213033	0	14	7	3.090032	2.165163	5.464499	2.493339	0	0
holistic	he67	7	0	1.228334	0	2	1	1.228334	0	0	0	3.345687	0
conventional	ce98	7	0	16.592442	0	14	7	1.542386	1.341397	8.503031	5.205628	0	0
conventional	ce99	7	0	15.775887	0	14	7	1.793390	1.944121	5.347926	6.690450	0	0
conventional	ce100	7	0	30.442922	0	14	7	3.570282	3.939637	16.079298	6.853705	0	0
conventional	ce101	7	0	25.872594	0	14	7	4.012363	6.186839	9.133640	6.539752	0.007893	0
holistic	he68	8	0	2.038774	0	2	1	2.038774	0	0	0	2.860688	0
holistic	he69	8	0	0	0	0	1	0	0	0	0	3.192378	0
holistic	he70	8	0	14.743087	0	25	9	0	1.361737	13.381350	0	0	0
conventional	ce102	8	0	28.922802	0	14	7	4.453776	0.973286	17.524852	5.970888	0	0
conventional	ce103	8	0	24.799715	0	14	7	1.834842	4.338963	14.072682	4.553228	0	0
conventional	ce104	8	0	29.437009	0	14	7	4.872730	5.812345	12.230118	6.521816	0	0
conventional	ce105	8	0.246166	28.483856	1	14	7	0.733774	3.543510	13.314376	10.892196	0.461885	0
holistic	he71	9	0	3.173920	0	4	1	3.173920	0	0	0	4.414340	0
conventional	ce106	9	0	20.922706	0	14	7	4.911100	3.798856	7.590438	4.622312	0	0
conventional	ce107	9	0	33.102163	0	14	7	2.268321	9.321795	14.866347	6.645700	0.723566	0
conventional	ce108	9	0	17.147713	0	14	7	2.087390	2.480735	8.261331	4.318257	0	0
conventional	ce109	9	0	19.992995	0	14	7	4.312228	3.102600	4.705419	7.872748	0	0
conventional	ce110	9	0	20.645912	0	14	7	4.086991	3.044749	6.265808	7.248364	0	0
conventional	ce111	9	0	28.035896	0	14	7	2.452914	2.120006	10.555542	12.907434	0	0
conventional	ce112	9	0	31.168118	0	14	7	4.762451	5.776364	12.542125	8.087178	0	0
conventional	ce113	9	0	25.922147	0	14	7	1.852524	4.585618	11.022804	8.461201	0	0
conventional	ce114	10	0	10.232207	0	14	7	0.694805	1.632399	3.922512	3.982491	0	0
conventional	ce115	10	0	26.496698	0	14	7	2.143678	0.093743	19.504309	4.754968	0	0
conventional	ce116	10	0	13.345732	0	14	7	2.810414	1.608374	5.510139	3.416805	0	0
conventional	ce117	10	0	23.970143	0	14	7	2.948566	7.636560	9.876808	3.508209	0.723566	0
conventional	ce118	10	0	12.895228	0	14	7	0.886706	1.327592	7.967787	2.713143	0	0
conventional	ce119	10	0	30.665394	0	14	7	3.893683	7.631919	10.519688	8.620104	0	0
holistic	he72	11	0	1.415407	0	2	1	1.415407	0	0	0	2.860688	0
conventional	ce120	11	0	18.159007	0	14	7	2.269817	2.434086	11.298462	2.156642	0	0
conventional	ce121	11	0	26.421268	0	14	7	1.652150	2.314087	17.361625	5.093406	0	0
conventional	ce122	11	0	29.507308	0	14	7	7.021460	0.163738	14.539727	7.782383	0	0
conventional	ce123	11	0	28.238633	0	14	7	0.820566	7.466883	13.616062	6.335122	0.865123	0
conventional	ce124	11	0	21.433077	0	14	7	1.322948	3.537756	8.040490	8.531883	0	0
holistic	he73	12	0	2.796158	0	4	2	2.796158	0	0	0	2.523571	0
conventional	ce125	12	0	24.743135	0	14	7	2.232350	6.958527	9.327288	6.224970	0	0
conventional	ce126	12	0	21.559361	0	14	7	10.739824	1.994395	4.076282	4.748860	0	0
conventional	ce127	12	0	32.206938	0	14	7	6.260251	1.787977	16.778556	7.380154	0	0
conventional	ce128	12	0	35.368441	0	14	7	6.279135	7.273793	15.025800	6.789713	0	0
holistic	he74	13	0	2.447355	0	2	1	2.447355	0	0	0	2.702899	0
holistic	he75	13	0	0	0	0	1	0	0	0	0	3.192378	0
conventional	ce129	13	0	23.510151	0	14	7	2.494669	2.938291	6.288778	11.788413	0	0
conventional	ce130	13	0	25.279612	0	14	7	2.202808	0.947538	17.578811	4.550455	0	0
conventional	ce131	13	0	26.362956	0	14	7	1.999283	2.336306	9.925597	12.101770	0	0
conventional	ce132	13	0	27.368233	0	14	7	2.314407	9.386233	6.225332	9.442261	0	0
holistic	he76	14	0	1.228854	0	2	1	1.228854	0	0	0	2.860688	0
holistic	he77	14	0	0	0	0	1	0	0	0	0	2.881301	0
holistic	he78	14	0	0	0	0	1	0	0	0	0	3.273620	0
conventional	ce133	14	0	22.325755	0	14	7	4.412733	3.758614	7.517961	6.636447	0	0
conventional	ce134	14	0	23.184780	0	14	7	1.683607	4.507142	12.588053	4.405978	0	0
conventional	ce135	14	0	27.434793	0	14	7	3.331066	7.708922	8.578833	7.815972	0	0
holistic	he79	15	0	0.941998	0	2	2	0.941998	0	0	0	3.357555	0
holistic	he80	15	0	0	0	0	1	0	0	0	0	1.940893	0
holistic	he81	15	0	0	0	0	2	0	0	0	0	6.782422	0
conventional	ce136	15	0	32.792348	0	14	7	2.202165	1.505223	15.553071	13.531889	0	0
conventional	ce137	15	0	16.408362	0	14	7	1.617063	4.524094	6.668483	3.598722	0	0
conventional	ce138	15	0	15.510427	0	14	7	1.978371	3.080748	7.656740	2.794568	0	0
conventional	ce139	15	0	28.242140	0	14	7	2.293779	1.262662	18.145352	6.540347	0	0
conventional	ce140	15	0	13.037120	0	14	7	2.130700	2.199879	2.172912	6.533629	0	0
conventional	ce141	15	0	13.545625	0	14	7	2.251033	2.383146	5.593445	3.318001	0	0
conventional	ce142	15	0	22.163357	0	14	7	2.065759	3.264126	6.997577	9.835895	0	0
holistic	he82	16	0	0	0	0	1	0	0	0	0	3.192378	0
holistic	he83	16	0	1.345200	0	2	3	1.345200	0	0	0	2.060256	0
holistic	he84	16	0	1.094616	0	2	2	1.094616	0	0	0	2.937004	0
conventional	ce143	16	0	18.678669	0	14	7	1.747119	1.900059	6.775498	8.255993	0	0
conventional	ce144	16	0	45.737902	0	14	7	4.186420	7.667561	19.508714	14.375207	0	0
conventional	ce145	16	0	16.590455	0	14	7	1.675530	2.552246	9.237344	3.125335	0	0
conventional	ce146	16	0	40.287281	0	14	7	3.255675	4.730718	23.331695	8.969193	0	0
holistic	he85	17	0	0	0	0	1	0	0	0	0	2.103327	0
holistic	he86	17	2.224713	3.207269	3	5	4	0	0.982556	0	2.224713	0	2.697732
holistic	he87	17	0	0	0	0	1	0	0	0	0	3.192378	0
holistic	he88	17	0	0	0	0	0	0	0	0	0	0	0
conventional	ce147	17	0	28.305807	0	14	7	4.488450	1.114473	16.164913	6.537971	0	0
holistic	he89	18	0	0	0	0	1	0	0	0	0	1.940893	0
holistic	he90	18	0	0	0	0	1	0	0	0	0	3.273620	0
holistic	he91	18	0	4.199568	0	8	2	4.199568	0	0	0	7.668445	0
holistic	he92	18	0	0	0	0	1	0	0	0	0	2.974047	0
holistic	he93	18	0	0.894986	0	2	1	0.894986	0	0	0	1.649488	0
holistic	he94	18	0	1.693720	0	4	3	1.693720	0	0	0	2.060256	0
holistic	he95	18	0	0	0	0	1	0	0	0	0	3.594177	0
conventional	ce148	18	0	34.356601	0	14	7	3.175769	1.477753	16.876689	12.826390	0	0
conventional	ce149	18	1.022367	38.172111	1	14	7	2.443810	11.346601	16.086755	8.294945	0.723566	0
conventional	ce150	18	0	45.797109	0	14	7	3.908581	5.687382	22.458365	13.742781	0	0
conventional	ce151	18	0	27.558174	0	14	7	2.325688	2.949825	16.331797	5.950864	0	0
holistic	he96	19	0	0	0	0	0	0	0	0	0	0	0
holistic	he97	19	0	2.218645	0	2	1	2.218645	0	0	0	2.702899	0
holistic	he98	19	0	0	0	0	1	0	0	0	0	2.881301	0
holistic	he99	19	0	0	0	0	2	0	0	0	0	6.384756	0
holistic	he100	19	0	0	0	0	2	0	0	0	0	0	0
holistic	he101	19	0	0	0	0	1	0	0	0	0	3.192378	0
holistic	he102	19	0	0	0	0	1	0	0	0	0	3.267187	0
holistic	he103	19	0	1.673756	0	2	4	1.673756	0	0	0	0.832235	0
holistic	he104	19	0	1.434961	0	2	1	1.434961	0	0	0	2.575021	0
holistic	he105	19	0	0	0	0	0	0	0	0	0	0	0
holistic	he106	19	0	0.982579	0	2	2	0.982579	0	0	0	3.170997	0
holistic	he107	19	0	2.488622	0	4	1	2.488622	0	0	0	5.721376	0
conventional	ce152	19	0	28.892443	0	14	7	4.715207	8.803416	10.434874	4.938946	0	0
holistic	he108	20	0	0	0	0	5	0	0	0	0	2.060256	0
holistic	he109	20	0	1.247737	0	3	2	1.247737	0	0	0	5.070832	0
holistic	he110	20	0	0	0	0	1	0	0	0	0	3.120461	0
holistic	he111	20	0	0	0	0	1	0	0	0	0	3.192378	0
holistic	he112	20	0	0	0	0	1	0	0	0	0	3.192378	0
holistic	he113	20	0	0	0	0	4	0	0	0	0	3.192378	0
holistic	he114	20	0	0.879080	0	2	3	0.879080	0	0	0	0.862994	0
holistic	he115	20	0	0.989098	0	1	1	0.989098	0	0	0	2.263966	0
holistic	he116	20	0	0	0	0	1	0	0	0	0	2.103327	0
holistic	he117	20	0	0.885610	0	2	2	0.885610	0	0	0	3.205671	0
holistic	he118	20	0	3.036438	0	6	3	3.036438	0	0	0	3.137013	0
holistic	he119	20	0	0	0	0	1	0	0	0	0	3.058778	0
holistic	he120	20	0	3.492735	0	2	1	3.492735	0	0	0	2.702899	0
holistic	he121	20	0	1.382794	0	2	1	1.382794	0	0	0	2.927256	0
conventional	ce153	20	0	24.369881	0	14	7	4.475154	5.306151	8.295182	6.293394	0	0
conventional	ce154	20	0	25.650308	0	14	7	3.228256	6.918209	9.155822	6.348021	0	0
holistic	he122	21	0	0	0	0	0	0	0	0	0	0	0
holistic	he123	21	0	1.238342	0	2	1	1.238342	0	0	0	2.702899	0
holistic	he124	21	0	2.143704	0	6	5	2.143704	0	0	0	0	0
holistic	he125	21	0	0	0	0	1	0	0	0	0	2.234599	0
holistic	he126	21	0	0	0	0	1	0	0	0	0	1.940893	0
holistic	he127	21	0	0	0	0	0	0	0	0	0	0	0
holistic	he128	21	0	0	0	0	0	0	0	0	0	0	0
holistic	he129	21	0	0	0	0	1	0	0	0	0	3.267669	0
holistic	he130	21	0	0	0	0	1	0	0	0	0	3.602771	0
holistic	he131	21	0	1.915976	0	6	3	1.915976	0	0	0	5.219786	0
holistic	he132	22	0	0	0	0	1	0	0	0	0	2.857286	0
holistic	he133	22	0	0	0	0	4	0	0	0	0	3.273620	0
holistic	he134	22	0	0	0	0	0	0	0	0	0	0	0
conventional	ce155	22	0	20.784983	0	14	7	1.777081	2.549096	7.395016	9.063790	0	0
conventional	ce156	22	0	16.503010	0	14	7	2.356451	3.285421	8.030770	2.830368	0	0
conventional	ce157	22	0	34.667134	0	14	7	4.848862	10.182167	10.790020	8.846085	0	0
holistic	he135	23	0	0	0	0	1	0	0	0	0	2.409334	0
holistic	he136	23	0	0	0	0	1	0	0	0	0	2.927590	0
conventional	ce158	23	0	50.918466	0	14	7	4.987571	6.831084	25.803717	13.296094	1.940839	0
conventional	ce159	23	0	26.227222	0	14	7	0.861126	2.403379	13.357190	9.605527	0	0
holistic	he137	24	0	0	0	0	2	0	0	0	0	6.384756	0
holistic	he138	24	0	0	0	0	1	0	0	0	0	2.440780	0
holistic	he139	24	0	0	0	0	1	0	0	0	0	3.267187	0
holistic	he140	24	0	0.629423	0	1	2	0.629423	0	0	0	2.060256	0
conventional	ce160	24	0	21.299001	0	14	7	4.621406	3.968535	6.826338	5.882722	0	0
conventional	ce161	24	0	41.205042	0	14	7	3.357413	7.908520	19.451627	10.487482	0	0
conventional	ce162	24	0	37.849433	0	14	7	3.255093	10.628096	13.654180	10.312064	0	0
holistic	he141	25	0	0	0	0	1	0	0	0	0	3.194168	0
holistic	he142	25	0	0	0	0	4	0	0	0	0	3.625935	0
holistic	he143	25	0	0	0	0	1	0	0	0	0	3.192378	0
holistic	he144	25	0	0.490836	0	6	4	0	0	0	0.490836	0	0
holistic	he145	25	0	0.302033	0	1	1	0.302033	0	0	0	1.816024	0
holistic	he146	25	0	0	0	0	2	0	0	0	0	7.312846	0
holistic	he147	25	0	0	0	0	1	0	0	0	0	1.940893	0
conventional	ce163	25	0	25.115190	0	14	7	3.620880	4.034368	10.592442	6.867500	0	0
holistic	he148	26	0	1.244311	0	2	1	1.244311	0	0	0	2.185839	0
conventional	ce164	26	0	43.448507	0	14	7	10.011273	5.436472	14.616654	13.384108	0	0
conventional	ce165	26	0	35.456075	0	14	7	4.510669	6.701315	12.292909	11.951182	0	0
holistic	he149	27	0.975533	3.070550	1	2	1	3.070550	0	0	0	2.927590	0
holistic	he150	27	0	0	0	0	0	0	0	0	0	0	0
conventional	ce166	27	0	24.910034	0	14	7	4.847412	5.736565	5.852654	8.473403	0	0
conventional	ce167	27	0	31.978219	0	14	7	7.369394	0.834480	15.348759	8.425586	0	0
holistic	he151	28	0	0	0	0	1	0	0	0	0	3.237048	0
holistic	he152	29	0	0	0	0	1	0	0	0	0	1.940893	0
holistic	he153	29	0	0	0	0	4	0	0	0	0	3.359708	0
holistic	he154	29	0	0	0	0	1	0	0	0	0	1.940893	0
holistic	he155	29	0	22.986270	0	18	4	22.986270	0	0	0	0	0
conventional	ce168	29	0	14.881894	0	14	7	2.449751	2.064149	8.448960	1.919034	0	0
conventional	ce169	29	0	25.069495	0	14	7	3.208193	0.505605	8.507591	12.848106	0.040996	0
conventional	ce170	30	0	35.098913	0	14	7	4.272617	11.010665	14.248249	5.567382	0	0
conventional	ce171	30	0	41.644685	0	14	7	3.286984	4.485364	19.750262	14.122075	0	0
conventional	ce172	30	0	22.276567	0	14	7	3.222991	3.203898	8.078381	7.771297	0	0
holistic	he156	31	0	0	0	0	2	0	0	0	0	5.701522	0
holistic	he157	31	0	0	0	0	2	0	0	0	0	2.440780	0
holistic	he158	31	0	1.345200	0	2	3	1.345200	0	0	0	1.335372	0
conventional	ce173	32	0	21.383636	0	14	7	3.731770	8.849250	5.683001	3.119615	0	0
conventional	ce174	32	0	24.512481	0	14	7	3.512526	7.324217	10.619960	3.055778	0	0
holistic	he159	33	0	0	0	0	1	0	0	0	0	3.192378	0
conventional	ce175	34	0	33.807641	0	14	7	5.729478	3.240575	15.707267	9.130321	0	0
conventional	ce176	34	0	45.855468	0	14	7	3.145461	5.117037	27.893264	9.699706	0	0
conventional	ce177	36	0	31.377045	0	14	7	5.673104	4.550766	12.098280	9.054895	0	0
holistic	he160	37	0	0	0	0	1	0	0	0	0	2.881301	0
conventional	ce178	37	0	32.734058	0	14	7	2.227773	1.059468	18.294183	11.152634	0	0
conventional	ce179	38	0	41.090644	0	14	7	6.041577	8.480365	17.570398	8.998304	0	0
conventional	ce180	38	0	10.354678	0	14	7	0.918677	1.160736	4.982176	3.293089	0	0
conventional	ce181	39	0	31.561550	0	14	7	3.624359	8.394943	5.531070	14.011178	0	0
conventional	ce182	39	0	26.380955	0	14	7	2.759264	1.793156	16.826294	5.002241	0	0
holistic	he161	40	0	0	0	0	1	0	0	0	0	3.267669	0
conventional	ce183	41	0	23.788624	0	14	7	1.285411	3.517148	7.897619	11.088446	0	0
conventional	ce184	41	0	30.103844	0	14	7	1.573401	2.959935	20.507442	5.063066	0	0
conventional	ce185	42	0	17.568560	0	14	7	3.155450	3.217402	6.152875	5.042833	0	0
conventional	ce186	42	0	30.963958	0	14	7	4.474191	7.542614	11.038533	7.908620	0	0
conventional	ce187	43	0	22.385849	0	14	7	0.865826	8.345905	6.569747	6.604371	0	0
conventional	ce188	44	0	22.517633	0	14	7	1.947756	2.862011	12.415315	5.292551	0	0
conventional	ce189	46	0	34.406812	0	14	7	10.806167	2.194629	10.237912	11.168104	0	0
conventional	ce190	46	0	26.809933	0	14	7	3.899447	9.421520	7.992866	5.496100	0	0
conventional	ce191	48	0	27.078894	0	14	7	4.227383	5.033196	10.105621	7.712694	0.113598	0
holistic	he162	49	0	0	0	0	1	0	0	0	0	1.940893	0
conventional	ce192	49	0	39.627838	0	14	7	12.582942	9.440517	12.126971	5.477408	0	0
conventional	ce193	50	0	24.701157	0	14	7	3.004753	6.183059	6.393570	9.119775	0	0
conventional	ce194	51	0	19.641184	0	14	7	1.981872	2.320051	9.862086	5.477175	0	0
conventional	ce195	52	0	26.771424	0	14	7	3.785777	8.582590	7.054095	7.348962	0	0
conventional	ce196	53	0	23.760155	0	14	7	5.717670	3.290311	8.107113	6.645061	0	0
conventional	ce197	55	0	15.203364	0	14	7	3.387063	1.250461	7.791661	2.774179	0	0
conventional	ce198	56	0	18.964838	0	14	7	1.721837	3.321591	9.311239	4.610171	0	0
conventional	ce199	57	0	32.226111	0	14	7	6.228684	9.991233	11.422579	4.583615	0	0
conventional	ce200	57	0	24.352152	0	14	7	4.031135	1.231648	10.995861	8.093508	0	0
conventional	ce201	58	0	17.658315	0	14	7	1.470111	3.172438	7.597784	5.417982	0	0
conventional	ce202	58	0	18.266690	0	14	7	2.134496	4.803287	7.548443	3.780464	0	0
conventional	ce203	58	0	26.777316	0	14	7	2.570787	2.367325	9.311096	12.528108	0.040996	0
conventional	ce204	59	0	24.232274	0	14	7	3.789874	8.174883	5.511403	6.756114	0	0
conventional	ce205	60	0	44.417802	0	14	7	5.251814	5.607734	20.059220	13.499034	0	0
conventional	ce206	60	0	36.813593	0	14	7	3.588416	2.873461	18.445437	11.906279	0	0
conventional	ce207	60	0	27.657715	0	14	7	5.429466	9.556327	7.553524	5.118398	0	0
conventional	ce208	60	0	11.033216	0	14	7	0.141955	1.357724	6.420051	3.113486	0	0
conventional	ce209	61	0	26.069300	0	14	7	3.678567	6.731436	9.070633	6.588664	0	0
holistic	he163	62	0	0	0	0	3	0	0	0	0	7.384845	0
conventional	ce210	62	0	23.854549	0	14	7	1.428180	7.576723	7.278595	7.571051	0	0
conventional	ce211	62	0	24.301445	0	14	7	2.875209	6.842579	9.449107	5.134550	0	0
conventional	ce212	62	0	22.406438	0	14	7	1.946175	3.402012	11.634570	5.423681	0	0
conventional	ce213	62	0	28.028853	0	14	7	5.175437	5.919559	10.923628	6.010229	0	0
conventional	ce214	63	0	23.136270	0	14	7	0.984655	5.221593	8.476643	8.453379	0	0
conventional	ce215	63	0	25.479565	0	14	7	5.502674	2.613358	9.283177	8.080356	0	0
conventional	ce216	63	0	42.087911	0	14	7	6.269650	12.563986	17.642064	5.612211	0	0
conventional	ce217	63	0	49.370587	0	14	7	8.584161	11.272623	12.831219	16.682584	0	0
conventional	ce218	63	0	23.750269	0	14	7	2.293980	1.482390	10.877236	9.096663	0.040996	0
conventional	ce219	63	0	28.958347	0	14	7	3.021547	4.922772	14.209084	6.804944	0	0
conventional	ce220	63	0	12.326966	0	14	7	1.355583	1.423400	5.394274	4.153709	0.513991	0
conventional	ce221	64	0	27.633081	0	14	7	3.291274	5.320837	13.193624	5.827346	0	0
conventional	ce222	64	0	28.928366	0	14	7	3.305039	0.675589	17.203312	7.744426	0	0
conventional	ce223	64	0	24.271886	0	14	7	2.852836	6.772976	9.540850	5.105224	0	0
conventional	ce224	65	0	26.393899	0	14	7	7.243283	5.843800	7.906613	5.400203	0	0
conventional	ce225	65	0	29.085412	0	14	7	3.955627	5.610743	12.717700	6.801342	0	0
conventional	ce226	65	0	31.667143	0	14	7	4.300599	10.722164	7.815717	8.828663	0	0
conventional	ce227	65	0	29.714811	0	14	7	3.773288	6.812020	11.788683	7.340820	0	0
conventional	ce228	65	0	38.320611	0	14	7	5.392178	5.276572	14.648500	13.003361	0	0
conventional	ce229	65	0	29.030890	0	14	7	1.687530	1.872208	15.713795	9.757357	0	0
conventional	ce230	66	0	23.989513	0	14	7	2.342963	5.777096	10.271835	5.597619	0	0
conventional	ce231	66	0	32.063184	0	14	7	2.365538	0.938653	22.025768	6.733225	0	0
conventional	ce232	66	0	25.191881	0	14	7	1.813424	4.181730	15.379452	3.817275	0	0
conventional	ce233	67	0	23.433365	0	14	7	2.572783	7.755295	6.837166	6.268121	0	0
conventional	ce234	67	0	24.563657	0	14	7	1.997189	0.745810	16.994295	4.826363	0	0
holistic	he164	68	0	0	0	0	0	0	0	0	0	0	0
conventional	ce235	68	0	22.086007	0	14	7	2.338835	3.796200	10.934824	5.016148	0	0
conventional	ce236	69	0	27.806175	0	14	7	4.649336	10.228912	8.736346	4.191581	0	0
conventional	ce237	70	0	38.841188	0	14	7	6.050475	8.163133	16.310331	8.317249	0	0
conventional	ce238	70	0	14.490082	0	14	7	3.220265	1.914017	7.504737	1.851063	0	0
conventional	ce239	70	0	19.688786	0	14	7	2.485087	4.164302	11.312150	1.727247	0	0
conventional	ce240	70	0	29.092261	0	14	7	2.426403	4.653029	17.490480	4.522349	0	0
conventional	ce241	71	0	39.156844	0	14	7	4.869774	12.670427	18.269625	3.347018	0	0
conventional	ce242	71	0	25.342701	0	14	7	2.084950	5.702083	9.267274	8.288394	0	0
conventional	ce243	71	0	36.743067	0	14	7	6.101839	13.298900	12.910361	4.431967	0	0
holistic	he165	72	0	0	0	0	1	0	0	0	0	3.267669	0
conventional	ce244	72	0	44.364864	0	14	7	5.450568	10.283413	20.441072	8.189811	0	0
conventional	ce245	72	0	27.354431	0	14	7	1.853398	2.532718	11.387831	11.580484	0.844949	0
conventional	ce246	72	0	12.955396	0	14	7	1.626564	1.950459	2.730911	6.647462	1.696386	0
holistic	he166	73	0	0	0	0	2	0	0	0	0	5.701522	0
holistic	he167	73	0	0	0	0	2	0	0	0	0	2.881301	0
conventional	ce247	73	0	22.487875	0	14	7	0.701320	8.174883	6.052018	7.559654	0	0
conventional	ce248	73	0	26.132466	0	14	7	4.086331	5.087886	9.824264	7.133985	0.420070	0
conventional	ce249	73	0	41.475584	0	14	7	7.723757	9.037191	20.684470	4.030166	0	0
conventional	ce250	73	0	29.583746	0	14	7	2.197404	3.738377	17.346169	6.301796	0	0
holistic	he168	74	0.975533	3.070550	1	2	1	3.070550	0	0	0	2.927590	0
holistic	he169	74	0	2.359758	0	8	4	2.359758	0	0	0	6.991638	0
holistic	he170	74	0	0	0	0	1	0	0	0	0	2.440780	0
conventional	ce251	74	0	34.076204	0	14	7	6.891614	8.357256	13.664175	5.163159	0	0
conventional	ce252	74	0	19.429217	0	14	7	2.205354	2.979011	6.414723	7.830129	0	0
conventional	ce253	74	0	25.897670	0	14	7	3.581222	2.760994	12.786843	6.768611	0	0
holistic	he171	75	0	0	0	0	1	0	0	0	0	3.237048	0
conventional	ce254	75	0	36.935707	0	14	7	4.505373	12.300519	13.992492	6.137323	0	0
conventional	ce255	75	0	18.662304	0	14	7	3.115589	4.567771	7.266986	3.711958	0	0
conventional	ce256	75	0	41.585700	0	14	7	3.279134	14.157978	12.986644	11.161944	0	0
conventional	ce257	75	0	35.524750	0	14	7	3.064827	1.647644	15.584743	15.227536	0	0
conventional	ce258	75	0	19.631086	0	14	7	1.482093	2.335342	6.742836	9.070815	0	0
conventional	ce259	75	0	40.877320	0	14	7	3.176794	14.187644	13.064236	10.448646	0	0
holistic	he172	76	0	0	0	0	3	0	0	0	0	4.948011	0
holistic	he173	76	0	0	0	0	1	0	0	0	0	3.524855	0
conventional	ce260	76	0	46.013416	0	14	7	8.484655	8.673204	13.759484	15.096073	0	0
conventional	ce261	76	0	17.518216	0	14	7	2.984088	4.650321	7.062789	2.821018	0	0
conventional	ce262	76	0	13.360316	0	14	7	1.818601	3.338735	5.334304	2.868676	0	0
conventional	ce263	76	0	30.603809	0	14	7	3.727685	8.220225	11.844253	6.811646	0	0
holistic	he174	77	0	0	0	0	2	0	0	0	0	6.384756	0
holistic	he175	77	0	0	0	0	2	0	0	0	0	1.021650	0
holistic	he176	77	0.975533	3.070550	1	2	1	3.070550	0	0	0	2.927590	0
conventional	ce264	77	0	23.759639	0	14	7	1.628849	8.214891	7.719126	6.196773	0	0
conventional	ce265	77	0	14.837743	0	14	7	2.573475	2.214520	8.210565	1.839183	0	0
conventional	ce266	77	0.308920	55.420591	1	14	7	8.990061	14.331525	13.719528	18.379477	0	0
conventional	ce267	77	0	26.069081	0	14	7	5.000872	4.825081	6.323327	9.919801	0	0
holistic	he177	78	0	0	0	0	2	0	0	0	0	2.881301	0
holistic	he178	78	0	0.302033	0	1	1	0.302033	0	0	0	1.816024	0
holistic	he179	78	0	0	0	0	1	0	0	0	0	3.192378	0
holistic	he180	78	0	0	0	0	1	0	0	0	0	3.540295	0
holistic	he181	78	0	0	0	0	1	0	0	0	0	1.940893	0
holistic	he182	78	0	0	0	0	1	0	0	0	0	1.940893	0
holistic	he183	78	0	2.637240	0	6	5	2.637240	0	0	0	2.588982	0
conventional	ce268	78	0	17.038494	0	14	7	1.127201	1.976435	9.077889	4.856969	0.746739	0
conventional	ce269	78	0	25.471358	0	14	7	2.417588	4.077815	12.197569	6.778386	0	0
conventional	ce270	78	0	50.952377	0	14	7	7.438229	14.672906	21.097645	7.743597	0	0
holistic	he184	79	0	0	0	0	2	0	0	0	0	2.440780	0
holistic	he185	79	0	0	0	0	1	0	0	0	0	3.341561	0
holistic	he186	79	0	0	0	0	1	0	0	0	0	3.267669	0
holistic	he187	79	0	0	0	0	4	0	0	0	0	3.828831	0
holistic	he188	79	0	1.708924	0	6	3	1.708924	0	0	0	5.219786	0
holistic	he189	79	0	0	0	0	1	0	0	0	0	0	0
conventional	ce271	79	0	27.009338	0	14	7	7.348377	6.176424	7.555511	5.929026	0	0
conventional	ce272	79	0	36.244110	0	14	7	3.360766	9.853201	14.381144	8.648999	0	0
conventional	ce273	79	0	20.077413	0	14	7	1.712112	6.171788	5.973329	6.220184	0	0
conventional	ce274	79	0	30.266024	0	14	7	5.886180	10.340399	7.887285	6.152160	0	0
conventional	ce275	79	0	31.602246	0	14	7	3.928247	10.069033	8.992647	8.612319	0	0
conventional	ce276	79	0	41.022376	0	14	7	8.092148	8.789667	19.415564	4.724997	0	0
conventional	ce277	79	0	50.472375	0	14	7	8.719237	11.449124	13.619393	16.684621	0	0
holistic	he190	80	0	3.282207	0	1	4	0	0	3.282207	0	3.625935	0
holistic	he191	80	0	0.448974	0	2	3	0.448974	0	0	0	1.325114	0
holistic	he192	80	0	0	0	0	1	0	0	0	0	3.267187	0
holistic	he193	80	0	0	0	0	1	0	0	0	0	3.011074	0
holistic	he194	80	0	0	0	0	1	0	0	0	0	3.370476	0
holistic	he195	80	0	0	0	0	1	0	0	0	0	1.940893	0
holistic	he196	80	0	0	0	0	1	0	0	0	0	2.683633	0
holistic	he197	80	0	0	0	0	1	0	0	0	0	3.299341	0
holistic	he198	80	0	0.019355	0	1	2	0.019355	0	0	0	2.060256	0
holistic	he199	80	0	0	0	0	1	0	0	0	0	1.940893	0
holistic	he200	81	0	0	0	0	3	0	0	0	0	3.359708	0
holistic	he201	81	0.525069	1.038644	1	2	1	1.038644	0	0	0	3.374293	0
holistic	he202	81	0	0	0	0	3	0	0	0	0	6.298064	0
holistic	he203	81	0	0	0	0	2	0	0	0	0	7.553672	0
holistic	he204	81	0	0	0	0	1	0	0	0	0	4.788015	0
holistic	he205	81	0	1.011635	0	1	1	1.011635	0	0	0	0	0
holistic	he206	81	0	1.994376	0	6	6	1.994376	0	0	0	2.679760	0
conventional	ce278	81	0	45.098413	0	14	7	8.558328	7.573175	15.824488	13.142422	0	0
conventional	ce279	81	0	29.071892	0	14	7	5.088828	5.081272	13.305752	5.596040	0	0
conventional	ce280	81	0	28.971364	0	14	7	7.203441	6.102069	8.349342	7.316512	0.040996	0
holistic	he207	82	0	0	0	0	4	0	0	0	0	3.625935	0
holistic	he208	82	0	0	0	0	1	0	0	0	0	1.940893	0
holistic	he209	82	0	0	0	0	0	0	0	0	0	0	0
holistic	he210	82	0	0	0	0	1	0	0	0	0	3.267669	0
conventional	ce281	82	0	16.782266	0	14	7	2.536181	1.974510	9.965553	2.306022	0	0
conventional	ce282	82	0	38.198284	0	14	7	8.988015	9.598330	17.394518	2.217421	0	0
conventional	ce283	82	0	39.956351	0	14	7	2.941368	10.424641	15.156830	11.433512	0	0
conventional	ce284	82	0	37.441939	0	14	7	6.443962	13.955309	12.563138	4.479530	0	0
conventional	ce285	82	0	27.721401	0	14	7	2.089262	6.405137	8.623790	10.603212	0	0
holistic	he211	83	0	4.902123	0	5	3	0	0	0	4.902123	6.535338	0
holistic	he212	84	0	0	0	0	6	0	0	0	0	6.719416	0
holistic	he213	84	0	0	0	0	2	0	0	0	0	3.207154	0
holistic	he214	84	0	0	0	0	1	0	0	0	0	2.298886	0
holistic	he215	84	0	0	0	0	1	0	0	0	0	3.011074	0
holistic	he216	84	1.050138	2.269836	2	4	4	2.269836	0	0	0	10.869098	0
holistic	he217	84	0	0	0	0	1	0	0	0	0	0	0
conventional	ce286	84	0	53.171945	0	14	7	5.668492	13.522708	24.616940	9.363805	0	0
conventional	ce287	84	0	23.820053	0	14	7	3.213949	4.581165	11.604659	4.420280	0.817643	0
conventional	ce288	84	0	14.897806	0	14	7	2.131916	3.773941	6.762855	2.229094	0	0
holistic	he218	85	0	0	0	0	1	0	0	0	0	3.796560	0
holistic	he219	85	0	0	0	0	2	0	0	0	0	2.881301	0
holistic	he220	85	0	0	0	0	1	0	0	0	0	0	0
holistic	he221	85	0	0	0	0	3	0	0	0	0	3.359708	0
holistic	he222	85	0	0	0	0	4	0	0	0	0	5.762602	0
holistic	he223	85	0	0	0	0	1	0	0	0	0	3.687532	0
conventional	ce289	85	0	20.517074	0	14	7	5.021560	2.435667	6.643823	6.416024	0	0
conventional	ce290	85	0	31.934410	0	14	7	4.778735	8.822916	12.223054	6.109705	0	0
holistic	he224	86	0	0	0	0	3	0	0	0	0	0	0
conventional	ce291	86	0	20.970824	0	14	7	2.101760	6.926662	7.248634	4.693768	0	0
conventional	ce292	86	0	22.400780	0	14	7	4.588677	4.323890	3.564676	9.923537	0	0
conventional	ce293	86	0	21.643230	0	14	7	2.662901	1.686588	11.891251	5.402490	0	0
conventional	ce294	86	0	23.774151	0	14	7	2.499981	6.385538	6.094131	8.794501	0	0
holistic	he225	87	0	0	0	0	1	0	0	0	0	3.715793	0
holistic	he226	88	0	2.841738	0	6	5	2.841738	0	0	0	2.588982	0
holistic	he227	88	0	1.468723	0	1	2	1.468723	0	0	0	1.335372	0
conventional	ce295	88	0	26.389134	0	14	7	0.865311	8.688791	7.601353	9.233679	0	0
conventional	ce296	88	0	27.446525	0	14	7	3.518786	7.399855	7.311922	9.215962	0	0
conventional	ce297	88	0	43.879396	0	14	7	4.452970	13.664211	16.950888	8.811327	0	0
holistic	he228	89	0	0	0	0	1	0	0	0	0	1.940893	0
holistic	he229	89	0	0	0	0	1	0	0	0	0	3.538188	0
holistic	he230	89	0	0	0	0	3	0	0	0	0	3.011074	0
holistic	he231	89	0	0	0	0	2	0	0	0	0	3.207154	0
conventional	ce298	89	0	35.195993	0	14	7	3.466017	10.340361	14.817232	6.572383	0	0
conventional	ce299	89	0	22.763194	0	14	7	2.556746	8.091459	6.293654	5.821335	0	0
conventional	ce300	90	0	28.946555	0	14	7	3.486306	7.019275	7.971049	10.469925	0	0
conventional	ce301	90	0	49.031041	0	14	7	8.323454	19.389157	17.035529	4.282901	0	0
conventional	ce302	90	0	34.468100	0	14	7	6.126725	10.072619	10.346267	7.922489	0	0
conventional	ce303	90	0	24.643284	0	14	7	2.881523	5.716331	6.980036	9.065394	0	0
holistic	he232	91	0	0	0	0	2	0	0	0	0	7.553672	0
holistic	he233	91	0.525069	1.038644	1	2	1	1.038644	0	0	0	3.374293	0
holistic	he234	91	0	0	0	0	1	0	0	0	0	0	0
conventional	ce304	91	0	31.940738	0	14	7	2.667456	8.890646	10.170690	10.211946	0	0
holistic	he235	92	0	0	0	0	0	0	0	0	0	0	0
holistic	he236	93	0	0	0	0	1	0	0	0	0	1.940893	0
holistic	he237	95	0	0	0	0	0	0	0	0	0	0	0
holistic	he238	96	0	0	0	0	0	0	0	0	0	0	0
holistic	he239	96	0	0	0	0	4	0	0	0	0	3.625935	0
conventional	ce305	96	0	22.155835	0	14	7	1.460803	4.051239	11.777565	4.866228	0	0
holistic	he240	97	0	0	0	0	1	0	0	0	0	3.237048	0
holistic	he241	97	0	0	0	0	1	0	0	0	0	3.767657	0
conventional	ce306	98	0	23.976145	0	14	7	2.334487	2.366273	10.714534	8.560851	0.040996	0
conventional	ce307	98	0	28.075407	0	14	7	4.245950	9.454881	8.987962	5.386614	0	0
holistic	he242	99	0	0	0	0	1	0	0	0	0	0	0
holistic	he243	99	0	0	0	0	1	0	0	0	0	3.742103	0
holistic	he244	99	0	0	0	0	2	0	0	0	0	2.642736	0
holistic	he245	99	0	0	0	0	2	0	0	0	0	3.207154	0
holistic	he246	100	0	0	0	0	3	0	0	0	0	3.011074	0
holistic	he247	100	0	0	0	0	1	0	0	0	0	0	0
conventional	ce308	102	0	29.011261	0	14	7	2.399991	7.974163	7.425785	11.211322	0	0
conventional	ce309	102	0	28.133101	0	14	7	2.770140	8.479550	7.323951	9.559460	0	0
holistic	he248	103	0	0	0	0	2	0	0	0	0	3.715793	0
conventional	ce310	103	0	27.231419	0	14	7	4.340920	7.699996	9.200949	5.989554	0	0
holistic	he249	105	0	0	0	0	1	0	0	0	0	3.209342	0
conventional	ce311	105	0	17.617097	0	14	7	2.741233	2.456772	10.035526	2.383566	0	0
conventional	ce312	106	0	52.532510	0	14	7	9.510567	9.834607	16.281832	16.905504	0	0
conventional	ce313	108	0	17.618778	0	14	7	3.991768	4.006056	3.991167	5.629787	0	0
conventional	ce314	108	0	24.734566	0	14	7	3.701210	7.823582	6.453219	6.756555	0	0
holistic	he250	109	0	0	0	0	1	0	0	0	0	3.929481	0
conventional	ce315	111	0	36.409233	0	14	7	5.564251	12.705970	13.088760	5.050252	0	0
conventional	ce316	111	0	14.743358	0	14	7	3.346921	2.189917	7.338946	1.867574	1.557957	0
conventional	ce317	112	0	20.859909	0	14	7	1.807103	1.580050	5.865670	11.607086	0.040996	0
holistic	he251	113	0	3.898153	0	2	1	3.898153	0	0	0	2.888444	0
conventional	ce318	113	0	20.349530	0	14	7	2.382335	4.952823	8.482849	4.531523	0	0
conventional	ce319	113	0	27.463611	0	14	7	1.959358	9.270860	7.484776	8.748617	0	0
conventional	ce320	113	0	33.381147	0	14	7	6.625054	10.141280	6.432496	10.182317	0	0
conventional	ce321	114	0	37.819421	0	14	7	2.313345	7.919628	15.067348	12.519100	0	0
conventional	ce322	114	0	22.638311	0	14	7	1.090114	4.248847	7.074963	10.224387	0	0
holistic	he252	115	0	0	0	0	2	0	0	0	0	0	0
conventional	ce323	115	0	24.272850	0	14	7	4.208154	7.793722	7.574716	4.696258	0	0
holistic	he253	117	0	0	0	0	2	0	0	0	0	3.347095	0
conventional	ce324	117	0	19.448068	0	14	7	2.415848	3.608052	7.522553	5.901615	0	0
conventional	ce325	117	1.690641	14.551007	1	14	7	2.453446	0.313624	6.012298	5.771639	0	0
conventional	ce326	117	0	17.906019	0	14	7	3.157597	4.346634	8.129899	2.271889	0	0
conventional	ce327	118	0	25.014747	0	14	7	2.092421	1.490951	12.783254	8.648121	0.040996	0
conventional	ce328	118	0	37.039233	0	14	7	5.983773	13.269135	12.994549	4.791776	0	0
conventional	ce329	118	0	27.652505	0	14	7	3.416198	4.896244	12.852563	6.487500	0	0
holistic	he254	119	0	0	0	0	1	0	0	0	0	3.882280	0
conventional	ce330	119	0	34.921637	0	14	7	5.691589	10.655712	7.519155	11.055181	0	0
conventional	ce331	119	0	15.717309	0	14	7	3.033521	3.058658	6.000673	3.624457	0	0
conventional	ce332	120	0	30.471094	0	14	7	3.855778	10.272406	10.438020	5.904890	0	0
conventional	ce333	120	0	18.109719	0	14	7	2.909143	2.989992	9.737536	2.473048	0	0
conventional	ce334	121	0	27.893738	0	14	7	3.279727	9.236317	9.013011	6.364683	0	0
conventional	ce335	121	0	23.571060	0	14	7	2.371300	6.535361	6.377514	8.286885	0	0
conventional	ce336	121	0	14.956879	0	14	7	2.989015	2.097868	8.517725	1.352271	0	0
conventional	ce337	121	0	27.280420	0	14	7	5.008802	9.776441	8.573472	3.921705	0.336591	0
holistic	he255	122	0	0	0	0	0	0	0	0	0	0	0
conventional	ce338	122	0	43.754694	0	14	7	2.983489	9.564187	22.653028	8.553990	0	0
conventional	ce339	122	0	47.838327	0	14	7	8.304846	11.082570	11.139385	17.311526	0	0
conventional	ce340	122	0	15.826315	0	14	7	3.104583	1.927628	9.642836	1.151268	0	0
conventional	ce341	122	0	25.857414	0	14	7	4.933718	9.797008	6.908446	4.218242	0.336591	0
conventional	ce342	123	0	19.813858	0	14	7	2.367284	8.556271	6.558194	2.332109	0	0
conventional	ce343	123	1.811655	31.092448	1	14	7	3.257164	7.617461	7.598495	12.619328	0	0
conventional	ce344	123	0	23.383360	0	14	7	2.963895	5.879060	9.326975	5.213430	0	0
conventional	ce345	124	0	20.265222	0	14	7	3.064231	2.344140	10.932683	3.924168	0	0
conventional	ce346	124	0	24.658176	0	14	7	1.275280	8.973399	9.146843	5.262654	0	0
holistic	he256	125	0	16.985828	0	8	2	16.985828	0	0	0	6.535338	0
conventional	ce347	125	0	29.343063	0	14	7	2.317911	7.922853	10.705631	8.396668	0	0
conventional	ce348	125	0	26.370422	0	14	7	3.701999	3.935911	12.972446	5.760066	0	0
conventional	ce349	125	0	21.674315	0	14	7	2.473429	4.997798	5.368195	8.834893	0	0
conventional	ce350	125	0	33.728803	0	14	7	2.657981	7.356894	7.594572	16.119356	0	0
conventional	ce351	125	1.798830	49.428032	1	14	7	9.920112	7.521608	17.289849	14.696463	0	0
holistic	he257	126	0	0	0	0	0	0	0	0	0	0	0
conventional	ce352	126	0	29.650337	0	14	7	1.841409	6.243004	10.832500	10.733424	0	0
conventional	ce353	126	0	27.618370	0	14	7	3.535243	4.893799	12.773090	6.416238	0	0
conventional	ce354	126	0	27.290371	0	14	7	5.745905	6.447850	7.206909	7.889707	1.021964	0
conventional	ce355	126	0	18.911704	0	14	7	2.366098	6.743669	5.893087	3.908850	0	0
conventional	ce356	126	0	39.241385	0	14	7	1.927449	9.469307	16.289686	11.554943	0	0
conventional	ce357	127	0	30.872425	0	14	7	3.447354	6.960541	10.222703	10.241827	0	0
conventional	ce358	129	0	20.104632	0	14	7	2.771875	5.496864	7.575408	4.260485	0	0
holistic	he258	130	0	0	0	0	4	0	0	0	0	8.568271	0
conventional	ce359	130	0	30.394689	0	14	7	8.276416	4.965209	9.367750	7.785314	0.123629	0
conventional	ce360	131	0	23.638520	0	14	7	1.628849	8.214891	7.573956	6.220824	0	0
conventional	ce361	131	0	25.001468	0	14	7	1.426447	7.220851	6.881730	9.472440	0	0
conventional	ce362	131	0	53.422310	0	14	7	11.562942	8.802301	16.162894	16.894173	0	0
conventional	ce363	132	0	20.548190	0	14	7	2.855627	2.718916	9.812770	5.160877	0	0
conventional	ce364	132	0	33.297400	0	14	7	5.960296	9.628429	9.874327	7.834348	0	0
holistic	he259	133	0	0	0	0	2	0	0	0	0	7.553672	0
conventional	ce365	133	0	32.600588	0	14	7	3.611083	3.786552	19.480776	5.722177	0	0
conventional	ce366	133	0	25.608955	0	14	7	2.655913	0.768736	16.066906	6.117400	0.040996	0
conventional	ce367	133	0	52.945840	0	14	7	8.830752	10.836004	15.822926	17.456158	0	0
conventional	ce368	134	0	25.913358	0	14	7	3.522709	8.007604	8.719591	5.663454	0	0
conventional	ce369	134	0	26.461455	0	14	7	4.600371	10.263674	7.982801	3.614609	0	0
conventional	ce370	134	0	14.874021	0	14	7	2.320004	2.248369	8.568512	1.737136	0	0
holistic	he260	135	0	0	0	0	1	0	0	0	0	1.771722	0
conventional	ce371	135	0	29.312756	0	14	7	3.940951	4.191442	11.035335	10.145028	0	0
conventional	ce372	135	0	33.378807	0	14	7	3.064929	9.328259	11.331000	9.654619	0	0
holistic	he261	136	0	0	0	0	1	0	0	0	0	2.858162	0
conventional	ce373	136	0	28.298692	0	14	7	3.182491	3.513326	14.202770	7.400105	0	0
conventional	ce374	136	0	28.674991	0	14	7	5.269330	3.479461	13.871407	6.054793	0	0
conventional	ce375	136	0.132096	26.784206	1	14	7	3.118130	7.423202	6.170142	10.072732	0	0
conventional	ce376	136	0	20.191609	0	14	7	2.096813	5.697467	8.592353	3.804976	0	0
conventional	ce377	136	0	31.387154	0	14	7	3.679245	8.002712	7.162990	12.542207	0.603115	0
holistic	he262	137	0	0	0	0	1	0	0	0	0	2.978125	0
holistic	he263	137	0	0	0	0	4	0	0	0	0	6.485832	0
conventional	ce378	137	0	30.807274	0	14	7	3.294027	10.431371	9.314172	7.767704	0	0
conventional	ce379	137	1.811655	32.577202	1	14	7	5.299190	5.959529	7.053987	14.264496	0	0
conventional	ce380	137	0	17.546371	0	14	7	1.004781	2.049169	9.936171	4.556250	0	0
conventional	ce381	137	0	24.421400	0	14	7	3.630200	6.962446	6.638745	7.190009	0	0
holistic	he264	138	0	0	0	0	1	0	0	0	0	3.642267	0
holistic	he265	138	0	0	0	0	2	0	0	0	0	2.728103	0
holistic	he266	138	0.525069	1.038644	1	2	1	1.038644	0	0	0	3.374293	0
holistic	he267	138	0	0	0	0	3	0	0	0	0	1.332727	0
holistic	he268	138	0	0	0	0	1	0	0	0	0	3.490431	0
holistic	he269	138	0	5.309607	0	9	4	5.309607	0	0	0	5.219786	0
conventional	ce382	138	0	31.324307	0	14	7	1.713211	8.793206	10.136284	10.681606	0	0
conventional	ce383	138	0	28.606254	0	14	7	2.336074	8.590870	7.264360	10.414950	0.858935	0
holistic	he270	139	0	0	0	0	0	0	0	0	0	0	0
holistic	he271	139	0	0.189046	0	2	3	0.189046	0	0	0	1.325114	0
holistic	he272	139	0.950152	1.879506	1	2	1	1.879506	0	0	0	3.374293	0
holistic	he273	139	0	0	0	0	1	0	0	0	0	1.940893	0
holistic	he274	139	0	0	0	0	2	0	0	0	0	2.642736	0
holistic	he275	139	0	0	0	0	3	0	0	0	0	0	0
conventional	ce384	139	0	30.172009	0	14	7	2.255342	8.528898	8.101865	11.285904	0.858935	0
conventional	ce385	139	0	30.418103	0	14	7	1.379196	10.757250	8.956675	9.324982	0	0
conventional	ce386	139	0	31.762062	0	14	7	2.452524	8.807627	7.739842	12.762069	0	0
conventional	ce387	139	0	36.480692	0	14	7	1.544294	8.850021	14.232693	11.853684	0	0
holistic	he276	140	0	0	0	0	4	0	0	0	0	1.831679	0
holistic	he277	140	0	0	0	0	1	0	0	0	0	0	0
holistic	he278	140	0	0	0	0	1	0	0	0	0	3.098195	0
holistic	he279	140	0	0	0	0	0	0	0	0	0	3.687532	0
holistic	he280	140	0	0	0	0	1	0	0	0	0	0	0
holistic	he281	140	0	0	0	0	6	0	0	0	0	9.370838	0
holistic	he282	140	0	0	0	0	3	0	0	0	0	3.625935	0
holistic	he283	140	0	0	0	0	2	0	0	0	0	3.207154	0
conventional	ce388	140	0	27.799542	0	14	7	2.489498	7.031903	7.284859	10.993282	0	0
conventional	ce389	140	0	17.261843	0	14	7	2.745747	5.377866	4.430908	4.707322	0	0
conventional	ce390	140	0	27.365198	0	14	7	1.953951	6.270344	9.232930	9.907973	0	0
holistic	he284	141	0	0	0	0	0	0	0	0	0	0	0
holistic	he285	141	0	0	0	0	1	0	0	0	0	3.267669	0
holistic	he286	141	0	2.877230	0	2	4	0	2.877230	0	0	3.207154	0
holistic	he287	141	0	0	0	0	0	0	0	0	0	0	0
holistic	he288	141	0	0	0	0	1	0	0	0	0	1.940893	0
holistic	he289	141	0	0	0	0	1	0	0	0	0	0	0
conventional	ce391	141	0	26.833063	0	14	7	1.872432	9.034348	7.447527	8.478756	1.275261	0
holistic	he290	142	0	0	0	0	2	0	0	0	0	3.207154	0
holistic	he291	142	0	0	0	0	1	0	0	0	0	0	0
holistic	he292	142	0	0	0	0	0	0	0	0	0	0	0
holistic	he293	142	0	0	0	0	2	0	0	0	0	3.359708	0
holistic	he294	142	0	0	0	0	1	0	0	0	0	3.091733	0
conventional	ce392	142	0	28.023455	0	14	7	5.169646	10.293251	9.335656	3.224902	0	0
conventional	ce393	142	0	27.258378	0	14	7	2.579021	1.531448	13.045337	10.102572	1.008525	0
conventional	ce394	142	0	19.025833	0	14	7	4.449550	2.301652	6.339751	5.934880	0	0
holistic	he295	143	0	0	0	0	5	0	0	0	0	0	0
holistic	he296	143	0	0	0	0	2	0	0	0	0	2.858162	0
holistic	he297	144	0	0	0	0	2	0	0	0	0	7.553672	0
holistic	he298	144	0	4.303952	0	3	2	4.303952	0	0	0	3.679383	0
holistic	he299	144	0	0	0	0	4	0	0	0	0	10.472657	0
holistic	he300	144	0	0	0	0	0	0	0	0	0	0	0
holistic	he301	144	0	0	0	0	0	0	0	0	0	2.549715	0
holistic	he302	144	0	0	0	0	1	0	0	0	0	1.649249	0
conventional	ce395	144	0	33.642142	0	14	7	3.760499	10.696007	6.252489	12.933147	0	0
holistic	he303	145	0	0	0	0	2	0	0	0	0	3.219605	0
holistic	he304	145	0	0	0	0	1	0	0	0	0	2.682509	0
holistic	he305	145	0	0	0	0	2	0	0	0	0	7.553672	0
holistic	he306	145	0	16.985828	0	8	2	16.985828	0	0	0	5.722806	0
holistic	he307	145	0	0	0	0	2	0	0	0	0	7.284534	0
holistic	he308	145	0	0	0	0	1	0	0	0	0	1.930107	0
holistic	he309	145	0	0	0	0	4	0	0	0	0	9.115247	0
holistic	he310	145	0	0	0	0	2	0	0	0	0	2.642736	0
conventional	ce396	145	0	26.738606	0	14	7	5.443594	9.272006	6.172953	5.850053	0	0
conventional	ce397	145	0	50.460379	0	14	7	9.416976	18.201796	18.586656	4.254951	0	0
conventional	ce398	145	0	25.366597	0	14	7	3.743977	5.284058	6.217367	10.121195	0	0
holistic	he311	146	0	0	0	0	1	0	0	0	0	4.282300	0
conventional	ce399	146	1.570488	29.156720	1	14	7	2.351827	2.985304	13.555009	10.264580	0	0
conventional	ce400	146	0	56.134375	0	14	7	11.823833	19.896509	19.210713	5.203320	0	0
holistic	he312	147	0	0	0	0	1	0	0	0	0	3.418318	0
holistic	he313	147	0	0	0	0	1	0	0	0	0	3.524199	0
conventional	ce401	147	0	51.520600	0	14	7	8.657788	19.520541	18.718500	4.623771	0	0
conventional	ce402	147	0	23.799788	0	14	7	2.216425	8.650754	5.053400	7.879209	0	0
holistic	he314	148	0	0	0	0	4	0	0	0	0	10.472657	0
conventional	ce403	148	0	39.760431	0	14	7	4.152189	10.036666	15.054942	10.516634	0	0
conventional	ce404	148	0	25.546100	0	14	7	3.621219	6.561949	5.719651	9.643281	0	0
holistic	he315	149	0	0	0	0	4	0	0	0	0	1.831679	0
holistic	he316	149	0	0	0	0	5	0	0	0	0	0	0
holistic	he317	149	0	0	0	0	1	0	0	0	0	3.335704	0
holistic	he318	149	0	6.557116	0	5	4	6.557116	0	0	0	6.075457	0
holistic	he319	149	0	0	0	0	2	0	0	0	0	2.707860	0
holistic	he320	149	0	0	0	0	1	0	0	0	0	2.805061	0
holistic	he321	149	0	0	0	0	0	0	0	0	0	0	0
conventional	ce405	149	0	33.205418	0	14	7	2.603008	8.637720	10.404697	11.559993	0.858935	0
conventional	ce406	149	0	25.202854	0	14	7	2.411192	1.478617	12.574383	8.738662	0.040996	0
conventional	ce407	149	0	33.260392	0	14	7	2.795644	8.840146	10.515386	11.109216	0	0
conventional	ce408	150	0	55.386255	0	14	7	7.549603	10.400963	19.104561	18.331128	0	0
conventional	ce409	150	0	37.217530	0	14	7	8.525088	14.210281	11.203087	3.279074	0	0
conventional	ce410	150	0	42.016110	0	14	7	4.241990	10.346808	12.344100	15.083212	0.858935	0
holistic	he322	151	0	0	0	0	3	0	0	0	0	3.625935	0
holistic	he323	151	0	0	0	0	2	0	0	0	0	3.219605	0
holistic	he324	152	0	11.901346	0	6	7	11.901346	0	0	0	7.273494	0
holistic	he325	152	0	0	0	0	1	0	0	0	0	0	0
holistic	he326	153	0	0	0	0	1	0	0	0	0	3.261905	0
holistic	he327	153	0	0	0	0	2	0	0	0	0	8.594463	0
holistic	he328	153	0	0	0	0	1	0	0	0	0	0	0
conventional	ce411	153	0	11.357546	0	14	7	1.610302	0.690932	5.575537	3.480775	0	0
conventional	ce412	153	0	29.995878	0	14	7	3.481639	9.250130	7.319300	9.944809	0	0
conventional	ce413	154	0	28.724623	0	14	7	2.162314	10.054687	7.034214	9.473408	0	0
conventional	ce414	154	0	34.077012	0	14	7	8.418025	2.887221	7.689624	15.082142	0	0
conventional	ce415	155	0	15.546666	0	14	7	2.530524	2.472307	6.227734	4.316101	0	0
conventional	ce416	155	0	20.386138	0	14	7	2.434443	4.554984	6.663725	6.732986	0	0
conventional	ce417	156	0	53.853807	0	14	7	9.622779	18.296912	18.907027	7.027089	0	0
holistic	he329	157	0	0	0	0	0	0	0	0	0	0	0
conventional	ce418	158	0	26.395057	0	14	7	2.134302	6.178096	8.598103	9.484556	0	0
conventional	ce419	158	0	28.983882	0	14	7	3.817877	7.192719	7.075611	10.897675	0	0
conventional	ce420	158	0	39.597140	0	14	7	4.088794	4.026029	22.156714	9.325603	0	0
conventional	ce421	158	0	32.090192	0	14	7	8.238524	5.953658	6.594855	11.303155	0	0
conventional	ce422	158	0	26.242505	0	14	7	4.645656	2.281695	12.655231	6.659923	0	0
holistic	he330	159	0	0	0	0	1	0	0	0	0	2.753816	0
holistic	he331	159	0	0	0	0	4	0	0	0	0	11.065871	0
holistic	he332	160	0	0	0	0	1	0	0	0	0	2.617045	0
holistic	he333	160	0	0	0	0	0	0	0	0	0	0	0
conventional	ce423	160	0	32.015294	0	14	7	3.610245	6.638088	9.838241	11.928720	0	0
conventional	ce424	160	0	29.403290	0	14	7	3.114960	9.300220	8.367481	8.620629	0	0
holistic	he334	161	0	0	0	0	0	0	0	0	0	0	0
conventional	ce425	161	0	29.829857	0	14	7	4.267630	9.728888	9.623916	6.209423	0	0
conventional	ce426	162	0.257102	20.674485	1	14	7	5.356776	2.482634	4.842921	7.992154	0	0
conventional	ce427	162	0	24.207014	0	14	7	3.482794	3.862959	12.484055	4.377206	0	0
holistic	he335	163	0	0	0	0	0	0	0	0	0	0	0
holistic	he336	163	0	0	0	0	2	0	0	0	0	4.270616	0
holistic	he337	164	0	25.832440	0	10	4	25.832440	0	0	0	1.677849	0
conventional	ce428	164	0	51.031557	0	14	7	9.238326	16.525935	20.586161	4.681135	0	0
holistic	he338	165	0	0	0	0	3	0	0	0	0	0	0
holistic	he339	165	0	0	0	0	2	0	0	0	0	2.376457	0
holistic	he340	167	0	0	0	0	1	0	0	0	0	1.245596	0
conventional	ce429	167	0	12.069958	0	14	7	2.718781	2.392765	4.227249	2.731163	0	0
holistic	he341	168	0	0	0	0	0	0	0	0	0	0	0
conventional	ce430	168	0	35.378404	0	14	7	8.762397	6.638454	6.639342	13.338211	0	0
conventional	ce431	169	0	40.156752	0	14	7	7.204774	11.728833	8.839718	12.383427	0	0
holistic	he342	170	0	0	0	0	2	0	0	0	0	3.298498	0
holistic	he343	172	0	0	0	0	1	0	0	0	0	2.805061	0
conventional	ce432	172	0	19.241980	0	14	7	2.050375	5.170909	4.348098	7.672598	0	0
conventional	ce433	173	0	38.030318	0	14	7	3.300594	7.767256	17.301296	9.661172	0	0
conventional	ce434	173	0	35.074816	0	14	7	3.698230	7.183716	12.773110	11.419760	0	0
conventional	ce435	173	0	26.766336	0	14	7	2.214887	8.725795	9.442584	6.383070	0	0
conventional	ce436	174	0	18.786986	0	14	7	1.047748	2.761847	5.952391	9.025000	0	0
holistic	he344	176	0	0	0	0	1	0	0	0	0	0	0
holistic	he345	177	0	0	0	0	2	0	0	0	0	3.359708	0
conventional	ce437	177	0	37.953993	0	14	7	5.101657	13.159000	13.034410	6.658926	0	0
conventional	ce438	177	0	23.033003	0	14	7	1.718841	0.961200	11.627677	8.725285	0.764517	0
conventional	ce439	177	0	24.593401	0	14	7	1.572235	5.915808	7.845652	9.259706	0	0
conventional	ce440	178	0	32.428757	0	14	7	1.233151	13.569399	8.941637	8.684570	0	0
conventional	ce441	178	0	33.060450	0	14	7	5.830108	1.304430	16.207086	9.718826	0	0
conventional	ce442	178	0	21.755038	0	14	7	4.438168	2.062152	8.300973	6.953745	1.225827	0
conventional	ce443	179	2.449092	49.680005	1	14	7	9.907994	7.017995	17.569751	15.184265	0	0
conventional	ce444	179	0	30.536824	0	14	7	2.566907	6.145915	10.175430	11.648572	0	0
conventional	ce445	180	0	21.554738	0	14	7	3.215225	3.525238	9.871624	4.942651	0	0
conventional	ce446	180	0	25.432849	0	14	7	5.706393	6.528176	10.001824	3.196456	0	0
conventional	ce447	181	0	20.154832	0	14	7	3.399436	3.854254	8.826269	4.074873	0	0
conventional	ce448	181	0	25.131514	0	14	7	3.039044	6.140823	6.702438	9.249209	0	0
conventional	ce449	181	0	34.724448	0	14	7	4.314392	10.885192	7.166819	12.358045	1.354498	0
conventional	ce450	181	0	23.234252	0	14	7	1.861466	8.680043	5.581844	7.110899	1.793751	0
conventional	ce451	181	0	22.504045	0	14	7	1.744597	5.611788	8.953211	6.194449	0.858935	0
conventional	ce452	181	0	19.133422	0	14	7	1.155183	8.354132	7.168919	2.455188	0	0
conventional	ce453	182	0	28.406455	0	14	7	3.928808	7.610906	6.836804	10.029937	0	0
conventional	ce454	182	0	10.018777	0	14	7	2.914949	1.587392	3.681654	1.834782	0	0
conventional	ce455	183	0	9.598953	0	14	7	2.914949	1.606099	3.088459	1.989446	0	0
conventional	ce456	183	0	40.697198	0	14	7	5.030908	10.177698	13.271809	12.216783	0	0
conventional	ce457	184	0	21.414177	0	14	7	5.328118	2.232125	6.750039	7.103895	0	0
conventional	ce458	184	0	21.384203	0	14	7	2.465668	3.475367	10.224094	5.219074	0	0
conventional	ce459	184	0	22.794032	0	14	7	0.753992	5.132443	5.258132	11.649465	0	0
holistic	he346	185	0	0	0	0	3	0	0	0	0	4.311558	0
conventional	ce460	185	0	10.373888	0	14	7	1.970980	2.392765	4.227249	1.782894	0	0
conventional	ce461	185	0	25.887849	0	14	7	4.340645	9.930891	8.663760	2.952553	0	0
conventional	ce462	186	0.317087	16.609350	1	14	7	6.625508	0.998177	5.929723	3.055942	0	0
conventional	ce463	186	0	25.681981	0	14	7	0.979683	8.265243	6.829094	9.607961	0	0
conventional	ce464	187	0	30.579977	0	14	7	7.287954	2.064547	7.951199	13.276277	0	0
conventional	ce465	187	0	27.782121	0	14	7	4.796868	10.128305	9.480987	3.375961	0	0
conventional	ce466	188	0	29.322639	0	14	7	2.968668	8.215870	8.707885	9.430216	0	0
conventional	ce467	189	0	34.343278	0	14	7	8.377403	5.824382	8.031946	12.109547	0.764517	0
holistic	he347	190	0	0	0	0	1	0	0	0	0	2.720794	0
conventional	ce468	190	0	23.512777	0	14	7	3.152256	5.223189	5.132333	10.004999	0	0
conventional	ce469	191	0	34.493844	0	14	7	4.495636	7.401781	7.052088	15.544339	0	0
conventional	ce470	192	0	32.095470	0	14	7	2.244802	7.818310	10.591182	11.441176	0	0
conventional	ce471	192	0	28.458683	0	14	7	4.146537	7.326290	7.213800	9.772056	0	0
conventional	ce472	192	1.368952	36.913230	1	14	7	4.248144	12.013423	14.080706	6.570957	0	0
holistic	he348	193	0	0	0	0	2	0	0	0	0	2.642736	0
conventional	ce473	193	0	27.021815	0	14	7	3.741274	4.706000	6.395912	12.178629	0	0
conventional	ce474	193	0	10.954635	0	14	7	2.759133	1.735806	4.393027	2.066669	0	0
conventional	ce475	193	0	37.898325	0	14	7	6.794539	8.033815	12.508200	10.561771	0	0
holistic	he349	195	0	0	0	0	0	0	0	0	0	0	0
conventional	ce476	195	0	27.216430	0	14	7	3.953511	10.053819	10.225100	2.984000	0	0
conventional	ce477	195	0	16.847778	0	14	7	4.112491	2.057322	6.121656	4.556309	0.650769	0
holistic	he350	196	0	0	0	0	1	0	0	0	0	2.805061	0
conventional	ce478	196	0	28.983519	0	14	7	2.515623	6.534277	10.529292	9.404327	0	0
conventional	ce479	196	0	25.422599	0	14	7	1.704338	10.515540	5.478657	7.724064	1.793751	0
conventional	ce480	196	0	22.938396	0	14	7	1.372910	0.582907	13.189491	7.793088	0.764517	0
conventional	ce481	196	0	10.061418	0	14	7	2.341885	2.165504	3.610214	1.943815	0	0
conventional	ce482	197	0	26.338031	0	14	7	1.003376	6.669080	8.595418	10.070157	0	0
conventional	ce483	197	0	39.412028	0	14	7	9.667440	10.493902	11.944182	7.306504	0	0
conventional	ce484	197	0.169778	17.851845	1	14	7	1.861528	8.699002	3.087567	4.203748	0	0
conventional	ce485	197	0	30.678906	0	14	7	3.594615	8.489893	9.229934	9.364464	0	0
holistic	he351	198	0	0	0	0	4	0	0	0	0	10.742462	0
holistic	he352	198	0	0	0	0	4	0	0	0	0	0	0
holistic	he353	198	0	0	0	0	1	0	0	0	0	2.805061	0
holistic	he354	198	0	0	0	0	1	0	0	0	0	0	0
holistic	he355	198	0	0	0	0	2	0	0	0	0	3.207154	0
conventional	ce486	198	0	33.659369	0	14	7	5.301377	3.914441	14.559787	9.883764	0	0
conventional	ce487	198	0	31.554239	0	14	7	3.358352	6.003678	10.241733	11.950476	0	0
holistic	he356	199	0	0	0	0	4	0	0	0	0	1.304866	0
holistic	he357	199	0	0	0	0	6	0	0	0	0	9.370838	0
holistic	he358	199	0.617628	0.617628	1	1	2	0.617628	0	0	0	3.359708	0
holistic	he359	199	0	1.981421	0	4	2	1.981421	0	0	0	3.359342	0
conventional	ce488	199	0	34.776477	0	14	7	4.498076	9.868315	9.269238	11.140848	0	0
conventional	ce489	199	0	22.322928	0	14	7	2.579274	4.731197	9.185537	5.826920	0	0
conventional	ce490	199	0	19.187933	0	14	7	3.790289	1.658009	7.467034	6.272601	1.225827	0
conventional	ce491	199	0	14.568939	0	14	7	0.769844	3.060912	5.450897	5.287286	0	0
conventional	ce492	199	0	29.995399	0	14	7	1.331268	11.106858	6.536645	11.020628	0	0
holistic	he360	200	0	0	0	0	0	0	0	0	0	0	0
holistic	he361	200	0	0	0	0	4	0	0	0	0	0	0
holistic	he362	200	0	0	0	0	0	0	0	0	0	0	0
holistic	he363	200	0	0	0	0	2	0	0	0	0	3.860214	0
holistic	he364	200	0	0	0	0	2	0	0	0	0	4.350383	0
holistic	he365	200	0	0	0	0	2	0	0	0	0	2.337985	0
conventional	ce493	200	0	31.560780	0	14	7	5.940940	6.580261	6.037256	13.002323	0	0
conventional	ce494	200	0	26.376552	0	14	7	0.704198	10.560196	6.589715	8.522443	0	0
holistic	he366	201	0	0	0	0	6	0	0	0	0	9.370838	0
holistic	he367	201	0	0	0	0	2	0	0	0	0	0	0
conventional	ce495	201	0	29.395226	0	14	7	1.669479	7.323840	10.539528	9.862379	0	0
holistic	he368	202	0	0	0	0	3	0	0	0	0	0	0
holistic	he369	202	0	0	0	0	1	0	0	0	0	2.805061	0
holistic	he370	202	0	0	0	0	1	0	0	0	0	1.332727	0
holistic	he371	202	0	0	0	0	0	0	0	0	0	0	0
conventional	ce496	202	0	24.041864	0	14	7	2.559231	5.564452	6.476717	9.441464	0	0
conventional	ce497	202	0	30.398025	0	14	7	1.160132	2.870986	12.661278	13.705629	0	0
conventional	ce498	202	0	33.339837	0	14	7	3.965163	8.291012	12.867792	8.215870	0	0
conventional	ce499	202	0	24.194117	0	14	7	2.257818	7.988577	5.351125	8.596597	0	0
conventional	ce500	202	0	22.114581	0	14	7	2.309161	4.392455	11.656190	3.756775	0	0
holistic	he372	203	0	0	0	0	3	0	0	0	0	3.359708	0
holistic	he373	203	0	0	0	0	1	0	0	0	0	2.753816	0
holistic	he374	203	0	0	0	0	4	0	0	0	0	8.415183	0
holistic	he375	203	0	0	0	0	2	0	0	0	0	3.160574	0
holistic	he376	203	0	0	0	0	0	0	0	0	0	0	0
conventional	ce501	203	0	21.548723	0	14	7	3.544557	3.553980	8.826496	5.623690	0	0
holistic	he377	204	0	0	0	0	2	0	0	0	0	0	0
holistic	he378	204	0	15.859724	0	8	2	15.859724	0	0	0	5.722806	0.099735
holistic	he379	204	0	0	0	0	2	0	0	0	0	3.016671	0
holistic	he380	204	0	0	0	0	2	0	0	0	0	7.553672	0
holistic	he381	204	0	0	0	0	2	0	0	0	0	3.252958	0
holistic	he382	204	0	0	0	0	3	0	0	0	0	7.253049	0
conventional	ce502	204	0.864681	28.565352	1	14	7	3.157387	5.099553	11.386920	8.921492	0	0
holistic	he383	205	0	0	0	0	6	0	0	0	0	4.911946	0
holistic	he384	205	0	0	0	0	3	0	0	0	0	3.359708	0
holistic	he385	205	0	0	0	0	2	0	0	0	0	4.350383	0
holistic	he386	205	0	0	0	0	1	0	0	0	0	2.864543	0
holistic	he387	205	0	0	0	0	1	0	0	0	0	2.753816	0
holistic	he388	205	0	1.292446	0	6	4	1.292446	0	0	0	11.234073	0
conventional	ce503	205	0	26.564176	0	14	7	0.914633	6.984319	9.472590	9.192634	0.858935	0
conventional	ce504	205	0	34.481576	0	14	7	5.576057	6.612782	11.247750	11.044987	0	0
conventional	ce505	205	0	35.301347	0	14	7	3.775350	10.083755	12.815142	8.627100	0	0
conventional	ce506	205	0	32.178866	0	14	7	3.666179	2.945990	14.308321	11.258376	0	0
holistic	he389	206	0	0	0	0	3	0	0	0	0	2.090007	0
holistic	he390	206	0	0	0	0	2	0	0	0	0	3.359708	0
holistic	he391	206	0	0	0	0	1	0	0	0	0	3.407811	0
holistic	he392	206	0	0	0	0	1	0	0	0	0	3.219912	0
conventional	ce507	206	0	32.688275	0	14	7	4.089886	8.523380	8.278999	11.796010	0	0
conventional	ce508	206	0	19.899777	0	14	7	2.696982	3.888536	5.114679	8.199580	0.858935	0
holistic	he393	207	0	0	0	0	4	0	0	0	0	0	0
conventional	ce509	207	0	28.809157	0	14	7	2.868748	8.243705	7.559895	10.136809	0	0
holistic	he394	208	0	0	0	0	3	0	0	0	0	0	0
holistic	he395	208	0	0	0	0	2	0	0	0	0	0	0
conventional	ce510	208	0	19.859838	0	14	7	2.052154	2.013784	10.188354	5.605546	0	0
conventional	ce511	208	0	31.664969	0	14	7	3.795498	8.234114	8.462988	11.172369	0	0
holistic	he396	209	0	0	0	0	0	0	0	0	0	0	0
holistic	he397	209	0	0	0	0	2	0	0	0	0	1.669962	0
holistic	he398	209	0	0	0	0	1	0	0	0	0	1.245596	0
holistic	he399	209	0	0	0	0	6	0	0	0	0	6.379132	0
holistic	he400	209	0	0	0	0	10	0	0	0	0	6.196482	0
holistic	he401	210	0	0	0	0	2	0	0	0	0	3.352316	0
holistic	he402	210	0	3.064186	0	1	2	3.064186	0	0	0	0	0
holistic	he403	210	0	0	0	0	2	0	0	0	0	3.252958	0
conventional	ce512	210	0	25.766905	0	14	7	7.020955	4.483520	6.683088	7.579342	0	0
conventional	ce513	210	0	32.459778	0	14	7	5.448186	3.111021	13.321960	10.578611	0	0
conventional	ce514	210	0	31.129149	0	14	7	2.558357	5.869934	11.727385	10.973473	0	0
conventional	ce515	210	0	21.237443	0	14	7	2.096033	6.804177	4.538492	7.798741	0	0
holistic	he404	211	0	0	0	0	1	0	0	0	0	1.245596	0
holistic	he405	211	0	0	0	0	5	0	0	0	0	3.013786	0
holistic	he406	212	0	0	0	0	1	0	0	0	0	2.753816	0
holistic	he407	212	0	0	0	0	2	0	0	0	0	0	0
conventional	ce516	212	0	29.735200	0	14	7	4.718022	9.704925	7.986096	7.326157	0	0
conventional	ce517	212	0	13.875641	0	14	7	0.281110	4.045432	5.968685	3.580414	0	0
holistic	he408	213	0	0	0	0	6	0	0	0	0	0	0
holistic	he409	213	0	0	0	0	6	0	0	0	0	7.905924	0
holistic	he410	213	0	0	0	0	0	0	0	0	0	0	0
holistic	he411	213	0	0	0	0	2	0	0	0	0	3.860214	0
holistic	he412	213	0	0	0	0	0	0	0	0	0	0	0
holistic	he413	213	0	3.843672	0	1	5	3.843672	0	0	0	0	0
conventional	ce518	213	0	24.799769	0	14	7	2.725609	6.074446	8.601735	7.397979	0	0
conventional	ce519	214	0	23.413440	0	14	7	1.861109	0.730774	11.627677	9.193880	0.086750	0
conventional	ce520	214	0	34.652319	0	14	7	4.642516	4.284664	14.705783	11.019356	1.194901	0
holistic	he414	215	0	0	0	0	2	0	0	0	0	1.549089	0
conventional	ce521	216	0	26.005881	0	14	7	2.168381	7.755824	6.266616	9.815060	0	0
holistic	he415	217	0	3.284481	0	1	2	3.284481	0	0	0	0	0
conventional	ce522	218	0	23.073727	0	14	7	1.898100	8.663868	6.802470	5.709289	0	0
conventional	ce523	218	0	28.878171	0	14	7	1.196103	2.583861	12.220399	12.877808	0	0
conventional	ce524	218	0	31.632697	0	14	7	3.297502	2.939635	14.115258	11.280302	0	0
conventional	ce525	218	0	27.073653	0	14	7	6.411788	1.292318	13.466384	5.903163	0.660547	0
holistic	he416	219	0	0	0	0	3	0	0	0	0	3.359708	0
holistic	he417	219	0	0	0	0	6	0	0	0	0	3.359708	0
conventional	ce526	219	0	25.728559	0	14	7	4.794162	4.540707	10.463789	5.929901	0	0
holistic	he418	220	0	0	0	0	1	0	0	0	0	2.705325	0
holistic	he419	220	0	0	0	0	0	0	0	0	0	0	0
conventional	ce527	220	0	27.158703	0	14	7	2.356800	5.934873	11.882901	6.984129	0	0
conventional	ce528	220	0	24.579561	0	14	7	2.536628	5.557398	6.456649	10.028886	0	0
conventional	ce529	220	0.567005	23.881561	1	14	7	4.249272	1.330680	9.157488	9.144121	0.221813	0
conventional	ce530	220	0	21.968014	0	14	7	0.435171	8.921406	6.488894	6.122543	0	0
holistic	he420	221	0	0	0	0	6	0	0	0	0	0	0
conventional	ce531	221	0	28.239384	0	14	7	5.192656	9.595225	10.079152	3.372351	0	0
conventional	ce532	221	0	24.790062	0	14	7	2.456040	8.626681	7.864838	5.842503	0	0
conventional	ce533	222	0	25.522771	0	14	7	2.828982	8.693842	4.150195	9.849752	0	0
conventional	ce534	222	0	27.306336	0	14	7	1.514307	8.856497	8.985134	7.950398	0	0
conventional	ce535	222	0	30.169606	0	14	7	3.281375	7.472858	10.546192	8.869181	0.759375	0
holistic	he421	223	0	0	0	0	3	0	0	0	0	3.359708	0
conventional	ce536	223	0	40.722956	0	14	7	7.740160	7.319879	8.931756	16.731161	0	0
holistic	he422	224	0	0	0	0	1	0	0	0	0	0	0
holistic	he423	225	0	3.231807	0	1	2	3.231807	0	0	0	0	0
holistic	he424	225	0	0	0	0	1	0	0	0	0	0	0
conventional	ce537	225	0	39.585204	0	14	7	1.707964	15.347233	12.099231	10.430776	0	0
conventional	ce538	225	0	23.704467	0	14	7	1.903102	3.394905	11.126791	7.279669	0	0
holistic	he425	227	0	0	0	0	1	0	0	0	0	3.352290	0
conventional	ce539	227	0.169778	29.564847	1	14	7	2.272611	10.005640	11.165979	6.120617	0	0
conventional	ce540	227	0	41.959132	0	14	7	5.168012	9.796083	16.280556	10.714481	0.143604	0
conventional	ce541	227	0	34.029545	0	14	7	4.795331	8.926483	10.376401	9.931330	0	0
holistic	he426	228	0	0	0	0	0	0	0	0	0	2.651422	0
conventional	ce542	228	0	32.249252	0	14	7	9.298340	9.853825	8.809986	4.287101	0	0
conventional	ce543	228	0	27.244506	0	14	7	1.345293	8.319531	9.401069	8.178613	0	0
conventional	ce544	228	0	30.731975	0	14	7	1.159220	8.644952	6.486578	14.441225	0	0
conventional	ce545	229	0	26.521079	0	14	7	4.440812	9.847834	8.030463	4.201970	0	0
holistic	he427	230	0	0	0	0	0	0	0	0	0	0	0
conventional	ce546	230	0	23.990713	0	14	7	3.018943	2.999541	9.275137	8.697092	0	0
conventional	ce547	231	0	34.890987	0	14	7	1.934446	5.314849	16.745342	10.896350	0	0
holistic	he428	232	0	0	0	0	1	0	0	0	0	0	0
holistic	he429	232	0	0	0	0	2	0	0	0	0	1.549089	0
conventional	ce548	232	1.368952	40.941248	1	14	7	5.384243	13.337598	14.018857	8.200550	0	0
conventional	ce549	233	0	28.246798	0	14	7	3.511235	8.671462	6.320621	9.743480	0	0
conventional	ce550	233	0	23.527350	0	14	7	2.057163	8.896512	4.811106	7.762569	0	0
conventional	ce551	233	0	30.207442	0	14	7	4.022836	6.525892	12.225565	7.433149	0	0
holistic	he430	234	0	0	0	0	0	0	0	0	0	2.704692	0
conventional	ce552	234	0	22.199960	0	14	7	1.031429	1.283965	11.657654	8.226912	0.091182	0
conventional	ce553	235	0	21.919091	0	14	7	3.005729	2.851380	11.028405	5.033577	0	0
conventional	ce554	235	0	13.702531	0	14	7	1.951305	4.294965	5.627603	1.828658	0.804395	0
holistic	he431	236	0	0	0	0	3	0	0	0	0	7.253049	0
holistic	he432	237	0	0	0	0	3	0	0	0	0	3.462824	0
conventional	ce555	237	1.471727	40.773527	1	14	7	11.179712	10.560034	11.317274	7.716507	0	0
conventional	ce556	237	0	30.560923	0	14	7	2.428718	6.742239	10.333944	11.056022	0	0
conventional	ce557	238	0	28.907721	0	14	7	7.101202	9.843337	10.022924	1.940258	0	0
conventional	ce558	238	0	28.444150	0	14	7	1.574548	6.553342	9.348938	10.967322	1.369497	0
conventional	ce559	239	0	22.406674	0	14	7	2.347244	5.845242	9.434386	4.779802	0.385521	0
conventional	ce560	239	0	33.486849	0	14	7	8.776184	11.118064	9.884949	3.707652	0	0
conventional	ce561	239	0	16.114028	0	14	7	1.226476	4.200482	4.924026	5.763044	0.858935	0
holistic	he433	240	0	0	0	0	1	0	0	0	0	2.720794	0
conventional	ce562	240	0	26.175230	0	14	7	1.134399	7.866040	7.013912	10.160879	0	0
conventional	ce563	241	0	25.375569	0	14	7	3.066010	6.342309	8.795895	7.171355	0	0
conventional	ce564	241	1.368952	45.176388	1	14	7	6.882248	12.095355	17.300826	8.897959	0	0
conventional	ce565	241	0	21.339387	0	14	7	2.186516	4.603553	7.302523	7.246795	0	0
conventional	ce566	241	0	23.245124	0	14	7	2.863938	3.721279	10.073496	6.586411	0	0
conventional	ce567	241	0	27.928721	0	14	7	5.263889	9.100661	6.735334	6.828837	0	0
holistic	he434	242	0	0	0	0	1	0	0	0	0	2.314634	0
conventional	ce568	242	0	30.406276	0	14	7	1.685254	9.248074	9.302813	10.170135	0	0
conventional	ce569	242	0	26.014755	0	14	7	1.166906	8.687513	6.534337	9.625999	0	0
conventional	ce570	243	0	24.630179	0	14	7	0.614330	8.968817	6.677306	8.369726	0	0
conventional	ce571	243	0	19.829512	0	14	7	1.658825	8.798973	4.283844	5.087870	0	0
conventional	ce572	244	0	39.226954	0	14	7	4.840548	10.830872	11.370465	12.185069	1.636732	0
conventional	ce573	244	0	27.385877	0	14	7	2.013138	8.608559	6.498879	10.265301	0	0
conventional	ce574	244	0	23.200867	0	14	7	0.588839	8.864176	5.786136	7.961716	0	0
conventional	ce575	244	0	28.898482	0	14	7	2.791616	5.859730	9.591145	10.655991	1.793751	0
holistic	he435	245	0	0	0	0	1	0	0	0	0	2.445134	0
conventional	ce576	245	0	27.739161	0	14	7	4.210288	2.225515	10.750030	10.553328	0	0
conventional	ce577	245	0	26.682640	0	14	7	1.652515	9.299997	5.898561	9.831567	0	0
conventional	ce578	245	0	26.307234	0	14	7	3.387848	4.797138	6.377182	11.745066	0	0
conventional	ce579	245	0	11.931631	0	14	7	2.002373	3.807615	4.673812	1.447831	0.804395	0
conventional	ce580	246	0	31.969055	0	14	7	7.732070	10.799910	10.605005	2.832070	0	0
conventional	ce581	247	0	30.945709	0	14	7	3.231191	5.512408	10.703243	11.498867	0	0
conventional	ce582	247	0	30.223172	0	14	7	3.312292	5.568971	9.053835	12.288074	0	0
conventional	ce583	247	0	25.879007	0	14	7	8.242386	3.383776	7.709943	6.542902	0	0
conventional	ce584	248	0	23.359410	0	14	7	1.385723	5.720855	9.644277	6.608555	0	0
conventional	ce585	248	0	28.289828	0	14	7	3.150542	11.263459	5.669982	8.205845	0	0
conventional	ce586	248	0	29.236080	0	14	7	4.690355	5.954138	3.053952	15.537635	0	0
holistic	he436	250	0	0	0	0	1	0	0	0	0	0	0
conventional	ce587	250	0	36.904256	0	14	7	7.014043	6.977527	12.254146	10.658540	0	0
conventional	ce588	250	1.228792	40.201681	1	14	7	3.748025	12.364187	13.893791	10.195678	0	0
conventional	ce589	252	0	26.017749	0	14	7	6.364205	3.603794	6.982212	9.067538	0	0
holistic	he437	253	0	0	0	0	1	0	0	0	0	2.346724	0
conventional	ce590	253	1.228792	40.859860	1	14	7	6.025819	10.418876	15.132320	9.282845	0	0
conventional	ce591	253	0	35.947309	0	14	7	3.955799	10.343314	12.575082	9.073114	0	0
holistic	he438	256	0	0	0	0	5	0	0	0	0	0	0
conventional	ce592	256	0	28.340707	0	14	7	2.386203	8.768789	7.806983	9.378732	0	0
conventional	ce593	257	0	31.889851	0	14	7	3.648308	2.141081	11.729551	14.370911	0	0
conventional	ce594	257	0	22.175811	0	14	7	5.048873	4.114387	7.277786	5.734765	0	0
conventional	ce595	257	0	25.365774	0	14	7	2.028958	8.831138	4.592554	9.913124	0	0
holistic	he439	258	0	0	0	0	1	0	0	0	0	2.314634	0
holistic	he440	258	0	3.033439	0	1	2	3.033439	0	0	0	0	0
holistic	he441	258	0	0	0	0	0	0	0	0	0	0	0
holistic	he442	258	0	0	0	0	1	0	0	0	0	0	0
holistic	he443	258	0.857426	1.735454	2	4	6	0	0	1.735454	0	7.694126	0
conventional	ce596	258	0	13.543449	0	14	7	1.111883	3.385599	3.297863	5.748104	0.858935	0
holistic	he444	259	0	0	0	0	2	0	0	0	0	4.227470	0
conventional	ce597	259	0	38.363994	0	14	7	4.604011	10.767837	10.776988	12.215158	0.727245	0
conventional	ce598	259	0	41.084185	0	14	7	2.504719	16.769370	12.363261	9.446835	0	0
holistic	he445	260	0	0	0	0	1	0	0	0	0	0	0
holistic	he446	260	0	0	0	0	1	0	0	0	0	1.163221	0
holistic	he447	260	0	3.469147	0	2	1	3.469147	0	0	0	3.123618	0
holistic	he448	260	0	0	0	0	1	0	0	0	0	2.805061	0
holistic	he449	260	0	0	0	0	3	0	0	0	0	3.030197	0
holistic	he450	260	0	0	0	0	6	0	0	0	0	8.230795	0
conventional	ce599	260	1.903929	40.196611	1	14	7	9.670544	14.150603	8.215800	8.159664	0	0
conventional	ce600	260	0	30.073275	0	14	7	2.679256	5.950578	14.097134	7.346307	0	0
holistic	he451	261	0	0	0	0	2	0	0	0	0	3.352316	0
holistic	he452	261	0	0	0	0	4	0	0	0	0	3.469205	0
holistic	he453	262	0	0	0	0	4	0	0	0	0	3.013786	0
holistic	he454	262	0	2.709658	0	1	2	2.709658	0	0	0	0	0
holistic	he455	262	0	1.406388	0	1	1	1.406388	0	0	0	0	0
holistic	he456	262	0	0	0	0	0	0	0	0	0	0	0
conventional	ce601	262	0	26.872601	0	14	7	3.341378	9.377305	4.403657	9.750261	0	0
conventional	ce602	262	0	30.983753	0	14	7	3.492194	4.721400	9.322285	13.447874	0	0
conventional	ce603	262	0	39.765026	0	14	7	3.509742	4.327505	15.720798	16.206981	0	0
conventional	ce604	262	0.864681	27.158485	1	14	7	2.983205	9.904180	6.575613	7.695487	1.291299	0
holistic	he457	263	0	0	0	0	6	0	0	0	0	6.379132	0
holistic	he458	263	0	0	0	0	1	0	0	0	0	0	0
holistic	he459	263	0	23.728410	0	12	3	23.728410	0	0	0	5.593860	0
holistic	he460	263	0	0	0	0	1	0	0	0	0	0	0
conventional	ce605	263	0	18.026046	0	14	7	1.951444	3.429285	5.471423	7.173894	0.858935	0
holistic	he461	264	0	0	0	0	1	0	0	0	0	2.150712	0
holistic	he462	264	0	0	0	0	1	0	0	0	0	3.353289	0
holistic	he463	264	0	0	0	0	0	0	0	0	0	0	0
holistic	he464	264	0	0	0	0	3	0	0	0	0	3.462824	0
holistic	he465	264	0	0	0	0	1	0	0	0	0	2.445134	0
holistic	he466	264	0	0	0	0	1	0	0	0	0	0	0
holistic	he467	264	0	0	0	0	1	0	0	0	0	2.753816	0
conventional	ce606	264	0	29.040365	0	14	7	4.548456	7.642520	5.953667	10.895722	0	0
conventional	ce607	264	0	29.968853	0	14	7	3.059756	5.179070	8.693568	13.036459	0	0
conventional	ce608	264	0	45.376715	0	14	7	2.819992	17.046204	12.992548	12.517971	0.775096	0
conventional	ce609	264	0	25.190285	0	14	7	3.355618	8.728064	9.277653	3.828950	0	0
holistic	he468	265	0	0	0	0	1	0	0	0	0	0	0
holistic	he469	265	0	0	0	0	1	0	0	0	0	2.445134	0
holistic	he470	265	0	0	0	0	0	0	0	0	0	0	0
holistic	he471	265	0	0	0	0	5	0	0	0	0	6.679848	0
holistic	he472	265	0	0	0	0	1	0	0	0	0	1.626112	0
conventional	ce610	265	0.169778	32.350492	1	14	7	3.093164	10.476831	13.372352	5.408145	0.619592	0
conventional	ce611	265	0	27.741851	0	14	7	7.348553	5.007305	6.610729	8.775264	0	0
conventional	ce612	265	0	45.652899	0	14	7	1.651951	15.718291	17.254041	11.028616	0	0
holistic	he473	266	0	0	0	0	1	0	0	0	0	0	0
holistic	he474	266	0	0	0	0	3	0	0	0	0	2.087337	2.109603
holistic	he475	266	0	0	0	0	3	0	0	0	0	1.822218	0
holistic	he476	266	0	0	0	0	0	0	0	0	0	0	0
conventional	ce613	266	1.903929	43.627916	1	14	7	9.787197	15.528222	10.175200	8.137297	0	0
conventional	ce614	266	0	34.107160	0	14	7	4.521250	1.589155	13.994454	14.002301	0	0
conventional	ce615	266	0	25.195853	0	14	7	1.176151	9.007085	6.190781	8.821836	0	0
holistic	he477	267	0	0	0	0	1	0	0	0	0	0	0
conventional	ce616	267	1.053988	43.435257	1	14	7	6.024181	10.891135	14.534705	11.985236	0	0
holistic	he478	268	0	0	0	0	4	0	0	0	0	2.753816	0
holistic	he479	268	0	0	0	0	1	0	0	0	0	1.668962	0
conventional	ce617	268	0	29.134612	0	14	7	4.106173	4.631229	6.278842	14.118368	0	0
conventional	ce618	268	0	26.952119	0	14	7	0.390821	0.794104	17.050254	8.716940	0.332870	0
holistic	he480	269	0	0	0	0	1	0	0	0	0	2.314634	0
holistic	he481	269	0	9.554844	0	12	3	9.554844	0	0	0	5.593860	0
holistic	he482	269	0	0	0	0	1	0	0	0	0	1.626112	0
holistic	he483	269	0	2.126094	0	1	1	2.126094	0	0	0	0	0
conventional	ce619	269	1.368952	37.248226	1	14	7	5.434782	12.739635	13.308362	5.765447	0	0
holistic	he484	270	0	3.426476	0	1	5	3.426476	0	0	0	0	0
holistic	he485	270	0	0	0	0	1	0	0	0	0	2.445134	0
holistic	he486	270	0	0	0	0	0	0	0	0	0	0	0
holistic	he487	270	0	0	0	0	1	0	0	0	0	1.284362	0
holistic	he488	270	0	0	0	0	2	0	0	0	0	3.042508	0
conventional	ce620	270	1.368952	24.627292	1	14	7	2.868643	2.970811	10.876904	7.910934	0	0
conventional	ce621	270	0	25.476251	0	14	7	3.488944	6.946860	9.271497	5.768950	0	0
conventional	ce622	270	0	27.122461	0	14	7	2.473395	2.916408	7.183472	14.549186	0	0
holistic	he489	271	0	0	0	0	2	0	0	0	0	0	0
holistic	he490	271	0	0	0	0	0	0	0	0	0	0	0
holistic	he491	271	0.596093	0.596093	1	1	2	0.596093	0	0	0	0	0
conventional	ce623	271	0	26.355000	0	14	7	3.200061	6.695526	4.529817	11.929596	0	0
conventional	ce624	271	0	43.484717	0	14	7	2.742009	17.084202	13.360247	10.298259	0	0
holistic	he492	272	0.671375	2.137919	1	2	1	2.137919	0	0	0	3.877913	0
holistic	he493	272	0	0	0	0	4	0	0	0	0	1.871996	0
holistic	he494	272	0	0	0	0	8	0	0	0	0	5.969872	0
conventional	ce625	272	0	24.861783	0	14	7	4.822044	2.834281	13.665448	3.540010	0	0
conventional	ce626	272	0	26.028759	0	14	7	4.541719	9.375014	3.931892	8.180134	0	0
conventional	ce627	272	0	26.703565	0	14	7	1.941389	9.075486	6.179733	9.506957	0	0
holistic	he495	273	0	14.914416	0	32	5	14.914416	0	0	0	11.187720	0
holistic	he496	273	0	0	0	0	0	0	0	0	0	0	0
holistic	he497	273	0	0	0	0	1	0	0	0	0	2.662325	0
conventional	ce628	273	0	58.348815	0	14	7	13.265878	15.132585	13.106427	16.843925	0	0
holistic	he498	274	1.336018	4.254402	1	2	1	4.254402	0	0	0	6.527594	0
holistic	he499	274	0	0	0	0	1	0	0	0	0	0	0
holistic	he500	274	0	0	0	0	1	0	0	0	0	0	0
conventional	ce629	274	0	33.745943	0	14	7	3.931041	7.174171	15.210874	7.429857	0	0
conventional	ce630	274	0	25.918031	0	14	7	1.032433	8.997682	7.776649	8.111267	0	0
conventional	ce631	274	0	41.874594	0	14	7	5.126902	11.000436	12.467954	13.279302	0	0
holistic	he501	275	0	3.229236	0	1	2	3.229236	0	0	0	0	0
holistic	he502	275	0	0	0	0	2	0	0	0	0	3.042508	0
holistic	he503	275	0	0	0	0	3	0	0	0	0	3.462824	0
holistic	he504	275	0	0	0	0	1	0	0	0	0	2.429131	0
conventional	ce632	276	0	31.254747	0	14	7	2.400947	12.273313	8.633889	7.946598	0	0
conventional	ce633	276	0	30.109199	0	14	7	4.217551	10.620294	4.654342	10.617012	0	0
conventional	ce634	276	0	21.179534	0	14	7	2.159833	5.517057	8.945778	4.556866	0.122654	0
holistic	he505	277	0	3.879333	0	1	2	3.879333	0	0	0	0	0
holistic	he506	277	0	10.293528	0	12	3	10.293528	0	0	0	5.593860	0
holistic	he507	277	0	0	0	0	0	0	0	0	0	0	0
holistic	he508	277	0	0	0	0	1	0	0	0	0	1.626112	0
holistic	he509	277	0	0	0	0	1	0	0	0	0	0	0
holistic	he510	278	0	0	0	0	1	0	0	0	0	1.468731	0
holistic	he511	278	0	0	0	0	1	0	0	0	0	0	0
conventional	ce635	278	0	29.484380	0	14	7	2.461362	8.095382	9.241882	9.685754	0	0
conventional	ce636	278	0	30.319765	0	14	7	0.958085	13.539558	6.916083	8.906039	0	0
conventional	ce637	278	0	29.676938	0	14	7	3.856219	4.227499	8.515201	13.078019	0	0
conventional	ce638	278	1.903929	37.599884	1	14	7	8.600919	14.017162	7.656328	7.325475	0	0
conventional	ce639	278	0	48.451252	0	14	7	1.607858	17.907535	16.829850	12.106009	0	0
holistic	he512	279	0	0	0	0	1	0	0	0	0	3.352290	0
holistic	he513	279	0	0	0	0	1	0	0	0	0	0	0
conventional	ce640	279	0	35.862096	0	14	7	8.881790	10.535402	10.444642	6.000262	0	0
conventional	ce641	279	0	35.966661	0	14	7	4.615103	10.143654	13.262959	7.944945	0.122654	0
conventional	ce642	280	0	29.436739	0	14	7	4.640669	6.328650	2.389184	16.078236	0	0
conventional	ce643	280	0	24.528821	0	14	7	1.302253	7.144140	6.361019	9.721409	0	0
conventional	ce644	280	0	37.528987	0	14	7	4.701932	11.191856	11.490392	10.144807	1.636732	0
holistic	he514	281	0	4.568816	0	6	2	4.568816	0	0	0	4.051205	0
conventional	ce645	281	0	34.650993	0	14	7	3.382093	6.243920	15.964932	9.060048	0	0
conventional	ce646	282	0	26.502359	0	14	7	2.203796	11.086682	5.888871	7.323010	1.554078	0
conventional	ce647	282	1.228792	40.082614	1	14	7	4.258146	9.346744	13.773605	12.704119	0	0
conventional	ce648	282	0	36.391060	0	14	7	1.409900	12.752433	11.595458	10.633269	0	0
holistic	he515	283	0	0	0	0	2	0	0	0	0	3.352316	0
holistic	he516	283	0	0	0	0	4	0	0	0	0	3.469205	0
conventional	ce649	283	0	30.749283	0	14	7	7.695150	8.085718	10.109437	4.858978	0	0
holistic	he517	284	0.883546	0.883546	1	1	2	0.883546	0	0	0	0	0
holistic	he518	285	0	0	0	0	6	0	0	0	0	7.308774	0
holistic	he519	285	0	0	0	0	6	0	0	0	0	8.689907	0
conventional	ce650	285	0	31.582621	0	14	7	7.556716	9.792502	9.417209	4.816194	0	0
holistic	he520	286	0	0	0	0	1	0	0	0	0	1.822218	0
holistic	he521	287	0	0	0	0	8	0	0	0	0	0	0
conventional	ce651	287	0	31.017088	0	14	7	0.542825	14.208430	7.938054	8.327779	0	0
conventional	ce652	287	1.471727	39.130624	1	14	7	8.143279	13.867051	10.394882	6.725412	0	0
conventional	ce653	288	0	16.272075	0	14	7	1.464434	3.579585	4.821084	6.406972	0.858935	0
conventional	ce654	288	0	44.646883	0	14	7	3.633180	17.839852	15.614526	7.559325	0	0
holistic	he522	291	0	0	0	0	1	0	0	0	0	2.556089	0
holistic	he523	292	0	0	0	0	6	0	0	0	0	7.561430	0
holistic	he524	292	0	0	0	0	0	0	0	0	0	0	0
conventional	ce655	292	0	30.830144	0	14	7	6.838538	6.072110	11.718835	6.200661	0	0
conventional	ce656	292	0	30.877581	0	14	7	0.229579	13.133932	8.993328	8.520742	0	0
conventional	ce657	293	0	20.933612	0	14	7	5.224050	2.984060	5.744411	6.981091	0	0
conventional	ce658	293	0	27.498138	0	14	7	0.954508	7.276598	10.180600	9.086432	0.403018	0
holistic	he525	295	0	0	0	0	1	0	0	0	0	4.402513	0
conventional	ce659	295	0	18.759179	0	14	7	2.201669	4.554310	6.496256	5.506944	0.858935	0
conventional	ce660	295	0	27.565876	0	14	7	2.518376	8.199901	6.213930	10.633669	0	0
conventional	ce661	295	0	26.295466	0	14	7	2.034919	5.893115	8.735996	9.631436	0	0
holistic	he526	296	0	0	0	0	1	0	0	0	0	2.188869	0
holistic	he527	296	0	0	0	0	8	0	0	0	0	5.507632	0
holistic	he528	297	0	0	0	0	5	0	0	0	0	8.195192	0
conventional	ce662	297	0.163701	29.177449	1	14	7	6.271943	9.002779	10.155424	3.747303	0	0
conventional	ce663	297	0	32.646014	0	14	7	6.575800	5.444003	9.831482	10.794729	0	0
conventional	ce664	298	1.903929	36.491199	1	14	7	9.417989	10.601211	7.046270	9.425729	0	0
conventional	ce665	298	0	40.724094	0	14	7	2.475818	15.363641	14.075390	8.809245	0	0
conventional	ce666	299	0	31.470511	0	14	7	4.702106	5.944216	2.806323	18.017866	0	0
conventional	ce667	299	0	12.181291	0	14	7	1.886808	1.924258	2.074692	6.295533	0.858935	0
holistic	he529	300	0	14.857820	0	4	7	14.857820	0	0	0	0	0
holistic	he530	301	0	0	0	0	2	0	0	0	0	4.301424	0
conventional	ce668	301	0	22.117531	0	14	7	0.666015	7.017233	7.314773	7.119510	0	0
conventional	ce669	301	0	31.331800	0	14	7	6.706658	6.054782	3.250228	15.320132	0	0
holistic	he531	302	0	0	0	0	2	0	0	0	0	0	0
holistic	he532	302	0	0	0	0	0	0	0	0	0	0	0
conventional	ce670	302	0	30.188865	0	14	7	5.566265	6.393609	12.865619	5.363372	0	0
conventional	ce671	304	0	48.246509	0	14	7	1.129568	15.354967	15.862197	15.899777	0	0
conventional	ce672	304	0	49.181990	0	14	7	2.467362	17.354090	12.131461	17.229077	0	0
holistic	he533	305	0	0	0	0	2	0	0	0	0	1.676158	0
conventional	ce673	305	0.164532	24.734503	1	14	7	4.420447	6.860735	6.738469	6.714852	0	0
conventional	ce674	305	0	29.610248	0	14	7	3.819230	6.616594	3.802275	15.372149	0	0
holistic	he534	306	0	0	0	0	1	0	0	0	0	3.578711	0
holistic	he535	306	0	0	0	0	4	0	0	0	0	3.469205	0
conventional	ce675	306	0	33.311433	0	14	7	7.833031	7.773003	7.363930	10.341469	0	0
conventional	ce676	307	0	32.344420	0	14	7	1.867987	7.076857	10.822001	12.577575	0	0
conventional	ce677	307	0	35.736639	0	14	7	6.575161	5.706540	13.226848	10.228090	0	0
conventional	ce678	308	0	29.714972	0	14	7	3.664745	7.325232	8.074779	10.650216	0	0
conventional	ce679	308	0.632352	46.720638	1	14	7	7.975535	11.262629	11.629937	15.852537	0.727245	0
conventional	ce680	308	0	37.019454	0	14	7	2.147060	10.105086	15.105372	9.661936	0.122654	0
holistic	he536	309	0	0	0	0	1	0	0	0	0	1.163221	0
holistic	he537	309	0	0	0	0	1	0	0	0	0	2.314634	0
conventional	ce681	309	0	29.367562	0	14	7	1.100698	11.960816	7.917525	8.388523	0	0
conventional	ce682	309	0	40.869417	0	14	7	2.337213	0.545757	24.908097	13.078350	0.332870	0
holistic	he538	310	0	0	0	0	0	0	0	0	0	0	0
conventional	ce683	310	1.903929	44.014686	1	14	7	11.724336	12.804846	9.473208	10.012296	0	0
conventional	ce684	310	0	32.880589	0	14	7	2.897396	6.462984	16.966097	6.554112	0	0
conventional	ce685	310	0	51.339028	0	14	7	7.493466	13.123290	15.539211	15.183061	0	0
conventional	ce686	310	0	43.451553	0	14	7	6.108591	11.937777	14.185251	11.219934	0	0
conventional	ce687	311	1.903929	31.923572	1	14	7	6.959582	14.722889	4.992527	5.248574	0	0
conventional	ce688	311	1.903929	33.000730	1	14	7	7.671812	8.757076	7.227456	9.344386	0	0
holistic	he539	312	0.883546	0.883546	1	1	2	0.883546	0	0	0	0	0
conventional	ce689	312	0	52.057075	0	14	7	1.714245	16.694522	17.937581	15.710727	0	0
conventional	ce690	312	0	55.353324	0	14	7	8.229414	11.873922	17.721019	17.528969	0	0
conventional	ce691	312	0	30.583103	0	14	7	5.936277	6.721843	10.850534	7.074449	0	0
holistic	he540	313	0	9.554844	0	12	3	9.554844	0	0	0	5.593860	0
conventional	ce692	313	0	12.788845	0	14	7	1.406510	2.787174	4.707500	3.887661	0.947318	0
holistic	he541	314	0	0	0	0	2	0	0	0	0	2.150712	0
conventional	ce693	314	0	34.248371	0	14	7	8.796982	7.689896	8.332026	9.429467	0	0
holistic	he542	315	0	0	0	0	3	0	0	0	0	3.780715	0
conventional	ce694	315	0.164532	14.671064	1	14	7	1.035387	4.353184	4.987294	4.295199	0	0
conventional	ce695	317	0	28.947907	0	14	7	1.439063	12.920978	7.847040	6.740826	0	0
conventional	ce696	317	0	18.493570	0	14	7	2.135230	4.544717	4.425942	7.387681	0.858935	0
conventional	ce697	317	0	39.667967	0	14	7	2.156391	15.458396	11.991706	10.061474	0	0
holistic	he543	318	0	0	0	0	4	0	0	0	0	3.469205	0
holistic	he544	318	0	0	0	0	1	0	0	0	0	0	0
holistic	he545	318	0	8.737920	0	6	3	8.737920	0	0	0	1.902920	0
conventional	ce698	318	0	39.647548	0	14	7	3.122389	14.691147	11.875453	9.958559	0	0
conventional	ce699	318	0	34.714691	0	14	7	0.762612	12.562593	10.017036	11.372450	0	0
conventional	ce700	318	0	39.281635	0	14	7	4.602189	9.333384	14.230379	11.115683	0.122654	0
conventional	ce701	319	0	11.909623	0	14	7	2.220986	1.612558	5.076016	3.000063	0.947318	0
conventional	ce702	319	0	25.827632	0	14	7	5.260052	4.941064	11.588002	4.038514	0	0
conventional	ce703	319	0	32.491445	0	14	7	7.356036	6.915688	12.823382	5.396339	0	0
conventional	ce704	319	0	24.712208	0	14	7	5.056390	8.157619	6.998353	4.499846	0	0
holistic	he546	320	0	0	0	0	2	0	0	0	0	2.937462	0
holistic	he547	320	0	0	0	0	2	0	0	0	0	3.352316	0
holistic	he548	320	0	0	0	0	2	0	0	0	0	0	0
holistic	he549	320	0	0	0	0	1	0	0	0	0	0	0
conventional	ce705	320	0	13.123373	0	14	7	1.934758	2.345195	5.289886	3.553534	0.947318	0
conventional	ce706	320	0	10.809691	0	14	7	0.304217	3.210404	3.930429	3.364641	0.858935	0
holistic	he550	321	0	2.709658	0	1	2	2.709658	0	0	0	0	0
holistic	he551	321	0	0	0	0	1	0	0	0	0	1.163221	0
conventional	ce707	321	0	53.567547	0	14	7	6.204808	11.172077	19.765488	16.425174	0	0
conventional	ce708	321	0	26.734022	0	14	7	2.826437	11.035901	5.970067	6.901617	0.917740	0
holistic	he552	322	0	0	0	0	8	0	0	0	0	3.043032	0
holistic	he553	322	0	0	0	0	1	0	0	0	0	0	0
holistic	he554	322	0.596093	0.596093	1	1	2	0.596093	0	0	0	0	0
conventional	ce709	322	0	39.811717	0	14	7	11.773762	4.569560	16.937475	6.530920	0	0
conventional	ce710	322	0	60.912848	0	14	7	2.819992	22.435524	17.280133	18.377199	0.661834	0
holistic	he555	323	0	0	0	0	1	0	0	0	0	0	0
holistic	he556	323	1.590048	1.590048	2	2	7	1.590048	0	0	0	7.561430	0
holistic	he557	323	0	0	0	0	5	0	0	0	0	0	0
holistic	he558	323	0	0	0	0	3	0	0	0	0	4.406193	0
conventional	ce711	323	0	27.684314	0	14	7	2.096068	7.915619	8.350901	9.321726	1.554078	0
conventional	ce712	323	0	30.250827	0	14	7	6.195991	7.513588	7.668445	8.872803	0	0
holistic	he559	324	0.883546	0.883546	1	1	2	0.883546	0	0	0	0	0
holistic	he560	324	0.314419	0.314419	1	1	2	0.314419	0	0	0	0	0
holistic	he561	324	0	3.379146	0	1	5	3.379146	0	0	0	0	0
holistic	he562	324	0	0	0	0	2	0	0	0	0	0.171086	0
conventional	ce713	324	0	23.300476	0	14	7	2.566857	6.147849	4.134688	10.451082	0	0
conventional	ce714	324	0	31.057026	0	14	7	2.929274	11.910522	8.837760	7.379470	0.917740	0
holistic	he563	325	0	0	0	0	1	0	0	0	0	2.521780	0
holistic	he564	325	0	0	0	0	8	0	0	0	0	5.507632	0
holistic	he565	325	0	0	0	0	1	0	0	0	0	1.626112	0
conventional	ce715	325	0	25.129262	0	14	7	0.962004	11.813526	3.929510	8.424222	0	0
conventional	ce716	325	0.442270	33.492063	1	14	7	5.969424	7.001091	6.813353	13.708195	0	0
conventional	ce717	325	0	20.213341	0	14	7	3.388599	4.212608	9.079509	3.532625	1.420950	0
holistic	he566	326	0	0	0	0	1	0	0	0	0	0	0
holistic	he567	326	0	0	0	0	6	0	0	0	0	7.308774	0
holistic	he568	326	0	0	0	0	0	0	0	0	0	0	0
holistic	he569	327	0	0	0	0	2	0	0	0	0	5.038432	0
conventional	ce718	327	0	27.744008	0	14	7	3.610561	7.189740	10.399456	6.544251	0	0
conventional	ce719	327	0	30.838090	0	14	7	1.672330	15.229076	7.837963	6.098721	0	0
holistic	he570	328	0	0	0	0	2	0	0	0	0	9.207217	0
conventional	ce720	328	0	38.320208	0	14	7	4.002915	9.758132	12.477034	12.082127	0.122654	0
conventional	ce721	328	0	30.275477	0	14	7	1.304211	15.135093	6.022511	7.813662	0	0
holistic	he571	329	0	0	0	0	1	0	0	0	0	0	0
holistic	he572	329	0	0	0	0	0	0	0	0	0	0	0
holistic	he573	329	0.596093	0.596093	1	1	2	0.596093	0	0	0	0	0
holistic	he574	329	0	0	0	0	0	0	0	0	0	0	0
holistic	he575	329	0	0	0	0	3	0	0	0	0	0	0
conventional	ce722	329	0	39.440251	0	14	7	5.191903	10.034948	14.651997	9.561403	0.122654	0
holistic	he576	330	0	0	0	0	0	0	0	0	0	0	0
holistic	he577	330	0	0	0	0	3	0	0	0	0	5.028474	0
holistic	he578	330	0	0	0	0	0	0	0	0	0	0	0
holistic	he579	330	0	0	0	0	1	0	0	0	0	4.402513	0
conventional	ce723	330	0	37.376570	0	14	7	6.403298	6.837687	10.831288	13.304297	0	0
conventional	ce724	330	0	31.069042	0	14	7	2.764174	7.408262	6.808656	14.087950	0	0
holistic	he580	331	0	0	0	0	6	0	0	0	0	10.452785	0
holistic	he581	331	0	0	0	0	1	0	0	0	0	2.677347	0
conventional	ce725	331	0	47.688050	0	14	7	5.947028	11.480342	15.639807	14.620873	0	0
conventional	ce726	331	0	36.234880	0	14	7	8.171922	6.901166	10.034877	11.126915	0	0
conventional	ce727	331	0	33.009451	0	14	7	2.938715	7.657012	6.828221	15.585503	0.332870	0
holistic	he582	332	0	0	0	0	2	0	0	0	0	0.865018	0
conventional	ce728	332	0	55.659613	0	14	7	7.369866	16.706260	17.323045	14.260442	0	0
holistic	he583	333	0	0	0	0	1	0	0	0	0	0	0
holistic	he584	333	0	3.728753	0	1	2	3.728753	0	0	0	0	0
holistic	he585	333	0	2.462910	0	1	2	2.462910	0	0	0	0	0
holistic	he586	333	0	3.521151	0	1	2	3.521151	0	0	0	0	0
conventional	ce729	333	0	41.606833	0	14	7	9.540255	2.641166	18.269290	11.156122	0.534128	0
holistic	he587	334	0	0	0	0	0	0	0	0	0	0	0
holistic	he588	334	0	0	0	0	0	0	0	0	0	2.664897	0
holistic	he589	334	0	0	0	0	1	0	0	0	0	2.429131	0
holistic	he590	334	0	0	0	0	5	0	0	0	0	0	0
conventional	ce730	334	0	28.460095	0	14	7	1.595701	8.666896	11.487880	6.709618	0.122654	0
conventional	ce731	334	0	34.427080	0	14	7	4.077105	8.640124	8.476858	13.232993	0	0
conventional	ce732	334	1.903929	34.501674	1	14	7	5.422773	12.589741	8.367867	8.121293	0	0
conventional	ce733	334	0	33.205421	0	14	7	3.397027	4.380918	12.662455	12.765021	0	0
holistic	he591	335	0	0	0	0	1	0	0	0	0	1.163221	0
holistic	he592	335	0.314419	0.314419	1	1	2	0.314419	0	0	0	0	0
holistic	he593	335	1.590048	1.590048	2	2	7	1.590048	0	0	0	7.561430	0
conventional	ce734	335	1.903929	42.816319	1	14	7	10.568607	12.865901	7.519170	11.862641	0	0
conventional	ce735	335	0	30.694642	0	14	7	0.891394	13.448073	4.853422	11.501753	0	0
conventional	ce736	336	0	38.049722	0	14	7	9.380676	9.739737	12.627509	6.301800	0	0
conventional	ce737	336	0	33.872282	0	14	7	4.363194	6.953794	4.742954	17.812340	0	0
conventional	ce738	336	1.903929	36.789756	1	14	7	4.433182	10.422956	12.109974	9.823644	0	0
conventional	ce739	336	0	30.686921	0	14	7	2.679279	5.753473	8.402359	13.851810	0.476618	0
holistic	he594	337	0	4.377768	0	2	4	4.377768	0	0	0	0.951460	0
holistic	he595	337	0	0	0	0	3	0	0	0	0	2.012510	0
holistic	he596	337	0.141678	0.141678	2	2	7	0.141678	0	0	0	7.561430	0
holistic	he597	337	0	0	0	0	4	0	0	0	0	3.469205	0
holistic	he598	337	0	0	0	0	2	0	0	0	0	0	0
conventional	ce740	337	2.582092	36.700265	1	14	7	10.262194	11.473069	6.646763	8.318239	0	0
conventional	ce741	337	0	30.962282	0	14	7	0.609312	12.676651	9.364862	8.311457	0	0
holistic	he599	338	0	0	0	0	1	0	0	0	0	1.822218	0
holistic	he600	338	0	0	0	0	2	0	0	0	0	0	0
holistic	he601	338	0	0	0	0	8	0	0	0	0	5.507632	0
holistic	he602	338	0	0	0	0	8	0	0	0	0	8.433650	0
conventional	ce742	338	0	32.440351	0	14	7	2.514085	6.686556	18.227073	5.012637	0	0
conventional	ce743	338	0.540153	13.158921	1	14	7	0.687501	2.871098	4.126846	5.473476	0	0
conventional	ce744	338	0	32.089504	0	14	7	2.946544	7.594235	7.410484	14.138241	0	0
conventional	ce745	338	0	29.877927	0	14	7	4.404291	6.149088	6.352671	12.971877	0	0
conventional	ce746	338	0	36.851051	0	14	7	4.663105	9.166093	13.003020	10.018833	0.074424	0
holistic	he603	339	0	0	0	0	2	0	0	0	0	4.301424	0
holistic	he604	339	0	0	0	0	6	0	0	0	0	8.458712	0
conventional	ce747	339	0	37.019284	0	14	7	3.776224	5.386696	20.068189	7.788175	0	0
conventional	ce748	339	0	27.289254	0	14	7	1.624294	8.518608	10.610555	6.535797	0.917740	0
conventional	ce749	340	0	20.634597	0	14	7	1.888870	3.125393	6.593739	9.026595	0	0
conventional	ce750	340	0	31.351984	0	14	7	2.555016	6.813623	9.841617	12.141728	1.554078	0
conventional	ce751	340	0	57.357717	0	14	7	6.770155	16.759981	18.850037	14.977544	0	0
conventional	ce752	340	0	24.177744	0	14	7	0.061559	8.711704	8.143367	7.261114	0	0
holistic	he605	341	0	0	0	0	4	0	0	0	0	3.469205	0
holistic	he606	341	0	0	0	0	0	0	0	0	0	0	0
holistic	he607	342	0	0	0	0	2	0	0	0	0	3.416436	0
conventional	ce753	342	0	37.356719	0	14	7	8.368249	5.315950	14.250062	9.422458	0	0
conventional	ce754	342	0	46.460224	0	14	7	7.023966	10.341743	18.333185	10.761330	0.263752	0
holistic	he608	343	0	0	0	0	6	0	0	0	0	8.689907	0
holistic	he609	343	0	0	0	0	4	0	0	0	0	0	0
conventional	ce755	343	0	45.136788	0	14	7	14.444071	2.306171	19.210532	9.176014	0	0
holistic	he610	344	0	0	0	0	3	0	0	0	0	0	0
conventional	ce756	344	0	33.347510	0	14	7	0.746352	9.665931	11.389341	11.545886	0	0
holistic	he611	345	0	0	0	0	1	0	0	0	0	0	0
holistic	he612	345	0	0	0	0	4	0	0	0	0	7.095314	0
holistic	he613	345	0	0	0	0	4	0	0	0	0	3.469205	0
conventional	ce757	345	0	45.026396	0	14	7	3.994368	9.800885	13.683908	17.547235	0	0
conventional	ce758	345	0	58.320562	0	14	7	8.694893	14.038646	15.946457	19.640566	0	0
conventional	ce759	345	0	31.980041	0	14	7	3.401901	6.598535	7.627046	14.352559	1.554078	0
holistic	he614	346	0	0	0	0	6	0	0	0	0	8.458712	0
holistic	he615	346	0	0	0	0	0	0	0	0	0	0	0
conventional	ce760	346	0	34.324633	0	14	7	1.899215	7.025694	9.630069	15.769655	0	0
conventional	ce761	346	0	31.755327	0	14	7	2.465833	6.391684	8.833175	14.064635	0.476618	0
conventional	ce762	346	0.164532	31.463622	1	14	7	5.824969	7.287558	7.829092	10.522003	0	0
holistic	he616	347	0.336695	0.336695	1	1	2	0.336695	0	0	0	0	0
conventional	ce763	347	0	51.125847	0	14	7	2.127414	15.225869	18.457246	15.315318	0	0
conventional	ce764	347	1.903929	36.983061	1	14	7	7.150626	11.258364	8.317081	10.256990	0	0
conventional	ce765	347	0	32.513207	0	14	7	4.273599	7.302197	12.204015	8.733396	0.122654	0
conventional	ce766	347	0	33.036114	0	14	7	1.655321	13.380291	9.209672	8.790830	0	0
holistic	he617	348	0.596093	0.596093	1	1	5	0.596093	0	0	0	0	0
conventional	ce767	348	0	33.080497	0	14	7	0.054847	12.569562	11.398009	9.058079	0	0
conventional	ce768	348	0	40.391115	0	14	7	5.365485	10.299734	13.163037	11.562859	0.122654	0
conventional	ce769	348	0	34.749448	0	14	7	2.950803	4.884822	13.201012	13.712811	0	0
holistic	he618	349	0	0	0	0	3	0	0	0	0	0	0
conventional	ce770	349	0	36.724820	0	14	7	1.390085	7.301350	10.791812	17.241573	0	0
holistic	he619	350	0	0	0	0	3	0	0	0	0	2.012510	0
holistic	he620	350	0	0	0	0	8	0	0	0	0	5.869898	0
conventional	ce771	351	0	28.936614	0	14	7	7.075890	4.586642	12.283428	4.990654	0	0
conventional	ce772	351	0	34.015191	0	14	7	3.887310	10.305263	7.772771	12.049847	0.917740	0
holistic	he621	352	1.497366	1.497366	2	2	11	0	0	0	1.497366	0	0
conventional	ce773	352	0	30.328059	0	14	7	2.446300	5.429008	8.338347	14.114404	0.476618	0
conventional	ce774	352	0	20.823909	0	14	7	1.168106	8.066709	4.806333	6.782761	0.161756	0
conventional	ce775	352	0	39.016364	0	14	7	10.301610	4.366116	17.114733	7.233905	0	0
conventional	ce776	352	0	41.343342	0	14	7	10.286461	9.577320	13.146066	8.333495	0	0
holistic	he622	353	0	0	0	0	2	0	0	0	0	0.865018	0
conventional	ce777	353	0	43.015540	0	14	7	1.555114	17.091449	11.369022	12.999955	0	0
conventional	ce778	354	0	43.429683	0	14	7	11.794957	7.795976	17.094891	6.743859	0	0
holistic	he623	355	0	10.871807	0	5	2	10.871807	0	0	0	0	0
holistic	he624	355	0	0	0	0	1	0	0	0	0	0	0
conventional	ce779	355	0	30.820434	0	14	7	4.360021	6.034813	14.995709	5.429891	0	0
conventional	ce780	355	0	45.001674	0	14	7	5.293867	11.012530	13.818764	14.876513	0	0
holistic	he625	356	0	0	0	0	7	0	0	0	0	0	0
holistic	he626	356	0	0	0	0	6	0	0	0	0	1.637969	0
conventional	ce781	356	0	51.024475	0	14	7	5.668629	15.754359	14.158392	15.443095	0	0
conventional	ce782	356	0	38.366149	0	14	7	1.420059	13.400825	10.241943	13.303322	0	0
conventional	ce783	357	0	12.295953	0	14	7	1.406510	2.938386	4.345959	3.605098	0.947318	0
conventional	ce784	357	0.164532	26.027157	1	14	7	4.664676	6.508457	5.645783	9.208241	0	0
conventional	ce785	357	1.903929	36.695424	1	14	7	2.903330	6.897102	11.839292	15.055700	0	0
conventional	ce786	357	0	24.561893	0	14	7	1.880997	6.379342	5.337226	10.964328	0	0
holistic	he627	358	0	0	0	0	2	0	0	0	0	4.548546	0
conventional	ce787	358	0	33.981101	0	14	7	2.468918	7.356754	17.847648	6.307781	0	0
conventional	ce788	358	0	52.692481	0	14	7	6.067825	10.901461	18.560601	17.162594	0	0
conventional	ce789	359	0.164532	36.902313	1	14	7	3.109800	12.135077	10.236038	11.421398	0	0
conventional	ce790	359	0	28.917923	0	14	7	3.217931	7.022320	7.326550	11.351122	0.476618	0
conventional	ce791	359	0	32.094328	0	14	7	0.931198	11.348206	10.231982	9.582942	0	0
holistic	he628	360	0	4.171842	0	4	2	4.171842	0	0	0	2.822172	0
holistic	he629	360	0	0	0	0	5	0	0	0	0	0	0
holistic	he630	360	0	0	0	0	1	0	0	0	0	0	0
holistic	he631	360	0	29.541930	0	27	17	29.541930	0	0	0	0	0
holistic	he632	360	0	0	0	0	6	0	0	0	0	12.822426	0
holistic	he633	360	0	0	0	0	8	0	0	0	0	5.721456	0
holistic	he634	360	0	0	0	0	2	0	0	0	0	0	0
holistic	he635	360	0	0	0	0	4	0	0	0	0	0	0
holistic	he636	360	0	0	0	0	4	0	0	0	0	1.469953	0
holistic	he637	360	0	3.208648	0	2	4	3.208648	0	0	0	0.170591	0
holistic	he638	360	0	0	0	0	1	0	0	0	0	1.682663	0
holistic	he639	360	0.314419	0.314419	1	1	2	0.314419	0	0	0	0	0
holistic	he640	360	0	0	0	0	2	0	0	0	0	3.879035	0
holistic	he641	360	0	0	0	0	0	0	0	0	0	0	0
holistic	he642	360	0.883546	0.883546	1	1	2	0.883546	0	0	0	0	0
holistic	he643	360	0	0	0	0	8	0	0	0	0	8.348926	0
holistic	he644	360	0	0	0	0	2	0	0	0	0	4.840680	0
holistic	he645	360	0	0	0	0	0	0	0	0	0	0	0
holistic	he646	360	2.752114	2.752114	2	2	4	2.752114	0	0	0	0	0
holistic	he647	360	0	0	0	0	2	0	0	0	0	2.326442	0
holistic	he648	360	0	0	0	0	1	0	0	0	0	0	0
conventional	ce792	360	0	36.386384	0	14	7	2.497690	6.345894	18.919411	8.623389	0	0
conventional	ce793	360	0	26.435907	0	14	7	1.205281	13.757410	5.958948	5.514268	0.841914	0
conventional	ce794	360	0	30.261529	0	14	7	3.784998	6.993184	7.068925	12.414422	1.554078	0
conventional	ce795	360	0	28.058442	0	14	7	4.066692	7.599915	5.970613	10.421222	0	0
conventional	ce796	360	0	29.965467	0	14	7	5.298716	6.826119	2.842656	14.997976	0	0
conventional	ce797	360	0	39.962866	0	14	7	1.677799	12.529225	13.156125	12.599717	0	0
conventional	ce798	360	0	55.460524	0	14	7	7.254357	16.706260	16.999019	14.500888	0	0
conventional	ce799	360	0	30.963816	0	14	7	2.257571	6.334845	9.009025	13.362375	0.476618	0
conventional	ce800	360	0.608960	26.667382	1	14	7	5.078734	7.445701	3.570173	10.572774	0	0
conventional	ce801	360	0	32.638730	0	14	7	0.500484	13.358950	11.783608	6.995688	0	0
conventional	ce802	360	0	29.023099	0	14	7	3.011557	3.695077	12.168501	10.147964	0	0
conventional	ce803	360	0	36.749899	0	14	7	12.549127	7.810068	5.985428	10.405276	0	0
conventional	ce804	360	0	32.519001	0	14	7	2.118007	3.837504	10.978533	15.584957	0.480153	0
conventional	ce805	360	0	35.739001	0	14	7	4.593884	8.265644	8.098348	14.781125	0	0
conventional	ce806	360	0	49.454411	0	14	7	5.676023	12.801326	16.644829	14.332233	0	0
conventional	ce807	360	0	31.856430	0	14	7	6.468446	6.413010	3.488255	15.486719	0	0
conventional	ce808	360	0	38.871525	0	14	7	2.904092	5.035766	16.396583	14.535084	0	0
conventional	ce809	360	0	35.421575	0	14	7	7.654054	4.772692	13.420930	9.573899	0	0
conventional	ce810	360	0	47.440240	0	14	7	3.130523	11.424253	21.355883	11.529581	0	0
conventional	ce811	360	0	37.072536	0	14	7	3.760148	9.763015	13.871946	9.677427	0.122654	0
conventional	ce812	361	0	34.041269	0	14	7	3.070612	7.127860	16.059483	7.783314	0	0
conventional	ce813	361	0	32.873822	0	14	7	3.657553	12.302855	9.235826	7.677588	1.109626	0
conventional	ce814	361	0	34.101172	0	14	7	4.890102	7.606446	14.510605	7.094019	0	0
conventional	ce815	362	0	38.237230	0	14	7	0.820833	15.089524	14.132633	8.194240	0	0
conventional	ce816	362	0	47.335564	0	14	7	11.290218	10.738759	15.406249	9.900338	0	0
conventional	ce817	362	0	29.913214	0	14	7	3.456768	5.579886	13.078909	7.797651	0	0
conventional	ce818	362	0	32.100396	0	14	7	9.242678	5.231547	10.788033	6.838138	0	0
holistic	he649	363	0	0	0	0	0	0	0	0	0	0	0
conventional	ce819	363	0	20.622426	0	14	7	2.304074	2.196148	7.678467	8.443737	0	0
conventional	ce820	363	0	46.190324	0	14	7	4.916125	14.376165	13.230830	13.667204	0	0
conventional	ce821	363	0	32.182113	0	14	7	2.740816	7.781585	8.271915	13.387797	0.476618	0
holistic	he650	364	0	0	0	0	1	0	0	0	0	0	0
holistic	he651	364	0	4.377768	0	2	4	4.377768	0	0	0	0.951460	0.704284
holistic	he652	364	0	0	0	0	0	0	0	0	0	0	0
holistic	he653	364	4.588846	4.588846	7	7	11	4.588846	0	0	0	0	0
holistic	he654	364	0	0	0	0	7	0	0	0	0	7.227872	0
holistic	he655	364	0	0	0	0	3	0	0	0	0	0	0
holistic	he656	364	0	0	0	0	4	0	0	0	0	3.829658	0
conventional	ce822	364	0	35.401425	0	14	7	0.874499	13.101573	13.440473	7.984880	0	0
conventional	ce823	364	0	26.517018	0	14	7	2.084191	6.479910	6.828238	11.124679	0.476618	0
conventional	ce824	364	0	10.063259	0	14	7	1.944139	1.069701	3.410155	3.639264	0.858935	0
conventional	ce825	365	0	48.468968	0	14	7	1.358902	8.105237	23.587514	15.417315	0	0
conventional	ce826	365	0	17.222754	0	14	7	2.265039	1.640853	6.320034	6.996828	0	0
conventional	ce827	365	0	35.591639	0	14	7	1.493295	13.060385	11.539520	9.498439	0	0
conventional	ce828	365	1.651992	43.008446	1	14	7	2.289369	4.751821	15.559574	20.407682	0.480153	0
conventional	ce829	365	0	55.623253	0	14	7	7.535858	16.107665	16.587988	15.391742	0	0
conventional	ce830	366	0	36.720455	0	14	7	4.694623	12.610964	13.004030	6.410838	0.917740	0
conventional	ce831	366	0	11.581923	0	14	7	1.400678	2.341674	4.611632	3.227939	0.858935	0
conventional	ce832	366	0	41.314859	0	14	7	5.451307	12.883416	13.382169	9.597967	0.122654	0
conventional	ce833	366	0	36.291117	0	14	7	1.975125	13.348849	12.189064	8.778079	0	0
holistic	he657	367	0.294118	0.294118	1	1	2	0.294118	0	0	0	0	0
conventional	ce834	367	0	34.866073	0	14	7	1.123435	12.749637	9.934180	11.058821	0	0
conventional	ce835	367	0	40.556044	0	14	7	8.371626	6.658600	9.239882	16.285936	0	0
conventional	ce836	367	0	33.092007	0	14	7	7.715033	3.293398	14.616323	7.467253	0	0
holistic	he658	368	0	5.374430	0	3	2	5.374430	0	0	0	0	0
holistic	he659	368	0	0	0	0	4	0	0	0	0	1.668863	0
holistic	he660	368	0	0	0	0	7	0	0	0	0	0	0
holistic	he661	368	0.336695	0.336695	1	1	2	0.336695	0	0	0	0	0
conventional	ce837	368	0	41.669911	0	14	7	4.719177	5.646819	19.426476	11.877439	0	0
holistic	he662	369	0	0	0	0	5	0	0	0	0	0	0
holistic	he663	369	0	0	0	0	3	0	0	0	0	6.270648	0
conventional	ce838	369	0	14.291484	0	14	7	1.152855	2.985720	5.731594	4.421315	0	0
conventional	ce839	369	0	35.383902	0	14	7	3.523318	13.485949	11.649457	6.725178	0.917740	0
conventional	ce840	369	0	29.918762	0	14	7	2.795691	11.934326	7.248080	7.940665	1.085101	0
conventional	ce841	369	0	40.027120	0	14	7	5.388631	10.831222	15.605748	8.201519	1.191166	0
conventional	ce842	370	0	35.979795	0	14	7	2.763959	2.987297	21.571869	8.656670	0.122654	0
conventional	ce843	370	0	36.626003	0	14	7	2.662679	11.433827	12.417304	10.112193	0.917740	0
conventional	ce844	370	0	19.280794	0	14	7	3.064708	4.019433	9.094557	3.102096	1.044247	0
conventional	ce845	370	0	57.661963	0	14	7	9.917612	18.499084	13.020594	16.224673	0	0
conventional	ce846	371	0	23.636935	0	14	7	0.752510	14.567288	5.104972	3.212165	0.917740	0
holistic	he664	372	0	0	0	0	4	0	0	0	0	1.469953	0
conventional	ce847	372	0	41.406135	0	14	7	6.007057	8.561133	9.693056	17.144889	0	0
conventional	ce848	372	0	35.732707	0	14	7	8.984074	7.856711	7.444712	11.447210	1.023218	0
holistic	he665	373	0	0	0	0	5	0	0	0	0	3.110428	0
holistic	he666	373	0	0	0	0	2	0	0	0	0	3.352316	0
conventional	ce849	373	0	37.684988	0	14	7	4.652680	13.803384	6.762759	12.466165	1.085101	0
conventional	ce850	373	0	43.688421	0	14	7	5.522859	7.885880	13.345485	16.934197	0	0
conventional	ce851	374	0	35.164074	0	14	7	8.311616	9.841874	4.731549	12.279035	0.709653	0
conventional	ce852	374	0	38.077714	0	14	7	1.183886	9.741473	14.139297	13.013058	0	0
conventional	ce853	374	0	31.135000	0	14	7	4.712105	11.632643	9.436604	5.353648	0.917740	0
holistic	he667	375	0	0	0	0	10	0	0	0	0	3.416436	0
conventional	ce854	375	0	38.211409	0	14	7	13.042522	8.006131	7.706452	9.456304	0	0
holistic	he668	376	0	10.247716	0	14	6	10.247716	0	0	0	0	0
conventional	ce855	376	0	37.143752	0	14	7	7.879022	9.864694	12.747080	6.652956	0	0
conventional	ce856	377	0	24.288313	0	14	7	4.009679	9.749251	5.138467	5.390916	0.659135	0
conventional	ce857	377	0	34.428565	0	14	7	2.904430	4.832675	12.970804	13.720656	0	0
holistic	he669	378	0	0	0	0	1	0	0	0	0	0	0
holistic	he670	378	0	0	0	0	3	0	0	0	0	3.879035	0
conventional	ce858	378	0	40.051685	0	14	7	4.854405	6.397252	11.836643	16.963385	0	0
holistic	he671	379	0	0	0	0	3	0	0	0	0	1.469953	0
conventional	ce859	379	0	34.044540	0	14	7	7.162671	3.192937	13.220043	10.468889	0	0
holistic	he672	380	0	0	0	0	4	0	0	0	0	3.469205	0
holistic	he673	380	0	0	0	0	1	0	0	0	0	0	0
holistic	he674	380	0	11.714757	0	9	2	11.714757	0	0	0	0	0
holistic	he675	380	0.938905	0.938905	1	1	6	0.938905	0	0	0	0	0
conventional	ce860	380	0	35.753080	0	14	7	4.678001	8.723203	7.384119	14.967757	0.569876	0
conventional	ce861	380	0	44.033529	0	14	7	13.105469	8.298407	11.621353	11.008300	0	0
conventional	ce862	381	0	34.991335	0	14	7	4.563407	6.928963	8.259576	15.239389	1.554078	0
conventional	ce863	381	0	33.638784	0	14	7	11.465441	7.471251	5.524573	9.177519	0	0
holistic	he676	382	0	0	0	0	21	0	0	0	0	0	0
conventional	ce864	382	0	49.293482	0	14	7	5.542436	10.307291	19.364388	14.079367	0	0
holistic	he677	383	0	0	0	0	1	0	0	0	0	1.643462	0
holistic	he678	383	0	0	0	0	2	0	0	0	0	3.416436	0
holistic	he679	383	0.292199	3.583706	1	1	2	3.583706	0	0	0	0	0
holistic	he680	383	0	0	0	0	4	0	0	0	0	2.023941	0
holistic	he681	384	0	0	0	0	6	0	0	0	0	10.898947	0
holistic	he682	384	0	0	0	0	1	0	0	0	0	0	0
holistic	he683	384	0	0	0	0	5	0	0	0	0	4.250414	0
holistic	he684	384	0	0	0	0	8	0	0	0	0	8.433650	0
holistic	he685	384	0	0	0	0	26	0	0	0	0	0	0
conventional	ce865	384	0	39.846444	0	14	7	5.566382	10.129052	9.531918	14.619092	0	0
conventional	ce866	384	0	33.436013	0	14	7	1.006125	7.493168	12.961336	11.975384	0	0
holistic	he686	385	0	0	0	0	3	0	0	0	0	1.802152	0
holistic	he687	385	0	0	0	0	2	0	0	0	0	0	0
conventional	ce867	385	0.545457	16.541840	1	14	7	3.123647	3.932983	6.164138	3.321072	1.044247	0
holistic	he688	386	0	0	0	0	2	0	0	0	0	0.865018	0
holistic	he689	386	0	0	0	0	1	0	0	0	0	0	0
conventional	ce868	386	0	34.943632	0	14	7	4.994638	10.441692	7.997409	11.509893	0	0
holistic	he690	387	0	0	0	0	8	0	0	0	0	8.348926	0
conventional	ce869	387	0	46.688719	0	14	7	11.267982	9.547887	16.015100	9.857750	0	0
holistic	he691	388	0	0	0	0	2	0	0	0	0	0.865018	0
holistic	he692	389	0	4.377768	0	2	4	4.377768	0	0	0	0.951460	0.673882
conventional	ce870	389	0	41.689433	0	14	7	2.950542	13.695177	16.147274	8.896440	0.917740	0
conventional	ce871	389	0	47.252450	0	14	7	11.572229	9.797945	17.838292	8.043984	0	0
holistic	he693	390	0	0	0	0	8	0	0	0	0	0	0
holistic	he694	391	0	0	0	0	2	0	0	0	0	3.913285	0
holistic	he695	391	0	0	0	0	1	0	0	0	0	0	0
conventional	ce872	391	0.545457	17.087557	1	14	7	3.123647	3.932983	6.458190	3.572737	1.044247	0
holistic	he696	392	0	0	0	0	8	0	0	0	0	5.742982	0
holistic	he697	392	0	0	0	0	4	0	0	0	0	4.711887	0
conventional	ce873	392	0	36.996199	0	14	7	8.082415	5.327609	13.812887	9.773288	1.731042	0
holistic	he698	393	0.336695	0.336695	1	1	2	0.336695	0	0	0	0	0
conventional	ce874	393	0	31.573447	0	14	7	6.966373	3.868108	13.079003	7.659963	0	0
holistic	he699	394	0	0	0	0	1	0	0	0	0	1.708218	0
holistic	he700	394	0.336695	0.336695	1	1	2	0.336695	0	0	0	0	0
conventional	ce875	394	0	46.516384	0	14	7	12.530351	10.509301	14.760020	8.716712	0	0
conventional	ce876	394	0	43.715557	0	14	7	4.072140	5.861082	19.459689	14.322646	0	0
holistic	he701	395	0	0	0	0	2	0	0	0	0	3.352316	0
conventional	ce877	395	0	31.336855	0	14	7	1.945485	10.006972	12.495429	6.888969	0.834196	0
conventional	ce878	395	0	30.122983	0	14	7	3.139188	6.489537	8.573063	11.921195	0.476618	0
conventional	ce879	395	0	14.879335	0	14	7	0.603888	3.327342	5.512255	5.435850	0.947318	0
conventional	ce880	396	0	33.413880	0	14	7	5.074060	6.724381	4.224821	17.390618	0	0
holistic	he702	397	0	0	0	0	1	0	0	0	0	1.822218	0
holistic	he703	397	0	0	0	0	5	0	0	0	0	10.842290	0
conventional	ce881	397	0	28.098139	0	14	7	5.571278	4.885642	4.970133	12.671086	0	0
conventional	ce882	397	0	37.142151	0	14	7	15.810226	8.638750	7.051003	5.642172	0	0
conventional	ce883	397	0	32.815265	0	14	7	0.867292	12.524989	11.191765	8.231219	1.085101	0
conventional	ce884	397	0	32.259883	0	14	7	4.253349	5.454246	14.692716	7.859572	0	0
holistic	he704	398	0.336695	0.336695	1	1	2	0.336695	0	0	0	0	0
holistic	he705	398	0	0	0	0	3	0	0	0	0	0.926623	0
holistic	he706	398	1.525476	1.525476	6	6	12	1.525476	0	0	0	0	0
holistic	he707	399	0	0	0	0	4	0	0	0	0	1.469953	0
conventional	ce885	399	0	11.806589	0	14	7	1.721477	3.294142	4.884508	1.906462	0.858935	0
conventional	ce886	400	0	64.499162	0	14	7	9.886166	19.021649	15.421629	20.169718	0	0
conventional	ce887	400	0	10.260965	0	14	7	0.910221	2.160280	3.726849	3.463615	0.947318	0
conventional	ce888	400	0	41.056143	0	14	7	11.121424	4.851471	12.894740	12.188508	0	0
conventional	ce889	400	0	39.207759	0	14	7	8.180139	11.488232	6.727535	12.811853	0.709653	0
holistic	he708	401	0	0	0	0	2	0	0	0	0	0	0
holistic	he709	402	0	18.973044	0	9	11	18.973044	0	0	0	2.854380	0.673882
conventional	ce890	402	0	42.171811	0	14	7	1.545326	15.624113	11.801609	13.200763	0	0
conventional	ce891	403	0	40.573589	0	14	7	8.128225	4.934211	5.977843	21.533310	0	0
conventional	ce892	404	0	44.357928	0	14	7	6.207890	12.381801	16.507122	9.261115	0.917740	0
holistic	he710	405	0	0	0	0	5	0	0	0	0	0	0
conventional	ce893	405	0	35.455747	0	14	7	3.171619	14.288567	10.583271	7.412290	1.109626	0
conventional	ce894	406	0	40.427719	0	14	7	6.645841	6.970550	9.264937	17.546391	1.568526	0
holistic	he711	407	0	0	0	0	1	0	0	0	0	3.879035	0
conventional	ce895	407	0	56.320579	0	14	7	9.923539	18.985930	13.507155	13.903955	0	0
conventional	ce896	407	0	34.248036	0	14	7	5.945832	11.774309	9.885744	6.642151	0.466700	0
holistic	he712	408	0	0	0	0	7	0	0	0	0	10.024718	0
conventional	ce897	408	0	12.365999	0	14	7	1.614480	2.901191	5.045806	2.804522	0	0
conventional	ce898	408	0	70.200233	0	14	7	11.986679	22.137409	17.809771	18.266374	0	0
conventional	ce899	409	0	30.114952	0	14	7	2.650859	9.585046	8.151072	9.727975	1.085101	0
conventional	ce900	409	0	28.218881	0	14	7	5.375516	1.508462	8.439463	12.895440	1.554078	0
holistic	he713	410	0	0	0	0	0	0	0	0	0	0	0
conventional	ce901	410	0	16.722798	0	14	7	2.259643	1.254396	6.485542	6.723217	0	0
conventional	ce902	410	0	37.583984	0	14	7	8.538219	9.864694	12.397614	6.783457	0	0
conventional	ce903	412	0	44.284285	0	14	7	5.027514	9.803447	16.028373	13.424951	0	0
conventional	ce904	412	0	33.463315	0	14	7	6.355209	6.313833	3.987067	16.807206	0.092472	0
conventional	ce905	412	0	34.870382	0	14	7	7.840666	6.938935	5.681065	14.409716	0	0
conventional	ce906	413	0.545457	45.196607	1	14	7	4.420964	14.054901	12.118527	14.602215	1.044247	0
conventional	ce907	413	0	33.836800	0	14	7	5.037078	10.817501	12.862753	5.119468	0.917740	0
holistic	he714	414	0.590485	0.590485	1	1	2	0.590485	0	0	0	0	0
conventional	ce908	414	0	30.920361	0	14	7	3.722324	6.525631	8.697784	11.974622	1.554078	0
conventional	ce909	414	0.020223	72.687758	1	14	7	16.064762	22.496159	16.261608	17.865229	0	0
holistic	he715	415	0	0	0	0	6	0	0	0	0	1.637969	0
holistic	he716	415	0	0	0	0	1	0	0	0	0	0	0
conventional	ce910	415	0	16.733432	0	14	7	2.038521	7.387515	1.777266	5.530130	0.476618	0
holistic	he717	416	0	0	0	0	4	0	0	0	0	0.351201	0
conventional	ce911	416	0	32.762925	0	14	7	7.699873	1.067647	12.742458	11.252947	0	0
conventional	ce912	417	0	58.850631	0	14	7	10.991893	17.428662	13.720534	16.709542	0	0
conventional	ce913	418	0	25.154965	0	14	7	8.074708	3.198196	4.135345	9.746716	0	0
conventional	ce914	419	0	36.502364	0	14	7	4.465684	11.511488	8.206957	12.318235	0	0
conventional	ce915	419	0	10.224184	0	14	7	1.137441	2.060318	3.151134	3.875291	0.947318	0
conventional	ce916	419	0	32.346417	0	14	7	4.172288	6.451255	14.033652	7.689222	1.661780	0
conventional	ce917	419	0	25.759110	0	14	7	6.414305	8.777592	3.273059	7.294154	0.874640	0
holistic	he718	420	0	0	0	0	3	0	0	0	0	0	0
holistic	he719	420	0	0	0	0	3	0	0	0	0	3.882263	0
holistic	he720	420	0	0	0	0	5	0	0	0	0	4.830120	0
holistic	he721	420	1.865484	1.865484	2	2	4	1.865484	0	0	0	0	0
holistic	he722	420	0	0	0	0	1	0	0	0	0	1.822218	0
holistic	he723	420	0	0	0	0	2	0	0	0	0	3.352316	0
holistic	he724	420	0	0	0	0	12	0	0	0	0	8.166358	0
holistic	he725	420	0.938905	0.938905	1	1	6	0.938905	0	0	0	0	0
holistic	he726	420	0	0	0	0	1	0	0	0	0	4.683677	0
holistic	he727	420	0	0	0	0	0	0	0	0	0	0	0
holistic	he728	420	0	0	0	0	1	0	0	0	0	0	0
holistic	he729	420	0	0	0	0	7	0	0	0	0	10.024718	0
conventional	ce918	420	0	49.890954	0	14	7	14.804134	8.283004	16.000895	10.802921	0	0
conventional	ce919	420	0	35.710484	0	14	7	4.793751	7.037352	4.638161	19.241220	0	0
conventional	ce920	420	0	27.018693	0	14	7	6.040417	9.340436	4.092976	7.544864	0.874640	0
conventional	ce921	420	0	29.351712	0	14	7	5.401167	3.299402	11.055726	9.595417	0	0
conventional	ce922	420	0	37.062260	0	14	7	9.255570	8.020294	6.175484	13.610912	0	0
conventional	ce923	420	0	37.440513	0	14	7	3.543522	6.976368	11.811499	15.109124	1.554078	0
conventional	ce924	420	0	34.169201	0	14	7	3.848084	12.031575	11.619770	6.669772	0.917740	0
conventional	ce925	420	0	32.194052	0	14	7	4.382257	9.837348	9.129163	8.845284	0	0
conventional	ce926	420	0	56.775488	0	14	7	7.306435	18.474948	16.549862	14.444243	0	0
conventional	ce927	420	0	32.331848	0	14	7	5.566933	5.535734	5.640611	15.588570	0	0
conventional	ce928	420	0	34.813258	0	14	7	3.798419	6.186791	16.442015	8.386033	0	0
conventional	ce929	421	0	55.835945	0	14	7	7.761082	17.465931	16.671224	13.937708	0	0
conventional	ce930	421	0	12.003305	0	14	7	1.495680	2.350032	4.413592	3.744001	0.635500	0
conventional	ce931	421	0	34.579674	0	14	7	2.335584	6.504337	6.733048	19.006705	0	0
conventional	ce932	422	0	35.544225	0	14	7	1.463827	14.154170	10.481390	9.444838	0	0
conventional	ce933	422	2.129545	22.958347	1	14	7	2.911641	5.035064	10.812594	4.199048	1.044247	0
conventional	ce934	422	0	35.532798	0	14	7	4.750938	6.429716	15.095635	9.256509	0	0
conventional	ce935	422	0	23.541877	0	14	7	6.336049	5.597340	5.103502	6.504986	0.874640	0
conventional	ce936	423	0	31.472459	0	14	7	1.634203	11.410470	11.820479	6.607307	0	0
conventional	ce937	423	0	33.457282	0	14	7	3.865752	9.726576	10.222252	9.642702	0	0
conventional	ce938	423	0	56.378051	0	14	7	9.594813	18.313405	12.355711	16.114122	0	0
holistic	he730	424	0	0	0	0	2	0	0	0	0	2.656261	0
holistic	he731	424	0	0	0	0	4	0	0	0	0	0.865018	0
holistic	he732	424	0	0	0	0	20	0	0	0	0	10.159642	0
holistic	he733	424	0	8.432464	0	4	10	8.432464	0	0	0	2.149710	1.497652
holistic	he734	424	0	0	0	0	10	0	0	0	0	8.421634	0
holistic	he735	424	0	0	0	0	4	0	0	0	0	1.683778	0
conventional	ce939	424	0	34.311125	0	14	7	4.710259	12.752468	11.201651	5.646747	0.758972	0
conventional	ce940	424	0	57.530219	0	14	7	8.415697	20.258974	16.263491	12.592057	0	0
conventional	ce941	425	0.325282	38.043346	1	14	7	8.655776	6.037357	5.311677	18.038536	0	0
conventional	ce942	425	0	49.607016	0	14	7	6.368700	19.037794	15.470576	8.729946	0	0
conventional	ce943	425	0	66.308141	0	14	7	8.207246	21.942765	17.248722	18.909408	0	0
conventional	ce944	425	0	10.597233	0	14	7	1.274418	2.250871	4.448529	2.623415	0	0
conventional	ce945	425	0	31.386649	0	14	7	3.808839	6.927657	8.753445	11.896708	0.476618	0
conventional	ce946	425	0.545457	19.785566	1	14	7	5.083573	3.871971	7.910656	2.919366	1.044247	0
conventional	ce947	426	0	32.946640	0	14	7	6.864934	7.302202	4.950240	13.829264	1.133810	0
conventional	ce948	426	0	23.917931	0	14	7	4.026595	5.864056	4.631831	9.395449	0	0
conventional	ce949	426	0	35.611273	0	14	7	4.664892	10.444553	12.045450	8.456378	0	0
conventional	ce950	426	0	67.123686	0	14	7	11.555899	17.525038	16.918974	21.123775	0	0
holistic	he736	427	0	5.392022	0	3	2	5.392022	0	0	0	0	0
conventional	ce951	427	0	70.825551	0	14	7	12.575751	20.737194	16.819130	20.693476	0	0
holistic	he737	428	0	0	0	0	1	0	0	0	0	0	0
holistic	he738	428	0	0	0	0	5	0	0	0	0	0	0
holistic	he739	428	0	0	0	0	0	0	0	0	0	0	0
holistic	he740	428	0	0	0	0	1	0	0	0	0	1.822218	0
conventional	ce952	428	0	13.765076	0	14	7	1.379833	3.934645	4.923614	3.526984	0	0
conventional	ce953	428	0	31.343851	0	14	7	4.620742	11.005511	8.123053	7.594545	0.917740	0
holistic	he741	429	0	0	0	0	1	0	0	0	0	0	0
conventional	ce954	429	0	45.072930	0	14	7	2.933983	5.302387	22.891780	13.944780	1.554078	0
conventional	ce955	429	0	10.475850	0	14	7	1.380824	1.249413	3.462078	4.383535	0	0
conventional	ce956	429	0	34.758671	0	14	7	5.833041	6.277594	4.445327	18.202709	0.569876	0
conventional	ce957	430	0	12.816291	0	14	7	0.697539	2.705342	3.917281	5.496129	0.947318	0
conventional	ce958	430	0	63.318920	0	14	7	17.765333	7.032911	26.454815	12.065861	1.554078	0
conventional	ce959	430	0	28.919466	0	14	7	6.071505	9.554688	5.553563	7.739710	0.874640	0
conventional	ce960	431	0	56.026972	0	14	7	9.487209	17.789773	12.101530	16.648460	0	0
conventional	ce961	432	0	36.064652	0	14	7	4.561888	6.815298	11.496469	13.190997	1.554078	0
conventional	ce962	432	0	30.671379	0	14	7	3.310608	6.709758	8.694357	11.956656	0.031519	0
holistic	he742	433	0	0	0	0	1	0	0	0	0	0	0
holistic	he743	433	0	0	0	0	2	0	0	0	0	0	0
holistic	he744	433	0	0	0	0	7	0	0	0	0	6.360804	0
holistic	he745	434	0	0	0	0	1	0	0	0	0	4.538506	0
conventional	ce963	434	0	27.497515	0	14	7	0.864039	5.300317	9.868714	11.464445	0	0
conventional	ce964	434	1.361229	15.261229	1	14	7	2.582559	3.077478	6.543962	3.057230	0.858291	0
conventional	ce965	434	0	69.387057	0	14	7	11.234035	15.779204	21.080066	21.293752	0	0
holistic	he746	435	0	0	0	0	3	0	0	0	0	0	0
holistic	he747	435	0	0	0	0	3	0	0	0	0	1.802152	0
conventional	ce966	435	0	45.184490	0	14	7	4.723741	10.034790	13.982854	16.443105	0	0
conventional	ce967	435	0	38.647752	0	14	7	6.043948	6.817566	6.744896	19.041342	0	0
conventional	ce968	436	0	56.857480	0	14	7	6.835721	24.008012	16.846543	9.167204	0	0
holistic	he748	437	0	0	0	0	11	0	0	0	0	3.469205	0
conventional	ce969	437	0	34.475025	0	14	7	5.250484	9.056463	9.077818	11.090260	0	0
holistic	he749	438	0	0	0	0	5	0	0	0	0	1.647317	0
holistic	he750	438	0	0	0	0	2	0	0	0	0	1.802152	0
holistic	he751	439	0	0	0	0	3	0	0	0	0	0	0
holistic	he752	439	0	0	0	0	2	0	0	0	0	3.416436	0
conventional	ce970	439	0	16.301837	0	14	7	2.146894	2.031236	6.054883	6.068824	0.947318	0
holistic	he753	440	0	0	0	0	3	0	0	0	0	1.802152	0
holistic	he754	440	0	0	0	0	3	0	0	0	0	2.567757	0
holistic	he755	440	0.336695	0.336695	1	1	2	0.336695	0	0	0	0	0
holistic	he756	440	0	0	0	0	4	0	0	0	0	0	0.673882
holistic	he757	440	0	0	0	0	2	0	0	0	0	0.865018	0
conventional	ce971	440	0	34.651584	0	14	7	6.455154	6.247656	4.645409	17.303365	0.424878	0
holistic	he758	441	0	0	0	0	4	0	0	0	0	4.711887	0
conventional	ce972	441	0	30.866883	0	14	7	6.022190	4.196792	11.429383	9.218518	0	0
conventional	ce973	441	0	48.035765	0	14	7	8.125096	9.483538	9.907742	20.519389	0	0
holistic	he759	442	0	0	0	0	2	0	0	0	0	0	0
conventional	ce974	442	0	34.504153	0	14	7	3.769058	5.681496	17.542911	7.510688	0	0
holistic	he760	443	0	0	0	0	13	0	0	0	0	3.163234	0
holistic	he761	443	0	0	0	0	1	0	0	0	0	4.683677	0
holistic	he762	443	0.336695	0.336695	1	1	2	0.336695	0	0	0	0	0
holistic	he763	443	0.336695	0.336695	1	1	2	0.336695	0	0	0	0	0
holistic	he764	443	0	0	0	0	1	0	0	0	0	1.822218	0
holistic	he765	443	0	0	0	0	3	0	0	0	0	1.802152	0
holistic	he766	444	0	0	0	0	4	0	0	0	0	1.428057	0
holistic	he767	444	0	0	0	0	5	0	0	0	0	5.092564	0
holistic	he768	444	0	0	0	0	4	0	0	0	0	0.351201	0
holistic	he769	444	0.336695	0.336695	1	1	2	0.336695	0	0	0	0	0
conventional	ce975	444	0	37.305660	0	14	7	7.933031	8.370914	7.452241	13.549474	0	0
holistic	he770	445	0	0	0	0	1	0	0	0	0	4.384683	0
holistic	he771	445	0	0	0	0	10	0	0	0	0	8.248231	0
conventional	ce976	445	0	45.602441	0	14	7	4.998550	13.303482	14.391075	12.909334	0	0
conventional	ce977	445	0	46.849213	0	14	7	11.927349	10.328183	18.303143	6.290538	0	0
holistic	he772	446	0	0	0	0	6	0	0	0	0	5.660766	0
holistic	he773	446	0	0	0	0	1	0	0	0	0	4.683677	0
conventional	ce978	446	0	24.626862	0	14	7	2.071631	9.507509	5.887690	7.160032	0.874640	0
holistic	he774	447	0.938905	0.938905	1	1	7	0.938905	0	0	0	0	0
conventional	ce979	448	0	33.536810	0	14	7	5.793096	4.724594	13.058379	9.960741	0.197040	0
holistic	he775	449	0	0	0	0	4	0	0	0	0	1.428057	0
conventional	ce980	449	0	54.151831	0	14	7	9.144408	16.745971	12.608204	15.653248	0	0
conventional	ce981	449	0	50.508823	0	14	7	4.505921	13.296868	23.718030	8.988004	0.874640	0
conventional	ce982	449	0	37.335100	0	14	7	4.820236	8.293201	16.621241	7.600422	0	0
holistic	he776	451	0	0	0	0	1	0	0	0	0	3.879035	0
holistic	he777	451	0	0	0	0	2	0	0	0	0	3.259030	0
holistic	he778	452	0	0	0	0	1	0	0	0	0	0	0
holistic	he779	452	0	0	0	0	0	0	0	0	0	0	0
conventional	ce983	452	0	37.385780	0	14	7	9.039866	5.838984	7.728542	14.778388	0	0
holistic	he780	453	0	8.954899	0	5	2	8.954899	0	0	0	0	0
holistic	he781	454	0	0	0	0	4	0	0	0	0	1.469953	0
conventional	ce984	454	0	25.290110	0	14	7	6.622181	5.520275	4.206735	8.940919	0.874640	0
holistic	he782	455	0	0	0	0	1	0	0	0	0	0	0
conventional	ce985	455	0	58.556074	0	14	7	10.404642	18.859541	13.472829	15.819062	0	0
holistic	he783	456	0	0	0	0	4	0	0	0	0	0.812260	0
conventional	ce986	456	0	28.704653	0	14	7	5.509680	10.356707	4.892753	7.945513	0.874640	0
conventional	ce987	456	0	46.563970	0	14	7	3.535989	5.480166	23.578540	13.969275	1.554078	0
holistic	he784	457	0	0	0	0	2	0	0	0	0	1.919286	0
holistic	he785	457	0	0	0	0	4	0	0	0	0	1.428057	0
holistic	he786	457	0	0	0	0	2	0	0	0	0	3.352316	0
conventional	ce988	457	0	42.858270	0	14	7	4.109040	6.607360	20.161340	11.980530	1.554078	0
conventional	ce989	457	0	35.255101	0	14	7	6.461197	5.004484	13.535532	10.253888	0	0
conventional	ce990	457	0	24.719276	0	14	7	4.356108	6.076511	5.824114	8.462543	0	0
holistic	he787	458	0	0	0	0	2	0	0	0	0	3.644436	0
holistic	he788	458	0	0	0	0	4	0	0	0	0	1.469953	0
holistic	he789	458	0.336695	0.336695	1	1	2	0.336695	0	0	0	0	0
conventional	ce991	458	0	34.655397	0	14	7	9.615987	5.036322	6.359805	13.643283	0	0
conventional	ce992	458	0	57.023882	0	14	7	10.024182	18.800361	11.846988	16.352351	0	0
holistic	he790	459	0	0	0	0	6	0	0	0	0	4.579425	0
conventional	ce993	459	0	30.341942	0	14	7	6.262240	5.469628	4.813752	13.796322	1.133810	0
holistic	he791	460	0.336695	0.336695	1	1	2	0.336695	0	0	0	0	0
conventional	ce994	460	0	65.606047	0	14	7	11.268391	18.771044	16.888902	18.677710	0	0
conventional	ce995	460	0	31.100706	0	14	7	4.442803	9.840641	8.236863	8.580399	0	0
conventional	ce996	460	0	55.902846	0	14	7	10.418619	16.598811	12.485851	16.399565	0	0
conventional	ce997	460	0	20.151243	0	14	7	5.880460	5.320951	2.648320	6.301512	0.874640	0
holistic	he792	461	0	0	0	0	4	0	0	0	0	0.351201	0
holistic	he793	462	0	0	0	0	2	0	0	0	0	1.453545	0
conventional	ce998	462	0	31.777382	0	14	7	4.077774	7.241323	9.357936	11.100349	1.860343	0
conventional	ce999	463	0	54.913800	0	14	7	9.564257	17.823782	12.432470	15.093291	0	0
conventional	ce1000	464	0	49.698512	0	14	7	7.114562	18.890016	13.408781	10.285153	0.359249	0
conventional	ce1001	464	0	15.079192	0	14	7	2.154662	2.187037	5.804787	4.932706	0	0
conventional	ce1002	464	0	26.217110	0	14	7	7.922223	4.081201	4.539041	9.674645	0	0
holistic	he794	467	0	0	0	0	1	0	0	0	0	1.822218	0
conventional	ce1003	467	0	23.286616	0	14	7	6.412056	5.905524	7.484156	3.484880	0.874640	0
holistic	he795	468	0	0	0	0	1	0	0	0	0	1.822218	0
conventional	ce1004	468	0	37.306661	0	14	7	4.300512	11.747487	14.699736	6.558926	0.758972	0
conventional	ce1005	468	0	28.308405	0	14	7	5.564880	2.364565	11.227085	9.151875	0	0
conventional	ce1006	470	0	24.668892	0	14	7	5.864316	7.680911	5.081838	6.041827	0.874640	0
holistic	he796	471	0	0	0	0	6	0	0	0	0	1.469953	0
conventional	ce1007	471	0	32.672360	0	14	7	4.069844	9.543638	10.015224	9.043654	0	0
conventional	ce1008	472	0	15.698067	0	14	7	1.958833	4.380238	7.013767	2.345229	0	0
conventional	ce1009	472	1.361229	15.165453	1	14	7	2.445412	2.810533	6.909848	2.999660	0.472329	0
conventional	ce1010	473	0	43.693224	0	14	7	11.819036	7.893609	16.704726	7.275853	0	0
holistic	he797	474	0	0	0	0	1	0	0	0	0	3.046199	0
holistic	he798	474	0	0	0	0	2	0	0	0	0	0	0
conventional	ce1011	474	0	12.411297	0	14	7	1.412056	2.020407	4.557560	4.421274	0.323132	0
conventional	ce1012	474	0	40.649115	0	14	7	4.911720	7.398902	13.363629	14.974864	0	0
conventional	ce1013	474	0	41.829839	0	14	7	6.173137	8.701706	9.578255	17.376741	0	0
conventional	ce1014	474	0	27.807508	0	14	7	5.541072	2.201883	10.787783	9.276770	0	0
holistic	he799	475	0	0	0	0	1	0	0	0	0	0	0
holistic	he800	475	0	0	0	0	4	0	0	0	0	5.092564	0
conventional	ce1015	475	0	34.574041	0	14	7	7.695161	2.724986	11.669378	12.484516	0	0
holistic	he801	476	0	3.184103	0	1	2	3.184103	0	0	0	0	0
conventional	ce1016	476	0	35.927560	0	14	7	6.576700	8.877147	5.693004	14.780709	1.133810	0
conventional	ce1017	477	0	60.100422	0	14	7	10.886435	16.868930	15.187660	17.157397	0	0
conventional	ce1018	478	0	56.874282	0	14	7	10.683152	16.605258	15.034716	14.551156	0	0
holistic	he802	479	0	0	0	0	2	0	0	0	0	3.644436	0
conventional	ce1019	479	0	40.039441	0	14	7	5.404587	8.508255	17.601339	8.525260	0.685180	0
conventional	ce1020	479	0	25.055847	0	14	7	6.000370	7.802950	3.275446	7.977081	0.734837	0
conventional	ce1021	479	0	9.784606	0	14	7	1.557679	1.455111	5.266009	1.505807	0	0
holistic	he803	480	0	0	0	0	2	0	0	0	0	1.453545	0
holistic	he804	480	0	0	0	0	0	0	0	0	0	0	0
holistic	he805	480	0	0	0	0	1	0	0	0	0	1.822218	0
holistic	he806	480	0	0	0	0	6	0	0	0	0	4.578476	0
holistic	he807	480	0	0	0	0	6	0	0	0	0	3.604304	0
holistic	he808	480	0	0	0	0	4	0	0	0	0	1.469953	0
holistic	he809	480	0	0	0	0	2	0	0	0	0	0	0
holistic	he810	480	0	0	0	0	1	0	0	0	0	1.822218	0
holistic	he811	480	0	0	0	0	1	0	0	0	0	0	0
conventional	ce1022	480	0	29.857480	0	14	7	5.144207	1.973942	12.753683	9.985648	0	0
conventional	ce1023	480	0	35.441597	0	14	7	6.955088	4.336594	11.119114	13.030801	0	0
conventional	ce1024	480	0	24.419242	0	14	7	5.045694	8.884472	3.697045	6.792031	0.874640	0
conventional	ce1025	480	0	17.249228	0	14	7	2.035777	2.078714	6.361131	6.773606	0	0
conventional	ce1026	480	0	41.224557	0	14	7	6.712466	7.233411	8.169049	19.109631	0	0
conventional	ce1027	480	0	33.318936	0	14	7	5.559713	5.210568	12.993236	9.555419	0	0
conventional	ce1028	480	0	36.188673	0	14	7	6.524528	5.524620	11.064049	13.075476	0	0
conventional	ce1029	480	0	14.957773	0	14	7	2.163463	2.177639	5.662388	4.954283	0	0
conventional	ce1030	480	0	57.657934	0	14	7	6.875551	25.186360	16.303125	9.292898	0	0
conventional	ce1031	480	0	33.598315	0	14	7	4.474822	8.776896	9.098410	11.248187	0	0
conventional	ce1032	481	0	30.738641	0	14	7	3.819130	6.754982	9.222108	10.942421	0.031519	0
conventional	ce1033	481	0	69.133005	0	14	7	10.811098	16.832314	16.665972	24.823621	0	0
conventional	ce1034	482	0	34.444703	0	14	7	6.693408	9.312619	10.138300	8.300376	0.874640	0
conventional	ce1035	482	0	36.119222	0	14	7	5.303142	9.456801	10.766477	10.592802	0	0
conventional	ce1036	482	0	34.047698	0	14	7	5.485508	6.610862	12.624294	9.327034	0	0
conventional	ce1037	482	1.556726	10.572624	1	14	7	1.528656	0.949904	6.193022	1.901042	0.858291	0
conventional	ce1038	483	0	35.781533	0	14	7	1.353121	7.358302	18.833265	8.236845	0	0
conventional	ce1039	483	0	42.916413	0	14	7	5.675927	6.618987	20.948368	9.673131	0	0
conventional	ce1040	483	0	33.481389	0	14	7	3.413195	6.945821	15.348931	7.773442	0	0
conventional	ce1041	483	0	25.832517	0	14	7	4.100268	5.960129	6.772378	8.999742	0	0
holistic	he812	484	0	0	0	0	1	0	0	0	0	2.819298	0
holistic	he813	484	0	0	0	0	4	0	0	0	0	0.351201	0
holistic	he814	484	0	0	0	0	6	0	0	0	0	6.364828	0
holistic	he815	484	0	0	0	0	1	0	0	0	0	1.829099	0
holistic	he816	484	0	0	0	0	4	0	0	0	0	0.812260	0
holistic	he817	484	0	0	0	0	6	0	0	0	0	4.465414	0
conventional	ce1042	484	0	38.096007	0	14	7	6.947365	8.370914	8.735542	14.042186	0	0
conventional	ce1043	484	0	32.363726	0	14	7	5.985294	3.562770	13.202805	9.612857	0	0
conventional	ce1044	484	0	48.932506	0	14	7	6.580824	5.602125	22.038665	14.710892	1.554078	0
conventional	ce1045	484	0	23.381074	0	14	7	5.964265	4.164343	6.659243	6.593223	0.874640	0
conventional	ce1046	484	0	66.160585	0	14	7	11.024652	16.691145	16.717626	21.727162	0	0
conventional	ce1047	485	0	26.548747	0	14	7	6.307178	9.992980	4.600772	5.647817	0.874640	0
conventional	ce1048	485	0	48.203613	0	14	7	4.642527	9.056945	19.754646	14.749495	1.505221	0
conventional	ce1049	485	0	39.333151	0	14	7	4.971509	8.501332	18.378310	7.482000	0	0
conventional	ce1050	485	0	47.287672	0	14	7	3.348750	6.007691	21.991975	15.939256	1.554078	0
holistic	he818	486	0	0	0	0	1	0	0	0	0	4.908622	0
conventional	ce1051	486	0	34.054294	0	14	7	6.085461	9.526325	10.105034	8.337474	0	0
conventional	ce1052	486	0	46.698844	0	14	7	7.822988	10.470342	7.702623	20.702891	0	0
conventional	ce1053	486	0	34.413276	0	14	7	4.744171	6.858956	12.995434	9.814715	0	0
conventional	ce1054	486	0	43.485604	0	14	7	5.696719	5.480923	24.597271	7.710691	0.874640	0
conventional	ce1055	486	1.361229	14.424620	1	14	7	3.241880	2.512614	5.544291	3.125835	0.858291	0
conventional	ce1056	486	0	21.850410	0	14	7	2.007714	1.985618	8.149525	9.707553	0	0
holistic	he819	487	0	0	0	0	4	0	0	0	0	2.298128	0
holistic	he820	487	0	0	0	0	10	0	0	0	0	8.260375	0
conventional	ce1057	487	0	50.016723	0	14	7	7.063535	11.479420	14.423687	17.050081	0	0
holistic	he821	488	0	0	0	0	1	0	0	0	0	1.536120	0
holistic	he822	488	0	0	0	0	3	0	0	0	0	2.000268	0
holistic	he823	488	0	0	0	0	1	0	0	0	0	2.634587	0
holistic	he824	488	0	0	0	0	2	0	0	0	0	0.757356	0
conventional	ce1058	488	0	56.920318	0	14	7	7.221562	8.407679	19.534153	21.756924	0	0
conventional	ce1059	488	0	59.199431	0	14	7	8.873780	17.431791	13.712562	19.181298	0	0
conventional	ce1060	489	0	58.236640	0	14	7	9.956463	17.323216	12.823535	18.133426	0	0
conventional	ce1061	490	0	50.660102	0	14	7	6.191274	16.391710	15.887149	12.189969	0	0
conventional	ce1062	490	0	23.697353	0	14	7	2.285502	2.055432	8.956027	10.400392	0	0
conventional	ce1063	491	0	14.065973	0	14	7	2.582559	2.981187	6.668201	1.834026	0	0
conventional	ce1064	491	0	36.712791	0	14	7	5.582406	6.005627	13.177372	11.947386	0	0
conventional	ce1065	491	0	39.686492	0	14	7	4.485247	10.544750	14.701363	9.955132	0	0
conventional	ce1066	491	0	36.078734	0	14	7	6.496153	4.721547	14.031147	10.829887	0	0
conventional	ce1067	492	0	42.873339	0	14	7	6.162237	9.319183	9.905353	17.486566	0	0
conventional	ce1068	492	1.441929	18.153947	1	14	7	3.037014	1.960481	8.088452	5.068000	0.804947	0
conventional	ce1069	492	0	28.882772	0	14	7	5.174930	2.224506	12.147234	9.336102	0	0
conventional	ce1070	492	0	35.257730	0	14	7	5.911802	3.374292	13.408898	12.562738	0.197040	0
conventional	ce1071	492	0	36.414512	0	14	7	6.961153	6.153247	12.660309	10.639803	0.751650	0
holistic	he825	493	0	0	0	0	5	0	0	0	0	5.092564	0
holistic	he826	493	0	0	0	0	1	0	0	0	0	0	0
conventional	ce1072	493	0	32.173018	0	14	7	4.637433	9.975704	9.329569	8.230312	0	0
conventional	ce1073	493	0	50.661827	0	14	7	3.917869	23.207133	10.135644	13.401181	0	0
conventional	ce1074	493	0	34.946991	0	14	7	6.462524	5.057203	12.397604	11.029660	0	0
conventional	ce1075	493	0	35.981829	0	14	7	4.759937	7.861962	10.184626	13.175304	0	0
conventional	ce1076	493	0	38.719779	0	14	7	11.554669	7.588970	8.918163	10.657977	0	0
conventional	ce1077	494	0	47.830384	0	14	7	3.739016	15.779265	11.595521	16.716582	0	0
conventional	ce1078	494	0	44.126307	0	14	7	11.636165	9.132876	17.417676	5.939590	0	0
conventional	ce1079	494	0	38.141047	0	14	7	3.374797	9.487023	8.765036	16.514191	1.133810	0
conventional	ce1080	494	0	54.799270	0	14	7	5.487168	24.295753	13.742765	11.273584	1.290186	0
conventional	ce1081	494	1.556726	25.877429	1	14	7	5.535166	3.560834	11.563723	5.217706	0.858291	0
conventional	ce1082	494	0	67.467635	0	14	7	10.343300	18.824651	17.257088	21.042596	0	0
holistic	he827	495	0	0	0	0	0	0	0	0	0	0	0
holistic	he828	495	0	0	0	0	5	0	0	0	0	5.693019	0
conventional	ce1083	495	0	42.405808	0	14	7	5.368486	4.969903	19.924401	12.143018	1.554078	0
conventional	ce1084	495	0	64.138844	0	14	7	12.732987	17.324705	19.034240	15.046912	0	0
holistic	he829	496	0	0	0	0	1	0	0	0	0	2.092871	0
conventional	ce1085	496	0	29.882494	0	14	7	6.251057	9.876404	4.242586	9.512447	0.874640	0
conventional	ce1086	496	0	36.565736	0	14	7	5.220426	8.606238	8.334286	14.404786	0	0
conventional	ce1087	496	0	31.952000	0	14	7	5.552303	2.639779	12.825887	10.934031	0	0
holistic	he830	497	0	0	0	0	1	0	0	0	0	3.001331	0
conventional	ce1088	497	0	43.753680	0	14	7	4.365533	5.984390	21.326282	12.077475	1.554078	0
holistic	he831	498	0.565089	0.565089	1	1	2	0.565089	0	0	0	0	0
conventional	ce1089	498	0	47.382795	0	14	7	4.977078	6.576445	21.572826	14.256446	1.554078	0
holistic	he832	499	0	0	0	0	1	0	0	0	0	1.956474	0
holistic	he833	499	0	0	0	0	2	0	0	0	0	2.349538	0
holistic	he834	500	0	0	0	0	4	0	0	0	0	1.249200	0
holistic	he835	500	0	3.102324	0	1	2	3.102324	0	0	0	0	0
holistic	he836	500	0	0	0	0	1	0	0	0	0	4.683677	0
holistic	he837	501	0	0	0	0	2	0	0	0	0	3.352316	0
conventional	ce1090	501	0	38.811726	0	14	7	7.481412	4.900258	13.003018	13.427038	0	0
conventional	ce1091	501	0	49.707039	0	14	7	8.488691	8.553587	13.240817	19.423944	0	0
conventional	ce1092	502	0	61.184983	0	14	7	10.901745	18.241554	15.308007	16.733677	0	0
conventional	ce1093	502	0	43.867113	0	14	7	5.549737	6.338218	16.074228	15.904930	1.554078	0
holistic	he838	503	0	0	0	0	1	0	0	0	0	2.781457	0
holistic	he839	503	0.336695	0.336695	1	1	2	0.336695	0	0	0	0	0
holistic	he840	503	0	0	0	0	1	0	0	0	0	4.546395	0
holistic	he841	503	0	0	0	0	1	0	0	0	0	2.714235	0
holistic	he842	503	0	0	0	0	1	0	0	0	0	1.536120	0
conventional	ce1094	503	0	45.613418	0	14	7	6.006143	9.811998	13.914942	15.880335	0	0
holistic	he843	504	0	0	0	0	8	0	0	0	0	6.168320	0
holistic	he844	504	0	0	0	0	1	0	0	0	0	2.634587	0
holistic	he845	504	0	0	0	0	1	0	0	0	0	1.822218	0
holistic	he846	504	0	0	0	0	1	0	0	0	0	2.092871	0
conventional	ce1095	504	0	64.534113	0	14	7	12.984182	16.306653	20.651089	14.592189	0	0
holistic	he847	505	0	0	0	0	4	0	0	0	0	5.092564	0
holistic	he848	505	0	0	0	0	1	0	0	0	0	2.610842	0
holistic	he849	505	0	0	0	0	2	0	0	0	0	0	0
holistic	he850	505	0	0	0	0	2	0	0	0	0	1.453545	0
conventional	ce1096	505	0	45.145215	0	14	7	2.907654	7.827255	22.940651	11.469655	0	0
conventional	ce1097	505	0	60.462409	0	14	7	6.518764	26.685683	18.401587	8.856375	0	0
conventional	ce1098	505	0	57.278507	0	14	7	3.324477	6.109295	33.391485	14.453250	0.874640	0
holistic	he851	506	0	0	0	0	2	0	0	0	0	0.893743	0
holistic	he852	506	0	0	0	0	2	0	0	0	0	2.615942	0
holistic	he853	506	0	0	0	0	2	0	0	0	0	2.349538	0
holistic	he854	507	0	0	0	0	2	0	0	0	0	0	0
holistic	he855	507	0	0	0	0	1	0	0	0	0	2.394556	0
conventional	ce1099	508	0	38.762622	0	14	7	5.662130	8.121591	11.981481	12.997420	0	0
holistic	he856	509	0	0	0	0	1	0	0	0	0	0.118682	0
conventional	ce1100	509	0	55.766655	0	14	7	9.635795	16.474280	13.989193	15.667387	0	0
conventional	ce1101	509	0	17.421895	0	14	7	2.897028	1.790907	8.222566	4.511394	0	0
conventional	ce1102	509	0	30.463900	0	14	7	6.909973	3.439748	11.679812	8.434367	0	0
conventional	ce1103	510	0	38.260221	0	14	7	4.641468	6.203621	13.248211	14.166921	1.281233	0
conventional	ce1104	510	0	30.314343	0	14	7	4.987679	2.342020	12.944699	10.039945	0	0
holistic	he857	511	0	0	0	0	2	0	0	0	0	0	0
holistic	he858	511	0	0	0	0	2	0	0	0	0	0	0
holistic	he859	511	0	0	0	0	6	0	0	0	0	6.092398	0
holistic	he860	511	0	0	0	0	1	0	0	0	0	3.341740	0
holistic	he861	512	0	0	0	0	10	0	0	0	0	8.260375	0
holistic	he862	513	0	0	0	0	1	0	0	0	0	1.536120	0
holistic	he863	513	0	0	0	0	2	0	0	0	0	0.893743	0
holistic	he864	513	0	0	0	0	14	0	0	0	0	8.106905	0
holistic	he865	514	0	0	0	0	1	0	0	0	0	2.092871	0
holistic	he866	514	0	0	0	0	0	0	0	0	0	0	0
conventional	ce1105	514	0	66.027422	0	14	7	9.177392	11.428441	19.830331	25.591258	0	0
conventional	ce1106	514	0	35.025275	0	14	7	6.237365	6.969266	5.894076	15.924568	0	0
holistic	he867	515	0	0	0	0	4	0	0	0	0	5.092564	0
holistic	he868	515	0	0	0	0	1	0	0	0	0	0	0
holistic	he869	515	0	0	0	0	4	0	0	0	0	0.351201	0
conventional	ce1107	515	0	34.644453	0	14	7	5.529277	2.427877	15.407531	11.279768	0	0
conventional	ce1108	515	0	57.709712	0	14	7	10.803911	16.916360	14.195224	15.794217	0.372827	0
conventional	ce1109	515	0	44.731092	0	14	7	6.960289	6.857797	13.130647	17.782359	0	0
holistic	he870	516	0	0	0	0	14	0	0	0	0	8.106905	0
conventional	ce1110	516	0	42.423092	0	14	7	5.842121	1.743192	22.017550	12.820229	0.874640	0
conventional	ce1111	516	0	48.343934	0	14	7	4.280046	8.098952	18.850520	17.114416	2.015278	0
holistic	he871	517	0	0	0	0	6	0	0	0	0	1.249200	0
holistic	he872	517	0	0	0	0	2	0	0	0	0	2.888000	0
holistic	he873	517	0	0	0	0	4	0	0	0	0	0.481460	0
conventional	ce1112	517	0	55.266942	0	14	7	8.728222	8.613220	16.061532	21.863968	0	0
conventional	ce1113	517	0	49.163566	0	14	7	5.419083	6.902834	21.985023	14.856626	1.554078	0
conventional	ce1114	517	0	30.156385	0	14	7	6.897918	5.568255	4.502116	13.188096	1.133810	0
conventional	ce1115	517	0	46.290859	0	14	7	6.526976	5.728930	20.843618	13.191335	1.554078	0
holistic	he874	518	0	0	0	0	2	0	0	0	0	0	0
holistic	he875	518	0	0	0	0	2	0	0	0	0	4.908622	0
holistic	he876	518	0	0	0	0	1	0	0	0	0	1.804543	0
conventional	ce1116	518	0	43.085480	0	14	7	5.167317	9.812549	12.512726	15.592888	0	0
conventional	ce1117	518	0	38.721357	0	14	7	11.180223	6.289799	17.177054	4.074281	0	0
conventional	ce1118	518	0	37.353092	0	14	7	6.957559	3.959750	13.875127	12.560656	0.197040	0
holistic	he877	519	0	0	0	0	1	0	0	0	0	2.092871	0
holistic	he878	519	0	0	0	0	2	0	0	0	0	0	0
conventional	ce1119	519	0	26.758955	0	14	7	8.878294	4.885025	4.687046	8.308590	0	0
conventional	ce1120	520	0	29.678803	0	14	7	3.887102	2.555550	12.084441	11.151710	0	0
conventional	ce1121	520	0	41.463112	0	14	7	5.836753	6.561764	15.643964	13.420631	0.370205	0
conventional	ce1122	520	0	45.087137	0	14	7	7.797681	12.250505	8.288023	16.750928	0.958428	0
conventional	ce1123	520	0	64.304595	0	14	7	11.552970	18.617917	17.842916	16.290792	0.372827	0
conventional	ce1124	520	0	19.180239	0	14	7	2.575832	1.801870	9.063420	5.739117	0	0
conventional	ce1125	520	0	41.058622	0	14	7	3.687422	7.298699	16.543211	13.529290	0	0
holistic	he879	521	0	0	0	0	4	0	0	0	0	0.351201	0
holistic	he880	521	0	0	0	0	12	0	0	0	0	6.029564	0
conventional	ce1126	521	0	51.109336	0	14	7	8.481690	8.304825	14.924654	19.398167	0	0
holistic	he881	522	0	0	0	0	5	0	0	0	0	0.566142	0
holistic	he882	522	0	0	0	0	4	0	0	0	0	1.249200	0
conventional	ce1127	522	0	28.276863	0	14	7	3.979144	6.315801	8.314604	9.667314	0.031519	0
holistic	he883	523	0	0	0	0	1	0	0	0	0	0.351590	0
conventional	ce1128	523	0	34.759462	0	14	7	8.652653	10.128800	6.499521	9.478488	0.874640	0
conventional	ce1129	523	0	27.992605	0	14	7	5.770206	3.162597	11.603347	7.456455	0	0
conventional	ce1130	524	0.430307	20.881629	1	14	7	4.671306	7.139874	4.888308	4.182141	0	0
conventional	ce1131	524	0	29.380858	0	14	7	6.227467	7.468661	8.476316	7.208414	0.874640	0
conventional	ce1132	524	0	36.334101	0	14	7	3.504058	4.630695	11.632484	16.566864	0	0
conventional	ce1133	524	0	43.498934	0	14	7	3.603913	3.615573	21.482178	14.797270	1.554078	0
conventional	ce1134	524	0	41.941495	0	14	7	5.077491	7.455745	17.318030	12.090229	0	0
conventional	ce1135	525	0	74.270732	0	14	7	10.226909	10.454010	22.427157	31.162656	0	0
conventional	ce1136	525	0	45.744810	0	14	7	5.936734	9.620068	11.510884	18.677124	0	0
holistic	he884	526	0	0	0	0	1	0	0	0	0	1.078017	0
conventional	ce1137	526	0	57.883287	0	14	7	6.842953	23.098149	18.345876	9.596309	0	0
conventional	ce1138	526	0	43.203474	0	14	7	5.006801	9.148892	13.407801	15.639980	0	0
holistic	he885	527	0	0	0	0	1	0	0	0	0	2.394556	0
holistic	he886	528	0	0	0	0	2	0	0	0	0	0	0
conventional	ce1139	528	0	59.661840	0	14	7	11.091574	17.723923	15.078241	15.768102	0.372827	0
conventional	ce1140	530	0	38.195368	0	14	7	6.094739	8.574175	7.961796	15.564658	0	0
holistic	he887	534	0	0	0	0	1	0	0	0	0	2.013146	0
holistic	he888	534	0	0	0	0	1	0	0	0	0	0	0
conventional	ce1141	534	0	38.453499	0	14	7	4.209445	2.635574	16.627600	14.980880	1.554078	0
conventional	ce1142	534	0.125605	57.338058	1	14	7	8.137269	17.501785	11.570570	20.128434	0	0
holistic	he889	535	0	0	0	0	4	0	0	0	0	0.351201	0
conventional	ce1143	535	0	48.178704	0	14	7	3.375583	12.810786	13.006708	18.985627	1.323263	0
holistic	he890	536	0	0	0	0	8	0	0	0	0	4.671584	0
conventional	ce1144	537	0	28.384130	0	14	7	3.691914	6.813110	8.255250	9.623856	0.031519	0
conventional	ce1145	537	0	38.321022	0	14	7	10.579364	7.917975	11.477946	8.345737	0	0
holistic	he891	538	0	0	0	0	2	0	0	0	0	4.211430	0
holistic	he892	539	0	0	0	0	2	0	0	0	0	1.822218	0
holistic	he893	540	0	0	0	0	4	0	0	0	0	0.559842	0
holistic	he894	540	0	0	0	0	14	0	0	0	0	8.106905	0
holistic	he895	540	0	0	0	0	1	0	0	0	0	0	0
holistic	he896	540	0	0	0	0	1	0	0	0	0	2.181725	0
holistic	he897	540	0	0	0	0	4	0	0	0	0	2.298128	0
holistic	he898	540	0	0	0	0	4	0	0	0	0	0.351201	0.197528
holistic	he899	540	0.784776	0.990275	1	2	3	0.990275	0	0	0	1.664533	0
holistic	he900	540	0	0	0	0	5	0	0	0	0	2.374707	0
conventional	ce1146	540	0	50.913750	0	14	7	12.869927	11.346422	21.274034	5.423367	0	0
conventional	ce1147	540	0	73.128958	0	14	7	10.286620	12.101898	19.416781	31.323659	1.554078	0
conventional	ce1148	540	0	42.030637	0	14	7	5.262108	9.424311	13.514576	13.829642	0	0
conventional	ce1149	540	0	47.148437	0	14	7	8.490633	7.264354	10.725095	20.668355	0	0
conventional	ce1150	540	0	27.742047	0	14	7	5.359285	8.355064	4.632199	9.395499	0.874640	0
conventional	ce1151	540	0	38.650400	0	14	7	7.966640	6.011250	18.356115	6.316395	0.874640	0
conventional	ce1152	541	0	47.756562	0	14	7	6.085440	2.258193	26.057026	13.355903	0.874640	0
conventional	ce1153	541	0	47.613624	0	14	7	3.585984	16.189705	12.161903	15.676032	0.532070	0
conventional	ce1154	542	0	46.354924	0	14	7	7.372424	9.074672	14.403426	15.504402	1.554078	0
conventional	ce1155	542	0	20.763427	0	14	7	1.816790	2.254223	7.976943	8.715471	0	0
conventional	ce1156	543	0	43.119750	0	14	7	5.684514	1.329718	21.117506	14.988012	0.921182	0
holistic	he901	544	0	0	0	0	5	0	0	0	0	5.693019	0
holistic	he902	544	0	0	0	0	18	0	0	0	0	7.444918	0
holistic	he903	544	0	0	0	0	12	0	0	0	0	6.029564	0
conventional	ce1157	544	0	31.524027	0	14	7	2.802499	3.423956	13.050238	12.247334	0.197040	0
conventional	ce1158	544	0	74.140163	0	14	7	7.904675	10.269066	23.142522	32.823900	0.207628	0
conventional	ce1159	545	0	25.390694	0	14	7	1.976138	1.834100	9.284071	12.296385	0.178886	0
holistic	he904	546	0	0	0	0	1	0	0	0	0	2.394556	0
conventional	ce1160	546	0	48.945610	0	14	7	9.140747	7.151066	11.539128	21.114669	0	0
conventional	ce1161	546	0	38.442431	0	14	7	5.550113	1.658601	20.246656	10.987061	0	0
conventional	ce1162	546	0	30.983576	0	14	7	5.544116	0.791415	13.201115	11.446930	0.158375	0
conventional	ce1163	546	0.430307	38.866002	1	14	7	4.388703	8.416570	16.034156	10.026573	0	0
conventional	ce1164	546	0	33.062679	0	14	7	9.837083	7.060090	10.125176	6.040330	0.828980	0
holistic	he905	547	0	0	0	0	21	0	0	0	0	10.555016	0
holistic	he906	547	0	0	0	0	0	0	0	0	0	0	0
conventional	ce1165	547	0	42.403217	0	14	7	6.148923	9.596723	12.336562	14.321009	0	0
conventional	ce1166	547	0	39.444299	0	14	7	6.314978	10.086067	9.887871	13.155383	0	0
conventional	ce1167	547	0	38.948158	0	14	7	11.117834	9.663242	9.507431	8.659651	0.821626	0
holistic	he907	548	0	0	0	0	1	0	0	0	0	2.717801	0
holistic	he908	548	0	0	0	0	0	0	0	0	0	0	0
holistic	he909	548	0	0	0	0	8	0	0	0	0	2.235365	0
conventional	ce1168	548	0	67.874416	0	14	7	15.724362	21.970109	15.113332	15.066613	0.372827	0
conventional	ce1169	548	0	41.283541	0	14	7	6.257254	4.679932	18.568004	11.778351	1.019969	0
conventional	ce1170	548	0	51.406559	0	14	7	8.796502	16.503870	13.608043	12.498144	0	0
conventional	ce1171	549	0	38.002284	0	14	7	4.992104	5.238834	11.807523	15.963823	0	0
conventional	ce1172	550	0	52.838910	0	14	7	4.390120	16.455173	12.488144	19.505473	0	0
holistic	he910	551	0	0	0	0	2	0	0	0	0	2.349538	0
conventional	ce1173	551	0	54.409848	0	14	7	10.699857	14.312784	15.819374	13.577833	0	0
conventional	ce1174	551	0	24.741013	0	14	7	5.668118	10.032221	3.456225	5.584449	0.874640	0
conventional	ce1175	551	1.326471	50.654734	1	14	7	5.555040	7.584065	23.601583	13.914046	1.554078	0
holistic	he911	552	0	0	0	0	3	0	0	0	0	3.273947	0
holistic	he912	552	0	0	0	0	6	0	0	0	0	5.092564	0
conventional	ce1176	552	0	36.453844	0	14	7	5.108651	8.304200	9.639023	13.401970	0.444797	0
conventional	ce1177	552	0	32.776502	0	14	7	3.543688	4.228377	12.370549	12.633888	0	0
conventional	ce1178	552	0	56.693814	0	14	7	9.815942	16.459328	14.335131	16.083413	0.563244	0
conventional	ce1179	553	0	51.290246	0	14	7	8.534184	16.893168	14.437740	11.425154	0	0
conventional	ce1180	553	0	32.878826	0	14	7	5.635029	9.797514	5.143062	12.303221	0.960097	0
conventional	ce1181	553	0	61.460566	0	14	7	10.548430	17.859357	15.909319	17.143460	0	0
conventional	ce1182	554	0	43.875870	0	14	7	6.516690	8.521010	9.869820	18.968350	0	0
conventional	ce1183	554	0	66.106623	0	14	7	10.021294	18.643235	18.911404	18.530690	1.554078	0
conventional	ce1184	554	0	42.551749	0	14	7	12.932834	9.034420	10.859254	9.725241	0.821626	0
conventional	ce1185	554	0	44.876658	0	14	7	5.595887	4.505184	15.538838	19.236749	0	0
holistic	he913	555	0	0	0	0	4	0	0	0	0	0	0
conventional	ce1186	555	0	70.181902	0	14	7	9.717283	11.503367	20.164097	28.797155	1.554078	0
conventional	ce1187	555	0	46.786521	0	14	7	10.901663	2.691456	22.916418	10.276984	0.874640	0
holistic	he914	556	0	0	0	0	1	0	0	0	0	3.020284	0
conventional	ce1188	556	0	73.971266	0	14	7	10.264029	12.207340	21.637243	29.862654	1.890214	0
conventional	ce1189	556	0	36.832871	0	14	7	6.493881	4.355121	13.689657	12.294212	0.197040	0
holistic	he915	557	0	0	0	0	4	0	0	0	0	1.227848	0
conventional	ce1190	557	0	30.249756	0	14	7	5.801739	8.289653	7.310120	8.848244	0.085185	0
conventional	ce1191	557	0	70.651513	0	14	7	11.576637	18.342771	20.256740	20.475365	0	0
conventional	ce1192	557	0	37.770545	0	14	7	5.025421	2.277914	15.240269	15.226941	1.554078	0
conventional	ce1193	557	0	36.129958	0	14	7	6.411362	4.616553	14.084491	11.017552	0	0
holistic	he916	558	0	0	0	0	7	0	0	0	0	1.634434	0
conventional	ce1194	558	0	37.268492	0	14	7	6.778856	4.044215	14.076145	12.369276	0.022159	0
conventional	ce1195	558	0	66.574753	0	14	7	8.134831	24.654283	21.901286	11.884353	1.554078	0
holistic	he917	559	0	0	0	0	1	0	0	0	0	0.351590	0
holistic	he918	559	0	0	0	0	2	0	0	0	0	2.445778	0
holistic	he919	559	0	0	0	0	2	0	0	0	0	5.545866	0
conventional	ce1196	559	0	48.602703	0	14	7	3.588801	16.714977	10.367660	17.931265	0	0
conventional	ce1197	559	0	29.256801	0	14	7	5.323222	8.200504	10.491031	5.242044	0.874640	0
holistic	he920	560	0	0	0	0	2	0	0	0	0	0	0
holistic	he921	560	0	0	0	0	1	0	0	0	0	2.379892	0
holistic	he922	560	0	0	0	0	14	0	0	0	0	8.106905	0
conventional	ce1198	560	0	46.408105	0	14	7	9.335970	14.567011	12.433133	10.071991	0	0
holistic	he923	561	0	0	0	0	0	0	0	0	0	0	0
conventional	ce1199	561	0	61.180265	0	14	7	13.473081	19.783672	10.998109	16.925403	0.372827	0
conventional	ce1200	561	0	54.083046	0	14	7	4.602655	12.663473	14.884532	21.932386	1.323263	0
conventional	ce1201	561	0	40.243250	0	14	7	12.605432	10.523463	9.320500	7.793855	1.477786	0
conventional	ce1202	562	0	41.351874	0	14	7	3.494872	2.889938	18.040629	16.926435	0	0
conventional	ce1203	562	0	38.836553	0	14	7	6.382716	6.166252	8.838199	17.449386	0.923622	0
conventional	ce1204	562	0.741590	38.585538	1	14	7	5.835015	11.969410	10.970958	9.810155	0	0
holistic	he924	563	0	0	0	0	3	0	0	0	0	0	0
conventional	ce1205	563	0	48.278723	0	14	7	5.373254	15.213526	10.026975	17.664968	0	0
conventional	ce1206	563	0	34.573748	0	14	7	5.654898	2.774083	14.618820	11.525947	0	0
conventional	ce1207	563	0	53.599715	0	14	7	7.715511	8.098496	20.403685	17.382023	0	0
conventional	ce1208	563	0	40.940884	0	14	7	4.978173	1.624635	20.893384	13.444692	0.874640	0
holistic	he925	564	0	0	0	0	2	0	0	0	0	1.698592	0
holistic	he926	564	0	0	0	0	4	0	0	0	0	0.559842	0
holistic	he927	564	0	0	0	0	0	0	0	0	0	0	0
holistic	he928	564	0	0	0	0	3	0	0	0	0	0.936389	0
conventional	ce1209	564	0	32.269207	0	14	7	3.469349	9.178835	13.203648	6.417375	0	0
conventional	ce1210	564	0	35.240488	0	14	7	4.527592	3.239520	14.904073	12.569303	0	0
conventional	ce1211	564	0	59.158539	0	14	7	7.347721	23.052466	18.445992	10.312360	0	0
holistic	he929	565	0	0	0	0	14	0	0	0	0	6.667204	0
holistic	he930	565	0	0	0	0	1	0	0	0	0	2.717801	0
holistic	he931	565	0	0	0	0	1	0	0	0	0	0	0
holistic	he932	565	0	0	0	0	1	0	0	0	0	2.092871	0
conventional	ce1212	565	0	32.859073	0	14	7	3.857332	7.244286	11.850756	9.906699	0.031519	0
holistic	he933	566	0	0	0	0	1	0	0	0	0	2.181725	0
holistic	he934	566	0	0	0	0	14	0	0	0	0	8.306800	0
holistic	he935	566	0	0	0	0	14	0	0	0	0	8.106905	0
conventional	ce1213	566	0	38.952726	0	14	7	4.464458	5.147084	10.506939	18.834245	0	0
conventional	ce1214	566	0	46.777378	0	14	7	4.426344	3.615573	21.718356	17.017105	1.554078	0
holistic	he936	567	0	0	0	0	1	0	0	0	0	1.231522	0
holistic	he937	567	0	0	0	0	2	0	0	0	0	2.349538	0
holistic	he938	567	0	0	0	0	1	0	0	0	0	1.536120	0
conventional	ce1215	567	0	35.073400	0	14	7	2.397089	3.285801	17.572262	11.818248	0.874640	0
holistic	he939	568	0.470629	0.470629	1	1	1	0.470629	0	0	0	0.742175	0
conventional	ce1216	568	0	71.137866	0	14	7	11.378530	17.250347	20.175342	22.333647	0	0
conventional	ce1217	568	0	33.286384	0	14	7	3.189379	8.113066	14.095857	7.888082	0.958428	0
holistic	he940	569	0	0	0	0	2	0	0	0	0	0	0
conventional	ce1218	569	0	43.529586	0	14	7	5.428660	3.701285	19.830069	14.569572	1.554078	0
conventional	ce1219	569	0	27.135734	0	14	7	3.589046	10.940597	3.523061	9.083030	0.874640	0
conventional	ce1220	569	0	36.488428	0	14	7	8.860284	8.707019	7.883330	11.037795	0	0
conventional	ce1221	569	0	34.138178	0	14	7	6.935889	3.951973	11.665134	11.585182	0	0
conventional	ce1222	570	0	67.770848	0	14	7	10.870653	11.960665	18.859632	26.079898	1.554078	0
conventional	ce1223	570	0	41.891130	0	14	7	7.414948	2.529511	17.108165	14.838506	0.710611	0
conventional	ce1224	570	0.367872	45.711470	1	14	7	14.320817	11.122759	11.584240	8.683654	1.477786	0
holistic	he941	571	0	0	0	0	12	0	0	0	0	14.544575	0
holistic	he942	572	0	0	0	0	15	0	0	0	0	13.831936	0
holistic	he943	572	0	0	0	0	1	0	0	0	0	0.702518	0
holistic	he944	572	0	0	0	0	14	0	0	0	0	8.306800	0
conventional	ce1225	572	0	41.515094	0	14	7	5.155982	9.082847	10.821058	16.455207	0	0
conventional	ce1226	572	0	44.596298	0	14	7	6.171831	6.383800	12.253915	19.786752	0	0
holistic	he945	573	0	0	0	0	3	0	0	0	0	0.936389	0
holistic	he946	573	0	0	0	0	1	0	0	0	0	1.736258	0
holistic	he947	573	0	0	0	0	1	0	0	0	0	0	0
holistic	he948	573	0	0	0	0	1	0	0	0	0	3.020284	0
conventional	ce1227	573	0	55.028025	0	14	7	7.752049	16.031871	12.819036	18.425069	0.327352	0
holistic	he949	574	0	0	0	0	20	0	0	0	0	8.197081	0
conventional	ce1228	574	0	41.852032	0	14	7	6.191415	6.776479	10.938066	17.946072	0	0
conventional	ce1229	574	0	50.527665	0	14	7	9.695865	13.290209	10.258192	17.283399	0.787468	0
conventional	ce1230	574	0	35.753503	0	14	7	6.780152	4.551475	13.244106	11.177770	0	0
holistic	he950	575	0	0	0	0	2	0	0	0	0	1.822218	0
holistic	he951	575	0	0	0	0	0	0	0	0	0	0	0
conventional	ce1231	575	0	57.851911	0	14	7	4.585283	17.046417	15.733266	20.486945	0.814939	0
conventional	ce1232	575	0	40.377225	0	14	7	3.057193	6.997740	18.423589	11.898703	0	0
conventional	ce1233	575	0	53.737054	0	14	7	2.906229	14.155451	13.806610	22.868764	1.272403	0
holistic	he952	576	0	0	0	0	1	0	0	0	0	3.020284	0
conventional	ce1234	576	0	48.325984	0	14	7	4.546791	7.758574	18.593108	17.427511	0.874640	0
conventional	ce1235	576	0	27.964618	0	14	7	6.447811	6.907818	4.849979	9.759010	0.915198	0
conventional	ce1236	576	0	31.111523	0	14	7	3.219376	7.897488	10.992101	9.002558	0.031519	0
conventional	ce1237	576	0	42.709028	0	14	7	3.605609	4.381903	19.180781	15.540735	1.554078	0
holistic	he953	577	0	0	0	0	1	0	0	0	0	1.536120	0
holistic	he954	577	0	0	0	0	6	0	0	0	0	4.792822	0
holistic	he955	577	0	0	0	0	4	0	0	0	0	1.249200	0
conventional	ce1238	577	0	53.129485	0	14	7	9.290417	7.438267	15.305379	21.095422	0	0
conventional	ce1239	577	0	11.607742	0	14	7	0.944984	0.231101	5.646974	4.784683	0	0
conventional	ce1240	577	0	30.975389	0	14	7	3.392829	8.265279	10.281178	9.036103	0.031519	0
holistic	he956	578	0	0	0	0	4	0	0	0	0	0.559842	0
holistic	he957	578	0	0	0	0	1	0	0	0	0	2.092871	0
conventional	ce1241	578	0	46.316066	0	14	7	5.854678	7.681424	13.615571	19.164393	0	0
conventional	ce1242	578	0	39.735450	0	14	7	12.153984	11.450791	10.337083	5.793592	1.477786	0
conventional	ce1243	578	0	47.941345	0	14	7	6.702598	5.937184	13.412458	21.889105	0	0
holistic	he958	579	0	0	0	0	3	0	0	0	0	1.822218	0
holistic	he959	579	0	0	0	0	4	0	0	0	0	0.351201	0.197528
holistic	he960	579	0	0	0	0	8	0	0	0	0	4.671584	0
conventional	ce1244	579	0	55.307981	0	14	7	10.579788	7.860049	15.654436	21.213708	0	0
holistic	he961	580	0	0	0	0	4	0	0	0	0	1.975362	1.042933
conventional	ce1245	580	0	34.931748	0	14	7	3.166963	2.005207	16.730102	13.029476	0.701651	0
conventional	ce1246	580	0	72.271400	0	14	7	10.235805	13.072865	19.608309	29.354421	0	0
conventional	ce1247	580	1.326471	45.440151	1	14	7	4.682681	4.712024	19.624689	16.420757	1.554078	0
holistic	he962	581	0	0	0	0	0	0	0	0	0	0	0
holistic	he963	581	0	4.617824	0	4	14	0	0	4.617824	0	8.819316	0
holistic	he964	581	0	0	0	0	0	0	0	0	0	0	0
conventional	ce1248	581	0	25.023070	0	14	7	3.369744	2.774303	11.629397	7.249626	0	0
conventional	ce1249	581	0	45.316471	0	14	7	8.718464	2.391111	17.633700	16.573196	1.554078	0
conventional	ce1250	581	0	48.822165	0	14	7	9.807996	15.284685	12.787577	10.941907	0	0
holistic	he965	582	0	0	0	0	2	0	0	0	0	1.822218	0
holistic	he966	582	0	0	0	0	0	0	0	0	0	0	0
conventional	ce1251	582	0	40.950689	0	14	7	6.080162	6.056249	16.738441	12.075837	1.019969	0
holistic	he967	583	0	0	0	0	1	0	0	0	0	2.855955	0
holistic	he968	583	0	0	0	0	4	0	0	0	0	0.996641	0
holistic	he969	583	0	0	0	0	1	0	0	0	0	1.978448	0
conventional	ce1252	583	0	44.641244	0	14	7	5.598771	9.248106	13.909897	15.884470	0	0
conventional	ce1253	583	1.326471	54.871257	1	14	7	7.095692	6.725894	26.115604	14.934067	1.554078	0
holistic	he970	584	0	0	0	0	1	0	0	0	0	1.736258	0
conventional	ce1254	584	0	36.611072	0	14	7	7.130727	8.840722	8.417650	12.221973	0.444797	0
conventional	ce1255	584	0	23.784622	0	14	7	3.464362	10.421548	5.162128	4.736584	0.268370	0
conventional	ce1256	584	0	32.028208	0	14	7	3.788215	7.707581	11.313344	9.219068	0.031519	0
holistic	he971	585	0.075999	0.075999	1	1	1	0.075999	0	0	0	0.742175	0
holistic	he972	585	0	0	0	0	1	0	0	0	0	2.717801	0
conventional	ce1257	585	0	42.030569	0	14	7	6.438827	4.639558	19.167942	11.784242	1.019969	0
conventional	ce1258	585	0	31.524260	0	14	7	6.034169	4.462119	9.947252	11.080720	0	0
holistic	he973	586	0	0	0	0	3	0	0	0	0	0	0
holistic	he974	586	0	0	0	0	3	0	0	0	0	0.936389	0
conventional	ce1259	586	0	43.791516	0	14	7	6.296710	9.195537	11.942236	16.357033	0	0
conventional	ce1260	586	0	46.176622	0	14	7	13.050129	9.586751	11.740292	11.799450	0.710503	0
holistic	he975	587	0	0	0	0	1	0	0	0	0	2.985109	0
conventional	ce1261	587	0	34.549343	0	14	7	9.118395	9.781142	9.636900	6.012906	1.687147	0
conventional	ce1262	587	0	42.393746	0	14	7	6.150332	9.025381	9.290373	17.927660	0	0
holistic	he976	588	0	0	0	0	5	0	0	0	0	2.855426	0
conventional	ce1263	588	0	44.355802	0	14	7	6.843606	9.195537	11.651718	16.664941	0	0
conventional	ce1264	588	0	42.225591	0	14	7	11.675815	12.554626	8.564294	9.430856	0.821626	0
conventional	ce1265	589	0	32.680151	0	14	7	3.097588	7.101078	12.416328	10.065157	0.444797	0
conventional	ce1266	589	0.199934	46.050250	1	14	7	3.046886	3.333366	22.559675	17.110323	1.554078	0
holistic	he977	590	0	0	0	0	4	0	0	0	0	4.671584	0
conventional	ce1267	590	0	50.327028	0	14	7	9.298569	14.009219	15.084251	11.934989	0	0
conventional	ce1268	590	0	43.211651	0	14	7	4.907555	8.981821	11.771871	17.550404	1.323263	0
conventional	ce1269	590	0	31.581684	0	14	7	4.159104	2.613169	12.796263	12.013148	0.197040	0
conventional	ce1270	591	0	38.985758	0	14	7	7.978902	5.824462	10.692282	14.490112	0	0
holistic	he978	592	0	0	0	0	1	0	0	0	0	2.092871	0
conventional	ce1271	592	0	45.359292	0	14	7	6.559697	7.017617	10.643445	21.138533	0	0
holistic	he979	593	0	0	0	0	4	0	0	0	0	3.644436	0
conventional	ce1272	593	0	42.604387	0	14	7	3.601828	1.908068	18.357601	18.736890	0.008110	0
holistic	he980	594	0	0	0	0	18	0	0	0	0	10.003438	0
conventional	ce1273	594	0	41.665794	0	14	7	5.047805	5.340340	16.788129	14.489520	1.432543	0
conventional	ce1274	594	0	52.779424	0	14	7	15.410894	10.395492	14.653694	12.319344	0.710503	0
conventional	ce1275	595	0	48.155216	0	14	7	5.174633	15.568831	11.891099	15.520653	0	0
conventional	ce1276	595	0	47.529634	0	14	7	9.740874	14.427643	11.498318	11.862799	0	0
holistic	he981	596	0	0	0	0	1	0	0	0	0	2.249285	0
conventional	ce1277	597	0	36.303977	0	14	7	8.436454	10.828628	4.819358	12.219537	0	0
conventional	ce1278	597	0	38.467166	0	14	7	10.470041	9.329236	12.198846	6.469043	0.821626	0
conventional	ce1279	597	0	38.424841	0	14	7	6.178227	5.456360	14.461644	12.328610	0	0
conventional	ce1280	597	0	59.989115	0	14	7	10.619256	9.629494	16.874300	22.866065	0	0
holistic	he982	598	0	0	0	0	5	0	0	0	0	3.644436	0
holistic	he983	599	0	5.249372	0	4	14	0	0	5.249372	0	9.251327	0
conventional	ce1281	599	0	46.217797	0	14	7	13.026454	8.812912	10.079936	14.298495	0.568384	0
conventional	ce1282	599	0	26.948445	0	14	7	4.993581	7.866695	4.411245	9.676924	0.874640	0
conventional	ce1283	599	0	38.880319	0	14	7	6.383590	5.353217	12.883110	14.260402	0	0
holistic	he984	600	0	0	0	0	2	0	0	0	0	1.822218	0
holistic	he985	600	0	0	0	0	4	0	0	0	0	0.709937	0
holistic	he986	600	0	0	0	0	1	0	0	0	0	0	0
holistic	he987	600	0	0	0	0	2	0	0	0	0	2.717801	0
holistic	he988	600	0	0	0	0	3	0	0	0	0	2.939966	0
holistic	he989	600	0	0	0	0	1	0	0	0	0	2.092871	0
holistic	he990	600	0	0	0	0	3	0	0	0	0	0.499948	0
holistic	he991	600	0	0	0	0	4	0	0	0	0	1.975362	0.996563
conventional	ce1284	600	0	40.753798	0	14	7	4.326613	9.306210	11.835481	15.285494	0	0
conventional	ce1285	600	0	59.689876	0	14	7	8.245778	17.897212	12.175822	21.371064	0.327352	0
conventional	ce1286	600	0	36.984514	0	14	7	1.663468	7.751184	21.141635	6.428227	0	0
conventional	ce1287	601	0	53.186042	0	14	7	16.229197	12.293507	11.892026	12.771312	1.247191	0
conventional	ce1288	601	0	41.671571	0	14	7	9.333626	10.866524	13.711824	7.759597	0.821626	0
conventional	ce1289	602	0	49.212198	0	14	7	5.572184	3.896717	23.241122	16.502175	1.688310	0
conventional	ce1290	602	0	26.320499	0	14	7	3.900945	3.889943	9.863863	8.665748	0.031519	0
conventional	ce1291	603	0	53.343527	0	14	7	5.477292	11.939428	14.526952	21.399855	0	0
conventional	ce1292	603	0	54.151982	0	14	7	2.884933	14.859652	12.827988	23.579409	1.272403	0
conventional	ce1293	603	0	56.213064	0	14	7	11.687889	8.703653	12.848703	22.972819	1.019969	0
conventional	ce1294	603	0	42.990296	0	14	7	10.441369	11.746546	11.831800	8.970581	0.821626	0
conventional	ce1295	603	0	47.566928	0	14	7	3.283987	2.699789	24.562549	17.020603	1.554078	0
holistic	he992	604	0.075999	0.075999	1	1	1	0.075999	0	0	0	1.155499	0
holistic	he993	604	0	0	0	0	0	0	0	0	0	0	0
holistic	he994	604	0	0	0	0	21	0	0	0	0	10.604596	0
holistic	he995	604	0	0	0	0	1	0	0	0	0	1.536120	0
holistic	he996	604	0	0	0	0	1	0	0	0	0	1.231522	0
conventional	ce1296	604	0	49.621121	0	14	7	3.004134	2.915624	21.365148	22.336215	0	0
conventional	ce1297	604	0	30.594857	0	14	7	5.462908	4.032715	10.337900	10.761334	1.630321	0
conventional	ce1298	604	0	43.287963	0	14	7	5.551223	4.704862	17.924531	15.107347	0.647517	0
conventional	ce1299	605	0	34.955465	0	14	7	4.121128	2.403962	16.268069	12.162306	0	0
conventional	ce1300	605	0	28.853468	0	14	7	4.091827	4.299827	10.872904	9.588910	0.031519	0
holistic	he997	606	0	0	0	0	9	0	0	0	0	1.741281	0
conventional	ce1301	606	0	34.381198	0	14	7	3.920285	8.884953	11.042283	10.533677	0	0
conventional	ce1302	606	0	40.109067	0	14	7	5.918591	7.304853	9.867122	17.018501	0	0
holistic	he998	607	0	0	0	0	0	0	0	0	0	0	0
conventional	ce1303	607	0	54.661269	0	14	7	8.303528	7.772762	20.525317	18.059662	0.632947	0
conventional	ce1304	607	0	51.882626	0	14	7	8.654935	15.668274	13.870696	13.688721	0	0
conventional	ce1305	607	0	32.617746	0	14	7	4.103914	2.165777	15.927237	10.420818	1.477786	0
holistic	he999	608	0	0	0	0	4	0	0	0	0	1.975362	1.207974
holistic	he1000	608	0	0	0	0	0	0	0	0	0	0	0
holistic	he1001	608	0	0	0	0	1	0	0	0	0	2.556843	0
conventional	ce1306	608	0	39.806426	0	14	7	4.877021	8.343429	11.506993	15.078983	1.323263	0
conventional	ce1307	608	1.326471	50.960787	1	14	7	5.246256	9.868930	21.633796	14.211805	1.554078	0
conventional	ce1308	609	0	42.122312	0	14	7	2.958443	6.924722	20.604410	11.634737	0	0
conventional	ce1309	609	0	36.110368	0	14	7	3.886199	1.645483	14.395786	16.182900	0	0
conventional	ce1310	610	0	41.113092	0	14	7	13.477941	14.755468	6.284790	6.594893	1.477786	0
conventional	ce1311	610	0	52.699055	0	14	7	10.086432	6.623530	15.855898	20.133195	0	0
conventional	ce1312	610	0	39.006834	0	14	7	4.620543	4.715974	15.507887	14.162430	1.432543	0
conventional	ce1313	610	0	34.746929	0	14	7	4.761511	7.834296	13.162229	8.988893	0	0
holistic	he1002	611	0	0	0	0	2	0	0	0	0	1.311188	0
holistic	he1003	611	0	0	0	0	7	0	0	0	0	0.496888	0
holistic	he1004	611	0	0	0	0	4	0	0	0	0	0.502294	0.197528
conventional	ce1314	611	0	28.443230	0	14	7	1.729335	7.507228	9.887446	9.319221	0.031519	0
conventional	ce1315	611	0	18.765840	0	14	7	4.000099	1.113703	5.661302	7.990736	1.630321	0
holistic	he1005	612	0	0	0	0	14	0	0	0	0	8.647133	0
holistic	he1006	612	0	0	0	0	2	0	0	0	0	3.324166	0
holistic	he1007	612	0	0	0	0	4	0	0	0	0	0.996641	0
holistic	he1008	612	0	0	0	0	3	0	0	0	0	0	0
conventional	ce1316	612	0	41.637689	0	14	7	1.779235	7.614898	19.396387	12.847169	0	0
conventional	ce1317	612	0	46.125732	0	14	7	5.512349	15.990385	8.085632	16.537366	0	0
conventional	ce1318	612	0	30.893845	0	14	7	2.152369	7.897650	10.691942	10.151884	0	0
conventional	ce1319	613	0	55.174815	0	14	7	8.909006	7.609774	21.020171	17.635864	0	0
conventional	ce1320	613	1.397364	30.846956	1	14	7	1.535865	7.994938	9.115557	12.200596	1.966633	0
conventional	ce1321	614	0	54.839145	0	14	7	8.612062	6.883861	21.276116	18.067106	0.710503	0
conventional	ce1322	614	0	33.207066	0	14	7	4.391074	7.307815	11.839058	9.669119	0.098122	0
conventional	ce1323	614	0	49.178751	0	14	7	10.545395	13.865715	15.716580	9.051061	1.477786	0
conventional	ce1324	614	0	30.688289	0	14	7	3.491571	7.798010	10.148289	9.250419	0.031519	0
holistic	he1009	615	0	0	0	0	4	0	0	0	0	1.210914	0
holistic	he1010	615	0	0	0	0	4	0	0	0	0	0.137552	0.197528
holistic	he1011	615	0	0	0	0	20	0	0	0	0	6.667204	0
conventional	ce1325	615	0	36.069819	0	14	7	1.789977	2.796034	20.706483	10.777325	0.874640	0
holistic	he1012	616	0	2.954040	0	4	14	0	0	2.954040	0	10.220224	0
holistic	he1013	616	0	0	0	0	1	0	0	0	0	4.364931	0
holistic	he1014	617	0	0	0	0	10	0	0	0	0	4.792822	0
conventional	ce1326	617	0	46.374311	0	14	7	8.151207	11.970045	13.240567	13.012492	0	0
conventional	ce1327	617	0	41.997266	0	14	7	6.385311	8.676719	9.306423	17.628813	0.027363	0
conventional	ce1328	618	0	46.387545	0	14	7	6.506340	10.154100	10.750144	18.976961	0	0
holistic	he1015	619	0	0	0	0	3	0	0	0	0	3.324166	0
conventional	ce1329	619	0	57.074051	0	14	7	8.757997	6.834960	18.136889	23.344205	0	0
conventional	ce1330	619	0.741260	40.944764	1	14	7	8.281053	1.580458	16.394773	14.688480	0	0
holistic	he1016	620	0	0	0	0	4	0	0	0	0	0.137552	0.197528
holistic	he1017	620	0	0	0	0	4	0	0	0	0	0.548984	0
holistic	he1018	621	0	0	0	0	4	0	0	0	0	0.647429	0
conventional	ce1331	621	0	46.295965	0	14	7	10.308687	14.427643	12.052096	9.507539	1.029013	0
conventional	ce1332	621	0	42.404661	0	14	7	5.731652	6.420760	16.368370	13.883879	0	0
conventional	ce1333	622	0	47.997883	0	14	7	4.193513	5.119353	21.367850	17.317167	0.031519	0
holistic	he1019	623	0.075999	6.231607	1	3	3	0.075999	0	6.155608	0	0.742175	0
conventional	ce1334	623	0	34.935401	0	14	7	4.526415	6.935823	10.117012	13.356151	0	0
conventional	ce1335	623	0	53.874096	0	14	7	8.768927	8.448563	14.648340	22.008266	0	0
conventional	ce1336	623	0	42.342283	0	14	7	3.981525	11.132146	11.332423	15.896189	1.323263	0
holistic	he1020	624	0	0	0	0	6	0	0	0	0	1.875672	1.218008
holistic	he1021	624	0	0	0	0	1	0	0	0	0	1.429169	0
conventional	ce1337	624	0	39.425335	0	14	7	13.768098	11.435387	6.910856	7.310994	1.364381	0
holistic	he1022	625	0	0	0	0	0	0	0	0	0	0	0
holistic	he1023	625	0	0	0	0	4	0	0	0	0	0.647429	0
holistic	he1024	625	0	0	0	0	1	0	0	0	0	1.966753	0
conventional	ce1338	625	0	33.281953	0	14	7	7.799532	3.348016	10.649746	11.484659	1.001567	0
conventional	ce1339	625	0	43.675877	0	14	7	4.019619	5.573482	17.194471	16.888305	1.481761	0
conventional	ce1340	625	0	58.841384	0	14	7	10.852917	7.831892	21.038620	19.117955	0	0
holistic	he1025	626	0	0	0	0	4	0	0	0	0	0.570912	0
holistic	he1026	626	0	0	0	0	7	0	0	0	0	2.640865	0
holistic	he1027	626	0	0	0	0	1	0	0	0	0	4.312159	0
conventional	ce1341	626	0	51.118930	0	14	7	9.484402	9.196880	14.206880	18.230768	0	0
conventional	ce1342	626	0	33.294489	0	14	7	4.698853	7.415782	11.601447	9.578407	0.350038	0
conventional	ce1343	626	0	42.487371	0	14	7	11.551683	12.387585	8.327492	10.220611	0.821626	0
holistic	he1028	627	0	0	0	0	4	0	0	0	0	2.054012	0.971853
holistic	he1029	627	0	0	0	0	17	0	0	0	0	14.161663	0
conventional	ce1344	627	0	17.448469	0	14	7	1.639296	3.685182	4.103772	8.020219	0.575070	0
conventional	ce1345	627	0	31.888350	0	14	7	2.317635	7.808432	12.371707	9.390576	0.098122	0
holistic	he1030	628	0	0	0	0	4	0	0	0	0	0	0
holistic	he1031	628	0	0	0	0	2	0	0	0	0	1.736258	0
conventional	ce1346	628	0	48.414285	0	14	7	12.455778	9.696003	15.243094	11.019410	0.710503	0
holistic	he1032	629	0.151998	0.151998	2	2	3	0.151998	0	0	0	1.484350	0
conventional	ce1347	629	0	60.837382	0	14	7	9.011620	13.789395	17.037334	20.999033	0.327352	0
conventional	ce1348	629	0	55.406241	0	14	7	8.985115	7.530184	20.471924	18.419018	0	0
conventional	ce1349	629	0	46.961419	0	14	7	3.956099	9.594248	19.725107	13.685965	0	0
conventional	ce1350	629	0	40.710336	0	14	7	7.748542	12.483923	9.263392	11.214479	0	0
conventional	ce1351	630	0	48.730601	0	14	7	7.562082	6.428525	19.368001	15.371993	1.570420	0
holistic	he1033	631	0	0	0	0	15	0	0	0	0	15.619047	0
holistic	he1034	631	0	0	0	0	4	0	0	0	0	2.064557	1.122901
conventional	ce1352	631	0	51.023983	0	14	7	4.096503	9.957237	23.794292	13.175951	0	0
conventional	ce1353	631	0	38.306393	0	14	7	3.222227	4.321704	14.448884	16.313578	1.432543	0
holistic	he1035	632	0	0	0	0	8	0	0	0	0	4.671584	0
holistic	he1036	632	0	0	0	0	7	0	0	0	0	2.364669	0
holistic	he1037	632	0	0	0	0	2	0	0	0	0	0.481293	0
holistic	he1038	632	0	0	0	0	1	0	0	0	0	4.312159	0
conventional	ce1354	632	0	31.164158	0	14	7	4.376451	3.583114	11.952149	11.252444	0.031519	0
conventional	ce1355	632	0	25.251253	0	14	7	1.574028	5.925790	7.837727	9.913708	0.185749	0
holistic	he1039	633	0	0	0	0	2	0	0	0	0	3.472516	0
holistic	he1040	633	0	0	0	0	0	0	0	0	0	0	0
holistic	he1041	633	0	0	0	0	7	0	0	0	0	0	0
holistic	he1042	633	0	0	0	0	2	0	0	0	0	3.312353	0
conventional	ce1356	633	0	40.569898	0	14	7	2.572743	5.912895	19.804615	12.279645	0	0
conventional	ce1357	633	0	46.252876	0	14	7	7.472931	14.943189	13.515894	10.320862	0	0
conventional	ce1358	634	0	46.597572	0	14	7	8.863354	12.317471	12.913910	12.502837	0	0
conventional	ce1359	635	0	54.007601	0	14	7	9.019791	15.698355	13.907620	15.381835	0	0
conventional	ce1360	635	0	45.706167	0	14	7	4.024528	10.431995	15.133222	16.116422	1.254792	0
conventional	ce1361	636	0	50.200713	0	14	7	9.084324	7.588298	18.565817	14.962274	1.156733	0
conventional	ce1362	636	0	32.082285	0	14	7	5.585741	2.042171	13.959373	10.495000	0	0
holistic	he1043	637	0	0	0	0	9	0	0	0	0	7.224418	0
holistic	he1044	637	0	0	0	0	3	0	0	0	0	1.210914	0
holistic	he1045	637	0	0	0	0	1	0	0	0	0	1.429169	0
holistic	he1046	637	0	0	0	0	3	0	0	0	0	0	0
conventional	ce1363	637	0	38.985628	0	14	7	4.934778	4.129300	15.541342	14.380208	0.031519	0
conventional	ce1364	637	0	54.326009	0	14	7	9.541414	7.762343	18.545804	18.476448	0	0
holistic	he1047	638	0	0	0	0	3	0	0	0	0	0.059203	0
conventional	ce1365	638	0	44.778102	0	14	7	8.501310	10.681462	12.895535	12.699795	0	0
conventional	ce1366	638	0	23.941377	0	14	7	3.671489	2.935789	10.375668	6.958431	0.475012	0
holistic	he1048	639	0	5.249372	0	4	14	0	0	5.249372	0	9.251327	0
holistic	he1049	639	0	0	0	0	4	0	0	0	0	1.975362	1.207974
conventional	ce1367	639	0	34.885845	0	14	7	4.006976	4.447647	13.883206	12.548016	0.031519	0
conventional	ce1368	639	0	26.039483	0	14	7	2.002071	3.409797	12.114821	8.512794	1.416646	0
holistic	he1050	640	0	0	0	0	7	0	0	0	0	2.640865	0
conventional	ce1369	640	0	49.276986	0	14	7	13.332134	9.586751	12.975430	13.382671	1.118215	0
holistic	he1051	641	0	0	0	0	12	0	0	0	0	9.345424	0
holistic	he1052	641	0	0	0	0	3	0	0	0	0	0.936389	0
conventional	ce1370	641	0	42.086028	0	14	7	10.000125	10.731835	10.908842	10.445226	0.683082	0
conventional	ce1371	641	0	41.409180	0	14	7	5.061898	5.534469	20.183756	10.629057	1.019969	0
conventional	ce1372	641	0	32.665558	0	14	7	2.157740	3.754374	13.380223	13.373221	1.432543	0
holistic	he1053	642	0	0	0	0	1	0	0	0	0	0.661630	0
conventional	ce1373	642	0	45.065037	0	14	7	4.579899	11.745391	11.705411	17.034336	0.568384	0
conventional	ce1374	642	0	53.350000	0	14	7	15.068042	8.150153	18.777395	11.354410	0.710503	0
conventional	ce1375	642	0	39.336645	0	14	7	11.990708	11.088757	5.654787	10.602393	0.491082	0
holistic	he1054	643	0	5.400600	0	8	17	0	0	5.400600	0	16.863727	0
holistic	he1055	643	0	0	0	0	4	0	0	0	0	2.911100	0
holistic	he1056	643	0.090051	0.090051	1	1	1	0.090051	0	0	0	0.742175	0
holistic	he1057	643	0	0	0	0	3	0	0	0	0	0.995244	0
conventional	ce1376	643	0	47.681101	0	14	7	8.118422	12.785440	13.234382	13.542857	0	0
holistic	he1058	644	0	0	0	0	1	0	0	0	0	2.092871	0
holistic	he1059	645	0	0	0	0	4	0	0	0	0	0.709937	0
holistic	he1060	645	0	0	0	0	1	0	0	0	0	0.481293	0
conventional	ce1377	645	0	40.942613	0	14	7	5.680224	8.408619	10.270483	16.583287	0	0
conventional	ce1378	645	0	48.698772	0	14	7	12.726151	11.037707	13.717723	11.217191	1.859020	0
conventional	ce1379	645	0	28.968502	0	14	7	3.507099	8.276298	7.855518	9.329587	0.098122	0
conventional	ce1380	645	0	23.792195	0	14	7	3.971833	3.376634	8.607800	7.835928	0.031519	0
conventional	ce1381	645	0	51.009297	0	14	7	8.613102	7.626491	17.216581	17.553123	0	0
conventional	ce1382	645	0	45.816461	0	14	7	4.456186	11.919447	10.526126	18.914702	1.323263	0
holistic	he1061	646	0	0	0	0	14	0	0	0	0	8.647133	0
conventional	ce1383	646	0	49.727499	0	14	7	9.408388	6.503581	14.205196	19.610334	0	0
conventional	ce1384	646	0	29.889190	0	14	7	3.122784	3.908910	12.002407	10.855089	2.096710	0
holistic	he1062	647	0	0	0	0	4	0	0	0	0	3.324166	0
holistic	he1063	647	0	0	0	0	3	0	0	0	0	1.210914	0
conventional	ce1385	647	0	17.468887	0	14	7	2.700844	4.537570	1.504106	8.726367	0.874640	0
conventional	ce1386	647	0	45.823028	0	14	7	2.853410	1.892478	20.642116	20.435024	0.008110	0
conventional	ce1387	647	0	36.621588	0	14	7	3.150678	8.902631	10.057801	14.510478	1.323263	0
holistic	he1064	648	0	0	0	0	1	0	0	0	0	1.897105	0
conventional	ce1388	648	0	21.917578	0	14	7	1.217958	5.529994	6.072000	9.097626	0.185749	0
conventional	ce1389	648	0	36.431557	0	14	7	5.741862	10.019504	8.213216	12.456975	2.595317	0
conventional	ce1390	649	0	31.030493	0	14	7	3.718095	9.914417	10.665779	6.732202	0.098122	0
conventional	ce1391	649	0	19.845472	0	14	7	3.185362	3.229333	8.235992	5.194785	0.475012	0
conventional	ce1392	649	0	36.620523	0	14	7	6.419776	11.865876	7.233539	11.101332	0	0
conventional	ce1393	649	1.560768	45.653260	1	14	7	5.098490	9.436150	12.090763	19.027857	0	0
conventional	ce1394	649	0	46.740755	0	14	7	8.743199	9.670172	13.449394	14.877990	0	0
conventional	ce1395	650	0	42.877600	0	14	7	9.524058	13.974181	10.975163	8.404198	0	0
conventional	ce1396	650	0	26.654903	0	14	7	1.689622	7.043726	9.275285	8.646270	0.185749	0
conventional	ce1397	650	0	59.299844	0	14	7	12.312416	4.173840	21.372919	21.440669	0.570304	0
conventional	ce1398	650	0	28.042768	0	14	7	3.851812	6.480931	12.318072	5.391953	2.267665	0
conventional	ce1399	651	0	44.083282	0	14	7	3.601828	2.790445	18.954119	18.736890	0.008110	0
conventional	ce1400	651	0	45.564736	0	14	7	13.753250	14.446259	11.146967	6.218260	2.340568	0
conventional	ce1401	651	0	31.091517	0	14	7	3.344711	8.809491	9.282874	9.654441	0.098122	0
conventional	ce1402	651	0	62.047010	0	14	7	9.293658	8.410351	23.945922	20.397079	1.432543	0
holistic	he1065	652	0	0	0	0	1	0	0	0	0	0.384633	0
conventional	ce1403	652	0	44.676923	0	14	7	10.523721	13.663164	10.307296	10.182742	0.821626	0
conventional	ce1404	652	0	44.907676	0	14	7	6.286351	8.766133	12.207887	17.647305	0	0
conventional	ce1405	652	0	58.759117	0	14	7	16.385414	12.554290	17.416392	12.403021	1.477786	0
holistic	he1066	653	0	0	0	0	8	0	0	0	0	2.985917	0
conventional	ce1406	653	0	49.593133	0	14	7	6.152357	15.002316	15.187136	13.251324	0	0
conventional	ce1407	653	0	46.708734	0	14	7	13.460261	9.072531	10.379090	13.796852	0.568384	0
conventional	ce1408	654	0	33.878694	0	14	7	3.281633	4.302580	15.377624	10.916857	0	0
conventional	ce1409	654	0	32.907390	0	14	7	4.756667	7.441581	10.637318	10.071824	0.350038	0
conventional	ce1410	654	0	44.679078	0	14	7	8.714873	9.835371	12.898327	13.230507	0	0
conventional	ce1411	654	0	35.683656	0	14	7	2.746409	3.619978	13.776707	15.540562	3.986642	0
conventional	ce1412	655	0	55.851919	0	14	7	9.291186	5.641196	22.007060	18.912477	0	0
conventional	ce1413	655	0	52.303859	0	14	7	8.809109	6.636223	18.698040	18.160487	0.710503	0
holistic	he1067	656	0	0	0	0	4	0	0	0	0	1.656443	0
conventional	ce1414	656	0	48.710348	0	14	7	8.298370	10.938714	15.356071	14.117193	0	0
holistic	he1068	657	0	0	0	0	4	0	0	0	0	1.690309	0.652891
conventional	ce1415	657	0	35.055202	0	14	7	4.136420	1.812251	17.247137	11.859394	1.477786	0
conventional	ce1416	657	0	34.468385	0	14	7	3.122292	13.905368	8.295459	9.145266	0	0
conventional	ce1417	658	0	36.904830	0	14	7	4.237063	2.264635	17.058691	13.344441	0	0
conventional	ce1418	658	0	53.716551	0	14	7	3.111088	13.468880	18.732841	18.403742	1.254792	0
holistic	he1069	659	0	0	0	0	1	0	0	0	0	2.066499	0
holistic	he1070	659	0	0	0	0	4	0	0	0	0	0.548984	0
conventional	ce1419	659	0	35.591687	0	14	7	4.712016	2.221941	16.827432	11.830298	0	0
conventional	ce1420	659	0	44.800671	0	14	7	3.783917	12.075943	12.033990	16.906821	1.323263	0
holistic	he1071	660	0	0	0	0	1	0	0	0	0	0.760019	0
holistic	he1072	660	0	0	0	0	17	0	0	0	0	14.266783	0
holistic	he1073	660	0	0	0	0	0	0	0	0	0	0	0
holistic	he1074	660	0	4.050450	0	6	14	0	0	4.050450	0	13.688558	0
holistic	he1075	660	0.647668	1.287199	1	1	6	0	0	1.287199	0	7.308403	0
holistic	he1076	660	0	0	0	0	3	0	0	0	0	3.324166	0
conventional	ce1421	661	0	34.745911	0	14	7	5.627999	1.800348	17.497352	9.820212	1.477786	0
conventional	ce1422	662	0	40.194379	0	14	7	2.820410	4.072473	18.113386	15.188110	3.986642	0
conventional	ce1423	663	0	49.794210	0	14	7	8.380685	9.705250	16.362743	15.345532	0	0
holistic	he1077	664	0	0	0	0	15	0	0	0	0	4.106134	3.272858
holistic	he1078	664	0	0	0	0	9	0	0	0	0	15.316258	0
holistic	he1079	664	0	0	0	0	9	0	0	0	0	5.819368	0
holistic	he1080	664	0	0	0	0	3	0	0	0	0	0.995244	0
holistic	he1081	664	0	0	0	0	1	0	0	0	0	4.364931	0
conventional	ce1424	664	0	35.312155	0	14	7	4.355195	8.487801	13.106071	9.363088	0	0
conventional	ce1425	664	0	45.632544	0	14	7	4.080391	9.998705	14.598513	16.954935	1.976331	0
conventional	ce1426	664	0	42.368756	0	14	7	4.368145	4.540071	19.589567	13.870973	1.019969	0
conventional	ce1427	665	0	30.117364	0	14	7	2.793309	3.451144	11.430341	12.442570	0.031519	0
conventional	ce1428	665	0	47.566618	0	14	7	7.999398	6.020280	17.106702	16.440238	0.710503	0
conventional	ce1429	665	0	46.312231	0	14	7	14.559946	16.788534	6.769774	8.193977	1.477786	0
holistic	he1082	666	0	0	0	0	3	0	0	0	0	0.936389	0
conventional	ce1430	666	0	33.568718	0	14	7	4.787734	6.678881	11.580764	10.521339	0.350038	0
conventional	ce1431	666	0	54.259254	0	14	7	9.250428	6.808429	20.495755	17.704642	0.570304	0
conventional	ce1432	666	0	24.727829	0	14	7	3.573131	5.520843	10.473230	5.160625	2.096710	0
conventional	ce1433	667	0	70.663766	0	14	7	15.956547	13.060105	14.809519	26.837595	1.118215	0
conventional	ce1434	667	0	39.163814	0	14	7	4.396823	3.626504	15.758741	15.381746	0	0
conventional	ce1435	667	0	28.379931	0	14	7	2.622963	2.686796	10.304438	12.765734	1.870681	0
holistic	he1083	668	0.151998	0.151998	2	2	3	0.151998	0	0	0	1.484350	0
holistic	he1084	668	0	0	0	0	20	0	0	0	0	5.454358	0
conventional	ce1436	668	0	33.337404	0	14	7	2.894431	12.957323	7.584598	9.901052	0	0
conventional	ce1437	668	0	38.537718	0	14	7	2.795781	3.053259	19.537601	13.151077	0	0
conventional	ce1438	669	0	32.822846	0	14	7	5.652559	3.364952	12.044894	11.760441	0.031519	0
conventional	ce1439	670	0	60.094809	0	14	7	15.658681	6.796885	19.526180	18.113063	0.710503	0
conventional	ce1440	670	0	56.804149	0	14	7	9.702104	9.432371	14.702610	22.967064	0	0
conventional	ce1441	670	0	43.866095	0	14	7	8.538391	10.676829	11.498610	13.152265	0	0
holistic	he1085	671	0	0	0	0	4	0	0	0	0	1.803843	0
conventional	ce1442	671	0	52.650611	0	14	7	6.066326	8.910947	19.245334	18.428004	0.678355	0
conventional	ce1443	671	0	44.424215	0	14	7	3.013832	9.445779	19.145477	12.819127	0	0
conventional	ce1444	671	0	42.227301	0	14	7	6.107549	1.890290	20.502319	13.727143	0	0
conventional	ce1445	671	0	32.784762	0	14	7	4.102119	6.579868	10.799358	11.303417	0.974568	0
holistic	he1086	672	0	0	0	0	3	0	0	0	0	1.487712	1.155540
holistic	he1087	672	0	0	0	0	1	0	0	0	0	0.481293	0
holistic	he1088	672	0.151998	0.151998	2	2	2	0.151998	0	0	0	2.255672	0
holistic	he1089	672	0	0	0	0	3	0	0	0	0	4.466045	0
conventional	ce1446	672	0	50.728693	0	14	7	4.926968	12.529227	15.575328	17.697170	0.568384	0
conventional	ce1447	672	0	30.423392	0	14	7	3.675110	4.049662	11.873918	10.824702	1.870681	0
conventional	ce1448	672	0	53.826430	0	14	7	6.686909	9.403304	19.589975	18.146242	0.710503	0
conventional	ce1449	673	0	34.758035	0	14	7	3.758439	9.949081	9.846228	11.204287	0.098122	0
conventional	ce1450	673	0.308237	36.704882	1	14	7	4.684485	13.675180	10.618284	7.726933	0	0
conventional	ce1451	673	0	42.354781	0	14	7	8.574816	13.143955	10.125760	10.510250	0	0
conventional	ce1452	673	0	31.789232	0	14	7	2.149645	10.759308	10.570923	8.309356	0.098122	0
conventional	ce1453	674	0	51.371786	0	14	7	3.438883	12.677587	17.916405	17.338911	1.254792	0
conventional	ce1454	674	0	37.001282	0	14	7	4.517254	10.838766	8.931067	12.714195	0.568384	0
conventional	ce1455	674	0.112632	49.359473	1	14	7	12.209856	10.484690	16.167145	10.497782	0.710503	0
holistic	he1090	675	0	0	0	0	4	0	0	0	0	1.115041	0.494223
holistic	he1091	675	0	0	0	0	2	0	0	0	0	1.736258	0
holistic	he1092	675	0	0	0	0	2	0	0	0	0	1.210914	0
conventional	ce1456	675	0	39.833746	0	14	7	7.081096	13.958640	11.149767	7.644243	0	0
conventional	ce1457	675	0	51.870504	0	14	7	9.377833	7.750678	21.149655	13.592338	0	0
holistic	he1093	676	0	0	0	0	3	0	0	0	0	0.936389	0
holistic	he1094	676	0	0	0	0	14	0	0	0	0	8.390949	0
holistic	he1095	676	0	0	0	0	1	0	0	0	0	4.312159	0
holistic	he1096	676	0	0	0	0	9	0	0	0	0	2.025803	0
conventional	ce1458	676	0	54.019266	0	14	7	4.602889	11.245411	18.186005	19.984961	1.254792	0
conventional	ce1459	676	0	28.798013	0	14	7	4.962017	3.672468	9.988831	10.174697	0	0
conventional	ce1460	676	0	34.006741	0	14	7	4.754764	6.752496	12.284243	10.215238	0.350038	0
conventional	ce1461	677	0	32.651270	0	14	7	2.410825	3.236751	13.256687	13.747007	0.031519	0
conventional	ce1462	678	0	40.173145	0	14	7	7.930793	8.365334	15.466354	8.410664	0	0
conventional	ce1463	678	0	36.941791	0	14	7	3.448061	9.324377	10.725458	13.443895	0.098122	0
holistic	he1097	679	0	0	0	0	12	0	0	0	0	9.620184	0
conventional	ce1464	679	0	54.798606	0	14	7	7.954228	10.691362	16.226307	19.926709	0.678355	0
holistic	he1098	680	0	0	0	0	4	0	0	0	0	0.548984	0
holistic	he1099	681	0	0	0	0	3	0	0	0	0	0.936041	0
conventional	ce1465	681	0	55.189743	0	14	7	8.749456	8.676876	20.073193	17.690218	0	0
conventional	ce1466	681	0	38.141256	0	14	7	3.229953	4.223771	14.304289	16.383243	1.891352	0
holistic	he1100	683	0	0	0	0	9	0	0	0	0	15.374604	0
conventional	ce1467	683	0	46.129771	0	14	7	5.527814	15.895853	9.357212	15.348892	0.098122	0
conventional	ce1468	683	0.400261	53.445368	1	14	7	6.430866	12.387602	15.196851	19.430049	0.568384	0
conventional	ce1469	683	0	54.754936	0	14	7	8.564342	6.155949	15.627601	24.407044	0	0
holistic	he1101	684	0.075999	0.075999	1	1	1	0.075999	0	0	0	0.742175	0
holistic	he1102	684	0	0	0	0	4	0	0	0	0	2.054012	0.971853
holistic	he1103	685	0	0	0	0	7	0	0	0	0	2.364669	0
holistic	he1104	685	0	0	0	0	3	0	0	0	0	1.091256	0
conventional	ce1470	685	0	34.648384	0	14	7	8.547992	1.692973	13.286332	11.121087	1.500124	0
holistic	he1105	686	0	0	0	0	16	0	0	0	0	8.647133	0
holistic	he1106	686	0	0	0	0	2	0	0	0	0	1.943062	0
holistic	he1107	686	0	0	0	0	4	0	0	0	0	1.975362	1.207974
holistic	he1108	686	0	0	0	0	17	0	0	0	0	14.261188	0
conventional	ce1471	686	0	50.259621	0	14	7	9.768687	10.918992	16.188083	13.383859	0	0
holistic	he1109	687	0	0	0	0	3	0	0	0	0	1.024349	0
holistic	he1110	687	0	0	0	0	4	0	0	0	0	8.319040	0
holistic	he1111	688	0	0	0	0	17	0	0	0	0	14.266783	0
holistic	he1112	688	0	0	0	0	4	0	0	0	0	0.647032	0
conventional	ce1472	688	0	40.375197	0	14	7	2.981902	5.400410	14.619163	17.373722	1.620301	0
holistic	he1113	689	0	0	0	0	6	0	0	0	0	4.671584	0
holistic	he1114	689	0	0	0	0	3	0	0	0	0	3.788777	0
holistic	he1115	689	0	0	0	0	9	0	0	0	0	15.322242	0
conventional	ce1473	689	0	47.319022	0	14	7	4.656224	12.924896	12.141339	17.596563	0.568384	0
conventional	ce1474	689	0	43.838281	0	14	7	8.018720	10.400529	13.031137	12.387895	0.250489	0
conventional	ce1475	689	0	29.246399	0	14	7	2.875640	9.071537	7.808343	9.490879	0.098122	0
holistic	he1116	690	0	0	0	0	6	0	0	0	0	4.282250	0
holistic	he1117	691	0	0	0	0	2	0	0	0	0	1.698806	0
holistic	he1118	691	0	0	0	0	2	0	0	0	0	0	0
conventional	ce1476	691	0	36.949570	0	14	7	2.361995	3.840259	15.898042	14.849274	3.986642	0
conventional	ce1477	691	0	38.859658	0	14	7	4.976545	3.290548	17.122914	13.469651	1.477786	0
conventional	ce1478	691	0	35.367262	0	14	7	3.837195	7.307200	12.925504	11.297363	0.098122	0
holistic	he1119	692	0	0	0	0	8	0	0	0	0	3.380618	1.305782
holistic	he1120	692	0	0	0	0	0	0	0	0	0	0	0
holistic	he1121	692	0	0	0	0	3	0	0	0	0	0.165643	0
holistic	he1122	692	0	0	0	0	4	0	0	0	0	8.398232	0
conventional	ce1479	692	0	40.477508	0	14	7	3.087055	4.515639	17.864021	15.010793	3.986642	0
holistic	he1123	693	0	0	0	0	2	0	0	0	0	1.736258	0
holistic	he1124	693	0	0	0	0	0	0	0	0	0	0	0
holistic	he1125	694	0	0	0	0	1	0	0	0	0	1.812497	0
conventional	ce1480	694	0	50.424098	0	14	7	10.046605	7.007937	20.065570	13.303986	0	0
conventional	ce1481	694	0	32.461953	0	14	7	4.979180	2.137020	16.084188	9.261565	0	0
holistic	he1126	695	0	0	0	0	3	0	0	0	0	4.466045	0
conventional	ce1482	695	0	54.504480	0	14	7	11.897938	4.645532	18.557339	19.403671	0.570304	0
holistic	he1127	696	0	0	0	0	0	0	0	0	0	0	0
holistic	he1128	696	0	0	0	0	1	0	0	0	0	2.066499	0
conventional	ce1483	696	0	37.745011	0	14	7	5.929674	1.389227	13.869549	16.556561	0	0
conventional	ce1484	696	0	50.797871	0	14	7	9.501431	10.339408	15.560355	15.396677	0	0
conventional	ce1485	696	0	40.784441	0	14	7	6.143756	6.221981	14.388536	14.030168	2.516977	0
holistic	he1129	697	0	5.400600	0	8	17	0	0	5.400600	0	16.421746	0
holistic	he1130	697	0	0	0	0	3	0	0	0	0	5.801554	0
holistic	he1131	697	0	0	0	0	7	0	0	0	0	0.331286	0
holistic	he1132	697	0	0	0	0	4	0	0	0	0	1.744018	0
conventional	ce1486	697	0	30.604324	0	14	7	3.828478	8.568191	8.562882	9.644773	0.098122	0
holistic	he1133	698	1.295336	2.574398	2	2	12	0	0	2.574398	0	20.019878	0
holistic	he1134	698	0	0	0	0	2	0	0	0	0	3.794210	0
conventional	ce1487	698	0	41.980389	0	14	7	3.650955	5.138659	18.367054	14.823721	3.986642	0
conventional	ce1488	698	0	54.857105	0	14	7	8.380685	10.413799	18.206061	17.856560	0	0
conventional	ce1489	698	0	55.300302	0	14	7	7.061803	18.138092	12.183686	17.916721	0	0
holistic	he1135	699	0	0	0	0	3	0	0	0	0	1.214106	0
holistic	he1136	699	0	0	0	0	7	0	0	0	0	2.640865	0
holistic	he1137	700	0	0	0	0	4	0	0	0	0	0.617997	0
holistic	he1138	700	0	0	0	0	4	0	0	0	0	1.744018	0
conventional	ce1490	700	0	57.768436	0	14	7	3.810800	15.089431	19.381769	19.486436	1.976331	0
conventional	ce1491	700	0	52.058902	0	14	7	7.534610	10.600842	16.205690	17.717760	0	0
holistic	he1139	701	0	0	0	0	6	0	0	0	0	3.838662	0
holistic	he1140	701	0	0	0	0	1	0	0	0	0	2.678188	0
holistic	he1141	701	0	0	0	0	4	0	0	0	0	1.115041	0.494223
conventional	ce1492	701	0	37.238966	0	14	7	4.826286	8.282883	13.044561	11.085236	0.350038	0
conventional	ce1493	701	0	53.894986	0	14	7	9.738968	8.315079	13.763703	22.077236	0	0
holistic	he1142	702	0	0	0	0	14	0	0	0	0	8.647133	0
holistic	he1143	702	0	4.746880	0	8	17	0	0	4.746880	0	13.361821	0
holistic	he1144	702	0	0	0	0	4	0	0	0	0	0	0
conventional	ce1494	702	0	43.054524	0	14	7	3.118418	5.574878	17.137847	17.223381	3.986642	0
conventional	ce1495	702	0	60.643971	0	14	7	11.065435	9.309311	14.872177	25.397048	0	0
conventional	ce1496	702	0	42.679688	0	14	7	4.358817	4.042877	18.321361	15.956633	0	0
holistic	he1145	703	0	0	0	0	0	0	0	0	0	0	0
holistic	he1146	703	0	0	0	0	10	0	0	0	0	5.167364	0
conventional	ce1497	703	0	48.754851	0	14	7	7.413822	9.152625	15.924102	16.264302	0	0
holistic	he1147	704	0	0	0	0	1	0	0	0	0	1.617334	0
holistic	he1148	704	0	0	0	0	14	0	0	0	0	4.938765	0
holistic	he1149	705	0	0	0	0	2	0	0	0	0	0	0
holistic	he1150	705	0	0	0	0	7	0	0	0	0	2.416009	0
conventional	ce1498	705	0	34.112080	0	14	7	3.574653	5.119939	12.771259	12.646229	0.339696	0
holistic	he1151	706	0	0	0	0	10	0	0	0	0	1.487712	1.996922
holistic	he1152	706	0	0	0	0	5	0	0	0	0	1.803843	0
conventional	ce1499	706	0	59.012499	0	14	7	10.847400	6.064561	20.566246	21.534292	0.359623	0
conventional	ce1500	706	0	46.911545	0	14	7	7.328748	8.471783	15.961872	15.149142	0.678355	0
holistic	he1153	707	0	0	0	0	1	0	0	0	0	2.678188	0
holistic	he1154	707	0	0	0	0	4	0	0	0	0	3.794210	0
holistic	he1155	707	0	0	0	0	12	0	0	0	0	3.760477	0
holistic	he1156	708	0	0	0	0	1	0	0	0	0	0	0
holistic	he1157	708	0	0	0	0	14	0	0	0	0	4.816900	0
conventional	ce1501	708	0	49.807518	0	14	7	7.461485	10.395636	15.875029	16.075368	0.350038	0
conventional	ce1502	708	0	55.424194	0	14	7	7.745175	12.405762	18.215644	17.057613	0	0
holistic	he1158	709	0	0	0	0	3	0	0	0	0	0	0
holistic	he1159	709	0	0	0	0	16	0	0	0	0	8.647133	0
holistic	he1160	709	0	0	0	0	2	0	0	0	0	1.736258	0
conventional	ce1503	709	0	37.934915	0	14	7	3.641552	15.376606	5.999850	12.916907	0	0
conventional	ce1504	710	0	40.931428	0	14	7	3.020560	14.530086	9.752223	13.628559	0	0
conventional	ce1505	710	0	32.156692	0	14	7	2.762881	12.228717	9.355527	7.809567	0.350038	0
holistic	he1161	711	0	0	0	0	5	0	0	0	0	0	0
conventional	ce1506	711	0	46.552355	0	14	7	5.094350	15.602822	12.359392	13.495791	0.098122	0
conventional	ce1507	711	0	35.106100	0	14	7	3.641263	6.832790	12.610969	12.021078	1.870681	0
conventional	ce1508	711	0	48.569248	0	14	7	4.363296	10.465798	15.483378	18.256776	0.350038	0
holistic	he1162	712	0	0	0	0	6	0	0	0	0	4.671584	0
holistic	he1163	712	0	0	0	0	2	0	0	0	0	2.278288	0
conventional	ce1509	712	0	38.125771	0	14	7	4.558610	9.707880	10.536265	13.323016	0.098122	0
holistic	he1164	713	0	0	0	0	5	0	0	0	0	1.115041	0.511874
conventional	ce1510	713	0	52.836619	0	14	7	8.310860	10.197304	16.839579	17.488876	0.350038	0
conventional	ce1511	714	0	51.905335	0	14	7	7.816390	12.980431	15.895585	15.212929	0	0
conventional	ce1512	714	0	51.731909	0	14	7	8.035029	10.158033	17.188967	16.349880	0	0
conventional	ce1513	714	0	36.206868	0	14	7	3.448061	9.321138	10.962936	12.474733	1.870681	0
conventional	ce1514	714	0	49.461129	0	14	7	5.528218	15.989831	13.488728	14.454352	1.512045	0
holistic	he1165	715	1.741213	2.000624	1	2	3	2.000624	0	0	0	4.466045	0
conventional	ce1515	715	0	43.008122	0	14	7	8.122881	9.305149	14.569269	11.010823	0	0
conventional	ce1516	715	0	30.526568	0	14	7	3.142714	9.871113	8.103168	9.409573	0.291430	0
conventional	ce1517	715	0	42.141412	0	14	7	6.213904	2.425340	18.063119	15.439049	0	0
holistic	he1166	717	0	0	0	0	2	0	0	0	0	1.210914	0
conventional	ce1518	717	0	41.896238	0	14	7	4.340799	2.982716	18.397155	16.175568	0.098122	0
conventional	ce1519	717	0	56.798309	0	14	7	5.895193	11.104665	20.235031	19.563420	0.678355	0
conventional	ce1520	717	0	62.512968	0	14	7	12.088065	10.007150	16.779705	23.638048	0	0
conventional	ce1521	718	0	55.277899	0	14	7	7.743269	8.911143	17.438463	21.185024	0.678355	0
conventional	ce1522	718	0	44.006833	0	14	7	3.993545	1.321588	21.073873	17.617827	3.403765	0
conventional	ce1523	718	0	39.914807	0	14	7	8.362522	8.778740	12.075357	10.698188	0	0
conventional	ce1524	718	0	53.947901	0	14	7	6.742002	12.301586	15.851627	19.052686	0.098122	0
conventional	ce1525	718	0	37.708512	0	14	7	4.928930	8.270024	13.283960	11.225598	2.973430	0
conventional	ce1526	718	0	52.441063	0	14	7	8.523510	11.098178	14.993192	17.826183	0	0
holistic	he1167	719	0	0	0	0	1	0	0	0	0	4.593808	0
holistic	he1168	719	0	0	0	0	14	0	0	0	0	8.039997	0
conventional	ce1527	719	0	40.026056	0	14	7	7.220098	5.795881	12.369430	14.640647	0	0
holistic	he1169	720	0	0	0	0	2	0	0	0	0	1.210914	0
holistic	he1170	720	0	0	0	0	5	0	0	0	0	2.625593	0
holistic	he1171	720	0	0	0	0	1	0	0	0	0	2.146300	0
conventional	ce1528	720	0	44.655693	0	14	7	6.628595	8.673195	15.605372	13.748531	0.488731	0
conventional	ce1529	721	0	28.992432	0	14	7	1.264781	3.466848	11.467858	12.792945	1.797229	0
conventional	ce1530	722	0	55.618590	0	14	7	8.816448	9.087319	18.603204	19.111619	0.078817	0
conventional	ce1531	722	0	30.187816	0	14	7	2.521761	9.766797	8.251765	9.647493	0.098122	0
conventional	ce1532	722	0	39.757400	0	14	7	3.780564	14.166066	9.215304	12.595466	0	0
conventional	ce1533	722	0	33.473551	0	14	7	4.655369	6.870770	10.811830	11.135582	0.350038	0
conventional	ce1534	723	0	44.109408	0	14	7	6.824253	5.665964	15.975881	15.643310	0.710503	0
holistic	he1172	724	0	0	0	0	2	0	0	0	0	2.980232	0
holistic	he1173	724	0	0	0	0	4	0	0	0	0	2.114775	1.207974
holistic	he1174	724	0	0	0	0	6	0	0	0	0	2.448666	0
holistic	he1175	724	0	0	0	0	18	0	0	0	0	4.938765	0
conventional	ce1535	724	0	49.139887	0	14	7	6.041290	9.649681	17.999982	15.448934	0.678355	0
conventional	ce1536	725	0	44.571127	0	14	7	11.410116	3.663547	16.114101	13.383363	1.171672	0
conventional	ce1537	725	0	24.519750	0	14	7	2.365552	1.968316	8.825257	11.360625	1.870681	0
holistic	he1176	726	0	0	0	0	4	0	0	0	0	1.355559	0.494223
conventional	ce1538	726	0	40.430113	0	14	7	7.001718	14.248094	11.391092	7.789209	0	0
holistic	he1177	727	0	0	0	0	1	0	0	0	0	1.846498	0
conventional	ce1539	727	0	59.782229	0	14	7	10.972542	6.310450	24.213358	18.285879	0	0
conventional	ce1540	727	0	33.009955	0	14	7	1.848073	3.665368	17.441790	10.054724	3.986642	0
conventional	ce1541	727	0.122118	45.558918	1	14	7	6.021735	10.229675	11.581350	17.726158	0.057495	0
holistic	he1178	728	0	0	0	0	1	0	0	0	0	0	0
conventional	ce1542	728	0	39.883511	0	14	7	5.973745	9.666109	15.003054	9.240603	0	0
conventional	ce1543	728	0	33.247319	0	14	7	3.175093	4.577073	13.813856	11.681297	0	0
conventional	ce1544	729	0	49.014074	0	14	7	5.588718	17.160713	10.798698	15.465945	0.098122	0
conventional	ce1545	730	0	48.354846	0	14	7	3.835742	13.264948	15.494466	15.759690	0	0
conventional	ce1546	730	0	58.108828	0	14	7	8.741764	9.397432	20.439811	19.529821	0.078817	0
conventional	ce1547	730	0	56.034199	0	14	7	7.537716	8.721188	19.820370	19.954925	0.678355	0
holistic	he1179	731	0	0	0	0	5	0	0	0	0	3.763304	2.415948
conventional	ce1548	731	0	54.079464	0	14	7	8.778657	15.901593	11.873094	17.526120	0	0
conventional	ce1549	731	0	25.099905	0	14	7	5.382543	2.540829	9.977284	7.199249	1.500124	0
holistic	he1180	732	0	0	0	0	5	0	0	0	0	2.054012	0.971853
holistic	he1181	732	0	0	0	0	2	0	0	0	0	1.210914	0
holistic	he1182	732	0	0	0	0	5	0	0	0	0	1.115041	0.511874
conventional	ce1550	732	0	52.162219	0	14	7	8.540714	10.952943	14.262282	18.406280	0	0
conventional	ce1551	732	0	32.044130	0	14	7	1.981707	9.358761	11.914919	8.788743	0.132958	0
conventional	ce1552	733	0	49.610870	0	14	7	13.296269	3.945474	14.594217	17.774910	1.797229	0
conventional	ce1553	733	0	33.545685	0	14	7	3.630931	8.848600	9.583794	11.482360	0.098122	0
holistic	he1183	734	0	0	0	0	5	0	0	0	0	2.351148	0
conventional	ce1554	734	0	24.938888	0	14	7	3.573778	6.851068	5.927732	8.586310	0.098122	0
conventional	ce1555	734	0	51.520794	0	14	7	7.025839	12.221702	16.808249	15.465004	0.350038	0
conventional	ce1556	734	0	29.405451	0	14	7	2.608597	1.387249	14.008656	11.400949	1.500124	0
holistic	he1184	735	0	0	0	0	14	0	0	0	0	9.069257	0
holistic	he1185	735	0	0	0	0	4	0	0	0	0	0.548984	0
holistic	he1186	735	0	0	0	0	2	0	0	0	0	1.151711	0
conventional	ce1557	735	0	42.106258	0	14	7	6.568145	11.175819	11.305444	13.056850	0.117497	0
conventional	ce1558	735	0	53.056099	0	14	7	10.420590	6.097511	18.428979	18.109019	0.078817	0
holistic	he1187	736	0	0	0	0	4	0	0	0	0	2.114775	0
holistic	he1188	736	0	0	0	0	2	0	0	0	0	1.210914	0
holistic	he1189	736	0	4.034888	0	8	17	0	0	4.034888	0	16.356117	0
conventional	ce1559	736	0	42.812345	0	14	7	3.807788	15.058360	10.518525	13.427672	0.098122	0
conventional	ce1560	736	0	41.664686	0	14	7	9.382566	1.849836	16.424468	14.007816	1.849721	0
conventional	ce1561	736	0	68.903139	0	14	7	5.785349	12.460234	25.415053	25.242503	0.350038	0
conventional	ce1562	736	0	36.197397	0	14	7	3.946103	7.897845	12.441637	11.911812	0.098122	0
conventional	ce1563	736	0	57.477188	0	14	7	8.315380	7.881936	22.099982	19.179890	0	0
conventional	ce1564	737	0	43.556372	0	14	7	4.194692	8.963449	13.774904	16.623327	0.228316	0
conventional	ce1565	737	0	25.778404	0	14	7	8.184389	3.734661	8.473375	5.385979	0	0
conventional	ce1566	737	0	57.602673	0	14	7	11.031711	8.380669	15.060681	23.129612	0	0
conventional	ce1567	738	0	37.681088	0	14	7	8.414720	1.285998	15.693564	12.286806	1.500124	0
conventional	ce1568	738	0	42.780745	0	14	7	11.359904	3.509262	15.661039	12.250540	1.157380	0
holistic	he1190	739	0	0	0	0	4	0	0	0	0	3.594588	0
conventional	ce1569	739	0	59.292564	0	14	7	7.076870	10.005579	19.964090	22.246025	0	0
conventional	ce1570	739	0	42.791607	0	14	7	6.248376	9.012076	12.940053	14.591102	0.078817	0
holistic	he1191	740	1.257213	1.826545	1	1	6	0	0	1.826545	0	7.117118	0
conventional	ce1571	740	0	48.387479	0	14	7	8.539167	9.430416	13.024511	17.393385	0	0
conventional	ce1572	740	0	50.044470	0	14	7	6.879684	2.569206	18.705727	21.889853	0	0
conventional	ce1573	741	0	29.129305	0	14	7	3.711133	2.010720	16.858840	6.548612	3.986642	0
conventional	ce1574	741	0	57.508647	0	14	7	8.884829	10.590321	19.912752	18.120745	0	0
conventional	ce1575	741	0	32.429245	0	14	7	3.868404	7.047903	11.184658	10.328280	0.470808	0
conventional	ce1576	742	0	54.367147	0	14	7	8.290714	12.651366	17.992486	15.432581	0.350038	0
holistic	he1192	743	0	0	0	0	4	0	0	0	0	7.416368	0
conventional	ce1577	743	0	49.261045	0	14	7	7.390773	10.119297	15.258915	16.492060	0.350038	0
conventional	ce1578	743	0	60.425501	0	14	7	8.961355	12.808232	18.292342	20.363572	0	0
conventional	ce1579	743	0	29.355043	0	14	7	2.446842	8.386688	8.360096	10.161417	0.098122	0
holistic	he1193	744	0	0	0	0	2	0	0	0	0	0	0
conventional	ce1580	744	0	53.781792	0	14	7	9.285807	9.118355	15.021003	20.356627	0	0
conventional	ce1581	744	0	37.903955	0	14	7	6.338127	6.225795	11.824556	13.515477	0	0
holistic	he1194	745	0	0	0	0	5	0	0	0	0	1.493020	2.300924
conventional	ce1582	745	0	56.929430	0	14	7	9.418703	10.881291	17.280730	19.348706	0	0
conventional	ce1583	745	0	42.731841	0	14	7	5.184132	8.390090	17.344784	11.812835	0	0
holistic	he1195	746	0	0	0	0	14	0	0	0	0	6.054675	0
holistic	he1196	746	0	6.403870	0	2	3	0	0	6.403870	0	3.615176	0
conventional	ce1584	746	0	58.515368	0	14	7	7.673837	19.456397	14.106595	17.278539	0	0
conventional	ce1585	746	0	62.943249	0	14	7	11.682056	11.467222	20.636402	19.157569	0.350038	0
conventional	ce1586	746	0	55.806445	0	14	7	6.742002	12.301586	17.456094	19.306763	0.098122	0
holistic	he1197	747	0	0	0	0	1	0	0	0	0	2.365293	0
holistic	he1198	747	0	0	0	0	2	0	0	0	0	1.210914	0
holistic	he1199	748	1.206992	1.753580	1	1	9	0	0	1.753580	0	10.133884	0
holistic	he1200	748	0	0	0	0	2	0	0	0	0	1.716757	0
holistic	he1201	748	0	0	0	0	2	0	0	0	0	2.278288	0
conventional	ce1587	748	0	55.173553	0	14	7	6.916364	11.861258	20.487256	15.908675	0	0
conventional	ce1588	748	0	50.030232	0	14	7	8.094925	9.504142	17.296488	15.134677	0	0
holistic	he1202	749	0	2.308912	0	2	10	0	0	2.308912	0	8.334064	0
holistic	he1203	749	0	0	0	0	4	0	0	0	0	2.472555	0
conventional	ce1589	749	0	43.965392	0	14	7	5.149607	9.583441	15.347133	13.885211	0	0
holistic	he1204	750	0	0	0	0	8	0	0	0	0	3.397612	0
holistic	he1205	750	0	0	0	0	5	0	0	0	0	1.496429	0.437611
holistic	he1206	751	0	0	0	0	5	0	0	0	0	1.115041	0.511874
holistic	he1207	751	0	0	0	0	4	0	0	0	0	1.355559	0.494223
conventional	ce1590	751	0	44.175073	0	14	7	9.247240	9.647720	15.014321	10.265792	0	0
conventional	ce1591	751	0	78.581677	0	14	7	8.114065	13.858962	28.190984	28.417666	0.289541	0
holistic	he1208	752	0	0	0	0	4	0	0	0	0	0	0
holistic	he1209	752	0	0	0	0	18	0	0	0	0	8.761593	0
holistic	he1210	752	0	0	0	0	2	0	0	0	0	1.647798	0
conventional	ce1592	752	0	45.341140	0	14	7	5.954026	8.245144	15.565713	15.576257	0	0
holistic	he1211	753	0	0	0	0	2	0	0	0	0	1.736258	0
conventional	ce1593	753	0	46.668740	0	14	7	5.170432	6.792523	18.499368	16.206417	0.350038	0
conventional	ce1594	754	0	41.291878	0	14	7	2.724494	8.180869	12.056948	18.329567	0.287451	0
holistic	he1212	755	0	0	0	0	4	0	0	0	0	1.717298	0
conventional	ce1595	755	0	31.496535	0	14	7	1.331905	3.708753	13.044363	13.411514	2.306791	0
conventional	ce1596	755	0	48.694360	0	14	7	6.159949	9.212797	16.789985	16.531629	0.078817	0
conventional	ce1597	755	0	62.623152	0	14	7	11.243171	12.030494	17.911452	21.438035	0	0
holistic	he1213	756	0	0	0	0	3	0	0	0	0	3.280612	0
conventional	ce1598	756	0	70.978196	0	14	7	7.389975	11.512659	27.406078	24.669484	0.350038	0
conventional	ce1599	756	0	47.373538	0	14	7	7.575796	7.041759	11.643104	21.112879	0	0
conventional	ce1600	756	0	35.335767	0	14	7	3.749708	5.241123	15.314753	11.030183	0	0
conventional	ce1601	756	0	41.611305	0	14	7	3.668967	14.052922	11.858801	12.030615	0	0
holistic	he1214	757	0	0	0	0	1	0	0	0	0	1.736969	0
holistic	he1215	757	0	0	0	0	6	0	0	0	0	1.115041	0.511874
holistic	he1216	757	0.913893	1.183967	1	2	2	1.183967	0	0	0	1.885479	0
holistic	he1217	757	0	0	0	0	6	0	0	0	0	0	0
conventional	ce1602	757	0	48.384527	0	14	7	3.413098	9.507617	18.055289	17.408523	0.150194	0
conventional	ce1603	757	0	69.177595	0	14	7	10.763815	12.999913	20.581808	24.832059	0	0
holistic	he1218	758	0	0	0	0	3	0	0	0	0	0	0.428455
conventional	ce1604	758	0	42.371148	0	14	7	3.602899	13.055475	11.525116	14.187658	0.098122	0
conventional	ce1605	758	0	48.248084	0	14	7	5.254056	9.369350	17.807900	15.816778	1.664679	0
conventional	ce1606	758	0	45.883078	0	14	7	6.613377	4.737919	17.914425	16.617357	0.710503	0
holistic	he1219	759	0	0	0	0	4	0	0	0	0	0.903345	0.494223
conventional	ce1607	759	0	38.043176	0	14	7	4.194022	11.199926	10.356648	12.292580	0.098122	0
conventional	ce1608	759	1.230499	39.208524	1	14	7	3.466467	11.832638	10.210515	13.698904	0	0
conventional	ce1609	759	0	56.143758	0	14	7	8.054129	9.129574	17.654540	21.305515	0.678355	0
holistic	he1220	760	0	0	0	0	2	0	0	0	0	0	0
conventional	ce1610	760	0	55.866111	0	14	7	12.241615	7.705868	9.588774	26.329854	0	0
conventional	ce1611	760	0	36.202813	0	14	7	1.865337	2.902064	18.904642	12.530770	3.986642	0
conventional	ce1612	760	0	21.767779	0	14	7	1.692122	4.481411	9.450876	6.143370	0.098122	0
holistic	he1221	761	1.377100	2.000722	1	1	12	0	0	2.000722	0	9.464768	0
holistic	he1222	761	0	0	0	0	10	0	0	0	0	0	0
holistic	he1223	761	0	0	0	0	4	0	0	0	0	0	0
conventional	ce1613	761	0	51.937309	0	14	7	8.849899	5.157997	22.210216	15.719197	0	0
conventional	ce1614	761	0	59.801698	0	14	7	9.465930	11.293668	22.942725	16.099375	0.291430	0
holistic	he1224	762	0	4.400046	0	18	14	0	0	4.400046	0	13.827882	0
holistic	he1225	762	0	0	0	0	6	0	0	0	0	4.671584	0
holistic	he1226	762	0	0	0	0	12	0	0	0	0	7.779570	0
conventional	ce1615	762	0	60.366854	0	14	7	7.432197	9.679883	21.277124	21.977650	0.678355	0
conventional	ce1616	762	0	42.387202	0	14	7	6.222620	9.283270	12.131477	14.749835	0.078817	0
holistic	he1227	764	0	0	0	0	2	0	0	0	0	1.736258	0
holistic	he1228	764	0	0	0	0	5	0	0	0	0	2.146300	0
holistic	he1229	764	0	0	0	0	5	0	0	0	0	1.226937	0
conventional	ce1617	764	0	42.139252	0	14	7	5.435738	7.766109	14.901989	14.035416	0.323564	0
conventional	ce1618	764	0	55.633764	0	14	7	8.071420	5.997427	20.409388	21.155529	0.078817	0
holistic	he1230	765	0	0	0	0	6	0	0	0	0	2.448666	0
holistic	he1231	765	0	0	0	0	4	0	0	0	0	2.114775	1.207974
holistic	he1232	766	0	0	0	0	4	0	0	0	0	0.974157	0.494223
conventional	ce1619	766	0	32.705106	0	14	7	5.095088	10.640867	14.051875	2.917276	0.748343	0
holistic	he1233	767	0	0	0	0	2	0	0	0	0	2.278288	0
holistic	he1234	767	0	0	0	0	8	0	0	0	0	3.397612	0
holistic	he1235	768	0	0	0	0	6	0	0	0	0	0	0
conventional	ce1620	768	0	52.254127	0	14	7	6.385041	9.283171	19.179653	17.406262	0	0
conventional	ce1621	768	0	38.112627	0	14	7	3.753041	13.022075	12.146103	9.191408	0	0
conventional	ce1622	768	1.458837	41.518705	1	14	7	1.990704	14.246689	11.761065	13.520247	0.039794	0
holistic	he1236	769	0	0	0	0	1	0	0	0	0	1.736969	0
holistic	he1237	769	0	0	0	0	2	0	0	0	0	1.450655	0
holistic	he1238	769	0	0	0	0	14	0	0	0	0	8.039997	0
conventional	ce1623	769	0	67.121389	0	14	7	12.273803	12.090335	18.314151	24.443100	0	0
conventional	ce1624	769	0	45.963269	0	14	7	2.275079	8.638945	15.697879	19.351366	0.098122	0
conventional	ce1625	770	0	41.975049	0	14	7	7.087336	6.518346	14.441339	13.928028	0	0
holistic	he1239	771	0	0	0	0	7	0	0	0	0	3.345123	1.535622
conventional	ce1626	771	0	46.918733	0	14	7	4.031559	7.144265	15.872771	19.870138	0.678355	0
conventional	ce1627	771	0	38.698249	0	14	7	7.984345	5.354025	13.032040	12.327839	1.804360	0
conventional	ce1628	771	0	44.194518	0	14	7	5.703124	10.148347	16.658079	11.684968	0.447808	0
conventional	ce1629	771	0	47.856753	0	14	7	9.638087	12.268195	13.413519	12.536952	0	0
conventional	ce1630	771	0	52.772515	0	14	7	1.238373	8.513600	20.678547	22.341995	0.678355	0
holistic	he1240	772	0	0	0	0	4	0	0	0	0	0.974157	1.529415
holistic	he1241	772	0	0	0	0	6	0	0	0	0	2.448666	0
holistic	he1242	772	0	0	0	0	2	0	0	0	0	1.210914	0
holistic	he1243	772	0	0	0	0	5	0	0	0	0	1.115041	0.511874
conventional	ce1631	772	0	35.297704	0	14	7	8.657675	3.429987	11.967061	11.242981	1.500124	0
conventional	ce1632	772	0	52.382475	0	14	7	8.636648	6.585413	19.403596	17.756818	0.098122	0
conventional	ce1633	772	0	56.002714	0	14	7	8.853356	6.180804	19.711857	21.256697	0.078817	0
holistic	he1244	773	0	0	0	0	4	0	0	0	0	0	0
conventional	ce1634	773	0	47.061736	0	14	7	4.186944	15.537426	16.638890	10.698476	0.132958	0
conventional	ce1635	773	0	66.469825	0	14	7	10.895733	10.692880	23.340758	21.540454	0	0
conventional	ce1636	773	0	53.401668	0	14	7	3.409828	8.778911	20.299163	20.913766	0	0
holistic	he1245	775	0	0	0	0	6	0	0	0	0	2.575005	0
holistic	he1246	775	0	0	0	0	0	0	0	0	0	0	0
conventional	ce1637	775	0	32.537451	0	14	7	8.394339	6.114337	11.902977	6.125798	0	0
conventional	ce1638	775	0	55.494139	0	14	7	11.341180	12.030335	17.712778	14.409846	0	0
conventional	ce1639	775	0	36.809133	0	14	7	5.671019	7.976595	12.807877	10.353642	0.078817	0
holistic	he1247	776	0	0	0	0	5	0	0	0	0	2.657084	0
conventional	ce1640	776	0	34.521719	0	14	7	2.633305	4.333019	17.556463	9.998932	0	0
holistic	he1248	777	0	7.083944	0	16	20	0	0	7.083944	0	15.559140	0
holistic	he1249	777	0	0	0	0	2	0	0	0	0	3.235969	0
holistic	he1250	777	0	0	0	0	14	0	0	0	0	7.052271	0
conventional	ce1641	777	0	33.241042	0	14	7	2.830457	13.528419	7.602976	9.279190	0.242780	0
conventional	ce1642	778	0	29.264976	0	14	7	5.776516	10.680884	8.113091	4.694485	0	0
conventional	ce1643	778	0	35.773052	0	14	7	5.857914	7.034732	11.417291	11.463115	0.557203	0
conventional	ce1644	778	0	47.570292	0	14	7	3.870088	9.152003	18.389174	16.159027	0.291430	0
conventional	ce1645	778	0	22.558016	0	14	7	7.333086	1.480264	8.411156	5.333510	0	0
holistic	he1251	779	0	0	0	0	12	0	0	0	0	1.355559	0.494223
holistic	he1252	779	0	0	0	0	3	0	0	0	0	2.499038	0
conventional	ce1646	779	0	56.478998	0	14	7	8.816448	8.761065	18.552185	20.349300	0.405205	0
holistic	he1253	780	0	0	0	0	5	0	0	0	0	1.948314	1.363098
holistic	he1254	780	0	0	0	0	4	0	0	0	0	2.472555	0
holistic	he1255	780	0	0	0	0	6	0	0	0	0	1.381607	0
conventional	ce1647	780	0	51.808446	0	14	7	10.046488	9.434756	14.395670	17.931532	0	0
conventional	ce1648	781	0	27.297861	0	14	7	3.164070	6.915410	8.287761	8.930620	0.470808	0
holistic	he1256	782	0	0	0	0	4	0	0	0	0	2.575005	0
conventional	ce1649	782	0	62.410975	0	14	7	13.700486	9.077573	11.780702	27.852214	0	0
conventional	ce1650	782	0	33.221092	0	14	7	8.929421	5.274287	13.145653	5.871731	0	0
conventional	ce1651	782	0	70.593417	0	14	7	10.415298	12.550886	23.311236	24.315997	0	0
conventional	ce1652	783	0	45.486189	0	14	7	7.263683	11.615600	14.217032	12.389874	0.078817	0
conventional	ce1653	783	0	54.586275	0	14	7	8.640489	10.108318	20.107544	15.729924	0	0
conventional	ce1654	783	0.035599	43.574901	1	14	7	7.167881	9.687819	13.952973	12.766228	0.746849	0
conventional	ce1655	783	0	28.955659	0	14	7	2.819514	3.266768	15.497276	7.372101	0	0
holistic	he1257	784	0	0	0	0	2	0	0	0	0	1.210914	0
holistic	he1258	784	0	0	0	0	12	0	0	0	0	1.775495	0.494223
holistic	he1259	784	0	0	0	0	8	0	0	0	0	3.290776	0
conventional	ce1656	784	0	29.750377	0	14	7	1.841368	7.906693	10.223773	9.778543	0.098122	0
conventional	ce1657	784	0	63.242926	0	14	7	10.240734	12.095338	23.453266	17.453588	0.460432	0
conventional	ce1658	785	0	54.261619	0	14	7	9.035043	14.345717	16.431435	14.449424	0.350038	0
holistic	he1260	786	0	0	0	0	14	0	0	0	0	6.349201	0
holistic	he1261	786	0	0	0	0	4	0	0	0	0	0.974157	1.477333
conventional	ce1659	786	0	31.205172	0	14	7	1.849042	3.659749	15.969539	9.726842	3.986642	0
conventional	ce1660	786	0	31.973162	0	14	7	2.985359	9.479771	11.516839	7.991193	0.132958	0
conventional	ce1661	786	0	64.229878	0	14	7	13.108282	6.428649	13.611040	31.081907	0	0
holistic	he1262	787	0	0	0	0	5	0	0	0	0	1.496429	0.437611
conventional	ce1662	787	0	40.474865	0	14	7	6.173755	4.791356	14.168382	15.341372	0	0
conventional	ce1663	787	0	51.309205	0	14	7	7.333356	11.635537	17.706476	14.633836	0.350038	0
conventional	ce1664	787	0	77.722771	0	14	7	11.056013	13.349077	25.921205	27.396476	0	0
holistic	he1263	788	0	0	0	0	2	0	0	0	0	1.626183	0.301275
conventional	ce1665	788	0	48.200281	0	14	7	4.347812	8.986423	14.948249	19.917797	0.678355	0
conventional	ce1666	788	0	44.384408	0	14	7	4.963472	7.883764	18.630182	12.906990	0	0
conventional	ce1667	789	0	39.331815	0	14	7	3.971498	9.392497	15.106722	10.861098	0.350038	0
holistic	he1264	790	0	0	0	0	12	0	0	0	0	1.304811	0.494223
conventional	ce1668	790	0	49.625396	0	14	7	11.160828	11.557846	16.238893	10.667829	0	0
conventional	ce1669	790	0	63.758033	0	14	7	10.735236	13.126161	24.739168	15.157468	0.291430	0
conventional	ce1670	790	0	65.042423	0	14	7	12.238392	11.668497	19.535230	21.600304	0	0
conventional	ce1671	790	0	51.632771	0	14	7	7.791360	8.203686	16.595395	19.042330	0.248822	0
holistic	he1265	791	0	0	0	0	5	0	0	0	0	0	0
holistic	he1266	791	0.197301	0.268164	1	2	3	0.268164	0	0	0	3.708184	0
conventional	ce1672	791	0	41.120383	0	14	7	1.896507	11.590689	17.097036	10.536151	0.132958	0
holistic	he1267	792	0	0	0	0	12	0	0	0	0	0.896355	0.494223
holistic	he1268	792	1.206992	1.753580	1	1	6	0	0	1.753580	0	8.525032	0
holistic	he1269	792	0	0	0	0	2	0	0	0	0	1.716757	0
conventional	ce1673	792	0	56.997769	0	14	7	10.881842	13.161024	17.724529	15.230374	0	0
conventional	ce1674	792	0	28.241669	0	14	7	5.798981	3.954650	9.760330	8.727708	0	0
conventional	ce1675	793	0	28.735999	0	14	7	2.559785	7.954291	7.146529	11.075394	0.098122	0
conventional	ce1676	793	0	54.935778	0	14	7	9.584432	6.728718	17.049945	21.572683	0	0
conventional	ce1677	793	0	65.463607	0	14	7	11.260497	14.710815	26.775215	12.717080	0	0
conventional	ce1678	793	0	28.184201	0	14	7	8.289304	3.977404	10.033489	5.884004	0	0
conventional	ce1679	793	0	45.580164	0	14	7	9.641568	10.324399	15.236754	10.377443	0	0
holistic	he1270	794	0	0	0	0	5	0	0	0	0	1.356576	0
conventional	ce1680	794	0.035599	44.103345	1	14	7	7.006952	15.198828	11.244279	10.653286	0.746849	0
conventional	ce1681	794	0	48.105978	0	14	7	5.008836	6.957010	19.899742	16.240390	0.078817	0
conventional	ce1682	794	0	69.368073	0	14	7	8.797554	15.002925	19.801101	25.766493	0	0
holistic	he1271	795	0	0	0	0	10	0	0	0	0	2.838051	0
holistic	he1272	795	0	0	0	0	10	0	0	0	0	6.349201	0
holistic	he1273	795	0	0	0	0	2	0	0	0	0	1.398826	0
holistic	he1274	796	0	0	0	0	9	0	0	0	0	1.115041	2.573732
holistic	he1275	796	0	0	0	0	2	0	0	0	0	1.736258	0
holistic	he1276	796	0	0	0	0	4	0	0	0	0	2.114775	1.207974
conventional	ce1683	796	0	53.472511	0	14	7	10.343705	8.750757	14.755665	19.622384	0	0
conventional	ce1684	796	0	34.522825	0	14	7	5.380603	6.427886	12.259272	10.455064	0.470808	0
conventional	ce1685	796	0	33.426410	0	14	7	7.072258	4.984782	12.996725	8.372645	0	0
conventional	ce1686	797	0	58.602964	0	14	7	10.909748	11.934058	20.240821	15.518337	0	0
conventional	ce1687	797	0	40.519287	0	14	7	8.704178	10.099320	11.882461	9.833328	0	0
conventional	ce1688	797	0	35.774272	0	14	7	7.023528	5.669759	13.000189	10.080796	0	0
conventional	ce1689	798	0	26.744077	0	14	7	8.178366	3.493143	9.098354	5.974214	0	0
holistic	he1277	799	0	0	0	0	2	0	0	0	0	0.533812	0
conventional	ce1690	799	0	55.719128	0	14	7	8.071382	9.187463	17.219066	21.241217	0.678355	0
conventional	ce1691	799	0	39.719880	0	14	7	5.043666	8.948990	15.552001	10.175223	0	0
holistic	he1278	800	0	0	0	0	6	0	0	0	0	0	0
conventional	ce1692	801	0.035599	36.157328	1	14	7	5.178449	8.752058	10.651683	11.575138	0.956572	0
conventional	ce1693	801	0	51.496890	0	14	7	8.088630	7.705148	20.342546	15.360566	0	0
conventional	ce1694	801	0	50.360587	0	14	7	8.459470	7.430170	16.541038	17.929909	0	0
conventional	ce1695	801	0	68.336081	0	14	7	11.131393	14.033135	29.291448	13.880105	0	0
holistic	he1279	802	0	0	0	0	12	0	0	0	0	1.775495	0.409942
holistic	he1280	802	0	0	0	0	2	0	0	0	0	0	0
conventional	ce1696	802	0	54.599978	0	14	7	5.019322	10.345380	20.416042	18.819234	0.078817	0
holistic	he1281	803	0	0	0	0	2	0	0	0	0	1.400774	0
conventional	ce1697	803	0	40.768314	0	14	7	5.558493	7.919679	15.441400	11.848742	1.896999	0
conventional	ce1698	803	0	42.623104	0	14	7	5.099081	5.564473	18.881172	13.078378	0.078817	0
conventional	ce1699	803	0	72.089239	0	14	7	9.967293	14.138064	23.950700	24.033182	0	0
conventional	ce1700	804	0	69.492879	0	14	7	11.119206	13.838584	18.436332	26.098757	0	0
conventional	ce1701	805	0	52.660698	0	14	7	7.334858	3.484779	21.286816	20.554245	0.078817	0
conventional	ce1702	805	0	49.258618	0	14	7	5.178300	6.607356	20.006796	17.466166	0.078817	0
holistic	he1282	806	0	2.481432	0	24	16	0	0	2.481432	0	12.649814	0
holistic	he1283	806	1.206992	1.753580	1	1	9	0	0	1.753580	0	10.133884	0
holistic	he1284	806	0	0	0	0	8	0	0	0	0	5.135908	0
conventional	ce1703	806	0	79.273069	0	14	7	15.142332	10.622729	29.038995	24.469013	0	0
conventional	ce1704	806	0	44.469660	0	14	7	9.829838	12.306451	12.710563	9.622808	0	0
holistic	he1285	807	0	0	0	0	0	0	0	0	0	0	0
holistic	he1286	807	0	0	0	0	4	0	0	0	0	2.461684	0
holistic	he1287	808	1.217133	1.768314	1	1	4	0	0	1.768314	0	4.686370	0
holistic	he1288	808	0	0	0	0	3	0	0	0	0	2.601509	0
holistic	he1289	808	0	0	0	0	14	0	0	0	0	7.435362	0
conventional	ce1705	808	0	65.926845	0	14	7	12.103523	11.915757	17.367914	24.539651	0	0
holistic	he1290	809	0	0	0	0	3	0	0	0	0	0	0
holistic	he1291	809	0	0	0	0	5	0	0	0	0	4.248674	2.415948
holistic	he1292	810	0	0	0	0	6	0	0	0	0	3.110552	0
holistic	he1293	810	0	0	0	0	5	0	0	0	0	1.355559	0.494223
holistic	he1294	811	0	0	0	0	5	0	0	0	0	1.496429	0.437611
holistic	he1295	811	0	0	0	0	10	0	0	0	0	5.259011	0
holistic	he1296	811	0	7.083944	0	16	18	0	0	7.083944	0	13.970476	0
conventional	ce1706	811	0.035599	72.690115	1	14	7	9.268308	10.374554	25.613862	27.433391	0.746849	0
holistic	he1297	812	0	0	0	0	21	0	0	0	0	15.844020	0
holistic	he1298	812	0	0	0	0	2	0	0	0	0	1.210914	0
conventional	ce1707	812	0	56.158294	0	14	7	8.763767	11.383585	20.012483	15.998459	0	0
holistic	he1299	813	0	0	0	0	4	0	0	0	0	0	0
holistic	he1300	814	0	0	0	0	6	0	0	0	0	1.115041	0.511874
holistic	he1301	814	0	0	0	0	5	0	0	0	0	1.356576	0.348588
holistic	he1302	815	0	0	0	0	14	0	0	0	0	13.176330	0
conventional	ce1708	815	0	74.833719	0	14	7	11.951647	9.982219	28.825392	24.074461	0	0
conventional	ce1709	815	0	45.447083	0	14	7	1.772292	11.559083	20.967334	11.148374	0	0
conventional	ce1710	815	0	30.153595	0	14	7	3.329400	9.066261	7.667614	10.090320	0.098122	0
holistic	he1303	816	0	0	0	0	3	0	0	0	0	0.974157	0.922678
conventional	ce1711	816	0	83.102231	0	14	7	15.555717	10.959044	31.865795	24.721675	1.307472	0
conventional	ce1712	816	0	67.278333	0	14	7	10.032516	11.698243	23.124632	22.422942	0	0
holistic	he1304	817	0	0	0	0	2	0	0	0	0	0	0
holistic	he1305	817	0	0	0	0	6	0	0	0	0	0	0
holistic	he1306	817	0	0	0	0	6	0	0	0	0	3.889785	0
holistic	he1307	817	0	6.749502	0	18	16	0	0	6.749502	0	10.858054	0
conventional	ce1713	817	0	58.268197	0	14	7	10.069612	10.995659	15.375952	21.826974	0	0
conventional	ce1714	818	0	36.137900	0	14	7	1.824037	8.010323	16.379875	9.923665	0.132958	0
holistic	he1308	819	0	0	0	0	1	0	0	0	0	2.461684	0
conventional	ce1715	819	0	37.293696	0	14	7	2.240892	7.971294	16.585586	10.495924	0.158354	0
conventional	ce1716	819	0	41.001374	0	14	7	2.796116	11.919127	17.376078	8.910053	0.019833	0
holistic	he1309	820	0	0	0	0	5	0	0	0	0	1.356229	0
conventional	ce1717	820	0	42.578783	0	14	7	2.792729	5.266297	18.907889	15.611868	0.078817	0
conventional	ce1718	820	0	47.993392	0	14	7	7.795104	10.007543	13.696551	16.494194	0.350038	0
conventional	ce1719	820	0	76.712844	0	14	7	10.975472	16.865146	24.878777	23.993449	0	0
holistic	he1310	821	0	0	0	0	5	0	0	0	0	1.356576	0.348588
conventional	ce1720	821	0.035599	35.403271	1	14	7	4.708071	8.137420	11.049696	11.508084	0.956572	0
conventional	ce1721	821	0	48.612537	0	14	7	10.285668	7.400323	17.289397	13.637149	0	0
conventional	ce1722	821	0	54.117916	0	14	7	4.088952	20.087074	18.421433	11.520457	1.723249	0
conventional	ce1723	821	0	50.568228	0	14	7	1.542197	2.548624	25.285085	21.192322	0	0
conventional	ce1724	821	0	30.958686	0	14	7	8.311803	5.622848	10.752214	6.271821	0	0
holistic	he1311	822	0	0	0	0	10	0	0	0	0	3.602733	0
holistic	he1312	822	0	0	0	0	16	0	0	0	0	13.176330	0
holistic	he1313	822	0	0	0	0	14	0	0	0	0	7.830269	0
holistic	he1314	822	0	0	0	0	2	0	0	0	0	0	0
conventional	ce1725	822	0	53.854078	0	14	7	8.820295	11.224869	20.010166	13.798748	0.464463	0
holistic	he1315	823	0	0	0	0	14	0	0	0	0	7.052271	0
conventional	ce1726	823	0	54.667634	0	14	7	9.992341	6.963973	21.306861	16.404459	0	0
conventional	ce1727	823	0	44.964870	0	14	7	3.426991	7.461392	18.350344	15.726143	0.078817	0
holistic	he1316	824	0	0	0	0	8	0	0	0	0	2.713152	0
holistic	he1317	824	0	0	0	0	6	0	0	0	0	1.496429	0.437611
holistic	he1318	824	0	0	0	0	0	0	0	0	0	0	0
conventional	ce1728	824	0	52.982653	0	14	7	11.961219	8.902456	18.855537	13.263441	0	0
holistic	he1319	825	0	0	0	0	6	0	0	0	0	2.448666	0
holistic	he1320	826	0	0	0	0	10	0	0	0	0	5.018758	0
conventional	ce1729	826	0	83.773160	0	14	7	14.846552	13.129133	29.510556	26.286919	0	0
holistic	he1321	828	0	0	0	0	6	0	0	0	0	1.465285	0
holistic	he1322	829	0	0	0	0	8	0	0	0	0	2.713152	0
conventional	ce1730	829	0	51.973427	0	14	7	8.524977	11.886089	21.185620	10.376741	0.464463	0
conventional	ce1731	829	0	30.659121	0	14	7	3.559928	6.481211	9.682094	10.935888	0.470808	0
conventional	ce1732	830	0	55.164588	0	14	7	9.409016	4.783505	22.251960	18.720107	0.098122	0
conventional	ce1733	831	0	51.674227	0	14	7	4.215237	20.140062	16.903037	10.415891	1.896999	0
holistic	he1323	832	0	0	0	0	16	0	0	0	0	14.741199	0
holistic	he1324	832	0	0	0	0	12	0	0	0	0	7.846700	0
holistic	he1325	832	0	0	0	0	10	0	0	0	0	6.086571	0
conventional	ce1734	832	0	37.433864	0	14	7	7.909461	10.324717	10.342932	8.856754	0	0
conventional	ce1735	832	0	66.668363	0	14	7	11.022174	16.907187	23.535058	15.203944	0.291430	0
conventional	ce1736	832	0	38.082901	0	14	7	2.630978	10.201031	11.326744	13.924148	0.098122	0
conventional	ce1737	833	0	28.334289	0	14	7	7.956145	2.648626	12.689712	5.039806	0	0
conventional	ce1738	833	0	27.349090	0	14	7	8.097081	2.236416	9.440671	7.574922	0	0
conventional	ce1739	833	0.035599	72.987930	1	14	7	9.268308	10.298965	26.060772	27.359885	0.746849	0
holistic	he1326	834	0.598650	0.813662	1	2	3	0.813662	0	0	0	3.904789	0
conventional	ce1740	834	0	57.626997	0	14	7	10.347314	9.257113	21.640218	16.382352	0.464463	0
conventional	ce1741	834	0	22.669737	0	14	7	7.098627	4.628281	7.496788	3.446041	0	0
holistic	he1327	835	0	0	0	0	10	0	0	0	0	5.018758	0
conventional	ce1742	835	0	27.385993	0	14	7	8.097081	2.350272	9.591322	7.347318	0	0
conventional	ce1743	835	0	57.938676	0	14	7	8.214467	4.358439	23.740443	21.625327	0.078817	0
conventional	ce1744	836	0	34.797582	0	14	7	6.906344	1.733562	16.137524	10.020152	0	0
conventional	ce1745	836	0	30.615236	0	14	7	8.625363	4.296533	11.092491	6.600849	0	0
holistic	he1328	837	0	0	0	0	2	0	0	0	0	0	0
holistic	he1329	837	0	0	0	0	4	0	0	0	0	2.501317	0
holistic	he1330	837	0	0	0	0	5	0	0	0	0	1.471172	0
conventional	ce1746	837	0	28.414833	0	14	7	3.323999	7.621369	6.581984	10.887481	0.588425	0
holistic	he1331	838	0	0	0	0	2	0	0	0	0	1.210914	0
conventional	ce1747	838	0	49.379070	0	14	7	7.614551	1.555220	22.333017	17.876282	1.471251	0
conventional	ce1748	838	0	32.666203	0	14	7	3.965233	8.414188	12.847078	7.439704	0	0
conventional	ce1749	838	0	63.826119	0	14	7	12.065472	13.983894	26.553248	11.223505	0	0
holistic	he1332	839	0	0	0	0	12	0	0	0	0	7.578582	0
holistic	he1333	839	0	0	0	0	0	0	0	0	0	0	0
conventional	ce1750	839	0	54.042640	0	14	7	10.149069	7.128893	20.324890	16.439788	0	0
holistic	he1334	840	0	0	0	0	9	0	0	0	0	1.210914	0
holistic	he1335	841	0	0.066520	0	2	14	0.066520	0	0	0	6.383449	0
holistic	he1336	841	2.188056	3.035037	3	6	22	3.035037	0	0	0	13.039419	0
conventional	ce1751	841	0	77.651874	0	14	7	11.934930	16.047022	20.310035	29.359887	0	0
conventional	ce1752	841	0	33.882304	0	14	7	1.958763	0.876431	17.199810	13.847300	0	0
holistic	he1337	842	0	0	0	0	11	0	0	0	0	2.713152	0
conventional	ce1753	842	0	33.808247	0	14	7	10.484610	5.584647	12.287011	5.451979	1.723249	0
conventional	ce1754	842	0	48.921025	0	14	7	4.805087	9.496322	14.873625	19.745991	1.045606	0
conventional	ce1755	842	0	52.278198	0	14	7	11.469719	8.846000	19.239164	12.723315	0	0
conventional	ce1756	842	0	56.564217	0	14	7	13.638980	8.486487	21.488633	12.950117	0	0
holistic	he1338	843	0.038695	0.112355	1	2	2	0.112355	0	0	0	1.736258	0
conventional	ce1757	843	0	56.650445	0	14	7	9.290118	4.364772	24.682377	18.313178	0.098122	0
conventional	ce1758	843	0	75.364425	0	14	7	13.402558	9.945970	29.346138	22.669759	0	0
holistic	he1339	844	0	0	0	0	2	0	0	0	0	0	0
holistic	he1340	844	0	0	0	0	12	0	0	0	0	11.539590	0
holistic	he1341	844	0	0	0	0	3	0	0	0	0	2.174297	0
conventional	ce1759	844	0	57.717495	0	14	7	12.316645	8.296856	16.467350	20.636644	0	0
conventional	ce1760	844	0	39.463222	0	14	7	12.865971	7.064552	11.851969	7.680730	0	0
conventional	ce1761	844	0	22.632078	0	14	7	2.344522	1.587690	9.863552	8.836314	0.405106	0
holistic	he1342	845	0	0	0	0	6	0	0	0	0	0	0
conventional	ce1762	845	0	73.577758	0	14	7	10.706848	13.153756	23.391397	26.325757	0.350038	0
conventional	ce1763	845	0	32.309206	0	14	7	9.303458	3.367930	12.380461	7.257357	0	0
holistic	he1343	846	0	0	0	0	6	0	0	0	0	1.496429	0.437611
holistic	he1344	846	0	0	0	0	4	0	0	0	0	3.472516	0
holistic	he1345	847	0	0	0	0	3	0	0	0	0	0.484379	0
holistic	he1346	847	0	0	0	0	32	0	0	0	0	16.069376	0
holistic	he1347	847	0	0	0	0	4	0	0	0	0	2.461684	0
conventional	ce1764	847	0	58.330659	0	14	7	9.473380	5.199566	22.845621	20.812092	0.515429	0
conventional	ce1765	847	0	51.085062	0	14	7	8.154851	7.555583	17.503018	17.871610	0	0
holistic	he1348	848	0	0	0	0	5	0	0	0	0	1.375296	0.348588
conventional	ce1766	848	0	45.259022	0	14	7	13.823178	9.234777	10.975827	11.225240	1.087303	0
conventional	ce1767	848	0	68.200177	0	14	7	16.314088	8.659655	19.436500	23.789934	0	0
conventional	ce1768	848	0	42.151127	0	14	7	8.798511	6.732289	15.233169	11.387158	1.249667	0
conventional	ce1769	850	0	22.992720	0	14	7	1.434484	4.954626	8.371793	8.231817	0.098122	0
conventional	ce1770	850	0	44.333600	0	14	7	3.263703	15.595927	11.128229	14.345741	0.098122	0
holistic	he1349	851	0	0	0	0	5	0	0	0	0	0	0
holistic	he1350	851	0	0	0	0	16	0	0	0	0	9.486174	0
conventional	ce1771	851	0	70.602529	0	14	7	12.140554	11.630491	18.119436	28.712048	0	0
conventional	ce1772	851	0	47.781530	0	14	7	9.095699	6.133423	14.288297	18.264111	0	0
holistic	he1351	852	0	5.500518	0	6	10	5.500518	0	0	0	7.448757	0
holistic	he1352	852	0	0	0	0	6	0	0	0	0	0	0
holistic	he1353	852	0	0	0	0	14	0	0	0	0	9.013832	0
conventional	ce1773	852	0	34.757211	0	14	7	6.539294	5.736337	11.746349	10.735231	0.761140	0
conventional	ce1774	852	0	54.088071	0	14	7	9.551478	8.382424	19.792115	16.362054	0.464463	0
conventional	ce1775	852	0	26.881302	0	14	7	3.881264	2.184480	13.242427	7.573131	0	0
holistic	he1354	853	0	0	0	0	12	0	0	0	0	9.970906	0
conventional	ce1776	853	0	31.224420	0	14	7	3.706979	9.117813	7.991111	10.408517	0.098122	0
conventional	ce1777	853	0	53.649984	0	14	7	8.693754	4.464447	22.274821	18.216962	0.098122	0
conventional	ce1778	853	0	96.486821	0	14	7	17.825035	9.328921	38.172310	31.160555	0	0
conventional	ce1779	853	0	75.866327	0	14	7	10.678313	12.481638	25.473910	27.232466	0.233408	0
conventional	ce1780	853	0	23.076792	0	14	7	8.082015	1.004545	10.220515	3.769717	0	0
conventional	ce1781	853	0	82.976724	0	14	7	12.184371	11.565311	34.147389	25.079653	0	0
holistic	he1355	854	0	0	0	0	12	0	0	0	0	9.732028	0
conventional	ce1782	854	0.837296	68.987131	1	14	7	10.647192	4.107771	29.276593	24.955575	0.098122	0
conventional	ce1783	854	0	76.093556	0	14	7	10.885022	16.761578	23.693841	24.753115	0	0
conventional	ce1784	854	0	31.239529	0	14	7	9.122375	3.846914	8.128465	10.141775	0	0
conventional	ce1785	854	0	44.845650	0	14	7	5.902722	10.028740	18.128804	10.785384	0	0
holistic	he1356	855	0	0	0	0	10	0	0	0	0	7.878945	0
holistic	he1357	855	0	0	0	0	14	0	0	0	0	13.176330	0
holistic	he1358	855	0	0	0	0	6	0	0	0	0	0	0
holistic	he1359	855	1.217133	38.262138	1	13	16	0	0	38.262138	0	9.006076	0
conventional	ce1786	855	0	70.936125	0	14	7	11.219240	15.417556	18.512150	25.787179	0	0
conventional	ce1787	855	0	48.806659	0	14	7	11.079722	5.597547	16.764836	15.364554	0	0
holistic	he1360	856	0	0.352688	0	2	14	0.352688	0	0	0	7.099645	0
holistic	he1361	856	0	31.289644	0	44	21	0	0	31.289644	0	23.765701	0
conventional	ce1788	856	0	42.253788	0	14	7	5.514875	9.038281	16.135068	11.565564	0.713726	0
conventional	ce1789	856	0	39.789193	0	14	7	5.724591	7.327005	15.964998	10.772599	1.896999	0
conventional	ce1790	856	0	81.087231	0	14	7	12.582707	7.612703	32.327082	28.564739	0	0
holistic	he1362	857	0	0	0	0	8	0	0	0	0	6.084582	0
conventional	ce1791	857	0	27.889893	0	14	7	3.805451	6.052811	10.893691	7.137940	0	0
conventional	ce1792	857	0	34.574702	0	14	7	9.948264	4.739616	11.617876	8.268946	0	0
conventional	ce1793	857	0	70.160667	0	14	7	8.057525	16.190407	17.798383	28.114352	0	0
holistic	he1363	858	0	0	0	0	5	0	0	0	0	1.356576	0.348588
conventional	ce1794	858	0	25.374099	0	14	7	8.082015	0.409236	11.652278	5.230570	0	0
conventional	ce1795	858	0	42.779593	0	14	7	5.281087	4.959043	16.509099	16.030364	0.078817	0
conventional	ce1796	858	0	66.239848	0	14	7	12.560219	11.531427	23.524138	18.624064	0	0
holistic	he1364	859	0	0	0	0	18	0	0	0	0	9.486174	0
conventional	ce1797	859	0	30.959144	0	14	7	3.227150	8.237128	8.265105	11.229761	0.098122	0
conventional	ce1798	859	0	36.846848	0	14	7	1.958763	1.856080	18.830645	14.201360	0	0
conventional	ce1799	859	0	62.048264	0	14	7	11.486079	5.394717	25.309715	19.857753	0	0
holistic	he1365	860	0	0	0	0	3	0	0	0	0	0.484379	0
holistic	he1366	860	0	0	0	0	4	0	0	0	0	2.670483	0
conventional	ce1800	860	0	59.157537	0	14	7	9.987298	11.240569	23.949525	13.980145	0.464463	0
conventional	ce1801	860	0	46.437354	0	14	7	8.095524	7.046119	15.909994	15.385717	0	0
conventional	ce1802	861	0	59.500071	0	14	7	10.419127	8.452351	24.277944	16.350649	0.464463	0
conventional	ce1803	861	0	64.631928	0	14	7	10.364641	12.470107	19.265731	22.531449	0	0
conventional	ce1804	861	0	45.381407	0	14	7	8.501157	8.334899	16.388290	12.157061	0.373827	0
holistic	he1367	862	0	0	0	0	12	0	0	0	0	1.210914	0
conventional	ce1805	862	0	51.446579	0	14	7	9.408124	6.719461	20.427954	14.891040	0.464463	0
holistic	he1368	863	0.270656	0.270656	2	2	10	0	0	0.270656	0	2.992858	1.775046
conventional	ce1806	863	0	12.658454	0	14	7	1.322977	2.912215	3.029423	5.393839	0	0
conventional	ce1807	863	0	73.564624	0	14	7	16.960270	10.143084	19.267677	27.193593	0.098122	0
conventional	ce1808	864	0	69.004626	0	14	7	15.547527	9.400617	20.551746	23.504736	0	0
conventional	ce1809	864	0	65.443138	0	14	7	7.284983	2.661219	28.703415	26.793521	0.182973	0
conventional	ce1810	864	0	33.525993	0	14	7	9.327659	6.644588	11.349831	6.203915	0	0
conventional	ce1811	865	0.035599	70.978492	1	14	7	7.958251	13.206864	24.060639	25.752738	0.746849	0
conventional	ce1812	865	0	57.509586	0	14	7	12.570885	9.173511	21.132123	14.633067	0	0
conventional	ce1813	865	0.300561	22.534340	1	14	7	2.392962	1.584992	9.640299	8.916087	0.405106	0
holistic	he1369	866	0	0	0	0	10	0	0	0	0	3.301335	0
holistic	he1370	866	0	0	0	0	22	0	0	0	0	0.344530	2.188055
holistic	he1371	866	0	0	0	0	14	0	0	0	0	6.374773	0
holistic	he1372	866	0	0	0	0	9	0	0	0	0	0	0
holistic	he1373	866	0	0	0	0	6	0	0	0	0	1.235087	0
conventional	ce1814	866	0	81.249555	0	14	7	11.655050	7.986985	34.840184	26.767336	0	0
conventional	ce1815	866	0	13.471253	0	14	7	1.669414	3.432282	3.295334	5.074223	0	0
conventional	ce1816	866	0	53.307263	0	14	7	9.871879	7.665721	19.392571	16.377092	0	0
holistic	he1374	867	0	0	0	0	14	0	0	0	0	10.408206	0
holistic	he1375	867	0	0	0	0	14	0	0	0	0	13.929276	0
conventional	ce1817	867	0	62.329722	0	14	7	11.570204	6.109122	24.956533	19.693863	0	0
holistic	he1376	868	0	0	0	0	18	0	0	0	0	17.247832	0
holistic	he1377	868	0	0	0	0	10	0	0	0	0	2.168084	0
holistic	he1378	868	0	0	0	0	6	0	0	0	0	1.496429	0.437611
conventional	ce1818	868	0	26.377978	0	14	7	1.686743	1.563228	11.234437	11.893570	0	0
conventional	ce1819	868	0	71.496771	0	14	7	10.915977	14.032498	20.479638	26.068658	0	0
conventional	ce1820	868	0	34.197956	0	14	7	9.328123	3.300360	14.340655	7.228818	0	0
holistic	he1379	869	0	0	0	0	14	0	0	0	0	5.012150	0
holistic	he1380	869	1.458704	2.023358	2	4	20	2.023358	0	0	0	8.692946	0
conventional	ce1821	869	0	48.423433	0	14	7	10.310361	5.729875	17.647671	14.735526	0	0
conventional	ce1822	869	0	77.307724	0	14	7	17.875387	9.163336	19.995507	30.273494	0	0
holistic	he1381	870	0	0	0	0	2	0	0	0	0	1.210914	0
conventional	ce1823	870	0	64.753893	0	14	7	17.354199	9.429045	13.007811	24.962838	0.552349	0
conventional	ce1824	870	0	62.058165	0	14	7	8.752709	5.640334	24.991651	22.673471	0.078817	0
holistic	he1382	871	0	0	0	0	32	0	0	0	0	16.069376	0
holistic	he1383	871	0	0	0	0	6	0	0	0	0	1.535541	0.105028
conventional	ce1825	871	0	76.523792	0	14	7	9.642587	10.923871	28.272408	27.684926	0	0
conventional	ce1826	871	0	64.125681	0	14	7	12.850856	5.103165	27.152015	19.019645	0.464463	0
holistic	he1384	872	0	0	0	0	8	0	0	0	0	3.923026	0
holistic	he1385	872	0	0	0	0	5	0	0	0	0	1.426957	0
holistic	he1386	872	0	0	0	0	14	0	0	0	0	10.487349	0
conventional	ce1827	872	0	49.481017	0	14	7	10.238886	6.162974	18.958136	14.121021	0	0
conventional	ce1828	873	0	94.714058	0	14	7	13.063343	10.985042	43.199684	27.465989	0	0
conventional	ce1829	873	0	55.434105	0	14	7	9.328192	4.411267	23.888779	17.805867	0.098122	0
conventional	ce1830	873	0	49.162440	0	14	7	13.341060	5.389654	20.061080	10.370646	0	0
conventional	ce1831	873	0	45.979951	0	14	7	8.976003	9.120468	15.565775	12.317705	0.373827	0
conventional	ce1832	873	0	27.904993	0	14	7	3.479344	8.617214	7.568369	8.240066	0.588425	0
holistic	he1387	874	0	0	0	0	16	0	0	0	0	5.706764	0
holistic	he1388	874	0	0	0	0	7	0	0	0	0	3.649065	0
holistic	he1389	874	0	0	0	0	10	0	0	0	0	2.713152	0
holistic	he1390	875	0	0	0	0	10	0	0	0	0	2.713152	0
holistic	he1391	875	0	0	0	0	10	0	0	0	0	5.952986	0
conventional	ce1833	875	0	29.969506	0	14	7	3.439524	9.320734	8.072466	9.136782	0.078817	0
conventional	ce1834	875	0	47.899306	0	14	7	8.242827	4.039650	20.515338	15.101491	0.098122	0
holistic	he1392	876	0	0	0	0	10	0	0	0	0	5.307560	0
conventional	ce1835	876	0	18.484855	0	14	7	1.601514	3.678406	7.006265	6.198670	0.078817	0
conventional	ce1836	876	0	23.906820	0	14	7	7.949414	0.474409	6.408619	9.074378	0	0
conventional	ce1837	876	0.242882	38.041955	1	14	7	12.199699	5.728015	11.136527	8.977714	0	0
conventional	ce1838	876	0	23.947634	0	14	7	2.405535	2.091907	8.080642	11.369550	0.281056	0
holistic	he1393	877	0	0	0	0	5	0	0	0	0	0.537235	0
holistic	he1394	877	0	0	0	0	6	0	0	0	0	1.465285	0
holistic	he1395	877	0	0	0	0	19	0	0	0	0	12.421081	0
conventional	ce1839	877	0	54.291865	0	14	7	10.461741	10.617279	19.367650	13.845195	0.464463	0
holistic	he1396	878	0	0	0	0	8	0	0	0	0	2.905692	0
conventional	ce1840	878	0	44.334699	0	14	7	7.831384	4.270821	18.263591	13.968903	0.098122	0
conventional	ce1841	878	0.035599	74.668624	1	14	7	10.471613	10.732169	27.619487	25.845355	0.746849	0
holistic	he1397	880	0	0	0	0	10	0	0	0	0	5.426304	0
holistic	he1398	880	0	0	0	0	2	0	0	0	0	1.491735	0
holistic	he1399	880	0	0	0	0	18	0	0	0	0	16.404308	0
conventional	ce1842	880	0	29.725634	0	14	7	6.906344	1.772038	16.991921	4.055331	0	0
conventional	ce1843	880	0	75.907001	0	14	7	10.890877	12.647528	25.052932	27.315664	0.851731	0
holistic	he1400	881	0	0	0	0	3	0	0	0	0	0.484379	0
holistic	he1401	881	0	0.595680	0	4	16	0.595680	0	0	0	9.486174	0
conventional	ce1844	881	0.035599	84.141651	1	14	7	9.817402	14.869159	25.487209	33.967881	0.746849	0
conventional	ce1845	881	0	22.708763	0	14	7	3.533943	1.093026	9.376489	8.705305	0.405106	0
conventional	ce1846	881	0	23.192920	0	14	7	3.512039	1.898022	8.495671	9.287188	0.486529	0
conventional	ce1847	881	0	60.670127	0	14	7	8.378104	1.837626	27.556683	22.897714	0.078817	0
holistic	he1402	882	0	0	0	0	3	0	0	0	0	1.103409	0
holistic	he1403	882	0	0	0	0	8	0	0	0	0	2.315863	0
holistic	he1404	882	0	0	0	0	4	0	0	0	0	2.501317	0
conventional	ce1848	882	0.837296	74.369208	1	14	7	10.848517	2.035531	34.354243	27.130917	0.098122	0
conventional	ce1849	882	0.035599	59.124130	1	14	7	7.286923	9.883752	21.930268	20.023187	0.746849	0
holistic	he1405	883	0	0	0	0	16	0	0	0	0	7.578582	0
holistic	he1406	883	0	0	0	0	11	0	0	0	0	0	0
conventional	ce1850	883	0.837296	73.659572	1	14	7	11.573327	0.530146	32.883557	28.672542	0.196795	0
holistic	he1407	884	0	0	0	0	10	0	0	0	0	2.679263	0
holistic	he1408	884	0	0	0	0	19	0	0	0	0	13.054563	0
holistic	he1409	884	0	0	0	0	16	0	0	0	0	18.867868	0
holistic	he1410	884	0.598650	0.813662	1	2	2	0.813662	0	0	0	2.905432	0
holistic	he1411	884	0	0	0	0	7	0	0	0	0	2.976493	0
conventional	ce1851	884	0	32.821722	0	14	7	3.491073	7.132798	9.534636	12.663215	0.135868	0
holistic	he1412	885	0	0	0	0	3	0	0	0	0	1.020930	0
conventional	ce1852	885	0	74.289756	0	14	7	13.610129	12.852488	22.592705	25.234434	0.350038	0
conventional	ce1853	885	0	45.586551	0	14	7	9.100092	5.369181	17.992024	13.125254	0	0
conventional	ce1854	885	0	84.649348	0	14	7	11.357897	7.758775	34.991022	30.541654	0	0
holistic	he1413	887	0	0	0	0	7	0	0	0	0	1.210914	0
holistic	he1414	888	0	0	0	0	4	0	0	0	0	1.210492	0
holistic	he1415	888	0	0	0	0	6	0	0	0	0	0	0
holistic	he1416	889	0	0	0	0	6	0	0	0	0	1.235087	0
conventional	ce1855	890	0	53.887693	0	14	7	14.445200	9.201207	9.864213	20.377073	0	0
conventional	ce1856	890	0	50.036710	0	14	7	9.910368	7.474907	17.746164	14.905271	0	0
holistic	he1417	891	0	0	0	0	10	0	0	0	0	2.713152	0
holistic	he1418	892	0.361464	0.361464	2	2	7	0	0	0.361464	0	2.988713	0
holistic	he1419	892	0	0	0	0	14	0	0	0	0	10.151211	0
holistic	he1420	892	0	0	0	0	10	0	0	0	0	2.579303	0
conventional	ce1857	892	0	48.541872	0	14	7	8.657462	7.296016	18.095513	14.492881	0.373827	0
conventional	ce1858	893	0	10.902725	0	14	7	1.062350	2.892835	2.536619	4.410921	0	0
conventional	ce1859	893	0	93.546904	0	14	7	13.905583	21.593793	27.028722	31.018806	0	0
holistic	he1421	894	0	0	0	0	32	0	0	0	0	16.069376	0
holistic	he1422	895	0	0	0	0	10	0	0	0	0	0.272780	0.393448
holistic	he1423	895	0	0	0	0	6	0	0	0	0	1.252919	0
holistic	he1424	895	0	0	0	0	16	0	0	0	0	17.247832	0
conventional	ce1860	895	0	62.867620	0	14	7	12.316647	8.715326	19.583277	22.252370	0	0
conventional	ce1861	895	0	36.119676	0	14	7	5.904693	8.603354	19.593741	2.017888	1.723249	0
conventional	ce1862	896	0	47.289008	0	14	7	8.279406	3.370457	20.371504	15.267641	0.098122	0
conventional	ce1863	896	0	28.475033	0	14	7	3.831799	1.874969	15.306952	7.461313	0	0
holistic	he1425	897	0	0	0	0	14	0	0	0	0	6.380444	0
conventional	ce1864	897	0	31.306869	0	14	7	2.919668	8.492903	8.742180	11.152118	0.588425	0
conventional	ce1865	897	0	76.286778	0	14	7	11.241873	12.508283	25.276040	27.260582	0.851731	0
conventional	ce1866	897	0	75.152881	0	14	7	11.052473	13.480949	25.369457	25.250002	1.223277	0
holistic	he1426	898	0	5.273056	0	16	14	5.273056	0	0	0	17.459912	0
conventional	ce1867	898	0	21.119305	0	14	7	2.566056	1.185444	8.374035	8.993770	0	0
conventional	ce1868	898	0	35.125908	0	14	7	10.709684	5.643753	10.193542	8.578929	0.078817	0
conventional	ce1869	898	0	75.970300	0	14	7	11.194108	7.786362	30.852297	26.137533	0.348457	0
conventional	ce1870	898	0	33.249179	0	14	7	9.774875	2.513147	12.560624	8.400533	0.588425	0
holistic	he1427	899	0	0	0	0	3	0	0	0	0	0.168835	0
holistic	he1428	899	1.458704	2.023358	2	4	20	2.023358	0	0	0	9.855960	0
conventional	ce1871	899	0	19.218638	0	14	7	3.586320	1.567941	7.916382	6.147995	0.405106	0
holistic	he1429	900	0	0	0	0	20	0	0	0	0	17.247832	0
conventional	ce1872	900	0	53.025089	0	14	7	14.852385	10.034923	10.129103	18.008678	1.577629	0
holistic	he1430	901	0	0	0	0	3	0	0	0	0	0	0
holistic	he1431	901	0	0	0	0	3	0	0	0	0	0.544928	0
conventional	ce1873	901	0	97.144269	0	14	7	13.389983	10.339546	42.770670	30.644070	0	0
conventional	ce1874	901	0	27.975480	0	14	7	8.955492	4.206958	9.204247	5.608783	0	0
conventional	ce1875	902	0	30.607593	0	14	7	3.536026	8.001596	7.896469	11.173502	0.247351	0
conventional	ce1876	902	0	21.539460	0	14	7	3.043603	3.966410	7.221184	7.308263	0.827917	0
conventional	ce1877	903	0	58.810360	0	14	7	17.846259	6.580979	10.877760	23.505362	0	0
conventional	ce1878	904	0.908564	54.604380	1	14	7	15.650040	8.361619	8.051227	22.541494	0	0
conventional	ce1879	904	0	23.414760	0	14	7	4.123685	1.661830	9.479092	8.150153	0	0
conventional	ce1880	904	0	58.807806	0	14	7	11.276700	4.923093	24.706462	17.901551	0	0
holistic	he1432	905	0	0	0	0	7	0	0	0	0	0	0.161502
conventional	ce1881	905	0	77.452307	0	14	7	11.086124	16.473061	25.718025	24.175097	1.223277	0
conventional	ce1882	905	0	71.991052	0	14	7	16.224854	8.732051	18.639668	28.394479	0.851731	0
conventional	ce1883	905	0	25.718573	0	14	7	7.382844	3.994247	11.050865	3.290617	0	0
holistic	he1433	906	0	0	0	0	3	0	0	0	0	0.589280	0
holistic	he1434	906	0.542196	0.542196	3	3	9	0	0	0.542196	0	2.988713	0.232533
holistic	he1435	907	0	0	0	0	8	0	0	0	0	3.301335	0
holistic	he1436	907	0	0	0	0	2	0	0	0	0	1.491735	0
holistic	he1437	907	0	0	0	0	3	0	0	0	0	0.484379	0
conventional	ce1884	907	0	15.936754	0	14	7	2.275642	4.307839	5.018826	4.334447	0	0
conventional	ce1885	907	0	26.410140	0	14	7	7.649339	5.297945	9.011952	4.450904	0.464463	0
holistic	he1438	908	0	0	0	0	0	0	0	0	0	0	0
conventional	ce1886	908	0	40.843694	0	14	7	6.638780	6.317937	15.783930	12.103047	0	0
conventional	ce1887	908	0	50.114482	0	14	7	12.427285	8.655271	10.288271	18.743655	0	0
holistic	he1439	909	0	0	0	0	2	0	0	0	0	1.103409	0
holistic	he1440	909	0	0	0	0	16	0	0	0	0	12.122473	0
conventional	ce1888	909	0	34.850975	0	14	7	3.660481	7.993222	9.744678	13.452594	0.135868	0
conventional	ce1889	910	0	47.312783	0	14	7	10.252032	6.144561	21.657991	9.258199	0	0
holistic	he1441	911	0	0	0	0	13	0	0	0	0	5.952986	0
conventional	ce1890	911	0	50.157733	0	14	7	6.230376	5.244106	22.156409	16.526842	0	0
holistic	he1442	912	0	0	0	0	8	0	0	0	0	3.932270	0
holistic	he1443	912	0	0	0	0	6	0	0	0	0	1.252919	0
holistic	he1444	912	0	0	0	0	19	0	0	0	0	0	0
holistic	he1445	912	0	0	0	0	3	0	0	0	0	1.183030	0
holistic	he1446	912	0	0	0	0	2	0	0	0	0	0	0
conventional	ce1891	912	0	22.732023	0	14	7	3.892415	7.720042	1.270008	9.849558	0	0
conventional	ce1892	912	2.085272	74.482463	2	14	7	11.989481	1.747611	32.961861	27.783510	0.196795	0
holistic	he1447	913	0	0	0	0	14	0	0	0	0	2.713152	0
holistic	he1448	913	0	0	0	0	20	0	0	0	0	14.229261	0
conventional	ce1893	913	0	22.531386	0	14	7	3.566568	2.184246	8.413333	8.367239	0	0
conventional	ce1894	913	0	28.975468	0	14	7	8.597970	5.931789	10.720463	3.725246	0	0
conventional	ce1895	913	0	68.732873	0	14	7	14.947627	10.784871	18.413912	24.586463	0.098122	0
conventional	ce1896	913	0	73.458142	0	14	7	10.971833	16.182793	18.608579	27.694937	0	0
conventional	ce1897	913	0	41.635812	0	14	7	2.062956	2.710300	22.001746	14.860810	0	0
conventional	ce1898	913	0	57.556323	0	14	7	11.661503	10.092966	17.829822	17.972032	0	0
conventional	ce1899	914	0	56.309525	0	14	7	13.877153	6.629778	20.888261	14.914333	0	0
conventional	ce1900	914	0	66.913035	0	14	7	15.628472	9.398508	15.837145	26.048910	0.098122	0
conventional	ce1901	914	0	48.083052	0	14	7	8.827647	6.199093	19.612535	13.443777	0.373827	0
conventional	ce1902	914	0	47.989259	0	14	7	10.889008	5.644837	17.741167	13.714247	0.154744	0
conventional	ce1903	914	0	36.490762	0	14	7	2.060510	1.818744	18.150880	14.460628	0	0
holistic	he1449	915	0	0	0	0	16	0	0	0	0	15.847952	0
holistic	he1450	915	0	0	0	0	18	0	0	0	0	0	0
holistic	he1451	915	0	0	0	0	6	0	0	0	0	1.362918	0
holistic	he1452	915	0	0	0	0	10	0	0	0	0	17.459912	0
conventional	ce1904	915	0	33.987129	0	14	7	8.821405	3.093383	10.548139	11.524202	0	0
conventional	ce1905	915	0	20.427659	0	14	7	5.902743	1.351610	9.870342	3.302964	0	0
conventional	ce1906	915	0	53.848736	0	14	7	9.352632	10.756749	22.124304	11.615051	1.010836	0
conventional	ce1907	915	0.837296	76.798186	1	14	7	11.125942	1.194847	34.629187	29.848210	0.211663	0
holistic	he1453	916	0.988150	1.370656	2	4	18	1.370656	0	0	0	9.855960	0
holistic	he1454	916	0	0	0	0	12	0	0	0	0	7.801588	0
conventional	ce1908	916	0	30.895950	0	14	7	9.736051	5.550733	9.187952	6.421214	0	0
conventional	ce1909	916	0	25.783255	0	14	7	3.011358	2.367148	9.738818	10.665931	0	0
conventional	ce1910	917	0	48.982758	0	14	7	9.752196	10.538942	10.613231	18.078389	0	0
conventional	ce1911	917	0	30.428629	0	14	7	2.597017	4.381540	10.909686	12.540386	0.135868	0
holistic	he1455	918	0	9.407696	0	16	14	9.407696	0	0	0	17.459912	0
conventional	ce1912	918	0	36.364015	0	14	7	8.758451	0.266525	14.479941	12.859098	0	0
conventional	ce1913	918	0	42.317985	0	14	7	7.837619	5.989626	16.315235	12.175505	1.338558	0
holistic	he1456	919	0	0	0	0	2	0	0	0	0	1.491735	0
conventional	ce1914	919	0	44.818962	0	14	7	9.725031	5.564428	19.725391	9.804112	0	0
conventional	ce1915	919	0	30.283694	0	14	7	7.428292	0.808909	9.082024	12.964469	0	0
conventional	ce1916	919	0	100.442956	0	14	7	12.531283	11.695376	49.014746	27.201551	0.350038	0
conventional	ce1917	919	0.966318	86.975925	1	14	7	11.197372	2.264013	43.804536	29.710004	0.336669	0
conventional	ce1918	919	0	45.289120	0	14	7	8.804262	0.417004	21.624216	14.443638	0.098122	0
conventional	ce1919	919	0	35.932611	0	14	7	9.606995	6.612163	12.990714	6.722739	0	0
holistic	he1457	920	0	0	0	0	6	0	0	0	0	2.666790	0
holistic	he1458	920	0	0	0	0	17	0	0	0	0	3.568480	0
conventional	ce1920	920	0	13.763936	0	14	7	0.565931	5.088868	2.296360	5.812777	0	0
conventional	ce1921	920	0	52.590910	0	14	7	14.302115	6.433476	18.806774	13.048545	0	0
conventional	ce1922	921	0	33.655811	0	14	7	5.210579	6.863648	10.729983	10.851601	0.555440	0
conventional	ce1923	921	0	76.277166	0	14	7	11.823581	14.630770	21.806002	28.016813	0.862317	0
conventional	ce1924	921	0	47.955911	0	14	7	5.495383	5.823792	22.012446	14.624290	0.373827	0
conventional	ce1925	921	0	59.603005	0	14	7	11.745511	11.732604	25.506858	10.618032	0	0
conventional	ce1926	921	0.837296	81.992676	1	14	7	14.011053	0.939654	35.134246	31.907723	0.226674	0
conventional	ce1927	922	0	43.646690	0	14	7	8.129918	0.535479	19.844169	15.137124	0.098122	0
conventional	ce1928	922	0	37.750270	0	14	7	9.038690	7.760594	14.360590	6.590396	0	0
conventional	ce1929	922	0	51.885269	0	14	7	10.885915	7.471365	23.293438	10.234551	2.348155	0
conventional	ce1930	922	0	32.842749	0	14	7	3.250032	5.172694	10.376589	14.043434	0.135868	0
conventional	ce1931	923	0	47.456147	0	14	7	10.085897	8.003680	21.373043	7.993527	0.779944	0
conventional	ce1932	923	0	73.561980	0	14	7	10.332147	13.666362	24.886624	24.676847	0	0
conventional	ce1933	923	0	69.340498	0	14	7	10.971833	14.769484	17.406402	26.192779	0	0
conventional	ce1934	923	0	35.488138	0	14	7	9.431267	6.935349	12.490776	6.630746	0	0
conventional	ce1935	923	0	64.458889	0	14	7	8.626665	13.070175	20.561962	22.200087	0.078817	0
conventional	ce1936	923	0	43.997231	0	14	7	7.773783	4.398963	18.103744	13.720741	0	0
conventional	ce1937	924	0	55.708733	0	14	7	14.270372	9.576468	12.030275	19.831618	0	0
conventional	ce1938	925	0.035599	78.640282	1	14	7	8.310365	12.489369	26.130222	31.710326	0.746849	0
conventional	ce1939	925	0.837296	75.757107	1	14	7	11.681079	1.954053	32.678500	29.443475	0.196795	0
holistic	he1459	926	0	0	0	0	2	0	0	0	0	0	0
holistic	he1460	926	0	0	0	0	8	0	0	0	0	3.932270	0
conventional	ce1940	926	0	19.614724	0	14	7	3.908671	1.224526	10.332585	4.148942	0.135868	0
holistic	he1461	927	0	0	0	0	10	0	0	0	0	14.150901	0
conventional	ce1941	927	0	28.748703	0	14	7	8.603892	1.901003	9.639685	8.604123	0	0
conventional	ce1942	927	0	52.938250	0	14	7	8.615946	4.273619	25.399005	14.649680	0.089945	0
holistic	he1462	928	0	0	0	0	24	0	0	0	0	16.069376	0
holistic	he1463	929	0	0	0	0	3	0	0	0	0	0	0
holistic	he1464	929	0	0	0	0	8	0	0	0	0	0	0
conventional	ce1943	929	0.966318	81.920965	1	14	7	10.511882	2.255753	42.339513	26.813817	0.998942	0
conventional	ce1944	929	0.191037	47.423103	1	14	7	12.710913	8.703817	10.337622	15.670751	0	0
holistic	he1465	930	0	0	0	0	8	0	0	0	0	3.932270	0
holistic	he1466	930	0	0	0	0	17	0	0	0	0	15.787588	0
conventional	ce1945	930	0	23.901088	0	14	7	7.549995	3.504925	7.659281	5.186887	0	0
holistic	he1467	931	0	0	0	0	7	0	0	0	0	3.649065	0
conventional	ce1946	931	0.966318	88.260412	1	14	7	11.681451	4.078315	42.939997	29.560649	0.336669	0
holistic	he1468	932	0	0	0	0	3	0	0	0	0	0	0
conventional	ce1947	932	0	41.392359	0	14	7	9.284357	3.760343	15.103945	13.243714	0	0
conventional	ce1948	932	0	27.741314	0	14	7	5.190649	2.089079	17.162812	3.298774	0	0
holistic	he1469	933	0	0	0	0	6	0	0	0	0	1.252919	0
holistic	he1470	933	0	0	0	0	6	0	0	0	0	2.905692	0
conventional	ce1949	933	0.656513	52.642677	1	14	7	9.139274	9.628222	20.717536	13.157645	1.057643	0
conventional	ce1950	933	0	36.028149	0	14	7	7.173776	1.538198	14.686744	12.629431	0	0
conventional	ce1951	933	0	77.000819	0	14	7	12.348437	10.583071	38.063211	16.006100	0	0
conventional	ce1952	933	0	28.628143	0	14	7	7.531057	4.499136	8.984592	7.613358	0.464463	0
holistic	he1471	934	0	0	0	0	3	0	0	0	0	0	0
holistic	he1472	934	0	0	0	0	20	0	0	0	0	0	0
holistic	he1473	934	0	0	0	0	6	0	0	0	0	1.207025	0
conventional	ce1953	934	0	29.947987	0	14	7	2.473018	1.943437	11.892353	13.639179	0	0
holistic	he1474	935	0	0	0	0	8	0	0	0	0	4.648698	0
holistic	he1475	935	0	0	0	0	3	0	0	0	0	0	0
conventional	ce1954	935	2.590623	57.779724	2	14	7	10.221388	4.093088	24.971379	18.493869	1.377241	0
conventional	ce1955	935	0	44.443826	0	14	7	5.616766	5.883743	21.067372	11.875945	2.348155	0
holistic	he1476	936	0	0	0	0	8	0	0	0	0	2.341462	0
conventional	ce1956	936	0	58.440328	0	14	7	19.017071	10.391981	7.230690	21.800586	0	0
conventional	ce1957	936	0	84.394185	0	14	7	13.581665	5.470741	31.926473	33.415306	0	0
conventional	ce1958	936	0	54.274292	0	14	7	12.850705	7.618092	21.717962	12.087533	0	0
holistic	he1477	937	0	0	0	0	18	0	0	0	0	9.486174	0
holistic	he1478	937	0	0	0	0	3	0	0	0	0	0	0
conventional	ce1959	937	0	59.451360	0	14	7	13.985353	7.062207	24.236302	14.167498	0	0
conventional	ce1960	937	0	34.705432	0	14	7	5.861565	6.364775	14.920902	7.558190	0.373827	0
holistic	he1479	938	0	0	0	0	17	0	0	0	0	7.578582	0
holistic	he1480	938	0	0	0	0	1	0	0	0	0	0	0
holistic	he1481	938	0	0	0	0	2	0	0	0	0	1.257835	0
holistic	he1482	938	0	0	0	0	3	0	0	0	0	1.188458	0
conventional	ce1961	938	0	50.810576	0	14	7	9.111847	7.156472	19.236771	15.305486	0.373827	0
holistic	he1483	940	0	0	0	0	12	0	0	0	0	12.061428	0
holistic	he1484	940	0	0	0	0	9	0	0	0	0	0	0
conventional	ce1962	940	0	65.367472	0	14	7	7.808763	14.420950	20.357395	22.780364	0	0
conventional	ce1963	940	0	60.079992	0	14	7	9.841668	6.528955	21.180982	22.528387	1.500322	0
holistic	he1485	941	5.280741	5.280741	3	3	12	0	0	0	5.280741	13.936125	0
holistic	he1486	941	0	0	0	0	12	0	0	0	0	13.834893	0
conventional	ce1964	941	0	84.332544	0	14	7	11.333210	16.124253	27.250505	29.624576	0.883013	0
conventional	ce1965	941	0	73.026672	0	14	7	15.744134	8.070128	33.878501	15.333909	0	0
conventional	ce1966	941	0	43.594364	0	14	7	8.797744	0.590224	21.495910	12.710486	0.098122	0
holistic	he1487	942	0	0	0	0	16	0	0	0	0	0	0
holistic	he1488	942	0	0.094846	0	2	18	0	0	0.094846	0	0	0
holistic	he1489	942	0	0	0	0	14	0	0	0	0	9.781425	0
conventional	ce1967	942	0	76.754065	0	14	7	10.834849	17.645469	23.764076	24.509671	0	0
holistic	he1490	943	0	0	0	0	13	0	0	0	0	6.919635	0
holistic	he1491	943	0	0	0	0	5	0	0	0	0	0	0
conventional	ce1968	943	0	27.038753	0	14	7	3.785931	2.612332	10.520382	10.120108	0	0
conventional	ce1969	943	0	75.131047	0	14	7	10.407927	11.590372	27.213282	25.919466	1.223277	0
conventional	ce1970	943	0	71.415856	0	14	7	11.711356	16.782832	14.235810	28.685858	0	0
holistic	he1492	944	0	0	0	0	1	0	0	0	0	0	0
holistic	he1493	944	0	0	0	0	4	0	0	0	0	0.168835	0
holistic	he1494	944	0	0	0	0	13	0	0	0	0	17.459912	0
holistic	he1495	944	0	0	0	0	12	0	0	0	0	13.834893	0
conventional	ce1971	944	0	55.460613	0	14	7	13.301363	6.515243	22.199775	13.444232	0	0
conventional	ce1972	944	0	40.296672	0	14	7	9.306852	1.314099	16.368392	13.307329	0	0
conventional	ce1973	944	0.966318	92.311157	1	14	7	11.995753	3.347599	44.881835	32.085970	0.336669	0
holistic	he1496	945	0	0	0	0	12	0	0	0	0	12.061428	0
conventional	ce1974	945	0	26.691289	0	14	7	3.734207	2.618701	8.851032	11.487349	0	0
conventional	ce1975	945	0	51.972964	0	14	7	10.388125	6.993214	23.567700	11.023925	3.012297	0
conventional	ce1976	945	0	44.530775	0	14	7	8.291979	0.113301	19.886374	16.239121	0.098122	0
conventional	ce1977	945	0.837296	78.192505	1	14	7	10.915820	1.461016	37.022147	28.793522	0.211663	0
holistic	he1497	946	0	0	0	0	3	0	0	0	0	0.168835	0
conventional	ce1978	946	0	52.014453	0	14	7	13.172414	8.974004	10.497554	19.370481	0	0
conventional	ce1979	946	0	34.507210	0	14	7	9.009054	6.951694	12.529208	6.017254	0	0
conventional	ce1980	946	0	85.391749	0	14	7	12.460514	3.985871	35.441678	33.503686	0	0
conventional	ce1981	946	0.035599	76.629845	1	14	7	8.126579	12.265150	26.706490	29.531626	0.776645	0
holistic	he1498	947	0	0	0	0	0	0	0	0	0	0	0
conventional	ce1982	947	0	57.547533	0	14	7	10.681677	3.780728	25.088647	17.996481	0	0
conventional	ce1983	947	0	52.003712	0	14	7	10.666970	10.309071	12.507844	18.519827	0	0
conventional	ce1984	947	0	30.076289	0	14	7	4.304696	1.986140	10.733920	13.051533	0	0
holistic	he1499	948	0	0	0	0	3	0	0	0	0	0	0
holistic	he1500	949	0	0	0	0	2	0	0	0	0	2.416475	0
holistic	he1501	950	0	0	0	0	2	0	0	0	0	0.850754	0
conventional	ce1985	950	0	40.002843	0	14	7	8.442548	0.461663	16.563632	14.535000	0	0
conventional	ce1986	950	0	34.520938	0	14	7	6.763913	4.133079	11.437159	12.186787	0	0
holistic	he1502	951	0	0	0	0	18	0	0	0	0	0	0
conventional	ce1987	951	0	69.714684	0	14	7	11.166674	15.573090	18.569248	24.405672	0	0
holistic	he1503	952	0	0	0	0	18	0	0	0	0	12.935874	0
holistic	he1504	952	0	0	0	0	7	0	0	0	0	3.649065	0
conventional	ce1988	952	0	59.175221	0	14	7	9.299828	7.549665	29.656104	12.669624	0.280662	0
conventional	ce1989	952	0	41.892248	0	14	7	8.433059	3.905902	13.050670	16.502617	0	0
holistic	he1505	954	0	0	0	0	14	0	0	0	0	7.864540	0
holistic	he1506	955	0	0	0	0	0	0	0	0	0	0	0
holistic	he1507	955	0	0	0	0	13	0	0	0	0	17.459912	0
conventional	ce1990	957	0	37.193665	0	14	7	2.179325	1.837153	19.401415	13.775772	0	0
conventional	ce1991	957	0	36.516210	0	14	7	4.344020	0.309324	18.010204	13.852662	0	0
conventional	ce1992	957	0	80.640361	0	14	7	10.027657	17.134218	25.632161	27.846325	1.548789	0
holistic	he1508	958	0	0	0	0	12	0	0	0	0	12.344394	0
conventional	ce1993	958	0	39.070621	0	14	7	7.703267	2.317415	21.088326	7.961613	0	0
conventional	ce1994	958	0.837296	77.868982	1	14	7	11.944360	2.579796	33.705775	29.639051	0.196795	0
holistic	he1509	959	0	0	0	0	14	0	0	0	0	7.337296	0
holistic	he1510	959	0	0	0	0	2	0	0	0	0	1.491735	0
holistic	he1511	959	0	0	0	0	5	0	0	0	0	6.000813	0
holistic	he1512	960	0	0	0	0	2	0	0	0	0	0	0
conventional	ce1995	960	0	41.347210	0	14	7	11.336091	1.637740	15.294665	13.078714	0	0
conventional	ce1996	960	0	34.773946	0	14	7	7.477568	1.123970	15.422398	10.750010	0.098122	0
holistic	he1513	961	0	0	0	0	17	0	0	0	0	5.988489	0
holistic	he1514	961	0	0	0	0	6	0	0	0	0	1.362918	0
conventional	ce1997	961	0	60.193444	0	14	7	13.484086	7.913873	23.525823	15.269662	0	0
holistic	he1515	962	0	0	0	0	12	0	0	0	0	12.612498	0
conventional	ce1998	962	0.837296	81.488671	1	14	7	13.558040	1.387671	36.426876	30.116084	0.079381	0
conventional	ce1999	962	0	29.383381	0	14	7	3.182719	6.099658	9.731151	10.369853	0	0
conventional	ce2000	962	0	56.731921	0	14	7	12.555769	6.406629	21.991110	15.778413	0	0
holistic	he1516	963	0	0	0	0	21	0	0	0	0	9.930546	0
conventional	ce2001	963	0.837296	75.798393	1	14	7	10.848975	1.201767	34.389321	29.358330	0.269599	0
holistic	he1517	964	0	0	0	0	12	0	0	0	0	12.344394	0
conventional	ce2002	964	3.025054	74.688724	2	14	7	11.773939	3.100253	32.161162	27.653370	0.196795	0
conventional	ce2003	964	0	43.205840	0	14	7	5.312257	5.450437	22.177363	10.265783	0.373827	0
conventional	ce2004	965	0.986990	74.250936	1	14	7	11.508589	4.561532	32.840800	25.340015	0.196795	0
conventional	ce2005	966	0	81.139490	0	14	7	11.480399	12.169177	24.110547	33.379367	0	0
conventional	ce2006	966	0	27.119661	0	14	7	2.195878	4.710106	10.619269	9.594408	0	0
conventional	ce2007	966	0	62.901604	0	14	7	10.966397	12.066452	14.274582	25.594173	0	0
holistic	he1518	967	0	0.094846	0	2	18	0	0	0.094846	0	0	0
holistic	he1519	967	0	0	0	0	4	0	0	0	0	2.505838	0
holistic	he1520	967	0	0	0	0	6	0	0	0	0	2.905692	0
holistic	he1521	967	0	0	0	0	14	0	0	0	0	0	0
conventional	ce2008	967	0	63.680674	0	14	7	16.238763	7.014733	20.427350	19.999828	0	0
conventional	ce2009	967	0	54.940456	0	14	7	11.850941	6.617607	17.088548	19.383360	0.826655	0
conventional	ce2010	968	0	89.919094	0	14	7	11.764912	18.022524	32.938477	27.193181	0	0
conventional	ce2011	968	0	46.909798	0	14	7	8.822804	0.908068	21.399377	15.779549	0.098122	0
holistic	he1522	969	0	0	0	0	2	0	0	0	0	0	0
holistic	he1523	969	0	0	0	0	8	0	0	0	0	4.785940	0
conventional	ce2012	970	0	52.721740	0	14	7	10.301230	9.038752	22.092853	11.288905	0	0
conventional	ce2013	970	0	60.267077	0	14	7	10.106549	14.312811	16.555532	19.292185	0	0
conventional	ce2014	970	0	83.000256	0	14	7	11.601126	7.298733	33.057457	31.042940	0	0
conventional	ce2015	970	0.837296	73.077726	1	14	7	11.676891	0.651012	33.212953	27.536870	0.211663	0
holistic	he1524	971	0	0	0	0	2	0	0	0	0	1.573552	0
holistic	he1525	971	0	0	0	0	17	0	0	0	0	4.235822	0.161502
holistic	he1526	971	0	0	0	0	5	0	0	0	0	1.717396	0
holistic	he1527	972	0	0.615178	0	2	17	0	0	0.615178	0	0	0
holistic	he1528	972	0	0	0	0	8	0	0	0	0	9.317066	0
holistic	he1529	972	0	0	0	0	8	0	0	0	0	2.341462	0
holistic	he1530	972	0	0	0	0	4	0	0	0	0	3.932270	0
conventional	ce2016	972	0	34.370263	0	14	7	6.844766	6.865681	14.878605	5.781211	0	0
holistic	he1531	973	0	0	0	0	7	0	0	0	0	3.649065	0
holistic	he1532	973	0	0	0	0	14	0	0	0	0	17.459912	0
holistic	he1533	973	0	0	0	0	8	0	0	0	0	4.648698	0
holistic	he1534	973	0	0	0	0	3	0	0	0	0	0.570223	0
conventional	ce2017	973	0	39.448562	0	14	7	3.701681	1.157190	22.204659	12.385032	0.268756	0
conventional	ce2018	973	0	62.105998	0	14	7	11.156756	15.157180	11.697950	24.094112	0	0
conventional	ce2019	973	0	32.525441	0	14	7	7.073083	2.479578	13.556068	9.416712	0.098122	0
conventional	ce2020	974	0	39.610843	0	14	7	9.167126	0.592761	15.139753	14.711203	0	0
conventional	ce2021	974	0	38.132490	0	14	7	8.439113	4.112920	14.876871	10.703586	0	0
conventional	ce2022	974	0	26.762973	0	14	7	3.417827	2.329988	11.166685	9.848473	0	0
conventional	ce2023	974	0	37.565651	0	14	7	9.506108	8.707071	11.772277	7.580195	0	0
conventional	ce2024	974	0	67.601332	0	14	7	11.881900	6.374676	27.522252	21.822504	0	0
conventional	ce2025	974	0	36.754917	0	14	7	5.291703	0.580773	18.742040	12.140401	0.326526	0
conventional	ce2026	974	0.035599	77.648756	1	14	7	7.747360	11.946406	24.695389	33.259601	1.020896	0
holistic	he1535	975	0	0	0	0	18	0	0	0	0	12.935874	0
holistic	he1536	975	0	0	0	0	18	0	0	0	0	21.942804	0
holistic	he1537	975	0	0	0	0	21	0	0	0	0	9.930546	0
holistic	he1538	975	0	0	0	0	19	0	0	0	0	1.973034	0
conventional	ce2027	975	0	59.925267	0	14	7	13.187234	7.661911	15.482151	23.593971	0.826655	0
conventional	ce2028	975	0	29.020514	0	14	7	5.395201	2.802069	10.836681	9.986563	0	0
holistic	he1539	976	0	0	0	0	3	0	0	0	0	0.563064	0
holistic	he1540	976	0	0	0	0	8	0	0	0	0	4.718760	0
holistic	he1541	976	0	0	0	0	6	0	0	0	0	1.717396	0
holistic	he1542	976	5.280741	5.280741	3	3	12	0	0	0	5.280741	13.936125	0
conventional	ce2029	976	0	57.108009	0	14	7	8.440072	14.010704	15.710644	18.946589	0	0
conventional	ce2030	976	0	23.802396	0	14	7	3.859823	3.444193	9.399952	7.098428	0	0
conventional	ce2031	976	2.679477	74.536531	2	14	7	11.341926	2.791829	33.399856	27.002920	0.196795	0
holistic	he1543	977	1.760247	1.760247	1	1	3	0	0	0	1.760247	0	0
holistic	he1544	978	0	0	0	0	19	0	0	0	0	21.824890	0
conventional	ce2032	978	0	33.242920	0	14	7	8.006990	0.907925	10.233423	14.094582	0	0
holistic	he1545	979	0	0	0	0	2	0	0	0	0	2.324349	0
holistic	he1546	979	0	0	0	0	9	0	0	0	0	0	0
conventional	ce2033	979	0	73.796809	0	14	7	11.098418	21.174812	20.550822	20.972757	0	0
conventional	ce2034	979	3.025054	83.169003	2	14	7	12.171371	10.785337	34.615933	25.596362	0.196795	0
conventional	ce2035	979	0	24.737657	0	14	7	3.027086	0.785854	11.087494	9.837223	0	0
holistic	he1547	980	2.200712	2.200712	1	1	4	0	0	0	2.200712	0	0
holistic	he1548	980	0	0	0	0	13	0	0	0	0	3.932270	0
conventional	ce2036	980	0	35.935955	0	14	7	5.632712	3.396930	11.100901	15.805412	0	0
holistic	he1549	981	0	0	0	0	10	0	0	0	0	4.241446	0
holistic	he1550	981	0	0	0	0	4	0	0	0	0	2.505838	0
conventional	ce2037	981	0	38.478204	0	14	7	6.353320	8.247807	11.832707	12.044370	0	0
holistic	he1551	982	0	0	0	0	2	0	0	0	0	2.674096	0
conventional	ce2038	982	0	57.941064	0	14	7	12.317632	9.934861	21.671308	14.017263	0	0
conventional	ce2039	982	0	32.228615	0	14	7	8.989656	2.025636	11.424070	9.789253	0	0
holistic	he1552	983	0	0	0	0	3	0	0	0	0	0.168835	0
conventional	ce2040	983	0	42.058386	0	14	7	10.367054	8.346519	13.516468	9.828345	0	0
conventional	ce2041	983	0.115677	51.112744	1	14	7	13.040701	9.328423	9.471820	19.271800	0	0
conventional	ce2042	983	0	22.405582	0	14	7	2.551771	1.685211	7.686997	10.481603	0	0
conventional	ce2043	983	0	30.787636	0	14	7	6.633912	6.165536	13.076576	4.911612	0	0
conventional	ce2044	983	0	61.018503	0	14	7	8.132817	3.846584	25.453946	23.585156	0.098122	0
conventional	ce2045	983	0	30.278957	0	14	7	3.634355	3.814474	11.419062	11.411066	0.098122	0
holistic	he1553	984	0	0	0	0	8	0	0	0	0	3.932270	0
conventional	ce2046	984	0	48.451642	0	14	7	10.942956	9.021871	16.164399	12.322416	0	0
conventional	ce2047	985	0	36.773633	0	14	7	9.543321	9.066783	10.194206	7.969323	0	0
conventional	ce2048	985	0.053206	32.580487	1	14	7	2.555401	3.156780	11.309195	15.559111	0	0
conventional	ce2049	985	0.196338	49.411244	1	14	7	13.903471	8.857484	8.390492	18.259797	0	0
holistic	he1554	986	0	0	0	0	8	0	0	0	0	13.694466	0
conventional	ce2050	987	0	67.079594	0	14	7	9.764963	16.644832	21.778310	18.891489	0	0
conventional	ce2051	987	0	60.414047	0	14	7	14.216352	9.152824	11.968755	25.076116	0.826655	0
holistic	he1555	988	0	0	0	0	15	0	0	0	0	22.302070	0
holistic	he1556	988	0	0	0	0	8	0	0	0	0	2.341462	0
conventional	ce2052	988	0	33.260071	0	14	7	4.189372	4.506516	14.294642	10.269541	0	0
conventional	ce2053	989	0	50.621690	0	14	7	15.907916	1.978525	17.471731	15.263518	0	0
conventional	ce2054	989	0	30.554790	0	14	7	5.081232	6.365874	8.909308	10.198376	0	0
holistic	he1557	990	0	0	0	0	7	0	0	0	0	0	0
conventional	ce2055	990	0	31.973473	0	14	7	6.092877	5.538299	16.246668	4.095629	0	0
holistic	he1558	991	0	0	0	0	19	0	0	0	0	0	0
holistic	he1559	992	0	0	0	0	7	0	0	0	0	1.717396	0
holistic	he1560	992	0	0	0	0	3	0	0	0	0	4.822047	0
holistic	he1561	993	0	0	0	0	12	0	0	0	0	4.924065	0
conventional	ce2056	993	0	38.945386	0	14	7	9.345363	0.674213	14.381207	14.544603	0.184058	0
conventional	ce2057	993	0	62.788560	0	14	7	11.039823	12.401569	13.473570	25.873598	0	0
conventional	ce2058	994	0	66.269407	0	14	7	16.230702	8.868030	26.127026	15.043649	0	0
holistic	he1562	995	0	0	0	0	7	0	0	0	0	4.351682	0
holistic	he1563	995	0	0	0	0	2	0	0	0	0	1.491735	0
holistic	he1564	995	0	0	0	0	12	0	0	0	0	12.612498	0
conventional	ce2059	995	0	84.953454	0	14	7	11.511128	1.896942	39.221793	32.323591	0	0
holistic	he1565	996	0	0	0	0	6	0	0	0	0	0.445180	0
holistic	he1566	996	0	0	0	0	8	0	0	0	0	9.317066	0
conventional	ce2060	996	0	40.118886	0	14	7	9.905168	0.644176	13.229482	16.340060	0.098122	0
conventional	ce2061	996	0	64.172169	0	14	7	11.867692	8.169970	17.493597	26.640910	0	0
holistic	he1567	997	0	0	0	0	24	0	0	0	0	10.087224	0
conventional	ce2062	997	0	36.342103	0	14	7	5.082385	1.662973	16.652149	12.944596	0.098122	0
conventional	ce2063	997	0	46.967638	0	14	7	11.306785	7.669672	9.793702	18.197479	0	0
conventional	ce2064	997	0	37.271547	0	14	7	4.881537	0.354684	17.795694	14.239632	0	0
holistic	he1568	998	0	0	0	0	2	0	0	0	0	1.491735	0
holistic	he1569	998	0	0	0	0	20	0	0	0	0	16.459192	0
holistic	he1570	998	0	0	0	0	12	0	0	0	0	12.344394	0
holistic	he1571	999	0	0	0	0	2	0	0	0	0	0	0
conventional	ce2065	999	0	51.767994	0	14	7	10.370019	5.695714	15.883154	19.819107	0.826655	0
holistic	he1572	1000	0	0	0	0	13	0	0	0	0	19.898360	0
holistic	he1573	1000	0	0	0	0	12	0	0	0	0	13.834893	0
holistic	he1574	1001	0	0	0	0	12	0	0	0	0	12.344394	0
holistic	he1575	1001	0	0	0	0	18	0	0	0	0	0	0
conventional	ce2066	1001	0	60.285729	0	14	7	14.763204	7.355596	23.327028	14.839901	0.816639	0
conventional	ce2067	1001	0.837296	72.002045	1	14	7	10.471953	1.394648	32.282705	27.852739	0.218203	0
conventional	ce2068	1001	0	32.681525	0	14	7	7.112812	3.417702	12.229000	9.922011	0.098122	0
holistic	he1576	1002	0	0	0	0	12	0	0	0	0	11.258346	0
holistic	he1577	1002	0	0	0	0	9	0	0	0	0	13.094934	0
holistic	he1578	1002	7.323548	7.323548	6	6	10	0.282560	0	0	7.040988	9.290750	0
conventional	ce2069	1002	0	27.129338	0	14	7	2.650607	1.628621	11.557273	11.292837	0	0
holistic	he1579	1003	0	0	0	0	2	0	0	0	0	2.873718	0
holistic	he1580	1003	0	0	0	0	4	0	0	0	0	1.729984	0
holistic	he1581	1003	0	0	0	0	12	0	0	0	0	14.664192	0
conventional	ce2070	1003	0	46.892082	0	14	7	11.177736	11.880212	13.653547	10.180587	0	0
holistic	he1582	1004	0	0	0	0	8	0	0	0	0	9.317066	0
holistic	he1583	1004	0	0	0	0	12	0	0	0	0	10.455582	0
conventional	ce2071	1004	2.679477	74.854086	2	14	7	11.329147	5.096721	32.357891	26.070327	0.196795	0
conventional	ce2072	1004	0	51.349410	0	14	7	15.775405	3.294296	14.326726	17.952983	0	0
holistic	he1584	1005	0	0	0	0	14	0	0	0	0	0	0
holistic	he1585	1005	0	0	0	0	18	0	0	0	0	3.352844	0
holistic	he1586	1005	0	0	0	0	14	0	0	0	0	7.864540	0
conventional	ce2073	1005	0	50.570657	0	14	7	11.611092	9.355441	10.402376	19.201748	0	0
conventional	ce2074	1005	0	76.303850	0	14	7	10.528856	4.980581	29.923894	30.870519	0	0
holistic	he1587	1006	0	0	0	0	3	0	0	0	0	0.168835	0
holistic	he1588	1006	0	0	0	0	14	0	0	0	0	6.620364	0
holistic	he1589	1006	0	0	0	0	7	0	0	0	0	3.649065	0
holistic	he1590	1006	0	0	0	0	8	0	0	0	0	9.317066	0
conventional	ce2075	1006	0	27.915382	0	14	7	5.472173	5.741859	12.169219	4.532131	0	0
conventional	ce2076	1006	0	26.591467	0	14	7	3.790105	0.761279	11.254709	10.785374	0	0
conventional	ce2077	1006	0	77.154622	0	14	7	20.450931	9.319783	31.049338	16.334570	0	0
conventional	ce2078	1006	0	62.482778	0	14	7	12.985403	7.700040	16.432279	25.365056	0.826655	0
conventional	ce2079	1006	0	37.322272	0	14	7	9.607045	8.116522	12.403230	7.195475	0	0
conventional	ce2080	1006	0	69.217659	0	14	7	9.880809	17.830965	22.723436	18.782449	0.098122	0
conventional	ce2081	1007	0	33.139288	0	14	7	9.154249	8.492390	8.466023	7.026626	0	0
conventional	ce2082	1007	0	40.101886	0	14	7	9.646886	8.106722	14.093205	8.255073	0	0
conventional	ce2083	1007	0	30.869007	0	14	7	5.971567	2.804733	11.892413	10.200294	0	0
holistic	he1591	1008	0	0	0	0	27	0	0	0	0	21.942804	0
conventional	ce2084	1008	0	43.661390	0	14	7	13.294918	1.345733	17.167157	11.853582	0	0
holistic	he1592	1009	0	0	0	0	3	0	0	0	0	0.168835	0
conventional	ce2085	1009	0	61.724887	0	14	7	10.928861	11.846146	16.753236	22.196644	0	0
conventional	ce2086	1010	0	20.128904	0	14	7	2.701125	0.893181	12.744958	3.789640	0.484643	0
conventional	ce2087	1010	0	34.973931	0	14	7	9.937051	9.785932	7.256738	7.994210	0	0
conventional	ce2088	1010	0	51.346861	0	14	7	16.013793	2.665293	17.687226	14.980549	0	0
conventional	ce2089	1010	0	55.617627	0	14	7	7.473013	3.013178	24.661778	20.469658	1.596196	0
conventional	ce2090	1010	0	34.753043	0	14	7	8.755832	7.337552	11.683190	6.976469	0	0
holistic	he1593	1011	0	0	0	0	12	0	0	0	0	12.344394	0
conventional	ce2091	1011	0	60.270319	0	14	7	13.833893	8.856849	12.059911	25.519666	1.066672	0
conventional	ce2092	1011	0	37.759533	0	14	7	15.871607	1.687115	7.466247	12.734564	0	0
holistic	he1594	1012	0	0	0	0	17	0	0	0	0	6.951870	0
holistic	he1595	1012	0	0	0	0	14	0	0	0	0	1.962639	0.080751
conventional	ce2093	1012	0	50.368948	0	14	7	11.112691	3.050673	18.464309	17.741275	0	0
conventional	ce2094	1012	1.444674	52.351876	1	14	7	9.937932	1.010122	21.641671	19.762151	0.326526	0
conventional	ce2095	1013	0	38.516812	0	14	7	7.227197	5.750388	15.291068	10.248159	0	0
holistic	he1596	1014	0	0	0	0	4	0	0	0	0	2.505838	0
holistic	he1597	1015	0	0	0	0	2	0	0	0	0	1.135219	0
holistic	he1598	1017	0	0	0	0	9	0	0	0	0	13.094934	0
conventional	ce2096	1017	0	61.480257	0	14	7	13.930851	9.866221	12.847843	24.835342	0.159706	0
holistic	he1599	1018	0	0	0	0	8	0	0	0	0	9.543056	0
holistic	he1600	1019	0	0	0	0	8	0	0	0	0	9.974086	0
holistic	he1601	1019	0	0	0	0	6	0	0	0	0	1.717396	0
conventional	ce2097	1020	0	44.110155	0	14	7	12.667043	2.629385	15.455882	13.357845	0	0
conventional	ce2098	1020	0	84.445519	0	14	7	13.363991	28.767111	23.199290	19.115127	0	0
holistic	he1602	1021	0	0	0	0	12	0	0	0	0	10.087224	0
holistic	he1603	1022	0	0	0	0	9	0	0	0	0	14.664192	0
conventional	ce2099	1022	0	42.457952	0	14	7	4.810890	11.868357	12.811007	12.967698	0	0
holistic	he1604	1023	0	0	0	0	13	0	0	0	0	0	0
holistic	he1605	1023	0	0	0	0	6	0	0	0	0	8.729956	0
conventional	ce2100	1023	3.025054	77.028600	2	14	7	14.406007	3.261961	29.939533	29.421099	0.196795	0
holistic	he1606	1024	0	0	0	0	21	0	0	0	0	13.530231	0
conventional	ce2101	1024	0	37.631522	0	14	7	9.842226	8.030091	13.001071	6.758134	0	0
conventional	ce2102	1024	0	56.120551	0	14	7	10.337056	0.753884	24.390338	20.639273	0.184058	0
conventional	ce2103	1025	0	50.830216	0	14	7	14.040862	2.254759	17.064913	17.469682	0	0
conventional	ce2104	1026	0	53.926230	0	14	7	8.662065	9.560505	21.998691	13.704969	0.206627	0
conventional	ce2105	1026	0	18.825804	0	14	7	3.998510	2.032252	5.714973	7.080069	0	0
holistic	he1607	1027	0	0	0	0	3	0	0	0	0	0.824987	0.268308
holistic	he1608	1027	0	0	0	0	5	0	0	0	0	1.717396	0
conventional	ce2106	1027	0	58.995253	0	14	7	11.617699	4.049923	22.249889	21.077742	0	0
conventional	ce2107	1028	0	64.390004	0	14	7	15.737268	8.917881	23.560473	16.174382	0	0
conventional	ce2108	1028	0	31.195753	0	14	7	5.237339	3.682099	10.523414	11.752901	0	0
conventional	ce2109	1028	0	35.094193	0	14	7	6.910425	4.522631	13.673739	9.987398	0	0
conventional	ce2110	1029	0	32.873186	0	14	7	6.497291	2.523063	14.854079	8.998753	0.098122	0
conventional	ce2111	1030	0	36.170661	0	14	7	8.466360	2.741155	15.212535	9.750611	0	0
conventional	ce2112	1030	0	48.880743	0	14	7	19.362796	1.000772	9.981556	18.535619	0	0
conventional	ce2113	1030	0.785095	59.125958	1	14	7	13.934058	12.731411	9.387248	23.073241	0	0
holistic	he1609	1031	0	0	0	0	27	0	0	0	0	21.942804	0
holistic	he1610	1031	0	0	0	0	8	0	0	0	0	8.191286	0
holistic	he1611	1032	0	0	0	0	6	0	0	0	0	8.729956	0
holistic	he1612	1032	0	0	0	0	8	0	0	0	0	9.317708	0
conventional	ce2114	1032	0	37.944095	0	14	7	9.923111	8.066991	11.480050	8.473943	0	0
holistic	he1613	1033	0	0	0	0	6	0	0	0	0	1.462570	0
holistic	he1614	1033	0	0	0	0	10	0	0	0	0	0	0
holistic	he1615	1033	0	0	0	0	12	0	0	0	0	12.344394	0
holistic	he1616	1033	0	0	0	0	8	0	0	0	0	9.317066	0
conventional	ce2115	1033	0	62.921043	0	14	7	19.691221	7.737104	23.438071	12.054647	0.816639	0
conventional	ce2116	1034	0	70.611201	0	14	7	11.887311	7.131953	22.536577	29.055360	0	0
conventional	ce2117	1034	0	40.716921	0	14	7	6.251605	3.596351	12.497737	18.371228	0	0
conventional	ce2118	1034	0	56.571136	0	14	7	16.806658	1.327933	24.038168	14.398377	0	0
conventional	ce2119	1034	0	57.466959	0	14	7	11.958092	9.227052	15.243983	21.037832	0.159706	0
conventional	ce2120	1034	0	37.423030	0	14	7	6.706319	5.387352	14.877148	10.452211	0	0
holistic	he1617	1035	0	0	0	0	24	0	0	0	0	10.087224	0
holistic	he1618	1035	0	0	0	0	12	0	0	0	0	10.486851	0
holistic	he1619	1035	0	0	0	0	14	0	0	0	0	18.259288	0
holistic	he1620	1035	0	0	0	0	3	0	0	0	0	1.135219	0
conventional	ce2121	1035	0	58.812883	0	14	7	19.054606	0.954015	15.154907	23.649355	0	0
conventional	ce2122	1035	0	68.810007	0	14	7	14.754330	10.907256	15.767402	27.381019	1.988299	0
holistic	he1621	1036	0	0	0	0	8	0	0	0	0	10.392490	0
holistic	he1622	1036	0	0	0	0	17	0	0	0	0	0	0
holistic	he1623	1036	0	0	0	0	8	0	0	0	0	9.064716	0
holistic	he1624	1036	0	0	0	0	9	0	0	0	0	13.094934	0
conventional	ce2123	1036	0	59.504185	0	14	7	13.209085	8.997739	11.576314	25.721047	0.711387	0
conventional	ce2124	1036	0	61.481682	0	14	7	13.231481	8.741206	23.265634	16.243361	0	0
conventional	ce2125	1036	0	14.563918	0	14	7	3.572820	1.292011	5.769448	3.929639	0	0
holistic	he1625	1037	0	0	0	0	4	0	0	0	0	2.505838	0
conventional	ce2126	1037	0	39.183217	0	14	7	9.716558	8.987747	10.821877	9.657035	0	0
holistic	he1626	1038	0	0	0	0	6	0	0	0	0	1.717396	0
conventional	ce2127	1038	0	60.152782	0	14	7	18.309244	2.596730	25.125491	14.121317	0	0
holistic	he1627	1039	0	0	0	0	13	0	0	0	0	3.642148	0
conventional	ce2128	1039	0.191993	59.226252	1	14	7	13.122212	12.805639	8.348604	24.949797	0	0
conventional	ce2129	1039	0	40.237335	0	14	7	10.255621	5.316662	14.863679	9.801373	0	0
conventional	ce2130	1039	0	27.644109	0	14	7	8.080530	6.114035	8.863429	4.586115	0	0
conventional	ce2131	1039	0	39.397832	0	14	7	9.239184	1.440668	14.512504	14.205476	0	0
holistic	he1628	1040	0	0	0	0	8	0	0	0	0	8.352378	0
holistic	he1629	1040	0	0	0	0	12	0	0	0	0	4.924065	0
conventional	ce2132	1040	0	62.309722	0	14	7	10.606779	13.112189	15.642341	22.948413	0	0
holistic	he1630	1041	0	0	0	0	12	0	0	0	0	11.009055	0
conventional	ce2133	1041	0	37.254862	0	8	7	8.405555	4.853786	15.677767	8.317754	0	0
conventional	ce2134	1041	0	36.932603	0	14	7	6.996196	5.500555	16.060921	8.374931	0	0
conventional	ce2135	1041	0	46.395537	0	14	7	14.624028	1.400428	20.501869	9.869212	0.826655	0
holistic	he1631	1042	0	0	0	0	25	0	0	0	0	18.874944	0
holistic	he1632	1042	0	0	0	0	3	0	0	0	0	0.168835	0
holistic	he1633	1043	0	0	0	0	12	0	0	0	0	14.664192	0
holistic	he1634	1043	0	0	0	0	3	0	0	0	0	0.168835	0
conventional	ce2136	1043	0	70.873836	0	14	7	12.169583	10.703960	21.792685	26.207608	0	0
conventional	ce2137	1043	0	36.972843	0	14	7	6.401278	4.797515	16.322155	9.451895	0	0
conventional	ce2138	1043	0	41.471870	0	14	7	12.000302	1.046609	18.427648	9.997311	0	0
conventional	ce2139	1043	0	20.534735	0	14	7	6.558890	6.523243	3.656731	3.795871	0	0
conventional	ce2140	1043	0	52.228506	0	14	7	19.530914	1.270092	12.514585	18.912915	0	0
conventional	ce2141	1043	0	69.985602	0	14	7	14.407986	12.730489	13.345443	29.501684	1.988299	0
conventional	ce2142	1044	1.199714	45.772993	1	14	7	14.259688	1.724373	14.831697	14.957235	0.058815	0
conventional	ce2143	1045	0	73.800825	0	14	7	14.659428	12.096922	15.525799	31.518676	1.661572	0
conventional	ce2144	1045	0	56.675693	0	14	7	15.236975	1.738691	20.630367	19.069660	0	0
holistic	he1635	1046	0	0	0	0	3	0	0	0	0	2.148240	0
conventional	ce2145	1046	0	56.821907	0	14	7	11.277929	7.783557	13.084198	24.676223	0.826655	0
conventional	ce2146	1046	0	48.998476	0	14	7	16.910445	2.238073	17.239058	12.610900	0	0
conventional	ce2147	1047	0	64.598425	0	14	7	14.640153	9.291733	23.794971	16.871568	0	0
conventional	ce2148	1047	0	57.338139	0	14	7	10.951582	6.464860	17.501348	22.420349	0.814901	0
holistic	he1636	1048	0	0	0	0	6	0	0	0	0	9.199690	0
conventional	ce2149	1048	0	38.314138	0	14	7	6.334925	1.266533	17.054932	13.657748	0.005973	0
conventional	ce2150	1048	0	63.288429	0	14	7	12.485599	7.193586	14.618343	28.990901	0.746408	0
conventional	ce2151	1049	0	59.233338	0	14	7	12.866761	10.053388	15.819689	20.493500	1.086946	0
conventional	ce2152	1049	0	59.629957	0	14	7	10.216997	11.644711	15.291468	22.476781	0	0
conventional	ce2153	1050	0	51.534327	0	14	7	20.151781	4.210477	7.943323	19.228746	0	0
holistic	he1637	1052	0	0	0	0	12	0	0	0	0	10.486851	0
holistic	he1638	1053	0	0	0	0	12	0	0	0	0	14.783073	0
conventional	ce2154	1053	0	52.791509	0	14	7	15.945124	3.570946	24.199947	9.075492	0.826655	0
conventional	ce2155	1054	0	18.507912	0	14	7	3.039635	4.029760	8.188314	3.250203	0	0
conventional	ce2156	1054	0	83.604351	0	14	7	16.681798	11.543079	18.037925	37.341549	2.233632	0
holistic	he1639	1055	0	0	0	0	24	0	0	0	0	10.087224	0
holistic	he1640	1055	0	0	0	0	12	0	0	0	0	11.532474	0
holistic	he1641	1056	0	0	0	0	9	0	0	0	0	0	0
holistic	he1642	1056	0	0	0	0	13	0	0	0	0	19.898360	0
conventional	ce2157	1056	0	35.996751	0	14	7	6.969209	4.860519	12.712240	11.454783	0	0
conventional	ce2158	1056	0	69.663128	0	14	7	16.039712	4.213179	25.298596	24.111641	0	0
holistic	he1643	1057	0	0	0	0	12	0	0	0	0	15.219396	0
conventional	ce2159	1057	0	56.857254	0	14	7	18.344267	4.637683	21.443376	12.431928	0.826655	0
conventional	ce2160	1057	0	50.452190	0	14	7	19.530914	1.270092	11.369933	18.281251	0	0
holistic	he1644	1058	0	0	0	0	9	0	0	0	0	12.524028	0
holistic	he1645	1058	0	0	0	0	8	0	0	0	0	9.974086	0
conventional	ce2161	1058	0	18.826343	0	14	7	3.149202	2.696227	8.862343	4.118571	0	0
conventional	ce2162	1059	0	43.268423	0	14	7	16.639986	1.266149	11.467213	13.895075	0.050427	0
holistic	he1646	1060	0	15.458949	0	3	12	15.458949	0	0	0	10.486851	0
holistic	he1647	1060	0	0	0	0	12	0	0	0	0	12.344394	0
holistic	he1648	1060	0	0	0	0	20	0	0	0	0	20.573990	0
holistic	he1649	1061	0	0	0	0	8	0	0	0	0	9.317708	0
conventional	ce2163	1061	0	77.191147	0	14	7	13.946033	11.426416	24.438713	27.379985	0	0
conventional	ce2164	1061	0	37.223310	0	14	7	7.465049	5.395988	16.014094	8.348179	0	0
conventional	ce2165	1061	0	56.688447	0	14	7	10.320964	7.577365	14.857179	23.932939	0.826655	0
holistic	he1650	1062	0	0	0	0	2	0	0	0	0	0.168835	0
holistic	he1651	1062	0	0	0	0	3	0	0	0	0	0.168835	0
holistic	he1652	1063	0	0	0	0	18	0	0	0	0	13.853709	0
conventional	ce2166	1063	0	48.973224	0	14	7	9.377814	5.154101	15.441717	18.999592	0.814901	0
conventional	ce2167	1063	0	35.423290	0	14	7	8.913605	8.669791	8.752105	9.087789	0	0
holistic	he1653	1064	0	0	0	0	8	0	0	0	0	11.291936	0
holistic	he1654	1064	0	0	0	0	12	0	0	0	0	10.486851	0
conventional	ce2168	1064	0	55.505405	0	14	7	14.851586	1.662573	18.443700	20.547546	0	0
holistic	he1655	1065	0	0	0	0	12	0	0	0	0	5.451594	0
holistic	he1656	1066	0	0	0	0	5	0	0	0	0	1.717396	0
holistic	he1657	1066	0	0	0	0	12	0	0	0	0	10.254972	0
holistic	he1658	1066	0	0	0	0	12	0	0	0	0	10.029942	0
holistic	he1659	1066	0	0	0	0	12	0	0	0	0	12.344394	0
conventional	ce2169	1066	0	46.788748	0	14	7	9.962980	1.708415	18.803750	16.313603	0	0
holistic	he1660	1067	0	0	0	0	8	0	0	0	0	9.974086	0
conventional	ce2170	1067	0	75.069815	0	14	7	15.086930	11.117695	17.636231	31.228959	2.233632	0
conventional	ce2171	1067	0	30.385219	0	14	7	5.303522	3.746396	11.095289	10.240012	0	0
holistic	he1661	1068	0	0	0	0	12	0	0	0	0	10.486851	0
conventional	ce2172	1068	0	49.767066	0	14	7	19.252158	3.309969	8.893969	18.310970	0	0
holistic	he1662	1069	0	0	0	0	3	0	0	0	0	0	0
conventional	ce2173	1069	0	60.321866	0	14	7	13.403155	8.327755	21.516228	17.074728	0	0
conventional	ce2174	1070	0	69.439453	0	14	7	11.070447	5.854756	23.779822	28.734428	0	0
conventional	ce2175	1070	0	27.061159	0	14	7	4.280027	1.900115	13.861729	7.019288	0.098122	0
conventional	ce2176	1070	0	56.278217	0	14	7	15.769020	11.385357	6.714892	22.408948	0	0
conventional	ce2177	1070	1.444674	63.385611	1	14	7	9.499537	4.174612	25.928062	23.783400	0.352981	0
holistic	he1663	1071	0	0	0	0	8	0	0	0	0	9.317066	0
conventional	ce2178	1071	0	55.258573	0	14	7	11.078539	5.552180	17.694445	20.933409	0.814901	0
conventional	ce2179	1071	0	56.497184	0	14	7	17.170195	1.405891	25.947068	11.974030	0.826655	0
conventional	ce2180	1071	0	29.968895	0	14	7	4.191587	3.540482	10.480488	11.756338	1.135026	0
holistic	he1664	1072	0	0	0	0	3	0	0	0	0	0.168835	0
conventional	ce2181	1072	0	46.058090	0	14	7	17.626549	0.938219	8.711778	18.781544	0	0
conventional	ce2182	1072	0	58.634120	0	14	7	19.448445	0.576408	24.410295	14.198972	0	0
conventional	ce2183	1072	0	53.082102	0	14	7	19.873141	1.666037	14.786700	16.756224	0	0
conventional	ce2184	1072	0	10.569123	0	14	7	2.465025	1.094387	4.519439	2.490272	0	0
conventional	ce2185	1072	0	72.733376	0	14	7	16.601717	10.288430	10.927386	34.915843	1.569329	0
holistic	he1665	1073	0	0	0	0	20	0	0	0	0	8.938343	0
conventional	ce2186	1073	0.160638	34.173347	1	14	7	8.481791	8.682345	8.592629	8.416582	0	0
conventional	ce2187	1073	0	71.616320	0	14	7	11.714502	7.380685	25.895085	26.626048	0	0
conventional	ce2188	1073	0	42.596784	0	14	7	9.755171	2.045990	20.153060	10.642563	0	0
conventional	ce2189	1073	0	72.105956	0	14	7	17.546229	2.121709	22.863049	29.574969	0	0
holistic	he1666	1074	0	15.458949	0	3	21	15.458949	0	0	0	10.486851	0
conventional	ce2190	1074	0	51.234655	0	14	7	9.950007	7.547177	14.848044	18.889427	0	0
holistic	he1667	1075	0	0	0	0	12	0	0	0	0	10.542474	0
conventional	ce2191	1075	0	56.261040	0	14	7	17.625709	4.054524	25.654256	8.926551	0.723851	0
conventional	ce2192	1076	0	38.218299	0	14	7	10.132847	9.048473	10.618702	8.418277	0	0
conventional	ce2193	1076	0	78.532042	0	14	7	16.911487	2.582624	33.269397	25.768534	0	0
conventional	ce2194	1076	0	66.744484	0	14	7	13.315999	7.673456	16.460087	29.294942	0.634621	0
holistic	he1668	1077	0	0	0	0	12	0	0	0	0	16.424310	0
conventional	ce2195	1077	0	12.071310	0	14	7	3.493471	3.705698	2.755149	2.116992	0	0
conventional	ce2196	1077	0	29.673850	0	14	7	6.201323	3.523147	9.298306	10.651074	0	0
holistic	he1669	1078	0	0	0	0	3	0	0	0	0	0.824987	0.268308
conventional	ce2197	1078	0	52.557411	0	14	7	11.151172	5.197772	15.681493	20.526974	0.814901	0
conventional	ce2198	1078	0	48.741760	0	14	7	9.020782	1.708408	21.192190	16.820380	0	0
holistic	he1670	1079	0	0	0	0	9	0	0	0	0	16.034916	0
holistic	he1671	1079	0	0	0	0	9	0	0	0	0	10.294596	0
conventional	ce2199	1080	0	45.146942	0	14	7	5.507145	3.514984	17.598379	18.526434	0	0
conventional	ce2200	1080	0	16.554840	0	14	7	3.954479	1.830871	6.667650	4.101840	0	0
holistic	he1672	1081	0	0	0	0	3	0	0	0	0	2.148240	0
conventional	ce2201	1081	0	38.179094	0	14	7	8.466360	2.741155	17.381648	9.589931	0	0
holistic	he1673	1082	0	0	0	0	12	0	0	0	0	15.038763	0
holistic	he1674	1082	0	0	0	0	8	0	0	0	0	8.229596	0
conventional	ce2202	1082	0	70.318239	0	14	7	21.553312	7.755871	27.607077	13.401979	0.816639	0
holistic	he1675	1083	0	0	0	0	15	0	0	0	0	10.254972	0
holistic	he1676	1083	0	0	0	0	12	0	0	0	0	0	0
holistic	he1677	1083	0	0	0	0	8	0	0	0	0	9.317066	0
holistic	he1678	1084	0	0	0	0	24	0	0	0	0	10.087224	0
conventional	ce2203	1085	0	42.219215	0	14	7	6.970948	10.351092	16.372075	8.525100	0	0
conventional	ce2204	1085	0	34.001189	0	14	7	7.110841	5.537543	12.974384	8.378421	0	0
conventional	ce2205	1086	0	57.466535	0	14	7	4.143978	4.443466	24.842093	24.036998	0	0
conventional	ce2206	1086	0	48.347626	0	14	7	19.279837	1.318159	12.135782	15.613848	0	0
holistic	he1679	1087	0	0	0	0	12	0	0	0	0	10.926147	0
holistic	he1680	1087	0	0	0	0	12	0	0	0	0	6.228960	0
holistic	he1681	1087	0	0	0	0	8	0	0	0	0	7.339370	0
conventional	ce2207	1087	0	41.231224	0	14	7	15.841397	0.701246	15.579479	9.109102	0.718180	0
conventional	ce2208	1087	0	42.568887	0	14	7	7.354514	1.159107	19.579055	14.476211	0	0
conventional	ce2209	1088	0	34.713132	0	14	7	9.161654	7.308192	10.559070	7.684216	0	0
conventional	ce2210	1088	0.785095	55.197816	1	14	7	13.251198	14.543396	4.449784	22.953438	0	0
conventional	ce2211	1088	0	46.350612	0	14	7	18.413833	0.214945	10.182696	17.539138	0	0
conventional	ce2212	1089	0	49.900220	0	14	7	17.940565	1.970137	12.213636	17.775882	0	0
conventional	ce2213	1090	0	57.872751	0	14	7	14.108283	2.854788	19.150499	21.759181	0	0
conventional	ce2214	1090	0	26.786506	0	14	7	6.202767	1.359598	12.163287	7.060854	0	0
conventional	ce2215	1090	1.151649	56.841976	1	14	7	22.875602	3.988253	10.451652	19.526469	0	0
conventional	ce2216	1090	0	38.107381	0	14	7	9.326331	1.336438	12.669796	14.774816	0	0
conventional	ce2217	1090	0	87.022032	0	14	7	16.486943	9.912343	17.587986	43.034760	1.801662	0
holistic	he1682	1091	0	0	0	0	3	0	0	0	0	0	0
conventional	ce2218	1091	0	43.989740	0	14	7	16.769482	2.669749	11.525045	13.025464	0.255982	0
conventional	ce2219	1091	0	41.085330	0	14	7	6.299912	5.179048	15.553070	14.053300	0.826655	0
holistic	he1683	1092	0	0	0	0	21	0	0	0	0	6.228960	0
holistic	he1684	1092	0	0	0	0	8	0	0	0	0	11.291936	0
conventional	ce2220	1092	0	73.399236	0	14	7	13.152488	4.723732	25.352381	30.170635	0	0
conventional	ce2221	1092	0	72.173832	0	14	7	12.298321	10.007129	24.280304	25.588078	0	0
holistic	he1685	1093	0	0	0	0	8	0	0	0	0	9.317066	0
holistic	he1686	1093	0	0	0	0	12	0	0	0	0	10.486851	0
holistic	he1687	1093	0	0	0	0	6	0	0	0	0	0	0
conventional	ce2222	1093	0	42.509846	0	14	7	12.112158	1.942231	17.175814	11.279643	1.512166	0
conventional	ce2223	1093	0	42.287681	0	14	7	11.148176	1.354968	18.217675	11.566862	0	0
conventional	ce2224	1094	0	63.440073	0	14	7	20.506540	1.839171	15.353233	25.741129	0	0
conventional	ce2225	1094	0	36.696963	0	14	7	6.790318	0.482757	18.008785	11.415103	1.057021	0
conventional	ce2226	1094	0	52.981063	0	14	7	8.750032	6.579633	18.440814	19.210584	0.746408	0
conventional	ce2227	1094	0	18.845979	0	14	7	6.365575	6.490193	3.452554	2.537657	2.233632	0
conventional	ce2228	1094	0	32.307438	0	14	7	8.689012	7.392515	9.453734	6.772177	0	0
holistic	he1688	1095	0	0	0	0	12	0	0	0	0	9.974086	0
holistic	he1689	1095	0	11.726715	0	3	21	11.726715	0	0	0	9.590445	0
holistic	he1690	1095	0	0	0	0	3	0	0	0	0	2.148240	0
conventional	ce2229	1095	0	58.818106	0	14	7	15.475457	4.231480	19.999177	19.111992	0	0
holistic	he1691	1096	0	0	0	0	4	0	0	0	0	4.987043	0
holistic	he1692	1096	0	0	0	0	9	0	0	0	0	16.034916	0
holistic	he1693	1096	0	0	0	0	24	0	0	0	0	10.087224	0
conventional	ce2230	1096	0	36.321806	0	14	7	6.996196	4.966172	16.708089	7.651349	0	0
conventional	ce2231	1096	0	68.470942	0	14	7	24.047143	2.926865	25.029450	16.467484	0	0
conventional	ce2232	1096	0	39.861102	0	14	7	12.006534	1.483430	17.254425	9.116713	0	0
holistic	he1694	1097	0	0	0	0	12	0	0	0	0	12.652971	0
holistic	he1695	1097	0	0	0	0	8	0	0	0	0	9.974086	0
conventional	ce2233	1097	0	20.499593	0	14	7	6.688283	6.239896	3.962419	3.608995	0	0
conventional	ce2234	1098	0	24.644780	0	14	7	7.063064	5.930064	6.350736	5.300916	0	0
holistic	he1696	1099	0	0	0	0	3	0	0	0	0	0.168835	0
conventional	ce2235	1099	0	51.352096	0	14	7	7.880916	7.383137	16.688327	19.399716	0.814901	0
conventional	ce2236	1099	0	37.231192	0	14	7	13.086721	4.340659	5.977241	13.826571	0	0
holistic	he1697	1100	0	0	0	0	20	0	0	0	0	11.813018	0
holistic	he1698	1100	0	0	0	0	12	0	0	0	0	15.105594	0
conventional	ce2237	1100	0	50.820678	0	14	7	8.749289	1.498163	24.006879	16.566347	0	0
holistic	he1699	1101	0	0	0	0	8	0	0	0	0	9.974086	0
conventional	ce2238	1101	0	33.193286	0	14	7	8.815427	2.872953	9.324200	12.180706	0	0
conventional	ce2239	1101	0	37.051142	0	14	7	7.513983	3.535018	12.709551	13.292590	0	0
holistic	he1700	1102	0	0	0	0	8	0	0	0	0	8.229596	0
holistic	he1701	1102	0	0	0	0	12	0	0	0	0	12.344394	0
holistic	he1702	1103	0	0	0	0	8	0	0	0	0	11.291936	0
holistic	he1703	1103	0	0	0	0	9	0	0	0	0	10.486851	0
conventional	ce2240	1103	0	44.271610	0	14	7	11.789046	6.330690	14.848650	11.303224	0	0
conventional	ce2241	1103	0	41.669932	0	14	7	11.559583	0.685336	17.817231	11.607782	0	0
conventional	ce2242	1103	0	34.815008	0	14	7	4.206114	8.552385	13.239097	8.817412	0	0
conventional	ce2243	1103	0	46.360949	0	14	7	7.589104	1.137457	22.521306	15.113082	0	0
holistic	he1704	1104	0	0	0	0	16	0	0	0	0	10.926147	0
conventional	ce2244	1104	0	42.720306	0	14	7	14.627649	4.770388	10.404011	12.918258	0	0
conventional	ce2245	1105	0	41.636492	0	14	7	4.887932	3.235617	19.488097	14.024846	0	0
conventional	ce2246	1105	0	60.985012	0	14	7	11.690799	7.890890	21.694135	19.709188	0.746408	0
holistic	he1705	1106	0	0	0	0	8	0	0	0	0	9.974086	0
conventional	ce2247	1106	0	35.620654	0	14	7	8.034385	0.511169	17.270506	9.804594	0	0
conventional	ce2248	1107	0	41.675322	0	14	7	11.637814	0.745971	11.815591	17.475946	0	0
conventional	ce2249	1107	0	55.116535	0	14	7	10.067414	6.523243	18.955759	19.570119	0.746408	0
conventional	ce2250	1107	0	57.547446	0	14	7	18.409615	3.865210	14.390633	20.881988	0	0
holistic	he1706	1108	0	0	0	0	12	0	0	0	0	16.261128	0
conventional	ce2251	1108	0	39.255679	0	14	7	5.210931	9.880027	12.800989	11.363732	0	0
conventional	ce2252	1108	0	54.497210	0	14	7	20.215318	3.623454	15.934093	14.724345	0	0
holistic	he1707	1109	0	0	0	0	8	0	0	0	0	6.837060	0
conventional	ce2253	1109	0	46.106895	0	14	7	7.074377	1.886820	24.841945	12.303753	0	0
conventional	ce2254	1110	0	51.060866	0	14	7	9.991823	1.522868	21.054643	18.491532	0	0
conventional	ce2255	1110	0	93.264486	0	14	7	15.330490	9.282956	21.381706	47.269334	1.801662	0
conventional	ce2256	1110	0	49.665070	0	14	7	8.949940	6.351116	16.460595	17.903419	0.746408	0
conventional	ce2257	1110	0	55.071566	0	14	7	18.593489	0.609822	24.214711	11.653544	0	0
conventional	ce2258	1111	0	50.307949	0	14	7	10.125530	0.168985	23.093903	16.919531	0	0
conventional	ce2259	1111	0	78.233029	0	14	7	15.068796	9.071736	15.546030	38.546467	1.801662	0
conventional	ce2260	1111	0	68.800658	0	14	7	16.427134	11.568431	16.709121	24.095972	2.233632	0
holistic	he1708	1112	0	0	0	0	20	0	0	0	0	20.573990	0
conventional	ce2261	1112	0	43.719260	0	14	7	10.112678	1.547091	19.456277	12.603214	0	0
holistic	he1709	1113	0	0	0	0	8	0	0	0	0	9.974086	0
conventional	ce2262	1113	0	38.511047	0	14	7	7.132835	0.508302	18.251613	12.618297	0	0
conventional	ce2263	1114	0	53.966207	0	14	7	12.684499	4.690572	14.361167	22.229969	0.364108	0
holistic	he1710	1115	0	0	0	0	13	0	0	0	0	20.034664	0
holistic	he1711	1115	0	0	0	0	12	0	0	0	0	10.542474	0
holistic	he1712	1116	0	0	0	0	9	0	0	0	0	16.034916	0
conventional	ce2264	1116	0	52.837763	0	14	7	10.840128	5.179983	15.426855	21.390797	1.130257	0
holistic	he1713	1117	0	0	0	0	14	0	0	0	0	7.339370	0
conventional	ce2265	1117	0	46.164469	0	14	7	9.111670	2.107229	20.005846	14.939724	0	0
holistic	he1714	1118	0	0	0	0	8	0	0	0	0	9.317066	0
holistic	he1715	1118	0	16.667046	0	3	21	16.667046	0	0	0	10.486851	0
conventional	ce2266	1118	0	45.533351	0	14	7	8.108690	5.107995	16.370339	15.946327	0.814901	0
conventional	ce2267	1119	0	47.859983	0	14	7	17.021917	2.422725	16.447809	11.967532	0	0
conventional	ce2268	1119	0	61.070554	0	14	7	21.336439	2.209474	21.527726	15.996915	0.306478	0
holistic	he1716	1120	0	0	0	0	15	0	0	0	0	20.034664	0
holistic	he1717	1120	0	0	0	0	20	0	0	0	0	20.573990	0
holistic	he1718	1120	0	0	0	0	11	0	0	0	0	3.434792	0
holistic	he1719	1121	0	0	0	0	8	0	0	0	0	11.780072	0
conventional	ce2269	1121	0	42.113312	0	14	7	9.805128	1.440060	20.698569	10.169555	0.814901	0
conventional	ce2270	1121	0	17.849980	0	14	7	3.733872	3.335960	8.128337	2.651811	0	0
holistic	he1720	1122	0	0	0	0	7	0	0	0	0	0	0
holistic	he1721	1122	0	0	0	0	5	0	0	0	0	0	0
holistic	he1722	1122	0	0	0	0	15	0	0	0	0	20.573990	0
conventional	ce2271	1123	0.218145	46.777762	1	14	7	9.441326	1.886138	16.276348	19.173950	0	0
conventional	ce2272	1123	0	52.510594	0	14	7	10.686568	2.517547	23.883081	15.423398	0	0
holistic	he1723	1124	0	0	0	0	8	0	0	0	0	9.974086	0
holistic	he1724	1124	0	0	0	0	2	0	0	0	0	0	0
holistic	he1725	1124	0.417543	0.417543	3	3	24	0.417543	0	0	0	10.517880	0
conventional	ce2273	1124	0	32.227415	0	14	7	7.450450	3.479566	10.155579	11.141820	0	0
conventional	ce2274	1124	0	44.957858	0	14	7	16.536321	5.155428	12.292495	10.973614	0	0
holistic	he1726	1125	0	0	0	0	12	0	0	0	0	11.487195	0
conventional	ce2275	1125	0	39.909552	0	14	7	11.285051	4.101900	11.588054	12.934547	0	0
holistic	he1727	1126	0	0	0	0	12	0	0	0	0	13.975599	0
holistic	he1728	1126	0	0	0	0	4	0	0	0	0	4.987043	0
holistic	he1729	1126	0	0	0	0	8	0	0	0	0	9.317066	0
holistic	he1730	1126	0	0	0	0	8	0	0	0	0	9.790644	0
holistic	he1731	1126	0	0	0	0	13	0	0	0	0	18.106416	0
holistic	he1732	1126	0	0	0	0	8	0	0	0	0	11.291936	0
conventional	ce2276	1126	0	68.505549	0	14	7	11.996960	9.894806	23.059254	23.554529	0.889526	0
conventional	ce2277	1126	0	33.532524	0	14	7	18.760234	1.304466	6.806264	6.661560	0.718180	0
conventional	ce2278	1126	0	64.323864	0	14	7	20.478462	2.212869	13.897053	27.735480	1.642889	0
holistic	he1733	1127	0	0	0	0	27	0	0	0	0	10.087224	0
holistic	he1734	1127	0	0	0	0	10	0	0	0	0	0	0
conventional	ce2279	1127	0	71.345759	0	14	7	10.303332	6.427894	29.201800	25.412733	0.814901	0
holistic	he1735	1128	0	0	0	0	12	0	0	0	0	6.264261	0
holistic	he1736	1128	0	0	0	0	9	0	0	0	0	16.034916	0
holistic	he1737	1128	0	0	0	0	12	0	0	0	0	13.975599	0
holistic	he1738	1128	0	0	0	0	9	0	0	0	0	11.711754	0
conventional	ce2280	1128	0	43.537703	0	14	7	9.785864	2.050501	21.421333	10.280005	0	0
conventional	ce2281	1128	0	49.613967	0	14	7	10.093363	1.515037	17.212379	20.793188	0	0
conventional	ce2282	1129	0	36.948857	0	14	7	5.434615	5.034102	10.599871	15.880269	0.814901	0
holistic	he1739	1131	0	0	0	0	9	0	0	0	0	9.053352	0
holistic	he1740	1131	0	0	0	0	12	0	0	0	0	10.486851	0
holistic	he1741	1132	0	16.927356	0	3	21	16.927356	0	0	0	11.066313	0
conventional	ce2283	1132	0	34.377245	0	14	7	9.229894	3.151829	11.128758	10.866764	0	0
holistic	he1742	1133	0	0	0	0	16	0	0	0	0	11.896644	0
conventional	ce2284	1133	0	6.653454	0	14	7	0.337043	1.250420	2.145009	2.920982	1.774317	0
conventional	ce2285	1133	0	67.671362	0	14	7	13.413929	3.499052	22.858220	27.900161	0	0
conventional	ce2286	1133	0	38.033921	0	14	7	10.870365	1.232242	15.220502	10.710812	0	0
holistic	he1743	1134	0	0	0	0	15	0	0	0	0	10.254972	0
conventional	ce2287	1134	0	26.563740	0	14	7	16.513355	2.040592	3.150529	4.859264	0.718180	0
conventional	ce2288	1134	0	36.830034	0	14	7	7.797632	4.491264	16.481568	8.059570	0	0
holistic	he1744	1135	3.093754	3.093754	2	2	5	0	0	0	3.093754	0	0
conventional	ce2289	1135	0	42.205998	0	14	7	9.519326	2.401745	20.875620	9.409307	0	0
holistic	he1745	1136	0	0	0	0	2	0	0	0	0	0	0
holistic	he1746	1136	0	0	0	0	24	0	0	0	0	10.087224	0
conventional	ce2290	1136	0	54.975372	0	14	7	9.754158	3.958211	16.451831	24.811172	0.435985	0
conventional	ce2291	1136	0	66.408727	0	14	7	7.441451	5.545920	32.778054	20.643302	0	0
holistic	he1747	1137	0	0	0	0	12	0	0	0	0	6.228960	0
conventional	ce2292	1137	0.218145	46.177509	1	14	7	10.473331	1.712423	17.051898	16.939857	0	0
conventional	ce2293	1138	0	54.729137	0	14	7	10.043677	5.590735	17.986001	21.108724	0.746408	0
conventional	ce2294	1138	0	60.603703	0	14	7	11.991297	9.042804	18.131238	21.438364	1.512166	0
conventional	ce2295	1138	0	73.428499	0	14	7	12.874808	4.681539	22.546912	33.325240	0	0
holistic	he1748	1139	0	0	0	0	24	0	0	0	0	6.526386	0
holistic	he1749	1139	0	0	0	0	20	0	0	0	0	9.974086	0
holistic	he1750	1140	0	0	0	0	8	0	0	0	0	10.187786	0
conventional	ce2296	1140	0.218145	49.489766	1	14	7	10.488668	1.376266	17.051942	20.572890	0	0
conventional	ce2297	1140	0	40.982197	0	14	7	8.327782	1.682256	17.131723	13.840436	0	0
conventional	ce2298	1140	0	47.507962	0	14	7	5.792023	1.139967	29.963193	10.612779	0	0
holistic	he1751	1141	0	0	0	0	15	0	0	0	0	8.761683	0
holistic	he1752	1142	0	0	0	0	12	0	0	0	0	6.264261	0
holistic	he1753	1142	0	0	0	0	8	0	0	0	0	8.054366	0
conventional	ce2299	1142	0	52.136090	0	14	7	10.118070	2.337066	21.058622	18.622332	0	0
conventional	ce2300	1142	0	54.167904	0	14	7	10.332594	2.270699	22.523810	19.040801	0	0
holistic	he1754	1143	0	0	0	0	14	0	0	0	0	7.202834	0
holistic	he1755	1143	0	0	0	0	12	0	0	0	0	11.313042	0
holistic	he1756	1143	0	0	0	0	17	0	0	0	0	18.881048	0
holistic	he1757	1144	0	0	0	0	28	0	0	0	0	10.514720	0
conventional	ce2301	1145	0	74.337411	0	14	7	23.167096	2.154009	16.964696	32.051610	0	0
conventional	ce2302	1145	0	55.504091	0	14	7	14.495948	7.610588	11.595342	21.802213	1.130257	0
conventional	ce2303	1146	0	38.200101	0	14	7	8.205598	1.691481	12.867117	15.435905	0	0
holistic	he1758	1147	0	0	0	0	20	0	0	0	0	21.255885	0
holistic	he1759	1147	0	0	0	0	28	0	0	0	0	12.367215	0
holistic	he1760	1147	0	0	0	0	21	0	0	0	0	6.228960	0
conventional	ce2304	1147	0	33.095939	0	14	7	9.980841	0.356419	8.266400	14.492279	0	0
conventional	ce2305	1147	0	78.260812	0	14	7	17.306095	4.723732	25.174806	31.056179	0	0
holistic	he1761	1148	0	0	0	0	12	0	0	0	0	4.168530	0
conventional	ce2306	1148	0	17.880086	0	14	7	4.390751	2.870884	7.239002	3.379449	0	0
conventional	ce2307	1150	0	53.224746	0	14	7	21.142619	3.863145	13.820178	14.398804	0	0
conventional	ce2308	1150	0	45.011268	0	14	7	8.667770	1.897821	21.964397	12.481280	0.814901	0
conventional	ce2309	1150	0	36.659271	0	14	7	11.453921	11.090689	7.146704	6.967957	0	0
conventional	ce2310	1151	0	68.469785	0	14	7	11.554827	8.579796	15.773327	32.561835	1.801662	0
conventional	ce2311	1151	0	51.484899	0	14	7	8.661768	6.534714	17.589037	18.699380	0.746408	0
holistic	he1762	1152	0	0	0	0	8	0	0	0	0	9.317066	0
holistic	he1763	1152	0	0	0	0	12	0	0	0	0	9.990801	0
conventional	ce2312	1152	0	59.069255	0	14	7	15.214176	7.623442	9.863013	26.368624	0	0
holistic	he1764	1153	0	0	0	0	20	0	0	0	0	11.968650	0
holistic	he1765	1153	0	0	0	0	13	0	0	0	0	21.334328	0
conventional	ce2313	1153	0	14.776504	0	14	7	5.184504	3.350814	3.821559	2.419627	0	0
conventional	ce2314	1153	0	80.242596	0	14	7	12.054215	7.689112	30.705507	29.793762	0.814901	0
holistic	he1766	1154	0	0	0	0	12	0	0	0	0	12.107106	0
conventional	ce2315	1154	0	35.766256	0	14	7	9.687517	3.018216	11.497742	11.562781	0	0
conventional	ce2316	1154	0	52.011950	0	14	7	7.888438	7.063346	15.849597	21.210569	0.814901	0
conventional	ce2317	1154	0	76.805681	0	14	7	26.677198	2.825229	28.907773	18.395481	0.628595	0
conventional	ce2318	1154	0	43.454065	0	14	7	19.305696	2.400204	8.468283	13.279882	0.306478	0
conventional	ce2319	1154	0	36.008659	0	14	7	7.019794	5.463014	16.885550	6.640301	0	0
holistic	he1767	1155	0	0	0	0	20	0	0	0	0	21.255885	0
holistic	he1768	1155	0	0	0	0	13	0	0	0	0	22.868996	0
holistic	he1769	1155	0	0	0	0	9	0	0	0	0	16.034916	0
holistic	he1770	1155	0	0	0	0	8	0	0	0	0	10.900376	0
conventional	ce2320	1155	0.557847	49.282606	1	14	7	12.462661	1.633478	16.144241	19.042226	0	0
conventional	ce2321	1155	0.055869	47.754342	1	14	7	9.098744	1.752572	15.129444	21.773582	0	0
holistic	he1771	1156	0	0	0	0	8	0	0	0	0	10.187786	0
holistic	he1772	1156	0	0	0	0	8	0	0	0	0	9.317066	0
holistic	he1773	1156	0	0	0	0	12	0	0	0	0	3.367035	0
conventional	ce2322	1156	0.547744	43.631574	1	14	7	7.318502	1.631336	16.895191	17.786545	0	0
conventional	ce2323	1156	0	62.467392	0	14	7	21.381663	4.569842	16.237111	20.278776	0	0
conventional	ce2324	1156	1.258699	44.470252	1	14	7	9.609647	4.794309	16.682072	13.384224	1.130257	0
conventional	ce2325	1156	0	68.117150	0	14	7	12.170814	6.961905	16.911305	32.073126	1.472885	0
conventional	ce2326	1156	0	37.826763	0	14	7	12.261828	0.794722	18.981793	5.788420	0	0
holistic	he1774	1157	0	0	0	0	12	0	0	0	0	8.305280	0
holistic	he1775	1157	0	0	0	0	24	0	0	0	0	5.386410	0
conventional	ce2327	1157	0.218145	73.056018	1	14	7	24.617508	2.448501	13.480406	32.509603	0	0
conventional	ce2328	1158	0	36.544439	0	14	7	13.868921	3.442259	7.978862	11.254397	1.130257	0
conventional	ce2329	1158	0	57.564126	0	14	7	9.971970	11.794888	14.769969	21.027299	0.814901	0
holistic	he1776	1159	0	0	0	0	25	0	0	0	0	16.248125	0
holistic	he1777	1159	0	0	0	0	18	0	0	0	0	25.507062	0
conventional	ce2330	1159	0	33.843830	0	14	7	9.297576	0.382481	9.494058	14.669715	0	0
conventional	ce2331	1159	0.055869	47.641970	1	14	7	12.226583	1.608834	15.458626	18.347927	0	0
conventional	ce2332	1159	0	55.918198	0	14	7	10.605473	11.638629	13.784774	19.889322	0.814901	0
holistic	he1778	1160	0	0	0	0	10	0	0	0	0	9.974086	0
holistic	he1779	1160	0	0	0	0	27	0	0	0	0	10.087224	0
conventional	ce2333	1160	0	35.190799	0	14	7	9.977840	11.216481	7.770705	6.225773	0	0
conventional	ce2334	1160	0	52.566825	0	14	7	19.773847	3.903745	14.099690	14.789543	1.066982	0
holistic	he1780	1161	0	0	0	0	9	0	0	0	0	7.487814	0
conventional	ce2335	1161	0	57.142593	0	14	7	14.388311	7.934393	13.506616	21.313273	1.130257	0
conventional	ce2336	1161	0	49.986241	0	14	7	11.449107	5.699122	12.047985	20.790027	1.130257	0
holistic	he1781	1162	0	0	0	0	8	0	0	0	0	9.790644	0
holistic	he1782	1163	0	0	0	0	12	0	0	0	0	8.305280	0
holistic	he1783	1163	0	0	0	0	20	0	0	0	0	20.390145	0
conventional	ce2337	1163	0	44.587186	0	14	7	11.911661	3.782880	17.468021	11.424624	0	0
conventional	ce2338	1163	0	56.412055	0	14	7	19.539467	2.605144	14.666472	19.600972	0.306478	0
conventional	ce2339	1163	0	68.848382	0	14	7	21.910849	2.596833	16.262345	28.078355	1.642889	0
conventional	ce2340	1163	0	39.798323	0	14	7	17.637094	1.469576	10.544556	10.147097	0.718180	0
holistic	he1784	1164	0	0	0	0	18	0	0	0	0	25.507062	0
conventional	ce2341	1164	0	63.886167	0	14	7	18.499758	5.640150	17.392291	22.353968	0	0
conventional	ce2342	1165	0	54.651138	0	14	7	10.170590	5.228691	21.678282	17.573575	0.746408	0
conventional	ce2343	1165	0	80.094060	0	14	7	26.513477	1.684476	18.441215	33.454892	0	0
holistic	he1785	1166	0	0	0	0	20	0	0	0	0	20.390145	0
conventional	ce2344	1167	0	31.732618	0	14	7	10.388856	0.673842	4.937884	15.732036	0	0
conventional	ce2345	1167	0	54.490533	0	14	7	9.301142	2.481207	21.861333	20.846851	0	0
holistic	he1786	1168	0	0	0	0	12	0	0	0	0	10.463790	0
holistic	he1787	1169	0	0	0	0	12	0	0	0	0	13.285080	0
conventional	ce2346	1169	0	44.812872	0	14	7	15.927920	1.688544	14.162677	13.033731	0	0
conventional	ce2347	1170	0	65.341771	0	14	7	21.376468	2.342860	22.532146	19.090297	0.306478	0
holistic	he1788	1171	0	0	0	0	12	0	0	0	0	10.463790	0
conventional	ce2348	1171	0	35.862181	0	14	7	13.285721	1.171962	16.193166	5.211332	0	0
conventional	ce2349	1171	0	13.259968	0	14	7	5.150589	3.244773	3.277819	1.586787	0	0
conventional	ce2350	1171	0	45.207328	0	14	7	9.328158	4.495664	19.211580	12.171926	1.130257	0
holistic	he1789	1172	0	0	0	0	15	0	0	0	0	7.586334	0
conventional	ce2351	1172	0	39.856767	0	14	7	7.616571	3.762007	11.702260	16.775929	0.814901	0
conventional	ce2352	1172	0	36.678548	0	14	7	8.317140	0.829350	12.181094	15.350964	0	0
conventional	ce2353	1172	0	61.718125	0	14	7	23.595171	4.490085	19.107749	14.525120	0.914826	0
holistic	he1790	1173	0	0	0	0	4	0	0	0	0	0	0
conventional	ce2354	1173	0	60.518146	0	14	7	21.311417	1.933875	13.581738	23.691116	0	0
conventional	ce2355	1173	0	41.107163	0	14	7	3.368683	1.048024	19.385510	17.304946	0	0
conventional	ce2356	1173	0	41.638798	0	14	7	12.832170	2.064647	16.051680	10.690301	0	0
conventional	ce2357	1174	0.218145	34.111197	1	14	7	11.237067	1.297945	11.366859	10.209326	0	0
holistic	he1791	1175	0	0	0	0	9	0	0	0	0	16.034916	0
holistic	he1792	1175	0	0	0	0	12	0	0	0	0	14.419500	0
conventional	ce2358	1175	0	32.564433	0	14	7	8.243666	3.549899	10.682262	10.088606	0	0
conventional	ce2359	1175	0	64.220008	0	14	7	20.699784	2.530981	15.373465	25.615778	0	0
conventional	ce2360	1175	0	41.254840	0	14	7	11.917727	1.119685	11.056731	17.160697	0.301419	0
conventional	ce2361	1175	0	59.092627	0	14	7	21.151797	3.899596	20.142519	13.898715	0	0
conventional	ce2362	1175	0	13.483461	0	14	7	4.469431	3.159416	3.564026	2.290588	0	0
holistic	he1793	1176	0	0	0	0	12	0	0	0	0	11.186013	0
holistic	he1794	1176	0	0	0	0	20	0	0	0	0	28.229840	0
conventional	ce2363	1176	0	55.176629	0	14	7	10.912631	8.184224	13.794419	22.285355	0.258417	0
holistic	he1795	1177	0	0	0	0	12	0	0	0	0	9.562503	0
conventional	ce2364	1177	0	41.565243	0	14	7	15.934431	3.485107	8.421646	13.724059	0	0
holistic	he1796	1178	0	0	0	0	15	0	0	0	0	9.700050	0
conventional	ce2365	1179	0	36.072444	0	14	7	17.554369	2.266710	6.712337	9.539028	0.718180	0
conventional	ce2366	1179	0.557847	52.092823	1	14	7	11.254280	1.972745	20.501457	18.364341	0	0
holistic	he1797	1180	0	0	0	0	16	0	0	0	0	13.524324	0
holistic	he1798	1180	0	0	0	0	9	0	0	0	0	0	0
conventional	ce2367	1180	0	58.111473	0	14	7	11.067170	8.722678	14.512497	23.809128	0.258417	0
conventional	ce2368	1181	0	31.199631	0	14	7	8.299351	2.829382	8.890613	11.180285	0	0
conventional	ce2369	1181	0	41.689185	0	14	7	7.511691	4.473570	16.848075	12.855849	0.718180	0
conventional	ce2370	1181	0	61.793463	0	14	7	20.739062	1.156492	15.527412	24.370497	0	0
holistic	he1799	1182	0	0	0	0	9	0	0	0	0	7.338384	0
conventional	ce2371	1182	0	61.698361	0	14	7	11.159528	6.820066	21.242066	22.476701	0.258417	0
holistic	he1800	1183	0	0	0	0	24	0	0	0	0	6.526386	0
conventional	ce2372	1183	0.218145	13.999802	1	14	7	5.200879	4.292296	2.208956	2.297671	0	0
holistic	he1801	1184	0	0	0	0	24	0	0	0	0	5.386410	0
holistic	he1802	1184	0	0	0	0	8	0	0	0	0	9.356162	0
conventional	ce2373	1184	0	62.322985	0	14	7	10.393659	1.641818	28.234636	22.052872	0	0
holistic	he1803	1185	0	0	0	0	24	0	0	0	0	6.872166	0
holistic	he1804	1186	0	0	0	0	11	0	0	0	0	21.334328	0
holistic	he1805	1186	0	0	0	0	22	0	0	0	0	16.734708	0
holistic	he1806	1186	0	0	0	0	20	0	0	0	0	22.509100	0
holistic	he1807	1186	0	0	0	0	16	0	0	0	0	13.982468	0
holistic	he1808	1186	0	0	0	0	12	0	0	0	0	14.685966	0
conventional	ce2374	1186	0	35.693903	0	14	7	8.105685	1.515955	10.955006	15.117257	0	0
conventional	ce2375	1186	0	75.667355	0	14	7	22.766340	2.270100	20.805475	29.825440	0.531193	0
holistic	he1809	1187	0	0	0	0	9	0	0	0	0	16.034916	0
conventional	ce2376	1187	0	47.343452	0	14	7	9.745152	0.449318	27.938205	9.210777	1.066982	0
conventional	ce2377	1187	0	50.246099	0	14	7	15.642165	1.654021	17.856389	15.093524	0.385940	0
conventional	ce2378	1187	0.625601	45.242803	1	14	7	13.703430	14.018101	7.768148	9.753124	0	0
holistic	he1810	1188	0	0	0	0	24	0	0	0	0	29.758239	0
holistic	he1811	1188	0	0	0	0	20	0	0	0	0	0	0
holistic	he1812	1188	0	0	0	0	12	0	0	0	0	8.305280	0
holistic	he1813	1188	0	0	0	0	25	0	0	0	0	16.248125	0
conventional	ce2379	1188	0	36.073556	0	14	7	16.164862	0.781126	9.610282	9.517286	0.718180	0
conventional	ce2380	1188	0	61.332384	0	14	7	21.620506	2.008408	12.966530	24.736940	0	0
conventional	ce2381	1189	0	47.604551	0	14	7	9.527959	4.238466	15.177976	18.660150	0	0
holistic	he1814	1190	0	0	0	0	12	0	0	0	0	0	0
conventional	ce2382	1190	0	45.062884	0	14	7	6.336209	1.753774	19.343653	17.629248	0	0
holistic	he1815	1191	0	0	0	0	18	0	0	0	0	18.349578	0
holistic	he1816	1191	0	0	0	0	30	0	0	0	0	10.087224	0
holistic	he1817	1192	0	0	0	0	16	0	0	0	0	11.552820	0
conventional	ce2383	1193	0	47.551037	0	14	7	7.571456	8.880065	15.458981	15.640535	0	0
holistic	he1818	1194	0	0	0	0	24	0	0	0	0	5.386410	0
holistic	he1819	1194	0	0	0	0	24	0	0	0	0	20.444005	0
conventional	ce2384	1194	0	56.753516	0	14	7	10.043677	7.125757	18.561322	21.022760	0	0
conventional	ce2385	1195	0	70.602012	0	14	7	13.716545	9.513475	20.670038	26.701954	0.308896	0
holistic	he1820	1196	0	0	0	0	10	0	0	0	0	6.499250	0
holistic	he1821	1197	0	0	0	0	24	0	0	0	0	5.386410	0
conventional	ce2386	1197	0	50.524111	0	14	7	7.028424	2.622366	19.056246	21.817075	0	0
conventional	ce2387	1197	0	39.487862	0	14	7	6.108344	5.447370	16.489623	11.442525	0.814901	0
holistic	he1822	1198	0	0	0	0	15	0	0	0	0	7.586334	0
conventional	ce2388	1198	0	42.671103	0	14	7	4.286902	4.408390	18.973289	15.002522	0.631826	0
holistic	he1823	1199	0	0	0	0	10	0	0	0	0	0	0
