population	name	born	g1	g2	n1	n2	ns	g2_contact	g2_height	g2_up	g2_joint	g1_other	g1_vel
holistic	h0-0	-21	0	0	0	0	0	0	0	0	0	0	0
holistic	h0-1	-43	0	0	0	0	2	0	0	0	0	0	0
holistic	h0-2	-40	0	0	0	0	0	0	0	0	0	0	0
holistic	h0-3	-36	2.004069	19.990519	4	18	3	0	13.034480	0	6.956039	2.102973	0
holistic	h0-4	-27	0	0.068738	0	1	6	0	0	0	0.068738	0.184273	0
holistic	h0-5	-39	0	2.300483	0	4	1	0	2.300483	0	0	0	0
holistic	h0-6	-49	0.411249	0.793805	1	1	4	0	0	0	0.793805	0	0
holistic	h0-7	-59	1.226215	5.842935	1	6	3	0	0	5.842935	0	0	0
holistic	h0-8	-47	1.893380	1.045914	2	2	7	0	0	0	1.045914	5.182254	0
holistic	h0-10	-12	0	0	0	0	3	0	0	0	0	0	0
holistic	h0-11	-42	0	0	0	0	2	0	0	0	0	0	0
holistic	h0-12	-58	0	0	0	0	1	0	0	0	0	0	0
holistic	h0-13	-1	0	0.484390	0	4	2	0	0	0	0.484390	0	0
holistic	h0-14	-48	6.809312	13.083832	4	6	7	1.786214	0	0	11.297618	0	0
holistic	h0-15	-17	0	0	0	0	0	0	0	0	0	0.080035	0
holistic	h0-16	-48	0	0	0	0	1	0	0	0	0	0	0
holistic	h0-17	-53	0	0	0	0	1	0	0	0	0	0	0
holistic	h0-18	-25	2.051556	14.809623	3	15	12	0	0	14.809623	0	0	0
holistic	h0-19	-35	0	0	0	0	2	0	0	0	0	0.453488	0
holistic	h0-20	-1	0	1.797116	0	2	1	0	0	0	1.797116	0.071210	0
holistic	h0-21	-9	0	0	0	0	12	0	0	0	0	0	0.911391
holistic	h0-22	-14	0	0	0	0	0	0	0	0	0	0	0
holistic	h0-23	-11	0	0	0	0	0	0	0	0	0	0	0
holistic	h0-24	-38	0	0	0	0	12	0	0	0	0	0	0
holistic	h0-25	-12	0	0	0	0	11	0	0	0	0	0.682144	0
holistic	h0-26	-30	0	0	0	0	0	0	0	0	0	0	0
holistic	h0-27	-8	8.002201	29.608185	9	36	12	0	0	15.143177	14.465008	0	0
holistic	h0-28	-8	0	0	0	0	0	0	0	0	0	0	0
holistic	h0-29	-39	0	0	0	0	0	0	0	0	0	0	0
holistic	h0-30	-12	1.696851	4.700493	2	2	1	0	0	0	4.700493	1.211545	0
holistic	h0-31	-12	0	0	0	0	0	0	0	0	0	0.921614	1.526898
holistic	h0-32	-42	4.254502	20.596284	2	22	2	0	20.596284	0	0	0.339368	0
holistic	h0-33	-41	5.820254	16.210926	4	4	3	0	0	0	16.210926	0	0
holistic	h0-34	-9	2.235607	64.446260	3	68	14	26.627582	0	22.050448	15.768230	4.990468	1.290165
holistic	h0-35	-54	4.441952	10.037680	5	12	4	0	3.042836	6.994844	0	0	0
holistic	h0-36	-27	0	0	0	0	0	0	0	0	0	0	0
holistic	h0-37	-8	0	0	0	0	9	0	0	0	0	0	0
holistic	h0-38	-51	1.940202	6.580635	2	6	4	4.734636	0	0	1.845999	0	0
holistic	h0-39	-38	0	0	0	0	1	0	0	0	0	0	0
holistic	h0-40	-41	0	2.260263	0	3	5	0	0	1.859701	0.400562	0	0
holistic	h0-41	-4	0	0.266536	0	2	1	0	0	0	0.266536	0	0
holistic	h0-42	-53	0	0.294138	0	1	2	0	0	0	0.294138	0.295544	0
holistic	h0-43	-6	1.019395	4.861537	1	4	2	0	0	0	4.861537	0	2.954349
holistic	h0-44	-46	0	0	0	0	0	0	0	0	0	0	0
holistic	h0-45	-33	0	0	0	0	2	0	0	0	0	0	0
holistic	h0-46	-13	0.680721	79.611353	3	99	9	0	43.289178	23.944580	12.377595	4.944266	3.583176
holistic	h0-47	-45	0	0	0	0	3	0	0	0	0	0	0
holistic	h0-48	-31	0	0	0	0	1	0	0	0	0	0	0
holistic	h0-49	-44	0	0	0	0	1	0	0	0	0	0	0
holistic	h0-50	-22	0	0	0	0	0	0	0	0	0	0	0
holistic	h0-51	-17	0	0	0	0	0	0	0	0	0	0	0
holistic	h0-52	-11	0	0	0	0	3	0	0	0	0	0	0
holistic	h0-53	-3	0	0	0	0	1	0	0	0	0	0	0
holistic	h0-54	-59	0	0	0	0	0	0	0	0	0	0.586939	0
holistic	h0-55	-17	0	4.493145	0	3	1	0	4.493145	0	0	0	15.138582
holistic	h0-56	-33	2.511358	5.301656	5	14	8	2.914789	0	2.386867	0	0	0
holistic	h0-57	-59	0.853908	34.530727	1	36	9	0	0	11.410788	23.119939	0	0
holistic	h0-58	-59	0	0	0	0	6	0	0	0	0	0.585898	0
holistic	h0-59	-19	0	0	0	0	11	0	0	0	0	0	0
holistic	he61	0	5.530511	17.654130	7	20	11	0	0	12.194062	5.460068	0	0
conventional	c0-0	-13	0	26.748079	0	14	7	2.857736	1.498989	16.370617	6.020737	0	0
conventional	c0-1	-47	0	30.037614	0	14	7	2.555187	2.413030	16.799117	8.270280	0	0
conventional	c0-2	-43	0	31.220366	0	14	7	9.727256	3.701705	12.365158	5.426247	0	0
conventional	c0-3	-44	0	24.563336	0	14	7	4.368692	4.813288	11.285856	4.095500	0	0
conventional	c0-4	-39	0	21.971656	0	14	7	3.489119	1.599088	10.694456	6.188993	0	0
conventional	c0-5	-21	0	23.669943	0	14	7	3.206612	6.654634	7.210374	6.598323	0	0
conventional	c0-6	-11	0	32.707938	0	14	7	5.068961	6.228035	9.813953	11.596989	0	0
conventional	c0-7	-42	0	46.452143	0	14	7	5.849049	4.973266	24.752566	10.877262	0	0
conventional	c0-8	-9	0	16.317915	0	14	7	3.890149	0.651206	6.575423	5.201137	0	0
conventional	c0-9	-13	0	17.812423	0	14	7	2.779996	0.562576	5.549082	8.920769	0	0
conventional	c0-10	-53	0	34.884152	0	14	7	2.819361	7.585561	15.236071	9.243159	0	0
conventional	c0-11	-59	0	15.899659	0	14	7	1.982857	2.867163	6.030211	5.019428	0	0
conventional	c0-12	-52	0	29.621440	0	14	7	4.919022	5.570395	12.948071	6.183952	0	0
conventional	c0-13	-44	0	33.422905	0	14	7	2.054075	4.965423	15.947460	10.455947	0	0
conventional	c0-14	-1	0	19.201926	0	14	7	1.942765	4.036419	6.518323	6.704419	0	0
conventional	c0-15	-50	0	27.490994	0	14	7	3.226351	1.887137	12.716557	9.660949	0	0
conventional	c0-16	-34	0	27.169139	0	14	7	5.753170	3.701420	11.784057	5.930492	0	0
conventional	c0-17	-56	0	25.528866	0	14	7	4.598190	4.096008	5.765772	11.068896	0	0
conventional	c0-18	-27	0	23.717231	0	14	7	1.639885	2.289417	13.186433	6.601496	0	0
conventional	c0-19	-29	0	32.371152	0	14	7	6.843721	5.742604	15.808123	3.976704	0	0
conventional	c0-20	-20	0	31.850191	0	14	7	3.202202	5.896550	13.373730	9.377709	0	0
conventional	c0-21	-26	0	17.332769	0	14	7	0.807251	4.380481	9.925441	2.219596	0	0
conventional	c0-22	-58	0	37.686080	0	14	7	1.205692	6.057886	20.718511	9.703991	0	0
conventional	c0-23	-43	0	14.116619	0	14	7	2.104824	1.870179	7.226911	2.914705	0	0
conventional	c0-24	-15	0	18.262552	0	14	7	2.404429	3.130929	7.562599	5.164595	0	0
conventional	c0-25	-11	0	23.938606	0	14	7	8.452550	3.784284	6.366546	5.335226	0	0
conventional	c0-26	-5	0	25.440332	0	14	7	2.519339	4.500635	12.577492	5.842866	0	0
conventional	c0-27	-51	0	16.904669	0	14	7	2.006167	3.705067	3.178502	8.014933	0	0
conventional	c0-28	-27	0	22.250244	0	14	7	2.121463	1.282833	11.177689	7.668259	0	0
conventional	c0-29	-2	0	19.218171	0	14	7	1.814979	1.131445	8.729086	7.542661	0	0
conventional	c0-30	-34	0	35.124191	0	14	7	5.265330	8.425796	13.907357	7.525708	0	0
conventional	c0-31	-58	0	21.719200	0	14	7	2.205550	3.361286	6.838551	9.313813	0	0
conventional	c0-32	-38	0	36.399528	0	14	7	0.907594	6.387189	18.073077	11.031668	0	0
conventional	c0-33	-49	0	39.333402	0	14	7	8.955382	3.032423	19.535050	7.810547	0	0
conventional	c0-34	-19	0	24.931573	0	14	7	2.770222	2.394496	10.070036	9.696819	0	0
conventional	c0-35	-17	0	12.491344	0	14	7	0.087079	3.632838	3.821100	4.950327	0	0
conventional	c0-36	-13	0	33.682564	0	14	7	5.668846	5.298967	18.499538	4.215213	0	0
conventional	c0-37	-54	0	20.974430	0	14	7	1.700496	3.503480	11.991908	3.778546	0	0
conventional	c0-38	-35	0	14.064600	0	14	7	3.020063	0.918912	6.148226	3.977399	0	0
conventional	c0-39	-15	0	11.620384	0	14	7	3.069733	1.423832	5.078099	2.048720	0	0
conventional	c0-40	-6	0	21.884410	0	14	7	3.125970	5.769385	7.666518	5.322537	0	0
conventional	c0-41	-16	0	28.683298	0	14	7	2.911620	3.231459	11.931953	10.608266	0	0
conventional	c0-42	-17	0	22.296907	0	14	7	5.883794	2.063508	11.332833	3.016772	0	0
conventional	c0-43	-51	0	16.851004	0	14	7	2.018197	4.513109	5.677211	4.642487	0	0
conventional	c0-44	-52	0	23.381682	0	14	7	2.159728	2.786879	10.856777	7.578298	0	0
conventional	c0-45	-3	0	15.117739	0	14	7	1.413120	1.971983	2.910349	8.822287	0	0
conventional	c0-46	-49	0	22.631747	0	14	7	2.415009	0.891581	8.606067	10.719090	0	0
conventional	c0-47	-33	0	24.181265	0	14	7	5.631404	4.301452	10.643375	3.605034	0	0
conventional	c0-48	-10	0	14.782466	0	14	7	2.146728	3.724427	4.666442	4.244869	0	0
conventional	c0-49	-38	0	33.107554	0	14	7	1.599494	5.394749	21.907886	4.205425	0	0
conventional	c0-50	-14	0	11.731167	0	14	7	3.042699	1.010984	5.848045	1.829439	0	0
conventional	c0-51	-48	0	24.397340	0	14	7	0.506045	1.851280	9.815187	12.224828	0	0
conventional	c0-52	-20	0	34.089028	0	14	7	2.319877	3.602300	22.839527	5.327324	0	0
conventional	c0-53	-49	0	17.656543	0	14	7	6.180577	3.778265	4.604295	3.093406	0	0
conventional	c0-54	-3	0	28.574924	0	14	7	4.813330	3.372419	11.422012	8.967163	0	0
conventional	c0-55	-47	0	29.135381	0	14	7	5.185490	7.577009	14.585653	1.787229	0	0
conventional	c0-56	-17	0	35.004159	0	14	7	4.063244	7.419383	11.267087	12.254445	0	0
conventional	c0-57	-8	0	18.070658	0	14	7	2.497432	2.644269	5.134242	7.794715	0	0
conventional	c0-58	-13	0	20.041538	0	14	7	2.775240	5.158483	7.134589	4.973226	0	0
conventional	c0-59	-53	0	33.770364	0	14	7	0.271742	6.036911	19.043085	8.418626	0	0
holistic	he62	1	8.546573	27.954857	9	36	12	0	0	17.238751	10.716106	0	0
conventional	ce61	1	0	35.003899	0	14	7	3.279383	6.493946	11.830893	13.399677	0	0
holistic	he63	2	0	0	0	0	4	0	0	0	0	0	0
holistic	he64	2	0	0	0	0	3	0	0	0	0	0	0
holistic	he65	2	1.829591	3.790337	2	2	1	0	0	0	3.790337	1.211545	0
holistic	he66	2	0	0	0	0	2	0	0	0	0	0.453488	0
conventional	ce62	2	0	37.789523	0	14	7	5.261299	8.694166	14.759879	9.074179	0	0
conventional	ce63	2	0	26.926939	0	14	7	3.482839	3.910446	13.875764	5.657890	0	0
conventional	ce64	2	0	33.106996	0	14	7	5.318800	5.234316	9.917065	12.636815	0	0
conventional	ce65	2	0	32.769771	0	14	7	5.271943	4.386047	14.353994	8.757787	0	0
conventional	ce66	2	0	22.884773	0	14	7	2.882298	4.751759	11.100226	4.150490	0	0
conventional	ce67	2	0	21.489693	0	14	7	0.713228	6.165522	11.697118	2.913825	0.996881	0
conventional	ce68	2	0	33.362144	0	14	7	2.051007	3.461130	22.345650	5.504357	0	0
conventional	ce69	2	0	30.617155	0	14	7	3.768790	2.999961	16.647043	7.201361	0	0
conventional	ce70	3	0	29.459201	0	14	7	1.859700	1.227116	18.303523	8.068862	0	0
conventional	ce71	3	0	20.238621	0	14	7	4.318217	1.193038	8.832088	5.895278	0	0
conventional	ce72	3	0	28.055108	0	14	7	1.965321	3.367326	14.862981	7.859480	0	0
conventional	ce73	3	0	20.879317	0	14	7	2.718535	0.976332	11.295081	5.889369	0	0
conventional	ce74	3	0	14.025484	0	14	7	1.959122	2.861199	4.473252	4.731911	0	0
holistic	he67	4	0	0	0	0	0	0	0	0	0	0	0
holistic	he68	4	0	0	0	0	2	0	0	0	0	0.453488	0
conventional	ce75	4	0	22.218128	0	14	7	2.149858	4.245501	11.918375	3.904394	0	0
conventional	ce76	4	0	25.162624	0	14	7	4.065937	5.012476	11.600777	4.483434	0	0
conventional	ce77	4	0	27.454149	0	14	7	1.495352	4.457262	13.483595	8.017940	0	0
conventional	ce78	4	0	34.005615	0	14	7	8.164391	4.225558	15.124957	6.490709	0	0
conventional	ce79	4	0	14.968787	0	14	7	2.068447	4.033926	2.145499	6.720915	0	0
holistic	he69	5	1.696851	3.846407	2	2	1	0	0	0	3.846407	2.565663	0
conventional	ce80	5	0	28.100084	0	14	7	10.340278	1.864755	8.969485	6.925566	0	0
conventional	ce81	5	0	18.115723	0	14	7	2.122495	2.227269	5.190508	8.575451	0	0
conventional	ce82	5	0	19.445621	0	14	7	4.036996	2.998139	8.877894	3.532592	0.636049	0
conventional	ce83	5	0	29.497179	0	14	7	4.983383	6.016505	8.867294	9.629997	0.068511	0
conventional	ce84	5	0	28.776855	0	14	7	1.842809	1.328643	18.032687	7.572716	0	0
conventional	ce85	5	0	19.729603	0	14	7	2.452884	1.332450	8.769906	7.174363	0	0
conventional	ce86	5	0	31.588616	0	14	7	1.708053	6.219504	17.212783	6.448276	0	0
conventional	ce87	5	0	29.910140	0	14	7	4.228969	2.092363	12.918736	10.670072	0	0
conventional	ce88	5	0	23.025149	0	14	7	1.383093	0.591894	14.301284	6.748878	0	0
conventional	ce89	5	0	21.982414	0	14	7	2.537033	1.015780	5.586342	12.843259	0	0
conventional	ce90	5	0	32.217959	0	14	7	2.085538	3.500549	16.066761	10.565111	0	0
conventional	ce91	5	0	26.625898	0	14	7	3.083845	1.631316	12.398347	9.512390	0	0
conventional	ce92	5	0	17.311425	0	14	7	3.739637	0.354836	6.855850	6.361102	0	0
holistic	he70	6	0	0	0	0	0	0	0	0	0	0	0
holistic	he71	6	0	0	0	0	0	0	0	0	0	0	0
holistic	he72	6	0	0	0	0	2	0	0	0	0	0.320617	0
conventional	ce93	6	0	24.776292	0	14	7	2.893992	1.984541	12.901901	6.995858	0	0
conventional	ce94	6	0	23.530367	0	14	7	2.562216	1.214058	7.968200	11.785893	0	0
conventional	ce95	6	0	36.316408	0	14	7	7.231311	4.138860	15.675848	9.270389	0	0
conventional	ce96	6	0	21.205386	0	14	7	2.244250	4.740890	10.167845	4.052401	0	0
conventional	ce97	6	0	22.426929	0	14	7	6.766784	3.995303	5.663888	6.000954	0	0
conventional	ce98	6	0	31.479971	0	14	7	4.701550	7.203162	9.480700	10.094559	0	0
holistic	he73	7	0	0	0	0	0	0	0	0	0	0	0
holistic	he74	7	1.696851	4.700493	2	2	1	0	0	0	4.700493	1.211545	0
holistic	he75	7	0	0	0	0	0	0	0	0	0	0	0
conventional	ce99	7	0	23.550386	0	14	7	4.625176	4.531693	11.278402	3.115115	0	0
conventional	ce100	7	0.173058	20.241012	1	14	7	1.834295	4.864087	9.011249	4.531381	0	0
conventional	ce101	7	0	22.376514	0	14	7	3.870196	2.980026	6.747865	8.778427	0.315967	0
conventional	ce102	7	0	17.338807	0	14	7	3.155852	0.540855	8.354913	5.287187	0	0
conventional	ce103	7	0	26.244397	0	14	7	4.191463	1.994670	9.918144	10.140120	0	0
conventional	ce104	7	0	18.303644	0	14	7	2.600382	1.533302	6.101231	8.068729	0	0
holistic	he76	8	0	0	0	0	0	0	0	0	0	0	0
holistic	he77	8	0	0	0	0	0	0	0	0	0	0	0
conventional	ce105	8	0	34.833177	0	14	7	1.830410	8.942321	18.413234	5.647212	0	0
conventional	ce106	8	0	38.478913	0	14	7	10.350365	7.617480	13.282840	7.228228	0	0
conventional	ce107	8	0	23.284839	0	14	7	1.677581	4.977366	11.894753	4.735139	0	0
conventional	ce108	8	0.173058	16.979587	1	14	7	0.761098	5.721615	7.988588	2.508286	0	0
conventional	ce109	8	0	22.410405	0	14	7	2.917151	2.220865	7.193040	10.079349	0	0
holistic	he78	9	0	0	0	0	4	0	0	0	0	0.453488	0
holistic	he79	9	0	0	0	0	0	0	0	0	0	0	0
holistic	he80	9	0	0	0	0	0	0	0	0	0	0	0
conventional	ce110	9	0	31.174078	0	14	7	4.689965	4.502272	12.843101	9.138740	0	0
conventional	ce111	9	0	33.806220	0	14	7	2.571118	4.885045	12.990730	13.359327	0	0
conventional	ce112	9	0	20.221393	0	14	7	2.289987	1.106691	9.840494	6.984221	0	0
conventional	ce113	9	0	18.464177	0	14	7	2.408960	0.605251	8.149896	7.300070	0	0
conventional	ce114	9	0	27.319135	0	14	7	3.935970	2.786035	10.523753	10.073377	0	0
conventional	ce115	9	0	34.486452	0	14	7	7.121099	3.642932	15.124014	8.598407	0	0
conventional	ce116	9	0	17.280002	0	14	7	3.987227	0.721707	6.991385	5.579683	0	0
conventional	ce117	9	0	19.560161	0	14	7	2.839740	3.982728	4.780923	7.956770	0	0
holistic	he81	10	0	0	0	0	0	0	0	0	0	0	0
holistic	he82	10	0	0	0	0	4	0	0	0	0	0.666635	0
holistic	he83	10	0	0	0	0	0	0	0	0	0	0	0.845835
holistic	he84	10	0	0	0	0	2	0	0	0	0	0	0
conventional	ce118	10	0	15.744837	0	14	7	5.040341	0.730865	5.247774	4.725857	0	0
conventional	ce119	10	0	15.916128	0	14	7	1.923275	1.639444	5.574916	6.778493	0	0
conventional	ce120	10	0	31.548921	0	14	7	3.341617	5.148082	19.643101	3.416121	0	0
conventional	ce121	10	0	34.473760	0	14	7	9.855063	7.802110	11.129534	5.687053	0	0
conventional	ce122	10	0	27.179112	0	14	7	4.927559	5.852465	8.435682	7.963406	0.319724	0
conventional	ce123	10	0	24.974630	0	14	7	9.089740	4.030448	6.562869	5.291573	0	0
conventional	ce124	10	0	16.830045	0	14	7	2.846559	1.779361	6.329188	5.874937	0.776593	0
conventional	ce125	10	0	31.522695	0	14	7	3.039276	6.033179	12.750501	9.699739	0	0
conventional	ce126	10	0	31.667825	0	14	7	9.676113	2.680690	14.397945	4.913077	0	0
holistic	he85	11	0	0	0	0	0	0	0	0	0	0	0
holistic	he86	11	0	0	0	0	4	0	0	0	0	1.813952	0
holistic	he87	11	0	0	0	0	2	0	0	0	0	0	0
holistic	he88	11	3.540432	6.907892	4	4	2	0	0	0	6.907892	1.211545	0
holistic	he89	11	0	0	0	0	0	0	0	0	0	0	0
holistic	he90	11	0	0	0	0	0	0	0	0	0	0	0
holistic	he91	11	0	0	0	0	0	0	0	0	0	0	0
holistic	he92	11	0	0	0	0	0	0	0	0	0	0	0
conventional	ce127	11	0	36.881501	0	14	7	2.209440	6.132808	24.079243	4.460010	0	0
conventional	ce128	11	0	35.798019	0	14	7	7.387398	4.029153	15.266287	9.115181	0	0
conventional	ce129	11	0	12.939143	0	14	7	5.111170	0.960101	2.167541	4.700331	0	0
conventional	ce130	11	0	39.452841	0	14	7	10.567097	6.315795	15.756590	6.813359	0	0
conventional	ce131	11	0	33.275221	0	14	7	1.211820	3.991920	17.998341	10.073140	0	0
conventional	ce132	11	0	21.000856	0	14	7	1.481904	2.361138	10.204914	6.952900	0.150284	0
holistic	he93	12	0	0	0	0	4	0	0	0	0	0.222607	0
holistic	he94	12	0	0	0	0	0	0	0	0	0	0	0
holistic	he95	12	0	0	0	0	2	0	0	0	0	0.453488	0
holistic	he96	12	0	0	0	0	0	0	0	0	0	0	0
holistic	he97	12	0	0	0	0	0	0	0	0	0	0	0
holistic	he98	12	0	0	0	0	0	0	0	0	0	0	0
holistic	he99	12	0	0	0	0	0	0	0	0	0	0	0
holistic	he100	12	0	0	0	0	0	0	0	0	0	0	0
conventional	ce133	12	0	27.718698	0	14	7	2.464798	3.141156	12.066370	10.046374	0	0
conventional	ce134	12	0	32.020975	0	14	7	5.696180	5.010124	10.668702	10.645969	0.068511	0
conventional	ce135	12	0	24.369775	0	14	7	4.908935	2.471706	7.901690	9.087444	0	0
conventional	ce136	12	0.173058	18.069396	1	14	7	0.476023	5.468262	6.905804	5.219307	0	0
conventional	ce137	12	0	33.338385	0	14	7	3.959880	3.608800	14.906680	10.863025	0	0
conventional	ce138	12	0	23.024276	0	14	7	4.399557	2.100938	6.818592	9.705189	0.315967	0
conventional	ce139	12	0	37.357268	0	14	7	1.888727	6.358794	26.207771	2.901976	0	0
holistic	he101	13	1.696851	3.913164	2	2	1	0	0	0	3.913164	1.211545	0
holistic	he102	13	0	0	0	0	0	0	0	0	0	0	0
holistic	he103	13	0	0	0	0	0	0	0	0	0	0	0
holistic	he104	13	0	0	0	0	0	0	0	0	0	0	0
holistic	he105	13	2.111874	3.360426	2	2	5	0	0	0	3.360426	1.360464	0
holistic	he106	13	3.540432	1.250650	4	4	2	0	0	0	1.250650	1.211545	0
holistic	he107	13	0	0	0	0	2	0	0	0	0	0	0
holistic	he108	13	0	0	0	0	0	0	0	0	0	0	0
holistic	he109	13	4.954145	10.655943	4	10	4	0	0	0	10.655943	0	0
holistic	he110	13	8.622708	18.398624	10	16	18	0	0	18.398624	0	0	0
holistic	he111	13	0	0	0	0	2	0	0	0	0	0	0
holistic	he112	13	0	0	0	0	0	0	0	0	0	0	0
holistic	he113	13	1.706449	5.050336	2	2	1	0	0	0	5.050336	1.211545	0
holistic	he114	13	0	0	0	0	5	0	0	0	0	1.238002	0
conventional	ce140	13	0	30.143831	0	14	7	4.216889	1.750559	12.597462	11.578921	0.077964	0
conventional	ce141	13	0	30.300885	0	14	7	4.095648	5.113136	11.637893	9.454208	0	0
holistic	he115	14	0	0	0	0	0	0	0	0	0	0	0
holistic	he116	14	0	0	0	0	0	0	0	0	0	0	0
holistic	he117	14	0	0	0	0	2	0	0	0	0	0.500609	0
holistic	he118	14	0	0	0	0	4	0	0	0	0	0.453488	0
holistic	he119	14	1.428748	4.643792	1	2	1	0	0	0	4.643792	1.288838	0
holistic	he120	14	0	0	0	0	2	0	0	0	0	0	0
holistic	he121	14	0	0	0	0	0	0	0	0	0	0	0
holistic	he122	14	0	0	0	0	0	0	0	0	0	0	0
holistic	he123	14	0	0.260292	0	2	2	0	0	0	0.260292	0	0
holistic	he124	14	0	0	0	0	0	0	0	0	0	0	0
holistic	he125	14	0	0	0	0	0	0	0	0	0	0	0
holistic	he126	14	0	0	0	0	0	0	0	0	0	0	0
holistic	he127	14	0	0	0	0	0	0	0	0	0	0	0
conventional	ce142	14	0.674611	36.065781	1	14	7	2.670962	7.061106	12.426285	13.907428	0.234922	0
conventional	ce143	14	0	40.248010	0	14	7	3.779174	5.579104	17.773757	13.115975	0	0
conventional	ce144	14	0.473025	22.217603	1	14	7	0.587991	0.416306	13.566178	7.647128	0	0
holistic	he128	15	0	0	0	0	4	0	0	0	0	0.151830	0
holistic	he129	15	0	0	0	0	0	0	0	0	0	0	0
holistic	he130	15	0	0	0	0	0	0	0	0	0	0	0
holistic	he131	15	0	0	0	0	0	0	0	0	0	0	0
holistic	he132	15	0	0	0	0	6	0	0	0	0	0.222607	0
holistic	he133	15	0	0	0	0	0	0	0	0	0	0	0
conventional	ce145	15	0	22.757537	0	14	7	4.085821	1.738570	8.912021	8.021125	0	0
holistic	he134	16	0	0	0	0	4	0	0	0	0	0.222607	0
holistic	he135	16	2.099607	3.194877	3	3	5	0	0	0	3.194877	0	0
holistic	he136	16	3.540432	1.250650	4	4	2	0	0	0	1.250650	1.211545	0
conventional	ce146	16	0	17.745222	0	14	7	3.201884	1.680859	5.582640	7.279839	0	0
conventional	ce147	16	0	31.731816	0	14	7	5.652548	4.722623	13.113764	8.242881	0	0
conventional	ce148	16	0	19.682159	0	14	7	3.235561	1.951104	5.851534	8.643960	0	0
conventional	ce149	16	0.221262	17.327960	2	14	7	1.056664	5.966559	6.765626	3.539111	0	0
holistic	he137	17	0	0	0	0	2	0	0	0	0	0.453488	0
holistic	he138	17	0	0	0	0	4	0	0	0	0	0.453488	0
holistic	he139	17	0	0	0	0	0	0	0	0	0	0	0
holistic	he140	17	5.090553	11.739492	6	6	3	0	0	0	11.739492	1.211545	0
holistic	he141	17	0	0	0	0	1	0	0	0	0	0	0
holistic	he142	17	0	0	0	0	0	0	0	0	0	0	0
holistic	he143	17	0	0	0	0	0	0	0	0	0	0	0
holistic	he144	17	2.341186	7.093245	3	3	4	0	0	0	7.093245	0	0
conventional	ce150	17	0	21.904995	0	14	7	5.029401	1.753115	8.087916	7.034563	0	0
conventional	ce151	17	0	36.163187	0	14	7	10.316641	7.583695	12.429320	5.833531	0	0
conventional	ce152	17	0	25.871313	0	14	7	4.308069	3.407246	8.059639	10.096359	0.315967	0
holistic	he145	18	0	0	0	0	0	0	0	0	0	0	0
holistic	he146	19	0	0	0	0	0	0	0	0	0	0	0
holistic	he147	19	0	0	0	0	0	0	0	0	0	0	0
holistic	he148	19	0	0	0	0	0	0	0	0	0	0	0
holistic	he149	19	0	0	0	0	0	0	0	0	0	0	0
holistic	he150	19	0	0	0	0	0	0	0	0	0	0	0
conventional	ce153	19	0	30.415470	0	14	7	4.788230	2.297730	9.103653	14.225857	0	0
conventional	ce154	19	0	18.199394	0	14	7	2.234474	3.705082	6.810671	5.449167	0	0
conventional	ce155	19	0	24.445711	0	14	7	7.250002	3.143135	8.932510	5.120064	0	0
holistic	he151	21	0	0	0	0	0	0	0	0	0	0	0
holistic	he152	21	0	0	0	0	0	0	0	0	0	0	0
holistic	he153	21	0	0	0	0	4	0	0	0	0	0.453488	0
holistic	he154	21	0	0	0	0	0	0	0	0	0	0	0
conventional	ce156	21	0	32.500697	0	14	7	5.186514	5.643334	10.047630	11.623219	0	0
conventional	ce157	22	0	14.800847	0	14	7	0.683989	2.089797	9.030219	2.996842	0	0
conventional	ce158	22	0	25.526688	0	14	7	4.536895	3.197668	7.939716	9.852409	0.311921	0
conventional	ce159	22	0	30.633382	0	14	7	3.242928	1.387405	17.317849	8.685200	0	0
holistic	he155	23	8.421850	31.637622	9	36	18	0	0	13.932714	17.704908	0	0
holistic	he156	23	0	0	0	0	0	0	0	0	0	0	0
holistic	he157	23	0	0	0	0	2	0	0	0	0	0	0
holistic	he158	23	0	0	0	0	0	0	0	0	0	0	0
holistic	he159	24	0	0	0	0	0	0	0	0	0	0.320617	0
conventional	ce160	24	0	29.190988	0	14	7	1.060456	4.150296	18.006358	5.973878	0	0
conventional	ce161	24	0	19.573196	0	14	7	3.372731	2.036039	6.106054	8.058372	0.315967	0
holistic	he160	25	0	0	0	0	0	0	0	0	0	0	0
holistic	he161	25	1.696851	4.854354	2	2	1	0	0	0	4.854354	1.211545	0
holistic	he162	25	0	0	0	0	2	0	0	0	0	0	0
holistic	he163	25	0	0	0	0	4	0	0	0	0	0	0
conventional	ce162	25	0	42.317654	0	14	7	12.886666	6.056541	14.936575	8.437872	0	0
conventional	ce163	25	0	30.799677	0	14	7	4.471037	4.811582	10.375159	11.141899	0.315967	0
holistic	he164	27	2.738746	1.554392	2	2	2	0	0	0	1.554392	1.199732	0
holistic	he165	27	0	0	0	0	2	0	0	0	0	0	0
conventional	ce164	27	0	34.555710	0	14	7	9.734056	6.057063	10.762174	8.002417	0	0
conventional	ce165	27	0	22.218368	0	14	7	3.010427	1.571096	7.649892	9.986953	0	0
conventional	ce166	27	0	24.954878	0	14	7	1.793589	4.141937	11.902898	7.116454	0	0
holistic	he166	28	0	0	0	0	0	0	0	0	0	0	0
conventional	ce167	28	0	34.628984	0	14	7	2.919988	1.076465	11.900710	18.731821	0.315967	0
holistic	he167	29	0	0	0	0	0	0	0	0	0	0	0
holistic	he168	29	1.873417	5.442068	2	2	4	0	0	0	5.442068	1.211545	0
holistic	he169	29	0	0	0	0	0	0	0	0	0	0	0
conventional	ce168	29	0	29.465416	0	14	7	4.283417	5.146604	11.055403	8.979992	0	0
conventional	ce169	30	0	29.760085	0	14	7	3.971265	4.307331	11.191195	10.290294	0	0
conventional	ce170	31	0	27.151730	0	14	7	1.668715	6.775604	14.610574	4.096837	0	0
holistic	he170	32	0	0	0	0	0	0	0	0	0	0	0
conventional	ce171	32	0.674611	34.758505	1	14	7	2.647968	5.585032	12.738160	13.787345	0.814872	0
holistic	he171	33	0	0	0	0	0	0	0	0	0	0	0
holistic	he172	33	0	0	0	0	0	0	0	0	0	0	0
conventional	ce172	35	0	19.199697	0	14	7	3.698638	0.904428	8.206039	6.390592	0	0
holistic	he173	36	8.002201	33.490970	9	36	12	0	0	18.971430	14.519540	0	0
conventional	ce173	37	0	25.142114	0	14	7	4.727937	2.731236	6.381504	11.301437	0.448846	0
conventional	ce174	39	0	19.369772	0	14	7	3.566660	0.720275	7.525857	7.556980	0	0
holistic	he174	40	0	0	0	0	0	0	0	0	0	0	0
conventional	ce175	40	0	28.551504	0	14	7	2.863644	1.210283	15.138987	9.338590	0	0
conventional	ce176	41	0	32.902785	0	14	7	1.917254	3.027623	19.665550	8.292358	0	0
conventional	ce177	42	0	38.884604	0	14	7	11.401882	6.807606	12.576183	8.098933	0	0
conventional	ce178	44	2.966942	21.862993	2	14	7	2.380684	2.726095	7.733328	9.022886	0	0
conventional	ce179	44	0	27.313451	0	14	7	5.516987	3.434573	8.055495	10.306396	0.315967	0
conventional	ce180	45	0	25.037417	0	14	7	5.182751	5.500595	7.364948	6.989123	0	0
conventional	ce181	46	0	33.567205	0	14	7	5.652125	5.404274	15.906780	6.604026	0	0
conventional	ce182	47	0	20.806155	0	14	7	2.846196	2.569459	6.175677	9.214823	0	0
conventional	ce183	47	0	28.270262	0	14	7	2.238191	2.803611	12.923183	10.305277	0	0
holistic	he175	48	2.215748	4.335134	2	2	1	0	0	0	4.335134	0.836859	0
conventional	ce184	48	0	29.845843	0	14	7	8.576185	5.697051	8.691001	6.881606	0	0
conventional	ce185	49	0	25.207189	0	14	7	3.926875	2.550141	6.542235	12.187938	0.448846	0
conventional	ce186	49	0	46.832614	0	14	7	13.541172	7.450273	17.622463	8.218706	0	0
conventional	ce187	49	0	14.999162	0	14	7	3.522792	0.317452	6.935445	4.223473	0	0
conventional	ce188	50	0	15.715753	0	14	7	2.979870	1.729084	9.535813	1.470986	0	0
conventional	ce189	51	0	41.546743	0	14	7	10.002684	3.470477	17.869704	10.203878	0	0
conventional	ce190	51	0	30.946755	0	14	7	5.307223	3.426038	9.830391	12.383103	0.528682	0
conventional	ce191	51	0	24.382464	0	14	7	5.127312	3.269947	11.510581	4.474624	0.636049	0
holistic	he176	52	0	0	0	0	0	0	0	0	0	0	0
conventional	ce192	52	0.378607	42.568983	1	14	7	4.988644	5.400362	17.264549	14.915428	0	0
conventional	ce193	52	0	16.495370	0	14	7	2.246812	0.375346	5.810519	8.062693	0	0
conventional	ce194	52	0	30.272535	0	14	7	6.264986	1.270106	10.228821	12.508622	0.315967	0
conventional	ce195	53	0	23.282633	0	14	7	2.475386	2.838254	13.446703	4.522290	0	0
conventional	ce196	53	0	25.944955	0	14	7	3.969385	1.630760	12.316974	8.027836	0	0
conventional	ce197	53	0	34.325084	0	14	7	8.928969	3.263497	16.011702	6.120916	0	0
conventional	ce198	54	0	22.332163	0	14	7	1.786278	0.430559	10.519320	9.596006	0	0
conventional	ce199	54	0	50.784094	0	14	7	17.185036	6.984350	16.301124	10.313584	0	0
conventional	ce200	55	0	25.772558	0	14	7	1.903094	2.749953	11.482757	9.636754	0	0
conventional	ce201	55	0.173058	22.857180	1	14	7	2.122557	5.585378	10.789014	4.360231	0	0
conventional	ce202	55	0	30.631131	0	14	7	2.453523	1.135363	18.116778	8.925467	0	0
conventional	ce203	56	0	43.007007	0	14	7	2.297994	5.899427	25.508034	9.301552	0	0
conventional	ce204	57	0	18.972954	0	14	7	3.792303	2.120230	4.038398	9.022023	0	0
conventional	ce205	57	0	20.086275	0	14	7	3.037004	1.912381	4.943166	10.193724	0	0
conventional	ce206	57	0	19.022857	0	14	7	1.536937	1.882591	6.632763	8.970566	0	0
conventional	ce207	58	0	44.888332	0	14	7	11.833121	8.153847	16.754444	8.146920	0	0
conventional	ce208	58	0	48.133762	0	14	7	16.788579	6.895537	15.753499	8.696147	0	0
conventional	ce209	60	0	22.689084	0	14	7	2.524447	2.804838	7.386352	9.973447	0	0
conventional	ce210	60	0	34.552825	0	14	7	1.319389	3.053840	19.635386	10.544210	0	0
holistic	he177	62	0	0	0	0	0	0	0	0	0	0	0
conventional	ce211	62	0	31.366935	0	14	7	2.341571	0.965564	18.250538	9.809262	0	0
conventional	ce212	62	0	22.040018	0	14	7	4.914057	3.336166	7.638291	6.151504	0.636049	0
conventional	ce213	62	0	21.241531	0	14	7	2.141178	3.012950	11.879365	4.208038	0	0
conventional	ce214	63	0	28.081141	0	14	7	4.849359	1.701832	12.803530	8.726420	0	0
holistic	he178	64	0	0	0	0	0	0	0	0	0	0	0
conventional	ce215	64	0	27.114310	0	14	7	4.464173	2.799619	11.507664	8.342854	0	0
conventional	ce216	64	0	34.947864	0	14	7	10.467989	5.661688	11.314322	7.503865	0	0
conventional	ce217	64	0	33.905395	0	14	7	5.990363	3.750937	14.874873	9.289222	0	0
conventional	ce218	64	0	23.950825	0	14	7	3.014515	3.145959	6.938933	10.851418	0	0
conventional	ce219	64	0	37.404942	0	14	7	2.592358	6.562276	19.246202	9.004106	0	0
conventional	ce220	65	0	19.040416	0	14	7	2.449240	3.938633	6.949970	5.702573	0	0
conventional	ce221	65	0	34.089944	0	14	7	3.342960	3.373712	13.148294	14.224978	0.315967	0
conventional	ce222	65	0	37.699918	0	14	7	11.390228	5.883053	13.298314	7.128323	0	0
conventional	ce223	65	0	11.101260	0	14	7	1.702632	0.120887	3.932605	5.345136	0	0
conventional	ce224	65	0	35.242083	0	14	7	6.834323	2.896685	15.532846	9.978229	0	0
conventional	ce225	65	0	25.444268	0	14	7	2.357182	1.541444	13.247145	8.298497	0	0
conventional	ce226	65	0	23.100850	0	14	7	5.138109	3.702586	4.104938	10.155217	0.448846	0
conventional	ce227	65	0	23.540974	0	14	7	6.433642	3.696092	6.424879	6.986361	0.311921	0
conventional	ce228	65	0	25.148543	0	14	7	3.281544	1.139094	9.593545	11.134360	0	0
holistic	he179	66	0	0	0	0	0	0	0	0	0	0	0
holistic	he180	66	3.540432	2.063530	4	4	2	0	0	0	2.063530	1.590212	0
conventional	ce229	66	0	16.294566	0	14	7	1.789864	1.582277	6.947839	5.974586	0	0
conventional	ce230	66	0	23.858599	0	14	7	4.916817	3.219326	8.727951	6.994505	0	0
conventional	ce231	66	0	20.361952	0	14	7	1.194996	0.145149	10.149367	8.872440	0	0
conventional	ce232	66	0.100279	20.082474	1	14	7	0.241707	5.874001	7.126646	6.840120	0	0
holistic	he181	67	0	0	0	0	0	0	0	0	0	0	0
holistic	he182	67	0	0	0	0	0	0	0	0	0	0	0
conventional	ce233	67	0	20.809951	0	14	7	2.382857	1.613338	4.807216	12.006540	0	0
conventional	ce234	67	0.674611	18.398502	1	14	7	2.617797	1.598860	5.152711	9.029134	0.234922	0
conventional	ce235	67	0	24.855452	0	14	7	5.520918	2.745438	7.185255	9.403841	1.354551	0
conventional	ce236	67	0	38.441999	0	14	7	8.610595	3.960366	18.454099	7.416939	0	0
conventional	ce237	67	0	31.362755	0	14	7	5.961623	3.425477	8.586532	13.389123	0.448846	0
conventional	ce238	68	0	20.580669	0	14	7	0.960433	1.125610	8.479358	10.015268	0.063015	0
conventional	ce239	68	0	28.199577	0	14	7	5.630805	2.929689	11.485675	8.153408	0.377727	0
conventional	ce240	68	0	19.519438	0	14	7	1.887643	3.511944	7.554735	6.565116	0	0
conventional	ce241	68	0	38.278496	0	14	7	8.013022	4.010042	16.907489	9.347943	0	0
holistic	he183	69	0	0	0	0	0	0	0	0	0	0	0
holistic	he184	69	0	0	0	0	4	0	0	0	0	0	0
holistic	he185	69	0	0	0	0	0	0	0	0	0	0	0
conventional	ce242	69	0.173058	23.838372	1	14	7	0.992930	6.076240	9.098688	7.670514	0	0
conventional	ce243	69	0	23.292307	0	14	7	1.241146	2.379474	9.314297	10.357390	0	0
conventional	ce244	69	0	28.263031	0	14	7	3.447006	3.027099	11.718238	10.070688	0.063015	0
conventional	ce245	69	0	35.543922	0	14	7	9.986807	6.457394	15.830612	3.269109	0	0
conventional	ce246	69	0	26.644346	0	14	7	7.642773	3.084915	7.548448	8.368210	0.311921	0
holistic	he186	70	0	0	0	0	0	0	0	0	0	0	0
holistic	he187	70	0	0	0	0	0	0	0	0	0	0	0
holistic	he188	70	0	0	0	0	0	0	0	0	0	0	0
conventional	ce247	70	0	30.186674	0	14	7	2.990358	2.420820	14.861572	9.913924	0	0
conventional	ce248	70	0	22.870133	0	14	7	2.080436	1.988772	9.838575	8.962350	0.164111	0
holistic	he189	71	0	0	0	0	0	0	0	0	0	0	0
holistic	he190	71	0	0	0	0	2	0	0	0	0	0	0
holistic	he191	71	1.964324	5.173760	3	6	3	0	0	0	5.173760	0	0
conventional	ce249	71	1.440921	25.446944	1	14	7	2.444949	1.180576	11.295491	10.525928	0	0
conventional	ce250	71	0	20.572285	0	14	7	3.958852	1.589110	6.064094	8.960229	0	0
conventional	ce251	71	0	20.876804	0	14	7	3.019971	3.519862	7.257258	7.079713	0	0
conventional	ce252	71	0	17.034713	0	14	7	2.831775	0.850704	6.990786	6.361448	0	0
conventional	ce253	71	0	21.779377	0	14	7	3.136658	1.592474	8.734463	8.315782	0	0
conventional	ce254	71	2.966942	24.589054	2	14	7	2.990096	2.323631	8.104455	11.170872	0	0
holistic	he192	72	0	0	0	0	0	0	0	0	0	0	0
holistic	he193	72	1.958768	2.862500	2	2	2	0	0	0	2.862500	0	0
holistic	he194	72	0	0	0	0	0	0	0	0	0	0	0
holistic	he195	72	0	0	0	0	0	0	0	0	0	0	0
holistic	he196	72	0	0	0	0	0	0	0	0	0	0	0
conventional	ce255	72	0	38.986516	0	14	7	11.990993	6.100568	11.691885	9.203070	0	0
conventional	ce256	72	0	28.564778	0	14	7	5.677302	3.747763	8.443525	10.696188	0.665536	0
conventional	ce257	72	0	20.286923	0	14	7	1.751499	0.766226	8.632048	9.137150	0	0
conventional	ce258	72	0	22.069237	0	14	7	2.693448	1.521970	7.864724	9.989095	0	0
conventional	ce259	72	0	23.098327	0	14	7	4.360189	1.457118	8.916916	8.364104	1.261787	0
conventional	ce260	72	0	24.710786	0	14	7	5.391785	2.871553	6.478304	9.969144	0	0
conventional	ce261	72	0	34.375869	0	14	7	7.290522	1.972800	19.183284	5.929263	0	0
holistic	he197	73	0	0	0	0	0	0	0	0	0	0	0
holistic	he198	73	0	0	0	0	0	0	0	0	0	0	1.488520
holistic	he199	73	0	0	0	0	0	0	0	0	0	0	0
holistic	he200	73	0	0	0	0	0	0	0	0	0	0	0
holistic	he201	73	0	0	0	0	0	0	0	0	0	0	0
holistic	he202	73	2.738746	0.664536	2	2	4	0	0	0	0.664536	1.795488	0
holistic	he203	73	0	0	0	0	0	0	0	0	0	0	0
conventional	ce262	73	0	37.491294	0	14	7	7.358314	3.960366	18.872004	7.300610	0	0
conventional	ce263	73	0	28.439104	0	14	7	3.353363	3.960308	9.088242	12.037191	0.708375	0
holistic	he204	74	0	0	0	0	4	0	0	0	0	0	0
holistic	he205	74	0	0	0	0	0	0	0	0	0	0	0
holistic	he206	74	0	0	0	0	0	0	0	0	0	0	0
holistic	he207	74	0	0	0	0	0	0	0	0	0	0	0
holistic	he208	74	0	0	0	0	0	0	0	0	0	0	0
holistic	he209	74	0	0	0	0	0	0	0	0	0	0	0
holistic	he210	74	0	0	0	0	0	0	0	0	0	0	0
holistic	he211	74	0	0	0	0	0	0	0	0	0	0	0
holistic	he212	74	0	0	0	0	0	0	0	0	0	0	0
holistic	he213	74	0	0	0	0	0	0	0	0	0	0	0
holistic	he214	74	0	0	0	0	2	0	0	0	0	0	0
holistic	he215	74	0	0	0	0	0	0	0	0	0	0	0
conventional	ce264	74	0	22.667147	0	14	7	4.606421	1.580795	8.583473	7.896458	0	0
holistic	he216	75	0	0	0	0	0	0	0	0	0	0	0
holistic	he217	75	0	0	0	0	0	0	0	0	0	0	0
holistic	he218	75	0.074247	0.153197	1	1	4	0	0	0	0.153197	0.453488	0
holistic	he219	75	2.738746	1.686190	2	2	2	0	0	0	1.686190	1.199732	0
holistic	he220	75	0	0	0	0	0	0	0	0	0	0	0
conventional	ce265	75	0	18.357844	0	14	7	1.879262	1.396332	9.547929	5.534321	0.341753	0
conventional	ce266	75	0	13.694661	0	14	7	3.148883	0.916371	8.210265	1.419142	0.063015	0
conventional	ce267	75	0	27.475943	0	14	7	5.537832	3.106693	7.904175	10.927243	0.448846	0
conventional	ce268	75	0.692777	21.353012	1	14	7	3.792962	1.708850	8.208776	7.642424	0	0
holistic	he221	76	0	0	0	0	0	0	0	0	0	0	0
holistic	he222	76	0	0	0	0	0	0	0	0	0	0	0
holistic	he223	76	0	0	0	0	0	0	0	0	0	0	0
conventional	ce269	76	0	26.112017	0	14	7	3.651949	0.912340	11.448676	10.099052	0	0
conventional	ce270	76	0	24.185867	0	14	7	4.493214	3.595993	6.519349	9.577311	0	0
holistic	he224	77	0	0	0	0	0	0	0	0	0	0	0
holistic	he225	77	0	0	0	0	0	0	0	0	0	0	0
holistic	he226	77	0	0	0	0	0	0	0	0	0	0	0
holistic	he227	77	0	0	0	0	0	0	0	0	0	0	0
holistic	he228	77	0	0	0	0	0	0	0	0	0	0	0
holistic	he229	77	0.074247	0.251933	1	3	4	0	0	0	0.251933	0.453488	0
holistic	he230	77	0	0	0	0	0	0	0	0	0	0	0
conventional	ce271	77	0	28.749622	0	14	7	8.331006	5.519424	6.526786	8.372406	0	0
conventional	ce272	77	0.692777	35.267262	1	14	7	6.328763	0.592744	23.512445	4.833310	0	0
holistic	he231	78	0	0	0	0	0	0	0	0	0	0	0
holistic	he232	78	0	0	0	0	0	0	0	0	0	0	0
holistic	he233	78	0	0	0	0	2	0	0	0	0	0	0
holistic	he234	78	2.232350	0.990529	2	2	2	0	0	0	0.990529	0.836859	0
holistic	he235	78	0	0	0	0	0	0	0	0	0	0	0
holistic	he236	78	0	0	0	0	0	0	0	0	0	0	0
holistic	he237	79	2.475781	5.255806	2	3	1	0	0	0	5.255806	0.891393	0
holistic	he238	79	0	0	0	0	3	0	0	0	0	0	0
conventional	ce273	79	1.440921	31.007421	1	14	7	3.375277	1.522554	11.552352	14.557238	0	0
conventional	ce274	79	0	25.965685	0	14	7	5.527239	3.955892	6.772519	9.710035	0.665536	0
conventional	ce275	79	0	35.570369	0	14	7	4.791607	4.621777	10.506162	15.650823	0.311921	0
conventional	ce276	79	0	29.750581	0	14	7	5.527035	2.335162	8.085350	13.803034	0.448846	0
conventional	ce277	79	0	34.484832	0	14	7	11.651511	4.228089	12.623269	5.981963	0	0
conventional	ce278	79	0	20.658288	0	14	7	4.415367	2.292999	7.796086	6.153836	0	0
holistic	he239	80	0	0	0	0	0	0	0	0	0	0	0
holistic	he240	80	0	0	0	0	0	0	0	0	0	0	0
holistic	he241	80	0	0	0	0	0	0	0	0	0	0	0
conventional	ce279	80	0	20.565698	0	14	7	3.190368	3.533957	6.166328	7.675045	0.094069	0
holistic	he242	81	1.196442	3.408384	2	4	2	0	0	0	3.408384	0	0
holistic	he243	81	0	0	0	0	0	0	0	0	0	0	0
conventional	ce280	81	0	19.988421	0	14	7	3.429020	1.913948	8.625946	6.019507	0	0
conventional	ce281	81	0	21.136547	0	14	7	3.306703	1.795691	7.196333	8.837820	0.448846	0
conventional	ce282	81	0	33.909016	0	14	7	3.598445	4.682615	10.518305	15.109651	0.214170	0
conventional	ce283	81	0	40.035125	0	14	7	8.831075	4.355841	19.433478	7.414731	0	0
holistic	he244	82	0	0	0	0	0	0	0	0	0	0	0
holistic	he245	82	0	0	0	0	0	0	0	0	0	0	0
holistic	he246	82	0.506786	0.806400	2	2	4	0	0	0	0.806400	1.254012	0
conventional	ce284	82	0	35.526980	0	14	7	11.793924	4.361753	14.606087	4.765216	0	0
conventional	ce285	82	0.674611	17.116272	1	14	7	2.476777	1.702237	4.556348	8.380910	0.234922	0
conventional	ce286	82	0	40.351691	0	14	7	7.951577	3.120805	20.258957	9.020352	0	0
conventional	ce287	82	0	22.483039	0	14	7	2.414914	1.605846	9.741650	8.720629	0	0
conventional	ce288	82	0	24.173605	0	14	7	4.284397	6.013770	6.904671	6.970767	0.311921	0
holistic	he247	83	0	0	0	0	0	0	0	0	0	0	0
holistic	he248	83	0	0	0	0	0	0	0	0	0	0	0
holistic	he249	83	0	0	0	0	0	0	0	0	0	0	0
conventional	ce289	83	3.792529	19.781387	2	14	7	2.412940	3.664118	7.032634	6.671695	0	0
conventional	ce290	83	0	44.542360	0	14	7	12.432116	7.453843	13.226254	11.430147	0	0
holistic	he250	84	0	0	0	0	0	0	0	0	0	0	0
conventional	ce291	84	0	30.982618	0	14	7	6.217380	1.124584	11.450324	12.190330	0.665502	0
conventional	ce292	84	0	26.368699	0	14	7	1.982236	2.351210	12.312402	9.722851	0	0
conventional	ce293	84	0.674611	18.140240	1	14	7	2.121127	2.130234	6.058441	7.830438	0.234922	0
conventional	ce294	84	0	11.179599	0	14	7	1.845755	1.194798	7.365724	0.773322	0.063015	0
holistic	he251	85	0	0	0	0	0	0	0	0	0	0	0
holistic	he252	85	0	0	0	0	0	0	0	0	0	0	0
holistic	he253	85	0	0	0	0	4	0	0	0	0	0	0
conventional	ce295	85	0	24.505434	0	14	7	4.007960	3.541519	13.015745	3.940210	1.261787	0
holistic	he254	86	0	0	0	0	0	0	0	0	0	0	0
holistic	he255	86	0	0	0	0	0	0	0	0	0	0	0
conventional	ce296	86	0	34.352679	0	14	7	7.402972	2.975978	15.677106	8.296623	0	0
conventional	ce297	86	0	29.855237	0	14	7	4.774636	6.117677	9.303373	9.659551	0	0
conventional	ce298	86	1.440921	28.173403	1	14	7	2.948288	2.772738	12.015075	10.437302	0	0
conventional	ce299	86	0	32.311194	0	14	7	3.764464	3.518769	13.488243	11.539718	0.708375	0
conventional	ce300	86	0	29.049866	0	14	7	5.142779	5.023263	6.832025	12.051799	0.306106	0
holistic	he256	87	0	0	0	0	0	0	0	0	0	0	0
conventional	ce301	87	0	39.257197	0	14	7	10.517663	1.947099	19.610125	7.182310	0	0
conventional	ce302	87	2.966942	36.694729	2	14	7	7.094605	3.746196	11.202040	14.651888	0	0
conventional	ce303	87	0	33.705228	0	14	7	6.151406	4.038069	9.094603	14.421150	0.448846	0
holistic	he257	88	0	0	0	0	0	0	0	0	0	0	0
holistic	he258	88	0	0	0	0	0	0	0	0	0	0	1.638034
conventional	ce304	88	0	35.474552	0	14	7	11.434096	4.228089	12.894472	6.917895	0	0
conventional	ce305	88	0	26.017720	0	14	7	5.667839	3.058379	8.361632	8.929870	0.311921	0
conventional	ce306	88	0	36.584653	0	14	7	12.381206	5.464373	13.331266	5.407808	0	0
conventional	ce307	88	0	21.843201	0	14	7	2.588927	1.259305	9.220854	8.774115	0	0
holistic	he259	89	0	0	0	0	0	0	0	0	0	0	0
holistic	he260	89	2.738746	2.454566	2	2	2	0	0	0	2.454566	1.199732	0
holistic	he261	89	0	0	0	0	0	0	0	0	0	0	0
conventional	ce308	89	0	22.451686	0	14	7	2.167902	2.759115	9.598745	7.925924	0	0
holistic	he262	90	0	0	0	0	0	0	0	0	0	0	0
conventional	ce309	90	0	23.126621	0	14	7	5.351474	1.664604	7.153291	8.957252	0	0
conventional	ce310	90	0	20.838607	0	14	7	4.817655	1.577674	8.468284	5.974994	0.822886	0
conventional	ce311	90	0	34.734976	0	14	7	10.196099	4.516838	13.342719	6.679320	0	0
conventional	ce312	90	1.440921	29.304392	1	14	7	5.442907	1.932258	9.693990	12.235237	0	0
holistic	he263	91	4.033838	9.067926	4	4	2	0	0	0	9.067926	0.836859	0
conventional	ce313	91	0.674611	16.484934	1	14	7	2.781314	1.610177	4.828412	7.265031	0.234922	0
holistic	he264	92	0	0	0	0	0	0	0	0	0	0	0
holistic	he265	92	0	0	0	0	0	0	0	0	0	0	0
holistic	he266	92	0	0	0	0	0	0	0	0	0	0	0
conventional	ce314	92	0	33.468276	0	14	7	11.539342	4.590436	9.442487	7.896011	0	0
holistic	he267	93	0	0	0	0	0	0	0	0	0	0	0
holistic	he268	93	0	0	0	0	0	0	0	0	0	0	0
conventional	ce315	93	0	11.916116	0	14	7	1.966944	2.734606	3.997395	3.217171	0	0
holistic	he269	94	0	0	0	0	3	0	0	0	0	0	0
conventional	ce316	94	0	20.200424	0	14	7	1.248664	3.982127	10.053630	4.916003	0	0
conventional	ce317	94	0.674611	22.929299	1	14	7	3.401807	1.497008	7.969634	10.060850	0.234922	0
conventional	ce318	94	2.966942	21.385908	2	14	7	2.284452	1.023339	7.309515	10.768602	0	0
conventional	ce319	95	0	28.094292	0	14	7	2.667285	3.363872	9.674047	12.389088	0.708375	0
conventional	ce320	96	0.734765	16.493659	1	14	7	1.348117	1.751129	7.460425	5.933988	0.234922	0
conventional	ce321	96	0	22.289567	0	14	7	1.951914	0.843591	7.413915	12.080147	0.448846	0
holistic	he270	97	0	0	0	0	0	0	0	0	0	0	0
conventional	ce322	97	0	25.125207	0	14	7	3.205280	1.074052	9.426998	11.418877	0	0
conventional	ce323	97	0	34.591510	0	14	7	3.372803	4.751783	10.204477	16.262447	0.708375	0
conventional	ce324	98	0	25.233289	0	14	7	4.230940	2.362345	11.502009	7.137995	0	0
conventional	ce325	98	0	25.562862	0	14	7	3.362299	1.245621	10.511912	10.443030	0	0
conventional	ce326	99	0	28.348395	0	14	7	2.492329	2.812345	16.248559	6.795162	0	0
conventional	ce327	99	0	30.278072	0	14	7	6.325751	5.967941	9.809766	8.174614	0	0
conventional	ce328	99	0	36.884647	0	14	7	7.573155	4.195190	19.251553	5.864749	0	0
conventional	ce329	99	0	29.973341	0	14	7	3.460799	4.521720	9.636921	12.353901	0	0
holistic	he271	100	0	0	0	0	0	0	0	0	0	0	0
holistic	he272	100	0	0	0	0	0	0	0	0	0	0	0
conventional	ce330	100	1.440921	21.986660	1	14	7	3.401026	2.636368	6.584940	9.364326	0	0
conventional	ce331	100	2.912175	27.062917	2	14	7	3.019013	2.322094	9.153716	12.568094	0	0
holistic	he273	102	0	0	0	0	2	0	0	0	0	0	0
conventional	ce332	102	0.674611	17.800093	1	14	7	2.505401	1.598860	3.944221	9.751611	0.641793	0
conventional	ce333	102	3.446052	23.268093	2	14	7	3.094194	2.515843	8.858256	8.799800	0	0
conventional	ce334	102	0	24.238331	0	14	7	4.220729	3.010388	6.961743	10.045471	0.448846	0
conventional	ce335	103	0	25.781913	0	14	7	3.188118	1.256250	10.344795	10.992750	0	0
conventional	ce336	104	1.440921	36.350847	1	14	7	10.143461	4.427715	16.092969	5.686702	0	0
conventional	ce337	105	0.674611	17.967948	1	14	7	2.546547	1.546842	5.815378	8.059181	0.234922	0
holistic	he274	106	0	0	0	0	0	0	0	0	0	0	0
conventional	ce338	107	0	23.604337	0	14	7	5.707538	1.433996	6.672690	9.790113	0	0
conventional	ce339	107	0	24.973822	0	14	7	5.858280	3.366591	7.686222	8.062729	0.188612	0
holistic	he275	108	0	0	0	0	0	0	0	0	0	0	0
conventional	ce340	108	0	37.248514	0	14	7	12.880861	3.562067	14.204664	6.600922	0	0
conventional	ce341	109	0	37.283624	0	14	7	5.911034	5.009728	13.727429	12.635433	0.665536	0
conventional	ce342	110	0	29.318273	0	14	7	5.313863	2.545076	8.806573	12.652761	0.448846	0
holistic	he276	112	0	0	0	0	0	0	0	0	0	0	0
conventional	ce343	112	0	29.999097	0	14	7	5.699400	2.880374	7.247355	14.171968	0.448846	0
conventional	ce344	113	0	40.223426	0	14	7	10.584584	1.901767	19.422168	8.314907	0	0
conventional	ce345	114	0	48.169064	0	14	7	13.816355	7.484062	15.111961	11.756686	0	0
conventional	ce346	114	0	19.470057	0	14	7	1.902628	0.907348	5.464779	11.195302	0.063015	0
conventional	ce347	114	4.138614	21.557375	2	14	7	1.824410	3.504309	7.815569	8.413087	0	0
conventional	ce348	115	0	15.081394	0	14	7	2.746214	0.731806	7.228577	4.374797	0	0
conventional	ce349	116	0	30.203970	0	14	7	5.877095	3.662156	8.970797	11.693922	0.037304	0
conventional	ce350	116	0	34.862763	0	14	7	8.332898	3.083574	16.317090	7.129201	0	0
conventional	ce351	117	0	22.350237	0	14	7	4.057966	3.251223	8.572102	6.468946	0	0
conventional	ce352	118	0.674611	23.803388	1	14	7	4.774328	1.579594	6.864412	10.585054	0.234922	0
conventional	ce353	122	0	32.917190	0	14	7	5.407326	2.235103	12.757196	12.517565	0.237229	0
conventional	ce354	123	0	46.186453	0	14	7	8.388623	5.389167	13.996744	18.411919	0	0
conventional	ce355	123	0	37.503359	0	14	7	11.313795	4.104829	14.739622	7.345113	1.354551	0
holistic	he277	124	0	0	0	0	0	0	0	0	0	0	0
conventional	ce356	124	1.440921	22.026060	1	14	7	3.016727	2.679528	8.105318	8.224487	0	0
conventional	ce357	124	0	25.503864	0	14	7	6.496758	2.820022	6.386921	9.800163	0	0
conventional	ce358	124	0.346572	24.617310	1	14	7	0.863356	2.892442	10.653395	10.208117	0.063015	0
conventional	ce359	125	1.380526	27.687332	1	14	7	4.820970	3.537678	11.337221	7.991463	0	0
conventional	ce360	125	0	20.728500	0	14	7	1.941237	1.684771	9.524138	7.578354	0.341753	0
conventional	ce361	125	0	30.431663	0	14	7	5.914575	3.031268	9.653046	11.832774	0.448846	0
conventional	ce362	125	1.440921	27.154597	1	14	7	2.353635	3.259838	11.609558	9.931566	1.248960	0
conventional	ce363	125	0	28.668319	0	14	7	4.656478	1.481980	11.655958	10.873903	2.177278	0
conventional	ce364	125	0	20.735960	0	14	7	3.877539	0.882406	9.242834	6.733181	0.278280	0
conventional	ce365	125	0	26.319409	0	14	7	4.897941	3.027208	6.807117	11.587143	0	0
conventional	ce366	126	0.734765	21.373894	1	14	7	3.727842	2.126957	5.952701	9.566394	0.234922	0
conventional	ce367	126	0	36.296823	0	14	7	12.541862	3.021966	15.881717	4.851278	0.529394	0
conventional	ce368	126	4.138614	34.950857	2	14	7	11.704096	2.255056	9.843544	11.148161	0	0
holistic	he278	127	0	0	0	0	0	0	0	0	0	0	0
holistic	he279	127	0	0	0	0	0	0	0	0	0	0	0
conventional	ce369	127	0	29.919369	0	14	7	8.100250	4.493949	12.258417	5.066753	0	0
conventional	ce370	127	0.674611	18.516601	1	14	7	4.110545	2.177762	4.788558	7.439736	0.080506	0
conventional	ce371	127	0	20.152167	0	14	7	3.207811	1.763695	6.924032	8.256629	0	0
conventional	ce372	127	0.674611	17.268599	1	14	7	3.859915	1.718033	6.805512	4.885139	0.352354	0
conventional	ce373	127	0	17.314126	0	14	7	1.652970	2.163226	7.045642	6.452288	0.104258	0
conventional	ce374	127	0	39.171721	0	14	7	10.546582	2.014149	19.612805	6.998185	0	0
conventional	ce375	128	0.510109	19.242643	1	14	7	1.115926	3.795701	9.940163	4.390853	0	0
conventional	ce376	128	0	35.145104	0	14	7	10.430707	4.570953	15.454502	4.688942	0	0
holistic	he280	129	0	0	0	0	0	0	0	0	0	0	0
holistic	he281	129	0	0	0	0	0	0	0	0	0	0	0
holistic	he282	130	0	0	0	0	0	0	0	0	0	0	0
holistic	he283	130	0	0	0	0	0	0	0	0	0	0	0
conventional	ce377	130	0	20.363030	0	14	7	2.970651	2.254942	4.956591	10.180846	0.028206	0
holistic	he284	131	0	0	0	0	0	0	0	0	0	0	0
holistic	he285	131	0	0	0	0	2	0	0	0	0	0	0
conventional	ce378	131	0.674611	15.492558	1	14	7	1.775201	1.465391	5.492113	6.759853	0.234922	0
conventional	ce379	131	0	40.251434	0	14	7	10.677118	2.182770	18.051118	9.340428	0	0
conventional	ce380	131	0	16.143696	0	14	7	2.647838	1.444937	4.113377	7.937544	0.266014	0
conventional	ce381	131	0	21.875938	0	14	7	2.663127	2.066155	8.723718	8.422938	0.448846	0
conventional	ce382	131	1.150816	26.852719	1	14	7	2.677408	2.643437	12.266773	9.265101	0.234922	0
conventional	ce383	131	0	24.017599	0	14	7	3.077724	5.675135	10.151014	5.113726	0	0
conventional	ce384	131	0	22.198944	0	14	7	2.012475	1.963501	12.220219	6.002749	0.628367	0
conventional	ce385	131	0.734765	12.949672	1	14	7	0.849599	0.615787	6.490299	4.993987	0.234922	0
holistic	he286	132	0	0	0	0	0	0	0	0	0	0	0
holistic	he287	132	0	0	0	0	0	0	0	0	0	0	0
holistic	he288	132	0	0	0	0	6	0	0	0	0	0	0
conventional	ce386	132	0	32.467482	0	14	7	9.889416	4.408730	12.458546	5.710790	0	0
conventional	ce387	132	0.674611	19.055506	1	14	7	2.814841	2.115396	7.736019	6.389250	0.352354	0
conventional	ce388	132	0	21.101876	0	14	7	3.440700	3.031140	5.391169	9.238867	0	0
conventional	ce389	132	4.138614	45.632051	2	14	7	12.381887	1.995450	10.846035	20.408679	0	0
conventional	ce390	132	0	25.824083	0	14	7	3.260411	3.393736	5.702267	13.467669	0.641793	0
conventional	ce391	132	0	22.927009	0	14	7	2.543528	1.281205	12.160455	6.941821	0	0
conventional	ce392	132	1.605808	24.942611	1	14	7	4.700995	1.597392	7.749390	10.894834	0.234922	0
holistic	he289	133	0	0	0	0	0	0	0	0	0	0	0
holistic	he290	133	0	0	0	0	0	0	0	0	0	0	0
holistic	he291	133	0	0	0	0	2	0	0	0	0	0	0
holistic	he292	133	2.738746	2.654122	2	2	2	0	0	0	2.654122	1.637958	0
conventional	ce393	133	0	19.457509	0	14	7	2.789171	3.207402	6.513814	6.947122	0.231499	0
conventional	ce394	133	0	19.999535	0	14	7	3.223345	1.322897	6.150757	9.302536	0.448846	0
conventional	ce395	133	0	43.597238	0	14	7	11.242822	2.242032	22.386387	7.725997	0	0
conventional	ce396	133	0	28.439708	0	14	7	4.318307	2.453632	12.282577	9.385192	0	0
holistic	he293	134	0	0	0	0	0	0	0	0	0	0	0
holistic	he294	134	0.349374	0.720879	1	1	4	0	0	0	0.720879	0.742896	0
holistic	he295	134	0	0	0	0	0	0	0	0	0	0	0
holistic	he296	134	0	0	0	0	0	0	0	0	0	0	0
holistic	he297	134	0	0	0	0	0	0	0	0	0	0	0
holistic	he298	134	0	0	0	0	0	0	0	0	0	0	0
conventional	ce397	134	0.674611	20.816509	1	14	7	4.252478	2.010942	8.039249	6.513840	0.352354	0
conventional	ce398	134	0	22.658673	0	14	7	1.116473	2.339786	13.330623	5.871791	0	0
conventional	ce399	134	0	21.266654	0	14	7	1.651026	0.840595	11.767661	7.007372	0.854790	0
conventional	ce400	134	0	32.325996	0	14	7	4.413422	4.913614	12.732888	10.266072	1.064910	0
conventional	ce401	134	0	35.617688	0	14	7	8.641878	5.615171	14.879945	6.480694	0	0
holistic	he299	135	0	0	0	0	0	0	0	0	0	0	0
holistic	he300	135	0	0	0	0	7	0	0	0	0	0	0
holistic	he301	135	0	0	0	0	0	0	0	0	0	0	0
holistic	he302	135	0	0	0	0	0	0	0	0	0	0	0
holistic	he303	135	0	0	0	0	0	0	0	0	0	0	0
conventional	ce402	135	0	20.280389	0	14	7	2.051159	4.725060	7.964543	5.539627	0	0
conventional	ce403	135	0	20.203815	0	14	7	4.349984	2.283196	7.538835	6.031800	0	0
conventional	ce404	135	0	27.224873	0	14	7	3.633198	4.815355	6.946571	11.829749	0.306106	0
holistic	he304	136	0	0	0	0	0	0	0	0	0	0	0
holistic	he305	136	0	0	0	0	0	0	0	0	0	0	0
holistic	he306	136	0	0	0	0	0	0	0	0	0	0	0
conventional	ce405	136	0	39.765009	0	14	7	10.499270	2.613323	12.467834	14.184582	0	0
conventional	ce406	136	0	27.519304	0	14	7	5.114032	3.957236	8.141198	10.306838	0	0
holistic	he307	137	0	0	0	0	0	0	0	0	0	0	0
holistic	he308	137	0	0	0	0	0	0	0	0	0	0	0
holistic	he309	137	2.189474	4.004412	2	2	10	0	0	0	4.004412	0	0
holistic	he310	137	0	0	0	0	0	0	0	0	0	0	0
holistic	he311	137	0	0	0	0	0	0	0	0	0	0	1.942949
holistic	he312	137	0	0	0	0	2	0	0	0	0	0	0
holistic	he313	137	0	0	0	0	0	0	0	0	0	0	0
holistic	he314	137	0	0	0	0	0	0	0	0	0	0	0
holistic	he315	137	0.598221	0.982527	1	1	4	0	0	0	0.982527	0	0
conventional	ce407	137	0	22.986301	0	14	7	3.962958	1.571661	8.029371	9.422311	0.028206	0
conventional	ce408	137	0.734765	22.786121	1	14	7	1.807095	1.658480	10.703124	8.617422	0.234922	0
conventional	ce409	137	0	29.843587	0	14	7	3.881847	6.486729	11.990569	7.484442	0.628367	0
holistic	he316	138	0	0	0	0	0	0	0	0	0	0	0
holistic	he317	138	0	0	0	0	0	0	0	0	0	0	0
holistic	he318	138	0	0	0	0	0	0	0	0	0	0	0
holistic	he319	138	4.624832	5.475128	4	4	4	0	0	0	5.475128	0	0
holistic	he320	138	0	0	0	0	0	0	0	0	0	0	0
holistic	he321	138	0	0	0	0	0	0	0	0	0	0	0
conventional	ce410	138	1.440921	27.056596	1	14	7	3.023969	0.510463	10.946798	12.575366	0	0
holistic	he322	139	0	0	0	0	0	0	0	0	0	0	0
conventional	ce411	139	0	16.761735	0	14	7	2.719768	1.508706	6.056758	6.476503	0.231499	0
conventional	ce412	139	0	33.561729	0	14	7	9.640522	6.070804	13.314275	4.536128	0	0
holistic	he323	140	0	0	0	0	0	0	0	0	0	0	0
holistic	he324	140	0	0	0	0	0	0	0	0	0	0	0
holistic	he325	140	0	0	0	0	0	0	0	0	0	0	0
conventional	ce413	140	0.674611	12.718359	1	14	7	3.135372	1.192006	4.523587	3.867394	0.352354	0
conventional	ce414	141	0.674611	9.324841	1	14	7	1.511860	0.676683	2.940154	4.196144	0.290154	0
conventional	ce415	141	0	18.889446	0	14	7	4.255594	1.007605	7.949107	5.677140	0	0
holistic	he326	142	0	0	0	0	0	0	0	0	0	0	0
holistic	he327	142	0	0	0	0	1	0	0	0	0	0	0
holistic	he328	142	0	0	0	0	0	0	0	0	0	0	0
conventional	ce416	142	0	26.797485	0	14	7	0.968664	2.924419	14.629212	8.275190	0	0
conventional	ce417	142	1.380526	27.826040	1	14	7	3.942563	5.093769	9.687781	9.101927	0	0
holistic	he329	143	0	0	0	0	0	0	0	0	0	0	0
holistic	he330	143	0	0	0	0	0	0	0	0	0	0	0
holistic	he331	143	0	0	0	0	0	0	0	0	0	0	1.181017
conventional	ce418	143	0	20.235728	0	14	7	2.661405	0.771460	8.058753	8.744110	0	0
conventional	ce419	143	0.346572	22.323248	1	14	7	1.377439	1.700105	9.552232	9.693472	0.343432	0
holistic	he332	144	0	0	0	0	0	0	0	0	0	0	0
conventional	ce420	144	0	22.337441	0	14	7	3.388130	6.026168	6.194170	6.728973	0	0
conventional	ce421	144	0.734765	25.410408	1	14	7	4.811684	3.586186	6.160144	10.852394	0.234922	0
conventional	ce422	144	0	24.997121	0	14	7	3.204119	2.892431	6.888064	12.012507	0.028206	0
holistic	he333	145	0	0	0	0	0	0	0	0	0	0	0
holistic	he334	145	0	0	0	0	0	0	0	0	0	0	0
holistic	he335	145	0	0	0	0	0	0	0	0	0	0	0
conventional	ce423	145	0	25.250134	0	14	7	4.048745	2.130284	7.758139	11.312966	0.193826	0
holistic	he336	146	0	0	0	0	0	0	0	0	0	0	0
holistic	he337	146	0	0	0	0	0	0	0	0	0	0	0
holistic	he338	146	0	0	0	0	7	0	0	0	0	0	0
conventional	ce424	146	0.734765	24.729214	1	14	7	5.531414	2.002454	8.906016	8.289330	0.234922	0
conventional	ce425	146	0	26.665202	0	14	7	3.475038	2.317440	8.956481	11.916243	0	0
holistic	he339	147	0	0	0	0	0	0	0	0	0	0	0
conventional	ce426	147	0	38.769565	0	14	7	8.410363	2.860055	20.074322	7.424825	0	0
conventional	ce427	147	4.246168	32.698274	1	14	7	10.717786	1.490320	9.274200	11.215968	0	0
holistic	he340	148	0	0	0	0	0	0	0	0	0	0	0
conventional	ce428	148	0.293919	29.283295	1	14	7	5.696532	3.186177	7.719825	12.680761	0.448846	0
conventional	ce429	148	0.674611	19.220237	1	14	7	3.106491	2.003654	4.831862	9.278230	0.641793	0
holistic	he341	149	0	0	0	0	0	0	0	0	0	0	0
holistic	he342	149	0	0	0	0	0	0	0	0	0	0	0
conventional	ce430	149	1.555019	26.972137	1	14	7	4.977130	2.479973	8.344114	11.170920	0.234922	0
conventional	ce431	149	0	34.685177	0	14	7	5.865066	2.956535	13.193537	12.670039	0.665536	0
conventional	ce432	149	0.674611	17.938442	1	14	7	3.035564	1.852226	5.698498	7.352154	0.234922	0
holistic	he343	150	0	0	0	0	0	0	0	0	0	0	0
holistic	he344	150	0	0	0	0	0	0	0	0	0	0	0
holistic	he345	150	0	0	0	0	0	0	0	0	0	0	0
conventional	ce433	150	4.138614	35.854732	2	14	7	11.497402	1.567959	11.692876	11.096495	0	0
conventional	ce434	150	0	29.802191	0	14	7	7.546747	4.374572	11.755208	6.125664	0	0
conventional	ce435	151	0.445004	20.262410	1	14	7	1.955317	1.399623	6.343303	10.564167	0.234922	0
holistic	he346	152	0	0	0	0	0	0	0	0	0	0	0
holistic	he347	152	0	0	0	0	0	0	0	0	0	0	0
holistic	he348	152	0	0	0	0	0	0	0	0	0	0	0
holistic	he349	152	0	0	0	0	0	0	0	0	0	0	0
conventional	ce436	152	0	18.610161	0	14	7	3.241628	1.078733	5.148385	9.141415	0	0
conventional	ce437	152	0	32.392411	0	14	7	5.327965	2.793549	8.655912	15.614985	0	0
holistic	he350	153	0	0	0	0	2	0	0	0	0	0	0
holistic	he351	154	0	0	0	0	0	0	0	0	0	0	0
holistic	he352	154	0	0	0	0	0	0	0	0	0	0	0
holistic	he353	154	0	0	0	0	0	0	0	0	0	0	0
conventional	ce438	154	0	28.529172	0	14	7	5.481916	3.593557	12.997561	6.456138	0	0
conventional	ce439	154	0	24.305514	0	14	7	4.679476	2.739730	8.359093	8.527215	0	0
conventional	ce440	154	0	16.982070	0	14	7	2.000388	1.347212	7.787197	5.847273	0.413510	0
conventional	ce441	155	0	17.980190	0	14	7	4.506288	1.840595	6.515192	5.118115	0.320064	0
holistic	he354	156	0	0	0	0	0	0	0	0	0	0	0
conventional	ce442	156	0	45.846072	0	14	7	10.842653	3.273865	23.700089	8.029465	0	0
holistic	he355	157	0	0	0	0	0	0	0	0	0	0	0
holistic	he356	157	0	0	0	0	2	0	0	0	0	0	0
conventional	ce443	157	1.380526	34.643920	1	14	7	5.701133	4.276259	16.327981	8.338547	0	0
conventional	ce444	157	0	21.144002	0	14	7	3.017972	1.378738	7.971437	8.775855	0.448846	0
conventional	ce445	157	0	42.096802	0	14	7	10.456168	2.937534	21.356050	7.347050	0	0
conventional	ce446	158	1.440921	23.757352	1	14	7	2.515254	2.010512	9.251062	9.980524	0	0
conventional	ce447	159	0	47.326416	0	14	7	12.074076	1.858587	23.582566	9.811187	0	0
conventional	ce448	159	1.440921	33.243309	1	14	7	6.086357	4.823138	14.459785	7.874029	0	0
conventional	ce449	159	0.293919	24.766700	1	14	7	4.208242	1.733344	8.973319	9.851795	0	0
conventional	ce450	159	0	20.296666	0	14	7	3.229386	2.980658	8.487694	5.598928	0	0
holistic	he357	160	0	0	0	0	0	0	0	0	0	0	0
holistic	he358	160	0	0	0	0	0	0	0	0	0	0	0
holistic	he359	160	0	0	0	0	2	0	0	0	0	0	0
conventional	ce451	160	0	22.688558	0	14	7	2.373781	2.470322	11.987088	5.857367	0.628367	0
conventional	ce452	160	0	26.717432	0	14	7	5.346756	3.398638	11.580118	6.391920	0	0
conventional	ce453	160	1.380526	40.964960	1	14	7	9.006937	5.203365	16.598599	10.156059	0	0
conventional	ce454	160	0.674611	18.255147	1	14	7	2.859406	2.503516	7.966968	4.925257	0.352354	0
conventional	ce455	161	0.674611	43.941598	1	14	7	14.742655	4.864742	15.643603	8.690598	0.725521	0
conventional	ce456	161	0	22.353027	0	14	7	2.496916	0.953722	8.552392	10.349997	0.056165	0
holistic	he360	162	0	0	0	0	0	0	0	0	0	0	0
conventional	ce457	162	0	27.195772	0	14	7	5.068175	2.551872	7.060238	12.515487	0.448846	0
conventional	ce458	162	0	22.916167	0	14	7	2.471989	1.274950	8.358017	10.811211	0	0
holistic	he361	163	0	0	0	0	0	0	0	0	0	0	0
conventional	ce459	163	0	30.836329	0	14	7	4.525793	2.504956	8.117626	15.687954	0	0
conventional	ce460	165	0	36.834681	0	14	7	8.492349	4.945688	16.975991	6.420653	0	0
conventional	ce461	165	0	25.940467	0	14	7	5.786790	3.047771	9.288422	7.817484	0.037304	0
conventional	ce462	165	0.674611	23.631975	1	14	7	4.159773	1.805974	6.547630	11.118598	0.234922	0
holistic	he362	166	0	0	0	0	0	0	0	0	0	0	0
holistic	he363	166	0	0	0	0	0	0	0	0	0	0	0
holistic	he364	167	0	0	0	0	0	0	0	0	0	0	0
conventional	ce463	167	1.440921	22.631431	1	14	7	2.720003	2.322111	9.299111	8.290206	0	0
holistic	he365	168	0	0	0	0	0	0	0	0	0	0	0
conventional	ce464	168	1.605808	28.343137	1	14	7	5.163958	1.328990	8.267841	13.582348	0.234922	0
conventional	ce465	168	0	19.950626	0	14	7	3.302896	1.741553	6.304412	8.601765	0.665536	0
conventional	ce466	169	0.674611	23.503943	1	14	7	4.369136	3.128482	10.329327	5.676998	0.352354	0
conventional	ce467	169	0	16.319975	0	14	7	4.351401	1.310620	5.322670	5.335284	0.281669	0
conventional	ce468	169	0	20.607249	0	14	7	3.922123	2.249333	8.597367	5.838426	0	0
holistic	he366	170	0	0	0	0	0	0	0	0	0	0	0
conventional	ce469	170	0	38.697303	0	14	7	10.793287	2.350993	17.303781	8.249242	0	0
conventional	ce470	170	0	19.320577	0	14	7	3.238994	1.533028	4.476852	10.071703	0.266014	0
holistic	he367	171	0	0	0	0	0	0	0	0	0	0	0
holistic	he368	172	0	0	0	0	0	0	0	0	0	0	0
conventional	ce471	172	0	28.208054	0	14	7	7.741453	4.636387	11.602592	4.227622	0	0
conventional	ce472	174	0.674611	17.802139	1	14	7	3.872632	1.931596	5.821930	6.175981	1.232139	0
conventional	ce473	175	0	19.805909	0	14	7	3.798219	3.341455	6.821493	5.844742	0.231499	0
conventional	ce474	175	0.674611	17.509788	1	14	7	3.567617	1.261837	4.431399	8.248935	0.234922	0
conventional	ce475	175	1.605808	35.645335	1	14	7	10.785549	2.529751	16.383413	5.946622	0.234922	0
conventional	ce476	176	0	36.285820	0	14	7	7.825332	8.218223	12.902587	7.339678	0	0
conventional	ce477	176	0.734765	20.296758	1	14	7	3.119853	2.519158	4.895485	9.762262	0.234922	0
conventional	ce478	176	1.440921	29.576515	1	14	7	2.082892	0.853454	13.151705	13.488464	0	0
conventional	ce479	176	0.480520	24.833060	1	14	7	3.249682	1.460720	10.345209	9.777449	0	0
holistic	he369	177	0	0	0	0	1	0	0	0	0	0	0
conventional	ce480	177	0	37.614805	0	14	7	5.120319	3.356355	14.318513	14.819618	0.639693	0
conventional	ce481	178	0	25.782279	0	14	7	3.768582	0.993783	5.742022	15.277892	0	0
conventional	ce482	179	0.171957	21.291143	1	14	7	5.929328	1.970065	7.012670	6.379080	0.234922	0
conventional	ce483	179	0	28.188718	0	14	7	3.474973	1.791798	10.367018	12.554929	0	0
conventional	ce484	179	0	26.915958	0	14	7	5.616818	6.017022	7.809791	7.472327	0	0
conventional	ce485	179	0.674611	19.506559	1	14	7	4.216666	2.488429	5.010502	7.790962	0.080506	0
conventional	ce486	180	0	32.256024	0	14	7	4.276312	3.345787	14.053847	10.580078	0.665536	0
holistic	he370	181	0	0	0	0	0	0	0	0	0	0	0
holistic	he371	181	0	0	0	0	0	0	0	0	0	0	0
conventional	ce487	181	0	38.279892	0	14	7	9.241592	5.282323	16.911073	6.844904	0.448846	0
conventional	ce488	181	0	21.447146	0	14	7	3.322603	4.120900	4.028354	9.975289	0	0
conventional	ce489	182	0	24.630003	0	14	7	2.495230	4.247758	11.380536	6.506479	1.053543	0
conventional	ce490	183	0	15.339507	0	14	7	1.302593	0.467152	4.910071	8.659691	0	0
conventional	ce491	183	0	18.381137	0	14	7	2.356201	1.868614	4.615413	9.540909	0.407651	0
conventional	ce492	184	0	37.071640	0	14	7	7.291753	1.893008	14.815863	13.071016	0.856090	0
conventional	ce493	184	0	18.333823	0	14	7	1.729893	1.528468	6.939089	8.136373	0	0
holistic	he372	185	0	0	0	0	0	0	0	0	0	0	0
holistic	he373	185	0	0	0	0	0	0	0	0	0	0	0
conventional	ce494	185	0	26.891035	0	14	7	5.784126	3.498684	10.528755	7.079470	0.448846	0
conventional	ce495	185	0	16.508294	0	14	7	3.495022	1.558835	6.998409	4.456028	0	0
conventional	ce496	186	0	30.775665	0	14	7	6.414302	3.075364	13.842383	7.443616	0	0
conventional	ce497	186	1.380526	38.609364	1	14	7	6.616322	4.169769	18.780668	9.042605	0	0
conventional	ce498	186	0	13.587577	0	14	7	1.939167	0.876908	3.372644	7.398858	0.266014	0
conventional	ce499	186	0.100729	21.159376	1	14	7	3.677188	2.624913	5.286110	9.571165	0.641793	0
holistic	he374	187	0	0	0	0	0	0	0	0	0	0	0
conventional	ce500	187	0.674611	19.470074	1	14	7	2.987237	2.113827	8.129836	6.239174	0.352354	0
conventional	ce501	187	0.525405	22.573731	1	14	7	4.240644	1.817760	5.531936	10.983391	1.728779	0
conventional	ce502	187	0	28.702671	0	14	7	4.251396	2.921375	10.647845	10.882055	0.199294	0
conventional	ce503	187	0	27.120505	0	14	7	6.141511	3.864718	8.454817	8.659459	0	0
conventional	ce504	188	0.569887	19.125274	1	14	7	2.304926	2.209581	7.311831	7.298936	0.352354	0
conventional	ce505	188	0.674611	34.106132	1	14	7	11.250193	5.749023	12.221557	4.885359	0.725521	0
conventional	ce506	188	0.674611	24.274621	1	14	7	2.322112	1.971756	6.649423	13.331330	0.352354	0
holistic	he375	189	0	0	0	0	0	0	0	0	0	0	0
conventional	ce507	189	0	27.608982	0	14	7	4.938660	2.278192	7.303817	13.088313	0.144579	0
conventional	ce508	189	0	43.101102	0	14	7	11.423662	3.957214	21.068028	6.652198	0	0
conventional	ce509	190	0	38.533298	0	14	7	11.327633	2.537874	19.361747	5.306044	0	0
conventional	ce510	190	0	17.904232	0	14	7	4.739328	2.404962	6.943462	3.816480	0	0
conventional	ce511	190	0	22.992978	0	14	7	3.114101	3.782541	10.846810	5.249526	0	0
holistic	he376	191	0	0	0	0	0	0	0	0	0	0	0
holistic	he377	191	0	0	0	0	0	0	0	0	0	0	0
conventional	ce512	191	0	17.048772	0	14	7	0.981786	2.722494	8.586900	4.757592	0	0
conventional	ce513	191	0	24.772302	0	14	7	5.722768	3.890463	7.300351	7.858720	0	0
conventional	ce514	191	0.734765	28.761206	1	14	7	6.195442	3.218150	8.430307	10.917307	0	0
conventional	ce515	191	0	36.469497	0	14	7	5.219879	3.004642	16.220655	12.024321	0.665536	0
holistic	he378	192	0	0	0	0	0	0	0	0	0	0	0
conventional	ce516	192	1.280268	45.796929	1	14	7	7.257533	1.218745	18.766759	18.553892	0.906824	0
conventional	ce517	192	0	23.091933	0	14	7	2.490364	2.125789	8.407161	10.068619	0	0
conventional	ce518	192	0	30.818834	0	14	7	4.267538	3.917413	11.957740	10.676143	0.199294	0
holistic	he379	193	0	0	0	0	0	0	0	0	0	0	0
conventional	ce519	193	0	23.103442	0	14	7	3.549122	1.258213	8.370132	9.925975	0.028206	0
conventional	ce520	193	0	18.779636	0	14	7	4.321077	2.778736	5.887436	5.792387	0.231499	0
conventional	ce521	193	0	40.990778	0	14	7	11.201265	6.980627	16.369844	6.439042	0	0
conventional	ce522	193	0.168737	31.530615	1	14	7	5.971595	3.779919	12.822730	8.956371	0	0
holistic	he380	194	0	0	0	0	0	0	0	0	0	0	0
holistic	he381	194	0	0	0	0	0	0	0	0	0	0	0
conventional	ce523	194	0.797050	24.270725	1	14	7	2.301786	3.263474	8.540552	10.164913	0.234922	0
conventional	ce524	194	0	24.135431	0	14	7	2.130905	1.293581	9.278426	11.432519	0	0
conventional	ce525	194	0	23.717612	0	14	7	4.529092	4.373161	8.672867	6.142492	0.253975	0
holistic	he382	195	0	0	0	0	0	0	0	0	0	0	0
holistic	he383	195	0	0	0	0	0	0	0	0	0	0	0
holistic	he384	195	0	0	0	0	0	0	0	0	0	0	0
holistic	he385	195	0	0	0	0	0	0	0	0	0	0	0
holistic	he386	195	0	0	0	0	0	0	0	0	0	0	0
holistic	he387	195	0	0	0	0	0	0	0	0	0	0	0
conventional	ce526	195	0	30.642485	0	14	7	4.277517	2.876028	15.315134	8.173806	0.665536	0
conventional	ce527	195	0	18.650381	0	14	7	2.968618	1.185194	8.909394	5.587175	0	0
conventional	ce528	195	0.674611	11.702942	1	14	7	3.007008	0.900613	5.920196	1.875125	1.623729	0
holistic	he388	196	0	0	0	0	0	0	0	0	0	0	0
holistic	he389	196	0	0	0	0	0	0	0	0	0	0	0
holistic	he390	196	0	0	0	0	0	0	0	0	0	0	0
conventional	ce529	196	0.674611	44.246063	1	14	7	14.150248	3.651691	15.926081	10.518043	2.708962	0
holistic	he391	197	0	0	0	0	0	0	0	0	0	0	0
holistic	he392	197	0	0	0	0	0	0	0	0	0	0	0
holistic	he393	197	0	0	0	0	0	0	0	0	0	0	0
holistic	he394	197	0	0	0	0	0	0	0	0	0	0	0
holistic	he395	197	0	0	0	0	0	0	0	0	0	0	0
holistic	he396	197	0	0	0	0	0	0	0	0	0	0	0
holistic	he397	197	0	0	0	0	0	0	0	0	0	0	0
holistic	he398	197	0	0	0	0	0	0	0	0	0	0	0
conventional	ce530	197	0	14.064555	0	14	7	1.410059	0.889731	4.381641	7.383124	0.520905	0
conventional	ce531	197	0.401740	30.393652	1	14	7	7.785957	4.326238	8.054978	10.226479	0	0
conventional	ce532	197	0.674611	15.463083	1	14	7	1.995544	2.277920	5.240786	5.948833	0.234922	0
holistic	he399	198	0	0	0	0	0	0	0	0	0	0	0
holistic	he400	198	0	0	0	0	0	0	0	0	0	0	0
holistic	he401	198	0	0	0	0	0	0	0	0	0	0	0
holistic	he402	198	0	0	0	0	0	0	0	0	0	0	0
holistic	he403	198	0	0	0	0	0	0	0	0	0	0	0
holistic	he404	198	0	0	0	0	0	0	0	0	0	0	0
conventional	ce533	198	0.674611	19.574794	1	14	7	2.778740	2.737203	7.773630	6.285221	0.352354	0
conventional	ce534	198	0.100729	21.115020	1	14	7	4.318456	2.527097	5.659314	8.610153	0.641793	0
holistic	he405	199	0	0	0	0	0	0	0	0	0	0	0
conventional	ce535	199	0	20.105852	0	14	7	4.513953	3.555741	6.853027	5.183131	0.220955	0
conventional	ce536	199	0.573926	34.511936	1	14	7	9.971388	4.014928	9.371078	11.154542	0	0
conventional	ce537	199	0	17.541588	0	14	7	2.945923	2.595912	8.128353	3.871400	0.199294	0
conventional	ce538	199	0	26.271258	0	14	7	4.857914	3.324281	8.317473	9.771590	0.234922	0
conventional	ce539	199	1.440921	27.689844	1	14	7	5.247950	2.603372	11.155831	8.682691	0	0
holistic	he406	200	0	0	0	0	0	0	0	0	0	0	0
holistic	he407	200	0	0	0	0	0	0	0	0	0	0	0
holistic	he408	200	0	0	0	0	0	0	0	0	0	0	0
holistic	he409	200	0	0	0	0	0	0	0	0	0	0	0
conventional	ce540	200	0	18.061350	0	14	7	1.013686	1.208291	4.790456	11.048917	0	0
holistic	he410	201	0	0	0	0	0	0	0	0	0	0	0
holistic	he411	201	0	0	0	0	0	0	0	0	0	0	0
holistic	he412	202	0	0	0	0	0	0	0	0	0	0	0
holistic	he413	202	0	0	0	0	0	0	0	0	0	0	0
conventional	ce541	202	1.012325	39.877817	2	14	7	13.955405	4.185715	14.096045	7.640652	0.725521	0
holistic	he414	203	0	0	0	0	0	0	0	0	0	0	0
holistic	he415	203	0	0	0	0	0	0	0	0	0	0	0
holistic	he416	203	0	0	0	0	0	0	0	0	0	0	0
conventional	ce542	203	0.674611	16.929376	1	14	7	2.862090	1.276984	8.928899	3.861403	0.135432	0
holistic	he417	204	0	0	0	0	0	0	0	0	0	0	0
conventional	ce543	204	0.628457	24.939078	1	14	7	5.747024	3.060065	8.176689	7.955300	0	0
holistic	he418	205	0	0	0	0	0	0	0	0	0	0	0
holistic	he419	205	0	0	0	0	2	0	0	0	0	0	0
holistic	he420	205	0	0	0	0	0	0	0	0	0	0	0
conventional	ce544	205	0	39.006605	0	14	7	5.853578	4.094011	14.043856	15.015160	0.824570	0
conventional	ce545	205	0	22.054389	0	14	7	4.920908	3.187140	8.483329	5.463012	0.220955	0
holistic	he421	206	0	0	0	0	0	0	0	0	0	0	0
holistic	he422	206	0	0	0	0	0	0	0	0	0	0	0
holistic	he423	206	0	0	0	0	0	0	0	0	0	0	0
holistic	he424	206	0	0	0	0	0	0	0	0	0	0	0
conventional	ce546	206	0	25.818639	0	14	7	3.992177	2.421931	8.909747	10.494784	1.228857	0
conventional	ce547	206	0.270027	13.818276	1	14	7	2.661268	0.651424	4.600334	5.905250	0.395019	0
holistic	he425	207	0	0	0	0	0	0	0	0	0	0	0
conventional	ce548	207	0	38.163683	0	14	7	13.273132	0.897012	16.951139	7.042400	0	0
conventional	ce549	207	0	27.193813	0	14	7	5.073090	2.921375	9.256318	9.943030	0.331276	0
conventional	ce550	208	0.293919	22.816124	1	14	7	3.879607	2.148430	8.105450	8.682637	0	0
conventional	ce551	208	0	36.809321	0	14	7	6.847966	2.621941	14.785796	12.553618	0.332358	0
holistic	he426	209	0	0	0	0	2	0	0	0	0	0	0
holistic	he427	209	0	0	0	0	0	0	0	0	0	0	0
conventional	ce552	209	0	41.503400	0	14	7	12.669177	7.752582	15.371946	5.709695	0	0
conventional	ce553	209	0	27.194410	0	14	7	4.077544	1.783799	9.037633	12.295434	0	0
holistic	he428	210	0	0	0	0	0	0	0	0	0	0	0
holistic	he429	210	0	0	0	0	0	0	0	0	0	0	0
holistic	he430	210	0	0	0	0	0	0	0	0	0	0	0
conventional	ce554	210	0.177076	26.222138	1	14	7	2.490068	3.025775	14.625684	6.080611	0.834419	0
conventional	ce555	210	1.734250	21.865062	1	14	7	3.259219	2.458251	7.572341	8.575251	0.336226	0
holistic	he431	212	0	0	0	0	0	0	0	0	0	0	0
holistic	he432	212	0	0	0	0	0	0	0	0	0	0	0
conventional	ce556	212	1.380526	38.637251	1	14	7	6.052118	3.958434	17.009933	11.616766	0	0
conventional	ce557	212	0	29.759887	0	14	7	7.741453	4.636387	12.532458	4.849589	0	0
conventional	ce558	212	0.674611	47.734680	1	14	7	16.353178	7.588141	16.854885	6.938476	0.725521	0
holistic	he433	214	0	0	0	0	0	0	0	0	0	0	0
holistic	he434	214	0	0	0	0	0	0	0	0	0	0	0
holistic	he435	214	0	0	0	0	1	0	0	0	0	0	0
holistic	he436	214	0	0	0	0	0	0	0	0	0	0	0
conventional	ce559	214	0	16.725636	0	14	7	2.728610	1.257882	7.080763	5.658381	0	0
holistic	he437	216	0	0	0	0	0	0	0	0	0	0	0
holistic	he438	216	0	0	0	0	0	0	0	0	0	0	0
conventional	ce560	216	0	50.204545	0	14	7	18.517845	5.449402	19.231240	7.006058	0	0
holistic	he439	217	0	0	0	0	2	0	0	0	0	0	0
holistic	he440	217	0	0	0	0	0	0	0	0	0	0	0
conventional	ce561	217	0.573926	33.883647	1	14	7	8.834058	3.761043	8.620976	12.667570	0	0
holistic	he441	218	0	0	0	0	0	0	0	0	0	0	0
conventional	ce562	218	0	16.218051	0	14	7	2.167224	1.999786	8.161570	3.889471	0	0
conventional	ce563	218	0.674611	27.321267	1	14	7	7.860748	3.088437	10.870829	5.501253	0.017718	0
holistic	he442	219	0	0	0	0	0	0	0	0	0	0	0
conventional	ce564	219	0	17.147579	0	14	7	2.547056	1.031737	5.134397	8.434389	0.266014	0
conventional	ce565	219	0	27.359572	0	14	7	4.785913	1.790488	8.113585	12.669586	0	0
holistic	he443	220	0	0	0	0	0	0	0	0	0	0	0
holistic	he444	220	0	0	0	0	0	0	0	0	0	0	0
conventional	ce566	220	0	18.993563	0	14	7	0.767836	3.209032	8.630354	6.386341	2.039106	0
conventional	ce567	221	0	22.934047	0	14	7	2.177918	2.343459	8.636161	9.776509	0.061169	0
conventional	ce568	221	0	24.407993	0	14	7	4.873357	2.962678	7.847612	8.724346	0.448846	0
conventional	ce569	221	0	26.901164	0	14	7	4.195120	1.192271	6.751425	14.762348	0.070238	0
holistic	he445	222	0	0	0	0	0	0	0	0	0	0	0
holistic	he446	222	0	0	0	0	2	0	0	0	0	0	0
holistic	he447	222	0	0	0	0	0	0	0	0	0	0	0
conventional	ce570	222	0.613009	28.304638	1	14	7	3.923503	2.455964	9.952872	11.972299	0.234922	0
conventional	ce571	222	0	28.647777	0	14	7	6.344081	1.960468	14.609976	5.733252	0	0
conventional	ce572	222	0.674611	37.191054	1	14	7	9.903630	8.033693	13.651810	5.601921	0.362846	0
holistic	he448	223	0	0	0	0	0	0	0	0	0	0	0
conventional	ce573	223	0.734765	30.822461	1	14	7	6.415427	2.659643	8.651900	13.095491	0	0
conventional	ce574	223	0	27.406406	0	14	7	3.658424	3.416860	9.899762	10.431360	0.199294	0
conventional	ce575	223	1.440921	29.772788	1	14	7	5.615704	3.870678	11.060984	9.225422	0	0
conventional	ce576	225	0.847532	38.349219	1	14	7	12.143566	5.855166	14.460344	5.890143	0.725521	0
conventional	ce577	225	0	30.436698	0	14	7	6.401103	3.327384	10.769015	9.939196	0	0
holistic	he449	226	0	0	0	0	0	0	0	0	0	0	0
holistic	he450	226	0	0	0	0	0	0	0	0	0	0	0
conventional	ce578	226	0	38.724315	0	14	7	10.364551	7.354905	15.291297	5.713562	0	0
conventional	ce579	227	0	16.052535	0	14	7	3.135243	2.565721	5.174312	5.177259	0.585872	0
conventional	ce580	227	0.674611	16.875138	1	14	7	3.661781	1.070805	3.679210	8.463342	0.078840	0
holistic	he451	228	0	0	0	0	0	0	0	0	0	0	0
holistic	he452	228	0	0	0	0	0	0	0	0	0	0	0
holistic	he453	228	0	0	0	0	0	0	0	0	0	0	0
conventional	ce581	228	0.734765	36.035206	1	14	7	7.869839	3.495001	12.805660	11.864706	0	0
conventional	ce582	229	0	27.693351	0	14	7	4.702371	1.762042	7.898001	13.330937	1.165508	0
holistic	he454	230	0	0	0	0	0	0	0	0	0	0	0
holistic	he455	230	0	0	0	0	0	0	0	0	0	0	0
conventional	ce583	230	0	20.614843	0	14	7	2.429817	1.718964	6.872299	9.593763	0.457455	0
conventional	ce584	230	0	19.809080	0	14	7	3.115556	1.460493	6.614892	8.618139	0.448846	0
conventional	ce585	230	0	16.448164	0	14	7	2.274653	1.548173	5.698805	6.926533	0.266014	0
conventional	ce586	230	0.674611	41.001486	1	14	7	9.018598	7.168297	16.874281	7.940310	0.725521	0
holistic	he456	231	0	0	0	0	0	0	0	0	0	0	0
holistic	he457	231	0	0	0	0	0	0	0	0	0	0	0
conventional	ce587	231	0	33.817516	0	14	7	4.807355	3.834079	14.158261	11.017821	0.162757	0
conventional	ce588	231	0	20.515608	0	14	7	2.150983	1.967880	7.994493	8.402252	0.028206	0
holistic	he458	232	0	0	0	0	0	0	0	0	0	0	0
conventional	ce589	232	0	15.966375	0	14	7	0.472530	0.467152	6.504009	8.522684	0	0
conventional	ce590	232	0.171957	21.266276	1	14	7	5.455724	2.243272	7.100833	6.466447	0.171959	0
holistic	he459	234	0	0	0	0	0	0	0	0	0	0	0
conventional	ce591	234	0	18.257768	0	14	7	4.346286	4.652056	6.285527	2.973899	0.231499	0
conventional	ce592	234	0	20.097270	0	14	7	2.978067	2.724029	6.902986	7.492188	0.622365	0
conventional	ce593	234	0.674611	18.504014	1	14	7	3.728295	1.278130	5.424507	8.073082	0.234922	0
conventional	ce594	234	0	15.996418	0	14	7	1.562202	2.186559	9.725424	2.522233	0	0
holistic	he460	235	0	0	0	0	0	0	0	0	0	0	0
conventional	ce595	235	0.217665	29.275528	1	14	7	7.047442	2.847381	9.259723	10.120982	0.234922	0
conventional	ce596	235	0.613009	29.256333	1	14	7	5.092996	3.251959	10.419598	10.491780	0.119576	0
holistic	he461	236	0	0	0	0	6	0	0	0	0	0	0
conventional	ce597	236	0.171957	23.739330	1	14	7	6.264666	2.133890	7.584282	7.756492	0.234922	0
conventional	ce598	237	0	14.861520	0	14	7	1.680851	0.978695	4.585573	7.616401	0.266014	0
conventional	ce599	239	1.273887	40.177565	2	14	7	13.170022	4.372964	15.317780	7.316799	0.725521	0
conventional	ce600	239	0	18.549307	0	14	7	4.104431	1.927448	7.671622	4.845806	0.725521	0
conventional	ce601	240	0	27.606026	0	14	7	4.287296	2.009850	8.208904	13.099976	0.268121	0
conventional	ce602	241	0.674611	40.194340	1	14	7	12.446529	5.560693	16.023061	6.164057	0.925995	0
conventional	ce603	241	0	37.621617	0	14	7	12.972284	0.647079	16.667152	7.335102	0	0
conventional	ce604	243	0	23.069942	0	14	7	3.093563	2.470790	8.652512	8.853077	0.008584	0
conventional	ce605	243	0.674611	27.211518	1	14	7	6.160877	3.815460	13.883562	3.351619	1.898846	0
holistic	he462	245	0	0	0	0	0	0	0	0	0	0	0
holistic	he463	245	0	0	0	0	0	0	0	0	0	0	0
conventional	ce606	246	0	20.361749	0	14	7	2.971635	3.816349	4.607716	8.966049	0.622365	0
conventional	ce607	246	0	12.741724	0	14	7	1.425715	0.781277	3.035230	7.499502	0.266014	0
holistic	he464	247	0	0	0	0	0	0	0	0	0	0	0
conventional	ce608	247	0	19.824066	0	14	7	4.315861	3.052967	7.357363	5.097875	0.304206	0
conventional	ce609	247	0.933452	19.531675	1	14	7	1.280797	2.758921	11.199807	4.292150	0	0
conventional	ce610	247	0	36.612873	0	14	7	13.199454	1.058056	15.721259	6.634104	0	0
conventional	ce611	248	0	37.472550	0	14	7	10.398945	3.613865	10.105509	13.354231	0.025390	0
conventional	ce612	248	0	38.498193	0	14	7	9.912301	4.091286	20.077415	4.417191	0	0
conventional	ce613	248	0	18.928115	0	14	7	3.000845	0.351572	6.985410	8.590288	0.028206	0
holistic	he465	249	0	0	0	0	0	0	0	0	0	0	0
conventional	ce614	249	1.440921	24.559727	1	14	7	4.587504	2.425900	10.400154	7.146169	0	0
conventional	ce615	250	0.217665	37.658745	1	14	7	12.503847	6.645440	13.445049	5.064409	0.234922	0
conventional	ce616	250	0	16.218674	0	14	7	2.642486	3.834156	4.467253	5.274779	0.630474	0
conventional	ce617	250	0	22.420369	0	14	7	5.515226	2.383494	9.393356	5.128293	0.524347	0
conventional	ce618	250	0	23.438784	0	14	7	3.436426	1.691002	11.081163	7.230193	1.201800	0
holistic	he466	251	0	0	0	0	2	0	0	0	0	0	0
conventional	ce619	251	0.168737	32.699065	1	14	7	5.635732	3.873094	13.943140	9.247099	0	0
conventional	ce620	251	1.746734	23.685539	2	14	7	3.316828	1.421363	8.986497	9.960851	0.962888	0
conventional	ce621	251	1.440921	28.626600	1	14	7	6.234697	2.017358	12.297230	8.077315	0	0
conventional	ce622	251	0.217665	26.865660	1	14	7	6.520480	2.609454	7.227189	10.508537	0.234922	0
conventional	ce623	252	0	26.481358	0	14	7	4.708655	1.493388	9.837986	10.441329	1.165508	0
conventional	ce624	252	0.401740	28.383282	1	14	7	7.523294	4.061278	7.100095	9.698615	0	0
conventional	ce625	252	0.674611	34.186118	1	14	7	10.997547	6.417514	11.189239	5.581818	0.925995	0
holistic	he467	253	0	0	0	0	0	0	0	0	0	0	0
conventional	ce626	253	0	33.052269	0	14	7	6.180317	3.653917	18.992308	4.225727	1.898846	0
conventional	ce627	253	1.421339	25.245660	1	14	7	3.507317	1.185559	9.539780	11.013004	0.359459	0
conventional	ce628	253	0.573926	37.378725	1	14	7	11.906979	5.093975	11.020056	9.357715	0	0
conventional	ce629	253	1.380526	26.004517	1	14	7	6.974077	2.167697	8.357327	8.505416	0	0
holistic	he468	254	0	0	0	0	0	0	0	0	0	0	0
conventional	ce630	254	0	15.645724	0	14	7	1.505120	0.450535	5.068288	8.621781	0.266014	0
conventional	ce631	254	0.674611	12.050479	1	14	7	1.644813	0.342581	3.429502	6.633583	0.757405	0
holistic	he469	255	0	0	0	0	0	0	0	0	0	0	0
holistic	he470	255	0	0	0	0	0	0	0	0	0	0	0
holistic	he471	255	0	0	0	0	0	0	0	0	0	0	0
conventional	ce632	255	0	22.929091	0	14	7	2.391889	2.157623	12.018050	6.361529	1.201800	0
conventional	ce633	255	0	36.420817	0	14	7	12.629804	0.837102	15.177395	7.776516	0	0
conventional	ce634	255	0	15.432702	0	14	7	1.513919	1.416207	5.311735	7.190841	0.266014	0
holistic	he472	256	0	0	0	0	0	0	0	0	0	0	0
holistic	he473	256	0	0	0	0	0	0	0	0	0	0	0
holistic	he474	256	0	0	0	0	0	0	0	0	0	0	0
conventional	ce635	256	0.264412	34.014837	1	14	7	8.901699	4.924872	9.071621	11.116645	0	0
holistic	he475	257	0	0	0	0	0	0	0	0	0	0	0
holistic	he476	257	0	0	0	0	0	0	0	0	0	0	0.662830
holistic	he477	257	0	0	0	0	0	0	0	0	0	0	0
holistic	he478	257	0	0	0	0	0	0	0	0	0	0	0
holistic	he479	257	0	0	0	0	0	0	0	0	0	0	0
conventional	ce636	257	0.674611	36.872722	1	14	7	10.024952	4.645535	14.059635	8.142600	0.925995	0
holistic	he480	258	0	0	0	0	2	0	0	0	0	0.435904	0
holistic	he481	258	0	0	0	0	0	0	0	0	0	0	0
holistic	he482	258	0	0	0	0	0	0	0	0	0	0	0
conventional	ce637	258	0	43.115227	0	14	7	12.578426	1.218116	22.619616	6.699069	0	0
holistic	he483	259	0	0	0	0	0	0	0	0	0	0	0
holistic	he484	259	0	0	0	0	0	0	0	0	0	0	0
conventional	ce638	259	0.217665	33.689702	1	14	7	11.049262	4.803912	13.451949	4.384579	0.349521	0
conventional	ce639	259	0	23.139045	0	14	7	3.162788	1.956896	9.758200	8.261161	0	0
conventional	ce640	259	0	41.741528	0	14	7	13.932974	2.867992	16.848774	8.091788	0	0
conventional	ce641	259	0	27.541464	0	14	7	5.418678	2.256111	14.681571	5.185104	0	0
conventional	ce642	259	0	34.212951	0	14	7	12.747112	0.912244	14.839582	5.714013	0.622365	0
holistic	he485	260	0	0	0	0	0	0	0	0	0	0	0
holistic	he486	260	0	0	0	0	0	0	0	0	0	0	0
holistic	he487	260	0	0	0	0	0	0	0	0	0	0	0
holistic	he488	260	0	0	0	0	0	0	0	0	0	0	0
holistic	he489	260	0	0	0	0	0	0	0	0	0	0	0
conventional	ce643	260	1.046533	25.989199	1	14	7	5.512824	1.056365	13.715315	5.704695	0	0
conventional	ce644	260	0	18.138014	0	14	7	2.104019	0.843810	7.459600	7.730585	0.266014	0
holistic	he490	261	0	0	0	0	0	0	0	0	0	0	0
holistic	he491	261	0	0	0	0	0	0	0	0	0	0	0
holistic	he492	261	0	0	0	0	0	0	0	0	0	0	0
holistic	he493	261	0	0	0	0	0	0	0	0	0	0	0
holistic	he494	261	0	0	0	0	0	0	0	0	0	0	0
conventional	ce645	261	0.674611	27.934406	1	14	7	6.296560	1.737591	13.606200	6.294055	1.991102	0
conventional	ce646	261	1.380526	50.623845	1	14	7	10.640574	3.853741	24.972544	11.156986	0	0
conventional	ce647	261	0	28.179766	0	14	7	9.409865	3.466520	8.837399	6.465982	0.524347	0
holistic	he495	262	0	0	0	0	0	0	0	0	0	0	0
holistic	he496	262	0	0	0	0	0	0	0	0	0	0	0
holistic	he497	262	0	0	0	0	0	0	0	0	0	0	0
conventional	ce648	262	0	22.947729	0	14	7	2.694515	4.652829	5.519869	10.080516	0.622365	0
conventional	ce649	262	0	20.334862	0	14	7	0.686889	3.612669	9.281057	6.754247	2.395922	0
holistic	he498	263	0	0	0	0	0	0	0	0	0	0	0
holistic	he499	263	0	0	0	0	0	0	0	0	0	0	0
holistic	he500	263	0	0	0	0	0	0	0	0	0	0	0
conventional	ce650	263	0.513898	34.712451	1	14	7	5.486630	4.005609	15.776395	9.443817	0	0
conventional	ce651	263	0.401740	31.992389	1	14	7	11.014790	3.166406	8.295811	9.515382	1.890246	0
conventional	ce652	263	0	44.780244	0	14	7	15.209571	0.266344	19.742410	9.561919	0	0
holistic	he501	264	0	0	0	0	0	0	0	0	0	0	0
conventional	ce653	264	0	37.620529	0	14	7	13.089462	1.393910	16.844486	6.292671	0.622365	0
holistic	he502	265	0	0	0	0	2	0	0	0	0	0	0
holistic	he503	265	0	0	0	0	0	0	0	0	0	0	0
holistic	he504	265	0	0	0	0	2	0	0	0	0	0	0
holistic	he505	265	0	0	0	0	0	0	0	0	0	0	0
holistic	he506	266	0	0	0	0	0	0	0	0	0	0	0
holistic	he507	266	0	0	0	0	0	0	0	0	0	0	0
holistic	he508	266	0	0	0	0	2	0	0	0	0	0	0
holistic	he509	266	0	0	0	0	2	0	0	0	0	0	0
holistic	he510	266	0	0	0	0	0	0	0	0	0	0	0
holistic	he511	267	0	0	0	0	0	0	0	0	0	0	0
holistic	he512	267	0	0	0	0	0	0	0	0	0	0	0
conventional	ce654	267	1.487344	29.509464	1	14	7	5.943514	1.851852	13.221668	8.492430	0	0
conventional	ce655	267	0.674611	27.974671	1	14	7	7.608952	5.210828	10.062300	5.092591	1.898846	0
conventional	ce656	267	0	15.711192	0	14	7	0.950773	2.623059	3.012876	9.124484	0.622365	0
holistic	he513	268	0	0	0	0	0	0	0	0	0	0	1.096743
holistic	he514	268	0	0	0	0	0	0	0	0	0	0	0
conventional	ce657	268	0	42.542842	0	14	7	6.622004	4.025699	19.102092	12.793047	0	0
conventional	ce658	268	0.168737	24.250663	1	14	7	3.261962	3.373514	11.701137	5.914050	1.392192	0
holistic	he515	269	0	0	0	0	2	0	0	0	0	0	0
holistic	he516	269	0	0	0	0	0	0	0	0	0	0	0
holistic	he517	269	0	0	0	0	0	0	0	0	0	0	0
conventional	ce659	269	0	43.323678	0	14	7	17.715358	0.996613	17.468207	7.143500	0	0
conventional	ce660	269	0	32.209690	0	14	7	9.251661	1.656084	12.370340	8.931605	0	0
conventional	ce661	269	1.385087	18.983584	1	14	7	2.914768	1.340593	9.307061	5.421162	0	0
holistic	he518	270	0	0	0	0	0	0	0	0	0	0	0
conventional	ce662	270	2.189544	34.199617	2	14	7	3.667831	2.852297	13.910968	13.768521	0.962888	0
holistic	he519	271	0	0	0	0	0	0	0	0	0	0	0
holistic	he520	272	0	0	0	0	0	0	0	0	0	0	0
holistic	he521	272	0	0	0	0	0	0	0	0	0	0	0
conventional	ce663	272	0	13.708112	0	14	7	1.074851	1.140097	4.335681	7.157483	0.622957	0
conventional	ce664	272	0.168737	33.095821	1	14	7	5.633991	3.561622	14.428991	9.471217	0	0
conventional	ce665	272	0	23.235924	0	14	7	4.841984	2.456837	8.249691	7.687412	1.275969	0
conventional	ce666	272	0	22.589657	0	14	7	3.469547	1.664483	8.597432	8.858195	0.266014	0
holistic	he522	273	0	0	0	0	0	0	0	0	0	0	0
holistic	he523	273	0	0	0	0	0	0	0	0	0	0	0
conventional	ce667	273	0	15.438489	0	14	7	0.427449	0.927677	6.283271	7.800092	0.285859	0
holistic	he524	274	0	0	0	0	2	0	0	0	0	0	0
holistic	he525	274	0	0	0	0	0	0	0	0	0	0	0.523432
conventional	ce668	274	0.581669	27.466556	2	14	7	5.189362	3.250163	9.077866	9.949165	0.234922	0
conventional	ce669	274	0	16.272198	0	14	7	1.761631	0.536603	4.609810	9.364154	0.266014	0
conventional	ce670	274	0	29.459794	0	14	7	5.041633	3.915690	12.238512	8.263959	1.637189	0
holistic	he526	276	0	0	0	0	2	0	0	0	0	0	0
holistic	he527	276	0	0	0	0	2	0	0	0	0	0	0
holistic	he528	276	0	0	0	0	0	0	0	0	0	0	0
holistic	he529	277	0	0	0	0	0	0	0	0	0	0	0
holistic	he530	277	0	0	0	0	0	0	0	0	0	0	0
conventional	ce671	277	0	20.279971	0	14	7	2.227696	2.570993	9.284261	6.197021	0.622365	0
conventional	ce672	279	0	21.475885	0	14	7	2.677595	0.987467	6.799479	11.011344	0.295520	0
holistic	he531	280	0	0	0	0	2	0	0	0	0	0	0
conventional	ce673	280	0.674611	25.901789	1	14	7	7.149919	4.748270	5.151298	8.852302	1.453893	0
holistic	he532	281	0	0	0	0	0	0	0	0	0	0	0
conventional	ce674	281	0.674611	9.499565	1	14	7	1.449144	0.234536	4.340022	3.475863	1.190735	0
conventional	ce675	281	0.483089	26.668232	1	14	7	5.653546	5.592228	14.353935	1.068523	1.953852	0
conventional	ce676	281	0	42.521335	0	14	7	14.260424	0.644854	18.328864	9.287193	0.259992	0
holistic	he533	282	0	0	0	0	0	0	0	0	0	0	0
holistic	he534	282	0	0	0	0	0	0	0	0	0	0	0
holistic	he535	282	0	0	0	0	0	0	0	0	0	0	0
conventional	ce677	282	0	10.944627	0	14	7	1.256767	0.521521	2.601225	6.565114	0.266014	0
conventional	ce678	282	0	19.499900	0	14	7	1.140715	0.943280	7.113447	10.302458	0	0
conventional	ce679	282	0.168737	34.630818	1	14	7	5.426513	4.275135	16.186803	8.742367	0	0
holistic	he536	283	0	0	0	0	0	0	0	0	0	0	0
conventional	ce680	283	0	23.607082	0	14	7	3.244798	3.059329	7.869205	9.433750	1.165508	0
conventional	ce681	283	0.734765	34.658558	1	14	7	8.553059	4.544253	11.515964	10.045282	0	0
conventional	ce682	283	0	23.078705	0	14	7	2.433187	2.769748	9.037972	8.837798	0.042113	0
holistic	he537	284	0	0	0	0	0	0	0	0	0	0	0
conventional	ce683	284	1.214566	27.137786	1	14	7	6.332345	0.467129	14.139396	6.198916	0	0
conventional	ce684	284	0	15.752461	0	14	7	1.335340	3.216934	4.418632	6.781555	2.395922	0
holistic	he538	285	0	0	0	0	0	0	0	0	0	0	0
holistic	he539	285	0	0	0	0	0	0	0	0	0	0	0
conventional	ce685	285	0	21.235795	0	14	7	0.987887	3.457365	9.247196	7.543347	2.901935	0
conventional	ce686	285	0	17.814121	0	14	7	2.161162	4.075506	3.832398	7.745055	0.622365	0
holistic	he540	286	0	0	0	0	0	0	0	0	0	0	0
holistic	he541	286	0	0	0	0	0	0	0	0	0	0	0.539411
holistic	he542	286	0	0	0	0	0	0	0	0	0	0	0
conventional	ce687	286	0	42.353334	0	14	7	17.467441	1.346129	16.666734	6.873030	0	0
conventional	ce688	287	0.674611	39.921700	1	14	7	6.376130	7.422801	17.238500	8.884269	1.314325	0
holistic	he543	288	0	0	0	0	0	0	0	0	0	0	0
holistic	he544	288	0	0	0	0	0	0	0	0	0	0	0
conventional	ce689	288	0	19.883155	0	14	7	2.272404	0.744130	7.991417	8.875204	0.042334	0
conventional	ce690	288	0	49.104613	0	14	7	11.543745	8.353025	18.211472	10.996371	0.486223	0
conventional	ce691	289	0	20.273278	0	14	7	3.043792	3.814574	4.475825	8.939087	0.622365	0
holistic	he545	290	0	0	0	0	0	0	0	0	0	0	0
holistic	he546	290	0	0	0	0	0	0	0	0	0	0	0
holistic	he547	290	0	0	0	0	0	0	0	0	0	0	0
holistic	he548	290	0	0	0	0	0	0	0	0	0	0	0
conventional	ce692	290	0	37.137244	0	14	7	13.752783	0.952071	15.375511	7.056879	2.256106	0
conventional	ce693	292	0	28.792311	0	14	7	3.419237	2.736219	11.091841	11.545014	1.121089	0
holistic	he549	294	0	0	0	0	2	0	0	0	0	0	0
conventional	ce694	294	0	27.950898	0	14	7	3.255787	2.216969	9.235123	13.243019	0	0
conventional	ce695	294	1.746734	23.984828	2	14	7	3.091186	1.725697	9.265819	9.902126	0.637075	0
conventional	ce696	294	0	14.346046	0	14	7	1.900599	0.448886	4.218032	7.778529	0.266014	0
conventional	ce697	294	0.264412	39.013185	1	14	7	9.827710	4.954533	11.215373	13.015569	0	0
holistic	he550	295	0	0	0	0	0	0	0	0	0	0	0
conventional	ce698	295	0	20.269341	0	14	7	2.131080	2.827006	8.386873	6.924382	0	0
holistic	he551	296	0	0	0	0	0	0	0	0	0	0	0
conventional	ce699	296	0.217665	27.772450	1	14	7	7.114671	1.376906	16.408373	2.872500	0.234922	0
conventional	ce700	297	0	18.398905	0	14	7	4.454776	1.993472	6.922293	5.028364	0.725521	0
conventional	ce701	297	0.401740	33.961819	1	14	7	9.595525	5.025779	9.802745	9.537770	1.890246	0
conventional	ce702	297	1.487344	25.562458	1	14	7	6.024249	0.808942	17.040023	1.689244	0	0
conventional	ce703	299	0.168737	34.825327	1	14	7	5.837475	3.452285	15.350420	10.185147	0	0
conventional	ce704	299	0	29.149862	0	14	7	3.949230	2.582468	12.768919	9.849245	2.091042	0
conventional	ce705	299	0	32.163227	0	14	7	3.405674	3.323963	10.188535	15.245055	0.092848	0
conventional	ce706	299	0	9.145182	0	14	7	0.691459	0.540913	5.026670	2.886140	0.266014	0
holistic	he552	300	0	0	0	0	0	0	0	0	0	0	0
conventional	ce707	300	0	22.545894	0	14	7	3.095955	2.197045	8.642943	8.609951	1.165508	0
conventional	ce708	301	0	34.039054	0	14	7	7.749888	3.357596	15.329327	7.602243	1.190894	0
conventional	ce709	301	0.078140	39.143738	1	14	7	10.874188	5.276828	11.871574	11.121148	0	0
conventional	ce710	301	0.217665	34.525079	1	14	7	7.217412	3.778027	20.125647	3.403993	0.133110	0
conventional	ce711	301	0.483089	30.744097	1	14	7	7.745152	5.374771	14.603394	3.020780	1.953852	0
conventional	ce712	302	0	48.884481	0	14	7	18.108705	1.433543	19.522260	9.819973	0	0
conventional	ce713	303	0	23.318226	0	14	7	3.564572	4.157429	6.707740	8.888485	0.674086	0
conventional	ce714	303	0	20.371835	0	14	7	2.392733	0.936933	8.436580	8.605589	0.383656	0
conventional	ce715	303	0	16.653353	0	14	7	0.419969	1.169445	7.884938	7.179001	0	0
conventional	ce716	304	0	21.584915	0	14	7	3.305766	1.529254	7.996412	8.753483	0.042334	0
conventional	ce717	304	0	24.213568	0	14	7	7.716601	1.594342	9.353873	5.548752	0	0
holistic	he553	305	0	0	0	0	0	0	0	0	0	0	0
holistic	he554	305	0	0	0	0	2	0	0	0	0	0	0
conventional	ce718	305	0.264412	37.446888	1	14	7	9.471513	5.874591	9.147816	12.952968	0	0
conventional	ce719	306	0.217665	23.812561	1	14	7	7.379233	1.298102	13.641346	1.493880	0.295292	0
conventional	ce720	306	0	31.008959	0	14	7	12.775323	2.348548	12.138362	3.746726	0.156858	0
conventional	ce721	306	0	23.276017	0	14	7	3.225515	3.524302	11.129929	5.396271	1.201800	0
conventional	ce722	306	0	15.990395	0	14	7	2.266722	1.539880	7.172762	5.011031	1.201800	0
conventional	ce723	306	0	41.346494	0	14	7	17.564674	1.368954	17.222916	5.189950	0	0
conventional	ce724	307	0.168737	25.716215	1	14	7	6.085439	1.793265	6.878225	10.959286	0	0
conventional	ce725	307	0	42.652592	0	14	7	13.497530	1.234286	17.563207	10.357569	2.256106	0
conventional	ce726	307	0	36.765373	0	14	7	9.795488	2.393981	12.853763	11.722141	0	0
holistic	he555	308	0	0	0	0	0	0	0	0	0	0	0
conventional	ce727	308	1.214566	30.069201	1	14	7	5.220286	1.039472	17.049535	6.759908	0	0
conventional	ce728	308	0.401740	53.014934	1	14	7	16.038799	5.516339	13.563283	17.896513	1.890246	0
conventional	ce729	308	0	23.462452	0	14	7	1.420487	2.831505	12.087056	7.123404	2.946618	0
conventional	ce730	309	0	18.394727	0	14	7	1.415173	2.910069	8.988775	5.080710	2.654951	0
conventional	ce731	309	0.674611	24.660971	1	14	7	6.407356	4.724343	5.135357	8.393915	1.453893	0
conventional	ce732	309	0.401740	27.438391	1	14	7	6.432162	3.792201	8.370327	8.843701	0.207155	0
conventional	ce733	309	0	27.251990	0	14	7	4.356048	1.227518	11.969829	9.698595	1.165508	0
conventional	ce734	309	1.046533	22.038204	1	14	7	2.014150	0.044036	13.570560	6.409458	0	0
conventional	ce735	309	0	29.389370	0	14	7	5.702471	1.675673	11.653111	10.358115	1.165508	0
conventional	ce736	310	0.264412	36.969950	1	14	7	9.313109	4.858303	10.622699	12.175839	0	0
conventional	ce737	310	0.974358	24.864412	1	14	7	5.629151	1.056365	12.555697	5.623199	0	0
conventional	ce738	310	0	29.547486	0	14	7	3.669489	3.090268	8.866783	13.920946	0.285859	0
conventional	ce739	310	0	28.389296	0	14	7	6.828481	4.085773	7.877130	9.597912	0	0
holistic	he556	311	0	0	0	0	0	0	0	0	0	0	0
conventional	ce740	311	0	22.723558	0	14	7	2.182687	1.723380	8.152324	10.665167	0.750561	0
conventional	ce741	311	0	34.897777	0	14	7	5.322207	3.605636	10.374608	15.595326	0.092848	0
conventional	ce742	311	1.046533	27.780585	1	14	7	6.272722	2.556843	14.948524	4.002496	0	0
conventional	ce743	311	0	41.211055	0	14	7	17.585341	0.498964	17.577004	5.549746	0	0
conventional	ce744	311	1.214566	30.981859	1	14	7	4.295703	1.131802	16.939665	8.614689	0	0
conventional	ce745	311	0	17.739522	0	14	7	3.792515	0.192938	5.622927	8.131142	0.154535	0
conventional	ce746	311	0	25.450990	0	14	7	2.138165	0.302780	8.839293	14.170752	0.266014	0
conventional	ce747	311	0.674611	27.906639	1	14	7	7.388562	4.376491	4.128157	12.013429	0.660553	0
conventional	ce748	312	0	22.217575	0	14	7	1.911626	3.285131	11.220209	5.800609	2.928108	0
conventional	ce749	312	0	21.742748	0	14	7	2.791385	1.311019	8.486297	9.154047	1.312872	0
conventional	ce750	312	0	43.243864	0	14	7	19.169922	2.225174	15.441527	6.407241	0	0
conventional	ce751	312	0	19.711750	0	14	7	1.992933	0.745503	7.661154	9.312160	0.042334	0
holistic	he557	313	0	0	0	0	0	0	0	0	0	0	0
conventional	ce752	313	0	20.887946	0	14	7	0.625798	3.435139	10.022166	6.804843	2.395922	0
conventional	ce753	313	0	42.715117	0	14	7	20.358653	2.059279	13.323494	6.973691	3.065055	0
conventional	ce754	313	1.125414	27.342817	1	14	7	5.429994	0.924490	14.440628	6.547705	0	0
conventional	ce755	313	0	44.672949	0	14	7	19.894888	1.698248	14.154085	8.925728	0	0
conventional	ce756	313	0.806980	37.220292	1	14	7	15.299801	1.800676	13.707074	6.412741	0.285859	0
holistic	he558	314	0	0	0	0	0	0	0	0	0	0	0
conventional	ce757	314	0	17.298935	0	14	7	0.194684	0.796224	7.454281	8.853746	0.555315	0
conventional	ce758	314	1.346567	30.215385	1	14	7	6.698022	0.945015	13.458272	9.114076	0	0
conventional	ce759	314	0	11.177521	0	14	7	0.155174	1.479603	5.949694	3.593050	0	0
conventional	ce760	314	0.775273	32.101342	1	14	7	11.755690	3.728790	6.444293	10.172569	2.479167	0
conventional	ce761	314	0.674611	21.232378	1	14	7	3.573978	3.989302	5.849921	7.819177	1.453893	0
holistic	he559	315	0	0	0	0	0	0	0	0	0	0	1.094616
holistic	he560	315	0	0	0	0	0	0	0	0	0	0	0
holistic	he561	315	0	0	0	0	0	0	0	0	0	0	0
conventional	ce762	315	1.214566	39.535030	1	14	7	4.758647	2.333155	19.558714	12.884514	0.723416	0
conventional	ce763	315	0	15.535207	0	14	7	1.343576	3.259087	4.522775	6.409769	2.395922	0
conventional	ce764	315	0	33.447420	0	14	7	4.736669	4.153963	12.461383	12.095405	1.450454	0
conventional	ce765	315	0	17.423131	0	14	7	1.304633	3.139928	8.312800	4.665770	2.654951	0
conventional	ce766	315	0	41.366200	0	14	7	17.859674	0.870371	18.472893	4.163262	0	0
conventional	ce767	315	0	14.505415	0	14	7	0.257316	0.815873	6.948435	6.483791	2.471957	0
holistic	he562	316	0	0	0	0	0	0	0	0	0	0	0
holistic	he563	316	0	0	0	0	0	0	0	0	0	0	0
conventional	ce768	316	0	42.418060	0	14	7	18.410742	1.470263	17.216524	5.320531	1.060927	0
conventional	ce769	316	0.401740	32.813924	1	14	7	10.959358	5.117072	6.654462	10.083032	1.890246	0
conventional	ce770	316	0	20.797522	0	14	7	3.642625	1.404135	8.298621	7.452141	0.266014	0
conventional	ce771	316	0	21.721378	0	14	7	2.084191	0.796122	7.505672	11.335393	0.266014	0
conventional	ce772	316	0	21.715704	0	14	7	1.510637	0.959334	7.776180	11.469553	0	0
conventional	ce773	316	0	38.504967	0	14	7	10.330433	2.705919	12.792465	12.676150	1.521777	0
conventional	ce774	316	0	11.213838	0	14	7	0.937639	0.529827	3.338653	6.407719	0.266014	0
holistic	he564	317	0	0	0	0	0	0	0	0	0	0	0
holistic	he565	317	0	0	0	0	0	0	0	0	0	0	0
holistic	he566	317	0	0	0	0	0	0	0	0	0	0	0
conventional	ce775	317	0	51.065084	0	14	7	20.161443	3.463323	21.798515	5.641803	0	0
holistic	he567	318	0	0	0	0	0	0	0	0	0	0	0
holistic	he568	318	0	0	0	0	0	0	0	0	0	0	0
conventional	ce776	318	0	60.100385	0	14	7	22.541084	1.579765	25.188112	10.791424	0	0
holistic	he569	319	0	0	0	0	0	0	0	0	0	0	0
conventional	ce777	319	0	14.104483	0	14	7	1.880097	0.415542	5.356704	6.452140	2.471957	0
holistic	he570	320	0	0	0	0	0	0	0	0	0	0	0
holistic	he571	320	0	0	0	0	0	0	0	0	0	0	0
holistic	he572	320	0	0	0	0	0	0	0	0	0	0	0
holistic	he573	320	0	0	0	0	0	0	0	0	0	0	0
holistic	he574	320	0	0	0	0	0	0	0	0	0	0	0
conventional	ce778	320	0	31.279620	0	14	7	4.341359	2.546523	11.602899	12.788839	1.121089	0
conventional	ce779	320	0.217665	27.993490	1	14	7	5.933190	2.709539	16.831896	2.518865	0.234922	0
conventional	ce780	320	0	32.183920	0	14	7	5.214853	5.148505	15.736545	6.084017	1.392192	0
holistic	he575	321	0	0	0	0	0	0	0	0	0	0	0
holistic	he576	321	0	0	0	0	0	0	0	0	0	0	0
holistic	he577	321	0	0	0	0	0	0	0	0	0	0	0
holistic	he578	321	0	0	0	0	0	0	0	0	0	0	0
holistic	he579	321	0	0	0	0	0	0	0	0	0	0	0
holistic	he580	321	0	0	0	0	0	0	0	0	0	0	0
conventional	ce781	321	0	24.754986	0	14	7	1.646505	1.012583	7.430471	14.665427	0	0
conventional	ce782	321	0	22.545776	0	14	7	1.796594	2.946393	11.591360	6.211429	2.946618	0
conventional	ce783	321	0	35.546573	0	14	7	9.441659	4.705879	17.276061	4.122974	0	0
holistic	he581	322	0	0	0	0	0	0	0	0	0	0	0
holistic	he582	322	0	0	0	0	0	0	0	0	0	0	0.110930
holistic	he583	322	0	0	0	0	0	0	0	0	0	0	0
conventional	ce784	322	0	23.245993	0	14	7	2.275368	1.095536	11.031253	8.843836	0.266014	0
conventional	ce785	322	0	17.695816	0	14	7	2.208835	1.803731	4.968500	8.714750	0.285859	0
conventional	ce786	322	0	15.218510	0	14	7	0.680047	0.689742	6.027774	7.820947	0.266014	0
conventional	ce787	322	0	21.437708	0	14	7	2.742371	2.181130	8.151352	8.362855	1.165508	0
holistic	he584	323	0	0	0	0	0	0	0	0	0	0	0
holistic	he585	323	0	0	0	0	0	0	0	0	0	1.440695	0
holistic	he586	323	0	0	0	0	2	0	0	0	0	0	0
conventional	ce788	323	0	21.494767	0	14	7	0.497093	1.180308	12.078021	7.739345	0	0
holistic	he587	324	0	0	0	0	0	0	0	0	0	0	0
holistic	he588	325	0	0	0	0	0	0	0	0	0	0	0
holistic	he589	325	0	0	0	0	0	0	0	0	0	0	0
conventional	ce789	325	0	12.229786	0	14	7	0.972861	1.614951	5.021700	4.620274	2.395922	0
holistic	he590	326	0	0	0	0	0	0	0	0	0	0	0
holistic	he591	326	0	0	0	0	0	0	0	0	0	0	0
holistic	he592	326	0	0	0	0	0	0	0	0	0	0	0
holistic	he593	327	0	0	0	0	0	0	0	0	0	0	0
holistic	he594	327	0	0	0	0	0	0	0	0	0	0	0
holistic	he595	327	0	0	0	0	0	0	0	0	0	0	0
conventional	ce790	327	0.168737	29.039920	1	14	7	5.942066	1.954084	13.209634	7.934136	0	0
conventional	ce791	327	1.214566	37.161757	1	14	7	5.835052	2.851606	19.128963	9.346136	0	0
holistic	he596	328	0	0	0	0	0	0	0	0	0	0	0
conventional	ce792	328	0	30.381439	0	14	7	7.760146	2.127244	12.690572	7.803477	0	0
holistic	he597	329	0	0	0	0	0	0	0	0	0	0	0
holistic	he598	329	0	0	0	0	0	0	0	0	0	0	0
conventional	ce793	329	0	15.079881	0	14	7	0.749238	0.345051	5.652970	8.332622	0	0
conventional	ce794	329	0	33.217982	0	14	7	3.144191	2.538748	11.209539	16.325504	0.092848	0
holistic	he599	330	0	0	0	0	0	0	0	0	0	0	0
holistic	he600	330	0	0	0	0	0	0	0	0	0	0	0
conventional	ce795	330	0.323251	31.582968	1	14	7	4.146523	5.587665	11.473050	10.375730	0	0
holistic	he601	331	0	0	0	0	0	0	0	0	0	0	0
holistic	he602	331	0	0	0	0	0	0	0	0	0	0	0.440966
holistic	he603	332	0	0	0	0	0	0	0	0	0	0	0
conventional	ce796	332	0	28.228227	0	14	7	1.936133	5.166943	10.750536	10.374615	2.395922	0
conventional	ce797	332	0	41.491333	0	14	7	14.222580	2.504097	19.292748	5.471908	0	0
holistic	he604	333	0	0	0	0	0	0	0	0	0	0	0
conventional	ce798	333	0	42.761635	0	14	7	19.816580	2.046182	11.352672	9.546201	0.062392	0
conventional	ce799	333	0	17.621756	0	14	7	2.748215	0.550971	4.910518	9.412052	0.266014	0
holistic	he605	334	0	0	0	0	0	0	0	0	0	0	0
holistic	he606	334	0	0	0	0	0	0	0	0	0	0	0
holistic	he607	334	0	0	0	0	0	0	0	0	0	0	0
conventional	ce800	334	0	24.673025	0	14	7	4.793056	1.232995	9.858365	8.788609	0.266014	0
holistic	he608	335	0	0	0	0	2	0	0	0	0	0	0
holistic	he609	336	0	0	0	0	2	0	0	0	0	0	0
holistic	he610	336	0	0	0	0	4	0	0	0	0	0	0
holistic	he611	336	0	0	0	0	0	0	0	0	0	0	0
holistic	he612	336	0	0	0	0	0	0	0	0	0	0	0
conventional	ce801	336	0	16.182021	0	14	7	2.634645	2.271818	5.457301	5.818257	1.165508	0
conventional	ce802	336	0	20.199672	0	14	7	1.038200	1.150823	8.885012	9.125637	0	0
holistic	he613	337	0	0	0	0	2	0	0	0	0	0	0
holistic	he614	337	0	0	0	0	3	0	0	0	0	0	0
holistic	he615	337	0	0	0	0	2	0	0	0	0	0	0
conventional	ce803	339	0	30.087895	0	14	7	2.237322	2.713034	14.405125	10.732414	2.946618	0
conventional	ce804	339	0	40.725122	0	14	7	14.556954	1.979670	17.772384	6.416114	0	0
holistic	he616	340	0	0	0	0	0	0	0	0	0	0	0
conventional	ce805	340	0	38.836011	0	14	7	1.014099	6.978649	13.432498	17.410765	0	0
holistic	he617	341	0	0	0	0	0	0	0	0	0	0	0
conventional	ce806	341	0	20.575077	0	14	7	3.055606	0.102230	8.094145	9.323096	0.266014	0
conventional	ce807	341	0.483716	29.931754	1	14	7	6.833074	3.881482	16.821320	2.395878	0.452947	0
conventional	ce808	341	0	32.654951	0	14	7	3.240436	6.371096	11.756793	11.286626	2.381418	0
holistic	he618	342	0	0	0	0	0	0	0	0	0	0	0
holistic	he619	342	0	0	0	0	0	0	0	0	0	0	0
conventional	ce809	342	0	8.767584	0	14	7	0.918398	1.107500	3.606456	3.135230	2.511999	0
conventional	ce810	342	0	19.996189	0	14	7	4.394103	0.349111	8.927457	6.325518	0.266014	0
holistic	he620	343	0	0	0	0	0	0	0	0	0	0	0
holistic	he621	344	0	0	0	0	0	0	0	0	0	0	0
conventional	ce811	344	0	19.528669	0	14	7	1.333365	1.510158	10.313974	6.371172	2.350104	0
conventional	ce812	344	0	18.926017	0	14	7	1.277381	2.084988	5.953225	9.610423	0.605374	0
conventional	ce813	344	0.276221	17.446033	1	14	7	1.385214	4.461706	4.549928	7.049185	2.045341	0
holistic	he622	345	0	0	0	0	2	0	0	0	0	0	0
holistic	he623	345	0	0	0	0	0	0	0	0	0	0	0
conventional	ce814	345	0	13.961372	0	14	7	2.595078	1.645307	5.845153	3.875834	0.285859	0
conventional	ce815	345	0	21.821845	0	14	7	1.864638	1.134296	7.806073	11.016838	0	0
conventional	ce816	345	0	17.129060	0	14	7	1.099112	2.623249	7.649048	5.757651	2.616222	0
holistic	he624	346	0	0	0	0	0	0	0	0	0	0	0.105632
conventional	ce817	346	0.217665	28.152439	1	14	7	7.918491	1.319084	15.921740	2.993124	0.234922	0
conventional	ce818	346	0	33.080432	0	14	7	3.677379	1.910927	13.438546	14.053580	0.266014	0
conventional	ce819	347	0.264412	37.645012	1	14	7	10.012443	4.503264	10.782585	12.346720	0	0
holistic	he625	348	0	0	0	0	0	0	0	0	0	0	0
holistic	he626	348	0	0	0	0	0	0	0	0	0	0	0
conventional	ce820	348	0	11.535254	0	14	7	1.011781	1.578171	5.528225	3.417077	0	0
conventional	ce821	349	0	23.742731	0	14	7	2.349401	2.289780	10.204651	8.898899	1.165508	0
holistic	he627	350	0	0	0	0	0	0	0	0	0	0	0
holistic	he628	350	0	0	0	0	0	0	0	0	0	0	0
holistic	he629	350	0	0	0	0	0	0	0	0	0	0	0
holistic	he630	350	0	0	0	0	2	0	0	0	0	0	0
conventional	ce822	350	0.838503	27.087271	1	14	7	6.168971	0.323537	15.721362	4.873401	0	0
conventional	ce823	350	0	43.474594	0	14	7	6.598087	3.557807	20.162553	13.156147	2.395922	0
conventional	ce824	350	0	21.471025	0	14	7	0.629583	3.746325	10.073523	7.021594	1.636260	0
conventional	ce825	351	0	12.418076	0	14	7	0.721783	0.274053	6.578471	4.843769	1.165508	0
holistic	he631	352	0	0	0	0	2	0	0	0	0	0	0
conventional	ce826	352	0.549160	38.875674	1	14	7	11.761410	3.736401	11.493119	11.884744	0.060248	0
holistic	he632	354	0	0	0	0	0	0	0	0	0	0	0
holistic	he633	354	0	0	0	0	0	0	0	0	0	0	0
holistic	he634	354	0	0	0	0	0	0	0	0	0	0	0
conventional	ce827	354	0	20.934162	0	14	7	3.648236	1.481503	8.576558	7.227865	1.459088	0
conventional	ce828	354	0.674611	29.140174	1	14	7	3.615536	3.380973	8.585049	13.558616	0.819655	0
conventional	ce829	354	0	23.330505	0	14	7	1.104338	3.453476	7.459531	11.313160	0	0
holistic	he635	355	0	0	0	0	0	0	0	0	0	0	0
conventional	ce830	355	0	21.951750	0	14	7	1.372248	1.744486	8.657858	10.177158	0	0
holistic	he636	356	0	0	0	0	0	0	0	0	0	0	0
conventional	ce831	356	0	39.215269	0	14	7	7.959908	4.900200	13.853689	12.501472	0	0
conventional	ce832	357	0	28.049521	0	14	7	3.951960	4.863223	14.927021	4.307317	1.392192	0
holistic	he637	358	0	0	0	0	0	0	0	0	0	0	0
holistic	he638	359	0	0	0	0	0	0	0	0	0	0	0
conventional	ce833	359	0	15.760412	0	14	7	1.954582	0.444268	6.263751	7.097811	1.303904	0
holistic	he639	360	0	0	0	0	0	0	0	0	0	0	1.755148
holistic	he640	360	0	0	0	0	0	0	0	0	0	0	0
conventional	ce834	360	1.285936	27.455549	1	14	7	3.999451	2.671550	7.750172	13.034376	0	0
conventional	ce835	360	0	43.761801	0	14	7	17.120937	1.971161	15.889665	8.780038	0	0
conventional	ce836	361	0	19.408810	0	14	7	1.031786	1.070152	8.052651	9.254221	0	0
conventional	ce837	362	1.214566	29.550302	1	14	7	4.880180	0.354025	17.527546	6.788551	0	0
conventional	ce838	363	0	34.006666	0	14	7	5.236239	6.374432	16.634790	5.761205	1.392192	0
holistic	he641	364	0	0	0	0	0	0	0	0	0	0	0
conventional	ce839	364	0	44.097774	0	14	7	16.538647	2.501855	16.717745	8.339527	0	0
conventional	ce840	364	0	34.022121	0	14	7	2.764622	3.550324	12.195741	15.511434	0.092848	0
holistic	he642	365	0	0	0	0	0	0	0	0	0	0	0
conventional	ce841	366	0.217665	29.396016	1	14	7	7.769890	2.463032	16.220250	2.942844	0.234922	0
conventional	ce842	367	0	27.222280	0	14	7	2.780537	3.355581	5.453949	15.632213	2.623455	0
conventional	ce843	367	0.217665	31.476954	1	14	7	3.682635	2.182381	19.920670	5.691268	0.062541	0
holistic	he643	368	0	0	0	0	2	0	0	0	0	0	0
holistic	he644	368	0	0	0	0	0	0	0	0	0	0	0
conventional	ce844	368	0	27.576503	0	14	7	2.315780	1.746286	11.383705	12.130732	2.802425	0
conventional	ce845	368	0	35.645237	0	14	7	6.941787	6.313921	16.482681	5.906848	1.392192	0
conventional	ce846	368	0	20.875038	0	14	7	0.590942	3.761656	10.229070	6.293370	3.147080	0
holistic	he645	369	0	0	0	0	0	0	0	0	0	0	0
conventional	ce847	369	0	33.351905	0	14	7	4.023963	1.574523	14.169657	13.583762	0.276779	0
conventional	ce848	369	0.549160	37.431496	1	14	7	11.461069	2.549766	11.535917	11.884744	0.199835	0
conventional	ce849	370	0	29.137993	0	14	7	0.968139	3.453155	14.941050	9.775649	0	0
conventional	ce850	370	0	30.115713	0	14	7	3.120078	4.608955	11.836220	10.550460	1.450454	0
conventional	ce851	371	0	51.575333	0	14	7	11.329028	7.212075	21.666850	11.367380	1.404477	0
conventional	ce852	371	0	31.308617	0	14	7	1.290800	2.622143	14.942552	12.453122	0	0
conventional	ce853	371	0	31.903920	0	14	7	5.087155	5.693741	15.208757	5.914267	1.736250	0
conventional	ce854	371	0	15.365070	0	14	7	1.407026	0.281933	5.973501	7.702610	2.466813	0
conventional	ce855	372	0	28.622888	0	14	7	2.577924	1.539494	11.313437	13.192033	0	0
conventional	ce856	372	0.217665	29.219861	1	14	7	6.928279	2.743826	16.005558	3.542198	0.234922	0
conventional	ce857	372	0	17.370627	0	14	7	0.341256	2.038202	7.353561	7.637608	0.555315	0
conventional	ce858	373	0.838503	29.971291	1	14	7	6.651155	3.087882	14.671871	5.560383	0	0
conventional	ce859	373	0	20.823738	0	14	7	1.935820	1.967239	7.187549	9.733130	0	0
conventional	ce860	373	0	19.621790	0	14	7	0.673300	3.866980	8.166201	6.915309	1.636260	0
conventional	ce861	373	0	16.321392	0	14	7	0.678971	0.933935	5.408172	9.300314	0	0
holistic	he646	374	0	0	0	0	0	0	0	0	0	0	0
conventional	ce862	374	0	39.566686	0	14	7	4.758853	1.938540	17.495582	15.373711	0	0
conventional	ce863	374	0	15.519798	0	14	7	1.359105	3.181234	4.679154	6.300305	1.313775	0
holistic	he647	375	0	0	0	0	0	0	0	0	0	0	0
holistic	he648	375	0	0	0	0	0	0	0	0	0	0	0
holistic	he649	375	0	0	0	0	0	0	0	0	0	0	0
conventional	ce864	375	0	18.066959	0	14	7	1.616562	0.307109	6.806946	9.336342	2.466813	0
conventional	ce865	375	0	14.289185	0	14	7	1.130919	1.010322	5.287615	6.860329	0.266014	0
conventional	ce866	375	0	21.196258	0	14	7	1.582678	1.276466	7.447480	10.889634	0	0
conventional	ce867	375	0.181662	33.786147	1	14	7	6.471236	2.923930	14.578722	9.812259	0	0
holistic	he650	376	0	0	0	0	0	0	0	0	0	0	0
holistic	he651	376	0	0	0	0	0	0	0	0	0	0	0
conventional	ce868	376	0	20.867072	0	14	7	2.762350	5.204391	6.549632	6.350699	3.427684	0
conventional	ce869	376	0	23.989740	0	14	7	0.403519	3.095273	12.711910	7.779038	1.636260	0
conventional	ce870	376	0	25.449140	0	14	7	3.775071	5.706795	13.454893	2.512381	2.987428	0
conventional	ce871	377	0	15.795068	0	14	7	1.536743	3.387950	4.112042	6.758333	1.313775	0
conventional	ce872	377	0	16.980890	0	14	7	1.492803	1.659828	8.143142	5.685117	0.266014	0
holistic	he652	378	0	0	0	0	0	0	0	0	0	0	0
holistic	he653	378	0	0	0	0	0	0	0	0	0	0	0
conventional	ce873	378	0	15.004111	0	14	7	1.996078	0.622383	3.793692	8.591958	2.403936	0
conventional	ce874	378	0	40.477230	0	14	7	4.917047	1.713083	17.803912	16.043188	0	0
conventional	ce875	378	0	51.357588	0	14	7	11.278014	7.571094	20.476007	12.032473	1.404477	0
holistic	he654	379	0	0	0	0	0	0	0	0	0	0	0
holistic	he655	379	0	0	0	0	0	0	0	0	0	0	0
holistic	he656	379	0	0	0	0	0	0	0	0	0	0	0
conventional	ce876	379	0	35.711325	0	14	7	8.587528	2.340756	20.261968	4.521073	0	0
conventional	ce877	379	0	21.796397	0	14	7	0.930769	3.372611	9.322040	8.170977	0	0
conventional	ce878	379	0	41.110506	0	14	7	5.637205	2.196637	20.444403	12.832261	0	0
conventional	ce879	379	0.210661	50.012176	1	14	7	9.504026	5.812172	18.805931	15.890047	0.234922	0
holistic	he657	380	0	0	0	0	0	0	0	0	0	0	0
holistic	he658	380	0	0	0	0	0	0	0	0	0	0	0
conventional	ce880	380	0	13.385948	0	14	7	1.447530	2.520175	5.232359	4.185884	2.395922	0
conventional	ce881	380	0	25.633417	0	14	7	4.467130	6.928065	10.484704	3.753518	1.736250	0
conventional	ce882	380	0	44.998585	0	14	7	11.804412	3.631567	14.924122	14.638484	3.018177	0
holistic	he659	381	0	0	0	0	0	0	0	0	0	0	0
holistic	he660	381	0	0	0	0	0	0	0	0	0	0	0
holistic	he661	381	0	0	0	0	0	0	0	0	0	0	0.105632
holistic	he662	381	0	0	0	0	0	0	0	0	0	0	0
holistic	he663	381	0	0	0	0	2	0	0	0	0	0	1.052422
conventional	ce883	381	0	33.832720	0	14	7	3.358189	1.697863	13.548375	15.228293	0.266014	0
conventional	ce884	381	0	11.013542	0	14	7	1.211418	1.298994	4.266089	4.237041	2.395922	0
holistic	he664	382	0	0	0	0	0	0	0	0	0	0	0
holistic	he665	382	0	0	0	0	0	0	0	0	0	0	0
holistic	he666	382	0	0	0	0	2	0	0	0	0	0	0
conventional	ce885	382	0.549160	42.363969	1	14	7	12.467608	4.474990	12.550830	12.870541	0.060248	0
conventional	ce886	382	0	11.835942	0	14	7	0.906035	0.572847	4.366843	5.990217	2.395922	0
conventional	ce887	382	0	21.356928	0	14	7	0.780883	3.855168	8.826055	7.894822	1.349644	0
conventional	ce888	382	0.838503	27.893592	1	14	7	4.947167	5.260530	12.683999	5.001896	0.755900	0
conventional	ce889	382	0	17.785966	0	14	7	0.071496	2.069713	8.176848	7.467909	0.397689	0
conventional	ce890	382	0	32.484668	0	14	7	4.865407	5.789728	16.036538	5.792995	1.129885	0
holistic	he667	383	0	0	0	0	0	0	0	0	0	0	0
holistic	he668	383	0	0	0	0	0	0	0	0	0	0	0
conventional	ce891	384	0	50.157471	0	14	7	10.280296	8.047044	20.749082	11.081049	1.404477	0
holistic	he669	385	0	0	0	0	2	0	0	0	0	0	0
holistic	he670	385	0	0	0	0	0	0	0	0	0	0	0
holistic	he671	385	0	0	0	0	0	0	0	0	0	0	0
holistic	he672	385	0	0	0	0	0	0	0	0	0	0	0
holistic	he673	385	0	0	0	0	0	0	0	0	0	0	0
conventional	ce892	385	0	20.245598	0	14	7	0.349235	2.532295	7.661047	9.703021	0.335476	0
holistic	he674	386	0	0	0	0	0	0	0	0	0	0	0
holistic	he675	386	0	0	0	0	0	0	0	0	0	0	0
holistic	he676	386	0	0	0	0	0	0	0	0	0	0	0
holistic	he677	386	0	0	0	0	0	0	0	0	0	0	0
conventional	ce893	386	0	15.805267	0	14	7	1.690431	0.620386	6.080251	7.414199	0.266014	0
holistic	he678	387	0	0	0	0	0	0	0	0	0	0	0
holistic	he679	387	0	0	0	0	0	0	0	0	0	0	0
holistic	he680	387	0	0	0	0	0	0	0	0	0	0	0.105632
conventional	ce894	387	0	22.437998	0	14	7	3.155099	0.589670	10.570315	8.122914	2.884820	0
conventional	ce895	387	0	32.402306	0	14	7	12.184756	1.757540	10.525164	7.934846	0	0
holistic	he681	388	0	0	0	0	0	0	0	0	0	0	0
holistic	he682	388	0	0	0	0	0	0	0	0	0	0	0
holistic	he683	389	0	0	0	0	0	0	0	0	0	0	0
holistic	he684	389	0	0	0	0	2	0	0	0	0	0	0
holistic	he685	389	0	0	0	0	2	0	0	0	0	0	0
holistic	he686	389	0	0	0	0	0	0	0	0	0	0	0
conventional	ce896	389	0	23.610442	0	14	7	6.133827	2.477814	9.463599	5.535202	1.129885	0
conventional	ce897	389	0	14.801218	0	14	7	1.969341	2.553797	4.881977	5.396103	1.313775	0
holistic	he687	390	0	0	0	0	0	0	0	0	0	0	0
holistic	he688	390	0	0	0	0	0	0	0	0	0	0	0
conventional	ce898	390	0	43.803055	0	14	7	5.309444	3.411667	21.465130	13.616814	0	0
holistic	he689	391	0	0	0	0	2	0	0	0	0	0	0
holistic	he690	391	0	0	0	0	0	0	0	0	0	0	0
conventional	ce899	391	0	36.833146	0	14	7	5.250810	7.091602	16.405944	8.084790	0	0
holistic	he691	392	0	0	0	0	1	0	0	0	0	0	0
conventional	ce900	392	2.479445	43.793459	2	14	7	11.348138	2.407588	13.620933	16.416800	0.708792	0
conventional	ce901	392	0.217665	28.505749	1	14	7	5.846945	2.981679	15.179100	4.498025	0.234922	0
holistic	he692	393	0	0	0	0	0	0	0	0	0	0	0
holistic	he693	393	0	0	0	0	0	0	0	0	0	0	0
holistic	he694	393	0	0	0	0	0	0	0	0	0	0	0
conventional	ce902	393	0	50.085521	0	14	7	19.541286	3.591201	18.329652	8.623382	0	0
conventional	ce903	393	0.946999	30.582252	1	14	7	4.880154	2.196485	16.506003	6.999610	0	0
conventional	ce904	393	0.123982	32.412659	1	14	7	7.744110	3.271005	17.380941	4.016603	0.234922	0
holistic	he695	394	0	0	0	0	0	0	0	0	0	0	0
holistic	he696	394	0	0	0	0	1	0	0	0	0	0	0
conventional	ce905	394	0	26.170968	0	14	7	5.246263	4.869036	13.983582	2.072087	1.213149	0
conventional	ce906	394	0	28.184280	0	14	7	4.741443	2.739298	15.637242	5.066297	2.395922	0
conventional	ce907	394	0.549160	37.089286	1	14	7	11.652973	3.003074	11.092929	11.340310	0.060248	0
holistic	he697	395	0	0	0	0	0	0	0	0	0	0	0
holistic	he698	396	0	0	0	0	0	0	0	0	0	0	0
holistic	he699	396	0	0	0	0	1	0	0	0	0	0	0
holistic	he700	396	0	0	0	0	0	0	0	0	0	0	0
holistic	he701	396	0	0	0	0	0	0	0	0	0	0	0
holistic	he702	396	0	0	0	0	0	0	0	0	0	0	0
conventional	ce908	396	0.272588	40.063977	1	14	7	11.541362	2.247585	13.006834	13.268196	0.060248	0
conventional	ce909	396	0	9.795700	0	14	7	0.989722	1.800790	3.534110	3.471078	2.842403	0
holistic	he703	397	0	0	0	0	0	0	0	0	0	0	0
holistic	he704	397	0	0	0	0	0	0	0	0	0	0	0
holistic	he705	397	0	0	0	0	0	0	0	0	0	0	0
holistic	he706	398	0	0	0	0	0	0	0	0	0	0	0
holistic	he707	399	0	0	0	0	2	0	0	0	0	0	0
holistic	he708	400	0	0	0	0	0	0	0	0	0	0	0
holistic	he709	400	0	0	0	0	0	0	0	0	0	0	0.105632
holistic	he710	400	0	0	0	0	0	0	0	0	0	0	0
conventional	ce910	400	0	19.136815	0	14	7	0.331796	1.249228	10.003824	7.551967	0.160393	0
holistic	he711	401	0	0	0	0	0	0	0	0	0	0	0
holistic	he712	401	0	0	0	0	0	0	0	0	0	0	0
conventional	ce911	401	0	15.732235	0	14	7	0.144570	2.590386	5.177090	7.820189	0	0
conventional	ce912	401	0	59.157746	0	14	7	11.966625	9.323199	26.803308	11.064614	1.313775	0
conventional	ce913	401	0	32.857914	0	14	7	5.384798	5.731347	15.631508	6.110261	1.129885	0
conventional	ce914	401	0	29.210231	0	14	7	6.302229	3.273247	15.204340	4.430415	2.395922	0
holistic	he713	402	0	0	0	0	0	0	0	0	0	0	0
holistic	he714	402	0	0	0	0	0	0	0	0	0	0	0
holistic	he715	402	0	0	0	0	0	0	0	0	0	0	0
holistic	he716	403	0	0	0	0	0	0	0	0	0	0	0
holistic	he717	404	0	0	0	0	0	0	0	0	0	0	0.079158
holistic	he718	404	0	0	0	0	0	0	0	0	0	0	0
holistic	he719	404	0	0	0	0	0	0	0	0	0	0	0
holistic	he720	404	0	0	0	0	0	0	0	0	0	0	0
conventional	ce915	404	0	14.984700	0	14	7	1.111727	0.689813	6.451852	6.731308	0.952458	0
holistic	he721	405	0	0	0	0	0	0	0	0	0	0	0.211264
holistic	he722	405	0	0	0	0	0	0	0	0	0	0	0
holistic	he723	405	0	0	0	0	0	0	0	0	0	0	0
holistic	he724	405	0	0	0	0	0	0	0	0	0	0	0
conventional	ce916	405	0	19.416853	0	14	7	1.382862	1.039876	8.074601	8.919514	0	0
conventional	ce917	405	0	34.250744	0	14	7	4.392197	1.518650	15.202787	13.137110	0	0
conventional	ce918	405	0	25.768601	0	14	7	2.873466	1.892637	12.343062	8.659436	0.266014	0
holistic	he725	406	0	0	0	0	0	0	0	0	0	0	0
holistic	he726	406	0	0	0	0	0	0	0	0	0	0	0
holistic	he727	406	0	0	0	0	2	0	0	0	0	0	0
holistic	he728	406	0	0	0	0	0	0	0	0	0	0	0
holistic	he729	406	0	0	0	0	0	0	0	0	0	0	0
holistic	he730	406	0	0	0	0	0	0	0	0	0	0	0
conventional	ce919	406	0.838503	31.997311	1	14	7	7.526946	2.936271	15.164220	6.369874	0	0
conventional	ce920	407	0.706453	34.046703	1	14	7	8.164301	2.404413	20.435440	3.042549	0	0
conventional	ce921	407	0	31.832303	0	14	7	5.781077	4.672555	16.608870	4.769801	1.392192	0
holistic	he731	408	0	0	0	0	0	0	0	0	0	0	0
holistic	he732	408	0	0	0	0	0	0	0	0	0	0	0
holistic	he733	408	0	0	0	0	3	0	0	0	0	0	0
conventional	ce922	408	0	27.533336	0	14	7	1.968807	2.503762	11.021939	12.038828	0	0
conventional	ce923	408	0	30.553356	0	14	7	6.069075	3.622156	17.867368	2.994757	2.010994	0
conventional	ce924	408	0	23.971535	0	14	7	0.667601	2.919093	8.868168	11.516673	0.555315	0
holistic	he734	409	0	0	0	0	1	0	0	0	0	0	0
holistic	he735	409	0	0	0	0	0	0	0	0	0	0	0
holistic	he736	409	0	0	0	0	0	0	0	0	0	0	0
holistic	he737	409	0	0	0	0	0	0	0	0	0	0	0
conventional	ce925	409	0	42.214730	0	14	7	8.089946	6.772427	14.538301	12.814056	0	0
conventional	ce926	409	0	39.911665	0	14	7	4.997942	7.532763	20.381236	6.999724	0	0
holistic	he738	410	0	0	0	0	2	0	0	0	0	0	0
holistic	he739	410	0	0	0	0	0	0	0	0	0	0	0
holistic	he740	410	0	0	0	0	0	0	0	0	0	0	0
holistic	he741	410	0	0	0	0	0	0	0	0	0	0	0
conventional	ce927	410	0	30.542543	0	14	7	3.355153	5.106967	15.160398	6.920025	1.129885	0
conventional	ce928	410	0	21.123229	0	14	7	2.143523	1.906337	7.199655	9.873714	0	0
conventional	ce929	411	0.838503	33.699737	1	14	7	7.528198	2.827580	15.201222	8.142737	0.940607	0
holistic	he742	412	0	0	0	0	0	0	0	0	0	0	0.201672
holistic	he743	412	0	0	0	0	0	0	0	0	0	0	0
conventional	ce930	412	0	19.694501	0	14	7	0.888862	0.624592	10.817518	7.363529	0	0
conventional	ce931	412	0	49.752915	0	14	7	4.328126	3.638928	25.190263	16.595598	0	0
holistic	he744	413	0	0	0	0	1	0	0	0	0	0	0
holistic	he745	413	0	0	0	0	2	0	0	0	0	0	0
conventional	ce932	413	0.838503	36.255457	1	14	7	7.756846	2.448398	18.534922	7.515291	0.940607	0
conventional	ce933	413	0.838503	36.578504	1	14	7	4.273261	6.223050	15.809936	10.272257	0	0
conventional	ce934	413	0	23.214191	0	14	7	2.035784	0.979698	13.360099	6.838610	0.266014	0
holistic	he746	414	0	0	0	0	0	0	0	0	0	0	0
holistic	he747	414	0	0	0	0	0	0	0	0	0	0	0
holistic	he748	414	0	0	0	0	0	0	0	0	0	0	0
holistic	he749	414	0	0	0	0	0	0	0	0	0	0	0
conventional	ce935	414	0.210661	37.055368	1	14	7	6.857274	2.788079	17.756822	9.653193	0.234922	0
conventional	ce936	414	0	34.412763	0	14	7	6.249160	5.163382	15.790441	7.209780	1.551172	0
conventional	ce937	415	0	39.339554	0	14	7	4.943062	1.944438	17.345882	15.106172	0	0
holistic	he750	416	0	0	0	0	0	0	0	0	0	0	0
conventional	ce938	416	0	31.822032	0	14	7	6.083059	3.363243	16.126898	6.248832	1.392192	0
holistic	he751	417	0	0	0	0	0	0	0	0	0	0	0
holistic	he752	417	0	0	0	0	0	0	0	0	0	0	0
conventional	ce939	417	0	38.330584	0	14	7	4.427567	2.420122	15.765412	15.717483	0	0
holistic	he753	418	0	0	0	0	0	0	0	0	0	0	0
holistic	he754	418	0	0	0	0	0	0	0	0	0	0	0
conventional	ce940	418	0	53.076122	0	14	7	13.149950	8.937164	19.032758	11.956250	1.404477	0
conventional	ce941	418	0.277488	40.460015	1	14	7	7.905962	3.984722	17.610434	10.958897	0	0
holistic	he755	419	0	0	0	0	2	0	0	0	0	0	0
holistic	he756	420	0	0	0	0	0	0	0	0	0	0	0
conventional	ce942	420	0	15.338467	0	14	7	2.165595	1.691615	7.060744	4.420513	0.266014	0
holistic	he757	421	0	0	0	0	0	0	0	0	0	0	0
holistic	he758	421	0	0	0	0	0	0	0	0	0	0	0
conventional	ce943	421	0	49.427157	0	14	7	11.836984	6.035503	19.852425	11.702245	1.404477	0
conventional	ce944	423	0	36.506670	0	14	7	3.926823	2.312741	15.532842	14.734264	0.379979	0
conventional	ce945	423	0	14.991885	0	14	7	1.495285	0.887479	5.777449	6.831672	2.395922	0
holistic	he759	424	3.377376	4.488888	2	2	8	0	0	0	4.488888	0	0
holistic	he760	424	0	0	0	0	0	0	0	0	0	0	0
conventional	ce946	424	0.838503	30.886934	1	14	7	7.526036	2.015588	13.705521	7.639789	0.940607	0
holistic	he761	425	0	0	0	0	0	0	0	0	0	0	0
holistic	he762	425	0	0	0	0	0	0	0	0	0	0	0
conventional	ce947	426	0	20.019864	0	14	7	1.980970	2.085084	6.018668	9.935142	0	0
holistic	he763	428	0	0	0	0	0	0	0	0	0	0	0
holistic	he764	428	0	0	0	0	0	0	0	0	0	0	0
conventional	ce948	428	0.816889	37.841809	1	14	7	8.831223	9.997859	14.928252	4.084475	1.025165	0
conventional	ce949	428	0.202405	40.176179	1	14	7	12.113477	2.419292	13.937272	11.706138	0.199835	0
holistic	he765	429	0	0	0	0	0	0	0	0	0	0	0
conventional	ce950	429	0.137033	27.315588	1	14	7	3.318861	2.634626	14.462934	6.899167	0.234922	0
conventional	ce951	430	0	42.258285	0	14	7	5.797789	3.641069	19.220332	13.599095	0	0
holistic	he766	431	0	0	0	0	0	0	0	0	0	0	0
conventional	ce952	431	0.549160	37.100040	1	14	7	11.434448	2.902784	9.776148	12.986660	0.060248	0
conventional	ce953	431	0	45.255984	0	14	7	4.713138	1.897529	25.765625	12.879692	0	0
conventional	ce954	431	0	47.564752	0	14	7	4.137399	3.538613	23.139361	16.749379	0	0
conventional	ce955	431	0.802239	34.865396	1	14	7	6.194240	4.209220	18.235128	6.226808	0	0
conventional	ce956	432	0.999340	33.459647	1	14	7	9.607148	1.904208	15.250056	6.698235	0.940607	0
conventional	ce957	432	0	52.376137	0	14	7	14.309810	9.947292	15.249629	12.869406	2.858642	0
conventional	ce958	432	1.081778	19.739184	1	14	7	2.821341	1.908262	7.786235	7.223346	0.146847	0
conventional	ce959	432	0	32.676283	0	14	7	7.790544	5.434856	16.622977	2.827906	1.392192	0
holistic	he767	433	0	0	0	0	0	0	0	0	0	0	0
conventional	ce960	433	0.131498	50.331992	1	14	7	13.236524	8.937164	17.227914	10.930390	1.404477	0
conventional	ce961	433	0	34.237297	0	14	7	9.693746	1.172566	16.526271	6.844714	0.397689	0
conventional	ce962	433	0	51.857121	0	14	7	18.471248	3.659255	20.796196	8.930422	0	0
conventional	ce963	434	0	52.400422	0	14	7	19.375786	3.367379	21.475334	8.181923	0	0
conventional	ce964	434	0.222868	54.847596	1	14	7	10.530569	5.267845	20.782676	18.266506	0.466634	0
conventional	ce965	434	0	17.478228	0	14	7	1.449722	1.133194	6.083907	8.811405	0.266014	0
conventional	ce966	434	0	40.517607	0	14	7	5.979656	8.764332	20.515227	5.258392	0.458173	0
conventional	ce967	435	0.440681	41.487530	1	14	7	8.662145	4.036927	17.978077	10.810381	2.256391	0
conventional	ce968	435	0.217665	27.621222	1	14	7	5.846945	2.018979	15.560490	4.194808	0.391656	0
conventional	ce969	435	0	17.994282	0	14	7	1.531196	1.731542	4.719546	10.011998	0	0
conventional	ce970	435	0.202405	39.592868	1	14	7	11.844597	2.353119	13.623376	11.771776	0.389203	0
conventional	ce971	435	0	14.799756	0	14	7	1.421914	1.321502	4.973065	7.083275	2.395922	0
holistic	he768	436	0	0	0	0	0	0	0	0	0	0	0
holistic	he769	436	0	0	0	0	2	0	0	0	0	0	0
conventional	ce972	436	0	30.036086	0	14	7	5.282186	8.256357	13.556918	2.940625	1.681876	0
conventional	ce973	436	0	48.224252	0	14	7	13.235750	4.017629	18.121615	12.849258	1.404477	0
conventional	ce974	437	0	55.094571	0	14	7	14.826849	9.993860	16.756873	13.516989	2.858642	0
conventional	ce975	437	0	36.497241	0	14	7	4.417269	1.578200	13.990440	16.511332	0.266014	0
holistic	he770	438	0	0	0	0	0	0	0	0	0	0	0
conventional	ce976	438	0.202405	32.999225	1	14	7	11.882831	2.593910	9.698248	8.824236	0.432226	0
conventional	ce977	438	0	32.376267	0	14	7	4.060649	2.330077	14.120197	11.865344	0.014967	0
conventional	ce978	438	0	30.128738	0	14	7	6.210151	6.475466	15.477509	1.965612	0.977334	0
holistic	he771	439	0.153435	0.103545	1	1	6	0	0	0.103545	0	0	0
holistic	he772	439	0	0	0	0	0	0	0	0	0	0	0
holistic	he773	439	0	0	0	0	0	0	0	0	0	0	0
conventional	ce979	439	0	55.456390	0	14	7	14.481682	8.750523	18.682502	13.541683	1.404477	0
conventional	ce980	439	1.071969	45.391895	1	14	7	6.560480	5.871928	20.220548	12.738939	2.569595	0
conventional	ce981	439	0	25.808920	0	14	7	2.137799	2.207778	9.870853	11.592490	0.083147	0
conventional	ce982	440	0	30.959892	0	14	7	5.843344	3.279800	16.398544	5.438204	2.907106	0
conventional	ce983	440	0.272588	36.591032	1	14	7	3.064462	2.806606	15.510393	15.209571	0.060248	0
conventional	ce984	440	0	34.375274	0	14	7	6.707776	5.169186	17.066659	5.431653	1.213149	0
holistic	he774	441	0	0	0	0	0	0	0	0	0	0	0
conventional	ce985	441	0	40.633283	0	14	7	8.595170	3.410394	17.905299	10.722420	0	0
conventional	ce986	441	0	31.878272	0	14	7	5.252379	6.403754	14.240715	5.981424	1.929525	0
conventional	ce987	441	1.715648	36.717864	1	14	7	7.102426	7.206514	14.500229	7.908695	0.940607	0
holistic	he775	442	0	0	0	0	0	0	0	0	0	0	0
conventional	ce988	442	0	29.584584	0	14	7	6.651151	2.376775	13.687598	6.869060	0.940607	0
conventional	ce989	442	0	35.396333	0	14	7	4.404096	1.299011	15.273000	14.420226	0	0
conventional	ce990	442	0.082689	38.652076	1	14	7	11.471931	2.146402	13.100123	11.933620	0.389203	0
conventional	ce991	442	0	36.386790	0	14	7	7.679297	6.403953	16.565070	5.738470	1.129885	0
conventional	ce992	442	0.999340	44.001736	1	14	7	12.246481	4.673158	18.126704	8.955393	0.839173	0
conventional	ce993	442	0	49.401246	0	14	7	19.474900	3.309511	17.784049	8.832786	0	0
conventional	ce994	442	0.838503	39.331842	1	14	7	5.665294	2.734277	24.446118	6.486153	0.940607	0
holistic	he776	443	0	0	0	0	2	0	0	0	0	0	0
conventional	ce995	443	0.202405	48.927549	1	14	7	12.080436	5.027137	18.629507	13.190469	0.389203	0
conventional	ce996	443	0	54.415529	0	14	7	15.051593	5.461117	19.897089	14.005730	1.404477	0
conventional	ce997	443	0.999340	31.652218	1	14	7	6.646086	1.451364	17.895479	5.659289	1.247640	0
conventional	ce998	444	1.256130	45.413220	1	14	7	12.477924	3.228483	16.893339	12.813474	0.060248	0
holistic	he777	445	0	0	0	0	0	0	0	0	0	0	0
holistic	he778	445	0	0	0	0	0	0	0	0	0	0	0
holistic	he779	445	0	0	0	0	0	0	0	0	0	0	0
holistic	he780	445	0	0	0	0	2	0	0	0	0	0	0
conventional	ce999	445	0.184904	46.089350	1	14	7	11.415876	2.302160	20.480243	11.891071	0.389203	0
conventional	ce1000	445	0	14.353384	0	14	7	0.771002	1.301480	8.159382	4.121520	0.308967	0
holistic	he781	446	0	0	0	0	0	0	0	0	0	0	0
holistic	he782	446	0	0	0	0	0	0	0	0	0	0	0
holistic	he783	446	0	0	0	0	0	0	0	0	0	0	0
conventional	ce1001	446	0.362359	39.664146	1	14	7	10.692808	3.045089	12.437727	13.488522	0.765419	0
conventional	ce1002	446	0	13.802743	0	14	7	1.014435	0.982815	6.199090	5.606403	2.395922	0
holistic	he784	447	0	0	0	0	0	0	0	0	0	0	0
holistic	he785	447	0	0	0	0	0	0	0	0	0	0	0
holistic	he786	447	0	2.300076	0	2	2	0	0	0	2.300076	0	0
holistic	he787	447	0	0	0	0	0	0	0	0	0	0	0
conventional	ce1003	447	0	53.555881	0	14	7	19.541286	3.250577	20.940088	9.823930	0	0
holistic	he788	448	0	0	0	0	0	0	0	0	0	0	0
holistic	he789	448	0	0	0	0	2	0	0	0	0	0	0
conventional	ce1004	448	0.184904	48.453689	1	14	7	10.155796	2.753692	23.363543	12.180658	0.262030	0
holistic	he790	449	0	0	0	0	2	0	0	0	0	0	0
holistic	he791	449	0	0	0	0	0	0	0	0	0	0	0
conventional	ce1005	449	0.241082	36.834019	1	14	7	7.360347	3.138113	18.058231	8.277328	0.940607	0
conventional	ce1006	449	0.549160	54.846475	1	14	7	18.157586	4.547767	17.229217	14.911905	0.697212	0
holistic	he792	450	0	0	0	0	0	0	0	0	0	0	1.334494
holistic	he793	450	0	0	0	0	0	0	0	0	0	0	0
holistic	he794	450	0	0	0	0	2	0	0	0	0	0	0
holistic	he795	450	0	0	0	0	0	0	0	0	0	0	0
conventional	ce1007	450	0	28.411698	0	14	7	4.768981	6.266630	14.863364	2.512723	0.977334	0
conventional	ce1008	450	0	30.102025	0	14	7	5.515346	3.078279	14.844978	6.663422	1.392192	0
holistic	he796	451	0	0	0	0	0	0	0	0	0	0	0.211264
holistic	he797	451	0	0	0	0	0	0	0	0	0	0	0
holistic	he798	451	0	0	0	0	0	0	0	0	0	0	0
conventional	ce1009	451	0	52.198707	0	14	7	6.588399	3.390643	24.575832	17.643833	0	0
holistic	he799	452	0	0	0	0	2	0	0	0	0	0	0
holistic	he800	452	3.971668	0.308868	4	4	12	0	0	0.308868	0	0	0
conventional	ce1010	452	0	32.073972	0	14	7	8.058787	1.644115	15.334230	7.036840	0.940607	0
conventional	ce1011	452	0.999340	33.042737	1	14	7	9.353154	1.976599	14.818396	6.894588	1.190210	0
conventional	ce1012	452	0	31.003495	0	14	7	3.710054	2.000875	11.256512	14.036054	0.690695	0
holistic	he801	453	0	0	0	0	0	0	0	0	0	0	0
conventional	ce1013	453	0.357628	50.350278	1	14	7	18.097181	4.923489	15.654612	11.674996	0.697212	0
conventional	ce1014	453	0	35.318716	0	14	7	3.442738	3.169075	14.032465	14.674438	0	0
conventional	ce1015	453	0.362359	44.643893	1	14	7	12.790143	4.250030	13.292800	14.310920	0.765419	0
holistic	he802	454	0	0	0	0	0	0	0	0	0	0	0.225985
holistic	he803	454	0	0	0	0	0	0	0	0	0	0	0
holistic	he804	454	0	0	0	0	2	0	0	0	0	0	0
conventional	ce1016	454	0	59.692586	0	14	7	16.029106	9.761058	20.789920	13.112502	1.482887	0
conventional	ce1017	454	0	37.845438	0	14	7	7.025811	6.836831	17.517950	6.464846	1.290060	0
holistic	he805	455	0	0	0	0	0	0	0	0	0	0	0
conventional	ce1018	455	0.368717	62.129217	1	14	7	18.825408	4.969126	18.338120	19.996563	0.697212	0
holistic	he806	456	0	0	0	0	0	0	0	0	0	0	0
holistic	he807	456	0	0	0	0	2	0	0	0	0	0	0
holistic	he808	456	0	0	0	0	0	0	0	0	0	0	0
holistic	he809	456	0	0	0	0	0	0	0	0	0	0	0
conventional	ce1019	456	0	14.726110	0	14	7	2.180024	1.042220	5.071896	6.431970	0.940607	0
conventional	ce1020	456	0.061854	42.002220	1	14	7	15.649916	4.447232	11.076182	10.828890	2.046895	0
holistic	he810	457	0	0	0	0	0	0	0	0	0	0	0
holistic	he811	458	0	0	0	0	0	0	0	0	0	0	0
conventional	ce1021	458	0.270140	43.549680	1	14	7	12.590419	1.411786	16.974293	12.573182	0.905334	0
conventional	ce1022	458	0.184904	46.944491	1	14	7	11.835826	2.418829	23.130487	9.559349	0.262030	0
holistic	he812	459	0	0	0	0	2	0	0	0	0	0	0
holistic	he813	460	0	0	0	0	0	0	0	0	0	0	0
holistic	he814	460	0	0	0	0	2	0	0	0	0	0	0
holistic	he815	460	0	0	0	0	8	0	0	0	0	0	0
conventional	ce1023	461	0.270140	48.364186	1	14	7	12.722098	5.360630	17.885422	12.396036	0.656412	0
conventional	ce1024	461	0.838503	39.692720	1	14	7	6.313007	2.602182	19.776618	11.000913	0.753058	0
conventional	ce1025	462	0.645886	73.174509	1	14	7	19.963028	7.851965	20.351761	25.007755	0.947438	0
holistic	he816	463	0	0	0	0	0	0	0	0	0	0	0
holistic	he817	463	0	0	0	0	0	0	0	0	0	0	0
holistic	he818	464	0	0	0	0	0	0	0	0	0	0	0
conventional	ce1026	464	0	31.754573	0	14	7	2.283330	5.477058	15.810092	8.184093	1.392192	0
conventional	ce1027	464	0	38.860683	0	14	7	6.463064	6.895170	15.608586	9.893863	0.994443	0
holistic	he819	465	0	0	0	0	1	0	0	0	0	0	0
conventional	ce1028	465	0.838503	37.604133	1	14	7	8.710072	2.549173	17.181476	9.163412	0.940607	0
conventional	ce1029	465	0	53.664237	0	14	7	15.370347	5.212984	19.927521	13.153385	2.102605	0
holistic	he820	466	0	0	0	0	0	0	0	0	0	0	0
holistic	he821	466	0	0	0	0	2	0	0	0	0	0	0
holistic	he822	466	0	0	0	0	0	0	0	0	0	0	0
holistic	he823	466	0	0	0	0	0	0	0	0	0	0	0
conventional	ce1030	466	0	54.607232	0	14	7	15.250814	5.084691	27.144078	7.127649	1.404477	0
holistic	he824	468	0	0	0	0	0	0	0	0	0	0	0
holistic	he825	468	0	0	0	0	0	0	0	0	0	0	0
holistic	he826	468	0	0	0	0	0	0	0	0	0	0	0
holistic	he827	468	0	0	0	0	2	0	0	0	0	0	0
conventional	ce1031	468	0.248677	36.306119	1	14	7	14.636530	2.054362	14.057300	5.557927	0.389203	0
conventional	ce1032	468	0	38.121130	0	14	7	10.741190	1.567167	20.943561	4.869212	1.097751	0
holistic	he828	469	0	0	0	0	0	0	0	0	0	0	0
holistic	he829	469	0	0	0	0	0	0	0	0	0	0	0.225985
conventional	ce1033	469	0.999340	42.367771	1	14	7	6.893483	3.244982	19.607456	12.621850	0.940607	0
holistic	he830	470	0	0	0	0	0	0	0	0	0	0	0
holistic	he831	470	0	0	0	0	0	0	0	0	0	0	0
holistic	he832	470	0	0	0	0	0	0	0	0	0	0	0
conventional	ce1034	470	0	26.803631	0	14	7	1.406752	0.611147	14.623674	10.162058	0	0
conventional	ce1035	470	0.188296	44.389512	1	14	7	10.857316	3.317155	20.474186	9.740855	0.231566	0
conventional	ce1036	471	0	43.824339	0	14	7	12.752724	5.438113	14.985896	10.647606	1.404477	0
holistic	he833	472	0	2.300076	0	2	2	0	0	0	2.300076	0	0
holistic	he834	472	0	0	0	0	0	0	0	0	0	0	0
holistic	he835	472	0	0	0	0	0	0	0	0	0	0	0
holistic	he836	472	0	0	0	0	2	0	0	0	0	0	0
holistic	he837	472	0	0	0	0	0	0	0	0	0	0	0.225985
conventional	ce1037	472	0.202405	41.263563	1	14	7	8.268173	2.253521	20.052403	10.689466	0.389203	0
conventional	ce1038	472	0.866284	42.221359	1	14	7	12.123459	1.460705	13.373345	15.263850	0.060248	0
conventional	ce1039	472	0.999340	49.994334	1	14	7	12.093805	5.505148	18.135439	14.259942	0.940607	0
holistic	he838	473	0	0	0	0	2	0	0	0	0	0	0
holistic	he839	473	0	0	0	0	0	0	0	0	0	0	0
conventional	ce1040	473	0	57.482930	0	14	7	15.218157	10.159165	19.022010	13.083598	2.795979	0
holistic	he840	474	4.999962	8.157152	2	2	8	0	0	0	8.157152	0	0
holistic	he841	474	0	0	0	0	0	0	0	0	0	0	0
conventional	ce1041	474	0.368717	61.511413	1	14	7	17.497769	4.162151	20.690522	19.160971	0.100476	0
conventional	ce1042	474	0.184904	45.951757	1	14	7	8.145819	2.376346	21.497294	13.932298	0.131096	0
conventional	ce1043	474	0.981082	20.850436	1	14	7	1.990446	1.513281	6.294623	11.052086	2.694487	0
conventional	ce1044	475	0	50.821718	0	14	7	15.981878	8.808499	15.874487	10.156854	2.821573	0
conventional	ce1045	475	0.838503	47.896466	1	14	7	9.141801	3.404923	21.518916	13.830826	0.753058	0
holistic	he842	476	0	0	0	0	1	0	0	0	0	0	0
holistic	he843	476	0	0	0	0	1	0	0	0	0	0	0
conventional	ce1046	476	0	35.600692	0	14	7	2.180365	7.960184	18.289508	7.170635	0.014967	0
conventional	ce1047	476	0	50.843244	0	14	7	14.990922	8.074881	17.148472	10.628969	1.776865	0
holistic	he844	477	0	0	0	0	0	0	0	0	0	0	0
holistic	he845	477	0	0	0	0	0	0	0	0	0	0	0
conventional	ce1048	477	0	37.143094	0	14	7	6.909523	6.914788	16.774370	6.544413	1.290060	0
conventional	ce1049	477	0	52.524024	0	14	7	13.003778	9.231191	17.093727	13.195328	1.404477	0
holistic	he846	478	0	0	0	0	0	0	0	0	0	0	0
holistic	he847	478	0	0	0	0	0	0	0	0	0	0	0.225985
conventional	ce1050	478	0	35.285245	0	14	7	14.046931	2.890947	9.576357	8.771010	1.392192	0
conventional	ce1051	478	0.031334	30.950834	1	14	7	3.480485	3.082440	15.450105	8.937804	0.940607	0
conventional	ce1052	478	0.549160	34.105746	1	14	7	10.891809	2.048821	9.118687	12.046429	0.297713	0
conventional	ce1053	478	0.549160	52.051555	1	14	7	18.154900	4.662820	16.858035	12.375800	0.697212	0
conventional	ce1054	478	0.618038	45.205941	1	14	7	8.750030	1.338995	23.248219	11.868697	0.262030	0
holistic	he848	479	0	0	0	0	0	0	0	0	0	0	0
holistic	he849	479	0	0	0	0	0	0	0	0	0	0	0
conventional	ce1055	479	0.102410	49.176506	1	14	7	13.385797	9.949378	14.592889	11.248442	3.041877	0
conventional	ce1056	479	0.241082	41.728274	1	14	7	11.035580	3.132680	21.436862	6.123152	0.940607	0
conventional	ce1057	479	0.752687	40.042929	1	14	7	8.662816	3.115273	17.991210	10.273630	2.256391	0
holistic	he850	480	0	0	0	0	2	0	0	0	0	0	0
holistic	he851	480	0	0	0	0	2	0	0	0	0	0	0
holistic	he852	480	0	0	0	0	0	0	0	0	0	0	0
holistic	he853	480	0	0	0	0	2	0	0	0	0	0	0
holistic	he854	480	0	0	0	0	2	0	0	0	0	0	0
conventional	ce1058	480	0	37.187854	0	14	7	9.150717	6.685248	15.918668	5.433221	1.929525	0
conventional	ce1059	480	0.357628	53.779948	1	14	7	16.673172	4.304750	18.331508	14.470518	1.230332	0
conventional	ce1060	480	0.514132	51.989078	1	14	7	15.530070	3.269237	22.780441	10.409330	0.839173	0
conventional	ce1061	480	0.202405	35.913605	1	14	7	13.125784	3.246456	10.970051	8.571314	0.588624	0
conventional	ce1062	480	0	37.020000	0	14	7	4.774684	1.847295	13.802655	16.595366	0.735098	0
holistic	he855	481	0	0	0	0	0	0	0	0	0	0	0
conventional	ce1063	481	0	51.950216	0	14	7	13.731880	4.281403	23.133735	10.803198	1.404477	0
conventional	ce1064	481	0.241082	37.440994	1	14	7	7.342344	3.947190	18.118198	8.033262	0.667195	0
holistic	he856	483	1.491096	3.018936	2	4	8	0	0	0	3.018936	0	0
holistic	he857	483	0	0	0	0	0	0	0	0	0	0	0
conventional	ce1065	483	0.420358	56.253398	1	14	7	18.371192	6.800592	16.688272	14.393342	0.697212	0
conventional	ce1066	483	0.217665	50.444419	1	14	7	16.776192	4.154361	14.521725	14.992141	0.391656	0
conventional	ce1067	483	0.241082	34.365159	1	14	7	6.598590	3.634487	17.666168	6.465914	0.382538	0
conventional	ce1068	483	0	66.253181	0	14	7	16.966518	10.666581	20.880487	17.739595	2.046981	0
holistic	he858	484	0	0	0	0	0	0	0	0	0	0	0
holistic	he859	484	0	2.300076	0	2	2	0	0	0	2.300076	0	0
holistic	he860	484	0	0	0	0	0	0	0	0	0	0	0
holistic	he861	484	0	0	0	0	2	0	0	0	0	0	0
conventional	ce1069	484	0	28.248659	0	14	7	6.650235	4.770237	11.685469	5.142718	1.290060	0
conventional	ce1070	484	1.043027	40.440058	1	14	7	6.909186	7.547637	15.408423	10.574812	0.940607	0
conventional	ce1071	484	0	37.124486	0	14	7	5.174341	10.123564	17.174429	4.652152	1.929525	0
holistic	he862	485	0	0	0	0	0	0	0	0	0	0	0
holistic	he863	485	0	0	0	0	0	0	0	0	0	0	0
conventional	ce1072	485	0.241082	37.909739	1	14	7	9.536617	0.942723	21.231220	6.199179	0.940607	0
conventional	ce1073	486	0	32.358474	0	14	7	2.882269	2.579647	17.076542	9.820016	0.014967	0
holistic	he864	487	0	0	0	0	2	0	0	0	0	0	0
conventional	ce1074	487	0.440681	67.546444	1	14	7	15.591937	12.269206	22.678359	17.006942	2.552150	0
holistic	he865	488	0	0	0	0	0	0	0	0	0	0	0
holistic	he866	488	0	0	0	0	1	0	0	0	0	0	0
holistic	he867	488	0	0	0	0	2	0	0	0	0	0	0
conventional	ce1075	488	0	48.211147	0	14	7	17.653049	6.374001	14.396967	9.787130	2.880487	0
conventional	ce1076	488	0	14.105508	0	14	7	1.578248	0.918181	5.866618	5.742461	1.591148	0
conventional	ce1077	488	0.362359	35.371581	1	14	7	11.090059	2.090806	12.428565	9.762151	0.765419	0
conventional	ce1078	489	0.999340	36.806676	1	14	7	6.396435	5.549573	15.278798	9.581870	0.940607	0
conventional	ce1079	489	0	45.373001	0	14	7	12.898853	8.931058	16.265432	7.277658	3.167713	0
holistic	he868	490	0	0	0	0	0	0	0	0	0	0	0
conventional	ce1080	490	0.202405	19.173090	1	14	7	1.594507	1.161085	7.177705	9.239793	0.389203	0
conventional	ce1081	490	0.408691	40.118857	1	14	7	10.951511	1.783298	14.546699	12.837349	2.227334	0
holistic	he869	491	0	0	0	0	3	0	0	0	0	0	0
conventional	ce1082	491	1.715648	34.784116	1	14	7	6.965630	7.251385	12.656511	7.910590	0.940607	0
conventional	ce1083	491	0.722878	43.545626	1	14	7	9.426703	2.059463	22.431766	9.627694	0.262030	0
conventional	ce1084	491	0	30.612705	0	14	7	4.584661	3.691624	10.142579	12.193841	0.913446	0
holistic	he870	492	0	2.300076	0	2	2	0	0	0	2.300076	0	0
conventional	ce1085	492	0.549160	56.904557	1	14	7	19.216428	4.317646	21.179922	12.190561	1.251045	0
conventional	ce1086	492	0	37.668485	0	14	7	3.943924	1.731626	14.572620	17.420315	0.185824	0
conventional	ce1087	492	0	54.486885	0	14	7	14.835797	6.485375	19.791191	13.374522	2.795979	0
conventional	ce1088	492	0.365769	33.460711	1	14	7	11.749317	3.346002	9.985783	8.379609	0.432226	0
holistic	he871	493	0	0	0	0	2	0	0	0	0	0	0
conventional	ce1089	493	0	30.578323	0	14	7	4.794244	2.673290	10.697603	12.413186	0.690695	0
holistic	he872	494	0	0	0	0	0	0	0	0	0	0	0
conventional	ce1090	494	0.059740	44.263521	1	14	7	11.146701	1.105242	19.818559	12.193019	0.036120	0
conventional	ce1091	495	0	26.618479	0	14	7	7.302955	4.748310	9.649567	4.917647	1.290060	0
conventional	ce1092	495	0	35.591138	0	14	7	6.742863	3.800176	11.133825	13.914274	0	0
conventional	ce1093	495	0	45.883352	0	14	7	16.760744	4.093086	16.193708	8.835814	1.361217	0
conventional	ce1094	495	0	35.744431	0	14	7	6.711937	1.909915	17.904923	9.217656	0.713125	0
holistic	he873	496	0	0	0	0	2	0	0	0	0	0	0
holistic	he874	496	0	0	0	0	0	0	0	0	0	0	0
conventional	ce1095	496	0.117876	34.470002	1	14	7	11.480292	1.749527	10.990497	10.249686	0.765419	0
conventional	ce1096	497	0.241082	38.195433	1	14	7	7.582690	2.490603	18.911963	9.210177	0.940607	0
conventional	ce1097	497	0.999340	37.313490	1	14	7	7.410369	5.520969	18.223379	6.158773	1.247640	0
conventional	ce1098	497	0	33.854428	0	14	7	3.852420	2.205271	12.967738	14.828999	0.690695	0
conventional	ce1099	497	0.893218	57.021186	1	14	7	15.022283	12.739667	19.508391	9.750845	3.041877	0
holistic	he875	498	0	0	0	0	1	0	0	0	0	0	0
holistic	he876	498	0	0	0	0	0	0	0	0	0	0	0
conventional	ce1100	498	0	36.376329	0	14	7	4.576423	4.297704	14.446304	13.055898	1.290060	0
conventional	ce1101	498	0	26.282023	0	14	7	4.713504	2.261977	8.449161	10.857381	0.290837	0
conventional	ce1102	498	0	29.849922	0	14	7	6.549246	2.358247	12.882405	8.060024	0.940607	0
conventional	ce1103	498	0	53.029792	0	14	7	13.976573	6.551127	20.083265	12.418827	2.795979	0
holistic	he877	499	0	2.315672	0	2	2	0	0	0	2.315672	0	0
holistic	he878	499	0	0	0	0	2	0	0	0	0	0	0
conventional	ce1104	499	0.357628	50.943430	1	14	7	18.416344	5.143254	14.339115	13.044717	0.697212	0
conventional	ce1105	499	0	37.003481	0	14	7	7.279070	4.123228	13.065918	12.535265	2.046981	0
conventional	ce1106	499	0	45.393058	0	14	7	7.964532	4.922303	15.815234	16.690989	0	0
holistic	he879	500	0	0	0	0	2	0	0	0	0	0	0
conventional	ce1107	500	0.039537	30.005266	1	14	7	7.076387	4.470605	11.839519	6.618755	0.262030	0
conventional	ce1108	500	0	33.532493	0	14	7	3.939335	2.152459	13.227390	14.213309	0	0
conventional	ce1109	500	0	30.173657	0	14	7	2.122462	3.068521	15.528554	9.454120	1.392192	0
conventional	ce1110	501	0.184904	46.062070	1	14	7	6.633356	2.632652	19.977793	16.818269	0.057161	0
conventional	ce1111	501	0	65.460278	0	14	7	19.085911	5.232892	19.111949	22.029526	2.046981	0
holistic	he880	502	0	0	0	0	0	0	0	0	0	0	0
holistic	he881	502	0	0	0	0	2	0	0	0	0	0	0
conventional	ce1112	502	0	41.437923	0	14	7	8.697234	7.248130	19.269049	6.223510	1.290060	0
conventional	ce1113	502	0.217665	62.436827	1	14	7	18.390317	4.639914	20.204422	19.202174	0.391656	0
conventional	ce1114	502	0	26.223878	0	14	7	3.829770	2.283581	8.964327	11.146200	0.265015	0
holistic	he882	503	0	0	0	0	2	0	0	0	0	0	0
holistic	he883	503	0	2.300076	0	2	2	0	0	0	2.300076	0	0
conventional	ce1115	503	0	30.963064	0	14	7	4.708861	1.717380	10.545365	13.991458	0.885255	0
conventional	ce1116	503	0.357628	56.837804	1	14	7	20.570804	5.839039	17.325604	13.102357	0.697212	0
conventional	ce1117	504	0.362359	41.255923	1	14	7	8.986972	3.422737	15.806046	13.040168	1.650147	0
holistic	he884	505	0	0	0	0	2	0	0	0	0	0	0
holistic	he885	505	0	0	0	0	2	0	0	0	0	0	0
holistic	he886	505	0	0	0	0	0	0	0	0	0	0	0
conventional	ce1118	505	0.184904	47.942829	1	14	7	9.893881	4.222782	22.059665	11.766501	0.261482	0
holistic	he887	506	0	0	0	0	2	0	0	0	0	0	0
holistic	he888	506	0	0	0	0	0	0	0	0	0	0	0
holistic	he889	506	0	0	0	0	2	0	0	0	0	0	0
conventional	ce1119	506	0	65.566708	0	14	7	22.789705	5.819662	14.193339	22.764002	2.841617	0
conventional	ce1120	506	0	30.840214	0	14	7	5.064587	3.982136	9.361270	12.432221	0.913446	0
holistic	he890	507	0	0	0	0	2	0	0	0	0	0	0
holistic	he891	507	0	0	0	0	2	0	0	0	0	0	0
holistic	he892	507	0	0	0	0	0	0	0	0	0	0	0
holistic	he893	507	0.153435	0.176416	1	1	6	0	0	0.176416	0	0	0
holistic	he894	508	0	0	0	0	0	0	0	0	0	0	0
conventional	ce1121	508	0	28.699611	0	14	7	7.843593	3.480648	11.347524	6.027846	1.954230	0
conventional	ce1122	508	0	51.118468	0	14	7	9.030380	7.028442	15.623358	19.436288	0	0
holistic	he895	509	0	0	0	0	0	0	0	0	0	0	0
holistic	he896	509	0	0	0	0	3	0	0	0	0	0	0
holistic	he897	509	0	2.330186	0	2	2	0	0	0	2.330186	0	0
conventional	ce1123	509	0.087521	31.958401	1	14	7	9.580419	2.213371	11.583102	8.581509	0.765419	0
conventional	ce1124	509	0.565952	39.594332	1	14	7	5.906902	2.480852	19.183797	12.022781	0.753058	0
conventional	ce1125	509	0	43.972489	0	14	7	11.527408	4.075014	17.461969	10.908098	1.290060	0
holistic	he898	510	0	0	0	0	0	0	0	0	0	0	0
holistic	he899	510	0	0	0	0	0	0	0	0	0	0	0
holistic	he900	510	0	0	0	0	0	0	0	0	0	0	0
conventional	ce1126	510	0	58.655016	0	14	7	16.586874	7.101351	21.746927	13.219864	2.880487	0
conventional	ce1127	510	0	59.329952	0	14	7	16.618279	8.652757	20.526466	13.532450	2.795979	0
conventional	ce1128	510	0.904747	50.171917	1	14	7	11.999555	2.248397	23.372609	12.551356	1.294356	0
holistic	he901	511	0	0	0	0	0	0	0	0	0	0	0
holistic	he902	511	0	2.575836	0	2	2	0	0	0	2.575836	0	0
conventional	ce1129	511	0	60.432268	0	14	7	16.673191	13.575176	20.177349	10.006552	2.841617	0
holistic	he903	512	0	0	0	0	2	0	0	0	0	0	0
conventional	ce1130	512	0.357628	58.720003	1	14	7	20.143470	6.727573	14.751499	17.097461	0.697212	0
conventional	ce1131	512	0	32.388743	0	14	7	3.542435	1.609047	11.811737	15.425524	0.061909	0
conventional	ce1132	512	0	31.828535	0	14	7	5.309222	2.857560	10.130781	13.530972	0.290837	0
conventional	ce1133	512	0.893218	59.599031	1	14	7	18.125773	5.133578	20.264301	16.075379	3.110991	0
conventional	ce1134	512	0.270140	35.946067	1	14	7	7.782114	5.033134	15.081403	8.049416	0.905334	0
holistic	he904	513	0	0	0	0	2	0	0	0	0	0	0
holistic	he905	513	0	0	0	0	0	0	0	0	0	0	0
holistic	he906	513	0	0	0	0	2	0	0	0	0	0	0
conventional	ce1135	513	0	44.893251	0	14	7	11.259790	6.450184	14.927219	12.256058	1.404477	0
conventional	ce1136	513	0	19.835793	0	14	7	1.912583	1.479811	10.182482	6.260917	1.150515	0
holistic	he907	514	0	0	0	0	0	0	0	0	0	0	0
holistic	he908	514	0	0	0	0	0	0	0	0	0	0	0
holistic	he909	514	0	2.300076	0	2	2	0	0	0	2.300076	0	0
holistic	he910	514	0	0	0	0	2	0	0	0	0	0	0
conventional	ce1137	514	0.074631	58.150285	1	14	7	17.047811	4.172903	21.042221	15.887350	0.391656	0
conventional	ce1138	514	0.265214	30.372416	1	14	7	8.099554	6.325686	10.116830	5.830346	1.557074	0
conventional	ce1139	514	0.039537	31.744167	1	14	7	6.359877	5.092320	12.481650	7.810320	0.197682	0
holistic	he911	515	0	0	0	0	2	0	0	0	0	0	0
holistic	he912	515	0	0	0	0	2	0	0	0	0	0	0
conventional	ce1140	515	0.599591	59.303270	1	14	7	19.800329	6.350503	19.531656	13.620782	0.697212	0
conventional	ce1141	515	0.217665	52.417512	1	14	7	17.634700	3.965088	15.148342	15.669382	0.391656	0
conventional	ce1142	515	0.270140	45.022550	1	14	7	12.995891	0.685891	17.726892	13.613876	0.905334	0
conventional	ce1143	515	0.893218	59.460652	1	14	7	14.829034	14.991225	21.840379	7.800014	3.167312	0
holistic	he913	516	0	0	0	0	1	0	0	0	0	0	0
conventional	ce1144	516	0	31.010772	0	14	7	3.093122	2.271372	11.288527	14.357751	0.061909	0
conventional	ce1145	516	0.184904	50.336386	1	14	7	9.483265	2.388719	24.276233	14.188169	0.131096	0
holistic	he914	517	0	0	0	0	1	0	0	0	0	0	0
holistic	he915	518	0	0	0	0	2	0	0	0	0	0	0
holistic	he916	518	0	0	0	0	0	0	0	0	0	0	0
holistic	he917	518	0	0	0	0	8	0	0	0	0	0	0
conventional	ce1146	518	0	34.934578	0	14	7	4.255320	5.319354	15.046584	10.313320	1.392192	0
conventional	ce1147	518	0.289023	38.727667	1	14	7	11.384883	3.185918	16.913049	7.243817	0.765419	0
conventional	ce1148	518	0	45.475502	0	14	7	16.610386	5.257003	14.071982	9.536131	2.521188	0
conventional	ce1149	519	1.173627	49.630288	1	14	7	7.780820	6.790105	22.594287	12.465076	0.397881	0
holistic	he918	520	0	0	0	0	2	0	0	0	0	0	0
holistic	he919	520	0	0	0	0	0	0	0	0	0	0	0
conventional	ce1150	520	0.025514	42.516808	1	14	7	8.282233	2.791553	18.119130	13.323892	1.549398	0
holistic	he920	521	0	0	0	0	2	0	0	0	0	0	0
conventional	ce1151	521	0.386178	47.537427	1	14	7	10.011341	0.753624	23.479018	13.293444	0.541820	0
conventional	ce1152	521	0	45.981505	0	14	7	18.080449	5.432822	13.633930	8.834304	2.880487	0
conventional	ce1153	522	0.217665	40.682177	1	14	7	11.011265	2.291885	13.431103	13.947924	0.391656	0
holistic	he921	523	0	0	0	0	0	0	0	0	0	0	0
holistic	he922	523	0	0	0	0	2	0	0	0	0	0	0
holistic	he923	523	0	0	0	0	0	0	0	0	0	0	0
conventional	ce1154	523	0.265214	33.010860	1	14	7	8.638109	6.050288	11.813957	6.508506	2.255962	0
holistic	he924	524	0	0	0	0	2	0	0	0	0	0	0
conventional	ce1155	524	0	69.689082	0	14	7	19.747988	12.071438	21.530688	16.338968	1.785997	0
conventional	ce1156	524	0.087521	32.234518	1	14	7	7.932163	2.859803	10.471432	10.971120	0.765419	0
holistic	he925	526	0	0	0	0	2	0	0	0	0	0	0
holistic	he926	526	0	0	0	0	2	0	0	0	0	0	0
conventional	ce1157	526	0	30.822908	0	14	7	8.778553	4.261618	10.251351	7.531386	1.366052	0
holistic	he927	528	0	0.068920	0	2	2	0	0	0	0.068920	0	0
conventional	ce1158	528	0	43.910611	0	14	7	12.356949	6.165481	14.327845	11.060336	1.404477	0
holistic	he928	529	0	0	0	0	0	0	0	0	0	0	0
holistic	he929	530	0	0	0	0	2	0	0	0	0	0	0.064963
holistic	he930	530	0	0	0	0	0	0	0	0	0	0	0
conventional	ce1159	530	0	37.419420	0	14	7	4.142808	1.343949	14.528937	17.403726	0.185824	0
conventional	ce1160	531	0	45.851384	0	14	7	14.758402	6.232820	15.417606	9.442556	2.072832	0
conventional	ce1161	531	0	30.548969	0	14	7	2.105511	2.357901	11.603187	14.482370	0.061909	0
holistic	he931	532	0	0	0	0	2	0	0	0	0	0	0
holistic	he932	532	0	0	0	0	2	0	0	0	0	0	0
holistic	he933	532	0	0	0	0	0	0	0	0	0	0	0
holistic	he934	533	0	0	0	0	1	0	0	0	0	0	0
holistic	he935	533	0	0	0	0	0	0	0	0	0	0	0
conventional	ce1162	533	0	65.560091	0	14	7	19.049720	5.232892	19.111949	22.165530	2.404010	0
conventional	ce1163	533	0.030618	33.676417	1	14	7	7.614829	1.542213	9.230077	15.289298	0.765419	0
holistic	he936	534	0	0	0	0	2	0	0	0	0	0	0
holistic	he937	534	0	0	0	0	0	0	0	0	0	0	0
conventional	ce1164	534	0.775780	47.641195	2	14	7	16.337588	1.482797	18.482827	11.337983	0.697212	0
conventional	ce1165	534	0	42.094422	0	14	7	16.102784	3.459240	14.835068	7.697330	1.361217	0
conventional	ce1166	534	0.550680	49.223867	1	14	7	17.708978	5.600301	14.603173	11.311415	0.697212	0
holistic	he938	535	0	0	0	0	6	0	0	0	0	0	0
conventional	ce1167	535	1.056826	54.668523	1	14	7	15.023295	6.156973	20.001996	13.486259	0.697212	0
conventional	ce1168	535	0.770117	45.048332	1	14	7	18.218326	4.798233	12.652253	9.379520	1.617783	0
conventional	ce1169	536	0	63.267706	0	14	7	18.014042	12.999322	21.673704	10.580638	2.854054	0
conventional	ce1170	536	0.042161	44.206948	1	14	7	10.351280	3.683671	19.928971	10.243026	0.294919	0
conventional	ce1171	536	0	38.225705	0	14	7	4.894056	3.866794	14.144382	15.320473	0	0
conventional	ce1172	537	0.640459	48.436815	1	14	7	15.618922	4.236582	15.370502	13.210809	0.557269	0
conventional	ce1173	537	0.438878	38.556117	1	14	7	10.430523	2.622105	13.288334	12.215155	0.036120	0
holistic	he939	538	0	0	0	0	2	0	0	0	0	0	0
holistic	he940	538	0	0	0	0	3	0	0	0	0	0	0
conventional	ce1174	538	0.152405	32.791649	1	14	7	11.957248	2.995615	8.829239	9.009547	0.432226	0
conventional	ce1175	538	0	58.232187	0	14	7	15.371214	8.730849	20.051467	14.078657	3.613417	0
conventional	ce1176	538	0.893218	50.067316	1	14	7	16.651633	4.804318	15.481154	13.130211	3.110991	0
holistic	he941	539	0	0	0	0	2	0	0	0	0	0	0
conventional	ce1177	539	0.471740	48.525043	1	14	7	14.652429	4.891403	14.421188	14.560023	0.818743	0
conventional	ce1178	539	0.257353	35.114086	1	14	7	7.262940	4.061363	17.424577	6.365206	0.382538	0
conventional	ce1179	539	0	51.871720	0	14	7	12.896753	6.212310	17.489532	15.273125	1.404477	0
holistic	he942	540	0	0	0	0	2	0	0	0	0	0	0
holistic	he943	540	0	0	0	0	0	0	0	0	0	0	0.819710
holistic	he944	540	0	0	0	0	2	0	0	0	0	0	0
holistic	he945	540	0	0	0	0	2	0	0	0	0	0	0
conventional	ce1180	540	0	38.225871	0	14	7	4.599552	6.991224	17.068067	9.567028	1.392192	0
conventional	ce1181	541	0.362359	35.253868	1	14	7	11.231073	2.179774	13.005197	8.837824	1.134032	0
conventional	ce1182	541	0.042161	37.318077	1	14	7	11.067623	0.527027	15.513714	10.209713	0.294919	0
holistic	he946	543	0	0	0	0	3	0	0	0	0	0	0
holistic	he947	543	0	0	0	0	2	0	0	0	0	0	0
conventional	ce1183	543	0	53.518826	0	14	7	15.034338	6.033789	17.470593	14.980106	1.404477	0
conventional	ce1184	543	0.217665	39.196647	1	14	7	11.198887	3.960202	10.115902	13.921656	0.391656	0
conventional	ce1185	543	0	29.969808	0	14	7	4.173175	3.827521	10.586910	11.382202	0.913446	0
conventional	ce1186	543	1.533534	51.124876	1	14	7	16.385761	4.254203	15.367084	15.117828	0.728606	0
conventional	ce1187	543	0	43.577255	0	14	7	10.747764	0.854765	20.521839	11.452887	2.880487	0
holistic	he948	544	0	0	0	0	0	0	0	0	0	0	0
holistic	he949	544	0	0	0	0	0	0	0	0	0	0	0
holistic	he950	544	0	0	0	0	3	0	0	0	0	0	0
holistic	he951	544	0	0	0	0	0	0	0	0	0	0	0
conventional	ce1188	544	0.775780	56.507091	2	14	7	18.703081	2.110453	23.086082	12.607475	0.697212	0
holistic	he952	545	0	0	0	0	2	0	0	0	0	0	0
holistic	he953	545	0	0	0	0	2	0	0	0	0	0	0
conventional	ce1189	546	0	33.460513	0	14	7	5.091252	7.616240	14.975060	5.777961	1.836687	0
holistic	he954	547	0	0	0	0	2	0	0	0	0	0	0
holistic	he955	547	0	0	0	0	2	0	0	0	0	0	0
conventional	ce1190	547	0	52.629511	0	14	7	14.548873	5.954575	19.617361	12.508702	2.795979	0
conventional	ce1191	547	0	43.048901	0	14	7	14.396700	2.547569	15.716969	10.387663	0.860109	0
holistic	he956	548	0	0	0	0	3	0	0	0	0	0	0
holistic	he957	548	0	0	0	0	0	0	0	0	0	0	0
holistic	he958	548	0	0	0	0	2	0	0	0	0	0	0
conventional	ce1192	548	0.059740	66.474873	1	14	7	18.556569	12.333162	20.541577	15.043565	0.250198	0
conventional	ce1193	548	0.728076	51.849536	1	14	7	20.294804	5.834977	16.875520	8.844235	0.361679	0
conventional	ce1194	548	0.847425	56.691897	2	14	7	15.281136	3.187629	22.654685	15.568447	0.557269	0
conventional	ce1195	548	0	50.930655	0	14	7	13.534856	6.157414	19.953768	11.284617	0.074132	0
conventional	ce1196	549	1.533534	62.255463	1	14	7	15.641833	4.462245	16.868840	25.282545	0.800629	0
conventional	ce1197	549	0	25.006251	0	14	7	4.242777	2.341535	8.796101	9.625838	0.290837	0
holistic	he959	550	0	0	0	0	2	0	0	0	0	0	0
conventional	ce1198	550	0.904747	51.537721	1	14	7	12.145647	2.188704	22.769120	14.434250	1.652956	0
holistic	he960	551	0	0	0	0	0	0	0	0	0	0	0
holistic	he961	551	0	0	0	0	2	0	0	0	0	0	0
conventional	ce1199	551	0	57.487978	0	14	7	13.383173	4.710444	26.178989	13.215372	0.913446	0
conventional	ce1200	551	0.550680	40.381539	1	14	7	14.136826	5.945810	8.710695	11.588208	0.697212	0
holistic	he962	552	0	0	0	0	3	0	0	0	0	0	0
holistic	he963	552	0	0	0	0	0	0	0	0	0	0	0
holistic	he964	552	0	0	0	0	2	0	0	0	0	0	0
conventional	ce1201	552	0	55.921575	0	14	7	18.197282	5.825525	17.126198	14.772570	2.046981	0
conventional	ce1202	552	0.357628	64.420320	1	14	7	20.400220	7.143375	19.818662	17.058063	0	0
conventional	ce1203	552	0	59.869627	0	14	7	20.620990	12.622652	18.772632	7.853353	2.841617	0
conventional	ce1204	552	0.039537	33.207943	1	14	7	7.531769	6.484932	12.514374	6.676868	0.262030	0
conventional	ce1205	552	0	33.561544	0	14	7	5.616435	3.248042	10.680595	14.016472	0.290837	0
conventional	ce1206	552	1.044895	56.765126	1	14	7	9.617535	5.253500	26.051191	15.842900	0.574738	0
holistic	he965	553	0	0	0	0	2	0	0	0	0	0	0
conventional	ce1207	553	0.605740	63.452603	1	14	7	23.156285	6.018919	19.425569	14.851830	0.697212	0
conventional	ce1208	554	0	59.728206	0	14	7	17.546009	12.585067	20.312495	9.284635	2.841617	0
conventional	ce1209	554	0.217665	52.880687	1	14	7	17.505072	6.195414	15.790311	13.389890	0.472530	0
conventional	ce1210	554	0.231009	44.733574	1	14	7	9.388786	6.643522	14.147596	14.553670	1.855913	0
conventional	ce1211	554	0	54.874965	0	14	7	14.917370	7.377503	20.644404	11.935688	1.404477	0
conventional	ce1212	554	0	44.278956	0	14	7	11.807433	6.684833	15.009399	10.777291	1.847890	0
conventional	ce1213	554	0.184904	49.915939	1	14	7	8.822157	4.810570	21.588547	14.694665	0.261482	0
conventional	ce1214	554	0.362359	38.965795	1	14	7	12.747958	2.535930	15.497775	8.184132	1.134032	0
conventional	ce1215	554	0.550680	46.851318	1	14	7	16.017027	4.965310	13.314797	12.554184	0.697212	0
conventional	ce1216	555	0.550680	48.700608	1	14	7	15.797271	6.221959	13.077649	13.603729	0.697212	0
conventional	ce1217	555	0	45.474896	0	14	7	14.702050	5.751142	14.863742	10.157962	2.521188	0
conventional	ce1218	555	0	63.130338	0	14	7	12.516473	5.586805	28.063441	16.963619	0.913446	0
conventional	ce1219	555	0.152405	36.449682	1	14	7	12.737055	3.130818	10.326262	10.255547	0.432226	0
holistic	he966	556	0	0	0	0	2	0	0	0	0	0	0
conventional	ce1220	556	0.039537	69.979820	1	14	7	19.324015	11.664165	23.986504	15.005136	0.197682	0
conventional	ce1221	556	0.775780	44.851799	2	14	7	18.910722	0.433174	14.917970	10.589933	0.966980	0
conventional	ce1222	556	0.217665	53.871489	1	14	7	17.759634	3.902104	23.449521	8.760230	0.391656	0
holistic	he967	557	0	0	0	0	2	0	0	0	0	0	0
conventional	ce1223	557	0.745757	43.479041	1	14	7	9.275599	7.108564	19.437448	7.657430	1.125494	0
holistic	he968	558	0	0	0	0	0	0	0	0	0	0	0
conventional	ce1224	558	0	58.686778	0	14	7	17.200275	3.795171	17.081014	20.610318	2.046981	0
conventional	ce1225	558	0.087521	32.488602	1	14	7	9.995298	2.096792	10.951279	9.445233	0.765419	0
conventional	ce1226	558	0.362359	32.201999	1	14	7	7.251865	2.889157	14.275292	7.785685	1.650147	0
conventional	ce1227	558	0.039537	35.282351	1	14	7	6.775309	5.724042	15.071725	7.711275	0.197682	0
holistic	he969	559	0	0	0	0	0	0	0	0	0	0	0.819710
conventional	ce1228	559	0.357628	61.887847	1	14	7	17.565086	4.925398	21.996017	17.401346	0.697212	0
conventional	ce1229	559	0.904747	56.600947	1	14	7	15.068811	2.313012	24.864537	14.354587	1.294356	0
conventional	ce1230	559	0.025514	47.138484	1	14	7	9.121593	2.995312	23.076192	11.945387	1.746638	0
conventional	ce1231	559	0.893218	59.418530	1	14	7	17.347593	4.363992	18.544722	19.162223	3.110991	0
conventional	ce1232	559	0	43.596619	0	14	7	11.465150	6.254970	14.559605	11.316894	1.847890	0
conventional	ce1233	559	0	45.071784	0	14	7	13.564650	5.675657	13.237424	12.594053	1.404477	0
conventional	ce1234	559	0	55.328532	0	14	7	13.928228	10.349375	20.231089	10.819840	2.880533	0
holistic	he970	560	0	0	0	0	2	0	0	0	0	0	0
conventional	ce1235	560	0.526921	35.107099	1	14	7	6.388556	1.011113	14.885977	12.821453	1.294356	0
conventional	ce1236	560	0.550680	52.915415	1	14	7	19.545431	5.005660	14.000475	14.363849	0.697212	0
conventional	ce1237	561	0	35.795602	0	14	7	7.052748	4.484926	13.651870	10.606058	0.913446	0
conventional	ce1238	561	0	44.792596	0	14	7	17.393655	4.876855	13.882903	8.639183	1.547483	0
holistic	he971	562	0	0	0	0	0	0	0	0	0	0	0
holistic	he972	562	0	6.900228	0	6	3	0	0	0	6.900228	0	0
conventional	ce1239	562	0	56.698560	0	14	7	18.505088	4.480958	19.820191	13.892323	2.841617	0
conventional	ce1240	562	0.403152	70.538005	1	14	7	24.554672	7.158260	18.710845	20.114228	0.697212	0
conventional	ce1241	562	0.550680	54.384328	1	14	7	20.847257	7.424555	15.335742	10.776774	0.697212	0
conventional	ce1242	562	0.217665	66.233710	1	14	7	18.912988	9.364014	29.602185	8.354523	0.391656	0
holistic	he973	563	0	0	0	0	1	0	0	0	0	0	0
conventional	ce1243	563	0.705560	53.835998	1	14	7	13.090747	1.672738	23.839367	15.233146	0.064270	0
conventional	ce1244	563	0.071975	46.987909	1	14	7	11.996854	4.964364	15.779155	14.247536	0.359170	0
conventional	ce1245	563	0	52.536632	0	14	7	14.035819	8.601181	17.655882	12.243750	3.073174	0
conventional	ce1246	564	0	80.710267	0	14	7	22.418832	11.666351	26.448216	20.176868	2.239089	0
holistic	he974	565	0	0	0	0	2	0	0	0	0	0	0
holistic	he975	565	0	0	0	0	0	0	0	0	0	0	0
conventional	ce1247	565	0.128784	44.569750	1	14	7	18.645588	5.582930	11.042968	9.298264	0.697212	0
conventional	ce1248	565	0.719570	50.740663	1	14	7	11.477109	2.355692	23.320858	13.587004	0.697212	0
conventional	ce1249	565	0	45.681723	0	14	7	12.315902	6.285079	14.238294	12.842448	2.932019	0
conventional	ce1250	565	0	42.299481	0	14	7	12.704433	5.595161	14.371357	9.628530	1.404477	0
holistic	he976	566	0	1.748452	0	2	2	0	0	0	1.748452	0	0
holistic	he977	566	0	0	0	0	0	0	0	0	0	0	0
holistic	he978	567	0	0	0	0	2	0	0	0	0	0	0
holistic	he979	567	0.077638	0.210742	2	2	6	0	0	0	0.210742	0	0
holistic	he980	567	0	0	0	0	2	0	0	0	0	0	0
conventional	ce1251	567	0	43.071735	0	14	7	11.513288	6.619380	14.945257	9.993810	1.847890	0
conventional	ce1252	567	0.775780	53.870442	2	14	7	16.483073	2.112897	16.841853	18.432619	0.697212	0
conventional	ce1253	567	0.615024	45.398756	1	14	7	5.474306	6.327191	19.509319	14.087940	0.099662	0
holistic	he981	568	0	0	0	0	2	0	0	0	0	0	0
conventional	ce1254	568	1.460845	42.711052	1	14	7	9.128414	4.341676	20.125256	9.115706	2.819848	0
holistic	he982	569	0	0	0	0	2	0	0	0	0	0	0
holistic	he983	569	0	6.276840	0	2	2	0	0	0	6.276840	0	0
holistic	he984	569	0	0	0	0	2	0	0	0	0	0	0
conventional	ce1255	569	0	42.608248	0	14	7	11.240346	6.358991	12.863505	12.145406	1.847890	0
holistic	he985	570	0	0	0	0	2	0	0	0	0	0	0
conventional	ce1256	570	0.745757	48.015052	1	14	7	9.870871	8.998535	23.213042	5.932604	1.125494	0
conventional	ce1257	570	2.210634	51.920671	1	14	7	6.686940	1.756160	28.411499	15.066072	0.819723	0
holistic	he986	571	0	0	0	0	2	0	0	0	0	0	0
holistic	he987	571	0	0	0	0	6	0	0	0	0	0	0
holistic	he988	571	0	0	0	0	8	0	0	0	0	0	0
conventional	ce1258	571	0.116874	56.059230	1	14	7	17.929976	6.600280	24.811201	6.717773	0.391656	0
holistic	he989	572	0	0	0	0	2	0	0	0	0	0	0
conventional	ce1259	572	0	40.668632	0	14	7	10.049647	7.265252	13.594607	9.759126	3.226842	0
conventional	ce1260	572	0.277192	44.479812	1	14	7	8.445172	8.105308	20.225124	7.704208	1.125494	0
conventional	ce1261	572	0.042161	48.888866	1	14	7	12.689001	2.837011	19.931828	13.431026	0.349627	0
conventional	ce1262	572	0	42.379033	0	14	7	9.921202	7.129642	13.801885	11.526304	2.110901	0
conventional	ce1263	572	0.152405	30.393608	1	14	7	10.880544	2.483939	8.476459	8.552666	0.567110	0
conventional	ce1264	572	0	46.328936	0	14	7	14.535400	6.085340	12.201734	13.506462	1.847890	0
conventional	ce1265	572	0	49.564434	0	14	7	11.413929	6.476830	19.160500	12.513175	1.482250	0
conventional	ce1266	572	0.550680	52.574069	1	14	7	16.702474	4.726409	23.830694	7.314492	0.358754	0
holistic	he990	573	0	0	0	0	2	0	0	0	0	0	0
holistic	he991	573	0	0	0	0	2	0	0	0	0	0	0
holistic	he992	573	0	0	0	0	0	0	0	0	0	0	0
holistic	he993	573	0	0	0	0	4	0	0	0	0	0	0
conventional	ce1267	573	0	26.306057	0	14	7	2.590474	2.470460	11.763704	9.481419	0.913446	0
holistic	he994	574	0	0	0	0	0	0	0	0	0	0	0
holistic	he995	574	0	0	0	0	2	0	0	0	0	0	0
conventional	ce1268	574	0.831705	61.917230	1	14	7	18.070945	7.928937	22.294953	13.622395	0.197682	0
conventional	ce1269	574	0.438878	47.599617	1	14	7	16.667333	2.666075	15.939988	12.326221	0.036120	0
conventional	ce1270	574	0	49.472109	0	14	7	9.170270	8.301539	19.647975	12.352325	1.847890	0
conventional	ce1271	574	0.217665	40.091329	1	14	7	7.397018	3.338189	16.878938	12.477184	0.391656	0
holistic	he996	575	0	0	0	0	2	0	0	0	0	0	0
holistic	he997	575	0	0	0	0	2	0	0	0	0	0	0
conventional	ce1272	575	0.498024	50.997852	1	14	7	7.856127	5.809578	22.352907	14.979240	0.261482	0
conventional	ce1273	575	0	57.394477	0	14	7	18.135908	4.810171	18.714326	15.734072	2.576882	0
conventional	ce1274	575	0.042161	46.643883	1	14	7	9.309413	3.759887	20.518790	13.055793	0.349627	0
conventional	ce1275	575	0.745757	43.251890	1	14	7	8.965942	6.072597	18.467119	9.746232	1.600407	0
conventional	ce1276	577	0.128784	49.807421	1	14	7	19.223066	5.561872	13.407678	11.614805	0.697212	0
conventional	ce1277	577	0	27.792083	0	14	7	3.183648	2.470460	11.501131	10.636844	1.251692	0
holistic	he998	578	0	0	0	0	2	0	0	0	0	0	0
holistic	he999	578	0	0	0	0	2	0	0	0	0	0	0
holistic	he1000	578	0	0	0	0	2	0	0	0	0	0	0
holistic	he1001	578	0	0	0	0	4	0	0	0	0	0	0
holistic	he1002	578	0	0	0	0	4	0	0	0	0	0	0
conventional	ce1278	578	0.025514	46.461960	1	14	7	8.282233	3.843703	16.970215	17.365809	1.470547	0
conventional	ce1279	578	0.550680	51.178383	1	14	7	15.399711	6.965512	14.278941	14.534219	0.202012	0
conventional	ce1280	578	0	45.163415	0	14	7	11.084567	5.538417	15.283000	13.257431	1.709470	0
conventional	ce1281	580	0	42.961232	0	14	7	9.023635	7.126277	14.149447	12.661873	1.847890	0
conventional	ce1282	580	0.640459	52.676399	1	14	7	16.150681	4.373733	16.062121	16.089864	1.021954	0
holistic	he1003	581	0	0	0	0	2	0	0	0	0	0	0
conventional	ce1283	581	0.038895	45.838128	1	14	7	11.694232	3.847255	15.452852	14.843789	0.604640	0
holistic	he1004	582	0	0	0	0	2	0	0	0	0	0	0
holistic	he1005	582	0	0	0	0	0	0	0	0	0	0	0
conventional	ce1284	582	0	51.980135	0	14	7	15.960127	6.013689	15.878329	14.127990	1.404477	0
conventional	ce1285	582	0.719570	47.465239	1	14	7	11.643394	2.080630	20.634957	13.106258	0.371975	0
conventional	ce1286	582	0	35.751690	0	14	7	3.115722	8.123094	16.302944	8.209930	0.890432	0
conventional	ce1287	582	0.128784	53.043445	1	14	7	18.487843	6.093607	12.666542	15.795453	0.663584	0
conventional	ce1288	582	0.656017	53.755138	1	14	7	22.689999	2.919968	15.831573	12.313598	0.564820	0
holistic	he1006	583	0	0	0	0	0	0	0	0	0	0	0
holistic	he1007	583	0	0	0	0	0	0	0	0	0	0	0
holistic	he1008	584	0	0	0	0	2	0	0	0	0	0	0
conventional	ce1289	584	0.550680	56.862574	1	14	7	20.866011	6.929393	16.608588	12.458582	0.697212	0
conventional	ce1290	585	0.362359	42.177871	1	14	7	12.963333	3.151442	19.131033	6.932063	1.474735	0
holistic	he1009	586	0	0	0	0	2	0	0	0	0	0	0
holistic	he1010	586	0	0	0	0	9	0	0	0	0	0	0
conventional	ce1291	586	0	28.312623	0	14	7	3.886896	3.228294	13.412544	7.784889	0.913446	0
conventional	ce1292	586	0.153708	36.648944	1	14	7	9.012849	7.182790	14.596054	5.857251	0.382538	0
holistic	he1011	587	0	0	0	0	2	0	0	0	0	0	0
holistic	he1012	588	0	0	0	0	2	0	0	0	0	0	0
conventional	ce1293	588	0.059740	71.369268	1	14	7	18.840896	12.323181	24.327050	15.878141	0.250198	0
conventional	ce1294	589	0.893218	58.750182	1	14	7	17.418535	3.855547	18.212225	19.263875	3.110991	0
conventional	ce1295	589	0.422327	29.022356	1	14	7	10.081364	2.335863	7.820274	8.784855	0.359309	0
conventional	ce1296	589	0.640459	59.437773	1	14	7	16.015267	5.840756	20.408423	17.173327	1.213931	0
holistic	he1013	590	0	0	0	0	0	0	0	0	0	0	0
holistic	he1014	590	0	0	0	0	0	0	0	0	0	0	0
conventional	ce1297	590	0	46.623266	0	14	7	16.667333	2.636612	16.090734	11.228587	2.862569	0
conventional	ce1298	590	0.719570	44.822568	1	14	7	13.076119	2.619679	17.667643	11.459127	0.697212	0
holistic	he1015	592	0	0	0	0	2	0	0	0	0	0	0
holistic	he1016	592	0	0	0	0	0	0	0	0	0	0	0
holistic	he1017	592	0	0	0	0	3	0	0	0	0	0	0
conventional	ce1299	592	0	43.421863	0	14	7	13.240484	6.506992	13.959832	9.714555	1.847890	0
holistic	he1018	593	0	0	0	0	2	0	0	0	0	0	0
holistic	he1019	594	0	0	0	0	0	0	0	0	0	0	0
holistic	he1020	594	0	0	0	0	2	0	0	0	0	0	0
conventional	ce1300	594	0	39.302045	0	14	7	4.301437	7.953962	20.393883	6.652763	0.890432	0
conventional	ce1301	594	0.128784	51.995614	1	14	7	18.487843	6.449191	12.984374	14.074206	1.847703	0
conventional	ce1302	594	0	36.675374	0	14	7	6.014768	7.181212	14.644225	8.835169	1.404477	0
holistic	he1021	595	0	0	0	0	3	0	0	0	0	0	0
conventional	ce1303	596	1.460845	25.457220	1	14	7	1.906004	3.021472	10.826442	9.703302	2.734646	0
conventional	ce1304	596	0.139340	67.389979	1	14	7	18.777719	9.946848	25.979869	12.685543	0.197682	0
conventional	ce1305	597	0.550680	49.052790	1	14	7	15.811267	5.674588	15.548244	12.018691	0.206070	0
conventional	ce1306	597	0.362359	38.274850	1	14	7	11.737802	4.160895	13.783837	8.592316	2.157220	0
holistic	he1022	598	0	0	0	0	2	0	0	0	0	0	0
holistic	he1023	598	0	0	0	0	0	0	0	0	0	0	0
holistic	he1024	598	0	0	0	0	2	0	0	0	0	0	0
conventional	ce1307	598	0	36.651290	0	14	7	10.713970	5.757899	12.547032	7.632389	1.847890	0
conventional	ce1308	599	0	42.918012	0	14	7	7.665197	7.091303	14.076432	14.085080	2.190835	0
conventional	ce1309	599	0.394235	56.951365	1	14	7	19.228345	8.931193	14.981381	13.810446	0.697212	0
conventional	ce1310	599	0.071975	50.260093	1	14	7	11.222768	5.386078	18.696705	14.954542	0.359170	0
conventional	ce1311	599	0.217665	47.911270	1	14	7	7.723282	2.866817	21.950675	15.370496	0.391656	0
holistic	he1025	600	0	0	0	0	2	0	0	0	0	0	0
holistic	he1026	600	0	0	0	0	0	0	0	0	0	0	0
holistic	he1027	600	0	0	0	0	3	0	0	0	0	0	0
conventional	ce1312	600	0.697333	38.924047	1	14	7	7.040014	3.354115	16.057741	12.472177	0.697212	0
holistic	he1028	602	0	0	0	0	0	0	0	0	0	0	0
conventional	ce1313	602	0	59.882003	0	14	7	16.457442	4.568629	23.306534	15.549398	2.841617	0
conventional	ce1314	602	0	38.195600	0	14	7	11.050060	5.950038	9.677455	11.518047	1.847890	0
holistic	he1029	603	0	0	0	0	0	0	0	0	0	0	0
conventional	ce1315	603	0	37.284830	0	14	7	6.049210	6.477848	15.841009	8.916763	1.404477	0
conventional	ce1316	603	0.550680	44.307182	1	14	7	15.554360	4.965310	12.621695	11.165817	0.202012	0
conventional	ce1317	603	0.240671	46.129613	1	14	7	21.787483	4.062803	10.796789	9.482538	1.187007	0
holistic	he1030	604	0	0	0	0	0	0	0	0	0	0	0
holistic	he1031	604	0	0	0	0	2	0	0	0	0	0	0
conventional	ce1318	604	0.735651	52.677090	1	14	7	16.550351	5.956069	14.647458	15.523212	0.663584	0
holistic	he1032	605	0	0	0	0	2	0	0	0	0	0	0
holistic	he1033	605	0	0	0	0	4	0	0	0	0	0	0
holistic	he1034	605	0	0	0	0	2	0	0	0	0	0	0
conventional	ce1319	606	2.062382	55.243389	1	14	7	12.412750	5.865619	19.662427	17.302593	0.206070	0
conventional	ce1320	606	0.422327	39.737012	1	14	7	8.230836	4.605929	18.651947	8.248300	0.359309	0
holistic	he1035	607	0	0	0	0	4	0	0	0	0	0	0
holistic	he1036	607	0	0	0	0	3	0	0	0	0	0	0
conventional	ce1321	608	0.640459	44.825071	1	14	7	13.060109	3.818747	13.093026	14.853189	1.021954	0
holistic	he1037	610	0	0	0	0	0	0	0	0	0	0	0
conventional	ce1322	610	0	55.476336	0	14	7	14.497250	9.607548	21.831051	9.540487	2.880533	0
holistic	he1038	611	0	0	0	0	4	0	0	0	0	0	0
holistic	he1039	611	0	0	0	0	0	0	0	0	0	0	0
holistic	he1040	611	0	0	0	0	3	0	0	0	0	0	0
conventional	ce1323	611	0	49.641353	0	14	7	10.594470	4.890533	21.018056	13.138294	0.913446	0
conventional	ce1324	611	0.701694	60.749610	1	14	7	20.167955	5.634366	16.542432	18.404857	0.697212	0
holistic	he1041	612	0	0	0	0	2	0	0	0	0	0	0
holistic	he1042	612	0	0	0	0	6	0	0	0	0	0	0
holistic	he1043	612	0	0	0	0	2	0	0	0	0	0	0
conventional	ce1325	612	0.331199	31.155997	1	14	7	7.500087	4.902918	14.531018	4.221974	0.261482	0
conventional	ce1326	613	2.210634	53.100844	1	14	7	6.636768	2.709269	30.306922	13.447885	0.819723	0
conventional	ce1327	614	0.039537	60.235004	1	14	7	16.656489	10.362789	22.452976	10.762750	0.800108	0
conventional	ce1328	614	0.394235	62.107541	1	14	7	21.928870	8.044944	14.145461	17.988266	1.084526	0
conventional	ce1329	614	1.214846	48.847666	1	14	7	14.252118	7.604363	14.035532	12.955653	0.202012	0
conventional	ce1330	614	0	45.563925	0	14	7	8.079502	7.637389	17.469450	12.377584	1.410699	0
conventional	ce1331	614	0.893218	54.680720	1	14	7	16.804505	4.638955	13.847049	19.390211	3.110991	0
holistic	he1044	615	0	0	0	0	0	0	0	0	0	0	0
conventional	ce1332	615	0	56.999276	0	14	7	12.818115	3.958859	18.439485	21.782817	4.854047	0
holistic	he1045	616	0	0	0	0	2	0	0	0	0	0	0
holistic	he1046	616	0	0	0	0	1	0	0	0	0	0	0
holistic	he1047	616	0	0	0	0	2	0	0	0	0	0	0
conventional	ce1333	616	0.550680	54.902200	1	14	7	19.977063	7.239079	15.757289	11.928769	0.697212	0
conventional	ce1334	616	0.550680	65.598015	1	14	7	24.842351	5.633492	18.197827	16.924345	0.697212	0
conventional	ce1335	616	0.152405	33.628486	1	14	7	10.872645	2.519125	9.630423	10.606293	0.567110	0
conventional	ce1336	616	0	39.985312	0	14	7	6.561669	6.348098	12.925590	14.149955	2.190835	0
holistic	he1048	617	0	0	0	0	2	0	0	0	0	0	0
conventional	ce1337	617	0	42.975155	0	14	7	15.846157	5.105041	13.796672	8.227285	1.404477	0
conventional	ce1338	617	0.673429	34.099332	1	14	7	10.357203	2.495484	10.945539	10.301106	0.359309	0
holistic	he1049	618	0	0	0	0	4	0	0	0	0	0	0
conventional	ce1339	618	0.727418	53.653879	1	14	7	14.742058	2.971728	22.055778	13.884315	0.697212	0
conventional	ce1340	618	0.466944	47.128440	1	14	7	14.216892	5.353232	17.829350	9.728966	0.697212	0
holistic	he1050	619	0	0	0	0	0	0	0	0	0	0	0
conventional	ce1341	619	0.513121	43.309778	1	14	7	16.268609	3.358246	12.623344	11.059579	0.010701	0
conventional	ce1342	619	0.195032	37.761219	1	14	7	8.952350	2.521101	13.321242	12.966526	0.028950	0
conventional	ce1343	619	0	38.867239	0	14	7	5.847852	5.565067	13.372088	14.082232	2.190835	0
conventional	ce1344	619	0.422327	21.864488	1	14	7	7.201741	1.326337	5.648045	7.688365	0.029870	0
conventional	ce1345	619	0.299541	41.441385	1	14	7	11.313690	2.852725	13.903093	13.371877	1.021954	0
holistic	he1051	620	0	0	0	0	2	0	0	0	0	0	0
holistic	he1052	620	0	0	0	0	2	0	0	0	0	0	0
conventional	ce1346	620	0.071975	46.317035	1	14	7	13.655928	5.579358	15.522600	11.559149	0.789185	0
conventional	ce1347	620	0.719570	53.617186	1	14	7	7.724780	3.769679	22.339452	19.783275	0	0
holistic	he1053	622	0	0	0	0	0	0	0	0	0	0	0
conventional	ce1348	622	0.561883	52.682026	1	14	7	14.581974	5.431224	20.937530	11.731298	0.697212	0
conventional	ce1349	622	0	41.889098	0	14	7	4.653540	6.389658	21.845735	9.000165	0	0
conventional	ce1350	623	2.062382	59.357943	1	14	7	13.812363	5.035163	22.790097	17.720320	0.206070	0
holistic	he1054	625	0	0	0	0	3	0	0	0	0	0	0
holistic	he1055	625	0	0	0	0	2	0	0	0	0	0	0
conventional	ce1351	625	0	69.308799	0	14	7	18.438637	11.629616	27.433181	11.807365	0.890432	0
conventional	ce1352	625	1.596791	61.163483	1	14	7	7.959574	2.503291	32.396421	18.304197	0.510921	0
conventional	ce1353	625	0.318937	47.865651	1	14	7	13.081397	3.957742	13.315170	17.511342	1.021954	0
holistic	he1056	626	1.563094	2.447188	2	2	8	0	0	0	2.447188	0	0
holistic	he1057	626	0	0	0	0	2	0	0	0	0	0	0
holistic	he1058	627	0	0	0	0	6	0	0	0	0	0	0
holistic	he1059	627	0	0	0	0	2	0	0	0	0	0	0
conventional	ce1354	627	0.560176	49.013894	1	14	7	11.140070	3.511307	22.391073	11.971444	0.755190	0
conventional	ce1355	627	0	49.132060	0	14	7	15.657088	5.603211	13.651861	14.219900	1.216023	0
conventional	ce1356	628	0	64.676087	0	14	7	16.900467	7.180927	24.322654	16.272039	2.110689	0
conventional	ce1357	628	0.053231	20.904050	1	14	7	4.035641	1.204624	6.853465	8.810320	0.029870	0
conventional	ce1358	628	0.893218	63.657767	1	14	7	15.372052	10.100454	19.906620	18.278641	3.110991	0
conventional	ce1359	628	0.299541	37.648372	1	14	7	11.005688	2.557369	13.041677	11.043638	1.021954	0
conventional	ce1360	628	0	26.762779	0	14	7	2.669374	2.833290	11.925202	9.334913	0.913446	0
holistic	he1060	629	0	0	0	0	2	0	0	0	0	0	0
holistic	he1061	629	0	0	0	0	3	0	0	0	0	0	0
conventional	ce1361	629	1.214846	47.733131	1	14	7	13.515049	6.180142	15.162659	12.875281	0.202012	0
holistic	he1062	630	0	0	0	0	0	0	0	0	0	0	0
conventional	ce1362	630	0	38.985054	0	14	7	6.267328	5.995390	12.295695	14.426641	2.387225	0
conventional	ce1363	630	0.893218	68.598348	1	14	7	16.998541	10.171672	22.710620	18.717515	3.110991	0
holistic	he1063	631	0	0	0	0	4	0	0	0	0	0	0
holistic	he1064	631	0	0	0	0	2	0	0	0	0	0	0
holistic	he1065	631	0	0	0	0	2	0	0	0	0	0	0
holistic	he1066	631	0	1.608066	0	2	6	0	0	0	1.608066	0	0
conventional	ce1364	631	0.394176	44.722412	1	14	7	13.968526	3.100418	17.776178	9.877290	1.218823	0
holistic	he1067	632	0	0	0	0	4	0	0	0	0	0	0
conventional	ce1365	632	0.042161	41.452171	1	14	7	8.071239	2.595021	20.266925	10.518986	0.439870	0
conventional	ce1366	632	0	50.961321	0	14	7	10.971961	7.813536	17.957845	14.217979	1.847890	0
conventional	ce1367	632	0.085938	49.192820	1	14	7	11.053641	6.247527	21.317120	10.574532	1.166455	0
conventional	ce1368	632	0	50.546997	0	14	7	9.862895	9.501568	18.199900	12.982634	3.761829	0
conventional	ce1369	632	0	65.128117	0	14	7	17.286282	5.223300	19.856227	22.762308	1.404477	0
holistic	he1068	633	0	0	0	0	1	0	0	0	0	0	0
holistic	he1069	633	0	0	0	0	3	0	0	0	0	0	0
holistic	he1070	633	0	0	0	0	4	0	0	0	0	0	0
holistic	he1071	633	0.471760	0.804934	2	2	4	0	0	0	0.804934	0	0
holistic	he1072	633	0	0	0	0	2	0	0	0	0	0	0
holistic	he1073	633	0	0	0	0	0	0	0	0	0	0	0
conventional	ce1370	633	2.210634	30.824089	1	14	7	7.681882	1.794171	13.422743	7.925293	0.886648	0
holistic	he1074	634	0.257340	0.317682	2	2	7	0	0	0	0.317682	0	0
conventional	ce1371	634	0.640459	57.576930	1	14	7	22.485647	4.766631	16.315614	14.009038	1.021954	0
conventional	ce1372	634	0	47.974152	0	14	7	15.636577	5.288695	10.514987	16.533893	1.404477	0
holistic	he1075	635	0	0	0	0	3	0	0	0	0	0	0
holistic	he1076	635	0	0	0	0	2	0	0	0	0	0	0
holistic	he1077	635	0	0	0	0	0	0	0	0	0	0	0
holistic	he1078	635	0	0	0	0	2	0	0	0	0	0	0
conventional	ce1373	635	0.422327	26.858136	1	14	7	8.837867	2.312044	7.330855	8.377370	0.058847	0
conventional	ce1374	635	0.905325	48.013279	1	14	7	13.748010	7.365479	15.339612	11.560178	0.494911	0
conventional	ce1375	636	1.214846	47.358875	1	14	7	11.106137	6.410751	16.912924	12.929063	0.566008	0
holistic	he1079	637	0	0	0	0	1	0	0	0	0	0	0
conventional	ce1376	637	0.550680	56.189970	1	14	7	15.700522	10.993964	13.434910	16.060574	0.202012	0
holistic	he1080	638	0	0	0	0	2	0	0	0	0	0	0
holistic	he1081	638	4.600800	6.873550	2	2	8	0	0	0	6.873550	0	0
holistic	he1082	638	0	0	0	0	3	0	0	0	0	0	0
holistic	he1083	638	0	0	0	0	0	0	0	0	0	0	0
conventional	ce1377	638	1.171212	51.638552	1	14	7	11.222313	6.290696	22.300636	11.824907	0.834991	0
conventional	ce1378	638	0	53.794965	0	14	7	6.154245	4.993557	20.864902	21.782261	4.866950	0
conventional	ce1379	639	0.893218	46.189765	1	14	7	16.279689	3.880817	12.129201	13.900058	3.110991	0
conventional	ce1380	640	0.318937	50.022114	1	14	7	12.591422	3.170108	16.548142	17.712442	1.021954	0
conventional	ce1381	640	0.217665	56.396570	1	14	7	9.938062	4.134165	25.603420	16.720923	0.391656	0
holistic	he1084	641	0	0	0	0	3	0	0	0	0	0	0
holistic	he1085	641	0	0	0	0	0	0	0	0	0	0	0
holistic	he1086	641	0	0	0	0	3	0	0	0	0	0	0
conventional	ce1382	641	0	27.131856	0	14	7	4.040085	6.306473	11.021295	5.764003	1.404477	0
holistic	he1087	642	0	0	0	0	2	0	0	0	0	0	0
holistic	he1088	642	0	0	0	0	6	0	0	0	0	0	0
holistic	he1089	642	0	0	0	0	2	0	0	0	0	0	0
conventional	ce1383	642	0.550680	61.830368	1	14	7	25.411076	5.712376	16.678360	14.028556	0.697212	0
conventional	ce1384	642	0.719570	50.553025	1	14	7	15.025547	3.267907	21.858679	10.400892	0.697212	0
conventional	ce1385	642	0	54.299274	0	14	7	13.673963	6.479606	17.628710	16.516995	1.847890	0
conventional	ce1386	642	0	37.328884	0	14	7	4.563470	7.637914	18.897734	6.229766	0.890432	0
conventional	ce1387	642	0.893218	61.350079	1	14	7	17.970503	4.140614	19.298855	19.940107	3.110991	0
holistic	he1090	643	0	0	0	0	3	0	0	0	0	0	0
conventional	ce1388	643	0	45.220595	0	14	7	10.038724	6.546938	15.056053	13.578880	2.190835	0
conventional	ce1389	643	0.893218	53.025670	1	14	7	14.505238	3.931294	18.094394	16.494744	3.110991	0
conventional	ce1390	643	0.049969	27.420923	1	14	7	8.560177	2.260515	8.727458	7.872773	0.533325	0
holistic	he1091	644	0	0	0	0	2	0	0	0	0	0	0
conventional	ce1391	644	0.719570	50.777012	1	14	7	13.701447	5.531565	19.838038	11.705962	0.697212	0
conventional	ce1392	645	0.886055	58.499188	1	14	7	11.735461	4.139527	27.380840	15.243360	0.755190	0
conventional	ce1393	645	0.640459	49.453288	1	14	7	12.759321	4.887607	17.014934	14.791426	1.021954	0
conventional	ce1394	645	0.299541	38.036902	1	14	7	10.224141	3.211558	14.832011	9.769192	1.021954	0
holistic	he1092	646	0	0	0	0	2	0	0	0	0	0	0
holistic	he1093	647	0	0	0	0	4	0	0	0	0	0	0
holistic	he1094	647	0	0	0	0	1	0	0	0	0	0	0
holistic	he1095	648	0	0	0	0	2	0	0	0	0	0	0
conventional	ce1395	649	0.550680	61.917909	1	14	7	17.402073	7.833634	21.046602	15.635600	0.697212	0
conventional	ce1396	649	0.157278	43.975732	1	14	7	13.114647	3.892445	19.798471	7.170169	0.755190	0
holistic	he1096	650	0	0	0	0	4	0	0	0	0	0	0
holistic	he1097	650	0	0	0	0	2	0	0	0	0	0	0
conventional	ce1397	650	0	41.176341	0	14	7	4.268333	8.431944	20.487373	7.988691	3.275071	0
holistic	he1098	651	0	0	0	0	0	0	0	0	0	0	0
holistic	he1099	652	0	0	0	0	0	0	0	0	0	0	0
holistic	he1100	652	0	0	0	0	1	0	0	0	0	0	0
holistic	he1101	652	0	0	0	0	3	0	0	0	0	0	0
holistic	he1102	653	0	0	0	0	2	0	0	0	0	0	0
conventional	ce1398	653	0.893218	57.902034	1	14	7	16.588112	4.635042	14.561118	22.117762	3.110991	0
holistic	he1103	654	0	0	0	0	2	0	0	0	0	0	0
holistic	he1104	654	0	0	0	0	2	0	0	0	0	0	0
conventional	ce1399	654	0	47.217928	0	14	7	14.248999	3.119398	24.146751	5.702780	2.190835	0
conventional	ce1400	654	0.893218	60.316763	1	14	7	19.927014	4.107596	19.534701	16.747452	3.110991	0
holistic	he1105	655	0	0	0	0	3	0	0	0	0	0	0
conventional	ce1401	655	0.886055	65.006769	1	14	7	13.041407	5.565076	31.888834	14.511452	0.755190	0
holistic	he1106	656	0	0	0	0	0	0	0	0	0	0	0
holistic	he1107	656	0	0	0	0	0	0	0	0	0	0	0
conventional	ce1402	656	0.600405	43.794965	1	14	7	13.264057	1.179151	14.278884	15.072873	0	0
conventional	ce1403	657	0	58.571885	0	14	7	15.485057	3.869698	24.118039	15.099091	3.717401	0
holistic	he1108	658	0	0	0	0	2	0	0	0	0	0	0
holistic	he1109	658	0	0	0	0	2	0	0	0	0	0	0
holistic	he1110	658	0	0	0	0	6	0	0	0	0	0	0
holistic	he1111	658	0	0	0	0	3	0	0	0	0	0	0
holistic	he1112	659	0	0	0	0	2	0	0	0	0	0	0
conventional	ce1404	659	1.893706	61.510318	1	14	7	19.861394	5.418349	19.469781	16.760794	3.110991	0
conventional	ce1405	659	0.837661	56.149571	1	14	7	19.300938	12.242614	12.219192	12.386827	0.491320	0
conventional	ce1406	659	1.171212	51.716526	1	14	7	12.637129	6.381912	24.014149	8.683336	1.592583	0
conventional	ce1407	659	0	61.143662	0	14	7	17.998872	3.902709	22.394371	16.847710	2.841617	0
conventional	ce1408	659	0.607763	62.247770	1	14	7	15.484053	7.689778	27.615136	11.458803	0.213224	0
holistic	he1113	660	0	0	0	0	2	0	0	0	0	0	0
holistic	he1114	660	0	0	0	0	2	0	0	0	0	0	0
conventional	ce1409	660	0.603229	46.695506	1	14	7	12.036980	5.263762	14.813646	14.581118	0.202012	0
conventional	ce1410	660	0.217665	52.931597	1	14	7	8.866705	1.610434	24.060914	18.393544	0.391656	0
conventional	ce1411	660	0	63.873672	0	14	7	16.846317	9.374414	25.461524	12.191417	0.890432	0
conventional	ce1412	660	2.924521	52.674203	1	14	7	6.037473	2.697967	30.283173	13.655590	0.819723	0
conventional	ce1413	662	0.719570	52.953279	1	14	7	14.796247	2.984877	23.681848	11.490307	1.038439	0
conventional	ce1414	662	0.131231	43.518824	1	14	7	11.390148	3.946419	16.073256	12.109001	1.021954	0
holistic	he1115	663	0	0	0	0	4	0	0	0	0	0	0
holistic	he1116	664	0	0	0	0	2	0	0	0	0	0	0
holistic	he1117	664	0	0	0	0	2	0	0	0	0	0	0
holistic	he1118	665	0	0	0	0	4	0	0	0	0	0	0
holistic	he1119	665	0	0	0	0	0	0	0	0	0	0	0
holistic	he1120	665	0	0	0	0	2	0	0	0	0	0	0
holistic	he1121	665	0	2.291210	0	2	4	0	0	0	2.291210	0	0
holistic	he1122	666	0	0	0	0	0	0	0	0	0	0	0
conventional	ce1415	666	0.186657	58.303120	1	14	7	16.353400	3.146842	27.845436	10.957442	0.196942	0
holistic	he1123	667	4.600800	7.869946	2	2	10	0	0	0	7.869946	0	0
conventional	ce1416	668	0.299541	43.685418	1	14	7	10.029887	2.678881	15.346575	15.630075	1.021954	0
holistic	he1124	669	0	0	0	0	0	0	0	0	0	0	0
holistic	he1125	670	0	0	0	0	2	0	0	0	0	0	0
conventional	ce1417	670	0.435952	51.004369	1	14	7	14.384853	6.015540	16.854557	13.749419	0.202012	0
holistic	he1126	671	0	0	0	0	0	0	0	0	0	0	0
holistic	he1127	671	0	0	0	0	2	0	0	0	0	0	0
conventional	ce1418	671	0.893218	57.257516	1	14	7	15.940154	10.461672	15.057517	15.798173	3.110991	0
holistic	he1128	672	0	9.303328	0	2	2	0	0	0	9.303328	0	0
holistic	he1129	672	0	0	0	0	2	0	0	0	0	0	0
holistic	he1130	673	0	4.824198	0	6	9	0	0	0	4.824198	0	0
holistic	he1131	673	0	0	0	0	0	0	0	0	0	0	0
conventional	ce1419	673	0.071975	50.383496	1	14	7	14.040188	8.495155	14.646635	13.201518	2.109849	0
conventional	ce1420	673	0	59.188744	0	14	7	15.562346	4.038410	26.097349	13.490639	3.798743	0
conventional	ce1421	674	0.131231	41.172206	1	14	7	11.037540	4.177139	12.985991	12.971536	1.021954	0
conventional	ce1422	674	0	37.089860	0	14	7	6.844686	3.650598	11.525956	15.068620	2.190835	0
holistic	he1132	675	0	0	0	0	4	0	0	0	0	0	0
holistic	he1133	675	0	0	0	0	6	0	0	0	0	0	0
conventional	ce1423	675	0.893218	56.403370	1	14	7	23.474964	5.220377	15.447833	12.260196	3.623734	0
holistic	he1134	676	0	0	0	0	2	0	0	0	0	0	0
holistic	he1135	676	2.047107	2.047107	1	1	8	0	0	0	2.047107	0	0
holistic	he1136	676	0	0	0	0	2	0	0	0	0	0	0
conventional	ce1424	676	0	35.218516	0	14	7	4.692027	5.493391	18.443798	6.589300	0.890432	0
conventional	ce1425	676	0.640459	56.596511	1	14	7	22.180213	5.270429	15.824975	13.320894	1.021954	0
conventional	ce1426	676	0.648429	44.197018	1	14	7	11.169312	3.200663	13.683582	16.143461	0.284637	0
conventional	ce1427	676	0.727418	48.450437	1	14	7	15.499088	4.845387	17.998329	10.107633	0.044265	0
conventional	ce1428	676	0.893218	58.590815	1	14	7	14.365819	9.531987	17.160858	17.532151	2.931873	0
holistic	he1137	677	0	0	0	0	2	0	0	0	0	0	0
conventional	ce1429	677	0	59.496270	0	14	7	14.741248	4.804762	24.779713	15.170547	3.647970	0
conventional	ce1430	677	0.042161	40.193182	1	14	7	8.937902	2.327047	19.837732	9.090501	0.352964	0
holistic	he1138	678	0	0	0	0	0	0	0	0	0	0	0
conventional	ce1431	678	0.186657	66.970759	1	14	7	17.116390	5.259754	31.399914	13.194701	0.196942	0
conventional	ce1432	678	0.431151	56.286407	1	14	7	15.317189	10.979156	17.293852	12.696210	0.548801	0
conventional	ce1433	678	0.042161	40.077565	1	14	7	7.904352	2.530427	18.781257	10.861529	0.439870	0
conventional	ce1434	678	0.603229	43.213334	1	14	7	16.262973	3.834499	12.537451	10.578411	0.202012	0
holistic	he1139	679	0	0	0	0	4	0	0	0	0	0	0
holistic	he1140	679	0	0	0	0	2	0	0	0	0	0	0
holistic	he1141	679	0	0	0	0	4	0	0	0	0	0	0
conventional	ce1435	679	0	57.969856	0	14	7	15.432893	1.497152	23.409440	17.630371	3.717401	0
conventional	ce1436	679	0.685798	58.820025	1	14	7	10.590602	2.000308	26.883869	19.345246	1.012247	0
conventional	ce1437	679	0.054128	61.844050	1	14	7	16.889637	9.823153	20.819939	14.311321	2.101424	0
conventional	ce1438	679	0.612753	45.752880	1	14	7	13.721017	6.873666	14.655238	10.502959	0.202012	0
conventional	ce1439	679	0	50.544685	0	14	7	7.801363	8.885209	20.453704	13.404409	1.847890	0
holistic	he1142	680	0	0	0	0	2	0	0	0	0	0	0
holistic	he1143	680	0	0	0	0	3	0	0	0	0	0	0
conventional	ce1440	680	2.062382	48.721513	1	14	7	12.593513	4.484991	15.630808	16.012201	0.100027	0
conventional	ce1441	680	0.769583	38.746819	1	14	7	10.835343	3.739744	14.656704	9.515028	0.552037	0
conventional	ce1442	680	0.730933	45.500503	1	14	7	13.414621	4.046166	14.469381	13.570335	1.021954	0
conventional	ce1443	681	0.186657	30.012609	1	14	7	3.877680	1.235580	17.637687	7.261662	0.557969	0
conventional	ce1444	681	0	45.285201	0	14	7	10.550239	7.186029	16.196667	11.352266	2.922431	0
conventional	ce1445	682	0.719570	54.899535	1	14	7	12.936204	2.701898	26.257150	13.004283	1.038439	0
conventional	ce1446	683	0	55.948415	0	14	7	14.374133	4.065395	20.129614	17.379273	0	0
conventional	ce1447	684	0.186657	68.358938	1	14	7	16.699470	5.459967	33.998640	12.200861	0.196942	0
holistic	he1144	685	0	0	0	0	4	0	0	0	0	0	0
holistic	he1145	685	0	0	0	0	0	0	0	0	0	0	0
holistic	he1146	685	0	0	0	0	0	0	0	0	0	0	0
conventional	ce1448	685	0.905325	69.157696	1	14	7	13.620358	9.602600	24.393085	21.541653	0.494911	0
conventional	ce1449	685	0.719570	54.653064	1	14	7	14.786942	6.711631	21.317000	11.837491	1.193856	0
conventional	ce1450	685	0.577647	56.214609	1	14	7	14.747394	4.047142	19.209913	18.210160	3.136419	0
holistic	he1147	686	0	0	0	0	0	0	0	0	0	0	0
conventional	ce1451	686	0.131231	42.819716	1	14	7	10.902842	4.794661	12.863867	14.258346	1.021954	0
holistic	he1148	687	0	0	0	0	2	0	0	0	0	0	0
conventional	ce1452	687	0.550680	55.880876	1	14	7	15.489071	10.993964	14.471609	14.926232	0.297833	0
conventional	ce1453	688	0.893218	57.725092	1	14	7	17.636317	4.109725	17.336164	18.642886	3.110991	0
conventional	ce1454	688	0.996775	51.707875	1	14	7	13.864377	2.709137	24.389132	10.745229	0.697212	0
conventional	ce1455	688	0.520994	49.102400	1	14	7	8.877582	2.853230	31.560904	5.810684	0.755190	0
conventional	ce1456	688	0.740839	49.033193	1	14	7	14.971548	4.140474	19.655753	10.265418	0.044265	0
conventional	ce1457	688	0.514091	55.227047	1	14	7	17.272134	5.266545	21.541831	11.146537	1.021954	0
holistic	he1149	689	2.873221	5.301322	1	1	4	0	0	0	5.301322	0	0
conventional	ce1458	689	1.056177	42.789783	1	14	7	8.261509	2.589795	22.762959	9.175520	0.289282	0
holistic	he1150	690	0	0	0	0	2	0	0	0	0	0	0
conventional	ce1459	690	0.650306	61.472189	1	14	7	16.081375	10.057617	19.925263	15.407934	0.202012	0
conventional	ce1460	690	0.299541	49.163562	1	14	7	10.330893	3.017490	18.011013	17.804166	1.436463	0
conventional	ce1461	690	0.042161	34.767093	1	14	7	11.347474	0.834486	14.417716	8.167417	0.439870	0
holistic	he1151	691	0	0	0	0	0	0	0	0	0	0	0
holistic	he1152	691	0	0	0	0	6	0	0	0	0	0	0
conventional	ce1462	691	1.104586	47.613663	1	14	7	15.050795	4.234102	17.026862	11.301904	0.202012	0
conventional	ce1463	691	0.520708	58.968873	1	14	7	15.531054	3.303204	28.269872	11.864743	0.196942	0
holistic	he1153	692	0	0	0	0	6	0	0	0	0	0	0
conventional	ce1464	692	0.018023	37.592899	1	14	7	14.783332	3.697322	10.140980	8.971265	0.202012	0
conventional	ce1465	692	0.514091	60.590345	1	14	7	16.118716	5.530372	25.878320	13.062937	0.356773	0
conventional	ce1466	692	0.468080	53.686709	1	14	7	16.962595	4.302997	20.913939	11.507178	0.460419	0
conventional	ce1467	692	0.936861	58.108936	2	14	7	22.124821	12.083630	12.620891	11.279594	0.491320	0
conventional	ce1468	692	0.710632	51.988803	1	14	7	14.465776	2.642507	22.100820	12.779700	0.596572	0
conventional	ce1469	692	2.924521	46.042424	1	14	7	5.037945	3.222854	29.155328	8.626297	0.845570	0
holistic	he1154	693	0	0	0	0	3	0	0	0	0	0	0
holistic	he1155	693	0	0	0	0	2	0	0	0	0	0	0
holistic	he1156	693	0	0	0	0	2	0	0	0	0	0	0
holistic	he1157	694	0	0	0	0	12	0	0	0	0	0	0
conventional	ce1470	694	0.157278	40.251846	1	14	7	12.486276	3.848731	17.626112	6.290727	0.755190	0
conventional	ce1471	694	0	57.917891	0	14	7	15.644585	4.236637	24.314701	13.721968	4.060656	0
holistic	he1158	695	0	0	0	0	3	0	0	0	0	0	0
holistic	he1159	695	0	0	0	0	2	0	0	0	0	0	0
holistic	he1160	695	0	0	0	0	2	0	0	0	0	0	0
conventional	ce1472	695	0.607763	59.820124	1	14	7	11.957665	7.339326	29.111204	11.411929	0.213224	0
conventional	ce1473	695	0.514091	60.159561	1	14	7	17.623761	6.698288	24.693734	11.143778	1.021954	0
holistic	he1161	697	0	0	0	0	2	0	0	0	0	0	0
conventional	ce1474	697	0.564305	46.366241	1	14	7	10.835108	3.784092	19.673934	12.073107	1.021954	0
conventional	ce1475	697	1.552750	48.076105	1	14	7	9.497202	6.084024	20.539797	11.955082	3.110991	0
conventional	ce1476	697	0.368103	39.986406	1	14	7	12.101065	2.718437	19.590972	5.575932	0.521116	0
holistic	he1162	698	0	0	0	0	0	0	0	0	0	0	0
holistic	he1163	698	0	0	0	0	0	0	0	0	0	0	0
conventional	ce1477	698	0.685798	53.968855	1	14	7	14.575201	3.388890	22.288747	13.716017	1.192986	0
holistic	he1164	699	0	0	0	0	2	0	0	0	0	0	0
holistic	he1165	699	0	0	0	0	0	0	0	0	0	0	0
conventional	ce1478	700	1.868264	81.359217	1	14	7	18.361900	8.516412	36.561595	17.919310	0.213224	0
holistic	he1166	701	0	0	0	0	2	0	0	0	0	0	0
holistic	he1167	701	0	0	0	0	0	0	0	0	0	0	0
holistic	he1168	701	0	0	0	0	0	0	0	0	0	0	0
holistic	he1169	701	0	0	0	0	2	0	0	0	0	0	0
holistic	he1170	702	0	0	0	0	1	0	0	0	0	0	0
holistic	he1171	702	0	2.291210	0	2	4	0	0	0	2.291210	0	0
holistic	he1172	702	0	0	0	0	2	0	0	0	0	2.330393	0
conventional	ce1479	702	0	45.275399	0	14	7	6.470345	6.081344	16.379466	16.344244	2.190835	0
conventional	ce1480	702	0.157278	39.281296	1	14	7	11.062934	2.113535	20.191189	5.913638	0.923097	0
conventional	ce1481	702	0.607763	64.615876	1	14	7	16.746200	6.040678	27.000202	14.828796	1.713232	0
conventional	ce1482	702	0.936861	56.325570	2	14	7	16.727647	9.710036	14.845315	15.042572	0.491320	0
conventional	ce1483	703	1.492958	52.702841	2	14	7	17.679893	10.770966	11.691678	12.560304	0.491320	0
holistic	he1173	704	0	0	0	0	2	0	0	0	0	0	0
conventional	ce1484	704	0.305600	48.222955	1	14	7	13.048745	4.600322	23.500545	7.073343	0.755190	0
conventional	ce1485	705	1.591604	53.093096	1	14	7	13.902279	4.684748	21.392224	13.113845	3.191445	0
conventional	ce1486	705	0.157278	48.343329	1	14	7	11.097174	3.459223	25.174315	8.612617	0.755190	0
holistic	he1174	706	0	0	0	0	2	0	0	0	0	0	0
holistic	he1175	707	0	0	0	0	2	0	0	0	0	0	0
holistic	he1176	708	0	0	0	0	0	0	0	0	0	0	0
conventional	ce1487	709	0.131231	80.239893	1	14	7	14.502421	10.349442	39.286687	16.101343	3.341824	0
holistic	he1177	710	0	0	0	0	0	0	0	0	0	0	0
holistic	he1178	711	0	0	0	0	0	0	0	0	0	0	0
holistic	he1179	711	0	0	0	0	2	0	0	0	0	0	0
holistic	he1180	712	0	0	0	0	2	0	0	0	0	0	0
holistic	he1181	713	0	0	0	0	9	0	0	0	0	0	0
conventional	ce1488	713	0.270116	55.303932	1	14	7	14.931430	3.476683	25.727979	11.167840	1.038439	0
holistic	he1182	714	0	0	0	0	2	0	0	0	0	0	0
holistic	he1183	714	0	0	0	0	2	0	0	0	0	0	0
conventional	ce1489	714	0.186657	64.860161	1	14	7	13.256516	5.013609	34.403762	12.186274	0.419336	0
holistic	he1184	715	0	0	0	0	2	0	0	0	0	0	0
holistic	he1185	715	0	0	0	0	9	0	0	0	0	0	0
conventional	ce1490	715	0.520708	65.453933	1	14	7	16.071899	4.202661	30.562202	14.617171	0.291996	0
holistic	he1186	716	0	0	0	0	0	0	0	0	0	0	0
holistic	he1187	716	0	0	0	0	4	0	0	0	0	0	0
holistic	he1188	716	0	0	0	0	2	0	0	0	0	0	0
holistic	he1189	717	0	0	0	0	2	0	0	0	0	0	0
conventional	ce1491	717	0.186657	30.447277	1	14	7	3.790694	1.133147	17.920342	7.603094	0.557969	0
holistic	he1190	718	0	3.015098	0	2	4	0	0	0	3.015098	0	0
holistic	he1191	718	0	0	0	0	3	0	0	0	0	0	0
holistic	he1192	718	0	0	0	0	6	0	0	0	0	0	0
holistic	he1193	719	0	0	0	0	1	0	0	0	0	0	0
conventional	ce1492	719	1.754139	64.645647	1	14	7	15.931563	7.244333	29.594033	11.875718	0.213224	0
conventional	ce1493	719	0.186657	67.466855	1	14	7	7.400620	5.384297	39.127429	15.554509	0.203364	0
conventional	ce1494	719	0.579651	42.848924	1	14	7	10.117920	2.770629	16.471628	13.488747	2.361257	0
conventional	ce1495	719	1.250322	48.070981	1	14	7	15.468530	4.150155	17.618670	10.833626	1.038439	0
holistic	he1194	720	0	0	0	0	11	0	0	0	0	0	0
holistic	he1195	720	0	0	0	0	2	0	0	0	0	0	0
holistic	he1196	720	0	2.984534	0	2	6	0	0	0	2.984534	0	0
holistic	he1197	720	0	0	0	0	6	0	0	0	0	0	0
conventional	ce1496	720	0.312074	42.057003	1	14	7	10.944977	6.414153	12.279426	12.418447	1.650233	0
conventional	ce1497	720	0.410827	69.123873	1	14	7	13.908801	2.417890	35.657770	17.139412	0.337701	0
conventional	ce1498	720	1.868264	82.323074	1	14	7	17.609628	6.778646	37.791734	20.143066	0.213224	0
holistic	he1198	722	0	0	0	0	6	0	0	0	0	0	0
holistic	he1199	722	0	0	0	0	0	0	0	0	0	0	0
conventional	ce1499	722	0.305600	46.430278	1	14	7	8.595065	4.894296	24.339206	8.601711	0.755190	0
conventional	ce1500	722	0.727418	42.531407	1	14	7	13.904117	3.787261	15.396453	9.443576	0.044265	0
conventional	ce1501	722	0.719570	53.151101	1	14	7	13.367038	2.735141	25.916285	11.132637	1.038439	0
holistic	he1200	723	0	0	0	0	6	0	0	0	0	0	0
holistic	he1201	723	0	2.291210	0	2	4	0	0	0	2.291210	0	0
holistic	he1202	724	0	0	0	0	2	0	0	0	0	0	0
holistic	he1203	724	0	0	0	0	2	0	0	0	0	0	0
holistic	he1204	724	0	0	0	0	12	0	0	0	0	0	0
holistic	he1205	725	0	0	0	0	2	0	0	0	0	0	0
holistic	he1206	725	0	0	0	0	2	0	0	0	0	0	0
holistic	he1207	726	0	0	0	0	0	0	0	0	0	0	0
holistic	he1208	726	0	0	0	0	2	0	0	0	0	0	0
conventional	ce1502	726	0.678855	52.748159	1	14	7	12.936734	3.801134	26.257526	9.752765	0.755190	0
conventional	ce1503	726	0.612753	41.606395	1	14	7	12.723795	4.889248	13.419892	10.573460	0.202012	0
conventional	ce1504	728	0.314471	37.620458	1	14	7	10.830966	3.586651	15.379886	7.822955	0.202012	0
holistic	he1209	729	0	0.868800	0	2	7	0	0	0	0.868800	0	0
holistic	he1210	730	0	0	0	0	2	0	0	0	0	0	0
holistic	he1211	730	0	0	0	0	1	0	0	0	0	0	0
conventional	ce1505	730	0	62.878077	0	14	7	16.533013	4.771170	26.826285	14.747609	3.647970	0
holistic	he1212	731	0	0	0	0	4	0	0	0	0	0	0
holistic	he1213	732	0	3.399452	0	2	4	0	0	0	3.399452	0	0
holistic	he1214	733	0	0	0	0	2	0	0	0	0	0	0
holistic	he1215	733	0	0	0	0	6	0	0	0	0	0	0
conventional	ce1506	733	0.704723	46.873389	1	14	7	11.620342	5.259406	15.779927	14.213714	1.034631	0
conventional	ce1507	733	0.186657	62.803364	1	14	7	13.131753	3.433154	29.029157	17.209300	0.196942	0
holistic	he1216	734	0	0	0	0	1	0	0	0	0	0	0
conventional	ce1508	734	2.924521	49.230947	1	14	7	4.677006	2.981342	27.502000	14.070599	1.522641	0
conventional	ce1509	734	0.186657	53.691798	1	14	7	8.374155	2.971635	26.963154	15.382854	0.154058	0
holistic	he1217	735	0	0	0	0	2	0	0	0	0	0	0
holistic	he1218	735	0	0	0	0	2	0	0	0	0	0	0
holistic	he1219	736	0	0	0	0	2	0	0	0	0	0	0
holistic	he1220	736	0	0	0	0	0	0	0	0	0	0	0
conventional	ce1510	736	1.468420	51.325780	1	14	7	8.825908	5.990239	20.521511	15.988122	0.962266	0
conventional	ce1511	736	0.564305	40.266132	1	14	7	7.195875	2.179220	19.398049	11.492988	1.524907	0
conventional	ce1512	736	0.612753	52.319096	1	14	7	16.574657	6.114034	17.621354	12.009051	0.274508	0
holistic	he1221	737	0	0	0	0	2	0	0	0	0	0	0
conventional	ce1513	737	1.104586	52.757098	1	14	7	13.243308	3.292381	21.318576	14.902833	0.202012	0
conventional	ce1514	737	0.607763	54.985114	1	14	7	12.796241	6.310242	22.548294	13.330337	0.213224	0
holistic	he1222	738	0	0	0	0	2	0	0	0	0	0	0
holistic	he1223	738	4.587856	9.088924	2	2	12	0	0	0	9.088924	0	0
conventional	ce1515	738	2.922275	59.437253	1	14	7	11.177958	4.372177	31.441557	12.445561	0.845570	0
conventional	ce1516	738	0	50.835249	0	14	7	12.434012	6.316975	20.449860	11.634402	4.011379	0
holistic	he1224	739	0	0	0	0	0	0	0	0	0	0	0
holistic	he1225	739	0	0	0	0	12	0	0	0	0	0	0
holistic	he1226	739	0	0	0	0	2	0	0	0	0	0	0
holistic	he1227	739	0	0	0	0	6	0	0	0	0	0	0
holistic	he1228	739	0	0	0	0	2	0	0	0	0	0	0
conventional	ce1517	739	1.477988	69.888703	1	14	7	17.053328	5.251992	32.873406	14.709977	0.213224	0
conventional	ce1518	739	0	45.626743	0	14	7	6.852454	5.789888	20.332307	12.652094	2.418337	0
conventional	ce1519	739	0	49.969878	0	14	7	11.945679	8.137993	16.713968	13.172238	2.922431	0
holistic	he1229	740	0	0	0	0	2	0	0	0	0	0	0
holistic	he1230	740	0	0	0	0	3	0	0	0	0	0	0
conventional	ce1520	740	1.247905	40.582588	1	14	7	12.302426	2.941973	21.362975	3.975214	0.232613	0
conventional	ce1521	740	1.868264	90.962774	1	14	7	8.006308	13.213661	51.175592	18.567213	0.213224	0
conventional	ce1522	740	0.727418	45.642835	1	14	7	14.471491	3.147872	18.415968	9.607504	0.445202	0
conventional	ce1523	740	1.151603	47.955221	2	14	7	12.474529	1.415954	24.810602	9.254136	0.233637	0
conventional	ce1524	741	0.996775	55.574148	1	14	7	13.354209	2.506745	28.711015	11.002179	0.975715	0
conventional	ce1525	741	1.477988	66.424285	1	14	7	23.487884	13.222124	12.899961	16.814316	0.270431	0
conventional	ce1526	741	0.520708	61.403816	1	14	7	15.621692	4.028851	27.381140	14.372133	0.307023	0
holistic	he1231	742	0	0	0	0	0	0	0	0	0	0	0
conventional	ce1527	742	0.678855	55.943412	1	14	7	13.481097	4.602967	29.244130	8.615218	1.984206	0
conventional	ce1528	742	1.067957	55.136215	1	14	7	15.082611	8.186585	16.727681	15.139338	0.291996	0
conventional	ce1529	743	1.019785	52.789515	1	14	7	19.601888	6.731672	15.452504	11.003451	0.274508	0
holistic	he1232	744	0	0	0	0	12	0	0	0	0	0	0
holistic	he1233	744	0	0	0	0	4	0	0	0	0	0	0
conventional	ce1530	744	0.520708	49.693561	1	14	7	11.796651	3.048896	24.205306	10.642708	0.196942	0
holistic	he1234	745	0	0	0	0	2	0	0	0	0	0	0
holistic	he1235	745	0	0	0	0	0	0	0	0	0	0	0
conventional	ce1531	746	1.877136	52.725363	2	14	7	16.185487	10.205384	12.924802	13.409690	0.491320	0
conventional	ce1532	746	0.305600	44.808875	1	14	7	8.625152	5.057021	21.424305	9.702397	0.755190	0
holistic	he1236	747	0	0	0	0	0	0	0	0	0	0	0
conventional	ce1533	747	0	36.540023	0	14	7	9.720515	6.160002	14.116250	6.543256	2.190835	0
conventional	ce1534	748	1.654836	36.054382	1	14	7	8.103265	1.647912	15.407606	10.895599	1.524907	0
conventional	ce1535	748	1.756246	67.223180	1	14	7	15.950251	4.618771	29.850798	16.803360	0.448861	0
conventional	ce1536	748	1.154157	53.403991	2	14	7	11.776123	3.660566	27.444230	10.523072	0.755190	0
holistic	he1237	749	0	0	0	0	2	0	0	0	0	0	0
holistic	he1238	749	0	0	0	0	14	0	0	0	0	0	0
holistic	he1239	750	0	0	0	0	12	0	0	0	0	0	0
conventional	ce1537	750	0.157278	41.341637	1	14	7	15.103746	3.603563	17.115307	5.519021	0.923097	0
holistic	he1240	751	0	0	0	0	0	0	0	0	0	0	0
holistic	he1241	751	0.477921	1.392450	3	3	9	0	0	0	1.392450	0	0
conventional	ce1538	751	0.194004	39.933214	1	14	7	7.474506	2.835160	14.583636	15.039912	0.202012	0
conventional	ce1539	751	0.520708	51.722244	1	14	7	7.438935	2.492639	30.587250	11.203420	0.159457	0
holistic	he1242	752	0	0	0	0	0	0	0	0	0	0	0
conventional	ce1540	752	0.520708	55.483493	1	14	7	15.625462	4.609878	24.415126	10.833027	1.399913	0
conventional	ce1541	752	0.305600	31.780342	1	14	7	4.151351	3.819398	18.618688	5.190905	0.853724	0
conventional	ce1542	752	1.154157	52.194083	2	14	7	10.454088	5.625236	25.727077	10.387682	0.829286	0
conventional	ce1543	752	2.085959	55.124437	2	14	7	19.170854	12.897753	9.233110	13.822720	1.028213	0
conventional	ce1544	752	1.301150	58.186294	1	14	7	13.962893	1.838820	27.176584	15.207997	1.569816	0
conventional	ce1545	752	0.612753	55.165145	1	14	7	17.866673	5.819306	16.843634	14.635532	0.624413	0
holistic	he1243	753	0	2.984534	0	2	6	0	0	0	2.984534	0	0
holistic	he1244	753	0	0	0	0	2	0	0	0	0	0	0
holistic	he1245	754	0	0	0	0	2	0	0	0	0	0	0
conventional	ce1546	754	0.186657	68.370751	1	14	7	8.941753	2.633412	41.075492	15.720094	0.426700	0
conventional	ce1547	754	0.685798	57.153466	1	14	7	13.699051	3.299884	22.993645	17.160886	1.192986	0
holistic	he1246	755	0	0	0	0	0	0	0	0	0	0	0
conventional	ce1548	755	1.179178	55.214082	2	14	7	15.968692	8.581249	18.416258	12.247883	0.491320	0
conventional	ce1549	756	0.612753	40.351929	1	14	7	7.041992	2.175267	18.876238	12.258432	1.025448	0
conventional	ce1550	756	1.281924	45.614838	1	14	7	8.842557	3.809956	20.383907	12.578418	3.049355	0
conventional	ce1551	756	0.980950	48.304830	1	14	7	15.575394	5.507481	17.345656	9.876299	1.038439	0
holistic	he1247	757	0	0	0	0	8	0	0	0	0	0	0
conventional	ce1552	757	1.868264	82.794489	1	14	7	16.763084	10.060735	38.898769	17.071901	0.213224	0
conventional	ce1553	757	0.607763	52.733726	1	14	7	12.092099	3.857203	22.292966	14.491458	0.213224	0
conventional	ce1554	757	0.685798	55.337118	1	14	7	14.257868	3.438904	24.039107	13.601239	1.192986	0
conventional	ce1555	757	0	49.063988	0	14	7	7.964855	5.602905	17.871664	17.624564	2.286648	0
holistic	he1248	758	0	0	0	0	2	0	0	0	0	0	0
holistic	he1249	758	0	0	0	0	2	0	0	0	0	0	0
conventional	ce1556	758	0.314471	42.119950	1	14	7	10.979432	4.907201	15.593135	10.640182	1.004815	0
conventional	ce1557	758	1.250322	49.838846	1	14	7	15.483393	3.922546	19.416048	11.016859	0.772822	0
holistic	he1250	759	0	0	0	0	2	0	0	0	0	0	1.346770
holistic	he1251	759	0	0	0	0	2	0	0	0	0	0	0
holistic	he1252	759	0	0	0	0	0	0	0	0	0	0	0
holistic	he1253	760	0	0	0	0	2	0	0	0	0	0	0
conventional	ce1558	760	2.006802	62.272701	1	14	7	12.921258	6.703747	28.871631	13.776065	0.213224	0
conventional	ce1559	760	1.855047	89.402735	1	14	7	16.989712	10.240094	44.705298	17.467631	0.264515	0
holistic	he1254	761	0	0	0	0	2	0	0	0	0	2.330393	0
holistic	he1255	761	0	0	0	0	2	0	0	0	0	0	0
holistic	he1256	761	0	0	0	0	2	0	0	0	0	0	0
holistic	he1257	761	0	0	0	0	6	0	0	0	0	0	0
holistic	he1258	762	0	0	0	0	2	0	0	0	0	0	0
holistic	he1259	762	0	0	0	0	2	0	0	0	0	0	0
conventional	ce1560	762	0.685798	54.427891	1	14	7	12.216598	3.493114	18.862831	19.855348	1.192986	0
conventional	ce1561	762	1.877136	56.639114	2	14	7	19.155243	11.521047	13.780762	12.182062	0.491320	0
conventional	ce1562	762	1.247905	36.036750	1	14	7	1.800733	4.863063	27.046868	2.326086	0.409328	0
conventional	ce1563	762	1.754139	57.846374	1	14	7	12.327420	6.022624	27.490410	12.005920	0.213224	0
conventional	ce1564	763	0.525403	54.535910	2	14	7	13.887317	7.242810	24.219696	9.186087	0.755190	0
holistic	he1260	764	0	0	0	0	2	0	0	0	0	0	0.748891
holistic	he1261	764	0	0	0	0	1	0	0	0	0	0	0
conventional	ce1565	764	3.164145	54.303772	1	14	7	10.338549	5.434747	30.566016	7.964460	0.845570	0
conventional	ce1566	764	0.624345	77.260123	1	14	7	17.399177	6.964436	39.260789	13.635721	0.213224	0
conventional	ce1567	765	0.054912	53.310932	1	14	7	14.023983	4.384062	24.845368	10.057519	0.302152	0
conventional	ce1568	765	1.247905	39.711669	1	14	7	11.900486	3.017182	20.135422	4.658579	0.232613	0
holistic	he1262	766	0	0	0	0	3	0	0	0	0	0	0
conventional	ce1569	766	0.336631	30.875853	1	14	7	4.817576	3.505059	18.786894	3.766324	0.853724	0
conventional	ce1570	766	0.741807	43.791848	2	14	7	8.493853	3.137522	24.110461	8.050012	0.755190	0
conventional	ce1571	766	0.154398	37.076910	1	14	7	10.168429	4.146938	16.610169	6.151374	0.923097	0
conventional	ce1572	767	1.272001	61.886172	1	14	7	13.621243	4.434378	32.001010	11.829541	0.213224	0
conventional	ce1573	767	0.612753	31.022144	1	14	7	2.773797	0.617882	19.904727	7.725738	0.274508	0
conventional	ce1574	767	0.352639	51.659030	1	14	7	14.367713	2.711719	21.558655	13.020943	0.307023	0
conventional	ce1575	767	0.520708	59.402633	1	14	7	6.987815	5.717761	29.692623	17.004434	0.291996	0
holistic	he1263	768	0	0	0	0	6	0	0	0	0	0	0
holistic	he1264	768	0	2.984534	0	2	6	0	0	0	2.984534	0	0
conventional	ce1576	768	0.314471	43.021680	1	14	7	10.885139	5.928808	15.598048	10.609685	1.178291	0
conventional	ce1577	769	0.021632	56.061422	1	14	7	12.039137	2.823451	28.709503	12.489331	0.307023	0
conventional	ce1578	769	0.186657	70.045283	1	14	7	14.805585	3.569823	31.982720	19.687155	0.196942	0
holistic	he1265	770	0	0	0	0	12	0	0	0	0	0	0
conventional	ce1579	770	0.142180	47.382051	1	14	7	10.156292	2.417061	24.918982	9.889716	0.196942	0
holistic	he1266	771	0	0	0	0	3	0	0	0	0	0	2.423470
holistic	he1267	771	0	0	0	0	2	0	0	0	0	0	0
conventional	ce1580	771	1.281924	55.869504	1	14	7	14.422960	2.934440	28.535469	9.976635	3.146315	0
conventional	ce1581	771	0.520708	61.187249	1	14	7	15.572451	2.660316	27.104120	15.850362	0.307023	0
conventional	ce1582	772	1.929315	78.951553	1	14	7	13.292656	4.386649	37.929675	23.342573	0.028401	0
holistic	he1268	773	0	0	0	0	2	0	0	0	0	0	0
holistic	he1269	774	0	0	0	0	2	0	0	0	0	0	0
conventional	ce1583	774	0.520708	45.768751	1	14	7	10.381816	4.585024	19.527690	11.274221	0.196942	0
conventional	ce1584	774	1.026406	40.887920	1	14	7	8.063539	2.833775	21.224544	8.766062	1.524907	0
holistic	he1270	775	0	0	0	0	2	0	0	0	0	0	0
holistic	he1271	775	0	0	0	0	2	0	0	0	0	0	0
holistic	he1272	775	0	0	0	0	2	0	0	0	0	0	0.748891
conventional	ce1585	775	0.202823	37.965513	1	14	7	5.151833	2.180145	19.813543	10.819992	0.467534	0
conventional	ce1586	775	0.186657	42.211291	1	14	7	12.573672	3.039344	19.903124	6.695151	1.884087	0
holistic	he1273	776	2.441664	4.751688	3	3	6	0	0	0	4.751688	0	0
conventional	ce1587	776	0.612753	56.014168	1	14	7	16.717212	6.361936	16.915885	16.019135	0.202012	0
holistic	he1274	777	0	0	0	0	14	0	0	0	0	0.407496	0
holistic	he1275	777	0	0	0	0	0	0	0	0	0	0	0
conventional	ce1588	777	0.564305	38.598509	1	14	7	7.266752	2.314424	17.516993	11.500340	1.524907	0
conventional	ce1589	777	1.250322	60.972130	1	14	7	18.845953	3.896010	27.534342	10.695825	1.038439	0
conventional	ce1590	777	1.849881	43.991899	1	14	7	16.332545	0.484430	16.994202	10.180722	1.569816	0
holistic	he1276	778	0	0	0	0	3	0	0	0	0	0	0
holistic	he1277	778	0	0	0	0	12	0	0	0	0	0	0
holistic	he1278	778	0	0	0	0	8	0	0	0	0	0	0
conventional	ce1591	778	1.031639	51.862258	1	14	7	15.836769	6.175989	18.645813	11.203687	0	0
conventional	ce1592	778	1.663312	48.222369	2	14	7	8.623919	2.791228	25.420609	11.386613	0.554222	0
conventional	ce1593	778	1.250322	50.145623	1	14	7	15.684074	4.431745	19.894126	10.135678	1.038439	0
conventional	ce1594	779	1.489432	46.594991	1	14	7	13.052291	4.315384	14.872018	14.355298	0.202012	0
conventional	ce1595	779	2.304757	89.050214	1	14	7	5.037520	13.361960	51.794962	18.855772	0.259055	0
conventional	ce1596	779	0.564305	30.865101	1	14	7	9.725843	2.663635	13.146278	5.329345	1.647670	0
holistic	he1279	780	0	0	0	0	0	0	0	0	0	0	0
holistic	he1280	780	0	0	0	0	6	0	0	0	0	0	0
holistic	he1281	780	0	0	0	0	2	0	0	0	0	0	0
conventional	ce1597	780	0.186657	59.482023	1	14	7	12.416438	3.221701	26.772549	17.071335	0.196942	0
conventional	ce1598	780	0.186657	41.355603	1	14	7	9.359982	4.484244	22.214558	5.296819	0.426700	0
conventional	ce1599	780	0.314471	34.192464	1	14	7	10.948901	3.789338	9.395257	10.058968	0.377790	0
conventional	ce1600	780	2.342659	50.659518	2	14	7	15.320518	10.256215	12.590137	12.492648	0.491320	0
conventional	ce1601	781	0.314471	43.829164	1	14	7	12.014631	6.052727	13.727475	12.034331	0.795694	0
holistic	he1282	782	0	0	0	0	2	0	0	0	0	0	0
holistic	he1283	782	0	0	0	0	2	0	0	0	0	0	0
conventional	ce1602	782	0.314471	37.466886	1	14	7	10.460665	3.037068	14.599800	9.369353	0.202012	0
conventional	ce1603	782	2.342659	53.696667	2	14	7	13.504803	10.700354	16.470845	13.020665	0.021131	0
conventional	ce1604	782	0.157278	50.248858	1	14	7	18.779077	5.611643	18.766218	7.091920	1.513589	0
holistic	he1284	783	0	0	0	0	4	0	0	0	0	0	0
holistic	he1285	783	0	2.984534	0	2	6	0	0	0	2.984534	0	0
holistic	he1286	784	0	0	0	0	2	0	0	0	0	0	0
holistic	he1287	784	0	0	0	0	8	0	0	0	0	0	0
holistic	he1288	784	0	0	0	0	3	0	0	0	0	0	0
holistic	he1289	784	0	0	0	0	2	0	0	0	0	0	0
holistic	he1290	785	0	0	0	0	0	0	0	0	0	0	0
holistic	he1291	786	0	0	0	0	4	0	0	0	0	0	0
conventional	ce1605	786	0.474877	55.535319	1	14	7	15.596611	4.009832	23.787893	12.140983	0.307023	0
conventional	ce1606	786	0.147727	48.028211	1	14	7	14.614579	10.913037	13.920815	8.579780	0.325705	0
conventional	ce1607	786	0.448819	57.432176	1	14	7	14.433917	4.356582	27.922621	10.719056	0.975715	0
conventional	ce1608	786	0.675593	50.063032	1	14	7	14.840559	5.653704	17.510158	12.058611	1.072849	0
conventional	ce1609	787	1.250322	49.436132	1	14	7	15.125784	4.205341	19.940301	10.164706	1.038439	0
holistic	he1292	788	0	0	0	0	1	0	0	0	0	0	0
holistic	he1293	788	0	0	0	0	2	0	0	0	0	2.406776	0
conventional	ce1610	788	0.855231	39.439192	1	14	7	10.155434	2.938138	18.846584	7.499036	1.884087	0
conventional	ce1611	788	1.136250	64.105837	1	14	7	13.818843	4.775717	33.339796	12.171481	0.213224	0
holistic	he1294	789	0	0	0	0	8	0	0	0	0	0	0
holistic	he1295	789	0	0	0	0	2	0	0	0	0	0	0
conventional	ce1612	789	0.429527	49.555197	2	14	7	3.185527	2.120919	31.323732	12.925019	0.186705	0
conventional	ce1613	789	0.843434	46.973323	1	14	7	14.001090	6.356132	15.881919	10.734182	1.399913	0
holistic	he1296	790	0	0	0	0	6	0	0	0	0	0	0
holistic	he1297	790	0	0	0	0	2	0	0	0	0	0	0
holistic	he1298	790	0	0	0	0	2	0	0	0	0	0	0
holistic	he1299	791	0	0	0	0	12	0	0	0	0	0	0
holistic	he1300	792	0	0	0	0	2	0	0	0	0	0	0
holistic	he1301	793	0	0	0	0	0	0	0	0	0	0	0
conventional	ce1614	793	0.627923	28.088103	1	14	7	4.135293	1.307467	17.075773	5.569570	0.853724	0
conventional	ce1615	793	0.132079	35.340425	1	14	7	11.326503	4.158032	10.072392	9.783498	0.130044	0
conventional	ce1616	794	0.216782	55.026580	1	14	7	15.764478	3.587125	23.048808	12.626169	0.340567	0
holistic	he1302	795	0	0	0	0	2	0	0	0	0	0	0
holistic	he1303	796	0	0	0	0	2	0	0	0	0	3.582032	0
conventional	ce1617	796	0	49.417653	0	14	7	11.172414	5.750009	19.210233	13.284997	3.305248	0
conventional	ce1618	796	2.006802	65.496212	1	14	7	12.340544	6.048521	33.301738	13.805409	0.163358	0
holistic	he1304	797	0	0	0	0	2	0	0	0	0	0	0
conventional	ce1619	797	0.508524	52.843879	2	14	7	13.983156	6.790838	22.396758	9.673127	0.755190	0
holistic	he1305	798	0	0	0	0	4	0	0	0	0	0	0
conventional	ce1620	798	2.245163	65.581278	1	14	7	14.167051	7.287060	31.219095	12.908072	0.213224	0
holistic	he1306	799	0	0	0	0	2	0	0	0	0	0	0
holistic	he1307	799	0	0	0	0	3	0	0	0	0	0	0
holistic	he1308	799	0	0	0	0	6	0	0	0	0	0	0
holistic	he1309	799	0	0	0	0	2	0	0	0	0	0	0
holistic	he1310	799	0	0	0	0	1	0	0	0	0	0	0
conventional	ce1621	799	0.054912	51.048991	1	14	7	12.868945	3.520479	25.265846	9.393721	0.594679	0
conventional	ce1622	799	0.305600	52.736532	1	14	7	15.473398	2.789235	16.871704	17.602195	0.853724	0
conventional	ce1623	799	1.710564	60.727953	1	14	7	11.996141	3.697528	31.286696	13.747588	0.307023	0
conventional	ce1624	800	1.154157	39.146173	2	14	7	9.024194	4.835212	16.826980	8.459787	0.829286	0
conventional	ce1625	800	0.627923	24.639568	1	14	7	2.994627	1.365943	18.589093	1.689905	0.853724	0
conventional	ce1626	800	0.021260	55.555339	1	14	7	17.632954	5.596013	21.364007	10.962365	1.034792	0
conventional	ce1627	800	0.976113	56.402992	1	14	7	13.891250	3.179985	23.741139	15.590618	0.853724	0
conventional	ce1628	801	1.754215	60.645320	1	14	7	17.202502	4.968253	21.745741	16.728824	0.213224	0
conventional	ce1629	801	0.980950	60.437962	1	14	7	14.620314	1.843070	29.686221	14.288357	1.038439	0
holistic	he1311	802	0	0	0	0	8	0	0	0	0	0	0
conventional	ce1630	802	1.877136	58.710128	2	14	7	15.292649	11.289900	16.010565	16.117014	0.491320	0
conventional	ce1631	802	0.071877	55.616746	1	14	7	14.838411	2.343142	21.966476	16.468717	0.853724	0
holistic	he1312	803	2.490010	9.205930	1	1	4	0	0	0	9.205930	0	0
conventional	ce1632	803	1.281924	44.801828	1	14	7	9.400147	3.977240	18.236726	13.187715	2.521635	0
holistic	he1313	804	0	0	0	0	2	0	0	0	0	0	0
holistic	he1314	804	0	0	0	0	2	0	0	0	0	0	1.346770
conventional	ce1633	804	0.516291	48.759773	1	14	7	19.038316	7.436983	10.369826	11.914648	1.884087	0
conventional	ce1634	804	0.305600	35.385470	1	14	7	5.254465	3.332282	20.523556	6.275167	0.853724	0
holistic	he1315	805	0	0	0	0	6	0	0	0	0	0	0
conventional	ce1635	805	0	54.782442	0	14	7	18.669907	3.405531	22.423118	10.283886	1.038439	0
holistic	he1316	806	0	0	0	0	2	0	0	0	0	0	0
holistic	he1317	806	3.783994	10.264049	3	3	8	0.502715	0	0	9.761334	0	0
conventional	ce1636	806	1.713514	54.370773	1	14	7	10.281898	2.905143	26.126857	15.056875	0.748144	0
conventional	ce1637	806	0.627073	39.497796	2	14	7	11.660517	6.012774	18.147063	3.677442	0.755190	0
holistic	he1318	807	0	0	0	0	2	0	0	0	0	0	0
conventional	ce1638	807	0.021632	37.651151	1	14	7	11.523694	2.404918	18.202510	5.520029	0.307023	0
conventional	ce1639	807	0.049980	48.869452	1	14	7	14.155879	2.765606	17.996311	13.951656	0.307023	0
conventional	ce1640	808	0.980950	65.217497	1	14	7	17.650961	6.493984	26.722495	14.350057	0	0
conventional	ce1641	808	1.136578	39.830974	1	14	7	10.637195	2.548588	15.258970	11.386221	0.202012	0
holistic	he1319	809	0	0	0	0	4	0	0	0	0	0	0
holistic	he1320	809	0	0	0	0	2	0	0	0	0	0	0
holistic	he1321	809	0	0	0	0	1	0	0	0	0	0	0
holistic	he1322	810	0	0	0	0	2	0	0	0	0	0	0
holistic	he1323	810	0	0	0	0	4	0	0	0	0	0	0
holistic	he1324	811	0	0	0	0	1	0	0	0	0	0	0
conventional	ce1642	811	0.520708	61.466276	1	14	7	6.006660	1.095336	35.298945	19.065335	1.399913	0
conventional	ce1643	812	0.913915	43.167189	1	14	7	8.855102	3.170429	21.669860	9.471798	1.524907	0
conventional	ce1644	812	0.405311	60.174329	1	14	7	14.484509	4.233125	33.883277	7.573418	0.975715	0
conventional	ce1645	812	0.508524	55.026434	2	14	7	14.747199	7.592659	23.963492	8.723084	1.627366	0
conventional	ce1646	812	0.186657	46.579275	1	14	7	13.144682	2.970033	22.158014	8.306546	1.884087	0
conventional	ce1647	812	0.980950	56.229488	1	14	7	15.249040	6.944882	22.271830	11.763736	1.038439	0
conventional	ce1648	812	2.258864	40.854011	2	14	7	9.294120	2.180190	19.393823	9.985878	0.491320	0
conventional	ce1649	812	0.525403	60.017942	2	14	7	12.347678	9.387412	26.378036	11.904816	0.615512	0
holistic	he1325	813	0	0	0	0	2	0	0	0	0	0	0
holistic	he1326	813	2.125173	4.135773	3	3	6	0	0	0	4.135773	0	0
holistic	he1327	813	0	0	0	0	2	0	0	0	0	2.330393	0
conventional	ce1650	813	0.448819	58.215000	1	14	7	14.706089	5.255428	26.939479	11.314004	0.747052	0
holistic	he1328	814	0	0	0	0	2	0	0	0	0	0	0
holistic	he1329	814	0	0	0	0	0	0	0	0	0	0	0
conventional	ce1651	814	0.030597	49.950852	1	14	7	10.726876	6.440166	21.736914	11.046896	1.515871	0
conventional	ce1652	814	1.877136	54.836600	2	14	7	13.275963	11.689184	13.897456	15.973997	0.491320	0
conventional	ce1653	814	0.292663	84.970116	1	14	7	19.464831	8.816528	41.298637	15.390120	0.554222	0
conventional	ce1654	814	0.068270	44.483045	1	14	7	12.989536	4.318403	14.759125	12.415981	1.004815	0
holistic	he1330	815	0	0	0	0	6	0	0	0	0	0	0
conventional	ce1655	815	1.250322	66.327858	1	14	7	17.294071	3.558710	33.905115	11.569962	1.038439	0
conventional	ce1656	816	1.705420	54.308404	1	14	7	17.197184	3.075529	14.589378	19.446313	0.025920	0
conventional	ce1657	816	0.474877	39.912188	1	14	7	10.135940	2.430406	17.769198	9.576644	0.436493	0
conventional	ce1658	816	0.980950	64.113687	1	14	7	14.119293	1.843070	33.196952	14.954372	0.925950	0
conventional	ce1659	816	0.980950	36.715928	1	14	7	14.483222	3.802972	10.247628	8.182106	1.038439	0
holistic	he1331	817	0	0	0	0	1	0	0	0	0	0	0
holistic	he1332	817	0	0	0	0	2	0	0	0	0	0	0
holistic	he1333	817	0	0	0	0	2	0	0	0	0	3.582032	0
holistic	he1334	817	2.490010	9.205930	1	1	4	0	0	0	9.205930	0	0
holistic	he1335	817	0	0	0	0	6	0	0	0	0	0	0
conventional	ce1660	817	0	55.237060	0	14	7	18.772186	3.250134	23.153010	10.061730	1.038439	0
conventional	ce1661	817	1.250322	52.857253	1	14	7	15.593090	5.077746	21.668525	10.517892	1.038439	0
conventional	ce1662	817	0.054912	56.148544	1	14	7	15.181951	4.274179	22.033360	14.659054	0.594679	0
holistic	he1336	818	0	0	0	0	2	0	0	0	0	0	0
conventional	ce1663	818	0.191462	43.491649	1	14	7	10.738072	6.484826	16.164999	10.103752	1.236669	0
conventional	ce1664	818	0.054912	57.073226	1	14	7	14.335664	5.056476	27.264474	10.416612	0.302152	0
holistic	he1337	819	0	0	0	0	6	0	0	0	0	0	0
holistic	he1338	819	0	0	0	0	1	0	0	0	0	0	0
holistic	he1339	819	0	0	0	0	2	0	0	0	0	0	0
conventional	ce1665	819	1.776966	59.240200	1	14	7	14.140626	5.163265	26.589634	13.346675	0.975715	0
holistic	he1340	820	0	0	0	0	2	0	0	0	0	0	0
holistic	he1341	820	0	0	0	0	2	0	0	0	0	0	0
conventional	ce1666	820	0.843434	42.321734	1	14	7	13.759281	5.820011	11.953330	10.789112	1.259413	0
conventional	ce1667	820	1.710564	56.401930	1	14	7	10.455552	3.530303	31.312161	11.103914	0.307023	0
conventional	ce1668	820	0.443192	42.288244	2	14	7	13.214424	1.141785	19.809278	8.122757	0.755190	0
holistic	he1342	821	0	0	0	0	6	0	0	0	0	0	0
holistic	he1343	821	0	0	0	0	5	0	0	0	0	0	0
holistic	he1344	821	0	0	0	0	8	0	0	0	0	0	0
holistic	he1345	821	0	0	0	0	1	0	0	0	0	0	0
conventional	ce1669	821	1.250322	47.410315	1	14	7	16.499480	4.660882	16.616550	9.633403	1.714147	0
holistic	he1346	822	0	0	0	0	6	0	0	0	0	0	0
holistic	he1347	822	0	0	0	0	2	0	0	0	0	0	0
holistic	he1348	823	0	0	0	0	2	0	0	0	0	0	0
holistic	he1349	823	0	0	0	0	2	0	0	0	0	0	0
conventional	ce1670	823	0.627923	43.266415	1	14	7	12.573672	3.161174	20.395152	7.136417	0.853724	0
conventional	ce1671	823	1.798116	50.844170	1	14	7	12.585543	4.963795	27.947424	5.347408	0.598750	0
holistic	he1350	824	0	0	0	0	3	0	0	0	0	0	0
conventional	ce1672	824	0.627073	42.614012	2	14	7	11.686951	6.266501	21.658223	3.002337	0.033232	0
holistic	he1351	825	0	0	0	0	0	0	0	0	0	0	0
holistic	he1352	825	0	0	0	0	2	0	0	0	0	0	0
conventional	ce1673	825	1.450323	60.881295	1	14	7	13.369693	3.142882	24.436297	19.932423	0.853724	0
holistic	he1353	826	0	0	0	0	4	0	0	0	0	0	0
holistic	he1354	826	0	0	0	0	3	0	0	0	0	0	0
conventional	ce1674	826	0.186657	23.985976	1	14	7	5.467851	2.011807	13.968857	2.537461	1.376058	0
conventional	ce1675	826	0.380829	48.866086	2	14	7	5.277940	1.795951	29.732335	12.059860	0.186705	0
conventional	ce1676	827	1.432858	29.869721	1	14	7	5.436789	0.221130	19.075244	5.136558	0.853724	0
conventional	ce1677	827	1.368423	56.883472	1	14	7	12.658310	4.512714	19.704251	20.008197	0.853724	0
conventional	ce1678	827	0.443192	58.455058	2	14	7	14.306096	2.828741	24.686372	16.633849	0.755190	0
holistic	he1355	828	0	0	0	0	1	0	0	0	0	0	0
holistic	he1356	828	0	0	0	0	6	0	0	0	0	0	0
conventional	ce1679	828	0.405311	57.186133	1	14	7	14.740558	3.459859	32.172171	6.813545	0.975715	0
holistic	he1357	829	5.116500	18.072914	2	2	8	0	0	0	18.072914	0	0
conventional	ce1680	829	1.250322	52.675371	1	14	7	17.038706	4.332537	18.803558	12.500570	1.038439	0
conventional	ce1681	829	0.160275	48.070631	1	14	7	1.298575	6.704145	32.426567	7.641344	0.503568	0
conventional	ce1682	829	1.954691	62.997095	1	14	7	14.472142	4.446349	32.008008	12.070596	1.647777	0
holistic	he1358	830	0	0	0	0	2	0	0	0	0	3.582032	0
holistic	he1359	831	0	0	0	0	2	0	0	0	0	0	0
conventional	ce1683	831	0.998001	44.034835	1	14	7	12.207138	3.176188	21.163179	7.488330	0.853724	0
holistic	he1360	832	0	0	0	0	1	0	0	0	0	0	0
holistic	he1361	833	0	0	0	0	1	0	0	0	0	0	0
holistic	he1362	834	0.847057	3.131692	1	1	4	0	0	0	3.131692	0	0
conventional	ce1684	834	0.465195	27.097844	1	14	7	5.747696	2.999031	15.022418	3.328699	0.554222	0
holistic	he1363	835	0	0	0	0	8	0	0	0	0	0	0
holistic	he1364	835	0	0	0	0	2	0	0	0	0	0	0
conventional	ce1685	835	0.508524	61.731851	2	14	7	15.068185	8.498602	27.808315	10.356749	0.755190	0
holistic	he1365	836	0	0	0	0	6	0	0	0	0	0	0
holistic	he1366	837	0	0	0	0	8	0	0	0	0	0	0
holistic	he1367	837	0	0	0	0	0	0	0	0	0	0	0
conventional	ce1686	837	1.710564	51.972084	1	14	7	10.515317	4.273730	23.249233	13.933804	0.391037	0
holistic	he1368	838	0	0	0	0	2	0	0	0	0	0	0
holistic	he1369	838	0	0	0	0	2	0	0	0	0	1.911224	0
conventional	ce1687	838	0.349940	33.545751	1	14	7	11.151969	3.314610	11.497141	7.582031	0.202012	0
conventional	ce1688	838	0.998001	44.989247	1	14	7	11.894006	1.173065	23.142403	8.779773	0.853724	0
conventional	ce1689	838	0.424102	39.501396	2	14	7	12.178028	1.154348	18.421204	7.747816	0.755190	0
holistic	he1370	840	0	0	0	0	2	0	0	0	0	0	1.921425
holistic	he1371	840	0	0	0	0	2	0	0	0	0	0	0
holistic	he1372	840	0	0	0	0	6	0	0	0	0	0	0
conventional	ce1690	840	1.713514	55.492595	1	14	7	12.126028	2.734323	24.613274	16.018970	0.748144	0
conventional	ce1691	840	0.305600	36.331940	1	14	7	5.171154	3.431215	19.987101	7.742470	0.853724	0
conventional	ce1692	840	0.559630	76.976620	1	14	7	13.808968	3.641735	47.669890	11.856027	0.555549	0
holistic	he1373	841	0	0	0	0	2	0	0	0	0	0	0
holistic	he1374	841	0	0	0	0	1	0	0	0	0	0	0
conventional	ce1693	841	1.713514	56.547682	1	14	7	11.655027	2.768232	27.079936	15.044487	0.748144	0
conventional	ce1694	841	0	50.066686	0	14	7	11.789846	7.138989	16.770966	14.366885	3.305248	0
conventional	ce1695	841	0.627073	42.505321	2	14	7	11.619709	6.024771	20.207757	4.653084	0.380984	0
holistic	he1375	842	0	0	0	0	2	0	0	0	0	0	0
conventional	ce1696	842	0.054912	51.942002	1	14	7	13.794711	5.368536	22.009197	10.769558	0.787059	0
conventional	ce1697	842	0.761992	44.340474	1	14	7	14.241339	3.616363	14.075592	12.407180	0.202012	0
conventional	ce1698	842	0.944148	37.232775	1	14	7	7.032588	3.825433	20.606096	5.768658	1.945207	0
conventional	ce1699	842	0	55.806392	0	14	7	18.511052	2.929555	22.496315	11.869470	1.038439	0
holistic	he1376	843	0	0	0	0	2	0	0	0	0	0	0
holistic	he1377	844	0	0	0	0	2	0	0	0	0	0	0
holistic	he1378	844	0	0	0	0	8	0	0	0	0	0	0
holistic	he1379	844	0	0	0	0	1	0	0	0	0	0	0
conventional	ce1700	844	0.402765	63.983969	1	14	7	14.633783	3.322560	26.574259	19.453367	0.853724	0
holistic	he1380	845	0	0	0	0	2	0	0	0	0	3.582032	0
holistic	he1381	845	0	0	0	0	4	0	0	0	0	0	0
holistic	he1382	846	0	0	0	0	3	0	0	0	0	0	0
holistic	he1383	846	0	0	0	0	2	0	0	0	0	0	0
conventional	ce1701	846	1.136250	50.420404	1	14	7	14.985439	4.417517	21.725382	9.292066	1.826769	0
conventional	ce1702	846	0.933376	29.423276	1	14	7	4.260708	2.628813	15.723407	6.810348	0.676229	0
holistic	he1384	848	0	0	0	0	2	0	0	0	0	0	0
holistic	he1385	848	4.903824	10.824546	2	2	10	0	0	0	10.824546	0	0
conventional	ce1703	848	0.980950	43.460428	1	14	7	16.503295	3.004650	14.671850	9.280633	1.038439	0
conventional	ce1704	848	1.306407	50.713781	1	14	7	11.308104	2.824010	23.424143	13.157524	0.853724	0
holistic	he1386	849	0	0	0	0	3	0	0	0	0	0	0
holistic	he1387	849	2.453464	9.070815	1	1	4	0	0	0	9.070815	0	0
conventional	ce1705	849	0	51.919481	0	14	7	13.399914	5.253110	20.737309	12.529148	3.305248	0
conventional	ce1706	849	0.283028	54.615881	1	14	7	14.408366	2.677024	27.628103	9.902388	0.405377	0
holistic	he1388	850	0.513893	0.804554	1	1	14	0	0	0	0.804554	0	0
holistic	he1389	850	0	0	0	0	3	0	0	0	0	0	3.568408
holistic	he1390	850	0	0	0	0	2	0	0	0	0	0	1.921425
holistic	he1391	850	0	0	0	0	2	0	0	0	0	0	0
conventional	ce1707	850	3.023317	60.788351	2	14	7	15.991851	6.395555	28.125492	10.275453	0.975715	0
conventional	ce1708	850	1.018633	40.229656	1	14	7	7.038099	3.583445	23.788111	5.820001	2.298343	0
holistic	he1392	852	5.520296	7.587844	2	2	20	0	0	0	7.587844	0	0
conventional	ce1709	852	1.483304	69.898416	2	14	7	19.725078	4.167733	34.389323	11.616282	1.038439	0
holistic	he1393	853	0	0	0	0	6	0	0	0	0	0	0
conventional	ce1710	853	0.843434	50.090560	1	14	7	15.151983	6.347556	15.605361	12.985660	1.444299	0
holistic	he1394	854	0	0	0	0	3	0	0	0	0	0	0
holistic	he1395	854	0	0	0	0	2	0	0	0	0	0	1.988128
conventional	ce1711	854	0.085387	46.334279	1	14	7	11.763538	4.046550	23.027937	7.496254	2.274175	0
conventional	ce1712	854	2.069482	59.434919	2	14	7	16.278152	6.933656	22.838623	13.384488	1.038439	0
holistic	he1396	856	0	0	0	0	6	0	0	0	0	0	0
holistic	he1397	856	0	1.497992	0	2	3	0	0	0.314838	1.183154	0	0
conventional	ce1713	856	0.559630	70.661382	1	14	7	13.737893	3.626100	42.972613	10.324776	0.555549	0
holistic	he1398	857	0	0	0	0	3	0	0	0	0	0	0
conventional	ce1714	857	0.330754	38.183736	1	14	7	13.730699	4.718938	11.560954	8.173145	1.038439	0
holistic	he1399	858	0	0	0	0	2	0	0	0	0	0	0
conventional	ce1715	858	0.699319	39.600180	1	14	7	7.231220	4.019293	21.298740	7.050927	1.945207	0
holistic	he1400	859	0	0	0	0	2	0	0	0	0	0	0
holistic	he1401	859	0	0	0	0	2	0	0	0	0	2.330393	0
holistic	he1402	859	0	0	0	0	4	0	0	0	0	0	0
holistic	he1403	859	0	0	0	0	6	0	0	0	0	0	0
conventional	ce1716	859	1.323214	52.189564	1	14	7	15.205396	6.077688	20.267322	10.639158	0.474508	0
conventional	ce1717	859	0.535877	83.527723	1	14	7	20.919762	8.019155	39.811572	14.777234	0.242233	0
conventional	ce1718	859	1.949773	48.431128	1	14	7	8.885247	5.563424	24.615807	9.366650	0.213224	0
holistic	he1404	860	0	0	0	0	4	0	0	0	0	0	0
conventional	ce1719	860	0.507118	57.112375	1	14	7	15.028765	7.014623	21.997933	13.071054	1.038439	0
conventional	ce1720	860	0.191803	39.608588	1	14	7	6.896017	6.583954	22.712385	3.416232	0.853724	0
conventional	ce1721	861	0.262716	57.215520	2	14	7	14.633926	2.927926	34.204611	5.449057	0.975715	0
conventional	ce1722	861	0.944148	39.694578	1	14	7	7.111863	5.131503	18.982702	8.468510	2.639925	0
conventional	ce1723	861	0.539070	52.531052	2	14	7	13.612023	5.254658	23.193235	10.471136	0.866891	0
holistic	he1405	862	0	0	0	0	2	0	0	0	0	0	0
conventional	ce1724	862	0.620033	53.235499	2	14	7	11.941254	7.717408	23.233502	10.343335	0.866891	0
holistic	he1406	863	0	0	0	0	2	0	0	0	0	0	1.921425
conventional	ce1725	863	0.391574	45.595767	1	14	7	12.248989	4.323244	19.745161	9.278373	0.853724	0
holistic	he1407	864	0	0	0	0	2	0	0	0	0	0	0
holistic	he1408	864	0	0	0	0	6	0	0	0	0	0	0
conventional	ce1726	864	1.994763	51.836386	1	14	7	14.375881	4.977539	23.606103	8.876863	1.647777	0
conventional	ce1727	864	0.522964	58.924197	2	14	7	12.732801	7.770126	29.813611	8.607659	1.627366	0
holistic	he1409	865	0	0	0	0	6	0	0	0	0	0	0
conventional	ce1728	865	0.998001	44.728327	1	14	7	12.277399	2.630638	21.395627	8.424663	0.853724	0
holistic	he1410	866	0	0	0	0	2	0	0	0	0	0	0
conventional	ce1729	866	1.020951	55.696217	1	14	7	12.138802	3.439903	25.998338	14.119174	0.853724	0
conventional	ce1730	866	1.136250	53.699288	1	14	7	18.143380	3.986548	21.852352	9.717008	2.357955	0
conventional	ce1731	866	1.804991	61.559130	1	14	7	15.136211	6.345527	26.702691	13.374701	0.392871	0
holistic	he1411	867	0	0	0	0	0	0	0	0	0	0	0
conventional	ce1732	867	0.191803	34.603475	1	14	7	3.747133	6.280311	22.252397	2.323634	1.561110	0
conventional	ce1733	867	0.566669	42.852385	2	14	7	9.399513	4.279897	22.920363	6.252612	0.866891	0
holistic	he1412	868	0	0	0	0	2	0	0	0	0	0	1.921425
conventional	ce1734	868	1.250322	47.441633	1	14	7	16.588662	4.044053	17.385185	9.423733	1.714147	0
conventional	ce1735	868	0.853474	57.406821	1	14	7	17.536034	7.993013	20.058400	11.819374	0.925950	0
holistic	he1413	869	0	0	0	0	2	0	0	0	0	0	0
holistic	he1414	870	2.453630	2.453630	1	1	6	0	0	0	2.453630	0	0
conventional	ce1736	872	1.798116	49.498526	1	14	7	12.194492	5.822559	26.569277	4.912198	0	0
conventional	ce1737	872	0.998001	39.791000	1	14	7	9.823612	3.408239	20.552914	6.006235	0.634223	0
conventional	ce1738	872	1.250322	43.404544	1	14	7	15.583600	5.125655	12.752925	9.942364	1.038439	0
conventional	ce1739	872	0.980950	69.345422	1	14	7	19.537190	1.797707	33.363726	14.646799	0.925950	0
conventional	ce1740	872	0.352618	39.976756	2	14	7	9.570989	4.369215	21.147138	4.889414	1.035577	0
holistic	he1415	873	0	0	0	0	6	0	0	0	0	0	0
conventional	ce1741	873	0.665211	40.033684	2	14	7	10.999710	5.941572	19.550939	3.541463	0.324906	0
holistic	he1416	874	0	0	0	0	2	0	0	0	0	0	0
conventional	ce1742	874	0.380829	33.791474	2	14	7	5.507154	3.240008	20.769986	4.274326	0.215478	0
holistic	he1417	875	0	0	0	0	2	0	0	0	0	0	0
conventional	ce1743	875	1.199533	32.549754	1	14	7	11.624199	2.373475	10.457274	8.094806	1.826769	0
conventional	ce1744	875	0.195354	47.544975	1	14	7	1.286774	5.064469	33.666466	7.527266	0.503568	0
conventional	ce1745	876	0.371579	57.980873	1	14	7	16.299114	6.498375	25.697209	9.486175	0.866891	0
conventional	ce1746	876	0.566669	41.369747	2	14	7	7.702998	4.823851	23.455098	5.387800	0.866891	0
holistic	he1418	877	0	0	0	0	2	0	0	0	0	0	0
holistic	he1419	877	0	0	0	0	7	0	0	0	0	0	0
holistic	he1420	877	0	0	0	0	8	0	0	0	0	0	0
conventional	ce1747	877	0.952120	44.745286	1	14	7	12.702257	2.788579	21.086654	8.167796	0.104665	0
holistic	he1421	878	0	0	0	0	2	0	0	0	0	0	0
conventional	ce1748	878	0.195354	46.630830	1	14	7	1.493506	3.984266	34.019385	7.133673	0.503568	0
conventional	ce1749	878	1.994763	51.900733	1	14	7	14.344250	4.996892	22.642270	9.917321	1.647777	0
holistic	he1422	879	0	0	0	0	2	0	0	0	0	0	0
conventional	ce1750	879	0.632633	36.292448	1	14	7	12.711386	2.212057	15.044038	6.324967	1.826769	0
holistic	he1423	880	2.495146	2.495146	1	1	6	0	0	0	2.495146	0	0
holistic	he1424	880	0	0	0	0	2	0	0	0	0	0	1.921425
conventional	ce1751	880	0.568968	46.997462	1	14	7	14.231694	3.616363	15.528545	13.620860	0.324929	0
conventional	ce1752	880	1.501759	34.404852	1	14	7	10.091667	4.683750	16.641445	2.987990	2.348182	0
conventional	ce1753	880	0.995238	36.284625	1	14	7	12.485531	4.586100	13.564968	5.648026	1.038439	0
conventional	ce1754	880	0.312906	23.741674	1	14	7	6.023953	2.007147	13.112852	2.597722	2.150920	0
conventional	ce1755	880	1.323214	40.562418	1	14	7	8.368324	3.910842	22.962389	5.320863	0.474508	0
holistic	he1425	881	0	0	0	0	3	0	0	0	0	0	0
holistic	he1426	881	0	0	0	0	2	0	0	0	0	0	1.921425
conventional	ce1756	881	2.492350	56.022242	2	14	7	13.503181	5.460093	24.819581	12.239387	0.975715	0
holistic	he1427	882	0	0	0	0	2	0	0	0	0	0	0
conventional	ce1757	882	1.452122	55.943382	1	14	7	15.903078	9.719696	13.047566	17.273042	1.038439	0
conventional	ce1758	882	0.191803	48.526292	1	14	7	4.834562	5.170367	26.222824	12.298539	1.561110	0
holistic	he1428	883	0	0	0	0	6	0	0	0	0	0	0
conventional	ce1759	883	0.049291	47.788021	1	14	7	11.507334	3.769549	25.236644	7.274494	2.136652	0
conventional	ce1760	883	1.506422	64.327177	1	14	7	15.144683	6.473712	29.457278	13.251504	0.392871	0
conventional	ce1761	883	0.591178	44.922430	1	14	7	10.980220	2.488386	20.814690	10.639134	1.417126	0
holistic	he1429	884	0	0	0	0	2	0	0	0	0	0	0
holistic	he1430	884	0	0	0	0	2	0	0	0	0	0	0
holistic	he1431	885	0	0	0	0	8	0	0	0	0	0	0
holistic	he1432	886	0	0	0	0	1	0	0	0	0	0	0
holistic	he1433	886	6.029464	13.309248	2	2	6	0	0	0	13.309248	0	0
conventional	ce1762	886	1.213153	57.635263	2	14	7	13.144868	6.083122	24.837003	13.570270	0.866891	0
conventional	ce1763	886	1.018633	39.994256	1	14	7	8.852142	2.763571	23.052370	5.326173	2.298343	0
holistic	he1434	888	0.847057	0.847057	1	1	4	0	0	0	0.847057	0	0
holistic	he1435	888	0	0	0	0	7	0	0	0	0	0	0
conventional	ce1764	888	1.199533	38.052993	1	14	7	14.314359	3.841314	11.404345	8.492975	3.889021	0
conventional	ce1765	889	0.160369	41.249062	1	14	7	2.711425	7.233414	21.273723	10.030500	3.071212	0
conventional	ce1766	889	0.539070	46.831195	2	14	7	12.817327	4.662423	20.891385	8.460060	0.866891	0
conventional	ce1767	889	0.559630	84.550048	1	14	7	9.677426	7.586740	55.713858	11.572024	0.555549	0
holistic	he1436	890	0	0	0	0	6	0	0	0	0	0	0
holistic	he1437	890	0	0	0	0	2	0	0	0	0	0	0
holistic	he1438	890	7.017921	3.837354	3	3	12	0	0	0	3.837354	0	0
holistic	he1439	891	0	0	0	0	2	0	0	0	0	0	0
conventional	ce1768	891	0.998001	49.378857	1	14	7	13.019623	2.203422	23.241553	10.914259	0.853724	0
conventional	ce1769	891	1.275207	38.920465	1	14	7	14.191029	2.375019	15.310588	7.043829	1.730505	0
holistic	he1440	892	0	0	0	0	2	0	0	0	0	0	0
conventional	ce1770	892	1.501759	40.244133	1	14	7	11.480990	2.093506	21.123076	5.546561	1.289998	0
conventional	ce1771	892	1.018633	51.448358	1	14	7	6.580390	3.612582	31.340249	9.915137	2.298343	0
holistic	he1441	894	4.990292	9.172344	2	6	11	0	0	4.182052	4.990292	0	0
conventional	ce1772	894	2.170515	57.594987	1	14	7	15.981008	5.988306	24.184231	11.441442	1.143075	0
holistic	he1442	895	0	0	0	0	4	0	0	0	0	0	0
holistic	he1443	895	0	0	0	0	3	0	0	0	0	0	0
conventional	ce1773	895	0.308044	81.524376	1	14	7	13.989810	3.613286	46.139723	17.781557	0.555549	0
conventional	ce1774	895	0.931779	48.764689	1	14	7	17.956026	1.466146	20.432177	8.910340	2.136652	0
holistic	he1444	897	4.610102	9.862040	2	2	6	0	0	0	9.862040	0	0
holistic	he1445	898	0	0	0	0	2	0	0	0	0	0	0
holistic	he1446	898	0	0	0	0	2	0	0	0	0	0	0
holistic	he1447	898	0	0	0	0	2	0	0	0	0	0	0
conventional	ce1775	898	1.745486	29.890989	1	14	7	6.326085	4.296782	16.076963	3.191159	1.921710	0
conventional	ce1776	898	0.303247	49.847562	1	14	7	11.142208	1.204438	26.456745	11.044171	2.136652	0
holistic	he1448	899	0	0	0	0	2	0	0	0	0	0	0
conventional	ce1777	899	0.538925	49.810181	1	14	7	12.267828	2.683011	23.381466	11.477876	1.417126	0
conventional	ce1778	899	0.191803	37.015986	1	14	7	6.762320	4.991102	21.324463	3.938101	0.853724	0
holistic	he1449	900	0	0	0	0	2	0	0	0	0	0	0
holistic	he1450	900	0	0	0	0	2	0	0	0	0	0	0
holistic	he1451	900	0	0	0	0	6	0	0	0	0	0	0
conventional	ce1779	900	0.510281	45.215066	2	14	7	4.983573	3.656737	28.758535	7.816221	0.866891	0
holistic	he1452	901	2.495146	2.495146	1	1	12	0	0	0	2.495146	0	0
conventional	ce1780	901	0.931779	46.562961	1	14	7	16.934205	2.790595	17.465982	9.372179	2.026471	0
holistic	he1453	902	0	0	0	0	2	0	0	0	0	0	0
holistic	he1454	902	0	0	0	0	2	0	0	0	0	0	0
conventional	ce1781	902	1.711425	71.941095	1	14	7	16.691457	4.052960	36.320326	14.876352	1.143075	0
conventional	ce1782	902	0.539070	56.274076	2	14	7	14.441293	5.594864	25.761485	10.476434	0.866891	0
conventional	ce1783	902	0.371579	55.679412	1	14	7	15.829329	6.492848	26.864516	6.492719	0.866891	0
holistic	he1455	903	0	0	0	0	6	0	0	0	0	0	0
conventional	ce1784	903	0.330754	39.105747	1	14	7	13.730699	4.718938	10.629821	10.026289	1.038439	0
holistic	he1456	904	0	0	0	0	2	0	0	0	0	0	0
holistic	he1457	904	0	0	0	0	4	0	0	0	0	0	0
conventional	ce1785	904	0.500609	40.843374	1	14	7	5.478127	7.562053	23.702882	4.100312	1.561110	0
holistic	he1458	905	0	0	0	0	20	0	0	0	0	0	0
holistic	he1459	905	0	0	0	0	2	0	0	0	0	0	0
conventional	ce1786	905	1.323214	49.555457	1	14	7	14.597161	5.694431	18.601953	10.661912	0.474508	0
conventional	ce1787	905	0.808294	38.248276	2	14	7	8.888808	4.226258	20.923193	4.210017	0.129022	0
conventional	ce1788	905	2.518181	57.542590	2	14	7	13.265996	5.515264	27.521570	11.239760	0.975715	0
holistic	he1460	906	2.453464	9.070815	1	1	4	0	0	0	9.070815	0	0
holistic	he1461	906	0	0	0	0	6	0	0	0	0	0	0
holistic	he1462	906	0	0	0	0	2	0	0	0	0	0	0
conventional	ce1789	906	1.508521	56.972126	1	14	7	17.184126	9.937303	11.117025	18.733672	1.038439	0
conventional	ce1790	906	0.658726	46.613990	1	14	7	12.195944	2.440298	20.384454	11.593294	1.767312	0
conventional	ce1791	906	2.839018	52.447301	1	14	7	13.554823	5.380785	23.087744	10.423949	1.647777	0
conventional	ce1792	907	1.483304	79.334815	2	14	7	19.315665	1.956121	41.952994	16.110035	1.038439	0
holistic	he1463	908	0	0	0	0	3	0	0	0	0	0	0
conventional	ce1793	908	0.800085	56.951365	2	14	7	13.666169	2.883893	32.971506	7.429797	0.975715	0
holistic	he1464	909	4.463002	4.463002	2	2	6	4.463002	0	0	0	0	0
holistic	he1465	909	0	0	0	0	6	0	0	0	0	0	0
holistic	he1466	909	0	0	0	0	3	0	0	0	0	0	0
conventional	ce1794	909	0.352618	52.439140	2	14	7	14.382793	6.757226	21.737709	9.561412	1.085558	0
conventional	ce1795	909	0.245552	44.817964	1	14	7	10.730339	4.027015	22.687185	7.373425	2.189942	0
holistic	he1467	910	0	0	0	0	2	0	0	0	0	2.330393	0
holistic	he1468	910	9.231000	34.128352	4	4	16	0	0	0	34.128352	0	0
conventional	ce1796	910	1.140544	43.517387	1	14	7	6.638018	8.520293	22.769504	5.589572	3.071212	0
conventional	ce1797	910	1.994646	41.158133	1	14	7	13.458741	3.397947	16.631329	7.670116	1.826769	0
conventional	ce1798	912	0.995809	51.116765	1	14	7	9.689460	2.525054	25.852609	13.049642	1.901978	0
holistic	he1469	913	0	0	0	0	8	0	0	0	0	0	0
holistic	he1470	913	0	0	0	0	3	0	0	0	0	0	0
holistic	he1471	913	2.495146	2.495146	1	1	4	0	0	0	2.495146	0	0
conventional	ce1799	913	0.566669	46.390949	2	14	7	9.703269	4.425123	25.856105	6.406452	0.866891	0
holistic	he1472	914	0	0	0	0	2	0	0	0	0	0	0
holistic	he1473	914	0	0	0	0	2	0	0	0	0	0	2.296687
holistic	he1474	914	0	0	0	0	4	0	0	0	0	0	0
conventional	ce1800	914	3.058493	46.494189	2	14	7	11.267796	4.762017	20.716061	9.748315	0.474508	0
conventional	ce1801	914	1.506422	74.154473	1	14	7	19.894879	5.904222	37.237222	11.118150	0.130128	0
holistic	he1475	916	0	0	0	0	2	0	0	0	0	0	0
conventional	ce1802	916	0.174261	34.095839	1	14	7	8.662669	0.845091	18.508606	6.079473	1.241970	0
holistic	he1476	917	0	0	0	0	2	0	0	0	0	2.683281	0
conventional	ce1803	917	0.539070	55.125596	2	14	7	12.194421	4.304365	28.013941	10.612869	0.981689	0
conventional	ce1804	917	2.492350	53.945544	2	14	7	14.014569	5.453892	22.977827	11.499256	0.975715	0
holistic	he1477	919	0	0	0	0	7	0	0	0	0	0	0
holistic	he1478	919	0.149049	0.149049	1	1	2	0	0	0	0.149049	0	0
holistic	he1479	919	0	0	0	0	6	0	0	0	0	0	0
holistic	he1480	919	0	0	0	0	2	0	0	0	0	0	0
conventional	ce1805	919	0.995238	37.246936	1	14	7	12.457948	4.469460	14.817412	5.502116	1.038439	0
conventional	ce1806	919	0.371579	40.267238	1	14	7	13.248168	3.331536	18.319603	5.367931	0.866891	0
holistic	he1481	920	0	0	0	0	2	0	0	0	0	0	0
conventional	ce1807	920	0.191803	35.701669	1	14	7	5.177462	5.960176	20.636385	3.927646	1.014860	0
conventional	ce1808	920	0.191803	48.492338	1	14	7	5.104256	8.556255	24.306122	10.525705	1.248515	0
conventional	ce1809	921	0.433774	45.882158	2	14	7	9.743167	3.810488	25.133828	7.194675	1.035577	0
conventional	ce1810	921	1.098205	37.831296	1	14	7	14.467875	2.602041	14.138969	6.622411	1.730505	0
conventional	ce1811	921	0.068187	31.871677	1	14	7	8.513041	0.781836	16.166779	6.410021	1.241970	0
conventional	ce1812	921	0.655325	46.293679	1	14	7	16.882957	3.881625	15.724560	9.804537	1.935017	0
holistic	he1482	922	0	0	0	0	2	0	0	0	0	0	0
holistic	he1483	923	0	0	0	0	2	0	0	0	0	0	0
holistic	he1484	924	8.096238	11.692656	3	3	16	0	0	0	11.692656	0	0
conventional	ce1813	924	0.632633	34.646929	1	14	7	12.858327	0.886462	14.196736	6.705404	1.826769	0
conventional	ce1814	924	1.140544	40.041240	1	14	7	6.392796	8.232476	20.608549	4.807419	3.071212	0
holistic	he1485	925	0	0	0	0	2	0	0	0	0	0	2.296687
conventional	ce1815	925	0.233997	47.586406	2	14	7	9.743167	3.111990	27.736351	6.994898	1.035577	0
conventional	ce1816	925	0.430132	50.571720	1	14	7	9.303797	2.814213	26.727390	11.726320	1.417126	0
conventional	ce1817	925	0.245552	45.170836	1	14	7	9.332170	4.273639	22.965098	8.599929	2.017810	0
holistic	he1486	926	0	0	0	0	2	0	0	0	0	0	0
conventional	ce1818	926	0.659593	35.377605	1	14	7	13.180006	2.074107	13.243800	6.879692	1.688943	0
conventional	ce1819	926	1.745486	34.338857	1	14	7	6.621195	5.907253	16.852064	4.958345	2.055932	0
holistic	he1487	927	2.961056	2.961056	1	1	14	0	0	0	2.961056	0	0
conventional	ce1820	927	0.315395	33.611461	1	14	7	1.211240	4.060768	23.350617	4.988836	0.503568	0
conventional	ce1821	927	1.520392	45.142810	1	14	7	14.009050	7.629299	16.704322	6.800139	1.743846	0
holistic	he1488	928	0	0	0	0	8	0	0	0	0	0	0
holistic	he1489	928	0	0	0	0	2	0	0	0	0	0	0
conventional	ce1822	928	1.474645	47.346353	1	14	7	13.072789	4.347581	17.706401	12.219582	0.474508	0
conventional	ce1823	928	1.641099	56.837161	2	14	7	12.971736	4.720380	28.212020	10.933025	0.866891	0
conventional	ce1824	928	1.531761	49.510329	1	14	7	16.724268	4.860063	19.507399	8.418599	1.655241	0
holistic	he1490	929	0	0	0	0	2	0	0	0	0	0	0
holistic	he1491	930	0	0	0	0	1	0	0	0	0	0	0
conventional	ce1825	930	0.552900	50.592133	1	14	7	9.679283	5.850636	28.243735	6.818479	1.826769	0
conventional	ce1826	930	0.174261	28.731319	1	14	7	5.267829	1.369595	15.498744	6.595151	1.241970	0
conventional	ce1827	930	0.989698	58.995825	1	14	7	13.705803	7.549076	28.674124	9.066822	1.417126	0
conventional	ce1828	931	0.523144	46.457075	2	14	7	4.951246	2.484102	27.408316	11.613411	0.866891	0
conventional	ce1829	931	1.140544	45.511492	1	14	7	6.086880	6.991539	23.881540	8.551533	3.183416	0
holistic	he1492	932	4.358406	9.323606	2	2	6	0	0	0	9.323606	0	0
holistic	he1493	932	0	0	0	0	2	0	0	0	0	0	0
conventional	ce1830	932	0.989698	63.670891	1	14	7	15.081626	7.157622	32.013911	9.417732	3.694131	0
conventional	ce1831	932	0.800085	36.347215	2	14	7	6.646816	2.610414	20.387747	6.702238	1.627726	0
conventional	ce1832	933	0.716601	40.369481	1	14	7	13.986355	4.848176	11.613326	9.921624	1.038439	0
holistic	he1494	934	0	0	0	0	2	0	0	0	0	0	0
holistic	he1495	934	0	0	0	0	3	0	0	0	0	0	0
conventional	ce1833	934	0.951034	51.464126	1	14	7	11.093719	5.017864	27.346830	8.005713	1.038439	0
conventional	ce1834	934	0.191803	56.512833	1	14	7	6.071748	9.032310	29.204296	12.204479	1.094660	0
holistic	he1496	935	0	0	0	0	2	0	0	0	0	0	0
conventional	ce1835	935	0.352618	53.974910	2	14	7	15.321022	6.027175	22.249705	10.377008	1.085558	0
conventional	ce1836	935	0.800085	44.532466	2	14	7	13.504750	4.962849	17.852581	8.212286	0.975715	0
conventional	ce1837	936	1.275207	41.799857	1	14	7	15.111227	2.716009	14.510053	9.462568	1.730505	0
conventional	ce1838	936	1.599735	30.427705	1	14	7	9.321224	2.443977	14.932990	3.729514	2.603551	0
conventional	ce1839	936	0.500609	38.066824	1	14	7	3.078098	8.416572	18.632399	7.939755	1.396602	0
conventional	ce1840	936	0.245552	40.866084	1	14	7	6.623371	3.740019	22.951097	7.551597	2.395111	0
holistic	he1497	937	0.149049	0.149049	1	1	2	0	0	0	0.149049	0	0
holistic	he1498	937	0	0	0	0	2	0	0	0	0	0	0
conventional	ce1841	937	0.430132	53.546162	1	14	7	8.873594	3.586990	27.220580	13.864998	1.312480	0
holistic	he1499	938	0	0	0	0	6	0	0	0	0	0	0
holistic	he1500	938	0	0	0	0	2	0	0	0	0	0	2.296687
conventional	ce1842	938	1.293480	52.726540	1	14	7	13.441539	4.815779	18.310337	16.158885	0.641335	0
holistic	he1501	939	0	0	0	0	2	0	0	0	0	0	0
conventional	ce1843	939	2.170515	46.683690	1	14	7	15.267100	4.914223	14.998909	11.503458	1.143075	0
holistic	he1502	940	0	0	0	0	1	0	0	0	0	0	0
holistic	he1503	940	0	0	0	0	4	0	0	0	0	0	0
conventional	ce1844	940	0.245552	49.065230	1	14	7	12.495237	4.984001	24.159434	7.426558	2.688660	0
conventional	ce1845	940	0.160369	38.252651	1	14	7	0.773020	5.706414	17.363715	14.409502	3.071212	0
conventional	ce1846	940	0.191803	38.785345	1	14	7	5.056386	9.457107	20.197535	4.074317	1.248515	0
conventional	ce1847	940	0.538925	48.787839	1	14	7	11.092293	2.683011	23.671323	11.341212	1.881461	0
holistic	he1504	941	0	0	0	0	6	0	0	0	0	0	0
conventional	ce1848	941	0.800085	44.412604	2	14	7	13.107649	6.326069	19.085341	5.893545	0.611911	0
holistic	he1505	942	0	0	0	0	2	0	0	0	0	0	0
holistic	he1506	942	0	0	0	0	3	0	0	0	0	0	0
conventional	ce1849	942	0.160369	40.442412	1	14	7	2.870370	7.289292	21.079313	9.203437	2.858756	0
conventional	ce1850	942	2.839018	36.315179	1	14	7	5.400758	1.845569	18.951610	10.117242	1.647777	0
holistic	he1507	943	0	0	0	0	4	0	0	0	0	0	0
conventional	ce1851	943	2.694971	59.160038	1	14	7	16.346214	6.390475	26.617011	9.806338	1.815252	0
conventional	ce1852	943	0.045471	33.879534	1	14	7	0.786371	5.841059	15.454096	11.798008	2.363826	0
conventional	ce1853	943	0.716601	40.163611	1	14	7	12.982924	5.192099	12.121009	9.867579	0	0
holistic	he1508	944	2.453464	10.756734	1	1	4	0	0	0	10.756734	0	0
holistic	he1509	944	4.175150	8.931578	2	2	6	0	0	0	8.931578	0	0
holistic	he1510	944	0	0	0	0	1	0	0	0	0	0	0
conventional	ce1854	945	0.170555	42.075419	1	14	7	12.440001	4.749390	15.120004	9.766024	1.038439	0
holistic	he1511	946	0	0	0	0	2	0	0	0	0	0	0.887711
holistic	he1512	948	0	0	0	0	8	0	0	0	0	0	1.751104
conventional	ce1855	949	1.805354	50.199909	2	14	7	10.704165	2.683011	25.884989	10.927744	3.071212	0
conventional	ce1856	949	0.015202	52.366025	1	14	7	12.507714	4.456260	27.670557	7.731494	2.189942	0
holistic	he1513	950	0	0	0	0	2	0	0	0	0	0	0
holistic	he1514	950	0	0	0	0	11	0	0	0	0	0	0
holistic	he1515	951	0	0	0	0	2	0	0	0	0	0	0
conventional	ce1857	951	0.313865	46.526373	2	14	7	7.887023	2.032727	29.017674	7.588949	1.035577	0
conventional	ce1858	951	1.197644	46.096972	1	14	7	12.035293	2.369483	20.803122	10.889074	1.767312	0
holistic	he1516	952	0	0	0	0	2	0	0	0	0	0	0
holistic	he1517	952	0	0	0	0	2	0	0	0	0	0	0
conventional	ce1859	952	1.652009	41.238193	2	14	7	10.138935	2.422686	21.443573	7.232999	0.611911	0
conventional	ce1860	953	0.629416	56.049041	1	14	7	11.439892	2.701210	27.959984	13.947955	1.704436	0
holistic	he1518	954	0	0	0	0	2	0	0	0	0	0	0
conventional	ce1861	954	1.012088	33.016071	2	14	7	5.236853	0.732508	20.389622	6.657088	1.627726	0
holistic	he1519	955	0	0	0	0	2	0	0	0	0	0	0
holistic	he1520	957	2.961056	2.961056	1	1	12	0	0	0	2.961056	0	0
holistic	he1521	958	0	0	0	0	2	0	0	0	0	0	1.389533
holistic	he1522	958	0	0	0	0	10	0	0	0	0	0	0
conventional	ce1862	958	0.800085	47.702275	2	14	7	13.956328	2.956839	18.625424	12.163684	0.975715	0
holistic	he1523	959	0.656950	0.656950	1	1	6	0	0	0	0.656950	0	0
conventional	ce1863	959	1.012088	39.607431	2	14	7	2.391307	1.809257	24.912951	10.493916	1.627726	0
conventional	ce1864	959	0.245552	49.334221	1	14	7	7.658962	2.066283	26.488338	13.120638	2.017810	0
holistic	he1524	960	0	0	0	0	12	0	0	0	0	0	0
holistic	he1525	960	0	0	0	0	2	0	0	0	0	0	0
holistic	he1526	960	0	0	0	0	6	0	0	0	0	0	0
holistic	he1527	961	0	0	0	0	10	0	0	0	0	0	0
holistic	he1528	963	0.656950	0.656950	1	1	6	0	0	0	0.656950	0	0
conventional	ce1865	963	1.508521	66.375118	1	14	7	19.345723	12.186417	11.145000	23.697978	1.038439	0
holistic	he1529	964	0	0	0	0	2	0	0	0	0	0	0
holistic	he1530	964	0	0	0	0	1	0	0	0	0	0	0
holistic	he1531	964	0	0	0	0	4	0	0	0	0	0	0
conventional	ce1866	964	0.989698	66.844228	1	14	7	14.901259	9.506941	33.809755	8.626273	3.075624	0
holistic	he1532	965	0	0	0	0	4	0	0	0	0	0	0
conventional	ce1867	965	2.839018	52.296770	1	14	7	13.385327	5.826612	23.223656	9.861175	1.647777	0
conventional	ce1868	965	0.764799	56.435165	2	14	7	13.340052	2.004098	30.001633	11.089382	0.754366	0
conventional	ce1869	965	0.629416	56.531205	1	14	7	12.212604	3.436074	29.186118	11.696409	1.704436	0
holistic	he1533	966	0	0	0	0	2	0	0	0	0	0	0
holistic	he1534	966	0	0	0	0	6	0	0	0	0	0	0
holistic	he1535	966	0	0	0	0	1	0	0	0	0	0	0
conventional	ce1870	966	0.191803	39.895665	1	14	7	4.121883	5.914277	21.316414	8.543091	1.014860	0
conventional	ce1871	966	0.716601	37.677885	1	14	7	13.168542	4.646519	11.450843	8.411981	1.038439	0
conventional	ce1872	966	0.632858	49.289957	1	14	7	4.662522	2.650383	30.397768	11.579284	1.266211	0
holistic	he1536	967	0	0	0	0	2	0	0	0	0	0	0
holistic	he1537	968	2.453464	11.494514	1	1	4	0	0	0	11.494514	0	0
holistic	he1538	968	0	0	0	0	2	0	0	0	0	0	0
holistic	he1539	968	0	0	0	0	2	0	0	0	0	0	0
conventional	ce1873	968	2.214395	52.135596	2	14	7	7.100017	1.343553	29.544190	14.147836	2.873382	0
conventional	ce1874	968	0.014476	54.783728	1	14	7	11.802123	3.590909	25.101565	14.289131	0.394791	0
holistic	he1540	969	0	0	0	0	2	0	0	0	0	0	0
conventional	ce1875	969	1.197644	50.408131	1	14	7	12.943281	2.624013	22.217709	12.623128	1.752156	0
conventional	ce1876	969	0.507469	51.704335	1	14	7	5.483676	3.588942	30.568634	12.063083	1.312480	0
conventional	ce1877	969	0.313865	48.827005	2	14	7	7.286610	2.257331	29.751536	9.531528	0.826740	0
holistic	he1541	970	0	0	0	0	3	0	0	0	0	0	0
holistic	he1542	970	0	0	0	0	2	0	0	0	0	0	0
conventional	ce1878	970	1.012088	32.240935	2	14	7	5.233071	0.385594	21.139507	5.482763	1.627726	0
conventional	ce1879	970	0.245552	42.151913	1	14	7	6.351924	4.336303	22.731006	8.732680	2.017810	0
holistic	he1543	971	0	0	0	0	2	0	0	0	0	0	0
holistic	he1544	972	0	0	0	0	2	0	0	0	0	0	0
holistic	he1545	973	0.149049	0.149049	1	1	2	0	0	0	0.149049	0	0
holistic	he1546	973	0	0	0	0	4	0	0	0	0	0	0
holistic	he1547	973	0	0	0	0	2	0	0	0	0	0	0
holistic	he1548	974	0	0	0	0	0	0	0	0	0	0	0
holistic	he1549	974	0	0	0	0	2	0	0	0	0	0	0.819917
holistic	he1550	974	0	0	0	0	2	0	0	0	0	0	0
holistic	he1551	974	0	0	0	0	4	0	0	0	0	0	0
holistic	he1552	974	0	0	0	0	10	0	0	0	0	0	0
conventional	ce1880	974	1.508521	63.738144	1	14	7	22.396669	8.288548	9.207910	23.845017	1.038439	0
holistic	he1553	975	0	0	0	0	3	0	0	0	0	0	0.778778
holistic	he1554	976	0	0	0	0	2	0	0	0	0	0	0
conventional	ce1881	976	0.834669	48.818111	2	14	7	5.425459	3.213690	27.760140	12.418822	0.975715	0
holistic	he1555	977	0	0	0	0	2	0	0	0	0	0	0
holistic	he1556	977	0.078143	0.078143	1	1	6	0	0	0	0.078143	0	0
conventional	ce1882	977	1.667702	61.866135	1	14	7	8.534690	4.311617	34.377646	14.642182	1.038439	0
conventional	ce1883	977	0.142344	48.379853	1	14	7	10.061816	3.551754	27.403155	7.363128	2.939611	0
holistic	he1557	979	0	0	0	0	2	0	0	0	0	0	0.998469
holistic	he1558	979	0	0	0	0	6	0	0	0	0	0	0
holistic	he1559	979	0	0	0	0	4	0	0	0	0	0	0
holistic	he1560	979	6.201157	12.694110	3	3	6	0	0	0	12.694110	0	0
conventional	ce1884	979	0.910184	54.950841	2	14	7	13.138356	3.015479	27.148966	11.648040	1.146573	0
holistic	he1561	980	0	0	0	0	1	0	0	0	0	0	0
conventional	ce1885	980	0.342813	49.474896	2	14	7	4.893070	1.777104	28.457438	14.347284	0.976598	0
conventional	ce1886	980	0.547068	47.589811	2	14	7	7.224141	3.627298	27.134134	9.604238	0.826740	0
conventional	ce1887	981	0.102591	39.457590	1	14	7	4.759341	5.456954	21.206930	8.034365	0.781279	0
conventional	ce1888	981	0.245552	41.944948	1	14	7	6.816481	4.636661	23.235624	7.256182	2.017810	0
conventional	ce1889	981	1.508521	50.519625	1	14	7	8.074412	4.200825	19.239786	19.004602	1.038439	0
holistic	he1562	982	0	0	0	0	2	0	0	0	0	0	0.998469
holistic	he1563	983	4.711404	4.711404	3	3	16	0	0	0	4.711404	0	0
holistic	he1564	984	0	0	0	0	2	0	0	0	0	0	0
conventional	ce1890	984	0.546031	45.329333	1	14	7	12.763424	5.614828	19.253874	7.697207	2.623059	0
holistic	he1565	985	0	0	0	0	2	0	0	0	0	0	0.998469
conventional	ce1891	985	1.599735	29.065894	1	14	7	8.195652	1.783102	14.578168	4.508972	1.072916	0
conventional	ce1892	985	0.314893	44.753892	1	14	7	8.112210	4.532496	25.876869	6.232317	2.688660	0
conventional	ce1893	985	0.629416	64.425319	1	14	7	11.583275	3.132554	33.945475	15.764015	1.704436	0
holistic	he1566	986	0	0	0	0	2	0	0	0	0	0	0
conventional	ce1894	986	0.817289	44.807693	2	14	7	10.291089	1.105492	23.844279	9.566833	0.833658	0
conventional	ce1895	986	1.599735	36.447319	1	14	7	9.784528	4.020204	18.109181	4.533406	2.179520	0
holistic	he1567	987	0	0	0	0	2	0	0	0	0	0	0
holistic	he1568	987	0	0	0	0	3	0	0	0	0	0	0
conventional	ce1896	987	0.045471	24.182779	1	14	7	2.283069	3.786731	12.099978	6.013001	2.363826	0
holistic	he1569	988	0	0	0	0	2	0	0	0	0	0	0
conventional	ce1897	988	0.629416	61.775112	1	14	7	10.764603	2.822051	30.989994	17.198464	1.704436	0
conventional	ce1898	988	2.171036	48.376299	2	14	7	9.869915	2.681887	25.470748	10.353749	3.071212	0
conventional	ce1899	988	0.518470	68.548744	1	14	7	14.617308	7.650063	37.148107	9.133266	3.697875	0
holistic	he1570	989	0	0	0	0	1	0	0	0	0	0	0
conventional	ce1900	989	2.380549	67.698753	1	14	7	15.851804	6.877927	37.373183	7.595839	3.694131	0
conventional	ce1901	989	0.177579	40.918714	1	14	7	4.879456	12.439438	19.572606	4.027214	1.248515	0
conventional	ce1902	990	2.784751	43.659874	2	14	7	7.876298	2.649243	19.514392	13.619941	2.832512	0
conventional	ce1903	990	0.716601	41.216638	1	14	7	13.550388	4.856828	12.959359	9.850063	0	0
holistic	he1571	991	0	0	0	0	2	0	0	0	0	0	0
conventional	ce1904	991	2.399145	42.052694	1	14	7	8.937313	1.972848	19.821291	11.321242	1.881461	0
holistic	he1572	992	0	0	0	0	5	0	0	0	0	0	0
holistic	he1573	992	0.078143	0.078143	1	1	6	0	0	0	0.078143	0	0
holistic	he1574	992	0	0	0	0	2	0	0	0	0	0	0.887711
conventional	ce1905	992	0.191803	54.955977	1	14	7	7.865539	7.498013	28.160147	11.432278	0.667450	0
conventional	ce1906	992	1.197644	49.873354	1	14	7	11.971447	2.637333	21.871224	13.393350	1.752156	0
holistic	he1575	993	0	0	0	0	3	0	0	0	0	0	0
conventional	ce1907	993	0.121015	50.357348	2	14	7	5.128588	2.790542	27.610551	14.827667	2.092553	0
holistic	he1576	994	0	0	0	0	6	0	0	0	0	0	0
conventional	ce1908	994	0.778839	59.124722	2	14	7	12.743859	2.093537	32.410887	11.876439	0.754366	0
holistic	he1577	995	0	0	0	0	2	0	0	0	0	0	0
conventional	ce1909	995	0.147084	54.422252	2	14	7	5.626981	2.030331	29.129019	17.635921	1.063927	0
holistic	he1578	996	0	0	0	0	2	0	0	0	0	0	0
conventional	ce1910	996	1.508521	67.239237	1	14	7	21.706185	7.309272	13.159457	25.064323	1.038439	0
conventional	ce1911	996	0.860798	53.278848	2	14	7	13.214779	2.212531	28.493613	9.357925	0.754366	0
conventional	ce1912	996	0.538925	47.176286	1	14	7	11.109691	3.189003	19.018881	13.858711	1.697670	0
holistic	he1579	997	0	0	0	0	3	0	0	0	0	0	1.775422
holistic	he1580	997	0	0	0	0	2	0	0	0	0	0	0
holistic	he1581	997	9.933951	20.107840	5	5	9	0	0	0	20.107840	0	0
conventional	ce1913	997	0.313865	45.723576	2	14	7	9.131232	3.217560	25.864410	7.510374	0.826740	0
holistic	he1582	998	0	0	0	0	2	0	0	0	0	0	0
conventional	ce1914	998	0.276326	33.152748	1	14	7	1.724473	9.029747	18.403062	3.995466	1.955901	0
conventional	ce1915	998	2.610933	67.645798	1	14	7	17.591918	6.231016	34.877287	8.945577	3.190668	0
conventional	ce1916	998	0.070923	61.632892	1	14	7	15.239292	4.264763	25.887475	16.241362	0.673619	0
holistic	he1583	999	0	0	0	0	6	0	0	0	0	0	0
conventional	ce1917	999	0.191803	39.319491	1	14	7	4.876844	9.134891	22.036779	3.270977	1.248515	0
holistic	he1584	1000	0	0	0	0	2	0	0	0	0	0	0
holistic	he1585	1000	0	0	0	0	4	0	0	0	0	0	0.819917
conventional	ce1918	1000	0.045471	42.852219	1	14	7	4.361917	6.783419	19.151184	12.555699	2.742828	0
conventional	ce1919	1000	1.649684	46.087532	2	14	7	5.911236	2.435452	26.885576	10.855268	3.071212	0
conventional	ce1920	1000	0.849507	64.938420	1	14	7	20.811330	11.934468	10.828842	21.363780	1.188381	0
conventional	ce1921	1000	0.245552	54.720115	1	14	7	7.944930	1.830912	29.467691	15.476582	2.475465	0
holistic	he1586	1001	0	0	0	0	0	0	0	0	0	0	0
conventional	ce1922	1001	0.191803	52.012806	1	14	7	9.057774	6.420262	24.680377	11.854393	0.667450	0
conventional	ce1923	1001	0.085650	65.538066	1	14	7	22.433989	8.016147	10.696906	24.391024	1.014860	0
holistic	he1587	1002	0.667213	0.667213	1	1	10	0.667213	0	0	0	0	0
holistic	he1588	1002	0	0	0	0	2	0	0	0	0	0	0
conventional	ce1924	1002	0.313865	56.599450	2	14	7	7.370929	1.984188	31.790995	15.453338	1.035577	0
holistic	he1589	1003	0	0	0	0	10	0	0	0	0	0	0
conventional	ce1925	1003	0.481991	39.189527	1	14	7	5.238942	6.003334	21.462496	6.484755	0.788574	0
conventional	ce1926	1003	0.191803	53.668958	1	14	7	8.004933	7.219817	28.629504	9.814704	0.667450	0
conventional	ce1927	1003	1.338247	58.024652	1	14	7	12.416017	3.684685	29.520866	12.403084	1.704436	0
holistic	he1590	1004	9.933951	20.107840	5	5	9	0	0	0	20.107840	0	0
holistic	he1591	1004	0	0	0	0	2	0	0	0	0	0	0
conventional	ce1928	1004	0.629416	69.740007	1	14	7	12.975462	2.227271	36.465997	18.071277	1.720554	0
conventional	ce1929	1004	1.075309	38.772537	1	14	7	6.348563	5.353210	22.651676	4.419088	1.927448	0
conventional	ce1930	1004	0.177579	63.966290	1	14	7	15.712504	3.426774	33.940227	10.886785	1.248515	0
conventional	ce1931	1005	0.838597	40.076727	2	14	7	10.279191	1.462173	22.578653	5.756710	2.026128	0
holistic	he1592	1006	0	0	0	0	2	0	0	0	0	0	0
holistic	he1593	1006	0	0	0	0	2	0	0	0	0	0	0
holistic	he1594	1006	0	0	0	0	3	0	0	0	0	0	0
conventional	ce1932	1006	1.012088	38.089107	2	14	7	6.729351	5.534471	20.611316	5.213969	1.627726	0
holistic	he1595	1007	0	0	0	0	2	0	0	0	0	0	0
conventional	ce1933	1007	0.664349	65.698254	1	14	7	14.425899	3.222069	32.214684	15.835602	1.704436	0
holistic	he1596	1008	0	0	0	0	6	0	0	0	0	0	0
conventional	ce1934	1009	0.045471	39.933391	1	14	7	4.108700	6.725105	20.085792	9.013794	2.858418	0
conventional	ce1935	1009	2.159884	51.477157	2	14	7	5.658149	3.140417	27.911276	14.767315	2.217488	0
holistic	he1597	1010	0	0	0	0	2	0	0	0	0	0	0
holistic	he1598	1011	0	0	0	0	2	0	0	0	0	0	0
holistic	he1599	1011	0	0	0	0	1	0	0	0	0	0	0
conventional	ce1936	1011	0.629416	59.017003	1	14	7	10.917992	3.541180	32.451568	12.106263	1.704436	0
conventional	ce1937	1011	0.629416	67.572124	1	14	7	11.448750	1.978937	34.510554	19.633883	2.161140	0
holistic	he1600	1012	10.139595	10.139595	5	5	9	0	0	0	10.139595	0	0
holistic	he1601	1012	0	0	0	0	4	0	0	0	0	0	0
holistic	he1602	1012	0	0	0	0	2	0	0	0	0	0	0
conventional	ce1938	1013	0.629416	62.053876	1	14	7	11.058266	4.945958	29.846499	16.203153	1.704436	0
conventional	ce1939	1013	0.191803	57.824349	1	14	7	6.800146	7.464736	30.746023	12.813444	0.980045	0
holistic	he1603	1014	0.656950	1.489845	1	2	11	0	0	0.832895	0.656950	0	0
holistic	he1604	1014	0	0	0	0	1	0	0	0	0	0	0
holistic	he1605	1014	0	0	0	0	2	0	0	0	0	0	0
conventional	ce1940	1014	1.012088	39.456695	2	14	7	1.968896	1.852713	24.952771	10.682315	1.698407	0
holistic	he1606	1015	0	0	0	0	2	0	0	0	0	0	0
holistic	he1607	1015	0	0	0	0	3	0	0	0	0	0	0.778778
holistic	he1608	1015	3.330161	3.330161	1	1	12	0	0	0	3.330161	0	0
conventional	ce1941	1015	0.345983	47.024876	1	14	7	4.989520	6.574920	20.910587	14.549849	2.742828	0
holistic	he1609	1016	0	0	0	0	2	0	0	0	0	0	0
holistic	he1610	1016	0	0	0	0	3	0	0	0	0	0	1.775422
holistic	he1611	1017	0	0	0	0	2	0	0	0	0	0	0
holistic	he1612	1017	0	0	0	0	2	0	0	0	0	0	0
holistic	he1613	1018	0	0	0	0	2	0	0	0	0	0	0
holistic	he1614	1018	0	0	0	0	2	0	0	0	0	0	0
holistic	he1615	1018	0	0	0	0	4	0	0	0	0	0	0.819917
holistic	he1616	1018	0	0	0	0	2	0	0	0	0	0	0
conventional	ce1942	1018	0.910184	64.442677	2	14	7	12.866346	3.731873	36.647966	11.196492	1.208290	0
conventional	ce1943	1018	0.158596	64.749128	1	14	7	18.068815	3.345973	32.396147	10.938193	1.861131	0
holistic	he1617	1019	0	0	0	0	2	0	0	0	0	0	0
conventional	ce1944	1019	2.552755	39.485706	1	14	7	6.193445	4.250358	22.232925	6.808978	1.869792	0
conventional	ce1945	1019	0.035109	52.068427	1	14	7	5.547833	6.493012	26.296921	13.730661	1.014860	0
holistic	he1618	1020	0	0	0	0	2	0	0	0	0	0	0
holistic	he1619	1020	0	0	0	0	1	0	0	0	0	0	0
holistic	he1620	1020	0	0	0	0	2	0	0	0	0	0	0
conventional	ce1946	1020	3.085566	44.487474	2	14	7	9.236988	2.928284	18.612897	13.709305	2.963439	0
holistic	he1621	1021	0	0	0	0	2	0	0	0	0	0	0
holistic	he1622	1023	0	0	0	0	2	0	0	0	0	0	0
conventional	ce1947	1023	0.629416	68.306812	1	14	7	16.505364	5.824994	36.514810	9.461644	1.704436	0
holistic	he1623	1024	7.405089	15.841140	3	3	9	0	0	0	15.841140	0	0
holistic	he1624	1024	0	0	0	0	1	0	0	0	0	0	0
holistic	he1625	1024	0	0	0	0	4	0	0	0	0	0	0.819917
conventional	ce1948	1025	1.264387	35.857944	2	14	7	6.020195	4.708040	19.315833	5.813876	0.932022	0
conventional	ce1949	1025	0.817289	45.191885	2	14	7	10.012279	1.071962	26.054125	8.053519	0.833658	0
conventional	ce1950	1025	0.707832	34.984325	2	14	7	12.832648	2.122016	9.648600	10.381061	1.208290	0
holistic	he1626	1026	0	0	0	0	10	0	0	0	0	0	0.887711
conventional	ce1951	1026	0.191803	39.580226	1	14	7	6.958793	6.120022	21.796886	4.704525	1.293129	0
conventional	ce1952	1026	2.861721	46.093743	2	14	7	8.237234	3.030116	20.617857	14.208536	2.942911	0
holistic	he1627	1027	0	0	0	0	2	0	0	0	0	0	0.819917
conventional	ce1953	1027	0.664349	77.521595	1	14	7	14.319235	2.388538	40.348428	20.465394	1.704436	0
conventional	ce1954	1027	0.373397	47.011001	1	14	7	12.335863	6.102220	19.644037	8.928881	2.623059	0
conventional	ce1955	1027	0.836509	38.670752	2	14	7	10.620292	1.111407	19.383215	7.555838	2.269979	0
holistic	he1628	1028	1.184588	1.184588	2	2	9	0	0	0	1.184588	0	0
holistic	he1629	1028	0	0	0	0	6	0	0	0	0	0	0
holistic	he1630	1028	0	0	0	0	2	0	0	0	0	0	0
holistic	he1631	1028	0	0	0	0	2	0	0	0	0	0	0
conventional	ce1956	1028	0.177579	46.065284	1	14	7	3.908666	13.532846	25.025691	3.598081	1.682109	0
conventional	ce1957	1028	0.142344	46.499275	1	14	7	9.953274	2.560539	26.299673	7.685789	2.939611	0
holistic	he1632	1029	0	0	0	0	6	0	0	0	0	0	0
conventional	ce1958	1029	1.599735	65.496371	1	14	7	23.789714	8.014120	11.726965	21.965572	1.072916	0
conventional	ce1959	1029	1.232754	46.375503	1	14	7	6.244355	5.345535	23.145727	11.639886	1.311603	0
conventional	ce1960	1029	0.838597	42.746045	2	14	7	12.916893	3.314687	19.827305	6.687160	2.026128	0
holistic	he1633	1030	0	0	0	0	2	0	0	0	0	0	0
holistic	he1634	1030	1.757741	1.757741	1	1	4	1.757741	0	0	0	0	0
conventional	ce1961	1030	0.551261	79.050211	1	14	7	13.304350	3.781202	40.787208	21.177451	2.379370	0
conventional	ce1962	1030	0.603106	56.825292	1	14	7	11.181851	3.401477	27.470171	14.771793	1.704436	0
conventional	ce1963	1031	0.142344	54.367773	1	14	7	10.755075	4.325510	29.397244	9.889944	3.338590	0
holistic	he1635	1032	0	0	0	0	1	0	0	0	0	0	0
holistic	he1636	1032	0	0	0	0	4	0	0	0	0	0	0
holistic	he1637	1032	0	0	0	0	2	0	0	0	0	0	0
holistic	he1638	1032	0	0	0	0	4	0	0	0	0	0	0
holistic	he1639	1032	0	0	0	0	2	0	0	0	0	0	0.819917
holistic	he1640	1032	0	0	0	0	3	0	0	0	0	0	0
conventional	ce1964	1032	0.191803	38.443674	1	14	7	6.530382	5.059171	21.187651	5.666470	1.293129	0
holistic	he1641	1033	0	0	0	0	2	0	0	0	0	0	0
holistic	he1642	1033	0	0	0	0	2	0	0	0	0	0	0
holistic	he1643	1034	0	0	0	0	4	0	0	0	0	0	0
holistic	he1644	1034	6.664701	14.891525	3	3	18	0.667213	0	0	14.224312	0	0
holistic	he1645	1034	0	0	0	0	4	0	0	0	0	0	0
holistic	he1646	1034	0	0	0	0	2	0	0	0	0	0	0.998469
holistic	he1647	1034	0	0	0	0	3	0	0	0	0	0	0
conventional	ce1965	1034	2.380549	70.092882	1	14	7	14.788540	7.837202	40.624033	6.843107	3.694131	0
holistic	he1648	1035	0	0	0	0	3	0	0	0	0	0	0
holistic	he1649	1036	0	0	0	0	1	0	0	0	0	0	0
holistic	he1650	1036	0	0	0	0	2	0	0	0	0	0	0
holistic	he1651	1036	0	0	0	0	2	0	0	0	0	0	0
holistic	he1652	1037	0	0	0	0	6	0	0	0	0	0	0
holistic	he1653	1037	0	0	0	0	2	0	0	0	0	0	0
conventional	ce1966	1037	0.142344	42.025221	1	14	7	10.130949	2.199833	22.155078	7.539361	2.571570	0
conventional	ce1967	1037	0.603106	64.943917	1	14	7	12.223568	4.830044	30.766342	17.123963	1.768560	0
holistic	he1654	1038	6.601347	13.369310	3	3	6	0	0	0	13.369310	0	0
holistic	he1655	1039	2.536911	2.536911	1	1	3	0	0	0	2.536911	0	0
holistic	he1656	1039	0	0	0	0	2	0	0	0	0	0	0
holistic	he1657	1039	0	0	0	0	0	0	0	0	0	0	0
holistic	he1658	1039	0	0	0	0	2	0	0	0	0	0	0
holistic	he1659	1039	0	0	0	0	2	0	0	0	0	0	0
conventional	ce1968	1039	0.047891	43.474599	1	14	7	8.401150	6.332255	22.002667	6.738527	1.114412	0
holistic	he1660	1040	0	0	0	0	2	0	0	0	0	0	0
conventional	ce1969	1040	0.032130	36.032692	1	14	7	4.970592	9.451130	15.951446	5.659524	1.248515	0
conventional	ce1970	1040	2.570987	43.386951	2	14	7	7.351118	2.190433	19.400977	14.444423	2.217488	0
holistic	he1661	1041	0	0	0	0	2	0	0	0	0	0	0
conventional	ce1971	1041	1.197644	49.806138	1	14	7	11.507311	3.546700	20.884186	13.867941	1.752156	0
conventional	ce1972	1041	1.631039	45.122871	1	14	7	8.232014	4.882975	22.183664	9.824218	1.252103	0
holistic	he1662	1042	0	0	0	0	2	0	0	0	0	0	0
conventional	ce1973	1042	1.593870	18.053189	1	14	7	3.395128	1.999024	9.203147	3.455890	0.726251	0
conventional	ce1974	1042	0.629416	85.916171	1	14	7	15.167480	3.104814	44.327573	23.316304	1.704436	0
conventional	ce1975	1043	0.884058	51.312651	1	14	7	7.794957	2.504523	30.826932	10.186239	1.704436	0
holistic	he1663	1044	1.757741	1.757741	1	1	4	1.757741	0	0	0	0	0
conventional	ce1976	1044	0.177579	46.889030	1	14	7	4.038552	12.619442	23.792444	6.438592	1.103186	0
conventional	ce1977	1044	0.158596	64.843632	1	14	7	19.376568	2.373941	32.581568	10.511555	1.480669	0
conventional	ce1978	1045	0.629416	68.482254	1	14	7	13.002754	2.331818	34.329876	18.817806	1.471453	0
conventional	ce1979	1045	0.027834	44.547664	1	14	7	7.156673	3.193390	27.890814	6.306787	3.031798	0
conventional	ce1980	1045	1.338247	54.854137	1	14	7	14.318725	4.381563	25.908567	10.245282	1.662835	0
holistic	he1664	1046	0	0	0	0	6	0	0	0	0	0	0
conventional	ce1981	1046	1.422386	65.060980	1	14	7	16.363708	9.877477	14.735368	24.084427	1.038439	0
holistic	he1665	1047	0	0	0	0	2	0	0	0	0	0.337690	0
conventional	ce1982	1047	0.603106	55.495127	1	14	7	7.894319	3.886602	30.121322	13.592884	1.657178	0
conventional	ce1983	1048	0.191803	50.350857	1	14	7	6.097330	6.682664	25.091877	12.478986	0.667450	0
conventional	ce1984	1048	0.664349	81.776952	1	14	7	14.338665	2.483346	44.006802	20.948139	1.704436	0
conventional	ce1985	1048	1.011825	43.761282	1	14	7	8.994579	2.487489	21.160505	11.118709	1.752156	0
conventional	ce1986	1049	0.414708	42.329113	1	14	7	2.623126	0.880808	27.169020	11.656159	1.325599	0
conventional	ce1987	1049	1.508521	74.257067	1	14	7	23.319538	7.259079	18.506921	25.171529	1.038439	0
conventional	ce1988	1050	0.629416	80.185616	1	14	7	15.438468	1.689547	44.187356	18.870245	1.038117	0
conventional	ce1989	1050	0.603106	72.588267	1	14	7	14.130729	5.976320	33.615164	18.866054	2.176262	0
holistic	he1666	1051	0	0	0	0	2	0	0	0	0	0	0
holistic	he1667	1052	0	0	0	0	1	0	0	0	0	0	0
holistic	he1668	1052	0	0	0	0	2	0	0	0	0	0	0.998469
conventional	ce1990	1052	2.380549	66.542838	1	14	7	13.995766	4.699814	32.009452	15.837806	4.049993	0
conventional	ce1991	1052	3.543637	46.281057	2	14	7	8.940361	2.449979	21.994796	12.895921	2.156431	0
conventional	ce1992	1052	1.021087	68.186083	1	14	7	21.503534	12.624871	11.458397	22.599281	1.188381	0
conventional	ce1993	1053	0.629416	40.174372	1	14	7	8.683922	3.659350	23.378591	4.452509	1.761614	0
holistic	he1669	1054	0	0	0	0	1	0	0	0	0	0	0
conventional	ce1994	1054	2.159884	53.886031	2	14	7	7.350775	1.635934	25.520503	19.378819	2.217488	0
holistic	he1670	1055	0	0	0	0	4	0	0	0	0	0	0
conventional	ce1995	1055	0.838597	61.001381	2	14	7	15.226177	7.502199	15.112590	23.160415	2.026128	0
holistic	he1671	1056	0.667213	0.667213	1	1	10	0.667213	0	0	0	0	0
conventional	ce1996	1056	0.884058	54.273623	1	14	7	7.927383	3.302097	30.034848	13.009295	1.704436	0
holistic	he1672	1057	0	0	0	0	4	0	0	0	0	0	0.819917
conventional	ce1997	1057	2.380549	81.033397	1	14	7	16.841006	3.036004	37.409813	23.746574	1.038117	0
conventional	ce1998	1057	0.629416	69.381548	1	14	7	11.789544	2.708722	38.016734	16.866548	1.720554	0
holistic	he1673	1058	1.664621	2.808550	1	1	10	0	0	0	2.808550	0	0
holistic	he1674	1058	0	0	0	0	6	0	0	0	0	0	0
conventional	ce1999	1058	0.603106	53.738978	1	14	7	11.625299	2.332287	27.810994	11.970398	1.657178	0
conventional	ce2000	1058	0.659608	56.244214	1	14	7	10.606359	4.329979	30.942505	10.365371	3.338590	0
conventional	ce2001	1058	0.191803	40.378973	1	14	7	4.955385	10.305199	20.997488	4.120901	1.876346	0
conventional	ce2002	1058	0.664349	87.861217	1	14	7	14.815698	2.903999	42.375623	27.765897	1.584192	0
conventional	ce2003	1058	0.304740	65.308115	1	14	7	19.055310	3.239868	30.276372	12.736565	1.789407	0
conventional	ce2004	1058	0.679794	55.400979	1	14	7	13.050860	3.417995	28.355556	10.576568	1.908202	0
holistic	he1675	1059	0	0	0	0	2	0	0	0	0	0	0
conventional	ce2005	1059	0.313533	40.371721	1	14	7	1.992178	3.015969	24.462205	10.901369	1.704436	0
conventional	ce2006	1059	0.010521	68.815133	1	14	7	23.437705	8.228022	13.232602	23.916804	1.014860	0
holistic	he1676	1060	0	0	0	0	2	0	0	0	0	0	0
holistic	he1677	1060	0.637767	0.637767	1	1	16	0.637767	0	0	0	0	0
conventional	ce2007	1060	0.167356	89.248793	1	14	7	12.201812	3.877227	46.222433	26.947321	1.581442	0
conventional	ce2008	1060	3.085566	47.979723	2	14	7	9.350438	3.362040	22.586733	12.680512	3.259936	0
conventional	ce2009	1060	0.364348	56.583041	1	14	7	3.519571	9.428493	27.119280	16.515697	1.014860	0
conventional	ce2010	1060	1.025397	40.563606	1	14	7	7.235781	2.487718	17.812095	13.028012	1.311603	0
conventional	ce2011	1060	0.447207	69.012903	1	14	7	17.440573	5.807134	35.429006	10.336190	1.964828	0
conventional	ce2012	1060	0.629416	82.894686	1	14	7	12.414208	2.016643	47.634414	20.829421	1.038117	0
conventional	ce2013	1060	3.543637	43.871720	2	14	7	5.818209	4.564060	27.598372	5.891079	2.385023	0
holistic	he1678	1061	0	0	0	0	2	0	0	0	0	0	0
conventional	ce2014	1061	0.142344	58.505791	1	14	7	8.165070	5.909459	29.009777	15.421485	2.989353	0
conventional	ce2015	1061	0.801150	55.691462	1	14	7	8.102748	6.858295	30.596733	10.133686	1.325599	0
holistic	he1679	1062	10.727004	10.727004	5	5	9	0	0	0	10.727004	0	0
holistic	he1680	1062	0	0	0	0	2	0	0	0	0	0	0.998469
holistic	he1681	1062	0	0	0	0	2	0	0	0	0	0	0.819917
conventional	ce2016	1062	1.154397	45.432246	1	14	7	6.355267	2.224900	25.535586	11.316493	1.657178	0
conventional	ce2017	1062	0.124678	45.669227	1	14	7	0.991447	8.394801	19.563658	16.719321	1.038401	0
conventional	ce2018	1063	0.836509	41.110754	2	14	7	6.413800	3.583947	24.328106	6.784901	2.043090	0
conventional	ce2019	1063	0.151363	72.719419	1	14	7	16.523278	1.662203	37.516299	17.017639	1.038117	0
conventional	ce2020	1063	0.664349	75.603537	1	14	7	13.384673	2.308503	39.914846	19.995515	1.704436	0
conventional	ce2021	1063	0.629416	91.448802	1	14	7	16.507264	3.224761	47.706843	24.009934	1.392915	0
holistic	he1682	1064	0	0	0	0	3	0	0	0	0	0	1.837766
holistic	he1683	1064	0	0	0	0	2	0	0	0	0	0	0
conventional	ce2022	1064	0.158596	72.310427	1	14	7	12.279448	2.324126	37.501619	20.205234	1.480669	0
conventional	ce2023	1065	2.544374	46.091413	2	14	7	9.452748	3.175849	19.320333	14.142483	2.880749	0
holistic	he1684	1066	0	0	0	0	6	0	0	0	0	0	0
holistic	he1685	1066	0	0	0	0	6	0	0	0	0	0	0.831291
holistic	he1686	1066	0	0	0	0	1	0	0	0	0	0	0
conventional	ce2024	1066	2.550591	53.183578	2	14	7	11.335581	0.661043	30.024990	11.161964	3.975732	0
conventional	ce2025	1066	2.552755	38.846751	1	14	7	5.431637	3.475007	23.361789	6.578318	1.902802	0
holistic	he1687	1067	0	0	0	0	2	0	0	0	0	0	1.204929
conventional	ce2026	1067	2.335823	46.828965	2	14	7	8.959177	3.654879	20.532416	13.682493	2.591203	0
holistic	he1688	1068	0	0	0	0	3	0	0	0	0	0	0
conventional	ce2027	1069	0.063536	47.066989	1	14	7	10.641107	2.514972	22.041952	11.868958	2.440893	0
holistic	he1689	1070	0	0	0	0	2	0	0	0	0	0	0
holistic	he1690	1070	0	0	0	0	2	0	0	0	0	0	0.819917
holistic	he1691	1071	0	0	0	0	5	0	0	0	0	0	0
conventional	ce2028	1071	0.142344	46.260241	1	14	7	9.938307	2.087508	25.072157	9.162269	2.560251	0
holistic	he1692	1072	0	0	0	0	2	0	0	0	0	0.337690	0
conventional	ce2029	1073	0.191803	40.156844	1	14	7	6.128610	6.061504	23.015864	4.950866	1.293129	0
conventional	ce2030	1073	2.550591	43.480734	2	14	7	10.423988	0.878280	21.167632	11.010834	3.975732	0
conventional	ce2031	1074	0.463135	50.049598	1	14	7	4.898268	14.010084	26.370791	4.770455	2.644551	0
holistic	he1693	1075	0	0	0	0	2	0	0	0	0	0	0
holistic	he1694	1075	0.667213	0.667213	1	1	12	0.667213	0	0	0	0	0
holistic	he1695	1075	0	0	0	0	2	0	0	0	0	0	0
holistic	he1696	1076	0	0	0	0	2	0	0	0	0	0	0
conventional	ce2032	1076	1.729112	49.974173	2	14	7	7.944788	3.403299	24.025306	14.600780	2.975710	0
holistic	he1697	1077	0	0	0	0	2	0	0	0	0	0	0
holistic	he1698	1077	0	0	0	0	2	0	0	0	0	0	0
conventional	ce2033	1077	0.671626	44.046469	2	14	7	2.668040	0.843224	28.578513	11.956692	1.325599	0
holistic	he1699	1078	1.757741	1.757741	1	1	4	1.757741	0	0	0	0	0
holistic	he1700	1078	0	0	0	0	2	0	0	0	0	0	0
holistic	he1701	1078	0	0	0	0	3	0	0	0	0	0	0
holistic	he1702	1078	0	0	0	0	6	0	0	0	0	0	0
conventional	ce2034	1078	0.177579	47.436474	1	14	7	3.555644	13.218412	26.605912	4.056506	1.682109	0
conventional	ce2035	1078	0.259018	52.165510	1	14	7	7.091017	7.745454	25.217148	12.111891	0.667450	0
holistic	he1703	1079	0	0	0	0	1	0	0	0	0	0	0
holistic	he1704	1079	0	0	0	0	6	0	0	0	0	0	0
conventional	ce2036	1079	0.151363	72.234527	1	14	7	16.384015	1.482328	36.528973	17.839211	1.038117	0
conventional	ce2037	1079	0.629416	66.582320	1	14	7	12.404557	2.951561	31.750274	19.475928	1.471453	0
holistic	he1705	1080	0	0	0	0	2	0	0	0	0	0.132862	0
conventional	ce2038	1080	0.177579	49.589754	1	14	7	4.921043	13.880958	25.552967	5.234786	2.187918	0
conventional	ce2039	1080	0.361964	94.223845	1	14	7	12.590457	5.781609	42.854246	32.997533	1.584192	0
holistic	he1706	1081	0	0	0	0	2	0	0	0	0	0	0.819917
holistic	he1707	1083	0	0	0	0	4	0	0	0	0	0	0
holistic	he1708	1083	0	0	0	0	6	0	0	0	0	0	0.998469
holistic	he1709	1083	0	0	0	0	6	0	0	0	0	0	0
conventional	ce2040	1083	2.544374	46.305368	2	14	7	8.753764	1.358327	21.628423	14.564854	1.089439	0
conventional	ce2041	1084	0.335074	81.925128	1	14	7	12.649412	2.554722	46.201025	20.519969	1.704436	0
holistic	he1710	1085	0	0	0	0	4	0	0	0	0	0	0
conventional	ce2042	1085	0.151363	71.892521	1	14	7	15.042318	1.979453	38.397047	16.473703	1.038117	0
conventional	ce2043	1085	0.142344	65.141142	1	14	7	12.358583	5.332066	35.603016	11.847477	3.338590	0
conventional	ce2044	1086	2.380549	73.665808	1	14	7	15.302202	8.269992	42.261372	7.832242	3.694131	0
conventional	ce2045	1086	1.956636	37.999510	2	14	7	7.278581	0.249250	20.671850	9.799829	3.852985	0
holistic	he1711	1087	0	0	0	0	2	0	0	0	0	0	0.765974
conventional	ce2046	1087	0.603106	117.319989	1	14	7	16.403293	7.497886	54.419034	38.999776	2.084131	0
conventional	ce2047	1087	1.321150	41.927558	1	14	7	6.468189	1.003397	20.165907	14.290065	1.311603	0
conventional	ce2048	1088	0.603106	121.935759	1	14	7	18.381353	8.347288	54.814646	40.392472	2.320057	0
conventional	ce2049	1088	1.064471	50.585943	1	14	7	5.550838	2.772125	30.739689	11.523291	1.027972	0
holistic	he1712	1089	0	0	0	0	1	0	0	0	0	0	0
conventional	ce2050	1089	0.534625	56.979006	1	14	7	11.715559	5.741565	26.261866	13.260016	1.768560	0
conventional	ce2051	1089	1.095225	123.503436	1	14	7	14.730514	7.870124	56.431294	44.471504	3.073683	0
holistic	he1713	1090	0	0	0	0	2	0	0	0	0	0	0.518201
holistic	he1714	1090	0	0	0	0	2	0	0	0	0	0	0.245653
conventional	ce2052	1090	0.072092	63.021472	1	14	7	10.087822	3.988123	29.616349	19.329178	1.575095	0
conventional	ce2053	1090	0.230141	68.774528	1	14	7	16.241932	2.117571	31.819426	18.595599	1.810010	0
conventional	ce2054	1091	0.151363	72.954662	1	14	7	16.384015	1.482328	36.410322	18.677997	1.038117	0
conventional	ce2055	1091	0.558435	62.951419	1	14	7	13.629132	5.798580	31.890620	11.633087	2.176262	0
conventional	ce2056	1091	0.801150	56.348456	1	14	7	8.074882	7.118753	29.840705	11.314116	1.325599	0
holistic	he1715	1092	0	0	0	0	6	0	0	0	0	0	0.998469
holistic	he1716	1092	6.601347	13.369310	3	3	6	0	0	0	13.369310	0	0
holistic	he1717	1092	0	0	0	0	6	0	0	0	0	0	0
holistic	he1718	1092	0	0	0	0	2	0	0	0	0	0	0
conventional	ce2057	1092	2.380549	75.893769	1	14	7	14.956821	12.054879	41.303752	7.578317	3.694131	0
conventional	ce2058	1092	0.124678	41.806107	1	14	7	3.413448	3.999421	17.651423	16.741815	0.642929	0
holistic	he1719	1093	0	0	0	0	6	0	0	0	0	0	0
holistic	he1720	1093	0	0	0	0	2	0	0	0	0	0	0
conventional	ce2059	1093	0.629416	70.268975	1	14	7	8.231284	2.074503	36.347880	23.615308	1.534089	0
conventional	ce2060	1093	0.603106	60.438875	1	14	7	13.398109	5.301010	26.185940	15.553816	1.768560	0
holistic	he1721	1094	0	0	0	0	2	0	0	0	0	0.337690	0
holistic	he1722	1094	0	0	0	0	6	0	0	0	0	0	0
holistic	he1723	1094	0	0	0	0	2	0	0	0	0	0	0
holistic	he1724	1094	0	0	0	0	2	0	0	0	0	0	0
conventional	ce2061	1094	1.245695	66.190924	1	14	7	17.339100	8.900994	15.875725	24.075105	0.965348	0
conventional	ce2062	1095	0.133266	62.666097	1	14	7	16.711501	9.713934	16.079503	20.161159	2.176262	0
holistic	he1725	1096	0	0	0	0	2	0	0	0	0	0	0.674223
holistic	he1726	1096	0	0	0	0	2	0	0	0	0	0	0
conventional	ce2063	1096	0.397328	36.888615	1	14	7	2.735944	3.345384	20.582500	10.224787	0.667450	0
conventional	ce2064	1096	0.304740	59.808661	1	14	7	11.287196	2.781260	31.508088	14.232117	1.610830	0
conventional	ce2065	1096	0.199614	67.671203	1	14	7	19.350299	4.322642	34.512004	9.486258	1.768560	0
conventional	ce2066	1096	0.297189	41.747948	1	14	7	2.562542	4.388099	17.290212	17.507095	0.642929	0
holistic	he1727	1097	0	0	0	0	4	0	0	0	0	0	0
holistic	he1728	1097	0	0	0	0	2	0	0	0	0	0	0
holistic	he1729	1097	0	0	0	0	2	0	0	0	0	0	0.819917
holistic	he1730	1097	0	0	0	0	2	0	0	0	0	0.337690	0
conventional	ce2067	1097	1.014487	67.432093	1	14	7	19.009190	11.409110	13.703887	23.309906	0.947552	0
holistic	he1731	1098	0	0	0	0	3	0	0	0	0	0	1.639834
holistic	he1732	1099	0	0	0	0	2	0	0	0	0	0	0
holistic	he1733	1099	0	0	0	0	2	0	0	0	0	0	0
holistic	he1734	1099	0	0	0	0	9	0	0	0	0	0	0
holistic	he1735	1099	0	0	0	0	2	0	0	0	0	0	0.998469
conventional	ce2068	1099	0.664349	86.659913	1	14	7	15.111592	3.103525	42.600809	25.843987	1.584192	0
holistic	he1736	1100	0	0	0	0	3	0	0	0	0	0	0
holistic	he1737	1100	0	0	0	0	9	0	0	0	0	0	0
holistic	he1738	1101	0	0	0	0	2	0	0	0	0	0	0
conventional	ce2069	1101	2.380549	52.652286	1	14	7	12.822672	4.487860	25.111926	10.229828	4.049993	0
holistic	he1739	1102	0	0	0	0	2	0	0	0	0	0	0
conventional	ce2070	1102	0.603106	52.801028	1	14	7	8.327404	2.696577	28.134045	13.643002	2.320057	0
conventional	ce2071	1102	0.629416	72.328708	1	14	7	13.239740	2.998053	33.469875	22.621040	1.471453	0
holistic	he1740	1103	1.664621	2.808550	1	1	2	0	0	0	2.808550	0	0
holistic	he1741	1103	0	0	0	0	2	0	0	0	0	0	1.092366
conventional	ce2072	1103	0.497915	55.432422	1	14	7	7.319243	2.954734	28.601055	16.557390	3.514228	0
holistic	he1742	1104	0	0	0	0	3	0	0	0	0	0	0
conventional	ce2073	1104	3.543637	44.711695	2	14	7	9.353546	2.819976	16.402303	16.135870	1.214139	0
holistic	he1743	1105	0	0	0	0	2	0	0	0	0	0	0
conventional	ce2074	1105	0.374157	138.544198	1	14	7	18.196094	10.779064	66.144016	43.425024	2.320057	0
holistic	he1744	1106	0	0	0	0	2	0	0	0	0	0	0
holistic	he1745	1106	0	0	0	0	4	0	0	0	0	0	1.552942
conventional	ce2075	1106	1.739944	53.934486	2	14	7	9.854298	4.061854	23.680928	16.337406	2.811916	0
holistic	he1746	1107	0	0	0	0	2	0	0	0	0	0	0
conventional	ce2076	1107	0.361964	91.014477	1	14	7	13.488231	5.874295	41.193911	30.458040	1.801028	0
conventional	ce2077	1108	0.304740	63.752824	1	14	7	19.628312	3.385935	28.771920	11.966657	2.999033	0
conventional	ce2078	1108	0.884058	69.962967	1	14	7	13.360293	5.496093	37.775907	13.330674	1.704436	0
conventional	ce2079	1108	0.063536	54.057662	1	14	7	16.652642	8.994009	8.180665	20.230346	2.440893	0
conventional	ce2080	1109	0.603106	67.865940	1	14	7	15.557390	6.280662	30.448199	15.579689	2.176262	0
conventional	ce2081	1109	2.550591	44.700996	2	14	7	10.054717	0.919538	20.605424	13.121317	3.975732	0
holistic	he1747	1110	13.387004	13.387004	8	8	8	9.678000	0	0	3.709004	0	1.184679
conventional	ce2082	1110	0.137187	80.426884	1	14	7	12.083832	5.401200	34.636332	28.305520	1.584192	0
conventional	ce2083	1110	0.603106	131.190385	1	14	7	16.395715	8.603525	65.763087	40.428058	2.848820	0
holistic	he1748	1111	0	0	0	0	3	0	0	0	0	0	0
conventional	ce2084	1111	0.158596	68.246218	1	14	7	12.392467	5.743041	40.339959	9.770751	1.480669	0
holistic	he1749	1112	0	0	0	0	9	0	0	0	0	0	0
conventional	ce2085	1112	2.200671	54.941014	2	14	7	9.962235	4.156822	23.537858	17.284099	2.880868	0
conventional	ce2086	1112	0.801150	51.807952	1	14	7	8.290957	3.073786	27.103553	13.339656	1.507007	0
conventional	ce2087	1112	0.291577	70.953725	1	14	7	19.388104	3.061029	33.043307	15.461285	1.789407	0
conventional	ce2088	1113	0.293720	59.558427	1	14	7	3.907971	12.744287	27.784539	15.121630	1.480669	0
conventional	ce2089	1114	0.497915	53.299720	1	14	7	7.163256	1.699746	27.678482	16.758236	3.514228	0
holistic	he1750	1115	0	0	0	0	4	0	0	0	0	0	0
holistic	he1751	1116	0	0	0	0	6	0	0	0	0	0	0
holistic	he1752	1116	0	0	0	0	4	0	0	0	0	0	0.561015
conventional	ce2090	1116	0.025748	107.942870	1	14	7	17.580247	3.527507	57.073597	29.761519	2.045589	0
conventional	ce2091	1116	0.702802	60.113131	1	14	7	13.259982	5.733437	29.262884	11.856828	2.584758	0
holistic	he1753	1117	0	0	0	0	4	0	0	0	0	0	0
holistic	he1754	1118	0	0	0	0	2	0	0	0	0	0	0
conventional	ce2092	1118	0.010521	78.207485	1	14	7	20.571574	10.321814	17.387913	29.926184	1.014860	0
conventional	ce2093	1118	0.397328	37.742201	1	14	7	3.161796	4.099109	20.179402	10.301894	1.047323	0
holistic	he1755	1119	0	0	0	0	2	0	0	0	0	0	0
holistic	he1756	1119	0	0	0	0	2	0	0	0	0	0	0
conventional	ce2094	1119	0.836509	67.312931	2	14	7	14.395136	7.853671	39.348967	5.715157	2.903781	0
conventional	ce2095	1119	0.259018	60.119468	1	14	7	4.216202	8.576837	27.356986	19.969443	1.460756	0
conventional	ce2096	1119	2.839881	36.570506	2	14	7	8.407655	2.816751	16.943278	8.402822	2.736821	0
conventional	ce2097	1120	0.729183	72.598179	1	14	7	20.177979	12.058032	16.495948	23.866220	0.947552	0
conventional	ce2098	1120	0.139692	71.636685	1	14	7	16.524231	1.276091	37.869573	15.966790	1.038117	0
conventional	ce2099	1120	0.661948	33.028221	2	14	7	5.982744	3.338930	12.801368	10.905179	2.043090	0
conventional	ce2100	1120	1.632104	64.754243	1	14	7	17.039342	8.366264	13.195582	26.153055	0.965348	0
holistic	he1757	1121	0	0	0	0	3	0	0	0	0	0	0
conventional	ce2101	1121	0.124678	45.358905	1	14	7	3.573344	4.599537	20.442223	16.743801	1.289861	0
holistic	he1758	1122	0	0	0	0	2	0	0	0	0	0	0
holistic	he1759	1122	0	0	0	0	1	0	0	0	0	0	0
holistic	he1760	1122	0	0	0	0	6	0	0	0	0	0	0
conventional	ce2102	1122	0.304740	40.773165	1	14	7	11.711316	3.201186	19.095284	6.765379	1.610830	0
conventional	ce2103	1122	0.063536	52.467963	1	14	7	10.575094	3.094001	26.943462	11.855406	2.440893	0
conventional	ce2104	1122	0.142344	85.198695	1	14	7	29.707890	7.481665	35.823867	12.185273	2.255550	0
holistic	he1761	1123	0	0	0	0	2	0	0	0	0	0	0
conventional	ce2105	1123	5.573152	66.741795	2	14	7	7.153161	2.427933	37.436007	19.724694	3.975732	0
conventional	ce2106	1123	0.259018	57.413212	1	14	7	5.711080	11.069181	26.998733	13.634218	0.667450	0
conventional	ce2107	1123	0.488588	145.349529	1	14	7	18.157772	10.561142	68.556389	48.074226	2.877427	0
conventional	ce2108	1123	0.558435	62.309150	1	14	7	17.741566	6.923682	17.885528	19.758374	2.176262	0
conventional	ce2109	1124	1.064471	54.322430	1	14	7	5.743080	3.217389	33.329908	12.032053	0.494504	0
conventional	ce2110	1124	0.446037	87.117316	1	14	7	14.963462	2.315928	39.803571	30.034355	1.362891	0
holistic	he1762	1125	2.460436	2.460436	4	4	14	0	0	0	2.460436	0	0.998469
conventional	ce2111	1125	2.552755	32.549883	1	14	7	7.287749	3.605613	16.175493	5.481028	2.048512	0
conventional	ce2112	1125	0.630708	44.623015	1	14	7	7.952443	2.957534	20.977042	12.735996	1.038117	0
holistic	he1763	1126	5.745911	11.775755	3	3	6	0	0	0	11.775755	0	0
holistic	he1764	1126	0	0	0	0	6	0	0	0	0	0	0
holistic	he1765	1126	0	0	0	0	2	0	0	0	0	0	0
conventional	ce2113	1126	0.811444	57.722050	1	14	7	10.112105	3.552545	30.521506	13.535894	3.514228	0
conventional	ce2114	1126	0.730743	72.717112	1	14	7	14.978343	5.197123	33.747371	18.794275	1.529919	0
conventional	ce2115	1126	0.010521	76.669071	1	14	7	21.409753	9.398251	21.506114	24.354953	1.014860	0
conventional	ce2116	1127	0.151363	71.655326	1	14	7	17.501247	1.493863	35.791625	16.868591	1.038117	0
holistic	he1766	1128	0	0	0	0	15	0	0	0	0	0	0
conventional	ce2117	1128	0.063536	52.232472	1	14	7	9.329713	2.651905	24.658276	15.592578	2.440893	0
conventional	ce2118	1128	0.077736	132.644348	1	14	7	13.639460	7.111926	68.209753	43.683209	2.733312	0
holistic	he1767	1129	5.745911	12.159332	3	3	6	0	0	0	12.159332	0	0
conventional	ce2119	1129	1.213754	44.308585	1	14	7	4.146348	6.562929	15.647106	17.952202	0.642929	0
holistic	he1768	1130	0	0	0	0	2	0	0	0	0	0	0
holistic	he1769	1130	0	0	0	0	2	0	0	0	0	0	1.967185
holistic	he1770	1130	0	0	0	0	2	0	0	0	0	0	0
conventional	ce2120	1130	0.598138	44.912094	1	14	7	1.163835	13.256788	26.591005	3.900466	1.682109	0
conventional	ce2121	1130	0.615561	77.862777	1	14	7	16.469174	7.819741	36.370758	17.203104	0.667450	0
holistic	he1771	1131	0	0	0	0	6	0	0	0	0	0	0
conventional	ce2122	1131	0.400820	39.875675	1	14	7	11.711316	3.201186	18.219775	6.743398	1.720643	0
holistic	he1772	1132	0	0	0	0	6	0	0	0	0	0	0
holistic	he1773	1132	0	0	0	0	3	0	0	0	0	0	0
conventional	ce2123	1132	1.064471	56.455863	1	14	7	5.983466	3.382535	36.084381	11.005481	0.869955	0
conventional	ce2124	1133	0.010521	78.947924	1	14	7	20.766656	10.489542	17.780523	29.911203	1.014860	0
conventional	ce2125	1133	0.602786	47.964557	1	14	7	6.255723	1.753927	24.675465	15.279442	3.180833	0
holistic	he1774	1134	0	0	0	0	3	0	0	0	0	0	0
holistic	he1775	1134	0.012902	0.012902	1	1	2	0	0	0	0.012902	0	0.819917
conventional	ce2126	1134	1.043571	37.702052	1	14	7	2.233258	5.556112	21.179821	8.732861	0.947552	0
conventional	ce2127	1134	0.922186	52.160777	1	14	7	6.385905	1.793859	27.361286	16.619727	3.629999	0
conventional	ce2128	1134	0.630708	27.935320	1	14	7	8.804177	4.132444	8.242960	6.755739	1.038117	0
holistic	he1776	1135	0	0	0	0	2	0	0	0	0	0	0
holistic	he1777	1135	3.709004	3.709004	4	4	10	0	0	0	3.709004	0	1.184679
holistic	he1778	1135	0	0	0	0	2	0	0	0	0	0	0
holistic	he1779	1136	0	0	0	0	2	0	0	0	0	0	0.765974
conventional	ce2129	1136	0.497915	56.549494	1	14	7	6.613406	2.397373	29.822069	17.716646	3.575392	0
holistic	he1780	1137	0	0	0	0	6	0	0	0	0	0	0
conventional	ce2130	1137	0.715967	50.725989	1	14	7	0.855449	15.393699	28.272593	6.204248	1.682109	0
conventional	ce2131	1137	0.682891	79.988875	1	14	7	29.466430	6.461372	33.433260	10.627813	1.471453	0
holistic	he1781	1138	0	0	0	0	2	0	0	0	0	0	0
holistic	he1782	1138	0	0	0	0	1	0	0	0	0	0	0
holistic	he1783	1138	0	0	0	0	2	0	0	0	0	0	0
holistic	he1784	1138	0	0	0	0	2	0	0	0	0	0	1.092366
holistic	he1785	1138	0	0	0	0	2	0	0	0	0	0	0
holistic	he1786	1138	0	0	0	0	3	0	0	0	0	0	0
conventional	ce2132	1138	0.397328	34.061487	1	14	7	3.845362	3.725647	18.372527	8.117951	0.667450	0
conventional	ce2133	1138	0.142344	96.233407	1	14	7	31.385266	9.182649	39.338216	16.327276	3.519690	0
conventional	ce2134	1138	0.558435	49.853539	1	14	7	8.875214	3.336166	24.983566	12.658593	2.176262	0
holistic	he1787	1139	0	0	0	0	4	0	0	0	0	0	1.691227
holistic	he1788	1139	0	0	0	0	6	0	0	0	0	0	0
conventional	ce2135	1139	2.078164	100.003135	1	14	7	12.428450	5.932060	47.178996	34.463629	1.181361	0
conventional	ce2136	1139	1.031686	71.406349	1	14	7	20.467790	9.136442	14.852481	26.949636	0.965348	0
holistic	he1789	1140	0	0	0	0	2	0	0	0	0	0.337690	0
conventional	ce2137	1140	2.061862	52.103428	2	14	7	11.879833	4.001971	21.103116	15.118508	3.208723	0
conventional	ce2138	1140	1.014487	71.608303	1	14	7	19.800917	13.635566	15.646536	22.525284	0.947552	0
conventional	ce2139	1140	0.397328	34.977706	1	14	7	3.157371	3.287673	19.334545	9.198117	0.567060	0
holistic	he1790	1141	0	0	0	0	6	0	0	0	0	0	0
holistic	he1791	1141	0	0	0	0	4	0	0	0	0	0	0
conventional	ce2140	1141	0.297189	43.706157	1	14	7	1.385539	4.681970	19.384832	18.253816	0.860289	0
conventional	ce2141	1141	0.151363	62.182814	1	14	7	15.465167	1.554487	34.195627	10.967533	0.597736	0
conventional	ce2142	1141	0.059685	43.735540	1	14	7	3.414721	4.138471	20.622271	15.560077	0.642929	0
holistic	he1792	1142	0	0	0	0	3	0	0	0	0	0	0
holistic	he1793	1143	0	0	0	0	1	0	0	0	0	0	0
holistic	he1794	1143	0	0	0	0	6	0	0	0	0	0	0
holistic	he1795	1143	0	0	0	0	2	0	0	0	0	0	0
conventional	ce2143	1143	0.406235	49.476765	1	14	7	6.926586	10.824991	14.594514	17.130674	0.333953	0
holistic	he1796	1145	0	0	0	0	4	0	0	0	0	0	0
holistic	he1797	1145	0	0	0	0	2	0	0	0	0	0	0
conventional	ce2144	1145	0.615561	79.621766	1	14	7	17.062381	8.181258	36.706672	17.671455	0.667450	0
conventional	ce2145	1145	1.632104	69.637759	1	14	7	18.284664	11.234939	15.145648	24.972508	0.965348	0
holistic	he1798	1146	0	0	0	0	2	0	0	0	0	0	0.518201
holistic	he1799	1146	3.709004	3.709004	4	4	10	0	0	0	3.709004	0	1.184679
conventional	ce2146	1146	1.632104	76.821038	1	14	7	21.002592	10.904917	18.497449	26.416080	1.495026	0
conventional	ce2147	1146	1.031686	65.237007	1	14	7	21.310865	7.849950	10.570610	25.505582	0.965348	0
holistic	he1800	1147	0	0.575730	0	6	6	0	0	0.575730	0	0	0
holistic	he1801	1147	0	0	0	0	2	0	0	0	0	0	0
conventional	ce2148	1147	0.397328	36.152036	1	14	7	3.854892	2.951813	19.596651	9.748680	1.274446	0
conventional	ce2149	1148	0.893665	54.315191	1	14	7	6.387700	2.164308	24.337022	21.426161	3.629999	0
conventional	ce2150	1148	0.811444	56.671494	1	14	7	8.985075	4.501884	29.620721	13.563814	3.514228	0
holistic	he1802	1150	0	0	0	0	4	0	0	0	0	0	0
holistic	he1803	1150	0	0	0	0	6	0	0	0	0	0	5.923395
conventional	ce2151	1150	0.594297	134.669158	1	14	7	16.735346	6.648019	72.905791	38.380002	3.121635	0
conventional	ce2152	1151	5.389942	74.717554	2	14	7	6.553891	2.073376	43.634871	22.455416	3.606638	0
holistic	he1804	1152	0	0	0	0	4	0	0	0	0	0	0
holistic	he1805	1152	0	0	0	0	6	0	0	0	0	0	0
holistic	he1806	1152	0	0	0	0	3	0	0	0	0	0	0
holistic	he1807	1152	4.340333	9.204641	3	3	6	0	0	0	9.204641	0	0
conventional	ce2153	1152	0.486980	51.029715	1	14	7	2.726507	8.077352	22.675479	17.550377	1.875522	0
conventional	ce2154	1152	1.078216	73.169293	2	14	7	18.798761	4.566173	36.520235	13.284124	1.768560	0
conventional	ce2155	1152	0.151363	74.686701	1	14	7	17.739035	1.788730	36.204255	18.954681	0.951968	0
holistic	he1808	1153	0	0	0	0	2	0	0	0	0	0	0
holistic	he1809	1153	0	0	0	0	2	0	0	0	0	0	0
holistic	he1810	1154	0	0	0	0	2	0	0	0	0	0	0
holistic	he1811	1154	0	0	0	0	2	0	0	0	0	0	0
holistic	he1812	1154	0	0	0	0	2	0	0	0	0	0	0
holistic	he1813	1154	5.745911	11.345891	3	3	6	0	0	0	11.345891	0	0
conventional	ce2156	1154	1.014487	77.011147	1	14	7	18.103886	10.189873	23.871786	24.845602	0.947552	0
conventional	ce2157	1154	0.199614	67.052295	1	14	7	19.157676	4.188739	32.245893	11.459987	1.662862	0
conventional	ce2158	1155	0.497915	53.017202	1	14	7	7.410557	2.979610	26.973280	15.653755	3.514228	0
holistic	he1814	1156	0	0	0	0	2	0	0	0	0	0	0
holistic	he1815	1156	0	0	0	0	2	0	0	0	0	0	0
holistic	he1816	1156	0	0	0	0	2	0	0	0	0	0	0
conventional	ce2159	1156	0.650858	53.856362	1	14	7	5.938420	3.135857	25.431970	19.350115	2.554527	0
conventional	ce2160	1156	0.400436	79.979929	1	14	7	17.299033	8.237660	37.133952	17.309284	1.247019	0
conventional	ce2161	1156	3.620614	41.138877	2	14	7	5.937377	3.793418	19.355278	12.052804	2.740649	0
conventional	ce2162	1156	0.041279	141.187239	1	14	7	15.183672	10.829144	66.113330	49.061093	2.320057	0
conventional	ce2163	1156	1.213983	62.519656	2	14	7	14.393309	7.911350	34.990693	5.224304	2.566194	0
holistic	he1817	1157	6.334144	6.334144	8	8	14	0	0	0	6.334144	0	0
holistic	he1818	1157	9.678000	9.678000	4	4	8	9.678000	0	0	0	0	1.184679
holistic	he1819	1157	1.576754	1.576754	2	2	6	0	0	0	1.576754	0	0
holistic	he1820	1157	5.720564	10.483908	2	2	7	0	0	0	10.483908	0	0
conventional	ce2164	1157	0.629416	71.225338	1	14	7	11.066733	2.453236	34.514544	23.190825	1.042686	0
conventional	ce2165	1157	0.706539	40.301279	1	14	7	5.130916	3.718864	20.501303	10.950196	1.352935	0
holistic	he1821	1158	0	0	0	0	2	0	0	0	0	0	0
conventional	ce2166	1158	0.419749	42.388976	1	14	7	3.573920	6.572841	17.089853	15.152362	0.642929	0
holistic	he1822	1159	0	0	0	0	8	0	0	0	0	0	0
holistic	he1823	1159	0	0	0	0	4	0	0	0	0	0	0
conventional	ce2167	1159	0.532943	72.677343	1	14	7	7.786568	2.795473	34.781710	27.313592	3.734661	0
holistic	he1824	1160	0	0	0	0	5	0	0	0	0	0	0
holistic	he1825	1160	0	0	0	0	4	0	0	0	0	0	0
conventional	ce2168	1160	0.041279	43.832299	1	14	7	3.256826	4.720219	20.362109	15.493145	1.843659	0
conventional	ce2169	1160	0.603106	65.304727	1	14	7	17.086908	5.955625	29.312166	12.950028	2.333807	0
holistic	he1826	1161	0	0	0	0	6	0	0	0	0	0	4.589065
holistic	he1827	1161	0	0	0	0	3	0	0	0	0	0	0
holistic	he1828	1162	0	0	0	0	3	0	0	0	0	0	5.440914
conventional	ce2170	1162	1.541659	63.742850	1	14	7	14.738993	8.750700	13.444552	26.808605	0.965348	0
conventional	ce2171	1162	1.093724	134.532496	1	14	7	18.313720	10.442355	63.264236	42.512185	0.965348	0
conventional	ce2172	1162	0.293720	67.892062	1	14	7	18.481502	11.157258	16.113093	22.140209	1.480669	0
holistic	he1829	1163	0	0	0	0	4	0	0	0	0	0	0
holistic	he1830	1163	0	0	0	0	0	0	0	0	0	0	0
conventional	ce2173	1163	0.715967	48.877999	1	14	7	0.560825	14.158158	26.715086	7.443930	0.712503	0
conventional	ce2174	1163	2.839881	34.152506	2	14	7	10.560112	2.927501	16.182551	4.482342	2.934407	0
holistic	he1831	1164	0	0	0	0	2	0	0	0	0	0	0
conventional	ce2175	1164	1.280364	51.092780	1	14	7	6.095385	1.071116	22.226303	21.699976	3.629999	0
conventional	ce2176	1164	1.632104	39.630854	1	14	7	13.419069	1.244232	16.862269	8.105284	1.006153	0
holistic	he1832	1165	0	0	0	0	0	0	0	0	0	0	0
holistic	he1833	1165	9.678000	9.678000	4	4	8	9.678000	0	0	0	0	1.184679
conventional	ce2177	1165	0.147587	61.479945	1	14	7	2.057150	8.374175	31.112363	19.936257	1.547649	0
conventional	ce2178	1165	0.302307	152.585669	1	14	7	14.604816	13.073280	72.702447	52.205126	2.149746	0
holistic	he1834	1166	0	0	0	0	0	0	0	0	0	0	0
holistic	he1835	1166	4.839000	4.839000	2	2	10	4.839000	0	0	0	0	1.184679
conventional	ce2179	1166	1.014487	85.608497	1	14	7	24.398359	16.966710	21.155068	23.088360	1.227060	0
conventional	ce2180	1166	0.497915	55.681867	1	14	7	4.273553	1.574778	33.412830	16.420706	3.512241	0
holistic	he1836	1167	0	0	0	0	2	0	0	0	0	0	0
conventional	ce2181	1167	1.632104	53.576103	1	14	7	5.194050	8.474681	24.620732	15.286640	0.965348	0
conventional	ce2182	1167	5.573152	67.441048	2	14	7	7.556632	2.013871	37.472740	20.397805	3.441978	0
conventional	ce2183	1167	0.521067	131.003150	1	14	7	14.658699	11.582629	57.747569	47.014253	2.320057	0
conventional	ce2184	1168	0.598138	42.847459	1	14	7	1.351035	15.516900	23.820246	2.159278	1.994443	0
conventional	ce2185	1168	1.232295	65.923059	2	14	7	13.885607	7.358004	37.953028	6.726420	3.227170	0
conventional	ce2186	1169	1.851227	70.405752	1	14	7	26.394825	10.807272	9.763368	23.440287	1.065637	0
conventional	ce2187	1169	0.151363	68.834592	1	14	7	19.440244	1.493863	32.721537	15.178948	1.217292	0
holistic	he1837	1170	0	0	0	0	2	0	0	0	0	0	1.967185
holistic	he1838	1170	0	0	0	0	2	0	0	0	0	0	0
conventional	ce2188	1170	0.811444	60.237488	1	14	7	11.303800	5.782667	29.105516	14.045505	3.514228	0
holistic	he1839	1171	0	0	0	0	6	0	0	0	0	0	0
conventional	ce2189	1171	1.632104	81.376461	1	14	7	20.917118	10.709174	22.507343	27.242826	1.495026	0
conventional	ce2190	1171	0.630708	41.614865	1	14	7	7.800619	2.189079	18.627026	12.998141	0.578443	0
conventional	ce2191	1172	0.259018	57.829128	1	14	7	4.162904	10.968755	26.760078	15.937391	1.460756	0
conventional	ce2192	1172	0.630708	43.023021	1	14	7	7.737411	3.629849	21.414868	10.240893	1.038117	0
conventional	ce2193	1172	0.602786	36.089879	1	14	7	5.664121	1.071479	14.263309	15.090970	3.220404	0
conventional	ce2194	1172	0.598138	42.504528	1	14	7	0.520814	13.579833	18.499951	9.903930	1.994443	0
conventional	ce2195	1173	0.026219	158.093211	1	14	7	17.309380	12.728265	72.904263	55.151303	2.149746	0
conventional	ce2196	1173	0.276234	48.171347	1	14	7	0.885270	13.063911	26.910002	7.312164	0.198943	0
conventional	ce2197	1174	0.298450	47.502738	1	14	7	1.499062	16.044547	23.128356	6.830773	1.138092	0
conventional	ce2198	1174	1.740278	56.169031	1	14	7	19.150526	12.428265	16.815746	7.774494	0.947552	0
conventional	ce2199	1174	0.397328	29.174903	1	14	7	2.124337	1.511868	16.161403	9.377295	0.567060	0
holistic	he1840	1176	0	0	0	0	2	0	0	0	0	0	0
holistic	he1841	1176	0	0	0	0	2	0	0	0	0	0	0
conventional	ce2200	1176	0.059685	42.156408	1	14	7	3.677109	5.893612	18.657197	13.928490	0.642929	0
conventional	ce2201	1176	0.151363	76.607521	1	14	7	10.589523	1.171696	36.751083	28.095219	0.963035	0
holistic	he1842	1177	0	0	0	0	2	0	0	0	0	0	1.092366
conventional	ce2202	1178	4.769004	62.178357	2	14	7	8.127062	2.779941	35.017643	16.253711	3.975732	0
holistic	he1843	1179	0	0	0	0	2	0	0	0	0	0	0
conventional	ce2203	1179	0.811444	57.114373	1	14	7	9.222675	4.254927	29.546814	14.089957	3.994031	0
conventional	ce2204	1179	0.911243	61.764375	2	14	7	14.323502	7.155574	34.623514	5.661785	2.566194	0
conventional	ce2205	1179	0.650858	52.463537	1	14	7	4.405536	1.768434	29.761761	16.527806	2.510103	0
conventional	ce2206	1180	0.780412	45.418976	1	14	7	1.075708	14.959010	26.430498	2.953760	2.320057	0
conventional	ce2207	1180	0.322691	37.456812	1	14	7	2.026424	4.792539	20.866873	9.770976	0.779674	0
conventional	ce2208	1180	0.280512	43.418860	1	14	7	13.838709	2.855839	19.232370	7.491942	1.610830	0
conventional	ce2209	1180	1.774889	77.446638	1	14	7	22.833888	9.103033	16.382035	29.127682	1.047200	0
conventional	ce2210	1181	0.598138	55.808012	1	14	7	1.661962	14.705275	31.190254	8.250521	1.152077	0
holistic	he1844	1182	0	0	0	0	0	0	0	0	0	0	0
holistic	he1845	1182	0	0	0	0	3	0	0	0	0	0	0
conventional	ce2211	1182	1.213983	84.377000	2	14	7	22.025393	10.674883	24.252092	27.424632	2.426452	0
conventional	ce2212	1182	0.990762	78.395693	1	14	7	12.952158	6.775196	37.615998	21.052341	1.529919	0
holistic	he1846	1183	0	0	0	0	2	0	0	0	0	0	0
conventional	ce2213	1183	3.555167	41.806976	2	14	7	4.613226	3.398691	20.563474	13.231585	2.359305	0
conventional	ce2214	1183	1.213983	75.989333	2	14	7	17.451618	9.345371	33.046386	16.145958	2.566194	0
conventional	ce2215	1183	0.911243	60.786911	2	14	7	15.077624	7.238359	30.501048	7.969880	2.317561	0
conventional	ce2216	1184	0.302307	166.102803	1	14	7	16.657745	14.750657	77.231153	57.463248	2.299656	0
conventional	ce2217	1185	0.354551	48.566379	1	14	7	3.241587	7.900364	19.904919	17.519509	1.843659	0
holistic	he1847	1186	0	0	0	0	4	0	0	0	0	0	0
holistic	he1848	1186	0	0	0	0	2	0	0	0	0	0	0
holistic	he1849	1186	0	0	0	0	0	0	0	0	0	0	0
conventional	ce2218	1186	0.811444	65.191210	1	14	7	13.442682	5.485968	32.252666	14.009894	3.756236	0
conventional	ce2219	1186	0.642991	48.227453	1	14	7	2.537199	14.568823	21.895610	9.225821	1.026879	0
conventional	ce2220	1186	1.093724	117.121413	1	14	7	17.216599	10.706392	52.477344	36.721078	0.965348	0
conventional	ce2221	1187	0.486980	48.661805	1	14	7	2.133258	10.202639	19.944949	16.380959	1.801934	0
conventional	ce2222	1188	2.753078	40.123716	2	14	7	3.714809	3.386598	20.245789	12.776520	3.579804	0
conventional	ce2223	1188	0.322691	41.533438	1	14	7	3.356570	4.589491	25.554194	8.033183	0.779674	0
holistic	he1850	1190	0	0	0	0	2	0	0	0	0	0	0
holistic	he1851	1190	0	0	0	0	2	0	0	0	0	0	0
conventional	ce2224	1190	0.811444	54.800581	1	14	7	6.621639	2.599265	28.026693	17.552984	3.945494	0
conventional	ce2225	1190	1.093724	59.807807	1	14	7	4.327019	10.921629	30.013884	14.545275	0.965348	0
conventional	ce2226	1191	0.541701	49.120229	1	14	7	6.765469	9.849291	15.880565	16.624904	0.800917	0
holistic	he1852	1192	0	0	0	0	2	0	0	0	0	0	0
holistic	he1853	1192	0	0	0	0	2	0	0	0	0	0	0
conventional	ce2227	1193	1.274865	76.296321	1	14	7	11.664786	7.877078	34.046175	22.708282	0.334793	0
conventional	ce2228	1193	1.016895	42.310783	1	14	7	5.583379	5.981428	18.173316	12.572660	1.692438	0
conventional	ce2229	1194	0.715967	50.495357	1	14	7	7.429515	10.256445	17.625633	15.183764	1.682109	0
holistic	he1854	1195	0	0	0	0	2	0	0	0	0	0	0
holistic	he1855	1195	6.121140	6.121140	4	4	10	0	0	0	6.121140	0	1.099449
holistic	he1856	1196	0	0	0	0	2	0	0	0	0	0	0
conventional	ce2230	1196	0.459444	48.357690	1	14	7	2.698547	6.584180	19.730585	19.344378	0.958097	0
conventional	ce2231	1196	0.811444	57.472658	1	14	7	7.433240	4.501884	25.864381	19.673153	3.974514	0
holistic	he1857	1197	0	0	0	0	2	0	0	0	0	0	0
conventional	ce2232	1197	1.632104	73.642190	1	14	7	22.248959	7.284782	16.508998	27.599451	1.070819	0
conventional	ce2233	1197	0.731632	64.290777	1	14	7	6.816003	5.327621	31.166372	20.980781	3.629999	0
conventional	ce2234	1197	0.521067	55.993688	1	14	7	8.536649	3.440149	28.908376	15.108514	2.320057	0
holistic	he1858	1198	0	0	0	0	1	0	0	0	0	0	0
holistic	he1859	1198	0	0	0	0	1	0	0	0	0	0	0
holistic	he1860	1198	0	0	0	0	0	0	0	0	0	0	0
conventional	ce2235	1198	1.274865	84.218841	1	14	7	11.612314	7.947276	43.176285	21.482966	0.334793	0
holistic	he1861	1199	8.078940	8.078940	4	4	10	0	0	0	8.078940	0	1.099449
conventional	ce2236	1199	0.598138	57.922016	1	14	7	13.690119	6.099906	29.460677	8.671314	1.994443	0
conventional	ce2237	1199	0.624734	48.770756	1	14	7	4.809766	17.419013	24.639991	1.901986	1.960835	0
conventional	ce2238	1199	0.003453	162.016693	1	14	7	14.583372	12.743911	84.056770	50.632640	2.149746	0
conventional	ce2239	1199	0.497915	57.166128	1	14	7	6.283272	7.670975	29.866831	13.345050	3.514228	0
