population	name	born	g1	g2	n1	n2	ns	g2_contact	g2_height	g2_up	g2_joint	g1_other	g1_vel
holistic	h0-0	-29	0	0.207114	0	2	2	0	0	0	0.207114	6.290936	0.622660
holistic	h0-1	-32	0	0	0	0	4	0	0	0	0	3.555990	0
holistic	h0-2	-32	0	0	0	0	1	0	0	0	0	0.428828	0
holistic	h0-3	-52	1.308120	8.636282	2	22	4	5.585882	0	0	3.050400	5.131464	0
holistic	h0-4	-45	0	0	0	0	0	0	0	0	0	0	0
holistic	h0-5	-43	0	0	0	0	0	0	0	0	0	0	0
holistic	h0-6	-49	0.531640	0.367102	2	2	3	0.367102	0	0	0	0.321352	2.341193
holistic	h0-7	-32	0	0	0	0	0	0	0	0	0	0	0
holistic	h0-8	-21	0	2.975078	0	10	6	0	0	2.975078	0	1.198020	0
holistic	h0-9	-6	0	1.288468	0	4	2	1.288468	0	0	0	0	0
holistic	h0-10	-40	2.192023	3.273363	2	4	6	0	0	3.273363	0	0.897184	0
holistic	h0-11	-30	0	0	0	0	0	0	0	0	0	0	0
holistic	h0-12	-15	0	0	0	0	11	0	0	0	0	1.856138	3.065802
holistic	h0-13	-23	0.934476	27.846865	1	24	21	2.464400	0	22.638197	2.744268	0	0
holistic	h0-14	-18	0	0	0	0	1	0	0	0	0	0	0
holistic	h0-15	-40	0	0	0	0	0	0	0	0	0	0	0
holistic	h0-16	-8	0	0	0	0	0	0	0	0	0	0	2.529197
holistic	h0-17	-58	0	0	0	0	8	0	0	0	0	1.357617	0
holistic	h0-18	-7	0.387036	0.830039	1	1	4	0	0.830039	0	0	0	0
holistic	h0-19	-26	2.496020	3.124360	4	12	4	0	0	0	3.124360	0	0
holistic	h0-20	-45	0	0	0	0	0	0	0	0	0	0	0
holistic	h0-21	-8	3.083279	1.452626	2	2	1	1.452626	0	0	0	0	0
holistic	h0-22	-23	0	0	0	0	3	0	0	0	0	0	0
holistic	h0-23	-52	0	0	0	0	0	0	0	0	0	0	0
holistic	h0-24	-44	1.768690	20.166220	2	8	6	0	0	2.254346	17.911874	0	0
holistic	h0-25	-28	1.979832	3.280592	1	5	2	3.280592	0	0	0	0	0
holistic	h0-26	-4	0	0	0	0	0	0	0	0	0	0.498600	0
holistic	h0-27	-25	0	2.435520	0	6	1	0	0	0	2.435520	2.626832	0
holistic	h0-28	-17	0	0	0	0	1	0	0	0	0	0	0
holistic	h0-29	-7	0.600352	10.816459	2	24	3	10.816459	0	0	0	0	0
holistic	h0-30	-15	0	0	0	0	0	0	0	0	0	1.311960	0
holistic	h0-31	-12	0	0	0	0	0	0	0	0	0	0	2.859704
holistic	h0-32	-3	0	3.539554	0	6	3	0	0	3.539554	0	0	0
holistic	h0-33	-51	0	0	0	0	2	0	0	0	0	0	0
holistic	h0-34	-42	0	0	0	0	0	0	0	0	0	0	0
holistic	h0-35	-57	0.957478	0.483936	1	1	15	0	0.483936	0	0	0	0
holistic	h0-36	-11	0	0	0	0	0	0	0	0	0	0	0
holistic	h0-37	-29	0	0	0	0	0	0	0	0	0	0	0
holistic	h0-38	-25	0	0	0	0	0	0	0	0	0	2.313138	0
holistic	h0-39	-44	3.254994	16.578928	2	18	6	3.611144	12.967784	0	0	3.877744	0
holistic	h0-40	-4	1.019902	11.254119	1	4	1	0	0	0	11.254119	0	0
holistic	h0-41	-22	4.291277	24.529023	4	57	6	0	0	24.529023	0	0	0
holistic	h0-42	-59	0	0	0	0	0	0	0	0	0	0	0
holistic	h0-43	-45	0	0	0	0	4	0	0	0	0	0	0
holistic	h0-44	-51	3.243100	9.629176	4	5	3	0	0	9.629176	0	0	0
holistic	h0-45	-36	0	0	0	0	1	0	0	0	0	0	0
holistic	h0-46	-52	0	0	0	0	2	0	0	0	0	0	0
holistic	h0-47	-4	0	0	0	0	0	0	0	0	0	0	0
holistic	h0-48	-44	0	0	0	0	0	0	0	0	0	3.503860	0
holistic	h0-49	-5	0	0	0	0	5	0	0	0	0	0	0
holistic	h0-50	-57	0	0	0	0	1	0	0	0	0	0	0
holistic	h0-51	-15	2.498866	17.956020	4	36	6	0	0	0	17.956020	0	0
holistic	h0-52	-36	0	5.564844	0	4	5	0	0	0	5.564844	0	0
holistic	h0-53	-27	0	0	0	0	0	0	0	0	0	0	0
holistic	h0-54	-27	0	0.895555	0	2	4	0	0	0	0.895555	2.242297	0
holistic	h0-55	-18	0	52.358104	0	16	4	0	0	0	52.358104	1.034432	0
holistic	h0-56	-51	5.871606	20.083560	3	9	3	0	0	0	20.083560	0	3.666642
holistic	h0-57	-19	0	0	0	0	0	0	0	0	0	0	0
holistic	h0-58	-24	0	0	0	0	1	0	0	0	0	0	0
holistic	h0-59	-49	2.775328	15.176385	3	14	8	0	0	14.439616	0.736769	0	1.288009
conventional	c0-0	-6	0	26.456308	0	14	7	8.912727	0.961138	7.909066	8.673377	0	0
conventional	c0-1	-48	0	20.298987	0	14	7	1.183798	2.769881	8.271433	8.073875	0	0
conventional	c0-2	-7	0	20.817031	0	14	7	1.689184	0.628169	9.655297	8.844381	0	0
conventional	c0-3	-49	0	18.895705	0	14	7	1.425455	1.926386	8.596081	6.947783	0	0
conventional	c0-4	-32	0	45.738449	0	14	7	11.751680	4.372509	16.793216	12.821044	0	0
conventional	c0-5	-26	0	28.254594	0	14	7	7.110523	4.493417	12.700110	3.950544	0	0
conventional	c0-6	-14	0	21.570527	0	14	7	2.885994	0.502430	9.717870	8.464233	0	0
conventional	c0-7	-24	0	21.754657	0	14	7	5.735963	1.657107	8.537877	5.823710	0	0
conventional	c0-8	-56	0	11.117842	0	14	7	2.514391	0.856024	4.689612	3.057815	0	0
conventional	c0-9	-43	0	18.934995	0	14	7	2.264316	1.813645	6.358892	8.498142	0	0
conventional	c0-10	-30	0	12.546481	0	14	7	0.858593	2.509838	6.978961	2.199089	0	0
conventional	c0-11	-31	0	31.699837	0	14	7	1.506268	7.705863	14.252944	8.234762	0	0
conventional	c0-12	-36	0	17.075193	0	14	7	1.230498	0.286000	6.848058	8.710637	0	0
conventional	c0-13	-25	0	20.562190	0	14	7	0.770432	1.328085	11.974543	6.489130	0	0
conventional	c0-14	-57	0	33.783864	0	14	7	1.925984	7.827458	18.302546	5.727876	0	0
conventional	c0-15	-35	0	26.545172	0	14	7	1.123478	5.294238	13.486190	6.641266	0	0
conventional	c0-16	-41	0	31.929239	0	14	7	5.037938	4.157410	14.829750	7.904141	0	0
conventional	c0-17	-6	0	20.866283	0	14	7	2.041881	1.229831	6.496558	11.098013	0	0
conventional	c0-18	-3	0	23.753962	0	14	7	2.715022	4.610075	11.287003	5.141862	0	0
conventional	c0-19	-25	0	25.124731	0	14	7	2.222220	4.274952	10.117658	8.509901	0	0
conventional	c0-20	-49	0	32.133068	0	14	7	3.441394	1.511600	18.226396	8.953678	0	0
conventional	c0-21	-33	0	28.653613	0	14	7	2.541386	2.898813	12.172943	11.040471	0	0
conventional	c0-22	-43	0	32.178251	0	14	7	6.781447	6.960955	9.900736	8.535113	0	0
conventional	c0-23	-45	0	33.702290	0	14	7	1.749778	8.460140	13.520879	9.971493	0	0
conventional	c0-24	-18	0	28.797741	0	14	7	2.633062	5.153665	10.583035	10.427979	0	0
conventional	c0-26	-30	0	35.642481	0	14	7	2.785316	6.004309	17.906988	8.945868	0	0
conventional	c0-27	-1	0	21.910250	0	14	7	1.697832	3.189493	15.403549	1.619376	0	0
conventional	c0-28	-54	0	39.926192	0	14	7	6.234772	8.525001	15.360265	9.806154	0	0
conventional	c0-29	-13	0	31.723260	0	14	7	7.422498	3.742885	13.563303	6.994574	0	0
conventional	c0-30	-58	0	17.375595	0	14	7	1.616168	2.400279	6.398789	6.960359	0	0
conventional	c0-31	-14	0	33.808786	0	14	7	1.206712	4.936818	14.378282	13.286974	0	0
conventional	c0-32	-52	0	38.976969	0	14	7	3.316958	6.936879	8.967359	19.755773	0	0
conventional	c0-33	-3	0	28.594933	0	14	7	4.090875	4.722254	11.989292	7.792512	0	0
conventional	c0-34	-55	0	30.652969	0	14	7	4.013003	2.232408	17.009571	7.397987	0	0
conventional	c0-35	-26	0	35.461506	0	14	7	5.278781	2.952121	15.801277	11.429327	0	0
conventional	c0-36	-9	0	27.913595	0	14	7	7.696186	3.087502	9.661248	7.468659	0	0
conventional	c0-37	-57	0	27.427972	0	14	7	6.563486	4.671650	11.870706	4.322130	0	0
conventional	c0-38	-13	0	25.378402	0	14	7	4.695483	4.043541	6.671423	9.967955	0	0
conventional	c0-39	-50	0	33.053157	0	14	7	4.189554	6.433633	15.671499	6.758471	0	0
conventional	c0-40	-31	0	26.506564	0	14	7	2.437157	6.214746	10.213468	7.641193	0	0
conventional	c0-41	-5	0	21.329184	0	14	7	2.821627	6.846973	4.402091	7.258493	0	0
conventional	c0-42	-15	0	38.976606	0	14	7	7.298191	2.667879	18.795675	10.214861	0	0
conventional	c0-43	-10	0	25.172955	0	14	7	1.392908	2.144216	14.132167	7.503664	0	0
conventional	c0-44	-27	0	26.405653	0	14	7	4.138280	1.055848	11.605764	9.605761	0	0
conventional	c0-45	-28	0	19.908671	0	14	7	5.044002	1.684612	7.175535	6.004522	0	0
conventional	c0-46	-19	0	27.022090	0	14	7	4.555587	4.655932	11.106725	6.703846	0	0
conventional	c0-47	-43	0	35.460399	0	14	7	0.560468	6.323627	17.751060	10.825244	0	0
conventional	c0-48	-55	0	24.261638	0	14	7	1.273887	2.997616	12.584679	7.405456	0	0
conventional	c0-49	-23	0	21.262555	0	14	7	4.134190	0.695512	11.491318	4.941535	0	0
conventional	c0-50	-17	0	29.708329	0	14	7	1.648953	3.542079	20.502295	4.015002	0	0
conventional	c0-51	-26	0	25.956994	0	14	7	3.261114	2.720517	10.728720	9.246643	0	0
conventional	c0-52	-31	0	23.345228	0	14	7	2.011751	1.865299	10.088057	9.380121	0	0
conventional	c0-54	-27	0	28.753069	0	14	7	4.010550	4.774266	9.247925	10.720328	0	0
conventional	c0-55	-39	0	44.742229	0	14	7	3.435586	7.309753	22.760910	11.235980	0	0
conventional	c0-56	-32	0	30.991750	0	14	7	4.025516	8.197802	15.014366	3.754066	0	0
conventional	c0-57	-23	0	9.269480	0	14	7	1.612498	0.826342	5.239587	1.591053	0	0
conventional	c0-58	-20	0	37.192560	0	14	7	9.297933	3.888575	15.826810	8.179242	0	0
conventional	c0-59	-37	0	22.948346	0	14	7	1.308238	4.134354	12.739675	4.766079	0	0
conventional	ce61	0	0	26.205188	0	14	7	5.285969	4.731382	12.333013	3.854824	0	0
conventional	ce62	0	0	31.887546	0	14	7	7.901584	2.549380	13.107261	8.329321	0	0
holistic	he61	1	0	0	0	0	1	0	0	0	0	0	0
holistic	he62	2	0	0	0	0	4	0	0	0	0	0	0
conventional	ce63	2	0	13.009053	0	14	7	2.971825	0.107031	6.099482	3.830715	0	0
conventional	ce64	2	0	36.391122	0	14	7	10.043361	5.442338	13.795487	7.109936	0	0
conventional	ce65	2	0	33.539341	0	14	7	1.041086	4.306274	13.501057	14.690924	0	0
conventional	ce66	2	0	28.164453	0	14	7	3.864829	4.635275	11.862977	7.801372	0	0
conventional	ce67	2	0	33.469581	0	14	7	7.569603	3.572864	15.021143	7.305971	0	0
conventional	ce68	2	0	25.604397	0	14	7	3.764841	2.230976	10.512508	9.096072	0	0
conventional	ce69	2	0	18.497951	0	14	7	0.156855	2.522047	8.014026	7.805023	0	0
conventional	ce70	2	0	21.539590	0	14	7	0.313263	2.609729	10.401589	8.215009	0	0
holistic	he63	3	0	0	0	0	11	0	0	0	0	1.702126	3.224808
holistic	he64	3	0.273617	0.424675	1	1	1	0.424675	0	0	0	0.445295	0
holistic	he65	3	0	9.086458	0	12	6	0	0	9.086458	0	0.744711	0
holistic	he66	3	0	1.269563	0	4	2	0.374008	0	0	0.895555	2.242297	0
holistic	he67	3	0	0	0	0	4	0	0	0	0	3.743144	0
conventional	ce71	3	0	34.436296	0	14	7	7.462318	4.716171	14.086828	8.170979	0	0
conventional	ce72	3	0	17.618314	0	14	7	3.682277	0.583801	10.757690	2.594546	0	0
conventional	ce73	3	0	33.570053	0	14	7	5.383863	4.363022	14.959439	8.863729	0	0
conventional	ce74	3	0	29.959570	0	14	7	2.061771	5.858077	11.004059	11.035663	1.093354	0
conventional	ce75	3	0	20.937936	0	14	7	1.929789	1.203733	6.615647	11.188767	0	0
conventional	ce76	3	0	34.204211	0	14	7	6.869739	3.062932	14.825472	9.446068	0	0
conventional	ce77	3	0	18.568715	0	14	7	3.903425	2.959676	6.938081	4.767533	0	0
conventional	ce78	4	0	28.982020	0	14	7	3.750042	2.118927	15.628300	7.484751	0	0
conventional	ce79	4	0	30.995508	0	14	7	6.139792	6.877858	13.526642	4.451216	0	0
conventional	ce80	4	0	22.560894	0	14	7	2.586953	2.111026	7.786763	10.076152	0.173818	0
conventional	ce81	4	0	32.199454	0	14	7	1.699715	7.005518	14.025466	9.468755	0	0
conventional	ce82	4	0	26.896337	0	14	7	4.181527	1.465738	13.620388	7.628684	0	0
conventional	ce83	4	0	39.349452	0	14	7	8.160368	4.032037	17.683970	9.473077	0	0
conventional	ce84	4	0	32.369904	0	14	7	5.231389	5.600337	12.992211	8.545967	1.004875	0
conventional	ce85	4	0	29.077840	0	14	7	4.388663	3.931293	16.694437	4.063447	0	0
conventional	ce86	5	0	26.957133	0	14	7	9.670203	2.325688	9.639851	5.321391	0.777506	0
conventional	ce87	5	0	28.061039	0	14	7	5.969590	9.145077	8.491665	4.454707	0.353445	0
conventional	ce88	5	0	26.467934	0	14	7	5.477155	2.172477	11.513074	7.305228	0	0
conventional	ce89	5	0	32.197309	0	14	7	1.528729	3.203101	13.478977	13.986502	0.914827	0
conventional	ce90	5	0	30.784169	0	14	7	4.274122	5.913059	12.719945	7.877043	0	0
conventional	ce91	5	0	28.047033	0	14	7	3.149206	3.231975	7.218220	14.447632	0	0
conventional	ce92	5	0	24.959242	0	14	7	2.625995	4.780119	12.120500	5.432628	0	0
conventional	ce93	5	0	26.566044	0	14	7	1.199026	4.651567	13.571559	7.143892	0	0
conventional	ce94	5	0	7.613511	0	14	7	2.147145	0.393424	3.562170	1.510772	0	0
holistic	he68	6	0	0.241296	0	2	2	0	0	0	0.241296	0	0
conventional	ce95	6	0	28.883874	0	14	7	6.363056	3.617003	13.353283	5.550532	0	0
conventional	ce96	6	0	22.961907	0	14	7	2.475707	2.299405	7.406020	10.780775	0.173818	0
conventional	ce97	6	0	23.013320	0	14	7	2.536194	3.688063	7.625964	9.163099	0	0
conventional	ce98	6	0	28.816146	0	14	7	3.687810	6.117803	10.688286	8.322247	0	0
conventional	ce99	6	0	30.723079	0	14	7	5.901281	5.752945	12.099602	6.969251	0	0
conventional	ce100	6	0	33.858899	0	14	7	1.669676	7.675373	14.441437	10.072413	0	0
conventional	ce101	6	0	24.395338	0	14	7	2.037814	2.008511	10.104823	10.244190	0	0
conventional	ce102	6	0	13.790387	0	14	7	1.902873	0.974202	8.719619	2.193693	0	0
holistic	he69	7	0	0	0	0	4	0	0	0	0	0	0
holistic	he70	7	0	0	0	0	7	0	0	0	0	2.784207	4.598703
holistic	he71	7	0	1.890464	0	6	4	0	0	1.890464	0	1.198020	0
conventional	ce103	7	0	25.096271	0	14	7	3.704089	2.115151	9.900622	9.376409	1.042103	0
conventional	ce104	7	0	35.435328	0	14	7	2.592250	6.224138	15.506265	11.112675	0	0
conventional	ce105	7	0	15.319070	0	14	7	4.065555	2.483720	5.646726	3.123069	0	0
conventional	ce106	7	0	15.855846	0	14	7	4.026080	0.845647	6.748520	4.235599	0	0
conventional	ce107	7	0	21.360031	0	14	7	1.866391	1.393910	5.935154	12.164576	0	0
conventional	ce108	7	0	38.593171	0	14	7	7.158060	4.876449	16.988892	9.569770	0	0
conventional	ce109	7	0	27.592916	0	14	7	1.350215	4.893619	13.852549	7.496533	0.409817	0
conventional	ce110	7	0	26.986466	0	14	7	3.320743	3.470826	9.649940	10.544957	0	0
conventional	ce111	7	0	32.348330	0	14	7	2.090034	2.834538	23.149044	4.274714	0	0
conventional	ce112	7	0	30.715498	0	14	7	7.322339	5.374441	13.642864	4.375854	0	0
holistic	he72	8	0.273617	0.424675	1	1	2	0.424675	0	0	0	0	0
holistic	he73	8	0	2.883404	0	10	6	0	0	2.883404	0	1.198020	0
holistic	he74	8	0	0	0	0	4	0	0	0	0	3.555990	0
holistic	he75	8	0	9.545556	0	30	9	0	0	9.545556	0	2.396040	0
conventional	ce113	8	0	32.972177	0	14	7	8.489133	9.307263	10.264559	4.911222	0.353445	0
conventional	ce114	8	0	22.864953	0	14	7	3.647309	4.970068	6.400087	7.847489	0	0
conventional	ce115	8	0	24.038613	0	14	7	1.492098	1.728267	10.017374	10.800874	0	0
conventional	ce116	8	0	7.272354	0	14	7	0.682754	0.328684	4.544453	1.716463	0	0
conventional	ce117	8	0	37.165686	0	14	7	5.623068	2.674704	19.449560	9.418354	0	0
conventional	ce118	8	0	23.041566	0	14	7	6.056741	2.726800	7.565408	6.692617	0.466561	0
conventional	ce119	8	0	24.095938	0	14	7	2.552336	4.759294	10.698487	6.085821	0	0
conventional	ce120	8	0	26.513254	0	14	7	7.509953	1.924914	12.840354	4.238033	0	0
holistic	he76	9	0	0	0	0	2	0	0	0	0	1.777995	0
holistic	he77	9	0	0	0	0	4	0	0	0	0	1.856138	2.762092
holistic	he78	9	0	4.814170	0	10	6	0	0	4.814170	0	1.198020	0
conventional	ce121	9	0	32.377256	0	14	7	8.224919	1.574520	13.566422	9.011395	0	0
conventional	ce122	9	0	31.008378	0	14	7	4.162278	4.800343	14.646761	7.398996	0	0
conventional	ce123	9	0	14.614449	0	14	7	3.690451	2.092367	5.228313	3.603318	0	0
conventional	ce124	9	0	24.541216	0	14	7	6.733932	3.392003	8.641548	5.773733	0.466561	0
conventional	ce125	9	0	23.135602	0	14	7	0.999074	3.458767	9.029674	9.648087	0	0
conventional	ce126	9	0	34.678652	0	14	7	6.893320	3.828937	15.255934	8.700461	0	0
conventional	ce127	9	0	25.631790	0	14	7	1.261363	3.277136	13.582478	7.510813	0	0
holistic	he79	10	0	0	0	0	4	0	0	0	0	3.555990	0
holistic	he80	10	0	0	0	0	1	0	0	0	0	0	0
holistic	he81	10	0.273617	0.476033	1	1	3	0.476033	0	0	0	0	0
holistic	he82	10	0	3.052746	0	10	6	0	0	3.052746	0	1.970405	0
conventional	ce128	10	0	23.014226	0	14	7	4.964101	2.052402	9.547468	6.450255	0	0
conventional	ce129	10	0	37.360373	0	14	7	3.139908	3.653758	25.089257	5.477450	0	0
conventional	ce130	10	0	19.186769	0	14	7	1.681259	1.907015	7.604442	7.994053	0	0
conventional	ce131	10	0	23.366609	0	14	7	3.665541	1.625463	7.837222	10.238383	0.173818	0
holistic	he83	11	0	0.508554	0	2	3	0.508554	0	0	0	6.759144	0
holistic	he84	11	0	0	0	0	4	0	0	0	0	4.133160	0
holistic	he85	11	0	0	0	0	1	0	0	0	0	0	0
holistic	he86	11	0	1.049960	0	2	4	0	0	0	1.049960	2.242297	0
holistic	he87	11	0	0	0	0	0	0	0	0	0	4.070168	0
conventional	ce132	11	0	21.401054	0	14	7	1.732862	1.814598	6.898816	10.954778	1.022167	0
conventional	ce133	11	0	31.017018	0	14	7	4.619153	6.865857	13.486113	6.045895	0	0
conventional	ce134	11	0	15.656120	0	14	7	3.605625	2.441390	4.530040	5.079065	0	0
conventional	ce135	11	0	31.980314	0	14	7	7.521289	3.440323	12.059340	8.959362	0	0
conventional	ce136	11	0	37.110720	0	14	7	6.823575	4.549129	16.051214	9.686802	0	0
conventional	ce137	11	0	20.025853	0	14	7	2.533506	1.121039	7.298218	9.073090	0	0
conventional	ce138	11	0	22.768056	0	14	7	2.061516	1.908881	7.673532	11.124127	0.174558	0
conventional	ce139	11	0	17.343358	0	14	7	3.870112	1.353626	6.886307	5.233313	0	0
conventional	ce140	11	0	35.789008	0	14	7	7.488189	6.598874	15.171619	6.530326	1.017302	0
holistic	he88	12	0	1.072691	0	2	4	0	0	0	1.072691	2.211453	0
holistic	he89	12	0	0	0	0	5	0	0	0	0	0.928069	1.830322
holistic	he90	12	0	0	0	0	4	0	0	0	0	0	0
conventional	ce141	12	0	22.360803	0	14	7	3.253235	1.794809	8.839264	8.473495	0.173818	0
conventional	ce142	12	0	22.246310	0	14	7	1.504896	3.669675	15.230820	1.840919	0	0
conventional	ce143	12	0	18.341436	0	14	7	4.061750	2.561442	7.741298	3.976946	0	0
conventional	ce144	12	0	19.411049	0	14	7	1.454284	1.320455	4.979470	11.656840	0	0
conventional	ce145	12	0	32.742943	0	14	7	4.731728	1.745995	16.440720	9.824500	0	0
conventional	ce146	12	0	22.526220	0	14	7	3.549050	2.229670	7.765128	8.982372	0	0
holistic	he91	13	0	0.522207	0	2	4	0	0	0	0.522207	2.713184	0
holistic	he92	13	0	2.689088	0	6	4	0	0	2.689088	0	1.198020	0
holistic	he93	13	0	1.514729	0	5	3	0	0	1.514729	0	2.214239	0
holistic	he94	13	0	2.671800	0	10	6	0	0	2.671800	0	0.935838	0
holistic	he95	13	0	0	0	0	1	0	0	0	0	0	0
holistic	he96	13	0	0	0	0	5	0	0	0	0	0	0
conventional	ce147	13	0	34.202692	0	14	7	7.231785	4.332974	13.559253	9.078680	0	0
conventional	ce148	13	0	31.403653	0	14	7	2.561900	5.821523	17.743504	5.276726	0	0
conventional	ce149	13	0	20.383094	0	14	7	2.224337	1.655309	7.450609	9.052839	0.173818	0
conventional	ce150	13	0	23.372145	0	14	7	3.946235	0.596523	13.331584	5.497803	0	0
conventional	ce151	13	0	23.202561	0	14	7	2.920018	1.865380	7.747595	10.669568	0	0
holistic	he97	14	0	0	0	0	13	0	0	0	0	0	0
holistic	he98	14	0	2.384250	0	6	4	0	0	2.384250	0	1.198020	0
holistic	he99	14	0	2.745536	0	10	6	0	0	2.745536	0	1.198020	0
holistic	he100	14	0	0	0	0	12	0	0	0	0	0.210078	0.745064
conventional	ce152	14	0	29.675230	0	14	7	6.239896	6.129258	14.019010	3.287066	0.563013	0
conventional	ce153	14	0	27.399564	0	14	7	1.707132	1.404313	14.041376	10.246743	0	0
conventional	ce154	14	0	36.901041	0	14	7	6.465898	5.118850	15.396372	9.919921	0	0
holistic	he101	15	0	2.421692	0	10	6	0	0	2.421692	0	1.198020	0
holistic	he102	15	0	0	0	0	11	0	0	0	0	1.856138	3.073520
holistic	he103	15	0	1.509677	0	5	3	0	0	1.509677	0	1.198020	0
conventional	ce155	15	0	23.139761	0	14	7	2.305385	1.256585	5.979269	13.598522	0	0
conventional	ce156	15	0	39.598552	0	14	7	6.941017	5.938633	12.324546	14.394356	0	0
conventional	ce157	15	0	20.907422	0	14	7	1.620982	5.020951	7.324248	6.941241	0.353445	0
conventional	ce158	15	0	34.135055	0	14	7	7.921217	3.675370	13.722133	8.816335	0	0
conventional	ce159	15	0	13.725942	0	14	7	0.655413	2.126574	7.973091	2.970864	0	0
conventional	ce160	15	0	31.864928	0	14	7	6.950766	3.672654	13.609955	7.631553	0	0
conventional	ce161	15	0	19.157537	0	14	7	4.133976	2.579725	6.173684	6.270152	0	0
conventional	ce162	15	0	27.280881	0	14	7	3.027992	4.888902	8.596701	10.767286	2.198853	0
conventional	ce163	15	0	27.304867	0	14	7	1.874876	5.162181	13.810500	6.457310	0	0
holistic	he104	16	0	0	0	0	6	0	0	0	0	6.199740	0
holistic	he105	16	0	3.754010	0	10	6	0	0	3.754010	0	0.809123	0
holistic	he106	16	0	0	0	0	11	0	0	0	0	1.856138	3.934132
holistic	he107	16	0	0	0	0	11	0	0	0	0	1.702126	3.224808
holistic	he108	16	0	3.173720	0	10	6	0	0	3.173720	0	1.198020	0
conventional	ce164	16	0	29.147025	0	14	7	3.950390	4.989401	11.123724	9.083510	0.552134	0
conventional	ce165	16	0	24.089286	0	14	7	3.860409	1.738282	9.321921	9.168674	0	0
conventional	ce166	16	0	22.661784	0	14	7	3.103649	2.658695	10.616236	6.283204	0	0
conventional	ce167	16	0	9.375052	0	14	7	0.872872	2.177060	4.809998	1.515122	0	0
holistic	he109	17	0	1.890464	0	6	4	0	0	1.890464	0	1.198020	0
holistic	he110	17	0	3.120844	0	10	6	0	0	3.120844	0	1.198020	0
holistic	he111	17	0	0	0	0	4	0	0	0	0	0	0
holistic	he112	17	0	0	0	0	6	0	0	0	0	0.928069	1.532901
holistic	he113	17	0	0.967030	0	2	4	0	0	0	0.967030	1.922312	0
conventional	ce168	17	0	50.831552	0	14	7	8.139689	7.163287	24.138490	11.390086	0	0
conventional	ce169	17	0	31.967632	0	14	7	4.664197	4.824516	12.448605	10.030314	0	0
conventional	ce170	17	0	10.531579	0	14	7	0.629973	1.856794	5.089184	2.955628	0	0
conventional	ce171	17	0	21.363304	0	14	7	1.685854	6.201743	7.474853	6.000854	0	0
conventional	ce172	17	0	31.187228	0	14	7	7.423338	1.872559	14.590761	7.300570	0	0
holistic	he114	18	0	2.008406	0	6	4	0	0	2.008406	0	1.198020	0
holistic	he115	18	0	0	0	0	7	0	0	0	0	2.066580	0
holistic	he116	18	0	0	0	0	9	0	0	0	0	0.887342	3.477936
holistic	he117	18	0	0.173470	0	2	5	0	0	0	0.173470	2.211453	0
holistic	he118	18	0	2.015015	0	5	3	0	0	2.015015	0	1.198020	0
conventional	ce173	18	0	28.480931	0	14	7	2.787246	4.359455	11.953445	9.380785	0	0
conventional	ce174	18	0	33.860509	0	14	7	9.298544	3.013909	14.974887	6.573169	1.622596	0
conventional	ce175	18	0	31.593293	0	14	7	4.881965	4.261501	13.966689	8.483138	0	0
conventional	ce176	18	0	11.452213	0	14	7	2.849051	1.972003	2.720448	3.910711	0	0
conventional	ce177	18	0	25.290512	0	14	7	3.448374	2.057602	10.623958	9.160578	0	0
conventional	ce178	18	0	36.964695	0	14	7	3.107474	6.539188	16.847024	10.471009	0	0
holistic	he119	19	0	4.122416	0	10	6	0	0	4.122416	0	0.845890	0
holistic	he120	19	0	0	0	0	3	0	0	0	0	0	0
holistic	he121	19	0	2.426840	0	6	4	0	0	2.426840	0	1.198020	0
holistic	he122	19	0	0	0	0	6	0	0	0	0	6.199740	0
holistic	he123	19	0	0	0	0	4	0	0	0	0	3.555990	0
holistic	he124	19	0	0	0	0	4	0	0	0	0	6.592534	0
holistic	he125	19	0	0	0	0	11	0	0	0	0	2.717550	3.536076
conventional	ce179	19	0	22.491705	0	14	7	3.407931	3.662753	7.859454	7.561567	0	0
conventional	ce180	19	0	29.437287	0	14	7	5.096002	7.778322	12.802597	3.760366	0	0
conventional	ce181	19	0	27.172231	0	14	7	1.090924	4.612835	12.401036	9.067436	0	0
conventional	ce182	19	0	28.016979	0	14	7	2.480475	2.654371	11.292050	11.590083	0	0
conventional	ce183	19	0	32.766485	0	14	7	3.597540	7.835380	15.122308	6.211257	0	0
holistic	he126	20	0	0	0	0	1	0	0	0	0	0	0
holistic	he127	20	0	0	0	0	6	0	0	0	0	5.439369	0
holistic	he128	20	0	3.761144	0	10	6	0	0	3.761144	0	1.198020	0
holistic	he129	20	0	2.676302	0	6	4	0	0	2.676302	0	1.198020	0
holistic	he130	20	0	0.332271	0	2	3	0	0	0	0.332271	2.211453	0
holistic	he131	20	0	0	0	0	4	0	0	0	0	3.555990	0
holistic	he132	20	0.645862	0.147942	1	1	1	0.147942	0	0	0	1.943690	0
holistic	he133	20	0	3.417438	0	10	6	0	0	3.417438	0	0.834140	0
holistic	he134	20	0	1.839948	0	6	4	0	0	1.839948	0	1.198020	0
holistic	he135	20	0	3.401496	0	10	6	0	0	3.401496	0	1.198020	0
conventional	ce184	20	0	13.516824	0	14	7	1.538087	2.126746	6.092969	3.759022	0	0
conventional	ce185	20	0	20.755565	0	14	7	0.894315	1.636713	5.938074	12.286463	0	0
conventional	ce186	20	0	28.683827	0	14	7	4.803077	3.850757	12.635289	7.394704	0	0
holistic	he136	21	0	3.773544	0	12	4	0	0	3.773544	0	2.396040	0
holistic	he137	21	0	0	0	0	6	0	0	0	0	6.199740	0
holistic	he138	21	0	0	0	0	2	0	0	0	0	2.066580	0
holistic	he139	21	0	0	0	0	1	0	0	0	0	0	0
holistic	he140	21	0	0	0	0	11	0	0	0	0	2.170186	2.783870
holistic	he141	21	0	0	0	0	2	0	0	0	0	0	0
holistic	he142	21	0	3.577792	0	10	6	0	0	3.577792	0	1.198020	0
conventional	ce187	21	0	25.186754	0	14	7	4.379308	4.295595	10.559117	5.952734	0	0
conventional	ce188	21	0	34.671683	0	14	7	1.857393	3.221322	15.363491	14.229477	0.244715	0
conventional	ce189	21	0	31.278726	0	14	7	0.947688	4.900797	11.272740	14.157501	0	0
holistic	he143	22	0	0	0	0	11	0	0	0	0	1.856138	3.065802
holistic	he144	22	0	1.306486	0	5	3	0	0	1.306486	0	1.714479	0
holistic	he145	22	0	6.509174	0	10	6	0	0	6.509174	0	1.412122	0
holistic	he146	22	0	2.796412	0	10	6	0	0	2.796412	0	0.848119	0
holistic	he147	22	0	0	0	0	6	0	0	0	0	0	0
holistic	he148	22	0	5.533689	0	15	9	0	0	5.533689	0	1.198020	0
holistic	he149	22	0	0	0	0	4	0	0	0	0	4.163974	0
holistic	he150	22	0	0	0	0	2	0	0	0	0	0	0
conventional	ce190	22	0	19.624172	0	14	7	2.814605	0.564117	11.207745	5.037705	0	0
conventional	ce191	22	0	26.115681	0	14	7	4.259409	5.487404	7.453959	8.914909	0	0
conventional	ce192	22	0	25.299437	0	14	7	5.898479	2.426043	9.290168	7.684747	0	0
holistic	he151	23	0	0	0	0	2	0	0	0	0	0	0
holistic	he152	23	0	1.483722	0	6	4	0	0	1.483722	0	1.232018	0
holistic	he153	23	0	2.902408	0	10	6	0	0	2.902408	0	1.319018	0
holistic	he154	23	0	0	0	0	4	0	0	0	0	4.346040	0
holistic	he155	23	0.273617	0.285856	1	1	1	0.285856	0	0	0	0	0
holistic	he156	23	0	0	0	0	6	0	0	0	0	5.517699	0
holistic	he157	23	0	0	0	0	2	0	0	0	0	0	0
holistic	he158	23	0	0	0	0	0	0	0	0	0	6.805927	0
holistic	he159	23	0	0	0	0	4	0	0	0	0	0.928069	2.310243
holistic	he160	23	0	4.186640	0	10	6	0	0	4.186640	0	1.198020	0
holistic	he161	23	0	2.114210	0	10	6	0	0	2.114210	0	1.198020	0
holistic	he162	23	0	0	0	0	3	0	0	0	0	0	0
conventional	ce193	23	0	32.719736	0	14	7	4.823352	3.351964	21.715331	2.829089	0	0
conventional	ce194	23	0	28.367860	0	14	7	4.923391	2.282247	12.329142	8.833080	0	0
conventional	ce195	23	0	19.301529	0	14	7	5.958246	1.480934	7.800483	4.061866	0	0
conventional	ce196	23	0	31.363218	0	14	7	5.359925	8.876346	9.982925	7.144022	0	0
holistic	he163	24	0	0	0	0	4	0	0	0	0	4.133160	0
holistic	he164	24	0	0	0	0	2	0	0	0	0	0	0
conventional	ce197	24	0	8.208684	0	14	7	0.522168	2.125599	5.151603	0.409314	0	0
conventional	ce198	24	0	27.516491	0	14	7	4.188700	5.364766	9.134861	8.828164	0	0
conventional	ce199	24	0	29.898399	0	14	7	4.088295	4.708778	12.406126	8.695200	0	0
conventional	ce200	24	0	23.335001	0	14	7	2.113151	2.753515	6.967679	11.500656	0.226504	0
holistic	he165	25	0	0.971944	0	3	2	0	0	0.971944	0	1.198020	0
holistic	he166	25	0	0	0	0	6	0	0	0	0	0	0
holistic	he167	25	0	4.850242	0	10	6	0	0	4.850242	0	0.612196	0
holistic	he168	25	0	0	0	0	4	0	0	0	0	4.346040	0
holistic	he169	25	0	0	0	0	1	0	0	0	0	0	0
holistic	he170	25	0	0	0	0	0	0	0	0	0	1.226921	0
holistic	he171	25	0	0	0	0	3	0	0	0	0	1.856138	3.065802
conventional	ce201	25	0	18.560558	0	14	7	2.664825	1.314544	5.461255	9.119934	0.898453	0
holistic	he172	26	0	0	0	0	4	0	0	0	0	4.133160	0
holistic	he173	26	0	2.471084	0	2	4	0	0	2.471084	0	0	0
holistic	he174	26	0	0	0	0	7	0	0	0	0	0.288585	0
holistic	he175	26	0	0	0	0	4	0	0	0	0	0	0
holistic	he176	26	0	6.884464	0	10	6	0	0	6.884464	0	1.412122	0
conventional	ce202	26	0	38.021503	0	14	7	7.182844	7.929226	15.996927	6.912506	0	0
conventional	ce203	26	0	28.532933	0	14	7	2.672604	2.058570	14.046840	9.754919	0	0
conventional	ce204	26	0	18.837208	0	14	7	4.006171	6.224820	3.679062	4.927155	0	0
conventional	ce205	26	0	17.529506	0	14	7	2.048405	2.079287	7.562281	5.839533	0	0
holistic	he177	27	0	0	0	0	4	0	0	0	0	3.555990	0
holistic	he178	27	0	0	0	0	4	0	0	0	0	4.133160	0
holistic	he179	27	0	0.331938	0	4	4	0	0	0	0.331938	4.422906	0
holistic	he180	27	0	0	0	0	2	0	0	0	0	4.674054	0
holistic	he181	27	0	1.791508	0	8	7	0	0	1.791508	0	1.198020	0
holistic	he182	27	0	1.672688	0	4	4	0	0	1.672688	0	1.198020	0
conventional	ce206	27	0	22.007928	0	14	7	2.358531	1.375530	8.842436	9.431431	0.173818	0
holistic	he183	28	0	0	0	0	14	0	0	0	0	1.085093	1.454344
holistic	he184	28	0	0	0	0	14	0	0	0	0	1.702126	4.108332
holistic	he185	28	0	3.664734	0	10	6	0	0	3.664734	0	1.051880	0
conventional	ce207	28	0	26.800418	0	14	7	3.866141	1.726726	11.519843	9.687708	0	0
conventional	ce208	28	0	20.907933	0	14	7	3.760903	2.578366	7.864674	6.703990	0	0
holistic	he186	29	0	0	0	0	6	0	0	0	0	6.424398	0
holistic	he187	29	0	0	0	0	8	0	0	0	0	1.085093	1.391935
holistic	he188	29	0	1.253982	0	5	3	0	0	1.253982	0	1.198020	0
holistic	he189	29	0	0	0	0	5	0	0	0	0	0	0
holistic	he190	29	0	0	0	0	5	0	0	0	0	0	0
holistic	he191	29	0	0	0	0	5	0	0	0	0	0	0
conventional	ce209	29	0	19.145603	0	14	7	1.267910	4.726194	8.481506	4.669993	0	0
holistic	he192	30	0	2.454236	0	2	4	0	0	2.454236	0	0	0
holistic	he193	30	0	6.166922	0	10	6	0	0	6.166922	0	0.612196	0
holistic	he194	30	0	0	0	0	8	0	0	0	0	3.220598	0
holistic	he195	30	0	0	0	0	4	0	0	0	0	5.307604	0
conventional	ce210	30	0	17.987782	0	14	7	2.918002	1.001118	7.854667	6.213995	0	0
conventional	ce211	30	0	24.165789	0	14	7	0.814675	1.970176	9.667895	11.713043	0	0
conventional	ce212	30	0	36.248519	0	14	7	3.847357	6.213699	16.583235	9.604228	0	0
holistic	he196	31	0	2.775436	0	8	6	0	0	2.775436	0	1.198020	0
holistic	he197	31	0	3.912686	0	10	6	0	0	3.912686	0	0.809123	0
holistic	he198	31	0	0	0	0	11	0	0	0	0	1.856138	0.322084
conventional	ce213	31	0	24.410048	0	14	7	4.329488	1.806736	8.733374	9.540450	0	0
conventional	ce214	31	0	24.526356	0	14	7	4.955060	2.515669	12.295867	4.759760	0	0
holistic	he199	32	0	2.404380	0	6	4	0	0	2.404380	0	1.085939	0
holistic	he200	32	0	4.063114	0	10	6	0	0	4.063114	0	1.412122	0
conventional	ce215	32	0	45.843981	0	14	7	6.402870	4.199877	19.784884	15.456350	0	0
conventional	ce216	32	0	35.045268	0	14	7	3.800776	2.147815	15.590794	13.505883	0	0
holistic	he201	33	0	10.243728	0	30	9	0	0	10.243728	0	1.619310	0
holistic	he202	33	0	2.397504	0	6	4	0	0	2.397504	0	1.198020	0
holistic	he203	33	0	0	0	0	6	0	0	0	0	5.439369	0
conventional	ce217	33	0	30.635982	0	14	7	4.801516	3.455818	17.120120	5.258528	0	0
holistic	he204	34	0	0	0	0	6	0	0	0	0	6.906666	0
holistic	he205	34	0	0	0	0	6	0	0	0	0	4.133160	0
holistic	he206	34	0	0	0	0	2	0	0	0	0	0	0
holistic	he207	34	0	0	0	0	12	0	0	0	0	0	0
conventional	ce218	34	0	35.421522	0	14	7	6.544423	6.165528	15.648759	7.062812	0	0
conventional	ce219	34	0	14.925580	0	14	7	2.525254	1.647254	6.959061	3.794011	0	0
conventional	ce220	35	0	28.859337	0	14	7	2.647714	4.798146	8.040595	13.372882	0.173818	0
conventional	ce221	35	0	42.272079	0	14	7	7.790702	5.094342	19.698175	9.688860	1.017302	0
conventional	ce222	35	0	22.149566	0	14	7	1.631886	6.655149	7.785977	6.076554	0	0
holistic	he208	36	0	2.157412	0	10	6	0	0	2.157412	0	1.198020	0
holistic	he209	36	0	0	0	0	6	0	0	0	0	4.908048	0
holistic	he210	37	0	0	0	0	11	0	0	0	0	1.629280	4.001514
holistic	he211	37	0	0	0	0	2	0	0	0	0	0	0
conventional	ce223	37	0	26.422381	0	14	7	2.970722	2.023521	12.853076	8.575062	0	0
conventional	ce224	37	0	23.976767	0	14	7	3.888535	2.364069	8.740366	8.983797	0	0
holistic	he212	38	0	0	0	0	1	0	0	0	0	0	0
holistic	he213	38	0	0	0	0	6	0	0	0	0	5.797648	0
holistic	he214	38	0	0	0	0	0	0	0	0	0	4.462620	0
conventional	ce225	38	0	31.580997	0	14	7	5.940451	2.941060	13.697626	9.001860	0	0
holistic	he215	39	0	0	0	0	1	0	0	0	0	0	0
conventional	ce226	39	0	25.051294	0	14	7	4.098790	1.449986	10.012035	9.490483	0	0
holistic	he216	40	0	2.008406	0	6	2	0	0	2.008406	0	1.944154	0
holistic	he217	40	0	0	0	0	2	0	0	0	0	3.276534	0
conventional	ce227	40	0	33.057656	0	14	7	3.155684	4.825278	10.880698	14.195996	0.115497	0
conventional	ce228	40	0	25.535305	0	14	7	4.650071	1.117182	11.639537	8.128515	0	0
holistic	he218	41	0	0	0	0	2	0	0	0	0	1.777995	0
holistic	he219	41	0	3.995054	0	10	6	0	0	3.995054	0	1.412122	0
conventional	ce229	41	0	19.529557	0	14	7	3.446992	3.297237	6.866918	5.918410	0.905294	0
holistic	he220	42	0	0	0	0	6	0	0	0	0	2.066580	0
holistic	he221	42	0	0	0	0	6	0	0	0	0	5.014524	0
holistic	he222	42	0	0	0	0	4	0	0	0	0	2.173020	0
conventional	ce230	42	0	21.102908	0	14	7	2.336348	1.304880	5.916767	11.544913	0	0
conventional	ce231	42	0	16.669071	0	14	7	3.244508	2.600713	6.742043	4.081807	0	0
conventional	ce232	42	0	28.762020	0	14	7	3.690576	6.375853	10.466056	8.229535	0	0
holistic	he223	43	0	0.386106	0	4	4	0	0	0	0.386106	4.422906	0
holistic	he224	43	0	4.257788	0	10	6	0	0	4.257788	0	1.198020	0
holistic	he225	43	0	0	0	0	4	0	0	0	0	3.555990	0
conventional	ce233	43	0	34.997934	0	14	7	7.561470	1.089984	14.479886	11.866594	0	0
holistic	he226	44	0	0	0	0	13	0	0	0	0	0	0
conventional	ce234	44	0	35.013014	0	14	7	4.574172	4.076390	21.408399	4.954053	0	0
holistic	he227	45	0	2.454520	0	6	4	0	0	2.454520	0	1.198020	0
holistic	he228	45	0	2.423449	0	5	4	0	0	2.423449	0	1.198020	0
conventional	ce235	46	0	29.177661	0	14	7	4.074630	6.054860	10.854396	8.193775	0	0
conventional	ce236	47	0	22.209802	0	14	7	3.081749	2.133622	6.177297	10.817134	0.173818	0
conventional	ce237	47	0	29.568599	0	14	7	4.483207	8.595147	12.044237	4.446008	0.353445	0
holistic	he229	48	0	3.285494	0	10	6	0	0	3.285494	0	0.809123	0
holistic	he230	48	0	0	0	0	2	0	0	0	0	0	0
conventional	ce238	48	0	33.440493	0	14	7	1.733995	5.323473	11.380611	15.002414	0.244715	0
conventional	ce239	49	0	19.056006	0	14	7	3.680162	2.461326	4.305521	8.608997	0	0
conventional	ce240	49	0	30.445845	0	14	7	4.762386	4.756904	13.003056	7.923499	0	0
holistic	he231	50	0	3.553276	0	10	6	0	0	3.553276	0	0.834140	0
conventional	ce241	50	0	19.756911	0	14	7	2.835520	1.820982	7.738044	7.362365	0	0
conventional	ce242	50	0	30.598249	0	14	7	8.673597	2.503292	12.045464	7.375896	1.641332	0
holistic	he232	52	0	0	0	0	4	0	0	0	0	4.902588	0
conventional	ce243	52	0	34.358935	0	14	7	9.724600	3.292744	9.472155	11.869436	1.641332	0
conventional	ce244	52	0	24.207070	0	14	7	1.849379	1.193076	8.335247	12.829368	0	0
conventional	ce245	54	0	24.306251	0	14	7	1.671487	3.230833	9.628355	9.775576	0	0
conventional	ce246	54	0	21.220430	0	14	7	1.949213	2.030887	4.653237	12.587093	0	0
conventional	ce247	54	0	36.837657	0	14	7	7.974171	5.772101	14.852873	8.238512	0	0
conventional	ce248	55	0	31.378357	0	14	7	7.876385	2.845378	11.755710	8.900884	0.159778	0
conventional	ce249	56	0	24.782601	0	14	7	4.111508	1.080222	11.060908	8.529963	0	0
conventional	ce250	56	1.015737	17.000792	1	14	7	0.579267	4.846234	6.825812	4.749479	0	0
conventional	ce251	57	0	35.540559	0	14	7	6.643920	4.388736	13.942868	10.565035	0	0
conventional	ce252	57	0	18.063993	0	14	7	2.772151	3.621858	5.863336	5.806648	0.413611	0
conventional	ce253	58	0	28.712188	0	14	7	1.025922	5.215142	14.900672	7.570452	0	0
conventional	ce254	58	0	21.809822	0	14	7	4.078016	2.451871	5.695019	9.584916	0.091210	0
conventional	ce255	59	0	34.557627	0	14	7	7.736961	4.063222	15.453808	7.303636	0	0
conventional	ce256	60	0	38.649416	0	14	7	3.005758	5.795200	13.309724	16.538734	0	0
conventional	ce257	61	0	11.407979	0	14	7	0.872872	2.177060	5.847464	2.510583	0	0
conventional	ce258	61	0	20.077632	0	14	7	1.245003	2.422962	6.694142	9.715525	0	0
conventional	ce259	62	0	38.529963	0	14	7	2.395127	4.475696	16.764953	14.894187	0.020372	0
conventional	ce260	62	0.878218	32.586513	1	14	7	1.083248	5.546129	17.531436	8.425700	0	0
conventional	ce261	62	0	34.508016	0	14	7	7.923610	6.111448	15.089863	5.383095	0	0
holistic	he233	63	0	0	0	0	0	0	0	0	0	0	0
holistic	he234	63	0	1.446182	0	5	3	0	0	1.446182	0	1.198020	0
conventional	ce262	63	0	10.154245	0	14	7	0.825154	2.275310	5.889905	1.163876	0	0
conventional	ce263	63	0	25.834618	0	14	7	2.129052	6.018254	11.864852	5.822460	0	0
conventional	ce264	63	0	33.447936	0	14	7	8.202212	4.931941	11.920152	8.393631	2.101814	0
conventional	ce265	63	0	34.540275	0	14	7	8.425193	6.188005	14.672708	5.254369	0	0
conventional	ce266	63	0	43.421757	0	14	7	10.625330	2.343867	18.880220	11.572340	1.622596	0
conventional	ce267	64	0.615252	19.332136	1	14	7	1.432491	3.649498	7.092219	7.157928	0	0
conventional	ce268	64	0	44.468097	0	14	7	11.338871	3.387283	22.293402	7.448541	0	0
conventional	ce269	64	0	39.556470	0	14	7	1.796644	3.582649	16.422586	17.754591	0.244715	0
conventional	ce270	64	0	18.460232	0	14	7	2.629491	1.411444	5.326139	9.093158	0	0
holistic	he235	65	0	6.509174	0	10	6	0	0	6.509174	0	1.412122	0
conventional	ce271	65	0	19.465881	0	14	7	1.530123	1.915428	5.177901	10.842429	0	0
conventional	ce272	65	0	16.418624	0	14	7	2.166011	3.117594	8.844200	2.290819	0	0
conventional	ce273	65	0.878218	30.383221	1	14	7	2.241616	3.964973	15.433697	8.742935	0	0
conventional	ce274	65	0	23.671034	0	14	7	1.688501	7.959845	9.296084	4.726604	0	0
conventional	ce275	65	0	24.909540	0	14	7	2.331595	8.007007	10.777739	3.793199	0	0
conventional	ce276	65	0	30.546874	0	14	7	2.537498	6.746150	15.102205	6.161021	0	0
conventional	ce277	66	0	27.012803	0	14	7	1.834052	6.040177	12.395122	6.743452	0	0
conventional	ce278	66	0	25.638043	0	14	7	0.550618	5.313929	10.345801	9.427695	0	0
conventional	ce279	66	0	24.532173	0	14	7	1.757134	6.531071	9.781464	6.462504	0	0
holistic	he236	67	0	0	0	0	2	0	0	0	0	0	0
holistic	he237	67	0	8.685140	0	20	6	0	0	8.685140	0	1.618246	0
holistic	he238	67	0	0	0	0	4	0	0	0	0	0	0
conventional	ce280	67	0	15.693741	0	14	7	3.899546	3.250459	4.277076	4.266660	0	0
conventional	ce281	67	0	25.448263	0	14	7	4.941045	2.534470	13.117190	4.855558	0	0
conventional	ce282	68	0	17.236420	0	14	7	3.433218	2.480305	5.125319	6.197578	0	0
conventional	ce283	69	0	35.434329	0	14	7	4.232094	5.080514	17.689777	8.431944	0	0
conventional	ce284	69	0	10.051079	0	14	7	2.491627	2.422117	3.695421	1.441914	0	0
conventional	ce285	69	0	24.843265	0	14	7	3.864745	2.628810	8.387359	9.962351	0	0
conventional	ce286	70	0	23.638295	0	14	7	2.231866	7.001584	6.594495	7.810350	0	0
conventional	ce287	70	0	17.570208	0	14	7	4.537781	5.960849	3.553887	3.517691	0	0
conventional	ce288	70	0	17.908896	0	14	7	2.474409	1.763769	8.008300	5.662418	0	0
holistic	he239	71	0	4.179818	0	2	4	0	0	4.179818	0	0	0
holistic	he240	71	0	0.537849	0	6	1	0	0	0	0.537849	6.554547	0
conventional	ce289	71	0	30.616829	0	14	7	6.087305	3.133965	13.698474	7.697085	0	0
conventional	ce290	71	0	21.565027	0	14	7	2.354174	3.363703	8.228633	7.618517	0	0
conventional	ce291	71	0	20.260011	0	14	7	3.678957	1.492133	8.224538	6.864383	0	0
holistic	he241	72	0	2.721200	0	6	4	0	0	2.721200	0	1.198020	0
conventional	ce292	72	0	40.090885	0	14	7	8.604154	5.265196	16.628683	9.592852	0	0
conventional	ce293	72	0	36.266158	0	14	7	3.595817	6.273099	15.936264	10.460978	0.882304	0
conventional	ce294	73	0	17.195998	0	14	7	2.758034	2.179014	7.034222	5.224728	0	0
conventional	ce295	73	0	26.287967	0	14	7	4.112273	2.887417	10.763312	8.524965	0.871786	0
conventional	ce296	74	0	25.703301	0	14	7	5.587898	2.797025	8.204362	9.114016	0.871786	0
conventional	ce297	74	0	25.908934	0	14	7	3.393186	3.088361	4.703482	14.723905	0	0
holistic	he242	75	0	2.780274	0	10	6	0	0	2.780274	0	0.941089	0
holistic	he243	75	0	0	0	0	11	0	0	0	0	1.702126	3.224808
conventional	ce298	75	0	20.881744	0	14	7	5.701235	1.858893	9.151564	4.170052	0	0
conventional	ce299	75	0	7.313630	0	14	7	0.784921	1.886444	2.003999	2.638266	0	0
holistic	he244	76	0	0.331938	0	4	4	0	0	0	0.331938	4.422906	0
holistic	he245	76	0	2.855703	0	5	4	0.372278	0	2.483425	0	1.158259	0
holistic	he246	76	0	4.531134	0	10	6	0	0	4.531134	0	1.386680	0
holistic	he247	76	0	4.415782	0	2	4	0	0	4.415782	0	0	0
conventional	ce300	76	0	45.330202	0	14	7	11.937969	4.237510	18.868157	10.286566	0	0
conventional	ce301	76	0	27.121120	0	14	7	1.828571	7.858217	10.328445	7.105887	0	0
conventional	ce302	76	0	18.158222	0	14	7	1.713402	2.772698	7.397744	6.274378	0	0
holistic	he248	77	0	0	0	0	9	0	0	0	0	7.526508	0
holistic	he249	77	0	0	0	0	5	0	0	0	0	0	0
conventional	ce303	77	0	36.333678	0	14	7	1.067914	3.963539	14.851591	16.450634	0	0
holistic	he250	78	0	0	0	0	11	0	0	0	0	4.132581	4.175805
holistic	he251	78	0	0	0	0	11	0	0	0	0	1.702126	3.224808
conventional	ce304	78	0	29.670137	0	14	7	2.064633	9.882587	10.449232	7.273685	0	0
conventional	ce305	78	0	39.086529	0	14	7	5.429404	5.631588	19.043703	8.981834	0	0
conventional	ce306	78	0	32.752281	0	14	7	6.367337	5.360072	15.306707	5.718165	0	0
conventional	ce307	78	0	49.962797	0	14	7	10.342554	5.296868	21.467264	12.856111	1.622596	0
conventional	ce308	78	0	28.942826	0	14	7	4.637943	4.252478	11.964816	8.087589	0	0
conventional	ce309	78	0	28.600578	0	14	7	4.564371	4.803182	10.830137	8.402888	0	0
holistic	he252	79	0	0	0	0	6	0	0	0	0	3.555990	0
holistic	he253	79	0	31.604031	0	45	9	0	0	31.604031	0	4.236366	0
conventional	ce310	79	0	28.998939	0	14	7	7.851708	2.676671	9.522189	8.948371	0.932124	0
conventional	ce311	79	0	36.459018	0	14	7	4.053818	5.796067	17.684430	8.924703	0	0
conventional	ce312	79	0	28.411801	0	14	7	6.295744	6.317623	10.527160	5.271274	0	0
holistic	he254	80	0	0	0	0	4	0	0	0	0	0	0
holistic	he255	80	0	0	0	0	11	0	0	0	0	1.856138	0.322084
holistic	he256	80	0	0	0	0	4	0	0	0	0	5.838574	0
holistic	he257	80	0	2.984920	0	10	6	0	0	2.984920	0	0.809123	0
holistic	he258	80	0	0	0	0	4	0	0	0	0	0.408724	0
holistic	he259	80	0	2.454236	0	2	8	0	0	2.454236	0	0	0
holistic	he260	80	0	0	0	0	3	0	0	0	0	0	0
conventional	ce313	80	0	25.639533	0	14	7	2.044564	5.624194	8.427607	9.543168	0	0
conventional	ce314	80	0	17.122872	0	14	7	1.175176	1.930188	11.292831	2.724677	0	0
conventional	ce315	80	0	39.545753	0	14	7	4.090139	6.504639	18.515090	10.435885	0.347199	0
conventional	ce316	80	0	32.793328	0	14	7	3.724237	3.492552	14.805378	10.771161	1.118339	0
holistic	he261	81	0	0	0	0	7	0	0	0	0	4.346040	0
holistic	he262	81	0	5.571978	0	10	6	0	0	5.571978	0	0.612196	0
holistic	he263	81	0	4.760052	0	12	6	0	0	4.760052	0	0.809123	0
conventional	ce317	81	0	21.405292	0	14	7	5.669828	1.405746	9.351954	4.977764	0	0
conventional	ce318	81	0	27.346177	0	14	7	4.605553	3.824607	9.261729	9.654288	0	0
conventional	ce319	81	0	20.780622	0	14	7	1.152706	2.374808	9.192454	8.060654	0	0
conventional	ce320	81	0	19.716146	0	14	7	1.811077	2.242375	9.147183	6.515511	0	0
conventional	ce321	81	0	24.235865	0	14	7	1.803453	2.081139	6.102878	14.248395	0	0
holistic	he264	82	0	3.679804	0	4	4	0	0	3.679804	0	0	0
holistic	he265	82	0	0	0	0	2	0	0	0	0	0	0
holistic	he266	82	0	0	0	0	3	0	0	0	0	0	0
holistic	he267	82	0	0	0	0	2	0	0	0	0	2.611153	0
holistic	he268	82	0	1.328630	0	4	4	0	0	1.328630	0	1.198020	0
holistic	he269	82	0	0	0	0	6	0	0	0	0	2.395401	0
holistic	he270	83	0	0	0	0	0	0	0	0	0	3.530076	0
holistic	he271	83	0	0	0	0	4	0	0	0	0	0	0
holistic	he272	83	0	0	0	0	4	0	0	0	0	4.604444	0
holistic	he273	83	0	2.577976	0	6	4	0	0	2.577976	0	1.198020	0
holistic	he274	83	0	0	0	0	2	0	0	0	0	3.276534	0
conventional	ce322	83	0	32.428858	0	14	7	5.365919	6.106254	14.000065	6.956620	0	0
conventional	ce323	83	0	37.888122	0	14	7	9.314171	4.131216	12.447372	11.995363	0	0
conventional	ce324	83	0	28.431903	0	14	7	7.810002	3.297601	11.478560	5.845740	1.059767	0
conventional	ce325	83	0	23.780060	0	14	7	3.673938	1.062897	8.740996	10.302229	0	0
conventional	ce326	83	0	24.932908	0	14	7	2.244354	7.414027	9.251520	6.023007	0	0
conventional	ce327	83	0	9.921847	0	14	7	3.810323	1.351655	1.708936	3.050933	0	0
holistic	he275	84	0	1.004750	0	6	8	0	0	1.004750	0	0.295287	0
holistic	he276	84	0	0	0	0	11	0	0	0	0	1.856138	0.322084
holistic	he277	84	0	0	0	0	2	0	0	0	0	2.653802	0
holistic	he278	84	0	0	0	0	2	0	0	0	0	0	0
holistic	he279	84	0	9.806112	0	20	6	0	0	9.806112	0	0.823120	0
conventional	ce328	84	0	36.698357	0	14	7	10.972180	3.380026	11.094775	11.251376	0.932124	0
conventional	ce329	84	0	29.528356	0	14	7	1.550837	6.315092	14.690012	6.972415	0	0
conventional	ce330	84	0	30.495099	0	14	7	3.203179	5.946285	12.348078	8.997557	0	0
conventional	ce331	84	0	16.358074	0	14	7	0.973308	2.318560	3.596176	9.470030	0	0
conventional	ce332	84	0	36.059973	0	14	7	7.737173	4.776359	14.895427	8.651014	0	0
holistic	he280	85	0	0	0	0	4	0	0	0	0	6.633168	0
holistic	he281	85	0	0	0	0	4	0	0	0	0	0	0
holistic	he282	85	0	0	0	0	4	0	0	0	0	0	0
conventional	ce333	85	0	25.564051	0	14	7	2.231866	7.008002	9.019049	7.305134	0	0
conventional	ce334	85	0	28.586963	0	14	7	4.745128	0.625454	12.910868	10.305513	0	0
conventional	ce335	85	0	13.182940	0	14	7	2.397384	2.688941	6.779015	1.317600	0	0
conventional	ce336	85	0	16.226828	0	14	7	3.036743	4.075083	4.106160	5.008842	0	0
conventional	ce337	85	0	30.341183	0	14	7	4.672207	2.431591	12.674128	10.563257	0	0
conventional	ce338	85	0	37.125510	0	14	7	8.942120	4.519772	18.743316	4.920302	0	0
holistic	he283	86	0	5.857914	0	10	6	0	0	5.857914	0	1.051880	0
holistic	he284	86	0	0	0	0	2	0	0	0	0	2.241189	0
holistic	he285	86	0	1.092977	0	3	2	0	0	1.092977	0	1.198020	0
holistic	he286	86	0	0	0	0	3	0	0	0	0	3.469057	0
holistic	he287	86	0	8.452626	0	12	4	0	0	0	8.452626	1.793931	0
holistic	he288	86	0	0	0	0	4	0	0	0	0	0	0
holistic	he289	86	0	0.331938	0	4	4	0	0	0	0.331938	4.422906	0
holistic	he290	86	0	0	0	0	6	0	0	0	0	2.943744	0
conventional	ce339	86	1.711769	24.997352	1	14	7	4.837380	2.703970	5.363933	12.092069	0	0
conventional	ce340	86	0	21.924998	0	14	7	3.387456	0.666778	8.363609	9.507155	0	0
conventional	ce341	86	0	26.252948	0	14	7	1.594927	7.900960	11.426735	5.330326	0	0
conventional	ce342	86	0	17.272296	0	14	7	5.497403	0.784017	4.911119	6.079757	0	0
holistic	he291	87	0	0	0	0	6	0	0	0	0	0	0
holistic	he292	87	0	0	0	0	4	0	0	0	0	4.511162	0
holistic	he293	87	0	0	0	0	5	0	0	0	0	0	0
holistic	he294	87	0	0	0	0	4	0	0	0	0	0	0
holistic	he295	87	0	0	0	0	2	0	0	0	0	0	0
holistic	he296	87	0	1.888784	0	2	4	0	0	1.888784	0	0	0
holistic	he297	87	0	0	0	0	9	0	0	0	0	7.986225	0
conventional	ce343	87	0	46.972285	0	14	7	6.879487	6.602692	17.874037	15.616069	1.177025	0
holistic	he298	88	0	1.206994	0	6	8	0	0	1.206994	0	0.295287	0
holistic	he299	88	0	0	0	0	4	0	0	0	0	6.103020	0
holistic	he300	88	0	5.019890	0	10	6	0	0	5.019890	0	1.412122	0
holistic	he301	88	0	0.335954	0	4	4	0	0	0	0.335954	4.100274	0
holistic	he302	88	0	2.521206	0	6	4	0	0	2.521206	0	0.700134	0
holistic	he303	88	0	14.077236	0	30	9	0	0	14.077236	0	1.668280	0
conventional	ce344	88	0	39.922747	0	14	7	11.467348	3.362204	12.703936	12.389259	0.957347	0
conventional	ce345	88	0	29.909415	0	14	7	6.924193	2.331441	12.310231	8.343550	0	0
conventional	ce346	88	0	39.712558	0	14	7	7.350032	6.843509	17.319429	8.199588	0	0
holistic	he304	89	0	0	0	0	6	0	0	0	0	5.014524	0
holistic	he305	89	0	0.386106	0	4	5	0	0	0	0.386106	4.422906	0
holistic	he306	89	0	0	0	0	4	0	0	0	0	0	0
conventional	ce347	89	0	23.333668	0	14	7	3.445210	1.903919	9.839193	8.145346	0	0
conventional	ce348	89	0	26.945733	0	14	7	6.074196	2.233030	11.655591	6.982916	0	0
holistic	he307	90	0	0	0	0	4	0	0	0	0	4.902588	0
holistic	he308	90	0	1.966822	0	6	4	0	0	1.966822	0	1.198020	0
holistic	he309	90	0	0	0	0	1	0	0	0	0	0	0
conventional	ce349	90	0	35.245886	0	14	7	6.163587	7.229898	13.714222	8.138179	0	0
conventional	ce350	90	0	30.000294	0	14	7	4.857816	3.133329	12.554488	9.454661	0.871786	0
conventional	ce351	90	0	22.414623	0	14	7	1.978935	9.287704	7.357692	3.790292	0	0
conventional	ce352	90	0	35.387636	0	14	7	2.968107	4.017027	16.388481	12.014021	0.589318	0
holistic	he310	91	0	0	0	0	6	0	0	0	0	3.555990	0
holistic	he311	91	0	0	0	0	0	0	0	0	0	0	0
holistic	he312	91	0	0	0	0	4	0	0	0	0	6.103020	0
holistic	he313	91	0	0	0	0	7	0	0	0	0	5.838574	0
holistic	he314	91	0	1.720594	0	2	11	0	0	0	1.720594	0.708701	0
holistic	he315	91	0	0	0	0	6	0	0	0	0	3.555990	0
conventional	ce353	91	0	20.353919	0	14	7	1.914581	4.381584	7.988374	6.069380	0	0
conventional	ce354	91	0	22.639301	0	14	7	2.365520	2.353328	9.511813	8.408640	0	0
conventional	ce355	91	0	37.548536	0	14	7	4.900172	5.340094	20.894218	6.414052	0	0
conventional	ce356	91	0	27.690956	0	14	7	2.304372	5.927188	10.313268	9.146128	0	0
holistic	he316	92	0	0	0	0	6	0	0	0	0	2.395401	0
holistic	he317	92	0	0	0	0	4	0	0	0	0	3.555990	0
conventional	ce357	92	0	29.565349	0	14	7	0.422341	6.187718	14.129035	8.826255	0	0
conventional	ce358	92	0	23.840600	0	14	7	1.845433	1.241963	13.232539	7.520665	0	0
conventional	ce359	92	0	22.201222	0	14	7	3.962554	1.549394	9.152084	7.537190	0.116453	0
conventional	ce360	92	0	47.215407	0	14	7	13.166575	4.002661	12.801927	17.244244	0	0
holistic	he318	93	0	0	0	0	9	0	0	0	0	0.105384	0
holistic	he319	93	0	0	0	0	2	0	0	0	0	0	0
holistic	he320	93	0	2.532980	0	6	4	0	0	2.532980	0	1.171724	0
conventional	ce361	93	0	27.530212	0	14	7	5.162218	3.996301	8.115587	10.256106	0	0
conventional	ce362	93	0	47.600558	0	14	7	10.380194	5.057644	23.842945	8.319775	0	0
conventional	ce363	93	0	9.385529	0	14	7	0.531336	1.908517	2.578827	4.366849	0	0
conventional	ce364	93	0	40.354561	0	14	7	9.579450	2.688619	17.900636	10.185856	0	0
conventional	ce365	93	0	29.463002	0	14	7	4.131611	4.037594	10.777344	10.516453	0	0
conventional	ce366	93	0	19.879918	0	14	7	2.619920	2.218939	6.473271	8.567788	0	0
holistic	he321	94	0	0	0	0	9	0	0	0	0	5.537580	0
holistic	he322	94	0	0	0	0	3	0	0	0	0	0	0
holistic	he323	94	0	0	0	0	6	0	0	0	0	7.076892	0
holistic	he324	94	0	0	0	0	2	0	0	0	0	0	0
holistic	he325	94	0	2.721200	0	6	4	0	0	2.721200	0	1.198020	0
conventional	ce367	94	0	19.983485	0	14	7	1.221325	4.073174	8.108113	6.580873	0	0
conventional	ce368	94	0	19.889555	0	14	7	3.576128	1.901748	7.324084	7.087595	0	0
conventional	ce369	94	0	35.031674	0	14	7	6.734131	3.736688	13.602461	10.958394	0.871786	0
conventional	ce370	94	0	37.351728	0	14	7	7.637984	2.303939	17.045189	10.364616	1.335406	0
conventional	ce371	94	0	44.534437	0	14	7	8.272842	4.735216	22.018814	9.507565	1.017302	0
conventional	ce372	94	0	30.663381	0	14	7	3.639338	1.783063	14.326401	10.914579	0	0
conventional	ce373	94	0	16.697710	0	14	7	3.325501	1.978890	4.436138	6.957181	0	0
conventional	ce374	94	0	27.474219	0	14	7	2.434411	7.483219	10.227984	7.328605	0	0
conventional	ce375	94	0	31.815781	0	14	7	8.433255	1.582965	12.542829	9.256732	0.932124	0
holistic	he326	95	0	0	0	0	0	0	0	0	0	0	0
holistic	he327	95	0	0	0	0	2	0	0	0	0	0	0
holistic	he328	95	0	3.537086	0	10	6	0	0	3.537086	0	0.809123	0
conventional	ce376	95	0	24.577751	0	14	7	3.738931	2.067942	10.318518	8.452360	0	0
conventional	ce377	95	0	27.127613	0	14	7	3.680318	2.948941	5.688570	14.809784	0	0
conventional	ce378	95	0	27.370968	0	14	7	3.242800	2.527043	12.896825	8.704300	0	0
conventional	ce379	95	0	27.039215	0	14	7	6.125032	1.108350	11.524357	8.281476	0	0
conventional	ce380	95	0	47.802227	0	14	7	10.883427	2.333195	22.207466	12.378139	1.622596	0
holistic	he329	96	0	0	0	0	2	0	0	0	0	3.276534	0
holistic	he330	96	0	2.133236	0	6	4	0	0	2.133236	0	1.198020	0
holistic	he331	96	0	2.928578	0	2	8	0	0	2.928578	0	0	0
conventional	ce381	96	0	30.142653	0	14	7	4.571416	5.252833	11.676293	8.642111	0	0
holistic	he332	97	0	2.454236	0	2	8	0	0	2.454236	0	0	0
holistic	he333	97	0	0	0	0	4	0	0	0	0	5.838574	0
holistic	he334	97	0	5.442728	0	2	4	0	0	5.442728	0	0	0
conventional	ce382	97	0	29.642581	0	14	7	4.407070	1.453713	13.537562	10.244236	0	0
conventional	ce383	97	0	37.719544	0	14	7	7.750818	5.197037	13.440540	11.331149	0.871786	0
conventional	ce384	97	0	48.901603	0	14	7	10.696113	2.309681	22.164577	13.731232	1.622596	0
holistic	he335	98	0	4.179818	0	2	4	0	0	4.179818	0	0	0
holistic	he336	98	0	0	0	0	3	0	0	0	0	0	0
holistic	he337	98	0	0	0	0	2	0	0	0	0	2.302222	0
holistic	he338	98	0	0	0	0	6	0	0	0	0	5.333985	0
holistic	he339	98	0	0	0	0	4	0	0	0	0	4.902588	0
conventional	ce385	98	0	32.623037	0	14	7	2.979268	4.447438	17.147633	8.048698	1.118339	0
holistic	he340	99	0	2.545826	0	6	4	0	0	2.545826	0	1.198020	0
conventional	ce386	99	0	24.283742	0	14	7	6.042950	1.248029	7.534784	9.457979	0	0
conventional	ce387	99	0	31.660603	0	14	7	5.972913	3.621840	12.900548	9.165302	1.464324	0
conventional	ce388	99	0	26.741785	0	14	7	2.256475	4.720261	10.576103	9.188946	0	0
holistic	he341	100	0	5.334972	0	10	6	0	0	5.334972	0	0.612196	0
holistic	he342	100	0	0	0	0	6	0	0	0	0	3.555990	0
conventional	ce389	100	0	41.516224	0	14	7	8.104341	2.685958	17.627101	13.098824	1.622596	0
holistic	he343	101	0	0	0	0	6	0	0	0	0	4.511162	0
conventional	ce390	101	0	15.453176	0	14	7	1.284636	1.148691	4.877622	8.142227	0	0
conventional	ce391	101	0	8.737949	0	14	7	1.311423	1.760147	3.737153	1.929226	0	0
holistic	he344	102	0	0	0	0	6	0	0	0	0	0	0
holistic	he345	102	0	5.970244	0	10	6	0	0	5.970244	0	0.612196	0
holistic	he346	102	0	0.481182	0	4	4	0	0	0	0.481182	4.422906	0
holistic	he347	102	0	4.887318	0	10	6	0	0	4.887318	0	1.198020	0
holistic	he348	102	0	0	0	0	6	0	0	0	0	3.555990	0
holistic	he349	103	0	0	0	0	4	0	0	0	0	0	0
holistic	he350	103	0	5.058486	0	12	4	0	0	5.058486	0	0.382064	0
holistic	he351	103	0	0.854134	0	6	4	0	0	0.854134	0	1.198020	0
holistic	he352	103	0	2.608052	0	6	4	0	0	2.608052	0	1.171724	0
holistic	he353	103	0	0	0	0	2	0	0	0	0	0	0
conventional	ce392	104	0	50.974703	0	14	7	9.829365	3.462643	23.906893	13.775802	1.622596	0
holistic	he354	105	0	0	0	0	5	0	0	0	0	3.291288	0
holistic	he355	105	0	0	0	0	2	0	0	0	0	0	0
holistic	he356	105	0	0	0	0	6	0	0	0	0	6.766743	0
holistic	he357	107	0	1.174568	0	6	8	0	0	1.174568	0	0.295287	0
holistic	he358	107	0	0	0	0	5	0	0	0	0	0	0
holistic	he359	108	0	0	0	0	4	0	0	0	0	6.027914	0
holistic	he360	108	0	0	0	0	0	0	0	0	0	0	0
holistic	he361	109	0	2.244014	0	2	8	0	0	2.244014	0	0	0
conventional	ce393	109	0	45.754653	0	14	7	10.238925	2.675508	18.991475	13.848745	1.622596	0
holistic	he362	110	0	0	0	0	2	0	0	0	0	0	0
conventional	ce394	110	0	36.217763	0	14	7	8.302753	7.301200	12.077691	8.536119	0	0
conventional	ce395	110	0	20.659051	0	14	7	0.983855	6.368824	6.455749	6.850623	0	0
holistic	he363	111	0	0	0	0	1	0	0	0	0	0	0
conventional	ce396	111	0	37.569935	0	14	7	7.291719	3.828328	13.070374	13.379514	1.272074	0
holistic	he364	112	0	0.888630	0	6	8	0	0	0.888630	0	0.295287	0
holistic	he365	112	0	0	0	0	3	0	0	0	0	0	0
conventional	ce397	112	0	25.219481	0	14	7	2.836526	4.353323	10.662438	7.367194	0	0
holistic	he366	114	0	0	0	0	4	0	0	0	0	0	0
conventional	ce398	114	0	25.885631	0	14	7	2.422079	7.812289	9.717805	5.933458	0.589318	0
holistic	he367	115	0	0	0	0	6	0	0	0	0	3.555990	0
conventional	ce399	115	0	26.232387	0	14	7	2.206498	5.685560	11.440659	6.899670	0	0
holistic	he368	116	0	1.410572	0	3	2	0	0	1.410572	0	1.198020	0
conventional	ce400	118	0	35.561770	0	14	7	3.013746	1.018158	17.078799	14.451067	0.135986	0
conventional	ce401	118	0	42.348802	0	14	7	8.325277	2.765696	21.671302	9.586527	1.198925	0
holistic	he369	119	0	4.255186	0	4	6	0	0	2.244014	2.011172	0	0
holistic	he370	120	0	0.866070	0	6	8	0	0	0.866070	0	0.295287	0
conventional	ce402	121	0	44.608525	0	14	7	10.568405	2.264294	17.312721	14.463105	1.622596	0
conventional	ce403	121	0	29.652307	0	14	7	3.131517	8.676315	9.983319	7.861156	0	0
holistic	he371	122	0	1.808997	0	3	2	0	0	1.808997	0	1.171724	0
conventional	ce404	122	0	18.605488	0	14	7	3.781718	0.329911	5.361560	9.132299	0	0
conventional	ce405	123	0	21.681909	0	14	7	1.481014	6.513984	5.118592	8.568319	0	0
conventional	ce406	123	0	29.329974	0	14	7	3.429151	5.974179	10.721446	9.205198	0.871786	0
holistic	he372	124	0	4.482243	0	9	6	0	0	4.482243	0	1.198020	0
conventional	ce407	124	0	9.854201	0	14	7	0.805311	1.680271	4.775967	2.592652	0	0
conventional	ce408	125	0	26.469935	0	14	7	2.219269	2.660388	13.267973	8.322305	0.570033	0
conventional	ce409	125	0	17.644380	0	14	7	1.314212	2.018742	13.138349	1.173077	0	0
conventional	ce410	125	0	34.733400	0	14	7	4.167956	4.566374	18.003126	7.995944	0	0
conventional	ce411	125	0	38.646615	0	14	7	8.616758	3.643300	13.935790	12.450767	0.871786	0
conventional	ce412	126	0	14.008710	0	14	7	1.018893	0.834476	4.484502	7.670839	0	0
conventional	ce413	126	0	33.850545	0	14	7	4.382961	2.103453	15.822070	11.542061	1.484952	0
conventional	ce414	126	0	43.339024	0	14	7	4.276663	6.767098	18.235468	14.059795	0.882304	0
holistic	he373	127	0	2.005296	0	6	4	0	0	2.005296	0	0.700134	0
holistic	he374	127	0	0	0	0	4	0	0	0	0	3.943216	0
conventional	ce415	127	0	34.083334	0	14	7	6.032283	1.086682	14.800948	12.163421	0	0
conventional	ce416	127	0	45.860780	0	14	7	9.831458	3.878218	20.443015	11.708089	1.622596	0
conventional	ce417	128	0	26.282214	0	14	7	3.388178	7.817124	10.817926	4.258986	0	0
conventional	ce418	128	0	34.887754	0	14	7	4.116986	0.917429	17.834058	12.019281	0.135986	0
conventional	ce419	128	0	27.899768	0	14	7	4.023050	8.408658	7.872003	7.596057	1.531390	0
conventional	ce420	129	0	38.050569	0	14	7	8.148236	2.091578	17.132387	10.678368	2.113796	0
conventional	ce421	130	0	28.385769	0	14	7	2.943623	7.653208	10.142182	7.646756	0	0
holistic	he375	131	0	0	0	0	3	0	0	0	0	1.224392	0
conventional	ce422	131	0	39.901720	0	14	7	7.467869	5.010374	15.037672	12.385805	0.871786	0
conventional	ce423	131	0	37.236915	0	14	7	7.606728	3.857027	17.344565	8.428595	1.017302	0
holistic	he376	132	0	3.289196	0	6	4	0	0	3.289196	0	0.700134	0
conventional	ce424	132	0	32.379139	0	14	7	4.540554	2.468554	13.767182	11.602849	1.107234	0
conventional	ce425	132	0	29.341111	0	14	7	4.583474	3.360315	6.031869	15.365453	0	0
conventional	ce426	134	0	30.968250	0	14	7	2.182063	0.583928	16.085828	12.116431	0.135986	0
conventional	ce427	134	0	16.146989	0	14	7	2.133246	2.007111	9.992513	2.014119	0	0
holistic	he377	135	0	2.492686	0	6	4	0	0	2.492686	0	1.064570	0
holistic	he378	135	0	0	0	0	4	0	0	0	0	0	0
conventional	ce428	135	0	39.804856	0	14	7	7.273872	2.145130	23.052541	7.333313	1.622596	0
conventional	ce429	136	0	19.524178	0	14	7	2.157843	2.682071	5.581286	9.102978	0	0
holistic	he379	137	0	0.404778	0	4	4	0	0	0	0.404778	4.100274	0
conventional	ce430	137	0	36.334131	0	14	7	6.860312	4.117906	14.741346	10.614567	1.318123	0
conventional	ce431	137	0	23.379969	0	14	7	2.379955	6.856889	6.415342	7.727783	0	0
conventional	ce432	138	0	31.131004	0	14	7	4.008424	1.646403	14.990889	10.485288	0	0
conventional	ce433	138	0	34.550605	0	14	7	6.802652	2.822782	12.683291	12.241880	1.933355	0
conventional	ce434	138	0	26.593463	0	14	7	1.712003	2.038567	13.475729	9.367164	0	0
conventional	ce435	138	0	8.532959	0	14	7	0.820771	1.958914	4.031034	1.722240	0	0
holistic	he380	139	0	1.677270	0	2	8	0	0	1.677270	0	0	0
holistic	he381	139	0	0	0	0	7	0	0	0	0	0	0
holistic	he382	139	0	0	0	0	0	0	0	0	0	0	0
conventional	ce436	139	0	25.672036	0	14	7	4.270590	7.821387	6.499601	7.080458	1.531390	0
conventional	ce437	139	0	41.607166	0	14	7	4.266691	3.997110	19.446674	13.896691	0.971693	0
holistic	he383	140	0	2.131940	0	6	4	0	0	2.131940	0	0.700134	0
holistic	he384	140	0	0.945766	0	6	8	0	0	0.945766	0	0.295287	0
holistic	he385	140	0	0	0	0	6	0	0	0	0	0	0
holistic	he386	140	0	0	0	0	2	0	0	0	0	0	0
conventional	ce438	140	0	16.556142	0	14	7	1.331722	2.662283	4.403782	8.158355	1.819279	0
conventional	ce439	140	0	40.629578	0	14	7	6.781884	4.978798	13.423785	15.445111	0	0
conventional	ce440	140	0	37.452580	0	14	7	4.315723	0.610784	19.522916	13.003157	0.135986	0
holistic	he387	141	0	0	0	0	6	0	0	0	0	6.633168	0
holistic	he388	141	0	0	0	0	1	0	0	0	0	0	0
conventional	ce441	141	0	34.895381	0	14	7	3.683491	1.658642	17.581386	11.971862	0.721870	0
holistic	he389	142	0	0	0	0	2	0	0	0	0	0	0
holistic	he390	142	0	2.622088	0	6	4	0	0	2.622088	0	1.198020	0
holistic	he391	143	0	0	0	0	0	0	0	0	0	5.801750	0
holistic	he392	143	0	0	0	0	7	0	0	0	0	5.838574	0
holistic	he393	143	0	8.527860	0	18	6	0	0	8.527860	0	2.396040	0
holistic	he394	143	0	0	0	0	2	0	0	0	0	0	0
conventional	ce442	143	0	16.765712	0	14	7	1.961754	0.370465	6.911812	7.521681	0	0
holistic	he395	144	0	5.863968	0	6	8	0	0	5.863968	0	1.130555	0
holistic	he396	144	0	0	0	0	6	0	0	0	0	0	0
holistic	he397	144	0	0	0	0	4	0	0	0	0	1.479622	0
conventional	ce443	144	0	47.061636	0	14	7	5.981495	8.742906	18.235468	14.101767	0.882304	0
conventional	ce444	144	0	45.045395	0	14	7	10.188101	0.765518	20.315237	13.776539	0.871786	0
conventional	ce445	144	0	41.099296	0	14	7	8.389496	2.792349	16.945642	12.971809	1.622596	0
holistic	he398	145	0	2.007326	0	2	8	0	0	2.007326	0	0	0
holistic	he399	145	0	3.014639	0	5	3	0	0	3.014639	0	1.795284	0
holistic	he400	145	0	1.309905	0	9	6	0	0	1.309905	0	1.198020	0
conventional	ce446	145	0	15.208896	0	14	7	1.426651	2.574734	4.557855	6.649656	0	0
conventional	ce447	145	0	37.710315	0	14	7	3.895983	0.846962	19.970219	12.997151	0.135986	0
conventional	ce448	145	0	40.067259	0	14	7	8.531952	1.579142	16.988818	12.967347	1.622596	0
conventional	ce449	145	0	27.928390	0	14	7	4.784566	1.549037	14.852486	6.742301	0	0
holistic	he401	146	0	4.179818	0	2	4	0	0	4.179818	0	0	0
holistic	he402	146	0	2.531216	0	6	4	0	0	2.531216	0	1.316717	0
holistic	he403	146	0	1.014474	0	2	8	0	0	1.014474	0	0	0
holistic	he404	146	0	0	0	0	2	0	0	0	0	0	0
holistic	he405	146	0	0	0	0	6	0	0	0	0	3.555990	0
holistic	he406	146	0	0	0	0	6	0	0	0	0	5.064669	0
conventional	ce450	146	0	41.657953	0	14	7	10.839383	0.558798	18.029379	12.230393	1.289531	0
conventional	ce451	146	0	34.998307	0	14	7	1.742589	2.661761	18.915292	11.678665	1.622596	0
conventional	ce452	146	0	25.967843	0	14	7	2.780192	8.790884	9.552101	4.844666	0	0
holistic	he407	147	0	0	0	0	1	0	0	0	0	0	0
holistic	he408	147	0	0	0	0	6	0	0	0	0	5.010130	0
holistic	he409	147	0	1.198198	0	6	4	0	0	1.198198	0	1.198020	0
holistic	he410	147	0	0	0	0	5	0	0	0	0	9.243585	0
holistic	he411	147	0	5.768936	0	2	4	0	0	5.768936	0	0	0
holistic	he412	147	0	2.521206	0	6	10	0	0	2.521206	0	0.700134	0
conventional	ce453	147	0	25.354397	0	14	7	1.735270	4.211135	10.126481	9.281511	1.819279	0
holistic	he413	148	0	0	0	0	6	0	0	0	0	3.555990	0
holistic	he414	148	0	0	0	0	2	0	0	0	0	0	0
holistic	he415	148	0	2.394516	0	4	6	0	0	1.262772	1.131744	0	0
holistic	he416	148	0	1.238610	0	4	4	0	0	1.238610	0	0.700134	0
holistic	he417	148	0	3.751094	0	6	4	0	0	3.751094	0	0.863372	0
holistic	he418	149	0	0	0	0	5	0	0	0	0	3.291288	0
holistic	he419	149	0	0.888294	0	6	8	0	0	0.888294	0	0.295287	0
holistic	he420	149	0	1.174568	0	6	8	0	0	1.174568	0	0.295287	0
holistic	he421	149	0	0	0	0	4	0	0	0	0	0	0
holistic	he422	149	0	3.348880	0	2	6	0	0	3.348880	0	0	0
conventional	ce454	149	0	50.557413	0	14	7	13.701668	3.117447	20.464856	13.273442	1.289531	0
conventional	ce455	149	0	33.668141	0	14	7	3.816011	10.242836	9.768549	9.840745	0	0
conventional	ce456	149	0	41.542534	0	14	7	4.967799	4.748540	22.276494	9.549701	1.017302	0
holistic	he423	150	0	3.268644	0	2	8	0	0	3.268644	0	0	0
holistic	he424	150	0	2.005296	0	6	4	0	0	2.005296	0	0.700134	0
holistic	he425	150	0	0	0	0	0	0	0	0	0	0	0
conventional	ce457	150	0	22.856142	0	14	7	5.418152	1.383858	7.668711	8.385421	2.587868	0
conventional	ce458	150	0	42.272676	0	14	7	4.228249	6.500282	16.925748	14.618397	0.882304	0
holistic	he426	151	0	2.161386	0	6	4	0	0	2.161386	0	1.316717	0
holistic	he427	151	0	2.780858	0	6	4	0	0	2.780858	0	1.198020	0
holistic	he428	151	0	0	0	0	0	0	0	0	0	0	0
holistic	he429	151	0	5.675288	0	20	5	0	0	5.675288	0	0.382064	0
holistic	he430	151	0	4.255186	0	4	6	0	0	2.244014	2.011172	0	0
conventional	ce459	151	0	54.904746	0	14	7	10.249242	1.101709	28.409695	15.144100	1.622596	0
conventional	ce460	151	0	20.225561	0	14	7	1.234533	3.789414	7.789490	7.412124	1.622596	0
holistic	he431	152	0	0	0	0	4	0	0	0	0	0	0
holistic	he432	152	0	0	0	0	9	0	0	0	0	4.532070	0
holistic	he433	152	0	0	0	0	0	0	0	0	0	2.396040	0
holistic	he434	152	0	2.694444	0	6	8	0	0	2.694444	0	0.295287	0
conventional	ce461	152	0	35.964878	0	14	7	8.225612	2.283929	12.096591	13.358746	1.622596	0
holistic	he435	153	0	0	0	0	2	0	0	0	0	0	0
holistic	he436	153	1.486308	1.486308	2	2	6	0	0	0	1.486308	5.010130	0
holistic	he437	153	0	0	0	0	2	0	0	0	0	0	0
conventional	ce462	153	0	31.436440	0	14	7	5.136883	10.691421	9.116910	6.491226	0	0
conventional	ce463	153	0	37.366717	0	14	7	9.535224	2.834299	15.881010	9.116184	2.113796	0
holistic	he438	154	0	2.531216	0	6	4	0	0	2.531216	0	1.316717	0
holistic	he439	154	0	4.296264	0	9	12	0	0	4.296264	0	0.453990	0
holistic	he440	154	0	0.866070	0	6	8	0	0	0.866070	0	0.295287	0
holistic	he441	154	0	0.588580	0	3	4	0	0	0.588580	0	0.775646	0
conventional	ce464	154	0	35.223404	0	14	7	6.159489	2.273156	18.458675	8.332084	2.113796	0
conventional	ce465	154	0	40.401961	0	14	7	9.225076	1.995178	20.370713	8.810994	0.871786	0
conventional	ce466	154	0	44.601004	0	14	7	13.407984	3.137455	18.554409	9.501156	2.024815	0
conventional	ce467	154	0	42.081762	0	14	7	9.636122	3.195677	15.887447	13.362516	1.622596	0
conventional	ce468	154	0.877042	36.006974	1	14	7	7.040700	3.556270	12.939783	12.470221	0	0
conventional	ce469	154	0	33.607721	0	14	7	7.863178	5.213653	13.466405	7.064485	0	0
conventional	ce470	154	0	31.865047	0	14	7	5.249210	8.873122	9.593760	8.148955	0.135986	0
conventional	ce471	154	0	36.651068	0	14	7	1.836835	0.436637	19.366957	15.010639	0.135986	0
conventional	ce472	154	0	26.847565	0	14	7	2.836111	5.281466	10.242249	8.487739	0	0
holistic	he442	155	0	0	0	0	4	0	0	0	0	1.665394	0
holistic	he443	155	0	0	0	0	4	0	0	0	0	0	0
holistic	he444	155	0	0	0	0	3	0	0	0	0	3.291288	0
holistic	he445	155	0	0	0	0	0	0	0	0	0	2.635634	0
conventional	ce473	155	0	8.207031	0	14	7	1.011461	1.921958	3.800303	1.473309	0	0
conventional	ce474	155	0	36.353668	0	14	7	5.844980	2.303525	15.047398	13.157765	0.135986	0
conventional	ce475	155	0	38.713646	0	14	7	6.444404	4.279742	13.979383	14.010117	0	0
holistic	he446	156	0	1.523764	0	2	1	0	0	0	1.523764	1.064570	0
holistic	he447	156	0	4.156388	0	4	8	0	0	4.156388	0	0	0
holistic	he448	156	0	0	0	0	6	0	0	0	0	5.369390	0
holistic	he449	156	0	0	0	0	0	0	0	0	0	1.267846	0
holistic	he450	156	0	0	0	0	0	0	0	0	0	1.782253	0
holistic	he451	156	0	0	0	0	4	0	0	0	0	0	0
conventional	ce476	156	0	30.876546	0	14	7	5.280916	1.710105	15.652533	8.232992	1.142971	0
holistic	he452	157	0	5.701008	0	10	6	0	0	5.701008	0	1.198020	0
holistic	he453	157	0	0.924536	0	2	2	0	0	0.924536	0	1.316717	0
holistic	he454	157	0	0	0	0	2	0	0	0	0	0	0
holistic	he455	157	0	0	0	0	4	0	0	0	0	5.010130	0
holistic	he456	157	0	0	0	0	4	0	0	0	0	0	0
holistic	he457	157	0.519334	0.519334	1	1	4	0	0	0	0.519334	0	0
conventional	ce477	157	0	22.956191	0	14	7	3.235096	2.350639	16.355656	1.014800	1.577293	0
conventional	ce478	157	0	21.524391	0	14	7	0.801622	3.935063	9.600972	7.186734	1.622596	0
conventional	ce479	157	0	29.832020	0	14	7	4.053725	1.602711	15.091666	9.083918	0	0
holistic	he458	158	0	0	0	0	6	0	0	0	0	5.430178	0
conventional	ce480	158	0	18.520832	0	14	7	4.549504	1.280835	4.944935	7.745558	0	0
conventional	ce481	158	0	43.305251	0	14	7	8.489317	4.348050	15.636289	14.831595	1.881439	0
conventional	ce482	158	0	29.041265	0	14	7	3.876808	1.734954	16.469859	6.959644	0	0
conventional	ce483	158	0	22.554329	0	14	7	2.929396	6.189817	6.950267	6.484849	1.599924	0
holistic	he459	159	0	0	0	0	2	0	0	0	0	0.885861	0
holistic	he460	159	0	0	0	0	0	0	0	0	0	3.761080	0
conventional	ce484	159	0	28.418775	0	14	7	5.854428	0.424229	13.190575	8.949543	0	0
conventional	ce485	159	0	37.787258	0	14	7	2.533523	1.038278	18.666540	15.548917	2.113796	0
conventional	ce486	159	0	35.711532	0	14	7	7.894754	2.364127	15.822448	9.630203	1.910467	0
conventional	ce487	159	0	16.918633	0	14	7	1.874888	1.054318	5.228303	8.761124	0	0
holistic	he461	160	0	4.096784	0	4	6	0	0	2.085612	2.011172	0	0
holistic	he462	160	0	1.332760	0	6	8	0	0	1.332760	0	0.295287	0
holistic	he463	160	0	10.706808	0	36	6	0	0	10.706808	0	2.800536	0
holistic	he464	160	0	4.674878	0	6	4	0	0	4.674878	0	1.316717	0
holistic	he465	160	0	4.615164	0	4	6	0	0	1.809676	2.805488	0	0
holistic	he466	160	0	5.168834	0	10	6	0	0	5.168834	0	1.064570	0
holistic	he467	160	0	0	0	0	3	0	0	0	0	3.192898	0
holistic	he468	160	0	2.271534	0	6	8	0	0	2.271534	0	0.295287	0
holistic	he469	160	0	5.693944	0	4	6	0	0	0	5.693944	3.778532	0
conventional	ce488	160	0	37.256562	0	14	7	7.293072	3.228458	12.894555	13.840477	0.135986	0
conventional	ce489	160	0	17.795201	0	14	7	3.246499	1.465993	5.666774	7.415935	0	0
conventional	ce490	160	0	16.502935	0	14	7	0.849585	1.599453	4.855796	9.198101	0	0
conventional	ce491	160	0	32.956968	0	14	7	3.995700	0.379992	12.781368	15.799908	0.135986	0
holistic	he470	161	0	4.589682	0	4	6	0	0	1.784194	2.805488	0	0
holistic	he471	161	0	0	0	0	2	0	0	0	0	0	0
holistic	he472	161	0	0	0	0	4	0	0	0	0	0.833706	0
conventional	ce492	161	0	12.009185	0	14	7	1.124934	2.098092	5.862946	2.923213	0	0
conventional	ce493	161	0	37.999794	0	14	7	4.478347	2.040207	16.296708	15.184532	0.135986	0
conventional	ce494	161	0	27.803381	0	14	7	3.335579	4.806576	10.271846	9.389380	0	0
conventional	ce495	161	0	27.051477	0	14	7	2.762727	2.825775	14.212925	7.250050	0	0
conventional	ce496	161	0	33.280217	0	14	7	1.143834	6.611146	11.366903	14.158334	1.724398	0
holistic	he473	162	0	2.863860	0	6	4	0	0	2.863860	0	1.316717	0
holistic	he474	162	0	2.928578	0	2	8	0	0	2.928578	0	0	0
holistic	he475	162	0	3.649486	0	6	4	0	0	3.649486	0	1.064570	0
holistic	he476	162	0	1.332441	0	9	12	0	0	1.332441	0	0.255555	0
holistic	he477	162	0	1.300218	0	6	8	0	0	1.300218	0	0.295287	0
holistic	he478	162	0	0.763684	0	3	4	0	0	0.763684	0	0.775646	0
holistic	he479	162	0	3.445724	0	6	4	0	0	3.445724	0	1.198020	0
conventional	ce497	162	0	34.801389	0	14	7	7.839344	1.525825	15.554502	9.881718	2.113796	0
conventional	ce498	162	0	31.320672	0	14	7	2.609778	3.697037	15.000698	10.013159	1.107234	0
conventional	ce499	162	0	18.663084	0	14	7	2.943982	0.872571	4.583975	10.262556	0	0
holistic	he480	163	0	0	0	0	4	0	0	0	0	1.479622	0
holistic	he481	163	0	2.592392	0	6	4	0	0	2.592392	0	1.198020	0
holistic	he482	163	0	0	0	0	6	0	0	0	0	5.010130	0
holistic	he483	163	0	0	0	0	6	0	0	0	0	2.564290	0
holistic	he484	164	0	0.995146	0	6	8	0	0	0.995146	0	0	0
holistic	he485	164	0	0	0	0	6	0	0	0	0	0.296244	0
holistic	he486	164	0	0	0	0	0	0	0	0	0	3.676817	0
holistic	he487	164	0	0	0	0	9	0	0	0	0	4.121829	0
conventional	ce500	164	0	10.815900	0	14	7	1.045506	2.113891	5.990770	1.665733	0	0
conventional	ce501	164	0	33.217445	0	14	7	1.580272	10.984154	13.089045	7.563974	0	0
holistic	he488	165	0	0.945766	0	6	8	0	0	0.945766	0	0.295287	0
holistic	he489	165	0	0	0	0	2	0	0	0	0	0	0
holistic	he490	165	0	0	0	0	9	0	0	0	0	2.835531	0
holistic	he491	165	0	0.084746	0	2	8	0	0	0.084746	0	0.295287	0
holistic	he492	165	0	1.300920	0	6	4	0	0	1.300920	0	1.198020	0
conventional	ce502	165	0	31.466676	0	14	7	6.133643	4.397589	13.811430	7.124014	0	0
conventional	ce503	165	0	29.507014	0	14	7	3.845901	8.781248	9.352447	7.527418	1.531390	0
conventional	ce504	165	0	39.998841	0	14	7	8.488571	2.540419	16.105730	12.864121	2.113796	0
holistic	he493	167	0	0.576966	0	6	8	0	0	0.576966	0	0.295287	0
holistic	he494	167	0	0.588580	0	3	4	0	0	0.588580	0	0.775646	0
conventional	ce505	167	0	41.669136	0	14	7	8.177586	5.288222	20.174056	8.029272	0	0
holistic	he495	168	0	0	0	0	10	0	0	0	0	2.414290	0
holistic	he496	168	0	2.557654	0	6	10	0	0	2.557654	0	0.700134	0
holistic	he497	168	0	6.178326	0	4	8	0	0	6.178326	0	0	0
holistic	he498	168	0	0	0	0	6	0	0	0	0	6.930016	0
holistic	he499	169	0	2.416700	0	6	9	0	0	2.416700	0	0.295287	0
holistic	he500	169	0	5.229358	0	22	8	0	0	3.714392	1.514966	4.056357	0
holistic	he501	169	0	0.821424	0	4	6	0	0	0.433186	0.388238	0	0
holistic	he502	169	0	0	0	0	4	0	0	0	0	1.665394	0
conventional	ce506	169	0	40.163610	0	14	7	4.584155	1.621690	17.648732	16.309033	0.135986	0
conventional	ce507	169	0	28.647670	0	14	7	3.704499	4.263144	13.098567	7.581460	0	0
holistic	he503	170	0	0	0	0	1	0	0	0	0	0	0
conventional	ce508	170	0	21.793656	0	14	7	1.628605	6.190022	9.794021	4.181008	1.583292	0
holistic	he504	171	0	1.242294	0	6	8	0	0	1.242294	0	0.359587	0
conventional	ce509	171	0	39.144598	0	14	7	6.227434	3.906636	17.060977	11.949551	2.356931	0
holistic	he505	172	0	0.763684	0	3	4	0	0	0.763684	0	0.775646	0
holistic	he506	172	0	0	0	0	6	0	0	0	0	5.870784	0
holistic	he507	172	0	2.599160	0	6	4	0	0	2.599160	0	1.316717	0
conventional	ce510	172	0	15.232757	0	14	7	1.458348	1.003913	4.836751	7.933745	0	0
holistic	he508	174	0	1.207426	0	6	8	0	0	1.207426	0	0.295287	0
holistic	he509	174	0	0	0	0	4	0	0	0	0	0	0
holistic	he510	174	0	0	0	0	12	0	0	0	0	5.282217	0
conventional	ce511	175	0	39.612642	0	14	7	2.872523	8.037934	15.712880	12.989305	0.882304	0
holistic	he511	176	0	0.630567	0	6	9	0	0	0.630567	0	0.231699	0
holistic	he512	176	0	0.759660	0	3	4	0	0	0.759660	0	0.840407	0
conventional	ce512	176	0	29.761006	0	14	7	5.101636	8.798706	7.321930	8.538734	0.597351	0
conventional	ce513	177	0	22.551259	0	14	7	2.072976	7.254028	10.126367	3.097888	0	0
holistic	he513	178	0	0.497573	0	3	4	0	0	0.497573	0	0	0
holistic	he514	178	1.486308	1.486308	2	2	7	0	0	0	1.486308	5.304658	0
conventional	ce514	178	0	36.201146	0	14	7	8.493710	5.948847	14.752675	7.005914	0	0
holistic	he515	179	0	0.199418	0	4	6	0	0	0.066158	0.133260	0	0
holistic	he516	179	1.486308	1.486308	2	2	6	0	0	0	1.486308	5.010130	0
holistic	he517	179	0	4.025980	0	6	6	0	0	4.025980	0	1.316717	0
holistic	he518	180	0	8.962596	0	10	6	0	0	8.962596	0	0.909240	0
conventional	ce515	180	0	37.770581	0	14	7	3.983479	6.161477	14.931753	12.693872	0.882304	0
conventional	ce516	181	0	35.301596	0	14	7	3.533781	6.800942	14.643159	10.323714	0.882304	0
holistic	he519	182	0	0.807991	0	3	4	0	0	0.807991	0	0.775646	0
conventional	ce517	182	0	39.365295	0	14	7	8.965969	2.527715	16.593500	11.278111	2.113796	0
conventional	ce518	182	0	41.310143	0	14	7	4.218926	4.467062	23.520127	9.104028	1.017302	0
holistic	he520	183	0	2.281654	0	4	6	0	0	1.149910	1.131744	0	0
holistic	he521	183	0	0.461502	0	4	6	0	0	0.461502	0	0.249263	0
conventional	ce519	183	0	32.680766	0	14	7	4.798667	8.397833	12.667754	6.816512	0	0
holistic	he522	184	0	0	0	0	6	0	0	0	0	3.943216	0
conventional	ce520	185	0	24.269817	0	14	7	3.520014	7.594570	5.908139	7.247094	1.531390	0
conventional	ce521	185	0	31.165200	0	14	7	2.607726	8.722385	13.439513	6.395576	0	0
conventional	ce522	185	0	35.050803	0	14	7	3.062469	2.014823	14.848920	15.124591	0.135986	0
conventional	ce523	185	0	46.814079	0	14	7	2.328571	1.620068	25.102259	17.763181	0.135986	0
holistic	he523	186	0	0	0	0	4	0	0	0	0	1.831800	0
conventional	ce524	186	0	31.493456	0	14	7	4.911355	0.319934	11.599687	14.662480	0.135986	0
conventional	ce525	186	0	37.960583	0	14	7	5.161842	1.684423	15.722769	15.391549	0	0
holistic	he524	187	0	12.192624	0	18	6	0	0	12.192624	0	2.129140	0
holistic	he525	187	0	0	0	0	6	0	0	0	0	0	0
holistic	he526	187	0	2.699120	0	6	4	0	0	2.699120	0	0.590574	0
conventional	ce526	187	0	36.327369	0	14	7	7.721018	2.066291	15.650570	10.889490	2.113796	0
conventional	ce527	187	0	46.435449	0	14	7	12.403165	0.855152	18.881909	14.295223	1.289531	0
holistic	he527	188	0	0	0	0	4	0	0	0	0	1.890596	0
conventional	ce528	188	0	29.430291	0	14	7	3.605449	2.804091	15.343600	7.677151	0.871786	0
conventional	ce529	188	0	37.043267	0	14	7	8.567475	4.235250	13.340045	10.900497	0	0
conventional	ce530	188	0	29.832761	0	14	7	2.233977	6.130833	8.347378	13.120573	1.723045	0
conventional	ce531	189	0	18.839718	0	14	7	1.958865	7.503915	6.062936	3.314002	0	0
conventional	ce532	190	0	26.614585	0	14	7	3.878682	2.180910	7.276765	13.278228	0	0
holistic	he528	191	0	0.404778	0	4	4	0	0	0	0.404778	4.100274	0
conventional	ce533	191	0	15.269927	0	14	7	3.769397	1.159831	3.113641	7.227058	1.289531	0
holistic	he529	192	0	0	0	0	5	0	0	0	0	0	0
conventional	ce534	192	0	14.680791	0	14	7	1.520444	1.291882	5.690330	6.178135	0.026602	0
conventional	ce535	192	0	25.258094	0	14	7	1.600086	3.823882	12.082678	7.751448	0	0
conventional	ce536	194	0	32.723197	0	14	7	1.268469	5.005120	13.633087	12.816521	2.040058	0
holistic	he530	195	0	0	0	0	9	0	0	0	0	1.890354	0
holistic	he531	195	0	0	0	0	4	0	0	0	0	0	0
conventional	ce537	195	0	15.201233	0	14	7	2.843156	1.084838	2.856307	8.416932	1.579309	0
conventional	ce538	196	0	42.223207	0	14	7	11.031222	0.050791	20.320551	10.820643	0.673553	0
holistic	he532	197	0	0	0	0	4	0	0	0	0	0	0
conventional	ce539	197	0	34.977353	0	14	7	8.909112	4.052562	15.561210	6.454469	0	0
conventional	ce540	198	0	41.610945	0	14	7	5.464969	5.079561	16.991443	14.074972	0.882304	0
conventional	ce541	198	0	41.516996	0	14	7	3.865105	2.278891	16.462718	18.910282	0	0
conventional	ce542	198	0	36.931807	0	14	7	3.309084	1.206784	15.120702	17.295237	0	0
conventional	ce543	198	0.850436	23.404807	1	14	7	1.803227	6.542795	9.535141	5.523644	1.749018	0
conventional	ce544	198	0	15.484177	0	14	7	2.504197	1.051721	3.080638	8.847621	1.289531	0
holistic	he533	199	0	0	0	0	2	0	0	0	0	0	0
holistic	he534	199	0	8.087688	0	28	8	0	0	5.693168	2.394520	3.070116	0
holistic	he535	199	0	0.016606	0	2	8	0	0	0.016606	0	0.459283	0
conventional	ce545	199	0	34.984424	0	14	7	6.015852	3.564075	15.878574	9.525923	0	0
conventional	ce546	199	0	34.782594	0	14	7	5.550990	9.420660	14.174387	5.636557	0	0
conventional	ce547	199	0	18.316876	0	14	7	2.025344	0.973164	5.517738	9.800630	0	0
holistic	he536	200	1.486308	1.486308	2	2	6	0	0	0	1.486308	6.017056	0
holistic	he537	200	0	0.199418	0	4	6	0	0	0.066158	0.133260	0	0
conventional	ce548	200	0	40.214376	0	14	7	2.484914	4.362347	19.697952	13.669163	0.135986	0
conventional	ce549	200	0	22.911914	0	14	7	3.851942	0.986591	6.570629	11.502752	0	0
holistic	he538	201	0	2.281654	0	4	6	0	0	1.149910	1.131744	0	0
conventional	ce550	201	0	19.235165	0	14	7	3.649144	2.074414	5.381406	8.130201	0	0
conventional	ce551	201	0	32.037084	0	14	7	4.645811	3.611894	16.835638	6.943741	0.255287	0
conventional	ce552	201	0	43.623578	0	14	7	3.068244	5.984634	20.520633	14.050067	1.622596	0
holistic	he539	202	0	0	0	0	2	0	0	0	0	0	0
holistic	he540	202	0	0	0	0	4	0	0	0	0	0	0
conventional	ce553	202	0.055439	36.781448	1	14	7	4.735232	5.809258	15.400915	10.836043	0.882304	0
holistic	he541	203	0	0	0	0	6	0	0	0	0	3.555990	0
holistic	he542	203	0	0	0	0	3	0	0	0	0	0	0
conventional	ce554	203	0	39.171761	0	14	7	3.466670	3.362649	14.808772	17.533670	0	0
holistic	he543	204	0	0.882178	0	6	8	0	0	0.882178	0	0.295287	0
conventional	ce555	204	0	47.554679	0	14	7	2.806895	9.591672	20.325072	14.831040	0.882304	0
conventional	ce556	205	0	28.158353	0	14	7	3.270860	5.820194	9.794657	9.272642	0.415398	0
holistic	he544	206	0	0	0	0	2	0	0	0	0	0	0
holistic	he545	206	0	0.016606	0	2	8	0	0	0.016606	0	0.459283	0
holistic	he546	206	0	0.473088	0	4	4	0	0	0	0.473088	4.100274	0
holistic	he547	206	0	0	0	0	4	0	0	0	0	0	0
conventional	ce557	206	0	37.279051	0	14	7	4.709430	1.981478	14.724261	15.863882	0.135986	0
conventional	ce558	206	0	28.683922	0	14	7	3.997627	2.556072	7.817103	14.313120	0	0
holistic	he548	207	0	3.256549	0	2	3	0	0	0.904838	2.351711	0	0
holistic	he549	207	0	1.174372	0	5	4	0	0	1.174372	0	0	0
holistic	he550	207	0	0	0	0	4	0	0	0	0	1.906262	0
conventional	ce559	207	0	40.226800	0	14	7	9.650897	1.530303	18.049993	10.995607	2.113796	0
holistic	he551	208	0	0	0	0	0	0	0	0	0	1.316717	0
conventional	ce560	208	0	33.005394	0	14	7	6.030236	2.795243	6.389610	17.790305	0	0
holistic	he552	209	0	2.220014	0	6	10	0	0	2.220014	0	0.295287	0
holistic	he553	209	0	1.374292	0	6	8	0	0	1.374292	0	0	0
conventional	ce561	209	0	36.057100	0	14	7	3.727323	6.711516	14.467666	11.150595	1.091246	0
conventional	ce562	209	0.800087	28.883629	1	14	7	6.489051	0.841558	13.871241	7.681779	2.113796	0
holistic	he554	210	0	0	0	0	3	0	0	0	0	0	0
holistic	he555	210	0	0.009672	0	2	8	0	0	0.009672	0	0.459283	0
holistic	he556	210	0	0.041068	0	4	6	0	0	0.010344	0.030724	0	0
holistic	he557	210	0	0	0	0	9	0	0	0	0	0	0
holistic	he558	210	0	0	0	0	2	0	0	0	0	1.831800	0
conventional	ce563	210	0	34.084249	0	14	7	2.443131	1.824939	11.987235	17.828944	0	0
holistic	he559	211	0	3.454292	0	10	17	0	0	3.454292	0	0	0
holistic	he560	211	0	13.931724	0	28	8	0	0	9.532420	4.399304	2.102632	0
holistic	he561	211	0	0	0	0	9	0	0	0	0	3.073818	0
conventional	ce564	211	0	28.733871	0	14	7	3.755725	2.322450	9.882310	12.773386	0	0
conventional	ce565	211	0	23.358358	0	14	7	3.409064	7.160102	5.592330	7.196862	1.531390	0
conventional	ce566	211	0.055439	36.402912	1	14	7	6.513287	2.241625	20.635200	7.012800	0.882304	0
holistic	he562	212	0	0	0	0	3	0	0	0	0	3.521478	0
holistic	he563	212	0	0	0	0	4	0	0	0	0	0	0
holistic	he564	212	0	3.422952	0	4	8	0	0	3.422952	0	0.814140	0
conventional	ce567	212	0	30.931003	0	14	7	1.521009	0.611452	13.448784	15.349758	1.802664	0
holistic	he565	213	0	0	0	0	6	0	0	0	0	2.564290	0
holistic	he566	213	0	0.733662	0	18	9	0	0	0.133992	0.599670	0	0
conventional	ce568	213	0	21.649286	0	14	7	0.852481	7.247049	11.465552	2.084204	0	0
conventional	ce569	213	0	24.711832	0	14	7	0.615845	5.022214	10.327461	8.746312	1.561091	0
holistic	he567	214	0	2.467052	0	4	6	0	0	1.149910	1.317142	0	0
holistic	he568	214	0	0.085328	0	1	4	0	0	0.085328	0	0.606866	0
holistic	he569	214	0	3.103888	0	6	4	0	0	3.103888	0	1.316717	0
holistic	he570	214	0	2.271534	0	6	8	0	0	2.271534	0	0.295287	0
holistic	he571	214	0	1.296582	0	6	8	0	0	1.296582	0	0.459283	0
holistic	he572	214	0	2.411344	0	4	4	0	0	2.411344	0	0.590574	0
conventional	ce570	214	0	38.843106	0	14	7	2.856113	4.332918	14.629002	17.025073	0.135986	0
conventional	ce571	214	1.162941	30.174523	1	14	7	6.414115	2.090206	6.837362	14.832840	0.135986	0
conventional	ce572	214	0	25.071389	0	14	7	1.422199	6.486167	12.260958	4.902065	1.277667	0
conventional	ce573	214	0	17.609704	0	14	7	4.789527	1.880624	5.518507	5.421046	0	0
conventional	ce574	214	0	22.687965	0	14	7	0.381668	4.955788	7.329200	10.021309	2.142695	0
conventional	ce575	214	0	19.031616	0	14	7	4.188947	1.196680	4.457512	9.188477	0.816688	0
conventional	ce576	214	0.055439	34.802718	1	14	7	5.426993	4.383957	14.107561	10.884207	0.918687	0
holistic	he573	215	0	0	0	0	4	0	0	0	0	1.831800	0
holistic	he574	215	0	0	0	0	3	0	0	0	0	0	0
holistic	he575	215	0	3.106986	0	4	6	0	0	1.030768	2.076218	0	0
conventional	ce577	215	0	22.584184	0	14	7	2.252548	6.761144	8.165604	5.404888	0	0
conventional	ce578	215	0	42.249065	0	14	7	10.261398	3.024531	15.835790	13.127346	2.113796	0
conventional	ce579	215	0	40.768989	0	14	7	3.222098	9.242337	15.968676	12.335878	0.882304	0
conventional	ce580	215	0	31.364569	0	14	7	4.663107	8.781248	10.410198	7.510016	1.531390	0
conventional	ce581	215	0	34.577692	0	14	7	8.102471	1.359150	15.527981	9.588090	0	0
holistic	he576	216	0	1.650398	0	6	8	0	0	1.650398	0	0.295287	0
holistic	he577	216	0	2.101946	0	4	6	0	0	0.970202	1.131744	0	0
holistic	he578	216	0	0.576100	0	3	4	0	0	0.576100	0	0.196835	0
holistic	he579	216	0	0	0	0	2	0	0	0	0	0	0
conventional	ce582	216	0	31.520632	0	14	7	4.196900	6.133929	8.077297	13.112506	0.882304	0
conventional	ce583	216	0	52.135962	0	14	7	3.205155	4.371397	25.486500	19.072910	1.622596	0
conventional	ce584	216	0	20.908283	0	14	7	4.707785	2.269744	6.339452	7.591302	0	0
holistic	he580	217	0	1.197322	0	6	8	0	0	1.197322	0	0	0
holistic	he581	217	0	2.423381	0	5	3	0	0	2.423381	0	1.064570	0
conventional	ce585	217	0	43.620514	0	14	7	11.735019	2.076005	17.772967	12.036523	2.113796	0
conventional	ce586	217	0	37.159554	0	14	7	1.662252	1.825274	16.489774	17.182254	0.135986	0
conventional	ce587	217	0	24.569131	0	14	7	4.256803	1.271186	6.754304	12.286838	0	0
conventional	ce588	217	0	22.495126	0	14	7	3.070395	0.819523	10.060926	8.544282	0	0
conventional	ce589	217	0	13.232867	0	14	7	1.763122	1.660887	2.833402	6.975456	1.552450	0
conventional	ce590	217	0	32.050610	0	14	7	4.113605	2.947190	17.876325	7.113490	4.075827	0
holistic	he582	218	0	0	0	0	6	0	0	0	0	0	0
holistic	he583	218	0	0	0	0	6	0	0	0	0	2.835894	0
holistic	he584	218	0	0	0	0	0	0	0	0	0	0.590574	0
conventional	ce591	218	0	41.688645	0	14	7	3.251897	7.212858	18.075990	13.147900	0.882304	0
conventional	ce592	218	0	36.672851	0	14	7	6.273584	7.788225	15.026626	7.584416	0	0
conventional	ce593	218	0	26.321582	0	14	7	3.054538	7.087643	10.192302	5.987099	0	0
holistic	he585	219	0	0	0	0	6	0	0	0	0	10.395024	0
holistic	he586	219	0	0	0	0	9	0	0	0	0	2.424618	0
conventional	ce594	219	0	21.329360	0	14	7	1.456990	5.759783	8.926055	5.186532	2.492977	0
conventional	ce595	219	0	22.952477	0	14	7	3.432933	6.223305	9.403220	3.893019	1.531390	0
conventional	ce596	219	0	27.614914	0	14	7	6.574168	4.635108	11.963768	4.441870	0	0
holistic	he587	220	0	1.794370	0	6	8	0	0	1.794370	0	0.295287	0
holistic	he588	220	0	0.678101	0	4	7	0	0	0.555803	0.122298	0.606866	0
holistic	he589	220	0	1.082032	0	6	8	0	0	1.082032	0	0.459283	0
holistic	he590	220	0	0	0	0	6	0	0	0	0	0	0
holistic	he591	220	0	0.370992	0	4	5	0	0	0	0.370992	3.170332	0
holistic	he592	220	0	0	0	0	4	0	0	0	0	1.407398	0
holistic	he593	220	0	0	0	0	9	0	0	0	0	1.189929	0
conventional	ce597	220	0	35.618730	0	14	7	6.546450	3.531460	16.495985	9.044835	0	0
conventional	ce598	220	1.961536	41.455819	1	14	7	4.283100	1.964882	15.097682	20.110155	0.135986	0
conventional	ce599	220	0	36.975845	0	14	7	2.206456	1.845770	13.037644	19.885975	0	0
conventional	ce600	220	0.998541	19.896649	1	14	7	3.760546	2.738300	5.850859	7.546944	0	0
conventional	ce601	221	0.556496	25.942662	1	14	7	4.981141	2.092721	12.012047	6.856753	3.529986	0
conventional	ce602	221	0	31.387509	0	14	7	1.230961	3.043341	14.552189	12.561018	0	0
conventional	ce603	221	0	31.275159	0	14	7	2.354956	10.018864	10.278051	8.623288	1.531390	0
conventional	ce604	221	0	43.352806	0	14	7	3.224765	8.768653	17.877110	13.482278	1.349198	0
holistic	he594	222	0	0.854114	0	6	8	0	0	0.854114	0	0.295287	0
holistic	he595	222	0	3.134844	0	6	4	0	0	3.134844	0	1.198020	0
holistic	he596	222	0	0.014250	0	2	3	0	0	0	0.014250	4.100274	0
holistic	he597	222	0	0	0	0	4	0	0	0	0	0	0
holistic	he598	222	0	0	0	0	2	0	0	0	0	0	0
holistic	he599	222	0	3.496894	0	2	3	0	0	0.904838	2.592056	0	0
conventional	ce605	222	0	17.242711	0	14	7	1.764385	5.595606	6.708385	3.174335	0	0
conventional	ce606	222	0	35.849844	0	14	7	5.502767	7.946820	16.279354	6.120903	0	0
holistic	he600	223	0	0.426144	0	12	9	0	0	0.026364	0.399780	0	0
holistic	he601	223	0	0.390844	0	4	4	0	0	0	0.390844	4.100274	0
holistic	he602	223	0	0.041068	0	4	6	0	0	0.010344	0.030724	0	0
holistic	he603	224	0	1.394300	0	6	16	0	0	1.394300	0	0.459283	0
holistic	he604	224	0	0	0	0	4	0	0	0	0	1.831800	0
holistic	he605	224	0	0.720148	0	3	4	0	0	0.720148	0	0.775646	0
conventional	ce607	224	0.055439	41.095642	1	14	7	5.313705	4.382340	18.682184	12.717413	0.882304	0
conventional	ce608	224	0	17.164794	0	14	7	2.272323	1.106308	3.037829	10.748334	1.552450	0
conventional	ce609	224	0	32.599963	0	14	7	1.400639	3.871918	13.009262	14.318144	0.135986	0
holistic	he606	225	0	0	0	0	12	0	0	0	0	5.282217	0
holistic	he607	225	0	0	0	0	4	0	0	0	0	1.665394	0
holistic	he608	225	0	3.290552	0	4	6	0	0	1.030768	2.259784	0	0
conventional	ce610	225	0.603290	31.584586	1	14	7	2.941229	6.089863	16.200566	6.352928	0	0
conventional	ce611	225	0	16.347800	0	14	7	2.984544	1.604444	4.175240	7.583572	1.579309	0
conventional	ce612	225	0	12.385411	0	14	7	1.147414	1.332330	2.970235	6.935432	0.695415	0
conventional	ce613	225	0	46.164149	0	14	7	11.195788	3.042125	17.571633	14.354603	2.113796	0
conventional	ce614	225	0	47.002921	0	14	7	6.243240	5.228383	20.771319	14.759979	0	0
holistic	he609	226	0	0	0	0	2	0	0	0	0	0	0
holistic	he610	226	0	0	0	0	4	0	0	0	0	0	0
holistic	he611	226	0	0.426144	0	12	9	0	0	0.026364	0.399780	0	0
holistic	he612	226	0	0.918294	0	6	9	0	0	0.918294	0	0.536442	0
conventional	ce615	226	0	40.931455	0	14	7	2.769105	2.428519	18.136769	17.597062	0.219760	0
conventional	ce616	226	0.283572	32.713751	1	14	7	4.798667	8.397833	13.316439	6.200812	0	0
holistic	he613	227	0	0	0	0	2	0	0	0	0	1.481095	0
holistic	he614	227	0	0.041802	0	4	6	0	0	0.011078	0.030724	0	0
holistic	he615	227	0	0.217812	0	4	6	0	0	0.066158	0.151654	0	0
holistic	he616	227	0	0	0	0	8	0	0	0	0	0.044338	0
conventional	ce617	227	0	35.695462	0	14	7	7.207532	3.734248	17.015558	7.738124	0	0
conventional	ce618	227	0	22.370326	0	14	7	1.536189	3.678691	12.390079	4.765367	1.583292	0
holistic	he617	228	0	0	0	0	3	0	0	0	0	5.566563	0
holistic	he618	228	0	4.003106	0	4	6	0	0	1.109084	2.894022	0	0
holistic	he619	228	0	1.107932	0	6	8	0	0	1.107932	0	0.459283	0
holistic	he620	228	0	0.244554	0	6	3	0	0	0.044664	0.199890	0	0
holistic	he621	228	0	1.885796	0	4	6	0	0	0.285100	1.600696	0	0
conventional	ce619	228	0	20.649110	0	14	7	2.040050	6.164179	9.042581	3.402300	2.492977	0
holistic	he622	229	0	0	0	0	12	0	0	0	0	4.639833	0
holistic	he623	229	0.893328	0.893328	2	2	7	0	0	0	0.893328	5.304658	0
holistic	he624	229	0	0	0	0	0	0	0	0	0	0.850128	0
holistic	he625	229	0	2.582780	0	2	4	0	0	2.582780	0	0.814140	0
conventional	ce620	229	0	42.013760	0	14	7	4.360318	3.035218	20.885054	13.733170	0.135986	0
conventional	ce621	229	0	54.660150	0	14	7	12.443096	1.803391	22.623454	17.790209	1.185416	0
conventional	ce622	229	0.556496	20.973189	1	14	7	6.862611	0.548610	7.469286	6.092682	3.448473	0
conventional	ce623	229	0	24.928996	0	14	7	2.369879	7.328205	10.980288	4.250624	1.531390	0
conventional	ce624	229	0	43.867985	0	14	7	3.914199	1.819395	17.239957	20.894434	0	0
holistic	he626	230	0	2.727152	0	4	8	0	0	2.727152	0	0.814140	0
conventional	ce625	230	0	53.865187	0	14	7	11.425038	4.376352	23.221064	14.842733	2.113796	0
conventional	ce626	230	0	25.854666	0	14	7	2.992602	2.405708	8.389706	12.066650	0	0
holistic	he627	231	0	0	0	0	4	0	0	0	0	3.555990	0
holistic	he628	231	0	3.403340	0	8	6	0	0	3.403340	0	0	0
conventional	ce627	231	0	22.297439	0	14	7	2.849393	6.891127	9.430184	3.126735	1.842247	0
holistic	he629	232	0	0	0	0	6	0	0	0	0	0	0
holistic	he630	232	0	0	0	0	10	0	0	0	0	3.204850	0
conventional	ce628	233	0	38.729694	0	14	7	3.221398	5.876378	15.886211	13.745707	0.608658	0
holistic	he631	234	0	0.324686	0	2	8	0	0	0.324686	0	1.227983	0
holistic	he632	235	0	2.562782	0	6	4	0	0	2.562782	0	0.590574	0
conventional	ce629	235	0	31.693781	0	14	7	5.641936	2.650166	9.944812	13.456867	0	0
holistic	he633	236	0	0.156944	0	2	4	0	0	0	0.156944	0	0
holistic	he634	236	0	0.364200	0	4	5	0	0	0	0.364200	3.170332	0
holistic	he635	237	0	0.244554	0	6	9	0	0	0.044664	0.199890	0	0
holistic	he636	237	0	0	0	0	9	0	0	0	0	1.189929	0
conventional	ce630	237	0	32.617254	0	14	7	4.984398	2.813839	17.564583	7.254434	0.871786	0
conventional	ce631	237	0	32.798581	0	14	7	3.568989	1.530801	8.360125	19.338666	1.867128	0
holistic	he637	238	0	7.276852	0	4	6	0	0	3.613670	3.663182	0	0
holistic	he638	238	0	0	0	0	0	0	0	0	0	1.777995	0.354722
holistic	he639	238	0	0	0	0	6	0	0	0	0	0	0
conventional	ce632	238	0	23.720679	0	14	7	4.096503	4.089434	8.893573	6.641169	1.579309	0
holistic	he640	239	0	0.213900	0	12	12	0	0	0.013236	0.200664	0	0
conventional	ce633	240	0	24.981069	0	14	7	3.851252	2.535454	12.919427	5.674936	0	0
holistic	he641	241	0	2.841340	0	4	6	0	0	0.275234	2.566106	0	0
holistic	he642	241	0	0	0	0	6	0	0	0	0	3.555990	0
holistic	he643	242	0	0	0	0	0	0	0	0	0	0	0
conventional	ce634	242	0	10.529831	0	14	7	2.621388	0.499467	4.293344	3.115632	1.734103	0
conventional	ce635	242	0.990145	28.568744	1	14	7	6.117768	5.933226	7.612721	8.905029	0	0
holistic	he644	243	0	0	0	0	16	0	0	0	0	0	0
conventional	ce636	243	0	37.253140	0	14	7	2.585172	4.300740	14.550957	15.816271	0.783295	0
conventional	ce637	245	0.556496	30.390213	1	14	7	5.772609	2.770484	15.576860	6.270260	3.647005	0
conventional	ce638	245	0	31.969742	0	14	7	3.269396	4.389487	15.363244	8.947615	0.871786	0
conventional	ce639	245	0	42.850794	0	14	7	4.043438	7.366346	18.445933	12.995077	0.882304	0
conventional	ce640	245	0	33.337379	0	14	7	6.371153	3.541017	14.182113	9.243096	0	0
holistic	he645	246	0	0	0	0	6	0	0	0	0	0	0
holistic	he646	246	0	3.980904	0	4	6	0	0	1.030768	2.950136	0	0
conventional	ce641	246	0	37.757169	0	14	7	6.156437	5.057989	16.051271	10.491472	1.579309	0
conventional	ce642	246	0.185428	41.689469	1	14	7	5.209766	7.744262	15.212225	13.523216	0.882304	0
holistic	he647	247	0	0	0	0	3	0	0	0	0	0	0
holistic	he648	247	0	0	0	0	4	0	0	0	0	0	0
conventional	ce643	247	0	45.338644	0	14	7	10.320501	2.896426	18.865032	13.256685	2.113796	0
conventional	ce644	247	0	25.061154	0	14	7	5.251991	4.267276	6.600512	8.941375	0	0
conventional	ce645	247	0	43.129634	0	14	7	1.943807	5.741977	15.445188	19.998662	0	0
conventional	ce646	248	0	24.108708	0	14	7	2.039231	7.360690	11.106863	3.601924	1.616786	0
conventional	ce647	248	0	40.516784	0	14	7	7.111828	4.040800	10.755547	18.608609	0	0
conventional	ce648	249	0	6.184159	0	14	7	0.864300	0.523909	3.306513	1.489437	1.734103	0
conventional	ce649	249	0	37.055684	0	14	7	5.700023	2.112005	15.519634	13.724022	0.426900	0
conventional	ce650	249	0	20.603595	0	14	7	3.904163	2.069385	5.656825	8.973222	0	0
holistic	he649	250	0	0	0	0	2	0	0	0	0	0	0
holistic	he650	250	0	3.087236	0	4	6	0	0	0.299054	2.788182	0	0
conventional	ce651	250	0	31.781858	0	14	7	6.809603	4.490725	15.891668	4.589862	0	0
holistic	he651	251	0	10.537764	0	8	12	0	0	3.423456	7.114308	0	0
holistic	he652	251	0	0	0	0	6	0	0	0	0	0	0
holistic	he653	251	0	0.574753	0	3	3	0	0	0.452455	0.122298	0.573657	0
conventional	ce652	252	0	17.931119	0	14	7	1.308913	5.560850	4.658691	6.402665	0	0
conventional	ce653	253	0	22.345285	0	14	7	4.308846	1.644209	4.560690	11.831540	1.552450	0
holistic	he654	254	0	1.490534	0	6	8	0	0	1.490534	0	1.334201	0
holistic	he655	255	0	2.962306	0	4	8	0	0	1.623626	1.338680	0	0
holistic	he656	255	0	0	0	0	9	0	0	0	0	0	0
conventional	ce654	255	0	23.337977	0	14	7	4.954264	4.029631	6.354039	8.000043	0	0
conventional	ce655	255	0	50.761886	0	14	7	8.043234	2.773667	21.840573	18.104412	1.185416	0
conventional	ce656	258	0	55.890955	0	14	7	14.147264	3.332235	23.061407	15.350049	2.238250	0
conventional	ce657	258	0	30.516765	0	14	7	6.575680	4.820545	13.866999	5.253541	0	0
holistic	he657	259	0	1.988424	0	12	6	0	0	1.988424	0	0.590574	0
holistic	he658	259	0	0.986037	0	2	4	0	0	0.986037	0	0.814140	0
holistic	he659	259	0	0.369458	0	4	5	0	0	0	0.369458	3.170332	0
conventional	ce658	259	0	36.914625	0	14	7	2.274290	6.335943	17.798030	10.506362	0.882304	0
conventional	ce659	259	0	33.779590	0	14	7	4.895467	3.431561	19.226943	6.225619	0.871786	0
holistic	he660	260	0	4.999563	0	6	4	0	0	4.999563	0	0.885861	0
holistic	he661	260	0	1.710407	0	3	11	0	0	1.710407	0	1.064570	0
conventional	ce660	260	0	37.572401	0	14	7	7.208421	2.113289	20.374820	7.875871	0	0
conventional	ce661	260	0	37.480379	0	14	7	5.258849	6.165524	13.706172	12.349834	0.882304	0
conventional	ce662	260	0.443949	33.041180	1	14	7	5.447592	3.204771	10.579459	13.809358	0	0
holistic	he662	261	0	0	0	0	4	0	0	0	0	0	0
holistic	he663	261	0	0	0	0	9	0	0	0	0	3.073818	0
conventional	ce663	261	0	43.107354	0	14	7	4.647369	2.829458	21.791065	13.839462	0.820698	0
conventional	ce664	261	0	32.829448	0	14	7	6.407448	3.306388	12.973174	10.142438	0	0
holistic	he664	262	0	0.217812	0	4	6	0	0	0.066158	0.151654	0	0
conventional	ce665	262	0	22.555489	0	14	7	2.019299	5.302460	10.903202	4.330528	0.871786	0
conventional	ce666	262	0.831636	25.545603	1	14	7	5.690348	0.280847	6.701514	12.872894	1.769399	0
holistic	he665	263	0	1.666830	0	18	9	0	0	1.267050	0.399780	0	0
holistic	he666	263	0	0	0	0	2	0	0	0	0	0	0
conventional	ce667	263	0	50.071621	0	14	7	14.122907	2.442894	21.593478	11.912342	2.113796	0
conventional	ce668	263	0	14.934966	0	14	7	4.496788	1.358325	3.351364	5.728489	1.999249	0
holistic	he667	264	0	0.364200	0	4	5	0	0	0	0.364200	2.809786	0
holistic	he668	264	0	0	0	0	6	0	0	0	0	3.555990	0
holistic	he669	264	0	0	0	0	4	0	0	0	0	0	0
conventional	ce669	264	0	36.820922	0	14	7	5.557686	2.590845	14.492184	14.180207	0.135986	0
holistic	he670	265	0	0	0	0	6	0	0	0	0	1.831800	0
conventional	ce670	265	0	18.437563	0	14	7	2.383731	1.698139	5.552929	8.802764	1.591427	0
conventional	ce671	265	0	47.764380	0	14	7	11.277076	3.504699	18.575304	14.407301	1.862136	0
holistic	he671	266	0	0.674604	0	18	9	0	0	0.074934	0.599670	0	0
holistic	he672	266	0	0	0	0	8	0	0	0	0	0.044338	0
conventional	ce672	266	0	57.125237	0	14	7	8.326468	4.809211	25.484323	18.505235	2.357175	0
conventional	ce673	266	0	21.834731	0	14	7	2.523212	1.587717	5.072872	12.650930	1.552450	0
holistic	he673	267	0	0	0	0	20	0	0	0	0	4.104432	0
holistic	he674	267	0	1.666830	0	18	9	0	0	1.267050	0.399780	0	0
conventional	ce674	267	0	45.911242	0	14	7	6.280760	4.883721	19.403466	15.343295	0.608658	0
holistic	he675	268	0	3.217710	0	6	12	0	0	3.217710	0	1.554409	0
holistic	he676	268	0	8.710536	0	12	9	0	0	3.480738	5.229798	0	0
holistic	he677	268	0	0	0	0	3	0	0	0	0	0	0
conventional	ce675	268	0	23.602601	0	14	7	3.995780	4.411433	8.068874	7.126514	1.579309	0
holistic	he678	269	0	4.751684	0	8	6	0	0	0.192320	4.559364	0	0
holistic	he679	270	0	0	0	0	2	0	0	0	0	0	0
holistic	he680	270	0	4.236093	0	9	9	0	0	4.236093	0	0	0
holistic	he681	270	0	2.108730	0	3	12	0	0	0	2.108730	0	0
holistic	he682	270	0	0	0	0	3	0	0	0	0	0	0
conventional	ce676	270	0	27.751084	0	14	7	2.821533	8.187285	12.348696	4.393570	1.221142	0
holistic	he683	271	0	0	0	0	6	0	0	0	0	5.333985	0
conventional	ce677	271	0	44.330901	0	14	7	4.908900	4.391825	18.366967	16.663209	0.783295	0
holistic	he684	272	0	0.685476	0	12	9	0	0	0.230514	0.454962	0	0
holistic	he685	272	0	5.564592	0	14	8	0	0	5.564592	0	1.334201	0
conventional	ce678	272	0	37.320476	0	14	7	4.091293	6.143617	14.779998	12.305568	0.608658	0
conventional	ce679	272	0	44.631422	0	14	7	3.673419	6.985553	20.896761	13.075689	0.882304	0
conventional	ce680	272	0	25.416519	0	14	7	4.968774	4.014989	13.695525	2.737231	0	0
holistic	he686	273	0	0.783072	0	18	11	0	0	0.183402	0.599670	0	0
holistic	he687	273	0	0	0	0	12	0	0	0	0	4.639833	0
holistic	he688	274	0	1.974995	0	3	11	0	0	1.974995	0	1.064570	0
holistic	he689	274	0	0	0	0	3	0	0	0	0	0	0
holistic	he690	274	0	3.106986	0	4	6	0	0	1.030768	2.076218	0	0
conventional	ce681	274	0	44.865660	0	14	7	3.355798	8.209053	19.637468	13.663341	0.439469	0
conventional	ce682	274	0	62.485556	0	14	7	10.859393	6.201985	27.030477	18.393701	1.616786	0
conventional	ce683	274	0	45.436094	0	14	7	8.355402	3.720883	20.229786	13.130023	1.185416	0
holistic	he691	275	0	0.156944	0	2	4	0	0	0	0.156944	0	0
holistic	he692	275	0	0	0	0	6	0	0	0	0	0	0
holistic	he693	275	0	0	0	0	6	0	0	0	0	0	0
conventional	ce684	275	0	41.140191	0	14	7	7.083010	6.194057	11.759556	16.103568	0	0
conventional	ce685	275	0	37.414650	0	14	7	2.451546	5.482420	16.309782	13.170902	0.783295	0
conventional	ce686	275	0	36.003340	0	14	7	6.827702	3.583437	16.329225	9.262976	0	0
holistic	he694	276	0	0	0	0	12	0	0	0	0	4.639833	0
holistic	he695	276	2.217658	2.217658	2	2	8	0	0	0	2.217658	2.277646	0
holistic	he696	276	0	0	0	0	9	0	0	0	0	1.189929	0
conventional	ce687	276	0.186382	51.937006	1	14	7	5.826111	5.515635	19.657882	20.937378	0.479041	0
conventional	ce688	276	0	48.801170	0	14	7	4.987769	4.444774	23.078665	16.289962	0	0
holistic	he697	277	0	0	0	0	12	0	0	0	0	4.639833	0
conventional	ce689	277	0	25.787089	0	14	7	2.611191	2.267790	9.186695	11.721413	0	0
conventional	ce690	277	0.556496	35.264727	1	14	7	6.300291	1.916422	18.746643	8.301371	1.555892	0
conventional	ce691	277	0	25.551138	0	14	7	4.118566	4.048073	15.016661	2.367838	0	0
conventional	ce692	277	0	23.965893	0	14	7	2.708307	4.066064	10.747764	6.443758	0.871786	0
conventional	ce693	277	1.134548	29.884940	1	14	7	4.366526	3.970081	7.507246	14.041087	0	0
holistic	he698	278	0	0	0	0	12	0	0	0	0	4.639833	0
holistic	he699	278	0	0	0	0	2	0	0	0	0	0	0
holistic	he700	278	0	0	0	0	4	0	0	0	0	0	0
conventional	ce694	278	0	39.948713	0	14	7	3.149913	6.280650	15.444049	15.074101	0.608658	0
holistic	he701	279	0	0.108368	0	2	3	0	0	0.032541	0.075827	0	0
holistic	he702	279	0	0	0	0	8	0	0	0	0	5.676600	0
holistic	he703	279	0	3.087236	0	4	10	0	0	0.299054	2.788182	0	0
holistic	he704	279	0	0.477138	0	12	9	0	0	0.026364	0.450774	0	0
conventional	ce695	279	0	51.286087	0	14	7	10.978486	4.182690	21.283971	14.840940	2.113796	0
conventional	ce696	279	0.556496	32.508342	1	14	7	5.848736	2.696773	15.467617	8.495216	4.209530	0
conventional	ce697	279	0	24.955445	0	14	7	1.889851	6.719035	11.838078	4.508481	1.437507	0
conventional	ce698	279	0	14.966935	0	14	7	2.256203	1.572851	5.639970	5.497911	0	0
conventional	ce699	279	0	14.547241	0	14	7	1.710357	2.054795	4.273204	6.508885	1.667010	0
conventional	ce700	279	0	35.518426	0	14	7	3.958269	3.855789	19.116510	8.587858	0.913964	0
holistic	he705	280	0	0	0	0	6	0	0	0	0	4.579500	0
holistic	he706	280	0	5.189058	0	9	19	0	0	5.189058	0	3.514257	0
holistic	he707	280	0	0.251384	0	4	6	0	0	0.099730	0.151654	0	0
holistic	he708	280	0	1.666830	0	18	9	0	0	1.267050	0.399780	0	0
holistic	he709	280	0	7.276852	0	4	6	0	0	3.613670	3.663182	0	0
holistic	he710	280	0	6.156564	0	12	9	0	0	0.314346	5.842218	0	0
conventional	ce701	280	0	8.341014	0	14	7	1.095430	0.357301	2.620814	4.267469	0	0
conventional	ce702	280	0	24.720560	0	14	7	3.749008	1.488424	8.545621	10.937507	0.783295	0
conventional	ce703	280	0	38.774359	0	14	7	2.968011	9.150591	21.433886	5.221871	1.227586	0
conventional	ce704	280	0	59.290724	0	14	7	7.850935	5.245109	26.502525	19.692155	2.634157	0
conventional	ce705	280	0	19.665252	0	14	7	2.860979	0.176010	6.740425	9.887838	0	0
conventional	ce706	280	0	30.021413	0	14	7	5.721132	4.934567	9.341876	10.023838	0.553181	0
conventional	ce707	280	0	47.587364	0	14	7	3.355068	3.207449	24.978497	16.046350	0.135986	0
conventional	ce708	281	0	62.580066	0	14	7	13.462050	2.031838	25.259825	21.826353	0.713245	0
conventional	ce709	281	0	38.633077	0	14	7	6.923006	3.678607	18.555193	9.476271	2.113796	0
conventional	ce710	281	0	40.452897	0	14	7	3.599610	3.563338	19.662742	13.627207	0.608658	0
conventional	ce711	281	0	41.944641	0	14	7	1.298737	1.150184	28.007159	11.488561	0.135986	0
conventional	ce712	281	0	38.769785	0	14	7	5.703862	3.451378	15.665260	13.949285	0.135986	0
conventional	ce713	281	0	39.388557	0	14	7	4.310616	6.362519	15.503641	13.211781	0.608658	0
holistic	he711	282	0	0	0	0	1	0	0	0	0	0	0
conventional	ce714	282	0	15.269503	0	14	7	2.192469	1.635507	3.160152	8.281375	0.695415	0
conventional	ce715	282	0	22.269775	0	14	7	3.656828	3.256181	7.657293	7.699473	0	0
conventional	ce716	282	0	7.235364	0	14	7	1.673132	0.713908	3.047936	1.800388	1.734103	0
conventional	ce717	282	0	35.046419	0	14	7	2.397144	5.200860	18.125421	9.322994	0.882304	0
holistic	he712	283	0	0	0	0	9	0	0	0	0	0	0
holistic	he713	283	0	3.290552	0	4	6	0	0	1.030768	2.259784	0	0
holistic	he714	283	0	0	0	0	12	0	0	0	0	2.473002	0
conventional	ce718	283	0	36.193030	0	14	7	6.675782	2.113289	20.374820	7.029139	0	0
conventional	ce719	283	0	51.382180	0	14	7	4.121289	5.155635	23.931727	18.173529	0.137646	0
conventional	ce720	283	0	8.790451	0	14	7	2.269612	0.809505	4.050911	1.660423	1.734103	0
holistic	he715	284	0	0	0	0	6	0	0	0	0	0	0
holistic	he716	284	0	3.514550	0	5	14	0	0	0	3.514550	0	0
holistic	he717	284	0	0	0	0	14	0	0	0	0	3.029562	0
holistic	he718	284	0	0	0	0	12	0	0	0	0	0	0
holistic	he719	284	0.024845	1.949915	1	7	8	0	0	1.949915	0	2.013713	0
holistic	he720	284	0	2.384726	0	4	6	0	0	0.347152	2.037574	0	0
conventional	ce721	284	0	21.161885	0	14	7	6.989353	3.138747	5.033536	6.000249	0	0
conventional	ce722	284	0	54.721144	0	14	7	6.402702	2.151542	31.073755	15.093145	0	0
conventional	ce723	284	0.465619	38.040663	1	14	7	5.324918	2.165259	16.710603	13.839883	0.426900	0
conventional	ce724	284	0	63.530317	0	14	7	6.440864	6.802326	30.453614	19.833513	2.357175	0
holistic	he721	285	0	0.864310	0	6	8	0	0	0.864310	0	0.459283	0
holistic	he722	285	0	0	0	0	6	0	0	0	0	0	0
conventional	ce725	285	0	32.609124	0	14	7	6.218132	0.724823	12.689957	12.976212	0.135986	0
conventional	ce726	285	0.009437	36.631943	1	14	7	5.472484	3.306925	15.354885	12.497649	0.135986	0
conventional	ce727	285	0	30.503656	0	14	7	3.102964	3.621751	11.004020	12.774921	0	0
conventional	ce728	285	0	5.103026	0	14	7	2.095601	0.193250	1.733285	1.080890	1.732308	0
conventional	ce729	285	0	24.997768	0	14	7	3.865238	4.506822	8.966893	7.658815	1.579309	0
holistic	he723	286	0	0	0	0	8	0	0	0	0	0.975334	0
holistic	he724	286	0	2.108730	0	3	12	0	0	0	2.108730	0	0
holistic	he725	286	0	0.265281	0	6	9	0	0	0.065391	0.199890	0	0
holistic	he726	286	0	0	0	0	6	0	0	0	0	3.555990	0
conventional	ce730	286	0	42.828275	0	14	7	7.839384	4.119283	16.989305	13.880303	0.608658	0
conventional	ce731	286	0	39.843126	0	14	7	3.598183	7.851273	20.154228	8.239442	2.113796	0
conventional	ce732	286	0	33.090110	0	14	7	9.645911	3.970090	9.611456	9.862653	1.579309	0
holistic	he727	287	0	0.585606	0	12	6	0	0	0.212136	0.373470	0	0
holistic	he728	287	0	0	0	0	3	0	0	0	0	0	0
holistic	he729	287	0	2.841340	0	4	6	0	0	0.275234	2.566106	0	0
holistic	he730	287	0	0.883131	0	2	4	0	0	0.173049	0.710082	0	0
conventional	ce733	287	0	26.293154	0	14	7	3.606945	4.103910	12.255412	6.326887	2.177628	0
conventional	ce734	287	0	29.348983	0	14	7	4.567806	1.520809	10.669053	12.591315	0	0
conventional	ce735	287	0	9.039545	0	14	7	1.011643	0.473259	3.128721	4.425922	1.579309	0
conventional	ce736	287	0.509191	6.972894	1	14	7	1.042593	0.826919	3.294626	1.808756	1.734103	0
holistic	he731	288	0	0.335694	0	4	5	0	0	0	0.335694	3.558416	0
holistic	he732	288	0	1.905669	0	3	11	0	0	1.905669	0	0.788376	0
holistic	he733	288	0	0	0	0	5	0	0	0	0	0	0
holistic	he734	288	0	1.363358	0	2	4	0	0	0.267149	1.096209	0	0
holistic	he735	288	0	0	0	0	6	0	0	0	0	0	0
holistic	he736	289	0	0	0	0	9	0	0	0	0	3.344811	0
holistic	he737	289	0	0	0	0	6	0	0	0	0	1.648668	0
holistic	he738	289	0	0	0	0	12	0	0	0	0	4.549329	0
conventional	ce737	289	0.590214	32.664463	1	14	7	6.127745	3.258943	15.784174	7.493601	3.257795	0
conventional	ce738	289	0	15.199919	0	14	7	1.887224	2.447969	6.674032	4.190694	1.591427	0
conventional	ce739	289	0	22.130675	0	14	7	2.255540	2.037593	8.491575	9.345967	0	0
conventional	ce740	289	0	7.932712	0	14	7	2.867447	0.386204	3.888934	0.790127	1.732308	0
conventional	ce741	289	0	53.384025	0	14	7	5.002498	4.500767	24.953569	18.927191	0	0
holistic	he739	290	0	2.285951	0	2	4	0	0	0.989406	1.296545	0	0
conventional	ce742	290	0	42.310050	0	14	7	7.592246	4.729265	20.780604	9.207935	0	0
conventional	ce743	290	0	49.676265	0	14	7	7.496650	4.415148	16.813252	20.951215	0	0
conventional	ce744	290	0	45.201798	0	14	7	2.900896	7.360387	21.277688	13.662827	2.552971	0
conventional	ce745	290	0	41.179200	0	14	7	2.499426	1.047378	25.487219	12.145177	0.135986	0
holistic	he740	291	0	11.658588	0	8	14	0	0	3.423456	8.235132	0	0
holistic	he741	291	0	0	0	0	6	0	0	0	0	0	0
holistic	he742	291	0	0	0	0	6	0	0	0	0	3.555990	0
conventional	ce746	291	0	30.243216	0	14	7	4.204656	7.622367	11.970182	6.446011	1.318798	0
conventional	ce747	291	0	60.722105	0	14	7	11.808397	2.000940	24.889494	22.023274	0.713245	0
holistic	he743	292	0.024845	8.133561	1	5	8	0	0	8.133561	0	2.013713	0
holistic	he744	292	0	0	0	0	3	0	0	0	0	0	0
holistic	he745	292	0	0.235416	0	3	4	0	0	0	0.235416	0	0
conventional	ce748	292	0	39.084683	0	14	7	5.443302	6.173644	16.311740	11.155997	0.608658	0
conventional	ce749	292	0	49.216532	0	14	7	6.574765	2.670905	23.819369	16.151493	0	0
conventional	ce750	292	0	14.751712	0	14	7	3.942217	0.410279	4.647555	5.751661	2.007269	0
conventional	ce751	292	0	39.824858	0	14	7	3.273841	2.329042	19.050869	15.171106	0.318316	0
conventional	ce752	292	0.054497	29.469575	1	14	7	4.931265	2.826380	16.728264	4.983666	3.895418	0
holistic	he746	293	0	0	0	0	9	0	0	0	0	0	0
conventional	ce753	293	0	54.682522	0	14	7	5.754879	1.988239	32.353771	14.585633	0	0
conventional	ce754	293	0	43.560118	0	14	7	1.909421	9.548659	23.776650	8.325388	1.646934	0
conventional	ce755	293	0	39.829104	0	14	7	1.415177	1.272938	26.706734	10.434255	0.137587	0
holistic	he747	294	0	0.336359	0	2	4	0	0	0.107415	0.228944	0	0
holistic	he748	294	0	0	0	0	16	0	0	0	0	6.186444	0
holistic	he749	294	0	0	0	0	8	0	0	0	0	0.975334	0
conventional	ce756	294	0	59.164545	0	14	7	9.487661	1.972372	25.219482	22.485030	1.056261	0
conventional	ce757	294	0	19.557272	0	14	7	3.384082	1.208245	6.139185	8.825760	1.851167	0
holistic	he750	295	0	0	0	0	8	0	0	0	0	1.777995	0
holistic	he751	295	0	1.372136	0	4	5	0	0	0	1.372136	4.349156	0
conventional	ce758	295	0.556496	16.875117	1	14	7	4.072251	0.966986	6.715229	5.120651	3.647005	0
holistic	he752	296	0	0	0	0	9	0	0	0	0	0	0
holistic	he753	296	0	0	0	0	6	0	0	0	0	0	0
holistic	he754	296	0	7.356024	0	8	6	0	0	1.779660	5.576364	0	0
holistic	he755	296	0	0	0	0	9	0	0	0	0	0	0
holistic	he756	296	0	0	0	0	12	0	0	0	0	4.639833	0
conventional	ce759	296	0	25.582058	0	14	7	6.415688	0.873993	12.882521	5.409856	0	0
conventional	ce760	296	0	41.263957	0	14	7	6.079835	6.277595	15.754352	13.152175	1.161600	0
conventional	ce761	296	0	17.244993	0	14	7	2.565781	1.375674	5.813569	7.489969	1.591427	0
holistic	he757	297	0	0	0	0	9	0	0	0	0	3.555990	0
holistic	he758	297	0	3.363182	0	3	3	0	0	3.363182	0	0.916328	0
conventional	ce762	297	0	21.622950	0	13	7	1.880332	3.864135	12.793504	3.084979	0	0
conventional	ce763	297	0.443949	19.183726	1	14	7	1.359585	0.379629	9.543089	7.901423	0	0
holistic	he759	298	0	0	0	0	8	0	0	0	0	0.975334	0
holistic	he760	298	0	0	0	0	3	0	0	0	0	2.057818	0
holistic	he761	298	0	0.024784	0	2	6	0	0	0.024784	0	0	0
holistic	he762	298	0	0	0	0	12	0	0	0	0	4.639833	0
conventional	ce764	298	0.509191	40.279937	1	14	7	3.089389	9.062023	15.301150	12.827375	1.734103	0
conventional	ce765	298	0	29.855787	0	14	7	1.658586	0.974588	17.670959	9.551654	0.135986	0
holistic	he763	299	0	2.108730	0	3	16	0	0	0	2.108730	0	0
holistic	he764	299	0	0	0	0	4	0	0	0	0	0	0
holistic	he765	299	0	3.016828	0	4	6	0	0	0.228646	2.788182	0	0
holistic	he766	299	0	0	0	0	8	0	0	0	0	0.637592	0
conventional	ce766	299	0	78.982462	0	14	7	13.459984	3.173225	34.625435	27.723818	1.717328	0
conventional	ce767	299	0.556496	34.983107	1	14	7	5.848978	3.137681	19.676202	6.320246	3.647005	0
conventional	ce768	299	0	57.453893	0	14	7	9.997621	1.275298	28.298951	17.882023	1.038419	0
holistic	he767	300	0	0.156944	0	2	2	0	0	0	0.156944	0	0
holistic	he768	300	0	0	0	0	9	0	0	0	0	0	0
conventional	ce769	300	0	65.777243	0	14	7	12.603961	4.004739	28.543394	20.625149	1.616786	0
conventional	ce770	300	0	50.230461	0	14	7	13.326116	1.962391	17.449810	17.492144	0.713245	0
holistic	he769	301	0	1.405820	0	2	12	0	0	0	1.405820	0	0
holistic	he770	301	0	2.452127	0	3	11	0	0	2.452127	0	1.064570	0
conventional	ce771	301	0.246701	45.180250	1	14	7	5.939203	6.795023	16.449263	15.996761	0.608658	0
holistic	he771	302	0	0.041253	0	6	12	0	0	0.041253	0	0	0
conventional	ce772	302	0	52.075949	0	14	7	9.160468	5.382032	17.130399	20.403050	0	0
holistic	he772	303	0	0	0	0	7	0	0	0	0	0	0
conventional	ce773	303	0	6.296967	0	14	7	0.955188	0.655364	1.583397	3.103018	2.308223	0
conventional	ce774	303	0.622072	38.466474	1	14	7	7.155123	4.038464	17.730347	9.542540	1.367356	0
holistic	he773	304	0	2.680765	0	2	4	0	0	1.384220	1.296545	0	0
holistic	he774	305	0	0.818632	0	3	4	0	0	0.818632	0	2.013713	0
holistic	he775	305	0	1.310132	0	2	12	0	0	0	1.310132	0	0
conventional	ce775	305	0	60.356535	0	14	7	10.893649	2.024769	24.377656	23.060461	0.713245	0
conventional	ce776	305	0	48.465228	0	14	7	7.562702	8.963652	17.574284	14.364590	1.161600	0
conventional	ce777	305	0	29.380539	0	14	7	6.809144	1.036979	15.620188	5.914228	0	0
holistic	he776	306	0.024845	8.133561	1	5	8	0	0	8.133561	0	1.954000	0
holistic	he777	306	0	0	0	0	3	0	0	0	0	0	0
conventional	ce778	306	0.054497	36.991447	1	14	7	7.780158	3.724017	17.940718	7.546554	3.895418	0
conventional	ce779	306	0.246701	47.884102	1	14	7	7.637377	6.240602	16.216305	17.789818	0.608658	0
holistic	he778	307	0	5.934972	0	12	9	0	0	0.299820	5.635152	0	0
conventional	ce780	307	0	51.033167	0	14	7	10.362884	1.841438	21.285081	17.543764	1.080137	0
conventional	ce781	307	0	64.837162	0	14	7	14.608572	2.734433	30.303463	17.190694	2.495380	0
holistic	he779	308	0	2.112603	0	2	4	0	0	0.816058	1.296545	0	0
holistic	he780	308	0	0	0	0	2	0	0	0	0	0	0
conventional	ce782	308	0	29.275422	0	14	7	2.190024	2.385496	11.560042	13.139860	0	0
conventional	ce783	308	0	31.949670	0	14	7	5.307836	4.437938	15.950608	6.253288	2.177628	0
conventional	ce784	308	0	45.435901	0	14	7	4.079236	1.630685	28.797665	10.928315	0.091539	0
holistic	he781	309	0	0	0	0	7	0	0	0	0	0	0
holistic	he782	309	0	0	0	0	9	0	0	0	0	0	0
holistic	he783	309	0	0	0	0	3	0	0	0	0	0	0
conventional	ce785	309	0	14.205889	0	14	7	0.929477	3.466682	7.517510	2.292220	2.062376	0
conventional	ce786	309	0	26.290769	0	14	7	3.901203	2.320799	8.703600	11.365167	0.135986	0
holistic	he784	310	0	0	0	0	6	0	0	0	0	0	0.844389
holistic	he785	310	0	0	0	0	3	0	0	0	0	0	0
conventional	ce787	310	0.509191	8.668558	1	14	7	1.850679	0.989874	3.312275	2.515730	1.882113	0
holistic	he786	311	0	0.156944	0	2	4	0	0	0	0.156944	0	0
conventional	ce788	311	0.622072	46.522158	1	14	7	9.568982	4.592849	21.951379	10.408948	0.739734	0
holistic	he787	312	0	0.006552	0	1	11	0	0	0	0.006552	0	0
conventional	ce789	313	0	28.867220	0	14	7	3.118060	3.410150	14.502988	7.836022	2.177628	0
conventional	ce790	313	0	58.170854	0	14	7	8.310924	5.004935	26.976221	17.878774	2.357175	0
holistic	he788	314	0	0	0	0	6	0	0	0	0	0	0
holistic	he789	314	0	0	0	0	8	0	0	0	0	1.777995	0
holistic	he790	314	0	0	0	0	9	0	0	0	0	0	0
holistic	he791	315	0	2.462728	0	4	6	0	0	0.228646	2.234082	0	0
conventional	ce791	315	0	64.708385	0	14	7	14.763118	3.712768	29.326158	16.906341	0.666645	0
conventional	ce792	315	0.375272	39.234483	1	14	7	6.627084	3.573767	13.615248	15.418384	0	0
conventional	ce793	317	0.186382	46.143592	1	14	7	4.419201	2.306314	19.632450	19.785627	0.294371	0
conventional	ce794	317	0.509191	12.159288	1	14	7	2.221467	2.740024	6.146535	1.051262	1.372383	0
conventional	ce795	319	0	34.879876	0	14	7	3.015492	1.491531	16.621367	13.751486	0	0
conventional	ce796	319	0	39.799455	0	14	7	1.178933	1.828016	27.182083	9.610423	0.137587	0
holistic	he792	320	0	3.514550	0	5	14	0	0	0	3.514550	0	0
holistic	he793	320	0	2.586458	0	4	6	0	0	0.020352	2.566106	0	0
holistic	he794	320	0	0.648504	0	18	9	0	0	0.039546	0.608958	0	0
conventional	ce797	320	0	35.169556	0	14	7	3.439821	11.710359	11.406609	8.612767	0.882304	0
conventional	ce798	320	0	41.497432	0	14	7	4.920797	8.265905	11.509076	16.801654	0	0
conventional	ce799	320	0	16.966919	0	14	7	1.111017	1.089038	7.846494	6.920370	0	0
holistic	he795	321	0	2.108730	0	3	12	0	0	0	2.108730	0	0
holistic	he796	321	0	3.851226	0	12	9	0	0	0.766392	3.084834	0	0
holistic	he797	322	0	0	0	0	12	0	0	0	0	4.639833	0
conventional	ce800	322	0	19.199622	0	14	7	2.320838	1.679400	6.012635	9.186749	1.369098	0
holistic	he798	323	0	0	0	0	12	0	0	0	0	4.639833	0
holistic	he799	324	0	6.471396	0	8	6	0	0	0.895032	5.576364	0	0
holistic	he800	324	0	0	0	0	6	0	0	0	0	3.555990	0
conventional	ce801	324	0	47.057627	0	14	7	3.508502	6.012181	23.741739	13.795205	2.622488	0
conventional	ce802	324	0	27.534949	0	14	7	2.107328	4.439238	14.247893	6.740490	1.616786	0
holistic	he801	325	0	2.301783	0	3	11	0	0	2.301783	0	0.654691	0
conventional	ce803	325	0	49.693454	0	14	7	8.096189	1.615998	23.692087	16.289180	1.308251	0
holistic	he802	326	0	0	0	0	3	0	0	0	0	0	0
holistic	he803	326	0	0	0	0	10	0	0	0	0	3.608694	0
conventional	ce804	326	0.173060	64.141617	1	14	7	12.164571	3.683978	27.196751	21.096317	2.287890	0
conventional	ce805	326	0	53.068158	0	14	7	7.592151	4.255257	25.406898	15.813852	2.885082	0
holistic	he804	327	0	0	0	0	4	0	0	0	0	0	0
conventional	ce806	327	0	33.884156	0	14	7	5.688335	0.557641	18.934650	8.703530	0	0
conventional	ce807	327	0	18.163885	0	14	7	1.775577	1.229923	5.912072	9.246313	1.369098	0
conventional	ce808	327	0	29.392278	0	14	7	5.671443	0.985286	11.156114	11.579435	0	0
holistic	he805	328	0	0	0	0	6	0	0	0	0	3.555990	0
holistic	he806	328	0	0	0	0	12	0	0	0	0	4.639833	0
holistic	he807	329	0	0	0	0	6	0	0	0	0	0	0.844389
holistic	he808	330	0	3.180700	0	4	6	0	0	0.228646	2.952054	0	0
holistic	he809	330	0	0.866319	0	2	4	0	0	0.156237	0.710082	0	0
holistic	he810	330	0	0	0	0	12	0	0	0	0	2.473002	0
holistic	he811	331	0	0	0	0	10	0	0	0	0	0.222580	0
conventional	ce809	331	0	52.818909	0	14	7	5.707208	5.462468	24.056536	17.592697	0	0
holistic	he812	332	0.024845	8.643057	1	5	8	0	0	8.643057	0	2.013713	0
holistic	he813	332	0	0	0	0	5	0	0	0	0	1.804347	0
conventional	ce810	332	0	31.581759	0	14	7	2.074284	6.176304	10.750412	12.580759	0	0
conventional	ce811	332	0	47.221120	0	14	7	9.258310	6.794521	16.269641	14.898648	1.161600	0
holistic	he814	333	0	0.404514	0	2	4	0	0	0.182889	0.221625	0	0
holistic	he815	333	0	0	0	0	3	0	0	0	0	0	0
holistic	he816	334	0	2.896914	0	4	6	0	0	0.330808	2.566106	0	0
holistic	he817	334	0	1.405820	0	2	12	0	0	0	1.405820	0	0
holistic	he818	334	0	0	0	0	5	0	0	0	0	0	0
conventional	ce812	334	0	48.685309	0	14	7	8.017343	3.633478	17.694704	19.339784	0	0
conventional	ce813	334	0	79.778682	0	14	7	16.855202	3.820322	34.776158	24.327000	1.717328	0
holistic	he819	335	0	0	0	0	3	0	0	0	0	0	0.852376
holistic	he820	335	0	2.108730	0	3	16	0	0	0	2.108730	0	0
conventional	ce814	335	0	7.046194	0	14	7	2.554994	0.182029	2.757102	1.552069	1.732308	0
conventional	ce815	335	1.052831	56.015174	1	14	7	8.752982	6.134861	18.279289	22.848042	0	0
holistic	he821	336	0	1.363358	0	2	4	0	0	0.267149	1.096209	0	0
conventional	ce816	336	0	64.235714	0	14	7	12.083758	3.897977	25.110676	23.143303	2.177628	0
conventional	ce817	336	0	38.000686	0	14	7	4.900020	4.759353	17.976838	10.364475	0	0
holistic	he822	337	0	0	0	0	3	0	0	0	0	0	0
holistic	he823	337	0	0.143822	0	4	6	0	0	0.020936	0.122886	0	0
holistic	he824	337	0	0	0	0	12	0	0	0	0	0	0
conventional	ce818	337	0	38.392002	0	14	7	2.616008	8.713926	13.553002	13.509066	1.308439	0
conventional	ce819	337	0.373704	65.461107	1	14	7	14.637409	1.107727	25.610288	24.105683	0.814955	0
conventional	ce820	337	0	40.522250	0	14	7	7.322746	4.982056	15.048227	13.169221	1.161600	0
holistic	he825	338	0	1.405820	0	2	12	0	0	0	1.405820	0	0
holistic	he826	338	0	0	0	0	4	0	0	0	0	0	0
holistic	he827	338	0	0	0	0	3	0	0	0	0	0.168871	0
holistic	he828	338	0	0	0	0	4	0	0	0	0	2.974843	0
conventional	ce821	338	0	28.977797	0	14	7	2.177538	5.516236	9.556358	11.727665	0	0
holistic	he829	339	0	3.148920	0	4	6	0	0	0.582814	2.566106	0	0
holistic	he830	339	0	0	0	0	4	0	0	0	0	0	0
holistic	he831	339	0	0	0	0	10	0	0	0	0	0.222580	0
holistic	he832	339	0	4.168956	0	12	9	0	0	0.541602	3.627354	0	0
holistic	he833	339	0	0	0	0	15	0	0	0	0	5.413041	0
holistic	he834	340	0.284335	8.754579	1	5	9	0	0	8.754579	0	2.266016	0
holistic	he835	340	0	0	0	0	8	0	0	0	0	0	0.844389
conventional	ce822	340	0	51.012556	0	14	7	7.843327	7.619356	18.791295	16.758578	1.161600	0
holistic	he836	341	0	2.108730	0	3	12	0	0	0	2.108730	0	0
conventional	ce823	341	0	63.895023	0	14	7	12.767870	1.117447	25.918565	24.091141	0.464450	0
conventional	ce824	341	0.375272	43.372433	1	14	7	7.703551	5.320597	9.823817	20.524468	0	0
conventional	ce825	341	0.622072	39.263290	1	14	7	5.769335	4.034104	20.066586	9.393265	1.367356	0
holistic	he837	342	0	2.726716	0	4	4	0	0	0.534298	2.192418	0.305736	0
conventional	ce826	342	0	39.457411	0	14	7	6.228072	4.543203	15.957417	12.728719	0.608658	0
holistic	he838	343	0	2.882204	0	4	6	0	0	0.021226	2.860978	0	0
holistic	he839	343	0	0	0	0	6	0	0	0	0	0	0.844389
holistic	he840	343	0	0	0	0	6	0	0	0	0	3.555990	0
conventional	ce827	343	0	47.353690	0	14	7	4.532397	1.309802	29.957609	11.553882	0.387658	0
holistic	he841	344	0	0	0	0	10	0	0	0	0	3.608694	0
holistic	he842	344	0	0	0	0	6	0	0	0	0	0	0.844389
holistic	he843	344	0	0	0	0	3	0	0	0	0	0	0
holistic	he844	344	0	0	0	0	6	0	0	0	0	0	0
conventional	ce828	344	0.236400	52.417667	1	14	7	10.206185	8.055527	19.723873	14.432082	0.608658	0
conventional	ce829	344	0	29.353454	0	14	7	4.109841	3.935740	14.390874	6.916999	2.177628	0
conventional	ce830	344	0	6.029991	0	14	7	2.017221	0.548881	2.640269	0.823620	0.632012	0
holistic	he845	345	0	0.503320	0	2	4	0	0	0.181604	0.321716	0	0
conventional	ce831	345	0	18.886769	0	14	7	3.107246	2.636033	7.499721	5.643769	0	0
conventional	ce832	345	0	42.707504	0	14	7	3.206909	7.024834	19.676285	12.799476	2.552971	0
conventional	ce833	345	0	27.900737	0	14	7	6.676319	1.910690	14.006783	5.306945	1.161600	0
holistic	he846	346	0	0	0	0	12	0	0	0	0	4.639833	0
holistic	he847	346	0	0	0	0	9	0	0	0	0	0	0
conventional	ce834	346	0	23.476582	0	14	7	3.562569	0.979367	6.689273	12.245373	0.713245	0
holistic	he848	347	0	0	0	0	3	0	0	0	0	0	0
holistic	he849	347	0	0	0	0	3	0	0	0	0	0	0
holistic	he850	347	0	0.664818	0	6	6	0	0	0	0.664818	3.244516	0
conventional	ce835	347	0	66.397594	0	14	7	12.913967	4.068706	28.713219	20.701702	1.616786	0
conventional	ce836	347	0.509191	17.787082	1	14	7	1.852910	3.551079	5.463461	6.919632	1.624353	0
conventional	ce837	347	0	67.328150	0	14	7	12.977916	2.127819	25.319406	26.903009	0.944143	0
conventional	ce838	347	0.173060	61.440381	1	14	7	8.399837	5.826173	27.029097	20.185274	2.287890	0
holistic	he851	348	0	0	0	0	6	0	0	0	0	0	0
holistic	he852	348	0	0	0	0	3	0	0	0	0	0	0
holistic	he853	348	0	0.505950	0	12	11	0	0	0.095844	0.410106	0	0
holistic	he854	348	0.525514	8.747788	1	19	13	0	0	2.310228	6.437560	0	0
holistic	he855	348	0	0	0	0	14	0	0	0	0	0	0
conventional	ce839	348	0	49.019714	0	14	7	4.218525	7.025406	22.587398	15.188385	1.161600	0
holistic	he856	349	0	0	0	0	3	0	0	0	0	0	0
holistic	he857	349	0	0	0	0	10	0	0	0	0	5.560432	0
holistic	he858	349	0	0	0	0	3	0	0	0	0	0	0
conventional	ce840	349	0.054497	28.545310	1	14	7	4.380231	2.217624	17.126097	4.821358	3.895418	0
conventional	ce841	349	0	40.582333	0	14	7	1.953979	1.016359	26.190543	11.421452	0.137587	0
conventional	ce842	349	0	49.830582	0	14	7	11.175333	0.368699	21.613250	16.673300	0	0
holistic	he859	350	0	0	0	0	9	0	0	0	0	0	0
holistic	he860	350	0	3.488018	0	4	4	0	0	0.990686	2.497332	1.592252	0
conventional	ce843	350	0	34.968455	0	14	7	3.189115	8.101816	12.164768	11.512756	0.713245	0
conventional	ce844	350	0	26.638525	0	14	7	5.068358	3.671585	13.262576	4.636006	2.177628	0
holistic	he861	351	0	1.172762	0	2	4	0	0	0.076553	1.096209	0.276042	0
holistic	he862	351	0	0.939500	0	2	4	0.156237	0	0.783263	0	0	0
conventional	ce845	351	0	70.629070	0	14	7	9.928839	3.619171	36.318029	20.763031	2.357175	0
conventional	ce846	351	0	48.346140	0	14	7	3.881282	10.027366	18.853064	15.584428	1.308439	0
conventional	ce847	351	0	54.640160	0	14	7	9.264156	0.873702	25.133074	19.369228	1.202122	0
conventional	ce848	351	0	18.900948	0	14	7	0.502655	1.432356	8.336925	8.629012	0.412794	0
conventional	ce849	351	0	19.107564	0	14	7	1.265953	2.826443	5.259860	9.755308	1.369098	0
holistic	he863	352	0	0.836490	0	5	14	0	0	0	0.836490	0	0
holistic	he864	352	0	0	0	0	12	0	0	0	0	0	0
holistic	he865	352	0	5.587612	0	8	6	0	0	0.423486	5.164126	0	0
conventional	ce850	352	0	81.546712	0	14	7	13.434844	3.259329	35.555595	29.296944	2.048459	0
conventional	ce851	352	0	31.475268	0	14	7	5.238062	5.000725	14.994131	6.242350	1.534651	0
conventional	ce852	352	0	36.995889	0	14	7	7.475408	0.163600	20.484343	8.872538	0	0
conventional	ce853	352	0	39.428916	0	14	7	2.129420	13.020301	13.067446	11.211749	1.202122	0
holistic	he866	353	0	0	0	0	3	0	0	0	0	0	0
conventional	ce854	353	0	49.915286	0	14	7	4.324640	5.323978	25.638624	14.628044	0.622093	0
conventional	ce855	353	0	55.009515	0	14	7	7.010726	4.027968	25.616007	18.354814	2.126162	0
conventional	ce856	353	0	48.571330	0	14	7	6.629638	5.990341	21.617225	14.334126	1.874997	0
conventional	ce857	353	0	18.288476	0	14	7	1.147165	1.896195	5.803182	9.441934	1.369098	0
holistic	he867	354	0	1.748845	0	3	6	0	0	1.141111	0.607734	0	0
holistic	he868	354	0	0	0	0	3	0	0	0	0	0	0
holistic	he869	354	0	0	0	0	6	0	0	0	0	0	0
conventional	ce858	354	0	51.416119	0	14	7	6.389247	10.344181	16.195177	18.487514	1.984918	0
holistic	he870	356	0	0	0	0	8	0	0	0	0	0.222580	0
holistic	he871	356	0	0.505950	0	12	11	0	0	0.095844	0.410106	0	0
holistic	he872	356	0	0	0	0	12	0	0	0	0	4.639833	0
holistic	he873	356	0	0	0	0	0	0	0	0	0	0	0
holistic	he874	356	0	0.669192	0	4	15	0	0	0	0.669192	0	0
holistic	he875	356	0	0	0	0	12	0	0	0	0	4.639833	0
conventional	ce859	356	0	44.162621	0	14	7	7.720127	3.709225	16.915586	15.817683	1.766297	0
conventional	ce860	356	0	21.561760	0	14	7	1.311846	1.927109	8.331914	9.990891	0.412794	0
conventional	ce861	356	0	30.416849	0	14	7	7.949194	1.759487	15.166957	5.541211	0	0
conventional	ce862	356	0.321980	8.456780	1	14	7	1.964891	1.440696	3.753921	1.297272	1.882113	0
holistic	he876	357	0	0	0	0	8	0	0	0	0	0	0.844389
holistic	he877	357	0	0	0	0	9	0	0	0	0	0	0
conventional	ce863	357	0.509191	11.883701	1	14	7	3.471526	0.853768	4.298202	3.260205	1.631538	0
conventional	ce864	357	0	54.950740	0	14	7	11.838761	2.892827	21.735845	18.483307	2.177628	0
conventional	ce865	357	0	6.455895	0	14	7	0.339286	0.943789	2.311688	2.861132	0.632012	0
holistic	he878	358	0	10.921675	0	5	14	0	0	0	10.921675	0	0
holistic	he879	358	0	0	0	0	7	0	0	0	0	0	0
holistic	he880	359	0	0	0	0	3	0	0	0	0	0	0
conventional	ce866	359	0	16.625979	0	14	7	2.299750	0.514214	4.193683	9.618332	1.771732	0
conventional	ce867	359	0.135708	47.964650	1	14	7	3.742679	9.066044	21.006555	14.149372	0.608658	0
holistic	he881	360	0	0.660467	0	1	3	0	0	0.660467	0	0	0
holistic	he882	360	0	1.622452	0	4	11	0	0	0	1.622452	0	0
holistic	he883	360	0	0	0	0	10	0	0	0	0	1.069402	0
holistic	he884	360	0	0	0	0	8	0	0	0	0	0	0
holistic	he885	360	0	0	0	0	14	0	0	0	0	1.546611	0
holistic	he886	360	0.024845	8.576211	1	3	8	0	0	8.576211	0	2.013713	0
holistic	he887	360	0	0	0	0	4	0	0	0	0	0	0
holistic	he888	360	0	0	0	0	12	0	0	0	0	4.535280	0
holistic	he889	360	0	3.024820	0	4	4	0	0	0.832402	2.192418	0.305736	0
holistic	he890	360	0	0.340022	0	2	4	0	0	0.118397	0.221625	0	0
holistic	he891	360	0	6.701274	0	12	9	0	0	1.760046	4.941228	0	0
holistic	he892	360	0	0	0	0	4	0	0	0	0	0	0
holistic	he893	360	0	0.866319	0	2	4	0	0	0.156237	0.710082	0	0
holistic	he894	360	0	0	0	0	6	0	0	0	0	3.555990	0
holistic	he895	360	0	0	0	0	3	0	0	0	0	0	0
holistic	he896	360	0	5.776839	0	18	6	0	0	1.149588	4.627251	0	1.364046
holistic	he897	360	0	5.813193	0	6	9	0	0	0.042810	5.770383	0	0
holistic	he898	360	0	0	0	0	6	0	0	0	0	0	0
holistic	he899	360	0	0	0	0	3	0	0	0	0	0	0
holistic	he900	360	0	0	0	0	3	0	0	0	0	0	0.844389
holistic	he901	360	0.525514	9.875533	1	28	13	0	0	2.994237	6.881296	0	0
holistic	he902	360	0	1.193618	0	2	12	0	0	0	1.193618	0	0
conventional	ce868	360	0.765052	48.855229	1	14	7	7.197861	6.532265	17.976678	17.148425	1.161600	0
conventional	ce869	360	0.140646	52.737329	1	14	7	10.935681	7.090021	17.583992	17.127635	0.004859	0
conventional	ce870	360	0	72.081728	0	14	7	6.842344	6.096441	35.490151	23.652792	2.357175	0
conventional	ce871	360	0	32.999600	0	14	7	5.815750	2.706287	12.225840	12.251723	0	0
conventional	ce872	360	0.178160	59.548777	1	14	7	8.711199	7.010881	17.249956	26.576741	0	0
conventional	ce873	360	0.375272	6.394126	1	14	7	1.973560	0.547862	2.590030	1.282674	0	0
conventional	ce874	360	0	56.006635	0	14	7	9.368462	5.630554	22.626431	18.381188	2.287890	0
conventional	ce875	360	0	4.471941	0	14	7	1.314682	0.286407	1.464389	1.406463	0.263751	0
conventional	ce876	360	0	5.442797	0	14	7	1.443887	0.166340	1.450519	2.382051	2.707315	0
conventional	ce877	360	0	41.306037	0	14	7	5.752205	1.586087	22.093498	11.874247	0.709326	0
conventional	ce878	360	0	40.222271	0	14	7	5.693359	2.135525	16.633251	15.760136	0	0
conventional	ce879	360	0	20.999125	0	14	7	2.807113	1.183873	4.402614	12.605525	1.259211	0
conventional	ce880	360	0.375272	49.702198	1	14	7	10.776867	5.859230	8.200038	24.866063	0	0
conventional	ce881	360	0	21.253893	0	14	7	2.864847	1.953061	7.745188	8.690797	0.274914	0
conventional	ce882	360	0	48.742362	0	14	7	9.218803	6.945527	17.999241	14.578791	1.161600	0
conventional	ce883	360	0	20.039108	0	14	7	0.821687	3.197183	8.647504	7.372734	0	0
conventional	ce884	360	0	23.467662	0	14	7	4.889069	3.533165	8.824184	6.221244	0	0
conventional	ce885	360	0	35.164828	0	14	7	3.670627	1.766328	16.125256	13.602617	0	0
conventional	ce886	360	0	50.135474	0	14	7	9.124239	3.171672	20.235217	17.604346	1.080137	0
conventional	ce887	360	0	55.261116	0	14	7	10.198360	5.538760	26.054741	13.469255	1.831902	0
conventional	ce888	360	0	22.323872	0	14	7	3.745812	1.785408	6.923424	9.869228	0.713245	0
conventional	ce889	360	0	50.335509	0	14	7	7.636577	4.371416	24.529527	13.797989	2.885082	0
holistic	he903	361	0	0	0	0	3	0	0	0	0	0	0
conventional	ce890	361	0	34.741628	0	14	7	5.413823	2.071089	18.683465	8.573251	0	0
conventional	ce891	361	0	41.608447	0	14	7	2.766063	1.343481	25.822836	11.676067	0	0
conventional	ce892	361	0.622072	44.810292	1	14	7	8.879348	3.386303	21.143480	11.401161	1.367356	0
holistic	he904	362	0	0	0	0	2	0	0	0	0	0	0
holistic	he905	362	0	2.260851	0	12	9	0	0	0.695331	1.565520	0	0
holistic	he906	363	0	1.146676	0	2	16	0	0	0	1.146676	0	0
conventional	ce893	363	0	16.380896	0	14	7	0.833329	1.127097	8.134122	6.286348	0	0
conventional	ce894	363	0	47.030690	0	14	7	9.384630	6.647835	15.891862	15.106363	0.818036	0
conventional	ce895	363	0	28.822249	0	14	7	4.281779	3.824489	13.786387	6.929594	2.177628	0
conventional	ce896	363	0.173060	61.003043	1	14	7	11.022446	3.820989	26.128220	20.031388	1.802358	0
holistic	he907	364	0	0	0	0	6	0	0	0	0	0	0.480196
holistic	he908	364	0	3.691046	0	2	8	0	0	3.691046	0	0.422211	0
holistic	he909	364	0	0	0	0	4	0	0	0	0	0	0
holistic	he910	364	0	0.404514	0	2	4	0	0	0.182889	0.221625	0	0
holistic	he911	364	0	0	0	0	3	0	0	0	0	0	0.844389
holistic	he912	364	0	0	0	0	2	0	0	0	0	0	0
holistic	he913	364	0	0	0	0	12	0	0	0	0	4.639833	0
conventional	ce897	364	0	31.625606	0	14	7	1.896582	5.929647	12.512692	11.286685	0	0
holistic	he914	365	0	0	0	0	6	0	0	0	0	0	2.214960
conventional	ce898	365	0	61.532430	0	14	7	7.463579	5.272275	29.756271	19.040305	1.889060	0
conventional	ce899	365	0.186382	47.792340	1	14	7	3.888808	2.778503	21.722688	19.402341	0.294371	0
conventional	ce900	365	0	17.353391	0	14	7	0.647185	1.881060	8.278773	6.546373	1.489649	0
conventional	ce901	365	0	52.729076	0	14	7	9.120790	7.615230	21.253780	14.739276	1.161600	0
conventional	ce902	365	0.375272	51.480461	1	14	7	10.820001	5.807846	9.047194	25.805420	1.780904	0
holistic	he915	366	0	3.467112	0	12	9	0	0	1.901592	1.565520	0	0
holistic	he916	367	0	0	0	0	5	0	0	0	0	0.067971	0
conventional	ce903	367	0	19.730802	0	14	7	2.505559	2.347159	8.320005	6.558079	0	0
holistic	he917	368	0	0.435218	0	2	4	0	0	0.215120	0.220098	0	0
holistic	he918	368	0	3.581148	0	12	11	0	0	0.555390	3.025758	0	0
holistic	he919	368	0	0	0	0	12	0	0	0	0	4.639833	0
holistic	he920	368	0	0	0	0	8	0	0	0	0	0.807846	0
conventional	ce904	368	0	21.696858	0	14	7	3.145552	2.609690	9.093661	6.847955	0	0
holistic	he921	369	0	0	0	0	3	0	0	0	0	0	0
holistic	he922	369	0	0	0	0	3	0	0	0	0	0	0
holistic	he923	369	0	1.992847	0	2	8	0	0	0.870317	1.122530	1.089702	0
holistic	he924	369	0	0	0	0	4	0	0	0	0	0	0
conventional	ce905	369	0.375272	35.734373	1	14	7	6.445814	4.931533	9.556053	14.800973	0	0
conventional	ce906	369	0	37.078079	0	14	7	2.629439	13.705410	12.880772	7.862458	1.202122	0
holistic	he925	370	0	0	0	0	6	0	0	0	0	0	0.844389
holistic	he926	370	0	0	0	0	10	0	0	0	0	0.042462	0
holistic	he927	371	0	5.049970	0	4	12	0	0	0.989536	4.060434	0.086902	0
holistic	he928	371	0	0	0	0	3	0	0	0	0	0	0
holistic	he929	371	0	0	0	0	4	0	0	0	0	0.477791	0
conventional	ce907	371	0	60.368427	0	14	7	10.485771	6.809840	21.769533	21.303283	2.287890	0
conventional	ce908	372	0	24.341485	0	14	7	3.951847	2.988049	10.745365	6.656224	2.177628	0
holistic	he930	373	0	0	0	0	3	0	0	0	0	0	0
conventional	ce909	373	0	20.648926	0	14	7	3.714940	1.950234	6.639352	8.344400	0.301522	0
holistic	he931	374	0	0	0	0	4	0	0	0	0	0	0
holistic	he932	375	0	1.193618	0	2	13	0	0	0	1.193618	0	0
holistic	he933	375	0	0	0	0	10	0	0	0	0	1.069402	0
conventional	ce910	375	0	38.370616	0	14	7	8.016219	3.519217	14.958071	11.877109	1.993503	0
conventional	ce911	375	0	18.427750	0	14	7	3.932784	2.711437	7.247564	4.535965	0.187221	0
conventional	ce912	376	0	20.196773	0	14	7	1.740694	1.437909	5.381621	11.636549	1.028078	0
holistic	he934	377	0	0	0	0	6	0	0	0	0	0	1.688778
conventional	ce913	377	0	55.336972	0	14	7	8.487365	4.380686	24.721764	17.747157	2.655673	0
conventional	ce914	377	1.052831	38.398974	1	14	7	15.573946	3.768387	11.921033	7.135608	0	0
conventional	ce915	377	0.574891	48.077465	1	14	7	3.230045	13.522435	18.521808	12.803177	1.202122	0
holistic	he935	378	0	0	0	0	4	0	0	0	0	0	0
holistic	he936	379	0	0	0	0	3	0	0	0	0	0	0
conventional	ce916	379	0	56.865894	0	14	7	14.570681	2.877031	22.720146	16.698036	0	0
conventional	ce917	379	0	57.253136	0	14	7	9.004272	4.811726	13.736068	29.701070	0	0
conventional	ce918	380	0	48.343154	0	14	7	9.460122	5.509121	17.975325	15.398586	1.161600	0
conventional	ce919	380	0	18.349046	0	14	7	3.192425	1.526221	7.856229	5.774171	1.646228	0
holistic	he937	381	0	0.851088	0	2	12	0	0	0	0.851088	0	0
holistic	he938	382	0	0	0	0	10	0	0	0	0	0.657464	0
conventional	ce920	382	0	49.639911	0	14	7	6.629638	6.115762	20.635463	16.259048	0	0
conventional	ce921	382	0	30.108609	0	14	7	2.024165	5.498321	10.382902	12.203221	1.248519	0
holistic	he939	383	0.024845	8.576211	1	3	8	0	0	8.576211	0	2.013713	0
holistic	he940	383	0	2.879302	0	2	10	0	0	2.879302	0	0	0
conventional	ce922	383	0	31.781061	0	14	7	5.045210	0.675041	17.336486	8.724324	0	0
conventional	ce923	383	0	54.159566	0	14	7	14.835737	1.396798	27.029840	10.897191	0	0
conventional	ce924	383	0	48.553056	0	14	7	6.465956	5.814766	22.293703	13.978631	1.821218	0
holistic	he941	385	0	0	0	0	4	0	0	0	0	0	0
holistic	he942	385	0	0	0	0	3	0	0	0	0	0	0
holistic	he943	385	0	0	0	0	12	0	0	0	0	0.239756	0
conventional	ce925	386	0	20.842757	0	14	7	2.499392	1.664119	6.098883	10.580363	1.259211	0
conventional	ce926	386	0	4.066852	0	14	7	0.738369	0.371490	1.777412	1.179581	2.707315	0
conventional	ce927	387	0	35.852533	0	14	7	5.474790	2.078350	19.692672	8.606721	0	0
conventional	ce928	387	0	24.570366	0	14	7	3.767737	1.226282	8.750172	10.826175	0.713245	0
conventional	ce929	387	0	65.113113	0	14	7	7.393965	7.335562	32.058237	18.325349	1.784916	0
holistic	he944	389	0	15.592746	0	12	9	0	0	4.574676	11.018070	0	0
holistic	he945	389	0	0	0	0	3	0	0	0	0	0	0
holistic	he946	389	0	0.438154	0	2	4	0	0	0.182889	0.255265	0	0
holistic	he947	390	0	0.648890	0	2	7	0	0	0.095831	0.553059	0	0
conventional	ce930	390	0	5.600055	0	14	7	1.316126	0.365376	1.954683	1.963870	2.707315	0
holistic	he948	391	0	7.990628	0	4	11	0	0	0	7.990628	0	0
holistic	he949	392	0	0	0	0	3	0	0	0	0	0	0
conventional	ce931	392	0	7.724965	0	14	7	1.892135	0.379299	2.186839	3.266692	2.707315	0
conventional	ce932	392	0	56.657341	0	14	7	13.666328	2.873581	21.582621	18.534811	0	0
holistic	he950	393	0	0	0	0	2	0	0	0	0	0	0
holistic	he951	393	0	0	0	0	15	0	0	0	0	0.063693	0
holistic	he952	393	0	0	0	0	4	0	0	0	0	0	0
holistic	he953	394	0	3.024820	0	4	4	0	0	0.832402	2.192418	0.305736	0
holistic	he954	394	0	0	0	0	3	0	0	0	0	0	0
conventional	ce933	394	0	23.476144	0	14	7	3.524513	2.715701	8.833398	8.402532	0.301522	0
holistic	he955	395	0	0	0	0	2	0	0	0	0	0	0
conventional	ce934	395	1.377150	48.854688	1	14	7	6.213888	6.454573	17.977077	18.209150	0.861146	0
holistic	he956	397	0	0	0	0	3	0	0	0	0	0	0.844389
holistic	he957	397	0	0	0	0	21	0	0	0	0	0	0
holistic	he958	398	0	0	0	0	2	0	0	0	0	0	0
holistic	he959	398	0	18.079200	0	12	9	0	0	4.748388	13.330812	0	0
holistic	he960	398	0	4.203462	0	12	6	0	0	0	4.203462	3.244516	0
holistic	he961	398	0	0.386158	0	1	4	0	0	0.386158	0	0	0
holistic	he962	398	0	0	0	0	12	0	0	0	0	1.113510	0
conventional	ce935	398	0	56.598193	0	14	7	5.670635	4.798406	32.478987	13.650165	1.784916	0
conventional	ce936	398	0.143912	60.676998	1	14	7	9.541091	7.088146	16.684594	27.363167	0	0
holistic	he963	399	0	0	0	0	3	0	0	0	0	0	0
holistic	he964	399	0	0	0	0	7	0	0	0	0	0	0
holistic	he965	400	0	1.873272	0	12	9	0	0	0.695331	1.177941	3.526826	0
conventional	ce937	400	0.622072	46.636296	1	14	7	10.638698	3.498235	21.331516	11.167847	1.367356	0
holistic	he966	401	0	0	0	0	4	0	0	0	0	0	0
holistic	he967	401	0	13.096143	0	18	6	0	0	2.951694	10.144449	0	1.364046
holistic	he968	401	0	0.520104	0	12	8	0	0	0	0.520104	7.694727	0
holistic	he969	401	0	2.604213	0	3	5	0	0	2.604213	0	0	0
conventional	ce938	401	0.622072	46.969174	1	14	7	9.173755	2.358077	24.158386	11.278956	2.186661	0
conventional	ce939	401	0	68.434411	0	14	7	5.922756	4.073917	37.778811	20.658927	3.002133	0
holistic	he970	402	1.051028	7.018850	2	14	14	0	0	2.026458	4.992392	0	0
holistic	he971	402	0	0	0	0	8	0	0	0	0	0.305166	0
holistic	he972	403	0	3.024820	0	4	4	0	0	0.832402	2.192418	0.087180	0
holistic	he973	403	0	0	0	0	10	0	0	0	0	1.967036	0
holistic	he974	404	0	0	0	0	2	0	0	0	0	0	0
holistic	he975	404	0	0.706538	0	4	4	0	0	0.263288	0.443250	0	0
conventional	ce940	404	0	22.405025	0	14	7	3.725384	3.477724	8.892919	6.308998	1.874997	0
conventional	ce941	404	0	37.145532	0	14	7	5.457269	2.831885	19.873165	8.983213	0	0
holistic	he976	405	0	0.648288	0	4	11	0	0	0	0.648288	0	0
holistic	he977	405	0	0	0	0	8	0	0	0	0	1.174368	0
conventional	ce942	405	0.622072	50.176542	1	14	7	9.950712	2.073130	25.677556	12.475144	2.186661	0
holistic	he978	406	0	1.193618	0	2	12	0	0	0	1.193618	0	0
holistic	he979	406	0	0	0	0	5	0	0	0	0	0	0.480196
conventional	ce943	406	0.375272	54.391390	1	14	7	8.610794	7.615769	11.063919	27.100908	0	0
holistic	he980	407	0	0	0	0	3	0	0	0	0	0	0
holistic	he981	408	0	0	0	0	3	0	0	0	0	0	1.688778
holistic	he982	408	0	0	0	0	8	0	0	0	0	2.096146	0
holistic	he983	408	0	0	0	0	14	0	0	0	0	0	0
holistic	he984	408	0	0	0	0	3	0	0	0	0	0	0.480196
holistic	he985	408	0	0	0	0	5	0	0	0	0	0	0
holistic	he986	409	0.598185	11.697625	1	3	8	0	0	11.697625	0	1.595709	0
conventional	ce944	409	0	36.064172	0	14	7	7.834700	3.657077	13.348982	11.223413	1.993503	0
holistic	he987	410	0	0	0	0	4	0	0	0	0	0	0
holistic	he988	411	0.024845	8.576211	1	3	8	0	0	8.576211	0	2.013713	0
conventional	ce945	411	1.564709	51.275318	1	14	7	9.282769	4.896404	16.597904	20.498241	0	0
conventional	ce946	411	0	22.047256	0	14	7	3.365461	1.934382	7.337953	9.409460	0.890944	0
holistic	he989	412	0	0	0	0	8	0	0	0	0	0.454004	0
holistic	he990	412	0	0	0	0	15	0	0	0	0	0.063693	0
holistic	he991	412	0	0	0	0	6	0	0	0	0	0	0.480196
conventional	ce947	412	0	47.647477	0	14	7	9.482112	4.510313	19.663741	13.991311	0.818036	0
conventional	ce948	412	0	20.246655	0	14	7	2.995371	1.468026	7.159988	8.623270	0.301522	0
holistic	he992	413	0	0	0	0	19	0	0	0	0	0.997960	0
conventional	ce949	413	0	19.626372	0	14	7	3.219285	2.439302	8.079650	5.888135	2.316240	0
conventional	ce950	413	0	28.768117	0	14	7	2.913327	1.263175	11.499465	13.092150	0.274914	0
conventional	ce951	413	0	18.088656	0	14	7	2.365259	2.456717	6.868670	6.398010	0.301522	0
conventional	ce952	413	1.377150	47.207078	1	14	7	7.158597	6.122091	17.301414	16.624976	0.861146	0
holistic	he993	414	0	0.538404	0	8	4	0	0	0.200632	0.337772	0	0
holistic	he994	414	0	0	0	0	8	0	0	0	0	0.305166	0
conventional	ce953	415	0	70.154606	0	14	7	16.352429	6.343316	27.204551	20.254310	0	0
conventional	ce954	415	0	60.327056	0	14	7	17.146808	2.908197	21.673481	18.598570	0	0
holistic	he995	416	0	0	0	0	1	0	0	0	0	0	0
holistic	he996	416	0	3.581148	0	12	11	0	0	0.555390	3.025758	0	0
conventional	ce955	416	0	55.035127	0	14	7	6.375585	5.344476	27.899395	15.415671	2.304294	0
holistic	he997	417	0	1.360088	0	8	8	0	0	0.473588	0.886500	0	0
conventional	ce956	417	0	38.870948	0	14	7	3.704190	7.121041	12.814962	15.230755	1.834425	0
holistic	he998	418	0	10.973432	0	6	8	0	0	10.973432	0	2.637734	0
conventional	ce957	418	0.431220	29.596084	1	14	7	7.194312	1.332344	15.254274	5.815154	0.695415	0
conventional	ce958	419	0	17.303239	0	14	7	1.362126	1.981044	7.493070	6.466999	0.890944	0
holistic	he999	420	0	0	0	0	3	0	0	0	0	0	0
holistic	he1000	420	0	0	0	0	5	0	0	0	0	0	0
holistic	he1001	420	0	0	0	0	15	0	0	0	0	0.063693	0
holistic	he1002	420	0	0	0	0	9	0	0	0	0	0	0.480196
holistic	he1003	420	0	2.420652	0	3	5	0	0	2.420652	0	0	0
holistic	he1004	420	0	0	0	0	4	0	0	0	0	0	0
holistic	he1005	420	0	0	0	0	12	0	0	0	0	6.332403	0
holistic	he1006	420	0	0	0	0	3	0	0	0	0	0	0.540001
holistic	he1007	420	0	4.287474	0	12	11	0	0	0.664932	3.622542	0	0
holistic	he1008	420	0	1.790427	0	3	13	0	0	0	1.790427	0	0
holistic	he1009	420	0	0.881209	0	1	3	0	0	0.881209	0	0	0
holistic	he1010	420	0	0	0	0	5	0	0	0	0	0	0
holistic	he1011	420	0	0	0	0	8	0	0	0	0	0.551158	0
holistic	he1012	420	0	1.172360	0	2	16	0	0	0	1.172360	0	0
holistic	he1013	420	0	0	0	0	8	0	0	0	0	0.305166	0
holistic	he1014	420	0	0	0	0	3	0	0	0	0	0	0
holistic	he1015	420	0	0	0	0	4	0	0	0	0	0	0
conventional	ce959	420	0.143912	64.800647	1	14	7	9.008517	7.414100	18.402224	29.975806	0	0
conventional	ce960	420	0	20.289772	0	14	7	2.527545	2.325664	9.368462	6.068101	0	0
conventional	ce961	420	0	39.002605	0	14	7	6.446624	2.420381	21.437057	8.698543	0	0
conventional	ce962	420	0	36.222082	0	14	7	6.269107	3.492091	18.618852	7.842032	2.707315	0
conventional	ce963	420	0	31.865061	0	14	7	1.597214	2.142357	20.869738	7.255752	0	0
conventional	ce964	420	0	7.390235	0	14	7	2.263906	0.408838	1.964210	2.753281	2.707315	0
conventional	ce965	420	0	39.741764	0	14	7	5.831493	1.621325	22.466050	9.822896	0	0
conventional	ce966	420	0	34.180549	0	14	7	5.786894	3.589329	14.364998	10.439328	2.222979	0
conventional	ce967	420	1.377150	32.696390	1	14	7	11.180935	2.542293	12.362956	6.610206	0.960184	0
conventional	ce968	420	1.111441	49.135956	1	14	7	5.851826	6.717681	18.519130	18.047319	0.861146	0
conventional	ce969	420	0	27.424789	0	14	7	4.265361	2.350436	9.882017	10.926975	0.688240	0
conventional	ce970	420	1.052831	36.605988	1	14	7	14.591822	3.603472	11.567512	6.843182	0	0
conventional	ce971	420	0.375272	39.777989	1	14	7	4.179922	4.153948	13.075796	18.368323	1.690336	0
conventional	ce972	420	0.375272	56.218074	1	14	7	9.079862	6.441871	12.800210	27.896131	0	0
conventional	ce973	420	0	49.674579	0	14	7	6.700907	6.301302	22.358805	14.313565	1.821218	0
conventional	ce974	420	3.359060	50.743998	2	14	7	8.958041	2.802315	23.969018	15.014624	2.447069	0
conventional	ce975	420	0	23.422003	0	14	7	1.130024	6.084155	9.652403	6.555421	0.301522	0
holistic	he1016	421	0	2.218629	0	3	9	2.218629	0	0	0	0	0
conventional	ce976	421	0	46.538512	0	14	7	10.656628	7.585848	15.693159	12.602877	1.640451	0
conventional	ce977	421	0	32.695656	0	14	7	5.087760	0.824283	17.665159	9.118454	0	0
holistic	he1017	422	0	0	0	0	2	0	0	0	0	0	0
conventional	ce978	422	0	20.232938	0	14	7	4.292747	3.157657	7.768452	5.014082	0.207730	0
conventional	ce979	422	0	46.605922	0	14	7	6.869215	5.358651	21.075348	13.302708	1.821218	0
holistic	he1018	423	0	0	0	0	13	0	0	0	0	3.608694	0
conventional	ce980	423	0	40.818299	0	14	7	9.162198	4.245345	15.941820	11.468936	1.559892	0
conventional	ce981	423	0	67.456701	0	14	7	7.621553	7.162466	33.197251	19.475431	1.751136	0
conventional	ce982	423	0	20.560626	0	14	7	3.342779	1.702860	5.059380	10.455607	0.890944	0
holistic	he1019	424	0	0	0	0	5	0	0	0	0	0.328732	0
holistic	he1020	424	0	0	0	0	12	0	0	0	0	0	0
holistic	he1021	424	0	0	0	0	4	0	0	0	0	0.275579	0
holistic	he1022	424	0	0	0	0	9	0	0	0	0	0	0.480196
holistic	he1023	424	1.131246	1.131246	3	3	15	1.131246	0	0	0	0.951024	0
holistic	he1024	424	0	27.118800	0	18	9	0	0	7.122582	19.996218	0	6.700785
holistic	he1025	424	0	0.648890	0	2	6	0	0	0.095831	0.553059	0	0
holistic	he1026	424	0	0	0	0	12	0	0	0	0	1.368972	0
holistic	he1027	424	0	2.285550	0	6	11	0	0	0.772671	1.512879	0	0
holistic	he1028	425	0	0	0	0	12	0	0	0	0	0.454004	0
conventional	ce983	425	0	18.127584	0	14	7	3.972883	2.911785	6.854472	4.388444	0.207730	0
conventional	ce984	425	0	16.214768	0	14	7	2.770603	0.999361	6.907298	5.537506	0	0
conventional	ce985	425	0	26.431224	0	14	7	4.403516	0.717150	10.464657	10.845901	0.602814	0
conventional	ce986	425	0	39.238863	0	14	7	7.820707	3.769687	14.574810	13.073659	1.993503	0
holistic	he1029	426	0	1.167118	0	1	3	0	0	1.167118	0	0	0
conventional	ce987	426	0	8.028888	0	14	7	1.722820	0.518293	2.574305	3.213470	2.707315	0
conventional	ce988	426	1.052831	10.439304	1	14	7	2.035997	0.784487	3.129633	4.489187	0	0
conventional	ce989	427	0	38.156724	0	14	7	7.390329	3.500304	14.133052	13.133039	1.993503	0
holistic	he1030	428	0	0.249396	0	4	8	0	0	0.038678	0.210718	0	0
holistic	he1031	428	0	0	0	0	11	0	0	0	0	0	0.480196
holistic	he1032	428	0	0	0	0	8	0	0	0	0	0.305166	0
holistic	he1033	428	0	0	0	0	7	0	0	0	0	1.240708	0
holistic	he1034	428	0	2.536627	0	2	4	0	0	0	2.536627	0	0
holistic	he1035	428	0	0.706538	0	4	16	0	0	0.263288	0.443250	0	0
holistic	he1036	428	0	0	0	0	10	0	0	0	0	0.042462	0
holistic	he1037	429	0	0	0	0	1	0	0	0	0	0	0
holistic	he1038	429	0	0	0	0	8	0	0	0	0	1.174368	0
holistic	he1039	429	0	2.660160	0	3	5	0	0	2.660160	0	0	0
holistic	he1040	429	0	0	0	0	5	0	0	0	0	0.045145	0
holistic	he1041	429	0	0	0	0	8	0	0	0	0	1.589782	0
conventional	ce990	429	0	22.722256	0	14	7	3.898648	1.104125	7.940075	9.779408	0.890944	0
holistic	he1042	430	0	0	0	0	15	0	0	0	0	0.063693	0
holistic	he1043	431	0	0	0	0	14	0	0	0	0	0.598776	0
holistic	he1044	432	0	2.604213	0	3	5	0	0	2.604213	0	0	0
holistic	he1045	432	0	1.246182	0	4	7	0	0	0.038668	1.207514	0	0
conventional	ce991	432	0	50.775226	0	14	7	6.631009	6.836131	24.180819	13.127267	2.188675	0
conventional	ce992	432	0	20.862748	0	14	7	2.069477	4.209032	9.902987	4.681252	1.874997	0
holistic	he1046	433	0	3.833136	0	4	4	0	0	1.640718	2.192418	0.087180	0
holistic	he1047	433	0	1.193618	0	2	12	0	0	0	1.193618	0	0
conventional	ce993	433	1.052831	23.133877	1	14	7	9.924743	2.130459	6.371070	4.707605	0	0
holistic	he1048	435	0	0	0	0	12	0	0	0	0	0.037989	0
holistic	he1049	435	0	0	0	0	8	0	0	0	0	0.319172	0
holistic	he1050	435	0	0	0	0	8	0	0	0	0	4.221602	0
conventional	ce994	435	0	19.496167	0	14	7	3.979814	1.067740	6.379384	8.069229	0	0
conventional	ce995	435	0	5.194935	0	14	7	1.436825	0.484546	1.504920	1.768644	2.707315	0
holistic	he1051	436	0	0.876308	0	4	4	0	0	0.365778	0.510530	0	0
holistic	he1052	437	0	0	0	0	12	0	0	0	0	4.175912	0
conventional	ce996	437	0	16.178068	0	14	7	3.118839	1.246017	6.966227	4.846985	1.646228	0
conventional	ce997	437	0	20.597065	0	14	7	1.392455	5.727320	10.088941	3.388349	0.301522	0
conventional	ce998	437	1.582888	19.258596	1	14	7	2.910141	3.234283	9.696630	3.417542	0	0
conventional	ce999	437	0	18.962492	0	14	7	2.842040	1.891060	8.462932	5.766460	0	0
holistic	he1053	438	1.678953	1.678953	3	3	15	0	0	0	1.678953	0.792153	0
holistic	he1054	438	0	0	0	0	12	0	0	0	0	0	0.960392
holistic	he1055	438	0	0	0	0	2	0	0	0	0	0	0
conventional	ce1000	438	0	28.414456	0	14	7	3.954268	2.993030	11.008452	10.458706	0.301522	0
conventional	ce1001	439	0	34.299873	0	14	7	3.445490	6.548705	11.478485	12.827193	1.834425	0
conventional	ce1002	439	0	24.864090	0	14	7	4.591365	3.225032	8.313775	8.733918	1.874997	0
holistic	he1056	440	0	0	0	0	10	0	0	0	0	1.889316	0
holistic	he1057	440	0	1.808553	0	3	5	0	0	1.808553	0	0	0
conventional	ce1003	440	0	21.317907	0	14	7	3.480727	1.201483	7.697247	8.938450	0	0
conventional	ce1004	440	0	47.946926	0	14	7	12.330347	4.013491	20.131189	11.471899	2.370443	0
conventional	ce1005	441	0	22.788018	0	14	7	4.200021	4.313753	8.203528	6.070716	1.874997	0
conventional	ce1006	441	0	23.845382	0	14	7	2.851412	1.041063	11.082441	8.870466	0.890944	0
holistic	he1058	442	0	0	0	0	7	0	0	0	0	0	0
holistic	he1059	442	0	0	0	0	14	0	0	0	0	0	0
conventional	ce1007	442	0	35.671764	0	14	7	6.519291	2.857665	17.828195	8.466613	2.707315	0
conventional	ce1008	442	1.416808	51.801448	1	14	7	7.895265	8.041535	18.556107	17.308541	0.861146	0
conventional	ce1009	442	0	21.542617	0	14	7	1.788573	3.912583	9.207303	6.634158	1.874997	0
holistic	he1060	443	0	0	0	0	13	0	0	0	0	3.608694	0
conventional	ce1010	443	0	54.560747	0	14	7	11.248890	5.895367	21.161658	16.254832	1.821218	0
conventional	ce1011	443	0	21.649529	0	14	7	5.221823	3.116285	8.271852	5.039569	0.783343	0
holistic	he1061	445	0	3.966604	0	4	4	0	0	1.774186	2.192418	0.948272	0
holistic	he1062	445	0	0	0	0	15	0	0	0	0	0	0.960392
conventional	ce1012	445	0	42.229340	0	14	7	5.792577	2.174515	23.899825	10.362423	1.237647	0
conventional	ce1013	446	0	50.861205	0	14	7	1.753349	7.839234	23.160356	18.108266	1.876006	0
conventional	ce1014	446	0	26.522810	0	14	7	3.765818	2.020082	9.817519	10.919391	1.874997	0
conventional	ce1015	447	0	36.452456	0	14	7	3.857205	6.669389	10.456500	15.469362	1.834425	0
conventional	ce1016	447	0	15.715240	0	14	7	2.598004	0.918326	6.387091	5.811819	0	0
conventional	ce1017	447	0	23.067941	0	14	7	0.929412	6.847203	8.878158	6.413168	0.301522	0
conventional	ce1018	448	0.375272	58.560951	1	14	7	8.859060	6.717275	14.571014	28.413602	0	0
holistic	he1063	449	0	0	0	0	9	0	0	0	0	0	0
holistic	he1064	449	0	0	0	0	8	0	0	0	0	0.305166	0
holistic	he1065	450	0	1.869273	0	6	14	0	0	0.058002	1.811271	0	0
conventional	ce1019	450	0.193021	53.863791	1	14	7	7.499523	5.210754	18.582337	22.571177	0	0
conventional	ce1020	450	0	24.307201	0	14	7	2.244037	5.242949	11.112584	5.707631	1.874997	0
conventional	ce1021	450	0	22.162716	0	14	7	3.306836	2.634054	8.709736	7.512090	0	0
conventional	ce1022	450	0	66.977091	0	14	7	21.425352	3.543634	23.150985	18.857120	0	0
conventional	ce1023	452	0.143912	77.808764	1	14	7	14.452825	8.823406	19.773414	34.759119	0	0
conventional	ce1024	452	0	40.706600	0	14	7	4.130908	7.440220	13.531871	15.603601	1.834425	0
conventional	ce1025	452	0.622072	48.309929	1	14	7	9.618888	1.922797	25.053036	11.715208	0.695415	0
holistic	he1066	453	0	1.996401	0	3	5	0	0	1.996401	0	0	0
holistic	he1067	453	0	5.806540	0	4	8	0	0	1.294610	4.511930	0	0
holistic	he1068	453	0	0	0	0	8	0	0	0	0	0.305166	0
conventional	ce1026	453	0	24.278069	0	14	7	2.630932	3.968243	13.486621	4.192273	1.874997	0
holistic	he1069	454	0	0.648890	0	2	6	0	0	0.095831	0.553059	0	0
conventional	ce1027	454	0	24.118008	0	14	7	3.392836	0.466026	8.782213	11.476933	0.878235	0
conventional	ce1028	454	0.143912	72.502168	1	14	7	5.750513	10.083259	24.280154	32.388242	0	0
conventional	ce1029	455	0	38.671081	0	14	7	5.883697	4.805666	17.102851	10.878867	1.813093	0
holistic	he1070	456	0.024845	3.259629	1	3	8	0	0	3.259629	0	0	0
holistic	he1071	457	0	2.639342	0	2	7	0	0	2.639342	0	0	0
holistic	he1072	458	0	0	0	0	10	0	0	0	0	0	0
holistic	he1073	458	0	0	0	0	9	0	0	0	0	6.332403	0
holistic	he1074	458	0	0	0	0	8	0	0	0	0	1.436610	0
conventional	ce1030	458	0	19.612080	0	14	7	2.705146	2.212577	9.541847	5.152510	0	0
holistic	he1075	459	0	0.664118	0	4	16	0	0	0.220868	0.443250	0	0
holistic	he1076	460	0	0	0	0	9	0	0	0	0	6.332403	0
conventional	ce1031	460	0	15.649955	0	14	7	1.883163	2.306799	5.110528	6.349465	1.148366	0
conventional	ce1032	460	0	19.515190	0	14	7	2.950252	2.533625	8.713489	5.317824	0	0
holistic	he1077	461	0	0	0	0	14	0	0	0	0	2.087956	0
holistic	he1078	461	0	0.802826	0	1	3	0	0	0.802826	0	0	0
conventional	ce1033	461	0	16.606415	0	14	7	2.815288	2.916721	7.107723	3.766683	0.207730	0
holistic	he1079	462	0	0	0	0	12	0	0	0	0	4.175912	0
holistic	he1080	462	0	0.654618	0	2	5	0	0	0.101559	0.553059	0	0
holistic	he1081	463	0	0	0	0	4	0	0	0	0	0.641521	0
holistic	he1082	463	0.586470	12.437300	1	3	8	0	0	12.437300	0	2.013713	0
holistic	he1083	463	0	1.790427	0	3	15	0	0	0	1.790427	0	0
holistic	he1084	464	0	0	0	0	8	0	0	0	0	0.491460	0
conventional	ce1034	464	0	27.775150	0	14	7	5.474492	1.969541	9.447326	10.883791	1.874997	0
conventional	ce1035	464	0	51.778607	0	14	7	11.047740	7.781917	20.045999	12.902951	1.247121	0
holistic	he1085	465	0	1.790427	0	3	14	0	0	0	1.790427	0	0
holistic	he1086	465	0	0	0	0	16	0	0	0	0	0	0.960392
conventional	ce1036	465	0	31.157847	0	14	7	5.524483	1.039810	12.457789	12.135765	0.346345	0
holistic	he1087	466	0	0	0	0	9	0	0	0	0	0	0.480196
holistic	he1088	466	0	0	0	0	4	0	0	0	0	0	0
holistic	he1089	467	0	0	0	0	8	0	0	0	0	0.012663	1.398008
holistic	he1090	467	0	0	0	0	8	0	0	0	0	0.305166	0
conventional	ce1037	467	0	21.911955	0	14	7	3.003024	4.404399	9.390593	5.113939	1.874997	0
holistic	he1091	468	0	0	0	0	12	0	0	0	0	1.449060	0
holistic	he1092	468	0	0	0	0	3	0	0	0	0	0	0
holistic	he1093	469	0	0	0	0	1	0	0	0	0	0	0
holistic	he1094	469	0	0	0	0	12	0	0	0	0	0	0.480196
conventional	ce1038	469	1.052831	16.329954	1	14	7	3.202141	1.243107	3.922183	7.962523	0	0
holistic	he1095	470	0	0	0	0	10	0	0	0	0	3.275346	0
holistic	he1096	470	0	0	0	0	3	0	0	0	0	0	0
holistic	he1097	471	0	0.664118	0	4	22	0	0	0.220868	0.443250	0	0
holistic	he1098	471	0	0.881209	0	1	3	0	0	0.881209	0	0	0
conventional	ce1039	471	1.052831	20.216953	1	14	7	3.927745	3.972265	7.637404	4.679539	0	0
holistic	he1099	472	0	1.038897	0	1	3	0	0	0	1.038897	0	0
holistic	he1100	472	0	0	0	0	14	0	0	0	0	0	0
holistic	he1101	472	0	0.706538	0	4	16	0	0	0.263288	0.443250	0	0
holistic	he1102	472	0	3.524836	0	4	6	0	0	3.524836	0	0	0
holistic	he1103	472	0	0	0	0	16	0	0	0	0	0	0
holistic	he1104	472	0	0	0	0	4	0	0	0	0	0	0
holistic	he1105	473	0	0	0	0	3	0	0	0	0	0	0.480196
holistic	he1106	473	0	0	0	0	8	0	0	0	0	0.140258	0
conventional	ce1040	473	0	8.885359	0	14	7	1.488044	1.024312	2.945614	3.427389	2.707315	0
conventional	ce1041	473	0	15.897060	0	14	7	1.744656	2.407380	7.638652	4.106372	0	0
holistic	he1107	474	0	0	0	0	15	0	0	0	0	4.175912	0
holistic	he1108	474	0	1.808553	0	3	5	0	0	1.808553	0	0	0
holistic	he1109	475	0	2.157360	0	6	11	0	0	2.157360	0	0	0
conventional	ce1042	475	1.795564	11.003077	1	14	7	1.872225	0.798107	2.417718	5.915027	0	0
holistic	he1110	476	0	0	0	0	8	0	0	0	0	0.305166	0
holistic	he1111	476	0	1.808553	0	3	6	0	0	1.808553	0	0	0
holistic	he1112	476	0	0	0	0	8	0	0	0	0	4.221602	0
holistic	he1113	476	0	0	0	0	10	0	0	0	0	0	0
holistic	he1114	477	0	0	0	0	5	0	0	0	0	0	0
conventional	ce1043	477	0.470279	79.464144	1	14	7	15.384221	7.470727	21.704297	34.904899	0	0
conventional	ce1044	477	0	55.180193	0	14	7	7.424525	6.016878	28.620646	13.118144	2.188675	0
conventional	ce1045	479	0	20.530147	0	14	7	3.472042	3.881158	9.058325	4.118622	0.188527	0
holistic	he1115	480	0	7.918026	0	6	11	0	0	7.918026	0	0	0
holistic	he1116	480	0	0	0	0	2	0	0	0	0	0	0
holistic	he1117	480	0.696456	0.696456	2	2	12	0	0	0	0.696456	0.993704	0
holistic	he1118	480	0	0	0	0	8	0	0	0	0	0	0
holistic	he1119	480	0	0	0	0	6	0	0	0	0	0	0
holistic	he1120	480	2.080609	3.889162	1	4	5	0	0	3.889162	0	0	0
holistic	he1121	480	0	1.251966	0	4	7	0	0	0.188200	1.063766	0	0
holistic	he1122	480	0	0	0	0	10	0	0	0	0	0	0
holistic	he1123	480	0	0	0	0	8	0	0	0	0	3.608694	0
holistic	he1124	480	0	3.833136	0	4	4	0	0	1.640718	2.192418	0.475158	0
holistic	he1125	480	0	0	0	0	12	0	0	0	0	0	0.237270
conventional	ce1046	480	0	55.303475	0	14	7	6.974220	10.608659	24.361147	13.359449	1.247121	0
conventional	ce1047	480	0	18.035573	0	14	7	3.542736	3.290602	6.822133	4.380102	0.207730	0
conventional	ce1048	480	0	27.682385	0	14	7	5.790388	2.131191	10.788267	8.972539	0	0
conventional	ce1049	480	0	77.869248	0	14	7	6.726316	10.356954	40.472939	20.313039	0.890944	0
conventional	ce1050	480	0	19.335340	0	14	7	3.927815	0.583496	9.433477	5.390552	0	0
conventional	ce1051	480	0	42.847801	0	14	7	9.744191	3.983498	18.910134	10.209978	2.370443	0
conventional	ce1052	480	0.143912	28.847282	1	14	7	3.285974	3.499979	9.308722	12.752607	0	0
conventional	ce1053	480	0	17.664006	0	14	7	3.438591	2.319446	6.941390	4.964579	1.605995	0
conventional	ce1054	480	2.231056	59.710041	1	14	7	8.654068	5.355568	30.231754	15.468651	2.188675	0
conventional	ce1055	480	0	34.876369	0	14	7	8.026564	2.117954	15.905636	8.826215	1.959351	0
conventional	ce1056	480	0	15.959394	0	14	7	2.010889	2.436361	7.395563	4.116581	0	0
conventional	ce1057	480	0	20.495034	0	14	7	3.159518	1.047682	11.585858	4.701976	0.689540	0
conventional	ce1058	481	0.193021	19.960987	1	14	7	2.025545	4.209131	8.852085	4.874226	0	0
conventional	ce1059	482	0.543216	31.337596	1	14	7	7.195807	3.435032	12.170782	8.535975	0	0
conventional	ce1060	482	0	53.567181	0	14	7	5.269859	9.246400	24.846936	14.203986	1.247121	0
conventional	ce1061	482	0	48.440146	0	14	7	12.912076	4.231538	21.680246	9.616286	2.370443	0
conventional	ce1062	482	0	26.350665	0	14	7	4.962575	3.185308	8.709483	9.493299	1.874662	0
conventional	ce1063	482	0.622072	47.364484	1	14	7	9.152374	2.425923	22.180942	13.605245	0.695415	0
conventional	ce1064	482	0	12.151248	0	14	7	1.774797	0.938430	6.126162	3.311859	0.407658	0
holistic	he1126	483	0	0.395597	0	1	5	0	0	0.395597	0	0	0
holistic	he1127	483	0	0	0	0	12	0	0	0	0	0	0.480196
holistic	he1128	483	2.080609	4.142211	1	3	5	0	0	4.142211	0	0	0
holistic	he1129	483	0	0.881209	0	1	3	0	0	0.881209	0	0	0
holistic	he1130	483	0	0	0	0	15	0	0	0	0	0	2.915626
conventional	ce1065	483	0	36.916520	0	14	7	5.570249	3.181418	17.197926	10.966927	1.813093	0
conventional	ce1066	483	0	60.920694	0	14	7	11.156542	3.312864	35.715164	10.736124	2.370443	0
conventional	ce1067	483	1.052831	16.136640	1	14	7	3.478332	1.083056	3.398732	8.176520	0	0
holistic	he1131	484	0	0	0	0	10	0	0	0	0	2.074589	0
holistic	he1132	484	0	0	0	0	8	0	0	0	0	0.305166	0
holistic	he1133	484	0	0	0	0	6	0	0	0	0	0	0
holistic	he1134	484	0	0	0	0	14	0	0	0	0	0	0
holistic	he1135	484	0	0	0	0	3	0	0	0	0	0	0
conventional	ce1068	484	0	31.249128	0	14	7	6.244984	4.528066	10.386890	10.089188	0.783343	0
conventional	ce1069	485	0	54.109889	0	14	7	5.203708	6.503906	29.693208	12.709067	2.188675	0
conventional	ce1070	485	0	20.607598	0	14	7	4.875919	1.996765	8.002719	5.732195	1.128751	0
conventional	ce1071	485	0	14.997832	0	14	7	2.142233	3.578807	6.701391	2.575401	0.608271	0
conventional	ce1072	485	0	18.517698	0	14	7	3.305426	3.403294	8.134437	3.674541	0.188527	0
conventional	ce1073	485	0.143912	81.940442	1	14	7	14.520020	9.445512	24.213780	33.761130	0	0
holistic	he1136	486	0	0	0	0	15	0	0	0	0	0	0
conventional	ce1074	486	1.052831	15.385286	1	14	7	3.381090	1.080786	3.210480	7.712930	0	0
conventional	ce1075	486	0	17.640084	0	14	7	2.908620	2.908890	8.416748	3.405826	0.188527	0
conventional	ce1076	486	0	43.342677	0	14	7	9.800587	3.926871	19.149275	10.465944	2.370443	0
holistic	he1137	487	0	0	0	0	15	0	0	0	0	1.298685	0
conventional	ce1077	487	0	22.730518	0	14	7	3.945123	3.378366	9.775933	5.631096	0.632678	0
conventional	ce1078	487	0	8.374662	0	14	7	1.817905	1.167566	2.963858	2.425333	2.050045	0
holistic	he1138	488	0	0	0	0	8	0	0	0	0	0	0
holistic	he1139	488	0	0	0	0	8	0	0	0	0	3.814998	0
holistic	he1140	488	0	0	0	0	6	0	0	0	0	0	0
holistic	he1141	488	0	0	0	0	15	0	0	0	0	1.211324	0
holistic	he1142	488	0	0	0	0	12	0	0	0	0	4.175912	0
holistic	he1143	488	0	0	0	0	12	0	0	0	0	0.457749	0
conventional	ce1079	488	0	13.635877	0	14	7	1.268507	1.651932	5.386808	5.328630	1.148366	0
holistic	he1144	489	0	0	0	0	8	0	0	0	0	0	0
holistic	he1145	489	0	0	0	0	9	0	0	0	0	0	0.960392
holistic	he1146	489	0	0	0	0	9	0	0	0	0	7.498743	0
conventional	ce1080	489	1.052831	20.454020	1	14	7	4.154705	3.680272	8.006607	4.612436	0	0
conventional	ce1081	489	0	30.278775	0	14	7	4.422384	3.518625	10.988459	11.349307	1.874997	0
holistic	he1147	490	0	0	0	0	12	0	0	0	0	0	0.562696
conventional	ce1082	490	0	26.221914	0	14	7	3.269242	1.878889	9.831157	11.242626	2.223350	0
conventional	ce1083	491	0.494184	14.857362	1	14	7	2.398206	3.148656	6.565250	2.745250	1.056040	0
holistic	he1148	492	0	0.654618	0	2	5	0	0	0.101559	0.553059	0	0
holistic	he1149	492	0	0	0	0	14	0	0	0	0	0	0
holistic	he1150	492	0	0	0	0	12	0	0	0	0	0.106950	0
conventional	ce1084	492	0	35.220663	0	14	7	13.771105	0.878310	9.520806	11.050442	2.188675	0
conventional	ce1085	492	0	51.276722	0	14	7	12.484530	7.176847	22.135745	9.479600	1.247121	0
holistic	he1151	493	0.616637	0.616637	1	1	16	0	0	0.616637	0	0	0.017694
holistic	he1152	493	0	0	0	0	8	0	0	0	0	4.964488	0
holistic	he1153	493	0	0	0	0	8	0	0	0	0	0.678844	0
holistic	he1154	493	0	0	0	0	2	0	0	0	0	0	0
holistic	he1155	494	0	0	0	0	12	0	0	0	0	4.175912	0
conventional	ce1086	494	0.620952	16.692153	1	14	7	2.678036	2.908890	8.416748	2.688479	0.188527	0
holistic	he1156	495	0	0	0	0	12	0	0	0	0	4.597162	0
holistic	he1157	495	0	0.793759	0	2	5	0	0	0.240700	0.553059	0	0
conventional	ce1087	495	0	24.092188	0	14	7	3.044049	2.834949	11.031016	7.182174	0	0
holistic	he1158	496	0	0.648890	0	2	6	0	0	0.095831	0.553059	0	0
conventional	ce1088	496	0	18.741333	0	14	7	2.224551	1.811474	9.540003	5.165305	0	0
conventional	ce1089	496	0	36.146307	0	14	7	3.674015	6.623276	11.211682	14.637334	1.834425	0
holistic	he1159	497	0	0	0	0	5	0	0	0	0	0	0
holistic	he1160	497	0	0	0	0	8	0	0	0	0	0	0
holistic	he1161	497	1.678953	1.678953	3	3	12	0	0	0	1.678953	0.867942	0
conventional	ce1090	497	0	39.704368	0	14	7	10.828301	3.709492	15.490804	9.675771	2.370443	0
conventional	ce1091	497	0	7.441127	0	14	7	0.902535	0.856320	2.871847	2.810425	2.707315	0
conventional	ce1092	497	0	24.915347	0	14	7	4.606304	3.252472	8.227892	8.828679	1.874662	0
conventional	ce1093	497	0	59.437351	0	14	7	4.297107	7.111781	33.216160	14.812303	2.188675	0
holistic	he1162	498	0	0.553059	0	1	5	0	0	0	0.553059	0	0
holistic	he1163	498	2.080609	3.889162	1	4	5	0	0	3.889162	0	0	0
holistic	he1164	498	0	0	0	0	5	0	0	0	0	0	0
holistic	he1165	498	0.696456	0.696456	2	2	12	0	0	0	0.696456	0.993704	0
conventional	ce1094	499	1.401156	14.334899	1	14	7	3.203631	1.466824	2.660562	7.003882	0	0
conventional	ce1095	499	0	32.449945	0	14	7	4.189882	2.449400	16.727046	9.083617	2.707315	0
holistic	he1166	500	0	0	0	0	4	0	0	0	0	0	0
holistic	he1167	500	0.482206	0.482206	1	1	15	0	0	0.482206	0	0	0.960392
holistic	he1168	500	0	1.851652	0	4	16	0	0	0.483402	1.368250	0	0
conventional	ce1096	500	0.329871	55.773513	1	14	7	4.116984	4.696372	21.311898	25.648259	0	0
holistic	he1169	501	0	0	0	0	8	0	0	0	0	0.305166	0
holistic	he1170	501	0	0	0	0	4	0	0	0	0	0	0
conventional	ce1097	501	0	24.661556	0	14	7	5.086968	1.722111	9.046473	8.806004	1.874997	0
conventional	ce1098	501	0	19.763797	0	14	7	2.983840	1.994270	10.349021	4.436666	2.107437	0
conventional	ce1099	501	0	10.396667	0	14	7	0.758123	0.988642	4.757181	3.892721	2.169123	0
holistic	he1171	502	0	0	0	0	4	0	0	0	0	0	0
holistic	he1172	502	0	0	0	0	8	0	0	0	0	1.497868	0
conventional	ce1100	502	0	27.775144	0	14	7	3.392836	1.358891	9.319696	13.703721	0.878235	0
conventional	ce1101	502	0	61.903995	0	14	7	6.354926	4.756529	32.541043	18.251497	2.188675	0
holistic	he1173	503	1.675800	1.675800	1	1	20	0	0	1.675800	0	0	0.017694
conventional	ce1102	503	0	34.886231	0	14	7	3.847562	1.888396	19.253485	9.896788	3.763101	0
conventional	ce1103	503	0	21.871233	0	14	7	2.651424	2.566632	9.313036	7.340141	0	0
conventional	ce1104	503	0	23.461571	0	14	7	2.418321	2.473395	9.344393	9.225462	2.306244	0
conventional	ce1105	503	0	39.862436	0	14	7	9.537079	0.610494	19.248919	10.465944	2.638601	0
conventional	ce1106	503	0	9.083664	0	14	7	1.114643	1.056365	3.085235	3.827421	2.707315	0
holistic	he1174	504	0	0.802826	0	1	3	0	0	0.802826	0	0	0
holistic	he1175	504	0	0	0	0	8	0	0	0	0	3.814998	0
conventional	ce1107	504	0	24.192779	0	14	7	3.210310	2.909600	13.131108	4.941761	1.834425	0
holistic	he1176	505	0	0	0	0	7	0	0	0	0	0	0
holistic	he1177	505	0	0	0	0	1	0	0	0	0	0	0
holistic	he1178	506	0	0	0	0	5	0	0	0	0	0	0
holistic	he1179	506	0	0	0	0	3	0	0	0	0	0	0.480196
conventional	ce1108	506	1.052831	13.006988	1	14	7	2.886064	0.850955	2.589297	6.680672	0	0
holistic	he1180	507	0	0	0	0	10	0	0	0	0	3.275346	0
conventional	ce1109	507	0.956681	44.566449	1	14	7	8.996752	3.445934	18.995590	13.128173	0	0
conventional	ce1110	507	0	25.976370	0	14	7	4.751680	3.743947	11.701030	5.779713	1.874997	0
conventional	ce1111	508	0	21.649236	0	14	7	3.210362	2.630258	10.290388	5.518228	0	0
conventional	ce1112	508	0	44.917669	0	14	7	8.795904	6.820201	16.333248	12.968316	1.247121	0
holistic	he1181	509	0	0	0	0	8	0	0	0	0	3.608694	0
holistic	he1182	509	0	0	0	0	16	0	0	0	0	6.318438	0
holistic	he1183	509	2.080609	2.080609	1	1	7	0	0	2.080609	0	0	0.237270
conventional	ce1113	509	0	25.034530	0	14	7	2.549598	2.563046	10.483071	9.438815	2.447925	0
holistic	he1184	510	0	0	0	0	12	0	0	0	0	0	0.480196
conventional	ce1114	510	0	41.879339	0	14	7	7.126509	3.232627	19.924179	11.596024	1.813093	0
conventional	ce1115	510	0	19.291060	0	14	7	3.788362	2.215418	6.725468	6.561812	2.306244	0
conventional	ce1116	510	1.086782	20.904047	1	14	7	3.134824	3.175075	10.900341	3.693807	0.188527	0
conventional	ce1117	510	0	64.198063	0	14	7	6.279177	10.238432	31.069954	16.610500	2.290746	0
holistic	he1185	511	0	0	0	0	10	0	0	0	0	0	0
conventional	ce1118	512	0	19.567926	0	14	7	1.944116	2.471682	10.188499	4.963629	0	0
conventional	ce1119	512	0	39.129993	0	14	7	7.024132	3.484937	17.022317	11.598607	0.438149	0
conventional	ce1120	512	0	29.193798	0	14	7	3.566946	1.932316	15.534028	8.160508	1.247121	0
holistic	he1186	513	0	0	0	0	15	0	0	0	0	1.420995	0
holistic	he1187	513	0	0	0	0	10	0	0	0	0	0	0
holistic	he1188	513	0	1.143785	0	1	3	0	0	1.143785	0	0	0
holistic	he1189	513	0.696456	0.696456	2	2	12	0	0	0	0.696456	0.993704	0
holistic	he1190	513	0	0	0	0	6	0	0	0	0	1.436610	0
conventional	ce1121	513	0	53.055826	0	14	7	5.212009	7.269653	28.882544	11.691620	1.128751	0
conventional	ce1122	513	0	29.735622	0	14	7	7.036696	3.294327	11.659296	7.745303	1.513661	0
holistic	he1191	514	0	0	0	0	12	0	0	0	0	0	0
conventional	ce1123	514	0.956681	46.386396	1	14	7	9.266033	2.129686	21.276554	13.714123	0.494911	0
conventional	ce1124	514	0	41.502885	0	14	7	11.355948	3.421107	14.491488	12.234342	2.370443	0
conventional	ce1125	514	0	62.031517	0	14	7	6.832599	6.263415	33.488937	15.446566	1.868502	0
conventional	ce1126	515	0	25.253271	0	14	7	3.580102	4.281936	10.838752	6.552481	0.903673	0
conventional	ce1127	516	0	21.873568	0	14	7	3.067913	1.953779	9.826002	7.025874	2.468267	0
holistic	he1192	517	0	0	0	0	10	0	0	0	0	3.275346	0
holistic	he1193	518	0	0	0	0	8	0	0	0	0	4.175912	0
holistic	he1194	518	0	0	0	0	5	0	0	0	0	0	0
holistic	he1195	518	0	0	0	0	14	0	0	0	0	0	0
holistic	he1196	518	4.127934	4.127934	2	2	14	4.127934	0	0	0	2.378190	0
conventional	ce1128	518	0	28.153709	0	14	7	4.303081	0.987807	8.440358	14.422463	0.878235	0
conventional	ce1129	518	0	37.956775	0	14	7	4.565521	5.098561	16.893049	11.399644	1.813093	0
holistic	he1197	519	0	0	0	0	12	0	0	0	0	0	0.480196
conventional	ce1130	519	0	18.948645	0	14	7	2.224551	1.811474	9.747315	5.165305	2.784651	0
conventional	ce1131	519	0	14.399342	0	14	7	2.073920	1.358090	3.860574	7.106758	2.707315	0
conventional	ce1132	520	0	16.378340	0	14	7	1.161487	1.788358	8.546397	4.882098	1.148366	0
conventional	ce1133	520	0	27.196321	0	14	7	7.727103	0.933861	6.575755	11.959602	1.874997	0
conventional	ce1134	520	0	20.697979	0	14	7	3.094950	3.240064	6.962725	7.400240	2.306244	0
holistic	he1198	521	0	0	0	0	5	0	0	0	0	0	0
conventional	ce1135	521	0.548424	10.426516	1	14	7	1.119848	1.242595	3.817208	4.246865	2.173153	0
holistic	he1199	522	0	0	0	0	8	0	0	0	0	1.395886	0
holistic	he1200	522	0	0	0	0	2	0	0	0	0	0	0
conventional	ce1136	522	0.143912	21.269647	1	14	7	2.224848	2.568303	5.966835	10.509661	0	0
conventional	ce1137	523	0	16.458367	0	14	7	2.618149	1.902757	8.794343	3.143118	2.107437	0
conventional	ce1138	523	0	9.091647	0	14	7	1.542720	1.166359	4.481445	1.901123	3.249141	0
holistic	he1201	524	1.173230	1.173230	2	2	12	0	0	0	1.173230	0.993704	0
holistic	he1202	524	0	0	0	0	7	0	0	0	0	0	0
conventional	ce1139	524	0	57.947037	0	14	7	15.923031	3.220784	21.090730	17.712492	2.370443	0
conventional	ce1140	524	0	4.909324	0	14	7	0.474599	0.815450	1.657273	1.962002	2.707315	0
conventional	ce1141	524	0	18.654487	0	14	7	3.371872	1.987807	7.834243	5.460565	1.128751	0
conventional	ce1142	524	0.956681	39.320225	1	14	7	9.904806	3.121979	13.273394	13.020046	0	0
holistic	he1203	525	0	0	0	0	10	0	0	0	0	2.074589	0
conventional	ce1143	525	0.470279	24.536932	1	14	7	3.076391	5.641669	9.918383	5.900489	0	0
holistic	he1204	526	0	0.881209	0	1	3	0	0	0.881209	0	0	0
holistic	he1205	526	0	0	0	0	11	0	0	0	0	0	0
holistic	he1206	527	0.696456	0.696456	2	2	12	0	0	0	0.696456	1.968042	0
conventional	ce1144	527	0	24.481600	0	14	7	3.643611	3.759660	9.408972	7.669357	0	0
conventional	ce1145	527	0	39.394603	0	14	7	3.623027	6.563938	14.793811	14.413827	2.468570	0
holistic	he1207	528	0	0	0	0	8	0	0	0	0	1.606120	0
holistic	he1208	528	0	0	0	0	6	0	0	0	0	1.436610	0
holistic	he1209	528	0	0	0	0	5	0	0	0	0	0	0
conventional	ce1146	529	2.153815	7.670825	1	14	7	0.996281	0.824617	2.837027	3.012900	0	0
conventional	ce1147	529	0.956681	35.718257	1	14	7	3.613038	2.936635	20.911093	8.257491	0	0
holistic	he1210	530	2.080609	4.142211	1	3	5	0	0	4.142211	0	0	0
holistic	he1211	531	2.080609	3.889162	1	4	5	0	0	3.889162	0	0	0
conventional	ce1148	531	0	38.563014	0	14	7	5.470599	2.671372	18.948929	11.472114	2.171131	0
conventional	ce1149	531	0	54.208642	0	14	7	6.356995	6.194220	28.143532	13.513895	2.188675	0
holistic	he1212	532	0	0	0	0	14	0	0	0	0	0	0
holistic	he1213	532	0	0	0	0	4	0	0	0	0	0	0
holistic	he1214	533	0.348228	0.348228	1	1	6	0	0	0	0.348228	0.496852	0
holistic	he1215	533	2.466478	2.466478	4	4	12	1.297812	0	0	1.168666	0.993704	0
conventional	ce1150	533	0	33.685927	0	14	7	9.365036	5.216812	12.470477	6.633602	1.891116	0
conventional	ce1151	533	0.236231	11.107969	1	14	7	1.579477	1.253354	4.853979	3.421159	2.697005	0
holistic	he1216	534	0	1.654783	0	2	5	0	0	0.602851	1.051932	0	0
holistic	he1217	534	0	0	0	0	8	0	0	0	0	3.608694	0
conventional	ce1152	534	0	30.315191	0	14	7	2.524386	2.765469	16.408099	8.617237	1.247121	0
holistic	he1218	535	0	0	0	0	2	0	0	0	0	0	0
holistic	he1219	535	0.616637	0.616637	1	1	15	0	0	0.616637	0	0	0.017694
conventional	ce1153	535	0	21.885805	0	14	7	5.437424	1.877497	8.108825	6.462059	1.301470	0
conventional	ce1154	535	0	44.962526	0	14	7	13.723763	1.385292	19.279510	10.573961	2.370443	0
holistic	he1220	536	4.127934	4.127934	2	2	14	4.127934	0	0	0	2.378190	0
holistic	he1221	536	0	0	0	0	12	0	0	0	0	0	0
holistic	he1222	536	0	0	0	0	4	0	0	0	0	0	0
conventional	ce1155	536	0	31.815699	0	14	7	2.055764	2.173312	16.407762	11.178861	2.019681	0
holistic	he1223	537	0.348228	0.348228	1	1	8	0	0	0	0.348228	0.515730	0
conventional	ce1156	537	0	56.275352	0	14	7	5.755812	8.048770	30.223185	12.247585	0	0
conventional	ce1157	537	0	27.070818	0	14	7	3.587960	1.522314	8.149241	13.811303	0.878235	0
holistic	he1224	538	0	0	0	0	10	0	0	0	0	0	0
holistic	he1225	539	0	0	0	0	6	0	0	0	0	0	0
conventional	ce1158	539	0	33.309573	0	14	7	2.870937	5.191780	12.137658	13.109198	2.468570	0
holistic	he1226	540	0	0	0	0	5	0	0	0	0	0	0
holistic	he1227	540	0	0	0	0	10	0	0	0	0	0	0
holistic	he1228	540	0	0	0	0	12	0	0	0	0	0	0
holistic	he1229	540	0	0	0	0	3	0	0	0	0	0	0
holistic	he1230	540	1.576366	1.576366	2	2	12	0	0	0	1.576366	2.528214	0
holistic	he1231	540	0	0	0	0	8	0	0	0	0	1.606120	0
conventional	ce1159	540	0.620952	34.967699	1	14	7	2.482413	6.032014	15.316873	11.136399	0.188527	0
conventional	ce1160	540	0	21.525924	0	14	7	3.328663	4.672929	11.518535	2.005797	0.188527	0
conventional	ce1161	540	0	23.583476	0	14	7	3.125319	2.030505	11.113220	7.314432	1.247121	0
conventional	ce1162	540	0	49.949563	0	14	7	5.125930	4.203198	25.027876	15.592559	2.188675	0
conventional	ce1163	540	0.622072	18.003219	1	14	7	3.305426	3.615641	8.171275	2.910877	0.695415	0
conventional	ce1164	541	0	18.251908	0	14	7	4.145946	1.939047	6.490367	5.676548	1.128751	0
conventional	ce1165	542	0	56.756480	0	14	7	19.401556	0.436170	21.637706	15.281048	2.095473	0
conventional	ce1166	542	0.470279	28.900880	1	14	7	5.915889	5.783661	11.956555	5.244775	0	0
conventional	ce1167	542	0	19.995334	0	14	7	2.428224	2.400808	10.244463	4.921839	1.551629	0
holistic	he1232	543	0	0	0	0	3	0	0	0	0	0	0
holistic	he1233	543	0	0	0	0	4	0	0	0	0	0	0
holistic	he1234	543	4.332637	4.332637	3	3	16	4.127934	0	0.204703	0	2.838690	0
conventional	ce1168	543	1.052831	11.903557	1	14	7	2.825669	0.736787	2.944210	5.396891	0	0
conventional	ce1169	543	0	15.542847	0	14	7	1.785552	4.665357	6.448368	2.643570	1.194009	0
holistic	he1235	544	0	0	0	0	12	0	0	0	0	0.063498	0
holistic	he1236	544	0	0	0	0	5	0	0	0	0	0	0
holistic	he1237	544	0	0	0	0	11	0	0	0	0	0	0
holistic	he1238	544	0	0	0	0	12	0	0	0	0	0	0
holistic	he1239	544	0.616637	0.616637	1	1	16	0	0	0.616637	0	0	0.017694
conventional	ce1170	544	0	23.906539	0	14	7	5.646107	1.682175	5.859047	10.719210	1.874997	0
holistic	he1240	545	0	0	0	0	10	0	0	0	0	0	0
conventional	ce1171	545	0.470279	24.552052	1	14	7	1.779518	6.361971	10.579659	5.830904	0	0
conventional	ce1172	545	0.676221	11.992581	1	14	7	1.579477	1.695455	4.847185	3.870464	2.809999	0
conventional	ce1173	545	0.620952	18.293322	1	14	7	2.514822	4.031091	8.756788	2.990621	0.188527	0
conventional	ce1174	545	0	22.571893	0	14	7	5.813408	2.212838	7.829405	6.716242	1.301470	0
conventional	ce1175	545	0	34.179575	0	14	7	4.881895	2.041365	18.016362	9.239953	1.247121	0
holistic	he1241	546	0	0	0	0	10	0	0	0	0	2.010194	0
conventional	ce1176	546	0	26.343580	0	14	7	3.815833	2.035451	9.740491	10.751805	2.447925	0
conventional	ce1177	546	0.575147	13.651182	1	14	7	1.404414	2.258917	5.587088	4.400763	2.809999	0
conventional	ce1178	546	0	42.774271	0	14	7	7.758826	4.834116	15.158322	15.023007	2.155608	0
conventional	ce1179	546	0	38.155064	0	14	7	3.642363	1.471851	21.988143	11.052707	2.306244	0
holistic	he1242	547	4.127934	4.127934	2	2	14	4.127934	0	0	0	2.378190	0
holistic	he1243	547	0	0	0	0	5	0	0	0	0	0	0
conventional	ce1180	547	0	37.168256	0	14	7	9.770131	3.646584	13.260723	10.490818	2.252427	0
holistic	he1244	548	0	0	0	0	15	0	0	0	0	0.112224	0
holistic	he1245	548	0.616637	0.616637	1	1	15	0	0	0.616637	0	0	0.017694
holistic	he1246	548	0.696456	0.696456	2	2	12	0	0	0	0.696456	2.820774	0
conventional	ce1181	548	0.344706	39.004355	1	14	7	8.656722	0.706994	16.505529	13.135110	0	0
conventional	ce1182	548	0	33.659802	0	14	7	7.069969	2.734021	16.199506	7.656306	2.522892	0
holistic	he1247	549	0	0	0	0	15	0	0	0	0	1.973589	0
holistic	he1248	549	0	0	0	0	16	0	0	0	0	0	1.025720
conventional	ce1183	549	0.470279	25.283123	1	14	7	2.698773	4.895638	12.393845	5.294867	0	0
holistic	he1249	550	0	0	0	0	10	0	0	0	0	0	0
conventional	ce1184	550	0	30.744894	0	14	7	4.436406	2.474586	16.172587	7.661315	2.707315	0
holistic	he1250	551	0	0	0	0	1	0	0	0	0	0	0
holistic	he1251	552	0	0	0	0	6	0	0	0	0	0.464528	0
holistic	he1252	552	0	0	0	0	5	0	0	0	0	0	0
holistic	he1253	553	0.333704	0.333704	2	2	12	0	0	0	0.333704	1.528738	0
holistic	he1254	553	0	0	0	0	7	0	0	0	0	0	0
holistic	he1255	553	0	0	0	0	8	0	0	0	0	0.305166	0
holistic	he1256	553	0	0	0	0	4	0	0	0	0	0	0
conventional	ce1185	554	0	24.347410	0	14	7	3.696490	1.486746	9.631186	9.532988	2.447925	0
holistic	he1257	555	2.043196	2.043196	2	2	12	0	0	0	2.043196	0.055316	0
conventional	ce1186	555	0	4.456148	0	14	7	0.360806	0.777824	1.727099	1.590419	2.707315	0
holistic	he1258	556	0	0	0	0	5	0	0	0	0	0	0
holistic	he1259	556	0	1.376932	0	2	4	0	0	1.376932	0	0	0
conventional	ce1187	556	0	43.003840	0	14	7	6.568122	4.092800	20.462528	11.880390	2.038949	0
conventional	ce1188	556	0.956681	23.268302	1	14	7	3.434296	2.305117	7.896666	9.632223	0	0
holistic	he1260	557	0	0	0	0	10	0	0	0	0	0	0
holistic	he1261	557	0	0	0	0	4	0	0	0	0	0	0
conventional	ce1189	557	0.470279	27.975500	1	14	7	4.902317	5.868381	12.059899	5.144903	0	0
conventional	ce1190	557	0.470279	25.623578	1	14	7	2.747832	6.665300	10.012874	6.197572	0	0
holistic	he1262	558	0	0	0	0	15	0	0	0	0	1.973589	0
holistic	he1263	558	1.173230	1.173230	2	2	12	0	0	0	1.173230	0.344912	0
holistic	he1264	559	0	0	0	0	15	0	0	0	0	0.528300	0
conventional	ce1191	559	0	20.683379	0	14	7	3.908473	0.603714	6.581109	9.590083	1.874997	0
holistic	he1265	560	0	0	0	0	10	0	0	0	0	1.072938	0
holistic	he1266	560	0	0	0	0	14	0	0	0	0	0	0
conventional	ce1192	560	0	22.923760	0	14	7	2.824934	2.395416	8.011921	9.691489	3.375539	0
holistic	he1267	561	0	0	0	0	10	0	0	0	0	0	0
holistic	he1268	561	0	0	0	0	8	0	0	0	0	0	0
conventional	ce1193	561	0	43.641975	0	14	7	5.196710	3.469908	20.522740	14.452617	2.155608	0
holistic	he1269	562	0	0	0	0	8	0	0	0	0	2.965288	0
holistic	he1270	562	0.348228	0.348228	1	1	6	0	0	0	0.348228	1.033789	0
holistic	he1271	562	0.616637	3.248855	1	7	15	0	0	3.248855	0	0	0.495040
conventional	ce1194	562	0	45.343155	0	14	7	6.846588	3.770585	25.856615	8.869367	2.188675	0
holistic	he1272	563	0.696456	0.696456	2	2	9	0	0	0	0.696456	2.177226	0
conventional	ce1195	563	0	37.601587	0	14	7	5.358841	2.377422	17.025091	12.840233	3.162562	0
conventional	ce1196	563	0	24.688130	0	14	7	2.424844	1.309164	9.656024	11.298098	0.505694	0
conventional	ce1197	563	0.575147	12.651457	1	14	7	1.049716	2.241109	4.914519	4.446113	2.809999	0
conventional	ce1198	563	0.572616	31.134169	1	14	7	4.799192	7.382660	8.720551	10.231766	0	0
conventional	ce1199	563	0.236231	11.501159	1	14	7	1.910219	1.181013	5.161629	3.248298	2.697005	0
holistic	he1273	564	0	0	0	0	15	0	0	0	0	2.973777	0
holistic	he1274	564	0	0	0	0	3	0	0	0	0	0	0
conventional	ce1200	564	0	19.036154	0	14	7	3.745230	1.922479	7.461223	5.907222	0	0
conventional	ce1201	564	0	6.066696	0	14	7	0.573263	0.877798	2.818747	1.796888	2.668847	0
conventional	ce1202	564	0	25.423522	0	14	7	6.324613	1.805558	6.858401	10.434950	1.874997	0
conventional	ce1203	564	0	45.318894	0	14	7	6.680214	3.578126	22.776527	12.284027	2.982751	0
holistic	he1275	565	0	0	0	0	4	0	0	0	0	0	0
holistic	he1276	566	0	0	0	0	12	0	0	0	0	0	0
holistic	he1277	566	0	0	0	0	3	0	0	0	0	0.433254	0
holistic	he1278	566	0	0	0	0	3	0	0	0	0	0	0
holistic	he1279	566	0	0	0	0	12	0	0	0	0	1.897065	0
conventional	ce1204	566	0	30.666568	0	14	7	3.214420	4.120165	16.394209	6.937774	2.707315	0
conventional	ce1205	566	0	33.459032	0	14	7	8.334423	2.432523	10.081887	12.610199	1.874997	0
conventional	ce1206	567	0	60.500289	0	14	7	6.423243	6.763240	31.640520	15.673286	1.868502	0
conventional	ce1207	567	0	44.781480	0	14	7	7.202760	3.117250	22.639959	11.821511	3.381345	0
holistic	he1280	568	0	0	0	0	4	0	0	0	0	0	0
holistic	he1281	568	0	0	0	0	10	0	0	0	0	2.144648	0
conventional	ce1208	568	0.622072	26.762705	1	14	7	2.910009	4.630739	13.880119	5.341838	0.695415	0
holistic	he1282	569	0	0	0	0	8	0	0	0	0	0	0
holistic	he1283	569	2.063967	2.063967	1	1	7	2.063967	0	0	0	1.614439	0
conventional	ce1209	569	0	27.730230	0	14	7	5.336814	0.974350	7.580309	13.838757	0	0
holistic	he1284	570	0	0	0	0	3	0	0	0	0	0	0
holistic	he1285	570	0.696456	0.696456	2	2	9	0	0	0	0.696456	2.177226	0
holistic	he1286	570	0	0	0	0	15	0	0	0	0	1.973589	0
conventional	ce1210	570	0.956681	34.762554	1	14	7	7.909748	3.795116	12.289535	10.768155	0	0
conventional	ce1211	570	0	22.191183	0	14	7	1.213531	5.090178	11.339544	4.547930	0	0
holistic	he1287	571	0.663036	0.663036	2	2	12	0	0	0	0.663036	2.035668	0
holistic	he1288	571	0.616637	0.616637	1	1	16	0	0	0.616637	0	0	0.008847
conventional	ce1212	571	0.956681	37.748396	1	14	7	8.497816	3.025349	13.042443	13.182788	1.361862	0
conventional	ce1213	572	0.300239	27.691504	1	14	7	2.188167	7.705869	12.192412	5.605056	0	0
conventional	ce1214	572	0	27.473145	0	14	7	2.647017	1.309100	10.760845	12.756183	1.657153	0
holistic	he1289	573	1.173230	1.173230	2	2	12	0	0	0	1.173230	3.098446	0
holistic	he1290	573	0	0	0	0	7	0	0	0	0	0.229228	0
holistic	he1291	573	0	0	0	0	10	0	0	0	0	2.144648	0
holistic	he1292	573	0	0	0	0	4	0	0	0	0	0	0
holistic	he1293	573	0	0	0	0	6	0	0	0	0	0.203378	0
holistic	he1294	573	0	0	0	0	8	0	0	0	0	1.436610	0
holistic	he1295	573	0.828100	0.828100	2	2	12	0	0	0	0.828100	1.049464	0
conventional	ce1215	573	0	33.684325	0	14	7	8.639998	2.558215	9.028892	13.457220	1.934425	0
holistic	he1296	574	0	0	0	0	3	0	0	0	0	0.978659	0
holistic	he1297	574	0	0	0	0	2	0	0	0	0	0	0
conventional	ce1216	574	0	3.907087	0	14	7	0.900505	0.266263	1.876919	0.863400	2.668847	0
conventional	ce1217	574	0	41.016805	0	14	7	5.821060	4.382211	20.291107	10.522427	2.038949	0
holistic	he1298	575	0	0	0	0	18	0	0	0	0	2.074589	0
holistic	he1299	575	0	0	0	0	5	0	0	0	0	0	0
holistic	he1300	575	0	20.576808	0	9	15	0	0	0	20.576808	3.165528	0
conventional	ce1218	575	0	43.606726	0	14	7	4.586444	2.137313	22.777139	14.105830	3.162562	0
holistic	he1301	577	0	0	0	0	2	0	0	0	0	0	0
holistic	he1302	577	0	0	0	0	10	0	0	0	0	2.809492	0
holistic	he1303	577	0	0	0	0	5	0	0	0	0	0.857102	0
holistic	he1304	578	0	0	0	0	15	0	0	0	0	4.933608	0
holistic	he1305	578	0	0	0	0	10	0	0	0	0	0	0
holistic	he1306	578	0	0	0	0	4	0	0	0	0	0	0
holistic	he1307	578	0	0	0	0	16	0	0	0	0	0	1.234112
conventional	ce1219	578	0	39.303781	0	14	7	9.772476	1.968938	14.236391	13.325976	1.874997	0
conventional	ce1220	578	0.676221	10.798082	1	14	7	1.265847	1.859775	4.612369	3.060091	2.809999	0
holistic	he1308	579	0	0	0	0	25	0	0	0	0	0.018785	0
holistic	he1309	579	2.043196	2.043196	2	2	12	0	0	0	2.043196	0.055316	0
holistic	he1310	579	0.669161	0.669161	1	1	12	0	0	0	0.669161	1.410387	0
holistic	he1311	580	0	0	0	0	5	0	0	0	0	0.176100	0
conventional	ce1221	580	0.956681	40.375883	1	14	7	7.593670	4.187580	12.799512	15.795121	0	0
holistic	he1312	581	0	0	0	0	9	0	0	0	0	0.065046	0
holistic	he1313	581	0.696456	0.696456	2	2	9	0	0	0	0.696456	3.224784	0
holistic	he1314	581	0	0	0	0	5	0	0	0	0	0	0
holistic	he1315	581	1.044684	1.044684	3	3	11	0	0	0	1.044684	4.280772	0
conventional	ce1222	581	0	39.994361	0	14	7	6.719461	4.185482	16.514706	12.574712	3.013626	0
conventional	ce1223	581	0	37.683860	0	14	7	8.742664	1.635102	13.752223	13.553871	1.874997	0
holistic	he1316	582	0	0	0	0	8	0	0	0	0	0	0
holistic	he1317	582	0	0	0	0	4	0	0	0	0	0	0
holistic	he1318	582	0.727052	1.146030	2	2	9	0	0	0	1.146030	2.177226	0
holistic	he1319	583	0.696456	0.696456	2	2	12	0	0	0	0.696456	1.122356	0
holistic	he1320	583	0	0	0	0	12	0	0	0	0	1.897065	0
conventional	ce1224	583	0	56.329837	0	14	7	6.389745	7.883581	28.121484	13.935027	2.188675	0
conventional	ce1225	583	0	23.594561	0	14	7	3.855791	5.440562	10.324784	3.973424	0	0
holistic	he1321	584	0	0	0	0	14	0	0	0	0	0	0
holistic	he1322	584	0.616637	0.616637	1	1	15	0	0	0.616637	0	0	0.017694
conventional	ce1226	584	0.956681	36.958214	1	14	7	3.851033	2.417853	23.210662	7.478666	0	0
conventional	ce1227	584	0	38.090250	0	14	7	9.395771	2.321261	14.657903	11.715315	2.024668	0
conventional	ce1228	584	0.956681	38.905451	1	14	7	6.650967	4.201459	12.187476	15.865549	0.692858	0
holistic	he1323	585	0	0	0	0	14	0	0	0	0	0	0
holistic	he1324	585	2.317246	2.317246	2	2	9	0	0	0	2.317246	2.177226	0
holistic	he1325	585	0	0	0	0	12	0	0	0	0	0.362448	0
conventional	ce1229	585	0	31.050120	0	14	7	9.355086	3.233444	10.499123	7.962467	2.252427	0
holistic	he1326	586	0	0	0	0	4	0	0	0	0	0	0
holistic	he1327	586	0.218554	0.218554	2	2	8	0.218554	0	0	0	0	0
conventional	ce1230	586	0	31.878489	0	14	7	1.937588	1.889270	16.574529	11.477102	2.176989	0
conventional	ce1231	586	0	27.022073	0	14	7	9.369603	4.069067	6.446116	7.137287	1.891116	0
holistic	he1328	587	0	0	0	0	14	0	0	0	0	0	2.710758
conventional	ce1232	587	0	36.227510	0	14	7	4.564916	1.983144	19.706854	9.972596	3.025710	0
holistic	he1329	588	0	0	0	0	3	0	0	0	0	0	0
holistic	he1330	588	0.488790	0.488790	2	2	12	0	0	0	0.488790	2.068198	0
holistic	he1331	588	0	0	0	0	16	0	0	0	0	0	0
holistic	he1332	589	0	0	0	0	15	0	0	0	0	3.501012	0
conventional	ce1233	589	0.620952	17.678484	1	14	7	1.361252	1.513011	8.783788	6.020433	0.188527	0
holistic	he1333	590	1.741140	1.741140	5	5	12	0	0	0	1.741140	12.250290	0
holistic	he1334	591	0	0	0	0	3	0	0	0	0	0	0
holistic	he1335	591	1.044684	1.044684	3	3	9	0	0	0	1.044684	3.868647	0
conventional	ce1234	591	0	14.460760	0	14	7	2.542691	0.389406	8.079506	3.449157	3.047913	0
conventional	ce1235	591	0.470279	22.854165	1	14	7	0.651250	6.822970	9.569355	5.810590	0	0
holistic	he1336	592	0	0	0	0	10	0	0	0	0	0	0
holistic	he1337	592	0	0	0	0	3	0	0	0	0	0	0
holistic	he1338	592	0.696456	0.696456	2	2	9	0	0	0	0.696456	2.853848	0
holistic	he1339	593	4.127934	4.127934	2	2	14	4.127934	0	0	0	2.378190	0
conventional	ce1236	593	0.620952	18.523168	1	14	7	1.317240	1.479377	9.525709	6.200842	0.043344	0
conventional	ce1237	593	0	27.429661	0	14	7	7.348647	4.140282	9.021718	6.919014	2.388306	0
conventional	ce1238	593	0.734740	23.084662	1	14	7	1.948017	0.821293	8.244982	12.070370	2.319946	0
conventional	ce1239	593	0.152317	26.277650	1	14	7	2.626681	6.115412	11.175463	6.360094	0	0
holistic	he1340	594	0	0	0	0	8	0	0	0	0	0	0
holistic	he1341	595	0	1.082583	0	9	15	1.082583	0	0	0	1.973589	0
conventional	ce1240	595	0.622072	37.627647	1	14	7	5.926677	4.821616	17.868062	9.011292	0.695415	0
conventional	ce1241	595	0	28.938852	0	14	7	4.464737	0.994921	8.417165	15.062029	0	0
holistic	he1342	596	1.044684	1.044684	3	3	9	0	0	0	1.044684	3.868647	0
holistic	he1343	596	0	0	0	0	1	0	0	0	0	0	0
holistic	he1344	596	0.218554	0.218554	2	2	8	0.218554	0	0	0	0	0
conventional	ce1242	596	0	30.343915	0	14	7	3.872362	4.258943	15.135011	7.077599	2.585390	0
holistic	he1345	597	0	0	0	0	8	0	0	0	0	3.181022	0
holistic	he1346	597	0	0	0	0	12	0	0	0	0	0	0.008847
conventional	ce1243	597	0.285701	26.501957	1	14	7	3.629856	6.301065	9.447052	7.123984	0	0
conventional	ce1244	597	0	19.839506	0	14	7	3.853578	2.980631	7.837811	5.167486	1.128751	0
conventional	ce1245	598	0	11.710440	0	14	7	0.678341	2.604481	3.909447	4.518171	2.388306	0
conventional	ce1246	598	0	34.718382	0	14	7	9.369241	4.585048	12.898714	7.865379	2.116589	0
holistic	he1347	599	0	0	0	0	4	0	0	0	0	0	0
holistic	he1348	599	0	0	0	0	1	0	0	0	0	0	0
conventional	ce1247	599	0	43.269494	0	14	7	6.318571	2.790583	21.225504	12.934836	3.381345	0
holistic	he1349	600	0	0	0	0	9	0	0	0	0	0.065046	0
holistic	he1350	600	0	0	0	0	0	0	0	0	0	0	0
holistic	he1351	600	1.044684	1.044684	3	3	9	0	0	0	1.044684	4.328772	0
holistic	he1352	600	0	0	0	0	12	0	0	0	0	0.528300	0
holistic	he1353	600	1.604899	1.604899	2	2	13	0	0	1.604899	0	0	0.026541
conventional	ce1248	600	0	3.897134	0	14	7	0.849870	0.506354	2.145915	0.394995	2.864654	0
conventional	ce1249	600	0	61.710955	0	14	7	6.027728	9.326678	30.203755	16.152794	2.694439	0
conventional	ce1250	600	1.375364	52.975871	1	14	7	12.569913	4.217934	15.763257	20.424767	0	0
conventional	ce1251	600	0.575147	12.095553	1	14	7	1.348328	1.791555	4.609268	4.346402	2.809999	0
conventional	ce1252	601	0.622072	37.396440	1	14	7	6.142737	5.416623	16.346422	9.490658	0.695415	0
conventional	ce1253	601	0.172924	44.269696	1	14	7	5.703336	3.313347	21.792081	13.460932	2.627312	0
conventional	ce1254	601	0	62.403702	0	14	7	8.024137	6.907620	29.354285	18.117660	2.188675	0
conventional	ce1255	601	0	31.745823	0	14	7	5.090160	1.414911	9.697129	15.543623	0	0
conventional	ce1256	602	0.470279	25.288771	1	14	7	3.490118	5.593533	10.622812	5.582308	0	0
holistic	he1354	603	0	0	0	0	8	0	0	0	0	1.876464	0
holistic	he1355	603	0	0	0	0	9	0	0	0	0	0.065046	0
holistic	he1356	603	1.044684	1.044684	3	3	9	0	0	0	1.044684	4.187358	0
conventional	ce1257	603	0.620952	14.151270	1	13	7	1.747318	0.491871	7.301900	4.610181	0.123192	0
holistic	he1357	604	0	20.576808	0	9	15	0	0	0	20.576808	1.179822	0
holistic	he1358	604	0	0	0	0	18	0	0	0	0	0.593762	0
holistic	he1359	604	0.488790	0.488790	2	2	12	0	0	0	0.488790	2.068198	0
holistic	he1360	604	0	0	0	0	10	0	0	0	0	2.144648	0
holistic	he1361	604	2.043196	2.043196	2	2	12	0	0	0	2.043196	0.858024	0
holistic	he1362	604	0	0	0	0	14	0	0	0	0	0	2.710758
holistic	he1363	604	0	0	0	0	15	0	0	0	0	3.135222	0
conventional	ce1258	604	0	5.280576	0	14	7	0.800264	1.052697	2.294563	1.133052	0	0
conventional	ce1259	604	0.575147	14.692122	1	14	7	1.981475	1.883909	4.837624	5.989114	1.649243	0
conventional	ce1260	605	0.494409	19.547625	1	14	7	2.341898	2.202646	6.108705	8.894376	1.444811	0
conventional	ce1261	605	0.344706	39.645028	1	14	7	7.831707	1.013068	18.177513	12.622740	0	0
conventional	ce1262	606	0.879545	28.817334	1	14	7	3.542516	4.514701	14.769329	5.990788	0.695415	0
conventional	ce1263	606	0	31.707916	0	14	7	7.022306	2.131205	14.887820	7.666585	1.510102	0
conventional	ce1264	606	0.688312	30.723285	1	14	7	5.530725	6.349742	12.043713	6.799105	0	0
conventional	ce1265	606	0.956681	37.578536	1	14	7	4.113981	2.343360	23.884032	7.237163	0	0
holistic	he1364	607	1.044684	1.044684	3	3	8	0	0	0	1.044684	2.709318	0
conventional	ce1266	607	0.159813	19.078088	1	14	7	2.283708	2.274040	5.874718	8.645622	1.444811	0
conventional	ce1267	607	1.375364	47.617111	1	14	7	10.619704	3.327773	15.964570	17.705064	0	0
conventional	ce1268	607	0.956681	38.695757	1	14	7	2.995621	2.809647	24.841866	8.048623	0	0
holistic	he1365	608	0	0	0	0	10	0	0	0	0	0	0
holistic	he1366	608	2.317246	2.317246	2	2	9	0	0	0	2.317246	2.177226	0
holistic	he1367	608	2.043196	2.043196	2	2	12	0	0	0	2.043196	0.055316	0
holistic	he1368	608	0.727052	1.146030	2	2	9	0	0	0	1.146030	1.961702	0
conventional	ce1269	608	0	48.779925	0	14	7	13.624747	4.370308	13.930789	16.854081	2.417844	0
conventional	ce1270	608	0.152317	25.634863	1	14	7	3.309107	5.186767	10.330547	6.808442	0	0
conventional	ce1271	608	0	26.036202	0	14	7	4.803285	1.755457	7.006146	12.471314	0	0
conventional	ce1272	608	0	39.446743	0	14	7	12.874535	4.815900	16.439495	5.316813	1.897060	0
holistic	he1369	609	0	0	0	0	6	0	0	0	0	0	0
holistic	he1370	610	0	0	0	0	15	0	0	0	0	1.179822	0
conventional	ce1273	610	0	28.703381	0	14	7	6.980305	3.458268	6.539061	11.725747	0	0
holistic	he1371	611	0	0	0	0	4	0	0	0	0	0	0
conventional	ce1274	611	0.522541	34.865242	1	14	7	2.952572	2.642775	18.009737	11.260158	0.464992	0
holistic	he1372	612	0	0	0	0	2	0	0	0	0	0	0
holistic	he1373	612	0	0	0	0	4	0	0	0	0	0	0
holistic	he1374	612	0	11.106576	0	9	15	0	0	0	11.106576	3.092100	0
holistic	he1375	613	3.064794	3.064794	3	3	14	0	0	0	3.064794	0.656316	0
holistic	he1376	613	0	0	0	0	2	0	0	0	0	0	0
holistic	he1377	613	0	0	0	0	6	0	0	0	0	5.337723	0
conventional	ce1275	614	0	30.195921	0	14	7	9.355086	2.713323	10.165045	7.962467	2.252427	0
holistic	he1378	615	0.551530	0.585886	1	2	12	0	0	0	0.585886	1.001699	0
conventional	ce1276	615	0.470279	24.346738	1	14	7	0.931987	7.506440	10.187377	5.720934	0	0
holistic	he1379	616	0	0	0	0	8	0	0	0	0	1.076842	0
holistic	he1380	616	0	0	0	0	4	0	0	0	0	0	0
conventional	ce1277	616	0	30.356884	0	14	7	11.399667	0.989945	11.156124	6.811148	2.125955	0
conventional	ce1278	616	0.634939	41.534929	1	14	7	8.498700	4.224455	12.396227	16.415547	0.383435	0
conventional	ce1279	616	0.344706	40.011113	1	14	7	5.445498	1.348500	20.221949	12.995166	0	0
holistic	he1381	617	0	0	0	0	16	0	0	0	0	0	0
holistic	he1382	617	0	0	0	0	10	0	0	0	0	2.227710	0
conventional	ce1280	617	0	35.877811	0	14	7	5.313668	1.277624	9.298194	19.988325	0	0
conventional	ce1281	617	0.622072	37.031263	1	14	7	5.561227	4.574779	17.883965	9.011292	0.695415	0
conventional	ce1282	617	0	30.297801	0	14	7	7.982811	4.073605	10.435357	7.806028	2.252427	0
conventional	ce1283	617	1.253497	26.300173	1	14	7	2.434994	5.785970	11.112062	6.967147	0.366046	0
conventional	ce1284	617	0.711215	27.298051	1	14	7	1.948244	2.427461	12.041720	10.880626	1.444811	0
holistic	he1383	618	1.044684	1.044684	3	3	9	0	0	0	1.044684	4.342572	0
conventional	ce1285	618	0	30.146339	0	14	7	9.930974	4.052510	9.120916	7.041939	0	0
conventional	ce1286	618	0	37.505434	0	14	7	8.742664	1.635102	14.528377	12.599291	1.874997	0
conventional	ce1287	618	0	36.639803	0	14	7	9.387754	2.153597	13.619710	11.478742	1.851355	0
holistic	he1384	619	1.044684	1.044684	3	3	12	0	0	0	1.044684	7.482969	0
conventional	ce1288	619	0	29.858876	0	14	7	6.743175	4.076453	10.946703	8.092545	0	0
holistic	he1385	620	0	0.991416	0	6	18	0.991416	0	0	0	0	0
holistic	he1386	621	1.233274	1.233274	2	2	13	0	0	1.233274	0	0	1.209842
holistic	he1387	623	2.043196	2.043196	2	2	12	0	0	0	2.043196	0.276046	0
holistic	he1388	623	1.044684	1.044684	3	3	11	0	0	0	1.044684	4.280772	0
conventional	ce1289	623	0.522541	32.033718	1	14	7	2.744938	3.109421	17.287210	8.892149	0.481147	0
conventional	ce1290	623	0.622072	25.761349	1	14	7	2.855431	4.411091	13.258839	5.235988	1.045701	0
conventional	ce1291	623	0	33.841228	0	14	7	3.480134	1.277624	8.759240	20.324230	0	0
holistic	he1389	624	0.572172	0.675072	2	2	11	0	0	0	0.675072	2.627836	0
conventional	ce1292	624	0	33.531263	0	14	7	11.118194	3.833887	11.570286	7.008896	2.252427	0
conventional	ce1293	624	0.956681	43.477938	1	14	7	8.377585	2.765363	15.859578	16.475412	0	0
conventional	ce1294	624	0	33.131427	0	14	7	3.310190	3.625632	18.843839	7.351766	2.707315	0
holistic	he1390	625	0.218554	0.218554	2	2	8	0.218554	0	0	0	0	0
holistic	he1391	626	0	0	0	0	12	0	0	0	0	1.847271	0
holistic	he1392	626	0	0	0	0	9	0	0	0	0	0.065046	0
conventional	ce1295	626	1.253497	29.586058	1	14	7	4.593799	6.890002	10.881232	7.221025	0.366046	0
conventional	ce1296	626	0.159813	22.267734	1	14	7	2.007186	2.426245	8.177387	9.656916	1.444811	0
conventional	ce1297	626	0	27.093662	0	14	7	5.808534	3.468516	11.376258	6.440354	2.341624	0
conventional	ce1298	627	0.622072	53.398778	1	14	7	6.620774	6.887442	27.563498	12.327064	0.695415	0
holistic	he1393	628	1.044684	1.044684	3	3	9	0	0	0	1.044684	4.216983	0
holistic	he1394	628	2.317246	2.317246	2	2	9	0	0	0	2.317246	2.177226	0
holistic	he1395	628	0	0	0	0	1	0	0	0	0	0	0
holistic	he1396	628	0	0	0	0	4	0	0	0	0	0	0
conventional	ce1299	628	0	31.367900	0	14	7	4.468845	2.251480	7.370312	17.277263	0	0
conventional	ce1300	628	0.344706	31.317705	1	14	7	5.245694	4.072593	13.276889	8.722529	0	0
conventional	ce1301	628	0.260489	55.461145	1	14	7	8.071832	2.545120	29.150056	15.694137	2.727871	0
conventional	ce1302	629	0	38.414153	0	14	7	8.680630	1.840174	12.882504	15.010845	1.874997	0
holistic	he1397	630	2.043196	2.043196	2	2	12	0	0	0	2.043196	0.589192	0
holistic	he1398	630	0	0	0	0	9	0	0	0	0	0	0
conventional	ce1303	630	0	36.440087	0	14	7	12.057633	4.782249	14.655469	4.944736	2.001105	0
holistic	he1399	631	0	0	0	0	3	0	0	0	0	0	0
holistic	he1400	632	0	3.439146	0	1	5	0	0	0	3.439146	1.055176	0
holistic	he1401	632	2.043196	2.043196	2	2	16	0	0	0	2.043196	1.595792	0
holistic	he1402	632	0.305625	0.305625	3	3	17	0	0	0.305625	0	0	0
conventional	ce1304	632	0	24.136795	0	14	7	5.480510	5.880333	6.597834	6.178118	2.388306	0
conventional	ce1305	632	0.494409	22.542745	1	14	7	0.869206	4.621467	8.036837	9.015235	0.726471	0
holistic	he1403	633	2.043196	2.043196	2	2	10	0	0	0	2.043196	0.055316	0
holistic	he1404	633	0.989739	0.989739	3	3	9	0	0	0	0.989739	4.658355	0
holistic	he1405	633	0	0	0	0	1	0	0	0	0	0	0
conventional	ce1306	633	0	39.094648	0	14	7	10.597601	4.062285	19.317637	5.117125	2.953899	0
holistic	he1406	634	0.696456	0.696456	2	2	7	0	0	0	0.696456	2.895048	0
holistic	he1407	634	0	0	0	0	9	0	0	0	0	0.065046	0
holistic	he1408	634	2.317246	2.317246	2	2	9	0	0	0	2.317246	2.177226	0
conventional	ce1307	634	1.820487	30.623572	1	14	7	0.748361	2.914750	13.410437	13.550024	2.973107	0
conventional	ce1308	634	0.243158	21.991365	1	14	7	0.657323	6.312609	11.889067	3.132366	0	0
holistic	he1409	635	0.218554	0.218554	2	2	8	0.218554	0	0	0	0	0
holistic	he1410	635	0	0	0	0	8	0	0	0	0	0	0
holistic	he1411	635	0	0	0	0	17	0	0	0	0	0	0
conventional	ce1309	635	0.606205	29.265115	1	14	7	5.564745	3.500487	13.130724	7.069159	0	0
conventional	ce1310	635	0	62.582992	0	14	7	7.248787	10.381353	28.393109	16.559743	2.188675	0
holistic	he1412	637	0	0	0	0	1	0	0	0	0	0	0
holistic	he1413	637	0.330230	0.330230	2	2	12	0	0	0	0.330230	3.015896	0
conventional	ce1311	637	1.253497	46.848375	1	14	7	2.895051	2.805238	34.018942	7.129144	0.366046	0
conventional	ce1312	638	0	33.421053	0	14	7	8.469163	4.570898	11.929211	8.451781	1.891116	0
holistic	he1414	639	0	0	0	0	12	0	0	0	0	1.615263	0
holistic	he1415	639	0	0.373482	0	2	15	0	0	0	0.373482	1.179822	0
conventional	ce1313	639	0	37.165932	0	14	7	7.542844	1.204587	16.036952	12.381549	1.874997	0
conventional	ce1314	640	0	40.638882	0	14	7	13.451274	3.812154	15.095483	8.279971	1.874997	0
holistic	he1416	641	0	0	0	0	12	0	0	0	0	0.538944	0
holistic	he1417	641	0	0	0	0	12	0	0	0	0	0	0
holistic	he1418	641	0.989739	0.989739	3	3	9	0	0	0	0.989739	5.803671	0
conventional	ce1315	641	0	10.745260	0	14	7	0.824874	2.432836	3.033463	4.454087	0.695415	0
conventional	ce1316	641	0	34.863309	0	14	7	3.310190	3.585000	19.901814	8.066305	2.437879	0
holistic	he1419	642	0.488790	0.488790	2	2	12	0	0	0	0.488790	1.746960	0
holistic	he1420	642	0.727052	1.539502	2	2	9	0	0	0	1.539502	1.961702	0
holistic	he1421	642	0	0	0	0	8	0	0	0	0	1.076842	0
conventional	ce1317	642	1.117676	24.774076	2	14	7	3.570743	4.539120	9.282439	7.381774	0	0
conventional	ce1318	642	0	57.216197	0	14	7	8.175271	6.898075	28.248326	13.894525	2.252427	0
conventional	ce1319	642	0	21.836854	0	7	7	2.294579	0.168281	7.186218	12.187776	0	0
holistic	he1422	643	0	0	0	0	14	0	0	0	0	0	0
holistic	he1423	643	1.044684	1.044684	3	3	9	0	0	0	1.044684	4.928418	0
holistic	he1424	643	3.232914	3.232914	2	2	9	0	0	0	3.232914	3.863692	0
conventional	ce1320	643	1.253497	24.227824	1	14	7	2.447887	3.415232	8.942038	9.422667	0.366046	0
conventional	ce1321	643	0	33.054929	0	14	7	11.654489	2.055262	10.957514	8.387664	1.747705	0
holistic	he1425	644	0	0	0	0	15	0	0	0	0	1.179822	0
conventional	ce1322	644	0	31.800109	0	14	7	7.313298	3.754760	13.978134	6.753917	0.464992	0
conventional	ce1323	644	1.375364	58.171166	1	14	7	19.323721	4.107717	15.881097	18.858631	0	0
conventional	ce1324	644	0	42.293911	0	14	7	10.389215	2.121745	14.160587	15.622364	0	0
conventional	ce1325	644	0.622072	29.939893	1	14	7	4.308408	4.210528	11.873233	9.547724	0.695415	0
holistic	he1426	645	0	0	0	0	15	0	0	0	0	1.179822	0
holistic	he1427	645	0	0	0	0	9	0	0	0	0	0.750696	0
holistic	he1428	645	0	0	0	0	10	0	0	0	0	3.014600	0
holistic	he1429	645	0.696456	0.139236	2	2	9	0	0	0	0.139236	2.853848	0
conventional	ce1326	645	0	35.480490	0	14	7	2.718378	4.140732	20.237507	8.383873	2.707315	0
conventional	ce1327	645	0	31.373991	0	14	7	2.289587	2.746312	18.549456	7.788636	1.953466	0
holistic	he1430	646	1.021598	1.021598	1	1	6	0	0	0	1.021598	0.429012	0
holistic	he1431	646	0	0	0	0	3	0	0	0	0	0	0
conventional	ce1328	646	0	40.649504	0	14	7	8.944316	1.650674	12.656622	17.397892	0	0
conventional	ce1329	646	0	34.362158	0	14	7	2.304187	4.008704	19.012956	9.036311	3.220378	0
holistic	he1432	647	0	0	0	0	4	0	0	0	0	0.330746	0
holistic	he1433	647	0	0	0	0	4	0	0	0	0	0	0
conventional	ce1330	647	0	35.616239	0	14	7	12.791022	3.623253	13.791181	5.410783	1.186528	0
conventional	ce1331	647	0.622072	27.291405	1	14	7	4.064335	5.178152	11.435174	6.613744	0.969310	0
holistic	he1434	648	1.589526	1.589526	2	2	12	0	0	0	1.589526	2.068198	0
holistic	he1435	648	0	0	0	0	8	0	0	0	0	0.107834	0
holistic	he1436	648	1.044684	1.044684	3	3	9	0	0	0	1.044684	5.334324	0
conventional	ce1332	648	0.063497	20.852293	1	14	7	3.035895	1.253556	10.501640	6.061202	0	0
conventional	ce1333	649	0	26.497797	0	14	7	9.148684	1.786492	10.147322	5.415299	0	0
conventional	ce1334	650	0.575147	15.755733	1	14	7	2.715309	1.648772	5.561342	5.830310	2.895120	0
conventional	ce1335	650	1.097865	26.703350	1	14	7	3.793304	5.171718	11.343447	6.394881	0	0
holistic	he1437	651	1.456136	1.456136	2	2	12	0	0	0	1.456136	0.214956	0
holistic	he1438	651	0	0	0	0	10	0	0	0	0	0	0
holistic	he1439	651	0	0	0	0	12	0	0	0	0	3.802671	0
holistic	he1440	651	0	0	0	0	15	0	0	0	0	1.179822	0
conventional	ce1336	651	0.622072	27.139737	1	14	7	3.661585	5.271049	11.515075	6.692028	0.969310	0
holistic	he1441	652	2.096667	2.096667	6	6	9	1.051983	0	0	1.044684	3.961020	0
holistic	he1442	652	2.317246	2.317246	2	2	9	0	0	0	2.317246	1.776122	0
holistic	he1443	653	0	0	0	0	6	0	0	0	0	1.750592	0
holistic	he1444	653	0	0	0	0	10	0	0	0	0	1.213486	0
conventional	ce1337	653	0	36.910416	0	14	7	11.890361	4.501524	12.275477	8.243054	0	0
conventional	ce1338	653	0	21.499183	0	14	7	4.443739	5.774212	5.231435	6.049797	2.132290	0
conventional	ce1339	653	0.182870	20.824493	1	14	7	2.884893	3.491985	5.584925	8.862690	1.444811	0
conventional	ce1340	653	0	59.216879	0	14	7	9.094582	7.688091	27.858056	14.576150	2.252427	0
conventional	ce1341	653	0.344706	37.289044	1	14	7	5.270310	1.194147	18.615305	12.209282	0	0
holistic	he1445	654	0	0	0	0	7	0	0	0	0	0	0
holistic	he1446	654	0	0	0	0	7	0	0	0	0	0	0
holistic	he1447	654	1.044684	1.044684	3	3	9	0	0	0	1.044684	3.868647	0
holistic	he1448	655	0	20.576808	0	9	15	0	0	0	20.576808	1.179822	0
conventional	ce1342	655	0.288462	23.897351	1	14	7	1.759870	2.268756	10.055216	9.813509	1.905784	0
conventional	ce1343	655	0	38.796944	0	14	7	8.385359	2.147883	13.400964	14.862738	1.874997	0
holistic	he1449	656	0	0	0	0	10	0	0	0	0	0	0
holistic	he1450	656	0	0	0	0	16	0	0	0	0	0	0
holistic	he1451	656	0	0	0	0	12	0	0	0	0	1.454112	0
holistic	he1452	656	0	0	0	0	10	0	0	0	0	1.213486	0
conventional	ce1344	656	0.470279	33.487060	1	14	7	5.005227	1.570829	10.433514	16.477490	0	0
holistic	he1453	658	3.894575	3.894575	5	5	13	0	0	0	3.894575	8.890540	0
conventional	ce1345	658	0	31.075396	0	14	7	3.589334	2.749021	9.691994	15.045047	0	0
holistic	he1454	660	0	0	0	0	7	0	0	0	0	0	0
holistic	he1455	660	0	0	0	0	1	0	0	0	0	0	0
holistic	he1456	660	0	0	0	0	9	0	0	0	0	0.065046	0
conventional	ce1346	660	0	27.846777	0	13	7	4.278162	1.219840	5.832293	16.516482	0	0
conventional	ce1347	660	0.956681	39.340820	1	14	7	2.735261	3.634814	24.776322	8.194423	0	0
conventional	ce1348	660	0	24.240949	0	14	7	3.558988	2.485125	9.850811	8.346025	1.238040	0
holistic	he1457	661	0.696456	0.696456	2	2	7	0	0	0	0.696456	2.895048	0
conventional	ce1349	661	0	35.701392	0	14	7	2.850195	3.796575	20.544336	8.510286	2.707315	0
conventional	ce1350	661	0	39.421042	0	14	7	13.571112	3.537970	13.680458	8.631502	1.874997	0
conventional	ce1351	661	0	39.319299	0	14	7	14.102234	4.690104	15.004174	5.522787	1.483492	0
conventional	ce1352	661	0	58.989359	0	14	7	8.768636	6.964003	28.765380	14.491340	2.298970	0
holistic	he1458	662	0	0	0	0	12	0	0	0	0	0.991233	0
conventional	ce1353	662	0	36.245971	0	14	7	8.234675	1.818576	11.355957	14.836763	1.874997	0
conventional	ce1354	662	0	35.430653	0	14	7	13.318971	4.315097	10.551288	7.245297	0	0
holistic	he1459	663	0	0	0	0	5	0	0	0	0	0	6.747924
holistic	he1460	663	0	0	0	0	12	0	0	0	0	0.538944	0
holistic	he1461	663	0	0	0	0	4	0	0	0	0	1.319418	0
holistic	he1462	663	0.989739	0.257901	3	3	9	0	0	0	0.257901	5.803671	0
conventional	ce1355	663	0.622072	39.980173	1	14	7	3.684194	6.789102	20.323485	9.183392	0.695415	0
conventional	ce1356	663	0.622072	26.431116	1	14	7	3.816257	5.178152	11.259981	6.176726	1.393095	0
conventional	ce1357	663	1.059255	46.791975	1	14	7	7.399736	0.677887	22.589330	16.125022	0	0
holistic	he1463	664	0.696456	0.139236	2	2	11	0	0	0	0.139236	5.300626	0
holistic	he1464	664	0.218554	0.218554	2	2	14	0.218554	0	0	0	0	0
holistic	he1465	664	0	0	0	0	12	0	0	0	0	0.187419	0
holistic	he1466	664	0.459792	0.459792	1	1	13	0	0	0.459792	0	0	0
holistic	he1467	664	2.043196	2.043196	2	2	12	0	0	0	2.043196	0.919116	0
holistic	he1468	664	0	0	0	0	8	0	0	0	0	2.878252	0
holistic	he1469	664	2.648832	4.915014	3	6	8	0	0	0	4.915014	7.350174	0
holistic	he1470	664	0.724752	0.724752	3	3	9	0	0	0	0.724752	5.334324	0
conventional	ce1358	664	0	43.992819	0	14	7	5.637831	0.730480	25.713607	11.910901	1.011755	0
conventional	ce1359	664	0.956681	28.528171	1	14	7	2.982785	3.564267	14.892007	7.089112	1.104401	0
conventional	ce1360	664	0	15.988962	0	14	7	2.340264	0.489996	8.022885	5.135817	0	0
conventional	ce1361	664	0.494409	18.705871	1	14	7	1.883742	1.702232	7.319992	7.799905	1.444811	0
holistic	he1471	665	0	0	0	0	8	0	0	0	0	1.454896	0
holistic	he1472	665	3.064794	3.064794	3	3	16	0	0	0	3.064794	0.656316	0
conventional	ce1362	665	0.243158	21.397073	1	14	7	0.666942	6.322326	10.559350	3.848455	0	0
conventional	ce1363	665	0	31.673779	0	14	7	9.311301	3.649419	10.545196	8.167863	0	0
conventional	ce1364	665	0.570986	55.507801	1	14	7	6.860758	7.956893	28.721090	11.969060	0	0
conventional	ce1365	665	0	15.192732	0	14	7	0.850610	1.717064	5.472044	7.153014	0	0
holistic	he1473	667	0	0	0	0	15	0	0	0	0	1.179822	0
conventional	ce1366	667	0	43.725603	0	14	7	8.902036	2.121745	16.973866	15.727956	0	0
conventional	ce1367	667	0	29.952977	0	14	7	8.548153	3.045632	11.046064	7.313128	2.252427	0
holistic	he1474	668	0	0	0	0	10	0	0	0	0	1.213486	0
holistic	he1475	668	0	0	0	0	12	0	0	0	0	0	0
holistic	he1476	668	0	0	0	0	16	0	0	0	0	0	0
holistic	he1477	668	0	0	0	0	6	0	0	0	0	5.337723	0
holistic	he1478	668	0.696456	0.696456	2	2	7	0	0	0	0.696456	2.263156	0
holistic	he1479	668	0.801238	0.801238	2	2	10	0	0	0	0.801238	0	0
conventional	ce1368	668	0	32.471359	0	14	7	3.295209	3.470132	18.742645	6.963373	2.707315	0
conventional	ce1369	668	0.311996	33.070178	1	14	7	7.293148	3.735327	12.239133	9.802570	0.944319	0
conventional	ce1370	668	0.956681	39.718899	1	14	7	2.851486	3.375702	25.297288	8.194423	0	0
conventional	ce1371	668	0	30.401357	0	14	7	9.930974	4.224679	9.308591	6.937113	0	0
holistic	he1480	669	1.021598	1.021598	1	1	8	0	0	0	1.021598	0.342597	0
holistic	he1481	670	0.696456	0.139236	2	2	11	0	0	0	0.139236	5.598076	0
conventional	ce1372	670	0	29.544507	0	14	7	3.965959	2.125987	16.221487	7.231074	2.643257	0
conventional	ce1373	670	0	45.558613	0	14	7	11.415099	2.616842	15.895680	15.630992	0	0
holistic	he1482	671	0	0	0	0	3	0	0	0	0	0	0
holistic	he1483	671	1.044684	1.044684	3	3	9	0	0	0	1.044684	4.342572	0
holistic	he1484	671	2.043196	2.043196	2	2	9	0	0	0	2.043196	0.276046	0
holistic	he1485	671	0.278168	0.278168	2	2	18	0.278168	0	0	0	0	0
conventional	ce1374	671	0	15.319295	0	14	7	0.850610	3.019045	4.515702	6.933938	0	0
holistic	he1486	672	1.969826	1.969826	2	2	12	0	0	0	1.969826	0.763756	0
holistic	he1487	672	0	0	0	0	12	0	0	0	0	0.557814	0
holistic	he1488	673	1.496828	1.496828	4	4	12	0	0	0	1.496828	4.118676	0
holistic	he1489	673	0	0	0	0	2	0	0	0	0	0	0
holistic	he1490	673	0	0	0	0	12	0	0	0	0	5.727318	0
holistic	he1491	673	0	0	0	0	12	0	0	0	0	0	0
conventional	ce1375	673	0	26.891052	0	14	7	3.319923	7.706735	9.424430	6.439964	2.388306	0
holistic	he1492	674	0	0	0	0	6	0	0	0	0	0	0
holistic	he1493	674	0	0	0	0	8	0	0	0	0	1.989190	0
conventional	ce1376	674	0	33.265946	0	14	7	7.598640	4.371668	12.469290	8.826348	2.037963	0
holistic	he1494	675	0	0	0	0	10	0	0	0	0	1.329662	0
conventional	ce1377	675	0.494409	24.305608	1	14	7	0.899389	5.950138	12.708565	4.747516	1.444811	0
holistic	he1495	676	1.044684	1.044684	3	3	9	0	0	0	1.044684	6.056406	0
holistic	he1496	676	0	0	0	0	2	0	0	0	0	0	0
holistic	he1497	677	1.044684	1.044684	3	3	10	0	0	0	1.044684	7.504470	0
holistic	he1498	677	0	0	0	0	12	0	0	0	0	0.822342	0
holistic	he1499	677	0	0	0	0	1	0	0	0	0	0	0
holistic	he1500	677	1.746654	1.746654	2	2	10	1.746654	0	0	0	0	0
conventional	ce1378	677	1.109253	28.231614	1	14	7	6.531862	4.189050	10.944600	6.566102	0	0
conventional	ce1379	677	0	18.704015	0	14	7	0.575773	2.111187	6.866465	9.150590	0	0
conventional	ce1380	677	0	33.415695	0	14	7	1.024595	4.140732	20.679758	7.570610	2.713681	0
holistic	he1501	678	2.043196	2.043196	2	2	12	0	0	0	2.043196	0.919116	0
conventional	ce1381	678	1.191824	28.786048	1	14	7	5.053746	5.271034	11.775469	6.685799	0	0
conventional	ce1382	678	0	39.088483	0	14	7	1.906147	3.803091	25.294838	8.084407	1.606177	0
conventional	ce1383	678	1.820487	28.661211	1	14	7	2.127261	2.108008	11.206138	13.219804	3.305198	0
conventional	ce1384	679	0.622072	43.039429	1	14	7	10.745228	1.106236	12.457925	18.730040	0.695415	0
holistic	he1502	680	0	0	0	0	2	0	0	0	0	0	0
conventional	ce1385	680	0	26.315187	0	14	7	7.301349	1.427271	11.578224	6.008343	2.009329	0
holistic	he1503	681	2.317246	2.317246	2	2	9	0	0	0	2.317246	1.643296	0
conventional	ce1386	681	0	27.541847	0	14	7	3.138581	2.859457	11.791779	9.752030	1.238040	0
holistic	he1504	683	1.044684	1.044684	3	3	9	0	0	0	1.044684	4.928418	0
holistic	he1505	683	0	0	0	0	11	0	0	0	0	0	0
conventional	ce1387	683	0	32.181021	0	14	7	2.184364	2.750901	19.333107	7.912649	1.953466	0
conventional	ce1388	683	0	24.687448	0	14	7	0.554504	6.859682	13.210609	4.062653	2.040574	0
holistic	he1506	684	0	0	0	0	5	0	0	0	0	0	6.812850
holistic	he1507	684	0	0	0	0	14	0	0	0	0	0	0
conventional	ce1389	684	0.570986	54.398961	1	14	7	5.081923	8.558418	31.140420	9.618200	0	0
conventional	ce1390	684	0	39.523089	0	14	7	13.593689	3.164766	13.934580	8.830054	1.874997	0
conventional	ce1391	684	0.470279	32.769349	1	14	7	1.527168	2.809397	17.891953	10.540831	0	0
holistic	he1508	685	0	0	0	0	13	0	0	0	0	0	0
holistic	he1509	686	1.741140	1.741140	5	5	13	0	0	0	1.741140	7.237620	0
holistic	he1510	686	1.044684	0.208854	3	3	17	0	0	0	0.208854	4.280772	0
holistic	he1511	686	0.218554	0.218554	2	2	8	0.218554	0	0	0	0	0
conventional	ce1392	686	0.935766	20.796741	1	14	7	5.133518	3.981140	6.699138	4.982945	0	0
holistic	he1512	687	0	0	0	0	15	0	0	0	0	0.152727	0
conventional	ce1393	687	0	58.405935	0	14	7	10.735139	8.213400	26.808542	12.648854	1.464841	0
holistic	he1513	688	0	0	0	0	7	0	0	0	0	0	0
conventional	ce1394	688	0.748546	45.092987	1	14	7	5.331340	7.943667	21.938811	9.879169	0	0
conventional	ce1395	688	0.570986	52.553134	1	14	7	5.675744	7.720074	27.521818	11.635498	0	0
conventional	ce1396	689	0	37.433340	0	14	7	3.077348	4.734439	22.298523	7.323030	2.611121	0
conventional	ce1397	689	0.243158	15.619225	1	14	7	0.768799	2.054503	4.456269	8.339654	0	0
conventional	ce1398	689	0.570986	61.333298	1	14	7	5.944668	9.531033	36.340514	9.517083	0	0
holistic	he1514	690	0	0	0	0	12	0	0	0	0	0	0
holistic	he1515	690	0	0	0	0	3	0	0	0	0	0	0
conventional	ce1399	690	0	52.096663	0	14	7	5.239388	4.834556	30.963364	11.059355	1.606177	0
conventional	ce1400	690	0.063497	23.001697	1	14	7	3.761110	1.651514	11.421278	6.167795	0	0
holistic	he1516	691	2.043196	2.043196	2	2	12	0	0	0	2.043196	0.154698	0
conventional	ce1401	692	1.513994	32.099010	1	14	7	0.441580	3.409330	16.644326	11.603774	2.905777	0
conventional	ce1402	692	0.063497	19.012967	1	14	7	2.869702	1.350135	9.801508	4.991622	0	0
holistic	he1517	693	0	0	0	0	16	0	0	0	0	0	0
holistic	he1518	693	0.817225	0.817225	5	5	10	0	0	0	0.817225	13.104910	0
holistic	he1519	694	0	0	0	0	9	0	0	0	0	4.342572	0
holistic	he1520	694	0	0	0	0	6	0	0	0	0	3.834192	0
holistic	he1521	694	0	0	0	0	10	0	0	0	0	1.213486	0
holistic	he1522	694	0	0	0	0	15	0	0	0	0	1.179822	0
conventional	ce1403	694	0	38.444732	0	14	7	12.884115	4.711159	12.326854	8.522604	0	0
conventional	ce1404	694	0	20.217439	0	14	7	4.697637	5.769153	3.792808	5.957841	2.169754	0
conventional	ce1405	694	0.243158	23.555715	1	14	7	0.922511	6.430751	10.456650	5.745803	0	0
conventional	ce1406	694	0	35.965591	0	14	7	2.970396	3.651533	20.622628	8.721034	0	0
holistic	he1523	695	0	0	0	0	2	0	0	0	0	0	0
holistic	he1524	695	1.044684	1.044684	3	3	9	0	0	0	1.044684	4.928418	0
conventional	ce1407	695	0.470279	34.341245	1	14	7	5.967443	2.872937	8.086698	17.414167	0	0
conventional	ce1408	695	0	16.611070	0	7	7	4.172858	1.461186	6.412220	4.564806	1.238040	0
holistic	he1525	696	0.327831	0.327831	3	3	21	0.327831	0	0	0	0	0
holistic	he1526	696	0	0	0	0	0	0	0	0	0	0	0
holistic	he1527	696	0.137430	0.137430	3	3	9	0	0	0	0.137430	5.334324	0
holistic	he1528	696	0	0	0	0	12	0	0	0	0	0.538944	0
holistic	he1529	697	0	0	0	0	13	0	0	0	0	0	0
conventional	ce1409	697	0	41.454923	0	14	7	1.227385	3.450544	25.679859	11.097135	2.650850	0
conventional	ce1410	697	0.570986	10.520085	1	14	7	1.843138	3.028863	2.459075	3.189009	0	0
holistic	he1530	698	1.991058	1.991058	3	3	14	0.969460	0	0	1.021598	2.813581	0
holistic	he1531	699	0	0	0	0	7	0	0	0	0	0	0
holistic	he1532	699	0	0	0	0	6	0	0	0	0	0.309264	0
holistic	he1533	700	0	0	0	0	12	0	0	0	0	4.501776	0
holistic	he1534	700	0	0	0	0	9	0	0	0	0	2.625888	0
conventional	ce1411	700	0.570986	45.505699	1	14	7	4.122471	11.578806	22.480938	7.323484	0.064382	0
conventional	ce1412	700	0.622072	36.144789	1	14	7	3.604397	6.443218	18.018151	8.079023	0.695415	0
conventional	ce1413	700	0	38.705459	0	14	7	4.289567	4.778607	19.440136	10.197149	2.707315	0
holistic	he1535	701	0	0	0	0	9	0	0	0	0	4.935186	0
holistic	he1536	701	0	0	0	0	7	0	0	0	0	0	0
holistic	he1537	701	0	0	0	0	1	0	0	0	0	0	0
holistic	he1538	701	0	0	0	0	4	0	0	0	0	0	0
conventional	ce1414	701	0	44.256172	0	14	7	4.649225	0.596228	28.095731	10.914988	1.011755	0
conventional	ce1415	701	0	26.251244	0	14	7	7.339884	7.121529	5.245309	6.544522	1.960778	0
conventional	ce1416	701	0	38.357303	0	14	7	7.739228	2.199422	12.834658	15.583995	1.874997	0
conventional	ce1417	701	1.097865	48.470338	1	14	7	7.559642	5.003516	22.930299	12.976881	0	0
holistic	he1539	702	0	0	0	0	7	0	0	0	0	1.362944	0
holistic	he1540	702	0	0	0	0	12	0	0	0	0	1.329662	0
conventional	ce1418	702	0	23.680374	0	14	7	4.899726	6.082040	6.862247	5.836361	2.132290	0
conventional	ce1419	702	0.570986	58.459788	1	14	7	7.101121	9.179366	28.403544	13.775757	0	0
conventional	ce1420	702	0	43.828818	0	14	7	4.916028	1.093324	25.384791	12.434675	1.011755	0
holistic	he1541	703	1.044684	1.044684	3	3	9	0	0	0	1.044684	4.342572	0
holistic	he1542	704	0	0	0	0	10	0	0	0	0	0	0
conventional	ce1421	704	0	28.007374	0	14	7	8.336742	2.263534	10.090356	7.316742	0	0
conventional	ce1422	704	0	32.769068	0	14	7	4.566965	4.052770	18.007850	6.141483	2.821117	0
holistic	he1543	705	0	0	0	0	12	0	0	0	0	0.621909	0
holistic	he1544	705	0	0	0	0	6	0	0	0	0	3.609759	0
holistic	he1545	705	0	0	0	0	14	0	0	0	0	0	0
holistic	he1546	705	1.044684	1.044684	3	3	9	0	0	0	1.044684	3.868647	0
holistic	he1547	705	0	0	0	0	13	0	0	0	0	0	0
holistic	he1548	705	0	0	0	0	7	0	0	0	0	0	0
conventional	ce1423	705	0.470279	36.208321	1	14	7	2.558038	3.030084	19.235328	11.384871	0	0
conventional	ce1424	705	0.565572	30.531925	1	14	7	4.138482	5.820172	12.026987	8.546284	0.969310	0
holistic	he1549	706	0	0	0	0	1	0	0	0	0	0	0
conventional	ce1425	706	0.470279	33.530425	1	14	7	5.274692	1.853728	7.585918	18.816087	0	0
holistic	he1550	707	0	0	0	0	0	0	0	0	0	0	0
holistic	he1551	707	0.724752	0.724752	3	3	9	0	0	0	0.724752	5.334324	0
conventional	ce1426	707	0	29.322708	0	14	7	4.035116	8.158663	11.525085	5.603844	0.944319	0
conventional	ce1427	707	0.754217	68.337562	1	14	7	3.422931	13.530335	42.762351	8.621945	0.064382	0
conventional	ce1428	707	0	42.082859	0	14	7	6.124811	0.479757	24.068736	11.409555	1.011755	0
conventional	ce1429	707	0	29.844664	0	14	7	10.491732	4.872529	8.134966	6.345437	0	0
holistic	he1552	708	0	0	0	0	13	0	0	0	0	0	0
conventional	ce1430	708	0.622072	23.489854	1	14	7	6.498855	2.450471	10.119780	4.420748	0.695415	0
holistic	he1553	709	0	0	0	0	7	0	0	0	0	0	0
holistic	he1554	709	0	0	0	0	9	0	0	0	0	7.209369	0
holistic	he1555	710	0	0	0	0	13	0	0	0	0	0	0
conventional	ce1431	710	0	47.913220	0	14	7	5.227504	1.222571	27.970115	13.493030	1.527468	0
conventional	ce1432	710	0	71.026201	0	14	7	7.436341	0.505018	45.713289	17.371553	1.011755	0
conventional	ce1433	710	0	41.318110	0	14	7	12.176557	4.460169	14.839466	9.841918	0	0
holistic	he1556	711	0.218554	0.218554	2	2	14	0.218554	0	0	0	0	0
holistic	he1557	711	0	0	0	0	8	0	0	0	0	1.670116	0
holistic	he1558	711	0	0	0	0	8	0	0	0	0	0.290122	0
holistic	he1559	711	0	0	0	0	9	0	0	0	0	3.896997	0
conventional	ce1434	711	0	33.535641	0	13	7	6.223045	1.920578	11.674797	13.717221	1.874997	0
conventional	ce1435	711	0	33.141604	0	14	7	9.267332	4.731710	11.070320	8.072242	2.252427	0
holistic	he1560	713	0	0	0	0	16	0	0	0	0	0	0
holistic	he1561	713	0	0	0	0	4	0	0	0	0	0	5.675212
conventional	ce1436	713	0	40.690792	0	14	7	4.153458	4.352606	24.065235	8.119493	3.230986	0
conventional	ce1437	713	0	58.846965	0	14	7	11.574441	7.676200	27.400996	12.195328	1.148608	0
conventional	ce1438	713	0	31.641512	0	14	7	9.055537	4.262938	7.713134	10.609903	0.678971	0
holistic	he1562	714	0	0	0	0	9	0	0	0	0	4.935186	0
holistic	he1563	714	0	0	0	0	16	0	0	0	0	0	0
conventional	ce1439	714	0	50.885260	0	14	7	10.152135	6.007818	23.474445	11.250862	1.464841	0
holistic	he1564	715	0	0	0	0	13	0	0	0	0	0	0
holistic	he1565	715	0	0	0	0	2	0	0	0	0	0	0
conventional	ce1440	715	0.136532	43.290330	1	14	7	8.364548	1.269451	21.215830	12.440501	1.011755	0
conventional	ce1441	715	0	36.840550	0	14	7	3.077348	4.734439	21.531838	7.496925	2.611121	0
conventional	ce1442	715	0	26.374548	0	14	7	7.778446	7.283722	5.075042	6.237338	1.465554	0
holistic	he1566	716	0	0	0	0	6	0	0	0	0	5.337723	0
holistic	he1567	716	0	0	0	0	10	0	0	0	0	0	0
holistic	he1568	716	0	0	0	0	10	0	0	0	0	0	0
holistic	he1569	716	0	0	0	0	1	0	0	0	0	0	0
conventional	ce1443	716	0	56.114530	0	14	7	6.457084	2.954576	30.821694	15.881176	1.011755	0
conventional	ce1444	716	0	33.438301	0	14	7	1.432405	3.651533	19.862208	8.492155	0	0
holistic	he1570	719	0	0	0	0	13	0	0	0	0	0	0
conventional	ce1445	719	0.570986	48.080782	1	14	7	4.942244	9.080148	24.428024	9.630366	0	0
conventional	ce1446	719	0	41.448444	0	14	7	4.649830	4.828324	24.373279	7.597011	2.707315	0
conventional	ce1447	719	0	24.349251	0	14	7	3.963831	2.694064	9.410733	8.280623	0.972049	0
holistic	he1571	720	0	0	0	0	21	0	0	0	0	4.565583	0
holistic	he1572	720	0	0	0	0	5	0	0	0	0	0.206176	0
holistic	he1573	720	0	0	0	0	9	0	0	0	0	4.359912	0
conventional	ce1448	720	0	36.561519	0	14	7	10.052361	5.188464	10.565221	10.755473	0.941704	0
conventional	ce1449	720	1.253296	24.515227	1	14	7	3.772239	3.847889	11.032264	5.862835	0	0
holistic	he1574	722	0	0	0	0	11	0	0	0	0	0	0
conventional	ce1450	722	0	46.782372	0	14	7	12.530251	4.300171	17.457027	12.494923	0	0
conventional	ce1451	722	0.494409	28.201655	1	14	7	2.306229	6.624375	13.908578	5.362473	1.444811	0
conventional	ce1452	722	0.344904	56.248407	1	14	7	6.430717	8.523867	29.189341	12.104482	0	0
holistic	he1575	723	0	0	0	0	7	0	0	0	0	0	0
holistic	he1576	723	0	0	0	0	12	0	0	0	0	0	0
conventional	ce1453	723	0	54.066173	0	14	7	7.416844	7.954508	29.480326	9.214495	0.198844	0
holistic	he1577	724	0	0	0	0	10	0	0	0	0	0	0
holistic	he1578	724	0	0	0	0	9	0	0	0	0	3.868647	0
holistic	he1579	724	0	0	0	0	3	0	0	0	0	0	0
holistic	he1580	724	2.549048	2.549048	2	2	9	0	0	0	2.549048	2.932010	0
holistic	he1581	724	1.044684	1.044684	3	3	9	0	0	0	1.044684	4.342572	0
holistic	he1582	724	0	0	0	0	2	0	0	0	0	0	0
holistic	he1583	724	1.296196	1.296196	2	2	10	1.296196	0	0	0	0.404242	0
conventional	ce1454	724	0	36.067346	0	14	7	3.129672	5.730685	20.460763	6.746226	2.611121	0
conventional	ce1455	724	0	32.886818	0	14	7	11.269143	5.268882	11.406060	4.942733	2.722968	0
conventional	ce1456	724	0	33.120371	0	14	7	2.561359	6.730243	15.246968	8.581801	2.707315	0
conventional	ce1457	724	0	36.764361	0	14	7	1.599903	4.614395	21.665469	8.884594	2.713681	0
conventional	ce1458	724	0	35.726825	0	14	7	11.508985	4.001690	13.251083	6.965067	0	0
conventional	ce1459	725	0.935766	24.118957	1	14	7	5.271375	3.861159	8.965919	6.020504	0	0
conventional	ce1460	725	0	29.167522	0	14	7	5.695577	0.935596	16.868987	5.667362	2.713681	0
conventional	ce1461	725	0	35.933262	0	14	7	12.397833	4.533480	13.642229	5.359720	1.207501	0
conventional	ce1462	725	0	31.985100	0	14	7	12.367739	1.820957	9.658904	8.137500	1.465554	0
holistic	he1584	726	3.475869	3.475869	3	3	10	0	0	0	3.475869	1.102959	0
holistic	he1585	726	0	0	0	0	15	0	0	0	0	0	0
holistic	he1586	727	0	0	0	0	6	0	0	0	0	0	0
holistic	he1587	727	0	0	0	0	6	0	0	0	0	0	0
conventional	ce1463	727	0	32.126970	0	14	7	5.008509	2.082601	7.518974	17.516886	0	0
conventional	ce1464	727	0	37.554256	0	14	7	8.962320	6.739726	9.430107	12.422103	0	0
conventional	ce1465	727	0	32.838631	0	14	7	9.105229	1.828411	14.341555	7.563436	1.945510	0
conventional	ce1466	727	0.570986	23.540496	1	14	7	3.167539	5.940060	6.866259	7.566638	0	0
conventional	ce1467	727	0	27.270940	0	14	7	7.418803	0.969451	10.101129	8.781557	2.009329	0
holistic	he1588	728	0	0	0	0	7	0	0	0	0	0	0
holistic	he1589	728	0	0	0	0	6	0	0	0	0	3.730302	0
holistic	he1590	728	0	0	0	0	2	0	0	0	0	0	0
holistic	he1591	728	0	0	0	0	12	0	0	0	0	0.709366	0
holistic	he1592	728	0	0	0	0	7	0	0	0	0	0	0
holistic	he1593	728	0	0	0	0	19	0	0	0	0	0	0
conventional	ce1468	728	0.470279	34.461064	1	14	7	2.697529	2.809397	17.469973	11.484165	0	0
conventional	ce1469	728	0	26.945029	0	7	7	6.060308	3.668197	4.829542	12.386982	1.011755	0
conventional	ce1470	728	0	46.189659	0	14	7	11.959906	4.460169	19.927666	9.841918	0	0
conventional	ce1471	728	0	33.142045	0	14	7	1.362978	6.436224	19.865599	5.477244	2.611121	0
conventional	ce1472	728	0	26.779448	0	14	7	3.232534	2.905032	11.734187	8.907695	1.025649	0
conventional	ce1473	729	0.243158	14.497969	1	14	7	0.287515	1.726645	4.681002	7.802807	0	0
holistic	he1594	730	0	0	0	0	2	0	0	0	0	0	0
conventional	ce1474	730	0	31.107473	0	14	7	4.912117	2.292750	6.517254	17.385352	0	0
conventional	ce1475	730	0	18.919953	0	14	7	2.385588	2.135479	8.442488	5.956398	0.972049	0
conventional	ce1476	730	0	34.965564	0	14	7	6.935133	4.453125	14.270866	9.306440	1.467399	0
conventional	ce1477	730	0	26.707421	0	14	7	7.870684	1.156992	8.983249	8.696496	0	0
holistic	he1595	731	0	0	0	0	7	0	0	0	0	0	0
holistic	he1596	731	2.133162	2.133162	2	2	9	0	0	0	2.133162	2.042344	0
conventional	ce1478	731	0.470279	36.164190	1	14	7	4.113857	3.432615	16.467374	12.150344	0	0
conventional	ce1479	731	0	34.874619	0	14	7	0.223270	7.329431	20.731009	6.590909	2.611121	0
conventional	ce1480	731	0.470279	33.162322	1	14	7	5.967443	2.851401	6.293315	18.050163	0	0
holistic	he1597	732	0.109277	0.109277	1	1	6	0.109277	0	0	0	0	0
holistic	he1598	732	3.064794	3.064794	3	3	14	0	0	0	3.064794	0.232047	0
holistic	he1599	732	0	0	0	0	12	0	0	0	0	3.464020	0
holistic	he1600	732	0	0	0	0	7	0	0	0	0	0	6.812850
holistic	he1601	733	0	0	0	0	9	0	0	0	0	5.012019	0
conventional	ce1481	733	0	23.452327	0	14	7	6.930611	5.664916	4.233640	6.623160	2.169754	0
conventional	ce1482	733	0	52.170007	0	14	7	6.008956	6.409190	30.109387	9.642474	2.611121	0
holistic	he1602	734	0	0	0	0	6	0	0	0	0	6.633171	0
holistic	he1603	734	0	0	0	0	7	0	0	0	0	0	0
holistic	he1604	734	0	0	0	0	1	0	0	0	0	0	0
conventional	ce1483	734	0	47.568418	0	14	7	4.205520	1.776385	29.344103	12.242410	1.527468	0
holistic	he1605	735	0	0	0	0	7	0	0	0	0	0	0
conventional	ce1484	735	0	46.034116	0	14	7	5.983965	3.881067	17.009948	19.159136	1.874997	0
conventional	ce1485	735	0	31.519476	0	14	7	9.407954	4.414687	5.961175	11.735660	0.678971	0
conventional	ce1486	735	0	30.696552	0	14	7	10.234584	4.264749	10.928093	5.269126	0	0
holistic	he1606	736	0	0	0	0	14	0	0	0	0	0	0
holistic	he1607	737	0	0	0	0	10	0	0	0	0	0.562500	0
holistic	he1608	737	0	0	0	0	6	0	0	0	0	0.309264	0
conventional	ce1487	737	0	52.121303	0	14	7	1.905135	4.869585	31.428347	13.918236	1.249095	0
conventional	ce1488	737	0	28.445104	0	14	7	4.906498	5.277545	7.603055	10.658006	1.325861	0
holistic	he1609	738	0	0	0	0	15	0	0	0	0	2.042158	0
holistic	he1610	738	0	0	0	0	7	0	0	0	0	0	0
holistic	he1611	739	0	0	0	0	16	0	0	0	0	0	0
holistic	he1612	740	0	0	0	0	4	0	0	0	0	0	0
holistic	he1613	740	0	0	0	0	6	0	0	0	0	0.309264	0
holistic	he1614	740	0	0	0	0	3	0	0	0	0	0	3.406425
conventional	ce1489	740	0	23.339602	0	13	7	4.747386	3.003121	9.238129	6.350966	0	0
conventional	ce1490	740	0	29.468361	0	14	7	8.952166	1.608471	10.422266	8.485458	0	0
conventional	ce1491	740	0	32.852414	0	14	7	10.257564	4.708010	8.917282	8.969558	2.118728	0
holistic	he1615	741	0	0	0	0	11	0	0	0	0	0	0
holistic	he1616	742	0	0	0	0	18	0	0	0	0	0	0
conventional	ce1492	742	0	35.197547	0	14	7	4.369902	3.631058	15.404891	11.791696	0	0
conventional	ce1493	743	0	51.526442	0	14	7	6.753072	1.153348	29.740903	13.879119	1.011755	0
conventional	ce1494	743	0	37.932364	0	14	7	0.371312	4.658562	21.645375	11.257115	0	0
holistic	he1617	744	0	0	0	0	5	0	0	0	0	0	0
holistic	he1618	744	0	0	0	0	5	0	0	0	0	0	0
holistic	he1619	744	0	0	0	0	6	0	0	0	0	3.609759	0
conventional	ce1495	744	0	27.850006	0	14	7	9.873882	3.965401	5.450627	8.560096	0.972049	0
conventional	ce1496	744	0	52.188490	0	14	7	3.852822	1.832088	33.181383	13.322197	1.704330	0
conventional	ce1497	744	0	25.189238	0	7	7	3.855505	0.707591	5.458729	15.167413	0	0
holistic	he1620	745	0	0	0	0	10	0	0	0	0	0	0
holistic	he1621	745	1.473180	1.473180	1	1	4	1.473180	0	0	0	0	0
conventional	ce1498	745	0	55.934923	0	14	7	12.196558	8.219211	23.723496	11.795658	1.464841	0
holistic	he1622	746	3.064794	3.064794	3	3	14	0	0	0	3.064794	1.238397	0
holistic	he1623	746	0.755073	0.755073	3	3	12	0	0	0	0.755073	4.599129	0
conventional	ce1499	746	0	68.067154	0	14	7	5.416733	0.675507	44.456588	17.518326	1.011755	0
conventional	ce1500	746	0	31.582096	0	14	7	3.670976	2.341007	7.760249	17.809864	0	0
holistic	he1624	747	0	0	0	0	13	0	0	0	0	0	0
conventional	ce1501	747	0	29.276137	0	14	7	4.402817	9.486266	8.847284	6.539770	0.944319	0
conventional	ce1502	747	0	39.893765	0	14	7	4.907046	1.000996	22.664500	11.321223	0	0
holistic	he1625	748	0	0	0	0	12	0	0	0	0	0	0
holistic	he1626	748	0	0	0	0	7	0	0	0	0	0	0
conventional	ce1503	749	0	34.664023	0	14	7	1.991186	8.213863	18.328542	6.130432	1.229484	0
conventional	ce1504	749	0	39.526543	0	14	7	5.947793	1.591049	6.962249	25.025452	0	0
holistic	he1627	750	0	0	0	0	9	0	0	0	0	0.309264	0
holistic	he1628	750	0	0	0	0	10	0	0	0	0	0	0
holistic	he1629	751	0	0	0	0	14	0	0	0	0	0	0
holistic	he1630	751	0	0	0	0	13	0	0	0	0	0	0
holistic	he1631	753	0	0	0	0	7	0	0	0	0	0	0
holistic	he1632	754	0	0	0	0	11	0	0	0	0	0	0
holistic	he1633	754	0	0	0	0	1	0	0	0	0	0	0
conventional	ce1505	754	0	31.711407	0	14	7	1.889283	8.223068	15.559605	6.039451	1.011755	0
conventional	ce1506	754	0.470279	29.577497	1	14	7	7.812153	8.146647	5.768768	7.849929	0	0
conventional	ce1507	754	0	19.541473	0	14	7	1.372451	2.226002	9.584742	6.358278	0.972049	0
conventional	ce1508	754	0	44.445052	0	14	7	15.164769	2.429793	16.414169	10.436321	0	0
holistic	he1634	755	0	0	0	0	9	0	0	0	0	0	0
holistic	he1635	755	1.226958	1.226958	3	3	14	0	0	0	1.226958	0.232047	0
conventional	ce1509	755	0	24.855400	0	14	7	5.778557	6.321986	7.225811	5.529046	1.798129	0
holistic	he1636	756	0	0	0	0	7	0	0	0	0	0	0
holistic	he1637	756	0	0	0	0	8	0	0	0	0	0.170076	0
holistic	he1638	756	0.042450	0.042450	1	1	19	0	0	0.042450	0	0	0
holistic	he1639	757	0	0	0	0	13	0	0	0	0	0	0
holistic	he1640	758	0	0	0	0	6	0	0	0	0	0	0
holistic	he1641	758	0	0	0	0	9	0	0	0	0	7.209369	0
conventional	ce1510	758	0	32.280485	0	14	7	11.499753	4.946851	5.201091	10.632790	1.730919	0
holistic	he1642	759	0	0	0	0	7	0	0	0	0	0	0
holistic	he1643	759	0	0	0	0	10	0	0	0	0	0	0
holistic	he1644	759	1.044684	1.044684	3	3	9	0	0	0	1.044684	5.367765	0
holistic	he1645	760	0	0	0	0	15	0	0	0	0	1.307506	0
holistic	he1646	760	3.064794	3.064794	3	3	14	0	0	0	3.064794	0.232047	0
conventional	ce1511	760	0.470279	33.643835	1	14	7	3.733651	4.397876	6.156947	19.355361	0	0
holistic	he1647	761	0	0	0	0	5	0	0	0	0	0	0
holistic	he1648	761	1.044684	1.044684	3	3	15	0	0	0	1.044684	3.868647	0
holistic	he1649	761	0	0	0	0	7	0	0	0	0	0	0
conventional	ce1512	761	0	20.738913	0	14	7	1.579090	1.963980	10.272306	6.923537	0.631046	0
conventional	ce1513	761	0	45.451677	0	14	7	3.992490	2.445332	26.808573	12.205282	2.211750	0
conventional	ce1514	761	0	35.968405	0	14	7	4.090552	1.886677	12.577585	17.413591	0	0
conventional	ce1515	761	0	21.476044	0	13	7	4.595323	1.765377	9.108534	6.006810	1.356325	0
holistic	he1650	762	0	0	0	0	8	0	0	0	0	0.290122	0
conventional	ce1516	762	0	64.208146	0	14	7	5.179696	0.727991	41.244421	17.056038	1.011755	0
conventional	ce1517	762	0	26.414228	0	14	7	4.008659	2.175106	11.877775	8.352688	1.025649	0
conventional	ce1518	762	0	31.521827	0	14	7	8.975341	4.316138	7.437284	10.793064	0.801422	0
holistic	he1651	763	0	0	0	0	7	0	0	0	0	0	0
holistic	he1652	763	0	0	0	0	16	0	0	0	0	0.342864	0
holistic	he1653	763	0	0	0	0	6	0	0	0	0	0	0
holistic	he1654	764	0	0	0	0	3	0	0	0	0	1.971039	0
conventional	ce1519	764	0	39.926186	0	14	7	4.922308	1.094739	23.099652	10.809487	0	0
conventional	ce1520	764	0	35.360330	0	14	7	6.452394	6.665402	13.116775	9.125759	1.467399	0
conventional	ce1521	764	0	43.265107	0	14	7	8.502998	4.609638	17.402061	12.750410	0.678971	0
holistic	he1655	765	0	0	0	0	12	0	0	0	0	0	10.705372
holistic	he1656	765	0	0	0	0	19	0	0	0	0	0	0
holistic	he1657	765	0	0	0	0	4	0	0	0	0	0	0
holistic	he1658	765	0	0	0	0	14	0	0	0	0	0	0
conventional	ce1522	765	1.316790	25.254857	1	14	7	2.897246	6.513678	9.059767	6.784166	0	0
conventional	ce1523	766	0	30.781983	0	14	7	8.034349	4.298075	9.594100	8.855459	1.465554	0
conventional	ce1524	766	0	26.371409	0	13	7	5.104751	1.873843	12.934686	6.458129	0.990303	0
conventional	ce1525	766	0	26.236443	0	14	7	3.823841	2.175106	11.977387	8.260109	2.482629	0
conventional	ce1526	766	0	33.208976	0	14	7	9.107601	4.897338	11.801560	7.402477	2.252427	0
holistic	he1659	767	0	0	0	0	1	0	0	0	0	0	0
holistic	he1660	767	0	0	0	0	0	0	0	0	0	0	0
conventional	ce1527	767	0	67.474353	0	14	7	5.762686	1.067953	43.960318	16.683396	1.471916	0
conventional	ce1528	767	0	40.323921	0	14	7	7.496952	1.264985	20.036043	11.525941	1.011755	0
holistic	he1661	768	0	0	0	0	12	0	0	0	0	0	0
holistic	he1662	768	2.307050	2.307050	2	2	10	0	0	2.307050	0	0	0
holistic	he1663	768	0	0	0	0	9	0	0	0	0	4.260570	0
conventional	ce1529	768	0	61.016802	0	14	7	8.010187	0.763608	39.064098	13.178909	1.011755	0
conventional	ce1530	768	0	39.749926	0	14	7	13.069630	4.144457	12.992796	9.543043	0	0
holistic	he1664	769	1.044684	1.044684	3	3	9	0	0	0	1.044684	4.342572	0
holistic	he1665	769	0	0	0	0	9	0	0	0	0	0	0
holistic	he1666	769	0	0	0	0	6	0	0	0	0	3.609759	0
holistic	he1667	769	0	0	0	0	16	0	0	0	0	0	0
holistic	he1668	769	0	0	0	0	7	0	0	0	0	0	6.239020
conventional	ce1531	769	0	42.825589	0	14	7	4.810854	1.866514	23.919189	12.229032	0	0
conventional	ce1532	770	0	9.990499	0	7	7	0.413742	0.928686	5.992864	2.655207	0.972049	0
conventional	ce1533	770	0	37.721526	0	14	7	3.797127	2.220488	15.202857	16.501054	1.704330	0
conventional	ce1534	770	0	26.404489	0	7	7	1.313493	2.559906	7.937821	14.593269	0	0
conventional	ce1535	770	0	33.390014	0	14	7	3.762144	10.796327	13.878566	4.952977	0.944319	0
conventional	ce1536	770	0	31.969476	0	14	7	8.965232	3.830491	8.743064	10.430689	0.678971	0
holistic	he1669	771	0	0	0	0	6	0	0	0	0	8.239536	0
holistic	he1670	771	4.111029	4.111029	3	3	9	0	0	0	4.111029	0	0
holistic	he1671	771	0	0	0	0	3	0	0	0	0	0	0
conventional	ce1537	771	0.238425	31.182969	1	14	7	8.601878	7.797124	8.362722	6.421245	0	0
conventional	ce1538	771	0	39.533755	0	14	7	11.155960	4.098270	14.517645	9.761880	0	0
holistic	he1672	772	0	0	0	0	20	0	0	0	0	0	0
conventional	ce1539	772	0	48.042679	0	14	7	6.557745	0.818536	28.058405	12.607993	2.857876	0
holistic	he1673	773	0	0	0	0	1	0	0	0	0	0	0
holistic	he1674	773	0	0	0	0	9	0	0	0	0	5.012019	0
holistic	he1675	773	0	0	0	0	4	0	0	0	0	0	0
conventional	ce1540	773	0	13.697592	0	14	7	1.466128	1.635758	5.757613	4.838093	0.877680	0
conventional	ce1541	773	0	44.996598	0	14	7	10.165613	6.068249	18.700867	10.061869	1.467399	0
holistic	he1676	774	0	0	0	0	9	0	0	0	0	5.549373	0
holistic	he1677	774	0	0	0	0	12	0	0	0	0	0	0
holistic	he1678	774	0	0	0	0	3	0	0	0	0	0	0
conventional	ce1542	774	0	33.352868	0	14	7	1.904427	2.210263	8.968051	20.270127	0	0
holistic	he1679	775	0	0	0	0	8	0	0	0	0	0	0
holistic	he1680	775	0.348228	0.348228	1	1	3	0	0	0	0.348228	1.773615	0
conventional	ce1543	775	0	47.674626	0	14	7	11.110457	5.321697	20.501223	10.741249	0	0
holistic	he1681	776	0	0	0	0	16	0	0	0	0	0	0
holistic	he1682	776	0	0	0	0	16	0	0	0	0	0	0
conventional	ce1544	776	0	17.470314	0	14	7	1.429527	1.495975	9.625150	4.919662	0.631046	0
conventional	ce1545	776	0	38.705174	0	14	7	5.974433	3.608782	10.007113	19.114846	0	0
conventional	ce1546	776	0.470279	28.533826	1	14	7	5.475000	8.688292	5.806113	8.564421	0.940003	0
holistic	he1683	777	0	0	0	0	12	0	0	0	0	3.464020	0
holistic	he1684	777	3.064794	3.064794	3	3	14	0	0	0	3.064794	1.075758	0
conventional	ce1547	777	0	40.102531	0	14	7	11.870613	4.944525	11.293558	11.993835	2.611121	0
conventional	ce1548	777	0	53.151679	0	14	7	8.594019	0.938903	28.805257	14.813500	2.161968	0
holistic	he1685	778	1.044684	1.044684	3	3	9	0	0	0	1.044684	2.096316	0
holistic	he1686	779	0	0	0	0	11	0	0	0	0	0	0
holistic	he1687	779	0	0	0	0	8	0	0	0	0	0.609884	0
holistic	he1688	779	0	0	0	0	16	0	0	0	0	0	0
conventional	ce1549	779	0	48.025747	0	14	7	6.186662	3.621423	16.990930	21.226732	1.874997	0
holistic	he1689	780	0	0	0	0	13	0	0	0	0	0	0
conventional	ce1550	780	0	31.663054	0	14	7	11.353028	4.487516	11.436851	4.385659	2.334004	0
conventional	ce1551	780	0	32.042401	0	14	7	3.075467	2.709837	9.047170	17.209927	0.972049	0
holistic	he1690	781	0	0	0	0	12	0	0	0	0	4.121144	1.743456
holistic	he1691	782	0	0	0	0	4	0	0	0	0	0	0
holistic	he1692	783	0	0	0	0	7	0	0	0	0	0	0
holistic	he1693	783	0	0	0	0	6	0	0	0	0	0.609884	0
conventional	ce1552	783	0	31.912522	0	14	7	2.097425	6.876711	18.299146	4.639240	2.077882	0
holistic	he1694	784	0	0	0	0	7	0	0	0	0	0	0
holistic	he1695	784	0	0	0	0	6	0	0	0	0	3.609759	0
holistic	he1696	784	0	0	0	0	13	0	0	0	0	1.307506	0
holistic	he1697	784	0	0	0	0	16	0	0	0	0	0	0
holistic	he1698	784	0	0	0	0	7	0	0	0	0	0	0
conventional	ce1553	784	0	32.320839	0	7	7	2.787811	2.166683	12.407526	14.958819	0	0
conventional	ce1554	784	0	28.040661	0	14	7	3.696137	2.235896	11.786342	10.322286	0.902150	0
conventional	ce1555	784	0	23.798849	0	14	7	4.020007	3.154863	8.846399	7.777580	1.400191	0
holistic	he1699	785	0	0	0	0	4	0	0	0	0	0.304942	0
conventional	ce1556	785	0.108021	39.618384	1	14	7	4.018635	2.141288	15.265404	18.193057	0	0
holistic	he1700	786	2.043196	2.043196	2	2	16	0	0	0	2.043196	0.154698	0
holistic	he1701	787	0	0	0	0	12	0	0	0	0	0	0
holistic	he1702	787	0	0	0	0	6	0	0	0	0	8.671041	0
holistic	he1703	787	0	0	0	0	16	0	0	0	0	0	0
holistic	he1704	787	0	0	0	0	16	0	0	0	0	0	0
conventional	ce1557	787	0	46.885213	0	14	7	4.603719	1.776385	27.118851	13.386258	1.527468	0
conventional	ce1558	787	0	25.238511	0	14	7	2.013552	2.618364	11.407495	9.199100	0	0
conventional	ce1559	787	0	31.762511	0	14	7	6.118346	2.533022	11.861326	11.249817	1.766304	0
holistic	he1705	788	1.044684	1.044684	3	3	12	0	0	0	1.044684	4.342572	0
holistic	he1706	788	0	0	0	0	13	0	0	0	0	0	0
holistic	he1707	788	0	0	0	0	4	0	0	0	0	0	0
holistic	he1708	788	0	0	0	0	7	0	0	0	0	0	0
holistic	he1709	788	3.156216	3.156216	3	3	9	0	0	0	3.156216	5.206959	0
conventional	ce1560	788	0	16.397779	0	14	7	2.207704	1.772003	6.563235	5.854837	1.651132	0
conventional	ce1561	788	0	21.098455	0	13	7	3.537144	2.021385	9.537760	6.002166	3.085948	0
conventional	ce1562	788	0	30.325892	0	14	7	6.678965	6.751189	10.298586	6.597152	0.972049	0
conventional	ce1563	788	0	35.641644	0	14	7	4.541661	3.609856	9.873197	17.616930	0	0
conventional	ce1564	788	0.080970	27.281755	1	14	7	3.082753	2.719874	5.517591	15.961537	0.465294	0
holistic	he1710	789	0	0	0	0	17	0	0	0	0	1.307506	0
conventional	ce1565	790	0	22.308648	0	13	7	4.595323	1.765377	9.941138	6.006810	0.341003	0
conventional	ce1566	790	0	31.958656	0	14	7	8.455986	4.356984	8.990253	10.155433	0.678971	0
conventional	ce1567	790	0	51.132337	0	14	7	9.088101	1.153348	28.986864	11.904024	0	0
conventional	ce1568	790	1.553212	27.649491	1	14	7	1.728182	6.475959	15.542152	3.903198	2.077882	0
holistic	he1711	791	0	0	0	0	7	0	0	0	0	0	0
holistic	he1712	791	0	0	0	0	7	0	0	0	0	0	0
conventional	ce1569	791	0	48.931220	0	14	7	2.367709	1.231372	33.851006	11.481133	1.527468	0
holistic	he1713	792	0	0	0	0	9	0	0	0	0	7.037046	0
holistic	he1714	792	0	0	0	0	7	0	0	0	0	0	0
holistic	he1715	792	0	0	0	0	4	0	0	0	0	0	0
holistic	he1716	792	0	0	0	0	8	0	0	0	0	0	0
holistic	he1717	792	0	0	0	0	5	0	0	0	0	0	0
holistic	he1718	792	0	0	0	0	6	0	0	0	0	3.609759	0
conventional	ce1570	792	0	23.952928	0	14	7	6.047152	5.088952	7.567179	5.249645	1.798129	0
conventional	ce1571	792	0	34.975755	0	14	7	7.726157	7.025236	13.083903	7.140459	2.857876	0
holistic	he1719	793	0	0	0	0	4	0	0	0	0	0	0
holistic	he1720	793	0	0	0	0	4	0	0	0	0	0	0
holistic	he1721	793	0	0	0	0	11	0	0	0	0	0	0
holistic	he1722	793	0	0	0	0	2	0	0	0	0	0	0
conventional	ce1572	793	0.152922	34.566806	1	14	7	4.721322	4.556314	5.901441	19.387729	0	0
holistic	he1723	794	0.846473	0.846473	1	1	6	0	0	0.846473	0	0	0
holistic	he1724	794	0	0	0	0	2	0	0	0	0	0	0
holistic	he1725	794	0	0	0	0	9	0	0	0	0	0	0
conventional	ce1573	794	0.470279	33.694553	1	14	7	12.106559	7.745954	6.622857	7.219183	0	0
holistic	he1726	795	0	0	0	0	5	0	0	0	0	3.803896	0
holistic	he1727	795	0	0	0	0	9	0	0	0	0	4.182627	0
holistic	he1728	795	0	0	0	0	24	0	0	0	0	0	0
conventional	ce1574	795	0	31.452086	0	14	7	8.024803	4.081927	14.720681	4.624675	2.334004	0
conventional	ce1575	795	0	21.084213	0	14	7	3.636586	1.435196	8.029478	7.982953	1.400191	0
conventional	ce1576	795	0	25.991850	0	14	7	4.292561	1.687191	9.437589	10.574509	0.902150	0
conventional	ce1577	796	0	51.213262	0	14	7	7.998021	1.480917	27.101669	14.632655	1.277078	0
holistic	he1729	797	1.127742	1.127742	3	3	9	0	0	0	1.127742	0	0
holistic	he1730	797	0	0	0	0	7	0	0	0	0	0	0
conventional	ce1578	797	0	25.456811	0	14	7	3.810452	2.385017	12.147591	7.113751	2.486287	0
conventional	ce1579	797	0	49.771807	0	14	7	2.367709	2.037507	33.886584	11.480007	1.527468	0
conventional	ce1580	797	0	42.196444	0	14	7	7.929858	12.992833	15.109649	6.164104	0.944319	0
holistic	he1731	798	0	0	0	0	16	0	0	0	0	0	0
holistic	he1732	798	0.183585	0.210966	1	2	5	0	0	0	0.210966	0	0
holistic	he1733	798	0	0	0	0	21	0	0	0	0	1.289002	0
holistic	he1734	798	0	0	0	0	8	0	0	0	0	0.290122	0
holistic	he1735	799	0	0	0	0	9	0	0	0	0	0.309264	0
holistic	he1736	799	0	0	0	0	9	0	0	0	0	0	0
holistic	he1737	800	0	0	0	0	7	0	0	0	0	0	0
holistic	he1738	800	0	0	0	0	24	0	0	0	0	0	0
holistic	he1739	800	0	0	0	0	11	0	0	0	0	0	0
conventional	ce1581	800	0	39.627370	0	14	7	4.988593	3.559907	11.270147	19.808723	0	0
holistic	he1740	801	0	0	0	0	3	0	0	0	0	0	0
conventional	ce1582	801	0	41.144427	0	14	7	7.653848	1.416007	6.348541	25.726031	0	0
conventional	ce1583	803	0	67.679430	0	14	7	8.989575	1.062838	39.775595	17.851422	1.011755	0
conventional	ce1584	803	0	43.672433	0	14	7	8.829087	13.050695	14.123699	7.668952	0.944319	0
conventional	ce1585	803	0	34.069994	0	13	7	5.860017	2.829019	15.645449	9.735509	0	0
holistic	he1741	804	0	0	0	0	9	0	0	0	0	0	0
holistic	he1742	804	0	0	0	0	4	0	0	0	0	0	0
holistic	he1743	804	0	0	0	0	8	0	0	0	0	0	0
conventional	ce1586	804	0	40.300548	0	14	7	3.581157	5.586716	14.241559	16.891116	0	0
conventional	ce1587	804	0	33.317664	0	14	7	3.030365	2.102219	8.596521	19.588559	2.161968	0
holistic	he1744	805	0	0	0	0	8	0	0	0	0	0	0
holistic	he1745	805	0	0	0	0	12	0	0	0	0	0	0
conventional	ce1588	806	0	48.633863	0	14	7	8.871676	0.539905	25.117007	14.105275	2.857876	0
conventional	ce1589	806	0	52.993899	0	14	7	5.342651	3.982610	20.917796	22.750842	0	0
holistic	he1746	807	0	0	0	0	9	0	0	0	0	0	0
conventional	ce1590	807	0	35.548781	0	14	7	2.602165	2.229898	7.964500	22.752218	0	0
conventional	ce1591	807	0	67.604004	0	14	7	9.310673	0.987021	40.734493	16.571817	1.011755	0
conventional	ce1592	807	0	35.063047	0	14	7	2.278384	7.190490	20.602585	4.991588	1.470128	0
holistic	he1747	808	0	0	0	0	4	0	0	0	0	0	0
holistic	he1748	808	0	0	0	0	1	0	0	0	0	0	0
holistic	he1749	808	2.740686	2.740686	2	2	6	0	0	0	2.740686	0	0
conventional	ce1593	808	0	30.461908	0	14	7	7.551156	8.206915	5.862154	8.841683	1.329592	0
conventional	ce1594	809	0	68.483356	0	14	7	5.069174	0.754087	44.787382	17.872713	1.011755	0
conventional	ce1595	809	0	27.416365	0	14	7	2.225577	2.618364	11.864336	10.708088	0	0
holistic	he1750	810	2.740686	2.740686	2	2	8	0	0	0	2.740686	0	0
holistic	he1751	812	0	0	0	0	9	0	0	0	0	1.041333	0
holistic	he1752	813	0	0	0	0	4	0	0	0	0	0	0
holistic	he1753	814	0	0	0	0	12	0	0	0	0	1.002967	0
holistic	he1754	814	0	0	0	0	8	0	0	0	0	0.609884	0
conventional	ce1596	814	0	63.442974	0	14	7	4.596032	0.741560	41.930341	16.175041	1.060986	0
conventional	ce1597	814	0	89.591139	0	14	7	10.560739	2.370629	55.085351	21.574420	1.011755	0
holistic	he1755	815	1.695378	1.695378	3	3	9	0	0	0	1.695378	4.557279	0
holistic	he1756	815	0	0	0	0	12	0	0	0	0	0	0
conventional	ce1598	815	0	63.436716	0	14	7	3.980243	0.800140	40.708545	17.947788	1.011755	0
holistic	he1757	816	0	0	0	0	4	0	0	0	0	0	0
holistic	he1758	818	0	0	0	0	10	0	0	0	0	0	0
holistic	he1759	818	0	0	0	0	8	0	0	0	0	0	0
holistic	he1760	818	0	0	0	0	4	0	0	0	0	0.145061	0
conventional	ce1599	818	0.665202	29.655893	1	14	7	5.625714	8.931511	6.797340	8.301328	0.940003	0
holistic	he1761	819	0	0	0	0	4	0	0	0	0	0	0
holistic	he1762	819	0	0	0	0	9	0	0	0	0	0	0
holistic	he1763	820	0	0	0	0	4	0	0	0	0	0	0
conventional	ce1600	820	0	32.433008	0	14	7	3.872875	10.075701	13.185468	5.298964	0.944319	0
conventional	ce1601	820	0	52.162074	0	14	7	3.483858	1.130280	32.051945	15.495991	1.060986	0
holistic	he1764	821	0	0	0	0	6	0	0	0	0	0	0
conventional	ce1602	821	0	48.275251	0	14	7	5.836137	0.959479	28.076692	13.402943	0	0
conventional	ce1603	821	0	31.221702	0	14	7	2.527739	6.371002	17.226077	5.096884	2.077882	0
conventional	ce1604	821	0.152922	36.935736	1	14	7	4.082688	4.455411	7.301740	21.095897	0	0
holistic	he1765	822	0	0	0	0	1	0	0	0	0	0	0
holistic	he1766	822	0	0	0	0	5	0	0	0	0	0	0
holistic	he1767	822	0	0	0	0	9	0	0	0	0	0.778785	0
holistic	he1768	822	0	0	0	0	24	0	0	0	0	0	0
conventional	ce1605	822	0	49.238545	0	14	7	2.442160	1.134193	33.872595	11.789597	1.527468	0
conventional	ce1606	822	0	17.848268	0	14	7	2.145978	1.010192	9.772436	4.919662	0.631046	0
holistic	he1769	823	0	0	0	0	16	0	0	0	0	0	0
holistic	he1770	823	0	0	0	0	16	0	0	0	0	0	0
holistic	he1771	823	0	0	0	0	12	0	0	0	0	3.609759	0
conventional	ce1607	823	0	40.879674	0	14	7	4.542722	4.453105	14.679080	17.204767	0	0
conventional	ce1608	824	0	32.523438	0	14	7	10.658976	8.298510	5.358591	8.207361	1.011755	0
holistic	he1772	825	0	0	0	0	7	0	0	0	0	0	0
holistic	he1773	825	0	0	0	0	8	0	0	0	0	0.609884	0
conventional	ce1609	825	0.577589	26.649332	1	14	7	2.253249	5.237301	14.825516	4.333266	1.647022	0
conventional	ce1610	826	0	28.794957	0	14	7	3.696137	1.757819	13.018715	10.322286	0.882744	0
conventional	ce1611	826	0	49.421117	0	14	7	7.363772	0.817107	28.224389	13.015849	0.241809	0
conventional	ce1612	827	0	34.587896	0	14	7	4.919801	5.498625	8.595024	15.574446	0	0
holistic	he1774	828	0	0	0	0	32	0	0	0	0	0	0
conventional	ce1613	828	0	66.358244	0	14	7	4.524532	0.561971	42.673500	18.598241	1.195997	0
conventional	ce1614	828	0	37.764568	0	14	7	1.706570	2.724358	12.161348	21.172292	0.433456	0
holistic	he1775	829	0	0	0	0	16	0	0	0	0	0	0
holistic	he1776	829	0	0	0	0	12	0	0	0	0	3.609759	0
holistic	he1777	829	0	0	0	0	16	0	0	0	0	0	1.101986
holistic	he1778	829	0	0	0	0	9	0	0	0	0	0	0
holistic	he1779	829	0	0	0	0	9	0	0	0	0	0.103088	0
conventional	ce1615	829	0	27.017738	0	14	7	2.504437	2.918792	11.683023	9.911486	0	0
conventional	ce1616	829	0	29.073026	0	14	7	7.408947	4.341589	12.161140	5.161350	0.631046	0
conventional	ce1617	830	0	66.378734	0	14	7	13.359978	2.216726	33.427199	17.374831	0.920515	0
conventional	ce1618	830	0	20.780435	0	13	7	3.552043	2.040951	9.585223	5.602218	3.611260	0
conventional	ce1619	830	0.471875	28.680793	1	14	7	3.843860	2.454704	3.348157	19.034072	0.465294	0
conventional	ce1620	830	0	38.970355	0	14	7	8.425715	12.124860	12.092362	6.327418	0.944319	0
conventional	ce1621	830	0	35.749852	0	14	7	8.336845	7.321443	13.797806	6.293758	2.630017	0
holistic	he1780	831	0	0	0	0	12	0	0	0	0	4.836924	0
conventional	ce1622	832	0	48.367104	0	14	7	1.691225	2.426122	34.066999	10.182758	1.041123	0
conventional	ce1623	832	0.338816	30.123223	1	13	7	8.866359	5.352625	7.919058	7.985181	0	0
holistic	he1781	833	0	0	0	0	12	0	0	0	0	0.914826	0
holistic	he1782	833	0	0	0	0	6	0	0	0	0	0	0
holistic	he1783	833	0	0	0	0	6	0	0	0	0	7.040100	0
holistic	he1784	833	0	0	0	0	9	0	0	0	0	0	0
conventional	ce1624	833	0	28.224090	0	14	7	2.225577	2.895907	12.223766	10.878840	0	0
holistic	he1785	834	0	0	0	0	5	0	0	0	0	0	0
holistic	he1786	834	0.835004	0.835004	2	2	12	0.835004	0	0	0	3.609759	0
conventional	ce1625	834	0	35.428112	0	14	7	1.404270	6.955412	20.848336	6.220094	1.470128	0
conventional	ce1626	834	0.080970	49.591886	1	14	7	5.047517	1.301605	29.818883	13.423881	0.465294	0
conventional	ce1627	835	0	21.368479	0	13	7	3.089142	1.765377	10.507150	6.006810	0.341003	0
conventional	ce1628	835	0	13.001257	0	6	7	2.618235	0.814592	7.472582	2.095848	3.019861	0
holistic	he1787	836	0	0	0	0	12	0	0	0	0	1.560591	0
holistic	he1788	836	0	0	0	0	3	0	0	0	0	0	0
conventional	ce1629	836	0	49.096162	0	14	7	4.075415	3.391208	21.199804	20.429735	1.874997	0
conventional	ce1630	836	0	65.691948	0	14	7	3.379930	1.990998	42.902425	17.418595	0.967556	0
conventional	ce1631	836	0	26.917874	0	14	7	2.984317	1.941830	10.847344	11.144383	0.902150	0
conventional	ce1632	836	0	28.184443	0	14	7	2.346469	2.888845	13.242443	9.706686	0	0
holistic	he1789	837	0	0	0	0	7	0	0	0	0	0	0
holistic	he1790	837	0	0	0	0	7	0	0	0	0	0	0
conventional	ce1633	837	0	32.613950	0	14	7	6.126396	3.068426	11.508190	11.910938	1.766304	0
conventional	ce1634	837	0	65.993100	0	14	7	3.570349	1.474511	43.845489	17.102751	1.195997	0
holistic	he1791	838	1.387158	1.387158	2	2	12	0	0	0	1.387158	0	0
holistic	he1792	838	0	0	0	0	5	0	0	0	0	0	0
holistic	he1793	839	0	0	0	0	18	0	0	0	0	0	0
holistic	he1794	839	0	0	0	0	4	0	0	0	0	0	0
holistic	he1795	839	0	0	0	0	15	0	0	0	0	0	0
conventional	ce1635	839	0	34.712440	0	14	7	6.355074	12.227489	11.314289	4.815588	3.356050	0
holistic	he1796	840	0	0	0	0	4	0	0	0	0	0	0
holistic	he1797	840	0	0	0	0	4	0	0	0	0	0	0
holistic	he1798	840	0	0	0	0	6	0	0	0	0	7.939173	0
holistic	he1799	840	0	0	0	0	4	0	0	0	0	0	0
conventional	ce1636	840	0	3.674424	0	7	7	0.636048	0.450494	1.190259	1.397623	2.735581	0
holistic	he1800	841	0	0	0	0	4	0	0	0	0	0	0
holistic	he1801	842	0	0	0	0	4	0	0	0	0	0	0
holistic	he1802	843	1.695378	1.695378	3	3	9	0	0	0	1.695378	4.557279	0
conventional	ce1637	843	0	20.172837	0	13	7	3.537144	1.055050	9.537760	6.042883	2.541559	0
holistic	he1803	844	0	0	0	0	10	0	0	0	0	0.140764	0
holistic	he1804	844	0	0	0	0	4	0	0	0	0	0	0
conventional	ce1638	844	0.080970	44.090098	1	14	7	1.423770	2.119819	28.495344	12.051165	0.465294	0
conventional	ce1639	844	0	15.834980	0	14	7	1.458262	1.605846	6.977179	5.793693	1.651132	0
holistic	he1805	845	0	0	0	0	5	0	0	0	0	0	0
holistic	he1806	846	0	0	0	0	3	0	0	0	0	0	0
holistic	he1807	846	0	0	0	0	14	0	0	0	0	0	0
holistic	he1808	847	0	0	0	0	8	0	0	0	0	3.434304	0
holistic	he1809	847	0	0	0	0	10	0	0	0	0	0	0
holistic	he1810	847	0	0	0	0	24	0	0	0	0	0	0
conventional	ce1640	847	0	48.155146	0	14	7	2.938192	0.971973	32.616155	11.628826	1.656680	0
conventional	ce1641	847	0	30.104168	0	14	7	3.704805	1.489348	14.075828	10.834187	0.882744	0
conventional	ce1642	847	0	11.903190	0	6	7	2.618235	0.814592	6.610438	1.859925	3.611260	0
holistic	he1811	848	0	0	0	0	5	0	0	0	0	3.803896	0
holistic	he1812	848	0	0	0	0	4	0	0	0	0	0	0
holistic	he1813	848	0	0	0	0	12	0	0	0	0	3.609759	0
holistic	he1814	848	0	0	0	0	9	0	0	0	0	0	0
conventional	ce1643	848	0.202205	30.132252	1	14	7	11.816584	4.667145	7.229817	6.418706	0	0
conventional	ce1644	848	0	38.454658	0	14	7	7.900794	7.021885	15.842301	7.689678	2.857876	0
conventional	ce1645	848	0	55.028197	0	14	7	9.854030	0.495335	30.048180	14.630652	2.469143	0
conventional	ce1646	848	0	20.356371	0	13	7	3.693469	1.082259	9.537760	6.042883	0.882744	0
conventional	ce1647	848	0	29.522859	0	14	7	3.290468	2.133560	12.884744	11.214087	1.691903	0
conventional	ce1648	849	0	29.830537	0	13	7	5.508786	2.324427	12.370647	9.626677	0.341003	0
holistic	he1815	850	0	0	0	0	4	0	0	0	0	0	0
holistic	he1816	850	0	0	0	0	4	0	0	0	0	0	0
conventional	ce1649	850	0	25.113739	0	14	7	2.306528	0.969287	13.098595	8.739329	0	0
conventional	ce1650	850	0	35.662711	0	14	7	3.373450	1.149837	11.802785	19.336639	1.011755	0
holistic	he1817	851	0	0	0	0	9	0	0	0	0	0	0
holistic	he1818	851	0	0	0	0	4	0	0	0	0	0	0
holistic	he1819	851	0	0	0	0	12	0	0	0	0	0	0
holistic	he1820	851	0	0	0	0	4	0	0	0	0	0	0
holistic	he1821	851	0	0	0	0	9	0	0	0	0	0	0
conventional	ce1651	851	0	26.012377	0	14	7	2.057225	3.110233	11.050773	9.794146	0	0
holistic	he1822	852	0	0	0	0	15	0	0	0	0	2.284410	0
holistic	he1823	852	0	0	0	0	7	0	0	0	0	0	0
holistic	he1824	852	0	0	0	0	15	0	0	0	0	3.879990	0
holistic	he1825	852	0	0	0	0	8	0	0	0	0	0	0
conventional	ce1652	852	0	67.101206	0	14	7	4.912653	1.440129	41.189281	19.559143	2.846641	0
conventional	ce1653	852	0	31.740429	0	14	7	6.839821	10.151214	5.442672	9.306722	1.188617	0
holistic	he1826	853	0	0	0	0	5	0	0	0	0	0	0
holistic	he1827	853	0	0	0	0	0	0	0	0	0	0	0
holistic	he1828	853	0	0	0	0	4	0	0	0	0	0	0
conventional	ce1654	853	0	45.228622	0	14	7	3.716002	5.794533	24.745359	10.972728	1.470128	0
holistic	he1829	854	0	0	0	0	8	0	0	0	0	0.609884	0
holistic	he1830	854	0	0	0	0	4	0	0	0	0	0	0
conventional	ce1655	854	0	50.812685	0	14	7	2.306611	1.206943	33.756382	13.542749	1.527468	0
holistic	he1831	855	0	0	0	0	7	0	0	0	0	0	0
holistic	he1832	855	0	0	0	0	24	0	0	0	0	0	0
holistic	he1833	855	0	0	0	0	5	0	0	0	0	0	0
holistic	he1834	855	0	0	0	0	9	0	0	0	0	0	0
holistic	he1835	855	0	0	0	0	4	0	0	0	0	0	0
holistic	he1836	856	0	0	0	0	4	0	0	0	0	0	0
conventional	ce1656	856	0	63.559606	0	14	7	5.071203	0.809273	40.465276	17.213854	3.611260	0
conventional	ce1657	856	0	66.437417	0	14	7	5.039093	0.746993	43.154769	17.496562	1.060986	0
holistic	he1837	857	0	0	0	0	13	0	0	0	0	0	0
conventional	ce1658	857	0	77.510998	0	14	7	5.772993	1.410481	49.111199	21.216325	1.195997	0
conventional	ce1659	857	0	25.771154	0	14	7	1.622226	1.178062	13.058150	9.912716	0	0
conventional	ce1660	857	0	67.698409	0	14	7	4.442039	0.747920	43.083244	19.425206	1.060986	0
holistic	he1838	858	1.577646	1.577646	1	1	9	0	0	0	1.577646	0	0
holistic	he1839	858	0	0	0	0	8	0	0	0	0	0	0
holistic	he1840	858	0	0	0	0	16	0	0	0	0	0	0
holistic	he1841	859	0	0	0	0	12	0	0	0	0	0	0
holistic	he1842	859	0	0	0	0	9	0	0	0	0	0	0
holistic	he1843	859	0	0	0	0	2	0	0	0	0	0	0
holistic	he1844	860	0	0	0	0	1	0	0	0	0	0	0
holistic	he1845	862	0	0	0	0	24	0	0	0	0	0	0
holistic	he1846	862	0.467846	0.467846	2	2	12	0.467846	0	0	0	3.609759	0
holistic	he1847	863	0	0	0	0	4	0	0	0	0	0	0
conventional	ce1661	863	0	76.853913	0	14	7	9.406566	0.988296	45.754204	20.704847	1.060986	0
holistic	he1848	864	0	0	0	0	10	0	0	0	0	0	0
holistic	he1849	864	0	0	0	0	5	0	0	0	0	0	0
holistic	he1850	864	0	0	0	0	4	0	0	0	0	0	0
holistic	he1851	864	0	0	0	0	9	0	0	0	0	0	0
conventional	ce1662	864	0	47.213228	0	14	7	21.950392	1.584209	12.492809	11.185818	1.011755	0
holistic	he1852	865	0	0	0	0	5	0	0	0	0	0	0
holistic	he1853	865	0	0	0	0	8	0	0	0	0	0.822586	0
holistic	he1854	865	0	0	0	0	9	0	0	0	0	0	0
conventional	ce1663	865	0	32.915130	0	14	7	0.896061	6.349179	19.194999	6.474891	3.279083	0
conventional	ce1664	866	0	34.532398	0	14	7	1.951938	5.614978	19.590846	7.374636	2.077882	0
holistic	he1855	867	0	0	0	0	5	0	0	0	0	0	0
holistic	he1856	867	0	0	0	0	14	0	0	0	0	1.613256	0
holistic	he1857	867	0	0	0	0	8	0	0	0	0	0	0
conventional	ce1665	867	0	74.108009	0	14	7	0.392280	0.572087	52.331522	20.812120	1.011755	0
conventional	ce1666	867	0	40.238380	0	14	7	2.711849	2.432932	15.291553	19.802046	1.011755	0
conventional	ce1667	867	0	29.892252	0	13	7	5.508786	2.386142	12.370647	9.626677	0.341003	0
holistic	he1858	868	0	0	0	0	4	0	0	0	0	0	0
holistic	he1859	868	0	0	0	0	9	0	0	0	0	0	0
holistic	he1860	868	0	0	0	0	4	0	0	0	0	0	0
conventional	ce1668	868	0	59.589097	0	14	7	9.365684	8.162969	22.146652	19.913792	0	0
holistic	he1861	869	0	0	0	0	2	0	0	0	0	0	0
holistic	he1862	869	0	0	0	0	9	0	0	0	0	0	0
conventional	ce1669	869	0	37.071414	0	14	7	7.592591	13.317988	10.199844	5.960991	2.880376	0
conventional	ce1670	869	0	37.781213	0	14	7	1.987719	2.648687	11.754755	21.390052	0.433456	0
conventional	ce1671	869	0	76.133341	0	14	7	11.742307	2.420270	50.294817	11.675947	1.011755	0
holistic	he1863	870	0	0	0	0	12	0	0	0	0	0	0
conventional	ce1672	870	0	53.582279	0	14	7	9.850898	0.595156	26.931229	16.204996	1.511181	0
holistic	he1864	872	0	0	0	0	8	0	0	0	0	0	0
holistic	he1865	873	0	0	0	0	5	0	0	0	0	0	0
holistic	he1866	874	0	0	0	0	12	0	0	0	0	0	0
conventional	ce1673	874	0	51.902125	0	14	7	1.125972	2.342658	33.986884	14.446611	0.967556	0
conventional	ce1674	874	0	26.221487	0	14	7	2.626850	3.411889	10.204459	9.978289	0	0
holistic	he1867	875	0	0	0	0	5	0	0	0	0	0	0
holistic	he1868	875	0	0	0	0	4	0	0	0	0	0	0
conventional	ce1675	875	0.208698	13.475353	1	7	7	1.325128	0.346756	4.166270	7.637199	2.942669	0
conventional	ce1676	877	0	12.797816	0	7	7	0.606313	1.805311	4.371302	6.014890	0	0
holistic	he1869	879	0	0	0	0	4	0	0	0	0	0	0.340914
conventional	ce1677	879	0	74.628103	0	14	7	4.649684	1.343076	48.329240	20.306103	1.195997	0
holistic	he1870	880	0	0	0	0	8	0	0	0	0	0	0
conventional	ce1678	880	0	28.125829	0	14	7	2.391498	2.888845	13.292195	9.553291	0	0
conventional	ce1679	880	0	48.748521	0	14	7	6.039709	2.892243	18.847938	20.968631	1.874997	0
conventional	ce1680	881	0	30.514907	0	14	7	3.493139	2.251580	14.374939	10.395249	0	0
conventional	ce1681	881	0	38.459343	0	14	7	4.470847	7.312800	17.217935	9.457761	1.904776	0
conventional	ce1682	881	0	53.534208	0	14	7	24.837790	8.553220	13.048194	7.095004	1.011755	0
holistic	he1871	882	0	0	0	0	8	0	0	0	0	0	0
holistic	he1872	882	0	0	0	0	4	0	0	0	0	0	0
holistic	he1873	882	0	0	0	0	11	0	0	0	0	0	0
conventional	ce1683	882	0	67.268777	0	14	7	6.432547	0.688134	42.372326	17.775770	1.060986	0
conventional	ce1684	882	0	14.935888	0	13	7	1.759796	1.289690	8.879194	3.007208	0	0
conventional	ce1685	882	0	34.868737	0	14	7	6.398524	2.757338	14.068552	11.644323	1.766304	0
holistic	he1874	883	0	0	0	0	8	0	0	0	0	0	0
holistic	he1875	883	0	0	0	0	4	0	0	0	0	0	0
holistic	he1876	883	0	0	0	0	16	0	0	0	0	0	0
conventional	ce1686	884	0	13.588853	0	7	7	1.731833	1.689678	3.249106	6.918236	0	0
conventional	ce1687	884	0	64.792095	0	14	7	6.476043	1.135963	39.582369	17.597720	3.142662	0
holistic	he1877	885	0	0	0	0	16	0	0	0	0	0	0
holistic	he1878	885	0	0	0	0	5	0	0	0	0	0	0
holistic	he1879	885	0	0	0	0	9	0	0	0	0	0	0
holistic	he1880	885	0	0	0	0	4	0	0	0	0	0	0
holistic	he1881	886	0	0	0	0	7	0	0	0	0	0	0
conventional	ce1688	886	0.627246	30.102836	1	14	7	4.927294	2.232012	4.723421	18.220109	0.465294	0
conventional	ce1689	886	0	30.914989	0	13	7	4.977582	2.386142	13.924588	9.626677	0.341003	0
conventional	ce1690	886	0	28.797858	0	13	7	4.797112	2.306153	12.079096	9.615497	0.932215	0
holistic	he1882	887	0	0	0	0	9	0	0	0	0	0	0
conventional	ce1691	887	0	33.122523	0	14	7	7.899248	9.510303	6.044749	9.668223	3.356050	0
conventional	ce1692	887	0	25.931386	0	13	7	4.173265	9.099279	8.863660	3.795182	2.880376	0
conventional	ce1693	887	0	29.013348	0	14	7	3.290468	2.133560	12.375233	11.214087	1.471555	0
conventional	ce1694	888	0	24.532619	0	13	7	4.527797	1.001216	12.490890	6.512716	0.882744	0
conventional	ce1695	888	0	36.951014	0	14	7	1.164161	10.428873	20.616579	4.741401	2.846641	0
holistic	he1883	889	0	0	0	0	15	0	0	0	0	2.284410	0
holistic	he1884	889	0	0	0	0	18	0	0	0	0	0	0
holistic	he1885	889	0	0	0	0	18	0	0	0	0	0	0
holistic	he1886	889	0	0	0	0	16	0	0	0	0	0	0
conventional	ce1696	889	0.035298	34.591604	1	14	7	2.607729	1.077177	11.667548	19.239150	1.011755	0
conventional	ce1697	890	0	56.118536	0	14	7	3.473798	1.938517	33.139190	17.567031	2.526116	0
conventional	ce1698	890	0	35.403722	0	14	7	1.424506	6.948144	20.683053	6.348019	0.747952	0
conventional	ce1699	890	0	33.033399	0	14	7	2.718558	4.150064	15.512541	10.652236	0	0
conventional	ce1700	890	0	64.335554	0	14	7	5.503543	0.342981	38.805649	19.683381	0.832628	0
conventional	ce1701	890	0	33.770646	0	14	7	7.592591	13.391438	7.049309	5.737308	3.548429	0
holistic	he1887	891	0	0	0	0	14	0	0	0	0	3.609759	0
holistic	he1888	893	0	0	0	0	8	0	0	0	0	0	0
holistic	he1889	893	0	0	0	0	7	0	0	0	0	0	0
conventional	ce1702	893	0	71.308010	0	14	7	5.864838	0.938127	44.923654	19.581391	1.423624	0
holistic	he1890	894	0	0	0	0	24	0	0	0	0	0	0
holistic	he1891	894	0	0	0	0	20	0	0	0	0	0	0
conventional	ce1703	894	0	48.941821	0	14	7	2.261194	3.056835	21.459085	22.164707	1.563992	0
conventional	ce1704	894	0	52.820582	0	14	7	9.854030	2.483580	25.475650	15.007322	2.662512	0
conventional	ce1705	895	0	3.719715	0	7	7	0.636048	0.450494	1.190259	1.442914	2.008308	0
conventional	ce1706	895	0.080970	46.394625	1	14	7	2.082557	3.853702	28.024855	12.433511	0.071838	0
holistic	he1892	896	0	0	0	0	24	0	0	0	0	0	0
conventional	ce1707	896	0.208698	0.208698	1	1	7	0	0	0	0.208698	2.497087	0
conventional	ce1708	896	0	54.661289	0	14	7	10.463166	0.741780	29.708942	13.747401	2.469143	0
conventional	ce1709	896	0	44.013359	0	14	7	3.307413	6.620487	25.867035	8.218424	2.077882	0
conventional	ce1710	896	0	28.272375	0	14	7	4.493004	11.145778	8.271342	4.362251	2.343217	0
conventional	ce1711	896	0	19.726917	0	13	7	3.371139	0.826359	8.906408	6.623011	0.882744	0
holistic	he1893	897	0	0	0	0	9	0	0	0	0	0	0
holistic	he1894	897	0	0	0	0	9	0	0	0	0	0	0
holistic	he1895	897	0	0	0	0	5	0	0	0	0	0	0
conventional	ce1712	897	0	42.930967	0	14	7	3.155375	2.623710	18.046306	19.105576	1.040030	0
conventional	ce1713	897	0	15.129046	0	14	7	1.450089	1.207602	6.869077	5.602278	1.710529	0
conventional	ce1714	897	0	21.506505	0	13	7	3.311278	1.964748	10.004835	6.225644	4.699686	0
conventional	ce1715	897	0	53.682633	0	14	7	23.279075	9.519110	13.440457	7.443991	0	0
holistic	he1896	899	0	0	0	0	24	0	0	0	0	0	0
conventional	ce1716	899	0	29.817525	0	13	7	5.508786	2.324427	12.357635	9.626677	0.134632	0
holistic	he1897	900	0.496847	0.496847	1	1	12	0	0	0.496847	0	0	0
holistic	he1898	900	0	0	0	0	10	0	0	0	0	0	0
holistic	he1899	900	0	0	0	0	28	0	0	0	0	0	0
conventional	ce1717	900	0	60.666989	0	14	7	14.421517	1.196625	25.307670	19.741177	1.391497	0
holistic	he1900	901	0.531504	0.531504	2	2	8	0	0	0.531504	0	0	0
conventional	ce1718	903	0	55.725083	0	14	7	9.854030	0.873145	29.860247	15.137661	2.358778	0
conventional	ce1719	903	0	68.634295	0	14	7	15.155407	2.160843	27.927026	23.391019	1.511181	0
conventional	ce1720	904	0	15.408408	0	13	7	2.152805	0.891000	7.663430	4.701173	1.475102	0
conventional	ce1721	904	0	36.711853	0	14	7	2.747980	5.876142	19.553910	8.533821	1.470128	0
holistic	he1901	905	0	0	0	0	8	0	0	0	0	0	0
holistic	he1902	907	0	0	0	0	5	0	0	0	0	0	0
holistic	he1903	908	0	0	0	0	4	0	0	0	0	0	0
holistic	he1904	908	0	0	0	0	28	0	0	0	0	0	0
conventional	ce1722	908	0	41.830578	0	14	7	4.493261	6.972642	21.670267	8.694408	2.078767	0
conventional	ce1723	908	0	42.645751	0	14	7	7.186998	0.403617	22.894618	12.160518	2.662512	0
conventional	ce1724	908	0	37.030248	0	14	7	2.764943	4.850896	18.429775	10.984634	1.048883	0
conventional	ce1725	908	0	65.381299	0	14	7	13.532787	2.116942	27.838837	21.892733	1.475102	0
holistic	he1905	909	0	0	0	0	10	0	0	0	0	0	0
conventional	ce1726	909	0	23.910940	0	13	7	4.838564	1.015390	11.464621	6.592365	1.040030	0
conventional	ce1727	909	0	42.049700	0	14	7	3.678635	8.020788	20.457508	9.892769	1.904776	0
holistic	he1906	910	0	0	0	0	8	0	0	0	0	0	0
holistic	he1907	910	0	0	0	0	8	0	0	0	0	0	0
conventional	ce1728	910	0	32.393106	0	14	7	7.915659	11.679370	8.061719	4.736358	1.423624	0
conventional	ce1729	910	0	87.399093	0	14	7	9.037606	1.954419	52.114828	24.292240	0.882744	0
conventional	ce1730	910	0	35.428851	0	14	7	0.797855	1.505542	11.787303	21.338151	1.421992	0
holistic	he1908	911	0	0	0	0	15	0	0	0	0	0	0
holistic	he1909	911	0	0	0	0	29	0	0	0	0	0	0
conventional	ce1731	911	0	16.137866	0	13	7	2.105670	0.892359	8.394839	4.744998	2.114531	0
conventional	ce1732	911	0	71.744872	0	14	7	9.570135	2.121451	50.553038	9.500248	1.011755	0
holistic	he1910	912	0	0	0	0	12	0	0	0	0	0	0
holistic	he1911	912	0	0	0	0	12	0	0	0	0	0	0
holistic	he1912	912	1.949432	1.949432	1	1	8	0	0	1.949432	0	0	0
holistic	he1913	912	0	0	0	0	8	0	0	0	0	0	0
conventional	ce1733	912	0	28.945195	0	13	7	4.797112	2.965096	11.567490	9.615497	0.932215	0
conventional	ce1734	912	0	0	0	0	7	0	0	0	0	0	0
holistic	he1914	913	0	0	0	0	8	0	0	0	0	0	0
holistic	he1915	913	0	0	0	0	6	0	0	0	0	0	1.409656
conventional	ce1735	913	0	64.368303	0	14	7	5.817435	0.480540	40.891578	17.178750	0	0
holistic	he1916	914	0	0	0	0	8	0	0	0	0	0	1.134197
holistic	he1917	914	0	0	0	0	9	0	0	0	0	0	0
conventional	ce1736	914	0	56.099285	0	14	7	3.126140	4.484130	31.046809	17.442206	2.724555	0
conventional	ce1737	914	0	26.573346	0	13	7	4.283960	9.099279	9.311835	3.878272	3.490518	0
conventional	ce1738	914	0.377233	0.377233	1	1	7	0	0	0	0.377233	1.944622	0
holistic	he1918	915	0	0	0	0	16	0	0	0	0	0	0
holistic	he1919	915	0	0	0	0	5	0	0	0	0	0	0
holistic	he1920	915	0	0	0	0	14	0	0	0	0	0	0
holistic	he1921	915	0	0	0	0	24	0	0	0	0	0	0
conventional	ce1739	915	0	28.505164	0	14	7	3.290468	1.625376	12.375233	11.214087	1.471555	0
conventional	ce1740	915	0	33.299752	0	14	7	2.764943	4.869866	14.680309	10.984634	1.048883	0
holistic	he1922	916	0	0	0	0	5	0	0	0	0	0	0
holistic	he1923	916	0.265752	0.265752	1	1	5	0	0	0.265752	0	0	0
conventional	ce1741	916	0	36.021359	0	14	7	7.492135	13.454721	9.196928	5.877575	2.847670	0
conventional	ce1742	916	0.627246	29.780283	1	14	7	4.111211	2.648834	5.911321	17.108917	0.423038	0
conventional	ce1743	916	0	82.930766	0	14	7	6.402147	1.300899	53.654357	21.573363	1.395053	0
holistic	he1924	917	0	0	0	0	15	0	0	0	0	2.284410	0
conventional	ce1744	917	0	56.528329	0	14	7	9.549244	0.604665	34.231572	12.142848	1.083154	0
conventional	ce1745	917	0	37.740695	0	14	7	3.400587	4.828047	18.736131	10.775930	2.469143	0
conventional	ce1746	917	0	26.363149	0	14	7	3.082296	4.084880	12.914192	6.281781	1.470128	0
conventional	ce1747	917	0	82.562854	0	14	7	15.864221	2.796342	36.672560	27.229731	0	0
conventional	ce1748	917	0	37.063926	0	14	7	6.842269	4.072663	14.536872	11.612122	2.064858	0
holistic	he1925	918	0	0	0	0	5	0	0	0	0	0	0
holistic	he1926	918	0	0	0	0	16	0	0	0	0	0	0
conventional	ce1749	918	0	12.048258	0	7	7	1.415930	0.346756	2.439675	7.845897	1.423624	0
holistic	he1927	919	0	0	0	0	28	0	0	0	0	0	0
holistic	he1928	919	0	0	0	0	9	0	0	0	0	0	0
conventional	ce1750	919	0	89.185366	0	14	7	3.246293	1.203768	60.460695	24.274610	0.832628	0
holistic	he1929	922	0	0	0	0	4	0	0	0	0	0	0
holistic	he1930	922	0	0	0	0	8	0	0	0	0	0	1.491996
holistic	he1931	923	0.728287	0.728287	1	1	12	0	0	0.728287	0	0	0
holistic	he1932	924	0	0	0	0	5	0	0	0	0	0	0
holistic	he1933	924	0	0	0	0	8	0	0	0	0	0	0
holistic	he1934	924	0	0	0	0	12	0	0	0	0	0	0
conventional	ce1751	924	0	18.062904	0	13	7	2.105670	1.714830	9.263899	4.978505	1.362813	0
conventional	ce1752	924	0	40.000695	0	14	7	4.405530	5.742721	17.080006	12.772438	1.054494	0
holistic	he1935	925	0	0	0	0	30	0	0	0	0	0	0
holistic	he1936	925	0	0	0	0	18	0	0	0	0	0	0
holistic	he1937	925	0	0	0	0	4	0	0	0	0	0	0
holistic	he1938	925	0	0	0	0	7	0	0	0	0	0	0
conventional	ce1753	925	0	39.486468	0	14	7	3.143360	6.740766	19.793020	9.809322	1.290538	0
conventional	ce1754	926	0	28.548561	0	14	7	2.955126	11.432511	9.254602	4.906322	2.747456	0
conventional	ce1755	926	0.627246	57.486449	1	14	7	26.454534	8.819113	15.012946	7.199856	0.423038	0
holistic	he1939	927	0	0	0	0	8	0	0	0	0	0	0
holistic	he1940	927	0	0	0	0	12	0	0	0	0	0	0
holistic	he1941	927	0	0	0	0	16	0	0	0	0	0	0
conventional	ce1756	927	0	25.558838	0	14	7	3.668551	3.727813	12.188895	5.973579	1.470128	0
conventional	ce1757	927	0	30.662481	0	13	7	4.283524	2.547652	14.260937	9.570368	1.040030	0
conventional	ce1758	927	0	79.032523	0	14	7	3.946288	2.013039	51.794226	21.278970	1.011755	0
conventional	ce1759	927	0	14.070772	0	14	7	1.261232	1.198039	6.740890	4.870611	1.710529	0
conventional	ce1760	927	0	52.704736	0	14	7	11.813818	1.035535	21.308703	18.546680	1.513417	0
holistic	he1942	928	0	0	0	0	8	0	0	0	0	0	0
holistic	he1943	928	0	0	0	0	8	0	0	0	0	0	0
holistic	he1944	928	0.496847	0.496847	1	1	12	0	0	0.496847	0	0	0
holistic	he1945	928	0	0	0	0	9	0	0	0	0	0	0
conventional	ce1761	928	0	56.582957	0	14	7	5.503543	0.544474	38.060313	12.474627	0	0
holistic	he1946	929	0	0	0	0	10	0	0	0	0	0	0
conventional	ce1762	929	0	57.453959	0	14	7	12.184795	2.284959	27.612026	15.372179	1.592117	0
conventional	ce1763	929	0.377233	12.100612	1	7	7	0.326745	1.123621	7.145507	3.504739	1.944622	0
conventional	ce1764	929	0	30.926637	0	13	7	7.189650	2.324427	11.785883	9.626677	0.286828	0
conventional	ce1765	929	0	25.461327	0	14	7	5.851607	12.055625	3.597241	3.956854	3.985612	0
holistic	he1947	930	0	0	0	0	8	0	0	0	0	0	0
conventional	ce1766	930	0	76.197895	0	14	7	7.692900	0.977321	46.823655	20.704019	2.002801	0
holistic	he1948	931	0	0	0	0	7	0	0	0	0	0	0
holistic	he1949	932	0	0	0	0	9	0	0	0	0	0	0
holistic	he1950	932	0	0	0	0	16	0	0	0	0	0	0
holistic	he1951	932	0	0	0	0	4	0	0	0	0	0	0
holistic	he1952	933	0	0	0	0	8	0	0	0	0	0	1.491996
holistic	he1953	934	0	0	0	0	16	0	0	0	0	0	0
holistic	he1954	934	0	0	0	0	7	0	0	0	0	0	0.829803
conventional	ce1767	934	0	15.063455	0	12	7	2.472519	1.093223	10.257486	1.240227	2.114531	0
holistic	he1955	935	0	0	0	0	7	0	0	0	0	0	0
holistic	he1956	935	0	0	0	0	9	0	0	0	0	0	0
conventional	ce1768	935	0	59.041000	0	14	7	12.011635	1.315529	31.778369	13.935467	2.469143	0
holistic	he1957	938	0	0	0	0	8	0	0	0	0	0	0
holistic	he1958	939	0	0	0	0	8	0	0	0	0	0	1.065516
holistic	he1959	939	0	0	0	0	8	0	0	0	0	0	0
conventional	ce1769	939	0	38.419192	0	14	7	3.510758	6.381834	19.322904	9.203696	1.290538	0
holistic	he1960	940	0	0	0	0	4	0	0	0	0	0	0
conventional	ce1770	941	0	50.076666	0	14	7	5.807636	0.998857	30.370313	12.899860	2.216855	0
conventional	ce1771	941	0	62.717092	0	14	7	5.496711	0.342981	37.203593	19.673807	0.988439	0
holistic	he1961	942	0	0	0	0	24	0	0	0	0	0	0
holistic	he1962	942	0	0	0	0	9	0	0	0	0	0	0
conventional	ce1772	942	0	59.642692	0	14	7	18.465323	2.552224	19.762622	18.862523	1.630304	0
conventional	ce1773	942	0	25.983158	0	13	7	5.238024	2.444727	6.936758	11.363649	0.932757	0
holistic	he1963	943	0	0	0	0	9	0	0	0	0	0	0
conventional	ce1774	943	0	23.861709	0	14	7	4.374666	9.905871	5.582710	3.998462	2.747456	0
holistic	he1964	945	0	0	0	0	24	0	0	0	0	0	0
holistic	he1965	945	0	0	0	0	15	0	0	0	0	0	0
conventional	ce1775	945	0	34.194316	0	13	7	7.200263	2.325805	14.153277	10.514971	0.337901	0
holistic	he1966	946	0	0	0	0	7	0	0	0	0	0	0.829803
conventional	ce1776	946	0	50.905753	0	14	7	9.503622	2.545137	24.327347	14.529647	2.662512	0
conventional	ce1777	946	0	26.569067	0	13	7	4.848253	1.026895	13.348592	7.345327	0.612894	0
conventional	ce1778	947	0	74.198517	0	14	7	7.265025	1.416389	48.260851	17.256252	1.390235	0
conventional	ce1779	947	0	16.284719	0	14	7	1.620045	0.548977	7.609070	6.506627	1.710529	0
conventional	ce1780	948	0	24.725200	0	13	7	5.166334	7.634332	9.644460	2.280074	3.490518	0
holistic	he1967	949	0	0	0	0	6	0	0	0	0	0	0
holistic	he1968	949	0	0	0	0	8	0	0	0	0	0	0
conventional	ce1781	949	0	13.313943	0	13	7	2.148244	1.207240	3.931327	6.027132	1.972327	0
holistic	he1969	950	0	0	0	0	11	0	0	0	0	2.284410	0
holistic	he1970	950	0	0	0	0	10	0	0	0	0	0	0
conventional	ce1782	950	0.377233	30.986411	1	13	7	6.990937	1.197278	14.617364	8.180832	2.641163	0
conventional	ce1783	950	0	40.463643	0	14	7	1.605173	6.920289	24.961111	6.977070	0	0
conventional	ce1784	950	0	30.839584	0	13	7	5.778161	1.026895	16.688993	7.345535	1.266713	0
conventional	ce1785	950	0	36.336183	0	13	7	7.570137	2.725078	15.039197	11.001771	0	0
conventional	ce1786	950	0	16.340910	0	12	7	4.815764	0.960259	9.922998	0.641889	2.114531	0
conventional	ce1787	950	0	69.974181	0	14	7	14.404527	2.019910	38.456491	15.093253	2.885820	0
holistic	he1971	951	0	0	0	0	16	0	0	0	0	0	0
conventional	ce1788	951	0	14.300778	0	14	7	4.019973	1.437684	5.570824	3.272297	0	0
conventional	ce1789	951	0	14.967593	0	14	7	1.314267	1.519205	6.759531	5.374590	1.659844	0
conventional	ce1790	952	0	56.670717	0	14	7	9.193068	1.794705	28.008596	17.674348	2.367489	0
holistic	he1972	953	0	0	0	0	8	0	0	0	0	0	0
conventional	ce1791	953	0	32.629750	0	13	7	5.530428	2.329035	14.099225	10.671062	0.227995	0
holistic	he1973	954	0	0	0	0	11	0	0	0	0	0	0
holistic	he1974	954	0	0	0	0	8	0	0	0	0	0	0
conventional	ce1792	954	0	61.441669	0	14	7	18.883082	2.747663	22.110827	17.700097	1.630304	0
conventional	ce1793	954	0	40.006174	0	14	7	3.452746	8.605272	18.615044	9.333112	1.290538	0
holistic	he1975	956	0	0	0	0	5	0	0	0	0	0	0
conventional	ce1794	956	0	51.993951	0	14	7	12.357464	1.901503	23.716394	14.018590	2.365353	0
conventional	ce1795	956	0	13.616851	0	14	7	1.314267	1.519205	5.408789	5.374590	0.008712	0
conventional	ce1796	956	0	36.424590	0	14	7	7.672568	13.540187	9.135072	6.076763	1.290538	0
conventional	ce1797	956	0	29.284256	0	14	7	2.816790	11.017574	9.950838	5.499054	3.055137	0
conventional	ce1798	956	0	78.861481	0	14	7	9.520907	3.529917	53.772476	12.038181	1.011755	0
holistic	he1976	957	0	0	0	0	4	0	0	0	0	0	0
holistic	he1977	957	0	0	0	0	8	0	0	0	0	0	0
holistic	he1978	957	0	0	0	0	9	0	0	0	0	0	0
holistic	he1979	957	0	0	0	0	8	0	0	0	0	0	1.134197
conventional	ce1799	957	0	89.457847	0	14	7	4.714480	1.224585	62.620231	20.898551	0.832628	0
conventional	ce1800	957	0	28.227733	0	14	7	1.931769	2.084405	17.401763	6.809796	2.123228	0
holistic	he1980	958	0	0	0	0	7	0	0	0	0	0	0
conventional	ce1801	958	0	56.972750	0	14	7	13.353554	1.353963	23.782857	18.482376	2.928958	0
holistic	he1981	959	0	0	0	0	16	0	0	0	0	0	0
holistic	he1982	959	0	0	0	0	16	0	0	0	0	0	0
conventional	ce1802	959	0	21.370982	0	12	7	4.314663	1.249113	11.451805	4.355401	2.114531	0
conventional	ce1803	959	0	74.903381	0	14	7	2.629283	0.809825	52.640217	18.824056	1.183723	0
holistic	he1983	960	0	0	0	0	19	0	0	0	0	0	0
holistic	he1984	960	0	0	0	0	3	0	0	0	0	0	0
holistic	he1985	960	0	0	0	0	3	0	0	0	0	0	0
conventional	ce1804	960	0	62.363786	0	14	7	18.824384	2.645730	24.672170	16.221502	1.799091	0
holistic	he1986	961	0	0	0	0	9	0	0	0	0	0	0
holistic	he1987	961	0	0	0	0	4	0	0	0	0	0	0
conventional	ce1805	961	0	49.300191	0	14	7	3.436567	1.257883	32.646943	11.958798	1.011755	0
conventional	ce1806	962	1.025708	44.593848	1	14	7	6.172926	1.509720	23.300666	13.610536	0.917506	0
conventional	ce1807	962	0.377233	0.377233	1	1	7	0	0	0	0.377233	1.944622	0
holistic	he1988	963	0	0	0	0	7	0	0	0	0	0	0
conventional	ce1808	963	0	13.839093	0	14	7	3.647014	1.399783	5.817455	2.974841	0	0
conventional	ce1809	963	0	55.944184	0	14	7	8.817124	1.947342	27.777522	17.402196	2.367489	0
holistic	he1989	964	0	0	0	0	21	0	0	0	0	0	0
conventional	ce1810	964	0	34.373198	0	13	7	7.570137	2.725078	12.781179	11.296804	0	0
conventional	ce1811	964	0	44.175965	0	14	7	2.643660	1.998326	25.068359	14.465620	2.662512	0
conventional	ce1812	964	0	84.690881	0	14	7	18.716791	2.757781	45.478685	17.737624	4.516833	0
holistic	he1990	965	0	0	0	0	12	0	0	0	0	0	0
conventional	ce1813	965	0	22.184380	0	13	7	3.533319	2.121804	10.298341	6.230916	3.795117	0
conventional	ce1814	965	0	35.226956	0	13	7	7.467937	2.416495	14.122178	11.220346	0	0
holistic	he1991	966	0	0	0	0	12	0	0	0	0	0	0
holistic	he1992	967	0	0	0	0	3	0	0	0	0	0	0
holistic	he1993	968	0	0	0	0	8	0	0	0	0	0	1.065516
holistic	he1994	968	0	0	0	0	6	0	0	0	0	0	2.489409
conventional	ce1815	968	0	85.511412	0	14	7	12.424390	0.620930	49.464624	23.001468	2.331990	0
conventional	ce1816	968	0	67.981293	0	14	7	16.837287	3.527975	30.893264	16.722767	1.670738	0
conventional	ce1817	968	0	50.766433	0	14	7	0.341472	0.993749	36.462223	12.968989	1.183723	0
holistic	he1995	969	0	0	0	0	4	0	0	0	0	0	0
conventional	ce1818	969	0	14.932853	0	14	7	1.286955	2.153819	5.763638	5.728441	0.008712	0
conventional	ce1819	969	0	21.610042	0	13	7	2.862016	1.893486	9.866553	6.987987	2.114531	0
conventional	ce1820	969	1.025708	46.613308	1	14	7	5.939109	1.820098	21.596420	17.257681	0.917506	0
conventional	ce1821	969	0	52.910541	0	14	7	4.507061	0.544192	35.379924	12.479364	0	0
holistic	he1996	970	0	0	0	0	10	0	0	0	0	0	0
holistic	he1997	970	0	0	0	0	4	0	0	0	0	0	0
conventional	ce1822	970	1.025708	45.685034	1	14	7	5.583276	1.351807	24.673449	14.076502	0.917506	0
conventional	ce1823	970	0	69.306209	0	14	7	20.721224	3.170500	26.669141	18.745344	1.799091	0
conventional	ce1824	970	0	25.831778	0	14	7	3.047694	4.164094	11.417976	7.202014	1.431285	0
holistic	he1998	971	0	0	0	0	7	0	0	0	0	0	0
conventional	ce1825	971	0	67.591469	0	14	7	9.595803	0.601852	41.179904	16.213910	1.198599	0
conventional	ce1826	971	0	70.384928	0	14	7	2.670783	0.768522	48.312829	18.632794	2.781462	0
conventional	ce1827	971	0	66.379371	0	14	7	14.435163	2.019910	34.820740	15.103558	2.856590	0
holistic	he1999	972	0	0	0	0	9	0	0	0	0	0	0
holistic	he2000	972	0	0	0	0	10	0	0	0	0	0	0
conventional	ce1828	972	0	14.596011	0	14	7	4.227159	2.042462	6.627910	1.698480	0	0
conventional	ce1829	972	0	37.270785	0	13	7	7.467937	3.670451	14.912051	11.220346	0	0
holistic	he2001	973	0	0	0	0	15	0	0	0	0	0	2.131032
holistic	he2002	973	0	0	0	0	5	0	0	0	0	0	0
holistic	he2003	974	0.728287	0.728287	1	1	12	0	0	0.728287	0	0	0
holistic	he2004	974	0	0	0	0	4	0	0	0	0	0	0.765481
conventional	ce1830	974	0	40.889393	0	14	7	1.975748	7.412844	24.216638	7.284163	0	0
conventional	ce1831	974	0	15.175191	0	14	7	1.261232	1.906956	7.136392	4.870611	1.710529	0
conventional	ce1832	974	0.627246	78.296560	1	14	7	8.549754	0.673608	46.748637	22.324561	0	0
conventional	ce1833	974	0	16.496721	0	14	7	4.303683	1.571131	6.623938	3.997969	0	0
holistic	he2005	975	0	0	0	0	8	0	0	0	0	0	0
holistic	he2006	975	0	0	0	0	16	0	0	0	0	0	0
holistic	he2007	976	0	0	0	0	4	0	0	0	0	0	0
holistic	he2008	976	0	0	0	0	28	0	0	0	0	0	0
conventional	ce1834	976	0	15.678736	0	14	7	1.314267	1.519205	7.470674	5.374590	0.008712	0
conventional	ce1835	976	0	61.743943	0	14	7	13.623025	1.563604	33.039018	13.518296	0.778797	0
conventional	ce1836	976	0	50.990147	0	14	7	9.121863	2.649234	24.846057	14.372993	2.662512	0
holistic	he2009	977	0	0	0	0	4	0	0	0	0	0	0
conventional	ce1837	977	0	60.791817	0	14	7	4.073552	1.808312	41.358601	13.551352	2.365353	0
conventional	ce1838	977	0	60.831147	0	14	7	9.395056	2.514496	29.888471	19.033124	2.367489	0
conventional	ce1839	977	0	54.427614	0	14	7	8.556579	1.767991	27.293766	16.809278	2.367489	0
conventional	ce1840	977	0	43.047409	0	14	7	2.656123	6.847085	23.888650	9.655551	1.290538	0
holistic	he2010	978	0	0	0	0	12	0	0	0	0	0	0.974817
conventional	ce1841	978	0	17.560835	0	13	7	2.132376	1.691393	8.812457	4.924609	2.208165	0
holistic	he2011	979	0	0	0	0	9	0	0	0	0	0	0
holistic	he2012	979	0	0	0	0	8	0	0	0	0	0	0.260330
conventional	ce1842	979	0	51.182990	0	14	7	4.733884	2.809415	30.760169	12.879522	0	0
holistic	he2013	980	0	0	0	0	12	0	0	0	0	0	2.329136
holistic	he2014	980	0	0	0	0	16	0	0	0	0	0	0
conventional	ce1843	980	0	55.958538	0	14	7	14.389708	1.417250	20.996551	19.155029	2.928958	0
holistic	he2015	982	0	0	0	0	4	0	0	0	0	0	0
holistic	he2016	983	0	0	0	0	8	0	0	0	0	0	0
conventional	ce1844	983	0	56.797291	0	14	7	3.441906	3.638806	35.869612	13.846967	2.365353	0
holistic	he2017	984	0	0	0	0	4	0	0	0	0	0	0
holistic	he2018	984	0	0	0	0	7	0	0	0	0	0	1.854705
holistic	he2019	984	0	0	0	0	12	0	0	0	0	0	0
conventional	ce1845	984	0	61.278983	0	14	7	8.638154	2.514496	31.181359	18.944974	0	0
holistic	he2020	985	0	0	0	0	9	0	0	0	0	0	0
holistic	he2021	985	0	0	0	0	8	0	0	0	0	0	0
holistic	he2022	985	0	0	0	0	5	0	0	0	0	0	0
holistic	he2023	985	0	0	0	0	8	0	0	0	0	0	0
holistic	he2024	985	0	0	0	0	8	0	0	0	0	0	0
conventional	ce1846	985	0	39.938751	0	14	7	2.998739	6.539009	21.061381	9.339622	1.290538	0
holistic	he2025	986	0	0	0	0	8	0	0	0	0	0	1.065516
holistic	he2026	986	0	0	0	0	4	0	0	0	0	0	0
conventional	ce1847	986	0	27.846088	0	13	7	5.238024	2.663251	8.581164	11.363649	0.932757	0
holistic	he2027	987	0	0	0	0	8	0	0	0	0	0	1.491996
holistic	he2028	987	0	0	0	0	4	0	0	0	0	0	0
conventional	ce1848	987	0	55.041132	0	14	7	13.298794	1.608434	24.957915	15.175989	1.592117	0
conventional	ce1849	987	0	44.630688	0	14	7	1.463603	6.957299	28.675687	7.534099	0.236717	0
conventional	ce1850	987	0	43.580419	0	14	7	1.427686	6.708942	27.663605	7.780186	0	0
holistic	he2029	988	0	0	0	0	14	0	0	0	0	0	0
holistic	he2030	988	0	0	0	0	9	0	0	0	0	0	0.745998
holistic	he2031	988	0	0	0	0	5	0	0	0	0	0	0
holistic	he2032	988	0.728287	0.728287	1	1	12	0	0	0.728287	0	0	0
conventional	ce1851	988	0	15.213732	0	12	7	3.314217	1.190573	9.528982	1.179960	2.114531	0
holistic	he2033	989	0	0	0	0	4	0	0	0	0	0	0
conventional	ce1852	989	0	69.980957	0	14	7	14.279106	1.642960	39.092250	14.966641	0.778797	0
conventional	ce1853	989	0	29.303339	0	14	7	3.151401	3.893074	14.335683	7.923181	0.789076	0
conventional	ce1854	989	0	40.058592	0	14	7	2.948098	6.009667	20.308884	10.791943	1.315972	0
conventional	ce1855	989	0	57.880011	0	14	7	11.011452	2.107776	25.708257	19.052526	2.100590	0
holistic	he2034	990	0	0	0	0	11	0	0	0	0	0	0
conventional	ce1856	990	0	38.447150	0	13	7	6.976585	2.912690	17.556104	11.001771	0	0
conventional	ce1857	990	0	47.006124	0	14	7	4.181003	7.095018	27.062988	8.667115	0.236717	0
holistic	he2035	991	0	0	0	0	8	0	0	0	0	0	0.260330
holistic	he2036	991	0	0	0	0	8	0	0	0	0	0	0.607031
conventional	ce1858	991	0	60.082099	0	14	7	4.241920	3.627942	41.842243	10.369994	4.068385	0
holistic	he2037	992	0.728287	0.728287	1	1	12	0	0	0.728287	0	0	0
holistic	he2038	992	0	0	0	0	6	0	0	0	0	0	0
conventional	ce1859	992	0	29.196175	0	13	7	4.848253	1.177222	15.825373	7.345327	0.612894	0
holistic	he2039	993	0	0	0	0	21	0	0	0	0	0	0
conventional	ce1860	993	0	26.048365	0	14	7	6.891431	9.657686	5.482862	4.016386	2.654528	0
holistic	he2040	994	0	0	0	0	12	0	0	0	0	0	0
conventional	ce1861	994	0	58.330373	0	14	7	13.957797	1.664843	28.076578	14.631155	1.592117	0
conventional	ce1862	994	0	51.173951	0	14	7	14.194639	1.822663	18.779580	16.377069	1.630304	0
holistic	he2041	995	0	0	0	0	8	0	0	0	0	0	0
conventional	ce1863	995	0	58.534191	0	14	7	8.754515	1.289802	30.140417	18.349457	2.644844	0
holistic	he2042	997	1.210321	1.210321	1	1	14	0	0	1.210321	0	0	0
conventional	ce1864	997	0	61.978956	0	14	7	10.684751	3.945822	27.308907	20.039476	2.358726	0
holistic	he2043	998	0	0	0	0	4	0	0	0	0	0	0
holistic	he2044	999	0	0	0	0	7	0	0	0	0	0	3.194202
holistic	he2045	999	0	0	0	0	10	0	0	0	0	0	0
conventional	ce1865	999	0	44.904900	0	14	7	2.183307	0.790121	30.973218	10.958254	1.011755	0
holistic	he2046	1000	0	0	0	0	8	0	0	0	0	0	0
holistic	he2047	1002	0	0	0	0	4	0	0	0	0	0	0
holistic	he2048	1002	0	0	0	0	8	0	0	0	0	0	0
conventional	ce1866	1002	0	71.938468	0	14	7	15.153034	2.496645	39.195536	15.093253	2.885820	0
conventional	ce1867	1002	0	70.915129	0	14	7	2.632031	1.272983	48.804447	18.205668	1.183723	0
holistic	he2049	1003	0	0	0	0	3	0	0	0	0	0	0
conventional	ce1868	1003	0	18.298095	0	13	7	1.783666	4.085086	7.798494	4.630849	0.825614	0
conventional	ce1869	1003	0	40.137690	0	14	7	4.216014	6.300408	19.501660	10.119608	1.290538	0
holistic	he2050	1005	0	0	0	0	7	0	0	0	0	0	0
conventional	ce1870	1005	0	50.182270	0	14	7	16.819793	1.077575	14.178245	18.106657	2.556899	0
holistic	he2051	1006	0	0	0	0	21	0	0	0	0	0	0
conventional	ce1871	1006	0	40.223825	0	14	7	5.971176	5.110213	21.984116	7.158320	0	0
conventional	ce1872	1006	0.573415	48.406829	1	14	7	7.536775	2.167946	20.025912	18.676196	1.165723	0
conventional	ce1873	1007	0	11.857527	0	7	7	2.579246	1.578529	3.025360	4.674392	0.932757	0
conventional	ce1874	1007	0	92.652881	0	14	7	17.412112	5.146920	41.304894	28.788955	2.928958	0
conventional	ce1875	1009	0	15.430931	0	14	7	1.286955	1.813202	6.602333	5.728441	2.662512	0
holistic	he2052	1010	0	0	0	0	16	0	0	0	0	0	0
conventional	ce1876	1010	0	73.299742	0	14	7	24.398573	2.921441	23.618782	22.360946	1.326445	0
conventional	ce1877	1010	0	12.154351	0	14	7	0.966961	0.967979	6.475773	3.743638	0	0
conventional	ce1878	1010	0	41.140198	0	14	7	5.977781	6.305082	21.775883	7.081452	0	0
conventional	ce1879	1010	0	41.087651	0	13	7	8.040963	4.656076	15.722784	12.667828	0.060071	0
conventional	ce1880	1011	0	66.942999	0	14	7	19.909398	2.308599	23.149307	21.575695	1.630304	0
conventional	ce1881	1011	0	41.379951	0	14	7	3.910024	9.174107	18.561756	9.734064	1.290538	0
conventional	ce1882	1012	0	30.733680	0	13	7	6.083197	1.684085	13.390625	9.575773	1.365598	0
conventional	ce1883	1012	0	67.908148	0	14	7	9.993935	0.654643	39.623650	17.635920	1.290538	0
holistic	he2053	1013	0	0	0	0	4	0	0	0	0	0	0.765481
conventional	ce1884	1014	0	39.603417	0	14	7	1.324961	3.828957	27.360589	7.088910	0	0
conventional	ce1885	1014	0	7.403251	0	7	7	1.569236	0.667109	1.774112	3.392794	2.208165	0
conventional	ce1886	1014	0	40.235582	0	14	7	4.563660	0.830803	23.348475	11.492644	1.011755	0
conventional	ce1887	1014	0	59.993759	0	14	7	4.177204	3.963931	36.813704	15.038920	2.813118	0
conventional	ce1888	1014	0	58.544963	0	14	7	14.609670	1.346815	21.827598	20.760880	2.091799	0
holistic	he2054	1016	0	0	0	0	21	0	0	0	0	0	0
conventional	ce1889	1016	1.519436	45.036607	1	14	7	5.614051	1.334448	25.485636	12.602472	0.917506	0
conventional	ce1890	1016	0	43.281829	0	14	7	4.348260	7.938990	22.878283	8.116296	1.528281	0
conventional	ce1891	1016	0	57.342396	0	14	7	8.566303	1.878889	29.242770	17.654434	2.367489	0
holistic	he2055	1017	0	0	0	0	8	0	0	0	0	0	0
holistic	he2056	1017	0	0	0	0	8	0	0	0	0	0	0.260330
holistic	he2057	1017	0	0	0	0	7	0	0	0	0	0	0
holistic	he2058	1018	0	0	0	0	8	0	0	0	0	0	0.260330
conventional	ce1892	1018	1.303317	54.404187	1	14	7	4.473126	1.510641	34.104530	14.315890	0.917506	0
holistic	he2059	1019	0.197416	0.464010	1	1	11	0	0	0.464010	0	0	0
holistic	he2060	1019	0	0	0	0	7	0	0	0	0	0	0
conventional	ce1893	1019	0	70.977607	0	14	7	2.353788	0.776512	49.438303	18.409004	2.955226	0
holistic	he2061	1020	0	0	0	0	4	0	0	0	0	0	0
conventional	ce1894	1020	0	58.851802	0	14	7	13.465609	1.435351	29.319687	14.631155	1.592117	0
conventional	ce1895	1020	0	57.418764	0	14	7	20.177908	2.780757	14.234415	20.225684	1.054501	0
holistic	he2062	1021	0	0	0	0	8	0	0	0	0	0	0
holistic	he2063	1021	0	0	0	0	16	0	0	0	0	0	0.520660
conventional	ce1896	1021	0	42.482233	0	14	7	6.125262	6.402019	23.520510	6.434442	0	0
holistic	he2064	1022	0	0	0	0	12	0	0	0	0	0	0
conventional	ce1897	1022	0	48.778125	0	14	7	15.229262	0.941966	17.094918	15.511979	2.556899	0
holistic	he2065	1023	0	0	0	0	7	0	0	0	0	0	0
holistic	he2066	1023	0	0	0	0	4	0	0	0	0	0	0
conventional	ce1898	1023	0	46.290831	0	14	7	5.965984	6.993219	26.396837	6.934791	0	0
holistic	he2067	1024	0	0	0	0	8	0	0	0	0	0	0
holistic	he2068	1025	0	0	0	0	6	0	0	0	0	0	0
conventional	ce1899	1025	0	75.870459	0	14	7	4.073277	0.776841	50.628635	20.391706	2.781462	0
conventional	ce1900	1025	0	49.826829	0	14	7	4.527842	6.874149	25.601140	12.823698	1.290538	0
holistic	he2069	1026	0	0	0	0	4	0	0	0	0	0	0.635547
holistic	he2070	1027	0	0	0	0	4	0	0	0	0	2.601522	0
holistic	he2071	1028	0	0	0	0	4	0	0	0	0	0	0
conventional	ce1901	1028	1.025708	53.018111	1	14	7	6.613820	1.373053	28.829734	16.201504	0.886505	0
conventional	ce1902	1029	0	13.215078	0	14	7	1.130025	1.498123	5.955915	4.631015	1.851623	0
conventional	ce1903	1029	0	72.140860	0	14	7	2.942321	0.762459	49.375732	19.060348	0.909083	0
conventional	ce1904	1029	0	78.998353	0	14	7	19.874525	3.556388	38.126953	17.440487	2.856590	0
conventional	ce1905	1029	0	27.962696	0	13	7	5.311469	1.481731	12.400493	8.769003	2.737856	0
holistic	he2072	1030	0	0	0	0	10	0	0	0	0	0	0
holistic	he2073	1030	0	0	0	0	4	0	0	0	0	0	0
holistic	he2074	1030	0	0	0	0	4	0	0	0	0	0	0
conventional	ce1906	1030	0	56.352281	0	14	7	19.942793	3.381562	13.674340	19.353586	1.054501	0
conventional	ce1907	1030	0	56.766938	0	14	7	17.096514	1.895667	14.848589	22.926168	1.299189	0
holistic	he2075	1031	0	0	0	0	4	0	0	0	0	0	0.765481
holistic	he2076	1031	0	0	0	0	4	0	0	0	0	0	0
conventional	ce1908	1031	0.268006	44.199988	1	14	7	2.589665	7.198990	26.462545	7.948788	1.262837	0
conventional	ce1909	1031	0	30.084178	0	14	7	3.704368	2.254208	15.129446	8.996156	0.789076	0
conventional	ce1910	1031	0	57.257327	0	14	7	13.094575	0.789649	23.110741	20.262362	3.093010	0
holistic	he2077	1032	0	0	0	0	4	0	0	0	0	0	0
holistic	he2078	1032	0	0	0	0	4	0	0	0	0	0	0.765481
holistic	he2079	1032	0	0	0	0	12	0	0	0	0	0	0.260330
conventional	ce1911	1032	0	68.826417	0	14	7	18.125976	2.167479	24.598883	23.934079	2.043151	0
conventional	ce1912	1032	0	39.140712	0	14	7	5.240821	5.627282	21.196747	7.075862	0	0
holistic	he2080	1033	0	0	0	0	6	0	0	0	0	0	0
holistic	he2081	1034	0	0	0	0	4	0	0	0	0	0	0
holistic	he2082	1034	0	0	0	0	4	0	0	0	0	0	0
holistic	he2083	1034	0	0	0	0	9	0	0	0	0	0	0
conventional	ce1913	1034	0	17.315656	0	13	7	1.783666	4.085086	7.082005	4.364899	2.590734	0
holistic	he2084	1035	0	0	0	0	4	0	0	0	0	0	0
conventional	ce1914	1036	0	50.660543	0	14	7	18.890148	1.388376	14.296716	16.085303	3.042237	0
conventional	ce1915	1036	0	56.675332	0	14	7	14.609670	1.346815	19.340296	21.378551	3.145092	0
holistic	he2085	1037	0	0	0	0	4	0	0	0	0	0	0
conventional	ce1916	1037	0	14.380895	0	13	7	1.233511	1.813202	6.013187	5.320995	2.209249	0
conventional	ce1917	1037	0.268006	35.521992	1	14	7	2.120252	4.923963	23.050454	5.427323	1.262837	0
conventional	ce1918	1037	0	61.464714	0	14	7	9.061395	3.449260	29.353412	19.600647	2.182833	0
conventional	ce1919	1037	0	17.634317	0	13	7	1.745412	2.683387	6.970310	6.235208	2.556899	0
holistic	he2086	1038	0	0	0	0	9	0	0	0	0	0	0
conventional	ce1920	1038	0	12.629856	0	7	7	2.747243	1.681345	3.222414	4.978854	0.932757	0
conventional	ce1921	1038	0	12.214789	0	7	7	2.579246	1.578529	2.868680	5.188334	1.155496	0
holistic	he2087	1039	0.616426	1.832436	2	8	21	0	0	0.336920	1.495516	0	1.064734
holistic	he2088	1039	0	0	0	0	8	0	0	0	0	0	0
holistic	he2089	1039	0	0	0	0	13	0	0	0	0	0	0
holistic	he2090	1039	0	0	0	0	5	0	0	0	0	0	0
conventional	ce1922	1039	0	71.892862	0	14	7	19.239768	2.851627	31.822661	17.978806	1.592117	0
holistic	he2091	1040	0	0	0	0	3	0	0	0	0	0	0
conventional	ce1923	1040	0	67.770428	0	14	7	16.565178	3.351774	24.047123	23.806353	2.448603	0
conventional	ce1924	1041	0	66.222356	0	14	7	18.226807	2.229959	23.666471	22.099119	2.043151	0
conventional	ce1925	1042	0	75.924690	0	14	7	13.679240	1.153234	46.505791	14.586425	0.789615	0
holistic	he2092	1043	0	0	0	0	4	0	0	0	0	0	0.248756
holistic	he2093	1043	0	0	0	0	3	0	0	0	0	0	0
conventional	ce1926	1043	0	28.575114	0	14	7	3.274873	1.968724	15.025300	8.306217	0.789076	0
holistic	he2094	1044	0	0	0	0	5	0	0	0	0	0	0
holistic	he2095	1044	0	0	0	0	4	0	0	0	0	2.831990	0
holistic	he2096	1044	0	1.819781	0	3	12	0	0	0.055739	1.764042	0	0
holistic	he2097	1044	0	0	0	0	6	0	0	0	0	0	0
conventional	ce1927	1044	0	45.175093	0	14	7	3.884015	11.884720	18.923871	10.482487	1.290538	0
holistic	he2098	1045	0	0	0	0	9	0	0	0	0	0	1.065516
holistic	he2099	1045	1.829058	1.829058	3	3	24	0	0	0	1.829058	0	0
holistic	he2100	1045	0	0	0	0	7	0	0	0	0	0	0.765481
holistic	he2101	1045	0	0	0	0	4	0	0	0	0	0	0.765481
conventional	ce1928	1045	0	76.942872	0	14	7	4.073277	1.016544	50.974203	20.878848	2.781462	0
conventional	ce1929	1045	0	71.422242	0	14	7	19.593383	2.597017	24.541798	24.690044	2.125707	0
holistic	he2102	1046	0	0	0	0	7	0	0	0	0	0	0
holistic	he2103	1046	0	0	0	0	4	0	0	0	0	0	0.248756
conventional	ce1930	1046	0.273190	40.448278	1	14	7	3.070498	5.082122	19.612068	12.683590	1.903426	0
holistic	he2104	1047	0	0	0	0	5	0	0	0	0	0	0
conventional	ce1931	1047	0	65.321511	0	14	7	13.620266	0.479914	37.024378	14.196953	0.789615	0
conventional	ce1932	1047	0.244795	69.604174	1	14	7	14.082158	4.302319	39.396839	11.822858	3.328000	0
conventional	ce1933	1047	0	73.042626	0	14	7	17.723089	1.859811	36.790553	16.669173	0.778797	0
holistic	he2105	1048	0	0	0	0	8	0	0	0	0	0	0
holistic	he2106	1048	0	0	0	0	12	0	0	0	0	0	0
holistic	he2107	1048	0	0	0	0	12	0	0	0	0	0	0.607031
holistic	he2108	1048	0	0	0	0	4	0	0	0	0	0	0
holistic	he2109	1049	0	0	0	0	4	0	0	0	0	0	0
conventional	ce1934	1049	0	45.394435	0	14	7	12.371554	0.799984	18.148049	14.074848	2.446195	0
conventional	ce1935	1049	0	68.111515	0	14	7	18.060950	2.154818	23.699169	24.196578	1.975352	0
conventional	ce1936	1049	0.273190	37.465127	1	14	7	2.482621	0.967857	20.473473	13.541176	1.903426	0
conventional	ce1937	1049	0	60.003640	0	14	7	13.318949	1.773860	31.227038	13.683793	1.894089	0
holistic	he2110	1050	0	0	0	0	4	0	0	0	0	0	0
conventional	ce1938	1050	0	78.347929	0	14	7	2.388096	0.419959	54.044218	21.495656	2.781462	0
conventional	ce1939	1050	0.451907	38.268590	1	14	7	1.593420	5.053813	24.966851	6.654506	1.903426	0
holistic	he2111	1051	0	0	0	0	6	0	0	0	0	0	0
holistic	he2112	1051	0	0	0	0	4	0	0	0	0	0	0
holistic	he2113	1052	0	0	0	0	8	0	0	0	0	0	0
holistic	he2114	1052	0	0	0	0	7	0	0	0	0	0	0
holistic	he2115	1052	0	0	0	0	4	0	0	0	0	0	0.765481
conventional	ce1940	1052	0.273190	38.325652	1	14	7	2.192547	3.729540	14.593949	17.809616	1.780826	0
holistic	he2116	1053	0	0	0	0	5	0	0	0	0	0	0
holistic	he2117	1054	0	0	0	0	10	0	0	0	0	0	0
conventional	ce1941	1054	0	70.949471	0	14	7	8.551268	2.160562	39.796110	20.441531	1.054501	0
conventional	ce1942	1054	0	30.464411	0	13	7	6.083197	1.684085	13.390625	9.306504	1.365598	0
holistic	he2118	1055	0	0	0	0	5	0	0	0	0	0	0
holistic	he2119	1055	0	0	0	0	8	0	0	0	0	0	0
conventional	ce1943	1056	1.137430	38.596559	1	14	7	1.953389	4.140162	23.910990	8.592018	1.903426	0
holistic	he2120	1057	0	0	0	0	7	0	0	0	0	0	0
conventional	ce1944	1057	0	31.135246	0	13	7	5.593070	1.914608	12.946389	10.681179	1.365598	0
holistic	he2121	1058	0	0	0	0	8	0	0	0	0	0	0
holistic	he2122	1059	0	0	0	0	12	0	0	0	0	0	0
holistic	he2123	1059	0	0	0	0	7	0	0	0	0	0	0.248756
conventional	ce1945	1059	0.620620	29.259975	1	14	7	0.896300	3.459062	19.430311	5.474302	0	0
holistic	he2124	1060	0	0	0	0	4	0	0	0	0	0	0
conventional	ce1946	1060	0	78.475404	0	14	7	19.735320	1.883958	39.412806	17.443320	0.044908	0
holistic	he2125	1062	0	0	0	0	11	0	0	0	0	0	0
holistic	he2126	1062	0	0	0	0	5	0	0	0	0	0	0
holistic	he2127	1062	0	0	0	0	6	0	0	0	0	0	0.765481
holistic	he2128	1062	0	0	0	0	9	0	0	0	0	0	0
conventional	ce1947	1062	0	82.339080	0	14	7	20.466044	1.440020	46.741359	13.691657	0.148477	0
conventional	ce1948	1062	0.273190	35.697164	1	14	7	1.837368	0.976622	19.416376	13.466798	1.903426	0
holistic	he2129	1063	0	0	0	0	7	0	0	0	0	0	0
conventional	ce1949	1063	0	57.277113	0	14	7	13.953226	0.939506	22.438285	19.946096	2.091799	0
conventional	ce1950	1063	0	71.973495	0	14	7	12.037578	1.067375	45.277858	13.590684	0.789615	0
holistic	he2130	1064	0.478055	1.006886	1	1	11	0	0	1.006886	0	0	0
conventional	ce1951	1064	0	45.841571	0	14	7	6.679133	5.868408	26.738192	6.555838	0.038150	0
holistic	he2131	1065	0	0	0	0	4	0	0	0	0	0	0.765481
conventional	ce1952	1065	0	24.516330	0	13	7	4.378581	1.321119	10.765694	8.050936	1.365598	0
holistic	he2132	1066	0	0	0	0	4	0	0	0	0	0	0
conventional	ce1953	1066	0	11.857754	0	7	7	3.037104	0.969255	2.663061	5.188334	1.155496	0
conventional	ce1954	1066	0	50.384396	0	14	7	17.572357	3.029114	12.397625	17.385300	2.580859	0
conventional	ce1955	1067	1.303317	55.658609	1	14	7	4.904763	1.508022	34.866607	14.379217	0.588763	0
conventional	ce1956	1067	0	40.467844	0	14	7	4.827904	8.641322	21.760101	5.238517	1.528281	0
holistic	he2133	1068	0	0	0	0	11	0	0	0	0	0	0
conventional	ce1957	1069	0.273190	40.247366	1	14	7	0.846191	0.273776	25.545167	13.582232	1.529221	0
conventional	ce1958	1069	0	36.901862	0	14	7	3.033525	7.597192	18.607319	7.663826	1.840575	0
conventional	ce1959	1069	0	67.899971	0	14	7	17.043606	2.632319	33.755718	14.468328	3.783018	0
holistic	he2134	1070	0	0	0	0	6	0	0	0	0	0	0.887855
conventional	ce1960	1070	0	80.774309	0	14	7	4.994309	1.221798	52.093850	22.464352	3.271297	0
conventional	ce1961	1071	0	14.496223	0	14	7	1.359275	3.091036	2.921991	7.123921	2.125707	0
conventional	ce1962	1071	0	77.865548	0	14	7	2.940275	1.420052	55.495723	18.009498	0.909083	0
conventional	ce1963	1072	0	48.451539	0	14	7	12.791881	0.717865	20.129304	14.812489	1.498382	0
conventional	ce1964	1072	0	29.192275	0	13	7	6.089803	1.688128	14.583385	6.830959	1.635619	0
conventional	ce1965	1072	0	75.991727	0	14	7	11.513997	1.518518	39.645846	23.313366	1.054501	0
holistic	he2135	1073	0	0	0	0	11	0	0	0	0	0	0
holistic	he2136	1073	0	0	0	0	4	0	0	0	0	0	0
conventional	ce1966	1074	0.451907	38.513017	1	14	7	1.444613	4.815179	25.816078	6.437147	2.248630	0
conventional	ce1967	1074	0	51.160432	0	14	7	12.083908	0.724742	19.882493	18.469289	1.491294	0
conventional	ce1968	1074	0	78.605942	0	14	7	19.503761	1.418764	44.652070	13.031347	0.616772	0
conventional	ce1969	1074	0	78.197815	0	14	7	5.726355	1.333698	48.117218	23.020544	2.417553	0
conventional	ce1970	1075	0	66.120880	0	14	7	3.948269	0.552782	43.426430	18.193399	2.781462	0
holistic	he2137	1076	0	0	0	0	4	0	0	0	0	0	0
holistic	he2138	1076	0	0	0	0	4	0	0	0	0	0	0.765481
holistic	he2139	1076	0	0	0	0	5	0	0	0	0	0	0
conventional	ce1971	1076	0	37.569531	0	14	7	9.616426	1.060496	16.287496	10.605113	1.975352	0
conventional	ce1972	1076	0	74.157053	0	14	7	13.679240	3.109003	41.454621	15.914189	2.307008	0
holistic	he2140	1077	0	0	0	0	3	0	0	0	0	0	0
holistic	he2141	1077	0	0	0	0	4	0	0	0	0	2.831990	0
holistic	he2142	1078	0	0	0	0	10	0	0	0	0	0	0
conventional	ce1973	1078	0	74.250587	0	14	7	16.845833	1.665080	38.987060	16.752614	1.144271	0
holistic	he2143	1079	0.294288	0.294288	1	1	12	0	0.294288	0	0	0	0.225717
conventional	ce1974	1079	0	38.046057	0	14	7	9.182631	1.032831	16.950248	10.880347	1.975352	0
holistic	he2144	1080	0	0	0	0	3	0	0	0	0	0	0
holistic	he2145	1080	0	0	0	0	4	0	0	0	0	0	0
conventional	ce1975	1080	0	33.593071	0	13	7	5.455333	1.689207	17.253784	9.194747	1.365598	0
conventional	ce1976	1080	0.301202	39.080907	1	14	7	1.406005	0.273776	22.802401	14.598725	1.529221	0
conventional	ce1977	1080	0	75.743739	0	14	7	16.847881	3.280397	33.712644	21.902817	2.125707	0
holistic	he2146	1081	0	0	0	0	6	0	0	0	0	0	0
conventional	ce1978	1081	0	17.717402	0	13	7	1.783666	4.894666	6.674171	4.364899	2.590734	0
conventional	ce1979	1081	0	37.002380	0	14	7	2.548391	0.937943	18.635782	14.880264	1.821807	0
holistic	he2147	1082	0	0	0	0	3	0	0	0	0	0	0
conventional	ce1980	1082	0	65.678739	0	14	7	3.763734	0.552782	43.387579	17.974644	2.778717	0
conventional	ce1981	1082	0	59.752104	0	14	7	18.647232	1.620557	17.689362	21.794953	2.838437	0
conventional	ce1982	1082	0	38.321289	0	14	7	10.028945	1.427854	15.850661	11.013829	1.975352	0
holistic	he2148	1083	0	0	0	0	7	0	0	0	0	0	0.765481
conventional	ce1983	1083	0	38.780118	0	14	7	7.945598	2.337901	17.335330	11.161289	1.975352	0
conventional	ce1984	1083	0	84.574734	0	14	7	19.541601	1.302133	52.524596	11.206404	0.148477	0
conventional	ce1985	1083	0	76.553910	0	14	7	0.556120	2.132638	56.672004	17.193148	0.909083	0
holistic	he2149	1084	0	0	0	0	5	0	0	0	0	0	0
holistic	he2150	1084	0	0	0	0	4	0	0	0	0	0	0.765481
holistic	he2151	1085	0	0	0	0	7	0	0	0	0	0	0.248756
conventional	ce1986	1085	0	35.395903	0	14	7	4.080871	8.383861	14.978451	7.952720	3.093010	0
conventional	ce1987	1085	1.490154	38.025947	2	14	7	2.413567	3.707556	13.906956	17.997868	1.780826	0
conventional	ce1988	1085	0	39.622901	0	14	7	11.183385	0.132406	23.353465	4.953645	2.215341	0
holistic	he2152	1086	0	0	0	0	9	0	0	0	0	0.278510	0
holistic	he2153	1086	0	0	0	0	6	0	0	0	0	0	0
holistic	he2154	1087	0	0	0	0	4	0	0	0	0	0	0.765481
conventional	ce1989	1087	0	32.545678	0	13	7	6.757209	2.254531	15.078768	8.455170	1.635619	0
conventional	ce1990	1089	0	72.244229	0	14	7	17.485207	2.142442	36.931569	15.685011	0.778797	0
conventional	ce1991	1089	0	71.585065	0	14	7	9.781913	1.389807	38.514189	21.899156	1.054501	0
conventional	ce1992	1089	0	14.310587	0	13	7	1.796853	1.132970	6.098415	5.282349	2.209249	0
conventional	ce1993	1089	0	61.300051	0	14	7	16.078192	2.920752	22.323926	19.977181	2.043151	0
holistic	he2155	1090	0	0	0	0	12	0	0	0	0	0	0
conventional	ce1994	1090	0	17.918128	0	13	7	1.783666	4.115861	7.687216	4.331385	2.590734	0
conventional	ce1995	1090	0	71.174654	0	14	7	9.074135	2.318989	39.928826	19.852704	1.054501	0
holistic	he2156	1091	0	0	0	0	4	0	0	0	0	0	0
conventional	ce1996	1091	0	65.149390	0	14	7	5.135043	1.327911	37.310684	21.375752	2.887325	0
conventional	ce1997	1091	0	43.522201	0	14	7	5.607314	8.981864	22.466537	6.466486	0	0
conventional	ce1998	1091	0	19.658468	0	13	7	2.101631	4.440732	7.781863	5.334242	2.590734	0
holistic	he2157	1092	0	0	0	0	8	0	0	0	0	0	1.530962
holistic	he2158	1092	0	0	0	0	4	0	0	0	0	0	0
holistic	he2159	1092	0	0	0	0	4	0	0	0	0	0	0.765481
conventional	ce1999	1092	0	59.404159	0	14	7	11.925694	0.495550	34.485153	12.497762	1.157822	0
conventional	ce2000	1092	0.515444	43.331107	1	14	7	4.495008	0.965577	21.960098	15.910424	1.529221	0
conventional	ce2001	1092	0	66.314200	0	14	7	14.898708	2.219057	34.500244	14.696191	2.676448	0
holistic	he2160	1094	0	0	0	0	5	0	0	0	0	0	0
holistic	he2161	1094	0	0	0	0	5	0	0	0	0	0	0
holistic	he2162	1094	0	0	0	0	4	0	0	0	0	0	0.765481
conventional	ce2002	1094	0	50.776114	0	14	7	7.124599	8.694378	27.072873	7.884264	0	0
holistic	he2163	1095	1.599847	2.407567	1	4	14	0	0	0.951303	1.456264	0	0
conventional	ce2003	1095	0	52.445772	0	14	7	11.293772	0.063424	30.467801	10.620775	0.789615	0
conventional	ce2004	1096	0	61.870260	0	14	7	22.401477	0.414356	28.054488	10.999939	0.148477	0
conventional	ce2005	1097	0	32.136865	0	14	7	10.725081	0.564875	13.169566	7.677343	2.219345	0
conventional	ce2006	1097	0	76.464392	0	14	7	4.436950	1.335645	48.034658	22.657139	2.276782	0
conventional	ce2007	1097	0.273190	37.505332	1	14	7	1.713989	4.564039	25.407880	5.819424	2.122334	0
holistic	he2164	1098	0	0	0	0	6	0	0	0	0	0	0
conventional	ce2008	1098	0	80.358631	0	14	7	23.325824	3.453142	24.092823	29.486842	2.125707	0
conventional	ce2009	1098	0	63.431554	0	14	7	5.412033	1.066891	37.948846	19.003784	2.417553	0
holistic	he2165	1099	0	0	0	0	7	0	0	0	0	0	0
holistic	he2166	1099	0	0	0	0	4	0	0	0	0	0	0.765481
holistic	he2167	1099	0	0	0	0	7	0	0	0	0	0	0.765481
holistic	he2168	1099	0	0	0	0	18	0	0	0	0	0	3.634866
conventional	ce2010	1099	0	7.035979	0	7	7	1.562531	0.743456	1.469705	3.260287	1.365598	0
conventional	ce2011	1101	0	68.095673	0	14	7	16.104995	1.315122	34.979425	15.696131	2.307008	0
conventional	ce2012	1102	0	84.167458	0	14	7	18.116891	3.492571	45.376936	17.181060	2.675162	0
conventional	ce2013	1102	0	17.441442	0	13	7	1.783666	4.340818	6.985573	4.331385	3.054684	0
holistic	he2169	1103	0	0	0	0	10	0	0	0	0	0	0
holistic	he2170	1103	0	0	0	0	11	0	0	0	0	0	0
holistic	he2171	1103	0	0	0	0	6	0	0	0	0	0	1.199603
holistic	he2172	1103	0	0	0	0	4	0	0	0	0	0	0
holistic	he2173	1104	0	0	0	0	9	0	0	0	0	0.012614	0
holistic	he2174	1104	0	0	0	0	4	0	0	0	0	0	0
holistic	he2175	1104	0	0	0	0	5	0	0	0	0	0	0
holistic	he2176	1104	0	0	0	0	16	0	0	0	0	0	0
holistic	he2177	1105	0	0	0	0	8	0	0	0	0	0	0
holistic	he2178	1105	0	0	0	0	4	0	0	0	0	0	0
holistic	he2179	1105	0	0	0	0	3	0	0	0	0	0	0
conventional	ce2014	1105	0	49.493978	0	14	7	14.041137	1.726960	21.364988	12.360893	1.894089	0
conventional	ce2015	1105	0	74.936935	0	14	7	20.523138	3.633622	34.204353	16.575822	3.845307	0
holistic	he2180	1106	0	0	0	0	12	0	0	0	0	0	0
holistic	he2181	1106	0	0	0	0	5	0	0	0	0	0	0
conventional	ce2016	1106	0	61.252140	0	14	7	22.852822	0.937111	25.697657	11.764550	0.148477	0
holistic	he2182	1107	0.714256	0.714256	1	1	13	0	0	0	0.714256	0.012614	0
conventional	ce2017	1107	0	75.153470	0	14	7	4.576921	1.020623	47.716209	21.839717	3.271297	0
conventional	ce2018	1107	0	71.313172	0	14	7	20.473314	2.612561	22.461642	25.765655	1.935119	0
conventional	ce2019	1107	0.273190	36.026176	1	14	7	1.472024	3.766923	24.104522	6.682707	2.611133	0
holistic	he2183	1108	0	0	0	0	6	0	0	0	0	0	0
holistic	he2184	1108	0	0	0	0	7	0	0	0	0	0	0.248756
holistic	he2185	1108	0	0	0	0	12	0	0	0	0	0	0
holistic	he2186	1108	0	0	0	0	4	0	0	0	0	2.838454	0
holistic	he2187	1109	0	0	0	0	4	0	0	0	0	0	0
conventional	ce2020	1109	0	84.337405	0	14	7	6.899165	1.558698	49.735001	26.144541	2.276782	0
conventional	ce2021	1109	0	64.919158	0	14	7	14.898708	2.219057	34.664174	13.137219	2.676448	0
conventional	ce2022	1109	0	13.996453	0	7	7	4.003285	1.098097	3.017058	5.878013	1.155496	0
conventional	ce2023	1109	0.273190	35.397836	1	14	7	1.596262	4.117764	24.540456	5.143354	2.586635	0
conventional	ce2024	1110	0	64.810049	0	14	7	5.001693	1.940778	36.559813	21.307765	2.607698	0
conventional	ce2025	1110	0	86.285824	0	14	7	4.945283	1.291789	50.093505	29.955247	2.276782	0
conventional	ce2026	1110	0	77.654008	0	14	7	27.278301	1.827319	23.167690	25.380698	2.125707	0
holistic	he2188	1111	0	0	0	0	6	0	0	0	0	0	0
holistic	he2189	1111	0	0	0	0	4	0	0	0	0	0	0
holistic	he2190	1112	0	0	0	0	11	0	0	0	0	0	0.497512
holistic	he2191	1112	0	0	0	0	12	0	0	0	0	0	0
holistic	he2192	1112	0	0	0	0	9	0	0	0	0	0	0
conventional	ce2027	1112	0	43.621068	0	14	7	11.460834	0.436400	26.708256	5.015578	2.426869	0
conventional	ce2028	1112	0	52.910442	0	14	7	6.526035	9.952083	28.684570	7.747754	2.125707	0
holistic	he2193	1113	0	0	0	0	12	0	0	0	0	0	0
conventional	ce2029	1113	0	78.628055	0	14	7	1.196972	0.805482	62.823203	13.802398	0.947180	0
holistic	he2194	1114	0	0	0	0	3	0	0	0	0	0	0
conventional	ce2030	1114	0	81.477334	0	14	7	4.456733	1.015638	52.676376	23.328587	3.271297	0
conventional	ce2031	1114	0	30.032432	0	13	7	4.608972	1.315364	15.109922	8.998174	1.092949	0
holistic	he2195	1115	0.848973	0.848973	1	1	11	0	0	0.848973	0	0	0
holistic	he2196	1115	0	0	0	0	4	0	0	0	0	0	0.765481
conventional	ce2032	1115	0	14.738426	0	13	7	2.139622	1.132970	6.098415	5.367419	2.144082	0
holistic	he2197	1116	0	0	0	0	5	0	0	0	0	0	0.765481
holistic	he2198	1117	0	0	0	0	8	0	0	0	0	0	0
holistic	he2199	1117	0	0	0	0	7	0	0	0	0	0	0
conventional	ce2033	1117	0	43.945834	0	14	7	19.960012	0.468138	15.479935	8.037749	0.617572	0
holistic	he2200	1118	0	0	0	0	6	0	0	0	0	0	0
holistic	he2201	1119	0	0	0	0	4	0	0	0	0	0	0.765481
holistic	he2202	1119	0	0	0	0	5	0	0	0	0	0	0.765481
conventional	ce2034	1119	0	72.081325	0	14	7	9.989406	1.025353	35.992132	25.074434	2.887325	0
holistic	he2203	1120	0	0	0	0	5	0	0	0	0	0	1.530962
conventional	ce2035	1121	0	70.157129	0	14	7	13.897864	3.788493	31.147201	21.323571	2.043151	0
holistic	he2204	1122	0	0	0	0	3	0	0	0	0	0	0
holistic	he2205	1122	0	0	0	0	8	0	0	0	0	0	0
holistic	he2206	1122	0	0	0	0	6	0	0	0	0	0	0
holistic	he2207	1122	0	0	0	0	3	0	0	0	0	0	0
conventional	ce2036	1122	0	83.417295	0	14	7	18.116891	4.355531	44.811855	16.133018	1.887152	0
holistic	he2208	1123	0	0	0	0	4	0	0	0	0	0	0
conventional	ce2037	1123	0	35.707097	0	14	7	12.246147	0.586497	14.444639	8.429814	2.219345	0
holistic	he2209	1125	0	0	0	0	7	0	0	0	0	0	0.248756
holistic	he2210	1126	0	0	0	0	4	0	0	0	0	0	0.765481
holistic	he2211	1126	0	0	0	0	9	0	0	0	0	0.278510	0
holistic	he2212	1126	0	0	0	0	7	0	0	0	0	0	0
holistic	he2213	1126	0	0	0	0	4	0	0	0	0	0	0
holistic	he2214	1127	0	0	0	0	5	0	0	0	0	0	0
holistic	he2215	1127	0	0	0	0	4	0	0	0	0	2.838454	0
conventional	ce2038	1127	0	78.715964	0	14	7	23.733889	3.453142	21.956753	29.572180	2.125707	0
holistic	he2216	1128	0	0	0	0	5	0	0	0	0	0	0
holistic	he2217	1129	0	0	0	0	3	0	0	0	0	0	0
conventional	ce2039	1129	0	38.448644	0	14	7	12.157551	0.390826	16.510075	9.390192	1.455086	0
conventional	ce2040	1129	0	50.198846	0	14	7	5.281566	10.055457	27.151596	7.710227	0	0
conventional	ce2041	1129	0	82.122498	0	14	7	26.856817	4.103149	23.704492	27.458040	1.868929	0
holistic	he2218	1130	0	0	0	0	6	0	0	0	0	0	0
conventional	ce2042	1130	0	81.927511	0	14	7	24.418344	3.594112	23.128955	30.786100	2.125707	0
conventional	ce2043	1131	0	40.647542	0	14	7	12.803549	0.329125	14.978850	12.536018	1.737034	0
conventional	ce2044	1132	0	81.219321	0	14	7	28.141147	4.326393	21.049212	27.702569	1.868929	0
holistic	he2219	1133	0	0	0	0	4	0	0	0	0	0	0
conventional	ce2045	1133	0	80.134041	0	14	7	23.393127	3.780256	22.938294	30.022364	1.935119	0
conventional	ce2046	1134	0	66.461051	0	14	7	2.388038	2.173983	45.324361	16.574669	2.125707	0
conventional	ce2047	1134	0.592745	78.492311	1	14	7	15.230150	4.259876	41.366741	17.635544	2.230381	0
conventional	ce2048	1134	0	82.065185	0	14	7	26.405714	3.891642	34.399272	17.368557	0.148477	0
conventional	ce2049	1134	1.380281	35.302255	2	14	7	2.772038	2.997004	14.863647	14.669566	1.780826	0
conventional	ce2050	1135	0	50.341101	0	14	7	5.854943	8.230708	28.451288	7.804162	0	0
conventional	ce2051	1135	0	83.378195	0	14	7	2.210233	1.047372	64.764780	15.355810	0.621282	0
conventional	ce2052	1135	0	49.257773	0	14	7	13.773493	1.726960	21.539975	12.217345	1.894089	0
holistic	he2220	1136	0	0	0	0	9	0	0	0	0	0.012614	0
holistic	he2221	1136	0	0	0	0	5	0	0	0	0	0	3.179114
conventional	ce2053	1136	0	89.314592	0	14	7	29.947959	6.139766	24.720204	28.506663	2.231568	0
conventional	ce2054	1136	0	80.962256	0	14	7	30.098950	4.022589	17.719265	29.121452	2.065370	0
conventional	ce2055	1136	0	44.991416	0	14	7	3.957934	1.137756	23.767434	16.128292	2.676448	0
holistic	he2222	1137	0	0	0	0	3	0	0	0	0	0	0
holistic	he2223	1137	0	0	0	0	4	0	0	0	0	0	0.899600
holistic	he2224	1137	0	0	0	0	4	0	0	0	0	0	0
conventional	ce2056	1137	0	19.412291	0	13	7	1.823927	4.212388	7.764419	5.611557	1.356909	0
conventional	ce2057	1137	0	20.612044	0	13	7	2.406045	4.440732	8.431025	5.334242	3.284224	0
conventional	ce2058	1138	0	65.985514	0	14	7	2.907206	0.552782	45.260235	17.265291	2.837576	0
conventional	ce2059	1138	0	68.345425	0	14	7	15.587914	2.039598	33.856562	16.861351	2.384165	0
conventional	ce2060	1138	0	26.179737	0	14	7	0.913099	1.615432	16.719792	6.931414	1.698934	0
holistic	he2225	1139	0	0	0	0	4	0	0	0	0	0	0.765481
conventional	ce2061	1139	0	62.259285	0	14	7	15.865921	2.925500	21.077013	22.390851	1.935119	0
conventional	ce2062	1139	0	60.182770	0	14	7	13.397657	1.232236	32.331849	13.221028	2.676448	0
holistic	he2226	1140	0	0	0	0	11	0	0	0	0	0	0
conventional	ce2063	1140	0	60.285615	0	14	7	13.273381	1.528157	31.450557	14.033520	2.676448	0
conventional	ce2064	1140	0	55.099283	0	14	7	14.793029	1.314256	28.192501	10.799497	0.148477	0
holistic	he2227	1141	0	0	0	0	11	0	0	0	0	0	0
holistic	he2228	1141	0	0	0	0	10	0	0	0	0	0	0
conventional	ce2065	1142	1.490154	32.608994	2	14	7	1.368927	2.579622	15.178430	13.482015	1.780826	0
conventional	ce2066	1142	0	77.601444	0	14	7	19.822668	3.245671	35.714783	18.818322	2.196771	0
conventional	ce2067	1142	0	61.006475	0	14	7	5.453173	0.791101	35.794913	18.967288	2.417553	0
conventional	ce2068	1142	0	40.554627	0	14	7	12.150758	1.666789	17.115325	9.621755	1.546175	0
holistic	he2229	1143	0	0	0	0	5	0	0	0	0	0	0
holistic	he2230	1143	0	0	0	0	7	0	0	0	0	0	0
conventional	ce2069	1143	0	59.225134	0	14	7	3.424359	1.698533	35.047126	19.055116	4.083695	0
conventional	ce2070	1143	0	88.866164	0	14	7	6.113883	1.759478	49.694738	31.298065	2.276782	0
holistic	he2231	1144	0	0	0	0	9	0	0	0	0	0	0
holistic	he2232	1144	0	0	0	0	10	0	0	0	0	0	0
holistic	he2233	1145	0	0	0	0	5	0	0	0	0	0	0
holistic	he2234	1145	0	0	0	0	4	0	0	0	0	0	0.765481
conventional	ce2071	1145	0	21.620341	0	14	7	2.760656	2.464884	8.329882	8.064919	1.365598	0
conventional	ce2072	1145	0.515444	46.368602	1	14	7	3.463482	0.965577	25.389630	16.549913	1.529221	0
conventional	ce2073	1145	0	77.734243	0	14	7	2.246005	1.291789	48.545545	25.650904	2.276782	0
conventional	ce2074	1145	0	81.983488	0	14	7	4.953885	0.878208	52.296343	23.855052	3.271297	0
holistic	he2235	1146	0	0	0	0	15	0	0	0	0	0	0
holistic	he2236	1146	0	0	0	0	8	0	0	0	0	0	1.530962
holistic	he2237	1146	0	0	0	0	9	0	0	0	0	0	0
conventional	ce2075	1146	1.490154	31.664712	2	14	7	1.215568	2.448566	15.060002	12.940576	2.036288	0
holistic	he2238	1147	0	0	0	0	6	0	0	0	0	0	0
conventional	ce2076	1147	0.068974	27.279405	1	13	7	3.879894	1.345965	13.754726	8.298820	2.170162	0
holistic	he2239	1148	0	0	0	0	6	0	0	0	0	0	0
conventional	ce2077	1149	1.188396	35.346875	2	14	7	2.967136	2.574983	15.952334	13.852422	1.780826	0
conventional	ce2078	1149	0	52.394461	0	14	7	12.540146	0.357125	29.645420	9.851770	0.789615	0
holistic	he2240	1150	0	0	0	0	5	0	0	0	0	0	0
holistic	he2241	1150	0	0	0	0	5	0	0	0	0	0	0
holistic	he2242	1150	0	0	0	0	4	0	0	0	0	0	0
conventional	ce2079	1150	1.490154	29.937389	2	14	7	1.736684	3.218615	12.391872	12.590218	1.952876	0
holistic	he2243	1151	0	0	0	0	5	0	0	0	0	0	0.522979
holistic	he2244	1151	0	0	0	0	3	0	0	0	0	0	0
conventional	ce2080	1151	0	89.317228	0	14	7	20.525136	5.064676	44.620839	19.106577	1.176837	0
conventional	ce2081	1151	0	12.738972	0	13	7	1.623250	0.928683	5.901851	4.285188	2.296993	0
conventional	ce2082	1151	0	39.532731	0	14	7	10.198161	0.678296	23.379529	5.276745	2.426869	0
conventional	ce2083	1151	0	84.867109	0	14	7	29.328745	4.072853	22.133035	29.332476	1.213253	0
holistic	he2245	1152	0	0	0	0	4	0	0	0	0	0	0
holistic	he2246	1152	0	0	0	0	8	0	0	0	0	2.801019	0
holistic	he2247	1152	1.611377	1.611377	1	1	9	0	0	0	1.611377	0	0
holistic	he2248	1152	0	0	0	0	8	0	0	0	0	0	0
conventional	ce2084	1152	0	86.960864	0	14	7	31.652708	4.644869	21.490015	29.173272	1.868929	0
conventional	ce2085	1152	0	18.536878	0	13	7	2.128618	4.238483	8.088082	4.081695	2.968356	0
conventional	ce2086	1152	0	49.891500	0	14	7	6.672886	10.298771	25.347434	7.572409	1.909057	0
conventional	ce2087	1153	0	6.935705	0	7	7	1.562531	0.701490	1.411397	3.260287	1.365598	0
holistic	he2249	1154	0	0	0	0	4	0	0	0	0	0	0.611805
holistic	he2250	1154	0	0	0	0	9	0	0	0	0	0	0.248756
holistic	he2251	1154	0	0	0	0	5	0	0	0	0	0.278510	0
conventional	ce2088	1154	0	91.688985	0	14	7	31.842472	7.965442	17.539578	34.341493	1.868929	0
conventional	ce2089	1154	0	83.813461	0	14	7	22.179826	2.453658	43.458945	15.721032	3.354842	0
conventional	ce2090	1154	0.273190	39.906529	1	14	7	3.320879	4.925940	25.964105	5.695605	2.586635	0
holistic	he2252	1155	0	0	0	0	7	0	0	0	0	0	0.789341
conventional	ce2091	1155	0	68.637085	0	14	7	1.924883	1.206694	45.723887	19.781621	3.271297	0
holistic	he2253	1156	0	0	0	0	12	0	0	0	0	0	0
holistic	he2254	1156	0	0	0	0	9	0	0	0	0	0	2.016388
conventional	ce2092	1156	0	88.879460	0	14	7	32.223660	7.992590	18.562172	30.101038	0.617572	0
conventional	ce2093	1157	0	81.976206	0	14	7	4.863747	1.373427	48.662355	27.076677	2.276782	0
conventional	ce2094	1157	0	8.077670	0	7	7	1.562531	1.137556	2.117296	3.260287	1.365598	0
conventional	ce2095	1157	0	23.126848	0	14	7	1.789636	2.166291	10.950416	8.220505	1.365598	0
holistic	he2255	1158	0	0	0	0	11	0	0	0	0	0	0
holistic	he2256	1158	0	0	0	0	11	0	0	0	0	0	0
conventional	ce2096	1158	0	77.874068	0	14	7	1.667611	1.086165	61.619862	13.500430	0.947180	0
conventional	ce2097	1158	0	101.775375	0	14	7	10.610406	2.857446	56.148987	32.158536	2.276782	0
holistic	he2257	1159	1.611377	1.611377	1	1	9	0	0	0	1.611377	0	0
holistic	he2258	1159	0	0	0	0	4	0	0	0	0	0	0
holistic	he2259	1159	0	0	0	0	8	0	0	0	0	0	0
conventional	ce2098	1159	0	78.525914	0	14	7	0.284216	3.578648	61.349703	13.313347	0.947180	0
conventional	ce2099	1160	0	82.876268	0	14	7	5.623890	3.837814	57.837522	15.577042	1.111221	0
holistic	he2260	1161	0	0	0	0	8	0	0	0	0	0	0.807531
conventional	ce2100	1162	0	14.333393	0	13	7	2.139622	1.132970	6.098415	4.962386	2.958666	0
conventional	ce2101	1162	0.817612	71.359815	1	14	7	15.533908	3.278525	34.705124	17.842258	2.158628	0
holistic	he2261	1163	1.889171	1.889171	1	1	9	0	0	0	1.889171	0	0
holistic	he2262	1163	0	0	0	0	4	0	0	0	0	0	0
holistic	he2263	1163	0	0	0	0	5	0	0	0	0	0	0
holistic	he2264	1163	0	0	0	0	5	0	0	0	0	0	0
holistic	he2265	1164	0	0	0	0	12	0	0	0	0	0	0
holistic	he2266	1164	0	0	0	0	7	0	0	0	0	0	0.248756
holistic	he2267	1164	0	0	0	0	4	0	0	0	0	0	0
conventional	ce2102	1164	0	45.023630	0	14	7	11.869684	0.458221	28.803190	3.892535	2.426869	0
holistic	he2268	1165	0	0	0	0	6	0	0	0	0	0	0
holistic	he2269	1165	0	0	0	0	4	0	0	0	0	0	0
holistic	he2270	1165	0	0	0	0	5	0	0	0	0	0	0
conventional	ce2103	1165	0	82.524233	0	14	7	4.277947	1.086165	62.831299	14.328822	0.947180	0
holistic	he2271	1166	0	0	0	0	7	0	0	0	0	0	0.248756
holistic	he2272	1166	0	0	0	0	4	0	0	0	0	0	0.688388
conventional	ce2104	1166	0.592745	65.500317	1	14	7	13.415920	3.601438	35.030348	13.452611	2.230381	0
conventional	ce2105	1166	0	76.987847	0	14	7	3.920248	0.261720	42.517487	30.288392	3.303553	0
holistic	he2273	1167	0	0	0	0	6	0	0	0	0	0	0
holistic	he2274	1167	0	0	0	0	14	0	0	0	0	0	0
holistic	he2275	1167	0	0	0	0	4	0	0	0	0	0	0
holistic	he2276	1167	0	0	0	0	11	0	0	0	0	0	0
holistic	he2277	1167	0	0	0	0	6	0	0	0	0	0	0
conventional	ce2106	1167	1.354569	31.751669	2	14	7	1.169535	2.579622	14.658176	13.344336	0.831853	0
conventional	ce2107	1167	1.188396	38.369261	2	14	7	3.164400	4.820296	16.532143	13.852422	1.780826	0
conventional	ce2108	1167	0	81.520763	0	14	7	6.249553	3.712819	54.334921	17.223470	1.234880	0
conventional	ce2109	1167	0	67.932923	0	14	7	10.471323	1.467726	40.733844	15.260030	2.676448	0
holistic	he2278	1168	0	0	0	0	6	0	0	0	0	0	0
holistic	he2279	1168	0	0	0	0	4	0	0	0	0	0	0
holistic	he2280	1168	0	0	0	0	9	0	0	0	0	0.012614	0
holistic	he2281	1168	0	0	0	0	5	0	0	0	0	0	0
conventional	ce2110	1168	0	74.485209	0	14	7	18.402524	2.718168	34.006020	19.358497	2.774092	0
holistic	he2282	1169	0	0	0	0	4	0	0	0	0	0	0.765481
conventional	ce2111	1169	0	41.479372	0	14	7	12.527988	1.666789	17.662840	9.621755	1.546175	0
holistic	he2283	1170	0	0	0	0	22	0	0	0	0	0	0
conventional	ce2112	1170	1.188396	60.713441	2	14	7	19.927471	0.357125	31.166524	9.262321	1.780826	0
conventional	ce2113	1170	0	39.869508	0	14	7	6.484980	1.086913	26.174223	6.123392	2.426869	0
holistic	he2284	1171	0	0	0	0	10	0	0	0	0	0	1.530962
holistic	he2285	1171	0	0	0	0	6	0	0	0	0	0	0
conventional	ce2114	1171	1.188396	65.759971	2	14	7	2.848860	0.418348	46.371780	16.120983	1.780826	0
holistic	he2286	1172	0	0	0	0	11	0	0	0	0	0	0
holistic	he2287	1172	0	0	0	0	6	0	0	0	0	0	0
conventional	ce2115	1172	0	77.886360	0	14	7	7.835313	3.713921	48.707373	17.629753	1.234880	0
conventional	ce2116	1172	0	47.245345	0	14	7	14.944670	0.731415	20.738067	10.831193	0.789615	0
conventional	ce2117	1173	0	15.199222	0	13	7	1.559584	2.446972	5.830891	5.361775	2.505035	0
conventional	ce2118	1173	0	29.332221	0	13	7	9.828164	0.406130	13.734484	5.363443	2.219345	0
holistic	he2288	1174	1.889171	1.889171	1	1	11	0	0	0	1.889171	0	0.567466
conventional	ce2119	1174	0	91.936332	0	14	7	16.103702	6.445277	48.784066	20.603287	1.979244	0
conventional	ce2120	1174	0	71.027338	0	14	7	18.624119	2.480948	32.453696	17.468575	2.911811	0
holistic	he2289	1175	0	0	0	0	5	0	0	0	0	0	0
holistic	he2290	1175	0	0	0	0	6	0	0	0	0	0	0
conventional	ce2121	1175	0	38.944337	0	14	7	11.952211	0.329125	14.667933	11.995068	1.737034	0
holistic	he2291	1176	0	0	0	0	5	0	0	0	0	0	0
holistic	he2292	1177	0	0	0	0	5	0	0	0	0	0	1.530962
conventional	ce2122	1177	0	38.136607	0	14	7	13.356898	0.538250	16.421847	7.819612	1.455086	0
conventional	ce2123	1177	0	80.121751	0	14	7	23.796556	3.693779	24.574555	28.056861	2.231568	0
conventional	ce2124	1177	0	90.924090	0	14	7	31.314865	7.649137	17.845534	34.114554	1.868929	0
holistic	he2293	1178	0	0	0	0	4	0	0	0	0	0	0
holistic	he2294	1178	0	0	0	0	7	0	0	0	0	0	0.248756
holistic	he2295	1179	0	0	0	0	6	0	0	0	0	0	0
holistic	he2296	1179	0	0	0	0	5	0	0	0	0	0	0
holistic	he2297	1180	0	0	0	0	9	0	0	0	0	0	0.765481
holistic	he2298	1180	0	0	0	0	8	0	0	0	0	0	1.530962
conventional	ce2125	1181	0	63.293696	0	14	7	4.134043	0.717461	38.160945	20.281247	2.245715	0
conventional	ce2126	1181	0	75.733878	0	14	7	2.717001	0.876559	50.989347	21.150971	2.774092	0
holistic	he2299	1182	2.113750	2.113750	2	2	36	0	0	2.113750	0	0	0
holistic	he2300	1182	0	0	0	0	7	0	0	0	0	0	0.248756
conventional	ce2127	1182	0	69.380643	0	14	7	10.734364	3.531566	35.656565	19.458148	2.105645	0
holistic	he2301	1183	0	0	0	0	8	0	0	0	0	0	0
holistic	he2302	1183	0	0	0	0	9	0	0	0	0	0	0
conventional	ce2128	1183	1.543508	34.223943	2	14	7	1.023608	2.752861	16.885263	13.562211	2.036288	0
holistic	he2303	1185	0	0	0	0	4	0	0	0	0	0	0
holistic	he2304	1186	0	0	0	0	6	0	0	0	0	0	0
holistic	he2305	1186	0	0	0	0	23	0	0	0	0	0	0
holistic	he2306	1186	0	0	0	0	5	0	0	0	0	0	0
holistic	he2307	1187	0	0	0	0	6	0	0	0	0	0	0
holistic	he2308	1187	0	0	0	0	4	0	0	0	0	0	0
holistic	he2309	1188	0	0	0	0	7	0	0	0	0	0	0.248756
holistic	he2310	1188	0	0	0	0	5	0	0	0	0	0	0
conventional	ce2129	1189	0.273190	39.861126	1	14	7	3.215038	4.794533	25.819006	6.032549	2.586635	0
conventional	ce2130	1189	1.651657	31.536029	2	14	7	0.949743	0.605889	15.971311	14.009086	1.327380	0
holistic	he2311	1190	0	0	0	0	9	0	0	0	0	0	0
holistic	he2312	1191	0	0	0	0	4	0	0	0	0	0	0
conventional	ce2131	1191	0.592745	71.484828	1	14	7	13.581302	4.271687	37.567173	16.064666	2.230381	0
conventional	ce2132	1192	0	60.126224	0	14	7	8.874878	2.337377	33.742334	15.171635	2.175049	0
holistic	he2313	1193	0	0	0	0	12	0	0	0	0	0	0
holistic	he2314	1193	0	0	0	0	3	0	0	0	0	0	0
conventional	ce2133	1193	0	35.867689	0	14	7	8.426037	1.657500	16.280706	9.503446	1.561032	0
conventional	ce2134	1194	0	65.537751	0	14	7	11.687913	1.627337	39.667274	12.555227	2.676448	0
conventional	ce2135	1194	0	47.672490	0	14	7	8.912389	0.957136	28.030747	9.772218	0.789615	0
holistic	he2315	1195	0	0	0	0	4	0	0	0	0	0	0
holistic	he2316	1196	0	0	0	0	5	0	0	0	0	0	0.880545
conventional	ce2136	1196	0	71.690240	0	14	7	23.209343	3.969590	18.003403	26.507904	2.231568	0
conventional	ce2137	1196	0	57.404196	0	14	7	5.034011	5.469791	31.649363	15.251031	1.861567	0
holistic	he2317	1197	0	0	0	0	6	0	0	0	0	0	0
holistic	he2318	1197	0	0	0	0	5	0	0	0	0	0	0
conventional	ce2138	1198	0.592745	63.996229	1	14	7	14.253096	3.160976	33.549461	13.032696	2.230381	0
conventional	ce2139	1198	0	47.748519	0	14	7	5.278574	0.856564	24.476503	17.136878	2.634778	0
conventional	ce2140	1198	0	99.610498	0	14	7	41.889341	6.326587	17.505710	33.888860	1.314855	0
conventional	ce2141	1198	0	110.765875	0	14	7	13.322582	3.535972	58.713440	35.193881	2.276782	0
conventional	ce2142	1199	1.624905	34.701093	2	14	7	2.967136	2.574983	15.046750	14.112224	1.780826	0
conventional	ce2143	1199	0	28.128898	0	14	7	0.645189	0.713528	18.130392	8.639789	1.737034	0
