population	name	born	g1	g2	n1	n2	ns	g2_contact	g2_height	g2_up	g2_joint	g1_other	g1_vel
holistic	h0-0	-21	0.090479	0.572517	1	3	3	0	0	0.572517	0	0	0
holistic	h0-1	-19	0	0	0	0	0	0	0	0	0	0	5.282264
holistic	h0-2	-13	2.029030	0.008575	1	1	1	0	0.008575	0	0	0	0
holistic	h0-3	-31	2.228453	5.274441	1	2	2	5.274441	0	0	0	0	0
holistic	h0-4	-33	0	1.939765	0	1	2	0	0	0	1.939765	0	0
holistic	h0-5	-25	0	0	0	0	6	0	0	0	0	0	0
holistic	h0-6	-57	0	0	0	0	0	0	0	0	0	0	0
holistic	h0-7	-37	0	0	0	0	2	0	0	0	0	0	0
holistic	h0-8	-20	0	0	0	0	1	0	0	0	0	0	0
holistic	h0-9	-11	0	0	0	0	0	0	0	0	0	1.180724	13.330560
holistic	h0-10	-38	0	0	0	0	1	0	0	0	0	2.006878	0
holistic	h0-11	-53	0	0	0	0	1	0	0	0	0	0	0
holistic	h0-12	-48	0	0	0	0	2	0	0	0	0	0	0
holistic	h0-13	-31	0	0	0	0	19	0	0	0	0	0	0
holistic	h0-14	-6	0	0	0	0	1	0	0	0	0	0	0
holistic	h0-15	-38	0	0	0	0	2	0	0	0	0	0	0
holistic	h0-16	-27	1.280884	10.272940	4	20	8	0	9.613884	0	0.659056	1.291014	12.323912
holistic	h0-17	-44	3.304065	15.788700	3	45	5	0	15.788700	0	0	0	0
holistic	h0-18	-9	0	0	0	0	6	0	0	0	0	0	0
holistic	h0-19	-44	1.756438	9.312922	1	7	1	9.312922	0	0	0	0.286254	8.186281
holistic	h0-20	-39	0	0	0	0	0	0	0	0	0	0	0
holistic	h0-21	-15	0	0	0	0	3	0	0	0	0	0	0
holistic	h0-22	-34	0	0	0	0	0	0	0	0	0	0	0
holistic	h0-23	-53	0	0.403199	0	1	1	0	0	0	0.403199	0	0
holistic	h0-24	-42	0	0	0	0	0	0	0	0	0	0	0
holistic	h0-25	-9	0	0	0	0	1	0	0	0	0	0	0
holistic	h0-26	-25	0	0	0	0	2	0	0	0	0	0	0
holistic	h0-27	-24	0	0	0	0	0	0	0	0	0	0	0
holistic	h0-28	-13	0	0	0	0	0	0	0	0	0	0	3.346714
holistic	h0-29	-44	0	0	0	0	0	0	0	0	0	0	0
holistic	h0-30	-21	0	1.042763	0	2	1	0	0	0	1.042763	0	0
holistic	h0-31	-48	0	0	0	0	1	0	0	0	0	0	0
holistic	h0-32	-28	0	0	0	0	1	0	0	0	0	0	0
holistic	h0-33	-2	8.580142	8.752215	9	11	5	4.548966	0	4.203249	0	0	0
holistic	h0-34	-47	0	0	0	0	0	0	0	0	0	0	0
holistic	h0-35	-35	0	0	0	0	0	0	0	0	0	0	0
holistic	h0-36	-53	0	0	0	0	0	0	0	0	0	0	0
holistic	h0-37	-54	0.824067	0.204875	2	2	4	0	0	0	0.204875	0	0
holistic	h0-38	-23	0	0	0	0	2	0	0	0	0	0	0
holistic	h0-39	-56	4.720398	52.169514	2	22	4	0	0	0	52.169514	1.995139	3.584296
holistic	h0-40	-16	0.006002	2.099364	2	12	3	0	0	0	2.099364	1.116014	0
holistic	h0-41	-12	0	0	0	0	1	0	0	0	0	0	0
holistic	h0-42	-42	0	0	0	0	0	0	0	0	0	0	0
holistic	h0-43	-50	0	2.215164	0	4	4	0	0	1.917997	0.297167	0	1.930159
holistic	h0-44	-35	1.719480	2.329317	4	6	5	0	0	0	2.329317	0	0
holistic	h0-45	-36	0	0	0	0	0	0	0	0	0	5.233807	0
holistic	h0-46	-2	0	6.712210	0	6	2	6.712210	0	0	0	0	0
holistic	h0-47	-32	1.270866	13.303161	3	18	3	13.303161	0	0	0	3.445278	0
holistic	h0-48	-13	0	0	0	0	0	0	0	0	0	0	0
holistic	h0-49	-27	0	8.461496	0	28	6	0	0	8.461496	0	5.326680	0
holistic	h0-50	-22	0	0	0	0	0	0	0	0	0	0	0
holistic	h0-51	-26	0	0	0	0	0	0	0	0	0	0	0
holistic	h0-52	-18	0	0	0	0	0	0	0	0	0	0	0
holistic	h0-53	-37	0	1.549060	0	16	4	0	0.816216	0	0.732844	0	0
holistic	h0-54	-27	0	0	0	0	0	0	0	0	0	0.860278	3.956089
holistic	h0-55	-35	0	1.546034	0	2	1	0	0	0	1.546034	1.522170	0
holistic	h0-56	-13	0	0	0	0	0	0	0	0	0	0	0
holistic	h0-57	-15	0	0	0	0	0	0	0	0	0	3.130168	0
holistic	h0-58	-2	0	0	0	0	0	0	0	0	0	0	0
holistic	h0-59	-7	0	0	0	0	4	0	0	0	0	0	0
conventional	c0-0	-5	0	16.474261	0	14	7	2.910728	2.294625	6.904468	4.364440	0	0
conventional	c0-1	-12	0	20.572506	0	14	7	8.028289	3.221719	5.199153	4.123345	0	0
conventional	c0-2	-14	0	28.369006	0	14	7	1.069646	5.061087	14.879858	7.358415	0	0
conventional	c0-3	-41	0	20.584701	0	14	7	1.475923	5.197115	5.883659	8.028004	0	0
conventional	c0-4	-54	0	19.765638	0	14	7	1.293380	2.740361	8.900969	6.830928	0	0
conventional	c0-5	-6	0	25.077701	0	14	7	0.929910	4.735151	14.462792	4.949848	0	0
conventional	c0-6	-29	0	46.724599	0	14	7	8.189460	5.628817	23.591610	9.314712	0	0
conventional	c0-7	-19	0	28.539649	0	14	7	3.416637	3.612949	13.966460	7.543603	0	0
conventional	c0-8	-24	0	15.760218	0	14	7	0.758210	1.649213	9.669775	3.683020	0	0
conventional	c0-9	-6	0	22.089374	0	14	7	4.403557	0.716225	8.613858	8.355734	0	0
conventional	c0-10	-12	0	29.450214	0	14	7	9.228825	0.267198	11.838856	8.115335	0	0
conventional	c0-11	-46	0	24.922070	0	14	7	1.896866	3.710485	14.799666	4.515053	0	0
conventional	c0-12	-17	0	25.989180	0	14	7	2.999467	1.618610	11.232480	10.138623	0	0
conventional	c0-13	-55	0	27.784713	0	14	7	0.540671	3.058367	20.896484	3.289191	0	0
conventional	c0-14	-53	0	22.491690	0	14	7	5.271977	1.780608	7.847997	7.591108	0	0
conventional	c0-15	-57	0	32.495480	0	14	7	5.479973	3.117239	14.310827	9.587441	0	0
conventional	c0-16	-25	0	31.462051	0	14	7	2.651450	3.767566	15.992911	9.050124	0	0
conventional	c0-17	-8	0	16.268100	0	14	7	1.817405	3.008853	5.067992	6.373850	0	0
conventional	c0-18	-25	0	21.444716	0	14	7	2.757227	5.092707	9.220920	4.373862	0	0
conventional	c0-19	-7	0	19.300090	0	14	7	1.459013	3.785459	5.602698	8.452920	0	0
conventional	c0-20	-30	0	46.428798	0	14	7	9.567294	4.626397	16.392313	15.842794	0	0
conventional	c0-21	-12	0	19.270819	0	14	7	2.892941	0.696755	9.340830	6.340293	0	0
conventional	c0-22	-15	0	28.080589	0	14	7	3.268028	4.500776	13.123991	7.187794	0	0
conventional	c0-23	-31	0	42.873726	0	14	7	4.715026	7.096027	17.139231	13.923442	0	0
conventional	c0-24	-48	0	28.043969	0	14	7	5.232737	2.734236	10.332762	9.744234	0	0
conventional	c0-25	-21	0	29.431168	0	14	7	4.245376	3.208021	16.425779	5.551992	0	0
conventional	c0-26	-33	0	28.935631	0	14	7	3.299551	1.843973	15.533694	8.258413	0	0
conventional	c0-27	-3	0	27.361814	0	14	7	3.199814	3.746951	14.493510	5.921539	0	0
conventional	c0-28	-32	0	32.594791	0	14	7	5.572572	8.995942	12.512496	5.513781	0	0
conventional	c0-29	-43	0	9.861505	0	14	7	1.631527	1.063001	3.097083	4.069894	0	0
conventional	c0-30	-42	0	22.918569	0	14	7	2.984265	3.880462	10.468048	5.585794	0	0
conventional	c0-31	-18	0	31.752232	0	14	7	1.477337	1.914033	13.502086	14.858776	0	0
conventional	c0-32	-17	0	17.753026	0	14	7	2.669246	3.238475	6.843835	5.001470	0	0
conventional	c0-33	-31	0	32.977807	0	14	7	5.285118	5.174233	6.766602	15.751854	0	0
conventional	c0-34	-42	0	30.256133	0	14	7	2.109056	9.666732	10.115549	8.364796	0	0
conventional	c0-35	-13	0	27.219303	0	14	7	3.744114	3.142001	14.929060	5.404128	0	0
conventional	c0-36	-40	0	44.706693	0	14	7	11.256382	1.959561	17.378260	14.112490	0	0
conventional	c0-37	-36	0	20.428016	0	14	7	0.855039	1.292025	8.645317	9.635635	0	0
conventional	c0-38	-55	0	20.602791	0	14	7	1.807952	1.527224	7.189306	10.078309	0	0
conventional	c0-39	-59	0	16.525195	0	14	7	1.662154	2.768591	6.990574	5.103876	0	0
conventional	c0-40	-3	0	12.253479	0	14	7	1.578528	1.148750	3.470020	6.056181	0	0
conventional	c0-41	-31	0	22.335921	0	14	7	4.664380	1.202692	12.364617	4.104232	0	0
conventional	c0-42	-59	0	30.057019	0	14	7	1.886673	7.484757	12.218819	8.466770	0	0
conventional	c0-43	-26	0	12.363151	0	14	7	0.388824	2.142622	4.489962	5.341743	0	0
conventional	c0-44	-50	0	28.455985	0	14	7	2.984493	3.506802	12.068078	9.896612	0	0
conventional	c0-45	-42	0	23.372777	0	14	7	0.681397	3.665227	11.890081	7.136072	0	0
conventional	c0-46	-30	0	32.976393	0	14	7	2.272580	4.149464	12.445134	14.109215	0	0
conventional	c0-47	-55	0	19.012955	0	14	7	2.473227	2.658004	7.918094	5.963630	0	0
conventional	c0-48	-50	0	17.702892	0	14	7	2.754013	2.963905	8.482627	3.502347	0	0
conventional	c0-49	-46	0	13.305457	0	14	7	0.955274	1.525834	6.956857	3.867492	0	0
conventional	c0-50	-39	0	25.064128	0	14	7	1.050441	3.523615	13.740388	6.749684	0	0
conventional	c0-51	-57	0	37.265297	0	14	7	1.484161	5.458981	20.917681	9.404474	0	0
conventional	c0-52	-15	0	27.251064	0	14	7	3.961556	3.726359	14.121389	5.441760	0	0
conventional	c0-53	-33	0	24.628964	0	14	7	5.478947	3.280639	8.902424	6.966954	0	0
conventional	c0-54	-32	0	26.320570	0	14	7	2.737374	3.139250	13.304827	7.139119	0	0
conventional	c0-55	-27	0	26.390575	0	14	7	3.626049	6.459599	9.386571	6.918356	0	0
conventional	c0-56	-10	0	26.729710	0	14	7	3.176400	2.816749	11.218398	9.518163	0	0
conventional	c0-57	-21	0	25.999330	0	14	7	3.501386	3.534717	15.036061	3.927166	0	0
conventional	c0-58	-56	0	22.582402	0	14	7	0.782099	3.384689	12.937068	5.478546	0	0
conventional	c0-59	-53	0	19.222756	0	14	7	2.685961	2.759902	7.523791	6.253102	0	0
conventional	ce61	1	0	30.840983	0	14	7	1.408061	0.934275	16.740225	11.758422	0	0
conventional	ce62	1	0.244698	26.888260	1	14	7	5.335988	1.136220	9.927826	10.488226	0.161239	0
conventional	ce63	2	0	14.742335	0	14	7	1.832110	1.948713	7.749798	3.211714	0.217177	0
conventional	ce64	2	0	26.836213	0	14	7	3.524615	3.342594	15.422438	4.546566	0	0
conventional	ce65	2	0	19.501497	0	14	7	7.690947	3.947090	3.231252	4.632208	0	0
conventional	ce66	2	0	18.065707	0	14	7	2.570416	3.786499	6.283336	5.425456	0	0
conventional	ce67	2	0	17.788657	0	14	7	3.203692	2.247595	7.113520	5.223850	0	0
conventional	ce68	2	0	25.167897	0	14	7	4.988850	2.595974	9.774771	7.808302	0	0
conventional	ce69	2	0	30.474331	0	14	7	0.337834	1.682290	13.858564	14.595643	0	0
conventional	ce70	2	0	25.735255	0	14	7	2.822746	2.108627	11.790254	9.013628	0	0
conventional	ce71	2	0	16.794683	0	14	7	2.781266	2.921969	6.824358	4.267090	0	0
conventional	ce72	2	0	32.336224	0	14	7	1.057704	7.862538	13.761614	9.654368	0	0
holistic	he61	3	0.684670	0.932264	2	4	2	0	0.932264	0	0	0	6.161956
conventional	ce73	3	0	30.844016	0	14	7	3.102828	3.718482	13.976329	10.046377	0	0
conventional	ce74	3	0	30.200752	0	14	7	5.765146	4.647707	14.777491	5.010408	0	0
conventional	ce75	3	0	12.798325	0	14	7	2.450073	1.977033	3.407360	4.963859	0	0
conventional	ce76	3	0	22.006962	0	14	7	2.447521	5.623247	7.383087	6.553107	0	0
conventional	ce77	3	0	27.182998	0	14	7	3.410494	1.583107	17.114090	5.075307	0	0
conventional	ce78	3	0	25.735117	0	14	7	2.441821	3.188875	10.051804	10.052617	0	0
conventional	ce79	3	0	12.893290	0	14	7	0.968175	1.543625	7.393620	2.987870	0	0
holistic	he62	4	0	6.053278	0	6	2	6.053278	0	0	0	0	0
conventional	ce80	4	0	30.026245	0	14	7	3.068025	3.077165	16.785861	7.095194	0	0
conventional	ce81	4	0	25.100775	0	14	7	1.890045	3.429341	12.579249	7.202140	0	0
conventional	ce82	4	0	16.890416	0	14	7	2.161870	2.642373	6.163548	5.922625	0	0
conventional	ce83	4	0	26.822146	0	14	7	2.842327	4.626627	7.177874	12.175318	0	0
conventional	ce84	4	0	31.218985	0	14	7	4.876888	4.064394	15.251193	7.026510	0	0
conventional	ce85	4	0	25.527231	0	14	7	5.215739	3.271133	9.878573	7.161786	0	0
conventional	ce86	4	0	25.990612	0	14	7	2.841074	4.298690	12.688767	6.162081	0.907424	0
conventional	ce87	4	0	19.352906	0	14	7	2.256006	2.134557	6.234452	8.727891	0	0
conventional	ce88	4	0	31.545704	0	14	7	5.663595	3.933285	14.051743	7.897081	0	0
conventional	ce89	5	0	29.604378	0	14	7	0.555252	9.728157	9.670277	9.650692	0	0
conventional	ce90	5	0	28.066227	0	14	7	3.659324	2.151669	15.933773	6.321461	0	0
conventional	ce91	5	0	33.288247	0	14	7	2.029828	10.900276	12.042186	8.315957	0.608595	0
conventional	ce92	5	0	31.124023	0	14	7	3.872100	3.012122	18.504747	5.735054	0	0
conventional	ce93	5	0	19.331057	0	14	7	7.669212	3.221719	4.388748	4.051378	0	0
conventional	ce94	5	0	36.383677	0	14	7	0.295576	3.119492	13.959019	19.009590	0	0
conventional	ce95	5	0	18.595321	0	14	7	0.968750	1.558979	12.429928	3.637664	0.217177	0
holistic	he63	6	0	0	0	0	1	0	0	0	0	0	0
holistic	he64	6	0	4.780953	0	6	2	4.780953	0	0	0	0	0
holistic	he65	6	1.756438	7.662363	1	7	1	7.662363	0	0	0	0.286254	8.073438
conventional	ce96	6	0	12.879286	0	14	7	1.954631	1.933641	6.215670	2.775344	0.217177	0
conventional	ce97	6	0	32.282183	0	14	7	2.962765	2.077892	13.482933	13.758593	0	0
conventional	ce98	6	0	30.015337	0	14	7	3.094314	3.953226	16.574201	6.393596	0	0
conventional	ce99	6	0	31.368888	0	14	7	0.759179	2.087539	14.429712	14.092458	0	0
conventional	ce100	6	0	18.756778	0	14	7	1.694748	1.437455	10.497796	5.126779	0	0
conventional	ce101	6	0	26.345368	0	14	7	1.338156	4.241050	13.868489	6.897673	0	0
conventional	ce102	6	0	15.622967	0	14	7	1.397016	2.865007	4.876890	6.484054	0	0
conventional	ce103	6	0	34.204794	0	14	7	4.522626	1.998822	22.115687	5.567659	0	0
conventional	ce104	6	0	39.175028	0	14	7	5.001692	2.981532	22.352020	8.839784	0	0
holistic	he66	7	0	2.016663	0	6	1	2.016663	0	0	0	0	0
holistic	he67	7	0	5.704486	0	4	2	5.704486	0	0	0	0	0
holistic	he68	7	0.897953	1.406737	1	3	3	0	0	1.406737	0	0	0
conventional	ce105	7	0	32.446189	0	14	7	4.011580	5.239552	15.469741	7.725316	0	0
conventional	ce106	7	0	15.508902	0	14	7	2.783352	2.334555	5.035807	5.355188	0	0
conventional	ce107	7	0	33.947057	0	14	7	1.308541	2.664192	15.506367	14.467957	0	0
conventional	ce108	7	0	31.986968	0	14	7	3.692630	1.646592	20.180491	6.467255	0	0
conventional	ce109	7	0	31.300147	0	14	7	2.069980	6.299146	15.083729	7.847292	0	0
conventional	ce110	7	0	36.781128	0	14	7	2.559626	4.300067	20.219572	9.701863	0	0
conventional	ce111	7	0	27.606616	0	14	7	4.184289	3.509668	13.350229	6.562430	0	0
conventional	ce112	7	0	29.315345	0	14	7	4.102757	4.004785	13.661270	7.546533	0	0
conventional	ce113	7	0	33.392500	0	14	7	1.799798	1.898781	16.294540	13.399381	1.738520	0
holistic	he69	8	0.006002	2.738748	2	10	3	0	0	0	2.738748	0.525352	0
holistic	he70	8	0.762232	1.341859	1	3	3	0	0	1.341859	0	0	0
holistic	he71	8	0	6.370033	0	6	2	6.370033	0	0	0	0	0
holistic	he72	8	1.756438	8.383659	1	7	1	8.383659	0	0	0	0.286254	8.593737
conventional	ce114	8	0	17.830740	0	14	7	0.633539	2.050340	10.210292	4.936569	0	0
conventional	ce115	8	0	20.480724	0	14	7	1.945531	4.596661	7.214233	6.724299	0	0
conventional	ce116	8	0	28.914484	0	14	7	3.675035	3.054925	16.338578	5.845946	1.260941	0
conventional	ce117	8	0	32.715955	0	14	7	2.390794	1.589300	14.338646	14.397215	0	0
holistic	he73	9	0.271437	14.582534	3	27	10	0.201428	0	14.381106	0	0	0
holistic	he74	9	0	3.027547	0	2	3	0	0	3.027547	0	0	0
holistic	he75	9	0	7.171962	0	6	2	7.171962	0	0	0	0	0
conventional	ce118	9	0	27.844312	0	14	7	1.366276	4.244638	15.068014	7.165384	0.077278	0
conventional	ce119	9	0	24.942130	0	14	7	2.924318	7.788276	6.976252	7.253284	0	0
conventional	ce120	9	0	13.200166	0	14	7	2.615493	2.861961	2.809597	4.913115	0	0
conventional	ce121	9	0	28.940939	0	14	7	3.485604	3.360599	14.639325	7.455411	0	0
conventional	ce122	9	0	10.163826	0	14	7	2.262296	1.127639	2.420235	4.353656	0	0
conventional	ce123	9	0	44.931975	0	14	7	12.635861	1.632450	17.737037	12.926627	0	0
conventional	ce124	9	0	36.174796	0	14	7	3.918525	11.586948	12.590034	8.079289	0	0
conventional	ce125	9	0	42.161825	0	14	7	9.771134	2.996627	14.872057	14.522007	0	0
conventional	ce126	9	0	29.506946	0	14	7	3.616055	3.307404	18.595581	3.987906	0	0
holistic	he76	10	0	0	0	0	0	0	0	0	0	0	0
holistic	he77	10	1.756438	8.273792	1	7	1	8.273792	0	0	0	0.150945	8.121990
conventional	ce127	10	0	24.332186	0	14	7	2.861280	6.290143	8.526723	6.654040	0.614268	0
conventional	ce128	10	0	30.300784	0	14	7	1.946006	4.978738	16.290037	7.086003	0	0
conventional	ce129	10	0	9.526247	0	14	7	0.665637	0.695699	3.803482	4.361429	0	0
conventional	ce130	10	0	27.385344	0	14	7	1.585796	3.610537	14.483105	7.705906	0	0
conventional	ce131	10	0	25.064656	0	14	7	0.494948	3.423366	14.757126	6.389216	0	0
holistic	he78	11	0.180958	1.602428	2	10	6	0	0	1.602428	0	0	0
holistic	he79	11	1.756438	7.761663	1	7	1	7.761663	0	0	0	0.123050	9.536808
holistic	he80	11	0	26.340960	0	24	4	26.340960	0	0	0	0	0
conventional	ce132	11	0	34.536111	0	14	7	5.227889	6.852338	15.688778	6.767106	0	0
conventional	ce133	11	0	36.607795	0	14	7	4.161646	0.836926	19.719649	11.889574	0	0
conventional	ce134	11	0	30.233121	0	14	7	3.361100	7.693602	10.867652	8.310767	0	0
conventional	ce135	11	0	23.330512	0	14	7	3.007086	2.945998	7.463900	9.913528	0	0
conventional	ce136	11	0	32.911540	0	14	7	4.363573	3.980146	17.178264	7.389557	0	0
holistic	he81	12	0	6.445174	0	6	2	6.445174	0	0	0	0	0
holistic	he82	12	0.180958	17.899490	2	18	6	0	0	17.899490	0	0	0
conventional	ce137	12	0	41.502543	0	14	7	4.627895	3.780584	24.105381	8.988683	0.217177	0
conventional	ce138	12	0	35.245976	0	14	7	4.910548	5.566348	17.013402	7.755678	0	0
conventional	ce139	12	0	27.912421	0	14	7	2.635070	1.349788	18.424334	5.503229	0	0
conventional	ce140	12	0	25.337245	0	14	7	1.432464	4.229966	13.437443	6.237372	0	0
holistic	he83	13	1.756438	7.735014	1	7	1	7.735014	0	0	0	0.286254	7.935836
holistic	he84	13	0.090479	0.211829	1	3	3	0	0	0.211829	0	0	0
holistic	he85	13	0	0	0	0	0	0	0	0	0	0	0
conventional	ce141	13	0	11.134896	0	14	7	2.925171	0.651292	4.223470	3.334963	0	0
conventional	ce142	13	0	31.665938	0	14	7	4.951358	4.002390	17.096743	5.615447	0	0
conventional	ce143	13	0.281344	32.200382	1	14	7	5.579341	4.777019	14.597076	7.246946	0	0
conventional	ce144	13	0	30.056385	0	14	7	3.334979	4.987057	12.916253	8.818096	0	0
holistic	he86	14	0	6.532194	0	6	2	6.532194	0	0	0	0	0
holistic	he87	14	0	25.924864	0	24	4	25.924864	0	0	0	0	0
conventional	ce145	14	0	34.096702	0	14	7	5.009938	7.096699	15.258890	6.731175	0	0
conventional	ce146	14	0	31.124849	0	14	7	5.312066	4.088316	14.869213	6.855254	0	0
conventional	ce147	14	0	40.959826	0	14	7	3.488648	7.937254	20.682048	8.851876	0	0
conventional	ce148	14	0	28.651203	0	14	7	3.250893	2.719157	15.332012	7.349141	0	0
conventional	ce149	14	0	36.605818	0	14	7	2.046755	2.993929	14.473263	17.091871	0	0
conventional	ce150	14	0	45.069059	0	14	7	12.026921	2.642289	20.178791	10.221058	0	0
conventional	ce151	14	0	32.404865	0	14	7	2.650385	6.168225	19.666304	3.919951	0	0
holistic	he88	15	2.724561	13.578777	5	13	9	0	9.349719	0	4.229058	0	10.850025
holistic	he89	15	1.664842	3.884717	1	7	1	3.884717	0	0	0	0.030000	8.907098
holistic	he90	15	0	10.588988	0	8	2	10.588988	0	0	0	0	0
holistic	he91	15	0	6.373262	0	6	2	6.373262	0	0	0	0	0
conventional	ce152	15	0	17.848019	0	14	7	3.083980	3.522038	4.971736	6.270265	0	0
conventional	ce153	15	0	30.447915	0	14	7	3.889023	7.579431	11.467107	7.512354	0	0
conventional	ce154	15	0	30.294719	0	14	7	4.373336	0.787543	12.978898	12.154942	0	0
conventional	ce155	15	0	15.622415	0	14	7	1.347579	2.694579	5.516539	6.063718	0	0
conventional	ce156	15	0	16.388493	0	14	7	3.011248	1.778647	7.965721	3.632877	0.217177	0
conventional	ce157	15	0	12.708415	0	14	7	2.635939	2.276796	3.190203	4.605477	0	0
conventional	ce158	15	0	27.308582	0	14	7	4.070439	2.802895	15.015416	5.419832	0	0
holistic	he92	16	0	12.482936	0	8	4	12.482936	0	0	0	0	0
holistic	he93	16	0	6.891842	0	4	2	6.891842	0	0	0	0	0
holistic	he94	16	0.090479	0.572517	1	3	3	0	0	0.572517	0	0	0
holistic	he95	16	0	0	0	0	3	0	0	0	0	0	0
holistic	he96	16	1.756438	8.420303	1	7	1	8.420303	0	0	0	0.286254	7.667084
holistic	he97	16	0	3.001832	0	4	2	3.001832	0	0	0	0	0
holistic	he98	16	0.180958	4.025512	2	10	6	0	0	4.025512	0	0	0
holistic	he99	17	0	6.819380	0	6	2	6.819380	0	0	0	0	0
holistic	he100	17	0.180958	2.787060	2	10	6	0	0	2.787060	0	0	0
holistic	he101	17	0.090479	0.323633	1	3	3	0	0	0.323633	0	0	0
holistic	he102	17	0	0.246255	0	9	3	0.246255	0	0	0	0	0
holistic	he103	17	0	18.564030	0	24	4	18.564030	0	0	0	0	0
holistic	he104	17	0.555558	4.080328	1	7	1	4.080328	0	0	0	0.150945	9.290748
conventional	ce159	17	0	43.513947	0	14	7	4.505145	7.780481	21.559642	9.668679	0	0
conventional	ce160	17	0	12.091091	0	14	7	1.836732	2.159704	5.781800	2.312855	0.217177	0
conventional	ce161	17	0	32.831028	0	14	7	4.257383	5.165721	15.096553	8.311371	0	0
conventional	ce162	17	0	13.249927	0	14	7	0.947754	1.417187	5.341097	5.543889	0.448978	0
conventional	ce163	17	0	26.401612	0	14	7	0.950370	3.897607	14.851364	6.702271	0	0
conventional	ce164	17	0	11.903015	0	14	7	2.561447	1.456567	3.193403	4.691598	0	0
conventional	ce165	17	0	18.069844	0	14	7	2.624379	2.944880	6.176840	6.323745	0	0
conventional	ce166	17	0	34.445677	0	14	7	4.497788	0.640700	20.055191	9.251998	0	0
holistic	he105	18	0	17.332292	0	24	4	17.332292	0	0	0	0	0
holistic	he106	18	1.063761	9.981187	1	11	1	9.981187	0	0	0	0.858762	17.308849
holistic	he107	18	0.090479	0.510370	1	3	3	0	0	0.510370	0	0	0
holistic	he108	18	0	5.081138	0	6	2	5.081138	0	0	0	0	0
holistic	he109	18	0	0	0	0	0	0	0	0	0	0	0
conventional	ce167	18	0	28.089127	0	14	7	4.244067	3.799937	13.609205	6.435918	0.456614	0
conventional	ce168	18	0	42.933813	0	14	7	12.073619	2.409379	19.048104	9.402711	0	0
conventional	ce169	18	0	20.401399	0	14	7	2.556469	3.327306	8.040683	6.476941	0	0
conventional	ce170	18	0	35.326587	0	14	7	3.817032	2.890859	21.988702	6.629994	0	0
conventional	ce171	18	0	30.623300	0	14	7	0.958948	1.902435	14.030301	13.731616	0	0
holistic	he110	19	0.090479	1.651388	1	4	6	0	0	1.651388	0	0	0
holistic	he111	19	0	21.024880	0	32	4	21.024880	0	0	0	0	0
holistic	he112	19	0	7.434838	0	6	2	7.434838	0	0	0	0	0
holistic	he113	19	0.090479	0.566969	1	3	3	0	0	0.566969	0	0	0
holistic	he114	19	0	5.664120	0	6	2	5.664120	0	0	0	0	0
conventional	ce172	19	0	38.612950	0	14	7	2.453184	1.716141	19.077497	15.366128	0	0
conventional	ce173	19	0	32.539014	0	14	7	3.984150	2.891922	17.787705	7.875237	0.316786	0
conventional	ce174	19	0	35.626198	0	14	7	4.944625	1.740945	22.105891	6.834737	0	0
conventional	ce175	19	0	9.686170	0	14	7	1.826415	1.143000	3.054091	3.662664	0	0
conventional	ce176	19	0	30.909197	0	14	7	4.005669	3.906071	16.228572	6.768885	1.260941	0
conventional	ce177	19	0	43.910561	0	14	7	4.530573	4.099671	26.511927	8.768390	0	0
holistic	he115	20	0	28.920356	0	24	4	28.920356	0	0	0	0	0
holistic	he116	20	0	30.811600	0	24	4	30.811600	0	0	0	0	0
holistic	he117	20	0.090479	0.802491	1	3	4	0	0	0.802491	0	0	0
holistic	he118	20	0	7.987194	0	6	2	7.987194	0	0	0	0	0
holistic	he119	20	1.756438	6.442535	1	7	1	6.442535	0	0	0	1.041759	10.263276
conventional	ce178	20	0	16.104458	0	14	7	2.592772	0.992845	8.092058	4.426783	0	0
conventional	ce179	20	0	18.702575	0	14	7	3.502611	2.873231	8.149449	4.177284	0	0
conventional	ce180	20	0	26.379658	0	14	7	5.471328	3.478381	12.049908	5.380041	0	0
holistic	he120	21	0.060778	0.427630	1	3	3	0	0	0.427630	0	0	0
holistic	he121	21	0	6.755545	0	6	2	6.755545	0	0	0	0	0
holistic	he122	21	1.756438	8.275221	1	7	1	8.275221	0	0	0	0.286254	8.210938
holistic	he123	21	0	6.861864	0	6	2	6.861864	0	0	0	0	0
holistic	he124	21	1.756438	7.857123	1	9	1	7.857123	0	0	0	0.085364	6.440462
holistic	he125	21	0	6.634736	0	7	1	6.634736	0	0	0	0.286254	3.709727
holistic	he126	21	0	0	0	0	0	0	0	0	0	0	0
holistic	he127	21	0	1.215326	0	8	3	0	0	0	1.215326	2.502588	0
conventional	ce181	21	0	29.428532	0	14	7	3.918015	0.453878	10.488691	14.567948	0	0
conventional	ce182	21	0	33.407837	0	14	7	4.130447	1.479120	23.079278	4.718992	0	0
conventional	ce183	21	0	9.067078	0	14	7	0.418983	0.599937	3.165801	4.882357	0	0
conventional	ce184	21	0	20.131945	0	14	7	0.287137	2.317668	11.619515	5.907625	0	0
conventional	ce185	21	0	33.798931	0	14	7	5.445727	4.255880	19.914204	4.183120	0	0
conventional	ce186	21	0	30.891563	0	14	7	3.717492	4.737532	14.229233	8.207306	0	0
conventional	ce187	21	0	16.717418	0	14	7	0.559939	1.735203	11.202436	3.219840	0	0
holistic	he128	22	0.163776	1.566234	1	3	3	0	0	1.566234	0	0	0
holistic	he129	22	0	7.915269	0	12	3	7.915269	0	0	0	0	0
holistic	he130	22	0	27.036294	0	24	4	27.036294	0	0	0	0	0
holistic	he131	22	0.090479	0.560011	1	3	3	0	0	0.560011	0	0	0
holistic	he132	22	0	0	0	0	1	0	0	0	0	0	0
holistic	he133	22	1.513586	10.715224	1	7	1	10.715224	0	0	0	0.123050	9.351263
holistic	he134	22	0	0	0	0	0	0	0	0	0	0	0
holistic	he135	22	1.574333	7.024326	1	7	2	7.024326	0	0	0	0.286254	7.532624
holistic	he136	22	0	0	0	0	1	0	0	0	0	0	0
holistic	he137	22	0	6.478314	0	6	4	6.478314	0	0	0	0	0
holistic	he138	22	0	10.416098	0	5	1	10.416098	0	0	0	0	0
conventional	ce188	22	0	16.290580	0	14	7	2.321652	2.301518	8.919489	2.747921	0.217177	0
conventional	ce189	22	0	28.648555	0	14	7	5.242745	0.298583	10.250857	12.856370	0	0
conventional	ce190	22	0	29.153498	0	14	7	4.499147	5.477072	14.887980	4.289299	0.251233	0
conventional	ce191	22	0	27.345089	0	14	7	2.059023	3.807906	14.094171	7.383989	0	0
holistic	he139	23	0	3.876448	0	2	1	3.876448	0	0	0	0	0
holistic	he140	23	1.756438	13.593567	1	11	1	13.593567	0	0	0	1.761876	16.013191
holistic	he141	23	1.756438	15.478333	1	11	1	15.478333	0	0	0	0.572508	8.037939
holistic	he142	23	0.090479	0.211829	1	3	3	0	0	0.211829	0	0	0
holistic	he143	23	0.090479	0.192193	1	3	3	0	0	0.192193	0	0	0
holistic	he144	23	0	13.620161	0	6	2	13.620161	0	0	0	0	0
holistic	he145	23	0.006002	3.827446	2	12	3	0	0	0	3.827446	1.639952	0
holistic	he146	23	1.756438	7.719848	1	7	1	7.719848	0	0	0	0.260324	8.896041
holistic	he147	23	1.756438	11.119274	1	11	1	11.119274	0	0	0	0.572508	9.767681
conventional	ce192	23	0	39.292241	0	14	7	2.289204	3.327776	18.807887	14.867374	0	0
conventional	ce193	23	0	31.890067	0	14	7	4.125001	6.763724	16.434671	4.566671	0	0
conventional	ce194	23	0	43.642038	0	14	7	12.770360	2.968622	17.789446	10.113610	0	0
conventional	ce195	23	0	11.271675	0	14	7	0.594004	1.363389	4.374232	4.940050	0	0
holistic	he148	24	0	0	0	0	0	0	0	0	0	0	0
holistic	he149	24	0	0	0	0	3	0	0	0	0	0	0
holistic	he150	24	0	2.098144	0	4	1	2.098144	0	0	0	0	0
holistic	he151	24	1.063761	10.010471	1	9	1	10.010471	0	0	0	0.685916	13.158540
holistic	he152	24	0.150338	0.381729	1	3	3	0	0	0.381729	0	0	0
conventional	ce196	24	0	40.952089	0	14	7	5.130510	3.065620	17.194097	15.561862	0	0
conventional	ce197	24	0	33.657379	0	14	7	4.194690	5.424575	16.734347	7.303767	0	0
holistic	he153	25	0	3.876448	0	2	1	3.876448	0	0	0	0	0
holistic	he154	25	0	7.642194	0	6	2	7.642194	0	0	0	0	0
holistic	he155	25	1.756438	5.528855	1	7	3	5.528855	0	0	0	0.286254	7.667084
holistic	he156	25	0.271437	33.282252	3	45	9	0	0	33.282252	0	0	0
holistic	he157	25	1.756438	13.667546	1	7	1	13.667546	0	0	0	0.518993	10.010220
holistic	he158	25	0	4.519968	0	10	1	4.519968	0	0	0	2.083518	9.310696
holistic	he159	25	0	2.797370	0	3	1	2.797370	0	0	0	0	0
conventional	ce198	25	0	33.377332	0	14	7	0.911574	7.639154	16.010608	8.815996	0	0
conventional	ce199	25	0	43.113499	0	14	7	10.855718	2.495963	21.370013	8.391805	0	0
conventional	ce200	25	0	46.649666	0	14	7	1.986848	10.680901	23.725139	10.256778	0	0
holistic	he160	26	0	0	0	0	0	0	0	0	0	0	0
holistic	he161	26	0	7.171962	0	6	2	7.171962	0	0	0	0	0
holistic	he162	26	0.090479	0.358572	1	3	3	0	0	0.358572	0	0	0
holistic	he163	26	1.513586	10.634763	1	7	1	10.634763	0	0	0	0.461609	7.292397
holistic	he164	26	0.090479	1.032688	1	3	3	0	0	1.032688	0	0	0
holistic	he165	26	0	5.664120	0	6	2	5.664120	0	0	0	0	0
conventional	ce201	26	0	13.707419	0	14	7	1.768073	2.273676	4.476528	5.189142	0	0
conventional	ce202	26	0	38.469137	0	14	7	5.282589	7.800814	20.295951	5.089783	0	0
holistic	he166	27	0	9.127911	0	6	2	9.127911	0	0	0	0	0
conventional	ce203	27	0	36.784106	0	14	7	1.261645	5.352267	14.443316	15.726878	0	0
holistic	he167	28	0	0	0	0	2	0	0	0	0	0	0
holistic	he168	28	0	4.083818	0	2	1	4.083818	0	0	0	0	0
holistic	he169	28	1.513586	18.885036	1	10	1	18.885036	0	0	0	1.185660	18.723983
holistic	he170	28	4.024802	20.865016	2	24	2	20.865016	0	0	0	0.075286	7.330535
holistic	he171	28	0	0	0	0	0	0	0	0	0	0	0
conventional	ce204	28	0	23.742524	0	14	7	0.082723	6.027799	11.735194	5.896808	0	0
conventional	ce205	28	0	22.688949	0	14	7	4.262488	2.622727	9.299500	6.504234	0	0
holistic	he172	29	0	0	0	0	0	0	0	0	0	0.461609	9.884856
holistic	he173	29	1.756438	32.579783	1	21	3	32.579783	0	0	0	0	2.933205
holistic	he174	29	1.756438	9.055793	1	11	1	9.055793	0	0	0	0.060690	11.875872
holistic	he175	29	0	0	0	0	0	0	0	0	0	0.081248	4.245410
conventional	ce206	29	0	38.391840	0	14	7	4.335341	1.839037	27.414861	4.802601	0	0
holistic	he176	30	0.150338	0.347793	1	3	3	0	0	0.347793	0	0	0
holistic	he177	30	0.180958	1.532586	2	10	6	0	0	1.532586	0	0	0
conventional	ce207	30	0	16.608410	0	14	7	2.134713	3.023624	7.146685	4.303388	0	0
conventional	ce208	30	0	28.030619	0	14	7	5.968917	2.746405	14.651053	4.664244	0	0
holistic	he178	31	0.006002	1.711558	2	8	3	0	0	0	1.711558	1.910078	0
holistic	he179	31	1.513586	10.717100	1	7	1	10.717100	0	0	0	0.123050	7.148526
holistic	he180	31	0.180958	2.614176	2	10	6	0	0	2.614176	0	0	0
conventional	ce209	31	0	29.228138	0	14	7	3.876004	4.949691	15.146609	5.255834	0	0
holistic	he181	32	1.756438	8.304347	1	7	1	8.304347	0	0	0	0.286254	5.785434
holistic	he182	32	1.756438	5.624467	1	7	3	5.624467	0	0	0	0.286254	7.645936
holistic	he183	32	1.756438	5.786283	1	6	2	5.786283	0	0	0	0	5.234277
holistic	he184	32	0	46.730974	0	32	4	46.730974	0	0	0	0	0
conventional	ce210	32	0	38.140836	0	14	7	1.218547	2.499943	19.690693	14.731653	0	0
holistic	he185	33	3.512876	20.539372	2	20	2	20.539372	0	0	0	0.286254	12.279008
holistic	he186	33	1.756438	11.300043	1	11	1	11.300043	0	0	0	0.572508	14.320130
holistic	he187	33	0.316346	2.270666	1	3	3	0	0	2.270666	0	0	0
holistic	he188	33	0	14.743658	0	10	2	14.743658	0	0	0	0	0
conventional	ce211	33	0	10.019006	0	14	7	0.910648	0.652382	4.192666	4.263310	0	0
conventional	ce212	33	0	26.595541	0	14	7	3.409199	3.040295	15.519252	4.626795	0	0
conventional	ce213	34	0	32.848045	0	14	7	1.974384	1.611383	13.265636	15.996642	0.033081	0
conventional	ce214	34	0	11.928827	0	14	7	2.339205	1.417870	4.199266	3.972486	0	0
holistic	he189	35	1.063761	11.424104	1	11	1	11.424104	0	0	0	0.858762	16.995037
holistic	he190	35	0.555558	1.980846	1	1	2	1.980846	0	0	0	0.452835	19.047718
conventional	ce215	35	0	36.732319	0	14	7	3.206800	5.529488	19.845147	8.150884	0	0
holistic	he191	36	0.180958	2.278432	2	12	6	0	0	2.278432	0	0	0
holistic	he192	36	0	12.958038	0	10	4	12.958038	0	0	0	0	0
conventional	ce216	36	0	41.141164	0	14	7	7.718334	2.984984	23.041311	7.396535	0	0
conventional	ce217	36	0	23.326982	0	14	7	1.289696	2.092092	13.152928	6.792266	1.839837	0
conventional	ce218	36	0	21.215180	0	14	7	4.934596	3.095618	8.771200	4.413766	0	0
conventional	ce219	37	0	16.393932	0	14	7	1.329739	2.726601	7.625597	4.711995	0	0
conventional	ce220	37	0	43.497273	0	14	7	11.757368	1.627355	20.918858	9.193692	0	0
holistic	he193	39	0	4.493070	0	6	2	4.493070	0	0	0	0	0
conventional	ce221	39	0	32.154643	0	14	7	4.913592	3.724425	18.212975	5.303651	0	0
conventional	ce222	39	1.399647	29.943594	1	14	7	0.950370	3.897607	17.266965	7.828652	0	0
holistic	he194	40	0.180958	18.209900	2	18	8	0	0	18.209900	0	0	0
holistic	he195	40	0.090479	0.236055	1	3	3	0	0	0.236055	0	0	0
conventional	ce223	40	0	32.259004	0	14	7	4.733805	4.295582	15.155830	8.073787	0	0
conventional	ce224	41	0	17.439018	0	14	7	2.310073	1.953282	7.718421	5.457242	0	0
conventional	ce225	41	0	30.408027	0	14	7	4.510241	4.809337	13.953892	7.134557	0	0
conventional	ce226	42	0	39.526535	0	14	7	1.760979	1.527397	18.175135	18.063024	0	0
conventional	ce227	42	0	32.513021	0	14	7	4.223727	3.933988	17.863986	6.491320	0	0
holistic	he196	43	2.290230	11.490165	1	9	1	11.490165	0	0	0	0.669973	5.850720
holistic	he197	43	1.756438	8.459826	1	9	1	8.459826	0	0	0	0.246100	14.901166
conventional	ce228	43	0	32.560877	0	14	7	8.599616	1.628806	13.527338	8.805117	0	0
holistic	he198	44	0.090479	0.573229	1	5	3	0	0	0.573229	0	0	0
holistic	he199	44	1.574333	8.110871	1	7	2	8.110871	0	0	0	0.286254	8.457775
conventional	ce229	44	0	29.191001	0	14	7	4.238897	2.575026	12.532113	9.844965	0	0
conventional	ce230	45	0	38.051596	0	14	7	2.905812	3.002148	17.337869	14.805767	0	0
conventional	ce231	47	0	42.241859	0	14	7	5.802633	2.220893	31.256796	2.961537	0	0
conventional	ce232	47	0	14.534687	0	14	7	1.806183	1.635920	7.852866	3.239718	0.399339	0
holistic	he200	48	1.756438	5.822160	1	7	3	5.822160	0	0	0	0.286254	8.593211
conventional	ce233	48	0	36.353549	0	14	7	4.869399	2.679381	19.868115	8.936654	0.316786	0
conventional	ce234	51	0	33.302224	0	14	7	8.838543	1.489427	13.720708	9.253546	0	0
conventional	ce235	51	0	18.324748	0	14	7	1.657975	3.516890	7.885160	5.264723	0	0
conventional	ce236	51	0	41.392173	0	14	7	4.613577	2.407914	19.401363	14.969319	0.316786	0
conventional	ce237	52	0	22.841048	0	14	7	1.525218	2.519285	12.793107	6.003438	0	0
conventional	ce238	52	0	22.283665	0	14	7	0.600721	1.743475	12.452301	7.487168	0.501832	0
conventional	ce239	53	0	38.454573	0	14	7	3.692941	9.449576	17.131078	8.180978	0	0
conventional	ce240	53	0	24.101175	0	14	7	4.863404	3.073781	10.541591	5.622399	0	0
conventional	ce241	57	0	10.550956	0	14	7	1.779558	0.838064	3.622215	4.311119	0	0
holistic	he201	58	0.708742	0.791662	1	3	3	0	0	0.791662	0	0	0
conventional	ce242	59	0	17.488129	0	14	7	0.480525	1.730374	9.755178	5.522052	0	0
holistic	he202	61	0.090479	0.215114	1	3	3	0	0	0.215114	0	0	0
conventional	ce243	61	0	30.245584	0	14	7	3.465800	4.107055	17.243445	5.429284	0	0
holistic	he203	62	0	1.658905	0	2	1	1.658905	0	0	0	0	0
conventional	ce244	62	0	54.068333	0	14	7	7.463654	2.905168	37.502738	6.196773	0	0
conventional	ce245	62	0	32.015660	0	14	7	5.302467	3.669559	15.154719	7.888915	0.678152	0
conventional	ce246	63	0	29.708615	0	14	7	4.276393	3.124941	19.231683	3.075598	0	0
conventional	ce247	63	1.399647	30.316536	1	14	7	1.537386	3.424554	17.820325	7.534271	0	0
conventional	ce248	63	0	21.800009	0	14	7	4.084435	2.900455	8.779767	6.035352	0	0
conventional	ce249	64	0	37.701909	0	14	7	4.627504	8.053949	16.180341	8.840115	0.316786	0
holistic	he204	65	0.150338	0.409967	1	3	3	0	0	0.409967	0	0	0
conventional	ce250	65	0	14.920967	0	14	7	1.587536	1.705261	5.478610	6.149560	0	0
conventional	ce251	65	0	38.626414	0	14	7	3.285530	6.110726	21.390238	7.839920	0	0
conventional	ce252	66	0	36.005369	0	14	7	0.840290	10.986129	16.007624	8.171326	0	0
conventional	ce253	66	0	24.077873	0	14	7	1.470138	1.409029	14.664359	6.534347	0	0
conventional	ce254	66	0	40.414476	0	14	7	4.982993	3.222478	16.259161	15.949844	0.316786	0
conventional	ce255	67	0	25.064713	0	14	7	3.832750	5.976880	11.388647	3.866436	1.839837	0
conventional	ce256	67	1.766359	30.877445	1	14	7	2.289046	3.997903	15.559855	9.030641	0	0
conventional	ce257	67	0	21.294044	0	14	7	3.129571	5.288291	9.068958	3.807224	0	0
holistic	he205	68	1.513586	10.204372	1	7	1	10.204372	0	0	0	0.123050	6.361498
holistic	he206	68	1.756438	17.021145	1	13	1	17.021145	0	0	0	0.572508	9.297357
holistic	he207	68	0	0	0	0	0	0	0	0	0	0	4.538722
holistic	he208	68	0	7.434838	0	6	2	7.434838	0	0	0	0	0
conventional	ce258	68	0	30.562365	0	14	7	4.134528	2.292578	16.212011	7.923248	0.664090	0
conventional	ce259	68	0	31.347210	0	14	7	4.034965	5.064099	15.915036	6.333110	0	0
conventional	ce260	68	0	13.113455	0	14	7	0.541054	0.780154	6.199080	5.593167	0	0
conventional	ce261	68	0	32.133053	0	14	7	4.406126	3.498818	17.499156	6.728953	0	0
conventional	ce262	68	0	10.779033	0	14	7	2.587341	1.546364	2.546824	4.098504	0	0
conventional	ce263	68	0	26.308896	0	14	7	6.215162	4.219075	11.525052	4.349607	0	0
holistic	he209	69	0.316346	2.190228	1	3	3	0	0	2.190228	0	0	0
conventional	ce264	69	0	36.361999	0	14	7	2.156774	0.438480	19.426596	14.340149	0	0
conventional	ce265	69	0	31.127110	0	14	7	5.257178	5.226731	16.291449	4.351752	0	0
conventional	ce266	69	0	28.101910	0	14	7	6.041081	3.884429	12.835536	5.340864	0	0
conventional	ce267	69	0	30.868650	0	14	7	4.388932	0.373689	9.830075	16.275954	0	0
conventional	ce268	69	0	53.004139	0	14	7	13.296628	4.207410	25.479589	10.020512	0	0
conventional	ce269	69	0	22.449841	0	14	7	2.948241	3.209571	11.627895	4.664134	0	0
holistic	he210	70	0.150338	0.369582	1	3	3	0	0	0.369582	0	0	0
conventional	ce270	70	1.156641	11.481234	1	14	7	1.295255	0.771704	4.120976	5.293299	0	0
conventional	ce271	70	0	31.732802	0	14	7	0.851585	4.282313	17.861915	8.736989	0	0
holistic	he211	71	1.513586	18.616489	1	15	1	18.616489	0	0	0	0.246100	16.315650
holistic	he212	71	1.448812	11.579633	1	7	1	11.579633	0	0	0	0.286254	7.735274
holistic	he213	71	0	9.571487	0	6	2	9.571487	0	0	0	0	0
conventional	ce272	71	1.399647	34.191703	1	14	7	6.872637	5.948375	17.471789	3.898902	0	0
conventional	ce273	71	0	20.433762	0	14	7	1.013154	1.650596	11.987565	5.782447	0	0
conventional	ce274	71	0	31.762725	0	14	7	5.740618	4.481696	17.621911	3.918500	0	0
holistic	he214	72	0	0	0	0	3	0	0	0	0	0	0
holistic	he215	72	0	6.943201	0	6	2	6.943201	0	0	0	0	0
conventional	ce275	72	0	25.087471	0	14	7	4.263267	3.144638	11.941140	5.738426	0	0
conventional	ce276	72	0	11.212027	0	14	7	3.065996	1.727989	2.137755	4.280287	0	0
conventional	ce277	72	1.399647	41.535794	1	14	7	4.317457	5.588955	23.045758	8.583624	0	0
holistic	he216	73	0	0.250043	0	7	1	0.250043	0	0	0	0	0
holistic	he217	73	2.124714	1.813152	4	8	6	0	0	1.813152	0	0	0
conventional	ce278	73	0.376648	16.860389	1	14	7	1.699475	1.144654	7.288673	6.727587	0	0
conventional	ce279	73	0	34.438810	0	14	7	9.539727	2.733217	15.576509	6.589357	0	0
conventional	ce280	73	0	33.600283	0	14	7	1.012207	5.678818	18.220748	8.688510	0	0
conventional	ce281	73	0	13.249030	0	14	7	0.496478	0.878270	6.145069	5.729213	0	0
holistic	he218	74	1.942971	8.194775	1	7	4	8.194775	0	0	0	0.816541	7.390503
conventional	ce282	74	0	11.230434	0	14	7	0.999698	0.094168	4.894576	5.241992	1.083867	0
conventional	ce283	74	0	29.893711	0	14	7	4.659714	2.506379	19.416520	3.311098	0	0
conventional	ce284	74	0	15.696217	0	14	7	1.463172	0.922179	6.804205	6.506661	0	0
conventional	ce285	74	0	26.105641	0	14	7	1.838736	3.605401	13.933135	6.728369	0	0
holistic	he219	75	1.513586	8.746911	1	7	2	8.746911	0	0	0	0.621859	9.513477
holistic	he220	75	0	6.016061	0	10	1	6.016061	0	0	0	0.572508	5.842972
holistic	he221	75	0	33.262008	0	24	4	33.262008	0	0	0	0	0
conventional	ce286	75	0	14.555103	0	14	7	1.533523	1.704571	5.675770	5.641239	0.678152	0
conventional	ce287	75	1.156641	13.148569	1	14	7	0.593321	0.991755	5.180137	6.383356	0	0
conventional	ce288	75	0	23.548141	0	14	7	0.733230	3.231171	15.287503	4.296237	0.316786	0
holistic	he222	76	0.090479	0.269353	1	3	3	0	0	0.269353	0	0	0
holistic	he223	76	1.675675	14.221053	1	9	1	14.221053	0	0	0	0.325980	9.010379
conventional	ce289	76	0	16.631509	0	14	7	2.079634	3.141703	7.497660	3.912512	0	0
conventional	ce290	76	0	11.121261	0	14	7	0.877788	0.440349	4.964418	4.838706	0	0
conventional	ce291	76	0	22.936757	0	14	7	2.926641	2.077294	10.548515	7.384307	0.501832	0
holistic	he224	77	2.316176	13.019845	1	7	1	13.019845	0	0	0	0.461609	7.571444
holistic	he225	77	2.045312	11.738459	1	7	2	11.738459	0	0	0	0.669973	5.850720
holistic	he226	77	0	12.777030	0	6	3	12.777030	0	0	0	0.572508	7.058262
holistic	he227	77	1.574333	15.129339	1	13	4	15.129339	0	0	0	0.442980	15.204598
conventional	ce292	77	0.949845	31.836557	1	14	7	8.386539	2.026872	14.387070	7.036076	0.049363	0
holistic	he228	78	0	0	0	0	1	0	0	0	0	0	0
holistic	he229	78	1.574333	6.899024	1	7	2	6.899024	0	0	0	0.286254	8.291462
holistic	he230	78	0	0	0	0	3	0	0	0	0	0	0
conventional	ce293	78	1.399647	36.970901	1	14	7	2.523803	5.280937	15.945217	13.220944	0	0
conventional	ce294	78	0	23.459529	0	14	7	1.343420	3.554656	13.558149	5.003304	0	0
conventional	ce295	78	0	11.637157	0	14	7	1.893541	1.316242	3.210216	5.217158	0.501832	0
holistic	he231	79	1.574333	8.138964	1	9	3	8.138964	0	0	0	0.688638	8.457775
holistic	he232	79	0	8.361383	0	12	3	8.361383	0	0	0	0	0
holistic	he233	79	1.756438	9.949431	1	15	1	9.949431	0	0	0	1.707504	9.986922
holistic	he234	79	0	6.426357	0	6	2	6.426357	0	0	0	0	0
conventional	ce296	79	0	22.393394	0	14	7	0.545390	3.737145	14.263515	3.847344	0.287632	0
conventional	ce297	79	1.102770	45.478869	1	14	7	11.736177	1.422627	22.244130	10.075935	0	0
conventional	ce298	79	0	33.666968	0	14	7	5.869380	5.865924	14.752761	7.178903	0	0
conventional	ce299	79	0	29.992849	0	14	7	2.953515	0.272671	23.931658	2.835005	0	0
holistic	he235	80	1.063761	15.568689	1	15	1	15.568689	0	0	0	1.028874	17.903581
holistic	he236	80	1.063761	16.725223	1	22	2	16.725223	0	0	0	0.369150	17.394246
conventional	ce300	80	0	20.799575	0	14	7	4.487158	3.686223	8.034511	4.591683	0	0
conventional	ce301	80	0	37.043362	0	14	7	3.931456	9.932289	14.897613	8.282004	0.316786	0
holistic	he237	81	0	5.103116	0	6	2	5.103116	0	0	0	0	0
holistic	he238	81	0	0	0	0	0	0	0	0	0	0	0
holistic	he239	81	0	5.925731	0	6	4	5.925731	0	0	0	0	0
holistic	he240	81	1.756438	7.185810	1	7	3	7.185810	0	0	0	0.286254	9.540775
holistic	he241	81	1.557579	12.084318	1	13	10	5.171568	0	6.912750	0	0.572508	9.304747
conventional	ce302	81	0	42.729055	0	14	7	5.516576	3.697656	17.550494	15.964329	0.316786	0
conventional	ce303	81	0	37.641713	0	14	7	5.666917	3.830951	19.634261	8.509584	0	0
conventional	ce304	81	0	34.538623	0	14	7	2.933191	0.269778	17.720387	13.615267	0	0
conventional	ce305	81	0	37.166681	0	14	7	3.962192	11.112125	15.433400	6.658964	0.316786	0
conventional	ce306	81	0	25.834573	0	14	7	7.459804	1.833395	10.919173	5.622201	0	0
conventional	ce307	81	0	22.478971	0	14	7	0.827237	2.790621	13.494590	5.366523	0	0
conventional	ce308	81	0	24.738073	0	14	7	0.182759	5.810313	12.770301	5.974700	0.434120	0
conventional	ce309	81	0	24.280270	0	14	7	4.018984	6.753324	12.385293	1.122669	1.839837	0
holistic	he242	82	1.513586	10.193702	1	7	1	10.193702	0	0	0	0.123050	6.794086
holistic	he243	82	0.090479	0.604285	1	3	3	0	0	0.604285	0	0	0
holistic	he244	82	1.756438	8.077853	1	5	3	8.077853	0	0	0	0.286254	8.386948
holistic	he245	82	0.316346	0.780543	1	3	3	0	0	0.780543	0	0	0
holistic	he246	82	0	0.305265	0	3	2	0.305265	0	0	0	0	0
holistic	he247	82	2.316176	6.837754	1	7	1	6.837754	0	0	0	0.141258	7.985178
holistic	he248	82	0	0	0	0	0	0	0	0	0	0	0
conventional	ce310	82	0	23.228752	0	14	7	2.445291	2.314519	10.758136	7.710806	0	0
conventional	ce311	82	0	33.644842	0	14	7	3.231699	5.415201	18.796156	6.201786	0	0
holistic	he249	83	0	7.369322	0	6	2	7.369322	0	0	0	0	0
holistic	he250	83	0.090479	0.776304	1	5	3	0	0	0.776304	0	0	0
holistic	he251	83	0.150338	0.381729	1	3	3	0	0	0.381729	0	0	0
holistic	he252	83	0.200774	2.074656	1	3	3	0	0	2.074656	0	0	0
holistic	he253	83	0	0	0	0	0	0	0	0	0	0.718531	9.839800
holistic	he254	83	1.756438	9.121226	1	11	1	9.121226	0	0	0	1.125057	18.036339
conventional	ce312	83	1.157347	31.785602	1	14	7	4.163370	3.049131	17.163910	7.409191	0	0
conventional	ce313	83	0.498941	13.271698	1	14	7	0.923291	1.515362	6.504344	4.328701	0	0
conventional	ce314	83	0	19.112353	0	14	7	1.664700	2.479065	9.953734	5.014854	1.839837	0
conventional	ce315	83	0	32.383086	0	14	7	3.605097	3.532972	17.136169	8.108848	0	0
holistic	he255	84	0	3.876448	0	2	1	3.876448	0	0	0	0	0
holistic	he256	84	0	21.940138	0	20	8	21.940138	0	0	0	0	0
holistic	he257	84	1.574333	4.295406	1	3	1	4.295406	0	0	0	0	4.673200
holistic	he258	84	0	1.175870	0	1	1	1.175870	0	0	0	0	0
holistic	he259	84	1.574333	4.420678	1	3	1	4.420678	0	0	0	0	4.816952
holistic	he260	84	0.180958	1.408672	2	16	6	0	0	1.408672	0	0	0
conventional	ce316	84	0	10.810006	0	14	7	2.544781	1.578382	2.609472	4.077371	0	0
conventional	ce317	84	0	34.558149	0	14	7	0.642889	2.375820	12.162902	19.376538	0	0
conventional	ce318	84	0	42.672591	0	14	7	6.145018	3.118876	22.168774	11.239923	0	0
conventional	ce319	84	0	11.342887	0	14	7	2.614301	2.914317	2.096923	3.717346	0.500039	0
conventional	ce320	84	0	44.457729	0	14	7	4.322002	12.230763	19.495243	8.409721	0	0
conventional	ce321	84	0	41.019800	0	14	7	0.478106	2.951027	18.477289	19.113378	0	0
holistic	he261	85	1.756438	8.211172	1	8	1	8.211172	0	0	0	0.030345	7.695450
holistic	he262	85	2.198978	11.464632	1	7	1	11.464632	0	0	0	0.123050	3.612361
holistic	he263	85	0	0	0	0	0	0	0	0	0	0	0
holistic	he264	85	0	1.794455	0	2	1	1.794455	0	0	0	0	0
holistic	he265	85	0	0	0	0	0	0	0	0	0	0	0
holistic	he266	85	0	6.554426	0	6	2	6.554426	0	0	0	0	0
conventional	ce322	85	1.399647	33.545559	1	14	7	0.205779	5.872158	17.414296	10.053326	0	0
conventional	ce323	85	0	30.016371	0	14	7	3.607548	2.549477	17.012759	6.846587	0	0
conventional	ce324	85	0	11.065827	0	14	7	0.517917	2.089288	5.049516	3.409106	0	0
conventional	ce325	85	0	40.497501	0	14	7	8.535761	2.959523	23.219835	5.782382	0.383095	0
conventional	ce326	85	0	6.580489	0	14	7	1.010487	0.185484	2.899309	2.485209	0	0
holistic	he267	86	1.385638	14.986035	1	11	4	14.986035	0	0	0	1.555374	12.081149
holistic	he268	86	0.316346	2.292990	1	3	3	0	0	2.292990	0	0	0
holistic	he269	86	1.756438	11.335485	1	11	1	11.335485	0	0	0	0.097482	14.527774
holistic	he270	86	1.942971	11.559843	1	7	1	11.559843	0	0	0	0.342958	6.939362
holistic	he271	86	3.191283	33.186312	3	39	3	33.186312	0	0	0	0	22.461740
holistic	he272	86	0	14.743658	0	10	2	14.743658	0	0	0	0	0
conventional	ce327	86	0	11.376809	0	14	7	1.159221	0.659298	5.353450	4.204840	0	0
conventional	ce328	86	0	34.018910	0	14	7	6.239010	4.658924	16.364771	6.756205	0.678152	0
conventional	ce329	86	0	28.213321	0	14	7	6.298007	5.698122	10.119465	6.097727	0.664090	0
conventional	ce330	86	0	22.858043	0	14	7	4.755131	0.844849	13.139787	4.118276	0	0
conventional	ce331	86	0	43.922619	0	14	7	3.189402	10.350737	18.189654	12.192826	0	0
conventional	ce332	87	0	35.480819	0	14	7	1.978888	1.134501	19.389826	12.977604	1.839837	0
conventional	ce333	87	0	44.499020	0	14	7	10.628498	1.320538	23.125997	9.423987	0.446400	0
holistic	he273	88	0.184280	0.293844	1	3	3	0	0	0.293844	0	0	0
holistic	he274	88	0	10.192832	0	14	2	10.192832	0	0	0	0	0
holistic	he275	88	0	15.970509	0	10	2	15.970509	0	0	0	0	0
holistic	he276	88	0	0	0	0	0	0	0	0	0	0	0
conventional	ce334	88	0	25.642338	0	14	7	2.036658	4.113056	12.794724	6.697900	0	0
conventional	ce335	88	0	13.498687	0	14	7	1.075388	0.986928	5.762763	5.673608	0	0
conventional	ce336	88	0.770989	12.514988	1	14	7	0.430869	0.820267	5.565102	5.698750	1.083867	0
conventional	ce337	88	0	39.417512	0	14	7	4.516258	1.603027	29.297194	4.001033	0	0
conventional	ce338	88	2.129702	49.910681	1	14	7	13.171868	3.929452	21.199776	11.609585	0	0
holistic	he277	89	0.090479	0.480080	1	3	3	0	0	0.480080	0	0	0
holistic	he278	89	0	12.616199	0	6	2	12.616199	0	0	0	0	0
holistic	he279	89	3.512876	25.891750	2	28	2	25.891750	0	0	0	0.378477	12.503762
holistic	he280	89	1.395790	23.485329	1	15	1	23.485329	0	0	0	1.171504	23.396507
holistic	he281	89	1.574333	4.780441	1	3	1	4.780441	0	0	0	0	2.875956
holistic	he282	89	0	1.707131	0	11	6	0	0	1.707131	0	0	0
holistic	he283	89	2.127522	23.917912	2	24	2	23.917912	0	0	0	0.572508	16.578854
holistic	he284	89	0.316346	2.616223	1	3	4	0	0	2.616223	0	0	0
holistic	he285	89	0	7.969728	0	6	2	7.969728	0	0	0	0	0
holistic	he286	89	0	33.244900	0	22	9	26.332150	0	6.912750	0	0.572508	5.966948
conventional	ce339	89	0	21.723997	0	14	7	4.520159	3.971171	8.457535	4.775132	0.316786	0
conventional	ce340	89	0	16.820732	0	14	7	1.611702	2.614468	7.856205	4.738357	0	0
holistic	he287	90	1.574333	8.041081	1	7	2	8.041081	0	0	0	0.286254	8.318943
conventional	ce341	90	0	27.804063	0	14	7	2.308755	1.735895	10.101884	13.657529	0	0
conventional	ce342	90	0	14.046584	0	14	7	0.982153	0.122070	6.880405	6.061956	0.501832	0
holistic	he288	91	2.045312	10.900348	1	7	2	10.900348	0	0	0	0.610733	5.850720
holistic	he289	91	2.818776	10.321694	2	16	2	10.321694	0	0	0	0.286254	11.324661
holistic	he290	91	0.356704	1.091597	1	5	3	0	0	1.091597	0	0	0
conventional	ce343	91	0	44.386508	0	14	7	7.009047	4.823954	24.750996	7.802511	0	0
conventional	ce344	91	0	10.164299	0	14	7	0.643389	0.853325	4.161303	4.506282	0	0
holistic	he291	92	0	0	0	0	0	0	0	0	0	0	0
holistic	he292	92	1.574333	5.340741	1	9	3	5.340741	0	0	0	0.688638	8.639880
holistic	he293	92	0	1.280018	0	2	1	1.280018	0	0	0	0	0
holistic	he294	92	3.042431	6.064970	2	5	4	3.169999	0	2.894971	0	0	4.816952
holistic	he295	92	0	2.070298	0	4	2	2.070298	0	0	0	0	0
holistic	he296	92	1.574333	4.608946	1	3	1	4.608946	0	0	0	0	4.673200
holistic	he297	92	0.316346	2.270666	1	3	3	0	0	2.270666	0	0	0
conventional	ce345	92	0	27.328435	0	14	7	2.988419	4.708528	15.498223	4.133265	0	0
conventional	ce346	92	0	23.523623	0	14	7	1.671145	2.353378	13.301707	6.197393	0	0
conventional	ce347	92	0	43.150361	0	14	7	9.496605	5.020496	22.561069	6.072191	0.383095	0
conventional	ce348	92	0	29.387262	0	14	7	4.475738	7.162093	12.285127	5.464304	0.664090	0
holistic	he298	93	3.007162	21.370932	2	30	4	21.370932	0	0	0	0.572508	9.014220
holistic	he299	93	1.513586	13.629638	1	9	1	13.629638	0	0	0	0.123050	7.648496
holistic	he300	93	0	0	0	0	0	0	0	0	0	0	0
holistic	he301	93	0	18.079563	0	9	1	18.079563	0	0	0	0.246100	8.060486
holistic	he302	93	0	4.683115	0	6	2	4.683115	0	0	0	0	0
holistic	he303	93	0	14.392193	0	6	2	14.392193	0	0	0	0	0
holistic	he304	93	0.090479	0.466806	1	3	3	0	0	0.466806	0	0	0
conventional	ce349	93	0	38.320312	0	14	7	2.536736	4.874406	21.094736	9.814434	0	0
conventional	ce350	93	0	24.842823	0	14	7	3.019102	1.993514	11.564223	8.265984	0.531177	0
conventional	ce351	94	0	36.063465	0	14	7	3.691449	3.484662	21.103007	7.784347	0	0
conventional	ce352	94	0	10.877172	0	14	7	0.660481	0.654607	5.304479	4.257605	0	0
holistic	he305	95	0	0	0	0	0	0	0	0	0	0	0
holistic	he306	95	1.942971	6.442456	1	7	4	6.442456	0	0	0	0.816541	7.742037
holistic	he307	95	0	13.220801	0	12	6	13.220801	0	0	0	0	0
holistic	he308	96	0	7.527492	0	6	2	7.527492	0	0	0	0	0
holistic	he309	96	0.361916	19.855856	4	40	12	0	0	19.855856	0	0	0
holistic	he310	96	0	4.795954	0	6	2	4.795954	0	0	0	0	0
holistic	he311	96	0	24.364637	0	14	2	24.364637	0	0	0	0	0
conventional	ce353	96	0	10.112569	0	14	7	0.213467	1.327760	3.478930	5.092412	0	0
conventional	ce354	96	0	39.216392	0	14	7	3.531683	9.585953	16.810732	9.288024	0	0
holistic	he312	97	1.756438	11.301464	1	8	3	11.301464	0	0	0	0.286254	9.540775
holistic	he313	97	0	0	0	0	0	0	0	0	0	0	0
conventional	ce355	97	0	18.734106	0	14	7	5.181181	5.064507	5.696046	2.792372	1.610918	0
conventional	ce356	97	0	8.929180	0	14	7	2.733429	1.895064	3.001108	1.299579	0	0
conventional	ce357	97	0	26.459295	0	14	7	1.849553	3.963911	12.376203	8.269628	0	0
conventional	ce358	97	0	12.438230	0	14	7	1.311435	0.771196	4.942740	5.412859	1.083867	0
holistic	he314	98	1.313919	4.339042	1	3	1	4.339042	0	0	0	0	2.875956
holistic	he315	98	0	0	0	0	0	0	0	0	0	0	0
holistic	he316	98	0	20.934300	0	10	2	20.934300	0	0	0	0	0
conventional	ce359	98	0	9.494678	0	14	7	0.625422	0.244111	4.749028	3.876117	0	0
conventional	ce360	98	1.102770	49.273689	1	14	7	13.869871	2.712258	22.905600	9.785960	0	0
holistic	he317	99	0	18.423934	0	21	6	13.996125	0	4.427809	0	0.286254	2.715629
holistic	he318	99	0	8.842821	0	4	1	8.842821	0	0	0	1.485614	3.676910
conventional	ce361	99	0	14.525718	0	14	7	1.038444	0.639922	6.899076	5.948276	0	0
conventional	ce362	99	0	28.980889	0	14	7	3.636183	3.885279	14.438730	7.020697	0	0
conventional	ce363	99	0	32.862401	0	14	7	3.650553	3.288816	18.640884	7.282148	0.678152	0
holistic	he319	100	0	0	0	0	0	0	0	0	0	0	0
holistic	he320	100	1.574333	9.726934	1	15	3	9.726934	0	0	0	0.688638	8.639880
holistic	he321	101	1.574333	7.084377	1	6	2	7.084377	0	0	0	0	2.875956
holistic	he322	101	2.290230	12.795032	1	9	1	12.795032	0	0	0	0.184794	6.096191
conventional	ce364	102	0	30.809327	0	14	7	4.237915	2.351559	17.795815	6.424038	0	0
conventional	ce365	102	0	15.296444	0	14	7	1.906591	1.129057	6.416357	5.844439	0	0
conventional	ce366	102	1.102770	43.039669	1	14	7	9.816338	1.951987	22.021109	9.250235	0	0
conventional	ce367	102	0	37.871411	0	14	7	2.196410	0.495973	21.154381	14.024647	0	0
conventional	ce368	102	0	18.129193	0	14	7	4.448490	3.781639	6.444017	3.455047	0	0
holistic	he323	103	1.574333	6.055669	1	9	2	6.055669	0	0	0	0.688638	8.639880
holistic	he324	103	0	0	0	0	0	0	0	0	0	0	0
holistic	he325	103	0	0	0	0	0	0	0	0	0	0	0
conventional	ce369	103	0	17.659958	0	14	7	0.174774	2.818953	11.166518	3.499713	0	0
conventional	ce370	103	0	25.962428	0	14	7	4.198606	3.579707	11.841551	6.342564	1.952444	0
holistic	he326	104	1.513586	6.115727	1	7	2	6.115727	0	0	0	0.808329	9.511448
holistic	he327	104	1.063761	13.722735	1	15	2	13.722735	0	0	0	0.685916	13.444384
conventional	ce371	104	0	22.741097	0	14	7	3.502931	2.698886	10.641416	5.897864	0.501832	0
holistic	he328	105	0	2.636698	0	4	2	2.636698	0	0	0	0	0
holistic	he329	105	0.316346	4.815344	1	3	3	0	0	4.815344	0	0	0
holistic	he330	107	0	0	0	0	1	0	0	0	0	0	0
holistic	he331	107	1.574333	4.402368	1	3	1	4.402368	0	0	0	0	4.906605
conventional	ce372	107	0	13.004818	0	14	7	1.599430	0.132006	6.063893	5.209489	0.316786	0
holistic	he332	108	2.127522	22.526008	2	28	2	22.526008	0	0	0	1.028874	22.988558
conventional	ce373	108	0	21.772278	0	14	7	1.280654	2.325901	12.427320	5.738403	0	0
conventional	ce374	109	0	41.149754	0	14	7	9.560160	3.579565	22.641702	5.368327	1.839837	0
conventional	ce375	110	0	26.315401	0	14	7	3.483293	7.156027	12.739848	2.936233	0	0
holistic	he333	111	2.936903	9.631352	1	3	1	9.631352	0	0	0	0	0
conventional	ce376	111	1.156641	10.776278	1	14	7	2.548764	0.157049	4.027801	4.042664	0	0
conventional	ce377	111	0.573906	25.568417	1	14	7	3.447357	6.996744	11.208639	3.915677	1.626095	0
conventional	ce378	111	0	18.391308	0	14	7	2.020556	2.261996	7.819650	6.289106	2.441985	0
conventional	ce379	111	0	27.780235	0	14	7	6.743487	3.616719	10.592021	6.828008	0	0
conventional	ce380	112	0	34.697652	0	14	7	4.833257	3.253582	19.936447	6.674366	0.488562	0
conventional	ce381	112	0	26.806963	0	14	7	3.609021	2.806936	8.822687	11.568319	0	0
conventional	ce382	112	0	18.538197	0	14	7	2.684627	5.624400	6.667535	3.561635	0	0
conventional	ce383	113	0	9.861504	0	14	7	0.688097	0.867453	4.281445	4.024509	0	0
conventional	ce384	113	0	36.125851	0	14	7	3.895415	1.639924	22.512961	8.077551	0	0
conventional	ce385	114	0	12.791176	0	14	7	1.095808	1.328153	5.416512	4.950703	0.923792	0
holistic	he334	115	0	0	0	0	0	0	0	0	0	0	0
holistic	he335	116	0	0	0	0	0	0	0	0	0	0	0
conventional	ce386	116	0	17.848634	0	14	7	0.926692	1.194471	9.568830	6.158641	0	0
holistic	he336	119	0.316346	1.795241	1	3	3	0	0	1.795241	0	0	0
holistic	he337	120	0	7.080830	0	6	4	7.080830	0	0	0	0	0
holistic	he338	121	0	0.445291	0	2	1	0.445291	0	0	0	0	0
holistic	he339	122	0	0	0	0	9	0	0	0	0	2.442826	14.265072
conventional	ce387	122	0	45.737146	0	14	7	4.355712	11.727397	18.916494	10.737543	0	0
conventional	ce388	123	0	36.446648	0	14	7	6.648102	4.190120	19.107158	6.501268	0.513347	0
conventional	ce389	123	0	35.295094	0	14	7	4.128918	9.763045	14.109187	7.293944	0	0
conventional	ce390	124	0.376648	23.440986	1	14	7	3.515038	1.823781	11.502778	6.599389	0	0
holistic	he340	125	1.063761	13.581609	1	11	3	13.581609	0	0	0	0.685916	13.937413
conventional	ce391	126	0	17.475744	0	14	7	0.822396	0.224688	8.824984	7.603676	0	0
conventional	ce392	127	0	32.435624	0	14	7	4.078240	8.977854	11.164588	8.214942	0.664090	0
holistic	he341	128	3.148666	24.292410	2	32	4	24.292410	0	0	0	1.377276	16.069062
holistic	he342	128	0	34.287346	0	18	2	34.287346	0	0	0	0	0
holistic	he343	128	1.574333	4.861624	1	9	3	4.861624	0	0	0	0.343080	9.817297
holistic	he344	128	1.755602	5.097155	1	3	2	5.097155	0	0	0	0	4.673200
conventional	ce393	128	0	14.279029	0	14	7	1.025244	0.976108	6.266180	6.011497	0	0
conventional	ce394	128	0	31.624215	0	14	7	3.437398	9.363704	10.648962	8.174151	0.580935	0
conventional	ce395	128	0	33.195410	0	14	7	2.745010	4.473095	18.788461	7.188844	1.084865	0
conventional	ce396	128	0	21.497898	0	14	7	2.920069	1.525299	10.836689	6.215841	0	0
holistic	he345	129	0	0	0	0	15	0	0	0	0	2.442826	14.435074
conventional	ce397	129	0	29.944947	0	14	7	7.116376	4.852272	11.956712	6.019587	0	0
conventional	ce398	129	0	24.358849	0	14	7	1.353171	3.303212	12.767062	6.935404	0	0
conventional	ce399	129	0	21.126613	0	14	7	2.438038	1.939766	9.980917	6.767892	0.742660	0
conventional	ce400	129	0	27.553240	0	14	7	1.910117	1.152639	15.125497	9.364987	0.251326	0
conventional	ce401	130	0	25.373668	0	14	7	6.262939	4.252014	11.300802	3.557913	0	0
conventional	ce402	131	0	37.899823	0	14	7	3.529024	2.449423	22.337722	9.583654	0	0
conventional	ce403	132	0.376648	15.900707	1	14	7	1.480157	1.147767	8.975294	4.297489	0	0
conventional	ce404	132	0	8.477141	0	14	7	0.194167	0.798867	3.864576	3.619531	1.083867	0
holistic	he346	133	0	0	0	0	0	0	0	0	0	0	4.425817
conventional	ce405	133	0	11.975759	0	14	7	1.895772	1.759441	3.289687	5.030859	1.083867	0
conventional	ce406	133	0	42.346831	0	14	7	3.825858	3.519830	25.999706	9.001437	0	0
conventional	ce407	133	0	13.887867	0	14	7	5.783091	3.060466	2.967446	2.076864	1.610918	0
conventional	ce408	133	0	38.471521	0	14	7	5.618505	4.180086	20.728753	7.944177	0.256854	0
holistic	he347	134	0.760829	0.681441	1	6	2	0.681441	0	0	0	0	0
conventional	ce409	134	0	26.091099	0	14	7	5.743441	5.363784	12.244544	2.739330	0	0
conventional	ce410	134	0	41.985191	0	14	7	10.663781	5.769779	17.255885	8.295746	0	0
conventional	ce411	134	0	14.603306	0	14	7	1.218462	0.957323	6.488883	5.938638	0	0
conventional	ce412	134	1.102770	48.075762	1	14	7	14.618254	2.536567	21.137469	9.783472	0	0
conventional	ce413	134	0	11.026649	0	14	7	2.543928	0.285777	4.746037	3.450907	0	0
holistic	he348	135	0	6.280033	0	6	2	6.280033	0	0	0	0	0
holistic	he349	135	0	6.452906	0	8	2	6.452906	0	0	0	0.610733	3.805503
conventional	ce414	135	0	16.665389	0	14	7	1.988803	2.334325	8.150869	4.191392	0	0
conventional	ce415	135	0	17.521078	0	14	7	0.201500	0.549744	9.768272	7.001562	0	0
conventional	ce416	135	1.156641	10.560274	1	14	7	2.494814	0.093964	3.409466	4.562030	0	0
conventional	ce417	136	0	19.051872	0	14	7	4.388437	4.879192	5.289018	4.495225	1.085877	0
conventional	ce418	136	0	6.922186	0	14	7	1.029738	0.218019	2.488546	3.185883	0	0
conventional	ce419	136	1.156641	7.092444	1	14	7	0.747430	0.764571	1.878295	3.702148	0	0
conventional	ce420	136	0	14.357417	0	14	7	0.691490	3.880532	6.715560	3.069835	0	0
conventional	ce421	136	0	18.374397	0	14	7	1.413130	0.245509	7.496880	9.218878	0	0
conventional	ce422	136	0	19.433522	0	14	7	0.330402	0.192058	9.766698	9.144364	2.441985	0
holistic	he350	137	0	24.128082	0	14	3	24.128082	0	0	0	0	0
holistic	he351	137	2.084017	6.299374	1	7	1	6.299374	0	0	0	0.141258	8.359771
holistic	he352	137	1.574333	3.829925	1	9	3	3.829925	0	0	0	0.343080	9.465629
holistic	he353	137	0	0	0	0	9	0	0	0	0	2.442826	8.468684
conventional	ce423	137	0	25.816686	0	14	7	5.965925	4.740206	10.968346	4.142209	0	0
conventional	ce424	137	2.104761	15.762123	2	14	7	2.470813	1.704438	4.086122	7.500750	0	0
conventional	ce425	138	0	38.280224	0	14	7	4.779069	3.150935	22.210496	8.139724	0	0
conventional	ce426	138	0	13.115416	0	14	7	0.687208	1.492417	5.580885	5.354906	0	0
holistic	he354	139	0	0	0	0	0	0	0	0	0	0	0
holistic	he355	139	2.198978	12.362114	1	7	4	12.362114	0	0	0	0	0
conventional	ce427	139	0	11.082647	0	14	7	1.716834	0.323155	4.886298	4.156360	0	0
conventional	ce428	139	0	27.434269	0	14	7	5.785306	4.837056	12.869204	3.942703	0	0
conventional	ce429	139	0	23.349135	0	14	7	3.304982	1.378058	10.665945	8.000150	0.531177	0
holistic	he356	140	1.574333	9.046882	1	9	2	9.046882	0	0	0	0.688638	8.639880
holistic	he357	140	2.316176	5.232838	1	9	1	5.232838	0	0	0	0.141258	8.230595
conventional	ce430	140	0	20.087157	0	14	7	3.782291	4.342870	8.947571	3.014425	0	0
conventional	ce431	140	0	8.566523	0	14	7	2.596144	1.286494	2.749197	1.934688	0	0
conventional	ce432	140	0	25.784343	0	14	7	4.631474	6.569714	9.837683	4.745472	0.664090	0
conventional	ce433	140	0	25.953023	0	14	7	2.493713	2.459515	14.007720	6.992075	0.531177	0
holistic	he358	141	0	0	0	0	0	0	0	0	0	0	0
holistic	he359	141	0	6.431376	0	5	3	6.431376	0	0	0	0.610733	4.560306
conventional	ce434	141	0	38.050749	0	14	7	4.591858	4.219835	16.373163	12.865893	0.531177	0
conventional	ce435	141	0	11.716903	0	14	7	1.771095	1.916376	3.101547	4.927885	1.083867	0
conventional	ce436	141	0	32.192227	0	14	7	5.275173	1.766773	18.629686	6.520595	0.312231	0
conventional	ce437	141	0	18.858630	0	14	7	2.054285	1.177899	8.390827	7.235619	0	0
holistic	he360	142	0	6.605265	0	18	9	0	0	6.605265	0	3.246070	13.725779
holistic	he361	142	0	29.425934	0	16	2	29.425934	0	0	0	0	0
holistic	he362	142	1.313919	4.437870	1	3	1	4.437870	0	0	0	0	2.875956
conventional	ce438	142	0	13.882722	0	14	7	0.833192	1.182988	4.320425	7.546117	0	0
conventional	ce439	142	0	11.748751	0	14	7	1.352172	0.743507	4.898043	4.755029	0	0
holistic	he363	143	0.632692	17.507084	2	6	4	0	0	17.507084	0	0	0
holistic	he364	143	0	0	0	0	0	0	0	0	0	0	0
holistic	he365	143	0	0	0	0	0	0	0	0	0	0	0
conventional	ce440	143	0	36.394345	0	14	7	7.179667	3.650988	19.771106	5.792584	0.383095	0
conventional	ce441	143	0	39.555889	0	14	7	3.948877	1.531361	24.171846	9.903805	0.529222	0
conventional	ce442	143	0	21.039418	0	14	7	3.628698	4.512345	9.856148	3.042227	1.072558	0
holistic	he366	144	0.945314	1.699373	1	7	2	1.699373	0	0	0	0	4.745429
holistic	he367	144	0	0	0	0	0	0	0	0	0	0	0
conventional	ce443	144	0	15.615333	0	14	7	1.121681	0.666790	7.652281	6.174581	0	0
holistic	he368	145	0	1.119601	0	1	1	1.119601	0	0	0	0	0
holistic	he369	145	1.942971	8.348747	1	5	1	8.348747	0	0	0	0.342958	6.360060
holistic	he370	145	6.135936	36.150870	3	36	3	36.150870	0	0	0	1.231974	15.983847
holistic	he371	145	1.313919	3.946044	1	2	2	3.946044	0	0	0	0	2.875956
holistic	he372	145	0	12.438057	0	12	3	12.438057	0	0	0	0	0
holistic	he373	145	1.521703	5.300762	1	3	1	5.300762	0	0	0	0	2.875956
conventional	ce444	145	0	32.935230	0	14	7	4.059118	1.753793	19.308209	7.814110	0	0
conventional	ce445	145	0	27.545447	0	14	7	3.045935	1.564263	13.209886	9.725363	0.531177	0
conventional	ce446	145	0	20.575171	0	14	7	2.896871	1.782694	10.584582	5.311024	0	0
conventional	ce447	145	0	9.704519	0	14	7	0.391805	0.560961	4.769486	3.982267	0	0
holistic	he374	146	0.945314	1.692255	1	7	2	1.692255	0	0	0	0	4.745429
holistic	he375	146	0	8.834756	0	8	2	8.834756	0	0	0	0	0
holistic	he376	146	1.574333	9.092822	1	15	3	9.092822	0	0	0	0	2.875956
holistic	he377	146	1.894737	11.673441	3	21	9	0	0	11.673441	0	3.932168	14.704954
conventional	ce448	146	0	13.454793	0	14	7	1.145607	1.130657	6.469104	4.709425	0	0
conventional	ce449	146	0	22.881382	0	14	7	1.677467	3.209176	13.136767	4.857972	0.664090	0
conventional	ce450	146	0	20.956948	0	14	7	2.447525	1.817965	10.266002	6.425456	0	0
conventional	ce451	146	0	20.514922	0	14	7	2.909004	1.438493	9.417088	6.750337	0.531177	0
holistic	he378	147	0	31.092448	0	18	2	31.092448	0	0	0	0	0
conventional	ce452	147	0	19.171306	0	14	7	0.167505	1.117886	12.830867	5.055048	0	0
conventional	ce453	147	0	28.125080	0	14	7	6.434106	5.583708	12.381401	3.725865	0	0
holistic	he379	148	1.313919	4.046804	1	3	1	4.046804	0	0	0	0	2.875956
holistic	he380	148	2.198978	12.654014	1	7	4	12.654014	0	0	0	0	0
conventional	ce454	148	0	12.250611	0	14	7	0.700478	0.836027	4.808117	5.905989	0	0
conventional	ce455	148	0	15.426278	0	14	7	1.503190	1.453302	7.559969	4.909817	0	0
conventional	ce456	148	0	41.949240	0	14	7	4.431114	8.929464	20.015233	8.573429	0	0
conventional	ce457	148	0	19.467765	0	14	7	0.488969	0.914752	13.040385	5.023659	0.294641	0
conventional	ce458	148	0	36.159202	0	14	7	3.729046	7.406833	18.564483	6.458840	0.664090	0
holistic	he381	149	0	0	0	0	0	0	0	0	0	0	0
holistic	he382	149	0	0	0	0	0	0	0	0	0	0	0
holistic	he383	149	0.945314	1.402929	1	7	2	1.402929	0	0	0	0	4.251597
holistic	he384	149	0	10.546792	0	16	4	10.546792	0	0	0	0	0
holistic	he385	149	0	18.306837	0	18	9	0	0	18.306837	0	2.442826	14.018899
holistic	he386	149	0	4.366080	0	2	1	4.366080	0	0	0	0	0
conventional	ce459	149	0	10.332611	0	14	7	0.876011	0.534550	5.335115	3.586935	0	0
conventional	ce460	149	0	19.143969	0	14	7	1.015877	2.455865	5.253748	10.418479	0	0
holistic	he387	150	0	0	0	0	0	0	0	0	0	0	0
conventional	ce461	150	1.804948	46.488659	1	14	7	14.115160	2.854447	21.031251	8.487801	0	0
holistic	he388	151	1.574333	4.660396	1	3	1	4.660396	0	0	0	0	5.071879
holistic	he389	151	1.923613	7.626678	1	13	13	7.626678	0	0	0	1.377276	12.455737
conventional	ce462	151	0	37.111063	0	14	7	6.171905	4.275047	18.755146	7.908965	0	0
conventional	ce463	151	0	14.253226	0	14	7	1.294639	1.107228	6.014355	5.837004	0	0
conventional	ce464	151	0	13.801805	0	14	7	0.815368	1.341657	6.761985	4.882795	0.934810	0
conventional	ce465	151	0	37.999274	0	14	7	9.880526	4.663020	17.577147	5.878581	0.425147	0
conventional	ce466	151	0	23.084729	0	14	7	2.266964	3.855637	6.110325	10.851803	0	0
holistic	he390	152	0	5.739124	0	6	2	5.739124	0	0	0	0	0
holistic	he391	152	1.390601	2.259574	1	7	2	2.259574	0	0	0	0	4.745429
holistic	he392	152	0	61.917670	0	24	3	61.917670	0	0	0	0	0
conventional	ce467	152	0	15.361271	0	14	7	1.299321	0.725120	7.395102	5.941728	0	0
conventional	ce468	152	0	13.230988	0	14	7	1.621452	0.455047	5.405135	5.749354	0	0
conventional	ce469	152	0	37.220006	0	14	7	2.969824	1.097097	19.952474	13.200611	0	0
holistic	he393	153	2.316176	7.332910	1	11	1	7.332910	0	0	0	0.141258	8.394570
holistic	he394	153	2.936903	9.787941	1	3	1	9.787941	0	0	0	0	0
holistic	he395	153	1.833965	5.389675	1	7	1	5.389675	0	0	0	0.141258	8.359771
holistic	he396	153	1.313919	4.550249	1	3	1	4.550249	0	0	0	0	2.042585
holistic	he397	153	0	5.117851	0	4	1	5.117851	0	0	0	1.485614	3.676910
holistic	he398	153	0	2.624259	0	6	9	0	0	2.624259	0	0	5.851189
holistic	he399	153	0	24.272755	0	18	3	24.272755	0	0	0	0	0
conventional	ce470	153	0	31.148323	0	14	7	2.426545	0.270096	20.638447	7.813235	0	0
holistic	he400	154	1.313919	5.683142	1	2	2	5.683142	0	0	0	0	2.875956
conventional	ce471	154	0	20.998383	0	14	7	0.593076	4.302109	8.904609	7.198589	0	0
conventional	ce472	154	0	20.022493	0	14	7	5.006302	4.233006	6.848595	3.934590	1.610918	0
conventional	ce473	154	0	46.016637	0	14	7	3.769594	9.111174	22.398027	10.737842	0.664090	0
holistic	he401	155	4.650669	9.043368	3	18	3	9.043368	0	0	0	0.141258	17.832316
holistic	he402	155	0	32.995544	0	18	2	32.995544	0	0	0	0	0
conventional	ce474	155	0	14.178899	0	14	7	0.720453	1.606775	6.266889	5.584782	0	0
holistic	he403	156	0.945314	2.067149	1	7	2	2.067149	0	0	0	0	4.745429
holistic	he404	156	1.574333	4.272629	1	7	2	4.272629	0	0	0	0.157792	9.859501
holistic	he405	156	1.829236	4.323592	1	9	6	4.323592	0	0	0	0.495296	9.476055
holistic	he406	156	0	17.194566	0	12	2	17.194566	0	0	0	0	0
holistic	he407	156	1.616529	5.912710	1	2	1	5.912710	0	0	0	0	2.875956
holistic	he408	156	0	0	0	0	0	0	0	0	0	0.132153	4.744445
conventional	ce475	156	0	15.670797	0	14	7	1.034655	1.679968	4.933342	8.022832	0	0
conventional	ce476	156	0	10.977187	0	14	7	2.569772	0.125617	4.843227	3.438571	0.664090	0
conventional	ce477	156	0	38.901495	0	14	7	0.925344	0.305982	23.283399	14.386770	0	0
holistic	he409	157	0	2.624259	0	6	9	0	0	2.624259	0	0	5.811388
conventional	ce478	157	0.936175	18.583586	1	14	7	1.270685	0.351321	10.562066	6.399514	0	0
conventional	ce479	157	0	14.189731	0	14	7	0.538722	1.733291	7.261783	4.655935	0	0
conventional	ce480	157	0	20.125003	0	14	7	0.282821	2.301588	11.037966	6.502628	0	0
conventional	ce481	157	0	16.579611	0	14	7	0.598628	2.560208	10.168243	3.252532	0	0
holistic	he410	158	0	0	0	0	0	0	0	0	0	0	0
holistic	he411	158	0	0	0	0	9	0	0	0	0	3.246070	14.170836
holistic	he412	158	0	4.236268	0	4	2	4.236268	0	0	0	0	0
holistic	he413	158	0	0	0	0	1	0	0	0	0	0	0
holistic	he414	158	0	0	0	0	0	0	0	0	0	0	0
conventional	ce482	158	0	18.941311	0	14	7	2.532295	5.333323	5.266170	5.809523	0	0
conventional	ce483	158	0	33.891747	0	14	7	4.596352	3.065631	19.971158	6.258606	0.664090	0
conventional	ce484	158	0.966451	26.089985	1	14	7	6.247507	4.207612	11.162881	4.471985	0	0
conventional	ce485	158	0	49.123429	0	14	7	3.431023	11.972897	20.871494	12.848015	0	0
conventional	ce486	158	0	28.641142	0	14	7	3.750570	2.093903	16.660277	6.136392	0.488562	0
conventional	ce487	158	0	23.773767	0	14	7	2.138825	2.112984	13.916796	5.605162	0	0
conventional	ce488	158	0	13.925436	0	14	7	1.645318	1.008944	5.249028	6.022146	0	0
holistic	he415	159	0	27.964728	0	21	3	27.964728	0	0	0	0	0
holistic	he416	159	0	0	0	0	1	0	0	0	0	0.643304	4.744445
holistic	he417	159	0	0	0	0	0	0	0	0	0	0	1.989020
conventional	ce489	159	0	36.972045	0	14	7	4.046309	3.177647	21.806134	7.941955	0.331688	0
conventional	ce490	159	0	19.428096	0	14	7	3.969745	3.365834	9.743664	2.348853	0	0
holistic	he418	160	0.945314	1.604305	1	7	2	1.604305	0	0	0	0	4.251597
holistic	he419	160	0	0	0	0	2	0	0	0	0	0	0
holistic	he420	160	0	23.403643	0	14	3	23.403643	0	0	0	0	0
conventional	ce491	160	0	14.046577	0	14	7	1.160757	0.849074	7.871582	4.165164	0	0
conventional	ce492	160	0	20.566056	0	14	7	6.612890	2.379106	6.264986	5.309074	0.488562	0
conventional	ce493	160	0	24.903735	0	14	7	0.179458	2.337673	15.583918	6.802686	0	0
conventional	ce494	160	0	20.144836	0	14	7	0.975764	2.272273	6.855382	10.041417	0	0
holistic	he421	161	0	34.401396	0	18	2	34.401396	0	0	0	0	0
holistic	he422	161	0	0.114009	0	6	2	0.114009	0	0	0	0	0
holistic	he423	161	0	0	0	0	1	0	0	0	0	0	0
holistic	he424	162	1.513586	6.313065	1	5	2	6.313065	0	0	0	0.808329	9.377898
holistic	he425	162	0	0	0	0	0	0	0	0	0	0	0
conventional	ce495	162	0	16.571027	0	14	7	0.668547	4.374106	9.172269	2.356105	0	0
conventional	ce496	162	0	27.125653	0	14	7	1.197755	2.955549	13.059282	9.913067	0	0
conventional	ce497	162	0	47.386706	0	14	7	3.637969	9.719643	20.018220	14.010874	0	0
conventional	ce498	162	0	12.987067	0	14	7	1.876547	1.494872	6.379525	3.236123	0	0
holistic	he426	163	1.755602	5.327042	1	3	2	5.327042	0	0	0	0	4.593957
holistic	he427	163	0	9.749052	0	15	9	0	0	9.749052	0	0.685916	30.193304
conventional	ce499	163	0	19.636650	0	14	7	1.200993	0.684219	9.156967	8.594471	0	0
conventional	ce500	163	0	17.296810	0	14	7	2.170120	0.593795	8.299150	6.233745	0	0
holistic	he428	164	0	0	0	0	0	0	0	0	0	0	0
holistic	he429	164	1.566933	2.603912	1	6	2	2.603912	0	0	0	0.523555	8.067661
holistic	he430	164	0	0	0	0	0	0	0	0	0	0	0
conventional	ce501	164	1.156641	12.340229	1	14	7	2.614341	0.092360	2.791033	6.842495	0	0
conventional	ce502	164	0	50.958435	0	14	7	7.270969	11.266030	24.288731	8.132705	0	0
conventional	ce503	164	0	34.562452	0	14	7	4.210056	4.255158	17.872570	8.224668	0	0
holistic	he431	165	0	1.820995	0	1	1	1.820995	0	0	0	0	0
holistic	he432	165	1.574333	4.407515	1	9	3	4.407515	0	0	0	0.226565	9.731119
holistic	he433	165	2.084017	6.897322	1	7	1	6.897322	0	0	0	0.508885	5.569571
conventional	ce504	165	0	57.311419	0	14	7	5.858221	11.133487	24.230944	16.088767	0	0
conventional	ce505	165	0	18.328373	0	14	7	1.697556	2.758176	7.212299	6.660342	0	0
conventional	ce506	165	0	13.372076	0	14	7	1.153931	0.572415	6.684765	4.960965	0	0
holistic	he434	166	1.814869	4.231621	1	8	2	4.231621	0	0	0	0	4.745429
holistic	he435	166	0	0	0	0	0	0	0	0	0	0	0
conventional	ce507	166	0	24.198460	0	14	7	4.366845	2.930147	12.889228	4.012240	0	0
holistic	he436	167	2.198978	12.767474	1	7	4	12.767474	0	0	0	0	0
conventional	ce508	167	0	8.775699	0	14	7	2.152803	0.916570	3.709650	1.996676	0	0
holistic	he437	168	1.755602	5.318551	1	3	2	5.318551	0	0	0	0	4.673200
holistic	he438	168	0	9.836166	0	9	10	0	0	9.836166	0	3.932168	14.894078
conventional	ce509	168	0	17.657227	0	14	7	2.454237	0.373043	6.730345	8.099602	0.807830	0
conventional	ce510	168	0	22.578144	0	14	7	3.980022	4.903712	8.756454	4.937956	0	0
holistic	he439	169	0	0	0	0	0	0	0	0	0	0	0
holistic	he440	169	1.574333	7.148914	1	6	3	7.148914	0	0	0	0.688638	7.036993
holistic	he441	170	0	0	0	0	0	0	0	0	0	0	0.206867
conventional	ce511	170	0	14.255313	0	14	7	1.218841	1.066504	5.043091	6.926877	0	0
conventional	ce512	170	0	22.064549	0	14	7	1.581719	2.221774	8.114740	10.146316	0.045836	0
holistic	he442	171	1.313919	4.315075	1	3	1	4.315075	0	0	0	0	2.875956
holistic	he443	171	4.090624	21.960320	2	22	2	21.960320	0	0	0	1.231974	15.692530
conventional	ce513	171	0	13.101153	0	14	7	0.895504	1.443738	6.359822	4.402089	0	0
conventional	ce514	171	0	17.836110	0	14	7	0.747304	3.049251	10.772337	3.267218	0	0
conventional	ce515	171	0	17.853169	0	14	7	0.566923	4.337132	10.282534	2.666580	0	0
conventional	ce516	171	0	13.847021	0	14	7	0.749845	0.271195	6.421486	6.404495	0	0
conventional	ce517	172	0	16.799371	0	14	7	2.211776	2.216804	7.727474	4.643317	0	0
conventional	ce518	172	0	22.761932	0	14	7	2.006759	1.792034	9.720367	9.242772	0	0
conventional	ce519	172	0	12.352186	0	14	7	3.035224	1.639109	3.889346	3.788507	0	0
holistic	he444	173	2.434299	10.091859	1	7	4	10.091859	0	0	0	0	0
conventional	ce520	173	0	13.040517	0	14	7	0.190716	0.533404	6.640507	5.675890	0	0
conventional	ce521	173	0	17.074188	0	14	7	0.785249	1.182988	6.251166	8.854785	0	0
holistic	he445	174	4.722999	21.632940	3	21	3	21.632940	0	0	0	0	15.215637
conventional	ce522	174	0	11.463029	0	14	7	1.529716	2.107393	6.566444	1.259476	0	0
conventional	ce523	175	0	12.215118	0	14	7	2.202396	0.763966	5.638244	3.610512	0	0
conventional	ce524	176	0	20.476103	0	14	7	1.005485	0.564026	10.538894	8.367698	0	0
holistic	he446	177	0	0	0	0	0	0	0	0	0	0	0
holistic	he447	178	0	67.680423	0	33	15	67.680423	0	0	0	0	0
conventional	ce525	179	0	52.466000	0	14	7	2.819032	12.156956	24.582997	12.907015	0	0
conventional	ce526	181	1.814317	9.573668	1	14	7	1.463246	0.453973	2.883868	4.772581	0	0
holistic	he448	182	2.627838	10.769876	2	12	2	10.769876	0	0	0	0	5.751912
holistic	he449	182	1.574333	4.612957	1	5	2	4.612957	0	0	0	0.157792	9.168196
conventional	ce527	182	0	15.967824	0	14	7	1.002771	0.191434	8.016316	6.757303	0	0
conventional	ce528	183	0	39.620277	0	14	7	9.864996	6.539842	18.086428	5.129011	1.162769	0
conventional	ce529	185	0	25.530215	0	14	7	2.655511	0.668592	11.841505	10.364607	0	0
conventional	ce530	186	0	9.039900	0	14	7	1.135473	0.848934	3.314937	3.740556	0	0
conventional	ce531	187	0	44.856902	0	14	7	4.222772	9.486734	19.158111	11.989285	0	0
holistic	he450	188	0	4.921454	0	2	1	4.921454	0	0	0	0	0
holistic	he451	188	0.143032	2.242756	1	7	9	0	0	2.242756	0	0	5.811388
holistic	he452	188	1.313919	3.919340	1	3	1	3.919340	0	0	0	0	2.875956
conventional	ce532	188	0.036207	57.074222	1	14	7	3.335521	12.303698	27.188402	14.246601	0	0
conventional	ce533	188	0	18.655201	0	14	7	1.561089	0.713263	11.435732	4.945117	0	0
conventional	ce534	189	0	22.425682	0	14	7	1.690074	2.072081	9.647463	9.016064	0.190646	0
conventional	ce535	190	0	20.883199	0	14	7	0.642054	0.983648	12.824660	6.432837	0	0
conventional	ce536	191	1.264665	17.017723	1	14	7	0.555189	4.077715	8.317256	4.067563	0	0
conventional	ce537	191	0	14.532542	0	14	7	1.167898	1.304185	2.649391	9.411068	0	0
conventional	ce538	193	0	47.089870	0	14	7	7.547914	11.729381	20.886936	6.925639	0	0
conventional	ce539	194	0	25.039620	0	14	7	0.564982	3.588550	14.343140	6.542948	0	0
conventional	ce540	194	0	19.548211	0	14	7	1.188863	1.214492	9.423691	7.721165	0	0
conventional	ce541	194	0	14.433331	0	14	7	0.916586	1.247328	5.734266	6.535151	0	0
holistic	he453	195	0	5.699817	0	6	9	0	0	5.699817	0	0	5.563167
holistic	he454	195	0	0	0	0	4	0	0	0	0	0.685916	27.476874
conventional	ce542	195	0	22.049068	0	14	7	1.966707	1.790491	8.594464	9.697406	0.715028	0
conventional	ce543	195	0	30.812257	0	14	7	3.064512	5.385266	15.168854	7.193625	0.488562	0
conventional	ce544	195	0	16.086055	0	14	7	2.188417	1.500798	7.147905	5.248935	0	0
conventional	ce545	196	0.036207	48.677464	1	14	7	3.027295	15.574747	21.812699	8.262723	0	0
conventional	ce546	196	0	36.924074	0	14	7	8.402411	4.820156	18.282294	5.419213	0.280744	0
conventional	ce547	196	0	9.349892	0	14	7	1.952355	0.991784	3.479064	2.926689	0	0
conventional	ce548	196	0	36.593497	0	14	7	5.947627	1.201266	21.492066	7.952538	0	0
holistic	he455	197	1.338323	4.269262	1	13	2	4.269262	0	0	0	0.688638	8.870102
holistic	he456	197	0	0	0	0	0	0	0	0	0	0	0
conventional	ce549	197	0	13.798792	0	14	7	0.547937	1.155284	7.384045	4.711526	0.045836	0
conventional	ce550	197	0	17.228356	0	14	7	1.339382	1.048947	6.292849	8.547178	0	0
conventional	ce551	198	0.036207	52.774559	1	14	7	4.135438	12.040709	26.381259	10.217153	1.529834	0
conventional	ce552	198	0	43.171035	0	14	7	8.114675	11.747124	17.769802	5.539434	0	0
conventional	ce553	198	0.936175	20.266657	1	14	7	1.035524	0.616368	9.039335	9.575430	0	0
holistic	he457	199	0	4.366080	0	2	1	4.366080	0	0	0	0	0
conventional	ce554	199	0	25.957341	0	14	7	5.303651	7.518532	6.579738	6.555420	0	0
holistic	he458	200	1.717411	5.291066	1	3	1	5.291066	0	0	0	0	2.243533
holistic	he459	200	1.313919	3.946044	1	2	2	3.946044	0	0	0	0	2.582381
conventional	ce555	200	0	17.396671	0	14	7	2.666963	3.385605	8.611028	2.733075	0	0
holistic	he460	201	1.574333	7.183203	1	3	3	7.183203	0	0	0	0.688638	7.295855
conventional	ce556	201	0	15.447398	0	14	7	1.820555	1.393447	7.367702	4.865694	0	0
holistic	he461	202	0	0	0	0	0	0	0	0	0	0	0
holistic	he462	202	0	1.635070	0	2	9	0	0	1.635070	0	0	3.165385
conventional	ce557	202	0	21.876869	0	14	7	1.960311	0.342512	11.436839	8.137207	0	0
conventional	ce558	202	0	16.807612	0	14	7	1.451123	1.546750	5.246667	8.563072	0	0
holistic	he463	203	2.045312	6.769368	1	5	1	6.769368	0	0	0	0	2.016091
conventional	ce559	203	0	35.072981	0	14	7	8.153502	4.374737	15.604150	6.940592	0	0
holistic	he464	204	1.668926	10.257644	1	6	1	10.257644	0	0	0	0	3.018422
conventional	ce560	204	0	20.226784	0	14	7	2.869639	5.330458	5.920934	6.105753	0	0
conventional	ce561	204	0	24.939036	0	14	7	1.265312	3.255087	8.926408	11.492229	0.045836	0
conventional	ce562	204	0	37.605472	0	14	7	5.768880	3.937904	18.884527	9.014161	0	0
holistic	he465	205	0	20.712832	0	12	3	20.712832	0	0	0	0	0
holistic	he466	205	1.172596	2.216781	1	4	2	2.216781	0	0	0	0.523555	8.067661
holistic	he467	205	0	2.340606	0	6	9	0	0	2.340606	0	0	6.086418
holistic	he468	205	0	0	0	0	0	0	0	0	0	0	0
holistic	he469	205	4.349150	19.402808	2	18	2	19.402808	0	0	0	1.082400	9.126054
conventional	ce563	205	0	8.584140	0	14	7	0.499887	0.530738	4.190325	3.363190	0	0
conventional	ce564	205	0	11.795109	0	14	7	0.691298	0.633689	5.539630	4.930492	0	0
holistic	he470	206	0	0	0	0	0	0	0	0	0	0	0
holistic	he471	206	0	0	0	0	6	0	0	0	0	0.846518	30.858226
holistic	he472	206	0	19.742664	0	16	4	19.742664	0	0	0	0	0
conventional	ce565	206	0	13.795914	0	14	7	2.141903	0.977760	6.432335	4.243916	0	0
conventional	ce566	206	0	42.864528	0	14	7	7.827890	7.768585	20.165218	7.102835	0	0
conventional	ce567	206	0	12.075513	0	14	7	1.575739	2.690313	4.567828	3.241633	0	0
holistic	he473	207	0	0	0	0	0	0	0	0	0	0	0
holistic	he474	207	0	4.598737	0	4	1	4.598737	0	0	0	1.485614	3.950278
conventional	ce568	207	0	16.813075	0	14	7	1.031901	1.173124	9.908668	4.699382	0.934810	0
conventional	ce569	207	0	16.336827	0	14	7	0.596698	0.882278	4.923914	9.933937	0	0
holistic	he475	208	1.081123	3.178924	1	1	1	3.178924	0	0	0	0	2.574734
holistic	he476	208	0	2.624259	0	6	13	0	0	2.624259	0	0	3.453407
conventional	ce570	208	0	19.278495	0	14	7	3.100898	3.215620	9.738496	3.223481	0	0
conventional	ce571	208	0	18.981327	0	14	7	2.501030	1.963562	12.308924	2.207811	0	0
holistic	he477	209	0	9.749052	0	15	9	0	0	9.749052	0	0.685916	29.574542
holistic	he478	209	1.313919	3.676587	1	3	1	3.676587	0	0	0	0	2.875956
holistic	he479	209	3.100446	6.916030	2	21	3	6.916030	0	0	0	0.282516	17.009230
holistic	he480	209	1.668926	15.685663	1	11	1	15.685663	0	0	0	0.508885	6.110853
holistic	he481	209	0	0	0	0	0	0	0	0	0	0	0
holistic	he482	209	1.232969	3.389015	1	3	2	3.389015	0	0	0	0	4.598658
holistic	he483	209	2.084017	6.995494	1	7	1	6.995494	0	0	0	0.508885	5.569571
holistic	he484	210	2.070483	8.334959	1	7	2	8.334959	0	0	0	0.157792	9.859501
holistic	he485	210	0	0	0	0	0	0	0	0	0	0	0
conventional	ce572	210	0	13.127050	0	14	7	1.036198	1.287135	3.496529	7.307188	0	0
holistic	he486	211	0	0	0	0	6	0	0	0	0	1.512512	29.975894
conventional	ce573	211	0	11.240825	0	14	7	0.705557	1.310176	5.664663	3.560429	0	0
conventional	ce574	211	0	17.299939	0	14	7	6.490255	0.445997	4.653238	5.710449	0	0
conventional	ce575	211	0	21.182040	0	14	7	3.348116	2.685001	10.601248	4.547675	0	0
holistic	he487	212	0	2.624259	0	6	10	0	0	2.624259	0	0	7.519734
conventional	ce576	212	0.158578	34.257711	1	14	7	4.381478	4.420631	17.002686	8.452916	0	0
holistic	he488	213	0	0	0	0	0	0	0	0	0	0	0
holistic	he489	213	0.143032	2.942664	1	9	13	0	0	2.942664	0	0	9.045239
holistic	he490	213	0	0	0	0	2	0	0	0	0	1.047110	11.852344
holistic	he491	213	0	1.854018	0	3	9	0	0	1.854018	0	0	4.520491
holistic	he492	213	1.313919	4.516650	1	3	1	4.516650	0	0	0	0	4.072240
holistic	he493	213	0	0	0	0	0	0	0	0	0	0	0
holistic	he494	213	1.949602	6.733557	1	3	1	6.733557	0	0	0	0.044844	2.243533
holistic	he495	213	0.945314	2.623880	1	7	3	2.623880	0	0	0	0	4.290701
conventional	ce577	213	0	21.433404	0	14	7	2.582734	2.093887	9.034121	7.722662	0.347875	0
conventional	ce578	214	0	18.439614	0	14	7	1.292802	0.359198	9.745799	7.041815	0	0
conventional	ce579	214	0	16.164909	0	14	7	1.421372	1.199420	6.089214	7.454903	0	0
holistic	he496	215	2.835942	3.682539	3	18	3	3.682539	0	0	0	0	12.754791
holistic	he497	215	0	0	0	0	0	0	0	0	0	0	0
conventional	ce580	215	0	37.424242	0	14	7	8.422704	3.946503	20.474010	4.581025	0.280744	0
holistic	he498	216	0	0.069319	0	1	1	0.069319	0	0	0	0	0
holistic	he499	216	0	0	0	0	0	0	0	0	0	0	0
holistic	he500	216	0	0	0	0	0	0	0	0	0	0	1.989020
holistic	he501	216	0	1.883473	0	4	3	1.883473	0	0	0	0	0
holistic	he502	216	1.728153	6.362878	1	5	1	6.362878	0	0	0	0	2.875956
holistic	he503	217	1.313919	4.229420	1	3	1	4.229420	0	0	0	0	2.875956
holistic	he504	217	2.180182	11.076816	2	12	2	11.076816	0	0	0	0	0
holistic	he505	217	1.668926	6.632218	1	3	1	6.632218	0	0	0	0	3.221975
holistic	he506	217	0	0	0	0	0	0	0	0	0	0	1.989020
conventional	ce581	217	0	45.963757	0	14	7	6.736198	8.502183	22.014185	8.711191	0	0
conventional	ce582	217	0	36.472060	0	14	7	7.867589	4.588606	18.178800	5.837065	0.280744	0
conventional	ce583	217	0	13.089961	0	14	7	1.400479	1.407467	3.251142	7.030873	0	0
conventional	ce584	217	0	31.979891	0	14	7	3.800642	2.100105	17.646933	8.432211	0.488562	0
conventional	ce585	217	0	16.310258	0	14	7	1.470587	2.453835	9.243825	3.142011	0	0
holistic	he507	218	0	0	0	0	0	0	0	0	0	0	0
conventional	ce586	218	0	19.132848	0	14	7	1.197956	0.429779	9.369838	8.135275	0	0
conventional	ce587	218	0	16.990081	0	14	7	1.087571	3.140809	10.250683	2.511018	0	0
conventional	ce588	218	0	38.434117	0	14	7	7.506284	3.074159	17.938994	9.914680	0	0
conventional	ce589	218	0	25.315349	0	14	7	4.230602	8.405805	6.220088	6.458854	0	0
holistic	he508	219	0.945314	2.580103	1	5	9	2.580103	0	0	0	0	4.290701
holistic	he509	219	0	0	0	0	0	0	0	0	0	0	0
holistic	he510	219	0	0	0	0	0	0	0	0	0	0	0
conventional	ce590	219	0	14.558731	0	14	7	1.789984	3.182716	7.513024	2.073007	0	0
holistic	he511	220	4.090624	25.007686	2	20	5	25.007686	0	0	0	1.231974	14.728920
holistic	he512	220	1.600922	3.852758	1	8	2	3.852758	0	0	0	0	2.999597
holistic	he513	220	2.180182	10.800960	2	12	2	10.800960	0	0	0	0	0
holistic	he514	220	0	5.089802	0	2	1	5.089802	0	0	0	0	0
conventional	ce591	220	0	23.592951	0	14	7	2.189455	1.109606	11.324319	8.969571	0	0
holistic	he515	221	0	0	0	0	0	0	0	0	0	0	0
holistic	he516	222	1.260919	5.831097	1	5	1	5.831097	0	0	0	0	4.072240
holistic	he517	222	0	0	0	0	0	0	0	0	0	0	0
holistic	he518	222	1.081123	3.178924	1	1	1	3.178924	0	0	0	0	2.574734
conventional	ce592	222	0	15.694577	0	14	7	0.462259	0.822299	6.338703	8.071316	0	0
conventional	ce593	222	0	36.553967	0	14	7	7.983653	4.588606	17.932845	6.048863	0.924129	0
holistic	he519	223	1.728153	5.714623	1	3	1	5.714623	0	0	0	0	2.875956
holistic	he520	223	0	0	0	0	0	0	0	0	0	0	0
holistic	he521	223	0	3.420456	0	6	13	0	0	3.420456	0	0	3.373619
conventional	ce594	223	0	21.396521	0	14	7	1.793452	0.300369	10.760521	8.542179	0	0
conventional	ce595	223	0	16.033395	0	14	7	1.693282	1.410651	7.926456	5.003006	0.464972	0
conventional	ce596	223	0	18.834650	0	14	7	3.170098	4.121259	8.417098	3.126195	0	0
holistic	he522	224	0	9.411837	0	15	9	0	0	9.411837	0	0.222696	29.574542
holistic	he523	224	3.337852	17.941218	2	12	2	17.941218	0	0	0	0	6.443950
conventional	ce597	224	0	18.829900	0	14	7	0.312717	3.504553	12.525356	2.487274	1.527124	0
conventional	ce598	224	0	19.802060	0	14	7	1.013480	2.197043	12.603941	3.987596	0	0
holistic	he524	225	2.627838	10.087018	2	16	10	10.087018	0	0	0	0	5.751912
conventional	ce599	225	0	14.576476	0	14	7	1.833180	1.619262	6.590890	4.533144	0	0
conventional	ce600	225	0	13.539062	0	14	7	1.106316	0.653154	2.959332	8.820260	0	0
conventional	ce601	225	0	25.036466	0	14	7	0.767706	3.898832	15.849209	4.520719	0	0
holistic	he525	226	0	0	0	0	0	0	0	0	0	0	0
holistic	he526	226	1.313919	4.733447	1	3	1	4.733447	0	0	0	0	2.875956
holistic	he527	226	0	9.227759	0	6	2	9.227759	0	0	0	0	0
conventional	ce602	226	0	21.579552	0	14	7	1.241490	2.449906	8.429253	9.458903	0.045836	0
holistic	he528	228	2.180182	11.017632	2	12	2	11.017632	0	0	0	0	0
holistic	he529	228	2.627838	9.299266	2	12	2	9.299266	0	0	0	0	5.751912
holistic	he530	228	0	2.336576	0	4	2	2.336576	0	0	0	0	0
holistic	he531	228	0	0	0	0	1	0	0	0	0	0	0
conventional	ce603	228	0	16.484443	0	14	7	0.903232	2.044647	9.114900	4.421664	0	0
conventional	ce604	228	0	24.929037	0	14	7	5.852672	5.594754	7.664442	5.817169	0	0
holistic	he532	229	1.081123	3.178924	1	1	1	3.178924	0	0	0	0	1.958969
holistic	he533	229	0	0.157365	0	6	3	0.157365	0	0	0	0	0
holistic	he534	230	0	0	0	0	0	0	0	0	0	0	0
holistic	he535	230	1.949602	5.055601	1	3	1	5.055601	0	0	0	0.112167	2.243533
holistic	he536	230	1.574333	3.799799	1	5	2	3.799799	0	0	0	0.157792	9.111350
conventional	ce605	230	0	12.428848	0	14	7	0.589321	1.009108	6.113398	4.717021	0	0
conventional	ce606	230	0	14.336332	0	14	7	1.243633	1.374619	2.122548	9.595532	0	0
holistic	he537	231	0	6.585270	0	15	9	0	0	6.585270	0	0.280752	31.555460
holistic	he538	231	1.313919	3.290483	1	1	3	3.290483	0	0	0	0	2.875956
conventional	ce607	231	0	19.387975	0	14	7	3.481653	4.034046	9.288544	2.583732	0	0
conventional	ce608	231	0	40.044075	0	14	7	7.664637	3.846081	17.310825	11.222532	0	0
conventional	ce609	231	0	24.526728	0	14	7	2.721628	0.673737	10.168882	10.962481	0	0
holistic	he539	232	4.090624	25.178592	2	24	4	25.178592	0	0	0	0.300976	14.579316
holistic	he540	232	0.143032	3.055594	1	10	9	0	0	3.055594	0	0	10.935504
holistic	he541	232	0.732822	0.528984	3	3	6	0	0	0.528984	0	1.514034	26.482017
conventional	ce610	232	0	19.299776	0	14	7	3.250369	4.117460	8.214174	3.717773	0	0
conventional	ce611	232	0	17.300472	0	14	7	1.291348	1.068322	3.448764	11.492038	0	0
holistic	he542	233	1.668926	9.581562	1	9	1	9.581562	0	0	0	0.508885	6.619756
conventional	ce612	233	0	36.944957	0	14	7	6.699709	3.043456	16.793194	10.408598	0	0
conventional	ce613	233	0	32.004052	0	14	7	6.031440	3.238924	14.654141	8.079547	0.924129	0
conventional	ce614	233	0	21.355744	0	14	7	6.813021	0.930118	6.831884	6.780721	0	0
conventional	ce615	233	0	18.350505	0	14	7	1.486251	2.806781	11.763580	2.293893	0	0
conventional	ce616	234	0	38.968699	0	14	7	5.337984	4.220252	18.118394	11.292069	0	0
holistic	he543	235	0.945314	0.460666	1	3	1	0.460666	0	0	0	0.132153	8.738869
conventional	ce617	235	0	49.721496	0	14	7	2.735817	12.241262	21.232251	13.512166	0	0
conventional	ce618	235	0	16.692278	0	14	7	2.321941	1.727161	7.440736	5.202440	0.527086	0
holistic	he544	236	0	1.015692	0	3	9	0	0	1.015692	0	0	4.220965
conventional	ce619	236	0	16.629789	0	14	7	1.811028	2.069009	9.309216	3.440536	0	0
conventional	ce620	236	0	23.251102	0	14	7	3.092743	7.046591	7.197080	5.914688	0	0
holistic	he545	237	2.180182	19.147505	2	18	3	19.147505	0	0	0	0	0
holistic	he546	237	1.668926	11.908645	1	6	1	11.908645	0	0	0	0	3.018422
holistic	he547	238	0	0	0	0	0	0	0	0	0	0	0
holistic	he548	239	1.908199	5.970075	1	5	2	5.970075	0	0	0	0.157792	9.218947
conventional	ce621	239	0	18.245222	0	14	7	1.139157	0.899133	7.414030	8.792902	0	0
conventional	ce622	239	0	21.076033	0	14	7	3.207491	3.291668	11.271251	3.305623	0	0
conventional	ce623	239	0	14.589553	0	14	7	1.725644	1.545027	6.688479	4.630403	0	0
conventional	ce624	241	0	19.343069	0	14	7	2.908210	3.676319	8.925049	3.833491	0	0
conventional	ce625	241	0	11.309263	0	14	7	1.402998	1.356920	1.645306	6.904039	0	0
conventional	ce626	241	0	21.300112	0	14	7	3.142654	4.356092	9.282489	4.518877	0	0
conventional	ce627	241	0.546750	39.950240	1	14	7	7.116896	5.117610	19.970819	7.744915	0.280744	0
holistic	he549	242	2.180182	11.167640	2	12	2	11.167640	0	0	0	0	0
holistic	he550	242	0	0	0	0	0	0	0	0	0	0	0
conventional	ce628	242	0	16.743064	0	14	7	1.998441	1.604061	3.344978	9.795584	0	0
holistic	he551	244	3.623886	12.411382	2	12	2	12.411382	0	0	0	0	0
conventional	ce629	244	0	21.880560	0	14	7	4.983235	0.569383	7.554522	8.773420	0	0
conventional	ce630	244	0	15.728582	0	14	7	1.256912	1.155805	3.457223	9.858642	0	0
conventional	ce631	244	0	16.659293	0	14	7	1.033218	2.623440	7.642931	5.359704	1.474365	0
conventional	ce632	245	0	35.796996	0	14	7	7.712361	4.957983	17.087304	6.039348	0.588707	0
holistic	he552	246	1.574333	3.562382	1	5	2	3.562382	0	0	0	0.157792	8.802500
holistic	he553	248	0.064764	0.575493	1	7	10	0.575493	0	0	0	0.688638	8.707659
holistic	he554	248	1.535321	5.853324	1	3	1	5.853324	0	0	0	0	1.303578
holistic	he555	248	0.552016	7.550040	2	18	16	0	0	7.550040	0	0	7.463930
conventional	ce633	249	0	20.598405	0	14	7	4.983235	0.955258	6.862735	7.797177	0	0
conventional	ce634	250	0	40.326899	0	14	7	4.101663	3.156233	21.867402	11.201601	0	0
conventional	ce635	250	0	18.093469	0	14	7	1.494094	5.310678	6.458696	4.830001	0	0
conventional	ce636	251	0	20.744933	0	14	7	7.470656	0.755783	7.179931	5.338563	0	0
conventional	ce637	253	0	43.344081	0	14	7	5.345319	4.517475	21.340651	12.140636	2.335519	0
holistic	he556	254	0	0	0	0	0	0	0	0	0	0	0
conventional	ce638	254	0	36.605581	0	14	7	7.171079	5.635373	18.071507	5.727622	0.280744	0
conventional	ce639	254	0.186943	45.379701	1	14	7	6.473172	5.742408	21.356687	11.807434	0.280744	0
holistic	he557	255	0	9.737112	0	24	13	0	0	9.737112	0	0.685916	25.351223
holistic	he558	255	0	0	0	0	0	0	0	0	0	0	0
conventional	ce640	255	0	35.548115	0	14	7	5.690207	3.219092	15.865160	10.773656	0.924129	0
conventional	ce641	255	0	20.309851	0	14	7	1.485921	0.826040	9.026298	8.971592	0	0
conventional	ce642	256	0	20.403516	0	14	7	3.340710	5.532166	7.318232	4.212408	0	0
conventional	ce643	256	0	18.842819	0	14	7	0.943875	0.700564	8.026259	9.172121	0	0
conventional	ce644	256	0	20.160869	0	14	7	1.382246	2.683004	11.164967	4.930652	0	0
conventional	ce645	256	0	38.156440	0	14	7	4.369539	3.999564	19.602583	10.184754	0	0
conventional	ce646	256	0	17.181224	0	14	7	0.149418	1.631513	7.015733	8.384560	0	0
conventional	ce647	257	0	26.412868	0	14	7	4.927871	5.887445	10.833600	4.763952	0	0
holistic	he559	258	0	0	0	0	0	0	0	0	0	0	0
conventional	ce648	258	0	29.696689	0	14	7	3.880132	2.193511	16.115595	7.507451	0	0
conventional	ce649	258	0	16.725015	0	14	7	2.028506	4.089793	9.037790	1.568926	0	0
holistic	he560	259	0	0	0	0	0	0	0	0	0	0	0
conventional	ce650	259	0	20.199488	0	14	7	3.327338	1.245309	11.231230	4.395611	0	0
holistic	he561	260	1.949602	4.807578	1	3	1	4.807578	0	0	0	0.112167	2.243533
holistic	he562	260	1.313919	4.314899	1	3	1	4.314899	0	0	0	0	2.875956
conventional	ce651	260	0	17.545046	0	14	7	0.820741	3.519600	10.040940	3.163765	0	0
conventional	ce652	261	0	15.522431	0	14	7	0.969506	1.574203	2.713310	10.265412	0	0
holistic	he563	262	0	0	0	0	1	0	0	0	0	0	0
holistic	he564	262	0	0	0	0	9	0	0	0	0	0.685916	26.771422
conventional	ce653	262	0	18.975407	0	14	7	6.485605	1.952949	5.237743	5.299110	0	0
conventional	ce654	262	0	14.929564	0	14	7	0.749388	1.928813	3.069315	9.182048	0	0
holistic	he565	263	1.313919	3.290483	1	1	3	3.290483	0	0	0	0	2.598700
holistic	he566	263	0	4.554659	0	2	1	4.554659	0	0	0	0	0
holistic	he567	263	0	0	0	0	0	0	0	0	0	0	0
holistic	he568	263	0	0	0	0	0	0	0	0	0	0	0
holistic	he569	264	5.184459	28.868028	3	21	3	28.868028	0	0	0	1.017770	15.558824
holistic	he570	264	0	3.437097	0	9	16	0	0	3.437097	0	0	6.419849
conventional	ce655	264	0	18.114842	0	14	7	2.423186	2.279254	9.555287	3.857115	0.047717	0
conventional	ce656	264	0	18.667826	0	14	7	2.634209	2.812264	8.183624	5.037729	0.527086	0
conventional	ce657	264	0	12.606055	0	14	7	1.483726	0.322377	5.655339	5.144613	0	0
conventional	ce658	264	0	24.530627	0	14	7	5.351523	1.013498	7.285663	10.879943	0	0
conventional	ce659	264	0	17.296636	0	14	7	2.799818	2.250183	8.735592	3.511043	0	0
holistic	he571	265	0	5.089802	0	2	1	5.089802	0	0	0	0	0
conventional	ce660	265	0	16.249863	0	14	7	1.387380	1.685504	4.979398	8.197581	0	0
holistic	he572	266	0	0	0	0	0	0	0	0	0	0.337559	4.690690
holistic	he573	266	1.488284	10.994493	1	6	1	10.994493	0	0	0	0	6.133624
conventional	ce661	266	0	38.243386	0	14	7	4.433885	3.944120	19.893782	9.971599	0	0
conventional	ce662	266	0	42.840244	0	14	7	7.310090	6.231093	18.220002	11.079059	0	0
conventional	ce663	266	0	22.890114	0	14	7	2.109657	4.103425	12.914415	3.762617	0	0
conventional	ce664	266	0	20.355817	0	14	7	1.891736	2.973508	11.154700	4.335873	0	0
conventional	ce665	266	0	38.227666	0	14	7	7.108849	5.602719	18.699160	6.816938	0.280744	0
holistic	he574	267	2.084017	6.518543	1	3	2	6.518543	0	0	0	0.947988	3.553013
conventional	ce666	267	0	27.129132	0	14	7	5.285611	6.436442	11.512932	3.894147	0	0
conventional	ce667	267	0	20.924291	0	14	7	1.576672	4.714565	8.477759	6.155295	1.474365	0
holistic	he575	268	2.757206	10.539890	2	8	2	10.539890	0	0	0	0	0
holistic	he576	268	2.835942	3.428952	3	15	3	3.428952	0	0	0	0	12.351933
conventional	ce668	268	0	13.329067	0	14	7	1.420528	3.016461	6.661208	2.230870	0	0
conventional	ce669	268	0	15.960246	0	14	7	0.588095	3.333135	8.950922	3.088094	0	0
conventional	ce670	268	0	20.197316	0	14	7	0.970428	3.311632	9.218042	6.697214	0	0
conventional	ce671	268	0	18.914233	0	14	7	4.259788	4.426690	7.241157	2.986598	0	0
conventional	ce672	268	0	19.336651	0	14	7	1.473242	3.732563	10.190366	3.940480	0	0
conventional	ce673	268	0	39.511463	0	14	7	7.451415	6.327311	19.844713	5.888024	0.467987	0
holistic	he577	269	2.303644	12.929644	2	12	2	12.929644	0	0	0	0	0
holistic	he578	269	1.532522	1.106246	2	2	4	0	0	1.106246	0	1.514034	32.704404
holistic	he579	269	1.313919	3.281999	1	1	3	3.281999	0	0	0	0	2.598700
holistic	he580	269	0.552016	7.550040	2	18	16	0	0	7.550040	0	0	7.481166
holistic	he581	269	2.180182	11.653766	2	12	2	11.653766	0	0	0	0	0
holistic	he582	269	2.586860	8.678574	1	3	1	8.678574	0	0	0	0	2.243533
holistic	he583	269	0	0	0	0	0	0	0	0	0	0	0
conventional	ce674	269	0	28.202186	0	14	7	3.152315	7.438476	12.462674	5.148721	0.280744	0
conventional	ce675	269	0	39.888528	0	14	7	6.722687	7.575141	18.829358	6.761342	1.447478	0
holistic	he584	270	0.276008	2.964419	1	7	14	0	0	2.964419	0	0	2.580257
holistic	he585	270	1.384846	5.268660	1	3	1	5.268660	0	0	0	0	1.303578
holistic	he586	270	1.313919	4.516650	1	3	1	4.516650	0	0	0	0	4.596994
conventional	ce676	270	0	21.500345	0	14	7	4.754075	5.999550	8.590150	2.156570	0	0
conventional	ce677	270	0	14.581174	0	14	7	1.577687	2.388670	7.691240	2.923577	0	0
conventional	ce678	270	0	19.480504	0	14	7	0.880837	0.452964	12.117529	6.029174	0	0
conventional	ce679	270	0	57.518875	0	14	7	2.975616	11.768131	26.507635	16.267493	0	0
conventional	ce680	270	0.949261	15.492209	1	14	7	2.558639	1.534855	6.475491	4.923224	0.347875	0
conventional	ce681	270	0	39.997901	0	14	7	6.874159	1.842416	20.942162	10.339164	0.866726	0
holistic	he587	271	0	0	0	0	0	0	0	0	0	0	0
conventional	ce682	271	0	55.219604	0	14	7	9.503714	3.501659	26.278748	15.935483	0	0
conventional	ce683	271	0	17.789949	0	14	7	3.923687	4.234164	6.588618	3.043480	0	0
conventional	ce684	271	0	36.201773	0	14	7	7.474514	3.892616	18.191462	6.643181	0	0
holistic	he588	272	0	5.089802	0	2	1	5.089802	0	0	0	0	0
conventional	ce685	272	0	26.866667	0	14	7	5.313669	8.677309	6.120989	6.754700	0	0
conventional	ce686	272	0	26.272025	0	14	7	1.282556	1.536824	11.067544	12.385101	0	0
holistic	he589	273	0	0	0	0	0	0	0	0	0	0	0
holistic	he590	273	0	0	0	0	0	0	0	0	0	0	0
holistic	he591	273	0	0	0	0	0	0	0	0	0	0	0
holistic	he592	273	2.180182	15.091452	2	18	3	15.091452	0	0	0	0	0
holistic	he593	273	0	9.737112	0	24	13	0	0	9.737112	0	0.685916	22.999769
holistic	he594	273	4.195611	34.482963	3	30	3	34.482963	0	0	0	0.845569	9.632890
conventional	ce687	273	0	19.551844	0	14	7	1.107087	7.114250	6.946357	4.384150	0	0
conventional	ce688	273	0	14.824079	0	14	7	0.337739	0.576368	5.838656	8.071316	0	0
holistic	he595	274	0	0	0	0	0	0	0	0	0	0	5.383455
conventional	ce689	274	0	25.232744	0	14	7	2.713545	3.935391	13.220584	5.363224	0	0
conventional	ce690	274	0	49.313516	0	14	7	4.629538	2.204446	26.632162	15.847370	0	0
conventional	ce691	274	0	46.060246	0	14	7	9.051201	9.016415	20.312162	7.680468	1.558839	0
conventional	ce692	274	0	19.243856	0	14	7	3.321408	2.854720	9.136526	3.931202	0	0
conventional	ce693	274	0	37.220998	0	14	7	1.574733	3.679699	22.283802	9.682764	0	0
holistic	he596	275	0.129528	0.083762	2	2	12	0.083762	0	0	0	0	8.581402
holistic	he597	275	3.337852	23.252490	2	24	3	23.252490	0	0	0	0	5.209376
holistic	he598	275	0	0	0	0	0	0	0	0	0	0	0
holistic	he599	276	0	1.393236	0	9	9	0	0	1.393236	0	1.028874	24.933738
holistic	he600	276	2.180182	9.344086	2	8	2	9.344086	0	0	0	0	0
holistic	he601	276	3.941757	8.739771	3	15	3	8.739771	0	0	0	0	8.687436
holistic	he602	276	0.552016	0.552016	2	2	14	0	0	0.552016	0	0	7.137546
holistic	he603	276	1.574333	6.962582	1	9	4	6.962582	0	0	0	1.626708	18.737118
holistic	he604	276	2.586860	8.338785	1	3	1	8.338785	0	0	0	0	2.243533
conventional	ce694	276	0	25.637510	0	14	7	5.182759	4.590895	12.104156	3.759700	0.047717	0
holistic	he605	277	0	0	0	0	0	0	0	0	0	0	0
holistic	he606	277	3.337852	9.710484	2	16	14	9.710484	0	0	0	0	7.089431
holistic	he607	277	6.591984	40.312611	3	30	5	40.312611	0	0	0	0.300976	17.288741
holistic	he608	277	0	0	0	0	2	0	0	0	0	0	0
holistic	he609	277	0.552016	0.552016	2	2	14	0	0	0.552016	0	0	9.036657
conventional	ce695	277	0	21.769068	0	14	7	3.943587	2.632945	9.759954	5.432582	0.047717	0
conventional	ce696	277	0	20.674135	0	14	7	2.698102	6.660146	8.471368	2.844519	0	0
conventional	ce697	277	0	20.947140	0	14	7	7.299660	1.342784	6.344253	5.960443	0	0
conventional	ce698	278	0.619434	27.024515	1	14	7	7.878144	1.063747	9.663196	8.419428	1.913595	0
conventional	ce699	278	0	20.695241	0	14	7	4.010256	4.277072	8.947762	3.460151	0	0
conventional	ce700	278	0	37.615160	0	14	7	3.583521	10.440658	16.887654	6.703327	0.727719	0
holistic	he610	279	1.672041	7.276431	1	5	1	7.276431	0	0	0	0	4.014967
holistic	he611	279	0	0	0	0	3	0	0	0	0	0	0
conventional	ce701	279	0	20.444696	0	14	7	1.621335	1.402643	11.338593	6.082125	0	0
conventional	ce702	279	0	25.446151	0	14	7	2.355541	4.567847	13.075059	5.447704	0	0
holistic	he612	280	1.574333	3.523595	1	5	2	3.523595	0	0	0	0.157792	8.802500
holistic	he613	280	1.693958	4.353646	1	1	5	4.353646	0	0	0	0	2.875956
holistic	he614	280	1.260919	5.408839	1	3	1	5.408839	0	0	0	0	4.559587
holistic	he615	280	1.949602	4.921248	1	3	1	4.921248	0	0	0	0.072473	0
holistic	he616	280	0	0	0	0	0	0	0	0	0	0	0
conventional	ce703	280	0	16.974725	0	14	7	1.693282	1.410651	9.120405	4.750387	0.650384	0
conventional	ce704	280	0	15.935615	0	14	7	1.125242	0.720288	5.940596	8.149489	1.164683	0
conventional	ce705	280	0	9.397913	0	14	7	1.229525	1.027951	1.715922	5.424515	0	0
holistic	he617	281	1.387996	4.505946	1	2	5	4.505946	0	0	0	0	2.626723
holistic	he618	281	1.313919	2.755304	1	1	1	2.755304	0	0	0	0	2.598700
holistic	he619	282	0	17.020696	0	24	18	0	0	17.020696	0	0.222696	24.485246
conventional	ce706	282	0	13.767454	0	14	7	1.646770	1.811450	6.486446	3.822788	0	0
conventional	ce707	282	0	45.772374	0	14	7	3.808904	3.474355	25.810997	12.678118	0	0
conventional	ce708	282	0	37.461216	0	14	7	3.913114	4.095746	20.634236	8.818120	0	0
holistic	he620	283	5.184459	27.810198	3	21	3	27.810198	0	0	0	1.017770	15.558824
holistic	he621	283	1.949602	4.148572	1	3	1	4.148572	0	0	0	0.112167	2.243533
holistic	he622	283	1.273878	9.315716	2	6	6	6.736608	0	2.579108	0	0	0
conventional	ce709	283	0	25.480288	0	14	7	4.717542	5.788513	11.205065	3.769168	0	0
conventional	ce710	283	0	42.038384	0	14	7	5.381038	4.489756	21.421730	10.745860	0	0
conventional	ce711	283	0	41.808034	0	14	7	5.557225	4.829968	19.842947	11.577894	0	0
holistic	he623	284	1.535321	7.121550	1	3	2	7.121550	0	0	0	0	1.303578
holistic	he624	284	2.088464	4.760898	1	3	2	4.760898	0	0	0	0.157792	8.802500
holistic	he625	284	0.552016	0.552016	2	2	6	0	0	0.552016	0	0	11.709442
holistic	he626	284	4.454742	12.994312	2	22	20	0	0	12.994312	0	0	7.463930
conventional	ce712	284	0.393895	47.518412	1	14	7	4.154553	8.901358	22.098208	12.364293	0.280744	0
conventional	ce713	285	0	20.047616	0	14	7	1.310212	1.896771	6.372182	10.468451	0.609609	0
conventional	ce714	285	0	19.283129	0	14	7	2.017261	4.660437	6.611813	5.993618	0	0
conventional	ce715	286	0	29.872297	0	14	7	3.864926	4.216150	15.235949	6.555272	0	0
conventional	ce716	286	0	24.755261	0	14	7	5.385608	8.697667	3.822111	6.849875	0	0
holistic	he627	287	0	0	0	0	9	0	0	0	0	2.491574	30.138782
conventional	ce717	287	0	20.269054	0	14	7	6.505871	4.537097	7.459322	1.766764	0	0
holistic	he628	288	0	0	0	0	0	0	0	0	0	0	0
conventional	ce718	288	0	26.483669	0	14	7	5.537179	5.967074	11.008949	3.970467	0.573777	0
conventional	ce719	288	0.393895	46.204063	1	14	7	4.421804	7.820698	22.573993	11.387568	0.280744	0
holistic	he629	289	0	8.859663	0	15	15	0	0	8.859663	0	0.222696	24.485246
conventional	ce720	289	0	43.761631	0	14	7	5.642497	4.879580	21.055405	12.184149	0	0
conventional	ce721	289	0	23.267891	0	14	7	0.423581	6.034165	11.337167	5.472978	0	0
holistic	he630	290	2.227371	6.302736	1	7	16	0	0	6.302736	0	0	3.673103
holistic	he631	290	1.908199	5.499585	1	5	2	5.499585	0	0	0	0.157792	8.863960
holistic	he632	290	0	0	0	0	0	0	0	0	0	0	0
holistic	he633	291	1.123490	3.316270	2	2	10	3.316270	0	0	0	0	8.076100
holistic	he634	291	0	0	0	0	0	0	0	0	0	0	0
conventional	ce722	291	0	14.621628	0	14	7	1.187001	0.899232	4.205637	8.329758	0	0
conventional	ce723	291	0	16.457246	0	14	7	4.894923	5.041777	5.517721	1.002825	0	0
holistic	he635	292	0	0	0	0	0	0	0	0	0	0	0
holistic	he636	292	0	0	0	0	0	0	0	0	0	0	0
holistic	he637	292	0	0.517844	0	8	5	0.517844	0	0	0	0	0
conventional	ce724	292	0.892598	15.327411	1	14	7	2.516540	1.503948	5.809686	5.497237	0.347875	0
conventional	ce725	292	0	41.318964	0	14	7	4.220575	2.696694	21.338840	13.062855	0	0
conventional	ce726	293	0	23.813549	0	14	7	4.974916	4.897011	10.304720	3.636902	0.509937	0
conventional	ce727	293	0.393895	48.034010	1	14	7	4.265833	8.965554	23.595822	11.206801	0.280744	0
conventional	ce728	293	0	18.879415	0	14	7	0.620758	3.247373	10.407827	4.603457	0	0
holistic	he638	294	3.456306	17.065416	2	12	2	17.065416	0	0	0	1.017770	11.856542
conventional	ce729	294	0	57.026790	0	14	7	9.575119	3.410038	25.831801	18.209832	1.890213	0
holistic	he639	295	4.942578	9.099108	3	3	3	9.099108	0	0	0	0	13.898544
conventional	ce730	295	0	22.366389	0	14	7	3.102020	2.443617	13.380688	3.440064	0	0
conventional	ce731	295	0.619434	31.473702	1	14	7	8.196250	2.331169	12.390043	8.556240	1.913595	0
conventional	ce732	295	0	42.972851	0	14	7	3.180042	3.639028	19.208964	16.944817	0	0
conventional	ce733	295	0.949261	17.632702	1	14	7	4.200514	1.547737	6.986197	4.898254	0.347875	0
holistic	he640	296	2.518731	8.725314	1	5	1	8.725314	0	0	0	0	2.243533
holistic	he641	296	0	4.556493	0	2	1	4.556493	0	0	0	0	0
conventional	ce734	296	0	21.369292	0	14	7	5.212140	6.154058	7.623394	2.379700	0	0
holistic	he642	297	0.276008	5.804588	1	7	15	0	0	5.804588	0	0	3.349929
holistic	he643	297	0	0.427086	0	2	7	0	0	0.427086	0	0.342958	3.013852
conventional	ce735	297	0	44.348242	0	14	7	8.557919	8.070443	19.372496	8.347384	1.558839	0
holistic	he644	298	0	0	0	0	0	0	0	0	0	0	0
conventional	ce736	298	0	19.867115	0	14	7	1.780115	5.611131	6.165694	6.310175	0	0
conventional	ce737	298	0	23.943091	0	14	7	4.741544	6.004266	9.782845	3.414436	0	0
holistic	he645	299	0	0	0	0	0	0	0	0	0	0	0
holistic	he646	299	0	9.737112	0	24	13	0	0	9.737112	0	0.731504	27.389565
conventional	ce738	299	0	26.741629	0	14	7	5.754828	6.137637	11.650063	3.199101	0	0
holistic	he647	300	5.184459	27.344766	3	21	3	27.344766	0	0	0	1.017770	6.823932
holistic	he648	300	1.832132	4.954894	1	1	3	4.954894	0	0	0	0	2.937763
holistic	he649	300	0	0	0	0	3	0	0	0	0	1.377276	8.833916
holistic	he650	301	0.276008	4.994480	1	7	15	0	0	4.994480	0	0	3.895095
conventional	ce739	301	0	19.611005	0	14	7	5.332601	4.857532	6.924732	2.496140	0	0
holistic	he651	302	4.454742	37.379398	2	26	15	0	0	37.379398	0	0	13.234190
conventional	ce740	302	0	22.692391	0	14	7	5.363305	0.592532	8.104089	8.632465	0	0
holistic	he652	304	0	0	0	0	2	0	0	0	0	0.300976	30.582509
conventional	ce741	304	0	25.445843	0	14	7	0.965170	8.738439	8.480844	7.261390	0	0
conventional	ce742	304	0	23.546058	0	14	7	4.423730	5.252533	11.356659	2.513136	0	0
conventional	ce743	304	0	34.857803	0	14	7	5.918889	2.510924	16.961648	9.466342	0.768279	0
holistic	he653	305	0	17.020696	0	24	18	0	0	17.020696	0	0.222696	24.485246
conventional	ce744	305	0	23.587371	0	14	7	1.240169	3.030198	13.531871	5.785133	0	0
holistic	he654	306	6.265392	27.262959	3	15	3	27.262959	0	0	0	0.845569	16.228735
holistic	he655	308	2.586860	8.527624	1	3	1	8.527624	0	0	0	0	2.494528
holistic	he656	308	1.313919	2.738860	1	1	3	2.738860	0	0	0	0	2.357003
holistic	he657	308	0	0	0	0	0	0	0	0	0	0	0
holistic	he658	309	0	0	0	0	0	0	0	0	0	0	0
conventional	ce745	310	0	42.141868	0	14	7	4.186908	2.727511	22.815790	12.411659	0	0
conventional	ce746	310	0	19.725140	0	14	7	4.539548	0.411517	6.800105	7.973970	0	0
conventional	ce747	311	0	15.376715	0	14	7	0.395483	3.026955	8.479394	3.474883	0	0
conventional	ce748	312	0	17.597160	0	14	7	0.854462	1.743531	6.313379	8.685788	0	0
holistic	he659	313	0.276008	7.952870	1	7	15	0	0	7.952870	0	0	3.349929
conventional	ce749	313	0	17.613739	0	14	7	1.854106	2.707142	10.274946	2.777545	0	0
conventional	ce750	314	1.157065	35.906308	1	14	7	6.456300	2.278259	20.437682	6.734067	0.866726	0
conventional	ce751	314	0	36.451207	0	14	7	6.049839	3.485359	19.945521	6.970488	1.443577	0
holistic	he660	315	2.757206	9.711460	2	8	2	9.711460	0	0	0	0	0
conventional	ce752	315	0.393895	43.219234	1	14	7	0.735951	8.841868	21.580025	12.061390	0.703764	0
conventional	ce753	316	0	25.469518	0	14	7	1.191309	6.543234	10.337603	7.397372	0	0
conventional	ce754	316	0	27.494241	0	14	7	5.557679	8.324701	6.090393	7.521468	0	0
conventional	ce755	316	0	34.324754	0	14	7	6.776908	7.452373	13.746254	6.349219	0	0
conventional	ce756	316	0	24.957312	0	14	7	4.863887	5.364518	12.078100	2.650807	0	0
conventional	ce757	316	0	20.778798	0	14	7	3.839846	2.866972	8.607554	5.464426	0.047717	0
conventional	ce758	317	0	61.418943	0	14	7	8.624383	4.188248	29.252124	19.354188	1.890213	0
conventional	ce759	318	0	13.576353	0	14	7	1.940798	1.860570	7.265759	2.509226	0	0
conventional	ce760	318	0	46.081268	0	14	7	7.966634	3.309607	23.740310	11.064717	0.866726	0
conventional	ce761	318	0	31.109498	0	14	7	3.509274	3.553589	15.402724	8.643911	1.512814	0
conventional	ce762	318	0	19.412539	0	14	7	5.526230	6.202899	2.760656	4.922754	0	0
holistic	he661	319	0	0	0	0	0	0	0	0	0	0	0
holistic	he662	320	0	0	0	0	0	0	0	0	0	0	0
holistic	he663	320	0.276008	10.255493	1	7	15	0	0	10.255493	0	0	4.812631
conventional	ce763	320	0	32.617234	0	14	7	5.977260	1.636163	16.328794	8.675017	0.768279	0
conventional	ce764	320	0	19.761875	0	14	7	4.143200	7.287907	7.704964	0.625804	0.123804	0
conventional	ce765	320	0	17.721257	0	14	7	1.585284	3.089276	9.123133	3.923564	1.512814	0
conventional	ce766	320	0	18.549137	0	14	7	1.800688	5.196341	9.051548	2.500560	0	0
holistic	he664	321	3.941757	38.673717	3	9	9	38.673717	0	0	0	0	5.036094
conventional	ce767	321	0	15.429283	0	14	7	0.583129	1.978904	9.128041	3.739209	0.047717	0
holistic	he665	322	5.184459	28.492878	3	21	3	28.492878	0	0	0	1.017770	7.765676
holistic	he666	323	0	0	0	0	0	0	0	0	0	0	0
holistic	he667	323	1.104032	1.104032	4	4	14	0	0	1.104032	0	0	6.515498
holistic	he668	323	0	2.090184	0	2	1	2.090184	0	0	0	0	0
holistic	he669	323	2.255635	8.710966	1	5	4	8.710966	0	0	0	0	1.885223
conventional	ce768	323	0	14.529397	0	14	7	0.685178	1.845994	2.563461	9.434764	0	0
holistic	he670	324	0	61.068608	0	24	6	0	0	61.068608	0	0	0
conventional	ce769	324	0	38.978140	0	14	7	6.851841	3.386601	18.845884	9.893814	0.866726	0
conventional	ce770	324	0.393895	46.393631	1	14	7	1.569892	9.019881	24.441502	11.362356	0.245352	0
holistic	he671	325	1.313919	2.967238	1	1	1	2.967238	0	0	0	0	2.598700
holistic	he672	325	3.337852	27.865698	2	30	3	27.865698	0	0	0	0	5.209376
conventional	ce771	325	0	22.563513	0	14	7	3.740638	4.102481	9.820930	4.899464	1.512814	0
conventional	ce772	325	0	37.699874	0	14	7	5.265995	4.501453	18.905959	9.026467	0	0
conventional	ce773	325	0	22.297340	0	14	7	3.944188	5.742640	8.823959	3.786553	1.349758	0
holistic	he673	326	5.184459	26.664057	3	21	3	26.664057	0	0	0	1.017770	6.823932
holistic	he674	326	0	0	0	0	0	0	0	0	0	0	0
holistic	he675	326	5.173720	18.162968	2	8	2	18.162968	0	0	0	0	4.487066
conventional	ce774	326	0	20.162785	0	14	7	5.678954	4.608792	6.744571	3.130468	0	0
conventional	ce775	326	0	27.634400	0	14	7	5.522926	5.746953	13.427002	2.937519	0	0
holistic	he676	327	0.552016	7.550040	2	18	16	0	0	7.550040	0	0	8.637410
holistic	he677	328	1.384846	5.987581	1	3	1	5.987581	0	0	0	0	0.889558
holistic	he678	328	2.586860	17.889848	1	10	2	17.889848	0	0	0	0	2.243533
conventional	ce776	328	0	21.526537	0	14	7	4.479517	4.277072	9.101530	3.668418	0	0
holistic	he679	329	0	0	0	0	2	0	0	0	0	0.300976	29.315107
holistic	he680	329	5.260332	28.765916	3	56	5	28.765916	0	0	0	1.350236	23.931449
holistic	he681	329	0.225019	0.225019	1	1	16	0	0	0.225019	0	0	6.697676
holistic	he682	329	0	0	0	0	0	0	0	0	0	0	0
conventional	ce777	329	0	11.104884	0	14	7	0.296368	1.798508	6.307741	2.702267	0	0
holistic	he683	330	0	0	0	0	0	0	0	0	0	0	0
holistic	he684	330	4.722999	33.981843	3	27	7	33.981843	0	0	0	1.223492	22.521166
holistic	he685	330	3.764091	27.177126	5	25	12	23.202996	0	3.974130	0	0	0
conventional	ce778	330	0	49.014555	0	14	7	8.890938	12.629403	20.277538	7.216676	1.558839	0
conventional	ce779	330	0	14.938651	0	14	7	1.712278	2.012948	6.486026	4.727399	0.148664	0
conventional	ce780	330	0	21.222392	0	14	7	5.545273	5.357181	7.637958	2.681980	1.810588	0
conventional	ce781	330	0	21.659959	0	14	7	0.315329	5.494980	10.216280	5.633370	0	0
conventional	ce782	330	0	37.447072	0	14	7	8.379471	1.167664	21.823039	6.076898	1.221678	0
holistic	he686	331	0	0	0	0	1	0	0	0	0	0	0
conventional	ce783	331	0	47.404670	0	14	7	7.992968	10.052443	22.614317	6.744942	1.558839	0
conventional	ce784	331	0	29.519391	0	14	7	6.023974	1.764947	13.317135	8.413335	0.768279	0
conventional	ce785	332	0	20.262184	0	14	7	3.931000	5.488285	7.214393	3.628506	0	0
conventional	ce786	332	0	23.844364	0	14	7	5.521009	0.669213	9.019252	8.634890	0	0
holistic	he687	333	0	0	0	0	0	0	0	0	0	0	0
holistic	he688	334	3.337852	26.827947	2	24	3	26.827947	0	0	0	0	5.209376
conventional	ce787	334	0	45.627466	0	14	7	4.779962	3.865454	22.364768	14.617282	0	0
conventional	ce788	334	0	25.081986	0	14	7	1.968619	5.973803	11.965031	5.174533	0	0
conventional	ce789	334	0	24.391363	0	14	7	5.243188	7.392699	7.673800	4.081676	0	0
holistic	he689	335	6.912612	39.221511	4	30	6	39.221511	0	0	0	0	0
holistic	he690	335	1.949602	5.424341	1	3	1	5.424341	0	0	0	0	2.087845
holistic	he691	335	1.384846	6.108987	1	5	1	6.108987	0	0	0	0	1.522441
conventional	ce790	335	0	38.731143	0	14	7	9.465717	1.453770	21.966895	5.844761	1.060426	0
holistic	he692	336	0.276008	5.804588	1	7	15	0	0	5.804588	0	0	5.447139
holistic	he693	336	8.001950	44.209410	4	42	18	10.219456	0	33.989954	0	0	3.904948
holistic	he694	336	0	0	0	0	2	0	0	0	0	0.300976	32.528626
holistic	he695	336	1.455798	5.821312	1	1	5	5.821312	0	0	0	0	2.937763
holistic	he696	336	0	2.859264	0	8	12	0	0	2.859264	0	0	8.211426
holistic	he697	336	1.574333	4.134408	1	7	2	4.134408	0	0	0	0.069303	8.775528
conventional	ce791	336	0	16.420161	0	14	7	1.165762	7.105469	5.916018	2.232912	2.011108	0
conventional	ce792	336	0	26.397746	0	14	7	4.596831	5.561011	12.286803	3.953101	0	0
holistic	he698	337	0.276008	8.891678	1	7	15	0	0	8.891678	0	0	3.027139
holistic	he699	337	1.949602	4.085475	1	3	1	4.085475	0	0	0	0.112167	2.243533
holistic	he700	337	0	0	0	0	0	0	0	0	0	0	0
holistic	he701	337	2.088464	4.922576	1	5	3	4.922576	0	0	0	0.315584	13.647095
conventional	ce793	337	0	25.301550	0	14	7	4.486059	5.117559	11.922929	3.775003	1.512814	0
conventional	ce794	337	0	42.237901	0	14	7	5.883222	4.051228	21.020552	11.282899	0.010372	0
holistic	he702	338	0	0	0	0	0	0	0	0	0	0	0
holistic	he703	338	2.757206	9.241418	2	8	2	9.241418	0	0	0	0	0
conventional	ce795	338	0	22.144955	0	14	7	4.054988	8.252480	8.216779	1.620708	0.123804	0
conventional	ce796	338	1.157065	34.164172	1	14	7	6.452417	4.430829	16.038997	7.241929	0.866726	0
conventional	ce797	338	0	30.738112	0	14	7	4.123165	6.433473	13.436778	6.744696	0.768279	0
conventional	ce798	338	0	18.350250	0	14	7	1.341592	3.561546	8.707091	4.740021	1.512814	0
holistic	he704	339	0	0.343914	0	2	2	0.343914	0	0	0	0	0
holistic	he705	339	0	0	0	0	0	0	0	0	0	0	19.117635
conventional	ce799	339	0.393895	48.834578	1	14	7	1.278265	10.761150	24.513065	12.282098	0.789100	0
conventional	ce800	339	0	30.565278	0	14	7	3.881725	2.557457	14.965516	9.160580	2.335223	0
conventional	ce801	339	0	32.237174	0	14	7	7.027470	2.896132	15.010592	7.302980	1.512814	0
conventional	ce802	339	0	18.447049	0	14	7	1.013565	1.267534	4.242172	11.923778	0	0
holistic	he706	340	0	0	0	0	0	0	0	0	0	0	0
holistic	he707	340	1.832132	4.954894	1	1	3	4.954894	0	0	0	0	3.082574
conventional	ce803	340	0	15.968934	0	14	7	2.153075	5.178712	6.265566	2.371581	0.123804	0
conventional	ce804	340	0	32.833052	0	14	7	7.201741	6.663741	14.755678	4.211892	0	0
conventional	ce805	340	0	31.247442	0	14	7	6.521548	2.249129	13.145005	9.331760	0.768279	0
conventional	ce806	340	0	38.734558	0	14	7	3.936853	4.571908	19.716362	10.509435	0	0
holistic	he708	341	0.552016	0.552016	2	2	6	0	0	0.552016	0	0	12.937826
holistic	he709	341	0	0	0	0	13	0	0	0	0	0.731504	28.680207
holistic	he710	341	6.933316	10.367084	4	12	4	10.367084	0	0	0	0	17.193864
holistic	he711	341	0	0	0	0	0	0	0	0	0	0	0
holistic	he712	342	0	20.328552	0	21	3	20.328552	0	0	0	0	0
conventional	ce807	342	1.049803	22.343797	1	14	7	6.017161	5.199974	7.478851	3.647811	0	0
conventional	ce808	342	0	18.028509	0	14	7	2.345542	5.436886	5.433852	4.812229	0	0
conventional	ce809	342	0	28.861479	0	14	7	4.217508	6.194479	11.649074	6.800418	2.068974	0
conventional	ce810	342	0	25.876899	0	14	7	5.656414	7.583868	8.871947	3.764670	0	0
conventional	ce811	342	0	27.463369	0	14	7	6.511574	3.729114	13.618973	3.603708	0	0
holistic	he713	343	0	0	0	0	0	0	0	0	0	0	0
holistic	he714	343	1.104032	1.104032	4	4	14	0	0	1.104032	0	0	6.515498
holistic	he715	343	1.639944	6.979276	1	3	2	6.979276	0	0	0	0	1.300467
holistic	he716	343	0	0	0	0	0	0	0	0	0	0	0
holistic	he717	343	0	21.160900	0	16	11	21.160900	0	0	0	0	0
conventional	ce812	343	0.393895	46.194192	1	14	7	3.965602	7.678219	22.324231	12.226140	0.452831	0
conventional	ce813	343	0	26.755206	0	14	7	5.415769	7.233433	9.621062	4.484942	0	0
holistic	he718	344	0	0	0	0	3	0	0	0	0	0.240102	23.952147
holistic	he719	344	0	0	0	0	4	0	0	0	0	0.601952	35.899186
holistic	he720	344	0	0	0	0	2	0	0	0	0	3.712794	22.193495
holistic	he721	344	0	11.812884	0	20	18	0	0	11.812884	0	0.222696	24.859571
holistic	he722	344	5.184459	26.813343	3	20	4	26.813343	0	0	0	0.508885	3.902822
holistic	he723	344	1.574333	5.770421	1	7	2	5.770421	0	0	0	0.069303	9.317177
conventional	ce814	344	0	18.998981	0	14	7	2.554277	4.657025	6.337794	5.449885	0	0
conventional	ce815	344	0	33.245307	0	14	7	5.437626	6.944239	14.064045	6.799397	1.512814	0
conventional	ce816	344	0	11.475072	0	14	7	0.263955	2.214199	5.853045	3.143873	0	0
conventional	ce817	344	0	41.476995	0	14	7	9.117176	2.204425	20.688122	9.467272	0.866726	0
holistic	he724	345	0.276008	5.804588	1	7	15	0	0	5.804588	0	0	3.275570
conventional	ce818	345	0	23.420823	0	14	7	5.024843	0.438444	8.955096	9.002440	0	0
conventional	ce819	345	0.393895	48.490034	1	14	7	9.185422	8.595192	21.721060	8.988360	0.280744	0
conventional	ce820	345	0	23.284250	0	14	7	5.816762	8.209881	5.347016	3.910591	0	0
conventional	ce821	345	1.201517	36.279781	1	14	7	5.887478	2.516994	16.885748	10.989561	0	0
holistic	he725	346	0	9.162513	0	15	15	0	0	9.162513	0	0.222696	24.261196
holistic	he726	346	5.173720	18.736626	2	8	2	18.736626	0	0	0	0	4.487066
conventional	ce822	346	0	47.307887	0	14	7	8.557919	8.425038	19.434890	10.890040	1.558839	0
conventional	ce823	346	0.393895	47.669635	1	14	7	1.496949	9.405616	25.464677	11.302393	0.548422	0
holistic	he727	347	0	0.202379	0	2	1	0.202379	0	0	0	0	0
holistic	he728	347	0	0	0	0	0	0	0	0	0	0	0
holistic	he729	347	3.148666	28.950218	2	18	7	28.950218	0	0	0	1.888374	16.956266
conventional	ce824	347	0	18.542742	0	14	7	4.281648	0.511796	7.500200	6.249098	0	0
holistic	he730	348	1.104032	1.104032	4	4	14	0	0	1.104032	0	0	6.892526
holistic	he731	348	0.276008	4.460795	1	4	15	0	0	4.460795	0	0	4.656722
conventional	ce825	348	0	24.075119	0	14	7	4.660015	6.054879	9.812152	3.548073	0	0
holistic	he732	349	1.178262	5.603941	1	3	1	5.603941	0	0	0	0	1.205028
holistic	he733	349	0.552016	10.408340	2	13	18	0	0.504072	9.904268	0	0	0.910595
conventional	ce826	349	0	25.117650	0	14	7	5.602432	6.002065	9.946588	3.566565	0.866726	0
conventional	ce827	349	0.538699	28.000798	1	14	7	1.590319	2.881687	15.820119	7.708673	0	0
conventional	ce828	349	0	62.293795	0	14	7	8.729570	4.684933	35.086373	13.792919	1.794217	0
holistic	he734	350	0	0	0	0	0	0	0	0	0	0	0
holistic	he735	350	0	0	0	0	1	0	0	0	0	0	0
conventional	ce829	350	0	24.908431	0	14	7	5.235423	0.655047	11.105664	7.912297	0	0
conventional	ce830	350	0	24.908620	0	14	7	1.716737	2.734161	13.821458	6.636264	0	0
conventional	ce831	350	0	24.448440	0	14	7	5.228014	3.956809	10.752062	4.511555	1.512814	0
holistic	he736	351	0.396700	0.034787	1	1	3	0.034787	0	0	0	0	2.357003
holistic	he737	351	0	0	0	0	2	0	0	0	0	0.561482	15.242668
holistic	he738	351	0.450038	1.529306	2	4	4	0	0	1.529306	0	0	0
conventional	ce832	351	0	30.888134	0	14	7	6.230624	0.844977	13.529734	10.282799	0	0
conventional	ce833	352	1.201517	36.884702	1	14	7	5.936951	4.002505	18.454469	8.490777	0	0
conventional	ce834	352	0	23.917074	0	14	7	1.675295	3.589802	14.010883	4.641094	1.761138	0
conventional	ce835	352	0	38.718762	0	14	7	8.968329	1.683132	20.883793	7.183508	1.060426	0
holistic	he739	353	0	0	0	0	13	0	0	0	0	0.731504	27.162060
holistic	he740	353	0	0	0	0	0	0	0	0	0	0.508885	3.079046
conventional	ce836	353	0	49.758903	0	14	7	3.722099	5.380106	28.595628	12.061070	0	0
conventional	ce837	353	0	28.539733	0	14	7	4.732851	6.150925	13.029497	4.626460	0	0
conventional	ce838	353	0	40.327492	0	14	7	8.800109	2.426859	21.262038	7.838486	0.866726	0
holistic	he741	354	3.456306	13.970368	2	6	6	11.628398	0	2.341970	0	0	0
holistic	he742	354	0	0	0	0	0	0	0	0	0	0	0
conventional	ce839	354	0.393895	49.949007	1	14	7	2.893578	8.576509	26.837344	11.641576	0.245352	0
conventional	ce840	354	0	30.416802	0	14	7	4.677300	3.203202	13.619020	8.917280	0	0
conventional	ce841	354	0	25.555749	0	14	7	6.079347	0.718460	9.012242	9.745700	1.512814	0
holistic	he743	355	4.252892	4.252892	7	7	14	3.148860	0	1.104032	0	0	6.703478
conventional	ce842	356	0	28.069551	0	14	7	0.183221	3.186956	8.467543	16.231831	0	0
holistic	he744	357	0.396700	1.663579	1	1	1	1.663579	0	0	0	0	2.357003
holistic	he745	357	0.225019	0.225019	1	1	8	0	0	0.225019	0	0	7.561108
conventional	ce843	357	0	42.759768	0	14	7	4.102528	4.226984	22.746144	11.684112	0	0
conventional	ce844	357	0.463658	22.500524	1	14	7	5.627427	7.359164	8.372253	1.141680	0.413800	0
holistic	he746	358	0	0	0	0	0	0	0	0	0	0	0
holistic	he747	358	0	0.493166	0	1	1	0.493166	0	0	0	0	0
conventional	ce845	358	0.069994	48.351706	1	14	7	2.041052	11.105565	21.986547	13.218542	0.789100	0
conventional	ce846	358	1.157065	43.507293	1	14	7	7.598825	4.752677	21.517387	9.638404	0.866726	0
holistic	he748	359	5.260332	30.601982	3	56	5	30.601982	0	0	0	0.690956	23.115465
holistic	he749	359	0.225019	4.484383	1	7	6	0	4.259364	0.225019	0	0	0.844227
conventional	ce847	359	1.157065	36.082343	1	14	7	6.017571	2.694973	20.621957	6.747842	0.866726	0
holistic	he750	360	0.888306	3.236367	1	1	1	3.236367	0	0	0	0	2.357003
holistic	he751	360	0	0	0	0	2	0	0	0	0	0.300976	29.952557
holistic	he752	360	1.104032	1.104032	4	4	10	0	0	1.104032	0	0	19.100800
holistic	he753	360	1.384846	6.518285	1	3	1	6.518285	0	0	0	0	1.585880
holistic	he754	360	5.260332	24.803542	3	56	6	24.803542	0	0	0	1.350236	24.899153
holistic	he755	360	0	0	0	0	0	0	0	0	0	0	0
holistic	he756	360	1.104032	1.104032	4	4	14	0	0	1.104032	0	0	2.717276
holistic	he757	360	0	22.517794	0	24	4	22.517794	0	0	0	0	0
holistic	he758	360	1.473675	4.639018	1	3	3	4.639018	0	0	0	0	2.357003
holistic	he759	360	1.384382	5.184255	1	3	1	5.184255	0	0	0	0	0.889558
holistic	he760	360	0	10.665404	0	14	4	10.665404	0	0	0	0	0
holistic	he761	360	0	0	0	0	0	0	0	0	0	0.675118	11.057560
holistic	he762	360	8.566178	43.747362	6	44	18	10.219456	0	33.527906	0	0	3.526078
holistic	he763	360	5.184459	34.564512	3	30	6	34.564512	0	0	0	1.526655	10.151079
holistic	he764	360	0	1.203699	0	7	7	1.203699	0	0	0	0	0
holistic	he765	360	1.949602	4.042668	1	3	1	4.042668	0	0	0	0.224334	2.243533
holistic	he766	360	0	0	0	0	0	0	0	0	0	0	0
holistic	he767	360	0.182389	1.887462	1	1	3	1.887462	0	0	0	0	2.357003
holistic	he768	360	5.173720	16.353792	2	12	4	16.353792	0	0	0	0	5.365848
holistic	he769	360	0.276008	4.460795	1	4	17	0	0	4.460795	0	0	4.656722
holistic	he770	360	0	0	0	0	0	0	0	0	0	0	0
holistic	he771	360	5.133402	42.937236	3	33	8	42.937236	0	0	0	1.835238	27.334050
conventional	ce848	360	0.393895	49.604467	1	14	7	11.286619	5.743026	22.857187	9.717635	0.280744	0
conventional	ce849	360	0	20.534844	0	14	7	0.809745	4.361451	10.061319	5.302329	1.512814	0
conventional	ce850	360	0.393895	60.170655	1	14	7	1.574049	14.438971	30.878169	13.279466	0.789100	0
conventional	ce851	360	0	37.930787	0	14	7	2.354891	6.758051	16.208680	12.609165	0	0
conventional	ce852	360	0	39.983561	0	14	7	10.456240	1.300824	22.186419	6.040078	1.221678	0
conventional	ce853	360	0	23.052658	0	14	7	1.628988	2.954772	12.437570	6.031328	1.761138	0
conventional	ce854	360	0	27.179007	0	14	7	4.159203	1.797378	13.470808	7.751618	2.335223	0
conventional	ce855	360	0	25.423115	0	14	7	1.343754	1.867124	15.857645	6.354592	0	0
conventional	ce856	360	0	42.432740	0	14	7	4.653781	3.920255	25.249318	8.609386	0.866726	0
conventional	ce857	360	0	16.759300	0	14	7	1.310996	2.389954	9.658734	3.399616	0	0
conventional	ce858	360	0	32.750257	0	14	7	5.180799	1.730998	16.315217	9.523243	0.768279	0
conventional	ce859	360	0	20.113023	0	14	7	5.739026	6.680083	4.016155	3.677759	2.106041	0
conventional	ce860	360	0	20.404651	0	14	7	4.859303	4.062934	8.746225	2.736189	0.092828	0
conventional	ce861	360	0	18.491790	0	14	7	4.269766	3.683375	7.708596	2.830053	0	0
conventional	ce862	360	0.463658	32.824013	1	14	7	2.995921	1.396368	19.848303	8.583421	0.413800	0
conventional	ce863	360	0	16.147912	0	14	7	0.715169	1.797749	4.052186	9.582808	0	0
conventional	ce864	360	1.201517	45.500147	1	14	7	6.410888	3.929619	19.192611	15.967029	0	0
conventional	ce865	360	0	10.962600	0	14	7	0.270677	1.185205	4.375116	5.131602	0	0
conventional	ce866	360	0	25.382539	0	14	7	5.235423	0.655047	11.496648	7.995421	0	0
conventional	ce867	360	0	14.963816	0	14	7	3.061956	0.581784	4.010164	7.309912	0	0
conventional	ce868	361	0.387351	47.145635	1	14	7	8.089619	7.669450	22.528658	8.857908	1.274866	0
conventional	ce869	361	0.489504	49.318952	1	14	7	2.919149	10.733861	23.948481	11.717461	0.789100	0
conventional	ce870	361	0	43.598931	0	14	7	7.109262	1.795669	26.813345	7.880655	0.710052	0
conventional	ce871	361	0	23.173019	0	14	7	3.471327	8.405099	5.906326	5.390267	0	0
holistic	he772	362	0	0	0	0	0	0	0	0	0	0	0
conventional	ce872	362	0	43.465202	0	14	7	10.550394	1.076264	21.245143	10.593401	0.866726	0
conventional	ce873	363	0	42.375217	0	14	7	4.653048	3.920255	25.344624	8.457290	0.866726	0
holistic	he773	364	0	2.490018	0	4	3	2.490018	0	0	0	0	0
holistic	he774	364	3.148666	25.742778	2	18	7	25.742778	0	0	0	1.888374	19.376870
holistic	he775	364	0	0	0	0	6	0	0	0	0	0.451464	28.836334
holistic	he776	364	5.149958	16.287816	2	12	4	16.287816	0	0	0	0	5.365848
holistic	he777	364	0.276008	4.460795	1	4	17	0	0	4.460795	0	0	3.184783
holistic	he778	364	0.253870	5.060200	1	7	16	0	0	5.060200	0	0	3.275570
conventional	ce874	364	0	38.973815	0	14	7	5.887105	3.556801	22.441834	7.088075	0	0
holistic	he779	365	0	0	0	0	10	0	0	0	0	0	17.398250
conventional	ce875	367	0	45.658951	0	14	7	4.162966	4.134143	21.643841	15.718001	0	0
conventional	ce876	367	0	44.482052	0	14	7	9.186038	3.142794	24.698843	7.454377	0.440218	0
holistic	he780	368	0	3.979884	0	4	2	3.979884	0	0	0	0	0
holistic	he781	368	14.821928	64.941620	9	57	15	64.665612	0	0.276008	0	0	11.663012
holistic	he782	368	0	6.814306	0	9	5	6.814306	0	0	0	0	0
holistic	he783	368	0	21.938892	0	6	33	0	0	21.938892	0	0	9.580497
holistic	he784	368	1.949602	3.994864	1	3	2	3.994864	0	0	0	0	2.243533
holistic	he785	368	0	12.593280	0	20	24	0	0	12.593280	0	0.222696	13.221056
holistic	he786	368	0	0	0	0	0	0	0	0	0	0	0
conventional	ce877	369	0.069994	48.075633	1	14	7	2.880997	9.012878	23.915760	12.265998	1.787681	0
conventional	ce878	369	0	17.408235	0	14	7	1.430297	2.223393	8.214279	5.540266	0	0
conventional	ce879	370	0	15.724727	0	14	7	4.400733	4.940233	5.767727	0.616034	0	0
holistic	he787	372	5.006778	57.372981	3	33	3	57.372981	0	0	0	0	7.814064
holistic	he788	372	0	0	0	0	0	0	0	0	0	0	0
holistic	he789	372	1.949602	6.551362	1	3	1	6.551362	0	0	0	0.224334	1.609236
conventional	ce880	373	0.393895	45.439003	1	14	7	0.549320	9.854860	26.121434	8.913389	0.245352	0
conventional	ce881	374	0.393895	53.517970	1	14	7	2.908371	9.636148	27.229841	13.743610	0.245352	0
holistic	he790	376	5.650013	5.650013	7	7	16	4.545981	0	1.104032	0	0	5.566442
holistic	he791	376	0.276008	3.065866	1	3	13	0	0	3.065866	0	0	2.890784
holistic	he792	376	0	0	0	0	9	0	0	0	0	0	16.086648
holistic	he793	376	0.632081	2.800347	1	1	1	2.800347	0	0	0	0	2.097184
conventional	ce882	376	0	25.144953	0	14	7	2.213199	2.568272	12.966127	7.397355	0	0
conventional	ce883	376	0	38.224525	0	14	7	10.060600	0.542841	21.270619	6.350465	1.221678	0
conventional	ce884	376	0	34.006971	0	14	7	5.856351	1.845946	17.413049	8.891625	0.768279	0
conventional	ce885	377	0	19.327611	0	14	7	5.785085	3.563374	6.848684	3.130468	0	0
holistic	he794	378	0	1.365146	0	2	1	1.365146	0	0	0	0	0
conventional	ce886	378	0	16.232132	0	14	7	5.553207	5.522859	3.874916	1.281150	0	0
holistic	he795	379	0	11.889052	0	20	22	0	0	11.889052	0	0.222696	27.455480
holistic	he796	380	7.704714	41.340204	4	42	18	9.375026	0	31.965178	0	0	3.904948
conventional	ce887	380	0	44.612599	0	14	7	10.960388	2.418789	19.679408	11.554014	0.866726	0
conventional	ce888	380	0	45.491303	0	14	7	3.726370	10.130275	20.428984	11.205674	0	0
conventional	ce889	380	0	24.295859	0	14	7	3.744148	6.765304	8.143665	5.642742	2.335223	0
holistic	he797	382	0	0	0	0	0	0	0	0	0	0	0
holistic	he798	382	0.276008	2.413185	1	9	17	0	2.137177	0.276008	0	0	4.316178
conventional	ce890	382	0	34.630598	0	14	7	7.723613	0.197637	18.481994	8.227354	1.060426	0
holistic	he799	383	5.260332	35.315015	3	56	5	35.315015	0	0	0	1.350236	22.688639
holistic	he800	383	5.173720	12.215954	2	6	4	12.215954	0	0	0	0	5.365848
conventional	ce891	383	0.069994	47.718521	1	14	7	0.793169	10.637533	22.912892	13.374927	0.469986	0
conventional	ce892	384	0	15.018303	0	14	7	3.852167	4.640704	5.833615	0.691817	0	0
holistic	he801	386	7.013776	37.903948	4	60	6	37.903948	0	0	0	0.345478	16.390310
holistic	he802	386	0	0	0	0	2	0	0	0	0	0.300976	29.731148
holistic	he803	386	0	7.934168	0	20	24	0	0	7.934168	0	0.222696	13.172331
holistic	he804	386	1.104032	1.104032	4	4	13	0	0	1.104032	0	0	16.257084
holistic	he805	386	1.384846	6.328697	1	3	1	6.328697	0	0	0	0	0.889558
conventional	ce893	386	0	27.522268	0	14	7	1.529304	3.133493	16.628747	6.230724	0.768279	0
conventional	ce894	386	0	25.337687	0	14	7	3.547395	1.955287	12.387761	7.447244	2.335223	0
holistic	he806	387	0.276008	6.434623	1	6	19	0	0.578899	5.855724	0	0	6.187537
conventional	ce895	387	0	41.305325	0	14	7	3.439975	3.314243	21.397248	13.153859	0	0
holistic	he807	388	0	0	0	0	24	0	0	0	0	0.111348	9.840883
conventional	ce896	388	0	26.521178	0	14	7	6.110054	8.099562	7.957334	4.354228	0	0
holistic	he808	389	6.031244	6.031244	6	6	9	1.493602	0	4.537642	0	0	3.986202
holistic	he809	389	0	17.982634	0	24	4	17.982634	0	0	0	0	0
holistic	he810	389	0	0	0	0	9	0	0	0	0	0	2.037957
conventional	ce897	389	0.393895	56.248042	1	14	7	14.663864	7.851019	24.063049	9.670110	0.280744	0
conventional	ce898	389	0	41.585663	0	14	7	9.532673	2.745384	23.056260	6.251346	1.060426	0
holistic	he811	390	0	0	0	0	0	0	0	0	0	0	0
holistic	he812	390	1.104032	1.104032	4	4	13	0	0	1.104032	0	0	18.832116
holistic	he813	390	3.148666	19.458252	2	18	7	19.458252	0	0	0	1.888374	19.397702
conventional	ce899	390	0	36.895785	0	14	7	3.325600	4.755752	18.725095	10.089338	0	0
conventional	ce900	390	0	33.850709	0	14	7	7.115463	3.103322	19.567161	4.064763	0.326972	0
holistic	he814	391	0	0	0	0	3	0	0	0	0	0.842223	20.598978
holistic	he815	393	9.453082	46.894506	6	44	18	12.479696	0	34.414810	0	0	3.526078
holistic	he816	394	0	0	0	0	0	0	0	0	0	0	0
conventional	ce901	394	1.157065	36.883809	1	14	7	6.191226	2.884426	18.600549	9.207608	0.866726	0
conventional	ce902	394	0	24.467884	0	14	7	6.617712	4.406716	8.253228	5.190228	0	0
holistic	he817	395	3.148666	25.813696	2	18	7	25.813696	0	0	0	1.888374	16.962976
conventional	ce903	395	0.393895	57.753463	1	14	7	15.276142	8.124743	24.728042	9.624536	0.562897	0
conventional	ce904	395	0	28.350912	0	14	7	6.578976	9.266737	6.942416	5.562783	0	0
holistic	he818	396	1.104032	1.104032	4	4	9	0	0	1.104032	0	0	0
conventional	ce905	396	0	19.624021	0	14	7	3.180287	1.358912	8.604690	6.480132	0	0
conventional	ce906	396	0	24.561443	0	14	7	5.202943	1.819209	8.631335	8.907956	0	0
holistic	he819	397	0	4.650496	0	3	1	4.650496	0	0	0	0	0
holistic	he820	397	0	0	0	0	4	0	0	0	0	0	0
holistic	he821	398	0	0	0	0	2	0	0	0	0	0.561482	15.428594
conventional	ce907	398	0	21.668775	0	14	7	4.499876	5.514202	9.090558	2.564139	0	0
conventional	ce908	398	0	30.807337	0	14	7	5.644542	6.182840	15.094825	3.885130	0.849706	0
conventional	ce909	398	0	24.295579	0	14	7	1.914937	2.191310	12.886966	7.302366	1.761138	0
holistic	he822	399	0.552016	0.552016	2	2	12	0	0	0.552016	0	0	16.323926
conventional	ce910	399	0	20.583390	0	14	7	5.631851	6.601183	6.475598	1.874758	0	0
conventional	ce911	399	0	52.272193	0	14	7	9.048030	2.428118	34.037969	6.758076	0.433083	0
conventional	ce912	399	0	28.316920	0	14	7	7.226514	5.697996	10.896442	4.495968	2.335223	0
conventional	ce913	399	0.387351	46.285855	1	14	7	8.996430	7.641828	22.776035	6.871562	1.274866	0
holistic	he823	400	0.250522	7.700698	1	10	17	0	0	7.700698	0	0	4.111806
holistic	he824	400	3.506888	11.478044	2	22	3	11.478044	0	0	0	0.690956	18.946426
conventional	ce914	400	0	24.201652	0	14	7	5.731253	8.653362	6.345940	3.471097	0	0
conventional	ce915	400	0	42.449497	0	14	7	3.755141	3.515854	22.314659	12.863843	0	0
conventional	ce916	400	0.555623	43.955197	1	14	7	10.940620	2.891617	24.596050	5.526910	1.221678	0
holistic	he825	401	0	0	0	0	0	0	0	0	0	0.508885	4.701168
holistic	he826	403	0	0	0	0	3	0	0	0	0	0.243330	20.760420
holistic	he827	404	0	0	0	0	1	0	0	0	0	0	0
holistic	he828	404	0.253870	7.251169	1	7	16	0	0	7.251169	0	0	3.249462
holistic	he829	404	0	0	0	0	3	0	0	0	0	0	0
holistic	he830	404	6.133184	6.133184	6	6	9	1.595542	0	4.537642	0	0	3.986202
holistic	he831	404	0	0	0	0	0	0	0	0	0	0	0
conventional	ce917	404	0	48.333115	0	14	7	2.920951	2.882238	31.918638	10.611288	2.335223	0
conventional	ce918	404	0	24.868364	0	14	7	1.078580	1.626446	15.901971	6.261367	0	0
holistic	he832	405	0.396700	1.676409	1	1	1	1.676409	0	0	0	0	2.357003
holistic	he833	405	0.276008	4.460795	1	4	15	0	0	4.460795	0	0	4.656722
conventional	ce919	405	0	30.151654	0	14	7	7.798519	6.153211	11.143601	5.056323	0	0
conventional	ce920	405	0	27.320144	0	14	7	3.136116	2.734161	15.742693	5.707174	0	0
conventional	ce921	405	0	19.789063	0	14	7	0.414770	3.108205	9.947789	6.318299	1.512814	0
conventional	ce922	405	0	15.990195	0	14	7	5.428002	5.484441	3.995840	1.081912	0	0
holistic	he834	406	0	0	0	0	1	0	0	0	0	0	0
holistic	he835	407	0.642792	2.915731	1	1	1	2.915731	0	0	0	0	0
holistic	he836	407	0	0	0	0	0	0	0	0	0	0	0
conventional	ce923	407	0	45.778654	0	14	7	10.935345	3.203662	20.098677	11.540970	0.866726	0
holistic	he837	408	0	0	0	0	0	0	0	0	0	0	0
holistic	he838	408	3.148666	32.504328	2	20	6	32.504328	0	0	0	1.888374	19.063538
holistic	he839	408	0	0	0	0	0	0	0	0	0	0	0
holistic	he840	408	1.104032	1.104032	4	4	10	0	0	1.104032	0	0	23.177558
conventional	ce924	408	0	41.880731	0	14	7	2.613580	4.620054	23.787358	10.859739	0	0
conventional	ce925	408	0	42.758079	0	14	7	3.023619	2.735680	23.129319	13.869461	0.882637	0
conventional	ce926	408	0	33.318875	0	14	7	5.250553	0.733966	19.799525	7.534831	0	0
conventional	ce927	408	0.463658	51.264981	1	14	7	2.562325	2.727986	35.263685	10.710985	0.413800	0
conventional	ce928	409	0.387351	43.877774	1	14	7	8.912594	7.571003	20.118190	7.275987	1.274866	0
holistic	he841	410	1.966245	1.966245	3	3	20	0	0	1.966245	0	0.222696	15.602417
holistic	he842	410	0	13.188324	0	20	22	0	0	13.188324	0	0.222696	27.210102
holistic	he843	410	1.104032	1.104032	4	4	14	0	0	1.104032	0	0	2.717276
conventional	ce929	410	1.176596	36.137771	1	14	7	5.932882	2.647652	20.339740	7.217497	0.866726	0
conventional	ce930	410	0	47.583149	0	14	7	8.256329	4.010783	24.281336	11.034701	0.747235	0
conventional	ce931	410	0	33.455852	0	14	7	1.505810	3.458335	17.983376	10.508331	0.849706	0
holistic	he844	411	0	0	0	0	3	0	0	0	0	1.873425	39.789509
holistic	he845	411	7.373262	46.272480	4	42	18	9.595554	0	36.676926	0	0	3.904948
holistic	he846	412	7.508278	31.207735	4	8	37	0	26.709321	4.498414	0	0	9.166422
conventional	ce932	412	0	22.578258	0	14	7	4.467486	0.486012	10.703979	6.920781	2.335223	0
conventional	ce933	412	1.157065	38.636398	1	14	7	5.550989	3.662989	18.079355	11.343065	0.665246	0
conventional	ce934	414	0	29.072107	0	14	7	4.675755	8.473474	8.338182	7.584696	0	0
conventional	ce935	414	0	37.751532	0	14	7	3.003395	6.311746	19.437308	8.999083	0	0
holistic	he847	415	0	7.735436	0	20	24	0	0	7.735436	0	0.222696	12.819051
holistic	he848	415	0	0	0	0	0	0	0	0	0	0	0
conventional	ce936	416	0.393895	58.019946	1	14	7	14.980297	7.895373	25.194889	9.949387	0.241617	0
holistic	he849	417	0	0	0	0	0	0	0	0	0	0	0
conventional	ce937	417	0.489504	46.854813	1	14	7	1.450851	11.068851	23.505144	10.829967	0.789100	0
conventional	ce938	417	1.157065	41.731328	1	14	7	5.752121	4.071242	22.557881	9.350084	0.791920	0
conventional	ce939	417	0	28.107075	0	14	7	1.895106	2.285849	16.915636	7.010484	0	0
conventional	ce940	418	0	18.308239	0	14	7	4.554072	3.570830	8.239289	1.944048	0	0
conventional	ce941	418	1.157065	44.807200	1	14	7	6.410018	3.032482	23.114020	12.250680	0.580026	0
holistic	he850	419	6.794452	88.483882	4	60	22	11.706366	0	76.777516	0	0	3.904948
conventional	ce942	419	0	40.058987	0	14	7	5.900058	3.806366	20.401052	9.951511	1.060426	0
holistic	he851	420	0.185256	4.370043	1	4	17	0	0	4.370043	0	0	4.053355
holistic	he852	420	0	5.015700	0	14	2	5.015700	0	0	0	0	0
holistic	he853	420	0	0	0	0	3	0	0	0	0	0.842223	21.286539
holistic	he854	420	0.127202	7.577378	1	10	17	0	0	7.577378	0	0	4.111806
holistic	he855	420	0	0	0	0	13	0	0	0	0	0	18.832116
holistic	he856	420	0.253870	6.420088	1	7	16	0	0	6.420088	0	0	1.950584
holistic	he857	420	0	0	0	0	3	0	0	0	0	0	4.144049
holistic	he858	420	0.396700	1.930634	1	1	1	1.930634	0	0	0	0	2.753263
holistic	he859	420	0	0	0	0	0	0	0	0	0	0	0
holistic	he860	420	6.121244	6.121244	8	8	18	5.293220	0	0.828024	0	0	5.632387
holistic	he861	420	0	0	0	0	7	0	0	0	0	0	13.434988
holistic	he862	420	2.126349	71.482733	3	45	14	1.344586	0	70.138147	0	0	4.838402
conventional	ce943	420	0	25.349806	0	14	7	6.060707	10.184039	5.128599	3.976461	0	0
conventional	ce944	420	0	44.575738	0	14	7	8.545886	4.262888	23.165797	8.601167	0.902710	0
conventional	ce945	420	0	42.076779	0	14	7	2.609858	2.307894	24.513207	12.645820	0.882637	0
conventional	ce946	420	0	20.002435	0	14	7	0.443831	3.430318	9.809987	6.318299	1.476244	0
conventional	ce947	420	1.054901	47.237100	1	14	7	6.709754	3.847117	21.796122	14.884107	0.665246	0
conventional	ce948	420	0	41.303353	0	14	7	4.844590	3.556801	24.437342	8.464620	0	0
conventional	ce949	420	0	42.258561	0	14	7	6.946234	2.626129	25.027538	7.658660	1.030082	0
conventional	ce950	420	0	25.319441	0	14	7	3.440911	2.162154	12.185562	7.530814	2.335223	0
conventional	ce951	420	0.387351	46.136214	1	14	7	9.629032	7.710893	21.471287	7.325002	1.548915	0
conventional	ce952	420	0.244686	48.047478	1	14	7	7.209214	7.511004	24.091696	9.235564	1.274866	0
conventional	ce953	420	0	64.910101	0	14	7	21.044301	6.475034	28.493583	8.897183	1.221678	0
conventional	ce954	420	0	47.837914	0	14	7	9.261582	5.189757	23.771783	9.614792	1.060426	0
conventional	ce955	420	0	14.273031	0	14	7	5.626491	2.453852	5.243625	0.949063	0	0
conventional	ce956	420	0	37.359135	0	14	7	3.963672	5.124735	20.064680	8.206048	0	0
conventional	ce957	420	0.463658	50.890549	1	14	7	2.443482	2.439969	36.228402	9.778696	0.413800	0
conventional	ce958	420	0.393895	52.970407	1	14	7	14.330342	9.361612	18.844793	10.433660	0.280744	0
conventional	ce959	421	1.265932	41.156895	1	14	7	5.315407	1.533895	22.867652	11.439941	0.580026	0
conventional	ce960	421	0	45.119947	0	14	7	10.722315	2.715180	23.546247	8.136205	0.678563	0
conventional	ce961	421	0	39.110902	0	14	7	8.646468	2.373144	19.935875	8.155415	1.060426	0
conventional	ce962	421	0	34.180614	0	14	7	9.240909	2.285584	19.698428	2.955693	1.221678	0
conventional	ce963	421	0	43.135401	0	14	7	7.401672	4.017316	23.253753	8.462660	2.253396	0
holistic	he863	422	0	0	0	0	3	0	0	0	0	0.243330	20.760420
conventional	ce964	422	0	18.862682	0	14	7	5.023704	3.669858	6.295094	3.874026	0	0
conventional	ce965	422	0	22.529160	0	14	7	3.617198	1.370709	10.746224	6.795029	2.356673	0
conventional	ce966	422	0	39.084274	0	14	7	7.109930	6.536510	21.404307	4.033527	0.849706	0
conventional	ce967	422	0	34.049780	0	14	7	2.508975	4.681386	17.828501	9.030918	0	0
conventional	ce968	422	0	39.430875	0	14	7	8.971850	2.241705	20.701155	7.516165	1.504177	0
holistic	he864	423	0	7.526272	0	48	4	7.526272	0	0	0	0	0
conventional	ce969	423	0	21.607540	0	14	7	0.658446	4.470827	9.737088	6.741179	1.512814	0
conventional	ce970	423	0	37.867217	0	14	7	5.638137	3.571276	22.913951	5.743853	0	0
holistic	he865	424	0	15.670119	0	9	15	0	0	15.670119	0	0.222696	12.969025
holistic	he866	424	0.396700	1.618508	1	1	1	1.618508	0	0	0	0	2.357003
holistic	he867	424	7.013776	38.640088	4	60	6	38.640088	0	0	0	0.345478	18.416158
holistic	he868	424	0.250522	3.492025	1	5	11	0	0	3.492025	0	0	5.867821
holistic	he869	424	3.068144	33.577902	2	20	6	33.577902	0	0	0	1.888374	21.216040
holistic	he870	424	0	0	0	0	3	0	0	0	0	0	3.768344
holistic	he871	424	0	0	0	0	0	0	0	0	0	0	0
holistic	he872	424	0	0	0	0	0	0	0	0	0	0	0
holistic	he873	424	0.276008	27.375839	1	22	19	0	0.578899	26.796940	0	0	6.187537
conventional	ce971	424	0	32.440244	0	14	7	0.712334	3.597186	20.807169	7.323555	0	0
conventional	ce972	424	0	46.417376	0	14	7	8.465158	4.860748	23.897435	9.194035	1.239926	0
conventional	ce973	424	1.157065	39.069334	1	14	7	5.604247	4.207230	17.896950	11.360907	0.665246	0
holistic	he874	425	0.253870	4.612783	1	7	16	0	0	4.612783	0	0	3.723720
holistic	he875	426	0	0	0	0	0	0	0	0	0	0	0
holistic	he876	427	0.396700	1.676409	1	1	1	1.676409	0	0	0	0	2.609039
conventional	ce974	427	1.157065	37.533843	1	14	7	5.217664	5.722963	18.588441	8.004775	0.422018	0
holistic	he877	428	0	18.568681	0	10	6	18.568681	0	0	0	2.832561	16.574235
holistic	he878	428	0	8.531052	0	12	2	8.531052	0	0	0	0	0
holistic	he879	428	0.250522	7.700698	1	10	17	0	0	7.700698	0	0	2.595490
holistic	he880	428	3.148666	15.607282	2	18	5	15.607282	0	0	0	2.376952	18.534360
holistic	he881	428	5.650013	51.467701	7	43	16	4.545981	0	46.921720	0	0	5.286796
conventional	ce975	429	0	42.091312	0	14	7	9.685626	2.041871	25.457229	4.906586	1.221678	0
conventional	ce976	429	0.387351	48.442057	1	14	7	10.645092	9.363770	21.334225	7.098970	1.761295	0
conventional	ce977	430	0.387351	43.535821	1	14	7	8.167494	7.259213	21.168460	6.940654	1.274866	0
conventional	ce978	431	0	41.223761	0	14	7	6.859531	3.033933	23.411749	7.918548	1.452343	0
conventional	ce979	431	0	38.115630	0	14	7	1.528538	3.361805	22.661898	10.563389	1.060426	0
holistic	he882	432	5.551023	23.803635	6	54	14	22.622586	0	1.181049	0	0	12.485466
holistic	he883	432	0	0	0	0	0	0	0	0	0	0	0
holistic	he884	432	0.552016	0.552016	2	2	12	0	0	0.552016	0	0	13.941094
holistic	he885	432	0	24.096210	0	16	5	24.096210	0	0	0	0.165931	5.190326
holistic	he886	433	0	7.051950	0	12	21	0	0	7.051950	0	1.828160	14.326283
conventional	ce980	434	0	20.196448	0	14	7	5.262299	6.397442	6.434770	2.101937	0.468741	0
holistic	he887	435	0	0	0	0	5	0	0	0	0	0.106334	27.370279
holistic	he888	436	0	0	0	0	0	0	0	0	0	0	0
holistic	he889	436	7.302544	7.302544	6	6	9	1.493602	0	5.808942	0	0	3.986202
holistic	he890	436	0.501044	7.061736	2	8	10	0	0	7.061736	0	0	2.953053
holistic	he891	436	3.858678	11.699592	5	17	13	3.030654	0	8.668938	0	0	3.628018
holistic	he892	436	0	0	0	0	7	0	0	0	0	0	4.111806
conventional	ce981	436	0	39.536238	0	14	7	1.406270	3.297672	23.964800	10.867496	0	0
conventional	ce982	436	0	48.154895	0	14	7	9.552354	7.503219	21.288456	9.810866	0	0
conventional	ce983	436	0	29.607710	0	14	7	5.244243	4.570645	16.732927	3.059895	0.849706	0
conventional	ce984	437	0	20.728931	0	14	7	0.354621	3.314195	11.518065	5.542050	1.209339	0
conventional	ce985	437	0.443221	60.594875	1	14	7	13.366387	10.868239	24.494441	11.865808	1.548915	0
conventional	ce986	437	0	26.929465	0	14	7	6.334022	1.935581	9.461061	9.198801	2.335223	0
conventional	ce987	437	0.463658	56.386899	1	14	7	11.011749	3.501782	27.169644	14.703724	0.413800	0
holistic	he893	438	0.000934	4.359847	1	7	16	0	0	4.359847	0	0	5.184428
conventional	ce988	438	0	43.017042	0	14	7	6.145429	3.043304	25.240800	8.587509	2.253396	0
holistic	he894	439	0	0	0	0	0	0	0	0	0	0	0
holistic	he895	439	0	0	0	0	4	0	0	0	0	0.324440	22.791414
holistic	he896	440	0	0	0	0	0	0	0	0	0	0	0
holistic	he897	440	0	0	0	0	0	0	0	0	0	0	0
holistic	he898	440	7.013776	41.800924	4	60	6	41.800924	0	0	0	0.345478	19.795722
conventional	ce989	440	0	41.759292	0	14	7	4.137253	0.477750	24.171664	12.972625	0.849706	0
conventional	ce990	441	0	26.395817	0	14	7	2.010418	2.734298	15.709891	5.941210	0	0
holistic	he899	442	6.916572	26.709321	3	3	37	0	26.709321	0	0	0	9.166422
conventional	ce991	442	0	36.803664	0	14	7	5.466342	3.803114	15.196795	12.337413	1.512814	0
conventional	ce992	442	1.886078	35.130744	1	14	7	5.794330	1.531079	21.577090	6.228245	0.866726	0
conventional	ce993	443	0.387351	49.237279	1	14	7	8.440883	8.764777	23.807476	8.224143	1.274866	0
conventional	ce994	443	0	47.513354	0	14	7	3.115625	1.986595	32.903067	9.508067	2.686673	0
holistic	he900	444	0	11.718868	0	20	22	0	0	11.718868	0	0.702956	12.917923
conventional	ce995	444	0	40.122853	0	14	7	2.716925	4.765041	22.956412	9.684475	3.304909	0
conventional	ce996	444	0	25.398590	0	14	7	4.177561	2.331329	11.874353	7.015347	2.335223	0
holistic	he901	445	0.253870	7.251169	1	7	16	0	0	7.251169	0	0	3.249462
holistic	he902	446	0	0	0	0	0	0	0	0	0	0	0
holistic	he903	446	0	0	0	0	4	0	0	0	0	0.595118	15.170790
holistic	he904	446	0	7.150552	0	8	2	7.150552	0	0	0	0	0
conventional	ce997	446	0.244686	50.963045	1	14	7	8.719196	7.511004	25.149917	9.582928	1.035034	0
holistic	he905	447	2.305524	8.903107	1	1	13	0	8.903107	0	0	0	3.055474
conventional	ce998	447	0	18.616251	0	14	7	5.419302	6.450694	4.305851	2.440404	0	0
holistic	he906	448	0	0	0	0	0	0	0	0	0	0	0
holistic	he907	449	0	0.821327	0	1	4	0	0	0.821327	0	0	0
conventional	ce999	449	0	42.507048	0	14	7	5.713500	3.105882	24.778850	8.908816	2.253396	0
holistic	he908	450	0	0	0	0	0	0	0	0	0	0	0
holistic	he909	450	0	0	0	0	0	0	0	0	0	0	0
holistic	he910	450	0	6.080300	0	20	22	0	0	6.080300	0	0.222696	23.553876
conventional	ce1000	450	0.460771	54.618792	1	14	7	2.623856	2.965240	37.068289	11.961407	0.413800	0
holistic	he911	451	0	0	0	0	0	0	0	0	0	0	0
holistic	he912	451	0.498645	1.379578	1	3	4	1.379578	0	0	0	0.053167	7.352869
holistic	he913	452	0	6.354420	0	21	3	6.354420	0	0	0	0	0
conventional	ce1001	452	0	27.485628	0	14	7	3.335880	2.295275	15.840382	6.014091	0	0
holistic	he914	453	0.253870	3.006078	1	3	12	0	0	3.006078	0	0	1.976939
holistic	he915	454	0	0	0	0	0	0	0	0	0	0	0
holistic	he916	454	0	15.670119	0	9	21	0	0	15.670119	0	0.222696	11.619737
conventional	ce1002	454	0	35.654351	0	14	7	8.054475	2.312721	16.828906	8.458249	2.253396	0
holistic	he917	455	0.642792	2.553731	1	1	1	2.553731	0	0	0	0	0
holistic	he918	455	0	0	0	0	4	0	0	0	0	0.146505	26.309618
conventional	ce1003	456	0	47.481892	0	14	7	7.457496	3.943416	28.417234	7.663746	0	0
holistic	he919	457	0	0	0	0	7	0	0	0	0	0	4.256946
holistic	he920	457	0	0	0	0	0	0	0	0	0	0	0
conventional	ce1004	458	0.387351	40.315874	1	14	7	5.656767	4.602872	18.528202	11.528033	1.996585	0
holistic	he921	459	0	0	0	0	5	0	0	0	0	0.243330	11.651913
conventional	ce1005	459	1.157065	44.308331	1	14	7	5.106181	3.886444	23.198929	12.116777	0.580026	0
conventional	ce1006	459	1.150853	46.706379	1	14	7	10.509225	4.315499	22.836392	9.045263	0.241617	0
holistic	he922	460	0	0	0	0	0	0	0	0	0	0	0
conventional	ce1007	460	0	41.769749	0	14	7	9.477157	2.095612	25.115767	5.081213	1.691936	0
conventional	ce1008	460	0.581753	42.210556	1	14	7	6.556990	3.967745	23.191590	8.494231	1.347897	0
conventional	ce1009	460	0	28.380804	0	14	7	4.505619	3.386013	11.712948	8.776224	2.335223	0
holistic	he923	461	0.185256	1.847855	1	2	11	0	0	1.847855	0	0	4.017857
holistic	he924	462	2.305524	9.682806	1	1	10	0	9.682806	0	0	0	3.055474
holistic	he925	463	0	0	0	0	0	0	0	0	0	0	0
holistic	he926	464	0.501044	8.331880	2	6	15	0	0	8.331880	0	0	8.307155
holistic	he927	464	0	6.450387	0	21	3	6.450387	0	0	0	0	0
conventional	ce1010	464	0	49.233996	0	14	7	7.525078	5.032249	28.324019	8.352650	0	0
holistic	he928	465	0	7.051950	0	12	21	0	0	7.051950	0	1.828160	13.926164
holistic	he929	465	0	0	0	0	4	0	0	0	0	0.324440	24.208918
conventional	ce1011	465	0	32.964886	0	14	7	6.239731	5.049607	18.572776	3.102772	1.211922	0
conventional	ce1012	465	0	52.265359	0	14	7	6.450560	3.074897	33.509103	9.230799	0	0
holistic	he930	467	0	0	0	0	0	0	0	0	0	0	0
holistic	he931	467	1.459474	10.404204	1	10	4	10.404204	0	0	0	3.565428	20.935771
conventional	ce1013	467	0.387351	26.600919	1	14	7	4.044536	1.377419	12.677398	8.501566	1.761295	0
conventional	ce1014	467	0	55.961379	0	14	7	7.265654	5.385053	34.094206	9.216466	0	0
holistic	he932	468	5.925407	5.925407	7	7	16	4.821375	0	1.104032	0	0	5.286796
holistic	he933	468	0	0	0	0	4	0	0	0	0	0.146505	24.324849
holistic	he934	468	0	0	0	0	0	0	0	0	0	0	0
conventional	ce1015	468	0	28.455403	0	14	7	1.562443	2.510969	17.354549	7.027442	0	0
conventional	ce1016	468	0	36.462523	0	14	7	5.482755	5.586934	22.441346	2.951488	1.576038	0
conventional	ce1017	468	0	55.773315	0	14	7	10.054477	5.029218	30.416176	10.273444	0	0
holistic	he935	469	0	0	0	0	0	0	0	0	0	0	0
conventional	ce1018	469	0.043333	57.827104	1	14	7	15.796755	7.530369	22.852683	11.647297	0.241617	0
holistic	he936	470	0	9.845444	0	20	21	0	0	9.845444	0	0.222696	11.522652
holistic	he937	470	0	0	0	0	0	0	0	0	0	0	0
conventional	ce1019	470	0	42.009650	0	14	7	8.114741	1.608905	24.028422	8.257582	1.611450	0
holistic	he938	471	0	6.080300	0	20	22	0	0	6.080300	0	0.222696	23.612036
holistic	he939	471	0.396700	1.583068	1	1	1	1.583068	0	0	0	0	2.357003
holistic	he940	472	0	0	0	0	0	0	0	0	0	0	0
holistic	he941	472	0	4.648542	0	9	18	0	0	4.648542	0	1.080697	27.205906
conventional	ce1020	472	0.393895	49.831373	1	14	7	12.675457	7.614479	19.426610	10.114827	0.356308	0
conventional	ce1021	472	0.387351	48.774388	1	14	7	12.350595	7.986124	20.774467	7.663202	1.548915	0
conventional	ce1022	472	0	23.525708	0	14	7	2.988959	3.574108	13.439493	3.523148	0	0
holistic	he942	475	4.496956	17.365632	2	2	30	0	17.365632	0	0	0	8.218515
holistic	he943	475	0	0	0	0	0	0	0	0	0	0	0
holistic	he944	476	0	0	0	0	0	0	0	0	0	0	0
holistic	he945	476	0	0	0	0	0	0	0	0	0	0	0
conventional	ce1023	476	0	43.390224	0	14	7	8.470134	3.181899	23.308047	8.430144	1.425397	0
conventional	ce1024	476	0	47.883162	0	14	7	9.122707	5.369826	23.481950	9.908679	1.202785	0
holistic	he946	477	0	0	0	0	0	0	0	0	0	0	0
holistic	he947	477	0	0	0	0	4	0	0	0	0	0.146505	26.688941
conventional	ce1025	477	0	36.581320	0	14	7	1.964152	5.449803	18.575629	10.591736	0	0
conventional	ce1026	477	0	57.322996	0	14	7	8.660737	6.382122	25.962011	16.318126	1.239926	0
conventional	ce1027	478	0	43.028352	0	14	7	4.851661	3.241642	25.237439	9.697610	0	0
holistic	he948	479	0	0	0	0	3	0	0	0	0	0.162220	16.246862
conventional	ce1028	479	0	19.276840	0	14	7	1.745359	2.701217	9.323905	5.506359	2.356673	0
conventional	ce1029	479	0	30.635520	0	14	7	5.101910	4.698723	17.125895	3.708992	1.239926	0
holistic	he949	480	0	0	0	0	0	0	0	0	0	0	0
holistic	he950	480	0	0	0	0	0	0	0	0	0	0	0
holistic	he951	480	4.689114	12.110865	3	24	22	12.110865	0	0	0	0.111348	16.559330
holistic	he952	480	0	0	0	0	0	0	0	0	0	0	0
holistic	he953	480	0	0	0	0	3	0	0	0	0	0.081110	11.262524
holistic	he954	480	0	26.412264	0	18	3	26.412264	0	0	0	0	0
conventional	ce1030	480	0	46.037874	0	14	7	6.392526	5.682592	21.849928	12.112828	2.335223	0
conventional	ce1031	480	0	37.752087	0	14	7	6.144516	5.857301	19.460635	6.289635	2.119346	0
conventional	ce1032	480	0	26.693992	0	14	7	2.790200	0.076086	13.566965	10.260741	2.335223	0
conventional	ce1033	480	0.078146	41.603115	1	14	7	5.513413	7.506924	21.330901	7.251877	1.269855	0
conventional	ce1034	480	0	20.177780	0	14	7	5.213474	6.081210	6.481419	2.401677	0.288742	0
conventional	ce1035	480	0	33.704096	0	14	7	6.940336	7.261433	14.860463	4.641864	0.849706	0
conventional	ce1036	480	0	44.573640	0	14	7	5.053686	4.332551	26.478397	8.709006	2.834675	0
conventional	ce1037	480	0	39.087953	0	14	7	8.881602	1.367766	24.910794	3.927791	2.434806	0
holistic	he955	481	3.774354	7.156173	3	24	6	3.381819	0	0	3.774354	0	0
holistic	he956	481	0	0	0	0	0	0	0	0	0	0	0
holistic	he957	481	5.650013	22.853149	7	15	18	4.545981	0	18.307168	0	0	4.732752
conventional	ce1038	481	0	24.149979	0	14	7	0.612359	4.408525	13.188158	5.940937	1.209339	0
conventional	ce1039	481	0	26.450957	0	14	7	2.800981	1.814222	10.902610	10.933144	2.335223	0
conventional	ce1040	481	0	47.530472	0	14	7	9.952192	4.188727	24.572451	8.817102	1.121056	0
holistic	he958	482	4.722999	21.864687	3	21	5	21.864687	0	0	0	1.720306	21.650936
conventional	ce1041	482	0	25.812527	0	14	7	4.745492	4.589610	15.192052	1.285373	0.914016	0
conventional	ce1042	482	0	49.062883	0	14	7	8.745060	5.977452	24.164116	10.176255	1.239926	0
conventional	ce1043	482	0	40.418071	0	14	7	6.172585	2.783322	22.288206	9.173958	2.253396	0
conventional	ce1044	482	0	42.627360	0	14	7	2.657174	6.670749	21.408131	11.891306	1.187562	0
conventional	ce1045	482	0	35.483046	0	14	7	5.686221	2.559944	22.603607	4.633274	0	0
conventional	ce1046	482	0.226433	20.339182	1	14	7	0.183391	2.316153	11.689478	6.150160	0.241617	0
conventional	ce1047	482	0	25.647168	0	14	7	3.274386	3.521285	12.959600	5.891897	1.209339	0
holistic	he959	483	0	0	0	0	0	0	0	0	0	0	0
holistic	he960	483	1.459474	14.444290	1	10	4	14.444290	0	0	0	4.340550	22.789593
conventional	ce1048	483	1.886078	31.465681	1	14	7	6.169792	1.828735	16.864816	6.602338	0.866726	0
conventional	ce1049	483	0	43.572983	0	14	7	6.925579	3.985624	23.011805	9.649975	1.696566	0
conventional	ce1050	483	0.329436	47.401554	1	14	7	5.545281	1.998804	31.884152	7.973317	0	0
conventional	ce1051	483	0	33.357273	0	14	7	5.568598	1.696154	15.883818	10.208703	1.211922	0
holistic	he961	484	0	0	0	0	4	0	0	0	0	0	1.672472
holistic	he962	484	0.642792	2.570168	1	1	1	2.570168	0	0	0	0	0
holistic	he963	484	5.650013	21.311677	7	15	18	4.545981	0	16.765696	0	0	7.487114
holistic	he964	484	2.305524	9.682806	1	1	12	0	9.682806	0	0	0	3.142129
holistic	he965	484	0	0	0	0	0	0	0	0	0	0	0
holistic	he966	484	0	11.543313	0	45	3	11.543313	0	0	0	0	0
holistic	he967	484	0	0	0	0	0	0	0	0	0	0	0
holistic	he968	484	0	9.221412	0	20	25	0	0	9.221412	0	0.222696	15.622317
conventional	ce1052	484	0	53.767300	0	14	7	9.955160	4.979311	28.144645	10.688184	1.121056	0
conventional	ce1053	484	0	21.049777	0	14	7	5.042188	7.393367	6.606373	2.007849	0.468741	0
conventional	ce1054	484	0	43.195858	0	14	7	6.022668	3.481256	26.329131	7.362803	2.253396	0
conventional	ce1055	484	0	17.724003	0	14	7	0.964869	2.399449	8.109702	6.249983	2.335223	0
conventional	ce1056	484	0	55.637189	0	14	7	8.765845	6.823380	26.248707	13.799257	0.997862	0
holistic	he969	485	0	0	0	0	5	0	0	0	0	0.106334	26.140124
holistic	he970	485	0	0	0	0	0	0	0	0	0	0	0
conventional	ce1057	485	0.387351	49.805088	1	14	7	7.045842	9.213660	23.301841	10.243745	1.274866	0
conventional	ce1058	485	0.387351	24.945321	1	14	7	3.590545	1.318735	12.365533	7.670508	1.919682	0
holistic	he971	487	0	0	0	0	8	0	0	0	0	0	4.948564
holistic	he972	487	8.989500	56.521344	5	78	7	56.521344	0	0	0	0.756412	25.369128
conventional	ce1059	487	0	41.582346	0	14	7	6.843897	2.932583	24.568408	7.237458	1.517095	0
holistic	he973	488	0	0	0	0	0	0	0	0	0	0	0
holistic	he974	488	0	0	0	0	1	0	0	0	0	0	0
holistic	he975	488	0	0	0	0	4	0	0	0	0	0.203563	22.143092
conventional	ce1060	488	0	59.950945	0	14	7	8.805297	5.939929	29.790453	15.415266	0.997862	0
holistic	he976	489	0	0	0	0	0	0	0	0	0	0	0
conventional	ce1061	489	0.425995	43.357533	1	14	7	7.296736	8.277905	20.363678	7.419214	2.063173	0
conventional	ce1062	489	0	59.205169	0	14	7	6.493363	7.347826	33.845614	11.518366	0.978841	0
conventional	ce1063	489	0	20.435174	0	14	7	1.690316	1.720231	8.341609	8.683018	2.656745	0
conventional	ce1064	490	0.060512	24.964283	1	14	7	3.900416	1.717893	11.037728	8.308246	2.335223	0
conventional	ce1065	490	0	62.675155	0	14	7	8.585038	5.400586	30.977013	17.712518	0.428997	0
holistic	he977	491	7.177054	26.969803	4	4	37	0	26.709321	0.260482	0	0	9.166422
holistic	he978	491	0.501044	4.655000	2	6	17	0	0	4.655000	0	0	8.307155
holistic	he979	491	0	64.478370	0	24	12	64.478370	0	0	0	0	0
conventional	ce1066	491	0	51.523365	0	14	7	9.942983	3.296198	29.211836	9.072348	0	0
conventional	ce1067	491	0	46.243101	0	14	7	8.004021	2.509091	25.995842	9.734147	1.276634	0
conventional	ce1068	491	0	22.610024	0	14	7	2.899927	3.351997	10.492540	5.865560	2.356673	0
holistic	he980	492	0	0	0	0	0	0	0	0	0	0	0
conventional	ce1069	492	0	35.983999	0	14	7	6.602102	9.242979	14.794654	5.344264	0	0
holistic	he981	493	0	0	0	0	0	0	0	0	0	0	0
holistic	he982	493	0	0	0	0	0	0	0	0	0	0	0
conventional	ce1070	493	0	46.874411	0	14	7	6.221317	9.046914	22.882314	8.723866	2.414273	0
conventional	ce1071	494	0	68.037842	0	14	7	8.399340	9.557000	31.361163	18.720339	1.239926	0
conventional	ce1072	494	0.329436	41.165405	1	14	7	4.811023	1.359554	28.703016	6.291812	0	0
conventional	ce1073	494	0	40.047839	0	14	7	11.325084	4.302759	17.114726	7.305270	1.425397	0
holistic	he983	495	6.916572	26.709321	3	3	37	0	26.709321	0	0	0	9.166422
holistic	he984	495	1.459474	0.193836	1	1	10	0.193836	0	0	0	0	8.975467
holistic	he985	495	0	0	0	0	0	0	0	0	0	0	0
holistic	he986	496	0	0	0	0	0	0	0	0	0	0	0
holistic	he987	496	0	0	0	0	0	0	0	0	0	0	0
conventional	ce1074	496	0	24.376793	0	14	7	3.747647	2.744260	11.812654	6.072232	2.335223	0
conventional	ce1075	496	0	54.317520	0	14	7	9.531294	5.973554	29.375193	9.437479	1.121056	0
conventional	ce1076	497	0.387351	28.054729	1	14	7	10.204261	3.725219	8.517237	5.608012	1.274866	0
conventional	ce1077	497	0	42.569512	0	14	7	8.785227	2.281154	22.605683	8.897448	2.253396	0
conventional	ce1078	497	0	57.685913	0	14	7	13.233846	8.205649	27.293856	8.952562	1.186539	0
conventional	ce1079	497	0	24.487547	0	14	7	4.842862	1.991824	9.043451	8.609410	2.335223	0
conventional	ce1080	497	0	45.151404	0	14	7	11.163975	2.994594	21.741198	9.251637	0.393897	0
conventional	ce1081	498	0	67.500606	0	14	7	8.143375	11.705273	29.886444	17.765514	1.239926	0
conventional	ce1082	498	0	29.598476	0	14	7	7.512243	1.751284	13.588807	6.746142	2.253396	0
holistic	he988	499	4.689114	12.610998	3	21	22	12.610998	0	0	0	0.111348	16.085064
holistic	he989	499	0	0	0	0	0	0	0	0	0	0	0
holistic	he990	499	0	0	0	0	7	0	0	0	0	0.159501	29.716320
holistic	he991	499	0	66.677720	0	30	11	66.677720	0	0	0	0	0
holistic	he992	500	8.602944	55.574586	3	18	37	0	55.574586	0	0	0	10.836918
holistic	he993	500	0.507740	32.778400	2	22	26	0	0	32.778400	0	0	4.703052
holistic	he994	500	0.642792	1.383900	1	1	1	1.383900	0	0	0	0	0
conventional	ce1083	500	0	54.976683	0	14	7	8.458074	5.719790	26.344828	14.453991	0.997862	0
conventional	ce1084	500	0	48.181904	0	14	7	6.759480	6.560664	26.087308	8.774452	2.335223	0
conventional	ce1085	500	0	52.119978	0	14	7	9.528970	5.670203	27.077509	9.843296	0	0
conventional	ce1086	501	0.387351	31.282450	1	14	7	12.979024	3.499939	7.903813	6.899674	1.274866	0
holistic	he995	502	0	0	0	0	0	0	0	0	0	0	0
conventional	ce1087	502	1.157065	46.053887	1	14	7	6.734030	2.001213	24.373699	12.944945	0.678143	0
conventional	ce1088	503	0.217192	44.437817	1	14	7	4.653416	2.626517	29.955534	7.202350	0	0
conventional	ce1089	504	0	34.887707	0	14	7	6.924268	1.741039	15.994570	10.227830	1.211922	0
conventional	ce1090	504	0	53.216198	0	14	7	6.479649	4.449760	31.918317	10.368472	2.335223	0
holistic	he996	505	0.642792	1.383900	1	1	1	1.383900	0	0	0	0	0
conventional	ce1091	505	0.697748	24.064338	1	14	7	2.649514	1.243996	13.078729	7.092099	0.241617	0
holistic	he997	506	7.499526	44.377788	3	15	27	0	44.377788	0	0	0	7.904882
holistic	he998	506	0	0	0	0	4	0	0	0	0	0.407126	26.079272
holistic	he999	506	0	18.592267	0	20	22	6.339457	0	12.252810	0	0	0
holistic	he1000	507	0	0	0	0	7	0	0	0	0	0.106334	24.722778
conventional	ce1092	507	0	56.253483	0	14	7	5.046300	6.382707	35.437947	9.386529	0	0
conventional	ce1093	507	0	31.155836	0	14	7	8.414304	1.393683	13.221147	8.126702	2.253396	0
conventional	ce1094	507	0	64.783911	0	14	7	8.164114	9.974046	30.146595	16.499156	1.239926	0
holistic	he1001	508	0	44.278049	0	28	4	44.278049	0	0	0	0	0
conventional	ce1095	509	0.387351	27.223188	1	14	7	3.934278	1.848545	12.588904	8.851461	1.919682	0
conventional	ce1096	509	0	39.165948	0	14	7	5.965613	3.351021	17.629351	12.219963	2.356673	0
holistic	he1002	510	8.602944	39.952773	3	18	30	0	39.952773	0	0	0	11.195745
holistic	he1003	510	0	0	0	0	8	0	0	0	0	0	4.948564
holistic	he1004	510	0	6.920944	0	32	4	6.920944	0	0	0	0	0
holistic	he1005	510	0	0	0	0	3	0	0	0	0	0	0
holistic	he1006	510	0	55.284175	0	35	5	55.284175	0	0	0	0	0
conventional	ce1097	510	0	44.022797	0	14	7	6.591449	5.611874	24.367040	7.452434	1.425397	0
holistic	he1007	511	0	1.264520	0	3	1	1.264520	0	0	0	0	0
holistic	he1008	512	0	0	0	0	4	0	0	0	0	0.203563	23.594035
holistic	he1009	512	0	0	0	0	1	0	0	0	0	0	0
conventional	ce1098	512	0	25.144893	0	14	7	0.898838	3.586529	14.742871	5.916655	1.209339	0
holistic	he1010	513	0	0	0	0	5	0	0	0	0	0.283460	24.785307
conventional	ce1099	513	0.394774	60.110448	1	14	7	6.774167	8.691642	25.539069	19.105570	0.241617	0
conventional	ce1100	513	0	44.622831	0	14	7	7.218500	5.832710	22.513750	9.057871	1.239926	0
holistic	he1011	514	3.126076	11.945056	2	13	20	7.333906	0	4.611150	0	0	8.792862
holistic	he1012	514	4.689114	10.450509	3	24	22	10.450509	0	0	0	0.111348	16.175618
holistic	he1013	514	0	3.819792	0	6	13	0	0	3.819792	0	0	14.082494
holistic	he1014	514	0.642792	1.676435	1	1	4	1.676435	0	0	0	0	0
conventional	ce1101	514	0	51.616694	0	14	7	9.458156	3.673222	29.939158	8.546158	0	0
conventional	ce1102	514	0	53.690543	0	14	7	8.089721	5.562071	29.291785	10.746966	2.253396	0
holistic	he1015	515	5.650013	37.058685	7	19	18	4.545981	0	19.972256	12.540448	0	10.251982
holistic	he1016	515	0	0	0	0	4	0	0	0	0	0.203563	19.601599
conventional	ce1103	515	0	72.329873	0	14	7	8.143375	13.773690	32.473590	17.939218	1.239926	0
holistic	he1017	516	0	0	0	0	1	0	0	0	0	0	0
conventional	ce1104	516	0.757790	21.696281	1	14	7	4.679932	1.705683	8.583964	6.726702	2.266795	0
conventional	ce1105	516	0	16.455320	0	14	7	1.120319	1.954587	8.262574	5.117840	1.681145	0
conventional	ce1106	517	0.043333	57.751445	1	14	7	16.279669	5.622708	23.607806	12.241262	0.241617	0
holistic	he1018	518	0	0	0	0	0	0	0	0	0	0	0
conventional	ce1107	518	0	48.773553	0	14	7	5.983170	2.670480	30.560399	9.559504	1.881765	0
conventional	ce1108	519	0	40.175673	0	14	7	4.821012	7.156480	18.491660	9.706521	1.187562	0
conventional	ce1109	519	0.438196	18.995094	1	14	7	1.044861	4.816695	9.662238	3.471300	1.209339	0
holistic	he1019	520	0.642792	2.496689	1	1	1	2.496689	0	0	0	0	0
conventional	ce1110	520	0.414340	49.299564	1	14	7	10.234117	5.926287	24.715242	8.423918	0	0
conventional	ce1111	520	0	52.121160	0	14	7	11.359988	5.227454	23.034605	12.499113	1.404083	0
conventional	ce1112	520	0	36.711026	0	14	7	5.643241	1.707039	23.542968	5.817778	0	0
holistic	he1020	521	0	53.287032	0	36	4	53.287032	0	0	0	0	0
holistic	he1021	521	0.501044	9.381584	2	6	17	0	0	9.381584	0	0	9.750530
holistic	he1022	522	0	0	0	0	3	0	0	0	0	0.162220	41.456772
holistic	he1023	522	0	35.823636	0	12	8	35.823636	0	0	0	0	0
conventional	ce1113	522	0	72.919210	0	14	7	8.170189	10.002935	35.452325	19.293761	1.239926	0
holistic	he1024	524	0	0	0	0	0	0	0	0	0	0	0
holistic	he1025	524	7.644394	38.356914	5	17	16	6.832962	0	19.261456	12.262496	0	9.774111
conventional	ce1114	524	0	34.589255	0	14	7	6.477989	1.558258	15.862270	10.690738	1.966290	0
holistic	he1026	525	4.689114	12.478173	3	15	12	12.478173	0	0	0	0	11.923950
conventional	ce1115	525	0.438196	20.331985	1	14	7	3.074548	2.905866	8.144394	6.207177	1.209339	0
conventional	ce1116	525	0	36.158366	0	14	7	8.743336	2.321197	16.114062	8.979771	1.425397	0
holistic	he1027	526	0	0	0	0	0	0	0	0	0	0	0
holistic	he1028	526	0	0	0	0	0	0	0	0	0	0	0
holistic	he1029	527	0.552016	19.617722	2	16	8	0	0	19.617722	0	0	8.494966
holistic	he1030	527	8.602944	55.574586	3	18	34	0	55.574586	0	0	0	13.560690
conventional	ce1117	527	0	63.357386	0	14	7	9.104623	8.253419	29.818036	16.181308	1.239926	0
conventional	ce1118	527	0.403170	36.448874	1	14	7	5.583578	6.837968	20.968742	3.058586	1.269855	0
holistic	he1031	528	3.352283	7.290723	7	9	15	1.627367	0	5.663356	0	0	1.995007
holistic	he1032	528	0	31.246342	0	18	3	31.246342	0	0	0	0	0
holistic	he1033	528	9.222096	27.464500	4	4	38	0	27.464500	0	0	0	9.019400
conventional	ce1119	528	0	20.409713	0	14	7	0.235590	2.399721	11.907223	5.867179	1.422232	0
conventional	ce1120	528	0.387351	26.216783	1	14	7	3.311588	1.757322	11.205193	9.942680	2.536277	0
holistic	he1034	529	0	0	0	0	0	0	0	0	0	0	0
conventional	ce1121	529	0	32.336181	0	14	7	6.055561	3.156993	13.413411	9.710216	1.758215	0
holistic	he1035	530	0	5.716416	0	21	12	5.716416	0	0	0	0	0
holistic	he1036	530	0	5.884122	0	12	18	0	0	5.884122	0	0.222696	22.749618
holistic	he1037	530	0	43.312514	0	30	5	43.312514	0	0	0	0	0
holistic	he1038	530	2.704782	22.042708	2	11	16	0	8.903107	13.139601	0	0	4.369551
conventional	ce1122	530	0	53.084581	0	14	7	11.203267	5.227454	23.707231	12.946629	1.404083	0
holistic	he1039	531	0	0	0	0	0	0	0	0	0	0	0
holistic	he1040	531	0.642792	0.101591	1	1	4	0.101591	0	0	0	0	0
holistic	he1041	531	0	0.642475	0	1	1	0.642475	0	0	0	0	0
conventional	ce1123	531	0.977781	44.099921	1	14	7	9.298059	7.055114	20.754774	6.991974	1.548915	0
conventional	ce1124	532	0	74.322276	0	14	7	3.415999	6.096089	42.869952	21.940236	1.239926	0
conventional	ce1125	532	0	43.420229	0	14	7	7.633811	2.770755	23.377938	9.637725	2.306198	0
holistic	he1042	534	0	0	0	0	5	0	0	0	0	1.621446	28.499951
holistic	he1043	534	3.415658	3.415658	6	6	17	3.030654	0	0.385004	0	0	17.075944
holistic	he1044	535	0	3.785944	0	44	6	3.785944	0	0	0	0	0
holistic	he1045	535	0	0	0	0	0	0	0	0	0	0	0
holistic	he1046	535	0	13.497886	0	3	9	13.497886	0	0	0	0	0
holistic	he1047	535	0	0	0	0	7	0	0	0	0	0	9.150299
holistic	he1048	536	4.611048	13.030806	2	2	34	0	13.030806	0	0	0	7.843004
holistic	he1049	536	0	0	0	0	0	0	0	0	0	0	0
conventional	ce1126	536	0	20.376082	0	14	7	3.601574	2.522604	9.951258	4.300646	0	0
holistic	he1050	537	0	43.862520	0	28	6	43.862520	0	0	0	0	0
conventional	ce1127	537	0	30.466182	0	14	7	7.371762	3.898135	7.875547	11.320738	2.247434	0
holistic	he1051	538	0.642792	1.797602	1	1	4	1.797602	0	0	0	0	0
conventional	ce1128	539	0	38.710161	0	14	7	2.792482	2.786227	22.222589	10.908863	0	0
holistic	he1052	540	0	0	0	0	0	0	0	0	0	0	0
holistic	he1053	540	0	1.532156	0	3	1	1.532156	0	0	0	0	0
holistic	he1054	540	0	0	0	0	0	0	0	0	0	0	0
holistic	he1055	540	4.722999	22.670307	3	21	5	22.670307	0	0	0	1.720306	19.958840
holistic	he1056	540	2.305524	6.515403	1	1	34	0	6.515403	0	0	0	6.388778
conventional	ce1129	540	0	15.822729	0	14	7	2.807708	2.173112	3.966588	6.875321	2.335223	0
holistic	he1057	541	0	5.166489	0	21	9	5.166489	0	0	0	0	0
holistic	he1058	541	4.482637	4.482637	5	5	21	3.930621	0	0.552016	0	0	0
conventional	ce1130	541	0.110881	47.760283	1	14	7	4.676618	3.775586	29.219503	10.088576	0	0
conventional	ce1131	541	0	41.589327	0	14	7	1.295541	6.259308	22.602959	11.431519	1.187562	0
conventional	ce1132	541	0.043333	33.103624	1	14	7	5.404386	4.529673	14.404018	8.765547	0.147030	0
conventional	ce1133	541	0	51.182776	0	14	7	6.724398	9.062865	27.615650	7.779863	1.681145	0
holistic	he1059	542	0	0.465890	0	16	5	0.465890	0	0	0	0	0
conventional	ce1134	542	0	71.837286	0	14	7	8.065624	14.104920	32.481789	17.184953	1.239926	0
conventional	ce1135	542	0	37.796095	0	14	7	5.122482	2.167422	23.035045	7.471146	0	0
conventional	ce1136	542	0	62.805936	0	14	7	9.119237	8.087791	28.708131	16.890777	1.422575	0
conventional	ce1137	542	1.886078	31.896652	1	14	7	6.830048	2.788831	16.138927	6.138846	0.866726	0
holistic	he1060	543	11.568796	96.667680	4	28	40	0	96.667680	0	0	0	16.700553
conventional	ce1138	543	0	52.696193	0	14	7	7.164469	4.539215	30.986392	10.006117	1.906020	0
conventional	ce1139	543	0	47.493651	0	14	7	9.385699	4.276157	26.244841	7.586954	0	0
conventional	ce1140	543	0.438196	20.187460	1	14	7	0.757211	5.608135	10.490635	3.331479	1.209339	0
conventional	ce1141	543	0	62.025411	0	14	7	8.732227	7.825668	30.903537	14.563979	1.067138	0
conventional	ce1142	543	1.175266	39.489036	1	14	7	5.205630	5.417661	24.417921	4.447824	1.792400	0
conventional	ce1143	543	0	49.659134	0	14	7	11.505442	4.555398	21.403730	12.194564	1.404083	0
holistic	he1061	544	8.602944	92.097990	3	51	33	0	33.221478	58.876512	0	0	10.836918
holistic	he1062	544	0	207.589100	0	40	13	207.589100	0	0	0	0	0
holistic	he1063	544	5.420760	14.507100	3	18	22	14.507100	0	0	0	0.111348	14.744748
holistic	he1064	544	0	0	0	0	5	0	0	0	0	0.195912	25.589753
holistic	he1065	544	0	0	0	0	4	0	0	0	0	0	0
holistic	he1066	544	11.568796	90.042840	4	20	31	0	90.042840	0	0	0	11.506867
holistic	he1067	544	0	0	0	0	3	0	0	0	0	0	0
conventional	ce1144	544	0	33.943938	0	14	7	6.040988	1.236484	20.542574	6.123892	0	0
conventional	ce1145	544	0.757790	19.957897	1	14	7	5.253448	1.373932	8.314274	5.016243	2.608760	0
conventional	ce1146	544	0.010385	43.576072	1	14	7	4.604384	4.018278	27.677989	7.275421	0	0
conventional	ce1147	544	0	70.160927	0	14	7	3.513960	7.799982	37.310546	21.536439	1.248908	0
holistic	he1068	545	0	0	0	0	0	0	0	0	0	0	0
holistic	he1069	545	0	0	0	0	3	0	0	0	0	0	0
holistic	he1070	545	0	10.706910	0	50	22	10.706910	0	0	0	0.222696	28.082709
holistic	he1071	545	0	10.715256	0	18	32	0	0	10.715256	0	0	0
conventional	ce1148	545	0.438196	20.722761	1	14	7	0.998993	5.645187	10.410558	3.668023	1.209339	0
conventional	ce1149	545	0	53.778479	0	14	7	6.621335	4.090479	31.951021	11.115644	2.327022	0
conventional	ce1150	545	0	66.348256	0	14	7	9.703209	7.802298	32.073437	16.769312	1.239926	0
conventional	ce1151	545	0.770970	19.624275	1	14	7	0.790143	5.972834	10.752873	2.108425	2.536277	0
conventional	ce1152	545	0.438196	21.260267	1	14	7	3.074548	2.333693	9.246205	6.605821	1.560089	0
conventional	ce1153	545	0	52.433555	0	14	7	9.180618	4.500145	30.062130	8.690662	0	0
conventional	ce1154	546	0.853422	50.606566	1	14	7	8.304067	1.323880	32.248679	8.729940	3.072315	0
conventional	ce1155	546	0	61.843423	0	14	7	6.704548	6.282401	34.560412	14.296062	1.239926	0
conventional	ce1156	546	0	18.690232	0	14	7	0.235590	2.539559	10.161745	5.753338	1.422232	0
holistic	he1072	547	0	0	0	0	4	0	0	0	0	0.203563	22.065867
holistic	he1073	548	0	0	0	0	0	0	0	0	0	0	0
holistic	he1074	548	0	0.828105	0	1	13	0	0.828105	0	0	0	2.271339
holistic	he1075	548	0.507740	45.126140	2	26	26	0	0	45.126140	0	0	3.998828
conventional	ce1157	548	0	37.269757	0	14	7	5.832571	1.461477	24.114319	5.861390	0.180608	0
holistic	he1076	549	7.644394	40.484278	5	17	16	6.832962	0	19.261456	14.389860	0	9.774111
conventional	ce1158	549	0.117569	57.179166	1	14	7	16.045238	5.237483	24.175180	11.721265	0.676365	0
conventional	ce1159	549	0.438196	17.335041	1	14	7	2.205939	2.786008	7.659479	4.683615	1.209339	0
holistic	he1077	550	0	1.214749	0	1	1	1.214749	0	0	0	0	0
holistic	he1078	551	0	0	0	0	11	0	0	0	0	0.195912	25.748509
holistic	he1079	551	0	1.229819	0	3	1	1.229819	0	0	0	0	0
holistic	he1080	551	2.276749	8.791986	1	1	10	0	8.791986	0	0	0	4.656722
conventional	ce1160	551	0	80.407946	0	14	7	8.973333	12.963790	37.495600	20.975223	1.239926	0
holistic	he1081	552	0	0	0	0	7	0	0	0	0	0.159501	28.563801
holistic	he1082	552	0	0	0	0	7	0	0	0	0	0	9.150299
holistic	he1083	552	0.642792	1.676435	1	1	1	1.676435	0	0	0	0	0
conventional	ce1161	552	0.438196	24.620505	1	14	7	4.052983	2.003607	10.263592	8.300323	1.753299	0
holistic	he1084	553	0	0	0	0	0	0	0	0	0	0	0
holistic	he1085	553	0	0	0	0	3	0	0	0	0	0	0
holistic	he1086	553	0	4.803404	0	6	2	4.803404	0	0	0	0	0
conventional	ce1162	553	0.514772	57.645943	1	14	7	10.540084	2.676154	33.477036	10.952669	1.554303	0
holistic	he1087	554	0	1.229819	0	3	2	1.229819	0	0	0	0	0
conventional	ce1163	554	1.175266	39.888774	1	14	7	5.420935	5.722940	24.393892	4.351007	2.133643	0
holistic	he1088	555	3.628087	7.053529	3	14	17	6.343794	0	0.709735	0	0.111348	12.166731
holistic	he1089	555	0	0	0	0	7	0	0	0	0	0.159501	30.845334
holistic	he1090	555	0	0	0	0	0	0	0	0	0	0	0
conventional	ce1164	555	0	54.364963	0	14	7	13.234396	4.933621	29.841524	6.355422	0	0
holistic	he1091	556	3.600885	6.830676	3	14	17	6.238554	0	0.592122	0	0.111348	12.166731
conventional	ce1165	556	0	80.305479	0	14	7	10.991315	13.023650	37.120623	19.169891	1.239926	0
conventional	ce1166	556	0	33.295699	0	14	7	6.468889	0.561951	19.603957	6.660902	1.549138	0
holistic	he1092	557	0	0	0	0	0	0	0	0	0	0	0
conventional	ce1167	557	0	37.237457	0	14	7	2.343531	5.711725	16.632411	12.549790	1.396066	0
conventional	ce1168	557	0	53.178814	0	14	7	9.758876	4.738992	29.703034	8.977912	0.461606	0
conventional	ce1169	557	0	17.760257	0	14	7	3.074548	3.005462	8.221215	3.459032	1.425397	0
conventional	ce1170	558	0	26.368422	0	14	7	2.291732	3.038390	8.305825	12.732475	2.335223	0
conventional	ce1171	558	0.438196	17.866234	1	14	7	2.270531	2.546485	7.946195	5.103023	1.560089	0
conventional	ce1172	558	1.175266	43.016613	1	14	7	5.673317	6.080789	27.470192	3.792315	1.792400	0
holistic	he1093	559	2.481006	9.241174	1	1	10	0	9.241174	0	0	0	5.029861
holistic	he1094	559	0	0	0	0	1	0	0	0	0	0	0
holistic	he1095	559	0.642792	3.048388	1	2	4	3.048388	0	0	0	0	0
holistic	he1096	559	0.507740	32.778400	2	22	26	0	0	32.778400	0	0	4.703052
holistic	he1097	559	0	0	0	0	0	0	0	0	0	0	0
conventional	ce1173	559	1.789926	46.518438	2	14	7	7.218500	2.246116	23.692051	13.361771	1.209339	0
holistic	he1098	560	0.044202	0.926858	1	1	4	0.926858	0	0	0	0	0
holistic	he1099	560	0	0	0	0	0	0	0	0	0	0	0
holistic	he1100	560	0	0	0	0	0	0	0	0	0	0	0
holistic	he1101	560	0	0	0	0	0	0	0	0	0	0	0
conventional	ce1174	560	0	20.070359	0	14	7	1.708039	1.953204	10.092932	6.316184	1.422232	0
conventional	ce1175	560	0	49.659178	0	14	7	6.549494	3.251007	31.218314	8.640363	2.420994	0
conventional	ce1176	561	0	49.961230	0	14	7	8.732305	4.239055	28.708301	8.281569	0	0
conventional	ce1177	563	0	30.862502	0	14	7	6.000589	1.049537	17.029948	6.782428	0	0
holistic	he1102	564	0	1.290012	0	3	1	1.290012	0	0	0	0	0
conventional	ce1178	564	0	62.730374	0	14	7	10.952988	5.267772	33.755532	12.754082	0	0
conventional	ce1179	564	0.757790	23.801500	1	14	7	4.492145	3.169932	8.205968	7.933455	2.311777	0
holistic	he1103	565	0.642792	3.119652	1	1	1	3.119652	0	0	0	0	0
conventional	ce1180	565	0.110881	45.930320	1	14	7	3.241169	6.360689	23.490348	12.838114	0	0
conventional	ce1181	565	0	24.315512	0	14	7	1.200706	7.564995	10.923565	4.626246	0.678169	0
conventional	ce1182	565	0	47.453916	0	14	7	8.463994	5.545755	23.853738	9.590429	1.425397	0
conventional	ce1183	566	0	69.812836	0	14	7	5.947291	14.497318	32.060617	17.307610	1.599541	0
conventional	ce1184	566	0	87.120914	0	14	7	11.112390	18.378924	38.478728	19.150872	1.575066	0
conventional	ce1185	567	0	80.794384	0	14	7	6.277237	14.185534	38.820396	21.511217	1.239926	0
conventional	ce1186	567	0	12.496723	0	14	7	1.758324	2.053502	4.903444	3.781453	1.681145	0
holistic	he1104	568	11.568796	101.647500	4	52	43	0	101.647500	0	0	0	14.815017
holistic	he1105	568	0	6.972301	0	3	1	6.972301	0	0	0	0	0
conventional	ce1187	568	1.319423	40.480380	1	14	7	5.160965	4.818509	25.903472	4.597434	2.057227	0
holistic	he1106	569	0	247.947209	0	60	10	247.947209	0	0	0	0	0
conventional	ce1188	569	0	46.369816	0	14	7	11.362733	5.216217	21.056914	8.733952	1.404083	0
conventional	ce1189	569	0	38.198663	0	14	7	6.710092	3.743121	19.687616	8.057834	1.425397	0
holistic	he1107	570	0	1.229819	0	3	1	1.229819	0	0	0	0	0
conventional	ce1190	570	0	88.159060	0	14	7	11.569105	18.381028	39.490584	18.718343	1.140243	0
holistic	he1108	571	0	83.195451	0	62	16	50.862715	0	32.332736	0	0.111348	4.479759
holistic	he1109	572	0	0	0	0	0	0	0	0	0	0	0
holistic	he1110	573	5.883309	12.829350	3	24	26	12.829350	0	0	0	0.111348	16.652963
conventional	ce1191	573	0	37.242351	0	14	7	5.932776	2.022108	21.351911	7.935556	1.425397	0
holistic	he1111	574	0	0	0	0	0	0	0	0	0	0	0
holistic	he1112	574	0.642792	0.075302	1	2	4	0.075302	0	0	0	0	0
holistic	he1113	574	0	0	0	0	0	0	0	0	0	0	0
conventional	ce1192	574	0	64.949321	0	14	7	4.735721	14.219501	31.664434	14.329665	2.258959	0
conventional	ce1193	574	0.585358	24.440199	1	14	7	2.807172	4.436558	8.849355	8.347114	1.209339	0
holistic	he1114	575	0	0	0	0	12	0	0	0	0	0	0
holistic	he1115	575	4.722999	40.993524	3	33	7	40.993524	0	0	0	3.440612	14.207179
conventional	ce1194	575	0	33.632521	0	14	7	7.483565	1.146767	18.341021	6.661168	0.723483	0
holistic	he1116	576	0.044202	0.830969	1	1	4	0.830969	0	0	0	0	0
holistic	he1117	576	0	0	0	0	0	0	0	0	0	0	0
conventional	ce1195	576	0	69.381767	0	14	7	11.654294	7.993063	33.417795	16.316615	1.396071	0
conventional	ce1196	576	0	17.191686	0	14	7	2.781284	1.658741	8.674176	4.077485	0	0
conventional	ce1197	576	0	56.892729	0	14	7	8.784025	4.432627	30.801562	12.874515	1.906020	0
conventional	ce1198	577	0	34.783394	0	14	7	7.287238	3.199888	19.730674	4.565594	0.757506	0
conventional	ce1199	577	0.387351	31.153689	1	14	7	2.834165	2.551024	14.178149	11.590351	2.168054	0
holistic	he1118	578	0	0	0	0	1	0	0	0	0	0	0
holistic	he1119	578	0.642792	0.940156	1	1	1	0.940156	0	0	0	0	0
conventional	ce1200	578	0	21.548324	0	14	7	1.217668	4.864948	9.429455	6.036253	1.422232	0
conventional	ce1201	579	0	39.971843	0	14	7	7.936106	4.789311	19.980722	7.265704	0.757506	0
conventional	ce1202	579	0	72.414556	0	14	7	8.570815	8.718129	36.025423	19.100189	2.247434	0
conventional	ce1203	579	0	23.288414	0	14	7	2.160465	3.443225	11.982901	5.701823	1.239926	0
holistic	he1120	580	3.388612	14.906573	3	5	15	0	14.385609	0.520964	0	0	6.812954
conventional	ce1204	580	0	48.927387	0	14	7	8.974686	5.445364	25.038816	9.468521	1.558909	0
conventional	ce1205	580	0	61.563787	0	14	7	11.325480	5.256412	26.104178	18.877717	1.404083	0
holistic	he1121	581	0	0	0	0	0	0	0	0	0	0	0
holistic	he1122	581	0.642792	1.797602	1	1	4	1.797602	0	0	0	0	0
holistic	he1123	581	0	0	0	0	3	0	0	0	0	0	0
conventional	ce1206	581	0	37.641252	0	14	7	1.778433	5.830070	21.110354	8.922395	1.187562	0
conventional	ce1207	581	0	52.884938	0	14	7	9.702236	5.499996	24.715735	12.966971	1.647701	0
conventional	ce1208	581	1.618138	32.591261	1	14	7	5.984779	2.318188	17.552890	6.735404	1.889960	0
holistic	he1124	582	2.044936	2.044936	1	1	2	2.044936	0	0	0	0	0
conventional	ce1209	582	0	51.067483	0	14	7	6.467953	4.775782	26.577633	13.246115	2.064361	0
conventional	ce1210	583	0.438196	56.178859	1	14	7	9.209279	3.550572	33.642083	9.776925	1.072764	0
holistic	he1125	584	0	0	0	0	5	0	0	0	0	1.056152	23.746530
holistic	he1126	584	0	0	0	0	1	0	0	0	0	0	0
holistic	he1127	584	0	3.598544	0	6	3	3.598544	0	0	0	0	0
conventional	ce1211	584	0	35.700896	0	14	7	5.729719	1.185923	24.214132	4.571122	0.180608	0
holistic	he1128	585	0	0	0	0	0	0	0	0	0	0	0
conventional	ce1212	585	0	43.359156	0	14	7	2.964833	5.621522	20.146017	14.626784	1.396066	0
conventional	ce1213	585	0	86.448268	0	14	7	10.943876	18.033712	39.544927	17.925753	1.005312	0
conventional	ce1214	586	0	68.940941	0	14	7	5.870332	14.796117	33.292992	14.981500	1.599541	0
holistic	he1129	587	2.044936	2.044936	1	1	2	2.044936	0	0	0	0	0
holistic	he1130	587	0.507740	39.890252	2	26	26	0	0	39.890252	0	0	1.347344
holistic	he1131	587	0	0	0	0	1	0	0	0	0	0	0
conventional	ce1215	587	0	48.324709	0	14	7	11.333209	4.264478	21.484342	11.242680	1.302744	0
conventional	ce1216	587	0.463466	54.749995	1	14	7	10.307135	2.182659	31.368735	10.891466	1.554303	0
conventional	ce1217	587	0	41.859273	0	14	7	5.346856	8.478492	15.799771	12.234154	1.396066	0
conventional	ce1218	587	0.110881	43.199206	1	14	7	4.169124	2.276666	26.374402	10.379014	0	0
holistic	he1132	588	4.611048	14.636162	2	2	30	0	14.636162	0	0	0	7.217872
holistic	he1133	588	0	0	0	0	0	0	0	0	0	0	0
holistic	he1134	588	0	0	0	0	3	0	0	0	0	0	0
holistic	he1135	588	3.126076	5.795990	2	10	13	5.795990	0	0	0	0.111348	12.113680
conventional	ce1219	588	0	82.690790	0	14	7	6.703208	15.379372	41.086117	19.522093	1.239926	0
conventional	ce1220	588	1.175266	35.236789	1	14	7	5.598563	5.403967	21.170448	3.063811	1.557264	0
holistic	he1136	589	2.276749	8.791986	1	1	10	0	8.791986	0	0	0	4.656722
holistic	he1137	589	0	0	0	0	3	0	0	0	0	0	0
conventional	ce1221	589	0	76.403746	0	14	7	10.019346	7.088499	39.301724	19.994177	1.239926	0
conventional	ce1222	589	0	50.331347	0	14	7	7.953352	6.903855	27.075172	8.398968	1.425397	0
holistic	he1138	590	0	0	0	0	0	0	0	0	0	0	0
holistic	he1139	590	0	0	0	0	0	0	0	0	0	0	0
conventional	ce1223	590	0	48.097637	0	14	7	7.404708	2.676743	29.392351	8.623835	0.180608	0
conventional	ce1224	590	1.175266	52.979403	1	14	7	10.427849	4.736874	27.032997	10.781683	3.488413	0
holistic	he1140	591	0	0	0	0	0	0	0	0	0	0	0
conventional	ce1225	591	0	67.303820	0	14	7	4.481044	13.004872	32.830510	16.987394	1.874038	0
holistic	he1141	592	0	0	0	0	5	0	0	0	0	0	25.759707
holistic	he1142	592	0.642792	1.295858	1	1	4	1.295858	0	0	0	0	0
conventional	ce1226	592	1.769838	46.426624	2	14	7	6.469350	4.206370	24.122497	11.628407	1.399557	0
conventional	ce1227	592	0	70.042597	0	14	7	13.954400	13.677766	27.971598	14.438833	1.575066	0
conventional	ce1228	592	0	41.039684	0	14	7	6.318327	1.577167	29.273395	3.870795	0.180608	0
holistic	he1143	594	0	0	0	0	0	0	0	0	0	0	0
holistic	he1144	594	0	0	0	0	0	0	0	0	0	0	0
conventional	ce1229	594	0	65.007127	0	14	7	2.461536	14.777009	34.307605	13.460977	2.258959	0
conventional	ce1230	594	0	36.605838	0	14	7	1.857179	6.380588	15.503526	12.864545	1.563445	0
conventional	ce1231	594	0	50.787193	0	14	7	9.542788	6.120775	26.109223	9.014407	0.663140	0
holistic	he1145	595	0	0	0	0	0	0	0	0	0	0	3.448108
holistic	he1146	595	0	0	0	0	6	0	0	0	0	0.470190	18.047224
holistic	he1147	595	0	0	0	0	3	0	0	0	0	0	0
holistic	he1148	595	0	0	0	0	0	0	0	0	0	0	0
holistic	he1149	595	0	0	0	0	0	0	0	0	0	0	0
conventional	ce1232	595	0	22.876010	0	14	7	3.159859	1.936074	10.693346	7.086731	1.193852	0
holistic	he1150	596	0	0	0	0	1	0	0	0	0	0	0
holistic	he1151	596	0	0	0	0	0	0	0	0	0	0	0
holistic	he1152	596	0	0	0	0	3	0	0	0	0	0	0
conventional	ce1233	596	0	88.209507	0	14	7	14.878268	13.399060	36.863900	23.068279	1.162025	0
conventional	ce1234	597	0	46.046706	0	14	7	4.634470	4.115389	24.582848	12.713999	0	0
holistic	he1153	598	0	0	0	0	0	0	0	0	0	0	0
holistic	he1154	598	0	0	0	0	0	0	0	0	0	0	0
conventional	ce1235	598	0	68.500199	0	14	7	2.379745	12.563228	36.095230	17.461996	2.602129	0
holistic	he1155	599	0	0	0	0	0	0	0	0	0	0	0
holistic	he1156	599	0	0	0	0	0	0	0	0	0	0	0
holistic	he1157	599	3.052026	23.965821	3	21	5	23.965821	0	0	0	1.720306	20.645949
conventional	ce1236	599	0	50.893835	0	14	7	10.783248	4.712205	27.152229	8.246153	0	0
conventional	ce1237	599	0	51.945021	0	14	7	10.621753	2.991603	26.527508	11.804157	2.967305	0
holistic	he1158	600	0	0	0	0	0	0	0	0	0	0	0
holistic	he1159	600	0	1.797976	0	3	1	1.797976	0	0	0	0	0
holistic	he1160	600	3.126076	5.663092	2	10	11	5.663092	0	0	0	0.708775	11.679070
holistic	he1161	600	2.866714	10.677844	1	1	10	0	10.677844	0	0	0	4.605655
conventional	ce1238	600	1.319423	45.881824	1	14	7	6.538446	5.030670	29.094380	5.218328	2.057227	0
conventional	ce1239	601	0	74.343202	0	14	7	10.916818	13.709786	31.633553	18.083045	1.164787	0
conventional	ce1240	601	0	30.867737	0	14	7	3.794017	6.089661	15.322561	5.661498	1.396066	0
holistic	he1162	602	2.276749	10.094185	1	1	10	0	10.094185	0	0	0	4.656722
conventional	ce1241	602	0	89.108765	0	14	7	9.848796	14.564364	40.380023	24.315582	0.180608	0
conventional	ce1242	602	0.757790	23.224857	1	14	7	4.952310	1.993671	12.257487	4.021389	2.608760	0
holistic	he1163	603	0	0	0	0	0	0	0	0	0	0	0
holistic	he1164	603	0	0	0	0	0	0	0	0	0	0	0
holistic	he1165	603	0.507740	45.126140	2	26	26	0	0	45.126140	0	0	3.998828
conventional	ce1243	603	0	91.866870	0	14	7	13.398181	10.329872	42.365287	25.773530	1.239926	0
conventional	ce1244	603	0	20.283518	0	14	7	0.992972	1.912799	10.762990	6.614757	1.422232	0
conventional	ce1245	603	0.387351	29.163642	1	14	7	2.921325	2.551024	13.539577	10.151716	2.168054	0
conventional	ce1246	603	0	90.072237	0	14	7	9.961116	18.294988	38.722017	23.094116	0.169759	0
conventional	ce1247	603	0	34.838194	0	14	7	4.432092	0.949230	23.348254	6.108618	1.266431	0
holistic	he1166	604	0	0	0	0	0	0	0	0	0	0	0
holistic	he1167	604	0	1.305975	0	3	1	1.305975	0	0	0	0	0
holistic	he1168	604	0.044202	0.124375	1	1	1	0.124375	0	0	0	0	0
holistic	he1169	604	2.276749	10.094185	1	1	10	0	10.094185	0	0	0	4.656722
conventional	ce1248	604	1.875068	41.659215	1	14	7	7.326346	2.827875	21.579889	9.925105	1.889960	0
conventional	ce1249	604	0	18.009148	0	14	7	2.422575	1.651264	9.458041	4.477268	1.239926	0
holistic	he1170	605	3.576672	7.255054	2	10	13	7.255054	0	0	0	0.111348	6.105728
conventional	ce1250	605	1.618138	33.540484	1	14	7	5.984779	3.034155	16.797421	7.724129	1.889960	0
conventional	ce1251	605	0	87.646880	0	14	7	7.309237	19.153749	40.548211	20.635683	1.541098	0
conventional	ce1252	605	1.789926	50.145081	2	14	7	7.712372	4.433386	22.614629	15.384694	0.789584	0
conventional	ce1253	605	0	47.950465	0	14	7	11.692866	4.340739	24.583567	7.333293	0	0
conventional	ce1254	606	1.319423	75.588793	1	14	7	9.990083	16.024425	33.700956	15.873329	2.057227	0
conventional	ce1255	606	0	64.689715	0	14	7	2.652305	14.215836	33.275297	14.546277	2.258959	0
conventional	ce1256	607	1.789926	36.118704	2	14	7	1.895534	1.370079	20.193546	12.659545	1.209339	0
holistic	he1171	608	0	0	0	0	0	0	0	0	0	0	0
holistic	he1172	608	11.829278	99.785274	5	45	29	0	99.524792	0.260482	0	0	12.218174
holistic	he1173	608	0	0	0	0	9	0	0	0	0	0	0
conventional	ce1257	608	0.387351	28.421490	1	14	7	2.429981	2.706020	13.031754	10.253735	1.063182	0
conventional	ce1258	608	0	20.798601	0	14	7	4.143093	1.060143	11.050526	4.544839	0.180608	0
holistic	he1174	611	0	0	0	0	0	0	0	0	0	0	0
holistic	he1175	611	0	0	0	0	0	0	0	0	0	0	0
conventional	ce1259	611	1.938956	50.936704	2	14	7	7.523029	5.218098	22.647024	15.548553	0.789584	0
holistic	he1176	612	0	0	0	0	0	0	0	0	0	0	0
holistic	he1177	612	0	0	0	0	0	0	0	0	0	0	0
holistic	he1178	612	13.269912	121.035012	4	52	43	0	121.035012	0	0	0	14.523941
holistic	he1179	613	2.276749	10.094185	1	1	10	0	10.094185	0	0	0	4.079997
holistic	he1180	613	0	0	0	0	0	0	0	0	0	0	0
conventional	ce1260	613	0	81.497995	0	14	7	10.562755	14.152279	32.652144	24.130817	0.180608	0
holistic	he1181	614	0	0	0	0	4	0	0	0	0	0.450493	15.972200
conventional	ce1261	614	0	60.730110	0	14	7	9.859411	4.733269	32.351996	13.785434	1.906020	0
holistic	he1182	615	0	0	0	0	0	0	0	0	0	0	0
conventional	ce1262	616	0	54.193545	0	14	7	11.314704	4.792781	28.112393	9.973667	0.461606	0
conventional	ce1263	616	0	50.361847	0	14	7	9.283088	5.609429	25.416437	10.052893	1.558909	0
holistic	he1183	617	6.017376	21.519645	3	3	14	0	20.086968	1.432677	0	0	6.854210
holistic	he1184	617	0	0	0	0	4	0	0	0	0	0	0
conventional	ce1264	617	0.387351	28.733573	1	14	7	3.622351	2.769389	14.444278	7.897555	2.168054	0
conventional	ce1265	617	0	55.543487	0	14	7	8.399991	4.609656	31.714989	10.818851	1.906020	0
conventional	ce1266	618	0	89.231441	0	14	7	11.144790	18.668036	40.310047	19.108568	1.140243	0
holistic	he1185	619	2.276749	10.094185	1	1	10	0	10.094185	0	0	0	4.548309
holistic	he1186	619	0.642792	1.418964	1	1	4	1.418964	0	0	0	0	0
holistic	he1187	619	0	0	0	0	1	0	0	0	0	0	0
holistic	he1188	619	1.622762	16.924290	2	4	6	0	0	1.622762	15.301528	0	1.399967
holistic	he1189	619	3.576672	7.534550	2	12	17	7.534550	0	0	0	0.111348	5.010654
conventional	ce1267	619	0	77.661134	0	14	7	6.958637	15.613369	39.094846	15.994282	1.140243	0
conventional	ce1268	619	1.319423	90.971017	1	14	7	10.131648	18.042937	42.488536	20.307896	1.878158	0
conventional	ce1269	619	1.319423	39.041190	1	14	7	3.702773	4.579637	19.403979	11.354801	1.216021	0
holistic	he1190	620	0.132606	56.203197	3	24	10	56.203197	0	0	0	0	0
holistic	he1191	620	0	0	0	0	0	0	0	0	0	0	0
holistic	he1192	620	0	0	0	0	3	0	0	0	0	0	0
conventional	ce1270	620	1.789926	47.466523	2	14	7	6.443154	4.283196	21.783136	14.957037	0.789584	0
conventional	ce1271	620	1.175266	33.967936	1	14	7	4.609129	5.300513	21.019178	3.039116	1.557264	0
holistic	he1193	621	2.276749	10.094185	1	1	10	0	10.094185	0	0	0	6.452048
conventional	ce1272	621	0	50.675407	0	14	7	7.401605	10.615465	25.518873	7.139464	1.675303	0
conventional	ce1273	621	0	49.661734	0	14	7	5.111735	6.332570	24.465935	13.751494	0	0
holistic	he1194	622	0	2.593085	0	2	1	2.593085	0	0	0	0	0
conventional	ce1274	622	0.672355	39.928993	1	14	7	6.710092	4.020947	18.936042	10.261912	1.072764	0
holistic	he1195	623	0	0	0	0	0	0	0	0	0	0	0
holistic	he1196	623	2.276749	10.272750	1	1	8	0	10.272750	0	0	0	1.419464
conventional	ce1275	623	0	86.199580	0	14	7	12.201250	17.724981	37.995445	18.277904	1.005312	0
conventional	ce1276	623	0	74.151173	0	14	7	14.700835	12.880692	29.882819	16.686827	1.565796	0
holistic	he1197	624	0	0	0	0	4	0	0	0	0	0	0
holistic	he1198	624	0	0	0	0	0	0	0	0	0	0	0
conventional	ce1277	625	0.757790	17.740791	1	14	7	3.893728	1.352953	9.110951	3.383159	2.608760	0
conventional	ce1278	625	0	92.761540	0	14	7	9.700005	14.628050	43.385966	25.047519	0.180608	0
conventional	ce1279	626	0.438196	49.641792	1	14	7	5.995512	3.189940	32.047504	8.408836	0.666273	0
conventional	ce1280	626	0.388068	45.604463	1	14	7	10.387378	4.508640	21.559762	9.148683	0.305760	0
holistic	he1199	627	2.034684	27.519608	2	16	4	27.519608	0	0	0	1.720306	17.752980
conventional	ce1281	627	0.829914	27.020990	1	14	7	2.258606	1.437606	13.293455	10.031323	1.381175	0
holistic	he1200	628	0	0	0	0	0	0	0	0	0	0	0
holistic	he1201	628	0	0	0	0	0	0	0	0	0	0	0
holistic	he1202	628	0	0	0	0	0	0	0	0	0	0	0
conventional	ce1282	628	0	33.399633	0	14	7	4.817817	6.515716	16.960795	5.105305	1.151384	0
conventional	ce1283	629	0	85.293589	0	14	7	9.647421	18.314047	37.035992	20.296129	0.267712	0
conventional	ce1284	629	0.092230	46.719577	1	14	7	6.604339	3.289619	28.750219	8.075400	1.091535	0
conventional	ce1285	629	0	59.856897	0	14	7	12.073505	6.122453	28.877929	12.783010	2.967305	0
conventional	ce1286	629	0	55.405297	0	14	7	11.330917	3.201365	29.292772	11.580243	1.932863	0
holistic	he1203	630	0.062426	0.812744	1	1	4	0.812744	0	0	0	0	0
conventional	ce1287	630	0	61.387595	0	14	7	14.117568	5.395026	30.810865	11.064136	2.967305	0
conventional	ce1288	630	0	33.376314	0	14	7	3.904415	6.656984	16.698910	6.116005	1.396066	0
conventional	ce1289	631	0.388068	45.454682	1	14	7	7.846610	4.322410	21.307791	11.977871	0.305760	0
holistic	he1204	632	0	0	0	0	0	0	0	0	0	0	0
conventional	ce1290	633	0.224904	47.269852	1	14	7	7.735493	3.134608	28.070813	8.328938	2.168054	0
holistic	he1205	634	0	0	0	0	0	0	0	0	0	0	0
conventional	ce1291	634	0	67.544039	0	14	7	14.559150	13.123853	26.674232	13.186804	2.074332	0
conventional	ce1292	634	0	23.318129	0	14	7	1.594165	3.113619	11.825327	6.785018	1.422232	0
holistic	he1206	635	0	0	0	0	0	0	0	0	0	0	0
conventional	ce1293	635	0.387351	28.411086	1	14	7	2.745675	2.720124	12.837212	10.108075	1.063182	0
holistic	he1207	636	3.126076	5.730334	2	10	13	5.730334	0	0	0	0.708775	11.987957
holistic	he1208	636	9.106996	40.376740	4	4	13	0	40.376740	0	0	0	12.154308
holistic	he1209	636	0	0	0	0	0	0	0	0	0	0	0
conventional	ce1294	636	0	64.696016	0	14	7	11.508019	5.390453	30.045758	17.751786	1.480923	0
conventional	ce1295	636	0	71.029097	0	14	7	12.624709	4.852502	36.476266	17.075620	0.180608	0
conventional	ce1296	637	0	87.524583	0	14	7	14.040246	17.460309	38.580589	17.443439	1.005312	0
conventional	ce1297	637	0.438196	52.167846	1	14	7	6.746126	4.905533	32.148781	8.367406	0.666273	0
conventional	ce1298	637	0	33.089511	0	14	7	2.479477	6.367675	14.401514	9.840845	1.563445	0
holistic	he1210	638	2.276749	10.445282	1	1	8	0	10.445282	0	0	0	1.378643
holistic	he1211	638	0	0	0	0	0	0	0	0	0	0	0
conventional	ce1299	639	0	75.174359	0	14	7	9.784483	14.131150	33.513881	17.744845	0.180608	0
conventional	ce1300	639	1.938956	51.283186	2	14	7	6.179373	7.704529	22.716098	14.683186	0.789584	0
holistic	he1212	640	0	0	0	0	0	0	0	0	0	0	0
holistic	he1213	640	0	0	0	0	3	0	0	0	0	0	0
conventional	ce1301	640	0	43.756037	0	14	7	3.883521	3.397690	25.233681	11.241145	0	0
conventional	ce1302	640	1.175266	35.228920	1	14	7	5.518978	5.019554	21.600871	3.089517	1.516817	0
holistic	he1214	641	2.866714	10.677844	1	1	10	0	10.677844	0	0	0	4.605655
holistic	he1215	641	0	0	0	0	0	0	0	0	0	0	0
conventional	ce1303	641	0	62.717050	0	14	7	9.775062	5.071621	33.734852	14.135515	1.906020	0
conventional	ce1304	641	0.757942	62.036408	1	14	7	10.986310	5.037864	32.767071	13.245163	1.601907	0
holistic	he1216	642	0	0	0	0	0	0	0	0	0	0	0
conventional	ce1305	642	0	60.533732	0	14	7	10.601352	3.790829	32.196667	13.944884	1.906020	0
conventional	ce1306	642	0	31.702442	0	14	7	2.814164	5.928711	10.987126	11.972441	1.563445	0
conventional	ce1307	642	0	46.032696	0	14	7	10.456525	2.854096	18.360855	14.361220	2.967305	0
conventional	ce1308	643	0	48.698205	0	14	7	7.890595	4.757590	26.054260	9.995760	1.558909	0
conventional	ce1309	643	0	22.424984	0	14	7	3.045551	2.052149	10.742721	6.584563	1.193852	0
conventional	ce1310	645	0.388068	50.046616	1	14	7	9.949252	5.753494	21.775123	12.568747	0.791131	0
conventional	ce1311	645	1.283469	57.229974	1	14	7	8.403496	12.522768	27.160123	9.143587	2.108370	0
conventional	ce1312	646	0	88.717159	0	14	7	11.762361	17.330024	39.948160	19.676614	0.518243	0
conventional	ce1313	647	0	81.181665	0	14	7	10.053615	9.221436	42.305626	19.600988	1.239926	0
conventional	ce1314	647	0.387351	29.789561	1	14	7	2.539040	1.373792	14.331623	11.545106	2.281502	0
holistic	he1217	648	0	0	0	0	3	0	0	0	0	0	0
holistic	he1218	648	0.507740	45.919748	2	26	26	0	0	45.919748	0	0	0.968248
holistic	he1219	648	0	0	0	0	0	0	0	0	0	0	0
conventional	ce1315	648	0.387351	35.347717	1	14	7	2.451422	3.645747	15.390399	13.860149	1.063182	0
holistic	he1220	649	0	0	0	0	0	0	0	0	0	0	0
holistic	he1221	649	2.463330	2.120878	2	12	13	2.120878	0	0	0	0.708775	11.127107
conventional	ce1316	649	0	51.928872	0	14	7	5.558408	4.929497	26.045340	15.395627	0	0
conventional	ce1317	649	0.438196	55.587757	1	14	7	6.647500	10.048265	31.868857	7.023135	0.943989	0
conventional	ce1318	649	0.388068	50.333083	1	14	7	7.915466	3.461186	27.596270	11.360161	0.778378	0
holistic	he1222	650	0	0	0	0	0	0	0	0	0	0	0
holistic	he1223	650	0	0	0	0	0	0	0	0	0	0	0
conventional	ce1319	650	0	48.488122	0	14	7	6.440058	4.166305	25.341625	12.540134	1.828738	0
conventional	ce1320	650	0.501047	49.803827	1	14	7	5.558782	3.492809	31.027228	9.725008	0.666273	0
holistic	he1224	651	1.829732	1.829732	2	2	26	0	0	1.829732	0	0	0.968248
holistic	he1225	652	0	0	0	0	0	0	0	0	0	0	0
holistic	he1226	652	0	0	0	0	0	0	0	0	0	0	0
conventional	ce1321	652	1.099748	39.536345	1	14	7	6.159861	3.764750	19.677951	9.933783	1.889960	0
conventional	ce1322	652	0.387351	32.566523	1	14	7	2.827392	3.236598	14.365287	12.137246	1.063182	0
holistic	he1227	654	2.866714	10.677844	1	1	10	0	10.677844	0	0	0	4.605655
holistic	he1228	654	0	0	0	0	0	0	0	0	0	0	0
conventional	ce1323	654	0	19.439538	0	14	7	3.769069	3.177454	9.421827	3.071188	2.447392	0
conventional	ce1324	654	1.211864	51.234235	2	14	7	6.984461	4.016016	23.795949	16.437809	0.932487	0
conventional	ce1325	654	0	27.355244	0	14	7	2.356528	2.476787	12.637108	9.884821	0.180608	0
conventional	ce1326	654	0.430114	44.290575	1	14	7	8.613057	5.219670	20.893268	9.564580	0.305760	0
holistic	he1229	655	3.052026	5.972757	3	9	14	3.778329	0	0	2.194428	0	19.310397
conventional	ce1327	655	0	52.258054	0	14	7	11.461852	6.130212	25.851407	8.814583	0	0
conventional	ce1328	655	0	55.566317	0	14	7	7.433139	6.444322	27.699262	13.989594	1.106508	0
holistic	he1230	656	2.034684	1.728846	2	6	4	1.728846	0	0	0	0	10.092292
holistic	he1231	656	5.171012	6.553474	3	5	6	6.553474	0	0	0	0	8.537054
holistic	he1232	656	0	0	0	0	0	0	0	0	0	0	0
holistic	he1233	656	0	0	0	0	2	0	0	0	0	0	0
conventional	ce1329	657	0	84.276096	0	14	7	12.191185	17.559384	37.339066	17.186461	1.005312	0
holistic	he1234	658	9.952434	102.580917	3	60	42	0	102.580917	0	0	0	12.840588
holistic	he1235	658	0	2.185842	0	5	1	2.185842	0	0	0	0	0
holistic	he1236	659	0	0	0	0	0	0	0	0	0	0	0
conventional	ce1330	659	0	23.721763	0	14	7	4.769426	3.316077	10.928016	4.708244	2.447392	0
conventional	ce1331	659	0.387351	30.171375	1	14	7	2.168404	1.373792	14.370869	12.258310	1.388515	0
conventional	ce1332	659	1.789926	71.228442	2	14	7	11.926246	4.280646	37.545787	17.475763	0.789584	0
holistic	he1237	660	0	0	0	0	0	0	0	0	0	0.075681	0
holistic	he1238	660	4.689114	8.725857	3	24	18	8.725857	0	0	0	0.708775	16.256484
holistic	he1239	660	0	3.546959	0	2	3	3.546959	0	0	0	0	0
holistic	he1240	660	4.069368	6.676024	4	24	22	5.925904	0	0.750120	0	0	2.191888
holistic	he1241	660	0	0	0	0	1	0	0	0	0	0	12.970634
conventional	ce1333	660	0	55.548012	0	14	7	9.065085	7.877070	25.737744	12.868113	1.558909	0
conventional	ce1334	661	1.241523	17.252954	1	14	7	3.656792	0.504986	10.356658	2.734518	2.603258	0
conventional	ce1335	661	0.757790	45.252726	1	14	7	10.167234	2.411027	19.716730	12.957735	3.110695	0
conventional	ce1336	661	0.387351	29.311675	1	14	7	2.584261	1.373792	13.751593	11.602029	2.773980	0
holistic	he1242	662	2.034684	28.829108	2	16	4	28.829108	0	0	0	1.720306	17.045017
holistic	he1243	662	6.009260	102.724160	6	70	25	65.674468	0	37.049692	0	0	10.246869
conventional	ce1337	662	0.757790	20.787397	1	14	7	5.854802	2.148420	8.011083	4.773092	2.360266	0
conventional	ce1338	662	0	45.744057	0	14	7	5.824490	7.199333	22.732287	9.987947	2.381837	0
holistic	he1244	663	6.634956	56.735634	2	28	39	0	56.735634	0	0	0	8.852234
holistic	he1245	663	0	3.070299	0	2	1	3.070299	0	0	0	0	0
holistic	he1246	663	2.034684	4.959108	2	6	4	4.959108	0	0	0	0	11.943634
holistic	he1247	663	0	0	0	0	0	0	0	0	0	0	0
conventional	ce1339	663	0.388068	42.925156	1	14	7	6.819494	2.634560	21.763421	11.707681	0.305760	0
conventional	ce1340	663	0.757790	45.417228	1	14	7	11.244166	2.126188	18.892654	13.154220	3.110695	0
conventional	ce1341	663	0	69.712944	0	14	7	12.635337	11.881686	30.426524	14.769397	1.239926	0
holistic	he1248	664	0	0	0	0	2	0	0	0	0	0	0
holistic	he1249	664	0	0	0	0	0	0	0	0	0	0	0
holistic	he1250	664	3.125101	11.810515	1	2	10	0	11.640276	0	0.170239	0	5.615613
conventional	ce1342	664	0	96.618076	0	14	7	13.215131	15.170694	45.431183	22.801068	1.151384	0
conventional	ce1343	664	1.175266	26.884002	1	14	7	4.681810	4.651323	11.396556	6.154313	1.267273	0
holistic	he1251	665	0.507740	30.782412	2	18	20	0	0	30.782412	0	0	0.968248
conventional	ce1344	665	0	55.361769	0	14	7	7.773293	13.894570	27.937728	5.756178	1.675303	0
conventional	ce1345	665	1.283469	59.658741	1	14	7	9.463732	14.314525	26.749377	9.131107	1.942039	0
conventional	ce1346	665	0.387351	32.193424	1	14	7	3.069907	3.185278	15.587886	10.350353	1.063182	0
conventional	ce1347	665	0	73.268572	0	14	7	12.474362	6.093410	37.286546	17.414254	0.180608	0
conventional	ce1348	665	0.388068	74.358789	1	14	7	14.158640	9.842336	31.822578	18.535235	0.305760	0
conventional	ce1349	665	0	86.451622	0	14	7	12.188213	17.001083	38.098315	19.164011	1.005312	0
conventional	ce1350	666	0	87.150626	0	14	7	9.549056	18.809682	38.015603	20.776285	0.267712	0
conventional	ce1351	666	1.390560	37.809238	1	14	7	7.033673	4.996223	14.051239	11.728103	3.379899	0
conventional	ce1352	666	1.175266	29.317704	1	14	7	5.070882	5.679278	12.994137	5.573407	2.205696	0
holistic	he1252	667	2.034684	4.700312	2	6	4	4.700312	0	0	0	0	11.943634
conventional	ce1353	667	0.387351	27.884569	1	14	7	3.031191	2.403160	10.872784	11.577434	1.063182	0
conventional	ce1354	667	0	67.487588	0	14	7	13.238699	4.253204	33.909603	16.086082	0.180608	0
conventional	ce1355	667	0	52.208429	0	14	7	11.087896	6.774546	26.462417	7.883570	0	0
holistic	he1253	668	1.841890	29.690400	2	16	6	29.690400	0	0	0	1.963309	17.125747
holistic	he1254	668	0	0	0	0	0	0	0	0	0	0	0
holistic	he1255	668	3.125101	10.375960	1	2	10	0	10.225785	0	0.150175	0	5.880465
conventional	ce1356	668	0.757790	20.692427	1	14	7	3.462610	4.692684	8.376314	4.160819	2.608760	0
conventional	ce1357	668	0	46.172382	0	14	7	7.469444	4.817777	23.345687	10.539474	3.391755	0
conventional	ce1358	668	0	97.418957	0	14	7	11.046396	13.596692	49.443003	23.332866	0.180608	0
conventional	ce1359	668	0.438196	35.747298	1	14	7	3.400922	4.867140	13.004636	14.474600	0.666273	0
conventional	ce1360	669	0.387351	35.036162	1	14	7	2.175261	4.018328	15.009140	13.833433	1.063182	0
conventional	ce1361	669	0	70.447234	0	14	7	10.215655	4.551969	40.636046	15.043564	2.131870	0
holistic	he1256	670	0	0	0	0	0	0	0	0	0	0	0
holistic	he1257	670	4.926660	10.187380	4	32	17	10.187380	0	0	0	0	24.166078
holistic	he1258	671	0	0	0	0	0	0	0	0	0	0	0
holistic	he1259	671	0.596491	1.368279	1	1	8	0	0	1.368279	0	0	0
holistic	he1260	671	2.034684	2.401310	2	11	4	0.675280	0	0	1.726030	0	11.630978
conventional	ce1362	671	0	18.976382	0	14	7	2.306806	3.301219	10.865906	2.502451	2.447392	0
conventional	ce1363	671	0	48.104360	0	14	7	11.012168	6.040876	25.682089	5.369227	0	0
conventional	ce1364	671	0.631188	40.495475	1	14	7	1.811695	3.392877	26.608465	8.682438	0.972064	0
holistic	he1261	672	0	0	0	0	0	0	0	0	0	0	0
holistic	he1262	672	0	0	0	0	2	0	0	0	0	0	0
holistic	he1263	672	0	0	0	0	0	0	0	0	0	0	0
holistic	he1264	672	0.507740	30.782412	2	18	20	0	0	30.782412	0	0	1.027254
holistic	he1265	672	6.250202	23.621030	2	4	5	0	23.280552	0	0.340478	0	3.648698
holistic	he1266	673	0	0	0	0	0	0	0	0	0	0	0
conventional	ce1365	673	0	47.995970	0	14	7	8.157653	4.481799	20.975135	14.381383	2.551323	0
holistic	he1267	674	0	0	0	0	0	0	0	0	0	0	0
holistic	he1268	674	0	0	0	0	0	0	0	0	0	0	0
conventional	ce1366	674	0.387351	41.196713	1	14	7	2.246695	3.998267	17.754196	17.197555	1.063182	0
conventional	ce1367	674	0.387351	30.010088	1	14	7	3.448225	2.326936	13.025325	11.209602	1.680941	0
holistic	he1269	675	0	0	0	0	0	0	0	0	0	0	0
holistic	he1270	675	0	0	0	0	0	0	0	0	0	0	0
holistic	he1271	676	3.052026	6.904290	3	21	10	3.639822	0	0	3.264468	0	17.446467
holistic	he1272	676	9.952434	89.008329	3	60	46	0	89.008329	0	0	0	12.828672
conventional	ce1368	676	0.387351	28.537394	1	14	7	1.531140	3.576031	11.343328	12.086895	1.465598	0
holistic	he1273	677	0	0	0	0	0	0	0	0	0	0	0
holistic	he1274	678	0	0	0	0	0	0	0	0	0	0	0
conventional	ce1369	678	0.388068	48.870934	1	14	7	8.167259	4.643857	23.419528	12.640290	0.305760	0
holistic	he1275	679	2.034684	93.172784	2	18	10	1.103892	0	0	92.068892	1.257044	17.064141
holistic	he1276	679	0	0	0	0	0	0	0	0	0	0	0
conventional	ce1370	679	0	43.328706	0	14	7	4.757135	5.011320	25.592057	7.968194	3.048828	0
holistic	he1277	680	0	0	0	0	0	0	0	0	0	0	0
holistic	he1278	680	0	0	0	0	12	0	0	0	0	0	0
holistic	he1279	680	6.830247	31.134525	3	3	12	0	31.134525	0	0	0	4.135929
conventional	ce1371	680	0	50.534356	0	14	7	10.352383	5.137760	27.076354	7.967859	0	0
conventional	ce1372	680	0.631188	40.118560	1	14	7	0.990577	2.892145	28.215484	8.020354	0.446731	0
conventional	ce1373	680	0.757790	19.342374	1	14	7	4.673697	1.352953	9.029533	4.286191	2.608760	0
conventional	ce1374	681	0.438196	49.408242	1	14	7	5.906660	3.317610	29.001230	11.182742	0.666273	0
holistic	he1280	682	0	0	0	0	0	0	0	0	0	0	0
holistic	he1281	683	0.507740	31.840916	2	26	26	0	0	31.840916	0	0	0.968248
holistic	he1282	683	6.410080	18.761172	4	20	8	18.761172	0	0	0	0	0
conventional	ce1375	683	0	22.923899	0	14	7	2.969799	1.890039	11.352894	6.711167	1.309117	0
conventional	ce1376	683	0	63.489848	0	14	7	11.119267	4.670624	31.248118	16.451839	0.180608	0
conventional	ce1377	683	0	61.314016	0	14	7	9.403618	4.644626	33.952461	13.313311	1.906020	0
conventional	ce1378	683	0	86.644977	0	14	7	9.861288	18.291595	38.624791	19.867303	0.267712	0
holistic	he1283	684	0	0	0	0	0	0	0	0	0	0	0
conventional	ce1379	685	0.438196	46.684477	1	14	7	5.456980	1.768094	32.267017	7.192386	0.464070	0
conventional	ce1380	685	1.180599	47.868412	1	14	7	1.149100	3.792099	32.189374	10.737839	0.446731	0
conventional	ce1381	685	2.509848	20.983775	2	14	7	5.762720	2.148420	8.485941	4.586694	2.360266	0
holistic	he1284	686	0	0	0	0	2	0	0	0	0	0	0
conventional	ce1382	686	0	75.967223	0	14	7	11.443011	7.081686	40.748044	16.694482	0.180608	0
conventional	ce1383	686	1.333745	44.723155	1	14	7	0.532315	2.686170	30.475105	11.029565	0.446731	0
conventional	ce1384	686	0.092230	45.848031	1	14	7	7.339397	0.455761	29.251099	8.801774	1.399427	0
conventional	ce1385	686	0	23.543786	0	14	7	4.739790	2.417480	9.143735	7.242781	1.193852	0
holistic	he1285	687	0	11.182983	0	4	3	11.182983	0	0	0	0	0
holistic	he1286	687	0	0	0	0	0	0	0	0	0	0	0
conventional	ce1386	687	0.438196	54.315955	1	14	7	6.920056	9.506900	30.877311	7.011688	0.943989	0
holistic	he1287	688	0	0	0	0	0	0	0	0	0	0	0
holistic	he1288	688	3.727893	14.055777	1	2	8	0	13.885538	0	0.170239	0	1.824349
holistic	he1289	688	0	4.089380	0	2	2	4.089380	0	0	0	0	0
holistic	he1290	688	0	3.581642	0	4	3	2.098460	1.483182	0	0	0	0
conventional	ce1387	688	0.697101	27.031804	1	14	7	4.791803	7.435315	13.316781	1.487905	1.355924	0
conventional	ce1388	688	0	37.465354	0	14	7	4.510397	4.528156	16.373746	12.053055	0	0
holistic	he1291	689	0	0	0	0	0	0	0	0	0	0	0
conventional	ce1389	689	0	82.499705	0	14	7	10.575384	17.654266	35.226205	19.043850	0.542224	0
conventional	ce1390	689	0	21.072654	0	14	7	2.336411	2.194534	12.145640	4.396069	2.447392	0
holistic	he1292	690	0	0	0	0	3	0	0	0	0	0	0
holistic	he1293	690	0	0	0	0	0	0	0	0	0	0	0
conventional	ce1391	690	0	81.823794	0	14	7	10.182618	19.020777	35.976056	16.644343	1.059094	0
conventional	ce1392	690	0	54.158317	0	14	7	7.188872	5.022356	28.231899	13.715190	1.106508	0
conventional	ce1393	691	0	50.908492	0	14	7	6.123778	3.118048	29.847456	11.819210	2.447392	0
conventional	ce1394	691	0.757790	29.739151	1	14	7	5.281499	7.904994	10.222975	6.329683	2.608760	0
conventional	ce1395	691	0.387351	24.100337	1	14	7	2.847750	2.231329	10.841541	8.179717	1.063182	0
holistic	he1294	692	9.952434	89.008329	3	60	46	0	89.008329	0	0	0	9.495258
conventional	ce1396	693	0	25.389960	0	14	7	4.941313	2.628025	10.235696	7.584926	1.191673	0
conventional	ce1397	693	0	74.901616	0	14	7	11.621889	10.838244	30.019024	22.422459	1.239926	0
conventional	ce1398	693	0	81.189957	0	14	7	9.350867	18.025538	38.479316	15.334236	0.605458	0
conventional	ce1399	693	0	49.772659	0	14	7	12.355131	6.707346	26.000590	4.709592	0	0
conventional	ce1400	693	0	32.714140	0	14	7	2.900882	5.077382	11.710186	13.025690	1.563445	0
holistic	he1295	694	0	0	0	0	0	0	0	0	0	0	0
conventional	ce1401	695	1.613641	67.265482	2	14	7	11.136091	3.505604	35.558465	17.065322	0.789584	0
holistic	he1296	696	0	0	0	0	2	0	0	0	0	0	0
conventional	ce1402	696	0.387351	38.050776	1	14	7	2.645490	4.549828	15.767968	15.087490	0.968014	0
conventional	ce1403	697	0	86.078831	0	14	7	11.150046	16.939338	35.219877	22.769570	1.314782	0
conventional	ce1404	697	0	43.049686	0	14	7	4.843677	4.856655	16.991445	16.357909	1.149419	0
holistic	he1297	698	0	0	0	0	0	0	0	0	0	0	0
conventional	ce1405	699	0	48.802253	0	14	7	10.052886	5.918773	24.540865	8.289729	0	0
conventional	ce1406	699	1.591661	68.861818	2	14	7	9.225837	6.256356	36.913687	16.465938	0.789584	0
conventional	ce1407	699	0.438196	60.839914	1	14	7	10.945702	8.898731	27.284970	13.710511	0.666273	0
holistic	he1298	700	0	0	0	0	0	0	0	0	0	0	0
holistic	he1299	700	0	0	0	0	0	0	0	0	0	0	0
holistic	he1300	700	2.034684	4.959108	2	6	3	4.959108	0	0	0	0	11.943634
conventional	ce1408	700	0	79.389425	0	14	7	11.986233	14.294518	38.592882	14.515792	1.005312	0
holistic	he1301	701	2.463330	2.804098	2	12	13	2.804098	0	0	0	0.708775	14.946839
holistic	he1302	701	0	0	0	0	0	0	0	0	0	0	0
conventional	ce1409	701	0	75.950976	0	14	7	11.181895	10.569272	39.298213	14.901596	0.180608	0
conventional	ce1410	701	0	33.740175	0	14	7	6.608317	5.955928	14.430086	6.745844	1.558909	0
conventional	ce1411	701	0	58.601920	0	14	7	11.771160	8.163095	24.877645	13.790020	0	0
holistic	he1303	702	2.463330	2.173988	2	10	13	2.173988	0	0	0	0.708775	10.597783
holistic	he1304	702	0.477628	44.044672	2	26	26	0	0	44.044672	0	0	0.968248
holistic	he1305	702	6.830247	31.775001	3	12	12	0	31.775001	0	0	0	4.135929
conventional	ce1412	702	0.092230	51.748430	1	14	7	7.523193	0.914380	31.970434	11.340423	1.573099	0
conventional	ce1413	702	0	33.745279	0	14	7	2.487953	6.234380	11.286154	13.736792	1.563445	0
conventional	ce1414	702	0.387351	37.521108	1	14	7	3.610771	3.897861	15.962244	14.050232	1.497195	0
conventional	ce1415	703	0	48.264921	0	14	7	11.073208	3.764501	23.878283	9.548929	0	0
conventional	ce1416	703	0	42.090507	0	14	7	9.564029	1.325058	22.531224	8.670196	0	0
conventional	ce1417	703	0.603663	43.184692	1	14	7	2.375171	2.784339	28.758263	9.266919	0.950290	0
holistic	he1306	705	0	0.134090	0	2	7	0.134090	0	0	0	0	0
conventional	ce1418	705	0	42.137247	0	14	7	10.533413	4.666292	22.521366	4.416176	0	0
conventional	ce1419	706	0.387351	34.645325	1	14	7	2.412720	3.206525	15.912875	13.113205	1.063182	0
conventional	ce1420	707	1.351730	30.915647	1	14	7	2.434024	2.696795	13.734909	12.049919	0.789584	0
conventional	ce1421	707	0.387351	25.394085	1	14	7	2.022233	3.823306	9.364981	10.183565	0.751862	0
holistic	he1307	708	0.453348	25.121812	2	18	20	0	0	25.121812	0	0	0.968248
holistic	he1308	708	0	0	0	0	0	0	0	0	0	0	0
holistic	he1309	708	0	0	0	0	0	0	0	0	0	0	0
conventional	ce1422	708	0.387351	38.049413	1	14	7	1.515398	3.310366	17.969631	15.254018	1.063182	0
conventional	ce1423	708	0	50.518056	0	14	7	11.387924	5.941989	24.648743	8.539400	0	0
holistic	he1310	709	0	0	0	0	2	0	0	0	0	0	0
holistic	he1311	709	0	0	0	0	0	0	0	0	0	0	0
holistic	he1312	709	6.634956	54.612232	2	24	36	0	54.612232	0	0	0	7.075682
holistic	he1313	709	4.069368	17.924448	4	16	11	2.860368	0	0	15.064080	0	23.719284
conventional	ce1424	709	0	57.022686	0	14	7	5.859245	6.068073	29.271770	15.823598	1.106508	0
conventional	ce1425	709	0	64.360828	0	14	7	10.412016	7.801156	25.321030	20.826626	1.239926	0
conventional	ce1426	709	0	20.195333	0	14	7	3.647115	3.066123	8.992264	4.489831	2.447392	0
holistic	he1314	710	4.689114	9.619725	3	24	18	9.619725	0	0	0	0.937647	16.191802
conventional	ce1427	710	0	49.650952	0	14	7	8.467576	6.389974	27.829694	6.963708	0	0
conventional	ce1428	710	0.757790	22.473261	1	14	7	3.699753	4.930995	9.681694	4.160819	2.865845	0
holistic	he1315	712	0	0	0	0	2	0	0	0	0	0	0
conventional	ce1429	712	0.848590	18.775817	1	14	7	3.685503	2.074323	7.892268	5.123723	2.360266	0
holistic	he1316	714	0.507740	21.396524	2	18	26	0	0	21.396524	0	0	0.968248
holistic	he1317	714	1.843425	31.827801	3	15	8	1.826181	0	0	30.001620	0	15.471966
conventional	ce1430	714	0	51.736853	0	14	7	6.690201	5.727046	28.715668	10.603938	1.106508	0
conventional	ce1431	714	0	78.571233	0	14	7	9.498776	18.710321	31.459383	18.902753	0.009308	0
holistic	he1318	715	0	0	0	0	0	0	0	0	0	0	0
conventional	ce1432	715	0	71.944813	0	14	7	3.139377	17.521392	33.872301	17.411743	1.916196	0
conventional	ce1433	715	0	57.585289	0	14	7	11.115585	5.016149	30.672678	10.780877	0.180608	0
conventional	ce1434	715	0	40.984438	0	14	7	7.452440	5.737762	16.357112	11.437124	1.759719	0
holistic	he1319	716	0	0	0	0	0	0	0	0	0	0.075681	0
holistic	he1320	716	0	0	0	0	0	0	0	0	0	0	0
holistic	he1321	716	9.952434	86.765622	3	60	46	0	86.765622	0	0	0	14.076228
holistic	he1322	716	0	0	0	0	3	0	0	0	0	0	0
conventional	ce1435	716	1.241523	21.406815	1	14	7	3.475350	1.825169	11.788149	4.318147	2.603258	0
holistic	he1323	717	8.995701	64.843779	3	30	36	0	64.843779	0	0	0	9.453717
holistic	he1324	717	14.382664	144.717372	4	72	36	0	144.717372	0	0	0	17.120784
conventional	ce1436	717	0.387351	37.847900	1	14	7	2.371027	3.314129	16.126419	16.036325	0.968014	0
conventional	ce1437	717	0	80.345938	0	14	7	10.467028	17.601545	33.948921	18.328444	0.542224	0
conventional	ce1438	717	0.387351	43.839252	1	14	7	2.728002	3.820984	20.284307	17.005959	1.048652	0
holistic	he1325	718	0	10.647297	0	9	3	10.647297	0	0	0	0	0
holistic	he1326	719	1.890841	9.816549	1	3	11	0	8.468080	0	1.348469	0	1.378643
conventional	ce1439	719	0.620265	76.388939	1	14	7	11.986233	14.294518	36.278337	13.829851	1.005312	0
conventional	ce1440	719	0	57.644282	0	14	7	11.725293	8.163095	23.966076	13.789818	0	0
holistic	he1327	720	5.367346	11.630065	7	31	22	10.840269	0	0.789796	0	0.937647	16.302400
holistic	he1328	720	0	0	0	0	1	0	0	0	0	0	0
holistic	he1329	720	0	0	0	0	3	0	0	0	0	0	0
holistic	he1330	720	0	129.327863	0	55	14	129.327863	0	0	0	0	0
holistic	he1331	720	0	0	0	0	0	0	0	0	0	0	0
conventional	ce1441	720	0.757790	26.537282	1	14	7	3.344823	4.692684	13.092551	5.407224	2.608760	0
conventional	ce1442	720	0	58.790780	0	14	7	6.569620	6.173232	28.335550	17.712378	1.517482	0
conventional	ce1443	721	0	71.901693	0	14	7	10.351838	5.886204	38.098552	17.565099	0.180608	0
conventional	ce1444	721	0	83.080945	0	14	7	10.745587	14.039664	41.627924	16.667770	1.005312	0
conventional	ce1445	721	0	33.906627	0	14	7	6.546096	5.101456	14.532254	7.726821	2.533299	0
holistic	he1332	722	0	0	0	0	0	0	0	0	0	0	0
holistic	he1333	722	0	0	0	0	0	0	0	0	0	0	0
conventional	ce1446	722	0	31.149669	0	14	7	1.976690	1.212003	12.693181	15.267795	0.396788	0
conventional	ce1447	722	0	63.792925	0	14	7	11.309365	6.821494	30.804017	14.858049	0.180608	0
holistic	he1334	723	4.229837	15.925403	1	2	8	0	15.755164	0	0.170239	0	1.824349
holistic	he1335	723	5.876499	26.787027	3	3	12	0	26.787027	0	0	0	4.135929
holistic	he1336	723	0	0	0	0	9	0	0	0	0	0.977279	3.882212
conventional	ce1448	723	0.092230	46.484616	1	14	7	7.167695	0.827724	29.916098	8.573099	1.788648	0
conventional	ce1449	723	0.438196	51.704266	1	14	7	10.836702	9.538349	17.984284	13.344931	0.666273	0
holistic	he1337	724	0	0	0	0	0	0	0	0	0	0	0
holistic	he1338	724	6.410080	17.391680	4	20	8	17.391680	0	0	0	0	0
holistic	he1339	724	0	0	0	0	12	0	0	0	0	0	0
conventional	ce1450	724	0.387351	29.327938	1	14	7	6.856623	5.319036	9.395680	7.756599	0.743565	0
conventional	ce1451	724	0	64.024172	0	14	7	13.443294	7.873783	26.398170	16.308925	0	0
conventional	ce1452	724	0.438196	50.050720	1	14	7	4.865657	3.182250	27.076394	14.926419	0.666273	0
conventional	ce1453	724	1.180599	50.004190	1	14	7	1.366947	3.553906	32.516026	12.567311	0.446731	0
holistic	he1340	725	0	0	0	0	0	0	0	0	0	0	0
conventional	ce1454	725	0.387351	38.072393	1	14	7	2.306600	3.184867	17.397802	15.183124	1.956050	0
conventional	ce1455	725	0.387351	48.170322	1	14	7	2.972109	5.083003	19.163246	20.951964	0.968014	0
conventional	ce1456	725	0	83.782028	0	14	7	13.887384	11.836644	34.236642	23.821358	1.817520	0
conventional	ce1457	725	0	86.629749	0	14	7	13.176946	10.761266	45.182655	17.508882	0.180608	0
holistic	he1341	726	0	114.656895	0	48	16	114.656895	0	0	0	0	0
conventional	ce1458	726	0.631188	37.693212	1	14	7	1.948287	3.790080	24.574167	7.380678	1.149752	0
conventional	ce1459	726	0	49.833119	0	14	7	6.932837	5.340730	27.167395	10.392157	2.551323	0
holistic	he1342	727	0	0	0	0	8	0	0	0	0	0	0
conventional	ce1460	727	0	66.731165	0	14	7	12.083539	8.088944	25.853322	20.705360	1.239926	0
conventional	ce1461	727	0.387351	38.673979	1	14	7	4.828466	3.420556	18.852867	11.572090	0.968014	0
conventional	ce1462	727	0	80.958754	0	14	7	10.572377	17.871979	33.908942	18.605456	0.542224	0
conventional	ce1463	727	0.387351	35.165216	1	14	7	2.287899	3.308375	14.831769	14.737173	0.811029	0
holistic	he1343	728	0	0	0	0	0	0	0	0	0	0	0
holistic	he1344	728	0	0	0	0	0	0	0	0	0	0	0
holistic	he1345	728	0	0	0	0	1	0	0	0	0	0	0
conventional	ce1464	728	0	82.828123	0	14	7	11.887637	18.937335	32.335895	19.667256	1.759719	0
conventional	ce1465	728	0.387351	36.674923	1	14	7	2.401441	3.755285	14.757041	15.761156	1.063182	0
conventional	ce1466	729	0.092230	44.261850	1	14	7	6.339391	1.445439	25.683700	10.793320	1.573099	0
holistic	he1346	730	6.498298	15.261834	6	42	18	14.866936	0	0.394898	0	1.875294	23.350616
conventional	ce1467	730	0	82.394638	0	14	7	12.006871	11.339241	35.897790	23.150736	1.239926	0
conventional	ce1468	730	0.376979	50.262740	1	14	7	5.911671	4.315592	29.402186	10.633291	1.035175	0
conventional	ce1469	730	0	40.146839	0	14	7	3.771206	5.095336	18.505660	12.774637	1.759719	0
holistic	he1347	731	0	0	0	0	0	0	0	0	0	0	0
holistic	he1348	731	0	0.079912	0	1	4	0	0	0	0.079912	0	0.799664
holistic	he1349	731	4.069368	16.437312	4	16	12	2.860368	0	0	13.576944	0	23.719284
holistic	he1350	731	0	0	0	0	0	0	0	0	0	0	0
conventional	ce1470	731	0	45.774745	0	14	7	1.714954	4.620400	27.408226	12.031165	2.551323	0
conventional	ce1471	731	0.944282	50.461756	1	14	7	2.288275	3.745155	32.937464	11.490862	1.449519	0
holistic	he1351	732	0	0	0	0	1	0	0	0	0	0	0
holistic	he1352	732	0	0	0	0	0	0	0	0	0	0	0
conventional	ce1472	733	0	22.376762	0	14	7	4.123069	1.708761	8.355110	8.189822	1.193852	0
conventional	ce1473	733	0.387351	39.461557	1	14	7	2.126379	3.558131	17.235843	16.541204	1.063182	0
conventional	ce1474	733	0.175821	40.337544	1	14	7	6.753108	4.627493	21.421921	7.535022	0	0
holistic	he1353	734	4.689114	9.893649	3	24	18	9.893649	0	0	0	0.818267	16.191802
holistic	he1354	734	0	0	0	0	0	0	0	0	0	0	0
conventional	ce1475	734	0.092230	49.761413	1	14	7	8.458430	2.108409	30.913245	8.281329	1.573099	0
conventional	ce1476	734	0	40.945123	0	14	7	0.514589	4.112165	29.823963	6.494406	0	0
holistic	he1355	735	4.807560	6.077820	3	9	9	6.077820	0	0	0	0	0
holistic	he1356	735	0	0	0	0	0	0	0	0	0	0	0
holistic	he1357	735	0	0	0	0	0	0	0	0	0	0	0
conventional	ce1477	735	0.399076	23.707511	1	14	7	2.505065	1.134750	8.234941	11.832755	1.618522	0
conventional	ce1478	735	0	81.977495	0	14	7	10.715114	16.101507	36.419335	18.741539	0	0
conventional	ce1479	735	0.303541	61.561700	1	14	7	12.734353	9.701286	25.832447	13.293614	1.190103	0
holistic	he1358	736	0	0	0	0	0	0	0	0	0	0	0
holistic	he1359	737	0	0	0	0	1	0	0	0	0	0	0
conventional	ce1480	737	1.613641	64.582152	2	14	7	9.883605	3.208390	35.224041	16.266116	0.789584	0
holistic	he1360	738	0	0	0	0	0	0	0	0	0	0	0
holistic	he1361	739	0	0.103116	0	8	5	0.060416	0.042700	0	0	0	0
conventional	ce1481	739	0	34.190083	0	14	7	7.750847	3.847947	13.651085	8.940204	1.193852	0
holistic	he1362	740	0	0	0	0	1	0	0	0	0	0	0
holistic	he1363	740	0	0	0	0	1	0	0	0	0	0	0
conventional	ce1482	740	0.387351	20.167733	1	14	7	3.296941	2.198675	8.038721	6.633396	1.063182	0
conventional	ce1483	740	0	56.822432	0	14	7	8.823386	3.981743	34.822542	9.194761	0.180608	0
conventional	ce1484	740	0.890404	29.261259	1	14	7	6.997356	3.810417	10.064550	8.388936	2.360266	0
conventional	ce1485	741	0	84.166838	0	14	7	11.261963	18.849780	33.240637	20.814458	0.485610	0
conventional	ce1486	741	0.279081	62.929991	1	14	7	9.163160	8.377245	28.596475	16.793111	0.666273	0
holistic	he1364	742	1.795482	4.692766	2	6	3	4.692766	0	0	0	0	13.024596
conventional	ce1487	742	0.438196	64.443547	1	14	7	5.076201	5.329291	36.264176	17.773879	1.069272	0
holistic	he1365	743	0	0	0	0	0	0	0	0	0	0	0
holistic	he1366	743	0	0	0	0	0	0	0	0	0	0	0
holistic	he1367	743	13.483447	77.020090	7	59	40	0	74.405304	0.260482	2.354304	0	14.076228
conventional	ce1488	743	0	41.168727	0	14	7	8.694517	5.671619	15.961392	10.841199	1.193852	0
conventional	ce1489	743	0.092230	58.738186	1	14	7	8.460400	2.901917	35.014617	12.361252	1.987430	0
conventional	ce1490	743	0	38.209904	0	14	7	4.281711	5.056218	12.863641	16.008334	1.142718	0
holistic	he1368	744	0	0	0	0	0	0	0	0	0	0	0
conventional	ce1491	744	0.376979	48.899464	1	14	7	5.623422	4.436014	28.763846	10.076182	1.363840	0
conventional	ce1492	744	0.092230	47.682271	1	14	7	8.774390	1.667432	28.341733	8.898716	0.594409	0
holistic	he1369	745	0	0	0	0	0	0	0	0	0	0	0
conventional	ce1493	745	0.438196	62.762558	1	14	7	11.190366	8.566527	27.885253	15.120412	0.666273	0
conventional	ce1494	745	0.399076	22.942414	1	14	7	1.462203	1.640823	7.648910	12.190478	1.618522	0
holistic	he1370	746	0	0	0	0	8	0	0	0	0	0	0
conventional	ce1495	746	0	35.430677	0	14	7	6.614500	5.777867	12.945896	10.092414	1.538302	0
conventional	ce1496	746	0.438196	62.558799	1	14	7	11.147917	8.323863	27.764209	15.322810	0.666273	0
conventional	ce1497	746	0.387351	21.319022	1	14	7	3.276118	0.910963	9.777572	7.354369	1.063182	0
holistic	he1371	747	0	0	0	0	0	0	0	0	0	0	0
holistic	he1372	747	0	0	0	0	1	0	0	0	0	0	0
conventional	ce1498	747	0	62.105016	0	14	7	11.902881	1.663334	39.341584	9.197217	1.786407	0
holistic	he1373	748	0	0	0	0	3	0	0	0	0	0	0
holistic	he1374	748	0	0	0	0	0	0	0	0	0	0	0
holistic	he1375	748	0	0	0	0	0	0	0	0	0	0	0
conventional	ce1499	748	0	41.306856	0	14	7	7.470067	6.693186	18.150763	8.992840	1.538302	0
conventional	ce1500	748	0.387351	38.327375	1	14	7	6.680145	4.564745	20.160921	6.921564	0.675896	0
holistic	he1376	749	0	0	0	0	0	0	0	0	0	0	0
holistic	he1377	749	0	9.291516	0	20	8	9.291516	0	0	0	0	0
conventional	ce1501	749	0	66.564070	0	14	7	7.229808	9.521087	34.365833	15.447342	1.913406	0
holistic	he1378	750	6.252152	11.211324	4	28	16	11.211324	0	0	0	0	17.074108
holistic	he1379	750	0	26.858044	0	8	4	26.858044	0	0	0	0	0
holistic	he1380	750	0	129.327863	0	55	14	129.327863	0	0	0	0	0
holistic	he1381	751	2.463330	5.634142	2	14	16	5.634142	0	0	0	1.417550	14.585298
conventional	ce1502	751	0	72.540866	0	14	7	11.010834	10.369789	38.043099	13.117144	0.180608	0
holistic	he1382	752	4.229837	15.925403	1	2	8	0	15.755164	0	0.170239	0	2.315127
conventional	ce1503	752	0	39.336433	0	14	7	0.910285	4.696364	20.928512	12.801272	2.551323	0
holistic	he1383	753	3.052026	23.707656	3	18	11	2.145276	0	0	21.562380	0	17.789463
conventional	ce1504	753	0	72.034317	0	14	7	9.610226	15.825965	28.980594	17.617532	0.542224	0
conventional	ce1505	753	0.438196	62.910644	1	14	7	7.267832	7.299487	33.671615	14.671710	0.246748	0
conventional	ce1506	753	0	47.040128	0	14	7	2.683284	3.205571	28.302234	12.849039	2.283896	0
holistic	he1384	754	0	0	0	0	0	0	0	0	0	0	0
holistic	he1385	754	0	0	0	0	0	0	0	0	0	0	0
conventional	ce1507	754	0	79.915351	0	14	7	9.128050	15.293243	33.688786	21.805272	0.542224	0
conventional	ce1508	754	0	62.577715	0	14	7	12.816905	7.844634	26.178565	15.737611	0	0
conventional	ce1509	755	0.376979	52.951173	1	14	7	7.735833	6.861837	30.112040	8.241463	1.035175	0
conventional	ce1510	756	0	50.053172	0	14	7	6.810272	7.263241	23.475221	12.504438	0.180608	0
holistic	he1386	757	0	1.142134	0	1	1	1.142134	0	0	0	0	0
holistic	he1387	757	0	0	0	0	8	0	0	0	0	0	0
conventional	ce1511	757	0	85.786367	0	14	7	9.017903	10.377225	47.268408	19.122831	0.392452	0
holistic	he1388	758	0	0.012435	0	1	2	0.012435	0	0	0	0	0
holistic	he1389	758	0	0	0	0	0	0	0	0	0	0	0
holistic	he1390	758	7.111236	15.480408	6	42	18	14.472572	0	1.007836	0	1.875294	24.135598
conventional	ce1512	759	0	64.887434	0	14	7	11.142274	7.393925	27.125978	19.225257	0.180608	0
conventional	ce1513	759	0	49.018826	0	14	7	1.714954	5.232263	28.602160	13.469449	2.768300	0
holistic	he1391	760	0	0	0	0	0	0	0	0	0	0	0
holistic	he1392	760	13.483447	70.195960	7	59	40	0	67.581174	0.260482	2.354304	0	16.886481
conventional	ce1514	760	0	45.030501	0	14	7	6.899216	2.994613	26.039341	9.097331	0	0
conventional	ce1515	760	0.277976	38.062556	1	14	7	6.615298	4.019758	19.781241	7.646259	0	0
holistic	he1393	761	0	0	0	0	2	0	0	0	0	0	0
holistic	he1394	761	0.797880	206.360875	5	40	27	0	0	206.360875	0	0	0.968248
conventional	ce1516	761	0	52.135324	0	14	7	1.648620	5.582976	29.953883	14.949845	2.551323	0
conventional	ce1517	761	1.595197	60.630396	2	14	7	10.364694	6.691186	26.318579	17.255937	0.666273	0
conventional	ce1518	761	0	31.215327	0	14	7	5.228957	4.953029	11.698051	9.335290	1.538302	0
conventional	ce1519	761	0	87.627347	0	14	7	12.034379	19.209764	32.367517	24.015687	1.275510	0
holistic	he1395	762	5.639692	19.494772	6	18	11	2.860368	0	0	16.634404	0	23.719284
holistic	he1396	762	0	0	0	0	0	0	0	0	0	0	0
holistic	he1397	762	0	0	0	0	0	0	0	0	0	0	0
holistic	he1398	762	14.853937	85.266203	7	59	40	0	81.280927	0.260482	3.724794	0	14.076228
conventional	ce1520	762	0	52.126988	0	14	7	7.894591	7.033856	30.814133	6.384408	0.594210	0
conventional	ce1521	762	0	50.551039	0	14	7	7.053349	8.966889	24.230661	10.300140	0	0
conventional	ce1522	762	0.438196	64.769254	1	14	7	11.130611	9.184640	32.305459	12.148544	0.666273	0
conventional	ce1523	763	0.387351	41.973967	1	14	7	5.850032	2.831630	18.920049	14.372256	1.905720	0
conventional	ce1524	763	0	35.319192	0	14	7	6.462591	3.870434	14.384437	10.601730	1.193852	0
holistic	he1399	764	0	0	0	0	0	0	0	0	0	0	0
holistic	he1400	765	0	3.095692	0	8	2	0	3.095692	0	0	0	0
holistic	he1401	765	0	0	0	0	0	0	0	0	0	0	0
conventional	ce1525	765	0	85.607535	0	14	7	10.184084	18.740909	37.835926	18.846616	2.216690	0
conventional	ce1526	765	1.123187	92.417343	1	14	7	9.007753	16.630940	41.186838	25.591812	1.707905	0
holistic	he1402	766	0	0	0	0	0	0	0	0	0	0	0
conventional	ce1527	766	0	82.970808	0	14	7	11.898796	18.227136	33.354914	19.489962	1.378274	0
conventional	ce1528	767	0	35.384247	0	14	7	6.208513	5.539814	13.423882	10.212038	1.514706	0
holistic	he1403	768	0	0.159824	0	2	2	0	0	0	0.159824	0	1.599328
holistic	he1404	768	0	0	0	0	0	0	0	0	0	0	0
holistic	he1405	768	4.229837	16.032470	1	2	8	0	15.755164	0	0.277306	0	1.824349
holistic	he1406	769	0	0	0	0	8	0	0	0	0	0	0
holistic	he1407	769	0	69.082132	0	64	5	69.082132	0	0	0	1.235592	6.848817
holistic	he1408	769	0	0	0	0	0	0	0	0	0	0	0
holistic	he1409	769	0.260482	0.260482	1	1	21	0	0	0.260482	0	0	0
holistic	he1410	769	0	99.565566	0	36	5	99.565566	0	0	0	0	1.956993
holistic	he1411	769	3.694995	8.833389	3	30	21	8.833389	0	0	0	1.417550	20.692894
holistic	he1412	769	0	0	0	0	0	0	0	0	0	0	0
conventional	ce1529	769	0.387351	27.484699	1	14	7	5.592530	3.379933	9.873705	8.638531	0.675896	0
conventional	ce1530	769	0.890404	30.843588	1	14	7	8.470824	2.835911	10.533375	9.003478	2.360266	0
holistic	he1413	770	0	0	0	0	0	0	0	0	0	0	0
conventional	ce1531	770	0.387351	41.478361	1	14	7	2.945421	4.258019	15.814662	18.460259	0.850896	0
conventional	ce1532	770	0	47.398576	0	14	7	9.560910	6.174168	18.884420	12.779078	1.193852	0
conventional	ce1533	770	0	86.445957	0	14	7	10.184084	18.014193	38.439046	19.808634	2.295249	0
conventional	ce1534	771	0.667292	53.707835	1	14	7	2.915070	5.083003	20.385365	25.324397	1.004036	0
holistic	he1414	772	0	0	0	0	0	0	0	0	0	0	0
conventional	ce1535	772	0	26.874942	0	14	7	4.496704	3.412308	10.567730	8.398200	0.966043	0
conventional	ce1536	774	0	55.889676	0	14	7	5.587628	6.869896	29.854534	13.577618	1.759719	0
holistic	he1415	775	0	0	0	0	0	0	0	0	0	0	0
conventional	ce1537	775	0	90.427838	0	14	7	11.145549	17.952179	39.804020	21.526090	1.275510	0
conventional	ce1538	775	0.175821	36.054937	1	14	7	5.681946	5.127603	19.011802	6.233586	0	0
holistic	he1416	776	4.807560	12.468522	3	12	10	12.468522	0	0	0	0	0
holistic	he1417	776	0	0	0	0	0	0	0	0	0	0	0
holistic	he1418	776	0	131.985603	0	52	13	131.985603	0	0	0	0	0
holistic	he1419	777	0	0.255716	0	2	2	0	0	0	0.255716	0	2.241480
conventional	ce1539	777	0	84.863302	0	14	7	13.409614	19.174717	29.762469	22.516502	1.759719	0
conventional	ce1540	777	0	57.698090	0	14	7	6.445646	8.637875	29.707175	12.907394	1.759719	0
conventional	ce1541	777	0.890404	27.337318	1	14	7	5.936051	4.554718	8.942560	7.903989	2.360266	0
conventional	ce1542	779	0.975978	34.416752	1	14	7	2.565509	3.161413	15.768412	12.921418	1.956050	0
holistic	he1420	780	0	0	0	0	0	0	0	0	0	0	0
holistic	he1421	780	0	0	0	0	0	0	0	0	0	0	0
holistic	he1422	780	8.334642	48.792216	6	39	24	44.152569	0	4.639647	0	2.575149	24.630063
holistic	he1423	780	4.689114	10.544799	3	24	18	10.544799	0	0	0	0.818267	16.191802
holistic	he1424	780	17.891102	111.058286	9	71	39	0	107.658732	0.260482	3.139072	0	12.240856
conventional	ce1543	781	0.387351	42.562600	1	14	7	2.333436	3.650531	20.321679	16.256954	1.956050	0
conventional	ce1544	781	0	48.079903	0	14	7	6.395726	6.258170	28.530612	6.895395	1.275510	0
conventional	ce1545	781	0.218893	54.498115	1	14	7	7.519963	6.932553	26.323570	13.722029	0.666273	0
holistic	he1425	782	0	0	0	0	1	0	0	0	0	0	0
holistic	he1426	782	0	0	0	0	0	0	0	0	0	0	0
conventional	ce1546	782	1.595197	56.343178	2	14	7	8.938574	7.704245	25.379620	14.320739	0.666273	0
conventional	ce1547	782	0	33.364639	0	14	7	6.355420	5.802251	13.610315	7.596653	1.538302	0
holistic	he1427	783	0	0	0	0	0	0	0	0	0	0	0
conventional	ce1548	783	0.667292	47.816572	1	14	7	3.144407	4.001283	19.176365	21.494517	0.564925	0
holistic	he1428	784	0	1.424619	0	1	1	1.424619	0	0	0	0	0
holistic	he1429	784	0	0	0	0	0	0	0	0	0	0	0
holistic	he1430	784	0	0	0	0	0	0	0	0	0	0	0
holistic	he1431	784	0	0	0	0	0	0	0	0	0	0	0
conventional	ce1549	784	0.387351	37.330845	1	14	7	7.198749	3.983728	19.651230	6.497138	0.675896	0
holistic	he1432	785	0	15.352188	0	8	5	15.352188	0	0	0	0	0
holistic	he1433	785	1.795482	5.020270	2	6	3	5.020270	0	0	0	0	13.729898
conventional	ce1550	785	0	34.779559	0	14	7	6.368263	7.645288	14.026243	6.739765	1.538302	0
conventional	ce1551	785	0	78.473781	0	14	7	10.033957	10.495237	41.199121	16.745466	0.903922	0
holistic	he1434	786	0	0	0	0	0	0	0	0	0	0	0
conventional	ce1552	786	0.387351	44.774172	1	14	7	8.621871	5.474170	20.510107	10.168024	0.675896	0
conventional	ce1553	786	0.944282	50.883053	1	14	7	2.677281	3.792701	33.516082	10.896989	1.449519	0
holistic	he1435	787	0	0	0	0	0	0	0	0	0	0	0
conventional	ce1554	787	0.376979	59.003413	1	14	7	7.857556	5.309909	33.927045	11.908903	1.035175	0
conventional	ce1555	787	0	87.866059	0	14	7	10.475592	17.270625	40.121977	19.997865	1.100043	0
conventional	ce1556	787	0.376979	89.657534	1	14	7	11.853600	18.940905	34.037376	24.825653	1.035175	0
holistic	he1436	788	0	0	0	0	0	0	0	0	0	0	0
holistic	he1437	788	0	0	0	0	0	0	0	0	0	0	0
holistic	he1438	788	0	0	0	0	0	0	0	0	0	0	0
conventional	ce1557	788	0	81.409397	0	14	7	10.424168	18.217538	37.165376	15.602315	2.425155	0
conventional	ce1558	788	0.438196	66.656103	1	14	7	10.873609	10.209330	32.932314	12.640850	0.666273	0
conventional	ce1559	788	0	33.938014	0	14	7	5.938009	5.802251	14.608542	7.589212	1.538302	0
conventional	ce1560	789	0	32.919981	0	14	7	5.759495	5.967274	12.638613	8.554599	1.538302	0
conventional	ce1561	789	0.890404	29.168701	1	14	7	6.752863	3.728546	9.895652	8.791640	2.360266	0
holistic	he1439	790	0	0	0	0	0	0	0	0	0	0	0
conventional	ce1562	790	0.406843	88.608493	1	14	7	11.852505	19.102474	35.858121	21.795393	1.112825	0
holistic	he1440	791	6.605202	9.418572	3	24	15	9.418572	0	0	0	1.604465	16.242030
holistic	he1441	791	0	0	0	0	0	0	0	0	0	0	0
conventional	ce1563	791	0.805912	59.977397	1	14	7	8.476026	9.006587	26.958600	15.536184	2.080489	0
conventional	ce1564	791	0	82.022619	0	14	7	9.635659	14.179807	34.223480	23.983673	0.498560	0
conventional	ce1565	791	0.438196	60.305093	1	14	7	11.594330	8.250054	28.401777	12.058932	0.666273	0
holistic	he1442	792	0	0	0	0	0	0	0	0	0	0	0
holistic	he1443	792	0	13.279256	0	8	5	13.279256	0	0	0	0	0
conventional	ce1566	792	0.890404	30.646298	1	14	7	7.236998	4.174007	10.529501	8.705792	2.360266	0
conventional	ce1567	793	0	92.499361	0	14	7	13.661149	18.447054	41.075858	19.315300	1.275510	0
conventional	ce1568	793	0.438196	58.443319	1	14	7	10.327147	3.806571	34.033138	10.276463	0.351395	0
holistic	he1444	794	0	0	0	0	0	0	0	0	0	0	0
holistic	he1445	794	0	0	0	0	0	0	0	0	0	0	0
holistic	he1446	794	3.694995	13.517655	3	36	24	13.517655	0	0	0	2.127291	24.010032
conventional	ce1569	794	0	39.358416	0	14	7	9.233677	5.530518	15.182767	9.411454	1.193852	0
holistic	he1447	795	0	0	0	0	0	0	0	0	0	0	0
holistic	he1448	795	0	0	0	0	0	0	0	0	0	0	0
conventional	ce1570	795	0	28.339719	0	14	7	5.184771	5.459269	11.288240	6.407439	0.439979	0
conventional	ce1571	796	0	75.351713	0	14	7	7.036276	13.325896	33.591455	21.398086	0.542224	0
conventional	ce1572	797	0.975978	34.324113	1	14	7	2.049475	4.227411	16.862845	11.184382	2.328512	0
conventional	ce1573	797	0.092230	49.884224	1	14	7	9.724489	2.164678	27.234923	10.760134	1.562025	0
holistic	he1449	798	0	0	0	0	3	0	0	0	0	0	0
holistic	he1450	798	0	0	0	0	0	0	0	0	0	0	0
holistic	he1451	799	0	18.603598	0	64	5	18.603598	0	0	0	1.235592	6.188150
conventional	ce1574	799	0.376979	30.921776	1	14	7	5.918290	5.026365	12.765497	7.211624	1.035175	0
conventional	ce1575	799	1.608412	58.606426	1	14	7	5.820629	4.262532	33.503058	15.020207	1.285635	0
holistic	he1452	800	0	0	0	0	0	0	0	0	0	0	0
conventional	ce1576	800	0.438196	52.482189	1	14	7	7.905360	7.666137	28.558364	8.352328	0.666273	0
conventional	ce1577	800	0	45.632230	0	14	7	5.006490	4.969040	25.259944	10.396756	1.275510	0
conventional	ce1578	800	0	42.240816	0	14	7	9.092098	6.328342	16.698071	10.122305	1.193852	0
conventional	ce1579	801	0	45.775070	0	14	7	7.364214	10.100119	18.828804	9.481933	1.538302	0
holistic	he1453	802	0	0	0	0	0	0	0	0	0	0	0
holistic	he1454	802	0	0	0	0	1	0	0	0	0	0	0
conventional	ce1580	802	0.944282	50.895104	1	14	7	1.724764	3.247408	36.074718	9.848214	1.449519	0
holistic	he1455	803	0	0	0	0	0	0	0	0	0	0	0
holistic	he1456	803	0	12.366002	0	8	5	12.366002	0	0	0	0	0
holistic	he1457	803	0	0	0	0	0	0	0	0	0	0	0
holistic	he1458	803	0	0	0	0	0	0	0	0	0	0	0
conventional	ce1581	803	0.890404	28.582420	1	14	7	6.415793	3.103118	12.985436	6.078073	2.360266	0
holistic	he1459	804	0.138096	6.822396	1	11	9	6.432850	0	0.389546	0	0	0
conventional	ce1582	804	0.438196	34.443509	1	14	7	5.167513	5.917016	15.577081	7.781899	0.666273	0
conventional	ce1583	804	0	61.887803	0	14	7	5.694478	9.666659	32.838446	13.688220	3.012083	0
conventional	ce1584	805	0	90.958698	0	14	7	9.535701	18.115711	41.656752	21.650534	1.388225	0
conventional	ce1585	806	0.351697	43.039717	1	14	7	7.164685	6.277854	21.882031	7.715147	1.035175	0
conventional	ce1586	806	0	87.041688	0	14	7	8.954023	18.868986	42.013393	17.205286	1.641002	0
holistic	he1460	807	0	0	0	0	0	0	0	0	0	0	0
holistic	he1461	807	0	0	0	0	0	0	0	0	0	0	0
holistic	he1462	807	0	0	0	0	0	0	0	0	0	0	0
conventional	ce1587	807	0	45.546399	0	14	7	9.582757	9.188510	13.987222	12.787910	0.594210	0
conventional	ce1588	807	0	38.689865	0	14	7	7.426164	7.395354	14.621529	9.246818	1.193852	0
holistic	he1463	808	0	0	0	0	0	0	0	0	0	0	0
holistic	he1464	808	0	0	0	0	0	0	0	0	0	0	0
conventional	ce1589	808	0.092230	51.599912	1	14	7	10.215634	2.142507	28.077407	11.164364	1.951105	0
conventional	ce1590	808	0.975978	48.723858	1	14	7	3.768309	8.991989	18.365329	17.598231	1.956050	0
conventional	ce1591	808	0	29.539644	0	14	7	6.281200	5.609063	11.344566	6.304815	0.510799	0
holistic	he1465	809	0	0	0	0	0	0	0	0	0	0	0
conventional	ce1592	809	0	28.001909	0	14	7	5.568096	5.952638	9.481857	6.999318	1.538302	0
conventional	ce1593	809	0.805912	61.352836	1	14	7	7.873407	9.816373	30.595697	13.067359	2.080489	0
holistic	he1466	810	0	0	0	0	0	0	0	0	0	0	0
holistic	he1467	810	0	0	0	0	0	0	0	0	0	0	0
holistic	he1468	810	4.229837	17.858169	1	2	8	0	17.687930	0	0.170239	0	2.315127
holistic	he1469	811	0	0	0	0	0	0	0	0	0	0	0
holistic	he1470	811	0	0	0	0	0	0	0	0	0	0	0
conventional	ce1594	811	0.975978	34.402986	1	14	7	2.820275	2.244717	16.894076	12.443918	1.956050	0
holistic	he1471	812	4.229837	15.796771	1	2	8	0	15.519465	0	0.277306	0	1.824349
holistic	he1472	812	0	0	0	0	0	0	0	0	0	0	0
conventional	ce1595	812	0.822276	33.780744	1	14	7	2.676696	3.756758	16.958505	10.388785	2.328512	0
conventional	ce1596	813	0.975978	32.889824	1	14	7	0.584866	2.729907	18.302442	11.272609	2.328512	0
conventional	ce1597	813	0	72.785057	0	14	7	14.114985	10.591928	26.577058	21.501086	0.180608	0
conventional	ce1598	813	0	79.716368	0	14	7	10.425828	15.915412	32.631971	20.743157	0.578934	0
holistic	he1473	814	0	0	0	0	0	0	0	0	0	0	0
conventional	ce1599	814	0.680338	58.348895	1	14	7	10.339618	2.879259	28.217733	16.912285	1.951105	0
conventional	ce1600	814	0.376979	65.284322	1	14	7	10.588062	5.994825	38.301533	10.399902	1.035175	0
conventional	ce1601	814	0.523579	32.033866	1	14	7	6.236151	3.578481	17.123383	5.095851	0.675896	0
holistic	he1474	815	0	0	0	0	0	0	0	0	0	0	0
conventional	ce1602	815	0	65.834421	0	14	7	14.242514	11.020072	24.946621	15.625214	0.180608	0
holistic	he1475	816	8.710266	49.219895	5	8	21	0	25.624672	21.112027	2.483196	0	3.681386
conventional	ce1603	816	0.092230	84.293861	1	14	7	10.175101	14.989311	42.752030	16.377419	1.951105	0
conventional	ce1604	816	0	43.181829	0	14	7	10.168305	6.926795	15.752693	10.334036	1.510650	0
holistic	he1476	817	0	0	0	0	0	0	0	0	0	0	0
holistic	he1477	817	0	0	0	0	0	0	0	0	0	0.006742	0.055062
conventional	ce1605	817	0.277976	42.978032	1	14	7	5.601241	5.718572	22.153703	9.504516	0	0
conventional	ce1606	817	0.594374	29.810602	1	14	7	6.638125	4.449622	11.907601	6.815254	1.035175	0
holistic	he1478	818	0	0	0	0	0	0	0	0	0	0	0
holistic	he1479	818	0	0	0	0	0	0	0	0	0	0	0
conventional	ce1607	818	0.890404	32.785095	1	14	7	6.035756	7.468146	7.187227	12.093966	2.360266	0
holistic	he1480	819	8.429549	43.123091	5	30	36	0	40.532440	0.107455	2.483196	0	9.384152
conventional	ce1608	819	0.351697	34.033993	1	14	7	0.918290	2.292190	18.379346	12.444167	0.605900	0
holistic	he1481	820	0	0	0	0	0	0	0	0	0	0	0
holistic	he1482	820	0	0	0	0	0	0	0	0	0	0	0
conventional	ce1609	820	0.805912	63.434986	1	14	7	5.792357	13.351747	31.547491	12.743391	2.080489	0
conventional	ce1610	820	0.805912	42.351747	1	14	7	3.279162	1.984558	25.551596	11.536431	2.080489	0
conventional	ce1611	820	0	52.157842	0	14	7	5.737426	3.316930	32.869933	10.233553	1.453824	0
conventional	ce1612	821	1.362569	34.888070	1	14	7	1.860114	1.861275	19.519365	11.647316	2.328512	0
conventional	ce1613	821	0.438196	62.497400	1	14	7	12.047330	4.193493	35.591384	10.665193	0.286635	0
conventional	ce1614	821	0	58.294872	0	14	7	6.396655	5.973989	31.085315	14.838913	1.759719	0
conventional	ce1615	821	0.356539	31.349901	1	14	7	6.147396	5.456497	11.834703	7.911305	0.510799	0
conventional	ce1616	821	0	67.375659	0	14	7	6.938099	9.662406	37.235218	13.539936	3.012083	0
holistic	he1483	822	0	15.263850	0	40	4	15.263850	0	0	0	1.235592	5.523250
holistic	he1484	822	0	0	0	0	0	0	0	0	0	0	0
conventional	ce1617	822	0.489828	34.690955	1	14	7	9.171752	4.696383	10.708407	10.114413	2.442572	0
conventional	ce1618	822	0	52.569775	0	14	7	6.945521	7.504245	27.457828	10.662181	1.759719	0
conventional	ce1619	823	0.773007	64.070589	1	14	7	11.932480	3.920261	38.311423	9.906425	0.342808	0
holistic	he1485	824	4.229837	16.032470	1	2	7	0	15.755164	0	0.277306	0	1.824349
conventional	ce1620	824	0.266341	54.524274	1	14	7	11.213298	4.802688	29.049114	9.459174	1.562025	0
holistic	he1486	825	0	7.056360	0	16	10	7.056360	0	0	0	0	0
holistic	he1487	825	0	0	0	0	0	0	0	0	0	0	0
conventional	ce1621	825	0.092230	48.864077	1	14	7	9.075576	2.975861	25.880178	10.932462	2.340721	0
conventional	ce1622	825	1.115373	24.185784	1	14	7	1.352544	3.374273	9.895615	9.563352	2.328512	0
holistic	he1488	826	0	0.242379	0	1	1	0	0	0	0.242379	0	0.799664
holistic	he1489	826	0	0	0	0	0	0	0	0	0	0	0
conventional	ce1623	827	0.890404	26.803283	1	14	7	6.759359	3.219474	8.874884	7.949566	2.360266	0
conventional	ce1624	827	0	53.332022	0	14	7	3.275140	4.982163	21.536123	23.538596	1.208904	0
holistic	he1490	828	10.252239	56.640054	6	39	24	52.000407	0	4.639647	0	2.770755	17.436477
holistic	he1491	828	0	0	0	0	0	0	0	0	0	0	0
holistic	he1492	828	0	0	0	0	0	0	0	0	0	0	0
holistic	he1493	829	0	0	0	0	0	0	0	0	0	0	0
holistic	he1494	829	0	0	0	0	0	0	0	0	0	0	0
holistic	he1495	829	0	0	0	0	0	0	0	0	0	0	0
holistic	he1496	829	0	0	0	0	0	0	0	0	0	0	0
holistic	he1497	829	8.334642	45.756015	6	33	21	41.116368	0	4.639647	0	1.716766	16.845007
conventional	ce1625	829	0.773007	65.225795	1	14	7	11.971126	4.879206	37.541475	10.833988	0.342808	0
conventional	ce1626	829	0.975978	35.816044	1	14	7	2.434417	3.336792	16.710718	13.334117	4.432253	0
holistic	he1498	830	8.334642	11.394357	6	39	25	6.754710	0	4.639647	0	2.575149	24.426249
holistic	he1499	830	3.732500	13.972020	1	2	8	0	13.694714	0	0.277306	0	1.824349
holistic	he1500	830	0	0	0	0	0	0	0	0	0	0	0
holistic	he1501	830	0	0	0	0	0	0	0	0	0	0	0
conventional	ce1627	830	0.519808	64.953673	1	14	7	12.103657	9.788588	33.819577	9.241851	0.666273	0
conventional	ce1628	830	0.523579	31.278925	1	14	7	5.011664	2.284906	15.063391	8.918964	0.675896	0
conventional	ce1629	831	0.438196	60.400877	1	14	7	8.728324	6.020850	35.549647	10.102056	0.351395	0
conventional	ce1630	831	0.805912	61.749615	1	14	7	7.075790	9.280132	34.527053	10.866640	2.080489	0
conventional	ce1631	831	0	32.157447	0	14	7	5.551918	5.460787	12.704076	8.440666	1.538302	0
holistic	he1502	832	0	0	0	0	0	0	0	0	0	0	0
holistic	he1503	832	0	0	0	0	0	0	0	0	0	0	0
holistic	he1504	832	0	0	0	0	0	0	0	0	0	0.758258	0.658941
holistic	he1505	833	0	0	0	0	0	0	0	0	0	0	0
conventional	ce1632	834	0	96.888178	0	14	7	8.419290	18.785665	47.391848	22.291375	1.275510	0
conventional	ce1633	834	0.266341	62.224060	1	14	7	12.828957	4.766317	33.026910	11.601876	2.845863	0
conventional	ce1634	834	0	27.824215	0	14	7	5.487615	5.923812	10.524280	5.888508	0.510799	0
conventional	ce1635	835	0.816838	25.335059	1	14	7	3.563391	2.681048	13.829500	5.261120	2.360266	0
conventional	ce1636	835	0.772470	70.207562	1	14	7	9.625779	9.481006	28.082962	23.017815	0.972572	0
conventional	ce1637	835	0.351697	32.044962	1	14	7	0.902611	1.729612	17.134937	12.277802	0.605900	0
holistic	he1506	836	4.229837	17.858169	1	2	8	0	17.687930	0	0.170239	0	2.315127
holistic	he1507	836	1.795482	5.826716	2	8	4	5.826716	0	0	0	0	12.978878
conventional	ce1638	836	0.351697	57.925915	1	14	7	7.516457	5.526536	34.534421	10.348501	0.565453	0
conventional	ce1639	836	0.092230	51.614472	1	14	7	9.242225	2.789178	25.958454	13.624615	3.085249	0
holistic	he1508	837	0	8.890944	0	16	22	8.890944	0	0	0	0	0
conventional	ce1640	837	0.351697	32.448630	1	14	7	1.380106	2.292190	17.521005	11.255329	0.096057	0
conventional	ce1641	837	1.362569	64.133282	1	14	7	11.825415	8.729624	30.151471	13.426772	2.981800	0
conventional	ce1642	837	0.805912	41.507218	1	14	7	1.114848	0.784423	20.208432	19.399515	2.080489	0
conventional	ce1643	839	0.092230	49.001927	1	14	7	9.766752	1.396134	26.650920	11.188121	2.340721	0
conventional	ce1644	839	0.763413	54.864808	1	14	7	13.624873	2.719864	27.546839	10.973232	1.035175	0
conventional	ce1645	839	1.362569	33.950495	1	14	7	1.868034	2.250257	20.073772	9.758432	2.328512	0
conventional	ce1646	839	0	32.997472	0	14	7	7.163119	6.135238	12.980267	6.718848	0.510799	0
holistic	he1509	840	0	0	0	0	0	0	0	0	0	0	0
holistic	he1510	840	0	0	0	0	0	0	0	0	0	0	0
holistic	he1511	840	4.229837	16.032470	1	2	7	0	15.755164	0	0.277306	0	1.824349
holistic	he1512	840	0	3.372722	0	1	5	3.372722	0	0	0	0	0
conventional	ce1647	840	0.092230	52.792777	1	14	7	10.195861	2.967321	26.587618	13.041977	2.340721	0
conventional	ce1648	840	0.975978	30.817031	1	14	7	0.468331	3.297793	15.853733	11.197174	2.328512	0
conventional	ce1649	841	1.184432	33.402122	1	14	7	1.978177	2.366124	19.617118	9.440703	2.328512	0
conventional	ce1650	842	0.094219	46.008129	1	14	7	6.957482	3.553619	22.619036	12.877992	2.694204	0
conventional	ce1651	842	0.890404	36.035756	1	14	7	7.880333	5.499495	12.453044	10.202884	2.360266	0
conventional	ce1652	842	0.376979	64.216172	1	14	7	8.573293	7.348522	35.677597	12.616760	0.645965	0
holistic	he1513	843	0	0	0	0	0	0	0	0	0	0	0
conventional	ce1653	843	0.277976	25.147861	1	14	7	4.180707	4.971863	9.207503	6.787788	0	0
conventional	ce1654	843	0.298665	63.519287	1	14	7	10.803881	3.759957	35.104967	13.850482	0.286635	0
holistic	he1514	844	0	0	0	0	0	0	0	0	0	0	0
holistic	he1515	844	0	0	0	0	0	0	0	0	0	0	0
holistic	he1516	844	0	16.393092	0	15	9	16.393092	0	0	0	1.975830	0.110124
conventional	ce1655	844	0	40.687377	0	14	7	6.786185	8.400842	16.877243	8.623107	1.538302	0
holistic	he1517	845	0	1.987396	0	4	8	1.987396	0	0	0	0	0
holistic	he1518	845	0	8.890944	0	16	22	8.890944	0	0	0	0	0
conventional	ce1656	845	0.975978	33.694932	1	14	7	1.230261	2.638350	18.506938	11.319383	2.328512	0
conventional	ce1657	845	0.092230	41.028976	1	14	7	11.077677	2.536629	19.167682	8.246988	2.283705	0
holistic	he1519	846	0	0	0	0	0	0	0	0	0	0	0
conventional	ce1658	846	0.805912	41.838149	1	14	7	1.608955	0.802333	18.438960	20.987901	2.080489	0
conventional	ce1659	846	0.805912	53.611803	1	14	7	8.182032	6.390306	24.816676	14.222789	2.080489	0
conventional	ce1660	846	0.890404	28.162302	1	14	7	6.419482	3.693506	10.476261	7.573053	2.360266	0
holistic	he1520	847	0	0	0	0	0	0	0	0	0	0	0
conventional	ce1661	847	0.438196	66.222483	1	14	7	8.884746	7.621075	35.857877	13.858785	0.388385	0
conventional	ce1662	847	0.975978	31.680106	1	14	7	2.158929	3.788652	15.090390	10.642135	4.212936	0
conventional	ce1663	847	0.266341	54.016512	1	14	7	12.488404	4.158216	27.029436	10.340456	1.562611	0
holistic	he1521	848	0	0	0	0	0	0	0	0	0	0	0
holistic	he1522	848	0	0	0	0	0	0	0	0	0	0.006742	0.055062
conventional	ce1664	848	0.890404	51.992059	1	14	7	8.323858	0.985574	28.687337	13.995290	2.360266	0
conventional	ce1665	849	0.298665	64.555467	1	14	7	11.388314	3.185309	38.133475	11.848369	0.607541	0
conventional	ce1666	849	0.376979	30.702520	1	14	7	5.019343	5.641528	10.292368	9.749281	1.692977	0
holistic	he1523	850	0	0	0	0	0	0	0	0	0	0	0
holistic	he1524	851	2.463330	11.171912	2	33	24	11.171912	0	0	0	2.127291	16.857748
conventional	ce1667	851	0.805912	41.668175	1	14	7	1.227833	1.901009	20.683613	17.855720	2.326592	0
conventional	ce1668	851	0.975978	37.522179	1	14	7	4.575656	1.897930	18.797303	12.251290	1.956050	0
holistic	he1525	852	0	2.008192	0	4	8	2.008192	0	0	0	0	0
conventional	ce1669	852	0.862253	45.901620	1	14	7	7.342912	3.251681	24.273375	11.033652	1.562025	0
conventional	ce1670	852	1.310840	42.769436	1	14	7	0.513132	2.625414	24.141740	15.489150	2.958153	0
conventional	ce1671	852	0.600195	37.602816	2	14	7	4.969248	5.500933	20.289924	6.842711	2.052198	0
conventional	ce1672	852	0.890404	53.764292	1	14	7	7.099513	2.704451	26.310534	17.649794	1.563134	0
conventional	ce1673	853	0.092230	54.424738	1	14	7	9.782092	3.844203	24.377958	16.420485	3.085249	0
conventional	ce1674	853	1.362569	36.620544	1	14	7	1.860114	2.055587	21.299687	11.405156	2.468096	0
conventional	ce1675	853	0	107.145879	0	14	7	6.340377	16.350225	56.454098	28.001179	1.275510	0
holistic	he1526	854	0	0	0	0	0	0	0	0	0	0	0
holistic	he1527	854	0	0	0	0	0	0	0	0	0	0	0
conventional	ce1676	854	0.376979	66.489593	1	14	7	11.242187	6.005090	38.859610	10.382706	0.992501	0
conventional	ce1677	854	0.890404	34.954592	1	14	7	8.248404	4.869700	11.291742	10.544746	2.583407	0
holistic	he1528	855	4.229837	16.032470	1	2	7	0	15.755164	0	0.277306	0	1.824349
holistic	he1529	855	1.795482	4.348072	2	8	4	4.348072	0	0	0	0	11.995136
conventional	ce1678	855	0.890404	42.551725	1	14	7	7.784546	7.111545	14.709373	12.946261	2.360266	0
conventional	ce1679	855	0	55.026484	0	14	7	8.517603	8.733066	26.427296	11.348519	3.012083	0
conventional	ce1680	857	0.975978	33.218084	1	14	7	1.783485	3.461520	15.641099	12.331980	5.319571	0
conventional	ce1681	857	0.890404	34.990860	1	14	7	8.800227	4.439677	11.821174	9.929782	2.360266	0
conventional	ce1682	857	1.362569	35.130008	1	14	7	1.860114	1.861275	19.831134	11.577485	1.603050	0
holistic	he1530	858	0	2.475392	0	2	2	2.475392	0	0	0	0	0
conventional	ce1683	858	0.837722	52.806036	1	14	7	8.070317	3.836592	22.634060	18.265067	3.085249	0
conventional	ce1684	859	0.376979	54.609570	1	14	7	11.366944	5.107971	30.053034	8.081621	1.779356	0
holistic	he1531	860	2.463330	10.507226	2	33	24	10.507226	0	0	0	2.127291	17.263914
conventional	ce1685	860	0.890404	45.687717	1	14	7	7.878617	1.874681	23.793077	12.141342	2.360266	0
conventional	ce1686	860	0.975978	27.406641	1	14	7	1.182225	2.280908	14.077787	9.865721	2.328512	0
conventional	ce1687	861	0.890404	35.096012	1	14	7	8.489166	3.973868	11.408888	11.224090	2.307606	0
conventional	ce1688	861	0.890404	57.456639	1	14	7	6.928657	3.615344	27.704906	19.207732	1.563134	0
conventional	ce1689	861	0.092230	45.072312	1	14	7	6.523992	3.238059	24.453439	10.856822	2.340721	0
conventional	ce1690	861	0.092230	39.354650	1	14	7	6.807856	2.259834	22.797801	7.489159	2.766842	0
conventional	ce1691	861	0	72.410694	0	14	7	14.080173	10.133609	25.741791	22.455121	0.180608	0
holistic	he1532	862	0	0	0	0	0	0	0	0	0	0	0
conventional	ce1692	862	0.351697	39.016754	1	14	7	0.648376	4.922163	19.166343	14.279872	0.605900	0
conventional	ce1693	862	0	56.686286	0	14	7	7.209163	9.988930	28.187416	11.300777	1.786608	0
holistic	he1533	863	3.732500	13.709231	1	2	8	0	13.694714	0	0.014517	0	1.824349
holistic	he1534	863	3.694995	10.374148	3	28	17	10.374148	0	0	0	0.709097	13.820136
holistic	he1535	863	0.406902	7.644171	1	11	9	6.496368	0	1.147803	0	0	0
conventional	ce1694	863	0.356539	30.601331	1	14	7	5.400950	5.094551	11.780401	8.325429	0.510799	0
conventional	ce1695	863	1.073760	61.135026	1	14	7	9.662859	7.527605	29.375567	14.568995	2.080489	0
holistic	he1536	864	0	0	0	0	0	0	0	0	0	0	0
conventional	ce1696	864	0	53.594396	0	14	7	7.595674	7.576043	28.225066	10.197613	1.759719	0
conventional	ce1697	864	0.238254	34.008961	1	14	7	9.062877	5.604154	9.851307	9.490623	2.442572	0
conventional	ce1698	865	0.266341	60.166079	1	14	7	12.163182	6.174440	32.080521	9.747936	1.562025	0
conventional	ce1699	865	0.420519	46.368706	1	14	7	8.497103	4.209523	21.503205	12.158875	2.783263	0
holistic	he1537	866	0	0	0	0	0	0	0	0	0	0	0
conventional	ce1700	866	1.158158	35.184518	1	14	7	9.390064	3.200739	13.079445	9.514270	2.442572	0
conventional	ce1701	866	0.975978	36.090295	1	14	7	1.552191	2.699949	19.200070	12.638085	2.321471	0
conventional	ce1702	866	0.312360	52.918483	1	14	7	13.845424	1.722826	24.451975	12.898258	1.774601	0
holistic	he1538	867	0	3.210622	0	8	8	3.210622	0	0	0	0	0
holistic	he1539	867	0	0	0	0	0	0	0	0	0	0	0
conventional	ce1703	867	0.094219	58.657614	1	14	7	8.374481	3.279568	30.622374	16.381191	2.694204	0
holistic	he1540	868	0	0	0	0	0	0	0	0	0	0	0
conventional	ce1704	868	0.890404	57.327182	1	14	7	7.619087	3.477584	28.404801	17.825710	1.563134	0
conventional	ce1705	868	0.092230	44.266319	1	14	7	7.217067	2.378773	26.983049	7.687430	2.340721	0
conventional	ce1706	868	0.092230	46.203349	1	14	7	5.078485	1.581354	26.375535	13.167975	3.389536	0
conventional	ce1707	868	0.651144	33.929988	1	14	7	1.739876	2.196637	19.741542	10.251933	2.328512	0
conventional	ce1708	869	0.481084	47.649273	1	14	7	6.846898	2.845655	31.305603	6.651117	2.360266	0
conventional	ce1709	869	0.092230	45.779858	1	14	7	8.522297	2.741317	24.527698	9.988546	2.130861	0
holistic	he1541	870	0	0	0	0	0	0	0	0	0	0	0
holistic	he1542	870	0	0	0	0	0	0	0	0	0	0	0
holistic	he1543	870	0	3.509294	0	8	8	3.509294	0	0	0	0	0
conventional	ce1710	870	0.099911	39.946147	1	14	7	4.945523	6.193602	22.666076	6.140946	2.340721	0
holistic	he1544	871	0	0	0	0	0	0	0	0	0	0	0
holistic	he1545	871	8.673594	11.535942	6	39	25	6.557343	0	4.978599	0	2.575149	24.426249
holistic	he1546	871	0	0	0	0	0	0	0	0	0	0	0
holistic	he1547	871	4.202356	15.418637	1	1	7	0	15.418637	0	0	0	1.816504
conventional	ce1711	871	0.438196	62.190749	1	14	7	12.156244	3.399446	36.886800	9.748259	0.167076	0
conventional	ce1712	871	0.298665	66.264610	1	14	7	11.422982	2.865833	37.462581	14.513214	0.474186	0
conventional	ce1713	871	0.975978	35.482877	1	14	7	1.109584	2.337844	20.952465	11.082984	2.321471	0
conventional	ce1714	871	0.092230	45.183681	1	14	7	8.462889	0.939455	25.170188	10.611149	3.085249	0
holistic	he1548	872	0	0	0	0	1	0	0	0	0	0	1.724054
holistic	he1549	872	0	0	0	0	0	0	0	0	0	0	0
conventional	ce1715	872	0.356539	34.567817	1	14	7	7.053441	5.230195	13.438300	8.845881	0.919900	0
conventional	ce1716	873	0.209711	34.157226	1	14	7	9.171752	4.716493	10.377459	9.891522	2.442572	0
conventional	ce1717	873	0.523579	64.576443	1	14	7	12.289278	4.345611	37.278328	10.663226	0.675896	0
conventional	ce1718	873	0.975978	28.108030	1	14	7	1.827449	1.399704	14.370098	10.510779	4.212936	0
conventional	ce1719	874	0.890404	54.381104	1	14	7	9.872946	2.312782	28.679559	13.515817	2.360266	0
conventional	ce1720	874	0.654343	28.275775	1	14	7	3.956774	2.324213	14.964015	7.030773	2.360266	0
conventional	ce1721	874	0.490309	44.940991	1	14	7	1.937351	1.614481	20.478027	20.911132	0.605900	0
conventional	ce1722	874	1.362569	34.044383	1	14	7	2.166048	1.861275	18.581854	11.435206	2.328512	0
conventional	ce1723	874	0.805912	40.361852	1	14	7	3.253093	3.294017	14.842377	18.972365	2.080489	0
conventional	ce1724	875	1.141626	61.020619	1	14	7	7.983439	8.406531	34.917745	9.712904	0.351395	0
conventional	ce1725	875	0.888277	39.685933	1	14	7	1.207966	3.493990	23.172818	11.811159	0.605900	0
conventional	ce1726	875	0.805912	60.000780	1	14	7	6.505870	8.375054	34.459306	10.660550	2.080489	0
holistic	he1550	876	9.776649	41.066199	7	32	36	0	38.766786	0.107455	2.191958	0	9.384152
conventional	ce1727	876	0.816838	35.402960	1	14	7	5.438766	3.598787	18.284555	8.080852	2.360266	0
conventional	ce1728	876	1.362569	33.501290	1	14	7	3.068647	1.442166	17.472504	11.517973	2.328512	0
holistic	he1551	877	0	0	0	0	0	0	0	0	0	0	0
holistic	he1552	877	0	0	0	0	0	0	0	0	0	0	0
conventional	ce1729	877	0.298665	62.943577	1	14	7	8.342467	3.711160	36.268285	14.621665	0.286635	0
conventional	ce1730	877	0	94.737559	0	14	7	8.983260	20.316108	48.272993	17.165198	1.275510	0
holistic	he1553	878	0	0	0	0	1	0	0	0	0	0	0
holistic	he1554	878	0	0	0	0	0	0	0	0	0	0	0
holistic	he1555	879	0	5.338984	0	8	8	5.338984	0	0	0	0.210516	0.597836
conventional	ce1731	879	0.805912	38.907734	1	14	7	1.929082	1.179691	17.941862	17.857099	2.080489	0
conventional	ce1732	879	0.651144	35.251761	1	14	7	1.314845	1.612793	21.347547	10.976576	2.328512	0
conventional	ce1733	880	0	57.306094	0	14	7	8.285672	4.490637	35.129026	9.400759	1.759719	0
conventional	ce1734	880	0.351697	30.742506	1	14	7	1.612063	1.407077	17.808308	9.915058	0.605900	0
conventional	ce1735	881	0.298665	56.306990	1	14	7	8.246990	4.711411	34.293047	9.055542	1.250183	0
conventional	ce1736	881	0.890404	33.386764	1	14	7	8.715344	3.973868	8.856704	11.840848	2.307606	0
conventional	ce1737	881	0.651144	39.023661	1	14	7	1.987516	2.043507	23.071971	11.920667	1.745457	0
conventional	ce1738	881	0.351697	17.549738	1	14	7	0.807676	3.294438	7.924816	5.522808	2.262672	0
conventional	ce1739	881	0.092230	47.763421	1	14	7	7.052800	3.699169	24.218250	12.793202	2.775246	0
holistic	he1556	882	0	0	0	0	0	0	0	0	0	0	0
holistic	he1557	882	0	0	0	0	0	0	0	0	0	0	0
conventional	ce1740	882	0.975978	43.756704	1	14	7	7.056300	3.345671	20.434795	12.919938	4.268606	0
conventional	ce1741	882	0.805912	37.605257	1	14	7	2.076986	0.274886	17.809538	17.443847	2.203716	0
conventional	ce1742	882	0	74.539599	0	14	7	12.073045	13.939695	22.904937	25.621922	0.180608	0
conventional	ce1743	883	0.805912	43.227326	1	14	7	0.671775	1.230591	21.686146	19.638814	2.287433	0
holistic	he1558	884	0	3.703216	0	16	10	3.703216	0	0	0	0	0
conventional	ce1744	884	0	41.086599	0	14	7	2.036490	2.332227	25.954142	10.763740	1.618544	0
conventional	ce1745	884	1.305258	67.340900	1	14	7	11.437577	6.103736	36.460777	13.338810	1.243998	0
holistic	he1559	885	0	0	0	0	0	0	0	0	0	0	0
holistic	he1560	885	4.507651	14.493042	1	1	7	0	14.493042	0	0	0	2.299556
conventional	ce1746	885	0.890404	33.738406	1	14	7	8.215882	4.494642	12.057258	8.970624	2.158169	0
conventional	ce1747	885	0	52.997316	0	14	7	7.718757	9.129225	29.194880	6.954454	1.868546	0
conventional	ce1748	885	0.975978	31.606853	1	14	7	1.228830	2.556810	16.546949	11.274264	2.328512	0
holistic	he1561	888	0	0	0	0	0	0	0	0	0	0	0
holistic	he1562	889	2.463330	14.707368	2	44	26	14.707368	0	0	0	2.127291	16.739032
holistic	he1563	889	4.229837	17.780846	1	2	8	0	17.687930	0	0.092916	0	2.315127
holistic	he1564	889	0	0	0	0	0	0	0	0	0	0	0
holistic	he1565	889	9.558400	17.348500	8	60	31	11.162304	0	6.186196	0	2.575149	28.791606
holistic	he1566	889	4.229837	16.124229	1	2	7	0	15.755164	0	0.369065	0	1.824349
holistic	he1567	890	0	7.928000	0	16	24	7.928000	0	0	0	0	0
holistic	he1568	890	4.229837	16.032470	1	2	8	0	15.755164	0	0.277306	0	1.824349
holistic	he1569	890	0	0	0	0	0	0	0	0	0	0	0
conventional	ce1749	891	0.651144	62.834859	1	14	7	8.795908	1.636554	37.223254	15.179143	2.328512	0
conventional	ce1750	891	0.975978	29.556879	1	14	7	2.632649	2.088699	16.655478	8.180053	2.715174	0
holistic	he1570	892	0	0	0	0	0	0	0	0	0	0	0
holistic	he1571	892	0	7.679964	0	16	22	7.679964	0	0	0	0	0
holistic	he1572	892	0	0	0	0	0	0	0	0	0	0	0
holistic	he1573	893	0	0	0	0	0	0	0	0	0	0	0
conventional	ce1751	893	1.107332	59.192976	1	14	7	5.303863	6.653333	28.169958	19.065822	1.563134	0
holistic	he1574	894	4.229837	18.173154	1	2	10	0	18.080238	0	0.092916	0	2.315127
conventional	ce1752	894	0	23.554945	0	14	7	3.926485	2.680329	11.293812	5.654319	1.011870	0
conventional	ce1753	894	0	34.680174	0	14	7	3.858906	8.609733	11.011751	11.199784	1.759719	0
conventional	ce1754	895	0	55.779616	0	14	7	5.828455	9.030041	28.846801	12.074319	1.759719	0
conventional	ce1755	895	0.975978	30.405160	1	14	7	2.257070	2.882033	16.300474	8.965583	3.100705	0
holistic	he1575	896	0	44.695480	0	32	24	44.695480	0	0	0	0	0
holistic	he1576	896	0	0	0	0	0	0	0	0	0	0	0
conventional	ce1756	896	0.805912	57.423412	1	14	7	10.600221	6.211451	25.869351	14.742389	2.080489	0
holistic	he1577	897	9.884104	36.345758	8	34	43	0	33.938890	0.214910	2.191958	0	3.366706
holistic	he1578	897	0	0	0	0	0	0	0	0	0	0	0
conventional	ce1757	897	1.015467	58.400851	1	14	7	8.893081	11.536274	30.159085	7.812411	2.821861	0
conventional	ce1758	897	1.158158	51.660001	1	14	7	6.069238	8.933638	26.826933	9.830192	2.442572	0
conventional	ce1759	897	0.463232	58.587259	1	14	7	7.132141	8.391142	27.465512	15.598464	2.441640	0
holistic	he1579	898	0	0	0	0	0	0	0	0	0	0	0
holistic	he1580	899	3.954176	15.005697	1	2	7	0	14.728391	0	0.277306	0	1.824349
conventional	ce1760	899	0.890404	35.069679	1	14	7	1.332916	2.510794	16.521250	14.704719	2.307606	0
conventional	ce1761	899	0.351697	27.716483	1	14	7	1.404243	0.827993	16.310088	9.174159	0.605900	0
holistic	he1581	900	0	0	0	0	0	0	0	0	0	0	0
holistic	he1582	900	0	0	0	0	0	0	0	0	0	0	0
holistic	he1583	900	0	0	0	0	0	0	0	0	0	0	0
holistic	he1584	900	0	0	0	0	0	0	0	0	0	0	0
conventional	ce1762	900	0.975867	55.473546	2	14	7	7.018873	2.486411	28.795849	17.172413	1.563134	0
conventional	ce1763	900	1.616521	65.411446	2	14	7	11.672065	6.971867	30.495851	16.271663	2.080489	0
conventional	ce1764	900	1.015467	59.349822	1	14	7	8.546233	11.585763	30.422036	8.795790	2.466437	0
holistic	he1585	902	0	0	0	0	0	0	0	0	0	0	0
conventional	ce1765	902	0	99.904386	0	14	7	10.180210	23.546066	50.370231	15.807879	0.806891	0
conventional	ce1766	902	0.783855	37.026352	1	14	7	2.219817	4.719035	17.405102	12.682398	2.461792	0
holistic	he1586	903	0	0	0	0	0	0	0	0	0	0	0
conventional	ce1767	903	0.805912	52.403971	1	14	7	5.914922	8.631692	23.843133	14.014224	2.080489	0
holistic	he1587	904	3.372204	9.951116	4	64	37	9.951116	0	0	0	7.567260	31.389380
holistic	he1588	904	0	0	0	0	0	0	0	0	0	0	0
holistic	he1589	904	0	0	0	0	0	0	0	0	0	0	0
holistic	he1590	904	0	0	0	0	0	0	0	0	0	0	0
conventional	ce1768	904	0.914407	66.790221	1	14	7	8.158517	6.545284	31.883962	20.202458	1.563134	0
holistic	he1591	905	2.463330	9.997278	2	30	21	9.997278	0	0	0	1.904679	15.615919
holistic	he1592	905	0	0	0	0	0	0	0	0	0	0	0
conventional	ce1769	905	0.975867	59.543636	2	14	7	4.602343	5.573976	31.572483	17.794834	1.563134	0
holistic	he1593	906	0	0	0	0	0	0	0	0	0	0	0
conventional	ce1770	906	0.351697	29.239740	1	14	7	0.913803	1.831752	15.724936	10.769249	0.605900	0
conventional	ce1771	906	1.015467	58.625262	1	14	7	8.151220	10.698319	30.282734	9.492989	2.466437	0
conventional	ce1772	906	1.158158	56.709187	1	14	7	6.677962	10.825137	27.275629	11.930459	2.442572	0
conventional	ce1773	906	1.550549	54.266005	1	14	7	8.932252	6.520038	31.084435	7.729280	2.360266	0
holistic	he1594	907	0	7.501362	0	12	8	7.501362	0	0	0	0.458108	1.195672
conventional	ce1774	907	0	112.965522	0	14	7	7.470530	18.433791	59.660249	27.400952	1.275510	0
conventional	ce1775	907	0.651144	64.436782	1	14	7	7.808059	1.968539	38.200200	16.459984	2.007269	0
conventional	ce1776	907	0.011292	34.186666	1	14	7	9.680408	3.921918	11.842902	8.741438	2.442572	0
holistic	he1595	908	8.673594	11.941320	6	33	25	6.962721	0	4.978599	0	1.716766	21.666079
holistic	he1596	908	14.611246	52.256858	10	35	36	0	48.861466	0.107455	3.287937	0	8.058782
holistic	he1597	908	0	0	0	0	0	0	0	0	0	0	0
conventional	ce1777	908	0	28.773136	0	14	7	5.256481	3.437779	14.434417	5.644459	1.722494	0
conventional	ce1778	908	0.298665	63.027455	1	14	7	12.245292	1.645222	35.269585	13.867356	0.293816	0
holistic	he1598	909	0	0	0	0	0	0	0	0	0	0	0
conventional	ce1779	909	1.073760	66.419615	1	14	7	9.989720	7.626869	34.484471	14.318555	1.267268	0
holistic	he1599	910	0	0	0	0	0	0	0	0	0	0	0
holistic	he1600	910	0	0	0	0	0	0	0	0	0	0	0
conventional	ce1780	910	0.353373	26.348020	2	14	7	1.085574	1.371677	13.917797	9.972972	2.052198	0
conventional	ce1781	910	0	31.836436	0	14	7	1.439731	1.482949	18.966349	9.947407	0.605900	0
holistic	he1601	911	0	0	0	0	3	0	0	0	0	0	0
holistic	he1602	912	0	14.525999	0	25	7	13.359728	0	1.166271	0	0	0
conventional	ce1782	912	1.073760	53.610902	1	14	7	6.862317	4.561022	29.980372	12.207191	2.080489	0
conventional	ce1783	912	0	113.854990	0	14	7	7.819406	18.540929	60.017615	27.477040	1.275510	0
conventional	ce1784	912	1.105768	57.468354	1	14	7	6.649528	12.488612	31.470220	6.859994	2.821861	0
conventional	ce1785	912	0.975978	36.099139	1	14	7	1.003975	2.939343	22.840333	9.315488	2.321471	0
conventional	ce1786	912	0.783855	30.807260	1	14	7	1.646647	4.133565	14.026812	11.000236	2.267667	0
holistic	he1603	913	0.574759	8.402600	2	13	9	7.590279	0	0.812321	0	0	0
conventional	ce1787	913	0.914407	69.012917	1	14	7	8.158517	6.545284	34.932079	19.377037	1.563134	0
holistic	he1604	914	0	0	0	0	0	0	0	0	0	0	0
holistic	he1605	914	9.776649	40.996179	7	29	36	0	38.696766	0.107455	2.191958	0	10.066296
holistic	he1606	914	0	0	0	0	0	0	0	0	0	0	0
holistic	he1607	914	1.231665	6.785583	1	24	21	6.785583	0	0	0	1.418194	10.358935
conventional	ce1788	914	1.015467	56.851345	1	14	7	7.998054	5.535227	30.920592	12.397472	2.466437	0
conventional	ce1789	914	0.351697	25.043455	1	14	7	1.731528	2.573069	15.223463	5.515395	0.689488	0
holistic	he1608	915	0	0	0	0	0	0	0	0	0	0	0
holistic	he1609	915	0	0	0	0	0	0	0	0	0	0	0
holistic	he1610	916	0	0	0	0	0	0	0	0	0	0	0
conventional	ce1790	916	0.351697	39.485116	1	14	7	2.189559	3.873836	18.458978	14.962743	0.605900	0
conventional	ce1791	916	0.651144	39.966646	1	14	7	2.048395	2.378659	24.238491	11.301101	1.382157	0
conventional	ce1792	916	0	68.799326	0	14	7	12.545684	10.676811	22.327012	23.249819	0.180608	0
holistic	he1611	917	0	0	0	0	0	0	0	0	0	0	0
conventional	ce1793	917	1.158158	55.149879	1	14	7	6.533439	9.536658	27.072315	12.007467	2.442572	0
holistic	he1612	918	6.325749	10.224721	5	29	26	5.585074	0	4.639647	0	3.433532	25.695506
conventional	ce1794	918	0.092230	42.601539	1	14	7	6.738074	3.320460	21.112005	11.431000	2.775246	0
holistic	he1613	920	0	0	0	0	0	0	0	0	0	0	0
conventional	ce1795	921	0.975978	37.511094	1	14	7	1.172047	3.621823	22.992641	9.724583	2.321471	0
conventional	ce1796	921	0.266341	41.986726	1	14	7	4.476395	4.245121	26.020258	7.244952	1.511347	0
conventional	ce1797	921	0.096503	43.368936	1	14	7	6.080146	3.007601	22.954167	11.327022	2.975329	0
conventional	ce1798	921	0.890404	8.919448	1	14	7	0.857804	1.081412	4.915682	2.064550	2.482871	0
holistic	he1614	922	0	0	0	0	0	0	0	0	0	0	0
conventional	ce1799	922	1.158158	54.338796	1	14	7	6.217622	8.608069	24.964366	14.548739	2.442572	0
conventional	ce1800	922	1.641046	53.743386	1	14	7	4.814443	1.034965	35.442487	12.451491	2.007269	0
conventional	ce1801	922	0.351697	38.100800	1	14	7	3.299841	3.447868	17.363602	13.989489	0.006488	0
holistic	he1615	923	0	3.210622	0	8	8	3.210622	0	0	0	0	0
holistic	he1616	923	0	11.806368	0	20	23	11.806368	0	0	0	0.235680	0.799969
conventional	ce1802	923	0	60.478099	0	14	7	9.426858	8.449785	32.606865	9.994591	1.453744	0
conventional	ce1803	923	1.015467	60.003919	1	14	7	7.978291	11.201034	30.448273	10.376321	2.466437	0
conventional	ce1804	923	0.298665	59.697394	1	14	7	12.272294	6.556547	31.427154	9.441399	0.633989	0
holistic	he1617	924	0	15.062720	0	27	9	15.062720	0	0	0	0	0
conventional	ce1805	924	0.914407	69.341468	1	14	7	8.360416	6.896687	32.342198	21.742167	1.563134	0
conventional	ce1806	924	0	107.755762	0	14	7	8.699514	16.073949	56.602779	26.379520	1.242640	0
conventional	ce1807	924	0.774845	51.514701	1	14	7	6.038915	6.018283	26.680359	12.777144	2.844275	0
conventional	ce1808	925	0	23.686680	0	14	7	4.158842	2.574919	11.320349	5.632570	1.011870	0
conventional	ce1809	925	0.036627	37.807304	1	14	7	4.150962	2.404233	20.971475	10.280634	1.745457	0
holistic	he1618	926	0	0	0	0	0	0	0	0	0	0	0
conventional	ce1810	926	1.641046	54.567748	1	14	7	4.248264	0.645161	35.585439	14.088884	2.007269	0
conventional	ce1811	926	0.351697	25.284233	1	14	7	1.411850	2.134608	13.017438	8.720337	0.255528	0
conventional	ce1812	926	0	34.806635	0	14	7	2.643943	8.038577	13.301605	10.822510	2.114045	0
holistic	he1619	927	0	0.745733	0	2	4	0.745733	0	0	0	0	0
holistic	he1620	927	6.325749	19.136455	5	12	26	14.496808	0	4.639647	0	3.433532	26.416500
holistic	he1621	928	0	10.965360	0	9	6	10.965360	0	0	0	0	0
holistic	he1622	928	0	0	0	0	0	0	0	0	0	0	0
conventional	ce1813	928	0	41.048731	0	14	7	2.434962	2.332227	26.200143	10.081399	1.618544	0
conventional	ce1814	928	0	59.901641	0	14	7	8.446015	11.127675	32.936862	7.391089	1.611008	0
conventional	ce1815	928	0.888277	44.952271	1	14	7	1.299498	4.065654	25.101697	14.485422	0.809406	0
holistic	he1623	929	0	0	0	0	0	0	0	0	0	0	0
holistic	he1624	929	0	0	0	0	0	0	0	0	0	0	0
conventional	ce1816	929	1.105768	58.360335	1	14	7	7.223593	12.275195	31.827026	7.034521	1.517708	0
holistic	he1625	930	0	0	0	0	0	0	0	0	0	0	0
holistic	he1626	930	7.441929	14.429553	5	25	24	9.450954	0	4.978599	0	2.575149	20.174433
holistic	he1627	930	10.748871	48.682697	9	30	39	0	48.665141	0	0.017556	0	8.058782
conventional	ce1817	930	0	105.315197	0	14	7	10.374276	28.648778	50.690218	15.601925	0.190299	0
conventional	ce1818	930	0	69.570382	0	14	7	11.469264	14.156987	20.613773	23.330358	0.180608	0
holistic	he1628	931	9.558400	77.360688	8	60	34	71.174492	0	6.186196	0	2.575149	28.997562
holistic	he1629	931	1.231665	23.288351	1	34	21	6.745515	0	16.542836	0	0.357992	10.572334
holistic	he1630	931	0	0	0	0	0	0	0	0	0	0	0
holistic	he1631	931	0	0.878517	0	3	9	0.878517	0	0	0	0.695706	0.597836
conventional	ce1819	931	0.890404	40.466751	1	14	7	10.418552	4.855177	16.066265	9.126757	2.550023	0
holistic	he1632	932	9.375269	39.162182	6	45	29	0	20.838026	5.135907	13.188249	2.575149	14.829098
holistic	he1633	932	0	0	0	0	0	0	0	0	0	0	0
holistic	he1634	933	1.231665	7.302597	1	24	21	7.302597	0	0	0	1.418194	10.358935
holistic	he1635	933	0	0	0	0	0	0	0	0	0	0	0
conventional	ce1820	933	1.073760	57.806670	1	14	7	8.714891	1.957420	34.248249	12.886110	1.019624	0
conventional	ce1821	933	0.890404	71.286519	1	14	7	7.798386	14.189288	36.163787	13.135058	2.265366	0
conventional	ce1822	934	0.351697	29.114672	1	14	7	0.376229	2.694996	15.225707	10.817740	0.083489	0
conventional	ce1823	934	0.888277	35.174888	1	14	7	2.274650	4.178286	17.900021	10.821931	0.446465	0
holistic	he1636	935	4.229837	17.781803	1	2	8	0	17.687930	0	0.093873	0	2.315127
conventional	ce1824	935	1.362569	26.923875	1	14	7	1.808137	1.733930	14.115092	9.266716	2.328512	0
conventional	ce1825	935	0	54.273165	0	14	7	8.084359	8.170571	29.148950	8.869285	2.020795	0
conventional	ce1826	935	0.914407	53.434782	1	14	7	6.681183	13.505098	29.007502	4.240999	1.563134	0
holistic	he1637	936	0	0	0	0	20	0	0	0	0	0	0
holistic	he1638	936	0	7.655925	0	9	3	7.655925	0	0	0	0	0
conventional	ce1827	936	0.651144	65.930316	1	14	7	7.863133	1.544248	39.404257	17.118678	2.131495	0
conventional	ce1828	936	0.060052	57.361928	1	14	7	13.601416	0.560550	35.648735	7.551227	0.567348	0
holistic	he1639	937	0	27.173748	0	12	4	27.173748	0	0	0	0	0
holistic	he1640	937	0	0	0	0	0	0	0	0	0	0	0
holistic	he1641	937	0	0	0	0	0	0	0	0	0	0	0
conventional	ce1829	937	0.351697	26.019522	1	14	7	0.188795	2.371647	13.213087	10.245993	0.083489	0
conventional	ce1830	937	1.015467	65.201002	1	14	7	7.396180	12.224155	34.176105	11.404562	3.194463	0
conventional	ce1831	937	0.975978	43.110106	1	14	7	1.804668	2.346049	27.678784	11.280605	2.657960	0
holistic	he1642	938	6.476571	7.616019	7	23	36	0	3.596955	0.731127	3.287937	0	2.808500
conventional	ce1832	938	0	40.032740	0	14	7	4.556639	10.635157	13.268720	11.572224	0.946693	0
conventional	ce1833	938	0	35.564816	0	14	7	9.658959	4.370630	13.455007	8.080220	2.119559	0
holistic	he1643	939	9.905259	92.342356	7	31	22	6.792100	0	85.550256	0	0.634826	22.593562
holistic	he1644	939	0	0	0	0	6	0	0	0	0	0	0
conventional	ce1834	939	0.092230	44.684345	1	14	7	6.133545	2.372980	24.030333	12.147487	3.118029	0
conventional	ce1835	939	0.298665	56.216468	1	14	7	12.171492	0.314887	34.849578	8.880511	0.633989	0
conventional	ce1836	939	1.015467	60.366357	1	14	7	5.654273	11.350591	33.621182	9.740311	2.466437	0
conventional	ce1837	939	0.060052	66.032342	1	14	7	13.565795	0.968332	39.832192	11.666023	0.567348	0
conventional	ce1838	940	1.158158	53.735499	1	14	7	8.605425	7.180612	28.108825	9.840637	3.085088	0
conventional	ce1839	940	0.914407	57.024380	1	14	7	6.168953	6.379438	29.708594	14.767395	1.425161	0
conventional	ce1840	940	0	65.906972	0	14	7	12.654065	14.226551	32.530894	6.495462	2.038017	0
conventional	ce1841	941	0.805912	55.248567	1	14	7	4.092917	7.183378	25.230800	18.741472	1.648723	0
conventional	ce1842	941	0	56.188032	0	14	7	7.561629	7.224617	29.222356	12.179430	2.239186	0
holistic	he1645	942	0	0	0	0	0	0	0	0	0	0	0
holistic	he1646	942	0	0	0	0	0	0	0	0	0	0	0
conventional	ce1843	942	0	67.295409	0	14	7	12.403851	9.587866	19.220075	26.083617	0.180608	0
conventional	ce1844	942	1.158158	62.161765	1	14	7	7.204445	14.139716	28.227081	12.590523	2.422519	0
conventional	ce1845	942	1.091549	50.793609	1	14	7	8.145717	5.551853	27.817827	9.278212	3.085088	0
conventional	ce1846	942	0.046375	28.552971	1	14	7	1.362232	1.745685	15.462934	9.982120	0.605900	0
holistic	he1647	943	2.463330	14.195472	2	44	26	14.195472	0	0	0	1.633098	15.614010
conventional	ce1847	943	0.351697	29.545072	1	14	7	1.126674	2.212385	14.058403	12.147610	0.491478	0
conventional	ce1848	943	1.097898	39.717958	1	14	7	1.519785	8.711559	18.209929	11.276685	1.956940	0
conventional	ce1849	943	0	75.417305	0	14	7	11.826114	9.303126	22.685669	31.602396	0.180608	0
conventional	ce1850	943	0.651144	73.010046	1	14	7	9.512411	2.011918	41.153567	20.332150	1.696382	0
conventional	ce1851	944	0.889789	50.787724	1	14	7	9.302371	8.748069	27.444870	5.292414	2.821861	0
conventional	ce1852	944	0.092230	37.112498	1	14	7	5.752309	3.320114	17.000543	11.039532	2.775246	0
conventional	ce1853	944	1.105768	62.614682	1	14	7	7.610027	13.023384	35.119198	6.862073	0.893521	0
holistic	he1648	945	0	0	0	0	0	0	0	0	0	0	0
conventional	ce1854	945	1.015467	60.749291	1	14	7	8.260961	10.729698	31.283651	10.474981	2.466437	0
conventional	ce1855	945	0	67.834450	0	14	7	12.821250	15.504636	33.572360	5.936204	2.038017	0
conventional	ce1856	945	0.351697	23.535299	1	14	7	1.915079	1.306525	12.951495	7.362200	0.237977	0
holistic	he1649	946	3.954176	15.005697	1	2	7	0	14.728391	0	0.277306	0	0.942800
conventional	ce1857	946	1.185001	60.262282	1	14	7	8.676073	6.932865	28.149329	16.504015	0.931414	0
holistic	he1650	947	0	0	0	0	0	0	0	0	0	0	0
holistic	he1651	948	0	0	0	0	0	0	0	0	0	0	0
holistic	he1652	949	0	0	0	0	3	0	0	0	0	0	0
holistic	he1653	949	0	0	0	0	1	0	0	0	0	0	0
holistic	he1654	949	0	0	0	0	0	0	0	0	0	0	0
holistic	he1655	949	7.014061	9.901762	5	29	22	6.582696	0	3.319066	0	1.716766	19.502375
holistic	he1656	949	3.954176	14.928646	1	2	9	0	14.728391	0	0.200255	0	2.341890
holistic	he1657	949	0	7.446416	0	12	8	7.446416	0	0	0	0.458108	2.652552
holistic	he1658	949	4.229837	17.862529	1	2	8	0	17.687930	0	0.174599	0	2.315127
conventional	ce1858	949	0.651144	59.028036	1	14	7	12.151663	4.984126	27.498553	14.393694	1.747635	0
holistic	he1659	950	0	0	0	0	0	0	0	0	0	0	0
holistic	he1660	950	0	4.470956	0	4	2	4.470956	0	0	0	0	0
conventional	ce1859	951	0	65.088749	0	14	7	9.056064	12.043433	37.207703	6.781549	2.701811	0
conventional	ce1860	951	1.795943	59.183597	1	14	7	5.534308	8.727735	35.452419	9.469135	2.466437	0
holistic	he1661	952	0	0	0	0	0	0	0	0	0	0	0
holistic	he1662	952	0	0	0	0	0	0	0	0	0	0	0
holistic	he1663	952	0	0	0	0	0	0	0	0	0	0	0
conventional	ce1861	952	0.914407	54.435380	1	14	7	6.099116	13.094038	30.097419	5.144807	1.563134	0
conventional	ce1862	952	0.060052	57.265898	1	14	7	14.355737	1.513632	33.163314	8.233215	0.529178	0
holistic	he1664	953	0	0	0	0	0	0	0	0	0	0	0
holistic	he1665	953	0	0	0	0	0	0	0	0	0	0	0
conventional	ce1863	953	1.015467	59.778679	1	14	7	8.499173	9.209319	29.583272	12.486915	2.466437	0
conventional	ce1864	953	0	53.936363	0	14	7	5.613096	8.609283	31.953799	7.760185	2.020795	0
conventional	ce1865	954	0	63.583124	0	14	7	12.279204	12.173289	32.896612	6.234019	0.180608	0
conventional	ce1866	954	1.746261	60.055116	1	14	7	8.424951	7.489550	28.412929	15.727686	1.392165	0
conventional	ce1867	955	1.015467	110.166034	1	14	7	8.716020	16.006998	60.031143	25.411873	2.686702	0
holistic	he1666	956	0	0	0	0	0	0	0	0	0	0	0
holistic	he1667	956	0	0	0	0	0	0	0	0	0	0	0
holistic	he1668	956	0	0	0	0	0	0	0	0	0	0	0
holistic	he1669	957	2.389600	5.857763	2	4	14	0.712929	0	5.144834	0	0	4.300218
holistic	he1670	957	0	0	0	0	0	0	0	0	0	0	0
holistic	he1671	957	0	0	0	0	0	0	0	0	0	0	0
conventional	ce1868	957	0.805912	58.495606	1	14	7	5.971439	14.132269	32.810143	5.581755	2.080489	0
conventional	ce1869	957	0	52.906173	0	14	7	7.106371	8.961204	26.303971	10.534627	2.020795	0
conventional	ce1870	958	1.049894	55.873844	1	14	7	10.103441	9.826316	28.399709	7.544378	2.821861	0
holistic	he1672	959	5.705964	13.083957	4	23	23	9.335883	0	3.748074	0	1.526382	15.931248
conventional	ce1871	959	0.805912	57.084508	1	14	7	6.365469	8.626575	25.039308	17.053156	1.842191	0
holistic	he1673	960	0	0	0	0	0	0	0	0	0	0	0
holistic	he1674	960	0	0	0	0	0	0	0	0	0	0	0
holistic	he1675	960	0	0	0	0	0	0	0	0	0	0	0
holistic	he1676	960	0	19.553650	0	8	8	19.553650	0	0	0	0	0
conventional	ce1872	960	0.710380	44.147984	1	14	7	7.842047	3.565507	21.292795	11.447635	2.775246	0
conventional	ce1873	960	1.145872	55.885816	1	14	7	5.013158	13.317202	30.666834	6.888622	1.720073	0
holistic	he1677	961	0	0	0	0	0	0	0	0	0	0	0
conventional	ce1874	961	1.746261	48.714695	1	14	7	7.086984	8.065222	22.320366	11.242123	1.392165	0
conventional	ce1875	961	0.298665	58.013356	1	14	7	12.046917	6.636304	28.960920	10.369215	0.792904	0
holistic	he1678	962	0	0	0	0	0	0	0	0	0	0	0
conventional	ce1876	962	0.092230	47.765144	1	14	7	7.859122	4.001623	24.896418	11.007981	2.775246	0
conventional	ce1877	962	0.060052	58.581428	1	14	7	15.663509	2.240798	34.471149	6.205972	0.567348	0
holistic	he1679	963	10.090803	47.447225	9	22	39	0	47.429669	0	0.017556	0	7.680927
conventional	ce1878	963	0.914407	74.353221	1	14	7	7.953770	7.278994	37.538583	21.581874	1.687629	0
conventional	ce1879	963	1.049894	54.954647	1	14	7	8.765513	9.145510	29.683657	7.359967	2.821861	0
conventional	ce1880	963	0.060052	69.406729	1	14	7	12.943551	1.963639	40.055212	14.444327	0.971673	0
holistic	he1680	964	0	0	0	0	0	0	0	0	0	0	0
holistic	he1681	964	0	0	0	0	0	0	0	0	0	0	0
holistic	he1682	964	0	0	0	0	3	0	0	0	0	0	0
conventional	ce1881	964	0.764444	33.919182	1	14	7	1.868998	2.386764	16.292563	13.370857	0.317080	0
conventional	ce1882	964	0	63.235612	0	14	7	8.525101	10.646503	32.086464	11.977544	1.611008	0
conventional	ce1883	964	0.783855	35.656389	1	14	7	1.646647	4.673835	15.644606	13.691301	2.102805	0
holistic	he1683	965	9.713367	16.775970	6	33	25	10.757598	0	6.018372	0	3.518950	21.560513
holistic	he1684	965	0	0	0	0	0	0	0	0	0	0	0
conventional	ce1884	965	0.298665	63.163203	1	14	7	11.564435	5.808322	34.095463	11.694983	0.633989	0
conventional	ce1885	965	0	61.644185	0	14	7	8.560090	10.932425	32.206609	9.945061	1.611008	0
conventional	ce1886	966	0	47.971237	0	14	7	8.156667	3.771809	24.954493	11.088268	1.242640	0
conventional	ce1887	966	0.833351	68.114927	1	14	7	6.826156	5.476137	34.519819	21.292815	1.687629	0
conventional	ce1888	966	1.746261	55.732332	1	14	7	7.640818	7.403424	26.304462	14.383628	1.392165	0
conventional	ce1889	966	0	53.754497	0	14	7	6.318960	9.521005	30.968008	6.946524	2.020795	0
holistic	he1685	967	2.389600	3.745773	2	4	11	0.712929	0	3.032844	0	0	5.238153
conventional	ce1890	967	0	38.200625	0	14	7	2.920136	7.263413	18.871661	9.145415	1.579010	0
conventional	ce1891	967	0	37.925320	0	14	7	2.643943	10.221571	13.301605	11.758201	2.114045	0
conventional	ce1892	967	0.952564	67.078599	1	14	7	6.718080	4.398840	37.043487	18.918192	1.267268	0
holistic	he1686	968	0	3.412950	0	4	2	3.412950	0	0	0	0	0
holistic	he1687	968	4.229837	17.802803	1	2	8	0	17.687930	0	0.114873	0	2.315127
holistic	he1688	968	0	4.829880	0	4	2	4.829880	0	0	0	0	0
holistic	he1689	968	0	0	0	0	0	0	0	0	0	0	0
conventional	ce1893	968	0	51.529699	0	14	7	6.180365	3.008920	31.842493	10.497921	1.808773	0
holistic	he1690	969	0	0	0	0	2	0	0	0	0	0	0
conventional	ce1894	969	1.049894	51.478648	1	14	7	9.808722	7.633201	25.424675	8.612050	3.186044	0
conventional	ce1895	970	0.410924	58.201106	1	14	7	15.638433	0.481018	31.936808	10.144847	0.916235	0
holistic	he1691	971	0	0	0	0	0	0	0	0	0	0	0
holistic	he1692	971	0	0	0	0	0	0	0	0	0	0	0
conventional	ce1896	972	0	63.270914	0	14	7	8.787100	8.612484	37.906338	7.964992	2.022672	0
conventional	ce1897	972	1.641046	55.383972	1	14	7	6.848274	1.324816	34.982324	12.228558	2.007269	0
conventional	ce1898	972	0	74.192250	0	14	7	12.440920	9.780857	22.664101	29.306372	0.474004	0
conventional	ce1899	973	0	57.070146	0	14	7	5.557356	8.649493	32.909194	9.954103	2.020795	0
holistic	he1693	974	0	0	0	0	0	0	0	0	0	0	0
holistic	he1694	974	0	0	0	0	0	0	0	0	0	0	0
holistic	he1695	974	0	7.655925	0	9	3	7.655925	0	0	0	0	0
conventional	ce1900	974	0	72.561089	0	14	7	11.757972	11.641007	22.323641	26.838469	0.180608	0
holistic	he1696	975	0	3.416766	0	4	2	3.416766	0	0	0	0	0
holistic	he1697	975	0	0	0	0	12	0	0	0	0	0	0
conventional	ce1901	975	0	60.055279	0	14	7	7.862422	11.596635	33.449176	7.147046	1.775499	0
holistic	he1698	976	0	0	0	0	1	0	0	0	0	0	0
holistic	he1699	976	0	0	0	0	0	0	0	0	0	0	0
conventional	ce1902	976	1.945508	68.280028	1	14	7	8.294961	12.942193	40.313733	6.729141	1.392165	0
conventional	ce1903	976	0.833351	52.646274	1	14	7	5.421787	9.708533	25.511731	12.004223	1.687629	0
holistic	he1700	977	0	0	0	0	0	0	0	0	0	0	0
holistic	he1701	977	9.617338	8.904568	7	7	26	2.718372	0	6.186196	0	1.716766	24.516243
holistic	he1702	977	5.006190	21.000160	1	2	16	0	20.934408	0	0.065752	0	1.982974
conventional	ce1904	977	1.158158	60.087644	1	14	7	8.855284	8.725844	29.981635	12.524881	2.933672	0
conventional	ce1905	977	0	50.812460	0	14	7	6.626670	10.530336	27.784714	5.870740	1.775499	0
holistic	he1703	978	0	0	0	0	0	0	0	0	0	0	0
holistic	he1704	978	7.619419	17.910955	5	25	27	12.932356	0	4.978599	0	0	20.576593
conventional	ce1906	978	0.963788	53.575350	1	14	7	10.179166	9.421569	27.841544	6.133071	2.305134	0
conventional	ce1907	978	0	39.701086	0	14	7	1.530901	3.219018	21.048805	13.902362	1.607170	0
holistic	he1705	979	0	0	0	0	0	0	0	0	0	0	0
conventional	ce1908	979	0	54.396734	0	14	7	7.309036	9.479347	27.853207	9.755144	1.611008	0
holistic	he1706	980	3.954176	15.069219	1	2	7	0	14.728391	0	0.340828	0	1.037566
holistic	he1707	980	0	0	0	0	0	0	0	0	0	0	0
holistic	he1708	981	4.229837	17.802803	1	2	8	0	17.687930	0	0.114873	0	2.315127
holistic	he1709	982	0	0	0	0	0	0	0	0	0	0	0
holistic	he1710	982	0	0	0	0	1	0	0	0	0	0	0
conventional	ce1909	982	1.815659	63.187973	1	14	7	5.639689	10.159881	25.621909	21.766494	1.789187	0
conventional	ce1910	982	0.351697	72.846024	1	14	7	8.772303	7.403828	35.942057	20.727836	0.142762	0
conventional	ce1911	983	0.914407	61.719678	1	14	7	6.092156	14.188922	34.688765	6.749835	1.563134	0
conventional	ce1912	983	0	37.841406	0	14	7	3.528273	8.699021	13.938247	11.675865	2.114045	0
conventional	ce1913	984	0	59.267268	0	14	7	6.778757	6.881277	35.388646	10.218588	2.442296	0
conventional	ce1914	984	0.464220	52.323169	1	14	7	11.303686	3.778373	28.335834	8.905276	3.718868	0
conventional	ce1915	985	0	29.088069	0	14	7	2.622292	7.676939	10.308518	8.480320	2.114045	0
conventional	ce1916	985	0	71.410774	0	14	7	14.195531	18.304870	31.182196	7.728177	2.265775	0
holistic	he1711	986	0	4.829880	0	4	2	4.829880	0	0	0	0	0
holistic	he1712	986	0	0	0	0	0	0	0	0	0	0	0
holistic	he1713	986	0	0	0	0	0	0	0	0	0	0	0
conventional	ce1917	986	0	38.454969	0	14	7	2.806329	8.351190	14.625572	12.671878	2.114045	0
holistic	he1714	987	0	4.470956	0	4	2	4.470956	0	0	0	0	0
holistic	he1715	988	1.589263	4.206708	1	3	4	2.617445	0	1.589263	0	0.235680	0.564834
holistic	he1716	988	0	0	0	0	0	0	0	0	0	0	0
conventional	ce1918	988	0.498237	55.118830	1	14	7	10.218976	9.355330	28.102755	7.441769	2.305134	0
conventional	ce1919	988	0	63.736033	0	14	7	5.192077	15.406253	34.245041	8.892662	1.242640	0
conventional	ce1920	988	0	36.522199	0	14	7	3.353245	6.027909	18.797211	8.343834	1.579010	0
holistic	he1717	989	0	29.041908	0	8	8	29.041908	0	0	0	0	0
conventional	ce1921	989	0.889789	71.718399	1	14	7	12.256442	11.917118	20.264839	27.280000	2.886607	0
holistic	he1718	990	0	0	0	0	0	0	0	0	0	0	0
holistic	he1719	990	0	0	0	0	3	0	0	0	0	0	0
holistic	he1720	990	4.229837	17.330690	1	2	8	0	17.215817	0	0.114873	0	2.315127
holistic	he1721	991	0	0	0	0	2	0	0	0	0	0	0
holistic	he1722	991	4.229837	15.262560	1	2	8	0	15.147687	0	0.114873	0	2.939100
conventional	ce1922	991	0.464220	52.454225	1	14	7	13.974349	1.747549	27.360439	9.371888	2.809856	0
conventional	ce1923	991	0	27.051095	0	14	7	2.626562	7.758071	8.769648	7.896814	2.879525	0
holistic	he1723	992	0	7.482334	0	4	4	7.482334	0	0	0	0	0
holistic	he1724	992	0	0	0	0	0	0	0	0	0	0	0
holistic	he1725	993	0	0	0	0	0	0	0	0	0	0	0
conventional	ce1924	993	0.764444	35.243479	1	14	7	4.264061	1.986733	16.713164	12.279521	0.234368	0
holistic	he1726	995	0	0	0	0	0	0	0	0	0	0	0
conventional	ce1925	995	0	54.166077	0	14	7	5.032527	9.465874	30.309403	9.358273	2.020795	0
conventional	ce1926	995	0	71.273276	0	14	7	11.902093	19.761931	34.645601	4.963651	2.574752	0
holistic	he1727	996	0	4.470956	0	4	2	4.470956	0	0	0	0	0
holistic	he1728	996	0	0	0	0	1	0	0	0	0	0	0
conventional	ce1927	996	0.764444	31.255120	1	14	7	3.142288	2.179440	12.634914	13.298478	0.317080	0
holistic	he1729	997	0	0	0	0	2	0	0	0	0	0	0
holistic	he1730	997	0	0	0	0	0	0	0	0	0	0	0
conventional	ce1928	997	0.002689	68.074001	1	14	7	12.429993	0.704135	41.641316	13.298557	0.687467	0
conventional	ce1929	997	0.048054	58.551784	1	14	7	15.712596	2.082568	35.528436	5.228184	1.063967	0
conventional	ce1930	997	0.708635	100.053559	1	14	7	7.494689	12.667080	56.965426	22.926364	3.256459	0
holistic	he1731	998	0	0	0	0	0	0	0	0	0	0	0
holistic	he1732	998	6.242976	15.518886	4	16	18	9.275910	0	0	6.242976	0	0
conventional	ce1931	998	1.746261	55.436836	1	14	7	5.622893	7.605911	27.824404	14.383628	1.392165	0
conventional	ce1932	998	0	61.576670	0	14	7	8.657007	10.130291	32.003115	10.786257	1.428244	0
conventional	ce1933	998	0	76.366389	0	14	7	6.948721	6.194734	37.934966	25.287968	1.687629	0
conventional	ce1934	998	0	46.607041	0	14	7	2.282568	12.035007	17.543815	14.745651	1.734059	0
conventional	ce1935	999	2.340061	59.250044	1	14	7	8.252967	6.885996	30.052224	14.058857	3.718868	0
conventional	ce1936	999	0.092230	48.396774	1	14	7	5.323850	2.187180	27.495178	13.390566	2.775246	0
conventional	ce1937	999	0.833351	48.823629	1	14	7	13.790620	1.632534	25.634518	7.765957	1.687629	0
holistic	he1733	1000	0	0	0	0	0	0	0	0	0	0	0
conventional	ce1938	1000	0	60.959056	0	14	7	5.355537	11.163261	33.477868	10.962390	2.961599	0
conventional	ce1939	1000	0.092230	34.883163	1	14	7	4.691007	2.958381	16.254166	10.979609	2.775246	0
conventional	ce1940	1001	1.125082	32.472933	1	14	7	2.549989	3.685696	16.272211	9.965037	2.775246	0
conventional	ce1941	1001	1.746261	47.578104	1	14	7	7.338368	7.389438	19.438721	13.411577	1.339126	0
conventional	ce1942	1001	0	52.727158	0	14	7	3.918754	8.434291	31.687899	8.686214	2.020795	0
conventional	ce1943	1001	0	47.784551	0	14	7	2.663743	7.718904	24.044282	13.357622	3.089727	0
conventional	ce1944	1001	1.009601	43.284500	2	14	7	6.953477	7.089265	22.140938	7.100820	3.306330	0
holistic	he1734	1002	4.817864	19.709298	1	2	8	0	19.609140	0	0.100158	0	2.315127
holistic	he1735	1002	0	0	0	0	0	0	0	0	0	0	0
conventional	ce1945	1002	1.391382	63.379760	1	14	7	7.612191	13.489678	36.021798	6.256093	0.274441	0
conventional	ce1946	1002	1.015467	59.101489	1	14	7	7.562976	10.134003	31.171458	10.233052	2.466437	0
conventional	ce1947	1002	0	39.781464	0	14	7	2.026724	2.655180	22.708476	12.391084	1.607170	0
conventional	ce1948	1002	1.015467	104.478985	1	14	7	7.670253	11.537122	59.190781	26.080829	2.577034	0
holistic	he1736	1003	0	0	0	0	2	0	0	0	0	0	0
conventional	ce1949	1003	1.746261	61.856611	1	14	7	8.358147	6.695974	30.955343	15.847147	1.392165	0
conventional	ce1950	1004	0	49.606902	0	14	7	10.205690	11.380603	19.430204	8.590405	2.327576	0
conventional	ce1951	1004	0	72.176771	0	14	7	12.214353	10.660790	23.283642	26.017986	0.180608	0
conventional	ce1952	1004	0	50.998341	0	14	7	4.417061	8.588876	31.609819	6.382585	2.192962	0
conventional	ce1953	1005	0.833351	57.815398	1	14	7	5.265476	5.262044	26.573230	20.714648	1.687629	0
conventional	ce1954	1005	0	67.243387	0	14	7	11.431241	8.692014	21.101976	26.018156	0.180608	0
conventional	ce1955	1005	0	49.351608	0	14	7	8.135813	4.924498	24.889162	11.402135	1.597448	0
holistic	he1737	1006	0	0	0	0	0	0	0	0	0	0	0
conventional	ce1956	1006	0.914407	47.927628	1	14	7	3.311735	11.522711	28.889240	4.203942	1.563134	0
holistic	he1738	1007	0	0	0	0	0	0	0	0	0	0	0
holistic	he1739	1007	0	0	0	0	12	0	0	0	0	0	0
conventional	ce1957	1007	0.092230	47.318007	1	14	7	6.632873	4.973438	25.491948	10.219748	2.493816	0
conventional	ce1958	1007	0.060052	61.150021	1	14	7	17.186074	2.292667	34.368395	7.302885	0.658491	0
holistic	he1740	1008	3.715646	17.489743	1	2	8	0	15.537732	0	1.952011	0	2.315127
holistic	he1741	1008	6.715498	30.554014	4	14	33	0	30.554014	0	0	0	9.248998
conventional	ce1959	1008	0.833351	65.038749	1	14	7	5.838396	9.141715	24.767455	25.291183	1.687629	0
conventional	ce1960	1008	0	28.788365	0	14	7	2.613040	7.632259	9.273312	9.269754	1.724416	0
holistic	he1742	1009	0	10.419364	0	16	4	10.419364	0	0	0	0	0
holistic	he1743	1009	0	0	0	0	0	0	0	0	0	0	0
holistic	he1744	1009	0	0	0	0	0	0	0	0	0	0	0
holistic	he1745	1009	0	0	0	0	0	0	0	0	0	0	0
conventional	ce1961	1009	0	51.703756	0	14	7	6.691329	7.121480	25.263319	12.627628	2.234015	0
holistic	he1746	1010	0	0	0	0	2	0	0	0	0	0	0
holistic	he1747	1010	0	0	0	0	0	0	0	0	0	0	0
conventional	ce1962	1010	0	58.974064	0	14	7	11.024099	2.702533	34.999153	10.248279	0.180608	0
holistic	he1748	1011	11.862528	44.198901	3	6	11	0	43.176417	0	1.022484	0	1.998477
holistic	he1749	1011	0	3.203296	0	4	2	3.203296	0	0	0	0	0
holistic	he1750	1011	0	0	0	0	0	0	0	0	0	0	0
conventional	ce1963	1011	1.641046	66.741252	1	14	7	7.202238	5.223488	31.487419	22.828107	2.007269	0
holistic	he1751	1012	0	0	0	0	0	0	0	0	0	0	0
holistic	he1752	1012	0	0	0	0	0	0	0	0	0	0	0
conventional	ce1964	1012	0.600611	62.431795	1	14	7	4.017615	4.016176	30.209945	24.188059	1.687629	0
conventional	ce1965	1012	1.049894	51.807059	1	14	7	9.913406	7.051633	24.681849	10.160171	3.186044	0
holistic	he1753	1013	0	0	0	0	0	0	0	0	0	0	0
holistic	he1754	1013	0	0	0	0	0	0	0	0	0	0	0
conventional	ce1966	1013	2.340061	57.967701	1	14	7	5.442345	7.251920	30.277317	14.996119	3.718868	0
conventional	ce1967	1013	0	77.734212	0	14	7	7.373599	5.394597	41.541612	23.424404	2.940419	0
conventional	ce1968	1013	1.746261	55.560324	1	14	7	7.936361	5.711152	24.577305	17.335506	1.392165	0
conventional	ce1969	1014	0	51.028461	0	14	7	7.344726	4.794830	25.722151	13.166754	1.242640	0
conventional	ce1970	1014	0.092230	54.212098	1	14	7	7.405288	9.309605	27.285709	10.211496	2.660067	0
conventional	ce1971	1014	1.378510	57.242833	1	14	7	15.364426	2.558448	32.946532	6.373427	1.015159	0
conventional	ce1972	1015	0.710380	40.945336	1	14	7	7.274754	4.060328	18.600344	11.009910	2.966495	0
conventional	ce1973	1015	1.049894	59.779181	1	14	7	10.169117	10.861028	25.582781	13.166255	2.631496	0
conventional	ce1974	1015	0	52.863194	0	14	7	4.913614	9.650426	28.568372	9.730782	2.693582	0
holistic	he1755	1016	0	0	0	0	1	0	0	0	0	0	0
holistic	he1756	1016	0	0	0	0	0	0	0	0	0	0	0
conventional	ce1975	1016	0	64.493984	0	14	7	6.886442	13.524237	39.997599	4.085706	1.519622	0
conventional	ce1976	1016	0	42.543780	0	14	7	3.658342	7.363732	19.335205	12.186501	1.579010	0
holistic	he1757	1017	0	0	0	0	0	0	0	0	0	0	0
holistic	he1758	1017	0	5.412246	0	4	2	5.412246	0	0	0	0	0
holistic	he1759	1017	0	0	0	0	0	0	0	0	0	0	0
conventional	ce1977	1017	0	77.226696	0	14	7	13.191074	12.997416	23.076843	27.961363	2.114045	0
conventional	ce1978	1017	2.340061	52.286237	1	14	7	5.689769	5.637175	27.054807	13.904486	3.552217	0
holistic	he1760	1018	6.509656	26.296253	4	10	31	0	26.296253	0	0	0	8.246216
conventional	ce1979	1018	1.391382	69.931396	1	14	7	6.332474	16.520586	43.472092	3.606244	0.793699	0
holistic	he1761	1020	0	0	0	0	0	0	0	0	0	0	0
holistic	he1762	1020	0	0	0	0	0	0	0	0	0	0	0
holistic	he1763	1020	0	5.412246	0	4	2	5.412246	0	0	0	0	0
conventional	ce1980	1020	1.378510	58.097229	1	14	7	14.418318	3.540182	30.349787	9.788942	1.015159	0
conventional	ce1981	1020	0	58.892698	0	14	7	9.533011	11.585864	29.752367	8.021456	2.247866	0
holistic	he1764	1021	9.617338	11.461390	7	10	26	2.718372	0	6.186196	2.556822	1.716766	23.368629
conventional	ce1982	1021	0.877541	37.958393	1	14	7	7.792106	1.278920	18.107512	10.779855	1.687629	0
conventional	ce1983	1021	0	50.396805	0	14	7	4.012216	6.541316	30.835799	9.007474	2.020795	0
conventional	ce1984	1021	2.340061	57.834996	1	14	7	7.483423	7.347046	26.889127	16.115400	3.718868	0
holistic	he1765	1022	4.229837	14.740784	1	2	8	0	14.625911	0	0.114873	0	1.706610
conventional	ce1985	1022	0	52.237671	0	14	7	4.202929	8.747208	32.530780	6.756754	1.445352	0
conventional	ce1986	1022	0	62.371718	0	14	7	6.892583	11.103076	34.080680	10.295379	3.055874	0
conventional	ce1987	1022	0	43.434782	0	14	7	7.436115	4.924498	23.371950	7.702219	2.020795	0
holistic	he1766	1023	0	0	0	0	0	0	0	0	0	0	0
holistic	he1767	1023	0	0	0	0	0	0	0	0	0	0	0
conventional	ce1988	1023	1.746261	54.923629	1	14	7	5.340316	7.767325	22.639384	19.176604	1.242394	0
holistic	he1768	1024	0	0	0	0	3	0	0	0	0	0	0
holistic	he1769	1024	7.707243	14.665983	5	35	23	10.653735	0	4.012248	0	5.586330	25.004013
conventional	ce1989	1024	0	47.277986	0	14	7	4.282658	2.823073	32.025557	8.146698	1.403281	0
conventional	ce1990	1024	0	46.109482	0	14	7	3.127024	7.506554	29.825319	5.650585	1.445352	0
holistic	he1770	1025	0	0	0	0	2	0	0	0	0	0	0
holistic	he1771	1025	0	3.180090	0	4	2	3.180090	0	0	0	0	0
holistic	he1772	1025	0	0	0	0	0	0	0	0	0	0	0
holistic	he1773	1025	0	0	0	0	0	0	0	0	0	0	0
conventional	ce1991	1026	0	55.757512	0	14	7	10.467604	12.654915	20.984295	11.650698	2.305792	0
conventional	ce1992	1026	0	35.784574	0	14	7	1.841146	9.836517	12.370573	11.736338	1.734059	0
conventional	ce1993	1026	0	55.593962	0	14	7	7.571302	6.961536	30.822765	10.238359	0.611969	0
conventional	ce1994	1026	0.152351	36.700573	1	14	7	6.982188	4.281570	22.068546	3.368269	2.305134	0
conventional	ce1995	1026	0.464220	46.358660	1	14	7	11.224745	1.335878	27.175689	6.622348	2.809856	0
conventional	ce1996	1027	0	46.554318	0	14	7	1.388805	4.440291	23.613081	17.112141	0.950094	0
conventional	ce1997	1027	0	53.260763	0	14	7	6.484428	9.521791	29.287290	7.967254	2.020795	0
conventional	ce1998	1027	0	24.440405	0	14	7	4.290463	7.374076	6.812336	5.963530	2.927190	0
holistic	he1774	1028	0	0	0	0	0	0	0	0	0	0	0
holistic	he1775	1028	4.229837	17.357824	1	2	8	0	17.215817	0	0.142007	0	2.315127
holistic	he1776	1028	0	0	0	0	0	0	0	0	0	0	0
holistic	he1777	1028	0	0	0	0	1	0	0	0	0	0	0
conventional	ce1999	1028	0	47.985417	0	14	7	2.683657	3.766635	25.977811	15.557314	2.020795	0
conventional	ce2000	1028	0.833351	52.621090	1	14	7	3.550130	2.242325	24.747653	22.080982	1.687629	0
holistic	he1778	1029	0	29.041908	0	8	8	29.041908	0	0	0	0	0
conventional	ce2001	1029	0	77.643885	0	14	7	11.859853	11.143338	26.471562	28.169132	0.180608	0
conventional	ce2002	1029	1.378510	54.281674	1	14	7	14.418318	4.738868	26.382272	8.742216	1.015159	0
conventional	ce2003	1030	0.833351	71.601597	1	14	7	8.247037	9.710919	24.950033	28.693608	1.687629	0
conventional	ce2004	1030	0.914407	59.543543	1	14	7	6.674942	13.413225	32.784585	6.670791	1.563134	0
holistic	he1779	1031	0	0	0	0	0	0	0	0	0	0	0
conventional	ce2005	1031	0	52.153228	0	14	7	5.385839	9.217644	28.344317	9.205428	2.693582	0
conventional	ce2006	1031	0	55.324064	0	14	7	8.483588	9.449634	27.905801	9.485041	1.400525	0
holistic	he1780	1032	0	0	0	0	0	0	0	0	0	0	0
conventional	ce2007	1032	0	51.957308	0	14	7	2.182024	7.604485	32.508124	9.662675	1.974763	0
conventional	ce2008	1032	0	37.624070	0	14	7	2.729746	9.217307	14.436146	11.240871	2.114045	0
conventional	ce2009	1032	1.743856	46.098506	1	14	7	12.885351	3.403607	22.475288	7.334260	1.520258	0
conventional	ce2010	1032	1.540052	102.581003	1	14	7	7.371279	10.973776	58.920887	25.315061	2.577034	0
conventional	ce2011	1032	1.009601	39.298449	2	14	7	5.291589	7.347110	19.153771	7.505979	3.203777	0
conventional	ce2012	1032	0.896592	49.152483	1	14	7	11.570818	5.073469	22.123146	10.385050	1.162925	0
conventional	ce2013	1033	0	55.267888	0	14	7	9.891109	10.623223	27.197688	7.555868	2.160874	0
holistic	he1781	1034	7.619419	41.146765	5	25	27	36.168166	0	4.978599	0	0	21.295856
conventional	ce2014	1034	0.498237	54.908905	1	14	7	9.299239	6.548954	32.609826	6.450886	1.163285	0
conventional	ce2015	1034	0	45.973843	0	14	7	4.623475	9.154753	21.270072	10.925543	2.114045	0
conventional	ce2016	1035	0	57.774449	0	14	7	4.526023	12.056743	31.890559	9.301124	1.026124	0
conventional	ce2017	1035	0	30.351099	0	14	7	3.022587	8.743098	8.888316	9.697098	1.445352	0
holistic	he1782	1036	0	0	0	0	2	0	0	0	0	0	0
holistic	he1783	1037	0	13.201682	0	3	7	13.201682	0	0	0	0	0
holistic	he1784	1037	0	0	0	0	0	0	0	0	0	0	0
conventional	ce2018	1037	0.092230	37.809427	1	14	7	4.577939	2.491734	21.395700	9.344054	2.775246	0
holistic	he1785	1038	7.643898	35.100640	4	11	36	0	35.100640	0	0	0	6.683812
conventional	ce2019	1038	0	41.700026	0	14	7	2.896844	8.275995	15.952028	14.575159	1.302311	0
conventional	ce2020	1038	0	46.660369	0	14	7	9.235891	2.487918	23.634420	11.302140	1.611008	0
conventional	ce2021	1038	0	43.019238	0	14	7	9.888113	5.417621	21.420876	6.292628	1.802146	0
holistic	he1786	1039	0	0	0	0	0	0	0	0	0	0	0
conventional	ce2022	1039	1.391382	74.769617	1	14	7	10.619411	15.693446	37.908266	10.548494	0.560487	0
conventional	ce2023	1039	0	85.851385	0	14	7	13.817034	21.217904	36.798553	14.017894	2.265775	0
holistic	he1787	1040	9.938951	40.443862	3	5	16	0	39.218280	1.025266	0.200316	0	4.630254
holistic	he1788	1040	0	0	0	0	0	0	0	0	0	0	0
holistic	he1789	1040	0	1.677286	0	1	2	1.677286	0	0	0	0	0
conventional	ce2024	1040	1.746261	57.560168	1	14	7	4.790904	8.219114	29.654396	14.895754	1.372058	0
holistic	he1790	1041	0	3.775264	0	4	2	3.775264	0	0	0	0	0
holistic	he1791	1042	5.388454	22.223466	4	8	14	0	22.223466	0	0	0	1.891428
holistic	he1792	1042	0	0	0	0	0	0	0	0	0	0	0
conventional	ce2025	1043	1.746261	55.081289	1	14	7	4.789429	7.709532	29.368429	13.213899	1.420180	0
conventional	ce2026	1043	0	55.088871	0	14	7	9.291720	4.933950	32.440790	8.422411	1.597448	0
holistic	he1793	1044	0	0	0	0	0	0	0	0	0	0	0
conventional	ce2027	1044	2.036945	52.538027	1	14	7	7.577803	6.683633	27.995651	10.280940	3.774833	0
conventional	ce2028	1045	0	46.318590	0	14	7	7.370437	2.131795	26.857239	9.959119	1.611008	0
conventional	ce2029	1045	0.877541	42.269711	1	14	7	3.950277	6.213033	24.201847	7.904554	1.969817	0
holistic	he1794	1046	0	0	0	0	1	0	0	0	0	0	0
holistic	he1795	1046	12.411069	46.195443	3	6	11	0	45.172959	0	1.022484	0	1.998477
conventional	ce2030	1046	1.988985	45.433664	1	14	7	6.598797	5.753337	26.163583	6.917947	1.339126	0
holistic	he1796	1047	0	0	0	0	0	0	0	0	0	0	0
holistic	he1797	1048	0	0	0	0	0	0	0	0	0	0	0
holistic	he1798	1048	0	0	0	0	0	0	0	0	0	0	0
conventional	ce2031	1048	1.391382	62.251882	1	14	7	5.280109	14.287199	37.564955	5.119619	0.777243	0
holistic	he1799	1049	11.862528	44.198901	3	6	11	0	43.176417	0	1.022484	0	1.998477
holistic	he1800	1050	0	0	0	0	3	0	0	0	0	0	0
holistic	he1801	1050	0	0	0	0	2	0	0	0	0	0	0
holistic	he1802	1050	0	0	0	0	8	0	0	0	0	0	6.105489
holistic	he1803	1050	0	0	0	0	0	0	0	0	0	0	0
holistic	he1804	1051	0	0	0	0	3	0	0	0	0	0	0
holistic	he1805	1051	0	0	0	0	0	0	0	0	0	0	0
conventional	ce2032	1051	1.746261	53.213796	1	14	7	5.617755	5.924718	27.699606	13.971717	1.372058	0
conventional	ce2033	1051	2.538073	58.711223	1	14	7	6.540468	6.993378	29.924448	15.252929	3.718868	0
holistic	he1806	1052	0	0	0	0	0	0	0	0	0	0	0
holistic	he1807	1052	0	2.688740	0	3	2	2.688740	0	0	0	0	0
holistic	he1808	1052	0	0	0	0	1	0	0	0	0	0	0
conventional	ce2034	1052	0	38.959338	0	14	7	4.659709	10.051361	10.516822	13.731446	1.445352	0
holistic	he1809	1054	0	0	0	0	0	0	0	0	0	0	0
holistic	he1810	1054	0	0	0	0	0	0	0	0	0	0	0
conventional	ce2035	1055	0	44.769106	0	14	7	2.917803	8.423094	18.932629	14.495580	1.302311	0
holistic	he1811	1056	11.517903	95.484695	7	63	38	90.506096	0	4.978599	0	0	36.511072
holistic	he1812	1057	0	0	0	0	0	0	0	0	0	0	0
holistic	he1813	1057	0	0	0	0	0	0	0	0	0	0	0
conventional	ce2036	1058	0	73.647037	0	14	7	12.465841	10.909603	24.370938	25.900655	0.180608	0
conventional	ce2037	1058	0	33.680632	0	14	7	0.454304	10.585727	10.939757	11.700844	1.067782	0
conventional	ce2038	1059	0.833351	70.313456	1	14	7	12.203154	9.488963	23.483137	25.138202	1.687629	0
conventional	ce2039	1059	0	44.906023	0	14	7	7.028820	3.664498	25.495234	8.717471	1.597448	0
holistic	he1814	1060	4.229837	4.961299	1	2	8	0	4.229837	0	0.731462	0	0.202024
holistic	he1815	1060	0	0	0	0	4	0	0	0	0	0	0
conventional	ce2040	1060	0	75.841110	0	14	7	9.998084	8.931874	29.237314	27.673838	0.095376	0
conventional	ce2041	1060	0	51.212313	0	14	7	2.769607	9.077120	33.672132	5.693454	2.192962	0
conventional	ce2042	1060	0	50.917777	0	14	7	3.948153	6.795917	30.190571	9.983136	2.020795	0
conventional	ce2043	1060	1.378510	44.321140	1	14	7	4.418369	13.753676	12.999161	13.149934	1.015159	0
conventional	ce2044	1061	0	73.629125	0	14	7	13.869436	12.506672	23.673836	23.579181	0.180608	0
conventional	ce2045	1061	0	35.938183	0	14	7	4.891423	4.467616	20.012238	6.566906	1.611008	0
conventional	ce2046	1061	0	52.602553	0	14	7	5.797139	9.869989	28.861849	8.073576	2.288000	0
conventional	ce2047	1061	1.746261	50.914912	1	14	7	5.515602	5.954613	25.124535	14.320162	1.689905	0
holistic	he1816	1062	0	8.510355	0	4	2	8.510355	0	0	0	0	0
holistic	he1817	1062	0	0	0	0	2	0	0	0	0	0	0
conventional	ce2048	1062	0	44.596391	0	14	7	5.320761	6.094992	21.438482	11.742156	2.056399	0
conventional	ce2049	1062	0	53.315049	0	14	7	8.151224	5.839784	27.377467	11.946574	1.894431	0
conventional	ce2050	1063	0	32.535781	0	14	7	1.883607	9.193319	12.059273	9.399582	1.343764	0
holistic	he1818	1064	4.229837	19.574030	1	2	8	0	19.432023	0	0.142007	0	2.339846
holistic	he1819	1064	0	0	0	0	0	0	0	0	0	0	0
conventional	ce2051	1064	0	46.480450	0	14	7	8.283180	1.816511	27.670309	8.710450	1.611008	0
conventional	ce2052	1064	0	52.491074	0	14	7	10.050729	14.574758	18.507799	9.357788	2.351406	0
conventional	ce2053	1064	1.391382	69.133877	1	14	7	6.074754	16.216042	40.465994	6.377087	0.777243	0
conventional	ce2054	1064	0	54.831834	0	14	7	11.599300	3.774028	29.370366	10.088140	1.455714	0
conventional	ce2055	1065	0	46.755245	0	14	7	6.069129	5.391330	29.365289	5.929497	2.693582	0
conventional	ce2056	1065	1.540052	101.835277	1	14	7	7.464445	9.720330	61.243527	23.406975	2.577034	0
conventional	ce2057	1065	0	41.565023	0	14	7	3.533992	7.571832	23.482287	6.976912	2.192962	0
conventional	ce2058	1065	0.383789	51.564817	1	14	7	11.703948	5.343905	23.886243	10.630721	1.162925	0
conventional	ce2059	1065	1.746261	41.089267	1	14	7	1.995190	7.079895	15.788355	16.225827	1.689905	0
holistic	he1820	1066	0	16.317512	0	4	13	16.317512	0	0	0	0	0
holistic	he1821	1066	0	0	0	0	0	0	0	0	0	0	0
conventional	ce2060	1066	0	53.011858	0	14	7	3.832004	8.644210	29.233709	11.301935	2.020795	0
conventional	ce2061	1066	0	58.275714	0	14	7	8.650968	12.438522	27.702913	9.483311	1.859862	0
holistic	he1822	1067	0	0	0	0	0	0	0	0	0	0	0
holistic	he1823	1067	6.715498	30.605858	4	17	30	0	30.605858	0	0	0	12.345283
conventional	ce2062	1067	0	42.816806	0	14	7	4.142485	4.748680	25.165056	8.760585	2.020795	0
holistic	he1824	1068	0	0	0	0	0	0	0	0	0	0	0
conventional	ce2063	1068	1.035606	53.470868	1	14	7	3.132766	1.747198	26.576835	22.014069	1.687629	0
holistic	he1825	1069	0	35.244984	0	12	3	35.244984	0	0	0	0	0
holistic	he1826	1070	0	0	0	0	0	0	0	0	0	0	0
conventional	ce2064	1070	2.268247	62.997914	2	14	7	8.085408	5.737472	29.373132	19.801902	1.392165	0
holistic	he1827	1071	0	0	0	0	0	0	0	0	0	0	0
holistic	he1828	1071	23.869680	88.583360	5	10	15	0	86.879220	0	1.704140	0	3.330795
holistic	he1829	1071	0	0	0	0	0	0	0	0	0	0	0
holistic	he1830	1072	0	0	0	0	0	0	0	0	0	0	0
holistic	he1831	1072	0	0	0	0	3	0	0	0	0	0	0
holistic	he1832	1073	0	0	0	0	0	0	0	0	0	0.063767	0.663138
holistic	he1833	1073	0	0	0	0	0	0	0	0	0	0	0
conventional	ce2065	1073	1.391382	62.633860	1	14	7	5.456264	14.138087	36.898871	6.140638	0.777243	0
conventional	ce2066	1073	0	40.115544	0	14	7	8.463665	1.753527	23.318286	6.580066	1.611008	0
conventional	ce2067	1073	2.036945	44.906297	1	14	7	8.934386	6.010568	18.137823	11.823520	1.736395	0
holistic	he1834	1074	8.459674	32.441978	2	4	8	0	32.157964	0	0.284014	0	5.287084
conventional	ce2068	1074	0	57.185101	0	14	7	11.316895	12.287315	23.701678	9.879213	1.976098	0
conventional	ce2069	1075	0.833351	52.260147	1	14	7	3.455097	1.900217	25.396848	21.507985	1.686884	0
holistic	he1835	1076	7.904342	35.873091	4	11	36	0	35.873091	0	0	0	6.683812
holistic	he1836	1076	0	0	0	0	1	0	0	0	0	0	0
holistic	he1837	1076	0	0	0	0	2	0	0	0	0	0	0
conventional	ce2070	1076	0	44.199693	0	14	7	6.440267	4.552448	26.606052	6.600926	1.611008	0
conventional	ce2071	1076	1.348118	62.104916	1	14	7	14.782365	3.728714	31.873059	11.720778	1.015159	0
conventional	ce2072	1076	0	48.346780	0	14	7	9.103093	3.161028	24.225618	11.857041	1.611008	0
holistic	he1838	1077	0	0	0	0	1	0	0	0	0	0	0
holistic	he1839	1077	0	0	0	0	1	0	0	0	0	0	0
holistic	he1840	1077	0	0	0	0	0	0	0	0	0	0	0
holistic	he1841	1077	0	0	0	0	0	0	0	0	0	0	0
conventional	ce2073	1077	0	48.544557	0	14	7	5.964436	10.541805	23.044261	8.994055	2.899788	0
holistic	he1842	1078	0	0	0	0	3	0	0	0	0	0	0
conventional	ce2074	1078	2.268247	71.899261	2	14	7	11.873300	6.027773	31.580719	22.417469	1.392165	0
conventional	ce2075	1078	0	34.649219	0	14	7	1.837772	9.823298	10.800250	12.187899	1.069499	0
holistic	he1843	1080	0	0	0	0	0	0	0	0	0	0	0
holistic	he1844	1080	0	0	0	0	0	0	0	0	0	0	0
holistic	he1845	1080	0	0	0	0	0	0	0	0	0	0	0
conventional	ce2076	1080	0	54.080445	0	14	7	8.483588	9.449634	28.064555	8.082668	1.538415	0
conventional	ce2077	1080	0	80.459332	0	14	7	7.815071	9.157866	33.527415	29.958980	0.095376	0
holistic	he1846	1081	0	1.239615	0	5	21	1.239615	0	0	0	0	0
holistic	he1847	1081	0	0	0	0	0	0	0	0	0	0	0
conventional	ce2078	1081	0	79.160777	0	14	7	10.067609	12.012443	29.365925	27.714800	0.095376	0
conventional	ce2079	1081	2.192139	72.406254	2	14	7	12.763613	4.992378	34.416638	20.233625	1.392165	0
holistic	he1848	1082	7.963716	41.088748	5	25	27	35.585872	0	5.502876	0	0	17.010924
holistic	he1849	1082	0	0	0	0	0	0	0	0	0	0	0
holistic	he1850	1082	0	0	0	0	4	0	0	0	0	0	0
conventional	ce2080	1082	0	34.366978	0	14	7	3.246954	10.820980	9.024466	11.274578	0.095376	0
conventional	ce2081	1082	0	48.802794	0	14	7	8.859973	1.841754	27.499451	10.601616	1.611008	0
conventional	ce2082	1082	0	49.348458	0	14	7	9.090083	1.186466	30.890216	8.181693	1.324532	0
holistic	he1851	1083	0	0	0	0	0	0	0	0	0	0	0
holistic	he1852	1083	0	0	0	0	0	0	0	0	0	0	0
holistic	he1853	1084	0	0	0	0	0	0	0	0	0	0	0
holistic	he1854	1084	0	0	0	0	0	0	0	0	0	0	0
conventional	ce2083	1084	0	52.727259	0	14	7	2.613775	11.459573	27.408420	11.245491	2.020795	0
conventional	ce2084	1084	0	38.368372	0	14	7	4.891423	6.895395	19.225275	7.356279	1.611008	0
holistic	he1855	1085	0	0	0	0	0	0	0	0	0	0	0
holistic	he1856	1085	0	14.570266	0	6	12	14.570266	0	0	0	0	0
holistic	he1857	1085	0	7.912012	0	2	8	7.912012	0	0	0	0	0
holistic	he1858	1085	0	0	0	0	0	0	0	0	0	0	0
holistic	he1859	1085	0	53.595848	0	24	4	53.595848	0	0	0	0	0
holistic	he1860	1086	10.374387	49.567585	6	19	35	0	49.567585	0	0	0	8.212026
conventional	ce2085	1086	0	17.207778	0	14	7	4.722714	2.256275	5.940298	4.288491	0.095376	0
conventional	ce2086	1086	1.572533	52.516390	1	14	7	8.853925	5.594740	25.440077	12.627648	1.689905	0
conventional	ce2087	1086	0	40.920622	0	14	7	4.097646	4.691174	24.499288	7.632514	2.020795	0
conventional	ce2088	1087	0	78.958181	0	14	7	11.922076	8.859530	31.020438	27.156137	1.952824	0
holistic	he1861	1088	0	0	0	0	0	0	0	0	0	0.158994	0.663138
holistic	he1862	1088	0	0	0	0	0	0	0	0	0	0	0
holistic	he1863	1088	0	0	0	0	1	0	0	0	0	0	0
holistic	he1864	1088	0	0	0	0	0	0	0	0	0	0	0
conventional	ce2089	1088	0.941768	57.809195	1	14	7	14.106188	5.352346	24.288463	14.062198	1.162925	0
holistic	he1865	1089	0	0	0	0	0	0	0	0	0	0	0
holistic	he1866	1089	0	0	0	0	0	0	0	0	0	0	0
conventional	ce2090	1089	0	55.923730	0	14	7	5.515754	12.078707	29.205005	9.124264	2.288000	0
holistic	he1867	1091	0	0	0	0	0	0	0	0	0	0	0
conventional	ce2091	1091	1.540052	103.298962	1	14	7	7.635532	10.705604	60.157037	24.800789	3.147288	0
holistic	he1868	1092	0	0	0	0	0	0	0	0	0	0	0
holistic	he1869	1092	0	0	0	0	0	0	0	0	0	0	0
conventional	ce2092	1092	0	47.137795	0	14	7	7.364012	1.779340	29.453314	8.541129	1.611008	0
conventional	ce2093	1092	0	33.906543	0	14	7	4.656479	4.664428	14.442201	10.143435	2.020795	0
conventional	ce2094	1092	0	30.857070	0	14	7	4.187194	8.743098	8.862563	9.064215	1.340736	0
conventional	ce2095	1092	1.746261	61.019342	1	14	7	5.278476	8.412238	30.201532	17.127096	1.372058	0
conventional	ce2096	1092	0.877541	47.653765	1	14	7	5.431837	9.674134	24.732249	7.815545	1.873939	0
conventional	ce2097	1093	0	47.121013	0	14	7	8.615225	3.118441	27.179134	8.208213	1.617640	0
conventional	ce2098	1093	0	72.735861	0	14	7	10.162747	10.532199	28.808406	23.232509	1.611008	0
holistic	he1870	1094	0	0	0	0	0	0	0	0	0	0	0
holistic	he1871	1094	0	0	0	0	0	0	0	0	0	0	0
holistic	he1872	1095	0	0	0	0	3	0	0	0	0	0	0
conventional	ce2099	1095	2.036945	44.475673	1	14	7	5.602223	6.807160	23.282810	8.783480	3.774833	0
conventional	ce2100	1095	0	46.360203	0	14	7	10.714062	5.611754	22.207327	7.827060	2.444676	0
conventional	ce2101	1096	0	40.934972	0	14	7	4.373048	5.867265	25.776949	4.917710	2.198911	0
conventional	ce2102	1096	1.540052	100.314334	1	14	7	6.666734	8.190044	59.610746	25.846810	2.577034	0
holistic	he1873	1097	0	0	0	0	0	0	0	0	0	0	0
holistic	he1874	1097	0.719193	0.719193	1	1	7	0	0	0.719193	0	0	0
holistic	he1875	1098	0	0	0	0	0	0	0	0	0	0	0
conventional	ce2103	1098	0	58.310798	0	14	7	8.462504	12.401767	25.724001	11.722526	2.899788	0
conventional	ce2104	1098	0	41.596722	0	14	7	4.985547	7.856340	21.387804	7.367031	1.611008	0
conventional	ce2105	1098	0	40.237061	0	14	7	4.184874	8.610033	20.938054	6.504100	2.192962	0
holistic	he1876	1099	12.411069	49.833270	3	6	11	0	48.810786	0	1.022484	0	1.998477
holistic	he1877	1099	0	0	0	0	2	0	0	0	0	0	0
conventional	ce2106	1099	0	37.548228	0	14	7	4.433589	6.756202	18.754477	7.603960	1.611008	0
holistic	he1878	1100	0	9.528031	0	6	3	9.528031	0	0	0	0	0
holistic	he1879	1100	0	0	0	0	1	0	0	0	0	0	0
conventional	ce2107	1100	0	42.863107	0	14	7	4.923992	10.335450	19.576556	8.027109	1.441629	0
holistic	he1880	1101	0	0	0	0	0	0	0	0	0	0	0
holistic	he1881	1101	0	0	0	0	6	0	0	0	0	0.850610	0.924082
conventional	ce2108	1101	1.572533	52.321960	1	14	7	7.730889	5.683535	25.416895	13.490641	0.927469	0
holistic	he1882	1102	0	0	0	0	0	0	0	0	0	0	0
holistic	he1883	1102	0	0	0	0	0	0	0	0	0	0	0
conventional	ce2109	1102	0	54.091896	0	14	7	2.794852	10.751011	34.819791	5.726242	2.552453	0
holistic	he1884	1103	0	0	0	0	0	0	0	0	0	0	0
conventional	ce2110	1103	0	55.028833	0	14	7	8.812483	5.286766	15.889249	25.040335	1.952824	0
conventional	ce2111	1103	0.383789	51.949350	1	14	7	13.489850	4.906593	25.812868	7.740039	1.443279	0
holistic	he1885	1104	11.862528	43.623732	3	6	15	0	43.176417	0	0.447315	0	3.426269
conventional	ce2112	1104	2.268247	55.886742	2	14	7	8.757394	6.607001	22.903215	17.619132	1.518137	0
conventional	ce2113	1104	1.685595	53.938809	2	14	7	11.073152	5.751448	24.943841	12.170368	1.162925	0
conventional	ce2114	1105	1.522180	51.636284	1	14	7	2.046952	13.965678	30.823894	4.799760	0.777243	0
conventional	ce2115	1105	0	35.236491	0	14	7	5.206360	5.852782	17.901150	6.276199	1.611008	0
conventional	ce2116	1105	0.877541	47.293402	1	14	7	4.963616	9.900161	24.305663	8.123962	1.873939	0
holistic	he1886	1106	0	0	0	0	0	0	0	0	0	0	0
conventional	ce2117	1106	0	40.415208	0	14	7	8.855442	2.095096	21.524219	7.940451	1.660328	0
conventional	ce2118	1106	1.572533	50.041309	1	14	7	8.319554	5.238859	23.633402	12.849494	1.689905	0
conventional	ce2119	1106	0	29.664668	0	14	7	1.527087	7.019125	9.694944	11.423512	0.831048	0
conventional	ce2120	1106	0	40.449532	0	14	7	1.632667	12.481839	14.343649	11.991377	1.343764	0
holistic	he1887	1107	0	0	0	0	0	0	0	0	0	0	0
conventional	ce2121	1107	0	80.050517	0	14	7	11.922076	9.109627	32.571507	26.447307	1.952824	0
conventional	ce2122	1107	0	40.892079	0	14	7	3.525469	4.380243	24.523947	8.462420	1.343284	0
holistic	he1888	1108	0	0	0	0	0	0	0	0	0	0	0
holistic	he1889	1108	0	0	0	0	0	0	0	0	0	0	0
holistic	he1890	1108	0	0	0	0	0	0	0	0	0	0	0
conventional	ce2123	1108	0	41.802877	0	14	7	7.151906	8.200861	16.722891	9.727219	1.611008	0
conventional	ce2124	1108	0	59.332539	0	14	7	5.331875	10.197011	33.192141	10.611512	2.288000	0
holistic	he1891	1109	12.411069	49.833270	3	6	11	0	48.810786	0	1.022484	0	0.176064
conventional	ce2125	1109	1.348118	33.471418	1	14	7	3.516394	4.619000	17.671035	7.664989	1.732574	0
conventional	ce2126	1109	0	38.729696	0	14	7	5.875249	4.120596	19.142789	9.591062	2.020795	0
holistic	he1892	1110	0	0	0	0	0	0	0	0	0	0	0
holistic	he1893	1110	0	0	0	0	0	0	0	0	0	0	0
holistic	he1894	1110	0	0	0	0	0	0	0	0	0	0	0
holistic	he1895	1111	0	0	0	0	0	0	0	0	0	0	0
holistic	he1896	1111	0	0	0	0	0	0	0	0	0	0	0
holistic	he1897	1111	0	16.317512	0	4	13	16.317512	0	0	0	0	0
conventional	ce2127	1111	0	51.883419	0	14	7	2.763325	7.361839	30.041868	11.716387	2.020795	0
conventional	ce2128	1111	0	41.081963	0	14	7	4.917636	5.310127	21.161156	9.693044	1.611008	0
holistic	he1898	1112	0	0	0	0	0	0	0	0	0	0	0
conventional	ce2129	1112	0	67.972229	0	14	7	10.466635	11.642886	22.677199	23.185509	0.775720	0
conventional	ce2130	1112	0	53.055090	0	14	7	8.145292	2.777212	32.379881	9.752705	1.611008	0
conventional	ce2131	1113	0	44.041460	0	14	7	9.408522	3.388286	20.690517	10.554135	1.974620	0
holistic	he1899	1114	0	0	0	0	0	0	0	0	0	0	0
holistic	he1900	1114	7.736048	35.882334	4	11	36	0	35.882334	0	0	0	6.917440
conventional	ce2132	1114	1.500719	52.677111	1	14	7	8.427261	6.836879	24.442645	12.970326	2.036736	0
holistic	he1901	1115	0	0	0	0	2	0	0	0	0	0	0
holistic	he1902	1116	0	0	0	0	1	0	0	0	0	0	0
holistic	he1903	1116	12.901974	48.525663	6	6	19	0	48.525663	0	0	0	4.584642
conventional	ce2133	1116	0	38.412691	0	14	7	2.957930	5.986745	23.081820	6.386196	1.917859	0
conventional	ce2134	1116	0	36.863965	0	14	7	2.435032	6.096236	22.040911	6.291786	1.611008	0
holistic	he1904	1117	0	0	0	0	0	0	0	0	0	0	0
holistic	he1905	1117	0	0	0	0	0	0	0	0	0	0	0
holistic	he1906	1117	0	0	0	0	0	0	0	0	0	0	0
conventional	ce2135	1117	0.833351	76.623589	1	14	7	13.461222	11.230960	25.120884	26.810523	1.687629	0
conventional	ce2136	1118	0	49.444686	0	14	7	8.799764	2.906800	28.712989	9.025133	1.253158	0
holistic	he1907	1119	0	0	0	0	0	0	0	0	0	0	0
conventional	ce2137	1119	0	78.669841	0	14	7	11.449447	11.882055	28.210173	27.128166	0.095376	0
conventional	ce2138	1119	0	40.753323	0	14	7	6.861122	3.115041	22.881301	7.895859	1.611008	0
conventional	ce2139	1119	0	51.945010	0	14	7	3.900903	9.204318	27.152993	11.686796	2.020795	0
conventional	ce2140	1119	0	50.603347	0	14	7	15.765151	6.626516	18.220708	9.990972	2.545158	0
conventional	ce2141	1120	1.348118	35.652541	1	14	7	4.371152	5.563891	16.581278	9.136220	1.732574	0
conventional	ce2142	1120	0	30.809381	0	14	7	3.812259	3.932306	18.899634	4.165182	2.020795	0
conventional	ce2143	1120	0	48.090307	0	14	7	2.689182	10.854575	24.053166	10.493384	2.020795	0
conventional	ce2144	1120	0	39.241447	0	14	7	4.407094	6.025999	15.257476	13.550878	2.197704	0
conventional	ce2145	1121	0	42.670928	0	14	7	5.449897	2.840290	25.352166	9.028575	2.020795	0
conventional	ce2146	1121	0	60.651986	0	14	7	5.510993	14.124666	29.995467	11.020860	2.288000	0
conventional	ce2147	1121	0	45.056019	0	14	7	5.529260	8.088421	22.707797	8.730541	1.437952	0
conventional	ce2148	1121	0.383789	55.156862	1	14	7	13.258146	5.235594	25.514562	11.148560	1.162925	0
holistic	he1908	1122	0	0	0	0	2	0	0	0	0	0	0
conventional	ce2149	1122	0	40.328671	0	14	7	4.658197	4.371724	21.700462	9.598288	2.020795	0
conventional	ce2150	1122	0	41.381019	0	14	7	5.799527	9.299907	18.641468	7.640117	1.829101	0
conventional	ce2151	1122	0	17.333995	0	14	7	4.739395	2.410429	5.479264	4.704907	0.095376	0
holistic	he1909	1123	0	0	0	0	0	0	0	0	0	0	0
holistic	he1910	1123	0	54.289756	0	12	20	54.289756	0	0	0	0	0
conventional	ce2152	1123	0	37.482303	0	14	7	5.332992	7.140149	17.412975	7.596187	1.611008	0
conventional	ce2153	1123	0	33.234307	0	14	7	4.879376	4.136705	18.673916	5.544310	2.657770	0
conventional	ce2154	1123	0	27.041653	0	14	7	3.184437	6.756767	8.352582	8.747867	1.340736	0
conventional	ce2155	1123	0	72.493513	0	14	7	6.397639	9.899027	31.007907	25.188940	0.095376	0
conventional	ce2156	1123	0	53.622603	0	14	7	1.855778	7.393776	29.917218	14.455831	2.020795	0
holistic	he1911	1124	0	0	0	0	0	0	0	0	0	0	0
conventional	ce2157	1124	0	52.318019	0	14	7	14.368932	7.067089	18.045714	12.836284	2.424424	0
conventional	ce2158	1124	1.081857	46.076465	1	14	7	3.224389	9.179518	23.730917	9.941641	2.020795	0
conventional	ce2159	1124	0	41.069854	0	14	7	3.732586	6.418535	24.401281	6.517452	2.226755	0
holistic	he1912	1125	0	0	0	0	0	0	0	0	0	0	0
conventional	ce2160	1125	1.572533	49.054562	1	14	7	8.058306	2.386716	25.224590	13.384950	1.689905	0
conventional	ce2161	1125	0.000882	42.228318	1	14	7	4.833759	8.112912	19.385879	9.895768	1.441629	0
conventional	ce2162	1125	1.081857	45.472177	1	14	7	3.132772	8.717712	23.231841	10.389852	2.020795	0
conventional	ce2163	1125	0	53.357890	0	14	7	3.940588	11.721202	28.009478	9.686622	1.183581	0
conventional	ce2164	1125	2.625032	42.057844	2	14	7	5.169079	3.416211	20.514833	12.957721	1.392165	0
holistic	he1913	1126	0.978324	62.533914	1	26	7	57.841460	0	4.692454	0	0	0
holistic	he1914	1126	11.939049	47.976891	3	6	11	0	46.954407	0	1.022484	0	1.211832
conventional	ce2165	1126	0	50.308068	0	14	7	6.456212	10.607238	23.782270	9.462348	2.930631	0
conventional	ce2166	1126	0	43.516534	0	14	7	3.942646	7.637980	21.597760	10.338148	1.611008	0
holistic	he1915	1127	0	0	0	0	0	0	0	0	0	0	0
conventional	ce2167	1127	0	42.173605	0	14	7	4.226534	6.835794	23.962927	7.148350	1.808579	0
conventional	ce2168	1127	1.073581	46.230825	1	14	7	6.727417	2.996534	24.582867	11.924007	1.015159	0
conventional	ce2169	1127	0	37.011195	0	14	7	6.902572	8.555901	15.112480	6.440242	1.828129	0
holistic	he1916	1128	0	0	0	0	0	0	0	0	0	0	0
conventional	ce2170	1128	0	39.937916	0	14	7	5.164133	8.255241	20.947216	5.571326	1.409044	0
conventional	ce2171	1129	1.721976	83.008246	1	14	7	14.179013	5.890726	37.948135	24.990372	2.036736	0
conventional	ce2172	1129	0	43.835234	0	14	7	3.651428	5.210708	26.658668	8.314430	2.020795	0
conventional	ce2173	1129	0	54.942225	0	14	7	6.583333	11.899051	27.763552	8.696289	2.288000	0
holistic	he1917	1130	0	0	0	0	0	0	0	0	0	0	0
conventional	ce2174	1130	0.782539	39.456316	1	14	7	4.611983	5.978315	19.049295	9.816723	2.020795	0
holistic	he1918	1131	0	0	0	0	4	0	0	0	0	0	0
conventional	ce2175	1131	0	37.874389	0	14	7	3.181296	7.795326	20.419292	6.478475	1.611008	0
conventional	ce2176	1131	0	37.289783	0	14	7	3.244120	9.342771	16.693281	8.009611	0.975693	0
conventional	ce2177	1131	0	43.800508	0	14	7	6.337513	4.542801	23.822993	9.097201	0.095376	0
conventional	ce2178	1131	1.348118	37.451111	1	14	7	4.515080	4.499985	17.419114	11.016932	1.732574	0
conventional	ce2179	1131	0	57.839735	0	14	7	8.494489	13.279342	26.796332	9.269572	2.899788	0
holistic	he1919	1132	7.904342	35.873091	4	11	36	0	35.873091	0	0	0	7.039842
conventional	ce2180	1132	0	47.144507	0	14	7	4.519738	6.691524	28.619527	7.313718	2.198911	0
conventional	ce2181	1132	0	47.120133	0	14	7	7.308370	10.790162	18.869272	10.152329	2.899788	0
conventional	ce2182	1132	0	69.479902	0	14	7	9.473380	10.275250	27.961725	21.769547	1.611008	0
conventional	ce2183	1132	0.782539	39.308260	1	14	7	4.730074	5.970962	17.793010	10.814214	2.020795	0
holistic	he1920	1133	0	0	0	0	0	0	0	0	0	0	0
conventional	ce2184	1133	1.081857	45.161832	1	14	7	4.115452	8.756725	22.023066	10.266589	2.020795	0
conventional	ce2185	1133	0	48.359775	0	14	7	8.420605	3.285067	30.151945	6.502158	2.094443	0
holistic	he1921	1134	0	0	0	0	1	0	0	0	0	0	0
conventional	ce2186	1134	0	58.278246	0	14	7	8.494489	13.060542	28.042943	8.680272	2.899788	0
conventional	ce2187	1134	0.782539	42.911457	1	14	7	5.140765	6.438000	20.184409	11.148283	2.402061	0
holistic	he1922	1136	0	0	0	0	8	0	0	0	0	0.503674	0.972234
holistic	he1923	1136	0	59.554716	0	12	20	59.554716	0	0	0	0	0
holistic	he1924	1136	0	0	0	0	0	0	0	0	0	0	0
conventional	ce2188	1136	0	34.949750	0	14	7	3.232732	7.499175	15.523509	8.694334	1.611008	0
conventional	ce2189	1136	1.556696	48.931485	1	14	7	2.657177	9.932150	25.657182	10.684976	2.020795	0
holistic	he1925	1137	0	0	0	0	0	0	0	0	0	0	1.206140
conventional	ce2190	1137	0	41.322306	0	14	7	2.981990	4.380243	25.497653	8.462420	1.343284	0
conventional	ce2191	1138	1.184193	65.775837	1	14	7	4.089129	4.186090	35.773041	21.727577	1.687629	0
conventional	ce2192	1139	1.221598	57.088205	1	14	7	8.939886	10.228478	26.878131	11.041710	2.899788	0
holistic	he1926	1140	12.411069	49.833270	3	6	11	0	48.810786	0	1.022484	0	2.243715
holistic	he1927	1140	0	0	0	0	0	0	0	0	0	0	0
holistic	he1928	1140	0	0	0	0	0	0	0	0	0	0	0
holistic	he1929	1140	0	0	0	0	0	0	0	0	0	0	0
conventional	ce2193	1140	0	59.742692	0	14	7	5.515754	13.452172	28.196317	12.578449	2.474820	0
holistic	he1930	1141	0	0	0	0	0	0	0	0	0	0	0
conventional	ce2194	1141	0	44.109677	0	14	7	7.758751	12.293747	17.705214	6.351965	2.892176	0
conventional	ce2195	1141	0	33.275106	0	14	7	2.122846	7.528772	14.013917	9.609571	1.611008	0
holistic	he1931	1142	0	0	0	0	0	0	0	0	0	0	0
holistic	he1932	1142	0	0	0	0	0	0	0	0	0	0	0
conventional	ce2196	1142	1.540052	107.725828	1	14	7	7.643503	10.772080	62.062197	27.248048	3.147288	0
conventional	ce2197	1142	0	55.839863	0	14	7	8.385815	5.762755	28.293295	13.397998	0.927469	0
holistic	he1933	1143	0	0	0	0	0	0	0	0	0	0	0
conventional	ce2198	1143	0.604373	43.822123	1	14	7	8.390517	3.366972	23.456375	8.608259	1.093738	0
holistic	he1934	1144	0	0	0	0	1	0	0	0	0	0	0
conventional	ce2199	1144	0	42.330581	0	14	7	4.569596	7.285492	22.227409	8.248084	1.611008	0
conventional	ce2200	1144	0	31.775638	0	14	7	3.801980	3.389791	15.440235	9.143632	1.934649	0
conventional	ce2201	1144	0	52.709386	0	14	7	7.221401	11.858200	22.892235	10.737550	2.899788	0
holistic	he1935	1145	0	0	0	0	0	0	0	0	0	0	0
holistic	he1936	1145	0	0	0	0	0	0	0	0	0	0	0
holistic	he1937	1145	0	0	0	0	0	0	0	0	0	0	0
holistic	he1938	1145	0	0	0	0	1	0	0	0	0	0	0
conventional	ce2202	1146	0	82.433180	0	14	7	10.637074	7.599114	33.745414	30.451578	3.270770	0
conventional	ce2203	1146	0	64.026534	0	14	7	9.204493	14.397649	31.370327	9.054065	2.899788	0
conventional	ce2204	1146	0	49.110706	0	14	7	4.553847	10.210427	26.263424	8.083008	2.930631	0
holistic	he1939	1147	0	0	0	0	0	0	0	0	0	0	0
holistic	he1940	1147	0	0	0	0	2	0	0	0	0	0.193870	0.848204
conventional	ce2205	1147	0	39.049979	0	14	7	7.832708	5.464151	10.883929	14.869191	2.197704	0
holistic	he1941	1148	0	0	0	0	0	0	0	0	0	0	0
holistic	he1942	1148	0	0	0	0	0	0	0	0	0	0	0
holistic	he1943	1148	12.411069	49.603176	3	6	11	0	48.810786	0	0.792390	0	1.998477
conventional	ce2206	1148	0.383789	50.351565	1	14	7	5.854949	5.922453	24.302207	14.271956	1.162925	0
holistic	he1944	1149	0	0	0	0	0	0	0	0	0	0	0
conventional	ce2207	1149	0	47.877938	0	14	7	2.113151	10.266185	24.184303	11.314299	1.851695	0
conventional	ce2208	1149	0	35.514588	0	14	7	4.465539	5.188614	16.161718	9.698717	2.020795	0
holistic	he1945	1151	0	0	0	0	0	0	0	0	0	0	0
conventional	ce2209	1151	0	55.952776	0	14	7	10.175813	3.062816	35.531789	7.182358	2.467625	0
holistic	he1946	1152	0	0	0	0	1	0	0	0	0	0	0
holistic	he1947	1152	7.904342	30.521616	4	4	39	0	30.521616	0	0	0	10.667226
holistic	he1948	1152	0	0	0	0	9	0	0	0	0	1.007348	2.828198
conventional	ce2210	1152	0	38.265956	0	14	7	7.689233	8.761404	15.753072	6.062247	1.729842	0
conventional	ce2211	1152	0	34.524482	0	14	7	3.845956	7.943617	15.953501	6.781408	1.791991	0
conventional	ce2212	1152	0	79.728522	0	14	7	9.688658	9.345342	33.534202	27.160320	1.611008	0
conventional	ce2213	1153	0	82.446858	0	14	7	12.501077	17.273541	25.862947	26.809293	1.611008	0
conventional	ce2214	1153	0.383789	65.977299	1	14	7	13.353592	7.963850	27.632738	17.027119	1.162925	0
conventional	ce2215	1153	0.833351	76.577409	1	14	7	13.542683	9.467210	25.769188	27.798328	1.687629	0
holistic	he1949	1154	0	0	0	0	0	0	0	0	0	0	0
holistic	he1950	1154	0	0	0	0	1	0	0	0	0	0	0
conventional	ce2216	1154	0	28.695803	0	14	7	4.487938	1.955483	15.720857	6.531525	2.424866	0
conventional	ce2217	1155	0	52.681538	0	14	7	2.355689	6.753056	27.659077	15.913716	2.020795	0
conventional	ce2218	1156	0.782539	44.959150	1	14	7	5.532398	3.616303	22.858797	12.951652	2.020795	0
conventional	ce2219	1156	0	41.720180	0	14	7	4.704400	10.067140	20.958690	5.989950	1.611008	0
conventional	ce2220	1156	0	46.064114	0	14	7	13.105697	0.568702	23.887146	8.502569	0.927469	0
conventional	ce2221	1157	0	58.920815	0	14	7	9.807457	5.875404	29.222119	14.015835	1.611008	0
holistic	he1951	1158	0	0	0	0	0	0	0	0	0	0	0
holistic	he1952	1158	0	42.068475	0	9	3	42.068475	0	0	0	0	0
conventional	ce2222	1158	0	40.478286	0	14	7	4.532902	7.021977	19.877523	9.045884	1.611008	0
conventional	ce2223	1158	0	71.159458	0	14	7	8.940001	11.259978	30.010766	20.948713	2.347308	0
holistic	he1953	1159	0	1.455460	0	4	32	1.455460	0	0	0	0	0
holistic	he1954	1159	0	0	0	0	0	0	0	0	0	0	0
conventional	ce2224	1159	0	45.176690	0	14	7	10.533883	2.425060	27.963255	4.254492	2.268159	0
conventional	ce2225	1159	1.412370	40.718031	1	14	7	4.703160	5.631015	19.714841	10.669015	1.161325	0
holistic	he1955	1160	0	0	0	0	0	0	0	0	0	0	0
conventional	ce2226	1160	0	40.167600	0	14	7	7.322737	5.762222	21.346323	5.736318	1.611008	0
conventional	ce2227	1160	0	41.450898	0	14	7	4.256055	4.593541	22.908329	9.692973	2.020795	0
conventional	ce2228	1160	0	69.215614	0	14	7	9.774181	10.220385	28.996401	20.224647	1.532784	0
holistic	he1956	1161	0.559395	0.759959	1	1	5	0.759959	0	0	0	0	0
holistic	he1957	1161	0	0.570720	0	4	2	0.570720	0	0	0	0.274942	0.857758
holistic	he1958	1161	0	0	0	0	0	0	0	0	0	0	0
conventional	ce2229	1161	0	35.452078	0	14	7	4.671064	7.602969	14.504008	8.674037	1.951232	0
conventional	ce2230	1161	0	30.676367	0	14	7	3.850679	5.570305	17.659604	3.595779	1.550215	0
holistic	he1959	1162	0	0	0	0	4	0	0	0	0	0	0
holistic	he1960	1162	0	0	0	0	0	0	0	0	0	0	0
conventional	ce2231	1162	0	50.085342	0	14	7	6.168815	11.521131	21.676080	10.719316	2.899788	0
conventional	ce2232	1162	0	53.488873	0	14	7	6.808131	10.661950	23.408409	12.610383	2.930631	0
conventional	ce2233	1163	0.782539	50.305037	1	14	7	5.892259	4.614274	27.496768	12.301736	1.980695	0
conventional	ce2234	1164	0	43.076402	0	14	7	2.058528	5.422690	28.754731	6.840453	2.020795	0
holistic	he1961	1165	0	0	0	0	0	0	0	0	0	0	0
conventional	ce2235	1165	0	42.920427	0	14	7	4.997210	9.684729	21.995033	6.243455	0.927469	0
conventional	ce2236	1165	0	34.297419	0	14	7	4.896096	4.648177	16.137920	8.615226	2.497500	0
conventional	ce2237	1165	0.782539	31.807329	1	14	7	2.390202	3.540431	14.478045	11.398651	2.016759	0
holistic	he1962	1166	0	0	0	0	0	0	0	0	0	0	0
conventional	ce2238	1166	0	84.490543	0	14	7	9.464495	10.550380	33.647538	30.828130	1.611008	0
holistic	he1963	1167	0	0	0	0	0	0	0	0	0	0	0
conventional	ce2239	1167	0	51.077431	0	14	7	4.397024	7.293570	21.616446	17.770391	2.197704	0
conventional	ce2240	1167	0	45.567288	0	14	7	2.121055	8.379683	26.574365	8.492185	2.899788	0
holistic	he1964	1168	0	0	0	0	0	0	0	0	0	0	0
holistic	he1965	1168	0	2.692011	0	3	6	2.692011	0	0	0	0.063767	1.343800
holistic	he1966	1168	0	55.880864	0	12	6	55.880864	0	0	0	0	0
holistic	he1967	1169	0	0	0	0	0	0	0	0	0	0	0
holistic	he1968	1169	0	0	0	0	0	0	0	0	0	0	0
conventional	ce2241	1169	0	30.459724	0	14	7	5.261647	2.494058	14.966603	7.737416	1.548497	0
conventional	ce2242	1169	0	33.439730	0	14	7	2.486474	8.331965	15.476480	7.144811	0.684008	0
holistic	he1969	1170	0	1.472442	0	6	4	1.472442	0	0	0	0.193870	0.848204
holistic	he1970	1170	0	0.735283	0	1	1	0.735283	0	0	0	0	0
holistic	he1971	1170	0	0	0	0	1	0	0	0	0	0	0
holistic	he1972	1171	0	0	0	0	0	0	0	0	0	0	0
holistic	he1973	1171	0	0	0	0	0	0	0	0	0	0	0
holistic	he1974	1171	0	1.051274	0	2	4	1.051274	0	0	0	0.784722	0.380828
conventional	ce2243	1171	0	51.136158	0	14	7	7.845796	10.423784	24.605128	8.261450	3.090310	0
conventional	ce2244	1171	0	35.010156	0	14	7	5.769106	5.717447	15.503869	8.019734	1.611008	0
holistic	he1975	1172	0	0.792390	0	3	11	0	0	0	0.792390	0	1.998477
conventional	ce2245	1174	0	40.051260	0	14	7	2.833923	4.227235	24.253578	8.736524	1.917105	0
holistic	he1976	1175	0	37.995572	0	20	32	37.995572	0	0	0	0	0
holistic	he1977	1175	0	0	0	0	0	0	0	0	0	0	0
holistic	he1978	1176	0	0	0	0	12	0	0	0	0	0.635976	2.124628
conventional	ce2246	1176	0.782539	56.856066	1	14	7	6.867132	11.589417	23.345297	15.054220	2.402061	0
holistic	he1979	1177	0	0	0	0	0	0	0	0	0	0	0
holistic	he1980	1177	0	0	0	0	1	0	0	0	0	0	0
holistic	he1981	1177	0	0	0	0	0	0	0	0	0	0	0
conventional	ce2247	1177	0.383789	65.276171	1	14	7	11.252428	8.131857	28.049101	17.842785	1.162925	0
holistic	he1982	1179	0	0	0	0	0	0	0	0	0	0	0
conventional	ce2248	1180	0	48.162069	0	14	7	9.802890	3.705221	28.761272	5.892686	2.268159	0
conventional	ce2249	1180	0	37.006649	0	14	7	4.732322	2.987966	21.556939	7.729422	2.020795	0
conventional	ce2250	1180	0	60.401199	0	14	7	5.770626	12.235351	28.706783	13.688439	2.281562	0
conventional	ce2251	1181	0	56.119069	0	14	7	2.764762	8.259046	29.691020	15.404241	1.883164	0
holistic	he1983	1182	0	0	0	0	0	0	0	0	0	0	0
conventional	ce2252	1182	0	32.872265	0	14	7	3.495696	2.165847	20.104391	7.106331	1.264277	0
holistic	he1984	1183	0	0	0	0	9	0	0	0	0	1.007348	2.484684
conventional	ce2253	1183	0	54.428770	0	14	7	12.145321	4.278076	34.714809	3.290564	2.891006	0
conventional	ce2254	1183	0	33.075833	0	14	7	3.232140	5.529229	16.203794	8.110670	2.020795	0
holistic	he1985	1184	0	0	0	0	0	0	0	0	0	0	0
holistic	he1986	1184	0	0	0	0	1	0	0	0	0	0	0
conventional	ce2255	1184	1.081857	50.578809	1	14	7	3.041996	11.812239	24.638865	11.085709	2.020795	0
conventional	ce2256	1184	0	41.243011	0	14	7	5.373180	10.549692	17.969413	7.350726	1.510378	0
conventional	ce2257	1184	1.556696	52.238156	1	14	7	3.940373	10.188862	26.149254	11.959667	2.020795	0
conventional	ce2258	1184	0.383789	55.064470	1	14	7	1.354995	9.406242	28.228558	16.074675	0.886211	0
holistic	he1987	1185	0	0	0	0	10	0	0	0	0	0	0
conventional	ce2259	1185	0.018481	45.861801	1	14	7	4.618265	5.426437	22.481730	13.335369	1.892928	0
conventional	ce2260	1185	0	48.036269	0	14	7	0.925079	8.462735	30.397173	8.251282	2.899788	0
conventional	ce2261	1185	0	41.827725	0	14	7	4.208900	5.174395	21.921575	10.522855	1.022655	0
conventional	ce2262	1185	0.782539	49.682929	1	14	7	2.992600	10.697300	26.078253	9.914776	1.874611	0
holistic	he1988	1186	0	0	0	0	0	0	0	0	0	0	0
conventional	ce2263	1186	0	66.459756	0	14	7	9.518171	14.912007	27.048438	14.981140	2.799114	0
conventional	ce2264	1186	2.007825	47.885685	1	14	7	8.773745	2.730476	28.717697	7.663767	2.062854	0
conventional	ce2265	1186	0.782539	31.572022	1	14	7	3.044319	3.626399	14.166817	10.734487	2.016759	0
holistic	he1989	1187	0	0	0	0	0	0	0	0	0	0	0
conventional	ce2266	1187	0	48.804747	0	14	7	6.901097	4.150489	26.378907	11.374254	1.329862	0
conventional	ce2267	1187	0	58.419791	0	14	7	5.806897	14.895525	22.319822	15.397547	1.611008	0
holistic	he1990	1188	0	0	0	0	1	0	0	0	0	0	0
holistic	he1991	1188	0	0	0	0	0	0	0	0	0	0	0
conventional	ce2268	1188	0.782539	48.223001	1	14	7	4.577340	7.034788	22.282732	14.328141	1.874611	0
conventional	ce2269	1188	0	49.924288	0	14	7	4.397024	6.327756	22.091203	17.108305	2.197704	0
conventional	ce2270	1188	0.782539	28.364688	1	14	7	2.206899	5.316586	11.158281	9.682922	2.016759	0
holistic	he1992	1189	0	1.319681	0	1	4	1.319681	0	0	0	0	0
conventional	ce2271	1189	0	34.391540	0	14	7	4.165390	7.701492	19.097977	3.426681	1.116545	0
holistic	he1993	1190	0	0	0	0	0	0	0	0	0	0	0
conventional	ce2272	1190	0	28.292236	0	14	7	5.936330	8.619598	9.483006	4.253302	1.729842	0
conventional	ce2273	1190	0	48.513417	0	14	7	5.463430	11.863535	19.400238	11.786214	1.951232	0
holistic	he1994	1191	0	0	0	0	0	0	0	0	0	0	0
holistic	he1995	1191	0	0	0	0	0	0	0	0	0	0	0
conventional	ce2274	1191	0.782539	40.226334	1	14	7	2.722774	2.983307	20.104821	14.415432	2.016759	0
conventional	ce2275	1191	0	39.893848	0	14	7	3.223721	10.982496	19.293820	6.393811	1.791991	0
conventional	ce2276	1191	0	79.824244	0	14	7	12.955306	5.922047	29.871177	31.075714	1.611008	0
holistic	he1996	1192	1.118790	1.455310	2	2	4	1.455310	0	0	0	0	0
conventional	ce2277	1192	0	29.971522	0	14	7	4.274685	2.931011	11.181500	11.584326	1.951232	0
conventional	ce2278	1192	0	47.020784	0	14	7	5.243665	10.186521	24.933982	6.656616	2.930631	0
conventional	ce2279	1192	0	63.197718	0	14	7	5.876775	14.427334	29.605041	13.288568	2.474820	0
conventional	ce2280	1193	0	37.167512	0	14	7	4.653766	7.809805	20.585310	4.118631	1.025526	0
holistic	he1997	1194	0	0	0	0	0	0	0	0	0	0	0
holistic	he1998	1194	0	0	0	0	3	0	0	0	0	0.158994	0.100077
conventional	ce2281	1194	0	58.177543	0	14	7	5.553296	10.992081	27.699108	13.933058	2.463675	0
conventional	ce2282	1194	0	73.699307	0	14	7	9.227421	11.421512	36.740507	16.309867	1.242457	0
conventional	ce2283	1194	0.383789	49.795870	1	14	7	5.152370	5.947565	24.141662	14.554273	1.162925	0
conventional	ce2284	1194	0	60.383487	0	14	7	8.269872	14.292297	24.616376	13.204942	2.899788	0
holistic	he1999	1195	1.536590	1.752194	2	2	4	1.752194	0	0	0	0	0
holistic	he2000	1196	0	2.691178	0	1	4	2.691178	0	0	0	0	0
holistic	he2001	1196	0	0	0	0	4	0	0	0	0	0	0.287475
conventional	ce2285	1196	0	32.167230	0	14	7	4.465539	5.188614	14.641261	7.871816	1.572358	0
conventional	ce2286	1196	0	47.569889	0	14	7	3.866944	8.970443	26.509124	8.223378	2.930631	0
conventional	ce2287	1196	0	30.211957	0	14	7	4.024140	4.400218	11.696188	10.091411	1.951232	0
conventional	ce2288	1197	2.007825	41.324408	1	14	7	7.505942	1.627785	24.357928	7.832753	1.310191	0
conventional	ce2289	1197	0	39.404301	0	14	7	9.146738	5.334276	9.980831	14.942456	2.197704	0
conventional	ce2290	1198	0	36.964981	0	14	7	5.537990	6.519995	10.505102	14.401894	1.855009	0
