population	name	born	g1	g2	n1	n2	ns	g2_contact	g2_height	g2_up	g2_joint	g1_other	g1_vel
holistic	h0-0	-29	0	0	0	0	0	0	0	0	0	0	0
holistic	h0-1	-38	0	0.268581	0	3	3	0	0	0.268581	0	0	0
holistic	h0-2	-32	0	0	0	0	0	0	0	0	0	0	0
holistic	h0-3	-17	0	0	0	0	0	0	0	0	0	0	0
holistic	h0-4	-52	16.853635	77.462607	25	92	17	0	1.494790	75.048855	0.918962	0	0
holistic	h0-5	-55	0	0	0	0	0	0	0	0	0	0	0
holistic	h0-6	-49	0.999180	8.532047	1	11	7	0	0	6.672897	1.859150	0	0
holistic	h0-7	-32	0	0	0	0	6	0	0	0	0	0	0
holistic	h0-8	-43	0	0	0	0	0	0	0	0	0	0	0
holistic	h0-9	-43	0	0	0	0	0	0	0	0	0	0	0
holistic	h0-10	-51	0	0	0	0	1	0	0	0	0	1.376675	0
holistic	h0-11	-20	2.239814	2.239814	1	1	7	0	0	2.239814	0	0	0
holistic	h0-13	-13	0	0	0	0	3	0	0	0	0	0	0
holistic	h0-14	-35	0	0	0	0	0	0	0	0	0	0	0
holistic	h0-15	-4	0	0	0	0	0	0	0	0	0	0	0
holistic	h0-16	-16	1.358034	1.279103	2	2	15	0	0	0	1.279103	0	0
holistic	h0-17	-3	2.976819	9.144399	4	8	4	1.941789	0	7.202610	0	0	7.534790
holistic	h0-18	-52	0	0	0	0	6	0	0	0	0	1.073486	0
holistic	h0-19	-39	0	0	0	0	1	0	0	0	0	0	0
holistic	h0-20	-19	0	0	0	0	3	0	0	0	0	0	0
holistic	h0-21	-33	0.025944	11.953746	2	16	4	2.386982	0	0	9.566764	3.464774	0
holistic	h0-22	-14	0	0	0	0	2	0	0	0	0	0	0
holistic	h0-23	-39	1.857038	6.479933	1	5	6	0	2.478009	4.001924	0	0	0
holistic	h0-24	-48	0	0	0	0	4	0	0	0	0	0	0
holistic	h0-25	-59	2.771848	3.292516	4	4	4	0	0	0	3.292516	0	0
holistic	h0-26	-43	0.238224	0.769153	1	2	3	0.769153	0	0	0	0	0.640090
holistic	h0-27	-32	0	5.682992	0	6	3	0	0	5.682992	0	0	0
holistic	h0-28	-20	0	0	0	0	0	0	0	0	0	0	0
holistic	h0-29	-27	0	0	0	0	0	0	0	0	0	0	1.839066
holistic	h0-30	-22	2.528440	1.388246	2	4	3	1.388246	0	0	0	1.181444	0
holistic	h0-31	-13	1.032232	3.564125	2	3	4	0	0	0	3.564125	0	0
holistic	h0-32	-55	0	1.104084	0	2	1	0	1.104084	0	0	0	0
holistic	h0-33	-23	0	0	0	0	0	0	0	0	0	0	0
holistic	h0-34	-13	0.510493	0.644757	2	2	8	0.644757	0	0	0	0	0
holistic	h0-35	-16	0	0	0	0	4	0	0	0	0	0	0
holistic	h0-36	-14	0	0	0	0	1	0	0	0	0	0	0
holistic	h0-37	-55	0	0	0	0	8	0	0	0	0	0	0
holistic	h0-38	-49	0	3.506762	0	4	2	0	3.506762	0	0	0.609846	1.725146
holistic	h0-39	-18	0	0	0	0	8	0	0	0	0	0	0
holistic	h0-40	-17	0	0	0	0	8	0	0	0	0	0	0
holistic	h0-41	-13	2.232920	5.840122	1	8	2	0	0	0	5.840122	1.173881	5.483332
holistic	h0-42	-20	0	1.560914	0	2	2	0	1.560914	0	0	3.949534	0
holistic	h0-43	-2	0	0.743532	0	2	2	0	0.743532	0	0	0	0
holistic	h0-44	-25	2.415655	6.897711	2	6	12	1.384805	0	5.512906	0	0	0
holistic	h0-45	-7	0	0	0	0	0	0	0	0	0	0	0
holistic	h0-46	-7	2.834685	24.705368	3	12	6	0	0	24.705368	0	1.605588	0
holistic	h0-47	-8	0	0	0	0	0	0	0	0	0	0	0
holistic	h0-48	-22	0	1.756559	0	1	1	0	0	0	1.756559	0	0
holistic	h0-49	-25	0	0	0	0	0	0	0	0	0	0	0
holistic	h0-50	-33	4.175685	4.175685	2	2	2	0	0	0	4.175685	0	0
holistic	h0-51	-3	1.317512	11.362820	2	9	6	4.958546	0	5.718166	0.686108	0	1.586359
holistic	h0-52	-32	0	0	0	0	1	0	0	0	0	0	0
holistic	h0-53	-38	1.339254	2.591826	1	4	2	0	1.053536	0	1.538290	0.408968	0
holistic	h0-54	-30	5.313700	24.042870	6	31	10	0	7.118085	16.022173	0.902612	0	0
holistic	h0-55	-28	0.737791	1.830548	1	1	1	1.830548	0	0	0	0	0
holistic	h0-56	-36	0.148434	25.696524	2	30	8	0	0	13.908872	11.787652	1.034206	0
holistic	h0-57	-2	0	0	0	0	1	0	0	0	0	0	0
holistic	h0-58	-2	0	0	0	0	1	0	0	0	0	0	0
holistic	h0-59	-13	0	0	0	0	3	0	0	0	0	0.273663	0
holistic	he61	0	0	0	0	0	4	0	0	0	0	0	0
conventional	c0-0	-48	0	18.724644	0	14	7	0.925817	4.618885	9.269521	3.910421	0	0
conventional	c0-1	-16	0	33.749910	0	14	7	2.274054	7.742104	10.709344	13.024408	0	0
conventional	c0-2	-48	0	18.480601	0	14	7	1.284681	4.961892	8.556114	3.677914	0	0
conventional	c0-3	-49	0	31.824178	0	14	7	5.420261	5.232842	14.400374	6.770701	0	0
conventional	c0-4	-1	0	22.593047	0	14	7	7.835522	2.534187	10.555501	1.667837	0	0
conventional	c0-5	-39	0	13.660278	0	14	7	2.935703	0.385275	5.339073	5.000227	0	0
conventional	c0-6	-2	0	16.411986	0	14	7	2.360310	0.840055	9.383983	3.827638	0	0
conventional	c0-7	-51	0	21.506076	0	14	7	2.499878	6.508384	4.621994	7.875820	0	0
conventional	c0-8	-51	0	25.287983	0	14	7	1.349022	2.400415	14.690901	6.847645	0	0
conventional	c0-9	-49	0	34.226471	0	14	7	7.616521	4.655888	9.211237	12.742825	0	0
conventional	c0-10	-7	0	20.203079	0	14	7	2.412303	3.423735	9.611235	4.755806	0	0
conventional	c0-11	-7	0	35.514923	0	14	7	8.705990	4.199743	15.826122	6.783068	0	0
conventional	c0-12	-36	0	30.553849	0	14	7	1.559740	5.932379	12.112721	10.949009	0	0
conventional	c0-13	-4	0	23.428949	0	14	7	3.380582	2.424953	12.829752	4.793662	0	0
conventional	c0-14	-5	0	45.380857	0	14	7	9.110630	4.509883	19.710406	12.049938	0	0
conventional	c0-15	-46	0	27.463204	0	14	7	2.236590	3.774488	16.715132	4.736994	0	0
conventional	c0-16	-35	0	26.181237	0	14	7	12.154636	1.359897	6.563004	6.103700	0	0
conventional	c0-17	-7	0	32.292624	0	14	7	3.373118	5.266526	12.780766	10.872214	0	0
conventional	c0-18	-14	0	17.461374	0	14	7	1.301164	5.676814	8.759235	1.724161	0	0
conventional	c0-19	-2	0	21.294699	0	14	7	3.981166	5.134395	7.182109	4.997029	0	0
conventional	c0-20	-14	0	21.444760	0	14	7	2.283579	4.582763	9.015007	5.563411	0	0
conventional	c0-21	-3	0	14.586569	0	14	7	2.214975	1.975855	7.647917	2.747822	0	0
conventional	c0-22	-10	0	23.255058	0	14	7	3.259217	2.701250	12.109694	5.184897	0	0
conventional	c0-23	-30	0	28.794336	0	14	7	1.129614	3.699940	17.111145	6.853637	0	0
conventional	c0-24	-8	0	56.338440	0	14	7	7.676971	5.937182	22.645077	20.079210	0	0
conventional	c0-25	-47	0	36.381378	0	14	7	9.264012	3.036729	16.740821	7.339816	0	0
conventional	c0-26	-10	0	26.605679	0	14	7	3.597036	2.232517	13.648617	7.127509	0	0
conventional	c0-27	-4	0	29.222696	0	14	7	3.748419	5.619549	11.728897	8.125831	0	0
conventional	c0-28	-44	0	26.630730	0	14	7	2.724858	4.953693	8.094382	10.857797	0	0
conventional	c0-29	-34	0	25.595860	0	14	7	4.343963	6.083758	8.861903	6.306236	0	0
conventional	c0-30	-39	0	14.230364	0	14	7	3.082783	2.782949	2.270858	6.093774	0	0
conventional	c0-31	-3	0	25.936881	0	14	7	6.403537	1.992735	9.757773	7.782836	0	0
conventional	c0-32	-50	0	26.461795	0	14	7	3.717729	5.451939	8.746882	8.545245	0	0
conventional	c0-33	-10	0	44.493319	0	14	7	9.671157	13.353541	9.641784	11.826837	0	0
conventional	c0-34	-44	0	32.465418	0	14	7	5.330638	3.281884	11.965241	11.887655	0	0
conventional	c0-35	-48	0	33.633504	0	14	7	0.479050	9.843546	13.071483	10.239425	0	0
conventional	c0-36	-53	0	18.329767	0	14	7	4.947009	1.903230	6.888669	4.590859	0	0
conventional	c0-37	-24	0	34.121754	0	14	7	5.612380	5.792597	16.743977	5.972800	0	0
conventional	c0-38	-14	0	16.211179	0	14	7	1.683678	1.046095	8.476238	5.005168	0	0
conventional	c0-39	-44	0	28.447827	0	14	7	3.351912	6.713352	8.477588	9.904975	0	0
conventional	c0-40	-58	0	22.088721	0	14	7	3.894970	3.727429	9.959310	4.507012	0	0
conventional	c0-41	-32	0	23.957120	0	14	7	3.987509	5.031920	11.792665	3.145026	0	0
conventional	c0-42	-30	0	33.045796	0	14	7	4.361179	3.259742	7.531089	17.893786	0	0
conventional	c0-43	-33	0	31.341072	0	14	7	0.975244	9.779644	12.382302	8.203882	0	0
conventional	c0-44	-42	0	19.323581	0	14	7	2.329547	4.548134	10.922517	1.523383	0	0
conventional	c0-45	-6	0	52.279713	0	14	7	2.625432	11.627803	27.125801	10.900677	0	0
conventional	c0-46	-17	0	26.502370	0	14	7	2.180102	6.458091	8.315179	9.548998	0	0
conventional	c0-47	-14	0	26.414229	0	14	7	2.623855	0.623120	14.030179	9.137075	0	0
conventional	c0-48	-1	0	16.807278	0	14	7	3.437775	1.712369	3.909256	7.747878	0	0
conventional	c0-49	-6	0	28.364253	0	14	7	3.266305	4.066473	11.206337	9.825138	0	0
conventional	c0-50	-30	0	25.264434	0	14	7	2.862710	4.007954	8.555517	9.838253	0	0
conventional	c0-51	-9	0	29.871701	0	14	7	4.541944	1.829841	14.512229	8.987687	0	0
conventional	c0-52	-59	0	29.787167	0	14	7	6.118188	7.519116	9.809814	6.340049	0	0
conventional	c0-53	-4	0	40.641207	0	14	7	8.702968	5.018424	14.753672	12.166143	0	0
conventional	c0-54	-57	0	26.779512	0	14	7	2.366753	6.161597	11.144266	7.106896	0	0
conventional	c0-55	-32	0	18.244672	0	14	7	2.336908	0.635912	10.727807	4.544045	0	0
conventional	c0-56	-52	0	18.943914	0	14	7	3.727713	4.829114	5.315608	5.071479	0	0
conventional	c0-57	-56	0	34.463447	0	14	7	5.690654	1.666800	18.654991	8.451002	0	0
conventional	c0-58	-49	0	21.085605	0	14	7	1.681274	1.273961	13.308341	4.822029	0	0
conventional	c0-59	-36	0	20.749985	0	14	7	3.491891	0.607879	9.160004	7.490211	0	0
holistic	he62	1	1.998360	22.665089	2	23	10	0	0	16.098911	6.566178	0	0
conventional	ce61	1	0	20.481244	0	14	7	5.433236	1.813506	9.640818	3.593684	0	0
conventional	ce62	2	0	31.237397	0	14	7	9.089484	2.860945	10.525053	8.761915	0	0
conventional	ce63	2	0	54.652389	0	14	7	2.327139	12.401954	28.177966	11.745330	0	0
conventional	ce64	2	0	22.565979	0	14	7	2.781445	3.368711	8.161270	8.254553	0	0
conventional	ce65	2	0.182413	44.673302	1	14	7	9.644962	13.755991	9.764150	11.508199	0	0
conventional	ce66	2	0	19.830594	0	14	7	1.763312	1.437969	11.951678	4.677635	0.255815	0
conventional	ce67	2	0	31.342683	0	14	7	5.096801	1.691572	12.678480	11.875830	0	0
conventional	ce68	2	0	31.812166	0	14	7	5.921376	2.323394	15.064651	8.502745	0	0
conventional	ce69	2	0	22.374149	0	14	7	7.654439	3.075081	10.219985	1.424644	0.686175	0
conventional	ce70	3	0	19.792140	0	14	7	1.193580	4.772262	10.668315	3.157983	0	0
conventional	ce71	3	0	20.690464	0	14	7	1.385504	0.897545	11.866210	6.541205	0	0
conventional	ce72	3	0	9.282359	0	14	7	0.843137	0.232501	4.683972	3.522749	0	0
conventional	ce73	3	0	13.895048	0	14	7	2.494932	2.888927	6.449681	2.061508	0	0
conventional	ce74	3	0	41.002177	0	14	7	8.180486	4.668978	16.024360	12.128353	0	0
conventional	ce75	3	0	55.251681	0	14	7	2.863814	11.580187	29.039621	11.768059	0	0
conventional	ce76	3	0	25.649470	0	14	7	3.171941	2.206642	8.695104	11.575783	0	0
holistic	he63	4	0	0	0	0	0	0	0	0	0	0	2.286292
holistic	he64	4	0.999180	8.050407	1	11	7	0	0	6.100840	1.949567	0	0
conventional	ce77	4	0	20.395997	0	14	7	0.203822	8.158455	6.743500	5.290220	0	0
conventional	ce78	4	0	34.092111	0	14	7	2.299914	3.536130	15.102239	13.153828	0.896123	0
conventional	ce79	4	0	38.081284	0	14	7	6.152650	2.016751	14.204378	15.707505	0	0
conventional	ce80	4	0	22.367134	0	14	7	5.730336	2.121673	8.903063	5.612062	0	0
conventional	ce81	4	0	56.440791	0	14	7	5.313954	11.999812	26.657504	12.469521	0.364248	0
holistic	he65	5	2.957430	14.193206	4	16	8	0.168564	0	0	14.024642	0	0
holistic	he66	5	1.089646	7.458615	1	6	7	0	0	6.882922	0.575693	0	0
holistic	he67	5	0	0	0	0	0	0	0	0	0	0	0
holistic	he68	5	0	0	0	0	0	0	0	0	0	0	1.839066
conventional	ce82	5	0	30.824832	0	14	7	6.967720	2.411050	13.026723	8.419339	0	0
conventional	ce83	5	0	28.760582	0	14	7	6.718907	4.039406	8.698013	9.304256	0	0
conventional	ce84	5	0	48.385932	0	14	7	10.356640	13.016585	13.041528	11.971179	0	0
conventional	ce85	5	0	30.877440	0	14	7	3.136799	11.603323	4.617799	11.519519	0	0
conventional	ce86	6	0	27.649707	0	14	7	9.665347	3.426851	12.585843	1.971666	0	0
conventional	ce87	6	0	27.240636	0	14	7	6.443650	1.577745	11.448236	7.771005	0.298650	0
conventional	ce88	6	0	41.178743	0	14	7	9.609659	7.505231	17.956951	6.106902	0	0
conventional	ce89	6	0	24.978723	0	14	7	9.215210	1.298758	8.025034	6.439721	0	0
holistic	he69	7	1.426880	1.347949	2	2	17	0	0	0	1.347949	0	0
conventional	ce90	7	0.182413	44.668997	1	14	7	10.078020	14.779081	7.890117	11.921779	0	0
conventional	ce91	7	0	37.057472	0	14	7	8.449578	6.811156	17.382742	4.413996	0	0
conventional	ce92	7	0	24.503108	0	14	7	9.281020	2.284641	10.042016	2.895431	1.050070	0
conventional	ce93	7	0	28.067044	0	14	7	5.313479	3.470700	9.638151	9.644714	0	0
conventional	ce94	7	0	25.665758	0	14	7	2.950479	4.809977	12.396637	5.508665	0	0
conventional	ce95	7	0	20.445366	0	14	7	3.200752	2.351819	12.356495	2.536300	0	0
holistic	he70	8	0.707139	0.810393	2	2	7	0.810393	0	0	0	0	0
holistic	he71	8	0.741342	4.161007	2	3	4	0	0	0	4.161007	0	0
holistic	he72	8	0	0	0	0	0	0	0	0	0	0	0
conventional	ce96	8	0	29.097096	0	14	7	5.467559	3.564504	15.145886	4.919147	0	0
conventional	ce97	8	0	28.914552	0	14	7	1.590754	7.290454	8.282579	11.750765	0	0
conventional	ce98	8	0	30.381886	0	14	7	4.282345	1.729961	15.378489	8.991091	0	0
conventional	ce99	8	0	21.888725	0	14	7	8.370263	1.983664	9.220278	2.314520	0	0
conventional	ce100	8	0	24.079638	0	14	7	2.129065	4.241436	8.136480	9.572657	0	0
holistic	he73	9	0.510493	0.644757	2	2	8	0.644757	0	0	0	0	0
holistic	he74	9	0	0	0	0	0	0	0	0	0	0	0
holistic	he75	9	0.741342	4.252931	2	3	4	0	0	0	4.252931	0	0
conventional	ce101	9	1.148128	24.857983	1	14	7	4.175362	1.797171	10.189394	8.696056	0	0
conventional	ce102	9	0	30.330886	0	14	7	1.391199	9.726701	11.731895	7.481091	0	0
conventional	ce103	9	0	24.458761	0	14	7	7.885206	3.454560	10.808135	2.310860	0	0
conventional	ce104	9	0	16.750771	0	14	7	2.661506	1.114699	8.060691	4.913875	0	0
conventional	ce105	9	0	21.776118	0	14	7	1.249093	8.664002	7.844609	4.018414	0	0
conventional	ce106	9	0	54.173440	0	14	7	3.085237	11.975269	30.169281	8.943653	1.290912	0
conventional	ce107	9	0.439143	46.769271	1	14	7	9.952508	14.168870	9.895078	12.752815	0	0
holistic	he76	10	0.965286	2.298970	2	3	4	0	0	0	2.298970	0	0
conventional	ce108	10	0	25.734746	0	14	7	1.759114	3.295226	15.035878	5.644528	0	0
conventional	ce109	10	0	18.532692	0	14	7	1.542143	7.248433	8.402583	1.339533	0	0
conventional	ce110	10	0	38.969583	0	14	7	5.887487	5.649801	17.114089	10.318206	0	0
conventional	ce111	10	0	20.892160	0	14	7	0.973894	8.050922	6.596928	5.270416	0	0
holistic	he77	11	2.957430	13.933658	4	16	8	0.210636	0	0	13.723022	0	0
holistic	he78	11	0	0	0	0	0	0	0	0	0	0	0
holistic	he79	11	0.194496	3.146575	1	3	4	0	0	0	3.146575	0	0
holistic	he80	11	1.032232	3.414461	2	3	5	0	0	0	3.414461	0	0
conventional	ce112	11	0	40.113292	0	14	7	8.424172	4.051467	17.967499	9.670154	0	0
conventional	ce113	11	0	35.219658	0	14	7	5.568286	0.619584	17.533531	11.498257	0	0
conventional	ce114	11	0	30.617769	0	14	7	10.278831	2.294915	10.452992	7.591031	0	0
conventional	ce115	11	0.656012	22.276316	1	14	7	0.921155	4.141700	6.976265	10.237196	0	0
conventional	ce116	11	0	19.032027	0	14	7	0.197881	5.833083	8.875324	4.125739	0	0
conventional	ce117	11	0	26.370613	0	14	7	3.117490	1.760534	11.343375	10.149214	0	0
holistic	he81	12	0	0	0	0	2	0	0	0	0	0	0
holistic	he82	12	0	0	0	0	2	0	0	0	0	0	0
holistic	he83	12	1.695845	7.601315	2	8	9	0.708789	0	0	6.892526	0	0
holistic	he84	12	2.957430	14.988960	4	16	8	0.210636	0	0	14.778324	0	0
conventional	ce118	12	0	28.413472	0	14	7	7.743680	2.094690	8.010831	10.564271	0	0
conventional	ce119	12	0	33.761080	0	14	7	8.518258	3.704300	16.042570	5.495952	0	0
conventional	ce120	12	0	26.562227	0	14	7	4.675555	5.059925	12.581698	4.245049	0	0
conventional	ce121	12	0	21.750430	0	14	7	9.823560	1.154738	6.373635	4.398497	1.218166	0
holistic	he85	13	0	0	0	0	2	0	0	0	0	0	0
holistic	he86	13	2.064464	10.696588	4	10	8	0	0	0	10.696588	0	0
holistic	he87	13	0	0	0	0	2	0	0	0	0	0	0
holistic	he88	13	3.595504	15.893482	4	16	10	0.210636	0	0	15.682846	0	0
conventional	ce122	13	0	20.465009	0	14	7	0.879942	6.431926	10.882985	2.270156	0	0
conventional	ce123	13	0	30.455046	0	14	7	3.281552	11.603323	4.282737	11.287434	0.319867	0
conventional	ce124	13	0	30.194045	0	14	7	3.573411	1.750687	15.538001	9.331946	0	0
holistic	he89	14	0	0	0	0	2	0	0	0	0	0	0
holistic	he90	14	0.741342	4.908091	2	3	7	0	0	0	4.908091	0	0
holistic	he91	14	1.032232	3.355197	2	4	6	0	0	0	3.355197	0	0
holistic	he92	14	1.032232	6.435871	2	4	6	0	0	0	6.435871	0	0
holistic	he93	14	0	0	0	0	8	0	0	0	0	0	0
holistic	he94	14	1.612410	4.954920	2	4	7	0.052659	0	0	4.902261	0	0
holistic	he95	14	2.957430	13.488864	4	16	8	0.210636	0	0	13.278228	0	0
conventional	ce125	14	0	30.302334	0	14	7	11.935160	3.417043	7.420961	7.529170	0	0
conventional	ce126	14	0	33.538832	0	14	7	6.089024	2.648141	18.519272	6.282395	0	0
holistic	he96	15	0.510493	0.721137	2	2	8	0.721137	0	0	0	0	0
holistic	he97	15	0.741342	5.177040	2	3	7	0	0	0	5.177040	0	0
holistic	he98	15	1.714456	12.334572	4	16	8	0.210636	0	0	12.123936	0	0
holistic	he99	15	1.032232	3.585919	2	3	3	0	0	0	3.585919	0	0
holistic	he100	15	2.064464	18.905190	4	10	8	0	0	0	18.905190	0	0
holistic	he101	15	0	0	0	0	2	0	0	0	0	0	0
holistic	he102	15	0.817205	3.244079	2	3	4	0	0	0	3.244079	0	0.322336
holistic	he103	15	1.420249	3.388043	2	4	7	0.026893	0	0	3.361150	0	0
holistic	he104	15	0	0	0	0	4	0	0	0	0	0	0
holistic	he105	15	0.804603	1.108378	2	3	5	0	0	0	1.108378	0	0
holistic	he106	15	2.957430	14.129212	4	16	8	0.168564	0	0	13.960648	0	0
holistic	he107	15	0.485386	2.614749	1	4	6	0	0	0	2.614749	0	0
conventional	ce127	15	0	38.939073	0	14	7	7.947682	2.091190	19.733166	9.167035	0	0
conventional	ce128	15	0	20.757211	0	14	7	3.023232	0.672503	8.602216	8.459260	0	0
conventional	ce129	15	0	18.459201	0	14	7	2.537581	1.560231	9.410480	4.950909	0	0
conventional	ce130	15	0.597599	19.705107	1	14	7	2.574439	1.476408	12.352752	3.301508	0	0
holistic	he108	16	0	0	0	0	2	0	0	0	0	0	0
holistic	he109	16	1.114473	6.915313	2	4	6	0	0	0	6.915313	0	0
holistic	he110	16	0	0	0	0	0	0	0	0	0	0	1.839066
holistic	he111	16	1.722446	4.567987	2	3	4	0	0	0	4.567987	0	0
holistic	he112	16	0.741342	4.286756	2	3	4	0	0	0	4.286756	0	0
holistic	he113	16	0.999130	5.115535	2	8	8	0.157977	0	0	4.957558	0	0
holistic	he114	16	0.350424	0.350424	2	2	7	0.350424	0	0	0	0	0
holistic	he115	16	2.017638	17.282788	4	12	10	0	0	0	17.282788	0	0
holistic	he116	16	1.538742	5.038069	2	4	8	0.260873	0	0	4.777196	0	0
holistic	he117	16	2.086882	13.031634	4	16	8	0.106004	0	0	12.925630	0	0
holistic	he118	16	0.546846	0.711673	1	3	5	0	0	0	0.711673	0	0
holistic	he119	16	0	0	0	0	4	0	0	0	0	0	0
holistic	he120	16	1.032232	2.849031	2	3	5	0	0	0	2.849031	0	0
holistic	he121	16	0.965286	2.357196	2	3	4	0	0	0	2.357196	0	0
conventional	ce131	16	0	23.223961	0	14	7	0.889325	9.522652	6.265002	6.546982	0	0
conventional	ce132	16	0	25.071370	0	14	7	1.876267	1.160748	13.734607	8.299748	0	0
conventional	ce133	16	0	32.491348	0	14	7	7.510598	2.590895	13.509759	8.880096	0	0
conventional	ce134	16	0	17.499531	0	14	7	0.781963	4.412779	8.382910	3.921879	0	0
holistic	he122	17	0.444492	1.007539	2	2	3	0	0	0	1.007539	0	0
holistic	he123	17	0	0	0	0	6	0	0	0	0	0	0
holistic	he124	17	0	0	0	0	2	0	0	0	0	0	0
holistic	he125	17	0	0	0	0	3	0	0	0	0	0	0
holistic	he126	17	1.612410	5.270955	2	5	7	0.052659	0	0.154186	5.064110	0	0
holistic	he127	17	0.510493	0.644757	2	2	6	0.644757	0	0	0	0	0
holistic	he128	17	1.265331	4.460624	2	4	4	0.075943	0	0	4.384681	0	0
holistic	he129	17	1.187725	3.659039	2	4	6	0	0	0	3.659039	0	0
holistic	he130	17	0.712514	3.128786	2	3	4	0	0	0	3.128786	0	0
holistic	he131	17	1.032232	1.079113	2	3	5	0	0	0	1.079113	0	0
conventional	ce135	17	0	29.168132	0	14	7	2.270935	9.963772	3.621965	13.311460	0.319867	0
conventional	ce136	17	0	34.952482	0	14	7	6.086737	1.794921	14.027528	13.043296	0	0
conventional	ce137	17	0	35.166346	0	14	7	2.242266	8.379230	9.531053	15.013797	0	0
conventional	ce138	17	0.749656	44.872383	1	14	7	10.865621	4.459014	21.592729	7.955019	0	0
conventional	ce139	17	0	22.953741	0	14	7	1.272452	8.699492	8.388881	4.592916	0	0
holistic	he132	18	0.741342	4.553187	2	3	7	0	0	0	4.553187	0	0
holistic	he133	18	2.957430	14.988960	4	16	8	0.210636	0	0	14.778324	0	0
holistic	he134	18	3.288716	23.215616	4	16	8	0.168564	0	0	23.047052	0	0
holistic	he135	18	1.096342	3.197185	2	3	4	0	0	0	3.197185	0	0
holistic	he136	18	0	0	0	0	10	0	0	0	0	0	0
conventional	ce140	18	1.148128	19.033942	1	14	7	2.700148	1.176536	9.088139	6.069119	0	0
conventional	ce141	18	0	27.291272	0	14	7	2.572588	2.659409	13.833349	8.225926	0	0
conventional	ce142	18	0	23.929095	0	14	7	7.422795	3.189005	10.345079	2.972216	0	0
conventional	ce143	18	0	22.775432	0	14	7	2.943354	2.485571	10.133364	7.213143	0	0
conventional	ce144	18	0	26.747769	0	14	7	3.659802	5.668571	11.682335	5.737061	0	0
holistic	he137	19	0.333462	0.750168	1	3	3	0.075943	0	0	0.674225	0	0
holistic	he138	19	1.797752	6.739792	2	8	11	0.157977	0	0	6.581815	0	0
holistic	he139	19	2.205102	13.029280	4	20	16	0.276244	0	0.010544	12.742492	0	0
holistic	he140	19	2.447367	6.150946	2	4	4	0.042141	0	0	6.108805	0	0
holistic	he141	19	0	0	0	0	5	0	0	0	0	0	0
holistic	he142	19	0	0	0	0	0	0	0	0	0	0	0
conventional	ce145	19	0	14.753507	0	14	7	1.791018	1.049630	7.173062	4.739797	0	0
conventional	ce146	19	0	25.031525	0	14	7	1.949171	9.954921	9.546120	3.581313	0	0
conventional	ce147	19	0	19.522017	0	14	7	6.685214	1.676702	7.026841	4.133260	0	0
holistic	he143	20	0.741342	5.861722	2	3	5	0	0	0	5.861722	0	0
holistic	he144	20	1.032232	4.138487	2	3	5	0	0	0	4.138487	0	0
holistic	he145	20	1.478715	3.430849	2	3	3	0.042141	0	0	3.388708	0	0
holistic	he146	20	1.742953	4.657147	2	4	4	0.052659	0	0	4.604488	0	0
holistic	he147	20	0.950338	4.595455	2	2	3	0	0	0	4.595455	0	0
conventional	ce148	20	0	41.100110	0	14	7	7.265587	3.382283	22.408010	8.044230	0	0
holistic	he148	21	0.901192	6.733063	2	4	6	0	0	0	6.733063	0	0
holistic	he149	21	0.418440	1.328716	1	2	3	0	0	0	1.328716	0	0
holistic	he150	21	0.582615	3.901040	2	3	4	0	0	0	3.901040	0	0
holistic	he151	21	1.032232	7.951548	2	4	6	0	0	0	7.951548	0	0
conventional	ce149	21	0	36.709467	0	14	7	6.385760	2.508438	15.552309	12.262960	0.771746	0
conventional	ce150	21	0	24.012757	0	14	7	7.953786	3.794975	9.405921	2.858075	0	0
holistic	he152	22	0.612560	3.126303	2	3	4	0	0	0	3.126303	0	0.322336
conventional	ce151	22	0	33.271287	0	14	7	3.565238	13.529558	5.984940	10.191551	0	0
conventional	ce152	22	0	15.891105	0	14	7	2.690232	0.634265	9.998014	2.568594	0	0
conventional	ce153	22	0.182413	49.502430	1	14	7	10.595945	16.543675	7.775991	14.586819	0	0
holistic	he153	23	2.064464	13.360664	4	10	8	0	0	0	13.360664	0	0
holistic	he154	23	1.987726	5.593604	2	4	8	0.260873	0	0	5.332731	0	0
conventional	ce154	23	0	31.583458	0	14	7	2.237853	11.667436	5.804560	11.873609	0	0
holistic	he155	24	0.890013	3.348659	2	3	3	0	0	0	3.348659	0	0
holistic	he156	24	1.900676	14.479776	4	6	5	0	0	0	14.479776	0	0
holistic	he157	24	1.995411	6.115291	2	4	4	0.075943	0	0	6.039348	0	0
conventional	ce155	24	0	32.626356	0	14	7	5.649184	1.175914	13.245130	12.556128	0	0
conventional	ce156	24	0	24.937593	0	14	7	3.547843	2.176229	7.208118	12.005403	0	0
conventional	ce157	24	0	21.248398	0	14	7	0.393719	8.735951	7.537249	4.581479	0	0
conventional	ce158	24	0	28.639738	0	14	7	4.851587	4.760214	10.754653	8.273284	0	0
conventional	ce159	25	0	27.384789	0	14	7	3.164812	0.493680	13.370695	10.355602	2.280447	0
conventional	ce160	25	0	23.705110	0	14	7	4.376024	3.937180	9.454366	5.937540	0	0
conventional	ce161	25	0	36.954139	0	14	7	7.306416	4.597806	17.745046	7.304871	0	0
conventional	ce162	25	0	32.409668	0	14	7	1.362174	10.349678	11.391372	9.306444	0	0
conventional	ce163	26	0	34.900385	0	14	7	7.427457	2.206951	18.636365	6.629612	0	0
conventional	ce164	26	0	23.546818	0	14	7	2.554037	4.003184	12.447115	4.542482	0	0
conventional	ce165	26	0	34.587309	0	14	7	5.896222	3.589036	18.361887	6.740164	0	0
conventional	ce166	26	0	29.740431	0	14	7	5.203031	8.834748	6.843572	8.859080	0.319867	0
holistic	he158	27	1.538742	7.759164	2	4	8	0.688622	0	0	7.070542	0	0
conventional	ce167	27	0	21.258845	0	14	7	3.773928	1.880720	9.457744	6.146453	0	0
conventional	ce168	27	0	29.293401	0	14	7	8.056368	4.094070	8.320432	8.822531	0	0
conventional	ce169	27	0	34.711448	0	14	7	4.524973	8.396204	6.948125	14.842146	0.319867	0
conventional	ce170	27	0	29.569590	0	14	7	2.668656	0.655979	13.485737	12.759218	0	0
holistic	he159	28	1.242481	4.897378	2	3	5	0	0	0	4.897378	0	0
conventional	ce171	28	0	26.693190	0	14	7	2.035114	2.967068	12.532996	9.158012	0	0
conventional	ce172	28	1.098343	43.552634	1	14	7	10.503952	3.121426	21.925687	8.001569	0	0
conventional	ce173	28	0	30.339065	0	14	7	6.202035	4.183141	9.319505	10.634384	0	0
conventional	ce174	28	0	15.045472	0	14	7	0.907132	2.728112	7.258397	4.151831	0	0
conventional	ce175	28	0	33.007230	0	14	7	5.218447	2.372519	10.320985	15.095279	0.161683	0
holistic	he160	29	0.469347	1.193473	2	3	4	0	0	0	1.193473	0	0
conventional	ce176	29	0	21.115849	0	14	7	0.992265	5.026552	11.957881	3.139151	0	0
conventional	ce177	30	0	34.049080	0	14	7	5.279562	2.970970	15.558743	10.239805	0.771746	0
conventional	ce178	30	0	19.892276	0	14	7	2.943858	2.149806	8.421991	6.376621	0	0
holistic	he161	31	3.566344	16.276370	4	16	8	0.210636	0	0	16.065734	0	0
holistic	he162	31	1.538742	5.847592	2	4	8	0.260873	0	0	5.586719	0	0
conventional	ce179	31	0	39.270761	0	14	7	4.598659	13.360785	6.362498	14.948819	0.319867	0
conventional	ce180	34	0	29.234961	0	14	7	2.971873	0.618631	13.286210	12.358247	0	0
conventional	ce181	34	0	23.314141	0	14	7	2.909149	5.254958	9.975779	5.174255	0	0
conventional	ce182	34	0	32.255490	0	14	7	5.622069	2.577434	16.161311	7.894676	0	0
holistic	he163	36	1.032232	3.906039	2	4	6	0	0	0	3.906039	0	0
conventional	ce183	36	0	16.134045	0	14	7	1.477030	4.223536	7.105272	3.328207	0	0
conventional	ce184	36	0	23.005709	0	14	7	4.789990	3.397097	7.802436	7.016186	0	0
conventional	ce185	36	0	25.835464	0	14	7	2.873187	2.808046	12.019396	8.134835	0	0
conventional	ce186	38	0	34.164607	0	14	7	9.214036	2.249373	12.687982	10.013216	0	0
conventional	ce187	40	0	21.012219	0	14	7	2.863868	5.052383	8.777268	4.318700	0	0
conventional	ce188	41	0	23.407620	0	14	7	2.043992	8.645590	10.195273	2.522765	0	0
conventional	ce189	41	0	19.072268	0	14	7	0.195137	7.819851	5.727410	5.329870	0.215353	0
conventional	ce190	43	0	19.776170	0	14	7	2.319724	1.903547	10.770412	4.782487	0	0
conventional	ce191	44	0	21.577432	0	14	7	2.100992	2.960870	12.904810	3.610760	0	0
conventional	ce192	44	0	31.377208	0	14	7	4.541915	7.761751	7.930997	11.142545	0.319867	0
conventional	ce193	46	0	28.772967	0	14	7	4.312358	1.992920	14.365907	8.101782	0	0
conventional	ce194	46	0	21.915292	0	14	7	8.595728	1.661393	9.615134	2.043037	0	0
conventional	ce195	46	0	16.517738	0	14	7	0.569471	4.568453	5.626436	5.753378	0	0
conventional	ce196	46	0.182413	43.204854	1	14	7	10.793702	16.162829	6.799660	9.448663	0	0
holistic	he164	47	1.612410	4.192056	2	3	6	0.057354	0	0	4.134702	0	0
holistic	he165	47	1.093692	4.020022	2	12	6	0.210636	0	0	3.809386	0	0
conventional	ce197	47	0	45.005911	0	14	7	3.631979	3.546524	18.650832	19.176576	2.767323	0
conventional	ce198	48	0	24.924105	0	14	7	0.909976	9.732912	6.522742	7.758475	0	0
conventional	ce199	48	0	28.325775	0	14	7	0.942913	9.702807	11.260297	6.419758	0	0
conventional	ce200	49	0	26.919100	0	14	7	3.212761	2.687345	11.452839	9.566155	0	0
conventional	ce201	49	0.254832	21.655795	1	14	7	1.465219	8.588745	4.957158	6.644673	0	0
conventional	ce202	50	0	30.832057	0	14	7	3.422538	11.318894	6.457374	9.633251	0.319867	0
conventional	ce203	50	0	24.004539	0	14	7	7.045142	3.476765	8.312171	5.170461	0	0
conventional	ce204	50	0.244280	44.714942	1	14	7	10.911660	4.526250	21.958103	7.318929	0	0
holistic	he166	51	1.208376	3.005181	2	4	6	0	0	0	3.005181	0	0
conventional	ce205	51	0	26.747810	0	14	7	0.747429	9.161010	8.908061	7.931310	0	0
conventional	ce206	51	0	27.901472	0	14	7	7.261399	3.093416	8.790341	8.756316	0	0
conventional	ce207	51	0	26.402688	0	14	7	3.042796	2.806512	13.720871	6.832509	0	0
conventional	ce208	53	0	26.661415	0	14	7	1.991200	4.882786	12.573847	7.213582	0	0
conventional	ce209	53	0	25.493884	0	14	7	9.287101	3.003855	10.504079	2.698849	0	0
conventional	ce210	53	1.098343	21.444089	1	14	7	4.176592	4.852649	8.641395	3.773453	0	0
conventional	ce211	53	0	23.171316	0	14	7	1.225860	5.966709	11.337351	4.641396	0	0
conventional	ce212	54	0	38.638385	0	14	7	4.060994	9.731311	5.471374	19.374706	0.319867	0
conventional	ce213	55	0.593909	34.288197	1	14	7	6.183336	3.277100	17.687976	7.139785	0	0
conventional	ce214	56	0	26.845235	0	14	7	9.536044	2.236755	10.383469	4.688967	1.201957	0
conventional	ce215	57	0	26.874199	0	14	7	8.350121	3.185223	11.659645	3.679210	1.201957	0
conventional	ce216	59	0.254832	30.762488	1	14	7	0.673399	10.091507	10.927585	9.069997	0	0
conventional	ce217	59	0	34.444432	0	14	7	3.311633	12.723523	5.431825	12.977451	0	0
conventional	ce218	62	0	30.888035	0	14	7	2.892726	5.463555	13.310163	9.221591	0	0
conventional	ce219	62	0	12.451285	0	14	7	2.387529	2.243032	4.784898	3.035826	0	0
conventional	ce220	62	0	24.939015	0	14	7	9.579243	2.349858	11.214764	1.795150	1.050070	0
conventional	ce221	62	0	34.444095	0	14	7	4.596360	14.119046	4.965144	10.763545	0	0
conventional	ce222	63	1.098343	41.796682	1	14	7	10.844901	3.446196	22.011874	5.493711	0	0
conventional	ce223	63	0	22.403221	0	14	7	2.726731	1.405858	15.017115	3.253517	0	0
conventional	ce224	63	0	27.469325	0	14	7	3.125166	7.881442	8.978628	7.484089	0.319867	0
conventional	ce225	63	0	25.061309	0	14	7	2.005839	1.861771	14.340413	6.853286	0	0
conventional	ce226	64	0	22.760433	0	14	7	5.804119	4.690811	9.410430	2.855073	0	0
conventional	ce227	64	0	29.223270	0	14	7	2.298423	0.060835	19.960749	6.903263	0	0
conventional	ce228	64	0.749656	27.586560	1	14	7	3.447690	3.281195	15.037240	5.820435	0	0
holistic	he167	65	0.901192	6.161110	2	4	6	0	0	0	6.161110	0	0
holistic	he168	65	1.797752	4.623153	2	4	5	0.014809	0	0	4.608344	0	0
conventional	ce229	65	0	23.237251	0	14	7	2.902911	4.505902	10.042920	5.785518	0.319867	0
conventional	ce230	65	0	25.660804	0	14	7	2.155603	1.200602	13.245330	9.059269	0	0
conventional	ce231	65	0	23.715848	0	14	7	7.635571	4.444783	9.343637	2.291857	0	0
conventional	ce232	66	0	36.808017	0	14	7	4.616849	3.387888	17.020241	11.783039	0.771746	0
conventional	ce233	67	0	26.461284	0	14	7	1.569495	9.732912	6.649127	8.509750	0	0
conventional	ce234	67	0	26.486454	0	14	7	1.835575	3.646224	15.317989	5.686666	1.931142	0
conventional	ce235	67	0	27.508498	0	14	7	4.239876	3.037096	13.488697	6.742829	0	0
holistic	he169	68	0.485386	5.538860	1	4	6	0	0	0	5.538860	0	0
conventional	ce236	68	0.254832	24.031447	1	14	7	1.311706	7.795934	6.700822	8.222985	0	0
holistic	he170	69	1.478715	4.520437	2	4	4	0.042141	0	0	4.478296	0	0
conventional	ce237	69	0	23.734910	0	14	7	1.180775	6.361088	9.872999	6.320048	0	0
conventional	ce238	69	0.778343	47.579178	1	14	7	12.635306	3.713313	23.124344	8.106215	0	0
conventional	ce239	69	0	26.534902	0	14	7	5.470737	6.045203	9.913092	5.105870	0	0
conventional	ce240	69	0.254832	24.332771	1	14	7	2.793213	10.066397	4.869250	6.603911	0	0
holistic	he171	70	2.181902	4.659134	2	3	4	0	0	0	4.659134	0	0
conventional	ce241	70	0	25.216646	0	14	7	3.164812	0.460027	11.347339	10.244468	2.280447	0
conventional	ce242	70	0	23.738423	0	14	7	0.769999	9.328733	6.809514	6.830177	0	0
conventional	ce243	70	0	28.689042	0	14	7	2.291482	10.196113	3.746591	12.454856	0	0
conventional	ce244	70	0	25.647876	0	14	7	1.415854	6.511088	12.748926	4.972008	0	0
holistic	he172	71	1.382366	4.203921	2	4	4	0.056562	0	0	4.147359	0	0
holistic	he173	71	0.741342	5.781057	2	2	4	0	0	0	5.781057	0	0
holistic	he174	71	3.523826	17.546258	4	16	10	0.318492	0	0	17.227766	0	0
conventional	ce245	71	0	27.903397	0	14	7	2.644943	1.676871	16.456192	7.125391	0	0
conventional	ce246	71	0	23.137830	0	14	7	3.881828	3.259858	7.863428	8.132716	0	0
holistic	he175	72	2.043095	6.996891	2	4	4	0.075943	0	0	6.920948	0	0
conventional	ce247	72	0	44.387880	0	14	7	5.351881	7.149327	20.628586	11.258086	0	0
conventional	ce248	72	0	35.846087	0	14	7	4.566125	5.497151	14.942942	10.839869	0	0
conventional	ce249	72	0	25.807849	0	14	7	1.126111	6.252755	15.182130	3.246853	0	0
holistic	he176	73	0.469347	1.581446	2	3	4	0	0	0	1.581446	0	0
holistic	he177	73	1.987726	3.363144	2	4	8	0.260873	0	0	3.102271	0	0
conventional	ce250	73	0	28.005802	0	14	7	0.948789	7.992085	5.308776	13.756152	0.319867	0
holistic	he178	74	0.469347	1.523683	2	3	4	0	0	0	1.523683	0	0
holistic	he179	74	1.538742	8.924828	2	4	8	0.913653	0	0	8.011175	0	0
holistic	he180	74	0	0	0	0	2	0	0	0	0	0	0
holistic	he181	74	0	0	0	0	2	0	0	0	0	0	0
holistic	he182	74	1.802384	30.713474	4	14	12	0	0	0	30.713474	0	0
conventional	ce251	74	0	20.110361	0	14	7	2.055606	4.552368	7.903230	5.599157	0	0
conventional	ce252	74	0	21.569154	0	14	7	2.903786	0.973476	15.781992	1.909900	0	0
holistic	he183	75	1.265331	3.335528	2	4	4	0.516557	0	0	2.818971	0	0
holistic	he184	75	1.237738	5.997950	1	4	4	0.075943	0	0	5.922007	0	0
holistic	he185	75	0	0	0	0	2	0	0	0	0	0	0
holistic	he186	75	0.836200	3.214102	2	4	5	0.115926	0	0	3.098176	0	0
holistic	he187	75	1.242481	4.307238	2	3	5	0	0	0	4.307238	0	0
conventional	ce253	75	0	23.283324	0	14	7	4.382775	2.584920	9.235183	7.080446	0	0
conventional	ce254	75	0	24.348877	0	14	7	1.743085	5.196384	12.558885	4.850523	0	0
holistic	he188	76	3.566344	11.505808	4	16	8	0.210636	0	0	11.295172	0	0
holistic	he189	76	0	0	0	0	2	0	0	0	0	0	0
holistic	he190	76	1.624360	3.400163	2	4	4	0.052659	0	0	3.347504	0	0
holistic	he191	76	1.086292	4.733217	2	3	4	0	0	0	4.733217	0	0
holistic	he192	76	0.741342	6.100389	2	3	5	0	0	0	6.100389	0	0
holistic	he193	76	1.612410	2.866031	2	5	7	0.052659	0	0.154186	2.659186	0	0
holistic	he194	76	2.444888	15.757932	4	16	10	0.318492	0	0	15.439440	0	0
conventional	ce255	76	0	19.767904	0	14	7	1.856390	4.394664	9.612198	3.904652	0	0
conventional	ce256	76	0	26.136969	0	14	7	1.367866	7.939929	8.997032	7.832142	0	0
conventional	ce257	76	0	30.696358	0	14	7	8.442925	6.342464	11.971974	3.938995	0	0
conventional	ce258	76	0	25.314277	0	14	7	4.574079	3.773926	10.215501	6.750771	0	0
conventional	ce259	76	0.254832	21.776636	1	14	7	0.753011	8.327358	8.868602	3.827665	0	0
holistic	he195	77	2.447367	6.551100	2	4	4	0.551999	0	0	5.999101	0	0
holistic	he196	77	0	0	0	0	4	0	0	0	0	0	0
holistic	he197	77	1.307974	8.366052	2	4	8	0.913653	0	0	7.452399	0	0
holistic	he198	77	1.558463	4.125479	2	2	3	0	0	0	4.125479	0	0
holistic	he199	77	1.307080	4.508273	2	4	6	0	0	0	4.508273	0	0
holistic	he200	77	1.680634	5.245910	4	10	5	0	0	0	5.245910	0	0
conventional	ce260	77	0	26.683730	0	14	7	2.256712	1.748482	15.504209	7.174327	0	0
conventional	ce261	77	0	20.583803	0	14	7	2.189817	2.953703	9.244359	6.195924	0	0
conventional	ce262	77	0	23.442845	0	14	7	0.858152	8.784878	6.312537	7.487278	2.280447	0
holistic	he201	78	0.546846	1.662426	1	3	3	0.042141	0	0	1.620285	0	0
holistic	he202	78	0.977717	5.671096	2	3	4	0	0	0	5.671096	0	0
holistic	he203	78	1.196107	4.516383	1	4	4	0.052659	0	0	4.463724	0	0
holistic	he204	78	0.901192	8.775356	2	4	6	0	0	0	8.775356	0	0
holistic	he205	78	2.480536	23.423458	4	16	10	0.099672	0	0	23.323786	0	0
conventional	ce263	78	0	30.589438	0	14	7	10.381069	4.757114	13.140543	2.310712	1.050070	0
conventional	ce264	78	0	35.891640	0	14	7	3.398606	6.437997	18.054035	8.001002	0	0
conventional	ce265	78	0.254832	31.131773	1	14	7	0.722146	10.054909	11.513464	8.841254	0	0
conventional	ce266	78	0	20.275805	0	14	7	2.412066	1.583426	12.622775	3.657538	0	0
conventional	ce267	78	0	45.347061	0	14	7	7.682478	16.892297	9.186010	11.586276	1.690525	0
conventional	ce268	78	0	30.764876	0	14	7	2.478893	7.816484	15.180032	5.289467	0	0
holistic	he206	79	1.783172	3.778230	2	4	4	0.052659	0	0	3.725571	0	0
holistic	he207	79	1.223313	8.318376	2	4	8	0.688622	0	0	7.629754	0	0
holistic	he208	79	1.176112	5.386352	2	4	6	0	0	0	5.386352	0	0
holistic	he209	79	1.224520	3.238000	2	5	6	0	0	0	3.238000	0	0
holistic	he210	79	1.032232	3.228809	2	4	6	0	0	0	3.228809	0	0
conventional	ce269	79	0	33.148660	0	14	7	1.904278	13.326398	8.827813	9.090171	0	0
conventional	ce270	79	0	33.617582	0	14	7	1.383111	8.798511	16.401404	7.034556	0	0
conventional	ce271	79	0	21.125278	0	14	7	1.820350	4.692782	11.232648	3.379498	0	0
conventional	ce272	79	0	37.582477	0	14	7	4.996437	2.067044	19.174534	11.344462	0	0
holistic	he211	80	0	0	0	0	6	0	0	0	0	0	0
holistic	he212	80	3.224820	10.519766	4	20	14	0.210636	0	0.467960	9.841170	0	0
holistic	he213	80	2.064464	17.373416	4	10	8	0	0	0	17.373416	0	0
holistic	he214	80	1.265331	3.799013	2	4	4	0.316701	0	0	3.482312	0	0
holistic	he215	80	1.349252	8.621055	2	4	4	1.802939	0	0	6.818116	0	0
holistic	he216	80	0	0	0	0	8	0	0	0	0	0	0
conventional	ce273	80	0	20.347035	0	14	7	2.969088	3.036283	6.726095	7.615569	0	0
conventional	ce274	80	0	24.375970	0	14	7	2.881445	5.124453	9.960234	6.409838	0	0
conventional	ce275	80	0	35.850575	0	14	7	5.006374	5.487203	15.678108	9.678890	0	0
conventional	ce276	80	0.033204	28.947001	1	14	7	1.919730	8.274861	11.965050	6.787360	0	0
conventional	ce277	80	0	23.912399	0	14	7	1.558875	9.831572	6.683574	5.838378	2.592201	0
holistic	he217	81	1.662714	6.118092	2	4	8	0.242777	0	0	5.875315	0	0
holistic	he218	81	0.485386	6.521463	1	4	6	0	0	0	6.521463	0	0
holistic	he219	81	0.890013	3.659372	2	3	3	0	0	0	3.659372	0	0
holistic	he220	81	1.612410	2.233695	2	5	7	0.052659	0	0.249470	1.931566	0	0
conventional	ce278	81	0.254832	20.846583	1	14	7	0.398497	7.689521	7.019748	5.738817	0	0
conventional	ce279	81	0	34.935107	0	14	7	5.456428	4.206564	15.297209	9.974906	0	0
conventional	ce280	81	0	28.300606	0	14	7	3.366421	2.096582	10.437597	12.400006	0	0
conventional	ce281	81	0	32.986822	0	14	7	7.804667	4.612997	11.585355	8.983803	0	0
holistic	he221	82	0	0	0	0	6	0	0	0	0	0	0
holistic	he222	82	1.761913	6.502228	2	4	5	0.070708	0	0	6.431520	0	0
conventional	ce282	82	0	20.578104	0	14	7	1.426576	5.252933	10.559632	3.338963	0	0
conventional	ce283	82	0	33.084777	0	14	7	4.511646	4.930014	14.399623	9.243494	0.847701	0
conventional	ce284	82	0	25.739827	0	14	7	4.725518	4.243360	9.953951	6.816998	0	0
conventional	ce285	82	0	21.433586	0	14	7	1.843238	3.116638	8.839078	7.634632	0	0
conventional	ce286	82	0.254832	25.791146	1	14	7	2.386633	9.752363	6.485711	7.166439	0	0
holistic	he223	83	1.411585	5.069095	2	3	5	0	0	0	5.069095	0	0
holistic	he224	83	2.077079	7.034098	2	4	8	0.519144	0	0	6.514954	0	0
holistic	he225	83	1.761913	4.878388	2	4	4	0.061828	0	0	4.816560	0	0
holistic	he226	84	0	0	0	0	2	0	0	0	0	0	0
holistic	he227	84	1.906952	4.288556	2	4	4	0.050964	0	0	4.237592	0	0
holistic	he228	84	0.560124	3.563779	2	3	4	0	0	0	3.563779	0	0
holistic	he229	84	3.837340	14.623196	5	17	8	0.845912	0	0	13.777284	0	0
conventional	ce287	84	0	29.364832	0	14	7	1.191940	3.105287	14.683307	10.384298	0	0
conventional	ce288	84	0	28.597829	0	14	7	1.364533	8.784167	13.160548	5.288581	0	0
conventional	ce289	85	0	40.670690	0	14	7	5.340127	3.716463	20.010976	11.603124	0.771746	0
conventional	ce290	85	0.476202	29.428765	1	14	7	6.749419	7.675964	11.409279	3.594103	0	0
conventional	ce291	85	0	21.339229	0	14	7	1.745265	6.865670	6.989815	5.738479	2.788774	0
conventional	ce292	86	0	26.180228	0	14	7	2.853842	2.658906	13.698948	6.968532	0	0
conventional	ce293	86	0	24.928072	0	14	7	1.760585	2.027633	12.684893	8.454961	0	0
holistic	he230	87	0.938694	4.150764	4	6	8	0	0	0	4.150764	0	0
holistic	he231	87	1.382920	3.718189	2	4	4	0.061828	0	0	3.656361	0	0
conventional	ce294	87	0	28.298655	0	14	7	0.680622	9.902830	10.302454	7.412749	0	0
conventional	ce295	87	0.071336	24.598754	1	14	7	2.996947	9.875727	6.765808	4.960272	0	0
conventional	ce296	87	0	26.230902	0	14	7	9.112087	4.181702	9.292098	3.645015	1.050070	0
holistic	he232	88	3.248720	4.816216	4	12	10	0	0	0	4.816216	0	0
holistic	he233	88	2.480536	13.540582	4	16	10	0.099672	0	0	13.440910	0	0
holistic	he234	88	1.325615	3.367379	2	4	4	0.061828	0	0	3.305551	0	0
conventional	ce297	88	0	28.046441	0	14	7	10.893190	5.256450	9.755649	2.141152	1.050070	0
conventional	ce298	88	0	25.793406	0	14	7	8.544668	3.018983	9.579094	4.650661	0	0
conventional	ce299	88	0.004817	23.492393	1	14	7	2.438732	9.821386	4.316425	6.915850	0	0
conventional	ce300	88	0	22.555165	0	14	7	1.066462	5.867045	10.253932	5.367726	0	0
holistic	he235	89	5.349516	17.471553	6	30	10	0.452376	0	0	17.019177	0	0
conventional	ce301	89	1.098343	44.985545	1	14	7	12.298890	4.846564	21.687217	6.152874	2.587058	0
conventional	ce302	89	0.254832	22.614701	1	14	7	1.739353	6.076240	8.259270	6.539838	0	0
conventional	ce303	89	0	35.596454	0	14	7	5.661765	4.082222	15.493967	10.358500	0	0
conventional	ce304	89	0	19.668460	0	14	7	2.968186	3.503569	8.126759	5.069946	1.440258	0
holistic	he236	90	1.612410	1.576836	2	5	7	0.021529	0	0.249470	1.305837	0	0
conventional	ce305	90	0.254832	22.679815	1	14	7	2.329648	10.379585	3.830302	6.140280	0	0
conventional	ce306	90	0	35.880905	0	14	7	7.193990	2.040763	16.982579	9.663573	0	0
conventional	ce307	90	0	17.908222	0	14	7	2.552931	1.606453	8.310634	5.438204	0	0
holistic	he237	91	0	0	0	0	2	0	0	0	0	0	0
holistic	he238	91	1.662714	4.684820	2	4	8	0.242777	0	0	4.442043	0	0
conventional	ce308	91	0.476202	41.796784	1	14	7	5.079209	3.373295	20.490738	12.853542	0	0
conventional	ce309	91	0	23.403884	0	14	7	4.577272	3.230288	8.477739	7.118585	0	0
conventional	ce310	92	0	40.437252	0	14	7	8.593420	2.922306	17.240997	11.680529	0	0
conventional	ce311	93	0.254832	37.353338	1	14	7	1.317339	10.611468	14.450792	10.973739	0	0
conventional	ce312	93	0	36.658955	0	14	7	10.915444	9.269577	12.248269	4.225665	0.084235	0
conventional	ce313	93	0	34.325821	0	14	7	0.530305	9.122975	17.812818	6.859723	0	0
conventional	ce314	94	0	20.575777	0	14	7	2.640048	2.038402	8.326391	7.570936	0	0
conventional	ce315	94	0	27.005312	0	14	7	0.793914	9.366660	7.925766	8.918972	0	0
conventional	ce316	94	0	22.933700	0	14	7	1.252475	10.649978	5.907786	5.123461	0	0
conventional	ce317	94	0.254832	27.417696	1	14	7	4.554762	9.199267	8.377697	5.285970	0	0
conventional	ce318	94	0	20.052273	0	14	7	1.197428	8.576467	6.173986	4.104392	0	0
holistic	he239	95	1.612410	7.750285	2	10	12	0.094144	0	0.406300	7.249841	0	0
conventional	ce319	95	0	26.767184	0	14	7	2.570927	6.640224	12.377427	5.178606	0	0
conventional	ce320	95	0	26.113235	0	14	7	8.644294	2.331303	12.786258	2.351380	1.201957	0
holistic	he240	96	1.662714	4.801544	2	4	8	0.242777	0	0	4.558767	0	0
conventional	ce321	96	0	29.902020	0	14	7	8.841110	3.119998	13.099007	4.841905	1.201957	0
conventional	ce322	96	0.296247	25.730740	1	14	7	2.123434	9.487421	6.441612	7.678273	0	0
conventional	ce323	96	0	36.386111	0	14	7	1.383111	10.749695	17.382769	6.870536	0	0
holistic	he241	98	1.176112	6.933842	2	4	6	0	0	0	6.933842	0	0
conventional	ce324	98	0	27.396787	0	14	7	2.102114	3.907437	15.531768	5.855468	0	0
holistic	he242	99	0	0	0	0	2	0	0	0	0	0	0
conventional	ce325	99	0	32.012355	0	14	7	6.163122	4.064906	11.892061	9.892266	0	0
conventional	ce326	99	0	25.290761	0	14	7	1.713948	2.364759	13.494110	7.717944	0	0
conventional	ce327	100	1.098343	47.425573	1	14	7	11.525227	3.090499	25.969888	6.839959	0	0
conventional	ce328	101	0.254832	30.119246	1	14	7	2.042886	8.109676	10.027560	9.939124	0	0
holistic	he243	103	1.701478	3.874438	2	4	8	0.242777	0	0	3.631661	0	0
conventional	ce329	103	0	38.450918	0	14	7	4.360193	5.247677	18.612265	10.230783	0	0
conventional	ce330	103	0	30.873079	0	14	7	10.876918	4.358525	13.566594	2.071042	1.050070	0
holistic	he244	107	1.624360	4.946340	2	4	10	0.570386	0	0	4.375954	0	0
conventional	ce331	107	0	28.939067	0	14	7	14.472397	3.131952	9.291810	2.042908	0	0
conventional	ce332	108	0.058686	18.333596	1	14	7	1.369459	5.299663	6.312037	5.352437	0	0
conventional	ce333	108	0	33.237966	0	14	7	6.411469	4.493508	13.343563	8.989426	0	0
conventional	ce334	109	0	29.287920	0	14	7	2.643374	3.708163	14.130973	8.805410	0	0
conventional	ce335	109	0	25.024162	0	14	7	4.551372	3.581044	14.212565	2.679181	0	0
conventional	ce336	110	0	17.999344	0	14	7	1.293413	8.157713	5.916708	2.631510	0	0
conventional	ce337	110	0	24.513236	0	14	7	0.240204	10.509977	8.782952	4.980103	0	0
holistic	he245	111	0	0	0	0	1	0	0	0	0	0	0
conventional	ce338	111	0	19.269406	0	14	7	0.904291	6.477871	7.900890	3.986354	0.169456	0
conventional	ce339	112	0	45.906702	0	14	7	5.836377	7.881975	19.753359	12.434991	0	0
conventional	ce340	113	0	46.700863	0	14	7	4.558183	9.408595	22.563224	10.170861	0	0
conventional	ce341	113	0	33.141466	0	14	7	9.983097	3.471278	16.809007	2.878084	0	0
conventional	ce342	113	0	27.397729	0	14	7	9.468311	3.319801	11.594080	3.015537	1.201957	0
conventional	ce343	113	0	33.632683	0	14	7	17.529600	3.849624	10.412404	1.841055	0	0
holistic	he246	115	1.783172	2.453473	2	4	4	0.143729	0	0	2.309744	0	0
conventional	ce344	115	0.254832	18.465574	1	14	7	1.472961	2.627586	9.719566	4.645461	0	0
conventional	ce345	116	0	42.011466	0	14	7	6.333802	3.106154	21.918471	10.653039	0	0
conventional	ce346	116	0	38.726355	0	14	7	6.406696	2.602448	18.076296	11.640915	0.739245	0
conventional	ce347	116	0	37.457120	0	14	7	2.170063	6.145823	17.955576	11.185658	0	0
conventional	ce348	117	1.407282	38.801565	1	14	7	7.759602	2.204091	22.225736	6.612136	0	0
conventional	ce349	118	0	26.576323	0	14	7	9.512465	3.700516	11.116118	2.247224	0.987117	0
conventional	ce350	118	1.098343	45.295873	1	14	7	13.838324	6.989744	16.935457	7.532348	0.211509	0
conventional	ce351	119	0	24.892115	0	14	7	1.906730	8.184883	7.045826	7.754676	0	0
conventional	ce352	119	0	25.781079	0	14	7	1.087263	9.743474	9.179019	5.771323	0	0
conventional	ce353	119	0	34.646417	0	14	7	0.767501	6.330458	19.978275	7.570183	0	0
conventional	ce354	119	0	17.571382	0	14	7	2.302710	3.647276	6.840906	4.780490	0	0
conventional	ce355	120	0	32.449061	0	14	7	17.412981	2.385565	10.325662	2.324853	0	0
conventional	ce356	120	0	34.371906	0	14	7	6.348937	2.490134	18.071924	7.460911	0	0
conventional	ce357	121	0	26.586598	0	14	7	2.467442	1.757905	12.653009	9.708242	0	0
conventional	ce358	121	0	31.172130	0	14	7	2.571153	9.127767	15.224550	4.248660	0	0
conventional	ce359	123	0	31.810905	0	14	7	2.774115	7.511409	14.842976	6.682405	0	0
conventional	ce360	123	0	22.715125	0	14	7	0.501022	4.440004	11.324888	6.449211	0	0
conventional	ce361	123	0	28.522007	0	14	7	11.445440	1.565836	11.829068	3.681663	0.987117	0
conventional	ce362	123	0	26.926754	0	14	7	3.389484	4.087764	13.388403	6.061103	1.931142	0
conventional	ce363	124	0	28.468033	0	14	7	7.503996	2.722122	14.029178	4.212737	1.201957	0
holistic	he247	125	1.411585	5.017319	2	3	5	0	0	0	5.017319	0	0
conventional	ce364	125	0	47.835964	0	14	7	5.280097	4.087108	23.681558	14.787201	0	0
conventional	ce365	125	0	37.490396	0	14	7	3.432972	6.395795	20.384892	7.276737	0	0
conventional	ce366	126	0	46.170498	0	14	7	5.166386	6.994773	22.378937	11.630402	0	0
conventional	ce367	126	0	31.857062	0	14	7	9.582695	5.627610	14.512463	2.134294	1.050070	0
conventional	ce368	126	0	29.743715	0	14	7	4.454104	5.300143	11.179552	8.809916	1.614355	0
conventional	ce369	127	0	30.936201	0	14	7	3.879085	4.932803	12.969060	9.155253	0	0
conventional	ce370	127	0	20.012345	0	14	7	0.779912	6.592052	4.793401	7.846980	2.280447	0
conventional	ce371	127	0	22.801109	0	14	7	1.151093	9.369481	7.986164	4.294371	0	0
holistic	he248	128	1.382920	3.316756	2	4	4	0.034063	0	0	3.282693	0	0
conventional	ce372	128	0	31.067671	0	14	7	2.521950	13.797615	10.107210	4.640896	0	0
conventional	ce373	128	0	28.619428	0	14	7	2.126678	9.403403	13.641228	3.448119	0	0
holistic	he249	129	1.558463	3.772429	2	2	3	0	0	0	3.772429	0	0
conventional	ce374	129	0	30.566049	0	14	7	8.712541	4.429607	13.758028	3.665873	0	0
conventional	ce375	129	0	27.056464	0	14	7	8.968435	4.382613	11.894644	1.810772	0.772131	0
holistic	he250	130	1.560300	24.273130	4	12	14	1.147454	0	0	23.125676	0	0
conventional	ce376	130	0	33.344327	0	14	7	1.954401	9.965390	14.373542	7.050994	0	0
conventional	ce377	130	0.476202	31.435953	1	14	7	6.192383	5.693479	13.965562	5.584529	0	0
conventional	ce378	130	0	22.557074	0	14	7	3.548473	3.259858	7.395293	8.353450	0.996323	0
holistic	he251	131	1.409058	2.001618	2	4	6	0	0	0	2.001618	0	0
holistic	he252	131	1.294910	4.404956	2	8	11	0.074754	0	0	4.330202	0	0
holistic	he253	131	0.469347	1.086136	2	3	5	0	0	0	1.086136	0	0
conventional	ce379	131	0.276489	19.743545	1	14	7	1.949393	1.669957	11.822383	4.301812	0	0
conventional	ce380	131	1.098343	46.092168	1	14	7	10.205501	3.361178	23.657507	8.867982	0	0
holistic	he254	132	0.546846	3.910954	1	3	5	0	0	0	3.910954	0	0
conventional	ce381	132	0.004817	28.423911	1	14	7	4.151934	12.155304	4.133990	7.982683	0	0
conventional	ce382	132	0	25.357995	0	14	7	1.844713	11.595249	5.058979	6.859054	0	0
holistic	he255	133	5.112904	17.058644	5	17	14	0.845912	0	0	16.212732	0	0
holistic	he256	133	1.196107	3.667202	1	3	3	0.052659	0	0	3.614543	0	0
conventional	ce383	133	0	34.454779	0	14	7	4.402592	5.549360	15.370230	9.132597	0	0
holistic	he257	134	1.382920	3.105488	2	3	4	0	0	0	3.105488	0	0
holistic	he258	134	0	0	0	0	2	0	0	0	0	0	0
holistic	he259	134	1.662714	5.410167	2	5	7	0.126719	0	0.410998	4.872450	0	0
conventional	ce384	134	0	30.801247	0	14	7	5.594466	4.661479	11.243007	9.302295	0	0
conventional	ce385	134	0	31.720326	0	14	7	4.030985	5.803625	13.595630	8.290086	0	0
holistic	he260	135	1.307080	3.346683	2	4	6	0	0	0	3.346683	0	0
holistic	he261	135	3.566344	9.986780	4	16	8	0.260580	0	0	9.726200	0	0
holistic	he262	135	1.919853	4.816659	2	4	8	0.242777	0	0	4.573882	0	0
holistic	he263	135	1.176112	7.378153	2	4	6	0	0	0	7.378153	0	0
holistic	he264	135	1.411585	4.523298	2	3	5	0	0	0	4.523298	0	0
conventional	ce386	135	0	19.131917	0	14	7	2.266155	1.529527	9.199825	6.136410	0	0
holistic	he265	136	3.402956	21.290250	4	16	16	1.143844	0	0	20.146406	0	0
holistic	he266	136	1.175510	2.985264	1	3	3	0.431159	0	0	2.554105	0	0
holistic	he267	136	0.560124	3.672264	2	3	4	0	0	0	3.672264	0	0
holistic	he268	136	1.411585	5.372253	2	3	5	0	0	0	5.372253	0	0
holistic	he269	136	1.783172	3.231721	2	3	3	0.116435	0	0	3.115286	0	0
holistic	he270	136	1.382920	3.343814	2	3	4	0	0	0	3.343814	0	0
conventional	ce387	136	0	33.162519	0	14	7	18.963531	0.585364	10.674976	2.938648	0	0
conventional	ce388	136	0	33.257804	0	14	7	1.050664	9.897266	18.359359	3.950515	0	0
conventional	ce389	136	0	33.960018	0	14	7	9.975290	6.044301	15.763979	2.176448	1.050070	0
conventional	ce390	136	0.889498	23.162866	1	14	7	0.886984	8.309893	5.184471	8.781518	0	0
conventional	ce391	136	0.774950	28.811752	1	14	7	6.858677	6.688086	12.313600	2.951389	0	0
conventional	ce392	136	0	24.871055	0	14	7	2.060301	9.403458	8.261224	5.146072	0.701767	0
holistic	he271	137	2.298975	10.040004	2	4	8	0.688622	0	0	9.351382	0	0
holistic	he272	137	7.163884	64.820920	8	68	28	2.027504	0	1.520024	61.273392	0	0
holistic	he273	137	0.901192	9.559195	2	4	6	0	0	0	9.559195	0	0
holistic	he274	137	1.382920	3.202020	2	4	4	0.035422	0	0	3.166598	0	0
holistic	he275	137	2.480536	12.240436	4	16	10	0.210420	0	0	12.030016	0	0
holistic	he276	137	4.637692	10.445741	4	12	10	0.950103	0	0	9.495638	0	0
conventional	ce393	137	0.276489	19.818292	1	14	7	2.659821	1.301381	10.444404	5.412686	0	0
conventional	ce394	137	0	30.830534	0	14	7	6.189754	6.930348	14.282910	3.427522	2.737686	0
holistic	he277	138	2.252208	11.799662	4	12	10	0	0	0	11.799662	0	0
holistic	he278	138	1.662714	5.200466	2	4	8	0.242777	0	0	4.957689	0	0
holistic	he279	138	3.325428	20.378502	4	18	16	1.551300	0	0.317446	18.509756	0	0
holistic	he280	138	3.224820	12.369546	4	20	16	0.210636	0	2.457792	9.701118	0	0
holistic	he281	138	0.157749	6.101042	1	4	8	0.688622	0	0	5.412420	0	0
holistic	he282	138	1.328671	5.331577	2	5	7	0.126719	0	0.452612	4.752246	0	0
conventional	ce395	138	0.774950	28.538489	1	14	7	7.435041	5.943862	11.981397	3.178189	0	0
conventional	ce396	138	0	30.394160	0	14	7	3.404803	1.130378	15.020334	10.838645	0	0
conventional	ce397	138	0	33.029561	0	14	7	6.552423	4.468541	11.594134	10.414463	0	0
holistic	he283	139	2.064464	17.373416	4	10	8	0	0	0	17.373416	0	0
holistic	he284	139	1.612410	2.781012	2	5	7	0.052659	0	0.116990	2.611363	0	0
holistic	he285	139	1.545726	6.643602	2	4	4	0.049478	0	0	6.594124	0	0
holistic	he286	139	2.077079	7.545350	2	4	8	0.519144	0	0	7.026206	0	0
holistic	he287	139	0.890013	7.303808	2	3	3	0	0	0	7.303808	0	0
holistic	he288	139	2.480536	5.525902	4	8	6	0	0	0	5.525902	0	0
conventional	ce398	139	0	27.106738	0	14	7	2.126366	2.116323	13.482351	9.381698	0	0
conventional	ce399	139	0.774950	30.569719	1	14	7	8.570627	5.402991	13.854850	2.741251	0	0
conventional	ce400	139	0	51.843209	0	14	7	5.940305	4.800152	26.964018	14.138734	0	0
conventional	ce401	139	0	18.678145	0	14	7	1.133337	7.168462	7.449637	2.926709	0	0
holistic	he289	140	1.612410	2.911864	2	8	12	0.010125	0	0.104478	2.797261	0	0
holistic	he290	140	1.411585	4.607452	2	3	5	0	0	0	4.607452	0	0
holistic	he291	140	1.382920	3.069815	2	4	4	0.061828	0	0	3.007987	0	0
holistic	he292	140	1.624360	5.492926	2	4	10	0.570386	0	0	4.922540	0	0
conventional	ce402	140	0	30.000661	0	14	7	9.591505	3.619885	12.680102	4.109169	0.703514	0
conventional	ce403	140	0	34.633676	0	14	7	4.664148	6.406093	19.263192	4.300243	0	0
conventional	ce404	140	0	41.029937	0	14	7	7.026329	5.862293	16.475714	11.665601	0	0
conventional	ce405	140	0	25.867185	0	14	7	0.634634	8.181012	8.079802	8.971737	0	0
holistic	he293	141	1.985845	4.041585	2	2	3	0	0	0	4.041585	0	0
holistic	he294	141	1.382920	2.167251	2	3	4	0	0	0	2.167251	0	0
holistic	he295	141	1.662714	4.375246	2	4	8	0.242777	0	0	4.132469	0	0
holistic	he296	141	3.031284	26.684952	4	18	14	0.506876	0	2.258158	23.919918	0	0
holistic	he297	141	1.382920	4.615304	2	4	4	0.061828	0	0	4.553476	0	0
holistic	he298	141	5.349516	16.318788	6	30	10	0.452376	0	0	15.866412	0	0
conventional	ce406	141	0	22.591765	0	14	7	1.557407	8.800346	5.856865	6.377147	0	0
conventional	ce407	141	0	24.448794	0	14	7	0.816342	10.212753	7.286717	6.132982	0	0
conventional	ce408	141	0	26.431357	0	14	7	1.062737	9.475025	10.562181	5.331414	0	0
conventional	ce409	141	0	28.611480	0	14	7	1.345199	9.266472	10.512918	7.486891	0	0
holistic	he299	142	2.064464	17.979286	4	10	8	0	0	0	17.979286	0	0
holistic	he300	142	0	0	0	0	2	0	0	0	0	0	0
holistic	he301	142	5.349516	14.046321	6	30	10	0.452376	0	0	13.593945	0	0
conventional	ce410	142	0	28.565125	0	14	7	8.135688	5.116167	13.309431	2.003839	0.772131	0
conventional	ce411	142	0	18.292595	0	14	7	3.299632	0.893030	8.136591	5.963342	0	0
conventional	ce412	142	0	37.978658	0	14	7	5.595210	4.494001	16.603934	11.285513	0	0
conventional	ce413	142	0	26.094218	0	14	7	2.039966	6.101948	9.779840	8.172464	0	0
conventional	ce414	142	0	28.435494	0	14	7	2.990889	7.399364	12.938189	5.107052	0	0
conventional	ce415	142	0	26.603058	0	14	7	0.226688	7.923914	11.694499	6.757957	0	0
holistic	he302	143	1.848632	2.568511	2	4	4	0.113887	0	0	2.454624	0	0
holistic	he303	143	1.545726	7.675289	2	4	4	0.068965	0	0	7.606324	0	0
holistic	he304	143	2.072689	4.496062	2	2	2	0	0	0	4.496062	0	0
holistic	he305	143	3.439224	14.581250	4	16	10	0.099672	0	0	14.481578	0	0
conventional	ce416	143	0.096409	41.547298	1	14	7	5.282750	3.808093	19.804233	12.652222	0.771746	0
conventional	ce417	143	0	25.707108	0	14	7	1.247948	9.716311	9.992089	4.750760	0	0
conventional	ce418	143	0	17.727653	0	14	7	6.232652	2.667358	6.846337	1.981306	0.987117	0
conventional	ce419	143	0	34.326825	0	14	7	10.875539	1.745670	16.095291	5.610325	1.674733	0
holistic	he306	144	1.328221	3.452117	2	2	2	0	0	0	3.452117	0	0
holistic	he307	144	1.182946	5.510619	2	5	7	0.126719	0	0.452612	4.931288	0	0
holistic	he308	144	1.624360	4.251235	2	4	4	0.200563	0	0	4.050672	0	0
holistic	he309	144	1.382920	2.536314	2	3	4	0	0	0	2.536314	0	0
conventional	ce420	144	0	15.506793	0	14	7	0.939776	0.973819	6.404546	7.188652	1.931142	0
conventional	ce421	144	0	32.336905	0	14	7	3.782109	4.847209	13.753102	9.954485	0	0
conventional	ce422	144	0	27.029734	0	14	7	0.250375	11.069829	10.590036	5.119494	0.616598	0
conventional	ce423	144	0	17.430367	0	14	7	3.188138	2.205170	7.681715	4.355344	0	0
conventional	ce424	144	0.004817	24.919431	1	14	7	2.352593	10.373538	4.020608	8.172692	0	0
holistic	he310	145	3.839706	11.888228	4	12	14	0.485554	0	0	11.402674	0	0
conventional	ce425	145	0	24.076011	0	14	7	1.991983	4.116647	10.001928	7.965453	1.931142	0
conventional	ce426	145	0.662483	25.024802	1	14	7	2.277110	9.843747	4.576993	8.326952	0	0
conventional	ce427	145	0.389688	21.076021	1	14	7	1.184696	5.431187	8.585976	5.874162	0	0
holistic	he311	146	3.399486	10.032526	4	12	6	0.068126	0	0	9.964400	0	0
conventional	ce428	146	0	29.954510	0	14	7	9.134185	4.635920	12.058296	4.126109	1.016141	0
conventional	ce429	146	0.662483	27.263840	1	14	7	1.840580	8.891624	7.071791	9.459845	0	0
holistic	he312	147	3.402956	9.627786	4	16	16	0.860300	0	0	8.767486	0	0
holistic	he313	147	1.382920	2.156322	2	4	6	0	0	0	2.156322	0	0
holistic	he314	147	0	0	0	0	1	0	0	0	0	0	0
conventional	ce430	147	0	23.357917	0	14	7	0.793078	7.213511	6.816857	8.534471	0	0
conventional	ce431	147	0	30.070318	0	14	7	3.588263	2.898467	16.188403	7.395185	0	0
conventional	ce432	147	0	30.732406	0	14	7	9.769763	3.196339	12.346131	5.420173	1.201957	0
conventional	ce433	147	0	20.861717	0	14	7	0.385660	8.686171	7.443780	4.346106	0	0
conventional	ce434	147	0	30.156050	0	14	7	2.078809	13.183003	10.039936	4.854302	0	0
holistic	he315	148	5.759559	23.357259	6	30	22	1.456662	0	0	21.900597	0	0
holistic	he316	148	1.701478	3.105322	2	4	8	0.215075	0	0	2.890247	0	0
holistic	he317	148	1.783172	3.665788	2	4	7	0.211578	0	0	3.454210	0	0
conventional	ce435	148	0	32.897750	0	14	7	10.133877	5.277312	15.448436	2.038125	0.741482	0
conventional	ce436	148	0.254832	24.918915	1	14	7	2.586806	6.876608	9.311418	6.144083	0	0
holistic	he318	149	3.439224	15.827020	4	16	10	0.099672	0	0	15.727348	0	0
conventional	ce437	149	0	33.562058	0	14	7	2.092819	13.423185	13.878501	4.167553	0	0
conventional	ce438	149	1.155780	44.792865	2	14	7	10.291551	2.901521	25.162169	6.437624	0	0
conventional	ce439	149	0	32.418609	0	14	7	15.822070	2.432123	10.898519	3.265897	0	0
holistic	he319	150	2.252208	3.735674	4	12	10	0	0	0	3.735674	0	0
conventional	ce440	150	0	22.019901	0	14	7	1.486996	7.684536	9.424901	3.423468	0	0
conventional	ce441	150	0	27.383327	0	14	7	3.276294	11.196893	7.836501	5.073639	0	0
conventional	ce442	150	0	20.793641	0	14	7	2.327019	2.479242	10.186525	5.800855	0	0
conventional	ce443	150	0.276489	23.730055	1	14	7	2.883898	1.876928	12.188422	6.780807	0	0
holistic	he320	151	0	0	0	0	10	0	0	0	0	0	0
holistic	he321	151	1.662714	5.425321	2	4	8	0.242777	0	0	5.182544	0	0
conventional	ce444	151	0	45.528090	0	14	7	15.244027	8.322955	18.926950	3.034158	1.050070	0
conventional	ce445	151	0.036470	36.016757	1	14	7	1.916712	14.203124	13.337522	6.559399	0	0
holistic	he322	152	3.091452	17.568836	4	12	6	0.137930	0	0	17.430906	0	0
conventional	ce446	152	0	49.804333	0	14	7	5.921900	7.546792	23.800448	12.535193	0	0
conventional	ce447	153	0	31.991156	0	14	7	5.710938	3.644037	17.572284	5.063897	0	0
conventional	ce448	153	0	27.244256	0	14	7	6.761889	4.590964	12.077273	3.814130	0	0
holistic	he323	154	1.032232	9.851847	2	5	8	0	0	0	9.851847	0	0
conventional	ce449	154	0	28.718155	0	14	7	3.419465	4.057771	11.487350	9.753569	0	0
conventional	ce450	154	0	23.304632	0	14	7	2.530667	5.647832	10.439847	4.686286	0	0
conventional	ce451	154	0	25.456137	0	14	7	0.643035	9.200357	10.055072	5.557673	0	0
conventional	ce452	154	1.141489	27.445564	1	14	7	1.535473	4.292306	17.884184	3.733601	0	0
conventional	ce453	154	0	33.545460	0	14	7	10.793560	3.883600	13.144366	5.723934	1.201957	0
conventional	ce454	154	0	27.277927	0	14	7	0.489364	8.303476	9.609113	8.875974	0.772131	0
holistic	he324	155	1.175510	2.997754	1	3	3	0.433952	0	0	2.563802	0	0
conventional	ce455	155	0.443514	32.644256	1	14	7	9.318949	4.002057	14.752904	4.570346	1.201957	0
conventional	ce456	155	0	23.345333	0	14	7	0.530064	9.630733	9.401283	3.783253	0	0
conventional	ce457	155	0	31.854127	0	14	7	9.422952	5.630701	12.580403	4.220071	1.712224	0
holistic	he325	156	1.624360	4.702880	2	4	4	0.570386	0	0	4.132494	0	0
holistic	he326	156	0.890013	3.776435	2	2	2	0	0	0	3.776435	0	0
conventional	ce458	156	0	24.467821	0	14	7	2.536936	5.915019	11.026201	4.989665	0	0
conventional	ce459	156	0.774950	27.490706	1	14	7	7.193649	6.849390	9.919664	3.528003	0	0
conventional	ce460	156	1.458321	24.474002	1	14	7	0.846213	7.869026	5.719850	10.038913	0	0
holistic	he327	158	4.128800	12.489096	4	12	14	0.485554	0	0	12.003542	0	0
conventional	ce461	158	0.856670	31.747748	1	14	7	3.613195	3.326428	15.652832	9.155293	0	0
conventional	ce462	158	0	18.704454	0	14	7	1.422628	6.944859	7.496376	2.840591	0	0
conventional	ce463	158	0	30.132421	0	14	7	6.229833	6.326167	13.076160	4.500261	0	0
conventional	ce464	159	0	33.605184	0	14	7	11.029598	5.043649	14.976653	2.555284	1.050070	0
conventional	ce465	160	0	29.139668	0	14	7	1.202061	12.186656	11.979026	3.771925	0.444260	0
holistic	he328	163	0	0	0	0	1	0	0	0	0	0	0
conventional	ce466	163	0	36.914305	0	14	7	11.807227	8.198784	12.741998	4.166296	1.516996	0
conventional	ce467	164	0	33.310869	0	14	7	9.137966	6.608566	15.404053	2.160284	0.741482	0
conventional	ce468	166	0	34.093147	0	14	7	6.060902	2.613216	18.854800	6.564229	0	0
conventional	ce469	166	1.702397	18.568727	1	14	7	0.368434	4.544062	3.339643	10.316588	0	0
holistic	he329	167	0.560124	3.668722	2	3	4	0	0	0	3.668722	0	0
holistic	he330	167	0	0	0	0	2	0	0	0	0	0	0
conventional	ce470	167	0	34.426538	0	14	7	5.513338	3.858106	19.392342	5.662752	0	0
conventional	ce471	167	0	33.893265	0	14	7	5.778561	2.492471	16.886943	8.735290	0	0
conventional	ce472	168	0	32.836314	0	14	7	10.942525	4.937476	13.237138	3.719175	1.050070	0
conventional	ce473	170	0	32.037635	0	14	7	2.083934	5.159190	18.610803	6.183708	0	0
conventional	ce474	170	0	37.463209	0	14	7	4.307191	5.392986	17.005192	10.757840	0.593328	0
holistic	he331	171	2.064464	16.907290	4	10	14	0	0	0	16.907290	0	0
holistic	he332	171	2.930934	0.652183	2	3	4	0	0	0	0.652183	0	0
conventional	ce475	171	0	33.196840	0	14	7	1.849842	13.427307	11.311839	6.607852	0	0
conventional	ce476	173	0	25.792066	0	14	7	1.910327	9.055645	11.298006	3.528088	0.987117	0
conventional	ce477	173	0.208701	26.371911	1	14	7	2.084917	4.553618	13.735846	5.997530	0	0
conventional	ce478	173	0	30.451252	0	14	7	11.022849	3.398757	10.693954	5.335692	1.368269	0
holistic	he333	174	0	0	0	0	7	0	0	0	0	0	0
holistic	he334	175	1.528352	3.664626	1	3	6	0.514013	0	0	3.150613	0	0
holistic	he335	175	1.662714	3.331802	2	3	8	0	0	0	3.331802	0	0
conventional	ce479	175	0	22.639721	0	14	7	1.528846	7.989724	8.958094	4.163057	0	0
conventional	ce480	176	0	38.050520	0	14	7	5.446013	6.021391	14.197187	12.385929	0	0
conventional	ce481	177	0	30.125939	0	14	7	3.106983	2.738227	13.572275	10.708454	0	0
holistic	he336	178	1.083836	6.121237	2	4	4	0.126725	0	0	5.994512	0	0
conventional	ce482	178	0	43.587200	0	14	7	11.923971	5.385989	22.557171	3.720069	0.041346	0
holistic	he337	179	1.328671	5.454244	2	4	7	0	0	0.474648	4.979596	0	0
conventional	ce483	179	0	29.561095	0	14	7	1.810146	8.099618	12.447053	7.204278	0	0
conventional	ce484	180	0	29.586684	0	14	7	5.796666	7.008031	11.328820	5.453167	0	0
conventional	ce485	180	0.889498	25.107485	1	14	7	0.948187	8.478140	5.040206	10.640952	0	0
conventional	ce486	180	0.208701	25.832115	1	14	7	2.398316	4.629776	13.387228	5.416795	0	0
conventional	ce487	181	0.208701	18.873968	1	14	7	2.313699	2.943530	9.272271	4.344468	0	0
conventional	ce488	181	0.856670	30.966648	1	14	7	4.998888	1.960855	16.375461	7.631444	0	0
conventional	ce489	181	0	28.956336	0	14	7	8.711844	5.549876	12.762745	1.931871	0	0
conventional	ce490	181	0	30.934958	0	14	7	3.481744	2.623362	17.729074	7.100778	0	0
conventional	ce491	183	0	29.823667	0	14	7	5.029641	6.047275	13.819007	4.927744	0	0
conventional	ce492	183	0	32.069345	0	14	7	9.269003	4.773164	15.504362	2.522816	1.380078	0
conventional	ce493	183	0	26.703438	0	14	7	2.622455	6.437620	11.810001	5.833362	0	0
holistic	he338	185	2.737592	22.099444	4	16	10	0.129196	0	0	21.970248	0	0
conventional	ce494	186	0	25.162920	0	14	7	7.561474	5.331158	8.681416	3.588872	0	0
conventional	ce495	186	0	23.181064	0	14	7	2.427599	3.480914	12.358301	4.914250	0	0
conventional	ce496	187	0	22.528013	0	14	7	0.844158	6.405012	6.201935	9.076908	0	0
conventional	ce497	187	0	25.170311	0	14	7	0.940181	3.792176	14.060650	6.377304	0	0
conventional	ce498	187	0	31.950737	0	14	7	10.896404	4.222683	14.174368	2.657282	1.050070	0
holistic	he339	188	0.901192	9.101918	2	4	6	0	0	0	9.101918	0	0
conventional	ce499	188	0	31.311892	0	14	7	1.744169	12.420559	12.343595	4.803569	0	0
conventional	ce500	188	0	27.005309	0	14	7	0.568299	10.987844	11.166404	4.282762	0	0
conventional	ce501	188	1.702397	24.538273	1	14	7	0.488552	6.919989	5.286955	11.842777	0	0
holistic	he340	189	1.382920	3.779568	2	4	4	0.155858	0	0	3.623710	0	0
holistic	he341	189	1.382920	3.024980	2	3	4	0	0	0	3.024980	0	0
conventional	ce502	189	0	38.819429	0	14	7	11.584903	7.974350	16.832919	2.427257	1.050070	0
conventional	ce503	189	1.458321	20.350850	1	14	7	3.614940	1.380517	8.685277	6.670116	0	0
conventional	ce504	190	0	33.758967	0	14	7	2.988408	5.900333	17.376342	7.493884	0	0
conventional	ce505	190	1.984207	19.826699	1	14	7	0.157418	4.222565	4.255308	11.191408	0	0
conventional	ce506	190	0.193921	19.128388	1	14	7	2.589781	3.097580	10.654203	2.786824	0	0
conventional	ce507	190	0.642184	32.851645	1	14	7	4.147144	2.787222	17.487235	8.430044	0	0
holistic	he342	191	3.402956	10.677694	4	10	16	0	0	0	10.677694	0	0
conventional	ce508	191	0	24.789408	0	14	7	1.658144	7.490686	10.042813	5.597765	0	0
conventional	ce509	191	0	32.570760	0	14	7	6.766670	2.672260	15.284736	7.847094	0	0
conventional	ce510	193	1.328071	29.940007	1	14	7	1.753597	6.177196	18.893042	3.116172	0	0
holistic	he343	194	0.758842	2.865474	1	3	3	0.605604	0	0	2.259870	0	0
holistic	he344	194	0.157749	4.417587	1	4	8	0.688622	0	0	3.728965	0	0
holistic	he345	195	2.064464	14.751370	4	10	4	0	0	0	14.751370	0	0
holistic	he346	195	4.117868	11.491754	4	16	10	0	0	0	11.491754	0	0
holistic	he347	195	4.128800	13.219480	4	12	14	0.557586	0	0	12.661894	0	0
holistic	he348	196	3.862184	23.484662	4	16	10	0.099672	0	0	23.384990	0	0
holistic	he349	196	0.890013	4.157332	2	2	2	0	0	0	4.157332	0	0
holistic	he350	196	2.064464	30.956908	4	14	12	0	0	0	30.956908	0	0
holistic	he351	196	0.544551	7.291596	2	4	6	0	0	0	7.291596	0	0
holistic	he352	196	0.157749	5.427118	1	4	9	0.688622	0	0	4.738496	0	0
holistic	he353	196	4.340748	12.948634	4	12	14	0.557586	0	0	12.391048	0	0
conventional	ce511	196	0	42.004848	0	14	7	1.509920	15.746275	18.185597	6.563056	0	0
conventional	ce512	196	0	23.631951	0	14	7	0.334989	7.677661	10.329006	5.290295	0	0
conventional	ce513	196	0	17.899227	0	14	7	0.795802	5.831804	6.808918	4.462703	0	0
holistic	he354	197	1.328221	4.293324	2	2	3	0	0	0	4.293324	0	0
holistic	he355	197	1.571496	4.477128	2	4	4	0.930907	0	0	3.546221	0	0
holistic	he356	197	1.382920	4.406133	2	4	4	0.041877	0	0	4.364256	0	0
conventional	ce514	197	0.820827	31.849793	1	14	7	3.413177	9.942690	9.892623	8.601303	0	0
holistic	he357	198	1.651434	3.855007	2	4	8	0.199209	0	0	3.655798	0	0
holistic	he358	198	1.719612	6.357679	2	8	11	0.074754	0	0	6.282925	0	0
holistic	he359	198	0.157749	6.048565	1	4	9	0.688622	0	0	5.359943	0	0
holistic	he360	198	0.901192	1.818531	2	3	6	0	0	0	1.818531	0	0
holistic	he361	198	3.421362	10.536502	4	12	14	0.485554	0	0	10.050948	0	0
holistic	he362	198	1.092505	2.548406	2	4	6	0	0	0	2.548406	0	0
conventional	ce515	198	0	25.143804	0	14	7	1.973292	9.582319	9.515169	4.073024	0	0
conventional	ce516	198	0.662483	16.633627	1	14	7	2.255453	7.144492	4.900794	2.332888	0	0
holistic	he363	199	2.241862	8.276652	4	16	10	0.206172	0	0	8.070480	0	0
holistic	he364	199	0	0	0	0	2	0	0	0	0	0	0
holistic	he365	199	0	0	0	0	12	0	0	0	0	0	0
holistic	he366	199	3.350919	13.150803	6	24	8	0.003276	0	0	13.147527	0	0
holistic	he367	199	3.410570	11.061562	2	12	14	0.779534	0	0	10.282028	0	0
conventional	ce517	199	0	37.310912	0	14	7	9.640743	4.693200	19.834657	3.142312	0.041346	0
conventional	ce518	199	1.984207	32.875069	1	14	7	0.080881	6.744882	6.441645	19.607661	0	0
holistic	he368	200	1.545726	7.799433	2	4	4	0.215246	0	0	7.584187	0	0
holistic	he369	200	1.382920	4.810479	2	4	4	0.155858	0	0	4.654621	0	0
conventional	ce519	200	0	20.284398	0	14	7	1.353555	8.241899	5.027612	5.661332	0	0
conventional	ce520	200	0	30.031072	0	14	7	8.140811	5.116708	12.981066	3.792487	0	0
holistic	he370	201	2.859224	12.249742	4	12	18	0	0	0	12.249742	0	0
holistic	he371	201	1.662714	3.331802	2	3	8	0	0	0	3.331802	0	0
holistic	he372	201	0	0	0	0	2	0	0	0	0	0	0
holistic	he373	201	1.328221	3.871026	2	2	2	0	0	0	3.871026	0	0
holistic	he374	201	0.761556	9.223204	2	5	8	0	0	0	9.223204	0	0
holistic	he375	202	4.334560	22.897666	4	20	20	0.210762	0	0	22.686904	0	0
holistic	he376	202	1.382920	2.401018	2	4	6	0	0	0	2.401018	0	0
holistic	he377	202	5.099229	16.746303	6	24	8	0.102189	0	0	16.644114	0	0
conventional	ce521	202	0.820827	33.853766	1	14	7	3.285442	10.156298	9.643939	10.768087	0	0
conventional	ce522	202	0	19.314506	0	14	7	1.326178	5.822359	8.336701	3.829268	0	0
conventional	ce523	202	0	18.329297	0	14	7	1.856766	6.343297	5.204031	4.925203	0	0
conventional	ce524	202	0	34.139826	0	14	7	5.710938	4.765651	17.754788	5.908449	0	0
holistic	he378	203	0	0	0	0	4	0	0	0	0	0	0
holistic	he379	203	1.032232	13.796748	2	5	8	0	0	0	13.796748	0	0
holistic	he380	203	1.548192	4.253435	2	4	4	0.034063	0	0	4.219372	0	0
holistic	he381	203	1.662714	3.331802	2	3	8	0	0	0	3.331802	0	0
holistic	he382	203	0.901192	1.818531	2	3	6	0	0	0	1.818531	0	0
holistic	he383	203	5.099229	21.898590	6	30	13	0.204378	0	0	21.694212	0	0
holistic	he384	203	3.410570	5.933992	2	12	14	0.485554	0	0	5.448438	0	0
holistic	he385	204	0.315498	13.094542	2	6	15	0	0	0	13.094542	0	0
holistic	he386	204	2.746638	12.328984	4	16	10	0.099672	0	0	12.229312	0	0
holistic	he387	204	1.512258	4.006113	2	4	4	0.001092	0	0	4.005021	0	0
holistic	he388	204	2.877438	10.890384	4	10	16	0	0	0	10.890384	0	0
conventional	ce525	204	0	26.826318	0	14	7	3.468420	3.038817	12.707727	7.611354	0	0
conventional	ce526	204	0	32.544263	0	14	7	5.496142	4.138640	16.637055	6.272426	0	0
conventional	ce527	204	0.193921	24.155671	1	14	7	2.896626	5.241004	11.501245	4.516796	0.794704	0
holistic	he389	205	7.041334	15.699202	4	8	6	0	0	0	15.699202	0	0
holistic	he390	205	0.359115	6.474033	1	4	7	0	0	3.402635	3.071398	0	0
holistic	he391	205	1.662714	3.331802	2	3	8	0	0	0	3.331802	0	0
conventional	ce528	205	1.458321	26.484633	1	14	7	0.900515	8.517007	6.569988	10.497123	0	0
conventional	ce529	205	0	20.574237	0	14	7	1.286564	5.501885	6.076784	7.709004	0	0
conventional	ce530	205	0	33.657766	0	14	7	2.518678	8.304315	16.232791	6.601982	0	0
holistic	he392	206	0	0	0	0	2	0	0	0	0	0	0
holistic	he393	206	5.897478	12.981042	6	24	20	1.105737	0	0	11.875305	0	0
holistic	he394	207	4.637178	56.080869	6	48	13	3.087246	0	0	52.993623	0	0
holistic	he395	207	1.438719	4.336518	2	3	8	0	0	0	4.336518	0	0
holistic	he396	207	0.412494	8.733934	2	4	6	0	0	0	8.733934	0	0
conventional	ce531	207	0.208701	22.470354	1	14	7	0.306379	4.364968	11.807927	5.991080	0	0
conventional	ce532	207	0.143709	32.331525	1	14	7	4.339199	2.162396	15.748397	10.081533	0	0
conventional	ce533	207	0.856670	26.977825	1	14	7	0.861914	4.305030	8.356853	13.454028	1.356094	0
conventional	ce534	207	0	19.593467	0	14	7	1.950718	4.669118	7.544847	5.428784	0	0
holistic	he397	208	1.328671	6.923211	2	4	7	0	0	0.474648	6.448563	0	0
holistic	he398	208	3.885032	5.971874	2	12	14	0.485554	0	0	5.486320	0	0
holistic	he399	208	0.742661	8.541807	2	5	8	0	0	0	8.541807	0	0
conventional	ce535	208	1.458321	25.687007	1	14	7	0.917552	8.627252	6.139264	10.002939	0	0
conventional	ce536	208	0	46.816429	0	14	7	15.203369	8.331883	20.615651	2.665526	1.050070	0
holistic	he400	209	1.438719	3.286622	2	3	8	0	0	0	3.286622	0	0
conventional	ce537	209	1.396477	21.844285	1	14	7	4.456392	1.072343	9.638225	6.677325	0	0
holistic	he401	210	3.350919	14.247108	6	24	8	0.003276	0	0	14.243832	0	0
conventional	ce538	210	0	23.963022	0	14	7	0.638118	10.152220	10.131597	3.041087	0	0
conventional	ce539	210	0.208701	24.012128	1	14	7	2.339874	4.250006	12.338067	5.084181	0	0
conventional	ce540	210	0	23.548824	0	14	7	2.150168	5.344063	10.961397	5.093196	0	0
holistic	he402	211	12.660870	45.213489	9	42	29	1.038855	0	0	44.174634	0	0
holistic	he403	211	0	0	0	0	2	0	0	0	0	0	0
conventional	ce541	211	0	33.767703	0	14	7	3.165500	5.325698	21.566544	3.709961	0	0
conventional	ce542	211	0	40.402561	0	14	7	10.409872	5.478532	20.956320	3.557837	0.041346	0
conventional	ce543	211	0	33.679420	0	14	7	1.921588	5.159190	21.110394	5.488248	0	0
holistic	he404	212	1.175510	2.162236	1	3	3	0.433952	0	0	1.728284	0	0
conventional	ce544	212	0	34.361389	0	14	7	11.021700	5.786867	14.001746	3.551076	0.894023	0
conventional	ce545	213	0	12.386726	0	14	7	0.531799	3.120145	1.500100	7.234682	0	0
conventional	ce546	213	0	23.368303	0	14	7	1.909238	5.454634	11.080548	4.923883	0	0
conventional	ce547	213	1.702397	24.538190	1	14	7	0.774634	4.981422	8.649554	10.132580	0	0
conventional	ce548	213	0	31.666235	0	14	7	6.305796	4.405736	15.500865	5.453838	0.424068	0
holistic	he405	214	1.328671	5.651607	2	4	7	0	0	0.474648	5.176959	0	0
conventional	ce549	214	0	27.078937	0	14	7	1.976685	8.781749	12.891895	3.428608	0	0
conventional	ce550	214	0	38.088794	0	14	7	6.653773	3.822994	18.411988	9.200039	0	0
holistic	he406	215	2.083990	3.930714	2	3	8	0	0	0	3.930714	0	0
holistic	he407	215	13.201668	48.952320	12	45	29	1.038855	0	1.207890	46.705575	0	0
conventional	ce551	215	0	40.533271	0	14	7	15.101231	6.103944	16.816493	2.511603	1.050070	0
conventional	ce552	215	0.208701	25.663230	1	14	7	2.173159	5.353115	12.526648	5.610308	0.846719	0
conventional	ce553	215	0	20.147931	0	14	7	0.990768	6.944859	9.215562	2.996742	0	0
conventional	ce554	215	0	33.683433	0	14	7	1.075189	8.368352	15.858484	8.381408	0	0
conventional	ce555	215	0	30.688319	0	14	7	8.563289	7.054288	10.430139	4.640603	1.743861	0
conventional	ce556	215	0	17.729426	0	14	7	0.831870	5.468663	7.547450	3.881443	0	0
holistic	he408	216	0.661824	8.141163	2	6	6	0.704825	0	0	7.436338	0	0
holistic	he409	216	1.328221	5.329970	2	2	3	0	0	0	5.329970	0	0
conventional	ce557	216	0	34.547822	0	14	7	2.334543	8.659564	14.325169	9.228546	0	0
conventional	ce558	216	0	42.936631	0	14	7	13.140986	8.685170	18.262951	2.847524	0.703725	0
conventional	ce559	216	0	28.689173	0	14	7	8.836796	5.197514	11.947628	2.707235	0	0
conventional	ce560	217	0.247944	23.585716	1	14	7	3.403214	4.888531	10.536704	4.757267	0	0
holistic	he410	218	6.551394	10.164648	4	8	6	0	0	0	10.164648	0	0
conventional	ce561	218	0.889498	26.575826	1	14	7	1.415320	8.208315	5.480350	11.471841	0	0
conventional	ce562	218	0	20.041802	0	14	7	4.204536	1.460238	9.817335	4.559693	1.050070	0
conventional	ce563	218	0	24.979287	0	14	7	2.091843	4.503075	13.137522	5.246847	0	0
conventional	ce564	219	0	39.858806	0	14	7	11.055482	8.523671	17.194293	3.085360	1.050070	0
conventional	ce565	219	1.984207	20.161904	1	14	7	1.294890	3.641931	3.623038	11.602045	0	0
conventional	ce566	220	0	39.217955	0	14	7	2.871645	9.104491	16.858765	10.383054	0	0
conventional	ce567	221	1.984207	21.595551	1	14	7	0.226312	4.851531	5.482640	11.035068	0	0
conventional	ce568	222	0	38.194298	0	14	7	10.891676	5.148825	19.790020	2.363777	0.041346	0
conventional	ce569	223	1.702397	32.049670	1	14	7	0.377123	9.712038	9.267613	12.692896	0	0
conventional	ce570	225	1.984207	21.828160	1	14	7	2.090496	4.906517	9.402208	5.428939	0	0
conventional	ce571	226	0	26.569140	0	14	7	1.423033	6.057045	13.400781	5.688281	0	0
conventional	ce572	227	0.023719	25.655935	1	14	7	2.139923	5.074151	12.925892	5.515969	0.806586	0
conventional	ce573	227	0	30.252122	0	14	7	4.536743	1.036447	16.790434	7.888498	0	0
conventional	ce574	227	0	34.036001	0	14	7	7.632041	5.283900	14.047649	7.072411	0	0
conventional	ce575	229	0	37.091870	0	14	7	3.047917	3.385104	17.864021	12.794828	0	0
conventional	ce576	230	0	38.301155	0	14	7	11.584903	7.683572	16.767441	2.265239	1.050070	0
holistic	he411	231	0.194315	6.695325	1	3	15	0	0	0	6.695325	0	0
conventional	ce577	231	0	42.881107	0	14	7	11.322716	6.454896	22.675010	2.428485	0.041346	0
conventional	ce578	231	0.208701	18.927733	1	14	7	1.074930	4.094769	10.617720	3.140314	0	0
conventional	ce579	232	0	21.149383	0	14	7	1.261908	4.151978	8.158988	7.576509	0	0
conventional	ce580	233	0.889498	27.302200	1	14	7	1.430298	7.824900	6.215994	11.831008	0	0
conventional	ce581	233	1.702397	32.325747	1	14	7	0.452854	9.839723	9.294169	12.739001	0	0
conventional	ce582	233	0	41.053060	0	14	7	1.805541	8.280303	21.509686	9.457530	0	0
conventional	ce583	234	0	14.812325	0	14	7	1.086777	6.605569	4.823307	2.296672	1.244669	0
holistic	he412	235	0.901192	2.238045	2	3	6	0	0	0	2.238045	0	0
holistic	he413	235	1.145622	4.467906	2	4	4	0.206285	0	0	4.261621	0	0
holistic	he414	235	4.117868	13.061910	4	16	10	0	0	0	13.061910	0	0
conventional	ce584	235	0	28.064598	0	14	7	3.594933	2.579461	14.814393	7.075811	0	0
conventional	ce585	236	0	24.901439	0	14	7	1.111840	5.287502	13.120001	5.382096	0	0
holistic	he415	238	1.983927	3.288333	2	2	8	0	0	0	3.288333	0	0
conventional	ce586	238	0.648720	30.444069	1	14	7	3.186519	9.427932	12.856384	4.973234	0	0
holistic	he416	239	0.943661	7.190662	2	5	6	0.921099	0	0	6.269563	0	0
conventional	ce587	239	0.889498	36.624618	1	14	7	1.663708	13.818841	7.690611	13.451458	0	0
conventional	ce588	240	0	24.322729	0	14	7	2.187499	4.593261	12.327761	5.214208	0	0
conventional	ce589	240	0	44.133989	0	14	7	14.037942	4.143406	21.814925	4.137716	0.041346	0
conventional	ce590	240	0	20.924925	0	14	7	1.136717	6.457476	8.467895	4.862837	1.244669	0
conventional	ce591	241	0	31.885473	0	14	7	4.832696	5.374952	16.239802	5.438023	0.120127	0
conventional	ce592	241	1.984207	17.285221	1	14	7	1.773670	2.040883	2.834079	10.636589	0	0
conventional	ce593	241	0	31.596469	0	14	7	6.440821	5.186998	15.743501	4.225149	0	0
conventional	ce594	242	0.208701	25.180919	1	14	7	2.568451	6.300857	12.141816	4.169795	1.152116	0
conventional	ce595	243	0	43.208564	0	14	7	14.156395	9.117193	14.117372	5.817604	0.703725	0
conventional	ce596	243	0	45.867452	0	14	7	1.368554	12.879268	20.390678	11.228952	0	0
conventional	ce597	243	0	25.668579	0	14	7	1.159293	4.996710	14.300917	5.211659	0	0
conventional	ce598	243	0	55.025530	0	14	7	20.044251	7.728554	24.236664	3.016061	1.050070	0
conventional	ce599	243	0	16.791134	0	14	7	1.516711	4.067149	5.607386	5.599888	0	0
conventional	ce600	244	0	37.320355	0	14	7	12.123891	7.247426	16.022452	1.926586	0.065015	0
conventional	ce601	245	0	21.448358	0	14	7	1.550657	6.573867	5.819764	7.504070	0	0
conventional	ce602	245	1.702397	35.500006	1	14	7	1.384005	12.037944	10.951616	11.126441	0	0
conventional	ce603	246	0	25.778312	0	14	7	0.781963	8.131256	11.123075	5.742018	0	0
conventional	ce604	246	0	30.234277	0	14	7	1.847271	5.827827	14.111732	8.447447	0	0
holistic	he417	248	1.438719	4.374730	2	3	8	0	0	0	4.374730	0	0
conventional	ce605	248	1.702397	22.961088	1	14	7	0.249429	3.812121	10.683517	8.216021	1.984888	0
holistic	he418	249	1.365601	2.310270	2	3	4	0.267877	0	0	2.042393	0	0
holistic	he419	249	1.328221	5.300183	2	2	3	0	0	0	5.300183	0	0
conventional	ce606	249	1.458321	21.548558	1	14	7	1.736257	5.207598	9.359076	5.245627	0	0
conventional	ce607	249	0	24.787576	0	14	7	1.494616	8.607130	12.308774	2.377056	0	0
conventional	ce608	249	0	17.464784	0	14	7	1.627980	3.324140	7.565241	4.947423	1.244669	0
conventional	ce609	249	0	24.701074	0	14	7	1.658144	7.442776	10.002389	5.597765	0	0
conventional	ce610	250	0.267495	40.466538	1	14	7	4.911879	11.312802	21.553970	2.687887	0	0
conventional	ce611	250	0	24.573702	0	14	7	2.383984	4.444521	12.082439	5.662758	0	0
conventional	ce612	250	1.702397	46.163308	1	14	7	0.218966	14.190974	14.287944	17.465424	0	0
holistic	he420	251	1.253633	19.502646	2	7	12	0	0	0	19.502646	0	0
conventional	ce613	251	0	33.404476	0	14	7	2.282583	8.137396	13.768971	9.215526	0	0
conventional	ce614	251	0	24.661852	0	14	7	2.738585	5.700007	10.255090	5.968170	0	0
conventional	ce615	251	0	19.101117	0	14	7	1.134714	7.206770	5.247475	5.512158	0	0
holistic	he421	253	7.041334	14.176714	4	8	6	0	0	0	14.176714	0	0
conventional	ce616	253	0	14.468324	0	14	7	1.311791	2.598775	7.215434	3.342324	0	0
conventional	ce617	253	0	31.854323	0	14	7	9.286926	5.607767	12.310340	4.649290	1.050070	0
holistic	he422	254	1.902175	3.675274	2	3	8	0	0	0	3.675274	0	0
holistic	he423	255	1.902175	4.911312	2	3	8	0	0	0	4.911312	0	0
holistic	he424	255	0.157749	4.845783	1	4	9	0.688622	0	0	4.157161	0	0
holistic	he425	255	1.391549	5.817570	2	4	4	0.041877	0	0	5.775693	0	0
conventional	ce618	255	0	21.063015	0	14	7	0.709782	7.484416	9.817020	3.051797	0.566965	0
holistic	he426	256	0	0	0	0	6	0	0	0	0	0	0
holistic	he427	256	0.195815	7.843668	1	5	8	0	0	0	7.843668	0	0
holistic	he428	256	3.275697	4.122752	2	3	4	0	0	0	4.122752	0	0
holistic	he429	256	2.083990	4.002896	2	3	8	0	0	0	4.002896	0	0
holistic	he430	256	1.887568	3.704493	2	3	8	0	0	0	3.704493	0	0
conventional	ce619	256	0.445418	30.462585	1	14	7	2.126633	9.200859	12.280343	6.854750	0	0
holistic	he431	257	2.570463	14.197191	6	24	8	0.057303	0	0	14.139888	0	0
holistic	he432	257	0.901192	1.955171	2	3	6	0	0	0	1.955171	0	0
holistic	he433	257	0.157749	4.817394	1	4	9	0.688622	0	0	4.128772	0	0
conventional	ce620	257	0.889498	27.049820	1	14	7	0.886708	9.768175	7.601502	8.793435	0	0
holistic	he434	258	6.065632	17.774042	4	16	10	0	0	0	17.774042	0	0
holistic	he435	258	0.901192	1.803749	2	3	5	0	0	0	1.803749	0	0
holistic	he436	258	1.328671	2.293197	2	4	6	0	0	0.534169	1.759028	0	0
conventional	ce621	258	0	21.060446	0	14	7	1.576822	3.422061	9.095654	6.965909	0	0
conventional	ce622	258	0	23.298725	0	14	7	2.635172	5.410721	10.134712	5.118120	0	0
holistic	he437	259	0.359115	7.178604	1	4	7	0	0	3.402635	3.775969	0	0
holistic	he438	259	1.404254	4.780139	2	3	8	0	0	0	4.780139	0	0
holistic	he439	259	13.201668	40.606917	12	45	29	0.757209	0	1.207890	38.641818	0	0
holistic	he440	259	1.365601	2.310270	2	3	6	0.267877	0	0	2.042393	0	0
conventional	ce623	259	0	12.556925	0	14	7	1.400223	2.804934	6.093997	2.257771	0.528755	0
holistic	he441	260	6.551394	8.953392	4	8	6	0	0	0	8.953392	0	0
holistic	he442	260	4.906990	24.470690	4	20	20	0.205750	0	0	24.264940	0	0
holistic	he443	260	1.328671	5.785059	2	4	7	0	0	0.538341	5.246718	0	0
conventional	ce624	260	0	19.234386	0	14	7	0.781176	6.541872	9.104048	2.807290	0	0
conventional	ce625	260	1.320330	35.366813	1	14	7	1.291900	9.193465	15.467280	9.414168	0	0
conventional	ce626	260	0.631903	23.410962	1	14	7	2.173003	3.723646	12.979161	4.535152	0	0
holistic	he444	261	0.359115	6.728336	1	4	7	0	0	2.917316	3.811020	0	0
holistic	he445	261	13.496439	72.973173	12	48	29	1.287249	0	0.883926	70.801998	0	0
holistic	he446	261	12.660870	44.787378	9	42	29	1.038855	0	0	43.748523	0	0
holistic	he447	261	0.901192	1.547720	2	3	6	0	0	0	1.547720	0	0
holistic	he448	261	0	0	0	0	6	0	0	0	0	0	0
holistic	he449	262	1.328671	9.630129	2	4	7	0	0	0.808866	8.821263	0	0
holistic	he450	262	4.057986	14.102784	4	12	8	0	0	0	14.102784	0	0
conventional	ce627	262	1.702397	30.182096	1	14	7	1.442846	7.328713	11.853221	9.557316	1.837023	0
conventional	ce628	262	0	42.637528	0	14	7	21.741484	9.636988	8.913944	2.345112	0	0
conventional	ce629	262	0	28.839180	0	14	7	3.439191	4.889116	14.578967	5.931906	0	0
conventional	ce630	262	0	27.879553	0	14	7	3.825234	5.945401	9.725310	8.383608	0	0
conventional	ce631	262	0	24.204088	0	14	7	1.796065	6.279922	11.236941	4.891160	0	0
holistic	he451	263	4.435271	6.723047	5	13	10	0	0	0	6.723047	0	0
holistic	he452	263	0.289100	12.811649	1	5	7	0.682768	0	3.402635	8.726246	0	0
holistic	he453	263	21.826395	95.417090	15	100	47	1.731425	0	0	93.685665	0	0
holistic	he454	263	1.175510	3.449539	1	4	3	0.894227	0	0	2.555312	0	0
holistic	he455	263	0	0	0	0	2	0	0	0	0	0	0
holistic	he456	263	11.600340	23.822493	9	42	29	1.339725	0	0	22.482768	0	0
holistic	he457	263	0.359115	4.453144	1	4	7	0	0	2.879230	1.573914	0	0
holistic	he458	263	5.364888	13.994106	6	15	20	0	0	0	13.994106	0	0
holistic	he459	264	1.328221	4.879454	2	2	3	0	0	0	4.879454	0	0
holistic	he460	264	0.901192	0.977074	2	3	6	0	0	0	0.977074	0	0
conventional	ce632	264	1.702397	30.563884	1	14	7	0.286094	9.971896	8.497442	11.808452	0	0
conventional	ce633	264	0	16.752441	0	14	7	1.236868	3.394951	8.000666	4.119956	1.090059	0
conventional	ce634	264	0	35.224418	0	14	7	6.453105	4.811894	11.333863	12.625556	0	0
conventional	ce635	264	0	30.760640	0	14	7	1.047810	4.202606	13.460527	12.049697	0	0
holistic	he461	265	1.983927	4.868019	2	2	8	0	0	0	4.868019	0	0
holistic	he462	265	1.817470	5.620994	2	3	8	0	0	0	5.620994	0	0
holistic	he463	265	1.741510	3.127123	2	3	7	0	0	0	3.127123	0	0
holistic	he464	265	0.359115	1.067410	1	3	6	0	0	0.123905	0.943505	0	0
holistic	he465	265	1.113148	7.473952	2	5	9	0.688622	0	1.793358	4.991972	0	0
conventional	ce636	265	0	23.733030	0	14	7	1.133696	4.963193	10.613814	7.022327	0	0
conventional	ce637	265	0	38.100256	0	14	7	0.425197	13.030217	8.889546	15.755296	0	0
conventional	ce638	265	1.943456	12.709783	1	14	7	1.162336	2.629453	7.389190	1.528804	0	0
holistic	he466	266	1.023862	2.184788	2	3	5	0	0	0	2.184788	0	0
holistic	he467	266	0.718230	29.474194	2	14	14	0	0	8.162208	21.311986	0	0
conventional	ce639	266	0	13.909759	0	14	7	0.871032	3.204392	6.420418	3.413917	0	0
conventional	ce640	266	0	35.239933	0	14	7	5.970828	3.732008	16.228269	9.308828	0	0
holistic	he468	267	0.661824	7.447684	2	6	6	0.704825	0	0	6.742859	0	0
holistic	he469	267	0.157749	4.718893	1	4	9	0.688622	0	0	4.030271	0	0
conventional	ce641	267	0	17.392824	0	14	7	1.165686	6.864479	5.987454	3.375205	1.244669	0
conventional	ce642	267	0	26.733979	0	14	7	2.102348	4.970698	13.818615	5.842318	0	0
conventional	ce643	267	0	24.538543	0	14	7	2.473789	6.752137	9.953119	5.359498	1.641109	0
holistic	he470	268	2.263792	5.967805	2	3	8	0	0	0	5.967805	0	0
holistic	he471	268	19.793650	82.364225	15	105	55	0	0	0	82.364225	0	0
holistic	he472	268	0.157749	6.312422	1	4	9	0.688622	0	0	5.623800	0	0
conventional	ce644	268	0	36.095637	0	14	7	11.597166	7.416845	14.545505	2.536121	0.041346	0
conventional	ce645	268	0	19.747858	0	14	7	1.735114	4.593395	10.235445	3.183904	0	0
conventional	ce646	268	0	58.268387	0	14	7	16.705061	10.401786	26.626161	4.535379	1.474836	0
conventional	ce647	268	1.778389	18.325798	1	14	7	1.544811	2.188227	3.758520	10.834240	0	0
holistic	he473	269	0.404651	4.611293	2	5	6	0.810717	0	0	3.800576	0	0
conventional	ce648	269	0	9.408267	0	14	7	1.275853	0.858751	5.793086	1.480577	0.528755	0
conventional	ce649	269	0	35.636000	0	14	7	0.822939	7.294170	17.733288	9.785603	0	0
holistic	he474	270	1.584654	4.337945	2	3	7	0	0	0	4.337945	0	0
conventional	ce650	270	0	27.030227	0	14	7	1.803411	2.767691	12.258797	10.200328	0	0
conventional	ce651	270	1.241362	30.258485	1	14	7	1.464847	9.018742	9.218937	10.555959	0	0
conventional	ce652	270	0	35.114183	0	14	7	2.020890	4.502305	18.413757	10.177231	0.490258	0
conventional	ce653	270	0	32.080227	0	14	7	5.140696	4.723292	12.140208	10.076031	0	0
conventional	ce654	270	0	13.216344	0	14	7	0.711939	3.392654	6.619071	2.492680	1.244669	0
conventional	ce655	270	0	34.980025	0	14	7	3.246342	5.400607	22.858035	3.475041	0	0
holistic	he475	271	1.573003	2.620393	2	2	7	0	0	0	2.620393	0	0
holistic	he476	271	1.328221	5.731113	2	2	3	0	0	0	5.731113	0	0
conventional	ce656	271	0	31.150081	0	14	7	2.164727	7.461332	12.593096	8.930926	0	0
conventional	ce657	271	1.702397	27.655509	1	14	7	1.366580	4.708051	12.831112	8.749766	1.984888	0
conventional	ce658	271	1.162374	22.285328	1	14	7	1.429011	7.789134	6.101599	6.965584	0	0
conventional	ce659	271	0	26.392515	0	14	7	3.539474	4.477595	13.727904	4.647542	0	0
conventional	ce660	271	0	9.769118	0	14	7	1.845318	1.518937	4.711933	1.692930	0.650920	0
holistic	he477	272	21.605520	89.527990	15	100	47	1.731425	0	0	87.796565	0	0
holistic	he478	272	7.992390	12.102722	4	8	6	0	0	0	12.102722	0	0
conventional	ce661	272	0	25.674057	0	14	7	2.242798	4.175253	14.731475	4.524531	0	0
conventional	ce662	272	0	26.941012	0	14	7	1.393672	4.840502	14.438368	6.268470	0	0
conventional	ce663	272	0	56.352225	0	14	7	20.881846	6.527104	26.071459	2.871816	1.050070	0
conventional	ce664	273	0	42.913804	0	14	7	15.119736	6.402701	18.453372	2.937995	1.572185	0
conventional	ce665	273	0	20.500810	0	14	7	2.601069	3.800948	8.917523	5.181270	0	0
holistic	he479	274	1.328221	5.295274	2	2	3	0	0	0	5.295274	0	0
holistic	he480	274	12.936308	117.195764	16	80	39	0	0	1.610520	115.585244	0	0
conventional	ce666	274	0	25.310497	0	14	7	2.127356	7.137396	10.410193	5.635552	0	0
holistic	he481	275	1.057661	10.617079	2	4	6	0	0	0	10.617079	0	0
holistic	he482	275	9.273408	42.259011	9	42	29	0.831591	0	0	41.427420	0	0
conventional	ce667	275	0.744228	14.363827	1	14	7	0.819014	4.039331	3.257265	6.248217	0	0
conventional	ce668	275	0	37.705082	0	14	7	9.070911	3.080072	17.450482	8.103617	0	0
conventional	ce669	275	0	29.753082	0	14	7	1.879322	4.911049	17.879915	5.082796	0	0
conventional	ce670	275	0	14.888970	0	14	7	0.983833	4.535703	7.025575	2.343859	0	0
conventional	ce671	275	0	22.082690	0	14	7	0.975105	8.265830	9.359378	3.482377	0.743938	0
conventional	ce672	275	0	17.966393	0	14	7	2.521752	6.201059	5.607773	3.635809	0	0
holistic	he483	276	5.407660	21.321930	4	8	14	0	0	0	21.321930	0	0
holistic	he484	276	6.065632	20.750886	4	14	10	0	0	0	20.750886	0	0
holistic	he485	276	1.055902	5.467307	2	3	9	0	0	1.793358	3.673949	0	0
conventional	ce673	276	0	46.044889	0	14	7	13.081196	4.719912	21.343759	6.900022	0.041346	0
conventional	ce674	276	0	37.713669	0	14	7	11.293351	4.659624	14.530530	7.230164	0	0
conventional	ce675	276	0	33.695086	0	14	7	7.671200	6.984058	13.508920	5.530908	0.363975	0
conventional	ce676	276	0	41.960564	0	14	7	12.894956	7.770805	18.961651	2.333152	0.539744	0
conventional	ce677	277	0	21.532812	0	14	7	1.534666	8.019215	5.582765	6.396166	0	0
holistic	he486	278	1.983927	3.288333	2	2	8	0	0	0	3.288333	0	0
holistic	he487	278	1.841176	4.410230	4	6	6	0	0	0	4.410230	0	0
conventional	ce678	278	0.646673	29.993298	1	14	7	1.113869	8.449506	9.568124	10.861799	0	0
conventional	ce679	278	1.702397	26.828373	1	14	7	0.374852	6.979360	10.905851	8.568310	2.562613	0
conventional	ce680	278	0	16.126624	0	14	7	2.794419	6.178804	3.249077	3.904324	0	0
conventional	ce681	279	0	15.578980	0	14	7	0.922307	6.315483	6.065146	2.276044	1.557042	0
conventional	ce682	279	0	38.089078	0	14	7	12.877128	6.380784	16.369817	2.461349	1.572185	0
conventional	ce683	279	0.558478	26.907835	1	14	7	1.435462	6.806481	8.873292	9.792600	0	0
holistic	he488	280	0.943661	6.525138	2	5	6	0.921099	0	0	5.604039	0	0
holistic	he489	280	2.645996	3.081254	2	3	8	0	0	0	3.081254	0	0
conventional	ce684	280	0	17.846296	0	14	7	0.065420	4.233133	9.360075	4.187668	0	0
conventional	ce685	280	0	26.705166	0	14	7	1.074721	2.060735	16.337314	7.232396	0.490258	0
conventional	ce686	282	0	37.440520	0	14	7	2.891598	9.177166	17.126500	8.245256	0	0
conventional	ce687	282	0	37.898296	0	14	7	7.938911	6.776956	13.745998	9.436431	0	0
conventional	ce688	282	0	35.797265	0	14	7	1.030438	7.175678	16.741468	10.849681	1.244669	0
conventional	ce689	282	1.984207	18.133389	1	14	7	1.400912	3.368951	5.035144	8.328382	0	0
holistic	he490	283	0.678745	2.526495	2	3	5	0	0	0	2.526495	0	0
conventional	ce690	283	0	20.821444	0	14	7	0.926911	7.322013	11.828734	0.743786	0	0
conventional	ce691	284	0	20.518620	0	14	7	0.965092	6.996396	9.515412	3.041720	2.352189	0
conventional	ce692	285	0	23.206666	0	14	7	2.493253	4.321775	11.410554	4.981084	0	0
conventional	ce693	285	1.702397	22.383761	1	14	7	1.031471	6.702608	8.710897	5.938785	1.049350	0
conventional	ce694	287	0	33.876693	0	14	7	1.151786	5.577666	16.545900	10.601341	1.244669	0
conventional	ce695	290	0.971072	17.855143	1	14	7	1.887919	1.338266	8.540647	6.088311	0.657612	0
holistic	he491	291	1.315125	4.036625	2	3	8	0	0	0	4.036625	0	0
conventional	ce696	293	0	50.129603	0	14	7	0.768183	10.371774	22.692982	16.296664	1.244669	0
conventional	ce697	293	0	26.484439	0	14	7	2.337531	6.362459	11.171255	6.613194	0	0
conventional	ce698	294	0	33.156928	0	14	7	3.323039	4.754202	22.483736	2.595951	0	0
conventional	ce699	294	0	39.032107	0	14	7	2.328680	5.292155	15.968973	15.442299	0	0
holistic	he492	295	0.764235	1.624551	2	3	5	0	0	0	1.624551	0	0
holistic	he493	295	5.412477	42.401739	9	42	29	0.831591	0	0	41.570148	0	0
holistic	he494	295	3.634940	14.929624	4	10	16	0	0	0	14.929624	0	0
conventional	ce700	296	0	42.576975	0	14	7	0.451812	8.933775	22.845504	10.345884	1.244669	0
conventional	ce701	296	0	40.385762	0	14	7	10.954268	3.259657	19.559398	6.612439	0.041346	0
conventional	ce702	297	0	29.832839	0	14	7	2.867920	5.263312	16.242486	5.459121	0	0
holistic	he495	298	0	0	0	0	2	0	0	0	0	0	0
conventional	ce703	298	0	33.800656	0	14	7	2.132050	4.385072	16.751073	10.532461	1.244669	0
conventional	ce704	298	0	27.613526	0	14	7	2.425927	3.643482	14.202080	7.342037	0.467760	0
holistic	he496	299	1.057661	9.615182	2	4	6	0	0	0	9.615182	0	0
conventional	ce705	299	0	23.437795	0	14	7	2.570010	4.444521	11.082678	5.340586	0	0
conventional	ce706	299	0	40.947434	0	14	7	8.171648	7.417246	14.545439	10.813101	0	0
conventional	ce707	300	0	36.274368	0	14	7	3.300816	5.751797	23.078731	4.143024	0	0
conventional	ce708	300	0	41.405149	0	14	7	13.356056	6.210408	19.105106	2.733579	1.572185	0
conventional	ce709	300	0	46.857336	0	14	7	13.183400	4.647171	21.847312	7.179453	0	0
conventional	ce710	300	0.258502	35.999939	1	14	7	6.316219	7.734341	14.952731	6.996648	0	0
conventional	ce711	301	1.162374	24.097132	1	14	7	1.611360	6.884818	7.925321	7.675633	0	0
conventional	ce712	301	0	35.562313	0	14	7	10.562923	4.461711	16.075863	4.461816	1.572185	0
holistic	he497	302	1.343370	33.332726	4	14	14	0	0	2.050252	31.282474	0	0
conventional	ce713	302	0	26.752564	0	14	7	1.481443	3.245777	13.053129	8.972215	0	0
conventional	ce714	303	0	26.421361	0	14	7	2.162427	3.816381	16.307159	4.135394	0	0
conventional	ce715	303	0	26.340822	0	14	7	0.638431	8.425372	9.092563	8.184456	0	0
conventional	ce716	303	0	37.789414	0	14	7	1.571490	5.815912	16.921970	13.480042	0	0
conventional	ce717	303	0	45.010347	0	14	7	2.665671	9.497263	18.702988	14.144425	1.244669	0
conventional	ce718	304	0	34.799109	0	14	7	7.419376	3.984800	16.140025	7.254908	0	0
conventional	ce719	305	0	17.830120	0	14	7	1.254424	5.193091	8.327547	3.055058	0.075937	0
conventional	ce720	305	0	37.849412	0	14	7	10.141656	5.097378	13.177230	9.433148	0	0
conventional	ce721	305	0	23.114164	0	14	7	2.606007	7.746397	5.214715	7.547045	0	0
conventional	ce722	306	0	28.769363	0	14	7	0.936169	2.233158	18.638210	6.961826	0.490258	0
conventional	ce723	306	0	32.820313	0	14	7	6.662303	7.353351	12.939185	5.865474	0.940714	0
holistic	he498	307	1.438719	4.514114	2	3	8	0	0	0	4.514114	0	0
conventional	ce724	307	0	38.584230	0	14	7	7.463479	6.676502	16.226104	8.218145	0.561206	0
conventional	ce725	307	1.702397	30.315340	1	14	7	1.042024	7.645647	13.723303	7.904366	2.646044	0
holistic	he499	308	2.745372	4.301391	2	2	7	0	0	0	4.301391	0	0
conventional	ce726	308	0	25.876783	0	14	7	1.488937	5.728473	14.312747	4.346626	2.631022	0
conventional	ce727	308	0	26.534505	0	14	7	2.952298	4.542971	14.198385	4.840851	0	0
conventional	ce728	308	0	27.624677	0	14	7	2.320428	5.660715	10.353620	9.289914	0	0
holistic	he500	309	3.491834	6.664740	4	4	16	0	0	0	6.664740	0	0
conventional	ce729	309	0	22.938481	0	14	7	1.744419	7.568483	10.717413	2.908166	1.771664	0
conventional	ce730	309	0	29.118229	0	14	7	5.617422	5.004518	14.244095	4.252194	0	0
conventional	ce731	309	0	44.541069	0	14	7	7.162421	7.387543	14.786395	15.204710	0	0
conventional	ce732	309	0	20.904181	0	14	7	2.060288	2.934759	10.898986	5.010148	0	0
conventional	ce733	310	0	25.082894	0	14	7	2.483224	5.408574	11.501257	5.689839	0	0
conventional	ce734	310	1.702397	15.407678	1	14	7	0.130556	4.215589	5.374335	5.687198	2.326756	0
conventional	ce735	310	0	31.600399	0	14	7	1.771046	5.994411	20.212868	3.622074	0	0
conventional	ce736	310	0	26.694099	0	14	7	4.277746	8.570025	9.524320	4.322008	0	0
conventional	ce737	311	1.984207	17.376832	1	14	7	1.400912	3.861641	3.946218	8.168061	0	0
conventional	ce738	311	0	35.905978	0	14	7	3.344685	8.052153	14.949816	9.559324	0	0
conventional	ce739	311	1.943456	13.294148	1	14	7	1.154610	2.561532	7.372298	2.205708	0	0
conventional	ce740	312	0	34.275582	0	14	7	1.896242	5.934595	17.840562	8.604183	0	0
conventional	ce741	313	0	32.216609	0	14	7	2.858422	7.054978	13.173208	9.130001	0	0
holistic	he501	314	0	0	0	0	2	0	0	0	0	0	0
holistic	he502	314	1.169778	4.948217	2	4	4	0.041877	0	0	4.906340	0	0
conventional	ce742	314	0	22.685547	0	14	7	1.350320	5.469617	10.917142	4.948468	0	0
holistic	he503	315	7.153184	63.364940	8	36	29	0	0	5.238384	58.126556	2.211047	0
holistic	he504	315	1.985472	25.058160	6	30	10	2.114475	0	0	22.943685	0	0
conventional	ce743	315	0	35.918846	0	14	7	8.030203	5.534397	14.075152	8.279094	0	0
holistic	he505	316	0.602336	1.394572	2	3	5	0	0	0	1.394572	0	0
holistic	he506	316	0	0	0	0	3	0	0	0	0	0	0
holistic	he507	316	2.512468	6.229360	2	3	8	0	0	0	6.229360	0	0
holistic	he508	316	0.901192	1.472666	2	3	10	0	0	0	1.472666	0	0
conventional	ce744	316	0	20.814623	0	14	7	5.246853	2.757551	8.421538	4.388681	0	0
conventional	ce745	316	0	10.528512	0	14	7	1.124620	1.817591	5.451550	2.134751	0	0
holistic	he509	317	1.332826	1.765913	2	3	7	0	0	0.538341	1.227572	0	0
holistic	he510	317	2.745372	4.386757	2	2	7	0	0	0	4.386757	0	0
conventional	ce746	317	0	16.905176	0	14	7	1.743997	3.380198	7.728813	4.052168	0	0
holistic	he511	318	21.605520	94.485030	15	105	47	2.869120	0	0	91.615910	0	0
holistic	he512	318	1.969428	3.579927	2	2	6	0	0	0	3.579927	0	0
holistic	he513	318	2.806018	10.789589	2	7	11	0.102875	0	0	10.686714	0	0
holistic	he514	318	6.551394	8.953392	4	8	6	0	0	0	8.953392	0	0
conventional	ce747	318	1.702397	32.018051	1	14	7	2.253661	7.278401	13.598592	8.887397	2.326756	0
conventional	ce748	318	0	19.665903	0	14	7	1.138993	5.047957	9.562271	3.916682	0	0
conventional	ce749	318	1.943456	17.107961	1	14	7	2.139227	4.148466	9.115516	1.704752	0	0
holistic	he515	319	5.730660	9.575124	4	8	6	0	0	0	9.575124	0	0
holistic	he516	319	0.157749	4.927476	1	4	9	0.688622	0	0	4.238854	0	0
holistic	he517	319	0.661824	8.832099	2	6	6	0.704825	0	0	8.127274	0	0
conventional	ce750	319	0	39.480840	0	14	7	7.021486	6.246042	14.656514	11.556798	0	0
holistic	he518	320	1.057661	7.842549	2	4	6	0	0	0	7.842549	0	0
holistic	he519	320	0	0	0	0	3	0	0	0	0	0	0
holistic	he520	320	5.287636	10.092328	4	4	16	0	0	0	10.092328	0	0
holistic	he521	320	1.995455	6.499384	2	2	3	0	0	0	6.499384	0	0
holistic	he522	320	13.641786	32.043075	9	42	29	1.384809	0	0	30.658266	0	0
conventional	ce751	320	1.702397	42.381053	1	14	7	1.810738	4.775009	20.828409	14.966897	2.562613	0
conventional	ce752	320	0	16.050733	0	14	7	1.447659	4.688734	7.158000	2.756340	0	0
conventional	ce753	320	0	25.624893	0	14	7	2.223915	5.200807	12.229110	5.971061	0	0
holistic	he523	321	3.190178	7.986870	3	4	7	0	0	0	7.986870	0	0
holistic	he524	321	0.359115	5.903627	1	4	7	0	0	4.321614	1.582013	0	0
holistic	he525	321	1.175510	3.589176	1	4	3	0.954268	0	0	2.634908	0	0
holistic	he526	321	3.146006	6.794252	4	6	13	0	0	0	6.794252	0	0
holistic	he527	322	1.624673	1.943403	1	1	14	0	0	0	1.943403	0	0
conventional	ce754	322	0	40.701871	0	14	7	3.419911	7.638549	21.216283	8.427128	0	0
conventional	ce755	322	0	27.732245	0	14	7	1.906674	7.116599	12.686006	6.022966	0.075937	0
holistic	he528	323	4.172470	12.013652	2	6	4	0	0	0	12.013652	0	0
holistic	he529	323	1.328221	4.426019	2	2	3	0	0	0	4.426019	0	0
holistic	he530	323	12.958116	41.354241	9	60	29	1.384809	0	13.858326	26.111106	0	0
holistic	he531	323	1.113148	7.476901	2	5	9	0.688622	0	1.713922	5.074357	0	0
holistic	he532	323	1.694996	5.640606	4	4	6	0	0	0	5.640606	0	0
holistic	he533	323	0.404651	4.332722	2	5	6	0.810717	0	0	3.522005	0	0
holistic	he534	323	1.057661	10.323324	2	3	4	0	0	0	10.323324	0	0
holistic	he535	323	0	0	0	0	1	0	0	0	0	0	0
holistic	he536	323	0.354346	1.245294	1	2	3	0.714694	0	0	0.530600	0	0
conventional	ce756	323	0	25.355515	0	14	7	1.681311	5.934930	10.741899	6.997375	0	0
conventional	ce757	323	0	16.265010	0	14	7	0.844192	5.195993	7.674202	2.550623	0	0
holistic	he537	324	4.323768	34.616448	2	26	22	0.411500	0	0	34.204948	0	0
holistic	he538	324	1.057661	4.185962	2	2	3	0	0	0	4.185962	0	0
holistic	he539	324	3.491834	6.664740	4	4	18	0	0	0	6.664740	0	0
conventional	ce758	324	0	44.400340	0	14	7	2.381635	9.036563	20.908370	12.073772	1.244669	0
holistic	he540	325	1.995455	6.446092	2	2	3	0	0	0	6.446092	0	0
holistic	he541	325	14.711190	38.535549	9	42	29	1.384809	0	0	37.150740	0	0
holistic	he542	325	3.491834	6.664740	4	4	16	0	0	0	6.664740	0	0
holistic	he543	325	1.091760	1.730189	2	3	5	0	0	0	1.730189	0	0
holistic	he544	325	1.057661	5.201178	2	2	3	0	0	0	5.201178	0	0
holistic	he545	325	17.362668	65.036156	12	80	47	1.276720	0	0	63.759436	0	0
conventional	ce759	325	0.744228	17.473841	1	14	7	0.816189	3.975067	5.886382	6.796203	0	0
holistic	he546	326	12.364544	74.786664	12	84	40	2.217576	0	0	72.569088	0	0
conventional	ce760	326	0	31.174576	0	14	7	5.006362	4.305899	12.409914	9.452401	0	0
conventional	ce761	326	0	32.152780	0	14	7	3.111078	1.003875	22.468772	5.569055	0	0
holistic	he547	327	1.841176	3.981020	4	6	6	0	0	0	3.981020	0	0
holistic	he548	327	3.308976	6.315731	2	2	8	0	0	0	6.315731	0	0
holistic	he549	327	1.328221	4.166992	2	2	3	0	0	0	4.166992	0	0
holistic	he550	327	1.057661	7.524039	2	4	6	0	0	0	7.524039	0	0
conventional	ce762	327	1.110310	40.921300	1	14	7	0.900686	9.666585	19.102122	11.251907	0	0
holistic	he551	328	1.055902	5.450372	2	3	9	0	0	1.793358	3.657014	0	0
holistic	he552	328	1.633953	2.134210	2	3	7	0	0	0.601743	1.532467	0	0
holistic	he553	328	1.057661	9.615182	2	4	6	0	0	0	9.615182	0	0
conventional	ce763	328	0	56.569653	0	14	7	1.271255	11.933547	26.269435	17.095416	1.244669	0
conventional	ce764	328	0	36.566302	0	14	7	6.795881	7.055443	12.479008	10.235970	0.490258	0
conventional	ce765	328	0	48.886643	0	14	7	2.077969	10.858017	21.050974	14.899683	1.244669	0
conventional	ce766	328	0	39.628214	0	14	7	2.904618	6.835968	15.868658	14.018970	0	0
holistic	he554	329	0.544084	1.212426	2	3	5	0	0	0	1.212426	0	0
holistic	he555	329	0.546846	6.142167	1	2	4	0	0	0	6.142167	0	0
conventional	ce767	329	0	29.091175	0	14	7	2.467720	5.458787	15.278445	5.886223	0	0
conventional	ce768	329	0	35.907236	0	14	7	6.347451	8.522409	14.465075	6.572301	0.363975	0
conventional	ce769	329	1.951474	41.247932	1	14	7	2.113510	3.198497	20.360904	15.575021	2.562613	0
holistic	he556	330	3.491834	6.664740	4	4	16	0	0	0	6.664740	0	0
holistic	he557	330	1.328221	4.864903	2	2	3	0	0	0	4.864903	0	0
conventional	ce770	330	1.943456	13.252584	1	14	7	1.818140	0.882363	6.184329	4.367752	0	0
conventional	ce771	330	0	31.208825	0	14	7	3.095667	6.442484	13.226981	8.443693	1.625958	0
conventional	ce772	330	0	22.840104	0	14	7	1.414204	7.804099	10.197885	3.423916	2.839318	0
conventional	ce773	330	0	30.995740	0	14	7	2.556364	7.413508	14.867244	6.158624	0	0
conventional	ce774	330	0	14.701467	0	14	7	0.931121	2.834470	6.457788	4.478088	0.743356	0
holistic	he558	331	0	0	0	0	11	0	0	0	0	0	0
holistic	he559	331	0	0	0	0	0	0	0	0	0	0	0
conventional	ce775	331	1.943456	16.637884	1	14	7	1.593865	2.830899	8.445650	3.767470	0	0
conventional	ce776	331	0	35.708969	0	14	7	3.791125	5.846807	21.194960	4.876077	0	0
conventional	ce777	331	0.646673	35.723147	1	14	7	1.501792	8.704514	10.448769	15.068072	1.765537	0
holistic	he560	332	0.157749	4.632046	1	4	9	0.592853	0	0	4.039193	0	0
holistic	he561	332	5.412477	61.149423	9	60	29	1.169082	0	10.616877	49.363464	0	0
conventional	ce778	332	2.747105	22.159360	1	14	7	0.279335	4.797366	8.117589	8.965070	0	0
conventional	ce779	332	0	24.605053	0	14	7	8.433835	2.152073	12.286234	1.732911	2.668125	0
conventional	ce780	333	0	34.375590	0	14	7	1.844948	6.046221	17.675623	8.808798	0	0
conventional	ce781	333	0	42.537216	0	14	7	10.422048	7.614935	15.023119	9.477114	0	0
holistic	he562	334	6.617952	15.471974	4	4	14	0	0	0	15.471974	0	0
holistic	he563	334	2.236824	29.951706	4	14	12	0	0	0	29.951706	0	0
conventional	ce782	334	1.363154	22.924666	1	14	7	0.791647	8.376076	8.796848	4.960095	2.326756	0
conventional	ce783	334	1.906584	25.605480	2	14	7	0.501471	4.350161	9.471618	11.282230	2.562613	0
conventional	ce784	334	0	36.957516	0	14	7	7.398698	9.398580	13.919615	6.240623	0.755222	0
holistic	he564	335	2.291399	3.548937	2	2	9	0	0	0	3.548937	0	0
holistic	he565	335	1.969428	4.153394	2	2	6	0	0	0	4.153394	0	0
holistic	he566	335	0	0	0	0	2	0	0	0	0	0	0
holistic	he567	335	3.491834	7.865382	4	4	18	0	0	0	7.865382	0	0
conventional	ce785	335	1.943456	20.058947	1	14	7	1.299983	4.502895	10.478438	3.777631	0	0
conventional	ce786	335	0.964997	25.158123	1	14	7	0.815948	7.809322	7.737823	8.795030	0	0
conventional	ce787	335	0	27.069999	0	14	7	3.584910	6.001729	12.333222	5.150138	0	0
conventional	ce788	335	0	34.061196	0	14	7	4.242041	5.601578	17.852594	6.364983	0	0
conventional	ce789	335	0	19.915459	0	14	7	2.474413	4.236067	8.416340	4.788639	0	0
conventional	ce790	335	0	37.525899	0	14	7	1.147504	9.234307	20.768901	6.375187	0	0
holistic	he568	336	5.412477	42.947019	9	42	29	0.831591	0	0	42.115428	0	0
holistic	he569	336	1.029746	6.032653	2	3	10	0	0	1.744261	4.288392	0	0
conventional	ce791	336	1.381221	27.727986	1	14	7	2.892156	5.097195	12.227767	7.510868	0	0
conventional	ce792	336	0	22.399980	0	14	7	1.209519	1.972625	14.097753	5.120083	0.490258	0
conventional	ce793	336	0	20.466852	0	14	7	1.851632	6.414928	8.830365	3.369927	0.075937	0
holistic	he570	337	0	0	0	0	1	0	0	0	0	0	0
conventional	ce794	337	0	13.988919	0	14	7	0.779725	3.386140	7.383485	2.439569	0.075937	0
conventional	ce795	337	0	30.993180	0	14	7	3.435080	5.536333	14.535225	7.486542	0	0
conventional	ce796	337	0	46.978066	0	14	7	2.848315	12.689880	20.656561	10.783310	0	0
holistic	he571	338	1.624673	1.943403	1	1	14	0	0	0	1.943403	0	0
holistic	he572	338	0	0	0	0	2	0	0	0	0	0	0
holistic	he573	338	1.995455	6.469032	2	2	4	0	0	0	6.469032	0	0
conventional	ce797	338	0	27.103835	0	14	7	1.527714	8.097979	11.869883	5.608259	1.212285	0
conventional	ce798	338	0	22.398082	0	14	7	2.061121	7.850511	6.370793	6.115657	3.708240	0
conventional	ce799	338	0	32.930103	0	14	7	4.192007	9.156638	14.052075	5.529383	0.077706	0
conventional	ce800	338	0	22.716714	0	14	7	1.100809	3.532577	14.101642	3.981686	0.490258	0
holistic	he574	339	4.547998	14.783178	4	10	16	0	0	6.995724	7.787454	0	0
holistic	he575	339	4.321344	9.733862	4	4	18	0	0	0	9.733862	0	0
conventional	ce801	339	0	31.653755	0	14	7	2.235602	5.542165	14.312107	9.563881	0	0
conventional	ce802	339	0	20.491186	0	14	7	1.401671	5.132969	9.952617	4.003929	0	0
conventional	ce803	339	1.428959	15.185515	1	14	7	0.139663	3.964739	5.128439	5.952674	2.481979	0
conventional	ce804	339	0	45.008759	0	14	7	3.421548	9.166940	20.439116	11.981155	1.444482	0
conventional	ce805	339	0	37.348847	0	14	7	6.347451	8.522409	13.682511	8.796476	0.363975	0
conventional	ce806	339	0	27.233766	0	14	7	3.170815	4.829005	14.406706	4.827240	0	0
conventional	ce807	339	0	44.376649	0	14	7	2.634828	5.334823	21.370484	15.036514	0	0
conventional	ce808	339	0	18.795596	0	14	7	1.154130	6.988309	7.042963	3.610194	2.920688	0
holistic	he576	340	7.853346	132.614334	18	138	56	1.663182	0	0	130.951152	0	0
conventional	ce809	340	0	39.445363	0	14	7	2.926263	3.660833	15.344946	17.513321	0	0
conventional	ce810	340	0	46.678036	0	14	7	2.748236	9.729923	20.654812	13.545065	0	0
conventional	ce811	340	0	9.589656	0	14	7	0.814438	1.451829	4.597974	2.725415	0	0
holistic	he577	341	0.157749	3.870547	1	4	10	0.388475	0	0	3.482072	0	0
holistic	he578	341	1.055902	5.450372	2	3	9	0	0	1.793358	3.657014	0	0
conventional	ce812	341	0	26.562877	0	14	7	3.343778	3.552434	12.849993	6.816672	0.281686	0
holistic	he579	342	2.253994	4.203557	2	4	7	0	0	0.407211	3.796346	0	0
conventional	ce813	342	0	24.418518	0	14	7	1.440499	7.689303	11.305871	3.982845	0.075937	0
conventional	ce814	342	0	23.349753	0	14	7	1.457761	6.066132	10.738368	5.087492	0	0
conventional	ce815	342	0.646673	30.278683	1	14	7	1.246477	6.546246	7.654677	14.831283	1.765537	0
conventional	ce816	342	0	47.691956	0	14	7	3.301915	10.100988	20.484792	13.804261	1.244669	0
conventional	ce817	342	0	35.098760	0	14	7	1.971780	8.527648	19.643780	4.955552	0	0
conventional	ce818	342	1.702397	36.766055	1	14	7	3.413338	6.594436	14.658334	12.099947	2.562613	0
conventional	ce819	342	0	24.646685	0	14	7	1.398577	2.628404	14.241640	6.378064	0.607089	0
holistic	he580	343	0.430379	0.680026	2	2	5	0	0	0	0.680026	0	0
conventional	ce820	343	0	24.647357	0	14	7	2.032009	8.266284	9.597850	4.751214	0	0
conventional	ce821	343	0	46.548803	0	14	7	0.123786	8.309525	20.665531	17.449961	1.244669	0
conventional	ce822	343	0	24.968216	0	14	7	1.339145	6.587048	13.642634	3.399389	0	0
conventional	ce823	343	0	20.141712	0	14	7	0.899941	6.155160	8.572853	4.513758	0.075937	0
conventional	ce824	343	0	34.905980	0	14	7	2.700663	4.276457	14.862300	13.066560	0	0
conventional	ce825	344	0	22.755327	0	14	7	2.570010	3.684483	11.385510	5.115324	0	0
conventional	ce826	344	0	37.099756	0	14	7	7.444034	7.991658	13.622757	8.041307	0.363975	0
conventional	ce827	345	0	48.545958	0	14	7	2.781186	7.941895	19.709657	18.113220	0	0
conventional	ce828	345	0.781534	36.072222	1	14	7	1.360963	4.122696	15.644939	14.943624	0.077706	0
conventional	ce829	345	0.342824	19.692620	1	14	7	1.132522	5.132969	9.346561	4.080568	0	0
conventional	ce830	345	1.702397	13.810975	1	14	7	0.527294	1.992509	3.796840	7.494332	2.326756	0
holistic	he581	347	17.730752	83.818796	12	80	47	1.610472	0	0	82.208324	0	0
conventional	ce831	347	0	21.400418	0	14	7	2.363657	5.241612	9.435954	4.359195	0	0
holistic	he582	348	0	0	0	0	0	0	0	0	0	0	0
conventional	ce832	348	0.711493	14.634964	1	14	7	1.209984	2.715650	7.048202	3.661128	0	0
conventional	ce833	348	1.806589	46.161603	1	14	7	2.989580	9.658926	18.095506	15.417591	0	0
holistic	he583	349	2.193104	6.857406	2	2	3	0	0	0	6.857406	0	0
conventional	ce834	349	0	25.436845	0	14	7	2.677966	5.602066	14.030421	3.126392	0	0
conventional	ce835	349	0	53.844859	0	14	7	1.017038	11.247969	23.350939	18.228913	1.777996	0
conventional	ce836	349	0	20.573536	0	14	7	1.960146	6.052700	7.173820	5.386870	2.920688	0
conventional	ce837	350	0	48.703427	0	14	7	1.228676	6.383934	27.558528	13.532289	2.562613	0
conventional	ce838	350	0	24.874727	0	14	7	2.032892	4.716955	11.929970	6.194910	0	0
holistic	he584	351	0.510815	4.048746	1	2	3	0	0	0	4.048746	0	0
conventional	ce839	351	0	17.684744	0	14	7	0.648594	3.123265	9.638371	4.274514	0	0
conventional	ce840	351	0	24.660591	0	14	7	0.876768	7.388116	12.613492	3.782215	0.130863	0
conventional	ce841	351	0	58.387208	0	14	7	7.894031	9.326115	25.887600	15.279462	0	0
holistic	he585	352	3.612590	6.895226	4	4	14	0	0	0	6.895226	0	0
conventional	ce842	353	0	23.886281	0	14	7	2.139319	4.030934	13.375567	4.340461	0.490258	0
conventional	ce843	353	0	62.904360	0	14	7	10.758479	10.943945	29.069394	12.132542	0	0
conventional	ce844	354	0	34.722895	0	14	7	3.437758	7.504446	14.905223	8.875468	0	0
holistic	he586	355	5.412477	47.204559	9	42	29	2.153415	0	0	45.051144	0	0
holistic	he587	355	0	0	0	0	3	0	0	0	0	0	0
holistic	he588	355	5.237751	9.997110	6	6	30	0	0	0	9.997110	0	0
conventional	ce845	355	0	27.695608	0	14	7	2.409329	6.349536	11.627996	7.308747	0	0
conventional	ce846	357	0	36.038681	0	14	7	1.020502	6.806590	21.307211	6.904378	0	0
conventional	ce847	357	0	31.701538	0	14	7	3.331642	5.874606	12.554994	9.940296	0	0
conventional	ce848	357	0	15.024591	0	14	7	0.937869	4.980937	6.719307	2.386478	0	0
conventional	ce849	357	0	18.820409	0	14	7	1.068011	3.694437	10.271217	3.786744	0.075937	0
conventional	ce850	358	0	30.329562	0	14	7	1.475847	4.951925	20.476895	3.424895	0	0
holistic	he589	359	1.057661	6.177633	2	3	4	0	0	0	6.177633	0	0
holistic	he590	359	6.544455	117.034905	15	150	47	1.385985	0	21.182100	94.466820	0	0
conventional	ce851	359	0	33.328275	0	14	7	3.589776	7.322006	13.566033	8.850460	0	0
conventional	ce852	360	0.342824	18.917342	1	14	7	1.588034	4.245992	8.475750	4.607566	0	0
conventional	ce853	361	0	18.513334	0	14	7	1.118482	2.702215	9.604779	5.087858	0	0
holistic	he591	362	1.118412	3.491977	2	4	6	0	0	0	3.491977	0	0
holistic	he592	363	1.201294	3.615476	2	4	4	0	0	0	3.615476	0	0
conventional	ce854	363	0.711493	13.852145	1	14	7	1.242911	2.329092	6.988452	3.291690	0	0
conventional	ce855	363	0	20.459161	0	14	7	1.144524	3.001791	10.605444	5.707402	0	0
conventional	ce856	365	0	19.451056	0	14	7	1.925842	4.180130	9.640380	3.704704	0	0
conventional	ce857	365	0	27.700358	0	14	7	1.339868	5.000224	15.610232	5.750034	0	0
conventional	ce858	366	0	26.276230	0	14	7	4.819221	4.448779	13.473143	3.535087	0	0
conventional	ce859	367	0.646673	29.802791	1	14	7	1.357731	7.375206	5.987098	15.082756	1.439966	0
holistic	he593	368	3.561162	19.004610	4	6	6	0	0	0	19.004610	0	0
conventional	ce860	368	0	16.234331	0	14	7	1.118482	2.730169	8.264879	4.120801	0.824395	0
holistic	he594	369	3.146006	7.557550	4	6	13	0	0	0	7.557550	0	0
conventional	ce861	369	0.239201	17.908520	1	14	7	0.660257	5.311959	8.948739	2.987565	0	0
conventional	ce862	369	1.702397	46.597525	1	14	7	2.044935	3.592463	22.894253	18.065874	2.562613	0
conventional	ce863	370	0	40.203054	0	14	7	2.628232	8.188350	20.392592	8.993880	1.244669	0
conventional	ce864	370	1.943456	26.196093	1	14	7	3.801434	5.678625	13.683287	3.032747	0	0
conventional	ce865	370	1.943456	17.253172	1	14	7	1.428172	3.024490	8.899181	3.901329	0	0
conventional	ce866	371	0	43.262661	0	14	7	4.848660	11.606181	16.472833	10.334987	0.077706	0
conventional	ce867	371	1.961870	26.785935	1	14	7	1.844196	4.641361	14.379556	5.920822	0	0
holistic	he595	372	5.008500	11.238872	4	4	24	0	0	0	11.238872	0	0
conventional	ce868	372	0	49.486357	0	14	7	1.951363	12.347053	21.958139	13.229802	1.244669	0
conventional	ce869	372	0	23.068141	0	14	7	2.645530	3.489264	11.375850	5.557497	0	0
conventional	ce870	372	1.889115	39.452391	1	14	7	5.526556	6.667136	13.741137	13.517562	2.562613	0
conventional	ce871	373	0	36.011803	0	14	7	6.347451	8.522409	14.258039	6.883904	0.424876	0
conventional	ce872	373	0.711493	13.252912	1	14	7	0.782911	2.969386	6.115255	3.385360	0	0
conventional	ce873	373	0	19.950269	0	14	7	2.755282	5.678124	8.769197	2.747666	0	0
conventional	ce874	373	0	19.777290	0	14	7	1.461200	4.957265	10.857579	2.501246	0	0
holistic	he596	374	0.883895	2.828827	2	3	5	0	0	0	2.828827	0	0
conventional	ce875	374	1.188136	40.201577	1	14	7	1.771001	9.886483	22.896733	5.647360	0	0
conventional	ce876	375	0	39.283372	0	14	7	1.086087	3.844191	22.784707	11.568387	0	0
conventional	ce877	375	0	27.844446	0	14	7	1.811163	5.273693	12.766126	7.993464	0	0
holistic	he597	376	5.412477	70.744500	9	78	29	5.762397	0	15.415551	49.566552	0	0
holistic	he598	376	24.020810	117.878805	15	105	42	6.865090	0	0	111.013715	0	0
conventional	ce878	376	0	25.985543	0	14	7	2.538099	6.181079	11.812286	5.454079	0.075937	0
conventional	ce879	376	0	61.642269	0	14	7	8.612016	7.648309	27.478356	17.903588	0.638017	0
conventional	ce880	376	0	15.714865	0	14	7	0.695092	6.122751	5.247293	3.649729	0	0
holistic	he599	377	0.533521	1.799363	2	3	6	0	0	0	1.799363	0	0
conventional	ce881	377	1.702397	40.401851	1	14	7	2.200207	5.322198	21.753982	11.125464	2.562613	0
conventional	ce882	377	0	48.583204	0	14	7	2.676446	8.043251	21.444593	16.418914	1.244669	0
conventional	ce883	377	0	24.949496	0	14	7	4.762346	5.285228	12.965596	1.936326	0	0
conventional	ce884	377	0	21.278819	0	14	7	1.994946	4.501572	9.995675	4.786626	0	0
holistic	he600	378	2.115322	13.673118	4	6	5	0	0	0	13.673118	0	0
holistic	he601	378	1.057661	7.572079	2	4	8	0	0	0	7.572079	0	0
holistic	he602	378	1.113148	7.530597	2	5	9	0.688622	0	0.955399	5.886576	0	0
holistic	he603	378	1.328221	4.531651	2	2	3	0	0	0	4.531651	0	0
conventional	ce885	378	0.443095	24.471215	1	14	7	0.955509	6.056601	11.215681	6.243424	0	0
conventional	ce886	378	0	46.100941	0	14	7	3.975165	6.562429	19.199160	16.364187	1.244669	0
holistic	he604	379	1.694996	5.287406	4	6	6	0	0	0	5.287406	0	0
holistic	he605	379	18.483165	53.296665	9	42	29	2.087436	0	0	51.209229	0	0
holistic	he606	379	1.057661	4.391100	2	2	4	0	0	0	4.391100	0	0
conventional	ce887	379	0	61.450096	0	14	7	0.889862	8.980489	29.538823	22.040922	1.276453	0
conventional	ce888	379	0	47.307686	0	14	7	2.517117	10.990352	20.211479	13.588738	0.075937	0
holistic	he607	380	2.408054	6.807766	2	2	4	0	0	0	6.807766	0	0
holistic	he608	380	0.157749	4.633411	1	4	9	0.592853	0	0	4.040558	0	0
holistic	he609	380	2.166708	5.855850	2	2	3	0	0	0	5.855850	0	0
holistic	he610	380	0.988361	8.913277	2	5	9	0.688622	0	1.713922	6.510733	0	0
holistic	he611	380	0.406164	4.955561	2	5	6	1.033964	0	0	3.921597	0	0
holistic	he612	380	3.612590	6.895226	4	4	14	0	0	0	6.895226	0	0
conventional	ce889	380	0.077254	31.459406	1	14	7	1.547936	6.115052	7.578121	16.218297	1.765537	0
conventional	ce890	380	0	28.933854	0	14	7	3.953833	3.335827	16.128511	5.515683	0	0
holistic	he613	381	1.612591	5.189851	2	5	9	0.688622	0	1.713922	2.787307	0	0
holistic	he614	381	19.696352	66.339448	12	80	47	1.139784	0	0	65.199664	0	0
conventional	ce891	381	1.943456	28.757308	1	14	7	2.914752	5.434933	14.937582	5.470041	0	0
conventional	ce892	381	0	36.301596	0	14	7	5.572603	9.013527	16.383466	5.332000	0	0
holistic	he615	382	0.635621	24.322051	3	11	20	0.320123	0	6.497512	17.504416	0	0
holistic	he616	382	1.577134	2.148854	4	6	6	0	0	0	2.148854	0	0
conventional	ce893	382	0.342824	21.087657	1	14	7	1.574291	5.132969	10.177668	4.202729	0	0
conventional	ce894	382	0	17.570574	0	14	7	1.471511	5.246431	8.132453	2.720179	0	0
holistic	he617	383	9.020795	107.381930	15	130	47	1.948470	0	29.491325	75.942135	0	0
holistic	he618	383	3.146006	7.714828	4	6	12	0	0	0	7.714828	0	0
holistic	he619	383	0.461713	5.212311	1	4	9	0.592853	0	0	4.619458	0	0
holistic	he620	383	1.624673	5.455809	1	4	14	0	0	1.509830	3.945979	0	0
holistic	he621	383	3.172983	6.788676	6	6	10	0	0	0	6.788676	0	0
holistic	he622	383	2.111804	10.727080	4	8	14	0	0	2.826732	7.900348	0	0
holistic	he623	383	3.089238	39.829590	6	15	24	0	0	6.078354	33.751236	0	0
conventional	ce895	383	0	5.945060	0	14	7	0.812034	0.741721	2.748649	1.642656	0	0
conventional	ce896	383	0.322869	63.683771	1	14	7	10.928956	12.037656	28.905646	11.811513	2.097747	0
holistic	he624	384	5.100105	84.631785	9	78	29	5.762397	0	29.442609	49.426779	0	0
holistic	he625	384	1.995455	3.883555	2	3	5	0	0	0	3.883555	0	0
holistic	he626	384	3.560242	5.829099	2	2	8	0	0	0	5.829099	0	0
conventional	ce897	384	0	22.355149	0	14	7	2.438921	2.464852	14.401617	3.049759	0	0
conventional	ce898	384	0	25.351201	0	14	7	3.850819	5.440650	13.095272	2.964460	0	0
conventional	ce899	384	0	33.373999	0	14	7	4.004968	6.337665	15.518627	7.512739	0	0
holistic	he627	385	1.057661	6.382263	2	3	4	0	0	0	6.382263	0	0
holistic	he628	385	0	0	0	0	3	0	0	0	0	0	0
holistic	he629	385	1.841176	6.748964	4	6	7	0	0	0	6.748964	0	0
holistic	he630	385	3.193012	7.670134	4	6	13	0	0	0	7.670134	0	0
holistic	he631	385	0.544084	2.525268	2	3	5	0	0	0	2.525268	0	0
holistic	he632	385	22.163440	74.091066	15	117	55	1.878870	0	0	72.212196	0	0
holistic	he633	387	0.091722	4.358217	1	4	9	0.592853	0	0	3.765364	0	0
holistic	he634	387	0.544084	1.731116	2	3	5	0	0	0	1.731116	0	0
holistic	he635	387	2.193104	5.967142	2	2	3	0	0	0	5.967142	0	0
holistic	he636	387	3.314638	8.703044	4	4	10	0	0	0	8.703044	0	0
holistic	he637	387	3.491834	7.865382	4	4	18	0	0	0	7.865382	0	0
holistic	he638	387	5.412477	27.876639	9	15	29	0	0	0	27.876639	0	0
holistic	he639	387	0.753483	5.507805	2	4	8	0	0	0	5.507805	0	0
holistic	he640	387	0.883895	2.976599	2	3	5	0	0	0	2.976599	0	0
holistic	he641	387	1.044557	24.297779	3	13	20	0.320123	0	0	23.977656	0	0
holistic	he642	388	0.597083	3.869950	2	3	6	1.171073	0	0	2.698877	0	0
holistic	he643	388	0	0	0	0	1	0	0	0	0	0	0
holistic	he644	388	2.345727	2.829931	1	2	8	0.024017	0	0	2.805914	0	0
conventional	ce900	388	0	43.948865	0	14	7	0.999869	3.629095	23.888331	15.431570	0	0
holistic	he645	389	21.465872	67.213404	12	80	47	1.469888	0	0	65.743516	0	0
holistic	he646	389	2.921019	84.769983	9	78	29	5.940225	0	43.639866	35.189892	0	0
holistic	he647	389	2.193104	6.941545	2	2	3	0	0	0	6.941545	0	0
conventional	ce901	389	0.646673	15.945629	1	14	7	0.624832	4.112218	7.401017	3.807562	1.909129	0
conventional	ce902	389	0	46.810131	0	14	7	2.055417	10.266567	21.029228	13.458919	0	0
conventional	ce903	389	0	29.277204	0	14	7	2.376509	3.849572	16.169711	6.881412	0	0
holistic	he648	390	24.118205	80.762921	20	122	55	2.130940	0	1.954765	76.677216	0	0
holistic	he649	390	6.795870	60.501264	9	60	29	1.242579	0	11.284326	47.974359	0	0
conventional	ce904	390	0	44.411085	0	14	7	5.852731	7.264708	23.380918	7.912728	0	0
holistic	he650	391	0.430379	0.688161	2	2	5	0	0	0	0.688161	0	0
holistic	he651	391	1.368400	2.543474	4	6	6	0	0	0	2.543474	0	0
conventional	ce905	391	0	15.051406	0	14	7	2.223828	2.196980	6.616478	4.014120	0	0
conventional	ce906	391	0	10.388992	0	13	7	0.926097	1.404624	4.726807	3.331464	0	0
conventional	ce907	391	1.751338	22.260322	1	14	7	1.458106	7.246696	9.925324	3.630196	0	0
conventional	ce908	391	0	26.211215	0	14	7	3.668173	6.183333	9.416846	6.942863	0	0
conventional	ce909	391	0	25.429484	0	14	7	1.237425	5.795873	14.531720	3.864466	0	0
holistic	he652	392	3.380991	3.780168	6	6	26	0	0	0	3.780168	0	0
holistic	he653	392	1.653419	6.290212	2	2	3	0	0	0	6.290212	0	0
holistic	he654	392	0	0	0	0	0	0	0	0	0	0	0
holistic	he655	392	0	0	0	0	2	0	0	0	0	0	0
conventional	ce910	392	0	65.437938	0	14	7	8.052775	7.977275	28.790850	20.617038	0.638017	0
holistic	he656	393	0.836807	6.085653	2	5	6	1.033964	0	0	5.051689	0	0
holistic	he657	394	0.988361	8.063633	2	5	9	0.698533	0	1.713922	5.651178	0	0
holistic	he658	395	3.560094	123.643041	9	99	38	5.762397	0	54.976236	62.904408	0	0
holistic	he659	395	0.523297	5.394661	2	6	8	1.304799	0	0	4.089862	0	0
conventional	ce911	395	1.943456	35.665294	1	14	7	4.054104	8.353372	15.282106	7.975712	0	0
holistic	he660	396	3.660010	15.697526	4	18	18	2.754488	0	3.329690	9.613348	0	0
holistic	he661	396	4.874019	9.302871	3	3	27	0	0	0	9.302871	0	0
holistic	he662	396	1.113148	7.053182	2	4	8	0	0	0.955399	6.097783	0	0
holistic	he663	396	1.110865	2.707842	2	3	4	0	0	0	2.707842	0	0
conventional	ce912	396	0	33.272930	0	14	7	6.441617	2.766481	16.688569	7.376263	0.275330	0
conventional	ce913	397	0	68.011693	0	14	7	2.345260	10.061396	32.555362	23.049675	1.276453	0
conventional	ce914	397	0	17.121681	0	14	7	2.322647	2.768334	7.584891	4.445809	0	0
holistic	he664	398	18.483165	54.903840	9	42	29	2.199852	0	0	52.703988	0	0
holistic	he665	398	0.157749	4.015465	1	4	10	0.653546	0	0	3.361919	0	0
holistic	he666	398	0.477872	6.566202	2	4	14	0.320123	0	1.624378	4.621701	0	0
conventional	ce915	398	0	41.065474	0	14	7	4.066725	6.855995	17.331149	12.811605	0	0
conventional	ce916	398	0	62.959535	0	14	7	8.305044	11.531478	27.974308	15.148705	0	0
holistic	he667	399	10.260945	61.669629	12	63	29	2.962557	0	12.044820	46.662252	0	0
holistic	he668	399	0	0	0	0	27	0	0	0	0	0	0
conventional	ce917	399	0	22.065777	0	14	7	2.820640	4.801686	7.657307	6.786144	0	0
conventional	ce918	399	0	20.182085	0	14	7	0.469130	2.377501	10.891024	6.444430	0	0
conventional	ce919	399	0.342824	46.758534	1	14	7	2.982214	4.887678	20.052505	18.836137	0.391040	0
conventional	ce920	399	0	35.160608	0	14	7	1.430823	5.977129	16.178263	11.574393	0	0
holistic	he669	400	13.792803	51.339691	9	78	47	2.254644	0	0.239700	48.845347	0	0.041959
holistic	he670	400	0.652509	29.248947	3	13	20	0.320123	0	5.486628	23.442196	0	0
holistic	he671	400	0.412219	8.080767	2	4	8	0	0	0.254470	7.826297	0	0
conventional	ce921	400	0	22.143592	0	14	7	1.226161	5.730796	10.591265	4.595370	0	0
conventional	ce922	400	0.894876	33.356501	1	14	7	3.746064	4.838732	13.842698	10.929007	2.562613	0
conventional	ce923	400	0	38.407233	0	14	7	1.285692	7.485365	14.424113	15.212063	0	0
holistic	he672	401	0.327363	1.166594	2	3	5	0	0	0	1.166594	0	0
conventional	ce924	401	0	23.137354	0	14	7	2.180181	4.096602	11.879071	4.981500	0	0
conventional	ce925	401	0	29.421924	0	14	7	4.819062	2.979452	17.007310	4.616100	0	0
conventional	ce926	401	1.228964	45.586990	1	14	7	1.698303	12.267482	24.387283	7.233922	0	0
holistic	he673	402	2.895435	25.600303	6	16	18	0.316284	0	3.427844	21.856175	0	0
conventional	ce927	402	2.239172	30.685088	1	14	7	2.964734	3.875640	17.498043	6.346671	0	0
conventional	ce928	402	0	22.007354	0	14	7	3.223749	2.586891	9.058763	7.137951	0	0
conventional	ce929	402	0	21.539003	0	14	7	1.987579	5.215005	9.563330	4.773089	0	0
conventional	ce930	402	0	46.038230	0	14	7	2.892105	8.703202	17.547780	16.895143	0	0
conventional	ce931	402	0	55.475160	0	14	7	3.476865	10.739979	32.283248	8.975068	0	0
holistic	he674	403	2.097014	3.139919	1	1	2	0	0	0	3.139919	0	0
holistic	he675	403	4.874019	17.275123	3	26	27	0	0	6.047260	11.227863	0	0
conventional	ce932	403	1.943456	39.716411	1	14	7	6.485788	5.665467	19.900996	7.664160	0	0
conventional	ce933	403	0.066647	12.534880	1	14	7	0.495498	2.085702	7.892193	2.061487	0	0
conventional	ce934	403	1.943456	29.273503	1	14	7	3.120675	7.241881	14.374089	4.536858	0	0
conventional	ce935	403	0.443095	17.714206	1	14	7	0.980064	5.184702	9.022539	2.526901	0	0
conventional	ce936	403	0	13.762798	0	14	7	0.727976	3.309993	6.207189	3.517640	0	0
conventional	ce937	404	0.342824	61.997596	1	14	7	3.858081	7.094459	26.264784	24.780272	0.481088	0
conventional	ce938	404	0	34.999751	0	14	7	3.800598	5.244126	15.155047	10.799980	0	0
conventional	ce939	404	0	43.978774	0	14	7	4.105216	6.523342	17.645956	15.704260	1.244669	0
conventional	ce940	404	0	10.156686	0	13	7	1.023316	1.043907	4.704134	3.385329	0	0
conventional	ce941	405	0.388528	35.434948	1	14	7	4.119310	9.222887	10.535575	11.557176	0	0
conventional	ce942	405	0	16.417177	0	14	7	2.681520	2.106987	7.314132	4.314538	0	0
conventional	ce943	405	0	46.816294	0	14	7	6.069162	7.243704	24.540260	8.963168	0	0
holistic	he676	406	5.412477	91.672974	9	87	29	6.515502	0	23.049036	62.108436	0	0
conventional	ce944	406	0	64.717452	0	14	7	9.998554	11.531525	26.211722	16.975651	0	0
holistic	he677	407	1.698608	4.334564	4	8	6	0	0	0	4.334564	0	0
holistic	he678	407	31.684635	207.577080	25	230	55	13.026675	0	100.088775	94.461630	0	0
holistic	he679	407	0.387620	2.775066	2	4	4	0	0	0	2.775066	0	0
conventional	ce945	407	0	32.517492	0	14	7	2.443042	6.729424	16.405812	6.939214	0	0
conventional	ce946	408	0	29.733074	0	14	7	3.574509	5.924495	13.499779	6.734291	0	0
holistic	he680	409	6.131589	37.971873	9	42	29	1.890993	0	0	36.080880	0	0
holistic	he681	409	0.544084	1.699300	2	3	5	0	0	0	1.699300	0	0
conventional	ce947	409	0.439348	19.089929	1	14	7	1.800541	5.347007	8.334391	3.607990	0	0
conventional	ce948	409	1.943456	43.451948	1	14	7	6.159265	8.544296	19.761562	8.986825	0	0
conventional	ce949	410	0	30.187161	0	14	7	4.364832	3.392668	16.955505	5.474156	0	0
conventional	ce950	411	1.188136	46.902546	1	14	7	5.045843	9.027485	25.846774	6.982444	0	0
conventional	ce951	411	0	20.060405	0	14	7	2.018038	4.461670	8.307006	5.273691	0	0
conventional	ce952	411	0	36.905194	0	14	7	1.478897	6.306121	22.643891	6.476285	0	0
holistic	he682	412	0.883895	2.510447	2	3	5	0	0	0	2.510447	0	0
conventional	ce953	412	2.688199	34.685290	1	14	7	3.545292	7.195867	14.317609	9.626522	0	0
holistic	he683	413	2.682396	2.999091	6	6	26	0	0	0	2.999091	0	0
conventional	ce954	413	0	33.361465	0	14	7	4.040734	5.618909	13.132495	10.569327	0	0
conventional	ce955	414	0	9.792588	0	14	7	1.226034	2.519852	3.892831	2.153871	0	0
conventional	ce956	414	0	36.985667	0	14	7	1.575578	7.217329	19.566680	8.626080	0	0
holistic	he684	415	1.368400	2.543474	4	6	6	0	0	0	2.543474	0	0
holistic	he685	415	3.491834	7.865382	4	4	18	0	0	0	7.865382	0	0
conventional	ce957	415	0.443095	20.448723	1	14	7	1.208470	5.275529	11.160278	2.804446	0	0
conventional	ce958	415	0	29.625378	0	14	7	2.638728	5.173329	18.226933	3.586388	0	0
holistic	he686	416	0.883895	2.976599	2	3	5	0	0	0	2.976599	0	0
conventional	ce959	416	0	45.792963	0	14	7	2.095604	9.831636	19.945207	13.920516	1.244669	0
holistic	he687	417	1.653419	6.067055	2	2	3	0	0	0	6.067055	0	0
conventional	ce960	417	0	36.147713	0	14	7	4.667342	5.974206	18.242698	7.263467	0	0
conventional	ce961	417	1.943456	23.409061	1	14	7	2.561786	3.958170	13.844034	3.045071	0	0
conventional	ce962	418	1.943456	11.477569	1	14	7	1.845225	1.194377	4.605618	3.832349	0	0
holistic	he688	419	1.034182	2.052658	4	6	6	0	0	0	2.052658	0	0
conventional	ce963	419	0	62.748586	0	14	7	9.298954	7.001808	31.661833	14.785991	0	0
conventional	ce964	419	0.443095	25.550516	1	14	7	0.729949	6.056601	11.633265	7.130701	0	0
conventional	ce965	421	0.428311	44.346248	1	14	7	2.779231	5.180484	18.275461	18.111072	0.391040	0
conventional	ce966	421	0	30.160146	0	14	7	5.948285	6.916885	14.927806	2.367170	0	0
holistic	he689	422	2.339046	4.339690	4	6	6	0	0	0	4.339690	0	0
holistic	he690	423	0	0	0	0	1	0	0	0	0	0	0
conventional	ce967	423	0	31.663920	0	14	7	4.841567	3.489320	18.243056	5.089977	0	0
conventional	ce968	423	0	18.040357	0	14	7	1.432888	2.884401	9.502342	4.220726	0	0
conventional	ce969	425	0	46.623738	0	14	7	6.863306	6.171395	25.054115	8.534922	0.633752	0
holistic	he691	426	22.163440	115.770857	15	172	55	3.411085	0	0	112.359772	0	0
conventional	ce970	426	0	62.389932	0	14	7	1.736134	10.344874	39.584137	10.724787	0	0
conventional	ce971	426	0	33.253023	0	14	7	4.319489	7.305214	14.453425	7.174895	0.069831	0
holistic	he692	427	4.530580	42.872450	6	40	29	0.828386	0	7.522884	34.521180	0	0
conventional	ce972	428	0	23.689917	0	14	7	2.284621	4.600697	11.087890	5.716709	0	0
conventional	ce973	428	1.943456	31.776798	1	14	7	2.644067	7.352141	18.437716	3.342874	0	0
holistic	he693	429	1.057661	1.279179	2	2	6	0	0	0	1.279179	0	0
conventional	ce974	430	2.080988	33.761162	1	14	7	3.502493	7.164962	15.810471	7.283236	0	0
holistic	he694	431	0.544084	1.510943	2	3	5	0	0	0	1.510943	0	0
holistic	he695	431	2.193104	5.967142	2	2	3	0	0	0	5.967142	0	0
conventional	ce975	431	0	31.470738	0	14	7	3.100976	6.337145	13.665159	8.367458	0	0
conventional	ce976	431	0	16.976019	0	14	7	2.546236	2.106987	7.631638	4.691158	1.208580	0
conventional	ce977	432	0	17.038274	0	14	7	2.681520	2.106987	7.161914	5.087853	0	0
holistic	he696	433	9.716391	52.076055	12	63	29	3.153903	0	2.299656	46.622496	0	0
conventional	ce978	433	0	11.102496	0	13	7	1.160396	1.288420	5.043485	3.610195	0	0
holistic	he697	434	0.883895	2.114448	2	2	4	0	0	0	2.114448	0	0
conventional	ce979	434	1.526403	40.933547	1	14	7	5.911743	9.803121	15.818786	9.399897	0	0
conventional	ce980	435	0.342824	31.014876	1	14	7	3.252227	6.596548	13.152528	8.013573	1.320497	0
holistic	he698	436	1.543775	4.261476	2	2	3	0	0	0	4.261476	0	0
conventional	ce981	436	0	54.533729	0	14	7	2.721319	9.449208	26.317116	16.046086	1.244669	0
conventional	ce982	436	1.286995	49.902252	1	14	7	6.622740	10.589603	20.797976	11.891933	0.075937	0
conventional	ce983	437	0	47.662615	0	14	7	5.609972	8.912609	23.237986	9.902048	0	0
conventional	ce984	437	0	39.463735	0	14	7	3.993731	6.021644	17.880492	11.567868	0.550043	0
conventional	ce985	437	0.107141	14.312091	1	14	7	2.282884	2.293048	6.189302	3.546857	0	0
conventional	ce986	437	0	36.765703	0	14	7	3.280327	8.322362	15.799183	9.363831	0	0
holistic	he699	438	19.411455	45.458151	9	36	28	5.262042	0	0	40.196109	0	0
holistic	he700	438	0.952763	6.856448	2	4	4	1.333783	0	0	5.522665	0	0
holistic	he701	438	2.052600	5.410977	6	9	8	0	0	0	5.410977	0	0
conventional	ce987	438	1.134881	50.353531	1	14	7	5.326218	9.361336	27.176299	8.489678	0	0
conventional	ce988	438	0	11.861236	0	7	7	0.931762	2.026373	4.574496	4.328605	0	0
holistic	he702	439	6.035601	53.860899	9	60	29	1.242579	0	11.284326	41.333994	0	0
conventional	ce989	439	1.943456	35.169185	1	14	7	2.296749	7.175663	21.377619	4.319154	0	0
holistic	he703	440	1.410477	3.588260	2	3	4	0	0	0	3.588260	0	0
holistic	he704	440	1.653419	6.084676	2	3	3	0.147859	0	0	5.936817	0	0
holistic	he705	440	0.430379	0.688161	2	2	5	0	0	0	0.688161	0	0
conventional	ce990	440	0.428311	46.601477	1	14	7	1.854543	5.096738	20.881099	18.769097	1.672070	0
holistic	he706	441	1.698608	4.163978	4	8	6	0	0	0	4.163978	0	0
holistic	he707	441	2.097014	3.139919	1	1	2	0	0	0	3.139919	0	0
conventional	ce991	441	1.943456	30.335408	1	14	7	2.216398	6.535626	18.630745	2.952639	0	0
conventional	ce992	441	0	27.697944	0	14	7	3.153187	2.357009	14.611448	7.576300	0	0
conventional	ce993	441	0	31.640112	0	14	7	2.979367	6.888844	16.821935	4.949966	0	0
holistic	he708	442	15.578140	48.195636	12	72	46	1.503096	0	0	46.692540	0	0
holistic	he709	442	2.828725	27.438249	5	15	16	0	0	1.910798	25.527451	0	0
holistic	he710	442	50.513418	175.968990	27	270	82	0	0	0	175.968990	0	0
conventional	ce994	442	0	56.129715	0	14	7	4.002068	10.298823	33.121572	8.707252	0	0
conventional	ce995	442	0	46.274260	0	14	7	3.007620	9.800140	21.001587	12.464913	0.591684	0
conventional	ce996	442	0	32.674744	0	14	7	2.386019	7.471236	15.585363	7.232126	1.997422	0
holistic	he711	443	0.775240	15.066036	4	12	8	0	0	0	15.066036	0	0
conventional	ce997	443	1.943456	25.725771	1	14	7	2.279041	4.121817	16.213467	3.111446	0	0
conventional	ce998	443	0	9.877154	0	13	7	1.692801	1.288420	3.285738	3.610195	0	0
holistic	he712	444	0.430379	0.693610	2	2	5	0	0	0	0.693610	0	0
holistic	he713	444	2.097014	3.139919	1	1	2	0	0	0	3.139919	0	0
holistic	he714	444	1.718372	6.988658	4	6	7	0	0	0	6.988658	0	0
conventional	ce999	444	0	31.375802	0	14	7	2.884223	5.491926	16.371639	6.628014	0	0
conventional	ce1000	444	0	35.285818	0	14	7	5.335601	4.930109	14.527057	10.493051	0	0
holistic	he715	445	0.352139	6.603768	1	2	8	0	0	0	6.603768	0	0
holistic	he716	445	1.368400	3.377476	4	6	6	0	0	0	3.377476	0	0
holistic	he717	445	1.034182	2.018068	4	6	8	0	0	0	2.018068	0	0
holistic	he718	445	0.682220	31.962066	3	13	20	0.349834	0	7.510416	24.101816	0	0
holistic	he719	445	7.260183	29.534883	12	18	29	0	0	1.847706	27.687177	0	0
conventional	ce1001	445	0	52.592682	0	14	7	1.213993	12.172259	29.928654	9.277776	0	0
holistic	he720	446	0.841407	2.432144	2	3	6	0	0	0	2.432144	0	0
conventional	ce1002	446	0	18.305586	0	14	7	0.819416	3.040236	10.539402	3.906532	0	0
holistic	he721	447	0.602429	7.229809	1	7	16	0	0	0	7.229809	0	0
holistic	he722	447	20.679210	61.054497	9	42	29	2.199852	0	0	58.854645	0	0
holistic	he723	447	1.054526	2.144309	2	2	5	0	0	0	2.144309	0	0
holistic	he724	447	0	0	0	0	0	0	0	0	0	0	0
holistic	he725	447	14.240580	67.847955	20	70	56	0	0	17.006295	50.841660	0	0
holistic	he726	447	1.368400	3.938030	4	6	6	0	0	0	3.938030	0	0
holistic	he727	447	2.097014	3.139919	1	1	2	0	0	0	3.139919	0	0
holistic	he728	447	6.723231	85.367580	9	87	29	6.161499	0	22.102011	57.104070	0	0
holistic	he729	448	0.387620	3.045694	2	4	4	0	0	0	3.045694	0	0
holistic	he730	449	1.609912	1.583673	2	3	7	0	0	0.955399	0.628274	0	0
holistic	he731	449	20.521890	238.325388	24	216	56	2.926236	0	58.285068	177.114084	0	0
holistic	he732	449	0.836807	5.425202	2	5	6	1.033964	0	0	4.391238	0	0
conventional	ce1003	449	0	48.946196	0	14	7	4.521292	10.082003	24.276641	10.066260	0	0
holistic	he733	450	7.508211	29.771133	12	18	29	0	0	2.095734	27.675399	0	0
holistic	he734	450	0.943561	2.563726	1	2	3	0	0	0	2.563726	0	0
conventional	ce1004	450	0	36.480770	0	14	7	1.376135	6.421212	22.243770	6.439653	0	0
holistic	he735	451	0.387620	5.250548	2	4	4	0	0	0	5.250548	0	0
holistic	he736	451	0	0	0	0	1	0	0	0	0	0	0
holistic	he737	451	1.543775	4.261476	2	2	3	0	0	0	4.261476	0	0
holistic	he738	451	0.327363	1.166594	2	3	7	0	0	0	1.166594	0	0
holistic	he739	451	0.734879	4.583745	2	3	8	0	0	0.254470	4.329275	0	0
holistic	he740	451	1.410477	4.669842	2	3	4	0	0	0	4.669842	0	0
conventional	ce1005	451	1.943456	32.733714	1	14	7	4.004720	6.606582	18.755939	3.366473	0	0
conventional	ce1006	451	0	32.991035	0	14	7	2.323850	8.138620	17.424715	5.103850	1.997422	0
conventional	ce1007	451	1.188136	46.696582	1	14	7	4.694121	8.727907	26.341880	6.932674	0	0
conventional	ce1008	451	0	27.611894	0	14	7	3.326390	1.977952	15.235893	7.071659	0	0
conventional	ce1009	451	0	14.724060	0	14	7	1.481727	2.767970	6.751388	3.722975	0	0
conventional	ce1010	451	0	18.747370	0	14	7	0.888194	3.040236	10.692047	4.126893	0	0
holistic	he741	452	4.440264	16.071956	8	12	20	0	0	1.152858	14.919098	0	0
holistic	he742	452	2.773184	4.152368	2	2	4	0	0	0	4.152368	0	0
conventional	ce1011	452	0	18.129795	0	14	7	1.956963	1.194841	9.438609	5.539382	0	0
holistic	he743	453	0.544084	1.699300	2	3	5	0	0	0	1.699300	0	0
holistic	he744	453	20.385633	91.140333	9	75	33	6.599556	0	0	84.540777	0	0
conventional	ce1012	453	0	29.424717	0	14	7	2.058981	4.664365	15.207904	7.493467	0	0
holistic	he745	454	5.611546	44.543140	8	32	20	0.755200	0	3.930632	39.857308	0	0
holistic	he746	454	0	0	0	0	5	0	0	0	0	0	0
holistic	he747	454	1.586388	4.804745	2	3	5	0	0	0	4.804745	0	0
holistic	he748	454	6.753173	38.720354	8	14	11	0	1.792916	0	36.927438	0	0
conventional	ce1013	454	1.943456	18.367107	1	14	7	1.059481	4.401358	7.097757	5.808511	0	0
holistic	he749	455	2.547912	17.642355	6	21	9	0	0	0	17.642355	0	0
conventional	ce1014	455	1.262160	40.559846	1	14	7	6.187965	7.724508	15.983803	10.663570	0	0
conventional	ce1015	455	1.545097	30.697886	1	14	7	2.295426	6.570807	18.179802	3.651851	0	0
conventional	ce1016	455	0	11.694303	0	14	7	1.902132	1.610851	5.174868	3.006452	0	0
holistic	he750	456	22.467120	58.392234	9	42	29	1.538622	0	0	56.853612	0	0
holistic	he751	456	0.544084	1.699300	2	4	5	0	0	0	1.699300	0	0
holistic	he752	456	2.820954	11.200752	4	10	8	0	0	0	11.200752	0	0
holistic	he753	456	0.883895	3.496226	2	3	5	0	0	0	3.496226	0	0
holistic	he754	456	1.698608	4.186126	4	8	6	0	0	0	4.186126	0	0
conventional	ce1017	457	0	60.066521	0	14	7	2.700527	11.151732	37.211130	9.003132	0	0
conventional	ce1018	457	1.262160	43.578442	1	14	7	6.695082	8.365842	18.359506	10.158012	0	0
holistic	he755	458	2.097014	2.351455	1	1	2	0	0	0	2.351455	0	0
holistic	he756	458	34.315830	97.618965	15	90	46	8.770070	0	0	88.848895	0	0
holistic	he757	458	7.266452	18.059764	6	20	27	0	0	0	18.059764	0	0
holistic	he758	458	0.787348	1.382453	2	2	5	0	0	0	1.382453	0	0
conventional	ce1019	458	0	63.161796	0	14	7	3.051217	11.087340	37.471733	11.551506	0	0
holistic	he759	459	0.576128	2.098114	2	2	5	0	0	0	2.098114	0	0
holistic	he760	459	0.544084	1.767970	2	3	5	0	0	0	1.767970	0	0
conventional	ce1020	459	1.268392	33.265359	1	14	7	4.009483	7.318071	12.910694	9.027111	0	0
holistic	he761	460	0.684200	1.409219	2	2	3	0	0	0	1.409219	0	0
holistic	he762	460	2.233964	3.980476	4	6	6	0	0	0	3.980476	0	0
holistic	he763	460	0.495559	1.436148	2	2	5	0	0	0	1.436148	0	0
holistic	he764	460	0.387620	5.703380	2	4	4	0	0	0	5.703380	0	0
conventional	ce1021	460	0.439348	19.744286	1	14	7	2.050185	5.095927	9.365693	3.232481	0	0
conventional	ce1022	460	0.428311	49.939730	1	14	7	3.709382	4.993025	19.687010	21.550313	0.186687	0
holistic	he765	461	7.508211	29.771133	12	18	29	0	0	2.095734	27.675399	0	0
holistic	he766	461	8.162246	45.916102	8	42	29	2.519132	0	6.494154	36.902816	0	0
conventional	ce1023	461	0	52.249646	0	14	7	3.527396	10.683494	28.128468	9.910288	0	0
conventional	ce1024	461	0	29.805281	0	14	7	3.849275	3.890648	15.746870	6.318488	0	0
holistic	he767	462	0.883895	3.792100	2	3	5	0	0	0	3.792100	0	0
conventional	ce1025	462	0	27.305401	0	14	7	4.332284	4.293941	10.126610	8.552566	0	0
conventional	ce1026	462	0	26.327804	0	14	7	2.243097	3.197411	12.333624	8.553672	0	0
conventional	ce1027	462	0	25.341046	0	14	7	1.288052	4.697094	16.874360	2.481540	0	0
holistic	he768	463	2.097014	0.108498	1	1	2	0	0	0	0.108498	0	0
holistic	he769	463	0	0	0	0	3	0	0	0	0	0	0
conventional	ce1028	463	0	44.972349	0	14	7	5.191430	9.914901	20.480226	9.385792	0	0
conventional	ce1029	463	0	42.601375	0	14	7	5.081319	5.487709	17.835271	14.197076	0	0
conventional	ce1030	463	0	61.452476	0	14	7	1.763332	12.757701	35.108780	11.822663	0	0
conventional	ce1031	464	0	57.808550	0	14	7	3.472829	10.220584	34.162371	9.952766	0	0
conventional	ce1032	464	0.439348	23.554761	1	14	7	1.563095	7.313526	10.091814	4.586326	0	0
conventional	ce1033	465	0	31.442231	0	14	7	3.942893	3.152810	15.938299	8.408229	0	0
holistic	he770	466	1.280394	2.015452	4	4	7	0	0	0	2.015452	0	0
holistic	he771	467	6.035601	67.785219	9	75	38	1.881876	0	15.045768	50.857575	0	0
holistic	he772	467	0.544084	1.510943	2	3	5	0	0	0	1.510943	0	0
conventional	ce1034	467	0	46.373957	0	14	7	4.088119	7.944363	27.087071	7.254404	0	0
conventional	ce1035	467	0	36.008120	0	14	7	0.980783	6.809783	22.914321	5.303233	0	0
conventional	ce1036	467	0	33.069671	0	14	7	0.950953	8.533382	11.324607	12.260729	0	0
conventional	ce1037	467	0	34.868753	0	14	7	7.305924	3.326650	17.607306	6.628873	1.208580	0
holistic	he773	468	0.387620	3.045694	2	4	4	0	0	0	3.045694	0	0
conventional	ce1038	468	1.286995	47.061130	1	14	7	6.491457	8.332432	19.917242	12.319999	0.075937	0
holistic	he774	469	1.410477	4.748127	2	3	4	0	0	0	4.748127	0	0
holistic	he775	469	12.118936	38.460452	6	22	20	1.414776	0	0	37.045676	0	0
holistic	he776	469	0.682220	29.891632	3	13	20	0.349834	0	9.210680	20.331118	0	0
conventional	ce1039	469	0	11.324627	0	13	7	1.192425	1.253609	5.092808	3.785785	0	0
conventional	ce1040	469	0	47.492184	0	14	7	2.691859	9.618218	26.628459	8.553648	0	0
conventional	ce1041	469	0	58.735437	0	14	7	8.072417	11.395156	31.129823	8.138041	0	0
conventional	ce1042	469	0	38.103559	0	14	7	0.650963	6.861865	22.765210	7.825521	0	0
conventional	ce1043	470	0.236802	28.340504	1	14	7	2.880640	5.113035	14.044309	6.302520	0	0
conventional	ce1044	470	0	34.934718	0	14	7	3.106652	8.403652	15.296533	8.127881	0	0
conventional	ce1045	470	0	51.010845	0	14	7	2.851730	8.005397	31.329294	8.824424	0	0
holistic	he777	471	0.859186	4.079691	2	3	5	0	0	0	4.079691	0	0
holistic	he778	471	0.086000	3.540540	2	4	4	0	0	0	3.540540	0	0
holistic	he779	471	2.047818	3.677508	4	6	6	0	0	0	3.677508	0	0
conventional	ce1046	471	0	5.542406	0	7	7	0.281829	0.293903	3.326556	1.640118	0	0
conventional	ce1047	471	0	24.258087	0	14	7	2.380525	3.087420	12.818691	5.971451	0	0
conventional	ce1048	471	1.943456	33.477096	1	14	7	2.542160	9.364347	19.874024	1.696565	0	0
conventional	ce1049	472	0	25.067977	0	14	7	5.320233	1.652714	10.269408	7.825622	0	0
conventional	ce1050	472	0	51.617628	0	14	7	3.247517	10.782547	21.600609	15.986955	1.244669	0
conventional	ce1051	472	0	57.759690	0	14	7	3.735769	13.190568	34.809877	6.023476	0	0
conventional	ce1052	473	0	61.437304	0	14	7	3.643271	9.076288	38.578036	10.139709	0	0
conventional	ce1053	473	0	16.692533	0	14	7	2.227830	4.071932	7.221748	3.171023	0	0
conventional	ce1054	473	0	24.920640	0	14	7	2.025734	5.058751	11.341308	6.494847	0	0
holistic	he780	474	0.669628	1.383902	2	2	3	0	0	0	1.383902	0	0
conventional	ce1055	474	0	64.753594	0	14	7	2.178325	13.163280	39.929168	9.482821	0	0
conventional	ce1056	474	0	25.154864	0	14	7	2.216669	5.040223	14.225499	3.672473	0	0
conventional	ce1057	474	2.066092	15.511982	1	14	7	1.479844	1.757809	9.486272	2.788057	1.629709	0
conventional	ce1058	474	0	47.198026	0	14	7	1.164481	5.017554	22.728544	18.287447	0	0
holistic	he781	475	27.180844	148.417288	12	132	44	12.265488	0	0	136.151800	0	0
conventional	ce1059	475	0	46.936635	0	14	7	4.854675	9.451274	24.230551	8.400135	0	0
conventional	ce1060	475	0	28.119869	0	14	7	4.634694	3.367157	14.708862	5.409156	0	0
conventional	ce1061	475	2.066092	16.364310	1	14	7	1.613870	2.200665	9.715315	2.834460	1.292456	0
conventional	ce1062	475	0	67.063239	0	14	7	3.122094	13.102392	39.998537	10.840216	0	0
holistic	he782	476	0.544084	0.676909	2	2	4	0	0	0	0.676909	0	0
conventional	ce1063	476	0.943514	43.744487	1	14	7	4.592056	10.735131	19.624375	8.792925	0.122514	0
conventional	ce1064	476	0	66.467202	0	14	7	2.085561	12.196854	41.820152	10.364635	0	0
conventional	ce1065	476	0	20.399365	0	14	7	1.848024	2.973279	11.320997	4.257065	0	0
conventional	ce1066	476	1.943456	29.668250	1	14	7	3.087925	6.797538	16.439765	3.343022	1.337897	0
conventional	ce1067	476	1.913382	34.498990	1	14	7	2.320683	7.370405	16.745096	8.062806	1.997422	0
holistic	he783	477	0.086000	5.365696	2	6	7	0	0	0	5.365696	0	0
conventional	ce1068	477	1.188136	46.805894	1	14	7	5.686066	8.781138	25.040668	7.298022	0.396681	0
conventional	ce1069	477	0	30.724869	0	14	7	4.120743	3.279131	12.109949	11.215046	0	0
conventional	ce1070	478	0	53.634244	0	14	7	6.578382	13.201416	25.440220	8.414226	0.304442	0
holistic	he784	479	1.222212	2.332605	2	2	3	0	0	0	2.332605	0	0
conventional	ce1071	479	0	10.340894	0	13	7	0.679932	1.439073	4.774019	3.447870	0	0
conventional	ce1072	479	0.637517	19.158861	1	14	7	0.575234	2.752760	10.854490	4.976377	0	0
conventional	ce1073	479	1.374486	26.758600	2	14	7	2.373564	1.562517	13.412839	9.409680	0	0
conventional	ce1074	480	0	41.077604	0	14	7	4.109289	7.498090	16.391267	13.078958	0	0
conventional	ce1075	480	0	19.373441	0	14	7	3.509142	2.254820	6.643221	6.966258	0	0
conventional	ce1076	481	1.268392	35.710545	1	14	7	0.707963	8.888890	19.363235	6.750457	0	0
conventional	ce1077	481	0	14.072696	0	14	7	2.215308	1.605627	6.572538	3.679223	1.208580	0
conventional	ce1078	481	2.066092	16.461738	1	14	7	1.679558	1.921645	10.068386	2.792149	1.504384	0
conventional	ce1079	482	2.186270	28.638745	1	14	7	2.884293	6.067108	15.715364	3.971980	0.309730	0
conventional	ce1080	483	0	55.119381	0	14	7	0.329983	14.032684	29.071155	11.685559	0	0
conventional	ce1081	488	0.599661	50.725619	1	14	7	5.664518	11.490115	22.357173	11.213813	0.075937	0
conventional	ce1082	488	2.098115	29.835945	1	14	7	6.691294	1.646084	10.458117	11.040450	1.557054	0
conventional	ce1083	488	0	29.342312	0	14	7	3.137213	2.447505	15.736879	8.020715	0	0
conventional	ce1084	489	0	12.564728	0	14	7	1.381849	0.405680	6.931988	3.845211	0	0
conventional	ce1085	490	2.066092	13.251183	1	14	7	1.433531	2.558275	5.785861	3.473516	1.629709	0
holistic	he785	491	1.809482	7.865398	2	4	4	0	0	0	7.865398	0	0
holistic	he786	491	0.682220	27.780144	3	13	20	0.349834	0	7.583708	19.846602	0	0
conventional	ce1086	491	0	15.193516	0	14	7	1.355084	2.490120	7.928247	3.420065	0	0
conventional	ce1087	492	2.066092	11.369525	1	14	7	0.804715	1.946218	6.462644	2.155948	2.776162	0
holistic	he787	493	1.045913	12.013933	2	5	14	0.608530	0	2.130253	9.275150	0	0
conventional	ce1088	493	0	17.113828	0	14	7	2.565502	2.243162	8.074255	4.230909	1.208580	0
holistic	he788	494	37.445200	108.421550	15	100	47	2.328380	0	0	106.093170	0	0
conventional	ce1089	494	1.011231	34.260401	1	14	7	3.332937	1.423301	17.855940	11.648223	0	0
holistic	he789	495	5.176362	22.283115	12	18	29	0	0	2.095734	20.187381	0	0
conventional	ce1090	495	0.439348	21.565201	1	14	7	1.903111	4.468800	10.380123	4.813167	0	0
holistic	he790	496	1.870068	4.911318	6	15	8	0	0	0	4.911318	0	0
conventional	ce1091	496	0	46.369009	0	14	7	4.891165	9.252144	24.296999	7.928701	0	0
holistic	he791	497	12.876928	34.172624	12	72	46	1.503096	0	0	32.669528	0	0
conventional	ce1092	497	0	55.358769	0	14	7	6.259601	14.617276	26.047966	8.433926	0.304442	0
conventional	ce1093	497	0	26.192847	0	14	7	4.587801	2.861081	11.793511	6.950454	0	0
conventional	ce1094	497	0	13.130786	0	7	7	0.977860	2.159664	4.966567	5.026695	0	0
conventional	ce1095	497	0	61.620720	0	14	7	9.277350	10.454188	32.986774	8.902408	0	0
holistic	he792	498	0.684200	1.711099	2	2	3	0	0	0	1.711099	0	0
holistic	he793	498	15.950900	48.965156	12	72	46	1.503096	0	0	47.462060	0	0
conventional	ce1096	498	0	73.606490	0	14	7	1.995888	15.718168	43.885567	12.006867	0	0
conventional	ce1097	498	0	28.426407	0	14	7	1.699878	4.703996	19.706829	2.315704	0	0
holistic	he794	499	1.011525	2.754505	2	3	5	0	0	0	2.754505	0	0
holistic	he795	500	0.387620	0.744598	2	4	4	0	0	0	0.744598	0	0
holistic	he796	500	0	0	0	0	1	0	0	0	0	0	0
conventional	ce1098	500	0	67.275829	0	14	7	2.654686	14.386905	44.512286	5.721952	0	0
holistic	he797	501	0	0	0	0	5	0	0	0	0	0	0
holistic	he798	501	0.423849	2.189097	1	2	2	0	0	0	2.189097	0	0
conventional	ce1099	501	0	26.810457	0	14	7	1.932986	2.573119	15.947789	6.356563	0	0
conventional	ce1100	501	0	32.392115	0	14	7	3.279157	3.858411	14.215744	11.038803	0	0
conventional	ce1101	501	0	15.844482	0	14	7	2.529202	2.742222	6.746799	3.826259	0	0
conventional	ce1102	501	2.403749	20.199552	1	14	7	1.893121	2.186160	9.908095	6.212176	1.629709	0
holistic	he799	502	0.883895	1.657754	2	2	5	0	0	0	1.657754	0	0
holistic	he800	502	0.116278	0.475044	2	4	4	0	0	0	0.475044	0	0
holistic	he801	502	0.576128	5.974127	2	6	5	0	0	0	5.974127	0	0
conventional	ce1103	502	0	22.081058	0	14	7	2.062495	5.865129	9.420587	4.732847	0	0
conventional	ce1104	502	0	61.995122	0	14	7	3.594266	10.143786	36.447054	11.810016	0	0
conventional	ce1105	503	0	29.811064	0	14	7	2.570117	3.210332	15.174343	8.856272	0	0
holistic	he802	504	0.387620	0.489994	2	4	4	0	0	0	0.489994	0	0
holistic	he803	504	7.731820	20.344552	3	14	29	0.665738	0	0	19.678814	0	0
holistic	he804	504	1.365474	4.498428	6	9	9	0	0	0	4.498428	0	0
conventional	ce1106	504	0	38.137270	0	14	7	2.188157	9.984968	17.347633	8.616512	1.168114	0
conventional	ce1107	504	0	42.023992	0	14	7	5.215600	7.336917	24.129723	5.341752	0	0
conventional	ce1108	504	0	41.518917	0	14	7	5.313551	8.500729	18.510786	9.193851	0	0
conventional	ce1109	504	0	17.243660	0	14	7	2.144921	2.120493	8.301217	4.677029	1.208580	0
holistic	he805	505	0.387620	3.902554	2	4	4	0	0	0	3.902554	0	0
holistic	he806	505	0.495559	1.436148	2	2	5	0	0	0	1.436148	0	0
holistic	he807	505	6.723231	98.225949	9	87	29	6.161499	0	26.511948	65.552502	0	0
holistic	he808	505	24.237872	61.290932	12	36	39	0	0	0	61.290932	0	0
conventional	ce1110	505	0	42.162569	0	14	7	5.638789	8.811493	18.745226	8.967061	0	0
conventional	ce1111	505	0.599661	54.657579	1	14	7	5.900581	12.296613	23.133703	13.326682	0.075937	0
conventional	ce1112	505	0	29.890258	0	14	7	4.272042	1.886618	12.737599	10.993999	0.304442	0
holistic	he809	506	0.086000	5.873892	2	6	7	0	0	0	5.873892	1.667026	0
holistic	he810	506	1.517763	0.411003	2	2	4	0	0	0	0.411003	0	0
conventional	ce1113	506	0	7.187598	0	7	7	0.873159	0.129819	3.908724	2.275896	0	0
conventional	ce1114	506	0.599661	57.821868	1	14	7	6.603334	13.228030	26.775078	11.215426	0.075937	0
holistic	he811	507	1.046877	1.569194	2	2	3	0	0	0	1.569194	0	0
holistic	he812	507	0.544084	0.609998	2	2	4	0	0	0	0.609998	0	0
holistic	he813	507	37.759565	108.493355	15	100	47	2.328380	0	0	106.164975	0	0
holistic	he814	507	0.387620	3.136554	2	4	4	0	0	0	3.136554	0	0
conventional	ce1115	507	0	25.546008	0	14	7	5.262190	1.098214	12.203398	6.982206	0	0
conventional	ce1116	507	1.733017	35.050000	1	14	7	3.254420	3.223962	15.253854	13.317764	1.292456	0
holistic	he815	508	0.116278	1.314208	2	6	4	0	0	0	1.314208	0	0
holistic	he816	508	0.544084	1.700979	2	3	5	0	0	0	1.700979	0	0
holistic	he817	508	7.075446	46.585604	8	32	20	0.755200	0	7.635168	38.195236	0	0
conventional	ce1117	508	0.092190	28.632476	1	14	7	1.883395	5.830542	13.210906	7.707633	0	0
holistic	he818	509	1.029444	2.468685	2	2	5	0	0	0	2.468685	0	0
holistic	he819	509	1.088168	1.263386	4	4	8	0	0	0	1.263386	0	0
holistic	he820	509	0.865685	3.674322	2	3	7	0	0	0	3.674322	0	0
conventional	ce1118	509	0	26.146409	0	14	7	1.046591	4.596080	18.066452	2.437286	0	0
holistic	he821	510	0.650512	9.526758	6	16	11	0	0	0	9.526758	0	0
conventional	ce1119	510	0.439348	50.840798	1	14	7	5.901434	11.668292	22.145421	11.125651	0	0
conventional	ce1120	510	0.637517	17.448831	1	14	7	0.574083	2.531628	9.351481	4.991639	0	0
conventional	ce1121	510	2.474016	15.899678	1	14	7	1.611620	1.563160	8.565472	4.159426	0.886662	0
holistic	he822	511	2.344020	1.283587	2	2	3	0	0	0	1.283587	0	0
holistic	he823	511	0.853198	1.998941	2	3	8	0	0	0	1.998941	0	0
holistic	he824	511	38.796750	155.025870	18	162	56	0	0	0	155.025870	0	0
conventional	ce1122	511	0	23.682528	0	14	7	2.493672	3.319321	11.643624	6.225911	1.208580	0
conventional	ce1123	511	0	29.477286	0	14	7	4.320937	1.053348	12.942421	11.160580	0.304442	0
conventional	ce1124	511	0.459999	20.668914	1	14	7	1.606728	1.921021	10.605788	6.535377	0	0
conventional	ce1125	511	0	13.379210	0	14	7	2.283063	1.626409	6.344327	3.125411	0	0
conventional	ce1126	511	0	32.551274	0	14	7	3.532173	2.309797	17.518568	9.190736	0	0
holistic	he825	512	10.613169	85.137552	12	63	29	0.158910	0	16.798881	68.179761	0	0
conventional	ce1127	512	0	47.962390	0	14	7	3.779526	8.962083	26.661567	8.559214	0	0
holistic	he826	513	0.623356	1.266551	2	2	3	0	0	0	1.266551	0	0
holistic	he827	513	0.883359	1.586336	2	2	3	0	0	0	1.586336	0	0
holistic	he828	513	0.043000	1.074678	1	2	3	0	0	0	1.074678	0	0
holistic	he829	513	0	0	0	0	3	0	0	0	0	0	0
conventional	ce1128	513	0	55.152368	0	14	7	2.587340	12.020032	29.840083	10.704913	0	0
conventional	ce1129	513	1.188136	49.948834	1	14	7	6.799759	8.869769	24.907186	9.372120	0.396681	0
holistic	he830	514	17.916288	51.320481	6	42	29	0.450297	0	0	50.870184	0	0
holistic	he831	514	0.544084	0.737195	2	2	4	0	0	0	0.737195	0	0
holistic	he832	514	0	0	0	0	8	0	0	0	0	0	0
conventional	ce1130	514	0	35.299241	0	14	7	5.235936	4.156339	18.934457	6.972509	0	0
conventional	ce1131	514	0	22.860387	0	14	7	1.497620	2.966162	11.510735	6.885870	0	0
holistic	he833	515	0.775240	1.988284	4	16	6	0	0	0	1.988284	0	0
conventional	ce1132	515	0	53.337541	0	14	7	4.136542	9.632231	28.905825	10.662943	0	0
conventional	ce1133	515	0	35.820238	0	14	7	1.713970	5.716953	24.035930	4.353385	0	0
conventional	ce1134	515	0	29.046794	0	14	7	4.832177	1.651754	12.874016	9.688847	0.712604	0
holistic	he834	516	0.717235	4.312781	2	3	5	0	0	0	4.312781	0	0
holistic	he835	516	1.046877	1.340576	2	2	3	0	0	0	1.340576	0	0
holistic	he836	516	12.118936	35.586678	6	22	20	1.414776	0	0	34.171902	0	0
holistic	he837	516	0.883895	3.915245	2	3	5	0	0	0	3.915245	0	0
conventional	ce1135	516	0	30.897699	0	14	7	3.903358	1.859339	14.087035	11.047967	0.304442	0
holistic	he838	517	0.116278	1.074310	2	4	4	0	0	0	1.074310	0	0
holistic	he839	517	0.796955	1.944780	2	3	5	0	0	0	1.944780	0	0
conventional	ce1136	517	0	11.924127	0	14	7	2.381942	0.539230	5.043823	3.959132	0	0
conventional	ce1137	517	0	17.119241	0	14	7	1.969461	2.572984	7.899767	4.677029	1.208580	0
holistic	he840	518	0.544084	3.181274	2	3	5	0	0	0	3.181274	0	0
conventional	ce1138	518	2.066092	12.022546	1	14	7	1.413401	0.990871	7.601037	2.017237	1.504384	0
holistic	he841	519	0.495559	1.590723	2	2	5	0	0	0	1.590723	0	0
holistic	he842	519	0	0	0	0	2	0	0	0	0	0	0
conventional	ce1139	519	1.983641	15.566112	1	14	7	1.292777	1.821808	8.452039	3.999488	1.822120	0
conventional	ce1140	519	1.637253	16.954078	1	14	7	1.747165	2.122204	10.039690	3.045019	2.168524	0
holistic	he843	520	7.741348	13.563128	8	12	20	0	0	2.500548	11.062580	0	0
holistic	he844	520	7.065486	25.138263	12	18	29	0	0	2.095734	23.042529	0	0
holistic	he845	520	0.845727	1.548919	2	2	5	0	0	0	1.548919	0	0
holistic	he846	520	1.049250	1.906450	2	2	3	0	0	0	1.906450	0	0
holistic	he847	520	0.717235	4.443409	2	3	6	0	0	0	4.443409	0	0
conventional	ce1141	520	0	72.955993	0	14	7	3.398124	15.065968	44.137696	10.354205	0	0
conventional	ce1142	520	0.599661	37.908749	1	14	7	1.698984	9.036099	19.083931	8.089735	0.075937	0
conventional	ce1143	520	0	50.759923	0	14	7	0.507856	12.373341	29.593293	8.285433	0	0
conventional	ce1144	520	0	44.362275	0	14	7	2.599407	8.728220	19.123693	13.910955	0	0
conventional	ce1145	520	2.562067	28.000764	2	14	7	5.681037	1.072642	10.382518	10.864567	1.977609	0
conventional	ce1146	521	0	47.176593	0	14	7	4.824893	9.238591	25.124499	7.988610	0	0
conventional	ce1147	521	0	24.461575	0	14	7	2.190460	4.411773	10.371019	7.488323	0	0
holistic	he848	522	1.312306	2.114252	4	4	7	0	0	0	2.114252	0	0
holistic	he849	522	0	0	0	0	2	0	0	0	0	0	0
conventional	ce1148	522	0	41.601601	0	14	7	4.034421	8.397571	21.565867	7.603742	0	0
conventional	ce1149	522	0	14.277967	0	13	7	1.582157	1.045839	6.120587	5.529384	0	0
conventional	ce1150	522	1.571732	62.741897	1	14	7	7.092700	14.377199	30.154367	11.117631	0.396699	0
conventional	ce1151	522	0	57.335504	0	14	7	3.666885	11.408883	23.897011	18.362725	0.868786	0
holistic	he850	523	0.166193	12.536380	1	5	10	0	0	4.057829	8.478551	0	0
holistic	he851	523	1.035144	2.456995	2	2	4	0	0	0	2.456995	0	0
conventional	ce1152	523	0	61.992144	0	14	7	9.715887	12.927614	35.041157	4.307486	0	0
conventional	ce1153	523	2.066092	11.726008	1	14	7	1.797821	2.138990	5.125867	2.663330	1.629709	0
conventional	ce1154	523	0	62.893428	0	14	7	2.262555	13.674803	38.088694	8.867376	0	0
holistic	he852	524	1.079339	1.617683	2	2	5	0	0	0	1.617683	0	0
conventional	ce1155	524	0	27.063089	0	14	7	6.237479	0.383509	10.040603	10.401498	0.304442	0
conventional	ce1156	524	0.599661	55.005078	1	14	7	6.065035	11.630731	25.262592	12.046720	0.075937	0
conventional	ce1157	524	1.434446	51.187867	1	14	7	5.979256	10.532881	22.471978	12.203752	0.396699	0
conventional	ce1158	525	0	27.979866	0	14	7	2.444267	3.482096	12.909190	9.144313	0	0
conventional	ce1159	525	1.389781	13.720921	1	7	7	0.993428	1.843647	4.868949	6.014897	0	0
holistic	he853	526	0.883895	1.576813	2	2	5	0	0	0	1.576813	0	0
holistic	he854	526	0.495167	2.169909	2	2	3	0	0	0	2.169909	0	0
holistic	he855	527	0.883895	2.299992	2	2	5	0	0	0	2.299992	0	0
conventional	ce1160	527	0	59.519869	0	14	7	2.859261	11.296304	25.064943	20.299361	0.934234	0
conventional	ce1161	527	0.267604	39.955276	1	14	7	4.822003	8.324340	14.315686	12.493247	0.075937	0
holistic	he856	528	1.222212	2.835306	2	2	3	0	0	0	2.835306	0	0
holistic	he857	529	0.669628	0.781678	2	2	3	0	0	0	0.781678	0	0
holistic	he858	529	0	0	0	0	5	0	0	0	0	0	0
holistic	he859	529	1.312306	2.114252	4	4	7	0	0	0	2.114252	0	0
conventional	ce1162	529	0.448350	14.438034	1	14	7	1.819744	4.572133	5.462890	2.583267	0.189503	0
conventional	ce1163	529	0	61.621368	0	14	7	6.093375	12.265055	24.697367	18.565571	0.868786	0
conventional	ce1164	529	0	60.933445	0	14	7	7.088565	15.572665	27.817367	10.454848	0.304442	0
conventional	ce1165	529	2.098115	28.178704	1	14	7	3.758224	3.550519	10.010710	10.859251	1.557054	0
conventional	ce1166	529	0	30.546061	0	14	7	2.526681	3.080030	17.713207	7.226143	0	0
conventional	ce1167	530	0.994114	52.879857	1	14	7	6.438847	11.539968	23.736643	11.164399	0.120827	0
conventional	ce1168	530	0	60.180272	0	14	7	7.596517	13.668883	28.367834	10.547038	0	0
conventional	ce1169	530	2.066092	10.252412	1	14	7	0.687363	3.375431	4.957637	1.231981	1.698142	0
holistic	he860	531	1.398324	2.194382	4	4	6	0	0	0	2.194382	0	0
holistic	he861	531	0.495559	9.455116	2	8	5	0	0	0	9.455116	0	0
conventional	ce1170	531	0	31.969119	0	14	7	5.893513	2.737321	13.975851	9.362434	0	0
conventional	ce1171	531	2.098115	39.283029	1	14	7	8.096879	4.362615	11.814805	15.008730	0	0
conventional	ce1172	532	0.439348	22.712767	1	14	7	2.353816	4.673804	10.668291	5.016856	0	0
conventional	ce1173	532	0	29.648529	0	14	7	1.982734	5.043045	20.550256	2.072494	0	0
conventional	ce1174	532	0	19.691436	0	14	7	1.425899	4.468800	8.544222	5.252515	0	0
conventional	ce1175	532	1.188136	46.257549	1	14	7	5.069708	7.922870	24.106253	9.158718	0.429735	0
conventional	ce1176	532	0	68.468537	0	14	7	7.831830	2.241413	45.353386	13.041908	0	0
conventional	ce1177	532	2.066092	11.723186	1	14	7	1.178792	2.878866	4.617982	3.047546	1.629709	0
conventional	ce1178	532	2.066092	17.512521	1	14	7	2.326134	3.822145	7.663986	3.700256	1.629709	0
conventional	ce1179	532	0	74.974716	0	14	7	2.844886	15.154545	46.021063	10.954222	0	0
holistic	he862	533	0.775240	1.988284	4	16	6	0	0	0	1.988284	0	0
conventional	ce1180	533	0	70.954965	0	14	7	2.637064	15.461034	41.601055	11.255812	0	0
conventional	ce1181	533	1.188136	44.853742	1	14	7	4.347083	9.549882	22.511258	8.445519	0.429735	0
holistic	he863	534	0.619843	1.796327	2	2	5	0	0	0	1.796327	0	0
conventional	ce1182	534	0	47.036295	0	14	7	4.587328	9.411716	24.672727	8.364524	0	0
conventional	ce1183	534	1.745996	26.604966	1	14	7	2.800085	5.969269	14.506491	3.329121	1.699859	0
holistic	he864	535	7.814205	31.695186	15	21	29	0	0	7.061733	24.633453	0	0
holistic	he865	535	0	0	0	0	1	0	0	0	0	0	0
conventional	ce1184	535	0	23.986438	0	14	7	1.879270	6.184257	10.856181	5.066730	0	0
conventional	ce1185	535	0	63.658473	0	14	7	4.973956	11.678292	26.147342	20.858883	0	0
conventional	ce1186	535	1.434446	51.762420	1	14	7	5.223379	14.405279	22.244780	9.888982	0.396699	0
holistic	he866	536	1.968459	3.529347	6	6	9	0	0	0	3.529347	0	0
conventional	ce1187	536	0.599661	31.701602	1	14	7	2.421980	3.006266	15.057984	11.215372	0.075937	0
conventional	ce1188	536	0	58.923182	0	14	7	4.652899	11.716264	23.146611	19.407408	0.868786	0
conventional	ce1189	536	0.637517	26.780249	1	14	7	4.187552	6.959126	11.394635	4.238936	3.425179	0
holistic	he867	537	0.978182	1.107033	2	2	7	0	0	0	1.107033	0	0
conventional	ce1190	537	0.599661	46.163921	1	14	7	4.885949	8.969739	21.839930	10.468303	0.075937	0
conventional	ce1191	537	2.066092	20.241245	1	14	7	1.122088	5.188316	10.093998	3.836843	1.629709	0
conventional	ce1192	537	2.098115	35.266644	1	14	7	4.347921	4.453680	16.492151	9.972892	1.557054	0
conventional	ce1193	537	0	44.174933	0	14	7	4.550621	8.163563	23.420595	8.040154	0	0
conventional	ce1194	538	0	33.801463	0	14	7	4.237327	3.949454	16.011439	9.603243	0	0
conventional	ce1195	538	0	30.607516	0	14	7	2.680243	6.310313	13.547373	8.069587	0	0
conventional	ce1196	538	0	53.571390	0	14	7	3.533120	4.657609	42.620683	2.759978	0	0
conventional	ce1197	538	0.199468	20.548181	1	14	7	2.966675	4.242811	8.851346	4.487349	0	0
conventional	ce1198	538	0	30.131829	0	14	7	3.399862	1.539810	13.531392	11.660765	0.304442	0
holistic	he868	539	1.067873	5.852260	2	4	5	0.355843	0	0	5.496417	0	0
conventional	ce1199	539	0	7.114227	0	7	7	0.854866	0.279462	4.009360	1.970539	0	0
conventional	ce1200	539	0.439348	19.751579	1	14	7	2.440074	4.283665	9.029191	3.998649	0	0
holistic	he869	540	0.845727	1.212892	2	2	9	0	0	0	1.212892	0	0
conventional	ce1201	540	0	25.473927	0	14	7	1.684456	4.774844	13.282099	5.732528	0	0
conventional	ce1202	540	0	32.633764	0	14	7	2.921901	3.445397	15.624971	10.641495	0	0
conventional	ce1203	541	1.188136	44.778280	1	14	7	4.209362	11.299148	20.719658	8.550112	0.429735	0
conventional	ce1204	541	0	12.487755	0	14	7	1.816559	1.560441	6.223580	2.887175	0	0
conventional	ce1205	541	0.107865	35.305335	1	14	7	1.887473	7.156982	18.531704	7.729176	0	0
conventional	ce1206	541	0	23.615013	0	14	7	2.035691	5.969959	9.050023	6.559340	0	0
conventional	ce1207	542	0	10.813838	0	14	7	0.697549	1.371159	5.542150	3.202980	0	0
conventional	ce1208	542	0	25.246323	0	14	7	2.171328	6.267119	10.423558	6.384318	0	0
holistic	he870	543	0.495559	3.055346	2	3	5	0	0	0	3.055346	0	0
conventional	ce1209	543	0	10.560830	0	7	7	1.405142	0.045744	4.905269	4.204675	0	0
holistic	he871	544	0.663039	1.052199	2	2	3	0	0	0	1.052199	0	0
conventional	ce1210	546	2.066092	25.621431	1	14	7	4.627786	3.959101	12.051083	4.983461	2.776162	0
conventional	ce1211	546	0	23.190145	0	14	7	1.566309	7.191294	10.499463	3.933079	0	0
conventional	ce1212	546	0.439348	22.973375	1	14	7	3.295557	5.740724	9.980547	3.956547	0	0
conventional	ce1213	548	1.434446	54.253305	1	14	7	5.467756	12.593238	21.573387	14.618924	0.669623	0
conventional	ce1214	548	0	38.201803	0	14	7	1.625601	8.692564	14.456365	13.427273	0	0
conventional	ce1215	548	0	24.944314	0	14	7	2.303346	4.746232	12.632166	5.262570	0	0
conventional	ce1216	548	0	12.546407	0	14	7	1.381849	0.405680	6.913667	3.845211	0	0
conventional	ce1217	549	0	26.692664	0	14	7	3.917082	4.662085	8.803202	9.310295	0	0
conventional	ce1218	550	0	61.277677	0	14	7	1.944379	10.874081	40.407671	8.051546	0	0
conventional	ce1219	550	0	63.483207	0	14	7	8.522956	12.466745	26.971199	15.522307	0.075937	0
holistic	he872	551	1.011525	2.961621	2	3	5	0	0	0	2.961621	0	0
conventional	ce1220	551	0	23.059211	0	14	7	1.973747	6.145075	8.931840	6.008549	0	0
conventional	ce1221	552	0	11.190908	0	14	7	1.737558	1.560441	5.466394	2.426515	0	0
conventional	ce1222	553	0	17.967729	0	14	7	2.058986	2.880972	7.975204	5.052567	1.208580	0
holistic	he873	554	1.046877	2.052420	2	2	3	0	0	0	2.052420	0	0
conventional	ce1223	554	0	19.152628	0	14	7	1.806296	1.382459	9.785049	6.178824	0	0
holistic	he874	555	0.616307	1.889330	2	3	5	0	0	0	1.889330	0	0
conventional	ce1224	555	0	39.162425	0	14	7	2.996593	7.946664	20.621631	7.597537	0	0
conventional	ce1225	555	0	31.825913	0	14	7	4.752932	8.482228	10.847119	7.743634	0.304442	0
holistic	he875	556	2.413297	1.020346	2	4	4	0	0	0	1.020346	0	0
conventional	ce1226	556	0	28.309980	0	14	7	4.578547	1.641459	11.150626	10.939348	0.304442	0
conventional	ce1227	556	0	34.987909	0	14	7	5.889982	7.453803	15.490841	6.153283	0	0
conventional	ce1228	557	0	15.443237	0	14	7	0.877047	2.120493	7.493229	4.952468	1.841834	0
conventional	ce1229	557	0	23.992452	0	14	7	2.831346	2.652977	11.108273	7.399856	0	0
holistic	he876	558	1.035144	2.071952	2	2	4	0	0	0	2.071952	0	0
holistic	he877	558	1.083345	1.155018	2	2	3	0	0	0	1.155018	0	0
conventional	ce1230	558	0	38.552516	0	14	7	3.390416	2.548355	19.460894	13.152851	0	0
conventional	ce1231	558	0	23.351774	0	14	7	1.363980	7.925975	10.038898	4.022921	0	0
holistic	he878	559	1.791897	5.609193	6	9	9	0	0	0	5.609193	0	0
holistic	he879	560	0.332386	43.354462	2	18	20	0	0	17.326338	26.028124	0	0
holistic	he880	560	0.845727	1.782244	2	2	5	0	0	0	1.782244	0	0
holistic	he881	561	3.599814	20.184393	6	15	9	0	0	0	20.184393	0	0
holistic	he882	562	0.544084	0.525202	2	2	4	0	0	0	0.525202	0	0
holistic	he883	562	12.322268	44.201600	4	30	22	3.190272	0	0	41.011328	0	0
conventional	ce1232	562	1.875818	24.724619	1	14	7	1.990830	6.970547	13.127814	2.635428	1.699859	0
conventional	ce1233	562	0	63.182517	0	14	7	0.291597	13.027246	27.631653	22.232021	1.381441	0
conventional	ce1234	562	0	73.955201	0	14	7	4.023102	11.773664	50.160986	7.997449	0	0
conventional	ce1235	563	0	19.750209	0	14	7	2.500461	2.483659	9.120246	5.645843	1.861013	0
conventional	ce1236	563	0.599661	52.252161	1	14	7	5.698144	11.297048	23.218800	12.038169	0.075937	0
holistic	he884	564	0.845727	2.046137	2	2	5	0	0	0	2.046137	0	0
holistic	he885	564	1.083345	2.664939	2	2	3	0	0	0	2.664939	0	0
holistic	he886	564	0.567931	0.503054	2	2	4	0	0	0	0.503054	0	0
conventional	ce1237	564	0.255397	39.205169	1	14	7	1.882246	9.677004	19.981856	7.664063	0.101551	0
holistic	he887	565	1.247578	3.706050	2	2	3	0	0	0	3.706050	0	0
holistic	he888	565	0.775240	1.988284	4	16	7	0	0	0	1.988284	0	0
holistic	he889	565	0.450026	0.486618	2	2	6	0	0	0	0.486618	0	0
conventional	ce1238	565	2.066092	14.254825	1	14	7	3.588085	0.915170	6.991958	2.759612	1.629709	0
conventional	ce1239	565	0.236733	45.303649	1	14	7	5.120760	8.584699	22.002698	9.595492	0	0
conventional	ce1240	565	0	53.503746	0	14	7	5.471027	8.497891	26.811352	12.723476	0	0
holistic	he890	566	0.883895	1.576813	2	2	5	0	0	0	1.576813	0	0
holistic	he891	566	0.853198	2.127714	2	3	8	0	0	0	2.127714	0	0
conventional	ce1241	566	0	33.862069	0	14	7	2.945149	7.241786	14.687290	8.987844	0	0
conventional	ce1242	566	0	63.831128	0	14	7	3.408797	12.230494	39.014203	9.177634	0	0
conventional	ce1243	566	0.599661	36.115594	1	14	7	1.199639	8.251781	17.182438	9.481736	0.242734	0
holistic	he892	567	0.043000	0.356450	1	1	3	0	0	0	0.356450	0	0
holistic	he893	567	0.544084	0.525202	2	2	4	0	0	0	0.525202	0	0
holistic	he894	567	0.883895	4.195043	2	8	5	0	0	0	4.195043	0	0
holistic	he895	567	0	0	0	0	3	0	0	0	0	0	0
conventional	ce1244	567	0.439348	15.248638	1	14	7	0.590015	3.474033	8.028586	3.156004	0	0
conventional	ce1245	567	0.599661	24.372951	1	14	7	4.123905	3.081405	11.065119	6.102522	0.242734	0
conventional	ce1246	567	0.599661	43.315380	1	14	7	6.050944	8.619884	19.455332	9.189220	0	0
holistic	he896	568	1.083345	3.347486	2	2	3	0	0	0	3.347486	0	0
holistic	he897	568	0.616307	1.607280	2	3	5	0	0	0	1.607280	0	0
conventional	ce1247	568	2.066092	13.058539	1	14	7	2.357024	2.541650	5.648232	2.511633	1.804662	0
conventional	ce1248	568	0	11.314469	0	14	7	1.931691	0.589226	5.937674	2.855878	0	0
holistic	he898	569	0.166193	2.356126	1	3	13	0	0	0.547511	1.808615	0	0
holistic	he899	569	1.315772	1.338912	2	2	4	0	0	0	1.338912	0	0
conventional	ce1249	569	1.434446	18.712055	1	14	7	2.691337	3.374995	9.598456	3.047267	0.669623	0
conventional	ce1250	570	0	73.498011	0	14	7	1.764409	15.607756	45.308287	10.817559	0	0
conventional	ce1251	570	0	33.050495	0	14	7	3.311996	3.430008	13.648935	12.659556	0.662210	0
holistic	he900	571	1.073169	4.051137	6	9	9	0	0	0	4.051137	0	0
holistic	he901	571	0.986783	3.053487	2	3	5	0	0	0	3.053487	0	0
holistic	he902	571	1.543598	0.933456	4	4	12	0	0	0	0.933456	0	0
holistic	he903	571	0.845727	1.894395	2	2	3	0	0	0	1.894395	0	0
conventional	ce1252	571	0	40.693205	0	14	7	2.713610	7.152340	21.908817	8.918438	0	0
conventional	ce1253	571	0	22.959256	0	14	7	1.591680	7.740474	10.801447	2.825655	0	0
holistic	he904	572	0.828776	2.161381	2	3	5	0	0	0	2.161381	0	0
holistic	he905	573	0.775240	2.427348	4	16	6	0	0	0	2.427348	0	0
holistic	he906	573	0.883895	1.556045	2	2	5	0	0	0	1.556045	0	0
conventional	ce1254	573	2.424166	30.633688	2	14	7	4.048704	2.832864	12.513909	11.238211	1.977609	0
holistic	he907	574	0.935658	2.018938	2	2	3	0	0	0	2.018938	0	0
holistic	he908	574	1.222212	2.811372	2	2	2	0	0	0	2.811372	0	0
conventional	ce1255	574	0	20.125606	0	14	7	1.682041	4.476627	9.190211	4.776727	0	0
holistic	he909	575	12.241294	34.632307	6	25	20	1.414776	0	0	33.217531	0	0
holistic	he910	576	0.116278	1.219322	2	4	4	0.564100	0	0	0.655222	0	0
holistic	he911	576	1.402223	13.587841	2	8	5	0	0	0	13.587841	0	0
holistic	he912	576	1.366573	6.919928	2	2	4	0	0	0	6.919928	0	0
conventional	ce1256	576	0.834786	58.128348	1	14	7	7.200099	13.792051	24.106313	13.029885	0.528847	0
holistic	he913	577	0.915392	1.666627	2	2	5	0	0	0	1.666627	0	0
holistic	he914	577	0.828776	2.161381	2	3	5	0	0	0	2.161381	0	0
conventional	ce1257	577	1.369017	29.580964	1	14	7	3.206848	9.263806	15.065765	2.044545	1.699859	0
conventional	ce1258	577	0	31.000813	0	14	7	3.873190	4.511877	12.932734	9.683012	0	0
conventional	ce1259	577	0.599661	35.059962	1	14	7	1.772962	8.224440	16.826103	8.236457	0.075937	0
holistic	he915	578	0.495901	0.554574	2	2	5	0	0	0	0.554574	0	0
holistic	he916	579	13.400020	62.318645	20	40	47	0	0	5.390970	56.927675	0	0
conventional	ce1260	579	1.183436	43.614809	2	14	7	6.277312	8.713945	19.821655	8.801897	0	0
conventional	ce1261	579	0	23.106438	0	14	7	2.364920	6.240268	10.598146	3.903104	0	0
holistic	he917	580	0	0	0	0	9	0	0	0	0	0	0
holistic	he918	580	0.775240	1.988284	4	16	7	0	0	0	1.988284	0	0
holistic	he919	580	0.845727	1.624253	2	2	5	0	0	0	1.624253	0	0
conventional	ce1262	580	2.782550	34.727299	2	14	7	3.133524	3.648026	14.902699	13.043050	1.977609	0
conventional	ce1263	580	0	21.525853	0	14	7	4.739384	1.529674	8.062418	7.194377	0	0
conventional	ce1264	581	0	32.146375	0	14	7	5.157445	4.896283	17.928859	4.163788	0	0
conventional	ce1265	581	0	54.221739	0	14	7	3.580041	8.295856	25.283018	17.062824	0.868786	0
holistic	he920	582	0.289724	2.359380	4	16	6	0	0	0	2.359380	0	0
conventional	ce1266	582	0.439348	22.418818	1	14	7	2.160614	4.793071	9.081102	6.384031	0	0
conventional	ce1267	582	2.098115	37.712848	1	14	7	4.371913	5.544165	17.771063	10.025707	1.557054	0
holistic	he921	583	0.828776	2.161381	2	3	5	0	0	0	2.161381	0	0
holistic	he922	583	0.775240	0.826684	4	16	7	0	0	0	0.826684	0	0
holistic	he923	583	0.495559	3.041211	2	4	5	0	0	0	3.041211	0	0
conventional	ce1268	583	0	26.646262	0	14	7	1.224890	6.377356	12.462737	6.581279	0	0
conventional	ce1269	583	0	33.810140	0	14	7	4.812343	3.747125	9.385991	15.864681	1.092426	0
conventional	ce1270	583	0	37.941032	0	14	7	1.520462	10.648155	18.165962	7.606453	0	0
holistic	he924	584	2.107653	3.993012	6	6	16	0	0	0	3.993012	0	0
holistic	he925	584	8.099877	33.217161	15	21	29	0	0	7.061733	26.155428	0	0
holistic	he926	584	0.685466	1.787642	2	3	5	0	0	0	1.787642	0	0
conventional	ce1271	584	1.434446	50.861743	1	14	7	7.115851	11.207695	18.809260	13.728937	0.669623	0
conventional	ce1272	585	0	32.301488	0	14	7	3.637904	4.483095	15.955021	8.225468	2.423091	0
holistic	he927	586	0	0	0	0	5	0	0	0	0	0	0
holistic	he928	586	0.116278	1.219322	2	4	4	0.564100	0	0	0.655222	0	0
holistic	he929	587	0.729995	1.077439	2	2	5	0	0	0	1.077439	0	0
holistic	he930	587	0	0	0	0	1	0	0	0	0	0	0
holistic	he931	588	0.472712	1.120210	2	2	4	0	0	0	1.120210	0	0
holistic	he932	588	0.524678	0.790939	2	2	3	0	0	0	0.790939	0	0
holistic	he933	588	0.543407	3.917172	2	3	5	0	0	0	3.917172	0	0
holistic	he934	589	0.072431	0.446144	1	1	3	0	0	0	0.446144	0	0
holistic	he935	589	0.619843	1.796327	2	2	5	0	0	0	1.796327	0	0
conventional	ce1273	589	0	36.919442	0	14	7	2.886165	3.387877	19.766220	10.879180	0	0
holistic	he936	590	1.306398	3.448227	2	2	7	0	0	0	3.448227	0	0
holistic	he937	591	0.616307	1.607280	2	3	5	0	0	0	1.607280	0	0
holistic	he938	591	0.450026	0.758466	2	2	6	0	0	0	0.758466	0	0
conventional	ce1274	591	0	12.088709	0	14	7	2.335523	0.363142	7.215513	2.174531	0	0
holistic	he939	592	0.845727	1.579609	2	2	5	0	0	0	1.579609	0	0
holistic	he940	592	2.537181	5.346732	6	6	13	0	0	0	5.346732	0	0
conventional	ce1275	592	1.188136	51.837893	1	14	7	5.093079	10.742913	25.867012	10.134889	0.429735	0
conventional	ce1276	592	1.875818	25.249954	1	14	7	2.358522	6.148393	13.076330	3.666709	1.699859	0
conventional	ce1277	592	0	43.131060	0	14	7	4.339448	5.327059	14.035085	19.429468	1.048955	0
conventional	ce1278	592	1.434446	34.656670	1	14	7	3.205976	5.441295	12.020974	13.988425	0.669623	0
holistic	he941	593	0.442533	1.717231	2	3	5	0	0	0	1.717231	0	0
conventional	ce1279	593	0	38.976583	0	14	7	7.314150	5.918686	17.004426	8.739321	0	0
conventional	ce1280	593	0	21.230210	0	14	7	1.759025	4.696915	9.973559	4.800711	0	0
holistic	he942	594	0.038924	0.900048	2	6	6	0	0	0	0.900048	0	0
conventional	ce1281	594	0.599661	43.102414	1	14	7	6.391936	7.032036	21.183675	8.494767	0	0
conventional	ce1282	594	0	46.641495	0	14	7	1.050962	9.194707	18.749079	17.646747	0.304442	0
conventional	ce1283	594	0	44.865525	0	14	7	4.498705	2.019147	23.494269	14.853404	0.668310	0
holistic	he943	595	1.692032	9.955522	4	8	7	0.711686	0	0	9.243836	0	0
conventional	ce1284	595	2.115560	38.276114	1	14	7	2.902243	9.765191	12.772282	12.836398	0.669623	0
conventional	ce1285	595	0	39.426468	0	14	7	2.757276	5.979843	19.660401	11.028948	0	0
conventional	ce1286	595	0	34.175732	0	14	7	1.993153	3.777694	16.857258	11.547627	0	0
conventional	ce1287	596	0	23.121399	0	14	7	2.408390	2.955128	8.526001	9.231880	0	0
conventional	ce1288	596	1.434446	16.610627	1	14	7	2.008046	3.115851	8.239160	3.247570	0.202100	0
holistic	he944	597	0.385681	0.307683	1	2	3	0	0	0	0.307683	0	0
holistic	he945	597	0.915392	1.666627	2	2	5	0	0	0	1.666627	0	0
holistic	he946	597	1.083345	4.021121	2	3	3	1.766852	0	0	2.254269	0	0
conventional	ce1289	597	0	12.815263	0	14	7	2.788031	0.663640	7.299520	2.064072	0	0
conventional	ce1290	597	0.599661	38.363494	1	14	7	4.757672	5.188135	18.232707	10.184980	0	0
conventional	ce1291	597	0.201834	20.080401	1	14	7	3.958774	2.094492	10.010601	4.016534	0	0
conventional	ce1292	598	0	16.555973	0	13	7	2.271412	0.249163	7.338860	6.696538	0	0
conventional	ce1293	598	0	35.951811	0	14	7	5.550137	5.190266	16.333121	8.878287	0	0
conventional	ce1294	598	2.066092	16.017788	1	14	7	3.124465	1.776453	7.579384	3.537486	1.804662	0
conventional	ce1295	598	0	18.875210	0	14	7	2.963268	5.750177	6.161129	4.000636	0	0
conventional	ce1296	598	1.434446	39.647122	1	14	7	6.622209	4.488854	15.972109	12.563950	0.669623	0
holistic	he947	599	0.417547	4.710695	2	3	5	0	0	0	4.710695	0	0
conventional	ce1297	600	0.461967	54.900648	1	14	7	5.018081	13.553192	21.115591	15.213784	0.669623	0
conventional	ce1298	600	0	16.034981	0	14	7	2.845456	0.169462	6.763854	6.256209	0	0
conventional	ce1299	601	0	33.833558	0	14	7	5.653075	3.862514	13.070297	11.247672	0.304442	0
conventional	ce1300	601	0	34.046252	0	14	7	4.709419	4.124902	17.867732	7.344199	2.423091	0
conventional	ce1301	601	0.083172	23.926920	1	14	7	4.241913	4.678231	11.730258	3.276518	0.242734	0
conventional	ce1302	602	0.599661	49.547736	1	14	7	5.415101	10.011586	20.045083	14.075966	0.075937	0
holistic	he948	603	0.775240	1.709044	4	4	7	0	0	0	1.709044	0	0
conventional	ce1303	603	0	35.141095	0	14	7	1.454235	9.031654	18.607667	6.047539	1.699859	0
conventional	ce1304	603	0	51.698322	0	14	7	5.497518	9.360059	23.989291	12.851454	0	0
conventional	ce1305	603	0	29.125769	0	14	7	1.845834	5.188947	12.252178	9.838810	0	0
holistic	he949	604	0.460046	2.311634	1	2	5	0	0	0	2.311634	0	0
conventional	ce1306	604	0	40.735169	0	14	7	5.069260	2.747427	20.644702	12.273780	0	0
conventional	ce1307	604	0.599661	39.062733	1	14	7	2.072825	7.595477	21.845188	7.549243	0	0
conventional	ce1308	604	0	30.795909	0	14	7	4.732348	3.862725	12.602036	9.598800	0	0
conventional	ce1309	605	0	30.164008	0	14	7	3.257514	8.969143	13.615037	4.322314	0	0
conventional	ce1310	606	2.098115	51.061965	1	14	7	4.959265	7.066372	28.422993	10.613335	1.557054	0
conventional	ce1311	607	0	30.809719	0	14	7	4.159909	1.622778	13.001746	12.025286	0	0
conventional	ce1312	607	0.599661	34.863296	1	14	7	4.800291	4.968323	17.628080	7.466602	0	0
conventional	ce1313	608	0.599661	42.626371	1	14	7	5.688269	8.396320	22.195663	6.346119	0	0
conventional	ce1314	608	0	37.319949	0	14	7	1.105872	9.516850	17.507201	9.190026	0	0
conventional	ce1315	608	2.066092	10.234109	1	14	7	0.946476	0.318901	4.903172	4.065560	1.804662	0
conventional	ce1316	608	0	41.873412	0	14	7	2.777559	5.287248	21.526495	12.282110	0	0
conventional	ce1317	609	0	36.386332	0	14	7	5.071020	5.785236	10.156275	15.373801	1.092426	0
conventional	ce1318	610	0	29.760201	0	14	7	0.932799	7.009766	13.645895	8.171741	0	0
holistic	he950	611	0.619843	4.707290	2	4	5	0	0	0	4.707290	0	0
conventional	ce1319	611	0.830050	41.399362	1	14	7	2.283832	5.460153	20.759392	12.895985	0	0
conventional	ce1320	612	1.937677	42.797333	1	14	7	8.195992	5.312149	17.190795	12.098397	0.669623	0
conventional	ce1321	613	0	23.526347	0	14	7	3.473044	7.457840	7.756721	4.838742	0	0
conventional	ce1322	613	2.947054	46.920176	2	14	7	2.613385	7.664821	20.332033	16.309937	1.830616	0
holistic	he951	614	1.083128	1.842024	4	4	7	0	0	0	1.842024	0	0
holistic	he952	615	1.073169	4.051137	6	9	9	0	0	0	4.051137	0	0
conventional	ce1323	615	0	36.081942	0	14	7	7.267220	3.783803	14.842300	10.188619	0	0
conventional	ce1324	615	1.434446	39.248362	1	14	7	4.567509	5.026389	15.790345	13.864119	0.669623	0
conventional	ce1325	616	0.358386	35.899872	1	14	7	5.792880	4.459972	17.354828	8.292192	0	0
conventional	ce1326	616	0.599661	36.262046	1	14	7	3.980800	2.604243	22.075929	7.601074	0	0
conventional	ce1327	617	0	34.745988	0	14	7	3.497515	5.654501	10.821389	14.772583	0	0
holistic	he953	618	0.896708	2.338543	2	3	5	0	0	0	2.338543	0	0
holistic	he954	618	0.845727	2.011570	2	2	3	0	0	0	2.011570	0	0
conventional	ce1328	618	0.599661	30.106150	1	14	7	3.286412	5.572284	12.632984	8.614470	0.242734	0
holistic	he955	619	0.501000	1.512876	2	3	5	0	0	0	1.512876	0	0
conventional	ce1329	619	0.690135	17.786423	1	14	7	2.192239	2.300562	8.972957	4.320665	0	0
holistic	he956	620	0.429736	1.120718	2	3	5	0	0	0	1.120718	0	0
holistic	he957	622	1.691454	4.417788	4	4	7	0	0	0	4.417788	0	1.876588
holistic	he958	622	0.541394	0.511072	2	2	5	0	0	0	0.511072	0	0
conventional	ce1330	622	1.794118	21.136533	1	14	7	1.593530	5.390950	10.704476	3.447577	1.760910	0
conventional	ce1331	622	0	32.052731	0	14	7	6.118730	2.792699	15.605193	7.536109	0	0
conventional	ce1332	623	0	41.731866	0	14	7	5.494426	1.150556	19.532834	15.554050	0	0
holistic	he959	624	0.828776	2.161381	2	3	5	0	0	0	2.161381	0	0
holistic	he960	624	0.429736	0.708059	2	2	3	0	0	0	0.708059	0	0
conventional	ce1333	624	1.875818	27.705953	1	14	7	1.806626	7.074633	14.962918	3.861776	1.699859	0
holistic	he961	625	0.950002	2.525382	2	3	5	0	0	0	2.525382	0	0
holistic	he962	625	1.173136	3.348487	2	2	7	0	0	0	3.348487	0	0
holistic	he963	625	0.853198	1.388027	2	2	6	0	0	0	1.388027	0	0
conventional	ce1334	625	0	26.663428	0	14	7	2.223779	3.124098	12.952283	8.363268	0	0
conventional	ce1335	625	0.997001	29.241169	1	14	7	4.030863	3.483967	14.005735	7.720604	0.242734	0
holistic	he964	626	0.676025	1.065032	2	2	5	0	0	0	1.065032	0	0
holistic	he965	626	0.828776	2.161382	2	3	5	0	0	0	2.161382	0	0
holistic	he966	626	0.883895	1.556045	2	2	5	0	0	0	1.556045	0	0
conventional	ce1336	626	0	26.003682	0	14	7	0.787078	7.444031	15.939574	1.832999	0	0
conventional	ce1337	626	0	14.797983	0	14	7	2.228963	1.054129	6.759245	4.755646	0	0
holistic	he967	627	0	4.425104	0	16	7	0	0	0	4.425104	0	0
holistic	he968	627	0.038924	0.208786	2	4	6	0.021906	0	0	0.186880	0	0
conventional	ce1338	627	0	33.475832	0	14	7	5.908667	3.181360	12.551344	11.834461	0.304442	0
conventional	ce1339	627	0	23.010557	0	14	7	2.040945	1.901476	9.630398	9.437738	0	0
holistic	he969	628	0.501000	1.271097	2	2	5	0	0	0	1.271097	0	0
holistic	he970	628	2.061268	5.411372	2	2	5	0	0	0	5.411372	0	0
conventional	ce1340	628	0.599661	36.506626	1	14	7	5.761242	6.808629	17.330358	6.606397	0	0
holistic	he971	629	0	0	0	0	1	0	0	0	0	0	0
holistic	he972	629	0.952287	1.876619	2	2	5	0	0	0	1.876619	0	0
conventional	ce1341	629	0	13.597771	0	14	7	1.868032	1.634009	5.288461	4.807269	0	0
conventional	ce1342	629	0	33.620216	0	14	7	5.108841	0.646882	13.916733	13.947760	1.123200	0
conventional	ce1343	630	0	39.766720	0	14	7	5.936754	6.042932	18.133502	9.653532	0	0
conventional	ce1344	630	0	16.756006	0	14	7	2.513569	3.155805	6.510745	4.575887	0	0
holistic	he973	631	0.535863	0.907412	2	3	5	0	0	0	0.907412	0	0
holistic	he974	631	2.771586	7.329550	4	10	6	0	0	0	7.329550	0	0
holistic	he975	631	3.060472	10.853768	8	24	11	0	0	0	10.853768	0	0
holistic	he976	631	0.116278	0.786090	2	4	4	0.564100	0	0	0.221990	0	0
holistic	he977	631	0.673331	1.951338	2	2	5	0	0	0	1.951338	0	0
conventional	ce1345	631	3.094693	44.956540	2	14	7	2.080570	7.599506	20.517301	14.759163	0.825418	0
holistic	he978	632	0.845727	1.988663	2	2	3	0	0	0	1.988663	0	0
conventional	ce1346	632	0	35.983032	0	14	7	2.798329	7.333475	18.387152	7.464076	0.201698	0
holistic	he979	633	0.676025	0.365280	2	2	7	0	0	0	0.365280	0	0
holistic	he980	633	0.495559	3.038219	2	4	5	0	0	0	3.038219	0	0
holistic	he981	633	0	0	0	0	5	0	0	0	0	0	0
conventional	ce1347	633	0.867944	43.331923	1	14	7	5.788861	1.667632	24.514014	11.361416	0	0
holistic	he982	634	0.845727	2.241615	2	2	3	0	0	0	2.241615	0	0
holistic	he983	634	12.241294	23.793872	6	10	20	0	0	0	23.793872	0	0
conventional	ce1348	634	0	29.422350	0	14	7	5.481256	3.149229	9.208688	11.583177	0.054307	0
holistic	he984	635	0.676025	0.828387	2	2	5	0	0	0	0.828387	0	0
holistic	he985	635	1.118436	2.967546	2	2	5	0	0	0	2.967546	0	0
holistic	he986	635	0.288449	0.958560	2	3	5	0	0	0	0.958560	0	0
conventional	ce1349	635	2.066092	19.257465	1	14	7	4.711106	3.359669	7.639113	3.547577	2.037024	0
conventional	ce1350	635	0.697295	35.554685	1	14	7	4.528877	3.284778	21.173115	6.567915	2.558003	0
holistic	he987	636	4.715612	20.732760	8	24	11	0	0	0	20.732760	0	0
holistic	he988	636	0.843676	1.137064	4	4	7	0	0	0	1.137064	0	0
holistic	he989	636	3.060472	7.515464	8	8	11	0	0	0	7.515464	0	0
holistic	he990	636	0.572521	0.614233	2	2	5	0	0	0	0.614233	0	0
conventional	ce1351	636	0	32.948111	0	14	7	3.971447	3.647199	12.144228	13.185237	0.231145	0
conventional	ce1352	636	1.497920	36.228678	1	14	7	2.577547	7.559921	13.075352	13.015858	0.669623	0
holistic	he991	637	0.828776	2.161382	2	3	5	0	0	0	2.161382	0	0
holistic	he992	637	0	0	0	0	3	0	0	0	0	0	0
holistic	he993	637	0.845727	1.988663	2	2	3	0	0	0	1.988663	0	0
conventional	ce1353	637	0	19.457025	0	14	7	1.062298	4.641545	7.735502	6.017680	0	0
conventional	ce1354	637	2.066092	27.114567	1	14	7	4.403903	1.795350	13.464700	7.450614	3.366023	0
holistic	he994	638	3.327831	9.184308	6	15	9	0	0	0	9.184308	0	0
conventional	ce1355	638	0	29.327266	0	14	7	7.220006	2.646457	10.430126	9.030677	0.304442	0
conventional	ce1356	638	2.782550	31.600265	2	14	7	3.480719	2.593608	14.395501	11.130437	1.977609	0
conventional	ce1357	638	0	13.608887	0	14	7	1.720684	0.624446	8.308916	2.954841	0	0
holistic	he995	639	0.038924	0.254738	2	4	6	0.021906	0	0	0.232832	0	0
holistic	he996	639	0.289724	3.883000	4	16	6	0	0	0	3.883000	0	0
conventional	ce1358	639	1.410310	54.208291	1	14	7	6.713056	11.654325	19.930355	15.910555	1.020171	0
conventional	ce1359	639	0	24.143907	0	14	7	2.387640	4.760803	9.554365	7.441099	0	0
holistic	he997	640	0.950002	2.525382	2	3	5	0	0	0	2.525382	0	0
holistic	he998	640	0.915392	1.887372	2	2	5	0	0	0	1.887372	0	0
holistic	he999	640	0.812346	1.381518	3	3	7	0	0	0	1.381518	0	0
holistic	he1000	640	0.305210	1.610823	2	2	5	0	0	0	1.610823	0	0
conventional	ce1360	640	3.034622	44.726798	2	14	7	2.035178	9.487033	19.530803	13.673784	0.825418	0
holistic	he1001	641	0.637715	1.663109	1	2	5	0	0	0	1.663109	0	0
conventional	ce1361	641	0.328619	43.052302	1	14	7	6.930492	7.378511	19.559063	9.184236	0	0
conventional	ce1362	641	0.599661	34.183362	1	14	7	3.662549	5.177371	17.056428	8.287014	0	0
holistic	he1002	642	1.306398	3.448227	2	2	7	0	0	0	3.448227	0	0
conventional	ce1363	642	0.195437	9.197763	1	14	7	1.051270	1.489980	5.838115	0.818398	0	0
conventional	ce1364	642	0	43.852367	0	14	7	6.911025	1.129856	23.730046	12.081440	0	0
conventional	ce1365	642	1.434446	51.598714	1	14	7	6.773214	9.684871	20.043700	15.096929	0.669623	0
conventional	ce1366	642	0	45.506208	0	14	7	2.718110	10.740667	20.752080	11.295351	0	0
holistic	he1003	643	2.735059	10.920963	8	28	11	0	0	0	10.920963	0	0
holistic	he1004	643	0	0	0	0	1	0	0	0	0	0	0
holistic	he1005	643	0.127974	0.049074	1	1	3	0	0	0	0.049074	0	0
conventional	ce1367	643	1.909418	60.915230	1	14	7	9.398864	11.335881	23.062417	17.118068	0.042470	0
conventional	ce1368	643	0	12.933891	0	14	7	2.335523	0.593627	7.773074	2.231667	0	0
conventional	ce1369	643	0	11.771191	0	14	7	2.270584	3.624898	3.155195	2.720514	0	0
holistic	he1006	644	1.306398	3.215145	2	2	5	0	0	0	3.215145	0	0
holistic	he1007	644	0.843759	3.440910	6	9	9	0	0	0	3.440910	0	0
holistic	he1008	644	0.133518	4.986129	1	3	5	0	0	0	4.986129	0	0
holistic	he1009	644	0.845727	1.579609	2	2	5	0	0	0	1.579609	0	0
conventional	ce1370	644	0.599661	39.446165	1	14	7	6.697530	3.247968	16.675721	12.824946	0	0
conventional	ce1371	644	0.395076	38.061461	1	14	7	2.568765	4.696097	17.972058	12.824541	0	0
conventional	ce1372	644	0.599661	27.436943	1	14	7	4.201261	4.700460	10.649972	7.885250	0.242734	0
holistic	he1010	645	0.140353	0.356091	2	2	5	0	0	0	0.356091	0	0
conventional	ce1373	645	0	28.412493	0	14	7	5.447283	2.859548	13.515619	6.590043	0	0
conventional	ce1374	645	0	36.616855	0	14	7	6.661864	2.522147	12.718052	14.714792	0	0
conventional	ce1375	646	0.599661	42.284843	1	14	7	6.076608	6.701840	20.172717	9.333678	0	0
conventional	ce1376	646	1.434446	35.145043	1	14	7	3.339900	5.423965	11.796302	14.584876	0.669623	0
conventional	ce1377	646	1.188136	46.822125	1	14	7	6.309288	8.202125	23.179759	9.130953	0.153977	0
holistic	he1011	647	0.799000	2.083729	2	2	5	0	0	0	2.083729	0	0
holistic	he1012	647	0.934856	2.542533	1	2	4	0	0	0	2.542533	0	0
holistic	he1013	648	1.842576	4.686762	8	12	9	0	0	0	4.686762	0	0
conventional	ce1378	648	0.599661	30.779247	1	14	7	3.702104	3.583581	12.579055	10.914507	0	0
conventional	ce1379	648	0.690135	9.589102	1	14	7	0.430114	2.704962	4.230882	2.223144	0	0
holistic	he1014	649	0.357723	1.350379	2	3	5	0	0	0	1.350379	0	0
holistic	he1015	649	0	0	0	0	3	0	0	0	0	0	0
conventional	ce1380	649	0	42.436369	0	14	7	5.083689	5.365594	19.974029	12.013057	0	0
conventional	ce1381	649	0	25.802312	0	14	7	3.862082	2.977664	9.392675	9.569891	0	0
holistic	he1016	650	0.199584	0.506367	2	2	5	0	0	0	0.506367	0	0
conventional	ce1382	650	1.740320	41.943930	1	14	7	4.380541	5.859711	17.136512	14.567166	0.669623	0
conventional	ce1383	650	0.599661	42.456240	1	14	7	6.044390	4.719158	17.459359	14.233333	0	0
holistic	he1017	651	0.299968	7.174798	1	3	5	0	0	0	7.174798	0	0
holistic	he1018	651	0.058386	0.964575	3	6	6	0.032859	0	0	0.931716	0	0
holistic	he1019	651	0.501829	1.101361	2	2	3	0	0	0	1.101361	0	0
conventional	ce1384	651	1.188136	28.661502	1	14	7	4.363370	6.584723	11.188551	6.524858	0.334840	0
holistic	he1020	652	0.429736	1.041255	2	2	3	0	0	0	1.041255	0	0
holistic	he1021	652	0.645155	4.747958	2	4	5	0	0	0	4.747958	0	0
conventional	ce1385	652	0	19.833336	0	14	7	3.423320	6.035728	6.669239	3.705049	0	0
conventional	ce1386	652	0	38.841304	0	14	7	2.982697	4.946075	19.973303	10.939229	0	0
conventional	ce1387	652	0.599661	37.819458	1	14	7	4.662170	7.860563	17.380587	7.916138	0	0
holistic	he1022	653	1.240584	3.688774	2	2	3	0	0	0	3.688774	0	0
conventional	ce1388	653	1.830456	35.752879	1	14	7	4.359386	8.251408	16.518934	6.623151	0	0
holistic	he1023	654	3.060472	10.539304	8	24	11	0	0	0	10.539304	0	0
conventional	ce1389	654	0.358386	31.912622	1	14	7	7.838661	2.267245	14.787833	7.018883	0	0
conventional	ce1390	654	0.374601	42.989937	1	14	7	6.000102	5.266227	20.180342	11.543266	0.429371	0
conventional	ce1391	655	0.374601	42.040471	1	14	7	8.024500	3.247771	19.688363	11.079837	0.429371	0
conventional	ce1392	655	0	37.025212	0	14	7	6.631323	3.122787	15.735200	11.535902	0.304442	0
conventional	ce1393	655	1.830456	39.075911	1	14	7	4.213930	10.233258	18.246204	6.382519	0	0
conventional	ce1394	656	0	13.506774	0	14	7	2.470356	2.746986	5.303369	2.986063	0	0
conventional	ce1395	656	0	24.808063	0	14	7	3.395655	3.226203	11.170084	7.016121	0.506751	0
conventional	ce1396	656	0	45.802106	0	14	7	7.819903	5.514923	21.413485	11.053795	0	0
holistic	he1024	657	0.127974	0.109956	1	1	3	0	0	0	0.109956	0	0
holistic	he1025	657	0.395058	6.366310	1	4	5	0	0	0	6.366310	0	0
holistic	he1026	657	0.845727	1.953777	2	2	3	0	0	0	1.953777	0	0
conventional	ce1397	657	0.051378	37.975249	1	14	7	7.726805	6.844741	16.585079	6.818624	0.070982	0
conventional	ce1398	657	0.505017	9.445158	1	14	7	0.873979	1.801312	3.786796	2.983071	0	0
conventional	ce1399	658	1.188136	46.463209	1	14	7	7.198301	3.899761	25.834039	9.531108	1.340757	0
conventional	ce1400	658	0	43.201046	0	14	7	6.446632	5.786817	22.369305	8.598292	0	0
conventional	ce1401	658	1.676164	43.049320	1	14	7	4.911956	6.105373	17.983924	14.048067	0.669623	0
conventional	ce1402	658	2.066092	10.614307	1	14	7	0.919369	0.425137	4.868359	4.401442	2.088970	0
conventional	ce1403	658	0	55.274554	0	14	7	9.506116	0.628639	26.686099	18.453700	0.304442	0
holistic	he1027	659	0.288449	0.958560	2	3	5	0	0	0	0.958560	0	0
conventional	ce1404	659	0	35.296521	0	14	7	6.401395	4.612317	15.593730	8.689079	0.304442	0
conventional	ce1405	659	0	47.372362	0	14	7	2.916582	8.020482	27.027656	9.407642	0	0
conventional	ce1406	660	0	14.699566	0	14	7	2.306419	0.804410	6.752919	4.835818	0	0
conventional	ce1407	660	1.830456	32.078415	1	14	7	6.546441	3.842529	12.426232	9.263213	0	0
conventional	ce1408	661	1.062736	41.105292	1	14	7	2.325888	4.973418	20.413777	13.392209	0	0
conventional	ce1409	661	0.599661	51.991767	1	14	7	5.991124	11.612092	20.831161	13.557390	0	0
conventional	ce1410	662	1.062736	41.229118	1	14	7	2.226468	4.984525	20.977601	13.040524	0	0
holistic	he1028	663	0.464728	1.180553	2	3	5	0	0	0	1.180553	0	0
holistic	he1029	663	0.950002	1.956220	2	3	5	0	0	0	1.956220	0	0
holistic	he1030	664	6.961620	20.713192	8	24	11	0	0	0	20.713192	0	0
conventional	ce1411	664	2.098115	50.171783	1	14	7	4.896474	6.910364	27.026550	11.338395	1.557054	0
conventional	ce1412	664	0.599661	45.174439	1	14	7	6.301585	3.597809	25.387851	9.887194	0	0
conventional	ce1413	664	0	44.785649	0	14	7	7.376082	6.622273	19.983818	10.803476	0	0
conventional	ce1414	664	0	38.483764	0	14	7	7.902669	3.255664	15.508094	11.817337	0	0
holistic	he1031	665	4.661452	17.196012	8	28	11	0	0	0	17.196012	0	0
conventional	ce1415	665	0	36.356410	0	14	7	4.611325	2.842229	16.706291	12.196565	0.003034	0
conventional	ce1416	666	0.445854	47.542005	1	14	7	2.486740	6.671763	24.114609	14.268893	0	0
conventional	ce1417	667	0	73.135871	0	14	7	15.118771	8.570515	35.676001	13.770584	0.282564	0
conventional	ce1418	668	0.599661	34.926236	1	14	7	5.123834	5.169737	15.764340	8.868325	2.706499	0
conventional	ce1419	668	0.358386	37.373802	1	14	7	7.516415	4.859508	17.519526	7.478353	0	0
conventional	ce1420	668	0	33.743733	0	14	7	4.068361	4.942793	13.036838	11.695741	0	0
holistic	he1032	671	0.305210	1.646155	2	2	3	0	0	0	1.646155	0	0
conventional	ce1421	671	0	34.350683	0	14	7	2.365175	6.762215	14.382967	10.840326	0	0
conventional	ce1422	672	1.909418	63.176556	1	14	7	10.692687	10.536869	24.732664	17.214336	0.042470	0
conventional	ce1423	672	0	20.360748	0	14	7	3.456954	7.433779	8.095899	1.374116	0	0
conventional	ce1424	673	2.707598	39.459094	2	14	7	4.272688	10.564570	18.991785	5.630051	0	0
conventional	ce1425	673	0.599661	51.140994	1	14	7	6.334828	10.770089	21.658162	12.377915	0	0
holistic	he1033	674	0.501829	1.101361	2	2	3	0	0	0	1.101361	0	0
conventional	ce1426	674	0	33.938407	0	14	7	6.873304	5.751885	13.682705	7.630513	0.125691	0
holistic	he1034	675	0.145844	0.056721	1	1	3	0	0	0	0.056721	0	0
conventional	ce1427	675	0	23.124057	0	14	7	2.040945	1.901476	9.953253	9.228383	0	0
conventional	ce1428	675	0	34.741954	0	14	7	1.155535	5.710184	18.505363	9.370872	0.304442	0
conventional	ce1429	676	1.062736	24.278667	1	14	7	1.682188	1.016973	11.542946	10.036560	0	0
conventional	ce1430	676	0	36.128627	0	14	7	6.117022	1.928874	15.291111	12.791620	0.304442	0
conventional	ce1431	676	0	24.829243	0	14	7	4.719375	2.044706	11.520623	6.544539	0	0
holistic	he1035	678	0.920092	4.250032	2	4	6	0	0	0	4.250032	0	0
holistic	he1036	678	0.676025	0.365280	2	2	7	0	0	0	0.365280	0	0
conventional	ce1432	678	0.802586	46.908949	1	14	7	5.367768	1.216297	26.243271	14.081613	0	0
conventional	ce1433	678	0	68.612159	0	14	7	14.111605	6.720526	36.776343	11.003685	0.239656	0
conventional	ce1434	678	0.599661	25.514255	1	14	7	3.484408	4.213192	9.379390	8.437265	0.242734	0
holistic	he1037	679	0.133518	4.516362	1	3	5	0	0	0	4.516362	0	0
conventional	ce1435	679	0.769968	40.382848	1	14	7	5.483556	7.311676	18.824014	8.763602	0	0
conventional	ce1436	679	0	31.769637	0	14	7	5.665103	2.637900	14.429545	9.037089	0	0
holistic	he1038	680	0	0	0	0	1	0	0	0	0	0	0
conventional	ce1437	681	0	12.460720	0	14	7	2.050879	3.586099	3.614799	3.208943	0	0
conventional	ce1438	681	1.003436	38.946390	1	14	7	2.730141	9.458261	20.263624	6.494364	0	0
conventional	ce1439	681	1.830456	31.875444	1	14	7	2.814158	6.661873	14.607906	7.791507	0.524933	0
holistic	he1039	682	0	0	0	0	5	0	0	0	0	0	0
conventional	ce1440	682	0	36.548032	0	14	7	5.575960	2.695971	15.967587	12.308514	1.492321	0
holistic	he1040	684	0.140353	0.356091	2	3	5	0	0	0	0.356091	0	0
holistic	he1041	684	0.843759	3.048771	6	15	9	0	0	0	3.048771	0	0
holistic	he1042	685	1.251082	9.263099	2	3	5	0	0	0	9.263099	0	0
holistic	he1043	685	0	0	0	0	3	0	0	0	0	0	0
holistic	he1044	685	0	0	0	0	4	0	0	0	0	0	0
conventional	ce1441	685	0	39.611881	0	14	7	7.509243	7.193390	17.244491	7.664757	0	0
conventional	ce1442	685	0	21.550168	0	14	7	1.431728	2.321556	9.604807	8.192077	0	0
conventional	ce1443	685	0	38.291860	0	14	7	6.504605	5.047425	18.030387	8.709443	0	0
holistic	he1045	686	0.199584	0.311782	2	2	5	0	0	0	0.311782	0	0
holistic	he1046	686	1.073169	4.723779	6	15	9	0	0	0	4.723779	0	0
holistic	he1047	686	0.769370	1.951984	2	2	5	0	0	0	1.951984	0	0
holistic	he1048	686	1.000000	2.540309	2	3	4	0	0	0	2.540309	0	0
conventional	ce1444	686	0.599661	24.590954	1	14	7	4.653658	2.660549	13.433493	3.843254	0.242734	0
holistic	he1049	687	0.645155	4.405109	2	3	5	0	0	0	4.405109	0	0
conventional	ce1445	687	0	46.292274	0	14	7	6.848922	2.617581	21.693013	15.132758	0	0
conventional	ce1446	687	0	29.616845	0	14	7	5.528233	3.291096	13.348651	7.448865	0.177646	0
holistic	he1050	688	0.357723	1.350379	2	3	5	0	0	0	1.350379	0	0
holistic	he1051	688	1.176155	2.681929	2	2	7	0	0	0	2.681929	0	0
conventional	ce1447	688	1.830456	33.365977	1	14	7	4.859361	6.042456	15.146245	7.317915	0.524933	0
holistic	he1052	689	2.197944	5.139672	4	4	5	0	0	0	5.139672	0	0
holistic	he1053	689	0.369853	0.855587	2	2	2	0	0	0	0.855587	0	0
holistic	he1054	689	0.140353	0.356091	2	3	5	0	0	0	0.356091	0	0
conventional	ce1448	690	1.252699	46.026463	1	14	7	6.132092	3.071708	23.857579	12.965084	0	0
holistic	he1055	691	0.251647	0.568533	2	2	3	0	0	0	0.568533	0	0
holistic	he1056	691	0.168257	0.761485	1	2	3	0	0	0	0.761485	0	0
holistic	he1057	691	0.185570	1.889740	2	2	3	0	0	0	1.889740	0	0
holistic	he1058	691	0.634531	1.865557	2	2	3	0	0	0	1.865557	0	0
conventional	ce1449	691	0	46.169239	0	14	7	9.394495	5.613605	23.861706	7.299433	0	0
holistic	he1059	692	0.262040	1.029779	2	2	7	0	0	0	1.029779	0	0
holistic	he1060	692	3.327831	9.403641	6	15	9	0	0	0	9.403641	0	0
holistic	he1061	693	12.021888	31.964244	8	24	11	0	0	0	31.964244	0	0
holistic	he1062	693	0.299968	7.810171	1	3	4	0	0	0	7.810171	0	0
holistic	he1063	693	0.366974	1.669419	2	2	5	0	0	0	1.669419	0	0
conventional	ce1450	693	0.028000	34.632910	1	14	7	4.364554	6.747888	16.653045	6.867423	0	0
conventional	ce1451	693	0	46.710367	0	14	7	8.804415	5.878669	19.554822	12.472461	0	0
holistic	he1064	695	0.140353	0.356091	2	2	5	0	0	0	0.356091	0	0
holistic	he1065	695	0	0	0	0	11	0	0	0	0	0	0
holistic	he1066	695	0.048667	4.632825	1	3	5	0	0	0	4.632825	0	0
conventional	ce1452	695	0	23.059981	0	14	7	4.716259	1.236656	10.832077	6.274989	1.409751	0
holistic	he1067	696	0.288449	0.958560	2	3	5	0	0	0	0.958560	0	0
conventional	ce1453	696	0	53.038150	0	14	7	12.371652	9.436289	22.469661	8.760548	0	0
conventional	ce1454	696	0	31.711311	0	14	7	5.312051	3.615825	16.908019	5.875416	0.177646	0
holistic	he1068	697	0.140353	0.356091	2	2	5	0	0	0	0.356091	0	0
holistic	he1069	697	0.144522	1.846533	2	2	7	0	0	0	1.846533	0	0
holistic	he1070	697	0.303101	1.684181	1	1	2	0	0	0	1.684181	0	0
holistic	he1071	697	0.217293	2.921889	3	9	8	0	0	0	2.921889	0	0
conventional	ce1455	697	0.445854	42.363136	1	14	7	2.673238	5.791597	19.090314	14.807987	0	0
holistic	he1072	698	0.501829	1.101361	2	2	3	0	0	0	1.101361	0	0
holistic	he1073	698	0.483286	1.058479	2	2	7	0	0	0	1.058479	0	0
conventional	ce1456	698	1.909418	67.639680	1	14	7	12.647684	12.284425	25.037247	17.670324	0.042470	0
conventional	ce1457	698	0	29.507399	0	14	7	5.054627	2.590483	13.578231	8.284058	0	0
holistic	he1074	699	1.176155	3.231871	2	2	5	0	0	0	3.231871	0	0
holistic	he1075	699	0.642839	1.030165	2	2	4	0	0	0	1.030165	0	0
holistic	he1076	699	0.276041	1.201536	1	2	3	0	0	0	1.201536	0	0
holistic	he1077	700	1.306398	27.428762	2	4	7	0	0	0	27.428762	0	0
holistic	he1078	700	0.199584	0.506367	2	2	5	0	0	0	0.506367	0	0
conventional	ce1458	701	0	13.338879	0	14	7	2.368041	0.679047	7.645014	2.646777	0	0
holistic	he1079	702	0.845727	2.173983	2	2	3	0	0	0	2.173983	0	0
holistic	he1080	702	0.288449	0.958560	2	3	5	0	0	0	0.958560	0	0
conventional	ce1459	702	0	41.325615	0	14	7	7.470368	0.800038	19.523009	13.532200	0.304442	0
conventional	ce1460	702	0	57.600569	0	14	7	13.671959	7.281458	24.309675	12.337477	0	0
holistic	he1081	703	0.140353	0.356091	2	2	5	0	0	0	0.356091	0	0
holistic	he1082	703	0.288449	0.931026	2	3	5	0	0	0	0.931026	0	0
conventional	ce1461	703	0	35.736271	0	14	7	4.344115	2.713789	16.585684	12.092683	0	0
conventional	ce1462	703	0	49.188291	0	14	7	5.373184	9.729115	23.333575	10.752417	0	0
conventional	ce1463	703	0	39.574593	0	14	7	6.008521	5.576733	20.114661	7.874678	0	0
conventional	ce1464	703	1.558054	73.353854	1	14	7	13.137300	13.061532	29.973674	17.181348	0.042470	0
holistic	he1083	704	0.145844	0.181236	1	1	3	0	0	0	0.181236	0	0
holistic	he1084	704	0.140353	0.375835	2	2	5	0	0	0	0.375835	0	0
holistic	he1085	704	1.809520	2.992886	5	5	10	0	0	0	2.992886	0	0
holistic	he1086	704	0.886233	3.000201	3	12	6	0	0	0	3.000201	0	0
conventional	ce1465	704	0.380713	35.270562	1	14	7	4.668434	5.449854	14.867779	10.284495	2.706499	0
holistic	he1087	705	3.327831	4.414323	6	15	9	0	0	0	4.414323	0	0
holistic	he1088	705	0	0	0	0	1	0	0	0	0	0	0
conventional	ce1466	705	0	48.755446	0	14	7	5.252383	5.085670	24.679000	13.738393	0.123093	0
conventional	ce1467	705	0	55.206419	0	14	7	9.786362	4.283365	23.483361	17.653331	0.304442	0
conventional	ce1468	705	1.830456	61.332565	1	14	7	1.380708	11.389679	32.901485	15.660693	0.524933	0
conventional	ce1469	705	0	32.606218	0	14	7	3.323367	3.666110	14.284381	11.332360	0.304442	0
conventional	ce1470	706	0.599661	46.121568	1	14	7	5.343433	9.893370	18.135099	12.749666	0	0
conventional	ce1471	706	0	55.104166	0	14	7	10.361625	0.391129	27.125912	17.225500	0.320154	0
conventional	ce1472	706	0	41.212247	0	14	7	6.303593	4.593244	22.537674	7.777736	0	0
conventional	ce1473	706	0	52.725728	0	14	7	3.919530	10.171083	27.503014	11.132101	0	0
holistic	he1089	707	3.060472	10.539304	8	24	11	0	0	0	10.539304	0	0
holistic	he1090	708	0.306531	1.445375	1	2	3	0	0	0	1.445375	0	0
holistic	he1091	708	0.247927	0.629021	2	2	5	0	0	0	0.629021	0	0
conventional	ce1474	708	0	34.367965	0	14	7	3.550932	5.186658	16.716519	8.913856	0.125691	0
holistic	he1092	709	0.369853	0.855587	2	2	2	0	0	0	0.855587	0	0
holistic	he1093	709	3.060472	17.095076	8	24	11	0	0	0	17.095076	0	0
conventional	ce1475	709	0	36.246641	0	14	7	8.168008	5.382732	13.890273	8.805628	0.016264	0
conventional	ce1476	709	0	41.436318	0	14	7	7.729451	5.437545	19.847577	8.421745	0	0
conventional	ce1477	709	0	56.503199	0	14	7	6.558168	12.172245	23.909488	13.863298	0	0
holistic	he1094	710	2.218554	5.802522	4	8	7	0	0	0	5.802522	0	0
holistic	he1095	711	0.376005	1.466961	2	2	14	0	0	0	1.466961	0	0
holistic	he1096	711	4.661452	41.089290	8	28	11	0	0	0	41.089290	0	0
conventional	ce1478	711	0	41.221670	0	14	7	4.313367	5.286635	20.938737	10.682931	0	0
holistic	he1097	712	2.612796	55.119078	4	8	7	0	0	0	55.119078	0	0
holistic	he1098	712	0.642839	1.030165	2	2	4	0	0	0	1.030165	0	0
holistic	he1099	712	0	0.085225	0	1	1	0	0	0	0.085225	0	0
conventional	ce1479	712	0	54.502369	0	14	7	7.820920	8.010876	29.734341	8.936232	0	0
conventional	ce1480	712	2.021511	35.535965	2	14	7	4.218288	8.651893	17.590601	5.075183	0	0
conventional	ce1481	712	0	32.751149	0	14	7	5.767210	3.394569	13.947721	9.641649	0	0
holistic	he1100	713	0.917786	2.508717	1	1	2	0	0	0	2.508717	0	0
conventional	ce1482	713	0	42.898448	0	14	7	5.839080	4.305617	27.029276	5.724475	0	0
holistic	he1101	714	1.538740	3.903968	4	4	7	0	0	0	3.903968	0	0
conventional	ce1483	714	0.599661	45.215205	1	14	7	4.072666	11.180121	23.081776	6.880642	0	0
conventional	ce1484	714	1.253951	33.237149	1	14	7	5.328798	6.943700	14.977284	5.987367	0.524933	0
conventional	ce1485	714	0.399034	29.538132	1	14	7	4.260701	2.565450	13.427234	9.284747	0	0
conventional	ce1486	714	0	41.350930	0	14	7	8.027202	3.203700	19.897802	10.222226	0	0
conventional	ce1487	715	0	39.782099	0	14	7	6.028555	2.216437	15.837866	15.699241	0.304442	0
conventional	ce1488	715	0	44.262769	0	14	7	5.945034	5.893057	22.110248	10.314430	0.260657	0
holistic	he1102	716	1.285678	6.766141	4	9	7	0.462253	0	0	6.303888	0	0
holistic	he1103	716	2.114472	5.364668	2	2	7	0	0	0	5.364668	0	0
holistic	he1104	716	0.140353	0.891513	2	4	5	0	0	0	0.891513	0	0
conventional	ce1489	716	0	65.281384	0	14	7	16.828585	8.348748	27.283464	12.820587	0	0
conventional	ce1490	716	0	42.087481	0	14	7	2.278109	6.655977	22.925646	10.227749	0	0
holistic	he1105	717	0.843759	3.154275	6	15	9	0	0	0	3.154275	0	0
holistic	he1106	717	0	0	0	0	5	0	0	0	0	0	0
holistic	he1107	717	0.369853	0.855587	2	2	2	0	0	0	0.855587	0	0
conventional	ce1491	717	0	38.517962	0	14	7	2.447807	8.096157	20.451802	7.522196	0	0
conventional	ce1492	717	0	54.229537	0	14	7	8.240793	10.239438	24.870571	10.878735	0	0
holistic	he1108	718	0.462148	0.607771	2	2	7	0	0	0	0.607771	0	0
conventional	ce1493	718	0.599661	47.295000	1	14	7	6.582427	11.281038	22.809976	6.621559	0	0
conventional	ce1494	718	0	43.964993	0	14	7	5.364078	6.972789	20.922062	10.706064	0	0
conventional	ce1495	718	0	38.828244	0	14	7	7.886910	7.434248	16.736114	6.770972	0	0
conventional	ce1496	718	0	49.635924	0	14	7	12.213535	9.951960	20.060714	7.409715	0	0
conventional	ce1497	718	0	52.779017	0	14	7	8.474515	5.663713	23.124530	15.516259	0	0
holistic	he1109	719	0.369853	0.855587	2	2	2	0	0	0	0.855587	0	0
conventional	ce1498	719	0	35.994798	0	14	7	4.878285	2.013968	16.021243	13.081302	0.003034	0
conventional	ce1499	719	1.558054	72.798858	1	14	7	12.986718	12.334399	30.274646	17.203095	0.019672	0
conventional	ce1500	719	0	27.366807	0	14	7	4.943702	2.521147	12.808290	7.093668	0	0
conventional	ce1501	719	0	48.100859	0	14	7	9.682763	6.086892	24.285505	8.045699	0	0
holistic	he1110	720	0.538027	0.999296	2	3	5	0	0	0	0.999296	0	0
holistic	he1111	720	1.411899	4.663643	2	3	5	0	0	0	4.663643	0	0
conventional	ce1502	720	1.558054	79.938440	1	14	7	13.862154	14.221222	30.170841	21.684223	0.042470	0
holistic	he1112	721	0.260574	9.157163	1	3	4	0	0	0	9.157163	0	0
conventional	ce1503	721	0	49.510368	0	14	7	4.727439	9.637576	24.260955	10.884398	0	0
conventional	ce1504	722	0.445854	43.792583	1	14	7	3.616562	2.712170	20.386897	17.076954	0	0
conventional	ce1505	722	0.602113	32.174207	1	14	7	3.733112	4.658632	9.672145	14.110318	0.242734	0
holistic	he1113	723	0.501829	1.248674	2	2	3	0	0	0	1.248674	0	0
holistic	he1114	723	0.828123	3.380973	3	3	7	0	0	0	3.380973	0	0
holistic	he1115	723	0.199584	2.376193	2	3	5	0	0	0	2.376193	0	0
holistic	he1116	723	2.032972	15.380056	5	9	6	0	0	0	15.380056	0	0
conventional	ce1506	723	0	44.106325	0	14	7	7.827756	4.183053	18.016585	14.078931	0.003034	0
holistic	he1117	724	0.336514	1.373880	2	2	6	0	0	0	1.373880	0	0
conventional	ce1507	724	0.445854	41.291592	1	14	7	3.501920	6.329412	19.392334	12.067926	0	0
conventional	ce1508	724	0	41.837817	0	14	7	7.994421	4.321606	19.412075	10.109715	0	0
conventional	ce1509	724	0	42.743173	0	14	7	8.996462	3.701411	23.762372	6.282928	0	0
holistic	he1118	725	0.508857	3.316211	2	2	7	0	0	0	3.316211	0	0
conventional	ce1510	725	1.830456	26.950657	1	14	7	2.488254	6.456822	13.049648	4.955933	0.302713	0
holistic	he1119	726	0.411506	1.192356	4	4	6	0	0	0	1.192356	0	0
conventional	ce1511	726	0.384012	65.773733	1	14	7	15.490142	8.699375	24.550801	17.033415	0.042470	0
conventional	ce1512	726	0	19.904469	0	14	7	2.616853	7.433779	8.126610	1.727227	0	0
holistic	he1120	727	1.253339	2.899371	2	2	2	0	0	0	2.899371	0	0
conventional	ce1513	727	0.030323	74.872862	1	14	7	12.344855	11.754695	32.707553	18.065759	0.118753	0
holistic	he1121	728	0.549178	1.591260	2	2	5	0	0	0	1.591260	0	0
conventional	ce1514	728	0	30.467983	0	14	7	2.789936	3.284021	12.605421	11.788605	0.525516	0
conventional	ce1515	728	0	33.091242	0	14	7	4.788636	3.757800	16.811728	7.733078	0	0
conventional	ce1516	728	1.253951	26.126843	1	14	7	4.401870	8.097619	10.266714	3.360640	0.524933	0
holistic	he1122	730	0.280706	1.044970	4	10	10	0	0	0	1.044970	0	0
holistic	he1123	731	0.676025	0.365280	2	2	9	0	0	0	0.365280	0	0
conventional	ce1517	731	1.558054	72.926909	1	14	7	12.912524	10.111966	32.619939	17.282480	0.042470	0
holistic	he1124	732	0.886233	2.746104	3	12	6	0	0	0	2.746104	0	0
conventional	ce1518	732	0	25.590732	0	14	7	1.801169	3.393086	11.840990	8.555487	0	0
conventional	ce1519	732	0	34.373175	0	14	7	5.001354	2.589386	14.878242	11.904193	0	0
conventional	ce1520	733	0	51.316541	0	14	7	10.576803	7.500735	24.090771	9.148232	0	0
conventional	ce1521	733	1.252699	46.636468	1	14	7	7.294414	4.291347	23.101901	11.948806	0	0
holistic	he1125	734	0.133518	6.379839	1	4	5	0	0	0	6.379839	0	0
holistic	he1126	734	0.299968	6.934675	1	3	4	0	0	0	6.934675	0	0
conventional	ce1522	734	0	42.699907	0	14	7	9.659608	7.722052	16.008026	9.310221	0	0
conventional	ce1523	734	0	31.102387	0	14	7	3.503672	2.867590	15.807355	8.923770	0.125691	0
holistic	he1127	735	1.109114	2.565733	2	2	2	0	0	0	2.565733	0	0
conventional	ce1524	736	0	42.300757	0	14	7	5.518616	7.289412	19.780230	9.712499	0	0
conventional	ce1525	736	1.360767	46.391255	1	14	7	5.343433	9.859999	18.245821	12.942002	0	0
conventional	ce1526	736	0	42.172602	0	14	7	3.095937	10.894281	20.611365	7.571019	0	0
conventional	ce1527	736	0	50.284518	0	14	7	3.569210	11.148836	22.850253	12.716219	0	0
conventional	ce1528	737	0	47.248312	0	14	7	8.090811	7.792587	18.074118	13.290796	0	0
conventional	ce1529	737	0	34.936001	0	14	7	4.629702	4.610528	15.060784	10.634987	0	0
holistic	he1128	738	0	0	0	0	5	0	0	0	0	0	0
holistic	he1129	738	0.133518	3.876132	1	3	5	0	0	0	3.876132	0	0
conventional	ce1530	738	0	58.421365	0	14	7	8.862844	4.129555	28.022953	17.406013	0.304442	0
conventional	ce1531	738	0	33.699769	0	14	7	9.487494	0.750771	15.697353	7.764151	0	0
holistic	he1130	739	0.538027	0.999296	2	3	5	0	0	0	0.999296	0	0
conventional	ce1532	739	0	39.774421	0	14	7	7.078177	1.924022	17.337547	13.434675	0	0
conventional	ce1533	739	1.253951	37.590252	1	14	7	3.862092	9.104030	14.322270	10.301860	0.524933	0
conventional	ce1534	740	1.253951	23.686621	1	14	7	4.145815	7.825214	8.284406	3.431186	0.524933	0
conventional	ce1535	740	0.384260	49.199864	1	14	7	4.319749	3.505315	25.079352	16.295448	0	0
conventional	ce1536	740	0	35.313104	0	14	7	3.382819	2.470563	18.841236	10.618486	0.125691	0
conventional	ce1537	741	0.519838	32.180188	1	14	7	4.516470	2.592575	15.642804	9.428339	0	0
holistic	he1131	742	0.352902	0.657372	1	1	3	0	0	0	0.657372	0	0
conventional	ce1538	742	0	42.180654	0	14	7	6.659413	5.137754	15.040126	15.343361	0	0
conventional	ce1539	742	1.627429	34.111563	1	14	7	6.367765	5.830015	14.714583	7.199200	0.524933	0
conventional	ce1540	742	0	34.851783	0	14	7	6.030004	3.409123	16.728287	8.684369	0	0
holistic	he1132	744	9.310512	15.200040	12	54	18	0	0	0	15.200040	0	0
holistic	he1133	744	0.140353	0.320317	2	2	5	0	0	0	0.320317	0	0
holistic	he1134	745	0.732192	1.857657	2	2	5	0	0	0	1.857657	0	0
holistic	he1135	745	0.538027	1.319444	2	3	5	0	0	0	1.319444	0	0
conventional	ce1541	745	1.830456	26.223044	1	14	7	2.887069	5.899356	12.450450	4.986169	0.302713	0
conventional	ce1542	745	1.253951	46.221421	1	14	7	5.196452	11.229568	19.249093	10.546308	0.524933	0
conventional	ce1543	745	0.445854	45.864223	1	14	7	3.071748	4.905451	20.113106	17.773918	0	0
conventional	ce1544	745	0.856790	48.745763	1	14	7	5.849474	4.630746	23.529400	14.736143	0	0
holistic	he1136	746	1.923670	6.186180	4	8	7	0	0	0	6.186180	0	0
holistic	he1137	746	0.295411	0.606782	1	2	3	0	0	0	0.606782	0	0
holistic	he1138	746	0.140353	0.576352	2	3	5	0	0	0	0.576352	0	0
conventional	ce1545	746	0	60.315066	0	14	7	14.575963	12.685704	17.911449	15.141950	0	0
conventional	ce1546	747	0.079454	39.601695	1	14	7	6.219264	4.760947	20.298829	8.322655	0	0
conventional	ce1547	747	0	42.565971	0	14	7	8.399449	5.088493	21.722732	7.355297	0	0
conventional	ce1548	747	1.830456	59.083513	1	14	7	1.348784	11.263848	33.175139	13.295742	0.524933	0
holistic	he1139	748	0.778992	1.813839	2	2	5	0	0	0	1.813839	0	0
holistic	he1140	748	0.140353	0.443396	2	2	5	0	0	0	0.443396	0	0
holistic	he1141	748	0	0	0	0	1	0	0	0	0	0	0
conventional	ce1549	748	0	43.459022	0	14	7	12.882621	5.880694	20.669015	4.026692	0	0
conventional	ce1550	748	1.074632	68.167460	1	14	7	12.096723	10.182810	28.015700	17.872227	0.118753	0
holistic	he1142	749	0.168257	1.059665	1	6	8	0	0	0	1.059665	0	0
holistic	he1143	749	1.176155	3.231871	2	2	5	0	0	0	3.231871	0	0
holistic	he1144	749	0.788972	1.629066	2	3	5	0	0	0	1.629066	0	0
conventional	ce1551	750	0.386878	52.159108	1	14	7	2.509033	4.521045	26.469582	18.659448	0	0
conventional	ce1552	750	0	30.964083	0	14	7	3.691338	1.858159	14.215257	11.199329	0.304442	0
holistic	he1145	751	0.260574	11.322741	1	3	4	0	0	0	11.322741	0	0
holistic	he1146	751	0.733325	0.775914	2	2	9	0	0	0	0.775914	0	0
conventional	ce1553	751	0	56.328775	0	14	7	7.275058	10.980046	24.570693	13.502978	0.035841	0
conventional	ce1554	751	1.558054	45.284492	1	14	7	7.644881	11.482961	16.414232	9.742418	0.042470	0
holistic	he1147	752	0.872676	4.397946	2	3	5	0	0	0	4.397946	0	0
holistic	he1148	752	0.732192	1.857657	2	2	5	0	0	0	1.857657	0	0
holistic	he1149	752	2.218228	5.131466	4	4	5	0	0	0	5.131466	0	0
holistic	he1150	752	0	0	0	0	1	0	0	0	0	0	0
conventional	ce1555	752	1.830456	45.871650	1	14	7	1.211439	7.283571	28.728339	8.648301	0.859294	0
holistic	he1151	753	0.140353	0.443396	2	2	5	0	0	0	0.443396	0	0
holistic	he1152	753	2.218554	6.222026	4	8	7	0.014162	0	0	6.207864	0	0
holistic	he1153	753	0.884982	2.245304	2	2	5	0	0	0	2.245304	0	0
holistic	he1154	753	0.144522	1.054078	2	2	7	0	0	0	1.054078	0	0
holistic	he1155	755	0.140353	0.572881	2	2	5	0	0	0	0.572881	0	0
holistic	he1156	755	0.778992	11.433664	2	3	5	0	0	0	11.433664	0	0
holistic	he1157	755	3.483793	24.439662	8	25	15	0	0	0	24.439662	0	0
holistic	he1158	756	0.369853	0.855587	2	2	2	0	0	0	0.855587	0	0
holistic	he1159	756	0.360256	0.914012	2	2	6	0	0	0	0.914012	0	0
holistic	he1160	756	0.141002	0.392553	1	1	2	0	0	0	0.392553	0	0
holistic	he1161	756	0.149287	0.471622	2	2	5	0	0	0	0.471622	0	0
holistic	he1162	756	0.508857	3.417328	2	2	7	0	0	0	3.417328	0	0
conventional	ce1556	756	0.599661	41.591627	1	14	7	4.246227	7.920353	23.010015	6.415032	0	0
holistic	he1163	757	0	17.087745	0	10	6	0	0	0	17.087745	0	0
holistic	he1164	757	1.968778	5.257094	4	8	7	0	0	0	5.257094	0	0
holistic	he1165	757	3.007018	12.603671	5	10	6	0	0	0	12.603671	0	0
holistic	he1166	758	0.260574	9.070839	1	3	4	0	0	0	9.070839	0	0
conventional	ce1557	758	0	54.210525	0	14	7	10.750876	10.232615	24.725114	8.501920	0	0
conventional	ce1558	758	1.830456	60.367573	1	14	7	1.635812	13.544027	29.972889	15.214845	0.524933	0
holistic	he1167	759	0.884982	2.245304	2	2	5	0	0	0	2.245304	0	0
holistic	he1168	759	0.538027	1.053896	2	2	5	0	0	0	1.053896	0	0
holistic	he1169	759	0.300063	0.863991	3	12	6	0	0	0	0.863991	0	0
holistic	he1170	759	0.362732	1.518747	2	3	5	0	0	0	1.518747	0	0
holistic	he1171	760	0.140353	4.182177	2	4	5	0	0	0	4.182177	0	0.598500
holistic	he1172	760	0.590822	2.019876	2	4	3	0	0	0	2.019876	0	0
conventional	ce1559	760	0.605896	40.562130	2	14	7	4.433537	4.035915	16.680432	15.412246	0	0
holistic	he1173	761	0.501829	1.248674	2	2	3	0	0	0	1.248674	0	0
holistic	he1174	761	0.140353	0.443396	2	2	5	0	0	0	0.443396	0	0
holistic	he1175	762	0	0.085225	0	1	1	0	0	0	0.085225	0	0
holistic	he1176	762	0.740758	1.879391	2	2	5	0	0	0	1.879391	0	0
holistic	he1177	763	0.300063	0.863991	3	12	6	0	0	0	0.863991	0	0
holistic	he1178	763	0	0	0	0	0	0	0	0	0	0	0
holistic	he1179	763	1.747738	4.192040	4	4	7	0	0	0	4.192040	0	0
conventional	ce1560	763	0	58.823533	0	14	7	7.772329	8.995625	31.030863	11.024716	0	0
conventional	ce1561	763	0	45.916465	0	14	7	8.394573	11.448404	17.352831	8.720657	0	0
conventional	ce1562	763	0	47.921573	0	14	7	10.390035	9.532531	18.004961	9.994046	0	0
conventional	ce1563	763	1.074632	70.720710	1	14	7	12.096723	10.772043	30.463062	17.388882	0	0
conventional	ce1564	763	0	60.806652	0	14	7	10.604581	10.004597	28.089070	12.108404	0	0
holistic	he1180	764	3.606002	26.642108	6	20	11	0	0	0	26.642108	0	0
holistic	he1181	764	0.241047	0.550124	2	2	5	0	0	0	0.550124	0	0
holistic	he1182	764	0.538027	0.538027	2	2	5	0	0	0	0.538027	0	0
holistic	he1183	764	0.965461	2.449488	2	2	5	0	0	0	2.449488	0	0
conventional	ce1565	764	0	40.866264	0	14	7	9.152724	5.879883	17.586624	8.247033	0	0
holistic	he1184	765	0.282204	0.715984	2	2	5	0	0	0	0.715984	0	0
conventional	ce1566	765	0.030323	40.410694	1	14	7	6.228528	4.849458	20.228165	9.104543	0.118753	0
conventional	ce1567	765	1.915139	45.897131	1	14	7	2.159041	5.657421	28.031494	10.049175	0.859294	0
conventional	ce1568	765	0	61.843873	0	14	7	16.250717	7.763028	26.179156	11.650972	0	0
conventional	ce1569	765	0	25.544413	0	14	7	3.743023	8.107163	11.909667	1.784560	0	0
conventional	ce1570	766	0.862894	30.860137	1	14	7	5.137967	1.572839	13.661913	10.487418	0.118753	0
conventional	ce1571	766	0	28.265188	0	14	7	4.643451	2.314599	12.599833	8.707305	0	0
conventional	ce1572	766	0	51.123068	0	14	7	5.090367	8.152186	24.909367	12.971148	0	0
conventional	ce1573	766	0	55.200582	0	14	7	7.927782	8.310102	27.355184	11.607514	0.125691	0
conventional	ce1574	766	1.253951	54.226862	1	14	7	2.329438	15.127055	21.941194	14.829175	0.524933	0
conventional	ce1575	766	1.830456	26.584569	1	14	7	2.781690	5.310976	13.352169	5.139734	0.302713	0
holistic	he1185	767	1.288546	2.393260	4	6	5	0	0	0	2.393260	0	0
holistic	he1186	767	1.109114	0.138994	2	2	2	0	0	0	0.138994	0	0
holistic	he1187	767	0.691620	1.754722	2	2	5	0	0	0	1.754722	0	0
holistic	he1188	767	0.260574	5.246677	1	3	4	0	0	0	5.246677	0	0
conventional	ce1576	767	0	31.723967	0	14	7	4.000043	3.571916	16.932786	7.219222	0	0
holistic	he1189	768	0.260574	4.932282	1	2	2	0	0	0	4.932282	0	0
conventional	ce1577	768	1.253951	23.801475	1	14	7	3.538077	3.703986	10.256811	6.302601	0.524933	0
holistic	he1190	769	0	0.085225	0	1	1	0	0	0	0.085225	0	0
holistic	he1191	769	0.880753	2.616619	2	2	5	0	0	0	2.616619	0	0
holistic	he1192	769	0.180664	9.196452	2	4	5	0	0	0	9.196452	0	0
conventional	ce1578	769	1.074632	53.909000	1	13	7	8.750174	7.356887	21.728070	16.073869	0	0
conventional	ce1579	769	1.830456	24.133953	1	14	7	1.357043	6.246759	12.855613	3.674538	0.302713	0
conventional	ce1580	769	1.667210	29.310978	1	14	7	2.725454	5.545189	15.002850	6.037485	0.302713	0
holistic	he1193	770	4.661452	38.880426	8	28	11	0	0	0	38.880426	0	0
holistic	he1194	771	0.538027	0.999296	2	2	6	0	0	0	0.999296	0	0
holistic	he1195	771	0.140353	0.302870	2	2	5	0	0	0	0.302870	0	0
holistic	he1196	771	5.446120	16.053402	6	10	13	0	0	0	16.053402	0	0
conventional	ce1581	771	0.384260	77.432371	1	14	7	12.691996	14.260095	30.218080	20.262200	0	0
conventional	ce1582	771	0	25.520647	0	14	7	2.768586	8.511419	12.138421	2.102221	0	0
conventional	ce1583	771	1.122088	31.370388	1	14	7	3.726618	8.461109	11.227019	7.955642	0.656716	0
conventional	ce1584	771	0	47.096168	0	14	7	8.733083	2.595714	22.087477	13.679894	0.304442	0
holistic	he1197	772	0	0	0	0	3	0	0	0	0	0	0
holistic	he1198	772	3.354256	6.334748	2	2	5	0	0	0	6.334748	0	0
holistic	he1199	772	0.433566	4.045047	6	6	13	0	0	0	4.045047	0	0
conventional	ce1585	772	0	47.535278	0	14	7	10.995830	9.848239	16.756382	9.934827	0	0
conventional	ce1586	772	0	66.634976	0	14	7	6.294962	13.025823	32.216674	15.097517	0	0
conventional	ce1587	772	0.856790	49.000396	1	14	7	6.711690	7.926107	23.716684	10.645915	0	0
conventional	ce1588	772	0	40.529026	0	14	7	10.527260	7.265954	15.378920	7.356892	0	0
conventional	ce1589	773	1.770497	34.227598	2	14	7	3.604789	9.112206	10.383892	11.126711	0.494784	0
conventional	ce1590	774	1.310119	27.881215	1	14	7	3.573445	0.303228	12.700822	11.303720	0.314111	0
conventional	ce1591	774	1.074632	69.267548	1	14	7	12.291445	10.695960	29.483101	16.797042	0	0
conventional	ce1592	774	0.263215	47.910742	1	14	7	3.465130	10.718066	26.396158	7.331388	0	0
holistic	he1200	776	0.676025	1.874529	2	2	9	0	0	0	1.874529	0	0
holistic	he1201	776	0.908371	2.698670	2	2	5	0	0	0	2.698670	0	0
holistic	he1202	776	0.462148	0.607771	2	2	7	0	0	0	0.607771	0	0
conventional	ce1593	776	1.293586	32.962814	1	14	7	5.411075	0.616775	15.058130	11.876834	0.314111	0
conventional	ce1594	776	0.030323	37.653391	1	14	7	4.668995	4.322846	19.898822	8.762728	0.118753	0
holistic	he1203	777	0.140353	0.443396	2	2	7	0	0	0	0.443396	0	0
holistic	he1204	777	0.587046	10.043462	1	3	4	0	0	0	10.043462	0	0
conventional	ce1595	777	1.074632	70.562573	1	14	7	12.096723	10.772043	30.623547	17.070260	0	0
conventional	ce1596	777	0	32.916802	0	14	7	3.678688	7.195867	16.149306	5.892941	0	0
holistic	he1205	778	0.403048	0.879226	2	3	5	0	0	0	0.879226	0	0
conventional	ce1597	778	1.951768	84.806903	1	14	7	14.540297	14.674293	31.676505	23.915808	0.209958	0
conventional	ce1598	778	0.263215	48.826596	1	14	7	5.856433	10.039002	24.968206	7.962955	0	0
conventional	ce1599	778	0	53.695418	0	14	7	8.837207	9.252664	25.300630	10.304917	0	0
conventional	ce1600	778	0.030323	25.610830	1	14	7	2.383826	3.659053	11.158687	8.409264	0.118753	0
conventional	ce1601	779	0	52.357444	0	14	7	14.235614	7.022321	21.533159	9.566350	0	0
conventional	ce1602	779	0.263215	41.476165	1	14	7	6.421648	5.815191	21.250449	7.988877	0	0
conventional	ce1603	779	1.627429	33.231383	1	14	7	6.301373	5.347251	13.827286	7.755473	0.524933	0
conventional	ce1604	779	1.558054	78.456762	1	14	7	13.173095	12.743203	29.063509	23.476955	0.042470	0
conventional	ce1605	779	0	42.551391	0	14	7	6.354305	2.935175	20.464963	12.796948	0.843102	0
holistic	he1206	780	1.654072	4.056401	2	3	5	0	0	0	4.056401	0	0
holistic	he1207	780	0.140353	0.443396	2	2	5	0	0	0	0.443396	0	0
conventional	ce1606	780	2.153185	56.371073	1	14	7	2.451900	8.901382	32.196669	12.821122	0.524933	0
conventional	ce1607	780	0.599661	37.549451	1	14	7	3.934171	5.733593	22.916748	4.964939	0	0
conventional	ce1608	780	1.360767	52.442776	1	14	7	6.964918	11.654343	20.719388	13.104127	0	0
holistic	he1208	781	0.140353	6.541595	2	4	5	0	0	0	6.541595	0	0
holistic	he1209	781	0.589079	1.750086	2	2	5	0	0	0	1.750086	0	0
conventional	ce1609	781	0.030323	90.816899	1	14	7	12.387142	9.900761	40.528311	28.000685	0.118753	0
conventional	ce1610	781	0.792408	72.980885	1	14	7	11.575035	10.772190	31.182488	19.451172	0	0
conventional	ce1611	781	1.253951	50.597567	1	14	7	5.107418	10.130626	22.145710	13.213813	0.524933	0
conventional	ce1612	782	0	36.281643	0	14	7	5.005569	7.929360	17.986511	5.360203	0	0
conventional	ce1613	782	0.856790	70.199676	1	14	7	11.608382	10.076490	28.465935	20.048869	0	0
conventional	ce1614	782	0	59.508248	0	14	7	7.204090	8.978887	31.709918	11.615353	0	0
conventional	ce1615	782	0.263215	40.365295	1	14	7	4.043295	7.949018	22.077071	6.295911	0	0
conventional	ce1616	782	2.153185	56.781840	1	14	7	1.112798	8.456625	33.742014	13.470403	0.524933	0
holistic	he1210	783	0.140353	0.572881	2	2	5	0	0	0	0.572881	0	0
holistic	he1211	783	0.369853	0.855587	2	2	2	0	0	0	0.855587	0	0
conventional	ce1617	783	0.790116	52.427988	1	14	7	4.474597	11.595140	27.244999	9.113252	2.990066	0
conventional	ce1618	784	0	44.019204	0	14	7	9.388536	9.997700	19.075025	5.557943	0	0
conventional	ce1619	784	0	23.229120	0	14	7	2.532109	7.451578	10.947083	2.298350	0	0
conventional	ce1620	784	0.032393	28.373624	1	14	7	3.329121	4.048252	12.166215	8.830036	0.118753	0
conventional	ce1621	784	0	32.307027	0	14	7	4.809467	0.673918	14.228364	12.595278	0	0
conventional	ce1622	784	0.519838	33.117462	1	14	7	4.977651	3.784696	14.099521	10.255594	0	0
holistic	he1212	785	0.059902	0.136710	2	2	5	0	0	0	0.136710	0	0
holistic	he1213	785	0	0.093534	0	1	1	0	0	0	0.093534	0	0
conventional	ce1623	785	1.577189	26.808955	1	14	7	1.315368	6.226922	11.252392	8.014273	0.302713	0
conventional	ce1624	785	0	28.937189	0	14	7	3.098681	1.532413	13.562419	10.743676	1.205298	0
conventional	ce1625	786	0	44.492743	0	14	7	8.756788	3.213070	23.635608	8.887277	0	0
conventional	ce1626	786	0.862894	26.116328	1	14	7	2.169368	0.862626	11.018647	12.065687	0.118753	0
conventional	ce1627	786	1.253951	27.803818	1	14	7	5.485140	9.143955	9.954185	3.220538	0.524933	0
holistic	he1214	787	0.433566	2.882181	6	6	13	0	0	0	2.882181	0	0
conventional	ce1628	787	1.074632	52.693392	1	13	7	7.188013	6.989160	21.945666	16.570553	0.085077	0
conventional	ce1629	787	0	32.824992	0	14	7	3.819840	2.196781	14.450271	12.358100	0.125691	0
conventional	ce1630	787	0.519838	33.730312	1	14	7	4.769949	2.380815	18.187202	8.392346	0	0
holistic	he1215	788	0.369853	0.855587	2	2	2	0	0	0	0.855587	0	0
conventional	ce1631	788	0.030323	37.381516	1	14	7	6.466963	3.472394	19.224943	8.217216	0.118753	0
conventional	ce1632	788	0	60.834163	0	14	7	12.138861	3.399230	28.401887	16.894185	0	0
conventional	ce1633	789	0	67.735859	0	14	7	8.358174	10.599556	35.299905	13.478224	0	0
conventional	ce1634	789	0.378184	48.778644	1	14	7	3.723743	4.354134	24.494098	16.206669	0	0
holistic	he1216	791	0	0.085225	0	1	1	0	0	0	0.085225	0	0
conventional	ce1635	791	0.168677	31.859190	1	14	7	6.072267	2.317244	12.783484	10.686195	0.118753	0
holistic	he1217	792	0	0	0	0	1	0	0	0	0	0	0
conventional	ce1636	792	0.030323	92.908574	1	14	7	12.752207	11.750398	40.904994	27.500975	0.418397	0
conventional	ce1637	792	0.030323	41.504752	1	14	7	5.243000	5.527083	21.646796	9.087873	0.118753	0
conventional	ce1638	792	0.421978	46.610794	1	14	7	4.144204	4.395729	20.268291	17.802570	0	0
conventional	ce1639	793	0	35.451863	0	14	7	5.066456	0.401930	15.891871	14.091606	0	0
holistic	he1218	794	0.180664	10.334262	2	4	5	0	0	0	10.334262	0	0
holistic	he1219	794	1.747738	4.192040	4	4	7	0	0	0	4.192040	0	0
conventional	ce1640	794	2.153185	61.276655	1	14	7	1.283455	12.901918	35.433455	11.657827	0.524933	0
conventional	ce1641	794	1.191774	39.701502	1	14	7	8.480694	5.095804	17.659642	8.465362	0.710759	0
holistic	he1220	795	0.562759	0.363527	2	2	3	0	0	0	0.363527	0	0
holistic	he1221	796	0.149287	0.539625	2	2	5	0	0	0	0.539625	0	0
conventional	ce1642	796	1.619720	31.002627	1	14	7	9.394907	1.434988	10.554829	9.617903	0.600570	0
conventional	ce1643	796	2.153185	59.809873	1	14	7	2.417659	8.125049	37.417152	11.850013	0.745736	0
conventional	ce1644	796	0.263215	39.589364	1	14	7	4.137419	8.782779	21.701015	4.968151	0	0
conventional	ce1645	798	0	63.390726	0	14	7	8.976028	8.130788	29.372632	16.911278	0	0
conventional	ce1646	798	0	48.322214	0	14	7	9.902625	1.700069	22.616332	14.103188	0.070682	0
holistic	he1222	799	1.209956	4.631716	8	8	15	0	0	0	4.631716	0	0
conventional	ce1647	799	1.261052	53.713367	1	13	7	8.942232	7.191289	21.966307	15.613539	0	0
conventional	ce1648	799	0.030323	38.323129	1	14	7	4.052375	2.397275	21.796456	10.077023	0.118753	0
conventional	ce1649	800	1.074632	61.912043	1	13	7	8.886899	9.401275	23.538287	20.085582	0	0
conventional	ce1650	800	2.172786	94.234978	2	14	7	17.988435	17.617237	33.198678	25.430628	0.054758	0
conventional	ce1651	800	0.050019	44.985358	1	14	7	2.894326	4.408890	23.220566	14.461576	0	0
conventional	ce1652	801	1.687068	36.739907	1	14	7	5.517957	3.783019	17.547982	9.890949	0.314111	0
conventional	ce1653	802	1.122088	35.913032	1	14	7	3.108811	9.735619	12.590468	10.478134	0.656716	0
conventional	ce1654	802	0.166535	40.269325	1	14	7	6.319679	4.658818	19.813655	9.477173	0.118753	0
conventional	ce1655	802	1.830456	26.366035	1	14	7	2.971204	6.647036	11.812452	4.935343	0.004355	0
conventional	ce1656	802	1.204014	52.507452	1	14	7	6.482432	11.213875	18.593232	16.217913	0.683937	0
holistic	he1223	804	0.366958	0.880168	2	2	7	0	0	0	0.880168	0	0
holistic	he1224	805	0.538027	0.999296	2	2	5	0	0	0	0.999296	0	0
holistic	he1225	805	1.622168	4.819282	2	2	5	0	0	0	4.819282	0	0
conventional	ce1657	805	1.966905	25.271378	1	14	7	1.606179	5.623942	12.682934	5.358323	0.418651	0
conventional	ce1658	805	0.527363	45.906595	1	14	7	10.467570	9.222866	15.876165	10.339994	0	0
conventional	ce1659	805	1.830456	69.661638	1	14	7	11.318897	10.695960	30.228780	17.418001	0.859294	0
conventional	ce1660	805	1.019959	34.477671	1	14	7	8.450468	5.113742	15.807031	5.106430	0.081144	0
holistic	he1226	806	0.099434	0.319807	2	2	5	0	0	0	0.319807	0	0
holistic	he1227	806	0	0.255675	0	3	5	0	0	0	0.255675	0	0
conventional	ce1661	806	0	68.500373	0	14	7	10.835853	9.098001	30.003364	18.563155	0	0
holistic	he1228	807	1.024036	7.066384	1	3	5	0	0	0	7.066384	0	0
conventional	ce1662	807	0.621563	41.528515	2	14	7	1.244087	10.595288	23.169590	6.519550	0	0
conventional	ce1663	807	0	65.860952	0	14	7	10.966591	8.205919	28.215598	18.472844	0.326906	0
holistic	he1229	808	0.144522	1.355103	2	2	4	0	0	0	1.355103	0	0
holistic	he1230	808	1.728050	4.040492	4	4	5	0	0	0	4.040492	0	0
conventional	ce1664	808	0.792408	73.374089	1	14	7	11.332895	8.889847	31.283560	21.867787	0	0
conventional	ce1665	808	0.263215	25.348600	1	14	7	1.617134	5.938171	13.439249	4.354046	0	0
conventional	ce1666	808	1.637531	70.684789	1	14	7	12.454389	10.820547	29.737957	17.671896	2.153961	0
holistic	he1231	810	0	0	0	0	0	0	0	0	0	0	0
conventional	ce1667	810	2.210065	50.286648	1	13	7	8.760573	6.817444	20.824038	13.884593	0	0
conventional	ce1668	811	2.153185	65.886425	1	14	7	5.498076	12.300411	33.653517	14.434421	0.799449	0
holistic	he1232	812	1.433173	4.257799	2	2	9	0	0	0	4.257799	0	0
conventional	ce1669	812	1.231092	35.744208	1	14	7	8.715854	2.006697	15.039069	9.982588	0.118753	0
holistic	he1233	813	0	2.315446	0	1	1	0	0	0	2.315446	0	0
holistic	he1234	813	2.026017	6.567147	6	6	13	0	0	0	6.567147	0	0
holistic	he1235	813	0.361472	0.708086	2	2	5	0	0	0	0.708086	0	0
conventional	ce1670	813	0.272102	25.023511	1	14	7	3.080793	3.273097	11.002087	7.667534	0	0
holistic	he1236	815	2.203198	7.349134	6	6	9	0	0	0	7.349134	0	0
holistic	he1237	815	0.186644	10.372811	2	4	5	0	0	0	10.372811	0	0
conventional	ce1671	815	0	18.742121	0	14	7	2.663921	7.490891	6.095604	2.491705	0	0
holistic	he1238	816	3.935016	15.930429	5	10	6	0	0	0	15.930429	0	0
holistic	he1239	816	1.500983	4.562764	5	6	6	0	0	0	4.562764	0	0
holistic	he1240	816	1.747738	4.192040	4	4	7	0	0	0	4.192040	0	0
holistic	he1241	816	0.362732	3.003137	2	3	5	0	0	0	3.003137	0	0
conventional	ce1672	816	2.153185	62.902217	1	13	7	8.958508	11.649589	18.700294	23.593826	1.353828	0
holistic	he1242	817	1.654072	4.415286	2	3	5	0	0	0	4.415286	0	0
holistic	he1243	817	0.691620	1.754722	2	2	5	0	0	0	1.754722	0	0
holistic	he1244	817	0	0.085225	0	1	1	0	0	0	0.085225	0	0
holistic	he1245	818	0.676025	1.874529	2	2	9	0	0	0	1.874529	0	0
conventional	ce1673	818	1.627429	60.608515	1	14	7	5.955084	7.945238	28.935741	17.772452	0.519499	0
holistic	he1246	819	1.842495	2.487837	5	6	10	0	0	0	2.487837	0	0
holistic	he1247	819	0.904019	1.032937	2	2	3	0	0	0	1.032937	0	0
holistic	he1248	819	0.140353	0.866868	2	3	5	0	0	0	0.866868	0	0
holistic	he1249	820	0.965461	2.252077	2	4	5	0	0	0	2.252077	0	0
holistic	he1250	820	0.140353	1.351893	2	2	11	0	0	0	1.351893	0	0
holistic	he1251	820	0.241047	0.550124	2	2	5	0	0	0	0.550124	0	0
conventional	ce1674	820	0.527363	58.572481	1	14	7	11.766274	12.009224	23.030631	11.766352	0	0
holistic	he1252	821	1.747738	5.404464	4	4	7	0	0	0	5.404464	0	0
holistic	he1253	821	0.260574	0.621077	1	1	6	0	0	0	0.621077	0	0
holistic	he1254	822	0.880753	2.616619	2	2	7	0	0	0	2.616619	0	0
holistic	he1255	822	0.462148	0.614438	2	2	6	0	0	0	0.614438	0	0
holistic	he1256	823	0.962019	2.440757	2	2	5	0	0	0	2.440757	0	0
holistic	he1257	823	3.436613	5.054620	2	2	5	0	0	0	5.054620	0	0
conventional	ce1675	823	0.537025	33.287603	1	14	7	4.777630	0.353651	15.213385	12.942937	0.118753	0
conventional	ce1676	823	2.172786	99.137232	2	14	7	18.945625	22.305410	36.204151	21.682046	0.940869	0
conventional	ce1677	823	1.019959	41.391467	1	14	7	8.514131	6.927336	19.530702	6.419298	0.431921	0
holistic	he1258	824	1.747738	4.192040	4	4	7	0	0	0	4.192040	0	0
holistic	he1259	824	0.686188	1.645856	2	2	7	0	0	0	1.645856	0	0
holistic	he1260	824	1.761138	4.678728	3	3	4	0	0	0	4.678728	0	0
conventional	ce1678	825	0	72.007005	0	14	7	11.501796	12.538462	29.598204	18.368543	0	0
holistic	he1261	826	0.140353	0.443396	2	2	5	0	0	0	0.443396	0	0
holistic	he1262	826	0.361472	0.708086	2	2	5	0	0	0	0.708086	0	0
conventional	ce1679	826	0.527363	47.238970	1	14	7	12.011256	8.831036	13.435884	12.960794	0	0
conventional	ce1680	826	2.551046	90.559389	2	14	7	18.465006	16.329351	31.357530	24.407502	0.054758	0
conventional	ce1681	826	0	41.564387	0	14	7	8.443923	1.138513	18.985329	12.996622	0.070682	0
holistic	he1263	827	1.598889	4.247688	3	3	4	0	0	0	4.247688	0	0
holistic	he1264	827	1.024036	7.066384	1	3	5	0	0	0	7.066384	0	0
conventional	ce1682	827	0.421978	40.657950	1	14	7	4.086921	6.631556	15.050462	14.889011	0	0
conventional	ce1683	827	0.148073	42.847413	1	14	7	5.723272	5.462278	21.862264	9.799599	0.118753	0
holistic	he1265	828	0.763444	1.831160	2	2	7	0	0	0	1.831160	0	0
holistic	he1266	829	0	0.085225	0	1	1	0	0	0	0.085225	0	0
holistic	he1267	829	0.492426	1.139138	2	2	2	0	0	0	1.139138	0	0
holistic	he1268	829	0.676025	1.874529	2	2	9	0	0	0	1.874529	0	0
conventional	ce1684	829	0	42.524401	0	14	7	10.003118	7.671897	16.008081	8.841305	0	0
holistic	he1269	830	0.580558	1.324966	2	2	5	0	0	0	1.324966	0	0
holistic	he1270	830	0	0.333164	0	1	1	0	0	0	0.333164	0	0
conventional	ce1685	830	0.527363	41.975445	1	14	7	12.373802	8.074372	13.657097	7.870174	0	0
holistic	he1271	831	0	0	0	0	2	0	0	0	0	0	0
holistic	he1272	831	0.735958	6.918881	1	3	5	0	0	0	6.918881	0	0
holistic	he1273	831	0.683535	2.963125	2	2	3	0	0	0	2.963125	0	0
conventional	ce1686	831	0.421978	53.367532	1	14	7	4.371534	6.637278	22.484342	19.874378	0	0
conventional	ce1687	831	2.153185	64.346524	1	13	7	8.957173	12.005496	19.172966	24.210889	1.353828	0
holistic	he1274	832	3.436613	5.054620	2	2	5	0	0	0	5.054620	0	0
holistic	he1275	832	0	1.570479	0	1	1	0	0	0	1.570479	0	0
conventional	ce1688	832	0	56.729027	0	14	7	12.656986	1.281542	27.501850	15.288649	0.070682	0
holistic	he1276	833	0.144522	1.355103	2	2	4	0	0	0	1.355103	0	0
holistic	he1277	834	0.924296	1.215542	4	4	7	0	0	0	1.215542	0	0
conventional	ce1689	834	0.621563	61.311797	2	14	7	1.123455	16.255299	34.258271	9.674772	0	0
conventional	ce1690	834	0.841857	69.830832	1	14	7	12.069019	10.995187	28.693160	18.073466	0.859294	0
conventional	ce1691	834	0.030323	41.465982	1	14	7	5.581419	0.507152	20.474887	14.902524	0.432105	0
holistic	he1278	835	0	0	0	0	4	0	0	0	0	0	0
holistic	he1279	835	0.140052	0.571595	2	2	5	0	0	0	0.571595	0	0
conventional	ce1692	835	0.004798	54.004738	1	14	7	10.524279	6.390176	24.635047	12.455236	0.118753	0
holistic	he1280	836	0.362732	4.165088	2	3	5	0	0	0	4.165088	0	0
holistic	he1281	836	0.608174	1.406900	2	2	2	0	0	0	1.406900	0	0
holistic	he1282	836	0.140353	0.572881	2	2	5	0	0	0	0.572881	0	0
holistic	he1283	836	1.727597	3.491638	2	3	5	0	0	0	3.491638	0	0
conventional	ce1693	836	0.790116	50.254802	1	14	7	4.206089	12.261922	25.225942	8.560849	2.990066	0
conventional	ce1694	836	2.773800	45.273243	2	14	7	1.201396	10.428232	24.124758	9.518857	0.463079	0
holistic	he1284	837	0.538027	0.999296	2	2	3	0	0	0	0.999296	0	0
holistic	he1285	838	0.691620	1.754722	2	2	3	0	0	0	1.754722	0	0
holistic	he1286	838	0	0.085225	0	1	1	0	0	0	0.085225	0	0
conventional	ce1695	838	2.098620	62.101430	1	13	7	8.512597	11.642301	19.413377	22.533155	1.309481	0
conventional	ce1696	838	0.537025	36.325324	1	14	7	4.759238	0.998235	17.318549	13.249302	2.651180	0
conventional	ce1697	838	1.830456	32.008853	1	14	7	6.115293	0.885436	11.633674	13.374450	1.679412	0
conventional	ce1698	838	1.074632	9.686813	1	14	7	1.083139	2.646097	4.613030	1.344547	0	0
conventional	ce1699	839	2.172786	94.036550	2	14	7	17.696884	19.828577	30.381362	26.129727	0.054758	0
conventional	ce1700	839	1.637531	72.693463	1	14	7	11.197755	13.671979	29.822607	18.001122	2.153961	0
conventional	ce1701	839	0	32.609187	0	14	7	6.745892	4.499582	14.258464	7.105249	0	0
holistic	he1287	840	0.186644	11.379228	2	4	5	0	0	0	11.379228	0	0
holistic	he1288	840	1.029439	2.381420	2	2	2	0	0	0	2.381420	0	0
holistic	he1289	840	0	0.085225	0	1	1	0	0	0	0.085225	0	0
conventional	ce1702	840	0	26.754141	0	14	7	3.262960	6.961955	12.353627	4.175599	0	0
holistic	he1290	841	0.539469	1.231191	2	2	5	0	0	0	1.231191	0	0
conventional	ce1703	841	1.637531	61.661821	1	14	7	11.384996	5.300850	27.347888	17.628087	1.768921	0
conventional	ce1704	841	0	47.942857	0	14	7	9.187205	2.351567	21.323939	15.080146	0.391835	0
conventional	ce1705	841	0.537025	38.369227	1	14	7	4.727066	0.687771	17.206069	15.748321	0.188430	0
conventional	ce1706	842	2.153185	62.055116	1	13	7	8.627691	11.384655	20.959669	21.083101	1.193242	0
conventional	ce1707	842	2.210065	54.513287	1	13	7	10.033820	7.009417	22.565340	14.904710	0	0
conventional	ce1708	842	0	23.446644	0	14	7	2.293643	8.581492	10.474266	2.097243	0	0
holistic	he1291	843	0	0	0	0	1	0	0	0	0	0	0
holistic	he1292	843	0.304409	1.638345	2	5	5	0	0	0	1.638345	0	0
holistic	he1293	843	0.362732	4.091270	2	3	5	0	0	0	4.091270	0	0
conventional	ce1709	843	2.153185	55.413930	1	14	7	1.603780	12.891624	28.011094	12.907432	0.524933	0
conventional	ce1710	843	0.790116	32.277817	1	14	7	5.133836	11.789745	9.349065	6.005171	2.990066	0
conventional	ce1711	844	0.790116	51.979716	1	14	7	3.949063	13.023449	25.662389	9.344815	2.990066	0
conventional	ce1712	844	1.074632	52.310732	1	13	7	5.769745	5.641514	22.806734	18.092739	0.422145	0
holistic	he1294	845	0.463340	2.175495	2	2	4	0	0	0	2.175495	0	0
conventional	ce1713	845	0.030323	37.714163	1	14	7	5.015787	2.692685	20.278764	9.726927	0.410227	0
conventional	ce1714	845	0	44.453047	0	14	7	9.194601	2.724169	18.973791	13.560486	0.057816	0
conventional	ce1715	845	1.253951	30.234655	1	14	7	6.334489	9.355822	10.167915	4.376429	0.524933	0
conventional	ce1716	846	0.527363	47.455023	1	14	7	10.780426	8.144790	13.757681	14.772126	0	0
holistic	he1295	847	0	0	0	0	18	0	0	0	0	0	0
holistic	he1296	847	0.361472	0.708086	2	2	5	0	0	0	0.708086	0	0
conventional	ce1717	847	0.412608	42.549683	1	14	7	7.538926	3.127479	17.174538	14.708740	0.118753	0
conventional	ce1718	847	1.637531	55.467634	1	13	7	1.389644	14.302028	18.679370	21.096592	2.153961	0
holistic	he1297	848	0.550473	2.921965	2	2	4	0	0	0	2.921965	0	0
conventional	ce1719	848	0	60.104958	0	14	7	9.353482	7.685176	27.628387	15.437913	0	0
conventional	ce1720	848	0.148073	32.442645	1	14	7	4.244404	3.332149	17.545837	7.320255	0.118753	0
conventional	ce1721	849	1.253951	29.645586	1	14	7	6.276918	9.309924	9.743236	4.315508	0.564399	0
holistic	he1298	851	0.937863	2.379468	2	2	3	0	0	0	2.379468	0	0
holistic	he1299	851	3.477282	8.340436	4	4	7	0	0	0	8.340436	0	0
holistic	he1300	851	0.550473	2.750345	2	2	4	0	0	0	2.750345	0	0
conventional	ce1722	852	0	43.702254	0	14	7	9.361509	0.436838	19.652716	14.251191	0.070682	0
conventional	ce1723	852	1.700095	66.880647	1	13	7	9.298963	13.679521	21.288151	22.614012	1.063308	0
conventional	ce1724	853	2.786588	6.777334	1	13	7	1.097465	0.633364	1.677204	3.369301	2.578253	0
holistic	he1301	854	1.747738	4.192040	4	4	7	0	0	0	4.192040	0	0
holistic	he1302	854	0	0.767025	0	9	4	0	0	0	0.767025	0	0
conventional	ce1725	854	1.637531	72.309241	1	14	7	12.840178	10.820547	30.664948	17.983568	2.153961	0
conventional	ce1726	854	0.527363	47.019430	1	14	7	13.422221	10.387042	14.516488	8.693679	0	0
holistic	he1303	855	0.328682	3.821361	1	3	10	0	0	0	3.821361	0	0
holistic	he1304	855	2.076924	4.197659	2	3	5	0	0	0	4.197659	0	0
conventional	ce1727	855	2.098620	60.774784	1	13	7	9.681087	8.113032	18.804753	24.175912	1.309481	0
holistic	he1305	856	0.140052	0.571595	2	2	5	0	0	0	0.571595	0	0
conventional	ce1728	857	0	63.995927	0	14	7	10.511546	8.425153	28.283493	16.775735	0	0
conventional	ce1729	858	1.371980	47.093557	1	14	7	4.309520	3.676844	19.855872	19.251321	0.188430	0
conventional	ce1730	858	0.527363	46.915810	1	14	7	10.313658	8.821240	15.904391	11.876521	0	0
conventional	ce1731	859	0.148073	33.063509	1	14	7	4.160072	4.126511	17.938860	6.838066	0.118753	0
conventional	ce1732	859	0.411932	41.891065	1	14	7	9.053100	8.315349	14.411693	10.110923	0	0
conventional	ce1733	859	0	36.276246	0	14	7	8.834382	5.179274	15.016252	7.246338	0	0
conventional	ce1734	860	0.923845	35.418349	1	14	7	6.584506	1.689189	17.150157	9.994497	2.651180	0
conventional	ce1735	860	1.830456	67.625985	1	14	7	10.359922	10.365131	29.344843	17.556089	0.859294	0
conventional	ce1736	860	0.144637	39.937967	1	14	7	6.667552	4.304403	20.350108	8.615904	0.118753	0
conventional	ce1737	860	0	40.405045	0	14	7	7.838728	9.435961	12.855695	10.274661	0	0
conventional	ce1738	860	0	18.930483	0	14	7	2.749563	7.406204	6.120377	2.654339	0	0
conventional	ce1739	862	2.153185	66.373623	1	13	7	9.578294	10.080362	23.771763	22.943204	1.353828	0
conventional	ce1740	862	1.253951	31.654835	1	14	7	5.843110	8.225792	11.140309	6.445624	0.564399	0
conventional	ce1741	862	0	23.205101	0	14	7	2.547051	8.873000	10.474266	1.310784	0	0
conventional	ce1742	862	2.172786	87.249151	2	14	7	17.045208	15.809422	27.059596	27.334925	0.054758	0
conventional	ce1743	862	0.527363	46.319767	1	14	7	7.337131	9.638973	17.445406	11.898257	0	0
conventional	ce1744	862	0.270630	53.483556	1	14	7	10.125706	5.243052	25.837383	12.277415	0	0
conventional	ce1745	863	1.481127	69.371866	1	14	7	11.750717	11.356522	29.175012	17.089615	2.153961	0
holistic	he1306	864	1.654072	4.415287	2	3	5	0	0	0	4.415287	0	0
holistic	he1307	865	0	2.315446	0	1	1	0	0	0	2.315446	0	0
holistic	he1308	865	0.421630	5.138264	2	6	11	0	0	0	5.138264	0	0
conventional	ce1746	865	0	47.306662	0	14	7	13.248285	7.553307	13.872203	12.632867	0	0
conventional	ce1747	865	0	18.744147	0	14	7	3.057736	9.732368	4.170807	1.783236	0	0
conventional	ce1748	865	1.637531	59.001483	1	14	7	4.100523	11.565699	26.444265	16.890996	2.153961	0
conventional	ce1749	865	2.153185	60.466515	1	14	7	2.854438	10.505884	28.722023	18.384170	0.773676	0
holistic	he1309	866	0	0	0	0	1	0	0	0	0	0	0
conventional	ce1750	866	2.380299	47.986638	2	14	7	11.745267	6.539601	20.370118	9.331652	0.054758	0
conventional	ce1751	866	0.148073	45.255461	1	14	7	6.115049	6.106434	23.032158	10.001820	0.118753	0
conventional	ce1752	866	0.663226	42.452536	2	14	7	1.066934	11.029904	24.042181	6.313517	0	0
holistic	he1310	867	0.140353	1.031122	2	3	3	0	0	0	1.031122	0	0
conventional	ce1753	867	0.148073	39.275700	1	14	7	7.021940	5.535369	18.495124	8.223267	0.118753	0
holistic	he1311	868	0	0	0	0	0	0	0	0	0	0	0
conventional	ce1754	868	0	18.114100	0	14	7	2.297535	6.609832	6.204775	3.001958	0	0
conventional	ce1755	868	0.790116	54.288211	1	14	7	4.017839	13.297615	26.556765	10.415992	3.455773	0
conventional	ce1756	868	0.527363	43.736075	1	14	7	8.505680	6.825686	18.691185	9.713524	0	0
conventional	ce1757	868	1.253951	31.224559	1	14	7	5.383063	6.983414	13.128762	5.729320	0.564399	0
holistic	he1312	869	2.076924	4.197659	2	3	5	0	0	0	4.197659	0	0
conventional	ce1758	869	0	49.635592	0	14	7	9.113673	2.784539	21.241119	16.496261	0.057816	0
holistic	he1313	870	0	1.570479	0	1	1	0	0	0	1.570479	0	0
conventional	ce1759	870	0.657100	50.183047	1	14	7	11.665572	9.078718	16.536076	12.902681	0	0
conventional	ce1760	870	2.353759	59.479003	1	13	7	6.030402	11.791187	19.950857	21.706557	1.309481	0
conventional	ce1761	871	1.500482	33.064941	1	14	7	6.978228	9.442030	11.216214	5.428469	0.524933	0
conventional	ce1762	871	1.637531	60.352162	1	13	7	2.267062	17.192742	20.950800	19.941558	2.153961	0
holistic	he1314	872	0	0	0	0	1	0	0	0	0	0	0
holistic	he1315	872	1.761138	4.678728	3	3	4	0	0	0	4.678728	0	0
conventional	ce1763	872	0	47.421974	0	14	7	8.738315	6.163848	20.717456	11.802355	0	0
conventional	ce1764	872	2.153185	69.828033	1	13	7	8.892114	14.243432	20.294698	26.397789	1.353828	0
holistic	he1316	873	0.463340	2.175495	2	2	3	0	0	0	2.175495	0	0
holistic	he1317	873	0	2.204828	0	4	4	0	0	0	2.204828	0	0
conventional	ce1765	873	0	36.232245	0	14	7	7.793364	1.731619	15.346194	11.361068	0.070682	0
conventional	ce1766	874	0	67.654033	0	14	7	11.221050	8.939809	28.667160	18.826014	0	0
conventional	ce1767	874	0	33.561282	0	14	7	2.735151	3.436202	13.092671	14.297258	0	0
holistic	he1318	875	0	0	0	0	4	0	0	0	0	0	0
holistic	he1319	875	1.088944	2.299732	2	2	3	0	0	0	2.299732	0	0
conventional	ce1768	875	0.790116	57.077965	1	14	7	12.265755	11.872851	18.641410	14.297949	2.525704	0
conventional	ce1769	875	0.225531	31.784262	2	14	7	6.328681	0.771361	12.689036	11.995184	0.118753	0
holistic	he1320	876	4.153848	9.070978	4	8	7	0	0	0	9.070978	0	0
holistic	he1321	876	0.550473	1.829862	2	2	4	0	0	0	1.829862	0	0
conventional	ce1770	876	1.055804	97.095268	2	14	7	22.092362	24.761968	32.827378	17.413560	0.940869	0
holistic	he1322	877	0.880753	2.616619	2	2	7	0	0	0	2.616619	0	0
holistic	he1323	877	0	0	0	0	1	0	0	0	0	0	0
holistic	he1324	877	0.140052	0.571595	2	2	5	0	0	0	0.571595	0	0
holistic	he1325	878	0	0	0	0	0	0	0	0	0	0	0
holistic	he1326	879	1.444511	3.117130	2	2	5	0	0	0	3.117130	0	0
holistic	he1327	879	1.747738	4.883448	4	4	7	0	0	0	4.883448	0	0
holistic	he1328	879	0	0	0	0	4	0	0	0	0	0	0
holistic	he1329	880	0	0	0	0	1	0	0	0	0	0	0
holistic	he1330	880	0.885798	2.207254	2	2	3	0	0	0	2.207254	0	0
holistic	he1331	880	0	0.680574	0	9	7	0	0	0	0.680574	0	0
holistic	he1332	881	1.610657	6.480728	2	2	3	0	0	0	6.480728	0	0
holistic	he1333	881	0	0	0	0	1	0	0	0	0	0	0
holistic	he1334	882	0	0	0	0	6	0	0	0	0	0	0
holistic	he1335	882	1.929412	4.463343	2	2	2	0	0	0	4.463343	0	0
holistic	he1336	883	0.140353	0.620532	2	2	3	0	0	0	0.620532	0	0
holistic	he1337	883	0.362732	4.200951	2	3	5	0	0	0	4.200951	0	0
holistic	he1338	883	1.761138	4.678728	3	3	4	0	0	0	4.678728	0	0
conventional	ce1771	883	0.790116	28.258076	1	14	7	5.158596	9.006509	10.285398	3.807573	2.990066	0
conventional	ce1772	883	0.790116	59.909814	1	14	7	9.862897	8.260618	27.809475	13.976824	2.525704	0
conventional	ce1773	883	1.786956	58.906339	1	13	7	0.947088	13.740863	19.373567	24.844821	2.153961	0
holistic	he1339	884	0.328682	5.442273	1	3	10	0	0	0	5.442273	0	0
holistic	he1340	884	0	0.767025	0	9	4	0	0	0	0.767025	0	0
holistic	he1341	884	0	0	0	0	4	0	0	0	0	0	0
holistic	he1342	884	0.613979	1.503622	2	2	3	0	0	0	1.503622	0	0
conventional	ce1774	885	3.097225	52.674975	2	14	7	3.024838	10.315094	26.797766	12.537277	0.564399	0
holistic	he1343	886	0	2.315446	0	1	1	0	0	0	2.315446	0	0
conventional	ce1775	886	0.756009	44.300179	2	14	7	5.448304	2.732694	18.694535	17.424646	0.188430	0
conventional	ce1776	886	2.153185	61.853616	1	13	7	2.238100	17.793475	20.311815	21.510226	0.524933	0
conventional	ce1777	886	2.251329	85.685509	2	14	7	16.451287	19.666227	27.061559	22.506436	0.515978	0
holistic	he1344	887	0	0	0	0	3	0	0	0	0	0	0
holistic	he1345	887	0	0	0	0	10	0	0	0	0	0	0
conventional	ce1778	887	0	21.232538	0	14	7	1.442074	8.597143	9.898033	1.295288	0	0
conventional	ce1779	887	1.274458	25.258032	1	14	7	5.855837	8.807282	7.947440	2.647473	0.564399	0
holistic	he1346	888	1.512705	3.264290	2	2	9	0	0	0	3.264290	0	0
holistic	he1347	889	0	0	0	0	3	0	0	0	0	0	0
holistic	he1348	889	0	0	0	0	1	0	0	0	0	0	0
conventional	ce1780	889	1.500482	32.458852	1	14	7	5.966599	8.216760	13.242331	5.033162	0.973059	0
conventional	ce1781	889	0.004798	64.276911	1	14	7	15.020592	7.990015	26.151643	15.114661	0.669754	0
holistic	he1349	890	0.539469	1.231191	2	2	5	0	0	0	1.231191	0	0
conventional	ce1782	890	0	33.944650	0	14	7	6.027886	4.573645	14.074714	9.268405	0	0
holistic	he1350	891	0	0	0	0	1	0	0	0	0	0	0
holistic	he1351	891	1.248340	5.776553	2	3	10	0	0	0	5.776553	0	0
holistic	he1352	891	1.610657	6.905432	2	2	4	0	0	0	6.905432	0	0
holistic	he1353	891	0.248893	3.872082	2	3	5	0	0	0	3.872082	0	0
conventional	ce1783	891	0	21.151845	0	14	7	2.060036	7.981052	8.584612	2.526145	0	0
conventional	ce1784	891	0	54.837812	0	14	7	7.183177	7.348229	24.649814	15.656592	0	0
holistic	he1354	892	0.240751	0.753643	1	1	2	0	0	0	0.753643	0	0
holistic	he1355	892	0.937863	2.379468	2	2	3	0	0	0	2.379468	0	0
conventional	ce1785	892	0.230775	41.222861	1	14	7	8.982846	6.317803	18.526319	7.395893	0.118753	0
conventional	ce1786	892	0	38.063654	0	14	7	7.901330	1.620216	19.670451	8.871657	0.070682	0
holistic	he1356	894	0.937863	2.379468	2	2	3	0	0	0	2.379468	0	0
conventional	ce1787	894	0.225531	18.786846	2	14	7	5.518990	0.924310	8.797679	3.545867	0	0
holistic	he1357	895	1.088944	2.238493	2	2	4	0	0	0	2.238493	0	0
holistic	he1358	895	0	0	0	0	1	0	0	0	0	0	0
holistic	he1359	895	0.463340	2.088130	2	2	3	0	0	0	2.088130	0	0
conventional	ce1788	895	0.790116	35.820937	1	14	7	4.014845	13.065117	10.913039	7.827936	2.499699	0
conventional	ce1789	895	0.148073	44.307144	1	14	7	7.315136	5.765314	20.687689	10.539005	0.372744	0
conventional	ce1790	895	1.424304	40.489151	1	14	7	7.694123	7.966508	14.328055	10.500465	1.679412	0
holistic	he1360	896	0.867864	2.081616	2	2	5	0	0	0	2.081616	0	0
holistic	he1361	896	1.444511	3.117130	2	2	5	0	0	0	3.117130	0	0
holistic	he1362	896	3.380748	7.478284	4	8	7	0	0	0	7.478284	0	0
conventional	ce1791	896	1.170068	109.811911	2	14	7	22.166241	28.334789	35.699676	23.611205	1.313329	0
holistic	he1363	897	0.140744	10.005141	2	4	5	0	0	0	10.005141	0	0
holistic	he1364	897	0	0	0	0	1	0	0	0	0	0	0
holistic	he1365	898	0	0.492562	0	1	1	0	0	0	0.492562	0	0
holistic	he1366	898	0	0	0	0	1	0	0	0	0	0	0
holistic	he1367	898	1.747738	4.192040	4	4	6	0	0	0	4.192040	0	0
conventional	ce1792	898	1.253951	32.448413	1	14	7	7.030433	9.816313	11.220200	4.381467	0.524933	0
conventional	ce1793	898	0.053154	34.542565	1	14	7	4.633446	0.966900	16.668210	12.274009	0.188430	0
conventional	ce1794	898	0.079522	34.194453	1	14	7	6.071975	1.339769	15.261612	11.521097	0.118753	0
conventional	ce1795	899	0	38.209345	0	14	7	9.363819	3.855816	17.014736	7.974974	0	0
conventional	ce1796	899	0.527363	47.689365	1	14	7	9.006070	5.953630	13.633577	19.096088	0	0
conventional	ce1797	899	0.480999	61.225053	1	14	7	13.129772	5.314899	24.084359	18.696023	0.676172	0
holistic	he1368	900	1.180375	2.994752	2	2	3	0	0	0	2.994752	0	0
holistic	he1369	900	0.539469	1.287572	2	2	5	0	0	0	1.287572	0	0
holistic	he1370	900	2.879482	8.045710	4	4	7	0	0	0	8.045710	0	0
conventional	ce1798	900	0	47.649132	0	14	7	7.503071	3.334976	21.717989	15.093096	0.391835	0
holistic	he1371	901	0	0	0	0	1	0	0	0	0	0	0
holistic	he1372	901	0.231466	4.424401	2	2	4	0	0	0	4.424401	0	0
conventional	ce1799	901	0.790116	45.673719	1	14	7	3.622973	17.796511	13.525722	10.728513	2.499699	0
conventional	ce1800	901	0.527363	45.001930	1	14	7	11.418936	7.655125	14.457867	11.470002	0	0
conventional	ce1801	901	0.790116	65.361510	1	14	7	9.637847	15.578435	24.516544	15.628684	2.237648	0
conventional	ce1802	902	0	20.001187	0	14	7	0.435307	5.643679	11.197006	2.725195	0	0
conventional	ce1803	902	0	22.521738	0	14	7	2.500606	8.321566	10.262312	1.437254	0	0
holistic	he1373	903	0.701945	1.514736	2	2	5	0	0	0	1.514736	0	0
holistic	he1374	903	1.161204	4.929957	2	2	4	0	0	0	4.929957	0	0
holistic	he1375	903	0	0	0	0	1	0	0	0	0	0	0
holistic	he1376	903	0	2.315446	0	1	1	0	0	0	2.315446	0	0
conventional	ce1804	903	0	29.609271	0	14	7	6.946752	10.452771	11.071423	1.138325	0.524933	0
conventional	ce1805	903	0.148073	50.624381	1	14	7	8.558057	11.883644	19.615081	10.567599	0.118753	0
conventional	ce1806	903	2.153185	36.733364	1	14	7	6.784697	9.609725	15.181177	5.157765	0.524933	0
conventional	ce1807	904	0.790116	62.457936	1	14	7	13.028801	13.583112	21.792425	14.053598	1.542846	0
conventional	ce1808	904	0.004798	71.193819	1	14	7	16.815309	8.445776	30.702647	15.230087	0.669754	0
conventional	ce1809	904	0.790116	45.895850	1	14	7	9.936971	3.092294	18.327164	14.539421	3.455773	0
holistic	he1377	905	0.365254	1.490712	2	2	5	0	0	0	1.490712	0	0
holistic	he1378	905	1.671044	6.161235	2	2	3	0	0	0	6.161235	0	0
conventional	ce1810	905	0	39.666865	0	14	7	7.853553	5.381498	19.019636	7.412178	0	0
conventional	ce1811	905	0	39.134766	0	7	7	3.667013	5.266285	17.294703	12.906765	0	0
conventional	ce1812	905	0.756009	45.558835	2	14	7	5.372514	3.250929	18.601672	18.333720	0.188430	0
conventional	ce1813	906	1.253951	37.045914	1	14	7	7.267084	10.636250	11.606163	7.536417	0.564399	0
conventional	ce1814	907	0	65.841301	0	14	7	9.366480	11.529285	28.461058	16.484478	0	0
conventional	ce1815	907	0	22.014573	0	14	7	4.513863	8.567324	7.707615	1.225771	0.564399	0
conventional	ce1816	907	0.053154	39.191972	1	14	7	4.871991	1.332712	16.629949	16.357320	0.188430	0
conventional	ce1817	907	1.192054	31.989641	1	14	7	6.422443	7.900187	11.005928	6.661083	3.015861	0
holistic	he1379	908	0	0	0	0	1	0	0	0	0	0	0
holistic	he1380	908	0.613979	0.885117	2	2	6	0	0	0	0.885117	0	0
conventional	ce1818	908	1.253951	28.985322	1	14	7	6.284616	8.747751	8.393633	5.559322	0.110121	0
conventional	ce1819	908	0.762963	64.296825	2	14	7	11.596030	11.509953	28.858855	12.331987	0.433784	0
conventional	ce1820	908	2.353759	63.051536	1	13	7	6.804211	13.273099	21.253383	21.720843	1.309481	0
conventional	ce1821	909	1.274458	27.548274	1	14	7	5.976289	9.316457	9.157295	3.098233	0.054317	0
holistic	he1381	910	1.249322	3.991414	2	2	3	0	0	0	3.991414	0	0
holistic	he1382	910	0.937863	2.379468	2	2	3	0	0	0	2.379468	0	0
holistic	he1383	910	1.030854	2.375761	2	2	3	0	0	0	2.375761	0	0
conventional	ce1822	910	0.053154	38.185133	1	14	7	4.770780	1.337415	15.917119	16.159819	0.179762	0
conventional	ce1823	910	0.494515	42.069275	1	14	7	4.124701	13.608880	16.825313	7.510381	2.499699	0
holistic	he1384	911	1.039906	2.973626	2	2	3	0	0	0	2.973626	0	0
holistic	he1385	911	1.761138	4.678728	3	3	4	0	0	0	4.678728	0	0
conventional	ce1824	911	0	22.765731	0	14	7	2.250334	8.809320	8.003193	3.702884	0	0
holistic	he1386	912	0.937863	1.800481	2	2	3	0	0	0	1.800481	0	0
conventional	ce1825	912	1.500482	36.726965	1	14	7	6.604473	9.973041	13.508907	6.640544	1.000968	0
conventional	ce1826	912	1.192054	45.301485	1	14	7	4.542473	12.942128	19.747610	8.069274	3.015861	0
holistic	he1387	913	0.470316	1.128076	4	4	6	0	0	0	1.128076	0	0
conventional	ce1827	913	0	51.237103	0	14	7	11.533795	9.483333	16.142846	14.077129	0	0
holistic	he1388	914	0	0	0	0	1	0	0	0	0	0	0
holistic	he1389	914	1.654072	4.002555	2	2	3	0	0	0	4.002555	0	0
conventional	ce1828	914	0.769309	95.332562	2	14	7	19.327140	23.083860	34.897210	18.024352	1.091374	0
holistic	he1390	915	0	0	0	0	1	0	0	0	0	0	0
holistic	he1391	915	0	0	0	0	1	0	0	0	0	0	0
holistic	he1392	916	0	0	0	0	1	0	0	0	0	0	0
conventional	ce1829	917	0.053154	45.311691	1	14	7	5.481669	1.435344	20.827136	17.567542	0.361907	0
conventional	ce1830	918	3.239366	31.798046	1	14	7	6.545878	9.416184	9.256177	6.579807	0.054317	0
conventional	ce1831	918	1.253951	32.109551	1	14	7	4.488172	7.269078	11.798573	8.553728	0.564399	0
holistic	he1393	919	0	0	0	0	1	0	0	0	0	0	0
conventional	ce1832	919	1.192054	38.101970	1	14	7	7.956895	8.557349	13.375255	8.212471	3.048981	0
conventional	ce1833	919	0	55.244731	0	13	7	1.919601	15.224353	18.564430	19.536347	0.524933	0
conventional	ce1834	919	1.148553	34.033625	1	14	7	5.735661	9.337272	13.653184	5.307508	1.000968	0
conventional	ce1835	919	0	71.950448	0	14	7	14.406575	10.224717	23.902323	23.416833	0	0
holistic	he1394	920	0	1.261116	0	12	5	0	0	0	1.261116	0	0
conventional	ce1836	920	1.790951	36.537056	2	14	7	5.089051	8.427015	13.448779	9.572211	0.106616	0
conventional	ce1837	920	2.353759	64.401698	1	13	7	6.152696	12.366172	21.129201	24.753629	1.333978	0
conventional	ce1838	922	3.110747	45.132692	2	14	7	9.750915	5.633678	17.247558	12.500541	0.054758	0
conventional	ce1839	922	1.637531	62.900000	1	14	7	4.863021	14.330334	27.698793	16.007852	1.495864	0
conventional	ce1840	922	0.527363	44.103783	1	14	7	8.710237	4.892595	13.485038	17.015913	0	0
conventional	ce1841	922	0	43.906258	0	7	7	4.608080	5.604553	19.974187	13.719438	0	0
conventional	ce1842	923	0.225531	38.148440	2	14	7	9.095522	2.643260	14.176305	12.233353	0.118753	0
holistic	he1395	924	0	0	0	0	1	0	0	0	0	0	0
conventional	ce1843	924	1.500482	38.958879	1	14	7	7.042027	10.418032	15.081047	6.417773	1.000968	0
conventional	ce1844	924	1.684968	35.396786	1	14	7	6.815387	8.308010	12.710708	7.562681	0.564399	0
conventional	ce1845	924	0.164771	36.655355	1	14	7	2.060225	3.152832	17.849580	13.592718	0.361907	0
holistic	he1396	925	1.356418	2.927034	1	1	5	0	0	0	2.927034	0	0
conventional	ce1846	925	0	59.280835	0	13	7	2.674227	17.935390	19.901008	18.770210	0.731391	0
conventional	ce1847	925	0.790116	64.315979	1	14	7	14.456458	15.232604	22.786986	11.839931	1.542846	0
holistic	he1397	926	0.649526	2.650918	2	2	5	0	0	0	2.650918	0	0
conventional	ce1848	926	1.253951	21.705539	1	14	7	5.701947	7.168022	6.317360	2.518210	0.564399	0
conventional	ce1849	926	1.450660	30.151259	1	14	7	6.672563	9.642873	10.908234	2.927589	0.045534	0
conventional	ce1850	926	1.572988	41.680304	1	14	7	7.959645	12.152490	12.989705	8.578464	0.564399	0
conventional	ce1851	926	0.790116	27.744816	1	14	7	3.497821	7.763630	10.944905	5.538460	3.166902	0
conventional	ce1852	926	0.148073	38.666927	1	14	7	6.455687	5.391496	17.635636	9.184108	0.118753	0
holistic	he1398	927	0	0	0	0	5	0	0	0	0	0	0
holistic	he1399	927	0	6.946338	0	3	1	0	0	0	6.946338	0	0
conventional	ce1853	927	1.148553	30.186111	1	14	7	4.843309	8.492625	12.579713	4.270464	1.000968	0
conventional	ce1854	928	0.756009	47.209649	2	14	7	5.051569	1.874686	22.538985	17.744409	0.047025	0
conventional	ce1855	928	0.494515	36.012555	1	14	7	5.585013	10.147326	14.501845	5.778371	1.929839	0
conventional	ce1856	928	0.756009	46.052137	2	14	7	4.812119	4.861595	17.416973	18.961450	0.267233	0
holistic	he1400	929	0	0	0	0	1	0	0	0	0	0	0
conventional	ce1857	929	0	36.759633	0	14	7	6.764222	7.547324	12.223623	10.224464	0.070682	0
conventional	ce1858	929	0.527363	51.174916	1	14	7	9.136078	5.434601	15.492529	21.111708	0.017731	0
holistic	he1401	930	0	0	0	0	1	0	0	0	0	0	0
conventional	ce1859	930	1.192054	30.035717	1	14	7	3.877997	4.388697	12.973000	8.796023	3.451988	0
holistic	he1402	931	0	0	0	0	2	0	0	0	0	0	0
conventional	ce1860	931	0.004798	57.020280	1	14	7	7.905557	8.449581	26.653804	14.011338	1.020266	0
conventional	ce1861	931	1.500482	36.551791	1	14	7	5.228699	9.604661	16.607685	5.110746	1.000968	0
conventional	ce1862	931	0.975451	45.153944	2	14	7	5.540783	2.845429	20.684764	16.082968	0.188430	0
holistic	he1403	932	0	0	0	0	1	0	0	0	0	0	0
holistic	he1404	932	0.649526	2.650918	2	2	5	0	0	0	2.650918	0	0
conventional	ce1863	932	0.275276	97.611362	2	14	7	19.402769	23.354599	37.944856	16.909138	0.186361	0
conventional	ce1864	932	1.103297	56.694280	2	14	7	7.057887	14.308028	24.496942	10.831423	0.267233	0
holistic	he1405	933	0	0	0	0	1	0	0	0	0	0	0
holistic	he1406	933	0	6.946338	0	3	1	0	0	0	6.946338	0	0
conventional	ce1865	933	0.790116	63.327906	1	14	7	10.571631	15.048540	22.067962	15.639773	2.237648	0
conventional	ce1866	933	0.486794	21.076479	1	14	7	1.442074	8.597143	9.926543	1.110719	0	0
conventional	ce1867	933	1.684968	32.180213	1	14	7	5.015216	9.017076	12.237086	5.910835	0.564399	0
conventional	ce1868	934	0	57.397753	0	14	7	5.418759	9.984584	26.228205	15.766205	0	0
conventional	ce1869	934	0.053154	40.461630	1	14	7	4.746814	1.280548	18.072218	16.362050	0.188430	0
holistic	he1407	935	4.559833	8.037155	10	10	20	2.162097	0	0	5.875058	0	0
holistic	he1408	935	0	0	0	0	5	0	0	0	0	0	0
holistic	he1409	935	0	0	0	0	1	0	0	0	0	0	0
conventional	ce1870	935	1.192054	44.695452	1	14	7	9.707843	9.548908	17.094975	8.343726	2.853330	0
conventional	ce1871	935	1.790707	37.423112	1	14	7	4.998036	6.848724	16.481575	9.094777	0.336960	0
conventional	ce1872	935	0.838632	50.113257	2	14	7	7.076810	2.936572	17.313305	22.786570	0.267233	0
holistic	he1410	936	0.986046	18.403047	3	9	12	0	0	0	18.403047	0	0
conventional	ce1873	936	0.790116	63.265611	1	14	7	9.909908	15.946155	23.157485	14.252063	1.633794	0
conventional	ce1874	936	1.170068	120.501555	2	14	7	22.727491	26.050522	40.025590	31.697952	1.313329	0
conventional	ce1875	936	0.053154	44.574188	1	14	7	3.244490	2.403476	20.327762	18.598460	0.188430	0
holistic	he1411	937	0	0	0	0	6	0	0	0	0	0	0
holistic	he1412	937	0	0	0	0	1	0	0	0	0	0	0
holistic	he1413	937	0.405356	0.967479	2	2	5	0	0	0	0.967479	0	0
conventional	ce1876	937	1.192054	32.760895	1	14	7	6.623055	9.303030	12.320621	4.514189	3.015861	0
holistic	he1414	938	1.356418	2.927034	1	1	5	0	0	0	2.927034	0	0
conventional	ce1877	938	0.157471	51.390694	1	14	7	8.795748	9.898882	20.396716	12.299348	0.118753	0
holistic	he1415	939	1.679358	3.525967	3	3	5	0	0	0	3.525967	0	0
holistic	he1416	939	0.917016	0.000953	1	1	4	0	0.000953	0	0	0	0
holistic	he1417	939	0.657364	10.884546	2	6	19	0	0	0	10.884546	0	0
conventional	ce1878	939	1.253951	40.600187	1	14	7	8.484517	11.018923	13.427857	7.668890	1.286003	0
holistic	he1418	940	0	0	0	0	0	0	0	0	0	0	0
holistic	he1419	940	0.740087	1.544770	2	2	7	0	0	0	1.544770	0	0
holistic	he1420	940	0	0.680706	0	9	4	0	0	0	0.680706	0	0
holistic	he1421	940	0.365254	0.365254	2	2	5	0	0	0	0.365254	0	0.434124
holistic	he1422	940	0.986046	18.944493	3	9	16	0	0	0	18.944493	0	0
holistic	he1423	941	0	0	0	0	1	0	0	0	0	0	0
conventional	ce1879	941	1.192054	30.562001	1	14	7	8.284704	5.112488	9.938941	7.225868	3.015861	0
holistic	he1424	942	1.248340	6.084615	2	3	10	0	0	0	6.084615	0	0
holistic	he1425	942	0	0	0	0	1	0	0	0	0	0	0
conventional	ce1880	942	0.762963	69.303182	2	14	7	13.315144	12.884284	33.375375	9.728379	0.433784	0
holistic	he1426	943	0	0	0	0	1	0	0	0	0	0	0
holistic	he1427	943	0	0	0	0	0	0	0	0	0	0	0
holistic	he1428	943	0	0	0	0	1	0	0	0	0	0	0
holistic	he1429	943	0	2.164708	0	1	1	0	0	0	2.164708	0	0
holistic	he1430	943	0	1.022700	0	12	4	0	0	0	1.022700	0	0
conventional	ce1881	943	1.170068	112.868479	2	14	7	21.763456	30.109806	37.279436	23.715781	1.313329	0
conventional	ce1882	943	1.500482	54.662944	1	14	7	10.034530	13.021230	18.765142	12.842042	1.000968	0
conventional	ce1883	943	0.138350	34.637472	1	14	7	1.130323	6.028064	17.255504	10.223581	0.118753	0
conventional	ce1884	943	0.790116	32.402083	1	14	7	3.338472	8.990692	15.004502	5.068417	3.166902	0
holistic	he1431	944	0	0	0	0	1	0	0	0	0	0	0
holistic	he1432	944	0	0	0	0	1	0	0	0	0	0	0
holistic	he1433	944	0	2.315446	0	1	1	0	0	0	2.315446	0	0
conventional	ce1885	944	0	22.402662	0	14	7	4.757553	8.390824	7.832730	1.421555	0.564399	0
conventional	ce1886	944	0.494515	47.234265	1	14	7	5.042452	2.264856	19.760059	20.166898	1.929839	0
holistic	he1434	945	1.123521	4.585438	2	2	5	0	0	0	4.585438	0	0
conventional	ce1887	945	0.208946	69.171844	1	14	7	14.664201	18.054096	22.849712	13.603835	0.188430	0
holistic	he1435	946	0	0	0	0	1	0	0	0	0	0	0
holistic	he1436	946	0	0	0	0	1	0	0	0	0	0	0
holistic	he1437	946	0.937863	1.990111	2	2	3	0	0	0	1.990111	0	0
conventional	ce1888	946	0.790116	33.650787	1	14	7	4.587675	11.646302	11.021188	6.395622	2.499699	0
conventional	ce1889	946	1.253951	51.489158	1	14	7	6.600721	3.500643	18.188019	23.199775	3.027876	0
conventional	ce1890	946	0.790116	66.169771	1	14	7	9.123829	13.912427	25.384710	17.748805	2.204668	0
holistic	he1438	947	0.241076	0.578232	4	4	6	0	0	0	0.578232	0	0
conventional	ce1891	947	1.500482	60.427266	1	14	7	10.510518	13.004766	21.044079	15.867903	1.000968	0
conventional	ce1892	947	0	51.020310	0	13	7	2.519739	11.909223	19.412934	17.178414	0.524933	0
holistic	he1439	948	0	0	0	0	1	0	0	0	0	0	0
conventional	ce1893	948	1.274458	28.904006	1	14	7	5.052265	8.293623	10.859706	4.698412	0.054317	0
conventional	ce1894	948	1.192054	32.281218	1	14	7	6.249707	8.216698	10.777965	7.036848	3.015861	0
holistic	he1440	949	0.140744	3.233597	2	3	5	0	0	0	3.233597	0	0
conventional	ce1895	949	0.712384	38.567249	2	14	7	5.072191	10.612449	15.010029	7.872580	0.433784	0
conventional	ce1896	949	1.684968	54.705665	1	14	7	9.264989	4.970647	17.663311	22.806718	0.564399	0
conventional	ce1897	949	0.053154	27.015060	1	14	7	0.987129	1.246569	14.895892	9.885470	0.188430	0
conventional	ce1898	949	0.527363	49.941412	1	14	7	6.595418	6.906783	15.612071	20.827140	0	0
holistic	he1441	950	0	0	0	0	1	0	0	0	0	0	0
holistic	he1442	950	1.255632	2.709546	2	2	5	0	0	0	2.709546	0	0
holistic	he1443	951	0.021886	0.055526	1	1	3	0	0	0	0.055526	0	0
holistic	he1444	951	0.365254	1.490712	2	2	5	0	0	0	1.490712	0	0
holistic	he1445	951	0	0	0	0	0	0	0	0	0	0	0
holistic	he1446	951	0.519502	9.139391	2	4	5	0	0	0	9.139391	0	0
conventional	ce1899	951	0.004798	77.821742	1	14	7	15.924537	9.206803	35.614704	17.075698	0.284782	0
conventional	ce1900	951	1.253951	32.094264	1	14	7	4.426597	8.698895	12.410563	6.558209	0.110121	0
conventional	ce1901	951	1.148553	50.487949	1	14	7	8.418337	5.513203	15.795524	20.760885	1.000968	0
conventional	ce1902	951	1.989530	62.924799	1	14	7	12.517636	15.412348	22.739918	12.254897	1.219480	0
holistic	he1447	952	1.248340	6.333996	2	3	10	0	0	0	6.333996	0	0
holistic	he1448	952	0	0	0	0	1	0	0	0	0	0	0
holistic	he1449	952	1.683416	2.168398	3	3	5	0	0	0	2.168398	0	0
holistic	he1450	954	0.519502	0.779218	2	2	4	0	0	0	0.779218	0	0.353858
holistic	he1451	954	0.541920	2.211742	2	2	5	0	0	0	2.211742	0	0
holistic	he1452	954	1.255632	2.690400	2	2	5	0	0	0	2.690400	0	0
holistic	he1453	955	0	0	0	0	1	0	0	0	0	0	0
holistic	he1454	955	0.488339	4.414276	2	3	11	0	0	0	4.414276	0	0
conventional	ce1903	955	1.170068	27.954817	2	14	7	4.477874	7.889171	12.246334	3.341438	1.038103	0
holistic	he1455	956	0	0	0	0	1	0	0	0	0	0	0
conventional	ce1904	956	0.316472	43.915791	1	14	7	4.726569	13.620220	17.258558	8.310444	2.499699	0
holistic	he1456	957	0.365254	2.663836	2	3	5	0	0	0	2.663836	0	0
holistic	he1457	957	1.248340	7.041046	2	3	5	0	0	0	7.041046	0	0
conventional	ce1905	957	1.192054	37.751522	1	14	7	6.728392	9.560806	13.687889	7.774435	3.048981	0
holistic	he1458	958	0	0	0	0	1	0	0	0	0	0	0
conventional	ce1906	958	1.918787	32.385503	1	14	7	3.682530	7.443940	12.255866	9.003167	0.564399	0
conventional	ce1907	958	0	55.632068	0	14	7	5.830920	4.600525	22.892485	22.308138	0.524933	0
holistic	he1459	959	5.326926	25.214985	7	18	8	0	0	0	25.214985	0	0
holistic	he1460	959	0.328682	5.621713	1	3	10	0	0	0	5.621713	0	0
conventional	ce1908	959	1.148553	29.583072	1	14	7	3.781828	7.818405	11.939960	6.042879	1.000968	0
holistic	he1461	960	0	0	0	0	5	0	0	0	0	0	0
holistic	he1462	960	0	0	0	0	1	0	0	0	0	0	0
holistic	he1463	961	0.649526	5.760345	2	3	5	0	0	0	5.760345	0	0
holistic	he1464	961	0	2.164708	0	1	1	0	0	0	2.164708	0	0
conventional	ce1909	961	0.834755	49.207520	2	14	7	5.615441	8.828309	16.056102	18.707668	0.188430	0
conventional	ce1910	961	0.030671	65.753533	1	14	7	10.718804	14.776557	24.765204	15.492968	1.637119	0
conventional	ce1911	961	1.918787	33.678308	1	14	7	4.298353	7.843661	12.029949	9.506345	0.564399	0
conventional	ce1912	962	0.053154	47.074502	1	14	7	2.812847	3.458439	19.959502	20.843714	1.387320	0
conventional	ce1913	962	1.931242	36.391256	1	14	7	2.668911	0.994380	14.613881	18.114084	0.564399	0
conventional	ce1914	962	0.881698	81.087096	1	14	7	15.243275	20.319352	31.254257	14.270212	1.174835	0
holistic	he1465	963	0	1.836431	0	1	1	0	0	0	1.836431	0	0
holistic	he1466	963	0	0	0	0	0	0	0	0	0	0	0
holistic	he1467	963	1.654072	4.737076	2	2	3	0	0	0	4.737076	0	0
holistic	he1468	963	0.365254	2.663836	2	3	5	0	0	0	2.663836	0	0
holistic	he1469	963	1.356418	1.356418	1	1	5	0	0	0	1.356418	0	0
conventional	ce1915	963	1.684968	29.215440	1	14	7	6.879390	8.321733	10.009992	4.004325	0.730414	0
conventional	ce1916	963	0.790116	70.914228	1	14	7	12.624193	12.945107	28.212716	17.132212	1.542846	0
holistic	he1470	964	0	0	0	0	1	0	0	0	0	0	0
conventional	ce1917	964	0.761672	67.577540	1	14	7	12.462952	17.961248	24.924985	12.228355	1.633794	0
conventional	ce1918	964	0.790116	69.099298	1	14	7	14.056930	16.796511	24.516162	13.729695	1.542846	0
conventional	ce1919	964	1.500482	51.048220	1	14	7	9.675421	11.107468	15.358864	14.906467	1.000968	0
holistic	he1471	965	0	3.739268	0	1	1	0	0	0	3.739268	0	0
conventional	ce1920	965	0.083520	72.595599	1	14	7	15.524882	18.648050	23.544218	14.878449	0.512293	0
conventional	ce1921	965	1.148553	35.737688	1	14	7	5.838391	10.891987	13.939398	5.067912	1.000968	0
conventional	ce1922	965	0.336413	40.669941	1	14	7	4.078599	1.060508	16.358869	19.171965	0.188430	0
conventional	ce1923	966	0.227210	43.713179	1	14	7	4.791480	0.908366	20.281523	17.731810	0.188430	0
conventional	ce1924	966	0.157471	58.496313	1	14	7	9.710350	13.099625	23.220544	12.465794	0.118753	0
conventional	ce1925	966	0.096179	34.678408	1	14	7	5.814691	0.873940	14.224342	13.765435	0.361907	0
conventional	ce1926	967	1.011859	46.729422	2	14	7	8.353029	2.701469	17.847317	17.827607	0.047025	0
conventional	ce1927	967	0.053154	41.895812	1	14	7	5.311497	1.679340	18.985863	15.919112	0.864153	0
conventional	ce1928	967	1.192054	40.561494	1	14	7	7.500788	8.338807	16.678976	8.042923	3.001496	0
conventional	ce1929	968	1.047924	45.343372	2	14	7	3.374410	8.191412	17.964551	15.812999	0.267233	0
conventional	ce1930	968	0.527363	47.378281	1	14	7	8.951526	6.087783	13.424988	18.913984	0.017731	0
holistic	he1472	969	0.052651	2.520745	1	2	5	0	0	0	2.520745	0	0
conventional	ce1931	969	1.500482	51.864444	1	14	7	8.698697	8.935989	18.119555	16.110203	1.000968	0
holistic	he1473	970	0	8.590537	0	3	2	0	0	0	8.590537	0	0
holistic	he1474	970	0	0	0	0	1	0	0	0	0	0	0
holistic	he1475	970	1.399783	3.020614	1	1	5	0	0	0	3.020614	0	0
conventional	ce1932	970	1.148553	27.863137	1	14	7	4.896527	7.015711	12.428260	3.522639	1.000968	0
conventional	ce1933	970	0.756009	48.973816	2	14	7	6.995154	1.429535	23.062920	17.486207	0.389225	0
holistic	he1476	971	0	0	0	0	3	0	0	0	0	0	0
holistic	he1477	972	0.657364	12.045292	2	6	11	0	0	0	12.045292	0	0
conventional	ce1934	972	1.192054	37.515489	1	14	7	7.713147	8.172823	14.850269	6.779250	3.048981	0
conventional	ce1935	972	2.153547	36.921080	1	14	7	4.390309	8.935471	13.529789	10.065511	0.564399	0
holistic	he1478	973	1.356418	2.927034	1	1	7	0	0	0	2.927034	0	0
holistic	he1479	974	0	0	0	0	0	0	0	0	0	0	0
holistic	he1480	974	0.205378	1.619766	2	2	3	0	0	0	1.619766	0	0.740069
holistic	he1481	974	0	0	0	0	1	0	0	0	0	0	0
holistic	he1482	975	1.123521	4.324772	2	2	5	0	0	0	4.324772	0	0
holistic	he1483	975	0	2.164708	0	1	1	0	0	0	2.164708	0	0
conventional	ce1936	975	1.136287	34.396917	1	14	7	5.240412	9.303492	13.900266	5.952747	0.051913	0
conventional	ce1937	975	1.931242	35.751490	1	14	7	2.635646	4.134365	11.275753	17.705726	0.564399	0
conventional	ce1938	976	0.049768	64.185144	1	14	7	13.967951	17.174872	21.959016	11.083305	0.188430	0
conventional	ce1939	976	1.684968	53.724184	1	14	7	10.717777	4.887721	16.289677	21.829009	0.564399	0
holistic	he1484	977	0	0	0	0	1	0	0	0	0	0	0
conventional	ce1940	977	0.190280	35.772267	1	14	7	7.683619	8.250456	13.434475	6.403717	0.188430	0
conventional	ce1941	977	0.602192	42.883599	2	14	7	6.812007	0.960221	21.012575	14.098796	0.817941	0
conventional	ce1942	978	1.500482	59.555132	1	14	7	9.570812	15.327085	18.305116	16.352119	1.000968	0
conventional	ce1943	978	0.272177	44.514321	1	14	7	3.718121	2.240702	17.830285	20.725213	0.188430	0
holistic	he1485	979	0.140744	3.191437	2	3	3	0	0	0	3.191437	0	0
conventional	ce1944	979	1.258020	40.949484	2	14	7	6.653397	1.563601	18.927347	13.805139	0.389225	0
conventional	ce1945	979	1.684968	33.591672	1	14	7	4.066558	9.892794	14.119537	5.512783	0.564399	0
conventional	ce1946	979	1.500482	53.872955	1	14	7	10.443127	14.868615	16.764425	11.796788	0.271865	0
conventional	ce1947	979	0.790116	73.223469	1	14	7	17.512321	16.534889	26.252615	12.923644	0.986087	0
holistic	he1486	980	3.766896	8.071200	6	6	15	0	0	0	8.071200	0	0
conventional	ce1948	981	1.572697	34.828472	1	14	7	6.735231	7.636158	13.471513	6.985570	0.891304	0
conventional	ce1949	983	1.816039	37.453635	1	14	7	3.584139	9.335808	14.757815	9.775873	0.374465	0
conventional	ce1950	983	1.684968	30.675559	1	14	7	4.531941	9.017076	11.498668	5.627874	0.564399	0
conventional	ce1951	984	0.316472	49.819448	1	14	7	4.643377	13.006742	19.560600	12.608729	2.499699	0
holistic	he1487	985	0.755358	3.082848	2	2	5	0	0	0	3.082848	0	0
conventional	ce1952	985	2.153547	35.031443	1	14	7	4.269281	7.032368	13.752994	9.976800	0	0
holistic	he1488	986	0	0	0	0	1	0	0	0	0	0	0
conventional	ce1953	986	0.869097	42.389473	2	14	7	8.003176	0.311211	15.502006	18.573080	0.575578	0
conventional	ce1954	986	0.087313	69.781558	1	14	7	14.481016	16.414510	23.226622	15.659410	0.512293	0
conventional	ce1955	986	1.500482	50.555319	1	14	7	10.432109	10.217823	15.738837	14.166550	1.000968	0
holistic	he1489	987	0	0	0	0	1	0	0	0	0	0	0
conventional	ce1956	987	1.148553	24.154758	1	14	7	5.042632	5.068404	11.379867	2.663855	1.000968	0
holistic	he1490	988	0	0	0	0	1	0	0	0	0	0	0
conventional	ce1957	988	0.527363	55.151449	1	14	7	11.556529	13.592935	21.600508	8.401477	0.017731	0
conventional	ce1958	988	1.148553	25.511373	1	14	7	5.682094	3.497471	11.950219	4.381589	2.222851	0
conventional	ce1959	988	0.515278	78.111725	1	14	7	13.427175	12.460530	33.831813	18.392207	2.103912	0
conventional	ce1960	988	1.816039	43.135755	1	14	7	4.880783	10.702415	17.217274	10.335283	0.374465	0
conventional	ce1961	988	1.400645	34.316296	1	14	7	4.291123	9.599589	15.174725	5.250859	0.110121	0
holistic	he1491	989	4.210760	7.135242	10	10	20	2.162097	0	0	4.973145	0	0
conventional	ce1962	989	2.106185	41.220895	1	14	7	4.413824	0.643871	15.241035	20.922165	0.188430	0
conventional	ce1963	989	1.918787	27.309120	1	14	7	1.706625	7.098265	10.625710	7.878520	1.016207	0
conventional	ce1964	989	1.684968	31.063226	1	14	7	7.323481	9.201837	9.777971	4.759937	0.730414	0
conventional	ce1965	989	0.157471	50.130270	1	14	7	7.228385	9.735116	21.410018	11.756751	0.118753	0
holistic	he1492	990	0	0	0	0	0	0	0	0	0	0	0
holistic	he1493	990	0	3.692556	0	2	1	0	0	0	3.692556	0	0
holistic	he1494	990	0.052651	0.113617	1	1	5	0	0	0	0.113617	0	0
conventional	ce1966	990	0.776926	36.178997	1	14	7	6.452358	9.217290	13.647836	6.861513	3.015861	0
conventional	ce1967	991	0.336413	39.299272	1	14	7	3.376711	0.749122	17.477769	17.695670	0.188430	0
conventional	ce1968	991	0.227210	42.954438	1	14	7	4.791480	0.351992	19.328430	18.482536	0.282849	0
conventional	ce1969	991	1.816039	42.465556	1	14	7	5.234838	11.395681	16.408913	9.426124	0.374465	0
conventional	ce1970	991	0.204924	39.261392	1	14	7	5.218608	1.280548	17.165684	15.596552	0.188430	0
conventional	ce1971	991	0.670181	31.135002	1	14	7	4.704433	3.239173	15.854848	7.336548	2.499699	0
conventional	ce1972	991	1.931242	39.561280	1	14	7	0.813562	1.066711	17.632649	20.048358	0.564399	0
holistic	he1495	992	0.740087	1.980716	2	2	7	0	0	0	1.980716	0	0
holistic	he1496	992	1.356418	1.356418	1	1	5	0	0	0	1.356418	0	0
holistic	he1497	993	0	0	0	0	2	0	0	0	0	0	0
holistic	he1498	993	2.812751	6.291351	6	6	14	0.720699	0	0	5.570652	0	0
conventional	ce1973	993	1.599363	52.597507	2	14	7	6.175342	8.577832	19.494224	18.350109	0.267233	0
conventional	ce1974	993	1.253951	67.211939	1	14	7	17.033997	15.779190	20.097504	14.301248	0.110121	0
conventional	ce1975	993	1.192054	41.015557	1	14	7	7.577832	9.999224	16.574592	6.863909	2.232708	0
holistic	he1499	994	1.248340	6.040822	2	3	10	0	0	0	6.040822	0	0
conventional	ce1976	994	0.074318	67.109474	1	14	7	15.345276	15.316280	24.132678	12.315240	0.188430	0
conventional	ce1977	994	1.918787	32.680785	1	14	7	4.166126	7.270524	11.795550	9.448585	0.580379	0
conventional	ce1978	994	0.012436	37.774078	1	14	7	4.266552	0.142499	15.937244	17.427783	0.188430	0
holistic	he1500	995	0	0	0	0	1	0	0	0	0	0	0
conventional	ce1979	995	0.138350	34.853330	1	14	7	2.068781	5.755187	17.540571	9.488791	0.118753	0
conventional	ce1980	995	1.047924	46.024466	2	14	7	4.305479	8.729199	18.797707	14.192081	0.267233	0
conventional	ce1981	996	0.096179	31.228227	1	14	7	5.528746	1.384503	11.551557	12.763421	0.361907	0
conventional	ce1982	996	1.689279	52.582942	1	14	7	8.363193	8.713466	17.005798	18.500485	0.493266	0
conventional	ce1983	996	1.258020	40.638481	2	14	7	6.752807	0.956630	17.376184	15.552860	0.514960	0
conventional	ce1984	996	0.115784	73.279632	1	14	7	15.689554	16.103136	24.453792	17.033150	0.188430	0
holistic	he1501	997	0	0	0	0	1	0	0	0	0	0	0
conventional	ce1985	997	1.470751	53.396083	2	14	7	8.584937	9.388257	16.102192	19.320697	0.188430	0
conventional	ce1986	997	0.756009	54.134658	2	14	7	7.423750	2.449501	23.325147	20.936260	0.948652	0
holistic	he1502	998	0	0	0	0	1	0	0	0	0	0	0
conventional	ce1987	998	1.148553	54.749532	1	14	7	9.550845	3.847704	21.240470	20.110513	1.000968	0
holistic	he1503	999	0.279917	4.079772	2	3	5	0	0	0	4.079772	0	0
conventional	ce1988	999	1.637064	63.324440	1	14	7	11.172309	14.586668	15.104843	22.460620	1.000968	0
holistic	he1504	1000	1.593899	3.382198	2	2	3	0	0	0	3.382198	0	0
holistic	he1505	1000	0.347933	1.420021	1	1	3	0	0	0	1.420021	0	0
holistic	he1506	1000	0	0	0	0	1	0	0	0	0	0	0
holistic	he1507	1001	0	0	0	0	0	0	0	0	0	0	0
holistic	he1508	1002	0	0	0	0	1	0	0	0	0	0	0
holistic	he1509	1002	0	0	0	0	1	0	0	0	0	0	0
holistic	he1510	1003	0.205378	1.543686	2	2	3	0	0	0	1.543686	0	0.615216
holistic	he1511	1003	0	0	0	0	1	0	0	0	0	0	0
holistic	he1512	1003	0	0	0	0	2	0	0	0	0	0	0
conventional	ce1989	1003	0.228200	42.693633	1	14	7	7.777962	8.434006	10.619440	15.862225	0.070132	0
conventional	ce1990	1003	1.192054	29.929531	1	14	7	5.503260	7.539583	11.940368	4.946320	2.226210	0
holistic	he1513	1004	0	0	0	0	1	0	0	0	0	0	0
holistic	he1514	1004	0.052651	0.052651	1	1	5	0	0	0	0.052651	0	0
holistic	he1515	1004	0.464240	1.001791	1	1	5	0	0	0	1.001791	0	0
holistic	he1516	1005	0.052651	0.099398	1	1	5	0	0	0	0.099398	0	0
holistic	he1517	1005	0	0	0	0	3	0	0	0	0	0	0
holistic	he1518	1005	0.369826	3.850743	2	3	5	0	0	0	3.850743	0	0
conventional	ce1991	1005	2.349296	45.757479	1	14	7	4.763364	11.913916	17.135746	11.944453	0.564399	0
holistic	he1519	1006	0.776032	3.167226	2	2	5	0	0	0	3.167226	0	0
holistic	he1520	1006	0	0	0	0	1	0	0	0	0	0	0
conventional	ce1992	1007	0.790116	38.477632	1	14	7	4.867676	1.260595	17.695810	14.653551	1.750486	0
conventional	ce1993	1007	1.918787	27.772245	1	14	7	1.894221	7.022969	11.406216	7.448839	1.016207	0
conventional	ce1994	1007	1.500482	48.731145	1	14	7	7.571076	9.356487	16.925180	14.878402	0.894388	0
conventional	ce1995	1008	0.921833	41.296199	1	14	7	4.717268	9.320809	17.401171	9.856951	0.374465	0
conventional	ce1996	1008	1.500482	51.038571	1	14	7	8.390760	10.406584	16.806727	15.434500	1.409902	0
holistic	he1521	1009	0	0	0	0	0	0	0	0	0	0	0
conventional	ce1997	1009	1.684968	29.609859	1	14	7	6.140214	7.938566	11.202872	4.328207	0.218998	0
conventional	ce1998	1009	0.790116	65.504179	1	14	7	15.308308	13.752075	25.333337	11.110459	1.542846	0
conventional	ce1999	1009	0.316472	28.429955	1	14	7	4.590647	5.923818	12.410563	5.504927	2.499699	0
conventional	ce2000	1009	0.790116	79.154269	1	14	7	13.785096	22.353024	26.486723	16.529426	1.542846	0
holistic	he1522	1010	1.570675	1.932444	3	3	5	0	0	0	1.932444	0	0
holistic	he1523	1011	1.356418	1.356418	1	1	10	0	0	0	1.356418	0	0
holistic	he1524	1011	0	0	0	0	1	0	0	0	0	0	0
holistic	he1525	1011	1.248340	6.421508	2	3	10	0	0	0	6.421508	0	0
holistic	he1526	1011	0.052651	0.099398	1	1	5	0	0	0	0.099398	0	0
conventional	ce2001	1011	1.918787	26.346167	1	14	7	2.456478	7.098265	10.115907	6.675517	1.016207	0
conventional	ce2002	1011	1.918787	36.105057	1	14	7	3.853869	7.032368	14.558707	10.660113	0.212405	0
conventional	ce2003	1011	1.500482	27.476673	1	14	7	1.269012	6.791712	11.749661	7.666288	1.409902	0
conventional	ce2004	1011	1.931242	36.608551	1	14	7	2.057431	2.139966	16.438574	15.972580	0.564399	0
holistic	he1527	1012	0.466833	0.881314	1	1	5	0	0	0	0.881314	0	0
holistic	he1528	1012	0.127006	0.127006	1	1	5	0	0	0	0.127006	0	0
holistic	he1529	1013	0.695866	2.936100	2	2	3	0	0	0	2.936100	0	0
holistic	he1530	1014	0.875274	6.975881	2	3	5	0	0	0	6.975881	0	0
holistic	he1531	1014	0	0	0	0	2	0	0	0	0	0	0
holistic	he1532	1014	0	0	0	0	1	0	0	0	0	0	0
conventional	ce2005	1014	0.083520	74.137382	1	14	7	16.468355	17.394591	24.191513	16.082923	0.704638	0
holistic	he1533	1015	0	0.311475	0	1	3	0	0	0	0.311475	0	0
holistic	he1534	1015	0.285647	0.963907	2	2	3	0	0	0	0.963907	0	0.615216
holistic	he1535	1015	0.984099	3.530709	2	2	5	0	0	0	3.530709	0	0
holistic	he1536	1016	0.369826	3.057133	2	3	5	0	0	0	3.057133	0	0
conventional	ce2006	1016	0.834755	42.835643	2	14	7	7.845796	7.480297	13.014921	14.494629	0.188430	0
holistic	he1537	1017	0.052651	0.099398	1	1	5	0	0	0	0.099398	0	0
holistic	he1538	1017	1.399783	2.505228	1	1	5	0	0	0	2.505228	0	0
conventional	ce2007	1017	0.227210	50.759107	1	14	7	5.626588	0.516744	21.289022	23.326753	0.188430	0
holistic	he1539	1018	0.766180	4.511273	2	2	3	0	0	0	4.511273	0	0.740069
conventional	ce2008	1018	1.500482	23.863729	1	14	7	1.409924	6.648876	8.484505	7.320424	1.000968	0
holistic	he1540	1019	0	0	0	0	0	0	0	0	0	0	0
conventional	ce2009	1019	1.684968	35.062480	1	14	7	4.397313	7.652036	14.345678	8.667453	0.564399	0
conventional	ce2010	1019	0.096179	39.723614	1	14	7	9.670919	9.759226	13.811218	6.482251	0.434380	0
holistic	he1541	1020	0.842924	6.913344	2	3	5	0	0	0	6.913344	0	0
holistic	he1542	1021	0.810473	3.307792	2	2	5	0	0	0	3.307792	0	0.931342
holistic	he1543	1021	0	0	0	0	1	0	0	0	0	0	0
holistic	he1544	1021	1.356418	1.356418	1	1	5	0	0	0	1.356418	0	0
conventional	ce2011	1021	1.192054	49.049831	1	14	7	9.117877	10.665348	21.416030	7.850576	0.861889	0
conventional	ce2012	1021	1.148553	29.811386	1	14	7	6.003747	5.776187	13.816757	4.214695	1.000968	0
holistic	he1545	1022	0	0	0	0	1	0	0	0	0	0	0
conventional	ce2013	1022	0.103716	39.246737	1	14	7	3.057424	1.858344	19.486127	14.844842	0.188430	0
conventional	ce2014	1022	0.020499	47.011640	1	14	7	11.651643	12.589419	11.505599	11.264979	0.326478	0
conventional	ce2015	1022	0.049768	48.926888	1	14	7	8.043659	13.632322	16.232295	11.018612	1.424681	0
holistic	he1546	1023	1.288063	2.779531	1	1	3	0	0	0	2.779531	0	0
holistic	he1547	1023	0	0	0	0	2	0	0	0	0	0	0
holistic	he1548	1023	0.466833	0.881314	1	1	5	0	0	0	0.881314	0	0
holistic	he1549	1023	0	0	0	0	2	0	0	0	0	0	0
holistic	he1550	1023	0.052651	0.108295	1	1	5	0	0	0	0.108295	0	0
conventional	ce2016	1023	1.637064	62.532598	1	14	7	10.290671	13.619534	14.101972	24.520421	1.000968	0
conventional	ce2017	1023	1.684968	35.320773	1	14	7	5.201572	10.049715	11.972325	8.097161	0.723773	0
holistic	he1551	1024	0.968286	3.951873	2	2	7	0	0	0	3.951873	0	1.136513
conventional	ce2018	1024	1.816039	41.231806	1	14	7	5.624529	10.700098	17.175397	7.731782	1.817115	0
conventional	ce2019	1024	1.684968	34.454011	1	14	7	5.688286	9.400938	10.531045	8.833742	0.723773	0
conventional	ce2020	1024	1.931242	37.170587	1	14	7	1.844474	0.926899	16.262625	18.136589	0.564399	0
holistic	he1552	1025	0.171212	0.323223	1	1	5	0	0	0	0.323223	0	0
conventional	ce2021	1025	1.637064	32.517000	1	14	7	1.424963	8.042568	15.788386	7.261083	1.000968	0
conventional	ce2022	1025	1.828475	36.104539	1	14	7	4.268816	8.504743	13.479683	9.851297	0.926562	0
conventional	ce2023	1025	0.278854	68.433937	1	14	7	12.577174	16.413392	28.926008	10.517363	0.687253	0
conventional	ce2024	1026	1.500482	50.863067	1	14	7	8.073363	7.956778	19.418773	15.414153	1.409902	0
conventional	ce2025	1026	1.006816	52.510161	2	14	7	5.649818	8.234434	21.366623	17.259286	0.451129	0
holistic	he1553	1027	0	0	0	0	12	0	0	0	0	0	0
conventional	ce2026	1027	1.918787	48.848510	1	14	7	5.433366	11.515683	21.730637	10.168824	1.016207	0
conventional	ce2027	1027	1.192054	29.445645	1	14	7	5.351204	7.293712	12.093811	4.706918	1.566263	0
conventional	ce2028	1027	0.049768	68.399899	1	14	7	16.057741	17.513207	23.515255	11.313696	0.188430	0
holistic	he1554	1028	1.002549	4.091712	2	2	8	0	0	0	4.091712	0	1.136513
conventional	ce2029	1028	1.192054	33.530649	1	14	7	3.840542	6.661218	14.036870	8.992019	2.226210	0
conventional	ce2030	1028	1.192054	44.310764	1	13	7	8.223721	7.753137	18.492042	9.841864	0.861889	0
conventional	ce2031	1028	1.148553	35.670664	1	14	7	6.989484	9.426907	14.822930	4.431343	1.000968	0
holistic	he1555	1029	0.520382	1.122942	4	4	5	0	0	0	1.122942	0	0
conventional	ce2032	1029	1.192054	51.569681	1	14	7	10.618842	10.333951	22.450612	8.166276	2.220387	0
holistic	he1556	1030	0.799238	6.594900	2	3	5	0	0	0	6.594900	0	0
holistic	he1557	1030	0	0	0	0	3	0	0	0	0	0	0
conventional	ce2033	1030	1.689279	58.928742	1	14	7	9.390262	9.330931	20.721386	19.486163	0.493266	0
conventional	ce2034	1030	2.520846	34.511294	1	14	7	4.269281	7.032368	12.513467	10.696178	0	0
conventional	ce2035	1031	1.484441	39.692414	1	13	7	5.507334	9.093764	16.752235	8.339081	1.535086	0
conventional	ce2036	1032	1.258020	46.082826	2	14	7	8.447028	2.619165	19.265042	15.751591	0.389225	0
conventional	ce2037	1032	1.816039	40.330400	1	14	7	5.112054	10.681982	16.785630	7.750734	1.097397	0
conventional	ce2038	1032	1.192054	45.628266	1	14	7	9.638146	11.755769	17.161221	7.073130	2.232708	0
conventional	ce2039	1032	1.637064	64.694712	1	14	7	13.402481	13.399087	13.782731	24.110413	1.000968	0
holistic	he1558	1033	1.423747	5.842071	2	2	7	0	0	0	5.842071	0	1.136513
conventional	ce2040	1033	0.608262	57.450904	2	14	7	7.153762	10.859977	24.051922	15.385243	0.035691	0
conventional	ce2041	1033	0	42.076829	0	14	7	5.345717	11.816544	16.820204	8.094364	2.155607	0
holistic	he1559	1034	1.295861	2.796358	1	1	7	0	0	0	2.796358	0	0
holistic	he1560	1034	1.356418	1.356418	1	1	5	0	0	0	1.356418	0	0
holistic	he1561	1034	1.672252	6.437004	2	2	5	0	0	0	6.437004	0	0
holistic	he1562	1034	0.686713	1.837871	2	2	7	0	0	0	1.837871	0	0
holistic	he1563	1035	0.347933	1.420021	1	1	5	0	0	0	1.420021	0	0
holistic	he1564	1035	1.621704	3.499499	1	1	2	0	0	0	3.499499	0	0
conventional	ce2042	1036	1.689279	59.943037	1	14	7	7.042161	7.868193	21.700026	23.332657	0.493266	0
holistic	he1565	1037	2.770898	12.678964	4	6	13	0	0	0	12.678964	0	0
conventional	ce2043	1037	1.500482	44.173014	1	14	7	5.941095	1.350527	18.812108	18.069284	0.503225	0
conventional	ce2044	1037	0.096179	31.515978	1	14	7	4.867901	3.542038	11.740473	11.365566	0.361907	0
holistic	he1566	1038	0.052651	1.072613	1	2	9	0	0	0	1.072613	0	0
holistic	he1567	1038	0	0	0	0	1	0	0	0	0	0	0
conventional	ce2045	1038	1.684968	29.823959	1	14	7	3.152709	9.021671	12.499665	5.149914	0.564399	0
conventional	ce2046	1038	0.648853	47.556626	1	14	7	6.334169	0.280520	20.792268	20.149669	0.282849	0
holistic	he1568	1039	0.141738	0.267580	1	1	5	0	0	0	0.267580	0	0
conventional	ce2047	1039	1.944880	34.773246	1	14	7	5.172437	8.026045	11.403692	10.171072	0.077687	0
conventional	ce2048	1039	0.096179	29.563319	1	14	7	5.793202	1.227960	11.109865	11.432292	0.361907	0
conventional	ce2049	1039	1.148553	24.144408	1	14	7	5.046313	2.022386	12.782592	4.293117	3.011976	0
conventional	ce2050	1040	1.816039	55.014033	1	14	7	6.491164	13.629377	23.268720	11.624772	0.374465	0
holistic	he1569	1041	0.537517	1.486501	2	2	7	0	0	0	1.486501	0	0
conventional	ce2051	1043	1.353350	38.875113	1	14	7	5.054357	7.127532	14.317982	12.375242	0	0
conventional	ce2052	1043	1.095189	42.396834	2	14	7	8.311013	7.123760	11.440241	15.521820	0.188430	0
conventional	ce2053	1043	0.083520	79.490806	1	14	7	19.847730	18.270209	25.938566	15.434301	0.937295	0
holistic	he1570	1045	0.810473	3.307792	2	2	5	0	0	0	3.307792	0	0
holistic	he1571	1045	1.423747	5.842071	2	2	7	0	0	0	5.842071	0	0
conventional	ce2054	1045	1.353350	30.352461	1	14	7	4.274386	6.281716	9.009882	10.786477	0	0
holistic	he1572	1048	0.036869	0.036869	1	1	4	0	0	0	0.036869	0	0
conventional	ce2055	1048	0.774505	34.639937	1	14	7	8.748922	10.476102	8.415143	6.999770	2.217456	0
conventional	ce2056	1048	0.066039	84.257285	1	14	7	20.576301	16.638082	29.782630	17.260272	1.295499	0
conventional	ce2057	1049	1.719169	44.164491	1	14	7	7.758414	13.971464	16.895373	5.539240	2.232708	0
holistic	he1573	1050	0.810473	3.458728	2	2	5	0	0	0	3.458728	0	0
holistic	he1574	1050	0.740087	1.980716	2	2	7	0	0	0	1.980716	0	0
conventional	ce2058	1051	1.689279	58.861606	1	14	7	13.576091	7.150905	17.651115	20.483495	0.493266	0
conventional	ce2059	1051	1.500482	24.009995	1	14	7	1.367575	5.592476	9.346090	7.703854	1.000968	0
conventional	ce2060	1051	0.096179	29.955481	1	14	7	4.275275	2.975022	11.638898	11.066286	1.015468	0
conventional	ce2061	1051	1.549814	33.703140	1	14	7	5.427978	8.868665	11.192098	8.214399	0.077687	0
conventional	ce2062	1051	1.637064	72.724645	1	14	7	14.775804	15.188632	16.927206	25.833003	1.000968	0
holistic	he1575	1052	0.537517	1.486501	2	2	7	0	0	0	1.486501	0	0
holistic	he1576	1052	1.672252	6.437004	2	2	5	0	0	0	6.437004	0	0
holistic	he1577	1053	0.127006	0.127006	1	1	5	0	0	0	0.127006	0	0
conventional	ce2063	1053	0.170003	22.562015	1	14	7	4.268673	4.255060	10.546929	3.491353	3.011976	0
conventional	ce2064	1053	1.258020	58.153132	2	14	7	6.741553	0.997983	19.196569	31.217027	0.514960	0
holistic	he1578	1054	1.621704	3.499499	1	1	2	0	0	0	3.499499	0	0
conventional	ce2065	1054	1.684968	41.376910	1	14	7	4.554911	9.666259	19.121258	8.034482	0.218998	0
conventional	ce2066	1054	1.773456	35.227775	1	14	7	5.394795	10.700098	13.792450	5.340432	1.817115	0
conventional	ce2067	1054	1.689279	50.864559	1	14	7	7.624988	9.451771	16.288586	17.499214	0.676510	0
holistic	he1579	1055	4.681566	18.020762	4	4	7	0	0	0	18.020762	0	0
conventional	ce2068	1055	1.500482	17.844370	1	14	7	2.118848	6.357379	6.339869	3.028274	1.000968	0
conventional	ce2069	1055	0.115784	67.725813	1	14	7	15.227804	11.369242	28.171627	12.957140	0.188430	0
conventional	ce2070	1056	1.549814	33.902653	1	14	7	5.224265	8.810626	11.774459	8.093303	0.352538	0
conventional	ce2071	1056	1.944880	34.811957	1	14	7	5.155704	7.821933	12.579445	9.254875	0.077687	0
conventional	ce2072	1056	0.083520	74.952443	1	14	7	15.950033	16.296549	25.807503	16.898358	0.704638	0
conventional	ce2073	1056	0.038910	74.835776	1	14	7	16.926222	17.420114	26.976029	13.513411	0.188430	0
conventional	ce2074	1056	0	41.267855	0	14	7	5.005792	12.696236	16.732486	6.833341	2.686854	0
conventional	ce2075	1056	1.500482	45.652703	1	14	7	8.050209	9.599409	15.695812	12.307273	1.409902	0
holistic	he1580	1057	0.171212	0.323223	1	1	5	0	0	0	0.323223	0	0
conventional	ce2076	1058	0.790116	64.147056	1	14	7	15.320830	14.083249	21.049694	13.693283	1.775437	0
conventional	ce2077	1058	0.924052	54.997781	1	14	7	7.408460	13.629377	23.379533	10.580411	0.374465	0
holistic	he1581	1059	0.369826	1.195296	2	3	5	0	0	0	1.195296	0	0
holistic	he1582	1059	0	0.491736	0	1	3	0	0	0	0.491736	0	0
conventional	ce2078	1059	1.719169	38.936158	1	14	7	5.382295	14.549371	13.633547	5.370945	1.333910	0
holistic	he1583	1060	1.226419	2.141936	3	3	8	0	0	0	2.141936	0	0
conventional	ce2079	1060	0.790116	62.915721	1	14	7	11.939896	13.993204	27.168925	9.813696	2.001449	0
conventional	ce2080	1061	0.327523	38.731012	1	14	7	6.074854	11.729559	13.787668	7.138931	0.687253	0
conventional	ce2081	1061	0.588763	57.076264	2	14	7	5.795968	9.504804	23.095950	18.679542	0.035691	0
holistic	he1584	1062	0.274857	1.164492	2	2	3	0	0	0	1.164492	0	1.227713
holistic	he1585	1063	3.478850	15.133188	4	12	11	0	0	0	15.133188	0	0
holistic	he1586	1063	0.909243	0.909243	1	1	5	0	0	0	0.909243	0	0
holistic	he1587	1063	0.466833	0.881314	1	1	5	0	0	0	0.881314	0	0
conventional	ce2082	1063	1.662121	50.122109	1	14	7	8.472976	15.541963	18.687230	7.419940	2.232708	0
holistic	he1588	1064	0.369826	1.195296	2	3	5	0	0	0	1.195296	0	0
holistic	he1589	1064	0	0	0	0	12	0	0	0	0	0	0
holistic	he1590	1064	0.127006	3.577863	1	2	5	0	0	0	3.577863	0	0
holistic	he1591	1065	0	0	0	0	1	0	0	0	0	0	0
holistic	he1592	1065	0	0	0	0	2	0	0	0	0	0	0
holistic	he1593	1065	0.127006	0.455450	1	3	5	0	0	0	0.455450	0	0
holistic	he1594	1066	0.766180	3.865748	2	2	3	0	0	0	3.865748	0	0.740069
holistic	he1595	1066	3.864189	9.870492	3	3	9	0	0	0	9.870492	0	0
conventional	ce2083	1066	0.474080	83.462933	1	14	7	16.039041	22.868871	24.399349	20.155672	0.714689	0
holistic	he1596	1067	6.075872	21.072541	5	13	15	0	0	0	21.072541	0	0
conventional	ce2084	1067	0	39.893986	0	14	7	3.440958	11.057446	15.193567	10.202015	2.155607	0
conventional	ce2085	1067	0.316472	34.027247	1	14	7	5.295763	5.446977	16.161668	7.122839	2.499699	0
conventional	ce2086	1068	1.549814	36.720386	1	14	7	9.147191	9.433182	11.035249	7.104764	0.352538	0
conventional	ce2087	1068	0.946354	98.385642	1	14	7	23.463794	23.130990	29.085625	22.705233	0.861889	0
conventional	ce2088	1068	0.648853	39.593125	1	14	7	5.167979	2.858965	17.384671	14.181510	0.282849	0
conventional	ce2089	1068	1.353350	31.835538	1	14	7	3.654173	7.127532	13.361265	7.692568	0	0
conventional	ce2090	1069	1.944880	41.938549	1	14	7	5.460788	7.685892	17.222366	11.569503	0.291748	0
conventional	ce2091	1069	1.773456	35.081670	1	14	7	4.909060	10.950687	14.845847	4.376076	1.734238	0
conventional	ce2092	1069	1.637064	66.724915	1	14	7	16.529742	13.187952	11.411422	25.595799	1.000968	0
conventional	ce2093	1069	1.816039	37.702933	1	14	7	5.034870	5.899172	19.623269	7.145622	1.817115	0
conventional	ce2094	1069	1.549814	33.170616	1	14	7	5.551240	9.275107	10.081913	8.262356	0.077687	0
holistic	he1597	1070	1.171926	1.171926	1	1	5	0	0	0	1.171926	0	1.774209
holistic	he1598	1070	0.052651	0.099398	1	1	5	0	0	0	0.099398	0	0
conventional	ce2095	1070	0.588763	58.537059	2	14	7	5.889489	8.247410	22.865076	21.535084	0.035691	0
holistic	he1599	1071	0	0	0	0	12	0	0	0	0	0	0
holistic	he1600	1071	0	0	0	0	1	0	0	0	0	0	0
conventional	ce2096	1071	0.648853	50.701454	1	14	7	4.764282	5.754515	19.626534	20.556123	0.360168	0
conventional	ce2097	1071	0.541879	43.448909	2	14	7	6.512398	3.485691	20.114200	13.336620	0.680956	0
conventional	ce2098	1071	1.353350	29.419485	1	14	7	2.918559	7.435463	11.135957	7.929506	0	0
conventional	ce2099	1071	2.002829	57.927498	1	14	7	6.287853	13.170388	25.115180	13.354077	1.016207	0
conventional	ce2100	1071	1.719169	38.937245	1	14	7	5.382295	14.549371	13.633547	5.372032	1.279294	0
holistic	he1601	1072	0.680820	2.045932	2	2	10	0	0	0	2.045932	0	0
holistic	he1602	1072	0.052651	0.099398	1	1	5	0	0	0	0.099398	0	0
holistic	he1603	1072	0.810473	3.458728	2	2	5	0	0	0	3.458728	0	0
conventional	ce2101	1072	1.773456	37.181845	1	14	7	4.835235	13.763938	12.620748	5.961924	1.719137	0
conventional	ce2102	1073	0.790116	69.363225	1	14	7	18.250472	15.190447	22.502024	13.420282	1.775437	0
conventional	ce2103	1073	1.043889	77.973334	1	14	7	15.481710	16.746159	30.023223	15.722242	0.714689	0
holistic	he1604	1074	0.740087	1.980716	2	2	7	0	0	0	1.980716	0	0
holistic	he1605	1074	2.687585	6.238290	10	10	13	0	0	0	6.238290	0	0
holistic	he1606	1074	0.466833	0.881314	1	1	5	0	0	0	0.881314	0	0
holistic	he1607	1074	0	0	0	0	2	0	0	0	0	0	0
holistic	he1608	1074	1.295861	2.796358	1	1	7	0	0	0	2.796358	0	0
conventional	ce2104	1074	0.329052	48.177677	1	14	7	12.350077	15.574600	15.625865	4.627135	1.295499	0
conventional	ce2105	1074	1.944880	35.249932	1	14	7	6.301030	10.497970	9.415919	9.035013	0.077687	0
holistic	he1609	1075	2.007806	5.577600	3	3	6	0	0	0	5.577600	0	0
holistic	he1610	1075	1.621704	3.499499	1	1	3	0	0	0	3.499499	0	0
holistic	he1611	1075	0.766180	4.353594	2	2	3	0	0	0	4.353594	0	0.740069
holistic	he1612	1075	1.178279	5.557653	2	3	8	0	0	0	5.557653	0	1.484264
holistic	he1613	1075	1.038439	1.889901	1	1	5	0	0	0	1.889901	0	0
holistic	he1614	1076	0	0	0	0	3	0	0	0	0	0	0
conventional	ce2106	1076	2.079052	59.893712	1	14	7	11.767148	14.199054	22.064258	11.863252	0.779724	0
holistic	he1615	1077	0	0	0	0	2	0	0	0	0	0	0
holistic	he1616	1078	0.912305	2.522979	2	2	7	0	0	0	2.522979	0	0
holistic	he1617	1078	0.766180	3.865748	2	2	3	0	0	0	3.865748	0	0.740069
holistic	he1618	1078	0.052651	0.073039	1	1	5	0	0	0	0.073039	0	0
holistic	he1619	1078	0	0	0	0	2	0	0	0	0	0	0
conventional	ce2107	1078	0.935547	42.052420	2	14	7	7.397512	2.372073	17.508239	14.774596	0.797209	0
holistic	he1620	1079	0	0	0	0	10	0	0	0	0	0	0
conventional	ce2108	1079	1.192054	48.240118	1	14	7	10.652817	11.983390	17.052990	8.550921	2.232708	0
conventional	ce2109	1079	2.048939	32.985295	1	14	7	6.061386	9.233118	9.420064	8.270727	0.723773	0
holistic	he1621	1080	1.221151	5.010758	2	2	4	0	0	0	5.010758	0	0
holistic	he1622	1080	1.144891	2.470579	1	1	4	0	0	0	2.470579	0	0
conventional	ce2110	1080	0.083520	78.823810	1	14	7	20.611620	18.235007	24.157826	15.819357	0.420991	0
holistic	he1623	1081	0.466833	0.881314	1	1	11	0	0	0	0.881314	0	0
holistic	he1624	1081	0.369826	1.186574	2	3	5	0	0	0	1.186574	0	0
holistic	he1625	1081	0.466833	0.881314	1	1	5	0	0	0	0.881314	0	0
conventional	ce2111	1081	1.148553	20.864573	1	14	7	5.184295	1.810733	11.513906	2.355639	3.011976	0
conventional	ce2112	1081	1.662121	51.363882	1	14	7	8.474638	15.559037	18.555010	8.775197	2.232708	0
holistic	he1626	1082	3.478850	8.098852	4	10	13	0	0	0	8.098852	0	0
conventional	ce2113	1082	0.648853	51.324934	1	14	7	5.454118	12.293338	21.838351	11.739127	0.282849	0
holistic	he1627	1083	0	0	0	0	1	0	0	0	0	0	0
holistic	he1628	1083	0.686713	1.581459	2	2	7	0	0	0	1.581459	0	0
holistic	he1629	1083	1.295861	2.796358	1	1	7	0	0	0	2.796358	0	0.285519
holistic	he1630	1083	0	0.239680	0	1	9	0	0	0	0.239680	0	0
conventional	ce2114	1083	1.719169	35.795494	1	14	7	4.910807	10.857795	12.727747	7.299145	0.792317	0
holistic	he1631	1084	1.621704	3.499499	1	1	5	0	0	0	3.499499	0	0
conventional	ce2115	1084	2.610809	55.450603	2	14	7	3.549042	7.182741	26.725454	17.993366	0.451129	0
conventional	ce2116	1084	1.816039	65.650590	1	14	7	6.242529	17.970716	26.631150	14.806195	0.374465	0
holistic	he1632	1085	0.537517	1.474143	2	2	3	0	0	0	1.474143	0	0
conventional	ce2117	1085	0.049768	72.450289	1	14	7	14.671020	17.590150	28.365819	11.823300	0.188430	0
conventional	ce2118	1085	1.192054	55.070129	1	14	7	11.499896	14.141417	20.854067	8.574749	2.232708	0
holistic	he1633	1086	1.295861	2.386527	1	1	5	0	0	0	2.386527	0	0
conventional	ce2119	1086	1.016341	44.388059	2	14	7	7.651745	2.840336	18.170451	15.725527	0.797209	0
holistic	he1634	1087	0	0	0	0	2	0	0	0	0	0	0
holistic	he1635	1087	0.605538	1.674612	3	3	7	0	0	0	1.674612	0	0
holistic	he1636	1087	1.621704	4.281011	1	1	3	0	0	0	4.281011	0	0
conventional	ce2120	1087	0.790116	69.202631	1	14	7	15.088051	18.015955	22.999934	13.098691	1.775437	0
conventional	ce2121	1087	1.549814	36.772051	1	14	7	5.224265	8.810626	14.643857	8.093303	0.094723	0
conventional	ce2122	1087	0.096179	30.977084	1	14	7	4.882558	3.540209	11.816941	10.737376	0.415882	0
holistic	he1637	1088	0	0	0	0	5	0	0	0	0	0	0
conventional	ce2123	1088	0.324466	49.899090	1	14	7	7.568684	9.482691	16.752752	16.094963	0.067376	0
conventional	ce2124	1088	1.549814	32.417698	1	14	7	4.804103	8.026647	11.547701	8.039247	0.352538	0
conventional	ce2125	1089	0	42.292955	0	14	7	5.461376	10.619738	17.719814	8.492027	2.155607	0
conventional	ce2126	1090	1.637064	73.890296	1	14	7	15.048217	13.955913	17.359315	27.526851	0.934449	0
holistic	he1638	1091	0.392726	1.051063	2	2	7	0	0	0	1.051063	0	0
conventional	ce2127	1091	1.583673	55.565223	2	14	7	5.775201	1.704966	16.314598	31.770458	0.771956	0
conventional	ce2128	1091	0.407129	34.634896	1	14	7	6.579355	3.997409	12.725027	11.333105	0.361907	0
holistic	he1639	1092	6.075872	21.072541	5	13	15	0	0	0	21.072541	0	0
conventional	ce2129	1092	1.192054	41.470097	1	13	7	2.485256	11.832239	17.602108	9.550494	2.232708	0
conventional	ce2130	1092	0	40.071125	0	14	7	4.964701	6.260156	17.246644	11.599624	1.882507	0
conventional	ce2131	1092	0.096179	30.370162	1	14	7	5.531474	0.819626	13.548519	10.470543	0.334522	0
conventional	ce2132	1092	0.474080	72.823669	1	14	7	10.923274	20.154599	25.987861	15.757935	0.592064	0
conventional	ce2133	1092	0.946575	24.140401	1	14	7	4.782007	2.002204	13.410878	3.945312	3.598776	0
holistic	he1640	1093	1.178279	5.557653	2	3	8	0	0	0	5.557653	0	1.484264
conventional	ce2134	1093	1.353350	49.923431	1	14	7	5.783735	1.090614	21.555958	21.493124	0	0
conventional	ce2135	1093	1.719169	34.970860	1	14	7	4.304357	13.894122	12.737368	4.035013	1.333910	0
holistic	he1641	1094	0.105302	0.146078	2	2	5	0	0	0	0.146078	0	0
holistic	he1642	1094	0.466833	0.715993	1	1	5	0	0	0	0.715993	0	0
holistic	he1643	1094	0	0.491736	0	1	3	0	0	0	0.491736	0	0
holistic	he1644	1094	0.766180	3.865748	2	2	3	0	0	0	3.865748	0	0.740069
holistic	he1645	1094	0	0	0	0	2	0	0	0	0	0	0
conventional	ce2136	1094	0.790116	56.775045	1	14	7	14.867995	9.043583	20.382195	12.481272	1.775437	0
conventional	ce2137	1094	0.316472	68.403977	1	14	7	7.895479	13.201482	26.744875	20.562141	2.096719	0
holistic	he1646	1095	2.431419	14.848668	6	12	15	0	0	0	14.848668	0	0
conventional	ce2138	1097	1.148553	18.228609	1	14	7	3.463827	0.389125	10.416721	3.958936	3.011976	0
holistic	he1647	1098	1.621704	4.568362	1	1	3	0	0	0	4.568362	0	0
holistic	he1648	1098	1.185847	3.460847	2	2	7	0	0	0	3.460847	0	0
conventional	ce2139	1098	0.790116	35.483215	1	14	7	5.576621	8.198449	14.521537	7.186608	1.237015	0
holistic	he1649	1099	0.506254	1.400043	3	3	7	0	0	0	1.400043	0	0
holistic	he1650	1099	2.986237	7.351091	3	3	7	0	0	0	7.351091	0	0
conventional	ce2140	1099	2.002829	53.561060	1	14	7	6.228332	15.029922	21.126742	11.176064	0.259893	0
conventional	ce2141	1099	3.294363	56.281799	1	14	7	12.220429	12.930450	19.716798	11.414122	0.861889	0
conventional	ce2142	1099	1.773456	35.295954	1	14	7	4.305191	10.700098	15.841932	4.448733	1.817115	0
conventional	ce2143	1099	0.227482	56.180941	2	14	7	6.334532	12.682335	22.197576	14.966498	0.045268	0
conventional	ce2144	1099	1.719169	39.962931	1	14	7	4.991297	14.320007	14.000899	6.650728	1.279294	0
conventional	ce2145	1100	1.662121	47.661266	1	14	7	6.882352	13.382692	18.233280	9.162942	2.787338	0
conventional	ce2146	1100	2.610809	53.936449	2	14	7	3.549042	5.799885	26.472540	18.114982	0.451129	0
holistic	he1651	1101	1.247994	3.606749	1	1	4	0	0	0	3.606749	0	0
conventional	ce2147	1101	0.946575	25.280107	1	14	7	5.513361	1.299151	16.052841	2.414754	3.598776	0
holistic	he1652	1103	0	0	0	0	3	0	0	0	0	0	0
conventional	ce2148	1103	1.944880	36.753382	1	14	7	6.797335	11.254853	8.901163	9.800031	0.077687	0
conventional	ce2149	1103	0.790116	34.999125	1	14	7	8.200084	8.615619	10.407031	7.776391	1.237015	0
conventional	ce2150	1103	1.549814	38.309997	1	14	7	5.539034	9.848543	14.678264	8.244156	0.094723	0
conventional	ce2151	1103	2.048939	41.283467	1	14	7	9.221353	10.377532	13.280223	8.404359	0.723773	0
holistic	he1653	1105	0.127006	0.127006	1	1	5	0	0	0	0.127006	0	0
holistic	he1654	1105	1.621704	4.568362	1	1	3	0	0	0	4.568362	0	0
conventional	ce2152	1105	0.714023	78.059546	1	14	7	18.973367	17.098906	23.323547	18.663726	0.704638	0
conventional	ce2153	1105	0.960046	23.662723	1	14	7	4.955379	1.492663	12.268994	4.945687	3.246324	0
conventional	ce2154	1105	1.059212	38.502169	2	14	7	6.677459	0.530549	17.214391	14.079770	1.269442	0
conventional	ce2155	1107	1.944880	38.089779	1	14	7	6.601188	10.769505	9.455053	11.264033	0.077687	0
conventional	ce2156	1107	0.790116	60.851825	1	14	7	13.644193	11.901387	22.757971	12.548274	1.075660	0
conventional	ce2157	1108	1.773456	36.950723	1	14	7	4.581019	12.803835	13.363001	6.202868	1.735064	0
conventional	ce2158	1108	1.242768	36.281894	1	14	7	6.489110	9.832808	11.415192	8.544784	0.077687	0
conventional	ce2159	1108	1.426261	58.697671	2	14	7	5.965310	2.066280	17.307955	33.358126	1.076800	0
conventional	ce2160	1108	1.480257	57.891598	2	14	7	6.741553	1.497552	17.566668	32.085825	0.514960	0
conventional	ce2161	1109	1.192054	41.844938	1	13	7	3.782672	11.869588	17.813467	8.379211	1.530434	0
conventional	ce2162	1109	1.773456	43.395164	1	14	7	5.713563	11.409212	21.600241	4.672148	1.817115	0
holistic	he1655	1110	0	0	0	0	10	0	0	0	0	0	0
holistic	he1656	1110	0.517788	1.314851	1	1	5	0	0	0	1.314851	0	0
conventional	ce2163	1110	1.155327	74.547353	2	14	7	7.931772	11.746266	35.722192	19.147123	0.256070	0
conventional	ce2164	1110	1.200813	65.999470	2	14	7	8.474486	7.252564	21.790816	28.481604	0.211758	0
conventional	ce2165	1111	1.944880	40.273417	1	14	7	5.532376	7.911464	16.135214	10.694363	0.291748	0
conventional	ce2166	1111	0.482182	46.579813	2	14	7	2.600166	7.845580	21.058058	15.076009	0.035691	0
conventional	ce2167	1111	1.719169	32.923044	1	14	7	3.598473	14.117834	11.383801	3.822936	1.333910	0
conventional	ce2168	1111	2.332825	37.183272	1	13	7	3.388692	11.732364	12.789989	9.272227	1.252559	0
conventional	ce2169	1111	3.294363	19.456467	1	14	7	4.163214	3.174899	6.930098	5.188256	0.861889	0
holistic	he1657	1112	2.564985	7.275288	9	9	13	0	0	0	7.275288	0	0
holistic	he1658	1112	2.727729	2.727729	3	3	9	0	0	0	2.727729	0	0
conventional	ce2170	1112	0.474080	78.807998	1	14	7	14.719450	23.103285	25.382526	15.602737	0.714689	0
holistic	he1659	1113	0.052651	0.154001	1	1	5	0	0	0	0.154001	0	0
conventional	ce2171	1113	1.125275	23.844128	1	14	7	6.008113	3.074078	12.513244	2.248693	3.122347	0
holistic	he1660	1114	0.466833	0.881314	1	1	11	0	0	0	0.881314	0	1.564388
holistic	he1661	1114	0.680820	2.482674	2	2	10	0	0	0	2.482674	0	0
conventional	ce2172	1114	1.219509	53.367318	2	14	7	5.841218	8.380272	19.143204	20.002624	0.155384	0
conventional	ce2173	1114	1.476520	38.814654	1	14	7	6.099966	9.264988	14.794873	8.654827	0.094723	0
conventional	ce2174	1114	1.662121	50.595243	1	14	7	7.532501	14.565270	19.431101	9.066371	2.735612	0
holistic	he1662	1115	0.766180	3.865748	2	2	3	0	0	0	3.865748	0	0.740069
conventional	ce2175	1115	1.944880	38.287834	1	14	7	5.009919	7.395390	15.997629	9.884896	0.291748	0
conventional	ce2176	1116	0.627902	36.942502	2	14	7	5.945259	2.761982	14.282934	13.952327	0.797209	0
conventional	ce2177	1116	0.417516	30.399796	1	14	7	4.587597	4.252201	15.054941	6.505057	2.206361	0
conventional	ce2178	1116	1.719169	40.343313	1	14	7	5.302761	14.549371	14.049077	6.442104	2.148679	0
holistic	he1663	1117	0.127006	2.618263	1	2	5	0	0	0	2.618263	0	0
holistic	he1664	1118	0	0	0	0	4	0	0	0	0	0	0
conventional	ce2179	1118	0.819069	64.523496	2	14	7	12.376063	8.219790	20.660215	23.267428	0.159817	0
holistic	he1665	1119	0.105302	27.102944	2	8	7	0	0	0	27.102944	0	0
holistic	he1666	1119	0.127006	3.577863	1	2	5	0	0	0	3.577863	0	0
conventional	ce2180	1119	2.783564	63.320945	1	14	7	13.134074	11.862148	23.250322	15.074401	1.140120	0
holistic	he1667	1120	0.740087	2.616281	2	2	7	0	0	0	2.616281	0	0
conventional	ce2181	1121	0.399587	32.992568	2	14	7	4.418574	3.444254	14.262381	10.867359	0.035691	0
holistic	he1668	1122	0	0	0	0	1	0	0	0	0	0	0
holistic	he1669	1123	0.686713	1.581459	2	2	7	0	0	0	1.581459	0	0
holistic	he1670	1123	0.680820	2.045932	2	2	10	0	0	0	2.045932	0	0
holistic	he1671	1123	1.023417	2.208448	1	1	4	0	0	0	2.208448	0	0
conventional	ce2182	1123	1.192054	40.953624	1	14	7	9.968841	9.512903	14.759618	6.712262	2.232708	0
holistic	he1672	1124	0	0	0	0	2	0	0	0	0	0	0
holistic	he1673	1124	0	0	0	0	10	0	0	0	0	0	0
conventional	ce2183	1124	1.662121	56.394175	1	14	7	9.115583	17.900469	20.503727	8.874396	2.232708	0
holistic	he1674	1125	0	0	0	0	10	0	0	0	0	0	0
holistic	he1675	1125	0.517788	1.314851	1	1	5	0	0	0	1.314851	0	0
holistic	he1676	1125	0	0	0	0	10	0	0	0	0	0	0
holistic	he1677	1126	1.737679	3.612455	1	1	5	0	0	0	3.612455	0	0
holistic	he1678	1126	0	0	0	0	3	0	0	0	0	0	0.659895
conventional	ce2184	1126	0.913758	67.834307	2	14	7	12.318115	8.775331	19.514462	27.226399	0.159817	0
holistic	he1679	1127	1.344987	3.925289	2	2	7	0	0	0	3.925289	0	0
conventional	ce2185	1127	0.238831	27.608948	2	14	7	4.635087	2.329049	10.817494	9.827318	0.797209	0
holistic	he1680	1128	1.621704	3.909207	1	1	3	0	0	0	3.909207	0	0
conventional	ce2186	1128	1.469301	38.865044	1	14	7	5.902673	10.367112	16.531572	6.063687	1.583352	0
holistic	he1681	1129	2.591722	5.592716	2	2	7	0	0	0	5.592716	0	0.341918
conventional	ce2187	1129	2.831904	61.720094	1	14	7	12.524470	11.212389	22.206182	15.777053	1.140120	0
conventional	ce2188	1129	2.126869	41.329909	1	14	7	3.449428	8.340146	16.993591	12.546744	1.247507	0
conventional	ce2189	1129	1.549814	43.511321	1	14	7	5.834269	9.356197	19.183059	9.137796	0.970249	0
conventional	ce2190	1129	0.189120	35.944468	1	14	7	6.861869	2.613409	13.518855	12.950335	0.415882	0
holistic	he1682	1130	2.591722	5.592716	2	2	7	0	0	0	5.592716	0	0
conventional	ce2191	1130	3.844245	57.969284	1	14	7	9.745342	14.800813	19.963942	13.459187	0.861889	0
holistic	he1683	1131	1.056579	2.921968	2	2	7	0	0	0	2.921968	0	0.154500
conventional	ce2192	1131	1.583673	64.740967	2	14	7	8.512130	4.444573	16.879416	34.904848	0.169061	0
conventional	ce2193	1131	3.401243	29.151832	2	14	7	5.807485	9.014145	5.588068	8.742134	0.077687	0
conventional	ce2194	1131	1.637064	74.212605	1	14	7	14.345047	12.944375	20.944684	25.978499	0.934449	0
conventional	ce2195	1131	0.083520	76.206198	1	14	7	18.966757	16.199791	25.142861	15.896789	0.420991	0
holistic	he1684	1132	0.420820	0.645422	1	1	5	0	0	0	0.645422	0	0
holistic	he1685	1132	0	0	0	0	2	0	0	0	0	0	0
holistic	he1686	1132	0	0	0	0	2	0	0	0	0	0	0
holistic	he1687	1132	2.356558	29.497614	4	19	21	0	0	0	29.497614	0	2.968528
holistic	he1688	1132	1.694637	4.945727	2	2	7	0	0	0	4.945727	0	0
conventional	ce2196	1132	2.332825	27.809110	1	13	7	2.708659	3.713394	12.282585	9.104472	1.252559	0
conventional	ce2197	1133	1.148553	22.693873	1	14	7	6.174418	2.050175	12.201895	2.267385	3.011976	0
conventional	ce2198	1133	0.333642	52.696935	2	14	7	2.796765	7.722557	25.348299	16.829314	0.035691	0
conventional	ce2199	1133	1.944880	35.369012	1	14	7	6.301030	10.497970	10.288672	8.281340	0.077687	0
holistic	he1689	1134	0.204562	0.952979	1	1	3	0	0	0	0.952979	0	0.740069
holistic	he1690	1134	0.052651	0.533562	1	3	6	0	0	0	0.533562	0	0
holistic	he1691	1134	0	0	0	0	1	0	0	0	0	0	0
holistic	he1692	1134	2.431922	14.563486	2	10	9	0	0	0	14.563486	0	0
conventional	ce2200	1134	1.757496	82.015245	2	14	7	6.096728	16.078576	38.494724	21.345217	1.300329	0
conventional	ce2201	1134	1.773456	32.374240	1	14	7	3.949124	10.336395	14.482022	3.606699	1.751549	0
holistic	he1693	1135	0.623645	3.146588	2	2	4	0	0	0	3.146588	0	0.808971
holistic	he1694	1135	0.052651	0.154001	1	1	9	0	0	0	0.154001	0	0
holistic	he1695	1135	0.466833	0.952192	1	1	17	0	0	0	0.952192	0	1.564388
holistic	he1696	1136	1.694637	5.509837	2	2	7	0	0	0	5.509837	0	0
holistic	he1697	1136	3.767226	9.660542	5	5	13	0	0	0	9.660542	0	0
conventional	ce2202	1136	1.154919	65.891995	2	14	7	8.199949	3.962137	18.011637	35.718272	1.843289	0
conventional	ce2203	1136	1.773456	37.337229	1	14	7	5.211116	10.714523	16.946115	4.465475	1.817115	0
conventional	ce2204	1136	1.762305	51.364553	1	13	7	8.934087	14.213521	19.007015	9.209930	1.869435	0
conventional	ce2205	1136	1.662121	45.982061	1	14	7	5.221965	12.569251	17.687435	10.503410	3.482651	0
holistic	he1698	1137	3.811960	11.204009	3	6	6	0	0	0	11.204009	0	0
holistic	he1699	1137	0	0	0	0	2	0	0	0	0	0	0
conventional	ce2206	1137	1.242768	36.039784	1	14	7	4.870206	9.408662	13.249584	8.511332	0.035565	0
conventional	ce2207	1137	1.192054	47.526685	1	14	7	9.957155	11.983390	17.035219	8.550921	2.232708	0
holistic	he1700	1138	2.495988	7.213498	2	2	4	0	0	0	7.213498	0	4.742376
holistic	he1701	1138	0.052651	0.132162	1	1	5	0	0	0	0.132162	0	0
holistic	he1702	1138	0	0	0	0	3	0	0	0	0	0	0
holistic	he1703	1138	0.740087	2.616281	2	2	6	0	0	0	2.616281	0	0
holistic	he1704	1138	1.397955	3.080555	1	1	7	0	0	0	3.080555	0	0
holistic	he1705	1138	1.681675	4.907898	2	2	7	0	0	0	4.907898	0	0
conventional	ce2208	1138	1.154919	68.216024	2	14	7	7.996885	5.011991	17.394691	37.812457	1.516382	0
conventional	ce2209	1138	1.719169	31.606439	1	13	7	3.476371	12.408702	10.914056	4.807310	1.333910	0
holistic	he1706	1139	6.075872	21.072541	5	13	15	0	0	0	21.072541	0	0
conventional	ce2210	1139	1.662121	41.808535	1	14	7	7.239811	13.160838	12.619023	8.788863	2.787338	0
conventional	ce2211	1139	3.294363	46.842845	1	14	7	4.057703	15.983173	17.089734	9.712235	0.861889	0
conventional	ce2212	1139	3.294363	32.850323	1	14	7	7.460671	6.416410	11.441611	7.531631	0.861889	0
holistic	he1707	1140	0.376984	1.815088	1	1	3	0	0	0	1.815088	0	0.740069
holistic	he1708	1140	0.369826	1.245923	2	3	5	0	0	0	1.245923	0	0
holistic	he1709	1140	1.184309	3.456359	2	2	5	0	0	0	3.456359	0	0
holistic	he1710	1140	0	0	0	0	10	0	0	0	0	0	0
holistic	he1711	1140	0	0	0	0	3	0	0	0	0	0	0
conventional	ce2213	1140	1.742269	64.748467	2	14	7	9.965307	2.536912	17.949480	34.296768	1.843289	0
conventional	ce2214	1140	1.353350	45.179088	1	14	7	5.683121	2.689325	19.366378	17.440264	0	0
holistic	he1712	1141	0	0	0	0	3	0	0	0	0	0	0.918213
holistic	he1713	1141	0	0	0	0	4	0	0	0	0	0	0
holistic	he1714	1141	1.694637	11.083295	2	20	7	0	0	0	11.083295	0	0
conventional	ce2215	1141	1.528138	68.059148	1	14	7	14.221360	14.247585	16.240478	23.349725	1.447661	0
conventional	ce2216	1141	1.978675	48.154291	1	14	7	5.886142	16.066930	17.357110	8.844109	1.252559	0
holistic	he1715	1142	0.052651	3.165532	1	3	6	0	0	0	3.165532	0	0
holistic	he1716	1143	0	0	0	0	3	0	0	0	0	0	0.659895
holistic	he1717	1143	6.075872	18.283525	5	13	15	0	0	0	18.283525	0	0
conventional	ce2217	1143	1.242768	32.081832	1	13	7	6.325381	11.356580	9.816140	4.583731	0.077687	0
conventional	ce2218	1143	1.353350	43.269816	1	14	7	6.379253	1.776770	18.954721	16.159072	0	0
holistic	he1718	1144	0	0	0	0	10	0	0	0	0	0	0
conventional	ce2219	1144	1.390842	47.403205	1	14	7	9.177703	17.761678	14.565401	5.898423	2.232708	0
conventional	ce2220	1144	1.125275	25.375835	1	14	7	6.689209	4.131179	11.073364	3.482083	3.362985	0
holistic	he1719	1145	0.254403	0.880261	1	1	5	0	0	0	0.880261	0	0
holistic	he1720	1145	0.473700	1.202898	1	1	5	0	0	0	1.202898	0	1.564388
holistic	he1721	1146	1.242671	3.626682	2	2	5	0	0	0	3.626682	0	0
conventional	ce2221	1146	2.048939	46.610921	1	14	7	10.649603	12.596149	14.678628	8.686541	0.723773	0
conventional	ce2222	1146	1.944880	40.408513	1	14	7	3.223277	8.611601	16.683069	11.890566	0.077687	0
holistic	he1722	1147	0.473700	1.202898	1	1	5	0	0	0	1.202898	0	1.564388
holistic	he1723	1147	5.262682	17.652214	4	22	7	0	0	0	17.652214	0	0
holistic	he1724	1147	1.694637	4.397261	2	2	7	0	0	0	4.397261	0	0
conventional	ce2223	1147	0.667788	40.272961	2	14	7	7.867032	10.968017	14.317408	7.120504	0.797209	0
conventional	ce2224	1147	1.170477	33.744941	1	13	7	4.004389	14.251496	12.516495	2.972561	1.118280	0
conventional	ce2225	1147	1.662121	65.880246	1	14	7	6.632137	2.905134	18.887014	37.455961	2.232708	0
holistic	he1725	1148	0.473700	1.202898	1	1	5	0	0	0	1.202898	0	1.564388
conventional	ce2226	1148	0.790116	54.529002	1	14	7	13.572176	8.748150	23.272959	8.935717	1.653944	0
conventional	ce2227	1149	1.583673	57.183862	2	14	7	7.054679	1.029391	14.854829	34.244963	0.771956	0
conventional	ce2228	1150	2.594783	50.769092	1	14	7	10.402991	12.166611	18.552368	9.647122	0.723773	0
conventional	ce2229	1150	0.083520	80.453410	1	14	7	20.085119	15.851883	28.940052	15.576356	0.420991	0
holistic	he1726	1151	0	0	0	0	2	0	0	0	0	0	0
holistic	he1727	1151	1.681675	4.907898	2	2	7	0	0	0	4.907898	0	0
conventional	ce2230	1151	1.719169	32.849125	1	14	7	4.053569	13.787965	11.090382	3.917209	1.333910	0
conventional	ce2231	1151	2.048939	68.366443	1	14	7	12.998135	21.100512	22.194560	12.073236	0.723773	0
holistic	he1728	1152	0.052651	3.129888	1	2	10	0	0	0	3.129888	0	0
conventional	ce2232	1152	1.353350	42.607612	1	14	7	4.959117	2.480790	18.795632	16.372073	0	0
conventional	ce2233	1152	0.235838	58.851505	2	14	7	4.219901	7.656855	27.756032	19.218717	0.035691	0
conventional	ce2234	1152	1.695206	44.875327	1	14	7	7.343260	17.650888	13.772937	6.108242	2.232708	0
conventional	ce2235	1152	0.083520	96.410363	1	14	7	19.529802	16.297860	44.067821	16.514880	0.400451	0
conventional	ce2236	1152	0.790116	26.118486	1	14	7	6.926671	4.755826	11.937893	2.498096	1.345525	0
holistic	he1729	1153	1.621704	4.659399	1	1	3	0	0	0	4.659399	0	0
conventional	ce2237	1153	3.294363	79.738324	1	14	7	7.954966	12.407590	36.738147	22.637621	0.861889	0
conventional	ce2238	1153	1.825619	66.542166	2	14	7	8.940041	2.728654	18.011000	36.862471	0.041309	0
conventional	ce2239	1153	1.390842	48.079698	1	14	7	8.347291	17.761678	16.072306	5.898423	2.232708	0
conventional	ce2240	1153	1.438995	49.846848	1	14	7	9.392222	18.297118	15.923517	6.233991	1.447661	0
conventional	ce2241	1153	2.048939	47.394397	1	14	7	11.480341	12.436202	14.207755	9.270099	0.723773	0
holistic	he1730	1154	0.676400	1.717627	1	1	5	0	0	0	1.717627	0	0
holistic	he1731	1154	0.766180	3.865748	2	2	3	0	0	0	3.865748	0	0.740069
holistic	he1732	1154	0	0	0	0	1	0	0	0	0	0	0
holistic	he1733	1154	2.040611	12.195980	2	20	7	0	0	0	12.195980	0	0
conventional	ce2242	1154	1.944880	22.075752	1	14	7	4.348365	5.620255	6.267229	5.839903	0.271193	0
conventional	ce2243	1154	0.482182	42.087481	2	14	7	2.829913	6.185687	20.640117	12.431764	0.478230	0
conventional	ce2244	1154	1.834475	41.515344	1	14	7	4.824645	14.715689	16.230749	5.744261	1.571138	0
conventional	ce2245	1154	2.042513	44.284969	1	14	7	7.226862	18.068872	12.313270	6.675965	2.165603	0
conventional	ce2246	1154	2.783564	61.868579	1	14	7	13.088071	11.171964	23.180542	14.428002	0.451737	0
holistic	he1734	1155	1.737679	3.612455	1	1	5	0	0	0	3.612455	0	0
conventional	ce2247	1155	0.333642	44.595950	2	14	7	1.047236	2.650216	23.049588	17.848910	0.035691	0
conventional	ce2248	1155	1.662121	54.217291	1	14	7	7.425855	13.854027	23.779415	9.157994	2.787338	0
conventional	ce2249	1155	3.294363	51.619718	1	14	7	5.476582	16.776593	20.577675	8.788868	1.407629	0
conventional	ce2250	1157	3.294363	26.191742	1	14	7	1.550492	7.022431	7.744682	9.874137	0.861889	0
holistic	he1735	1158	0.254403	0.880261	1	1	5	0	0	0	0.880261	0	0
holistic	he1736	1158	0	0	0	0	13	0	0	0	0	0	0
holistic	he1737	1158	0	0	0	0	5	0	0	0	0	0	0
conventional	ce2251	1158	1.782503	47.363404	1	13	7	6.733201	13.215977	18.360385	9.053841	1.798511	0
holistic	he1738	1159	0.766180	3.865748	2	2	3	0	0	0	3.865748	0	0.740069
conventional	ce2252	1159	2.048939	41.885175	1	14	7	8.327739	10.874674	13.481134	9.201628	1.003287	0
conventional	ce2253	1159	0.670086	42.678967	2	14	7	7.180532	3.428762	16.415023	15.654650	0.797209	0
conventional	ce2254	1159	0.333642	45.343236	2	14	7	4.962476	12.885317	21.508889	5.986554	0.035691	0
conventional	ce2255	1159	2.085165	41.559914	1	14	7	7.140633	16.604713	11.715554	6.099014	1.699196	0
conventional	ce2256	1160	1.256973	50.397097	2	14	7	5.749718	8.189522	22.665556	13.792301	0.155384	0
holistic	he1739	1161	1.621704	4.659399	1	1	3	0	0	0	4.659399	0	0
conventional	ce2257	1161	1.719169	35.751645	1	13	7	4.123196	12.873445	12.683757	6.071247	1.333910	0
conventional	ce2258	1161	2.042513	45.591847	1	14	7	8.105311	18.916290	12.220817	6.349429	2.165603	0
holistic	he1740	1162	0.376984	1.815088	1	1	3	0	0	0	1.815088	0	0.735377
holistic	he1741	1162	0.127006	3.827001	1	2	5	0	0	0	3.827001	0	0
holistic	he1742	1163	0	0	0	0	1	0	0	0	0	0	0
conventional	ce2259	1163	2.142840	44.667439	2	14	7	5.772778	4.070362	21.094375	13.729924	0.035691	0
holistic	he1743	1165	1.662490	4.776584	1	1	3	0	0	0	4.776584	0	0
holistic	he1744	1165	3.934816	21.680754	4	8	7	0	0	0	21.680754	0	1.480138
conventional	ce2260	1165	1.944880	44.573878	1	14	7	6.100909	9.692053	18.488942	10.291974	0.291748	0
holistic	he1745	1166	0.748872	2.623954	2	3	6	0	0	0	2.623954	0	0
holistic	he1746	1167	0	0	0	0	1	0	0	0	0	0	0
conventional	ce2261	1168	1.145099	25.148992	2	14	7	6.045738	5.110937	11.665353	2.326964	0.256070	0
conventional	ce2262	1168	3.294363	45.281711	1	14	7	7.910605	9.104854	16.084315	12.181937	0.861889	0
holistic	he1747	1169	0.179130	0.454877	1	1	5	0	0	0	0.454877	0	2.759678
holistic	he1748	1170	1.344987	2.924294	2	2	7	0	0	0	2.924294	0	0
holistic	he1749	1170	0	0	0	0	2	0	0	0	0	0	0
conventional	ce2263	1170	2.058213	54.762778	1	14	7	8.366683	12.053641	20.985332	13.357122	2.232708	0
conventional	ce2264	1170	3.713319	54.654367	1	14	7	5.468688	19.733055	17.437577	12.015047	1.651303	0
holistic	he1750	1171	0.052651	1.836525	1	2	14	0	0	0	1.836525	0	0
conventional	ce2265	1171	1.390842	49.135895	1	14	7	9.556826	18.232950	14.623634	6.722485	2.418865	0
conventional	ce2266	1171	1.353350	52.708911	1	14	7	7.307787	5.848045	22.707948	16.845131	0	0
conventional	ce2267	1171	2.048939	47.345886	1	14	7	9.894336	12.112985	13.562996	11.775569	0.723773	0
conventional	ce2268	1171	1.944880	44.005004	1	14	7	1.579296	8.290807	23.154062	10.980839	0.291748	0
conventional	ce2269	1171	0.999255	63.988189	2	14	7	9.379047	0.728880	15.178029	38.702233	0.771956	0
holistic	he1751	1173	2.486231	5.885706	1	1	3	0	0	0	5.885706	0	0
conventional	ce2270	1173	2.048939	43.258306	1	14	7	10.852505	11.404163	12.388922	8.612716	0.723773	0
holistic	he1752	1174	1.854145	5.678534	1	3	6	0	0	0	5.678534	0	0
conventional	ce2271	1174	2.042513	58.997650	1	14	7	7.260410	15.773859	25.674034	10.289347	1.583213	0
conventional	ce2272	1174	2.551527	58.998906	1	14	7	12.096311	10.575356	21.961629	14.365610	0.133648	0
holistic	he1753	1175	0	0	0	0	3	0	0	0	0	0	0
conventional	ce2273	1175	2.490240	47.972785	1	14	7	7.635112	11.392726	19.144449	9.800498	1.072736	0
holistic	he1754	1176	4.575882	4.575882	2	2	11	0	0	0	4.575882	0	0
conventional	ce2274	1176	1.228231	40.135534	1	14	7	4.866180	14.824663	16.971882	3.472809	2.627908	0
conventional	ce2275	1176	2.048939	37.457386	1	14	7	8.551240	10.678424	11.096574	7.131148	0.351210	0
conventional	ce2276	1176	1.502785	45.168152	2	14	7	6.764810	5.823518	20.155125	12.424699	0.155384	0
conventional	ce2277	1176	2.126869	37.955794	1	14	7	1.301752	9.100600	15.006698	12.546744	1.682856	0
holistic	he1755	1177	1.056579	2.921968	2	2	7	0	0	0	2.921968	0	0.154500
conventional	ce2278	1178	1.695206	48.937739	1	14	7	7.763343	19.013494	15.405682	6.755220	2.232708	0
conventional	ce2279	1178	1.671151	57.185455	1	14	7	11.128815	18.786128	18.493202	8.777310	2.232708	0
holistic	he1756	1179	4.389540	9.125400	2	2	10	0	0	0	9.125400	0	0
conventional	ce2280	1179	1.661948	41.966379	1	14	7	8.625735	6.564337	16.965745	9.810562	2.232708	0
conventional	ce2281	1179	4.020070	51.606104	1	14	7	5.476582	16.776593	19.934547	9.418382	1.407629	0
holistic	he1757	1180	0	0	0	0	3	0	0	0	0	0	0
conventional	ce2282	1181	1.390842	48.576661	1	14	7	9.631251	17.657350	16.090579	5.197481	2.116298	0
conventional	ce2283	1182	2.482885	71.466536	1	14	7	14.243220	12.505903	26.652608	18.064805	1.733343	0
holistic	he1758	1183	1.735732	5.065664	2	2	7	0	0	0	5.065664	0	0
conventional	ce2284	1183	3.071918	61.608720	1	14	7	12.489405	10.691041	21.608798	16.819476	0.133648	0
conventional	ce2285	1183	1.662121	60.044627	1	14	7	9.115583	17.900469	23.059023	9.969552	0.861889	0
holistic	he1759	1184	0	0	0	0	3	0	0	0	0	0	0
conventional	ce2286	1184	1.907120	26.955110	1	14	7	1.011301	6.738305	10.509694	8.695810	1.682856	0
holistic	he1760	1185	0.473700	1.202898	1	1	5	0	0	0	1.202898	0	0
holistic	he1761	1185	0.406047	1.019234	1	1	5	0	0	0	1.019234	0	0
holistic	he1762	1185	0	0	0	0	3	0	0	0	0	0	0
holistic	he1763	1185	1.681675	3.597205	2	2	7	0	0	0	3.597205	0	0
holistic	he1764	1186	0.369826	0.725982	2	2	5	0	0	0	0.725982	0	0
holistic	he1765	1186	0	0	0	0	2	0	0	0	0	0	0
conventional	ce2287	1186	2.551527	62.482579	1	14	7	6.012083	20.880855	23.984494	11.605147	0.133648	0
conventional	ce2288	1186	2.048939	41.829127	1	14	7	10.909185	10.336484	12.291906	8.291552	0.723773	0
holistic	he1766	1187	6.778548	39.368872	8	56	13	0	0	0	39.368872	0	0
holistic	he1767	1187	0.740087	2.616281	2	2	6	0	0	0	2.616281	0	0
holistic	he1768	1189	0.740087	2.383225	2	2	5	0	0	0	2.383225	0	0
conventional	ce2289	1189	2.102634	44.376713	1	14	7	6.781025	16.604713	14.662521	6.328454	1.699196	0
conventional	ce2290	1189	2.058213	41.258970	1	14	7	6.438998	10.497741	14.683707	9.638524	2.203888	0
conventional	ce2291	1189	1.944880	48.061124	1	14	7	5.084075	9.030326	20.970592	12.976131	0.169301	0
holistic	he1769	1191	1.242671	3.626682	2	2	4	0	0	0	3.626682	0	0
holistic	he1770	1191	5.349293	7.754849	5	5	13	0	0	4.095393	3.659456	0	0
holistic	he1771	1191	2.040611	12.195980	2	20	7	0	0	0	12.195980	0	0
conventional	ce2292	1191	2.251344	41.605306	1	14	7	9.693062	10.814124	13.060674	8.037446	0.723773	0
conventional	ce2293	1191	1.834475	38.874189	1	14	7	4.500602	14.557703	14.038026	5.777858	1.571138	0
conventional	ce2294	1191	0.398437	35.163580	2	14	7	0.888703	3.184457	19.254915	11.835505	0.035691	0
holistic	he1772	1192	3.243408	9.318798	2	2	3	0	0	0	9.318798	0	0
holistic	he1773	1192	0.052651	3.165532	1	3	9	0	0	0	3.165532	0	0
holistic	he1774	1192	0	0	0	0	5	0	0	0	0	0	1.923086
conventional	ce2295	1192	1.583673	62.967865	2	14	7	6.765781	0.688754	17.649220	37.864110	0.355600	0
conventional	ce2296	1192	1.661948	45.540822	1	14	7	8.526051	7.832784	18.330501	10.851486	0.861889	0
conventional	ce2297	1192	2.247276	38.814384	1	14	7	1.190636	10.088566	15.165127	12.370055	1.682856	0
conventional	ce2298	1193	1.353350	43.352043	1	14	7	6.657350	2.952001	17.708857	16.033835	0	0
conventional	ce2299	1193	1.551691	53.804954	1	14	7	11.069947	18.308926	17.110207	7.315874	0.697499	0
holistic	he1775	1194	6.075872	20.969560	5	13	11	0	0	0	20.969560	0	0
holistic	he1776	1194	0	0	0	0	4	0	0	0	0	0	4.742376
conventional	ce2300	1194	1.818096	53.871103	1	13	7	9.915846	14.345392	20.778018	8.831847	1.879730	0
holistic	he1777	1195	0.740087	2.616281	2	2	9	0	0	0	2.616281	0	0
holistic	he1778	1195	0.369826	0.725982	2	2	4	0	0	0	0.725982	0	0
holistic	he1779	1195	1.681675	3.597205	2	2	7	0	0	0	3.597205	0	0
holistic	he1780	1195	0.766180	3.865748	2	2	3	0	0	0	3.865748	0	0.741271
holistic	he1781	1196	1.458168	6.760387	1	4	6	0	0	0	6.760387	0	0
holistic	he1782	1196	0.157953	38.674794	3	15	10	0	0	0	38.674794	0	0
conventional	ce2301	1196	1.056065	49.994436	2	14	7	7.752064	4.669313	23.164727	14.408332	0.155384	0
conventional	ce2302	1196	0.750007	67.552839	2	14	7	11.207467	0.481782	13.880007	41.983583	0.771956	0
holistic	he1783	1197	6.075872	23.723563	5	13	11	0	0	0	23.723563	0	0
conventional	ce2303	1197	1.512924	54.626887	1	14	7	7.830580	13.614289	24.199894	8.982124	2.787338	0
conventional	ce2304	1197	2.157056	63.714425	1	14	7	15.532551	20.216042	19.312205	8.653627	2.232708	0
holistic	he1784	1198	0.179130	0.454877	1	1	9	0	0	0	0.454877	0	1.564388
holistic	he1785	1198	0.766180	3.865748	2	2	3	0	0	0	3.865748	0	1.211657
holistic	he1786	1198	0	0	0	0	1	0	0	0	0	0	0
holistic	he1787	1198	0.157953	4.837746	3	27	10	0	0	0	4.837746	0	0
holistic	he1788	1198	0.740087	2.616281	2	2	9	0	0	0	2.616281	0	0
holistic	he1789	1198	1.242671	3.626682	2	2	5	0	0	0	3.626682	0	0
conventional	ce2305	1198	1.378373	60.367578	2	14	7	8.030747	1.414908	15.174352	35.747571	0.771956	0
conventional	ce2306	1198	2.102634	39.677940	1	14	7	5.722626	14.733070	12.327886	6.894358	1.203043	0
holistic	he1790	1199	0.871017	2.166082	2	2	4	0	0	0	2.166082	0	0
conventional	ce2307	1199	1.610074	47.429116	1	14	7	8.834713	17.410536	14.705507	6.478360	5.724583	0
conventional	ce2308	1199	2.058213	58.093516	1	14	7	9.085221	12.633598	21.298765	15.075932	2.232708	0
conventional	ce2309	1199	1.232821	67.461287	2	14	7	9.036172	1.776634	14.415430	42.233051	0.812766	0
conventional	ce2310	1199	3.294363	69.549747	1	14	7	10.294123	5.841640	32.146379	21.267605	1.084639	0
