population	name	born	g1	g2	n1	n2	ns	g2_contact	g2_height	g2_up	g2_joint	g1_other	g1_vel
holistic	h0-0	-21	0	0	0	0	2	0	0	0	0	0	0
holistic	h0-1	-43	0	0	0	0	1	0	0	0	0	0	0
holistic	h0-2	-4	0	0	0	0	0	0	0	0	0	0	0
holistic	h0-3	-7	0	0	0	0	5	0	0	0	0	0	0
holistic	h0-4	-58	0	0	0	0	0	0	0	0	0	0	0
holistic	h0-5	-48	8.509376	10.072632	8	10	10	1.896146	2.424920	5.751566	0	0	0
holistic	h0-6	-54	0.490019	1.424695	1	1	1	0	1.424695	0	0	0	0
holistic	h0-7	-48	0	0	0	0	2	0	0	0	0	0	0
holistic	h0-8	-31	0	0	0	0	0	0	0	0	0	1.133674	0
holistic	h0-9	-28	0	0	0	0	0	0	0	0	0	0	0
holistic	h0-10	-15	0	2.880768	0	6	3	1.004242	0	0	1.876526	0	0
holistic	h0-11	-47	0	0.204651	0	3	3	0	0	0	0.204651	0	0.685634
holistic	h0-12	-57	0	7.070479	0	9	6	0	0	7.070479	0	0	0
holistic	h0-13	-26	0	0	0	0	11	0	0	0	0	0	0
holistic	h0-14	-44	0	0	0	0	0	0	0	0	0	1.821300	2.331237
holistic	h0-15	-11	3.215955	4.488651	6	24	18	0.761100	0	3.727551	0	4.130048	0
holistic	h0-16	-12	0	0.057438	0	3	1	0.057438	0	0	0	0	0
holistic	h0-17	-52	0	0	0	0	0	0	0	0	0	0	0
holistic	h0-18	-1	2.944476	3.990526	2	8	4	0	3.284990	0	0.705536	0.084294	0
holistic	h0-19	-53	7.112526	53.027400	6	70	16	0	0.200912	47.601614	5.224874	4.130916	0
holistic	h0-20	-50	0.825592	0.914078	2	2	3	0.914078	0	0	0	0.453586	0
holistic	h0-21	-27	0.873885	2.193257	2	7	4	0	0	1.960559	0.232698	0.257392	0
holistic	h0-22	-42	0	0	0	0	1	0	0	0	0	0	0
holistic	h0-23	-12	3.342972	6.220263	4	7	4	0	5.893020	0	0.327243	1.269918	0
holistic	h0-24	-30	0	0	0	0	0	0	0	0	0	0	3.216639
holistic	h0-25	-7	0	0	0	0	0	0	0	0	0	0	0
holistic	h0-26	-5	0.401256	0.570334	1	2	2	0	0.570334	0	0	0	0
holistic	h0-27	-14	0	0	0	0	3	0	0	0	0	0	0
holistic	h0-28	-14	0	0	0	0	3	0	0	0	0	0	0
holistic	h0-29	-42	0	0	0	0	0	0	0	0	0	0.681855	0
holistic	h0-30	-18	0.334549	0.836534	1	2	1	0.836534	0	0	0	0.103279	0
holistic	h0-31	-31	0	0	0	0	0	0	0	0	0	0	0
holistic	h0-32	-16	0	2.553849	0	3	6	0	0	2.553849	0	0	0
holistic	h0-33	-52	3.712596	18.075036	5	17	5	16.533589	0	0	1.541447	0	0
holistic	h0-34	-13	0	0	0	0	0	0	0	0	0	0	0
holistic	h0-35	-33	0	0.449822	0	1	2	0	0.449822	0	0	0	0
holistic	h0-36	-43	0	0	0	0	0	0	0	0	0	0	0
holistic	h0-37	-13	0	0	0	0	2	0	0	0	0	0	0
holistic	h0-38	-30	0	0	0	0	0	0	0	0	0	0	0
holistic	h0-39	-14	0	0	0	0	0	0	0	0	0	0	0
holistic	h0-40	-16	5.122070	9.850419	6	14	10	1.420023	0	5.465958	2.964438	3.450534	0
holistic	h0-41	-8	0	0	0	0	0	0	0	0	0	0	0
holistic	h0-42	-19	0	0	0	0	0	0	0	0	0	0	0
holistic	h0-43	-9	0	0	0	0	0	0	0	0	0	0	0
holistic	h0-44	-38	2.072906	5.061094	2	4	5	0	0	0	5.061094	0	4.816116
holistic	h0-45	-36	0	0	0	0	0	0	0	0	0	0	0
holistic	h0-46	-39	1.574488	1.093010	3	3	4	0	0	0	1.093010	0	0
holistic	h0-47	-55	0.865142	15.507366	1	21	12	0	0.176883	12.503205	2.827278	0	0
holistic	h0-48	-56	1.293615	5.003997	1	9	9	0	1.156845	0.623448	3.223704	0	0
holistic	h0-49	-29	0	0	0	0	1	0	0	0	0	0	0
holistic	h0-50	-3	1.275756	9.860585	2	10	11	0	0.499284	8.844436	0.516865	0	0
holistic	h0-51	-39	0	0	0	0	5	0	0	0	0	0	0
holistic	h0-52	-8	0	0	0	0	2	0	0	0	0	0	0
holistic	h0-53	-32	0	0	0	0	0	0	0	0	0	0	0
holistic	h0-55	-51	4.889712	9.144470	10	30	8	0	2.814126	6.330344	0	0.322360	0
holistic	h0-56	-1	0	0	0	0	3	0	0	0	0	0	0
holistic	h0-57	-55	1.106904	4.077090	2	7	4	0	0	4.077090	0	2.068156	0
holistic	h0-58	-37	1.176585	12.715719	4	37	11	0	1.785540	10.930179	0	0	1.488628
holistic	h0-59	-55	0	0	0	0	2	0	0	0	0	0	0
holistic	he61	0	0	0	0	0	3	0	0	0	0	0	0
conventional	c0-0	-39	0	39.707628	0	14	7	7.385028	4.108826	14.937157	13.276617	0	0
conventional	c0-1	-29	0	26.169093	0	14	7	4.040422	4.383784	13.472634	4.272253	0	0
conventional	c0-2	-53	0	19.396650	0	14	7	3.018072	1.831343	7.432294	7.114941	0	0
conventional	c0-3	-8	0	22.290736	0	14	7	2.436210	3.857447	9.058013	6.939066	0	0
conventional	c0-4	-45	0	24.674157	0	14	7	4.099411	2.007446	9.482913	9.084387	0	0
conventional	c0-5	-30	0	20.434455	0	14	7	0.606584	4.228660	11.911543	3.687668	0	0
conventional	c0-6	-48	0	24.968576	0	14	7	5.575716	2.384184	11.652849	5.355827	0	0
conventional	c0-7	-18	0	12.647541	0	14	7	3.031105	1.202559	3.531584	4.882293	0	0
conventional	c0-8	-22	0	30.256431	0	14	7	3.297814	5.784245	8.982998	12.191374	0	0
conventional	c0-9	-20	0	18.638422	0	14	7	1.643212	1.861707	11.744503	3.389000	0	0
conventional	c0-10	-49	0	25.378456	0	14	7	3.765216	2.794160	12.721240	6.097840	0	0
conventional	c0-11	-42	0	25.188231	0	14	7	3.375957	4.651995	12.378846	4.781433	0	0
conventional	c0-12	-12	0	19.431696	0	14	7	2.948188	2.822775	8.561460	5.099273	0	0
conventional	c0-13	-16	0	33.201812	0	14	7	5.530781	1.886021	13.947261	11.837749	0	0
conventional	c0-14	-55	0	21.885425	0	14	7	2.456219	0.557388	12.378435	6.493383	0	0
conventional	c0-15	-37	0	25.107826	0	14	7	1.695817	4.047558	13.116278	6.248173	0	0
conventional	c0-16	-29	0	18.488354	0	14	7	3.807935	2.324812	5.206063	7.149544	0	0
conventional	c0-17	-10	0	25.072716	0	14	7	7.307205	4.030749	9.345694	4.389068	0	0
conventional	c0-18	-42	0	35.173021	0	14	7	2.040911	2.294128	22.993907	7.844075	0	0
conventional	c0-19	-42	0	25.729592	0	14	7	2.380580	1.652327	13.391185	8.305500	0	0
conventional	c0-20	-57	0	31.437573	0	14	7	2.268352	9.757071	13.032429	6.379721	0	0
conventional	c0-21	-47	0	22.518625	0	14	7	3.466154	0.896032	14.447475	3.708964	0	0
conventional	c0-22	-50	0	12.741703	0	14	7	0.434463	1.250603	5.697288	5.359349	0	0
conventional	c0-23	-42	0	26.323624	0	14	7	3.143964	3.579213	11.213663	8.386784	0	0
conventional	c0-24	-32	0	34.868256	0	14	7	4.609676	5.291848	8.314718	16.652014	0	0
conventional	c0-25	-5	0	16.550243	0	14	7	2.955229	1.484143	4.870341	7.240530	0	0
conventional	c0-26	-14	0	28.529895	0	14	7	3.077791	5.688425	13.447723	6.315956	0	0
conventional	c0-27	-51	0	16.385942	0	14	7	1.084101	5.793340	5.087840	4.420661	0	0
conventional	c0-28	-29	0	28.704563	0	14	7	4.893432	5.518828	12.554392	5.737911	0	0
conventional	c0-29	-51	0	23.520917	0	14	7	2.126931	5.766391	8.660956	6.966639	0	0
conventional	c0-30	-35	0	19.862211	0	14	7	1.973108	2.456177	6.031527	9.401399	0	0
conventional	c0-31	-20	0	19.465900	0	14	7	2.080551	5.236251	8.038795	4.110303	0	0
conventional	c0-32	-19	0	33.757644	0	14	7	0.535339	5.947837	19.238348	8.036120	0	0
conventional	c0-33	-27	0	44.162434	0	14	7	11.465209	4.535028	20.642749	7.519448	0	0
conventional	c0-34	-17	0	13.916144	0	14	7	0.009949	2.371337	8.066768	3.468090	0	0
conventional	c0-35	-18	0	24.813415	0	14	7	0.877251	3.245953	16.913402	3.776809	0	0
conventional	c0-36	-59	0	13.252860	0	14	7	2.486887	1.138327	5.081719	4.545927	0	0
conventional	c0-37	-43	0	28.206220	0	14	7	2.985191	3.591582	10.154856	11.474591	0	0
conventional	c0-38	-22	0	22.668833	0	14	7	5.259767	1.204646	8.445430	7.758990	0	0
conventional	c0-39	-11	0	27.002490	0	14	7	4.349724	2.452282	17.073198	3.127286	0	0
conventional	c0-40	-3	0	37.466913	0	14	7	4.999451	7.660642	13.317088	11.489732	0	0
conventional	c0-41	-26	0	19.812054	0	14	7	4.441379	2.177214	7.714700	5.478761	0	0
conventional	c0-42	-10	0	31.861802	0	14	7	4.379253	2.931663	18.402458	6.148428	0	0
conventional	c0-43	-4	0	39.569497	0	14	7	5.870025	5.225242	18.775285	9.698945	0	0
conventional	c0-44	-17	0	21.472570	0	14	7	2.187432	1.072558	9.221068	8.991512	0	0
conventional	c0-45	-4	0	23.933155	0	14	7	2.493174	1.765396	15.947797	3.726788	0	0
conventional	c0-46	-35	0	34.886403	0	14	7	1.131330	9.596777	15.679999	8.478297	0	0
conventional	c0-48	-13	0	19.145317	0	14	7	8.101049	0.830311	8.327770	1.886187	0	0
conventional	c0-49	-13	0	24.651055	0	14	7	5.319204	2.411219	10.230210	6.690422	0	0
conventional	c0-50	-33	0	25.507434	0	14	7	0.325611	3.403318	12.848774	8.929731	0	0
conventional	c0-51	-46	0	25.312314	0	14	7	2.257581	3.112334	13.781290	6.161109	0	0
conventional	c0-52	-30	0	24.937273	0	14	7	1.851032	5.141470	9.730990	8.213781	0	0
conventional	c0-53	-54	0	36.887151	0	14	7	6.315153	7.377308	14.930565	8.264125	0	0
conventional	c0-54	-23	0	49.134406	0	14	7	7.510814	8.335376	15.665530	17.622686	0	0
conventional	c0-55	-52	0	33.877229	0	14	7	5.144336	5.895448	15.556350	7.281095	0	0
conventional	c0-56	-40	0	24.873371	0	14	7	5.702189	2.779653	9.484611	6.906918	0	0
conventional	c0-57	-25	0	32.098798	0	14	7	5.755858	2.017033	9.233362	15.092545	0	0
conventional	c0-58	-7	0	36.221408	0	14	7	8.238161	12.024952	13.705265	2.253030	0	0
conventional	c0-59	-9	0	26.986600	0	14	7	7.085595	5.926215	8.500330	5.474460	0	0
conventional	ce61	0	0	19.335112	0	14	7	4.112013	2.687206	7.286842	5.249051	0	0
conventional	ce62	1	0	24.080569	0	14	7	1.829576	2.914371	14.455122	4.881500	0	0
holistic	he62	2	3.215955	8.764755	6	24	18	1.176324	0	7.588431	0	4.130048	0
conventional	ce63	2	0	46.728694	0	14	7	7.301798	7.124230	15.509473	16.793193	0	0
conventional	ce64	2	0	21.366334	0	14	7	3.079154	3.091833	9.445050	5.750297	1.257511	0
conventional	ce65	2	0	22.090528	0	14	7	6.459500	3.087229	5.631590	6.912209	0	0
conventional	ce66	2	0	24.219414	0	14	7	3.905896	1.297538	10.242209	8.773771	0	0
holistic	he63	3	0	0	0	0	1	0	0	0	0	0	0
conventional	ce67	3	0	25.758985	0	14	7	2.217730	6.636964	9.748892	7.155399	0	0
conventional	ce68	3	0	32.195305	0	14	7	5.653880	1.531654	18.399331	6.610440	0	0
conventional	ce69	3	0	22.718786	0	14	7	0.390770	4.316970	9.195973	8.815073	0	0
holistic	he64	4	2.561035	4.534040	3	6	5	0	0	2.721116	1.812924	2.229108	0
holistic	he65	4	0	0	0	0	3	0	0	0	0	0	0
conventional	ce70	4	0	22.204512	0	14	7	2.807196	0.271969	11.751540	7.373807	0	0
conventional	ce71	4	0	22.201243	0	14	7	1.829556	5.755421	7.745273	6.870993	0	0
conventional	ce72	4	0	29.133904	0	14	7	6.522205	9.022945	10.149499	3.439255	0	0
conventional	ce73	4	0	25.445969	0	14	7	3.748843	2.476351	10.388355	8.832420	0	0
conventional	ce74	4	0	33.604326	0	14	7	4.136871	5.168029	6.996494	17.302932	0	0
holistic	he66	5	0	0	0	0	3	0	0	0	0	0	0
holistic	he67	5	0.161560	2.257965	1	6	3	0.992510	0	0	1.265455	0	0
holistic	he68	5	6.169596	9.454694	10	26	8	0	3.400750	6.053944	0	0.644720	0
conventional	ce75	5	0	20.058386	0	14	7	2.465626	5.377886	5.515635	6.699239	0	0
conventional	ce76	5	0	35.926135	0	14	7	5.312704	5.099772	16.760897	8.752762	0	0
conventional	ce77	5	0	14.768922	0	14	7	0.607779	0.841428	7.021660	6.298055	0	0
conventional	ce78	5	0	31.556963	0	14	7	4.533958	2.113907	17.015491	7.893607	0	0
conventional	ce79	5	0	22.937212	0	14	7	5.006014	1.995537	9.325884	6.609777	0	0
conventional	ce80	5	0	13.538670	0	14	7	0.665179	2.660259	7.533298	2.679934	0	0
holistic	he69	6	0	2.880768	0	6	3	1.004242	0	0	1.876526	0	0
holistic	he70	6	0	0	0	0	1	0	0	0	0	0	0
holistic	he71	6	0	2.504412	0	6	3	0.627886	0	0	1.876526	0	0
conventional	ce81	6	0	44.916407	0	14	7	13.609032	4.754025	19.332309	7.221041	0	0
conventional	ce82	6	0	32.468150	0	14	7	4.011748	5.185326	12.479531	10.791545	0	0
conventional	ce83	6	0	27.676004	0	14	7	2.208498	1.126358	14.818839	9.522309	0	0
conventional	ce84	6	0	16.551881	0	14	7	8.491558	1.396024	4.916683	1.747616	0.632856	0
conventional	ce85	6	0	35.839980	0	14	7	4.717030	3.505237	18.422595	9.195118	1.178184	0
conventional	ce86	6	0	41.701592	0	14	7	5.211330	4.877499	24.380366	7.232397	0	0
holistic	he72	7	0	2.419506	0	6	3	1.004242	0	0	1.415264	0	0
holistic	he73	7	2.246082	6.330344	6	26	6	0	0	6.330344	0	0.322360	0
holistic	he74	7	0	0	0	0	3	0	0	0	0	0	0
conventional	ce87	7	0	24.056248	0	14	7	3.054341	2.263122	9.500988	9.237797	0	0
conventional	ce88	7	0	26.591318	0	14	7	2.960602	6.706617	9.662459	7.261640	0	0
conventional	ce89	7	0	50.273114	0	14	7	6.976390	8.677957	16.474109	18.144658	0	0
conventional	ce90	7	0	24.409408	0	14	7	3.912361	2.056049	9.284946	9.156052	0	0
conventional	ce91	7	0	47.500018	0	14	7	13.279346	4.232549	22.024813	7.963310	0	0
conventional	ce92	7	0	24.744232	0	14	7	9.002635	1.326211	10.337405	4.077981	0	0
conventional	ce93	7	0	20.913119	0	14	7	1.965879	0.893153	11.604273	6.449814	0	0
conventional	ce94	7	0	25.791529	0	14	7	0.625689	3.917261	12.147973	9.100606	0	0
conventional	ce95	7	0	23.183494	0	14	7	4.690610	0.570119	13.489864	4.432901	0	0
holistic	he75	8	2.481704	5.493814	2	8	4	0	4.310286	0	1.183528	0.084294	0
holistic	he76	8	3.215955	8.764755	6	24	18	1.176324	0	7.588431	0	3.645040	0
holistic	he77	8	0	0	0	0	0	0	0	0	0	0	0
holistic	he78	8	0	1.910654	0	3	3	0.666058	0	0	1.244596	0	0
holistic	he79	8	0	2.324772	0	8	4	0.993105	0	0	1.331667	0	0
conventional	ce96	8	0	51.881472	0	14	7	8.415080	6.358730	19.741672	17.365990	0	0
conventional	ce97	8	0	16.577264	0	14	7	7.663847	1.503158	5.695304	1.714955	0	0
conventional	ce98	8	0	23.142582	0	14	7	2.946197	1.647063	11.687234	6.862088	0	0
conventional	ce99	8	0	19.965703	0	14	7	2.273016	5.236251	8.188678	4.267758	0	0
conventional	ce100	8	0	21.190686	0	14	7	4.992293	3.110107	8.135870	4.952416	0	0
conventional	ce101	8	0	38.729768	0	14	7	7.073262	5.393640	8.885426	17.377440	0	0
conventional	ce102	8	0	27.633839	0	14	7	3.307036	6.749443	9.521002	8.056358	0	0
conventional	ce103	8	0.112639	15.137950	1	14	7	1.778839	2.602725	8.061643	2.694743	0	0
conventional	ce104	8	0	39.588983	0	14	7	5.601062	5.437587	19.930147	8.620187	0	0
conventional	ce105	8	0	25.305520	0	14	7	4.253101	3.241096	11.829769	5.981554	0.378136	0
holistic	he80	9	1.635604	8.822938	2	16	9	6.705894	1.341500	0.775544	0	0	0
holistic	he81	9	0	0	0	0	3	0	0	0	0	0	0
holistic	he82	9	0	0	0	0	1	0	0	0	0	0	0
conventional	ce106	9	0	30.235227	0	14	7	4.958007	4.468029	9.828373	10.980818	0	0
conventional	ce107	9	0	42.178135	0	14	7	6.286168	7.628943	20.747510	7.515514	0	0
conventional	ce108	9	0	28.527022	0	14	7	4.138892	4.270338	14.721940	5.395852	0	0
holistic	he83	10	0	0	0	0	3	0	0	0	0	0	0
holistic	he84	10	2.396977	3.671566	5	22	15	1.374074	0	2.297492	0	4.130048	0
conventional	ce109	10	0	14.254531	0	14	7	1.816790	2.652752	7.062873	2.722116	0.232948	0
conventional	ce110	10	0	25.529575	0	14	7	4.577125	3.405788	8.039170	9.507492	0	0
conventional	ce111	10	0	24.952300	0	14	7	2.303725	1.366465	10.086064	11.196046	0	0
conventional	ce112	10	0	23.759761	0	14	7	3.994972	5.045912	8.188094	6.530783	0.705683	0
conventional	ce113	10	0	22.861585	0	14	7	4.414941	1.446269	8.105973	8.894402	0	0
conventional	ce114	10	0	27.762218	0	14	7	4.026064	5.228045	13.712922	4.795187	0	0
conventional	ce115	10	0	16.282133	0	14	7	8.544655	1.495840	4.361831	1.879807	0.632856	0
conventional	ce116	10	0	20.111583	0	14	7	0.798636	6.078442	8.759570	4.474935	0	0
conventional	ce117	11	0	31.483256	0	14	7	4.621291	3.583667	11.787999	11.490299	0	0
conventional	ce118	11	0	22.264431	0	14	7	4.958042	0.871001	11.804872	4.630516	0	0
conventional	ce119	11	0	22.324073	0	14	7	3.266812	2.408495	9.170263	7.478503	0	0
holistic	he85	12	1.305465	2.469249	1	4	3	0	2.171109	0	0.298140	0	0
holistic	he86	12	0	0	0	0	3	0	0	0	0	0	0
holistic	he87	12	0	0	0	0	1	0	0	0	0	0	0
conventional	ce120	12	0	26.510557	0	14	7	2.466734	2.441104	13.991859	7.610860	0	0
conventional	ce121	12	0	26.732811	0	14	7	6.182801	5.073785	4.079854	11.396371	0	0
conventional	ce122	12	0	23.058909	0	14	7	2.890832	2.503484	9.486818	8.177775	0	0
conventional	ce123	12	0	17.644980	0	14	7	1.408446	5.122537	6.897076	4.216921	0	0
holistic	he88	13	0	0	0	0	3	0	0	0	0	0	0
holistic	he89	13	0	3.237454	0	6	3	1.360928	0	0	1.876526	0	0
conventional	ce124	13	0	37.690325	0	14	7	4.742421	8.392740	9.524362	15.030802	0	0
conventional	ce125	13	0	42.187993	0	14	7	14.432816	2.045309	18.684007	7.025861	0	0
holistic	he90	14	0.106847	1.815571	1	6	9	0.381366	0	0	1.434205	0	0
holistic	he91	14	0.161560	8.671875	1	18	8	2.293808	0	0	6.378067	0	0
conventional	ce126	14	0	33.050015	0	14	7	9.774937	4.372720	15.739605	3.162753	0.378136	0
conventional	ce127	14	0	19.333689	0	14	7	0.792476	3.322303	9.169117	6.049793	0.232948	0
conventional	ce128	14	0	28.644388	0	14	7	2.164868	2.971427	18.127939	5.380154	0	0
conventional	ce129	14	0	50.026486	0	14	7	5.988865	5.902426	27.088347	11.046848	0	0
holistic	he92	15	0	2.419506	0	6	3	1.004242	0	0	1.415264	0	0
holistic	he93	15	0	2.575260	0	6	3	0.645648	0	0	1.929612	0	0
holistic	he94	15	0	2.378647	0	4	2	0.502121	0	0	1.876526	0	0
holistic	he95	15	0	0	0	0	1	0	0	0	0	0	0
conventional	ce130	15	0	24.798424	0	14	7	5.515851	3.364716	10.202876	5.714981	0	0
conventional	ce131	15	0	29.709949	0	14	7	2.595440	1.504656	14.342235	11.267618	0	0
conventional	ce132	15	0	22.056010	0	14	7	2.382621	1.757763	8.444706	9.470920	0	0
holistic	he96	16	0	5.309999	0	18	6	1.585962	0	0	3.724037	0	0
holistic	he97	16	0	0	0	0	2	0	0	0	0	0	0
holistic	he98	16	0	3.932458	0	6	3	2.055932	0	0	1.876526	0	0
holistic	he99	16	0	2.419506	0	6	3	1.004242	0	0	1.415264	0	0
conventional	ce133	16	2.480259	17.358183	2	14	7	1.866925	1.979317	7.745114	5.766827	0	0
conventional	ce134	16	0	18.937792	0	14	7	1.346852	2.596175	9.057499	5.937266	0	0
conventional	ce135	16	0	25.302554	0	14	7	3.765388	3.610261	13.801915	4.124990	0.326393	0
holistic	he100	17	0	0	0	0	1	0	0	0	0	0	0
holistic	he101	17	5.359925	25.614055	10	55	27	1.917830	0	16.053005	7.643220	4.130048	0
holistic	he102	17	0	0	0	0	1	0	0	0	0	0	0
holistic	he103	17	0	0	0	0	2	0	0	0	0	0	0
conventional	ce136	17	0	24.630045	0	14	7	3.526815	2.973412	9.694972	8.434846	0	0
conventional	ce137	17	0	11.871234	0	14	7	2.592826	1.644835	3.993186	3.640387	0	0
conventional	ce138	17	0	17.140561	0	14	7	0.683211	3.236155	8.883643	4.337552	0	0
conventional	ce139	17	0	14.334508	0	14	7	2.955601	0.681261	3.203653	7.493993	0	0
holistic	he104	18	0	3.753800	0	6	3	1.004242	0	0	2.749558	0	0
holistic	he105	18	0	0	0	0	1	0	0	0	0	0	0
holistic	he106	18	0	2.861602	0	6	3	1.187738	0	0	1.673864	0	0
holistic	he107	18	0	2.656306	0	6	3	1.102528	0	0	1.553778	0	0
conventional	ce140	18	0.667546	31.217919	1	14	7	4.740081	3.298833	11.066452	12.112553	0	0
conventional	ce141	18	0	14.560058	0	14	7	0.729146	2.278403	8.791019	2.761490	0	0
conventional	ce142	18	0	30.904425	0	14	7	4.931949	8.588641	12.345335	5.038500	0	0
conventional	ce143	18	0	13.811222	0	14	7	0.460175	2.668894	7.926915	2.755238	0	0
holistic	he108	19	8.784863	10.874510	7	34	19	1.863114	0	9.011396	0	0	0
holistic	he109	19	0	3.611110	0	6	3	1.498830	0	0	2.112280	0	0
conventional	ce144	19	0	17.761912	0	14	7	2.575584	2.522850	7.976013	4.687465	1.328142	0
conventional	ce145	19	0	34.069993	0	14	7	5.313300	6.616039	11.508894	10.631760	0	0
conventional	ce146	19	0	33.264825	0	14	7	2.492931	5.647724	9.547462	15.576708	0	0
conventional	ce147	19	0	27.091743	0	14	7	2.316283	2.721821	17.020197	5.033442	0.232948	0
holistic	he110	20	0	0	0	0	2	0	0	0	0	0	0
holistic	he111	20	0	3.628105	0	6	3	1.187738	0	0	2.440367	0	0
conventional	ce148	20	0	14.943613	0	14	7	6.202357	0.791307	5.055854	2.894095	0	0
conventional	ce149	20	0	24.039259	0	14	7	1.377834	3.750389	14.836049	4.074987	0	0
conventional	ce150	20	2.480259	16.121613	2	14	7	0.460096	1.576821	6.893998	7.190698	0	0
conventional	ce151	20	0	43.624245	0	14	7	5.525679	4.776193	27.202699	6.119674	0	0
holistic	he112	21	0	1.978548	0	6	3	0.563284	0	0	1.415264	0	0
holistic	he113	21	0	2.861602	0	6	6	1.187738	0	0	1.673864	0	0
conventional	ce152	21	0	23.680590	0	14	7	3.371477	3.602528	12.410645	4.295940	0.378136	0
conventional	ce153	21	0	43.088391	0	14	7	3.515906	6.050615	23.860587	9.661283	0	0
conventional	ce154	21	0	22.449018	0	14	7	3.317363	4.886435	11.053882	3.191338	0	0
holistic	he114	22	0	0	0	0	2	0	0	0	0	0	0
holistic	he115	22	0	4.518308	0	6	3	1.875372	0	0	2.642936	0	0
holistic	he116	22	0	0	0	0	4	0	0	0	0	0	0
conventional	ce155	22	0	27.527064	0	14	7	2.237067	0.925503	15.031299	9.333195	0	0
conventional	ce156	22	0	44.378463	0	14	7	6.048462	6.286468	24.664766	7.378767	0	0
conventional	ce157	22	0	45.936201	0	14	7	7.845161	7.205728	14.803696	16.081616	0	0
conventional	ce158	22	0	23.497995	0	14	7	2.097185	7.072135	7.849182	6.479493	0	0
holistic	he117	23	0	2.411788	0	6	3	0.648394	0	0	1.763394	0	0
holistic	he118	23	0	0	0	0	2	0	0	0	0	0	0
holistic	he119	23	0	0	0	0	2	0	0	0	0	0	0
holistic	he120	23	0	2.476887	0	6	3	1.102528	0	0	1.374359	0	0
conventional	ce159	23	0	22.320795	0	14	7	3.085187	4.390789	10.324143	4.520676	0	0
conventional	ce160	23	0	32.708736	0	14	7	4.484368	2.296018	14.833571	11.094779	0.971622	0
holistic	he121	24	0	0	0	0	3	0	0	0	0	0	0
holistic	he122	24	0	0	0	0	2	0	0	0	0	0	0
holistic	he123	24	3.180050	7.449568	2	8	4	0	5.523192	0	1.926376	0.084294	0
holistic	he124	24	3.215955	4.488651	6	24	18	0.761100	0	3.727551	0	4.130048	0
conventional	ce161	24	0	36.761327	0	14	7	2.098802	9.360185	19.915225	5.387115	0	0
holistic	he125	25	0	3.059688	0	2	2	0	0.681488	0	2.378200	0	0
holistic	he126	25	0	4.285089	0	6	3	1.783846	0	0	2.501243	0	0
holistic	he127	25	0	2.419506	0	6	3	1.004242	0	0	1.415264	0	0
holistic	he128	25	0	0	0	0	5	0	0	0	0	0	0
holistic	he129	25	0	0	0	0	2	0	0	0	0	0	0
holistic	he130	25	2.380131	3.652827	6	24	18	0.761100	0	2.891727	0	4.130048	0
holistic	he131	25	0	1.978548	0	6	3	0.563284	0	0	1.415264	0	0
holistic	he132	25	0	0	0	0	1	0	0	0	0	0	0
holistic	he133	25	0	10.288234	0	20	4	2.945300	0	0	7.342934	0	0
holistic	he134	25	0	1.885768	0	6	3	0.313632	0	0	1.572136	0	0
holistic	he135	25	0	2.419811	0	8	4	0.844926	0	0	1.574885	0	0
conventional	ce162	25	0	33.596393	0	14	7	4.157537	4.395520	16.989759	8.053577	0	0
conventional	ce163	25	0	18.238818	0	14	7	2.633096	2.368465	8.510091	4.727166	1.178270	0
conventional	ce164	25	0	23.649085	0	14	7	8.925601	2.101831	9.162868	3.458785	0.082089	0
holistic	he136	26	0	5.843254	0	16	4	3.012726	0	0	2.830528	0	0
holistic	he137	26	0	1.917385	0	4	2	0.502121	0	0	1.415264	0	0
holistic	he138	26	0	8.243862	0	12	3	5.495144	0	0	2.748718	0	0
holistic	he139	26	0	4.033018	0	6	3	1.228908	0	0	2.804110	0	0
holistic	he140	26	0	0	0	0	2	0	0	0	0	0	0
conventional	ce165	26	0	34.233375	0	14	7	2.594199	3.851490	17.714010	10.073676	0	0
holistic	he141	27	0	2.172752	0	6	3	0.901824	0	0	1.270928	0	0
holistic	he142	27	0	3.523947	0	6	3	1.641524	0	0	1.882423	0	0
holistic	he143	27	0	0	0	0	2	0	0	0	0	0	0
holistic	he144	27	0	0	0	0	1	0	0	0	0	0	0
holistic	he145	27	0	0	0	0	1	0	0	0	0	0	0
holistic	he146	27	0	2.016171	0	2	1	0	0	0	2.016171	0	0
holistic	he147	27	0	0	0	0	2	0	0	0	0	0	0
holistic	he148	27	0	0	0	0	3	0	0	0	0	0	0
holistic	he149	27	0	4.362966	0	6	4	1.172956	0	0	3.190010	0	0
holistic	he150	27	0	0	0	0	2	0	0	0	0	0	0
holistic	he151	27	0	0	0	0	2	0	0	0	0	0	0
conventional	ce166	27	0	35.947765	0	14	7	3.711685	5.004864	18.909113	8.322103	0	0
conventional	ce167	27	0	23.192318	0	14	7	8.414256	1.833629	10.915915	2.028518	0	0
holistic	he152	28	0	0	0	0	1	0	0	0	0	0	0
holistic	he153	28	0	2.391139	0	2	1	0	0	0	2.391139	0	0
holistic	he154	28	0	1.415264	0	2	5	0	0	0	1.415264	0	0
holistic	he155	28	0	5.043408	0	6	3	3.166882	0	0	1.876526	0	0
holistic	he156	28	0	0	0	0	1	0	0	0	0	0	0
holistic	he157	28	0	3.446619	0	8	4	1.683600	0	0	1.763019	0	0
holistic	he158	28	0	0	0	0	2	0	0	0	0	0	0
holistic	he159	28	0	0	0	0	2	0	0	0	0	0	0
holistic	he160	28	0	0	0	0	4	0	0	0	0	0	0
holistic	he161	28	0	0	0	0	1	0	0	0	0	0	0
holistic	he162	28	0.506033	0.960745	1	2	3	0.960745	0	0	0	0	0
conventional	ce168	28	0	21.863594	0	14	7	7.574047	0.833198	10.451403	3.004946	0.605717	0
holistic	he163	29	0	0	0	0	7	0	0	0	0	0	0
holistic	he164	29	0	0	0	0	2	0	0	0	0	0	0
holistic	he165	29	0	0	0	0	7	0	0	0	0	0	0
holistic	he166	29	0	0	0	0	1	0	0	0	0	0	0
holistic	he167	29	0	0	0	0	2	0	0	0	0	0	0
holistic	he168	29	0	0	0	0	1	0	0	0	0	0	0
holistic	he169	29	0	0	0	0	3	0	0	0	0	0	0
conventional	ce169	29	0	23.222580	0	14	7	5.531808	1.793814	8.573961	7.322997	0	0
conventional	ce170	29	0	15.268916	0	14	7	2.832108	1.131002	4.467065	6.838741	0	0
conventional	ce171	29	0.112639	18.270950	1	14	7	2.233767	2.321246	9.381177	4.334760	0	0
conventional	ce172	29	0	22.187133	0	14	7	1.069751	3.253782	10.784730	7.078870	0	0
holistic	he170	30	0	0	0	0	2	0	0	0	0	0	0
holistic	he171	30	0	4.003608	0	6	3	1.310666	0	0	2.692942	0	0
holistic	he172	30	0	0	0	0	1	0	0	0	0	0	0
holistic	he173	30	0	2.392312	0	6	3	0.870538	0	0	1.521774	0	0
holistic	he174	30	0	0	0	0	2	0	0	0	0	0	0
holistic	he175	30	0	6.415140	0	16	4	3.307584	0	0	3.107556	0	0
holistic	he176	30	0	0	0	0	2	0	0	0	0	0	0
holistic	he177	30	0	3.728017	0	6	3	1.532636	0	0	2.195381	0	0
holistic	he178	31	0	0	0	0	2	0	0	0	0	0	0
holistic	he179	31	0	0	0	0	2	0	0	0	0	0	0
holistic	he180	31	0	0	0	0	4	0	0	0	0	0	0
conventional	ce173	31	0	17.090983	0	14	7	0.909040	2.301680	7.878617	6.001646	0	0
conventional	ce174	31	0	24.565598	0	14	7	6.979192	3.872449	6.104986	7.608971	0	0
holistic	he181	32	0	0	0	0	2	0	0	0	0	0	0
holistic	he182	32	0	0	0	0	2	0	0	0	0	0	0
holistic	he183	32	0	2.411788	0	6	3	0.648394	0	0	1.763394	0	0
holistic	he184	32	0	0	0	0	5	0	0	0	0	0	0
holistic	he185	32	0	0	0	0	2	0	0	0	0	0	0
conventional	ce175	32	0	11.572281	0	14	7	3.704532	1.414157	5.027255	1.426337	0.632856	0
conventional	ce176	32	0	21.272063	0	14	7	3.174540	2.576533	9.550226	5.970764	1.130757	0
holistic	he186	33	0	0	0	0	2	0	0	0	0	0	0
holistic	he187	33	0	0	0	0	4	0	0	0	0	0	0
holistic	he188	33	0	0	0	0	3	0	0	0	0	0	0
conventional	ce177	33	0	28.987780	0	14	7	3.621183	4.602705	10.941809	9.822083	0	0
holistic	he189	34	0	0	0	0	2	0	0	0	0	0	0
holistic	he190	34	0	0	0	0	2	0	0	0	0	0	0
holistic	he191	34	0	0	0	0	2	0	0	0	0	0	0
holistic	he192	34	0	11.655030	0	30	5	6.025452	0	0	5.629578	0	0
conventional	ce178	34	0	32.503417	0	14	7	1.036592	5.153831	16.232268	10.080726	0	0
conventional	ce179	34	0	16.045937	0	14	7	1.697682	2.611862	6.950642	4.785751	0	0
conventional	ce180	35	0	22.803039	0	14	7	5.216068	3.391931	8.187022	6.008018	0	0
conventional	ce181	35	0	24.691946	0	14	7	8.292540	1.200322	11.243220	3.955864	0	0
holistic	he193	36	0	1.415264	0	2	5	0	0	0	1.415264	0	0
holistic	he194	36	0	0	0	0	5	0	0	0	0	0	0
holistic	he195	36	0	0	0	0	2	0	0	0	0	0	0
holistic	he196	36	0	0	0	0	2	0	0	0	0	0	0
holistic	he197	36	0	1.034241	0	4	2	0.470354	0	0	0.563887	0	0
conventional	ce182	36	0	26.666258	0	14	7	1.296230	3.629616	14.494302	7.246110	0.871346	0
conventional	ce183	36	0	18.465972	0	14	7	0.892958	5.667353	8.214904	3.690757	0	0
holistic	he198	37	0	0	0	0	5	0	0	0	0	0	0
holistic	he199	37	0	0	0	0	2	0	0	0	0	0	0
conventional	ce184	37	0.319774	22.558862	1	14	7	1.935655	4.224494	6.263654	10.135059	0	0
conventional	ce185	37	0	27.103494	0	14	7	2.205846	3.425708	17.322677	4.149263	0	0
conventional	ce186	37	0	26.557091	0	14	7	4.377351	2.948288	10.701755	8.529697	0.455786	0
conventional	ce187	37	0	18.612020	0	14	7	0.495353	5.698396	8.158219	4.260052	0	0
holistic	he200	38	0	0	0	0	2	0	0	0	0	0	0
conventional	ce188	38	0.112639	19.401008	1	14	7	0.365777	6.777397	8.168706	4.089128	0	0
conventional	ce189	38	0	23.241836	0	14	7	8.416794	1.071668	12.116450	1.636924	0	0
conventional	ce190	38	0	21.501590	0	14	7	1.655129	6.007171	9.747986	4.091304	0	0
conventional	ce191	38	0	36.943151	0	14	7	5.197364	4.122143	18.402397	9.221247	0	0
holistic	he201	39	0	0	0	0	2	0	0	0	0	0	0
conventional	ce192	39	0	18.996320	0	14	7	2.303582	2.576693	8.541623	5.574422	0	0
conventional	ce193	39	0.120006	24.650356	1	14	7	3.474030	3.027582	10.018284	8.130460	0	0
holistic	he202	40	0	1.431632	0	4	2	0.374913	0	0	1.056719	0	0
conventional	ce194	40	0	23.086246	0	14	7	5.083393	3.592059	8.795023	5.615771	0	0
conventional	ce195	41	0	23.522484	0	14	7	4.818723	0.718256	11.599278	6.386227	0	0
conventional	ce196	41	0	14.589368	0	14	7	1.068537	1.839672	8.199869	3.481290	0	0
conventional	ce197	41	0	18.523790	0	14	7	3.295161	2.610527	8.702273	3.915829	1.178270	0
conventional	ce198	42	0	17.660714	0	14	7	2.505772	0.416366	9.217483	5.521093	0	0
conventional	ce199	42	0	25.435299	0	14	7	3.990055	2.928217	13.880949	4.636078	0	0
holistic	he203	43	0	4.903532	0	6	3	2.804940	0	0	2.098592	0	0
conventional	ce200	43	0	40.195704	0	14	7	5.558248	3.074605	21.300047	10.262804	0	0
conventional	ce201	43	0	39.636434	0	14	7	5.378870	6.025215	20.801386	7.430963	0	0
conventional	ce202	44	0	26.605288	0	14	7	3.404749	1.361038	15.682105	6.157396	0	0
conventional	ce203	44	0	27.683901	0	14	7	5.657627	5.038009	10.977615	6.010650	0	0
holistic	he204	45	0	1.524223	0	4	2	0.467504	0	0	1.056719	0	0
conventional	ce204	45	0	22.534436	0	14	7	1.652624	3.619565	8.497396	8.764851	0	0
conventional	ce205	45	0	40.113402	0	14	7	6.863035	5.578906	16.021207	11.650254	0	0
conventional	ce206	45	0	38.053875	0	14	7	3.095796	5.295355	21.791442	7.871282	0	0
conventional	ce207	46	0	33.400952	0	14	7	5.875343	7.319673	15.510160	4.695776	0	0
holistic	he205	47	0	0	0	0	1	0	0	0	0	0	0
conventional	ce208	47	0	14.894801	0	14	7	3.584352	1.573965	6.228419	3.508065	0	0
conventional	ce209	48	0	31.945535	0	14	7	9.023041	2.819123	12.822594	7.280777	0.971622	0
holistic	he206	49	0	0	0	0	3	0	0	0	0	0	0
conventional	ce210	49	0	17.141110	0	14	7	2.002255	2.415432	7.676200	5.047223	0	0
conventional	ce211	50	0	22.540629	0	14	7	5.493357	3.755993	8.176716	5.114563	0	0
conventional	ce212	50	0	35.515583	0	14	7	5.923358	5.436297	13.868946	10.286982	0	0
holistic	he207	51	0	0	0	0	2	0	0	0	0	0	0
conventional	ce213	51	0	39.793027	0	14	7	5.027837	8.072997	11.980944	14.711249	0	0
conventional	ce214	51	0	24.125999	0	14	7	8.359611	2.443960	12.272071	1.050357	0	0
holistic	he208	52	0	0	0	0	3	0	0	0	0	0	0
conventional	ce215	52	0	12.451613	0	14	7	0.452674	0.888101	7.757911	3.352927	0	0
conventional	ce216	53	0	37.442369	0	14	7	6.025068	3.885856	13.309119	14.222326	0.971622	0
conventional	ce217	55	0	20.497442	0	14	7	5.240592	2.597211	7.871488	4.788151	0	0
holistic	he209	56	0	2.447083	0	4	4	1.251738	0	0	1.195345	0	0
conventional	ce218	56	0	18.356694	0	14	7	1.817213	2.461057	6.884938	7.193486	0	0
conventional	ce219	57	0	27.943265	0	14	7	4.650543	2.232043	8.889456	12.171223	0	0
holistic	he210	58	0	3.136923	0	4	2	0.332813	0	0	2.804110	0	0
holistic	he211	59	0	2.158345	0	4	2	0.565223	0	0	1.593122	0	0
conventional	ce220	59	0	25.247569	0	14	7	10.343826	1.446058	11.721556	1.736129	0	0
conventional	ce221	61	0	34.926551	0	14	7	4.345382	2.867091	20.065973	7.648105	0	0
conventional	ce222	61	0	39.509866	0	14	7	6.745338	2.920650	17.399518	12.444360	0.971622	0
conventional	ce223	62	0	19.257076	0	14	7	1.866554	5.876794	7.666088	3.847640	0	0
conventional	ce224	63	0	26.370744	0	14	7	1.037111	2.645380	16.723682	5.964571	0	0
conventional	ce225	64	0	22.589077	0	14	7	5.607994	3.395796	8.432221	5.153066	0	0
conventional	ce226	64	0	21.987233	0	14	7	1.587574	5.363057	10.818186	4.218416	0	0
conventional	ce227	64	0	35.420134	0	14	7	5.246427	5.834027	12.549720	11.789960	0	0
holistic	he212	65	0	0	0	0	7	0	0	0	0	0	0
conventional	ce228	65	0	18.232227	0	14	7	1.046385	5.741436	6.168053	5.276353	0	0
conventional	ce229	65	0	32.225791	0	14	7	1.850829	6.926364	11.308653	12.139945	0	0
conventional	ce230	65	0	20.933903	0	14	7	1.046150	4.775507	8.507601	6.604645	0	0
holistic	he213	66	0	2.591307	0	4	2	0.868542	0	0	1.722765	0	0
holistic	he214	66	0	0	0	0	3	0	0	0	0	0	0
holistic	he215	66	0	1.415264	0	2	5	0	0	0	1.415264	0	0
conventional	ce231	66	0	16.137537	0	14	7	2.236503	1.188689	6.245421	6.466924	0	0
conventional	ce232	66	0	13.231903	0	14	7	0.966375	1.867041	7.193904	3.204583	0	0
conventional	ce233	66	0	28.601146	0	14	7	3.597237	3.238116	13.961443	7.804350	0.971622	0
conventional	ce234	66	0	22.227834	0	14	7	2.191838	2.180064	8.491602	9.364330	0	0
holistic	he216	67	0	0	0	0	1	0	0	0	0	0	0
conventional	ce235	67	0	30.248957	0	14	7	2.074535	2.281695	14.464652	11.428075	0	0
conventional	ce236	67	0	17.707428	0	14	7	0.682981	5.302724	7.384371	4.337352	0	0
conventional	ce237	67	0	14.958650	0	14	7	0.642885	1.900807	9.225069	3.189889	0	0
conventional	ce238	67	0	20.715502	0	14	7	3.482298	2.691434	7.435383	7.106387	0	0
conventional	ce239	67	0	36.501472	0	14	7	9.695040	4.605858	18.399492	3.801082	0.378136	0
conventional	ce240	68	0	17.844125	0	14	7	1.477881	3.204532	9.595856	3.565856	1.899558	0
conventional	ce241	68	0	18.592947	0	14	7	1.480671	1.494445	7.071734	8.546097	0	0
conventional	ce242	68	0	23.648116	0	14	7	1.609748	4.928413	9.637185	7.472770	0	0
conventional	ce243	68	0	36.844120	0	14	7	5.506325	3.479445	16.488482	11.369868	0	0
conventional	ce244	68	0	38.807129	0	14	7	4.157129	4.888899	25.061410	4.699691	0	0
conventional	ce245	69	0	18.076081	0	14	7	2.562031	2.039455	9.301312	4.173283	0.632856	0
conventional	ce246	69	0	30.002270	0	14	7	2.984771	2.289189	15.065493	9.662817	0	0
conventional	ce247	69	0	24.447114	0	14	7	3.224515	3.036463	9.629929	8.556207	0	0
conventional	ce248	69	0	19.930128	0	14	7	3.459166	2.536169	7.154739	6.780054	0	0
conventional	ce249	70	0	39.978827	0	14	7	5.188295	4.509432	25.470075	4.811025	0	0
conventional	ce250	70	0	20.955768	0	14	7	7.119858	3.080169	7.792402	2.963339	0	0
conventional	ce251	70	0	35.797218	0	14	7	5.525217	5.429980	11.415217	13.426804	0	0
conventional	ce252	70	0	19.703775	0	14	7	1.843783	6.016797	6.781396	5.061799	0	0
conventional	ce253	70	0	22.147073	0	14	7	2.528380	3.152416	9.481926	6.984351	0.455786	0
conventional	ce254	71	0	25.939593	0	14	7	2.989824	1.652772	11.304413	9.992584	0	0
conventional	ce255	71	0	16.413025	0	14	7	2.400055	1.296848	7.804590	4.911532	0	0
conventional	ce256	71	0	21.317518	0	14	7	5.708135	3.378112	9.278342	2.952929	0	0
conventional	ce257	71	0	21.543441	0	14	7	2.521208	6.713035	8.311530	3.997668	0	0
conventional	ce258	71	0	24.872025	0	14	7	8.042850	1.367729	12.340340	3.121106	0	0
conventional	ce259	72	0	23.199880	0	14	7	3.316956	3.589546	8.827175	7.466203	0	0
conventional	ce260	73	0	26.327518	0	14	7	3.543161	3.225347	13.166629	6.392381	0.971622	0
conventional	ce261	74	0	23.472258	0	14	7	4.578574	4.454235	10.153103	4.286346	0	0
conventional	ce262	74	0	26.767060	0	14	7	2.612540	2.647867	11.833440	9.673213	0	0
conventional	ce263	74	0	21.888183	0	14	7	1.151392	7.195254	9.030062	4.511475	0	0
conventional	ce264	74	0	47.212381	0	14	7	6.801078	6.916877	24.618674	8.875752	1.149668	0
holistic	he217	75	0	0	0	0	2	0	0	0	0	0	0
holistic	he218	75	0	0	0	0	3	0	0	0	0	0	0
conventional	ce265	75	0	34.316696	0	14	7	3.812499	3.882132	17.715685	8.906380	0.971622	0
conventional	ce266	75	0	37.146968	0	14	7	2.038685	6.361517	19.306019	9.440747	0	0
holistic	he219	76	0	0	0	0	3	0	0	0	0	0	0
holistic	he220	76	0	0	0	0	5	0	0	0	0	0	0
holistic	he221	77	0	0	0	0	1	0	0	0	0	0	0
conventional	ce267	77	0	22.613796	0	14	7	0.714457	4.065821	11.440940	6.392578	0	0
conventional	ce268	77	1.141473	34.386806	1	14	7	3.549362	3.129746	18.062127	9.645571	0.971622	0
conventional	ce269	77	0	21.363740	0	14	7	6.475959	1.836126	9.443990	3.607665	0	0
holistic	he222	78	0	1.978548	0	6	3	0.563284	0	0	1.415264	0	0
holistic	he223	78	1.154638	1.657019	1	2	5	1.657019	0	0	0	0	0
conventional	ce270	78	0	26.555891	0	14	7	2.878996	3.066970	11.202640	9.407285	0.971622	0
conventional	ce271	78	0	27.837041	0	14	7	5.928075	2.395823	15.671227	3.841916	0	0
holistic	he224	80	0	0	0	0	2	0	0	0	0	0	0
holistic	he225	80	0	0	0	0	2	0	0	0	0	0	0
conventional	ce272	80	0	22.621458	0	14	7	1.714115	3.255439	10.274226	7.377678	0	0
conventional	ce273	80	0	25.753611	0	14	7	8.798545	0.943037	12.649379	3.362650	0	0
holistic	he226	81	0	0	0	0	5	0	0	0	0	0	0
holistic	he227	81	0	0	0	0	4	0	0	0	0	0	0
holistic	he228	82	0	1.226156	0	4	2	0.087236	0	0	1.138920	0	0
holistic	he229	82	0	0	0	0	5	0	0	0	0	0	0
holistic	he230	82	0	0	0	0	2	0	0	0	0	0	0
conventional	ce274	82	0	15.815199	0	14	7	1.076523	2.829554	7.995491	3.913631	1.899558	0
conventional	ce275	82	0	25.227666	0	14	7	5.417160	1.066136	15.262203	3.482167	0	0
holistic	he231	83	0.506033	0.960745	1	2	3	0.960745	0	0	0	0	0
holistic	he232	83	0	0	0	0	2	0	0	0	0	0	0
holistic	he233	83	0	0	0	0	1	0	0	0	0	0	0
conventional	ce276	83	0	20.643166	0	14	7	3.074113	0.876125	7.726670	8.966258	0	0
conventional	ce277	83	0	34.959666	0	14	7	6.250673	5.715345	10.979707	12.013941	0	0
conventional	ce278	83	0	16.710163	0	14	7	3.888244	2.857594	8.742397	1.221928	0.632856	0
holistic	he234	84	0	0	0	0	2	0	0	0	0	0	0
conventional	ce279	84	0	33.866191	0	14	7	4.505033	2.766188	16.740336	9.854634	0	0
conventional	ce280	84	0	22.246997	0	14	7	7.770646	0.929982	11.218707	2.327662	0.289070	0
holistic	he235	85	0	0	0	0	2	0	0	0	0	0	0
holistic	he236	85	0	7.669540	0	16	4	2.008484	0	0	5.661056	0	0
conventional	ce281	85	0.319774	21.542945	1	14	7	3.134256	4.525648	5.726107	8.156934	0	0
conventional	ce282	85	0	26.491992	0	14	7	2.180189	5.106940	11.451397	7.753466	0	0
conventional	ce283	85	0	36.517306	0	14	7	6.163505	5.311224	15.168555	9.874022	0	0
holistic	he237	86	0	0	0	0	2	0	0	0	0	0	0
holistic	he238	86	0	0	0	0	2	0	0	0	0	0	0
holistic	he239	86	0	0	0	0	3	0	0	0	0	0	0
conventional	ce284	86	0	46.991468	0	14	7	6.074990	4.940584	28.344976	7.630918	0	0
conventional	ce285	86	0	22.758933	0	14	7	0.230731	4.485981	11.184467	6.857754	0	0
conventional	ce286	86	0.112639	15.713729	1	14	7	0.746547	2.879520	7.791228	4.296434	0.958172	0
conventional	ce287	86	0	26.931395	0	14	7	4.183258	3.360164	9.936736	9.451237	0	0
holistic	he240	87	0	0	0	0	3	0	0	0	0	0	0
holistic	he241	87	0	0	0	0	7	0	0	0	0	0	0
holistic	he242	87	0	1.799499	0	4	2	0.470354	0	0	1.329145	0	0
holistic	he243	87	0	1.594286	0	2	5	0	0	0	1.594286	0	0
holistic	he244	87	0	0	0	0	5	0	0	0	0	0	0
holistic	he245	87	0	2.050370	0	2	7	0	0	0	2.050370	0	0
holistic	he246	87	0	0	0	0	4	0	0	0	0	1.575103	0
conventional	ce288	87	0	39.152862	0	14	7	3.757508	3.529352	21.543164	10.322838	0	0
conventional	ce289	87	0	22.361387	0	14	7	2.662528	3.505538	10.216381	5.976940	0	0
holistic	he247	88	0	0	0	0	3	0	0	0	0	0	0
holistic	he248	88	0	0	0	0	2	0	0	0	0	0	0
holistic	he249	88	0	0	0	0	2	0	0	0	0	0	0
holistic	he250	88	0	0	0	0	3	0	0	0	0	0	0
holistic	he251	88	0	0	0	0	2	0	0	0	0	0	0
conventional	ce290	88	0	47.594417	0	14	7	7.005317	6.582376	25.978504	8.028220	1.102519	0
conventional	ce291	88	0	10.683865	0	14	7	3.693906	1.377587	4.551388	1.060984	0.785989	0
holistic	he252	89	0	0	0	0	4	0	0	0	0	0	0
holistic	he253	89	0	2.093067	0	2	5	0	0	0	2.093067	0	0
holistic	he254	89	0	0	0	0	1	0	0	0	0	0	0
holistic	he255	89	0	7.244456	0	12	3	0.906692	0	0	6.337764	0	0
conventional	ce292	89	0	22.029048	0	14	7	1.646311	2.609150	9.877202	7.896385	0	0
conventional	ce293	89	0	22.352657	0	14	7	1.380677	6.694139	9.509115	4.768726	0	0
conventional	ce294	89	0	25.569775	0	14	7	1.163731	2.298680	11.599896	10.507468	1.112652	0
holistic	he256	90	0	0	0	0	2	0	0	0	0	0	0
holistic	he257	90	0	0	0	0	3	0	0	0	0	0	0
holistic	he258	90	0	0	0	0	2	0	0	0	0	0	0
holistic	he259	90	0	0	0	0	1	0	0	0	0	0	0
holistic	he260	90	0	1.159390	0	2	5	0	0	0	1.159390	0	0
holistic	he261	90	0	1.863199	0	3	6	0	0	0	1.863199	0	0
holistic	he262	90	0	0	0	0	2	0	0	0	0	0	0
conventional	ce295	90	0	23.087966	0	14	7	1.733578	3.193426	10.076566	8.084396	0.455786	0
conventional	ce296	90	0	22.907585	0	14	7	1.801204	7.443606	7.755126	5.907649	0	0
holistic	he263	91	4.968492	9.378092	4	8	5	9.378092	0	0	0	0	0
holistic	he264	91	0	0	0	0	5	0	0	0	0	0	0
conventional	ce297	91	0	16.656424	0	14	7	1.768063	1.781051	8.180486	4.926824	1.252172	0
conventional	ce298	91	0	19.869568	0	14	7	0.448704	3.722642	8.632772	7.065450	0	0
conventional	ce299	91	0	25.766084	0	14	7	10.179824	1.184518	11.422914	2.978828	0	0
conventional	ce300	91	0	21.650032	0	14	7	2.437199	2.677362	12.035550	4.499921	0	0
holistic	he265	92	0	0	0	0	7	0	0	0	0	0.598432	0
holistic	he266	92	0	3.188572	0	4	5	0	0	0	3.188572	0	0
holistic	he267	92	0	0	0	0	2	0	0	0	0	0	0
holistic	he268	92	0	0	0	0	2	0	0	0	0	0	0
holistic	he269	92	0	2.965500	0	8	4	0	0	0	2.965500	0	0
holistic	he270	92	0	0	0	0	5	0	0	0	0	0	0
conventional	ce301	92	0	20.697286	0	14	7	6.871811	2.150802	7.621979	4.052694	0	0
conventional	ce302	92	0	23.669919	0	14	7	2.768609	3.664327	9.902971	7.334012	0	0
conventional	ce303	92	0	15.579479	0	14	7	0.493810	2.747793	8.891958	3.445918	0	0
holistic	he271	93	0	0	0	0	3	0	0	0	0	0	0
holistic	he272	93	0	1.903610	0	2	3	0	0	0	1.903610	0	0
holistic	he273	93	0	0	0	0	2	0	0	0	0	0	0
holistic	he274	93	0	0	0	0	1	0	0	0	0	0	0
conventional	ce304	93	0	45.624542	0	14	7	2.045788	4.997399	27.702488	10.878867	0	0
holistic	he275	94	0	0	0	0	2	0	0	0	0	0	0
holistic	he276	94	0	2.041031	0	4	2	0.495531	0	0	1.545500	0	0
holistic	he277	94	0	0	0	0	2	0	0	0	0	0	0
holistic	he278	94	0	0	0	0	2	0	0	0	0	0	0
holistic	he279	94	0	0	0	0	3	0	0	0	0	0	0
conventional	ce305	94	0	40.335267	0	14	7	5.439211	5.597195	14.526552	14.772309	0	0
conventional	ce306	94	0	43.244153	0	14	7	6.359478	4.328134	19.586256	12.970285	0.971622	0
conventional	ce307	94	0	29.238575	0	14	7	0.689608	3.621838	13.222964	11.704165	0.211299	0
conventional	ce308	94	0	27.620214	0	14	7	3.408783	2.869755	14.300327	7.041349	0.971622	0
conventional	ce309	94	0	21.923259	0	14	7	5.003636	3.312962	8.323620	5.283041	0	0
holistic	he280	95	0	1.415264	0	2	5	0	0	0	1.415264	0	0
conventional	ce310	95	0	21.464951	0	14	7	0.577796	6.114356	9.873732	4.899067	0	0
conventional	ce311	95	0	28.578609	0	14	7	3.952451	3.688014	9.924603	11.013541	0	0
conventional	ce312	95	0	27.907245	0	14	7	1.806656	7.667875	9.736953	8.695761	0	0
holistic	he281	96	0	0	0	0	6	0	0	0	0	0	0
holistic	he282	96	0	0	0	0	2	0	0	0	0	0	0
holistic	he283	96	0	0	0	0	3	0	0	0	0	0	0
holistic	he284	96	0	0	0	0	2	0	0	0	0	0	0
holistic	he285	96	0	2.116034	0	4	2	0.649022	0	0	1.467012	0	0
holistic	he286	96	0	0	0	0	1	0	0	0	0	0	0
conventional	ce313	96	0	43.860747	0	14	7	7.159026	6.768873	20.962001	8.970847	0	0
conventional	ce314	96	0	17.000783	0	14	7	2.354517	2.136290	8.599634	3.910342	0	0
conventional	ce315	96	0	23.148224	0	14	7	8.344306	1.183529	11.012583	2.607806	0	0
holistic	he287	97	0	1.431632	0	4	2	0.374913	0	0	1.056719	0	0
holistic	he288	97	0	0	0	0	2	0	0	0	0	0	0
holistic	he289	97	0	0	0	0	2	0	0	0	0	0	0
holistic	he290	97	0	0	0	0	3	0	0	0	0	0	0
holistic	he291	97	0	0	0	0	5	0	0	0	0	0	0
conventional	ce316	97	0	47.019076	0	14	7	7.771763	5.804398	23.223874	10.219041	1.190068	0
conventional	ce317	97	0	24.716467	0	14	7	1.848597	4.049605	10.104426	8.713839	0	0
conventional	ce318	97	0	39.813675	0	14	7	1.843049	6.026213	22.757253	9.187160	0	0
conventional	ce319	97	0	44.950584	0	14	7	9.708236	7.560160	16.183447	11.498741	0	0
holistic	he292	98	0	0	0	0	2	0	0	0	0	0	0
holistic	he293	98	0	0	0	0	2	0	0	0	0	0	0
holistic	he294	98	0	0	0	0	2	0	0	0	0	0	0
conventional	ce320	98	0	40.003651	0	14	7	2.715720	5.232580	22.347617	9.707734	0.971622	0
conventional	ce321	98	0	16.094109	0	14	7	1.128080	2.143264	10.421082	2.401683	0	0
conventional	ce322	98	0	20.443160	0	14	7	0.651007	7.020401	7.181918	5.589834	0	0
conventional	ce323	98	0	22.524183	0	14	7	3.373098	3.362204	9.336333	6.452548	0.455786	0
holistic	he295	99	0	0	0	0	7	0	0	0	0	0	0
holistic	he296	99	0	0	0	0	2	0	0	0	0	0	0
conventional	ce324	99	0	16.782570	0	14	7	1.265474	4.985991	7.982124	2.548981	0	0
conventional	ce325	99	0	21.964318	0	14	7	1.290771	5.751110	8.635146	6.287291	0	0
holistic	he297	100	0	0	0	0	2	0	0	0	0	0	0
holistic	he298	100	0	0	0	0	3	0	0	0	0	0	0
holistic	he299	100	0	1.262420	0	4	2	0.346893	0	0	0.915527	0	0
conventional	ce326	100	0	12.302157	0	14	7	0.455014	1.293915	6.784345	3.768883	0	0
conventional	ce327	101	0.254627	25.732013	1	14	7	3.748185	0.948061	14.193213	6.842554	0	0
conventional	ce328	101	0	19.837112	0	14	7	2.717038	5.223492	8.169309	3.727273	0	0
conventional	ce329	101	0	40.764589	0	14	7	4.728997	2.522387	15.488802	18.024403	0.154606	0
holistic	he300	102	0	0	0	0	1	0	0	0	0	0	0
conventional	ce330	102	0	32.948435	0	14	7	2.466752	7.606309	10.826499	12.048875	0	0
holistic	he301	103	0.865772	0.865772	1	1	2	0.865772	0	0	0	0	0
conventional	ce331	103	0	38.924812	0	14	7	2.358359	4.939543	26.169094	5.457816	0	0
holistic	he302	104	0	0	0	0	3	0	0	0	0	0	0
conventional	ce332	104	0	43.395531	0	14	7	2.793707	6.468785	22.522890	11.610149	0.971622	0
conventional	ce333	104	0	37.413891	0	14	7	6.819327	2.574994	15.732508	12.287062	0.971622	0
holistic	he303	105	0	0	0	0	3	0	0	0	0	0	0
conventional	ce334	105	0	32.376694	0	14	7	3.000420	9.274922	8.812053	11.289299	0	0
conventional	ce335	105	0.254627	28.992321	1	14	7	3.876380	2.230583	15.149995	7.735363	0	0
holistic	he304	106	0	0	0	0	3	0	0	0	0	0	0
conventional	ce336	107	0	42.714439	0	14	7	5.991958	2.436269	20.277803	14.008409	0.971622	0
conventional	ce337	110	0.254627	21.089125	1	14	7	4.602049	2.839633	6.758903	6.888540	0	0
conventional	ce338	110	0	23.127623	0	14	7	3.078615	2.840243	8.849170	8.359595	0.211299	0
conventional	ce339	111	0	30.201265	0	14	7	2.087419	9.435980	11.449361	7.228505	0	0
conventional	ce340	111	0	30.207574	0	14	7	1.698390	3.788181	13.144549	11.576454	0	0
conventional	ce341	112	0	24.783183	0	14	7	8.068869	0.305629	14.043924	2.364761	0	0
conventional	ce342	112	0	29.892248	0	14	7	3.500763	3.138176	12.242196	11.011113	0.971622	0
holistic	he305	113	0	5.586052	0	4	2	2.474318	0	0	3.111734	0	0
conventional	ce343	113	0	22.160190	0	14	7	1.190631	3.857587	8.722249	8.389723	0	0
holistic	he306	115	0	2.630476	0	4	2	0.688864	0	0	1.941612	0	0
conventional	ce344	116	0	25.026967	0	14	7	1.351831	3.439499	13.839738	6.395899	0	0
holistic	he307	118	0	0	0	0	1	0	0	0	0	0	0
holistic	he308	119	0	2.550439	0	3	6	0	0	0	2.550439	0	0
conventional	ce345	119	0	43.058218	0	14	7	6.141799	2.488505	17.495315	16.932599	1.371044	0
conventional	ce346	121	0	22.655598	0	14	7	0.807164	5.036477	11.530188	5.281769	0	0
holistic	he309	122	0	0	0	0	3	0	0	0	0	0	0
conventional	ce347	122	0	46.089117	0	14	7	1.240347	8.834952	22.658372	13.355446	0.971622	0
conventional	ce348	123	1.698657	21.279484	1	14	7	3.862258	2.014752	11.293562	4.108912	0.632856	0
conventional	ce349	124	0	28.851894	0	14	7	5.880034	1.988421	8.721212	12.262227	0	0
conventional	ce350	124	0	18.367697	0	14	7	2.299109	4.669175	5.945647	5.453766	0	0
holistic	he310	125	0	6.139343	0	4	2	2.719396	0	0	3.419947	0	0
conventional	ce351	125	0	27.456970	0	14	7	2.861362	2.178867	11.306387	11.110354	0	0
conventional	ce352	125	0.254627	22.068946	1	14	7	3.743451	2.492698	8.782813	7.049984	0	0
conventional	ce353	125	0	43.866675	0	14	7	2.557329	6.367576	20.541995	14.399775	0	0
holistic	he311	126	0	0	0	0	1	0	0	0	0	0	0
holistic	he312	126	0	0	0	0	3	0	0	0	0	0	0
holistic	he313	126	0	0	0	0	3	0	0	0	0	0	0
conventional	ce354	126	0.254627	32.245542	1	14	7	4.510276	2.129614	17.461389	8.144263	0	0
conventional	ce355	126	0	23.430054	0	14	7	0.897819	6.075917	9.074227	7.382091	0	0
conventional	ce356	126	0	16.170669	0	14	7	2.328052	2.401062	7.438859	4.002696	1.149668	0
conventional	ce357	127	0	51.899941	0	14	7	9.115259	6.665304	26.225295	9.894083	1.190068	0
conventional	ce358	127	0	23.717281	0	14	7	0.505945	8.928255	7.445985	6.837096	0	0
conventional	ce359	127	0.254627	22.370779	1	14	7	7.854632	0.661562	11.019835	2.834750	0	0
conventional	ce360	128	0	25.162006	0	14	7	5.114358	2.943380	10.277031	6.827237	0	0
conventional	ce361	128	0	40.853617	0	14	7	4.709689	2.695785	13.436257	20.011886	1.371044	0
conventional	ce362	128	0	30.001700	0	14	7	1.252264	3.412804	11.845876	13.490756	0.211299	0
conventional	ce363	128	0	18.912039	0	14	7	3.938144	2.581134	6.070540	6.322221	0	0
conventional	ce364	129	0	43.233248	0	14	7	3.158712	3.662278	17.059531	19.352727	0.400516	0
conventional	ce365	129	0	34.444311	0	14	7	5.400876	6.035948	16.037408	6.970079	0	0
conventional	ce366	129	0.298574	23.789243	1	14	7	2.717051	5.899433	10.353137	4.819622	0	0
conventional	ce367	129	0	27.246923	0	14	7	3.854758	3.718314	12.447401	7.226450	0	0
conventional	ce368	129	0	35.266280	0	14	7	3.275602	7.535774	11.816877	12.638027	0	0
holistic	he314	130	0	0	0	0	2	0	0	0	0	0	0
conventional	ce369	130	0	26.654368	0	14	7	3.508906	8.779746	7.636405	6.729311	0	0
conventional	ce370	130	0	48.666195	0	14	7	8.987434	6.034899	23.154611	10.489251	1.190068	0
conventional	ce371	130	0	21.448575	0	14	7	1.655188	6.295525	8.750803	4.747059	0.492132	0
conventional	ce372	130	0	23.765262	0	14	7	1.652158	6.363320	8.727519	7.022265	0	0
conventional	ce373	130	0.254627	28.143555	1	14	7	2.169771	2.269148	15.883329	7.821307	0	0
conventional	ce374	131	0	31.990377	0	14	7	2.472692	7.208175	9.784140	12.525370	0	0
conventional	ce375	131	0	43.138595	0	14	7	2.763427	5.950175	18.251155	16.173838	0	0
conventional	ce376	131	0	34.126372	0	14	7	8.443698	0.575425	17.046902	8.060347	0.971622	0
conventional	ce377	131	0	42.859652	0	14	7	5.368485	5.513595	15.657154	16.320418	0	0
conventional	ce378	131	0	27.052248	0	14	7	3.830808	3.195540	13.429155	6.596745	0.455786	0
conventional	ce379	131	0	23.712591	0	14	7	1.234051	8.325484	7.108274	7.044782	1.190068	0
conventional	ce380	131	0	40.274894	0	14	7	1.222360	7.849128	19.252722	11.950684	0	0
conventional	ce381	131	0	23.929999	0	14	7	1.920606	4.855835	8.000590	9.152968	0.211299	0
conventional	ce382	132	0	40.203004	0	14	7	4.486300	2.501253	14.545372	18.670079	0.154606	0
conventional	ce383	132	0	38.284796	0	14	7	7.577595	5.879584	16.531420	8.296197	0	0
conventional	ce384	132	0	44.045369	0	14	7	7.248354	7.325730	23.453852	6.017433	1.149668	0
conventional	ce385	133	0	16.447309	0	14	7	0.680120	2.375872	8.652915	4.738402	1.252172	0
conventional	ce386	134	0	27.668465	0	14	7	1.701018	3.371841	10.695509	11.900097	0.211299	0
conventional	ce387	134	0	27.043269	0	14	7	0.774548	3.670869	11.140347	11.457505	0.223430	0
conventional	ce388	134	0	48.978592	0	14	7	5.062955	4.419138	22.168929	17.327570	0	0
conventional	ce389	134	0	20.881454	0	14	7	0.440078	5.609850	9.772265	5.059261	0	0
holistic	he315	135	0	0	0	0	1	0	0	0	0	0	0
holistic	he316	135	0	6.783396	0	12	4	3.868605	0	0	2.914791	0	0
conventional	ce390	135	0	45.406641	0	14	7	4.615298	1.406852	21.045801	18.338690	1.371044	0
conventional	ce391	135	0	28.426328	0	14	7	1.095534	3.464100	16.696333	7.170361	0	0
holistic	he317	136	0	0	0	0	1	0	0	0	0	0	0
conventional	ce392	136	0	35.283336	0	14	7	8.929235	1.761275	17.188364	7.404462	0.971622	0
conventional	ce393	137	0	18.166400	0	14	7	3.764541	2.222953	10.042019	2.136887	0.851827	0
conventional	ce394	137	0	19.477490	0	14	7	2.344675	1.765445	10.735572	4.631798	0.455786	0
conventional	ce395	137	0	27.342703	0	14	7	3.257334	3.398179	14.014414	6.672776	0	0
conventional	ce396	138	0	41.313286	0	14	7	5.067757	3.666956	19.040500	13.538073	1.371044	0
holistic	he318	139	0	0	0	0	2	0	0	0	0	0	0
conventional	ce397	139	0.072675	29.524480	1	14	7	1.042804	8.423160	9.870704	10.187812	0	0
conventional	ce398	139	0	46.915876	0	14	7	9.207430	7.084408	24.641868	5.982170	1.149668	0
holistic	he319	140	0	0	0	0	5	0	0	0	0	0	0
holistic	he320	140	0	0	0	0	3	0	0	0	0	0	0
holistic	he321	140	0	0	0	0	5	0	0	0	0	0	0
holistic	he322	141	0	0	0	0	4	0	0	0	0	0	0
holistic	he323	142	0	0	0	0	2	0	0	0	0	0	0
holistic	he324	142	0	0	0	0	2	0	0	0	0	0	0
holistic	he325	142	0	0	0	0	2	0	0	0	0	0	0
conventional	ce399	142	0	46.652241	0	14	7	2.759054	8.191982	17.847322	17.853883	0	0
conventional	ce400	142	0	35.356840	0	14	7	2.911028	3.598244	10.877673	17.969895	0.211299	0
holistic	he326	143	0.865772	1.458412	1	2	2	1.458412	0	0	0	0	0
holistic	he327	143	0	0	0	0	3	0	0	0	0	0	0
conventional	ce401	143	0	20.640934	0	14	7	1.732232	1.927638	11.448959	5.532105	0.455786	0
conventional	ce402	143	0	39.165282	0	14	7	6.848420	3.500480	16.157279	12.659103	0.971622	0
conventional	ce403	144	0	23.269857	0	14	7	2.875292	2.233591	11.730859	6.430115	0.211299	0
holistic	he328	145	0	0	0	0	3	0	0	0	0	0	0
holistic	he329	145	0	1.865156	0	8	4	0	0	0	1.865156	0	0
holistic	he330	146	0	0	0	0	6	0	0	0	0	0	0
conventional	ce404	146	0	45.962505	0	14	7	1.551023	8.513909	21.619487	14.278086	0.971622	0
conventional	ce405	146	0	22.582143	0	14	7	1.019411	3.675650	11.064976	6.822106	1.040334	0
holistic	he331	147	0	0	0	0	1	0	0	0	0	0	0
holistic	he332	147	0	0	0	0	2	0	0	0	0	0	0
holistic	he333	147	0	0	0	0	3	0	0	0	0	0	0
holistic	he334	147	0	0	0	0	6	0	0	0	0	0	0
holistic	he335	148	0	0	0	0	5	0	0	0	0	0	0
holistic	he336	148	0	0	0	0	7	0	0	0	0	0	0
holistic	he337	148	0	0	0	0	2	0	0	0	0	0	0
holistic	he338	148	0	0	0	0	1	0	0	0	0	0	0
holistic	he339	148	0	0	0	0	4	0	0	0	0	0	0
conventional	ce406	148	0	31.309369	0	14	7	1.934797	2.847873	12.450954	14.075745	0.223430	0
holistic	he340	149	0	5.167201	0	4	2	2.300432	0	0	2.866769	0	0
holistic	he341	150	0	0	0	0	3	0	0	0	0	0	0
holistic	he342	150	0	0	0	0	4	0	0	0	0	0	0
holistic	he343	150	0	0	0	0	4	0	0	0	0	0	0
holistic	he344	150	0	5.586052	0	4	3	2.474318	0	0	3.111734	0	0
holistic	he345	150	0	0	0	0	3	0	0	0	0	0	0
conventional	ce407	150	0	34.751511	0	14	7	4.660713	7.591249	9.833447	12.666102	0	0
holistic	he346	151	4.074952	8.738948	4	8	5	8.738948	0	0	0	0	0
holistic	he347	151	0	0	0	0	4	0	0	0	0	0	0
conventional	ce408	151	0	45.363714	0	14	7	8.257177	5.305670	23.685682	8.115185	1.149668	0
conventional	ce409	151	1.166993	27.415586	1	14	7	1.875920	7.862342	8.488864	9.188460	0	0
conventional	ce410	151	0	49.009974	0	14	7	8.191411	5.611605	25.093958	10.113000	0	0
holistic	he348	152	0	0	0	0	7	0	0	0	0	0	0
holistic	he349	152	0	0	0	0	4	0	0	0	0	0	0
holistic	he350	152	0	0	0	0	3	0	0	0	0	0	0
holistic	he351	152	0	1.159475	0	4	4	0.318606	0	0	0.840869	0	0
conventional	ce411	152	0	52.967462	0	14	7	7.075179	7.218981	20.809558	17.863744	0	0
conventional	ce412	152	0	30.293734	0	14	7	5.902506	3.654649	16.541554	4.195025	0.211299	0
holistic	he352	153	0	0	0	0	5	0	0	0	0	0	0
holistic	he353	153	0	0	0	0	3	0	0	0	0	0	0
conventional	ce413	153	0	36.216321	0	14	7	0.552364	6.570471	17.367843	11.725643	0	0
holistic	he354	154	0	0	0	0	1	0	0	0	0	0	0
holistic	he355	154	0	0	0	0	2	0	0	0	0	0	0
holistic	he356	154	0	6.556926	0	10	16	0	0	0	6.556926	0	0
conventional	ce414	154	0	37.751457	0	14	7	4.461155	0.681245	14.923147	17.685910	0	0
conventional	ce415	154	0	42.984975	0	14	7	3.062906	5.503940	24.351703	10.066426	0.220126	0
conventional	ce416	154	0	42.038664	0	14	7	4.557156	2.821585	15.423142	19.236781	0.154606	0
holistic	he357	155	0	6.783396	0	12	4	3.868605	0	0	2.914791	0	0
conventional	ce417	155	0	25.908422	0	14	7	2.382603	3.605172	13.551803	6.368844	0	0
conventional	ce418	155	0	26.696990	0	14	7	5.402379	2.130754	11.207584	7.956273	0.541385	0
conventional	ce419	155	0	46.672757	0	14	7	11.298548	7.433801	21.196777	6.743631	1.149668	0
conventional	ce420	155	0	54.550200	0	14	7	6.028072	4.720224	25.255067	18.546837	0	0
holistic	he358	156	0	0	0	0	1	0	0	0	0	0	0
holistic	he359	156	0	0	0	0	5	0	0	0	0	0	0
holistic	he360	156	0	0	0	0	4	0	0	0	0	0	0
holistic	he361	156	0	0	0	0	2	0	0	0	0	0	0
conventional	ce421	156	0	46.258245	0	14	7	5.832548	5.513954	29.266609	5.645134	1.149668	0
conventional	ce422	156	0	41.765095	0	14	7	1.353429	6.549589	21.787173	12.074904	0.971622	0
conventional	ce423	156	0	20.343052	0	14	7	0.905282	5.403215	8.242824	5.791731	0	0
conventional	ce424	156	0	25.896229	0	14	7	1.391636	3.775861	13.016968	7.711764	0	0
conventional	ce425	156	0	49.740221	0	14	7	8.701845	6.120420	24.935532	9.982424	1.146080	0
holistic	he362	157	0.126376	0.243796	2	4	8	0.243796	0	0	0	0	0
holistic	he363	157	0	0	0	0	4	0	0	0	0	0	0
holistic	he364	157	0	0	0	0	2	0	0	0	0	0	0
holistic	he365	157	0	0	0	0	3	0	0	0	0	0	0
holistic	he366	157	0	0	0	0	2	0	0	0	0	0	0
holistic	he367	157	0	0	0	0	3	0	0	0	0	0	0
conventional	ce426	157	0	41.815745	0	14	7	3.478531	5.533006	18.562952	14.241256	0.971622	0
conventional	ce427	157	0	49.199711	0	14	7	8.312932	7.828059	25.891685	7.167035	1.149668	0
conventional	ce428	157	0	37.040817	0	14	7	4.509899	3.090926	17.559534	11.880458	1.371044	0
conventional	ce429	157	0	25.577878	0	14	7	3.078947	1.783801	10.373818	10.341312	0	0
conventional	ce430	157	0	21.074177	0	14	7	2.194783	4.364442	10.283734	4.231218	0	0
holistic	he368	158	0	0	0	0	3	0	0	0	0	0	0
holistic	he369	158	0	0	0	0	3	0	0	0	0	0	0
holistic	he370	158	0	0	0	0	4	0	0	0	0	0	0
conventional	ce431	158	0	18.870111	0	14	7	0.466831	5.117290	7.136533	6.149457	0	0
conventional	ce432	158	0	23.661086	0	14	7	2.088818	6.640565	8.930808	6.000895	0	0
conventional	ce433	158	0	51.613831	0	14	7	6.169518	4.574540	23.171715	17.698058	0	0
holistic	he371	159	0	0	0	0	3	0	0	0	0	0	0
holistic	he372	159	0	0	0	0	6	0	0	0	0	0	0
conventional	ce434	159	0	37.463205	0	14	7	6.916884	3.097620	16.768462	10.680239	1.490635	0
conventional	ce435	159	0	42.713227	0	14	7	5.055530	3.934713	16.541550	17.181434	1.371044	0
conventional	ce436	159	0.520416	32.298177	1	14	7	1.706616	6.883220	11.413194	12.295147	0.801878	0
conventional	ce437	159	0	27.132772	0	14	7	5.043248	3.057196	10.381865	8.650463	0.211299	0
conventional	ce438	159	0	30.221080	0	14	7	1.586538	3.661751	11.774371	13.198420	0.534162	0
holistic	he373	160	0	1.117821	0	2	2	0.292733	0	0	0.825088	0	0
holistic	he374	160	0	0	0	0	3	0	0	0	0	0	0
holistic	he375	160	0	0	0	0	5	0	0	0	0	0	0
conventional	ce439	160	0	46.189648	0	14	7	3.111727	8.824872	23.920725	10.332324	0.220126	0
conventional	ce440	160	0	20.345061	0	14	7	1.307387	5.137783	9.280097	4.619794	0	0
holistic	he376	161	0	0	0	0	1	0	0	0	0	0	0
holistic	he377	161	0	1.862734	0	8	4	0	0	0	1.862734	0	0
holistic	he378	161	0	0	0	0	3	0	0	0	0	0	0
conventional	ce441	161	0	38.212079	0	14	7	4.042712	4.506239	15.752186	13.910942	1.043167	0
conventional	ce442	161	0	27.480087	0	14	7	2.405478	5.616354	9.641944	9.816311	0.971622	0
conventional	ce443	161	0	26.396255	0	14	7	3.027148	4.064025	16.220504	3.084578	0	0
conventional	ce444	161	0	28.841321	0	14	7	3.661841	3.249670	10.329964	11.599846	0.658773	0
conventional	ce445	161	0	19.653180	0	14	7	0.842032	4.911149	8.123966	5.776033	0	0
conventional	ce446	161	0	30.675861	0	14	7	1.750363	5.183536	10.127748	13.614214	0.162994	0
conventional	ce447	161	0.520416	32.433760	1	14	7	1.642343	6.749320	11.561565	12.480532	0.763708	0
conventional	ce448	162	0	41.198363	0	14	7	4.004529	3.589459	18.980622	14.623753	0.971622	0
conventional	ce449	162	0	44.586412	0	14	7	8.340938	6.335081	25.471858	4.438535	1.149668	0
conventional	ce450	162	0	43.814442	0	14	7	7.437762	7.293056	22.622307	6.461317	0.220126	0
holistic	he379	163	0	1.120146	0	4	2	0.279277	0	0	0.840869	0.331802	0
holistic	he380	163	0	0	0	0	4	0	0	0	0	0	0
holistic	he381	163	0	5.167201	0	4	2	2.300432	0	0	2.866769	0	0
conventional	ce451	163	0	37.195025	0	14	7	0.933342	5.262752	16.497904	14.501027	0.971622	0
conventional	ce452	163	0	40.607289	0	14	7	8.010804	2.686207	16.142296	13.767982	0.971622	0
conventional	ce453	163	0	38.440903	0	14	7	2.582109	5.033704	13.450596	17.374494	0	0
conventional	ce454	163	0	29.160976	0	14	7	4.499434	1.642038	9.132489	13.887015	0	0
holistic	he382	164	0	0	0	0	7	0	0	0	0	0	0
holistic	he383	164	0	6.783396	0	12	4	3.868605	0	0	2.914791	0	0
holistic	he384	164	0	0	0	0	2	0	0	0	0	0	0
holistic	he385	164	0	0	0	0	2	0	0	0	0	0	0
conventional	ce455	164	0	50.170375	0	14	7	7.894580	6.699212	28.676283	6.900300	1.622824	0
conventional	ce456	164	0	46.013510	0	14	7	6.494112	3.082698	18.598822	17.837878	0.605544	0
conventional	ce457	164	0	45.788588	0	14	7	1.339719	7.976515	23.411160	13.061194	0.971622	0
conventional	ce458	164	0	38.364742	0	14	7	7.526399	3.302339	17.069866	10.466138	1.029359	0
holistic	he386	165	0	0	0	0	1	0	0	0	0	0	0
conventional	ce459	165	0	19.064467	0	14	7	1.837785	2.190691	10.762209	4.273782	0.455786	0
holistic	he387	166	0	0	0	0	4	0	0	0	0	0	0
conventional	ce460	166	0	40.001959	0	14	7	8.880070	5.794412	17.423018	7.904459	0	0
conventional	ce461	166	0	43.077084	0	14	7	7.311460	3.275808	20.014578	12.475238	0.810848	0
conventional	ce462	166	0	32.973597	0	14	7	2.676686	7.367857	12.753982	10.175072	0	0
conventional	ce463	166	0	17.560213	0	14	7	3.249571	2.646157	6.636923	5.027562	0	0
holistic	he388	167	0	4.885275	0	4	3	1.928449	0	0	2.956826	0	0
holistic	he389	167	0	0	0	0	3	0	0	0	0	0	0
conventional	ce464	167	0	47.789540	0	14	7	4.550421	4.789827	23.476676	14.972616	0	0
holistic	he390	168	0	3.729118	0	6	3	0.688864	0	0	3.040254	0	0
conventional	ce465	168	0	44.688091	0	14	7	5.314345	6.331642	16.810035	16.232069	2.804366	0
conventional	ce466	168	0.254627	29.604935	1	14	7	3.953625	2.171806	13.664943	9.814561	0	0
conventional	ce467	168	0	43.218825	0	14	7	2.092304	8.261001	14.212704	18.652816	0.211299	0
holistic	he391	169	0	0	0	0	3	0	0	0	0	0	0
holistic	he392	169	0	0	0	0	2	0	0	0	0	0	0
holistic	he393	169	0	0	0	0	6	0	0	0	0	0	0
conventional	ce468	169	0	18.270913	0	14	7	0.730274	4.773809	6.994257	5.772573	0	0
holistic	he394	170	0	6.470227	0	4	2	3.358493	0	0	3.111734	0	0
holistic	he395	170	0	0	0	0	2	0	0	0	0	0	0
conventional	ce469	170	0	31.204239	0	14	7	1.454405	2.731081	13.588567	13.430186	0.666934	0
holistic	he396	171	0	0	0	0	2	0	0	0	0	0	0
conventional	ce470	171	0	23.368839	0	14	7	3.492820	2.674898	10.890982	6.310139	0	0
conventional	ce471	171	0	35.825032	0	14	7	2.231639	3.701154	15.279719	14.612520	0.971622	0
holistic	he397	172	0	0	0	0	2	0	0	0	0	0	0
holistic	he398	172	0	1.094351	0	4	5	0.318606	0	0	0.775745	0	0
holistic	he399	172	0	4.013212	0	4	8	0	0	0	4.013212	0	0
holistic	he400	172	0	6.556926	0	10	16	0	0	0	6.556926	0	0
holistic	he401	173	0	1.876754	0	8	4	0	0	0	1.876754	0	0
conventional	ce472	173	0	30.479934	0	14	7	0.948459	1.906154	13.888095	13.737226	0	0
conventional	ce473	173	0	36.265784	0	14	7	7.136062	5.879385	15.511260	7.739077	1.537993	0
holistic	he402	175	0	0	0	0	2	0	0	0	0	0	0
conventional	ce474	175	0	21.752737	0	14	7	2.293710	1.602189	12.902889	4.953949	0.455786	0
holistic	he403	176	0	0	0	0	3	0	0	0	0	0	0
conventional	ce475	176	0	37.635220	0	14	7	5.078932	2.685428	12.047586	17.823274	1.451318	0
conventional	ce476	177	0	41.691205	0	14	7	4.703899	1.411671	21.795018	13.780617	0	0
holistic	he404	179	0	0	0	0	6	0	0	0	0	0	0
holistic	he405	179	0	0	0	0	4	0	0	0	0	0	0
holistic	he406	179	0	0	0	0	5	0	0	0	0	0	0
conventional	ce477	179	0	36.336528	0	14	7	3.178605	3.446759	15.610663	14.100501	0.971622	0
conventional	ce478	179	0	40.325141	0	14	7	8.515919	2.414925	15.941032	13.453265	0.971622	0
conventional	ce479	180	0	47.113088	0	14	7	4.134804	7.864755	24.177196	10.936333	0.141213	0
holistic	he407	182	0	0	0	0	2	0	0	0	0	0	0
conventional	ce480	182	0	21.993082	0	14	7	0.592261	6.076106	10.091060	5.233655	0	0
conventional	ce481	182	0	53.354370	0	14	7	5.771792	4.889675	23.444111	19.248792	0	0
holistic	he408	183	0	21.110992	0	16	5	9.351024	0	0	11.759968	0	0
conventional	ce482	184	0	21.374823	0	14	7	3.579044	1.114796	10.725503	5.955480	1.405607	0
holistic	he409	185	0.484980	0.484980	2	2	6	0.484980	0	0	0	0	0
conventional	ce483	185	0	41.605134	0	14	7	0.500487	5.563753	18.386117	17.154777	1.149668	0
holistic	he410	186	0	9.713116	0	20	5	5.698032	0	0	4.015084	0	0
holistic	he411	186	0	0	0	0	6	0	0	0	0	0	0
holistic	he412	186	0	0	0	0	5	0	0	0	0	0	0
conventional	ce484	186	0	40.204354	0	14	7	6.081408	5.179145	25.233361	3.710440	1.149668	0
conventional	ce485	186	0	41.168620	0	14	7	8.292925	5.821061	18.537601	8.517033	0	0
conventional	ce486	187	0	49.633456	0	14	7	5.042344	3.188896	29.658214	11.744002	0	0
conventional	ce487	188	0.254627	28.690813	1	14	7	2.659544	2.570395	11.841343	11.619531	0	0
conventional	ce488	188	0	46.886111	0	14	7	3.360325	5.562267	27.330643	10.632876	0.220126	0
conventional	ce489	188	0	34.310522	0	14	7	3.653808	3.244886	15.639667	11.772161	0.971622	0
conventional	ce490	189	0	38.274183	0	14	7	0.942858	6.100084	16.825064	14.406177	0.971622	0
holistic	he413	190	0	0	0	0	2	0	0	0	0	0	0
holistic	he414	191	0	0	0	0	6	0	0	0	0	0	0
conventional	ce491	191	0	37.428194	0	14	7	1.461418	7.218107	21.115675	7.632994	0	0
conventional	ce492	191	0	27.771150	0	14	7	1.210846	3.748430	11.639171	11.172703	0.223430	0
conventional	ce493	191	0	57.872659	0	14	7	8.103860	2.600287	21.910265	25.258247	0.605544	0
conventional	ce494	191	0	56.898054	0	14	7	8.513426	5.940458	18.788125	23.656045	2.475828	0
conventional	ce495	191	0	34.259698	0	14	7	1.899830	6.995366	12.884760	12.479742	1.149668	0
conventional	ce496	192	0	36.415454	0	14	7	3.733347	3.937315	15.769568	12.975224	0.971622	0
conventional	ce497	192	0	42.745284	0	14	7	7.865672	6.443025	18.539294	9.897293	0	0
conventional	ce498	192	0	47.099517	0	14	7	3.194354	7.329825	26.413704	10.161634	2.370379	0
conventional	ce499	193	0	18.335514	0	14	7	1.502527	1.293781	10.298413	5.240793	0.673205	0
holistic	he415	194	0	25.233960	0	16	5	13.473992	0	0	11.759968	0	0
conventional	ce500	194	0	20.085646	0	14	7	1.729954	1.362003	11.997797	4.995892	0.675616	0
conventional	ce501	194	0.249199	30.293704	1	14	7	2.743857	1.693825	16.117442	9.738580	0	0
conventional	ce502	194	0	24.700563	0	14	7	1.580046	6.472148	8.707253	7.941116	2.396533	0
conventional	ce503	194	0	38.088793	0	14	7	0.798884	6.508602	16.731075	14.050232	2.774028	0
holistic	he416	195	0	0	0	0	3	0	0	0	0	0	0
conventional	ce504	195	0	39.448999	0	14	7	1.324968	6.944464	18.730074	12.449493	0.971622	0
conventional	ce505	195	0	41.982619	0	14	7	6.017457	4.518257	26.819546	4.627359	1.149668	0
conventional	ce506	196	0	44.703983	0	14	7	8.192187	5.537887	23.959777	7.014132	1.149668	0
holistic	he417	197	0	60.924032	0	48	8	37.404096	0	0	23.519936	0	0
conventional	ce507	197	0	21.326334	0	14	7	3.042904	2.381486	8.474955	7.426989	1.116623	0
conventional	ce508	197	0.520416	36.229725	1	14	7	1.483774	6.866312	13.767854	14.111785	0.801878	0
conventional	ce509	197	0	34.875839	0	14	7	3.171980	4.275148	11.393443	16.035268	0.971622	0
holistic	he418	198	0	0	0	0	4	0	0	0	0	0	0
conventional	ce510	198	0	38.975008	0	14	7	3.478531	4.017394	19.099618	12.379465	0.971622	0
conventional	ce511	198	0	44.792303	0	14	7	1.552265	7.619239	18.951464	16.669335	1.149668	0
conventional	ce512	198	0	45.380150	0	14	7	8.876195	5.367047	25.137864	5.999044	1.149668	0
conventional	ce513	198	0	34.459201	0	14	7	1.816032	4.612076	16.182019	11.849074	0.971622	0
holistic	he419	199	0	0	0	0	5	0	0	0	0	0	0
conventional	ce514	199	0	34.438911	0	14	7	1.516734	3.583905	14.190325	15.147947	1.237672	0
conventional	ce515	199	0	17.072259	0	14	7	0.433911	2.603851	8.054746	5.979751	0	0
conventional	ce516	199	0	41.784445	0	14	7	0.818591	6.724754	18.298808	15.942292	1.417865	0
holistic	he420	200	0	0	0	0	4	0	0	0	0	0	0
holistic	he421	200	0.484980	0.484980	2	2	10	0.484980	0	0	0	0	0
holistic	he422	200	0	0	0	0	3	0	0	0	0	0	0
conventional	ce517	200	0.520416	23.921403	1	14	7	2.618823	5.330674	7.632987	8.338919	0.282876	0
conventional	ce518	200	0	39.595675	0	14	7	6.204883	7.648234	18.326656	7.415902	0	0
holistic	he423	202	0	0	0	0	3	0	0	0	0	0	0
holistic	he424	202	0	5.586052	0	4	3	2.474318	0	0	3.111734	0	0
holistic	he425	202	0	1.638774	0	2	24	0	0	0	1.638774	0	0
holistic	he426	202	0	0	0	0	2	0	0	0	0	0	0
conventional	ce519	202	0	49.396118	0	14	7	7.978890	4.862593	26.582096	9.972539	1.149668	0
holistic	he427	203	0	21.110992	0	16	5	9.351024	0	0	11.759968	0	0
holistic	he428	203	0	5.164868	0	8	4	0	0	0	5.164868	0	0
conventional	ce520	203	0	41.212234	0	14	7	1.471514	8.416482	18.820561	12.503677	1.486096	0
conventional	ce521	203	0	22.819580	0	14	7	1.811914	5.894526	9.338786	5.774354	0	0
holistic	he429	204	1.029531	6.690587	1	10	16	0	0	0	6.690587	0	0
holistic	he430	204	0	0	0	0	4	0	0	0	0	0	0
conventional	ce522	204	0.254627	28.662832	1	14	7	2.655645	2.478792	14.000763	9.527632	0	0
holistic	he431	205	0	0	0	0	3	0	0	0	0	0	0
conventional	ce523	205	0	21.240471	0	14	7	4.312475	1.191062	9.710821	6.026113	1.719091	0
holistic	he432	206	0	5.562308	0	4	3	2.463801	0	0	3.098507	0	0
holistic	he433	206	0	0	0	0	2	0	0	0	0	0	0
conventional	ce524	206	0	48.109691	0	14	7	5.418769	5.934502	30.624738	6.131682	1.149668	0
conventional	ce525	206	0.104819	31.471514	1	14	7	1.437219	7.050071	10.540413	12.443811	0.801878	0
conventional	ce526	206	0	37.234592	0	14	7	2.446848	3.467518	16.200315	15.119911	2.405014	0
holistic	he434	207	0	1.354118	0	2	2	0.365028	0	0	0.989090	0	0
holistic	he435	207	0	0	0	0	3	0	0	0	0	0	0
holistic	he436	207	0	0	0	0	3	0	0	0	0	0	0
conventional	ce527	207	0	50.283994	0	14	7	7.893199	4.138463	26.278682	11.973650	1.149668	0
holistic	he437	208	0	0	0	0	3	0	0	0	0	0	0
holistic	he438	208	0	0	0	0	7	0	0	0	0	0	0
holistic	he439	208	0	18.882084	0	20	9	11.730672	0	0	7.151412	0	0
holistic	he440	208	0	9.713116	0	20	5	5.698032	0	0	4.015084	0	0
holistic	he441	208	0	14.114584	0	20	5	11.551696	0	0	2.562888	0	0
conventional	ce528	208	0	45.240650	0	14	7	0.657373	6.966440	19.254659	18.362178	1.417865	0
conventional	ce529	208	0	25.469932	0	14	7	2.600587	6.499324	9.328651	7.041370	0	0
holistic	he442	209	0	0	0	0	4	0	0	0	0	0	0
holistic	he443	209	0	0	0	0	2	0	0	0	0	0	0
conventional	ce530	209	0	17.767479	0	14	7	1.468620	1.234041	10.645267	4.419551	0	0
holistic	he444	210	0	0	0	0	3	0	0	0	0	0	0
holistic	he445	210	0	0	0	0	1	0	0	0	0	0	0
holistic	he446	210	0	0	0	0	6	0	0	0	0	0	0
holistic	he447	210	0	0	0	0	6	0	0	0	0	0	0
conventional	ce531	210	0	48.536038	0	14	7	8.353396	5.810304	25.999484	8.372854	1.149668	0
holistic	he448	211	0	7.024922	0	6	3	4.312926	0	0	2.711996	0	0
holistic	he449	211	0	0	0	0	1	0	0	0	0	0	0
holistic	he450	211	0	0	0	0	2	0	0	0	0	0	0
conventional	ce532	211	0	40.709084	0	14	7	1.533876	4.904471	18.923477	15.347260	0.971622	0
holistic	he451	212	0	0	0	0	3	0	0	0	0	0	0
holistic	he452	212	0	0	0	0	3	0	0	0	0	0	0
holistic	he453	212	0	0	0	0	6	0	0	0	0	0	0
holistic	he454	212	0	3.870020	0	8	5	1.515880	0	0	2.354140	0	0
holistic	he455	212	0	0	0	0	3	0	0	0	0	0	0
holistic	he456	212	0	2.339264	0	3	3	0.429845	0	0	1.909419	0.292360	0
holistic	he457	212	0	2.908518	0	6	3	0.930844	0	0	1.977674	0	0
holistic	he458	212	0	21.109432	0	14	18	11.676630	0	0	9.432802	0	0
conventional	ce533	212	0	47.673048	0	14	7	1.996204	7.417502	17.252528	21.006814	1.149668	0
holistic	he459	213	0	0	0	0	1	0	0	0	0	0	0
holistic	he460	214	0	0	0	0	3	0	0	0	0	0	0
holistic	he461	214	0	0	0	0	6	0	0	0	0	0	0
holistic	he462	214	0	0	0	0	6	0	0	0	0	0	0
conventional	ce534	214	0	41.202377	0	14	7	7.913407	5.549697	23.643483	4.095790	1.149668	0
conventional	ce535	214	0	41.081117	0	14	7	1.499844	5.345255	23.897269	10.338749	0.971622	0
holistic	he463	215	0.484980	0.484980	2	2	6	0.484980	0	0	0	0	0
holistic	he464	215	0	1.623791	0	2	2	0.326283	0	0	1.297508	0	0
holistic	he465	215	0	0	0	0	1	0	0	0	0	0	0
holistic	he466	215	0	0	0	0	2	0	0	0	0	0	0
holistic	he467	216	0	0	0	0	4	0	0	0	0	0	0
holistic	he468	216	0	0	0	0	2	0	0	0	0	0	0
holistic	he469	216	0	0	0	0	8	0	0	0	0	0	0
holistic	he470	216	0	2.732422	0	8	4	0	0	0	2.732422	0	0
conventional	ce536	216	0	22.316969	0	14	7	2.775895	3.743734	7.108566	8.688774	0.666934	0
conventional	ce537	216	0	46.604933	0	14	7	8.323443	6.251423	26.290839	5.739228	0.455786	0
conventional	ce538	216	0	59.077650	0	14	7	5.241315	2.952720	34.704044	16.179571	0	0
holistic	he471	217	0	0	0	0	1	0	0	0	0	0	0
holistic	he472	217	0	0	0	0	2	0	0	0	0	0	0
conventional	ce539	217	0	17.906697	0	14	7	1.671839	4.429792	6.824534	4.980532	0	0
conventional	ce540	217	0	21.536547	0	14	7	0.794630	3.862349	9.967052	6.912516	0	0
conventional	ce541	217	0	34.413272	0	14	7	1.471819	5.124999	16.269764	11.546690	0.971622	0
conventional	ce542	217	0	36.556832	0	14	7	3.363177	5.176117	11.918611	16.098927	0.643006	0
holistic	he473	218	0	0	0	0	6	0	0	0	0	0	0
holistic	he474	218	0	0	0	0	1	0	0	0	0	0	0
conventional	ce543	218	0	26.671780	0	14	7	1.584535	2.447338	11.634226	11.005681	0.223430	0
conventional	ce544	218	0	39.432188	0	14	7	1.247874	8.841238	15.315434	14.027642	0.675616	0
conventional	ce545	218	0	47.363296	0	14	7	8.774489	6.239772	25.782149	6.566886	1.149668	0
conventional	ce546	218	0.058083	55.415978	1	14	7	9.462822	3.622074	30.945418	11.385664	1.149668	0
holistic	he475	219	0	0	0	0	6	0	0	0	0	0	0
holistic	he476	219	0	0	0	0	2	0	0	0	0	1.373057	0
holistic	he477	219	0	0	0	0	5	0	0	0	0	0	0
conventional	ce547	219	0	47.713492	0	14	7	4.924740	1.837435	29.707636	11.243681	0	0
conventional	ce548	219	0	44.995957	0	14	7	4.302106	5.174812	21.035500	14.483539	2.100828	0
conventional	ce549	219	0	37.098658	0	14	7	4.034420	5.268783	10.541393	17.254062	0.020940	0
conventional	ce550	219	0	42.965169	0	14	7	7.011576	3.520584	16.087671	16.345338	0.270514	0
conventional	ce551	219	0	36.782320	0	14	7	3.245956	4.694604	22.949232	5.892528	0.971622	0
conventional	ce552	219	1.086593	33.110094	1	14	7	2.614609	5.543052	12.961824	11.990609	0.971622	0
holistic	he478	220	0	0	0	0	1	0	0	0	0	0	0
holistic	he479	220	0	0	0	0	6	0	0	0	0	0	0
conventional	ce553	220	0	31.587624	0	14	7	2.405430	0.459254	15.109194	13.613746	0.971622	0
conventional	ce554	220	0	31.241911	0	14	7	1.150383	7.710210	9.166826	13.214492	0.675616	0
holistic	he480	221	0	0	0	0	6	0	0	0	0	0	0
holistic	he481	221	0	0	0	0	6	0	0	0	0	0	0
holistic	he482	221	0	0	0	0	6	0	0	0	0	0	0
conventional	ce555	221	0	23.065495	0	14	7	3.631785	0.569491	13.935374	4.928845	1.228983	0
conventional	ce556	221	0	33.363656	0	14	7	2.531958	3.208489	12.898762	14.724447	1.149668	0
conventional	ce557	221	0	48.187930	0	14	7	7.477884	5.686334	27.297266	7.726446	1.985344	0
conventional	ce558	221	0	36.400176	0	14	7	2.829751	2.951296	18.273713	12.345416	0.971622	0
conventional	ce559	222	0	37.524498	0	14	7	3.167152	6.842307	16.112104	11.402935	0	0
conventional	ce560	222	0	22.218839	0	14	7	3.458148	2.698945	9.556882	6.504864	0	0
conventional	ce561	222	0	42.693745	0	14	7	0.422514	6.687513	20.662438	14.921280	1.315670	0
conventional	ce562	222	0	45.392003	0	14	7	6.066417	3.510445	15.990596	19.824545	0.605544	0
conventional	ce563	222	0	19.242448	0	14	7	0.720612	6.103214	5.657238	6.761384	0	0
holistic	he483	223	0	0	0	0	2	0	0	0	0	0	0
holistic	he484	223	0	0	0	0	5	0	0	0	0	0	0
holistic	he485	223	0	0	0	0	5	0	0	0	0	0	0
holistic	he486	223	0	0	0	0	3	0	0	0	0	0	0
conventional	ce564	223	0	42.265140	0	14	7	2.212889	6.517948	17.742238	15.792065	1.149668	0
conventional	ce565	223	0	39.773373	0	14	7	7.865672	4.973680	19.458459	7.475562	0	0
holistic	he487	224	0	0	0	0	9	0	0	0	0	0	0
holistic	he488	224	0	0	0	0	6	0	0	0	0	0	0
holistic	he489	224	0	0	0	0	1	0	0	0	0	0	0
holistic	he490	224	0	0	0	0	2	0	0	0	0	0	0
conventional	ce566	224	0	22.490378	0	14	7	3.698917	2.776620	9.158423	6.856418	0	0
conventional	ce567	224	0	40.269779	0	14	7	2.053314	6.034487	22.545362	9.636616	1.677809	0
conventional	ce568	224	0.254627	32.957109	1	14	7	3.885273	2.951342	14.917691	11.202803	0	0
holistic	he491	225	0	0	0	0	5	0	0	0	0	0	0
holistic	he492	225	0	0	0	0	5	0	0	0	0	0	0
conventional	ce569	225	0	49.204892	0	14	7	3.652143	6.922863	27.124008	11.505878	0.220126	0
conventional	ce570	225	0	35.761196	0	14	7	5.738888	2.119353	13.661612	14.241343	0.637043	0
conventional	ce571	226	0	38.600269	0	14	7	4.000582	6.756917	8.749881	19.092889	0.643006	0
conventional	ce572	226	0.254627	32.861396	1	14	7	4.595052	4.343888	15.429262	8.493194	0.691768	0
conventional	ce573	227	0	18.878135	0	14	7	2.563018	3.509328	9.443821	3.361968	0	0
conventional	ce574	227	0	33.611101	0	14	7	1.568528	6.805783	18.529838	6.706952	0.971622	0
conventional	ce575	227	0	32.937961	0	14	7	2.597030	8.121703	12.481886	9.737342	0.675616	0
conventional	ce576	227	0	48.403019	0	14	7	5.209490	7.197002	30.594505	5.402022	1.149668	0
conventional	ce577	228	0	20.717114	0	14	7	0.659049	4.779087	8.228261	7.050717	0	0
conventional	ce578	228	0	40.953656	0	14	7	6.733179	1.929890	16.289854	16.000733	0.637043	0
holistic	he493	229	0	0	0	0	6	0	0	0	0	0	0
holistic	he494	229	0	5.829840	0	4	3	2.582303	0	0	3.247537	0	0
holistic	he495	229	0	0	0	0	5	0	0	0	0	0	0
holistic	he496	229	0	0	0	0	1	0	0	0	0	0	0
conventional	ce579	229	0	39.703949	0	14	7	4.785917	6.831306	10.627697	17.459029	0.643006	0
conventional	ce580	229	0.249199	18.171685	1	14	7	1.588252	0.273840	12.211386	4.098207	0	0
conventional	ce581	229	0	41.448411	0	14	7	2.089749	5.072461	23.473926	10.812275	0.220126	0
conventional	ce582	229	0.254627	20.148314	1	14	7	1.520549	2.869586	11.153119	4.605060	1.025715	0
holistic	he497	230	0	0	0	0	6	0	0	0	0	0	0
holistic	he498	230	0	10.186308	0	20	6	6.508464	0	0	3.677844	0.601908	0
conventional	ce583	230	0	40.822913	0	14	7	4.040042	5.343822	11.195359	20.243690	0.000563	0
conventional	ce584	230	0	48.290729	0	14	7	7.328811	7.461300	30.116559	3.384059	1.149668	0
conventional	ce585	230	0.254627	27.196781	1	14	7	2.536428	2.447310	12.272103	9.940940	0	0
conventional	ce586	230	0	17.494955	0	14	7	1.183634	3.370464	9.600259	3.340598	0	0
holistic	he499	231	0	0	0	0	2	0	0	0	0	0	0
conventional	ce587	231	0.104819	30.922620	1	14	7	1.677691	8.892686	9.593447	10.758796	0.649928	0
conventional	ce588	231	0	33.939394	0	14	7	2.919430	3.110279	13.520908	14.388777	1.143653	0
conventional	ce589	231	0	50.223929	0	14	7	3.079214	3.039050	28.618867	15.486798	0	0
conventional	ce590	231	0	19.904059	0	14	7	0.976107	1.656341	11.419918	5.851693	0.675616	0
holistic	he500	232	0	0	0	0	6	0	0	0	0	0	0
holistic	he501	232	0	0	0	0	5	0	0	0	0	0.771345	0
holistic	he502	232	0	1.876754	0	8	4	0	0	0	1.876754	0	0
holistic	he503	232	0.056197	9.627159	1	6	5	9.627159	0	0	0	0	0
conventional	ce591	232	0.584453	45.054311	1	14	7	1.392059	6.240063	16.894268	20.527921	0.643006	0
conventional	ce592	232	0.254627	29.026148	1	14	7	2.675105	2.475605	14.474659	9.400779	0	0
holistic	he504	233	0	0	0	0	1	0	0	0	0	0	0
conventional	ce593	233	0	42.222780	0	14	7	2.748330	5.975091	23.969410	9.529949	0.971622	0
conventional	ce594	234	0	41.700338	0	14	7	10.087099	6.250672	18.324182	7.038385	0	0
holistic	he505	235	0	0	0	0	1	0	0	0	0	0	0
conventional	ce595	235	0	35.771693	0	14	7	3.084232	5.278984	11.889104	15.519373	0.643006	0
conventional	ce596	235	0	47.329755	0	14	7	5.506422	6.517679	24.247082	11.058572	0.512906	0
conventional	ce597	235	0	46.763199	0	14	7	8.203057	5.108415	28.244403	5.207324	1.223336	0
holistic	he506	236	0	0	0	0	4	0	0	0	0	0	0
holistic	he507	236	0.356802	0.356802	2	2	6	0.356802	0	0	0	0	0
holistic	he508	236	0	0	0	0	5	0	0	0	0	0	0
conventional	ce598	236	0	35.891349	0	14	7	6.396618	2.306977	12.723519	14.464235	0.700370	0
holistic	he509	237	0	0	0	0	5	0	0	0	0	0	0
conventional	ce599	238	0	16.773095	0	14	7	0.965564	0.911955	11.261591	3.633985	0	0
conventional	ce600	238	0	44.217773	0	14	7	2.595291	7.307188	25.167003	9.148291	0.971622	0
holistic	he510	239	0	0	0	0	11	0	0	0	0	0	0
holistic	he511	239	0	0	0	0	6	0	0	0	0	0	0
conventional	ce601	239	0	42.810254	0	14	7	7.135034	3.254520	15.769935	16.650765	0.270514	0
holistic	he512	240	0	0	0	0	3	0	0	0	0	0	0
conventional	ce602	240	0.905992	29.979311	1	14	7	3.571196	4.196444	13.653076	8.558595	0	0
conventional	ce603	240	0.327336	33.811410	1	14	7	5.184908	4.895228	12.789465	10.941809	0.691768	0
conventional	ce604	241	0.254627	28.263258	1	14	7	3.995223	4.911705	13.620768	5.735562	0.691768	0
conventional	ce605	241	0.254627	31.940355	1	14	7	3.008553	2.886500	12.981243	13.064059	0	0
conventional	ce606	242	0	35.456513	0	14	7	4.077114	4.128808	14.549327	12.701264	0	0
conventional	ce607	242	0.254627	28.404392	1	14	7	2.723511	3.066716	13.104851	9.509314	0	0
conventional	ce608	242	1.222787	36.584399	1	14	7	0.592511	4.967315	16.004257	15.020316	0	0
holistic	he513	243	0	0	0	0	4	0	0	0	0	0	0
holistic	he514	243	0	0	0	0	6	0	0	0	0	0	0
conventional	ce609	243	0	42.642869	0	14	7	1.974627	5.928170	23.126543	11.613529	0.793390	0
conventional	ce610	244	0	46.187759	0	14	7	2.065690	7.483942	18.978655	17.659472	1.899247	0
conventional	ce611	244	0	52.378148	0	14	7	8.917866	4.753332	28.225772	10.481178	1.149668	0
holistic	he515	245	0	0	0	0	6	0	0	0	0	0	0
conventional	ce612	245	0.254627	40.947307	1	14	7	4.412992	5.422247	11.492127	19.619941	0	0
conventional	ce613	245	0	37.644254	0	14	7	1.734237	11.000347	17.152244	7.757426	0.971622	0
conventional	ce614	245	0.254627	26.840600	1	14	7	1.759370	3.715030	11.576843	9.789357	0	0
holistic	he516	246	0	0	0	0	9	0	0	0	0	0	0
holistic	he517	246	0	0	0	0	2	0	0	0	0	1.373057	0
holistic	he518	246	0	0	0	0	4	0	0	0	0	0	0
conventional	ce615	246	0.254627	46.572831	1	14	7	6.873536	3.435447	16.804950	19.458898	0	0
conventional	ce616	246	0.254627	38.361635	1	14	7	1.249390	10.910961	11.883844	14.317440	0	0
holistic	he519	247	0	0	0	0	3	0	0	0	0	0	0
conventional	ce617	247	0	23.618265	0	14	7	2.203790	0.686966	13.525292	7.202217	0.675616	0
conventional	ce618	247	0	32.661899	0	14	7	3.327486	9.342248	12.774435	7.217730	0	0
conventional	ce619	247	0	39.120332	0	14	7	4.109905	4.396460	18.018654	12.595313	0.972153	0
conventional	ce620	248	0	44.946993	0	14	7	2.216206	4.080710	26.919514	11.730563	1.149668	0
conventional	ce621	248	0	41.053734	0	14	7	3.642096	9.681922	9.900486	17.829230	0.702802	0
conventional	ce622	248	0.221938	31.555917	1	14	7	3.805678	2.418474	12.197295	13.134470	0	0
holistic	he520	249	0	0	0	0	2	0	0	0	0	0	0
holistic	he521	249	0	0	0	0	5	0	0	0	0	0	0
conventional	ce623	249	0.254627	28.115373	1	14	7	3.103796	3.038212	13.352587	8.620778	0	0
holistic	he522	250	0	0	0	0	5	0	0	0	0	0.451431	0
conventional	ce624	250	0	32.195321	0	14	7	2.088283	8.563998	17.178544	4.364496	0.971622	0
conventional	ce625	250	0	38.724129	0	14	7	2.335130	6.089915	15.864423	14.434661	0.971622	0
conventional	ce626	250	0.254627	29.344555	1	14	7	3.161275	2.926206	12.750972	10.506102	0	0
holistic	he523	251	0	0	0	0	4	0	0	0	0	0	0
holistic	he524	251	0	7.284837	0	15	5	4.273524	0	0	3.011313	0	0
conventional	ce627	251	0.327336	35.839761	1	14	7	1.056256	6.997306	9.500964	18.285235	0.691768	0
conventional	ce628	251	0.254627	27.782706	1	14	7	3.732985	5.955345	12.087383	6.006993	0.691768	0
conventional	ce629	251	0	18.771467	0	14	7	0.567954	2.981209	10.574501	4.647803	0.675616	0
conventional	ce630	251	0	43.006102	0	14	7	8.890582	4.762745	21.748622	7.604153	1.149668	0
conventional	ce631	251	0	32.358255	0	14	7	5.064573	6.635539	9.883506	10.774637	1.104980	0
holistic	he525	252	0	0	0	0	2	0	0	0	0	0	0
conventional	ce632	252	0	21.799544	0	14	7	1.345188	4.243019	10.364942	5.846395	0	0
conventional	ce633	252	0	46.498364	0	14	7	5.899354	6.916524	29.028415	4.654071	1.149668	0
conventional	ce634	252	0	29.033822	0	14	7	2.006433	7.568609	5.616302	13.842478	0.190340	0
holistic	he526	253	0	1.795457	0	3	3	0.806620	0	0	0.988837	0	0
conventional	ce635	253	0.846306	25.679510	1	14	7	2.784570	3.628400	8.889848	10.376692	0	0
conventional	ce636	253	0	19.959509	0	14	7	1.397060	3.719740	11.271031	3.571678	0	0
conventional	ce637	254	0	39.809280	0	14	7	1.243689	12.047160	16.519779	9.998652	2.151247	0
conventional	ce638	254	0	54.750046	0	14	7	4.595076	4.049315	36.086066	10.019589	1.440251	0
conventional	ce639	254	0	36.748668	0	14	7	3.464034	5.683624	10.729521	16.871489	0.020940	0
conventional	ce640	254	0	37.334767	0	14	7	5.574744	3.645714	15.333532	12.780777	0.270514	0
conventional	ce641	254	0.063703	30.180072	1	14	7	4.190369	5.280023	13.661525	7.048155	0.691768	0
holistic	he527	255	0	0	0	0	2	0	0	0	0	0	0
holistic	he528	258	1.517513	1.517513	1	1	3	1.517513	0	0	0	0	0
conventional	ce642	258	0.254627	30.571455	1	14	7	2.132666	3.026831	14.010794	11.401164	0	0
conventional	ce643	258	0	44.930581	0	14	7	1.837949	7.563715	23.005007	12.523910	0.939602	0
conventional	ce644	258	0	40.172104	0	14	7	4.052073	5.657547	13.245188	17.217296	0.279653	0
holistic	he529	259	0	0	0	0	4	0	0	0	0	2.746114	0
conventional	ce645	259	0	35.301949	0	14	7	0.510211	9.261591	18.785138	6.745009	0.971622	0
holistic	he530	260	0	0	0	0	6	0	0	0	0	0	0
conventional	ce646	260	0	27.234463	0	14	7	4.207613	3.352439	11.869648	7.804763	0.000563	0
holistic	he531	261	0	0	0	0	8	0	0	0	0	0	0
conventional	ce647	261	0	37.786446	0	14	7	3.556195	7.367093	9.262895	17.600263	0.854306	0
holistic	he532	262	0	0	0	0	1	0	0	0	0	0	0
conventional	ce648	262	0.559946	35.222163	1	14	7	2.685318	5.133668	20.056988	7.346189	1.945078	0
conventional	ce649	263	0.254627	36.638742	1	14	7	5.863471	3.765694	15.952943	11.056634	0.369584	0
holistic	he533	264	0	0	0	0	2	0	0	0	0	0	0
conventional	ce650	264	0	42.429721	0	14	7	6.107602	8.848551	10.210774	17.262794	0.702802	0
holistic	he534	265	0	0	0	0	5	0	0	0	0	0	0
holistic	he535	266	0	0	0	0	6	0	0	0	0	0.601908	0
holistic	he536	266	0	3.504378	0	6	3	1.526704	0	0	1.977674	0	0
conventional	ce651	266	0	22.312392	0	14	7	1.644558	5.172517	11.959515	3.535802	0	0
conventional	ce652	266	0	43.689551	0	14	7	4.564946	3.708702	29.875361	5.540542	1.440251	0
conventional	ce653	266	0	37.475075	0	14	7	5.579551	2.709642	15.212668	13.973214	0.270514	0
conventional	ce654	266	0.072924	33.182453	1	14	7	5.577957	3.493152	13.518431	10.592913	2.533650	0
holistic	he537	267	0	0	0	0	5	0	0	0	0	0	0
conventional	ce655	267	0.559946	38.752398	1	14	7	3.878846	7.938794	8.526589	18.408169	1.945078	0
holistic	he538	268	0	0	0	0	3	0	0	0	0	0	0
holistic	he539	268	0	0	0	0	2	0	0	0	0	0	0
holistic	he540	268	0	0	0	0	5	0	0	0	0	0	0
holistic	he541	268	0	0	0	0	1	0	0	0	0	0	0
holistic	he542	269	0	0	0	0	1	0	0	0	0	0	0
holistic	he543	269	0	0	0	0	9	0	0	0	0	0	0
conventional	ce656	269	0	47.465770	0	14	7	7.559180	6.562102	25.848401	7.496087	1.630344	0
conventional	ce657	269	0	34.719268	0	14	7	5.207725	3.644122	12.868445	12.998976	0.223430	0
holistic	he544	270	0	0	0	0	6	0	0	0	0	0	0
holistic	he545	270	0	0	0	0	5	0	0	0	0	0	0
holistic	he546	270	0	0	0	0	7	0	0	0	0	0	0
conventional	ce658	270	0	43.158293	0	14	7	2.479020	6.347124	22.852303	11.479846	0.220126	0
holistic	he547	271	0	3.891447	0	12	4	2.088144	0	0	1.803303	0	0
conventional	ce659	271	0	34.507468	0	14	7	5.722895	1.646965	13.043656	14.093952	0.637043	0
conventional	ce660	271	0.299142	34.544363	1	14	7	2.579168	3.086088	17.008966	11.870141	0	0
conventional	ce661	271	0	33.279743	0	14	7	6.798611	1.788938	12.194401	12.497793	0.327654	0
conventional	ce662	271	0.254627	29.990827	1	14	7	1.782327	2.950800	11.526198	13.731502	0	0
holistic	he548	272	0	0	0	0	5	0	0	0	0	0	0
holistic	he549	272	0	0	0	0	1	0	0	0	0	0	0
holistic	he550	272	0	0	0	0	2	0	0	0	0	0	0
conventional	ce663	272	1.145290	17.709860	1	14	7	1.464922	3.458436	8.671388	4.115114	0.691768	0
holistic	he551	273	0	0	0	0	7	0	0	0	0	0	0
holistic	he552	273	0	0	0	0	1	0	0	0	0	0	0
holistic	he553	274	0	0	0	0	2	0	0	0	0	1.373057	0
holistic	he554	274	0	0	0	0	3	0	0	0	0	0	0
holistic	he555	274	0	0	0	0	6	0	0	0	0	0	0
conventional	ce664	274	0.254627	31.037269	1	14	7	2.573080	3.108149	12.480928	12.875112	0	0
holistic	he556	275	0	0	0	0	7	0	0	0	0	0	0
holistic	he557	275	0	0	0	0	1	0	0	0	0	0	0
holistic	he558	275	0	0	0	0	5	0	0	0	0	0	0
holistic	he559	276	0	0	0	0	2	0	0	0	0	0	0
holistic	he560	276	0	0	0	0	2	0	0	0	0	0	0
holistic	he561	276	0	0	0	0	2	0	0	0	0	0	0
holistic	he562	276	0	0	0	0	2	0	0	0	0	1.373057	0
holistic	he563	276	0	0	0	0	6	0	0	0	0	0	0
holistic	he564	277	0	3.677844	0	4	6	0	0	0	3.677844	0.601908	0
holistic	he565	277	0	0	0	0	5	0	0	0	0	0	0
conventional	ce665	277	0	34.322607	0	14	7	6.386119	3.250022	14.801179	9.885287	0.270514	0
conventional	ce666	277	0.212167	30.412247	1	14	7	0.777912	10.567995	8.450069	10.616271	0.019104	0
holistic	he566	278	0	0	0	0	4	0	0	0	0	0	0
holistic	he567	278	0	0	0	0	6	0	0	0	0	0	0
conventional	ce667	278	0	44.150699	0	14	7	2.859116	6.726654	23.806363	10.758566	0.220126	0
conventional	ce668	278	0	43.052493	0	14	7	4.334169	9.701866	11.795507	17.220951	0.956543	0
holistic	he568	279	0	0	0	0	2	0	0	0	0	0	0
holistic	he569	279	0	0	0	0	0	0	0	0	0	0	0
holistic	he570	279	0	0	0	0	5	0	0	0	0	0.451431	0
conventional	ce669	279	0	43.540337	0	14	7	4.777543	9.366954	11.082747	18.313093	0.325562	0
conventional	ce670	279	0.559946	32.878580	1	14	7	3.432539	8.539377	14.964990	5.941674	1.945078	0
conventional	ce671	279	0	31.206413	0	14	7	4.445632	0.627386	11.849293	14.284102	0.637043	0
conventional	ce672	279	0	34.517128	0	14	7	0.984943	9.730784	19.498215	4.303186	0.801248	0
conventional	ce673	279	0.254627	36.434343	1	14	7	4.812341	5.413084	13.941692	12.267226	0.691768	0
holistic	he571	280	0	0	0	0	2	0	0	0	0	0	0
holistic	he572	280	0	0	0	0	2	0	0	0	0	0	0
conventional	ce674	281	0	36.958756	0	14	7	2.331250	7.094388	7.707785	19.825333	0.643006	0
conventional	ce675	281	0	54.475778	0	14	7	8.382132	9.551052	32.807418	3.735176	1.149668	0
conventional	ce676	281	0	34.538748	0	14	7	4.645183	3.451430	13.500271	12.941864	0.582626	0
conventional	ce677	282	0	16.486686	0	14	7	1.028249	2.953388	9.637979	2.867070	0	0
holistic	he573	283	0	0	0	0	3	0	0	0	0	0	0
holistic	he574	283	0	0	0	0	1	0	0	0	0	0	0
holistic	he575	283	0	6.401595	0	12	5	3.435084	0	0	2.966511	0	0
holistic	he576	283	0	0	0	0	6	0	0	0	0	0.601908	0
holistic	he577	283	0	0	0	0	6	0	0	0	0	0	0
conventional	ce678	283	0	44.313364	0	14	7	3.207396	5.118459	25.619526	10.367983	0.971622	0
conventional	ce679	283	0.063703	33.524341	1	14	7	7.218428	4.557441	15.123558	6.624914	0.691768	0
holistic	he578	284	0	0	0	0	2	0	0	0	0	0	0
holistic	he579	284	0	0	0	0	6	0	0	0	0	0	0
holistic	he580	284	0	0	0	0	1	0	0	0	0	0	0
conventional	ce680	284	0	19.071040	0	14	7	1.073978	3.447416	9.559261	4.990385	0.675616	0
conventional	ce681	284	0	41.632001	0	14	7	3.548715	10.670143	8.992979	18.420164	0.702802	0
holistic	he581	285	0	0	0	0	3	0	0	0	0	0	0
conventional	ce682	285	0.254627	28.745030	1	14	7	4.728653	4.247234	15.775301	3.993842	0.269338	0
conventional	ce683	286	0	45.817298	0	14	7	2.295858	7.110533	23.307962	13.102945	0	0
conventional	ce684	286	0	48.709113	0	14	7	5.264742	7.551956	31.075914	4.816501	1.149668	0
holistic	he582	287	0	0	0	0	2	0	0	0	0	1.373057	0
conventional	ce685	287	0	34.784657	0	14	7	5.620412	2.392509	14.236664	12.535072	0.637043	0
holistic	he583	289	0	3.504378	0	6	3	1.526704	0	0	1.977674	0	0
holistic	he584	289	0	0	0	0	3	0	0	0	0	0	0
conventional	ce686	289	0	38.097734	0	14	7	6.282875	4.821993	14.207749	12.785117	0.983953	0
conventional	ce687	289	0	35.425440	0	14	7	5.830749	2.333618	13.504488	13.756585	0.637043	0
holistic	he585	290	0	0	0	0	5	0	0	0	0	0	0
conventional	ce688	290	1.849924	43.503408	1	14	7	2.367005	2.964767	26.192462	11.979174	1.370654	0
conventional	ce689	290	0.254627	38.331403	1	14	7	5.936344	3.761937	15.842164	12.790958	0	0
conventional	ce690	290	0.254627	29.137628	1	14	7	3.752025	5.466554	14.184705	5.734344	0.232314	0
conventional	ce691	290	0.254627	38.073092	1	14	7	6.144815	3.859768	16.040092	12.028417	0.758892	0
holistic	he586	291	0	0	0	0	6	0	0	0	0	0.601908	0
holistic	he587	291	0	0	0	0	2	0	0	0	0	0	0
conventional	ce692	291	0	40.577091	0	14	7	3.678799	6.406835	13.848174	16.643283	0.279653	0
conventional	ce693	291	0	44.045401	0	14	7	1.866118	7.605500	22.995788	11.577995	0.220126	0
conventional	ce694	291	1.145290	35.951450	1	14	7	6.701221	3.812720	15.686423	9.751086	0.691768	0
conventional	ce695	291	0.254627	33.008664	1	14	7	3.762618	3.643215	14.378792	11.224039	0	0
conventional	ce696	291	1.164522	46.645634	1	14	7	2.767901	6.734193	27.751837	9.391703	1.137735	0
conventional	ce697	291	0.254627	32.589441	1	14	7	5.065447	2.807330	13.444498	11.272166	0.691768	0
holistic	he588	292	0	0	0	0	6	0	0	0	0	0	0
holistic	he589	292	0	0	0	0	5	0	0	0	0	0	0
conventional	ce698	292	0	35.976172	0	14	7	3.805693	7.457834	8.095414	16.617231	1.041464	0
conventional	ce699	292	0	27.945239	0	14	7	2.135932	4.149894	11.423059	10.236354	0.689539	0
holistic	he590	293	0	0	0	0	6	0	0	0	0	0	0
holistic	he591	293	0	0	0	0	2	0	0	0	0	0	0
conventional	ce700	293	0.846306	21.981962	1	14	7	3.109361	2.511422	7.991696	8.369483	0	0
conventional	ce701	293	2.229890	33.083856	1	14	7	3.534909	3.947414	14.364401	11.237132	0.691768	0
conventional	ce702	293	0.254627	23.127953	1	14	7	3.081789	3.599810	8.296921	8.149433	0	0
conventional	ce703	293	0.372144	42.699275	1	14	7	8.515680	4.593121	19.494192	10.096282	0.213658	0
conventional	ce704	294	0.254627	50.614052	1	14	7	6.589663	2.766683	18.525453	22.732253	0	0
conventional	ce705	295	0.254627	32.863340	1	14	7	5.849660	4.024693	13.220446	9.768541	1.643890	0
conventional	ce706	295	0.063703	38.277910	1	14	7	7.333902	5.828962	18.999531	6.115515	0.691768	0
holistic	he592	296	0	0	0	0	1	0	0	0	0	0	0
holistic	he593	296	0	0	0	0	3	0	0	0	0	0	0
holistic	he594	297	0	0	0	0	2	0	0	0	0	0	0
conventional	ce707	297	0.660809	50.753398	1	14	7	5.583342	6.813102	31.766298	6.590656	0.840390	0
holistic	he595	299	0	0	0	0	2	0	0	0	0	0	0
holistic	he596	299	0	0	0	0	2	0	0	0	0	1.373057	0
conventional	ce708	299	1.145290	17.167579	1	14	7	2.038671	3.568232	7.672359	3.888317	0.691768	0
holistic	he597	300	0	0	0	0	5	0	0	0	0	0	0
holistic	he598	300	0	0	0	0	2	0	0	0	0	0	0
holistic	he599	300	0	0	0	0	8	0	0	0	0	0	0
holistic	he600	300	0	3.504378	0	6	3	1.526704	0	0	1.977674	0	0
conventional	ce709	300	0	40.015897	0	14	7	5.739955	3.932801	18.167594	12.175547	0.270514	0
holistic	he601	301	1.517513	1.517513	1	1	3	1.517513	0	0	0	0	0
conventional	ce710	301	0.254627	41.346264	1	14	7	4.395646	6.495039	14.033879	16.421700	0.691768	0
conventional	ce711	301	0.072924	35.133304	1	14	7	4.816250	3.020311	12.283805	15.012938	2.533650	0
conventional	ce712	301	0.254627	37.186539	1	14	7	6.369816	2.994439	17.068619	10.753665	0.002940	0
conventional	ce713	301	0	42.750431	0	14	7	2.474504	10.410656	10.459976	19.405295	1.222228	0
conventional	ce714	301	0	40.661728	0	14	7	7.855717	3.705997	22.473536	6.626478	1.630344	0
conventional	ce715	302	0	57.237237	0	14	7	4.465028	7.041150	35.570602	10.160457	0.220126	0
holistic	he602	303	1.061199	1.061199	1	1	4	1.061199	0	0	0	0	0
holistic	he603	303	0	0	0	0	5	0	0	0	0	0	0
conventional	ce716	303	0.063703	31.520431	1	14	7	4.538075	6.290801	14.917389	5.774166	0.691768	0
conventional	ce717	303	0	34.465352	0	14	7	5.747421	3.913509	13.665035	11.139387	1.630344	0
conventional	ce718	304	0	44.212713	0	14	7	2.089623	3.602677	22.220449	16.299964	1.149668	0
conventional	ce719	305	0.660809	43.252659	1	14	7	2.725673	8.227029	13.975404	18.324553	0.840390	0
conventional	ce720	305	0.063703	40.332092	1	14	7	3.271050	7.633566	15.927269	13.500207	0.691768	0
holistic	he604	306	0	6.401595	0	12	5	3.435084	0	0	2.966511	0	0
holistic	he605	306	0	0	0	0	7	0	0	0	0	0	0
holistic	he606	306	0	8.739885	0	12	4	5.794191	0	0	2.945694	0	0
conventional	ce721	306	0.063703	34.580661	1	14	7	4.892602	4.687161	15.870153	9.130745	0.691768	0
conventional	ce722	306	0.660809	47.010450	1	14	7	3.857941	6.529614	29.866319	6.756576	0.399197	0
conventional	ce723	307	0	29.873639	0	14	7	4.289847	2.180348	13.672382	9.731062	0	0
holistic	he607	308	0	0	0	0	1	0	0	0	0	0	0
conventional	ce724	308	0	41.787916	0	14	7	2.628893	4.238314	25.800121	9.120588	0.971622	0
conventional	ce725	308	0.254627	30.300509	1	14	7	4.757844	2.870281	12.138798	10.533586	0	0
conventional	ce726	308	0.063703	30.931542	1	14	7	3.906864	4.143072	13.434511	9.447095	1.349853	0
holistic	he608	310	0	0	0	0	2	0	0	0	0	0	0
conventional	ce727	310	0	36.613752	0	14	7	1.109459	6.817957	8.924912	19.761424	0.280602	0
conventional	ce728	310	0.254627	19.682559	1	14	7	2.781600	1.892323	7.135673	7.872963	0	0
conventional	ce729	311	0.254627	36.621301	1	14	7	5.498624	3.079595	19.660009	8.383073	0	0
conventional	ce730	311	0.254627	44.878054	1	14	7	7.258246	6.800715	14.107540	16.711553	0.691768	0
conventional	ce731	311	0	44.236338	0	14	7	3.592918	6.870358	22.166165	11.606897	1.630344	0
holistic	he609	312	0	0	0	0	5	0	0	0	0	0	0
holistic	he610	312	0	0	0	0	7	0	0	0	0	0	0
conventional	ce732	312	0	34.047313	0	14	7	5.112532	1.756774	13.902316	13.275691	0.327654	0
conventional	ce733	312	0	38.661400	0	14	7	4.681749	7.470600	7.511519	18.997532	0.854306	0
conventional	ce734	312	0.660809	33.455322	1	14	7	3.146699	6.857698	11.504513	11.946412	0.805060	0
conventional	ce735	312	0	39.876957	0	14	7	1.184527	10.847029	16.362814	11.482587	1.896962	0
holistic	he611	313	0	0	0	0	2	0	0	0	0	1.373057	0
conventional	ce736	313	0	32.680857	0	14	7	6.307021	0.505817	12.286983	13.581036	0.275019	0
conventional	ce737	314	0.254627	33.341963	1	14	7	4.839279	3.111456	13.361226	12.030002	0.691768	0
conventional	ce738	314	0.752533	27.442854	1	14	7	2.235805	3.469772	15.112465	6.624812	0	0
conventional	ce739	314	0	38.425527	0	14	7	7.568086	2.569335	12.742122	15.545984	0.926812	0
conventional	ce740	314	0.063703	26.553969	1	14	7	2.522738	2.868359	11.243614	9.919258	1.349853	0
conventional	ce741	314	0.561013	49.963589	1	14	7	8.925236	7.394159	23.309315	10.334879	0.213658	0
holistic	he612	315	0	5.542671	0	12	5	3.435084	0	0	2.107587	0	0
holistic	he613	316	0	0	0	0	1	0	0	0	0	0	0
holistic	he614	316	0	0	0	0	7	0	0	0	0	0	0
conventional	ce742	317	0.254627	33.324081	1	14	7	3.149996	6.737992	9.902429	13.533664	0.691768	0
conventional	ce743	317	0	43.287837	0	14	7	4.015124	5.690999	16.981190	16.600524	0.279653	0
holistic	he615	318	0	0	0	0	2	0	0	0	0	0	0
conventional	ce744	318	0.254627	29.776460	1	14	7	4.274122	4.132944	10.823244	10.546150	0.877355	0
conventional	ce745	318	0	48.426946	0	14	7	3.333537	8.610929	25.417675	11.064805	0.035198	0
holistic	he616	319	0	0	0	0	0	0	0	0	0	0	0
conventional	ce746	319	1.484702	21.752334	1	14	7	2.937718	1.976016	8.472038	8.366562	0	0
holistic	he617	320	0	0	0	0	7	0	0	0	0	0	0
holistic	he618	321	0	0	0	0	1	0	0	0	0	0	0
conventional	ce747	321	0.063703	27.775988	1	14	7	1.921506	3.310175	13.042093	9.502214	1.849441	0
conventional	ce748	321	0.254627	39.004055	1	14	7	5.442813	5.525966	16.625825	11.409451	0.499697	0
conventional	ce749	322	0	46.011314	0	14	7	3.528989	8.555646	26.253630	7.673049	1.207890	0
holistic	he619	323	0	0	0	0	9	0	0	0	0	0	0
conventional	ce750	323	0	32.379273	0	14	7	4.652904	1.789519	9.278844	16.658006	0.327654	0
conventional	ce751	323	0.063703	30.137091	1	14	7	4.988125	4.129472	12.155381	8.864113	1.349853	0
holistic	he620	324	1.517513	1.517513	1	1	3	1.517513	0	0	0	0	0
holistic	he621	324	1.061199	1.249678	1	1	6	1.249678	0	0	0	0	0
holistic	he622	326	0	0	0	0	2	0	0	0	0	0	0
holistic	he623	326	0	0	0	0	7	0	0	0	0	0	0
conventional	ce752	326	0.372144	38.472635	1	14	7	6.695457	4.987219	17.992387	8.797572	0.213658	0
holistic	he624	327	0	0	0	0	1	0	0	0	0	0	0
holistic	he625	327	0	0	0	0	2	0	0	0	0	2.220246	0
holistic	he626	328	0	0	0	0	2	0	0	0	0	0	0
holistic	he627	328	0	0	0	0	3	0	0	0	0	0	0
holistic	he628	328	0	0	0	0	7	0	0	0	0	0	0
holistic	he629	328	0	0.892158	0	6	3	0.337512	0	0	0.554646	0	0
holistic	he630	328	0	0	0	0	5	0	0	0	0	0	0
holistic	he631	328	0	0	0	0	3	0	0	0	0	0	0
holistic	he632	329	0	0	0	0	6	0	0	0	0	0.315736	0
holistic	he633	329	0	0	0	0	2	0	0	0	0	0	0
conventional	ce753	329	0	51.960548	0	14	7	3.851314	6.125700	29.470780	12.512754	0.971622	0
holistic	he634	330	0	0	0	0	4	0	0	0	0	0	0
holistic	he635	330	0	0	0	0	2	0	0	0	0	0	0
holistic	he636	330	0.027049	0.065304	1	2	2	0.065304	0	0	0	0	0
conventional	ce754	330	0	55.264208	0	14	7	3.268981	8.711655	29.408041	13.875531	1.251220	0
holistic	he637	331	0	12.146328	0	12	4	8.052525	0	0	4.093803	0	0
holistic	he638	331	0	0	0	0	8	0	0	0	0	0	0
conventional	ce755	331	0	34.795996	0	14	7	6.280246	3.341900	12.703637	12.470213	0.760270	0
conventional	ce756	331	0.001427	42.161195	1	14	7	4.659395	6.344417	13.840595	17.316788	1.844565	0
conventional	ce757	331	1.452259	35.437486	1	14	7	7.720521	3.077621	14.446226	10.193118	0.691768	0
holistic	he639	332	0	0	0	0	2	0	0	0	0	1.214004	0
holistic	he640	332	0	0	0	0	0	0	0	0	0	0	0
holistic	he641	332	1.061199	1.061199	1	1	4	1.061199	0	0	0	0	0
conventional	ce758	332	0.365909	28.434854	1	14	7	3.511452	3.829173	12.417486	8.676743	0	0
conventional	ce759	332	0.063703	29.542237	1	14	7	3.853759	3.049932	11.955287	10.683259	1.349853	0
conventional	ce760	332	0.063703	32.207684	1	14	7	3.350728	4.767568	15.486446	8.602942	0.744255	0
holistic	he642	333	0	0	0	0	3	0	0	0	0	0	1.566039
holistic	he643	334	0	0	0	0	8	0	0	0	0	0	0
holistic	he644	334	0	1.370513	0	2	2	0.381676	0	0	0.988837	0	0
holistic	he645	334	0	0	0	0	2	0	0	0	0	0	0
holistic	he646	334	0	0	0	0	7	0	0	0	0	0	0
conventional	ce761	334	0.227247	29.893985	1	14	7	4.999932	4.307611	11.923703	8.662739	1.349853	0
conventional	ce762	334	0.063703	37.862459	1	14	7	1.634814	9.745887	9.740818	16.740940	0.691768	0
holistic	he647	335	0	0	0	0	2	0	0	0	0	0	0
holistic	he648	335	0	0	0	0	6	0	0	0	0	0	0
holistic	he649	335	0	0	0	0	1	0	0	0	0	0	0
holistic	he650	335	1.517513	1.517513	1	1	3	1.517513	0	0	0	0	0
conventional	ce763	335	0.063703	37.087904	1	14	7	8.030065	5.701021	18.856551	4.500267	0.691768	0
holistic	he651	336	0	0	0	0	7	0	0	0	0	0	0
holistic	he652	336	0	0	0	0	7	0	0	0	0	0	0
holistic	he653	336	3.482368	3.520844	4	8	7	3.520844	0	0	0	1.258388	0
holistic	he654	336	0	0	0	0	2	0	0	0	0	0	0
holistic	he655	337	0	0	0	0	1	0	0	0	0	0	0
holistic	he656	337	0	0	0	0	2	0	0	0	0	0	0
holistic	he657	337	0	0	0	0	2	0	0	0	0	0	0
conventional	ce764	337	0.254627	37.844215	1	14	7	6.369816	2.994439	17.989741	10.490219	0.002940	0
conventional	ce765	337	0	48.620300	0	14	7	2.518297	6.237038	20.798067	19.066898	0.279653	0
holistic	he658	338	0	0	0	0	5	0	0	0	0	0	0
holistic	he659	338	0	0	0	0	5	0	0	0	0	0.451431	0
holistic	he660	338	0	0	0	0	2	0	0	0	0	2.220246	0
holistic	he661	338	0	0	0	0	1	0	0	0	0	0	0
conventional	ce766	338	0.365909	28.947072	1	14	7	4.629765	3.550320	12.373473	8.393514	0	0
conventional	ce767	338	0	33.634850	0	14	7	6.293678	2.685232	12.916840	11.739100	0.040256	0
conventional	ce768	338	0.372144	35.735211	1	14	7	4.594309	3.612084	15.107194	12.421624	0.213658	0
holistic	he662	339	0	0	0	0	3	0	0	0	0	0	0
holistic	he663	339	0	0	0	0	1	0	0	0	0	0	0
conventional	ce769	339	0	33.540238	0	14	7	6.211096	0.965478	14.429888	11.933776	0.760270	0
conventional	ce770	339	0	33.511124	0	14	7	4.901377	1.401372	14.694791	12.513584	0.409588	0
holistic	he664	340	0	0	0	0	10	0	0	0	0	0	0
holistic	he665	340	0	0	0	0	5	0	0	0	0	0	0
holistic	he666	340	0	0	0	0	2	0	0	0	0	0	0
holistic	he667	340	1.517513	1.517513	1	1	3	1.517513	0	0	0	0	0
conventional	ce771	340	0.063703	41.611903	1	14	7	3.165877	8.377783	18.939958	11.128285	0.691768	0
holistic	he668	341	0	0	0	0	6	0	0	0	0	1.361596	0
conventional	ce772	341	0.254627	49.928531	1	14	7	4.788412	10.862649	11.815899	22.461571	0	0
conventional	ce773	341	0.067499	36.594573	1	14	7	5.941687	3.054246	16.552359	11.046281	0.002940	0
conventional	ce774	341	0	43.597888	0	14	7	2.162424	10.637129	11.143219	19.655116	1.222228	0
holistic	he669	342	0	0	0	0	2	0	0	0	0	0	0
conventional	ce775	342	0	35.427731	0	14	7	5.965349	2.208764	15.414731	11.838887	1.365483	0
conventional	ce776	342	0.063703	26.893545	1	14	7	1.140394	3.392120	12.539224	9.821807	1.849441	0
holistic	he670	343	0	0	0	0	2	0	0	0	0	0	0
holistic	he671	343	0	0	0	0	1	0	0	0	0	0	0
holistic	he672	343	0	0	0	0	6	0	0	0	0	0	0
conventional	ce777	343	0	49.122014	0	14	7	3.131858	7.847802	25.209019	12.933335	0	0
conventional	ce778	343	0.669026	40.872388	1	14	7	8.596255	3.469662	15.260495	13.545976	0.213658	0
holistic	he673	344	0	0	0	0	6	0	0	0	0	0	0
holistic	he674	344	0	0	0	0	2	0	0	0	0	0	0
holistic	he675	344	1.466009	1.466009	1	1	4	1.466009	0	0	0	0	0
conventional	ce779	344	0.254627	33.458342	1	14	7	4.523144	6.646089	12.351986	9.937123	0	0
conventional	ce780	344	0.772782	27.471301	1	14	7	5.148291	4.218487	14.978228	3.126295	0.269338	0
conventional	ce781	344	0	34.984198	0	14	7	4.434001	1.995822	13.117768	15.436607	1.095321	0
holistic	he676	345	0	3.198030	0	6	3	1.526704	0	0	1.671326	0	0
holistic	he677	345	0	0	0	0	2	0	0	0	0	0	0
conventional	ce782	345	0.254627	49.164702	1	14	7	8.509552	7.262404	16.363779	17.028967	0.691768	0
conventional	ce783	345	0	43.224995	0	14	7	9.330411	5.199402	21.835748	6.859434	2.271914	0
conventional	ce784	346	0	52.771951	0	14	7	5.533555	8.585681	28.422857	10.229858	1.207890	0
conventional	ce785	346	0.063703	29.172604	1	14	7	5.105462	2.741550	9.458560	11.867032	1.349853	0
holistic	he678	347	0	0	0	0	2	0	0	0	0	0	0
holistic	he679	347	0	0	0	0	2	0	0	0	0	0	0
holistic	he680	347	4.285300	4.332648	4	8	6	4.332648	0	0	0	1.258388	0
conventional	ce786	347	0.561013	52.292894	1	14	7	7.827336	11.330889	20.558929	12.575740	0.213658	0
conventional	ce787	347	0.254627	32.407890	1	14	7	5.814716	4.195890	14.440631	7.956653	2.896149	0
conventional	ce788	348	0.227247	28.107681	1	14	7	5.020509	1.886958	12.376695	8.823519	1.349853	0
holistic	he681	349	0	0	0	0	2	0	0	0	0	0	0
holistic	he682	349	0	0	0	0	7	0	0	0	0	0	0
conventional	ce789	349	0	36.518956	0	14	7	5.517127	3.407823	15.237829	12.356177	0.914731	0
conventional	ce790	349	0	45.233260	0	14	7	8.296482	4.246286	22.021069	10.669423	2.067862	0
conventional	ce791	350	0.063703	29.405679	1	14	7	2.840762	1.303088	13.998778	11.263051	0.691768	0
holistic	he683	351	0.300591	1.834051	1	3	2	0.453904	0	0	1.380147	0	0
holistic	he684	351	0	0	0	0	2	0	0	0	0	1.373057	0
holistic	he685	351	0	0	0	0	5	0	0	0	0	0.236802	0
holistic	he686	351	0	0	0	0	2	0	0	0	0	0	0
conventional	ce792	351	0	35.977070	0	14	7	6.997987	1.713865	17.311124	9.954094	0.040256	0
conventional	ce793	351	0.365909	31.955700	1	14	7	5.344031	3.006361	14.122035	9.483273	0	0
conventional	ce794	351	0.001427	46.712848	1	14	7	4.652857	6.668257	15.648476	19.743258	1.844565	0
conventional	ce795	351	0	36.218661	0	14	7	5.546631	2.692761	13.782587	14.196682	0.327654	0
conventional	ce796	351	0.365909	27.904403	1	14	7	2.330573	4.836962	12.215731	8.521137	0	0
holistic	he687	352	0	0	0	0	2	0	0	0	0	0	0
holistic	he688	352	0	0	0	0	1	0	0	0	0	0	0
holistic	he689	352	0	0	0	0	1	0	0	0	0	0	0
holistic	he690	353	0	0	0	0	2	0	0	0	0	0	0
holistic	he691	353	0	0	0	0	5	0	0	0	0	0	0
conventional	ce797	353	0	35.493461	0	14	7	5.875741	2.910694	12.144682	14.562344	1.810477	0
conventional	ce798	353	0.063703	38.156566	1	14	7	4.133035	4.539123	14.033160	15.451248	1.349853	0
conventional	ce799	353	0.063703	40.024012	1	14	7	1.472086	6.731448	17.747567	14.072911	0.454012	0
conventional	ce800	353	0.161587	23.907883	1	14	7	1.795437	3.999290	8.073661	10.039495	1.349853	0
holistic	he692	354	0	0	0	0	2	0	0	0	0	2.220246	0
holistic	he693	355	0	0.407904	0	4	3	0.407904	0	0	0	0.680798	0
conventional	ce801	355	0	31.088424	0	14	7	6.827987	2.778992	14.878659	6.602786	0.760270	0
conventional	ce802	355	0	31.339364	0	14	7	6.197794	3.214138	8.928277	12.999155	0.275019	0
holistic	he694	356	0	0	0	0	4	0	0	0	0	0	0
conventional	ce803	357	0.628122	38.639554	1	14	7	1.965073	8.127564	9.932453	18.614464	1.676110	0
conventional	ce804	357	0.254627	19.078635	1	14	7	2.936376	2.026409	7.524573	6.591277	0	0
conventional	ce805	357	0.213364	44.372633	1	14	7	6.612272	6.588992	13.433445	17.737924	0.283612	0
holistic	he695	358	0	0	0	0	1	0	0	0	0	0	0
conventional	ce806	358	0	54.273264	0	14	7	4.044471	5.744216	31.453120	13.031457	0.332683	0
conventional	ce807	358	0	30.131083	0	14	7	2.825307	1.855978	14.096554	11.353244	0.409588	0
holistic	he696	359	0	0	0	0	1	0	0	0	0	0	0
holistic	he697	359	0.338121	0.338121	1	1	2	0	0	0	0.338121	0	0
conventional	ce808	359	0	39.219686	0	14	7	6.207678	4.961903	24.626153	3.423952	1.630344	0
conventional	ce809	359	0.092243	25.744918	1	14	7	1.146704	3.955316	10.569747	10.073151	2.400783	0
conventional	ce810	359	0.001427	41.022673	1	14	7	4.263767	5.644454	13.165824	17.948628	1.844565	0
holistic	he698	360	0	0	0	0	2	0	0	0	0	0	0
holistic	he699	360	0	2.301428	0	2	2	0.640928	0	0	1.660500	0	0
holistic	he700	360	0.771107	0.771107	1	1	4	0.771107	0	0	0	0	0
holistic	he701	361	0	0	0	0	1	0	0	0	0	0	0
holistic	he702	361	0	0	0	0	7	0	0	0	0	0	0
conventional	ce811	361	0.254627	29.795938	1	14	7	5.698579	4.171312	12.719199	7.206848	3.523515	0
conventional	ce812	361	0.063703	29.590263	1	14	7	3.705954	1.284935	13.374625	11.224749	0.691768	0
conventional	ce813	361	0	33.077228	0	14	7	6.229861	2.114055	10.404477	14.328835	0.760270	0
conventional	ce814	361	0.365909	27.990279	1	14	7	6.557190	2.166818	12.350894	6.915377	0	0
conventional	ce815	362	0.365909	34.323204	1	14	7	3.936355	3.979421	14.058685	12.348743	0	0
conventional	ce816	362	0.136412	43.516049	1	14	7	6.575628	4.857219	15.615880	16.467322	0.691768	0
conventional	ce817	362	0.112497	45.041948	1	14	7	2.127571	8.661088	19.517004	14.736285	0.675555	0
holistic	he703	363	0	0	0	0	6	0	0	0	0	0	0
holistic	he704	363	0	0	0	0	7	0	0	0	0	1.361596	0
conventional	ce818	363	0.254627	37.826162	1	14	7	5.918738	4.109784	20.636682	7.160958	0.201096	0
conventional	ce819	363	0.063703	31.082115	1	14	7	6.705764	2.408465	12.208176	9.759710	1.249033	0
conventional	ce820	363	0.567002	49.762902	1	14	7	4.188242	9.413241	26.803319	9.358100	0.854209	0
holistic	he705	364	0	0	0	0	2	0	0	0	0	0	0
conventional	ce821	364	0.566190	29.036008	1	14	7	1.495275	2.849709	14.563197	10.127827	1.849441	0
holistic	he706	365	4.552539	4.552539	3	3	5	4.552539	0	0	0	0	0
conventional	ce822	365	0.254627	34.724532	1	14	7	4.170304	6.774036	13.539679	10.240513	0	0
conventional	ce823	365	0.151669	47.094308	1	14	7	8.534138	4.533538	24.955805	9.070827	0.213658	0
conventional	ce824	365	0.365909	39.917627	1	14	7	6.123641	3.961948	17.001184	12.830854	0	0
conventional	ce825	365	0	60.230841	0	14	7	3.463760	9.885271	33.420343	13.461467	1.058201	0
conventional	ce826	365	0.063703	25.208717	1	14	7	2.991390	4.609018	6.413727	11.194582	1.849441	0
conventional	ce827	365	0	46.108326	0	14	7	11.193523	6.463348	23.743283	4.708172	2.271914	0
holistic	he707	366	0	0	0	0	0	0	0	0	0	0	0
holistic	he708	366	0	0	0	0	1	0	0	0	0	0	0
holistic	he709	366	0	0	0	0	2	0	0	0	0	2.475795	0
holistic	he710	366	0.067630	2.065856	1	3	2	0.685709	0	0	1.380147	0	0
conventional	ce828	366	0.056176	33.034386	1	14	7	4.302619	5.617113	14.824886	8.289768	0.691768	0
holistic	he711	367	0	0	0	0	5	0	0	0	0	0	0
holistic	he712	367	0	3.069668	0	8	6	3.069668	0	0	0	0.869608	0
conventional	ce829	367	0	27.609310	0	14	7	6.055525	3.038726	10.744570	7.770489	0.101018	0
conventional	ce830	367	0.254627	33.299860	1	14	7	4.338839	3.277796	12.169654	13.513571	0.877355	0
holistic	he713	368	0	3.198030	0	6	5	1.526704	0	0	1.671326	0.039100	0
conventional	ce831	368	0	35.561048	0	14	7	7.571264	0.965861	13.561930	13.461993	0.275019	0
conventional	ce832	368	0.397736	32.284111	1	14	7	6.004914	3.492797	13.216121	9.570279	1.349853	0
conventional	ce833	368	0	36.606966	0	14	7	6.024168	3.277207	14.899512	12.406079	0.760270	0
conventional	ce834	368	0	38.319484	0	14	7	3.615497	8.850293	20.103628	5.750066	1.207890	0
conventional	ce835	368	0.066413	48.190816	1	14	7	7.786161	6.955739	14.138885	19.310031	0.691768	0
conventional	ce836	368	0.598057	40.429126	1	14	7	6.722443	4.073668	14.044341	15.588674	0.070668	0
holistic	he714	369	0	0	0	0	3	0	0	0	0	0	0
conventional	ce837	369	0	31.691517	0	14	7	3.933706	5.003253	11.602617	11.151941	2.067862	0
holistic	he715	370	0	0	0	0	1	0	0	0	0	0	0
holistic	he716	370	0	0	0	0	6	0	0	0	0	0	0
holistic	he717	370	0	0.528392	0	2	4	0	0	0	0.528392	0	0
holistic	he718	370	0	0	0	0	5	0	0	0	0	0	0
holistic	he719	370	0	0	0	0	6	0	0	0	0	0	0
conventional	ce838	370	0.227247	49.323537	1	14	7	8.535457	8.000177	18.751196	14.036707	1.669876	0
conventional	ce839	370	0.794768	46.381698	1	14	7	6.886436	6.477984	15.697645	17.319633	0.691768	0
conventional	ce840	370	0	48.266993	0	14	7	3.091400	8.687935	27.028455	9.459203	0.035198	0
holistic	he720	371	0.338121	0.338121	1	1	2	0	0	0	0.338121	0	0
holistic	he721	371	0	0	0	0	2	0	0	0	0	0	0
conventional	ce841	371	0.561013	48.367099	1	14	7	7.561711	9.345883	20.370655	11.088850	0.213658	0
conventional	ce842	371	0	33.497170	0	14	7	8.581451	0.584774	12.660213	11.670732	0.242497	0
conventional	ce843	371	0.063703	30.313310	1	14	7	5.725672	2.194652	13.152736	9.240250	1.060278	0
conventional	ce844	372	0.566190	31.372196	1	14	7	0.938339	3.482750	16.358774	10.592333	1.849441	0
conventional	ce845	372	0.001427	40.345325	1	14	7	3.186384	6.344417	13.295001	17.519523	1.844565	0
conventional	ce846	372	0	34.004648	0	14	7	6.373383	1.758516	16.000103	9.872646	0.642288	0
conventional	ce847	372	0.066413	64.760649	1	14	7	12.424782	7.943498	25.553433	18.838936	0.691768	0
conventional	ce848	372	0.352219	30.478089	1	14	7	6.034151	3.458992	14.636445	6.348501	2.139778	0
holistic	he722	373	0	0	0	0	5	0	0	0	0	0	0
holistic	he723	373	0	0	0	0	4	0	0	0	0	0	0
holistic	he724	373	0	0	0	0	2	0	0	0	0	0	0
conventional	ce849	373	0	34.682567	0	14	7	2.873334	2.112709	15.589170	14.107354	0.355897	0
holistic	he725	374	0	0	0	0	1	0	0	0	0	0	0
holistic	he726	374	0	0	0	0	2	0	0	0	0	0	0
conventional	ce850	374	0.105249	27.359049	1	14	7	2.530096	4.529008	9.782929	10.517016	1.349853	0
conventional	ce851	374	0.230648	49.561056	1	14	7	9.020724	7.118685	18.529141	14.892506	0.691768	0
conventional	ce852	374	0	27.935493	0	14	7	4.985458	5.504324	12.828815	4.616896	1.207890	0
conventional	ce853	374	0.228476	33.257593	1	14	7	0.899329	3.541477	16.963272	11.853515	1.849441	0
conventional	ce854	374	0.365909	28.668208	1	14	7	6.126218	3.695848	11.240623	7.605519	0	0
holistic	he727	375	0	0	0	0	2	0	0	0	0	0	0
holistic	he728	375	0	0	0	0	3	0	0	0	0	4.440492	0
conventional	ce855	375	0	28.420495	0	14	7	1.608364	3.217741	11.867996	11.726394	1.672248	0
holistic	he729	376	0	0	0	0	4	0	0	0	0	0	0
holistic	he730	376	0	0	0	0	6	0	0	0	0	0.315736	0
holistic	he731	377	0.300591	1.788104	1	3	2	0.407957	0	0	1.380147	0	0
holistic	he732	378	0	0	0	0	3	0	0	0	0	0	0
holistic	he733	378	0	7.903948	0	8	4	1.852092	0	0	6.051856	0	0
conventional	ce856	378	0	33.334219	0	14	7	5.936380	3.446897	17.669704	6.281238	1.349853	0
conventional	ce857	378	0	37.194481	0	14	7	6.138413	2.261799	11.474229	17.320040	0	0
holistic	he734	379	0	0	0	0	3	0	0	0	0	0	0
conventional	ce858	379	0.063703	28.733952	1	14	7	4.188495	1.340833	10.129271	13.075353	1.349853	0
conventional	ce859	379	0.063703	25.177844	1	14	7	1.807978	3.301624	12.195545	7.872697	1.656692	0
holistic	he735	380	0	0	0	0	3	0	0	0	0	0	0
holistic	he736	380	0	1.380147	0	1	1	0	0	0	1.380147	0	0
holistic	he737	381	0	0	0	0	1	0	0	0	0	0	0
conventional	ce860	381	0.056392	27.312997	1	14	7	2.014614	3.957940	12.618076	8.722367	1.849441	0
conventional	ce861	381	0.462177	50.819377	1	14	7	6.445988	5.305354	19.485531	19.582504	0.691768	0
conventional	ce862	381	0	37.608964	0	14	7	7.310353	1.600480	15.693504	13.004627	0.760270	0
holistic	he738	382	0	0	0	0	3	0	0	0	0	0	0
conventional	ce863	382	0.224216	29.940085	1	14	7	1.228353	5.386041	12.941019	10.384672	1.849441	0
conventional	ce864	382	0.365909	29.018778	1	14	7	4.854619	1.207098	12.982497	9.974564	0	0
conventional	ce865	382	0.416411	31.174602	1	14	7	5.350779	4.383286	15.006973	6.433564	3.523515	0
conventional	ce866	383	0.398535	33.533534	1	14	7	3.623722	1.794160	14.935985	13.179667	0.691768	0
conventional	ce867	383	0.066413	29.011294	1	14	7	6.523894	3.379354	11.315834	7.792212	1.363952	0
conventional	ce868	383	0	29.640174	0	14	7	6.818244	3.715224	10.471190	8.635516	0.753368	0
holistic	he739	384	0	0	0	0	7	0	0	0	0	0	0
holistic	he740	384	1.466009	1.466009	1	1	4	1.466009	0	0	0	0	0
conventional	ce869	385	0	37.327535	0	14	7	6.642387	0.925080	14.315709	15.444359	0.327654	0
holistic	he741	386	0	0	0	0	6	0	0	0	0	0	0
holistic	he742	386	0	0	0	0	5	0	0	0	0	2.860029	0
conventional	ce870	386	0.113960	40.550686	1	14	7	5.380091	8.297460	15.367697	11.505438	0	0
conventional	ce871	386	0.887037	42.162127	1	14	7	1.751449	6.746647	19.207222	14.456809	1.849441	0
conventional	ce872	386	0.063703	18.426611	1	14	7	3.438387	1.326724	7.116162	6.545338	1.349853	0
holistic	he743	387	0	0	0	0	2	0	0	0	0	0	0
holistic	he744	387	3.035026	3.035026	2	2	6	3.035026	0	0	0	0	0
conventional	ce873	387	0	40.643782	0	14	7	6.920793	2.002702	14.076436	17.643851	0.046448	0
holistic	he745	388	0	1.370513	0	2	2	0.381676	0	0	0.988837	0	0
holistic	he746	388	0	0	0	0	2	0	0	0	0	0	0
holistic	he747	388	0	1.351515	0	4	6	1.351515	0	0	0	0.319846	0
holistic	he748	388	0	0	0	0	5	0	0	0	0	0	0
holistic	he749	388	0	0	0	0	1	0	0	0	0	0	0
holistic	he750	388	0	0	0	0	8	0	0	0	0	0	0
conventional	ce874	388	0.224216	29.591439	1	14	7	1.416976	5.386041	12.191361	10.597061	2.085741	0
holistic	he751	389	0.371878	2.347411	1	3	2	0.967264	0	0	1.380147	0	0
holistic	he752	389	0	6.308102	0	6	3	3.578900	0	0	2.729202	0	0
holistic	he753	390	1.302844	1.302844	1	1	3	1.302844	0	0	0	0	0
holistic	he754	390	0.771107	0.771107	1	1	10	0.771107	0	0	0	0	0
conventional	ce875	390	0.063703	34.352618	1	14	7	7.204735	3.107425	12.026905	12.013553	1.349853	0
holistic	he755	391	0	0	0	0	2	0	0	0	0	0	0
holistic	he756	391	0	0	0	0	3	0	0	0	0	0	0
holistic	he757	391	0	0	0	0	8	0	0	0	0	0	0
conventional	ce876	391	0	34.227067	0	14	7	5.384933	3.819628	16.414516	8.607990	0.753108	0
conventional	ce877	391	0.066413	70.929407	1	14	7	13.045241	7.087189	29.078351	21.718626	0.691768	0
holistic	he758	392	0	0	0	0	1	0	0	0	0	0	0
holistic	he759	392	0	0	0	0	5	0	0	0	0	0.019550	0
holistic	he760	392	0	0	0	0	4	0	0	0	0	0	0
holistic	he761	392	0	0	0	0	1	0	0	0	0	0	0
holistic	he762	392	0	0	0	0	3	0	0	0	0	4.440492	0
holistic	he763	392	0.300591	0.679994	1	2	2	0.679994	0	0	0	0	0
holistic	he764	392	1.387929	2.643577	1	2	5	2.643577	0	0	0	0.676290	0
conventional	ce878	392	0.662019	30.301704	1	14	7	2.703893	2.544684	15.001147	10.051980	2.071063	0
conventional	ce879	392	0.063703	28.097056	1	14	7	5.169128	3.258218	8.115803	11.553907	1.249033	0
conventional	ce880	392	0.224216	35.589061	1	14	7	3.044379	6.240214	14.465728	11.838740	2.512198	0
conventional	ce881	392	0.365909	26.906015	1	14	7	4.229147	2.988138	11.302580	8.386150	0	0
conventional	ce882	392	0.352219	32.719328	1	14	7	5.887478	4.831164	13.234753	8.765933	2.501125	0
holistic	he765	393	0	0	0	0	1	0	0	0	0	0	0
holistic	he766	393	0	0	0	0	1	0	0	0	0	0	0
conventional	ce883	393	0.566190	33.878711	1	14	7	0.879288	3.856628	18.567564	10.575231	1.849441	0
holistic	he767	394	0.038590	0.038590	1	1	2	0	0	0	0.038590	0	0
holistic	he768	394	0	0	0	0	6	0	0	0	0	0	0
holistic	he769	394	0	0	0	0	2	0	0	0	0	0	0
holistic	he770	394	0	0	0	0	9	0	0	0	0	0	0
holistic	he771	394	1.709131	1.709131	1	1	3	1.709131	0	0	0	0	0
conventional	ce884	394	0.352219	25.692477	1	14	7	5.464198	2.166062	11.081245	6.980972	2.139778	0
holistic	he772	395	0	0	0	0	2	0	0	0	0	0	0
holistic	he773	395	0	0	0	0	1	0	0	0	0	0	0
holistic	he774	395	0	0	0	0	2	0	0	0	0	0	0
holistic	he775	395	0	0	0	0	1	0	0	0	0	0	0
conventional	ce885	395	0.254627	29.375061	1	14	7	5.745965	2.669358	11.114432	9.845306	0.745963	0
holistic	he776	396	0	0	0	0	6	0	0	0	0	0	0
holistic	he777	396	0.676242	0.676242	2	2	3	0	0	0	0.676242	0	0
holistic	he778	396	0	0	0	0	6	0	0	0	0	0.001257	0
holistic	he779	396	1.517513	1.517513	1	1	3	1.517513	0	0	0	0	0
holistic	he780	396	0	0	0	0	2	0	0	0	0	0	0
holistic	he781	396	0	0	0	0	2	0	0	0	0	0	0
holistic	he782	396	0	0	0	0	1	0	0	0	0	0	0
holistic	he783	397	0	1.591782	0	2	2	0.602945	0	0	0.988837	0	0
holistic	he784	397	0	0	0	0	6	0	0	0	0	0	0
holistic	he785	397	0	0	0	0	1	0	0	0	0	0	0
holistic	he786	397	1.302844	1.302844	1	1	3	1.302844	0	0	0	0	0
holistic	he787	398	0	0	0	0	3	0	0	0	0	2.220246	0
holistic	he788	398	0	0	0	0	3	0	0	0	0	0	0
holistic	he789	398	5.211376	5.211376	4	4	5	5.211376	0	0	0	0	0
holistic	he790	398	0	0	0	0	1	0	0	0	0	0	0
holistic	he791	398	0	0	0	0	6	0	0	0	0	0	0
conventional	ce886	398	0.063703	23.382517	1	14	7	0.147492	6.924173	12.271796	4.039056	0.373763	0
conventional	ce887	398	0	31.695880	0	14	7	3.279685	3.506287	15.128490	9.781418	0.760270	0
conventional	ce888	398	0.410993	29.903861	1	14	7	1.851677	5.797422	12.269356	9.985406	2.085741	0
holistic	he792	399	0	0	0	0	1	0	0	0	0	0	0
holistic	he793	399	0	0	0	0	1	0	0	0	0	0	0
holistic	he794	399	3.250458	1.649366	2	2	4	1.649366	0	0	0	0	0
holistic	he795	399	0	0	0	0	2	0	0	0	0	0	0
conventional	ce889	399	0.254627	27.954400	1	14	7	6.656373	3.434335	10.629499	7.234193	0.653732	0
conventional	ce890	399	0.410993	29.638481	1	14	7	3.179323	4.698006	11.883896	9.877256	2.085741	0
holistic	he796	400	0	0	0	0	2	0	0	0	0	0	0
holistic	he797	400	0	0	0	0	4	0	0	0	0	0	0
holistic	he798	400	0	0	0	0	1	0	0	0	0	0	0
holistic	he799	400	0	1.766252	0	2	2	0.491886	0	0	1.274366	0	0
holistic	he800	400	0.338121	0.338121	1	1	2	0	0	0	0.338121	0	0
conventional	ce891	400	0.254627	26.686241	1	14	7	2.247866	4.456529	12.940158	7.041688	3.309973	0
conventional	ce892	400	0.063703	32.751736	1	14	7	3.509683	6.140037	14.981781	8.120235	1.755560	0
holistic	he801	401	0	0	0	0	5	0	0	0	0	0	0
holistic	he802	401	0	0	0	0	4	0	0	0	0	0	0
holistic	he803	401	1.517513	1.517513	1	1	3	1.517513	0	0	0	0	0
conventional	ce893	401	0.598057	43.644405	1	14	7	2.451970	8.730589	18.752942	13.708904	0.070668	0
holistic	he804	402	1.466009	1.466009	1	1	4	1.466009	0	0	0	0	0
conventional	ce894	402	0.063703	30.360978	1	14	7	6.127761	2.506850	11.690177	10.036190	1.249033	0
holistic	he805	403	0	0	0	0	7	0	0	0	0	0	0
holistic	he806	404	0.676242	0.676242	2	2	3	0	0	0	0.676242	0	0
holistic	he807	404	0	0	0	0	8	0	0	0	0	0.315736	0
holistic	he808	404	0	0	0	0	2	0	0	0	0	2.031529	0
holistic	he809	404	0	0	0	0	2	0	0	0	0	0	0
conventional	ce895	404	0.136412	44.692332	1	14	7	7.047049	4.294267	18.668639	14.682377	0.784242	0
conventional	ce896	404	0.063703	37.963489	1	14	7	7.934135	2.915981	11.960895	15.152478	1.349853	0
holistic	he810	405	0.300591	0.679994	1	2	2	0.679994	0	0	0	0	0
holistic	he811	405	0	0	0	0	7	0	0	0	0	0	0
holistic	he812	405	0	0	0	0	9	0	0	0	0	0	0
conventional	ce897	405	0.063703	17.326963	1	14	7	3.447412	1.467058	7.819513	4.592980	1.349853	0
conventional	ce898	405	0.254627	27.450823	1	14	7	5.047774	2.742221	12.454619	7.206209	0.517792	0
holistic	he813	406	0	0	0	0	2	0	0	0	0	0	0
conventional	ce899	406	0	31.514892	0	14	7	3.905252	3.223270	11.289099	13.097271	0.327654	0
conventional	ce900	406	0.566190	23.489616	1	14	7	1.814018	2.700387	13.716338	5.258873	1.801963	0
holistic	he814	407	0	0	0	0	2	0	0	0	0	0	0
holistic	he815	407	0	0	0	0	1	0	0	0	0	0	0
holistic	he816	407	0	0	0	0	2	0	0	0	0	0	0
holistic	he817	407	0	0	0	0	1	0	0	0	0	0	0
conventional	ce901	407	0.224216	32.505517	1	14	7	1.075423	4.520542	13.352096	13.557456	2.085741	0
holistic	he818	408	0	0	0	0	3	0	0	0	0	0	0
conventional	ce902	408	0	34.763662	0	14	7	6.106694	1.765624	15.998319	10.893025	0.642288	0
holistic	he819	409	0	0	0	0	6	0	0	0	0	0	0
holistic	he820	409	1.517513	1.517513	1	1	3	1.517513	0	0	0	0	0
conventional	ce903	409	0	38.118424	0	14	7	4.437234	10.366172	18.316562	4.998456	0.691768	0
conventional	ce904	410	0.224216	33.896869	1	14	7	1.674577	6.061769	16.327014	9.833509	2.085741	0
holistic	he821	411	0	0	0	0	1	0	0	0	0	0	0
holistic	he822	411	0.467227	0.467227	1	1	2	0	0	0	0.467227	0	0
holistic	he823	411	0	0	0	0	2	0	0	0	0	0	0
holistic	he824	411	0	0	0	0	7	0	0	0	0	0	0
conventional	ce905	411	0.196417	26.366765	1	14	7	4.803153	0.949008	12.271848	8.342756	0	0
conventional	ce906	411	0.063703	12.577781	1	14	7	3.495313	0.889394	5.801983	2.391091	1.590764	0
conventional	ce907	411	0	31.760117	0	14	7	3.815794	3.652127	14.448083	9.844113	0.760270	0
holistic	he825	412	0	0	0	0	1	0	0	0	0	0	0
holistic	he826	413	0	0	0	0	3	0	0	0	0	0	0
holistic	he827	413	0	0	0	0	6	0	0	0	0	0	0
conventional	ce908	413	0	26.966791	0	14	7	4.248882	5.021226	12.080342	5.616341	1.207890	0
conventional	ce909	413	0.352219	31.457502	1	14	7	6.023254	3.576717	14.273403	7.584128	1.824466	0
conventional	ce910	413	0.598057	57.146551	1	14	7	7.098233	7.312895	22.635470	20.099953	0.070668	0
conventional	ce911	413	0.063703	58.925544	1	14	7	7.007500	9.882557	29.472681	12.562806	1.249033	0
conventional	ce912	413	0.254627	29.990722	1	14	7	5.864011	0.898615	14.485816	8.742280	0.745963	0
conventional	ce913	413	0.063703	32.563298	1	14	7	0.960253	7.908427	15.199100	8.495518	1.349853	0
holistic	he828	414	0	0	0	0	4	0	0	0	0	0	0
conventional	ce914	414	0.887037	20.813108	1	14	7	0.747812	4.463830	10.413074	5.188392	1.941753	0
holistic	he829	415	0.300591	0.664208	1	2	2	0.664208	0	0	0	0	0
holistic	he830	415	0	0.494477	0	1	2	0.494477	0	0	0	0	0
holistic	he831	415	0	0	0	0	1	0	0	0	0	0	0
conventional	ce915	415	0	38.979021	0	14	7	5.817061	1.128895	14.108826	17.924239	0.327654	0
conventional	ce916	415	0.558820	37.894431	1	14	7	1.519697	5.771390	17.276967	13.326377	2.085741	0
conventional	ce917	415	0.398535	33.890002	1	14	7	3.540895	1.514032	14.583521	14.251554	0.691768	0
holistic	he832	416	0	0	0	0	3	0	0	0	0	0	0
holistic	he833	416	0	0	0	0	3	0	0	0	0	0	0
conventional	ce918	418	0.561013	50.565089	1	14	7	6.219623	9.636375	21.790066	12.919025	0.213658	0
conventional	ce919	418	0.254627	31.104223	1	14	7	6.127981	4.235452	12.965541	7.775249	3.523515	0
holistic	he834	419	0	0	0	0	1	0	0	0	0	0	0
conventional	ce920	419	0.339688	34.584426	1	14	7	1.836062	5.475654	15.872555	11.400155	2.085741	0
conventional	ce921	419	0.267788	29.170652	1	14	7	5.780720	2.751831	13.303483	7.334618	3.726903	0
holistic	he835	420	0.141020	0.141020	2	2	3	0	0	0	0.141020	0	0
holistic	he836	420	0	0	0	0	1	0	0	0	0	0	0
holistic	he837	421	0	0	0	0	1	0	0	0	0	0	0
holistic	he838	421	0	0	0	0	2	0	0	0	0	0	0
conventional	ce922	421	0.063703	22.973603	1	14	7	0.813616	6.606473	12.019289	3.534225	0.373763	0
conventional	ce923	421	0	41.967713	0	14	7	7.253917	3.625583	14.776465	16.311748	0.070668	0
conventional	ce924	422	0.105249	28.477219	1	14	7	2.755028	4.356359	12.020914	9.344918	1.500357	0
conventional	ce925	422	0.063703	34.852625	1	14	7	5.499478	2.933887	14.625090	11.794170	1.060278	0
holistic	he839	423	0	0	0	0	3	0	0	0	0	4.440492	0
conventional	ce926	423	0.105249	27.231376	1	14	7	2.373395	4.598605	10.718029	9.541347	1.349853	0
holistic	he840	424	0	0	0	0	2	0	0	0	0	0	0
conventional	ce927	424	0.495950	25.119423	1	14	7	3.212641	6.606473	12.654252	2.646057	0.373763	0
conventional	ce928	424	0.352219	29.877996	1	14	7	7.065183	2.950767	13.374258	6.487788	1.635337	0
holistic	he841	425	0	0	0	0	4	0	0	0	0	0	0
holistic	he842	426	0	0	0	0	3	0	0	0	0	0	0
holistic	he843	426	0	0	0	0	5	0	0	0	0	0	0
conventional	ce929	426	0.865267	35.194008	1	14	7	6.353336	6.187239	14.830501	7.822932	1.829182	0
conventional	ce930	426	0.655391	27.034071	1	14	7	5.789924	2.256826	10.311448	8.675873	0	0
conventional	ce931	427	0.063703	34.633013	1	14	7	8.614305	3.178019	18.873263	3.967426	1.060278	0
conventional	ce932	427	0.352219	30.023591	1	14	7	2.616538	7.843369	10.139210	9.424474	2.139778	0
conventional	ce933	427	0.887037	43.872420	1	14	7	4.400789	4.142958	19.298041	16.030632	1.974460	0
conventional	ce934	427	0.224216	38.279331	1	14	7	2.732564	7.204938	15.675382	12.666447	2.512198	0
holistic	he844	428	0	0	0	0	6	0	0	0	0	0	0
conventional	ce935	428	0.165376	37.144321	1	14	7	7.462803	5.000202	15.037650	9.643666	1.643890	0
conventional	ce936	428	0.561013	49.112679	1	14	7	5.899512	6.576662	24.351218	12.285287	1.246170	0
conventional	ce937	428	0.002652	24.632064	1	14	7	0.916060	3.112153	13.589687	7.014164	0.373763	0
holistic	he845	429	0	0	0	0	2	0	0	0	0	0	0
holistic	he846	430	0.300591	0.664208	1	2	2	0.664208	0	0	0	0	0
holistic	he847	430	0	0	0	0	1	0	0	0	0	0	0
conventional	ce938	430	0	36.749383	0	14	7	6.649833	1.133937	15.193708	13.771905	0.241949	0
conventional	ce939	430	0.412697	26.484028	1	14	7	5.711021	2.649233	11.023929	7.099845	1.113616	0
holistic	he848	431	0	0	0	0	4	0	0	0	0	0	0
conventional	ce940	431	0	43.171400	0	14	7	4.832155	13.023987	20.301036	5.014222	1.127716	0
conventional	ce941	431	0.254627	27.471498	1	14	7	5.694809	2.548205	9.827325	9.401159	0.745963	0
holistic	he849	432	0	0	0	0	4	0	0	0	0	0	0
holistic	he850	432	0	0	0	0	2	0	0	0	0	0	0
conventional	ce942	432	0	34.068314	0	14	7	5.374106	1.627986	14.299613	12.766609	0	0
conventional	ce943	432	0.063703	27.603587	1	14	7	1.998042	5.759095	12.286070	7.560380	0.373763	0
conventional	ce944	432	0.398535	31.831561	1	14	7	3.664569	6.230995	16.326176	5.609821	0.323926	0
conventional	ce945	432	0.365909	21.925119	1	14	7	4.670965	1.380038	8.699782	7.174334	0	0
conventional	ce946	432	0.150630	33.686819	1	14	7	5.599530	2.767697	11.438832	13.880760	1.249033	0
holistic	he851	433	0	0	0	0	4	0	0	0	0	0	0
holistic	he852	433	0	0	0	0	2	0	0	0	0	0	0
holistic	he853	434	0	0	0	0	1	0	0	0	0	0	0
holistic	he854	434	0	0	0	0	2	0	0	0	0	0	0
holistic	he855	434	0	0	0	0	4	0	0	0	0	0	0
conventional	ce947	434	0.254627	21.301390	1	14	7	2.483952	2.680310	11.791927	4.345201	3.309973	0
conventional	ce948	434	0.063703	10.850399	1	14	7	2.507599	0.425540	4.826097	3.091163	1.349853	0
conventional	ce949	434	0.150630	35.769321	1	14	7	6.067330	3.516499	17.173159	9.012333	1.249033	0
holistic	he856	435	0	0	0	0	4	0	0	0	0	0	0
holistic	he857	436	0	0	0	0	4	0	0	0	0	0	0
holistic	he858	436	0	0	0	0	5	0	0	0	0	0	0
holistic	he859	437	1.302844	1.302844	1	1	3	1.302844	0	0	0	0	0
holistic	he860	438	0	0	0	0	2	0	0	0	0	0	0
holistic	he861	438	0	0	0	0	1	0	0	0	0	0	0
holistic	he862	439	0.300591	0.654405	1	2	2	0.654405	0	0	0	0	0
holistic	he863	440	0	0	0	0	8	0	0	0	0	0	0
holistic	he864	440	0	0	0	0	6	0	0	0	0	0	0
conventional	ce950	440	0.063703	22.576690	1	14	7	0.584681	6.685180	10.763387	4.543442	0.541645	0
holistic	he865	441	0	1.766252	0	2	2	0.491886	0	0	1.274366	0	0
conventional	ce951	441	0	29.936850	0	14	7	4.795920	2.334704	9.257334	13.548892	0.089619	0
conventional	ce952	441	0.398535	32.742212	1	14	7	3.579930	1.926703	13.365361	13.870218	0.691768	0
holistic	he866	442	0	0	0	0	3	0	0	0	0	0	0
conventional	ce953	442	0	40.777752	0	14	7	5.896646	2.250942	19.578276	13.051888	0.327654	0
conventional	ce954	442	0.063703	32.703611	1	14	7	7.657685	2.825608	11.988446	10.231872	1.349853	0
holistic	he867	443	0	0	0	0	1	0	0	0	0	0	0
conventional	ce955	443	0.254627	20.966499	1	14	7	1.783784	3.040913	8.437180	7.704622	1.907127	0
conventional	ce956	443	0	38.480126	0	14	7	5.194992	3.105205	12.208604	17.971325	0.328112	0
conventional	ce957	443	0.063703	32.694549	1	14	7	5.354596	2.316399	13.661239	11.362315	1.249033	0
holistic	he868	444	0	0	0	0	7	0	0	0	0	0	0
conventional	ce958	444	0.002652	23.988225	1	14	7	0.916060	2.347619	13.589687	7.134859	0.373763	0
conventional	ce959	445	0.566190	45.058186	1	14	7	4.295952	3.727788	20.304756	16.729690	1.801963	0
holistic	he869	446	0	0	0	0	4	0	0	0	0	0	0
conventional	ce960	446	0.254627	29.380577	1	14	7	6.921601	3.555726	11.929433	6.973817	0.653732	0
conventional	ce961	446	0.225154	29.980198	1	14	7	4.084521	8.243412	12.263766	5.388499	0.323926	0
holistic	he870	447	0	0	0	0	4	0	0	0	0	0	0
holistic	he871	448	0	0	0	0	3	0	0	0	0	0.192458	0
holistic	he872	448	0	0	0	0	3	0	0	0	0	0	0
conventional	ce962	448	0.398535	32.733010	1	14	7	1.343151	8.150245	16.469958	6.769656	0.323926	0
holistic	he873	450	0	0	0	0	6	0	0	0	0	0	0
conventional	ce963	450	0.398535	31.076818	1	14	7	3.150199	1.007638	13.386202	13.532779	0.918749	0
conventional	ce964	450	0.352219	36.912757	1	14	7	3.867187	4.344516	18.274435	10.426619	2.055742	0
conventional	ce965	450	0	35.371821	0	14	7	6.715047	1.689540	14.200625	12.766609	0	0
conventional	ce966	450	0.365909	28.917844	1	14	7	5.165710	3.412652	12.674916	7.664566	0	0
holistic	he874	451	0.338121	0.338121	1	1	3	0	0	0	0.338121	0	0
holistic	he875	452	1.467413	1.206002	1	1	9	0	0	0	1.206002	0	0
holistic	he876	452	1.946026	1.946026	1	1	2	1.946026	0	0	0	0	0
holistic	he877	452	0.395474	1.298276	1	2	2	1.298276	0	0	0	0	0
conventional	ce967	452	0.428408	30.327045	1	14	7	0.708354	4.921292	10.688641	14.008758	2.371769	0
conventional	ce968	452	0.449648	25.970016	1	14	7	2.707176	4.230618	10.351111	8.681111	0.949604	0
conventional	ce969	452	0.063703	31.051288	1	14	7	4.369128	6.409343	14.843677	5.429140	1.249033	0
conventional	ce970	452	0.254627	27.768571	1	14	7	5.886376	2.414265	11.107636	8.360294	3.309973	0
conventional	ce971	452	0.887037	20.023696	1	14	7	0.206446	4.299487	11.273211	4.244552	1.941753	0
conventional	ce972	453	0.926942	22.108532	2	14	7	0.377491	5.911051	11.843252	3.976738	0.373763	0
holistic	he878	454	0	0	0	0	1	0	0	0	0	0	0
holistic	he879	455	0	2.549961	0	3	3	0.001229	0	0	2.548732	0	0
holistic	he880	455	0	0	0	0	3	0	0	0	0	0	0
holistic	he881	455	0	0	0	0	4	0	0	0	0	0	0
holistic	he882	455	0.934454	0.934454	2	2	4	0	0	0	0.934454	0	0
holistic	he883	455	0	0	0	0	3	0	0	0	0	0	0
conventional	ce973	455	0.063703	30.958561	1	14	7	5.523452	2.594150	13.652329	9.188630	1.440443	0
conventional	ce974	455	0.554383	25.766015	1	14	7	6.453216	2.105794	9.988536	7.218469	1.897576	0
holistic	he884	456	0	0	0	0	3	0	0	0	0	0	0
holistic	he885	456	1.873378	1.873378	1	1	2	1.873378	0	0	0	0	0
holistic	he886	456	0.300591	0.679994	1	2	2	0.679994	0	0	0	0	0
conventional	ce975	456	0.029960	33.127890	1	14	7	6.460344	3.928459	11.417690	11.321397	1.249033	0
holistic	he887	457	0	0	0	0	5	0	0	0	0	0	0
holistic	he888	457	0	0	0	0	4	0	0	0	0	0	0
holistic	he889	458	0	0	0	0	2	0	0	0	0	0	0
holistic	he890	458	0	0	0	0	5	0	0	0	0	0	0
holistic	he891	458	0	0	0	0	1	0	0	0	0	0	0
holistic	he892	458	0	0	0	0	2	0	0	0	0	0	0
conventional	ce976	458	0.339688	39.416059	1	14	7	4.138393	6.789529	17.012126	11.476011	2.085741	0
conventional	ce977	458	0.002652	24.204264	1	14	7	1.080704	2.709098	15.239768	5.174694	0.373763	0
conventional	ce978	458	0.558820	37.554261	1	14	7	1.535854	6.707666	17.236348	12.074393	2.085741	0
holistic	he893	459	0	0	0	0	5	0	0	0	0	0	0
holistic	he894	459	0	0	0	0	1	0	0	0	0	0	0
holistic	he895	459	0	0	0	0	1	0	0	0	0	0	0
holistic	he896	459	0	0	0	0	3	0	0	0	0	0	0
holistic	he897	459	0	0	0	0	1	0	0	0	0	0	0
conventional	ce979	459	0	36.534836	0	14	7	4.688729	10.229013	17.179541	4.437553	0.282071	0
holistic	he898	460	0	0	0	0	4	0	0	0	0	0	0
holistic	he899	460	0	0	0	0	1	0	0	0	0	0	0
holistic	he900	460	0	0	0	0	4	0	0	0	0	0	0
conventional	ce980	460	1.748844	23.573153	1	14	7	0.735126	4.676710	12.213380	5.947937	3.309973	0
conventional	ce981	460	0.566190	20.866433	1	14	7	2.166346	3.242381	8.533717	6.923989	1.801963	0
conventional	ce982	460	0.365909	21.806311	1	14	7	4.670965	1.774456	7.929006	7.431884	0	0
holistic	he901	461	0	0.129425	0	1	3	0.129425	0	0	0	0	0
holistic	he902	461	0	0	0	0	1	0	0	0	0	0	0
conventional	ce983	461	0.365909	24.947882	1	14	7	4.404686	1.970807	9.826330	8.746059	0	0
conventional	ce984	461	0.120916	21.489782	1	14	7	1.288239	5.612939	10.606182	3.982422	1.399025	0
holistic	he903	462	0	0	0	0	1	0	0	0	0	0	0
holistic	he904	462	0	0	0	0	2	0	0	0	0	0	0
conventional	ce985	462	0.558820	42.801177	1	14	7	0.858559	6.646418	18.416455	16.879745	2.085741	0
holistic	he905	463	0	0	0	0	4	0	0	0	0	0	0
holistic	he906	463	0	0	0	0	2	0	0	0	0	0	0
holistic	he907	463	0	0	0	0	2	0	0	0	0	0	0
holistic	he908	463	0	0	0	0	5	0	0	0	0	0	0
conventional	ce986	463	0.063703	23.532775	1	14	7	3.838684	1.803958	10.732205	7.157928	1.349853	0
holistic	he909	464	0	0	0	0	4	0	0	0	0	0	0
holistic	he910	464	0	0	0	0	6	0	0	0	0	0	0
holistic	he911	464	0	0	0	0	4	0	0	0	0	0	0
holistic	he912	464	0	0	0	0	2	0	0	0	0	0	0
holistic	he913	465	0	0	0	0	4	0	0	0	0	0	0
conventional	ce987	465	0.029960	32.860576	1	14	7	5.661708	4.117191	11.680533	11.401144	1.992521	0
holistic	he914	466	0	0	0	0	1	0	0	0	0	0	0
holistic	he915	466	0	0	0	0	1	0	0	0	0	0	0
conventional	ce988	466	0.561013	39.995460	1	14	7	3.093168	7.317644	21.102354	8.482294	0.798415	0
conventional	ce989	466	0	43.188741	0	14	7	6.081636	0.978301	16.798054	19.330750	0.327654	0
conventional	ce990	466	0.495950	24.395971	1	14	7	3.451219	5.583421	14.317110	1.044221	0.373763	0
holistic	he916	467	0	0	0	0	2	0	0	0	0	0	0
holistic	he917	467	1.517513	1.517513	1	1	3	1.517513	0	0	0	0	0
holistic	he918	468	0	0	0	0	1	0	0	0	0	0	0
holistic	he919	468	0	0	0	0	4	0	0	0	0	0	0
holistic	he920	468	0	0	0	0	10	0	0	0	0	0	0
holistic	he921	468	0	0	0	0	3	0	0	0	0	0	0
conventional	ce991	468	0.254627	27.208299	1	14	7	5.790978	2.491702	10.273975	8.651644	0.745963	0
holistic	he922	469	0	0	0	0	3	0	0	0	0	0	0
holistic	he923	469	0	0	0	0	2	0	0	0	0	0	0
holistic	he924	469	0	0	0	0	3	0	0	0	0	0	0
conventional	ce992	469	0.495950	34.817069	1	14	7	5.105451	6.182740	20.312122	3.216756	0.299831	0
conventional	ce993	469	0.105249	26.459862	1	14	7	2.544843	4.615232	9.758440	9.541347	1.349853	0
conventional	ce994	470	1.608297	26.253917	2	14	7	0.909548	5.827463	16.129513	3.387393	0.373763	0
conventional	ce995	470	0.339688	33.493307	1	14	7	2.051768	6.520635	14.864231	10.056673	2.085741	0
conventional	ce996	470	0.561013	44.623204	1	14	7	4.693094	8.213653	21.033372	10.683085	0.213658	0
holistic	he925	471	0.790948	2.596552	2	4	3	2.596552	0	0	0	0	0
holistic	he926	471	0	0	0	0	3	0	0	0	0	0	0
holistic	he927	471	0	0	0	0	1	0	0	0	0	0	0
holistic	he928	472	0	4.516276	0	6	3	1.967544	0	0	2.548732	0	0
holistic	he929	473	0	0	0	0	5	0	0	0	0	0	0
conventional	ce997	473	0.412697	29.274224	1	14	7	3.354833	5.632383	11.745337	8.541671	1.113616	0
conventional	ce998	473	0.365909	27.415490	1	14	7	6.116487	2.335916	11.362212	7.600875	0	0
holistic	he930	474	0	0	0	0	4	0	0	0	0	0	0
holistic	he931	474	0	0	0	0	2	0	0	0	0	0	0
holistic	he932	474	1.946026	1.946026	1	1	2	1.946026	0	0	0	0	0
holistic	he933	474	0	0	0	0	7	0	0	0	0	0	0
holistic	he934	474	0	0	0	0	2	0	0	0	0	0	0
holistic	he935	474	0	0	0	0	1	0	0	0	0	0	0
conventional	ce999	474	0.063703	26.342158	1	14	7	1.998042	4.920965	11.862771	7.560380	0.284747	0
conventional	ce1000	474	0.554383	36.651695	1	14	7	4.224839	1.235395	15.109777	16.081684	1.897576	0
holistic	he936	475	0	0	0	0	1	0	0	0	0	0	0
holistic	he937	475	0	0	0	0	2	0	0	0	0	0	0
holistic	he938	475	1.461871	5.861969	1	1	7	0	0	0	5.861969	0	0
holistic	he939	475	0	0	0	0	1	0	0	0	0	0	0
holistic	he940	475	0	0	0	0	3	0	0	0	0	0	0
conventional	ce1001	475	0.267054	20.089659	1	14	7	2.486394	1.456331	9.829234	6.317700	1.349853	0
conventional	ce1002	475	0.398535	31.309381	1	14	7	4.038250	5.622268	16.011299	5.637564	0.323926	0
conventional	ce1003	475	0.105249	26.762440	1	14	7	2.990033	3.764910	10.086112	9.921385	1.349853	0
conventional	ce1004	475	0.254627	29.001195	1	14	7	5.867325	2.790337	12.495756	7.847777	3.495240	0
holistic	he941	476	0	0	0	0	4	0	0	0	0	0	0
holistic	he942	476	0	0	0	0	1	0	0	0	0	0	0
conventional	ce1005	476	0.428408	30.404324	1	14	7	0.878165	2.966119	11.742389	14.817651	2.223165	0
conventional	ce1006	476	0.063703	24.946457	1	14	7	4.620548	1.827842	10.882300	7.615767	1.349853	0
conventional	ce1007	476	0.566190	44.407618	1	14	7	3.641080	3.727788	19.933900	17.104850	1.269656	0
holistic	he943	477	0	0	0	0	4	0	0	0	0	0	0
holistic	he944	477	1.873378	1.873378	1	1	2	1.873378	0	0	0	0	0
holistic	he945	478	0	0	0	0	6	0	0	0	0	0	0
holistic	he946	478	0	0	0	0	3	0	0	0	0	0	0
holistic	he947	478	0	0	0	0	2	0	0	0	0	0	0
conventional	ce1008	478	0.581015	24.936999	1	14	7	1.080704	2.709098	15.633899	5.513298	0.373763	0
holistic	he948	479	0	0	0	0	5	0	0	0	0	0	0
holistic	he949	479	0	0	0	0	2	0	0	0	0	0.624598	0
holistic	he950	479	0	0	0	0	3	0	0	0	0	0	0
conventional	ce1009	479	0.558820	49.044308	1	14	7	2.014065	8.626654	20.979605	17.423984	2.085741	0
holistic	he951	481	0	0	0	0	8	0	0	0	0	0	0
holistic	he952	481	0	0	0	0	1	0	0	0	0	0	0
conventional	ce1010	481	0.063703	31.595612	1	14	7	8.045510	2.631193	16.907939	4.010970	1.060278	0
conventional	ce1011	481	0.887037	39.978525	1	14	7	4.463847	3.324670	18.301228	13.888780	1.974460	0
conventional	ce1012	482	1.349918	32.356514	1	14	7	7.015155	2.062956	15.535348	7.743055	0.178479	0
holistic	he953	483	0.578962	0.731124	2	2	10	0	0	0	0.731124	0	0
conventional	ce1013	483	0.063932	26.354305	1	14	7	3.128104	7.528975	9.695539	6.001687	2.175612	0
holistic	he954	484	0	0	0	0	1	0	0	0	0	0	0
holistic	he955	484	0	0	0	0	8	0	0	0	0	0	0
conventional	ce1014	484	0.148346	30.649979	1	14	7	7.171220	2.504373	13.054678	7.919708	0	0
conventional	ce1015	484	0.067125	29.705014	1	14	7	0.455576	2.096175	10.757297	16.395966	2.223165	0
holistic	he956	485	0	0	0	0	3	0	0	0	0	0	0
holistic	he957	485	0	0	0	0	7	0	0	0	0	0	0
holistic	he958	485	0	0	0	0	4	0	0	0	0	0	0
holistic	he959	486	0	0	0	0	5	0	0	0	0	0	0
holistic	he960	487	0	0	0	0	5	0	0	0	0	0	0
holistic	he961	487	0	0	0	0	3	0	0	0	0	0	0
holistic	he962	487	0	0	0	0	6	0	0	0	0	0	0
conventional	ce1016	487	0.192754	42.390483	1	14	7	4.219185	7.817410	19.702096	10.651792	0.109953	0
conventional	ce1017	487	0.063703	42.259723	1	14	7	10.003660	3.904710	17.693079	10.658274	1.016378	0
conventional	ce1018	487	0.561013	57.466674	1	14	7	7.293159	5.541003	28.591942	16.040570	1.246170	0
conventional	ce1019	488	1.349918	33.974270	1	14	7	5.844677	2.568503	16.973261	8.587829	0.178479	0
conventional	ce1020	488	0.051103	28.384758	1	14	7	6.537766	1.308628	10.043810	10.494554	1.897576	0
conventional	ce1021	488	0.399439	40.910430	1	14	7	5.287011	2.964851	16.715446	15.943122	1.249033	0
holistic	he963	489	0.395474	1.298276	1	2	2	1.298276	0	0	0	0	0
holistic	he964	489	0	0	0	0	2	0	0	0	0	0	0
conventional	ce1022	490	0.063703	30.472874	1	14	7	4.658787	2.813468	14.103372	8.897247	1.349853	0
conventional	ce1023	490	0.133606	27.360265	2	14	7	1.725183	6.366550	10.873365	8.395167	0.373763	0
conventional	ce1024	490	0.412697	31.176598	1	14	7	5.222654	5.967196	10.867430	9.119318	1.113616	0
holistic	he965	491	0	0	0	0	2	0	0	0	0	0	0
holistic	he966	491	0	0	0	0	9	0	0	0	0	0	0
holistic	he967	491	0	0	0	0	5	0	0	0	0	0	0
conventional	ce1025	491	0.558820	46.917984	1	14	7	0.958531	7.070830	21.415241	17.473382	2.085741	0
conventional	ce1026	491	0.265360	29.375305	1	14	7	2.609316	4.440161	12.638334	9.687494	0.949604	0
conventional	ce1027	491	0	31.140585	0	14	7	4.639469	1.850992	13.103047	11.547077	0	0
holistic	he968	492	0	0	0	0	2	0	0	0	0	0	0
holistic	he969	492	0	0	0	0	3	0	0	0	0	0	0
conventional	ce1028	492	0.063703	24.536216	1	14	7	4.172422	2.022055	12.273760	6.067979	1.065774	0
conventional	ce1029	492	0.558820	48.561112	1	14	7	1.587025	8.499785	21.838055	16.636247	2.085741	0
conventional	ce1030	492	0.002652	26.263139	1	14	7	2.097540	1.841530	17.185258	5.138811	0.373763	0
conventional	ce1031	492	0.412697	29.900582	1	14	7	5.217732	6.154032	10.674275	7.854543	1.113616	0
conventional	ce1032	492	0.267054	20.864065	1	14	7	1.852029	2.077483	9.850824	7.083729	1.349853	0
holistic	he970	493	0	0	0	0	1	0	0	0	0	0	0
holistic	he971	493	0	0	0	0	2	0	0	0	0	0	0
holistic	he972	493	0	0	0	0	7	0	0	0	0	0	0
conventional	ce1033	493	0.265360	21.258205	1	14	7	0.396114	5.864059	11.155946	3.842086	3.279327	0
holistic	he973	494	0	0	0	0	2	0	0	0	0	0	0
conventional	ce1034	494	0.339688	30.995593	1	14	7	0.982800	7.310427	11.936285	10.766081	2.529902	0
holistic	he974	495	0	0	0	0	2	0	0	0	0	0	0
holistic	he975	495	0	0	0	0	1	0	0	0	0	0	0
conventional	ce1035	495	0.365909	30.201641	1	14	7	1.340672	3.677243	10.568657	14.615069	0	0
holistic	he976	496	0	0	0	0	2	0	0	0	0	0	0
holistic	he977	496	0	0	0	0	2	0	0	0	0	0	0
holistic	he978	497	1.702279	1.702279	1	1	2	1.702279	0	0	0	0	0
holistic	he979	497	0	0	0	0	7	0	0	0	0	0	0
holistic	he980	498	1.873378	1.873378	1	1	2	1.873378	0	0	0	0	0
holistic	he981	498	0	0	0	0	12	0	0	0	0	0	0
conventional	ce1036	498	0.267054	15.888387	1	14	7	2.387092	0.537350	8.219145	4.744800	1.349853	0
holistic	he982	499	0	0	0	0	4	0	0	0	0	0	0
holistic	he983	500	1.522633	2.062912	1	1	2	0	0	0	2.062912	0.525506	0
holistic	he984	500	0	0	0	0	3	0	0	0	0	0	0
conventional	ce1037	500	0.412697	37.769197	1	14	7	4.978566	6.466963	18.867159	7.456509	3.137423	0
holistic	he985	501	0	0	0	0	1	0	0	0	0	0	0
holistic	he986	501	0	0	0	0	3	0	0	0	0	0	0
holistic	he987	501	0	0	0	0	2	0	0	0	0	0	0
holistic	he988	501	1.649388	1.649388	1	1	2	1.649388	0	0	0	0	0
conventional	ce1038	501	0.566190	46.272225	1	14	7	1.383109	3.729032	23.293147	17.866937	1.269656	0
conventional	ce1039	501	0.002652	24.970469	1	14	7	1.818383	1.071366	14.921937	7.158783	0.373763	0
conventional	ce1040	502	0.105249	27.768565	1	14	7	1.498564	1.931764	13.126282	11.211955	1.898769	0
conventional	ce1041	503	0.433769	59.033267	1	14	7	4.095397	5.697442	27.883747	21.356681	1.663975	0
holistic	he989	504	0	0	0	0	4	0	0	0	0	0	0
holistic	he990	504	0	0	0	0	7	0	0	0	0	0	0
conventional	ce1042	504	0.210611	47.208547	1	14	7	0.973316	7.118969	23.275440	15.840822	0.840166	0
conventional	ce1043	504	0.887037	21.833930	1	14	7	0.635708	4.299487	11.847603	5.051132	1.964418	0
holistic	he991	505	0	0	0	0	2	0	0	0	0	0	0
conventional	ce1044	505	0.561013	50.310094	1	14	7	5.261165	8.832919	24.406295	11.809715	0.213658	0
holistic	he992	506	0	0	0	0	1	0	0	0	0	0	0
holistic	he993	507	0	0	0	0	3	0	0	0	0	0	0
conventional	ce1045	508	0.237835	39.375823	1	14	7	3.281717	4.008385	19.488825	12.596896	2.085741	0
conventional	ce1046	508	0.029960	31.820596	1	14	7	6.403402	3.974812	11.381113	10.061269	1.249033	0
conventional	ce1047	510	0.063703	22.844336	1	14	7	5.602534	1.781962	10.081229	5.378611	1.349853	0
conventional	ce1048	510	0.495950	23.681667	1	14	7	3.449239	5.594053	13.591673	1.046702	0.373763	0
conventional	ce1049	510	0.412697	33.820143	1	14	7	5.504734	5.681707	11.346460	11.287242	1.113616	0
holistic	he994	512	0	0	0	0	2	0	0	0	0	0	0
holistic	he995	512	0	0	0	0	3	0	0	0	0	0	0
conventional	ce1050	512	1.193374	25.276591	2	14	7	1.409969	5.667068	14.784929	3.414625	0.373763	0
conventional	ce1051	512	0.864914	25.489787	1	14	7	6.480796	2.400553	10.897841	5.710597	0	0
conventional	ce1052	512	0.398535	28.329160	1	14	7	4.145642	5.934403	12.893907	5.355208	0.089832	0
conventional	ce1053	512	0.558820	29.522386	1	14	7	8.471998	2.160397	14.019140	4.870851	2.034428	0
conventional	ce1054	512	0.412697	29.392201	1	14	7	4.523001	2.863018	12.922193	9.083989	0.618673	0
conventional	ce1055	513	0.412697	48.714149	1	14	7	6.726089	6.912256	21.870937	13.204867	1.113616	0
conventional	ce1056	513	0.558820	52.332398	1	14	7	2.295536	9.422896	21.872335	18.741631	3.302050	0
conventional	ce1057	513	0.063703	30.566224	1	14	7	5.620100	2.254676	14.313228	8.378220	1.440443	0
holistic	he996	514	0	0	0	0	6	0	0	0	0	0	0
holistic	he997	515	0	0	0	0	4	0	0	0	0	0	0
holistic	he998	515	1.838394	2.490715	1	1	2	0	0	0	2.490715	0.350493	0
conventional	ce1058	515	0.339688	33.431785	1	14	7	5.310414	2.566528	11.332856	14.221987	2.529902	0
conventional	ce1059	515	0	33.129282	0	14	7	4.258520	11.030968	13.418011	4.421783	0.012648	0
conventional	ce1060	515	0.105249	32.142242	1	14	7	1.898403	0.969918	17.427182	11.846739	1.898769	0
holistic	he999	516	0	0	0	0	2	0	0	0	0	0	0
holistic	he1000	516	0	0	0	0	7	0	0	0	0	0	0
conventional	ce1061	516	0.094345	21.437018	1	14	7	1.958688	2.095508	9.821822	7.561000	1.349853	0
holistic	he1001	517	1.873378	2.091229	1	1	2	2.091229	0	0	0	0	0
holistic	he1002	517	0	0	0	0	1	0	0	0	0	0	0
holistic	he1003	518	0	0.926427	0	1	3	0.926427	0	0	0	0	0
holistic	he1004	518	0.455818	0.455818	1	1	5	0	0	0	0.455818	0	0
conventional	ce1062	518	0.063703	40.692769	1	14	7	6.061341	2.788405	16.024597	15.818426	1.440443	0
conventional	ce1063	518	0.365909	22.004959	1	14	7	4.921569	1.261738	8.012193	7.809459	0	0
conventional	ce1064	518	0.192754	31.873777	1	14	7	1.738196	5.750980	18.501096	5.883505	0.189993	0
holistic	he1005	519	0	0	0	0	4	0	0	0	0	0	0
holistic	he1006	519	0	0	0	0	5	0	0	0	0	0	0
holistic	he1007	519	0	0	0	0	6	0	0	0	0	0	0
conventional	ce1065	519	0.272264	32.709351	1	14	7	8.525455	4.323402	11.128873	8.731621	1.028121	0
holistic	he1008	520	0	0	0	0	2	0	0	0	0	0	0
conventional	ce1066	520	0.428408	34.425943	1	14	7	2.648291	3.826059	11.265073	16.686520	2.252231	0
conventional	ce1067	520	0.723849	28.646359	1	14	7	0.898930	5.270081	16.149215	6.328133	1.964418	0
holistic	he1009	521	0	0	0	0	2	0	0	0	0	0.525506	0
holistic	he1010	521	0	0	0	0	6	0	0	0	0	0	0
holistic	he1011	521	0	0	0	0	4	0	0	0	0	0	0
conventional	ce1068	521	0.561013	65.764324	1	14	7	8.642363	6.592868	32.862612	17.666481	1.246170	0
holistic	he1012	522	0	0	0	0	7	0	0	0	0	0	0
conventional	ce1069	522	0.365909	33.246987	1	14	7	5.594039	2.110610	14.967341	10.574997	0	0
holistic	he1013	523	0	0	0	0	1	0	0	0	0	0	0
holistic	he1014	523	0	0	0	0	7	0	0	0	0	0	0
holistic	he1015	523	3.298776	1.368024	2	2	3	1.368024	0	0	0	0	0
conventional	ce1070	523	0	29.523040	0	14	7	2.134263	10.414073	11.786976	5.187728	0.012648	0
holistic	he1016	524	0	0	0	0	5	0	0	0	0	0	0
holistic	he1017	524	0	0.926427	0	1	3	0.926427	0	0	0	0	0
holistic	he1018	525	0	0	0	0	14	0	0	0	0	0	0
conventional	ce1071	525	0.482240	26.123053	1	14	7	4.050404	6.665898	6.226606	9.180145	1.423615	0
conventional	ce1072	526	0.561013	47.174517	1	14	7	5.043496	8.072252	24.771355	9.287414	0.213658	0
holistic	he1019	527	0	0	0	0	6	0	0	0	0	0	0
holistic	he1020	527	0	0	0	0	5	0	0	0	0	0	0
holistic	he1021	528	0	0	0	0	3	0	0	0	0	0	0
conventional	ce1073	528	0.340830	19.644393	1	14	7	4.540982	0.587994	10.597739	3.917678	1.939451	0
holistic	he1022	529	0.395474	1.247472	1	2	2	1.247472	0	0	0	0	0
conventional	ce1074	529	0.192754	40.464508	1	14	7	5.324883	2.582854	23.270868	9.285903	0.109953	0
conventional	ce1075	530	0.602732	37.369407	1	14	7	3.203100	3.450689	16.172589	14.543029	1.974460	0
conventional	ce1076	530	1.349918	29.774529	1	14	7	4.128215	3.912781	14.298605	7.434928	2.834583	0
conventional	ce1077	530	0.063703	20.791368	1	14	7	4.636309	3.865233	10.312646	1.977180	1.126726	0
holistic	he1023	531	0	0	0	0	3	0	0	0	0	0	0
holistic	he1024	531	1.856797	1.856797	1	1	2	1.856797	0	0	0	0	0
conventional	ce1078	533	0.267054	18.255586	1	14	7	2.258924	1.215487	9.153863	5.627312	1.349853	0
conventional	ce1079	533	0.647960	29.369336	1	14	7	7.276466	2.610346	14.428486	5.054038	2.085741	0
holistic	he1025	534	0	0	0	0	4	0	0	0	0	0	0
holistic	he1026	534	0	0	0	0	4	0	0	0	0	0	0
holistic	he1027	534	0	0	0	0	9	0	0	0	0	2.701372	0
holistic	he1028	535	0	0	0	0	2	0	0	0	0	0	0
holistic	he1029	535	0	0	0	0	2	0	0	0	0	0.525506	0
conventional	ce1080	535	0.887037	18.762727	1	14	7	0.936426	3.044414	10.448346	4.333541	1.964418	0
conventional	ce1081	535	0.253492	41.788378	1	14	7	5.609684	3.108801	17.508529	15.561364	0.745364	0
conventional	ce1082	535	0.389140	29.616872	1	14	7	0.959128	1.952384	12.023800	14.681560	2.223165	0
holistic	he1030	536	0	0	0	0	2	0	0	0	0	0	0
conventional	ce1083	536	0.267054	15.639003	1	14	7	2.142448	0.470702	7.135465	5.890388	1.349853	0
conventional	ce1084	536	0.063703	46.752551	1	14	7	3.151975	10.453803	21.338717	11.808056	1.057044	0
conventional	ce1085	536	0.063703	31.820672	1	14	7	3.559070	2.100768	16.352192	9.808642	1.440443	0
holistic	he1031	537	0	0	0	0	1	0	0	0	0	0	0
holistic	he1032	538	0	0	0	0	7	0	0	0	0	0	0
holistic	he1033	538	0	0	0	0	5	0	0	0	0	0	0
holistic	he1034	538	0	0	0	0	14	0	0	0	0	0	0
holistic	he1035	538	0	0	0	0	1	0	0	0	0	0	0
conventional	ce1086	538	0.063703	45.576269	1	14	7	13.506748	2.339243	15.796917	13.933361	1.016378	0
holistic	he1036	539	0	0	0	0	2	0	0	0	0	0	0
holistic	he1037	539	0	0	0	0	4	0	0	0	0	0	0
holistic	he1038	539	0	0	0	0	7	0	0	0	0	0	0
conventional	ce1087	539	0.063703	35.104012	1	14	7	8.359309	2.700108	18.023678	6.020917	1.060278	0
holistic	he1039	541	0.395474	0.395474	1	1	2	0.395474	0	0	0	0	0
conventional	ce1088	541	0.265360	29.431680	1	14	7	2.774976	3.754451	12.334008	10.568245	0.949604	0
conventional	ce1089	541	1.454363	18.470347	1	14	7	1.597752	2.079233	8.038372	6.754990	0.840166	0
holistic	he1040	542	0	0	0	0	2	0	0	0	0	0	0
holistic	he1041	542	0	0	0	0	9	0	0	0	0	0	0
holistic	he1042	542	0	6.909849	0	15	5	3.273678	0	0	3.636171	0	0
conventional	ce1090	542	0.495950	23.179575	1	14	7	1.806059	5.226265	14.091123	2.056128	0.373763	0
holistic	he1043	543	1.873378	2.315638	1	1	2	2.315638	0	0	0	0	0
holistic	he1044	543	0	0	0	0	3	0	0	0	0	0	0
holistic	he1045	544	1.873378	2.052227	1	1	4	2.052227	0	0	0	0	0
conventional	ce1091	544	0.192754	43.499362	1	14	7	4.786853	7.596987	21.407843	9.707679	0.109953	0
conventional	ce1092	544	0.105249	29.704041	1	14	7	2.393410	2.686600	12.935701	11.688330	1.898769	0
holistic	he1046	545	0	0	0	0	3	0	0	0	0	0	0
holistic	he1047	545	0	0	0	0	3	0	0	0	0	0	0
holistic	he1048	546	0	0	0	0	10	0	0	0	0	0	0
holistic	he1049	546	0.503682	0.503682	1	1	2	0.503682	0	0	0	0	0
conventional	ce1093	547	0.356705	47.787192	1	14	7	3.296137	10.802942	22.296401	11.391712	2.022227	0
conventional	ce1094	547	0.063703	26.860183	1	14	7	2.755516	2.633717	12.327571	9.143379	1.065774	0
conventional	ce1095	547	0.257967	40.351121	1	14	7	5.627400	6.948286	18.959990	8.815445	0.580579	0
holistic	he1050	548	0	0	0	0	14	0	0	0	0	0	0
conventional	ce1096	548	0.272264	35.401864	1	14	7	7.721072	3.644851	14.627268	9.408673	1.028121	0
conventional	ce1097	548	0.063703	37.537111	1	14	7	8.159105	6.343573	12.895958	10.138475	1.016378	0
holistic	he1051	549	0	0	0	0	4	0	0	0	0	0	0
holistic	he1052	549	0	0	0	0	1	0	0	0	0	0	0
holistic	he1053	549	0	0	0	0	5	0	0	0	0	0	0
conventional	ce1098	550	0.558820	47.243882	1	14	7	1.882487	8.082216	21.581716	15.697463	2.339553	0
conventional	ce1099	550	0.226328	19.156717	1	14	7	0.657578	3.834920	10.172221	4.491998	1.964418	0
holistic	he1054	551	0	0	0	0	3	0	0	0	0	0	0
holistic	he1055	551	0.218638	0.117140	1	1	6	0	0	0	0.117140	0	0
conventional	ce1100	551	0.602732	35.052963	1	14	7	3.947214	3.987874	18.778573	8.339302	1.974460	0
holistic	he1056	552	0	0	0	0	2	0	0	0	0	0	0
holistic	he1057	552	0	0	0	0	2	0	0	0	0	0	0
conventional	ce1101	552	0	32.865768	0	14	7	3.590525	11.127178	13.373959	4.774106	0.012648	0
conventional	ce1102	552	0.887037	22.390345	1	14	7	0.230751	4.338980	11.855380	5.965234	1.964418	0
conventional	ce1103	552	0.029960	31.796847	1	14	7	6.413383	4.276193	10.974382	10.132889	1.249033	0
conventional	ce1104	552	0.210611	25.643154	1	14	7	3.741219	6.016182	5.264689	10.621064	0.840166	0
conventional	ce1105	552	0.192754	32.223563	1	14	7	1.778015	5.208293	19.127136	6.110119	0.189993	0
holistic	he1058	553	0	0	0	0	3	0	0	0	0	0.525506	0
holistic	he1059	553	0	0	0	0	18	0	0	0	0	0	0
holistic	he1060	553	0	10.050786	0	6	13	10.050786	0	0	0	0	0
conventional	ce1106	553	0.257967	41.619920	1	14	7	4.823393	10.526344	16.528981	9.741202	0.580579	0
conventional	ce1107	554	0.072148	31.407357	1	14	7	3.161882	1.692704	15.190048	11.362723	1.938744	0
holistic	he1061	555	0	0	0	0	1	0	0	0	0	0	0
holistic	he1062	555	0	0	0	0	3	0	0	0	0	0	0
conventional	ce1108	555	0.105249	31.246985	1	14	7	2.422152	2.513962	14.414762	11.896109	1.898769	0
holistic	he1063	556	0	0	0	0	4	0	0	0	0	0	0
conventional	ce1109	556	0.192754	43.841895	1	14	7	1.790269	7.904577	21.785371	12.361678	0.109953	0
holistic	he1064	557	0	0	0	0	13	0	0	0	0	0	0
holistic	he1065	557	0	0	0	0	1	0	0	0	0	0	0
holistic	he1066	557	0	0	0	0	1	0	0	0	0	0	0
holistic	he1067	558	1.720070	2.330407	1	1	2	0	0	0	2.330407	1.082175	0
holistic	he1068	558	0	0	0	0	1	0	0	0	0	0	0
conventional	ce1110	558	0.063703	45.152909	1	14	7	12.827611	3.488402	10.334344	18.502552	1.016378	0
holistic	he1069	559	0	0	0	0	6	0	0	0	0	0	0
holistic	he1070	560	0	0	0	0	4	0	0	0	0	0	0
holistic	he1071	560	0	0	0	0	2	0	0	0	0	0.525506	0
conventional	ce1111	560	0.566190	49.731882	1	14	7	2.581086	6.485678	22.877069	17.788049	1.269656	0
conventional	ce1112	560	0.094345	25.446922	1	14	7	1.642852	3.505861	10.458889	9.839320	1.349853	0
holistic	he1072	561	0	0	0	0	2	0	0	0	0	0	0
holistic	he1073	561	1.873378	2.315638	1	1	2	2.315638	0	0	0	0	0
holistic	he1074	561	0	0	0	0	2	0	0	0	0	0	0
holistic	he1075	561	0	0	0	0	3	0	0	0	0	0	0
conventional	ce1113	561	0.210611	43.032921	1	14	7	1.936374	7.243403	17.950783	15.902361	0.947573	0
conventional	ce1114	561	0.063703	32.295046	1	14	7	2.548035	2.861345	17.134461	9.751205	1.440443	0
holistic	he1076	562	0	0	0	0	3	0	0	0	0	0	0
conventional	ce1115	562	0.253492	19.396188	1	14	7	3.905553	0.318160	9.541094	5.631381	0.098863	0
holistic	he1077	563	0	0	0	0	12	0	0	0	0	0	0
holistic	he1078	563	0	0	0	0	2	0	0	0	0	0	0
conventional	ce1116	563	0.094345	25.416188	1	14	7	2.078872	3.385879	10.250927	9.700510	1.349853	0
holistic	he1079	564	0	0	0	0	1	0	0	0	0	0	0
holistic	he1080	564	0	0	0	0	3	0	0	0	0	0	0
conventional	ce1117	564	0.192754	36.116818	1	14	7	3.603976	0.846812	22.742584	8.923446	1.001733	0
conventional	ce1118	564	0.272264	38.034655	1	14	7	6.457455	5.853576	16.015640	9.707984	1.028121	0
holistic	he1081	565	0	0	0	0	8	0	0	0	0	0	0
conventional	ce1119	565	1.756652	19.679184	1	14	7	1.709317	2.603996	8.160997	7.204874	0.840166	0
holistic	he1082	566	0	0	0	0	2	0	0	0	0	0	0
holistic	he1083	566	3.262388	3.704648	3	3	8	2.315638	0	0	1.389010	0	0
conventional	ce1120	566	0.222363	32.471208	1	14	7	5.171263	6.240134	8.027936	13.031875	0.840166	0
holistic	he1084	567	0	0	0	0	13	0	0	0	0	0	0
holistic	he1085	567	0	0	0	0	2	0	0	0	0	0	0
holistic	he1086	567	0	6.909849	0	15	5	3.273678	0	0	3.636171	0	0
conventional	ce1121	568	0.110853	54.183754	1	14	7	1.952817	10.465780	22.751641	19.013516	3.302050	0
holistic	he1087	569	0	0	0	0	1	0	0	0	0	0	0
holistic	he1088	569	0	0	0	0	5	0	0	0	0	0	0
conventional	ce1122	569	0.094345	30.466015	1	14	7	1.621537	3.704548	13.316163	11.823767	1.587806	0
holistic	he1089	570	0	0	0	0	2	0	0	0	0	0.525506	0
holistic	he1090	570	0	0	0	0	6	0	0	0	0	0	0
holistic	he1091	570	0	0	0	0	2	0	0	0	0	0	0
conventional	ce1123	570	0.887037	21.517882	1	14	7	1.513109	3.766475	12.045211	4.193087	2.475614	0
conventional	ce1124	571	1.454363	5.779954	1	14	7	0.563262	1.335567	0.874938	3.006187	0.840166	0
holistic	he1092	572	2.355388	2.355388	1	1	2	2.355388	0	0	0	0	0
holistic	he1093	572	0	0.926427	0	1	4	0.926427	0	0	0	0	0
holistic	he1094	572	1.873378	2.199551	1	1	2	2.199551	0	0	0	0	0
conventional	ce1125	572	0.428408	25.584899	1	14	7	1.579919	0.849773	9.292672	13.862535	2.569047	0
conventional	ce1126	572	0.602732	36.351356	1	14	7	4.680448	3.854739	19.022754	8.793415	1.974460	0
conventional	ce1127	572	0.199184	29.950356	1	14	7	7.992006	0.792368	11.997064	9.168918	2.529902	0
conventional	ce1128	572	0.216046	23.706477	1	14	7	2.388841	5.444986	13.302178	2.570472	0.373763	0
conventional	ce1129	573	0.210611	29.512059	1	14	7	3.780347	7.891768	7.068169	10.771775	0.840166	0
conventional	ce1130	573	0.063703	35.214862	1	14	7	4.090184	3.606190	15.103216	12.415272	3.329630	0
holistic	he1095	574	0	0	0	0	3	0	0	0	0	0	0
holistic	he1096	575	0	0	0	0	7	0	0	0	0	0	0
holistic	he1097	575	0	0	0	0	2	0	0	0	0	0.537510	0
conventional	ce1131	575	0.253492	38.881559	1	14	7	4.998786	3.219943	17.026966	13.635864	0.098863	0
conventional	ce1132	575	0.063703	39.974838	1	14	7	5.378692	3.347384	14.583817	16.664945	1.503943	0
holistic	he1098	576	0	0	0	0	6	0	0	0	0	0	0
holistic	he1099	576	0	0	0	0	3	0	0	0	0	0	0
holistic	he1100	576	0	0	0	0	4	0	0	0	0	0	0
conventional	ce1133	576	0.844782	24.957963	1	14	7	4.189015	1.987271	10.185333	8.596344	1.269656	0
holistic	he1101	577	1.873378	2.315638	1	1	2	2.315638	0	0	0	0	0
holistic	he1102	578	0	0	0	0	2	0	0	0	0	0	0
holistic	he1103	578	0	0	0	0	3	0	0	0	0	0	0
conventional	ce1134	578	0.602732	33.206182	1	14	7	2.475718	2.688741	13.714659	14.327064	1.974460	0
conventional	ce1135	578	0.887037	22.306806	1	14	7	1.793644	3.555365	12.384846	4.572951	2.530158	0
conventional	ce1136	578	0.072148	32.585560	1	14	7	3.426980	1.692127	15.922094	11.544359	2.145952	0
holistic	he1104	579	1.856797	1.856797	1	1	2	1.856797	0	0	0	0	0
conventional	ce1137	579	0.148030	27.582284	1	14	7	4.204578	5.458570	5.589209	12.329927	0.717113	0
conventional	ce1138	580	0.602732	40.880126	1	14	7	4.136914	4.271782	23.619725	8.851705	1.563843	0
conventional	ce1139	580	0.482240	32.724303	1	14	7	8.961436	4.067057	12.625907	7.069903	1.406824	0
holistic	he1105	581	0	0	0	0	4	0	0	0	0	0	0
holistic	he1106	581	0	0	0	0	6	0	0	0	0	1.949676	0
holistic	he1107	581	0	0	0	0	1	0	0	0	0	0	0
conventional	ce1140	581	0.810847	39.595827	1	14	7	7.583496	3.509415	16.511745	11.991171	1.782516	0
holistic	he1108	582	0	0	0	0	3	0	0	0	0	0	0
conventional	ce1141	582	0.546712	45.068358	2	14	7	6.126152	2.425714	23.332711	13.183781	0.109953	0
conventional	ce1142	582	0.054484	38.149642	1	14	7	5.481252	0.678972	16.367684	15.621734	1.503943	0
holistic	he1109	583	0	0	0	0	18	0	0	0	0	0	0
holistic	he1110	583	0	0	0	0	8	0	0	0	0	0	0
holistic	he1111	583	0	0	0	0	4	0	0	0	0	0	0
conventional	ce1143	583	0.063703	19.702874	1	14	7	4.339402	2.429467	9.908634	3.025371	2.297561	0
conventional	ce1144	583	0.257967	32.236487	1	14	7	6.190933	5.348002	8.767816	11.929736	1.240473	0
holistic	he1112	584	0	0	0	0	1	0	0	0	0	0	0
holistic	he1113	584	0	0	0	0	3	0	0	0	0	0	0
holistic	he1114	585	0	0	0	0	3	0	0	0	0	0	0
holistic	he1115	585	0	0	0	0	6	0	0	0	0	0	0
conventional	ce1145	585	0.362928	30.642145	1	14	7	2.425237	2.251387	13.961622	12.003899	1.898769	0
holistic	he1116	586	0	0	0	0	1	0	0	0	0	0	0
conventional	ce1146	586	0.222363	29.688973	1	14	7	4.948632	5.684378	8.768310	10.287653	0.840166	0
conventional	ce1147	586	0.765582	32.867543	1	14	7	6.403916	2.413382	16.190645	7.859600	1.249033	0
holistic	he1117	587	0	0	0	0	2	0	0	0	0	0.354477	0
holistic	he1118	587	0.790948	0.790948	2	2	4	0.790948	0	0	0	0	0
holistic	he1119	588	0	0	0	0	4	0	0	0	0	0	0
holistic	he1120	588	0	0	0	0	2	0	0	0	0	0	0
holistic	he1121	588	0	0	0	0	6	0	0	0	0	0	0
holistic	he1122	589	0	0	0	0	1	0	0	0	0	0	0
holistic	he1123	589	1.856797	1.856797	1	1	2	1.856797	0	0	0	0	0
holistic	he1124	589	0	0	0	0	4	0	0	0	0	0	0
conventional	ce1148	589	0.257967	46.127381	1	14	7	6.563384	6.624525	24.223941	8.715531	0.581392	0
conventional	ce1149	590	0.148030	27.193945	1	14	7	4.711600	5.050962	5.227032	12.204351	0.717113	0
conventional	ce1150	590	0.253492	36.577827	1	14	7	4.622357	3.515546	16.971813	11.468111	0.237588	0
conventional	ce1151	590	0.063703	36.523865	1	14	7	3.000835	2.708695	18.047637	12.766698	1.440443	0
conventional	ce1152	590	0.265360	32.628630	1	14	7	2.614159	3.012935	12.954037	14.047499	0.949604	0
holistic	he1125	591	0	0	0	0	6	0	0	0	0	1.949676	0
holistic	he1126	591	0	0	0	0	1	0	0	0	0	0	0
conventional	ce1153	592	0.628976	47.498285	2	14	7	6.805949	4.083865	23.961014	12.647457	0.022152	0
holistic	he1127	593	0	0	0	0	2	0	0	0	0	0	0
holistic	he1128	594	0	0	0	0	6	0	0	0	0	0	0
holistic	he1129	594	0	0	0	0	2	0	0	0	0	0	0
holistic	he1130	594	0	0	0	0	1	0	0	0	0	0	0
conventional	ce1154	594	0.482240	31.972776	1	14	7	7.945255	4.578115	11.192043	8.257363	1.470761	0
holistic	he1131	595	0	0	0	0	5	0	0	0	0	0	0
holistic	he1132	595	0	0	0	0	2	0	0	0	0	0.525506	0
holistic	he1133	595	0.983576	0.983576	2	2	4	0.983576	0	0	0	0	0
conventional	ce1155	595	0.482240	33.547908	1	14	7	8.776403	4.115198	13.323887	7.332420	1.406824	0
conventional	ce1156	595	0.393045	32.921066	1	14	7	2.664476	2.799810	12.940411	14.516369	0.949604	0
conventional	ce1157	595	0.931733	21.358995	1	14	7	1.327796	4.328185	11.442656	4.260358	1.964418	0
holistic	he1134	596	0	0	0	0	6	0	0	0	0	0	0
conventional	ce1158	596	0.210611	29.046742	1	14	7	4.213887	7.820679	7.181881	9.830295	0.840166	0
conventional	ce1159	596	0.094345	28.146676	1	14	7	1.936023	4.576630	10.894023	10.740000	1.349853	0
conventional	ce1160	596	0.566190	54.729938	1	14	7	3.263320	5.393874	26.407444	19.665300	1.269656	0
conventional	ce1161	596	0.765582	29.887660	1	14	7	4.491994	1.669765	18.942525	4.783376	1.249033	0
conventional	ce1162	597	0.257967	46.916817	1	14	7	6.129752	8.047925	25.658530	7.080610	0.580579	0
conventional	ce1163	597	0.272264	39.083689	1	14	7	5.468604	3.939739	16.212195	13.463151	0.972052	0
holistic	he1135	598	0	0	0	0	2	0	0	0	0	0	0
holistic	he1136	598	1.856797	1.856797	1	1	2	1.856797	0	0	0	0	0
holistic	he1137	598	0	0	0	0	3	0	0	0	0	0	0
conventional	ce1164	598	0	6.422359	0	14	7	0.766551	0.423114	3.253028	1.979666	0.840166	0
holistic	he1138	599	0	0	0	0	10	0	0	0	0	0	0
conventional	ce1165	599	0.210611	29.739128	1	14	7	5.897568	6.830680	8.529126	8.481754	0.840166	0
conventional	ce1166	599	0.495950	24.794717	1	14	7	1.275626	6.004457	12.321830	5.192804	0.373763	0
