season   0 holistic     alive  59 births  3 deaths  4 best lifetime 1.973 mean 0.039 max age 57  season   0 conventional alive  60 births  2 deaths  2 best lifetime 5.482 mean 0.145 max age 58  (8.5s)
season   1 holistic     alive  60 births  1 deaths  0 best lifetime 0.976 mean 0.006 max age 58  season   1 conventional alive  60 births  0 deaths  0 best lifetime 2.477 mean 0.017 max age 59  (8.4s)
season   2 holistic     alive  60 births  0 deaths  0 best lifetime 0.643 mean -0.005 max age 59  season   2 conventional alive  60 births 12 deaths 12 best lifetime 1.487 mean 0.114 max age 59  (8.1s)
season   3 holistic     alive  58 births  0 deaths  2 best lifetime 0.477 mean 0.005 max age 59  season   3 conventional alive  60 births  6 deaths  6 best lifetime 5.391 mean 0.249 max age 59  (8.2s)
season   4 holistic     alive  55 births  1 deaths  4 best lifetime 0.724 mean 0.011 max age 59  season   4 conventional alive  60 births  7 deaths  7 best lifetime 2.883 mean 0.307 max age 59  (8.4s)
season   5 holistic     alive  53 births  1 deaths  3 best lifetime 0.924 mean 0.020 max age 59  season   5 conventional alive  58 births 13 deaths 15 best lifetime 2.717 mean 0.360 max age 56  (8.3s)
season   6 holistic     alive  50 births  0 deaths  3 best lifetime 0.386 mean 0.018 max age 58  season   6 conventional alive  60 births  9 deaths  7 best lifetime 2.098 mean 0.392 max age 57  (7.8s)
season   7 holistic     alive  50 births  0 deaths  0 best lifetime 0.228 mean 0.015 max age 59  season   7 conventional alive  60 births  9 deaths  9 best lifetime 2.356 mean 0.450 max age 58  (7.8s)
season   8 holistic     alive  46 births  0 deaths  4 best lifetime 0.136 mean 0.008 max age 59  season   8 conventional alive  60 births  5 deaths  5 best lifetime 2.402 mean 0.649 max age 59  (7.6s)
season   9 holistic     alive  45 births  0 deaths  1 best lifetime 0.166 mean 0.008 max age 59  season   9 conventional alive  60 births  3 deaths  3 best lifetime 2.451 mean 0.797 max age 58  (7.4s)
season  10 holistic     alive  40 births  0 deaths  5 best lifetime 0.148 mean 0.008 max age 59  season  10 conventional alive  60 births  5 deaths  5 best lifetime 3.216 mean 0.790 max age 59  (7.0s)
season  11 holistic     alive   3 births  0 deaths 37 best lifetime 0.216 mean 0.125 max age 40  season  11 conventional alive  60 births  7 deaths  7 best lifetime 2.713 mean 0.777 max age 54  (7.1s)
season  12 holistic     alive   3 births  0 deaths  0 best lifetime 0.274 mean 0.140 max age 41  season  12 conventional alive  60 births  4 deaths  4 best lifetime 4.459 mean 0.852 max age 55  (5.3s)
season  13 holistic     alive   4 births  1 deaths  0 best lifetime 0.323 mean 0.115 max age 42  season  13 conventional alive  60 births  3 deaths  3 best lifetime 2.552 mean 0.804 max age 56  (5.3s)
season  14 holistic     alive   5 births  1 deaths  0 best lifetime 2.973 mean 0.680 max age 43  season  14 conventional alive  60 births  2 deaths  2 best lifetime 2.790 mean 0.823 max age 57  (5.4s)
season  15 holistic     alive   3 births  0 deaths  2 best lifetime 1.473 mean 0.599 max age 42  season  15 conventional alive  60 births  5 deaths  5 best lifetime 4.511 mean 0.895 max age 58  (5.4s)
season  16 holistic     alive   5 births  2 deaths  0 best lifetime 1.307 mean 0.333 max age 43  season  16 conventional alive  60 births  0 deaths  0 best lifetime 4.450 mean 0.963 max age 59  (5.2s)
season  17 holistic     alive   5 births  0 deaths  0 best lifetime 0.973 mean 0.492 max age 44  season  17 conventional alive  60 births  4 deaths  4 best lifetime 4.950 mean 0.973 max age 56  (5.6s)
season  18 holistic     alive   5 births  0 deaths  0 best lifetime 0.853 mean 0.436 max age 45  season  18 conventional alive  60 births  3 deaths  3 best lifetime 3.116 mean 0.838 max age 57  (5.4s)
season  19 holistic     alive   5 births  0 deaths  0 best lifetime 0.640 mean 0.339 max age 46  season  19 conventional alive  60 births  2 deaths  2 best lifetime 2.614 mean 0.922 max age 58  (5.4s)
season  20 holistic     alive   5 births  1 deaths  1 best lifetime 0.545 mean 0.288 max age 47  season  20 conventional alive  60 births  4 deaths  4 best lifetime 3.938 mean 0.865 max age 59  (5.3s)
season  21 holistic     alive   5 births  0 deaths  0 best lifetime 0.473 mean 0.313 max age 48  season  21 conventional alive  60 births  4 deaths  4 best lifetime 3.104 mean 0.847 max age 53  (5.4s)
season  22 holistic     alive   5 births  0 deaths  0 best lifetime 0.418 mean 0.272 max age 49  season  22 conventional alive  60 births  1 deaths  1 best lifetime 2.945 mean 0.830 max age 54  (5.6s)
season  23 holistic     alive   6 births  1 deaths  0 best lifetime 0.473 mean 0.260 max age 50  season  23 conventional alive  60 births  3 deaths  3 best lifetime 3.241 mean 0.831 max age 55  (5.5s)
season  24 holistic     alive   5 births  0 deaths  1 best lifetime 0.519 mean 0.290 max age 51  season  24 conventional alive  60 births  1 deaths  1 best lifetime 3.112 mean 0.830 max age 56  (5.6s)
season  25 holistic     alive   7 births  2 deaths  0 best lifetime 0.515 mean 0.225 max age 52  season  25 conventional alive  60 births  0 deaths  0 best lifetime 2.587 mean 0.927 max age 57  (5.4s)
season  26 holistic     alive   7 births  1 deaths  1 best lifetime 0.596 mean 0.241 max age 53  season  26 conventional alive  60 births  2 deaths  2 best lifetime 2.444 mean 0.888 max age 58  (5.8s)
season  27 holistic     alive   9 births  2 deaths  0 best lifetime 0.710 mean 0.308 max age 54  season  27 conventional alive  60 births  0 deaths  0 best lifetime 2.777 mean 0.916 max age 59  (5.7s)
WARNING: Nan, Inf or huge value in QACC at DOF 50. The simulation is unstable. Time = 2.5150.

season  28 holistic     alive  12 births  3 deaths  0 best lifetime 1.874 mean 0.405 max age 55  season  28 conventional alive  60 births  3 deaths  3 best lifetime 2.444 mean 0.887 max age 55  (5.7s)
season  29 holistic     alive  13 births  2 deaths  1 best lifetime 1.371 mean 0.271 max age 56  season  29 conventional alive  60 births  0 deaths  0 best lifetime 2.487 mean 0.921 max age 56  (5.9s)
WARNING: Nan, Inf or huge value in QACC at DOF 50. The simulation is unstable. Time = 6.7050.

season  30 holistic     alive  14 births  1 deaths  0 best lifetime 1.872 mean 0.439 max age 57  season  30 conventional alive  60 births  1 deaths  1 best lifetime 2.359 mean 0.883 max age 57  (5.8s)
season  31 holistic     alive  15 births  3 deaths  2 best lifetime 1.953 mean 0.616 max age 58  season  31 conventional alive  60 births  0 deaths  0 best lifetime 2.394 mean 0.892 max age 58  (5.9s)
season  32 holistic     alive  23 births  8 deaths  0 best lifetime 2.854 mean 0.684 max age 59  season  32 conventional alive  60 births  2 deaths  2 best lifetime 2.505 mean 0.888 max age 59  (5.8s)
season  33 holistic     alive  27 births  5 deaths  1 best lifetime 1.892 mean 0.444 max age 20  season  33 conventional alive  60 births  2 deaths  2 best lifetime 3.367 mean 0.960 max age 58  (6.0s)
season  34 holistic     alive  32 births  6 deaths  1 best lifetime 2.290 mean 0.594 max age 21  season  34 conventional alive  60 births  0 deaths  0 best lifetime 2.441 mean 0.955 max age 59  (6.2s)
season  35 holistic     alive  38 births  6 deaths  0 best lifetime 2.724 mean 0.519 max age 22  season  35 conventional alive  60 births  1 deaths  1 best lifetime 2.690 mean 0.908 max age 56  (6.8s)
season  36 holistic     alive  42 births  8 deaths  4 best lifetime 2.463 mean 0.486 max age 23  season  36 conventional alive  60 births  0 deaths  0 best lifetime 3.299 mean 0.913 max age 57  (6.8s)
season  37 holistic     alive  54 births 13 deaths  1 best lifetime 2.871 mean 0.576 max age 24  season  37 conventional alive  60 births  1 deaths  1 best lifetime 3.282 mean 0.934 max age 58  (6.7s)
season  38 holistic     alive  60 births  9 deaths  3 best lifetime 3.181 mean 0.641 max age 25  season  38 conventional alive  60 births  0 deaths  0 best lifetime 2.955 mean 0.908 max age 59  (7.5s)
season  39 holistic     alive  60 births  1 deaths  1 best lifetime 4.864 mean 0.883 max age 26  season  39 conventional alive  60 births  2 deaths  2 best lifetime 2.866 mean 0.890 max age 58  (7.8s)
season  40 holistic     alive  60 births  2 deaths  2 best lifetime 3.046 mean 0.757 max age 27  season  40 conventional alive  60 births  0 deaths  0 best lifetime 3.046 mean 0.871 max age 59  (7.6s)
season  41 holistic     alive  60 births  4 deaths  4 best lifetime 2.513 mean 0.704 max age 28  season  41 conventional alive  60 births  2 deaths  2 best lifetime 2.641 mean 0.872 max age 58  (8.0s)
season  42 holistic     alive  60 births  5 deaths  5 best lifetime 2.797 mean 0.798 max age 29  season  42 conventional alive  60 births  2 deaths  2 best lifetime 2.405 mean 0.858 max age 59  (7.9s)
season  43 holistic     alive  60 births  1 deaths  1 best lifetime 2.626 mean 0.855 max age 30  season  43 conventional alive  60 births  2 deaths  2 best lifetime 2.213 mean 0.858 max age 58  (7.6s)
season  44 holistic     alive  60 births  1 deaths  1 best lifetime 2.205 mean 0.812 max age 31  season  44 conventional alive  60 births  0 deaths  0 best lifetime 2.022 mean 0.857 max age 59  (7.6s)
season  45 holistic     alive  60 births  1 deaths  1 best lifetime 3.836 mean 0.929 max age 32  season  45 conventional alive  60 births  3 deaths  3 best lifetime 2.000 mean 0.863 max age 56  (7.6s)
season  46 holistic     alive  60 births  0 deaths  0 best lifetime 2.343 mean 0.927 max age 33  season  46 conventional alive  60 births  0 deaths  0 best lifetime 2.545 mean 0.933 max age 57  (7.8s)
season  47 holistic     alive  60 births  0 deaths  0 best lifetime 2.754 mean 0.931 max age 34  season  47 conventional alive  60 births  2 deaths  2 best lifetime 1.968 mean 0.871 max age 58  (7.5s)
season  48 holistic     alive  60 births  0 deaths  0 best lifetime 2.094 mean 0.928 max age 35  season  48 conventional alive  60 births  0 deaths  0 best lifetime 3.434 mean 0.914 max age 59  (7.5s)
season  49 holistic     alive  60 births  0 deaths  0 best lifetime 2.037 mean 0.922 max age 36  season  49 conventional alive  60 births  3 deaths  3 best lifetime 1.979 mean 0.892 max age 55  (7.5s)
season  50 holistic     alive  60 births  0 deaths  0 best lifetime 1.912 mean 0.907 max age 37  season  50 conventional alive  60 births  1 deaths  1 best lifetime 2.047 mean 0.855 max age 56  (7.6s)
season  51 holistic     alive  60 births  0 deaths  0 best lifetime 1.971 mean 0.894 max age 38  season  51 conventional alive  60 births  1 deaths  1 best lifetime 2.529 mean 0.899 max age 57  (7.4s)
season  52 holistic     alive  60 births  0 deaths  0 best lifetime 1.965 mean 0.879 max age 39  season  52 conventional alive  60 births  1 deaths  1 best lifetime 1.918 mean 0.880 max age 58  (7.6s)
season  53 holistic     alive  60 births  0 deaths  0 best lifetime 1.902 mean 0.875 max age 40  season  53 conventional alive  60 births  0 deaths  0 best lifetime 1.883 mean 0.883 max age 59  (7.5s)
season  54 holistic     alive  60 births  1 deaths  1 best lifetime 1.795 mean 0.874 max age 41  season  54 conventional alive  60 births  1 deaths  1 best lifetime 1.874 mean 0.867 max age 59  (7.4s)
season  55 holistic     alive  60 births  0 deaths  0 best lifetime 1.841 mean 0.869 max age 42  season  55 conventional alive  60 births  2 deaths  2 best lifetime 2.535 mean 0.895 max age 53  (7.5s)
season  56 holistic     alive  60 births  0 deaths  0 best lifetime 1.673 mean 0.856 max age 43  season  56 conventional alive  60 births  0 deaths  0 best lifetime 2.035 mean 0.868 max age 54  (7.7s)
season  57 holistic     alive  60 births  1 deaths  1 best lifetime 1.761 mean 0.844 max age 44  season  57 conventional alive  60 births  1 deaths  1 best lifetime 1.894 mean 0.874 max age 55  (7.5s)
season  58 holistic     alive  60 births  0 deaths  0 best lifetime 1.723 mean 0.838 max age 45  season  58 conventional alive  60 births  2 deaths  2 best lifetime 1.907 mean 0.871 max age 56  (7.7s)
season  59 holistic     alive  60 births  0 deaths  0 best lifetime 1.688 mean 0.834 max age 46  season  59 conventional alive  60 births  0 deaths  0 best lifetime 1.877 mean 0.894 max age 57  (7.7s)
WARNING: Nan, Inf or huge value in QACC at DOF 63. The simulation is unstable. Time = 2.4350.

season  60 holistic     alive  60 births  0 deaths  0 best lifetime 1.616 mean 0.835 max age 47  season  60 conventional alive  60 births  0 deaths  0 best lifetime 1.980 mean 0.890 max age 58  (7.7s)
season  61 holistic     alive  60 births  0 deaths  0 best lifetime 1.693 mean 0.851 max age 48  season  61 conventional alive  60 births  1 deaths  1 best lifetime 2.000 mean 0.881 max age 59  (7.5s)
WARNING: Nan, Inf or huge value in QACC at DOF 70. The simulation is unstable. Time = 6.7600.

season  62 holistic     alive  60 births  0 deaths  0 best lifetime 1.661 mean 0.845 max age 49  season  62 conventional alive  60 births  5 deaths  5 best lifetime 1.861 mean 0.776 max age 58  (7.4s)
season  63 holistic     alive  60 births  0 deaths  0 best lifetime 1.668 mean 0.833 max age 50  season  63 conventional alive  60 births  2 deaths  2 best lifetime 2.720 mean 0.869 max age 59  (7.5s)
season  64 holistic     alive  60 births  0 deaths  0 best lifetime 1.606 mean 0.827 max age 51  season  64 conventional alive  60 births  3 deaths  3 best lifetime 2.286 mean 0.887 max age 59  (7.5s)
season  65 holistic     alive  60 births  0 deaths  0 best lifetime 1.614 mean 0.829 max age 52  season  65 conventional alive  60 births  4 deaths  4 best lifetime 2.766 mean 0.796 max age 59  (7.5s)
season  66 holistic     alive  60 births  1 deaths  1 best lifetime 1.585 mean 0.828 max age 53  season  66 conventional alive  60 births  6 deaths  6 best lifetime 1.928 mean 0.732 max age 59  (7.6s)
season  67 holistic     alive  60 births  0 deaths  0 best lifetime 1.594 mean 0.833 max age 54  season  67 conventional alive  60 births  6 deaths  6 best lifetime 3.504 mean 0.816 max age 59  (7.6s)
season  68 holistic     alive  60 births  0 deaths  0 best lifetime 1.571 mean 0.833 max age 55  season  68 conventional alive  60 births  8 deaths  8 best lifetime 3.514 mean 0.789 max age 59  (7.7s)
season  69 holistic     alive  60 births  0 deaths  0 best lifetime 1.580 mean 0.834 max age 56  season  69 conventional alive  60 births  5 deaths  5 best lifetime 2.185 mean 0.739 max age 59  (7.5s)
season  70 holistic     alive  60 births  1 deaths  1 best lifetime 1.532 mean 0.824 max age 57  season  70 conventional alive  60 births  7 deaths  7 best lifetime 2.446 mean 0.771 max age 59  (7.5s)
season  71 holistic     alive  60 births  0 deaths  0 best lifetime 1.496 mean 0.810 max age 58  season  71 conventional alive  60 births  5 deaths  5 best lifetime 2.221 mean 0.790 max age 59  (7.5s)
WARNING: Nan, Inf or huge value in QACC at DOF 23. The simulation is unstable. Time = 7.8900.

season  72 holistic     alive  60 births  0 deaths  0 best lifetime 1.504 mean 0.818 max age 59  season  72 conventional alive  60 births  3 deaths  3 best lifetime 1.728 mean 0.742 max age 59  (7.3s)
season  73 holistic     alive  60 births  1 deaths  1 best lifetime 1.531 mean 0.821 max age 57  season  73 conventional alive  60 births  2 deaths  2 best lifetime 3.551 mean 0.907 max age 59  (7.6s)
season  74 holistic     alive  60 births  0 deaths  0 best lifetime 1.537 mean 0.811 max age 58  season  74 conventional alive  60 births  2 deaths  2 best lifetime 2.319 mean 0.930 max age 59  (7.5s)
season  75 holistic     alive  60 births  1 deaths  1 best lifetime 1.521 mean 0.822 max age 59  season  75 conventional alive  60 births  4 deaths  4 best lifetime 1.956 mean 0.912 max age 58  (7.6s)
season  76 holistic     alive  60 births  1 deaths  1 best lifetime 1.481 mean 0.826 max age 53  season  76 conventional alive  60 births  0 deaths  0 best lifetime 2.518 mean 0.932 max age 59  (7.6s)
season  77 holistic     alive  60 births  0 deaths  0 best lifetime 2.843 mean 0.871 max age 54  season  77 conventional alive  60 births  4 deaths  4 best lifetime 2.097 mean 0.925 max age 59  (7.5s)
season  78 holistic     alive  60 births  0 deaths  0 best lifetime 3.359 mean 0.878 max age 55  season  78 conventional alive  60 births  2 deaths  2 best lifetime 2.145 mean 0.889 max age 57  (7.7s)
season  79 holistic     alive  60 births  0 deaths  0 best lifetime 2.519 mean 0.875 max age 56  season  79 conventional alive  60 births  1 deaths  1 best lifetime 2.405 mean 0.948 max age 58  (7.8s)
season  80 holistic     alive  60 births  0 deaths  0 best lifetime 2.105 mean 0.877 max age 57  season  80 conventional alive  60 births  2 deaths  2 best lifetime 3.407 mean 0.990 max age 59  (7.6s)
WARNING: Nan, Inf or huge value in QACC at DOF 60. The simulation is unstable. Time = 12.4600.

season  81 holistic     alive  60 births  0 deaths  0 best lifetime 1.860 mean 0.871 max age 58  season  81 conventional alive  60 births  4 deaths  4 best lifetime 2.407 mean 0.899 max age 58  (7.4s)
season  82 holistic     alive  60 births  0 deaths  0 best lifetime 1.530 mean 0.867 max age 59  season  82 conventional alive  60 births  1 deaths  1 best lifetime 3.433 mean 0.982 max age 59  (7.5s)
season  83 holistic     alive  60 births  1 deaths  1 best lifetime 1.580 mean 0.864 max age 58  season  83 conventional alive  60 births  2 deaths  2 best lifetime 1.961 mean 0.935 max age 59  (7.6s)
season  84 holistic     alive  60 births  0 deaths  0 best lifetime 1.438 mean 0.869 max age 59  season  84 conventional alive  60 births  2 deaths  2 best lifetime 1.851 mean 0.840 max age 56  (7.6s)
season  85 holistic     alive  60 births  1 deaths  1 best lifetime 1.466 mean 0.854 max age 58  season  85 conventional alive  60 births  0 deaths  0 best lifetime 1.768 mean 0.817 max age 57  (7.4s)
season  86 holistic     alive  60 births  0 deaths  0 best lifetime 1.959 mean 0.872 max age 59  season  86 conventional alive  60 births  1 deaths  1 best lifetime 2.011 mean 0.872 max age 58  (7.6s)
season  87 holistic     alive  60 births  3 deaths  3 best lifetime 1.709 mean 0.830 max age 59  season  87 conventional alive  60 births  0 deaths  0 best lifetime 2.266 mean 0.896 max age 59  (7.6s)
season  88 holistic     alive  60 births  1 deaths  1 best lifetime 1.450 mean 0.823 max age 59  season  88 conventional alive  60 births  6 deaths  6 best lifetime 1.998 mean 0.827 max age 58  (7.7s)
season  89 holistic     alive  60 births  3 deaths  3 best lifetime 1.476 mean 0.849 max age 59  season  89 conventional alive  60 births  3 deaths  3 best lifetime 1.939 mean 0.850 max age 59  (7.6s)
season  90 holistic     alive  60 births  1 deaths  1 best lifetime 1.860 mean 0.880 max age 59  season  90 conventional alive  60 births  3 deaths  3 best lifetime 2.536 mean 0.919 max age 58  (7.7s)
season  91 holistic     alive  60 births  3 deaths  3 best lifetime 1.963 mean 0.861 max age 59  season  91 conventional alive  60 births  1 deaths  1 best lifetime 3.566 mean 0.987 max age 59  (7.7s)
season  92 holistic     alive  60 births  6 deaths  6 best lifetime 1.425 mean 0.814 max age 59  season  92 conventional alive  60 births  2 deaths  2 best lifetime 3.280 mean 0.914 max age 59  (7.8s)
season  93 holistic     alive  60 births  4 deaths  4 best lifetime 2.846 mean 0.842 max age 59  season  93 conventional alive  60 births  3 deaths  3 best lifetime 2.374 mean 0.893 max age 51  (7.7s)
season  94 holistic     alive  60 births  2 deaths  2 best lifetime 2.356 mean 0.817 max age 59  season  94 conventional alive  60 births  0 deaths  0 best lifetime 3.394 mean 0.896 max age 52  (7.6s)
season  95 holistic     alive  60 births  6 deaths  6 best lifetime 2.858 mean 0.805 max age 59  season  95 conventional alive  60 births  0 deaths  0 best lifetime 1.903 mean 0.879 max age 53  (7.9s)
season  96 holistic     alive  60 births  7 deaths  7 best lifetime 2.131 mean 0.762 max age 59  season  96 conventional alive  60 births  2 deaths  2 best lifetime 1.737 mean 0.873 max age 54  (7.7s)
season  97 holistic     alive  60 births 12 deaths 12 best lifetime 1.974 mean 0.719 max age 59  season  97 conventional alive  60 births  1 deaths  1 best lifetime 1.706 mean 0.847 max age 55  (7.9s)
season  98 holistic     alive  60 births  4 deaths  4 best lifetime 1.880 mean 0.861 max age 59  season  98 conventional alive  60 births  1 deaths  1 best lifetime 1.651 mean 0.838 max age 56  (7.9s)
season  99 holistic     alive  60 births  4 deaths  4 best lifetime 3.820 mean 0.895 max age 58  season  99 conventional alive  60 births  2 deaths  2 best lifetime 1.664 mean 0.830 max age 57  (7.9s)
season 100 holistic     alive  60 births  3 deaths  3 best lifetime 2.882 mean 0.905 max age 59  season 100 conventional alive  60 births  1 deaths  1 best lifetime 1.705 mean 0.833 max age 58  (7.6s)
WARNING: Nan, Inf or huge value in QACC at DOF 63. The simulation is unstable. Time = 3.0600.

season 101 holistic     alive  60 births  4 deaths  4 best lifetime 3.158 mean 0.872 max age 59  season 101 conventional alive  60 births  0 deaths  0 best lifetime 1.653 mean 0.838 max age 59  (7.8s)
season 102 holistic     alive  60 births  6 deaths  6 best lifetime 5.858 mean 0.898 max age 59  season 102 conventional alive  60 births  2 deaths  2 best lifetime 1.648 mean 0.803 max age 59  (7.7s)
season 103 holistic     alive  60 births  5 deaths  5 best lifetime 2.858 mean 0.787 max age 59  season 103 conventional alive  60 births  1 deaths  1 best lifetime 1.560 mean 0.762 max age 58  (7.6s)
season 104 holistic     alive  60 births  2 deaths  2 best lifetime 2.190 mean 0.906 max age 59  season 104 conventional alive  60 births  0 deaths  0 best lifetime 1.514 mean 0.811 max age 59  (7.8s)
season 105 holistic     alive  60 births  1 deaths  1 best lifetime 3.874 mean 0.985 max age 35  season 105 conventional alive  60 births  1 deaths  1 best lifetime 1.495 mean 0.808 max age 56  (8.0s)
season 106 holistic     alive  60 births  2 deaths  2 best lifetime 2.383 mean 0.972 max age 36  season 106 conventional alive  60 births  0 deaths  0 best lifetime 1.848 mean 0.848 max age 57  (8.0s)
season 107 holistic     alive  60 births  0 deaths  0 best lifetime 2.112 mean 0.954 max age 37  season 107 conventional alive  60 births  2 deaths  2 best lifetime 1.458 mean 0.798 max age 58  (7.9s)
season 108 holistic     alive  60 births  1 deaths  1 best lifetime 1.903 mean 0.918 max age 38  season 108 conventional alive  60 births  0 deaths  0 best lifetime 1.484 mean 0.801 max age 59  (7.6s)
season 109 holistic     alive  60 births  1 deaths  1 best lifetime 5.885 mean 1.031 max age 39  season 109 conventional alive  60 births  2 deaths  2 best lifetime 1.887 mean 0.786 max age 59  (7.8s)
season 110 holistic     alive  60 births  2 deaths  2 best lifetime 3.380 mean 0.994 max age 40  season 110 conventional alive  60 births  1 deaths  1 best lifetime 2.363 mean 0.757 max age 56  (7.6s)
season 111 holistic     alive  60 births  0 deaths  0 best lifetime 3.855 mean 1.037 max age 41  season 111 conventional alive  60 births  0 deaths  0 best lifetime 2.113 mean 0.753 max age 57  (8.2s)
season 112 holistic     alive  60 births  0 deaths  0 best lifetime 2.347 mean 1.014 max age 42  season 112 conventional alive  60 births  3 deaths  3 best lifetime 1.954 mean 0.759 max age 58  (8.3s)
season 113 holistic     alive  60 births  1 deaths  1 best lifetime 2.439 mean 1.000 max age 43  season 113 conventional alive  60 births  2 deaths  2 best lifetime 1.682 mean 0.770 max age 59  (7.9s)
season 114 holistic     alive  60 births  1 deaths  1 best lifetime 2.382 mean 1.009 max age 44  season 114 conventional alive  60 births  1 deaths  1 best lifetime 1.836 mean 0.748 max age 57  (7.9s)
season 115 holistic     alive  60 births  0 deaths  0 best lifetime 2.245 mean 1.035 max age 45  season 115 conventional alive  60 births  2 deaths  2 best lifetime 1.352 mean 0.755 max age 58  (8.0s)
season 116 holistic     alive  60 births  0 deaths  0 best lifetime 2.233 mean 1.019 max age 46  season 116 conventional alive  60 births  2 deaths  2 best lifetime 1.403 mean 0.791 max age 59  (8.0s)
season 117 holistic     alive  60 births  0 deaths  0 best lifetime 2.212 mean 1.031 max age 47  season 117 conventional alive  60 births  2 deaths  2 best lifetime 2.471 mean 0.798 max age 55  (8.0s)
season 118 holistic     alive  60 births  0 deaths  0 best lifetime 2.097 mean 1.016 max age 48  season 118 conventional alive  60 births  1 deaths  1 best lifetime 1.461 mean 0.793 max age 56  (7.9s)
season 119 holistic     alive  60 births  0 deaths  0 best lifetime 2.129 mean 1.034 max age 49  season 119 conventional alive  60 births  1 deaths  1 best lifetime 1.785 mean 0.794 max age 57  (7.8s)
season 120 holistic     alive  60 births  0 deaths  0 best lifetime 2.159 mean 1.046 max age 50  season 120 conventional alive  60 births  0 deaths  0 best lifetime 2.695 mean 0.871 max age 58  (7.8s)
season 121 holistic     alive  60 births  1 deaths  1 best lifetime 2.107 mean 1.022 max age 51  season 121 conventional alive  60 births  0 deaths  0 best lifetime 2.041 mean 0.844 max age 59  (7.8s)
season 122 holistic     alive  60 births  0 deaths  0 best lifetime 2.010 mean 1.037 max age 52  season 122 conventional alive  60 births  3 deaths  3 best lifetime 1.770 mean 0.783 max age 59  (7.8s)
WARNING: Nan, Inf or huge value in QACC at DOF 0. The simulation is unstable. Time = 14.8950.

season 123 holistic     alive  60 births  0 deaths  0 best lifetime 2.120 mean 1.035 max age 53  season 123 conventional alive  60 births  4 deaths  4 best lifetime 1.577 mean 0.755 max age 59  (8.0s)
season 124 holistic     alive  60 births  0 deaths  0 best lifetime 2.070 mean 1.043 max age 54  season 124 conventional alive  60 births  2 deaths  2 best lifetime 1.505 mean 0.710 max age 58  (8.0s)
season 125 holistic     alive  60 births  1 deaths  1 best lifetime 2.275 mean 1.046 max age 55  season 125 conventional alive  60 births  1 deaths  1 best lifetime 1.493 mean 0.779 max age 59  (8.0s)
season 126 holistic     alive  60 births  0 deaths  0 best lifetime 2.259 mean 1.039 max age 56  season 126 conventional alive  60 births  4 deaths  4 best lifetime 1.410 mean 0.700 max age 59  (8.1s)
season 127 holistic     alive  60 births  0 deaths  0 best lifetime 2.277 mean 1.056 max age 57  season 127 conventional alive  60 births  4 deaths  4 best lifetime 1.720 mean 0.676 max age 59  (7.8s)
season 128 holistic     alive  60 births  0 deaths  0 best lifetime 2.359 mean 1.065 max age 58  season 128 conventional alive  60 births  5 deaths  5 best lifetime 2.252 mean 0.734 max age 59  (8.1s)
season 129 holistic     alive  60 births  0 deaths  0 best lifetime 2.280 mean 1.054 max age 59  season 129 conventional alive  60 births  3 deaths  3 best lifetime 1.465 mean 0.688 max age 59  (7.9s)
season 130 holistic     alive  60 births  1 deaths  1 best lifetime 2.205 mean 1.030 max age 55  season 130 conventional alive  60 births  8 deaths  8 best lifetime 1.581 mean 0.640 max age 59  (8.0s)
WARNING: Nan, Inf or huge value in QACC at DOF 0. The simulation is unstable. Time = 14.8350.

WARNING: Nan, Inf or huge value in QACC at DOF 20. The simulation is unstable. Time = 3.7500.

season 131 holistic     alive  60 births  0 deaths  0 best lifetime 2.193 mean 1.031 max age 56  season 131 conventional alive  60 births  4 deaths  4 best lifetime 5.153 mean 0.717 max age 59  (8.0s)
season 132 holistic     alive  60 births  0 deaths  0 best lifetime 2.239 mean 1.032 max age 57  season 132 conventional alive  60 births  3 deaths  3 best lifetime 3.453 mean 0.713 max age 58  (8.0s)
season 133 holistic     alive  60 births  0 deaths  0 best lifetime 2.283 mean 1.040 max age 58  season 133 conventional alive  60 births  2 deaths  2 best lifetime 2.786 mean 0.736 max age 59  (7.8s)
season 134 holistic     alive  60 births  0 deaths  0 best lifetime 2.243 mean 1.047 max age 59  season 134 conventional alive  60 births  3 deaths  3 best lifetime 2.202 mean 0.743 max age 59  (8.0s)
WARNING: Nan, Inf or huge value in QACC at DOF 73. The simulation is unstable. Time = 4.7400.

season 135 holistic     alive  60 births  1 deaths  1 best lifetime 2.232 mean 1.035 max age 59  season 135 conventional alive  60 births  2 deaths  2 best lifetime 3.339 mean 0.835 max age 58  (7.7s)
season 136 holistic     alive  60 births  1 deaths  1 best lifetime 2.170 mean 1.016 max age 53  season 136 conventional alive  60 births  3 deaths  3 best lifetime 2.075 mean 0.813 max age 59  (7.9s)
season 137 holistic     alive  60 births  0 deaths  0 best lifetime 2.161 mean 1.019 max age 54  season 137 conventional alive  60 births  2 deaths  2 best lifetime 3.375 mean 0.817 max age 59  (7.7s)
season 138 holistic     alive  60 births  0 deaths  0 best lifetime 2.127 mean 1.046 max age 55  season 138 conventional alive  60 births  2 deaths  2 best lifetime 2.146 mean 0.799 max age 58  (7.8s)
season 139 holistic     alive  60 births  0 deaths  0 best lifetime 2.096 mean 1.047 max age 56  season 139 conventional alive  60 births  1 deaths  1 best lifetime 2.196 mean 0.807 max age 59  (7.6s)
WARNING: Nan, Inf or huge value in QACC at DOF 10. The simulation is unstable. Time = 8.9050.

season 140 holistic     alive  60 births  0 deaths  0 best lifetime 2.066 mean 1.064 max age 57  season 140 conventional alive  60 births  2 deaths  2 best lifetime 1.807 mean 0.816 max age 59  (8.4s)
season 141 holistic     alive  60 births  0 deaths  0 best lifetime 2.015 mean 1.062 max age 58  season 141 conventional alive  60 births  2 deaths  2 best lifetime 1.771 mean 0.774 max age 59  (8.1s)
season 142 holistic     alive  60 births  0 deaths  0 best lifetime 2.033 mean 1.063 max age 59  season 142 conventional alive  60 births  3 deaths  3 best lifetime 2.103 mean 0.808 max age 56  (8.1s)
season 143 holistic     alive  60 births  2 deaths  2 best lifetime 2.006 mean 1.039 max age 56  season 143 conventional alive  60 births  0 deaths  0 best lifetime 4.401 mean 0.853 max age 57  (8.1s)
season 144 holistic     alive  60 births  0 deaths  0 best lifetime 2.002 mean 1.035 max age 57  season 144 conventional alive  60 births  3 deaths  3 best lifetime 1.949 mean 0.814 max age 58  (8.0s)
season 145 holistic     alive  60 births  0 deaths  0 best lifetime 1.977 mean 1.067 max age 58  season 145 conventional alive  60 births  1 deaths  1 best lifetime 1.613 mean 0.843 max age 59  (7.9s)
season 146 holistic     alive  60 births  0 deaths  0 best lifetime 1.994 mean 1.085 max age 59  season 146 conventional alive  60 births  1 deaths  1 best lifetime 1.537 mean 0.789 max age 58  (8.0s)
WARNING: Nan, Inf or huge value in QACC at DOF 0. The simulation is unstable. Time = 14.8500.

season 147 holistic     alive  60 births  2 deaths  2 best lifetime 1.950 mean 1.045 max age 58  season 147 conventional alive  60 births  1 deaths  1 best lifetime 7.456 mean 0.907 max age 59  (8.0s)
season 148 holistic     alive  60 births  0 deaths  0 best lifetime 1.928 mean 1.041 max age 59  season 148 conventional alive  60 births  6 deaths  6 best lifetime 5.945 mean 0.845 max age 59  (8.1s)
season 149 holistic     alive  60 births  1 deaths  1 best lifetime 1.964 mean 1.050 max age 59  season 149 conventional alive  60 births  3 deaths  3 best lifetime 3.776 mean 0.871 max age 59  (7.9s)
season 150 holistic     alive  60 births  1 deaths  1 best lifetime 1.942 mean 1.023 max age 59  season 150 conventional alive  60 births  4 deaths  4 best lifetime 2.924 mean 0.884 max age 59  (8.0s)
season 151 holistic     alive  60 births  4 deaths  4 best lifetime 1.921 mean 0.962 max age 59  season 151 conventional alive  60 births  2 deaths  2 best lifetime 2.456 mean 0.919 max age 59  (8.2s)
season 152 holistic     alive  60 births  4 deaths  4 best lifetime 1.960 mean 0.956 max age 59  season 152 conventional alive  60 births  1 deaths  1 best lifetime 2.404 mean 0.936 max age 59  (8.2s)
WARNING: Nan, Inf or huge value in QACC at DOF 40. The simulation is unstable. Time = 4.2400.

season 153 holistic     alive  60 births  2 deaths  2 best lifetime 1.900 mean 0.928 max age 59  season 153 conventional alive  60 births  1 deaths  1 best lifetime 2.134 mean 0.910 max age 53  (8.3s)
season 154 holistic     alive  60 births  3 deaths  3 best lifetime 4.865 mean 1.004 max age 59  season 154 conventional alive  60 births  1 deaths  1 best lifetime 4.382 mean 0.965 max age 54  (8.1s)
season 155 holistic     alive  60 births  6 deaths  6 best lifetime 2.368 mean 0.929 max age 59  season 155 conventional alive  60 births  0 deaths  0 best lifetime 2.273 mean 0.910 max age 55  (8.3s)
season 156 holistic     alive  60 births  5 deaths  5 best lifetime 2.204 mean 0.923 max age 59  season 156 conventional alive  60 births  2 deaths  2 best lifetime 3.421 mean 0.879 max age 56  (8.5s)
season 157 holistic     alive  60 births 12 deaths 12 best lifetime 1.848 mean 0.741 max age 59  season 157 conventional alive  60 births  3 deaths  3 best lifetime 2.411 mean 0.825 max age 57  (8.6s)
season 158 holistic     alive  60 births  3 deaths  3 best lifetime 2.343 mean 0.906 max age 59  season 158 conventional alive  60 births  0 deaths  0 best lifetime 2.010 mean 0.870 max age 58  (8.5s)
season 159 holistic     alive  60 births  3 deaths  3 best lifetime 2.469 mean 0.886 max age 59  season 159 conventional alive  60 births  2 deaths  2 best lifetime 2.574 mean 0.901 max age 59  (8.5s)
season 160 holistic     alive  60 births  1 deaths  1 best lifetime 2.168 mean 0.904 max age 59  season 160 conventional alive  60 births  2 deaths  2 best lifetime 5.455 mean 0.990 max age 57  (8.4s)
season 161 holistic     alive  60 births  7 deaths  7 best lifetime 1.937 mean 0.838 max age 59  season 161 conventional alive  60 births  1 deaths  1 best lifetime 2.531 mean 0.977 max age 58  (9.0s)
season 162 holistic     alive  60 births  3 deaths  3 best lifetime 2.693 mean 0.869 max age 59  season 162 conventional alive  60 births  0 deaths  0 best lifetime 2.197 mean 0.923 max age 59  (8.2s)
WARNING: Nan, Inf or huge value in QACC at DOF 10. The simulation is unstable. Time = 10.7250.

season 163 holistic     alive  60 births  6 deaths  6 best lifetime 2.701 mean 0.775 max age 59  season 163 conventional alive  60 births  2 deaths  2 best lifetime 1.931 mean 0.874 max age 58  (8.4s)
season 164 holistic     alive  60 births  4 deaths  4 best lifetime 2.043 mean 0.789 max age 58  season 164 conventional alive  60 births  0 deaths  0 best lifetime 3.360 mean 0.894 max age 59  (8.8s)
season 165 holistic     alive  60 births  4 deaths  4 best lifetime 1.968 mean 0.745 max age 59  season 165 conventional alive  60 births  3 deaths  3 best lifetime 1.808 mean 0.835 max age 58  (9.0s)
season 166 holistic     alive  60 births  3 deaths  3 best lifetime 1.858 mean 0.736 max age 58  season 166 conventional alive  60 births  0 deaths  0 best lifetime 1.729 mean 0.807 max age 59  (8.7s)
season 167 holistic     alive  60 births  2 deaths  2 best lifetime 1.918 mean 0.747 max age 59  season 167 conventional alive  60 births  1 deaths  1 best lifetime 2.940 mean 0.811 max age 55  (8.4s)
WARNING: Nan, Inf or huge value in QACC at DOF 0. The simulation is unstable. Time = 3.1750.

season 168 holistic     alive  60 births  4 deaths  4 best lifetime 1.976 mean 0.759 max age 58  season 168 conventional alive  60 births  1 deaths  1 best lifetime 1.780 mean 0.842 max age 56  (8.5s)
season 169 holistic     alive  60 births  3 deaths  3 best lifetime 2.936 mean 0.842 max age 59  season 169 conventional alive  60 births  3 deaths  3 best lifetime 1.953 mean 0.825 max age 57  (8.6s)
season 170 holistic     alive  60 births  3 deaths  3 best lifetime 2.119 mean 0.813 max age 57  season 170 conventional alive  60 births  0 deaths  0 best lifetime 4.259 mean 0.854 max age 58  (8.1s)
season 171 holistic     alive  60 births  1 deaths  1 best lifetime 2.786 mean 0.909 max age 58  season 171 conventional alive  60 births  1 deaths  1 best lifetime 2.262 mean 0.835 max age 59  (8.5s)
WARNING: Nan, Inf or huge value in QACC at DOF 70. The simulation is unstable. Time = 5.1450.

season 172 holistic     alive  60 births  1 deaths  1 best lifetime 2.685 mean 0.979 max age 59  season 172 conventional alive  60 births  2 deaths  2 best lifetime 2.265 mean 0.869 max age 56  (8.4s)
season 173 holistic     alive  60 births  2 deaths  2 best lifetime 2.213 mean 0.951 max age 59  season 173 conventional alive  60 births  0 deaths  0 best lifetime 2.264 mean 0.859 max age 57  (8.2s)
season 174 holistic     alive  60 births  1 deaths  1 best lifetime 2.602 mean 0.947 max age 49  season 174 conventional alive  60 births  1 deaths  1 best lifetime 2.169 mean 0.853 max age 58  (8.8s)
WARNING: Nan, Inf or huge value in QACC at DOF 10. The simulation is unstable. Time = 4.7100.

WARNING: Nan, Inf or huge value in QACC at DOF 40. The simulation is unstable. Time = 9.4000.

season 175 holistic     alive  60 births  1 deaths  1 best lifetime 2.364 mean 0.946 max age 50  season 175 conventional alive  60 births  0 deaths  0 best lifetime 2.191 mean 0.837 max age 59  (8.4s)
season 176 holistic     alive  60 births  0 deaths  0 best lifetime 2.891 mean 1.058 max age 51  season 176 conventional alive  60 births  2 deaths  2 best lifetime 2.027 mean 0.836 max age 59  (8.1s)
season 177 holistic     alive  60 births  1 deaths  1 best lifetime 2.308 mean 1.065 max age 52  season 177 conventional alive  60 births  2 deaths  2 best lifetime 2.059 mean 0.774 max age 59  (8.4s)
season 178 holistic     alive  60 births  0 deaths  0 best lifetime 2.284 mean 1.071 max age 53  season 178 conventional alive  60 births  2 deaths  2 best lifetime 1.852 mean 0.815 max age 59  (8.6s)
season 179 holistic     alive  60 births  0 deaths  0 best lifetime 2.339 mean 1.078 max age 54  season 179 conventional alive  60 births  1 deaths  1 best lifetime 1.924 mean 0.820 max age 57  (8.4s)
WARNING: Nan, Inf or huge value in QACC at DOF 60. The simulation is unstable. Time = 8.7950.

season 180 holistic     alive  60 births  0 deaths  0 best lifetime 2.289 mean 1.089 max age 55  season 180 conventional alive  60 births  0 deaths  0 best lifetime 3.356 mean 0.891 max age 58  (8.8s)
season 181 holistic     alive  60 births  0 deaths  0 best lifetime 2.551 mean 1.083 max age 56  season 181 conventional alive  60 births  0 deaths  0 best lifetime 2.016 mean 0.844 max age 59  (8.3s)
season 182 holistic     alive  60 births  0 deaths  0 best lifetime 2.579 mean 1.076 max age 57  season 182 conventional alive  60 births  2 deaths  2 best lifetime 1.984 mean 0.824 max age 59  (8.3s)
season 183 holistic     alive  60 births  0 deaths  0 best lifetime 2.536 mean 1.068 max age 58  season 183 conventional alive  60 births  2 deaths  2 best lifetime 2.066 mean 0.845 max age 59  (8.5s)
season 184 holistic     alive  60 births  0 deaths  0 best lifetime 2.373 mean 1.035 max age 59  season 184 conventional alive  60 births  1 deaths  1 best lifetime 2.138 mean 0.852 max age 59  (8.4s)
season 185 holistic     alive  60 births  1 deaths  1 best lifetime 2.348 mean 1.024 max age 55  season 185 conventional alive  60 births  1 deaths  1 best lifetime 2.162 mean 0.820 max age 59  (8.4s)
season 186 holistic     alive  60 births  0 deaths  0 best lifetime 2.269 mean 1.005 max age 56  season 186 conventional alive  60 births  2 deaths  2 best lifetime 2.026 mean 0.783 max age 59  (8.6s)
season 187 holistic     alive  60 births  0 deaths  0 best lifetime 2.304 mean 0.998 max age 57  season 187 conventional alive  60 births  3 deaths  3 best lifetime 1.910 mean 0.771 max age 58  (8.9s)
season 188 holistic     alive  60 births  0 deaths  0 best lifetime 2.186 mean 0.999 max age 58  season 188 conventional alive  60 births  2 deaths  2 best lifetime 1.798 mean 0.748 max age 59  (8.8s)
season 189 holistic     alive  60 births  0 deaths  0 best lifetime 2.269 mean 0.996 max age 59  season 189 conventional alive  60 births  5 deaths  5 best lifetime 3.257 mean 0.770 max age 59  (8.7s)
season 190 holistic     alive  60 births  1 deaths  1 best lifetime 2.209 mean 0.973 max age 54  season 190 conventional alive  60 births  7 deaths  7 best lifetime 3.567 mean 0.745 max age 59  (8.7s)
season 191 holistic     alive  60 births  0 deaths  0 best lifetime 5.960 mean 1.069 max age 55  season 191 conventional alive  60 births  5 deaths  5 best lifetime 2.567 mean 0.661 max age 59  (8.5s)
season 192 holistic     alive  60 births  0 deaths  0 best lifetime 3.458 mean 1.042 max age 56  season 192 conventional alive  60 births  6 deaths  6 best lifetime 1.709 mean 0.657 max age 59  (8.2s)
season 193 holistic     alive  60 births  0 deaths  0 best lifetime 2.628 mean 1.033 max age 57  season 193 conventional alive  60 births  1 deaths  1 best lifetime 3.321 mean 0.769 max age 59  (8.4s)
season 194 holistic     alive  60 births  0 deaths  0 best lifetime 2.167 mean 1.016 max age 58  season 194 conventional alive  60 births  5 deaths  5 best lifetime 2.522 mean 0.648 max age 58  (8.4s)
season 195 holistic     alive  60 births  0 deaths  0 best lifetime 2.121 mean 1.021 max age 59  season 195 conventional alive  60 births  1 deaths  1 best lifetime 2.895 mean 0.808 max age 59  (8.4s)
season 196 holistic     alive  60 births  1 deaths  1 best lifetime 2.329 mean 1.008 max age 53  season 196 conventional alive  60 births  5 deaths  5 best lifetime 2.587 mean 0.750 max age 59  (8.6s)
season 197 holistic     alive  60 births  0 deaths  0 best lifetime 2.246 mean 1.000 max age 54  season 197 conventional alive  60 births  3 deaths  3 best lifetime 2.578 mean 0.782 max age 59  (8.2s)
season 198 holistic     alive  60 births  0 deaths  0 best lifetime 2.336 mean 1.038 max age 55  season 198 conventional alive  60 births  3 deaths  3 best lifetime 2.816 mean 0.773 max age 58  (8.3s)
season 199 holistic     alive  60 births  0 deaths  0 best lifetime 2.290 mean 1.040 max age 56  season 199 conventional alive  60 births  1 deaths  1 best lifetime 2.513 mean 0.807 max age 59  (8.4s)
season 200 holistic     alive  60 births  0 deaths  0 best lifetime 2.217 mean 1.045 max age 57  season 200 conventional alive  60 births  1 deaths  1 best lifetime 2.275 mean 0.871 max age 58  (8.4s)
season 201 holistic     alive  60 births  0 deaths  0 best lifetime 2.239 mean 1.037 max age 58  season 201 conventional alive  60 births  0 deaths  0 best lifetime 2.010 mean 0.853 max age 59  (8.5s)
season 202 holistic     alive  60 births  0 deaths  0 best lifetime 2.259 mean 1.034 max age 59  season 202 conventional alive  60 births  2 deaths  2 best lifetime 2.044 mean 0.779 max age 58  (8.5s)
season 203 holistic     alive  60 births  2 deaths  2 best lifetime 2.250 mean 0.998 max age 56  season 203 conventional alive  60 births  2 deaths  2 best lifetime 2.556 mean 0.817 max age 59  (8.7s)
season 204 holistic     alive  60 births  0 deaths  0 best lifetime 2.213 mean 1.007 max age 57  season 204 conventional alive  60 births  1 deaths  1 best lifetime 2.038 mean 0.780 max age 59  (8.4s)
season 205 holistic     alive  60 births  0 deaths  0 best lifetime 2.152 mean 0.987 max age 58  season 205 conventional alive  60 births  2 deaths  2 best lifetime 2.346 mean 0.784 max age 59  (8.4s)
season 206 holistic     alive  60 births  0 deaths  0 best lifetime 2.093 mean 0.987 max age 59  season 206 conventional alive  60 births  2 deaths  2 best lifetime 1.982 mean 0.724 max age 58  (8.5s)
season 207 holistic     alive  60 births  1 deaths  1 best lifetime 2.217 mean 0.974 max age 56  season 207 conventional alive  60 births  0 deaths  0 best lifetime 1.858 mean 0.722 max age 59  (8.5s)
season 208 holistic     alive  60 births  0 deaths  0 best lifetime 2.160 mean 0.994 max age 57  season 208 conventional alive  60 births  6 deaths  6 best lifetime 1.745 mean 0.727 max age 59  (8.7s)
season 209 holistic     alive  60 births  1 deaths  1 best lifetime 2.106 mean 0.985 max age 58  season 209 conventional alive  60 births  2 deaths  2 best lifetime 1.641 mean 0.629 max age 59  (8.7s)
season 210 holistic     alive  60 births  0 deaths  0 best lifetime 2.054 mean 0.972 max age 59  season 210 conventional alive  60 births  8 deaths  8 best lifetime 1.576 mean 0.649 max age 59  (8.4s)
season 211 holistic     alive  60 births  2 deaths  2 best lifetime 2.052 mean 0.951 max age 59  season 211 conventional alive  60 births  3 deaths  3 best lifetime 3.458 mean 0.697 max age 58  (8.5s)
season 212 holistic     alive  60 births  2 deaths  2 best lifetime 2.026 mean 0.931 max age 59  season 212 conventional alive  60 births  2 deaths  2 best lifetime 2.081 mean 0.722 max age 59  (8.6s)
season 213 holistic     alive  60 births  1 deaths  1 best lifetime 1.980 mean 0.937 max age 59  season 213 conventional alive  60 births  3 deaths  3 best lifetime 2.450 mean 0.735 max age 57  (8.3s)
season 214 holistic     alive  60 births  1 deaths  1 best lifetime 2.310 mean 1.002 max age 59  season 214 conventional alive  60 births  0 deaths  0 best lifetime 2.417 mean 0.761 max age 58  (9.1s)
season 215 holistic     alive  60 births  5 deaths  5 best lifetime 4.976 mean 0.971 max age 59  season 215 conventional alive  60 births  3 deaths  3 best lifetime 1.563 mean 0.722 max age 59  (8.5s)
WARNING: Nan, Inf or huge value in QACC at DOF 53. The simulation is unstable. Time = 8.0950.

season 216 holistic     alive  60 births  4 deaths  4 best lifetime 2.477 mean 0.908 max age 59  season 216 conventional alive  60 births  3 deaths  3 best lifetime 1.607 mean 0.726 max age 59  (8.5s)
season 217 holistic     alive  60 births  8 deaths  8 best lifetime 2.409 mean 0.786 max age 59  season 217 conventional alive  60 births  3 deaths  3 best lifetime 1.767 mean 0.669 max age 58  (8.5s)
season 218 holistic     alive  60 births  4 deaths  4 best lifetime 3.932 mean 0.914 max age 59  season 218 conventional alive  60 births  2 deaths  2 best lifetime 1.913 mean 0.762 max age 59  (8.6s)
WARNING: Nan, Inf or huge value in QACC at DOF 0. The simulation is unstable. Time = 6.8600.

season 219 holistic     alive  60 births  4 deaths  4 best lifetime 2.777 mean 0.923 max age 59  season 219 conventional alive  60 births  2 deaths  2 best lifetime 1.786 mean 0.728 max age 59  (9.1s)
season 220 holistic     alive  60 births  3 deaths  3 best lifetime 2.311 mean 0.860 max age 59  season 220 conventional alive  60 births  3 deaths  3 best lifetime 1.813 mean 0.728 max age 55  (9.4s)
season 221 holistic     alive  60 births  5 deaths  5 best lifetime 2.914 mean 0.846 max age 59  season 221 conventional alive  60 births  3 deaths  3 best lifetime 1.567 mean 0.716 max age 56  (8.7s)
season 222 holistic     alive  60 births  3 deaths  3 best lifetime 2.871 mean 0.873 max age 59  season 222 conventional alive  60 births  2 deaths  2 best lifetime 3.371 mean 0.785 max age 57  (8.5s)
season 223 holistic     alive  60 births  3 deaths  3 best lifetime 2.528 mean 0.852 max age 59  season 223 conventional alive  60 births  2 deaths  2 best lifetime 2.886 mean 0.808 max age 58  (8.8s)
season 224 holistic     alive  60 births  4 deaths  4 best lifetime 2.466 mean 0.828 max age 59  season 224 conventional alive  60 births  2 deaths  2 best lifetime 1.742 mean 0.727 max age 59  (8.9s)
season 225 holistic     alive  60 births  4 deaths  4 best lifetime 2.880 mean 0.838 max age 57  season 225 conventional alive  60 births  2 deaths  2 best lifetime 1.652 mean 0.709 max age 58  (8.7s)
season 226 holistic     alive  60 births  1 deaths  1 best lifetime 4.815 mean 0.991 max age 58  season 226 conventional alive  60 births  3 deaths  3 best lifetime 1.578 mean 0.746 max age 59  (8.7s)
season 227 holistic     alive  60 births  0 deaths  0 best lifetime 3.812 mean 0.955 max age 59  season 227 conventional alive  60 births  1 deaths  1 best lifetime 4.289 mean 0.811 max age 59  (9.0s)
season 228 holistic     alive  60 births  5 deaths  5 best lifetime 3.810 mean 0.885 max age 59  season 228 conventional alive  60 births  2 deaths  2 best lifetime 2.813 mean 0.809 max age 59  (8.7s)
WARNING: Nan, Inf or huge value in QACC at DOF 30. The simulation is unstable. Time = 3.3600.

WARNING: Nan, Inf or huge value in QACC at DOF 30. The simulation is unstable. Time = 5.5850.

season 229 holistic     alive  60 births  6 deaths  6 best lifetime 4.060 mean 0.953 max age 59  season 229 conventional alive  60 births  1 deaths  1 best lifetime 3.191 mean 0.885 max age 58  (8.9s)
season 230 holistic     alive  60 births  3 deaths  3 best lifetime 3.411 mean 0.894 max age 58  season 230 conventional alive  60 births  1 deaths  1 best lifetime 2.422 mean 0.863 max age 59  (8.9s)
season 231 holistic     alive  60 births  0 deaths  0 best lifetime 3.144 mean 0.853 max age 59  season 231 conventional alive  60 births  1 deaths  1 best lifetime 1.909 mean 0.775 max age 55  (8.7s)
season 232 holistic     alive  60 births  2 deaths  2 best lifetime 2.667 mean 0.780 max age 59  season 232 conventional alive  60 births  1 deaths  1 best lifetime 1.517 mean 0.750 max age 56  (9.0s)
season 233 holistic     alive  60 births  5 deaths  5 best lifetime 2.685 mean 0.783 max age 59  season 233 conventional alive  60 births  3 deaths  3 best lifetime 1.594 mean 0.762 max age 57  (8.7s)
season 234 holistic     alive  60 births  3 deaths  3 best lifetime 3.953 mean 0.867 max age 59  season 234 conventional alive  60 births  1 deaths  1 best lifetime 2.725 mean 0.791 max age 58  (8.8s)
WARNING: Nan, Inf or huge value in QACC at DOF 23. The simulation is unstable. Time = 3.9600.

season 235 holistic     alive  60 births  1 deaths  1 best lifetime 2.407 mean 0.868 max age 58  season 235 conventional alive  60 births  1 deaths  1 best lifetime 2.004 mean 0.840 max age 59  (8.7s)
season 236 holistic     alive  60 births  1 deaths  1 best lifetime 2.691 mean 0.909 max age 59  season 236 conventional alive  60 births  1 deaths  1 best lifetime 2.467 mean 0.830 max age 59  (9.1s)
season 237 holistic     alive  60 births  3 deaths  3 best lifetime 2.438 mean 0.908 max age 52  season 237 conventional alive  60 births  2 deaths  2 best lifetime 1.846 mean 0.787 max age 58  (8.7s)
season 238 holistic     alive  60 births  0 deaths  0 best lifetime 5.902 mean 1.027 max age 53  season 238 conventional alive  60 births  1 deaths  1 best lifetime 2.444 mean 0.806 max age 59  (9.0s)
season 239 holistic     alive  60 births  0 deaths  0 best lifetime 3.914 mean 1.033 max age 54  season 239 conventional alive  60 births  2 deaths  2 best lifetime 1.725 mean 0.760 max age 57  (8.7s)
season 240 holistic     alive  60 births  0 deaths  0 best lifetime 3.146 mean 1.026 max age 55  season 240 conventional alive  60 births  1 deaths  1 best lifetime 1.646 mean 0.717 max age 58  (8.9s)
season 241 holistic     alive  60 births  0 deaths  0 best lifetime 3.161 mean 1.034 max age 56  season 241 conventional alive  60 births  1 deaths  1 best lifetime 1.840 mean 0.776 max age 59  (9.0s)
season 242 holistic     alive  60 births  0 deaths  0 best lifetime 2.703 mean 1.015 max age 57  season 242 conventional alive  60 births  1 deaths  1 best lifetime 2.214 mean 0.762 max age 59  (9.2s)
season 243 holistic     alive  60 births  0 deaths  0 best lifetime 2.711 mean 1.031 max age 58  season 243 conventional alive  60 births  1 deaths  1 best lifetime 2.409 mean 0.792 max age 56  (8.9s)
season 244 holistic     alive  60 births  0 deaths  0 best lifetime 2.718 mean 1.006 max age 59  season 244 conventional alive  60 births  0 deaths  0 best lifetime 2.450 mean 0.774 max age 57  (9.3s)
season 245 holistic     alive  60 births  1 deaths  1 best lifetime 3.011 mean 1.006 max age 55  season 245 conventional alive  60 births  1 deaths  1 best lifetime 2.357 mean 0.783 max age 58  (9.4s)
season 246 holistic     alive  60 births  0 deaths  0 best lifetime 3.053 mean 1.054 max age 56  season 246 conventional alive  60 births  1 deaths  1 best lifetime 2.275 mean 0.781 max age 59  (9.0s)
season 247 holistic     alive  60 births  1 deaths  1 best lifetime 3.002 mean 1.005 max age 57  season 247 conventional alive  60 births  3 deaths  3 best lifetime 2.197 mean 0.766 max age 59  (8.8s)
season 248 holistic     alive  60 births  0 deaths  0 best lifetime 2.955 mean 0.999 max age 58  season 248 conventional alive  60 births  2 deaths  2 best lifetime 2.163 mean 0.728 max age 59  (9.2s)
season 249 holistic     alive  60 births  0 deaths  0 best lifetime 2.871 mean 1.008 max age 59  season 249 conventional alive  60 births  4 deaths  4 best lifetime 2.287 mean 0.775 max age 59  (9.2s)
season 250 holistic     alive  60 births  1 deaths  1 best lifetime 2.871 mean 0.974 max age 54  season 250 conventional alive  60 births  3 deaths  3 best lifetime 3.793 mean 0.778 max age 59  (9.0s)
season 251 holistic     alive  60 births  0 deaths  0 best lifetime 2.908 mean 0.967 max age 55  season 251 conventional alive  60 births  4 deaths  4 best lifetime 4.507 mean 0.868 max age 59  (8.7s)
WARNING: Nan, Inf or huge value in QACC at DOF 70. The simulation is unstable. Time = 7.2600.

season 252 holistic     alive  60 births  0 deaths  0 best lifetime 2.870 mean 0.972 max age 56  season 252 conventional alive  60 births  4 deaths  4 best lifetime 3.587 mean 0.827 max age 58  (9.0s)
season 253 holistic     alive  60 births  0 deaths  0 best lifetime 2.766 mean 0.980 max age 57  season 253 conventional alive  60 births  3 deaths  3 best lifetime 2.830 mean 0.823 max age 59  (8.8s)
season 254 holistic     alive  60 births  1 deaths  1 best lifetime 2.771 mean 0.994 max age 58  season 254 conventional alive  60 births  4 deaths  4 best lifetime 2.668 mean 0.901 max age 59  (8.7s)
season 255 holistic     alive  60 births  1 deaths  1 best lifetime 2.710 mean 0.981 max age 59  season 255 conventional alive  60 births  2 deaths  2 best lifetime 9.210 mean 1.034 max age 59  (9.0s)
season 256 holistic     alive  60 births  1 deaths  1 best lifetime 2.683 mean 0.981 max age 53  season 256 conventional alive  60 births  4 deaths  4 best lifetime 5.211 mean 0.928 max age 59  (9.1s)
season 257 holistic     alive  60 births  0 deaths  0 best lifetime 2.658 mean 0.981 max age 54  season 257 conventional alive  60 births  2 deaths  2 best lifetime 3.548 mean 0.886 max age 59  (9.1s)
season 258 holistic     alive  60 births  0 deaths  0 best lifetime 2.665 mean 0.971 max age 55  season 258 conventional alive  60 births  5 deaths  5 best lifetime 2.461 mean 0.832 max age 59  (8.7s)
season 259 holistic     alive  60 births  1 deaths  1 best lifetime 2.670 mean 0.971 max age 56  season 259 conventional alive  60 births  3 deaths  3 best lifetime 2.414 mean 0.792 max age 57  (9.3s)
season 260 holistic     alive  60 births  1 deaths  1 best lifetime 2.676 mean 0.989 max age 57  season 260 conventional alive  60 births  5 deaths  5 best lifetime 6.188 mean 1.000 max age 58  (9.2s)
WARNING: Nan, Inf or huge value in QACC at DOF 70. The simulation is unstable. Time = 5.9200.

season 261 holistic     alive  60 births  0 deaths  0 best lifetime 2.654 mean 0.990 max age 58  season 261 conventional alive  60 births  0 deaths  0 best lifetime 3.821 mean 0.891 max age 59  (9.0s)
season 262 holistic     alive  60 births  0 deaths  0 best lifetime 2.635 mean 0.993 max age 59  season 262 conventional alive  60 births  3 deaths  3 best lifetime 2.332 mean 0.855 max age 59  (9.5s)
season 263 holistic     alive  60 births  1 deaths  1 best lifetime 2.667 mean 0.998 max age 56  season 263 conventional alive  60 births  5 deaths  5 best lifetime 2.355 mean 0.869 max age 55  (9.0s)
season 264 holistic     alive  60 births  1 deaths  1 best lifetime 2.597 mean 1.029 max age 57  season 264 conventional alive  60 births  0 deaths  0 best lifetime 1.952 mean 0.829 max age 56  (9.0s)
season 265 holistic     alive  60 births  0 deaths  0 best lifetime 2.555 mean 1.055 max age 58  season 265 conventional alive  60 births  2 deaths  2 best lifetime 1.877 mean 0.867 max age 57  (9.2s)
season 266 holistic     alive  60 births  0 deaths  0 best lifetime 2.563 mean 1.053 max age 59  season 266 conventional alive  60 births  2 deaths  2 best lifetime 2.270 mean 0.848 max age 58  (9.6s)
season 267 holistic     alive  60 births  1 deaths  1 best lifetime 2.572 mean 1.043 max age 56  season 267 conventional alive  60 births  1 deaths  1 best lifetime 2.265 mean 0.885 max age 59  (9.6s)
season 268 holistic     alive  60 births  0 deaths  0 best lifetime 2.510 mean 1.053 max age 57  season 268 conventional alive  60 births  2 deaths  2 best lifetime 1.934 mean 0.872 max age 59  (9.3s)
season 269 holistic     alive  60 births  0 deaths  0 best lifetime 2.474 mean 1.081 max age 58  season 269 conventional alive  60 births  1 deaths  1 best lifetime 2.020 mean 0.886 max age 59  (9.1s)
season 270 holistic     alive  60 births  0 deaths  0 best lifetime 2.460 mean 1.075 max age 59  season 270 conventional alive  60 births  5 deaths  5 best lifetime 3.405 mean 0.857 max age 59  (9.1s)
season 271 holistic     alive  60 births  1 deaths  1 best lifetime 2.427 mean 1.046 max age 59  season 271 conventional alive  60 births  1 deaths  1 best lifetime 1.842 mean 0.841 max age 59  (9.3s)
season 272 holistic     alive  60 births  2 deaths  2 best lifetime 2.374 mean 1.020 max age 58  season 272 conventional alive  60 births  6 deaths  6 best lifetime 1.887 mean 0.840 max age 59  (8.9s)
season 273 holistic     alive  60 births  0 deaths  0 best lifetime 4.663 mean 1.086 max age 59  season 273 conventional alive  60 births  2 deaths  2 best lifetime 3.508 mean 0.931 max age 58  (9.3s)
season 274 holistic     alive  60 births  1 deaths  1 best lifetime 2.274 mean 1.034 max age 59  season 274 conventional alive  60 births  2 deaths  2 best lifetime 1.880 mean 0.894 max age 59  (9.0s)
season 275 holistic     alive  60 births  2 deaths  2 best lifetime 2.266 mean 1.021 max age 59  season 275 conventional alive  60 births  1 deaths  1 best lifetime 1.898 mean 0.848 max age 59  (9.3s)
season 276 holistic     alive  60 births  3 deaths  3 best lifetime 4.172 mean 1.003 max age 59  season 276 conventional alive  60 births  2 deaths  2 best lifetime 1.876 mean 0.826 max age 58  (9.2s)
season 277 holistic     alive  60 births  5 deaths  5 best lifetime 3.671 mean 0.937 max age 59  season 277 conventional alive  60 births  2 deaths  2 best lifetime 1.815 mean 0.874 max age 59  (9.3s)
season 278 holistic     alive  60 births  4 deaths  4 best lifetime 3.172 mean 1.002 max age 59  season 278 conventional alive  60 births  3 deaths  3 best lifetime 1.870 mean 0.817 max age 58  (9.2s)
season 279 holistic     alive  60 births  3 deaths  3 best lifetime 3.527 mean 0.948 max age 59  season 279 conventional alive  60 births  1 deaths  1 best lifetime 1.814 mean 0.813 max age 59  (9.2s)
season 280 holistic     alive  60 births  2 deaths  2 best lifetime 3.045 mean 0.987 max age 59  season 280 conventional alive  60 births  2 deaths  2 best lifetime 1.798 mean 0.805 max age 59  (8.8s)
season 281 holistic     alive  60 births  2 deaths  2 best lifetime 2.892 mean 1.042 max age 59  season 281 conventional alive  60 births  5 deaths  5 best lifetime 2.394 mean 0.823 max age 59  (9.4s)
season 282 holistic     alive  60 births  4 deaths  4 best lifetime 2.970 mean 1.015 max age 59  season 282 conventional alive  60 births  1 deaths  1 best lifetime 1.638 mean 0.811 max age 59  (8.9s)
season 283 holistic     alive  60 births  4 deaths  4 best lifetime 4.956 mean 1.127 max age 59  season 283 conventional alive  60 births  3 deaths  3 best lifetime 2.409 mean 0.849 max age 57  (9.1s)
season 284 holistic     alive  60 births  2 deaths  2 best lifetime 3.833 mean 1.062 max age 59  season 284 conventional alive  60 births  2 deaths  2 best lifetime 2.510 mean 0.901 max age 58  (9.6s)
season 285 holistic     alive  60 births  2 deaths  2 best lifetime 2.514 mean 1.069 max age 59  season 285 conventional alive  60 births  0 deaths  0 best lifetime 2.013 mean 0.929 max age 59  (9.3s)
season 286 holistic     alive  60 births  1 deaths  1 best lifetime 2.752 mean 1.053 max age 58  season 286 conventional alive  60 births  1 deaths  1 best lifetime 2.174 mean 0.948 max age 59  (9.2s)
season 287 holistic     alive  60 births  0 deaths  0 best lifetime 2.198 mean 1.036 max age 59  season 287 conventional alive  60 births  1 deaths  1 best lifetime 1.771 mean 0.921 max age 58  (8.9s)
season 288 holistic     alive  60 births  3 deaths  3 best lifetime 2.152 mean 0.966 max age 59  season 288 conventional alive  60 births  1 deaths  1 best lifetime 2.065 mean 0.924 max age 59  (9.7s)
season 289 holistic     alive  60 births  6 deaths  6 best lifetime 2.253 mean 0.985 max age 59  season 289 conventional alive  60 births  1 deaths  1 best lifetime 2.726 mean 0.940 max age 56  (9.0s)
season 290 holistic     alive  60 births  2 deaths  2 best lifetime 3.678 mean 1.045 max age 58  season 290 conventional alive  60 births  1 deaths  1 best lifetime 2.140 mean 0.900 max age 57  (9.7s)
season 291 holistic     alive  60 births  0 deaths  0 best lifetime 2.979 mean 1.064 max age 59  season 291 conventional alive  60 births  0 deaths  0 best lifetime 2.265 mean 0.883 max age 58  (9.6s)
season 292 holistic     alive  60 births  3 deaths  3 best lifetime 2.649 mean 1.028 max age 59  season 292 conventional alive  60 births  0 deaths  0 best lifetime 2.095 mean 0.895 max age 59  (9.2s)
season 293 holistic     alive  60 births  5 deaths  5 best lifetime 2.417 mean 0.969 max age 59  season 293 conventional alive  60 births  3 deaths  3 best lifetime 2.035 mean 0.866 max age 59  (9.8s)
season 294 holistic     alive  60 births  4 deaths  4 best lifetime 2.236 mean 0.940 max age 59  season 294 conventional alive  60 births  2 deaths  2 best lifetime 1.831 mean 0.845 max age 59  (9.4s)
season 295 holistic     alive  60 births  1 deaths  1 best lifetime 2.440 mean 1.036 max age 59  season 295 conventional alive  60 births  3 deaths  3 best lifetime 1.870 mean 0.843 max age 59  (9.6s)
season 296 holistic     alive  60 births  2 deaths  2 best lifetime 2.428 mean 0.987 max age 59  season 296 conventional alive  60 births  2 deaths  2 best lifetime 1.704 mean 0.848 max age 59  (9.8s)
WARNING: Nan, Inf or huge value in QACC at DOF 43. The simulation is unstable. Time = 6.4450.

season 297 holistic     alive  60 births  4 deaths  4 best lifetime 2.542 mean 0.983 max age 52  season 297 conventional alive  60 births  4 deaths  4 best lifetime 2.251 mean 0.885 max age 58  (9.6s)
WARNING: Nan, Inf or huge value in QACC at DOF 33. The simulation is unstable. Time = 6.5050.

season 298 holistic     alive  60 births  1 deaths  1 best lifetime 3.846 mean 1.107 max age 53  season 298 conventional alive  60 births  0 deaths  0 best lifetime 5.374 mean 1.067 max age 59  (9.9s)
season 299 holistic     alive  60 births  0 deaths  0 best lifetime 2.650 mean 1.061 max age 54  season 299 conventional alive  60 births  2 deaths  2 best lifetime 2.408 mean 0.989 max age 59  (10.0s)
season 300 holistic     alive  60 births  2 deaths  2 best lifetime 2.659 mean 1.063 max age 55  season 300 conventional alive  60 births  1 deaths  1 best lifetime 2.335 mean 0.984 max age 54  (9.4s)
season 301 holistic     alive  60 births  1 deaths  1 best lifetime 4.606 mean 1.120 max age 56  season 301 conventional alive  60 births  0 deaths  0 best lifetime 1.919 mean 0.986 max age 55  (9.5s)
season 302 holistic     alive  60 births  1 deaths  1 best lifetime 2.610 mean 1.072 max age 57  season 302 conventional alive  60 births  1 deaths  1 best lifetime 2.250 mean 0.961 max age 56  (9.7s)
season 303 holistic     alive  60 births  0 deaths  0 best lifetime 2.347 mean 1.100 max age 58  season 303 conventional alive  60 births  2 deaths  2 best lifetime 3.351 mean 0.991 max age 57  (9.3s)
season 304 holistic     alive  60 births  0 deaths  0 best lifetime 2.839 mean 1.111 max age 59  season 304 conventional alive  60 births  0 deaths  0 best lifetime 2.028 mean 0.977 max age 58  (9.9s)
season 305 holistic     alive  60 births  1 deaths  1 best lifetime 2.379 mean 1.054 max age 51  season 305 conventional alive  60 births  0 deaths  0 best lifetime 1.750 mean 0.932 max age 59  (9.4s)
season 306 holistic     alive  60 births  0 deaths  0 best lifetime 2.031 mean 1.061 max age 52  season 306 conventional alive  60 births  1 deaths  1 best lifetime 2.351 mean 0.946 max age 58  (9.8s)
season 307 holistic     alive  60 births  1 deaths  1 best lifetime 2.011 mean 1.012 max age 53  season 307 conventional alive  60 births  1 deaths  1 best lifetime 1.917 mean 0.920 max age 59  (10.3s)
season 308 holistic     alive  60 births  0 deaths  0 best lifetime 2.085 mean 1.039 max age 54  season 308 conventional alive  60 births  1 deaths  1 best lifetime 2.097 mean 0.904 max age 59  (9.8s)
season 309 holistic     alive  60 births  0 deaths  0 best lifetime 2.253 mean 1.049 max age 55  season 309 conventional alive  60 births  2 deaths  2 best lifetime 1.893 mean 0.903 max age 59  (9.5s)
season 310 holistic     alive  60 births  0 deaths  0 best lifetime 2.094 mean 1.042 max age 56  season 310 conventional alive  60 births  1 deaths  1 best lifetime 1.783 mean 0.815 max age 59  (9.4s)
season 311 holistic     alive  60 births  0 deaths  0 best lifetime 2.593 mean 1.071 max age 57  season 311 conventional alive  60 births  4 deaths  4 best lifetime 6.450 mean 0.895 max age 59  (9.8s)
season 312 holistic     alive  60 births  0 deaths  0 best lifetime 2.509 mean 1.072 max age 58  season 312 conventional alive  60 births  4 deaths  4 best lifetime 3.461 mean 0.793 max age 59  (9.4s)
season 313 holistic     alive  60 births  0 deaths  0 best lifetime 2.290 mean 1.063 max age 59  season 313 conventional alive  60 births  2 deaths  2 best lifetime 4.428 mean 0.843 max age 59  (9.2s)
season 314 holistic     alive  60 births  1 deaths  1 best lifetime 2.166 mean 1.066 max age 55  season 314 conventional alive  60 births  3 deaths  3 best lifetime 2.918 mean 0.805 max age 58  (9.6s)
season 315 holistic     alive  60 births  0 deaths  0 best lifetime 1.995 mean 1.052 max age 56  season 315 conventional alive  60 births  1 deaths  1 best lifetime 3.418 mean 0.809 max age 59  (9.8s)
season 316 holistic     alive  60 births  0 deaths  0 best lifetime 2.157 mean 1.065 max age 57  season 316 conventional alive  60 births  3 deaths  3 best lifetime 2.780 mean 0.792 max age 58  (9.4s)
season 317 holistic     alive  60 births  0 deaths  0 best lifetime 2.186 mean 1.068 max age 58  season 317 conventional alive  60 births  3 deaths  3 best lifetime 2.304 mean 0.784 max age 59  (9.2s)
season 318 holistic     alive  60 births  0 deaths  0 best lifetime 2.267 mean 1.056 max age 59  season 318 conventional alive  60 births  2 deaths  2 best lifetime 2.444 mean 0.830 max age 59  (9.6s)
season 319 holistic     alive  60 births  1 deaths  1 best lifetime 2.179 mean 1.024 max age 56  season 319 conventional alive  60 births  4 deaths  4 best lifetime 2.556 mean 0.797 max age 59  (10.0s)
season 320 holistic     alive  60 births  0 deaths  0 best lifetime 2.202 mean 1.054 max age 57  season 320 conventional alive  60 births  2 deaths  2 best lifetime 2.445 mean 0.826 max age 58  (9.7s)
season 321 holistic     alive  60 births  0 deaths  0 best lifetime 2.172 mean 1.048 max age 58  season 321 conventional alive  60 births  3 deaths  3 best lifetime 2.261 mean 0.827 max age 59  (9.7s)
season 322 holistic     alive  60 births  0 deaths  0 best lifetime 2.056 mean 1.038 max age 59  season 322 conventional alive  60 births  4 deaths  4 best lifetime 2.194 mean 0.806 max age 59  (9.3s)
season 323 holistic     alive  60 births  1 deaths  1 best lifetime 2.312 mean 1.037 max age 59  season 323 conventional alive  60 births  4 deaths  4 best lifetime 3.991 mean 0.856 max age 58  (9.6s)
WARNING: Nan, Inf or huge value in QACC at DOF 60. The simulation is unstable. Time = 5.2800.

season 324 holistic     alive  60 births  1 deaths  1 best lifetime 2.411 mean 1.018 max age 57  season 324 conventional alive  60 births  3 deaths  3 best lifetime 4.477 mean 0.966 max age 59  (9.4s)
season 325 holistic     alive  60 births  0 deaths  0 best lifetime 2.643 mean 1.020 max age 58  season 325 conventional alive  60 births  2 deaths  2 best lifetime 5.283 mean 1.011 max age 57  (9.6s)
season 326 holistic     alive  60 births  1 deaths  1 best lifetime 2.249 mean 1.032 max age 59  season 326 conventional alive  60 births  2 deaths  2 best lifetime 2.842 mean 0.970 max age 58  (9.8s)
season 327 holistic     alive  60 births  1 deaths  1 best lifetime 2.068 mean 1.012 max age 56  season 327 conventional alive  60 births  0 deaths  0 best lifetime 2.992 mean 0.978 max age 59  (9.7s)
season 328 holistic     alive  60 births  0 deaths  0 best lifetime 2.040 mean 1.013 max age 57  season 328 conventional alive  60 births  1 deaths  1 best lifetime 2.493 mean 0.964 max age 59  (10.0s)
WARNING: Nan, Inf or huge value in QACC at DOF 20. The simulation is unstable. Time = 8.5050.

season 329 holistic     alive  60 births  0 deaths  0 best lifetime 2.616 mean 1.036 max age 58  season 329 conventional alive  60 births  2 deaths  2 best lifetime 2.472 mean 0.955 max age 59  (9.6s)
season 330 holistic     alive  60 births  1 deaths  1 best lifetime 2.360 mean 1.025 max age 59  season 330 conventional alive  60 births  3 deaths  3 best lifetime 2.336 mean 0.940 max age 58  (9.9s)
WARNING: Nan, Inf or huge value in QACC at DOF 70. The simulation is unstable. Time = 9.4900.

season 331 holistic     alive  60 births  2 deaths  2 best lifetime 2.147 mean 1.019 max age 59  season 331 conventional alive  60 births  2 deaths  2 best lifetime 2.307 mean 0.915 max age 59  (9.7s)
WARNING: Nan, Inf or huge value in QACC at DOF 70. The simulation is unstable. Time = 4.7700.

season 332 holistic     alive  60 births  2 deaths  2 best lifetime 1.969 mean 1.008 max age 57  season 332 conventional alive  60 births  6 deaths  6 best lifetime 2.536 mean 0.882 max age 59  (9.8s)
WARNING: Nan, Inf or huge value in QACC at DOF 20. The simulation is unstable. Time = 7.2600.

season 333 holistic     alive  60 births  0 deaths  0 best lifetime 1.815 mean 0.975 max age 58  season 333 conventional alive  60 births  4 deaths  4 best lifetime 2.360 mean 0.910 max age 55  (9.4s)
season 334 holistic     alive  60 births  0 deaths  0 best lifetime 1.801 mean 0.983 max age 59  season 334 conventional alive  60 births  1 deaths  1 best lifetime 3.601 mean 0.896 max age 56  (9.4s)
season 335 holistic     alive  60 births  2 deaths  2 best lifetime 1.767 mean 0.953 max age 59  season 335 conventional alive  60 births  3 deaths  3 best lifetime 3.274 mean 0.856 max age 57  (9.5s)
season 336 holistic     alive  60 births  1 deaths  1 best lifetime 4.939 mean 1.031 max age 59  season 336 conventional alive  60 births  3 deaths  3 best lifetime 2.346 mean 0.928 max age 58  (10.0s)
season 337 holistic     alive  60 births  5 deaths  5 best lifetime 3.940 mean 0.942 max age 59  season 337 conventional alive  60 births  1 deaths  1 best lifetime 2.799 mean 0.920 max age 59  (9.8s)
season 338 holistic     alive  60 births  4 deaths  4 best lifetime 3.605 mean 0.943 max age 59  season 338 conventional alive  60 births  1 deaths  1 best lifetime 2.433 mean 0.970 max age 58  (10.0s)
season 339 holistic     alive  60 births  2 deaths  2 best lifetime 2.939 mean 0.956 max age 59  season 339 conventional alive  60 births  0 deaths  0 best lifetime 2.218 mean 1.006 max age 59  (9.9s)
season 340 holistic     alive  60 births  2 deaths  2 best lifetime 3.540 mean 0.900 max age 58  season 340 conventional alive  60 births  2 deaths  2 best lifetime 3.721 mean 0.985 max age 59  (9.8s)
season 341 holistic     alive  60 births  1 deaths  1 best lifetime 2.939 mean 0.902 max age 59  season 341 conventional alive  60 births  4 deaths  4 best lifetime 3.560 mean 0.928 max age 59  (9.8s)
season 342 holistic     alive  60 births  4 deaths  4 best lifetime 2.938 mean 0.858 max age 59  season 342 conventional alive  60 births  2 deaths  2 best lifetime 3.232 mean 0.980 max age 59  (10.0s)
season 343 holistic     alive  60 births  5 deaths  5 best lifetime 3.063 mean 0.908 max age 59  season 343 conventional alive  60 births  4 deaths  4 best lifetime 2.427 mean 0.895 max age 57  (10.0s)
WARNING: Nan, Inf or huge value in QACC at DOF 0. The simulation is unstable. Time = 10.5950.

season 344 holistic     alive  60 births  2 deaths  2 best lifetime 2.830 mean 0.872 max age 59  season 344 conventional alive  60 births  1 deaths  1 best lifetime 1.899 mean 0.897 max age 58  (10.1s)
season 345 holistic     alive  60 births  2 deaths  2 best lifetime 2.743 mean 0.870 max age 57  season 345 conventional alive  60 births  0 deaths  0 best lifetime 1.873 mean 0.899 max age 59  (9.9s)
season 346 holistic     alive  60 births  0 deaths  0 best lifetime 2.580 mean 0.922 max age 58  season 346 conventional alive  60 births  3 deaths  3 best lifetime 1.855 mean 0.897 max age 59  (9.9s)
season 347 holistic     alive  60 births  2 deaths  2 best lifetime 2.692 mean 0.929 max age 59  season 347 conventional alive  60 births  1 deaths  1 best lifetime 1.971 mean 0.906 max age 58  (9.6s)
season 348 holistic     alive  60 births  3 deaths  3 best lifetime 2.711 mean 0.910 max age 59  season 348 conventional alive  60 births  1 deaths  1 best lifetime 2.407 mean 0.913 max age 59  (9.8s)
season 349 holistic     alive  60 births  3 deaths  3 best lifetime 2.585 mean 0.850 max age 59  season 349 conventional alive  60 births  2 deaths  2 best lifetime 2.149 mean 0.864 max age 59  (10.0s)
season 350 holistic     alive  60 births  4 deaths  4 best lifetime 2.609 mean 0.897 max age 58  season 350 conventional alive  60 births  3 deaths  3 best lifetime 2.201 mean 0.846 max age 56  (10.1s)
season 351 holistic     alive  60 births  1 deaths  1 best lifetime 2.567 mean 0.960 max age 59  season 351 conventional alive  60 births  1 deaths  1 best lifetime 1.909 mean 0.872 max age 57  (10.1s)
season 352 holistic     alive  60 births  2 deaths  2 best lifetime 2.414 mean 0.900 max age 59  season 352 conventional alive  60 births  2 deaths  2 best lifetime 1.818 mean 0.855 max age 58  (10.2s)
season 353 holistic     alive  60 births  4 deaths  4 best lifetime 2.276 mean 0.818 max age 59  season 353 conventional alive  60 births  0 deaths  0 best lifetime 1.978 mean 0.922 max age 59  (10.1s)
WARNING: Nan, Inf or huge value in QACC at DOF 40. The simulation is unstable. Time = 14.9900.

WARNING: Nan, Inf or huge value in QACC at DOF 40. The simulation is unstable. Time = 13.3650.

season 354 holistic     alive  60 births  2 deaths  2 best lifetime 2.279 mean 0.837 max age 59  season 354 conventional alive  60 births  1 deaths  1 best lifetime 2.375 mean 0.953 max age 59  (9.9s)
season 355 holistic     alive  60 births  3 deaths  3 best lifetime 2.045 mean 0.796 max age 59  season 355 conventional alive  60 births  2 deaths  2 best lifetime 2.046 mean 0.923 max age 59  (10.0s)
season 356 holistic     alive  60 births  4 deaths  4 best lifetime 1.945 mean 0.723 max age 59  season 356 conventional alive  60 births  1 deaths  1 best lifetime 1.797 mean 0.884 max age 59  (9.7s)
season 357 holistic     alive  60 births  4 deaths  4 best lifetime 2.126 mean 0.683 max age 59  season 357 conventional alive  60 births  4 deaths  4 best lifetime 1.735 mean 0.828 max age 58  (9.8s)
season 358 holistic     alive  60 births  2 deaths  2 best lifetime 4.806 mean 0.833 max age 58  season 358 conventional alive  60 births  1 deaths  1 best lifetime 1.733 mean 0.888 max age 59  (10.0s)
season 359 holistic     alive  60 births  1 deaths  1 best lifetime 2.876 mean 0.871 max age 59  season 359 conventional alive  60 births  1 deaths  1 best lifetime 1.784 mean 0.866 max age 57  (9.7s)
season 360 holistic     alive  60 births  3 deaths  3 best lifetime 2.142 mean 0.794 max age 59  season 360 conventional alive  60 births  3 deaths  3 best lifetime 9.334 mean 0.986 max age 58  (10.5s)
season 361 holistic     alive  60 births  2 deaths  2 best lifetime 2.021 mean 0.771 max age 59  season 361 conventional alive  60 births  4 deaths  4 best lifetime 5.839 mean 0.917 max age 59  (10.1s)
season 362 holistic     alive  60 births  5 deaths  5 best lifetime 2.899 mean 0.769 max age 57  season 362 conventional alive  60 births  2 deaths  2 best lifetime 4.680 mean 0.962 max age 55  (10.2s)
season 363 holistic     alive  60 births  1 deaths  1 best lifetime 3.865 mean 0.843 max age 58  season 363 conventional alive  60 births  3 deaths  3 best lifetime 3.342 mean 0.928 max age 56  (10.1s)
season 364 holistic     alive  60 births  0 deaths  0 best lifetime 2.869 mean 0.837 max age 59  season 364 conventional alive  60 births  1 deaths  1 best lifetime 3.307 mean 0.962 max age 57  (10.1s)
season 365 holistic     alive  60 births  4 deaths  4 best lifetime 2.197 mean 0.800 max age 58  season 365 conventional alive  60 births  1 deaths  1 best lifetime 2.405 mean 0.982 max age 58  (10.0s)
season 366 holistic     alive  60 births  1 deaths  1 best lifetime 2.933 mean 0.864 max age 59  season 366 conventional alive  60 births  0 deaths  0 best lifetime 2.202 mean 0.979 max age 59  (9.9s)
season 367 holistic     alive  60 births  2 deaths  2 best lifetime 2.411 mean 0.846 max age 53  season 367 conventional alive  60 births  2 deaths  2 best lifetime 2.031 mean 0.946 max age 59  (10.7s)
season 368 holistic     alive  60 births  0 deaths  0 best lifetime 2.338 mean 0.835 max age 54  season 368 conventional alive  60 births  1 deaths  1 best lifetime 2.627 mean 0.962 max age 58  (9.8s)
season 369 holistic     alive  60 births  1 deaths  1 best lifetime 2.035 mean 0.848 max age 55  season 369 conventional alive  60 births  0 deaths  0 best lifetime 2.027 mean 0.937 max age 59  (10.2s)
season 370 holistic     alive  60 births  1 deaths  1 best lifetime 1.909 mean 0.824 max age 56  season 370 conventional alive  60 births  3 deaths  3 best lifetime 2.014 mean 0.901 max age 58  (9.9s)
WARNING: Nan, Inf or huge value in QACC at DOF 70. The simulation is unstable. Time = 11.4800.

season 371 holistic     alive  60 births  1 deaths  1 best lifetime 1.779 mean 0.829 max age 57  season 371 conventional alive  60 births  0 deaths  0 best lifetime 2.024 mean 0.923 max age 59  (10.5s)
season 372 holistic     alive  60 births  0 deaths  0 best lifetime 1.757 mean 0.810 max age 58  season 372 conventional alive  60 births  3 deaths  3 best lifetime 2.076 mean 0.904 max age 59  (10.1s)
season 373 holistic     alive  60 births  1 deaths  1 best lifetime 1.762 mean 0.819 max age 59  season 373 conventional alive  60 births  1 deaths  1 best lifetime 2.063 mean 0.888 max age 59  (10.0s)
season 374 holistic     alive  60 births  1 deaths  1 best lifetime 1.954 mean 0.846 max age 55  season 374 conventional alive  60 births  1 deaths  1 best lifetime 2.031 mean 0.866 max age 59  (9.8s)
season 375 holistic     alive  60 births  1 deaths  1 best lifetime 1.672 mean 0.876 max age 56  season 375 conventional alive  60 births  2 deaths  2 best lifetime 2.040 mean 0.906 max age 59  (10.1s)
season 376 holistic     alive  60 births  0 deaths  0 best lifetime 1.892 mean 0.907 max age 57  season 376 conventional alive  60 births  2 deaths  2 best lifetime 1.989 mean 0.907 max age 59  (10.1s)
season 377 holistic     alive  60 births  0 deaths  0 best lifetime 1.637 mean 0.890 max age 58  season 377 conventional alive  60 births  3 deaths  3 best lifetime 1.961 mean 0.902 max age 59  (10.0s)
season 378 holistic     alive  60 births  0 deaths  0 best lifetime 2.196 mean 0.900 max age 59  season 378 conventional alive  60 births  3 deaths  3 best lifetime 1.989 mean 0.846 max age 59  (10.0s)
season 379 holistic     alive  60 births  1 deaths  1 best lifetime 1.628 mean 0.874 max age 55  season 379 conventional alive  60 births  4 deaths  4 best lifetime 1.979 mean 0.837 max age 59  (10.1s)
season 380 holistic     alive  60 births  0 deaths  0 best lifetime 1.613 mean 0.863 max age 56  season 380 conventional alive  60 births  2 deaths  2 best lifetime 2.311 mean 0.927 max age 59  (9.7s)
season 381 holistic     alive  60 births  0 deaths  0 best lifetime 1.599 mean 0.867 max age 57  season 381 conventional alive  60 births  2 deaths  2 best lifetime 2.311 mean 0.890 max age 58  (10.1s)
season 382 holistic     alive  60 births  0 deaths  0 best lifetime 1.580 mean 0.863 max age 58  season 382 conventional alive  60 births  1 deaths  1 best lifetime 1.987 mean 0.906 max age 59  (9.8s)
season 383 holistic     alive  60 births  1 deaths  1 best lifetime 1.655 mean 0.853 max age 59  season 383 conventional alive  60 births  4 deaths  4 best lifetime 2.192 mean 0.931 max age 59  (9.5s)
season 384 holistic     alive  60 births  1 deaths  1 best lifetime 1.620 mean 0.841 max age 53  season 384 conventional alive  60 births  2 deaths  2 best lifetime 3.204 mean 0.920 max age 59  (10.3s)
season 385 holistic     alive  60 births  2 deaths  2 best lifetime 1.617 mean 0.827 max age 54  season 385 conventional alive  60 births  3 deaths  3 best lifetime 1.990 mean 0.890 max age 59  (9.3s)
season 386 holistic     alive  60 births  0 deaths  0 best lifetime 2.940 mean 0.877 max age 55  season 386 conventional alive  60 births  2 deaths  2 best lifetime 2.314 mean 0.877 max age 58  (9.8s)
season 387 holistic     alive  60 births  1 deaths  1 best lifetime 1.946 mean 0.865 max age 56  season 387 conventional alive  60 births  0 deaths  0 best lifetime 2.318 mean 0.960 max age 59  (10.0s)
season 388 holistic     alive  60 births  0 deaths  0 best lifetime 2.266 mean 0.877 max age 57  season 388 conventional alive  60 births  2 deaths  2 best lifetime 3.158 mean 0.924 max age 58  (10.0s)
WARNING: Nan, Inf or huge value in QACC at DOF 20. The simulation is unstable. Time = 9.2100.

season 389 holistic     alive  60 births  1 deaths  1 best lifetime 1.931 mean 0.884 max age 58  season 389 conventional alive  60 births  1 deaths  1 best lifetime 2.613 mean 0.951 max age 59  (9.9s)
season 390 holistic     alive  60 births  1 deaths  1 best lifetime 1.605 mean 0.874 max age 59  season 390 conventional alive  60 births  3 deaths  3 best lifetime 2.455 mean 0.891 max age 59  (10.4s)
season 391 holistic     alive  60 births  3 deaths  3 best lifetime 2.264 mean 0.861 max age 59  season 391 conventional alive  60 births  1 deaths  1 best lifetime 2.554 mean 0.958 max age 59  (10.0s)
season 392 holistic     alive  60 births  2 deaths  2 best lifetime 2.642 mean 0.829 max age 57  season 392 conventional alive  60 births  4 deaths  4 best lifetime 2.233 mean 0.851 max age 57  (9.8s)
season 393 holistic     alive  60 births  0 deaths  0 best lifetime 2.801 mean 0.889 max age 58  season 393 conventional alive  60 births  1 deaths  1 best lifetime 5.262 mean 1.083 max age 58  (10.0s)
season 394 holistic     alive  60 births  2 deaths  2 best lifetime 2.482 mean 0.882 max age 59  season 394 conventional alive  60 births  1 deaths  1 best lifetime 5.573 mean 1.132 max age 59  (9.7s)
season 395 holistic     alive  60 births  2 deaths  2 best lifetime 2.224 mean 0.872 max age 59  season 395 conventional alive  60 births  2 deaths  2 best lifetime 3.121 mean 1.111 max age 59  (9.6s)
season 396 holistic     alive  60 births  2 deaths  2 best lifetime 2.923 mean 0.920 max age 59  season 396 conventional alive  60 births  2 deaths  2 best lifetime 2.744 mean 1.019 max age 58  (9.6s)
WARNING: Nan, Inf or huge value in QACC at DOF 70. The simulation is unstable. Time = 9.0750.

season 397 holistic     alive  60 births  3 deaths  3 best lifetime 1.930 mean 0.882 max age 59  season 397 conventional alive  60 births  1 deaths  1 best lifetime 2.446 mean 1.059 max age 59  (9.6s)
season 398 holistic     alive  60 births  2 deaths  2 best lifetime 2.250 mean 0.847 max age 59  season 398 conventional alive  60 births  1 deaths  1 best lifetime 2.411 mean 0.990 max age 58  (9.5s)
season 399 holistic     alive  60 births  1 deaths  1 best lifetime 1.927 mean 0.897 max age 59  season 399 conventional alive  60 births  1 deaths  1 best lifetime 2.388 mean 0.988 max age 59  (9.5s)
season 400 holistic     alive  60 births  2 deaths  2 best lifetime 2.752 mean 0.925 max age 58  season 400 conventional alive  60 births  2 deaths  2 best lifetime 2.371 mean 0.984 max age 59  (10.2s)
season 401 holistic     alive  60 births  1 deaths  1 best lifetime 3.961 mean 1.013 max age 59  season 401 conventional alive  60 births  3 deaths  3 best lifetime 2.912 mean 0.934 max age 59  (10.0s)
season 402 holistic     alive  60 births  3 deaths  3 best lifetime 2.450 mean 0.903 max age 59  season 402 conventional alive  60 births  3 deaths  3 best lifetime 2.644 mean 0.882 max age 59  (9.5s)
season 403 holistic     alive  60 births  3 deaths  3 best lifetime 1.983 mean 0.880 max age 59  season 403 conventional alive  60 births  4 deaths  4 best lifetime 2.426 mean 0.839 max age 57  (9.9s)
season 404 holistic     alive  60 births  1 deaths  1 best lifetime 1.928 mean 0.843 max age 59  season 404 conventional alive  60 births  0 deaths  0 best lifetime 2.243 mean 0.894 max age 58  (9.9s)
season 405 holistic     alive  60 births  2 deaths  2 best lifetime 1.830 mean 0.876 max age 57  season 405 conventional alive  60 births  3 deaths  3 best lifetime 2.166 mean 0.888 max age 59  (9.7s)
season 406 holistic     alive  60 births  0 deaths  0 best lifetime 1.951 mean 0.907 max age 58  season 406 conventional alive  60 births  2 deaths  2 best lifetime 2.542 mean 0.925 max age 56  (9.8s)
season 407 holistic     alive  60 births  1 deaths  1 best lifetime 2.237 mean 0.943 max age 59  season 407 conventional alive  60 births  0 deaths  0 best lifetime 2.358 mean 0.957 max age 57  (9.7s)
season 408 holistic     alive  60 births  2 deaths  2 best lifetime 2.326 mean 0.899 max age 59  season 408 conventional alive  60 births  2 deaths  2 best lifetime 2.359 mean 0.933 max age 58  (9.4s)
season 409 holistic     alive  60 births  3 deaths  3 best lifetime 4.932 mean 0.979 max age 59  season 409 conventional alive  60 births  1 deaths  1 best lifetime 1.769 mean 0.898 max age 59  (9.7s)
season 410 holistic     alive  60 births  3 deaths  3 best lifetime 2.922 mean 0.888 max age 59  season 410 conventional alive  60 births  3 deaths  3 best lifetime 1.855 mean 0.927 max age 58  (9.7s)
season 411 holistic     alive  60 births  1 deaths  1 best lifetime 2.498 mean 0.902 max age 58  season 411 conventional alive  60 births  1 deaths  1 best lifetime 4.299 mean 1.005 max age 59  (9.9s)
season 412 holistic     alive  60 births  1 deaths  1 best lifetime 2.930 mean 0.954 max age 59  season 412 conventional alive  60 births  1 deaths  1 best lifetime 1.833 mean 0.914 max age 58  (9.6s)
season 413 holistic     alive  60 births  5 deaths  5 best lifetime 2.502 mean 0.874 max age 59  season 413 conventional alive  60 births  0 deaths  0 best lifetime 1.817 mean 0.883 max age 59  (10.0s)
season 414 holistic     alive  60 births  1 deaths  1 best lifetime 2.880 mean 0.981 max age 59  season 414 conventional alive  60 births  2 deaths  2 best lifetime 1.783 mean 0.847 max age 59  (9.6s)
season 415 holistic     alive  60 births  1 deaths  1 best lifetime 2.285 mean 0.932 max age 59  season 415 conventional alive  60 births  3 deaths  3 best lifetime 1.773 mean 0.774 max age 56  (9.5s)
season 416 holistic     alive  60 births  2 deaths  2 best lifetime 2.201 mean 0.916 max age 59  season 416 conventional alive  60 births  0 deaths  0 best lifetime 1.707 mean 0.817 max age 57  (9.8s)
season 417 holistic     alive  60 births  5 deaths  5 best lifetime 2.453 mean 0.869 max age 59  season 417 conventional alive  60 births  3 deaths  3 best lifetime 1.645 mean 0.775 max age 58  (9.5s)
season 418 holistic     alive  60 births  1 deaths  1 best lifetime 3.922 mean 0.978 max age 59  season 418 conventional alive  60 births  1 deaths  1 best lifetime 1.732 mean 0.752 max age 59  (9.5s)
season 419 holistic     alive  60 births  3 deaths  3 best lifetime 3.915 mean 1.008 max age 59  season 419 conventional alive  60 births  2 deaths  2 best lifetime 1.850 mean 0.799 max age 59  (9.6s)
season 420 holistic     alive  60 births  2 deaths  2 best lifetime 2.590 mean 1.026 max age 59  season 420 conventional alive  60 births  3 deaths  3 best lifetime 2.028 mean 0.795 max age 59  (9.5s)
season 421 holistic     alive  60 births  4 deaths  4 best lifetime 4.160 mean 0.968 max age 59  season 421 conventional alive  60 births  4 deaths  4 best lifetime 2.485 mean 0.871 max age 59  (9.5s)
season 422 holistic     alive  60 births  3 deaths  3 best lifetime 3.711 mean 0.934 max age 57  season 422 conventional alive  60 births  2 deaths  2 best lifetime 2.098 mean 0.803 max age 59  (9.7s)
season 423 holistic     alive  60 births  0 deaths  0 best lifetime 3.994 mean 0.978 max age 58  season 423 conventional alive  60 births  3 deaths  3 best lifetime 2.372 mean 0.897 max age 58  (9.3s)
WARNING: Nan, Inf or huge value in QACC at DOF 30. The simulation is unstable. Time = 6.7300.

season 424 holistic     alive  60 births  3 deaths  3 best lifetime 3.200 mean 0.977 max age 59  season 424 conventional alive  60 births  1 deaths  1 best lifetime 1.814 mean 0.874 max age 59  (9.2s)
season 425 holistic     alive  60 births  3 deaths  3 best lifetime 3.038 mean 0.986 max age 58  season 425 conventional alive  60 births  2 deaths  2 best lifetime 2.350 mean 0.820 max age 58  (9.8s)
season 426 holistic     alive  60 births  0 deaths  0 best lifetime 3.357 mean 0.996 max age 59  season 426 conventional alive  60 births  4 deaths  4 best lifetime 1.946 mean 0.838 max age 59  (10.1s)
season 427 holistic     alive  60 births  2 deaths  2 best lifetime 3.214 mean 0.945 max age 58  season 427 conventional alive  60 births  2 deaths  2 best lifetime 1.683 mean 0.766 max age 57  (9.8s)
season 428 holistic     alive  60 births  0 deaths  0 best lifetime 3.277 mean 1.004 max age 59  season 428 conventional alive  60 births  2 deaths  2 best lifetime 3.471 mean 0.842 max age 58  (9.8s)
season 429 holistic     alive  60 births  2 deaths  2 best lifetime 3.330 mean 0.984 max age 59  season 429 conventional alive  60 births  0 deaths  0 best lifetime 2.462 mean 0.821 max age 59  (10.0s)
season 430 holistic     alive  60 births  1 deaths  1 best lifetime 3.144 mean 0.939 max age 57  season 430 conventional alive  60 births  2 deaths  2 best lifetime 1.515 mean 0.782 max age 58  (10.0s)
season 431 holistic     alive  60 births  1 deaths  1 best lifetime 3.341 mean 0.940 max age 58  season 431 conventional alive  60 births  0 deaths  0 best lifetime 2.342 mean 0.805 max age 59  (10.0s)
season 432 holistic     alive  60 births  1 deaths  1 best lifetime 3.247 mean 0.958 max age 59  season 432 conventional alive  60 births  3 deaths  3 best lifetime 1.882 mean 0.794 max age 59  (10.1s)
WARNING: Nan, Inf or huge value in QACC at DOF 43. The simulation is unstable. Time = 10.1600.

season 433 holistic     alive  60 births  2 deaths  2 best lifetime 3.101 mean 0.965 max age 59  season 433 conventional alive  60 births  2 deaths  2 best lifetime 3.416 mean 0.878 max age 59  (9.6s)
season 434 holistic     alive  60 births  2 deaths  2 best lifetime 2.973 mean 0.995 max age 59  season 434 conventional alive  60 births  1 deaths  1 best lifetime 3.878 mean 0.889 max age 59  (9.6s)
season 435 holistic     alive  60 births  1 deaths  1 best lifetime 2.991 mean 1.053 max age 56  season 435 conventional alive  60 births  2 deaths  2 best lifetime 2.365 mean 0.838 max age 59  (9.8s)
season 436 holistic     alive  60 births  0 deaths  0 best lifetime 2.913 mean 1.036 max age 57  season 436 conventional alive  60 births  3 deaths  3 best lifetime 1.696 mean 0.813 max age 59  (9.7s)
season 437 holistic     alive  60 births  1 deaths  1 best lifetime 3.061 mean 1.051 max age 58  season 437 conventional alive  60 births  1 deaths  1 best lifetime 1.570 mean 0.776 max age 59  (9.9s)
season 438 holistic     alive  60 births  2 deaths  2 best lifetime 2.994 mean 1.066 max age 59  season 438 conventional alive  60 births  3 deaths  3 best lifetime 2.684 mean 0.849 max age 59  (9.9s)
season 439 holistic     alive  60 births  1 deaths  1 best lifetime 2.803 mean 1.049 max age 55  season 439 conventional alive  60 births  3 deaths  3 best lifetime 1.840 mean 0.838 max age 58  (9.7s)
season 440 holistic     alive  60 births  0 deaths  0 best lifetime 3.029 mean 1.081 max age 56  season 440 conventional alive  60 births  1 deaths  1 best lifetime 2.138 mean 0.853 max age 59  (9.7s)
season 441 holistic     alive  60 births  0 deaths  0 best lifetime 3.100 mean 1.087 max age 57  season 441 conventional alive  60 births  2 deaths  2 best lifetime 2.010 mean 0.860 max age 59  (9.7s)
season 442 holistic     alive  60 births  1 deaths  1 best lifetime 3.057 mean 1.078 max age 58  season 442 conventional alive  60 births  1 deaths  1 best lifetime 3.480 mean 0.877 max age 59  (9.8s)
season 443 holistic     alive  60 births  0 deaths  0 best lifetime 2.839 mean 1.074 max age 59  season 443 conventional alive  60 births  3 deaths  3 best lifetime 1.982 mean 0.807 max age 59  (9.7s)
season 444 holistic     alive  60 births  1 deaths  1 best lifetime 2.991 mean 1.059 max age 59  season 444 conventional alive  60 births  2 deaths  2 best lifetime 2.554 mean 0.860 max age 59  (9.8s)
season 445 holistic     alive  60 births  1 deaths  1 best lifetime 2.815 mean 1.018 max age 56  season 445 conventional alive  60 births  2 deaths  2 best lifetime 1.894 mean 0.798 max age 57  (10.1s)
season 446 holistic     alive  60 births  2 deaths  2 best lifetime 2.944 mean 1.045 max age 57  season 446 conventional alive  60 births  1 deaths  1 best lifetime 2.376 mean 0.847 max age 58  (9.9s)
season 447 holistic     alive  60 births  0 deaths  0 best lifetime 2.792 mean 1.073 max age 58  season 447 conventional alive  60 births  1 deaths  1 best lifetime 1.880 mean 0.816 max age 59  (9.6s)
season 448 holistic     alive  60 births  0 deaths  0 best lifetime 2.844 mean 1.078 max age 59  season 448 conventional alive  60 births  5 deaths  5 best lifetime 2.450 mean 0.818 max age 59  (9.7s)
season 449 holistic     alive  60 births  1 deaths  1 best lifetime 2.775 mean 1.115 max age 59  season 449 conventional alive  60 births  1 deaths  1 best lifetime 2.448 mean 0.818 max age 59  (9.6s)
season 450 holistic     alive  60 births  1 deaths  1 best lifetime 2.605 mean 1.091 max age 56  season 450 conventional alive  60 births  3 deaths  3 best lifetime 5.338 mean 0.896 max age 59  (10.1s)
WARNING: Nan, Inf or huge value in QACC at DOF 23. The simulation is unstable. Time = 5.5600.

season 451 holistic     alive  60 births  0 deaths  0 best lifetime 2.450 mean 1.067 max age 57  season 451 conventional alive  60 births  2 deaths  2 best lifetime 3.542 mean 0.950 max age 59  (9.3s)
season 452 holistic     alive  60 births  0 deaths  0 best lifetime 2.460 mean 1.067 max age 58  season 452 conventional alive  60 births  3 deaths  3 best lifetime 3.539 mean 0.894 max age 59  (9.7s)
season 453 holistic     alive  60 births  0 deaths  0 best lifetime 2.470 mean 1.066 max age 59  season 453 conventional alive  60 births  3 deaths  3 best lifetime 3.533 mean 0.859 max age 59  (9.8s)
season 454 holistic     alive  60 births  2 deaths  2 best lifetime 2.341 mean 1.024 max age 59  season 454 conventional alive  60 births  3 deaths  3 best lifetime 3.280 mean 0.829 max age 58  (9.8s)
season 455 holistic     alive  60 births  2 deaths  2 best lifetime 2.232 mean 1.010 max age 59  season 455 conventional alive  60 births  2 deaths  2 best lifetime 2.528 mean 0.826 max age 59  (9.8s)
season 456 holistic     alive  60 births  2 deaths  2 best lifetime 2.224 mean 1.012 max age 59  season 456 conventional alive  60 births  1 deaths  1 best lifetime 2.355 mean 0.838 max age 57  (9.5s)
season 457 holistic     alive  60 births  2 deaths  2 best lifetime 2.192 mean 0.997 max age 59  season 457 conventional alive  60 births  0 deaths  0 best lifetime 1.956 mean 0.810 max age 58  (9.8s)
season 458 holistic     alive  60 births  2 deaths  2 best lifetime 2.136 mean 0.943 max age 59  season 458 conventional alive  60 births  2 deaths  2 best lifetime 1.774 mean 0.803 max age 59  (9.6s)
season 459 holistic     alive  60 births  1 deaths  1 best lifetime 2.131 mean 0.946 max age 59  season 459 conventional alive  60 births  1 deaths  1 best lifetime 1.749 mean 0.828 max age 57  (9.8s)
WARNING: Nan, Inf or huge value in QACC at DOF 10. The simulation is unstable. Time = 5.7650.

season 460 holistic     alive  60 births  2 deaths  2 best lifetime 2.102 mean 0.922 max age 59  season 460 conventional alive  60 births  1 deaths  1 best lifetime 1.780 mean 0.845 max age 58  (9.7s)
WARNING: Nan, Inf or huge value in QACC at DOF 20. The simulation is unstable. Time = 3.0600.

season 461 holistic     alive  60 births  2 deaths  2 best lifetime 2.075 mean 0.896 max age 59  season 461 conventional alive  60 births  1 deaths  1 best lifetime 1.685 mean 0.858 max age 59  (9.8s)
season 462 holistic     alive  60 births  4 deaths  4 best lifetime 2.027 mean 0.875 max age 59  season 462 conventional alive  60 births  1 deaths  1 best lifetime 1.709 mean 0.918 max age 59  (9.4s)
season 463 holistic     alive  60 births  3 deaths  3 best lifetime 2.058 mean 0.862 max age 59  season 463 conventional alive  60 births  3 deaths  3 best lifetime 1.986 mean 0.884 max age 58  (9.7s)
season 464 holistic     alive  60 births  3 deaths  3 best lifetime 2.022 mean 0.836 max age 59  season 464 conventional alive  60 births  0 deaths  0 best lifetime 3.291 mean 0.979 max age 59  (9.7s)
WARNING: Nan, Inf or huge value in QACC at DOF 40. The simulation is unstable. Time = 11.6600.

season 465 holistic     alive  60 births  2 deaths  2 best lifetime 2.352 mean 0.864 max age 58  season 465 conventional alive  60 births  2 deaths  2 best lifetime 2.290 mean 0.944 max age 59  (9.5s)
season 466 holistic     alive  60 births  3 deaths  3 best lifetime 2.637 mean 0.916 max age 59  season 466 conventional alive  60 births  1 deaths  1 best lifetime 2.377 mean 0.900 max age 58  (9.9s)
season 467 holistic     alive  60 births  1 deaths  1 best lifetime 2.136 mean 0.949 max age 59  season 467 conventional alive  60 births  2 deaths  2 best lifetime 1.900 mean 0.882 max age 59  (9.9s)
WARNING: Nan, Inf or huge value in QACC at DOF 30. The simulation is unstable. Time = 12.3150.

WARNING: Nan, Inf or huge value in QACC at DOF 33. The simulation is unstable. Time = 8.6400.

season 468 holistic     alive  60 births  4 deaths  4 best lifetime 2.978 mean 0.901 max age 58  season 468 conventional alive  60 births  2 deaths  2 best lifetime 1.734 mean 0.823 max age 54  (9.4s)
WARNING: Nan, Inf or huge value in QACC at DOF 54. The simulation is unstable. Time = 7.7150.

season 469 holistic     alive  60 births  0 deaths  0 best lifetime 3.148 mean 0.960 max age 59  season 469 conventional alive  60 births  0 deaths  0 best lifetime 1.812 mean 0.873 max age 55  (9.5s)
season 470 holistic     alive  60 births  5 deaths  5 best lifetime 2.450 mean 0.900 max age 58  season 470 conventional alive  60 births  1 deaths  1 best lifetime 1.883 mean 0.872 max age 56  (9.7s)
season 471 holistic     alive  60 births  0 deaths  0 best lifetime 3.605 mean 1.005 max age 59  season 471 conventional alive  60 births  0 deaths  0 best lifetime 1.923 mean 0.915 max age 57  (9.6s)
season 472 holistic     alive  60 births  2 deaths  2 best lifetime 2.155 mean 0.909 max age 59  season 472 conventional alive  60 births  1 deaths  1 best lifetime 1.881 mean 0.894 max age 58  (9.6s)
season 473 holistic     alive  60 births  3 deaths  3 best lifetime 2.305 mean 0.851 max age 57  season 473 conventional alive  60 births  1 deaths  1 best lifetime 1.840 mean 0.891 max age 59  (9.6s)
season 474 holistic     alive  60 births  2 deaths  2 best lifetime 2.238 mean 0.910 max age 58  season 474 conventional alive  60 births  2 deaths  2 best lifetime 1.933 mean 0.919 max age 59  (9.9s)
WARNING: Nan, Inf or huge value in QACC at DOF 51. The simulation is unstable. Time = 9.4450.

season 475 holistic     alive  60 births  1 deaths  1 best lifetime 2.054 mean 0.910 max age 59  season 475 conventional alive  60 births  1 deaths  1 best lifetime 3.104 mean 0.919 max age 58  (9.6s)
season 476 holistic     alive  60 births  1 deaths  1 best lifetime 2.823 mean 0.989 max age 59  season 476 conventional alive  60 births  1 deaths  1 best lifetime 2.929 mean 0.971 max age 59  (9.6s)
season 477 holistic     alive  60 births  3 deaths  3 best lifetime 4.338 mean 0.948 max age 59  season 477 conventional alive  60 births  3 deaths  3 best lifetime 2.222 mean 0.910 max age 58  (9.8s)
season 478 holistic     alive  60 births  2 deaths  2 best lifetime 2.828 mean 0.984 max age 59  season 478 conventional alive  60 births  2 deaths  2 best lifetime 1.923 mean 0.925 max age 59  (9.4s)
WARNING: Nan, Inf or huge value in QACC at DOF 33. The simulation is unstable. Time = 11.8550.

season 479 holistic     alive  60 births  3 deaths  3 best lifetime 3.575 mean 0.976 max age 58  season 479 conventional alive  60 births  2 deaths  2 best lifetime 2.000 mean 0.971 max age 59  (9.4s)
season 480 holistic     alive  60 births  1 deaths  1 best lifetime 3.825 mean 0.977 max age 59  season 480 conventional alive  60 births  3 deaths  3 best lifetime 2.308 mean 0.894 max age 59  (9.9s)
season 481 holistic     alive  60 births  2 deaths  2 best lifetime 3.153 mean 0.944 max age 59  season 481 conventional alive  60 births  4 deaths  4 best lifetime 2.452 mean 0.895 max age 59  (9.6s)
season 482 holistic     alive  60 births  3 deaths  3 best lifetime 3.102 mean 0.958 max age 58  season 482 conventional alive  60 births  3 deaths  3 best lifetime 2.238 mean 0.859 max age 57  (9.8s)
season 483 holistic     alive  60 births  1 deaths  1 best lifetime 2.983 mean 0.997 max age 59  season 483 conventional alive  60 births  3 deaths  3 best lifetime 1.985 mean 0.864 max age 58  (9.9s)
season 484 holistic     alive  60 births  3 deaths  3 best lifetime 2.485 mean 0.959 max age 59  season 484 conventional alive  60 births  2 deaths  2 best lifetime 3.250 mean 0.943 max age 59  (9.8s)
season 485 holistic     alive  60 births  2 deaths  2 best lifetime 2.905 mean 1.019 max age 58  season 485 conventional alive  60 births  3 deaths  3 best lifetime 2.115 mean 0.946 max age 59  (9.7s)
season 486 holistic     alive  60 births  3 deaths  3 best lifetime 3.032 mean 1.043 max age 59  season 486 conventional alive  60 births  3 deaths  3 best lifetime 2.742 mean 0.974 max age 59  (9.6s)
season 487 holistic     alive  60 births  1 deaths  1 best lifetime 3.305 mean 1.057 max age 58  season 487 conventional alive  60 births  3 deaths  3 best lifetime 3.298 mean 0.913 max age 59  (9.4s)
season 488 holistic     alive  60 births  1 deaths  1 best lifetime 2.738 mean 1.021 max age 59  season 488 conventional alive  60 births  3 deaths  3 best lifetime 2.232 mean 0.864 max age 58  (9.4s)
season 489 holistic     alive  60 births  2 deaths  2 best lifetime 2.389 mean 0.996 max age 58  season 489 conventional alive  60 births  1 deaths  1 best lifetime 1.955 mean 0.892 max age 59  (9.3s)
season 490 holistic     alive  60 births  2 deaths  2 best lifetime 2.410 mean 1.004 max age 59  season 490 conventional alive  60 births  3 deaths  3 best lifetime 2.094 mean 0.897 max age 58  (9.2s)
season 491 holistic     alive  60 births  1 deaths  1 best lifetime 2.243 mean 1.035 max age 59  season 491 conventional alive  60 births  1 deaths  1 best lifetime 2.594 mean 0.925 max age 59  (9.2s)
season 492 holistic     alive  60 births  2 deaths  2 best lifetime 2.451 mean 1.059 max age 59  season 492 conventional alive  60 births  5 deaths  5 best lifetime 1.851 mean 0.852 max age 57  (9.3s)
season 493 holistic     alive  60 births  2 deaths  2 best lifetime 2.211 mean 1.023 max age 59  season 493 conventional alive  60 births  1 deaths  1 best lifetime 1.808 mean 0.895 max age 58  (9.3s)
season 494 holistic     alive  60 births  1 deaths  1 best lifetime 2.630 mean 1.013 max age 59  season 494 conventional alive  60 births  2 deaths  2 best lifetime 3.427 mean 0.931 max age 59  (9.2s)
season 495 holistic     alive  60 births  1 deaths  1 best lifetime 2.606 mean 0.999 max age 58  season 495 conventional alive  60 births  4 deaths  4 best lifetime 2.335 mean 0.896 max age 59  (9.6s)
season 496 holistic     alive  60 births  1 deaths  1 best lifetime 4.598 mean 1.106 max age 59  season 496 conventional alive  60 births  2 deaths  2 best lifetime 2.288 mean 0.959 max age 58  (9.0s)
season 497 holistic     alive  60 births  2 deaths  2 best lifetime 2.222 mean 1.064 max age 58  season 497 conventional alive  60 births  0 deaths  0 best lifetime 2.134 mean 0.999 max age 59  (9.3s)
season 498 holistic     alive  60 births  0 deaths  0 best lifetime 2.426 mean 1.093 max age 59  season 498 conventional alive  60 births  3 deaths  3 best lifetime 2.334 mean 0.982 max age 59  (9.4s)
season 499 holistic     alive  60 births  1 deaths  1 best lifetime 2.364 mean 1.071 max age 55  season 499 conventional alive  60 births  2 deaths  2 best lifetime 3.188 mean 0.955 max age 58  (9.5s)
season 500 holistic     alive  60 births  0 deaths  0 best lifetime 2.805 mean 1.091 max age 56  season 500 conventional alive  60 births  0 deaths  0 best lifetime 2.835 mean 1.073 max age 59  (9.6s)
season 501 holistic     alive  60 births  0 deaths  0 best lifetime 2.331 mean 1.054 max age 57  season 501 conventional alive  60 births  1 deaths  1 best lifetime 3.112 mean 1.076 max age 58  (9.5s)
WARNING: Nan, Inf or huge value in QACC at DOF 40. The simulation is unstable. Time = 9.5550.

season 502 holistic     alive  60 births  0 deaths  0 best lifetime 2.258 mean 1.041 max age 58  season 502 conventional alive  60 births  1 deaths  1 best lifetime 2.840 mean 1.055 max age 59  (9.3s)
season 503 holistic     alive  60 births  1 deaths  1 best lifetime 2.278 mean 1.037 max age 59  season 503 conventional alive  60 births  2 deaths  2 best lifetime 2.521 mean 0.976 max age 59  (9.2s)
season 504 holistic     alive  60 births  1 deaths  1 best lifetime 2.261 mean 1.053 max age 59  season 504 conventional alive  60 births  3 deaths  3 best lifetime 2.319 mean 1.006 max age 59  (9.1s)
season 505 holistic     alive  60 births  1 deaths  1 best lifetime 2.179 mean 1.031 max age 59  season 505 conventional alive  60 births  2 deaths  2 best lifetime 2.331 mean 0.956 max age 58  (9.4s)
WARNING: Nan, Inf or huge value in QACC at DOF 70. The simulation is unstable. Time = 9.0100.

season 506 holistic     alive  60 births  3 deaths  3 best lifetime 2.135 mean 0.973 max age 57  season 506 conventional alive  60 births  3 deaths  3 best lifetime 2.158 mean 0.970 max age 59  (9.6s)
season 507 holistic     alive  60 births  0 deaths  0 best lifetime 2.188 mean 0.974 max age 58  season 507 conventional alive  60 births  1 deaths  1 best lifetime 4.493 mean 1.087 max age 59  (9.4s)
season 508 holistic     alive  60 births  1 deaths  1 best lifetime 2.117 mean 1.015 max age 59  season 508 conventional alive  60 births  4 deaths  4 best lifetime 2.510 mean 0.947 max age 58  (9.6s)
season 509 holistic     alive  60 births  2 deaths  2 best lifetime 2.167 mean 1.003 max age 59  season 509 conventional alive  60 births  1 deaths  1 best lifetime 2.216 mean 0.928 max age 59  (8.9s)
season 510 holistic     alive  60 births  2 deaths  2 best lifetime 2.386 mean 1.023 max age 56  season 510 conventional alive  60 births  4 deaths  4 best lifetime 2.056 mean 0.916 max age 59  (9.2s)
season 511 holistic     alive  60 births  0 deaths  0 best lifetime 2.426 mean 1.069 max age 57  season 511 conventional alive  60 births  3 deaths  3 best lifetime 3.248 mean 0.980 max age 59  (9.2s)
season 512 holistic     alive  60 births  0 deaths  0 best lifetime 2.464 mean 1.106 max age 58  season 512 conventional alive  60 births  3 deaths  3 best lifetime 2.500 mean 0.998 max age 59  (9.2s)
season 513 holistic     alive  60 births  1 deaths  1 best lifetime 2.578 mean 1.097 max age 59  season 513 conventional alive  60 births  1 deaths  1 best lifetime 3.072 mean 0.951 max age 59  (9.1s)
season 514 holistic     alive  60 births  2 deaths  2 best lifetime 5.571 mean 1.156 max age 59  season 514 conventional alive  60 births  4 deaths  4 best lifetime 2.751 mean 0.940 max age 59  (8.9s)
season 515 holistic     alive  60 births  1 deaths  1 best lifetime 4.104 mean 1.131 max age 58  season 515 conventional alive  60 births  2 deaths  2 best lifetime 2.390 mean 0.901 max age 59  (9.7s)
season 516 holistic     alive  60 births  0 deaths  0 best lifetime 2.645 mean 1.080 max age 59  season 516 conventional alive  60 births  2 deaths  2 best lifetime 2.100 mean 0.915 max age 58  (9.3s)
season 517 holistic     alive  60 births  2 deaths  2 best lifetime 3.324 mean 1.116 max age 59  season 517 conventional alive  60 births  3 deaths  3 best lifetime 2.046 mean 0.952 max age 59  (9.2s)
season 518 holistic     alive  60 births  1 deaths  1 best lifetime 2.558 mean 1.078 max age 57  season 518 conventional alive  60 births  3 deaths  3 best lifetime 2.280 mean 0.933 max age 57  (9.8s)
season 519 holistic     alive  60 births  0 deaths  0 best lifetime 3.302 mean 1.099 max age 58  season 519 conventional alive  60 births  5 deaths  5 best lifetime 2.276 mean 0.930 max age 58  (9.0s)
season 520 holistic     alive  60 births  0 deaths  0 best lifetime 3.137 mean 1.092 max age 59  season 520 conventional alive  60 births  0 deaths  0 best lifetime 2.295 mean 0.962 max age 59  (9.4s)
season 521 holistic     alive  60 births  2 deaths  2 best lifetime 2.555 mean 1.051 max age 58  season 521 conventional alive  60 births  3 deaths  3 best lifetime 2.304 mean 0.922 max age 59  (9.4s)
WARNING: Nan, Inf or huge value in QACC at DOF 53. The simulation is unstable. Time = 8.5500.

season 522 holistic     alive  60 births  1 deaths  1 best lifetime 2.391 mean 1.039 max age 59  season 522 conventional alive  60 births  4 deaths  4 best lifetime 3.371 mean 0.908 max age 59  (9.4s)
season 523 holistic     alive  60 births  1 deaths  1 best lifetime 2.358 mean 1.024 max age 59  season 523 conventional alive  60 births  6 deaths  6 best lifetime 2.861 mean 0.869 max age 58  (9.4s)
season 524 holistic     alive  60 births  2 deaths  2 best lifetime 2.367 mean 1.017 max age 59  season 524 conventional alive  60 births  0 deaths  0 best lifetime 2.354 mean 0.919 max age 59  (9.1s)
season 525 holistic     alive  60 births  4 deaths  4 best lifetime 2.356 mean 1.001 max age 59  season 525 conventional alive  60 births  3 deaths  3 best lifetime 2.106 mean 0.942 max age 57  (9.5s)
season 526 holistic     alive  60 births  4 deaths  4 best lifetime 2.346 mean 0.926 max age 58  season 526 conventional alive  60 births  0 deaths  0 best lifetime 4.278 mean 1.048 max age 58  (9.1s)
WARNING: Nan, Inf or huge value in QACC at DOF 11. The simulation is unstable. Time = 4.6750.

season 527 holistic     alive  60 births  0 deaths  0 best lifetime 2.336 mean 1.003 max age 59  season 527 conventional alive  60 births  2 deaths  2 best lifetime 2.112 mean 1.016 max age 59  (9.7s)
season 528 holistic     alive  60 births  4 deaths  4 best lifetime 2.345 mean 0.897 max age 58  season 528 conventional alive  60 births  3 deaths  3 best lifetime 2.480 mean 0.969 max age 56  (9.2s)
season 529 holistic     alive  60 births  1 deaths  1 best lifetime 2.317 mean 0.937 max age 59  season 529 conventional alive  60 births  0 deaths  0 best lifetime 2.227 mean 0.948 max age 57  (9.4s)
season 530 holistic     alive  60 births  6 deaths  6 best lifetime 3.745 mean 0.985 max age 58  season 530 conventional alive  60 births  2 deaths  2 best lifetime 3.881 mean 1.038 max age 58  (9.2s)
season 531 holistic     alive  60 births  0 deaths  0 best lifetime 3.745 mean 1.093 max age 59  season 531 conventional alive  60 births  1 deaths  1 best lifetime 3.282 mean 1.010 max age 59  (9.3s)
season 532 holistic     alive  60 births  1 deaths  1 best lifetime 3.766 mean 1.046 max age 59  season 532 conventional alive  60 births  2 deaths  2 best lifetime 2.852 mean 0.981 max age 57  (9.2s)
season 533 holistic     alive  60 births  4 deaths  4 best lifetime 3.102 mean 1.036 max age 59  season 533 conventional alive  60 births  0 deaths  0 best lifetime 2.907 mean 1.012 max age 58  (9.9s)
season 534 holistic     alive  60 births  1 deaths  1 best lifetime 2.947 mean 1.041 max age 59  season 534 conventional alive  60 births  1 deaths  1 best lifetime 2.726 mean 0.979 max age 59  (9.0s)
season 535 holistic     alive  60 births  1 deaths  1 best lifetime 3.080 mean 0.992 max age 58  season 535 conventional alive  60 births  1 deaths  1 best lifetime 2.481 mean 0.963 max age 58  (9.0s)
season 536 holistic     alive  60 births  1 deaths  1 best lifetime 3.745 mean 1.071 max age 59  season 536 conventional alive  60 births  2 deaths  2 best lifetime 2.344 mean 0.987 max age 59  (9.1s)
season 537 holistic     alive  60 births  4 deaths  4 best lifetime 2.755 mean 0.995 max age 58  season 537 conventional alive  60 births  1 deaths  1 best lifetime 2.115 mean 1.003 max age 59  (9.7s)
season 538 holistic     alive  60 births  1 deaths  1 best lifetime 2.749 mean 1.030 max age 59  season 538 conventional alive  60 births  1 deaths  1 best lifetime 2.050 mean 0.946 max age 59  (10.3s)
season 539 holistic     alive  60 births  2 deaths  2 best lifetime 2.949 mean 1.052 max age 59  season 539 conventional alive  60 births  1 deaths  1 best lifetime 2.061 mean 0.941 max age 57  (9.7s)
season 540 holistic     alive  60 births  1 deaths  1 best lifetime 2.928 mean 1.065 max age 59  season 540 conventional alive  60 births  0 deaths  0 best lifetime 2.000 mean 0.951 max age 58  (10.1s)
season 541 holistic     alive  60 births  4 deaths  4 best lifetime 2.748 mean 1.030 max age 59  season 541 conventional alive  60 births  0 deaths  0 best lifetime 1.978 mean 0.980 max age 59  (9.8s)
season 542 holistic     alive  60 births  2 deaths  2 best lifetime 2.662 mean 1.035 max age 59  season 542 conventional alive  60 births  1 deaths  1 best lifetime 1.925 mean 0.960 max age 59  (9.7s)
season 543 holistic     alive  60 births  1 deaths  1 best lifetime 2.964 mean 1.083 max age 59  season 543 conventional alive  60 births  2 deaths  2 best lifetime 1.874 mean 0.953 max age 58  (9.5s)
season 544 holistic     alive  60 births  3 deaths  3 best lifetime 2.818 mean 0.987 max age 59  season 544 conventional alive  60 births  1 deaths  1 best lifetime 1.796 mean 0.944 max age 59  (9.5s)
WARNING: Nan, Inf or huge value in QACC at DOF 20. The simulation is unstable. Time = 11.2800.

season 545 holistic     alive  60 births  3 deaths  3 best lifetime 2.751 mean 0.970 max age 59  season 545 conventional alive  60 births  1 deaths  1 best lifetime 1.748 mean 0.916 max age 59  (9.5s)
season 546 holistic     alive  60 births  2 deaths  2 best lifetime 2.869 mean 0.955 max age 58  season 546 conventional alive  60 births  2 deaths  2 best lifetime 1.653 mean 0.883 max age 59  (9.3s)
season 547 holistic     alive  60 births  2 deaths  2 best lifetime 2.751 mean 0.945 max age 59  season 547 conventional alive  60 births  5 deaths  5 best lifetime 2.382 mean 0.918 max age 59  (9.6s)
season 548 holistic     alive  60 births  3 deaths  3 best lifetime 2.714 mean 0.984 max age 59  season 548 conventional alive  60 births  2 deaths  2 best lifetime 1.878 mean 0.871 max age 59  (9.3s)
season 549 holistic     alive  60 births  1 deaths  1 best lifetime 2.500 mean 0.971 max age 59  season 549 conventional alive  60 births  4 deaths  4 best lifetime 1.525 mean 0.846 max age 59  (9.5s)
season 550 holistic     alive  60 births  2 deaths  2 best lifetime 2.513 mean 0.948 max age 59  season 550 conventional alive  60 births  4 deaths  4 best lifetime 1.857 mean 0.799 max age 59  (9.5s)
season 551 holistic     alive  60 births  2 deaths  2 best lifetime 3.734 mean 0.987 max age 59  season 551 conventional alive  60 births  6 deaths  6 best lifetime 2.525 mean 0.883 max age 59  (9.2s)
season 552 holistic     alive  60 births  2 deaths  2 best lifetime 2.534 mean 0.992 max age 59  season 552 conventional alive  60 births  3 deaths  3 best lifetime 2.326 mean 0.827 max age 57  (9.6s)
season 553 holistic     alive  60 births  1 deaths  1 best lifetime 2.584 mean 0.949 max age 58  season 553 conventional alive  60 births  3 deaths  3 best lifetime 2.241 mean 0.882 max age 58  (9.3s)
season 554 holistic     alive  60 births  1 deaths  1 best lifetime 2.591 mean 0.988 max age 59  season 554 conventional alive  60 births  1 deaths  1 best lifetime 2.727 mean 0.994 max age 59  (9.7s)
season 555 holistic     alive  60 births  4 deaths  4 best lifetime 2.482 mean 0.972 max age 59  season 555 conventional alive  60 births  4 deaths  4 best lifetime 3.390 mean 1.048 max age 59  (9.5s)
season 556 holistic     alive  60 births  1 deaths  1 best lifetime 2.418 mean 0.961 max age 59  season 556 conventional alive  60 births  2 deaths  2 best lifetime 3.790 mean 1.088 max age 58  (9.6s)
season 557 holistic     alive  60 births  3 deaths  3 best lifetime 2.358 mean 0.928 max age 54  season 557 conventional alive  60 births  0 deaths  0 best lifetime 4.466 mean 1.128 max age 59  (9.6s)
season 558 holistic     alive  60 births  0 deaths  0 best lifetime 2.302 mean 0.890 max age 55  season 558 conventional alive  60 births  3 deaths  3 best lifetime 3.029 mean 0.965 max age 59  (9.6s)
season 559 holistic     alive  60 births  0 deaths  0 best lifetime 2.351 mean 0.926 max age 56  season 559 conventional alive  60 births  3 deaths  3 best lifetime 2.758 mean 0.955 max age 55  (9.7s)
season 560 holistic     alive  60 births  1 deaths  1 best lifetime 2.396 mean 0.930 max age 57  season 560 conventional alive  60 births  0 deaths  0 best lifetime 3.450 mean 1.035 max age 56  (9.7s)
season 561 holistic     alive  60 births  0 deaths  0 best lifetime 2.376 mean 0.954 max age 58  season 561 conventional alive  60 births  2 deaths  2 best lifetime 2.602 mean 1.069 max age 57  (9.4s)
season 562 holistic     alive  60 births  0 deaths  0 best lifetime 2.296 mean 0.964 max age 59  season 562 conventional alive  60 births  0 deaths  0 best lifetime 2.421 mean 1.100 max age 58  (10.0s)
season 563 holistic     alive  60 births  1 deaths  1 best lifetime 2.251 mean 0.965 max age 57  season 563 conventional alive  60 births  1 deaths  1 best lifetime 2.348 mean 1.062 max age 59  (9.6s)
season 564 holistic     alive  60 births  1 deaths  1 best lifetime 2.236 mean 0.972 max age 58  season 564 conventional alive  60 births  1 deaths  1 best lifetime 2.356 mean 1.014 max age 59  (9.7s)
season 565 holistic     alive  60 births  0 deaths  0 best lifetime 2.235 mean 0.989 max age 59  season 565 conventional alive  60 births  2 deaths  2 best lifetime 2.160 mean 0.972 max age 59  (10.0s)
season 566 holistic     alive  60 births  3 deaths  3 best lifetime 2.183 mean 0.949 max age 58  season 566 conventional alive  60 births  1 deaths  1 best lifetime 3.446 mean 1.040 max age 59  (9.6s)
season 567 holistic     alive  60 births  0 deaths  0 best lifetime 2.146 mean 1.016 max age 59  season 567 conventional alive  60 births  1 deaths  1 best lifetime 2.170 mean 1.030 max age 59  (9.7s)
season 568 holistic     alive  60 births  1 deaths  1 best lifetime 2.186 mean 0.975 max age 59  season 568 conventional alive  60 births  1 deaths  1 best lifetime 2.139 mean 1.042 max age 58  (9.7s)
season 569 holistic     alive  60 births  2 deaths  2 best lifetime 2.275 mean 0.897 max age 59  season 569 conventional alive  60 births  0 deaths  0 best lifetime 2.231 mean 1.037 max age 59  (10.0s)
season 570 holistic     alive  60 births  2 deaths  2 best lifetime 2.314 mean 0.893 max age 57  season 570 conventional alive  60 births  3 deaths  3 best lifetime 2.004 mean 0.961 max age 59  (10.1s)
season 571 holistic     alive  60 births  0 deaths  0 best lifetime 2.482 mean 0.911 max age 58  season 571 conventional alive  60 births  2 deaths  2 best lifetime 3.494 mean 0.990 max age 59  (9.6s)
WARNING: Nan, Inf or huge value in QACC at DOF 60. The simulation is unstable. Time = 1.7250.

WARNING: Nan, Inf or huge value in QACC at DOF 61. The simulation is unstable. Time = 2.6300.

season 572 holistic     alive  60 births  0 deaths  0 best lifetime 2.531 mean 0.908 max age 59  season 572 conventional alive  60 births  3 deaths  3 best lifetime 3.398 mean 0.969 max age 57  (10.1s)
season 573 holistic     alive  60 births  4 deaths  4 best lifetime 2.475 mean 0.892 max age 59  season 573 conventional alive  60 births  2 deaths  2 best lifetime 3.391 mean 0.980 max age 58  (10.2s)
season 574 holistic     alive  60 births  2 deaths  2 best lifetime 2.386 mean 0.882 max age 59  season 574 conventional alive  60 births  0 deaths  0 best lifetime 1.971 mean 0.959 max age 59  (9.9s)
season 575 holistic     alive  60 births  1 deaths  1 best lifetime 2.308 mean 0.924 max age 58  season 575 conventional alive  60 births  1 deaths  1 best lifetime 1.804 mean 0.929 max age 58  (9.7s)
season 576 holistic     alive  60 births  0 deaths  0 best lifetime 2.235 mean 0.900 max age 59  season 576 conventional alive  60 births  2 deaths  2 best lifetime 1.633 mean 0.875 max age 59  (9.4s)
season 577 holistic     alive  60 births  3 deaths  3 best lifetime 2.980 mean 0.896 max age 54  season 577 conventional alive  60 births  2 deaths  2 best lifetime 3.572 mean 0.959 max age 59  (9.4s)
season 578 holistic     alive  60 births  0 deaths  0 best lifetime 2.476 mean 0.911 max age 55  season 578 conventional alive  60 births  2 deaths  2 best lifetime 2.579 mean 0.933 max age 59  (9.7s)
season 579 holistic     alive  60 births  0 deaths  0 best lifetime 2.739 mean 0.932 max age 56  season 579 conventional alive  60 births  3 deaths  3 best lifetime 1.787 mean 0.938 max age 58  (9.6s)
WARNING: Nan, Inf or huge value in QACC at DOF 60. The simulation is unstable. Time = 11.1350.

season 580 holistic     alive  60 births  0 deaths  0 best lifetime 2.732 mean 0.925 max age 57  season 580 conventional alive  60 births  0 deaths  0 best lifetime 2.438 mean 0.963 max age 59  (10.1s)
season 581 holistic     alive  60 births  1 deaths  1 best lifetime 2.612 mean 0.969 max age 58  season 581 conventional alive  60 births  1 deaths  1 best lifetime 1.778 mean 0.938 max age 59  (9.8s)
season 582 holistic     alive  60 births  0 deaths  0 best lifetime 2.715 mean 1.015 max age 59  season 582 conventional alive  60 births  2 deaths  2 best lifetime 4.391 mean 0.981 max age 59  (9.2s)
season 583 holistic     alive  60 births  1 deaths  1 best lifetime 2.740 mean 1.011 max age 59  season 583 conventional alive  60 births  2 deaths  2 best lifetime 2.398 mean 0.909 max age 58  (9.8s)
WARNING: Nan, Inf or huge value in QACC at DOF 63. The simulation is unstable. Time = 4.1400.

season 584 holistic     alive  60 births  2 deaths  2 best lifetime 2.555 mean 0.974 max age 59  season 584 conventional alive  60 births  0 deaths  0 best lifetime 4.455 mean 0.933 max age 59  (9.6s)
season 585 holistic     alive  60 births  4 deaths  4 best lifetime 2.651 mean 0.946 max age 59  season 585 conventional alive  60 births  4 deaths  4 best lifetime 3.947 mean 0.914 max age 57  (9.9s)
WARNING: Nan, Inf or huge value in QACC at DOF 0. The simulation is unstable. Time = 5.3550.

season 586 holistic     alive  60 births  1 deaths  1 best lifetime 4.542 mean 1.021 max age 58  season 586 conventional alive  60 births  0 deaths  0 best lifetime 2.780 mean 0.988 max age 58  (10.1s)
season 587 holistic     alive  60 births  0 deaths  0 best lifetime 3.116 mean 0.979 max age 59  season 587 conventional alive  60 births  0 deaths  0 best lifetime 2.059 mean 0.945 max age 59  (10.2s)
season 588 holistic     alive  60 births  3 deaths  3 best lifetime 3.603 mean 0.979 max age 59  season 588 conventional alive  60 births  1 deaths  1 best lifetime 2.849 mean 0.949 max age 58  (9.6s)
season 589 holistic     alive  60 births  3 deaths  3 best lifetime 3.731 mean 1.038 max age 59  season 589 conventional alive  60 births  1 deaths  1 best lifetime 2.465 mean 0.925 max age 59  (9.9s)
season 590 holistic     alive  60 births  4 deaths  4 best lifetime 5.590 mean 1.047 max age 58  season 590 conventional alive  60 births  2 deaths  2 best lifetime 2.748 mean 0.935 max age 58  (9.7s)
season 591 holistic     alive  60 births  0 deaths  0 best lifetime 3.836 mean 1.117 max age 59  season 591 conventional alive  60 births  1 deaths  1 best lifetime 2.334 mean 0.893 max age 59  (9.4s)
season 592 holistic     alive  60 births  1 deaths  1 best lifetime 4.328 mean 1.091 max age 59  season 592 conventional alive  60 births  2 deaths  2 best lifetime 2.014 mean 0.927 max age 58  (9.5s)
season 593 holistic     alive  60 births  3 deaths  3 best lifetime 3.503 mean 1.065 max age 58  season 593 conventional alive  60 births  0 deaths  0 best lifetime 2.773 mean 1.021 max age 59  (9.8s)
season 594 holistic     alive  60 births  0 deaths  0 best lifetime 3.097 mean 1.080 max age 59  season 594 conventional alive  60 births  1 deaths  1 best lifetime 2.933 mean 1.007 max age 59  (9.1s)
season 595 holistic     alive  60 births  2 deaths  2 best lifetime 2.874 mean 1.061 max age 59  season 595 conventional alive  60 births  1 deaths  1 best lifetime 2.233 mean 0.949 max age 59  (9.2s)
WARNING: Nan, Inf or huge value in QACC at DOF 40. The simulation is unstable. Time = 1.2500.

season 596 holistic     alive  60 births  1 deaths  1 best lifetime 2.693 mean 1.037 max age 59  season 596 conventional alive  60 births  2 deaths  2 best lifetime 1.767 mean 0.939 max age 52  (9.1s)
season 597 holistic     alive  60 births  2 deaths  2 best lifetime 2.690 mean 1.073 max age 59  season 597 conventional alive  60 births  0 deaths  0 best lifetime 1.758 mean 0.922 max age 53  (9.8s)
season 598 holistic     alive  60 births  1 deaths  1 best lifetime 3.076 mean 1.067 max age 59  season 598 conventional alive  60 births  0 deaths  0 best lifetime 1.797 mean 0.938 max age 54  (9.4s)
season 599 holistic     alive  60 births  2 deaths  2 best lifetime 2.856 mean 1.040 max age 59  season 599 conventional alive  60 births  0 deaths  0 best lifetime 1.832 mean 0.920 max age 55  (9.4s)
results in runs/RBT-17/W5-801/history.json
