season	population	alive	births	deaths	mean_lifetime_score	best_lifetime_score	mean_age	max_age
0	holistic	60	0	0	0.03399596122614075	1.0	26.066666666666666	58
0	conventional	60	3	3	0.039270220957768394	3.489141388115474	28.516666666666666	56
1	holistic	60	0	0	0.025437236743316206	0.5	27.066666666666666	59
1	conventional	60	0	0	0.3561106327843811	4.395977014835583	29.516666666666666	57
2	holistic	60	1	1	0.034066950244677055	0.9077101959357862	27.066666666666666	59
2	conventional	60	5	5	0.47958635107170267	3.0734938934721225	28.433333333333334	58
3	holistic	60	1	1	0.03861854406193288	1.161823013537081	27.066666666666666	58
3	conventional	60	6	6	0.4502918416973415	2.493618044500903	27.116666666666667	59
4	holistic	60	0	0	0.053979171761198416	0.9119589561790246	28.066666666666666	59
4	conventional	60	13	13	0.4490750611657352	1.8458462863648868	22.65	59
5	holistic	60	1	1	0.034125080065259245	0.9113320574174947	28.066666666666666	58
5	conventional	60	7	7	0.30234760201714317	1.6031679928840972	21.866666666666667	56
6	holistic	60	1	1	0.038999812360463175	0.7679427956862417	29.0	59
6	conventional	60	11	11	0.43916646127269154	4.3402634447758	22.233333333333334	57
7	holistic	60	3	3	0.032740249932902	0.660312936328184	27.933333333333334	59
7	conventional	60	5	5	0.4755679191832358	4.394061489095042	21.533333333333335	58
8	holistic	60	3	3	0.07487565137386931	1.7021211790834077	26.683333333333334	58
8	conventional	60	6	6	0.47926221938975677	2.40743049783994	21.5	59
9	holistic	60	2	2	0.053437486075506094	1.1904448548545554	27.383333333333333	59
9	conventional	60	11	11	0.443634731501416	1.8508044370522276	18.033333333333335	59
10	holistic	57	2	5	0.05927159056238324	0.8107060146662102	26.649122807017545	58
10	conventional	60	8	8	0.7530187823208904	6.25217727451923	15.6	59
11	holistic	17	1	41	0.15915418862001873	0.7131197061514125	18.58823529411765	59
11	conventional	60	10	10	0.4715527198819502	2.780046979955695	14.566666666666666	59
12	holistic	15	1	3	0.2073684664357507	0.6833035872040744	17.8	52
12	conventional	60	10	10	0.6142193676614516	4.368610028610581	12.05	59
13	holistic	16	1	0	0.2961222812830704	0.7179402972975036	17.625	53
13	conventional	60	9	9	0.6243852521170926	2.3198482160538783	10.866666666666667	58
14	holistic	15	0	1	0.34102650606579304	0.7612680846934791	18.133333333333333	54
14	conventional	60	3	3	0.746326573590221	2.473977709178462	11.716666666666667	59
15	holistic	12	0	3	0.3655706268040992	0.6111299164907159	18.166666666666668	55
15	conventional	60	1	1	0.7196645976101228	2.3828198962437646	11.716666666666667	57
16	holistic	16	5	1	0.36343581956185855	1.0937821151950333	14.125	56
16	conventional	60	2	2	0.6483225412205027	1.8192520842711353	12.55	58
17	holistic	20	4	0	0.22350975006244228	0.9984416296597778	12.1	57
17	conventional	60	5	5	0.6456308397571003	2.0645026077279813	12.933333333333334	59
18	holistic	23	4	1	0.5711807484117685	5.266675404463517	11.304347826086957	58
18	conventional	60	5	5	0.6997549370918988	1.9758016384766912	12.633333333333333	48
19	holistic	24	3	2	0.4530196479997422	3.4310073705766597	10.5	59
19	conventional	60	4	4	0.7137353080560884	2.3770273950214342	13.25	49
20	holistic	27	5	2	0.37211621246065923	2.5160536542725382	7.925925925925926	55
20	conventional	60	3	3	0.7309993472148915	2.173194297897226	13.883333333333333	50
21	holistic	31	7	3	0.33799295492243175	2.361293365747105	7.451612903225806	56
21	conventional	60	3	3	0.7525060427641368	1.6694392594183327	14.8	51
22	holistic	34	7	4	0.4810855564544921	2.9325295199581993	7.088235294117647	57
22	conventional	60	2	2	0.7294186179250954	1.9266896557617699	15.566666666666666	52
23	holistic	38	6	2	0.44057770366643956	2.3373776298668303	6.947368421052632	58
23	conventional	60	2	2	0.7294622409043703	2.5136155427629285	16.466666666666665	53
24	holistic	39	3	2	0.38132756326773304	2.0133782511085787	7.564102564102564	59
24	conventional	60	3	3	0.6680219791237563	1.6598526794548718	17.283333333333335	54
25	holistic	43	9	5	0.47430359861518734	5.833781380636435	5.953488372093023	36
25	conventional	60	2	2	0.6868476458025831	1.4171683982113272	17.866666666666667	55
26	holistic	52	12	3	0.5480555644429204	5.80799669565753	5.519230769230769	37
26	conventional	60	4	4	0.686479509801072	1.412276372795974	18.483333333333334	56
27	holistic	60	12	4	0.6141207378598837	4.605745124735367	5.383333333333334	38
27	conventional	60	0	0	0.680316020273375	1.5470160259817891	19.483333333333334	57
28	holistic	60	3	3	0.66638352015575	3.796908680248554	6.2	39
28	conventional	60	1	1	0.7210712460937793	1.9508270373659733	20.45	58
29	holistic	60	7	7	0.6648427544153392	3.532940302840411	6.033333333333333	40
29	conventional	60	2	2	0.7080672891918394	1.784570518578585	21.233333333333334	59
30	holistic	60	6	6	0.6907388024570097	3.103045585545211	6.483333333333333	41
30	conventional	60	4	4	0.6870277156777753	1.898110875887461	20.316666666666666	56
31	holistic	60	6	6	0.8133081237009565	3.8025476710085737	7.116666666666666	42
31	conventional	60	2	2	0.6900266846105205	1.788471040164899	21.266666666666666	57
32	holistic	60	2	2	0.8412933862785389	2.849013479389159	7.983333333333333	43
32	conventional	60	2	2	0.7185463897204121	1.9618112480758092	21.95	58
33	holistic	60	2	2	0.8519292928339003	3.130958017162843	8.85	44
33	conventional	60	2	2	0.7714588382279557	2.04877309931362	22.716666666666665	59
34	holistic	60	1	1	0.8269170066886636	2.7181894001323115	9.783333333333333	45
34	conventional	60	3	3	0.7487997200793953	1.8917696459475253	22.55	59
35	holistic	60	2	2	0.8850772364693648	2.9524986483047693	10.65	46
35	conventional	60	3	3	0.7265976880747294	1.973665110448462	21.466666666666665	59
36	holistic	60	2	2	0.9464033598014829	2.941232778009827	11.483333333333333	47
36	conventional	60	2	2	0.809004093916392	2.3918800920479013	21.383333333333333	58
37	holistic	60	0	0	0.9454520008856471	2.66373328255784	12.483333333333333	48
37	conventional	60	1	1	0.8392303709520085	2.740605032603612	22.3	59
38	holistic	60	4	4	0.9051343084239138	2.595593053841139	12.866666666666667	49
38	conventional	60	2	2	0.8765866478274406	2.795054927641135	21.3	57
39	holistic	60	0	0	0.939717200416877	2.562275856790286	13.866666666666667	50
39	conventional	60	0	0	0.8373498669707529	2.014537358366657	22.3	58
40	holistic	60	0	0	0.964250703057054	2.5559974976968967	14.866666666666667	51
40	conventional	60	0	0	0.8094127419950122	1.9728812279619918	23.3	59
41	holistic	60	0	0	0.9551235824214633	2.769015727780989	15.866666666666667	52
41	conventional	60	1	1	0.8130547960884431	1.9049321296681363	23.3	56
42	holistic	60	1	1	0.9249920844483795	2.781369791166113	16.5	53
42	conventional	60	2	2	0.7461561920682203	1.8844944402935406	23.266666666666666	57
43	holistic	60	0	0	0.8952695868617265	2.4917152598634815	17.5	54
43	conventional	60	2	2	0.7925959191263999	3.509921702079463	24.15	58
44	holistic	60	0	0	0.9001765544465326	2.4504069492400946	18.5	55
44	conventional	60	0	0	0.7899354114140373	2.0121772972205236	25.15	59
45	holistic	60	0	0	0.9354140122638915	2.313139017742681	19.5	56
45	conventional	60	4	4	0.7729115451507058	1.8666241509457582	24.8	54
46	holistic	60	1	1	0.9528742612772583	2.3876047989511933	20.366666666666667	57
46	conventional	60	1	1	0.9578286489533813	9.396296678101242	25.566666666666666	55
47	holistic	60	0	0	0.939794526187442	2.4612557644920723	21.366666666666667	58
47	conventional	60	1	1	0.8491307387812773	4.953382372208251	26.533333333333335	56
48	holistic	60	0	0	0.9286261080487884	2.422589974041641	22.366666666666667	59
48	conventional	60	1	1	0.826349448182254	3.44987856277975	27.5	57
49	holistic	60	1	1	0.9183146187764215	2.513017573450654	22.366666666666667	42
49	conventional	60	1	1	0.8308719369159163	2.6993308234729905	28.466666666666665	58
50	holistic	60	2	2	0.9398220638784925	2.7149925075236716	23.066666666666666	43
50	conventional	60	0	0	0.8139055777762494	2.243066301455135	29.466666666666665	59
51	holistic	60	0	0	0.970215301145569	2.7195718768112607	24.066666666666666	44
51	conventional	60	3	3	0.7898563854225544	1.9533057927638777	29.216666666666665	51
52	holistic	60	1	1	0.9414572192353131	2.6078627248039483	24.683333333333334	45
52	conventional	60	0	0	0.7633069856272878	2.012415365542491	30.216666666666665	52
53	holistic	60	0	0	0.9432195419255807	2.618432874294831	25.683333333333334	46
53	conventional	60	3	3	0.7908226428789921	2.0941178226060098	30.483333333333334	53
54	holistic	60	0	0	0.9322216642126394	2.519511633182892	26.683333333333334	47
54	conventional	60	0	0	0.7643344038354767	2.1146827343425323	31.483333333333334	54
55	holistic	60	0	0	0.9505353951487419	2.461082039407209	27.683333333333334	48
55	conventional	60	3	3	0.7855848723635461	2.245070459122553	31.683333333333334	55
56	holistic	60	1	1	0.9376940338500792	2.407325178259378	28.616666666666667	49
56	conventional	60	1	1	0.8097087755432829	2.264583767717415	32.63333333333333	56
57	holistic	60	0	0	0.9734796176496289	2.3889887008264714	29.616666666666667	50
57	conventional	60	1	1	0.8064492582855186	2.112808119316149	33.61666666666667	57
58	holistic	60	0	0	0.9664576928139476	2.3715941275584553	30.616666666666667	51
58	conventional	60	1	1	0.8669054028914611	2.4930226052760625	34.56666666666667	58
59	holistic	60	0	0	0.9417706486712276	2.384918829264927	31.616666666666667	52
59	conventional	60	0	0	0.8657019059927265	2.9928548296062782	35.56666666666667	59
60	holistic	60	0	0	0.9462705304461928	2.309784663802019	32.61666666666667	53
60	conventional	60	1	1	0.8495316998510286	2.3486011575392647	35.56666666666667	58
61	holistic	60	0	0	0.9414279754292652	2.3242272019687564	33.61666666666667	54
61	conventional	60	0	0	0.8319106281066012	2.0489373944332434	36.56666666666667	59
62	holistic	60	0	0	0.9280399972713086	2.2860589694886646	34.61666666666667	55
62	conventional	60	2	2	0.8214108645825688	1.8528346656193098	35.56666666666667	57
63	holistic	60	0	0	0.9204688935643401	2.3036901861352255	35.61666666666667	56
63	conventional	60	0	0	0.8681742774301351	2.4241702632820497	36.56666666666667	58
64	holistic	60	0	0	0.9195175921289019	2.3442184380865494	36.61666666666667	57
64	conventional	60	0	0	0.859344300234432	1.9731639135662096	37.56666666666667	59
65	holistic	60	0	0	0.9306268686845538	2.3053038826330785	37.61666666666667	58
65	conventional	60	4	4	0.8376402474208403	2.8742650959675466	34.56666666666667	59
66	holistic	60	0	0	0.9249939894204561	2.2714551984253513	38.61666666666667	59
66	conventional	60	2	2	0.8370103967496385	3.416103090462989	33.56666666666667	59
67	holistic	60	1	1	0.9072113520909133	2.260306378268342	38.61666666666667	59
67	conventional	60	3	3	0.8363099844536159	2.647199581759886	32.53333333333333	59
68	holistic	60	2	2	0.8743884876463831	2.2262624556504695	37.61666666666667	58
68	conventional	60	2	2	0.8866705843554847	3.475646933792959	32.5	59
69	holistic	60	1	1	0.8975844637449385	2.2637609075937295	38.583333333333336	59
69	conventional	60	4	4	0.8246632425444773	2.7964386177941876	30.466666666666665	59
70	holistic	60	1	1	0.8803387522667041	2.2086535108363354	38.583333333333336	57
70	conventional	60	4	4	0.7537784038995657	2.7764264960009677	29.35	59
71	holistic	60	0	0	0.8715465623528037	2.222395211048716	39.583333333333336	58
71	conventional	60	4	4	0.778920784155226	3.9479002474733464	28.3	59
72	holistic	60	1	1	0.8765640493602835	2.2378993722632385	40.516666666666666	59
72	conventional	60	5	5	0.7573248955855518	3.2686268865403747	26.233333333333334	59
73	holistic	60	2	2	0.8906938977413894	2.2076787097378103	40.45	57
73	conventional	60	5	5	0.8741829562107103	5.472610492083951	24.1	59
74	holistic	60	1	1	0.8810629160445241	2.1800232151903196	41.38333333333333	58
74	conventional	60	3	3	0.8456054630476977	3.178552973367028	24.05	57
75	holistic	60	0	0	0.8913197252938866	2.233872810568726	42.38333333333333	59
75	conventional	60	2	2	0.9332454014701603	3.4659281333961833	24.916666666666668	58
76	holistic	60	2	2	0.8845375202265993	2.2257379864981357	42.333333333333336	59
76	conventional	60	0	0	0.9143595131839212	2.5726067722549413	25.916666666666668	59
77	holistic	60	3	3	0.8473852214567624	2.198524683931983	41.28333333333333	57
77	conventional	60	4	4	0.8546666705016611	2.3593513200241762	24.8	59
78	holistic	60	0	0	0.8732601521126394	2.2496131252437066	42.28333333333333	58
78	conventional	60	4	4	0.9433837522299371	3.547666970550883	23.666666666666668	59
79	holistic	60	1	1	0.8744488958610765	2.2417507135776944	43.233333333333334	59
79	conventional	60	2	2	0.8939456810304743	2.454164427624223	23.516666666666666	58
80	holistic	60	2	2	0.8571963255007639	2.2337596696475917	42.233333333333334	59
80	conventional	60	1	1	0.8713355038631366	2.4582535494161903	24.483333333333334	59
81	holistic	60	5	5	0.8059028664307019	2.2448041106519123	39.166666666666664	59
81	conventional	60	4	4	0.8460525030982363	2.243678666309144	24.333333333333332	57
82	holistic	60	2	2	0.8538190365596864	2.836534418937659	38.166666666666664	59
82	conventional	60	2	2	0.8356406997761613	2.5221356081606383	24.883333333333333	58
83	holistic	60	3	3	0.8336527840481273	2.2481650687399517	37.1	59
83	conventional	60	3	3	0.9352850776663502	3.5016082890562807	25.533333333333335	59
84	holistic	60	5	5	0.7835276812231375	2.206690633384282	35.95	59
84	conventional	60	2	2	0.9101845541786997	2.739616925787007	24.533333333333335	58
85	holistic	60	6	6	0.7935687519412338	2.201552210927248	32.81666666666667	59
85	conventional	60	1	1	0.8416117931138832	2.457663652733711	25.5	59
86	holistic	60	9	9	0.9056538554638927	4.888360154472686	26.683333333333334	59
86	conventional	60	5	5	0.8766479357363445	3.309771085850552	23.316666666666666	56
87	holistic	60	7	7	0.7818001440322484	2.958362317537739	21.616666666666667	59
87	conventional	60	0	0	0.9473909788079979	3.3330180414700052	24.316666666666666	57
88	holistic	60	1	1	0.8379487132478695	2.9383424321626532	21.616666666666667	59
88	conventional	60	3	3	0.9169643141879857	2.376093429760694	25.133333333333333	58
89	holistic	60	3	3	0.8069675535134985	2.011662893889643	21.466666666666665	59
89	conventional	60	1	1	0.8900159896667591	3.054489697388286	26.083333333333332	59
90	holistic	60	9	9	0.7732866260871674	2.309703875165168	18.183333333333334	59
90	conventional	60	3	3	0.937692722679484	2.525955780512148	25.933333333333334	59
91	holistic	60	4	4	1.0555268893961478	4.530055179416995	16.116666666666667	59
91	conventional	60	1	1	0.9157477017638731	2.1638426245344258	25.933333333333334	58
92	holistic	60	3	3	0.8894947679346562	2.995612094149266	15.033333333333333	59
92	conventional	60	0	0	0.9121716199824235	2.0554938581003044	26.933333333333334	59
93	holistic	60	3	3	0.7803036384096612	1.9963557451396665	14.866666666666667	58
93	conventional	60	2	2	0.9366241522517789	2.4562290228599064	26.9	59
94	holistic	60	4	4	0.7381585367605534	1.7093365377656375	15.45	59
94	conventional	60	3	3	0.9117444223422007	2.671279563093141	24.9	59
95	holistic	60	5	5	0.7623933245461653	1.9595311030502813	14.25	59
95	conventional	60	4	4	0.9035352914947767	2.147551472263251	22.866666666666667	59
96	holistic	60	3	3	0.7719143261522736	3.800115513863723	14.0	58
96	conventional	60	3	3	0.9879373287688253	6.532594126291182	21.766666666666666	59
97	holistic	60	2	2	0.8577450401590233	3.4174319232722947	14.866666666666667	59
97	conventional	60	2	2	0.991821730940975	4.023926385206325	21.733333333333334	55
98	holistic	60	4	4	0.7602247682092537	3.1118182525616347	12.8	56
98	conventional	60	2	2	0.9842065784395649	3.5148093193570547	22.65	56
99	holistic	60	1	1	0.9267581187382984	2.878363749071136	13.733333333333333	57
99	conventional	60	2	2	0.9979083938851272	3.0207700796420296	23.066666666666666	57
100	holistic	60	1	1	0.9222820692259165	2.9706510261289503	14.666666666666666	58
100	conventional	60	0	0	1.088424721650971	3.4900708820608473	24.066666666666666	58
101	holistic	60	0	0	0.9203194183574933	3.272631930348892	15.666666666666666	59
101	conventional	60	1	1	1.0425639912495475	2.175913901813575	24.483333333333334	59
102	holistic	60	2	2	0.8830936666000647	2.768625191845533	15.466666666666667	53
102	conventional	60	1	1	0.9486450905286499	1.792594769431955	24.483333333333334	59
103	holistic	60	0	0	0.9221457977754928	2.521217938128963	16.466666666666665	54
103	conventional	60	2	2	0.949633088012628	1.7364899548236672	24.45	58
104	holistic	60	0	0	0.9322509733716312	2.33374950667302	17.466666666666665	55
104	conventional	60	0	0	0.9238283551391516	1.804884033477128	25.45	59
105	holistic	60	1	1	0.9273487911786071	2.580035986989697	18.333333333333332	56
105	conventional	60	4	4	0.8808402892523222	1.733199097430815	23.416666666666668	57
106	holistic	60	1	1	0.9200491360915993	2.4175414356086673	19.2	57
106	conventional	60	0	0	0.8542670541063211	1.8591418045598662	24.416666666666668	58
107	holistic	60	0	0	0.9091149453891474	2.2832772937517523	20.2	58
107	conventional	60	4	4	0.8848036051431662	1.7079878463595204	24.866666666666667	59
108	holistic	60	0	0	0.933913655724817	2.1680682935266757	21.2	59
108	conventional	60	2	2	0.909510471466664	2.5277410516023022	24.85	57
109	holistic	60	1	1	0.8933420358108646	2.4676045706519854	21.2	59
109	conventional	60	1	1	0.8631167910953373	1.6243393273176752	25.816666666666666	58
110	holistic	60	4	4	0.8429410724868587	2.0496848862043944	19.933333333333334	54
110	conventional	60	1	1	0.8726569163806591	1.5762100281156073	26.783333333333335	59
111	holistic	60	0	0	0.8680730095712368	2.0014341193486436	20.933333333333334	55
111	conventional	60	1	1	0.8683616361328148	1.5740219483758529	26.783333333333335	56
112	holistic	60	0	0	0.837052224616603	1.9063291547573784	21.933333333333334	56
112	conventional	60	2	2	0.8646293657450348	1.593676416964069	27.7	57
113	holistic	60	1	1	0.8519110391436324	1.7885602991993355	22.866666666666667	57
113	conventional	60	2	2	0.8398742825921827	1.5701022648056118	28.0	58
114	holistic	60	1	1	0.8723177466594871	1.7417963765005866	23.8	58
114	conventional	60	1	1	0.9198786536505428	2.417007062545579	28.666666666666668	59
115	holistic	60	0	0	0.9103987644046911	1.7355925379764632	24.8	59
115	conventional	60	2	2	0.8566149152948127	1.6501450896230643	27.666666666666668	58
116	holistic	60	1	1	0.9044496540345034	1.7386681077107713	24.8	48
116	conventional	60	0	0	0.8827809329267485	2.4640793042109608	28.666666666666668	59
117	holistic	60	0	0	0.8991694168635096	1.8001488667222156	25.8	49
117	conventional	60	2	2	0.8462118610412451	1.5539877238730169	28.6	59
118	holistic	60	1	1	0.9093629064529157	1.726917211688921	26.666666666666668	50
118	conventional	60	4	4	0.8462015545971917	2.1439087085838016	28.35	58
119	holistic	60	0	0	0.9056598569372992	1.658426322362524	27.666666666666668	51
119	conventional	60	0	0	0.8975498449216912	2.6166901489294525	29.35	59
120	holistic	60	0	0	0.9088626881819873	1.614056111823067	28.666666666666668	52
120	conventional	60	3	3	0.8984974550277498	2.594079414105948	29.233333333333334	58
121	holistic	60	0	0	0.9030499060894678	1.6394740698718566	29.666666666666668	53
121	conventional	60	0	0	0.9158874083153531	3.3736825015756686	30.233333333333334	59
122	holistic	60	1	1	0.8986650907469083	1.5979432815129282	30.6	54
122	conventional	60	2	2	0.8192614354728899	2.6720010088768893	29.233333333333334	57
123	holistic	60	0	0	0.8940642774124506	1.5902253372256936	31.6	55
123	conventional	60	0	0	0.8194764670050889	2.744601557036258	30.233333333333334	58
124	holistic	60	0	0	0.8934743759361653	1.6310887110730383	32.6	56
124	conventional	60	5	5	0.7950951856036441	2.4752262568919856	30.35	59
125	holistic	60	0	0	0.8969792840655608	1.6084418312416122	33.6	57
125	conventional	60	1	1	0.8536677915404193	2.7769325657044934	30.35	58
126	holistic	60	0	0	0.8972116093959581	1.6345209539585757	34.6	58
126	conventional	60	1	1	0.8485780714663783	2.5443819394488183	31.316666666666666	59
127	holistic	60	0	0	0.8984502438580197	1.7120524926331422	35.6	59
127	conventional	60	3	3	0.8862840034415487	3.3243120272483466	31.233333333333334	59
128	holistic	60	1	1	0.893484816748373	1.6582770148758614	35.6	56
128	conventional	60	1	1	0.8297727780341643	2.406965405635428	31.233333333333334	59
129	holistic	60	0	0	0.8907281621840971	1.6102037844180666	36.6	57
129	conventional	60	4	4	0.8442907500629221	2.3776416517049723	30.116666666666667	58
130	holistic	60	0	0	0.8939874738723376	1.6169760585243338	37.6	58
130	conventional	60	0	0	0.8326482353256996	2.2501381835226666	31.116666666666667	59
131	holistic	60	0	0	0.8936311904975146	1.6342659958131798	38.6	59
131	conventional	60	2	2	0.8288240552686651	2.158736975744429	31.083333333333332	59
132	holistic	60	1	1	0.8930923649390843	1.6101787968439645	38.6	59
132	conventional	60	5	5	0.7452053628488869	2.0253996373897136	29.016666666666666	59
133	holistic	60	2	2	0.9019725520976577	1.6359004474374501	38.416666666666664	56
133	conventional	60	3	3	0.8316034751150677	2.396665670162676	27.95	59
134	holistic	60	0	0	0.9036732427040444	1.6656913145670902	39.416666666666664	57
134	conventional	60	3	3	0.8805105542028074	2.77433090037985	26.9	59
135	holistic	60	0	0	0.8916223419999249	1.6941140299649409	40.416666666666664	58
135	conventional	60	2	2	0.8107134874898422	1.784161675799325	26.866666666666667	58
136	holistic	60	0	0	0.9000856005250569	1.7211074409821407	41.416666666666664	59
136	conventional	60	2	2	0.7376243343338947	1.6905055257329797	27.766666666666666	59
137	holistic	60	3	3	0.8786761219206493	1.7467371820201985	40.35	56
137	conventional	60	3	3	0.7853889028853847	1.9980119984294482	27.566666666666666	59
138	holistic	60	0	0	0.9035463593874162	1.9085711950787243	41.35	57
138	conventional	60	2	2	0.7902989314480707	1.898477785791016	27.516666666666666	59
139	holistic	60	1	1	0.8789090228820537	1.794801658169559	42.31666666666667	58
139	conventional	60	4	4	0.7776889980252477	1.826573883843343	27.4	59
140	holistic	60	0	0	0.887279416614889	1.7966096579891566	43.31666666666667	59
140	conventional	60	2	2	0.9245783862777768	3.676342086840809	27.383333333333333	59
141	holistic	60	6	6	0.8405192946523735	1.8185720615356595	41.083333333333336	58
141	conventional	60	2	2	0.8496246385005105	1.6512534403620451	26.383333333333333	59
142	holistic	60	0	0	0.88016384435709	1.9567746791482972	42.083333333333336	59
142	conventional	60	1	1	0.9074467500961532	1.9968847348929797	26.383333333333333	59
143	holistic	60	2	2	0.8546410083590928	1.9594107543822803	41.083333333333336	59
143	conventional	60	1	1	0.8199253861953696	1.6686943179028946	26.383333333333333	59
144	holistic	60	4	4	0.7856128739740359	1.8031593491038929	38.083333333333336	59
144	conventional	60	2	2	0.789886957336093	1.7488687158837175	26.316666666666666	59
145	holistic	60	6	6	0.8270389545557325	3.5409421825804976	34.95	59
145	conventional	60	2	2	0.8068897970538218	1.4799288134257536	26.25	57
146	holistic	60	4	4	0.8216555009340154	3.534263929385446	31.95	59
146	conventional	60	1	1	0.928075172075106	3.5848446399286917	27.233333333333334	58
147	holistic	60	4	4	0.8899655177414196	3.1717965152647225	30.816666666666666	58
147	conventional	60	1	1	0.868047857067379	1.5684387552493675	28.133333333333333	59
148	holistic	60	1	1	0.838019692227391	3.3386869210790335	31.75	59
148	conventional	60	2	2	0.817148880027561	1.7618014306688419	27.133333333333333	59
149	holistic	60	5	5	0.8207762460936364	3.8425504695756416	30.55	59
149	conventional	60	1	1	0.840600522049037	1.8401334153365907	27.133333333333333	59
150	holistic	60	9	9	0.8948335219199024	7.948623982587418	23.5	59
150	conventional	60	3	3	0.8399017274102271	1.8111910753933425	26.0	57
151	holistic	60	5	5	0.9511696409806542	4.879078088298215	23.266666666666666	59
151	conventional	60	2	2	0.8161062606697558	2.587492517354128	26.716666666666665	58
152	holistic	60	1	1	0.8758346748613316	4.890455522143704	23.266666666666666	59
152	conventional	60	1	1	0.8310994180329562	2.0838091765686872	27.683333333333334	59
153	holistic	60	1	1	0.8562458923383134	3.895522743147945	23.266666666666666	59
153	conventional	60	1	1	0.852457687997276	2.0569952323036937	27.683333333333334	59
154	holistic	60	6	6	0.8134737165361753	3.390859197730127	21.083333333333332	59
154	conventional	60	2	2	0.9045186108631323	3.201024728321722	27.65	59
155	holistic	60	4	4	0.7707252200314029	4.087400708398929	18.083333333333332	59
155	conventional	60	3	3	0.8818084588447392	2.778425987567958	25.65	59
156	holistic	60	5	5	0.7847556081550986	3.885125680850661	16.816666666666666	59
156	conventional	60	2	2	0.8842674355517666	4.491565389755655	24.65	59
157	holistic	60	4	4	0.838425995986227	3.596768226800908	16.45	59
157	conventional	60	3	3	0.8553781654955228	2.8231232476175143	24.1	59
158	holistic	60	7	7	0.8342131217239644	3.508008399014938	14.016666666666667	59
158	conventional	60	2	2	0.8480970078350373	2.3593112565566914	23.1	59
159	holistic	60	1	1	0.8829564232896849	3.8817032398329547	14.016666666666667	59
159	conventional	60	3	3	0.9125500587386083	3.3368174181945607	23.016666666666666	56
160	holistic	60	4	4	0.9052828263024045	3.7824847539694417	13.8	55
160	conventional	60	1	1	0.9488256947004781	2.6361065366013023	23.85	57
161	holistic	60	1	1	0.9425840938491356	3.70042219990566	14.75	56
161	conventional	60	1	1	0.9565210533166078	2.4117091809273603	24.75	58
162	holistic	60	3	3	0.9156898319940873	3.4666725988593448	15.416666666666666	57
162	conventional	60	0	0	0.9543550927452444	1.9503106437601674	25.75	59
163	holistic	60	1	1	0.9708153565479734	3.267338413993239	16.366666666666667	58
163	conventional	60	1	1	0.8915781063352558	2.0457135845408776	25.75	58
164	holistic	60	1	1	1.0114744305808718	3.0973611559187053	17.25	59
164	conventional	60	2	2	0.8971843725888478	1.7681255761638397	26.65	59
165	holistic	60	2	2	0.9693927962136563	2.882491748155279	17.183333333333334	59
165	conventional	60	2	2	0.863112462483094	1.6332316779617138	25.65	58
166	holistic	60	1	1	0.933917529023071	2.7570785255213486	17.183333333333334	56
166	conventional	60	2	2	0.815949926915525	1.7029069599032591	26.316666666666666	59
167	holistic	60	0	0	0.9256784356581517	2.822568180777009	18.183333333333334	57
167	conventional	60	2	2	0.8548030558147369	4.399466477864222	26.283333333333335	56
168	holistic	60	1	1	0.9478499583900368	2.93178263654948	19.083333333333332	58
168	conventional	60	1	1	0.8286740218787376	1.909717877257938	27.25	57
169	holistic	60	2	2	0.9398255771300611	2.9282820008772097	19.95	59
169	conventional	60	1	1	0.8074887354209598	1.6177939529678163	28.166666666666668	58
170	holistic	60	4	4	0.8870262388003904	2.8807504031594995	18.75	57
170	conventional	60	0	0	0.7718272104590137	1.5516023879742191	29.166666666666668	59
171	holistic	60	0	0	0.9003630415236042	2.8330216525717424	19.75	58
171	conventional	60	2	2	0.7599823255024251	1.7623972185570491	29.1	59
172	holistic	60	0	0	0.9112678593117521	2.834890249988953	20.75	59
172	conventional	60	3	3	0.820300802955294	2.580404697834624	27.433333333333334	59
173	holistic	60	4	4	0.905664791245071	3.0108286175952923	20.216666666666665	59
173	conventional	60	1	1	0.8232147255752653	2.5831937479196663	27.433333333333334	58
174	holistic	60	3	3	0.9367491379568127	3.21329752286922	20.083333333333332	58
174	conventional	60	1	1	0.7932053297146986	1.5805116685329927	28.1	59
175	holistic	60	1	1	0.9620569825220955	3.160146084192009	20.9	59
175	conventional	60	3	3	0.792642789462814	1.517362632048944	28.016666666666666	58
176	holistic	60	1	1	0.9275427523629164	3.073590671621173	20.9	48
176	conventional	60	1	1	0.7761146462491033	1.4642981505896118	29.0	59
177	holistic	60	3	3	0.9733811046208359	3.0294703432247783	21.716666666666665	49
177	conventional	60	3	3	0.7601517387064294	1.4909365105862575	28.95	59
178	holistic	60	0	0	1.000514197311306	2.952389344886716	22.716666666666665	50
178	conventional	60	4	4	0.7316375023381958	1.4881155985863939	26.883333333333333	58
179	holistic	60	0	0	0.9664879944065381	2.949664526701179	23.716666666666665	51
179	conventional	60	0	0	0.7586478267564166	1.5161365774666318	27.883333333333333	59
180	holistic	60	1	1	0.9775617058746008	2.9140455722234013	24.616666666666667	52
180	conventional	60	5	5	0.7454183743374538	2.1529218825666967	26.716666666666665	56
181	holistic	60	2	2	0.9546562460779487	2.9451230147906875	25.483333333333334	53
181	conventional	60	1	1	0.8238592867742637	3.3739374710243437	27.466666666666665	57
182	holistic	60	1	1	0.9551716648695635	2.943216907901315	26.383333333333333	54
182	conventional	60	2	2	0.8544295329337056	3.4428403693098275	28.366666666666667	58
183	holistic	60	1	1	0.9814009502401677	2.9413299952981236	26.883333333333333	55
183	conventional	60	0	0	0.8118342910401126	2.537092256116549	29.366666666666667	59
184	holistic	60	1	1	0.9703558998684714	2.8806279329069224	27.816666666666666	56
184	conventional	60	4	4	0.7486858852080123	1.8995746485811376	28.283333333333335	57
185	holistic	60	1	1	0.9846416141098068	2.8255776436807687	28.616666666666667	57
185	conventional	60	2	2	0.7367184339092276	2.2117704980757784	29.083333333333332	58
186	holistic	60	1	1	0.9567516581385073	2.826969596346311	29.55	58
186	conventional	60	4	4	0.7036082394338056	1.744749827255488	29.716666666666665	59
187	holistic	60	2	2	0.9500671859767732	2.8013497000429006	30.433333333333334	59
187	conventional	60	7	7	0.7208035164917043	2.634064823587467	28.4	58
188	holistic	60	2	2	0.9265497831791987	2.8297703930999587	29.8	56
188	conventional	60	0	0	0.8276037240641434	3.64830883475035	29.4	59
189	holistic	60	1	1	0.9492325994404038	2.805236362348121	30.733333333333334	57
189	conventional	60	3	3	0.8035264100563011	2.140805370567861	29.316666666666666	57
190	holistic	60	0	0	1.002023437356514	2.7320562511481543	31.733333333333334	58
190	conventional	60	0	0	0.785080327567506	2.2066423119848433	30.316666666666666	58
191	holistic	60	2	2	0.9905286315213881	2.735438441277386	32.61666666666667	59
191	conventional	60	2	2	0.8172478439137755	1.779076185768763	31.2	59
192	holistic	60	2	2	0.964039146046298	2.667318203148407	32.55	55
192	conventional	60	4	4	0.7780494053729016	1.4620530454837664	29.116666666666667	59
193	holistic	60	0	0	0.9695742932223956	2.695361133975172	33.55	56
193	conventional	60	4	4	0.7781911020308738	1.9752588217912779	28.0	59
194	holistic	60	0	0	0.980808509388125	2.6316050955399377	34.55	57
194	conventional	60	1	1	0.8136026287065136	2.5663554029566416	28.0	59
195	holistic	60	2	2	0.9800573390163004	2.636972711294976	35.35	58
195	conventional	60	3	3	0.8187468570290517	3.0597017980783745	27.9	59
196	holistic	60	2	2	1.010102198787151	2.6422156108791897	36.21666666666667	59
196	conventional	60	1	1	0.786596531048779	2.541159000032332	27.9	59
197	holistic	60	1	1	1.0050115442716434	2.5834229328031526	36.21666666666667	56
197	conventional	60	3	3	0.8578661228383558	3.435070580807216	27.816666666666666	59
198	holistic	60	0	0	1.0064329210177474	2.6104255199431967	37.21666666666667	57
198	conventional	60	1	1	0.8285900302816801	1.9137141144061474	27.816666666666666	59
199	holistic	60	0	0	1.0013433246742398	2.61590143031728	38.21666666666667	58
199	conventional	60	5	5	0.747766652823923	1.5441135634424998	25.683333333333334	59
200	holistic	60	0	0	0.9918143419739549	2.560876312984795	39.21666666666667	59
200	conventional	60	3	3	0.9102825431138497	5.493608626984497	25.616666666666667	57
201	holistic	60	5	5	0.912831532672044	2.5867963398063765	36.15	57
201	conventional	60	1	1	0.8948546269682663	3.497131145056456	26.583333333333332	58
202	holistic	60	0	0	0.9814529487810777	2.5927200847478464	37.15	58
202	conventional	60	1	1	0.894416066667659	2.8255915241600977	27.55	59
203	holistic	60	0	0	1.0230672653431436	3.3684259841590745	38.15	59
203	conventional	60	1	1	0.8149961791042764	1.9923639771254944	27.55	59
204	holistic	60	3	3	0.9672367209307031	2.8570066349761274	36.15	59
204	conventional	60	3	3	0.8014538308034211	1.7015397184914025	26.516666666666666	59
205	holistic	60	3	3	0.9342902434420711	2.553931949691751	34.983333333333334	59
205	conventional	60	4	4	0.7606604249904073	1.499051559464819	26.266666666666666	59
206	holistic	60	2	2	0.9538294524107093	2.577389763097629	33.983333333333334	58
206	conventional	60	1	1	0.849176029256267	3.462431073272179	26.266666666666666	58
207	holistic	60	0	0	0.9336021522506976	2.582457083975681	34.983333333333334	59
207	conventional	60	2	2	0.8102414660207674	1.8629959491696584	27.183333333333334	59
208	holistic	60	2	2	0.9242896326967994	2.5357211970084754	34.916666666666664	59
208	conventional	60	2	2	0.7929825102759798	1.4985752613152041	27.15	59
209	holistic	60	4	4	0.8755363600162345	2.5416173994457965	32.833333333333336	59
209	conventional	60	1	1	0.7925023648886443	1.4973663080125963	27.15	59
210	holistic	60	5	5	0.7797819008021591	1.9112982437815265	29.766666666666666	59
210	conventional	60	1	1	0.7879008457583301	2.4216505795820957	27.15	59
211	holistic	60	4	4	0.8029645398966607	2.167252021404131	27.666666666666668	57
211	conventional	60	2	2	0.7951096543596151	1.567454611056933	26.15	58
212	holistic	60	3	3	0.9555601669100713	2.7960145151071187	28.416666666666668	58
212	conventional	60	2	2	0.7746414730593039	2.1393777555627764	26.883333333333333	59
213	holistic	60	1	1	0.9101685123323952	2.4041918143944976	29.266666666666666	59
213	conventional	60	1	1	0.7265527604592692	1.9816755634675223	26.883333333333333	59
214	holistic	60	5	5	0.8775148527651979	2.3222066308577727	27.133333333333333	59
214	conventional	60	4	4	0.7436568570593851	1.713536077594654	26.766666666666666	59
215	holistic	60	2	2	0.8777674636356351	3.1548310377077806	26.133333333333333	59
215	conventional	60	2	2	0.7740497260161591	3.3487466719687453	26.5	59
216	holistic	60	4	4	0.7838201463543473	2.906471282511048	24.066666666666666	59
216	conventional	60	4	4	0.7659220414307378	2.8470313477335987	26.4	59
217	holistic	60	4	4	0.7209818694410318	2.407048775879737	22.0	59
217	conventional	60	4	4	0.7037572613126593	2.3524559241719043	25.3	59
218	holistic	60	7	7	0.7051774421910965	2.726128637694324	18.8	59
218	conventional	60	5	5	0.7168317689698617	2.3607726508720086	23.633333333333333	59
219	holistic	60	3	3	0.722557185936773	2.6586367700787163	18.65	59
219	conventional	60	3	3	0.6743081347626808	1.9565685380369318	22.6	59
220	holistic	60	5	5	0.8692472224268077	4.915280040582998	16.45	58
220	conventional	60	1	1	0.7367850928857415	2.3513657575266698	22.6	59
221	holistic	60	1	1	0.8222404162846231	3.9194177117919726	17.383333333333333	59
221	conventional	60	5	5	0.7252365118980506	2.497106918572701	22.383333333333333	56
222	holistic	60	2	2	0.784495758182859	2.582890559715956	17.183333333333334	59
222	conventional	60	0	0	0.788891535322471	2.225309278348615	23.383333333333333	57
223	holistic	60	2	2	0.9059255346402459	2.9165414074606906	17.05	55
223	conventional	60	0	0	0.8253178634805476	3.172323167158209	24.383333333333333	58
224	holistic	60	4	4	0.9240191532259335	3.315807056485434	17.783333333333335	56
224	conventional	60	1	1	0.8633397846421957	2.4037207111967414	25.333333333333332	59
225	holistic	60	3	3	0.8971164203914106	2.7481322938655577	18.383333333333333	57
225	conventional	60	1	1	0.8291108571901606	2.0753399270977364	25.333333333333332	58
226	holistic	60	0	0	0.9337349425726197	2.628814330847391	19.383333333333333	58
226	conventional	60	1	1	0.8177305086244043	1.9835288819980126	26.25	59
227	holistic	60	2	2	0.8830202249681065	2.2877942366578843	20.25	59
227	conventional	60	2	2	0.8083683210959758	2.1656972663309646	26.216666666666665	59
228	holistic	60	4	4	0.8157258101517562	2.2458767098845858	20.05	58
228	conventional	60	2	2	0.7467084094600903	1.8584880410019788	26.1	59
229	holistic	60	1	1	0.8282556422737234	2.3121073969307018	20.983333333333334	59
229	conventional	60	2	2	0.7816642995344089	2.652443595598824	26.066666666666666	58
230	holistic	60	2	2	0.797217085516898	2.2755700413006434	19.983333333333334	57
230	conventional	60	1	1	0.8274854616332887	2.652082388856902	26.833333333333332	59
231	holistic	60	3	3	0.8327003700664374	2.161979571243631	20.65	58
231	conventional	60	4	4	0.7845260655464512	2.3184282864689085	25.716666666666665	59
232	holistic	60	4	4	0.8426857269967184	2.296474363134974	20.6	59
232	conventional	60	2	2	0.7662717329368367	1.9061431330450258	25.683333333333334	55
233	holistic	60	3	3	0.8925772345590697	2.7905045524115066	20.25	59
233	conventional	60	0	0	0.8223218016657365	1.6735930000026844	26.683333333333334	56
234	holistic	60	1	1	0.9025274796069953	2.3790050600446335	20.25	59
234	conventional	60	3	3	0.8591475576981382	2.5944790667189364	26.783333333333335	57
235	holistic	60	3	3	0.8309764561576528	2.224844614771345	20.116666666666667	58
235	conventional	60	1	1	0.8055499392710946	1.8669405752312986	27.766666666666666	58
236	holistic	60	3	3	0.8455813075981069	2.2062046419005314	20.333333333333332	59
236	conventional	60	2	2	0.8626096219862465	2.671877841292728	28.666666666666668	59
237	holistic	60	2	2	0.8657168321924976	2.097422634358519	20.266666666666666	56
237	conventional	60	2	2	0.8139732628843409	1.647064434000678	27.666666666666668	57
238	holistic	60	2	2	0.8947708775552263	3.301200150164015	20.833333333333332	57
238	conventional	60	0	0	0.8486012397115202	1.5519358676596895	28.666666666666668	58
239	holistic	60	1	1	0.9613906126559606	3.4225652107936715	21.766666666666666	58
239	conventional	60	2	2	0.8544061909098237	1.4620707844293546	29.583333333333332	59
240	holistic	60	1	1	1.0016124332952883	4.418718580789203	22.383333333333333	59
240	conventional	60	3	3	0.8062658995312602	1.6106154235091201	27.583333333333332	54
241	holistic	60	3	3	1.0105935550820286	4.087305621379996	22.25	55
241	conventional	60	0	0	0.7704232959954715	1.5628275683141566	28.583333333333332	55
242	holistic	60	0	0	1.0278487585113547	3.9212217152773423	23.25	56
242	conventional	60	1	1	0.7524882246491248	1.5551293460720486	29.55	56
243	holistic	60	0	0	1.0427793877007254	3.8207121129481423	24.25	57
243	conventional	60	1	1	0.7295521609876074	1.4775514881216125	30.116666666666667	57
244	holistic	60	1	1	1.054727111009696	3.7508084232865717	25.116666666666667	58
244	conventional	60	1	1	0.7898704449568531	2.44167655765545	31.033333333333335	58
245	holistic	60	0	0	1.016280296420533	3.131347898246138	26.116666666666667	59
245	conventional	60	1	1	0.7563051250313517	1.5021689268239058	31.983333333333334	59
246	holistic	60	1	1	1.0126330518586604	2.9178212418289338	26.116666666666667	57
246	conventional	60	3	3	0.7482563208336964	1.5915534086047498	31.766666666666666	59
247	holistic	60	1	1	1.0114376567356393	2.892654402459542	26.75	58
247	conventional	60	4	4	0.7477243407580519	3.240656001077912	28.766666666666666	58
248	holistic	60	1	1	1.0300225572568351	2.8843755980413976	27.633333333333333	59
248	conventional	60	0	0	0.8525319144811401	2.7642183779999727	29.766666666666666	59
249	holistic	60	1	1	1.009134341360126	2.9528572386706595	27.633333333333333	58
249	conventional	60	2	2	0.758845871736778	1.6035113910346601	28.766666666666666	58
250	holistic	60	1	1	1.0499272585042199	3.9124799042251537	28.583333333333332	59
250	conventional	60	1	1	0.7889350175450376	1.5727951373121547	29.7	59
251	holistic	60	1	1	1.0002830906957365	2.73306444246819	28.583333333333332	56
251	conventional	60	2	2	0.7492567118384322	1.4615990327463169	29.333333333333332	59
252	holistic	60	1	1	0.9862049162442909	2.6108274914930094	29.516666666666666	57
252	conventional	60	3	3	0.6816041526376283	1.3372842364155333	28.3	59
253	holistic	60	0	0	1.01463183917127	2.562303407855241	30.516666666666666	58
253	conventional	60	4	4	0.6840082139574913	1.5046757542147904	27.183333333333334	58
254	holistic	60	0	0	1.0030009386532526	2.575045083823965	31.516666666666666	59
254	conventional	60	1	1	0.681131118065441	1.4640493798154033	28.133333333333333	59
255	holistic	60	1	1	0.9863435186596542	2.429045099312637	31.516666666666666	59
255	conventional	60	1	1	0.7495796115245102	1.6408680724651208	28.133333333333333	59
256	holistic	60	3	3	0.9607850339092068	2.4470502476419265	31.033333333333335	55
256	conventional	60	1	1	0.6885136732809661	1.408882099046132	28.133333333333333	59
257	holistic	60	0	0	0.9442696854579672	2.511900398253464	32.03333333333333	56
257	conventional	60	3	3	0.6579690279101005	1.763751216768802	28.033333333333335	59
258	holistic	60	0	0	0.9863699785156359	2.4063609381646955	33.03333333333333	57
258	conventional	60	1	1	0.7518831647976688	2.271491362870774	28.033333333333335	59
259	holistic	60	0	0	1.0142563498450408	2.4581124490134916	34.03333333333333	58
259	conventional	60	2	2	0.7524625660186708	2.108641374830059	27.033333333333335	59
260	holistic	60	3	3	0.9871890981620417	2.3872639301382934	34.166666666666664	59
260	conventional	60	1	1	0.6920954167089294	2.023501139446784	27.033333333333335	57
261	holistic	60	5	5	0.9231774077278682	2.342591936597298	30.166666666666668	56
261	conventional	60	1	1	0.7883068805016719	3.4356695281272405	27.9	58
262	holistic	60	1	1	0.9611249579579273	2.369535097552316	30.55	57
262	conventional	60	1	1	0.7882748855692705	1.900985728116537	28.816666666666666	59
263	holistic	60	0	0	0.9747859905949482	2.343687347360186	31.55	58
263	conventional	60	3	3	0.8120388804710964	2.1072496420799265	28.266666666666666	59
264	holistic	60	2	2	0.9647154790680595	2.369735618308887	32.43333333333333	59
264	conventional	60	1	1	0.935739804521985	4.570492820756455	28.266666666666666	59
265	holistic	60	2	2	0.9779201407208113	2.317863102106826	32.36666666666667	59
265	conventional	60	2	2	0.901952291493001	2.218430240926006	27.266666666666666	58
266	holistic	60	1	1	0.9954959971627603	2.7856748518643437	32.36666666666667	57
266	conventional	60	0	0	0.9488134116984828	2.5344802775114106	28.266666666666666	59
267	holistic	60	0	0	1.0244532961228914	2.4132943529032516	33.36666666666667	58
267	conventional	60	3	3	0.8531512575946459	2.009065581025884	27.116666666666667	59
268	holistic	60	0	0	1.0037187025720655	2.518664468889933	34.36666666666667	59
268	conventional	60	3	3	0.8591495199485732	1.8139118798672142	27.033333333333335	59
269	holistic	60	4	4	0.9091945965094375	2.5578605178621032	31.366666666666667	59
269	conventional	60	1	1	0.7967547309230282	1.7574945504622672	27.033333333333335	59
270	holistic	60	2	2	0.9375237590735309	2.5652886680201696	30.366666666666667	59
270	conventional	60	1	1	0.8201577550290192	1.62774318396411	27.033333333333335	59
271	holistic	60	4	4	0.8819175519146392	2.5432612081464163	27.366666666666667	59
271	conventional	60	2	2	0.912366151811412	3.3852499512351533	26.933333333333334	57
272	holistic	60	2	2	0.9444104457767287	4.617313624683074	27.316666666666666	55
272	conventional	60	1	1	0.8309779869926253	1.7667297960456823	27.866666666666667	58
273	holistic	60	2	2	0.9003896797863582	2.629347111239546	28.183333333333334	56
273	conventional	60	1	1	0.9072565305169898	3.3353142135631124	28.733333333333334	59
274	holistic	60	2	2	0.9787332856263582	2.9392030962372333	29.016666666666666	57
274	conventional	60	1	1	0.8579326479613589	2.8108583796765063	28.733333333333334	59
275	holistic	60	2	2	0.9486755562417619	2.4427412163846474	29.883333333333333	58
275	conventional	60	1	1	0.8319322295872703	1.9780158546171198	28.733333333333334	59
276	holistic	60	2	2	0.9281824827757547	2.3761589407305386	30.733333333333334	59
276	conventional	60	4	4	0.8089827187607828	1.5616966624368762	27.433333333333334	59
277	holistic	60	2	2	0.9348742703399839	4.8358853620922	29.733333333333334	59
277	conventional	60	3	3	0.8304108852406002	4.3800302667829225	27.383333333333333	59
278	holistic	60	9	9	0.795265486505763	2.3319262154439433	23.6	59
278	conventional	60	5	5	0.7859051718443998	3.3651421810885394	25.316666666666666	59
279	holistic	60	5	5	1.0122034704772516	8.88258325679065	22.166666666666668	57
279	conventional	60	4	4	0.819840327077434	3.280041734948303	24.25	59
280	holistic	60	0	0	1.0136381205745872	4.441204219625167	23.166666666666668	58
280	conventional	60	2	2	0.7900591687201927	2.119501856914384	24.216666666666665	59
281	holistic	60	3	3	0.961403065830465	3.9289443394933934	23.783333333333335	59
281	conventional	60	2	2	0.810029796165854	2.368260368634533	23.216666666666665	57
282	holistic	60	5	5	0.9849387681853785	4.420373847775511	22.583333333333332	58
282	conventional	60	1	1	0.7625218865110709	2.0387233884313276	24.166666666666668	58
283	holistic	60	1	1	0.9767426336597141	4.112747542191958	23.516666666666666	59
283	conventional	60	2	2	0.8425642061670963	3.4282372721124097	25.05	59
284	holistic	60	1	1	0.9998246252121448	4.076686886496243	23.516666666666666	56
284	conventional	60	2	2	0.8786580490468282	2.4590684559678557	24.95	57
285	holistic	60	1	1	1.0491024582437647	3.630331875188221	24.45	57
285	conventional	60	0	0	0.8854365909203287	2.4045155066731567	25.95	58
286	holistic	60	1	1	1.0629749318552821	3.4120721591377117	25.383333333333333	58
286	conventional	60	0	0	0.8474759728889047	2.039953742341793	26.95	59
287	holistic	60	0	0	1.0563875108119132	3.128130273669686	26.383333333333333	59
287	conventional	60	1	1	0.8415737220647453	2.1195400593682794	26.95	59
288	holistic	60	1	1	1.0272387871350297	2.8037155907309224	26.383333333333333	58
288	conventional	60	2	2	0.7705995599255482	2.0229839642916683	25.95	57
289	holistic	60	1	1	1.0508990959584643	2.902000731335357	27.266666666666666	59
289	conventional	60	0	0	0.8628045582668202	2.38042176256025	26.95	58
290	holistic	60	2	2	1.018137517879396	2.9855120297210718	27.2	58
290	conventional	60	0	0	0.8552279830478963	2.378450288359298	27.95	59
291	holistic	60	0	0	1.0109617131633353	3.4397954779133975	28.2	59
291	conventional	60	2	2	0.8369108874823042	2.3795403743597174	26.95	59
292	holistic	60	4	4	0.9359207553105195	3.4715575609304414	26.083333333333332	59
292	conventional	60	1	1	0.8532800307645091	2.119264771389817	26.95	56
293	holistic	60	3	3	0.958662436274044	3.240076723142304	25.966666666666665	59
293	conventional	60	1	1	0.8309489553637462	1.7603986192905314	27.85	57
294	holistic	60	2	2	0.9847834668360167	3.883531229215478	25.9	59
294	conventional	60	1	1	0.8310637545369942	1.7028299539934004	28.633333333333333	58
295	holistic	60	2	2	0.9142041679965466	3.3756519698622234	24.9	59
295	conventional	60	0	0	0.8127577188994184	1.6092205827300325	29.633333333333333	59
296	holistic	60	5	5	0.8787755668195856	3.4047124873444283	23.633333333333333	58
296	conventional	60	2	2	0.8008721726166553	2.317233707224207	29.583333333333332	59
297	holistic	60	1	1	0.9543163119490042	3.2723865766734206	24.566666666666666	59
297	conventional	60	1	1	0.8033672808128356	1.9814709539277942	29.583333333333332	58
298	holistic	60	3	3	0.9173546283841156	3.1077076811556137	23.3	59
298	conventional	60	2	2	0.777738528043428	2.314798621309283	29.533333333333335	59
299	holistic	60	1	1	0.9355870538799309	3.000816055688108	23.3	59
299	conventional	60	3	3	0.8084079320096544	3.3102821292386073	29.483333333333334	59
300	holistic	60	4	4	0.9069637456286126	2.995907562668616	23.033333333333335	59
300	conventional	60	2	2	0.760081195248974	2.30467895192568	28.483333333333334	57
301	holistic	60	3	3	0.8267397101917128	3.252360624937915	21.9	57
301	conventional	60	1	1	0.7670789157960491	3.418855706798693	29.45	58
302	holistic	60	1	1	0.8751814549850785	3.2374219377757325	22.833333333333332	58
302	conventional	60	0	0	0.8685103456661946	5.338425087682157	30.45	59
303	holistic	60	2	2	0.8848958082901345	3.107552318305755	23.633333333333333	59
303	conventional	60	1	1	0.8064177109482813	2.3353787424158914	30.45	58
304	holistic	60	4	4	0.8708802598853237	2.9880172531934095	23.433333333333334	58
304	conventional	60	0	0	0.8066531048007788	1.8319529383065696	31.45	59
305	holistic	60	2	2	0.8965940200319102	2.910207785739057	24.3	59
305	conventional	60	2	2	0.7789302911939593	1.766345124807783	31.016666666666666	59
306	holistic	60	2	2	0.9452518839418347	3.088524532809695	24.233333333333334	57
306	conventional	60	3	3	0.7783252805726503	1.7151182962610758	29.966666666666665	59
307	holistic	60	1	1	0.8896716781520275	3.2196372787124803	24.766666666666666	58
307	conventional	60	4	4	0.7329780392045966	2.5076071679141596	27.85	58
308	holistic	60	1	1	0.9134152314433904	3.1123027927432867	25.7	59
308	conventional	60	0	0	0.9156174164045797	6.354786361200055	28.85	59
309	holistic	60	1	1	0.8959541426632296	3.1053460946949922	25.7	59
309	conventional	60	2	2	0.8722581774690134	3.36591641573593	27.85	58
310	holistic	60	3	3	0.9144986942794662	3.067520170461198	25.516666666666666	59
310	conventional	60	0	0	0.9170301600411112	3.363764762860885	28.85	59
311	holistic	60	2	2	0.9259821348064488	3.0320646303129237	25.45	56
311	conventional	60	2	2	0.8763461806907713	2.617345565668584	28.783333333333335	59
312	holistic	60	1	1	0.9964920268738848	2.9986840184153833	26.416666666666668	57
312	conventional	60	3	3	0.8371743683024565	2.566134761223456	27.683333333333334	59
313	holistic	60	1	1	0.970589081873049	2.9955242742664465	27.283333333333335	58
313	conventional	60	1	1	0.8236592965008189	2.866943214308712	27.683333333333334	59
314	holistic	60	0	0	0.9715678634370669	3.075581320491802	28.283333333333335	59
314	conventional	60	2	2	0.8560910251541461	2.7959250114721916	27.65	58
315	holistic	60	3	3	0.9823988800452871	3.1252162835644497	27.533333333333335	59
315	conventional	60	1	1	0.9495339227635848	2.6153325470639155	28.6	59
316	holistic	60	1	1	0.9891481543971451	3.1451839024703543	27.533333333333335	56
316	conventional	60	1	1	0.9018266573999995	2.364162055358038	28.6	59
317	holistic	60	0	0	1.0044505184091215	3.087471075759373	28.533333333333335	57
317	conventional	60	3	3	1.012697121173475	7.465225762528009	27.55	58
318	holistic	60	1	1	1.0060335270662708	3.010266420434724	29.3	58
318	conventional	60	0	0	0.9722165424304042	3.4850647518774376	28.55	59
319	holistic	60	1	1	1.0104498371645614	2.9368398505428215	30.233333333333334	59
319	conventional	60	2	2	0.929441850506116	2.798610415055602	28.466666666666665	59
320	holistic	60	3	3	1.0014100677108966	2.8880664458193515	28.55	59
320	conventional	60	2	2	0.9249581632961664	3.002930618774102	28.416666666666668	58
321	holistic	60	2	2	1.030239121913179	2.843699152351296	27.55	59
321	conventional	60	1	1	1.013224364478224	2.838601996038941	29.35	59
322	holistic	60	1	1	0.9972749122533503	2.912854015196658	27.55	58
322	conventional	60	3	3	0.9489541036176744	2.7596577118290586	29.25	59
323	holistic	60	0	0	1.0049945845064128	2.9347985809590065	28.55	59
323	conventional	60	5	5	0.9477065319938996	2.5003922106569094	27.083333333333332	56
324	holistic	60	3	3	0.978297468383323	2.8905961690492004	27.483333333333334	59
324	conventional	60	0	0	1.01115169269181	2.3436522695397044	28.083333333333332	57
325	holistic	60	1	1	0.9530696899963458	2.8906265504168487	27.483333333333334	56
325	conventional	60	1	1	0.9328616014626426	2.3096034099180973	29.05	58
326	holistic	60	1	1	1.0396680996281409	4.90105731472105	28.35	57
326	conventional	60	1	1	0.9151912499869331	2.4700986016856077	30.0	59
327	holistic	60	0	0	0.9891965801722875	2.81112537164992	29.35	58
327	conventional	60	4	4	0.8906429527041259	2.365220409483457	28.9	59
328	holistic	60	1	1	0.9731575310447504	2.854260508261606	30.283333333333335	59
328	conventional	60	3	3	0.9561580002321804	2.4002339438895515	27.766666666666666	59
329	holistic	60	1	1	0.991022623226826	2.836959237057986	30.283333333333335	59
329	conventional	60	2	2	1.01994820061595	2.2957857411735585	27.65	59
330	holistic	60	3	3	0.9526204914228483	2.7821612187578753	30.116666666666667	59
330	conventional	60	2	2	0.9965529638615234	2.2954178851970326	27.616666666666667	59
331	holistic	60	3	3	1.042756559862145	3.8143352188803066	29.0	59
331	conventional	60	3	3	1.0505519922282827	2.551417100739998	26.466666666666665	59
332	holistic	60	1	1	1.0256845202857374	2.694890602790348	29.0	56
332	conventional	60	1	1	1.0748708408271657	5.431257857600617	26.466666666666665	58
333	holistic	60	0	0	1.012001820812771	2.735074543587256	30.0	57
333	conventional	60	0	0	1.1169969669352213	4.443302569976476	27.466666666666665	59
334	holistic	60	1	1	0.9820605597525329	2.7736402958523176	30.933333333333334	58
334	conventional	60	2	2	1.055757140985449	3.082202081952078	27.416666666666668	58
335	holistic	60	1	1	0.9611124236803246	2.724940167454476	31.866666666666667	59
335	conventional	60	0	0	1.086201672190196	3.403479240227347	28.416666666666668	59
336	holistic	60	2	2	0.9186890298618546	2.797038089296903	30.866666666666667	59
336	conventional	60	1	1	1.078236626679246	2.3416371153656184	28.416666666666668	59
337	holistic	60	2	2	0.924167855346546	2.7496282010422983	30.833333333333332	59
337	conventional	60	1	1	1.046135546411707	2.230495095195736	28.416666666666668	59
338	holistic	60	6	6	0.8298878253894382	2.342752858463626	26.766666666666666	59
338	conventional	60	2	2	1.0439491044144833	2.0636481104371267	27.416666666666668	59
339	holistic	60	2	2	0.8100299656611978	3.9747378905696333	25.766666666666666	58
339	conventional	60	3	3	1.0327295452054517	2.6876279737020443	26.266666666666666	59
340	holistic	60	0	0	0.8523581550826625	2.996369206921223	26.766666666666666	59
340	conventional	60	1	1	1.0484765921634165	2.017195957660902	26.266666666666666	58
341	holistic	60	4	4	0.8043362332809091	2.210267231817261	25.65	59
341	conventional	60	2	2	1.0684795069199093	2.49271202157041	27.216666666666665	59
342	holistic	60	6	6	0.7767874798333891	2.2257268513754176	24.4	59
342	conventional	60	1	1	1.0731020451577438	2.1049801031130855	27.216666666666665	59
343	holistic	60	1	1	0.7852709281049249	2.194128568305918	24.4	59
343	conventional	60	2	2	1.045081859626032	2.323023395303041	26.216666666666665	59
344	holistic	60	1	1	0.8861732832420438	4.936613865104937	24.4	52
344	conventional	60	2	2	1.1505984242364	8.265254205125004	25.216666666666665	56
345	holistic	60	3	3	0.9162212620839493	4.258327325935306	25.2	53
345	conventional	60	0	0	1.1178313313929102	6.271895877512799	26.216666666666665	57
346	holistic	60	2	2	0.9247534963342532	3.1746623392287936	26.066666666666666	54
346	conventional	60	1	1	1.0859461426190153	4.273422622763243	27.166666666666668	58
347	holistic	60	1	1	0.9228746544785164	2.72471062397493	26.75	55
347	conventional	60	1	1	1.0617123436960019	3.5205997552378703	28.116666666666667	59
348	holistic	60	0	0	0.9716599505805791	2.7576677700717416	27.75	56
348	conventional	60	2	2	1.0285239565498363	2.870302671199009	27.116666666666667	57
349	holistic	60	2	2	0.9743058021535391	3.0675014689215048	28.366666666666667	57
349	conventional	60	0	0	1.061067761356955	2.774013579746137	28.116666666666667	58
350	holistic	60	1	1	1.0563419343078035	4.886948852114025	29.233333333333334	58
350	conventional	60	0	0	1.0538097037630263	2.2725292364312293	29.116666666666667	59
351	holistic	60	0	0	1.0361168035581316	3.591459896729805	30.233333333333334	59
351	conventional	60	2	2	1.0084040269340766	2.0221275033341826	28.116666666666667	59
352	holistic	60	1	1	1.0332050366678618	3.4247045754079375	30.233333333333334	59
352	conventional	60	1	1	1.0333050089684528	2.159861868389775	28.116666666666667	58
353	holistic	60	2	2	0.9867091208595068	3.4707628581694663	30.166666666666668	59
353	conventional	60	0	0	1.0196125107528216	2.0695528844560096	29.116666666666667	59
354	holistic	60	4	4	0.9981970797524472	3.1759834784949237	29.066666666666666	59
354	conventional	60	1	1	0.9898985044833225	2.087162176457233	29.116666666666667	58
355	holistic	60	1	1	1.002045244458146	3.3104559765557156	29.066666666666666	59
355	conventional	60	0	0	0.969561799307242	2.184639020619672	30.116666666666667	59
356	holistic	60	3	3	0.9730089480189165	3.4989945677599437	27.066666666666666	59
356	conventional	60	5	5	0.940636695928751	2.190177098120657	28.716666666666665	58
357	holistic	60	1	1	1.0351772233565004	3.260920830458816	27.066666666666666	59
357	conventional	60	0	0	0.9924687587791292	2.429830837527429	29.716666666666665	59
358	holistic	60	2	2	1.023764108597931	3.3905027828973964	26.066666666666666	58
358	conventional	60	1	1	0.9631410276392596	1.9156289457036064	29.716666666666665	59
359	holistic	60	0	0	1.0672067631180455	3.5154461536286084	27.066666666666666	59
359	conventional	60	3	3	0.9965866167087623	2.962894189479243	28.7	59
360	holistic	60	21	21	0.6977816767137317	3.4279758652054486	16.583333333333332	55
360	conventional	60	22	22	0.6370352352710573	2.7954215032090137	18.183333333333334	55
361	holistic	60	1	1	0.9885945860994173	3.8702487329096287	17.5	56
361	conventional	60	3	3	0.7924559263069912	3.3868524598197065	19.133333333333333	56
362	holistic	60	1	1	0.930815903080035	3.8791886874636305	18.433333333333334	57
362	conventional	60	5	5	0.8043342882109561	2.8870187669595238	19.766666666666666	57
363	holistic	60	0	0	0.9688395306510295	3.5683681059980366	19.433333333333334	58
363	conventional	60	2	2	0.8797116952082707	2.438819202532542	20.683333333333334	58
364	holistic	60	7	7	0.9578780647939621	3.1658387640606125	19.966666666666665	59
364	conventional	60	4	4	0.813178070430446	2.2976625698098196	20.95	59
365	holistic	60	1	1	1.0032394014622255	3.2318440038505494	19.966666666666665	59
365	conventional	60	4	4	0.8379460530275961	4.355712557283328	20.75	59
366	holistic	60	2	2	1.0444436294644308	3.1775816040666296	19.9	58
366	conventional	60	5	5	0.809261027673702	3.3482363582269326	19.533333333333335	59
367	holistic	60	0	0	1.0323094205550605	3.047551531844385	20.9	59
367	conventional	60	2	2	0.9513963839198385	4.352843925833134	18.533333333333335	58
368	holistic	60	5	5	0.9873908632161869	3.5368830126742146	20.566666666666666	59
368	conventional	60	4	4	0.8699465247012957	3.870053394581015	19.35	59
369	holistic	60	1	1	1.0537546303518626	4.899004523292783	20.566666666666666	59
369	conventional	60	2	2	0.9053687969256647	2.709591202404628	19.3	58
370	holistic	60	2	2	1.0461899503495986	3.429863422185977	19.566666666666666	59
370	conventional	60	3	3	0.9174018238854476	3.451419346046427	20.133333333333333	59
371	holistic	60	3	3	1.0369294634314314	3.1000528029848002	19.266666666666666	56
371	conventional	60	3	3	0.9317723333184578	2.5878680026008247	20.066666666666666	59
372	holistic	60	1	1	1.0337778357734577	2.9944735772701647	20.2	57
372	conventional	60	1	1	0.9590455791230973	3.2257801943277213	20.066666666666666	59
373	holistic	60	1	1	1.071432548213868	6.379095027026689	21.15	58
373	conventional	60	1	1	0.9007104263691035	2.6284335828393233	20.066666666666666	57
374	holistic	60	0	0	1.0147002636248983	4.876844680144017	22.15	59
374	conventional	60	1	1	0.9143510679115603	2.266822260814303	21.033333333333335	58
375	holistic	60	2	2	1.0093573361533517	4.376302865018596	22.083333333333332	56
375	conventional	60	0	0	0.8892934293964285	2.1761849981210113	22.033333333333335	59
376	holistic	60	1	1	1.0744822325846328	4.079039488964337	22.95	57
376	conventional	60	5	5	0.8381237848019982	1.9968255460681896	21.516666666666666	59
377	holistic	60	1	1	1.0688462721075311	3.8787397812275883	23.883333333333333	58
377	conventional	60	2	2	0.8847247095997761	2.630538610620717	21.266666666666666	54
378	holistic	60	0	0	1.166238521491689	4.618594091771513	24.883333333333333	59
378	conventional	60	2	2	0.9319217082419207	2.7031930178239842	21.966666666666665	55
379	holistic	60	1	1	1.113999302218048	3.506963113563091	24.883333333333333	59
379	conventional	60	0	0	0.9530350383804008	2.2259950654404226	22.966666666666665	56
380	holistic	60	3	3	1.065742111392917	3.3255584059262806	23.55	59
380	conventional	60	0	0	0.9230007112341548	2.0603297380493495	23.966666666666665	57
381	holistic	60	2	2	1.124355312765065	2.98137771327538	22.55	56
381	conventional	60	0	0	0.9118340644391464	1.9614496398989807	24.966666666666665	58
382	holistic	60	0	0	1.1834815183897345	4.685633820433234	23.55	57
382	conventional	60	0	0	0.9421487416765191	1.8952428997908903	25.966666666666665	59
383	holistic	60	0	0	1.1468425912485216	3.797323570141586	24.55	58
383	conventional	60	1	1	0.9443939526507578	1.918187607399113	25.966666666666665	56
384	holistic	60	1	1	1.1415594238497868	3.6493823640880954	25.483333333333334	59
384	conventional	60	0	0	0.9664887845219721	1.8551282436767285	26.966666666666665	57
385	holistic	60	1	1	1.14652620333061	3.808612364145733	25.483333333333334	56
385	conventional	60	0	0	0.9375146501824098	1.8966255170364366	27.966666666666665	58
386	holistic	60	0	0	1.1596810822113688	3.6145912815397074	26.483333333333334	57
386	conventional	60	0	0	0.9516910799340258	1.6623980399503733	28.966666666666665	59
387	holistic	60	1	1	1.1593509470440295	3.442906257110691	26.966666666666665	58
387	conventional	60	3	3	0.8828334398458166	1.5583528352144604	26.966666666666665	59
388	holistic	60	1	1	1.1472901495305512	3.2918298896306943	27.9	59
388	conventional	60	2	2	0.8595898341157678	2.4669198370014183	25.966666666666665	57
389	holistic	60	1	1	1.143885838038486	3.21280038005988	27.9	58
389	conventional	60	0	0	0.9068148485509729	2.3774333888559696	26.966666666666665	58
390	holistic	60	0	0	1.1767460577669522	3.2479823556741754	28.9	59
390	conventional	60	0	0	0.9561995747707316	2.421315581993113	27.966666666666665	59
391	holistic	60	2	2	1.1413868227509434	3.2293623852952456	28.833333333333332	59
391	conventional	60	1	1	0.9060446219876875	1.7375747922234714	27.966666666666665	59
392	holistic	60	2	2	1.1509524398373858	3.259985727431695	28.766666666666666	56
392	conventional	60	1	1	0.915199907009572	1.6992469318294559	27.966666666666665	58
393	holistic	60	0	0	1.147163852851836	3.243446875836497	29.766666666666666	57
393	conventional	60	0	0	0.9494117801027769	2.8430606740498647	28.966666666666665	59
394	holistic	60	0	0	1.1253371508527374	3.228438579990436	30.766666666666666	58
394	conventional	60	2	2	0.8808206838874768	2.3477601587947032	27.966666666666665	58
395	holistic	60	0	0	1.1308699150464687	3.1722907135673784	31.766666666666666	59
395	conventional	60	0	0	0.901199599514347	1.853996222572702	28.966666666666665	59
396	holistic	60	3	3	1.097363817115116	3.040528542261804	30.7	59
396	conventional	60	1	1	0.8772406013778729	1.8512208887205648	28.966666666666665	59
397	holistic	60	1	1	1.1060520937924079	2.9570255878315033	30.7	59
397	conventional	60	1	1	0.9029200027112066	3.1935895263157335	28.966666666666665	56
398	holistic	60	1	1	1.06459535820094	2.916896445511757	30.7	56
398	conventional	60	1	1	0.8624024367510947	1.6910078284406644	29.8	57
399	holistic	60	1	1	1.0446014106946062	2.8438761405744137	31.583333333333332	57
399	conventional	60	0	0	0.8507134259667535	1.5241461251028063	30.8	58
400	holistic	60	0	0	1.0662605751334762	2.798120059320162	32.583333333333336	58
400	conventional	60	0	0	0.8660359391258168	1.3856972451644263	31.8	59
401	holistic	60	1	1	1.0952365720549941	2.7644250380734143	33.38333333333333	59
401	conventional	60	1	1	0.8415637210693462	1.3429048652343267	31.8	59
402	holistic	60	2	2	1.0185687460848571	2.7497370086364676	32.38333333333333	59
402	conventional	60	1	1	0.8473206747580905	2.255993704300697	31.8	59
403	holistic	60	1	1	1.0262312409123153	2.7558135617068973	32.38333333333333	59
403	conventional	60	1	1	0.8227470878224853	1.5585194983444348	31.8	59
404	holistic	60	1	1	0.9819237039044862	2.6715974359552135	32.38333333333333	59
404	conventional	60	1	1	0.7915623456839239	1.7592473999668938	31.8	58
405	holistic	60	2	2	0.9435218976799077	2.910092433967581	31.383333333333333	59
405	conventional	60	2	2	0.7854164611454778	1.3829692589370959	32.65	59
406	holistic	60	2	2	0.92074298453798	2.823534089492066	31.316666666666666	59
406	conventional	60	1	1	0.8237800308843618	1.661564284482834	32.65	59
407	holistic	60	1	1	0.929814698448231	2.7420937557125615	31.316666666666666	54
407	conventional	60	1	1	0.8419320902035122	1.6890991476972328	32.65	59
408	holistic	60	1	1	0.948889219701312	2.7198944923435353	32.25	55
408	conventional	60	1	1	0.8279964959429689	1.69679806785226	32.65	57
409	holistic	60	1	1	0.9425004190972742	2.671277493292436	33.18333333333333	56
409	conventional	60	0	0	0.8186012576952179	1.6441903195454317	33.65	58
410	holistic	60	2	2	0.983071671194352	2.9073219606093033	33.983333333333334	57
410	conventional	60	0	0	0.8411985623522479	1.7148669630003175	34.65	59
411	holistic	60	1	1	0.9988577756316521	3.006567073187082	34.93333333333333	58
411	conventional	60	1	1	0.8284204062851402	1.6748784780446886	34.65	59
412	holistic	60	1	1	1.0226046140314808	2.9789572600119283	35.68333333333333	59
412	conventional	60	1	1	0.8499338153379455	1.7288882435119122	34.65	56
413	holistic	60	1	1	0.9882639577587539	3.1192959250540717	35.68333333333333	59
413	conventional	60	0	0	0.8834965980020765	2.124925593628213	35.65	57
414	holistic	60	6	6	0.96234017030712	3.18357742054547	32.483333333333334	59
414	conventional	60	1	1	0.8804475737382119	1.861774571786612	36.61666666666667	58
415	holistic	60	1	1	1.0046186295440658	3.154008797520102	32.483333333333334	57
415	conventional	60	1	1	0.8909271656056394	1.8200402755611544	37.55	59
416	holistic	60	0	0	1.0699801471258061	3.147892814678922	33.483333333333334	58
416	conventional	60	3	3	0.8736526017255126	1.6149749109614275	35.55	56
417	holistic	60	0	0	1.0648114875552077	3.098626607136984	34.483333333333334	59
417	conventional	60	0	0	0.8739207621331858	1.6168427447662577	36.55	57
418	holistic	60	3	3	1.0169684959774252	3.072754724604856	34.35	58
418	conventional	60	2	2	0.8650739590171033	1.5385443395863827	37.483333333333334	58
419	holistic	60	0	0	1.0667616638730055	3.0479225806454484	35.35	59
419	conventional	60	0	0	0.8591385653921064	1.4037910520997	38.483333333333334	59
420	holistic	60	11	11	0.7883236675640481	3.0240371317807098	25.35	59
420	conventional	60	11	11	0.7360026589094925	1.4384311006121324	28.483333333333334	58
421	holistic	60	1	1	0.8577997996205146	3.021422637464893	25.35	57
421	conventional	60	1	1	0.8193252241361325	3.344098874476652	29.466666666666665	59
422	holistic	60	2	2	0.8834146132970621	3.1430192193697226	26.15	58
422	conventional	60	1	1	0.8029223592249115	2.068838212242404	29.466666666666665	59
423	holistic	60	1	1	0.8547427742589022	3.1256539938505927	26.95	59
423	conventional	60	4	4	0.7608741311295051	2.245896835123371	29.25	59
424	holistic	60	5	5	0.8767599987036305	3.111113259486924	24.816666666666666	59
424	conventional	60	4	4	0.7871357820374951	1.649006145436368	28.116666666666667	59
425	holistic	60	2	2	0.916558780728653	3.5541549638487377	24.083333333333332	59
425	conventional	60	5	5	0.7903231207604523	2.445316894890656	25.183333333333334	59
426	holistic	60	3	3	0.8432408490441513	3.4380683822190012	23.016666666666666	58
426	conventional	60	4	4	0.7702575001494	2.452829018968244	24.95	58
427	holistic	60	0	0	0.8709167314546856	3.4722599909603655	24.016666666666666	59
427	conventional	60	0	0	0.8322121086267128	2.2051482791221844	25.95	59
428	holistic	60	5	5	0.8394059533941832	3.501171019971829	21.883333333333333	59
428	conventional	60	5	5	0.7731417293519899	2.130479824965263	22.916666666666668	58
429	holistic	60	3	3	0.8250464241996589	3.527676604324006	21.75	59
429	conventional	60	0	0	0.8539830779520717	2.1288116917234294	23.916666666666668	59
430	holistic	60	2	2	0.808815090067333	3.324469022783838	21.683333333333334	59
430	conventional	60	2	2	0.8198610888881702	2.3207865662416163	23.883333333333333	59
431	holistic	60	3	3	0.7930065311725518	3.198877670430753	20.633333333333333	59
431	conventional	60	3	3	0.7618723230911958	1.9665596074225478	22.266666666666666	57
432	holistic	60	1	1	0.9966523024323148	7.943344100682294	20.633333333333333	57
432	conventional	60	2	2	0.8064954051429862	2.016376082755643	23.116666666666667	58
433	holistic	60	0	0	0.9581394341951736	4.938606885487576	21.633333333333333	58
433	conventional	60	0	0	0.8679489424428195	4.359777879925984	24.116666666666667	59
434	holistic	60	1	1	0.9452417190897193	3.2737430572343893	22.566666666666666	59
434	conventional	60	2	2	0.8737921852045674	2.2789319538107	24.05	58
435	holistic	60	2	2	0.8561321633521461	3.150359812463795	21.566666666666666	59
435	conventional	60	0	0	0.83523168687672	2.046507632761233	25.05	59
436	holistic	60	1	1	0.8872923233648708	3.3088307867185995	21.566666666666666	59
436	conventional	60	5	5	0.7612961513595401	1.8469871568195428	21.833333333333332	59
437	holistic	60	2	2	0.9459368790878948	5.430832243085905	21.516666666666666	58
437	conventional	60	3	3	0.7693196457733517	3.6540944826965065	20.683333333333334	59
438	holistic	60	0	0	0.9970372416842278	4.273139382334246	22.516666666666666	59
438	conventional	60	5	5	0.7778318817969704	2.6500912748054892	19.45	55
439	holistic	60	1	1	0.9174890676893346	3.684773949687188	22.516666666666666	59
439	conventional	60	2	2	0.7857176077136216	1.6452285804888802	20.4	56
440	holistic	60	5	5	0.8691098567601123	3.333924019785541	20.916666666666668	59
440	conventional	60	2	2	0.7779510035053874	1.5246005062024885	21.35	57
441	holistic	60	1	1	0.8578134583796487	3.0991272834691546	20.916666666666668	56
441	conventional	60	1	1	0.7882313023028653	1.8467823449295444	22.316666666666666	58
442	holistic	60	0	0	0.8805572022135902	3.034979506738969	21.916666666666668	57
442	conventional	60	3	3	0.8067232167002222	1.6047227186675213	22.733333333333334	59
443	holistic	60	0	0	0.8515470790885123	3.0323576869885738	22.916666666666668	58
443	conventional	60	1	1	0.8914115653407146	6.604232872461548	22.733333333333334	56
444	holistic	60	3	3	0.8509861214767689	2.9986437191985806	23.533333333333335	59
444	conventional	60	0	0	0.9129311649850747	4.609547094464392	23.733333333333334	57
445	holistic	60	1	1	0.9085925354161952	3.0275723562670986	23.533333333333335	54
445	conventional	60	0	0	0.8665401674007334	3.294660092997908	24.733333333333334	58
446	holistic	60	0	0	0.9515900529073611	4.912778726055462	24.533333333333335	55
446	conventional	60	1	1	0.8408281921740274	2.623381536825208	25.6	59
447	holistic	60	0	0	0.9263954245835281	3.595893506203948	25.533333333333335	56
447	conventional	60	3	3	0.8721975337629163	3.250307196784055	23.6	59
448	holistic	60	3	3	0.9119324798836825	3.1574768550649543	25.866666666666667	57
448	conventional	60	1	1	0.8792727395836507	1.9620790840056836	23.6	57
449	holistic	60	0	0	0.9719769003290636	3.0685614780588324	26.866666666666667	58
449	conventional	60	0	0	0.9047525774457783	2.0397231501036064	24.6	58
450	holistic	60	0	0	0.9608786925940503	3.039134470861675	27.866666666666667	59
450	conventional	60	1	1	0.9241096407836614	1.5466690973973576	25.566666666666666	59
451	holistic	60	2	2	0.9221720592482056	3.190768558039418	26.866666666666667	55
451	conventional	60	1	1	0.8674963710056574	1.5470276161000407	25.566666666666666	59
452	holistic	60	0	0	0.9522740441061007	3.2098723182113096	27.866666666666667	56
452	conventional	60	1	1	0.8779478496454727	2.3638187919058726	25.566666666666666	58
453	holistic	60	0	0	0.9236412707943695	3.3253288514538477	28.866666666666667	57
453	conventional	60	0	0	0.8415197103012789	1.5620654595716863	26.566666666666666	59
454	holistic	60	0	0	0.9120123811713508	3.3164816365341827	29.866666666666667	58
454	conventional	60	1	1	0.8672443980028565	1.6310945784869382	26.566666666666666	58
455	holistic	60	1	1	0.9125284562123995	3.284783571930882	30.8	59
455	conventional	60	0	0	0.8836871068606537	2.633338629928943	27.566666666666666	59
456	holistic	60	3	3	0.9033441452025214	3.3226308847505153	28.8	58
456	conventional	60	1	1	0.8555629024452372	1.4551736011171434	27.566666666666666	59
457	holistic	60	0	0	0.9879072861611587	3.947705712906631	29.8	59
457	conventional	60	2	2	0.8356177219204584	1.6848788594868083	26.95	56
458	holistic	60	1	1	0.9242840584971502	3.2407412637908033	29.8	59
458	conventional	60	1	1	0.9195152989750518	5.435186961068183	27.766666666666666	57
459	holistic	60	1	1	0.9106535660817	3.2133699729211087	29.8	58
459	conventional	60	1	1	0.94934969729978	4.6046298315147425	28.416666666666668	58
460	holistic	60	2	2	0.9058673294276919	3.1454025740496605	30.533333333333335	59
460	conventional	60	1	1	0.9131654057252471	3.40122181956569	29.25	59
461	holistic	60	1	1	0.8925944652364307	3.0998889798106917	30.533333333333335	58
461	conventional	60	1	1	0.8851458811107624	2.6634723376215454	29.25	59
462	holistic	60	1	1	0.9379861687692052	3.056521275563977	31.5	59
462	conventional	60	2	2	0.8950616046063095	2.219021991380848	29.166666666666668	58
463	holistic	60	3	3	0.8956751882032774	3.0152871675650714	31.066666666666666	58
463	conventional	60	1	1	0.8431915182890275	1.9210300955438946	30.15	59
464	holistic	60	1	1	0.8984234668113059	3.0317470539592546	32.0	59
464	conventional	60	1	1	0.8503414118923308	1.8342044746295987	30.15	59
465	holistic	60	1	1	0.8822804625586775	3.0295539292296705	32.0	58
465	conventional	60	3	3	0.8354147022445017	2.055365781764088	29.1	59
466	holistic	60	1	1	0.9112624370355938	3.0466449622320657	32.93333333333333	59
466	conventional	60	3	3	0.9148530855506032	2.5042441345319553	29.016666666666666	59
467	holistic	60	1	1	0.899089157017244	3.0085816900261393	32.93333333333333	58
467	conventional	60	1	1	0.8702186356046654	2.302181871146968	29.016666666666666	59
468	holistic	60	1	1	0.9437878471290563	3.0254708166912736	33.86666666666667	59
468	conventional	60	3	3	0.8690552538706615	2.1063283767022507	28.95	50
469	holistic	60	2	2	0.9088724280119055	3.006667050820418	33.733333333333334	59
469	conventional	60	1	1	0.9568109972974473	3.3507430230406463	29.916666666666668	51
470	holistic	60	1	1	0.988097087790843	2.9698279487112096	33.733333333333334	58
470	conventional	60	0	0	0.944353822376684	2.296703974532867	30.916666666666668	52
471	holistic	60	0	0	0.9954938541560349	2.951184471426753	34.733333333333334	59
471	conventional	60	0	0	0.9515749077845779	2.3612641764121673	31.916666666666668	53
472	holistic	60	1	1	0.9813169290068059	2.492946579939223	34.733333333333334	59
472	conventional	60	2	2	0.9518220775887614	1.9668579096045238	32.8	54
473	holistic	60	2	2	0.9717698947171051	2.5367276574637327	34.56666666666667	59
473	conventional	60	0	0	0.9525814012992578	1.931428154369959	33.8	55
474	holistic	60	3	3	0.9550793602416717	2.783175777897579	32.56666666666667	59
474	conventional	60	0	0	0.9848627941776823	2.0290228871921197	34.8	56
475	holistic	60	1	1	1.063337480771929	4.892707550550331	32.56666666666667	57
475	conventional	60	0	0	0.9664184500770908	2.0081604865277596	35.8	57
476	holistic	60	1	1	1.0468171240871507	3.396380966837177	33.5	58
476	conventional	60	0	0	0.9733019697133102	2.3959385248968874	36.8	58
477	holistic	60	0	0	1.0075714290848654	2.4836532405804466	34.5	59
477	conventional	60	0	0	0.9606254024589683	2.219771543290452	37.8	59
478	holistic	60	3	3	0.9838742523172535	2.3436291842712382	33.43333333333333	58
478	conventional	60	3	3	0.9348837186091713	1.993779600430249	36.6	58
479	holistic	60	1	1	0.9826479818065078	2.369573367523985	34.36666666666667	59
479	conventional	60	0	0	0.9419111195745629	1.947857958562194	37.6	59
480	holistic	60	9	9	0.8510365577412947	2.3071906452795496	26.366666666666667	59
480	conventional	60	5	5	0.844126768228881	1.7751910216481812	33.6	59
481	holistic	60	2	2	1.0030700053213404	5.898265234450738	26.233333333333334	59
481	conventional	60	2	2	0.9448012500008279	3.207503419077628	33.55	59
482	holistic	60	2	2	0.9670245330598486	3.898477663589638	26.166666666666668	59
482	conventional	60	2	2	0.8997078153461484	1.7250078250179703	33.516666666666666	59
483	holistic	60	1	1	0.9641106474157385	3.573385449410034	26.166666666666668	57
483	conventional	60	4	4	0.953670763173944	2.6777610193402355	31.433333333333334	59
484	holistic	60	2	2	0.9395059130333255	3.4057710350043826	27.033333333333335	58
484	conventional	60	2	2	0.9228847002124508	2.6568764498996833	30.433333333333334	59
485	holistic	60	1	1	0.923855730035859	2.903296774805616	27.966666666666665	59
485	conventional	60	4	4	0.8451143848175194	2.3452734060029017	28.4	59
486	holistic	60	2	2	0.8892489129097444	2.7347507143441283	26.966666666666665	58
486	conventional	60	3	3	0.8769885815509568	4.516255404297227	26.4	58
487	holistic	60	3	3	0.9186380494803061	2.3351518810758836	27.616666666666667	59
487	conventional	60	0	0	0.8968079047515315	3.5393611381652637	27.4	59
488	holistic	60	4	4	0.8966428562435169	2.4061347697644493	24.616666666666667	59
488	conventional	60	3	3	0.8747900709982558	2.525462999600024	26.316666666666666	57
489	holistic	60	2	2	0.9135510096131016	2.1262128030803464	23.616666666666667	59
489	conventional	60	1	1	0.9062678626074713	2.6476032746636062	27.266666666666666	58
490	holistic	60	3	3	0.9297438059694775	2.306064354777028	23.35	59
490	conventional	60	1	1	0.9506119608321915	3.1563216992075263	28.183333333333334	59
491	holistic	60	4	4	0.8505177217518155	2.1787856292978396	21.283333333333335	59
491	conventional	60	3	3	0.8817223762861596	2.3184161753901873	26.183333333333334	59
492	holistic	60	3	3	0.8527528509238465	2.1573447989727996	21.15	57
492	conventional	60	2	2	0.9590704184690491	5.34028219508364	25.183333333333334	58
493	holistic	60	1	1	0.9908414352094539	2.912288776783462	22.116666666666667	58
493	conventional	60	1	1	1.041282441667615	3.5366192455828585	26.116666666666667	59
494	holistic	60	1	1	0.9876457833705506	2.8507033221990774	23.05	59
494	conventional	60	2	2	1.0651904873683076	2.9786069572110017	25.116666666666667	58
495	holistic	60	3	3	0.9022094724162965	2.3740725337834143	21.983333333333334	58
495	conventional	60	0	0	1.0922492926165124	3.060884522826113	26.116666666666667	59
496	holistic	60	1	1	0.8986638939962128	2.218857090253901	22.883333333333333	59
496	conventional	60	3	3	1.0009526293067716	2.7151839828254345	24.116666666666667	59
497	holistic	60	2	2	0.8935801208019648	2.596975613957269	21.883333333333333	58
497	conventional	60	1	1	1.0142877367486598	2.4106410884315266	24.116666666666667	59
498	holistic	60	0	0	0.9370316373336263	2.2945473109701213	22.883333333333333	59
498	conventional	60	1	1	0.9643360130930791	2.3151426283805567	24.116666666666667	58
499	holistic	60	3	3	0.906905108668823	2.220697398228081	22.616666666666667	59
499	conventional	60	0	0	0.9288720667116829	2.1916554640992265	25.116666666666667	59
500	holistic	60	2	2	0.9788040219208007	3.8275791169932827	22.283333333333335	56
500	conventional	60	2	2	0.9069257071557372	2.189074767039607	25.05	59
501	holistic	60	2	2	0.9747940026870049	3.3368660388947387	23.1	57
501	conventional	60	1	1	0.889963262841362	2.0609932349655855	25.05	59
502	holistic	60	0	0	0.9947079882867271	2.431430191371163	24.1	58
502	conventional	60	4	4	0.8907292997608103	2.379928178887376	23.016666666666666	59
503	holistic	60	0	0	1.0061765344974785	3.3552058800256246	25.1	59
503	conventional	60	1	1	0.9181649205704228	2.2563518149041837	23.016666666666666	57
504	holistic	60	3	3	0.9290583784307742	2.8516281684437392	23.1	59
504	conventional	60	3	3	0.9555355994355292	3.3328327612621584	23.616666666666667	58
505	holistic	60	2	2	0.9346356655689257	2.6168090393681904	23.033333333333335	57
505	conventional	60	0	0	0.9322547436777946	3.311809719819717	24.616666666666667	59
506	holistic	60	0	0	1.0376333016773116	3.464154012687146	24.033333333333335	58
506	conventional	60	2	2	0.9390933433791206	2.1336745723508757	24.55	59
507	holistic	60	0	0	0.988543292635679	3.1938244607387145	25.033333333333335	59
507	conventional	60	2	2	0.943409930368519	2.0487862379842205	23.55	56
508	holistic	60	3	3	0.9412679606408509	2.856326335901212	23.9	57
508	conventional	60	0	0	0.9311636140200807	1.9726660984811293	24.55	57
509	holistic	60	1	1	0.9336435286226936	2.606387628405729	24.833333333333332	58
509	conventional	60	2	2	0.966588873394301	1.9534242446553833	25.483333333333334	58
510	holistic	60	1	1	0.9433301687988919	2.853919716322299	25.733333333333334	59
510	conventional	60	0	0	1.0078269884772704	2.797915746182083	26.483333333333334	59
511	holistic	60	1	1	0.9725083291426551	2.562099541108409	25.733333333333334	56
511	conventional	60	1	1	0.9933941038664847	2.0880427062906968	26.483333333333334	59
512	holistic	60	4	4	0.9765040624155785	2.465302706579633	26.2	57
512	conventional	60	1	1	1.0032721151440898	2.064498832618945	26.483333333333334	58
513	holistic	60	0	0	1.035751802401827	2.5447950852311605	27.2	58
513	conventional	60	0	0	0.9707688934146302	1.962982301594577	27.483333333333334	59
514	holistic	60	0	0	1.0428748944704418	2.557294508469555	28.2	59
514	conventional	60	1	1	0.9546030078960059	2.023286486124729	27.483333333333334	58
515	holistic	60	1	1	1.0345248268185936	2.507913823547562	28.2	59
515	conventional	60	0	0	0.9215641728146522	2.0050040550204593	28.483333333333334	59
516	holistic	60	3	3	1.002288121933391	2.5207259831514683	27.133333333333333	58
516	conventional	60	2	2	0.9053821266856058	1.9881613500319897	28.45	59
517	holistic	60	0	0	1.0182672035358835	2.47525716592342	28.133333333333333	59
517	conventional	60	1	1	0.9220240840483777	1.937541373952574	28.45	59
518	holistic	60	1	1	1.0344018567192816	2.460171001030785	28.133333333333333	55
518	conventional	60	2	2	0.9088419780021001	1.8569388325122855	28.3	59
519	holistic	60	0	0	1.0074567779015087	2.3918529181983423	29.133333333333333	56
519	conventional	60	3	3	0.8707916737600049	1.781605113692576	28.133333333333333	59
520	holistic	60	0	0	1.0162763492171176	2.379226015930191	30.133333333333333	57
520	conventional	60	1	1	0.9175809761758571	1.9165121822441433	28.133333333333333	59
521	holistic	60	0	0	1.0481133688393414	2.5078350685803805	31.133333333333333	58
521	conventional	60	1	1	0.9269140232655293	1.9060604547985487	28.133333333333333	56
522	holistic	60	0	0	1.0546757092025734	2.4798352357287947	32.13333333333333	59
522	conventional	60	0	0	0.895248968004967	2.0775565334568893	29.133333333333333	57
523	holistic	60	2	2	0.9998593758767701	2.5314931809349437	31.133333333333333	58
523	conventional	60	0	0	0.8750119945989673	1.8436354988352455	30.133333333333333	58
524	holistic	60	0	0	1.034970556342995	2.5042294037440773	32.13333333333333	59
524	conventional	60	0	0	0.8949192112500745	1.7734149413924212	31.133333333333333	59
525	holistic	60	1	1	1.0214295576956942	2.560526504959827	32.13333333333333	59
525	conventional	60	5	5	0.8430342675377536	1.7936631709866098	28.916666666666668	57
526	holistic	60	1	1	0.9849698949310792	2.5237689757572204	32.13333333333333	59
526	conventional	60	0	0	0.874518625443448	1.7601903033720347	29.916666666666668	58
527	holistic	60	1	1	0.9853679397416677	2.5329651405844693	32.13333333333333	59
527	conventional	60	0	0	0.8875844571438342	1.7285586432313063	30.916666666666668	59
528	holistic	60	1	1	1.0870830452759566	7.862601628843157	32.13333333333333	59
528	conventional	60	2	2	0.8252580952527026	1.7485487427829114	29.916666666666668	56
529	holistic	60	4	4	1.025888147577501	6.366653291866951	31.016666666666666	59
529	conventional	60	1	1	0.8990023560717968	3.3643589124078295	30.85	57
530	holistic	60	1	1	1.1115517582476246	5.201637582902557	31.016666666666666	56
530	conventional	60	0	0	0.8785859656578493	2.8654333990813905	31.85	58
531	holistic	60	0	0	1.0819132636487032	4.872902449540693	32.016666666666666	57
531	conventional	60	0	0	0.8759295642324237	2.365030054205584	32.85	59
532	holistic	60	0	0	1.0440796156226377	4.071129107067683	33.016666666666666	58
532	conventional	60	2	2	0.8305196067637116	1.8623631257667483	31.85	54
533	holistic	60	1	1	1.0242759422159813	4.038891168062514	33.95	59
533	conventional	60	0	0	0.9156725837155553	4.362921727368619	32.85	55
534	holistic	60	2	2	0.9955602156898162	3.8735674428149323	32.95	58
534	conventional	60	0	0	0.8683777351845038	2.368751569434052	33.85	56
535	holistic	60	0	0	0.9856963613745933	4.125011854844107	33.95	59
535	conventional	60	1	1	0.8665165867073007	2.3844956757686764	34.8	57
536	holistic	60	1	1	0.9553061991755053	4.209626136686023	33.95	58
536	conventional	60	1	1	0.8266109012042815	1.7732976645481155	35.61666666666667	58
537	holistic	60	0	0	0.9737938895745856	4.475590805314818	34.95	59
537	conventional	60	1	1	0.8336919187596395	1.7476403088799977	36.483333333333334	59
538	holistic	60	3	3	0.9452738603079539	4.23941345931599	33.916666666666664	59
538	conventional	60	3	3	0.813517949129242	1.7231195616374817	36.416666666666664	58
539	holistic	60	2	2	0.9152739471792372	3.8760382271110365	33.86666666666667	59
539	conventional	60	0	0	0.8194945001121815	1.8172074284436313	37.416666666666664	59
540	holistic	60	5	5	0.8586039846996711	3.724093649429464	29.866666666666667	59
540	conventional	60	4	4	0.7419273019709978	1.792542583604352	34.416666666666664	59
541	holistic	60	3	3	0.895145337989659	3.5219271564888843	29.766666666666666	59
541	conventional	60	4	4	0.7418546415834267	1.806365653489519	33.28333333333333	59
542	holistic	60	3	3	0.9208534811563333	3.4790591656531706	28.7	58
542	conventional	60	2	2	0.8292818789502641	2.417554048779804	32.28333333333333	59
543	holistic	60	1	1	0.9045535977862943	3.3783531576614805	29.05	59
543	conventional	60	3	3	0.8196016477563052	2.7594375360352004	31.25	59
544	holistic	60	4	4	0.8769790561266456	3.289704069960627	28.916666666666668	59
544	conventional	60	3	3	0.9646467835202758	4.508700863023015	30.216666666666665	59
545	holistic	60	2	2	0.9328705136645508	3.210510883358411	28.866666666666667	59
545	conventional	60	3	3	0.8821286927468246	2.512578535002458	28.216666666666665	59
546	holistic	60	2	2	0.9871428248441659	3.0375239664963005	28.6	59
546	conventional	60	5	5	0.878671635491718	3.7898596112788883	27.066666666666666	58
547	holistic	60	1	1	1.0285980492523747	3.1299170915574046	28.6	59
547	conventional	60	2	2	0.8692932242497043	2.3060954196573435	27.933333333333334	59
548	holistic	60	3	3	0.9889981569055982	3.2609363957807296	27.466666666666665	59
548	conventional	60	2	2	0.8168773947095621	2.3047290783358	26.933333333333334	58
549	holistic	60	2	2	0.9600403769418674	3.1983532916804673	26.466666666666665	59
549	conventional	60	1	1	0.7725544886529069	1.7743195991753986	27.9	59
550	holistic	60	2	2	1.0263609242542728	5.9620096561849465	26.3	59
550	conventional	60	5	5	0.8038661876032348	2.3138777699505413	27.716666666666665	59
551	holistic	60	2	2	1.1038877254841886	5.9487170340520175	25.3	59
551	conventional	60	4	4	0.7447857288337058	1.7151031110498771	25.583333333333332	59
552	holistic	60	3	3	1.0276123213085002	3.949132337363865	24.233333333333334	59
552	conventional	60	3	3	0.7935978378107446	2.4400169481893466	24.483333333333334	59
553	holistic	60	1	1	1.0028383991181855	3.2637785900614715	24.233333333333334	58
553	conventional	60	2	2	0.8372724236728484	1.7183793124244702	24.45	59
554	holistic	60	1	1	0.9735886699581909	2.990551105205777	25.1	59
554	conventional	60	3	3	0.7396835814656996	1.4998088819735178	23.383333333333333	58
555	holistic	60	2	2	1.0006958999123023	2.958874977202142	24.1	59
555	conventional	60	4	4	0.7294453370830285	1.581498437435062	24.183333333333334	59
556	holistic	60	2	2	0.9537138655847566	2.9562037597455384	24.033333333333335	59
556	conventional	60	3	3	0.726412259708146	1.8236737384265795	23.133333333333333	59
557	holistic	60	2	2	0.9584742228680861	3.454449540829632	23.966666666666665	58
557	conventional	60	2	2	0.6985456213680944	1.3588667945843018	23.083333333333332	57
558	holistic	60	1	1	1.038768926786344	3.2864179899037302	24.766666666666666	59
558	conventional	60	2	2	0.7496997101721469	1.4241096016129726	23.883333333333333	58
559	holistic	60	4	4	0.9462857120136741	3.355596977763141	22.633333333333333	59
559	conventional	60	0	0	0.7864140913190991	1.3549388010202466	24.883333333333333	59
560	holistic	60	2	2	1.0343052010631852	3.595254332126956	22.583333333333332	59
560	conventional	60	1	1	0.8083185220899808	1.6036266237076804	24.883333333333333	59
561	holistic	60	3	3	1.0457172381034463	5.967341437921709	21.883333333333333	57
561	conventional	60	1	1	0.8686939477308535	3.2816717811100458	24.883333333333333	59
562	holistic	60	1	1	0.9758082225807041	3.4580002708315547	21.933333333333334	58
562	conventional	60	3	3	0.8699369718907014	5.278820749319078	23.7	59
563	holistic	60	0	0	0.9736152622099029	3.243234853254961	22.933333333333334	59
563	conventional	60	1	1	0.9479515107167614	4.48327009856913	23.7	59
564	holistic	60	2	2	0.9411191172433718	3.231711399177854	22.866666666666667	55
564	conventional	60	3	3	0.8017480502677263	3.281387360233312	21.7	58
565	holistic	60	1	1	0.9550388946011246	3.208498943976048	23.8	56
565	conventional	60	1	1	0.7985653613521733	3.0827236006869954	22.666666666666668	59
566	holistic	60	2	2	0.9421274660478153	3.08676024701686	24.483333333333334	57
566	conventional	60	5	5	0.8454402707586512	3.949337346693419	21.416666666666668	57
567	holistic	60	0	0	0.9695346298443958	3.106728816439526	25.483333333333334	58
567	conventional	60	1	1	0.8774519563587705	3.2831614534050546	21.6	58
568	holistic	60	1	1	0.9505724398337795	3.149807230297582	26.366666666666667	59
568	conventional	60	1	1	0.8527770962474569	2.783959175789048	22.583333333333332	59
569	holistic	60	1	1	0.9833269346622837	3.143563673900021	26.366666666666667	59
569	conventional	60	2	2	0.8409491961714228	2.400121210960333	22.25	58
570	holistic	60	1	1	0.9575127965768712	3.1143849643842727	26.366666666666667	59
570	conventional	60	0	0	0.8815167692227844	2.334247476495371	23.25	59
571	holistic	60	1	1	0.9123400458341884	3.131791571114985	26.366666666666667	59
571	conventional	60	2	2	0.8324351038828579	2.129802199408459	23.166666666666668	55
572	holistic	60	3	3	0.9007666995694467	3.103910584409372	24.366666666666667	57
572	conventional	60	0	0	0.9239979227356071	4.321292657044065	24.166666666666668	56
573	holistic	60	2	2	1.0280817100016706	4.829050854735476	25.1	58
573	conventional	60	0	0	0.9447664416242642	4.320626294857178	25.166666666666668	57
574	holistic	60	0	0	1.0901345835880474	3.83223137319659	26.1	59
574	conventional	60	1	1	0.9335403079680356	3.324353496375205	26.033333333333335	58
575	holistic	60	1	1	1.0003002497893574	3.2148750947877462	26.1	59
575	conventional	60	1	1	0.8871406116744937	2.5768806160846967	26.85	59
576	holistic	60	3	3	0.9760419347138309	3.1879852001033075	24.1	58
576	conventional	60	2	2	0.957512528654586	5.3902649347203955	26.55	58
577	holistic	60	0	0	0.9869940668524986	3.2016676501007053	25.1	59
577	conventional	60	1	1	0.9135226113377602	2.824864116803269	27.533333333333335	59
578	holistic	60	1	1	0.9700469495994303	3.313092784368859	25.1	55
578	conventional	60	1	1	0.843345436258499	2.4687241860947102	27.533333333333335	59
579	holistic	60	0	0	1.036749375655567	4.957028491895927	26.1	56
579	conventional	60	6	6	0.8185336983330489	2.704316846883554	25.183333333333334	58
580	holistic	60	0	0	1.0127178712495144	3.464567266763772	27.1	57
580	conventional	60	0	0	0.891949554676355	2.5512571033252565	26.183333333333334	59
581	holistic	60	0	0	1.0166417988504122	3.288510588517857	28.1	58
581	conventional	60	2	2	0.9035849071648278	2.4299060467350664	26.15	56
582	holistic	60	0	0	1.0363143232445784	3.2811117675754713	29.1	59
582	conventional	60	0	0	0.9453675605859857	2.329419920340313	27.15	57
583	holistic	60	1	1	1.0053821132007543	3.3094567271678814	29.1	56
583	conventional	60	1	1	0.9759788211925178	2.6460185969951056	28.116666666666667	58
584	holistic	60	1	1	1.003985733919861	3.336863003854644	29.833333333333332	57
584	conventional	60	0	0	0.9380758771695653	2.6059986941437714	29.116666666666667	59
585	holistic	60	0	0	0.999738661882715	3.4324509168508888	30.833333333333332	58
585	conventional	60	3	3	0.8973140411164557	2.5723579031768056	27.116666666666667	57
586	holistic	60	1	1	0.9800039889219113	3.4736745263906723	31.783333333333335	59
586	conventional	60	0	0	1.0310881816713786	4.6157227986964156	28.116666666666667	58
587	holistic	60	1	1	0.9166462205913977	2.6612621617870227	31.783333333333335	59
587	conventional	60	1	1	0.9942894225133598	2.60995393853844	28.616666666666667	59
588	holistic	60	3	3	0.9169688364535397	2.7235542515821134	31.683333333333334	59
588	conventional	60	2	2	0.9381815747023304	2.0752946762696287	27.616666666666667	56
589	holistic	60	3	3	0.9714289160146897	3.9758988047414214	29.683333333333334	56
589	conventional	60	0	0	0.9736811692088334	2.3428072294928644	28.616666666666667	57
590	holistic	60	0	0	0.9567936651464822	2.965307847890611	30.683333333333334	57
590	conventional	60	0	0	0.9103678491970509	1.8033643660273142	29.616666666666667	58
591	holistic	60	0	0	0.928664291597779	2.737551975572281	31.683333333333334	58
591	conventional	60	1	1	0.8853839267692563	2.070508768056816	30.566666666666666	59
592	holistic	60	0	0	0.9177047399982575	2.716396270899867	32.68333333333333	59
592	conventional	60	1	1	0.838440999223385	2.0032707442393787	30.566666666666666	54
593	holistic	60	2	2	0.8894700509127305	2.649470801674282	32.61666666666667	59
593	conventional	60	0	0	0.8721369276498406	1.947146337891393	31.566666666666666	55
594	holistic	60	1	1	0.8653404545024194	2.6078617626063867	32.61666666666667	55
594	conventional	60	2	2	0.8692843499356154	1.8258412696846322	32.28333333333333	56
595	holistic	60	0	0	0.9462196145689442	2.6847685611560093	33.61666666666667	56
595	conventional	60	0	0	0.8795100202507482	2.079653206499785	33.28333333333333	57
596	holistic	60	0	0	0.936222166831885	2.644564359823089	34.61666666666667	57
596	conventional	60	1	1	0.8598773670740377	1.8990431126146787	33.61666666666667	58
597	holistic	60	0	0	0.9366818195693744	2.629298220859621	35.61666666666667	58
597	conventional	60	2	2	0.9228638001465347	2.249449340156103	33.93333333333333	59
598	holistic	60	0	0	0.9318421296695525	2.678458399669287	36.61666666666667	59
598	conventional	60	2	2	0.880934478717019	2.24801715793562	32.93333333333333	58
599	holistic	60	2	2	0.8961775511084299	2.683558523212517	35.61666666666667	59
599	conventional	60	1	1	0.8893140497578019	1.6471952797086984	33.9	59
600	holistic	60	3	3	0.863726942434455	2.7090837856092604	34.21666666666667	59
600	conventional	60	3	3	0.8883620790530582	3.5593245783121095	31.9	59
601	holistic	60	2	2	0.8500593491477589	2.692536154002168	33.21666666666667	59
601	conventional	60	4	4	0.8385080376048166	1.6752896666316641	30.766666666666666	59
602	holistic	60	2	2	0.9345860706595629	4.869943256791001	32.21666666666667	58
602	conventional	60	4	4	0.8819413758552853	2.61561756190473	30.583333333333332	59
603	holistic	60	1	1	0.9990395626475317	8.363636428308281	33.15	59
603	conventional	60	3	3	0.7559282325278932	2.116102957809593	29.55	59
604	holistic	60	7	7	0.9496120203782958	8.198634571402136	28.75	59
604	conventional	60	5	5	0.8734579514781947	3.2315134973512434	28.45	59
605	holistic	60	3	3	1.0698926130156088	7.12825196797871	27.7	58
605	conventional	60	2	2	0.8689917869918179	1.7452088334396278	28.433333333333334	59
606	holistic	60	0	0	1.0402000391709587	6.091609616340831	28.7	59
606	conventional	60	5	5	0.9080417172958402	4.227740030441746	26.35	56
607	holistic	60	1	1	1.0113213966228183	6.721961486958893	28.7	59
607	conventional	60	0	0	0.8917514793741955	2.4145837173573783	27.35	57
608	holistic	60	3	3	0.9701379113166764	6.169987370996785	27.633333333333333	59
608	conventional	60	1	1	0.9088131069403025	1.9014668707911828	28.316666666666666	58
609	holistic	60	3	3	0.9695699787847645	6.132308800078579	26.566666666666666	59
609	conventional	60	0	0	0.9107099434991863	1.9731827582793613	29.316666666666666	59
610	holistic	60	3	3	1.0140728456374144	6.322844841439927	25.466666666666665	59
610	conventional	60	4	4	0.9064840585753667	1.83841792267643	27.2	59
611	holistic	60	1	1	0.9738919697127941	5.678068677586666	25.466666666666665	59
611	conventional	60	2	2	0.8506776479010613	1.7934731518740141	27.183333333333334	59
612	holistic	60	3	3	0.9665875546859112	5.422344992899868	25.383333333333333	58
612	conventional	60	2	2	1.0275381836994284	4.734866242200255	27.15	58
613	holistic	60	0	0	0.9605030277079475	5.128808714272378	26.383333333333333	59
613	conventional	60	0	0	1.0335888377850455	3.744122749639376	28.15	59
614	holistic	60	3	3	0.9321477514637322	4.878926769074844	26.266666666666666	59
614	conventional	60	1	1	0.9853576881205016	3.090670689339627	28.15	59
615	holistic	60	1	1	1.0190903678834407	6.855283994551822	26.266666666666666	59
615	conventional	60	4	4	1.0045154042713245	2.6991001213038586	26.1	59
616	holistic	60	4	4	0.9284211150345255	4.3508098910967865	25.133333333333333	57
616	conventional	60	2	2	0.9256018012642927	1.9742090876398197	25.1	59
617	holistic	60	0	0	0.9524692333183338	4.074900416508704	26.133333333333333	58
617	conventional	60	3	3	0.9764757898068682	2.3997795876692103	25.033333333333335	59
618	holistic	60	1	1	1.0018696926808424	4.0621591400923585	27.066666666666666	59
618	conventional	60	1	1	1.0428729598345952	2.663580515682772	25.033333333333335	58
619	holistic	60	4	4	0.9811689226046705	3.884547967000472	24.066666666666666	59
619	conventional	60	0	0	1.0342540628660164	3.0081726970747775	26.033333333333335	59
620	holistic	60	2	2	0.923188824073968	3.6730905062607784	24.0	58
620	conventional	60	1	1	0.930101203410748	2.1211069136861567	26.033333333333335	59
621	holistic	60	0	0	1.0272459910507115	3.682057997218448	25.0	59
621	conventional	60	2	2	0.896731701668593	1.8328473304922448	25.966666666666665	59
622	holistic	60	1	1	0.9943408369924067	3.738891159751334	25.0	58
622	conventional	60	2	2	0.8844963534319271	1.687777825291227	24.966666666666665	57
623	holistic	60	0	0	1.0023890009756833	4.062395188710696	26.0	59
623	conventional	60	1	1	0.913764606879173	1.816863049558877	25.933333333333334	58
624	holistic	60	2	2	1.013099469656153	4.097574544036928	25.0	59
624	conventional	60	0	0	1.016307212320008	2.28962050649417	26.933333333333334	59
625	holistic	60	1	1	1.0293555392686777	4.379135241565499	25.0	59
625	conventional	60	2	2	0.9406781567944701	1.8038653643238984	26.85	59
626	holistic	60	2	2	0.9857654188604894	4.1990615168804934	24.0	56
626	conventional	60	2	2	0.9108518521077577	1.7949871152122174	25.85	58
627	holistic	60	1	1	1.0175666947498099	4.112059945521766	24.816666666666666	57
627	conventional	60	1	1	0.9537106578562121	2.3836738053048343	26.816666666666666	59
628	holistic	60	0	0	1.0331375098655655	4.213793371904391	25.816666666666666	58
628	conventional	60	1	1	0.9917512729568708	1.8224366375548797	26.816666666666666	59
629	holistic	60	0	0	1.0320473250535205	4.200585270855637	26.816666666666666	59
629	conventional	60	2	2	1.0325330983967067	4.2569772803425465	25.816666666666666	58
630	holistic	60	2	2	1.0220530827752445	4.120106436295133	26.75	59
630	conventional	60	0	0	1.0459393522478169	3.3288076947174514	26.816666666666666	59
631	holistic	60	1	1	1.0426632539737029	4.044655874113679	26.75	59
631	conventional	60	2	2	1.0360464935448197	3.83618757581924	25.816666666666666	56
632	holistic	60	4	4	0.9681876238122252	3.9736100860568717	24.416666666666668	59
632	conventional	60	1	1	0.97981652950957	2.6556486478977206	26.3	57
633	holistic	60	2	2	0.9343053142622022	3.9383114099693963	23.416666666666668	58
633	conventional	60	2	2	1.012492506039086	2.3245758679759296	27.15	58
634	holistic	60	2	2	1.0081719016418442	3.8150114530442947	24.183333333333334	59
634	conventional	60	0	0	0.9960999859556777	1.929446787532507	28.15	59
635	holistic	60	1	1	1.0734583794287536	3.8751315896285274	24.183333333333334	59
635	conventional	60	2	2	1.008590744035956	2.1638511351072984	28.116666666666667	58
636	holistic	60	4	4	1.0391371706788903	3.8178372920724954	23.983333333333334	58
636	conventional	60	0	0	1.0991403944571303	4.500984555656904	29.116666666666667	59
637	holistic	60	0	0	1.0547856374739468	3.874674889565255	24.983333333333334	59
637	conventional	60	1	1	1.0714313850570722	4.019453851349757	29.116666666666667	59
638	holistic	60	1	1	1.028038433482737	3.7663204888348174	24.983333333333334	51
638	conventional	60	1	1	1.042457889021813	2.526508900704631	29.116666666666667	59
639	holistic	60	0	0	1.0412097583660094	3.7168326038176764	25.983333333333334	52
639	conventional	60	4	4	0.9845583041422121	2.27049680229898	26.116666666666667	58
640	holistic	60	2	2	1.0534216179476725	3.6434813109361097	26.85	53
640	conventional	60	1	1	1.04033957148675	4.38597867496965	27.033333333333335	59
641	holistic	60	0	0	1.0645009033695907	3.6241130631184832	27.85	54
641	conventional	60	1	1	1.026618046177242	2.676065742935622	27.033333333333335	58
642	holistic	60	3	3	1.0566104726942902	3.6790533974062822	28.316666666666666	55
642	conventional	60	0	0	1.0103744452834271	2.5011922052399562	28.033333333333335	59
643	holistic	60	0	0	1.022746198585813	3.589931662583218	29.316666666666666	56
643	conventional	60	2	2	0.9770636508866706	2.5443285578620682	27.95	58
644	holistic	60	0	0	1.050919293886264	3.550062455088994	30.316666666666666	57
644	conventional	60	0	0	0.9958077214831794	2.288593004001702	28.95	59
645	holistic	60	0	0	1.0753721833453802	3.5114585427841334	31.316666666666666	58
645	conventional	60	4	4	0.9598663341109878	2.21565152942878	26.866666666666667	58
646	holistic	60	0	0	1.0726443174952993	3.56424723239307	32.31666666666667	59
646	conventional	60	0	0	0.9578918487616584	2.291170480072657	27.866666666666667	59
647	holistic	60	2	2	1.0560203262359882	3.7658486943219804	32.233333333333334	59
647	conventional	60	1	1	0.972652885976123	3.281951175968671	27.866666666666667	59
648	holistic	60	3	3	1.0331913165887314	3.704002222126334	30.233333333333334	59
648	conventional	60	1	1	0.9434952363629812	2.931092990797062	27.866666666666667	54
649	holistic	60	2	2	1.0635692868311122	3.665411846270444	29.233333333333334	56
649	conventional	60	0	0	0.9358873972012175	3.025908092022871	28.866666666666667	55
650	holistic	60	0	0	1.0887020295033478	3.6697870776761268	30.233333333333334	57
650	conventional	60	0	0	0.9722745969215982	2.4612806795859403	29.866666666666667	56
651	holistic	60	1	1	1.0611859729748072	3.6738743006203616	31.183333333333334	58
651	conventional	60	1	1	0.9634162685633935	2.2612187778719908	30.8	57
652	holistic	60	0	0	1.0330847896715916	3.618805513219964	32.18333333333333	59
652	conventional	60	0	0	0.935977137716968	2.690536676462893	31.8	58
653	holistic	60	2	2	0.9916945362681512	3.5464045910082422	31.183333333333334	59
653	conventional	60	1	1	0.9335340167725111	2.267387660594774	32.766666666666666	59
654	holistic	60	1	1	1.0295189189992129	3.497057723305584	31.183333333333334	55
654	conventional	60	2	2	0.9248769289945115	1.9361694186793004	31.766666666666666	55
655	holistic	60	0	0	1.0249828570376194	3.4855241539753075	32.18333333333333	56
655	conventional	60	0	0	0.9302294702767776	2.070822513107767	32.766666666666666	56
656	holistic	60	1	1	1.0234361616471157	3.583286480501969	32.78333333333333	57
656	conventional	60	0	0	0.9663556332579997	3.9235621074421303	33.766666666666666	57
657	holistic	60	1	1	1.0194111490788935	3.535063968769432	33.71666666666667	58
657	conventional	60	1	1	0.9401906103319976	2.416970004386263	34.71666666666667	58
658	holistic	60	0	0	1.0108794120556657	3.558776898996046	34.71666666666667	59
658	conventional	60	0	0	0.9170464874968187	1.6713685372538734	35.71666666666667	59
659	holistic	60	2	2	1.026698592919136	3.5644784260237876	34.516666666666666	59
659	conventional	60	1	1	0.9101717508278167	1.8288622749789432	35.71666666666667	59
660	holistic	60	2	2	1.0188887582301709	3.586494048123928	33.516666666666666	59
660	conventional	60	2	2	0.9081296043688787	1.7636484337004317	34.71666666666667	59
661	holistic	60	3	3	0.9979801642423681	3.0767701921788135	32.31666666666667	59
661	conventional	60	3	3	0.8838601970621698	1.8593456661566081	33.7	59
662	holistic	60	1	1	0.9859859372429495	3.057481311096847	32.31666666666667	59
662	conventional	60	2	2	1.0284730848231312	2.914523425146696	33.68333333333333	59
663	holistic	60	1	1	0.9655491661705128	3.0218371838406695	32.31666666666667	59
663	conventional	60	1	1	1.0609817374100323	5.2751910686769925	33.68333333333333	59
664	holistic	60	6	6	0.8887867748272623	3.008050472211893	28.25	59
664	conventional	60	3	3	0.9457681950035052	2.779608402238368	31.683333333333334	59
665	holistic	60	4	4	0.9354125788242722	2.9746513442918188	27.116666666666667	58
665	conventional	60	3	3	1.049134821154317	7.345368415316493	30.65	59
666	holistic	60	0	0	0.8903181885395947	2.9433599274129274	28.116666666666667	59
666	conventional	60	4	4	0.9199019464612808	4.832679134225498	27.65	58
667	holistic	60	1	1	0.9223616454365484	2.9137886383730023	28.116666666666667	59
667	conventional	60	0	0	1.0194852800530882	3.331403185454834	28.65	59
668	holistic	60	3	3	0.9204083159189125	2.8575984990077665	26.116666666666667	59
668	conventional	60	1	1	1.0951364192826092	3.6420824816831256	28.65	58
669	holistic	60	4	4	0.8527003026065089	2.7765448729123197	24.983333333333334	59
669	conventional	60	1	1	1.1358613390687777	3.512049999638246	29.566666666666666	59
670	holistic	60	1	1	1.0191658360216371	2.9965581270720905	24.983333333333334	56
670	conventional	60	2	2	1.0808887190870813	2.6204825325061316	28.566666666666666	59
671	holistic	60	0	0	1.023756881846748	2.9167590974631827	25.983333333333334	57
671	conventional	60	2	2	0.9818119886664797	2.745514966157129	27.566666666666666	59
672	holistic	60	1	1	0.9680693985302902	2.866154601687209	26.916666666666668	58
672	conventional	60	1	1	0.9673587966531094	2.509965404248004	27.566666666666666	58
673	holistic	60	1	1	0.9419083882626497	2.8679603154408206	27.783333333333335	59
673	conventional	60	2	2	0.9440856891340669	2.316358273872705	28.116666666666667	59
674	holistic	60	3	3	0.8685847688590449	2.797226663444805	26.583333333333332	59
674	conventional	60	2	2	0.9304672732512442	1.9881209614959863	28.1	59
675	holistic	60	1	1	0.8794186615276235	2.836464530531883	26.583333333333332	59
675	conventional	60	2	2	0.9029352660601125	1.8278837030552988	27.1	59
676	holistic	60	3	3	0.8607566915318946	2.8050471888715154	25.516666666666666	58
676	conventional	60	3	3	0.9846961261676361	2.3901321325435747	26.05	59
677	holistic	60	2	2	0.9087211617812557	3.9780131815161415	26.4	59
677	conventional	60	2	2	0.9054898382758303	1.9429015365966888	25.05	59
678	holistic	60	2	2	0.8447033732831691	2.977483789914121	26.333333333333332	59
678	conventional	60	2	2	0.9081946090289945	2.261757237761727	25.016666666666666	57
679	holistic	60	4	4	0.8413747306986503	2.9558985253956256	23.333333333333332	59
679	conventional	60	1	1	0.9717158849879984	4.703334566065225	26.0	58
680	holistic	60	5	5	0.8421743632424239	2.8597447947412324	22.15	58
680	conventional	60	2	2	0.9078656292913239	2.129774960036274	26.916666666666668	59
681	holistic	60	2	2	0.9283291930459067	2.9537775462407354	22.816666666666666	59
681	conventional	60	1	1	0.8756962629476084	2.152994453417185	26.916666666666668	59
682	holistic	60	2	2	0.9169522412249187	2.903745892385225	22.616666666666667	58
682	conventional	60	3	3	0.9077843459443371	1.9168331980808953	25.883333333333333	59
683	holistic	60	0	0	0.8962834353178738	2.9981096399068345	23.616666666666667	59
683	conventional	60	1	1	0.864214985356241	1.8460887194230038	25.883333333333333	58
684	holistic	60	2	2	0.854196886126886	2.885996314206609	23.55	59
684	conventional	60	1	1	0.9513188503978733	2.289916623198967	26.666666666666668	59
685	holistic	60	1	1	0.8836544465460693	2.9313089224797206	23.55	58
685	conventional	60	2	2	0.8713018929362072	1.4758229421571158	26.65	59
686	holistic	60	1	1	0.8768502437127947	2.8642561417405834	24.483333333333334	59
686	conventional	60	1	1	0.8167108748736179	1.5431647066050616	26.65	59
687	holistic	60	1	1	0.832372673990598	2.8718410413306437	24.483333333333334	56
687	conventional	60	1	1	0.8255203586668447	1.5404863147146144	26.65	59
688	holistic	60	1	1	0.8379652292688545	2.8548637475998446	25.416666666666668	57
688	conventional	60	1	1	0.8528515821609581	1.6483429906164786	26.65	59
689	holistic	60	1	1	0.877726132286227	2.820674222935682	25.533333333333335	58
689	conventional	60	3	3	0.856549146476036	1.7005336058913179	25.616666666666667	58
690	holistic	60	0	0	0.8809151240495532	2.7700612509355556	26.533333333333335	59
690	conventional	60	0	0	0.8404282019380458	1.6660458453121458	26.616666666666667	59
691	holistic	60	1	1	0.8866027331167472	2.807454782911186	26.533333333333335	58
691	conventional	60	3	3	0.8313925868829048	1.7515293615898613	26.483333333333334	59
692	holistic	60	0	0	0.9163395317270105	2.8266983852714693	27.533333333333335	59
692	conventional	60	2	2	0.8579510158879742	2.575956376637625	26.316666666666666	59
693	holistic	60	2	2	0.8457343104780828	2.6378129407985096	26.533333333333335	59
693	conventional	60	1	1	0.7926253477318266	1.7055944608351852	26.316666666666666	58
694	holistic	60	3	3	0.8862075567340022	2.947181762908374	25.266666666666666	59
694	conventional	60	1	1	0.8625538317353372	2.365208218049689	27.166666666666668	59
695	holistic	60	2	2	0.8612740722893396	2.6288728445733804	25.0	59
695	conventional	60	1	1	0.8162189595870436	1.737788969970617	27.166666666666668	58
696	holistic	60	1	1	0.841436864981858	2.634211870471609	25.0	56
696	conventional	60	1	1	0.837444098129602	1.6653325016913716	28.133333333333333	59
697	holistic	60	0	0	0.8614044543006678	2.62017890870247	26.0	57
697	conventional	60	2	2	0.8459593671201504	2.2486670375525715	27.883333333333333	58
698	holistic	60	0	0	0.8631299077171188	2.6254580086345434	27.0	58
698	conventional	60	1	1	0.8182479758927804	1.4673877050228534	28.766666666666666	59
699	holistic	60	2	2	0.8639223648204515	2.6461338311476315	27.766666666666666	59
699	conventional	60	4	4	0.7828502149969171	1.4394299426721227	25.766666666666666	58
700	holistic	60	2	2	0.8442314873400566	2.0478224245086203	26.766666666666666	58
700	conventional	60	0	0	0.8537379156859458	3.2436504739256726	26.766666666666666	59
701	holistic	60	0	0	0.8613349301306025	1.997832456268151	27.766666666666666	59
701	conventional	60	3	3	0.8380023498414021	2.2479445635703024	26.7	58
702	holistic	60	2	2	0.8258304585150105	2.010034928466435	26.766666666666666	55
702	conventional	60	0	0	0.8772522110723454	1.7498734714757826	27.7	59
703	holistic	60	1	1	0.9747313921871471	5.9118087605644325	27.7	56
703	conventional	60	2	2	0.8860078576533201	1.886999573262092	26.7	58
704	holistic	60	0	0	0.9602132020948713	5.402882875178066	28.7	57
704	conventional	60	0	0	0.8839572543460825	1.7830876327650138	27.7	59
705	holistic	60	1	1	0.940496459853539	4.901514513494932	29.366666666666667	58
705	conventional	60	4	4	0.7971086218257891	1.4919304402819056	24.7	52
706	holistic	60	0	0	1.0090492238704052	4.6485074912799575	30.366666666666667	59
706	conventional	60	1	1	0.852789108887414	3.2921777977853184	25.683333333333334	53
707	holistic	60	1	1	0.91391324953868	4.097648329752739	30.366666666666667	59
707	conventional	60	0	0	0.9093908505376364	2.2993880084341125	26.683333333333334	54
708	holistic	60	2	2	0.8983842515183273	3.733730496329219	29.366666666666667	59
708	conventional	60	0	0	0.8958827387258881	2.2957756803183176	27.683333333333334	55
709	holistic	60	1	1	0.896405060570231	3.7576932240410943	29.366666666666667	58
709	conventional	60	1	1	0.9223096050634872	2.290687620262602	28.4	56
710	holistic	60	0	0	0.9989812152933426	5.926899824812381	30.366666666666667	59
710	conventional	60	1	1	0.9062264720866814	2.0920388133069148	29.383333333333333	57
711	holistic	60	2	2	0.921651375031479	3.9027150905416286	30.316666666666666	58
711	conventional	60	0	0	0.8769580062658416	1.7909109155806064	30.383333333333333	58
712	holistic	60	0	0	0.9674826917184727	3.8019577737582564	31.316666666666666	59
712	conventional	60	1	1	0.8957531516902211	1.8427010958010661	31.35	59
713	holistic	60	1	1	0.9322279568118271	3.6304243483332868	31.316666666666666	59
713	conventional	60	1	1	0.8912250472816182	2.3016469442613507	31.35	59
714	holistic	60	2	2	0.9250923463635863	3.3201153012144524	30.983333333333334	58
714	conventional	60	1	1	0.8324159243921297	1.3855455275687827	31.35	57
715	holistic	60	0	0	1.0274630069249582	3.212039002261957	31.983333333333334	59
715	conventional	60	0	0	0.9243136431431185	3.302872966231486	32.35	58
716	holistic	60	2	2	0.9933892716804777	3.4569549373906163	31.716666666666665	59
716	conventional	60	0	0	0.9256905267820685	2.31458203954567	33.35	59
717	holistic	60	1	1	0.9759023950029742	3.956939556430086	31.716666666666665	58
717	conventional	60	1	1	0.9133803500989028	1.8528743369106053	33.35	58
718	holistic	60	0	0	0.990291691036027	3.2071818069351847	32.71666666666667	59
718	conventional	60	0	0	0.8793983636182999	1.73598352661736	34.35	59
719	holistic	60	2	2	0.9309115606723833	3.0830268772650213	31.716666666666665	59
719	conventional	60	1	1	0.8547768534370357	1.6632171573079577	34.35	59
720	holistic	60	3	3	1.00241934936967	3.016934746313878	31.583333333333332	59
720	conventional	60	3	3	0.8507367565249976	1.560006190426726	34.28333333333333	59
721	holistic	60	1	1	1.0192609845681655	3.2567154889038643	31.583333333333332	58
721	conventional	60	2	2	0.9184645833856842	5.336892884125494	33.28333333333333	59
722	holistic	60	0	0	1.0614198887441575	3.1046174152861394	32.583333333333336	59
722	conventional	60	2	2	0.8717127382765241	4.347851610753092	32.28333333333333	58
723	holistic	60	1	1	1.0166131376829015	2.9994271973759035	32.583333333333336	59
723	conventional	60	0	0	0.983483245570812	6.2604005397547695	33.28333333333333	59
724	holistic	60	6	6	0.9409130548371751	2.8591107098500106	27.583333333333332	57
724	conventional	60	3	3	0.8658597183837802	3.762511332799988	32.233333333333334	59
725	holistic	60	0	0	1.0686684554453372	3.99096099491608	28.583333333333332	58
725	conventional	60	3	3	0.8744900157167999	2.5972387816352405	30.233333333333334	59
726	holistic	60	0	0	1.024829111584504	2.862249887851594	29.583333333333332	59
726	conventional	60	5	5	0.8163598235297516	2.0301047529958933	27.216666666666665	58
727	holistic	60	1	1	1.0125590868597354	2.862991424435719	29.583333333333332	59
727	conventional	60	2	2	0.8363528279722103	1.964422816347328	28.1	59
728	holistic	60	5	5	1.023434162896312	2.902577812117319	28.316666666666666	59
728	conventional	60	1	1	0.9073765146242334	2.2753837967370556	28.1	59
729	holistic	60	4	4	1.0170358336348262	2.904738313509472	25.316666666666666	55
729	conventional	60	2	2	0.9376772520745995	3.3106709244040524	28.05	59
730	holistic	60	0	0	0.9568383105766929	2.758851712994432	26.316666666666666	56
730	conventional	60	2	2	0.9079475464779908	5.300186141438178	27.05	58
731	holistic	60	1	1	0.9610465017679062	2.731296332755232	27.266666666666666	57
731	conventional	60	2	2	0.9480464674288523	4.640499346577333	27.716666666666665	59
732	holistic	60	1	1	0.9822750595248378	2.6705718086122228	28.2	58
732	conventional	60	3	3	1.0727261497698344	4.555921753769001	27.633333333333333	58
733	holistic	60	0	0	0.991500678455618	2.580793971978155	29.2	59
733	conventional	60	0	0	1.0032390993308522	3.5113778120240142	28.633333333333333	59
734	holistic	60	1	1	0.994779993939432	2.5589400213742928	29.2	59
734	conventional	60	3	3	0.9395573844871197	2.8149841852592314	27.6	59
735	holistic	60	2	2	0.9760402334731285	2.5403659613821543	29.1	59
735	conventional	60	2	2	0.9865073144244861	3.22906779955422	26.6	59
736	holistic	60	2	2	0.9312261269537001	2.4624616650230715	28.966666666666665	58
736	conventional	60	1	1	0.9463822752967468	3.2462720545213637	26.6	59
737	holistic	60	0	0	0.9350224677458636	2.3893970453088613	29.966666666666665	59
737	conventional	60	2	2	0.8565277607516131	2.530232244242079	25.6	59
738	holistic	60	2	2	0.933868309655992	2.3196459704440993	29.916666666666668	59
738	conventional	60	2	2	0.8997477097693636	2.4218578296891984	25.533333333333335	58
739	holistic	60	3	3	0.9032603492144957	2.3348555452025876	27.916666666666668	59
739	conventional	60	1	1	0.8346143618300019	2.4910702806332914	26.466666666666665	59
740	holistic	60	5	5	0.8765812494843355	2.349792490717573	24.85	59
740	conventional	60	1	1	0.9059859111801132	2.3925481834574676	26.466666666666665	59
741	holistic	60	4	4	0.8675429448497435	2.4500746915903377	23.516666666666666	59
741	conventional	60	1	1	0.9002267187262551	2.68586589916695	26.466666666666665	59
742	holistic	60	1	1	0.9331758516127365	2.9553119094541587	23.516666666666666	58
742	conventional	60	2	2	0.8714298930585955	2.236992127889357	26.216666666666665	59
743	holistic	60	0	0	0.9145921326646186	2.4488661599984702	24.516666666666666	59
743	conventional	60	2	2	0.845750710804377	2.242584257866341	26.183333333333334	57
744	holistic	60	3	3	0.9675120614497565	3.549916027357727	24.25	58
744	conventional	60	1	1	0.9447004614256882	2.2454952119015594	27.116666666666667	58
745	holistic	60	0	0	1.0231135985001572	3.9133901137829867	25.25	59
745	conventional	60	0	0	0.9321840799578134	2.0750457527382746	28.116666666666667	59
746	holistic	60	1	1	1.0141465482648748	4.909360086229583	25.25	59
746	conventional	60	1	1	0.8828117356735086	2.1028935656971472	28.116666666666667	58
747	holistic	60	1	1	1.0858815515225717	4.874981969596374	25.25	59
747	conventional	60	2	2	0.8667962476149957	2.006146892452757	28.8	59
748	holistic	60	2	2	1.0745156563077778	4.162113932889131	25.183333333333334	57
748	conventional	60	1	1	0.9783400549237906	3.4881525218468257	28.8	59
749	holistic	60	0	0	1.0982673364238518	3.9194195769372215	26.183333333333334	58
749	conventional	60	2	2	0.994660874967515	2.9936912849031234	27.8	58
750	holistic	60	0	0	1.093289196444539	3.4207357119749466	27.183333333333334	59
750	conventional	60	1	1	1.0225651902284234	3.248175960196439	28.333333333333332	59
751	holistic	60	1	1	1.1207622067001979	3.7790138537620472	27.183333333333334	58
751	conventional	60	2	2	1.0890956416134623	8.685039085800682	27.333333333333332	59
752	holistic	60	1	1	1.0989936598447452	3.532664270288249	28.116666666666667	59
752	conventional	60	1	1	1.066111345666297	4.161311611491841	27.333333333333332	59
753	holistic	60	2	2	1.1024227412140095	4.4617699515066755	27.116666666666667	59
753	conventional	60	2	2	1.0775756742100717	3.0025170981153213	27.3	58
754	holistic	60	2	2	1.1185862460555014	4.214899823568758	26.116666666666667	59
754	conventional	60	0	0	1.008558216803492	2.174271424982122	28.3	59
755	holistic	60	1	1	1.1147290403824683	3.823619397740537	26.116666666666667	59
755	conventional	60	2	2	0.977559750214178	2.2760016731171953	28.266666666666666	59
756	holistic	60	2	2	1.0755278751061075	3.6716117885770814	26.05	57
756	conventional	60	1	1	1.0262467120674283	2.0114982572677262	28.266666666666666	59
757	holistic	60	0	0	1.229068831530416	3.932910448121971	27.05	58
757	conventional	60	2	2	0.950426284334838	1.8834977749203818	27.266666666666666	59
758	holistic	60	0	0	1.228411686266257	3.480961357458288	28.05	59
758	conventional	60	2	2	0.9031346529277081	1.920400679051356	26.7	59
759	holistic	60	1	1	1.1898867769350294	3.442519379187836	28.05	59
759	conventional	60	4	4	0.9843075013462042	3.3184673551569555	25.383333333333333	58
760	holistic	60	2	2	1.152803458528284	3.4018902178144006	27.933333333333334	58
760	conventional	60	1	1	0.9784513509978267	3.3131189191962216	26.35	59
761	holistic	60	0	0	1.1721727517903566	3.4320524958593035	28.933333333333334	59
761	conventional	60	4	4	0.9666956516980079	1.9817281477154989	24.316666666666666	58
762	holistic	60	2	2	1.1397915853977336	3.404097092394754	27.933333333333334	59
762	conventional	60	0	0	1.0078719289788511	3.2213205884549523	25.316666666666666	59
763	holistic	60	1	1	1.1691068443881616	4.969895258889393	27.933333333333334	58
763	conventional	60	3	3	0.9189228964802395	1.7856831681593515	24.283333333333335	58
764	holistic	60	0	0	1.2242427423027316	4.89904035136388	28.933333333333334	59
764	conventional	60	2	2	0.9205444260049555	1.8158174229929076	25.183333333333334	59
765	holistic	60	1	1	1.1954473064109918	3.623089919760286	28.933333333333334	58
765	conventional	60	4	4	0.9219018618990281	3.5870846186596874	23.15	59
766	holistic	60	1	1	1.195064146024371	3.9573661826519	29.866666666666667	59
766	conventional	60	2	2	1.0018144623512375	3.600779780313262	23.116666666666667	54
767	holistic	60	1	1	1.1838047950578168	3.5591351190330927	29.866666666666667	59
767	conventional	60	1	1	1.1870735721816594	6.765247450882924	24.05	55
768	holistic	60	1	1	1.1963541119730225	3.4481398060730175	29.866666666666667	59
768	conventional	60	0	0	1.076643604570165	4.604964043253922	25.05	56
769	holistic	60	2	2	1.1793683916844178	3.309555570486658	29.4	58
769	conventional	60	1	1	0.9957127216945001	3.3695583733361025	26.016666666666666	57
770	holistic	60	0	0	1.2059465199132198	3.45892202680072	30.4	59
770	conventional	60	0	0	1.1334618910466054	2.7536069880124683	27.016666666666666	58
771	holistic	60	2	2	1.153416983439481	3.403577761192292	29.4	58
771	conventional	60	0	0	1.1512112558366565	3.0058436916064566	28.016666666666666	59
772	holistic	60	0	0	1.2086373424896164	3.5590950489425084	30.4	59
772	conventional	60	1	1	1.0971171585213917	2.6207842685813056	28.016666666666666	58
773	holistic	60	1	1	1.2182539547316158	3.321193310109905	30.4	59
773	conventional	60	0	0	1.075758585589795	2.573304958454533	29.016666666666666	59
774	holistic	60	2	2	1.3067198942071812	8.849365684648681	29.4	57
774	conventional	60	1	1	1.0511486641965722	2.2052610559534442	29.016666666666666	54
775	holistic	60	0	0	1.3249144025927428	5.40506955363209	30.4	58
775	conventional	60	0	0	1.0454946655858655	2.1136474508281244	30.016666666666666	55
776	holistic	60	0	0	1.3213756993215429	3.601332219470406	31.4	59
776	conventional	60	0	0	1.0832025504665068	2.698656351244913	31.016666666666666	56
777	holistic	60	3	3	1.2368744813581294	3.3254136407864667	31.133333333333333	58
777	conventional	60	0	0	1.0706885773052455	1.9934754959317864	32.016666666666666	57
778	holistic	60	0	0	1.3032127381570355	3.2546480615723365	32.13333333333333	59
778	conventional	60	0	0	1.0955875500498589	1.8249122389786898	33.016666666666666	58
779	holistic	60	2	2	1.2850491797655106	3.218492764484987	31.133333333333333	59
779	conventional	60	0	0	1.0961459233431754	1.8031485950379824	34.016666666666666	59
780	holistic	60	2	2	1.2714354000259456	3.210347024994272	30.133333333333333	59
780	conventional	60	3	3	1.0136087840351027	1.6723775925439794	32.016666666666666	58
781	holistic	60	1	1	1.3202202356864665	4.97185577046567	30.133333333333333	58
781	conventional	60	0	0	0.9994781434182802	1.7250476452256072	33.016666666666666	59
782	holistic	60	0	0	1.3405898598358894	3.451020212777956	31.133333333333333	59
782	conventional	60	2	2	0.9979920201413329	1.7762624813945258	32.983333333333334	58
783	holistic	60	1	1	1.3076923845503488	3.418391792326527	31.133333333333333	59
783	conventional	60	0	0	1.0181423623260433	1.7128716344862482	33.983333333333334	59
784	holistic	60	3	3	1.2441641786435225	3.405955212838889	29.133333333333333	57
784	conventional	60	3	3	0.995008933547619	1.7564036082564105	32.95	59
785	holistic	60	0	0	1.2654041693133968	3.3452661867366844	30.133333333333333	58
785	conventional	60	3	3	0.9606915643337667	1.7505569267534657	31.9	59
786	holistic	60	0	0	1.294030858929316	3.3110489331779625	31.133333333333333	59
786	conventional	60	3	3	1.0910176619126744	2.2788379944163504	29.9	59
787	holistic	60	1	1	1.2807504957424125	3.441154973281763	31.133333333333333	59
787	conventional	60	1	1	1.0687515882058103	2.2780879211671055	29.9	59
788	holistic	60	3	3	1.213397681765148	3.4493422462612178	30.066666666666666	59
788	conventional	60	2	2	1.092962927895354	4.329164381769458	29.866666666666667	58
789	holistic	60	3	3	1.1781895378814626	3.5039469878258696	28.066666666666666	58
789	conventional	60	0	0	1.1455687245997999	5.259966254887502	30.866666666666667	59
790	holistic	60	0	0	1.2607964916856564	3.989259091146538	29.066666666666666	59
790	conventional	60	1	1	1.063509943288273	3.7820488158702235	30.866666666666667	59
791	holistic	60	2	2	1.229926268905441	3.4355367638461303	29.0	57
791	conventional	60	1	1	1.0240447572217437	2.5639830058968927	30.866666666666667	59
792	holistic	60	0	0	1.2401390924910372	3.442172846420741	30.0	58
792	conventional	60	4	4	1.0110587364048684	3.3619110148011146	29.666666666666668	58
793	holistic	60	0	0	1.2306559369438717	3.42926055698112	31.0	59
793	conventional	60	0	0	1.1328361934700795	5.2916862747660875	30.666666666666668	59
794	holistic	60	1	1	1.2299354930302322	3.3789640009676614	31.0	59
794	conventional	60	3	3	1.027427526795322	2.7354723807465526	29.633333333333333	59
795	holistic	60	3	3	1.218992618599097	3.332157791195822	30.866666666666667	59
795	conventional	60	1	1	1.0569072177851309	3.618126247483554	29.633333333333333	59
796	holistic	60	1	1	1.293119523960517	3.285794272908521	30.866666666666667	58
796	conventional	60	1	1	1.0186089055442171	2.660578639049695	29.633333333333333	59
797	holistic	60	1	1	1.2794008827457364	3.4271630656980694	31.733333333333334	59
797	conventional	60	2	2	0.9073545079048856	2.36013942031262	28.633333333333333	59
798	holistic	60	1	1	1.2736704620611456	3.2607890253488123	31.733333333333334	59
798	conventional	60	3	3	0.973592344036303	2.1948447456718694	27.516666666666666	59
799	holistic	60	3	3	1.234048823366397	3.4347124766761734	29.733333333333334	59
799	conventional	60	3	3	0.9867098282546682	2.1293254661579297	27.366666666666667	57
800	holistic	60	4	4	1.225523966807841	3.728972319052172	26.733333333333334	59
800	conventional	60	0	0	1.001918937160902	1.977230790003792	28.366666666666667	58
801	holistic	60	3	3	1.2342420251703516	3.5910871699112605	24.733333333333334	59
801	conventional	60	2	2	1.0012076940153831	1.9349254051518898	29.266666666666666	59
802	holistic	60	1	1	1.184231072498441	3.4117067517943567	24.733333333333334	58
802	conventional	60	3	3	1.013669143534811	1.8366533705112902	29.15	59
803	holistic	60	1	1	1.2413417013987897	4.177723637203236	25.666666666666668	59
803	conventional	60	2	2	0.9667901015305903	1.7498943386822006	28.15	57
804	holistic	60	3	3	1.162039599271535	4.368645242237817	24.65	58
804	conventional	60	2	2	0.945974104753758	2.5293841329409785	29.05	58
805	holistic	60	1	1	1.3041652454172719	4.322422578464983	25.583333333333332	59
805	conventional	60	1	1	0.9552001902714343	2.5657689472948584	30.016666666666666	59
806	holistic	60	1	1	1.2362364069160774	4.2894769966085615	25.583333333333332	59
806	conventional	60	1	1	0.9852071870047765	2.3133811959598884	30.016666666666666	59
807	holistic	60	2	2	1.2160898523948833	4.090232402362612	25.466666666666665	59
807	conventional	60	2	2	0.9442864561070046	1.776695825756482	29.016666666666666	59
808	holistic	60	1	1	1.2869467471159948	4.874032649916498	25.466666666666665	57
808	conventional	60	1	1	0.9883312316989071	3.749573035469264	29.016666666666666	59
809	holistic	60	1	1	1.2522852614656672	4.4245731098241645	26.4	58
809	conventional	60	2	2	0.9449389736713368	1.772071800913482	28.016666666666666	59
810	holistic	60	1	1	1.242139179008068	4.989076772098744	27.333333333333332	59
810	conventional	60	2	2	0.9220250882744867	1.7151345109922662	27.95	59
811	holistic	60	2	2	1.1866257445067467	4.857534525191182	27.266666666666666	58
811	conventional	60	2	2	0.9149134958035966	1.547733780329737	27.816666666666666	59
812	holistic	60	0	0	1.2431218425172303	4.743593588255092	28.266666666666666	59
812	conventional	60	1	1	0.9010081460616778	1.7136473153002887	27.816666666666666	59
813	holistic	60	1	1	1.2339079552591719	4.918770770777627	28.266666666666666	59
813	conventional	60	2	2	1.007163934559262	1.7479984503565023	27.75	58
814	holistic	60	2	2	1.1890446897329903	5.022909308307024	27.266666666666666	59
814	conventional	60	0	0	0.987768481823234	1.532663591385375	28.75	59
815	holistic	60	1	1	1.186517747523807	4.966829663256571	27.266666666666666	59
815	conventional	60	3	3	0.9719901137085227	1.78822313926489	27.716666666666665	59
816	holistic	60	3	3	1.1526557202251089	4.820824124524598	25.95	57
816	conventional	60	1	1	0.9705472936047932	2.4225606587588797	27.716666666666665	59
817	holistic	60	1	1	1.3054052858232572	5.372871422803581	26.883333333333333	58
817	conventional	60	1	1	0.9930530024518274	2.554831701637205	27.716666666666665	59
818	holistic	60	0	0	1.2615356886693323	4.5273009793482855	27.883333333333333	59
818	conventional	60	2	2	1.0265797593503703	3.1630807604829796	27.666666666666668	59
819	holistic	60	2	2	1.2229827912606674	4.503978464317391	27.75	59
819	conventional	60	4	4	0.9826306696620484	2.3870919689673995	25.6	59
820	holistic	60	3	3	1.245065212345114	4.520934593353263	26.216666666666665	58
820	conventional	60	2	2	0.9948625706792023	4.19413847866911	25.483333333333334	59
821	holistic	60	0	0	1.3022797845660905	4.422739713277466	27.216666666666665	59
821	conventional	60	2	2	0.9527682699812272	2.2123299474289864	25.45	58
822	holistic	60	1	1	1.303441353331963	4.331745468678054	27.216666666666665	59
822	conventional	60	1	1	0.9952082895031981	2.867137221147378	26.4	59
823	holistic	60	1	1	1.2505525100288604	4.388454503896528	27.216666666666665	58
823	conventional	60	2	2	0.9179068007207332	2.211118723417238	26.35	59
824	holistic	60	1	1	1.2400256198621507	4.405975259065126	28.15	59
824	conventional	60	4	4	0.9265718173075581	2.805800228277428	26.2	59
825	holistic	60	1	1	1.2676073742063925	4.391240637349704	28.15	59
825	conventional	60	4	4	0.9550109810240862	2.527764088061852	23.2	59
826	holistic	60	1	1	1.1981306726508125	4.4398347792595185	28.15	59
826	conventional	60	3	3	0.9148428320250814	2.3445127709806317	22.1	57
827	holistic	60	2	2	1.2167393394553934	4.455340822139554	28.066666666666666	59
827	conventional	60	1	1	0.9616956018234463	3.337625149962621	23.05	58
828	holistic	60	1	1	1.2383217302325442	4.470794043056591	28.066666666666666	57
828	conventional	60	0	0	0.8910320057542835	2.0955974559250823	24.05	59
829	holistic	60	1	1	1.2405916477210048	4.3970520994710975	28.866666666666667	58
829	conventional	60	4	4	0.832391938423046	1.8105277037142504	23.883333333333333	57
830	holistic	60	0	0	1.28949462600757	4.49709257298089	29.866666666666667	59
830	conventional	60	0	0	0.911798910745161	3.2585734493049197	24.883333333333333	58
831	holistic	60	3	3	1.21358331229967	4.452669038401737	28.8	58
831	conventional	60	1	1	0.89405957911886	1.7539825329599255	25.683333333333334	59
832	holistic	60	1	1	1.3457809406690169	5.988786553773791	29.733333333333334	59
832	conventional	60	3	3	0.8540036707353313	1.826246063286384	25.483333333333334	58
833	holistic	60	1	1	1.2919989661337996	4.373364874453427	29.733333333333334	59
833	conventional	60	0	0	0.9252190070028363	2.682922511912005	26.483333333333334	59
834	holistic	60	2	2	1.2986316508271232	4.361330290964403	28.733333333333334	57
834	conventional	60	1	1	0.8867716320664146	1.6793688016952342	26.483333333333334	54
835	holistic	60	0	0	1.3299759784741627	4.901563077082973	29.733333333333334	58
835	conventional	60	1	1	0.8695317000683799	1.8369051174776918	27.433333333333334	55
836	holistic	60	0	0	1.281724528690826	4.147461182429981	30.733333333333334	59
836	conventional	60	1	1	0.8667676181315181	1.7394523868543814	28.366666666666667	56
837	holistic	60	3	3	1.2308739364075612	4.165288036579516	28.733333333333334	58
837	conventional	60	0	0	0.8800125435964632	2.5949455615595083	29.366666666666667	57
838	holistic	60	1	1	1.2089522928628056	4.160686229761308	29.666666666666668	59
838	conventional	60	1	1	0.868639251111209	2.0418057266796805	30.316666666666666	58
839	holistic	60	2	2	1.2234797032210885	4.131737947997689	28.666666666666668	59
839	conventional	60	0	0	0.8510279462750615	1.4495651650773678	31.316666666666666	59
840	holistic	60	2	2	1.1493385989284635	4.148798859704603	27.666666666666668	59
840	conventional	60	2	2	0.8154965637331074	1.5232560879583663	30.316666666666666	56
841	holistic	60	1	1	1.1586674196327489	4.187718023830318	27.666666666666668	58
841	conventional	60	0	0	0.8168640563650581	1.3591701742688564	31.316666666666666	57
842	holistic	60	1	1	1.2223673953593448	4.1399800763733205	28.533333333333335	59
842	conventional	60	1	1	0.8060455765761162	1.3484804429063664	32.28333333333333	58
843	holistic	60	1	1	1.2413523663623722	4.051626700595178	28.533333333333335	59
843	conventional	60	1	1	0.8208874591838671	1.4813544390499944	33.233333333333334	59
844	holistic	60	4	4	1.2015827155995593	4.0295403501411275	27.35	56
844	conventional	60	2	2	0.7450444890185756	1.5161603253758402	32.233333333333334	59
845	holistic	60	0	0	1.2744069008074346	4.066990048233587	28.35	57
845	conventional	60	4	4	0.7948649902988673	3.26343580616626	30.216666666666665	59
846	holistic	60	0	0	1.2416312388732809	4.004871245629884	29.35	58
846	conventional	60	2	2	0.7614642311926549	2.266712057158904	29.216666666666665	59
847	holistic	60	1	1	1.2922318013568401	4.0038989836337215	30.3	59
847	conventional	60	2	2	0.8180903930947422	2.267078382064048	29.183333333333334	59
848	holistic	60	2	2	1.3781317140940341	5.944487353545823	29.3	59
848	conventional	60	1	1	0.9180433556677289	3.280650817423626	29.183333333333334	58
849	holistic	60	2	2	1.254476229171828	4.0185784802074105	28.3	55
849	conventional	60	1	1	0.8037874317646078	1.667612282982483	30.133333333333333	59
850	holistic	60	0	0	1.3277947752690742	4.016923540659677	29.3	56
850	conventional	60	1	1	0.8619435482621308	2.4338351016264643	30.133333333333333	58
851	holistic	60	0	0	1.3108032977550903	3.944572846738999	30.3	57
851	conventional	60	1	1	0.8269826053672193	2.269532638106244	31.116666666666667	59
852	holistic	60	1	1	1.2937821308649264	3.94423168705326	31.233333333333334	58
852	conventional	60	4	4	0.7503465576256737	2.2705706095961573	29.016666666666666	58
853	holistic	60	1	1	1.2904112693906085	3.961254469857524	32.166666666666664	59
853	conventional	60	0	0	0.8800311246460119	2.441241034270143	30.016666666666666	59
854	holistic	60	1	1	1.3149468105266047	3.9772030152774547	32.166666666666664	59
854	conventional	60	2	2	0.8243050463551499	2.168671334487443	29.016666666666666	58
855	holistic	60	4	4	1.1873378013928724	3.108285020374742	30.116666666666667	59
855	conventional	60	1	1	0.8498194605363182	1.9769366191559865	30.0	59
856	holistic	60	1	1	1.3859279591525178	8.981697270559257	30.116666666666667	58
856	conventional	60	1	1	0.8741499309851432	3.3333251825913286	30.0	59
857	holistic	60	0	0	1.3452812076725151	5.484085067559987	31.116666666666667	59
857	conventional	60	2	2	0.9035680521930005	4.345323222647481	29.0	58
858	holistic	60	2	2	1.2420732322707593	3.648250792298892	31.05	59
858	conventional	60	1	1	0.8570770150216708	3.3765179493707747	29.983333333333334	59
859	holistic	60	2	2	1.2067878399114347	3.4818582018376594	30.05	59
859	conventional	60	3	3	0.7786758046491529	2.0978716660128307	28.95	57
860	holistic	60	3	3	1.1714689570377104	3.0824323276207948	28.05	59
860	conventional	60	2	2	0.8109740439324107	2.1442969967689494	29.816666666666666	58
861	holistic	60	2	2	1.2081790952986617	3.452532316679991	27.05	59
861	conventional	60	0	0	0.831313849736888	2.512346316319293	30.816666666666666	59
862	holistic	60	1	1	1.1899230649139771	3.2873402625089247	27.05	58
862	conventional	60	4	4	0.8088803205410798	2.203288027479654	28.766666666666666	58
863	holistic	60	0	0	1.2033354446047229	3.2485588863641013	28.05	59
863	conventional	60	0	0	0.8646541958578181	1.84396941073811	29.766666666666666	59
864	holistic	60	4	4	1.1324450978513512	3.20816353369091	25.983333333333334	57
864	conventional	60	2	2	0.8226930641168576	1.8300251584455374	28.766666666666666	59
865	holistic	60	0	0	1.219045438019298	3.3799513827254883	26.983333333333334	58
865	conventional	60	2	2	0.7902703293046329	2.04637546194528	28.716666666666665	58
866	holistic	60	0	0	1.2266572998163647	3.6347176686415774	27.983333333333334	59
866	conventional	60	1	1	0.8339826439572972	2.130747448318635	29.683333333333334	59
867	holistic	60	1	1	1.2566760184339567	3.9690492653790534	27.983333333333334	59
867	conventional	60	3	3	0.8687379951947772	3.274241365581889	28.633333333333333	59
868	holistic	60	2	2	1.2514976282249792	3.7746150442993867	27.916666666666668	59
868	conventional	60	1	1	0.877372323107574	2.459534097015931	28.633333333333333	59
869	holistic	60	1	1	1.2817397900094933	3.8687305602416906	27.916666666666668	59
869	conventional	60	2	2	0.8754253798897916	2.5197411828515373	28.6	59
870	holistic	60	2	2	1.2884101589624566	4.027728030937348	27.816666666666666	59
870	conventional	60	3	3	0.8560476535754139	2.0693919668671694	27.583333333333332	59
871	holistic	60	1	1	1.3070237193623784	4.249123859182043	27.816666666666666	57
871	conventional	60	2	2	0.8666846753842915	1.8137095455665349	26.583333333333332	59
872	holistic	60	0	0	1.3888662723399505	4.262544083569964	28.816666666666666	58
872	conventional	60	1	1	0.8770106283388874	1.9856181473027668	26.583333333333332	57
873	holistic	60	0	0	1.3351492539870835	4.164656892685312	29.816666666666666	59
873	conventional	60	1	1	0.8277116309238489	1.6448390157259565	27.55	58
874	holistic	60	3	3	1.3118730842305901	4.070986109131625	28.75	59
874	conventional	60	1	1	0.8963620407096182	3.2648240779806814	28.516666666666666	59
875	holistic	60	2	2	1.3661676614736527	4.022589992875298	28.616666666666667	59
875	conventional	60	1	1	0.839628489301256	1.868285500104649	28.516666666666666	59
876	holistic	60	3	3	1.331282835613558	4.119257306986383	26.616666666666667	57
876	conventional	60	2	2	0.8492025917753421	2.3010011304373745	28.433333333333334	59
877	holistic	60	0	0	1.3824027178144218	4.091818513406463	27.616666666666667	58
877	conventional	60	1	1	0.8400164951964519	1.8283497575826142	28.433333333333334	59
878	holistic	60	0	0	1.4121836397371144	4.6118052992415794	28.616666666666667	59
878	conventional	60	2	2	0.8084934041716016	1.6104949884036328	28.4	59
879	holistic	60	2	2	1.3499985522785676	4.365951451058114	27.616666666666667	59
879	conventional	60	3	3	0.8922046701330326	3.3217973241719645	28.2	58
880	holistic	60	2	2	1.3098587736919414	4.3727355119993705	26.616666666666667	57
880	conventional	60	0	0	0.8560759722285162	1.8611864044468955	29.2	59
881	holistic	60	0	0	1.3999859152081156	4.940137111883677	27.616666666666667	58
881	conventional	60	3	3	0.8040992076046997	1.6783083178285902	28.15	57
882	holistic	60	1	1	1.3562781166525002	4.368298051236745	28.483333333333334	59
882	conventional	60	2	2	0.7916136732727896	1.5671529766837273	29.083333333333332	58
883	holistic	60	2	2	1.3927447214702735	4.393735982659634	28.416666666666668	59
883	conventional	60	0	0	0.8295254297277934	1.8106042086335985	30.083333333333332	59
884	holistic	60	1	1	1.3109906991174562	4.347509291043454	28.416666666666668	59
884	conventional	60	3	3	0.7756581389876932	1.8692186967528337	29.0	59
885	holistic	60	1	1	1.349905752559359	4.372305854912996	28.416666666666668	59
885	conventional	60	6	6	0.7529797829490659	1.3454742458755147	25.883333333333333	59
886	holistic	60	1	1	1.2877343344619978	4.3445740737196274	28.416666666666668	59
886	conventional	60	3	3	0.6073162173038852	1.285732693513826	24.766666666666666	57
887	holistic	60	2	2	1.2148048559707736	3.36816670821754	28.35	58
887	conventional	60	4	4	0.7119311114767177	1.9940528771715862	25.65	58
888	holistic	60	0	0	1.2262690659137236	3.2582841238358164	29.35	59
888	conventional	60	1	1	0.8574161976562301	3.328922281878179	26.6	59
889	holistic	60	2	2	1.183066889880142	3.3792627570270226	29.283333333333335	58
889	conventional	60	4	4	0.7510246148759742	2.0016810789735997	24.566666666666666	58
890	holistic	60	0	0	1.2442430307436427	3.15075519513437	30.283333333333335	59
890	conventional	60	0	0	0.7348817086683898	2.576973255142278	25.566666666666666	59
891	holistic	60	3	3	1.2000757280403653	3.1996885285683145	28.283333333333335	59
891	conventional	60	1	1	0.8442681152739964	2.3297390613138913	25.566666666666666	59
892	holistic	60	2	2	1.3737795031221283	7.807597831384606	28.083333333333332	59
892	conventional	60	1	1	0.9264516525670754	2.215150242762827	25.566666666666666	58
893	holistic	60	2	2	1.344161788079333	5.77468186083623	27.55	56
893	conventional	60	1	1	0.8678511553772278	1.9899520273161817	26.533333333333335	59
894	holistic	60	0	0	1.3080458260864463	4.765970207896847	28.55	57
894	conventional	60	2	2	0.8956082172098139	4.315509641053055	26.5	58
895	holistic	60	1	1	1.340638102059064	4.275709104764132	29.416666666666668	58
895	conventional	60	0	0	0.8741378559137352	2.303457775540675	27.5	59
896	holistic	60	1	1	1.3556740737911002	4.195093860220634	30.333333333333332	59
896	conventional	60	1	1	0.8989585901839595	2.09388625298616	27.5	58
897	holistic	60	2	2	1.3453107819103427	3.625736023976908	29.333333333333332	59
897	conventional	60	0	0	0.878031053077269	1.914084764108462	28.5	59
898	holistic	60	1	1	1.3273793690259847	3.9397371169728514	29.333333333333332	59
898	conventional	60	1	1	0.8730580755005242	2.0401592638004455	28.5	56
899	holistic	60	2	2	1.2969838630827273	3.7055376285162627	28.333333333333332	59
899	conventional	60	0	0	0.9433896341243625	4.253469785296233	29.5	57
900	holistic	60	1	1	1.4109288598192786	5.760832303376859	28.333333333333332	59
900	conventional	60	0	0	0.9188668916392652	2.196086439294367	30.5	58
901	holistic	60	1	1	1.386118118727882	5.7624147019218395	28.333333333333332	59
901	conventional	60	1	1	0.9324578593033467	1.9538875981633537	31.383333333333333	59
902	holistic	60	1	1	1.421219736937119	6.0944689085136154	28.333333333333332	59
902	conventional	60	1	1	0.8755908174934243	1.778784252071784	31.383333333333333	59
903	holistic	60	1	1	1.382143405514084	4.718501650975868	28.333333333333332	59
903	conventional	60	2	2	0.8767056799408082	1.6329565804585973	31.35	59
904	holistic	60	3	3	1.3281654026067058	4.098454972170112	26.333333333333332	57
904	conventional	60	1	1	0.8877814750386942	2.2633676271227414	31.35	59
905	holistic	60	0	0	1.4808979652913594	5.869250590744839	27.333333333333332	58
905	conventional	60	3	3	0.8393155965264598	3.1990101560035793	29.35	58
906	holistic	60	1	1	1.4750326174850272	4.439333770408368	28.266666666666666	59
906	conventional	60	1	1	0.9279061499606729	3.197653070967829	30.3	59
907	holistic	60	1	1	1.4265495210172725	3.932753530349896	28.266666666666666	59
907	conventional	60	2	2	0.9100484291453588	2.542192943741744	29.3	59
908	holistic	60	1	1	1.4327790576010753	4.3886844381425165	28.266666666666666	59
908	conventional	60	1	1	0.9089505575533661	1.9902239479547221	29.3	59
909	holistic	60	1	1	1.3773074299710524	4.082432195242569	28.266666666666666	56
909	conventional	60	1	1	1.019590849992748	5.197870133508991	29.3	58
910	holistic	60	0	0	1.4561666760398169	4.913846093428891	29.266666666666666	57
910	conventional	60	0	0	0.9901973688495784	3.7380872959520755	30.3	59
911	holistic	60	2	2	1.4304977104015182	4.626046537172592	30.066666666666666	58
911	conventional	60	2	2	0.9068305123862787	3.2414739153154986	29.883333333333333	59
912	holistic	60	0	0	1.5092949454669946	4.569810196921047	31.066666666666666	59
912	conventional	60	4	4	0.8683094866392856	2.7424250857208374	26.883333333333333	57
913	holistic	60	1	1	1.4692751585293775	4.317291804471763	31.066666666666666	58
913	conventional	60	0	0	0.8384195850201868	2.2425988719382586	27.883333333333333	58
914	holistic	60	0	0	1.4635779234621362	4.047461066692278	32.06666666666667	59
914	conventional	60	1	1	0.8201959593114315	2.071039605585367	28.833333333333332	59
915	holistic	60	4	4	1.36685961420945	3.9251128031611247	29.066666666666666	59
915	conventional	60	2	2	0.8176635819830234	1.9526950744368727	28.783333333333335	59
916	holistic	60	1	1	1.495572925368991	3.9887540498927425	29.066666666666666	58
916	conventional	60	4	4	0.7723390376242475	1.795767631741983	28.016666666666666	57
917	holistic	60	0	0	1.4922652127770275	3.7752079890144614	30.066666666666666	59
917	conventional	60	1	1	0.8614935197435738	2.347398000547723	28.933333333333334	58
918	holistic	60	2	2	1.3954551746505348	3.7194194262106524	29.066666666666666	59
918	conventional	60	1	1	0.8761203088863835	3.8219019391601354	29.916666666666668	59
919	holistic	60	2	2	1.420220253150057	3.9679438723115097	28.066666666666666	59
919	conventional	60	4	4	0.8282400559376395	2.3206496261353724	28.75	59
920	holistic	60	2	2	1.3726099808580345	3.7815363413224214	27.066666666666666	59
920	conventional	60	2	2	0.8100705173814886	2.3782729593195286	27.75	58
921	holistic	60	1	1	1.3307140418187926	3.9604117954931484	27.066666666666666	59
921	conventional	60	2	2	0.9018353288738739	3.1703519122511303	28.366666666666667	59
922	holistic	60	1	1	1.3482543039030899	3.9575794081408264	27.066666666666666	58
922	conventional	60	3	3	0.9026039154435529	3.236434075268576	26.366666666666667	57
923	holistic	60	0	0	1.3441056118495023	3.876673721360728	28.066666666666666	59
923	conventional	60	0	0	0.9081373178197957	3.297565241233065	27.366666666666667	58
924	holistic	60	2	2	1.3146227068462382	3.730340090356356	27.066666666666666	56
924	conventional	60	0	0	0.8372585272602411	2.0651634104461856	28.366666666666667	59
925	holistic	60	0	0	1.4258245700294332	5.912506618458161	28.066666666666666	57
925	conventional	60	2	2	0.8739584515726014	2.0718042447121516	27.366666666666667	59
926	holistic	60	0	0	1.3391976297469559	3.769794120550476	29.066666666666666	58
926	conventional	60	1	1	0.8347010270945351	2.288611510298222	27.366666666666667	59
927	holistic	60	0	0	1.3251080626763747	3.7774197675457333	30.066666666666666	59
927	conventional	60	3	3	0.8712282803592475	3.3227644374250147	26.233333333333334	59
928	holistic	60	2	2	1.3234856768777525	3.651505775294209	29.066666666666666	59
928	conventional	60	1	1	0.8287820208653652	2.821052783946041	26.233333333333334	59
929	holistic	60	1	1	1.3095025240806593	3.63855369492314	29.066666666666666	59
929	conventional	60	2	2	0.8428178778130382	2.015636552758405	26.2	59
930	holistic	60	1	1	1.3497125993386268	3.5903775355287904	29.066666666666666	59
930	conventional	60	3	3	0.8305044993850521	2.4288770739438146	25.15	57
931	holistic	60	2	2	1.2750555975113367	3.525756627413486	28.466666666666665	57
931	conventional	60	0	0	0.8451583300241798	1.956012909129865	26.15	58
932	holistic	60	2	2	1.2943702382297657	3.6383406398372684	29.333333333333332	58
932	conventional	60	0	0	0.9976176648971091	3.274294019153651	27.15	59
933	holistic	60	1	1	1.443804557917287	7.731679533932588	30.083333333333332	59
933	conventional	60	1	1	0.9179542326675223	2.600452188618515	27.15	59
934	holistic	60	3	3	1.4004573295843135	4.966653206384188	29.033333333333335	59
934	conventional	60	1	1	0.8526465318854012	2.0143530363670026	27.15	59
935	holistic	60	3	3	1.3077226887795341	3.3161718907408604	27.966666666666665	59
935	conventional	60	4	4	0.8296437931606787	4.335689917530914	26.2	58
936	holistic	60	3	3	1.2316019640187028	3.3251892762126976	25.966666666666665	57
936	conventional	60	0	0	0.9058237354125284	3.811655840076222	27.2	59
937	holistic	60	0	0	1.295399637644175	3.4239921780413174	26.966666666666665	58
937	conventional	60	2	2	0.8622359488826625	4.302212617279795	27.166666666666668	59
938	holistic	60	0	0	1.2744498105996203	3.4120562766984586	27.966666666666665	59
938	conventional	60	3	3	0.8927920151281376	4.051336359553868	27.066666666666666	57
939	holistic	60	2	2	1.3043794394157553	3.383082501262794	27.9	59
939	conventional	60	0	0	0.9207023735738525	3.49832388906339	28.066666666666666	58
940	holistic	60	1	1	1.367420239465653	3.807762372612128	27.9	58
940	conventional	60	0	0	0.9387506602375247	2.960227597865797	29.066666666666666	59
941	holistic	60	0	0	1.436089904079616	6.325723728285658	28.9	59
941	conventional	60	2	2	0.8915256285187133	2.299980049673615	28.8	59
942	holistic	60	1	1	1.3545435610412893	4.509061269731275	28.9	59
942	conventional	60	2	2	0.9421089321943387	2.547354681497617	28.733333333333334	58
943	holistic	60	1	1	1.3182274131030962	3.822496924260798	28.9	59
943	conventional	60	2	2	0.9023801989232909	2.18488695174204	29.633333333333333	59
944	holistic	60	2	2	1.282893202137158	3.1261636217358975	28.833333333333332	58
944	conventional	60	3	3	0.9701044423928641	3.262551368493043	27.633333333333333	59
945	holistic	60	0	0	1.3099641980792818	3.095217206878294	29.833333333333332	59
945	conventional	60	3	3	0.8797800659488165	2.390672047290165	26.616666666666667	59
946	holistic	60	1	1	1.3121420812431337	3.416451192359763	29.833333333333332	59
946	conventional	60	1	1	0.9974662679067715	4.23686491457687	26.616666666666667	59
947	holistic	60	1	1	1.2939092331584563	3.256407583430901	29.833333333333332	58
947	conventional	60	2	2	0.9541575869433155	3.269188833887549	25.616666666666667	59
948	holistic	60	1	1	1.3564535116958154	3.3272187880049704	30.766666666666666	59
948	conventional	60	1	1	0.8935409070966179	2.917483326529363	25.616666666666667	59
949	holistic	60	2	2	1.3270772673675169	3.4833935945392027	29.766666666666666	58
949	conventional	60	5	5	0.7971370182070261	2.0156901380050147	23.5	56
950	holistic	60	0	0	1.3028447273896808	3.248959280034548	30.766666666666666	59
950	conventional	60	1	1	0.921706707130827	4.2831532052301515	24.466666666666665	57
951	holistic	60	2	2	1.29739712654095	3.92493921984404	29.766666666666666	59
951	conventional	60	0	0	0.921679231570676	2.2992680263592824	25.466666666666665	58
952	holistic	60	3	3	1.3134361308353906	4.309921321391756	28.7	59
952	conventional	60	0	0	0.9566035898506878	2.2858550619560902	26.466666666666665	59
953	holistic	60	2	2	1.2673275812498723	3.4783425377219643	27.7	57
953	conventional	60	1	1	0.9600874755340684	2.5896210498722967	26.466666666666665	59
954	holistic	60	0	0	1.3111420564565939	3.2201047939138734	28.7	58
954	conventional	60	1	1	0.9752166103444243	2.143730867330471	26.466666666666665	58
955	holistic	60	3	3	1.2959900102050799	3.3249837758169365	29.516666666666666	59
955	conventional	60	0	0	1.0223468782860003	4.124728559793073	27.466666666666665	59
956	holistic	60	1	1	1.291586446360469	3.353077366256135	29.516666666666666	59
956	conventional	60	2	2	0.9966080098287299	2.619074591031949	27.416666666666668	58
957	holistic	60	2	2	1.365553415167715	3.958962425383747	28.516666666666666	59
957	conventional	60	0	0	1.0765963433412353	3.1231489067736846	28.416666666666668	59
958	holistic	60	1	1	1.361048563578222	3.971376641494569	28.516666666666666	59
958	conventional	60	1	1	1.0768324422991709	4.11901013138624	28.416666666666668	56
959	holistic	60	2	2	1.3789810185657463	3.962408098847783	27.516666666666666	59
959	conventional	60	0	0	1.0588188418516482	3.519718545717187	29.416666666666668	57
960	holistic	60	1	1	1.3144526880573943	4.233954533278954	27.516666666666666	59
960	conventional	60	0	0	1.0327489152246023	2.95617722207019	30.416666666666668	58
961	holistic	60	2	2	1.3378942355684746	4.039067928033627	27.45	57
961	conventional	60	0	0	1.0251762790494585	2.4090361727343423	31.416666666666668	59
962	holistic	60	0	0	1.347222913027781	4.201476926948606	28.45	58
962	conventional	60	1	1	0.9830272441053325	2.2493150806139157	31.416666666666668	59
963	holistic	60	1	1	1.3758303333749338	4.561674554903481	29.383333333333333	59
963	conventional	60	2	2	0.9475365761305302	2.0127946464871513	31.333333333333332	59
964	holistic	60	3	3	1.26281465627504	4.7747113570212445	27.383333333333333	58
964	conventional	60	1	1	1.085182504837387	4.3268043373016285	31.333333333333332	59
965	holistic	60	1	1	1.4000147847758162	5.044750268869951	28.316666666666666	59
965	conventional	60	2	2	1.0378411557537082	4.328917100975254	30.333333333333332	58
966	holistic	60	1	1	1.4065926791944094	5.072413070067956	28.316666666666666	58
966	conventional	60	1	1	1.0919996491847999	3.334805539371524	31.266666666666666	59
967	holistic	60	0	0	1.5137202519018649	6.908066237297397	29.316666666666666	59
967	conventional	60	2	2	1.2222608588107868	6.29242125649792	30.266666666666666	59
968	holistic	60	1	1	1.4606831330455678	5.933588803507034	29.316666666666666	59
968	conventional	60	1	1	1.15843755389525	2.799918947325817	30.266666666666666	57
969	holistic	60	2	2	1.4377918224060202	6.920471447391502	29.25	58
969	conventional	60	1	1	1.0878201341866653	2.1364289282769886	31.233333333333334	58
970	holistic	60	0	0	1.510795962262572	5.336737349256492	30.25	59
970	conventional	60	1	1	1.1408848646182468	2.4483319216872523	31.8	59
971	holistic	60	2	2	1.4464470974224504	5.5236733841645105	29.25	58
971	conventional	60	2	2	1.091480274460909	2.02687887568424	31.766666666666666	59
972	holistic	60	1	1	1.416946616441824	5.24302450495489	30.183333333333334	59
972	conventional	60	1	1	1.032971719751395	2.0409237712666335	31.766666666666666	57
973	holistic	60	1	1	1.3804384211688079	5.143803029645958	30.183333333333334	58
973	conventional	60	0	0	1.1566566749228533	3.24894339492802	32.766666666666666	58
974	holistic	60	0	0	1.4700808460774897	5.164127862288557	31.183333333333334	59
974	conventional	60	0	0	1.1219044444185753	2.2229927449532356	33.766666666666666	59
975	holistic	60	5	5	1.3102815820462448	5.207474528059887	28.116666666666667	59
975	conventional	60	2	2	1.0664640601282733	2.076378117916412	32.766666666666666	59
976	holistic	60	1	1	1.3865208465715	5.065618053970029	28.116666666666667	58
976	conventional	60	3	3	1.1498449127313315	5.26425030667784	30.766666666666666	58
977	holistic	60	1	1	1.3343409414704588	4.9555055990141375	29.083333333333332	59
977	conventional	60	0	0	1.0930326090065174	2.7834213240527514	31.766666666666666	59
978	holistic	60	1	1	1.4092706440533291	6.089769491061152	29.083333333333332	59
978	conventional	60	1	1	1.0608108048285796	2.4001433675578743	31.766666666666666	59
979	holistic	60	3	3	1.343410012482528	5.3055544562617	28.016666666666666	59
979	conventional	60	4	4	0.9641406491273261	2.148993505303725	29.716666666666665	59
980	holistic	60	2	2	1.3205369613595381	5.03498105822969	27.016666666666666	59
980	conventional	60	4	4	0.9493140902510707	2.118234357316875	28.5	59
981	holistic	60	1	1	1.3727699168132825	4.992578226066155	27.016666666666666	59
981	conventional	60	2	2	1.4763036062700652	11.29994999960413	27.5	59
982	holistic	60	1	1	1.4712676089092647	5.9061989378636275	27.016666666666666	58
982	conventional	60	3	3	1.170543994110382	6.328787482874317	25.5	57
983	holistic	60	1	1	1.5506109937022727	7.381291404541052	27.95	59
983	conventional	60	0	0	1.2684566964742896	4.989218295816712	26.5	58
984	holistic	60	2	2	1.535131080457318	5.9164342239624945	26.95	55
984	conventional	60	1	1	1.2317691337640502	4.075686181180593	27.416666666666668	59
985	holistic	60	0	0	1.5345517101875923	5.429615374233976	27.95	56
985	conventional	60	2	2	1.12433587590565	3.1310650455298914	27.366666666666667	59
986	holistic	60	0	0	1.5102807095119741	5.120397508905965	28.95	57
986	conventional	60	2	2	1.073923902884501	3.0040535576801157	27.333333333333332	59
987	holistic	60	0	0	1.5022797855486816	4.595104001522408	29.95	58
987	conventional	60	2	2	1.0336728394770376	2.630839276612407	27.15	59
988	holistic	60	0	0	1.514942879024544	4.780111168905742	30.95	59
988	conventional	60	2	2	1.0991876258209083	2.349809342272864	26.983333333333334	59
989	holistic	60	1	1	1.512940606316523	4.676080771546474	30.95	59
989	conventional	60	1	1	1.1726146979673864	3.28325904271209	26.983333333333334	59
990	holistic	60	1	1	1.4914482018367707	4.5135773713575755	30.95	58
990	conventional	60	2	2	1.274552322618923	8.221695594901242	25.983333333333334	57
991	holistic	60	0	0	1.5029012092718894	4.482644869214116	31.95	59
991	conventional	60	0	0	1.2479422206828796	4.252645022629915	26.983333333333334	58
992	holistic	60	2	2	1.4716421669123199	4.435031798142316	30.95	59
992	conventional	60	1	1	1.1387929584279128	2.600648743796035	27.866666666666667	59
993	holistic	60	1	1	1.4286611267594744	4.433597570665694	30.95	59
993	conventional	60	2	2	1.1114016244375267	3.015946780802526	27.85	59
994	holistic	60	3	3	1.3809868353025376	4.854925066290826	28.95	59
994	conventional	60	1	1	1.0991886338066317	2.7866761897759242	27.85	59
995	holistic	60	3	3	1.4123115204565677	4.8598075231305256	27.75	59
995	conventional	60	2	2	1.0592269314719547	2.5790399784844964	27.816666666666666	58
996	holistic	60	5	5	1.3096569665118039	4.86396922403476	25.616666666666667	57
996	conventional	60	2	2	1.1368331810918122	2.920213938118092	28.75	59
997	holistic	60	1	1	1.3956456331112268	4.6808009626778935	26.566666666666666	58
997	conventional	60	2	2	1.0549812362357447	2.736438926390365	27.75	59
998	holistic	60	0	0	1.4353669890363165	4.755067524517897	27.566666666666666	59
998	conventional	60	1	1	1.0244127995702879	2.48967123043714	27.75	57
999	holistic	60	4	4	1.3821515425429756	4.707568009377885	26.433333333333334	57
999	conventional	60	0	0	1.1481996331690072	2.9854516362170123	28.75	58
1000	holistic	60	0	0	1.5327236921473928	7.817976992405678	27.433333333333334	58
1000	conventional	60	0	0	1.1048964369895982	2.8206704303993093	29.75	59
1001	holistic	60	1	1	1.5506550370680594	6.3252477962561855	28.3	59
1001	conventional	60	4	4	1.033332671184257	3.1227648061546063	28.566666666666666	59
1002	holistic	60	1	1	1.4459614689303455	4.504187465447923	28.3	59
1002	conventional	60	1	1	1.0359868503129064	2.6550469662784386	28.566666666666666	59
1003	holistic	60	2	2	1.4978369267421885	4.478685636861297	28.233333333333334	59
1003	conventional	60	2	2	1.0360228655328312	2.807198102895272	27.566666666666666	58
1004	holistic	60	1	1	1.571582485120314	4.586559666387751	28.233333333333334	58
1004	conventional	60	1	1	1.148734225632082	3.6689774867320026	28.516666666666666	59
1005	holistic	60	0	0	1.5894443138263308	4.560145013166227	29.233333333333334	59
1005	conventional	60	4	4	1.131835862906112	2.8368979039302813	26.5	59
1006	holistic	60	1	1	1.5490209258227539	4.4168394617987365	29.233333333333334	59
1006	conventional	60	1	1	1.1706155855623062	6.368326147185323	26.5	59
1007	holistic	60	1	1	1.516069587347937	4.399960530984452	29.233333333333334	58
1007	conventional	60	2	2	1.1196793980054494	3.3641271651094646	26.466666666666665	58
1008	holistic	60	0	0	1.5129406627771012	4.345866088291389	30.233333333333334	59
1008	conventional	60	0	0	1.091874674459942	3.3186830099226268	27.466666666666665	59
1009	holistic	60	2	2	1.4333621051993584	4.438568181198653	29.233333333333334	57
1009	conventional	60	6	6	0.9129339824178485	1.8621887789678735	23.416666666666668	59
1010	holistic	60	1	1	1.4928236919939235	4.3875304580797385	30.166666666666668	58
1010	conventional	60	2	2	0.9928367669865754	5.3882003149422975	23.283333333333335	56
1011	holistic	60	1	1	1.421766726640922	4.238002353175144	31.033333333333335	59
1011	conventional	60	2	2	0.9069394682504374	2.398851978946766	24.216666666666665	57
1012	holistic	60	2	2	1.4430891229821148	4.228981811239233	30.033333333333335	59
1012	conventional	60	3	3	0.8965669221067966	1.8528841131696476	24.966666666666665	58
1013	holistic	60	2	2	1.3759945116557846	4.09597356477492	29.033333333333335	58
1013	conventional	60	1	1	1.1228054716413598	4.196452744404677	25.916666666666668	59
1014	holistic	60	0	0	1.3616642292229202	4.062204622213863	30.033333333333335	59
1014	conventional	60	1	1	1.0592366369895378	2.2351363804916615	25.916666666666668	58
1015	holistic	60	3	3	1.3788383898458858	3.9668688916072217	28.033333333333335	59
1015	conventional	60	1	1	1.0550878335550598	2.4818170719656742	26.9	59
1016	holistic	60	3	3	1.4645090719327274	3.8818166736752007	27.9	59
1016	conventional	60	2	2	1.011372860366149	2.03448823650936	25.9	53
1017	holistic	60	1	1	1.4895436163963096	4.829314148189958	27.9	59
1017	conventional	60	0	0	1.0006209238786339	1.750704625795992	26.9	54
1018	holistic	60	1	1	1.5721970660003872	4.3752146754607235	27.9	59
1018	conventional	60	1	1	0.9941113831806272	1.685439730571016	27.4	55
1019	holistic	60	1	1	1.4851119472093366	4.089597320442353	27.9	59
1019	conventional	60	2	2	1.002641006926349	1.71629147605527	27.95	56
1020	holistic	60	1	1	1.4675881492379546	3.9389704582722573	27.9	59
1020	conventional	60	2	2	0.9915609722354747	1.6823277451605059	28.65	57
1021	holistic	60	1	1	1.4660520099499004	3.9628306011566616	27.9	58
1021	conventional	60	0	0	1.1308785421237972	3.1327797694919295	29.65	58
1022	holistic	60	0	0	1.444945367623004	3.865988001384094	28.9	59
1022	conventional	60	0	0	1.113469990522545	1.8659171934053111	30.65	59
1023	holistic	60	1	1	1.4927295367372728	3.867093766157468	28.9	59
1023	conventional	60	2	2	1.051172576354158	1.6971199640101644	29.65	59
1024	holistic	60	4	4	1.394433976051372	3.7990313686362085	26.833333333333332	58
1024	conventional	60	2	2	0.9462567993505976	1.637929184657867	29.45	59
1025	holistic	60	0	0	1.5280664754875415	3.8826540885948626	27.833333333333332	59
1025	conventional	60	2	2	1.2187221131462707	10.304372040372872	28.45	59
1026	holistic	60	1	1	1.4623881201131377	3.882279342984405	27.833333333333332	57
1026	conventional	60	1	1	1.0850209702180034	5.793546090829012	28.45	59
1027	holistic	60	0	0	1.4634681767061306	4.153831348384592	28.833333333333332	58
1027	conventional	60	2	2	1.0784419413834998	4.6371555807286216	28.416666666666668	59
1028	holistic	60	2	2	1.4312350057670924	4.465594767703379	29.7	59
1028	conventional	60	2	2	1.0015735382667346	3.3083219349139763	28.333333333333332	58
1029	holistic	60	2	2	1.3523905498144226	4.650334213647179	28.7	58
1029	conventional	60	1	1	1.0504190258047454	3.103762495501197	29.316666666666666	59
1030	holistic	60	1	1	1.439083207505438	5.024090193778778	29.633333333333333	59
1030	conventional	60	1	1	1.0270768309855265	2.637735923226941	29.316666666666666	59
1031	holistic	60	1	1	1.4245306410254808	4.948027827592724	29.633333333333333	59
1031	conventional	60	2	2	1.1140074749504583	3.164414617515258	29.283333333333335	59
1032	holistic	60	1	1	1.512752567870068	5.447579371702648	29.633333333333333	59
1032	conventional	60	1	1	1.1605283412016685	2.9369656768322816	29.283333333333335	57
1033	holistic	60	1	1	1.476075297825538	5.185586343432266	29.633333333333333	58
1033	conventional	60	0	0	1.1401089882899773	2.650191240910631	30.283333333333335	58
1034	holistic	60	0	0	1.4541246393353287	4.894875879058996	30.633333333333333	59
1034	conventional	60	0	0	1.132793932850931	2.320532287926108	31.283333333333335	59
1035	holistic	60	3	3	1.3672385057280068	5.051340678898812	28.633333333333333	59
1035	conventional	60	2	2	1.0777082554752846	2.3202479008185635	30.283333333333335	56
1036	holistic	60	2	2	1.379018453783479	5.142013748777943	28.566666666666666	59
1036	conventional	60	1	1	1.0749034922714875	2.1569416446960425	31.266666666666666	57
1037	holistic	60	2	2	1.6015979160811378	6.911246343867121	28.5	59
1037	conventional	60	0	0	1.1425881926493588	2.1578237924961092	32.266666666666666	58
1038	holistic	60	1	1	1.5581686309923037	5.754565224792381	28.5	59
1038	conventional	60	0	0	1.1328812942804058	2.047283511545544	33.266666666666666	59
1039	holistic	60	2	2	1.4711498054170238	5.71589491055346	27.5	59
1039	conventional	60	3	3	1.0338505024177644	1.9906127385339816	31.266666666666666	59
1040	holistic	60	2	2	1.3941215033146865	5.556122927973714	26.5	59
1040	conventional	60	6	6	0.916711536240799	1.9043674501545087	28.233333333333334	59
1041	holistic	60	1	1	1.3690789202483262	6.226654509187163	26.5	59
1041	conventional	60	4	4	0.9040446450474842	1.9726052953261601	27.2	59
1042	holistic	60	1	1	1.3989987510175157	6.200921115962682	26.5	58
1042	conventional	60	2	2	0.9506322495255101	3.2419908895658245	26.2	57
1043	holistic	60	0	0	1.442900907448425	6.108091102461167	27.5	59
1043	conventional	60	2	2	0.9428067648069022	1.9536026316989181	27.15	58
1044	holistic	60	3	3	1.3417541019485608	5.762783203847745	26.383333333333333	55
1044	conventional	60	0	0	1.071798836645465	5.240521014336575	28.15	59
1045	holistic	60	0	0	1.3606106117117942	5.459597891389251	27.383333333333333	56
1045	conventional	60	1	1	1.0571081953044021	3.24328999181424	28.15	59
1046	holistic	60	0	0	1.338281863523112	5.193081718887282	28.383333333333333	57
1046	conventional	60	2	2	1.10903354444556	2.371618581303007	27.15	59
1047	holistic	60	0	0	1.3725607008042102	5.065334621873398	29.383333333333333	58
1047	conventional	60	2	2	1.1379590204234744	3.1366879254615943	26.15	59
1048	holistic	60	1	1	1.3697047575449757	5.0738107067788025	30.316666666666666	59
1048	conventional	60	2	2	1.0301928885074572	2.176956147383451	26.1	59
1049	holistic	60	2	2	1.3465342091223855	5.400962642451666	30.133333333333333	59
1049	conventional	60	2	2	0.9600013837402349	2.045103832276998	26.066666666666666	59
1050	holistic	60	1	1	1.3131583328942056	5.356143636344177	30.133333333333333	56
1050	conventional	60	3	3	0.9578226241661798	1.8100880936581436	25.05	54
1051	holistic	60	0	0	1.3471150585978817	5.4566884495125345	31.133333333333333	57
1051	conventional	60	1	1	0.9667111160909501	3.3289205390279903	26.016666666666666	55
1052	holistic	60	1	1	1.4242135028690592	5.468288517138595	32.06666666666667	58
1052	conventional	60	1	1	1.0518879856998948	2.012666634597126	26.95	56
1053	holistic	60	0	0	1.378891364779678	5.50643843455325	33.06666666666667	59
1053	conventional	60	0	0	1.073815593694435	1.8946285187870695	27.95	57
1054	holistic	60	2	2	1.3368340298355037	5.463651956289911	32.06666666666667	59
1054	conventional	60	0	0	1.0199120292818014	1.6989339117321705	28.95	58
1055	holistic	60	1	1	1.3947150193894318	5.397211014085474	32.06666666666667	59
1055	conventional	60	0	0	1.0331994846259092	1.7074121221880436	29.95	59
1056	holistic	60	5	5	1.3737960971554972	6.939597095727398	28.066666666666666	59
1056	conventional	60	2	2	1.0056080115834092	1.6634455748902495	28.95	59
1057	holistic	60	1	1	1.3226017260175675	5.347063834664389	28.066666666666666	58
1057	conventional	60	1	1	0.9423938363337078	1.8958726886331727	28.95	59
1058	holistic	60	0	0	1.3465909521799921	5.2645148698249455	29.066666666666666	59
1058	conventional	60	4	4	0.9395389653176184	2.0829593441751473	28.866666666666667	57
1059	holistic	60	4	4	1.2911330387894124	5.394635504226716	26.783333333333335	58
1059	conventional	60	0	0	0.953116457206917	1.8571347841318242	29.866666666666667	58
1060	holistic	60	1	1	1.3036782165004583	5.337653211332995	27.716666666666665	59
1060	conventional	60	1	1	0.9368040166305599	1.709732520419981	30.833333333333332	59
1061	holistic	60	1	1	1.3310089066257689	5.527470066489161	27.716666666666665	59
1061	conventional	60	4	4	0.8676350922729763	1.6989729232113169	28.783333333333335	58
1062	holistic	60	1	1	1.3458056751732277	5.5998549610248025	27.716666666666665	59
1062	conventional	60	3	3	0.8715334603196053	1.687484448467526	29.666666666666668	59
1063	holistic	60	2	2	1.433335426488643	5.62711039036867	27.65	59
1063	conventional	60	3	3	0.839820935995182	1.6692570102242956	28.65	58
1064	holistic	60	2	2	1.371671326067344	5.569981884460919	27.583333333333332	57
1064	conventional	60	3	3	0.818337307180309	1.5776951568329631	29.583333333333332	59
1065	holistic	60	0	0	1.3921134110197795	5.576037728224563	28.583333333333332	58
1065	conventional	60	3	3	0.7947177253460294	1.5642646864916159	28.516666666666666	58
1066	holistic	60	0	0	1.4028567683612445	5.482589771505799	29.583333333333332	59
1066	conventional	60	0	0	0.8740997322030826	2.389312039595932	29.516666666666666	59
1067	holistic	60	2	2	1.4173183473180406	5.54916214525151	29.45	58
1067	conventional	60	1	1	0.9070819130509521	2.4756124834581925	29.516666666666666	58
1068	holistic	60	0	0	1.4249483615828598	5.440003473491875	30.45	59
1068	conventional	60	0	0	0.9484799615009173	2.9529287543514755	30.516666666666666	59
1069	holistic	60	3	3	1.4020476545892078	5.486161392913713	29.25	59
1069	conventional	60	5	5	0.9065458943567126	3.283471708772161	27.966666666666665	58
1070	holistic	60	1	1	1.450920842512088	5.531870155148875	29.25	59
1070	conventional	60	0	0	0.9575599729814882	2.4823818535227273	28.966666666666665	59
1071	holistic	60	1	1	1.4315444480150172	5.483726070869183	29.25	58
1071	conventional	60	4	4	0.8948835643276104	1.949747137333594	27.866666666666667	59
1072	holistic	60	0	0	1.4443038618551356	5.454772707888459	30.25	59
1072	conventional	60	1	1	1.1102013379356273	5.3040688422722635	27.866666666666667	59
1073	holistic	60	2	2	1.4830635128242895	5.374738590770497	29.25	58
1073	conventional	60	2	2	1.1078817888955617	8.307580865807639	27.833333333333332	58
1074	holistic	60	0	0	1.5240998924841493	5.314218537124103	30.25	59
1074	conventional	60	0	0	1.1362214141913862	6.636469705415318	28.833333333333332	59
1075	holistic	60	3	3	1.3936978653139864	5.306849614530743	28.25	59
1075	conventional	60	1	1	1.0567364687053034	5.054706426000479	28.833333333333332	59
1076	holistic	60	3	3	1.467865592099203	4.826721184132004	26.25	59
1076	conventional	60	1	1	1.0474272569606295	4.305885312359048	28.833333333333332	58
1077	holistic	60	1	1	1.3845203333185294	4.744336207208925	26.25	59
1077	conventional	60	0	0	0.9973143117418719	3.8047658538129325	29.833333333333332	59
1078	holistic	60	1	1	1.4021448412288084	4.726976432158819	26.25	59
1078	conventional	60	1	1	0.9438286222778743	3.3041221631759616	29.833333333333332	59
1079	holistic	60	2	2	1.4333556449055038	4.649788922351269	26.2	58
1079	conventional	60	2	2	0.9403249236919305	2.798830825994662	28.833333333333332	59
1080	holistic	60	0	0	1.4435847735472795	4.655035173473238	27.2	59
1080	conventional	60	2	2	0.9941028534889457	3.3829125703610483	27.833333333333332	57
1081	holistic	60	2	2	1.4702080069730896	4.717881723335514	27.133333333333333	58
1081	conventional	60	0	0	0.899196044831146	2.600392454874629	28.833333333333332	58
1082	holistic	60	0	0	1.5421227319729103	4.87267419805526	28.133333333333333	59
1082	conventional	60	1	1	0.9836308755421475	2.6641907775837264	29.766666666666666	59
1083	holistic	60	1	1	1.5154124973424656	4.836631914486407	28.133333333333333	59
1083	conventional	60	1	1	1.0013424067012697	3.3407255919677654	29.766666666666666	59
1084	holistic	60	3	3	1.4575721043934045	4.746800027885589	27.0	56
1084	conventional	60	3	3	0.9164922126974046	2.301455832923	28.7	59
1085	holistic	60	0	0	1.5006749402167627	4.75010227222131	28.0	57
1085	conventional	60	1	1	0.9055279652740217	2.301586065478633	28.7	59
1086	holistic	60	0	0	1.518835833911885	4.7172349613343165	29.0	58
1086	conventional	60	4	4	0.9505172710832274	2.416007493710964	28.45	59
1087	holistic	60	1	1	1.5159843518450553	4.6688404137590025	29.933333333333334	59
1087	conventional	60	3	3	0.8772980930221836	2.051310617674552	27.4	59
1088	holistic	60	2	2	1.5103007846302716	4.638949188445959	28.933333333333334	59
1088	conventional	60	3	3	0.8226191657088592	1.9492786867601182	27.333333333333332	58
1089	holistic	60	2	2	1.4183616583781364	3.425135064329061	27.933333333333334	59
1089	conventional	60	0	0	0.8553672089885662	1.968878273576109	28.333333333333332	59
1090	holistic	60	1	1	1.4163604137891526	3.523609532457642	27.933333333333334	59
1090	conventional	60	1	1	0.879921974405958	1.9335088153025186	28.333333333333332	59
1091	holistic	60	1	1	1.4443543118008344	3.449353381821705	27.933333333333334	56
1091	conventional	60	4	4	0.8612821252413912	1.851485289500939	27.216666666666665	59
1092	holistic	60	1	1	1.4217829506708972	3.3797175946816185	28.866666666666667	57
1092	conventional	60	3	3	0.831334783007548	1.8257144656352244	27.133333333333333	57
1093	holistic	60	0	0	1.465288140469808	3.3682764066173063	29.866666666666667	58
1093	conventional	60	1	1	0.8761170227705188	2.317890857544447	28.1	58
1094	holistic	60	0	0	1.4115188411152297	3.2789835896357755	30.866666666666667	59
1094	conventional	60	1	1	0.8773666581392053	1.9541508313655058	29.05	59
1095	holistic	60	3	3	1.3624074396267742	3.218242705793519	28.866666666666667	59
1095	conventional	60	2	2	0.8354424992769276	1.8439111735083218	28.983333333333334	59
1096	holistic	60	2	2	1.4118700692346533	3.914711350608228	27.866666666666667	59
1096	conventional	60	3	3	0.8575309269612091	5.263785233193861	28.816666666666666	57
1097	holistic	60	1	1	1.5470008062097889	5.616074798985576	27.866666666666667	58
1097	conventional	60	1	1	0.8637362322078431	2.768327638300724	29.25	58
1098	holistic	60	0	0	1.4808088400758328	3.9421854357609813	28.866666666666667	59
1098	conventional	60	0	0	0.9180668307716638	2.365695559517669	30.25	59
1099	holistic	60	3	3	1.4124174906511742	3.32391797331577	27.8	59
1099	conventional	60	1	1	0.8930860984686344	2.0261365000539016	30.25	59
1100	holistic	60	2	2	1.4076082019451213	3.6880631405284596	26.8	59
1100	conventional	60	3	3	0.8471210571027429	1.8755101106341416	28.25	59
1101	holistic	60	1	1	1.4568014717171271	4.961475857098843	26.8	57
1101	conventional	60	4	4	1.0187202938555897	5.333056130179923	26.166666666666668	59
1102	holistic	60	0	0	1.4036643739379564	3.9367894776308376	27.8	58
1102	conventional	60	1	1	1.0285638537927253	4.334808042950706	26.166666666666668	59
1103	holistic	60	0	0	1.419736999051847	3.5048044160881857	28.8	59
1103	conventional	60	3	3	1.0257431855009393	3.667753991305434	25.15	57
1104	holistic	60	2	2	1.391826821652983	3.5014474956207358	27.8	55
1104	conventional	60	0	0	0.9760517368341812	2.834731415626688	26.15	58
1105	holistic	60	0	0	1.3817396544896867	3.4284112117816785	28.8	56
1105	conventional	60	0	0	0.9321691209427989	2.1397185286887015	27.15	59
1106	holistic	60	1	1	1.4140074918567163	3.3799392912268815	29.7	57
1106	conventional	60	2	2	0.9418007964910902	2.335300529289384	26.15	59
1107	holistic	60	0	0	1.422088074570503	3.3504150482044985	30.7	58
1107	conventional	60	1	1	0.877210290862766	2.0495456112824537	26.15	59
1108	holistic	60	0	0	1.4189666814995385	3.341013509354944	31.7	59
1108	conventional	60	3	3	0.9509869052246582	2.295202273307308	26.033333333333335	58
1109	holistic	60	2	2	1.3874620061673901	3.350407867828526	30.7	59
1109	conventional	60	0	0	1.0951866203015144	3.2914516366835187	27.033333333333335	59
1110	holistic	60	1	1	1.3286236869715562	3.286799178784322	30.7	58
1110	conventional	60	3	3	1.0847456964661204	2.773910078311376	25.033333333333335	59
1111	holistic	60	1	1	1.340882432945396	3.2252601556671836	31.616666666666667	59
1111	conventional	60	1	1	1.01555902980768	1.8503137878713272	25.033333333333335	59
1112	holistic	60	2	2	1.2863598115696013	3.1660479866723326	31.566666666666666	58
1112	conventional	60	1	1	1.0475440748539422	1.9233523363801888	25.033333333333335	54
1113	holistic	60	0	0	1.33814740584773	3.12786590663959	32.56666666666667	59
1113	conventional	60	0	0	1.1588910445835932	3.609037652945162	26.033333333333335	55
1114	holistic	60	3	3	1.272714091089029	3.1572037510946016	31.516666666666666	59
1114	conventional	60	0	0	1.065420019044272	2.530037503910136	27.033333333333335	56
1115	holistic	60	1	1	1.340428989232521	4.8659548519414635	31.516666666666666	59
1115	conventional	60	0	0	1.0444956456224388	2.2946612052740387	28.033333333333335	57
1116	holistic	60	4	4	1.219112071665522	2.9121164572113827	28.516666666666666	57
1116	conventional	60	1	1	1.0491707115149764	2.5438624142372417	28.783333333333335	58
1117	holistic	60	0	0	1.3495607815095465	4.233782580223355	29.516666666666666	58
1117	conventional	60	0	0	1.0440843768218082	2.115281458485181	29.783333333333335	59
1118	holistic	60	0	0	1.3342118707599953	3.8981517284788256	30.516666666666666	59
1118	conventional	60	2	2	1.0116468630310669	1.8168103377296674	29.616666666666667	57
1119	holistic	60	2	2	1.2840459970029625	3.2983778450532832	29.516666666666666	58
1119	conventional	60	1	1	1.0104685320647744	1.8325618629840321	30.6	58
1120	holistic	60	0	0	1.4407706984968862	5.947384019176127	30.516666666666666	59
1120	conventional	60	0	0	1.0672597214498727	2.258964385513025	31.6	59
1121	holistic	60	1	1	1.3731401729328456	4.924256288251382	30.516666666666666	59
1121	conventional	60	2	2	1.009449033406325	1.9813407269022723	30.6	59
1122	holistic	60	1	1	1.2899662725850332	3.91563460063554	30.516666666666666	59
1122	conventional	60	2	2	0.9725289122954481	2.0152455243604037	30.533333333333335	58
1123	holistic	60	2	2	1.253756549226739	3.663367039457803	29.516666666666666	59
1123	conventional	60	1	1	1.0099289920539747	2.3716913246526454	31.5	59
1124	holistic	60	2	2	1.2268598889904871	3.5178729084352454	28.516666666666666	57
1124	conventional	60	3	3	0.9337057572151192	1.8952151291654518	29.5	59
1125	holistic	60	0	0	1.2542698278488362	3.0936411655864	29.516666666666666	58
1125	conventional	60	3	3	0.9053802207172196	2.002184009155539	28.483333333333334	56
1126	holistic	60	1	1	1.2678163965279938	3.0785511994520767	30.45	59
1126	conventional	60	0	0	0.9715814958480962	1.811961746392671	29.483333333333334	57
1127	holistic	60	3	3	1.2392569632435964	3.0357742548933695	29.383333333333333	58
1127	conventional	60	1	1	1.032607052427638	2.161977318339026	30.433333333333334	58
1128	holistic	60	0	0	1.276576651594916	2.9984213640520023	30.383333333333333	59
1128	conventional	60	0	0	1.0571311290708088	2.224336958511207	31.433333333333334	59
1129	holistic	60	3	3	1.2337508042166143	2.961410234705898	28.383333333333333	59
1129	conventional	60	4	4	0.9809299714609789	1.956436735730362	28.433333333333334	58
1130	holistic	60	1	1	1.3387877890509852	4.8997800324700815	28.383333333333333	59
1130	conventional	60	1	1	1.0163877910557266	4.248217405492391	29.416666666666668	59
1131	holistic	60	1	1	1.2923778819640037	4.398680540480797	28.383333333333333	58
1131	conventional	60	3	3	0.919105864271928	1.944382582775144	27.416666666666668	59
1132	holistic	60	0	0	1.2849249510566028	4.083521690392241	29.383333333333333	59
1132	conventional	60	3	3	0.9186380487626417	2.2509173076393445	27.25	59
1133	holistic	60	3	3	1.184137732818977	3.9948226337298367	28.316666666666666	58
1133	conventional	60	5	5	0.9329589783105182	3.1695886853980744	26.15	58
1134	holistic	60	1	1	1.3017206760874238	4.05707819829435	29.25	59
1134	conventional	60	2	2	1.039234237255329	3.67417406057847	27.116666666666667	59
1135	holistic	60	3	3	1.2501520266425077	4.112675656332223	27.25	59
1135	conventional	60	1	1	1.2351692718863403	4.380465536238499	27.116666666666667	56
1136	holistic	60	2	2	1.2807113586752439	4.219961557213119	26.383333333333333	58
1136	conventional	60	0	0	1.144351215495053	2.864267703894927	28.116666666666667	57
1137	holistic	60	0	0	1.290946841860803	5.5511925286320345	27.383333333333333	59
1137	conventional	60	1	1	1.0722945574588678	1.9923455174839362	28.95	58
1138	holistic	60	1	1	1.2763508638977388	5.013357879398608	27.383333333333333	59
1138	conventional	60	1	1	1.0862743323203403	2.020699232023924	29.933333333333334	59
1139	holistic	60	3	3	1.2349600845677882	5.097887679407107	26.316666666666666	58
1139	conventional	60	2	2	1.0740875698261083	2.03408156562376	28.933333333333334	59
1140	holistic	60	0	0	1.2773268238791915	6.242853514370246	27.316666666666666	59
1140	conventional	60	2	2	1.048113674659672	2.176503751278754	28.916666666666668	58
1141	holistic	60	2	2	1.281537250238896	6.491911718226507	26.316666666666666	57
1141	conventional	60	0	0	1.1087553304502562	2.0650236253646725	29.916666666666668	59
1142	holistic	60	0	0	1.3212446753148839	6.400084630309818	27.316666666666666	58
1142	conventional	60	1	1	1.0823863761687158	1.9751823876908094	29.916666666666668	58
1143	holistic	60	1	1	1.2921822221778645	6.205972504963554	28.25	59
1143	conventional	60	0	0	1.0769872719064344	1.8912525954115753	30.916666666666668	59
1144	holistic	60	2	2	1.2682507642764596	6.15771822147166	27.25	57
1144	conventional	60	2	2	1.0628466282824711	1.8442316105850751	30.283333333333335	59
1145	holistic	60	0	0	1.2628896823954034	5.818773319405991	28.25	58
1145	conventional	60	3	3	1.0303146116523998	1.8692711782489468	30.183333333333334	59
1146	holistic	60	0	0	1.2480393539482284	5.8221771700825915	29.25	59
1146	conventional	60	2	2	1.0018681614203806	2.264286087930233	29.183333333333334	59
1147	holistic	60	1	1	1.2371234150322648	5.485665069039352	29.25	59
1147	conventional	60	3	3	1.0389563607864312	2.324140644259504	28.133333333333333	59
1148	holistic	60	1	1	1.2309479374468237	5.285879818171883	29.25	59
1148	conventional	60	1	1	1.1081083858708363	1.929090209253454	28.133333333333333	56
1149	holistic	60	2	2	1.2478075945630454	5.396210945991158	28.25	59
1149	conventional	60	0	0	1.1527835399763438	2.795305384512812	29.133333333333333	57
1150	holistic	60	1	1	1.3232476983087067	5.3557411996372	28.25	59
1150	conventional	60	0	0	1.186446948234734	2.294765372624372	30.133333333333333	58
1151	holistic	60	1	1	1.31721893338613	5.511227675773355	28.25	59
1151	conventional	60	1	1	1.1516265915721453	2.295475442455202	31.033333333333335	59
1152	holistic	60	2	2	1.286085923646172	5.237325960702759	28.183333333333334	57
1152	conventional	60	2	2	1.1178517074168648	2.200015661822524	30.033333333333335	59
1153	holistic	60	0	0	1.3648423148981217	5.387834615044406	29.183333333333334	58
1153	conventional	60	1	1	1.0794113106501204	2.1187555467560757	30.033333333333335	59
1154	holistic	60	0	0	1.3814480993886804	5.35680250136496	30.183333333333334	59
1154	conventional	60	2	2	1.0386984645580342	2.043715495850322	30.0	59
1155	holistic	60	2	2	1.3512422539839168	5.230805156145473	29.183333333333334	59
1155	conventional	60	4	4	0.9860251763065103	2.089653917350535	28.883333333333333	59
1156	holistic	60	2	2	1.2606170800120347	5.117086019479519	28.183333333333334	59
1156	conventional	60	4	4	0.9667353539573398	2.1695687218455006	27.833333333333332	59
1157	holistic	60	1	1	1.2993293615633439	4.972976657283335	28.183333333333334	58
1157	conventional	60	1	1	1.0058518643942593	3.189111866748187	27.833333333333332	58
1158	holistic	60	0	0	1.2711403021885535	4.7486053582716075	29.183333333333334	59
1158	conventional	60	1	1	0.9852556861575769	2.208594833916843	28.8	59
1159	holistic	60	4	4	1.195013795484458	4.669552862536238	27.116666666666667	59
1159	conventional	60	1	1	1.1116491909413213	4.277312698779014	28.8	59
1160	holistic	60	1	1	1.2770981128058525	4.6339141914396045	27.116666666666667	59
1160	conventional	60	4	4	1.01343081183651	3.7767515291513893	26.733333333333334	59
1161	holistic	60	1	1	1.2615085045500343	4.52632580389321	27.116666666666667	57
1161	conventional	60	3	3	0.9906252459113634	2.9435824338502585	24.733333333333334	58
1162	holistic	60	0	0	1.2378278611613986	4.391014884679618	28.116666666666667	58
1162	conventional	60	0	0	1.151944587244134	4.308325578905136	25.733333333333334	59
1163	holistic	60	0	0	1.243591007064116	4.22809367982448	29.116666666666667	59
1163	conventional	60	2	2	1.0573159854058434	2.871871920068836	24.733333333333334	56
1164	holistic	60	4	4	1.220799682723088	4.184020843705087	27.933333333333334	55
1164	conventional	60	1	1	1.1936408680621917	6.323161430440088	25.683333333333334	57
1165	holistic	60	0	0	1.1761235323471995	4.042632180447755	28.933333333333334	56
1165	conventional	60	0	0	1.1392021040498908	5.322717696195713	26.683333333333334	58
1166	holistic	60	0	0	1.1938964972924195	4.003829500144635	29.933333333333334	57
1166	conventional	60	1	1	1.118246043678967	3.669118859615286	27.483333333333334	59
1167	holistic	60	0	0	1.2353906891678321	4.0302369933528235	30.933333333333334	58
1167	conventional	60	2	2	1.107567918859043	3.2730760747678733	27.366666666666667	59
1168	holistic	60	1	1	1.2639740532395793	4.054703572604045	31.866666666666667	59
1168	conventional	60	4	4	1.060749485859595	3.173868277631762	26.0	58
1169	holistic	60	1	1	1.2708918373541729	4.01886632364292	31.866666666666667	59
1169	conventional	60	0	0	1.0318569098290893	2.818939199739667	27.0	59
1170	holistic	60	1	1	1.344361300983968	4.785503725282729	31.866666666666667	58
1170	conventional	60	4	4	0.9418647549372042	2.7727334805563597	24.95	59
1171	holistic	60	0	0	1.312790316200982	4.369545197321887	32.86666666666667	59
1171	conventional	60	2	2	0.9519715109396272	3.0417931156103717	24.883333333333333	59
1172	holistic	60	2	2	1.2706285285635117	4.275230848580916	31.866666666666667	58
1172	conventional	60	4	4	0.9640857198892617	2.914780387124893	24.566666666666666	56
1173	holistic	60	1	1	1.2871781045621993	4.161596121956916	32.81666666666667	59
1173	conventional	60	0	0	1.3062006789612186	6.272931022786327	25.566666666666666	57
1174	holistic	60	3	3	1.175265398200904	4.075106908350629	30.816666666666666	59
1174	conventional	60	0	0	1.1289548576205022	2.7746649354494313	26.566666666666666	58
1175	holistic	60	1	1	1.1746964930482824	4.022656957822892	30.816666666666666	59
1175	conventional	60	0	0	1.08936860232686	2.699131787121248	27.566666666666666	59
1176	holistic	60	6	6	1.094966004937266	4.018473819301936	27.683333333333334	57
1176	conventional	60	1	1	1.0809301612296727	2.8552471154704233	27.566666666666666	57
1177	holistic	60	1	1	1.1920248593173062	3.966614557127691	28.616666666666667	58
1177	conventional	60	0	0	1.0404342059298444	2.358087170411548	28.566666666666666	58
1178	holistic	60	0	0	1.2119575908830107	3.9631411154996017	29.616666666666667	59
1178	conventional	60	0	0	1.044210647952627	2.365944628263066	29.566666666666666	59
1179	holistic	60	2	2	1.1640200630987738	4.050969098561324	28.616666666666667	58
1179	conventional	60	2	2	1.055520816678793	2.51581829905042	29.516666666666666	58
1180	holistic	60	2	2	1.245790264755887	4.070491568091714	29.483333333333334	59
1180	conventional	60	0	0	1.0607361814576357	2.6156596922272053	30.516666666666666	59
1181	holistic	60	1	1	1.2255341518814522	4.020183553324968	29.483333333333334	58
1181	conventional	60	2	2	1.0440123231028091	2.4677199812944632	30.483333333333334	59
1182	holistic	60	0	0	1.2261611631073748	3.9525613457224855	30.483333333333334	59
1182	conventional	60	3	3	1.0552281839332343	2.656487549516154	29.433333333333334	59
1183	holistic	60	1	1	1.2421557443611289	3.93076430915796	30.483333333333334	59
1183	conventional	60	1	1	1.0399547779132736	2.3567688660376054	29.433333333333334	59
1184	holistic	60	3	3	1.230947647508653	4.011138110502714	29.416666666666668	58
1184	conventional	60	1	1	1.0520089845080274	2.439777014387747	29.433333333333334	59
1185	holistic	60	1	1	1.2816836509310716	3.9479376351774493	29.866666666666667	59
1185	conventional	60	3	3	1.0893285335292562	2.8299157087734823	28.4	56
1186	holistic	60	1	1	1.2609261363485869	3.925511977803301	29.866666666666667	59
1186	conventional	60	0	0	1.088664290519454	2.32735978544144	29.4	57
1187	holistic	60	4	4	1.2705176632414212	5.916537455718432	27.8	58
1187	conventional	60	1	1	1.0739939357145902	2.169807716375551	30.35	58
1188	holistic	60	1	1	1.3188954547335152	3.922031303604772	28.733333333333334	59
1188	conventional	60	0	0	1.0752614794696802	2.1397980744455487	31.35	59
1189	holistic	60	3	3	1.2966145635449893	4.881870222262123	27.666666666666668	58
1189	conventional	60	3	3	1.027538689541266	2.111924197904555	30.316666666666666	58
1190	holistic	60	0	0	1.2830812790498303	6.1776096172984785	28.666666666666668	59
1190	conventional	60	0	0	1.0020286192203873	2.0541493775809694	31.316666666666666	59
1191	holistic	60	1	1	1.335043547690102	6.100823739905033	28.666666666666668	58
1191	conventional	60	3	3	0.9798932827558549	1.9700657963703698	30.283333333333335	59
1192	holistic	60	0	0	1.358388490909929	6.44699975736084	29.666666666666668	59
1192	conventional	60	3	3	0.9623873493751429	2.3840537931337544	29.116666666666667	59
1193	holistic	60	4	4	1.310009303564496	6.180344682249962	27.6	59
1193	conventional	60	4	4	0.9442933351061809	2.396353188905567	27.083333333333332	59
1194	holistic	60	1	1	1.4227362080059691	5.709650501211124	27.6	59
1194	conventional	60	3	3	0.9646172990938052	2.408520947442673	26.066666666666666	59
1195	holistic	60	2	2	1.3113310087343668	6.1093508284238665	26.6	59
1195	conventional	60	2	2	0.9948121772455419	4.384325191101963	26.016666666666666	57
1196	holistic	60	2	2	1.3126116257331348	5.424503808745325	25.6	58
1196	conventional	60	1	1	1.024768500887028	1.925250529792175	27.0	58
1197	holistic	60	1	1	1.4771600698118723	5.171926856263611	26.533333333333335	59
1197	conventional	60	1	1	1.0748211602044742	2.3518869066751678	27.95	59
1198	holistic	60	1	1	1.3944352737548307	5.509248941605429	26.533333333333335	59
1198	conventional	60	2	2	1.0959657025796854	5.313794133720263	27.866666666666667	59
1199	holistic	60	3	3	1.3432577449225274	5.2886501043659155	25.4	58
1199	conventional	60	1	1	1.228460051375716	4.356776978475512	27.866666666666667	59
