population	name	born	g1	g2	n1	n2	ns	g2_contact	g2_height	g2_up	g2_joint	g1_other	g1_vel
holistic	h0-0	-37	0	0	0	0	4	0	0	0	0	0	0
holistic	h0-1	-21	0.436648	6.038300	1	6	2	0	0	0	6.038300	0	0
holistic	h0-3	-3	0	0	0	0	0	0	0	0	0	0	0
holistic	h0-4	-21	0	1.611189	0	3	1	1.611189	0	0	0	0.409741	0
holistic	h0-5	-51	0	0	0	0	0	0	0	0	0	0	0
holistic	h0-6	-37	0	0	0	0	2	0	0	0	0	0	0
holistic	h0-7	-34	3.485400	32.454665	6	43	25	2.689636	0	29.765029	0	0	1.262509
holistic	h0-8	-6	1.540970	0.773380	1	1	1	0.773380	0	0	0	0	3.591313
holistic	h0-9	-47	0	0	0	0	2	0	0	0	0	0	0
holistic	h0-10	-32	0	0	0	0	3	0	0	0	0	0	0
holistic	h0-11	-22	0	1.099924	0	4	6	0	0	1.099924	0	0	0
holistic	h0-12	-29	0	0	0	0	3	0	0	0	0	0	0
holistic	h0-13	-27	0	0	0	0	0	0	0	0	0	0	0
holistic	h0-14	-22	0	0	0	0	2	0	0	0	0	2.825028	0.789484
holistic	h0-15	-6	0.602896	0.037963	1	2	2	0.037963	0	0	0	0	0
holistic	h0-16	-8	0	0	0	0	0	0	0	0	0	0.370566	0
holistic	h0-17	-15	0	0	0	0	0	0	0	0	0	0	0
holistic	h0-18	-7	12.863117	21.150845	11	22	24	1.905330	0	18.491185	0.754330	0	0
holistic	h0-19	-51	0	0	0	0	3	0	0	0	0	0	0
holistic	h0-20	-41	2.290860	10.439656	3	21	6	7.565974	0	0	2.873682	0	0
holistic	h0-21	-53	0.251798	0.868958	1	4	2	0.868958	0	0	0	0	0
holistic	h0-22	-20	0	0	0	0	2	0	0	0	0	0	0
holistic	h0-23	-57	0	0	0	0	2	0	0	0	0	0	0.374804
holistic	h0-24	-17	0	0	0	0	0	0	0	0	0	0	0
holistic	h0-25	-31	0	0	0	0	0	0	0	0	0	0	0
holistic	h0-26	-7	1.265678	3.952617	1	8	3	0	0	0	3.952617	0	0
holistic	h0-27	-19	0	0.527329	0	1	2	0	0	0	0.527329	0	0
holistic	h0-28	-8	0	0	0	0	2	0	0	0	0	0	0
holistic	h0-29	-23	0	0.555591	0	1	3	0	0	0	0.555591	0	1.712786
holistic	h0-30	-18	0	0	0	0	8	0	0	0	0	0	0
holistic	h0-31	-4	0.735922	3.360162	2	12	18	0.675236	0	1.263726	1.421200	0	0
holistic	h0-32	-56	2.979180	78.956800	4	111	10	0	6.860320	72.096480	0	4.452735	6.326868
holistic	h0-33	-41	0	0	0	0	3	0	0	0	0	0	0
holistic	h0-34	-40	0	0	0	0	0	0	0	0	0	0	0
holistic	h0-35	-47	1.219517	3.445367	1	3	3	1.219517	2.225850	0	0	0	0.406425
holistic	h0-36	-25	0	0	0	0	6	0	0	0	0	0	0
holistic	h0-37	-13	0	0	0	0	1	0	0	0	0	0	0
holistic	h0-38	-11	0	0	0	0	2	0	0	0	0	0	0
holistic	h0-39	-54	0	0	0	0	4	0	0	0	0	0	0
holistic	h0-40	-13	0	1.794051	0	3	2	0	1.794051	0	0	0	0
holistic	h0-41	-32	4.328539	28.307918	4	54	15	1.460155	5.005158	6.994126	14.848479	0	0
holistic	h0-42	-24	0.917137	4.926692	2	3	6	3.912868	0.024178	0	0.989646	0	0
holistic	h0-43	-16	0	0	0	0	0	0	0	0	0	0	0
holistic	h0-44	-32	0	0.048366	0	1	1	0	0.048366	0	0	0	0
holistic	h0-45	-4	0	0	0	0	0	0	0	0	0	0	0
holistic	h0-46	-13	0	0	0	0	0	0	0	0	0	0	0
holistic	h0-47	-14	0	0.516037	0	3	3	0	0	0.516037	0	0	0
holistic	h0-48	-34	0	0	0	0	1	0	0	0	0	0	0
holistic	h0-49	-16	0	0	0	0	0	0	0	0	0	0	0
holistic	h0-50	-28	0	0	0	0	2	0	0	0	0	0	0
holistic	h0-51	-46	0.927090	1.413424	2	4	3	0.603547	0	0	0.809877	0	0
holistic	h0-52	-45	0.115936	0.018236	1	1	6	0	0	0	0.018236	0	0.097186
holistic	h0-53	-48	4.121486	11.210258	2	8	3	0	0	0	11.210258	0	0
holistic	h0-54	-47	0.929687	0.604904	2	2	2	0	0	0	0.604904	1.157409	0
holistic	h0-55	-50	1.821522	24.688345	3	64	14	9.360754	0	13.385244	1.942347	0	0
holistic	h0-56	-42	0	0	0	0	2	0	0	0	0	0	0
holistic	h0-57	-20	0	0.393588	0	8	2	0	0	0	0.393588	0.815522	4.444412
holistic	h0-58	-46	0	0	0	0	3	0	0	0	0	0	0
holistic	h0-59	-57	0	6.260917	0	5	6	0	0	6.260917	0	0	0
holistic	he61	0	0	0	0	0	1	0	0	0	0	0	0
conventional	c0-0	-26	0	17.934278	0	14	7	3.808913	1.403830	5.908424	6.813111	0	0
conventional	c0-1	-7	0	19.211071	0	14	7	1.794361	2.799353	7.594652	7.022705	0	0
conventional	c0-2	-33	0	30.477900	0	14	7	5.414146	3.420238	16.483092	5.160424	0	0
conventional	c0-3	-31	0	19.673634	0	14	7	2.672422	5.777472	7.328629	3.895111	0	0
conventional	c0-4	-33	0	19.956911	0	14	7	4.286540	4.403001	8.290295	2.977075	0	0
conventional	c0-5	-30	0	23.725522	0	14	7	4.356905	2.661669	12.688132	4.018816	0	0
conventional	c0-6	-59	0	24.763860	0	14	7	5.651658	1.969075	9.030540	8.112587	0	0
conventional	c0-7	-30	0	26.938798	0	14	7	4.035750	3.177273	10.723139	9.002636	0	0
conventional	c0-8	-14	0	26.931977	0	14	7	6.998409	2.232447	13.354366	4.346755	0	0
conventional	c0-9	-30	0	26.606746	0	14	7	3.673095	6.256715	10.495817	6.181119	0	0
conventional	c0-10	-59	0	30.635763	0	14	7	4.670420	3.393457	12.660239	9.911647	0	0
conventional	c0-11	-35	0	21.411951	0	14	7	1.779465	1.237978	12.675269	5.719239	0	0
conventional	c0-12	-49	0	28.456704	0	14	7	2.042460	3.286992	12.643369	10.483883	0	0
conventional	c0-13	-6	0	20.940944	0	14	7	1.419275	2.217655	9.422969	7.881045	0	0
conventional	c0-14	-48	0	31.367966	0	14	7	0.505968	1.319525	11.808008	17.734465	0	0
conventional	c0-15	-57	0	24.949667	0	14	7	5.511360	2.953743	12.385783	4.098781	0	0
conventional	c0-16	-5	0	17.402735	0	14	7	2.980559	2.216428	7.953394	4.252354	0	0
conventional	c0-17	-17	0	17.210352	0	14	7	0.737417	4.990673	4.953765	6.528497	0	0
conventional	c0-18	-14	0	20.172026	0	14	7	1.805717	1.720739	6.887225	9.758345	0	0
conventional	c0-19	-16	0	19.767238	0	14	7	3.549174	4.280617	6.123587	5.813860	0	0
conventional	c0-20	-4	0	30.648211	0	14	7	2.129861	2.773168	17.048373	8.696809	0	0
conventional	c0-21	-55	0	17.881787	0	14	7	4.979341	0.860265	6.430126	5.612055	0	0
conventional	c0-22	-46	0	39.489523	0	14	7	4.536042	9.627327	16.521495	8.804659	0	0
conventional	c0-23	-57	0	18.867757	0	14	7	3.415397	0.936412	6.551010	7.964938	0	0
conventional	c0-24	-43	0	17.902093	0	14	7	1.862182	0.293972	11.401112	4.344827	0	0
conventional	c0-25	-59	0	28.589525	0	14	7	5.119166	2.309344	17.925747	3.235268	0	0
conventional	c0-26	-42	0	19.371541	0	14	7	2.205099	3.204629	9.633918	4.327895	0	0
conventional	c0-27	-6	0	10.508314	0	14	7	0.377544	0.549778	4.395379	5.185613	0	0
conventional	c0-28	-52	0	21.864118	0	14	7	4.216250	2.161263	10.268156	5.218449	0	0
conventional	c0-29	-25	0	22.234880	0	14	7	3.960616	3.272976	4.133916	10.867372	0	0
conventional	c0-30	-37	0	17.705524	0	14	7	1.743117	5.044791	6.321012	4.596604	0	0
conventional	c0-31	-39	0	21.545418	0	14	7	3.120273	1.043207	6.704244	10.677694	0	0
conventional	c0-32	-6	0	22.662716	0	14	7	1.616065	6.618278	10.561429	3.866944	0	0
conventional	c0-33	-55	0	29.688133	0	14	7	0.914364	1.304249	10.419829	17.049691	0	0
conventional	c0-34	-27	0	22.260600	0	14	7	2.422796	4.658265	10.140147	5.039392	0	0
conventional	c0-36	-35	0	19.620991	0	14	7	4.688017	2.739949	2.370129	9.822896	0	0
conventional	c0-37	-27	0	21.806655	0	14	7	1.080600	0.836707	13.613600	6.275748	0	0
conventional	c0-38	-50	0	25.121864	0	14	7	0.855909	4.038814	15.223245	5.003896	0	0
conventional	c0-39	-11	0	30.414100	0	14	7	3.650852	8.212570	6.784858	11.765820	0	0
conventional	c0-40	-56	0	44.426791	0	14	7	5.585963	9.798510	18.988085	10.054233	0	0
conventional	c0-41	-20	0	23.914877	0	14	7	3.680590	5.307730	11.366089	3.560468	0	0
conventional	c0-42	-28	0	24.950532	0	14	7	7.378562	1.668280	10.079808	5.823882	0	0
conventional	c0-43	-32	0	23.743123	0	14	7	0.532889	4.665575	8.684645	9.860014	0	0
conventional	c0-44	-37	0	24.347565	0	14	7	2.426630	1.437213	11.607077	8.876645	0	0
conventional	c0-45	-21	0	26.767737	0	14	7	1.986851	2.510040	15.845965	6.424881	0	0
conventional	c0-46	-38	0	17.809405	0	14	7	2.329629	2.459447	9.247232	3.773097	0	0
conventional	c0-47	-27	0	11.866576	0	14	7	0.079434	4.424912	5.031631	2.330599	0	0
conventional	c0-48	-12	0	22.294442	0	14	7	5.579902	3.439693	7.410943	5.863904	0	0
conventional	c0-49	-56	0	19.966230	0	14	7	2.287489	2.313589	10.742122	4.623030	0	0
conventional	c0-50	-45	0	31.301350	0	14	7	5.677084	6.317581	12.828549	6.478136	0	0
conventional	c0-51	-31	0	17.921774	0	14	7	1.057666	1.020130	11.394617	4.449361	0	0
conventional	c0-52	-26	0	28.959892	0	14	7	2.581389	0.345334	17.156753	8.876416	0	0
conventional	c0-53	-44	0	20.029171	0	14	7	0.757870	0.603624	15.976760	2.690917	0	0
conventional	c0-54	-13	0	25.309579	0	14	7	3.053961	4.241116	11.082648	6.931854	0	0
conventional	c0-55	-51	0	34.774348	0	14	7	1.626191	4.798339	16.280214	12.069604	0	0
conventional	c0-56	-49	0	22.136192	0	14	7	3.227976	2.885769	9.100031	6.922416	0	0
conventional	c0-57	-31	0	36.771118	0	14	7	5.256683	6.802485	18.532855	6.179095	0	0
conventional	c0-58	-14	0	22.973936	0	14	7	5.414801	1.088201	11.142952	5.327982	0	0
conventional	c0-59	-41	0	18.442574	0	14	7	2.528413	4.251200	4.315168	7.347793	0	0
conventional	ce61	0	0	31.962598	0	14	7	0.491648	1.550543	12.222592	17.697815	0	0
conventional	ce62	1	0	28.566044	0	14	7	0.959944	3.675067	17.506522	6.424511	0	0
conventional	ce63	1	0	18.049960	0	14	7	0.542706	0.678460	12.407654	4.421140	0	0
conventional	ce64	1	0	23.887412	0	14	7	3.832344	7.419018	9.375106	3.260944	0	0
conventional	ce65	2	0	18.005185	0	14	7	2.452421	2.877145	4.930425	7.745194	0	0
conventional	ce66	2	0	22.788041	0	14	7	5.861412	3.560752	7.029502	6.336375	0	0
conventional	ce67	2	0	28.649203	0	14	7	0.754387	1.624927	8.528410	17.741479	0	0
conventional	ce68	2	0	33.056649	0	14	7	4.597983	5.362784	15.125469	7.970413	0	0
conventional	ce69	2	0	22.519201	0	14	7	4.668242	1.445825	7.416884	8.988250	0	0
holistic	he62	3	0	0	0	0	0	0	0	0	0	0	0
holistic	he63	3	0	0	0	0	2	0	0	0	0	0	0
conventional	ce70	3	0	24.667185	0	14	7	4.454974	1.070462	8.271181	10.870568	0	0
conventional	ce71	3	0	21.471363	0	14	7	1.640615	4.030822	12.181164	3.618762	1.386686	0
conventional	ce72	3	0	10.463964	0	14	7	0.946431	2.388271	3.749004	3.380258	0	0
conventional	ce73	3	0	20.702182	0	14	7	2.974945	5.123392	4.913342	7.690503	0	0
conventional	ce74	3	0	34.796182	0	14	7	5.346486	8.463573	9.096833	11.889290	0	0
conventional	ce75	4	0	19.527182	0	14	7	2.785737	3.249816	8.462558	5.029071	0	0
conventional	ce76	4	0	24.783002	0	14	7	3.450724	7.830511	10.463224	3.038543	1.641923	0
conventional	ce77	4	0	33.314117	0	14	7	2.591498	3.358347	9.423211	17.941061	0	0
conventional	ce78	4	0	29.043281	0	14	7	2.648952	4.367114	15.249738	6.777477	0	0
conventional	ce79	4	0.712641	25.007516	1	14	7	2.495457	4.410346	13.582419	4.519294	0	0
conventional	ce80	4	0	22.504544	0	14	7	3.848393	3.436157	7.458579	7.761415	0	0
conventional	ce81	4	0	30.665466	0	14	7	1.831575	1.913013	9.684945	17.235933	0	0
conventional	ce82	5	0	27.421312	0	14	7	2.946115	1.194471	13.809809	9.470917	0	0
conventional	ce83	5	0	13.211840	0	14	7	1.661334	3.909412	6.164440	1.476654	0	0
conventional	ce84	5	0	31.171679	0	14	7	1.737373	3.713235	7.564089	18.156982	0	0
conventional	ce85	5	0	17.917456	0	14	7	2.640771	4.266855	3.496353	7.513477	0	0
conventional	ce86	5	0	18.266082	0	14	7	1.692306	5.739489	6.905006	3.929281	0	0
conventional	ce87	5	0	27.055011	0	14	7	7.227804	3.242743	11.297547	5.286917	0	0
conventional	ce88	5	0	21.339076	0	14	7	3.796035	6.602003	8.878620	2.062418	0	0
conventional	ce89	5	0	19.349875	0	14	7	1.333162	0.527222	12.876561	4.612930	0	0
conventional	ce90	5	0	22.643565	0	14	7	4.692791	1.692534	7.188666	9.069574	0	0
conventional	ce91	5	0	24.419565	0	14	7	1.558022	2.078301	15.195450	5.587792	0	0
conventional	ce92	5	0	33.694337	0	14	7	2.472179	5.184854	17.842566	8.194738	0	0
conventional	ce93	5	0	13.214994	0	14	7	0.035714	3.306973	8.384574	1.487733	0	0
conventional	ce94	5	0	18.200961	0	14	7	3.243092	4.667593	7.695632	2.594644	0	0
conventional	ce95	5	0	24.705664	0	14	7	4.201787	1.174555	9.436206	9.893116	0	0
conventional	ce96	5	0	19.706372	0	14	7	6.341049	0.796143	7.840213	4.728967	0	0
conventional	ce97	5	0	32.873226	0	14	7	1.500082	4.160956	18.983347	8.228841	0	0
conventional	ce98	5	0	25.829711	0	14	7	4.134500	5.721884	10.095214	5.878113	0	0
conventional	ce99	6	0	24.538228	0	14	7	2.082946	1.214139	16.632256	4.608887	0	0
conventional	ce100	6	0	23.142172	0	14	7	7.423312	3.439693	6.415662	5.863505	0	0
conventional	ce101	6	0	33.613706	0	14	7	2.166386	2.338799	16.120877	12.987644	0	0
conventional	ce102	6	0	27.744846	0	14	7	5.720289	7.266066	10.631752	4.126739	0	0
conventional	ce103	6	0	16.290841	0	14	7	2.505913	3.444190	4.229168	6.111570	0	0
conventional	ce104	6	0	14.954197	0	14	7	0.852881	1.729834	9.091227	3.280255	0	0
conventional	ce105	6	0	25.081078	0	14	7	6.900023	5.946874	9.878169	2.356012	0	0
conventional	ce106	7	0	32.032141	0	14	7	10.691523	1.978791	11.071831	8.289996	0	0
conventional	ce107	7	0	27.710963	0	14	7	6.762532	3.064834	12.238928	5.644669	2.190626	0
conventional	ce108	7	0	19.935099	0	14	7	3.075843	7.095906	5.471332	4.292018	0	0
conventional	ce109	7	0	26.491805	0	14	7	5.011489	9.565548	8.795779	3.118989	0	0
conventional	ce110	7	0	26.595815	0	14	7	1.490004	3.702336	15.252978	6.150497	0.137574	0
conventional	ce111	7	0	20.067737	0	14	7	1.046316	2.160273	13.245302	3.615846	0	0
conventional	ce112	8	0	27.568427	0	14	7	1.579970	6.353258	14.278328	5.356871	0	0
conventional	ce113	8	0	21.207408	0	14	7	4.350743	1.663520	7.596466	7.596679	0	0
conventional	ce114	8	0	18.890423	0	14	7	2.242930	4.486041	7.888560	4.272892	0	0
conventional	ce115	8	0	26.860766	0	14	7	4.570252	4.409071	9.898447	7.982996	0	0
conventional	ce116	8	0	20.948992	0	14	7	3.675052	1.758024	6.466228	9.049688	0.945910	0
conventional	ce117	8	0	28.107010	0	14	7	1.219856	3.479234	19.494332	3.913588	0	0
conventional	ce118	8	0	11.900405	0	14	7	1.378702	3.741602	4.203536	2.576565	0	0
conventional	ce119	8	0	19.429363	0	14	7	4.527013	1.102445	5.208130	8.591775	0	0
conventional	ce120	8	0	12.449745	0	14	7	0.459522	2.877278	6.518830	2.594115	0	0
holistic	he64	9	0	0	0	0	2	0	0	0	0	2.869295	1.003139
conventional	ce121	9	0	24.681589	0	14	7	5.162819	1.891593	8.152229	9.474948	0	0
conventional	ce122	9	0	15.200496	0	14	7	2.806564	4.993956	4.427915	2.972061	0	0
conventional	ce123	9	0	26.848268	0	14	7	8.953532	3.588945	9.286266	5.019525	0	0
conventional	ce124	10	0	19.647901	0	14	7	2.297900	4.263179	7.321770	5.765052	0	0
conventional	ce125	10	0	21.819756	0	14	7	1.949768	6.806979	9.226820	3.836189	0	0
conventional	ce126	10	0	31.117959	0	14	7	0.960025	2.730769	18.875327	8.551838	0	0
conventional	ce127	10	0	34.534825	0	14	7	2.898161	4.304224	19.137410	8.195030	0	0
holistic	he65	11	0	0	0	0	1	0	0	0	0	0	0
conventional	ce128	11	0	19.130493	0	14	7	1.693747	6.954536	6.447745	4.034465	0	0
conventional	ce129	11	0	18.184392	0	14	7	1.151135	1.806570	10.006857	5.219830	0	0
conventional	ce130	11	0	24.535749	0	14	7	4.260426	4.802832	9.896643	5.575848	0	0
conventional	ce131	11	0	29.169693	0	14	7	2.638063	4.955026	11.225350	10.351254	0	0
conventional	ce132	11	0	30.722907	0	14	7	3.177777	4.729844	10.527806	12.287480	0	0
conventional	ce133	11	0	15.749389	0	14	7	0.745014	2.549940	10.094797	2.359638	0	0
conventional	ce134	11	0	20.186152	0	14	7	1.469114	1.159693	12.528619	5.028726	0	0
conventional	ce135	11	0	15.574098	0	14	7	1.599914	3.825087	7.655832	2.493265	0	0
conventional	ce136	12	0	35.107611	0	14	7	2.344658	5.012274	8.280830	19.469849	0	0
conventional	ce137	12	0	41.467845	0	14	7	3.046203	5.711821	21.954702	10.755119	0	0
conventional	ce138	12	0	21.309134	0	14	7	8.282578	2.155002	6.301166	4.570388	0	0
conventional	ce139	12	0	19.862840	0	14	7	2.223983	5.394215	7.956764	4.287878	0	0
conventional	ce140	12	0	30.880758	0	14	7	2.989334	5.596282	14.337073	7.958069	0	0
conventional	ce141	13	0	29.022796	0	14	7	3.479386	4.881518	13.916384	6.745508	0	0
conventional	ce142	13	0	15.583561	0	14	7	1.510486	5.351280	5.097870	3.623925	0	0
conventional	ce143	13	0	22.491670	0	14	7	6.375884	3.764291	6.830945	5.520550	0	0
conventional	ce144	13	0	21.096549	0	14	7	3.987672	4.464506	7.394882	5.249489	0	0
conventional	ce145	13	0	14.596579	0	14	7	2.079800	3.588995	6.689835	2.237949	0	0
holistic	he66	14	0	0	0	0	2	0	0	0	0	2.922125	0.789484
conventional	ce146	14	0	33.797224	0	14	7	8.884439	1.504498	15.789421	7.618866	0	0
conventional	ce147	14	0	17.449138	0	14	7	1.841125	5.648329	5.151746	4.807938	0	0
conventional	ce148	14	0	13.291160	0	14	7	3.184006	2.695759	3.704909	3.706486	0	0
conventional	ce149	14	0	26.501796	0	14	7	2.082946	1.766251	19.026963	3.625636	0	0
conventional	ce150	14	0	26.350845	0	14	7	3.689207	5.702439	11.302986	5.656213	0	0
conventional	ce151	15	0	21.750025	0	14	7	2.364620	2.301525	13.067622	4.016258	0	0
conventional	ce152	15	0	11.833346	0	14	7	0.563047	1.379971	8.067774	1.822554	0.129033	0
conventional	ce153	15	0	22.855390	0	14	7	1.409880	3.154491	8.868111	9.422908	0	0
conventional	ce154	16	0	19.316801	0	14	7	2.689520	5.717645	6.119053	4.790583	0	0
conventional	ce155	17	0	25.312158	0	14	7	2.360376	5.557832	9.068367	8.325583	0	0
conventional	ce156	17	0	14.113457	0	14	7	2.486950	4.504062	4.436456	2.685989	0	0
conventional	ce157	18	0	18.931104	0	14	7	3.326555	2.065046	5.670173	7.869330	0	0
conventional	ce158	18	0	22.238834	0	14	7	5.986742	1.688837	10.070061	4.493194	0	0
conventional	ce159	18	0	22.962328	0	14	7	6.827749	2.986520	3.726113	9.421946	0	0
conventional	ce160	19	0	33.160465	0	14	7	4.790224	8.093576	7.081265	13.195400	0	0
conventional	ce161	20	0	28.138545	0	14	7	4.469888	5.826607	11.899688	5.942362	0	0
conventional	ce162	21	0	32.315666	0	14	7	2.707314	3.382389	11.291359	14.934604	0	0
conventional	ce163	22	0	13.752642	0	14	7	0.614514	4.258939	5.600561	3.278628	0	0
conventional	ce164	22	0	33.354177	0	14	7	5.712904	6.580039	16.185857	4.875377	2.274684	0
conventional	ce165	23	0	21.319949	0	14	7	8.113872	4.207971	4.381761	4.616345	0	0
conventional	ce166	24	0	19.267767	0	14	7	1.977242	5.895649	7.538704	3.856172	0	0
conventional	ce167	25	0	14.182616	0	14	7	1.443241	5.019066	4.696993	3.023316	0	0
conventional	ce168	25	0.041768	14.973740	1	14	7	1.534968	3.686256	7.034914	2.717602	0	0
conventional	ce169	25	0	23.787780	0	14	7	1.705884	3.136670	16.186669	2.758557	0	0
conventional	ce170	25	0	32.228186	0	14	7	4.371762	8.587388	6.967747	12.301289	0	0
conventional	ce171	26	0.789193	25.822938	1	14	7	0.762292	3.724425	7.523106	13.813115	0	0
conventional	ce172	27	0	23.962701	0	14	7	6.577585	1.897596	8.755406	6.732114	0	0
conventional	ce173	28	0	30.872418	0	14	7	3.776494	1.245793	10.608271	15.241860	0	0
conventional	ce174	29	0	34.738432	0	14	7	1.409107	4.430585	10.802856	18.095884	0	0
conventional	ce175	29	0	14.558099	0	14	7	3.022477	4.185142	4.402824	2.947656	0	0
conventional	ce176	30	0	21.490213	0	14	7	3.838449	0.966631	5.545832	11.139301	0.945910	0
conventional	ce177	32	0	32.860078	0	14	7	0.869922	4.311226	19.990326	7.688604	0	0
conventional	ce178	32	1.208034	29.937045	1	14	7	3.971078	5.375777	11.843440	8.746750	0	0
conventional	ce179	33	0	29.213248	0	14	7	5.224554	2.411959	10.220300	11.356435	0	0
conventional	ce180	34	0	26.899290	0	14	7	4.805459	5.719695	10.093455	6.280681	0.482144	0
conventional	ce181	35	0	25.347179	0	14	7	4.494680	2.352183	12.885272	5.615044	2.190626	0
conventional	ce182	36	0	29.427797	0	14	7	4.308007	1.713823	10.710087	12.695880	0	0
conventional	ce183	37	0	31.226986	0	14	7	4.396834	5.875289	13.622245	7.332618	0	0
conventional	ce184	42	0	18.333578	0	14	7	3.768779	2.223934	8.477405	3.863460	0.778544	0
conventional	ce185	43	0	20.495156	0	14	7	4.464807	0.966172	6.959800	8.104377	0.945910	0
conventional	ce186	45	0	32.799673	0	14	7	6.254932	3.569729	17.764499	5.210513	2.190626	0
conventional	ce187	46	0	21.532417	0	14	7	4.061331	0.581551	6.531876	10.357659	0	0
conventional	ce188	48	0	30.685135	0	14	7	3.867145	5.693646	13.321008	7.803336	0.482144	0
conventional	ce189	49	0	28.380737	0	14	7	2.212674	4.346372	13.741519	8.080172	0	0
conventional	ce190	53	0	15.189424	0	14	7	1.197572	3.128266	5.130378	5.733208	0	0
conventional	ce191	53	0	33.263158	0	14	7	1.901548	2.609506	13.945796	14.806308	0	0
conventional	ce192	61	0	18.965165	0	14	7	1.393487	2.706516	9.360300	5.504862	0	0
conventional	ce193	61	0	23.499060	0	14	7	0.511547	1.389437	15.499502	6.098574	0	0
conventional	ce194	62	0	23.213172	0	14	7	1.300575	7.174385	9.149389	5.588823	0	0
conventional	ce195	62	0	28.732422	0	14	7	2.592427	2.398927	22.224277	1.516791	0	0
conventional	ce196	63	0	26.399518	0	14	7	1.351615	2.152593	17.650722	5.244588	0	0
conventional	ce197	63	0	35.893582	0	14	7	3.949199	4.684575	8.885707	18.374101	0	0
conventional	ce198	63	0	28.929259	0	14	7	3.907944	4.233751	13.904925	6.882639	0	0
conventional	ce199	64	0	27.891098	0	14	7	3.946791	1.115833	11.212737	11.615737	0	0
conventional	ce200	64	0	27.567245	0	14	7	2.664344	2.531836	14.316694	8.054371	0	0
conventional	ce201	64	0	24.120222	0	14	7	4.043470	0.526440	8.008662	11.541650	0.945910	0
conventional	ce202	64	0	28.007402	0	14	7	3.527475	7.409370	11.701021	5.369536	0	0
conventional	ce203	65	0	25.745277	0	14	7	6.554953	2.303847	9.331639	7.554838	0	0
conventional	ce204	65	0	20.197629	0	14	7	5.998634	1.812812	8.193735	4.192448	2.190626	0
conventional	ce205	65	0	30.669305	0	14	7	1.238324	3.190454	22.138607	4.101920	0	0
conventional	ce206	65	0	15.901994	0	14	7	1.254063	6.038957	5.298416	3.310558	0	0
conventional	ce207	65	0	27.626195	0	14	7	1.810347	1.474823	20.210041	4.130984	0	0
conventional	ce208	65	0	20.362410	0	14	7	4.122458	1.243093	6.985529	8.011330	0	0
conventional	ce209	65	0	31.219344	0	14	7	0.537491	3.564614	17.409994	9.707245	0	0
conventional	ce210	65	0	19.894262	0	14	7	7.987972	0.978789	6.171300	4.756201	0	0
conventional	ce211	65	0	25.898233	0	14	7	2.373356	6.009479	11.966211	5.549187	0	0
conventional	ce212	66	0	41.284415	0	14	7	7.574490	6.306140	21.960377	5.443408	2.067319	0
conventional	ce213	66	1.208034	31.586227	1	14	7	3.924429	5.616893	13.916255	8.128650	0	0
conventional	ce214	66	0	23.464296	0	14	7	1.817693	5.731559	9.258504	6.656540	0	0
conventional	ce215	67	0	14.879728	0	14	7	1.023468	3.567254	8.218580	2.070426	0	0
conventional	ce216	67	0	22.629816	0	14	7	5.010481	1.877693	7.771918	7.969724	0	0
conventional	ce217	67	0	27.167900	0	14	7	1.713062	1.880660	20.249233	3.324945	0	0
conventional	ce218	67	1.208034	35.529264	1	14	7	4.653512	5.773929	13.004088	12.097735	0	0
conventional	ce219	67	0	41.406116	0	14	7	2.312546	3.724603	15.518537	19.850430	0	0
conventional	ce220	68	0	24.121102	0	14	7	4.171360	3.723262	10.875625	5.350855	0.172033	0
conventional	ce221	68	0	14.725313	0	14	7	3.087976	3.831928	3.568640	4.236769	0	0
conventional	ce222	68	0	15.627953	0	14	7	1.381322	0.409075	10.336450	3.501106	0	0
conventional	ce223	68	0	35.441242	0	14	7	0.777709	5.284105	21.690958	7.688470	0	0
conventional	ce224	68	1.208034	35.279713	1	14	7	4.896710	1.968959	13.673656	14.740388	0	0
conventional	ce225	68	0	27.639623	0	14	7	3.507082	2.154276	7.684443	14.293822	1.430305	0
conventional	ce226	68	0	18.390839	0	14	7	1.977558	0.564231	10.025190	5.823860	0	0
conventional	ce227	68	0	23.712528	0	14	7	2.474166	5.116008	8.058342	8.064012	0	0
conventional	ce228	69	0	17.218449	0	14	7	1.754475	3.714674	7.099719	4.649581	0	0
conventional	ce229	70	0	38.636197	0	14	7	1.199181	1.510228	24.062811	11.863977	0	0
conventional	ce230	70	0	24.440606	0	14	7	6.418516	2.229183	5.725836	10.067071	0	0
conventional	ce231	70	0	32.513672	0	14	7	4.067127	5.667140	19.320481	3.458924	2.190626	0
conventional	ce232	70	0	33.700178	0	14	7	4.257781	5.505052	15.143185	8.794160	0	0
conventional	ce233	71	0	27.386055	0	14	7	4.444750	3.700920	12.585709	6.654676	0.288156	0
conventional	ce234	71	0	16.215500	0	14	7	1.704100	3.481295	6.373465	4.656640	0	0
conventional	ce235	71	1.208034	29.643849	1	14	7	3.564170	0.669440	10.379878	15.030361	0	0
conventional	ce236	71	0	17.053276	0	14	7	6.898531	1.815946	5.159257	3.179542	0	0
conventional	ce237	71	0	21.861086	0	14	7	3.123131	0.467851	8.055349	10.214755	0.945910	0
conventional	ce238	71	0	31.142278	0	14	7	1.506541	4.156079	17.660076	7.819582	0	0
conventional	ce239	72	0	17.200779	0	14	7	0.740635	3.514544	6.815837	6.129763	0	0
conventional	ce240	72	0	19.766605	0	14	7	3.880137	1.752962	10.201787	3.931719	0.558312	0
conventional	ce241	72	0	33.833956	0	14	7	3.285987	4.215794	11.741120	14.591055	0	0
conventional	ce242	72	0	25.434138	0	14	7	6.291296	1.528081	8.649692	8.965069	1.658394	0
conventional	ce243	73	0	31.062858	0	14	7	3.805539	1.794088	9.736413	15.726818	0	0
conventional	ce244	73	0	14.022055	0	14	7	1.787989	4.543587	5.312638	2.377841	0	0
conventional	ce245	73	0	26.181991	0	14	7	5.028251	1.881242	8.299733	10.972765	2.610092	0
conventional	ce246	73	0	28.837219	0	14	7	3.681155	2.450598	10.037290	12.668176	0.945910	0
conventional	ce247	74	1.052726	18.239279	1	14	7	3.546166	3.405146	4.843780	6.444187	0	0
conventional	ce248	74	0.937093	35.219755	1	14	7	4.698028	5.460506	13.408490	11.652731	0	0
conventional	ce249	74	0	39.009568	0	14	7	5.122594	3.283120	15.477415	15.126439	0	0
conventional	ce250	74	0	16.930000	0	14	7	1.637339	5.854224	4.761090	4.677347	0	0
conventional	ce251	74	0	23.020564	0	14	7	7.368500	3.268345	4.178173	8.205546	0	0
conventional	ce252	74	0.806158	31.262987	1	14	7	3.377998	0.708530	10.678316	16.498143	0	0
conventional	ce253	75	0	22.539086	0	14	7	2.223580	6.080945	7.536652	6.697909	0	0
conventional	ce254	75	0	20.208264	0	14	7	1.669049	2.414958	9.890464	6.233793	0	0
conventional	ce255	75	0	30.562230	0	14	7	4.231091	5.387741	14.180659	6.762739	0	0
conventional	ce256	77	0	18.974240	0	14	7	3.118908	2.378246	5.983344	7.493742	1.430305	0
conventional	ce257	77	0	21.228508	0	14	7	6.338455	1.491186	4.224397	9.174470	0	0
conventional	ce258	77	0.770410	35.959820	1	14	7	5.560647	6.062481	11.539347	12.797345	1.517108	0
conventional	ce259	78	0	16.443153	0	14	7	1.074893	3.298319	5.843060	6.226881	0	0
conventional	ce260	78	1.208034	25.148986	1	14	7	4.079357	1.767491	6.757679	12.544459	0	0
conventional	ce261	79	0	16.987349	0	14	7	0.673482	1.711365	12.034006	2.568496	0	0
conventional	ce262	79	0	33.736451	0	14	7	1.118448	4.317268	17.668314	10.632421	0.945910	0
conventional	ce263	79	0	29.989793	0	14	7	1.725869	4.159993	9.133128	14.970803	0	0
conventional	ce264	80	0	19.937548	0	14	7	2.165292	6.465642	6.835146	4.471468	0	0
conventional	ce265	80	0	34.104120	0	14	7	1.989239	2.839838	12.806664	16.468379	0	0
conventional	ce266	80	0	24.056058	0	14	7	5.764838	2.202128	6.403742	9.685350	0	0
conventional	ce267	80	0.789193	33.173382	1	14	7	1.464201	2.794274	12.343926	16.570981	0	0
conventional	ce268	80	1.208034	44.114267	1	14	7	4.822636	3.646100	15.628445	20.017086	0	0
conventional	ce269	81	0	33.649720	0	14	7	4.090813	6.578559	14.297857	8.682491	0.103284	0
conventional	ce270	81	0	19.121627	0	14	7	1.142973	3.630585	5.628074	8.719995	0	0
conventional	ce271	82	0	16.063959	0	14	7	0.908217	5.097981	6.746845	3.310916	0	0
conventional	ce272	82	0	14.410182	0	14	7	1.130168	2.709019	7.283423	3.287572	0	0
conventional	ce273	82	0	21.791786	0	14	7	1.558905	5.353662	7.939931	6.939288	0	0
conventional	ce274	83	0	29.737993	0	14	7	2.093747	2.580571	21.383005	3.680670	0	0
conventional	ce275	84	0	25.506734	0	14	7	4.417409	1.248260	9.509293	10.331772	0.715986	0
conventional	ce276	84	0	28.942294	0	14	7	4.179469	7.014951	11.885789	5.862085	0	0
conventional	ce277	85	0	19.805195	0	14	7	4.764888	1.592185	10.046464	3.401658	0.558312	0
conventional	ce278	85	0	21.293185	0	14	7	4.749754	3.514299	10.457611	2.571521	0	0
conventional	ce279	85	0	33.900810	0	14	7	2.844103	4.199211	11.878533	14.978963	0	0
conventional	ce280	85	0	25.771058	0	14	7	4.755808	1.077836	8.015212	11.922202	0.945910	0
conventional	ce281	85	0	33.697561	0	14	7	1.737643	3.444995	20.815083	7.699840	0.945910	0
conventional	ce282	85	0	27.437052	0	14	7	5.417943	5.286795	10.936776	5.795538	0	0
conventional	ce283	86	0.937093	33.678056	1	14	7	4.411404	4.640398	12.169515	12.456739	0	0
conventional	ce284	87	0	26.695864	0	14	7	4.858986	5.813039	9.540255	6.483584	0.073200	0
conventional	ce285	87	1.208034	18.892258	1	14	7	2.011236	3.814446	7.224672	5.841904	0	0
conventional	ce286	87	0	19.272640	0	14	7	1.150102	2.698846	10.413505	5.010187	0	0
conventional	ce287	87	0	16.654915	0	14	7	2.944728	1.638470	7.557342	4.514375	0	0
conventional	ce288	88	0	18.526787	0	14	7	2.230941	3.267980	7.111622	5.916244	0	0
conventional	ce289	89	2.559297	31.035712	1	14	7	6.651820	1.872783	11.067938	11.443171	0	0
conventional	ce290	89	0	13.795709	0	14	7	3.021330	1.650707	7.251900	1.871772	0.718625	0
conventional	ce291	89	0	30.101375	0	14	7	4.773284	1.782389	8.061845	15.483857	1.430305	0
conventional	ce292	89	0	35.325910	0	14	7	5.567829	6.093486	14.926846	8.737749	0.482144	0
conventional	ce293	89	0	41.059686	0	14	7	2.786817	4.440973	11.007276	22.824620	0.840811	0
conventional	ce294	89	0	24.193007	0	14	7	6.856009	3.065398	4.715194	9.556406	0	0
conventional	ce295	90	0	41.594184	0	14	7	2.539787	3.116407	14.922262	21.015728	0	0
conventional	ce296	90	0	19.855753	0	14	7	2.127004	2.896576	4.519944	10.312229	0	0
conventional	ce297	90	1.292379	36.188251	1	14	7	5.651438	6.025696	13.464311	11.046806	1.517108	0
conventional	ce298	91	0	25.551877	0	14	7	3.560283	3.303645	13.060308	5.627641	0.172033	0
conventional	ce299	91	1.208034	12.813395	1	14	7	0.783316	2.539829	6.357378	3.132872	0	0
conventional	ce300	91	0	16.705597	0	14	7	3.026350	1.485031	8.926935	3.267281	0.558312	0
conventional	ce301	92	0	32.535179	0	14	7	6.611480	5.521447	12.565093	7.837159	0	0
conventional	ce302	92	1.208034	15.699508	1	14	7	1.863495	1.769339	5.812479	6.254195	0	0
conventional	ce303	92	0	43.062724	0	14	7	3.669294	5.556610	16.076715	17.760105	0	0
conventional	ce304	92	0	19.538083	0	14	7	2.108411	5.144729	9.616738	2.668205	0	0
conventional	ce305	93	0	27.398607	0	14	7	7.863218	2.337237	10.649415	6.548737	0	0
conventional	ce306	93	1.127174	29.724377	1	14	7	3.774917	1.974877	9.310615	14.663968	0	0
conventional	ce307	93	0	20.384955	0	14	7	5.647440	2.641368	9.725320	2.370827	0.558312	0
conventional	ce308	94	0	15.658169	0	14	7	0.102282	2.082317	6.972758	6.500812	0	0
conventional	ce309	94	0	26.720236	0	14	7	5.290650	5.254637	9.426073	6.748876	0	0
conventional	ce310	94	0	25.000913	0	14	7	6.314449	0.554670	9.782828	8.348966	0.945910	0
conventional	ce311	95	0.937093	33.714282	1	14	7	2.964417	4.167963	15.260958	11.320944	0	0
conventional	ce312	95	0	24.525626	0	14	7	5.189300	3.545741	4.601889	11.188696	0	0
conventional	ce313	96	0	22.782049	0	14	7	3.253083	4.768949	10.628094	4.131923	2.190626	0
conventional	ce314	96	0.937093	38.709444	1	14	7	3.636789	7.280334	14.433681	13.358640	0	0
conventional	ce315	96	0	19.416645	0	14	7	0.929682	1.898732	12.809985	3.778246	0	0
conventional	ce316	97	1.325341	29.558322	1	14	7	3.193834	3.676615	14.332597	8.355276	0	0
conventional	ce317	97	0.937093	27.034658	1	14	7	3.597421	4.212496	12.174023	7.050718	0	0
conventional	ce318	97	0	21.556552	0	14	7	4.671742	2.828994	12.387458	1.668358	0.558312	0
conventional	ce319	98	0	27.311099	0	14	7	5.545804	5.318903	10.057944	6.388448	0	0
conventional	ce320	98	0.937093	41.000463	1	14	7	3.944313	6.953472	15.527835	14.574843	0	0
conventional	ce321	98	0	29.216370	0	14	7	3.458201	3.633629	6.757087	15.367453	1.430305	0
conventional	ce322	99	0.789193	33.904915	1	14	7	4.458813	6.225253	10.590839	12.630010	0	0
conventional	ce323	99	1.021547	30.855438	1	14	7	4.771043	2.451255	9.841939	13.791201	0	0
conventional	ce324	100	0	15.521162	0	14	7	1.252807	2.719279	6.783805	4.765271	0	0
conventional	ce325	101	0	26.895252	0	14	7	4.411243	1.232124	9.677442	11.574443	0.615339	0
conventional	ce326	102	0	23.586995	0	14	7	2.990562	3.223553	11.324589	6.048291	0	0
conventional	ce327	103	0.789193	33.432493	1	14	7	4.168971	6.640820	14.332733	8.289969	0	0
conventional	ce328	104	1.208034	30.637924	1	14	7	3.932862	3.507109	7.787044	15.410909	0	0
conventional	ce329	104	0	25.881371	0	14	7	4.780894	2.162840	11.731843	7.205794	0	0
conventional	ce330	105	0	28.430459	0	14	7	3.793197	2.690741	15.475093	6.471428	0.172033	0
conventional	ce331	106	0	30.062497	0	14	7	2.422463	5.164002	14.778176	7.697856	0	0
conventional	ce332	107	0	24.578917	0	14	7	6.066871	3.596818	7.362610	7.552618	0.494756	0
conventional	ce333	108	0	29.491215	0	14	7	5.618547	5.038710	13.405514	5.428444	0	0
conventional	ce334	108	0.937093	42.383501	1	14	7	2.271305	5.783851	14.230831	20.097514	0	0
conventional	ce335	109	0	21.404522	0	14	7	1.659424	2.130869	12.688030	4.926199	0	0
conventional	ce336	113	0	27.243730	0	14	7	7.428764	0.801646	4.455532	14.557788	0	0
conventional	ce337	114	0	19.363211	0	14	7	1.852344	2.216362	8.578171	6.716334	0	0
conventional	ce338	116	0	32.653267	0	14	7	6.001417	7.159446	13.246157	6.246247	0	0
conventional	ce339	116	0	33.402852	0	14	7	9.567995	2.980359	8.370688	12.483810	1.430305	0
conventional	ce340	117	0	21.191745	0	14	7	4.327154	1.212467	7.514997	8.137127	0	0
conventional	ce341	119	0	35.506555	0	14	7	4.684642	6.262471	14.525104	10.034338	0	0
conventional	ce342	121	0	17.694843	0	14	7	1.558094	6.295291	5.863653	3.977805	0	0
conventional	ce343	121	0	21.641601	0	14	7	4.832794	0.862670	12.438338	3.507799	0.558312	0
conventional	ce344	123	0	24.703851	0	14	7	3.695031	0.621741	9.175344	11.211735	0.945910	0
conventional	ce345	123	0	30.675510	0	14	7	5.372544	4.677648	12.999443	7.625875	0	0
conventional	ce346	124	0	13.890073	0	14	7	3.358786	1.897662	6.830185	1.803440	0.282179	0
conventional	ce347	125	0	23.750972	0	14	7	6.407922	1.964903	7.232525	8.145622	0.494756	0
conventional	ce348	125	0	45.509448	0	14	7	3.922802	8.347980	19.351960	13.886706	1.317948	0
conventional	ce349	125	0	22.612550	0	14	7	4.643187	3.622118	9.366127	4.981118	0.172033	0
conventional	ce350	125	0	20.806620	0	14	7	0.515928	4.204377	12.343083	3.743232	0	0
conventional	ce351	126	1.474836	25.486732	1	14	7	0.913935	3.423582	16.569531	4.579684	0.039748	0
conventional	ce352	127	0.903261	21.876013	1	14	7	3.445760	7.540964	7.239713	3.649576	0	0
conventional	ce353	127	0	24.508752	0	14	7	2.658549	3.417562	11.610636	6.822005	0	0
conventional	ce354	127	0	30.431987	0	14	7	1.799026	3.450290	13.314209	11.868462	0	0
conventional	ce355	127	0	17.101472	0	14	7	3.016653	1.567414	9.332493	3.184912	0.558312	0
conventional	ce356	128	0	29.359174	0	14	7	5.405540	1.948903	10.045561	11.959170	0	0
conventional	ce357	128	0.516960	33.858870	1	14	7	4.169236	7.005137	11.463059	11.221438	1.517108	0
conventional	ce358	128	0	28.356336	0	14	7	3.905868	5.173834	12.373825	6.902809	0	0
conventional	ce359	128	0	16.854766	0	14	7	3.003454	1.577177	8.855526	3.418609	0.558312	0
conventional	ce360	128	0	31.087472	0	14	7	7.501424	3.522000	10.363387	9.700661	0.555580	0
conventional	ce361	129	0	17.527056	0	14	7	3.248872	0.313097	9.876880	4.088207	0.558312	0
conventional	ce362	130	0.516960	35.232255	1	14	7	4.157882	6.752457	11.033228	13.288688	1.517108	0
conventional	ce363	130	0	31.797838	0	14	7	4.170228	5.402442	9.714800	12.510368	0	0
conventional	ce364	131	0	24.992844	0	14	7	4.666616	2.290867	11.907012	6.128349	0.172033	0
conventional	ce365	131	0	30.343255	0	14	7	4.568746	5.847773	14.273820	5.652916	0	0
conventional	ce366	131	0	29.538989	0	14	7	7.708761	3.073462	9.188317	9.568449	0.555580	0
conventional	ce367	132	0.148696	31.542955	1	14	7	6.964635	4.791550	12.686542	7.100228	0	0
conventional	ce368	132	0.789193	16.981397	1	14	7	0.561854	4.967111	7.115266	4.337166	0	0
conventional	ce369	133	0	25.968156	0	14	7	5.220820	4.469207	10.436450	5.841679	0	0
conventional	ce370	134	0	20.060344	0	14	7	5.893618	1.378752	3.783014	9.004960	0	0
conventional	ce371	134	1.325341	26.962972	1	14	7	2.567092	3.170783	13.349562	7.875535	0	0
conventional	ce372	134	0	28.533784	0	14	7	3.924604	4.004244	12.760863	7.844073	0.172033	0
conventional	ce373	134	0	26.278104	0	14	7	3.385991	3.610102	7.270311	12.011700	0	0
conventional	ce374	135	0	30.116475	0	14	7	4.784558	5.402305	14.020029	5.909583	0.788907	0
conventional	ce375	135	0	24.534647	0	14	7	3.349438	2.099987	8.476715	10.608507	0.945910	0
conventional	ce376	137	0	30.672724	0	14	7	7.501424	3.951710	10.638470	8.581120	0.250405	0
conventional	ce377	137	0	30.208217	0	14	7	2.980648	3.459572	6.631204	17.136793	0.558312	0
conventional	ce378	138	0	22.016404	0	14	7	3.233028	2.778732	10.195591	5.809053	0	0
conventional	ce379	138	0.424994	23.929305	1	14	7	4.396530	1.131387	11.385100	7.016288	0	0
conventional	ce380	138	0	20.560783	0	14	7	5.516406	0.846286	5.750039	8.448052	0	0
conventional	ce381	139	0	26.610063	0	14	7	5.948802	5.333263	10.256298	5.071700	1.430305	0
conventional	ce382	139	0	31.628593	0	14	7	6.491662	1.394379	14.625950	9.116602	0	0
conventional	ce383	139	1.208034	33.537540	1	14	7	5.261406	3.521312	8.864982	15.889840	0	0
conventional	ce384	140	0.418041	20.893153	1	14	7	6.041822	0.639638	6.822429	7.389264	0	0
conventional	ce385	140	0	19.887138	0	14	7	1.554611	3.886313	9.940493	4.505721	0.292948	0
conventional	ce386	140	0	22.548658	0	14	7	0.175137	2.948477	15.103210	4.321834	0	0
conventional	ce387	140	0	25.537134	0	14	7	3.922655	0.753863	10.648690	10.211926	0.945910	0
conventional	ce388	142	0.516960	32.384934	1	14	7	3.794848	5.816360	10.469176	12.304550	1.872037	0
conventional	ce389	142	0	25.819098	0	14	7	5.067023	4.191774	9.267860	7.292441	0	0
conventional	ce390	143	0	21.581417	0	14	7	5.135480	3.617303	9.206534	3.622100	0	0
conventional	ce391	143	0	30.742779	0	14	7	6.014601	4.486893	14.880669	5.360616	0	0
conventional	ce392	143	0	20.871298	0	14	7	5.005794	4.614877	7.676560	3.574067	2.391312	0
conventional	ce393	145	0	23.553557	0	14	7	4.917010	4.617789	8.040807	5.977951	0	0
conventional	ce394	145	0.474954	18.729549	1	14	7	1.662942	3.665686	9.324921	4.076000	0	0
conventional	ce395	145	0	22.834059	0	14	7	3.412677	1.053750	10.726748	7.640884	0.558312	0
conventional	ce396	145	0	30.650856	0	14	7	5.198017	5.329852	14.853684	5.269303	0	0
conventional	ce397	147	0	21.827539	0	14	7	2.865356	4.006955	4.738423	10.216805	0.292948	0
conventional	ce398	147	0	32.915965	0	14	7	4.243834	4.309896	17.360940	7.001295	0.172033	0
conventional	ce399	147	0.179534	48.188983	1	14	7	3.267452	2.566791	19.370060	22.984680	0	0
conventional	ce400	149	0	21.225941	0	14	7	5.182811	0.997501	6.427044	8.618585	0	0
conventional	ce401	149	2.144913	29.426973	1	14	7	3.277180	3.218033	15.988258	6.943502	0	0
conventional	ce402	149	0	17.383977	0	14	7	3.159641	1.471107	9.868019	2.885210	1.125359	0
conventional	ce403	149	0	22.516542	0	14	7	5.258113	3.719284	8.889747	4.649398	0.140937	0
conventional	ce404	150	0	37.907917	0	14	7	4.420891	9.190130	16.367268	7.929628	0	0
conventional	ce405	150	0	7.576569	0	14	7	0.534415	0.303360	4.546841	2.191953	0.558312	0
conventional	ce406	151	0	36.528683	0	14	7	7.106329	6.066953	16.796689	6.558712	0	0
conventional	ce407	151	0	24.267819	0	14	7	3.510329	5.191748	12.131493	3.434249	2.783584	0
conventional	ce408	151	0.903261	24.435413	1	14	7	3.830373	8.073467	8.682560	3.849013	0	0
conventional	ce409	152	0	17.259955	0	14	7	1.189795	2.505730	11.226962	2.337468	0	0
conventional	ce410	153	0	40.327893	0	14	7	5.159356	5.221559	19.573789	10.373189	0	0
conventional	ce411	153	1.474836	33.604330	1	14	7	0.510710	4.323529	20.754451	8.015640	0.039748	0
conventional	ce412	153	0	22.343371	0	14	7	5.354731	2.853175	8.887794	5.247671	0.172033	0
conventional	ce413	155	0	27.625939	0	14	7	4.879661	5.702274	10.258544	6.785460	0.555580	0
conventional	ce414	155	0	26.566515	0	14	7	6.575347	2.120343	13.053021	4.817804	0	0
conventional	ce415	155	0	16.989270	0	14	7	3.080858	1.915023	8.808477	3.184912	0.558312	0
conventional	ce416	156	0	19.586445	0	14	7	3.347272	0.215506	10.398862	5.624805	0.558312	0
conventional	ce417	156	0	31.610793	0	14	7	1.786110	6.571632	17.752604	5.500447	0	0
conventional	ce418	156	0	30.530330	0	14	7	4.242846	4.845205	8.485775	12.956504	0.140937	0
conventional	ce419	156	0	15.819980	0	14	7	4.021389	2.253793	5.669790	3.875008	0.282179	0
conventional	ce420	156	0	23.689919	0	14	7	5.851108	0.594182	7.688849	9.555780	1.237882	0
conventional	ce421	157	0	24.045267	0	14	7	7.782709	3.580394	8.923649	3.758515	0	0
conventional	ce422	158	0	26.901441	0	14	7	4.666588	5.515803	11.863322	4.855728	0	0
conventional	ce423	158	0	37.662359	0	14	7	6.686305	8.106484	15.539589	7.329981	0	0
conventional	ce424	158	0	33.852383	0	14	7	1.884320	6.561340	19.429954	5.976769	0	0
conventional	ce425	158	0	28.355264	0	14	7	4.399611	4.182442	11.532914	8.240297	0.494756	0
conventional	ce426	158	0	40.616779	0	14	7	3.228709	1.840478	16.361990	19.185602	0.172033	0
conventional	ce427	158	0	31.499944	0	14	7	4.134567	4.958839	11.840340	10.566198	0	0
conventional	ce428	158	0.161662	13.579123	1	14	7	1.664088	0.618046	3.413915	7.883074	0	0
conventional	ce429	160	0	24.414991	0	14	7	2.871629	2.751221	12.965762	5.826379	0.426282	0
conventional	ce430	160	0	23.834688	0	14	7	5.169703	2.711415	12.098823	3.854747	0	0
conventional	ce431	160	0	27.354603	0	14	7	6.501914	3.816522	10.660408	6.375759	0.140937	0
conventional	ce432	160	0	34.749884	0	14	7	1.065900	6.209976	21.852502	5.621506	0	0
conventional	ce433	160	0	23.547402	0	14	7	4.236440	1.747891	9.283697	8.279374	0	0
conventional	ce434	163	0	27.398732	0	14	7	4.626598	3.487512	10.861328	8.423294	0	0
conventional	ce435	163	0	18.480286	0	14	7	4.518971	0.564392	10.113850	3.283073	0.494756	0
conventional	ce436	163	1.325341	27.203099	1	14	7	1.641633	0.855429	14.584649	10.121388	0	0
conventional	ce437	164	0	12.753551	0	14	7	3.064447	1.508645	6.275172	1.905287	0.282179	0
conventional	ce438	164	0	31.879780	0	14	7	3.762941	4.936621	16.087247	7.092971	0	0
conventional	ce439	164	0	29.327065	0	14	7	5.582541	2.256020	10.482195	11.006309	0	0
conventional	ce440	164	0	13.920776	0	14	7	2.482611	0.679057	6.833077	3.926031	0.558312	0
conventional	ce441	165	0.148696	32.866016	1	14	7	7.576655	4.414303	13.542646	7.332412	0	0
conventional	ce442	165	0	28.209104	0	14	7	4.755486	5.131073	10.987128	7.335417	0.555580	0
conventional	ce443	165	0	23.494867	0	14	7	5.383881	3.670385	9.380214	5.060387	0.140937	0
conventional	ce444	166	0	24.423780	0	14	7	6.014682	3.719284	10.040416	4.649398	0	0
conventional	ce445	166	0	20.993914	0	14	7	3.851138	3.834378	6.157270	7.151128	0.282179	0
conventional	ce446	166	0.285393	40.667163	1	14	7	2.783845	5.472882	26.313767	6.096669	0	0
conventional	ce447	167	0	30.367880	0	14	7	5.068638	3.687861	9.171501	12.439880	0.587874	0
conventional	ce448	167	0.418041	20.254624	1	14	7	4.362574	1.737018	5.436469	8.718563	0	0
conventional	ce449	168	0	20.290779	0	14	7	1.741033	4.060414	10.082271	4.407061	0.435287	0
conventional	ce450	168	0.516960	35.163484	1	14	7	2.741568	6.183209	15.475450	10.763257	1.517108	0
conventional	ce451	169	0.585971	29.008035	1	14	7	2.933168	4.816555	15.825759	5.432553	1.517108	0
conventional	ce452	170	1.474836	21.643613	1	14	7	1.316569	2.536200	13.654456	4.136388	0.039748	0
conventional	ce453	171	0	33.459453	0	14	7	3.020995	6.827017	19.105529	4.505912	0.499052	0
conventional	ce454	172	0	26.157307	0	14	7	0.649061	1.877517	14.531307	9.099422	0.956627	0
conventional	ce455	172	0	26.911695	0	14	7	5.498310	4.364827	13.748073	3.300485	0	0
conventional	ce456	173	0	22.439335	0	14	7	4.422607	4.376548	10.951218	2.688962	0.140937	0
conventional	ce457	174	0	32.083120	0	14	7	2.390654	5.603783	20.242387	3.846296	0	0
conventional	ce458	175	0	18.769228	0	14	7	4.899662	3.361171	5.340024	5.168371	2.391312	0
conventional	ce459	175	0	38.123774	0	14	7	7.623872	3.418145	10.076785	17.004972	0.596104	0
conventional	ce460	176	0	17.708186	0	14	7	5.655445	2.246483	7.005851	2.800407	0.481553	0
conventional	ce461	177	0	25.768530	0	14	7	5.343492	0.596750	9.071846	10.756442	0.945910	0
conventional	ce462	178	0.418041	20.178669	1	14	7	6.041822	0.522791	6.434771	7.179285	0	0
conventional	ce463	178	0	27.648128	0	14	7	5.792462	5.573022	10.092742	6.189902	0	0
conventional	ce464	179	0	36.966852	0	14	7	0.541858	6.741545	23.297033	6.386416	0	0
conventional	ce465	180	0	20.612727	0	14	7	4.780053	3.501337	6.775679	5.555658	0.725498	0
conventional	ce466	182	0	19.227934	0	14	7	5.739337	1.339183	8.468961	3.680453	0.558312	0
conventional	ce467	183	0	10.275035	0	14	7	2.506243	0.332188	4.267927	3.168677	0	0
conventional	ce468	184	0	37.513292	0	14	7	6.318912	3.230520	17.369619	10.594241	0.435287	0
conventional	ce469	185	1.638404	26.859562	1	14	7	2.472760	3.806189	14.080110	6.500503	0	0
conventional	ce470	185	0	25.261497	0	14	7	4.986109	4.279266	9.270674	6.725448	2.331754	0
conventional	ce471	186	0	33.122772	0	14	7	5.971295	6.011048	9.615382	11.525047	2.039765	0
conventional	ce472	187	0	32.354931	0	14	7	4.184928	5.121230	16.366791	6.681982	0	0
conventional	ce473	187	0	17.240155	0	14	7	1.735995	0.335673	10.576574	4.591913	0.558312	0
conventional	ce474	187	0.285393	21.070169	1	14	7	0.535672	3.919869	13.469209	3.145419	0	0
conventional	ce475	187	0	29.854635	0	14	7	1.368264	8.021795	10.545488	9.919088	0.555580	0
conventional	ce476	187	1.325341	26.396401	1	14	7	3.806263	3.114872	13.268403	6.206863	0	0
conventional	ce477	188	0	39.028978	0	14	7	0.120932	6.632122	24.289124	7.986800	0	0
conventional	ce478	188	0	34.644052	0	14	7	6.326965	6.701372	11.654483	9.961232	0	0
conventional	ce479	188	0.516960	32.941202	1	14	7	2.693821	5.803246	13.200708	11.243427	1.517108	0
conventional	ce480	188	0	11.171353	0	14	7	2.622674	0.385689	4.916601	3.246389	0.140937	0
conventional	ce481	189	0.610595	35.045454	1	14	7	7.632168	3.475104	16.298153	7.640029	0	0
conventional	ce482	190	0	21.756436	0	14	7	3.559687	3.444763	8.236016	6.515970	0	0
conventional	ce483	190	0	29.911087	0	14	7	4.636917	6.330408	12.940415	6.003347	1.430305	0
conventional	ce484	190	0	25.159713	0	14	7	5.412749	3.553989	10.331850	5.861125	0.140937	0
conventional	ce485	191	0.301555	34.275150	1	14	7	7.789997	5.055237	13.732354	7.697562	0	0
conventional	ce486	191	0	22.106086	0	14	7	4.240766	3.695974	9.955726	4.213620	0.568690	0
conventional	ce487	191	0	34.595043	0	14	7	0.795104	7.633936	21.034087	5.131916	0	0
conventional	ce488	191	0	24.210778	0	14	7	5.977655	3.647403	8.090328	6.495392	0	0
conventional	ce489	192	0	31.092649	0	14	7	1.519704	8.230004	11.220870	10.122071	0.555580	0
conventional	ce490	192	0	27.689056	0	14	7	5.811979	5.541521	11.122801	5.212755	0.435287	0
conventional	ce491	192	0.424994	25.787585	1	14	7	4.783451	1.241618	11.575107	8.187409	0	0
conventional	ce492	193	0	23.129070	0	14	7	4.212557	3.851298	10.513968	4.551247	2.391312	0
conventional	ce493	193	0	17.523469	0	14	7	1.718551	2.871256	8.931322	4.002340	0.558845	0
conventional	ce494	193	0	19.343921	0	14	7	2.912354	0.590711	9.220552	6.620304	0.558312	0
conventional	ce495	193	0.424994	24.328890	1	14	7	3.599718	1.325641	11.945353	7.458178	0	0
conventional	ce496	194	0	30.986638	0	14	7	5.383772	5.519145	16.763378	3.320343	0	0
conventional	ce497	194	0	25.979633	0	14	7	6.329612	4.719855	11.482524	3.447642	0.287967	0
conventional	ce498	194	0	10.867034	0	14	7	2.608604	0.331072	5.219531	2.707827	2.391312	0
conventional	ce499	194	0	26.532996	0	14	7	6.127703	3.484399	9.731156	7.189738	0	0
conventional	ce500	196	0	29.610292	0	14	7	4.079485	5.329852	14.924335	5.276620	0	0
conventional	ce501	198	0	33.947200	0	14	7	2.134119	6.557647	21.464497	3.790937	0	0
conventional	ce502	198	0	32.432543	0	14	7	1.764051	7.902062	11.074158	11.692272	0.575697	0
conventional	ce503	198	0.285393	38.373710	1	14	7	2.504681	4.419621	24.353377	7.096031	0	0
conventional	ce504	199	0	41.505550	0	14	7	0.544912	7.461318	25.672611	7.826709	0	0
conventional	ce505	199	0	21.774810	0	14	7	4.195520	3.765952	8.710154	5.103184	0.098215	0
conventional	ce506	200	0	36.286165	0	14	7	5.284795	7.826284	17.216497	5.958589	1.430305	0
conventional	ce507	200	0	11.384711	0	14	7	4.292638	0.745518	4.124983	2.221572	2.428735	0
conventional	ce508	200	0	29.703357	0	14	7	5.262114	3.139489	16.132070	5.169684	0	0
conventional	ce509	201	0	14.288956	0	14	7	2.583978	0.629040	6.479725	4.596213	0	0
conventional	ce510	202	0	12.491438	0	14	7	1.635887	0.191402	8.008142	2.656007	0.558312	0
conventional	ce511	203	0	26.713471	0	14	7	4.528443	3.874480	13.353694	4.956854	0.421758	0
conventional	ce512	203	0.060922	30.694773	1	14	7	7.925498	4.213163	11.523680	7.032432	1.970893	0
conventional	ce513	203	0	31.240751	0	14	7	2.711188	9.362174	8.198605	10.968784	0.660722	0
conventional	ce514	204	0	18.810357	0	14	7	4.834377	1.052105	8.553438	4.370437	0.558312	0
conventional	ce515	205	0	13.164801	0	14	7	2.385542	1.382173	7.587513	1.809573	1.125359	0
conventional	ce516	206	0	17.451558	0	14	7	2.062938	0.719001	10.062115	4.607504	1.309115	0
conventional	ce517	208	0	21.278467	0	14	7	3.416139	3.464595	7.009032	7.388701	2.391312	0
conventional	ce518	209	0	25.180116	0	14	7	7.091963	2.480546	11.515872	4.091735	0	0
conventional	ce519	209	0	20.891498	0	14	7	1.916881	0.771526	9.488729	8.714362	0.558312	0
conventional	ce520	209	1.697130	31.287239	1	14	7	3.832246	5.430914	14.787713	7.236366	0	0
conventional	ce521	210	0	39.264922	0	14	7	0.990774	7.941688	23.563434	6.769026	0	0
conventional	ce522	210	0	17.961115	0	14	7	1.966657	0.516753	10.443018	5.034687	0.997031	0
conventional	ce523	211	0.424994	27.423993	1	14	7	4.776787	0.621400	14.385747	7.640059	0	0
conventional	ce524	211	0	33.783185	0	14	7	0.838854	6.297042	19.697935	6.949354	0	0
conventional	ce525	212	0	11.302696	0	14	7	3.045065	0.657638	5.730959	1.869034	2.428735	0
conventional	ce526	213	0	37.419415	0	14	7	3.986253	8.881586	15.712885	8.838691	1.430305	0
conventional	ce527	213	0	28.645313	0	14	7	0.431606	6.938062	16.980794	4.294851	0	0
conventional	ce528	215	0.230885	23.043499	1	14	7	1.719963	5.823733	8.429527	7.070276	0.555580	0
conventional	ce529	215	0.060922	28.691181	1	14	7	6.806387	3.505317	12.341997	6.037480	1.970893	0
conventional	ce530	215	0	38.628858	0	14	7	2.062949	6.115263	24.096203	6.354443	0	0
conventional	ce531	215	0	36.487423	0	14	7	3.290418	7.033301	18.714281	7.449423	0	0
conventional	ce532	216	0	28.664849	0	14	7	5.052946	2.529403	10.562648	10.519852	0	0
conventional	ce533	216	0	39.344064	0	14	7	3.684501	8.665745	16.714394	10.279424	1.430305	0
conventional	ce534	216	0.148696	27.523509	1	14	7	8.511784	1.775335	12.262683	4.973707	0	0
conventional	ce535	218	1.325341	25.346242	1	14	7	2.454536	3.300557	14.348605	5.242544	0	0
conventional	ce536	218	0	28.169003	0	14	7	1.515434	7.760322	9.328406	9.564841	0.555580	0
conventional	ce537	218	0	34.118167	0	14	7	5.929893	1.188787	13.915448	13.084039	0.677048	0
conventional	ce538	219	0.424994	24.154294	1	14	7	4.554703	2.077431	11.814564	5.707596	0	0
conventional	ce539	220	0.285393	36.664642	1	14	7	2.302773	3.781200	25.561784	5.018885	0	0
conventional	ce540	220	0.060922	32.085853	1	14	7	8.493000	4.053729	14.017800	5.521324	1.970893	0
conventional	ce541	220	0	24.895466	0	14	7	4.101869	4.057579	11.049138	5.686880	0.421758	0
conventional	ce542	220	0	36.561957	0	14	7	2.299370	8.606080	21.444413	4.212094	0	0
conventional	ce543	223	0	11.658096	0	14	7	3.785435	0.389849	4.106954	3.375858	0.481391	0
conventional	ce544	224	0	28.350009	0	14	7	4.750653	1.164278	12.446347	9.988731	0.558312	0
conventional	ce545	224	0	32.714809	0	14	7	4.742270	0.472281	15.146054	12.354204	0.677048	0
conventional	ce546	225	0	26.442661	0	14	7	5.425600	4.046602	9.404364	7.566095	2.523093	0
conventional	ce547	225	0.138336	21.393637	1	14	7	1.150522	4.917943	9.679867	5.645305	0.555580	0
conventional	ce548	225	0	20.026409	0	14	7	5.539310	1.202204	8.889782	4.395113	0.558312	0
conventional	ce549	225	0	35.755766	0	14	7	4.407790	6.864560	15.189505	9.293911	1.430305	0
conventional	ce550	225	0	32.172656	0	14	7	6.637149	6.305149	12.841793	6.388565	0	0
conventional	ce551	226	0	36.627933	0	14	7	0.659479	8.148934	21.558480	6.261040	0	0
conventional	ce552	226	0	26.617083	0	14	7	6.892524	3.683384	9.802216	6.238959	0.154640	0
conventional	ce553	228	0.424994	25.409778	1	14	7	4.153503	1.078131	12.936444	7.241700	0	0
conventional	ce554	228	0.442299	10.904943	1	14	7	2.538084	0.180830	5.035904	3.150125	2.391312	0
conventional	ce555	229	0.285393	49.790739	1	14	7	3.242125	4.789432	30.690151	11.069031	0.799605	0
conventional	ce556	229	0	28.778670	0	14	7	6.538331	5.408038	11.486960	5.345341	0.145964	0
conventional	ce557	230	0	20.507860	0	14	7	3.300030	0.718964	9.034838	7.454028	0.471310	0
conventional	ce558	230	0	25.771698	0	14	7	7.702044	3.977747	9.938659	4.153248	2.391312	0
conventional	ce559	231	0	41.424956	0	14	7	1.622222	6.738140	23.878270	9.186324	0.815548	0
conventional	ce560	232	0	11.890096	0	14	7	3.149270	0.843416	4.787782	3.109628	0.481391	0
conventional	ce561	235	0.032527	23.931193	1	14	7	2.350648	6.076157	8.342247	7.162141	0.555580	0
conventional	ce562	235	0	26.250560	0	14	7	4.196973	3.956406	9.468766	8.628415	0.098215	0
conventional	ce563	237	0.060922	28.841517	1	14	7	4.419778	4.099221	14.197931	6.124587	1.970893	0
conventional	ce564	238	0	27.893187	0	14	7	3.593708	2.551116	12.080302	9.668061	0.546896	0
conventional	ce565	238	0	33.138463	0	14	7	1.186290	7.582759	14.667510	9.701904	0.555580	0
conventional	ce566	239	0	11.728476	0	14	7	3.262898	0.629966	5.179780	2.655832	0.140937	0
conventional	ce567	240	0.552822	14.112998	1	14	7	1.516642	1.396594	6.957042	4.242720	0	0
conventional	ce568	240	0	15.901303	0	14	7	1.962826	0.488642	9.374854	4.074981	0.558312	0
conventional	ce569	240	0	24.544398	0	14	7	7.438445	1.209841	8.160794	7.735318	0	0
conventional	ce570	242	0	35.901439	0	14	7	1.514104	9.012107	13.360970	12.014258	0.555580	0
conventional	ce571	242	0.230885	23.247943	1	14	7	1.064990	7.398285	7.387920	7.396748	1.100628	0
conventional	ce572	242	0	21.641040	0	14	7	1.133651	5.056767	5.667168	9.783454	1.184886	0
conventional	ce573	242	0	26.027614	0	14	7	3.807267	1.582343	11.097220	9.540784	0.419391	0
conventional	ce574	243	0	11.916355	0	14	7	4.264025	0.485438	3.431890	3.735002	0.481391	0
conventional	ce575	243	0	33.348729	0	14	7	3.844639	1.706978	13.860258	13.936854	1.464405	0
conventional	ce576	243	0	25.904928	0	14	7	3.613948	5.110887	12.943621	4.236472	0.287967	0
conventional	ce577	243	0.424994	26.065131	1	14	7	3.678815	2.681246	13.124809	6.580261	0	0
conventional	ce578	244	0	16.319199	0	14	7	2.904164	1.098304	8.394339	3.922392	0	0
conventional	ce579	244	0.442299	13.979894	1	14	7	2.976186	0.716827	7.184477	3.102404	1.974134	0
conventional	ce580	244	0.186718	29.843367	1	14	7	1.733472	6.306598	16.216217	5.587080	0.555580	0
conventional	ce581	245	0	25.831328	0	14	7	3.305656	5.032085	9.433333	8.060254	0.555580	0
conventional	ce582	246	0	32.324708	0	14	7	6.240566	1.104602	12.967916	12.011624	0.461013	0
conventional	ce583	247	0	25.693491	0	14	7	5.313921	1.094904	9.443358	9.841308	0.960960	0
conventional	ce584	247	0.186718	34.208718	1	14	7	1.853796	6.888417	18.328394	7.138111	0.555580	0
conventional	ce585	247	0	28.364394	0	14	7	5.293700	4.679914	13.181508	5.209272	1.430305	0
conventional	ce586	247	0	26.169446	0	14	7	3.348805	1.339266	14.195341	7.286034	0.558312	0
conventional	ce587	247	0	25.572072	0	14	7	1.853182	4.968733	9.470835	9.279322	0.555580	0
conventional	ce588	248	0	26.179779	0	14	7	5.307862	4.817072	12.655259	3.399586	0.287967	0
conventional	ce589	248	0	14.664921	0	14	7	2.345581	1.627078	9.110219	1.582043	0.998186	0
conventional	ce590	248	0	19.510153	0	14	7	2.086049	0.606038	8.356953	8.461113	0.471310	0
conventional	ce591	249	0	14.801624	0	14	7	4.324224	1.071591	5.827778	3.578031	0.558312	0
conventional	ce592	249	0	30.001434	0	14	7	2.044361	7.466725	10.298275	10.192073	0.583443	0
conventional	ce593	249	0	30.081299	0	14	7	5.311266	3.978603	13.258525	7.532905	0.421758	0
conventional	ce594	249	0	21.040585	0	14	7	6.016752	1.627894	9.791084	3.604855	2.428735	0
conventional	ce595	250	0	28.701802	0	14	7	9.361456	2.904248	12.917996	3.518102	0	0
conventional	ce596	250	0	33.856234	0	14	7	7.172973	0.347847	15.117259	11.218155	0.558312	0
conventional	ce597	250	0	26.341223	0	14	7	3.263144	4.916194	13.250555	4.911330	0.156285	0
conventional	ce598	251	0	42.150393	0	14	7	3.792883	8.338733	13.447220	16.571557	0.575697	0
conventional	ce599	251	0	12.705840	0	14	7	3.262898	0.629966	6.205405	2.607571	0.140937	0
conventional	ce600	251	0	13.397681	0	14	7	1.558142	1.044670	8.977344	1.817525	1.125359	0
conventional	ce601	251	0.442299	17.969718	1	14	7	4.972999	0.154695	9.699755	3.142269	1.974134	0
conventional	ce602	252	0.421054	31.720891	1	14	7	2.324439	6.494152	16.494666	6.407634	0	0
conventional	ce603	252	0	27.549766	0	14	7	8.640912	1.853617	12.299876	4.755361	0.287967	0
conventional	ce604	253	0	17.814061	0	14	7	4.252555	3.078748	6.619277	3.863481	2.391312	0
conventional	ce605	253	0	40.289856	0	14	7	3.570308	9.071160	16.677976	10.970412	1.430305	0
conventional	ce606	253	0	19.867275	0	14	7	5.548730	1.137274	7.392762	5.788509	0.558312	0
conventional	ce607	254	0	13.347955	0	14	7	4.428019	0.687458	4.602032	3.630446	1.413915	0
conventional	ce608	254	0.399919	26.290132	1	14	7	4.854757	0.092998	11.048439	10.293938	0	0
conventional	ce609	254	0	23.785921	0	14	7	6.951044	2.612586	9.795568	4.426723	0	0
conventional	ce610	254	0	14.448011	0	14	7	5.717157	0.411180	4.459521	3.860153	0.481391	0
conventional	ce611	254	0	28.296813	0	14	7	1.394138	7.389277	10.203193	9.310205	0.555580	0
conventional	ce612	254	0	20.920956	0	14	7	2.919560	1.577372	12.281423	4.142601	0.644819	0
conventional	ce613	255	0	32.779674	0	14	7	6.532977	1.028839	13.217880	11.999978	0	0
conventional	ce614	255	0	19.451352	0	14	7	1.230539	5.433432	5.495096	7.292285	0.056245	0
conventional	ce615	256	0.186718	27.396886	1	14	7	1.676354	5.124939	14.383324	6.212269	0.555580	0
conventional	ce616	256	0	21.809100	0	14	7	1.030546	5.861629	5.710179	9.206746	0.583443	0
conventional	ce617	258	0	36.053386	0	14	7	3.333587	6.068024	16.721093	9.930682	1.430305	0
conventional	ce618	258	0	26.224304	0	14	7	3.557345	4.318634	13.677115	4.671210	0.156285	0
conventional	ce619	259	0	27.938778	0	14	7	8.558889	4.221979	10.697676	4.460234	2.391312	0
conventional	ce620	259	0	24.513954	0	14	7	1.018959	7.407342	6.331239	9.756414	0	0
conventional	ce621	260	0	25.442862	0	14	7	3.446624	3.574918	13.010779	5.410541	0.156285	0
conventional	ce622	261	0	18.403051	0	14	7	2.055605	0.733551	8.976901	6.636994	0.471310	0
conventional	ce623	261	0	9.855437	0	14	7	2.573609	0.333004	4.517048	2.431776	0.140937	0
conventional	ce624	261	0	24.918709	0	14	7	5.881724	3.655645	11.272936	4.108404	2.391312	0
conventional	ce625	262	0	11.921853	0	14	7	3.230097	0.151542	3.804070	4.736144	0.471310	0
conventional	ce626	263	2.421866	26.363247	2	14	7	3.017556	2.314214	13.833248	7.198229	0	0
conventional	ce627	263	0	31.467293	0	14	7	12.287083	1.761876	11.580154	5.838180	0.312577	0
conventional	ce628	263	1.610869	24.888440	1	14	7	6.059391	1.674608	10.671850	6.482591	0.558312	0
conventional	ce629	264	0	11.948300	0	14	7	4.450218	0.073960	4.412020	3.012102	0.481391	0
conventional	ce630	264	0	29.074999	0	14	7	6.107974	4.179308	10.758892	8.028825	1.961017	0
conventional	ce631	265	0.442299	14.670906	1	14	7	3.103071	0.709774	7.957997	2.900064	1.974134	0
conventional	ce632	265	0	18.574944	0	14	7	2.163090	0.874102	5.188803	10.348949	0.778906	0
conventional	ce633	266	0.186718	32.906561	1	14	7	1.053233	7.092386	16.894777	7.866165	1.068799	0
conventional	ce634	267	0	14.940904	0	14	7	1.154071	2.048982	8.215839	3.522012	0.186268	0
conventional	ce635	269	0	26.368271	0	14	7	6.333789	4.187699	12.632774	3.214009	0.287967	0
conventional	ce636	269	0	31.711980	0	14	7	3.734013	5.931617	16.875299	5.171051	0.453604	0
conventional	ce637	271	0.216827	21.854230	1	14	7	1.324768	5.685612	4.608556	10.235294	0	0
conventional	ce638	273	0.442299	16.643483	1	14	7	4.597217	0.102653	7.764421	4.179192	4.841872	0
conventional	ce639	273	0	13.939822	0	14	7	4.175942	0.186842	5.095352	4.481686	0.248383	0
conventional	ce640	274	1.836823	24.048609	1	14	7	4.335434	1.559728	10.506907	7.646540	0.558312	0
conventional	ce641	275	0	20.119719	0	14	7	4.999837	1.073471	8.627514	5.418897	0.558312	0
conventional	ce642	275	0	27.368526	0	14	7	3.146773	4.988280	13.635136	5.598337	0.072202	0
conventional	ce643	275	0	27.694402	0	14	7	5.908900	3.202587	11.828538	6.754377	0.727518	0
conventional	ce644	276	0	28.964409	0	14	7	9.654538	2.898375	12.975250	3.436246	0	0
conventional	ce645	277	0	27.769555	0	14	7	7.775553	3.977747	10.620375	5.395880	2.391312	0
conventional	ce646	278	0	36.689153	0	14	7	4.488556	7.689242	14.011400	10.499955	1.430305	0
conventional	ce647	279	0	30.176777	0	14	7	2.090996	4.373691	17.398893	6.313197	0.287222	0
conventional	ce648	279	0	22.341300	0	14	7	7.734600	0.613084	10.615802	3.377814	0.312577	0
conventional	ce649	279	0	25.860676	0	14	7	7.057268	4.578901	11.237706	2.986801	0.156285	0
conventional	ce650	280	0	28.455790	0	14	7	5.028859	3.267006	9.429655	10.730270	0	0
conventional	ce651	280	0	22.546415	0	14	7	2.109375	1.137811	10.838116	8.461113	0.471310	0
conventional	ce652	281	1.553471	22.282379	1	14	7	4.187863	0.953248	10.342241	6.799027	0.558312	0
conventional	ce653	281	0.167942	21.731432	1	14	7	2.103538	1.850503	10.041779	7.735612	0.140937	0
conventional	ce654	282	0	26.388670	0	14	7	2.459356	7.015493	7.839115	9.074706	0.583443	0
conventional	ce655	283	0.186718	37.219785	1	14	7	3.220302	6.787567	18.189697	9.022219	1.068799	0
conventional	ce656	283	0	21.843906	0	14	7	3.009571	0.896784	10.373494	7.564057	0.471310	0
conventional	ce657	283	0.442299	20.039156	1	14	7	5.797922	0.976622	8.880525	4.384087	5.978476	0
conventional	ce658	283	0	14.169480	0	14	7	2.206812	0.202105	6.127016	5.633547	0.778906	0
conventional	ce659	284	0.442299	15.412705	1	14	7	2.941429	1.892840	7.589570	2.988866	1.862659	0
conventional	ce660	284	0.032527	31.138361	1	14	7	2.627923	6.858021	13.366286	8.286131	0.629706	0
conventional	ce661	284	0	9.168513	0	14	7	1.573494	0.459567	5.130466	2.004986	0.140937	0
conventional	ce662	285	0.442299	17.968147	1	14	7	1.248737	1.129440	9.859245	5.730725	1.974134	0
conventional	ce663	285	0.032527	20.098748	1	14	7	0.899222	1.366850	10.946531	6.886145	0.555580	0
conventional	ce664	285	1.836823	25.791987	1	14	7	4.308760	1.625771	11.839191	8.018265	0.558312	0
conventional	ce665	285	0	24.796015	0	14	7	0.610827	7.163849	8.581211	8.440128	0.056245	0
conventional	ce666	285	0	25.165950	0	14	7	0.819492	6.708271	9.507996	8.130191	0.555580	0
conventional	ce667	287	0	39.180178	0	14	7	0.886371	6.166686	22.389240	9.737881	0.815548	0
conventional	ce668	288	0	9.499833	0	14	7	0.570459	0.873552	5.153734	2.902088	0.579260	0
conventional	ce669	288	0	32.474748	0	14	7	4.155332	5.013496	16.483434	6.822486	0.156285	0
conventional	ce670	288	0.442299	11.599942	1	14	7	2.804336	0.242706	7.470723	1.082177	1.974134	0
conventional	ce671	288	0	19.819813	0	14	7	2.835522	2.114358	10.653025	4.216908	0.644819	0
conventional	ce672	290	0	23.459869	0	14	7	3.421740	3.132093	11.270210	5.635826	0.156285	0
conventional	ce673	290	0	19.517560	0	14	7	0.843814	5.710688	4.969845	7.993213	0.676765	0
conventional	ce674	291	0	26.536992	0	14	7	1.130094	6.814602	10.017151	8.575145	0.555580	0
conventional	ce675	292	0	11.504186	0	14	7	2.846073	0.159664	3.733835	4.764614	0.481391	0
conventional	ce676	292	0.186718	25.327875	1	14	7	1.449489	5.165652	14.104186	4.608548	0.868802	0
conventional	ce677	294	0	38.886553	0	14	7	4.278386	6.228086	21.515326	6.864755	0.072202	0
conventional	ce678	295	0.442299	19.060528	1	14	7	3.827773	1.447032	9.269436	4.516287	1.974134	0
conventional	ce679	295	0	24.762493	0	14	7	1.018959	7.407342	6.579778	9.756414	0	0
conventional	ce680	295	0	39.314883	0	14	7	3.390452	6.688613	19.922388	9.313430	1.430305	0
conventional	ce681	296	0	12.491326	0	14	7	0.991672	0.820646	4.560231	6.118777	0.471310	0
conventional	ce682	297	0	28.042987	0	14	7	2.859550	5.799528	13.589530	5.794379	0.463026	0
conventional	ce683	299	0	32.516022	0	14	7	3.737397	7.466856	11.884903	9.426866	0.583443	0
conventional	ce684	300	0.442299	17.436028	1	14	7	1.729961	0.986145	9.909128	4.810794	1.974134	0
conventional	ce685	301	0	26.219940	0	14	7	3.635185	1.152495	8.285305	13.146955	0.908998	0
conventional	ce686	302	0.442299	21.353337	1	14	7	0.900499	1.604839	11.646552	7.201447	1.974134	0
conventional	ce687	302	0	17.095846	0	14	7	1.422475	0.796362	8.217371	6.659638	0.271827	0
conventional	ce688	303	0	30.426819	0	14	7	3.778512	5.084201	15.376177	6.187929	1.252825	0
conventional	ce689	304	0.186718	15.396947	1	14	7	3.394600	0.169032	8.720230	3.113085	0.555580	0
conventional	ce690	304	0	28.020808	0	14	7	5.191740	3.194969	8.540542	11.093557	0	0
conventional	ce691	305	0	29.972663	0	14	7	3.905137	5.134435	15.624882	5.308209	0.453604	0
conventional	ce692	306	0.186718	29.021230	1	14	7	1.538063	5.602980	14.145075	7.735112	0.555580	0
conventional	ce693	307	0	19.916315	0	14	7	2.901146	0.775903	6.205528	10.033738	1.623410	0
conventional	ce694	308	1.610869	21.893843	1	14	7	5.634165	1.761882	9.584606	4.913190	0.558312	0
conventional	ce695	308	0	13.135740	0	14	7	3.275060	0.721651	4.295450	4.843579	0.481391	0
conventional	ce696	308	0	38.135686	0	14	7	0.504727	6.111175	22.321532	9.198252	0.815548	0
conventional	ce697	309	0	18.415389	0	14	7	5.446397	0.516097	5.152037	7.300858	0.554712	0
conventional	ce698	309	0	16.431849	0	14	7	3.360540	0.560059	8.831613	3.679637	0.271827	0
conventional	ce699	309	0	10.667280	0	14	7	4.247062	0.181680	3.535606	2.702932	0.481391	0
conventional	ce700	310	0	25.983449	0	14	7	6.455448	5.447555	10.631122	3.449324	2.516655	0
conventional	ce701	310	0	28.167195	0	14	7	1.633059	7.438969	9.543250	9.551917	0.644819	0
conventional	ce702	310	0	22.111345	0	14	7	0.942859	6.718410	5.060168	9.389908	1.237113	0
conventional	ce703	310	0	21.123689	0	14	7	2.732221	0.866794	9.820657	7.704017	0.471310	0
conventional	ce704	310	0	23.738821	0	14	7	0.594460	4.156725	9.030197	9.957439	0.112315	0
conventional	ce705	311	0	19.616138	0	14	7	1.877804	4.268471	6.962401	6.507462	0.782257	0
conventional	ce706	311	0	27.940242	0	14	7	3.816226	6.619212	11.503345	6.001459	0.609290	0
conventional	ce707	312	0	36.588329	0	14	7	4.561522	5.487148	18.602670	7.936989	0	0
conventional	ce708	312	0.186718	32.171861	1	14	7	1.888886	6.884792	15.746919	7.651264	1.068799	0
conventional	ce709	312	0.442299	27.086527	1	14	7	3.232140	5.884364	7.670013	10.300010	2.575463	0
conventional	ce710	313	0	16.565222	0	14	7	3.256098	2.261896	4.957661	6.089567	0.471310	0
conventional	ce711	313	0	34.440695	0	14	7	3.576296	5.809938	14.621557	10.432904	0.453604	0
conventional	ce712	314	0	28.781158	0	14	7	2.971915	5.550140	14.827700	5.431403	0.072202	0
conventional	ce713	314	0	12.594239	0	14	7	2.162529	1.330018	5.775126	3.326566	0	0
conventional	ce714	314	0.442299	33.923952	1	14	7	1.271747	2.401155	18.305926	11.945124	1.974134	0
conventional	ce715	314	0	12.287833	0	14	7	2.694504	0.550308	3.712066	5.330955	0.481391	0
conventional	ce716	314	0	25.590899	0	14	7	3.847524	3.561744	7.382876	10.798755	0	0
conventional	ce717	314	0	24.609585	0	14	7	1.037806	7.583571	6.338982	9.649226	0	0
conventional	ce718	314	0	25.377528	0	14	7	3.870223	4.044561	12.991371	4.471373	0.330928	0
conventional	ce719	314	1.610869	24.138621	1	14	7	5.379985	1.496500	11.214833	6.047303	0.558312	0
conventional	ce720	314	0	32.082430	0	14	7	3.917728	5.733952	16.819943	5.610807	0.453604	0
conventional	ce721	315	0	8.949159	0	14	7	1.549541	0.445288	4.873304	2.081026	0.905526	0
conventional	ce722	315	0	27.794555	0	14	7	0.772944	8.215436	10.389317	8.416858	0.477740	0
conventional	ce723	315	0	13.413483	0	14	7	3.333443	0.103888	5.476602	4.499550	0.471310	0
conventional	ce724	316	0	27.267896	0	14	7	4.071082	2.747940	9.885735	10.563139	0	0
conventional	ce725	316	0	23.611372	0	14	7	2.452074	4.124115	10.417629	6.617554	0.156285	0
conventional	ce726	316	1.610869	24.459806	1	14	7	8.025513	2.102673	9.308455	5.023165	0.558312	0
conventional	ce727	316	0	25.054087	0	14	7	2.106150	3.002100	13.369375	6.576462	0.186268	0
conventional	ce728	316	0	24.621508	0	14	7	8.358822	4.960361	6.310750	4.991575	2.516655	0
conventional	ce729	316	0	8.823051	0	14	7	0.583976	1.694195	3.985012	2.559868	0.337008	0
conventional	ce730	317	0	30.908314	0	14	7	12.585314	1.729349	12.255312	4.338339	0.266559	0
conventional	ce731	317	1.610869	23.524284	1	14	7	4.237612	0.777081	10.916938	7.592653	0.276915	0
conventional	ce732	317	0	23.913515	0	14	7	3.598292	2.049883	13.019826	5.245514	0.644819	0
conventional	ce733	318	0	29.804556	0	14	7	6.912173	4.299678	14.129897	4.462808	3.551217	0
conventional	ce734	318	0	24.912653	0	14	7	3.135193	3.658411	12.233873	5.885176	0.156285	0
conventional	ce735	318	0	13.142468	0	14	7	1.549029	0.275075	9.104738	2.213626	0	0
conventional	ce736	318	0	30.102141	0	14	7	7.450545	5.971410	11.531862	5.148324	2.516655	0
conventional	ce737	319	0	29.782755	0	14	7	1.955565	1.840060	15.034782	10.952348	0.074972	0
conventional	ce738	319	0	33.012029	0	14	7	8.980789	5.239341	13.315534	5.476365	2.391312	0
conventional	ce739	320	0	24.309915	0	14	7	1.333106	7.366632	6.586496	9.023681	0	0
conventional	ce740	320	0	30.123778	0	14	7	5.867566	3.340247	9.791814	11.124151	0	0
conventional	ce741	320	0	19.077875	0	14	7	2.707666	1.579659	7.187750	7.602800	0.109709	0
conventional	ce742	320	0	14.372557	0	14	7	2.087667	1.609486	5.619171	5.056233	1.017823	0
conventional	ce743	321	0	28.220475	0	14	7	2.851852	3.407754	14.106049	7.854820	0.163354	0
conventional	ce744	321	0	37.170024	0	14	7	1.633457	6.181813	18.229098	11.125656	0.453604	0
conventional	ce745	321	0	19.244030	0	14	7	2.036936	2.131654	9.597371	5.478069	0	0
conventional	ce746	321	0	24.059471	0	14	7	5.900279	4.412618	10.249590	3.496984	0.987830	0
conventional	ce747	322	1.610869	39.142448	1	14	7	11.257048	3.271850	16.563843	8.049707	0.558312	0
conventional	ce748	323	0	14.770860	0	14	7	2.092979	1.670470	7.218642	3.788769	0	0
conventional	ce749	323	0	25.413029	0	14	7	3.598292	3.030810	13.745253	5.038674	0.644819	0
conventional	ce750	323	0	13.342337	0	14	7	2.915192	0.557265	3.911798	5.958082	0.011159	0
conventional	ce751	323	0	38.166413	0	14	7	4.255699	6.098063	21.030581	6.782070	0.453604	0
conventional	ce752	323	0	37.146398	0	14	7	8.353181	7.409588	14.367843	7.015786	2.391312	0
conventional	ce753	323	0	43.561869	0	14	7	5.815531	8.215595	22.516205	7.014538	0.453604	0
conventional	ce754	323	0.442299	26.577733	1	14	7	0.605260	1.877524	15.329496	8.765453	1.974134	0
conventional	ce755	324	0.186718	30.955109	1	14	7	1.025226	6.757385	16.562430	6.610068	1.068799	0
conventional	ce756	325	0	26.163418	0	14	7	2.216441	4.069828	13.125623	6.751526	0.178388	0
conventional	ce757	325	0	13.925664	0	14	7	3.809172	1.103025	5.896024	3.117443	0.453604	0
conventional	ce758	325	0	28.190131	0	14	7	5.689033	3.613542	9.108052	9.779504	0	0
conventional	ce759	325	0	29.507874	0	14	7	0.628924	2.566963	18.171702	8.140285	2.021705	0
conventional	ce760	326	0	27.517868	0	14	7	1.069328	8.205805	8.192254	10.050481	0.703996	0
conventional	ce761	326	0	15.376486	0	14	7	3.279088	1.480039	6.701443	3.915916	0	0
conventional	ce762	326	0	29.647692	0	14	7	12.767490	1.546831	10.857719	4.475652	0.266559	0
conventional	ce763	327	0	13.380302	0	14	7	1.221035	0.987071	7.392008	3.780188	0.905526	0
conventional	ce764	327	0	19.850403	0	14	7	5.538064	2.213321	4.849013	7.250005	0.554712	0
conventional	ce765	327	0	22.125710	0	14	7	1.285796	3.570314	9.122309	8.147291	0.095565	0
conventional	ce766	328	0	9.570714	0	14	7	3.538864	0.190352	1.794798	4.046700	0.481391	0
conventional	ce767	329	0	26.168280	0	14	7	1.239434	8.010310	6.699548	10.218988	0	0
conventional	ce768	329	0	24.750683	0	14	7	4.078327	3.422059	14.090665	3.159632	0.628884	0
conventional	ce769	331	0	29.173506	0	14	7	3.286811	6.760970	13.739967	5.385758	0.463026	0
conventional	ce770	333	0.442299	36.833174	1	14	7	0.804222	2.769573	21.966799	11.292580	1.737487	0
conventional	ce771	335	0	10.834051	0	14	7	4.009425	0.248757	2.968666	3.607203	0.481391	0
conventional	ce772	336	0	14.852522	0	14	7	3.694712	1.078707	6.356140	3.722963	0	0
conventional	ce773	336	0	38.465518	0	14	7	0.183992	8.556159	22.214001	7.511366	0.310390	0
conventional	ce774	338	0	37.525676	0	14	7	3.474976	5.460963	17.365077	11.224660	0.453604	0
conventional	ce775	338	0	29.830383	0	14	7	7.062824	4.022241	9.668663	9.076655	0	0
conventional	ce776	339	0	16.644954	0	14	7	1.911757	1.773023	8.613267	4.346907	0.905526	0
conventional	ce777	340	0	15.054728	0	14	7	2.630670	0.584222	5.893801	5.946035	0.966842	0
conventional	ce778	341	0	15.623267	0	14	7	2.107156	1.108465	7.651067	4.756579	2.313177	0
conventional	ce779	342	0	35.036989	0	14	7	10.751689	6.247137	10.103944	7.934219	0.266559	0
conventional	ce780	344	0	19.286486	0	14	7	5.649932	0.445718	6.040028	7.150808	0	0
conventional	ce781	344	0	28.513445	0	14	7	5.191740	3.194969	8.540542	11.586194	0	0
conventional	ce782	345	0	9.151296	0	14	7	2.865302	0.842229	1.677978	3.765787	0.481391	0
conventional	ce783	345	0	17.391919	0	14	7	3.181041	1.467499	9.647528	3.095851	0	0
conventional	ce784	345	0	32.761589	0	14	7	4.457167	3.560689	15.417841	9.325892	1.495538	0
conventional	ce785	346	0	20.129613	0	14	7	7.471287	1.450043	9.394804	1.813479	0.799832	0
conventional	ce786	347	0	21.963998	0	14	7	2.633215	4.343627	11.661414	3.325742	0.250343	0
conventional	ce787	348	0	32.842371	0	14	7	3.993359	7.234307	10.823038	10.791667	0.583443	0
conventional	ce788	348	0.442299	22.407349	1	14	7	1.053885	2.335401	12.431603	6.586460	1.974134	0
conventional	ce789	349	0	34.267248	0	14	7	2.355752	6.313894	18.510576	7.087026	1.407614	0
conventional	ce790	350	0	24.488876	0	14	7	0.414276	5.174053	12.741915	6.158632	0.463026	0
conventional	ce791	350	0	10.896511	0	14	7	1.761086	0.375023	6.538147	2.222255	0.481391	0
conventional	ce792	352	0	10.965057	0	14	7	2.244222	0.911134	5.507791	2.301910	0	0
conventional	ce793	352	0	32.351201	0	14	7	3.994848	5.732830	17.476907	5.146616	0.453604	0
conventional	ce794	352	1.610869	23.469557	1	14	7	7.918615	0.641662	10.097011	4.812269	0.558312	0
conventional	ce795	355	0	30.747887	0	14	7	2.953625	5.768084	16.553072	5.473106	0.453604	0
conventional	ce796	355	0	22.099349	0	14	7	3.283962	1.183250	9.709932	7.922205	0.271827	0
conventional	ce797	357	0	11.076408	0	14	7	3.348591	1.161227	2.237277	4.329313	0.481391	0
conventional	ce798	357	0	26.653967	0	14	7	5.098573	3.448313	13.339996	4.767085	0.946440	0
conventional	ce799	358	0	9.400370	0	14	7	3.202573	0.847462	1.183969	4.166366	0.481391	0
conventional	ce800	359	0	22.355747	0	14	7	2.891668	2.374361	12.263425	4.826293	0.644819	0
conventional	ce801	360	0	36.081832	0	14	7	10.029416	5.599694	9.656288	10.796434	2.391312	0
conventional	ce802	360	1.610869	23.927022	1	14	7	7.819119	2.331329	8.873874	4.902700	0.024482	0
conventional	ce803	360	0	18.697179	0	14	7	1.725917	3.922016	9.877234	3.172012	1.984071	0
conventional	ce804	360	0	30.027498	0	14	7	6.436480	2.229248	11.762290	9.599480	1.954990	0
conventional	ce805	360	0.880289	26.396114	1	14	7	2.280645	5.431616	14.112470	4.571383	0.250343	0
conventional	ce806	360	0	40.138525	0	14	7	5.354295	8.482132	19.607195	6.694903	0.453604	0
conventional	ce807	360	0	28.252863	0	14	7	2.098424	7.798396	11.344479	7.011564	1.043396	0
conventional	ce808	360	0	12.411067	0	14	7	2.261080	1.085762	6.959296	2.104929	0.905526	0
conventional	ce809	360	0.442299	26.827618	1	14	7	1.114303	1.957191	14.569559	9.186565	1.974134	0
conventional	ce810	360	0	25.836261	0	14	7	4.185878	2.512229	12.674496	6.463658	0	0
conventional	ce811	360	0	26.780229	0	14	7	3.341985	2.028691	10.050577	11.358976	0	0
conventional	ce812	360	0	22.478291	0	14	7	2.122572	3.772799	10.357548	6.225372	0.156285	0
conventional	ce813	360	0	27.874929	0	14	7	3.481426	2.808802	17.704455	3.880246	0.628884	0
conventional	ce814	360	0	15.175449	0	14	7	1.381995	0.452801	6.406991	6.933662	0.271827	0
conventional	ce815	360	0.097913	22.406983	1	14	7	0.740290	1.844199	11.964300	7.858194	1.974134	0
conventional	ce816	360	0	24.361606	0	14	7	3.406231	3.135815	5.998931	11.820629	0	0
conventional	ce817	360	0	21.868645	0	14	7	3.245576	2.931693	6.634691	9.056685	0	0
conventional	ce818	360	1.171064	38.984622	1	14	7	11.146888	3.271850	19.346034	5.219850	0.907137	0
conventional	ce819	360	0	37.965367	0	14	7	2.259995	8.420776	19.267515	8.017081	0.453604	0
conventional	ce820	360	0	11.270765	0	14	7	2.694504	0.574451	2.670855	5.330955	0.740469	0
conventional	ce821	362	0.662818	28.896201	1	14	7	6.455448	5.447555	12.350167	4.643031	0.554712	0
conventional	ce822	362	0	24.491293	0	14	7	2.335709	4.056402	11.823499	6.275683	0.156285	0
conventional	ce823	362	0	33.321914	0	14	7	4.070305	5.656135	18.134785	5.460689	2.171821	0
conventional	ce824	362	0	36.241723	0	14	7	4.614820	3.300839	17.034621	11.291443	1.975934	0
conventional	ce825	362	0	23.668183	0	14	7	3.136724	2.247652	12.453971	5.829836	0.644819	0
conventional	ce826	362	0.442299	47.559645	1	14	7	4.384755	6.408164	27.604118	9.162608	1.974134	0
conventional	ce827	362	0	13.111190	0	14	7	1.682896	1.895220	6.462316	3.070758	0	0
conventional	ce828	362	0	26.802879	0	14	7	4.040538	1.881410	9.649378	11.231553	0	0
conventional	ce829	363	0	18.816701	0	14	7	5.082964	2.213321	4.234802	7.285614	0.554712	0
conventional	ce830	364	0	14.147823	0	14	7	2.168727	1.629030	6.785397	3.564669	0	0
conventional	ce831	364	1.610869	35.675476	1	14	7	12.187579	3.328606	13.171127	6.988164	0.558312	0
conventional	ce832	365	0	31.762549	0	14	7	3.221444	5.077609	15.678810	7.784686	0.156285	0
conventional	ce833	365	0.365535	33.465102	1	14	7	7.357479	0.996303	11.342499	13.768821	0	0
conventional	ce834	366	0	30.888231	0	14	7	2.887111	2.109209	16.906301	8.985610	1.718217	0
conventional	ce835	368	0	21.786029	0	14	7	3.245576	2.849077	6.634691	9.056685	0.905526	0
conventional	ce836	369	0	17.150110	0	14	7	5.868533	1.438843	7.770099	2.072635	0.463026	0
conventional	ce837	369	0	32.337607	0	14	7	3.412157	5.643156	17.754408	5.527886	1.097718	0
conventional	ce838	370	0.880289	27.613384	1	14	7	2.657426	5.177677	12.817972	6.960309	0.242797	0
conventional	ce839	370	0.097913	26.170420	1	14	7	2.113615	2.138180	14.239995	7.678630	2.086681	0
conventional	ce840	371	0	32.606170	0	14	7	4.717151	3.816077	14.613570	9.459372	1.975934	0
conventional	ce841	371	0	6.884818	0	14	7	1.499908	0.404257	3.403216	1.577437	0.987423	0
conventional	ce842	373	0	8.003646	0	14	7	1.522614	0.189014	3.916306	2.375712	0.905526	0
conventional	ce843	374	0	28.510041	0	14	7	2.781877	5.129834	15.234297	5.364033	1.413124	0
conventional	ce844	374	0	22.449374	0	14	7	4.625872	4.108045	9.172727	4.542730	0	0
conventional	ce845	375	0	15.238380	0	14	7	2.025464	0.327281	4.394513	8.491122	0.011159	0
conventional	ce846	375	0	37.496077	0	14	7	6.552599	4.977454	17.621352	8.344672	1.855545	0
conventional	ce847	376	0	23.529672	0	14	7	2.473633	7.333862	4.492164	9.230013	0	0
conventional	ce848	376	0	26.632490	0	14	7	2.667259	2.194187	15.961556	5.809488	0.644819	0
conventional	ce849	376	0	24.655098	0	14	7	2.024572	4.720466	12.031597	5.878463	0.644819	0
conventional	ce850	376	0	9.324116	0	14	7	2.363336	0.848510	2.789432	3.322838	0.481391	0
conventional	ce851	376	0	32.395744	0	14	7	2.922015	6.160668	16.504419	6.808642	0.870017	0
conventional	ce852	376	0	32.703517	0	14	7	7.175913	2.333059	19.732945	3.461600	0.266559	0
conventional	ce853	376	1.610869	40.171093	1	14	7	12.669047	3.402189	17.147702	6.952155	0.558312	0
conventional	ce854	376	0	34.214779	0	14	7	4.232888	3.456917	13.924582	12.600392	1.975934	0
conventional	ce855	377	0.442299	26.486780	1	14	7	0.605260	1.877524	15.326966	8.677030	3.104274	0
conventional	ce856	377	0	24.912455	0	14	7	3.909777	2.890185	7.571575	10.540918	0.692807	0
conventional	ce857	377	0	24.622601	0	14	7	1.071673	4.647152	7.650414	11.253362	0	0
conventional	ce858	377	0	35.716816	0	14	7	9.295099	5.503882	10.283039	10.634796	1.975934	0
conventional	ce859	378	0.302531	22.141919	1	14	7	0.436449	1.825239	12.316687	7.563544	2.681775	0
conventional	ce860	379	1.610869	34.930250	1	14	7	12.182959	2.459943	14.192758	6.094590	0.558312	0
conventional	ce861	379	0	15.507971	0	14	7	3.112291	2.240859	5.628508	4.526313	0.302850	0
conventional	ce862	382	0	31.260491	0	14	7	2.153513	5.640590	18.182800	5.283588	0.960353	0
conventional	ce863	382	0	18.710212	0	14	7	1.799131	3.174985	5.149452	8.586644	0	0
conventional	ce864	383	0	14.151401	0	14	7	3.968080	1.100337	5.863307	3.219677	0.453604	0
conventional	ce865	383	0	14.509383	0	14	7	3.845702	1.103025	5.815730	3.744926	0.010464	0
conventional	ce866	383	0.020250	10.480871	1	14	7	3.277537	0.822589	2.283095	4.097650	0.095967	0
conventional	ce867	383	0	17.206466	0	14	7	2.926866	1.683802	9.160173	3.435625	2.725425	0
conventional	ce868	384	0	22.608588	0	14	7	3.580655	1.794960	7.365369	9.867604	0	0
conventional	ce869	385	0	30.243598	0	14	7	2.920376	4.889779	15.162908	7.270535	1.671336	0
conventional	ce870	385	0	12.471060	0	14	7	1.253875	0.158047	5.676339	5.382799	0.271827	0
conventional	ce871	386	1.610869	34.196385	1	14	7	12.004245	2.602714	14.205822	5.383604	0.694170	0
conventional	ce872	387	0	45.248125	0	14	7	8.598795	5.460334	17.604923	13.584073	1.975934	0
conventional	ce873	387	0	24.905284	0	14	7	1.257372	5.837948	8.117820	9.692144	0	0
conventional	ce874	388	0	37.496384	0	14	7	4.386681	6.788987	19.424112	6.896604	1.097718	0
conventional	ce875	389	0	26.701831	0	14	7	3.901609	2.656067	14.819785	5.324370	0.946440	0
conventional	ce876	389	1.594105	17.486086	1	14	7	5.321527	0.831891	6.399391	4.933277	0.453604	0
conventional	ce877	389	0	25.212673	0	14	7	4.128812	2.669173	7.663393	10.751295	0.692807	0
conventional	ce878	389	0	19.496317	0	14	7	3.161893	3.140163	4.184053	9.010208	0	0
conventional	ce879	391	0	22.030313	0	14	7	2.260178	3.414358	9.444996	6.910781	0.156285	0
conventional	ce880	391	0	21.030380	0	14	7	2.293278	2.143505	7.935692	8.657905	1.820499	0
conventional	ce881	391	0	13.790151	0	14	7	1.477833	1.634364	7.283621	3.394333	0	0
conventional	ce882	393	0	8.800956	0	14	7	2.622753	0.088613	2.209947	3.879643	0.481391	0
conventional	ce883	394	0	9.123158	0	14	7	1.244804	0.805936	5.491365	1.581053	0.987423	0
conventional	ce884	395	0	31.222552	0	14	7	4.821274	1.599247	12.270373	12.531658	0	0
conventional	ce885	396	0	14.106266	0	14	7	1.716943	2.136749	7.116280	3.136294	0	0
conventional	ce886	396	0	33.255815	0	14	7	3.931574	4.719424	13.759383	10.845434	1.975934	0
conventional	ce887	398	0	33.809222	0	14	7	3.692109	5.351435	18.866320	5.899358	1.298693	0
conventional	ce888	398	2.234440	15.979857	1	14	7	3.410256	1.457764	6.083597	5.028240	0.453604	0
conventional	ce889	398	0	27.650886	0	14	7	4.878451	2.627911	12.000464	8.144060	0	0
conventional	ce890	399	0.880289	27.560528	1	14	7	2.984408	5.128370	13.991720	5.456030	0.250343	0
conventional	ce891	404	1.610869	22.956475	1	14	7	6.962300	2.284031	8.021993	5.688151	0.024482	0
conventional	ce892	405	0	36.431899	0	14	7	8.796238	5.382769	10.469792	11.783100	1.975934	0
conventional	ce893	405	0	29.152441	0	14	7	2.783164	1.998410	16.615926	7.754941	0.628884	0
conventional	ce894	405	0	10.953729	0	14	7	1.923627	1.103584	5.561198	2.365320	0	0
conventional	ce895	407	0.029222	37.551155	1	14	7	7.348436	2.321020	13.638851	14.242848	0	0
conventional	ce896	410	0	24.832942	0	14	7	3.448082	2.329491	13.184886	5.870483	0.644819	0
conventional	ce897	412	0	31.803161	0	14	7	5.431779	1.136909	12.905428	12.329045	0.447589	0
conventional	ce898	412	0.365535	25.349516	1	14	7	3.690871	3.007717	7.453359	11.197569	0	0
conventional	ce899	415	0	15.058370	0	14	7	4.146025	0.944653	6.234420	3.733272	0.558562	0
conventional	ce900	415	0.880289	19.167905	1	14	7	1.533422	1.718338	11.821021	4.095124	0.250343	0
conventional	ce901	416	0	31.195056	0	14	7	4.919067	1.728528	10.610479	13.936982	0	0
conventional	ce902	417	0	22.148062	0	14	7	2.517108	5.399277	10.620184	3.611493	0.156285	0
conventional	ce903	417	1.631990	36.279833	1	14	7	12.146564	3.230792	14.072875	6.829602	0.558312	0
conventional	ce904	417	0	13.170624	0	14	7	1.391967	1.917537	7.140896	2.720224	0	0
conventional	ce905	418	0	18.439821	0	14	7	2.473592	2.578907	5.994012	7.393310	0.692807	0
conventional	ce906	419	0	12.079755	0	14	7	2.295429	1.017813	5.646759	3.119754	0.453604	0
conventional	ce907	420	1.610869	37.383466	1	14	7	12.504854	2.903589	15.593038	6.381985	0.558312	0
conventional	ce908	420	0	24.055700	0	14	7	1.232346	5.262821	12.544491	5.016042	0.644819	0
conventional	ce909	420	0	18.866888	0	14	7	4.193776	2.284440	8.787840	3.600832	0	0
conventional	ce910	420	1.069908	35.068040	1	14	7	12.178167	1.930635	12.745160	8.214078	0.558312	0
conventional	ce911	420	1.631990	45.532105	1	14	7	13.328255	3.257658	17.940263	11.005929	0.558312	0
conventional	ce912	420	0	33.978904	0	14	7	4.089654	1.247461	18.816163	9.825626	1.718217	0
conventional	ce913	420	0	14.870114	0	14	7	1.919618	1.433638	9.129940	2.386918	0.782623	0
conventional	ce914	420	0	56.351421	0	14	7	7.061589	7.515818	29.392511	12.381503	1.097718	0
conventional	ce915	420	0.029222	31.128955	1	14	7	5.962898	0.156948	11.341308	13.667801	1.372694	0
conventional	ce916	420	0	10.504151	0	14	7	2.918304	0.679698	3.456750	3.449399	0.888613	0
conventional	ce917	420	0	38.755353	0	14	7	9.785206	5.225342	12.714117	11.030688	1.975934	0
conventional	ce918	420	0	25.346196	0	14	7	3.311440	2.631489	11.466331	7.936936	0.637941	0
conventional	ce919	420	0	34.359630	0	14	7	1.828190	5.909867	19.383509	7.238064	0.870017	0
conventional	ce920	420	0	32.426859	0	14	7	5.340218	3.864936	8.876262	14.345443	0.692807	0
conventional	ce921	421	0	33.101183	0	14	7	3.691307	5.050341	18.502712	5.856823	1.298693	0
conventional	ce922	422	0	33.312879	0	14	7	5.411862	3.492807	13.592194	10.816016	0	0
conventional	ce923	422	1.610869	35.646001	1	14	7	12.527524	3.179911	11.709055	8.229511	0.751114	0
conventional	ce924	422	0	15.172542	0	14	7	4.059742	0.616059	6.292125	4.204616	0.902352	0
conventional	ce925	422	1.610869	15.587781	1	14	7	4.666971	2.257570	4.945931	3.717309	0.024482	0
conventional	ce926	422	0	9.558808	0	14	7	1.894498	1.148154	4.537943	1.978213	0.453604	0
conventional	ce927	422	0	7.103603	0	14	7	1.647791	0.622596	3.451188	1.382028	0	0
conventional	ce928	423	0	9.832487	0	14	7	0.640098	2.381660	5.545671	1.265058	0	0
conventional	ce929	424	0	25.468328	0	14	7	2.420991	6.584382	12.368081	4.094874	0.156285	0
conventional	ce930	424	0	32.089759	0	14	7	3.901783	4.854071	17.820911	5.512994	0.908729	0
conventional	ce931	424	0	24.137651	0	14	7	3.704852	2.773329	6.634330	11.025140	0.692807	0
conventional	ce932	424	0	25.569190	0	14	7	2.326117	3.540465	15.893029	3.809579	0.644819	0
conventional	ce933	424	0.365535	35.567999	1	14	7	14.049280	3.562310	13.887195	4.069214	0	0
conventional	ce934	425	0	33.854251	0	14	7	4.648595	3.897517	16.387855	8.920284	1.975934	0
conventional	ce935	425	0	31.898661	0	14	7	8.008318	5.158289	9.377923	9.354131	1.835750	0
conventional	ce936	425	0	12.972592	0	14	7	2.241155	1.154848	6.795747	2.780842	0.453604	0
conventional	ce937	425	0	22.957813	0	14	7	2.534603	2.596374	8.843851	8.982985	0.342335	0
conventional	ce938	426	0	31.962592	0	14	7	2.092125	6.786534	16.800022	6.283911	1.097718	0
conventional	ce939	426	1.610869	39.498164	1	14	7	14.148181	2.424431	15.456352	7.469200	0.558312	0
conventional	ce940	428	1.143403	23.524001	1	14	7	2.818600	6.458953	8.269418	5.977030	0.250343	0
conventional	ce941	429	0	23.230927	0	14	7	1.868700	3.375578	11.247219	6.739430	0.565200	0
conventional	ce942	429	0	25.051004	0	14	7	3.714760	2.505497	8.174083	10.656664	0.692807	0
conventional	ce943	430	0	38.780794	0	14	7	6.397561	2.890919	17.563464	11.928850	0	0
conventional	ce944	431	0	30.273398	0	14	7	3.463779	3.487142	14.168396	9.154081	0.627001	0
conventional	ce945	431	0	34.240794	0	14	7	5.523596	1.564815	24.111885	3.040498	0.266559	0
conventional	ce946	436	0	9.270234	0	14	7	3.322578	0.974190	3.272607	1.700859	0	0
conventional	ce947	436	0.880289	26.720492	1	14	7	2.403142	4.489796	14.458628	5.368926	0.518243	0
conventional	ce948	436	0	24.546585	0	14	7	2.788077	2.505497	8.566031	10.686980	0.784679	0
conventional	ce949	436	0	15.854434	0	14	7	2.107262	0.926809	9.004375	3.815988	0.453604	0
conventional	ce950	436	0	32.732334	0	14	7	4.431840	5.796568	13.543048	8.960878	1.097718	0
conventional	ce951	436	1.955332	50.980591	1	14	7	14.012789	3.256307	21.918073	11.793422	0.418086	0
conventional	ce952	437	0	21.549195	0	14	7	1.685106	1.867450	13.905566	4.091073	0.644819	0
conventional	ce953	437	0	12.854020	0	14	7	2.999543	0.762268	5.281367	3.810842	0.453604	0
conventional	ce954	437	1.610869	42.987161	1	14	7	13.005011	3.132166	19.678048	7.171936	0.558312	0
conventional	ce955	437	0	29.481539	0	14	7	3.403350	4.609147	15.049495	6.419547	1.671336	0
conventional	ce956	437	0	20.191363	0	14	7	4.275219	1.598352	8.526374	5.791418	0.254902	0
conventional	ce957	437	0	26.243054	0	14	7	2.342153	4.139517	13.356317	6.405067	0.156285	0
conventional	ce958	437	0	18.114206	0	14	7	2.537849	2.712695	5.295108	7.568554	0.692807	0
conventional	ce959	439	1.610869	22.909680	1	14	7	7.022055	1.828010	8.083914	5.975701	0.024482	0
conventional	ce960	439	0	27.096237	0	14	7	4.192937	3.842683	11.907391	7.153226	0.156285	0
conventional	ce961	441	0	24.430539	0	14	7	1.824224	3.636856	9.667706	9.301753	0.692807	0
conventional	ce962	442	0	8.420727	0	14	7	1.499395	0.251157	5.089251	1.580924	0	0
conventional	ce963	443	0	15.293823	0	14	7	1.662171	1.842542	4.199106	7.590004	0.692807	0
conventional	ce964	443	0	26.396621	0	14	7	1.556586	4.975339	13.000806	6.863890	0	0
conventional	ce965	443	0.880289	30.590467	1	14	7	3.214413	5.281316	15.650249	6.444489	0.082226	0
conventional	ce966	443	0	16.241650	0	14	7	2.111896	1.745797	8.273200	4.110757	1.002194	0
conventional	ce967	445	0	10.341582	0	14	7	2.646345	0.834923	4.798961	2.061353	0	0
conventional	ce968	445	0	29.239918	0	14	7	4.458655	1.599196	11.303017	11.879050	0	0
conventional	ce969	449	1.916002	23.705958	1	14	7	6.682705	2.675159	8.145160	6.202934	0.024482	0
conventional	ce970	449	0	20.723555	0	14	7	4.501906	1.943791	8.668387	5.609471	1.197843	0
conventional	ce971	451	0	35.431351	0	14	7	11.963489	1.950938	13.664485	7.852439	0	0
conventional	ce972	451	0	25.012609	0	14	7	0.230651	6.032854	13.464878	5.284226	0	0
conventional	ce973	452	0	26.617902	0	14	7	3.824181	3.136452	6.725529	12.931740	0.692807	0
conventional	ce974	453	1.610869	40.198230	1	14	7	10.832188	2.245652	15.952604	11.167786	0.751114	0
conventional	ce975	454	0	25.533981	0	14	7	7.211642	2.939529	6.251587	9.131223	1.975934	0
conventional	ce976	455	0	33.654450	0	14	7	3.227400	2.705398	17.495660	10.225992	0.156285	0
conventional	ce977	456	0	24.593044	0	14	7	2.899523	2.829023	8.450333	10.414165	0.692807	0
conventional	ce978	458	0	37.356169	0	14	7	8.192271	5.345316	12.969821	10.848761	1.975934	0
conventional	ce979	458	0.880289	30.924695	1	14	7	1.499535	6.085794	17.481150	5.858216	0.385069	0
conventional	ce980	459	1.610869	27.691925	1	14	7	5.023352	2.063362	13.103966	7.501245	0.751114	0
conventional	ce981	460	0	23.034766	0	14	7	6.130609	2.550369	5.539759	8.814029	1.975934	0
conventional	ce982	461	0	34.966717	0	14	7	5.362046	4.217206	14.635347	10.752118	0	0
conventional	ce983	461	0	38.190693	0	14	7	7.449939	2.313260	16.956085	11.471409	0	0
conventional	ce984	464	0.149204	23.080357	1	14	7	6.387609	2.395504	4.023985	10.273259	0.294120	0
conventional	ce985	464	0	26.590533	0	14	7	3.194933	3.207087	9.954390	10.234123	0.692807	0
conventional	ce986	464	0	26.064034	0	14	7	3.392180	2.505497	9.513569	10.652788	0.784679	0
conventional	ce987	465	0	11.266806	0	14	7	2.296252	0.778858	5.650485	2.541211	0	0
conventional	ce988	465	0	21.836522	0	14	7	3.858031	2.494613	10.880573	4.603305	0.644819	0
conventional	ce989	467	0	10.910575	0	14	7	1.052560	1.635187	5.586266	2.636562	0	0
conventional	ce990	469	0	24.116743	0	14	7	4.182328	2.249210	10.437858	7.247347	0.637941	0
conventional	ce991	469	0	20.489749	0	14	7	2.377285	2.418660	8.440401	7.253403	0.692807	0
conventional	ce992	470	0	26.363743	0	14	7	3.538388	2.880816	12.780538	7.164001	0.942496	0
conventional	ce993	475	0	25.912868	0	14	7	2.397009	2.832477	13.647804	7.035578	0.596789	0
conventional	ce994	477	1.420070	36.978420	1	14	7	2.495511	6.433573	22.933858	5.115478	0.518243	0
conventional	ce995	477	0	31.901514	0	14	7	3.831805	5.796568	13.649370	8.623771	0.385055	0
conventional	ce996	477	0	21.455893	0	14	7	5.938808	1.404566	9.025924	5.086595	0.254902	0
conventional	ce997	477	0	9.405944	0	14	7	0.734017	1.816807	2.514208	4.340912	0.008450	0
conventional	ce998	478	0	10.904229	0	14	7	1.849191	0.786305	5.853709	2.415024	0.856667	0
conventional	ce999	479	0	24.791010	0	14	7	2.417553	2.942619	10.840116	8.590722	1.835750	0
conventional	ce1000	479	0	27.212316	0	14	7	4.226678	3.085082	12.298805	7.601751	0.942496	0
conventional	ce1001	480	0.149204	34.385849	1	14	7	6.133143	5.097033	12.488861	10.666812	0.294120	0
conventional	ce1002	480	0	23.090845	0	7	7	1.415597	3.465730	11.456863	6.752655	1.975934	0
conventional	ce1003	480	1.610869	34.847941	1	14	7	11.612393	3.554873	11.475733	8.204942	1.596675	0
conventional	ce1004	480	0	34.601849	0	14	7	1.714118	6.682862	19.217119	6.987750	0.832164	0
conventional	ce1005	480	0	33.918489	0	14	7	3.233932	4.672405	17.851031	8.161121	1.777853	0
conventional	ce1006	480	0.482562	26.614192	1	14	7	3.086210	4.578084	13.586197	5.363701	0.518243	0
conventional	ce1007	480	0	27.769761	0	14	7	2.211054	1.947875	12.279106	11.331726	0.692807	0
conventional	ce1008	480	0	27.018440	0	14	7	3.336720	2.280072	9.785953	11.615695	0.784679	0
conventional	ce1009	482	0	20.649426	0	14	7	4.390581	0.949390	7.601206	7.708249	0.254902	0
conventional	ce1010	482	0	24.489352	0	14	7	2.768324	1.476946	9.167342	11.076740	0.784679	0
conventional	ce1011	482	0	26.596494	0	14	7	2.104521	3.285592	10.957449	10.248932	1.674961	0
conventional	ce1012	482	1.017235	27.336009	1	14	7	2.403142	4.590747	14.223489	6.118631	0.518243	0
conventional	ce1013	482	0.880289	27.249537	1	14	7	1.556586	5.660950	12.188269	7.843732	0.082226	0
conventional	ce1014	483	0	16.903150	0	7	7	0.203144	3.181326	8.521753	4.996927	1.975934	0
conventional	ce1015	483	0	23.560217	0	14	7	3.624798	2.190411	10.056005	7.689003	1.690399	0
conventional	ce1016	484	0.447472	33.626028	1	14	7	5.363022	3.403234	15.694593	9.165179	1.975934	0
conventional	ce1017	484	0	24.973913	0	14	7	3.109636	2.145240	8.935692	10.783345	0.784679	0
conventional	ce1018	484	0	22.153142	0	14	7	2.102420	1.494780	8.208194	10.347748	0.692807	0
conventional	ce1019	484	0	23.926903	0	14	7	6.693796	2.700083	5.460251	9.072773	1.975934	0
conventional	ce1020	485	0	24.335376	0	14	7	6.965293	2.936695	6.447211	7.986177	1.975934	0
conventional	ce1021	485	0	21.525761	0	14	7	4.671360	0.584328	7.476698	8.793375	0.254902	0
conventional	ce1022	485	1.610869	34.874437	1	14	7	8.334644	2.376631	15.711057	8.452105	0.751114	0
conventional	ce1023	486	0	11.092581	0	14	7	2.834782	0.372182	5.992270	1.893347	0	0
conventional	ce1024	486	0	22.713314	0	14	7	3.660503	2.218749	8.690817	8.143245	0.942496	0
conventional	ce1025	486	0	19.310605	0	14	7	2.737226	3.112345	6.264269	7.196765	0.692807	0
conventional	ce1026	487	1.610869	30.870808	1	14	7	9.250583	1.494300	14.220634	5.905291	0.751114	0
conventional	ce1027	488	1.420070	36.253675	1	14	7	2.173817	6.362159	22.315047	5.402652	0.518243	0
conventional	ce1028	488	0	21.914453	0	14	7	3.471489	2.080255	11.091460	5.271249	0.637941	0
conventional	ce1029	488	0	25.521954	0	14	7	1.474992	4.568334	12.770282	6.708346	0.752309	0
conventional	ce1030	489	0	30.326816	0	14	7	8.161947	3.274908	5.556809	13.333152	1.975934	0
conventional	ce1031	489	0	14.925244	0	14	7	1.563443	1.442929	8.046210	3.872662	0.453604	0
conventional	ce1032	489	0	14.451843	0	14	7	3.258108	0.833213	5.438604	4.921918	0.254902	0
conventional	ce1033	489	0	26.959270	0	14	7	4.058085	3.102749	12.487924	7.310512	1.336589	0
conventional	ce1034	490	0.880289	18.786880	1	14	7	4.404945	2.246463	7.033663	5.101809	0.518243	0
conventional	ce1035	491	0	27.666522	0	14	7	0.160008	4.499129	14.539645	8.467740	0	0
conventional	ce1036	492	1.420070	40.160608	1	14	7	3.326028	5.853374	24.453797	6.527409	0.532394	0
conventional	ce1037	493	0	10.679205	0	14	7	3.418324	0.679096	4.609839	1.971946	0	0
conventional	ce1038	493	0	36.400251	0	14	7	0.191765	8.161300	19.181410	8.865776	1.666900	0
conventional	ce1039	495	1.420070	38.186156	1	14	7	2.789566	5.686423	21.729451	7.980716	0.518243	0
conventional	ce1040	495	0	28.745315	0	14	7	6.896416	5.026786	8.772279	8.049834	1.754152	0
conventional	ce1041	496	1.610869	20.309997	1	14	7	5.405768	1.732106	7.196422	5.975701	0.024482	0
conventional	ce1042	496	0	26.874027	0	14	7	6.961246	2.965651	7.876400	9.070730	1.597656	0
conventional	ce1043	496	0	29.292988	0	14	7	5.452966	2.273730	14.333517	7.232775	0.537187	0
conventional	ce1044	496	0.982394	33.585535	1	14	7	2.513606	7.194027	17.787819	6.090083	0.799619	0
conventional	ce1045	496	0	25.513806	0	14	7	2.846581	5.105246	13.040535	4.521444	1.578868	0
conventional	ce1046	497	1.610869	35.986699	1	14	7	8.435348	2.479859	16.083404	8.988088	0.751114	0
conventional	ce1047	497	0.149204	22.369151	1	14	7	5.613240	2.358933	5.897981	8.498997	0.294120	0
conventional	ce1048	497	0	9.379863	0	14	7	1.365746	1.139684	4.719882	2.154551	0	0
conventional	ce1049	497	0	19.751217	0	7	7	0.334355	3.348937	9.417287	6.650638	1.975934	0
conventional	ce1050	497	0	28.481615	0	14	7	7.688039	2.703535	7.993391	10.096650	0.637941	0
conventional	ce1051	498	1.035610	23.188028	1	14	7	4.917237	0.473966	8.191414	9.605411	0.153528	0
conventional	ce1052	498	1.017235	31.530054	1	14	7	3.172694	4.955696	15.067077	8.334587	0.518243	0
conventional	ce1053	499	0	27.678365	0	14	7	4.057063	2.111316	16.705306	4.804680	1.807280	0
conventional	ce1054	499	0	22.737859	0	14	7	4.570529	2.073748	9.416850	6.676732	0.788752	0
conventional	ce1055	499	1.017235	30.934642	1	14	7	4.273640	7.091134	13.807132	5.762736	0.518243	0
conventional	ce1056	499	1.420070	50.711653	1	14	7	2.563045	8.679156	33.468186	6.001266	0.518243	0
conventional	ce1057	499	0	21.967549	0	14	7	4.259475	1.569855	7.955247	8.182972	0.942496	0
conventional	ce1058	499	0	21.701211	0	14	7	1.807965	3.003952	6.067595	10.821699	0.692807	0
conventional	ce1059	501	1.867113	37.623373	1	14	7	9.250911	2.375761	16.367877	9.628824	0.751114	0
conventional	ce1060	501	0.013259	31.691884	1	14	7	8.485968	2.751054	7.590559	12.864303	0.294120	0
conventional	ce1061	502	0	22.024570	0	14	7	4.297839	1.139523	8.436211	8.150997	1.796166	0
conventional	ce1062	503	1.971453	17.611069	1	14	7	3.528108	0.486371	6.583538	7.013052	0.024482	0
conventional	ce1063	503	0	24.636283	0	14	7	3.866974	2.044215	9.820302	8.904792	1.835750	0
conventional	ce1064	503	0.013259	25.590869	1	14	7	3.194933	3.207087	8.941467	10.247382	0.294120	0
conventional	ce1065	503	0	24.861979	0	14	7	3.142193	3.779468	6.661539	11.278779	0.692807	0
conventional	ce1066	503	0	11.897922	0	14	7	2.141128	1.030420	6.564436	2.161938	0.856667	0
conventional	ce1067	503	1.420070	38.485874	1	14	7	1.354551	8.436591	23.581032	5.113700	0.644351	0
conventional	ce1068	505	0.149204	23.942295	1	14	7	7.114347	2.597670	5.685584	8.544694	0.294120	0
conventional	ce1069	505	0	23.796791	0	14	7	4.576763	1.887408	10.655888	6.676732	0.788752	0
conventional	ce1070	506	0	37.847644	0	14	7	1.922456	7.348034	24.652608	3.924546	0.637941	0
conventional	ce1071	506	0	8.843656	0	14	7	1.550263	1.001978	4.655340	1.636075	0.856667	0
conventional	ce1072	508	0.482562	25.749317	1	14	7	3.028715	3.635991	13.766939	5.317672	0.518243	0
conventional	ce1073	508	0	24.836454	0	14	7	4.908700	4.715513	10.969392	4.242849	1.336589	0
conventional	ce1074	508	0	23.275165	0	7	7	1.430561	3.877934	11.193640	6.773030	1.975934	0
conventional	ce1075	509	0	24.473039	0	14	7	3.261731	1.541124	10.724099	8.946085	0.931499	0
conventional	ce1076	512	0	25.643263	0	14	7	1.834399	3.889616	11.339028	8.580220	1.975934	0
conventional	ce1077	513	0	22.304778	0	14	7	3.172406	2.971011	10.782742	5.378619	1.052521	0
conventional	ce1078	514	1.420070	35.217734	1	14	7	2.429540	6.414079	21.160928	5.213187	0.518243	0
conventional	ce1079	514	0	23.842288	0	14	7	1.739772	3.254705	6.903673	11.944138	0.692807	0
conventional	ce1080	514	0.982394	33.244157	1	14	7	2.274946	6.656725	18.807584	5.504902	1.077546	0
conventional	ce1081	515	1.610869	35.717026	1	14	7	9.933738	2.408999	14.798703	8.575586	0.751114	0
conventional	ce1082	516	0	26.605691	0	14	7	5.896080	0.874357	12.630828	7.204426	0.942496	0
conventional	ce1083	518	1.173602	22.985544	1	7	7	0.774379	3.561672	10.823038	7.826455	0	0
conventional	ce1084	518	0	45.375155	0	14	7	2.413039	7.467507	29.537618	5.956991	0.862405	0
conventional	ce1085	520	1.706024	32.386177	1	14	7	0.776338	5.328354	21.451639	4.829846	0.574441	0
conventional	ce1086	521	0	26.878725	0	14	7	4.923018	3.226829	11.347984	7.380894	0.788752	0
conventional	ce1087	521	0	29.067103	0	14	7	6.264070	1.746787	11.446398	9.609848	0.942496	0
conventional	ce1088	522	0.612027	28.604924	1	14	7	1.705854	3.141434	18.795453	4.962183	0.518243	0
conventional	ce1089	524	1.420070	38.098972	1	14	7	4.957638	6.586844	20.878487	5.676003	0.518243	0
conventional	ce1090	524	0.693482	14.203322	1	14	7	3.444824	0.118500	6.620925	4.019073	0.518243	0
conventional	ce1091	524	0	26.985086	0	14	7	1.230136	3.558763	11.873392	10.322795	1.674961	0
conventional	ce1092	525	0	27.805992	0	14	7	4.174012	2.958096	12.177138	8.496746	1.554106	0
conventional	ce1093	526	0	19.735380	0	7	7	0.444106	3.276645	9.972752	6.041877	0	0
conventional	ce1094	529	0	36.826449	0	14	7	6.491580	4.297154	14.937384	11.100331	1.975934	0
conventional	ce1095	529	0	13.272365	0	14	7	2.021419	0.504104	7.082196	3.664646	0	0
conventional	ce1096	530	0	29.751650	0	14	7	3.896074	3.135371	13.307370	9.412835	0.942496	0
conventional	ce1097	531	0	25.667924	0	14	7	3.457022	2.311109	9.919895	9.979898	1.575708	0
conventional	ce1098	537	0	26.988201	0	14	7	2.604969	2.718928	12.075659	9.588645	1.483831	0
conventional	ce1099	538	1.173602	25.671282	1	7	7	0.347432	4.002692	12.826658	8.494500	0	0
conventional	ce1100	539	0.345949	44.943348	1	14	7	2.701410	8.632246	30.498477	3.111215	0.518243	0
conventional	ce1101	539	0.149204	22.519324	1	14	7	4.103325	4.050207	8.176947	6.188845	0.294120	0
conventional	ce1102	540	0	14.152169	0	14	7	1.799195	1.370036	7.544046	3.438892	0.453604	0
conventional	ce1103	540	0	26.904658	0	14	7	2.354397	1.819143	13.111021	9.620097	2.446887	0
conventional	ce1104	540	0	21.889407	0	14	7	5.604149	0.828263	7.458722	7.998273	0.254902	0
conventional	ce1105	540	0.693482	23.074641	1	14	7	3.532981	1.580659	10.799651	7.161350	0.518243	0
conventional	ce1106	541	1.420070	35.618669	1	14	7	3.068831	5.254968	19.407496	7.887374	0.518243	0
conventional	ce1107	542	0	28.738549	0	14	7	5.326309	3.170586	13.176517	7.065137	0.322472	0
conventional	ce1108	542	0	23.636888	0	14	7	4.884652	1.379412	10.864946	6.507878	0.942496	0
conventional	ce1109	542	0	25.421353	0	14	7	4.713883	2.186103	10.011527	8.509840	0.788752	0
conventional	ce1110	542	1.610869	30.577738	1	14	7	7.374491	2.351575	12.376005	8.475667	0.751114	0
conventional	ce1111	542	0.376516	18.216301	1	14	7	2.714568	3.192034	8.112477	4.197222	0.294120	0
conventional	ce1112	543	1.035610	22.756862	1	14	7	5.020692	0.520596	8.557559	8.658015	0.135192	0
conventional	ce1113	543	0	8.688272	0	14	7	1.873838	1.658544	3.695646	1.460244	0	0
conventional	ce1114	543	1.420070	41.501536	1	14	7	10.345114	5.583016	14.166983	11.406423	0.278885	0
conventional	ce1115	544	0.013259	30.382716	1	14	7	8.691552	2.168863	7.714286	11.808015	0.699618	0
conventional	ce1116	544	0.693482	14.416548	1	14	7	3.483538	0.486545	5.618797	4.827668	0.518243	0
conventional	ce1117	545	1.420070	35.184607	1	14	7	3.257948	3.966637	18.960384	8.999638	0	0
conventional	ce1118	545	0	20.617174	0	7	7	1.985421	2.983401	10.000188	5.648164	0	0
conventional	ce1119	545	0	24.497396	0	14	7	2.755911	3.509693	7.902292	10.329500	0.692807	0
conventional	ce1120	545	0	29.522521	0	14	7	1.493455	5.867262	15.202754	6.959050	0.752309	0
conventional	ce1121	546	0	29.696556	0	14	7	0.736576	4.622505	15.712158	8.625317	0	0
conventional	ce1122	546	0.700676	20.261493	1	14	7	6.959396	2.412951	7.206419	3.682727	0	0
conventional	ce1123	546	0	26.109801	0	14	7	3.282586	3.085073	12.565470	7.176672	0.158169	0
conventional	ce1124	547	0	28.661996	0	14	7	0.335022	4.374927	16.285778	7.666269	0	0
conventional	ce1125	548	0	30.469868	0	14	7	6.043202	0.561603	15.771009	8.094054	1.796166	0
conventional	ce1126	548	1.173602	29.235072	1	7	7	2.395772	5.010247	13.166979	8.662074	0	0
conventional	ce1127	548	0	24.296888	0	14	7	3.789976	2.256194	10.103987	8.146731	0.942496	0
conventional	ce1128	548	0.151107	24.493655	1	7	7	1.544416	3.515993	13.226968	6.206278	0.153528	0
conventional	ce1129	549	0	18.142883	0	14	7	1.713901	1.559778	6.187881	8.681323	1.422823	0
conventional	ce1130	549	0	24.214008	0	14	7	4.689367	2.292670	8.287864	8.944107	0.038748	0
conventional	ce1131	549	0	22.636056	0	14	7	1.726065	3.705182	7.262437	9.942372	1.091839	0
conventional	ce1132	551	0.693482	13.744515	1	14	7	3.214924	1.140970	5.981330	3.407291	0.518243	0
conventional	ce1133	552	0	32.003676	0	7	7	3.558041	4.956877	13.905284	9.583474	0	0
conventional	ce1134	552	0	19.538531	0	14	7	2.185125	1.270543	10.379520	5.703343	0.942496	0
conventional	ce1135	553	0	19.764358	0	7	7	0.444106	3.276645	10.004283	6.039324	0	0
conventional	ce1136	555	0	28.112415	0	7	7	1.471219	4.565504	13.085669	8.990023	0	0
conventional	ce1137	555	0	31.214179	0	14	7	5.396614	1.586598	14.516950	9.714017	0.862405	0
conventional	ce1138	556	1.763281	42.430830	1	14	7	3.804722	6.528258	20.954563	11.143287	0.728535	0
conventional	ce1139	556	0	40.066447	0	14	7	7.499840	4.433513	15.886284	12.246810	1.975934	0
conventional	ce1140	556	0	35.687697	0	14	7	9.250746	7.483291	12.672716	6.280944	2.471634	0
conventional	ce1141	557	0	21.414535	0	14	7	3.815324	1.485597	10.376575	5.737039	0.856667	0
conventional	ce1142	557	1.173602	24.837870	1	7	7	0.450206	3.976038	12.038152	8.373474	0	0
conventional	ce1143	557	0.345949	40.510449	1	14	7	2.782016	6.882925	29.661170	1.184338	0.518243	0
conventional	ce1144	557	0.693482	16.278281	1	14	7	6.667082	0.446966	6.351516	2.812717	0.518243	0
conventional	ce1145	558	0.152833	14.415394	1	14	7	2.582974	3.192034	7.771633	0.868753	0.294120	0
conventional	ce1146	558	0.013259	32.031281	1	14	7	7.196049	3.025295	8.714159	13.095778	0.294120	0
conventional	ce1147	558	0	38.015785	0	14	7	1.541733	7.359558	19.987522	9.126972	1.131065	0
conventional	ce1148	558	0	25.881699	0	14	7	3.458354	1.522420	12.209792	8.691133	0.911861	0
conventional	ce1149	559	0	13.426149	0	14	7	1.185076	0.977763	8.509457	2.753853	0.856667	0
conventional	ce1150	559	0	31.053322	0	14	7	7.022835	3.668594	11.309771	9.052122	0.158169	0
conventional	ce1151	559	0	26.233543	0	14	7	0.311925	5.276564	13.332794	7.312260	0.093714	0
conventional	ce1152	559	0.013259	27.754493	1	14	7	3.083938	4.069502	10.353671	10.247382	0.328219	0
conventional	ce1153	561	0	39.526386	0	14	7	4.498632	5.648977	19.832189	9.546588	0.692807	0
conventional	ce1154	561	0	24.804811	0	14	7	2.546503	2.871974	13.608430	5.777904	1.721704	0
conventional	ce1155	561	0	32.105068	0	14	7	7.136862	2.624962	11.600823	10.742421	0.942496	0
conventional	ce1156	562	1.173602	2.447224	1	7	7	0.573693	0.054647	0.506310	1.312574	0	0
conventional	ce1157	562	0	16.903372	0	14	7	1.092460	2.567818	4.139014	9.104080	0.862405	0
conventional	ce1158	563	1.017229	23.873567	1	7	7	0.946964	4.566095	11.669291	6.691217	0	0
conventional	ce1159	563	0	12.153068	0	7	7	2.092902	2.130859	4.065062	3.864245	0.788752	0
conventional	ce1160	563	0	21.396966	0	14	7	1.748948	4.334905	10.425407	4.887706	0.752309	0
conventional	ce1161	563	0.482562	22.926464	1	14	7	2.685072	4.114785	12.536397	3.590210	1.476018	0
conventional	ce1162	563	0	47.554714	0	14	7	3.536317	9.553826	29.269655	5.194916	0.862405	0
conventional	ce1163	563	0	24.489422	0	14	7	3.757398	2.319143	10.544009	7.868872	0.565247	0
conventional	ce1164	563	0	26.485705	0	14	7	5.704737	2.142451	9.102284	9.536233	0.038748	0
conventional	ce1165	564	0	26.843039	0	14	7	5.880248	1.697235	11.740975	7.524581	0.788752	0
conventional	ce1166	564	0	27.840405	0	14	7	2.026073	2.522356	14.859930	8.432046	0.942496	0
conventional	ce1167	564	0	26.817540	0	7	7	0.666171	4.446147	13.309711	8.395511	0	0
conventional	ce1168	564	0	19.763984	0	14	7	1.265585	2.386000	9.423636	6.688763	1.554106	0
conventional	ce1169	565	0	29.687790	0	14	7	4.829154	2.312639	12.562905	9.983092	1.875844	0
conventional	ce1170	565	0	23.655440	0	14	7	2.172121	3.396991	12.985778	5.100550	1.721704	0
conventional	ce1171	565	0	20.204314	0	14	7	2.220309	2.059716	7.330693	8.593596	0.942496	0
conventional	ce1172	565	0	31.027728	0	14	7	5.673093	3.607244	14.818519	6.928872	0.322472	0
conventional	ce1173	566	0	26.846598	0	14	7	4.332529	3.505886	12.271979	6.736204	1.554106	0
conventional	ce1174	566	1.420070	35.141921	1	14	7	3.292378	5.233788	17.976774	8.638981	0.518243	0
conventional	ce1175	566	0	20.305971	0	7	7	0.832403	3.296806	10.094094	6.082668	0	0
conventional	ce1176	566	0	58.945379	0	14	7	2.887131	9.196448	36.767285	10.094515	0.518243	0
conventional	ce1177	566	0	27.149821	0	14	7	2.694863	1.343036	13.685024	9.426898	1.034784	0
conventional	ce1178	567	0	18.910502	0	7	7	0.037448	3.276645	9.791473	5.804936	0	0
conventional	ce1179	567	1.420070	39.986024	1	14	7	3.168153	2.729133	21.005933	13.082805	0	0
conventional	ce1180	568	0	31.310091	0	14	7	5.128743	2.446376	13.312679	10.422293	2.038300	0
conventional	ce1181	568	0	23.825598	0	14	7	2.383506	4.746022	10.238763	6.457307	0.788752	0
conventional	ce1182	569	0	18.934919	0	14	7	1.748449	1.524063	7.163268	8.499139	1.422823	0
conventional	ce1183	569	0	43.563598	0	14	7	8.314921	6.534085	18.921446	9.793146	1.975934	0
conventional	ce1184	571	0	31.158379	0	14	7	2.288267	5.318899	15.824988	7.726225	0	0
conventional	ce1185	573	0	30.726011	0	14	7	2.403739	4.419740	14.814613	9.087919	1.885059	0
conventional	ce1186	573	0.594222	21.020145	1	8	7	1.746481	2.900908	10.124046	6.248710	0	0
conventional	ce1187	574	0.482562	21.709604	1	14	7	2.826327	3.799196	12.843064	2.241017	1.476018	0
conventional	ce1188	574	0	34.904138	0	14	7	4.870123	4.867893	18.329526	6.836596	0	0
conventional	ce1189	574	0	19.786015	0	14	7	1.843047	1.613152	8.923583	7.406233	1.422823	0
conventional	ce1190	574	0.345949	45.127285	1	14	7	2.893719	8.613887	30.656998	2.962681	0.205174	0
conventional	ce1191	576	0	26.317259	0	14	7	0.186899	4.149441	14.308006	7.672913	0	0
conventional	ce1192	577	0	31.588403	0	14	7	1.605073	3.034664	19.252452	7.696214	1.186312	0
conventional	ce1193	578	0	28.499208	0	14	7	0.803455	3.712103	12.647384	11.336266	0	0
conventional	ce1194	578	0	29.734070	0	14	7	2.357964	5.672284	14.198500	7.505322	0.734603	0
conventional	ce1195	578	0	44.148384	0	14	7	3.680752	9.077474	28.662215	2.727943	1.091839	0
conventional	ce1196	578	0	27.274372	0	14	7	1.380476	5.442639	14.498019	5.953238	0.601849	0
conventional	ce1197	579	0.594222	20.493162	1	8	7	1.704518	2.911537	10.671625	5.205482	0	0
conventional	ce1198	581	0.013259	43.518636	1	14	7	12.182703	4.885171	13.319317	13.131445	0.699618	0
conventional	ce1199	581	0	14.147774	0	14	7	2.228669	1.395221	5.739386	4.784498	1.422823	0
conventional	ce1200	583	0	31.663320	0	14	7	5.468897	3.182977	15.875182	7.136264	0.322472	0
conventional	ce1201	584	0	26.368237	0	14	7	3.817699	2.115943	11.635247	8.799348	0	0
conventional	ce1202	584	0	33.810632	0	14	7	3.691220	4.153075	16.030688	9.935649	0.780753	0
conventional	ce1203	585	1.420070	42.650065	1	14	7	4.196572	4.809813	21.990880	11.652800	0.518243	0
conventional	ce1204	585	0.345949	42.871019	1	14	7	2.992312	7.342692	29.606417	2.929598	0.205174	0
conventional	ce1205	586	0	36.204745	0	14	7	10.073174	2.070926	9.742416	14.318229	1.213221	0
conventional	ce1206	589	1.173602	32.263140	1	7	7	3.436139	6.514414	13.578981	8.733606	0	0
conventional	ce1207	589	1.420070	37.929795	1	14	7	4.470518	4.650031	19.602227	9.207019	0	0
conventional	ce1208	590	0	27.112904	0	14	7	0.071920	4.486261	14.905203	7.649520	0	0
conventional	ce1209	591	0	23.519018	0	14	7	2.908642	1.801893	11.188656	7.619827	0.675101	0
conventional	ce1210	593	0.006223	27.843016	1	14	7	5.521783	2.429734	5.198296	14.693203	0.294120	0
conventional	ce1211	593	0	30.920411	0	14	7	3.613160	2.130110	11.702045	13.475096	0.675101	0
conventional	ce1212	596	0.345949	39.284444	1	14	7	1.958705	7.783857	26.810890	2.730992	0.539717	0
conventional	ce1213	596	0.013259	38.042254	1	14	7	8.534474	3.382900	12.801907	13.322973	0.257725	0
conventional	ce1214	598	0	27.060639	0	14	7	4.354543	1.968198	14.365447	6.372451	2.038300	0
conventional	ce1215	599	0	23.574654	0	14	7	0.721013	2.078641	10.569134	10.205866	0	0
conventional	ce1216	599	0	20.518740	0	14	7	0.266992	3.090480	11.309666	5.851602	0	0
conventional	ce1217	601	0	14.548154	0	7	7	1.692683	1.830655	8.081754	2.943062	0	0
conventional	ce1218	601	0	33.318166	0	14	7	5.128743	2.566374	14.888077	10.734972	2.038300	0
conventional	ce1219	602	0	36.664987	0	14	7	7.541186	3.343337	17.448907	8.331557	0.038748	0
conventional	ce1220	603	0	21.304428	0	14	7	2.673806	2.406855	7.172144	9.051623	0.942496	0
conventional	ce1221	604	0	32.685602	0	14	7	0.743842	7.461583	18.173467	6.306710	0.158169	0
conventional	ce1222	604	0	29.249253	0	14	7	3.753120	3.139903	12.526413	9.829817	0	0
conventional	ce1223	605	0	32.547250	0	14	7	1.295597	4.524388	18.549574	8.177691	0	0
conventional	ce1224	605	0.427911	30.110334	1	14	7	2.935304	5.195430	13.845577	8.134023	0	0
conventional	ce1225	605	0	13.753628	0	14	7	2.228669	1.330902	5.737137	4.456920	1.422823	0
conventional	ce1226	606	0	32.684738	0	14	7	8.191087	1.599125	12.295779	10.598747	1.213221	0
conventional	ce1227	606	0	20.442306	0	14	7	1.868469	3.000058	10.681078	4.892701	0.601849	0
conventional	ce1228	606	0	35.216701	0	14	7	3.212159	6.588899	16.712373	8.703270	0.734603	0
conventional	ce1229	607	0	24.751603	0	14	7	2.872088	0.994834	10.122247	10.762434	1.211834	0
conventional	ce1230	607	0.345949	50.655183	1	14	7	5.650442	7.174617	30.835309	6.994815	0.518243	0
conventional	ce1231	608	0	32.328077	0	14	7	2.869075	5.213022	16.440918	7.805062	2.201856	0
conventional	ce1232	608	0	16.826622	0	7	7	0.116556	3.365748	10.050752	3.293566	0	0
conventional	ce1233	609	0	25.788515	0	14	7	1.162069	3.617120	13.866710	7.142616	1.688459	0
conventional	ce1234	609	0.382661	43.054978	1	14	7	3.584538	9.477940	26.684064	3.308436	1.091839	0
conventional	ce1235	609	0	30.454110	0	14	7	0.083559	4.346610	14.986877	11.037064	0	0
conventional	ce1236	609	0.239604	18.034515	1	8	7	0.222548	2.302062	10.044040	5.465865	0	0
conventional	ce1237	609	1.932309	38.152645	1	14	7	4.774981	4.475783	18.393803	10.508078	0	0
conventional	ce1238	610	0	19.949114	0	14	7	2.000446	1.638979	7.957590	8.352099	1.422823	0
conventional	ce1239	610	0	33.486244	0	14	7	6.156374	1.873222	15.231746	10.224902	2.369739	0
conventional	ce1240	610	0.013259	31.128277	1	14	7	4.660349	4.295920	10.247331	11.924677	0.328219	0
conventional	ce1241	611	0.259004	25.921906	1	14	7	3.511078	3.391011	8.499463	10.520354	0.328219	0
conventional	ce1242	612	0	27.864891	0	14	7	4.875217	3.270693	14.228645	5.490336	1.874156	0
conventional	ce1243	612	0	19.494900	0	14	7	1.757457	1.554769	8.952939	7.229735	1.422823	0
conventional	ce1244	613	0	33.546513	0	14	7	2.191221	5.672284	16.864876	8.818132	0.749554	0
conventional	ce1245	613	0.239604	19.005201	1	8	7	1.018136	2.340881	10.036077	5.610107	0	0
conventional	ce1246	615	0	50.649423	0	14	7	3.969541	10.409345	34.712308	1.558229	1.369110	0
conventional	ce1247	615	0	27.633447	0	14	7	5.440944	2.051869	13.920597	6.220037	2.038300	0
conventional	ce1248	617	0	23.973509	0	14	7	0.740393	1.889419	10.911948	10.431749	2.227900	0
conventional	ce1249	617	0	21.634708	0	14	7	1.257698	2.176923	9.115476	9.084611	1.095667	0
conventional	ce1250	618	0.482562	28.560802	1	14	7	3.398260	4.779924	14.652155	5.730463	1.505832	0
conventional	ce1251	618	0.274114	45.265250	1	14	7	2.556892	10.127846	30.610672	1.969840	0.503457	0
conventional	ce1252	618	0	62.442944	0	14	7	5.280319	9.195467	39.381061	8.586097	0.518243	0
conventional	ce1253	618	0.941425	31.346830	1	8	7	4.922932	5.893305	13.469131	7.061462	0.328219	0
conventional	ce1254	619	0	30.159604	0	14	7	0.711230	6.298307	13.539702	9.610365	0	0
conventional	ce1255	620	0	14.920014	0	14	7	2.251938	2.230103	6.012612	4.425361	1.422823	0
conventional	ce1256	621	0	27.345043	0	14	7	1.162069	3.502537	15.096650	7.583787	1.495454	0
conventional	ce1257	623	0	29.850232	0	14	7	4.344932	2.982274	16.549788	5.973238	1.408632	0
conventional	ce1258	623	0	20.596869	0	14	7	1.891620	2.153726	7.428752	9.122771	1.168031	0
conventional	ce1259	623	0	28.267447	0	14	7	0.743226	3.151271	12.811777	11.561173	0	0
conventional	ce1260	623	0	21.779504	0	7	7	0.620838	2.756591	9.741200	8.660875	0	0
conventional	ce1261	623	0	37.752781	0	14	7	5.124912	2.164002	17.934690	12.529177	0	0
conventional	ce1262	624	0	22.590150	0	14	7	0.723132	0.679601	11.634766	9.552651	0	0
conventional	ce1263	624	0	40.786236	0	14	7	2.433189	7.578605	27.339657	3.434785	0	0
conventional	ce1264	625	0	14.878437	0	14	7	1.794533	1.425511	4.605899	7.052494	1.422823	0
conventional	ce1265	625	0	13.898022	0	7	7	1.692683	1.830655	7.457234	2.917450	0	0
conventional	ce1266	626	0	14.788910	0	14	7	1.573648	2.056836	6.228141	4.930285	1.422823	0
conventional	ce1267	626	0	33.541688	0	14	7	6.328763	1.811296	15.655220	9.746409	2.369739	0
conventional	ce1268	626	0	20.598989	0	14	7	1.638952	1.868516	8.181089	8.910432	0	0
conventional	ce1269	626	0	34.481160	0	14	7	5.287753	2.996841	15.934316	10.262250	1.964438	0
conventional	ce1270	627	0.070794	51.351777	1	14	7	5.066625	11.395931	29.650604	5.238617	0.503457	0
conventional	ce1271	627	0	27.801651	0	14	7	4.239162	3.580789	14.892112	5.089588	0.041738	0
conventional	ce1272	628	0	24.554015	0	14	7	2.913889	0.883465	10.273457	10.483204	0	0
conventional	ce1273	628	0	21.396974	0	14	7	2.767225	3.058369	9.288414	6.282966	1.145618	0
conventional	ce1274	629	0	28.776237	0	14	7	5.605253	1.863382	13.985047	7.322555	2.038300	0
conventional	ce1275	631	0	21.370150	0	14	7	1.160099	2.272265	8.960006	8.977780	1.726385	0
conventional	ce1276	631	0	31.612259	0	14	7	0.920998	4.994970	13.581737	12.114554	0	0
conventional	ce1277	631	0.456994	13.733221	1	8	7	2.320685	1.511996	6.410979	3.489561	0	0
conventional	ce1278	632	0	20.744538	0	14	7	2.000446	1.638979	7.849009	9.256104	1.802892	0
conventional	ce1279	633	0	11.051272	0	14	7	1.360777	1.549794	4.597345	3.543356	1.422823	0
conventional	ce1280	634	0	26.898817	0	14	7	3.099451	2.599510	12.319998	8.879858	0.675101	0
conventional	ce1281	634	0	30.186489	0	14	7	4.486626	3.381359	12.917508	9.400996	0	0
conventional	ce1282	634	0	26.481109	0	14	7	5.171644	3.262869	12.946986	5.099610	1.874156	0
conventional	ce1283	635	0	30.262932	0	14	7	0.083559	4.346610	14.822849	11.009914	0	0
conventional	ce1284	636	0	37.235351	0	14	7	3.832255	1.531641	18.354066	13.517389	0	0
conventional	ce1285	638	0	33.644956	0	7	7	2.598641	5.758369	16.469826	8.818120	0.749554	0
conventional	ce1286	638	0	16.619495	0	14	7	1.878746	3.138268	7.614784	3.987697	0	0
conventional	ce1287	638	0	30.747629	0	14	7	0.752141	4.262187	14.662406	11.070895	0	0
conventional	ce1288	638	1.420070	41.793095	1	14	7	6.670676	4.853777	19.801324	10.467318	0	0
conventional	ce1289	638	0	21.699996	0	14	7	2.650530	1.602790	10.887186	6.559490	0.675101	0
conventional	ce1290	640	0	20.573074	0	14	7	0.286746	3.141216	11.264999	5.880113	0	0
conventional	ce1291	641	0	24.135387	0	14	7	2.926527	1.802870	11.414612	7.991378	0.675101	0
conventional	ce1292	641	0	19.334886	0	14	7	1.509564	1.405530	8.801622	7.618170	1.140751	0
conventional	ce1293	641	0	30.677849	0	14	7	4.635720	2.750563	15.656380	7.635186	1.964438	0
conventional	ce1294	642	0	11.322985	0	14	7	1.618297	1.448455	5.238995	3.017238	1.414168	0
conventional	ce1295	644	0	27.251234	0	14	7	3.534107	4.328099	15.573052	3.815976	1.130735	0
conventional	ce1296	645	0.382661	45.151146	1	14	7	3.436254	9.737709	28.111996	3.865187	1.091839	0
conventional	ce1297	645	0	23.498173	0	14	7	2.182658	2.663007	8.465965	10.186543	0	0
conventional	ce1298	646	0	21.658026	0	14	7	3.187150	1.786531	7.647909	9.036436	0	0
conventional	ce1299	647	0	40.236389	0	14	7	1.312593	8.066827	18.866462	11.990507	0	0
conventional	ce1300	647	0	35.141749	0	14	7	4.510311	3.500668	15.476498	11.654272	0	0
conventional	ce1301	649	0	24.018447	0	14	7	0.468270	4.726139	12.279873	6.544165	0	0
conventional	ce1302	650	0.113099	7.100581	1	8	7	0.292658	0.636982	3.372539	2.798402	0	0
conventional	ce1303	651	0	29.550538	0	14	7	1.265321	2.613911	13.893179	11.778127	0	0
conventional	ce1304	658	0	29.912261	0	14	7	0.822550	2.922745	13.229774	12.937192	0	0
conventional	ce1305	659	0	26.949696	0	14	7	5.923230	1.247759	13.666124	6.112583	2.038300	0
conventional	ce1306	659	0	37.532640	0	14	7	1.408232	3.658123	17.955388	14.510897	0	0
conventional	ce1307	661	0	24.746242	0	7	7	1.131031	3.180557	11.153628	9.281026	0	0
conventional	ce1308	661	0	26.556671	0	14	7	1.316871	3.537095	14.739779	6.962926	0	0
conventional	ce1309	662	0	29.079042	0	14	7	5.131414	1.871351	15.507923	6.568354	0.041738	0
conventional	ce1310	664	0	16.079708	0	14	7	2.344543	2.485514	6.442957	4.806694	1.422823	0
conventional	ce1311	665	0	20.746208	0	14	7	2.540630	1.234335	7.530357	9.440886	1.422823	0
conventional	ce1312	665	0	34.054234	0	14	7	4.267521	4.370876	17.065906	8.349931	1.495454	0
conventional	ce1313	667	0	32.206064	0	14	7	1.020346	4.116223	20.623902	6.445593	0	0
conventional	ce1314	668	0.382661	34.740047	1	14	7	4.293501	0.708826	16.320249	13.417471	1.091839	0
conventional	ce1315	669	0	40.894319	0	14	7	5.484474	3.190955	19.272627	12.946263	1.363628	0
conventional	ce1316	669	0	31.944080	0	14	7	5.633015	2.649816	15.360324	8.300925	0	0
conventional	ce1317	669	0	22.967055	0	14	7	3.462608	3.031610	11.664718	4.808119	0.675101	0
conventional	ce1318	669	0	12.229863	0	14	7	1.387189	1.879314	5.420618	3.542742	1.948073	0
conventional	ce1319	669	0	25.905029	0	14	7	1.241423	4.764595	15.533170	4.365841	0.041738	0
conventional	ce1320	670	0	35.013390	0	14	7	1.769534	3.033042	17.208599	13.002215	0	0
conventional	ce1321	670	0	31.162186	0	7	7	2.385119	3.482127	14.859102	10.435838	0	0
conventional	ce1322	670	0	12.061784	0	14	7	1.345321	1.490444	4.422981	4.803038	1.414168	0
conventional	ce1323	670	0	54.234531	0	14	7	4.663862	10.409345	35.571192	3.590132	1.275314	0
conventional	ce1324	671	0	28.482390	0	14	7	0.631847	3.207176	12.857630	11.785737	0	0
conventional	ce1325	672	1.215763	27.986907	1	14	7	2.638956	3.104925	9.617811	12.625215	1.095667	0
conventional	ce1326	673	0	15.738010	0	14	7	0.744471	0.286799	6.826213	7.880527	1.095667	0
conventional	ce1327	673	0	20.816804	0	14	7	2.136309	3.759031	9.573009	5.348455	0.675101	0
conventional	ce1328	673	0	31.315999	0	14	7	0.622188	4.468968	14.114098	12.110745	0	0
conventional	ce1329	675	0	40.986774	0	14	7	6.577199	4.777315	17.263987	12.368273	0	0
conventional	ce1330	675	0	21.650199	0	14	7	2.500017	1.314476	11.805670	6.030036	0.675101	0
conventional	ce1331	676	0	39.714072	0	14	7	5.043017	3.033233	18.168805	13.469017	1.363628	0
conventional	ce1332	676	0	26.262842	0	7	7	3.773348	3.018526	12.500924	6.970044	1.130735	0
conventional	ce1333	677	0	55.336550	0	14	7	4.469773	11.185789	33.894907	5.786081	2.081184	0
conventional	ce1334	678	0	29.900950	0	14	7	0.917497	3.905373	16.446665	8.631415	2.328282	0
conventional	ce1335	678	0	37.027226	0	14	7	6.152780	4.363826	11.448234	15.062386	0	0
conventional	ce1336	679	0	25.236358	0	14	7	1.454700	5.213154	11.622224	6.946280	0	0
conventional	ce1337	679	0	21.438539	0	14	7	1.878178	2.376806	7.196171	9.987384	1.168031	0
conventional	ce1338	680	0	12.725068	0	14	7	2.120979	1.911482	4.890148	3.802459	2.174896	0
conventional	ce1339	680	0.382661	45.844900	1	14	7	3.617420	9.257103	28.950500	4.019877	1.091839	0
conventional	ce1340	681	0	32.379603	0	14	7	6.874142	1.456014	17.391058	6.658389	1.947789	0
conventional	ce1341	681	0	19.509706	0	14	7	1.173269	1.101675	8.121167	9.113595	1.095667	0
conventional	ce1342	683	0	20.412104	0	14	7	3.067041	2.522958	6.249910	8.572195	0	0
conventional	ce1343	683	1.384635	25.140416	1	14	7	2.031140	2.442624	8.167725	12.498927	0.473560	0
conventional	ce1344	683	0	35.592781	0	14	7	6.395072	1.529195	17.526143	10.142371	1.964438	0
conventional	ce1345	683	0	26.772162	0	14	7	0.056421	4.534162	12.100084	10.081495	0	0
conventional	ce1346	684	0	38.310913	0	14	7	6.192872	3.734149	18.622052	9.761840	2.038300	0
conventional	ce1347	684	0	34.808588	0	14	7	2.872998	4.332118	16.295782	11.307690	0	0
conventional	ce1348	685	0.103375	35.648754	1	14	7	4.008964	3.681335	20.652635	7.305820	1.091839	0
conventional	ce1349	685	0	19.457977	0	14	7	1.124853	0.872595	7.755135	9.705394	1.964438	0
conventional	ce1350	686	0.113099	6.122099	1	8	7	0.292658	0.247904	2.968118	2.613419	0	0
conventional	ce1351	686	0	28.548698	0	14	7	5.801764	1.551978	14.232817	6.962139	2.575301	0
conventional	ce1352	687	0	28.039797	0	14	7	4.134538	3.520783	10.449342	9.935134	0.675101	0
conventional	ce1353	688	0	23.096370	0	14	7	3.774722	6.177847	7.687996	5.455805	0	0
conventional	ce1354	688	0	41.822536	0	14	7	2.413165	8.252025	19.775478	11.381868	0	0
conventional	ce1355	689	0	39.861706	0	14	7	1.665299	7.512242	18.791574	11.892591	1.057205	0
conventional	ce1356	690	0	29.730754	0	14	7	2.659120	1.046527	13.901568	12.123539	0	0
conventional	ce1357	690	0	24.666917	0	14	7	3.952223	0.437120	12.837507	7.440067	0.284786	0
conventional	ce1358	691	0	9.538379	0	14	7	0.584262	1.280663	3.525159	4.148295	1.414168	0
conventional	ce1359	691	0	37.746624	0	14	7	6.665746	2.897900	14.541572	13.641406	0	0
conventional	ce1360	691	0	12.365075	0	14	7	0.565503	2.903369	6.031368	2.864835	0	0
conventional	ce1361	693	0	22.203781	0	14	7	3.067041	2.649702	6.010054	10.476984	0	0
conventional	ce1362	693	0	27.662585	0	14	7	1.188424	3.147739	11.031565	12.294857	0	0
conventional	ce1363	693	0	34.297248	0	14	7	2.582357	4.010126	18.264329	9.440436	0	0
conventional	ce1364	694	0	14.912308	0	14	7	0.995591	0.466316	6.071748	7.378653	0.914054	0
conventional	ce1365	694	0	29.884593	0	14	7	3.915380	2.608881	13.371412	9.988920	0.675101	0
conventional	ce1366	695	0	21.856406	0	14	7	1.694952	1.724819	10.993160	7.443475	1.607257	0
conventional	ce1367	696	0	17.804797	0	7	7	2.475829	1.664759	8.045561	5.618648	0.284786	0
conventional	ce1368	696	1.384635	26.443012	1	14	7	2.172063	2.606231	9.086587	12.578131	0.473560	0
conventional	ce1369	696	0.382661	25.168872	1	14	7	3.850133	0.492037	13.324740	7.501962	1.091839	0
conventional	ce1370	697	0	41.111287	0	14	7	6.696107	5.268453	16.616369	12.530358	0.998046	0
conventional	ce1371	698	0	39.076768	0	14	7	3.175574	4.698504	19.725299	11.477391	0	0
conventional	ce1372	698	0	31.956624	0	14	7	2.425717	4.290779	19.146067	6.094061	1.414168	0
conventional	ce1373	699	0	24.555715	0	14	7	4.658132	1.548068	10.239668	8.109847	0.154046	0
conventional	ce1374	700	0.841787	43.224827	1	14	7	6.549798	2.044851	21.589553	13.040625	1.964438	0
conventional	ce1375	700	0	6.675853	0	14	7	1.557004	1.214549	2.995775	0.908525	0	0
conventional	ce1376	701	0	28.455035	0	14	7	3.954103	1.311450	12.551984	10.637498	0.675101	0
conventional	ce1377	701	1.384635	26.798271	1	14	7	2.097252	2.281283	9.765908	12.653828	0.473560	0
conventional	ce1378	701	0.210829	30.443557	1	14	7	2.368833	3.624839	16.943217	7.506668	0	0
conventional	ce1379	702	0.113099	4.203027	1	8	7	1.111221	0.713445	1.731317	0.647044	0	0
conventional	ce1380	702	0	25.961520	0	14	7	1.943965	4.054111	10.921938	9.041506	0	0
conventional	ce1381	704	0	34.861490	0	14	7	4.327605	3.500668	16.598909	10.434308	1.378289	0
conventional	ce1382	705	0	29.592375	0	14	7	0.904479	3.968118	12.281469	12.438309	0	0
conventional	ce1383	705	0	6.264926	0	14	7	1.463456	1.214549	2.815580	0.771341	1.095667	0
conventional	ce1384	707	0	18.994403	0	14	7	2.157200	3.458911	5.416059	7.962233	0	0
conventional	ce1385	707	0	26.557733	0	7	7	3.533880	5.492391	14.700847	2.830615	1.298611	0
conventional	ce1386	709	0.443967	38.880419	1	14	7	3.309230	4.840187	20.088872	10.642130	0	0
conventional	ce1387	710	0	39.482287	0	14	7	1.483883	5.839667	17.253308	14.905429	0	0
conventional	ce1388	710	0	30.133090	0	7	7	0.675486	4.150394	15.035742	10.271468	0	0
conventional	ce1389	711	0	40.047843	0	14	7	0.751262	5.648788	18.040433	15.607360	1.130735	0
conventional	ce1390	711	0	22.228167	0	14	7	2.924579	2.709131	6.311525	10.282932	0	0
conventional	ce1391	712	0	39.988659	0	14	7	3.778878	6.347318	17.202644	12.659819	0	0
conventional	ce1392	714	0	31.080724	0	14	7	0.190138	4.348032	14.472183	12.070371	0	0
conventional	ce1393	718	0	50.293959	0	14	7	3.874408	9.307962	31.408887	5.702702	1.515860	0
conventional	ce1394	719	1.261915	18.588755	1	14	7	0.138453	3.505729	8.601430	6.343143	0	0
conventional	ce1395	721	0	29.449148	0	14	7	0.126994	4.892937	13.063462	11.365755	0	0
conventional	ce1396	721	0	14.236363	0	14	7	0.867771	0.480567	6.061789	6.826236	0.914054	0
conventional	ce1397	721	0	37.894465	0	14	7	4.786494	2.821440	16.425614	13.860917	1.484782	0
conventional	ce1398	722	0	31.435508	0	14	7	0.643768	4.455489	14.203295	12.132956	0	0
conventional	ce1399	724	0	11.156995	0	14	7	1.014306	0.854907	4.835586	4.452196	2.279156	0
conventional	ce1400	725	0	37.593897	0	14	7	5.192016	2.182762	20.944502	9.274617	0	0
conventional	ce1401	728	0	26.717380	0	14	7	0.908445	4.223142	11.129790	10.456003	0	0
conventional	ce1402	729	0	23.213034	0	14	7	4.926053	2.908124	7.168851	8.210006	1.095667	0
conventional	ce1403	729	0	31.220024	0	14	7	7.359807	4.165780	10.612466	9.081971	0	0
conventional	ce1404	729	0	16.270618	0	14	7	1.241329	0.862753	6.787883	7.378653	0	0
conventional	ce1405	729	0	7.364255	0	14	7	1.527213	1.370228	3.532252	0.934562	0	0
conventional	ce1406	730	0	42.501653	0	7	7	0.215435	6.494066	18.459282	17.332870	0	0
conventional	ce1407	730	1.533940	28.665866	1	14	7	2.691061	4.221468	8.822963	12.930374	0	0
conventional	ce1408	731	1.261915	18.490652	1	14	7	0.138453	3.439522	8.615261	6.297416	0	0
conventional	ce1409	732	0	18.384519	0	14	7	0.253390	4.214831	10.789574	3.126724	0	0
conventional	ce1410	732	0	23.088339	0	14	7	4.146941	2.515781	9.470293	6.955324	0	0
conventional	ce1411	733	0	30.021882	0	14	7	2.959622	1.461975	15.865520	9.734765	0.950661	0
conventional	ce1412	733	0	49.312266	0	14	7	7.039561	4.190334	29.979366	8.103005	0	0
conventional	ce1413	733	0	21.884728	0	14	7	3.153011	1.173452	8.234983	9.323282	1.130735	0
conventional	ce1414	733	0	5.315488	0	7	7	0.131502	0.688126	3.986601	0.509259	0	0
conventional	ce1415	733	0	24.012396	0	14	7	3.667064	0.914525	9.991217	9.439590	0.675101	0
conventional	ce1416	734	0	33.426928	0	14	7	2.757597	2.860754	15.322262	12.486315	0.675101	0
conventional	ce1417	735	0	19.217441	0	14	7	0.702171	3.705916	8.781939	6.027415	0	0
conventional	ce1418	736	0	22.266661	0	14	7	3.427186	2.994498	6.211280	9.633697	0	0
conventional	ce1419	736	0	5.395675	0	14	7	0.439274	0.996316	2.086536	1.873549	0	0
conventional	ce1420	736	0	21.362045	0	14	7	2.149494	1.521697	9.707642	7.983212	0.914054	0
conventional	ce1421	736	0	23.177010	0	7	7	2.766891	4.784607	14.927211	0.698301	1.298611	0
conventional	ce1422	737	0.113099	4.855324	1	8	7	0.299705	0.223679	2.345162	1.986778	0	0
conventional	ce1423	738	0	26.429178	0	14	7	6.207396	0.678015	4.248945	15.294822	0	0
conventional	ce1424	739	0	12.421229	0	14	7	1.264359	2.980448	5.497449	2.678973	0	0
conventional	ce1425	739	0	22.035652	0	7	7	1.389735	4.589339	14.973608	1.082970	0	0
conventional	ce1426	740	0	7.466569	0	14	7	1.124077	0.306330	5.071587	0.964575	0.962832	0
conventional	ce1427	740	0	41.157872	0	14	7	0.181728	7.541085	22.576604	10.858455	0	0
conventional	ce1428	740	0	31.666285	0	14	7	4.845744	4.187362	10.290234	12.342945	0.675101	0
conventional	ce1429	741	1.384635	23.206941	1	14	7	1.983112	2.265997	10.171060	8.786772	0.473560	0
conventional	ce1430	741	0	38.269006	0	14	7	1.609931	5.515926	16.630742	14.512407	0	0
conventional	ce1431	743	0	17.866994	0	14	7	1.237080	2.242860	8.260745	6.126309	0	0
conventional	ce1432	743	0	7.999593	0	14	7	0.856575	1.352687	4.207661	1.582670	0	0
conventional	ce1433	743	0	11.025023	0	14	7	0.439636	2.876403	4.995370	2.713614	0.741157	0
conventional	ce1434	743	0.113099	4.587128	1	8	7	1.042409	0.685542	2.003415	0.855762	0.142626	0
conventional	ce1435	743	0	8.117632	0	14	7	1.352949	0.370878	5.425398	0.968407	0.914054	0
conventional	ce1436	743	0	31.577005	0	14	7	4.330640	3.831244	13.320897	10.094224	0.675101	0
conventional	ce1437	744	0	31.314304	0	14	7	0.698352	4.625110	14.386448	11.604394	0	0
conventional	ce1438	744	1.194017	25.063766	1	14	7	1.322387	5.104914	12.999574	5.636891	0	0
conventional	ce1439	744	0	32.032727	0	14	7	0.669739	4.573077	14.081056	12.708855	0	0
conventional	ce1440	744	0	5.151229	0	14	7	0.842692	1.762140	1.272487	1.273910	1.095667	0
conventional	ce1441	745	0	40.512188	0	14	7	1.995741	7.990812	20.374845	10.150790	0	0
conventional	ce1442	745	0	27.092349	0	14	7	4.783988	0.517149	14.294964	7.496248	0.123760	0
conventional	ce1443	745	0	24.050765	0	14	7	6.321737	1.280834	10.754185	5.694009	0.914054	0
conventional	ce1444	746	0	13.652023	0	14	7	0.103678	2.967310	6.958881	3.622154	0	0
conventional	ce1445	746	0	22.423511	0	7	7	2.237526	4.609559	15.175627	0.400799	1.378289	0
conventional	ce1446	746	0	18.355359	0	14	7	3.359661	4.995821	7.714862	2.285015	0	0
conventional	ce1447	746	0	16.498076	0	14	7	4.097083	3.131857	6.418172	2.850964	1.614619	0
conventional	ce1448	746	0	23.123953	0	7	7	2.534592	4.784607	14.541576	1.263178	1.298611	0
conventional	ce1449	746	0.113099	7.874910	1	8	7	1.052251	0.952121	3.050251	2.820287	1.125104	0
conventional	ce1450	747	0	28.522151	0	14	7	0.612570	3.243883	13.131112	11.534586	0	0
conventional	ce1451	748	0	9.746231	0	7	7	1.275704	0.141049	4.062067	4.267411	0	0
conventional	ce1452	748	0	23.410256	0	7	7	3.188646	5.134213	13.084093	2.003304	1.399524	0
conventional	ce1453	748	0	20.125041	0	14	7	2.465134	1.319656	10.130076	6.210175	0.284786	0
conventional	ce1454	749	0.443967	38.577177	1	14	7	3.110848	4.653577	18.717798	12.094954	0.239802	0
conventional	ce1455	750	0	10.654717	0	14	7	0.519984	3.187808	3.563401	3.383524	0	0
conventional	ce1456	751	0	12.819605	0	14	7	1.097165	0.250748	5.921171	5.550521	2.279156	0
conventional	ce1457	751	0	19.028963	0	14	7	4.581235	3.145121	8.296455	3.006152	1.698322	0
conventional	ce1458	753	0	36.835158	0	7	7	3.542384	4.016659	15.045525	14.230590	0	0
conventional	ce1459	753	0	25.903394	0	14	7	3.823742	4.200267	10.552716	7.326669	0	0
conventional	ce1460	754	0	24.896650	0	7	7	3.027161	5.608893	13.456914	2.803682	3.322271	0
conventional	ce1461	754	0	22.396126	0	14	7	2.850724	2.625847	6.269315	10.650240	0	0
conventional	ce1462	754	0	16.629251	0	14	7	0.654087	4.700489	6.844162	4.430513	0	0
conventional	ce1463	756	0	31.786952	0	14	7	0.100632	4.693674	15.808298	11.184348	0	0
conventional	ce1464	757	0	17.749014	0	14	7	3.840465	2.689305	7.221638	3.997606	1.614619	0
conventional	ce1465	758	0	19.673134	0	14	7	2.667137	1.397292	8.943965	6.664740	0.222303	0
conventional	ce1466	758	1.261915	23.779820	1	14	7	0.090289	4.051227	10.191617	9.446687	0	0
conventional	ce1467	759	0	2.552953	0	7	7	0.487559	0.513246	1.231488	0.320660	0	0
conventional	ce1468	759	0	33.353929	0	14	7	0.130277	4.682907	16.857061	11.683684	0	0
conventional	ce1469	760	0	48.637293	0	14	7	3.191187	6.484492	23.036140	15.925474	0	0
conventional	ce1470	761	0.443967	35.336978	1	14	7	2.964636	4.588039	17.803721	9.980582	0.239802	0
conventional	ce1471	761	0	33.457798	0	14	7	0.032753	5.623755	14.706616	13.094674	0	0
conventional	ce1472	761	1.261915	28.176401	1	14	7	0.170460	5.950099	12.511279	9.544563	0	0
conventional	ce1473	762	0	45.250349	0	14	7	1.584839	8.874186	19.341391	15.449933	0	0
conventional	ce1474	764	0	32.570619	0	14	7	0.605834	4.937775	15.353082	11.673928	0	0
conventional	ce1475	764	0	26.027491	0	14	7	0.418197	4.222344	11.578163	9.808787	0	0
conventional	ce1476	765	0	22.628515	0	14	7	3.433791	2.561257	6.398175	10.235292	0	0
conventional	ce1477	765	0	39.501040	0	14	7	4.065448	8.537945	15.876761	11.020886	0	0
conventional	ce1478	766	0	26.084850	0	14	7	3.732855	4.165720	10.565710	7.620565	0	0
conventional	ce1479	767	0	21.845767	0	14	7	2.668800	2.709131	5.964309	10.503527	0	0
conventional	ce1480	767	0	46.040627	0	14	7	6.793957	6.794061	24.018161	8.434448	0	0
conventional	ce1481	767	0	40.939705	0	14	7	0.181442	7.714449	21.111441	11.932373	0	0
conventional	ce1482	768	0	4.894702	0	7	7	0.931884	0.574135	2.476376	0.912307	1.614619	0
conventional	ce1483	769	0	54.657132	0	7	7	1.744541	7.725778	24.030799	21.156014	0	0
conventional	ce1484	770	0	5.777318	0	7	7	0.820406	0.588539	3.391344	0.977029	0	0
conventional	ce1485	770	1.261915	24.292551	1	14	7	0.247125	3.720357	12.181921	8.143148	0	0
conventional	ce1486	771	1.261915	36.286480	1	14	7	0.140093	7.194306	16.537021	12.415060	0	0
conventional	ce1487	772	0	23.083374	0	14	7	0.203355	3.467227	9.658748	9.754044	0	0
conventional	ce1488	772	0	35.998675	0	7	7	3.532807	3.966036	14.086448	14.413384	0	0
conventional	ce1489	774	1.238594	29.393791	1	14	7	0.202563	4.776334	13.166401	11.248493	0	0
conventional	ce1490	774	0	37.784421	0	14	7	0.345403	3.413784	19.275294	14.749940	0	0
conventional	ce1491	776	0	7.191678	0	14	7	0.589620	0.602705	4.911042	1.088311	0.962832	0
conventional	ce1492	776	0.443967	12.335470	1	14	7	5.122687	0.796601	4.059510	2.356672	0.239802	0
conventional	ce1493	778	0	2.801063	0	7	7	0.487559	0.513246	1.249217	0.551041	0	0
conventional	ce1494	779	0	38.344691	0	14	7	1.361397	6.360090	24.951649	5.671555	1.298611	0
conventional	ce1495	781	0	42.648007	0	14	7	0.689598	6.835849	28.151469	6.971091	2.652175	0
conventional	ce1496	781	0	27.073399	0	14	7	3.820068	4.111149	10.850128	8.292054	0	0
conventional	ce1497	782	0	2.750898	0	7	7	0.176065	0.402266	1.677546	0.495021	0	0
conventional	ce1498	782	0	19.919661	0	14	7	1.852615	1.152993	8.623654	8.290399	1.436696	0
conventional	ce1499	784	0	28.327353	0	14	7	5.117919	2.143478	9.857886	11.208070	0.123760	0
conventional	ce1500	784	0.837022	28.786852	1	14	7	0.165203	5.950099	12.539786	10.131764	0	0
conventional	ce1501	785	0	17.648469	0	14	7	1.734176	2.970876	8.074561	4.868856	0	0
conventional	ce1502	788	0	35.236422	0	14	7	1.295552	5.768105	15.494288	12.678477	0	0
conventional	ce1503	789	0	24.696795	0	14	7	4.523113	2.656217	6.376080	11.141385	0	0
conventional	ce1504	790	0	18.430923	0	7	7	2.701085	5.001197	9.967390	0.761251	0.123760	0
conventional	ce1505	790	1.261915	21.829390	1	14	7	0.090289	1.947446	10.170682	9.620973	0	0
conventional	ce1506	790	0	12.437519	0	14	7	2.612224	2.718547	4.388516	2.718232	0.962832	0
conventional	ce1507	791	0	22.474048	0	14	7	0.261303	3.385034	10.371495	8.456216	0	0
conventional	ce1508	792	0	54.070207	0	7	7	0.311884	7.900844	24.023083	21.834396	0	0
conventional	ce1509	792	0	51.889396	0	14	7	8.088337	6.787845	25.970972	11.042242	0.114992	0
conventional	ce1510	792	0	25.841235	0	14	7	2.425075	2.051298	14.108541	7.256321	0.123760	0
conventional	ce1511	792	0	35.881296	0	14	7	0.322224	3.841154	17.037486	14.680432	0	0
conventional	ce1512	793	1.261915	17.891013	1	14	7	0.420546	2.612457	7.695041	7.162969	0	0
conventional	ce1513	793	0	36.410861	0	14	7	1.166797	5.983788	20.722681	8.537595	0	0
conventional	ce1514	793	0	38.281082	0	14	7	5.515988	4.946660	20.235944	7.582490	2.751968	0
conventional	ce1515	793	0	66.520835	0	14	7	5.683744	5.191937	38.772864	16.872290	1.698322	0
conventional	ce1516	794	0.113099	5.996832	1	8	7	0.172680	0.049619	2.990032	2.784501	0	0
conventional	ce1517	794	0	53.544833	0	7	7	1.561105	7.895386	24.397108	19.691234	0	0
conventional	ce1518	796	0	9.129320	0	7	7	1.145310	0.384605	3.283444	4.315961	0	0
conventional	ce1519	796	0	3.765437	0	7	7	1.006443	0.437422	1.911735	0.409837	0	0
conventional	ce1520	796	0	9.572275	0	14	7	2.034690	0.186316	6.123918	1.227351	0.962832	0
conventional	ce1521	796	0	2.443347	0	7	7	0.758765	0.010225	1.180737	0.493620	1.447152	0
conventional	ce1522	797	0	20.274119	0	14	7	4.581235	3.761013	8.792341	3.139530	1.698322	0
conventional	ce1523	797	0	40.557716	0	14	7	0.438841	6.664351	27.612925	5.841599	0	0
conventional	ce1524	799	0	54.841124	0	14	7	6.018387	8.047706	29.138301	11.636730	0	0
conventional	ce1525	800	0.479983	10.264035	1	14	7	1.288551	2.897422	2.302284	3.775778	1.331146	0
conventional	ce1526	800	0	32.531315	0	14	7	0.442805	5.142169	15.640824	11.305517	0	0
conventional	ce1527	800	0	33.512647	0	14	7	1.461905	4.937775	15.239471	11.873496	0	0
conventional	ce1528	803	0.443967	42.746150	1	14	7	5.762648	4.876477	19.840770	12.266255	0.303853	0
conventional	ce1529	803	0.517029	12.975337	1	14	7	1.496078	3.919521	3.879048	3.680690	3.270776	0
conventional	ce1530	804	1.261915	23.192174	1	14	7	0.440539	3.747639	12.156854	6.847142	0	0
conventional	ce1531	804	0.113099	3.962092	1	8	7	0.183565	0.084461	2.086250	1.607816	0	0
conventional	ce1532	805	1.573961	48.263941	1	14	7	3.549676	10.313215	19.559801	14.841249	0	0
conventional	ce1533	805	0	30.198460	0	7	7	5.329964	4.366810	12.225801	8.275885	0.284786	0
conventional	ce1534	806	0	6.464089	0	7	7	0.459965	0.164318	3.049670	2.790136	0	0
conventional	ce1535	806	0	39.841006	0	14	7	0.617328	5.116418	22.032724	12.074536	0	0
conventional	ce1536	806	0	12.116957	0	7	7	1.299864	0.419183	4.531166	5.866744	0	0
conventional	ce1537	806	0	32.365319	0	14	7	0.286344	3.002183	13.640883	15.435909	0	0
conventional	ce1538	807	0	22.896119	0	14	7	0.823220	1.373961	13.096187	7.602751	0.066812	0
conventional	ce1539	807	0	14.483685	0	7	7	0.512951	3.386681	5.449367	5.134686	0	0
conventional	ce1540	808	0	36.066709	0	14	7	1.803119	2.734820	17.477205	14.051565	0	0
conventional	ce1541	808	0	6.298808	0	7	7	1.254794	0.846344	2.219526	1.978144	0	0
conventional	ce1542	808	0	32.174259	0	14	7	0.909455	5.190517	16.911962	9.162325	0	0
conventional	ce1543	809	0	33.675743	0	14	7	1.397965	2.967438	16.988252	12.322088	0	0
conventional	ce1544	810	0	24.948843	0	14	7	3.867467	3.480837	10.066091	7.534448	0.592962	0
conventional	ce1545	811	0	26.923592	0	14	7	3.811880	3.991250	10.800416	8.320046	0	0
conventional	ce1546	811	0	35.633452	0	14	7	0.876287	3.824310	16.366728	14.566127	0	0
conventional	ce1547	811	0	29.407101	0	14	7	6.313517	4.334036	10.575086	8.184462	0	0
conventional	ce1548	812	0	34.842836	0	14	7	1.194032	5.152595	16.608578	11.887631	0	0
conventional	ce1549	813	0	5.625801	0	7	7	0.723319	1.394078	2.771564	0.736840	0	0
conventional	ce1550	813	0	35.777953	0	7	7	3.373460	4.196365	13.589113	14.619015	0	0
conventional	ce1551	813	0.479983	9.983233	1	14	7	0.511091	3.009673	2.609311	3.853158	1.719464	0
conventional	ce1552	814	0.006776	6.887169	1	8	7	0.305885	0.893663	4.733806	0.953815	0	0
conventional	ce1553	814	0	39.629196	0	14	7	1.347132	7.294332	19.523074	11.464658	0	0
conventional	ce1554	814	0	36.313296	0	14	7	1.918265	2.997300	14.097106	17.300625	0	0
conventional	ce1555	815	0	34.404963	0	14	7	0.928215	4.681830	15.690213	13.104705	0	0
conventional	ce1556	816	1.321267	28.408135	2	14	7	0.170460	5.950099	12.644617	9.642959	0	0
conventional	ce1557	818	0.479983	8.558174	1	14	7	1.206728	1.791529	2.024508	3.535409	1.473541	0
conventional	ce1558	818	0	37.270703	0	14	7	0.491929	3.434849	18.673363	14.670562	0	0
conventional	ce1559	818	1.261915	32.978909	1	14	7	2.767665	9.002932	11.625520	9.582792	0	0
conventional	ce1560	819	0	33.412682	0	14	7	0.584917	3.096887	13.779627	15.951251	0	0
conventional	ce1561	819	0	27.371746	0	14	7	4.289622	2.810623	9.214362	11.057139	0.123760	0
conventional	ce1562	820	0	26.130208	0	14	7	3.734851	4.124490	10.170197	8.100670	0	0
conventional	ce1563	821	0	9.887652	0	14	7	1.991998	0.145730	6.129239	1.620685	0.962832	0
conventional	ce1564	821	1.261915	36.410670	1	14	7	0.148360	7.149076	16.693770	12.419464	0	0
conventional	ce1565	822	0	24.509470	0	14	7	2.156985	3.254956	10.935196	8.162333	0.787947	0
conventional	ce1566	824	0	9.407250	0	14	7	1.956423	0.155092	6.191218	1.104517	0	0
conventional	ce1567	824	0	9.104689	0	7	7	1.145310	0.384605	3.258813	4.315961	0	0
conventional	ce1568	824	0	31.474652	0	14	7	0.593010	4.561289	16.938114	9.382239	0.334312	0
conventional	ce1569	826	1.238594	46.453349	1	7	7	4.131496	5.151381	19.417215	17.753257	0	0
conventional	ce1570	827	0	57.101958	0	7	7	1.744541	7.725778	24.030799	23.600840	0	0
conventional	ce1571	827	0	13.994571	0	14	7	1.662697	4.795141	4.265638	3.271095	0	0
conventional	ce1572	827	0	7.281708	0	14	7	0.164881	0.416369	4.971897	1.728561	0	0
conventional	ce1573	828	0	3.655694	0	7	7	1.018590	0.437422	1.924416	0.275266	0	0
conventional	ce1574	829	1.238594	29.416967	1	14	7	0.266846	4.735635	13.166401	11.248085	0	0
conventional	ce1575	829	0	0.169285	0	7	7	0.055820	0.010568	0.058936	0.043961	0	0
conventional	ce1576	830	1.102600	31.576716	1	14	7	1.461905	3.953269	15.360558	10.800984	0.537282	0
conventional	ce1577	831	0	29.894134	0	14	7	1.438770	4.844459	13.299855	10.311050	0	0
conventional	ce1578	831	0	31.219044	0	14	7	4.377042	3.821196	15.404330	7.616476	0.592962	0
conventional	ce1579	832	1.261915	25.492738	1	14	7	0.658026	4.412015	13.509363	6.913334	0	0
conventional	ce1580	834	0	11.541188	0	7	7	1.015136	0.321532	4.374962	5.829558	0	0
conventional	ce1581	834	0	2.883015	0	7	7	0.580600	0.361137	1.249217	0.692061	0	0
conventional	ce1582	834	0.935244	44.746100	1	14	7	2.134260	7.270687	16.106669	19.234484	0	0
conventional	ce1583	835	0	11.400178	0	14	7	1.106292	3.992454	2.816129	3.485303	0	0
conventional	ce1584	836	1.857992	34.212172	1	14	7	0.020010	6.481023	16.969018	10.742121	0	0
conventional	ce1585	836	0.479983	10.785262	1	8	7	1.245183	4.024199	1.330972	4.184908	1.693366	0
conventional	ce1586	836	0	8.936957	0	7	7	0.349219	0.943077	5.814849	1.829812	0	0
conventional	ce1587	836	1.321267	41.173906	2	14	7	1.209272	7.076396	22.137113	10.751125	0	0
conventional	ce1588	836	0	64.548718	0	14	7	4.375973	4.030398	38.830148	17.312199	1.698322	0
conventional	ce1589	838	0	5.777783	0	7	7	1.254794	0.507965	1.927092	2.087932	0	0
conventional	ce1590	838	1.261915	22.570960	1	14	7	0.220012	5.240684	9.573779	7.536485	0	0
conventional	ce1591	839	0	2.354180	0	7	7	0.669598	0.010225	1.180737	0.493620	2.118906	0
conventional	ce1592	839	0	33.022933	0	14	7	0.573545	5.254105	15.578661	11.616622	0	0
conventional	ce1593	839	0.479983	29.275984	1	14	7	1.529489	5.019591	12.326699	10.400205	2.328625	0
conventional	ce1594	841	0	32.314485	0	14	7	0.281580	2.878134	13.545889	15.608882	0	0
conventional	ce1595	841	0	53.737722	0	7	7	1.724847	7.153620	22.301234	22.558021	0.027861	0
conventional	ce1596	842	0	54.450043	0	7	7	1.324109	7.056607	21.238421	24.830906	0.222657	0
conventional	ce1597	842	0	24.255993	0	14	7	3.740366	3.850876	9.066668	7.598083	0	0
conventional	ce1598	842	0	21.442264	0	14	7	4.797034	4.222866	9.805813	2.616551	0	0
conventional	ce1599	844	0.591156	30.349512	1	14	7	0.304093	5.348009	14.879530	9.817880	0	0
conventional	ce1600	845	0	0.434520	0	7	7	0.040937	0.055723	0.291327	0.046533	0	0
conventional	ce1601	846	0	10.769782	0	7	7	1.023377	0.482173	3.766855	5.497377	0	0
conventional	ce1602	847	0.591156	30.741105	1	14	7	1.475819	5.294068	14.216650	9.754568	0	0
conventional	ce1603	849	0	9.253151	0	7	7	2.575182	0.788236	5.158758	0.730975	0.660782	0
conventional	ce1604	849	0	33.869231	0	14	7	2.089285	4.833752	15.315485	11.630709	0	0
conventional	ce1605	850	0	35.272094	0	14	7	2.314675	3.002183	13.754929	16.200307	0	0
conventional	ce1606	852	0	42.542114	0	7	7	3.872446	5.342809	15.383744	17.943115	0	0
conventional	ce1607	852	0	9.745632	0	7	7	0.752978	1.148984	6.778317	1.065353	0	0
conventional	ce1608	853	0	26.925442	0	14	7	1.439824	5.996498	11.104030	8.385090	0	0
conventional	ce1609	853	0	2.445260	0	7	7	0.714858	0.135332	0.754750	0.840320	0	0
conventional	ce1610	854	1.261915	42.614056	1	14	7	0.264120	8.067492	20.024071	14.258373	0	0
conventional	ce1611	854	0	6.812862	0	7	7	0.304077	0.296300	3.174291	3.038194	0	0
conventional	ce1612	855	1.261915	21.159637	1	14	7	0.254889	5.179645	10.302981	5.422122	0	0
conventional	ce1613	856	0.935244	50.264079	1	14	7	0.935798	8.861865	17.060060	23.406356	0.688977	0
conventional	ce1614	856	0	6.779524	0	7	7	0.328052	0.923924	4.580509	0.947039	0	0
conventional	ce1615	856	0	2.540993	0	7	7	0.714858	0.109498	0.876317	0.840320	0	0
conventional	ce1616	856	0	33.182026	0	14	7	1.454447	4.721818	16.510915	10.494846	0	0
conventional	ce1617	856	0	5.610949	0	7	7	0.970756	0.639373	3.387437	0.613383	0	0
conventional	ce1618	856	0	11.318027	0	7	7	0.494020	0.482173	4.844457	5.497377	0	0
conventional	ce1619	857	0	33.933459	0	14	7	2.176900	5.106131	14.520924	12.129504	0	0
conventional	ce1620	857	1.261915	40.530058	1	14	7	0.072764	6.411790	20.258666	13.786838	0	0
conventional	ce1621	857	0	19.710518	0	7	7	1.123577	1.868248	6.574693	10.144000	0	0
conventional	ce1622	858	0	0.462741	0	7	7	0.054892	0.055723	0.290924	0.061202	0	0
conventional	ce1623	859	0	11.075053	0	13	7	0.172802	0.795878	4.888084	5.218289	0	0
conventional	ce1624	860	0	5.767899	0	7	7	1.042829	0.489413	2.147725	2.087932	0	0
conventional	ce1625	860	1.321267	27.650411	2	14	7	0.247766	4.672422	13.039213	9.691010	0	0
conventional	ce1626	860	0	31.989059	0	14	7	3.702563	4.231376	12.899340	11.155780	0	0
conventional	ce1627	860	0	8.861338	0	7	7	0.515306	0.943077	5.360906	2.042049	0	0
conventional	ce1628	860	0	31.863398	0	14	7	2.200739	4.319229	13.719437	11.623993	0	0
conventional	ce1629	860	0.479983	28.059160	1	14	7	1.316251	5.421454	12.346776	8.974679	2.080283	0
conventional	ce1630	861	0	5.729164	0	7	7	1.015434	0.270588	3.441918	1.001224	2.959427	0
conventional	ce1631	862	0	10.634141	0	7	7	1.034358	3.560210	2.648570	3.391003	0	0
conventional	ce1632	862	0.591156	28.383729	1	14	7	0.233224	3.339340	15.763105	9.048060	0	0
conventional	ce1633	863	0	0	0	0	7	0	0	0	0	0	0
conventional	ce1634	864	0	9.489069	0	7	7	3.912168	0.553891	3.541034	1.481976	0.592962	0
conventional	ce1635	865	0	43.954549	0	14	7	4.743694	3.946832	18.719725	16.544298	0	0
conventional	ce1636	866	0	7.058006	0	7	7	0.362819	0.749266	4.487764	1.458157	0	0
conventional	ce1637	866	0	7.304504	0	14	7	0.123432	0.416369	5.405598	1.359105	0	0
conventional	ce1638	867	0.591156	4.634911	1	7	7	0.466495	1.314185	1.587808	1.266423	0	0
conventional	ce1639	867	1.261915	22.649876	1	14	7	0.345252	5.240684	9.573779	7.490161	0	0
conventional	ce1640	867	0	35.594524	0	14	7	2.741490	4.799155	15.583811	12.470068	0.319187	0
conventional	ce1641	868	0	37.501633	0	14	7	1.959230	5.606417	18.954241	10.981745	0.459920	0
conventional	ce1642	869	1.857992	6.631132	1	14	7	1.183517	0.089126	3.420386	1.938103	0	0
conventional	ce1643	870	0	20.468114	0	14	7	4.525620	4.055870	9.678765	2.207859	0	0
conventional	ce1644	870	0.935244	8.232235	1	14	7	0.637764	0.440227	4.844316	2.309928	0	0
conventional	ce1645	870	0	12.618820	0	14	7	0.766519	5.021442	3.129411	3.701448	0	0
conventional	ce1646	871	0	9.798931	0	7	7	2.575182	0.840586	5.505810	0.877353	0.660782	0
conventional	ce1647	871	0.479983	32.699789	1	14	7	2.160406	5.552904	13.909470	11.077009	2.842690	0
conventional	ce1648	872	0.479983	33.277071	1	14	7	0.196544	5.896711	14.938565	12.245251	2.336643	0
conventional	ce1649	873	0	46.353063	0	14	7	2.538118	3.644651	20.126174	20.044120	0	0
conventional	ce1650	873	0	31.508084	0	14	7	2.347202	4.686198	13.126516	11.348168	0	0
conventional	ce1651	873	1.973276	7.604121	1	14	7	0.427107	0.090473	4.453990	2.632551	0	0
conventional	ce1652	874	0	15.515131	0	14	7	0.418025	1.904596	6.260130	6.932380	0	0
conventional	ce1653	875	0.155161	13.192591	1	7	7	1.138950	2.070659	4.739212	5.243770	0.027861	0
conventional	ce1654	876	0	9.569981	0	7	7	0.462717	0.784605	6.800170	1.522489	0	0
conventional	ce1655	876	1.261915	22.754629	1	14	7	0.805569	5.649089	8.533398	7.766573	0	0
conventional	ce1656	877	0	0.175316	0	7	7	0.055820	0.010568	0.058711	0.050217	2.198404	0
conventional	ce1657	877	0	2.617884	0	7	7	0.714858	0.135332	0.927374	0.840320	0	0
conventional	ce1658	878	0.479983	28.980563	1	14	7	1.531075	4.489055	12.379859	10.580574	2.328625	0
conventional	ce1659	878	0	2.798148	0	14	7	0.675138	0.605513	0.731762	0.785735	0	0
conventional	ce1660	879	0	33.796833	0	14	7	0.414687	6.373407	15.258478	11.750261	0	0
conventional	ce1661	879	0	12.635056	0	14	7	1.100773	4.374556	3.058716	4.101011	0	0
conventional	ce1662	879	0	63.022461	0	7	7	4.474628	8.915425	24.482645	25.149763	0.347164	0
conventional	ce1663	880	0.479983	27.800167	1	14	7	0.055068	5.019591	12.321736	10.403772	2.684185	0
conventional	ce1664	881	0	11.888403	0	14	7	0.593197	1.803724	4.914797	4.576685	0	0
conventional	ce1665	881	0	32.001099	0	14	7	0.978153	6.447438	13.458100	11.117408	0	0
conventional	ce1666	882	0	13.207562	0	7	7	3.303007	1.659487	5.826881	2.418187	0.543340	0
conventional	ce1667	882	0	25.222769	0	14	7	1.672695	4.481425	12.221318	6.847331	0	0
conventional	ce1668	883	0	7.175954	0	7	7	0.738036	0.955686	4.688536	0.793696	0	0
conventional	ce1669	884	0	38.319498	0	14	7	0.590502	5.292992	17.824844	14.611160	0	0
conventional	ce1670	884	0	32.372160	0	14	7	1.422181	6.465422	13.328678	11.155879	0	0
conventional	ce1671	884	0.591156	28.632267	1	14	7	0.707975	3.967170	15.314029	8.643093	0	0
conventional	ce1672	885	0	56.885019	0	7	7	1.361813	7.153620	25.049725	23.319861	0.027861	0
conventional	ce1673	886	0	29.589403	0	14	7	3.715480	4.873857	10.837008	10.163058	0	0
conventional	ce1674	886	0.935244	44.886046	1	14	7	2.091063	8.392934	16.132002	18.270047	0	0
conventional	ce1675	886	0	68.288074	0	14	7	4.297034	4.312027	41.083422	18.595591	1.698322	0
conventional	ce1676	887	0	2.445260	0	7	7	0.714858	0.135332	0.754750	0.840320	0	0
conventional	ce1677	887	1.261915	36.726569	1	14	7	1.060983	7.333080	16.288359	12.044147	0	0
conventional	ce1678	887	0.368012	34.453549	1	14	7	0.612985	5.470273	15.130835	13.239456	2.842690	0
conventional	ce1679	888	0	13.594270	0	14	7	0.233896	1.040930	8.037187	4.282257	0	0
conventional	ce1680	888	0	10.315101	0	7	7	0.775203	0.625621	4.917428	3.996849	0	0
conventional	ce1681	889	0	30.218212	0	14	7	1.451549	4.826594	13.833108	10.106961	0	0
conventional	ce1682	891	0	1.168559	0	7	7	0.294136	0.055684	0.472980	0.345759	0	0
conventional	ce1683	891	0	2.369391	0	7	7	0.669598	0.010225	1.297063	0.392505	2.278720	0
conventional	ce1684	891	0	10.571493	0	14	7	1.408327	1.731335	3.862127	3.569704	0	0
conventional	ce1685	893	0	0.976673	0	7	7	0.305762	0.057885	0.253600	0.359426	0	0
conventional	ce1686	894	0.482252	7.987016	1	13	7	0.714858	0.880063	4.389799	2.002296	0	0
conventional	ce1687	895	0	3.950398	0	7	7	1.105400	0.284190	1.452957	1.107851	0	0
conventional	ce1688	896	0	7.433854	0	7	7	0.059374	1.161668	5.476827	0.735985	0	0
conventional	ce1689	896	0	9.819301	0	14	7	0.815691	4.429744	2.893765	1.680101	0	0
conventional	ce1690	896	1.857992	19.257427	1	14	7	0.372908	7.513425	6.708298	4.662796	0	0
conventional	ce1691	897	1.261915	37.607944	1	14	7	0.037096	5.693963	20.471227	11.405658	0	0
conventional	ce1692	897	0.591156	28.658077	1	14	7	0.474975	2.876717	15.969485	9.336900	0	0
conventional	ce1693	898	0	20.911092	0	14	7	4.313477	4.433236	8.842409	3.321970	0	0
conventional	ce1694	898	0	7.449967	0	13	7	1.379599	1.419789	3.610732	1.039847	0	0
conventional	ce1695	899	0	5.467043	0	7	7	0.833481	0.639373	3.380806	0.613383	0.161177	0
conventional	ce1696	899	0	5.382820	0	14	7	1.606162	1.272304	1.229086	1.275268	0	0
conventional	ce1697	899	0	4.759177	0	14	7	0.177287	0.566857	2.933299	1.081734	2.843516	0
conventional	ce1698	901	0	0.461026	0	7	7	0.054892	0.016351	0.330363	0.059420	0	0
conventional	ce1699	901	0	12.175374	0	14	7	0.885554	4.468881	4.170119	2.650820	0	0
conventional	ce1700	902	0	5.121977	0	14	7	0.177287	0.566857	3.296099	1.081734	2.855663	0
conventional	ce1701	903	0.479983	32.307597	1	14	7	1.829413	6.641274	14.654697	9.182213	2.080283	0
conventional	ce1702	903	0.591156	11.552929	1	14	7	2.636443	1.919077	4.856135	2.141274	0	0
conventional	ce1703	904	1.261915	37.675171	1	14	7	0.201244	6.028764	19.204475	12.240688	0	0
conventional	ce1704	904	0	16.034307	0	14	7	0.154118	0.933615	10.291786	4.654788	0	0
conventional	ce1705	905	0	1.440529	0	7	7	0.340516	0.090620	0.518888	0.490505	0	0
conventional	ce1706	906	0.479983	27.171803	1	14	7	0.521843	5.779117	12.574559	8.296284	2.080283	0
conventional	ce1707	907	0	10.207754	0	7	7	0.799149	0.629037	4.865031	3.914537	0	0
conventional	ce1708	907	1.679281	35.273051	2	14	7	0.860235	5.259701	16.443537	12.709578	0	0
conventional	ce1709	908	0	1.639003	0	7	7	0.455239	0.232268	0.415418	0.536078	0	0
conventional	ce1710	909	0	13.782200	0	14	7	0.217949	0.832028	8.570819	4.161404	0	0
conventional	ce1711	909	0	7.116451	0	7	7	0.030884	1.279556	5.061798	0.744213	0	0
conventional	ce1712	910	0	0.421793	0	7	7	0.166669	0.002602	0.113983	0.138539	0	0
conventional	ce1713	910	0	13.215796	0	14	7	0.426637	4.929173	3.507530	4.352456	0	0
conventional	ce1714	912	0.591156	27.785953	1	14	7	1.579368	2.542505	16.032278	7.631802	0.304595	0
conventional	ce1715	913	0.479983	25.703320	1	14	7	1.264577	4.174327	11.261676	9.002740	2.328625	0
conventional	ce1716	914	1.679281	36.551461	2	14	7	0.776320	5.536401	16.735906	13.502834	0	0
conventional	ce1717	916	0	16.755183	0	7	7	2.130941	1.682373	10.890940	2.050929	0	0
conventional	ce1718	916	0	16.368393	0	14	7	0.285214	1.220468	10.207923	4.654788	0	0
conventional	ce1719	916	0	7.678919	0	14	7	1.339977	0.834092	2.759426	2.745424	0	0
conventional	ce1720	916	0	7.528396	0	7	7	0.441220	2.599183	1.500584	2.987409	0	0
conventional	ce1721	917	0.485045	27.895184	1	14	7	0.854456	2.833627	15.598896	8.608205	0	0
conventional	ce1722	917	0	7.706157	0	13	7	1.379599	1.238674	3.959801	1.128083	0	0
conventional	ce1723	918	0	2.995035	0	13	7	0.776013	0.781367	0.598880	0.838775	0	0
conventional	ce1724	920	0	7.760717	0	13	7	1.112507	1.260358	4.259769	1.128083	0	0
conventional	ce1725	920	0	4.633168	0	7	7	0.791726	0.329233	2.601458	0.910751	3.502904	0
conventional	ce1726	920	0	17.535793	0	14	7	0.411102	2.507225	7.230296	7.387170	0	0
conventional	ce1727	920	0	6.126761	0	13	7	1.174985	1.332471	2.623440	0.995865	0	0
conventional	ce1728	920	0	9.462101	0	7	7	0.797090	3.678856	2.038599	2.947556	0	0
conventional	ce1729	921	0	11.617934	0	14	7	0.927724	2.095888	4.421324	4.172998	0	0
conventional	ce1730	922	0.479983	48.755910	1	14	7	0.431514	9.214826	21.381158	17.728412	1.844010	0
conventional	ce1731	922	0	6.655409	0	7	7	0.142522	1.295018	4.501489	0.716380	0	0
conventional	ce1732	922	0	28.980794	0	7	7	3.628768	3.357555	18.388663	3.605808	0	0
conventional	ce1733	923	0	5.114636	0	14	7	1.918877	1.272304	0.904314	1.019141	1.480136	0
conventional	ce1734	923	0	25.827419	0	14	7	3.732190	4.614826	9.437335	8.043068	0	0
conventional	ce1735	924	0.455638	27.608703	1	14	7	1.783069	3.917163	11.346172	10.562299	2.328625	0
conventional	ce1736	926	0	2.562906	0	7	7	0.775571	0.010225	1.381741	0.395369	2.181331	0
conventional	ce1737	928	0	15.112004	0	7	7	2.050039	2.513558	8.731114	1.817293	2.278720	0
conventional	ce1738	928	0.485045	22.214814	1	14	7	0.363440	2.419410	12.652203	6.779761	0	0
conventional	ce1739	929	0	4.863733	0	7	7	0.924003	0.268884	2.782975	0.887871	3.589322	0
conventional	ce1740	929	0.155161	13.157675	1	7	7	1.167413	2.070659	4.739212	5.180391	0.027861	0
conventional	ce1741	930	0	29.874559	0	14	7	1.413268	4.777114	12.393905	11.290272	0	0
conventional	ce1742	931	0	5.536709	0	7	7	0.194315	0.143879	4.493929	0.704586	0	0
conventional	ce1743	931	0	5.027828	0	7	7	0.791726	0.329233	2.941228	0.965641	3.453845	0
conventional	ce1744	933	0	6.870614	0	7	7	0.030884	0.882021	5.181179	0.776530	0	0
conventional	ce1745	933	0	17.589659	0	14	7	0.332578	1.179674	10.730321	5.347086	0	0
conventional	ce1746	933	0	6.041448	0	14	7	1.263799	0.358220	2.015608	2.403821	3.354706	0
conventional	ce1747	934	0	40.286470	0	14	7	2.025500	10.096300	17.566505	10.598165	2.080283	0
conventional	ce1748	935	0	11.692733	0	7	7	0.850272	0.563990	5.567245	4.711226	0	0
conventional	ce1749	936	0	3.671783	0	7	7	1.097994	0.284190	1.181748	1.107851	0	0
conventional	ce1750	937	0.206820	26.348667	1	14	7	0.807994	3.696819	13.050149	8.793705	0	0
conventional	ce1751	938	0	7.966922	0	7	7	1.240951	0.743646	5.261168	0.721157	3.256660	0
conventional	ce1752	938	0	6.368122	0	13	7	1.488771	1.419789	2.419715	1.039847	0	0
conventional	ce1753	938	0	13.202126	0	14	7	0.560594	4.908323	3.679118	4.054091	0	0
conventional	ce1754	939	0	31.699848	0	14	7	1.042468	0.352040	17.220259	13.085081	2.278720	0
conventional	ce1755	939	0	17.657395	0	14	7	1.233076	3.701590	9.996562	2.726167	2.992956	0
conventional	ce1756	943	0	0.952947	0	7	7	0.329399	0.057885	0.308340	0.257323	0	0
conventional	ce1757	944	0	33.350257	0	14	7	2.372319	5.130100	15.698456	10.149382	0	0
conventional	ce1758	945	0.730302	11.888354	1	13	7	0.720975	2.347231	6.657293	2.162855	0	0
conventional	ce1759	946	0	6.606692	0	7	7	0.242325	0.667466	4.820248	0.876653	0	0
conventional	ce1760	946	0.482252	8.530888	1	12	7	0.762977	1.369957	3.504064	2.893890	0	0
conventional	ce1761	947	0	6.763733	0	14	7	0.449225	0.808937	2.759426	2.746145	0	0
conventional	ce1762	947	0.479983	29.864060	1	14	7	2.130670	5.452589	13.228014	9.052787	2.080283	0
conventional	ce1763	948	0.730302	12.204827	1	13	7	0.821279	2.547523	6.670300	2.165725	0	0
conventional	ce1764	948	0.591156	27.753723	1	14	7	0.736824	2.984022	15.746261	8.286616	0	0
conventional	ce1765	948	0.738532	10.857343	2	14	7	0.865623	4.429744	3.407288	2.154688	0	0
conventional	ce1766	950	0	2.468548	0	7	7	0.726335	0.052007	1.297063	0.393143	2.848641	0
conventional	ce1767	950	1.042675	37.075395	1	14	7	0.230602	5.526765	20.350091	10.967937	0	0
conventional	ce1768	951	0.485045	23.012019	1	14	7	0.602760	2.701237	12.788137	6.919885	0	0
conventional	ce1769	951	0	11.558645	0	7	7	1.096757	0.501086	6.208677	3.752125	0	0
conventional	ce1770	953	0	15.864466	0	14	7	0.867034	0.832028	9.251035	4.914369	0	0
conventional	ce1771	954	0.533631	2.453339	1	8	7	0.700310	0.217524	0.509951	1.025554	3.690588	0
conventional	ce1772	955	0	7.577003	0	13	7	1.516802	0.953503	3.978615	1.128083	0	0
conventional	ce1773	956	0	5.855717	0	7	7	0.575042	1.154055	3.542771	0.583849	0	0
conventional	ce1774	956	0	0	0	0	7	0	0	0	0	0	0
conventional	ce1775	957	0	1.512990	0	7	7	0.455239	0.106255	0.415418	0.536078	0.660014	0
conventional	ce1776	957	0.485045	21.798671	1	7	7	0.815783	2.847324	11.547734	6.587830	0	0
conventional	ce1777	957	0	11.403824	0	7	7	0.898146	0.233656	9.239409	1.032613	0	0
conventional	ce1778	958	0	30.161631	0	14	7	0.326650	4.813105	13.623516	11.398360	0	0
conventional	ce1779	959	0	6.395188	0	14	7	1.263799	0.579772	2.143069	2.408548	3.354706	0
conventional	ce1780	959	0	0.458142	0	7	7	0.080105	0.000378	0.318239	0.059420	0	0
conventional	ce1781	959	0.479983	34.877352	1	14	7	1.629908	7.251446	16.713689	9.282309	2.080283	0
conventional	ce1782	960	0	12.614842	0	7	7	0.442419	0.714342	7.976625	3.481456	0	0
conventional	ce1783	960	0	0	0	0	7	0	0	0	0	0	0
conventional	ce1784	961	0	14.550244	0	14	7	0.734903	4.685781	5.219474	3.910086	0	0
conventional	ce1785	962	0	4.975014	0	7	7	0.587671	0.329233	3.147359	0.910751	3.530849	0
conventional	ce1786	963	0	2.618826	0	7	7	0.988595	0.017613	1.365959	0.246659	2.181331	0
conventional	ce1787	963	0	5.399519	0	13	7	1.274259	0.873427	2.314383	0.937450	0	0
conventional	ce1788	964	0	18.683698	0	14	7	1.528763	3.895135	10.771819	2.487981	2.504958	0
conventional	ce1789	964	1.457534	27.388490	2	14	7	2.830835	5.088651	12.695277	6.773727	2.283602	0
conventional	ce1790	967	0	13.179121	0	7	7	1.211234	1.518466	8.703936	1.745485	0	0
conventional	ce1791	968	0	10.977730	0	7	7	1.190222	2.101949	6.358392	1.327167	0	0
conventional	ce1792	968	0.730302	12.134253	1	13	7	0.720975	2.365046	6.881083	2.167149	0	0
conventional	ce1793	969	0	9.940432	0	14	7	0.754154	1.027707	3.458167	4.700404	0	0
conventional	ce1794	969	0	2.790074	0	7	7	0.448645	0.067607	1.757644	0.516178	3.453845	0
conventional	ce1795	970	0	0	0	0	7	0	0	0	0	0	0
conventional	ce1796	970	0.373078	10.278420	1	7	7	0.626133	0.208555	5.975597	3.468135	0	0
conventional	ce1797	970	0	11.639536	0	7	7	1.921903	1.478121	6.844876	1.394636	0	0
conventional	ce1798	971	0	11.220799	0	7	7	0.388478	0.571684	7.055904	3.204733	0	0
conventional	ce1799	971	0.504730	25.611900	1	14	7	0.904649	0.422255	14.347875	9.937121	2.201979	0
conventional	ce1800	973	0	6.027458	0	14	7	1.263799	0.358220	2.015608	2.389831	2.777241	0
conventional	ce1801	976	0	1.247756	0	7	7	0.031356	0.179485	0.771557	0.265358	0	0
conventional	ce1802	976	0	15.630205	0	14	7	0.935939	4.665226	5.892524	4.136516	0	0
conventional	ce1803	976	0	8.495580	0	7	7	1.240951	0.743646	5.943590	0.567393	2.756964	0
conventional	ce1804	976	1.042675	7.263319	1	7	7	1.378768	1.018841	3.730856	1.134854	0	0
conventional	ce1805	977	1.042675	30.418921	1	14	7	0.193185	3.458456	17.570245	9.197035	0	0
conventional	ce1806	977	0	0.657830	0	7	7	0.097985	0.040041	0.223579	0.296225	2.953260	0
conventional	ce1807	978	0	8.953551	0	7	7	0.383065	0.889667	6.295433	1.385386	4.107574	0
conventional	ce1808	978	0	2.316786	0	7	7	0.612908	0.086368	1.118966	0.498544	6.564944	0
conventional	ce1809	980	0	10.279954	0	7	7	1.482626	1.048190	6.891293	0.857845	3.812201	0
conventional	ce1810	980	0	3.886687	0	7	7	0.453416	0.265060	1.511654	1.656557	0	0
conventional	ce1811	980	0	7.027674	0	14	7	1.891588	1.691448	1.578958	1.865680	1.480136	0
conventional	ce1812	982	0	7.044759	0	7	7	0.773376	0.354156	2.782930	3.134297	0	0
conventional	ce1813	982	0	8.038836	0	13	7	1.516802	0.953503	4.414553	1.153978	0	0
conventional	ce1814	982	0	7.333171	0	14	7	1.866867	1.691448	1.770692	2.004164	0	0
conventional	ce1815	982	0	5.279818	0	14	7	2.025077	1.297915	0.891579	1.065247	2.048189	0
conventional	ce1816	983	0	12.435990	0	7	7	0.450217	0.734966	8.394201	2.856606	0	0
conventional	ce1817	983	0	6.858728	0	14	7	1.693623	0.358220	2.403064	2.403821	3.354706	0
conventional	ce1818	984	0	7.319328	0	13	7	1.512815	1.038153	3.680182	1.088178	0	0
conventional	ce1819	984	0	6.430431	0	7	7	0.947625	0.062891	4.039641	1.380274	0	0
conventional	ce1820	984	1.288608	20.308874	2	14	7	3.402020	3.594532	8.919216	4.393106	1.483255	0
conventional	ce1821	985	0	19.672903	0	14	7	0.477503	1.503923	12.160637	5.530840	0	0
conventional	ce1822	986	0	4.591906	0	14	7	0.105353	0.658043	2.266348	1.562162	0	0
conventional	ce1823	988	0	8.384797	0	13	7	1.512815	1.038153	4.181229	1.652600	0	0
conventional	ce1824	988	0	18.841616	0	14	7	1.183346	1.157366	9.976373	6.524531	0	0
conventional	ce1825	988	0.479983	42.905964	1	14	7	1.028157	8.235858	21.434490	12.207459	2.080283	0
conventional	ce1826	989	0	47.574451	0	14	7	1.429353	10.717557	24.465891	10.961650	2.080283	0
conventional	ce1827	989	0	1.526523	0	7	7	0.256001	0.179485	0.860271	0.230766	0	0
conventional	ce1828	990	0	16.440837	0	7	7	0.473507	0.371301	9.692874	5.903155	0	0
conventional	ce1829	990	0	36.644200	0	14	7	1.094448	7.852158	17.415119	10.282475	1.316915	0
conventional	ce1830	991	0	3.878326	0	7	7	0.683961	0.002548	2.393991	0.797826	4.058178	0
conventional	ce1831	991	0	6.478729	0	7	7	0.621264	0.778849	4.183325	0.895291	0	0
conventional	ce1832	991	0	13.554624	0	14	7	0.393073	0.976444	7.417406	4.767701	0	0
conventional	ce1833	992	0	12.250842	0	7	7	1.096757	0.676202	6.168484	4.309399	0	0
conventional	ce1834	993	0	4.805646	0	7	7	0.218366	0.613535	3.053201	0.920544	0	0
conventional	ce1835	993	0	9.155456	0	7	7	1.240951	0.743646	6.367847	0.803012	2.756964	0
conventional	ce1836	993	0	19.834106	0	14	7	0.477503	0.915736	12.160637	6.280230	0	0
conventional	ce1837	994	0	7.702235	0	13	7	1.485192	1.548730	3.245218	1.423095	0	0
conventional	ce1838	995	0	9.576022	0	7	7	1.209679	0.302083	4.322364	3.741896	0	0
conventional	ce1839	996	0	4.112018	0	7	7	0.297048	0.073672	1.714684	2.026614	0	0
conventional	ce1840	997	0	7.625091	0	7	7	1.061072	0.777314	5.215967	0.570738	1.769313	0
conventional	ce1841	998	0	6.083161	0	13	7	0.838395	0.190005	4.435873	0.618888	0	0
conventional	ce1842	998	0	9.010932	0	14	7	0.368848	0.862632	6.448497	1.330955	0	0
conventional	ce1843	998	0	16.779788	0	7	7	1.259097	1.954268	11.341706	2.224717	0	0
conventional	ce1844	999	1.288608	12.694677	2	14	7	1.667610	2.508505	6.192118	2.326444	0.790884	0
conventional	ce1845	999	0	2.253446	0	7	7	0.207422	0.227535	1.396690	0.421799	0	0
conventional	ce1846	1001	0.017810	17.132276	1	7	7	0.473507	0.371301	10.402124	5.885344	0	0
conventional	ce1847	1005	0	14.239332	0	14	7	0.689801	4.698489	4.979713	3.871329	1.856399	0
conventional	ce1848	1005	0	10.827060	0	7	7	1.395003	0.058700	7.701875	1.671482	3.298573	0
conventional	ce1849	1005	0	12.430557	0	7	7	0.366760	0.734778	9.309929	2.019090	0	0
conventional	ce1850	1006	0	20.155681	0	14	7	0.392336	2.814639	11.147427	5.801279	3.115184	0
conventional	ce1851	1006	0	33.705189	0	14	7	1.525774	7.249346	15.823124	9.106945	0	0
conventional	ce1852	1007	0	2.432649	0	7	7	0.690436	0.052007	1.297063	0.393143	2.848641	0
conventional	ce1853	1007	0	3.061006	0	7	7	0.939997	0.391284	1.266887	0.462838	1.913105	0
conventional	ce1854	1008	0	3.964431	0	7	7	1.164214	0.965009	1.547169	0.288039	0	0
conventional	ce1855	1010	0	7.729344	0	7	7	1.727498	1.038072	4.522431	0.441343	3.038784	0
conventional	ce1856	1010	0.785163	45.749099	1	14	7	0.123674	8.560175	23.950991	13.114259	2.080283	0
conventional	ce1857	1011	0	15.231297	0	7	7	1.935607	1.240309	10.852185	1.203196	2.756964	0
conventional	ce1858	1011	0	2.736685	0	7	7	0.589029	0.092608	1.653238	0.401810	2.883898	0
conventional	ce1859	1013	0	17.378274	0	7	7	1.053562	0.371301	10.258294	5.695117	0	0
conventional	ce1860	1014	0	11.803098	0	7	7	1.110703	1.392435	7.981523	1.318437	0	0
conventional	ce1861	1015	0	7.502808	0	14	7	0.646328	0.900892	3.477857	2.477731	0	0
conventional	ce1862	1016	0	10.448875	0	7	7	1.110703	0.767934	7.040172	1.530066	0.440459	0
conventional	ce1863	1016	0	5.296511	0	13	7	1.318723	0.872332	2.209539	0.895917	0	0
conventional	ce1864	1017	0.017810	17.602963	1	7	7	0.945638	0.371301	10.283876	6.002148	0	0
conventional	ce1865	1019	0	29.886584	0	14	7	0.165626	3.411294	16.295783	10.013881	3.278213	0
conventional	ce1866	1019	0.568377	11.381828	2	14	7	1.438321	2.279598	6.030129	1.633780	1.499699	0
conventional	ce1867	1019	0	20.634255	0	14	7	0.477503	0.824159	13.052363	6.280230	0	0
conventional	ce1868	1019	0	9.613836	0	7	7	1.377737	0.709001	6.564022	0.963076	1.394510	0
conventional	ce1869	1020	0	0.582334	0	7	7	0.096757	0.020000	0.238926	0.226651	0.590451	0
conventional	ce1870	1020	0	12.393236	0	7	7	3.176993	0.146687	7.417089	1.652467	2.731710	0
conventional	ce1871	1021	0	7.808530	0	14	7	1.762025	0.651181	3.817397	1.577927	0	0
conventional	ce1872	1021	0	1.340549	0	7	7	0.057380	0.268300	0.771557	0.243312	0	0
conventional	ce1873	1023	0	6.418697	0	7	7	0.621264	0.778849	4.183325	0.835259	0	0
conventional	ce1874	1023	0	8.726193	0	14	7	1.599289	0.453314	3.762516	2.911074	2.777241	0
conventional	ce1875	1023	0	8.084477	0	7	7	1.563423	1.820149	3.965127	0.735778	0	0
conventional	ce1876	1023	0	13.642385	0	14	7	0.288554	0.345160	10.280921	2.727750	0	0
conventional	ce1877	1024	0	11.854713	0	7	7	0.388478	0.808929	7.484987	3.172319	0	0
conventional	ce1878	1027	0	17.880561	0	14	7	1.389257	5.757693	5.278251	5.455360	0	0
conventional	ce1879	1028	0	6.987637	0	13	7	1.094783	0.953504	3.660812	1.278538	0.255412	0
conventional	ce1880	1029	0.171403	25.623548	1	14	7	0.904649	0.422255	14.132949	10.163695	2.209365	0
conventional	ce1881	1030	0	10.090073	0	13	7	1.557904	0.968474	5.366920	2.196775	0	0
conventional	ce1882	1030	0	7.160383	0	14	7	1.430175	0.575028	4.308689	0.846491	0	0
conventional	ce1883	1030	0	19.362173	0	7	7	0.482647	1.471171	10.187509	7.220846	0	0
conventional	ce1884	1031	0	7.716738	0	14	7	1.617996	0.458616	2.580512	3.059614	3.692346	0
conventional	ce1885	1031	0	7.968553	0	7	7	1.830632	1.032626	4.543363	0.561932	0	0
conventional	ce1886	1033	0.171403	16.868322	1	7	7	0.473507	0.432502	9.887755	6.074558	2.439114	0
conventional	ce1887	1033	0	13.064583	0	13	7	2.843374	1.120404	7.850831	1.249974	0	0
conventional	ce1888	1035	0	6.877278	0	14	7	1.617996	0.340740	2.303319	2.615223	3.692346	0
conventional	ce1889	1036	0	8.199967	0	7	7	0.757042	0.949067	5.476052	1.017806	0	0
conventional	ce1890	1036	0	13.651642	0	7	7	2.877422	0.748996	8.690237	1.334987	3.099640	0
conventional	ce1891	1036	0	0.760924	0	7	7	0.207231	0.052488	0.335789	0.165416	2.647813	0
conventional	ce1892	1037	0	7.643541	0	14	7	1.059505	0.418784	3.475919	2.689333	2.226784	0
conventional	ce1893	1037	0	3.794146	0	7	7	0.726446	0.217972	2.447811	0.401917	0	0
conventional	ce1894	1040	0	10.509222	0	7	7	1.110703	0.767934	7.266852	1.363733	0.440459	0
conventional	ce1895	1041	0	11.881265	0	7	7	0.916077	0.527609	5.641505	4.796074	0	0
conventional	ce1896	1042	0	1.387733	0	7	7	0.070967	0.176122	0.845844	0.294800	3.438039	0
conventional	ce1897	1043	0	8.600634	0	13	7	0.759611	0.649098	5.976350	1.215575	0.762706	0
conventional	ce1898	1043	1.288608	4.975687	2	8	7	0.683961	0.002548	2.243033	2.046145	0.965252	0
conventional	ce1899	1044	0	5.847924	0	7	7	0.428774	0.824445	3.402769	1.191936	0	0
conventional	ce1900	1044	0.612144	45.945946	1	14	7	0.184523	8.454540	25.085804	12.221079	2.423204	0
conventional	ce1901	1044	0	14.128314	0	7	7	1.032731	0.352628	10.238947	2.504008	0	0
conventional	ce1902	1045	0	13.997750	0	7	7	1.293422	1.487427	9.477959	1.738942	0	0
conventional	ce1903	1048	0	2.416782	0	7	7	0.690436	0.052007	1.272378	0.401961	2.848641	0
conventional	ce1904	1050	0	8.027126	0	7	7	0.808977	1.493504	4.190301	1.534344	0	0
conventional	ce1905	1051	0	31.076983	0	14	7	1.479418	6.748647	15.508960	7.339958	0	0
conventional	ce1906	1051	0	17.034709	0	7	7	0.664441	0.170933	8.571928	7.627407	0	0
conventional	ce1907	1052	1.288608	1.259586	2	8	7	0.092402	0.013299	0.214756	0.939129	0.965252	0
conventional	ce1908	1053	1.288608	2.004378	2	8	7	0.157505	0.032557	0.461552	1.352764	1.054996	0
conventional	ce1909	1053	0	7.342081	0	13	7	1.115540	1.122842	3.945389	1.158310	0.762706	0
conventional	ce1910	1053	0	20.668229	0	14	7	0.188152	2.418590	12.578377	5.483110	4.021006	0
conventional	ce1911	1053	0	1.259430	0	7	7	0.070732	0.176122	0.727907	0.284669	3.438039	0
conventional	ce1912	1056	0	17.106002	0	7	7	1.259097	1.954268	11.667920	2.224717	0	0
conventional	ce1913	1058	0	8.280772	0	14	7	1.641020	0.324970	3.077811	3.236971	2.894258	0
conventional	ce1914	1058	0	3.534745	0	7	7	1.040231	0.258151	1.422808	0.813555	1.160466	0
conventional	ce1915	1058	0	1.241266	0	7	7	0.037778	0.179485	0.771800	0.252203	0	0
conventional	ce1916	1059	1.043314	31.573000	2	14	7	1.850925	7.129950	15.864234	6.727891	1.054996	0
conventional	ce1917	1060	0.398259	3.416935	1	7	7	1.074579	0.110086	1.472396	0.759874	2.210531	0
conventional	ce1918	1061	0	8.209237	0	7	7	0.867661	1.225000	5.122855	0.993721	2.862251	0
conventional	ce1919	1062	0	11.664186	0	7	7	0.935994	1.392435	7.981523	1.354234	0	0
conventional	ce1920	1063	0	18.017398	0	14	7	1.902138	1.674559	12.860906	1.579795	1.394510	0
conventional	ce1921	1065	0.171403	15.960034	1	7	7	0.817737	0.432502	9.414276	5.295519	2.501345	0
conventional	ce1922	1065	0	6.381713	0	7	7	0.451464	0.824445	3.915928	1.189876	0	0
conventional	ce1923	1066	0	19.425219	0	7	7	2.325219	1.989571	13.957695	1.152734	1.394510	0
conventional	ce1924	1066	0	2.066697	0	7	7	0.605689	0.450742	0.670534	0.339732	0.762706	0
conventional	ce1925	1067	0	8.730254	0	7	7	0.356971	1.325353	6.262417	0.785513	0	0
conventional	ce1926	1067	0.171403	21.543811	1	7	7	0.501847	0.886798	13.344015	6.811151	2.439114	0
conventional	ce1927	1068	0	14.253897	0	7	7	1.032731	0.352628	10.367655	2.500883	0	0
conventional	ce1928	1070	0	7.591867	0	7	7	0.869158	1.642948	4.011906	1.067855	0	0
conventional	ce1929	1070	0	26.065061	0	14	7	0.142648	3.079439	14.185266	8.657708	3.278213	0
conventional	ce1930	1071	0	11.527167	0	13	7	2.272863	1.684722	6.369944	1.199638	0	0
conventional	ce1931	1071	0	8.551276	0	13	7	1.316794	0.503180	3.550797	3.180505	0	0
conventional	ce1932	1073	0	8.100631	0	7	7	0.453519	1.069712	4.173333	2.404067	0	0
conventional	ce1933	1074	0	8.068242	0	7	7	1.716666	1.740586	3.835365	0.775625	3.438039	0
conventional	ce1934	1075	0	7.354640	0	14	7	1.430175	0.575028	4.090919	1.258518	0	0
conventional	ce1935	1076	0	26.581399	0	7	7	2.694435	2.991740	11.827548	9.067676	0	0
conventional	ce1936	1076	0.171403	27.581228	1	14	7	0.860634	0.341249	15.811319	10.568026	1.693519	0
conventional	ce1937	1079	0	7.675704	0	14	7	1.651689	0.327083	2.438916	3.258016	3.092290	0
conventional	ce1938	1079	0	19.498259	0	7	7	2.585285	1.989571	14.018489	0.904914	1.394510	0
conventional	ce1939	1079	0	10.706271	0	7	7	0.389179	0.905385	7.026389	2.385318	0	0
conventional	ce1940	1080	0	29.691894	0	14	7	4.025466	3.731254	12.346179	9.588995	2.364250	0
conventional	ce1941	1080	0	5.439545	0	7	7	1.164208	0.351171	3.207597	0.716569	3.438039	0
conventional	ce1942	1082	0	11.187634	0	7	7	1.739164	1.385092	4.335552	3.727826	3.284013	0
conventional	ce1943	1083	0	19.467527	0	7	7	1.065083	2.133643	15.159790	1.109011	1.962462	0
conventional	ce1944	1083	0.216913	26.164061	1	14	7	0.708636	0.290076	15.000222	10.165127	1.372170	0
conventional	ce1945	1083	0	19.369521	0	7	7	2.859497	1.303545	12.891584	2.314895	0.440459	0
conventional	ce1946	1083	0	26.357707	0	14	7	0.981038	3.027290	13.111916	9.237463	3.278213	0
conventional	ce1947	1084	0	6.535081	0	7	7	1.100626	1.404081	3.255061	0.775313	0.822944	0
conventional	ce1948	1088	1.327124	1.234681	2	8	7	0.092402	0.013299	0.197106	0.931874	1.835479	0
conventional	ce1949	1089	0.398259	1.850514	1	7	7	0.510221	0.035737	0.793347	0.511209	2.033542	0
conventional	ce1950	1090	0	10.121679	0	7	7	1.671419	1.423872	4.071580	2.954808	3.196688	0
conventional	ce1951	1090	0.171403	17.086298	1	7	7	0.472888	0.438786	10.390280	5.784344	3.203593	0
conventional	ce1952	1091	0	11.388152	0	7	7	0.226880	1.392435	8.414603	1.354234	0	0
conventional	ce1953	1092	0.612144	57.304355	1	14	7	2.833938	10.909248	31.703553	11.857616	2.423204	0
conventional	ce1954	1093	0	8.125246	0	14	7	1.458367	0.418784	3.573844	2.674251	2.077963	0
conventional	ce1955	1093	0	9.852942	0	14	7	1.808922	1.255841	3.935496	2.852683	3.047067	0
conventional	ce1956	1094	0	8.501014	0	7	7	1.932010	1.326036	3.035140	2.207828	4.138355	0
conventional	ce1957	1095	0	15.483825	0	7	7	2.078192	0.365931	11.390617	1.649085	1.449292	0
conventional	ce1958	1096	0	4.488270	0	7	7	0.184657	0.760925	3.052162	0.490526	0	0
conventional	ce1959	1096	0	31.925169	0	14	7	1.010288	6.288051	18.187593	6.439237	0	0
conventional	ce1960	1097	0	37.716344	0	13	7	0.962951	3.065819	21.940818	11.746756	0.422324	0
conventional	ce1961	1098	0	6.285448	0	7	7	0.879944	0.610690	3.865004	0.929810	2.942496	0
conventional	ce1962	1098	0	14.985259	0	7	7	1.109534	1.077560	10.926979	1.871186	0	0
conventional	ce1963	1098	0	10.507038	0	14	7	1.808922	1.255841	4.371106	3.071169	2.945809	0
conventional	ce1964	1100	1.449203	5.077764	2	8	7	0.683961	0.002548	2.184515	2.206740	0.965252	0
conventional	ce1965	1100	0	8.547418	0	14	7	1.417529	0.318666	3.637042	3.174181	3.554360	0
conventional	ce1966	1100	0	11.245813	0	13	7	2.271269	1.602562	6.511490	0.860492	0	0
conventional	ce1967	1101	0.998553	43.881951	1	14	7	0.081418	9.108768	23.335061	11.356704	3.002764	0
conventional	ce1968	1101	1.330257	2.518382	2	8	7	0.312916	0.035906	0.532157	1.637403	2.329707	0
conventional	ce1969	1102	0	12.006571	0	7	7	0.126003	0.392794	5.450584	6.037190	0	0
conventional	ce1970	1102	0	7.774587	0	14	7	1.651689	0.327083	2.438916	3.356899	3.640918	0
conventional	ce1971	1103	0	10.839230	0	7	7	0.239684	1.834380	8.414603	0.350563	0	0
conventional	ce1972	1103	0	8.409449	0	14	7	0.812755	0.500791	4.371106	2.724797	2.596561	0
conventional	ce1973	1103	0	44.941766	0	14	7	0.866429	8.088056	24.772853	11.214428	0	0
conventional	ce1974	1103	0.181345	0.659758	1	8	7	0.068604	0.013299	0.197106	0.380749	1.835479	0
conventional	ce1975	1104	0	10.349775	0	14	7	2.120343	0.909606	5.944408	1.375418	0	0
conventional	ce1976	1104	0	6.860977	0	7	7	0.955181	1.215110	4.312509	0.378177	0	0
conventional	ce1977	1104	0	24.804056	0	14	7	2.945528	2.428436	10.725958	8.704134	2.191957	0
conventional	ce1978	1104	0	19.637341	0	7	7	2.571708	1.989571	13.923328	1.152734	1.444684	0
conventional	ce1979	1104	0	24.677639	0	14	7	3.121061	1.116772	15.876882	4.562924	1.394510	0
conventional	ce1980	1108	1.340904	33.072719	2	14	7	1.728824	6.199501	18.137714	7.006680	1.054996	0
conventional	ce1981	1109	0.021267	18.078561	1	7	7	1.255344	0.221764	10.073873	6.527580	2.691057	0
conventional	ce1982	1110	0	9.121956	0	14	7	1.817625	0.359943	3.359058	3.585330	2.894258	0
conventional	ce1983	1111	0	7.652216	0	7	7	0.550472	1.402264	3.868087	1.831393	2.862251	0
conventional	ce1984	1111	0	16.694464	0	14	7	2.795234	1.985207	10.232692	1.681331	0	0
conventional	ce1985	1112	0	3.606671	0	7	7	1.121731	0.208498	1.819980	0.456462	1.368909	0
conventional	ce1986	1112	0	10.704512	0	14	7	2.458923	0.917677	4.570898	2.757014	2.871463	0
conventional	ce1987	1113	1.449203	4.627843	2	8	7	0.683961	0.002548	2.055556	1.885778	0.987972	0
conventional	ce1988	1113	0	10.125215	0	7	7	0.759454	0.867153	4.293285	4.205323	0	0
conventional	ce1989	1113	0	6.298516	0	7	7	0.346665	0.726868	4.557254	0.667729	0	0
conventional	ce1990	1113	0	8.649708	0	13	7	1.316794	0.515636	3.636773	3.180505	0	0
conventional	ce1991	1114	0	30.586986	0	14	7	2.486811	2.989839	15.498155	9.612181	3.278213	0
conventional	ce1992	1116	0	11.986265	0	7	7	0.226880	1.392435	8.414603	1.952347	0	0
conventional	ce1993	1116	0	11.348566	0	13	7	2.024885	0.669560	5.043138	3.610983	0	0
conventional	ce1994	1117	0	8.197706	0	7	7	1.125339	2.236859	3.728628	1.106880	0.822944	0
conventional	ce1995	1118	0	3.309382	0	7	7	0.331648	0.340967	1.639187	0.997580	0	0
conventional	ce1996	1118	0	7.386006	0	14	7	1.487038	0.476587	2.908378	2.514003	3.206151	0
conventional	ce1997	1119	0	23.620568	0	7	7	1.502683	2.640135	17.665381	1.812369	1.962462	0
conventional	ce1998	1120	0	9.775235	0	7	7	1.119357	1.399681	6.039923	1.216274	0	0
conventional	ce1999	1121	0	9.090088	0	7	7	2.175087	1.289039	4.428539	1.197423	0	0
conventional	ce2000	1121	0	8.243504	0	14	7	1.391890	0.318666	3.081104	3.451844	3.554360	0
conventional	ce2001	1122	0	12.406493	0	7	7	0.226880	1.392435	8.414603	2.372575	0	0
conventional	ce2002	1123	0.266338	6.640765	1	7	7	1.067681	0.974698	4.314306	0.284080	2.238701	0
conventional	ce2003	1124	0	11.021371	0	7	7	0.614619	1.288701	8.079782	1.038269	0	0
conventional	ce2004	1125	0	13.991513	0	7	7	1.012530	0.624537	6.557978	5.796468	0	0
conventional	ce2005	1125	0.171403	30.981752	1	14	7	1.399876	1.297585	19.720885	8.563406	2.195215	0
conventional	ce2006	1126	0	7.556379	0	7	7	1.143175	1.709791	3.784644	0.918769	0	0
conventional	ce2007	1126	0	24.200368	0	14	7	0.758232	2.985731	11.300866	9.155539	2.768714	0
conventional	ce2008	1127	0	15.077618	0	7	7	1.221784	1.550361	11.623532	0.681941	2.369692	0
conventional	ce2009	1127	0	9.247766	0	14	7	1.225338	1.255841	3.913904	2.852683	3.047067	0
conventional	ce2010	1128	0	5.530491	0	7	7	0.530133	1.094757	3.703823	0.201778	0	0
conventional	ce2011	1129	0.181345	0.910615	1	8	7	0.094051	0.018233	0.343618	0.454713	1.715035	0
conventional	ce2012	1129	0	11.211773	0	7	7	1.165371	2.503011	3.716079	3.827312	0.822944	0
conventional	ce2013	1129	0.756870	1.937750	1	7	7	0.312916	0.035906	0.555044	1.033884	2.329707	0
conventional	ce2014	1130	0	3.217540	0	7	7	0.494034	0.408813	1.307911	1.006782	0	0
conventional	ce2015	1130	0.216913	27.000769	1	14	7	3.672260	0.926183	13.580571	8.821755	1.386244	0
conventional	ce2016	1130	0	8.107842	0	7	7	0.122279	0.225720	3.264090	4.495753	0	0
conventional	ce2017	1131	0	6.916534	0	7	7	2.666481	1.135140	2.219929	0.894984	2.434717	0
conventional	ce2018	1131	0	13.106333	0	14	7	2.353825	1.580973	5.175236	3.996299	2.768827	0
conventional	ce2019	1132	1.112103	32.587130	2	14	7	1.747626	5.412985	17.758999	7.667520	1.054996	0
conventional	ce2020	1132	0.171403	5.984210	1	14	7	0.320130	0.341249	4.099159	1.223672	2.012070	0
conventional	ce2021	1133	0	8.373865	0	7	7	0.517982	0.688201	6.341330	0.826352	1.274170	0
conventional	ce2022	1133	0	17.557731	0	14	7	3.367217	1.985207	10.232692	1.972615	0	0
conventional	ce2023	1134	0	8.317102	0	7	7	0.155418	1.469816	5.764188	0.927680	0	0
conventional	ce2024	1135	0	7.965102	0	7	7	1.855523	1.175348	3.792873	1.141358	1.826309	0
conventional	ce2025	1136	1.026401	3.367375	2	8	7	0.212481	0.623761	1.811066	0.720067	1.410678	0
conventional	ce2026	1136	0	3.334981	0	7	7	0.803845	0.012101	1.662264	0.856771	0	0
conventional	ce2027	1136	0	5.717863	0	7	7	1.052362	1.093405	2.809345	0.762751	0.822944	0
conventional	ce2028	1136	0.266338	8.647222	1	7	7	0.659502	1.183182	6.180522	0.624016	2.164070	0
conventional	ce2029	1137	0	14.365569	0	7	7	0.331704	0.414651	8.350261	5.268953	0	0
conventional	ce2030	1137	0	8.406122	0	7	7	1.116417	2.485218	3.538640	1.265847	0.822944	0
conventional	ce2031	1138	0	12.661804	0	7	7	0.226880	1.392435	8.669914	2.372575	0	0
conventional	ce2032	1139	0.266159	10.726961	1	14	7	0.245551	0.349796	6.783796	3.347818	1.934163	0
conventional	ce2033	1139	1.449203	4.358014	2	8	7	0.594676	0.047303	1.743189	1.972846	0.965252	0
conventional	ce2034	1142	1.449203	4.512002	2	8	7	0.275019	0.541363	1.816152	1.879468	1.864461	0
conventional	ce2035	1142	0	2.026200	0	7	7	0.500965	0.280010	0.647883	0.597342	0	0
conventional	ce2036	1143	0	31.259821	0	14	7	1.345701	0.923579	20.121328	8.869213	2.250186	0
conventional	ce2037	1143	0	9.447066	0	7	7	0.989263	0.541481	4.046623	3.869699	0	0
conventional	ce2038	1143	0	6.015252	0	7	7	1.099744	1.448061	2.662515	0.804932	0.822944	0
conventional	ce2039	1143	0	9.750975	0	7	7	2.183218	1.457594	3.902335	2.207828	0	0
conventional	ce2040	1144	0	11.801779	0	13	7	1.694931	1.389821	7.147118	1.569909	0	0
conventional	ce2041	1144	0	17.033426	0	7	7	1.569262	0.880907	7.625799	6.957458	0	0
conventional	ce2042	1145	0	3.217540	0	7	7	0.494034	0.408813	1.307911	1.006782	0	0
conventional	ce2043	1145	0	26.275582	0	14	7	0.334675	3.569395	12.050628	10.320884	2.768714	0
conventional	ce2044	1146	0	10.548657	0	7	7	1.190563	1.277457	3.488684	4.591953	0	0
conventional	ce2045	1146	0	1.319159	0	7	7	0.154683	0.203807	0.847655	0.113014	3.427649	0
conventional	ce2046	1148	0.969220	11.697551	1	7	7	0.226880	1.392435	8.414603	1.663633	0.993387	0
conventional	ce2047	1149	0	8.944431	0	7	7	3.430658	1.074877	3.686684	0.752212	2.757212	0
conventional	ce2048	1149	0	3.534807	0	7	7	0.339843	0.408813	1.379835	1.406316	0	0
conventional	ce2049	1150	0	3.108925	0	7	7	0.494034	0.408813	1.225516	0.980562	0	0
conventional	ce2050	1150	0	13.891549	0	7	7	0.111612	0.457664	8.633720	4.688553	0	0
conventional	ce2051	1151	0	9.577587	0	7	7	3.437926	1.147501	4.431275	0.560885	2.757212	0
conventional	ce2052	1151	0.181345	34.565402	1	14	7	3.485411	4.655242	15.744520	10.680229	1.575480	0
conventional	ce2053	1153	1.171680	2.308647	2	8	7	0.312916	0.035906	0.532157	1.427668	2.329707	0
conventional	ce2054	1154	0	8.411871	0	7	7	0.122279	0.458184	3.264090	4.567318	0	0
conventional	ce2055	1156	1.330257	8.053551	2	8	7	1.951737	0.223957	3.458698	2.419159	2.742489	0
conventional	ce2056	1156	0.181345	18.707810	1	14	7	2.404317	1.761813	7.239569	7.302111	2.177376	0
conventional	ce2057	1156	0	13.224942	0	7	7	1.988667	1.572583	6.933563	2.730129	0	0
conventional	ce2058	1158	0	10.611625	0	7	7	3.445824	1.525370	3.892863	1.747568	0	0
conventional	ce2059	1159	0	10.033864	0	7	7	1.236310	1.369251	6.221048	1.207255	0	0
conventional	ce2060	1160	0	16.740048	0	7	7	1.817242	0.935705	7.533330	6.453771	0	0
conventional	ce2061	1160	0	12.387433	0	7	7	0.978062	1.393367	8.736005	1.279999	0	0
conventional	ce2062	1160	1.026401	3.692215	2	8	7	0.146279	0.618922	2.299773	0.627241	1.600394	0
conventional	ce2063	1161	0	12.711458	0	7	7	0.226880	1.392435	8.719568	2.372575	0	0
conventional	ce2064	1162	0	5.195075	0	7	7	1.192959	0.377790	1.795867	1.828459	0	0
conventional	ce2065	1162	0	11.392810	0	13	7	1.836086	0.669560	5.276181	3.610983	0	0
conventional	ce2066	1163	0.181345	0.916834	1	8	7	0.094051	0.009664	0.387402	0.425717	1.715035	0
conventional	ce2067	1163	0	3.601533	0	7	7	0.235515	0.288446	2.324592	0.752980	1.368909	0
conventional	ce2068	1163	1.428384	4.127685	1	1	7	0	0	0	4.127685	3.554360	0
conventional	ce2069	1163	0	15.700467	0	7	7	0.274642	1.685571	10.868206	2.872048	0	0
conventional	ce2070	1164	0	7.367279	0	7	7	2.519408	1.506502	2.635367	0.706002	3.498591	0
conventional	ce2071	1164	0	47.816598	0	14	7	1.495873	1.141953	28.955518	16.223254	1.274170	0
conventional	ce2072	1164	0	32.902458	0	14	7	0.349871	4.101410	15.574787	12.876390	3.328129	0
conventional	ce2073	1166	0	10.166408	0	7	7	2.175087	1.909211	4.428539	1.653571	0	0
conventional	ce2074	1167	0	3.701764	0	7	7	0.578703	0.408813	1.307911	1.406337	2.567243	0
conventional	ce2075	1168	0	0	0	0	7	0	0	0	0	0	0
conventional	ce2076	1170	0	10.493676	0	7	7	0.627890	1.066460	7.059296	1.740030	0	0
conventional	ce2077	1171	1.090994	4.045773	2	8	7	0.064031	0.600520	2.066219	1.315003	1.154968	0
conventional	ce2078	1172	1.050609	3.593297	2	8	7	0.212481	0.641518	1.746039	0.993259	1.410678	0
conventional	ce2079	1173	0	9.760211	0	7	7	0.611362	1.038387	6.416236	1.694226	0	0
conventional	ce2080	1173	0	6.023642	0	7	7	0.288416	0.349353	4.630197	0.755676	0	0
conventional	ce2081	1174	0	8.444325	0	7	7	0.122279	0.424084	3.402209	4.495753	0	0
conventional	ce2082	1176	0	3.248742	0	7	7	0.312605	0.647860	1.492180	0.796097	0.033198	0
conventional	ce2083	1176	0	9.156456	0	7	7	2.056638	1.813800	3.490821	1.795197	0	0
conventional	ce2084	1177	0	11.540452	0	7	7	0.559052	1.137589	3.732973	6.110838	0	0
conventional	ce2085	1178	0	14.582697	0	13	7	1.809435	2.155911	8.368714	2.248637	0	0
conventional	ce2086	1178	1.026401	3.633205	2	8	7	0.337903	0.584923	2.205779	0.504600	1.532979	0
conventional	ce2087	1180	0	2.302292	0	7	7	0.409136	0.401001	0.753884	0.738271	0	0
conventional	ce2088	1181	0	0	0	0	7	0	0	0	0	0	0
conventional	ce2089	1181	0	11.940395	0	7	7	0.717990	1.191677	3.732973	6.297755	0.256737	0
conventional	ce2090	1182	0	26.403705	0	14	7	0.265243	3.191958	12.294090	10.652414	2.768714	0
conventional	ce2091	1183	0.714970	26.816540	1	14	7	4.637614	0.652754	11.729253	9.796919	1.819892	0
conventional	ce2092	1184	0.171403	33.449587	1	14	7	1.523269	1.614552	19.277128	11.034638	2.559186	0
conventional	ce2093	1184	0.543729	4.138455	2	8	7	0.132109	0.574746	2.429056	1.002544	1.601007	0
conventional	ce2094	1185	0	16.147438	0	7	7	1.868101	0.983557	7.815601	5.480179	0	0
conventional	ce2095	1185	0	5.502524	0	7	7	1.738298	0.554994	1.737765	1.471467	0	0
conventional	ce2096	1185	0	11.170078	0	13	7	1.866325	0.376772	5.315998	3.610983	0	0
conventional	ce2097	1186	0.739130	8.807458	1	7	7	0.515729	1.109623	3.154853	4.027253	0	0
conventional	ce2098	1186	1.026401	5.204249	2	8	7	0.215622	0.893645	3.338021	0.756961	2.721820	0
conventional	ce2099	1187	0	2.775091	0	6	7	0.424512	0.030419	1.178153	1.142007	0	0
conventional	ce2100	1189	0	6.234307	0	7	7	0.288416	0.345560	4.646156	0.954175	2.615610	0
conventional	ce2101	1189	0	0	0	0	7	0	0	0	0	0	0
conventional	ce2102	1190	0	10.831506	0	13	7	1.584679	0.350867	5.223930	3.672030	0	0
conventional	ce2103	1190	0.345740	3.541188	1	7	7	0.644367	0.330091	1.321126	1.245604	0	0
conventional	ce2104	1191	0.266159	4.221774	1	14	7	0.308898	0.230375	2.856204	0.826297	2.538876	0
conventional	ce2105	1191	0	4.228153	0	7	7	0.424512	0.081989	1.178153	2.543499	0	0
conventional	ce2106	1191	1.428384	4.127685	1	1	7	0	0	0	4.127685	3.610443	0
conventional	ce2107	1192	0	10.183041	0	13	7	1.597398	0.198708	4.766155	3.620780	0	0
conventional	ce2108	1192	0	14.199410	0	7	7	1.381429	1.152626	9.400239	2.265116	0	0
conventional	ce2109	1193	0	6.545839	0	7	7	0.101414	1.097512	4.334043	1.012870	0	0
conventional	ce2110	1195	0	7.625180	0	7	7	0.122279	0.650690	3.264090	3.588121	0	0
conventional	ce2111	1195	0	4.024527	0	7	7	0.591851	0.143131	2.495458	0.794087	0	0
conventional	ce2112	1196	0	6.511031	0	13	7	0.871603	0.328851	3.727338	1.583239	0	0
conventional	ce2113	1196	0	12.080093	0	13	7	1.827332	1.625504	6.763536	1.863721	0	0
conventional	ce2114	1197	0	20.398087	0	7	7	0.871976	2.164034	13.674774	3.687303	0	0
conventional	ce2115	1197	0	11.042139	0	12	7	0.042338	0.149621	4.886900	5.963280	2.099852	0
conventional	ce2116	1198	0	18.067850	0	7	7	1.701900	1.661488	8.251043	6.453419	0	0
conventional	ce2117	1198	0	10.111057	0	7	7	1.972382	1.469776	4.531652	2.137247	0	0
conventional	ce2118	1199	0	0	0	0	7	0	0	0	0	0	0
