season	population	alive	births	deaths	mean_lifetime_score	best_lifetime_score	mean_age	max_age
0	holistic	60	1	1	0.027769905694794497	1.7575084795020552	29.85	57
0	conventional	60	0	0	0.30420808846960334	5.535179236124892	28.366666666666667	59
1	holistic	60	0	0	0.03525036982929202	1.3535832749889132	30.85	58
1	conventional	60	1	1	0.20679630504474658	4.031974359193031	28.366666666666667	59
2	holistic	60	0	0	0.054886017296547074	1.4291411604120998	31.85	59
2	conventional	60	5	5	0.3928622712002748	3.539807215692432	26.55	59
3	holistic	60	2	2	0.05760121303206421	1.755933374995437	30.85	57
3	conventional	60	7	7	0.34143785656899805	2.5261025888371806	23.766666666666666	59
4	holistic	60	0	0	0.038629038992842854	1.3557009863521081	31.85	58
4	conventional	60	9	9	0.36228584980246137	2.437415893344094	22.166666666666668	57
5	holistic	60	0	0	0.08705984208413756	1.3384676086816862	32.85	59
5	conventional	60	3	3	0.5166024448788121	2.4318197127827705	22.983333333333334	58
6	holistic	60	1	1	0.0808353366334078	1.1300844270959352	32.85	59
6	conventional	60	5	5	0.4771886021552121	1.664696655840664	22.233333333333334	59
7	holistic	60	5	5	0.07926448059048727	1.130560365750335	28.85	59
7	conventional	60	7	7	0.5544818308956166	3.2881217934209377	20.283333333333335	59
8	holistic	60	3	3	0.112639158355779	1.7241627695997015	27.533333333333335	58
8	conventional	60	5	5	0.6877995706660982	6.533980923140314	20.183333333333334	58
9	holistic	60	0	0	0.13996902183291093	1.9171321124614276	28.533333333333335	59
9	conventional	60	1	1	0.6252276927335029	4.008016393195893	20.633333333333333	59
10	holistic	60	5	5	0.11986733899797036	1.1195545787534764	26.3	59
10	conventional	60	9	9	0.5392417764085871	2.843809045756966	17.15	59
11	holistic	24	4	40	0.3061458664632674	1.1734886109863605	13.75	57
11	conventional	60	4	4	0.5628396589268729	3.500762451237801	16.8	56
12	holistic	27	3	0	0.24815390375572063	1.1334671086231756	13.11111111111111	58
12	conventional	60	5	5	0.605321699621152	2.9418763531815193	16.816666666666666	57
13	holistic	32	7	2	0.326816549995652	1.718403442985437	11.75	59
13	conventional	60	2	2	0.6248271742478203	2.435603552669734	16.95	58
14	holistic	31	5	6	0.41079301757849657	1.762193349147267	8.612903225806452	51
14	conventional	60	3	3	0.6287123325569027	2.5185703814903326	17.833333333333332	59
15	holistic	35	9	5	0.541109860141218	2.701148773015553	5.885714285714286	52
15	conventional	60	5	5	0.6481192195831024	2.520511637888995	17.416666666666668	59
16	holistic	38	5	2	0.461802512311759	1.8803097132071036	6.026315789473684	53
16	conventional	60	3	3	0.5847157644614287	2.300349093820173	17.233333333333334	58
17	holistic	48	10	0	0.5300635179105031	2.8768997965230803	5.5625	54
17	conventional	60	5	5	0.7284383388487974	3.514953059043593	17.516666666666666	59
18	holistic	60	12	0	0.5423269433745443	2.6303616315311573	5.25	55
18	conventional	60	5	5	0.6715751309916301	2.616543689136778	17.333333333333332	59
19	holistic	60	3	3	0.7838158244393794	4.803884365166253	6.083333333333333	56
19	conventional	60	3	3	0.6249576514960017	2.359917903098648	17.283333333333335	57
20	holistic	60	2	2	0.882845077056712	3.802902598361201	6.966666666666667	57
20	conventional	60	1	1	0.8420784677868629	5.346737344252016	18.133333333333333	58
21	holistic	60	2	2	0.8759388592393	2.971664207420199	7.833333333333333	58
21	conventional	60	4	4	0.8216337668115569	3.4011906757583477	18.566666666666666	59
22	holistic	60	3	3	0.9079983151378462	3.756963225590779	8.566666666666666	59
22	conventional	60	1	1	0.7420958092573137	2.4056916047168793	18.566666666666666	55
23	holistic	60	4	4	0.8120556905566417	1.7788703678895699	8.3	58
23	conventional	60	0	0	0.6617295333648191	1.9042051413690413	19.566666666666666	56
24	holistic	60	1	1	0.9850324571439653	3.734893043751939	9.15	59
24	conventional	60	6	6	0.6468072625360891	1.9598584044248717	19.966666666666665	57
25	holistic	60	2	2	0.9373928976885689	2.7823361324550073	8.95	25
25	conventional	60	0	0	0.7030538512012056	2.650805789046653	20.966666666666665	58
26	holistic	60	1	1	0.9629467685478534	2.228283236724279	9.783333333333333	26
26	conventional	60	4	4	0.6754401106804551	1.7897673631215476	20.833333333333332	57
27	holistic	60	0	0	0.9514326600746267	2.0959633815842107	10.783333333333333	27
27	conventional	60	1	1	0.679891305245645	1.6748417693102582	21.666666666666668	58
28	holistic	60	0	0	0.9257717275891868	2.3022047461594717	11.783333333333333	28
28	conventional	60	1	1	0.64359200123496	1.7167023880496861	22.633333333333333	59
29	holistic	60	0	0	0.9409878470013371	2.574361180512455	12.783333333333333	29
29	conventional	60	3	3	0.6618104109207572	1.64683292859743	22.566666666666666	57
30	holistic	60	1	1	0.9424466598518443	2.3844729456843834	13.683333333333334	30
30	conventional	60	3	3	0.6390264238859334	1.5285078444711353	23.1	58
31	holistic	60	0	0	0.9335759756440984	2.3778316522421985	14.683333333333334	31
31	conventional	60	4	4	0.6688626288334596	1.569512778629312	23.0	59
32	holistic	60	0	0	0.9394284976031008	2.1581975714558523	15.683333333333334	32
32	conventional	60	2	2	0.665378129174976	3.4703825886965354	22.95	59
33	holistic	60	1	1	0.9831725007104969	2.2348117484822807	16.55	33
33	conventional	60	3	3	0.6754847496496919	2.470674630526366	22.883333333333333	57
34	holistic	60	0	0	1.0219819595669883	2.678387234624202	17.55	34
34	conventional	60	2	2	0.6654184968562379	2.4748969181223726	23.766666666666666	58
35	holistic	60	0	0	0.9668318361655593	2.0068962809027937	18.55	35
35	conventional	60	2	2	0.6392133428329363	1.5472452252943	24.416666666666668	59
36	holistic	60	0	0	0.9683784830887875	2.023455939377584	19.55	36
36	conventional	60	2	2	0.6418664650496383	1.5458100287438203	24.383333333333333	58
37	holistic	60	0	0	0.953810569088133	2.1410403279929278	20.55	37
37	conventional	60	4	4	0.6681284192162482	1.5073040969672495	24.766666666666666	59
38	holistic	60	0	0	0.9459498165237163	2.3007876368744737	21.55	38
38	conventional	60	4	4	0.6383117470437649	1.860668304973828	22.666666666666668	58
39	holistic	60	0	0	0.936722309869966	2.1762082669592973	22.55	39
39	conventional	60	2	2	0.6844072953369317	2.460641843682875	23.05	59
40	holistic	60	0	0	0.9449522381795872	2.218764336311091	23.55	40
40	conventional	60	3	3	0.6887958437987065	2.0335290700350526	22.916666666666668	59
41	holistic	60	0	0	0.9437254191424799	2.2576997920768953	24.55	41
41	conventional	60	3	3	0.6741482713505337	1.7123984227343074	22.816666666666666	58
42	holistic	60	0	0	0.9373375867013797	2.2592029138264347	25.55	42
42	conventional	60	4	4	0.7238226413489426	1.9068864370649186	22.25	59
43	holistic	60	0	0	0.9411953595893008	2.2606757875144314	26.55	43
43	conventional	60	2	2	0.7117876545077348	2.25883560472833	22.233333333333334	47
44	holistic	60	1	1	0.9329466974491275	2.2619967697557253	27.133333333333333	44
44	conventional	60	2	2	0.6961725086409525	1.7356785989346308	23.083333333333332	48
45	holistic	60	0	0	0.9349920668553767	2.1585820377320446	28.133333333333333	45
45	conventional	60	1	1	0.6703554791668181	1.5470280696778722	24.016666666666666	49
46	holistic	60	1	1	0.9538048205709143	2.121604767919918	29.1	46
46	conventional	60	3	3	0.7190401220559028	1.6477426027645596	24.75	50
47	holistic	60	0	0	0.9586841405468295	2.093172641283248	30.1	47
47	conventional	60	1	1	0.8111018943475058	3.3944626678160548	25.733333333333334	51
48	holistic	60	0	0	0.9606332497983439	2.1000248182448207	31.1	48
48	conventional	60	1	1	0.7727503428861132	2.465928540663519	26.633333333333333	52
49	holistic	60	0	0	0.9486071009559035	2.00992734396825	32.1	49
49	conventional	60	0	0	0.7955141010129891	1.724440721231912	27.633333333333333	53
50	holistic	60	0	0	0.955358962560413	2.048037075075505	33.1	50
50	conventional	60	1	1	0.7576036438258898	1.8316018989926008	28.5	54
51	holistic	60	0	0	0.9452468907664298	2.113269713597782	34.1	51
51	conventional	60	0	0	0.7319982749434943	1.4657974837122703	29.5	55
52	holistic	60	0	0	0.9582917890597391	2.1075995530986655	35.1	52
52	conventional	60	1	1	0.749357054665231	1.4873545902791163	29.766666666666666	56
53	holistic	60	0	0	0.9638286215250947	2.1022244320478007	36.1	53
53	conventional	60	0	0	0.8184244469046836	4.584084512312066	30.766666666666666	57
54	holistic	60	0	0	0.9589880765596066	2.0347128852166234	37.1	54
54	conventional	60	0	0	0.7761113656207039	2.57383509513066	31.766666666666666	58
55	holistic	60	0	0	0.9692289947972426	2.031955217374069	38.1	55
55	conventional	60	0	0	0.7450846299703682	1.5800275265093873	32.766666666666666	59
56	holistic	60	0	0	0.9711424298461346	2.029228253761479	39.1	56
56	conventional	60	1	1	0.7475698192434357	1.449877272777585	32.766666666666666	58
57	holistic	60	0	0	0.965126972676703	1.9696072519418408	40.1	57
57	conventional	60	0	0	0.739942105558652	1.46606438045925	33.766666666666666	59
58	holistic	60	0	0	0.9657949352362809	1.913214785963743	41.1	58
58	conventional	60	1	1	0.7168410031056079	1.4016310859772538	33.766666666666666	59
59	holistic	60	0	0	0.9638326340338509	1.8869412100057577	42.1	59
59	conventional	60	1	1	0.7511973700278082	2.3302870644631684	33.766666666666666	57
60	holistic	60	1	1	0.9516652013363014	1.8356529125381673	42.1	57
60	conventional	60	1	1	0.7246278488111338	1.4773067845339065	34.43333333333333	58
61	holistic	60	0	0	0.9482769366675956	1.8384360770799673	43.1	58
61	conventional	60	0	0	0.7273337767617878	1.3358986309491787	35.43333333333333	59
62	holistic	60	0	0	0.9521412703282225	1.8160049908954718	44.1	59
62	conventional	60	3	3	0.6960675479769323	1.3442206111692339	34.38333333333333	59
63	holistic	60	2	2	0.9567825995280015	1.8161219296743043	43.1	56
63	conventional	60	2	2	0.730934539864628	1.467759312571554	33.38333333333333	59
64	holistic	60	0	0	0.9354384995218308	1.7982963000023449	44.1	57
64	conventional	60	4	4	0.6827018254977417	1.4812248481672923	31.366666666666667	59
65	holistic	60	0	0	0.9244625208942636	1.8016608673301695	45.1	58
65	conventional	60	1	1	0.7483274666748194	3.538180125183223	31.366666666666667	59
66	holistic	60	0	0	0.9306828424034385	1.8502985428403504	46.1	59
66	conventional	60	4	4	0.757609937607914	5.0652835444273405	30.266666666666666	59
67	holistic	60	1	1	0.9275256093074941	1.830093499042195	46.1	59
67	conventional	60	2	2	0.7813902108987868	3.3050108440291814	29.266666666666666	59
68	holistic	60	1	1	0.9144065338276403	1.8107971897153718	46.1	58
68	conventional	60	2	2	0.7401565890380467	2.7109157572617324	29.25	58
69	holistic	60	0	0	0.9373645833002883	1.813579693130109	47.1	59
69	conventional	60	1	1	0.7166193437342863	2.0630393388468375	30.216666666666665	59
70	holistic	60	2	2	0.910425797780017	1.7744940441792207	46.1	59
70	conventional	60	8	8	0.6422991267663978	1.813192290416496	26.033333333333335	59
71	holistic	60	2	2	0.9389771405585486	1.8187481017255105	45.1	59
71	conventional	60	3	3	0.6675443591875768	1.9213457131913398	25.05	57
72	holistic	60	1	1	0.9323678070391497	1.861199416213458	45.1	59
72	conventional	60	3	3	0.6418883042134743	1.6012391543094666	25.933333333333334	58
73	holistic	60	6	6	0.84438987242419	1.8235368999206716	40.1	59
73	conventional	60	5	5	0.7164412608347099	1.4780093809188408	26.75	59
74	holistic	60	3	3	0.8907276196990918	3.778483236330182	38.1	59
74	conventional	60	5	5	0.6564973503528352	2.3163330728806386	24.633333333333333	59
75	holistic	60	6	6	0.7575717582181715	1.846825857520213	33.1	59
75	conventional	60	4	4	0.6879707106557317	1.5856084691537071	24.45	59
76	holistic	60	3	3	0.7963999768947919	1.8115392647053212	31.1	59
76	conventional	60	4	4	0.7070399044694883	2.5746162877862844	24.333333333333332	58
77	holistic	60	8	8	0.7574739849161336	2.166484484630216	25.966666666666665	59
77	conventional	60	2	2	0.7735679582576405	3.3231356791557207	25.3	59
78	holistic	60	11	11	0.6475433183065271	1.8912447540987392	16.9	59
78	conventional	60	2	2	0.7543061771989409	1.8017197860030945	25.25	59
79	holistic	60	5	5	0.708115706716472	2.7359913482573677	16.65	59
79	conventional	60	5	5	0.694912384625861	1.376809028517231	23.083333333333332	59
80	holistic	60	2	2	0.6781779073282415	1.785935573481969	16.583333333333332	59
80	conventional	60	2	2	0.7569736011128084	3.3009420242755456	23.05	56
81	holistic	60	6	6	0.7133314972071053	2.8079054901921747	15.283333333333333	59
81	conventional	60	2	2	0.7277701846750496	2.6979937118625408	23.983333333333334	57
82	holistic	60	6	6	0.7815302958925013	5.952136733590512	13.083333333333334	59
82	conventional	60	2	2	0.7846933122921621	3.445355669308392	24.183333333333334	58
83	holistic	60	6	6	0.8163378193213493	4.789014391303858	9.916666666666666	58
83	conventional	60	2	2	0.7845779388105182	3.2690980727771235	25.016666666666666	59
84	holistic	60	0	0	0.8253961366864773	3.2830290648168274	10.916666666666666	59
84	conventional	60	4	4	0.7206939563911947	1.8289189523577118	22.983333333333334	58
85	holistic	60	4	4	0.7981685502308679	2.705794304848485	10.55	59
85	conventional	60	1	1	0.7276519084377572	1.8525950804724065	23.8	59
86	holistic	60	4	4	0.8113757464607758	3.4279715639379322	10.366666666666667	56
86	conventional	60	2	2	0.7438948967491006	1.6840938627732955	23.583333333333332	56
87	holistic	60	2	2	0.7873220758295576	3.583661397243104	11.233333333333333	57
87	conventional	60	1	1	0.6867558894227024	1.4828392674597293	24.35	57
88	holistic	60	1	1	0.831287373637359	3.284761629675575	12.066666666666666	58
88	conventional	60	2	2	0.8216108177759911	6.535480710128417	25.25	58
89	holistic	60	2	2	0.8618269769267024	2.9283291017052115	12.933333333333334	59
89	conventional	60	3	3	0.7953771122611379	3.015748669089688	25.716666666666665	59
90	holistic	60	5	5	0.8506478562403404	2.7847691401256123	12.566666666666666	57
90	conventional	60	3	3	0.7523160625658721	1.876305872838338	25.533333333333335	59
91	holistic	60	0	0	0.839365521321095	2.561914422691262	13.566666666666666	58
91	conventional	60	3	3	0.7387288093596879	1.5052097383419147	25.383333333333333	58
92	holistic	60	1	1	0.8781687475768639	2.684764675342149	14.5	59
92	conventional	60	0	0	0.7541635367712411	1.5181772111785303	26.383333333333333	59
93	holistic	60	4	4	0.8595850954611047	2.785915026382184	14.333333333333334	47
93	conventional	60	4	4	0.7106144359185765	3.024822093781878	24.316666666666666	58
94	holistic	60	1	1	0.8793370919536251	2.5363750146673314	15.266666666666667	48
94	conventional	60	1	1	0.826841455013226	5.604670543535848	25.3	59
95	holistic	60	2	2	0.8675874187658855	2.517038665242877	15.9	49
95	conventional	60	1	1	0.7675651799006779	3.1096322825544394	25.3	58
96	holistic	60	0	0	0.9386783868498784	3.283314809021644	16.9	50
96	conventional	60	0	0	0.7601534481690312	3.3186398560715293	26.3	59
97	holistic	60	2	2	0.9186662741666941	2.3364716208485588	17.766666666666666	51
97	conventional	60	2	2	0.7873268241378072	2.9829229147203917	26.183333333333334	59
98	holistic	60	0	0	0.9107038489274146	2.1645109492488164	18.766666666666666	52
98	conventional	60	2	2	0.7398278276770153	2.316680406269311	26.05	59
99	holistic	60	1	1	0.898922582522965	2.0767158026591654	19.6	53
99	conventional	60	3	3	0.6982586191237627	2.3500005892770353	25.633333333333333	59
100	holistic	60	0	0	0.9236801570087007	1.9403438284391707	20.6	54
100	conventional	60	2	2	0.7651845423359357	3.5508580179795035	25.6	58
101	holistic	60	1	1	0.9248793703627328	1.9862829025276483	21.533333333333335	55
101	conventional	60	0	0	0.7588931249018851	3.0515645524667088	26.6	59
102	holistic	60	0	0	0.9255466475919062	1.974954934466358	22.533333333333335	56
102	conventional	60	4	4	0.7418116893514315	3.220157032813025	26.066666666666666	59
103	holistic	60	0	0	0.9215640385323906	1.9150913003393595	23.533333333333335	57
103	conventional	60	3	3	0.7194852203865578	2.5567273355717286	25.983333333333334	59
104	holistic	60	0	0	0.9253832105868864	2.058717480288468	24.533333333333335	58
104	conventional	60	3	3	0.6724091462440341	1.9515469257529952	24.95	59
105	holistic	60	1	1	0.9382933392431937	2.0034736753800564	25.466666666666665	59
105	conventional	60	3	3	0.6807242656889245	1.8841669197867603	24.516666666666666	59
106	holistic	60	1	1	0.9037649323375827	1.982088058737844	25.466666666666665	46
106	conventional	60	4	4	0.7017060001864465	2.3727174782401894	23.4	59
107	holistic	60	0	0	0.9046988820088931	1.9057696467853265	26.466666666666665	47
107	conventional	60	3	3	0.6811000714122362	1.8640182668980128	23.2	59
108	holistic	60	0	0	0.9016860554237488	1.824331103684076	27.466666666666665	48
108	conventional	60	3	3	0.6807706985103633	1.6698892343024834	23.133333333333333	58
109	holistic	60	1	1	0.8942583914677261	1.8409620151397024	28.4	49
109	conventional	60	2	2	0.7013385403721423	1.7181383648747854	23.3	59
110	holistic	60	0	0	0.9049878932998434	1.8008433485800748	29.4	50
110	conventional	60	4	4	0.7553634485985875	2.577399191107884	22.75	58
111	holistic	60	0	0	0.9039422947150387	1.7442826926027433	30.4	51
111	conventional	60	0	0	0.8354676679230127	3.0835759426943197	23.75	59
112	holistic	60	0	0	0.9429997978969837	1.7394118811572472	31.4	52
112	conventional	60	3	3	0.7974450519899506	2.6005757637760047	23.133333333333333	56
113	holistic	60	0	0	0.944638189529984	1.7709792127382236	32.4	53
113	conventional	60	1	1	0.8351345492290622	1.8538499482638355	24.0	57
114	holistic	60	0	0	0.9370377586931207	1.7483191231632575	33.4	54
114	conventional	60	1	1	0.7648392812777309	1.613379330231842	24.883333333333333	58
115	holistic	60	0	0	0.9334270245877068	1.7293874306012764	34.4	55
115	conventional	60	1	1	0.8241989559113608	2.854280483106532	25.85	59
116	holistic	60	0	0	0.926218012413938	1.684669599919581	35.4	56
116	conventional	60	1	1	0.8181997895990711	2.300067580923222	25.85	58
117	holistic	60	0	0	0.9251407317443431	1.6454217124109087	36.4	57
117	conventional	60	0	0	0.7810933297276258	1.5453558213218148	26.85	59
118	holistic	60	0	0	0.916938960404475	1.6775195695394072	37.4	58
118	conventional	60	2	2	0.748024635586493	1.4530935328724188	26.816666666666666	56
119	holistic	60	0	0	0.922617319807596	1.7068718218603136	38.4	59
119	conventional	60	0	0	0.7764916484533918	1.4030752293994837	27.816666666666666	57
120	holistic	60	1	1	0.8968925206080135	1.6815877060432425	38.4	57
120	conventional	60	0	0	0.7891301933791011	2.6261949687906796	28.816666666666666	58
121	holistic	60	0	0	0.9246165754039583	1.7091584532917652	39.4	58
121	conventional	60	1	1	0.7653912495070503	2.962696978888882	29.55	59
122	holistic	60	0	0	0.9284734063067263	1.668799920641323	40.4	59
122	conventional	60	2	2	0.7835836167791589	2.52339768475313	29.483333333333334	59
123	holistic	60	2	2	0.8982671739842889	1.6519941140885899	39.4	56
123	conventional	60	1	1	0.7711287860457949	2.6062745126357454	29.483333333333334	59
124	holistic	60	0	0	0.908513615540674	1.6573064419874335	40.4	57
124	conventional	60	3	3	0.725322124209315	2.649458522224016	27.483333333333334	58
125	holistic	60	0	0	0.9213084934185097	1.6414398300149147	41.4	58
125	conventional	60	0	0	0.8320690363174746	4.458357296072425	28.483333333333334	59
126	holistic	60	0	0	0.9108829435414418	1.6057429053915477	42.4	59
126	conventional	60	2	2	0.7415738105682592	2.4932764768628455	27.483333333333334	56
127	holistic	60	1	1	0.8843094046032338	1.5714994445135415	42.4	59
127	conventional	60	0	0	0.701519695998896	1.836626727919044	28.483333333333334	57
128	holistic	60	1	1	0.8902497056653452	1.5385509624950493	42.4	58
128	conventional	60	2	2	0.7222716534500581	1.6627015212609582	29.383333333333333	58
129	holistic	60	0	0	0.9256856278532889	2.036276497760914	43.4	59
129	conventional	60	0	0	0.7512128569112747	1.5218796390179778	30.383333333333333	59
130	holistic	60	2	2	0.9031427379070105	1.8703878002335728	42.4	59
130	conventional	60	6	6	0.6963332908724623	1.5246123542702201	26.033333333333335	58
131	holistic	60	1	1	0.9352536894611546	3.898966728987959	42.4	59
131	conventional	60	1	1	0.7438838529446236	3.5127829920596487	27.016666666666666	59
132	holistic	60	1	1	0.8965615360842055	2.398340764858381	42.4	59
132	conventional	60	1	1	0.7405491761880757	2.013013758646969	27.016666666666666	59
133	holistic	60	3	3	0.876011778038386	1.9004250287560869	40.4	59
133	conventional	60	2	2	0.743832852498066	1.7016834553955562	26.966666666666665	58
134	holistic	60	2	2	0.8472788112894892	1.7235005085997221	40.333333333333336	59
134	conventional	60	0	0	0.7524786144348443	1.617117765938953	27.966666666666665	59
135	holistic	60	5	5	0.7617110655440378	1.7433812023713466	37.266666666666666	59
135	conventional	60	2	2	0.7169163053877398	1.568363995301977	27.883333333333333	57
136	holistic	60	2	2	0.8078728895366918	1.7056401531402987	36.266666666666666	59
136	conventional	60	0	0	0.7981716726564063	1.7008699057694183	28.883333333333333	58
137	holistic	60	5	5	0.786408953812209	1.901203004203666	33.2	59
137	conventional	60	0	0	0.7950817268329324	1.5557920723451226	29.883333333333333	59
138	holistic	60	7	7	0.8619175605257643	3.702234970013906	27.2	59
138	conventional	60	1	1	0.7894349013407732	1.7315162756455018	29.883333333333333	59
139	holistic	60	5	5	0.7828695081708751	1.9511009230989869	25.066666666666666	59
139	conventional	60	1	1	0.8276717809452597	2.4462718735190254	29.883333333333333	57
140	holistic	60	2	2	0.7291619466420769	2.0229951808271487	25.016666666666666	59
140	conventional	60	0	0	0.797149508341078	1.9461637554472784	30.883333333333333	58
141	holistic	60	4	4	0.7122378103351451	2.6576863954846273	22.95	59
141	conventional	60	0	0	0.7946374192055484	1.7735524909873448	31.883333333333333	59
142	holistic	60	6	6	0.6265253348904695	2.144923204365935	19.833333333333332	59
142	conventional	60	3	3	0.8007890124729655	3.4344466245928804	31.683333333333334	59
143	holistic	60	6	6	0.5967508685943584	2.110592698332593	17.633333333333333	58
143	conventional	60	1	1	0.8131183187936074	3.2355985702956978	31.683333333333334	59
144	holistic	60	1	1	0.7370304637130507	2.079802437458582	18.6	59
144	conventional	60	3	3	0.8265987547449363	2.770569478802282	30.65	59
145	holistic	60	4	4	0.7452314061144953	2.0511575455634135	17.466666666666665	59
145	conventional	60	2	2	0.8715726597418756	4.282999946714535	30.616666666666667	59
146	holistic	60	5	5	0.7086433324689764	1.9481413885432248	17.15	59
146	conventional	60	3	3	0.8178912603927516	3.2738372206714192	30.3	59
147	holistic	60	3	3	0.8273248103453479	2.8195269564962975	17.016666666666666	57
147	conventional	60	2	2	0.7919811718633974	2.6068557339735947	30.266666666666666	59
148	holistic	60	2	2	0.8532543856808013	2.821026518613534	17.916666666666668	58
148	conventional	60	3	3	0.7581710309197622	2.0285366343235927	30.133333333333333	59
149	holistic	60	1	1	0.8869332321157927	2.4206206306120004	18.883333333333333	59
149	conventional	60	1	1	0.820410020923605	2.437217396515459	30.133333333333333	59
150	holistic	60	4	4	0.8745236588519617	2.297482087027177	17.75	58
150	conventional	60	2	2	0.8152313734386859	2.121795318981808	30.066666666666666	59
151	holistic	60	1	1	1.0253784287750143	4.655833541273803	18.683333333333334	59
151	conventional	60	3	3	0.7771056758039507	2.2849012233312678	28.066666666666666	58
152	holistic	60	2	2	0.9623918647326746	3.1841250097955607	18.616666666666667	59
152	conventional	60	2	2	0.803959811185862	2.1590828919555842	28.966666666666665	59
153	holistic	60	2	2	0.8696064341366581	2.009560511068958	17.616666666666667	59
153	conventional	60	4	4	0.7371087562207368	2.174627826837249	26.933333333333334	59
154	holistic	60	2	2	0.8558026687833296	2.0456244219213806	17.55	59
154	conventional	60	3	3	0.771701762836451	2.185150142424253	26.766666666666666	59
155	holistic	60	2	2	0.8576638020079871	1.7334807344400385	16.55	58
155	conventional	60	3	3	0.8594256856366165	2.4825151837206323	26.7	57
156	holistic	60	2	2	0.8933591884251879	2.586539527071784	17.416666666666668	59
156	conventional	60	1	1	0.8219549008990951	2.1181561029157683	27.683333333333334	58
157	holistic	60	4	4	0.9172591688967777	3.5918189559438343	17.133333333333333	58
157	conventional	60	0	0	0.8289870190980693	1.90054362281274	28.683333333333334	59
158	holistic	60	0	0	0.9902714823621441	2.547074719812054	18.133333333333333	59
158	conventional	60	1	1	0.8336507883862415	1.7847075764188394	28.683333333333334	59
159	holistic	60	2	2	0.9167295096402402	1.9989146579837913	18.033333333333335	53
159	conventional	60	2	2	0.7720294441065223	1.7507183206663017	28.616666666666667	59
160	holistic	60	1	1	0.9024464724280498	1.9706295106540743	18.966666666666665	54
160	conventional	60	3	3	0.7697769682713624	1.6583069363747762	28.45	58
161	holistic	60	0	0	0.877451885756221	1.7898744718973612	19.966666666666665	55
161	conventional	60	1	1	0.8269850089442323	2.640062405198474	29.416666666666668	59
162	holistic	60	0	0	0.9339252529950681	1.8489862932882617	20.966666666666665	56
162	conventional	60	1	1	0.7960862415536584	1.886231736341919	29.416666666666668	59
163	holistic	60	0	0	0.8984473897996753	1.6339420434163587	21.966666666666665	57
163	conventional	60	3	3	0.7816832380893278	1.7192510640813718	29.316666666666666	59
164	holistic	60	0	0	0.9025816769424871	1.6006648228881928	22.966666666666665	58
164	conventional	60	4	4	0.7215687412178717	1.634898193478185	27.25	58
165	holistic	60	0	0	0.9225679225376994	1.6864529798891184	23.966666666666665	59
165	conventional	60	1	1	0.809086169788459	1.800126287818373	28.233333333333334	59
166	holistic	60	1	1	0.9070796947072703	1.7475810714994369	23.966666666666665	57
166	conventional	60	5	5	0.7431058643899753	1.935992687785771	27.083333333333332	58
167	holistic	60	0	0	0.9432846354227091	1.6896106029946907	24.966666666666665	58
167	conventional	60	0	0	0.8818625257266101	3.5610101007279797	28.083333333333332	59
168	holistic	60	0	0	0.9259404734910152	1.6864776901110268	25.966666666666665	59
168	conventional	60	5	5	0.8400354319290136	3.516643271998028	26.5	59
169	holistic	60	1	1	0.8979320709499827	1.6361098350724799	25.966666666666665	49
169	conventional	60	3	3	0.7544644542718785	2.213564485359721	26.233333333333334	59
170	holistic	60	1	1	0.8892893859282979	1.6148504265734331	26.75	50
170	conventional	60	6	6	0.7493626358772908	2.049249147659563	24.083333333333332	58
171	holistic	60	1	1	0.8745530388460446	1.6799597229216405	27.666666666666668	51
171	conventional	60	3	3	0.785559979847757	2.3356340252257306	24.8	59
172	holistic	60	0	0	0.8629431634195873	1.6793501384267413	28.666666666666668	52
172	conventional	60	6	6	0.8534981036479914	4.311689571557667	22.7	58
173	holistic	60	2	2	0.8706336174564264	1.718200108727609	29.566666666666666	53
173	conventional	60	2	2	0.7860323622972969	2.817957850669631	23.65	59
174	holistic	60	0	0	0.8616276160459916	1.691044309702484	30.566666666666666	54
174	conventional	60	4	4	0.7678527923451768	1.9742415147975276	23.3	59
175	holistic	60	1	1	0.8548043290059514	1.6815734696786966	31.216666666666665	55
175	conventional	60	3	3	0.8572647558814981	4.504435646911568	23.166666666666668	57
176	holistic	60	1	1	0.8864042986572478	1.6704655319250516	32.11666666666667	56
176	conventional	60	1	1	0.7795933986546049	2.0099330238339106	24.05	58
177	holistic	60	1	1	0.9193734685879917	1.9685055803954539	33.05	57
177	conventional	60	3	3	0.7972361338315851	1.845678307633155	24.883333333333333	59
178	holistic	60	0	0	0.9058140125927898	1.6915472155373263	34.05	58
178	conventional	60	3	3	0.7882579446037787	1.6458985851876162	24.8	57
179	holistic	60	0	0	0.903488279225586	1.683327349477512	35.05	59
179	conventional	60	0	0	0.8302541368045745	2.319269760318889	25.8	58
180	holistic	60	1	1	0.8829575292461834	1.6755420901622309	35.05	57
180	conventional	60	1	1	0.8230556036043454	1.5769612787549976	26.766666666666666	59
181	holistic	60	0	0	0.8740708570338086	1.7000217447787587	36.05	58
181	conventional	60	1	1	0.8692068121087341	2.710427902062561	26.766666666666666	59
182	holistic	60	0	0	0.8735774584616164	1.6316893106918953	37.05	59
182	conventional	60	2	2	0.8364209204882898	1.8524771325270206	25.766666666666666	59
183	holistic	60	2	2	0.8537174266336877	1.6854721642251298	36.05	56
183	conventional	60	3	3	0.7938223475914441	1.7552200825548703	25.216666666666665	59
184	holistic	60	1	1	0.928995112919655	3.6231869534599066	36.983333333333334	57
184	conventional	60	3	3	0.8055984726036296	3.520832228382986	24.183333333333334	58
185	holistic	60	0	0	0.961091260852907	2.5917616037071065	37.983333333333334	58
185	conventional	60	0	0	1.0011315521856667	4.698859368385619	25.183333333333334	59
186	holistic	60	0	0	0.9796947937610461	2.60630998261304	38.983333333333334	59
186	conventional	60	1	1	0.9363752938088861	2.8602295780740645	25.183333333333334	58
187	holistic	60	1	1	0.9764337537649013	2.600761472381393	38.983333333333334	59
187	conventional	60	0	0	0.9085910728123342	2.3728731813270882	26.183333333333334	59
188	holistic	60	1	1	0.9744770843319052	2.598973264874224	38.983333333333334	58
188	conventional	60	2	2	0.8651024679363994	1.9862127144170463	26.15	58
189	holistic	60	1	1	0.9629852621026375	2.0958596940861334	39.71666666666667	59
189	conventional	60	0	0	0.877005369017453	1.9039332284311705	27.15	59
190	holistic	60	1	1	0.9342946252140962	1.7422284454564434	39.71666666666667	58
190	conventional	60	3	3	0.8215326629739146	2.037694153210527	25.15	59
191	holistic	60	1	1	0.9361865795453691	1.6805492060705691	40.68333333333333	59
191	conventional	60	1	1	0.8455957664135566	2.328696959991897	25.15	59
192	holistic	60	1	1	0.8853720186889189	1.6356209132975665	40.68333333333333	59
192	conventional	60	3	3	0.7709343959198932	1.6696901234560217	24.983333333333334	59
193	holistic	60	4	4	0.8623234256972633	1.7071222344856314	39.6	59
193	conventional	60	1	1	0.821869876251979	2.417719997240159	24.983333333333334	58
194	holistic	60	2	2	0.9218557742466629	4.185743642882908	38.6	59
194	conventional	60	1	1	0.7565390850045861	1.7997078841000518	25.883333333333333	59
195	holistic	60	4	4	0.8539097950960458	1.7814565600090262	36.56666666666667	59
195	conventional	60	4	4	0.7903471914766065	2.397194400149451	24.783333333333335	57
196	holistic	60	2	2	0.8704898437789318	2.960906574695027	35.56666666666667	59
196	conventional	60	1	1	0.8129788869556231	1.9698538454760441	25.766666666666666	58
197	holistic	60	4	4	0.8308197116049928	1.9611680112789744	33.5	59
197	conventional	60	0	0	0.9116959997115771	3.2593932708214477	26.766666666666666	59
198	holistic	60	6	6	0.9484148177386379	3.775600335461128	29.433333333333334	59
198	conventional	60	1	1	0.8697495377340227	3.759681394834759	26.766666666666666	56
199	holistic	60	4	4	1.1342283217247067	5.734402152155811	29.116666666666667	59
199	conventional	60	0	0	0.8750038282268524	2.2612827770918544	27.766666666666666	57
200	holistic	60	2	2	1.032129014162988	3.5627176777088305	28.116666666666667	59
200	conventional	60	1	1	0.8421110240265471	2.262887666218161	28.3	58
201	holistic	60	2	2	0.9860188684391591	2.564841369019843	27.116666666666667	59
201	conventional	60	0	0	0.8543994492169577	2.060101745499641	29.3	59
202	holistic	60	3	3	0.8926161757246048	2.207658753619312	25.116666666666667	59
202	conventional	60	1	1	0.8275415727999064	1.759789942915435	29.3	58
203	holistic	60	7	7	0.874916628097638	1.975948712245465	22.783333333333335	59
203	conventional	60	0	0	0.8621272859254417	2.5043444442843907	30.3	59
204	holistic	60	2	2	0.9276624089228515	2.20085826329537	22.733333333333334	59
204	conventional	60	3	3	0.7945494201430832	1.7547357146637583	28.3	58
205	holistic	60	5	5	0.8807247899811119	1.817783754783357	21.366666666666667	59
205	conventional	60	2	2	0.8467985914191325	4.470647362866208	29.083333333333332	59
206	holistic	60	2	2	0.997894838791114	2.7200315055521833	20.366666666666667	59
206	conventional	60	2	2	0.8384864502240846	1.9691349960157691	29.05	59
207	holistic	60	5	5	0.9822922416226967	2.7195560255465923	20.1	59
207	conventional	60	1	1	0.8642276859809424	1.6942355487134577	29.05	59
208	holistic	60	2	2	0.8987956663260684	2.348652126457119	19.933333333333334	59
208	conventional	60	2	2	0.7866522366591351	1.7270992695383867	28.05	58
209	holistic	60	3	3	0.8615646834654054	2.8865817924027084	19.833333333333332	59
209	conventional	60	0	0	0.7894990923260309	1.7953578576790175	29.05	59
210	holistic	60	5	5	0.8167635726327735	2.861895434430541	17.216666666666665	59
210	conventional	60	3	3	0.7549081003012397	1.8582513721421137	28.933333333333334	59
211	holistic	60	2	2	0.8523566926971186	3.095003002902721	17.15	57
211	conventional	60	3	3	0.7468994069170802	1.8462366732395468	28.866666666666667	58
212	holistic	60	2	2	0.9048690869955182	2.8307115113924457	18.016666666666666	58
212	conventional	60	1	1	0.7828991920997537	1.8348142543781694	29.833333333333332	59
213	holistic	60	0	0	1.0011020328124796	4.714439991547382	19.016666666666666	59
213	conventional	60	3	3	0.7582064849953023	1.7570610942938265	28.8	59
214	holistic	60	3	3	0.9316755128379915	2.7562804090090878	18.833333333333332	59
214	conventional	60	2	2	0.8254909091259601	2.2899927785569174	28.75	59
215	holistic	60	2	2	0.9688420213136567	3.914728647648562	18.783333333333335	59
215	conventional	60	2	2	0.7863567295477863	1.6786353936437157	28.366666666666667	59
216	holistic	60	3	3	0.9362032367833492	2.756400395205481	18.633333333333333	59
216	conventional	60	3	3	0.7408691525944048	1.6734365325290372	28.133333333333333	56
217	holistic	60	3	3	0.8896419815583063	2.4232714423083883	16.633333333333333	58
217	conventional	60	1	1	0.8205170859100701	2.606513076353115	29.1	57
218	holistic	60	0	0	0.936941795358669	3.8751659553868034	17.633333333333333	59
218	conventional	60	0	0	0.818709320031041	1.7066826110479212	30.1	58
219	holistic	60	2	2	0.9520595940107672	3.376386924316526	16.633333333333333	59
219	conventional	60	0	0	0.903070685690116	2.9661948390459525	31.1	59
220	holistic	60	4	4	0.9336116499639736	2.88104236588774	16.433333333333334	45
220	conventional	60	3	3	0.8962182977615194	2.576189744037265	30.966666666666665	57
221	holistic	60	1	1	0.9067406056288227	2.8797977379251725	17.366666666666667	46
221	conventional	60	0	0	0.904715657929103	2.325230099646552	31.966666666666665	58
222	holistic	60	1	1	0.9370284665493062	2.678744834333265	18.25	47
222	conventional	60	0	0	0.8840819972657215	2.7414157743758163	32.96666666666667	59
223	holistic	60	2	2	0.9594581394760427	2.7124090577979616	18.966666666666665	48
223	conventional	60	1	1	0.8830826060779354	2.3497849494649854	32.96666666666667	59
224	holistic	60	1	1	0.9560319087840704	3.3095191026449777	19.9	49
224	conventional	60	2	2	0.8405149697979967	2.001240336876738	32.95	58
225	holistic	60	1	1	1.0190672537724015	3.134426215228725	20.833333333333332	50
225	conventional	60	0	0	1.0232597528927518	5.2042562048428245	33.95	59
226	holistic	60	2	2	0.9678446518719723	2.771924315439013	21.716666666666665	51
226	conventional	60	5	5	0.8737047104284638	3.708505386619147	30.733333333333334	58
227	holistic	60	0	0	1.0165482807229735	2.8970024738179583	22.716666666666665	52
227	conventional	60	0	0	0.8514528179669498	2.211436669488807	31.733333333333334	59
228	holistic	60	2	2	1.0042232247129599	2.335572851667921	23.266666666666666	53
228	conventional	60	1	1	0.8448631231748137	3.0004056422195733	31.733333333333334	58
229	holistic	60	0	0	1.0629570150798882	2.2985343942965546	24.266666666666666	54
229	conventional	60	0	0	0.8910190002383018	2.562187425410773	32.733333333333334	59
230	holistic	60	1	1	1.0543620852099802	2.574576199805932	25.2	55
230	conventional	60	4	4	0.8558935768835326	2.057069651736927	30.666666666666668	59
231	holistic	60	0	0	1.068732242176053	2.383170400489366	26.2	56
231	conventional	60	2	2	0.8507535179199658	2.8936483868534886	29.666666666666668	59
232	holistic	60	0	0	1.1072990503912927	2.704385136558332	27.2	57
232	conventional	60	3	3	0.8211705430006777	2.806286990351643	28.633333333333333	59
233	holistic	60	0	0	1.0837816180353896	2.3544216797092767	28.2	58
233	conventional	60	4	4	0.7457736417106278	2.356313784514237	27.55	59
234	holistic	60	0	0	1.074392563623796	2.177393648281224	29.2	59
234	conventional	60	5	5	0.7482804617485219	1.879717492455476	26.416666666666668	59
235	holistic	60	1	1	1.0617833556824423	2.2163652765246318	29.2	58
235	conventional	60	3	3	0.778838216853233	1.6874908200393643	26.316666666666666	58
236	holistic	60	0	0	1.0605498432814409	2.1993368403410463	30.2	59
236	conventional	60	0	0	0.81067308936613	2.3237870439252917	27.316666666666666	59
237	holistic	60	1	1	1.0283674964525742	2.1834108164395656	30.2	54
237	conventional	60	4	4	0.8035398158181574	1.659945181603767	25.283333333333335	59
238	holistic	60	0	0	1.0113197660561328	2.0737351998225235	31.2	55
238	conventional	60	3	3	0.8140990671234261	1.6590790758830873	24.2	58
239	holistic	60	0	0	1.0128644845430612	2.0196991312805275	32.2	56
239	conventional	60	2	2	0.7707856757703627	1.5478934248935579	25.1	59
240	holistic	60	0	0	0.997917863170115	2.013615169132613	33.2	57
240	conventional	60	1	1	0.7377807283939969	1.5462404205024858	25.1	58
241	holistic	60	0	0	0.9974829667745726	2.0078806593502834	34.2	58
241	conventional	60	2	2	0.7598651586706193	1.5212677404499342	26.016666666666666	59
242	holistic	60	0	0	1.0029653071733413	1.9227465864588607	35.2	59
242	conventional	60	2	2	0.7454182784199389	1.775982078372061	26.0	59
243	holistic	60	2	2	0.9663104723167762	1.8445868266912113	34.2	59
243	conventional	60	6	6	0.7140813283318017	1.5309179620805016	23.8	59
244	holistic	60	1	1	0.9602151089253418	1.8112563109590742	34.2	56
244	conventional	60	4	4	0.8859210578864706	4.461415444548591	22.65	56
245	holistic	60	1	1	0.9830412870396162	2.733538143908595	35.03333333333333	57
245	conventional	60	1	1	0.9355343798467486	3.6483162135374982	23.616666666666667	57
246	holistic	60	0	0	0.9864645089694423	1.7396978318680527	36.03333333333333	58
246	conventional	60	2	2	0.9191531904306369	3.4723705899111583	24.5	58
247	holistic	60	1	1	0.9830077501061285	1.6975117977989505	36.96666666666667	59
247	conventional	60	0	0	0.8908280003879043	3.630584142047222	25.5	59
248	holistic	60	1	1	0.9807412438500166	1.6823063622234187	36.96666666666667	56
248	conventional	60	1	1	0.8936889117146755	3.064232987547095	25.5	58
249	holistic	60	0	0	1.0056537736377302	2.1246549308770195	37.96666666666667	57
249	conventional	60	0	0	0.914445219745973	2.634791375319368	26.5	59
250	holistic	60	1	1	0.9933468274290644	1.7443295322064516	38.93333333333333	58
250	conventional	60	2	2	0.8649831773647865	2.4710630723175635	25.5	58
251	holistic	60	0	0	1.0037536313196818	1.67893332447655	39.93333333333333	59
251	conventional	60	0	0	0.8742405609751672	2.580199883254365	26.5	59
252	holistic	60	1	1	0.9925000676718774	1.799100080087272	39.93333333333333	59
252	conventional	60	2	2	0.8618920217215067	2.0787658084053042	25.5	58
253	holistic	60	2	2	0.9712544906559946	1.7649965767314686	38.93333333333333	58
253	conventional	60	0	0	0.933860349726772	3.390628504493825	26.5	59
254	holistic	60	0	0	0.9799009847335011	1.895394868429613	39.93333333333333	59
254	conventional	60	1	1	0.8591924992447583	1.8971838156160858	26.5	59
255	holistic	60	3	3	0.9769193857063831	1.8931168396210798	38.9	59
255	conventional	60	2	2	0.8347138955336785	1.6388226696905794	25.5	59
256	holistic	60	2	2	0.938592253157316	1.620091405816364	38.833333333333336	59
256	conventional	60	2	2	0.845985854662373	3.4239131526947353	25.433333333333334	58
257	holistic	60	5	5	0.8714187216946421	1.6313709812863608	35.71666666666667	59
257	conventional	60	0	0	0.8389138906563616	2.449838399450778	26.433333333333334	59
258	holistic	60	4	4	0.9378465272443731	1.9766951364082246	32.71666666666667	59
258	conventional	60	1	1	0.8417877668995166	1.9631956178177743	26.433333333333334	58
259	holistic	60	3	3	0.9400629137536131	1.5849069652255208	32.583333333333336	59
259	conventional	60	0	0	0.9074532865067582	2.4460656354770625	27.433333333333334	59
260	holistic	60	2	2	0.876698633052866	1.7094300560681672	31.583333333333332	58
260	conventional	60	1	1	0.8618641361580417	2.6916347391512163	27.433333333333334	56
261	holistic	60	2	2	0.873237668095325	1.5649641514435182	32.483333333333334	59
261	conventional	60	1	1	0.852015674412072	2.839058031610945	28.15	57
262	holistic	60	5	5	0.9244862190518719	1.8780056790131627	30.35	59
262	conventional	60	0	0	0.8486355824913727	2.2731765035492733	29.15	58
263	holistic	60	4	4	0.966011492811446	2.878553357090195	28.283333333333335	59
263	conventional	60	1	1	0.8425660473878142	1.8688885485164737	29.366666666666667	59
264	holistic	60	1	1	1.0071869677123286	2.5639134727495874	28.283333333333335	59
264	conventional	60	3	3	0.7902793964827667	1.6884043861586635	27.916666666666668	59
265	holistic	60	6	6	0.9255766713884138	2.3811423147402584	25.05	59
265	conventional	60	2	2	0.7912278984562727	1.5208189418727123	27.883333333333333	59
266	holistic	60	2	2	1.0114440062926464	3.939658231288387	24.05	59
266	conventional	60	2	2	0.7578458481634646	2.2194536992550717	26.883333333333333	56
267	holistic	60	2	2	1.0622333544864895	4.930646192399617	23.983333333333334	58
267	conventional	60	1	1	0.8385540263863276	2.2226443934199698	27.833333333333332	57
268	holistic	60	0	0	0.9929641188155042	3.9326654785641355	24.983333333333334	59
268	conventional	60	1	1	0.858158337718226	3.372061213691193	28.766666666666666	58
269	holistic	60	4	4	0.9456508091978809	3.431544820558787	23.85	59
269	conventional	60	0	0	0.9039389006320827	3.2192236245241572	29.766666666666666	59
270	holistic	60	4	4	0.932782753207761	3.3298685270917128	21.783333333333335	59
270	conventional	60	2	2	0.883820168503511	3.336656262914113	29.716666666666665	58
271	holistic	60	2	2	0.9401289498930707	3.096604565514513	20.783333333333335	59
271	conventional	60	0	0	0.9102856743023371	3.0043365656163856	30.716666666666665	59
272	holistic	60	2	2	0.9546700792121238	2.931567664060362	20.65	58
272	conventional	60	1	1	0.9281469697427304	2.3386444333275644	30.716666666666665	59
273	holistic	60	2	2	0.9428399663343696	2.5552829774429924	21.533333333333335	59
273	conventional	60	2	2	0.8434032120394989	2.0009385725330486	29.716666666666665	59
274	holistic	60	4	4	0.9494023954728252	2.3763405274308558	20.4	59
274	conventional	60	3	3	0.8879177176942512	3.581178671016293	28.566666666666666	58
275	holistic	60	1	1	0.9336679253194339	2.331297657449253	20.4	58
275	conventional	60	0	0	0.8516283905583393	2.05517549965119	29.566666666666666	59
276	holistic	60	1	1	0.9392784830248625	2.1119601917366064	21.333333333333332	59
276	conventional	60	3	3	0.8189853588674405	1.841206187956049	28.533333333333335	56
277	holistic	60	5	5	0.8836606151631439	2.0142294400142324	20.066666666666666	58
277	conventional	60	1	1	0.8592698000205609	2.135689965803081	29.466666666666665	57
278	holistic	60	2	2	0.918735728318867	1.853324460155651	20.95	59
278	conventional	60	0	0	0.8543689346217991	1.988145858646107	30.466666666666665	58
279	holistic	60	2	2	0.9496548751228315	2.7129027022573853	20.816666666666666	59
279	conventional	60	2	2	0.8500604949545	1.6159403689493637	30.65	59
280	holistic	60	4	4	0.8792314635651723	1.7847317563399854	18.75	57
280	conventional	60	3	3	0.8182390440541382	1.7412491778362473	28.65	56
281	holistic	60	2	2	1.0504871736490033	4.885501369336313	19.566666666666666	58
281	conventional	60	1	1	0.8351165280748922	2.261836706256002	29.633333333333333	57
282	holistic	60	0	0	1.036949666101545	3.8807239261882964	20.566666666666666	59
282	conventional	60	0	0	0.8597345812757485	1.767652533614558	30.633333333333333	58
283	holistic	60	2	2	1.014525184469804	3.885775545002518	20.5	59
283	conventional	60	0	0	0.8618404242694581	2.516991165319267	31.633333333333333	59
284	holistic	60	2	2	0.9846551334309095	2.887332924428695	20.433333333333334	58
284	conventional	60	3	3	0.7905315669978737	1.9625950059531418	30.583333333333332	58
285	holistic	60	2	2	1.0041473968793009	2.4867786730758095	21.333333333333332	59
285	conventional	60	2	2	0.8224767918417686	2.752982112538341	31.25	59
286	holistic	60	1	1	0.9984973008694886	2.8868852931276408	21.333333333333332	58
286	conventional	60	4	4	0.8348639541951376	2.4546865405802043	28.25	58
287	holistic	60	0	0	1.0427822294968336	3.630694608854815	22.333333333333332	59
287	conventional	60	0	0	0.7972386072608028	2.120744307695536	29.25	59
288	holistic	60	3	3	0.9927324492474412	2.6428319339054096	21.2	58
288	conventional	60	3	3	0.8073752333008307	3.8596072913627695	29.15	57
289	holistic	60	1	1	0.9872823610266868	2.3303781266960346	22.133333333333333	59
289	conventional	60	3	3	0.7970516097466754	4.026414413039766	30.033333333333335	58
290	holistic	60	2	2	0.9394005762195236	2.1858988005318882	22.016666666666666	53
290	conventional	60	3	3	0.791291910796428	3.114450652588553	30.666666666666668	59
291	holistic	60	0	0	0.9778771059741913	2.8842730825650484	23.016666666666666	54
291	conventional	60	4	4	0.8104491543189389	2.7643968015356473	30.383333333333333	59
292	holistic	60	2	2	0.9662917393290196	1.8871729796850847	23.7	55
292	conventional	60	2	2	1.067646253540971	7.495166304904082	30.35	59
293	holistic	60	1	1	0.9515892772357508	1.733322015157242	24.633333333333333	56
293	conventional	60	4	4	0.9853330418411538	3.9921459535613266	29.183333333333334	59
294	holistic	60	0	0	1.034435646046289	1.854226871761237	25.633333333333333	57
294	conventional	60	3	3	0.9649012971951364	2.7268238537864127	27.183333333333334	59
295	holistic	60	0	0	1.0097458568318887	2.0200328676703347	26.633333333333333	58
295	conventional	60	2	2	0.9091824495647707	2.650357605912047	26.183333333333334	58
296	holistic	60	0	0	1.0160246673488575	1.8866917846486015	27.633333333333333	59
296	conventional	60	2	2	0.9488951125616185	2.399407442604571	27.133333333333333	59
297	holistic	60	1	1	0.9873369139088204	2.004114303261831	27.633333333333333	54
297	conventional	60	2	2	0.9378335476213445	2.23179038552318	26.133333333333333	56
298	holistic	60	0	0	1.0395569751335192	2.8126862556555543	28.633333333333333	55
298	conventional	60	2	2	0.9395571851795207	2.2089193218754017	26.916666666666668	57
299	holistic	60	0	0	1.0402353271309746	2.8157165242961364	29.633333333333333	56
299	conventional	60	0	0	0.9360972141764773	3.315944080879418	27.916666666666668	58
300	holistic	60	0	0	1.039544803427772	2.08649604119858	30.633333333333333	57
300	conventional	60	1	1	0.8874162031170193	1.80789789969514	28.85	59
301	holistic	60	0	0	1.0359034417321906	2.0290148297277035	31.633333333333333	58
301	conventional	60	2	2	0.8878819803528086	1.752045575879165	28.8	58
302	holistic	60	0	0	1.0413549687936214	2.022918906491002	32.63333333333333	59
302	conventional	60	0	0	0.8772854436407678	1.6226537831895949	29.8	59
303	holistic	60	1	1	1.0209830977366754	2.016885588732496	32.63333333333333	59
303	conventional	60	6	6	0.8118638614404101	1.5866840374474889	26.533333333333335	59
304	holistic	60	1	1	0.9821723434198921	2.053251120813821	32.63333333333333	59
304	conventional	60	3	3	0.7701675574802671	1.6228455941592643	24.533333333333335	59
305	holistic	60	1	1	0.9784011412679207	2.0471940817877963	32.63333333333333	58
305	conventional	60	3	3	0.9687912199667038	4.334553221245925	24.433333333333334	59
306	holistic	60	0	0	0.9931221069386978	2.040870747771633	33.63333333333333	59
306	conventional	60	3	3	0.9505099683033833	3.3278296518499326	23.416666666666668	58
307	holistic	60	2	2	0.9870129305176432	2.0351705210580984	33.56666666666667	54
307	conventional	60	0	0	0.9246613987953396	2.5525989973514065	24.416666666666668	59
308	holistic	60	0	0	0.9840176876514694	2.0299903890189284	34.56666666666667	55
308	conventional	60	2	2	0.872417430094486	2.2676931838867382	24.383333333333333	58
309	holistic	60	0	0	1.027671068077516	2.4742761648996114	35.56666666666667	56
309	conventional	60	0	0	0.8391551614032949	2.267913257889171	25.383333333333333	59
310	holistic	60	0	0	1.0469189987224128	2.3068512632460454	36.56666666666667	57
310	conventional	60	4	4	0.8721987191216557	1.9836623354525609	24.25	58
311	holistic	60	0	0	1.0433984805794927	2.226221021818039	37.56666666666667	58
311	conventional	60	1	1	0.8968681687059308	2.113312892477115	25.233333333333334	59
312	holistic	60	0	0	1.051684500169005	2.074420615001181	38.56666666666667	59
312	conventional	60	3	3	0.8825855877849856	2.217505379618214	25.133333333333333	58
313	holistic	60	1	1	1.0136016979560292	2.038655738001634	38.56666666666667	58
313	conventional	60	0	0	0.8849531495787419	1.7529673650566138	26.133333333333333	59
314	holistic	60	0	0	1.0139975994712311	2.0928951294408624	39.56666666666667	59
314	conventional	60	2	2	0.8691297182736861	2.007080884060778	26.0	59
315	holistic	60	1	1	1.00405124716802	2.0584300881091036	39.56666666666667	59
315	conventional	60	2	2	0.9237630023305826	3.4909119978225567	25.0	59
316	holistic	60	2	2	0.9709962945850342	1.998167382726036	38.56666666666667	59
316	conventional	60	3	3	0.8682885947836791	2.058512892011066	23.933333333333334	58
317	holistic	60	3	3	0.994555433751792	4.74357446816341	36.56666666666667	59
317	conventional	60	2	2	0.8700611914098947	2.4038526879689224	24.8	59
318	holistic	60	2	2	0.9390743599965253	2.737167476649074	35.56666666666667	58
318	conventional	60	3	3	0.8755599123169078	2.7373926427419826	24.566666666666666	58
319	holistic	60	3	3	1.0004288220187476	1.9126682541342153	35.88333333333333	59
319	conventional	60	1	1	0.8552023422034265	1.9018738320820316	25.516666666666666	59
320	holistic	60	2	2	0.9888295254328641	1.9206503854462587	34.88333333333333	59
320	conventional	60	2	2	0.7695517214610067	1.6001545619369586	25.35	59
321	holistic	60	2	2	1.0885430086520629	3.725962292906676	33.88333333333333	59
321	conventional	60	2	2	0.8683651242178256	3.770779521274537	25.3	57
322	holistic	60	5	5	1.006404415970961	2.252538394783927	29.883333333333333	59
322	conventional	60	0	0	0.8779357740890277	1.7701504628146782	26.3	58
323	holistic	60	3	3	1.033250031654569	1.9427401197800411	27.883333333333333	58
323	conventional	60	3	3	0.8202554103298271	1.523611862859132	27.116666666666667	59
324	holistic	60	0	0	1.107339937470748	2.193090657524373	28.883333333333333	59
324	conventional	60	2	2	0.9331835504301346	3.4500901412371014	27.016666666666666	59
325	holistic	60	4	4	1.0275421415995198	2.8823675061324243	25.883333333333333	59
325	conventional	60	1	1	0.8489689591189856	2.937833135898845	27.016666666666666	59
326	holistic	60	4	4	1.0726992345798823	3.5914097615275558	25.65	59
326	conventional	60	4	4	0.809620918560437	2.7670663927965244	25.6	58
327	holistic	60	3	3	1.034715317247485	2.9891625675976554	24.583333333333332	58
327	conventional	60	0	0	0.8957011870575516	3.3604697875008327	26.6	59
328	holistic	60	2	2	1.036710422492605	2.0815775660650684	25.416666666666668	59
328	conventional	60	3	3	0.8618925807353317	2.8508394703029647	26.433333333333334	58
329	holistic	60	3	3	1.1463206847839549	4.716489578544916	24.383333333333333	59
329	conventional	60	0	0	0.8207540196412656	2.0964306761453666	27.433333333333334	59
330	holistic	60	1	1	1.0955646694877486	2.3942588488277687	24.383333333333333	59
330	conventional	60	2	2	0.7736446722160989	1.7074438557051608	27.4	58
331	holistic	60	3	3	1.0362958971161382	2.006658238542435	24.25	59
331	conventional	60	1	1	0.8376259395932287	2.4406584429086897	28.3	59
332	holistic	60	1	1	1.1413752313416083	5.890209253590612	24.25	58
332	conventional	60	1	1	0.7963299715141627	2.4854704904790133	28.3	59
333	holistic	60	2	2	1.1061892390507446	2.8893890570449976	25.05	59
333	conventional	60	2	2	0.781503898580476	2.165064046849013	28.266666666666666	59
334	holistic	60	2	2	1.0415110994127057	2.054105038608917	24.05	57
334	conventional	60	2	2	0.7564481208414731	2.247383491851802	27.266666666666666	58
335	holistic	60	0	0	1.0881005387539635	2.1479763727884857	25.05	58
335	conventional	60	2	2	0.7586776763742554	2.299854422990747	28.2	59
336	holistic	60	1	1	1.0525185658224632	2.464263824159909	25.983333333333334	59
336	conventional	60	1	1	0.716516890647636	1.9713205747354274	28.2	59
337	holistic	60	4	4	1.0328664638146023	3.040447920353909	23.916666666666668	59
337	conventional	60	2	2	0.7238163089885631	1.763582026367183	28.166666666666668	58
338	holistic	60	2	2	1.0879303581349764	4.7383332690471365	22.916666666666668	59
338	conventional	60	0	0	0.791566658159418	2.43243756282405	29.166666666666668	59
339	holistic	60	1	1	1.0845757043947377	2.945196777578522	22.916666666666668	59
339	conventional	60	2	2	0.7419101381967012	1.4258385887487115	29.116666666666667	59
340	holistic	60	2	2	1.0395447194568248	2.7830576815546952	21.916666666666668	59
340	conventional	60	2	2	0.8077115629867222	5.549009274680471	28.95	56
341	holistic	60	2	2	1.0552549952338965	3.4488906441975	21.866666666666667	57
341	conventional	60	1	1	0.8452364566610289	3.5400094869010235	29.65	57
342	holistic	60	0	0	1.0932057864129519	2.7831961507792755	22.866666666666667	58
342	conventional	60	0	0	0.8495401920531799	2.867321197373498	30.65	58
343	holistic	60	1	1	1.0683575880874698	2.782822799202489	23.8	59
343	conventional	60	0	0	0.8282698460813404	2.270599917139198	31.65	59
344	holistic	60	2	2	1.075389839788562	2.6160369052838863	23.733333333333334	59
344	conventional	60	2	2	0.7960602165205225	2.0137808657971994	30.75	59
345	holistic	60	1	1	1.0495554636637037	2.3568879367260975	23.733333333333334	59
345	conventional	60	1	1	0.7664788766804426	1.8299357578146704	30.75	59
346	holistic	60	1	1	1.027527258727778	2.2293041396635114	23.733333333333334	58
346	conventional	60	2	2	0.7667785517925387	1.8731033140374413	30.716666666666665	56
347	holistic	60	0	0	1.057205533044753	1.991258849908545	24.733333333333334	59
347	conventional	60	0	0	0.7569463307147539	1.8500254009556698	31.716666666666665	57
348	holistic	60	3	3	1.0073679507461122	2.039536530475733	23.666666666666668	58
348	conventional	60	0	0	0.7918230432490027	1.8941624132562398	32.71666666666667	58
349	holistic	60	0	0	1.0677245259470785	2.774643251171893	24.666666666666668	59
349	conventional	60	2	2	0.764464575964601	1.857727134588318	33.516666666666666	59
350	holistic	60	2	2	1.0586986537700027	1.9459719990023554	23.666666666666668	58
350	conventional	60	2	2	0.7485974762306273	1.7282124779917152	33.5	59
351	holistic	60	0	0	1.1315200241389298	2.7770450694546915	24.666666666666668	59
351	conventional	60	4	4	0.7296127110854658	1.7993338965141572	31.316666666666666	59
352	holistic	60	3	3	1.1227527625971865	2.661414838129393	23.533333333333335	59
352	conventional	60	2	2	0.7254204626851267	2.4016693284814625	30.316666666666666	59
353	holistic	60	1	1	1.0582862893495812	1.977260426267914	23.533333333333335	56
353	conventional	60	5	5	0.7571811456266994	4.7772877521200225	27.283333333333335	59
354	holistic	60	0	0	1.084147245415692	2.6068000462044925	24.533333333333335	57
354	conventional	60	4	4	0.7245229968564187	2.792525412233404	27.133333333333333	59
355	holistic	60	0	0	1.0369579050759077	2.3471730002243243	25.533333333333335	58
355	conventional	60	3	3	0.6826760552366866	2.7898743649451667	27.05	59
356	holistic	60	3	3	1.007042412027328	2.0255603220550342	26.333333333333332	59
356	conventional	60	4	4	0.754349686962159	4.261758364558926	26.683333333333334	59
357	holistic	60	1	1	1.1081916828218163	1.9982866252052693	26.333333333333332	53
357	conventional	60	4	4	0.7322992044123982	3.7610715484984394	24.95	59
358	holistic	60	0	0	1.147349160859766	2.9348005117299985	27.333333333333332	54
358	conventional	60	2	2	0.7371050837759262	2.9202596239260665	24.916666666666668	58
359	holistic	60	0	0	1.106666766749727	2.0473754773494792	28.333333333333332	55
359	conventional	60	1	1	0.7729448717872237	2.268672833055109	25.833333333333332	59
360	holistic	60	20	20	0.6900508541988936	1.9409632830926868	17.716666666666665	53
360	conventional	60	21	21	0.49623802650141324	1.517173446473928	18.15	57
361	holistic	60	0	0	1.1081510422459016	6.756441212592852	18.716666666666665	54
361	conventional	60	6	6	0.5671943819050412	3.2973415341066423	19.016666666666666	58
362	holistic	60	0	0	1.0016448733974896	3.747926634483519	19.716666666666665	55
362	conventional	60	8	8	0.7719794691468	3.4879145194986614	19.7	59
363	holistic	60	1	1	1.0147862511549357	2.7487471285959817	20.666666666666668	56
363	conventional	60	2	2	0.9148409682453261	5.529543131753845	18.7	58
364	holistic	60	4	4	0.9974945244453207	2.28822311479105	21.4	57
364	conventional	60	2	2	0.841928894638206	2.5043110028923423	19.616666666666667	59
365	holistic	60	0	0	1.0318411316429221	2.1280822172440708	22.4	58
365	conventional	60	3	3	0.6901708822045767	1.4899964251888775	19.5	59
366	holistic	60	0	0	1.020279560351421	2.0967916134981133	23.4	59
366	conventional	60	5	5	0.6844558482876792	1.4682884014673714	18.45	55
367	holistic	60	2	2	0.9707507375614324	2.0391534909743982	23.283333333333335	54
367	conventional	60	4	4	0.6853758907330022	2.384305526510136	19.283333333333335	56
368	holistic	60	1	1	0.9786270668465609	1.9956331881179097	24.15	55
368	conventional	60	2	2	0.7281045688859673	2.4276860101247877	20.183333333333334	57
369	holistic	60	0	0	1.0258299416074486	2.0046058010092684	25.15	56
369	conventional	60	2	2	0.7837956813746764	3.3829931975308036	21.0	58
370	holistic	60	0	0	1.033300492078421	1.935803918134218	26.15	57
370	conventional	60	3	3	0.7983430468424816	2.4647600379949033	21.733333333333334	59
371	holistic	60	0	0	1.0487839555820824	1.9703727610996635	27.15	58
371	conventional	60	3	3	0.8301203662664615	2.893291826327596	21.633333333333333	59
372	holistic	60	1	1	1.027331267739377	1.9706998311951938	27.883333333333333	59
372	conventional	60	3	3	0.804790318293039	5.515367063791674	20.466666666666665	58
373	holistic	60	1	1	1.010425350354855	1.9024651720648347	27.883333333333333	57
373	conventional	60	1	1	0.7238542534276297	2.5196606695618713	21.433333333333334	59
374	holistic	60	0	0	1.0427447719884146	1.90041822627457	28.883333333333333	58
374	conventional	60	1	1	0.8057490646110089	2.866463241443634	21.433333333333334	59
375	holistic	60	0	0	1.0372057854644003	1.8985007321005498	29.883333333333333	59
375	conventional	60	3	3	0.7873843656332614	3.4278568735383543	21.05	59
376	holistic	60	2	2	1.00661573082844	1.8965973890566203	29.816666666666666	59
376	conventional	60	3	3	0.7569007071605895	2.830345669127998	20.8	59
377	holistic	60	1	1	0.9801421551857119	1.860235119188009	29.816666666666666	59
377	conventional	60	1	1	0.7617233300035398	2.3826664500410377	20.8	57
378	holistic	60	2	2	0.9283714148852836	1.876044185324673	28.816666666666666	59
378	conventional	60	0	0	0.8275959050540094	2.1483093757009226	21.8	58
379	holistic	60	2	2	0.919714592160185	1.8028099943042288	28.783333333333335	58
379	conventional	60	1	1	0.8466708258633656	2.3793800156264706	22.75	59
380	holistic	60	2	2	0.9791245028141695	2.9302273493165947	29.65	59
380	conventional	60	2	2	0.8049422570614905	2.172619845045473	22.416666666666668	57
381	holistic	60	1	1	0.9873747071723297	2.398848606103869	29.65	59
381	conventional	60	1	1	0.7818069404611842	2.379772439802541	23.383333333333333	58
382	holistic	60	2	2	0.9585240602083226	2.229528579076232	28.65	59
382	conventional	60	1	1	0.8536132615886972	2.367107838240929	24.35	59
383	holistic	60	1	1	0.9994222960086723	2.1527387188240086	28.65	57
383	conventional	60	2	2	0.7972661985011978	2.05700103881008	23.35	57
384	holistic	60	2	2	0.9692072024330292	1.9092981411792411	29.3	58
384	conventional	60	0	0	0.8096281007446736	1.8772258214218545	24.35	58
385	holistic	60	0	0	1.0597350473211624	3.7920085598881803	30.3	59
385	conventional	60	0	0	0.8359852773829114	2.478199367650834	25.35	59
386	holistic	60	4	4	0.9691454644637092	2.7883674937952247	28.233333333333334	58
386	conventional	60	3	3	0.8002528440328971	2.363534065228885	23.35	58
387	holistic	60	0	0	1.0306074936191296	2.0340278226209367	29.233333333333334	59
387	conventional	60	2	2	0.8244675194838269	2.390739009179682	24.166666666666668	59
388	holistic	60	2	2	0.9952217346369455	1.8951833872629935	28.233333333333334	59
388	conventional	60	2	2	0.8562699386603814	1.99489521377827	24.133333333333333	58
389	holistic	60	1	1	1.02565496175548	2.3896433683564235	28.233333333333334	59
389	conventional	60	0	0	0.7906056399916092	1.8933315695364101	25.133333333333333	59
390	holistic	60	2	2	0.9650879200141793	2.1230761480618816	28.166666666666668	59
390	conventional	60	3	3	0.799210959668503	1.8414972966791976	24.966666666666665	57
391	holistic	60	2	2	1.0329606802837907	4.954884760328157	27.166666666666668	57
391	conventional	60	0	0	0.8128776475206773	3.492996254599648	25.966666666666665	58
392	holistic	60	0	0	0.9954462535660693	2.964193835082172	28.166666666666668	58
392	conventional	60	1	1	0.8029594646404737	1.8780891179422852	26.683333333333334	59
393	holistic	60	1	1	0.9977554220286567	2.629804954267654	29.1	59
393	conventional	60	2	2	0.7554117468325489	1.8532574602826146	26.633333333333333	59
394	holistic	60	2	2	0.9913370740201537	1.958284576779477	28.1	58
394	conventional	60	2	2	0.744280704091473	1.8313007427740609	26.533333333333335	59
395	holistic	60	0	0	0.9874411254555046	2.1184438548461277	29.1	59
395	conventional	60	2	2	0.6598097349446738	1.733638911374925	26.45	58
396	holistic	60	2	2	0.9560007670325643	2.0960503579010448	28.966666666666665	59
396	conventional	60	1	1	0.6709651222363944	1.6796028733245925	27.433333333333334	59
397	holistic	60	4	4	0.8934974467068328	1.8960341541739105	26.916666666666668	59
397	conventional	60	4	4	0.7292963097910939	3.3463105388885297	26.333333333333332	56
398	holistic	60	2	2	0.9713347863185168	2.8239661915275387	26.65	58
398	conventional	60	0	0	0.7474202309904486	1.6535361513985762	27.333333333333332	57
399	holistic	60	0	0	0.9479043320373755	2.126286115151206	27.65	59
399	conventional	60	2	2	0.7079009704655811	1.7403514291407918	28.233333333333334	58
400	holistic	60	1	1	0.9906506853730462	2.2524813043354053	27.65	59
400	conventional	60	1	1	0.7828447958397129	3.37695461137979	29.183333333333334	59
401	holistic	60	2	2	0.9585177271299183	2.4954788063334408	27.583333333333332	58
401	conventional	60	1	1	0.7732288377669885	2.3901333762347345	29.183333333333334	56
402	holistic	60	1	1	0.9907039846308774	2.332940874438392	28.55	59
402	conventional	60	0	0	0.7884957085507212	2.5594347747423174	30.183333333333334	57
403	holistic	60	1	1	1.0437037619194773	3.91277501688009	28.55	58
403	conventional	60	0	0	0.8050223102232703	3.0566749368199373	31.183333333333334	58
404	holistic	60	0	0	1.0005243265862442	2.1732541736425306	29.55	59
404	conventional	60	0	0	0.8157874031140395	2.8892365678911403	32.18333333333333	59
405	holistic	60	2	2	0.9928907218680478	2.9188108740874448	29.483333333333334	59
405	conventional	60	1	1	0.8205541768167492	3.30544203938317	32.18333333333333	55
406	holistic	60	1	1	1.0350530736784795	3.902570027388231	29.483333333333334	58
406	conventional	60	1	1	0.8178283223672181	2.751642023359869	32.86666666666667	56
407	holistic	60	1	1	0.9842070580627792	2.1337990123422337	30.416666666666668	59
407	conventional	60	0	0	0.7953724335703616	2.387441355405565	33.86666666666667	57
408	holistic	60	2	2	0.9197068997840201	2.0405354268026454	29.416666666666668	58
408	conventional	60	0	0	0.7902833281948003	2.267105655110845	34.86666666666667	58
409	holistic	60	0	0	0.9963658763313833	2.0704153684327733	30.416666666666668	59
409	conventional	60	0	0	0.802808924150109	2.173032438062756	35.86666666666667	59
410	holistic	60	3	3	0.941153700409842	2.0210930760158003	29.35	57
410	conventional	60	1	1	0.7891859763705625	2.2011992763550596	35.86666666666667	59
411	holistic	60	0	0	0.9712738892373964	1.93860039387379	30.35	58
411	conventional	60	2	2	0.7744591962738382	1.9729177501645019	34.86666666666667	57
412	holistic	60	0	0	1.0098958793120023	1.8975930096115987	31.35	59
412	conventional	60	0	0	0.7775499420048486	1.93267235004804	35.86666666666667	58
413	holistic	60	1	1	1.007313593740648	2.1122943459396932	31.35	57
413	conventional	60	1	1	0.7939210710629679	1.9704681017199415	36.833333333333336	59
414	holistic	60	1	1	1.0413933743919659	2.099037240069048	32.28333333333333	58
414	conventional	60	1	1	0.7961908329949493	1.8698277930392133	36.833333333333336	59
415	holistic	60	0	0	1.022022793896125	2.0867330134168474	33.28333333333333	59
415	conventional	60	2	2	0.7692096625728947	1.7827897593039717	36.766666666666666	59
416	holistic	60	1	1	1.0175537551527274	2.005040781708304	33.28333333333333	59
416	conventional	60	2	2	0.8250617035206055	2.50204737749378	36.733333333333334	59
417	holistic	60	1	1	1.0075700546251813	1.9348749969409964	33.28333333333333	57
417	conventional	60	1	1	0.8009618012885314	1.6391298613806118	36.733333333333334	59
418	holistic	60	1	1	1.0111981462906303	2.121587566697529	33.916666666666664	58
418	conventional	60	3	3	0.7657624288388412	1.62970600896661	36.61666666666667	59
419	holistic	60	0	0	1.0293438641935118	1.9928460050669272	34.916666666666664	59
419	conventional	60	3	3	0.77900905967212	1.6648111116624544	36.56666666666667	59
420	holistic	60	14	14	0.8248065217930906	2.287970916998627	22.85	57
420	conventional	60	7	7	0.6959942461336452	2.130680395041935	31.533333333333335	59
421	holistic	60	0	0	0.9181257157019169	2.9740758680080814	23.85	58
421	conventional	60	4	4	0.7483928297460805	3.581050819085882	29.5	59
422	holistic	60	0	0	0.938023447693508	1.9740535699028765	24.85	59
422	conventional	60	4	4	0.6763785399025901	2.526556320019823	26.5	59
423	holistic	60	1	1	0.9071974705949981	2.2201006718615606	24.85	59
423	conventional	60	4	4	0.7754265477196559	2.3477448806671855	26.35	58
424	holistic	60	8	8	0.8835766983780659	1.9333084512108094	21.583333333333332	57
424	conventional	60	2	2	0.8182366645346435	2.086108287193227	27.2	59
425	holistic	60	1	1	0.9655221503070858	2.9591970575410467	22.383333333333333	58
425	conventional	60	2	2	0.7971175077506115	1.6486506356744417	26.95	59
426	holistic	60	0	0	1.0321461825923801	3.806749225284512	23.383333333333333	59
426	conventional	60	1	1	0.8384881136977673	2.0440924116182995	26.95	59
427	holistic	60	3	3	0.9451454997228633	2.254872018787757	23.266666666666666	59
427	conventional	60	4	4	0.7803989234905636	1.6366872932123633	25.833333333333332	59
428	holistic	60	4	4	0.9658244739324411	2.1836597002492804	23.066666666666666	55
428	conventional	60	2	2	0.7503138811645934	1.7363500974836281	25.816666666666666	59
429	holistic	60	0	0	0.9914100110630578	2.313401887700829	24.066666666666666	56
429	conventional	60	3	3	0.6524935384659735	1.4404311640650242	24.783333333333335	59
430	holistic	60	0	0	1.0801319518648542	2.413912773725645	25.066666666666666	57
430	conventional	60	4	4	0.7277379489920619	2.3064610927134965	24.6	59
431	holistic	60	0	0	1.066967375093185	1.9793816177904449	26.066666666666666	58
431	conventional	60	5	5	0.7119292220341318	2.2987613696837137	23.316666666666666	59
432	holistic	60	1	1	1.086737060995542	1.9893392205102696	27.0	59
432	conventional	60	3	3	0.6597459883059789	2.09857056252579	21.316666666666666	58
433	holistic	60	1	1	1.1324796015032654	3.770444681581458	27.0	55
433	conventional	60	3	3	0.7161433142356807	1.964965108041153	22.216666666666665	59
434	holistic	60	0	0	1.1062297324467358	3.2752661734961714	28.0	56
434	conventional	60	4	4	0.6401135921274311	1.5903965522518964	22.033333333333335	59
435	holistic	60	0	0	1.0883146437885904	2.1121366827177623	29.0	57
435	conventional	60	4	4	0.6635948692100074	1.8006301204398938	20.2	59
436	holistic	60	0	0	1.08954821822079	2.2779812430222264	30.0	58
436	conventional	60	4	4	0.8952040185080262	6.326259199001603	19.116666666666667	56
437	holistic	60	1	1	1.0959439113881517	2.058689188596073	30.933333333333334	59
437	conventional	60	1	1	0.9147374050560911	3.832285713913541	20.05	57
438	holistic	60	2	2	1.0819431944717464	1.996881032002169	29.933333333333334	59
438	conventional	60	1	1	0.8340601792246041	2.4087663370946895	20.983333333333334	58
439	holistic	60	2	2	1.045787264766967	1.994305098280502	28.933333333333334	59
439	conventional	60	1	1	0.8934627108608745	2.648405244692201	21.933333333333334	59
440	holistic	60	1	1	1.0638835254695915	2.894879497325383	28.933333333333334	59
440	conventional	60	1	1	0.8151431142699029	2.401951000993569	21.933333333333334	59
441	holistic	60	1	1	1.0359308041519666	2.3921392653800684	28.933333333333334	58
441	conventional	60	2	2	0.8165163076503762	2.427442272160694	21.883333333333333	59
442	holistic	60	1	1	1.0317386429316973	1.996316964019547	29.866666666666667	59
442	conventional	60	2	2	0.9381155392835647	8.367590091131731	21.866666666666667	59
443	holistic	60	2	2	1.0640464229520747	2.2805090903826377	29.8	59
443	conventional	60	3	3	0.8095622602509213	4.372113863573862	21.783333333333335	57
444	holistic	60	3	3	1.0024651091467205	1.9660625289331097	28.733333333333334	58
444	conventional	60	1	1	0.8595102430401043	5.347658381099501	22.45	58
445	holistic	60	0	0	1.038631708115346	1.9650493954089665	29.733333333333334	59
445	conventional	60	5	5	0.7935710659721332	3.3443598657337477	22.966666666666665	59
446	holistic	60	3	3	0.9929174305625386	1.954325706751261	27.733333333333334	58
446	conventional	60	3	3	0.7858093985921714	2.7857286403703383	22.4	58
447	holistic	60	2	2	1.0077442956966614	1.8909001772590253	28.616666666666667	59
447	conventional	60	3	3	0.8505443163135543	3.319439566118804	23.3	59
448	holistic	60	1	1	1.0521787096260853	1.9515450904882083	28.616666666666667	58
448	conventional	60	3	3	0.8213150172544191	2.384857580564511	23.216666666666665	58
449	holistic	60	0	0	1.0758062087132254	3.3427888537930954	29.616666666666667	59
449	conventional	60	1	1	0.8264060166185949	2.674774768558403	24.2	59
450	holistic	60	3	3	1.0069441046080903	2.1762574442751594	28.55	59
450	conventional	60	2	2	0.8815635719361178	3.4110921559796124	23.933333333333334	58
451	holistic	60	2	2	1.0754420988605942	3.8064897643129303	27.55	58
451	conventional	60	1	1	0.8792019842957504	2.895837710468919	24.866666666666667	59
452	holistic	60	0	0	1.085011212414982	2.0380353932792725	28.55	59
452	conventional	60	6	6	0.8340972904750764	2.545126442472505	24.616666666666667	59
453	holistic	60	1	1	1.0823296568469558	2.1729447512127726	28.55	59
453	conventional	60	3	3	0.8222316468825805	2.4470602804154367	22.983333333333334	57
454	holistic	60	1	1	1.065427118644222	2.5921771869922203	28.55	58
454	conventional	60	3	3	0.8602363524761235	2.446738905159399	23.816666666666666	58
455	holistic	60	1	1	1.0605558024391875	2.464239712013018	29.483333333333334	59
455	conventional	60	1	1	0.9317749361039258	2.354708845463765	24.783333333333335	59
456	holistic	60	2	2	1.0524122030358933	2.393237096032036	29.433333333333334	59
456	conventional	60	1	1	0.874315238623701	2.289870372604338	24.783333333333335	59
457	holistic	60	3	3	1.0175401407868416	2.138251366900979	27.433333333333334	59
457	conventional	60	1	1	0.8309416526665826	2.098332519892094	24.783333333333335	58
458	holistic	60	2	2	1.040521884759849	3.494327163633378	26.433333333333334	57
458	conventional	60	1	1	0.8011942243746853	2.6295108898778263	25.716666666666665	59
459	holistic	60	0	0	1.0624412987915206	2.66099136000121	27.433333333333334	58
459	conventional	60	2	2	0.8359493276941128	3.015331201071606	24.716666666666665	59
460	holistic	60	0	0	1.051959372272913	2.494352114438105	28.433333333333334	59
460	conventional	60	1	1	0.8478520684577086	2.6729031093791846	24.716666666666665	59
461	holistic	60	3	3	1.0195619849472533	1.9945837794173862	28.3	59
461	conventional	60	2	2	0.8951583138851866	2.4131950068291332	24.583333333333332	56
462	holistic	60	1	1	1.0444803899744322	2.7911620443309486	28.3	57
462	conventional	60	0	0	0.9052927432752073	2.6463624022313836	25.583333333333332	57
463	holistic	60	0	0	1.016163619740489	1.7681612488978922	29.3	58
463	conventional	60	0	0	0.9380604206826519	3.6698999936305583	26.583333333333332	58
464	holistic	60	1	1	1.047831303109178	1.8447172149399385	30.2	59
464	conventional	60	1	1	0.8927952037470092	2.841801514416117	27.5	59
465	holistic	60	3	3	1.0481202923657613	3.5334374025559856	29.133333333333333	58
465	conventional	60	3	3	0.847779984412932	2.1452589125613377	26.683333333333334	59
466	holistic	60	0	0	1.052054286665993	2.5174702446569404	30.133333333333333	59
466	conventional	60	1	1	0.9496265958298242	5.293629714516723	26.683333333333334	51
467	holistic	60	2	2	1.0087795886292887	1.938799341319069	29.95	59
467	conventional	60	0	0	1.0283772934921154	3.7800265314574375	27.683333333333334	52
468	holistic	60	2	2	1.048130974473879	1.8455480315785415	28.95	58
468	conventional	60	0	0	0.9676420977173258	2.6107550678272706	28.683333333333334	53
469	holistic	60	0	0	1.0517116021426334	1.8389328527245157	29.95	59
469	conventional	60	0	0	0.9605571124067561	3.0279382968554263	29.683333333333334	54
470	holistic	60	2	2	0.978652163910201	1.7958292342335478	28.95	56
470	conventional	60	0	0	0.9145853555408703	2.4751409650321596	30.683333333333334	55
471	holistic	60	1	1	0.9823587814017667	1.7562531548131026	29.85	57
471	conventional	60	1	1	0.9018358932247309	1.9510932085241224	31.583333333333332	56
472	holistic	60	1	1	0.981278827769787	1.8397608237590979	30.816666666666666	58
472	conventional	60	0	0	0.8804142359121591	1.837807611351195	32.583333333333336	57
473	holistic	60	1	1	1.0373823175141796	2.0427042602655225	31.683333333333334	59
473	conventional	60	0	0	0.8765113157841163	1.8557210355406508	33.583333333333336	58
474	holistic	60	2	2	1.0059081607140579	1.951215120767664	31.616666666666667	57
474	conventional	60	0	0	0.8708901512238081	1.8004571370312412	34.583333333333336	59
475	holistic	60	1	1	1.096471762137469	2.8661393928553625	32.55	58
475	conventional	60	1	1	0.8685637425446464	1.7495576545704008	34.583333333333336	59
476	holistic	60	0	0	1.1266444728567617	2.251381593735417	33.55	59
476	conventional	60	1	1	0.8547001122595687	1.7681900167177071	34.583333333333336	58
477	holistic	60	1	1	1.1050712377053165	2.2797696901202333	33.55	59
477	conventional	60	0	0	0.8542530758993577	1.8500959311069727	35.583333333333336	59
478	holistic	60	1	1	1.1079395008603958	2.17461014191452	33.55	58
478	conventional	60	2	2	0.8444577245205841	1.8032428608479059	35.53333333333333	58
479	holistic	60	0	0	1.107805999697227	2.2152745302952073	34.55	59
479	conventional	60	2	2	0.878091305071878	2.428892173220408	36.11666666666667	59
480	holistic	60	11	11	0.9260413520229721	2.1397787273526805	25.35	56
480	conventional	60	4	4	0.8292022225008644	1.7152734856559373	33.11666666666667	59
481	holistic	60	0	0	1.1730996694728075	2.8056389796603174	26.35	57
481	conventional	60	2	2	0.8565826925149721	3.5248040098202713	32.11666666666667	59
482	holistic	60	0	0	1.1494539104031178	2.4509409296079885	27.35	58
482	conventional	60	3	3	0.8697111391723742	2.911980323921749	32.05	59
483	holistic	60	0	0	1.0871778127710514	2.3378752854354494	28.35	59
483	conventional	60	4	4	0.8011778942467406	3.0896068403194423	30.016666666666666	59
484	holistic	60	5	5	1.0677104839751261	2.225207647465217	25.283333333333335	59
484	conventional	60	1	1	0.9164426905986804	3.6477457493639216	30.016666666666666	59
485	holistic	60	2	2	1.0602667573241171	2.165997081111521	25.2	58
485	conventional	60	3	3	0.8210819335370638	2.1267605607745685	29.883333333333333	59
486	holistic	60	0	0	1.158987157905148	2.2909390991194822	26.2	59
486	conventional	60	3	3	0.8609825013517113	3.507984503112495	29.766666666666666	59
487	holistic	60	3	3	1.0684960272807318	2.2435459622448515	24.2	59
487	conventional	60	4	4	0.8170999090417889	2.026899965008709	29.55	58
488	holistic	60	7	7	1.0296039779085904	2.2050017382517804	21.866666666666667	56
488	conventional	60	0	0	0.8394160197044701	2.4531156820046407	30.55	59
489	holistic	60	0	0	1.1066501259170554	2.700029846068993	22.866666666666667	57
489	conventional	60	2	2	0.8199557306966255	1.6811459118014094	29.55	59
490	holistic	60	1	1	1.0987759678895175	2.4084453993865327	23.816666666666666	58
490	conventional	60	1	1	0.8926488215645679	3.338224827956343	29.55	59
491	holistic	60	1	1	1.0830828542148943	2.3696103451142156	24.75	59
491	conventional	60	2	2	0.8316723291381717	1.7292049112878154	28.55	59
492	holistic	60	6	6	1.0932863525513088	2.1618373148651604	23.433333333333334	54
492	conventional	60	2	2	0.8273678636699499	1.722434848370708	28.45	59
493	holistic	60	0	0	1.203526053216636	2.216662229614047	24.433333333333334	55
493	conventional	60	2	2	0.8206269225840755	1.6923039054965023	27.45	59
494	holistic	60	0	0	1.1819071238797465	2.278954147795525	25.433333333333334	56
494	conventional	60	3	3	0.7991805436800321	1.6849897241958824	26.416666666666668	59
495	holistic	60	1	1	1.1609133551614765	2.255962116958679	26.316666666666666	57
495	conventional	60	4	4	0.773276288679989	1.6569026281297585	25.316666666666666	59
496	holistic	60	2	2	1.175340174853846	2.1855836534763338	27.183333333333334	58
496	conventional	60	3	3	0.7963371054782498	2.5038785321679526	24.283333333333335	59
497	holistic	60	0	0	1.135699975486275	2.2335898956000224	28.183333333333334	59
497	conventional	60	3	3	0.8489663040878684	2.302920247955321	24.016666666666666	57
498	holistic	60	1	1	1.1656078257201512	2.2511485573555636	28.183333333333334	59
498	conventional	60	1	1	0.9289854218603294	3.5339076002001524	24.866666666666667	58
499	holistic	60	1	1	1.1753519532222219	2.8184259492529886	28.183333333333334	58
499	conventional	60	0	0	0.8590695462490345	2.539692719689657	25.866666666666667	59
500	holistic	60	0	0	1.156564921912575	2.204388469817928	29.183333333333334	59
500	conventional	60	3	3	0.8322453898653593	1.7373425460261533	25.616666666666667	59
501	holistic	60	1	1	1.1582776449342826	2.144054341811255	29.183333333333334	59
501	conventional	60	2	2	0.8102878005531686	1.7115862627098595	25.516666666666666	59
502	holistic	60	2	2	1.1421625041816754	2.187096999605187	28.983333333333334	59
502	conventional	60	2	2	0.8288379714774383	1.776276423256035	25.433333333333334	59
503	holistic	60	2	2	1.109554331485907	2.1304527290808575	28.916666666666668	59
503	conventional	60	2	2	0.8413458201836698	2.3971046321481486	25.383333333333333	58
504	holistic	60	3	3	1.1069400475997988	2.0761255057226933	27.883333333333333	58
504	conventional	60	1	1	0.8534280653270002	2.01000670090187	26.35	59
505	holistic	60	0	0	1.1700744345514624	2.0480520625717076	28.883333333333333	59
505	conventional	60	2	2	0.8878741205335795	2.4154579857869516	26.266666666666666	59
506	holistic	60	3	3	1.144543800413337	2.6611032682836497	27.816666666666666	59
506	conventional	60	2	2	0.8126896756630093	2.346887028247754	25.266666666666666	58
507	holistic	60	2	2	1.140676112135411	2.744339323906204	26.816666666666666	59
507	conventional	60	2	2	0.7803899246918046	2.845711872981907	25.866666666666667	59
508	holistic	60	1	1	1.1413917101940807	2.794351677665884	26.816666666666666	58
508	conventional	60	2	2	0.8372682062266704	2.3419010170459416	25.833333333333332	58
509	holistic	60	0	0	1.1262004563986003	2.3276972032096044	27.816666666666666	59
509	conventional	60	0	0	0.790482583215687	1.596829543154466	26.833333333333332	59
510	holistic	60	5	5	1.0756037718985125	2.2914798886042065	25.683333333333334	59
510	conventional	60	1	1	0.8321790137193248	1.549197001974243	26.833333333333332	58
511	holistic	60	2	2	1.110528608636565	2.8552479044812884	25.616666666666667	57
511	conventional	60	0	0	0.8234903728608735	2.358961239950115	27.833333333333332	59
512	holistic	60	0	0	1.2000297908675381	3.7446105331861057	26.616666666666667	58
512	conventional	60	5	5	0.7295011584430792	1.3707861849313188	23.833333333333332	58
513	holistic	60	0	0	1.1691051776207677	3.7437564043332467	27.616666666666667	59
513	conventional	60	1	1	0.7324208300364129	1.37553287435005	24.716666666666665	59
514	holistic	60	4	4	1.1581631109509343	3.243961597601696	27.416666666666668	59
514	conventional	60	2	2	0.7229868397404405	1.418316107211189	23.716666666666665	59
515	holistic	60	1	1	1.1756718447657493	2.90871466189202	27.416666666666668	59
515	conventional	60	2	2	0.7167470092673691	1.4292243559450395	23.7	59
516	holistic	60	2	2	1.1409791362985338	2.4127887946657127	27.283333333333335	59
516	conventional	60	1	1	0.7052604215548424	1.3889612593505438	23.7	58
517	holistic	60	1	1	1.0940066957291705	2.2811580343495357	27.283333333333335	59
517	conventional	60	2	2	0.7051907753946389	1.446906089199714	24.633333333333333	59
518	holistic	60	3	3	1.0524380524342263	2.4480317246884367	27.183333333333334	57
518	conventional	60	1	1	0.7399330918999406	1.4600814166282272	24.633333333333333	59
519	holistic	60	0	0	1.223830021803679	6.666425445240441	28.183333333333334	58
519	conventional	60	2	2	0.7762339604156229	1.4610136492317096	24.516666666666666	59
520	holistic	60	0	0	1.182702617879058	5.169785716529674	29.183333333333334	59
520	conventional	60	2	2	0.723888916255168	1.4403155079570003	24.316666666666666	59
521	holistic	60	2	2	1.168704784981969	5.340894576280015	28.183333333333334	59
521	conventional	60	4	4	0.7599047310472271	1.4911113472938093	24.166666666666668	57
522	holistic	60	1	1	1.142898413326917	3.9244893237322604	28.183333333333334	58
522	conventional	60	0	0	0.7603228556677543	2.2067380935307535	25.166666666666668	58
523	holistic	60	1	1	1.1052453937254103	3.0737629686436736	29.05	59
523	conventional	60	1	1	0.7026628668099298	1.561438820680513	26.133333333333333	59
524	holistic	60	1	1	1.1778823870652895	2.6736192260854286	29.05	59
524	conventional	60	1	1	0.7523701563362426	1.4908907716514235	26.133333333333333	59
525	holistic	60	1	1	1.163646196042182	2.847179345342171	29.05	58
525	conventional	60	4	4	0.7977573701090432	3.5334423361155185	24.95	59
526	holistic	60	0	0	1.1600666957686043	2.423292555987046	30.05	59
526	conventional	60	4	4	0.7663597960694292	4.026474765171782	24.266666666666666	55
527	holistic	60	2	2	1.116002255568751	2.4441785108189427	29.05	59
527	conventional	60	2	2	0.7623267749397618	2.5226267716178192	25.216666666666665	56
528	holistic	60	1	1	1.1290434795019448	2.2316080067163977	29.05	56
528	conventional	60	0	0	0.8168195202288738	2.2782287607427456	26.216666666666665	57
529	holistic	60	0	0	1.1734526922034982	2.2205967457462497	30.05	57
529	conventional	60	0	0	0.8379088510078101	1.9955072353531613	27.216666666666665	58
530	holistic	60	0	0	1.155179250301125	2.1725371039890713	31.05	58
530	conventional	60	0	0	0.7919000459019174	1.6861343942960705	28.216666666666665	59
531	holistic	60	0	0	1.1485002663252788	2.0986799379603895	32.05	59
531	conventional	60	1	1	0.7915955922813515	1.4602051556369973	28.216666666666665	53
532	holistic	60	2	2	1.114866284559683	2.0684164731317	31.983333333333334	59
532	conventional	60	1	1	0.7235388834678599	1.3799534502466784	29.033333333333335	54
533	holistic	60	1	1	1.2145122724309543	4.758725771902871	31.983333333333334	59
533	conventional	60	0	0	0.7587709995153797	1.3924824692427653	30.033333333333335	55
534	holistic	60	2	2	1.1178996995723145	2.2590252518994904	30.983333333333334	59
534	conventional	60	0	0	0.7587689513125717	1.3448502443309192	31.033333333333335	56
535	holistic	60	1	1	1.0763280021763666	2.1398157131831606	30.983333333333334	58
535	conventional	60	0	0	0.7577397909203902	1.3494593404202098	32.03333333333333	57
536	holistic	60	0	0	1.0758667787094318	2.0381995415491643	31.983333333333334	59
536	conventional	60	1	1	0.7451438603925059	1.4025123753706918	32.85	58
537	holistic	60	2	2	1.0509083751763557	2.03249574385601	31.916666666666668	59
537	conventional	60	1	1	0.7984710229768254	1.4531189043425683	33.75	59
538	holistic	60	1	1	1.0943144737238424	3.840276406843728	31.916666666666668	58
538	conventional	60	2	2	0.7499672689096335	1.43132951269455	32.75	59
539	holistic	60	1	1	1.1120443379507308	3.8437979896485883	32.85	59
539	conventional	60	3	3	0.7362802004386931	1.4337341062265592	32.18333333333333	59
540	holistic	60	7	7	0.9867199857594225	2.8450897527370422	26.85	56
540	conventional	60	3	3	0.7670036144530198	1.4356389880163378	32.13333333333333	59
541	holistic	60	0	0	0.9715245990683192	2.0931888810976753	27.85	57
541	conventional	60	1	1	0.7721276052097681	1.4467563650527153	32.13333333333333	59
542	holistic	60	1	1	1.0005705442759394	1.8419565303304224	28.816666666666666	58
542	conventional	60	1	1	0.7440046553285969	1.376093902215131	32.13333333333333	59
543	holistic	60	0	0	0.9848595813060572	2.007967960269941	29.816666666666666	59
543	conventional	60	2	2	0.7443360480995798	1.415467188077472	31.133333333333333	58
544	holistic	60	4	4	0.9983242342884606	2.270240233205665	28.716666666666665	59
544	conventional	60	1	1	0.748584463467349	2.022620739972963	31.833333333333332	59
545	holistic	60	2	2	0.9753154455313836	2.0916966871614604	27.716666666666665	58
545	conventional	60	3	3	0.7347591630981195	2.103921760841067	30.8	59
546	holistic	60	0	0	1.0176886131080423	2.5080156123972683	28.716666666666665	59
546	conventional	60	1	1	0.7770562221504117	2.335651060788942	30.8	59
547	holistic	60	1	1	1.0109147546625001	2.440904998592691	28.716666666666665	59
547	conventional	60	5	5	0.7272229254292419	2.2861618812370814	28.616666666666667	58
548	holistic	60	5	5	0.9655536616377421	2.295224351422435	26.266666666666666	57
548	conventional	60	0	0	0.8983342928179113	4.382159697981833	29.616666666666667	59
549	holistic	60	0	0	1.08650666157235	3.922996813720031	27.266666666666666	58
549	conventional	60	1	1	0.8018401143621071	2.3879983015605046	29.616666666666667	59
550	holistic	60	0	0	1.0703051667454475	2.9406585865673103	28.266666666666666	59
550	conventional	60	2	2	0.8309750871579755	2.722408053668806	28.8	59
551	holistic	60	1	1	1.0206079068256384	2.198297557220923	28.266666666666666	59
551	conventional	60	3	3	0.8756673424877982	3.1397956273763956	28.516666666666666	59
552	holistic	60	5	5	1.004577504445407	2.672806351757697	25.2	57
552	conventional	60	1	1	0.9521745998227726	4.347710179251903	28.516666666666666	59
553	holistic	60	1	1	1.0098464397579618	2.2571026654357205	26.116666666666667	58
553	conventional	60	2	2	0.9244442839506076	3.3167694320048215	28.45	59
554	holistic	60	0	0	1.0166651551741464	2.1902074213831426	27.116666666666667	59
554	conventional	60	1	1	0.8769717767623726	2.324101678598258	28.45	59
555	holistic	60	1	1	1.0202365426559534	2.519020357668763	27.116666666666667	59
555	conventional	60	6	6	0.8224390681090874	2.0709561610286276	25.35	59
556	holistic	60	4	4	1.0281956446974665	2.3524705920500146	25.983333333333334	58
556	conventional	60	2	2	0.8336389338958219	3.466477945354094	24.35	59
557	holistic	60	0	0	0.9868110883835312	2.2416940628417743	26.983333333333334	59
557	conventional	60	2	2	0.7988915838750269	2.4369430335970117	23.35	57
558	holistic	60	1	1	1.038022980130539	2.413136948357154	26.983333333333334	57
558	conventional	60	0	0	0.8634322282136501	2.0639976810506577	24.35	58
559	holistic	60	0	0	1.0194061327033563	2.432577823382427	27.983333333333334	58
559	conventional	60	0	0	0.874148266313733	1.9978729765372745	25.35	59
560	holistic	60	3	3	1.0469719881469364	2.848859893661209	28.516666666666666	59
560	conventional	60	2	2	0.8334554513894302	1.983647602389434	25.266666666666666	59
561	holistic	60	1	1	1.0067345364918194	2.735814246098836	28.516666666666666	58
561	conventional	60	2	2	0.8199245687858806	1.9166114063461683	25.166666666666668	59
562	holistic	60	1	1	0.9963998066054656	2.5474506662725256	29.45	59
562	conventional	60	3	3	0.8207271270627794	2.232252420345373	24.716666666666665	59
563	holistic	60	2	2	0.9521840505946776	2.937677606111942	28.45	59
563	conventional	60	4	4	0.8568407702249694	3.4256516631100005	23.533333333333335	58
564	holistic	60	4	4	0.9127943314529188	3.097308704677117	26.383333333333333	58
564	conventional	60	2	2	0.9055322137483582	2.520714121718342	24.15	59
565	holistic	60	0	0	0.9650495864956794	2.847059354017171	27.383333333333333	59
565	conventional	60	2	2	0.8883014115841643	2.02892616284542	24.1	58
566	holistic	60	1	1	0.9503064634087639	2.7757412884815347	27.383333333333333	59
566	conventional	60	0	0	1.0329194495713638	6.353800936947699	25.1	59
567	holistic	60	3	3	0.9854551717549226	2.7142246079945216	27.266666666666666	57
567	conventional	60	2	2	1.013635406209302	3.3447598111468095	24.933333333333334	59
568	holistic	60	1	1	0.9833055635415564	2.659967947585763	28.2	58
568	conventional	60	3	3	0.9489321192889676	3.340701898670453	24.516666666666666	58
569	holistic	60	0	0	1.0354791425863819	2.8976489089424495	29.2	59
569	conventional	60	1	1	0.9730518988869006	2.343467928225039	25.483333333333334	59
570	holistic	60	3	3	0.9819169391027299	2.568545268201802	28.15	59
570	conventional	60	2	2	0.9513787358277794	2.1435616116061964	25.466666666666665	58
571	holistic	60	2	2	0.9652154290827651	2.688254981475861	27.15	57
571	conventional	60	1	1	0.895243974325152	1.9651994741922696	26.366666666666667	59
572	holistic	60	1	1	0.958902025586317	2.6456960319074776	28.016666666666666	58
572	conventional	60	5	5	0.8507906553671059	1.9505271215810773	23.216666666666665	59
573	holistic	60	1	1	0.9955205354916021	2.560717737497503	28.966666666666665	59
573	conventional	60	3	3	0.8481317275171574	1.9981160894621768	23.033333333333335	59
574	holistic	60	4	4	0.9378683869118223	2.4371270069148916	26.9	58
574	conventional	60	4	4	0.8007624460740514	1.8828911559422814	22.866666666666667	54
575	holistic	60	1	1	0.9713261641895621	2.4121420928344737	27.766666666666666	59
575	conventional	60	2	2	0.8334382795015046	1.8595569256761673	23.8	55
576	holistic	60	1	1	0.9218733219097354	2.5135152352485783	27.766666666666666	59
576	conventional	60	3	3	0.8369640885528782	1.918250335202207	24.666666666666668	56
577	holistic	60	1	1	0.9373982255231628	2.843651998508607	27.766666666666666	59
577	conventional	60	1	1	1.0987055865638224	6.3467702679796725	25.616666666666667	57
578	holistic	60	3	3	0.9211429264591117	2.501123574132036	25.766666666666666	57
578	conventional	60	2	2	1.0802457794611866	3.6997515859806898	26.55	58
579	holistic	60	0	0	1.1289847742755652	10.835466541989696	26.766666666666666	58
579	conventional	60	0	0	1.0737402016745037	4.344378310435757	27.55	59
580	holistic	60	0	0	1.1114539695344283	6.343096485095326	27.766666666666666	59
580	conventional	60	2	2	1.0344466288297265	2.372888968596263	27.416666666666668	59
581	holistic	60	2	2	1.0222814897729209	4.212083011654431	26.766666666666666	59
581	conventional	60	2	2	0.9789984701022401	2.086178010756503	26.416666666666668	58
582	holistic	60	1	1	1.057243306154989	3.3813667488269203	26.766666666666666	59
582	conventional	60	0	0	1.0807039878760458	2.218821320985762	27.416666666666668	59
583	holistic	60	1	1	1.0664066287362775	2.878525980474645	26.766666666666666	59
583	conventional	60	1	1	1.0821785232810843	2.557982368333385	27.416666666666668	59
584	holistic	60	1	1	1.0765219855127444	2.8371264531273246	26.766666666666666	57
584	conventional	60	2	2	1.039964671136991	2.376846871624585	27.4	59
585	holistic	60	0	0	1.0983965514065692	2.948555745438799	27.766666666666666	58
585	conventional	60	2	2	1.0398961519485233	3.340304503742808	26.4	59
586	holistic	60	1	1	1.0880046146798314	2.93921780699297	28.633333333333333	59
586	conventional	60	3	3	1.04126229846604	2.71920832522764	25.3	59
587	holistic	60	2	2	1.0824674989146106	2.840006778330081	27.633333333333333	55
587	conventional	60	2	2	1.080059635644451	5.440596532559061	24.3	55
588	holistic	60	0	0	1.0678469091267646	2.8389007964230237	28.633333333333333	56
588	conventional	60	0	0	0.9788525498038637	2.441679403797077	25.3	56
589	holistic	60	0	0	1.130947418010003	2.9154964348794854	29.633333333333333	57
589	conventional	60	1	1	0.9871823494497691	1.8784576954968573	26.25	57
590	holistic	60	0	0	1.1254844468706173	2.6955270919158774	30.633333333333333	58
590	conventional	60	1	1	0.9888300791553305	1.8598471416823383	27.2	58
591	holistic	60	0	0	1.1169676333143141	2.6174081779023286	31.633333333333333	59
591	conventional	60	0	0	1.0097592886042461	1.9071699335495107	28.2	59
592	holistic	60	2	2	1.0911177371044438	2.5978015178306686	30.633333333333333	58
592	conventional	60	1	1	1.0377761813379633	1.9879919838564903	28.2	56
593	holistic	60	0	0	1.1221040452339979	2.6038654532580443	31.633333333333333	59
593	conventional	60	0	0	0.9990617691015273	1.9535869695040196	29.2	57
594	holistic	60	2	2	1.0874002863677417	2.8547829587200892	30.633333333333333	57
594	conventional	60	1	1	0.9832956934346888	2.1481316090526565	30.166666666666668	58
595	holistic	60	0	0	1.090189189102155	2.475743948605013	31.633333333333333	58
595	conventional	60	1	1	0.9864170988383255	1.9036565291663645	31.083333333333332	59
596	holistic	60	1	1	1.082127619067974	2.4386433705753836	32.56666666666667	59
596	conventional	60	1	1	1.047060250588757	4.272650707068735	31.083333333333332	58
597	holistic	60	2	2	1.0298394607344825	2.4476955265087903	31.566666666666666	59
597	conventional	60	2	2	0.989215041121409	2.273064451182822	31.233333333333334	59
598	holistic	60	1	1	1.0220468016828133	2.3912869006404596	31.566666666666666	59
598	conventional	60	1	1	0.9473179303830146	1.8409725374085055	31.233333333333334	59
599	holistic	60	1	1	1.0032283645309308	2.8744568529081747	31.566666666666666	59
599	conventional	60	1	1	0.9808598463578856	3.317132657696057	31.233333333333334	59
600	holistic	60	4	4	0.9815689105633355	2.7669528218766364	28.566666666666666	56
600	conventional	60	2	2	0.9312064884639704	1.7862458124459526	30.233333333333334	59
601	holistic	60	1	1	0.964890180125537	2.4599523261156735	29.5	57
601	conventional	60	3	3	0.9027266996784864	1.7604103816534886	30.183333333333334	58
602	holistic	60	0	0	1.0171589155593088	2.427725510828233	30.5	58
602	conventional	60	1	1	0.8891551484478681	2.280758092203977	30.9	59
603	holistic	60	0	0	1.091207774188828	2.4361308536006168	31.5	59
603	conventional	60	1	1	0.9443369055488766	2.2833851378711354	30.9	58
604	holistic	60	4	4	1.0410985704392812	2.4247599792110552	29.433333333333334	59
604	conventional	60	1	1	0.9666514174731398	2.0320588100838397	31.85	59
605	holistic	60	2	2	1.0555337566402716	2.39529361753537	28.433333333333334	58
605	conventional	60	2	2	0.9281356447863183	1.8556108995708225	30.85	59
606	holistic	60	0	0	1.0208251515795805	2.4035550468323548	29.433333333333334	59
606	conventional	60	1	1	0.9128269125102865	1.8307283644040642	30.85	59
607	holistic	60	1	1	1.035839998357198	2.429894407561881	29.433333333333334	59
607	conventional	60	3	3	0.8968214558804865	2.2627176301904157	28.85	57
608	holistic	60	5	5	0.9550041629191975	2.3840561014957773	27.233333333333334	57
608	conventional	60	3	3	0.872017459218175	1.5873607636718698	29.683333333333334	58
609	holistic	60	2	2	1.016828169502973	2.89704403601352	28.133333333333333	58
609	conventional	60	0	0	0.9104002578618797	2.3682560189999067	30.683333333333334	59
610	holistic	60	0	0	1.0606534769311649	3.401832223057717	29.133333333333333	59
610	conventional	60	1	1	0.8894388081836893	2.8498944420324235	30.683333333333334	59
611	holistic	60	1	1	1.0084735249617007	2.373701975619886	29.133333333333333	59
611	conventional	60	2	2	0.8045754032610386	2.0244468384032506	29.683333333333334	59
612	holistic	60	4	4	0.9609954721882272	2.403134724060322	27.066666666666666	59
612	conventional	60	3	3	0.8818789417325235	4.538939651871267	29.5	57
613	holistic	60	1	1	1.010588511472655	2.6901147559470835	27.066666666666666	58
613	conventional	60	0	0	0.8434775341052394	2.5435043095203254	30.5	58
614	holistic	60	0	0	1.0108674366114174	2.2686796443682478	28.066666666666666	59
614	conventional	60	2	2	0.8352288398305517	2.545461522034817	31.35	59
615	holistic	60	2	2	1.0145336070203579	2.231216800428235	28.016666666666666	59
615	conventional	60	4	4	0.8363885811362751	2.552389605761096	29.15	59
616	holistic	60	2	2	1.0434347046152959	2.4043297290566983	27.016666666666666	56
616	conventional	60	4	4	0.830252831068658	2.5459947912905463	28.066666666666666	59
617	holistic	60	0	0	1.0252336151996235	2.2133083059820327	28.016666666666666	57
617	conventional	60	1	1	0.7493197445696899	2.2069629899799263	28.066666666666666	57
618	holistic	60	1	1	1.0398470335510983	2.2299283861095978	28.916666666666668	58
618	conventional	60	3	3	0.8019093689573384	1.827868488316718	28.95	58
619	holistic	60	1	1	1.0452838066983843	2.266687030535451	29.85	59
619	conventional	60	0	0	0.8297696817240482	1.9158989400781672	29.95	59
620	holistic	60	3	3	1.0229438137093227	2.2133315448336255	28.783333333333335	59
620	conventional	60	3	3	0.78926348073487	2.1066981162420397	28.916666666666668	59
621	holistic	60	1	1	1.053687928177918	2.2986420100174128	28.783333333333335	59
621	conventional	60	3	3	0.9746915933154818	5.343336374639995	27.833333333333332	59
622	holistic	60	1	1	1.021212454436642	2.311886236344457	28.783333333333335	59
622	conventional	60	1	1	0.8753967248869061	2.8453543852938	27.833333333333332	59
623	holistic	60	1	1	1.0217526450946774	2.368799053417941	28.783333333333335	59
623	conventional	60	2	2	0.876314362891074	2.8017506636705227	26.833333333333332	59
624	holistic	60	2	2	1.0016605986270235	2.44511069517315	28.716666666666665	58
624	conventional	60	1	1	0.8639887092867179	2.604086193015018	26.833333333333332	59
625	holistic	60	2	2	1.0248207608500743	2.454431609057105	29.383333333333333	59
625	conventional	60	3	3	0.839740726186852	2.365717983322471	26.4	58
626	holistic	60	1	1	0.9846043014782316	2.484117199211813	29.383333333333333	59
626	conventional	60	2	2	0.8815904437069857	4.18576540656904	27.283333333333335	59
627	holistic	60	1	1	0.9854829527689337	2.5533477227596673	29.383333333333333	59
627	conventional	60	3	3	0.830353792006148	1.8577518419835712	26.8	59
628	holistic	60	3	3	0.9726154019220143	2.5198897339727035	29.116666666666667	58
628	conventional	60	2	2	0.8298000665959305	2.3102120281647323	25.8	58
629	holistic	60	2	2	1.0321005645253696	2.879274151217982	29.983333333333334	59
629	conventional	60	1	1	0.7790344118818167	1.909870894878461	26.783333333333335	59
630	holistic	60	1	1	1.00467811866066	2.924808680545601	29.983333333333334	59
630	conventional	60	4	4	0.7856998413089528	1.9542785625992032	25.683333333333334	58
631	holistic	60	3	3	1.1492500665672059	6.861443772591856	28.933333333333334	59
631	conventional	60	0	0	0.8958580172946995	3.5783729399397095	26.683333333333334	59
632	holistic	60	1	1	1.076499311664853	4.365676854897003	28.933333333333334	59
632	conventional	60	2	2	0.8463322611736008	1.8558327262997432	25.683333333333334	58
633	holistic	60	2	2	1.0725742458594179	3.863801253664556	28.866666666666667	59
633	conventional	60	0	0	0.8882925398886871	1.7416571781369738	26.683333333333334	59
634	holistic	60	4	4	1.0669891365001773	4.117981417896307	25.866666666666667	59
634	conventional	60	1	1	0.8751451372018101	1.9367233405021878	26.683333333333334	59
635	holistic	60	3	3	1.082792342084238	3.467338880166848	25.666666666666668	59
635	conventional	60	1	1	0.8979564263249035	2.36549435918687	26.683333333333334	59
636	holistic	60	2	2	1.1333650693448039	3.1753819884248164	25.6	59
636	conventional	60	3	3	0.8507576664205949	1.7646848030186952	24.683333333333334	58
637	holistic	60	1	1	1.1008667785012993	3.0365298752824255	25.6	59
637	conventional	60	0	0	0.8576511645424539	1.6685162254346815	25.683333333333334	59
638	holistic	60	2	2	1.0591977926786182	2.8676361813771	24.6	57
638	conventional	60	4	4	0.836925747921678	1.6253923075890568	24.516666666666666	58
639	holistic	60	1	1	1.1322943412907245	3.090998856799058	25.533333333333335	58
639	conventional	60	1	1	0.8445715879069154	3.710019765925033	25.25	59
640	holistic	60	0	0	1.0793456919045115	2.7686948377618426	26.533333333333335	59
640	conventional	60	1	1	0.8014795155825915	1.704613827451912	25.25	59
641	holistic	60	2	2	1.0374136469799415	2.6868272616707487	25.533333333333335	59
641	conventional	60	2	2	0.8497288764279276	2.3938040900629876	24.25	57
642	holistic	60	1	1	1.0437275135303383	2.5364356094034544	25.533333333333335	59
642	conventional	60	3	3	0.8750693930742808	1.9529847824263409	25.15	58
643	holistic	60	2	2	1.0586301615890308	2.485072106070307	25.466666666666665	59
643	conventional	60	1	1	0.8606677627166164	1.780829554580396	25.933333333333334	59
644	holistic	60	1	1	1.129956750989402	5.874279889900968	25.466666666666665	58
644	conventional	60	5	5	0.8312641881630273	2.771400825163388	24.85	59
645	holistic	60	1	1	1.0669926102182836	4.370294401500082	26.4	59
645	conventional	60	2	2	0.8703475281790887	3.0868025735644298	24.666666666666668	59
646	holistic	60	1	1	1.0280653879485635	3.1997109584329184	26.4	59
646	conventional	60	2	2	0.8812074639472424	2.2507795838053615	23.666666666666668	59
647	holistic	60	2	2	1.015042173617077	2.627048275374916	25.4	55
647	conventional	60	2	2	0.9002587425894418	2.077497869128622	23.633333333333333	58
648	holistic	60	0	0	1.117364270919189	2.9248756788327035	26.4	56
648	conventional	60	0	0	0.8296178917862576	2.1133603476242837	24.633333333333333	59
649	holistic	60	1	1	1.1741102828168413	3.3630541441484207	27.333333333333332	57
649	conventional	60	4	4	0.8379851961610213	1.8698312872970122	24.416666666666668	55
650	holistic	60	1	1	1.153633483460848	2.860736446101965	28.1	58
650	conventional	60	0	0	0.8754600473128977	1.7526076757618287	25.416666666666668	56
651	holistic	60	0	0	1.1548018621627727	2.707834567685787	29.1	59
651	conventional	60	0	0	0.9565682017052654	2.4074147278924514	26.416666666666668	57
652	holistic	60	1	1	1.0983615127170183	2.675219812430262	29.1	58
652	conventional	60	2	2	0.942302113527619	1.7807820586283907	27.316666666666666	58
653	holistic	60	0	0	1.1348734578093773	2.5654094559943093	30.1	59
653	conventional	60	1	1	1.0038484023885086	4.443369593688673	28.183333333333334	59
654	holistic	60	2	2	1.0818421939458802	2.6946591779038154	29.1	58
654	conventional	60	1	1	1.0662415185533551	5.393120489802438	28.183333333333334	59
655	holistic	60	1	1	1.0608077380785068	2.629269177303567	29.866666666666667	59
655	conventional	60	1	1	1.0369822011331393	2.8849910444980233	28.183333333333334	58
656	holistic	60	1	1	1.1115631105749375	4.893849295572952	29.866666666666667	59
656	conventional	60	0	0	0.9365270303166102	2.134459297492903	29.183333333333334	59
657	holistic	60	1	1	1.061943390777154	3.4064362186241524	29.866666666666667	59
657	conventional	60	2	2	0.8982266816124373	1.7930666963144877	28.183333333333334	59
658	holistic	60	1	1	1.054720775225813	2.879203020826798	29.866666666666667	59
658	conventional	60	2	2	0.9107949526290754	2.116113089572454	28.133333333333333	57
659	holistic	60	1	1	1.0632444631935163	2.7000117280733757	29.866666666666667	59
659	conventional	60	3	3	0.9506348241313025	3.008030062671835	28.933333333333334	58
660	holistic	60	3	3	0.9882519504230337	2.64465459855733	28.8	59
660	conventional	60	0	0	0.9865745977909051	2.255329040605953	29.933333333333334	59
661	holistic	60	2	2	0.9990312258177078	2.892195900770884	28.733333333333334	57
661	conventional	60	3	3	0.9056522854855252	1.9526410187612424	28.9	54
662	holistic	60	1	1	1.0191789514746497	2.6022505303755286	29.666666666666668	58
662	conventional	60	0	0	0.9257100189144106	2.2508109540431	29.9	55
663	holistic	60	1	1	1.0678410854959295	3.2937395365948032	30.6	59
663	conventional	60	1	1	0.9572538142850551	2.1365949639763984	30.833333333333332	56
664	holistic	60	3	3	1.0650401559893066	3.707644459018675	28.6	59
664	conventional	60	0	0	1.03245873228716	2.318995847523153	31.833333333333332	57
665	holistic	60	1	1	1.0451656898955517	3.5553358130094304	28.6	57
665	conventional	60	0	0	1.041647695078002	2.101876896217336	32.833333333333336	58
666	holistic	60	1	1	1.0705168328439283	2.953305115462543	29.516666666666666	58
666	conventional	60	0	0	1.0550703961971957	2.328537795107471	33.833333333333336	59
667	holistic	60	0	0	1.0762753896539718	2.672760834660845	30.516666666666666	59
667	conventional	60	2	2	1.0103077141957424	2.3304523780601345	32.833333333333336	59
668	holistic	60	4	4	1.004363784832503	2.52606421159779	27.516666666666666	59
668	conventional	60	3	3	0.9601296364273911	2.5271767757339907	31.816666666666666	58
669	holistic	60	1	1	1.0479959137168346	2.4870570512447796	27.516666666666666	58
669	conventional	60	0	0	1.0298234424703252	2.825473592100771	32.81666666666667	59
670	holistic	60	0	0	1.0616025211411622	2.449821041932123	28.516666666666666	59
670	conventional	60	1	1	0.9683072053994446	2.4697467013423213	32.81666666666667	59
671	holistic	60	1	1	1.0500014772328587	2.4144512406040772	28.516666666666666	59
671	conventional	60	3	3	0.9593805790870421	2.3278505886683485	32.71666666666667	59
672	holistic	60	2	2	1.1050497520324654	4.855529400317072	27.516666666666666	59
672	conventional	60	2	2	1.0723519812961737	4.346942978602527	31.716666666666665	58
673	holistic	60	1	1	1.0750766903894504	2.8524226341242147	27.516666666666666	58
673	conventional	60	0	0	1.0979090299006065	3.1997813649719977	32.71666666666667	59
674	holistic	60	0	0	1.0688533621119922	2.3843700422770415	28.516666666666666	59
674	conventional	60	3	3	1.010627654093849	2.3289461500392945	31.666666666666668	59
675	holistic	60	2	2	1.033197978759579	2.424117796047768	28.466666666666665	57
675	conventional	60	2	2	0.9967198213314332	3.383274097392383	30.666666666666668	59
676	holistic	60	1	1	1.0435865356549965	2.413772054220186	29.266666666666666	58
676	conventional	60	1	1	0.9926513903948575	2.548485350635348	30.666666666666668	59
677	holistic	60	0	0	1.079974180364342	2.890179749663328	30.266666666666666	59
677	conventional	60	3	3	0.9408524801404082	2.071002896970351	30.533333333333335	59
678	holistic	60	1	1	1.041377696200341	2.4113061287802444	30.266666666666666	59
678	conventional	60	3	3	0.9833016353997185	3.2251481105279782	29.483333333333334	58
679	holistic	60	2	2	1.0319055955158958	2.3406870341489596	30.2	59
679	conventional	60	0	0	0.9838636824961119	2.347803685838282	30.483333333333334	59
680	holistic	60	2	2	1.0776689907186885	3.7679143343848276	29.2	58
680	conventional	60	2	2	0.9229714586920179	3.866176712689047	29.483333333333334	59
681	holistic	60	1	1	1.1168588817397056	2.432696908800432	30.15	59
681	conventional	60	7	7	0.8796836183798517	4.316253582625895	27.216666666666665	58
682	holistic	60	1	1	1.0907513285710067	2.411023127815562	30.15	59
682	conventional	60	2	2	0.9116700906400241	2.183670450576309	28.166666666666668	59
683	holistic	60	2	2	1.0912580333699844	2.40726944576476	30.083333333333332	59
683	conventional	60	1	1	0.8691332050997633	3.3249637555808196	28.166666666666668	59
684	holistic	60	1	1	1.1381483413203652	2.3317682611049144	30.083333333333332	58
684	conventional	60	1	1	0.9066361725937987	2.3298713593637355	28.166666666666668	59
685	holistic	60	0	0	1.1151503641336096	2.372511351110015	31.083333333333332	59
685	conventional	60	2	2	0.8086202970311789	1.677533567446164	28.1	59
686	holistic	60	1	1	1.1082341764767385	2.322745905367615	31.083333333333332	58
686	conventional	60	1	1	0.8188424630680875	1.5243469851026537	28.1	59
687	holistic	60	0	0	1.1949160142527169	4.8144026759190535	32.083333333333336	59
687	conventional	60	3	3	0.8345657182966254	2.025942186862372	26.1	58
688	holistic	60	2	2	1.1160466914466223	3.311521695079853	31.083333333333332	59
688	conventional	60	2	2	0.9102846019009923	4.3350797517650275	26.583333333333332	59
689	holistic	60	1	1	1.106323201584035	3.480201825963666	31.083333333333332	59
689	conventional	60	3	3	0.9630076996757885	2.834725299558379	26.55	59
690	holistic	60	1	1	1.0478212407600727	2.563262592027576	31.083333333333332	59
690	conventional	60	5	5	0.8817645487616231	2.3688712573713744	25.5	58
691	holistic	60	2	2	1.1079130175135876	3.955767377359958	30.083333333333332	58
691	conventional	60	0	0	1.1192040901528757	6.413408997407089	26.5	59
692	holistic	60	2	2	1.116136019389136	2.6480218287286186	30.883333333333333	59
692	conventional	60	3	3	1.015466340680218	5.418503440474448	25.466666666666665	57
693	holistic	60	2	2	1.0860305459639068	2.603683345452944	29.883333333333333	59
693	conventional	60	0	0	1.1290767835371545	5.094641769329644	26.466666666666665	58
694	holistic	60	4	4	1.084903441600221	3.9510941356989338	26.883333333333333	59
694	conventional	60	0	0	1.0695094493671304	4.4216356274631385	27.466666666666665	59
695	holistic	60	2	2	1.0948495326180918	2.9560880143017663	25.883333333333333	59
695	conventional	60	1	1	0.9958999209270002	3.4213189441351934	27.466666666666665	59
696	holistic	60	2	2	1.0496484030925595	2.9547276700978817	25.816666666666666	59
696	conventional	60	2	2	0.9212508877711553	2.7342449390411505	26.466666666666665	58
697	holistic	60	2	2	1.0504210612463152	2.4515382815381237	25.75	59
697	conventional	60	0	0	0.8746639766568551	2.256754558617085	27.466666666666665	59
698	holistic	60	3	3	1.153223715954517	3.8615839264471914	24.683333333333334	56
698	conventional	60	5	5	0.8143534234259505	1.952857356033524	24.416666666666668	56
699	holistic	60	1	1	1.1409885190306426	2.9782996451542383	25.616666666666667	57
699	conventional	60	0	0	0.9427129118318754	5.3315242640993725	25.416666666666668	57
700	holistic	60	0	0	1.1668053211976035	3.8738844962749766	26.616666666666667	58
700	conventional	60	1	1	0.9040047165773882	4.790746779640401	26.383333333333333	58
701	holistic	60	0	0	1.164410346890291	2.8696156102537547	27.616666666666667	59
701	conventional	60	0	0	0.8853571008034302	3.3467257278515734	27.383333333333333	59
702	holistic	60	1	1	1.119832262054384	2.670542656069208	27.616666666666667	59
702	conventional	60	3	3	0.8390629614891573	2.8190436956060085	27.0	58
703	holistic	60	3	3	1.1239670616120343	3.0722792743707457	26.366666666666667	59
703	conventional	60	2	2	0.7888767542618161	2.1045908491857253	27.966666666666665	59
704	holistic	60	1	1	1.051156334795828	2.704893148240188	26.366666666666667	58
704	conventional	60	7	7	0.7084963641358387	1.9598955101217321	23.8	58
705	holistic	60	0	0	1.0868682931237117	2.300407045244182	27.366666666666667	59
705	conventional	60	2	2	0.9968400270340301	7.438843956069869	24.3	59
706	holistic	60	1	1	1.0673689829900919	2.316352294273842	27.366666666666667	59
706	conventional	60	3	3	0.9141152860059021	3.9350944972603026	24.233333333333334	59
707	holistic	60	4	4	1.0202314309658334	2.237597287409736	26.233333333333334	58
707	conventional	60	3	3	0.8404999610801148	3.429717253757289	23.95	58
708	holistic	60	0	0	1.1838205492224039	5.7960295961790145	27.233333333333334	59
708	conventional	60	5	5	0.8407024705381455	2.4263828818269992	24.733333333333334	59
709	holistic	60	1	1	1.1548957637963866	3.821760788303147	27.233333333333334	59
709	conventional	60	2	2	0.9970184279217169	3.5930895489878214	24.7	57
710	holistic	60	1	1	1.163116453497191	3.820546998355668	27.233333333333334	58
710	conventional	60	1	1	0.8730630165485976	2.0910810398374298	25.666666666666668	58
711	holistic	60	2	2	1.1136569343019238	3.320208138765782	27.7	59
711	conventional	60	2	2	0.8353879990433196	1.847734494774548	26.616666666666667	59
712	holistic	60	1	1	1.1103870027131093	2.8192503406333334	27.7	58
712	conventional	60	2	2	0.743842313447732	1.667967162434798	25.616666666666667	59
713	holistic	60	0	0	1.1345730182590599	2.896309474481286	28.7	59
713	conventional	60	2	2	0.7901131600246655	1.6384478057706942	25.583333333333332	59
714	holistic	60	2	2	1.0645302083488737	2.5696892924138117	27.7	59
714	conventional	60	4	4	0.7749133731521293	1.617410672827305	25.1	57
715	holistic	60	1	1	1.0564027436723225	2.2866549213168965	27.7	55
715	conventional	60	0	0	0.874028911597661	6.319237786723686	26.1	58
716	holistic	60	1	1	1.0781976610612907	2.484432898405556	28.633333333333333	56
716	conventional	60	0	0	0.8521731419008353	3.8191101646350822	27.1	59
717	holistic	60	0	0	1.066037048292481	2.5174768655871484	29.633333333333333	57
717	conventional	60	3	3	0.8066484003225558	2.990206430656189	26.05	58
718	holistic	60	1	1	1.062193052604969	2.271813353937416	30.566666666666666	58
718	conventional	60	1	1	0.8243010985591677	2.5759688241500176	27.033333333333335	59
719	holistic	60	0	0	1.0822754098152498	2.3984732748349975	31.566666666666666	59
719	conventional	60	2	2	0.8226601414221457	2.1303900343315285	27.0	58
720	holistic	60	3	3	0.9962013954333925	2.283865524993211	29.566666666666666	59
720	conventional	60	0	0	0.8828587883946171	3.5535421970269723	28.0	59
721	holistic	60	1	1	1.0811538693138547	4.961448481949602	29.566666666666666	59
721	conventional	60	4	4	0.7812641537823102	1.7543197893697597	25.933333333333334	58
722	holistic	60	2	2	1.0470191243501668	3.450905002866065	29.5	59
722	conventional	60	0	0	0.8002384319700814	2.1603708430401483	26.933333333333334	59
723	holistic	60	1	1	1.0491602107956575	2.623305422544669	29.5	59
723	conventional	60	2	2	0.787639095096959	1.8615005975915822	26.766666666666666	56
724	holistic	60	2	2	1.0283727187967784	2.376075149451143	28.5	59
724	conventional	60	0	0	0.9306677629434744	3.337192139023439	27.766666666666666	57
725	holistic	60	2	2	1.0164204806055654	2.468792205256343	28.433333333333334	59
725	conventional	60	1	1	0.9101916104060954	3.6029214726635868	28.033333333333335	58
726	holistic	60	1	1	0.9878974519872913	2.4115582285384005	28.433333333333334	58
726	conventional	60	0	0	0.9394345066823622	2.9554064152521873	29.033333333333335	59
727	holistic	60	1	1	1.025004694099407	2.4273726461201375	29.366666666666667	59
727	conventional	60	1	1	0.8868460907409995	2.516983776464258	29.033333333333335	59
728	holistic	60	5	5	0.9713393423266279	2.5764885600085283	26.233333333333334	59
728	conventional	60	1	1	0.8826579405707258	2.767867379577541	29.033333333333335	58
729	holistic	60	1	1	1.105515550090072	4.860526986772292	26.233333333333334	58
729	conventional	60	0	0	0.92192560348988	2.696890376967912	30.033333333333335	59
730	holistic	60	0	0	1.115679339513515	5.365231139923715	27.233333333333334	59
730	conventional	60	1	1	0.9443500614766684	2.992124035351002	30.033333333333335	59
731	holistic	60	1	1	1.101613667863905	3.869674974387618	27.233333333333334	59
731	conventional	60	1	1	0.8979743047016522	2.6291816360904314	30.033333333333335	59
732	holistic	60	2	2	1.0895912322307695	2.870129198936204	27.1	59
732	conventional	60	1	1	0.9259329522448053	3.343151325286319	30.033333333333335	58
733	holistic	60	1	1	1.1087145271961556	2.6646022468538852	27.1	58
733	conventional	60	0	0	0.9357863537967485	2.660267817352676	31.033333333333335	59
734	holistic	60	0	0	1.1035000872870693	2.5268292371743177	28.1	59
734	conventional	60	1	1	0.9065172208463879	2.555498821171334	31.033333333333335	58
735	holistic	60	1	1	1.0730059312825173	2.4445518472543744	28.1	59
735	conventional	60	1	1	0.9207215687563284	2.3213644778771223	31.983333333333334	59
736	holistic	60	2	2	1.059478784008928	2.429812617744126	28.033333333333335	57
736	conventional	60	1	1	0.8761222550836034	2.1243243735646073	31.983333333333334	59
737	holistic	60	0	0	1.0913682873408412	2.7513449439883395	29.033333333333335	58
737	conventional	60	3	3	0.8887550287881418	2.200154507275987	31.9	59
738	holistic	60	0	0	1.1099237525160217	2.7611229740128147	30.033333333333335	59
738	conventional	60	1	1	0.9164403686807939	2.268969009656781	31.9	58
739	holistic	60	1	1	1.1023196171949114	2.496765146944947	30.033333333333335	59
739	conventional	60	0	0	0.875072544308151	2.0424408549477517	32.9	59
740	holistic	60	4	4	1.0664477263963918	2.5286344184474365	28.9	59
740	conventional	60	2	2	0.8562806286439023	1.9017425578307208	32.86666666666667	59
741	holistic	60	1	1	1.0462412667785617	2.4036609776544395	28.9	59
741	conventional	60	4	4	0.8943294582996679	3.901911147187845	29.866666666666667	59
742	holistic	60	1	1	1.0148532826495564	2.331510296291611	28.9	59
742	conventional	60	3	3	0.8724190908149725	2.7922789827577157	28.783333333333335	58
743	holistic	60	3	3	1.005011911196192	2.364106463832705	28.8	57
743	conventional	60	2	2	0.9171686929278184	2.433360951292366	29.716666666666665	59
744	holistic	60	1	1	1.0458251090941781	2.418399574579803	29.733333333333334	58
744	conventional	60	1	1	0.8645587481303145	1.865248889737339	29.716666666666665	59
745	holistic	60	1	1	1.0788202904937088	2.3996347165986056	30.533333333333335	59
745	conventional	60	5	5	0.8041701703064371	1.5652858073943763	28.466666666666665	59
746	holistic	60	2	2	1.0261654024819948	2.3488207293183825	30.466666666666665	57
746	conventional	60	3	3	0.8625278563359152	1.8779022352653356	28.416666666666668	59
747	holistic	60	0	0	1.093853934396965	2.462100085328064	31.466666666666665	58
747	conventional	60	5	5	0.8959501764557157	2.3838571826496775	26.366666666666667	57
748	holistic	60	0	0	1.1158291175022106	2.5062859176907937	32.46666666666667	59
748	conventional	60	0	0	0.9455487410100224	2.0132341525706887	27.366666666666667	58
749	holistic	60	1	1	1.0902758437169526	2.426436445188377	32.46666666666667	59
749	conventional	60	0	0	0.9448222134014157	2.0608113961505223	28.366666666666667	59
750	holistic	60	1	1	1.0819410784680406	2.43489802574101	32.46666666666667	59
750	conventional	60	4	4	0.8501403213979802	1.8816398835289043	26.3	58
751	holistic	60	2	2	1.0197677506001719	2.4516642032048717	31.466666666666665	59
751	conventional	60	0	0	0.9013407690071502	1.8650279412304966	27.3	59
752	holistic	60	1	1	1.0089035271377678	2.491144385075679	31.466666666666665	59
752	conventional	60	4	4	0.8371092761584724	2.024471615798133	26.183333333333334	56
753	holistic	60	1	1	1.0135225341619942	2.47569333628806	31.466666666666665	59
753	conventional	60	0	0	0.8893284935930216	3.195665400069668	27.183333333333334	57
754	holistic	60	3	3	0.9943150114135654	2.460157276175277	29.466666666666665	59
754	conventional	60	0	0	0.8908275909679519	2.780767108600669	28.183333333333334	58
755	holistic	60	2	2	1.2336331936123932	5.910817919633825	29.4	59
755	conventional	60	0	0	0.8858232276668173	2.1307230857244406	29.183333333333334	59
756	holistic	60	3	3	1.1553760758212646	4.404474054256182	28.333333333333332	59
756	conventional	60	1	1	0.8835902739469544	1.863597580255738	29.183333333333334	58
757	holistic	60	2	2	1.092770641519718	4.240092607749372	27.333333333333332	59
757	conventional	60	1	1	0.8772719823300508	1.698403171570348	30.1	59
758	holistic	60	3	3	1.0681356313913186	3.6565705503847554	25.333333333333332	59
758	conventional	60	3	3	0.8305049647994888	1.7204157562953264	28.1	58
759	holistic	60	1	1	1.1418713450175964	4.754872308956213	25.333333333333332	57
759	conventional	60	1	1	0.9902131867375012	4.46132250152889	28.616666666666667	59
760	holistic	60	0	0	1.1180119967947857	3.2549481922194996	26.333333333333332	58
760	conventional	60	3	3	0.9490745564162807	3.943878053309251	28.35	57
761	holistic	60	0	0	1.0879078125368455	2.7676583714638823	27.333333333333332	59
761	conventional	60	0	0	0.9956105797352343	3.4290670135012618	29.35	58
762	holistic	60	1	1	1.1197435556926603	3.6379059043529924	27.333333333333332	59
762	conventional	60	0	0	0.9645649549932586	2.3935809174344436	30.35	59
763	holistic	60	1	1	1.1498630812478818	3.4880630513814226	27.333333333333332	59
763	conventional	60	3	3	0.9223177094347097	2.190629506515774	30.25	59
764	holistic	60	1	1	1.126671381558767	2.8892208561120483	27.333333333333332	58
764	conventional	60	4	4	0.8931379175151818	3.188649491362839	27.25	57
765	holistic	60	1	1	1.0911788210974918	2.889313744275398	28.016666666666666	59
765	conventional	60	0	0	0.9867468750722816	3.599636827870112	28.25	58
766	holistic	60	2	2	1.0732233781977172	2.6398998802739735	27.816666666666666	59
766	conventional	60	0	0	0.9809135363081448	3.0741674766005067	29.25	59
767	holistic	60	3	3	1.0350226364353208	2.6062098096746236	25.816666666666666	58
767	conventional	60	3	3	0.8945406601846072	2.190466618425759	28.183333333333334	59
768	holistic	60	0	0	1.0824825482694413	2.8037697950740776	26.816666666666666	59
768	conventional	60	5	5	0.9213446517460404	3.502176516238209	25.166666666666668	59
769	holistic	60	1	1	1.0310300662603833	2.6725882816663913	26.816666666666666	59
769	conventional	60	1	1	0.9925067662613625	2.994490560841249	25.166666666666668	57
770	holistic	60	2	2	1.0190672690320128	3.1079614005229623	26.75	59
770	conventional	60	2	2	0.9046691628202613	1.8482255367571956	26.1	58
771	holistic	60	3	3	0.9454457820908073	2.6085707462869223	25.683333333333334	57
771	conventional	60	0	0	0.8563980771238993	1.993739535693716	27.1	59
772	holistic	60	0	0	0.9557258662556001	2.6916425748274655	26.683333333333334	58
772	conventional	60	4	4	0.7990014499406098	1.895375127708526	26.766666666666666	59
773	holistic	60	1	1	0.9511913845476323	2.581676776795036	27.55	59
773	conventional	60	1	1	0.8734170616723748	4.183500940726152	26.766666666666666	59
774	holistic	60	2	2	0.9517296873206739	2.6374688445933003	27.483333333333334	59
774	conventional	60	4	4	0.8130822627631026	4.182407410104648	24.733333333333334	56
775	holistic	60	2	2	0.9792115345663902	2.575047077283346	27.416666666666668	59
775	conventional	60	3	3	0.8309490887961224	3.242977232618166	25.633333333333333	57
776	holistic	60	1	1	1.0023913682732286	5.917248808215061	27.416666666666668	56
776	conventional	60	3	3	0.8806327789977085	5.53723091949973	26.516666666666666	58
777	holistic	60	0	0	0.9392557857942421	2.9218146264944402	28.416666666666668	57
777	conventional	60	2	2	0.8398164544316307	2.5376302802572845	27.433333333333334	59
778	holistic	60	0	0	0.927257838302459	2.1666251507278953	29.416666666666668	58
778	conventional	60	3	3	0.8177953823579308	2.2048907802107607	27.166666666666668	59
779	holistic	60	1	1	0.9506627333883345	2.1842782253230144	30.35	59
779	conventional	60	2	2	0.9365366979143278	3.309712149652865	26.166666666666668	58
780	holistic	60	3	3	0.9292041817997192	2.16176431231283	28.483333333333334	58
780	conventional	60	0	0	0.8758064255147212	1.8961269716553015	27.166666666666668	59
781	holistic	60	1	1	0.9406228271673679	2.411068939631278	29.35	59
781	conventional	60	5	5	0.8169321504166914	1.9988689739005772	24.133333333333333	58
782	holistic	60	2	2	0.9714063507429376	3.722143827878538	28.35	58
782	conventional	60	1	1	0.8049272286331131	1.7571950856072007	25.083333333333332	59
783	holistic	60	1	1	1.0077352905655184	3.9244392812571043	29.283333333333335	59
783	conventional	60	3	3	0.7973498312715236	2.5297098058580207	24.05	58
784	holistic	60	3	3	0.9469933268281019	2.9236420675985486	29.15	59
784	conventional	60	1	1	0.7880080228671091	1.673810140454579	25.0	59
785	holistic	60	2	2	0.893003577136051	2.148272069916751	28.15	59
785	conventional	60	2	2	0.7222572667213192	1.4363715190820212	24.966666666666665	58
786	holistic	60	3	3	0.9991935031347479	3.5752775138173263	28.033333333333335	59
786	conventional	60	3	3	0.7736480968189566	1.6065777099275413	25.716666666666665	59
787	holistic	60	1	1	0.9974610885296912	3.661534336856193	28.033333333333335	59
787	conventional	60	1	1	0.844397047424577	2.4671484820614507	25.716666666666665	59
788	holistic	60	6	6	0.9381386644688627	4.665071233257581	24.9	59
788	conventional	60	1	1	0.8675353268714343	2.45262089804888	25.716666666666665	57
789	holistic	60	1	1	1.0789985790939884	3.997906124112699	24.9	58
789	conventional	60	1	1	0.8586623107694541	1.9920410605135244	26.466666666666665	58
790	holistic	60	0	0	1.0711082985778537	3.4164801226696824	25.9	59
790	conventional	60	0	0	0.8328743938452177	1.5992596234439307	27.466666666666665	59
791	holistic	60	1	1	1.1064896527400263	2.9106532578178754	25.9	59
791	conventional	60	1	1	0.8320566785113196	1.4912009067234846	27.466666666666665	54
792	holistic	60	1	1	1.0990918127037763	3.1646809510700975	25.9	57
792	conventional	60	1	1	0.8589455145399445	1.611515119394444	28.233333333333334	55
793	holistic	60	0	0	1.105401638633055	2.807423523585526	26.9	58
793	conventional	60	0	0	0.8600468514500481	1.5173023738546727	29.233333333333334	56
794	holistic	60	0	0	1.0895899769911348	2.4139578534786894	27.9	59
794	conventional	60	0	0	0.8399365339103675	1.7113999394468211	30.233333333333334	57
795	holistic	60	1	1	1.1038974368472456	2.2204680914030237	27.9	56
795	conventional	60	1	1	0.855185426025004	2.2683328542851124	31.183333333333334	58
796	holistic	60	0	0	1.1085975136356316	2.2648437376851915	28.9	57
796	conventional	60	0	0	0.8890665621902952	2.0751401596642074	32.18333333333333	59
797	holistic	60	0	0	1.098548127769626	2.210695868633258	29.9	58
797	conventional	60	2	2	0.8573722151092753	2.0208238767288007	31.183333333333334	57
798	holistic	60	0	0	1.0860755675087594	1.9986608802393417	30.9	59
798	conventional	60	1	1	0.8034050085201018	1.8854775313372487	31.516666666666666	58
799	holistic	60	1	1	1.0912339154763864	1.9553785554326353	30.9	59
799	conventional	60	1	1	0.9098978247505863	3.451390793683508	32.483333333333334	59
800	holistic	60	1	1	1.2013214142271924	6.861923132797929	30.9	59
800	conventional	60	2	2	0.8939514508206811	3.4507866543503023	31.483333333333334	59
801	holistic	60	1	1	1.1779745029105315	3.3603423386613867	30.9	58
801	conventional	60	1	1	0.8721795735461124	2.8438110833671466	31.483333333333334	59
802	holistic	60	0	0	1.218553658719815	3.197777985008161	31.9	59
802	conventional	60	4	4	0.8531474519205424	2.3664686732914686	29.2	59
803	holistic	60	3	3	1.1076462321643654	2.8633428260491054	29.9	59
803	conventional	60	1	1	0.8225046740922186	2.885770857823949	29.2	58
804	holistic	60	1	1	1.1261666722583616	2.463651238426851	29.9	59
804	conventional	60	1	1	0.7869350847237704	2.6241501884002543	30.166666666666668	59
805	holistic	60	1	1	1.0888739675080723	2.5323290213020093	29.9	59
805	conventional	60	6	6	0.7352270317733673	2.3162304256406547	28.033333333333335	59
806	holistic	60	1	1	1.063213189339106	2.151518518322374	29.9	57
806	conventional	60	1	1	0.8651054447409773	2.5742000664160383	28.033333333333335	59
807	holistic	60	0	0	1.1103955687791098	1.9415479765727794	30.9	58
807	conventional	60	4	4	0.7857575998843103	2.0881249383115614	26.0	57
808	holistic	60	0	0	1.1081465080166948	1.8648690838342357	31.9	59
808	conventional	60	0	0	0.8422437427636157	2.3962440711222754	27.0	58
809	holistic	60	1	1	1.0894393743065007	1.8413712585400726	31.9	59
809	conventional	60	2	2	0.9633935511286619	3.3868181561317114	27.833333333333332	59
810	holistic	60	1	1	1.1005278889699057	1.930834098512274	31.9	59
810	conventional	60	4	4	0.8255549125095684	2.400020119652574	25.816666666666666	58
811	holistic	60	1	1	1.0802720527381104	1.8928960083873687	31.9	58
811	conventional	60	0	0	0.9011999395428254	2.381126228486106	26.816666666666666	59
812	holistic	60	0	0	1.0665208784755789	1.8926511521167646	32.9	59
812	conventional	60	5	5	0.8307560398826602	2.3790544423997204	24.7	56
813	holistic	60	1	1	1.0434140058202828	1.893197129517057	32.9	59
813	conventional	60	1	1	0.8597542239629673	3.014724558969012	25.65	57
814	holistic	60	2	2	1.0952009063888872	4.8897103324003	31.9	59
814	conventional	60	0	0	0.9792779673357482	5.778979755575218	26.65	58
815	holistic	60	2	2	1.0869043679471178	3.4026692334520967	30.9	59
815	conventional	60	0	0	0.9612851368144568	4.279017228171763	27.65	59
816	holistic	60	3	3	1.1043363388397134	4.833137588379361	28.9	59
816	conventional	60	2	2	0.92568261289912	2.754548869910675	27.583333333333332	58
817	holistic	60	2	2	1.0916275786634173	2.8888517461197707	27.9	59
817	conventional	60	0	0	0.9252918731815758	2.259267635159131	28.583333333333332	59
818	holistic	60	3	3	1.0208626041780573	2.8877000973044895	25.9	59
818	conventional	60	2	2	0.8553625182333863	1.9841294520341268	27.583333333333332	59
819	holistic	60	2	2	1.0277785465437306	2.808206236303839	25.833333333333332	57
819	conventional	60	1	1	0.8842939015656429	2.31863419602588	27.583333333333332	59
820	holistic	60	0	0	1.0563975456998738	2.2104155979664863	26.833333333333332	58
820	conventional	60	1	1	0.8223976892332333	1.9490329921193286	27.583333333333332	57
821	holistic	60	0	0	1.0738291483700486	2.1542873289801148	27.833333333333332	59
821	conventional	60	1	1	0.8377544924056759	1.7636951006206214	28.5	58
822	holistic	60	2	2	1.042398195712747	2.176068243233478	27.766666666666666	59
822	conventional	60	1	1	0.8429442420681511	1.8175025598447458	29.483333333333334	59
823	holistic	60	1	1	1.036531246856017	2.2733319220087296	27.766666666666666	59
823	conventional	60	1	1	0.8182194607217644	1.8018740294372009	29.483333333333334	59
824	holistic	60	1	1	1.008267053290051	2.3293445653551843	27.766666666666666	58
824	conventional	60	3	3	0.7820755102539808	1.844539644389674	28.383333333333333	57
825	holistic	60	0	0	1.0004546542378867	2.1233759502479934	28.766666666666666	59
825	conventional	60	0	0	0.8805439415786492	3.350313848173913	29.383333333333333	58
826	holistic	60	4	4	0.9777005416948792	2.1046980606132943	28.466666666666665	59
826	conventional	60	0	0	0.8489961207319917	1.8415276984303057	30.383333333333333	59
827	holistic	60	3	3	1.088130148698281	5.855590268278818	27.4	58
827	conventional	60	2	2	0.8484056644562311	1.7521140526484325	29.383333333333333	59
828	holistic	60	0	0	1.0494748717023508	3.357369360641719	28.4	59
828	conventional	60	4	4	0.822110086537693	2.7775105103192326	27.366666666666667	58
829	holistic	60	1	1	0.9807399076487671	2.189812207860626	28.4	59
829	conventional	60	0	0	0.8316942986173262	2.3281710566549894	28.366666666666667	59
830	holistic	60	4	4	1.0554983487427687	5.765244036509842	28.033333333333335	59
830	conventional	60	3	3	0.8178665091127331	2.509249502378183	27.316666666666666	58
831	holistic	60	2	2	1.0369839720510614	4.269165097164413	27.033333333333335	57
831	conventional	60	2	2	0.7831192904852006	2.4922337916105963	28.25	59
832	holistic	60	0	0	1.070568007709459	3.7663077924361708	28.033333333333335	58
832	conventional	60	2	2	0.7897807247716069	1.8348038069979784	28.216666666666665	57
833	holistic	60	0	0	1.0298157670390131	3.01849635342992	29.033333333333335	59
833	conventional	60	2	2	0.827563128737144	1.8598579819495322	29.15	58
834	holistic	60	3	3	1.00949521834154	2.768458005720727	27.966666666666665	59
834	conventional	60	0	0	0.9085877220942933	3.22681720971911	30.15	59
835	holistic	60	1	1	1.044945693771882	2.7870492058787364	27.966666666666665	59
835	conventional	60	2	2	0.8729667461300781	2.232412141244463	30.116666666666667	59
836	holistic	60	1	1	0.9871629542722614	2.9138445738831042	27.966666666666665	56
836	conventional	60	1	1	0.8386394303834527	1.7417781997015038	30.116666666666667	59
837	holistic	60	0	0	1.0497296921854373	2.521512656475951	28.966666666666665	57
837	conventional	60	2	2	0.9025533210689852	2.402374102289272	29.116666666666667	59
838	holistic	60	1	1	1.0700442946283453	2.549462268222756	29.9	58
838	conventional	60	2	2	0.8990367728965866	1.8047165047761538	28.116666666666667	57
839	holistic	60	0	0	1.056770531872964	2.2721360737752243	30.9	59
839	conventional	60	1	1	0.9265313221020404	3.2982648265711862	29.1	58
840	holistic	60	1	1	1.0289516205423639	2.0910341218285637	30.9	59
840	conventional	60	0	0	0.9175762948580275	2.0150165952238677	30.1	59
841	holistic	60	1	1	1.0522368323811317	2.154744188250035	30.9	59
841	conventional	60	3	3	0.8812110791933433	2.5274391614238176	28.1	59
842	holistic	60	2	2	1.0275977863169314	2.0571599936790936	30.433333333333334	58
842	conventional	60	2	2	0.8529261067785602	1.8733701257560598	27.783333333333335	59
843	holistic	60	0	0	1.106405390423843	3.904803562063425	31.433333333333334	59
843	conventional	60	2	2	0.8254778025130436	1.825692201337705	27.75	58
844	holistic	60	2	2	1.0494455077956417	2.071296924669682	31.15	59
844	conventional	60	2	2	0.8490905093804392	2.5549721106738534	28.666666666666668	59
845	holistic	60	3	3	0.9880018392678604	2.045152303445608	30.083333333333332	59
845	conventional	60	3	3	0.8092353476530396	1.769798094165367	28.616666666666667	59
846	holistic	60	3	3	0.9705626132418989	1.9988589482167936	28.083333333333332	59
846	conventional	60	3	3	0.8685455227482409	3.1917895307617927	26.616666666666667	59
847	holistic	60	1	1	1.0631924737435325	3.8708852256217465	28.083333333333332	59
847	conventional	60	1	1	0.8652426669962263	2.335381752525548	26.616666666666667	59
848	holistic	60	6	6	1.1110304812929899	8.883787616407602	23.083333333333332	59
848	conventional	60	1	1	0.9035989362136615	2.8253450987217574	26.616666666666667	59
849	holistic	60	1	1	1.259480281546378	5.884365122325352	23.083333333333332	58
849	conventional	60	2	2	0.8920266613543194	2.442602681732193	26.583333333333332	58
850	holistic	60	2	2	1.2395341832346898	5.36624343828183	23.983333333333334	59
850	conventional	60	1	1	0.8833069992370769	2.591459194695985	27.55	59
851	holistic	60	2	2	1.261550232853716	4.200325387850969	23.633333333333333	59
851	conventional	60	2	2	0.8688466592364364	2.3227809547780955	27.516666666666666	56
852	holistic	60	1	1	1.2437698967618525	4.615605297016202	23.633333333333333	57
852	conventional	60	0	0	0.8673888722059132	2.180785901152435	28.516666666666666	57
853	holistic	60	0	0	1.3596297808092401	5.729700399054574	24.633333333333333	58
853	conventional	60	1	1	0.8831681848225834	2.2510268342988042	29.15	58
854	holistic	60	1	1	1.2917541275931372	4.20097910703599	25.05	59
854	conventional	60	1	1	0.8848905676265768	2.024010815429003	30.133333333333333	59
855	holistic	60	1	1	1.2627713701409533	3.581031436909357	25.05	56
855	conventional	60	1	1	0.8303347684863386	1.8355339963076351	30.133333333333333	58
856	holistic	60	0	0	1.198577319231656	3.7423144427066273	26.05	57
856	conventional	60	1	1	0.8006985551939587	1.6766385130077224	31.05	59
857	holistic	60	0	0	1.1927924989674983	3.3115844500360163	27.05	58
857	conventional	60	1	1	0.7804771650601149	1.671356886248932	31.05	59
858	holistic	60	0	0	1.166180899899324	2.9679944011180726	28.05	59
858	conventional	60	3	3	0.7967262510982251	1.8006501382851439	30.183333333333334	59
859	holistic	60	1	1	1.1473643850088222	2.7773230942992866	28.05	59
859	conventional	60	1	1	0.7407327225236631	1.665594451817253	30.183333333333334	59
860	holistic	60	1	1	1.1666911928402057	2.618499413111017	28.05	59
860	conventional	60	4	4	0.7566466366146988	1.718229187425921	29.133333333333333	58
861	holistic	60	1	1	1.170163576408712	2.6386475105121407	28.05	58
861	conventional	60	0	0	0.7707941686086559	1.5976109413057538	30.133333333333333	59
862	holistic	60	0	0	1.2092696897805602	2.7266447278475106	29.05	59
862	conventional	60	1	1	0.7933358255351223	1.820938975274033	30.133333333333333	58
863	holistic	60	3	3	1.1140044127304802	2.6690239388403523	27.05	59
863	conventional	60	4	4	0.7689691657715315	1.656110422799749	30.816666666666666	59
864	holistic	60	1	1	1.0741124653041971	2.6814017418986436	27.05	59
864	conventional	60	1	1	0.7921545330808887	1.5854032721745142	30.816666666666666	59
865	holistic	60	1	1	1.0795205460266053	2.8694908427549155	27.05	59
865	conventional	60	5	5	0.8096092972736109	1.6730983113410784	26.816666666666666	59
866	holistic	60	1	1	1.0684758746689418	2.9251372409581506	27.05	57
866	conventional	60	1	1	0.8546713538317001	2.2734940149442155	26.816666666666666	59
867	holistic	60	2	2	1.0829061282029768	2.764549104157525	27.916666666666668	58
867	conventional	60	2	2	0.8090952370821693	2.19096225225677	26.783333333333335	58
868	holistic	60	1	1	1.120167249204441	2.620084885433526	28.866666666666667	59
868	conventional	60	2	2	0.9268889334478378	2.48163685381314	27.7	59
869	holistic	60	1	1	1.1021087227960569	2.5371487015892233	28.866666666666667	59
869	conventional	60	1	1	0.992342364699809	4.445369641385113	27.7	59
870	holistic	60	1	1	1.0679921883479433	2.506887437452377	28.866666666666667	59
870	conventional	60	2	2	0.8966864098413619	2.4443345349028625	26.7	58
871	holistic	60	3	3	1.0598616416998856	2.3920088651602187	28.733333333333334	58
871	conventional	60	0	0	0.9055764146719315	2.452272662110916	27.7	59
872	holistic	60	1	1	1.1855774261810264	4.780511200876045	29.666666666666668	59
872	conventional	60	5	5	0.8233402140634	1.9873634580233706	24.666666666666668	59
873	holistic	60	1	1	1.1423578020719534	3.2810501491912953	29.666666666666668	58
873	conventional	60	1	1	0.8610747457718647	2.4506985093163394	24.666666666666668	57
874	holistic	60	0	0	1.0956533865527511	2.450268527302193	30.666666666666668	59
874	conventional	60	0	0	0.8886447546244329	2.452267661973598	25.666666666666668	58
875	holistic	60	1	1	1.0772043181988897	2.2035309457185956	30.666666666666668	59
875	conventional	60	1	1	0.8984981194826098	2.3105785585776895	26.616666666666667	59
876	holistic	60	3	3	1.053516450275795	2.2271863112025363	29.6	59
876	conventional	60	1	1	0.8745709422015927	2.0784120390457352	26.616666666666667	58
877	holistic	60	2	2	1.0433761475922263	2.1453117930787093	28.6	59
877	conventional	60	1	1	0.8378042055069517	1.9984658029554896	27.533333333333335	59
878	holistic	60	2	2	1.0839830559368855	2.388851098731035	27.6	59
878	conventional	60	2	2	0.8253772756340372	2.018094073026219	27.5	59
879	holistic	60	2	2	1.0976449933020516	2.8889709634905927	27.533333333333335	57
879	conventional	60	4	4	0.8526678535350075	2.097739489462422	26.816666666666666	59
880	holistic	60	1	1	1.148318620626244	2.7810933265593394	28.466666666666665	58
880	conventional	60	2	2	0.9749606468770808	3.325057470323829	26.233333333333334	58
881	holistic	60	2	2	1.1573827044582565	3.2039240587554803	29.333333333333332	59
881	conventional	60	1	1	1.0125861380703294	3.920476633243971	26.65	59
882	holistic	60	2	2	1.1582251690300316	3.47304525034073	29.266666666666666	56
882	conventional	60	1	1	0.9958116788616194	3.677308160996136	26.65	58
883	holistic	60	0	0	1.1731446924251843	3.229635522951352	30.266666666666666	57
883	conventional	60	1	1	0.956659537202895	2.599579948421474	27.6	59
884	holistic	60	0	0	1.1422178042127535	3.044366668235299	31.266666666666666	58
884	conventional	60	4	4	0.8579329247791556	2.148493616245867	25.516666666666666	56
885	holistic	60	1	1	1.1106030618315406	2.680792844138257	32.2	59
885	conventional	60	1	1	0.89220434597671	1.9258006525870848	26.4	57
886	holistic	60	2	2	1.1093554927457845	2.4893216914885112	31.2	59
886	conventional	60	0	0	0.9282668458412675	2.0208163347006165	27.4	58
887	holistic	60	2	2	1.091457705598125	2.7928904414334994	30.2	58
887	conventional	60	0	0	0.9130375793353315	1.9884817731437499	28.4	59
888	holistic	60	0	0	1.154920382983255	2.731692821393996	31.2	59
888	conventional	60	3	3	0.8715465985162641	1.880440225485853	26.4	57
889	holistic	60	1	1	1.1474838052700336	2.930917921122962	31.2	59
889	conventional	60	0	0	0.916097175839464	3.3243092875771945	27.4	58
890	holistic	60	3	3	1.0946542025452957	2.931204077628396	30.133333333333333	59
890	conventional	60	0	0	0.895293813678297	2.0134396807467163	28.4	59
891	holistic	60	2	2	1.095131685517236	2.4300540368218324	29.133333333333333	57
891	conventional	60	2	2	0.865393377120325	2.0968076777049	28.35	59
892	holistic	60	1	1	1.0575972036473305	2.35117349477549	30.083333333333332	58
892	conventional	60	1	1	0.8748825043591938	2.04057832116095	28.35	59
893	holistic	60	1	1	1.1155899591102671	2.315359784191269	31.033333333333335	59
893	conventional	60	1	1	0.9084410746792934	2.4502760343258183	28.35	58
894	holistic	60	3	3	1.084741454588128	2.424185783967323	29.966666666666665	59
894	conventional	60	1	1	0.9235605539513155	2.123731911515275	29.3	59
895	holistic	60	1	1	1.0440179316438472	2.103698039954229	29.966666666666665	59
895	conventional	60	3	3	0.87527434340571	2.103728091479791	28.283333333333335	59
896	holistic	60	1	1	1.0418995637704143	2.355291748770442	29.966666666666665	58
896	conventional	60	1	1	0.8614290877980911	2.4338231030939967	28.283333333333335	59
897	holistic	60	0	0	1.0629420463403638	2.1755035112480474	30.966666666666665	59
897	conventional	60	3	3	0.9427686448252282	2.341355049037405	27.25	59
898	holistic	60	2	2	1.0640633360724572	2.1294300971979196	30.9	58
898	conventional	60	1	1	0.9561518223404697	1.8376880973738197	27.25	59
899	holistic	60	1	1	1.0984337000980984	2.163508062287888	31.833333333333332	59
899	conventional	60	2	2	0.9284578228518892	1.8669747046540748	27.233333333333334	58
900	holistic	60	1	1	1.0651738372821433	2.1664125124957656	31.833333333333332	58
900	conventional	60	0	0	0.9388577422397798	1.8133531912529626	28.233333333333334	59
901	holistic	60	0	0	1.1332057086078309	2.9010298767613314	32.833333333333336	59
901	conventional	60	1	1	0.9058586793222142	1.8128981081803284	28.233333333333334	59
902	holistic	60	2	2	1.03360914585047	2.09176669832518	31.833333333333332	58
902	conventional	60	1	1	0.8634909500626826	1.7541909037226344	28.233333333333334	59
903	holistic	60	1	1	1.0299742690707936	2.0877829099178387	32.71666666666667	59
903	conventional	60	2	2	0.9132853280023009	2.317731057291756	28.2	59
904	holistic	60	3	3	0.98998235964879	2.0840753737098408	31.4	59
904	conventional	60	3	3	0.9565365631899034	2.747648020587132	27.583333333333332	59
905	holistic	60	3	3	0.9526112334500858	2.1016586304001152	29.4	59
905	conventional	60	2	2	0.8746655919675802	2.2487000628532425	26.583333333333332	59
906	holistic	60	4	4	0.9337244423324258	2.5644630363062624	28.3	59
906	conventional	60	3	3	0.9264452708451242	2.7114222840276008	25.55	57
907	holistic	60	2	2	0.9610622920952081	2.6107783590255855	28.233333333333334	59
907	conventional	60	1	1	1.0082422924281793	3.6978724268047087	26.516666666666666	58
908	holistic	60	5	5	0.9391472747094192	2.3938025333824533	24.233333333333334	59
908	conventional	60	1	1	0.9974488291999416	3.680693165257601	27.333333333333332	59
909	holistic	60	3	3	0.9898004875409353	2.22607768092732	24.1	59
909	conventional	60	3	3	0.9396506607635703	2.860505453279222	27.233333333333334	58
910	holistic	60	2	2	0.9652118590089761	2.9760750830273524	23.1	59
910	conventional	60	2	2	0.9464104387822095	2.667933710222105	28.183333333333334	59
911	holistic	60	3	3	0.9432522842796899	3.4814910561681724	22.033333333333335	59
911	conventional	60	1	1	0.9273599380776504	2.2433531185577897	28.183333333333334	57
912	holistic	60	4	4	1.007752068800675	2.862909750310509	21.833333333333332	58
912	conventional	60	0	0	0.9080942897582903	1.9153499540475782	29.183333333333334	58
913	holistic	60	0	0	1.1272163205458092	3.839616158080211	22.833333333333332	59
913	conventional	60	2	2	0.8873869706567148	1.8326620486838086	30.083333333333332	59
914	holistic	60	1	1	1.0450274196350338	4.339848685534592	22.833333333333332	59
914	conventional	60	2	2	0.8638858589391921	1.9109262590583007	30.0	58
915	holistic	60	1	1	1.0079959619226535	3.508181497377946	22.833333333333332	56
915	conventional	60	1	1	0.8785110000429726	1.865286802258414	30.966666666666665	59
916	holistic	60	2	2	1.026138936259779	2.840716976896417	23.7	57
916	conventional	60	1	1	0.905156380701559	1.7345201267832522	30.966666666666665	58
917	holistic	60	1	1	1.0297919526006984	3.188200308743595	24.583333333333332	58
917	conventional	60	0	0	0.9320690715699735	1.7260317267480083	31.966666666666665	59
918	holistic	60	0	0	1.0632514700774642	3.140341416820386	25.583333333333332	59
918	conventional	60	1	1	0.9116301003163266	1.7633930951419525	31.966666666666665	58
919	holistic	60	1	1	1.0561072628138601	3.228959570130239	25.583333333333332	59
919	conventional	60	0	0	0.9644940182335623	1.9727827425020228	32.96666666666667	59
920	holistic	60	2	2	1.0875170959230769	3.817743184704968	25.516666666666666	59
920	conventional	60	2	2	0.9082685248185979	1.826143166654579	31.966666666666665	58
921	holistic	60	2	2	1.047214805575362	2.652895872476561	25.45	58
921	conventional	60	0	0	0.9393159187074134	2.2281305372794975	32.96666666666667	59
922	holistic	60	0	0	1.0870785513933214	2.6712759627242284	26.45	59
922	conventional	60	1	1	0.9985730285640936	4.7283340890005245	32.96666666666667	59
923	holistic	60	2	2	1.0928098842498273	2.601837383987786	26.316666666666666	59
923	conventional	60	5	5	0.8904317359452044	3.5658351122648657	29.883333333333333	59
924	holistic	60	1	1	1.1033623891283797	2.624960733171754	26.316666666666666	58
924	conventional	60	1	1	0.8769894248080896	2.7364499076268713	29.883333333333333	59
925	holistic	60	1	1	1.0942730323098258	2.4240063380208574	27.25	59
925	conventional	60	7	7	0.8415581091048805	2.2375945438130094	27.7	58
926	holistic	60	1	1	1.1359865489909966	2.4537897130111173	27.25	57
926	conventional	60	0	0	1.0086692005125344	3.274659515966592	28.7	59
927	holistic	60	1	1	1.0880255326266564	2.479202394331751	28.183333333333334	58
927	conventional	60	3	3	0.9563594850464975	2.3070436434895196	27.666666666666668	59
928	holistic	60	0	0	1.0754688277109652	2.3241840073011684	29.183333333333334	59
928	conventional	60	1	1	0.9326924869512251	3.4571167879481806	27.666666666666668	58
929	holistic	60	2	2	1.064819960593012	2.5197470117643843	28.8	59
929	conventional	60	1	1	1.0017274783865822	2.519647732104996	28.566666666666666	59
930	holistic	60	1	1	1.0456443828570707	2.4321433165333777	28.8	59
930	conventional	60	1	1	0.9662946483011431	2.0703392127538596	28.566666666666666	58
931	holistic	60	4	4	1.0265167455088267	2.3030185207246694	26.733333333333334	58
931	conventional	60	0	0	1.0636332025454465	2.617134729441324	29.566666666666666	59
932	holistic	60	0	0	1.0597743618503328	2.2341638920985085	27.733333333333334	59
932	conventional	60	3	3	0.9595072447427692	2.285877392125368	27.566666666666666	59
933	holistic	60	2	2	1.069494808068214	2.21664264912676	27.666666666666668	57
933	conventional	60	1	1	0.9902952951159613	3.2795965008823886	27.566666666666666	58
934	holistic	60	0	0	1.09023995967365	2.2007271121365988	28.666666666666668	58
934	conventional	60	0	0	1.0013411429053383	2.0761911926675043	28.566666666666666	59
935	holistic	60	0	0	1.0837148728994237	2.3994050606727146	29.666666666666668	59
935	conventional	60	1	1	0.9178770026466825	1.8971920085254563	28.566666666666666	57
936	holistic	60	2	2	1.0508305155098452	2.118627562596679	28.666666666666668	58
936	conventional	60	0	0	0.9105444397611906	1.8429520480705148	29.566666666666666	58
937	holistic	60	0	0	1.0858706591740028	2.9440423967643143	29.666666666666668	59
937	conventional	60	1	1	0.8980721850803649	1.7969263541081257	30.4	59
938	holistic	60	1	1	1.0657746586377876	2.0748219053218415	29.666666666666668	59
938	conventional	60	1	1	0.8757079122698708	1.836026534591853	30.4	59
939	holistic	60	2	2	1.0326349538582795	2.138796520592247	28.666666666666668	59
939	conventional	60	3	3	0.8164542185788203	1.795578431195646	28.4	59
940	holistic	60	3	3	1.0146704921454504	2.12879156576428	28.283333333333335	59
940	conventional	60	1	1	0.7730406242192783	1.761766453969805	28.4	59
941	holistic	60	1	1	0.9791650216871979	2.1192838708506283	28.283333333333335	59
941	conventional	60	3	3	0.8243221728074992	1.9181966611295365	28.333333333333332	59
942	holistic	60	3	3	0.9490779398155371	2.0781800868703035	27.25	56
942	conventional	60	1	1	0.8521110905179886	3.413276933088871	28.333333333333332	59
943	holistic	60	0	0	0.9972353041473353	2.0210684422345864	28.25	57
943	conventional	60	2	2	0.8400667236258387	1.9203323177099691	28.266666666666666	59
944	holistic	60	0	0	1.0275891090958742	2.1851960283311365	29.25	58
944	conventional	60	4	4	0.8439856467150124	2.397339987599042	25.266666666666666	59
945	holistic	60	0	0	1.0150478828273937	2.1565563934531893	30.25	59
945	conventional	60	1	1	0.8624839231717532	3.2233113553092685	25.266666666666666	57
946	holistic	60	2	2	1.0318341022110618	2.1670818636769624	30.15	59
946	conventional	60	1	1	0.9056705237167189	3.222462547733935	26.233333333333334	58
947	holistic	60	2	2	1.0007632638022157	2.130792025711487	29.15	57
947	conventional	60	2	2	0.9141142955376064	2.415888423198729	27.066666666666666	59
948	holistic	60	0	0	1.0741855575086396	2.2451828826035287	30.15	58
948	conventional	60	2	2	0.9594288880445945	3.8538993814657116	26.066666666666666	57
949	holistic	60	0	0	1.0425011713659609	2.116379628932826	31.15	59
949	conventional	60	0	0	0.8471671732097964	2.3565028326103934	27.066666666666666	58
950	holistic	60	2	2	1.0349192188562202	2.2633565908417776	31.083333333333332	59
950	conventional	60	2	2	0.819317063210426	2.5277320375496695	28.0	59
951	holistic	60	3	3	1.0343097363218154	2.2158558889497133	30.016666666666666	59
951	conventional	60	1	1	0.8508210743301076	3.3114204182465787	28.0	59
952	holistic	60	1	1	1.0841430981814644	3.3155807789795753	30.016666666666666	59
952	conventional	60	1	1	0.7967541791453948	2.418147038744474	28.0	59
953	holistic	60	1	1	1.0913134991886984	2.40631947390031	30.016666666666666	59
953	conventional	60	3	3	0.7696888366340776	2.251086571221981	27.916666666666668	58
954	holistic	60	2	2	1.0868599508329113	2.291722477861243	29.016666666666666	56
954	conventional	60	0	0	0.8850727791134638	3.4294827617811823	28.916666666666668	59
955	holistic	60	1	1	1.1042033014154744	2.1858049573742946	29.95	57
955	conventional	60	2	2	0.8110614294065674	1.9408248184630168	27.916666666666668	59
956	holistic	60	0	0	1.1115440381394615	2.1421039083982665	30.95	58
956	conventional	60	1	1	0.7904122101152466	1.8171260836487462	27.916666666666668	59
957	holistic	60	0	0	1.129529808608686	2.2009324178903458	31.95	59
957	conventional	60	2	2	0.8178840502021514	1.792262352908425	26.916666666666668	58
958	holistic	60	2	2	1.064192240064957	2.1512709395114564	30.95	59
958	conventional	60	1	1	0.7736360500164905	1.7107447369312183	27.866666666666667	59
959	holistic	60	1	1	1.0919986612529091	2.103590331780271	30.95	59
959	conventional	60	2	2	0.8314087412451193	3.313738444017157	26.866666666666667	57
960	holistic	60	1	1	1.0355319469805915	2.0575268937375593	30.95	58
960	conventional	60	3	3	0.7694872762372995	1.8210183664152608	27.433333333333334	58
961	holistic	60	1	1	1.0527111381571637	2.053776536316472	31.816666666666666	59
961	conventional	60	2	2	0.7620318550050873	1.6652408039208961	28.383333333333333	59
962	holistic	60	3	3	1.0367049498528713	2.171337354208228	31.7	58
962	conventional	60	2	2	0.7884290065803641	1.7012375071030494	28.3	59
963	holistic	60	0	0	1.0640659869783755	2.151800264306015	32.7	59
963	conventional	60	3	3	0.8008372797328157	2.490406457481252	28.066666666666666	59
964	holistic	60	2	2	1.0336804518056133	2.134881780773363	31.7	59
964	conventional	60	2	2	0.7588250898192038	2.998896959014576	27.066666666666666	59
965	holistic	60	1	1	1.0271712398041868	2.075974438560525	31.7	59
965	conventional	60	3	3	0.7553143203641924	2.1600701058828733	26.966666666666665	59
966	holistic	60	5	5	0.9656340165852373	2.0355135639397215	29.566666666666666	59
966	conventional	60	4	4	0.7778132031829996	2.34234013950765	26.566666666666666	59
967	holistic	60	1	1	1.0309918948354253	2.0731559749682256	29.566666666666666	59
967	conventional	60	3	3	0.8222229209452241	3.263475317875175	26.366666666666667	58
968	holistic	60	3	3	0.9807387116173198	2.9887700851935635	28.433333333333334	59
968	conventional	60	2	2	0.8900965842517493	3.2488567967816087	27.283333333333335	59
969	holistic	60	4	4	0.975976176366063	2.5395324503757113	26.366666666666667	59
969	conventional	60	1	1	0.9007613569429206	2.41365466799606	27.283333333333335	58
970	holistic	60	2	2	1.2405905987407013	7.837004521915965	26.3	59
970	conventional	60	0	0	0.9385071058665129	2.585805719529952	28.283333333333335	59
971	holistic	60	3	3	1.1331725685923109	5.332402517538585	24.3	59
971	conventional	60	2	2	0.9323040384074014	1.8097531321607727	28.25	58
972	holistic	60	3	3	1.0654237747705506	3.498120091543367	23.233333333333334	58
972	conventional	60	0	0	0.9112260708138119	1.9166124466342154	29.25	59
973	holistic	60	0	0	1.1699718679456859	3.8524023872858075	24.233333333333334	59
973	conventional	60	2	2	0.885368309667946	1.4965740934947824	29.216666666666665	59
974	holistic	60	2	2	1.0909491918506606	2.489713401934318	24.1	58
974	conventional	60	2	2	0.8042531506524203	1.445773013168162	28.216666666666665	59
975	holistic	60	1	1	1.1175327388005216	2.389403593785071	25.033333333333335	59
975	conventional	60	1	1	0.8858838412629235	4.404075404619839	28.216666666666665	59
976	holistic	60	1	1	1.1066627029354563	3.3794836296232744	25.033333333333335	57
976	conventional	60	2	2	0.8890885343955505	3.9042187258014542	28.166666666666668	56
977	holistic	60	0	0	1.1340274576780034	2.9470102366970674	26.033333333333335	58
977	conventional	60	1	1	0.9505272972113173	3.4051745105543554	29.133333333333333	57
978	holistic	60	0	0	1.1651319983713304	3.171815052507269	27.033333333333335	59
978	conventional	60	1	1	0.935817814342729	2.8995063109450836	30.1	58
979	holistic	60	2	2	1.127678193802752	3.1228374822107825	26.966666666666665	59
979	conventional	60	1	1	0.9786881284853229	2.599472323821662	31.016666666666666	59
980	holistic	60	2	2	1.1659549320173725	3.9610784065830633	25.966666666666665	57
980	conventional	60	1	1	0.9160483883629389	2.3979123580408026	31.016666666666666	57
981	holistic	60	0	0	1.2112819075287566	3.4576263749453844	26.966666666666665	58
981	conventional	60	1	1	0.9390404131675293	2.254553507798162	31.983333333333334	58
982	holistic	60	0	0	1.1831808420272238	2.838404949882713	27.966666666666665	59
982	conventional	60	0	0	0.947007440222287	2.5220173602369376	32.983333333333334	59
983	holistic	60	1	1	1.1684917527452579	3.1112850283113613	27.966666666666665	59
983	conventional	60	3	3	0.9138023745154285	2.397724587567378	30.983333333333334	58
984	holistic	60	2	2	1.117791989478617	2.837459683965747	27.9	59
984	conventional	60	2	2	0.878874750543245	2.1955563779177942	31.616666666666667	59
985	holistic	60	2	2	1.0774890431208421	2.7610586204532366	27.716666666666665	59
985	conventional	60	7	7	0.750042317347461	2.305843260668491	26.533333333333335	58
986	holistic	60	1	1	1.1430990679606399	2.697128857331883	27.716666666666665	57
986	conventional	60	2	2	0.9950929264566134	5.487092974175091	27.45	59
987	holistic	60	1	1	1.152016078345003	2.572593830095818	28.666666666666668	58
987	conventional	60	3	3	0.9951951303677438	3.9789290559088997	26.383333333333333	59
988	holistic	60	1	1	1.1233490966373643	2.73160780790577	29.333333333333332	59
988	conventional	60	3	3	0.856139292448166	2.4789584192514185	26.316666666666666	59
989	holistic	60	1	1	1.1728378857341797	2.6049788121418387	29.333333333333332	59
989	conventional	60	1	1	0.8835346546636562	2.247664130428105	26.316666666666666	59
990	holistic	60	1	1	1.168676816282953	2.7843098893665497	29.333333333333332	59
990	conventional	60	3	3	0.9147986202830031	3.2464114818987175	26.183333333333334	58
991	holistic	60	4	4	1.133022397627142	2.8098883479692676	26.333333333333332	58
991	conventional	60	2	2	0.9166579133013283	1.9121158129039102	27.05	59
992	holistic	60	0	0	1.1876744905334868	3.337641486563322	27.333333333333332	59
992	conventional	60	3	3	0.9394339098988141	2.496040098820413	25.05	59
993	holistic	60	3	3	1.1146574446583377	2.743479365597267	26.3	57
993	conventional	60	2	2	0.8898385830597539	2.406636195076165	25.016666666666666	58
994	holistic	60	0	0	1.130647836363582	2.656911008858711	27.3	58
994	conventional	60	3	3	0.8620099227546186	1.913785732825607	25.9	59
995	holistic	60	1	1	1.1428714722047173	2.5345748585686083	28.233333333333334	59
995	conventional	60	3	3	0.8248723596827552	2.250584061976384	25.733333333333334	58
996	holistic	60	1	1	1.131791956287281	2.610548354155582	28.233333333333334	58
996	conventional	60	3	3	0.9163132744976245	2.667151911625929	26.566666666666666	59
997	holistic	60	0	0	1.1509191017199443	2.559919261315338	29.233333333333334	59
997	conventional	60	2	2	0.9484357621114591	2.817053307851635	26.383333333333333	59
998	holistic	60	3	3	1.1461384340140381	2.493317518260237	29.066666666666666	59
998	conventional	60	2	2	0.9682396400133956	2.582902260126733	26.35	58
999	holistic	60	2	2	1.1797887583878919	2.4316076597570087	28.066666666666666	59
999	conventional	60	0	0	1.016697825912451	2.1319247348969594	27.35	59
1000	holistic	60	2	2	1.1637517294200879	2.523860945720845	28.0	59
1000	conventional	60	1	1	0.9826773536673511	2.087888683851724	27.35	59
1001	holistic	60	1	1	1.148061260515717	2.4258795686852554	28.0	59
1001	conventional	60	2	2	0.9557934260515619	2.304425096098473	26.35	59
1002	holistic	60	3	3	1.135346267540059	3.9329740723502864	26.0	56
1002	conventional	60	3	3	0.8708795542079119	2.2140359724832392	26.266666666666666	59
1003	holistic	60	1	1	1.1778069415772114	2.936946972999138	26.933333333333334	57
1003	conventional	60	2	2	0.883373524905539	2.2136375422457135	26.233333333333334	59
1004	holistic	60	0	0	1.1534025133546717	2.371765954824965	27.933333333333334	58
1004	conventional	60	5	5	0.8651770569844796	2.712986975158276	24.183333333333334	59
1005	holistic	60	0	0	1.152033027376106	2.2952015052816424	28.933333333333334	59
1005	conventional	60	2	2	0.8251096223261264	2.5470616030472604	23.833333333333332	59
1006	holistic	60	1	1	1.127063248741585	2.2521240257118076	28.933333333333334	59
1006	conventional	60	4	4	0.8325196747777487	2.256430340794751	23.733333333333334	56
1007	holistic	60	1	1	1.1488790352375344	2.430889870214969	28.933333333333334	57
1007	conventional	60	0	0	0.9005658680921695	3.486409842392897	24.733333333333334	57
1008	holistic	60	0	0	1.161019715241704	2.5016403808312626	29.933333333333334	58
1008	conventional	60	2	2	0.8956843595071301	2.0683471463889376	25.516666666666666	58
1009	holistic	60	0	0	1.1780543534039216	2.355080334439261	30.933333333333334	59
1009	conventional	60	0	0	0.9041398402099383	2.474268433328097	26.516666666666666	59
1010	holistic	60	2	2	1.149388905568189	2.341698921450721	29.933333333333334	59
1010	conventional	60	2	2	0.9816107477381816	2.7867060547347817	26.483333333333334	57
1011	holistic	60	4	4	1.103403380999715	2.3286768709766763	28.733333333333334	59
1011	conventional	60	2	2	0.9552961182638379	2.140017941923087	27.383333333333333	58
1012	holistic	60	1	1	1.1280332400743813	2.2912137309997163	28.733333333333334	58
1012	conventional	60	1	1	0.9141225080706854	1.7838063828302757	28.366666666666667	59
1013	holistic	60	0	0	1.1222743350753521	2.30502672135588	29.733333333333334	59
1013	conventional	60	3	3	0.8836099703881484	1.747050331694716	27.25	57
1014	holistic	60	3	3	1.1066707824522963	2.3419127962271644	27.983333333333334	59
1014	conventional	60	1	1	0.8682132744082017	1.731872602407474	28.216666666666665	58
1015	holistic	60	2	2	1.0625272920747728	2.3299732076062303	27.916666666666668	57
1015	conventional	60	1	1	0.8739208693711475	1.6313684953480703	29.183333333333334	59
1016	holistic	60	0	0	1.0716451329348748	2.3185197481766617	28.916666666666668	58
1016	conventional	60	1	1	0.8492590845957897	1.7057277004043352	29.183333333333334	59
1017	holistic	60	1	1	1.1431450058985713	2.3747804110049486	29.8	59
1017	conventional	60	1	1	0.8901215389677838	1.734204918395963	29.183333333333334	57
1018	holistic	60	1	1	1.1253203874324662	2.4376154781448203	29.8	57
1018	conventional	60	0	0	0.9289725311921859	1.760693223370168	30.183333333333334	58
1019	holistic	60	0	0	1.145490503614968	2.3094863590118324	30.8	58
1019	conventional	60	0	0	1.0279760224998065	3.271987827962347	31.183333333333334	59
1020	holistic	60	0	0	1.1460188042116948	2.571347935927693	31.8	59
1020	conventional	60	2	2	0.972732987986445	2.617225323660396	30.183333333333334	59
1021	holistic	60	1	1	1.1229737779289553	2.4535226268052113	31.8	59
1021	conventional	60	1	1	0.9393762664828039	1.804224729203512	30.183333333333334	59
1022	holistic	60	2	2	1.0858545515840805	2.4209857383988047	31.733333333333334	58
1022	conventional	60	2	2	0.8855858416106417	2.3534744821081626	29.183333333333334	59
1023	holistic	60	0	0	1.1705536888409693	3.5656096296107	32.733333333333334	59
1023	conventional	60	1	1	0.8998527183620783	2.3507345936409645	29.183333333333334	58
1024	holistic	60	2	2	1.115559539807933	2.3796222346251876	31.733333333333334	58
1024	conventional	60	0	0	0.9140567193122459	2.546224831135262	30.183333333333334	59
1025	holistic	60	0	0	1.1084083880138744	2.38802833750646	32.733333333333334	59
1025	conventional	60	1	1	0.8893956596258529	2.0396416012521548	30.183333333333334	59
1026	holistic	60	3	3	1.0267020558604871	2.378046322688758	30.733333333333334	59
1026	conventional	60	4	4	0.798941219722842	1.5301363763070632	28.116666666666667	59
1027	holistic	60	2	2	0.9800475285322788	2.331890615075565	30.466666666666665	59
1027	conventional	60	3	3	0.7936748621563776	2.413047778820097	26.116666666666667	59
1028	holistic	60	4	4	0.9955595519293112	2.304979446825658	30.3	59
1028	conventional	60	3	3	0.7977394155015894	2.0149352562143377	25.066666666666666	57
1029	holistic	60	3	3	1.0201914928494995	2.767693355355869	28.3	59
1029	conventional	60	2	2	0.8685053720944029	2.414978793060688	26.016666666666666	58
1030	holistic	60	2	2	1.0743990219716237	4.912209328619304	27.3	59
1030	conventional	60	0	0	0.8925075725424354	1.9187544275704325	27.016666666666666	59
1031	holistic	60	3	3	0.9890270289223941	3.425931382547854	26.233333333333334	59
1031	conventional	60	1	1	0.8686388152872926	1.79032714370534	27.016666666666666	58
1032	holistic	60	5	5	1.0040313992970182	2.603614724386912	24.1	58
1032	conventional	60	0	0	0.8910556530886261	1.7886747895830866	28.016666666666666	59
1033	holistic	60	1	1	1.0825990757889867	4.783539591007293	24.983333333333334	59
1033	conventional	60	2	2	0.8435645109375111	1.883261571360205	27.816666666666666	59
1034	holistic	60	3	3	1.0254632764804192	3.820608287593178	24.883333333333333	58
1034	conventional	60	1	1	0.9144906029121264	4.501182482973353	27.816666666666666	58
1035	holistic	60	0	0	1.0801088267467054	4.1529112994240345	25.883333333333333	59
1035	conventional	60	0	0	0.9230302519236492	2.518846443766403	28.816666666666666	59
1036	holistic	60	2	2	1.0907018987511883	5.072247976880179	25.816666666666666	57
1036	conventional	60	1	1	0.8659903088736975	1.7371893527055176	28.816666666666666	59
1037	holistic	60	1	1	1.0579341874173995	4.020749517364568	26.75	58
1037	conventional	60	1	1	0.8203015377203203	1.6982421929978144	28.816666666666666	59
1038	holistic	60	2	2	1.0662420707900342	3.6547051965539086	27.083333333333332	59
1038	conventional	60	2	2	0.8094415949452696	1.6561073984360952	28.783333333333335	55
1039	holistic	60	2	2	1.003093910600168	3.2497824999860803	26.083333333333332	59
1039	conventional	60	1	1	0.8185112915071443	1.5421056973096439	29.6	56
1040	holistic	60	3	3	1.0190978234203893	2.8784498800259777	25.816666666666666	57
1040	conventional	60	1	1	0.826201484423277	1.5238999580345767	30.566666666666666	57
1041	holistic	60	1	1	0.9891431548779577	2.7090659476425625	26.616666666666667	58
1041	conventional	60	0	0	0.85409057919154	1.5940968070505275	31.566666666666666	58
1042	holistic	60	2	2	1.0268332774916082	2.5202381533169427	27.483333333333334	59
1042	conventional	60	0	0	0.8562334273659574	1.59512030455122	32.56666666666667	59
1043	holistic	60	1	1	0.987575902278723	2.2741837363274806	27.483333333333334	59
1043	conventional	60	1	1	0.8675593760784875	1.930433829660555	32.56666666666667	58
1044	holistic	60	1	1	0.9777699766265532	2.198261306085035	27.483333333333334	59
1044	conventional	60	0	0	0.861909038765702	1.8234780226325533	33.56666666666667	59
1045	holistic	60	5	5	1.0120248808472456	2.7321700668632722	26.233333333333334	59
1045	conventional	60	5	5	0.7877683553220874	1.6263932259534746	29.566666666666666	57
1046	holistic	60	2	2	0.9813058768826154	2.5470027496353906	26.166666666666668	59
1046	conventional	60	0	0	0.9105018938343362	2.7278030403624376	30.566666666666666	58
1047	holistic	60	1	1	1.0241716303564279	3.1290221666851368	26.166666666666668	59
1047	conventional	60	0	0	0.8818612994231879	1.625252317284298	31.566666666666666	59
1048	holistic	60	1	1	1.0314055235140325	3.4775941264399286	26.166666666666668	59
1048	conventional	60	3	3	0.8311513186877271	1.7721824233409658	30.333333333333332	59
1049	holistic	60	5	5	1.0941941876282717	3.8169907740880533	25.9	59
1049	conventional	60	1	1	0.922637736240648	5.204936417379985	30.333333333333332	59
1050	holistic	60	2	2	1.104097415650105	2.922711280851231	25.833333333333332	59
1050	conventional	60	2	2	0.8969385828978275	3.7073766926919407	29.333333333333332	58
1051	holistic	60	2	2	1.1028202527577553	2.8761099896394575	25.766666666666666	58
1051	conventional	60	0	0	0.97008190895959	2.5498117988102904	30.333333333333332	59
1052	holistic	60	1	1	1.0745395234420654	2.884754599052439	26.716666666666665	59
1052	conventional	60	3	3	0.9315467791619587	1.8558098521680095	30.15	58
1053	holistic	60	7	7	1.0328526601253	3.221305410261119	24.5	55
1053	conventional	60	1	1	0.9441651676367557	2.2474183258295275	31.083333333333332	59
1054	holistic	60	1	1	1.0766188826671048	3.85777968361465	25.433333333333334	56
1054	conventional	60	3	3	0.8574756611863972	1.554593572198606	29.083333333333332	59
1055	holistic	60	1	1	1.269545155926302	7.714677535027687	26.366666666666667	57
1055	conventional	60	3	3	0.8732656181007722	1.7312831135715585	28.05	59
1056	holistic	60	1	1	1.2394716179843306	4.849672014154327	27.316666666666666	58
1056	conventional	60	3	3	1.0424663948120536	6.281751556261469	26.983333333333334	59
1057	holistic	60	2	2	1.1768820632638828	3.5917503470099263	28.183333333333334	59
1057	conventional	60	3	3	0.989162557436296	3.7797627331230483	25.966666666666665	57
1058	holistic	60	3	3	1.0905045704321004	3.0441442955252285	26.183333333333334	59
1058	conventional	60	1	1	0.992959441254846	2.9485656888200826	26.95	58
1059	holistic	60	1	1	1.1260288009788393	2.674690902877306	26.183333333333334	59
1059	conventional	60	0	0	1.0409172901231782	3.2288348663617263	27.95	59
1060	holistic	60	2	2	1.1748149247436852	3.883737658961554	25.183333333333334	59
1060	conventional	60	1	1	0.9949143372980008	2.88791715249045	27.95	58
1061	holistic	60	3	3	1.1389797090357474	3.2133464617992646	25.05	59
1061	conventional	60	1	1	0.9601955145356781	1.9775182746567173	28.8	59
1062	holistic	60	3	3	1.217811564608424	3.130390174702126	23.983333333333334	56
1062	conventional	60	2	2	0.9488098116794987	1.996414204309121	27.8	59
1063	holistic	60	0	0	1.1950324093812499	2.6787123998118547	24.983333333333334	57
1063	conventional	60	1	1	0.9548405455881749	2.0402747809338515	27.8	59
1064	holistic	60	0	0	1.2340701700571188	2.651014136548865	25.983333333333334	58
1064	conventional	60	3	3	0.981534165011302	1.9588967844706093	26.766666666666666	59
1065	holistic	60	1	1	1.2546450857186522	2.6054793247627255	26.916666666666668	59
1065	conventional	60	1	1	1.034120332142808	1.9765183196780032	26.766666666666666	59
1066	holistic	60	1	1	1.2428569264527944	2.8236050733752878	26.916666666666668	56
1066	conventional	60	2	2	1.0199633755278503	2.0471322284733855	25.766666666666666	58
1067	holistic	60	0	0	1.338093244783194	3.9342173226931973	27.916666666666668	57
1067	conventional	60	0	0	1.0786112352621844	2.6093130861155713	26.766666666666666	59
1068	holistic	60	0	0	1.2922478949234548	2.995778510283889	28.916666666666668	58
1068	conventional	60	1	1	1.0326209002889677	1.8856822962152024	26.766666666666666	58
1069	holistic	60	0	0	1.3250257454674172	2.760536923012872	29.916666666666668	59
1069	conventional	60	0	0	1.0648828534756292	2.198030665139311	27.766666666666666	59
1070	holistic	60	1	1	1.2703611729407398	2.5714638712844526	29.916666666666668	59
1070	conventional	60	1	1	1.0098744330123897	1.9532325853598638	27.766666666666666	59
1071	holistic	60	2	2	1.218870000040642	2.3891192444448848	28.916666666666668	59
1071	conventional	60	1	1	1.0428837981176773	2.0985581005404383	27.766666666666666	58
1072	holistic	60	1	1	1.2728526844510162	2.4548796755597184	28.916666666666668	58
1072	conventional	60	0	0	1.0836908899469138	4.306990327234309	28.766666666666666	59
1073	holistic	60	0	0	1.2651161873842875	2.4868412677225846	29.916666666666668	59
1073	conventional	60	2	2	1.023747803335015	3.3080008891126256	27.766666666666666	59
1074	holistic	60	4	4	1.2107204369500755	2.371468807688923	27.85	59
1074	conventional	60	2	2	1.0452179344334482	3.287800530821171	27.666666666666668	59
1075	holistic	60	2	2	1.340579251319934	5.90667377635245	26.85	58
1075	conventional	60	1	1	1.0273377255289131	2.3090793905611373	27.666666666666668	59
1076	holistic	60	1	1	1.331302789692295	2.9090615789296157	27.516666666666666	59
1076	conventional	60	1	1	1.0566350103254643	2.438411056986962	27.666666666666668	59
1077	holistic	60	1	1	1.3317157694884831	3.7597926987947865	27.516666666666666	56
1077	conventional	60	2	2	1.045605340761798	2.1439450679210936	27.65	57
1078	holistic	60	1	1	1.3946106116385777	4.671638717008688	28.416666666666668	57
1078	conventional	60	0	0	1.1940777359624333	4.4489539501002575	28.65	58
1079	holistic	60	0	0	1.3301828538255618	2.4174787280722563	29.416666666666668	58
1079	conventional	60	0	0	1.163081774627958	2.91992841212189	29.65	59
1080	holistic	60	0	0	1.3333482580880949	2.4728978554968957	30.416666666666668	59
1080	conventional	60	2	2	1.0650837156886852	2.283869117706972	28.65	58
1081	holistic	60	1	1	1.2948738806255473	2.2897772298348804	30.416666666666668	59
1081	conventional	60	0	0	1.0131553158925182	2.278540441127455	29.65	59
1082	holistic	60	2	2	1.2770189116079675	2.4625178191269095	29.416666666666668	56
1082	conventional	60	1	1	0.9806257548132119	2.159207973768572	29.65	59
1083	holistic	60	0	0	1.2962703023021525	3.8833243833318694	30.416666666666668	57
1083	conventional	60	2	2	0.9505394443534546	1.970591862858051	29.6	57
1084	holistic	60	0	0	1.2959241612245713	3.2142349556830503	31.416666666666668	58
1084	conventional	60	0	0	1.0552662778399498	3.3061949738840863	30.6	58
1085	holistic	60	0	0	1.3175068141360666	3.1321935302616137	32.416666666666664	59
1085	conventional	60	1	1	1.0370063994465293	2.639796696285312	31.516666666666666	59
1086	holistic	60	2	2	1.2606434134059123	2.6815189321026054	32.35	59
1086	conventional	60	4	4	0.9649648256443629	1.835052938956761	28.516666666666666	59
1087	holistic	60	1	1	1.2468627206404246	2.382940907570521	32.35	59
1087	conventional	60	2	2	0.923853705195554	2.398639799369855	27.516666666666666	59
1088	holistic	60	1	1	1.2206229324799172	2.3282620386350206	32.35	59
1088	conventional	60	4	4	0.9635685037512628	1.9931010441385495	27.416666666666668	59
1089	holistic	60	2	2	1.21086883965183	2.1942699691617964	31.35	59
1089	conventional	60	3	3	1.000464577662371	3.471712325832498	26.4	58
1090	holistic	60	1	1	1.2329937659831711	2.7872767161068435	31.35	59
1090	conventional	60	0	0	0.9796874624368198	4.387360128794641	27.4	59
1091	holistic	60	4	4	1.1190119745132188	2.1285195037990783	29.266666666666666	59
1091	conventional	60	1	1	0.8917449022479466	1.9604689355715457	27.4	58
1092	holistic	60	3	3	1.101792041662432	2.189903582365236	27.266666666666666	58
1092	conventional	60	3	3	0.8980280145040962	1.7140661457028865	28.233333333333334	59
1093	holistic	60	0	0	1.13944437568581	2.1819743649250283	28.266666666666666	59
1093	conventional	60	2	2	0.8690934259180645	2.2076706691532735	27.233333333333334	56
1094	holistic	60	3	3	1.0682198058974641	2.1306287968892437	27.2	58
1094	conventional	60	1	1	0.9221025501803933	2.6677896460690285	28.2	57
1095	holistic	60	0	0	1.1429318275465359	2.166622890503152	28.2	59
1095	conventional	60	1	1	0.9583633307100725	2.356422337751302	29.15	58
1096	holistic	60	1	1	1.1485315964943836	2.355467209008309	28.2	57
1096	conventional	60	0	0	0.9839916509855805	3.013932104048157	30.15	59
1097	holistic	60	0	0	1.1744887260073356	2.507132827782679	29.2	58
1097	conventional	60	1	1	0.9638347351646648	3.090227139683216	30.15	59
1098	holistic	60	1	1	1.197623744690268	2.5214954523104285	30.133333333333333	59
1098	conventional	60	1	1	0.9787354859949738	3.0912793957801927	30.15	59
1099	holistic	60	2	2	1.222027724582731	2.7346521153920005	29.133333333333333	59
1099	conventional	60	1	1	0.9784174176392976	2.933282791101138	30.15	59
1100	holistic	60	4	4	1.2326689567093978	3.853536251222867	27.066666666666666	57
1100	conventional	60	1	1	0.9688719447563495	2.2392011194912023	30.15	55
1101	holistic	60	0	0	1.2513803700728776	3.3524483236627134	28.066666666666666	58
1101	conventional	60	0	0	1.0183719277572956	2.855554666360897	31.15	56
1102	holistic	60	1	1	1.271488382271836	2.5689354962906195	29.033333333333335	59
1102	conventional	60	0	0	1.017650879253895	2.2128726316636653	32.15	57
1103	holistic	60	1	1	1.2339906268700773	2.6133527219932233	29.033333333333335	59
1103	conventional	60	0	0	1.0068355903626736	2.6244092021557184	33.15	58
1104	holistic	60	2	2	1.1988037147604405	2.521182681794483	28.966666666666665	59
1104	conventional	60	0	0	1.0058559629466945	2.5604038774327234	34.15	59
1105	holistic	60	1	1	1.2100129194506557	2.4348919833815006	28.966666666666665	59
1105	conventional	60	5	5	0.9085256405595943	2.383644344260658	30.15	57
1106	holistic	60	1	1	1.2216464764522825	2.416673019917978	28.966666666666665	58
1106	conventional	60	0	0	0.9397879238707177	2.204779335213529	31.15	58
1107	holistic	60	0	0	1.2522018470691263	2.7647740921412427	29.966666666666665	59
1107	conventional	60	0	0	0.9841282113700703	2.3091548882938753	32.15	59
1108	holistic	60	1	1	1.2005734366762038	2.383433390933167	29.966666666666665	59
1108	conventional	60	3	3	0.9415639446266078	1.9367016833839277	30.15	58
1109	holistic	60	3	3	1.1752612853486333	2.396707570721633	28.9	57
1109	conventional	60	0	0	0.9112112793419966	1.8849222786966695	31.15	59
1110	holistic	60	1	1	1.2677904818000376	3.798056314325405	29.766666666666666	58
1110	conventional	60	3	3	0.92934894336328	1.7505286349264078	31.083333333333332	58
1111	holistic	60	0	0	1.2206957378941639	2.963872557087477	30.766666666666666	59
1111	conventional	60	0	0	0.9088407802566604	1.9073438856584894	32.083333333333336	59
1112	holistic	60	2	2	1.1873800740134355	2.7658019887563063	30.633333333333333	59
1112	conventional	60	2	2	0.9309383966113907	2.0015778783615237	32.05	58
1113	holistic	60	4	4	1.1875148807354456	3.0513911252929407	27.633333333333333	59
1113	conventional	60	0	0	1.0264015929984354	3.3764992541117906	33.05	59
1114	holistic	60	2	2	1.168830633863313	3.0155762244419595	27.566666666666666	59
1114	conventional	60	3	3	0.9666617206143301	2.3755435136237177	31.05	59
1115	holistic	60	1	1	1.1428134388576174	2.876224478113158	27.566666666666666	57
1115	conventional	60	4	4	0.9492125248986006	1.8650916162077762	29.033333333333335	59
1116	holistic	60	0	0	1.1507597146780488	2.7649760506796306	28.566666666666666	58
1116	conventional	60	2	2	0.988015704924735	3.3884323001008663	28.033333333333335	59
1117	holistic	60	3	3	1.1671302180127072	2.6737998266089598	29.366666666666667	59
1117	conventional	60	3	3	0.8890081788329719	1.9701599669684888	27.0	59
1118	holistic	60	4	4	1.1600990816485794	2.793802996031201	28.2	59
1118	conventional	60	2	2	0.8902826083673135	2.2022764931563183	26.966666666666665	58
1119	holistic	60	2	2	1.1454995430180976	2.6891190220676577	28.133333333333333	59
1119	conventional	60	1	1	0.9250667227735533	2.2236810794854818	27.933333333333334	59
1120	holistic	60	2	2	1.0868482051918034	2.7660496467096114	27.133333333333333	59
1120	conventional	60	2	2	0.8681577730663392	1.9947308420154044	27.9	59
1121	holistic	60	3	3	1.1413539556516796	2.699386234915403	26.066666666666666	59
1121	conventional	60	3	3	0.8000711476959375	1.8302297124259963	27.816666666666666	59
1122	holistic	60	3	3	1.2992965615956222	4.9257680510083395	24.066666666666666	57
1122	conventional	60	2	2	0.9170073429998211	5.38751715455445	27.783333333333335	59
1123	holistic	60	0	0	1.2784983719152738	3.4257670473732	25.066666666666666	58
1123	conventional	60	3	3	0.8699402666916256	2.919508404320226	27.45	59
1124	holistic	60	0	0	1.2881546693854249	2.922609417258325	26.066666666666666	59
1124	conventional	60	3	3	1.0034741823076632	5.438851691544888	25.45	59
1125	holistic	60	1	1	1.2465318658237408	2.6609795106345095	26.066666666666666	59
1125	conventional	60	2	2	0.9442890325225659	3.6870706152633486	25.4	59
1126	holistic	60	2	2	1.1901747385859336	2.6661405708270784	25.933333333333334	55
1126	conventional	60	2	2	0.8839424877368034	3.2422408641910456	24.4	56
1127	holistic	60	1	1	1.1978429487237012	2.589889770798451	26.8	56
1127	conventional	60	1	1	1.0233963957275913	6.478115929655892	25.316666666666666	57
1128	holistic	60	0	0	1.3351709107266028	3.839090634778017	27.8	57
1128	conventional	60	1	1	1.0091275750704896	3.9917312464011436	26.25	58
1129	holistic	60	0	0	1.2996740748270248	3.347147997945469	28.8	58
1129	conventional	60	0	0	0.9646699065365251	3.8296822128988754	27.25	59
1130	holistic	60	0	0	1.3078080130973253	2.5146596961952015	29.8	59
1130	conventional	60	1	1	0.9478634421393137	2.9959410367261565	27.25	59
1131	holistic	60	2	2	1.2324801905039433	2.847471621773625	28.8	57
1131	conventional	60	1	1	0.9266614505086822	2.8977055325397463	27.25	58
1132	holistic	60	0	0	1.259989816909989	2.923495189934139	29.8	58
1132	conventional	60	0	0	0.8879387925296961	2.65879132210356	28.25	59
1133	holistic	60	1	1	1.22997619369925	2.4469202617040717	30.616666666666667	59
1133	conventional	60	3	3	0.8624636039917493	2.2106352906758437	27.2	59
1134	holistic	60	4	4	1.1278692489847921	2.374661787994557	27.616666666666667	59
1134	conventional	60	2	2	0.8930132283856078	2.4485251372804653	26.2	59
1135	holistic	60	2	2	1.17986437917046	2.7615058689839467	26.616666666666667	59
1135	conventional	60	3	3	0.8549306992501121	1.7199727250201908	25.95	58
1136	holistic	60	1	1	1.1665306367362398	2.3006170076208607	26.616666666666667	59
1136	conventional	60	0	0	0.824708290779668	1.697688124168375	26.95	59
1137	holistic	60	1	1	1.155463301492951	2.3803102336946758	26.616666666666667	59
1137	conventional	60	4	4	0.8372436904077508	1.571888703902891	25.85	55
1138	holistic	60	2	2	1.1710170742036967	2.485401752173431	26.55	57
1138	conventional	60	1	1	0.8109700418201141	1.7485410839293027	26.8	56
1139	holistic	60	0	0	1.2190295826311255	2.3431576032815733	27.55	58
1139	conventional	60	1	1	0.9286459220551839	4.867204090846043	27.766666666666666	57
1140	holistic	60	0	0	1.2725197970439337	2.4647824601271275	28.55	59
1140	conventional	60	1	1	0.920230833969184	4.040706650640859	28.65	58
1141	holistic	60	1	1	1.2149756366909144	2.278251820418969	28.55	59
1141	conventional	60	1	1	0.9097519160677459	2.8625230806484896	29.616666666666667	59
1142	holistic	60	1	1	1.195954658091192	2.183454321339135	28.55	56
1142	conventional	60	2	2	0.8392269321530382	2.1481907726193676	29.6	59
1143	holistic	60	0	0	1.1946601628329463	2.2253032516773037	29.55	57
1143	conventional	60	3	3	0.8455177804796118	1.8371261869584121	28.116666666666667	58
1144	holistic	60	1	1	1.1795488892799548	2.268034061385612	30.416666666666668	58
1144	conventional	60	0	0	0.8773685728111439	2.7927715144799814	29.116666666666667	59
1145	holistic	60	0	0	1.261179207274552	3.8777523062992154	31.416666666666668	59
1145	conventional	60	1	1	0.8886985038240752	1.7962751949407925	29.116666666666667	59
1146	holistic	60	2	2	1.2488706131765133	3.376227405807575	31.35	59
1146	conventional	60	1	1	0.9004422740861309	2.128969276178886	29.116666666666667	59
1147	holistic	60	1	1	1.2800854331662361	2.8500256816872254	31.35	59
1147	conventional	60	2	2	0.8724141049987942	1.8005135441595095	28.116666666666667	59
1148	holistic	60	1	1	1.2583470017248477	2.84087986939094	31.35	59
1148	conventional	60	4	4	0.8292665909645275	1.986990490855063	26.933333333333334	59
1149	holistic	60	2	2	1.1888669358347366	2.53642177997561	30.35	58
1149	conventional	60	2	2	0.9519877260998888	4.430753301858152	26.883333333333333	58
1150	holistic	60	1	1	1.230581797530309	2.4193717941402797	31.283333333333335	59
1150	conventional	60	1	1	0.9449533249871754	2.488320260754534	27.833333333333332	59
1151	holistic	60	4	4	1.0780653578752966	2.312581890615863	28.283333333333335	59
1151	conventional	60	3	3	0.8554287186910929	2.4490300516494137	27.783333333333335	59
1152	holistic	60	3	3	1.0738710101269178	2.293876549284661	26.283333333333335	58
1152	conventional	60	1	1	0.8672842629168916	1.933272120873716	27.783333333333335	59
1153	holistic	60	1	1	1.0752005541015137	2.355810565617591	27.216666666666665	59
1153	conventional	60	4	4	0.8494196204268829	1.6916473756207382	26.616666666666667	59
1154	holistic	60	2	2	1.0671054101586086	2.4111560874576017	26.216666666666665	56
1154	conventional	60	1	1	0.8562073527309443	1.9125486065474655	26.616666666666667	59
1155	holistic	60	1	1	1.0630410567146384	2.3913435762573676	27.15	57
1155	conventional	60	1	1	0.8431514421007523	1.5766336999640538	26.616666666666667	58
1156	holistic	60	0	0	1.0799637911218745	2.442137585387935	28.15	58
1156	conventional	60	0	0	0.888599628709245	1.663931756519797	27.616666666666667	59
1157	holistic	60	1	1	1.1399900930881612	2.3889252620805106	29.1	59
1157	conventional	60	2	2	0.8813185674821982	1.860531009724109	27.55	59
1158	holistic	60	1	1	1.1583124150658064	2.4362469252289976	29.1	59
1158	conventional	60	2	2	0.8653867800950414	1.709240844193393	27.466666666666665	59
1159	holistic	60	2	2	1.086172158291912	2.543070292317072	28.1	59
1159	conventional	60	1	1	0.8874983603812208	1.6304396175405735	27.466666666666665	59
1160	holistic	60	3	3	1.06729903567155	2.522157308139249	26.966666666666665	57
1160	conventional	60	1	1	0.9376382113395911	2.331535363153747	27.466666666666665	55
1161	holistic	60	1	1	1.2265038051119406	5.592108035502466	27.9	58
1161	conventional	60	0	0	0.9081292773806452	1.8294296158293508	28.466666666666665	56
1162	holistic	60	0	0	1.2037991147043452	4.091842429544967	28.9	59
1162	conventional	60	0	0	0.9071464045974417	1.7862162379496738	29.466666666666665	57
1163	holistic	60	1	1	1.23044793565521	3.351416649314727	28.9	59
1163	conventional	60	0	0	0.9127633846619242	1.6990893111747771	30.466666666666665	58
1164	holistic	60	1	1	1.1754355174816038	2.592798935871878	28.9	58
1164	conventional	60	0	0	0.8754389548053964	1.5564777894017954	31.466666666666665	59
1165	holistic	60	0	0	1.2125371981284248	2.4222235496052393	29.9	59
1165	conventional	60	5	5	0.7987552844879106	1.5543291029012445	27.466666666666665	57
1166	holistic	60	1	1	1.194430958211021	2.8552221221401957	29.9	58
1166	conventional	60	1	1	0.9157270103054708	2.317657512812636	28.033333333333335	58
1167	holistic	60	1	1	1.2073185991643216	3.8556739493834606	30.766666666666666	59
1167	conventional	60	0	0	1.0146475822735606	3.630515425050026	29.033333333333335	59
1168	holistic	60	1	1	1.212210866287683	4.1393200339124085	30.766666666666666	59
1168	conventional	60	1	1	0.9596412357177005	2.732402236196819	29.033333333333335	58
1169	holistic	60	4	4	1.1932329830724084	3.977442457856163	28.616666666666667	57
1169	conventional	60	1	1	0.991279490294886	2.91085582607042	29.85	59
1170	holistic	60	1	1	1.2362904051094896	4.297047498058331	29.55	58
1170	conventional	60	2	2	0.9643316435511966	2.279946003602345	28.85	58
1171	holistic	60	0	0	1.2356594114735355	3.952465510333331	30.55	59
1171	conventional	60	1	1	0.9064736359774663	1.7366308439402978	29.75	59
1172	holistic	60	1	1	1.1789550400639077	3.6709208858122775	30.55	59
1172	conventional	60	1	1	0.9090835765564811	1.9771770241662538	29.75	57
1173	holistic	60	2	2	1.1919461005932035	3.8511567932826396	30.483333333333334	59
1173	conventional	60	1	1	0.8497450671433227	1.7844099833056677	30.733333333333334	58
1174	holistic	60	1	1	1.224391331823303	4.3133828878588405	30.483333333333334	57
1174	conventional	60	1	1	0.8765634920064627	1.6356241664904096	31.683333333333334	59
1175	holistic	60	0	0	1.3526663089650972	4.855121766487197	31.483333333333334	58
1175	conventional	60	3	3	0.8936429736747455	4.382521880718662	29.683333333333334	59
1176	holistic	60	0	0	1.2912321211140894	4.3865144549562745	32.483333333333334	59
1176	conventional	60	1	1	0.8694015479170266	2.386785001469347	29.683333333333334	59
1177	holistic	60	3	3	1.2761948509602299	4.540597437898026	31.35	59
1177	conventional	60	1	1	0.8309504927322445	1.6552808225546782	29.683333333333334	59
1178	holistic	60	3	3	1.3289851726050435	4.558777158931214	29.35	59
1178	conventional	60	3	3	0.8397533287331249	1.645542088865938	29.25	59
1179	holistic	60	1	1	1.5351098272564732	7.725269508818613	29.35	59
1179	conventional	60	2	2	0.8317176848072526	2.312483596410809	28.916666666666668	58
1180	holistic	60	2	2	1.4439993362461854	6.724890203716465	28.35	59
1180	conventional	60	2	2	0.868373342608148	2.5992844665318597	29.8	59
1181	holistic	60	3	3	1.461452798556463	5.386980428448329	26.35	59
1181	conventional	60	3	3	0.8536323139487434	2.2666480550808146	27.8	58
1182	holistic	60	2	2	1.452621516606385	4.186113671478413	25.35	57
1182	conventional	60	1	1	0.85032565046218	2.4441190146104224	28.6	59
1183	holistic	60	1	1	1.5203180061236834	4.11943881845763	26.316666666666666	58
1183	conventional	60	4	4	0.8441474740350482	1.5181870121312484	26.55	59
1184	holistic	60	0	0	1.4965219488604453	4.054588112690573	27.316666666666666	59
1184	conventional	60	1	1	0.8913418358048953	3.8017419067116713	26.55	59
1185	holistic	60	2	2	1.4415173038698819	3.8936526886677547	27.25	59
1185	conventional	60	4	4	0.8388432515109462	2.315179350958584	25.366666666666667	59
1186	holistic	60	2	2	1.4646276517738301	3.891704582348254	26.25	59
1186	conventional	60	3	3	0.7994570985267824	1.7389385992111321	24.35	59
1187	holistic	60	1	1	1.4259287464181867	3.736403744338495	26.25	56
1187	conventional	60	1	1	0.8769890098405474	3.3367776467256536	24.35	59
1188	holistic	60	0	0	1.419883382795145	3.666551273394626	27.25	57
1188	conventional	60	4	4	0.8362068896384645	1.8096228874235187	24.216666666666665	55
1189	holistic	60	0	0	1.3951505982796002	3.6015572044026642	28.25	58
1189	conventional	60	0	0	0.8911891140725587	3.6668665484389056	25.216666666666665	56
1190	holistic	60	1	1	1.3594508672683203	3.5068632467266543	29.183333333333334	59
1190	conventional	60	2	2	0.886432568626032	2.1034995113365866	26.0	57
1191	holistic	60	2	2	1.3138186313153983	3.551353020141229	28.183333333333334	58
1191	conventional	60	0	0	0.8321686219026716	1.6023558831359646	27.0	58
1192	holistic	60	0	0	1.3336761934210613	3.464186556632606	29.183333333333334	59
1192	conventional	60	0	0	0.8219938096478988	1.4378429106755404	28.0	59
1193	holistic	60	1	1	1.322525670590809	3.35162022809942	29.183333333333334	59
1193	conventional	60	1	1	0.7955442243100127	1.610231214539316	28.0	59
1194	holistic	60	3	3	1.2446378029792493	3.245679572008158	27.183333333333334	59
1194	conventional	60	2	2	0.7945781481894267	2.5113869882474975	27.0	59
1195	holistic	60	3	3	1.2630216360991524	3.175195938472634	26.1	58
1195	conventional	60	2	2	0.8130384468107014	2.242305390522699	26.983333333333334	58
1196	holistic	60	0	0	1.3744840391620348	3.2517333189695767	27.1	59
1196	conventional	60	1	1	0.8352690383944802	2.3123807609242126	27.966666666666665	59
1197	holistic	60	2	2	1.333891955451387	3.240613958443379	27.033333333333335	59
1197	conventional	60	3	3	0.7734129110850588	1.5067072207939574	25.966666666666665	59
1198	holistic	60	2	2	1.4246852177396723	3.6969361881024687	26.033333333333335	57
1198	conventional	60	1	1	0.7870291731464774	1.530330816196059	25.966666666666665	56
1199	holistic	60	1	1	1.440216368095043	3.141105071973808	26.966666666666665	58
1199	conventional	60	0	0	0.8281720254090338	2.6030222277294848	26.966666666666665	57
