population	name	born	g1	g2	n1	n2	ns	g2_contact	g2_height	g2_up	g2_joint	g1_other	g1_vel
holistic	h0-0	-38	0	0	0	0	1	0	0	0	0	0	0
holistic	h0-1	-1	0	0	0	0	0	0	0	0	0	0	0
holistic	h0-2	-31	0	0	0	0	0	0	0	0	0	0	0
holistic	h0-3	-12	0	0	0	0	0	0	0	0	0	0	2.599733
holistic	h0-4	-48	0	0	0	0	0	0	0	0	0	0	0
holistic	h0-5	-28	2.728316	3.176458	4	8	4	0	2.690966	0	0.485492	0	0
holistic	h0-6	-22	0	0	0	0	1	0	0	0	0	0	0
holistic	h0-7	-29	0	0	0	0	1	0	0	0	0	0	0
holistic	h0-8	-33	0	0	0	0	5	0	0	0	0	0	0
holistic	h0-9	-25	7.115061	82.549183	7	43	14	26.004970	0	56.365419	0.178794	1.743213	0
holistic	h0-10	-8	0	0	0	0	0	0	0	0	0	0	0
holistic	h0-11	-59	0.758497	1.116619	2	2	2	0	1.116619	0	0	0	0
holistic	h0-12	-35	0	0	0	0	0	0	0	0	0	1.733320	0
holistic	h0-13	-20	0	0	0	0	3	0	0	0	0	0	0
holistic	h0-14	-4	0	0.676976	0	8	17	0.250671	0	0.204864	0.221441	0	0
holistic	h0-15	-16	0	0	0	0	8	0	0	0	0	0	0
holistic	h0-16	-8	0	3.010691	0	3	3	0	0	3.010691	0	0	0
holistic	h0-17	-23	0	0	0	0	3	0	0	0	0	0	0
holistic	h0-18	-8	0	0	0	0	1	0	0	0	0	0	0
holistic	h0-19	-58	0	0	0	0	0	0	0	0	0	0	0
holistic	h0-20	-13	0	0	0	0	6	0	0	0	0	0	0
holistic	h0-21	-43	0	0	0	0	4	0	0	0	0	0	0
holistic	h0-22	-59	0	2.680232	0	4	2	0	0	0	2.680232	3.365970	0
holistic	h0-23	-21	0	0	0	0	0	0	0	0	0	0	0
holistic	h0-24	-37	0	0	0	0	1	0	0	0	0	0	0
holistic	h0-25	-27	0.287752	23.577659	4	50	18	0	0	23.577659	0	0	0
holistic	h0-26	-30	0	0	0	0	4	0	0	0	0	0	0
holistic	h0-27	-3	0.041708	1.266546	2	2	2	0	0	0	1.266546	0.569632	0
holistic	h0-28	-45	0	0	0	0	0	0	0	0	0	0.179394	0
holistic	h0-29	-48	0	0	0	0	1	0	0	0	0	0.378888	0
holistic	h0-30	-25	0	0	0	0	4	0	0	0	0	0	0
holistic	h0-31	-11	0	4.108004	0	2	3	0	0	0	4.108004	0	0
holistic	h0-32	-12	0	0	0	0	0	0	0	0	0	0	1.537798
holistic	h0-33	-51	0	0	0	0	0	0	0	0	0	0	0
holistic	h0-34	-29	0.753917	1.047864	2	2	3	1.047864	0	0	0	0	0
holistic	h0-35	-39	0	0.551781	0	9	3	0	0	0	0.551781	6.154644	0
holistic	h0-36	-50	0	0	0	0	5	0	0	0	0	0	0
holistic	h0-37	-6	3.976941	27.995599	6	56	8	25.432236	0	0	2.563363	2.056235	0
holistic	h0-38	-1	0	0	0	0	6	0	0	0	0	0	0
holistic	h0-39	-4	3.879264	3.879264	4	4	4	0	3.879264	0	0	0	0
holistic	h0-40	-3	0	0	0	0	0	0	0	0	0	0	0
holistic	h0-41	-43	0	0	0	0	1	0	0	0	0	0	0
holistic	h0-42	-44	0	0	0	0	0	0	0	0	0	0	0
holistic	h0-43	-56	0	0	0	0	0	0	0	0	0	0	0
holistic	h0-44	-3	0	0	0	0	0	0	0	0	0	0	0
holistic	h0-45	-35	0	5.997864	0	7	1	0	0	0	5.997864	4.730326	0
holistic	h0-46	-14	11.942342	27.437388	10	28	15	0	0	0	27.437388	0	0
holistic	h0-47	-28	0	0	0	0	4	0	0	0	0	0	0
holistic	h0-48	-58	0	8.796972	0	4	8	0	0	0	8.796972	0	0
holistic	h0-49	-16	0	3.532066	0	2	3	3.532066	0	0	0	0	0
holistic	h0-50	-7	0	0	0	0	2	0	0	0	0	0	0
holistic	h0-51	-20	0	0.270146	0	2	3	0	0	0.270146	0	0	0
holistic	h0-52	-47	0	0	0	0	2	0	0	0	0	0	0
holistic	h0-53	-31	0	0	0	0	0	0	0	0	0	0	0
holistic	h0-54	-29	0	0	0	0	1	0	0	0	0	0	0
holistic	h0-55	-24	0	0	0	0	0	0	0	0	0	1.611291	0
holistic	h0-56	-46	0	4.694731	0	5	5	0	0	2.382564	2.312167	0.149880	0
holistic	h0-57	-49	0	0	0	0	0	0	0	0	0	0	0
holistic	h0-58	-26	0	0	0	0	0	0	0	0	0	0	5.604382
holistic	h0-59	-2	0	0	0	0	1	0	0	0	0	0.689611	0.957566
conventional	c0-0	-20	0	21.752707	0	14	7	4.666835	0.973603	7.252747	8.859522	0	0
conventional	c0-1	-12	0	21.466731	0	14	7	1.648742	1.454615	8.683273	9.680101	0	0
conventional	c0-2	-53	0	8.435782	0	14	7	1.006511	0.852454	3.043672	3.533145	0	0
conventional	c0-3	-52	0	23.061487	0	14	7	3.017177	2.399029	9.732162	7.913119	0	0
conventional	c0-4	-40	0	16.207862	0	14	7	2.047685	4.545446	6.067040	3.547691	0	0
conventional	c0-5	-20	0	32.521792	0	14	7	3.223115	6.981222	10.839084	11.478371	0	0
conventional	c0-6	-12	0	32.697936	0	14	7	11.636634	1.672771	10.478408	8.910123	0	0
conventional	c0-7	-30	0	20.292414	0	14	7	2.278726	3.840882	4.961440	9.211366	0	0
conventional	c0-8	-34	0	34.219739	0	14	7	11.015243	2.385958	11.073078	9.745460	0	0
conventional	c0-9	-22	0	31.204410	0	14	7	1.476611	5.346917	13.023905	11.356977	0	0
conventional	c0-10	-18	0	23.442087	0	14	7	1.854876	0.376921	14.762295	6.447995	0	0
conventional	c0-11	-8	0	21.377769	0	14	7	4.289712	4.316316	8.970554	3.801187	0	0
conventional	c0-12	-16	0	29.701143	0	14	7	2.606953	4.276371	11.475174	11.342645	0	0
conventional	c0-13	-43	0	24.534332	0	14	7	1.161598	7.476407	9.758988	6.137339	0	0
conventional	c0-14	-26	0	30.847024	0	14	7	3.136461	2.283348	11.602402	13.824813	0	0
conventional	c0-15	-21	0	25.024334	0	14	7	0.907671	3.766449	14.503251	5.846963	0	0
conventional	c0-16	-31	0	29.385496	0	14	7	3.038085	1.192733	19.877338	5.277340	0	0
conventional	c0-17	-58	0	30.444476	0	14	7	8.885110	3.746146	12.094465	5.718755	0	0
conventional	c0-18	-36	0	13.744987	0	14	7	2.515781	2.074905	5.060056	4.094245	0	0
conventional	c0-19	-28	0	27.766925	0	14	7	11.037161	0.849793	8.214965	7.665006	0	0
conventional	c0-20	-55	0	31.444497	0	14	7	3.407626	4.751940	13.274660	10.010271	0	0
conventional	c0-21	-49	0	22.721453	0	14	7	2.187512	2.419736	11.695609	6.418596	0	0
conventional	c0-22	-38	0	16.039161	0	14	7	1.301427	4.910717	6.031172	3.795845	0	0
conventional	c0-23	-58	0	16.900738	0	14	7	2.024111	3.103039	6.183362	5.590226	0	0
conventional	c0-24	-5	0	15.943498	0	14	7	3.006326	0.436244	10.066528	2.434400	0	0
conventional	c0-25	-56	0	47.908437	0	14	7	11.726026	7.837972	19.024069	9.320370	0	0
conventional	c0-26	-40	0	27.628409	0	14	7	4.905798	1.422589	17.784246	3.515776	0	0
conventional	c0-27	-28	0	27.602920	0	14	7	3.342208	5.731928	12.489142	6.039642	0	0
conventional	c0-28	-46	0	22.297855	0	14	7	0.689819	1.246459	13.356942	7.004635	0	0
conventional	c0-29	-32	0	36.634133	0	14	7	0.426101	3.669056	26.438005	6.100971	0	0
conventional	c0-30	-48	0	20.065200	0	14	7	2.455186	3.751309	12.043970	1.814735	0	0
conventional	c0-31	-54	0	20.222417	0	14	7	1.931888	1.947206	11.057873	5.285450	0	0
conventional	c0-32	-54	0	26.991281	0	14	7	2.994820	6.676360	10.908850	6.411251	0	0
conventional	c0-33	-20	0	37.472692	0	14	7	2.823457	2.930894	22.480571	9.237770	0	0
conventional	c0-34	-33	0	29.194613	0	14	7	4.418695	3.394701	8.395722	12.985495	0	0
conventional	c0-35	-7	0	24.412631	0	14	7	5.028805	4.389929	8.762497	6.231400	0	0
conventional	c0-37	-6	0	24.041175	0	14	7	2.587997	1.112438	13.337674	7.003066	0	0
conventional	c0-38	-53	0	21.461260	0	14	7	2.404254	2.518651	7.102950	9.435405	0	0
conventional	c0-39	-23	0	24.901043	0	14	7	7.874721	2.881000	9.253137	4.892185	0	0
conventional	c0-40	-44	0	39.426746	0	14	7	9.964602	1.950658	16.433337	11.078149	0	0
conventional	c0-41	-2	0	42.931488	0	14	7	6.351650	5.177666	14.868328	16.533844	0	0
conventional	c0-42	-25	0	22.943724	0	14	7	0.287327	1.650323	14.906740	6.099334	0	0
conventional	c0-43	-1	0	51.812138	0	14	7	1.625664	5.122199	28.285613	16.778662	0	0
conventional	c0-44	-32	0	23.358007	0	14	7	1.672217	3.270045	12.321534	6.094211	0	0
conventional	c0-45	-42	0	18.287195	0	14	7	1.540035	1.954623	7.263046	7.529491	0	0
conventional	c0-46	-52	0	23.707199	0	14	7	4.981130	3.454951	4.531118	10.740000	0	0
conventional	c0-47	-7	0	17.779523	0	14	7	1.485304	1.034426	11.006315	4.253478	0	0
conventional	c0-48	-50	0	23.280228	0	14	7	6.115244	1.936422	8.505947	6.722615	0	0
conventional	c0-49	-15	0	28.995171	0	14	7	1.475265	2.283628	8.708205	16.528073	0	0
conventional	c0-50	-31	0	22.642097	0	14	7	2.822929	3.799616	9.898953	6.120599	0	0
conventional	c0-51	-16	0	19.724983	0	14	7	2.906246	1.970598	8.016903	6.831236	0	0
conventional	c0-52	-36	0	17.759908	0	14	7	2.038397	3.156224	6.932100	5.633187	0	0
conventional	c0-54	-9	0	16.517746	0	14	7	1.615109	5.561354	6.819116	2.522167	0	0
conventional	c0-55	-26	0	16.861025	0	14	7	2.079111	1.641695	9.395622	3.744597	0	0
conventional	c0-56	-19	0	22.815249	0	14	7	2.632188	3.231900	11.105660	5.845501	0	0
conventional	c0-57	-31	0	14.506830	0	14	7	2.199495	0.897426	5.925138	5.484771	0	0
conventional	c0-58	-18	0	51.140103	0	14	7	4.217071	14.439584	9.706806	22.776642	0	0
conventional	c0-59	-50	0	21.358287	0	14	7	4.831670	2.806146	10.219388	3.501083	0	0
conventional	ce61	0	0	25.090935	0	14	7	4.058729	1.362385	13.975200	5.694621	0	0
conventional	ce62	0	0	6.024686	0	14	7	0.657963	1.373798	1.959814	2.033111	0	0
holistic	he61	1	0	9.825466	0	4	8	0	0	0	9.825466	0	0
holistic	he62	1	3.976941	28.087034	6	56	8	25.423870	0	0	2.663164	2.324759	0
holistic	he63	2	11.942342	26.536682	10	28	18	0	0	0	26.536682	0	0
conventional	ce63	2	0	18.871420	0	14	7	0.558159	3.218668	9.154695	5.939898	0	0
conventional	ce64	2	0	31.156060	0	14	7	3.579671	4.815964	10.138662	12.621763	0	0
conventional	ce65	2	0	38.283779	0	14	7	7.066343	6.208039	11.562211	13.447186	0	0
conventional	ce66	2	0	22.821494	0	14	7	1.748665	2.971953	12.422627	5.678249	0	0
conventional	ce67	2	0	26.408994	0	14	7	3.272699	6.080581	12.645586	4.410128	0	0
conventional	ce68	2	0	26.340887	0	14	7	4.230909	3.904624	10.561869	7.643485	0	0
conventional	ce69	3	0	19.542782	0	14	7	3.917436	0.344973	7.655167	7.625206	0	0
conventional	ce70	3	0	25.673912	0	14	7	1.328191	3.037407	12.634923	8.673391	0	0
conventional	ce71	4	0	23.691921	0	14	7	3.219073	2.658782	13.115406	4.698660	0	0
conventional	ce72	4	0	38.035466	0	14	7	6.030151	5.365147	14.251161	12.389007	0	0
conventional	ce73	4	0	26.824050	0	14	7	4.431281	2.915210	14.315829	5.161730	0.316252	0
conventional	ce74	4	0	18.229251	0	14	7	2.353253	5.239489	7.180738	3.455771	0	0
holistic	he64	5	0	0	0	0	3	0	0	0	0	0.866802	0
conventional	ce75	5	0	21.476534	0	14	7	1.240084	8.578525	9.756760	1.901165	0	0
conventional	ce76	5	0	21.755713	0	14	7	4.192170	6.127441	7.137113	4.298989	0	0
conventional	ce77	5	0	39.266732	0	14	7	1.530216	1.954168	26.006864	9.775484	0	0
conventional	ce78	5	0	53.399710	0	14	7	5.335172	11.322042	11.045714	25.696782	0	0
holistic	he65	6	0	9.825466	0	4	8	0	0	0	9.825466	0	0
conventional	ce79	6	0	30.916179	0	14	7	1.344855	4.592806	13.780194	11.198324	0	0
conventional	ce80	6	0	22.479991	0	14	7	4.413857	4.954762	7.615701	5.495671	0	0
conventional	ce81	6	0	12.264890	0	14	7	0.807341	0.710019	5.411936	5.335594	0	0
conventional	ce82	6	0	23.696716	0	14	7	1.993796	3.571780	13.950672	4.180468	0	0
conventional	ce83	6	0	20.996289	0	14	7	4.666893	2.008346	12.131078	2.189972	0	0
conventional	ce84	6	0	26.276022	0	14	7	4.597767	1.085426	14.013088	6.579741	0	0
conventional	ce85	6	0	30.135864	0	14	7	2.300976	2.427007	16.581340	8.826541	0	0
conventional	ce86	6	0	20.140802	0	14	7	0.539351	1.130145	12.800361	5.670945	0	0
holistic	he66	7	0	0	0	0	0	0	0	0	0	2.051548	0
holistic	he67	7	0	7.559588	0	4	8	0	0	0	7.559588	0	0
conventional	ce87	7	0	34.542934	0	14	7	6.208365	2.473226	21.199231	4.662112	0.316252	0
conventional	ce88	7	0	38.131731	0	14	7	12.885469	1.258955	12.557340	11.429967	0	0
conventional	ce89	7	0	32.274697	0	14	7	9.702884	1.208811	12.743300	8.619702	0	0
conventional	ce90	7	0	18.106109	0	14	7	2.188297	5.608331	6.527857	3.781624	0	0
holistic	he68	8	0	0	0	0	4	0	0	0	0	0	0
conventional	ce91	8	0	41.442598	0	14	7	11.731050	3.933811	14.544295	11.233442	0	0
conventional	ce92	8	0	15.671615	0	14	7	1.188906	4.334137	6.504750	3.643822	0	0
conventional	ce93	8	0	58.053794	0	14	7	1.361964	3.359295	36.120829	17.211706	0	0
conventional	ce94	8	0	26.958013	0	14	7	5.449443	3.568423	11.243976	6.696171	0	0
conventional	ce95	8	0	27.426389	0	14	7	4.458408	2.093578	15.404802	5.469601	0.290530	0
holistic	he69	9	0	6.469044	0	4	8	0	0	0	6.469044	0	0
holistic	he70	9	0	9.825466	0	4	8	0	0	0	9.825466	0	0
holistic	he71	9	0	0.551781	0	9	3	0	0	0	0.551781	6.154644	0
conventional	ce96	9	0	26.214381	0	14	7	4.261520	1.803864	14.957924	5.191073	0	0
conventional	ce97	9	0	49.891205	0	14	7	12.305526	1.965107	23.029819	12.590753	0	0
conventional	ce98	9	0	33.347730	0	14	7	0.410046	3.646745	11.500404	17.790535	0	0
conventional	ce99	9	0	16.326665	0	14	7	1.407421	5.125489	7.310012	2.483743	0	0
conventional	ce100	9	1.219389	29.771531	1	14	7	1.681486	4.952048	12.969148	10.168849	0	0
holistic	he72	10	0	9.825466	0	4	8	0	0	0	9.825466	0	0
holistic	he73	10	8.067764	8.067764	8	8	10	0	0	0	8.067764	0.820698	0
conventional	ce101	10	0.888913	50.054447	1	14	7	2.431045	3.425526	27.961134	16.236742	0	0
conventional	ce102	10	0	29.059529	0	14	7	1.325864	5.556496	16.581816	5.595353	0	0
conventional	ce103	10	0	15.260708	0	14	7	1.893046	3.934136	6.133783	3.299743	0	0
conventional	ce104	10	0	24.752654	0	14	7	2.762019	1.253613	16.487333	4.249689	0	0
conventional	ce105	10	0	22.000408	0	14	7	3.874006	0.609617	12.947327	4.569458	0	0
holistic	he74	11	0	0.769104	0	9	3	0	0	0	0.769104	4.761927	0
holistic	he75	11	4.712266	15.516008	4	8	16	0	0	0	15.516008	0	0
holistic	he76	11	11.942342	26.646028	10	28	15	0	0	0	26.646028	0	0
conventional	ce106	11	0	20.397942	0	14	7	1.452048	1.048603	10.681549	7.215742	0	0
conventional	ce107	11	0	22.410025	0	14	7	2.526307	5.185828	10.080663	4.617227	0	0
conventional	ce108	11	0	23.762635	0	14	7	1.289600	0.226374	19.309752	2.936909	1.931056	0
holistic	he77	12	4.582659	10.928670	8	50	8	8.415210	0	0	2.513460	2.468975	0
holistic	he78	12	0	8.247148	0	4	8	0	0	0	8.247148	0	0
conventional	ce109	12	0	24.884651	0	14	7	4.564365	4.241777	9.625121	6.453388	0	0
conventional	ce110	12	1.219389	47.105108	1	14	7	7.074235	5.259608	16.080179	18.691086	0	0
holistic	he79	13	6.050823	6.050823	6	6	8	0	0	0	6.050823	1.557906	0
holistic	he80	13	5.266961	37.017757	8	71	11	34.454394	0	0	2.563363	2.056235	0
holistic	he81	13	0	6.469044	0	4	8	0	0	0	6.469044	0	0
holistic	he82	13	0	0.049754	0	2	6	0	0	0	0.049754	0	0
conventional	ce111	13	0	16.323211	0	14	7	2.349861	4.453761	5.748351	3.771238	0	0
conventional	ce112	13	0	43.267906	0	14	7	4.565223	5.180572	14.786538	18.735573	0	0
conventional	ce113	13	0	15.244326	0	14	7	1.137517	4.478109	7.777286	1.851414	0	0
holistic	he83	14	0	3.749752	0	2	8	0	0	0	3.749752	0	0
holistic	he84	14	0	9.825466	0	4	8	0	0	0	9.825466	0	0
holistic	he85	14	0	0	0	0	1	0	0	0	0	0	0
conventional	ce114	14	0	23.984371	0	14	7	4.687565	4.282044	9.170230	5.844532	2.303235	0
holistic	he86	15	11.685830	27.180874	10	28	16	0	0	0	27.180874	0	0
holistic	he87	15	4.102508	4.102508	4	4	10	0	0	0	4.102508	1.062191	0
holistic	he88	15	0	9.653962	0	4	8	0	0	0	9.653962	0	0
holistic	he89	15	0	28.422544	0	12	12	0	22.743604	0	5.678940	0	0
conventional	ce115	15	0	23.241300	0	14	7	2.782261	4.562055	11.137003	4.759981	0	0
conventional	ce116	15	0	15.527759	0	14	7	2.443453	4.053284	6.428262	2.602760	0	0
holistic	he90	16	0	10.190278	0	4	8	0	0	0	10.190278	0	0
holistic	he91	16	0	5.498012	0	4	8	0	0	0	5.498012	0	0
conventional	ce117	16	0	25.283721	0	14	7	4.581686	1.226111	14.361658	5.114266	0	0
conventional	ce118	16	0	17.552994	0	14	7	3.006326	0.415266	10.530112	3.601290	0	0
conventional	ce119	16	0	30.277716	0	14	7	3.252186	6.633601	9.595952	10.795977	0	0
holistic	he92	17	0	0	0	0	6	0	0	0	0	0	0
holistic	he93	17	0	9.825466	0	4	8	0	0	0	9.825466	0	0
holistic	he94	17	8.067764	8.067764	8	8	11	0	0	0	8.067764	1.641396	0
holistic	he95	17	4.458228	26.494896	6	48	8	23.475262	0	0	3.019634	1.979350	0
conventional	ce120	17	0	24.592623	0	14	7	6.108309	7.155350	7.537866	3.791098	2.370927	0
holistic	he96	18	0	0	0	0	6	0	0	0	0	0	0
holistic	he97	18	0	8.304860	0	4	8	0	0	0	8.304860	0	0
holistic	he98	18	4.102508	4.102508	4	4	10	0	0	0	4.102508	0.820698	0
holistic	he99	18	0	3.749752	0	2	8	0	0	0	3.749752	0	0
holistic	he100	18	0	0	0	0	8	0	0	0	0	0	0
holistic	he101	18	5.574057	23.074629	6	20	8	20.993074	0	0	2.081555	1.598912	0
conventional	ce121	18	0	30.986563	0	14	7	4.529253	4.081736	13.144882	9.230692	2.303235	0
conventional	ce122	18	0	22.299532	0	14	7	1.364743	2.584423	9.580656	8.769710	0	0
holistic	he102	19	4.222785	22.514904	6	45	7	22.514904	0	0	0	0	0
holistic	he103	19	0	3.749752	0	2	8	0	0	0	3.749752	0	0
holistic	he104	19	0	3.013194	0	2	8	0	0	0	3.013194	0	0
holistic	he105	19	0	9.825466	0	4	8	0	0	0	9.825466	0	0
holistic	he106	19	0	5.032528	0	4	12	0	5.032528	0	0	0	0
holistic	he107	19	8.067764	8.067764	8	8	11	0	0	0	8.067764	0.187036	0
holistic	he108	19	1.769902	3.705606	4	4	3	0	0	0	3.705606	3.958700	0
conventional	ce123	19	0	28.440218	0	14	7	6.100860	9.008565	6.008143	7.322650	0	0
holistic	he109	20	0	0.220544	0	2	1	0	0	0	0.220544	0	0
holistic	he110	20	4.712266	15.516008	4	8	16	0	0	0	15.516008	0	0
holistic	he111	20	0	1.919780	0	8	6	0	0	0	1.919780	4.103096	0
holistic	he112	20	4.327945	21.598093	6	52	8	19.197218	0	0	2.400875	2.056235	0
holistic	he113	20	0	7.575628	0	4	8	0	0	0	7.575628	0	0
conventional	ce124	20	0	15.571553	0	14	7	1.801125	1.179673	8.974754	3.616001	0	0
holistic	he114	21	0	9.825466	0	4	8	0	0	0	9.825466	0	0
holistic	he115	21	0	11.633844	0	4	8	0	0	0	11.633844	0	0
holistic	he116	21	0	2.719292	0	2	12	0	0	0	2.719292	0	0
holistic	he117	21	0	0	0	0	8	0	0	0	0	0	0
conventional	ce125	21	0	17.158624	0	14	7	2.660897	6.506668	6.431729	1.559330	0	0
conventional	ce126	21	0	28.362068	0	14	7	1.552482	2.368127	10.409481	14.031978	0	0
conventional	ce127	21	0	16.733369	0	14	7	1.286809	5.817797	7.120968	2.507795	0	0
holistic	he118	22	0	9.825466	0	4	16	0	0	0	9.825466	0	0
holistic	he119	22	4.458228	23.916400	6	34	7	21.202020	0	0	2.714380	1.979350	0
holistic	he120	22	0	2.292148	0	2	8	0	0	0	2.292148	0	0
holistic	he121	22	0	7.620332	0	4	8	0	0	0	7.620332	0	0
holistic	he122	22	0	3.749752	0	2	8	0	0	0	3.749752	0	0
conventional	ce128	22	0	38.218710	0	14	7	4.951053	7.395908	14.554116	11.317633	0	0
conventional	ce129	22	0	14.052150	0	14	7	1.319664	5.452348	6.081215	1.198923	0	0
conventional	ce130	22	0	44.352678	0	14	7	11.430309	3.329068	18.087146	11.506155	0	0
conventional	ce131	22	0	30.135488	0	14	7	1.402277	1.593405	11.301620	15.838186	0	0
holistic	he123	23	0	3.209608	0	2	8	0	0	0	3.209608	0	0
holistic	he124	23	3.917687	16.014060	6	26	6	12.994426	0	0	3.019634	1.793079	0
holistic	he125	23	0	3.749752	0	2	8	0	0	0	3.749752	0	0
holistic	he126	23	0	14.738199	0	6	8	0	0	0	14.738199	0	0
holistic	he127	23	0	5.032528	0	4	10	0	5.032528	0	0	0	0
holistic	he128	23	0	0	0	0	8	0	0	0	0	0	0
conventional	ce132	23	0	16.180878	0	14	7	1.951511	0.775226	10.101958	3.352183	0	0
holistic	he129	24	0	0	0	0	6	0	0	0	0	0	0
holistic	he130	24	0	10.190278	0	4	8	0	0	0	10.190278	0	0
holistic	he131	24	0	0	0	0	8	0	0	0	0	0	0
holistic	he132	24	4.033882	4.033882	4	4	4	0	0	0	4.033882	0.820698	0
holistic	he133	24	0	7.605468	0	4	8	0	0	0	7.605468	0	0
conventional	ce133	24	0	20.632104	0	14	7	3.427860	7.269916	7.788957	2.145371	0	0
conventional	ce134	24	0	50.570841	0	14	7	3.359065	14.834409	7.634857	24.742510	0	0
holistic	he134	25	0	0	0	0	5	0	0	0	0	0	0
holistic	he135	25	0	7.217888	0	4	8	0	0	0	7.217888	0	0
holistic	he136	25	0	0	0	0	8	0	0	0	0	0	0
holistic	he137	25	8.067764	8.067764	8	8	11	0	0	0	8.067764	0	0
holistic	he138	25	2.939182	15.935857	5	29	6	15.778936	0	0	0.156921	1.027340	0
holistic	he139	25	0	3.101396	0	2	8	0	0	0	3.101396	0	0
holistic	he140	25	0	3.749752	0	2	8	0	0	0	3.749752	0	0
holistic	he141	25	0	5.743214	0	4	8	0	0	0	5.743214	0	0
holistic	he142	25	0	0.572988	0	2	8	0	0	0	0.572988	0	0
holistic	he143	25	0	0	0	0	6	0	0	0	0	0	0
holistic	he144	25	0	2.209098	0	2	8	0	0	0	2.209098	0	0
holistic	he145	25	0	6.628828	0	4	8	0	0	0	6.628828	0	0
holistic	he146	25	0	9.681416	0	4	6	0	0	0	9.681416	0	0
conventional	ce135	25	0	19.734476	0	14	7	3.710832	2.860842	7.676835	5.485967	0	0
holistic	he147	26	0	0	0	0	6	0	0	0	0	0	0
holistic	he148	26	7.472350	39.309750	10	58	11	33.223578	0	0	6.086172	3.958700	0
holistic	he149	26	0	9.825466	0	4	16	0	0	0	9.825466	0	0
holistic	he150	26	8.818456	8.818456	8	8	10	0	0	0	8.818456	0.820698	0
holistic	he151	26	0	0	0	0	6	0	0	0	0	0	0
holistic	he152	26	0	0	0	0	9	0	0	0	0	0	0
holistic	he153	26	0	4.691134	0	4	8	0	0	0	4.691134	0	0
holistic	he154	26	0.119761	0.558048	1	2	2	0.558048	0	0	0	0	0
holistic	he155	26	0	10.190278	0	4	10	0	0	0	10.190278	0	0
holistic	he156	26	0	3.749752	0	2	8	0	0	0	3.749752	0	0
conventional	ce136	26	0	22.742385	0	14	7	2.106546	2.179838	13.065384	5.390617	0	0
conventional	ce137	26	0	20.656803	0	14	7	3.568004	1.569089	11.747835	3.771875	0	0
holistic	he157	27	4.458228	25.100963	6	48	8	22.037928	0	0	3.063035	1.979350	0
holistic	he158	27	0	0	0	0	1	0	0	0	0	0	0
holistic	he159	27	0	3.749752	0	2	8	0	0	0	3.749752	0	0
holistic	he160	27	0	7.442318	0	4	8	0	0	0	7.442318	0	0
holistic	he161	27	0	3.749752	0	2	8	0	0	0	3.749752	0	0
holistic	he162	28	0	6.851516	0	4	8	0	0	0	6.851516	0	0
holistic	he163	28	0	0	0	0	6	0	0	0	0	0	0
holistic	he164	28	0	0.417410	0	2	8	0	0	0	0.417410	0	0
holistic	he165	28	0	3.749752	0	2	8	0	0	0	3.749752	0	0
holistic	he166	28	0	0	0	0	8	0	0	0	0	0	0
conventional	ce138	28	0	29.995446	0	14	7	5.823438	8.530112	7.744915	7.896981	0	0
conventional	ce139	28	0.520140	29.838056	1	14	7	6.069300	10.458368	5.793921	7.516467	0	0
conventional	ce140	28	0	40.784086	0	14	7	6.961328	4.831908	12.972752	16.018098	0	0
conventional	ce141	28	0	27.233656	0	14	7	3.438100	2.756027	13.756536	7.282993	0	0
conventional	ce142	28	0	22.246004	0	14	7	4.347805	1.130033	11.660808	5.107358	0	0
conventional	ce143	28	0	23.373047	0	14	7	2.154043	0.711879	16.686414	3.820711	0	0
holistic	he167	29	0	38.315580	0	18	11	0	31.325196	0	6.990384	0	0
holistic	he168	29	8.067764	8.067764	8	8	10	0	0	0	8.067764	0.820698	0
holistic	he169	29	0	7.138154	0	4	8	0	0	0	7.138154	0	0
holistic	he170	29	0	2.084374	0	2	8	0	0	0	2.084374	0	0
holistic	he171	29	2.101961	14.068506	4	26	6	13.305274	0	0	0.763232	2.850486	0
holistic	he172	29	0	3.749752	0	2	8	0	0	0	3.749752	0	0
holistic	he173	29	4.033882	4.033882	4	4	8	0	0	0	4.033882	0.280554	0
holistic	he174	30	0	0	0	0	6	0	0	0	0	0	0
holistic	he175	30	0	2.084374	0	2	8	0	0	0	2.084374	0	0
holistic	he176	30	0	3.209608	0	2	8	0	0	0	3.209608	0	0
holistic	he177	30	0	8.382180	0	4	8	0	0	0	8.382180	0	0
holistic	he178	30	1.643038	2.149084	2	2	4	0	0	0	2.149084	2.734858	0
holistic	he179	30	0	3.749752	0	2	8	0	0	0	3.749752	0	0
conventional	ce144	30	0	21.065736	0	14	7	5.033248	4.307805	6.260613	5.464070	0	0
conventional	ce145	30	0	14.831908	0	14	7	1.368780	7.245431	4.468318	1.749379	0	0
conventional	ce146	30	0	37.382431	0	14	7	7.083172	5.707593	10.698333	13.893333	0	0
conventional	ce147	30	0	25.086075	0	14	7	3.165643	5.685790	9.699730	6.534912	0	0
conventional	ce148	30	0	14.838027	0	14	7	0.791567	5.026397	6.982128	2.037935	0	0
conventional	ce149	30	0	24.516067	0	14	7	2.684696	1.475318	12.603780	7.752273	0	0
conventional	ce150	30	0	29.153136	0	14	7	1.104718	4.966099	15.252200	7.830119	0	0
holistic	he180	31	0	2.084374	0	2	8	0	0	0	2.084374	0	0
holistic	he181	31	0	10.529874	0	4	14	0	0	0	10.529874	0	0
holistic	he182	31	0	0	0	0	6	0	0	0	0	0	0
holistic	he183	31	0	3.101396	0	2	8	0	0	0	3.101396	0	0
conventional	ce151	31	1.219389	31.936832	1	14	7	2.628166	4.420527	13.936318	10.951821	0	0
holistic	he184	32	5.560725	22.805443	8	32	7	18.170861	0	0	4.634582	3.586158	0
conventional	ce152	32	0	33.335844	0	14	7	2.362014	8.563315	10.642425	11.768090	0	0
conventional	ce153	32	0.147322	37.291889	1	14	7	13.080434	1.115666	13.377688	9.718101	0	0
conventional	ce154	32	0	41.580202	0	14	7	11.319966	1.968139	11.705807	16.586290	0	0
conventional	ce155	32	0	22.798225	0	14	7	2.371175	1.637508	13.556946	5.232596	0.383904	0
conventional	ce156	32	0	29.807823	0	14	7	3.054440	4.885279	12.931487	8.936617	0.329021	0
holistic	he185	33	0	0	0	0	6	0	0	0	0	0	0
holistic	he186	33	0	0	0	0	6	0	0	0	0	0	0
holistic	he187	33	0	0.417410	0	2	8	0	0	0	0.417410	0	0
holistic	he188	33	0	6.851516	0	4	8	0	0	0	6.851516	0	0
holistic	he189	33	0	7.096960	0	4	6	0	0	0	7.096960	0	0
conventional	ce157	33	1.219389	32.039015	1	14	7	2.253128	5.016402	15.721292	9.048193	0	0
holistic	he190	34	0	13.481962	0	4	8	0	0	0	13.481962	0	0
holistic	he191	35	0	2.231918	0	2	12	0	0	0	2.231918	0	0
holistic	he192	35	4.154907	17.797049	6	26	6	14.557963	0	0	3.239086	1.979350	0
holistic	he193	35	0	9.026448	0	4	4	0	0	0	9.026448	0	0
holistic	he194	35	4.222785	26.768232	6	52	8	26.768232	0	0	0	0	0
conventional	ce158	35	0	17.147248	0	14	7	2.263677	3.668297	7.773663	3.441611	0	0
conventional	ce159	35	0	25.305213	0	14	7	4.661533	2.292259	12.740916	5.610505	0.290530	0
conventional	ce160	35	0	26.982870	0	14	7	3.829595	0.372881	16.084632	6.695762	1.767755	0
conventional	ce161	36	0	49.648747	0	14	7	2.009346	5.525124	25.252490	16.861787	0	0
conventional	ce162	36	0	18.549925	0	14	7	0.987517	1.722866	12.512878	3.326664	0	0
conventional	ce163	36	0	26.184983	0	14	7	1.779637	12.895696	6.711368	4.798282	0	0
holistic	he195	37	0	2.386862	0	2	8	0	0	0	2.386862	0	0
holistic	he196	37	0	10.529874	0	4	14	0	0	0	10.529874	0	0
conventional	ce164	37	0	22.159727	0	14	7	1.527350	1.557220	10.315332	8.759825	0	0
holistic	he197	38	0.213369	0.703910	1	3	10	0	0	0	0.703910	0	0
conventional	ce165	38	0	24.988183	0	14	7	3.485800	5.494337	11.457242	4.550804	0	0
conventional	ce166	38	0	20.228494	0	14	7	0.813254	2.764445	11.988220	4.662575	0	0
conventional	ce167	38	0	25.964154	0	14	7	3.232633	1.360305	17.536312	3.834904	0	0
conventional	ce168	38	0	15.913741	0	14	7	1.260518	6.716049	5.711644	2.225530	0	0
holistic	he198	39	0	0	0	0	6	0	0	0	0	0	0
conventional	ce169	39	0	12.555722	0	14	7	1.550573	5.553284	4.571107	0.880758	0	0
conventional	ce170	39	0	38.446715	0	14	7	7.898178	4.686953	10.437576	15.424008	0	0
conventional	ce171	39	0	33.868345	0	14	7	4.013956	3.216832	19.510115	7.127442	0	0
conventional	ce172	39	0	20.147988	0	14	7	2.562681	5.080731	9.145210	3.359366	0	0
holistic	he199	40	0	11.249256	0	6	10	0	0	0	11.249256	0	0
conventional	ce173	40	0	31.147039	0	14	7	5.104826	1.223285	9.898973	14.919955	0	0
conventional	ce174	40	0	30.382299	0	14	7	6.533410	4.038446	11.125685	8.684758	0	0
conventional	ce175	40	0	18.009416	0	14	7	3.083614	1.013745	10.320982	3.591075	0	0
holistic	he200	41	0	0	0	0	8	0	0	0	0	0	0
conventional	ce176	41	0	28.582303	0	14	7	1.843337	5.122986	15.462777	6.153203	0	0
conventional	ce177	41	0	21.956943	0	14	7	2.504127	2.381294	8.792497	8.279025	0	0
conventional	ce178	42	0	41.134882	0	14	7	10.935993	2.971496	12.351782	14.875611	0.990028	0
conventional	ce179	42	0	25.444335	0	14	7	1.930636	2.380464	9.419916	11.713319	0	0
conventional	ce180	42	0	29.363937	0	14	7	4.830462	3.010327	15.627791	5.895357	0	0
holistic	he201	43	0	3.749752	0	2	8	0	0	0	3.749752	0	0
conventional	ce181	43	0	13.273306	0	14	7	2.072493	0.934268	7.432395	2.834150	0	0
holistic	he202	44	0	2.578000	0	2	4	0	0	0	2.578000	0	0
conventional	ce182	44	0	55.341777	0	14	7	2.049941	7.286399	23.588324	22.417113	0	0
holistic	he203	45	0	6.874912	0	4	8	0	0	0	6.874912	0	0
conventional	ce183	45	0	14.326637	0	14	7	2.712943	0.079664	8.300884	3.233146	0	0
conventional	ce184	45	0	18.942815	0	14	7	4.095983	5.533177	6.777085	2.536570	0	0
conventional	ce185	46	0	35.523016	0	14	7	4.915210	5.441536	11.428823	13.737447	0	0
conventional	ce186	46	0	32.868375	0	14	7	11.504881	1.784701	11.311742	8.267051	0	0
conventional	ce187	46	1.024422	14.434143	1	14	7	0.776152	6.425931	6.288793	0.943267	0	0
holistic	he204	47	4.380784	4.380784	8	8	11	0	0	0	4.380784	0	0
conventional	ce188	47	1.219389	23.880304	1	14	7	1.625549	3.817765	10.266950	8.170040	0	0
conventional	ce189	47	0	36.227279	0	14	7	4.767921	1.659082	24.133892	5.666384	0	0
conventional	ce190	48	0	23.592747	0	14	7	1.693636	0.686527	15.885262	5.327322	0	0
conventional	ce191	48	0	15.726712	0	14	7	0.170365	5.015108	7.164704	3.376535	0	0
conventional	ce192	48	0	17.088186	0	14	7	0.826139	6.725260	6.792770	2.744017	0	0
conventional	ce193	48	0	24.781951	0	14	7	2.893675	5.170671	12.819109	3.898496	0	0
holistic	he205	49	0	8.510771	0	4	8	0	0	0	8.510771	0	0
conventional	ce194	49	0	63.770773	0	14	7	4.609495	5.753412	32.892119	20.515747	0	0
conventional	ce195	49	0	20.019861	0	14	7	3.182457	6.934791	7.543965	2.358648	0	0
conventional	ce196	50	0	29.891354	0	14	7	5.668109	2.009097	16.444360	5.769788	0	0
conventional	ce197	50	0	19.899699	0	14	7	5.294733	5.501804	6.919022	2.184140	0	0
holistic	he206	51	0	0	0	0	6	0	0	0	0	0	0
conventional	ce198	51	0	33.868701	0	14	7	1.375481	2.530917	14.182834	15.779469	0	0
conventional	ce199	51	0	28.185683	0	14	7	5.829587	5.406337	10.223327	6.726432	0	0
holistic	he207	52	0	3.647464	0	2	6	0	0	0	3.647464	0	0
holistic	he208	52	0	0.572988	0	2	10	0	0	0	0.572988	0	0
conventional	ce200	52	0	19.346304	0	14	7	3.672615	2.049659	7.149680	6.474350	0	0
conventional	ce201	52	0	19.815660	0	14	7	3.409037	3.311172	9.766270	3.329181	0	0
conventional	ce202	53	0	24.000190	0	14	7	4.571323	3.887126	8.837298	6.704443	0	0
conventional	ce203	53	0	25.279207	0	14	7	1.896745	6.120032	11.884926	5.377504	0	0
holistic	he209	54	3.982281	24.610822	6	48	8	22.039980	0	0	2.570842	1.979350	0
holistic	he210	55	0	5.767832	0	2	6	0	5.767832	0	0	0	0
conventional	ce204	55	0	14.851517	0	14	7	1.034234	5.429134	7.484237	0.903912	0	0
conventional	ce205	55	0	25.598392	0	14	7	5.502882	3.988702	10.671029	5.435779	0	0
holistic	he211	56	4.222785	27.585741	6	54	7	27.585741	0	0	0	0.076885	0
conventional	ce206	56	0	41.647198	0	14	7	7.145616	7.037030	12.927566	14.536986	0	0
conventional	ce207	56	0	43.510086	0	14	7	12.215717	1.146359	17.488795	12.659215	0	0
conventional	ce208	57	0	21.895578	0	14	7	4.950917	5.322038	8.130412	3.492211	0	0
conventional	ce209	57	0	12.937027	0	14	7	2.068920	0.911988	5.459488	4.496631	0	0
conventional	ce210	58	0.147322	44.759174	1	14	7	14.498231	6.204742	13.893250	10.162951	0	0
conventional	ce211	58	0	26.462290	0	14	7	2.448851	1.422442	15.225527	7.365470	0	0
conventional	ce212	58	0	28.765425	0	14	7	3.665287	5.048840	9.728723	10.322575	0	0
holistic	he212	59	0	0	0	0	6	0	0	0	0	0	0
conventional	ce213	59	0	26.330341	0	14	7	4.594811	4.612915	13.344767	3.777848	0	0
conventional	ce214	59	0	26.043753	0	14	7	3.379239	1.459934	15.544236	5.660344	0.383904	0
conventional	ce215	60	0	25.353934	0	14	7	2.330427	1.589680	17.900807	3.533020	0	0
conventional	ce216	60	0.977500	18.237391	1	14	7	2.744656	3.582284	9.123638	2.786813	0	0
holistic	he213	61	0	7.138154	0	4	8	0	0	0	7.138154	0	0
holistic	he214	61	5.647548	5.647548	8	8	12	0	0	0	5.647548	0.093518	0
conventional	ce217	61	0	20.415461	0	14	7	3.515460	0.423983	14.163533	2.312485	0	0
conventional	ce218	62	0	14.810099	0	14	7	0.975139	3.786427	8.259118	1.789415	0	0
conventional	ce219	62	0	19.478225	0	14	7	2.375803	0.446438	13.610440	3.045544	0	0
conventional	ce220	62	0	35.097419	0	14	7	4.899571	1.608139	21.807233	6.782476	0.290530	0
holistic	he215	64	0	7.620332	0	4	8	0	0	0	7.620332	0	0
conventional	ce221	64	0	28.325094	0	14	7	3.132671	1.465490	16.790667	6.936266	0.383904	0
holistic	he216	65	0	0	0	0	8	0	0	0	0	0	0
holistic	he217	65	0	9.617954	0	4	4	0	0	0	9.617954	0	0
conventional	ce222	65	0	27.161366	0	14	7	2.663575	1.458251	16.036779	7.002761	0	0
conventional	ce223	65	0	21.590385	0	14	7	1.292912	2.185766	7.945951	10.165756	0	0
conventional	ce224	66	0	24.750996	0	14	7	2.264271	3.486903	10.732703	8.267119	0	0
conventional	ce225	66	0	16.931754	0	14	7	0.091740	4.947235	7.352304	4.540475	0	0
conventional	ce226	66	0	53.483854	0	14	7	3.585853	4.775188	29.310057	15.812756	0	0
holistic	he218	67	0	10.190278	0	4	10	0	0	0	10.190278	0	0
conventional	ce227	67	0	42.209776	0	14	7	2.275809	4.700713	19.888288	15.344966	0	0
conventional	ce228	67	0.809278	20.710303	1	14	7	1.544546	3.336971	9.598899	6.229887	0	0
conventional	ce229	67	0	29.851537	0	14	7	1.840555	5.710764	15.244344	7.055874	0	0
holistic	he219	68	0	2.084374	0	2	12	0	0	0	2.084374	0	0
conventional	ce230	68	1.139728	13.596710	1	14	7	3.574017	0.168470	6.897957	2.956266	0	0
conventional	ce231	68	0.999245	19.735649	1	14	7	3.382065	6.076620	7.323051	2.953913	0	0
conventional	ce232	68	0	27.716895	0	14	7	1.309145	2.479442	11.306268	12.622040	0	0
conventional	ce233	68	0	19.356007	0	14	7	2.879885	0.222029	13.941608	2.312485	0	0
conventional	ce234	69	0	20.501526	0	14	7	4.225368	3.321174	9.496445	3.458539	0	0
conventional	ce235	69	0	29.418832	0	14	7	1.551302	2.816288	15.849908	9.201334	0	0
conventional	ce236	69	0	23.359440	0	14	7	2.836667	5.261338	11.597685	3.663750	0	0
conventional	ce237	69	0.147322	41.261150	1	14	7	11.837298	0.640110	18.271598	10.512144	0	0
conventional	ce238	69	0	19.775834	0	14	7	3.921096	7.081569	6.477019	2.296150	0	0
conventional	ce239	69	0	27.244608	0	14	7	1.819504	5.363370	13.813503	6.248231	0	0
holistic	he220	70	0	2.637206	0	4	3	0	0	0	2.637206	0.060387	0
holistic	he221	70	0	0	0	0	6	0	0	0	0	0	0
conventional	ce240	70	1.219389	33.045475	1	14	7	2.585136	5.509276	16.285586	8.665477	0	0
conventional	ce241	70	0	27.874597	0	14	7	1.715632	1.993688	16.926166	7.239111	0	0
conventional	ce242	70	0	22.745427	0	14	7	1.875211	5.023162	11.067328	4.779726	0	0
conventional	ce243	70	0	17.657290	0	14	7	3.060433	1.916445	7.469140	5.211272	0	0
conventional	ce244	70	0	22.312888	0	14	7	1.989159	1.106875	13.835545	5.381309	0.383904	0
conventional	ce245	71	0	10.869512	0	14	7	0.932463	2.239097	6.009214	1.688738	0	0
conventional	ce246	71	0	17.593597	0	14	7	2.121136	6.909102	6.822840	1.740519	0	0
conventional	ce247	71	0.605794	32.801547	1	14	7	3.359434	4.616479	16.754908	8.070726	0	0
conventional	ce248	72	0	21.559675	0	14	7	0.777702	3.093333	13.671551	4.017089	0	0
conventional	ce249	72	0	32.874707	0	14	7	4.940901	2.970515	18.849598	6.113693	0	0
conventional	ce250	72	0	26.009721	0	14	7	3.210907	3.294045	14.441241	5.063528	0.160618	0
conventional	ce251	72	0	20.593917	0	14	7	2.304645	1.107402	11.950249	5.231621	0	0
conventional	ce252	72	0	24.603658	0	14	7	3.040311	1.386593	15.036235	5.140519	0.383904	0
holistic	he222	73	0	5.375990	0	4	8	0	0	0	5.375990	0	0
conventional	ce253	73	0	20.199691	0	14	7	5.085452	4.284021	7.944753	2.885465	0	0
conventional	ce254	73	0	21.551002	0	14	7	4.128390	2.249872	9.432952	5.739788	0	0
conventional	ce255	73	0	27.879720	0	14	7	4.422870	3.360482	15.893553	4.202815	0.417211	0
conventional	ce256	73	1.024422	15.117699	1	14	7	1.453278	5.618151	6.095636	1.950634	0	0
conventional	ce257	73	0	36.250860	0	14	7	7.344693	6.009243	11.226306	11.670618	0	0
conventional	ce258	73	0	16.545194	0	14	7	0.609379	5.272148	7.410251	3.253416	0	0
holistic	he223	74	0	0	0	0	8	0	0	0	0	0	0
holistic	he224	74	0	0	0	0	6	0	0	0	0	0	0
conventional	ce259	74	0	15.360851	0	14	7	2.666975	4.608110	6.091356	1.994410	0	0
conventional	ce260	74	0	39.615582	0	14	7	11.074637	1.940057	17.504807	9.096081	0	0
conventional	ce261	74	0	26.714970	0	14	7	2.697931	3.461590	9.906907	10.648542	0	0
conventional	ce262	74	0	26.713501	0	14	7	2.200387	2.002007	16.140425	6.370682	0	0
holistic	he225	75	4.222785	18.108444	6	45	7	18.108444	0	0	0	0	0
conventional	ce263	75	0.127981	30.493432	1	14	7	1.539620	2.818689	9.483402	16.651721	0	0
conventional	ce264	75	0	33.400837	0	14	7	1.150804	6.934009	15.737239	9.578785	0	0
conventional	ce265	75	0	23.458679	0	14	7	4.506008	1.481093	13.734614	3.736964	0	0
holistic	he226	76	0	2.084374	0	2	8	0	0	0	2.084374	0	0
conventional	ce266	76	0	45.535876	0	14	7	8.619704	6.161205	13.889359	16.865608	0	0
conventional	ce267	76	0	41.415652	0	14	7	10.438041	2.129585	15.013485	13.834541	0	0
conventional	ce268	76	0.147322	41.079383	1	14	7	12.657046	5.029761	12.777761	10.614815	0	0
holistic	he227	77	0	0	0	0	8	0	0	0	0	0	0
holistic	he228	77	4.929114	9.083502	6	6	4	0	0	0	9.083502	6.014935	0
holistic	he229	77	0	0	0	0	5	0	0	0	0	0	0
conventional	ce269	77	0	18.184420	0	14	7	3.154579	1.226082	10.260442	3.543317	0	0
conventional	ce270	77	0	27.864697	0	14	7	2.477621	1.175349	12.127144	12.084583	0	0
holistic	he230	78	4.998138	10.327408	4	4	6	0	0	0	10.327408	2.798382	0
conventional	ce271	78	0	13.980608	0	14	7	2.137076	0.839056	8.504626	2.499850	0	0
conventional	ce272	78	0	21.116364	0	14	7	2.584108	1.855080	12.434991	4.242185	0.383904	0
conventional	ce273	78	0	27.696389	0	14	7	3.348582	3.259078	12.070242	9.018487	0	0
holistic	he231	79	0	0.340176	0	2	8	0	0	0	0.340176	0	0
holistic	he232	79	4.153130	3.922086	6	6	7	1.105822	0	0	2.816264	3.958700	0
conventional	ce274	79	0	31.775316	0	14	7	2.172689	4.992868	10.319749	14.290010	0	0
conventional	ce275	79	0	14.904102	0	14	7	1.387761	6.985724	4.836442	1.694175	0	0
conventional	ce276	79	1.272531	28.940739	1	14	7	1.490071	5.328861	14.724687	7.397120	0	0
conventional	ce277	80	0	35.747729	0	14	7	5.524293	0.731582	19.252268	10.239586	0.383904	0
holistic	he233	81	0	0.350256	0	2	8	0	0	0	0.350256	0	0
holistic	he234	81	6.389633	19.738370	7	39	8	14.641744	0	0	5.096626	3.958700	0
conventional	ce278	81	0	43.399981	0	14	7	10.891705	4.008022	14.932923	13.567331	0	0
conventional	ce279	81	0	53.810406	0	14	7	2.068151	5.753351	25.195233	20.793671	0	0
holistic	he235	82	0	0.856516	0	2	12	0	0	0	0.856516	0	0
holistic	he236	82	0	7.398994	0	2	6	0	0	0	7.398994	0	0
conventional	ce280	82	0	25.836849	0	14	7	2.237495	3.228203	9.657886	10.713265	0	0
conventional	ce281	82	0	20.122865	0	14	7	2.133407	1.887729	11.793191	4.308538	0	0
conventional	ce282	82	0	22.609476	0	14	7	2.691633	2.027801	11.132317	6.757725	0	0
conventional	ce283	82	0	35.241514	0	14	7	6.297683	1.667298	19.401145	7.875388	0	0
holistic	he237	83	0	0	0	0	8	0	0	0	0	0	0
holistic	he238	83	0	0.572988	0	2	8	0	0	0	0.572988	0	0
conventional	ce284	83	0	28.471307	0	14	7	0.885348	4.956337	15.486846	7.142776	0	0
holistic	he239	84	0	3.749752	0	2	8	0	0	0	3.749752	0	0
holistic	he240	84	4.611241	27.572801	6	48	8	26.049860	0	0	1.522941	1.983767	0
holistic	he241	84	0	11.179862	0	10	6	3.932766	0	0	7.247096	0.153770	0
holistic	he242	84	0	3.976330	0	2	8	0	0	0	3.976330	0	0
conventional	ce285	84	0	32.684110	0	14	7	1.232279	3.304793	17.480641	10.666397	0	0
conventional	ce286	84	0	33.741963	0	14	7	6.073984	3.824415	17.953315	5.890249	0	0
conventional	ce287	84	0	22.115789	0	14	7	2.451009	2.114612	12.150281	5.399887	0	0
conventional	ce288	84	0	18.727275	0	14	7	0.425938	1.552213	12.769823	3.979301	0	0
holistic	he243	85	3.879737	18.118523	6	44	8	15.863392	0	0	2.255131	1.402397	0
holistic	he244	85	0	0	0	0	6	0	0	0	0	0	0
holistic	he245	85	0	0	0	0	4	0	0	0	0	0	0
holistic	he246	85	0.867054	1.105822	2	2	7	1.105822	0	0	0	0	0
holistic	he247	85	0	0	0	0	2	0	0	0	0	0	0
holistic	he248	85	0	11.916354	0	4	6	0	0	0	11.916354	0	0
holistic	he249	85	0	0	0	0	2	0	0	0	0	0	0
holistic	he250	85	0	0	0	0	6	0	0	0	0	0	0
holistic	he251	86	0	0	0	0	4	0	0	0	0	0	0
holistic	he252	86	3.161534	3.855606	6	6	7	1.315362	0	0	2.540244	4.089802	0
holistic	he253	86	0	0	0	0	8	0	0	0	0	0	0
holistic	he254	86	0	2.084374	0	2	8	0	0	0	2.084374	0	0
holistic	he255	86	0	0	0	0	8	0	0	0	0	0	0
conventional	ce289	86	0	21.782843	0	14	7	3.449093	3.626295	10.743302	3.964153	0	0
conventional	ce290	86	0	31.350446	0	14	7	1.257090	6.832447	13.539607	9.721302	0	0
holistic	he256	87	0	7.138154	0	4	8	0	0	0	7.138154	0	0
conventional	ce291	87	0	18.051902	0	14	7	0.877860	5.743166	7.402592	4.028284	0	0
conventional	ce292	87	0	25.297306	0	14	7	0.982917	2.675831	10.960396	10.678162	0	0
holistic	he257	88	0	6.874912	0	4	8	0	0	0	6.874912	0	0
holistic	he258	88	0	6.440526	0	2	6	0	0	0	6.440526	0	0
holistic	he259	88	0	3.749752	0	2	8	0	0	0	3.749752	0	0
holistic	he260	88	0	0	0	0	5	0	0	0	0	0	0
holistic	he261	88	4.608750	3.437950	6	6	7	1.105822	0	0	2.332128	3.958700	0
conventional	ce293	88	1.161994	20.997257	1	14	7	2.941618	3.484648	8.637127	5.933864	0	0
holistic	he262	89	0	10.572616	0	4	8	0	0	0	10.572616	0	0
holistic	he263	89	0	0.773394	0	6	12	0	0	0	0.773394	0	0
holistic	he264	89	0	0.061829	0	1	10	0	0	0	0.061829	0	0
holistic	he265	89	0	0	0	0	6	0	0	0	0	0	0
holistic	he266	89	0	7.398994	0	2	6	0	0	0	7.398994	0	0
holistic	he267	89	0	0	0	0	8	0	0	0	0	0	0
holistic	he268	89	0	0.285526	0	2	8	0	0	0	0.285526	0	0
holistic	he269	89	0	0	0	0	8	0	0	0	0	0	0
holistic	he270	90	0	27.834252	0	12	11	0	0	0	27.834252	0	0
holistic	he271	90	0	0	0	0	12	0	0	0	0	0	0
holistic	he272	90	0	0	0	0	8	0	0	0	0	0	0
holistic	he273	90	7.301469	6.364709	11	11	8	0.875205	0	0	5.489504	7.917400	0
conventional	ce294	90	0	29.026379	0	14	7	3.206048	2.419840	16.486228	6.914263	0.060325	0
conventional	ce295	90	0	27.773990	0	14	7	2.006015	0.990551	14.853418	9.924006	0	0
conventional	ce296	90	0	33.107754	0	14	7	0.524129	7.366418	14.068883	11.148324	0	0
conventional	ce297	90	0	27.222821	0	14	7	2.581333	2.175711	18.028145	4.437632	0.383904	0
holistic	he274	91	0	5.359084	0	6	8	0	0	0	5.359084	0	0
holistic	he275	91	0	0.572988	0	2	12	0	0	0	0.572988	0	0
holistic	he276	91	0.553113	1.181045	1	3	18	0	0	0	1.181045	0	0
conventional	ce298	91	0	31.456565	0	14	7	1.131998	2.888997	17.317834	10.117736	0	0
conventional	ce299	91	0	26.608543	0	14	7	1.068619	2.896546	12.038395	10.604983	0.091372	0
holistic	he277	92	0	2.231918	0	2	4	0	0	0	2.231918	0	0
holistic	he278	92	3.161534	3.541956	6	6	7	1.315362	0	0	2.226594	4.089802	0
holistic	he279	92	0	0.773394	0	6	12	0	0	0	0.773394	0	0
conventional	ce300	92	0	45.596701	0	14	7	12.818871	1.938113	17.827808	13.011909	0	0
conventional	ce301	92	0	33.225154	0	14	7	1.870994	9.605386	12.645109	9.103665	0	0
conventional	ce302	92	0	23.093477	0	14	7	3.244602	1.168576	14.221304	4.458995	0	0
conventional	ce303	92	0	35.395925	0	14	7	6.171301	0.663232	19.012628	9.548764	0.383904	0
holistic	he280	93	0	8.244010	0	4	4	0	0	0	8.244010	0	0
holistic	he281	93	0	19.658898	0	12	6	0	0	0	19.658898	0	0
holistic	he282	93	0	7.138154	0	4	4	0	0	0	7.138154	0	0
holistic	he283	93	0	0	0	0	6	0	0	0	0	0	0
conventional	ce304	93	0	52.917445	0	14	7	2.855287	5.264803	29.152850	15.644505	0	0
holistic	he284	94	0	0	0	0	4	0	0	0	0	0	0
holistic	he285	94	0	0	0	0	8	0	0	0	0	0	0
holistic	he286	94	0	10.034706	0	4	8	0	0	0	10.034706	0	0
conventional	ce305	94	0	19.924142	0	14	7	5.862503	5.281105	7.163368	1.617166	0	0
holistic	he287	95	0	0	0	0	8	0	0	0	0	0	0
holistic	he288	95	0	0	0	0	15	0	0	0	0	0	0
holistic	he289	95	3.161534	4.260088	6	6	8	1.315362	0	0	2.944726	4.155353	0
holistic	he290	95	0.213369	0.669156	1	3	10	0	0	0	0.669156	0	0
holistic	he291	95	0.347692	2.614727	1	3	4	0	0	0	2.614727	0	0
holistic	he292	96	0	6.613874	0	4	8	0	0	0	6.613874	0	0
holistic	he293	96	0	3.482786	0	4	3	0	0	0	3.482786	0.266005	0
conventional	ce306	96	0	26.587381	0	14	7	5.428262	1.263876	13.934214	5.961029	0	0
conventional	ce307	96	0	16.743917	0	14	7	0.826154	3.802131	8.056730	4.058902	0	0
conventional	ce308	96	0	18.365880	0	14	7	3.799274	6.914411	5.699994	1.952201	0	0
holistic	he294	97	2.581775	3.955266	3	3	5	0.731893	0	0	3.223373	1.979350	0
holistic	he295	97	0	0.061829	0	1	14	0	0	0	0.061829	0	0
holistic	he296	97	0	0	0	0	6	0	0	0	0	0	0
holistic	he297	98	0	4.686522	0	2	2	0	0	0	4.686522	0	0
holistic	he298	98	0	0	0	0	3	0	0	0	0	0.153770	0
holistic	he299	98	0	0.350256	0	2	4	0	0	0	0.350256	0	0
holistic	he300	98	0	3.623786	0	2	8	0	0	0	3.623786	0	0
holistic	he301	99	0	2.084374	0	2	8	0	0	0	2.084374	0	0
conventional	ce309	99	0	32.083300	0	14	7	3.172905	3.004160	17.322113	8.584122	0.060325	0
conventional	ce310	99	0	14.075054	0	14	7	1.707396	6.636637	3.991800	1.739221	0	0
conventional	ce311	99	0	18.264236	0	14	7	1.075099	6.069061	7.907969	3.212107	0	0
conventional	ce312	100	0	33.711226	0	14	7	1.703662	0.842255	21.425777	9.739532	0	0
holistic	he302	101	0	8.672094	0	4	10	0	0	0	8.672094	0	0
holistic	he303	101	2.710896	4.169948	3	3	3	0.869299	0	0	3.300649	2.052476	0
conventional	ce313	101	0	20.744791	0	14	7	2.712533	1.918167	11.404015	4.710076	0	0
conventional	ce314	101	0	19.527677	0	14	7	3.182457	6.757253	7.184163	2.403804	0	0
holistic	he304	102	0	0	0	0	8	0	0	0	0	0	0
conventional	ce315	102	0	30.271200	0	14	7	6.041440	1.999761	16.430994	5.799005	0	0
conventional	ce316	102	0	33.839273	0	14	7	2.635186	4.854730	9.143124	17.206233	0.719992	0
conventional	ce317	102	0	26.338378	0	14	7	4.279311	3.521408	14.590804	3.946855	0.160618	0
holistic	he305	103	0	0.199976	0	2	8	0	0	0	0.199976	0	0
holistic	he306	103	0	0.578088	0	6	12	0	0	0	0.578088	0	0
conventional	ce318	103	0	39.910180	0	14	7	11.180945	2.041536	13.945014	12.742685	0	0
conventional	ce319	103	0	32.389668	0	14	7	5.236429	3.186060	20.810418	3.156761	0	0
conventional	ce320	103	0	34.557572	0	14	7	0.885730	7.284467	14.178030	12.209345	0	0
conventional	ce321	104	0	25.936375	0	14	7	4.401153	2.301194	13.905825	5.328203	0.273626	0
conventional	ce322	104	0	27.514726	0	14	7	7.817670	5.743560	10.365797	3.587699	0	0
holistic	he307	105	0	0	0	0	4	0	0	0	0	0	0
holistic	he308	105	0	0	0	0	12	0	0	0	0	0	0
conventional	ce323	105	0	22.601496	0	14	7	2.125776	2.043087	15.495700	2.936933	0.190063	0
holistic	he309	106	0	0.340950	0	2	4	0	0	0	0.340950	0	0
conventional	ce324	106	0	31.662685	0	14	7	2.562892	5.178448	8.057529	15.863816	0	0
conventional	ce325	106	0	23.318071	0	14	7	2.930685	4.522480	11.627877	4.237029	0	0
conventional	ce326	106	0	29.939322	0	14	7	2.018998	1.518168	15.677377	10.724779	0	0
conventional	ce327	107	0	14.036987	0	14	7	0.684925	1.234783	8.974602	3.142677	0	0
conventional	ce328	107	0	20.327674	0	14	7	0.852333	0.794561	14.249011	4.431769	0.383904	0
conventional	ce329	108	0	35.581013	0	14	7	1.374014	5.186595	19.394131	9.626273	0	0
conventional	ce330	108	0	22.788751	0	14	7	2.344370	1.115712	12.694297	6.634372	0	0
holistic	he310	109	0	0	0	0	6	0	0	0	0	0	0
holistic	he311	109	0	2.084374	0	2	8	0	0	0	2.084374	0	0
conventional	ce331	109	0	23.024031	0	14	7	2.380906	0.779580	14.014495	5.849050	0	0
conventional	ce332	109	0	31.823389	0	14	7	2.989001	5.740362	12.588228	10.505798	0	0
conventional	ce333	109	0	25.389498	0	14	7	2.207719	2.096515	14.600674	6.484590	0	0
conventional	ce334	109	0	32.812554	0	14	7	4.028929	1.170156	19.714608	7.898861	0.383904	0
conventional	ce335	110	0	26.237634	0	14	7	1.206964	3.406911	15.562171	6.061588	0	0
conventional	ce336	110	0	20.153396	0	14	7	3.740345	3.574313	9.086761	3.751977	0.383904	0
conventional	ce337	110	1.263032	20.134170	1	14	7	1.709915	0.766246	13.399393	4.258616	0.160618	0
holistic	he312	111	0	0	0	0	12	0	0	0	0	0	0
conventional	ce338	111	0	38.505123	0	14	7	7.631383	0.352370	19.423585	11.097785	0.222246	0
holistic	he313	112	0	0	0	0	6	0	0	0	0	0	0
holistic	he314	112	0	3.985012	0	2	2	0	0	0	3.985012	0	0
conventional	ce339	112	0	23.185649	0	14	7	3.232644	0.928002	15.812768	3.212235	0	0
holistic	he315	113	3.816081	4.432345	5	5	8	0.552911	0	0	3.879434	3.708362	0
holistic	he316	113	3.448574	2.441838	5	5	4	0.235442	0	0	2.206396	4.345432	0
conventional	ce340	113	0	20.520596	0	14	7	0.231304	2.719454	10.845736	6.724102	0	0
holistic	he317	114	0	8.569804	0	4	10	0	0	0	8.569804	0	0
holistic	he318	114	0	0.856516	0	2	12	0	0	0	0.856516	0	0
conventional	ce341	115	0	15.424832	0	14	7	2.132999	6.380573	5.144696	1.766564	0	0
conventional	ce342	115	0	28.198838	0	14	7	4.008840	2.849069	10.041685	11.299244	0	0
holistic	he319	116	0	0	0	0	8	0	0	0	0	0	0
conventional	ce343	116	0	19.783939	0	14	7	0.520828	2.490542	12.636669	4.135900	0	0
conventional	ce344	117	0	30.468680	0	14	7	0.634851	6.361824	12.002038	11.469967	0	0
holistic	he320	118	0	0	0	0	12	0	0	0	0	0	0
conventional	ce345	118	0	18.794305	0	14	7	3.663706	6.544069	6.274350	2.312180	0	0
conventional	ce346	118	0	36.115926	0	14	7	2.402634	5.627607	11.084760	17.000925	0.240158	0
conventional	ce347	119	0	29.089965	0	14	7	8.898640	5.743560	10.197573	4.250192	0	0
conventional	ce348	119	0	30.019702	0	14	7	1.735066	2.903116	12.737092	12.644428	0	0
conventional	ce349	119	0	19.606027	0	14	7	2.955442	7.727115	8.151788	0.771682	0	0
conventional	ce350	120	0	19.438096	0	14	7	2.248279	5.955224	8.708480	2.526113	0	0
conventional	ce351	121	0	21.251980	0	14	7	0.578082	2.814453	11.758310	6.101135	0	0
holistic	he321	122	0	0	0	0	4	0	0	0	0	0	0
conventional	ce352	122	0	29.423767	0	14	7	5.753309	1.720306	17.406418	4.543734	0.417211	0
conventional	ce353	122	0	16.991500	0	14	7	5.164202	5.239636	4.321695	2.265967	0	0
conventional	ce354	123	0	33.891184	0	14	7	1.635466	6.939878	13.430922	11.884918	0	0
holistic	he322	125	0	0	0	0	18	0	0	0	0	0	0
conventional	ce355	125	0	40.051829	0	14	7	4.010770	0.705238	24.584446	10.751375	0.383904	0
conventional	ce356	125	0	24.563863	0	14	7	2.350154	4.884998	12.634131	4.694580	0.417211	0
holistic	he323	127	0	29.780040	0	24	14	0	0	0	29.780040	0	0
holistic	he324	128	0	0.856516	0	2	12	0	0	0	0.856516	0	0
conventional	ce357	128	0	37.508227	0	14	7	2.671118	7.942475	16.873463	10.021171	0	0
conventional	ce358	128	0	29.927080	0	14	7	7.203890	4.768722	9.099413	8.855055	0	0
conventional	ce359	129	0	26.785648	0	14	7	3.103482	1.105353	16.603769	5.973044	0.726293	0
conventional	ce360	129	0	26.901995	0	14	7	1.857749	4.331452	15.592917	5.119877	0	0
holistic	he325	130	6.389633	22.178807	7	39	8	17.932743	0	0	4.246064	3.958700	0
conventional	ce361	130	0	36.114632	0	14	7	0.612384	7.200625	17.125569	11.176054	3.132220	0
conventional	ce362	130	0	23.310040	0	14	7	6.734682	5.874285	7.297756	3.403317	0	0
conventional	ce363	131	0	21.315493	0	14	7	3.800877	1.319759	11.522636	4.672221	0	0
conventional	ce364	132	0	26.064264	0	14	7	4.446833	3.529779	16.414609	1.673043	0.694050	0
conventional	ce365	132	0	24.436151	0	14	7	1.181516	3.037929	9.978086	10.238620	0	0
conventional	ce366	132	0	35.604516	0	14	7	0.834017	7.461320	15.818439	11.490740	0	0
conventional	ce367	132	0	34.883666	0	14	7	1.860451	3.805517	11.250733	17.966965	1.948829	0
conventional	ce368	132	0	28.785194	0	14	7	9.234063	6.032085	9.389082	4.129964	0	0
holistic	he326	133	0	6.874912	0	4	8	0	0	0	6.874912	0	0
conventional	ce369	133	0	23.090715	0	14	7	1.832175	6.221400	11.402413	3.634727	0	0
conventional	ce370	133	0	26.118777	0	14	7	4.042957	3.045227	12.091243	6.939350	0	0
conventional	ce371	133	0	31.137139	0	14	7	0.394017	3.050971	16.679404	11.012747	1.017281	0
conventional	ce372	133	0	21.499231	0	14	7	2.476002	3.323623	10.917503	4.782103	0	0
conventional	ce373	133	0	22.562196	0	14	7	0.647420	2.877213	11.619897	7.417666	0	0
holistic	he327	134	0	0	0	0	8	0	0	0	0	0	0
holistic	he328	134	0	0	0	0	8	0	0	0	0	0	0
conventional	ce374	134	0	33.643672	0	14	7	9.355358	8.292774	9.808035	6.187505	0	0
conventional	ce375	134	0	22.072721	0	14	7	3.833843	0.870312	8.486189	8.882377	0	0
conventional	ce376	134	0	23.064899	0	14	7	2.472345	3.416589	11.221266	5.954699	0	0
conventional	ce377	134	0	15.604688	0	14	7	4.058198	1.709727	6.521115	3.315648	0	0
conventional	ce378	134	0	62.783590	0	14	7	6.584236	7.354301	31.089148	17.755905	0	0
holistic	he329	135	0	0	0	0	4	0	0	0	0	0	0
conventional	ce379	135	0	35.109368	0	14	7	1.386090	1.040459	21.585557	11.097262	0	0
conventional	ce380	135	0	30.954223	0	14	7	5.470361	0.440811	14.794202	10.248849	0	0
holistic	he330	136	0	0	0	0	6	0	0	0	0	0	0
conventional	ce381	136	0	23.136506	0	14	7	4.519417	1.852620	9.893578	6.870891	0	0
conventional	ce382	136	0	27.060243	0	14	7	0.899539	3.238680	11.301354	11.620670	0	0
conventional	ce383	136	0	32.141277	0	14	7	1.855270	5.353569	13.673396	11.259042	0	0
conventional	ce384	136	0	22.427485	0	14	7	7.549290	4.189355	7.898611	2.790229	0.383904	0
conventional	ce385	136	0	38.350313	0	14	7	1.469873	2.867973	23.289195	10.723272	0	0
holistic	he331	137	2.703614	2.703614	4	4	13	2.703614	0	0	0	0	0
holistic	he332	137	0	2.084374	0	2	8	0	0	0	2.084374	0	0
conventional	ce386	137	1.318971	28.421029	1	14	7	0.763082	4.329992	7.176914	16.151041	0.719992	0
conventional	ce387	137	0	30.185405	0	14	7	2.753199	3.009177	12.688197	11.734832	0	0
conventional	ce388	138	0	32.066144	0	14	7	0.340144	3.379740	16.789194	11.557066	1.017281	0
holistic	he333	139	0	0.856538	0	2	8	0	0	0	0.856538	0	0
holistic	he334	139	0	0	0	0	4	0	0	0	0	0	0
conventional	ce389	139	0	38.507798	0	14	7	3.295898	4.330426	13.295911	17.585563	1.021617	0
conventional	ce390	139	0	27.984752	0	14	7	3.026756	5.142867	9.530907	10.284222	0	0
conventional	ce391	139	0	31.297300	0	14	7	9.337800	6.064999	9.758390	6.136111	0	0
conventional	ce392	139	0	31.187914	0	14	7	2.344338	6.216413	12.109550	10.517613	0	0
conventional	ce393	139	0	48.468709	0	14	7	1.287415	10.367154	22.192582	14.621558	0	0
conventional	ce394	140	0	25.821820	0	14	7	2.301332	1.586873	13.961543	7.972072	0.417211	0
conventional	ce395	140	0	34.271387	0	14	7	1.667187	5.273527	18.474909	8.855764	0	0
holistic	he335	141	5.308106	15.883262	4	24	10	15.883262	0	0	0	0	0
holistic	he336	141	1.147240	1.449757	2	2	3	0	0	0	1.449757	1.748588	0
holistic	he337	141	0	2.084374	0	2	12	0	0	0	2.084374	0	0
conventional	ce396	141	0	40.947670	0	14	7	3.757123	2.424003	22.207905	12.558639	0	0
conventional	ce397	141	0	26.809257	0	14	7	7.839488	7.173522	8.036013	3.760234	0	0
conventional	ce398	141	0	21.710997	0	14	7	3.191074	2.040801	10.164929	6.314193	0	0
holistic	he338	142	0	0	0	0	6	0	0	0	0	0	0
holistic	he339	142	0	0	0	0	6	0	0	0	0	0	0
holistic	he340	142	0.347692	2.353197	1	3	4	0	0	0	2.353197	0	0
conventional	ce399	142	0	33.014162	0	14	7	9.574280	6.240765	12.865128	4.333989	0	0
conventional	ce400	142	0	38.148436	0	14	7	2.861589	6.419175	9.185857	19.681815	0.719992	0
conventional	ce401	142	0	29.355974	0	14	7	2.039219	4.954301	9.203109	13.159345	0	0
holistic	he341	143	0	0	0	0	10	0	0	0	0	0	0
conventional	ce402	143	0	25.826560	0	14	7	1.319513	4.578778	11.736959	8.191310	0	0
conventional	ce403	143	0	33.120165	0	14	7	1.474860	4.503057	15.962270	11.179978	0.971360	0
holistic	he342	144	0	8.893812	0	2	6	0	0	0	8.893812	0	0
holistic	he343	144	0	0	0	0	18	0	0	0	0	0	0
holistic	he344	144	0	0.199976	0	2	8	0	0	0	0.199976	0	0
conventional	ce404	144	0	21.954195	0	14	7	3.791766	1.573461	12.441184	4.147784	0	0
conventional	ce405	144	0.763241	25.707212	1	14	7	2.121752	2.828663	14.277259	6.479538	0	0
conventional	ce406	144	0	18.226672	0	14	7	5.317022	4.705818	7.122155	1.081677	0	0
conventional	ce407	144	0	35.074942	0	14	7	0.130730	6.488247	17.561328	10.894637	0	0
conventional	ce408	144	0	37.669498	0	14	7	3.093205	3.484495	18.979682	12.112116	1.017281	0
conventional	ce409	144	0	24.026686	0	14	7	7.437394	6.491714	7.951805	2.145773	0	0
holistic	he345	145	0	0	0	0	12	0	0	0	0	0	0
holistic	he346	145	0	0.673674	0	2	8	0	0	0	0.673674	0	0
holistic	he347	145	0	5.373050	0	4	6	0	1.122778	0	4.250272	0	0
holistic	he348	145	0	0	0	0	8	0	0	0	0	0	0
holistic	he349	145	0	0.773394	0	6	12	0	0	0	0.773394	0	0
holistic	he350	146	0	4.201302	0	4	8	0	0	0	4.201302	0	0
holistic	he351	146	8.035122	7.578862	11	11	17	1.608858	0	0	5.970004	7.917400	0
holistic	he352	146	0	0	0	0	6	0	0	0	0	0	0
holistic	he353	146	0.213369	0.077994	1	1	12	0	0	0	0.077994	0	0
holistic	he354	146	0	0	0	0	12	0	0	0	0	0	0
holistic	he355	146	0	0	0	0	6	0	0	0	0	0	0
holistic	he356	146	0	0	0	0	6	0	0	0	0	0	0
conventional	ce410	146	0	27.362028	0	14	7	3.045828	3.995758	17.655176	2.665266	0.248845	0
conventional	ce411	146	0	31.837202	0	14	7	5.521208	2.659854	13.031358	10.624782	0	0
conventional	ce412	146	0	31.659929	0	14	7	5.221259	1.531625	19.232519	5.674526	1.173226	0
conventional	ce413	146	0	27.570856	0	14	7	2.222947	10.104166	7.819149	7.424594	0	0
holistic	he357	147	0	0.773394	0	6	15	0	0	0	0.773394	0	0
holistic	he358	147	0	9.133674	0	12	12	0	0	0	9.133674	0	0
holistic	he359	147	0	3.623786	0	2	8	0	0	0	3.623786	0	0
holistic	he360	147	2.186382	1.454973	2	2	3	0	0	0	1.454973	2.044901	0
conventional	ce414	147	0	21.267610	0	14	7	3.408609	1.232929	9.450826	7.175246	0	0
conventional	ce415	147	0	35.979026	0	14	7	3.233584	1.732760	19.661965	11.350717	0.383904	0
holistic	he361	148	0	6.613874	0	4	8	0	0	0	6.613874	0	0
holistic	he362	148	0	0	0	0	1	0	0	0	0	0	0
holistic	he363	148	0	2.084374	0	2	8	0	0	0	2.084374	0	0
holistic	he364	149	0	0	0	0	12	0	0	0	0	0	0
holistic	he365	149	0	8.533734	0	4	10	0	0	0	8.533734	0	0
holistic	he366	149	0	0	0	0	4	0	0	0	0	0	0
holistic	he367	149	0	0	0	0	2	0	0	0	0	0.090741	0
holistic	he368	149	0.867054	3.382986	2	22	3	3.382986	0	0	0	4.968362	0
holistic	he369	149	0	0.856516	0	2	12	0	0	0	0.856516	0	0
holistic	he370	149	0	2.084374	0	2	8	0	0	0	2.084374	0	0
conventional	ce416	149	0	32.332604	0	14	7	2.020524	3.583897	14.552606	12.175577	0.091372	0
holistic	he371	150	0	0	0	0	12	0	0	0	0	0	0
holistic	he372	150	0	1.179226	0	2	8	0	0	0	1.179226	0	0
holistic	he373	150	0.213369	3.814888	1	3	10	0	0	0	3.814888	0	0
holistic	he374	150	0	0	0	0	12	0	0	0	0	0	0
holistic	he375	150	0.235442	0.235442	1	1	3	0.235442	0	0	0	0	0
holistic	he376	150	0	0	0	0	12	0	0	0	0	0	0
conventional	ce417	150	0	34.533475	0	14	7	0.952994	4.640725	15.770833	13.168923	0.169308	0
conventional	ce418	150	0	19.991875	0	14	7	2.760112	3.610023	10.282193	3.339547	0.383904	0
conventional	ce419	150	0	17.644786	0	14	7	0.973645	6.170828	7.764184	2.736129	0	0
holistic	he377	151	0	2.084374	0	2	8	0	0	0	2.084374	0	0
holistic	he378	151	0.673746	1.214001	2	2	4	0	0	0	1.214001	0	0
holistic	he379	151	2.493407	3.475662	5	5	8	0.488830	0	0	2.986832	3.708362	0
conventional	ce420	151	0	42.696597	0	14	7	1.691358	5.181544	24.170478	11.653217	0	0
conventional	ce421	151	0	33.005804	0	14	7	1.937079	8.353955	13.475283	9.239487	2.015268	0
conventional	ce422	151	0	31.520546	0	14	7	2.637408	3.488452	12.899937	12.494749	0	0
holistic	he380	152	0	0	0	0	6	0	0	0	0	0	0
holistic	he381	152	0	3.226250	0	2	8	0	0	0	3.226250	0	0
conventional	ce423	152	0	35.016969	0	14	7	3.294698	5.812113	18.320151	7.590007	0	0
conventional	ce424	152	0	24.111195	0	14	7	8.778373	6.138510	6.681159	2.513153	0	0
conventional	ce425	152	0	30.141796	0	14	7	0.693802	3.151655	15.744004	10.552335	1.017281	0
holistic	he382	153	0	0	0	0	12	0	0	0	0	0	0
holistic	he383	153	0	0	0	0	6	0	0	0	0	0	0
holistic	he384	153	0	1.017666	0	2	12	0	0	0	1.017666	0	0
conventional	ce426	153	0	25.679322	0	14	7	2.495124	2.692384	14.451996	6.039818	0.417211	0
conventional	ce427	153	0	21.134163	0	14	7	3.678247	3.589665	10.133230	3.733021	0	0
conventional	ce428	153	0	34.961237	0	14	7	0.510440	5.033828	18.466860	10.950109	0	0
conventional	ce429	153	0	29.236828	0	14	7	0.797061	3.664890	18.624672	6.150205	0	0
holistic	he385	154	0	2.355372	0	2	8	0	0	0	2.355372	0	0
holistic	he386	154	0	0	0	0	4	0	0	0	0	0	0
conventional	ce430	154	0	19.941444	0	14	7	5.369849	5.138039	7.397835	2.035721	0	0
holistic	he387	155	0	0	0	0	12	0	0	0	0	0	0
holistic	he388	155	0	0.578088	0	6	12	0	0	0	0.578088	0	0
holistic	he389	155	0	0	0	0	4	0	0	0	0	0	0
holistic	he390	155	0	4.201302	0	4	8	0	0	0	4.201302	0	0
holistic	he391	155	0	0	0	0	18	0	0	0	0	0	0
holistic	he392	155	0	0.340950	0	2	4	0	0	0	0.340950	0	0
conventional	ce431	155	0	31.390344	0	14	7	0.776979	3.197151	15.962549	11.453665	1.017281	0
conventional	ce432	155	0	19.838421	0	14	7	1.030816	2.431348	12.636800	3.739457	0	0
conventional	ce433	155	0	32.747390	0	14	7	3.005236	4.433888	16.838478	8.469788	0	0
holistic	he393	156	0	0	0	0	4	0	0	0	0	0	0
holistic	he394	156	2.153608	2.153608	3	3	4	2.153608	0	0	0	3.953137	0
holistic	he395	156	0	0.443094	0	12	12	0	0	0	0.443094	0	0
holistic	he396	156	0	0	0	0	8	0	0	0	0	0	0
conventional	ce434	156	0	31.141610	0	14	7	9.462049	7.328011	10.407972	3.943578	0.719992	0
conventional	ce435	156	0	40.735937	0	14	7	6.965879	5.167816	18.200642	10.401600	0.383904	0
conventional	ce436	157	0	18.244130	0	14	7	1.718930	5.464493	8.670956	2.389751	0	0
conventional	ce437	157	0	32.624745	0	14	7	5.323383	3.831132	14.612782	8.857448	0	0
holistic	he397	158	3.213132	4.244772	4	4	3	0	0	0	4.244772	3.958700	0
holistic	he398	158	0	3.749433	0	3	12	0	0	0	3.749433	0	0
holistic	he399	158	0	6.253122	0	6	12	0	0	0	6.253122	0	0
holistic	he400	158	0	0	0	0	12	0	0	0	0	0	0
conventional	ce438	158	0	19.105827	0	14	7	1.090550	1.256763	9.335829	7.422685	2.000643	0
holistic	he401	159	0	2.084374	0	2	8	0	0	0	2.084374	0	0
holistic	he402	159	0	0	0	0	4	0	0	0	0	0	0
holistic	he403	159	3.264072	14.593280	8	24	20	3.264072	0	0	11.329208	0	0
holistic	he404	159	0	2.084374	0	2	8	0	0	0	2.084374	0	0
holistic	he405	159	0	0	0	0	8	0	0	0	0	0	0
conventional	ce439	159	0	40.114939	0	14	7	2.227859	3.407864	22.096407	12.382809	1.017281	0
conventional	ce440	159	1.235585	31.905005	1	14	7	4.883567	1.432324	17.639048	7.950066	0.516877	0
holistic	he406	160	0	0	0	0	10	0	0	0	0	0	0
holistic	he407	160	0	0.340950	0	2	4	0	0	0	0.340950	0	0
conventional	ce441	160	0	33.195575	0	14	7	1.827619	3.448515	16.130789	11.788652	1.017281	0
conventional	ce442	160	0	24.538223	0	14	7	2.257866	0.675379	14.234775	7.370203	0.383904	0
holistic	he408	161	0	0	0	0	8	0	0	0	0	0	0
holistic	he409	161	1.870148	21.164514	4	25	10	3.704040	0	0	17.460474	0	0
conventional	ce443	161	0	22.393762	0	14	7	3.624740	1.954843	8.474659	8.339520	0	0
conventional	ce444	161	0	17.858354	0	14	7	3.352095	1.429138	7.859921	5.217200	1.017281	0
conventional	ce445	161	0	25.521082	0	14	7	1.463857	2.290175	9.391630	12.375420	0	0
conventional	ce446	161	0	27.246250	0	14	7	5.167143	3.810251	15.235734	3.033122	0	0
holistic	he410	162	0	0	0	0	5	0	0	0	0	0	0
holistic	he411	162	0	0	0	0	4	0	0	0	0	0	0
holistic	he412	162	0.700878	3.097078	1	3	4	0	0	0	3.097078	0	0
holistic	he413	162	0	9.133674	0	12	12	0	0	0	9.133674	0	0
holistic	he414	162	0	0	0	0	12	0	0	0	0	0	0
holistic	he415	162	0	0	0	0	8	0	0	0	0	0	0
holistic	he416	162	0	0	0	0	12	0	0	0	0	0	0
conventional	ce447	162	0	27.270703	0	14	7	2.581758	3.078505	11.732661	9.877779	0	0
conventional	ce448	162	0	31.340586	0	14	7	6.477286	2.051727	14.778117	8.033456	0	0
conventional	ce449	162	0	36.986046	0	14	7	0.480251	7.351512	17.868042	11.286241	3.132220	0
conventional	ce450	162	0	34.475509	0	14	7	2.648060	3.467417	16.290642	12.069390	1.205150	0
holistic	he417	163	0	2.084374	0	2	8	0	0	0	2.084374	0	0
holistic	he418	163	2.039365	1.244766	3	3	3	0.235442	0	0	1.009324	0	0
holistic	he419	163	0	0	0	0	4	0	0	0	0	0	0
holistic	he420	163	0.435313	2.750909	1	3	4	0	0	0	2.750909	0	0
conventional	ce451	163	0	17.447894	0	14	7	0.589937	4.677801	8.355635	3.824521	0.240158	0
conventional	ce452	163	0	46.738952	0	14	7	2.617761	6.052192	26.295052	11.773947	1.567157	0
conventional	ce453	163	0	25.802411	0	14	7	3.001026	2.914887	13.099662	6.786836	0	0
conventional	ce454	163	0	37.620624	0	14	7	2.919225	4.478456	14.096335	16.126608	1.021617	0
conventional	ce455	163	0	31.678355	0	14	7	5.034698	3.938186	12.294924	10.410547	0	0
holistic	he421	164	0	0	0	0	12	0	0	0	0	0	0
holistic	he422	164	0	5.139096	0	12	16	0	0	0	5.139096	0	0
conventional	ce456	164	0	36.053114	0	14	7	5.440804	5.929502	14.132305	10.550503	0	0
conventional	ce457	164	0	34.137695	0	14	7	3.802307	5.096796	9.037587	16.201005	0	0
holistic	he423	165	0	0.296698	0	2	16	0	0	0	0.296698	0	0
holistic	he424	165	0	2.365114	0	2	8	0	0	0	2.365114	0	0
holistic	he425	165	0	1.540346	0	2	8	0	0	0	1.540346	0	0
conventional	ce458	165	0	28.175555	0	14	7	1.714213	3.681436	16.592519	6.187387	0.417211	0
conventional	ce459	165	0	25.459589	0	14	7	3.773822	1.656382	9.047805	10.981580	0	0
conventional	ce460	165	0	40.901371	0	14	7	4.055196	5.707343	20.214280	10.924552	0	0
holistic	he426	166	0	0	0	0	20	0	0	0	0	0	0
holistic	he427	166	0	0	0	0	8	0	0	0	0	0	0
holistic	he428	166	8.035122	7.392994	11	11	17	1.608858	0	0	5.784136	7.917400	0
conventional	ce461	166	0	33.457140	0	14	7	1.043897	3.865526	16.307053	12.240664	1.017281	0
conventional	ce462	166	0	16.440675	0	14	7	4.730125	5.145413	4.514125	2.051012	0	0
conventional	ce463	167	0	38.369377	0	14	7	4.084027	4.500086	12.263771	17.521493	1.021617	0
conventional	ce464	167	0	39.776894	0	14	7	3.432311	8.990409	20.836611	6.517563	0	0
holistic	he429	168	0	0	0	0	8	0	0	0	0	0	0
holistic	he430	168	1.029940	0.997092	2	2	4	0	0	0	0.997092	1.854181	0
conventional	ce465	168	0	35.122574	0	14	7	2.465003	2.582807	20.092193	9.982571	0.383904	0
conventional	ce466	168	0	19.532130	0	14	7	2.338986	6.198200	8.709122	2.285822	0	0
conventional	ce467	168	0	29.170340	0	14	7	0.530011	3.266984	15.597483	9.775862	1.017281	0
holistic	he431	169	6.448188	15.505890	4	22	22	6.448188	0	0	9.057702	0	0
conventional	ce468	169	0	29.881618	0	14	7	7.612749	6.967587	11.472882	3.828400	0	0
conventional	ce469	169	0	14.588245	0	14	7	1.498179	4.016821	6.925895	2.147350	0	0
conventional	ce470	169	0	17.278414	0	14	7	1.964044	6.469226	7.544590	1.300554	0	0
conventional	ce471	169	0	32.105717	0	14	7	2.688778	2.779040	13.676369	12.961530	0	0
conventional	ce472	170	0	29.308453	0	14	7	1.212327	3.188255	12.636039	12.271832	0	0
conventional	ce473	170	0	26.862749	0	14	7	2.757380	0.826491	16.944428	6.334450	0.726293	0
conventional	ce474	170	0	30.823261	0	14	7	9.369089	7.607959	9.478351	4.367862	0.719992	0
conventional	ce475	170	0	40.391789	0	14	7	3.203367	3.328423	21.306646	12.553353	0.956666	0
holistic	he432	171	0	0	0	0	6	0	0	0	0	0.993451	0
holistic	he433	171	0	0.338660	0	2	6	0	0	0	0.338660	0	0
holistic	he434	171	0.235442	0.266616	1	2	2	0.266616	0	0	0	0	0
conventional	ce476	171	0	35.223492	0	14	7	10.753466	6.740989	11.962696	5.766341	0.515555	0
holistic	he435	172	0	0	0	0	8	0	0	0	0	0	0
holistic	he436	172	0	2.084374	0	2	6	0	0	0	2.084374	0	0
conventional	ce477	172	0	25.894743	0	14	7	6.832670	6.915432	8.466785	3.679856	0	0
conventional	ce478	172	0	18.564246	0	14	7	0.456086	1.294343	10.793949	6.019868	1.017281	0
holistic	he437	173	0	0	0	0	8	0	0	0	0	0	0
holistic	he438	173	0	0	0	0	6	0	0	0	0	0	0
holistic	he439	173	0	0	0	0	12	0	0	0	0	0	0
conventional	ce479	173	0	32.509304	0	14	7	3.365204	2.523797	19.822588	6.797715	0.383904	0
conventional	ce480	173	0	38.511915	0	14	7	7.445837	3.320623	18.662696	9.082759	0	0
holistic	he440	174	0	0	0	0	14	0	0	0	0	0	0
conventional	ce481	174	0	30.342872	0	14	7	1.880780	3.031283	15.145618	10.285191	0.383904	0
conventional	ce482	174	0	34.658931	0	14	7	5.758975	3.312247	15.933852	9.653857	0.359467	0
conventional	ce483	174	0	31.818114	0	14	7	3.169354	4.642324	16.115980	7.890456	0	0
conventional	ce484	174	0	21.746342	0	14	7	4.107231	0.962394	11.347597	5.329120	0	0
holistic	he441	175	0	2.365114	0	2	8	0	0	0	2.365114	0	0
conventional	ce485	175	0	35.719354	0	14	7	2.494094	6.965175	13.266682	12.993403	0	0
conventional	ce486	175	0	37.718929	0	14	7	4.862679	1.241888	20.442583	11.171779	0.983590	0
holistic	he442	176	0	1.591012	0	2	12	0	0	0	1.591012	0	0
holistic	he443	176	0	0	0	0	8	0	0	0	0	0	0
holistic	he444	176	0	0	0	0	12	0	0	0	0	0	0
conventional	ce487	176	0	17.494738	0	14	7	4.362225	5.726433	4.835758	2.570322	0	0
conventional	ce488	176	0	38.438706	0	14	7	5.336342	3.230582	15.882928	13.988854	0	0
conventional	ce489	176	0	31.741957	0	14	7	3.551365	2.570899	13.535051	12.084642	0	0
conventional	ce490	177	0	36.924382	0	14	7	3.711775	4.127107	11.398507	17.686993	1.068511	0
conventional	ce491	177	0	30.144674	0	14	7	2.179187	2.329818	12.936673	12.698996	0	0
holistic	he445	178	0	0	0	0	8	0	0	0	0	0	0
conventional	ce492	178	0	31.897929	0	14	7	2.771124	2.276120	14.770019	12.080666	1.017281	0
conventional	ce493	179	0	28.659681	0	14	7	4.417851	3.731891	16.759196	3.750743	1.173226	0
conventional	ce494	179	0	37.658866	0	14	7	1.194489	7.211592	18.963837	10.288948	3.257195	0
holistic	he446	180	0	0	0	0	1	0	0	0	0	0	0
conventional	ce495	180	0	33.427314	0	14	7	3.825222	6.908565	15.540584	7.152943	0	0
conventional	ce496	180	0	33.142330	0	14	7	3.255652	2.525610	13.312767	14.048301	1.021617	0
conventional	ce497	181	0	29.635487	0	14	7	0.992191	4.261670	14.272501	10.109125	1.017281	0
conventional	ce498	181	0	29.850517	0	14	7	7.034808	1.879539	15.880817	5.055353	0.417211	0
holistic	he447	182	0	0	0	0	8	0	0	0	0	0	0
conventional	ce499	182	0	40.368139	0	14	7	10.645065	6.975327	16.396110	6.351637	0	0
conventional	ce500	182	0	20.413564	0	14	7	1.958111	4.892719	11.392983	2.169751	1.017281	0
conventional	ce501	183	0	27.345302	0	14	7	7.838056	6.513716	8.865278	4.128252	0.455482	0
holistic	he448	184	0	0	0	0	8	0	0	0	0	0	0
conventional	ce502	184	0	32.155101	0	14	7	3.469226	2.196431	14.280621	12.208823	0	0
conventional	ce503	184	0	34.784161	0	14	7	2.311996	4.343230	16.661052	11.467883	0	0
holistic	he449	185	0	0	0	0	12	0	0	0	0	0	0
conventional	ce504	185	0	35.275654	0	14	7	0.192868	1.040628	25.614303	8.427855	0	0
conventional	ce505	185	0	41.201578	0	14	7	1.866183	9.601199	18.521413	11.212783	3.132220	0
conventional	ce506	186	0	32.861261	0	14	7	2.799156	4.553905	13.724737	11.783463	0	0
conventional	ce507	186	0	18.997316	0	14	7	1.514991	5.004701	9.843996	2.633628	3.132220	0
holistic	he450	188	4.558734	5.549802	7	7	15	1.345602	0	0	4.204200	3.958700	0
holistic	he451	189	0	0	0	0	6	0	0	0	0	0	0
conventional	ce508	189	0	42.284407	0	14	7	2.719233	4.020394	22.681727	12.863053	0.137002	0
conventional	ce509	189	0	43.237887	0	14	7	0.532391	9.736086	21.042389	11.927021	3.132220	0
conventional	ce510	189	0	21.220136	0	14	7	4.058440	3.740120	6.952127	6.469449	0	0
holistic	he452	190	0	6.253122	0	6	11	0	0	0	6.253122	0	0
conventional	ce511	190	0	34.515453	0	14	7	5.109460	1.969647	12.413887	15.022459	0	0
holistic	he453	191	0	10.283002	0	4	10	0	0	0	10.283002	0	0
conventional	ce512	191	0	48.301116	0	14	7	3.277651	6.207165	27.404359	11.411941	1.567157	0
conventional	ce513	191	0	26.195309	0	14	7	0.991260	3.332279	12.907470	8.964300	1.017281	0
conventional	ce514	192	0	36.511541	0	14	7	3.528564	3.662848	20.077064	9.243065	0	0
conventional	ce515	192	0	34.325384	0	14	7	1.072157	2.333055	19.099550	11.820622	1.017281	0
conventional	ce516	192	0	34.303946	0	14	7	4.199078	6.740979	14.632410	8.731479	0.383904	0
conventional	ce517	193	0	35.263481	0	14	7	3.135743	3.950147	15.519879	12.657712	0	0
conventional	ce518	193	0	42.781988	0	14	7	2.624120	3.661098	21.457141	15.039629	0.956666	0
holistic	he454	194	0	0	0	0	20	0	0	0	0	0	0
holistic	he455	194	0	0	0	0	6	0	0	0	0	0	0
holistic	he456	194	0	2.691706	0	3	8	0	0	0	2.691706	0	0
conventional	ce519	194	0	34.020489	0	14	7	1.185392	2.665735	18.521149	11.648213	1.017281	0
conventional	ce520	194	0.763241	28.300554	1	14	7	2.280552	3.025048	16.298187	6.696767	0	0
holistic	he457	195	0	0.338660	0	2	6	0	0	0	0.338660	0	0
conventional	ce521	195	0	20.395004	0	14	7	2.428559	6.133819	9.460560	2.372066	0	0
holistic	he458	196	0	2.080020	0	2	8	0	0	0	2.080020	0	0
conventional	ce522	196	0	24.832546	0	14	7	4.352361	2.978686	9.429901	8.071598	0	0
holistic	he459	197	0	0	0	0	4	0	0	0	0	0	0
conventional	ce523	197	0	31.673394	0	14	7	8.750732	6.161763	9.921123	6.839776	0	0
holistic	he460	198	0	0	0	0	12	0	0	0	0	0	0
holistic	he461	198	0	0	0	0	8	0	0	0	0	0	0
conventional	ce524	198	0	26.625496	0	14	7	1.680376	2.065853	13.295609	9.583658	0.383904	0
conventional	ce525	198	0	22.087226	0	14	7	1.452948	8.338298	8.859338	3.436642	0	0
holistic	he462	199	0	0	0	0	8	0	0	0	0	0	0
holistic	he463	199	2.039365	1.392121	3	3	3	0.235442	0	0	1.156679	0	0
conventional	ce526	199	0	37.295883	0	14	7	8.726996	3.258587	18.740674	6.569626	0	0
conventional	ce527	199	0	33.514853	0	14	7	1.226137	5.143671	16.702824	10.442221	0	0
holistic	he464	200	0	0	0	0	6	0	0	0	0	0	0
conventional	ce528	200	0	30.886854	0	14	7	1.856040	3.357452	15.593305	10.080057	1.017281	0
conventional	ce529	200	0	33.394189	0	14	7	5.566218	4.553357	6.264574	17.010040	1.068511	0
conventional	ce530	200	0	33.671712	0	14	7	1.830766	3.124328	17.499353	11.217265	0.418787	0
conventional	ce531	201	0	37.771760	0	14	7	8.650524	2.783369	18.980160	7.357707	0	0
conventional	ce532	201	0	31.895510	0	14	7	1.593250	3.842772	14.415390	12.044098	0	0
holistic	he465	202	0	0	0	0	8	0	0	0	0	0	0
conventional	ce533	202	0	40.938019	0	14	7	7.111237	6.738005	13.508011	13.580766	1.691804	0
conventional	ce534	202	0	25.128525	0	14	7	4.985145	1.606643	15.663667	2.873070	1.298271	0
conventional	ce535	203	0	32.410903	0	14	7	1.039442	4.191569	15.984732	11.195160	0	0
holistic	he466	204	0	0	0	0	8	0	0	0	0	0	0
conventional	ce536	204	0	47.784205	0	14	7	2.617761	5.738793	26.347557	13.080094	1.567157	0
conventional	ce537	204	0	44.943950	0	14	7	3.352729	9.535323	20.345504	11.710394	0.839433	0
holistic	he467	205	0	3.126561	0	3	12	0	0	0	3.126561	0	0
holistic	he468	205	0	1.051650	0	2	4	0	0	0	1.051650	0	0
holistic	he469	206	0	1.949858	0	2	8	0	0	0	1.949858	0	0
holistic	he470	206	0	2.084374	0	2	8	0	0	0	2.084374	0	0
holistic	he471	206	0	0	0	0	8	0	0	0	0	0	0
conventional	ce538	206	0	30.762700	0	14	7	6.764617	6.461746	14.142911	3.393426	0	0
conventional	ce539	206	0	24.066677	0	14	7	1.642731	7.266366	10.836867	4.320713	0	0
conventional	ce540	206	0	38.192763	0	14	7	2.853435	3.275759	15.585648	16.477921	1.743581	0
holistic	he472	207	0	0	0	0	8	0	0	0	0	0	0
holistic	he473	207	0	0	0	0	24	0	0	0	0	0	0
holistic	he474	207	0	2.084374	0	2	4	0	0	0	2.084374	0	0
conventional	ce541	207	0	24.447446	0	14	7	2.900150	7.519811	11.042194	2.985291	0	0
conventional	ce542	207	0.166705	31.099788	1	14	7	0.560763	4.261670	14.444043	11.833312	0.824293	0
holistic	he475	208	0	0	0	0	8	0	0	0	0	0	0
holistic	he476	208	0	0	0	0	4	0	0	0	0	0	0
conventional	ce543	208	0	17.603007	0	14	7	1.733423	5.002664	8.385451	2.481469	0	0
conventional	ce544	208	0	34.497545	0	14	7	2.589427	2.803401	14.595280	14.509437	0	0
conventional	ce545	208	0	36.717604	0	14	7	5.579122	4.044210	16.314795	10.779477	0.359467	0
holistic	he477	209	0	0	0	0	28	0	0	0	0	0	0
holistic	he478	209	0	0	0	0	12	0	0	0	0	0	0
holistic	he479	209	0	0	0	0	6	0	0	0	0	0	0
holistic	he480	209	0	0	0	0	6	0	0	0	0	0	0
conventional	ce546	209	0	34.560676	0	14	7	2.891687	3.440040	16.013602	12.215347	0	0
conventional	ce547	209	0	35.368915	0	14	7	0.873095	4.514382	17.796418	12.185020	0	0
conventional	ce548	209	0	21.323351	0	14	7	3.043286	6.584191	10.436368	1.259506	0	0
holistic	he481	210	0	0	0	0	6	0	0	0	0	0	0
holistic	he482	210	0	0	0	0	18	0	0	0	0	0	0
holistic	he483	210	0	0	0	0	8	0	0	0	0	0	0
holistic	he484	210	2.920799	2.878090	5	5	8	0.488830	0	0	2.389260	3.284734	0
holistic	he485	210	0	0	0	0	4	0	0	0	0	0	0
conventional	ce549	210	0	36.009323	0	14	7	2.523398	7.975534	17.256531	8.253860	1.697569	0
holistic	he486	211	0	0.340950	0	2	4	0	0	0	0.340950	0	0
conventional	ce550	211	0	28.146945	0	14	7	1.456953	2.981577	15.117310	8.591105	1.017281	0
conventional	ce551	211	0	41.941705	0	14	7	1.868233	9.804902	17.994610	12.273960	3.132220	0
conventional	ce552	211	0	25.369356	0	14	7	3.995587	1.115388	15.568253	4.690128	0.487244	0
holistic	he487	212	0	0	0	0	24	0	0	0	0	0	0
holistic	he488	212	0	0	0	0	4	0	0	0	0	0	0
conventional	ce553	212	0	37.480625	0	14	7	1.930220	7.648372	18.712579	9.189454	1.564178	0
holistic	he489	213	0	9.133674	0	12	15	0	0	0	9.133674	0	0
holistic	he490	213	0	0	0	0	8	0	0	0	0	0	0
holistic	he491	213	5.323973	6.201835	7	7	17	0	0	2.658117	3.543718	3.958700	0
holistic	he492	215	0	0	0	0	8	0	0	0	0	0	0
conventional	ce554	215	0	29.781153	0	14	7	1.090043	3.676726	14.599944	10.414440	1.017281	0
conventional	ce555	215	0	21.966925	0	14	7	1.055265	6.141089	11.622115	3.148456	0.608953	0
conventional	ce556	215	0	36.065983	0	14	7	2.267922	3.329838	15.997297	14.470926	0	0
holistic	he493	216	0	0	0	0	18	0	0	0	0	0	0
holistic	he494	216	0	0	0	0	8	0	0	0	0	0	0
holistic	he495	216	0	2.010352	0	2	8	0	0	0	2.010352	0	0
holistic	he496	216	0	0	0	0	6	0	0	0	0	0	0
conventional	ce557	216	0	35.939387	0	14	7	9.665906	2.952189	18.506782	4.814510	0	0
holistic	he497	217	0	0	0	0	6	0	0	0	0	0	0
conventional	ce558	217	0	24.292967	0	14	7	1.484316	6.565816	12.872995	3.369840	0	0
conventional	ce559	217	0	23.051682	0	14	7	1.811291	8.018530	8.386458	4.835403	0	0
conventional	ce560	218	0	37.882788	0	14	7	4.885344	4.114526	15.933372	12.949546	0	0
holistic	he498	219	0	2.084374	0	2	8	0	0	0	2.084374	0	0
holistic	he499	219	0	0	0	0	8	0	0	0	0	0	0
conventional	ce561	219	0	39.533424	0	14	7	0.675929	4.689648	20.532888	13.634959	0	0
conventional	ce562	219	0	23.812786	0	14	7	3.791953	2.002505	10.439720	7.578608	0	0
holistic	he500	220	0	0	0	0	6	0	0	0	0	0	0
holistic	he501	220	0	0.306244	0	2	6	0	0	0	0.306244	0	0
conventional	ce563	220	0	39.977198	0	14	7	1.573641	2.640207	18.118061	17.645289	0	0
conventional	ce564	220	0	32.546707	0	14	7	4.212692	3.894072	17.067055	7.372888	0	0
holistic	he502	221	1.551810	1.267146	3	3	3	0.166791	0	0	1.100355	0	0
holistic	he503	221	0	0	0	0	30	0	0	0	0	0	0
holistic	he504	221	0	0	0	0	8	0	0	0	0	0	0
conventional	ce565	221	0	29.061219	0	14	7	1.049933	4.637718	12.327915	11.045653	1.531923	0
conventional	ce566	221	0	22.928183	0	14	7	1.167846	4.000160	12.029659	5.730518	0.082272	0
holistic	he505	222	5.515373	5.192369	7	7	17	0	0	2.658117	2.534252	3.958700	0
holistic	he506	222	0	0	0	0	24	0	0	0	0	0	0
holistic	he507	222	0	0	0	0	14	0	0	0	0	0	0
holistic	he508	222	0	0	0	0	8	0	0	0	0	0	0
conventional	ce567	222	0	18.993477	0	14	7	1.437185	4.587452	9.219294	3.749546	0.076276	0
conventional	ce568	222	0	30.218087	0	14	7	5.833105	8.841692	9.743265	5.800025	0	0
conventional	ce569	222	0	55.250010	0	14	7	4.986297	8.540603	28.361906	13.361204	0	0
holistic	he509	223	1.131939	3.394161	1	3	14	0	0	0	3.394161	0	0
holistic	he510	223	0	0	0	0	18	0	0	0	0	0	0
conventional	ce570	223	0	45.375469	0	14	7	5.928408	6.214007	22.992693	10.240361	3.132220	0
conventional	ce571	223	0	35.065142	0	14	7	2.072677	2.248209	13.934191	16.810065	0	0
conventional	ce572	223	0.396987	36.427867	1	14	7	2.807414	3.877162	18.133251	11.610040	0	0
conventional	ce573	223	0	31.625606	0	14	7	1.142989	3.054626	18.363021	9.064970	0	0
conventional	ce574	223	0	27.496084	0	14	7	5.746818	2.116920	15.155539	4.476807	0	0
conventional	ce575	224	0	29.890115	0	14	7	3.137066	3.019086	19.710563	4.023400	0	0
conventional	ce576	224	0	21.981528	0	14	7	3.032569	5.784083	10.208291	2.956585	0	0
conventional	ce577	224	0	38.753065	0	14	7	3.344181	5.675717	16.045525	13.687642	0	0
holistic	he511	225	0	0	0	0	12	0	0	0	0	0	0
holistic	he512	225	0	0	0	0	8	0	0	0	0	0	0
holistic	he513	225	0	0	0	0	8	0	0	0	0	0	0
conventional	ce578	225	0	27.218505	0	14	7	2.275918	3.667365	13.029498	8.245724	0.383904	0
conventional	ce579	225	0	37.882596	0	14	7	3.612980	1.995421	15.928613	16.345582	0	0
conventional	ce580	225	0	41.651713	0	14	7	2.005570	7.973708	21.910259	9.762176	0	0
conventional	ce581	225	0	36.755697	0	14	7	0.499389	3.965935	18.423318	13.867055	3.132220	0
holistic	he514	226	2.936829	3.489069	5	5	4	0.350229	0	0	3.138840	0	0
holistic	he515	226	0	0	0	0	8	0	0	0	0	0	0
holistic	he516	226	0	0	0	0	4	0	0	0	0	0	0
holistic	he517	226	0	0	0	0	6	0	0	0	0	0	0
holistic	he518	226	0	0	0	0	8	0	0	0	0	0	0
conventional	ce582	226	0	26.462048	0	14	7	2.754824	5.205395	13.449819	5.052010	0	0
conventional	ce583	226	0.333030	18.289292	1	14	7	1.346270	2.567957	8.365740	6.009325	1.286421	0
holistic	he519	227	0	0.586581	0	1	6	0	0	0	0.586581	0	0
conventional	ce584	227	0	19.132545	0	14	7	3.917848	5.691457	6.174240	3.349000	0	0
holistic	he520	228	0	0	0	0	28	0	0	0	0	0	0
holistic	he521	228	0	0	0	0	8	0	0	0	0	0	0
conventional	ce585	228	0	25.255538	0	14	7	0.699917	5.039799	12.029874	7.485948	1.531923	0
conventional	ce586	228	0.183213	32.688032	1	14	7	3.302416	2.989958	19.819179	6.576479	0.824293	0
holistic	he522	229	0	0	0	0	8	0	0	0	0	0	0
holistic	he523	229	0	2.084374	0	2	8	0	0	0	2.084374	0	0
conventional	ce587	229	0	30.449242	0	14	7	4.928407	1.216890	17.125008	7.178937	0	0
conventional	ce588	229	0	33.462000	0	14	7	1.929590	3.621234	15.859475	12.051701	0.472199	0
conventional	ce589	229	0	31.987859	0	14	7	7.731074	7.145188	10.710779	6.400818	0	0
conventional	ce590	229	0	36.747273	0	14	7	0.972423	4.247231	18.876143	12.651476	1.017281	0
conventional	ce591	230	0	27.915534	0	14	7	7.256371	5.829929	7.390358	7.438876	0	0
conventional	ce592	230	0	29.407387	0	14	7	3.331591	1.500878	13.214791	11.360127	0	0
conventional	ce593	230	0	25.352404	0	14	7	4.475419	0.798200	18.237175	1.841610	0.487244	0
conventional	ce594	230	0	35.234960	0	14	7	8.623948	2.696892	17.409838	6.504282	0	0
holistic	he524	231	0	0	0	0	4	0	0	0	0	0	0
holistic	he525	231	0	0.044231	0	1	8	0	0	0	0.044231	0	0
holistic	he526	231	0	0	0	0	8	0	0	0	0	0	0
conventional	ce595	231	0	35.953078	0	14	7	6.025778	3.966601	17.222531	8.738168	0	0
conventional	ce596	231	0	39.115538	0	14	7	4.764077	3.615881	17.418579	13.317001	0	0
holistic	he527	232	0	19.707228	0	20	16	0	0	0	19.707228	0	0
holistic	he528	232	0	0	0	0	4	0	0	0	0	0	0
holistic	he529	232	0	1.066130	0	2	8	0	0	0	1.066130	0	0
conventional	ce597	232	0	37.549420	0	14	7	3.690798	3.413033	21.240954	9.204635	0	0
holistic	he530	233	0	0	0	0	5	0	0	0	0	0	0
holistic	he531	233	0	0	0	0	10	0	0	0	0	0	0
holistic	he532	233	0	0	0	0	12	0	0	0	0	0	0
conventional	ce598	233	0	41.176130	0	14	7	2.488571	8.453048	21.337100	8.897411	3.132220	0
conventional	ce599	233	0	21.178900	0	14	7	1.838230	1.897747	11.119837	6.323086	1.017281	0
conventional	ce600	233	0	32.716420	0	14	7	3.446490	4.537421	17.001773	7.730736	0	0
conventional	ce601	233	0	26.448748	0	14	7	2.559908	3.253367	11.816663	8.818810	0.922381	0
holistic	he533	234	0	0	0	0	6	0	0	0	0	0	0
conventional	ce602	234	0	20.699417	0	14	7	1.464308	2.474059	10.106613	6.654437	1.382796	0
conventional	ce603	234	0	28.960903	0	14	7	7.235554	7.032353	10.638647	4.054349	0.455482	0
holistic	he534	235	0	1.025680	0	2	6	0	0	0	1.025680	0	0
holistic	he535	235	0	0	0	0	3	0	0	0	0	0	0
holistic	he536	236	2.549657	2.021879	3	3	3	0.235442	0	0	1.786437	0	0
holistic	he537	236	0	0	0	0	6	0	0	0	0	0	0
holistic	he538	236	0	0	0	0	8	0	0	0	0	0	0
conventional	ce604	236	0	33.586274	0	14	7	7.453071	9.144834	12.527030	4.461339	0.455482	0
conventional	ce605	236	0	43.358775	0	14	7	1.800023	9.070532	17.972801	14.515419	3.010089	0
conventional	ce606	236	0	27.595555	0	14	7	1.154248	4.352137	13.717278	8.371892	1.017281	0
holistic	he539	237	0	0	0	0	4	0	0	0	0	0	0
conventional	ce607	237	0	37.527303	0	14	7	6.108043	3.841577	20.702398	6.875285	1.434000	0
conventional	ce608	237	0	32.971291	0	14	7	2.546643	6.714293	14.318761	9.391594	3.132220	0
holistic	he540	238	0	0	0	0	8	0	0	0	0	0	0
conventional	ce609	238	0	24.857274	0	14	7	5.534914	1.277267	13.358589	4.686504	0	0
holistic	he541	239	0	0	0	0	6	0	0	0	0	0	0
conventional	ce610	239	0	34.132458	0	14	7	4.945375	5.137823	17.364813	6.684447	0	0
conventional	ce611	239	0	34.347256	0	14	7	2.513762	3.881864	17.839708	10.111922	0	0
holistic	he542	240	0	0	0	0	6	0	0	0	0	0	0
conventional	ce612	241	0	34.078009	0	14	7	2.683528	2.472057	20.032723	8.889701	0.951248	0
conventional	ce613	241	0	19.935955	0	14	7	0.991716	3.913378	8.149118	6.881743	1.769706	0
conventional	ce614	241	0	42.556118	0	14	7	3.442040	5.335292	19.906509	13.872277	0.887895	0
conventional	ce615	241	0	27.076456	0	14	7	2.282408	2.974884	14.950876	6.868288	0	0
conventional	ce616	241	0	28.303517	0	14	7	0.541341	0.819616	14.813049	12.129511	0.500989	0
holistic	he543	242	0	0	0	0	12	0	0	0	0	0	0
conventional	ce617	242	0	39.774812	0	14	7	9.133535	4.943486	17.492926	8.204865	0	0
conventional	ce618	243	0	41.814441	0	14	7	4.487233	4.173494	19.098406	14.055308	0	0
conventional	ce619	243	0	30.867054	0	14	7	2.923525	6.352801	13.204529	8.386199	0	0
conventional	ce620	243	0	28.539263	0	14	7	5.397877	4.942614	9.448271	8.750501	3.132220	0
conventional	ce621	243	0	29.280920	0	14	7	4.697923	8.511591	12.077249	3.994157	0	0
holistic	he544	244	0	0	0	0	2	0	0	0	0	0	0
conventional	ce622	244	0	16.411228	0	14	7	1.148855	2.434099	7.869110	4.959164	0	0
holistic	he545	245	0	0	0	0	12	0	0	0	0	0	0
conventional	ce623	245	0	34.494141	0	14	7	2.729037	3.399993	15.645337	12.719774	0	0
conventional	ce624	245	0	39.193193	0	14	7	6.944195	5.823216	18.992173	7.433609	0.498219	0
conventional	ce625	245	0	36.991417	0	14	7	4.706693	5.556951	19.258458	7.469315	0	0
conventional	ce626	245	0	43.624821	0	14	7	1.089224	5.044861	18.022289	19.468447	0	0
conventional	ce627	246	0	35.594914	0	14	7	3.318444	2.250390	21.812242	8.213838	0	0
conventional	ce628	246	0	31.821354	0	14	7	3.355197	3.580575	20.276910	4.608672	0	0
conventional	ce629	246	0	24.950424	0	14	7	4.676361	1.396164	16.124153	2.753746	1.298271	0
conventional	ce630	246	0.333030	20.303803	1	14	7	1.277388	2.759596	9.047056	7.219763	1.286421	0
conventional	ce631	247	0	31.781375	0	14	7	0.751181	3.670679	15.283660	12.075855	0.683028	0
holistic	he546	248	0	0	0	0	20	0	0	0	0	0	0
conventional	ce632	248	0	44.687817	0	14	7	4.385430	9.758231	17.501686	13.042470	0	0
holistic	he547	249	0	0	0	0	4	0	0	0	0	0	0
holistic	he548	249	0	0	0	0	4	0	0	0	0	0	0
conventional	ce633	249	0	22.967062	0	14	7	3.709299	4.352515	10.641206	4.264042	0	0
conventional	ce634	249	0	38.472982	0	14	7	5.279790	2.201802	21.808494	9.182896	0	0
conventional	ce635	249	0	39.172281	0	14	7	7.430769	5.713815	15.059319	10.968378	0.383904	0
conventional	ce636	249	0	28.418185	0	14	7	1.212387	3.989509	12.225266	10.991023	1.059899	0
conventional	ce637	250	0	22.125824	0	14	7	3.195338	5.324699	11.644754	1.961033	0	0
holistic	he549	251	0	0	0	0	4	0	0	0	0	0	0
conventional	ce638	251	0	36.815930	0	14	7	0.645135	7.614966	18.042337	10.513492	0	0
conventional	ce639	251	0	33.934449	0	14	7	1.159867	3.328106	17.070457	12.376019	0	0
conventional	ce640	251	0	38.439563	0	14	7	11.974911	3.350051	18.085579	5.029022	0	0
conventional	ce641	252	0	31.653956	0	14	7	1.105418	1.911461	19.066994	9.570083	0	0
conventional	ce642	253	0.658586	38.230417	1	14	7	8.077046	3.508732	18.988806	7.655833	0	0
holistic	he550	254	0	2.084374	0	2	12	0	0	0	2.084374	0	0
holistic	he551	254	0	0	0	0	8	0	0	0	0	0	0
conventional	ce643	254	0	22.950143	0	14	7	3.195556	4.411012	9.134268	6.209307	0	0
conventional	ce644	254	0	45.016220	0	14	7	1.738192	7.587955	23.100670	12.589403	0	0
conventional	ce645	254	0	18.915348	0	14	7	0.610459	1.793328	9.580844	6.930717	0.383904	0
conventional	ce646	255	0	28.358941	0	14	7	5.120386	3.611719	12.592356	7.034480	0	0
conventional	ce647	255	0	41.355012	0	14	7	7.484989	6.309393	16.250807	11.309823	0.383904	0
conventional	ce648	256	0	37.227091	0	14	7	4.904518	3.811029	21.338046	7.173498	1.461970	0
conventional	ce649	256	0	38.238501	0	14	7	2.197584	4.624391	18.742692	12.673834	1.333843	0
conventional	ce650	256	0	35.320287	0	14	7	1.184578	2.999558	21.443269	9.692882	0	0
holistic	he552	257	0	0	0	0	8	0	0	0	0	0	0
conventional	ce651	257	0	38.135566	0	14	7	4.058027	2.288843	23.563859	8.224837	0	0
holistic	he553	258	1.106868	1.158649	4	7	22	1.025956	0	0	0.132693	0	0
holistic	he554	258	0.446374	0.446374	1	1	6	0	0	0	0.446374	0	0
holistic	he555	258	0	0	0	0	8	0	0	0	0	0	0
holistic	he556	258	0	0	0	0	6	0	0	0	0	0	0
conventional	ce652	258	0	34.856580	0	14	7	3.404788	1.827663	23.683015	5.941114	0	0
holistic	he557	259	0	0	0	0	12	0	0	0	0	0	0
holistic	he558	259	0	0	0	0	14	0	0	0	0	0	0
conventional	ce653	259	0	19.692259	0	14	7	1.423916	3.334791	11.315761	3.617791	2.172254	0
conventional	ce654	259	0	51.350104	0	14	7	7.578238	10.217172	20.046752	13.507942	0	0
conventional	ce655	259	0	34.524208	0	14	7	2.555456	8.066115	15.702950	8.199687	3.132220	0
conventional	ce656	259	0	38.104651	0	14	7	6.471460	3.954295	17.782166	9.896730	1.434000	0
conventional	ce657	260	0	35.224438	0	14	7	2.874627	7.397803	17.911707	7.040301	3.268732	0
conventional	ce658	260	0	31.050533	0	14	7	1.141793	3.106125	19.495268	7.307347	0	0
conventional	ce659	261	0	25.719133	0	14	7	2.337475	7.396007	12.611474	3.374177	0	0
holistic	he559	262	2.737343	1.524579	3	3	5	0.423128	0	0	1.101451	0	0
conventional	ce660	262	0	34.303843	0	14	7	4.102751	5.234146	13.572128	11.394818	0	0
conventional	ce661	263	0	45.060943	0	14	7	2.114105	6.573134	22.683515	13.690189	0	0
conventional	ce662	263	0	33.420649	0	14	7	0.830611	5.178163	18.759987	8.651888	0	0
holistic	he560	264	0	0	0	0	16	0	0	0	0	0	0
holistic	he561	265	0	1.173120	0	2	6	0	0	0	1.173120	0	0
conventional	ce663	265	0	38.655208	0	14	7	10.004402	4.007080	18.086432	6.557294	0	0
holistic	he562	266	0	2.436296	0	2	8	0	0	0	2.436296	0	0
holistic	he563	266	0	0	0	0	10	0	0	0	0	0	0
holistic	he564	266	0	0	0	0	6	0	0	0	0	0	0
holistic	he565	267	0	0.044231	0	1	8	0	0	0	0.044231	0	0
holistic	he566	267	0	0	0	0	4	0	0	0	0	0	0
holistic	he567	267	0	0	0	0	6	0	0	0	0	0	0
holistic	he568	267	0	0	0	0	6	0	0	0	0	0	0
conventional	ce664	267	0	29.141332	0	14	7	1.405761	3.029357	17.297948	7.408266	0	0
holistic	he569	268	0	0	0	0	12	0	0	0	0	0	0
holistic	he570	268	0	0	0	0	12	0	0	0	0	0	0
holistic	he571	268	0	0	0	0	12	0	0	0	0	0	0
holistic	he572	268	0	0	0	0	8	0	0	0	0	0	0
conventional	ce665	268	0	28.712258	0	14	7	4.090257	1.647189	10.769268	12.205544	0	0
conventional	ce666	268	0	26.353832	0	14	7	1.761835	1.592090	14.893505	8.106402	0.500989	0
holistic	he573	269	0.188580	0.188580	1	1	6	0	0	0	0.188580	0	0
holistic	he574	269	0	0	0	0	8	0	0	0	0	0	0
holistic	he575	269	0	0.823750	0	2	6	0	0	0	0.823750	0	0
conventional	ce667	269	0	40.423011	0	14	7	4.179905	1.517538	24.168121	10.557447	0	0
conventional	ce668	269	0	30.904879	0	14	7	3.357958	3.335181	20.001069	4.210671	1.017281	0
conventional	ce669	269	0	41.187063	0	14	7	5.319663	4.682161	18.299236	12.886003	0	0
conventional	ce670	269	0	42.943509	0	14	7	7.145211	6.411002	18.743622	10.643674	1.333843	0
holistic	he576	270	0	0	0	0	6	0	0	0	0	0	0
holistic	he577	270	0	0	0	0	8	0	0	0	0	0	0
holistic	he578	270	0	0	0	0	9	0	0	0	0	0	0
holistic	he579	270	3.197114	1.155088	5	5	7	0.427076	0	0	0.728012	1.062016	0
conventional	ce671	270	1.279196	38.638833	1	14	7	6.330849	4.006557	17.532996	10.768431	1.286421	0
conventional	ce672	271	0	44.689510	0	14	7	3.709600	3.117680	27.859938	10.002292	0	0
conventional	ce673	271	0	39.647671	0	14	7	5.950306	3.884767	18.845639	10.966959	0	0
conventional	ce674	271	0	18.522220	0	14	7	0.649146	2.653010	9.501541	5.718523	0.383904	0
conventional	ce675	271	0	28.826728	0	14	7	1.670090	3.204011	16.037447	7.915180	0	0
holistic	he580	272	0	0	0	0	10	0	0	0	0	0	0
holistic	he581	272	0	0	0	0	4	0	0	0	0	0	0
conventional	ce676	272	0	41.670562	0	14	7	5.128973	5.790281	17.388820	13.362488	0	0
holistic	he582	273	0	0	0	0	10	0	0	0	0	0	0
conventional	ce677	273	0	43.901415	0	14	7	2.013027	7.884110	22.160545	11.843733	0	0
conventional	ce678	273	0.359254	43.991397	1	14	7	2.437477	9.948329	21.955669	9.649922	3.132220	0
conventional	ce679	274	0	24.424728	0	14	7	0.588970	2.326813	14.664764	6.844181	0	0
conventional	ce680	274	0	51.855296	0	14	7	7.308040	5.293909	21.368450	17.884897	0	0
holistic	he583	275	0	0	0	0	6	0	0	0	0	0	0
conventional	ce681	275	0	31.898369	0	14	7	1.669704	2.546794	19.371216	8.310655	0	0
conventional	ce682	275	0	24.402982	0	14	7	2.119046	2.247324	13.782051	6.254561	0	0
conventional	ce683	275	0	21.134581	0	14	7	2.772092	5.927416	8.442489	3.992584	0	0
conventional	ce684	275	0	38.545298	0	14	7	3.134282	5.204685	16.585116	13.621215	1.333843	0
holistic	he584	276	0	0	0	0	8	0	0	0	0	0	0
holistic	he585	276	0	0	0	0	4	0	0	0	0	0	0
holistic	he586	276	0	0	0	0	8	0	0	0	0	0	0
conventional	ce685	276	0	33.615350	0	14	7	4.141415	5.063431	12.584053	11.826451	0	0
conventional	ce686	276	0	39.655324	0	14	7	1.897665	8.699780	17.034372	12.023507	0	0
holistic	he587	277	0	0.826978	0	2	6	0	0	0	0.826978	0	0
conventional	ce687	277	0	20.733904	0	14	7	2.596076	4.753536	8.644205	4.740087	0	0
conventional	ce688	277	0	44.285835	0	14	7	5.805152	3.590065	26.770535	8.120083	1.114533	0
holistic	he588	278	0	0	0	0	6	0	0	0	0	0	0
conventional	ce689	278	0	31.003108	0	14	7	1.078279	2.930819	17.834487	9.159523	0	0
conventional	ce690	278	0	20.182463	0	14	7	4.156984	5.859114	8.961739	1.204626	0	0
holistic	he589	279	0	0	0	0	10	0	0	0	0	0	0
holistic	he590	279	0	0	0	0	10	0	0	0	0	0	0
holistic	he591	279	0	0	0	0	6	0	0	0	0	0	0
conventional	ce691	279	0	30.399129	0	14	7	3.993089	2.485590	18.033225	5.887225	0.383904	0
holistic	he592	280	0	0	0	0	10	0	0	0	0	0	0
holistic	he593	280	0	3.198390	0	6	12	0	0	0	3.198390	0	0
holistic	he594	280	0	32.546148	0	18	16	0	0	0	32.546148	0	0
conventional	ce692	280	0	38.219105	0	14	7	2.648754	7.889875	20.044092	7.636384	0	0
conventional	ce693	280	0	33.376602	0	14	7	1.544244	1.501055	24.874950	5.456353	0	0
conventional	ce694	280	0	30.426133	0	14	7	1.038737	4.754186	14.434452	10.198758	0.759217	0
holistic	he595	281	0	0	0	0	13	0	0	0	0	0	0
holistic	he596	281	0	0	0	0	6	0	0	0	0	0	0
holistic	he597	281	0	0	0	0	16	0	0	0	0	0	0
conventional	ce695	281	0	35.975817	0	14	7	6.177510	3.615753	17.120635	9.061919	0	0
conventional	ce696	281	0	31.796867	0	14	7	3.020360	3.065531	15.602923	10.108053	0	0
holistic	he598	282	0	1.025680	0	2	6	0	0	0	1.025680	0	0
holistic	he599	282	0	0.084044	0	2	18	0	0	0	0.084044	0	0
holistic	he600	282	0	0	0	0	6	0	0	0	0	0	0
holistic	he601	283	0	0	0	0	8	0	0	0	0	0	0
conventional	ce697	283	0	20.894392	0	14	7	3.063367	5.134592	9.980764	2.715669	0	0
conventional	ce698	283	0	43.183230	0	14	7	3.878902	2.693195	29.270495	7.340638	0.715639	0
holistic	he602	284	0	2.084374	0	2	8	0	0	0	2.084374	0	0
conventional	ce699	284	0	42.009999	0	14	7	5.108989	5.379349	19.902061	11.619600	0	0
conventional	ce700	284	0	26.345943	0	14	7	1.189464	4.054961	14.550502	6.551016	0	0
conventional	ce701	284	0	42.169715	0	14	7	4.624710	2.644651	26.002555	8.897799	1.114533	0
conventional	ce702	284	0	43.974197	0	14	7	3.547273	10.650510	17.461030	12.315384	0	0
holistic	he603	285	0	0	0	0	4	0	0	0	0	0	0
holistic	he604	285	0	0.823750	0	2	6	0	0	0	0.823750	0	0
holistic	he605	285	0	0	0	0	4	0	0	0	0	0	0
holistic	he606	285	0.446374	0.446374	1	1	6	0	0	0	0.446374	0	0
holistic	he607	285	0	0	0	0	6	0	0	0	0	0	0
conventional	ce703	285	0	39.143236	0	14	7	7.276558	4.196633	17.814008	9.856037	0	0
conventional	ce704	285	0	35.945668	0	14	7	5.474660	1.329855	22.978031	6.163122	0	0
holistic	he608	286	0	3.198390	0	6	12	0	0	0	3.198390	0	0
holistic	he609	286	0	0	0	0	8	0	0	0	0	0	0
holistic	he610	286	0	1.025680	0	2	6	0	0	0	1.025680	0	0
holistic	he611	286	0	0	0	0	6	0	0	0	0	0	0
conventional	ce705	286	0	33.906640	0	14	7	2.508339	2.858274	21.134694	7.405333	0	0
conventional	ce706	286	0	45.805619	0	14	7	5.863893	5.779784	21.795408	12.366534	0	0
conventional	ce707	287	0.658586	48.586448	1	14	7	8.426836	3.314888	24.228797	12.615927	0	0
conventional	ce708	287	0	41.875342	0	14	7	1.743099	7.010376	21.447165	11.674702	0	0
holistic	he612	288	0	6.253122	0	6	15	0	0	0	6.253122	0	0
holistic	he613	288	0	0	0	0	8	0	0	0	0	0	0
conventional	ce709	288	0	39.271986	0	14	7	5.751484	3.173517	22.965262	7.381723	0	0
conventional	ce710	288	0	24.263253	0	14	7	6.247790	0.870058	11.609907	5.535498	0	0
conventional	ce711	288	0	39.494274	0	14	7	2.449514	3.468287	19.410641	14.165832	0	0
holistic	he614	289	0	0	0	0	4	0	0	0	0	0	0
conventional	ce712	289	0	37.957817	0	14	7	7.126540	3.548723	18.155274	9.127280	0	0
conventional	ce713	289	0	35.579850	0	14	7	5.885851	4.739174	16.426257	8.528568	0	0
holistic	he615	290	0	0	0	0	15	0	0	0	0	0	0
conventional	ce714	290	0	49.733517	0	14	7	4.314757	9.545619	22.341453	13.531688	0	0
conventional	ce715	290	0	41.385361	0	14	7	8.259577	5.143390	16.280904	11.701490	0.383904	0
conventional	ce716	290	0	19.279442	0	14	7	2.015598	5.300457	7.659992	4.303395	0	0
holistic	he616	291	0.188580	0.188580	1	1	6	0	0	0	0.188580	0	0
holistic	he617	291	0	0	0	0	10	0	0	0	0	0	0
conventional	ce717	291	0	40.990983	0	14	7	5.319544	5.683529	17.322080	12.665830	0	0
conventional	ce718	291	0	29.119567	0	14	7	1.601111	2.491117	12.515986	12.511353	0	0
conventional	ce719	291	0	28.150092	0	14	7	1.485218	2.306594	13.275011	11.083269	0.379703	0
holistic	he618	292	0	0	0	0	4	0	0	0	0	0	0
holistic	he619	292	0	0	0	0	8	0	0	0	0	0	0
holistic	he620	292	0	0	0	0	4	0	0	0	0	0	0
conventional	ce720	292	0	29.017726	0	14	7	1.780217	2.292512	17.317337	7.627660	0	0
conventional	ce721	292	0.359254	20.502022	1	14	7	2.718718	4.740631	9.676671	3.366002	3.132220	0
conventional	ce722	292	0	43.521079	0	14	7	6.671003	3.004567	18.242360	15.603149	0	0
conventional	ce723	292	0	44.384640	0	14	7	4.467187	9.039569	18.780358	12.097526	0	0
conventional	ce724	292	0	60.523174	0	14	7	5.010213	7.552560	27.957785	20.002616	0	0
holistic	he621	293	0	0	0	0	10	0	0	0	0	0	0
holistic	he622	293	0	0	0	0	8	0	0	0	0	0	0
conventional	ce725	293	0	44.863452	0	14	7	1.826320	6.716998	24.321039	11.999095	0	0
conventional	ce726	293	0	38.913335	0	14	7	2.392736	6.909479	18.672653	10.938467	0	0
holistic	he623	294	0	0	0	0	4	0	0	0	0	0	0
holistic	he624	294	0.188580	0.188580	1	1	6	0	0	0	0.188580	1.150777	0
holistic	he625	294	0	0	0	0	9	0	0	0	0	0	0
holistic	he626	294	0	0	0	0	8	0	0	0	0	0	0
conventional	ce727	294	0	20.711957	0	14	7	4.511654	1.684388	10.691142	3.824773	0	0
holistic	he627	295	0	0	0	0	8	0	0	0	0	0	0
holistic	he628	295	0	0	0	0	8	0	0	0	0	0	0
conventional	ce728	295	0	37.110355	0	14	7	6.539175	5.660297	12.638858	12.272025	0.383904	0
conventional	ce729	295	0.292757	22.749775	1	14	7	4.104980	6.548212	11.008959	1.087624	0	0
conventional	ce730	295	0	35.468924	0	14	7	5.064991	1.961630	21.510605	6.931698	0	0
holistic	he629	296	0	0	0	0	20	0	0	0	0	0	0
holistic	he630	296	0	9.164760	0	12	20	0	0	0	9.164760	0	0
holistic	he631	296	0	0	0	0	15	0	0	0	0	0	0
holistic	he632	296	0	0	0	0	4	0	0	0	0	0	0
holistic	he633	297	0	1.160712	0	2	6	0	0	0	1.160712	0	0
conventional	ce731	297	0	41.313696	0	14	7	4.657101	3.876138	21.809305	10.971152	0	0
conventional	ce732	297	0	45.300554	0	14	7	4.426150	10.874657	16.644214	13.355533	0	0
conventional	ce733	297	0	47.840525	0	14	7	4.162949	7.562314	23.470793	12.644469	0	0
holistic	he634	298	0	0.936752	0	2	6	0	0	0	0.936752	0	0
holistic	he635	298	0	0	0	0	8	0	0	0	0	0	0
conventional	ce734	298	0	31.153258	0	14	7	0.660264	2.702354	15.298002	12.492638	0.379703	0
holistic	he636	299	0	1.025680	0	2	6	0	0	0	1.025680	0	0
conventional	ce735	299	0	40.760423	0	14	7	5.025082	6.663316	22.722391	6.349634	0	0
conventional	ce736	299	0	37.587266	0	14	7	3.409324	3.284562	15.632135	15.261245	0	0
holistic	he637	300	0	0	0	0	4	0	0	0	0	0	0
conventional	ce737	300	0	32.844643	0	14	7	2.520856	4.238974	16.163979	9.920834	1.333843	0
conventional	ce738	300	0	44.620832	0	14	7	4.415056	10.675716	20.096374	9.433686	0	0
conventional	ce739	300	0	24.376062	0	14	7	1.926040	2.748395	13.260392	6.441235	0	0
conventional	ce740	300	0	16.779066	0	14	7	1.308885	5.105248	7.172499	3.192434	0	0
conventional	ce741	301	0	32.390372	0	14	7	2.809848	2.284903	23.360799	3.934822	0	0
conventional	ce742	301	0	41.440249	0	14	7	1.432716	8.149574	21.062635	10.795324	0	0
holistic	he638	302	0	0	0	0	6	0	0	0	0	0	0
holistic	he639	302	1.106868	1.158649	4	7	22	1.025956	0	0	0.132693	0	0
conventional	ce743	302	0	18.632061	0	14	7	3.468689	4.866047	8.626643	1.670682	0	0
conventional	ce744	302	0	35.001874	0	14	7	6.378713	1.577937	24.112389	2.932835	0.334668	0
conventional	ce745	302	0	19.442604	0	14	7	1.605821	2.677404	9.463477	5.695902	1.019957	0
conventional	ce746	303	0	25.179805	0	14	7	0.315567	2.345993	14.794738	7.723507	0	0
holistic	he640	304	0	0	0	0	12	0	0	0	0	0	0
conventional	ce747	304	0	20.112899	0	14	7	1.294317	2.382962	7.432636	9.002984	0	0
conventional	ce748	305	0	33.879756	0	14	7	2.649395	4.109179	16.900229	10.220953	1.333843	0
conventional	ce749	305	0	19.284634	0	14	7	1.224877	1.612865	9.560403	6.886489	0.383904	0
conventional	ce750	306	0	34.438018	0	14	7	4.058027	2.388830	23.394932	4.596229	0	0
conventional	ce751	306	0	36.726078	0	14	7	10.155171	2.103340	15.881931	8.585636	0	0
conventional	ce752	306	0	46.260874	0	14	7	2.891092	7.560766	21.543438	14.265578	0	0
conventional	ce753	306	0	34.755780	0	14	7	1.086688	4.890036	19.360059	9.418997	0.759217	0
conventional	ce754	307	0	33.396732	0	14	7	4.786530	4.361324	16.638088	7.610790	0	0
holistic	he641	308	0	0.936752	0	2	6	0	0	0	0.936752	0	0
conventional	ce755	308	0	44.536398	0	14	7	4.265294	8.025564	22.518871	9.726669	0	0
conventional	ce756	308	0	39.378313	0	14	7	2.256379	5.048990	23.163219	8.909725	0	0
conventional	ce757	308	0	40.699421	0	14	7	3.588855	2.976975	28.079823	6.053768	0	0
holistic	he642	309	0	1.025680	0	2	6	0	0	0	1.025680	0	0
holistic	he643	309	0	0	0	0	8	0	0	0	0	0	0
conventional	ce758	309	0	43.291497	0	14	7	3.346023	7.147592	20.819542	11.978340	0	0
conventional	ce759	309	0	34.834118	0	14	7	1.363284	8.389314	17.666282	7.415238	0	0
holistic	he644	311	0	0	0	0	6	0	0	0	0	0	0
conventional	ce760	311	0	37.727445	0	14	7	6.985774	5.192998	14.780574	10.768099	0	0
conventional	ce761	311	0.658586	43.543823	1	14	7	9.184725	1.642983	21.573354	11.142761	0	0
holistic	he645	312	0	0	0	0	18	0	0	0	0	0	0
holistic	he646	312	0	0	0	0	8	0	0	0	0	0	0
conventional	ce762	313	0	18.257287	0	14	7	1.453626	2.995040	7.551008	6.257613	1.019957	0
conventional	ce763	313	0	39.317182	0	14	7	2.237300	8.690837	18.712961	9.676084	0.814936	0
conventional	ce764	314	1.092026	19.561791	1	14	7	2.686262	5.087789	8.892311	2.895429	3.132220	0
conventional	ce765	314	0	37.264235	0	14	7	4.943234	2.917798	22.953581	6.449622	0	0
conventional	ce766	314	0	47.529923	0	14	7	4.597454	10.292338	21.929591	10.710540	0	0
conventional	ce767	315	0.407396	23.486993	1	14	7	1.996920	6.814189	10.283680	4.392204	2.903483	0
holistic	he647	316	0	2.173018	0	2	6	0	0	0	2.173018	0	0
conventional	ce768	316	0	19.357512	0	14	7	2.658893	4.523889	7.754089	4.420641	0	0
conventional	ce769	316	0	29.290014	0	14	7	2.824605	2.193552	20.510841	3.761016	0	0
holistic	he648	317	0	0	0	0	8	0	0	0	0	0	0
conventional	ce770	317	0	36.094642	0	14	7	3.801067	7.499447	16.595002	8.199126	0	0
holistic	he649	318	0	0	0	0	4	0	0	0	0	0	0
holistic	he650	318	0	0	0	0	1	0	0	0	0	0	0
holistic	he651	318	0	0.044231	0	1	6	0	0	0	0.044231	0	0
conventional	ce771	318	0	33.009183	0	14	7	4.257475	3.286226	15.109416	10.356066	1.333843	0
conventional	ce772	318	0.658586	47.588370	1	14	7	9.374045	3.320220	24.412397	10.481708	0	0
conventional	ce773	318	0	21.494665	0	14	7	1.306907	3.614552	9.949079	6.624127	0.383904	0
holistic	he652	319	0	0.823750	0	2	6	0	0	0	0.823750	0	0
holistic	he653	319	1.287252	1.942738	1	1	6	0	0	0	1.942738	0	0
conventional	ce774	319	0	37.614457	0	14	7	9.378454	2.522378	18.606694	7.106931	0	0
conventional	ce775	319	0	28.036869	0	14	7	3.121325	2.207736	16.432358	6.275450	0	0
conventional	ce776	320	0	25.104411	0	14	7	0.617457	3.250771	13.439153	7.797030	0.505174	0
holistic	he654	321	0	0.089509	0	3	21	0	0	0.005465	0.084044	0	0
holistic	he655	322	0	0	0	0	6	0	0	0	0	0	0
conventional	ce777	322	0	38.758768	0	14	7	3.962131	2.940283	24.481843	7.374511	1.942534	0
conventional	ce778	322	0.359254	45.432656	1	14	7	3.291681	8.969191	22.365392	10.806392	2.688977	0
conventional	ce779	323	0	28.199685	0	14	7	1.495892	4.309351	15.524431	6.870011	0	0
conventional	ce780	323	0	34.664113	0	14	7	2.764016	6.625797	15.198765	10.075535	0	0
conventional	ce781	323	0	30.572891	0	14	7	8.192963	1.360502	16.122540	4.896886	0	0
conventional	ce782	323	0	36.712132	0	14	7	5.540364	2.469424	20.604335	8.098009	0	0
conventional	ce783	324	0	25.176783	0	14	7	2.573655	4.562496	13.004505	5.036127	0	0
conventional	ce784	324	0	49.873531	0	14	7	2.130900	8.434412	25.939667	13.368552	0	0
conventional	ce785	325	0	41.783478	0	14	7	4.483969	4.150933	19.961799	13.186777	0	0
holistic	he656	326	0	0	0	0	6	0	0	0	0	0	0
holistic	he657	326	0	0.044231	0	1	8	0	0	0	0.044231	0	0
holistic	he658	326	0	10.698636	0	12	14	0	0	0	10.698636	0	0
conventional	ce786	326	0	20.316924	0	14	7	3.526299	2.381670	11.307617	3.101338	0	0
conventional	ce787	326	0	47.183408	0	14	7	5.330299	9.012658	22.555013	10.285438	0	0
holistic	he659	327	0	0	0	0	8	0	0	0	0	0	0
holistic	he660	327	0	0	0	0	8	0	0	0	0	0	0
holistic	he661	327	0	0.823750	0	2	12	0	0	0	0.823750	0	0
holistic	he662	327	0	0.058790	0	2	12	0	0	0	0.058790	0	0
conventional	ce788	327	0	12.525688	0	14	7	0.752102	0.305773	8.122513	3.345300	0	0
holistic	he663	328	0	0	0	0	8	0	0	0	0	0	0
holistic	he664	328	0	0.136718	0	2	18	0	0	0	0.136718	0	0
holistic	he665	329	0	0	0	0	6	0	0	0	0	0	0
holistic	he666	329	0	0	0	0	8	0	0	0	0	0	0
holistic	he667	329	0	0	0	0	6	0	0	0	0	0	0
holistic	he668	329	0	0	0	0	8	0	0	0	0	0	0
conventional	ce789	329	0	23.777652	0	14	7	0.976062	2.118830	12.383634	8.299126	0.379703	0
holistic	he669	330	1.641492	1.641492	3	3	22	0	0	0	1.641492	3.452331	0
holistic	he670	330	0	0	0	0	15	0	0	0	0	0	0
holistic	he671	330	0	0	0	0	4	0	0	0	0	0	0
conventional	ce790	331	0	32.096175	0	14	7	1.982038	2.324319	22.967012	4.822806	0	0
conventional	ce791	331	0	30.344033	0	14	7	2.064847	2.727555	13.004464	12.547167	0	0
conventional	ce792	331	1.092026	15.153981	1	14	7	1.848370	4.318093	7.074743	1.912775	3.132220	0
holistic	he672	332	0	0.174278	0	1	4	0	0	0	0.174278	0	0
holistic	he673	332	0	0	0	0	6	0	0	0	0	0	0
holistic	he674	332	0	0	0	0	8	0	0	0	0	0	0
holistic	he675	333	0	0	0	0	4	0	0	0	0	0	0
conventional	ce793	333	0	24.496875	0	14	7	0.798283	2.515848	11.751365	9.431379	0	0
conventional	ce794	333	0	21.501579	0	14	7	2.711132	4.544929	10.489952	3.755566	0	0
conventional	ce795	333	0	38.649319	0	14	7	3.599742	3.968999	16.926478	14.154100	0	0
conventional	ce796	335	0	25.143501	0	14	7	0.271837	2.275296	14.710040	7.886328	0.379703	0
conventional	ce797	335	0	18.721249	0	14	7	0.832642	2.776740	12.485273	2.626594	0	0
conventional	ce798	335	0	23.300849	0	14	7	0.529714	1.889285	11.865327	9.016523	0	0
holistic	he676	336	0	0	0	0	6	0	0	0	0	0	0
holistic	he677	336	0	0	0	0	8	0	0	0	0	0	0
holistic	he678	336	0	0	0	0	6	0	0	0	0	0	0
conventional	ce799	336	0	30.014892	0	14	7	0.964250	3.182512	13.529918	12.338212	0	0
holistic	he679	337	0	1.444798	0	2	6	0	0	0	1.444798	0	0
conventional	ce800	337	0	34.790023	0	14	7	4.458016	5.165194	18.615426	6.551387	0	0
conventional	ce801	337	0	32.523096	0	14	7	2.599703	4.667821	16.627494	8.628078	1.514590	0
holistic	he680	338	0	3.103638	0	12	20	0	0	0	3.103638	0	0
holistic	he681	338	0	0	0	0	3	0	0	0	0	0	0
conventional	ce802	338	0	23.495861	0	14	7	2.004155	2.714878	14.083105	4.693723	0	0
conventional	ce803	338	0	29.966802	0	14	7	6.186035	4.894961	14.298124	4.587682	0	0
holistic	he682	339	0	0.823750	0	2	6	0	0	0	0.823750	0	0
holistic	he683	339	0	0	0	0	8	0	0	0	0	0	0
conventional	ce804	339	0	22.466401	0	14	7	1.494474	2.059070	8.064045	10.848812	0	0
holistic	he684	340	0	0.001330	0	1	8	0	0	0	0.001330	0	0
holistic	he685	340	0	0	0	0	6	0	0	0	0	0	0
conventional	ce805	340	0	21.508262	0	14	7	4.411009	1.807079	11.022375	4.267799	0	0
conventional	ce806	340	0	34.842531	0	14	7	3.651426	3.789685	20.398085	7.003335	0	0
conventional	ce807	340	0	23.301139	0	14	7	1.774061	3.561808	13.770518	4.194752	0	0
conventional	ce808	340	0	41.124690	0	14	7	3.788484	3.218184	27.258177	6.859845	0	0
holistic	he686	341	0	0	0	0	8	0	0	0	0	0	0
holistic	he687	341	0	0	0	0	4	0	0	0	0	0	0
conventional	ce809	341	0	29.337587	0	14	7	1.196079	1.906331	15.699253	10.535924	0.379703	0
holistic	he688	342	1.330797	2.008457	1	1	6	0	0	0	2.008457	0	0
holistic	he689	342	0	0.823750	0	2	12	0	0	0	0.823750	0	0
holistic	he690	342	0	0	0	0	6	0	0	0	0	0	0
conventional	ce810	342	0	36.087638	0	14	7	2.277368	2.431261	24.265487	7.113522	0	0
conventional	ce811	342	0	16.711696	0	14	7	0.740442	1.142632	8.391502	6.437120	0.383904	0
conventional	ce812	342	0	26.334571	0	14	7	0.856192	1.910935	15.184160	8.383284	0	0
conventional	ce813	342	0	36.321771	0	14	7	3.094459	2.797182	15.139280	15.290850	0	0
holistic	he691	343	0	0	0	0	4	0	0	0	0	0	0
holistic	he692	343	0	0	0	0	14	0	0	0	0	0	0
conventional	ce814	343	0	68.432969	0	14	7	6.039436	7.188138	30.416175	24.789220	0	0
conventional	ce815	343	0	17.046433	0	14	7	1.165229	5.169237	7.247930	3.464037	0	0
holistic	he693	344	1.330797	2.008457	1	1	6	0	0	0	2.008457	0	0
conventional	ce816	344	0	47.009036	0	14	7	6.535308	4.885796	28.006409	7.581523	0	0
conventional	ce817	344	0	43.313822	0	14	7	4.674655	4.455964	25.801990	8.381213	0	0
holistic	he694	345	0.603266	0.622151	1	2	6	0	0	0	0.622151	1.150777	0
holistic	he695	345	1.197505	1.802090	1	1	6	0	0	0	1.802090	0	0
holistic	he696	345	0	0.194452	0	2	24	0	0	0	0.194452	0	0
holistic	he697	345	0	0	0	0	8	0	0	0	0	0	0
holistic	he698	345	0	2.173018	0	2	6	0	0	0	2.173018	0	0
conventional	ce818	345	0	17.521874	0	14	7	1.196695	2.537044	8.669669	5.118466	0	0
holistic	he699	346	0	0.277980	0	3	21	0	0	0.132394	0.145586	0	0
holistic	he700	346	0	0	0	0	8	0	0	0	0	0	0
holistic	he701	346	0	0.239610	0	3	20	0	0	0	0.239610	0	0
holistic	he702	346	0	0	0	0	6	0	0	0	0	0	0
conventional	ce819	346	0	43.832355	0	14	7	3.997234	8.494432	18.169665	13.171024	0	0
holistic	he703	347	0	0	0	0	12	0	0	0	0	0	0
conventional	ce820	347	2.764430	25.158965	1	14	7	2.275018	2.486370	11.308827	9.088750	0	0
conventional	ce821	347	0	40.653772	0	14	7	9.059394	2.699235	20.037799	8.857344	0	0
holistic	he704	348	0	0.427290	0	2	6	0	0	0	0.427290	0	0
holistic	he705	348	0	0	0	0	8	0	0	0	0	0	0
conventional	ce822	348	0	45.852002	0	14	7	2.795699	5.968898	27.059028	10.028377	0	0
conventional	ce823	348	0	27.834580	0	14	7	1.549513	2.464004	13.379196	10.441867	0.379703	0
holistic	he706	349	0	0	0	0	4	0	0	0	0	0	0
holistic	he707	349	0	0	0	0	12	0	0	0	0	0	0
holistic	he708	349	0	0	0	0	6	0	0	0	0	0	0
conventional	ce824	349	0	29.853347	0	14	7	3.465024	4.662387	14.359569	7.366367	0	0
conventional	ce825	349	0	52.895273	0	14	7	3.393707	9.315506	27.524707	12.661353	0	0
conventional	ce826	349	0	31.967501	0	14	7	3.125828	5.195642	14.575829	9.070202	0	0
holistic	he709	350	0	0	0	0	6	0	0	0	0	0	0
holistic	he710	350	0	0.437538	0	4	24	0	0	0	0.437538	0	0
holistic	he711	350	1.330797	2.579682	1	1	6	0	0	0	2.579682	0	0
conventional	ce827	350	0	37.228973	0	14	7	6.825151	1.845861	24.784140	3.773821	0.334668	0
conventional	ce828	350	0	22.634675	0	14	7	1.838670	1.972888	8.724003	10.099114	0	0
conventional	ce829	351	0	41.778633	0	14	7	1.935748	2.970558	28.706186	8.166141	1.985896	0
conventional	ce830	351	0	24.689042	0	14	7	5.271806	1.800660	11.457335	6.159241	0	0
conventional	ce831	351	0	28.612431	0	14	7	0.989734	3.223145	14.006390	10.393162	0.379703	0
holistic	he712	352	0	0	0	0	4	0	0	0	0	0	0
holistic	he713	352	0	0	0	0	12	0	0	0	0	0	0
holistic	he714	352	0	0	0	0	18	0	0	0	0	0	0
conventional	ce832	352	1.050124	40.272917	1	14	7	6.401149	1.193678	28.845370	3.832720	0	0
conventional	ce833	352	0	21.785307	0	14	7	1.701532	2.744760	13.109730	4.229285	0	0
conventional	ce834	352	0	36.521353	0	14	7	3.425634	4.173113	13.702251	15.220355	0	0
conventional	ce835	352	1.092026	21.698672	1	14	7	3.878202	6.181106	8.125068	3.514296	3.132220	0
holistic	he715	353	0	0	0	0	4	0	0	0	0	0	0
conventional	ce836	353	0.471551	34.249223	1	14	7	4.425774	5.471942	19.458897	4.892610	0	0
conventional	ce837	353	0	19.058917	0	14	7	1.446031	4.356531	9.559353	3.697002	1.988646	0
holistic	he716	354	0	0.044231	0	1	8	0	0	0	0.044231	0	0
holistic	he717	354	0	0	0	0	6	0	0	0	0	0	0
holistic	he718	354	0	0	0	0	6	0	0	0	0	0	0
conventional	ce838	354	0	46.690382	0	14	7	4.427732	12.340996	21.802147	8.119507	0	0
conventional	ce839	354	0	36.895430	0	14	7	5.806035	3.462211	20.909222	6.717962	0	0
conventional	ce840	354	0	20.744190	0	14	7	0.896648	2.719426	9.653696	7.474420	0.383904	0
holistic	he719	355	0	0	0	0	14	0	0	0	0	0	0
holistic	he720	355	0	0.062730	0	2	6	0	0	0	0.062730	0	0
conventional	ce841	355	0	49.630380	0	14	7	5.090104	7.564171	27.045787	9.930318	0	0
conventional	ce842	355	0	29.963917	0	14	7	1.496186	5.712199	12.910724	9.844808	0	0
holistic	he721	356	0	0	0	0	12	0	0	0	0	0	0
holistic	he722	356	1.330797	2.008457	1	1	6	0	0	0	2.008457	0	0
holistic	he723	356	0	0	0	0	15	0	0	0	0	0	0
holistic	he724	356	0	0	0	0	6	0	0	0	0	0	0
holistic	he725	356	0	0.058790	0	2	12	0	0	0	0.058790	0	0
conventional	ce843	356	0	22.677324	0	14	7	1.657641	3.689949	12.509819	4.819915	0	0
conventional	ce844	356	0	45.377454	0	14	7	7.811906	3.934299	26.427499	7.203750	0	0
holistic	he726	357	0	0	0	0	8	0	0	0	0	0	0
conventional	ce845	357	0	38.940009	0	14	7	4.281509	6.921487	18.745720	8.991293	0.295870	0
conventional	ce846	357	0	20.532306	0	14	7	3.827274	2.224026	10.536810	3.944196	0.356653	0
holistic	he727	358	0	0	0	0	6	0	0	0	0	0	0
holistic	he728	358	0	0.823750	0	2	12	0	0	0	0.823750	0	0
holistic	he729	358	0	0	0	0	4	0	0	0	0	0	0
holistic	he730	358	0	0	0	0	4	0	0	0	0	0	0
conventional	ce847	358	0	41.555172	0	14	7	10.557385	1.097555	19.505219	10.395013	0	0
holistic	he731	359	0	1.861392	0	6	20	0	0	0	1.861392	0	0
conventional	ce848	359	0	27.050265	0	14	7	0.993119	2.719309	16.478597	6.859240	0	0
conventional	ce849	359	0	53.351736	0	14	7	3.661654	10.496902	27.215417	11.977763	0	0
holistic	he732	360	0	0	0	0	4	0	0	0	0	0	0
conventional	ce850	360	0	27.841796	0	14	7	2.821302	4.861845	13.652056	6.506593	0.379703	0
conventional	ce851	360	0	39.169840	0	14	7	3.455072	4.535999	17.212701	13.966068	0	0
conventional	ce852	360	0	30.580698	0	14	7	2.850312	5.884900	12.203083	9.642403	0	0
conventional	ce853	360	0	48.777592	0	14	7	4.768073	8.053974	25.852427	10.103118	0	0
conventional	ce854	360	0	44.365572	0	14	7	2.875010	3.209135	29.348042	8.933385	0	0
holistic	he733	361	0	0	0	0	8	0	0	0	0	0	0
holistic	he734	362	0	0	0	0	6	0	0	0	0	0	0
holistic	he735	362	0	0	0	0	6	0	0	0	0	0	0
holistic	he736	362	0.680378	0.680378	2	2	12	0.680378	0	0	0	0	0
holistic	he737	362	0	0	0	0	12	0	0	0	0	0	0
conventional	ce855	362	0	40.064275	0	14	7	4.469062	5.685263	20.711450	9.198500	0	0
conventional	ce856	362	0	30.862321	0	14	7	5.269693	0.787434	15.619148	9.186046	0	0
conventional	ce857	362	0	44.343737	0	14	7	2.779664	3.332998	28.373188	9.857887	0	0
conventional	ce858	362	0	22.964678	0	14	7	2.505556	2.681077	14.379607	3.398438	0.356653	0
conventional	ce859	362	0	17.047847	0	14	7	1.646371	3.493343	10.409017	1.499116	1.988646	0
conventional	ce860	363	0	27.187218	0	14	7	1.717678	2.639222	11.776520	11.053798	0	0
conventional	ce861	363	0	32.633007	0	14	7	5.364070	5.456708	16.927454	4.884775	0	0
conventional	ce862	364	0	38.251534	0	14	7	5.338867	3.913574	22.706718	6.292375	0	0
conventional	ce863	364	0	45.153773	0	14	7	3.876023	8.920171	21.708362	10.649217	0	0
conventional	ce864	364	0	26.299193	0	14	7	0.941724	2.038906	14.117182	9.201381	0.379703	0
conventional	ce865	365	0	25.346543	0	14	7	2.592847	3.458363	15.947244	3.348089	0	0
conventional	ce866	365	0	53.798944	0	14	7	6.459742	9.535585	25.505199	12.298418	0	0
conventional	ce867	366	0	28.395369	0	14	7	3.161297	2.193552	19.225043	3.815477	0	0
conventional	ce868	366	0	22.976995	0	14	7	1.996469	2.395473	16.257214	2.327839	0	0
conventional	ce869	366	0	35.073504	0	14	7	7.958225	2.237790	15.281442	9.596047	0	0
conventional	ce870	367	0.246010	30.218495	1	14	7	1.180659	1.585122	15.660233	11.792481	0	0
conventional	ce871	367	0	38.990611	0	14	7	3.753405	3.960706	21.126727	10.149773	0	0
holistic	he738	368	0	0	0	0	8	0	0	0	0	0	0
conventional	ce872	368	0	27.286457	0	14	7	1.485909	2.376680	16.102163	7.321705	0	0
conventional	ce873	368	0	45.944157	0	14	7	0.759694	8.040282	27.768792	9.375389	1.163767	0
conventional	ce874	368	0	37.294305	0	14	7	2.580580	3.613033	25.497677	5.603015	0	0
conventional	ce875	368	0	39.418428	0	14	7	3.602072	7.549666	23.528625	4.738065	0	0
conventional	ce876	368	0	21.642287	0	14	7	2.693266	2.623443	13.685500	2.640078	0	0
conventional	ce877	369	0	27.988049	0	14	7	1.605479	1.581010	16.031840	8.769720	0	0
holistic	he739	371	0	0	0	0	6	0	0	0	0	0	0
conventional	ce878	371	0	26.870021	0	14	7	1.550797	1.979132	12.658606	10.681486	0.379703	0
conventional	ce879	371	0	44.897646	0	14	7	7.392009	2.929351	27.357995	7.218291	0	0
holistic	he740	372	0	0	0	0	10	0	0	0	0	0	0
holistic	he741	372	0	0.066554	0	2	18	0	0	0	0.066554	0	0
holistic	he742	373	0	0	0	0	8	0	0	0	0	0	0
conventional	ce880	373	0	32.906044	0	14	7	4.260790	3.573347	18.181848	6.890059	0	0
holistic	he743	374	1.330797	2.008457	1	1	6	0	0	0	2.008457	0	0
conventional	ce881	374	0	47.329088	0	14	7	2.011127	7.525444	24.611151	13.181366	0	0
conventional	ce882	374	0	48.133881	0	14	7	9.018223	4.243537	28.855310	6.016811	0	0
conventional	ce883	374	0	52.756171	0	14	7	5.579328	8.268957	27.978605	10.929281	0	0
holistic	he744	376	0.729403	1.266471	1	1	6	0	0	0	1.266471	0	0
holistic	he745	376	0	0	0	0	12	0	0	0	0	0	0
conventional	ce884	376	0	23.649492	0	14	7	2.609321	3.943068	11.553013	5.544090	0	0
conventional	ce885	376	3.058637	33.638349	1	14	7	3.063689	2.403387	18.981796	9.189477	0	0
holistic	he746	377	0	0	0	0	12	0	0	0	0	0	0
conventional	ce886	377	0	13.096990	0	14	7	1.202650	2.891866	6.853078	2.149396	1.988646	0
holistic	he747	378	0	0	0	0	8	0	0	0	0	0	0
conventional	ce887	378	0	16.640612	0	14	7	0.720817	4.017397	8.540374	3.362024	1.988646	0
conventional	ce888	378	0	49.593193	0	14	7	9.797661	3.985563	29.986173	5.823796	0	0
holistic	he748	379	0	0	0	0	12	0	0	0	0	0	0
holistic	he749	379	2.059336	3.107978	1	1	6	0	0	0	3.107978	0	0
conventional	ce889	379	0	29.582607	0	14	7	0.653929	1.652868	16.075706	11.200104	0.379703	0
conventional	ce890	380	0	25.680934	0	14	7	0.724646	2.883912	12.800907	9.271469	0	0
holistic	he750	381	0	0	0	0	8	0	0	0	0	0	0
holistic	he751	381	0	0	0	0	4	0	0	0	0	0	0
conventional	ce891	381	0	26.416758	0	14	7	3.220623	4.813015	14.192356	4.190764	0.379703	0
conventional	ce892	382	0	41.080778	0	14	7	4.423914	5.499675	21.688075	9.469114	0	0
conventional	ce893	382	0	49.437281	0	14	7	4.971254	12.306833	23.628437	8.530757	0	0
conventional	ce894	382	0	30.534038	0	14	7	1.638685	5.433708	15.586078	7.875567	0	0
conventional	ce895	383	0	21.392501	0	14	7	1.769050	2.826575	12.714719	4.082157	0	0
conventional	ce896	383	0	32.553734	0	14	7	4.074548	4.187392	18.856631	5.435163	0	0
conventional	ce897	383	0	44.971165	0	14	7	7.842316	2.984519	26.807556	7.336774	0	0
conventional	ce898	384	0	39.630892	0	14	7	12.901705	0.922202	17.135729	8.671256	0	0
conventional	ce899	384	0	36.360489	0	14	7	1.572497	4.093028	24.897258	5.797706	0	0
holistic	he752	385	2.059336	2.664260	1	1	9	0	0	0	2.664260	0	0
holistic	he753	386	1.330797	1.038455	1	1	8	0	0	0	1.038455	0	0
conventional	ce900	386	0	29.980497	0	14	7	1.175274	3.023208	16.345516	9.436499	0	0
conventional	ce901	386	0	18.488372	0	14	7	1.303435	2.580301	11.105075	3.499561	4.922264	0
conventional	ce902	386	0	25.561095	0	14	7	2.830931	5.029264	13.611886	4.089014	0.351923	0
conventional	ce903	386	0	60.053881	0	14	7	8.260838	7.534657	32.979669	11.278717	0	0
holistic	he754	387	0	0	0	0	6	0	0	0	0	0	0
holistic	he755	387	0	0	0	0	6	0	0	0	0	0	0
holistic	he756	387	0	0	0	0	8	0	0	0	0	0	0
holistic	he757	387	2.095921	3.163192	1	1	6	0	0	0	3.163192	0	0
holistic	he758	388	5.516286	5.516286	4	4	10	5.516286	0	0	0	0	0
conventional	ce904	388	0	48.988403	0	14	7	8.411218	5.514013	27.386489	7.676683	0	0
conventional	ce905	388	0	36.999192	0	14	7	2.129878	0.876311	24.597589	9.395414	1.475910	0
conventional	ce906	388	0	28.662576	0	14	7	3.280823	4.861845	15.915925	4.603983	0.379703	0
holistic	he759	389	0	0	0	0	6	0	0	0	0	0	0
holistic	he760	389	1.400894	2.114249	1	1	6	0	0	0	2.114249	0	0
holistic	he761	389	0	0	0	0	4	0	0	0	0	0	0
conventional	ce907	389	0	54.330965	0	14	7	5.018875	8.022836	28.713311	12.575943	0	0
holistic	he762	390	0	0	0	0	6	0	0	0	0	0	0
holistic	he763	390	0	5.365230	0	20	20	0	0	0	5.365230	0	0
holistic	he764	390	2.095921	3.163192	1	1	6	0	0	0	3.163192	0	0
conventional	ce908	391	0	38.893741	0	14	7	4.222261	2.182880	17.787182	14.701418	0	0
conventional	ce909	391	0	12.927820	0	14	7	1.401274	4.266237	5.032443	2.227866	0	0
conventional	ce910	391	0	50.132038	0	14	7	3.739916	12.894816	25.201333	8.295973	0	0
conventional	ce911	391	0	48.367476	0	14	7	1.630587	6.824624	31.984091	7.928174	0	0
conventional	ce912	391	0	32.986550	0	14	7	3.932481	3.701337	20.779952	4.572780	0.239783	0
holistic	he765	392	0	0	0	0	6	0	0	0	0	0	0
holistic	he766	392	0	0	0	0	8	0	0	0	0	0	0
holistic	he767	393	0	0	0	0	4	0	0	0	0	0	0
holistic	he768	394	0	0	0	0	8	0	0	0	0	0	0
conventional	ce913	394	0	30.235059	0	14	7	1.298228	1.884003	22.995361	4.057467	0	0
conventional	ce914	395	0	42.635745	0	14	7	3.727708	6.309420	25.325924	7.272693	0	0
holistic	he769	396	0	0.321612	0	2	8	0	0	0	0.321612	0	0
holistic	he770	396	0	0	0	0	6	0	0	0	0	0	0
holistic	he771	396	0	0	0	0	10	0	0	0	0	0	0
conventional	ce915	396	0	28.222547	0	14	7	3.814820	7.901132	11.582907	4.923688	1.988646	0
conventional	ce916	396	0	45.024448	0	14	7	5.204407	5.800379	22.208719	11.810943	0	0
conventional	ce917	397	0	45.243056	0	14	7	3.338890	3.034187	30.087917	8.782062	0	0
holistic	he772	398	0	0	0	0	4	0	0	0	0	0	0
conventional	ce918	398	0	51.131072	0	14	7	4.614631	5.952943	25.257979	15.305519	0	0
holistic	he773	399	0	0	0	0	10	0	0	0	0	0	0
holistic	he774	399	0	0	0	0	10	0	0	0	0	0	0
conventional	ce919	399	0	51.749099	0	14	7	4.365706	6.601037	24.730391	16.051965	0	0
conventional	ce920	400	0	50.837476	0	14	7	13.148984	1.653063	22.297469	13.737960	0	0
conventional	ce921	400	0	59.557613	0	14	7	5.035230	8.944821	31.989893	13.587669	0	0
conventional	ce922	400	0	32.028641	0	14	7	2.210745	2.855880	21.673900	5.288116	0	0
holistic	he775	401	0	0	0	0	4	0	0	0	0	0	0
holistic	he776	401	2.059336	2.664260	1	1	9	0	0	0	2.664260	0	0
conventional	ce923	401	0	18.132012	0	14	7	1.798316	4.623018	8.326305	3.384373	2.235106	0
holistic	he777	402	0	0	0	0	4	0	0	0	0	0	0
holistic	he778	402	0	0	0	0	6	0	0	0	0	0	0
conventional	ce924	402	0	50.079928	0	14	7	9.873814	5.387024	25.771526	9.047564	0	0
conventional	ce925	402	0	48.642845	0	14	7	0.713376	5.758030	30.012495	12.158944	0	0
conventional	ce926	402	0.357464	23.729396	1	14	7	1.546805	1.366095	11.279484	9.537012	1.575539	0
conventional	ce927	402	0	25.564962	0	14	7	2.027850	4.305814	15.593720	3.637578	0	0
holistic	he779	403	0	0	0	0	4	0	0	0	0	0	0
holistic	he780	403	2.248775	2.909346	1	1	9	0	0	0	2.909346	0	0
conventional	ce928	403	0	51.534267	0	14	7	8.004450	6.010089	27.368805	10.150923	0	0
conventional	ce929	403	0	52.135340	0	14	7	4.447766	8.805878	27.921434	10.960262	0	0
holistic	he781	404	0	0	0	0	8	0	0	0	0	0	0
conventional	ce930	404	0	50.314788	0	14	7	5.800463	6.832690	27.311198	10.370437	0	0
conventional	ce931	404	0	21.140251	0	14	7	3.443750	2.218209	12.257573	3.220719	4.624624	0
conventional	ce932	404	0	29.843564	0	14	7	1.683606	2.959555	15.051501	10.148902	0.900449	0
conventional	ce933	404	0	27.911878	0	14	7	2.906807	5.867253	13.098380	6.039438	0	0
holistic	he782	405	0	0.178371	0	1	8	0	0	0	0.178371	0	0
holistic	he783	405	0	0	0	0	6	0	0	0	0	0	0
holistic	he784	405	0	0	0	0	8	0	0	0	0	0	0
conventional	ce934	405	0	50.710490	0	14	7	7.071987	5.732236	26.682966	11.223301	0	0
holistic	he785	406	2.095921	3.303814	1	1	10	0	0	0	3.303814	0	0
holistic	he786	406	0	0	0	0	18	0	0	0	0	0	0
conventional	ce935	406	0	20.773313	0	14	7	0.770809	3.968723	14.565737	1.468044	2.542679	0
conventional	ce936	407	0	27.404966	0	14	7	0.876598	5.969718	12.543406	8.015244	0	0
holistic	he787	408	0	0	0	0	8	0	0	0	0	0	0
conventional	ce937	408	0	32.766893	0	14	7	4.847351	2.927351	19.887568	5.104623	0	0
conventional	ce938	408	0	41.902855	0	14	7	6.738174	3.016760	26.671289	5.476632	0	0
holistic	he788	409	0	0	0	0	10	0	0	0	0	0	0
holistic	he789	409	0	0	0	0	6	0	0	0	0	0	0
holistic	he790	410	0	0.349940	0	2	12	0	0	0	0.349940	0	0
holistic	he791	410	2.095921	1.699640	1	1	6	0	0	0	1.699640	0	0
holistic	he792	410	0	0	0	0	4	0	0	0	0	0	0
holistic	he793	410	0	0	0	0	14	0	0	0	0	0	0
conventional	ce939	410	0	61.478902	0	14	7	3.895138	12.891462	30.991181	13.701121	0	0
conventional	ce940	410	0	49.222750	0	14	7	1.617267	4.976940	24.237305	18.391238	0	0
conventional	ce941	410	0	46.962355	0	14	7	2.545065	7.168383	29.041469	8.207438	0.636390	0
conventional	ce942	411	1.189722	43.213556	1	14	7	3.206370	5.886724	24.625055	9.495407	0	0
conventional	ce943	411	0	31.555577	0	14	7	3.360295	6.180020	17.498963	4.516299	0.383946	0
conventional	ce944	411	0	46.132817	0	14	7	2.181987	3.372944	29.645953	10.931933	0	0
holistic	he794	412	0	6.024324	0	3	11	0	0	0	6.024324	0	0
holistic	he795	412	0	0	0	0	4	0	0	0	0	0	0
conventional	ce945	412	0	48.443536	0	14	7	1.412938	12.460648	27.100740	7.469210	0	0
conventional	ce946	412	0	58.423620	0	14	7	2.830439	9.781934	32.859764	12.951483	0	0
conventional	ce947	412	0	63.201067	0	14	7	2.729339	16.779239	26.184415	17.508074	0	0
holistic	he796	413	0	0.389359	0	1	8	0	0	0	0.389359	0	0
conventional	ce948	413	0	53.795488	0	14	7	1.495456	7.607522	37.310967	7.381543	0	0
conventional	ce949	413	0	59.766131	0	14	7	7.885409	15.084318	23.467273	13.329131	0	0
conventional	ce950	413	0	18.411949	0	14	7	0.187053	4.623018	9.678701	3.923177	4.112800	0
conventional	ce951	413	0	29.845190	0	14	7	2.140505	2.517074	20.117197	5.070414	0	0
conventional	ce952	413	0	20.065955	0	14	7	3.326328	1.976694	10.483191	4.279742	0.356653	0
holistic	he797	414	0	0.321612	0	2	8	0	0	0	0.321612	0	0
conventional	ce953	414	0	31.033398	0	14	7	1.914611	5.503765	17.247118	6.367904	0.379703	0
conventional	ce954	414	0	22.522367	0	14	7	3.263209	3.095608	13.113265	3.050285	0	0
conventional	ce955	415	0	51.354819	0	14	7	7.743137	5.826613	28.846978	8.938091	0	0
conventional	ce956	415	0	44.609343	0	14	7	1.735366	9.813908	19.964630	13.095439	0	0
conventional	ce957	415	0	47.429495	0	14	7	0.987500	5.154885	36.555915	4.731195	0	0
conventional	ce958	415	4.013260	40.173075	1	14	7	3.797504	3.281599	22.727156	10.366816	0	0
holistic	he798	416	2.248775	3.026442	1	1	9	0	0	0	3.026442	0	0
holistic	he799	416	0	0	0	0	6	0	0	0	0	0	0
conventional	ce959	416	0	49.477683	0	14	7	6.060591	8.113731	23.417844	11.885517	0	0
conventional	ce960	416	0	22.299147	0	14	7	1.541097	2.518336	12.545466	5.694248	0	0
holistic	he800	417	0	0	0	0	8	0	0	0	0	0	0
conventional	ce961	417	0	30.813836	0	14	7	1.046452	4.406110	20.533194	4.828080	0.383946	0
conventional	ce962	417	0	31.171137	0	14	7	3.882027	0.928664	17.708637	8.651809	0	0
conventional	ce963	417	0	39.458838	0	14	7	1.947667	3.671800	28.232388	5.606983	0	0
conventional	ce964	417	0	49.770095	0	14	7	1.126329	8.173966	31.222362	9.247438	0.356653	0
holistic	he801	418	0	0	0	0	8	0	0	0	0	0	0
holistic	he802	418	0	0	0	0	4	0	0	0	0	0	0
conventional	ce965	418	0	36.969249	0	14	7	3.194126	2.518132	18.265830	12.991161	0	0
conventional	ce966	418	0	50.932651	0	14	7	3.021720	8.415427	27.338533	12.156971	2.049150	0
holistic	he803	419	0	0	0	0	6	0	0	0	0	0	0
conventional	ce967	419	0	39.301300	0	14	7	5.382364	5.354954	20.018785	8.545197	0	0
conventional	ce968	419	0	36.691165	0	14	7	0.694363	4.118014	24.429419	7.449369	0	0
conventional	ce969	419	3.039401	35.605893	1	14	7	4.604141	2.510518	18.944779	9.546455	0	0
conventional	ce970	420	0	30.428158	0	14	7	2.407052	5.976477	17.710834	4.333795	0.383946	0
conventional	ce971	420	0	53.057732	0	14	7	1.939490	8.439025	30.489955	12.189262	0	0
conventional	ce972	420	0.454866	54.566216	1	14	7	7.897271	7.299808	28.941312	10.427825	0.719295	0
conventional	ce973	420	0	14.017297	0	14	7	0.780683	3.327580	6.316175	3.592859	4.514787	0
conventional	ce974	420	0	70.387822	0	14	7	0.984715	10.740039	47.488610	11.174458	0	0
conventional	ce975	420	0	49.103570	0	14	7	4.627153	3.649780	28.921115	11.905522	0	0
conventional	ce976	420	0	42.944314	0	14	7	4.300841	2.103611	20.185274	16.354588	0	0
holistic	he804	421	0	0	0	0	8	0	0	0	0	0	0
conventional	ce977	421	0	49.956160	0	14	7	4.184356	6.552286	24.273090	14.946428	0	0
holistic	he805	422	0	0	0	0	4	0	0	0	0	0	0
holistic	he806	422	2.248775	2.812318	1	1	9	0	0	0	2.812318	0	0
holistic	he807	422	0	0	0	0	10	0	0	0	0	0	0
holistic	he808	422	0	0	0	0	8	0	0	0	0	0	0
conventional	ce978	422	0	61.886572	0	14	7	4.834416	9.131090	34.261268	13.659798	0	0
conventional	ce979	422	0	36.291276	0	14	7	5.667606	1.593164	18.120024	10.910482	0.112697	0
conventional	ce980	422	0	27.037421	0	14	7	1.681405	2.636622	16.594172	6.125222	2.082812	0
conventional	ce981	422	0	9.514102	0	14	7	1.538275	1.329191	4.097788	2.548848	2.235106	0
conventional	ce982	422	0	24.735571	0	14	7	2.720892	4.343305	14.141127	3.530247	0.984350	0
conventional	ce983	422	3.058637	18.018460	1	14	7	0.499066	8.147228	6.005519	3.366647	0	0
conventional	ce984	422	0	54.141316	0	14	7	1.968956	7.698377	37.680432	6.793551	0	0
conventional	ce985	423	0	33.594399	0	14	7	0.651920	4.010383	22.714617	6.217479	0	0
conventional	ce986	423	1.236340	49.635532	1	14	7	6.663874	7.800768	26.682110	8.488780	0	0
holistic	he809	424	0	0	0	0	10	0	0	0	0	0	0
conventional	ce987	424	0	23.479110	0	14	7	1.664970	3.828642	12.673440	5.312058	0.379703	0
conventional	ce988	424	0	75.034689	0	14	7	7.904920	11.106844	40.927335	15.095590	0	0
conventional	ce989	424	0.700220	46.368200	1	14	7	6.966761	4.513608	27.576534	7.311297	0	0
conventional	ce990	425	0	27.420119	0	14	7	1.231716	2.466905	12.942976	10.778522	0.379703	0
conventional	ce991	426	0	49.564113	0	14	7	8.932111	6.880797	25.973527	7.777678	0	0
conventional	ce992	426	0	44.594219	0	14	7	2.272147	3.809131	33.446992	5.065949	0	0
conventional	ce993	426	0	19.993355	0	14	7	2.138540	2.623583	12.336368	2.894864	0	0
conventional	ce994	427	0	43.840455	0	14	7	3.347338	5.909412	20.854783	13.728922	1.259750	0
conventional	ce995	427	0	37.984507	0	14	7	1.976169	5.989086	22.395558	7.623694	0	0
conventional	ce996	427	0	28.902481	0	14	7	2.157613	2.312124	13.852153	10.580591	0	0
holistic	he810	428	0	0	0	0	4	0	0	0	0	0	0
conventional	ce997	428	0	25.063407	0	14	7	2.798144	5.212793	13.004095	4.048375	1.254550	0
conventional	ce998	428	0	52.121006	0	14	7	1.657910	7.114585	34.468943	8.879568	0	0
conventional	ce999	428	0	27.216899	0	14	7	5.318444	1.950903	16.053266	3.894286	0	0
conventional	ce1000	429	0	49.373639	0	14	7	13.002124	4.053534	24.426686	7.891295	0	0
conventional	ce1001	430	0	17.777025	0	14	7	1.688403	0.833819	11.725172	3.529631	0.356653	0
conventional	ce1002	430	0	24.017295	0	14	7	1.664970	3.828642	13.229631	5.294052	0.379703	0
holistic	he811	431	0	0.268610	0	2	17	0	0	0	0.268610	0	0
conventional	ce1003	431	0	23.896313	0	14	7	1.575623	3.854939	13.275271	5.190480	0	0
conventional	ce1004	431	0	23.922558	0	14	7	2.798426	4.226602	13.012495	3.885035	0.915795	0
conventional	ce1005	431	0.277274	43.536111	1	14	7	5.248922	5.684989	23.635618	8.966582	0.383946	0
holistic	he812	432	0	0	0	0	8	0	0	0	0	0	0
holistic	he813	432	0	0	0	0	12	0	0	0	0	0	0
holistic	he814	432	0	0	0	0	20	0	0	0	0	0	0
conventional	ce1006	432	0	30.278766	0	14	7	1.010482	2.466643	16.600581	10.201060	0.900449	0
conventional	ce1007	432	0	46.040717	0	14	7	2.376304	9.016197	23.270342	11.377874	0	0
holistic	he815	433	2.059336	1.891350	1	1	9	0	0	0	1.891350	0	0
conventional	ce1008	433	0	51.667489	0	14	7	1.414133	6.312594	36.756218	7.184544	0	0
conventional	ce1009	433	0	48.362775	0	14	7	9.973336	5.209509	22.794318	10.385612	0	0
holistic	he816	434	2.059336	3.107978	1	1	8	0	0	0	3.107978	0	0
conventional	ce1010	434	0	30.606301	0	14	7	2.201666	3.934209	15.063721	9.406705	0.900449	0
conventional	ce1011	434	0	28.792658	0	14	7	5.308016	2.015131	15.915158	5.554353	0	0
conventional	ce1012	434	0	61.671751	0	14	7	1.355838	8.061864	41.420450	10.833599	0	0
holistic	he817	436	0	0	0	0	12	0	0	0	0	0	0
holistic	he818	436	0	0	0	0	12	0	0	0	0	0	0
conventional	ce1013	436	0	47.985491	0	14	7	4.401876	6.532765	23.353053	13.697797	0	0
conventional	ce1014	436	0	36.548166	0	14	7	5.412215	3.655388	21.089085	6.391478	0	0
conventional	ce1015	436	0.026334	52.355192	1	14	7	7.743137	5.832614	32.245104	6.534337	0	0
conventional	ce1016	436	0	38.187080	0	14	7	7.192038	2.210676	20.216181	8.568185	0	0
holistic	he819	438	0	0	0	0	8	0	0	0	0	0	0
conventional	ce1017	438	4.013260	51.204641	1	14	7	4.853773	6.457926	28.684807	11.208135	0	0
conventional	ce1018	438	0	28.999037	0	14	7	1.848755	4.288023	17.087972	5.774287	0.379703	0
conventional	ce1019	438	0	51.193848	0	14	7	4.998074	6.386554	35.008277	4.800943	0	0
holistic	he820	439	0	0	0	0	6	0	0	0	0	0	0
holistic	he821	439	0	0	0	0	4	0	0	0	0	0	0
conventional	ce1020	439	0	48.982675	0	14	7	10.017443	5.514040	20.749627	12.701565	0	0
holistic	he822	440	0	0	0	0	6	0	0	0	0	0	0
holistic	he823	441	0	0	0	0	10	0	0	0	0	0	0
conventional	ce1021	441	0	41.454175	0	14	7	6.040654	6.321800	19.175483	9.916238	1.469190	0
conventional	ce1022	442	0	63.992875	0	14	7	7.979748	11.123613	30.059052	14.830462	0	0
conventional	ce1023	443	0	49.642059	0	14	7	5.710242	8.113731	23.292862	12.525224	0	0
conventional	ce1024	444	0	46.588760	0	14	7	7.262073	5.618178	23.960397	9.748112	0	0
holistic	he824	445	0	0	0	0	8	0	0	0	0	0	0
conventional	ce1025	445	0	29.791563	0	14	7	4.316736	3.240765	17.536096	4.697966	0	0
holistic	he825	446	0	0	0	0	4	0	0	0	0	0	0
conventional	ce1026	446	0	61.863236	0	14	7	5.230302	8.882859	32.836521	14.913554	0	0
conventional	ce1027	446	0	53.767717	0	14	7	2.689667	6.649267	37.317200	7.111583	0	0
holistic	he826	447	0	0	0	0	6	0	0	0	0	0	0
holistic	he827	447	2.412451	2.247288	1	1	6	0	0	0	2.247288	0	0
holistic	he828	447	0	1.432908	0	6	12	0	0	0	1.432908	0	0
holistic	he829	447	0	0	0	0	4	0	0	0	0	0	0
holistic	he830	448	0	0	0	0	6	0	0	0	0	0	0
conventional	ce1028	448	0	62.897570	0	14	7	7.506983	8.945887	31.671589	14.773111	0.984350	0
conventional	ce1029	448	0	60.417229	0	14	7	4.883341	9.554809	34.644329	11.334750	0	0
conventional	ce1030	448	0	39.013076	0	14	7	4.146300	5.009159	26.250387	3.607230	0.239783	0
holistic	he831	449	0	0	0	0	6	0	0	0	0	0	0
holistic	he832	449	2.059336	1.891350	1	1	9	0	0	0	1.891350	0	0
conventional	ce1031	449	0	25.781068	0	14	7	3.613096	3.940596	14.576884	3.650492	0	0
holistic	he833	450	1.742670	2.453286	1	3	8	0	0	0	2.453286	0	0
holistic	he834	450	2.412451	4.611345	1	1	6	0	0	0	4.611345	0	0
holistic	he835	450	0	0	0	0	8	0	0	0	0	0	0
conventional	ce1032	450	0	35.178848	0	14	7	1.560006	7.010876	16.286381	10.321585	0.900449	0
conventional	ce1033	450	0	31.950015	0	14	7	2.221821	4.471971	20.392567	4.863656	1.469190	0
conventional	ce1034	451	0	30.325936	0	14	7	1.788231	3.488558	14.136719	10.912428	0.030548	0
conventional	ce1035	451	0	25.636461	0	14	7	2.768954	1.971770	14.800534	6.095203	0.356653	0
conventional	ce1036	451	0	30.122089	0	14	7	2.207634	2.828101	15.340202	9.746152	0.900449	0
holistic	he836	452	0	0	0	0	4	0	0	0	0	0	0
holistic	he837	452	0	0	0	0	6	0	0	0	0	0	0
holistic	he838	453	0	0	0	0	14	0	0	0	0	0	0
holistic	he839	454	0	0	0	0	20	0	0	0	0	0	0
holistic	he840	454	0	0	0	0	8	0	0	0	0	0	0
conventional	ce1037	454	0	34.218193	0	14	7	3.226643	3.749160	15.135341	12.107049	0.317756	0
conventional	ce1038	455	0	33.130500	0	14	7	1.086460	2.993171	23.519604	5.531265	0	0
conventional	ce1039	455	0	48.895485	0	14	7	9.561692	7.276451	22.302183	9.755159	0	0
holistic	he841	456	0	0	0	0	20	0	0	0	0	0	0
holistic	he842	456	0	0	0	0	18	0	0	0	0	0	0
holistic	he843	456	0	0	0	0	14	0	0	0	0	0	0
holistic	he844	456	0	0	0	0	9	0	0	0	0	0	0
conventional	ce1040	456	0	26.191076	0	14	7	1.578235	2.895942	15.879878	5.837021	0.356653	0
holistic	he845	457	0	0	0	0	6	0	0	0	0	0	0
holistic	he846	457	4.497550	6.052884	2	2	10	0	0	0	6.052884	0	0
holistic	he847	459	0	0	0	0	8	0	0	0	0	0	0
conventional	ce1041	459	0	48.211009	0	14	7	7.187863	8.442767	23.026511	9.553868	0	0
conventional	ce1042	460	0	63.708916	0	14	7	4.213879	9.734296	36.777145	12.983596	0	0
conventional	ce1043	460	0	52.808396	0	14	7	13.529420	4.873592	26.116693	8.288691	0	0
conventional	ce1044	460	0	27.644961	0	14	7	3.594669	3.583790	15.762716	4.703786	0.762425	0
holistic	he848	461	0	0	0	0	8	0	0	0	0	0	0
holistic	he849	461	0	0	0	0	8	0	0	0	0	0	0
conventional	ce1045	461	0	30.342045	0	14	7	2.204387	2.886827	15.735249	9.515582	0.935838	0
holistic	he850	462	0	0	0	0	8	0	0	0	0	0	0
holistic	he851	462	0	0	0	0	22	0	0	0	0	0	0
conventional	ce1046	462	0	46.710473	0	14	7	8.045230	4.983315	25.368552	8.313376	0	0
conventional	ce1047	462	0	21.703810	0	14	7	3.753189	3.619864	10.639520	3.691237	0.915795	0
holistic	he852	463	0	0.134305	0	1	12	0	0	0	0.134305	0	0
holistic	he853	463	0	0.357868	0	2	12	0	0	0	0.357868	0	0
conventional	ce1048	463	0	50.224587	0	14	7	13.744442	2.773788	25.973992	7.732365	0	0
conventional	ce1049	463	0	31.046241	0	14	7	2.395848	4.739276	13.968542	9.942575	0.702804	0
conventional	ce1050	463	0	40.946644	0	14	7	6.197641	6.433231	18.902897	9.412875	0.745736	0
holistic	he854	464	0	0	0	0	20	0	0	0	0	0	0
holistic	he855	464	0	0	0	0	8	0	0	0	0	0	0
conventional	ce1051	464	0	60.672632	0	14	7	9.742008	7.939812	31.122023	11.868789	0	0
holistic	he856	465	0	0.349940	0	2	12	0	0	0	0.349940	0	0
holistic	he857	465	0	0	0	0	14	0	0	0	0	0	0
holistic	he858	465	0	0.877236	0	1	8	0	0	0	0.877236	0	0
holistic	he859	465	0	0	0	0	8	0	0	0	0	0	0
conventional	ce1052	466	0	25.659526	0	14	7	3.692083	4.148967	14.290297	3.528179	0.383946	0
conventional	ce1053	467	0	27.153137	0	14	7	0.765510	3.876112	16.957489	5.554026	0	0
holistic	he860	468	2.248775	3.026442	1	1	9	0	0	0	3.026442	0	0
conventional	ce1054	468	0	10.330880	0	13	7	1.875344	2.024034	3.887291	2.544211	4.112800	0
conventional	ce1055	468	0	48.690590	0	14	7	7.231593	7.553582	22.867996	11.037419	0	0
holistic	he861	469	0	0	0	0	21	0	0	0	0	0	0
holistic	he862	469	0	0	0	0	4	0	0	0	0	0	0
holistic	he863	470	2.248775	3.278358	1	1	9	0	0	0	3.278358	0	0
holistic	he864	470	0	0.486390	0	4	17	0	0	0	0.486390	0	0
holistic	he865	470	0.360518	0.485190	2	2	10	0	0	0	0.485190	0	0
holistic	he866	470	2.412451	4.611345	1	1	6	0	0	0	4.611345	0	0
conventional	ce1056	470	0	16.620349	0	14	7	1.731845	0.837314	10.532536	3.518654	0.356653	0
conventional	ce1057	471	0	21.364525	0	14	7	0.400719	4.867993	10.577196	5.518617	4.112800	0
conventional	ce1058	471	0	23.252215	0	14	7	1.912914	4.278391	14.203004	2.857906	0.984350	0
holistic	he867	472	0	0	0	0	9	0	0	0	0	0	0
holistic	he868	472	0	0.268610	0	2	17	0	0	0	0.268610	0	0
holistic	he869	472	0	0	0	0	8	0	0	0	0	0	0
holistic	he870	473	2.248775	2.812318	1	1	9	0	0	0	2.812318	0	0
conventional	ce1059	473	0	58.151660	0	14	7	8.008689	8.679638	29.777679	11.685654	0	0
conventional	ce1060	473	0	21.959750	0	14	7	4.832347	3.690270	9.747947	3.689186	0	0
conventional	ce1061	473	0	47.920511	0	14	7	1.300028	6.278554	34.024692	6.317237	0.336346	0
conventional	ce1062	473	0	29.212972	0	14	7	1.763401	2.099814	12.957778	12.391979	0.379703	0
holistic	he871	474	0	0	0	0	8	0	0	0	0	0	0
conventional	ce1063	474	0	51.004467	0	14	7	8.537741	6.504401	28.957711	7.004614	0	0
conventional	ce1064	475	0	50.528163	0	14	7	11.445535	4.454314	24.489987	10.138327	0	0
conventional	ce1065	475	0	46.190910	0	14	7	6.185828	6.242856	23.748672	10.013554	0	0
holistic	he872	476	0	0.349940	0	2	12	0	0	0	0.349940	0	0
conventional	ce1066	476	0	34.909729	0	14	7	2.475822	3.675571	25.283200	3.475136	0	0
holistic	he873	477	0	0	0	0	6	0	0	0	0	0	0
conventional	ce1067	477	3.039401	38.837799	1	14	7	4.044486	2.253972	19.260176	13.279165	0.285203	0
conventional	ce1068	477	0	61.663450	0	14	7	10.134808	5.968224	34.960058	10.600360	0	0
conventional	ce1069	477	0	51.700804	0	14	7	12.638987	4.084254	28.120354	6.857209	0	0
conventional	ce1070	477	0	33.958882	0	14	7	1.497984	6.975753	14.840712	10.644433	0.900449	0
holistic	he874	478	0	0	0	0	6	0	0	0	0	0	0
holistic	he875	478	0	0.211664	0	2	12	0	0	0	0.211664	0	0
conventional	ce1071	478	0	14.437935	0	14	7	1.340736	0.791035	8.588367	3.717797	0.356653	0
conventional	ce1072	479	0	53.381776	0	14	7	0.396294	8.609895	38.924557	5.451030	0	0
conventional	ce1073	479	0	52.468762	0	14	7	13.110084	4.233752	26.704852	8.420074	0.356653	0
conventional	ce1074	479	0	26.208663	0	14	7	3.527474	3.313879	15.476298	3.891012	0.698030	0
conventional	ce1075	479	0	41.106379	0	14	7	6.922193	5.912302	18.613134	9.658750	1.305082	0
conventional	ce1076	480	0	40.308747	0	14	7	2.227524	7.298877	19.555183	11.227163	0.814658	0
conventional	ce1077	480	0	53.064570	0	14	7	16.199429	3.663563	26.445125	6.756453	0	0
conventional	ce1078	480	0	58.922980	0	14	7	6.260415	9.524509	32.563306	10.574750	0	0
holistic	he876	481	0	0	0	0	3	0	0	0	0	0	0
conventional	ce1079	481	0	57.773908	0	14	7	7.264412	12.889944	24.256572	13.362980	0	0
conventional	ce1080	481	0	9.981856	0	14	7	1.596970	1.198476	3.942832	3.243578	2.730440	0
conventional	ce1081	481	0	50.557315	0	14	7	7.172527	9.459249	19.499213	14.426326	0	0
conventional	ce1082	481	0	39.950836	0	14	7	6.882886	6.440859	18.170609	8.456482	1.305082	0
holistic	he877	482	0	0	0	0	9	0	0	0	0	0	0
holistic	he878	482	0	0	0	0	14	0	0	0	0	0	0
holistic	he879	482	0	0	0	0	4	0	0	0	0	0	0
conventional	ce1083	482	0	43.003919	0	14	7	4.305141	6.109162	19.815399	12.774217	0	0
conventional	ce1084	482	0	33.584697	0	14	7	6.040654	6.817523	13.495013	7.231507	1.469190	0
conventional	ce1085	482	0	48.541864	0	14	7	7.674602	7.746644	23.160140	9.960478	0	0
conventional	ce1086	482	0	53.944862	0	14	7	14.248249	4.882997	25.462629	9.350987	0	0
conventional	ce1087	482	0	50.296497	0	14	7	5.547217	8.422257	25.426033	10.900990	0	0
holistic	he880	484	0	5.622294	0	6	10	0	0	0	5.622294	0	0
conventional	ce1088	484	0	65.332839	0	14	7	3.212782	9.136976	39.233516	13.749565	0	0
conventional	ce1089	484	0	27.903590	0	14	7	1.875477	2.946148	13.230367	9.851598	0	0
conventional	ce1090	485	0	30.660235	0	14	7	1.467263	4.843958	15.069967	9.279047	0.537888	0
conventional	ce1091	485	0	30.301055	0	14	7	1.840687	3.723869	15.371971	9.364528	1.805688	0
conventional	ce1092	485	0	26.825226	0	14	7	2.443016	5.683265	16.584656	2.114289	0.984350	0
conventional	ce1093	485	0	31.260028	0	14	7	0.390341	3.084454	16.068014	11.717219	0	0
conventional	ce1094	485	0	51.292831	0	14	7	10.088929	7.558121	22.854008	10.791773	0	0
conventional	ce1095	485	0	25.666103	0	14	7	2.892092	6.330384	9.366398	7.077229	1.469190	0
conventional	ce1096	486	0	32.021597	0	14	7	1.683555	4.114628	15.570185	10.653229	0.778902	0
conventional	ce1097	486	0	48.404832	0	14	7	11.335986	6.365323	22.799773	7.903750	0	0
conventional	ce1098	487	0	30.725941	0	14	7	2.347132	6.676658	13.543434	8.158717	0.900449	0
conventional	ce1099	487	0	40.913020	0	14	7	6.840674	5.503366	18.132819	10.436161	1.305082	0
conventional	ce1100	487	2.719476	38.043581	1	14	7	3.009693	2.672694	19.276163	13.085031	0.285203	0
conventional	ce1101	487	0	48.603231	0	14	7	9.956941	7.805296	22.326059	8.514935	0.936682	0
conventional	ce1102	488	0	10.838324	0	14	7	1.609149	1.099997	4.596686	3.532492	2.730440	0
conventional	ce1103	488	0	29.002170	0	14	7	1.289368	2.255808	17.330081	8.126913	0.900449	0
conventional	ce1104	488	0	32.764274	0	14	7	3.635271	7.458046	16.775944	4.895013	0.984350	0
conventional	ce1105	488	0	61.092686	0	14	7	2.504090	7.441163	42.154485	8.992948	0	0
holistic	he881	489	0	0	0	0	4	0	0	0	0	0	0
conventional	ce1106	489	0	41.828621	0	14	7	4.810844	6.379309	23.793354	6.845114	0.762425	0
conventional	ce1107	489	0	42.401299	0	14	7	8.575743	7.242176	18.091675	8.491705	0	0
conventional	ce1108	490	0	45.889342	0	14	7	12.631127	7.058819	18.985209	7.214187	0	0
conventional	ce1109	490	0	31.034679	0	14	7	4.384348	3.532837	17.506335	5.611159	0.762425	0
holistic	he882	491	0	0	0	0	6	0	0	0	0	0	0
conventional	ce1110	491	0	61.435139	0	14	7	6.937782	8.281258	36.135081	10.081018	0	0
conventional	ce1111	491	0	42.737180	0	14	7	7.788966	7.417899	19.048040	8.482275	0	0
holistic	he883	492	0	0	0	0	9	0	0	0	0	0	0
holistic	he884	492	2.059336	2.335299	1	1	9	0	0	0	2.335299	0	0
holistic	he885	492	0	0	0	0	6	0	0	0	0	0	0
conventional	ce1112	492	0	53.001554	0	14	7	10.628488	7.215856	23.745069	11.412141	0	0
holistic	he886	493	2.059336	1.891350	1	1	15	0	0	0	1.891350	0	0
conventional	ce1113	493	0	65.859689	0	14	7	8.000728	9.460636	37.038319	11.360006	1.469190	0
conventional	ce1114	493	0	52.621154	0	14	7	8.401859	7.226855	27.192220	9.800220	0	0
conventional	ce1115	493	0	26.920090	0	14	7	2.011622	4.374212	14.398234	6.136022	1.217502	0
conventional	ce1116	493	0	39.683393	0	14	7	4.894892	10.660144	23.373076	0.755281	0.984350	0
holistic	he887	494	0	0	0	0	21	0	0	0	0	0	0
conventional	ce1117	494	0	24.029952	0	14	7	1.204359	3.017051	18.168369	1.640173	1.121771	0
conventional	ce1118	495	0	30.030840	0	14	7	1.960846	6.707685	13.636891	7.725418	0.900449	0
conventional	ce1119	496	0	34.337655	0	14	7	8.652586	6.036279	14.672545	4.976245	0	0
conventional	ce1120	496	0	53.343981	0	14	7	14.030128	4.729761	26.003693	8.580399	0.356653	0
conventional	ce1121	496	0	29.026703	0	14	7	1.677843	3.890016	17.594354	5.864490	0.379703	0
conventional	ce1122	497	0	25.488240	0	14	7	2.876298	6.424836	12.508542	3.678564	1.254550	0
holistic	he888	498	0	0	0	0	9	0	0	0	0	0	0
holistic	he889	498	0	0	0	0	18	0	0	0	0	0	0
conventional	ce1123	498	0	36.506024	0	14	7	6.642967	9.090172	13.561535	7.211350	0	0
conventional	ce1124	498	0	27.953309	0	14	7	1.950656	6.036113	12.910873	7.055667	2.730440	0
conventional	ce1125	498	0	32.683806	0	14	7	2.474779	6.496755	13.996929	9.715343	0.702804	0
conventional	ce1126	498	0	28.620675	0	14	7	2.296289	4.286993	16.947880	5.089513	0	0
holistic	he890	499	0	0	0	0	8	0	0	0	0	0	0
holistic	he891	499	2.412451	4.611345	1	1	6	0	0	0	4.611345	0	0
holistic	he892	500	0	1.049820	0	6	18	0	0	0	1.049820	0	0
holistic	he893	500	0	0	0	0	16	0	0	0	0	0	0
conventional	ce1127	500	0	31.149594	0	14	7	3.727613	6.757253	15.785518	4.879210	0.984350	0
holistic	he894	501	0	0	0	0	8	0	0	0	0	0	0
conventional	ce1128	501	0	49.253357	0	14	7	0.652936	2.405573	36.597279	9.597569	0	0
conventional	ce1129	501	0	21.386857	0	14	7	1.811980	5.285822	10.084616	4.204439	0.915795	0
holistic	he895	502	0	0	0	0	4	0	0	0	0	0	0
conventional	ce1130	502	0	31.719146	0	14	7	0.889784	4.188848	21.926185	4.714329	0	0
conventional	ce1131	502	0	53.906502	0	14	7	10.753037	8.215746	25.174471	9.763248	0	0
conventional	ce1132	503	0	53.313866	0	14	7	11.922122	6.393370	25.397726	9.600648	0	0
holistic	he896	504	0.331497	0.331497	1	1	12	0	0	0	0.331497	0	0
holistic	he897	505	0	0	0	0	9	0	0	0	0	0	0
conventional	ce1133	505	0	58.277111	0	14	7	9.963283	4.557716	33.764580	9.991532	0	0
holistic	he898	506	0	0	0	0	3	0	0	0	0	0	0
conventional	ce1134	506	0	26.839205	0	14	7	1.506594	6.170800	14.102391	5.059420	0.658999	0
conventional	ce1135	506	0	53.961278	0	14	7	1.897424	11.988862	24.129528	15.945464	0	0
conventional	ce1136	506	0	27.547452	0	14	7	1.290084	3.726584	16.753462	5.777322	0	0
holistic	he899	507	2.518286	4.813646	1	1	6	0	0	0	4.813646	0	0
holistic	he900	507	0	0.877236	0	1	8	0	0	0	0.877236	0	0
holistic	he901	507	0	0.468552	0	3	12	0	0	0	0.468552	0	0
holistic	he902	507	0	0	0	0	8	0	0	0	0	0	0
conventional	ce1137	508	0	35.994964	0	14	7	8.007011	2.503463	19.429792	6.054698	0	0
conventional	ce1138	508	0	40.696182	0	14	7	4.810844	6.638137	23.078799	6.168402	1.132594	0
holistic	he903	509	0	0	0	0	8	0	0	0	0	0	0
holistic	he904	509	2.342115	4.476899	1	1	6	0	0	0	4.476899	0	0
conventional	ce1139	509	0	40.948817	0	14	7	6.454122	6.010901	17.725796	10.757998	0.745736	0
holistic	he905	510	0	0	0	0	12	0	0	0	0	0	0
holistic	he906	510	0	0	0	0	6	0	0	0	0	0	0
holistic	he907	510	0	0	0	0	20	0	0	0	0	0	0
conventional	ce1140	510	0	53.884948	0	14	7	1.456548	10.852097	26.367359	15.208944	0	0
conventional	ce1141	510	0	28.407760	0	14	7	0.823400	3.658595	19.488549	4.437216	0	0
conventional	ce1142	511	0	27.565238	0	14	7	2.233160	3.261655	16.722958	5.347465	0	0
conventional	ce1143	511	0	28.689876	0	14	7	0.992984	5.605009	19.646384	2.445499	0.984350	0
conventional	ce1144	511	0	10.453432	0	14	7	2.435631	1.302418	3.985990	2.729393	1.371144	0
conventional	ce1145	511	0	35.823862	0	14	7	2.456423	3.420060	25.844156	4.103223	0	0
holistic	he908	513	2.412451	4.611345	1	1	6	0	0	0	4.611345	0	0
conventional	ce1146	513	0	52.980725	0	14	7	9.888422	9.783571	23.198687	10.110045	0	0
conventional	ce1147	513	0	48.220348	0	14	7	5.300847	7.427648	26.590692	8.901161	0.762425	0
holistic	he909	514	0	0	0	0	6	0	0	0	0	0	0
holistic	he910	514	0	0	0	0	9	0	0	0	0	0	0
holistic	he911	514	0	0	0	0	9	0	0	0	0	0	0
conventional	ce1148	514	0	43.637785	0	14	7	7.582293	8.768440	22.446279	4.840773	0	0
conventional	ce1149	515	2.719476	41.276136	1	14	7	3.162951	4.168540	19.273467	14.671178	0.285203	0
conventional	ce1150	515	0	30.890337	0	14	7	1.317619	2.600025	17.935627	9.037066	0.900449	0
holistic	he912	516	0	0	0	0	8	0	0	0	0	0	0
holistic	he913	516	0	0	0	0	12	0	0	0	0	0	0
holistic	he914	516	0	0	0	0	12	0	0	0	0	0	0
conventional	ce1151	516	0	54.540655	0	14	7	14.841418	6.177252	24.604449	8.917536	0.356653	0
holistic	he915	517	0	0	0	0	8	0	0	0	0	0	0
holistic	he916	517	0	0	0	0	3	0	0	0	0	0	0
holistic	he917	517	2.248775	2.812318	1	1	3	0	0	0	2.812318	0	0
conventional	ce1152	517	0	46.012911	0	14	7	4.768767	6.056257	23.530382	11.657505	1.305082	0
holistic	he918	518	0	0	0	0	12	0	0	0	0	0	0
holistic	he919	518	2.248775	2.812318	1	1	9	0	0	0	2.812318	0	0
conventional	ce1153	518	0	35.919304	0	14	7	3.061360	3.010037	16.743782	13.104125	0	0
holistic	he920	519	2.412451	3.034520	1	1	6	0	0	0	3.034520	0	0
conventional	ce1154	519	0	43.252120	0	14	7	6.374311	7.588294	22.731783	6.557732	0	0
conventional	ce1155	519	0	30.634136	0	14	7	1.322997	4.681756	18.169366	6.460017	1.383847	0
conventional	ce1156	519	0	32.366226	0	14	7	0.901816	3.618983	17.880653	9.964774	0	0
holistic	he921	520	0	0	0	0	12	0	0	0	0	0	0
conventional	ce1157	520	2.719476	36.453560	1	14	7	2.950077	4.293193	27.241354	1.968936	0.285203	0
conventional	ce1158	520	0	56.636935	0	14	7	12.105431	7.479534	24.704475	12.347495	0	0
conventional	ce1159	520	0	30.262917	0	14	7	2.934243	6.599801	15.932606	4.796267	0	0
holistic	he922	521	0	0	0	0	20	0	0	0	0	0	0
holistic	he923	522	0	0	0	0	4	0	0	0	0	0	0
holistic	he924	522	0	0	0	0	11	0	0	0	0	0	0
conventional	ce1160	522	0	17.248743	0	14	7	2.318008	3.411800	7.425723	4.093212	0.379703	0
conventional	ce1161	522	0	58.725573	0	14	7	15.642900	9.955074	24.618233	8.509366	0.356653	0
holistic	he925	523	2.518286	4.813646	1	1	6	0	0	0	4.813646	0	0
holistic	he926	523	0	0	0	0	22	0	0	0	0	0	0
conventional	ce1162	523	0	40.357221	0	14	7	4.473530	4.034109	27.588208	4.261374	0	0
conventional	ce1163	523	0	22.012316	0	14	7	2.185677	0.734947	13.882202	5.209490	0.356653	0
conventional	ce1164	523	0	52.036058	0	14	7	10.088929	7.683278	22.703022	11.560829	0	0
conventional	ce1165	523	0	42.951178	0	14	7	4.126162	7.608791	22.830043	8.386182	0	0
conventional	ce1166	523	0	70.303546	0	14	7	14.714541	1.994944	41.617986	11.976075	0	0
holistic	he927	524	0	0	0	0	26	0	0	0	0	0	0
holistic	he928	524	0	0.349940	0	2	12	0	0	0	0.349940	0	0
conventional	ce1167	524	0	47.883446	0	14	7	13.211863	3.294160	22.794867	8.582556	0.356653	0
conventional	ce1168	524	0	32.792152	0	14	7	2.113460	4.171069	19.558175	6.949448	0.936940	0
holistic	he929	525	0	0	0	0	9	0	0	0	0	0	0
holistic	he930	525	2.248775	2.812318	1	1	9	0	0	0	2.812318	0	0
holistic	he931	525	0	0	0	0	8	0	0	0	0	0	0
holistic	he932	525	0	0	0	0	7	0	0	0	0	0	0
holistic	he933	525	0	0	0	0	12	0	0	0	0	0	0
conventional	ce1169	526	0	25.699038	0	14	7	1.973909	5.215681	14.838126	3.671322	1.036951	0
holistic	he934	527	0	0	0	0	8	0	0	0	0	0	0
conventional	ce1170	527	0	32.545725	0	14	7	7.320160	6.361041	12.556067	6.308457	1.469190	0
conventional	ce1171	527	0	25.634146	0	14	7	1.697923	6.614866	12.654620	4.666737	2.789400	0
holistic	he935	528	0	0	0	0	24	0	0	0	0	0	0
conventional	ce1172	528	0	13.047153	0	14	7	3.011655	1.798184	5.277367	2.959947	0.935394	0
conventional	ce1173	528	0	28.778919	0	14	7	0.823400	3.658595	18.729460	5.567464	0.499682	0
holistic	he936	529	0	0.840366	0	2	10	0	0	0	0.840366	0	0
holistic	he937	529	0	0	0	0	9	0	0	0	0	0	0
holistic	he938	529	0	0	0	0	12	0	0	0	0	0	0
holistic	he939	529	0	0	0	0	6	0	0	0	0	0	0
holistic	he940	530	0	0	0	0	16	0	0	0	0	0	0
holistic	he941	530	0	0	0	0	10	0	0	0	0	0	0
holistic	he942	530	0.331497	0.331497	1	1	12	0	0	0	0.331497	0	0
conventional	ce1174	530	0	31.191734	0	14	7	3.763677	3.827691	16.382054	7.218312	0	0
conventional	ce1175	531	0	29.070564	0	14	7	0.803305	3.222919	17.098454	7.945886	0.900449	0
conventional	ce1176	531	0	21.296139	0	14	7	4.224186	4.341855	8.437187	4.292911	1.923866	0
conventional	ce1177	531	0	27.595698	0	14	7	1.533140	3.448013	16.897286	5.717259	0.936682	0
holistic	he943	532	0	0	0	0	9	0	0	0	0	0	0
holistic	he944	532	0	0	0	0	8	0	0	0	0	0	0
holistic	he945	532	0	0	0	0	6	0	0	0	0	0	0
conventional	ce1178	532	0	40.038164	0	14	7	7.083328	5.092233	18.067434	9.795169	1.305082	0
holistic	he946	533	0	0	0	0	6	0	0	0	0	0	0
holistic	he947	533	0	0	0	0	4	0	0	0	0	0	0
holistic	he948	533	2.248775	2.812318	1	1	12	0	0	0	2.812318	0	0
conventional	ce1179	533	3.039401	36.850280	1	14	7	3.484482	1.173656	20.462792	11.729350	0.600173	0
conventional	ce1180	533	0	29.103320	0	14	7	3.372329	1.894209	20.564423	3.272359	0.379703	0
conventional	ce1181	533	0.135997	7.400385	1	14	7	1.031165	2.185274	1.861469	2.322477	1.371144	0
holistic	he949	534	0	0	0	0	10	0	0	0	0	0	0
conventional	ce1182	534	0	58.630230	0	14	7	7.457527	6.989017	33.202534	10.981152	0.414116	0
conventional	ce1183	534	0	28.777454	0	14	7	4.743319	5.921185	11.890592	6.222358	1.593738	0
conventional	ce1184	535	0	46.050990	0	14	7	0.152410	4.480982	31.494020	9.923578	0	0
holistic	he950	536	0	0	0	0	16	0	0	0	0	0	0
holistic	he951	536	2.243112	2.821515	1	1	6	0	0	0	2.821515	0	0
holistic	he952	536	0	0	0	0	8	0	0	0	0	0	0
conventional	ce1185	536	0	41.674082	0	14	7	8.285974	6.138412	17.126683	10.123013	1.305082	0
conventional	ce1186	536	0	40.906624	0	14	7	3.864956	6.256667	23.442885	7.342116	0.762425	0
holistic	he953	537	0	0	0	0	6	0	0	0	0	0	0
conventional	ce1187	537	0.125772	37.293836	1	14	7	1.888063	6.866610	20.986048	7.553115	2.282875	0
conventional	ce1188	537	0	25.439888	0	14	7	2.161563	4.160984	14.146522	4.970819	0	0
conventional	ce1189	537	0	31.036018	0	14	7	1.613068	6.353226	17.079999	5.989725	1.056598	0
holistic	he954	538	0	0	0	0	6	0	0	0	0	0	0
holistic	he955	538	0	0	0	0	8	0	0	0	0	0	0
holistic	he956	538	0	0	0	0	6	0	0	0	0	0	0
conventional	ce1190	539	0	28.740730	0	14	7	2.382035	2.958473	18.096923	5.303299	0	0
conventional	ce1191	539	0	29.178282	0	14	7	0.608412	3.643446	19.665849	5.260575	0	0
conventional	ce1192	539	0	34.576913	0	14	7	2.553528	3.564951	20.844016	7.614418	0	0
conventional	ce1193	540	0	36.221444	0	14	7	3.691465	4.637202	20.696493	7.196284	0.379703	0
conventional	ce1194	540	0	18.047770	0	14	7	2.170497	1.044852	7.822813	7.009608	1.493354	0
holistic	he957	541	0	0	0	0	6	0	0	0	0	0	0
conventional	ce1195	541	0	48.793253	0	14	7	12.619188	3.274005	24.484516	8.415544	0.272234	0
conventional	ce1196	541	0	28.987795	0	14	7	2.206126	1.967958	16.618803	8.194908	0.407607	0
holistic	he958	542	0	0	0	0	8	0	0	0	0	0	0
holistic	he959	542	0	0	0	0	8	0	0	0	0	0	0
conventional	ce1197	542	0	26.834148	0	14	7	1.472720	2.038459	15.170634	8.152335	0.683195	0
conventional	ce1198	542	0	42.275598	0	14	7	7.489291	6.227278	18.107851	10.451178	0.244087	0
conventional	ce1199	542	0	42.025949	0	14	7	6.520734	6.147463	22.800125	6.557627	0	0
conventional	ce1200	542	0	25.743930	0	14	7	3.682324	9.234481	8.718953	4.108172	1.469190	0
conventional	ce1201	542	0	48.513941	0	14	7	15.084448	5.513702	17.983939	9.931852	0.356653	0
conventional	ce1202	542	0	42.037361	0	14	7	7.337296	5.392016	20.724449	8.583600	0	0
conventional	ce1203	542	0.796642	26.596557	1	14	7	0.664171	2.602022	16.726082	6.604282	0	0
conventional	ce1204	543	0	50.774435	0	14	7	4.685092	6.918940	23.972380	15.198023	1.841434	0
conventional	ce1205	543	0	30.408080	0	14	7	0.161291	4.614949	19.812014	5.819826	0	0
conventional	ce1206	543	0	34.915142	0	14	7	4.628418	6.050751	19.111813	5.124160	0	0
holistic	he960	544	0	0	0	0	4	0	0	0	0	0	0
conventional	ce1207	544	0	28.933050	0	14	7	1.481530	6.635300	15.653773	5.162447	0.515280	0
conventional	ce1208	544	0	41.128172	0	14	7	3.616276	3.270890	19.373519	14.867487	0	0
conventional	ce1209	545	0	29.829014	0	14	7	3.988810	2.525767	17.215096	6.099341	0	0
conventional	ce1210	545	0	26.757840	0	14	7	0.703464	4.295633	13.226839	8.531904	1.050574	0
conventional	ce1211	545	0	29.486190	0	14	7	2.300382	4.646597	15.831394	6.707817	0.379703	0
conventional	ce1212	546	2.719476	35.696441	1	14	7	2.456770	4.161337	27.352313	1.726021	0.285203	0
conventional	ce1213	547	0	53.497791	0	14	7	10.755879	10.595836	21.090496	11.055580	0	0
conventional	ce1214	547	0	28.091346	0	14	7	2.645798	6.779693	14.425173	4.240682	0.836294	0
conventional	ce1215	547	0	42.470950	0	14	7	7.225289	4.346177	22.900190	7.999294	0.113453	0
conventional	ce1216	547	0	13.187957	0	14	7	3.011655	1.798184	5.386858	2.991260	1.052425	0
conventional	ce1217	547	0	54.135667	0	14	7	10.575997	8.476682	25.133364	9.949624	1.334784	0
conventional	ce1218	548	0	29.482598	0	14	7	0.894191	5.615282	17.644619	5.328506	0.900449	0
conventional	ce1219	548	0	34.330751	0	14	7	1.096464	5.848219	23.662559	3.723509	0	0
holistic	he961	549	0	0	0	0	36	0	0	0	0	0	0
conventional	ce1220	549	0	16.765470	0	14	7	2.938797	3.419306	6.013189	4.394178	1.371144	0
conventional	ce1221	549	0	54.584104	0	14	7	4.230206	6.871031	33.465060	10.017807	3.167892	0
conventional	ce1222	549	0	53.872581	0	14	7	5.464503	6.877849	32.585007	8.945222	0	0
conventional	ce1223	550	0	54.501942	0	14	7	14.095295	4.963118	27.425796	8.017733	0.752449	0
conventional	ce1224	550	0.912671	27.337131	1	14	7	1.188433	5.326410	14.833771	5.988517	0.126493	0
holistic	he962	551	0	0.099399	0	2	8	0	0	0	0.099399	0	0
conventional	ce1225	551	0	18.875961	0	14	7	2.503054	3.590254	8.574024	4.208629	0	0
conventional	ce1226	551	0.535372	28.771190	1	14	7	0.979933	4.533928	17.571311	5.686018	0	0
holistic	he963	552	0	0	0	0	14	0	0	0	0	0	0
holistic	he964	552	0	0	0	0	6	0	0	0	0	0	0
holistic	he965	552	0	0	0	0	12	0	0	0	0	0	0
conventional	ce1227	552	0	30.124040	0	14	7	1.144354	4.368729	18.273583	6.337374	1.383847	0
conventional	ce1228	552	2.719476	42.117535	1	14	7	5.095750	4.243814	28.817841	3.960130	0.285203	0
conventional	ce1229	553	0	10.994887	0	14	7	2.482498	1.365502	4.244921	2.901966	1.142028	0
conventional	ce1230	554	0	26.898076	0	14	7	2.785748	3.550542	16.002527	4.559259	1.371144	0
conventional	ce1231	554	2.719476	38.517586	1	14	7	4.137769	5.296542	24.329516	4.753759	0.217981	0
holistic	he966	555	0	0	0	0	24	0	0	0	0	0	0
conventional	ce1232	555	0	26.667177	0	14	7	1.101793	2.403643	15.929105	7.232636	1.104010	0
conventional	ce1233	555	2.982417	33.316268	1	14	7	3.446694	3.936775	22.894506	3.038293	0.285203	0
conventional	ce1234	556	0	29.084448	0	14	7	2.381144	2.082539	18.124166	6.496599	0	0
conventional	ce1235	556	0	30.821269	0	14	7	0.624634	5.876511	17.433125	6.886999	1.102948	0
conventional	ce1236	557	0	38.770122	0	14	7	3.603631	6.377903	19.289628	9.498960	0	0
holistic	he967	558	0	0	0	0	12	0	0	0	0	0	0
conventional	ce1237	558	0	35.806840	0	14	7	2.599073	5.059070	22.794524	5.354173	0.430294	0
conventional	ce1238	558	0.796642	29.547119	1	14	7	0.141932	5.032652	17.954674	6.417861	0.509299	0
holistic	he968	559	0	0	0	0	14	0	0	0	0	0	0
holistic	he969	559	0	0	0	0	4	0	0	0	0	0	0
holistic	he970	560	0	0	0	0	9	0	0	0	0	0	0
holistic	he971	561	0	0	0	0	13	0	0	0	0	0	0
holistic	he972	561	0	0	0	0	6	0	0	0	0	0	0
conventional	ce1239	561	0	26.605370	0	14	7	4.173176	3.103183	15.075739	4.253272	1.557859	0
holistic	he973	562	0	0	0	0	4	0	0	0	0	0	0
conventional	ce1240	562	0	34.126188	0	14	7	3.592254	6.585126	18.489294	5.459514	0	0
conventional	ce1241	562	0	61.063065	0	14	7	8.834619	7.631965	33.886629	10.709852	0.414116	0
holistic	he974	563	0.331497	0.331497	1	1	12	0	0	0	0.331497	0	0
holistic	he975	564	0	0	0	0	14	0	0	0	0	0	0
conventional	ce1242	564	0	29.675778	0	14	7	1.733801	3.331723	17.260912	7.349342	0	0
conventional	ce1243	564	0	16.947510	0	14	7	2.318008	3.411800	7.425723	3.791979	0.379703	0
holistic	he976	565	0	0	0	0	12	0	0	0	0	0	0
holistic	he977	565	0	0	0	0	9	0	0	0	0	0	0
holistic	he978	566	0	0	0	0	8	0	0	0	0	0	0
conventional	ce1244	566	0	23.903304	0	14	7	3.159674	1.727855	13.686689	5.329086	0	0
conventional	ce1245	566	0	16.648753	0	14	7	2.882148	5.865876	4.254921	3.645808	1.469190	0
conventional	ce1246	566	0.621798	30.324942	1	14	7	2.005903	5.715940	14.343638	8.259461	0.126493	0
holistic	he979	567	0.093715	0.860872	1	2	12	0	0	0	0.860872	0	0
holistic	he980	567	0	0	0	0	12	0	0	0	0	0	0
holistic	he981	567	0	0	0	0	4	0	0	0	0	0	0
holistic	he982	569	0	0	0	0	14	0	0	0	0	0	0
holistic	he983	570	0	0	0	0	4	0	0	0	0	0	0
holistic	he984	570	0	0	0	0	8	0	0	0	0	0	0
holistic	he985	570	0	0	0	0	9	0	0	0	0	0	0
conventional	ce1247	570	2.719476	42.976056	1	14	7	2.359988	4.919142	31.629221	4.067705	0.285203	0
holistic	he986	571	0	0	0	0	2	0	0	0	0	0	0
conventional	ce1248	571	0	35.731698	0	14	7	1.359933	6.552577	24.470642	3.348546	0	0
conventional	ce1249	571	1.044786	39.877652	1	14	7	5.604906	6.429085	18.671202	9.172459	0	0
holistic	he987	572	0	0	0	0	12	0	0	0	0	0	0
conventional	ce1250	573	0	54.171317	0	14	7	9.805230	7.853434	23.053547	13.459106	0.282932	0
holistic	he988	574	0	0	0	0	10	0	0	0	0	0	0
holistic	he989	574	0	0	0	0	9	0	0	0	0	0	0
holistic	he990	574	0	0	0	0	6	0	0	0	0	0	0
conventional	ce1251	574	0	25.073415	0	14	7	4.981496	1.311489	15.352190	3.428240	0.379703	0
conventional	ce1252	575	0	29.063351	0	14	7	4.155739	3.775011	15.249377	5.883224	1.557859	0
conventional	ce1253	575	2.405798	29.986904	1	14	7	3.034567	4.027859	20.613733	2.310745	0.285203	0
holistic	he991	576	0	0	0	0	9	0	0	0	0	0	0
holistic	he992	576	0.011634	0.011634	1	1	12	0	0	0	0.011634	0	0
conventional	ce1254	576	1.044786	26.636135	1	14	7	2.943481	2.125914	13.815489	7.751251	0	0
conventional	ce1255	576	0	25.913004	0	14	7	4.828279	7.895544	9.993602	3.195579	1.469190	0
holistic	he993	577	0	0	0	0	8	0	0	0	0	0	0
holistic	he994	577	0	0	0	0	8	0	0	0	0	0	0
holistic	he995	577	0	0	0	0	14	0	0	0	0	0	0
conventional	ce1256	577	0	29.043118	0	14	7	3.616150	0.527079	19.745105	5.154784	0	0
conventional	ce1257	577	0	59.736254	0	14	7	8.023469	7.920086	32.430544	11.362155	0	0
holistic	he996	578	0	0	0	0	9	0	0	0	0	0	0
holistic	he997	578	0	0	0	0	14	0	0	0	0	0	0
holistic	he998	578	0	0	0	0	4	0	0	0	0	0	0
holistic	he999	579	0.011634	0.011634	1	1	12	0	0	0	0.011634	0	0
holistic	he1000	579	0	0	0	0	9	0	0	0	0	0	0
conventional	ce1258	579	0	25.754788	0	14	7	3.227556	2.862147	14.123887	5.541198	0	0
conventional	ce1259	579	0	29.846556	0	14	7	2.433356	4.310053	18.361753	4.741394	0.530811	0
conventional	ce1260	579	0	59.727958	0	14	7	13.387153	7.629822	27.275889	11.435094	0.752449	0
holistic	he1001	580	0	0	0	0	8	0	0	0	0	0	0
conventional	ce1261	580	0.796642	31.301834	1	14	7	4.737622	4.326327	16.542394	5.695491	0	0
holistic	he1002	581	0	0	0	0	16	0	0	0	0	0	0
conventional	ce1262	581	0	31.348699	0	14	7	4.164727	3.255745	20.044833	3.883394	1.263608	0
holistic	he1003	582	0	5.394570	0	15	14	0	5.394570	0	0	0	0
holistic	he1004	582	0	0.044588	0	2	8	0	0.044588	0	0	0	0
conventional	ce1263	582	0	22.523411	0	14	7	2.550216	4.992980	9.957355	5.022860	0	0
conventional	ce1264	582	0	42.391108	0	14	7	8.929074	6.250219	18.324289	8.887526	0	0
holistic	he1005	583	0	0	0	0	24	0	0	0	0	0	0
conventional	ce1265	583	0	26.087899	0	14	7	1.987808	5.135758	11.688965	7.275368	1.236674	0
conventional	ce1266	583	0	51.736660	0	14	7	4.450525	5.553282	30.147575	11.585278	0	0
holistic	he1006	584	0	0	0	0	8	0	0	0	0	0	0
conventional	ce1267	584	0	28.633166	0	14	7	0.950205	4.815798	17.963571	4.903592	0	0
conventional	ce1268	584	0	17.399444	0	14	7	3.238010	3.492642	5.910773	4.758019	1.371144	0
holistic	he1007	585	0.011634	0.011634	1	1	12	0	0	0	0.011634	0	0
holistic	he1008	585	0	0	0	0	4	0	0	0	0	0	0
holistic	he1009	585	2.243112	2.821515	1	1	6	0	0	0	2.821515	0	0
conventional	ce1269	585	0	34.187937	0	14	7	0.764231	3.542974	20.040076	9.840656	0	0
conventional	ce1270	586	0	29.176863	0	14	7	5.400468	5.590430	11.494978	6.690987	2.214301	0
holistic	he1010	587	0	0	0	0	9	0	0	0	0	0	0
conventional	ce1271	587	0	28.239215	0	14	7	0.833285	6.206328	14.864708	6.334894	1.104010	0
conventional	ce1272	587	0	23.739375	0	13	7	3.355609	8.840915	7.361598	4.181253	1.469190	0
holistic	he1011	588	0	0	0	0	18	0	0	0	0	0	0
conventional	ce1273	588	0	39.982365	0	14	7	8.080044	6.747016	18.141961	7.013344	0	0
holistic	he1012	589	0	0	0	0	4	0	0	0	0	0	0
holistic	he1013	589	1.694362	1.694362	1	1	8	0	0	0	1.694362	0	0
holistic	he1014	589	0.435120	0.435120	1	1	12	0	0	0	0.435120	0	0
holistic	he1015	590	0	0	0	0	12	0	0	0	0	0	0
holistic	he1016	590	0	0	0	0	8	0	0	0	0	0	0
holistic	he1017	590	0	0	0	0	4	0	0	0	0	0	0
holistic	he1018	590	0	0	0	0	6	0	0	0	0	0	0
conventional	ce1274	590	0	61.548853	0	14	7	6.808488	8.612311	34.202331	11.925723	1.469190	0
holistic	he1019	591	0	0	0	0	14	0	0	0	0	0	0
conventional	ce1275	591	0	22.758526	0	14	7	3.687060	4.094142	10.515528	4.461796	0.552207	0
conventional	ce1276	591	0	24.560408	0	13	7	3.210439	9.153193	7.759492	4.437284	1.469190	0
conventional	ce1277	591	0	29.844359	0	14	7	2.812583	3.888578	17.617777	5.525421	0	0
conventional	ce1278	591	0	44.709550	0	14	7	2.454382	4.831771	28.381500	9.041897	0	0
holistic	he1020	592	0	0	0	0	8	0	0	0	0	0	0
holistic	he1021	592	0	0	0	0	12	0	0	0	0	0	0
holistic	he1022	593	0	0.040942	0	2	8	0	0	0	0.040942	0	0
holistic	he1023	593	0	0	0	0	12	0	0	0	0	0	0
holistic	he1024	593	0	0	0	0	6	0	0	0	0	0	0
conventional	ce1279	593	0.068238	23.998244	1	13	7	4.120571	8.446469	7.617000	3.814204	1.469190	0
holistic	he1025	594	0	0	0	0	12	0	0	0	0	0	0
holistic	he1026	594	0	0	0	0	6	0	0	0	0	0	0
conventional	ce1280	594	0	33.188616	0	14	7	2.331122	9.170849	16.912253	4.774392	1.754055	0
conventional	ce1281	595	0	49.078170	0	14	7	4.750204	5.806828	28.355030	10.166108	1.059538	0
holistic	he1027	596	0	0	0	0	12	0	0	0	0	0	0
holistic	he1028	596	0	0	0	0	4	0	0	0	0	0	0
holistic	he1029	596	0	0	0	0	9	0	0	0	0	0	0
conventional	ce1282	596	0	28.849349	0	14	7	2.205399	4.030587	15.936357	6.677006	0	0
conventional	ce1283	596	0	27.393633	0	14	7	2.960842	2.803970	17.189471	4.439350	0	0
conventional	ce1284	596	2.480462	35.216006	1	14	7	4.699594	1.547462	24.430822	4.538128	0.005088	0
holistic	he1030	597	0	0	0	0	10	0	0	0	0	0	0
holistic	he1031	597	0	0	0	0	16	0	0	0	0	0	0
conventional	ce1285	597	0.796642	33.003964	1	14	7	0.183691	6.278945	18.837187	7.704141	1.083128	0
conventional	ce1286	597	0	22.765968	0	14	7	1.669487	2.711276	14.096698	4.288507	0	0
holistic	he1032	598	0.011634	0.011634	1	1	14	0	0	0	0.011634	0	0
holistic	he1033	598	0.340007	0.340007	1	1	12	0	0	0	0.340007	0	0
holistic	he1034	598	0.435120	0.435120	1	1	12	0	0	0	0.435120	0	0
holistic	he1035	599	2.075818	0.615906	2	2	14	0.615906	0	0	0	0	0
conventional	ce1287	599	0.796642	31.717632	1	14	7	1.050486	4.391759	19.615813	6.659574	0.509299	0
holistic	he1036	600	0	0	0	0	8	0	0	0	0	0	0
holistic	he1037	601	1.423136	3.985780	2	2	6	0	0	0	3.985780	0	0
holistic	he1038	601	0	0.567008	0	2	8	0	0	0	0.567008	0	0
conventional	ce1288	601	0	19.839448	0	13	7	3.150228	7.676008	5.386282	3.626930	1.469190	0
holistic	he1039	602	0	0	0	0	9	0	0	0	0	0	0
holistic	he1040	602	0	0	0	0	8	0	0	0	0	0	0
holistic	he1041	602	0	0	0	0	9	0	0	0	0	0	0
holistic	he1042	602	0	0	0	0	8	0	0	0	0	0	0
conventional	ce1289	602	0	29.761708	0	14	7	2.205559	3.573231	16.955414	7.027504	0	0
conventional	ce1290	602	0	25.595537	0	14	7	0.722586	2.872220	16.304407	5.696324	0	0
conventional	ce1291	602	0	34.445840	0	14	7	0.420618	4.502533	21.138821	8.383868	1.155842	0
conventional	ce1292	602	1.390081	27.335968	1	14	7	4.351041	5.001202	9.679642	8.304083	0	0
conventional	ce1293	603	0	13.539465	0	13	7	5.350954	2.070838	3.814634	2.303039	1.469190	0
conventional	ce1294	603	0	28.739006	0	14	7	1.471933	3.993197	19.860300	3.413576	0	0
conventional	ce1295	603	0	50.572451	0	14	7	10.481441	3.779137	31.122119	5.189754	0	0
conventional	ce1296	603	0	28.809072	0	14	7	4.267607	3.209204	15.979754	5.352507	1.557859	0
holistic	he1043	604	0	0	0	0	8	0	0	0	0	0	0
holistic	he1044	605	0	0	0	0	8	0	0	0	0	0	0
conventional	ce1297	605	1.044786	39.289856	1	14	7	5.840170	6.222429	17.993727	9.233530	0	0
conventional	ce1298	605	0	31.767493	0	14	7	1.801786	3.902998	18.378435	7.684274	1.078852	0
conventional	ce1299	605	2.584328	42.274728	1	14	7	1.696830	6.245496	30.258755	4.073647	0.285203	0
conventional	ce1300	606	0	35.074937	0	14	7	10.373597	1.712855	17.862505	5.125980	0	0
conventional	ce1301	606	1.044786	30.130535	1	14	7	4.857225	3.482096	12.651395	9.139819	0	0
conventional	ce1302	606	0.770028	24.192381	1	14	7	1.685582	4.438155	12.893427	5.175217	0.535597	0
conventional	ce1303	607	1.044786	41.723740	1	14	7	4.203846	8.096170	20.277736	9.145988	0	0
conventional	ce1304	607	0	49.941957	0	14	7	5.464503	8.538818	27.095324	8.843312	0	0
conventional	ce1305	607	0	29.268892	0	14	7	1.128414	3.857684	20.893690	3.389104	0	0
holistic	he1045	608	0	0	0	0	12	0	0	0	0	0	0
conventional	ce1306	608	0	32.743022	0	14	7	0.817969	5.981269	18.351114	7.592670	1.102948	0
conventional	ce1307	608	0.068238	23.944051	1	8	7	4.280605	8.613185	8.053394	2.996867	1.469190	0
conventional	ce1308	608	0	30.501315	0	14	7	1.884915	4.289947	20.502384	3.824069	0.150803	0
conventional	ce1309	609	0	16.964555	0	14	7	2.525670	4.045583	6.531145	3.862157	0.379703	0
conventional	ce1310	609	0	28.715883	0	14	7	3.172886	2.232440	19.270394	4.040163	0	0
conventional	ce1311	610	0	22.961431	0	14	7	2.501685	5.582617	10.430812	4.446317	0	0
conventional	ce1312	610	0	29.594310	0	14	7	5.361209	2.297365	18.011647	3.924089	3.341787	0
conventional	ce1313	610	0	8.967022	0	14	7	2.575354	2.681216	3.142843	0.567609	1.469190	0
holistic	he1046	611	0	0	0	0	12	0	0	0	0	0	0
conventional	ce1314	611	0	33.757232	0	14	7	1.183541	3.007400	20.628771	8.937520	1.220855	0
conventional	ce1315	611	0	28.081196	0	14	7	2.822279	4.129013	13.089293	8.040611	0	0
conventional	ce1316	611	0	32.862367	0	14	7	4.675013	2.911137	21.928847	3.347370	1.263608	0
conventional	ce1317	611	0	28.465377	0	14	7	1.080250	5.291174	18.861920	3.232033	0	0
holistic	he1047	612	0	0	0	0	8	0	0	0	0	0	0
holistic	he1048	612	0	0	0	0	20	0	0	0	0	0	0
conventional	ce1318	612	0	32.918015	0	14	7	1.259123	3.560646	20.338851	7.759395	0	0
conventional	ce1319	612	0	24.897060	0	14	7	1.116645	2.311452	13.989011	7.479952	1.673727	0
conventional	ce1320	613	0	32.410623	0	14	7	1.824615	4.183945	18.953902	7.448161	1.078852	0
conventional	ce1321	614	0.068238	18.246368	1	14	7	2.307425	6.766128	5.051700	4.121115	1.469190	0
holistic	he1049	615	0.435120	0.435120	1	1	12	0	0	0	0.435120	0	0
holistic	he1050	615	0.093715	0.868645	1	2	12	0	0	0	0.868645	0	0
conventional	ce1322	615	0	31.637573	0	14	7	3.677124	4.348422	17.895827	5.716200	1.557859	0
conventional	ce1323	615	0	36.526539	0	14	7	3.575017	4.396674	22.238005	6.316843	1.070513	0
conventional	ce1324	615	1.044786	31.441555	1	14	7	4.846970	3.840770	14.229939	8.523876	0	0
holistic	he1051	616	0	0.149384	0	8	15	0	0	0	0.149384	0	0
conventional	ce1325	616	0	32.788402	0	14	7	2.079063	2.503353	23.304445	4.901541	0.502697	0
conventional	ce1326	616	1.062398	43.581098	1	14	7	3.795482	10.165718	20.296083	9.323815	0	0
conventional	ce1327	616	1.044786	28.479686	1	14	7	4.117800	3.462341	17.691909	3.207636	0	0
conventional	ce1328	617	0.243770	44.641423	1	14	7	8.615163	1.404852	31.228448	3.392960	1.469190	0
holistic	he1052	618	0.396458	0.396458	1	2	12	0	0	0	0.396458	0	0
conventional	ce1329	618	1.044786	26.512880	1	14	7	4.568048	3.511558	16.749701	1.683573	0	0
conventional	ce1330	618	3.060504	39.365890	1	14	7	2.157590	3.369344	27.001704	6.837252	0.354823	0
conventional	ce1331	618	0	70.950084	0	14	7	7.403511	11.411609	33.914779	18.220185	0	0
holistic	he1053	619	0	0	0	0	9	0	0	0	0	0	0
conventional	ce1332	619	0	35.713797	0	14	7	1.967597	5.436513	20.418368	7.891319	0	0
holistic	he1054	620	0.093715	1.300229	1	2	12	0	0	0	1.300229	0	0
holistic	he1055	620	0	0	0	0	14	0	0	0	0	0	0
conventional	ce1333	620	0	35.086139	0	14	7	4.389560	2.010834	25.564099	3.121646	0	0
conventional	ce1334	620	0.296805	35.407735	1	14	7	4.807866	4.196946	18.839846	7.563077	2.847731	0
conventional	ce1335	621	0	33.048314	0	14	7	4.010824	7.842141	15.899515	5.295834	0	0
conventional	ce1336	621	0	28.462111	0	14	7	3.349194	3.466550	16.360799	5.285568	0	0
holistic	he1056	622	0	0	0	0	8	0	0	0	0	0	0
conventional	ce1337	622	1.044786	29.054851	1	14	7	3.146746	3.767245	18.884853	3.256007	0	0
holistic	he1057	623	0	0	0	0	12	0	0	0	0	0	0
holistic	he1058	623	0	0	0	0	12	0	0	0	0	0	0
conventional	ce1338	624	0	68.265635	0	14	7	8.646228	10.304373	34.541047	14.773987	0	0
conventional	ce1339	624	0	26.879901	0	14	7	4.075486	1.749045	13.308701	7.746669	0	0
holistic	he1059	625	0	0	0	0	8	0	0	0	0	0	0
holistic	he1060	625	0.093715	0.868645	1	2	8	0	0	0	0.868645	0	0
holistic	he1061	626	0.283079	0.283079	1	1	12	0	0	0	0.283079	0	0
conventional	ce1340	626	1.044786	29.210369	1	14	7	0.865816	3.243428	14.007040	11.094085	0	0
conventional	ce1341	626	0	25.859296	0	14	7	2.468806	3.990398	14.399867	5.000225	0	0
conventional	ce1342	626	0	34.228275	0	14	7	2.565694	7.131582	14.691473	9.839526	0	0
holistic	he1062	627	0	0	0	0	6	0	0	0	0	0	0
holistic	he1063	627	0.011634	0.011634	1	1	12	0	0	0	0.011634	0	0
holistic	he1064	627	0	0	0	0	6	0	0	0	0	0	0
conventional	ce1343	627	0	66.228718	0	14	7	8.220178	10.224674	30.858996	16.924870	0	0
conventional	ce1344	627	0	25.688333	0	13	7	3.405702	9.066759	9.105682	4.110190	1.469190	0
holistic	he1065	628	0	0	0	0	14	0	0	0	0	0	0
holistic	he1066	628	0.011634	0.011634	1	1	12	0	0	0	0.011634	0	0
conventional	ce1345	628	0	22.605121	0	13	7	3.295763	8.045918	8.355766	2.907674	1.469190	0
holistic	he1067	629	0	0	0	0	8	0	0	0	0	0	0
holistic	he1068	629	0	0	0	0	4	0	0	0	0	0	0
conventional	ce1346	629	0	24.247945	0	14	7	3.094272	3.239546	14.765292	3.148835	1.493841	0
holistic	he1069	630	0	0	0	0	14	0	0	0	0	0	0
conventional	ce1347	630	0	23.723344	0	14	7	2.314361	2.662772	13.531610	5.214601	0	0
holistic	he1070	631	0	0	0	0	24	0	0	0	0	0	0
conventional	ce1348	631	0	36.200145	0	14	7	1.406549	3.881048	27.258022	3.654526	0	0
conventional	ce1349	631	0	34.775135	0	14	7	0.666177	2.142986	22.162863	9.803109	0	0
holistic	he1071	632	0	0	0	0	8	0	0	0	0	0	0
conventional	ce1350	633	0	31.587983	0	14	7	0.564029	6.144726	18.046448	6.832780	1.102948	0
conventional	ce1351	635	0	29.974984	0	14	7	2.488560	4.603951	16.716281	6.166192	0	0
conventional	ce1352	635	0	33.996193	0	14	7	2.175040	3.606975	17.798304	10.415874	1.465897	0
holistic	he1072	636	0	0	0	0	4	0	0	0	0	0	0
holistic	he1073	636	0	0	0	0	4	0	0	0	0	0	0
holistic	he1074	636	0.093715	3.831147	1	2	12	0	0	0	3.831147	0	0
conventional	ce1353	636	0	22.318713	0	13	7	1.970986	8.328033	8.132310	3.887384	1.469190	0
conventional	ce1354	636	0	27.052778	0	14	7	1.552131	3.693883	14.402446	7.404318	0.895952	0
holistic	he1075	637	2.075818	2.075818	2	2	12	2.075818	0	0	0	0	0
holistic	he1076	637	0.340007	0.340007	1	1	8	0	0	0	0.340007	0	0
conventional	ce1355	637	1.044786	28.982077	1	14	7	0.678981	5.978465	15.668437	6.656194	0	0
conventional	ce1356	637	0	33.727012	0	14	7	9.332379	1.678991	16.898842	5.816800	0	0
conventional	ce1357	637	0	22.382605	0	14	7	1.215192	2.763897	14.677103	3.726413	0	0
holistic	he1077	638	0	0	0	0	8	0	0	0	0	0	0
holistic	he1078	638	0	0	0	0	18	0	0	0	0	0	0
holistic	he1079	638	0	0	0	0	16	0	0	0	0	0	0
conventional	ce1358	638	0	26.435834	0	14	7	2.527749	2.098520	15.226813	6.582752	0	0
holistic	he1080	639	0	0	0	0	8	0	0	0	0	0	0
holistic	he1081	639	0.396458	2.383591	1	3	12	0	0	0	2.383591	0	0
holistic	he1082	639	2.075818	2.075818	2	2	10	2.075818	0	0	0	0	0
conventional	ce1359	639	0	21.268507	0	14	7	2.918651	1.864270	12.077090	4.408496	0	0
conventional	ce1360	639	0	31.911050	0	14	7	3.971187	4.023548	17.023809	6.892506	2.255587	0
holistic	he1083	640	0.435120	0.435120	1	1	12	0	0	0	0.435120	0	0
holistic	he1084	640	0	0	0	0	4	0	0	0	0	0	0
holistic	he1085	641	0	0	0	0	8	0	0	0	0	0	0
holistic	he1086	641	0	0	0	0	12	0	0	0	0	0	0
conventional	ce1361	641	0	26.459887	0	13	7	4.102579	9.686559	8.125945	4.544804	1.469190	0
holistic	he1087	642	0	0	0	0	18	0	0	0	0	0	0
conventional	ce1362	642	0	24.741697	0	14	7	2.522426	2.959221	15.385299	3.874751	0.762806	0
conventional	ce1363	642	0	31.314615	0	14	7	2.201873	2.858600	16.583858	9.670284	1.214836	0
conventional	ce1364	642	0.068238	21.369869	1	14	7	3.786632	3.478825	6.551240	7.553172	1.205757	0
holistic	he1088	643	0	0	0	0	21	0	0	0	0	0	0
conventional	ce1365	643	0	46.885227	0	14	7	8.758686	10.372052	24.850240	2.904249	0	0
conventional	ce1366	643	0.068238	23.491102	1	13	7	4.013030	8.082830	7.116450	4.278792	1.469190	0
holistic	he1089	644	2.075818	0.615906	2	2	14	0.615906	0	0	0	0	0
conventional	ce1367	644	0	23.371757	0	14	7	1.758445	2.976955	13.643919	4.992438	0	0
conventional	ce1368	644	0	25.442121	0	13	7	4.086186	9.521643	7.648474	4.185818	0	0
holistic	he1090	645	0.020253	3.717179	1	2	12	0	0	0	3.717179	0	0
holistic	he1091	645	0.093715	1.300229	1	2	12	0	0	0	1.300229	0	0
holistic	he1092	645	0	0	0	0	6	0	0	0	0	0	0
conventional	ce1369	645	1.044786	30.480865	1	14	7	4.674578	3.179466	13.651092	8.975729	0	0
conventional	ce1370	646	0	23.493368	0	14	7	1.169853	2.723535	16.913626	2.686354	0	0
holistic	he1093	647	0	0	0	0	18	0	0	0	0	0	0
holistic	he1094	647	0	0	0	0	8	0	0	0	0	0	0
conventional	ce1371	647	0	30.030112	0	14	7	0.161771	4.473530	20.150804	5.244007	0	0
conventional	ce1372	647	0	47.864854	0	14	7	12.490749	2.973853	22.496256	9.903996	0	0
conventional	ce1373	647	0.770028	27.479125	1	14	7	1.905026	5.460508	14.965808	5.147783	1.356073	0
holistic	he1095	648	0.425829	0.425829	1	1	12	0	0	0	0.425829	0	0
holistic	he1096	648	0	0	0	0	18	0	0	0	0	0	0
conventional	ce1374	648	0	18.583286	0	14	7	0.893128	3.818143	9.087621	4.784394	0	0
holistic	he1097	649	0	0	0	0	4	0	0	0	0	0	0
holistic	he1098	649	0.093715	3.831147	1	2	12	0	0	0	3.831147	0	0
conventional	ce1375	649	0	32.509934	0	14	7	1.726874	4.040614	18.902882	7.839564	1.078852	0
holistic	he1099	650	0	0	0	0	12	0	0	0	0	0	0
holistic	he1100	650	0	0	0	0	8	0	0	0	0	0	0
conventional	ce1376	650	0	44.692704	0	14	7	11.522355	1.851896	28.646610	2.671843	0	0
conventional	ce1377	650	0	25.529993	0	14	7	1.792263	3.234246	14.314974	6.188510	0	0
holistic	he1101	651	0.093715	1.300229	1	2	12	0	0	0	1.300229	0	0
holistic	he1102	651	0	0	0	0	14	0	0	0	0	0	0
conventional	ce1378	651	0	30.262559	0	14	7	1.629345	4.093301	17.588890	6.951023	0	0
conventional	ce1379	651	0	25.092084	0	14	7	1.429129	1.929001	15.602023	6.131931	0	0
conventional	ce1380	651	0	56.692092	0	14	7	10.794902	4.179780	32.321293	9.396117	0	0
holistic	he1103	652	0	0	0	0	11	0	0	0	0	0	0
holistic	he1104	652	0	0	0	0	12	0	0	0	0	0	0
holistic	he1105	653	0	0	0	0	24	0	0	0	0	0	0
holistic	he1106	653	0.273645	0.273645	1	1	8	0	0	0	0.273645	0	0
holistic	he1107	653	0	0	0	0	8	0	0	0	0	0	0
conventional	ce1381	653	0.068238	24.479200	1	13	7	4.013030	7.987600	8.269524	4.209046	1.469190	0
conventional	ce1382	653	0	23.580145	0	14	7	1.638968	1.376479	16.371362	4.193336	0	0
conventional	ce1383	653	0	31.728836	0	14	7	3.201920	3.918750	17.095404	7.512762	0	0
holistic	he1108	654	0	0	0	0	18	0	0	0	0	0	0
holistic	he1109	654	0	0	0	0	8	0	0	0	0	0	0
holistic	he1110	654	0.257093	1.463607	1	2	12	0	0	0	1.463607	0	0
holistic	he1111	655	0	0	0	0	8	0	0	0	0	0	0
conventional	ce1384	655	0	34.411701	0	14	7	3.575303	5.978884	18.961436	5.896078	0	0
conventional	ce1385	655	2.584328	47.766452	1	14	7	2.015262	5.650697	37.234864	2.865629	0.285203	0
holistic	he1112	656	0	0	0	0	8	0	0	0	0	0	0
holistic	he1113	656	0	1.206514	0	2	12	0	0	0	1.206514	0	0
holistic	he1114	656	0	0	0	0	16	0	0	0	0	0	0
conventional	ce1386	656	0	25.347991	0	14	7	1.976872	3.755211	14.181381	5.434527	0	0
conventional	ce1387	656	0	50.132319	0	14	7	13.680671	0.937980	25.576657	9.937011	0	0
holistic	he1115	657	0	0	0	0	8	0	0	0	0	0	0
conventional	ce1388	657	0	22.943644	0	14	7	1.673087	1.950241	14.715045	4.605271	0.728021	0
conventional	ce1389	657	0	26.291874	0	14	7	3.648942	3.594622	12.528618	6.519692	0	0
holistic	he1116	658	0.262036	0.262036	1	1	8	0	0	0	0.262036	0	0
holistic	he1117	658	0	1.159542	0	1	4	0	0	0	1.159542	0	0
holistic	he1118	658	0	0.076238	0	2	12	0	0	0	0.076238	0	0
holistic	he1119	659	0.340007	0.340007	1	1	6	0	0	0	0.340007	0	0
holistic	he1120	659	0	0	0	0	14	0	0	0	0	0	0
holistic	he1121	660	0	0	0	0	8	0	0	0	0	0	0
conventional	ce1390	660	1.044786	29.475358	1	14	7	2.581674	5.010790	17.738787	4.144107	2.141731	0
holistic	he1122	661	0.093715	3.831147	1	2	12	0	0	0	3.831147	0	0
holistic	he1123	661	0	0.084817	0	2	4	0	0	0	0.084817	0	0
holistic	he1124	662	3.858956	8.507288	2	6	12	0	0	0	8.507288	0	0
holistic	he1125	662	0	0	0	0	2	0	0	0	0	0	0
holistic	he1126	662	0	0	0	0	4	0	0	0	0	0	0
conventional	ce1391	662	0	35.859224	0	14	7	0.982772	4.504642	20.717100	9.654710	0	0
conventional	ce1392	662	0.770028	26.114257	1	14	7	3.543700	8.100003	10.072620	4.397934	0	0
holistic	he1127	663	0.020253	0.020253	1	1	12	0	0	0	0.020253	0	0
holistic	he1128	663	0	0	0	0	12	0	0	0	0	0	0
conventional	ce1393	663	0	21.345173	0	13	7	3.176929	6.756957	7.647599	3.763688	1.650152	0
conventional	ce1394	663	0	37.169033	0	14	7	11.481298	1.654135	19.473443	4.560157	0	0
holistic	he1129	664	0	0.152476	0	4	18	0	0	0	0.152476	0	0
holistic	he1130	664	0	0	0	0	4	0	0	0	0	0	0
holistic	he1131	664	0	0	0	0	9	0	0	0	0	0	0
conventional	ce1395	664	0	21.365552	0	12	7	4.130749	6.327429	6.321805	4.585569	1.469190	0
holistic	he1132	665	0	0	0	0	12	0	0	0	0	0	0
holistic	he1133	665	0.324158	0.324158	1	1	12	0	0	0	0.324158	0	0
conventional	ce1396	665	0	27.596843	0	14	7	3.346263	2.787988	16.002476	5.460116	0	0
conventional	ce1397	665	0.770028	26.683203	1	14	7	4.472752	5.778839	11.422354	5.009258	0.263034	0
conventional	ce1398	665	0	55.517733	0	14	7	3.816627	12.924048	29.524635	9.252423	0	0
holistic	he1134	666	0.261516	0.261516	1	1	8	0	0	0	0.261516	0	0
holistic	he1135	666	0	0.233867	0	2	12	0	0	0	0.233867	0	0
holistic	he1136	666	0	0	0	0	8	0	0	0	0	0	0
conventional	ce1399	666	1.044786	29.834039	1	14	7	1.754542	6.006689	16.964248	5.108560	2.141731	0
conventional	ce1400	666	0	32.366527	0	14	7	3.727047	4.325802	18.614445	5.699233	1.471221	0
conventional	ce1401	666	0	17.333454	0	14	7	0.684602	3.409752	9.664475	3.574625	0	0
holistic	he1137	667	0	0	0	0	12	0	0	0	0	0	0
holistic	he1138	667	0.444386	1.900312	1	2	12	0	0	0	1.900312	0	0
conventional	ce1402	667	0	32.093852	0	14	7	2.956731	4.007278	20.209640	4.920203	1.493841	0
conventional	ce1403	667	1.062398	44.035156	1	14	7	3.620540	10.413297	18.870881	11.130438	0.502955	0
conventional	ce1404	667	0	20.769540	0	13	7	3.690782	5.600646	7.977587	3.500525	0	0
holistic	he1139	668	0	0	0	0	12	0	0	0	0	0	0
holistic	he1140	668	0.261516	0.661302	1	2	8	0	0	0	0.661302	0	0
conventional	ce1405	668	0.770028	29.027901	1	14	7	4.026369	6.561957	12.468319	5.971256	1.356073	0
conventional	ce1406	668	0	50.990690	0	14	7	12.305535	3.651257	24.725181	10.308717	0	0
conventional	ce1407	668	1.118839	56.347832	1	14	7	13.914343	2.273601	25.152425	15.007463	0	0
conventional	ce1408	669	0	32.816524	0	14	7	3.854093	5.556242	15.427595	7.978594	0.731301	0
conventional	ce1409	669	0	43.662101	0	14	7	11.828318	1.641653	26.847115	3.345015	0	0
conventional	ce1410	669	0	45.516772	0	14	7	7.981356	9.639245	24.452213	3.443958	0	0
conventional	ce1411	669	0.068238	27.256107	1	13	7	4.468366	9.125126	8.855287	4.807328	1.469190	0
conventional	ce1412	669	0	33.358024	0	14	7	1.581725	5.772244	15.830139	10.173916	0.895952	0
conventional	ce1413	669	0	30.377484	0	14	7	1.793089	2.886918	17.235476	8.462001	0	0
conventional	ce1414	669	0	40.980125	0	14	7	4.104130	6.146457	23.300447	7.429091	1.471221	0
conventional	ce1415	671	0	28.095626	0	14	7	1.860686	2.581617	15.897470	7.755853	0	0
conventional	ce1416	671	0	43.524299	0	14	7	6.306630	2.340165	28.495517	6.381987	0	0
conventional	ce1417	671	0	34.137979	0	14	7	1.594775	4.629988	18.718116	9.195100	0.895952	0
holistic	he1141	672	0	0	0	0	2	0	0	0	0	0	0
conventional	ce1418	672	0	20.339119	0	14	7	3.214827	2.216220	9.984666	4.923406	0	0
conventional	ce1419	673	1.044786	28.849124	1	14	7	4.239193	4.520903	17.400743	2.688285	0	0
conventional	ce1420	673	0	21.853581	0	13	7	2.717161	6.810770	8.358245	3.967405	0	0
conventional	ce1421	673	0	24.441689	0	14	7	1.926526	3.702924	13.352555	5.459684	0	0
conventional	ce1422	674	0	49.597256	0	14	7	6.045160	4.511346	27.846668	11.194082	0	0
holistic	he1142	675	0	0	0	0	8	0	0	0	0	0	0
holistic	he1143	675	0	0	0	0	4	0	0	0	0	0	0
conventional	ce1423	675	0	37.318669	0	14	7	3.732594	5.706817	21.156275	6.722983	2.572391	0
conventional	ce1424	675	0.068238	27.962273	1	13	7	7.666397	7.035262	8.852555	4.408059	1.469190	0
conventional	ce1425	675	0	23.613884	0	14	7	1.809412	4.010827	12.183620	5.610025	0	0
holistic	he1144	676	0	0	0	0	8	0	0	0	0	0	0
holistic	he1145	676	0.870240	0.870240	2	2	18	0	0	0	0.870240	0	0
conventional	ce1426	676	0	22.572691	0	14	7	1.762195	1.927140	14.644212	4.239144	0	0
conventional	ce1427	676	0	45.294558	0	14	7	8.597916	4.282988	27.043476	5.370178	0	0
conventional	ce1428	676	0	28.828418	0	14	7	1.729611	4.442709	16.262799	6.393299	0	0
conventional	ce1429	676	0	39.789110	0	14	7	3.804734	4.323544	22.766008	8.894824	1.471221	0
conventional	ce1430	676	0	45.668268	0	14	7	9.566346	4.992618	20.639897	10.469407	0	0
holistic	he1146	678	0.020253	3.717179	1	2	12	0	0	0	3.717179	0	0
holistic	he1147	678	0	0	0	0	9	0	0	0	0	0	0
conventional	ce1431	678	0	23.182486	0	13	7	3.220963	7.620969	7.670765	4.669789	1.650152	0
holistic	he1148	679	0.093715	3.831147	1	2	8	0	0	0	3.831147	0	0
conventional	ce1432	679	1.044786	33.505259	1	14	7	4.241253	6.437350	16.508640	6.318016	2.003438	0
conventional	ce1433	679	0	28.768614	0	14	7	1.912914	3.466550	17.402203	5.986947	0	0
holistic	he1149	680	0	0	0	0	8	0	0	0	0	0	0
conventional	ce1434	680	0	27.955588	0	14	7	3.031792	4.867641	12.652174	7.403981	0	0
conventional	ce1435	680	0	17.828331	0	14	7	1.513737	1.966545	11.269947	3.078102	0	0
conventional	ce1436	681	0	31.601395	0	14	7	1.336855	4.277214	18.332834	7.654492	1.102948	0
conventional	ce1437	681	0.770028	35.683775	1	14	7	1.136906	4.474053	21.955191	8.117625	1.705148	0
holistic	he1150	682	0	0	0	0	8	0	0	0	0	0	0
conventional	ce1438	682	0	23.906594	0	14	7	4.180706	2.644925	15.420096	1.660867	1.493841	0
conventional	ce1439	682	0	25.983815	0	14	7	0.843863	2.167263	18.552715	4.419974	0	0
conventional	ce1440	682	0	20.698000	0	14	7	1.469467	2.381692	12.977509	3.869332	0	0
holistic	he1151	683	0.093715	4.164396	1	2	8	0	0	0	4.164396	0	0
holistic	he1152	683	0	0	0	0	4	0	0	0	0	0	0
conventional	ce1441	683	0.770028	28.597941	1	14	7	4.930649	5.640779	13.348088	4.678425	0.263034	0
conventional	ce1442	683	0	38.488679	0	14	7	9.014918	0.783472	24.457955	4.232334	0	0
holistic	he1153	685	0.870240	0.870240	2	2	12	0	0	0	0.870240	0	0
holistic	he1154	686	0	0	0	0	8	0	0	0	0	0	0
conventional	ce1443	686	0.068238	22.467194	1	13	7	3.642965	7.116200	6.898300	4.809729	1.469190	0
conventional	ce1444	686	0	20.524566	0	14	7	1.825634	1.903674	14.170539	2.624719	0	0
conventional	ce1445	687	0	31.671307	0	14	7	4.448622	4.480564	15.942627	6.799494	0	0
holistic	he1155	688	0.435120	0.435120	1	1	12	0	0	0	0.435120	0	0
holistic	he1156	688	0	0	0	0	4	0	0	0	0	0	0
conventional	ce1446	688	0	20.991667	0	14	7	1.451470	3.885164	11.686138	3.968895	0	0
holistic	he1157	689	0	0	0	0	4	0	0	0	0	0	0
conventional	ce1447	689	0	25.327462	0	14	7	1.409753	3.310943	14.808908	5.797858	0	0
conventional	ce1448	689	0	30.240902	0	14	7	2.346393	3.542688	15.164777	9.187044	0.895952	0
holistic	he1158	690	0.093715	3.831147	1	2	12	0	0	0	3.831147	0	0
holistic	he1159	690	0	0	0	0	8	0	0	0	0	0	0
conventional	ce1449	690	0	32.733613	0	14	7	3.751332	3.735174	18.006234	7.240873	2.580860	0
holistic	he1160	691	2.075818	2.075818	2	2	12	2.075818	0	0	0	0	0
conventional	ce1450	691	0	27.346781	0	14	7	0.876413	2.810322	17.934866	5.725180	0	0
holistic	he1161	692	0	0	0	0	22	0	0	0	0	0	0
conventional	ce1451	692	0.605181	27.611414	1	14	7	0.223350	5.583314	18.313587	3.491163	2.141731	0
conventional	ce1452	692	0	24.721500	0	14	7	1.217011	3.564372	12.948072	6.992045	0	0
holistic	he1162	693	0.261516	0.261516	1	1	8	0	0	0	0.261516	0	0
conventional	ce1453	693	0	17.841911	0	13	7	2.726894	5.493992	6.075019	3.546006	1.650152	0
conventional	ce1454	693	0	31.831060	0	14	7	1.826427	4.176663	19.189953	6.638017	0	0
conventional	ce1455	695	0.770028	32.443208	1	14	7	4.777094	5.275510	14.790506	7.600098	0.487847	0
conventional	ce1456	695	0	19.209580	0	13	7	4.736571	3.372031	7.132015	3.968963	1.469190	0
holistic	he1163	696	0.261516	0.661302	1	2	8	0	0	0	0.661302	0	0
holistic	he1164	696	0.093715	4.164396	1	2	8	0	0	0	4.164396	0	0
conventional	ce1457	696	0	31.528557	0	14	7	7.535146	6.698281	12.855331	4.439799	0	0
holistic	he1165	697	0	0	0	0	4	0	0	0	0	0	0
holistic	he1166	697	0	0	0	0	4	0	0	0	0	0	0
conventional	ce1458	697	0.068238	25.150485	1	13	7	3.594584	8.743414	6.340473	6.472014	1.644026	0
conventional	ce1459	697	0	27.049263	0	14	7	3.125668	2.188846	15.896381	5.838368	0	0
holistic	he1167	698	0	1.820336	0	2	16	0	0	0	1.820336	0	0
holistic	he1168	698	0	0	0	0	4	0	0	0	0	0	0
conventional	ce1460	698	0	38.107699	0	14	7	3.902795	4.641810	19.351658	10.211436	0	0
holistic	he1169	699	0	0	0	0	4	0	0	0	0	0	0
holistic	he1170	699	0.226598	3.964030	1	2	12	0	0	0	3.964030	0	0
conventional	ce1461	699	0.068238	27.304746	1	13	7	3.150489	9.133093	9.814877	5.206287	1.659280	0
conventional	ce1462	699	0	16.893915	0	14	7	1.179542	4.053949	6.872628	4.787796	0	0
holistic	he1171	700	0.949512	0.949512	4	4	22	0	0	0	0.949512	0	0
holistic	he1172	700	0	0	0	0	8	0	0	0	0	0	0
conventional	ce1463	700	1.044786	33.084405	1	14	7	3.674798	7.148494	17.406567	4.854546	2.141731	0
holistic	he1173	701	0.262036	0.262036	1	1	8	0	0	0	0.262036	0	0
holistic	he1174	701	0	0	0	0	20	0	0	0	0	0	0
conventional	ce1464	701	0	46.658303	0	14	7	6.507081	3.300545	30.680795	6.169882	0	0
conventional	ce1465	701	0	33.276848	0	14	7	2.918664	4.135305	21.835768	4.387111	0	0
holistic	he1175	702	0	0	0	0	4	0	0	0	0	0	0
conventional	ce1466	702	0	35.981781	0	14	7	14.576737	2.553986	16.118017	2.733041	0	0
conventional	ce1467	703	0	44.903005	0	14	7	8.870412	3.651257	21.256694	11.124642	0	0
conventional	ce1468	703	0	26.060106	0	14	7	0.747375	4.992246	12.557213	7.763272	0	0
conventional	ce1469	703	0.554627	28.072124	1	14	7	1.874051	3.474707	15.653476	7.069890	0	0
holistic	he1176	704	0.093715	4.164396	1	2	8	0	0	0	4.164396	0	0
conventional	ce1470	704	0	45.826617	0	14	7	10.408753	2.446145	30.332419	2.639300	0	0
holistic	he1177	705	0	0.084817	0	2	4	0	0	0	0.084817	0	0
holistic	he1178	705	0	0	0	0	4	0	0	0	0	0	0
holistic	he1179	705	0	0	0	0	4	0	0	0	0	0	0
conventional	ce1471	705	0	26.539831	0	14	7	3.864926	2.960988	16.987405	2.726512	1.493841	0
conventional	ce1472	705	0	39.005401	0	14	7	4.973771	5.752379	21.909640	6.369611	0	0
conventional	ce1473	705	0	45.385776	0	14	7	11.522355	1.418296	29.372728	3.072397	0	0
conventional	ce1474	706	0	37.760283	0	14	7	4.521670	1.924483	28.056010	3.258120	0	0
holistic	he1180	707	0	0	0	0	4	0	0	0	0	0	0
holistic	he1181	707	0	0	0	0	8	0	0	0	0	0	0
conventional	ce1475	707	1.678464	40.566899	1	14	7	4.375021	5.225962	21.362199	9.603717	0	0
conventional	ce1476	707	1.044786	33.458023	1	14	7	1.654928	3.140377	22.269798	6.392920	1.298304	0
conventional	ce1477	707	0	22.596029	0	13	7	5.219727	4.225593	8.448413	4.702296	1.469190	0
holistic	he1182	708	0	0	0	0	8	0	0	0	0	0	0
holistic	he1183	709	0	0	0	0	4	0	0	0	0	0	0
holistic	he1184	709	0	0	0	0	4	0	0	0	0	0	0
holistic	he1185	709	0	15.208992	0	6	10	0	0	0	15.208992	0	0
conventional	ce1478	709	1.161092	22.235191	1	13	7	3.947988	5.152008	8.685065	4.450130	2.141731	0
conventional	ce1479	709	0.068238	30.403920	1	13	7	4.382290	9.411551	10.427507	6.182572	1.659280	0
holistic	he1186	710	0.401987	3.335445	1	2	8	0	0	0	3.335445	0	0
conventional	ce1480	710	0	24.524071	0	14	7	4.180706	2.644925	15.951567	1.746873	1.493841	0
conventional	ce1481	710	0.325377	40.871997	1	14	7	6.775394	4.474053	21.702384	7.920166	1.705148	0
conventional	ce1482	710	0	42.222598	0	14	7	4.290698	6.580054	24.221698	7.130148	0	0
conventional	ce1483	710	0	33.952015	0	14	7	0.860800	4.905687	18.304135	9.881393	0	0
conventional	ce1484	710	0	43.887497	0	14	7	11.701101	1.369390	27.008188	3.808818	1.471221	0
holistic	he1187	711	0	0	0	0	12	0	0	0	0	0	0
holistic	he1188	711	0.261516	0.661302	1	2	8	0	0	0	0.661302	0	0
holistic	he1189	711	0	0	0	0	9	0	0	0	0	0	0
holistic	he1190	711	0.093715	4.321842	1	2	8	0	0	0	4.321842	0	0
conventional	ce1485	711	0	20.467911	0	7	7	3.438993	5.796997	7.711221	3.520700	0	0
conventional	ce1486	711	0.770028	31.046105	1	14	7	1.977983	6.773319	17.245043	5.049760	0.263034	0
conventional	ce1487	711	1.394263	30.951655	1	14	7	2.581674	5.324388	17.391013	5.654580	2.141731	0
conventional	ce1488	712	2.950600	55.944207	1	14	7	1.601648	6.434006	40.556356	7.352197	0.285203	0
conventional	ce1489	712	0.770028	31.758520	1	14	7	0.706578	4.746432	18.266257	8.039253	1.705148	0
conventional	ce1490	712	1.044786	33.311876	1	13	7	3.307425	10.339615	10.130301	9.534535	2.141731	0
conventional	ce1491	712	0	35.565627	0	14	7	3.571539	4.205485	18.314850	9.473753	0	0
holistic	he1191	713	0	1.159542	0	1	4	0	0	0	1.159542	0	0
holistic	he1192	713	0	0	0	0	16	0	0	0	0	0	0
conventional	ce1492	713	0	18.637244	0	13	7	4.518923	2.861532	7.535179	3.721610	1.520930	0
conventional	ce1493	713	0	37.579839	0	14	7	4.104130	4.477302	21.033887	7.964520	1.471221	0
holistic	he1193	714	2.075818	2.075818	2	2	12	2.075818	0	0	0	0	0
conventional	ce1494	714	0	36.692867	0	14	7	3.803546	4.203658	20.548060	8.137603	0	0
holistic	he1194	715	0	0	0	0	4	0	0	0	0	0	0
conventional	ce1495	715	0	39.472033	0	14	7	4.381274	6.274528	22.449281	6.366950	1.471221	0
conventional	ce1496	715	0.635209	32.853625	1	14	7	4.093520	5.593863	19.657926	3.508316	2.141731	0
holistic	he1195	716	0	0.277555	0	2	6	0	0	0	0.277555	0	0
holistic	he1196	716	0	0.126673	0	2	4	0	0	0	0.126673	0	0
conventional	ce1497	716	0	40.167288	0	14	7	0.188703	5.830699	23.050396	11.097490	0	0
conventional	ce1498	716	0	43.540950	0	14	7	7.326170	7.323433	22.058838	6.832509	0	0
holistic	he1197	717	0	0	0	0	20	0	0	0	0	0	0
conventional	ce1499	717	0	31.655103	0	14	7	1.473782	6.025154	16.068661	8.087506	0.895952	0
holistic	he1198	718	0	0	0	0	4	0	0	0	0	0	0
holistic	he1199	718	0.020253	0.020253	1	1	12	0	0	0	0.020253	0	0
holistic	he1200	718	0	0	0	0	11	0	0	0	0	0	0
holistic	he1201	718	0	0.084817	0	2	4	0	0	0	0.084817	0	0
conventional	ce1500	718	1.044786	28.909603	1	14	7	2.455629	4.970814	17.829499	3.653661	2.141731	0
holistic	he1202	719	2.075818	2.075818	2	2	16	2.075818	0	0	0	0	0
conventional	ce1501	719	0	41.729115	0	14	7	3.220878	4.360823	25.762592	8.384822	0	0
conventional	ce1502	720	0	29.967020	0	14	7	6.618921	6.728564	12.132115	4.487420	0	0
conventional	ce1503	720	0	29.581087	0	14	7	0.549470	4.752569	15.656603	8.622445	0.090133	0
conventional	ce1504	720	0	40.800896	0	14	7	3.534535	5.772390	23.907584	7.586387	1.471221	0
holistic	he1203	721	0.401987	3.335445	1	2	8	0	0	0	3.335445	0	0
holistic	he1204	721	0	0	0	0	14	0	0	0	0	0	0
holistic	he1205	722	0	0.107494	0	2	15	0	0	0	0.107494	0	0
holistic	he1206	722	0	0	0	0	9	0	0	0	0	0	0
holistic	he1207	723	0.435120	0.435120	1	1	8	0	0	0	0.435120	0	0
holistic	he1208	723	0.613602	0.613602	1	1	18	0	0	0	0.613602	0	0
conventional	ce1505	723	0.123093	26.382834	1	14	7	4.453538	5.323839	10.551984	6.053473	0.232326	0
conventional	ce1506	723	0.068238	25.174716	1	13	7	4.028842	7.393792	7.553135	6.198947	1.596950	0
conventional	ce1507	724	0	30.798600	0	14	7	7.535146	5.577486	13.258263	4.427705	0	0
holistic	he1209	725	0.401987	5.215943	1	2	10	0	0	0	5.215943	0	0
conventional	ce1508	725	0	40.445279	0	14	7	5.710611	6.154498	23.315414	5.264756	0	0
holistic	he1210	726	0	2.413179	0	4	10	0	0	0	2.413179	0	0
holistic	he1211	726	0	0	0	0	6	0	0	0	0	0	0
holistic	he1212	726	0	0	0	0	12	0	0	0	0	0	0
conventional	ce1509	726	0	25.597079	0	14	7	2.117601	1.665885	17.038742	4.774851	0	0
conventional	ce1510	726	0	45.826774	0	14	7	4.680509	6.876452	23.917051	10.352762	1.471221	0
holistic	he1213	727	0	0	0	0	4	0	0	0	0	0	0
holistic	he1214	727	0.020253	0.020253	1	1	8	0	0	0	0.020253	0	0
holistic	he1215	727	0	0	0	0	8	0	0	0	0	0	0
conventional	ce1511	727	0	35.015821	0	14	7	7.845040	5.232258	15.097149	6.841374	0	0
holistic	he1216	728	0	0	0	0	16	0	0	0	0	0	0
holistic	he1217	728	0	3.016461	0	6	12	0	0	0	3.016461	0	0
conventional	ce1512	728	0	19.390283	0	14	7	2.309254	0.353319	11.851330	4.876380	0	0
conventional	ce1513	729	0.765198	24.006113	1	14	7	4.667872	4.565277	9.656162	5.116802	0.263034	0
conventional	ce1514	729	0	30.322231	0	14	7	2.368489	3.595545	15.590446	8.767751	0	0
conventional	ce1515	729	0	23.649835	0	14	7	4.334313	2.083696	15.797099	1.434727	1.849758	0
conventional	ce1516	729	0	9.201468	0	7	7	0.854490	3.547366	3.173862	1.625750	0	0
conventional	ce1517	729	0	40.346341	0	14	7	2.118906	3.650971	21.089047	13.487417	0	0
conventional	ce1518	729	0	18.117377	0	14	7	1.193790	4.172011	7.784505	4.967071	1.761199	0
holistic	he1218	730	0.192238	0.192238	2	2	12	0	0	0	0.192238	0	0
holistic	he1219	730	0	2.413487	0	4	10	0	0	0	2.413487	0	0
holistic	he1220	731	0.139385	4.553201	1	2	8	0	0	0	4.553201	0	0
conventional	ce1519	731	0	41.801665	0	14	7	4.332282	3.616385	25.938117	7.914881	0	0
conventional	ce1520	731	0	34.520841	0	14	7	5.772271	2.347783	22.626205	3.774582	0	0
holistic	he1221	732	0.261516	0.661302	1	2	8	0	0	0	0.661302	0	0
conventional	ce1521	732	0.770028	22.614553	1	14	7	1.154136	5.404872	11.199741	4.855804	0.263034	0
holistic	he1222	734	0	2.345025	0	4	10	0	0	0	2.345025	0	0
holistic	he1223	735	0	0	0	0	22	0	0	0	0	0	0
holistic	he1224	735	0	3.443679	0	6	12	0	0	0	3.443679	0	0
conventional	ce1522	735	0	22.490168	0	14	7	2.800412	0.387974	17.008952	2.292830	0	0
conventional	ce1523	735	0	37.987269	0	14	7	4.662253	5.846522	22.252402	5.226092	1.471221	0
holistic	he1225	736	0	0	0	0	20	0	0	0	0	0	0
holistic	he1226	736	0	0.107494	0	2	14	0	0	0	0.107494	0	0
conventional	ce1524	736	0	30.004914	0	14	7	6.265495	6.117556	13.175394	4.446469	0	0
conventional	ce1525	736	0	28.106039	0	14	7	4.035049	4.448416	15.487940	4.134634	1.493841	0
conventional	ce1526	736	0	38.332180	0	14	7	2.487799	3.699122	18.658407	13.486852	0	0
holistic	he1227	738	0	6.510057	0	6	6	0	0	0	6.510057	0	0
holistic	he1228	738	0	0	0	0	4	0	0	0	0	0	0
conventional	ce1527	738	0	36.894844	0	14	7	2.208501	3.496237	17.549707	13.640399	0	0
conventional	ce1528	738	0	22.728505	0	14	7	0.753157	3.720165	12.270297	5.984886	0	0
holistic	he1229	739	2.075818	2.075818	2	2	12	2.075818	0	0	0	0	0
conventional	ce1529	739	0	38.721135	0	14	7	2.871215	3.208453	24.053310	8.588157	0	0
holistic	he1230	740	0	0	0	0	10	0	0	0	0	0	0
holistic	he1231	740	0	0	0	0	6	0	0	0	0	0	0
conventional	ce1530	741	0	40.876204	0	14	7	3.882243	1.395782	30.876926	4.721253	0	0
conventional	ce1531	741	0	23.450982	0	14	7	2.637737	5.400621	9.510408	5.902216	0	0
holistic	he1232	742	0	0.985590	0	2	16	0	0	0	0.985590	0	0
holistic	he1233	742	0	0	0	0	4	0	0	0	0	0	0
conventional	ce1532	742	0	26.161211	0	14	7	4.683427	1.073550	16.027737	4.376497	0	0
conventional	ce1533	742	0	28.639530	0	14	7	2.376310	3.409478	14.433103	8.420639	0	0
holistic	he1234	743	2.075818	2.075818	2	2	12	2.075818	0	0	0	0	0
holistic	he1235	743	0	0.122610	0	2	10	0	0	0	0.122610	0	0
holistic	he1236	743	0.261516	0.661302	1	2	18	0	0	0	0.661302	0	0
conventional	ce1534	743	0	29.612417	0	14	7	0.555273	4.534064	18.335232	6.187848	0	0
conventional	ce1535	743	0	30.825295	0	14	7	4.724419	0.727334	20.833138	4.540404	0	0
conventional	ce1536	744	0	31.534253	0	14	7	4.141042	3.102285	15.963701	8.327225	0	0
conventional	ce1537	744	0	27.178195	0	14	7	5.458406	1.717060	17.738801	2.263928	1.493841	0
holistic	he1237	745	0.020253	0.020253	1	1	12	0	0	0	0.020253	0	0
holistic	he1238	745	0.949512	0.949512	4	4	28	0	0	0	0.949512	0	0
conventional	ce1538	745	0	23.857710	0	7	7	2.552980	7.342447	9.902733	4.059550	0	0
conventional	ce1539	746	2.950600	32.269116	1	14	7	5.580219	0.655262	22.006303	4.027332	0.285203	0
conventional	ce1540	746	0.068238	25.452710	1	14	7	3.245678	2.015015	18.307849	1.884168	1.659280	0
conventional	ce1541	746	0	24.480653	0	14	7	1.690993	2.077317	12.385354	8.326989	0	0
conventional	ce1542	746	0	29.615252	0	14	7	7.310874	5.354665	13.135663	3.814050	0	0
holistic	he1239	747	0	0	0	0	6	0	0	0	0	0	0
holistic	he1240	747	0.226598	2.098648	1	2	12	0	0	0	2.098648	0	0
conventional	ce1543	747	0	39.441933	0	14	7	4.057047	3.186036	23.461759	8.737091	0	0
conventional	ce1544	747	0	31.540621	0	14	7	2.716807	3.258794	16.994892	8.570128	0	0
holistic	he1241	748	0	0	0	0	6	0	0	0	0	0	0
holistic	he1242	748	0	0	0	0	8	0	0	0	0	0	0
conventional	ce1545	748	0	26.425831	0	14	7	6.465104	5.788437	10.982101	3.190189	0	0
conventional	ce1546	748	0	39.476639	0	14	7	6.060982	7.281313	19.753091	6.381253	1.297899	0
holistic	he1243	749	0	0	0	0	4	0	0	0	0	0	0
conventional	ce1547	749	0	39.831348	0	14	7	2.824563	4.645921	23.027063	9.333801	1.471221	0
conventional	ce1548	749	0.123093	28.217633	1	14	7	5.176901	6.584643	10.426220	6.029869	0.232326	0
holistic	he1244	750	0.949512	0.949512	4	4	18	0	0	0	0.949512	0	0
holistic	he1245	750	0	0	0	0	22	0	0	0	0	0	0
holistic	he1246	751	0	0	0	0	4	0	0	0	0	0	0
holistic	he1247	752	0.261516	0.661302	1	2	8	0	0	0	0.661302	0	0
conventional	ce1549	752	0	25.372368	0	14	7	1.159494	5.694366	10.502380	8.016128	0	0
conventional	ce1550	752	0	23.299438	0	7	7	4.112721	7.094152	9.197289	2.895276	0	0
conventional	ce1551	752	0	42.299917	0	14	7	4.954016	5.889376	21.699164	9.757361	0	0
holistic	he1248	753	0.401987	3.047421	1	2	8	0	0	0	3.047421	0	0
conventional	ce1552	755	0	25.028566	0	14	7	0.182308	5.753032	10.380153	8.713073	0	0
holistic	he1249	756	0	0.062602	0	2	15	0	0	0	0.062602	0	0
holistic	he1250	756	0	0	0	0	6	0	0	0	0	0	0
conventional	ce1553	756	0	32.858491	0	14	7	7.427102	7.106180	13.571086	4.754123	0	0
holistic	he1251	757	0	0	0	0	4	0	0	0	0	0	0
conventional	ce1554	757	0.770028	32.408341	1	14	7	4.055595	3.355918	19.512127	5.484701	0.818286	0
conventional	ce1555	757	0	33.399715	0	14	7	2.271050	4.013447	17.815932	9.299286	0.511245	0
conventional	ce1556	757	0	34.745802	0	14	7	4.691532	1.573453	25.172917	3.307900	0.608650	0
holistic	he1252	758	0	0	0	0	4	0	0	0	0	0	0
holistic	he1253	758	0.261516	0.661302	1	2	8	0	0	0	0.661302	0	0
conventional	ce1557	758	0	27.855492	0	14	7	1.623690	5.365937	13.315491	7.550374	0.895952	0
holistic	he1254	759	0.308916	0.308916	1	1	16	0	0	0	0.308916	0	0
holistic	he1255	759	0.079509	0.079509	1	1	12	0	0	0	0.079509	0	0
conventional	ce1558	759	0	26.964712	0	14	7	6.783840	4.498610	12.492073	3.190189	0	0
conventional	ce1559	759	0	43.436875	0	14	7	2.357128	3.496294	21.701822	15.881631	0	0
conventional	ce1560	759	0	51.540878	0	14	7	9.175865	11.761935	24.048046	6.555032	0	0
holistic	he1256	760	0	0	0	0	20	0	0	0	0	0	0
holistic	he1257	761	0.139617	0.539403	1	2	10	0	0	0	0.539403	0	0
conventional	ce1561	761	2.772710	62.867127	1	14	7	4.853462	7.832221	42.027244	8.154200	0.285203	0
conventional	ce1562	761	0	20.894339	0	14	7	1.188284	3.424149	9.302704	6.979202	0	0
conventional	ce1563	761	0	42.173215	0	14	7	6.691069	7.530143	21.866998	6.085005	0	0
holistic	he1258	762	0.093715	4.164396	1	2	8	0	0	0	4.164396	0	0
conventional	ce1564	763	0	28.539836	0	14	7	3.170267	3.213850	17.167413	4.988306	0	0
conventional	ce1565	763	0.888175	32.664742	1	14	7	1.725696	2.217056	23.767176	4.954814	1.298304	0
holistic	he1259	764	0.601948	0.805547	2	2	12	0	0	0	0.805547	0	0
conventional	ce1566	764	0	36.037603	0	14	7	3.032086	3.703463	26.990541	2.311513	0	0
holistic	he1260	765	0	0	0	0	4	0	0	0	0	0	0
conventional	ce1567	765	0	30.795051	0	14	7	2.200986	2.196836	22.301312	4.095917	0	0
conventional	ce1568	765	0	27.021497	0	14	7	2.259802	7.432792	9.386606	7.942297	0	0
holistic	he1261	766	0	2.348118	0	4	10	0	0	0	2.348118	0	0
conventional	ce1569	766	0	25.157723	0	14	7	3.846364	1.847695	14.930511	4.533153	0	0
conventional	ce1570	766	0	37.249893	0	14	7	3.396903	3.903802	23.618338	6.330850	0	0
conventional	ce1571	767	0	16.254687	0	14	7	0.566831	2.879504	9.793542	3.014810	0.895952	0
holistic	he1262	768	0	0.126673	0	2	10	0	0	0	0.126673	0	0
holistic	he1263	769	0	3.016461	0	6	12	0	0	0	3.016461	0	0
holistic	he1264	769	0	0	0	0	22	0	0	0	0	0	0
holistic	he1265	769	0	0.007812	0	1	15	0	0	0	0.007812	0	0
conventional	ce1572	769	0	46.149234	0	14	7	3.830377	3.849304	30.000291	8.469262	0	0
holistic	he1266	770	0	0	0	0	14	0	0	0	0	0	0
conventional	ce1573	770	0	42.707737	0	14	7	2.582511	4.721378	19.205371	16.198477	0	0
holistic	he1267	771	0.401987	2.758262	1	2	18	0	0	0	2.758262	0	0
holistic	he1268	771	0	0	0	0	9	0	0	0	0	0	0
conventional	ce1574	771	0	48.764732	0	14	7	8.721787	7.110633	25.240022	7.692290	0	0
conventional	ce1575	771	0	34.926822	0	14	7	4.531155	3.455955	18.828748	8.110964	0	0
conventional	ce1576	771	0	32.019635	0	14	7	4.871708	3.205474	20.830748	3.111705	0.608650	0
conventional	ce1577	771	0.068238	24.118123	1	14	7	6.293841	5.347398	4.924311	7.552573	1.659280	0
conventional	ce1578	772	0	35.451004	0	14	7	9.428129	6.285183	15.405985	4.331707	0	0
conventional	ce1579	772	0	21.934291	0	14	7	2.656771	3.559437	14.712226	1.005857	3.322846	0
conventional	ce1580	772	0	41.968062	0	14	7	5.364339	5.802283	25.474090	5.327350	0	0
holistic	he1269	773	0.308916	0.308916	1	1	16	0	0	0	0.308916	0	0
holistic	he1270	773	0.020253	0.020253	1	1	12	0	0	0	0.020253	0	0
conventional	ce1581	773	0	33.287360	0	14	7	5.686344	2.814062	21.029240	3.757714	0	0
conventional	ce1582	773	0	20.012501	0	14	7	2.118974	1.001571	11.223252	5.668704	0	0
conventional	ce1583	773	0	38.330728	0	14	7	1.263287	3.490524	20.092834	13.484083	0	0
holistic	he1271	774	0	0	0	0	4	0	0	0	0	0	0
conventional	ce1584	774	0	22.361957	0	14	7	1.237215	2.427643	10.464092	8.233007	0	0
conventional	ce1585	774	0	46.759248	0	14	7	4.546278	4.665407	22.721624	14.825939	0	0
holistic	he1272	775	0.192238	0.192238	2	2	12	0	0	0	0.192238	0	0
holistic	he1273	775	0.150566	0.150566	1	1	16	0	0	0	0.150566	0	0
conventional	ce1586	775	0.123093	31.951717	1	14	7	4.294351	2.952792	16.862768	7.841806	0.232326	0
conventional	ce1587	775	0	27.878441	0	14	7	1.842984	0.460445	18.357042	7.217970	0	0
conventional	ce1588	775	0	31.699721	0	14	7	7.119705	5.567926	13.135663	5.876427	0	0
conventional	ce1589	775	0	29.122321	0	14	7	5.857920	6.419910	12.856613	3.987878	0	0
holistic	he1274	776	0	0	0	0	4	0	0	0	0	0	0
holistic	he1275	776	2.099842	2.099842	1	1	18	0	0	0	2.099842	0	0
conventional	ce1590	776	0	24.726791	0	13	7	3.891758	6.933580	7.799512	6.101941	0	0
conventional	ce1591	776	0	28.301913	0	14	7	4.125901	5.848175	11.602443	6.725394	0	0
conventional	ce1592	777	0	38.246193	0	14	7	3.199102	6.805148	16.610343	11.631600	0	0
holistic	he1276	778	0	0	0	0	8	0	0	0	0	0	0
holistic	he1277	778	1.267152	1.470751	2	2	24	0	0	0	1.470751	0	0
holistic	he1278	778	0	0	0	0	13	0	0	0	0	0	0
conventional	ce1593	778	0	29.196568	0	14	7	2.081809	1.432626	19.814161	5.867972	0	0
conventional	ce1594	778	0	28.285325	0	14	7	5.836292	6.565249	11.760410	4.123374	0	0
holistic	he1279	779	0	8.126969	0	6	6	0	0	0	8.126969	0	0
conventional	ce1595	779	0	39.758495	0	14	7	3.788240	4.755977	21.582054	9.632224	1.471221	0
conventional	ce1596	780	0	22.027705	0	14	7	2.832320	1.855323	14.547999	2.792063	0	0
conventional	ce1597	780	0	27.114792	0	14	7	3.682997	1.012110	20.047333	2.372352	0	0
conventional	ce1598	780	0	41.963889	0	14	7	5.604082	1.766941	29.107284	5.485582	0	0
holistic	he1280	781	0	1.595846	0	1	3	0	0	0	1.595846	0	0
holistic	he1281	781	0	0	0	0	6	0	0	0	0	0	0
holistic	he1282	782	0	2.345025	0	4	10	0	0	0	2.345025	0	0
holistic	he1283	782	0.192238	0.192238	2	2	16	0	0	0	0.192238	0	0
holistic	he1284	783	0.739157	0.739157	1	1	16	0	0	0	0.739157	0	0
conventional	ce1599	783	0	32.614901	0	14	7	2.150466	3.821087	15.783919	10.859429	0	0
conventional	ce1600	783	0	41.182017	0	14	7	5.312856	10.350269	13.770328	11.748564	0.141583	0
conventional	ce1601	784	0	48.124784	0	14	7	9.957557	5.358174	28.035765	4.773288	0	0
holistic	he1285	785	0.192238	0.192238	2	2	12	0	0	0	0.192238	0	0
conventional	ce1602	785	0	21.840426	0	14	7	3.159922	5.366200	10.694228	2.620076	0	0
holistic	he1286	786	0	0	0	0	6	0	0	0	0	0	0
conventional	ce1603	786	0	22.465208	0	14	7	2.505075	3.421134	12.480414	4.058585	0	0
conventional	ce1604	786	0	21.090983	0	14	7	1.528905	1.936339	8.683425	8.942314	0	0
holistic	he1287	787	0	0	0	0	8	0	0	0	0	0	0
holistic	he1288	787	0.192238	0.192238	2	2	16	0	0	0	0.192238	0	0
conventional	ce1605	787	0	14.972213	0	13	7	0.432147	6.127232	5.854509	2.558325	0	0
conventional	ce1606	787	0	28.363037	0	14	7	2.096481	4.490816	13.123424	8.652316	0	0
conventional	ce1607	787	0	39.435707	0	14	7	5.641249	7.814725	20.074217	5.905516	0	0
holistic	he1289	788	0	0	0	0	4	0	0	0	0	0	0
conventional	ce1608	788	0.765198	23.518507	1	14	7	4.547434	4.373025	9.574301	5.023747	0.263034	0
conventional	ce1609	788	0	33.548073	0	14	7	7.703892	5.567926	14.399828	5.876427	0	0
conventional	ce1610	788	0	23.918999	0	14	7	3.523204	0.795171	18.358754	1.241870	0	0
conventional	ce1611	789	0	25.283815	0	13	7	4.107604	6.816274	8.046784	6.313153	0	0
conventional	ce1612	789	0	45.541970	0	14	7	8.516143	7.479734	21.062526	8.483567	0	0
conventional	ce1613	789	0	37.456950	0	14	7	8.779408	6.556832	16.942013	5.178697	0	0
conventional	ce1614	789	0	19.994724	0	7	7	3.045187	7.253451	7.395435	2.300651	0	0
conventional	ce1615	789	0	48.903652	0	14	7	5.437956	2.962032	21.699980	18.803684	0	0
conventional	ce1616	789	0	34.532082	0	14	7	4.179519	3.051823	19.470423	7.830317	0	0
conventional	ce1617	789	0	22.355459	0	7	7	3.538041	6.045005	9.880771	2.891642	0	0
holistic	he1290	790	0.739157	0.739157	1	1	12	0	0	0	0.739157	0	0
holistic	he1291	790	0.020253	0.036819	1	2	12	0	0	0	0.036819	0	0
conventional	ce1618	790	0	37.014245	0	14	7	3.550279	7.338114	15.352735	10.773117	0	0
conventional	ce1619	790	0	39.040600	0	14	7	3.586847	0.190625	30.496510	4.766618	0	0
holistic	he1292	791	0.602832	0.602832	2	2	16	0	0	0	0.602832	0	0
conventional	ce1620	791	0	33.904723	0	14	7	3.167100	1.949793	17.770996	11.016834	0	0
conventional	ce1621	791	0	18.769729	0	7	7	4.308555	2.668908	10.225770	1.566496	0	0
conventional	ce1622	791	0	31.225666	0	14	7	3.788540	4.188183	20.270392	2.978551	0	0
conventional	ce1623	791	0	35.131558	0	14	7	9.544230	6.018520	15.368179	4.200629	0	0
conventional	ce1624	791	0	25.267157	0	14	7	6.276098	5.771708	10.514411	2.704940	0	0
conventional	ce1625	793	0	22.786700	0	14	7	4.654394	5.108047	10.495221	2.529038	0	0
conventional	ce1626	793	0	36.967230	0	14	7	4.128395	5.345726	18.090204	9.402905	0	0
conventional	ce1627	793	0	37.512214	0	14	7	3.754968	3.005131	20.436583	10.315532	0	0
holistic	he1293	794	2.463509	2.463509	1	1	16	0	0	0	2.463509	0	0
conventional	ce1628	794	0	23.038838	0	14	7	1.690993	2.001957	11.837584	7.508304	0.608650	0
holistic	he1294	795	1.019912	1.019912	1	1	6	1.019912	0	0	0	0	0
conventional	ce1629	795	0	48.947832	0	14	7	4.063893	3.468307	23.093918	18.321714	0	0
conventional	ce1630	795	0	18.749900	0	7	7	3.275942	7.253451	5.871355	2.349152	0	0
conventional	ce1631	795	0	26.048892	0	13	7	3.900215	7.160197	7.341379	7.647101	0	0
conventional	ce1632	795	0.750544	26.969453	1	14	7	2.290069	2.567181	17.984567	4.127636	1.659280	0
holistic	he1295	796	0.226598	2.098648	1	2	4	0	0	0	2.098648	0	0
holistic	he1296	796	0	0	0	0	8	0	0	0	0	0	0
holistic	he1297	796	0	0	0	0	4	0	0	0	0	0	0
conventional	ce1633	796	0	30.478492	0	14	7	7.065896	3.231627	12.301090	7.879879	0	0
conventional	ce1634	796	0	20.724462	0	14	7	0.732589	2.081778	11.799896	6.110199	0	0
conventional	ce1635	797	0	25.941150	0	7	7	4.083607	7.202396	9.946801	4.708346	0	0
holistic	he1298	798	0	0	0	0	6	0	0	0	0	0	0
holistic	he1299	798	0	0	0	0	10	0	0	0	0	0	0
conventional	ce1636	798	0	32.864998	0	14	7	3.768954	2.762786	17.192322	9.140936	0	0
conventional	ce1637	798	0.123093	25.343513	1	14	7	1.541900	2.952792	14.249273	6.599548	0.232326	0
conventional	ce1638	799	0.888175	40.690292	1	14	7	4.593499	3.895642	27.679705	4.521446	1.298304	0
holistic	he1300	800	0.803974	10.312652	2	6	12	0	0	0	10.312652	0	0
holistic	he1301	800	0	0	0	0	4	0	0	0	0	0	0
conventional	ce1639	801	0	26.041918	0	14	7	4.294643	4.759072	12.960913	4.027290	0	0
conventional	ce1640	801	0	20.263375	0	14	7	3.970409	4.274777	9.754924	2.263265	0	0
holistic	he1302	802	0.192238	0.192238	2	2	18	0	0	0	0.192238	0	0
holistic	he1303	802	0	0	0	0	16	0	0	0	0	0	0
holistic	he1304	802	0	2.372565	0	4	10	0	0	0	2.372565	0	0
holistic	he1305	802	0	0	0	0	6	0	0	0	0	0	0
conventional	ce1641	802	0.123093	34.229812	1	14	7	4.643338	3.033237	18.786111	7.767126	0.232326	0
conventional	ce1642	802	0	15.845062	0	13	7	0.517572	6.333771	6.970954	2.022765	0	0
conventional	ce1643	803	0	30.002483	0	14	7	5.478529	8.498923	10.504540	5.520491	0	0
holistic	he1306	804	0.192238	0.192238	2	2	18	0	0	0	0.192238	0	0
holistic	he1307	804	0.020253	0.036819	1	2	12	0	0	0	0.036819	0	0
conventional	ce1644	804	0	44.657218	0	14	7	2.783804	3.999852	22.479212	15.394350	0	0
holistic	he1308	805	1.486240	1.486240	1	1	13	0	0	0	1.486240	0	0
holistic	he1309	805	1.267152	1.470751	2	2	24	0	0	0	1.470751	0	0
conventional	ce1645	805	0	25.029953	0	14	7	3.008453	6.260494	11.144829	4.616177	0	0
conventional	ce1646	806	0	40.185081	0	14	7	8.708497	7.274095	18.450733	5.751756	0	0
conventional	ce1647	806	0	24.384366	0	13	7	3.464055	6.790495	7.743506	6.386310	0	0
conventional	ce1648	806	0	22.196080	0	14	7	2.680599	5.264109	10.694228	3.557144	0	0
conventional	ce1649	806	0	39.749129	0	14	7	3.522587	3.175949	24.408432	8.642161	0	0
holistic	he1310	807	0.401987	6.086921	1	4	8	0	3.039500	0	3.047421	0	0
holistic	he1311	807	0.739157	0.739157	1	1	16	0	0	0	0.739157	0	0
conventional	ce1650	807	0	48.778765	0	14	7	11.280007	8.326389	22.025012	7.147357	0	0
holistic	he1312	808	0	0	0	0	6	0	0	0	0	0	0
holistic	he1313	808	0	0	0	0	6	0	0	0	0	0	0
conventional	ce1651	808	0	64.144297	0	14	7	5.322471	5.735890	37.004623	16.081313	0.985349	0
conventional	ce1652	808	0	38.691918	0	14	7	9.022300	6.224210	17.349534	6.095874	0	0
holistic	he1314	809	0.083621	0.083621	1	1	16	0	0	0	0.083621	0	0
conventional	ce1653	809	0.605168	39.811630	1	14	7	2.763872	4.571269	18.124591	14.351898	0	0
conventional	ce1654	809	0.123093	31.408634	1	14	7	3.728884	5.897711	15.521050	6.260989	0.232326	0
conventional	ce1655	809	0	33.744788	0	7	7	6.056124	7.870162	13.801811	6.016691	0	0
holistic	he1315	810	0.671237	0.671237	1	1	16	0	0	0	0.671237	0	0
holistic	he1316	810	0	0	0	0	4	0	0	0	0	0	0
holistic	he1317	811	0	0	0	0	4	0	0	0	0	0	0
conventional	ce1656	811	0.123093	31.030024	1	14	7	4.461119	3.626601	15.082071	7.860233	1.890379	0
holistic	he1318	812	0.192238	0.192238	2	2	12	0	0	0	0.192238	0	0
conventional	ce1657	812	0	47.863344	0	14	7	5.108313	3.847987	29.168521	9.738523	0	0
conventional	ce1658	812	0.888175	20.586872	1	14	7	0.786317	2.093564	12.445271	5.261720	1.298304	0
holistic	he1319	813	0.192238	0.192238	2	2	12	0	0	0	0.192238	0	0
conventional	ce1659	813	0	29.947548	0	14	7	1.019208	6.496409	13.470526	8.961405	0	0
conventional	ce1660	813	0	34.993930	0	14	7	2.581725	4.147755	26.142942	2.121508	0	0
conventional	ce1661	814	0	26.317064	0	14	7	3.511112	1.392212	19.767067	1.646673	0	0
conventional	ce1662	814	0	20.849371	0	14	7	1.996175	6.165552	10.207179	2.480465	0	0
conventional	ce1663	815	0	47.902774	0	14	7	3.204411	6.254150	21.210905	17.233308	0	0
conventional	ce1664	815	0	44.404843	0	14	7	10.499844	7.840064	20.087108	5.977827	0	0
holistic	he1320	816	0	0	0	0	4	0	0	0	0	0	0
holistic	he1321	816	0	0	0	0	4	0	0	0	0	0	0
conventional	ce1665	816	0	31.412064	0	14	7	2.124058	0.786807	21.027509	7.473690	0	0
conventional	ce1666	816	0	42.038689	0	14	7	6.850703	8.271401	21.975522	4.941063	0	0
holistic	he1322	817	0	0.144044	0	1	4	0	0	0	0.144044	0	0
holistic	he1323	817	0	0.126673	0	2	10	0	0	0	0.126673	0	0
conventional	ce1667	817	0	22.848870	0	14	7	3.159922	5.366200	10.775011	3.547737	0	0
holistic	he1324	818	0.803974	10.312652	2	6	12	0	0	0	10.312652	0	0
holistic	he1325	818	0	0	0	0	4	0	0	0	0	0	0
holistic	he1326	819	1.478314	1.478314	2	2	23	0	0	0	1.478314	0	0
holistic	he1327	819	0	0	0	0	4	0	0	0	0	0	0
conventional	ce1668	819	0.402528	28.622440	1	14	7	6.252378	6.471177	10.214125	5.684760	0	0
conventional	ce1669	819	0.888175	50.723002	1	14	7	7.970217	5.390096	30.942426	6.420263	1.298304	0
conventional	ce1670	819	0	27.309815	0	13	7	4.107604	8.175011	8.528443	6.498757	0	0
holistic	he1328	820	0	0	0	0	12	0	0	0	0	0	0
conventional	ce1671	820	0	30.542632	0	14	7	6.660783	5.812824	12.236775	5.832250	0	0
conventional	ce1672	820	0	27.772622	0	14	7	5.029748	4.579273	14.729577	3.434024	0	0
holistic	he1329	821	1.633598	1.965456	2	2	24	0	0	0	1.965456	0	0
holistic	he1330	821	0.192238	0.192238	2	2	18	0	0	0	0.192238	0	0
holistic	he1331	821	0	0	0	0	8	0	0	0	0	0	0
conventional	ce1673	821	0	23.176975	0	14	7	0.758036	2.567615	13.078329	6.772995	0	0
conventional	ce1674	821	0	18.586990	0	14	7	0.945211	0.904951	8.628347	8.108481	0	0
conventional	ce1675	821	0	26.275255	0	14	7	4.046879	5.514218	13.563233	3.150925	0	0
conventional	ce1676	821	0	28.082103	0	14	7	3.532784	3.623165	17.499908	3.426246	0	0
holistic	he1332	823	0	0	0	0	4	0	0	0	0	0	0
conventional	ce1677	823	0	21.109367	0	7	7	2.898762	7.575009	7.097184	3.538412	0	0
holistic	he1333	824	0	0	0	0	6	0	0	0	0	0	0
conventional	ce1678	824	0	25.574191	0	7	7	4.860620	5.447257	10.987627	4.278687	0	0
conventional	ce1679	824	0	21.265027	0	13	7	3.104766	5.759179	6.583257	5.817825	0	0
conventional	ce1680	824	0.750544	22.720318	1	14	7	2.155740	3.714379	10.509909	6.340290	1.089799	0
holistic	he1334	825	0.308916	0.308916	1	1	16	0	0	0	0.308916	0	0
conventional	ce1681	825	0	31.709591	0	14	7	2.710650	2.229652	16.617299	10.151990	0	0
holistic	he1335	826	1.633598	1.633598	2	2	24	0	0	0	1.633598	0	0
conventional	ce1682	826	0	36.960828	0	14	7	3.644125	3.472110	20.758902	9.085691	1.471221	0
holistic	he1336	828	0	1.743585	0	2	6	0	0	0	1.743585	0	0
conventional	ce1683	828	0	23.717518	0	14	7	2.164343	1.171377	9.846656	10.535142	0	0
holistic	he1337	829	1.267152	1.455492	2	2	24	0	0	0	1.455492	0	0
holistic	he1338	830	1.267152	1.267152	2	2	24	0	0	0	1.267152	0	0
conventional	ce1684	830	0	23.902661	0	14	7	3.802563	6.275105	11.126263	2.698730	0	0
holistic	he1339	831	1.798051	1.798051	2	2	21	0	0	0	1.798051	0	0
conventional	ce1685	831	0.627942	23.255831	1	13	7	3.874109	8.823051	6.533246	4.025425	0	0
holistic	he1340	832	0	0	0	0	6	0	0	0	0	0	0
conventional	ce1686	832	0	33.091541	0	14	7	5.632715	6.893451	13.559168	7.006207	0	0
conventional	ce1687	832	0	22.102037	0	14	7	0.685068	0.771790	15.176821	5.468358	1.112335	0
conventional	ce1688	832	0	19.579635	0	14	7	2.590847	2.172292	12.293095	2.523401	0	0
conventional	ce1689	832	0	27.966154	0	14	7	3.312284	7.464128	12.868280	4.321462	1.382197	0
holistic	he1341	833	0	0	0	0	16	0	0	0	0	0	0
holistic	he1342	833	0.739157	0.739157	1	1	14	0	0	0	0.739157	0	0
holistic	he1343	833	0	0	0	0	11	0	0	0	0	0	0
conventional	ce1690	833	0	49.453013	0	14	7	11.540526	8.124699	22.474583	7.313205	0	0
holistic	he1344	834	1.019912	1.019912	1	1	6	1.019912	0	0	0	0	0
conventional	ce1691	834	0	29.897394	0	14	7	5.787739	4.067838	14.325817	5.716000	0	0
conventional	ce1692	834	0	42.815697	0	14	7	3.137849	3.126209	26.244235	10.307404	0	0
holistic	he1345	835	0.308916	0.308916	1	1	16	0	0	0	0.308916	0	0
holistic	he1346	835	0	0	0	0	4	0	0	0	0	0	0
holistic	he1347	835	1.274223	1.274223	1	1	6	1.274223	0	0	0	0	0
conventional	ce1693	835	0	30.488815	0	14	7	6.011025	4.993460	14.364208	5.120122	0	0
conventional	ce1694	835	0	34.950586	0	14	7	3.895713	3.394316	18.353657	9.306900	0	0
conventional	ce1695	835	0	30.760518	0	13	7	5.450463	9.068571	8.967056	7.274428	0	0
conventional	ce1696	835	0.706406	36.318297	1	14	7	3.391075	1.859562	18.560518	12.507142	0.232326	0
holistic	he1348	836	0.326469	0.593513	1	2	12	0	0	0	0.593513	0	0
holistic	he1349	836	0.192238	0.192238	2	2	18	0	0	0	0.192238	0	0
conventional	ce1697	836	0	36.568196	0	14	7	8.641545	9.480878	12.875489	5.570284	0	0
holistic	he1350	837	0	0.965196	0	2	10	0	0	0	0.965196	0	0
holistic	he1351	837	0	0	0	0	6	0	0	0	0	0	0
conventional	ce1698	837	0	43.005475	0	14	7	7.725349	6.506173	22.576332	6.197621	0	0
holistic	he1352	838	0	0	0	0	10	0	0	0	0	0	0
holistic	he1353	838	1.478314	1.478314	2	2	18	0	0	0	1.478314	0	0
holistic	he1354	838	0	0	0	0	6	0	0	0	0	0	0
conventional	ce1699	838	0	28.850727	0	14	7	4.110687	2.209006	19.935072	2.595962	0	0
holistic	he1355	839	1.486240	1.486240	1	1	13	0	0	0	1.486240	0	0
holistic	he1356	839	0.739157	0.739157	1	1	14	0	0	0	0.739157	0	0
conventional	ce1700	839	0	30.099312	0	13	7	4.219385	7.556491	10.643410	7.680026	0	0
conventional	ce1701	839	0	26.307853	0	14	7	3.798581	4.606745	14.677824	3.224703	0	0
conventional	ce1702	840	0	29.745304	0	7	7	5.940377	6.348918	12.525162	4.930847	0	0
conventional	ce1703	840	0	32.845271	0	14	7	5.412585	5.940937	13.222959	8.268790	0	0
conventional	ce1704	840	0	30.601382	0	14	7	7.650712	5.000445	13.599416	4.350809	0	0
holistic	he1357	841	0	0	0	0	9	0	0	0	0	0	0
holistic	he1358	841	1.274223	1.274223	1	1	6	1.274223	0	0	0	0	0
conventional	ce1705	841	0.402528	25.515714	1	14	7	6.087501	5.614905	9.086998	4.726310	0.175084	0
holistic	he1359	842	0.803974	10.515374	2	6	12	0	0	0	10.515374	0	0
holistic	he1360	842	1.486240	2.338614	1	2	13	0	0	0	2.338614	0	0
holistic	he1361	842	0.192238	0.192238	2	2	12	0	0	0	0.192238	0	0
holistic	he1362	842	0.803974	10.312652	2	6	12	0	0	0	10.312652	0	0
holistic	he1363	843	1.274223	1.274223	1	1	8	1.274223	0	0	0	0	0
conventional	ce1706	843	0	24.497802	0	7	7	3.564688	7.027173	9.688062	4.217879	0	0
holistic	he1364	845	0.687302	0.687302	2	2	21	0	0	0	0.687302	0	0
holistic	he1365	845	0	0	0	0	6	0	0	0	0	0	0
holistic	he1366	845	0	0	0	0	4	0	0	0	0	0	0
conventional	ce1707	845	0	25.319905	0	14	7	2.078218	1.956869	12.141989	9.142829	0	0
holistic	he1367	846	0.308916	0.308916	1	1	10	0	0	0	0.308916	0	0
conventional	ce1708	846	0	10.018094	0	7	7	0.020274	2.863182	3.696055	3.438583	0	0
conventional	ce1709	846	0.123093	30.796540	1	14	7	3.890219	5.897711	15.542459	5.466151	1.637596	0
holistic	he1368	847	0.359624	0.491374	1	2	12	0	0	0	0.491374	0	0
conventional	ce1710	847	0	26.248289	0	14	7	3.786010	3.902798	16.633671	1.925810	0	0
holistic	he1369	848	0	0	0	0	16	0	0	0	0	0	0
conventional	ce1711	848	0	36.382916	0	14	7	4.123631	3.583372	19.453973	9.221940	1.804169	0
conventional	ce1712	848	1.023315	17.722989	1	7	7	2.336169	7.097427	6.237009	2.052384	1.157698	0
holistic	he1370	849	0	0	0	0	4	0	0	0	0	0	0
conventional	ce1713	849	0	25.837796	0	14	7	3.072806	4.629555	13.724441	4.410994	0	0
conventional	ce1714	849	0	33.816321	0	14	7	5.490832	6.827873	14.228687	7.268929	0	0
conventional	ce1715	849	0	34.998148	0	14	7	5.139290	0.876250	26.062640	2.919968	0.952349	0
conventional	ce1716	849	0	25.265110	0	7	7	3.517326	7.469602	9.219988	5.058194	0	0
conventional	ce1717	849	0	26.636082	0	14	7	3.531900	5.294183	13.730069	4.079930	0	0
conventional	ce1718	849	1.565415	39.664624	1	14	7	7.834525	3.515250	20.804612	7.510237	1.298304	0
holistic	he1371	850	2.463509	2.463509	1	1	22	0	0	0	2.463509	0	0
holistic	he1372	850	1.633598	1.633598	2	2	36	0	0	0	1.633598	0	0
conventional	ce1719	850	0	23.369376	0	14	7	2.933651	5.217557	10.375071	4.843097	0	0
conventional	ce1720	850	0	37.812883	0	14	7	8.859151	8.710276	14.999456	5.244000	0	0
conventional	ce1721	851	0	28.600622	0	14	7	2.482261	4.565939	18.319199	3.233223	0	0
conventional	ce1722	853	0.968150	31.552676	1	14	7	2.688450	3.196749	20.411643	5.255834	1.659280	0
conventional	ce1723	853	0	32.016936	0	14	7	3.825169	2.057636	18.072173	8.061958	0	0
holistic	he1373	854	0	0	0	0	3	0	0	0	0	0	0
holistic	he1374	855	0	0	0	0	4	0	0	0	0	0	0
conventional	ce1724	855	0	40.010930	0	14	7	7.677684	5.460651	17.432483	9.440112	0	0
conventional	ce1725	855	0	24.485120	0	14	7	0.549309	0.813827	21.730721	1.391263	0	0
holistic	he1375	856	1.489599	1.489599	1	1	13	0	0	0	1.489599	0	0
holistic	he1376	856	0	0	0	0	8	0	0	0	0	0	0
conventional	ce1726	856	0	6.470105	0	7	7	0.053787	2.531283	2.516734	1.368301	1.335630	0
conventional	ce1727	857	0	20.997718	0	14	7	1.165064	3.928470	7.736239	8.167945	1.112335	0
conventional	ce1728	857	0	28.047910	0	14	7	2.746612	5.424350	14.093949	5.782999	0	0
holistic	he1377	858	0.326469	0.601260	1	2	8	0	0	0	0.601260	0	0
holistic	he1378	858	0	0	0	0	4	0	0	0	0	0	0
conventional	ce1729	858	1.565415	34.851960	1	14	7	3.568502	4.821569	22.050176	4.411713	1.694039	0
conventional	ce1730	858	0	27.629791	0	13	7	3.231207	7.156460	10.745344	6.496780	0	0
conventional	ce1731	858	0	26.391716	0	14	7	3.528266	4.840423	13.531638	4.491389	0	0
conventional	ce1732	859	0	39.710315	0	14	7	4.242539	3.044578	23.578090	8.845108	0	0
conventional	ce1733	859	0	41.358834	0	14	7	11.692259	8.049751	15.993956	5.622868	0	0
holistic	he1379	860	1.205961	21.027291	3	12	18	0	0	0	21.027291	0	0
conventional	ce1734	861	0	27.843469	0	14	7	2.619266	5.305561	11.638475	8.280167	0	0
holistic	he1380	862	1.408140	9.708486	2	6	12	0	0	0	9.708486	0	0
holistic	he1381	862	0	0	0	0	6	0	0	0	0	0	0
holistic	he1382	862	0	0	0	0	4	0	0	0	0	0	0
holistic	he1383	862	0	0	0	0	4	0	0	0	0	0	0
conventional	ce1735	862	0	36.189653	0	14	7	2.416483	1.031338	22.587332	10.154500	0	0
conventional	ce1736	863	0	17.904953	0	13	7	0.363277	5.225749	8.317435	3.998492	0	0
holistic	he1384	864	0	0.469010	0	1	8	0	0	0	0.469010	0	0
holistic	he1385	864	0.803974	0.803974	2	2	12	0	0	0	0.803974	0	0
conventional	ce1737	864	0	40.579925	0	14	7	7.980394	7.739581	16.966307	7.893643	1.112335	0
holistic	he1386	865	0	0	0	0	4	0	0	0	0	0	0
holistic	he1387	865	0	0	0	0	6	0	0	0	0	0	0
conventional	ce1738	865	0	17.908401	0	14	7	1.064729	0.721966	6.901806	9.219900	0	0
conventional	ce1739	866	0	20.777699	0	14	7	2.633018	1.725941	9.075239	7.343501	0	0
conventional	ce1740	866	0	32.973096	0	14	7	9.307388	5.938460	13.209948	4.517300	0	0
holistic	he1388	867	0	0	0	0	2	0	0	0	0	0	0
holistic	he1389	867	0	0	0	0	6	0	0	0	0	0	0
holistic	he1390	867	1.376654	2.229028	1	2	10	0	0	0	2.229028	0	0
conventional	ce1741	867	0	31.527055	0	14	7	8.077302	6.988648	11.878784	4.582321	0	0
conventional	ce1742	867	0	41.212316	0	14	7	5.438814	9.095247	20.902926	5.775329	0	0
holistic	he1391	868	0	1.137985	0	2	8	0	0	0	1.137985	0	0
holistic	he1392	868	0	0	0	0	12	0	0	0	0	0	3.091388
holistic	he1393	868	0.326469	0.601260	1	2	8	0	0	0	0.601260	0	0
conventional	ce1743	868	0	26.207952	0	14	7	3.335371	5.885465	12.334245	4.652871	0	0
conventional	ce1744	868	0	19.180753	0	13	7	1.188635	7.180988	5.607873	5.203257	0	0
holistic	he1394	869	0	0.965196	0	2	4	0	0	0	0.965196	0	0
conventional	ce1745	869	0	52.339997	0	14	7	14.200214	7.240665	23.888803	7.010315	0	0
conventional	ce1746	869	0	23.004616	0	13	7	3.571132	5.748008	7.980240	5.705236	0	0
conventional	ce1747	869	0	23.083046	0	7	7	2.937035	6.961626	8.247016	4.937369	0	0
holistic	he1395	870	0.803974	10.312652	2	6	12	0	0	0	10.312652	0	0
holistic	he1396	870	0.192238	0.192238	2	2	18	0	0	0	0.192238	0	0
holistic	he1397	871	0.096119	0.096119	1	1	12	0	0	0	0.096119	0	1.775776
holistic	he1398	871	1.266080	1.266080	2	2	12	0	0	0	1.266080	0	0
conventional	ce1748	871	0	52.533515	0	14	7	11.985133	10.389803	22.450512	7.708067	0	0
holistic	he1399	872	0	0	0	0	2	0	0	0	0	0	0
conventional	ce1749	873	0	24.717487	0	7	7	3.782094	6.767776	8.061677	6.105940	0	0
holistic	he1400	874	1.255177	1.255177	2	2	24	0	0	0	1.255177	0	0
conventional	ce1750	874	0	20.085376	0	13	7	0.363277	4.366624	8.042952	7.312523	0	0
conventional	ce1751	874	0	8.466720	0	7	7	0.593363	2.462426	3.123374	2.287557	0	0
conventional	ce1752	875	0	18.193359	0	14	7	1.918504	2.187328	12.607335	1.480192	0	0
holistic	he1401	876	0	0	0	0	4	0	0	0	0	0	0
holistic	he1402	876	0	0	0	0	2	0	0	0	0	0	0
holistic	he1403	876	1.274223	1.274223	1	1	8	1.274223	0	0	0	0	0
conventional	ce1753	876	0	28.348439	0	14	7	6.660783	4.221749	12.374892	5.091015	0	0
conventional	ce1754	876	0	39.807594	0	14	7	11.410610	7.948523	15.651400	4.797061	0	0
conventional	ce1755	876	1.565415	48.732430	1	14	7	8.129696	4.223357	25.263948	11.115429	1.115812	0
holistic	he1404	878	0	0	0	0	6	0	0	0	0	0	0.887888
holistic	he1405	878	4.685962	4.685962	4	4	12	0	0	0	4.685962	0	0
holistic	he1406	878	0	0	0	0	4	0	0	0	0	0	0
holistic	he1407	879	0	0	0	0	2	0	0	0	0	0	0
conventional	ce1756	879	0	32.555276	0	14	7	8.892319	5.961512	12.079162	5.622283	0	0
conventional	ce1757	879	0	25.017461	0	14	7	2.456858	2.229726	16.041594	4.289283	0	0
conventional	ce1758	879	1.565415	36.979355	1	14	7	7.550480	4.055687	19.904504	5.468684	1.694039	0
holistic	he1408	880	0	0	0	0	4	0	0	0	0	0	0
holistic	he1409	880	1.322110	1.322110	1	1	13	0	0	0	1.322110	0	0
conventional	ce1759	880	0	20.186965	0	14	7	4.630387	2.099106	9.202939	4.254533	0	0
holistic	he1410	881	2.548446	2.548446	2	2	12	2.548446	0	0	0	0	0
holistic	he1411	881	0	1.673105	0	2	8	0	0	0	1.673105	0	0
holistic	he1412	881	1.596236	3.469724	4	8	20	0	0	0	3.469724	0	0
conventional	ce1760	881	0.402528	10.299561	1	14	7	1.070957	3.431823	3.308016	2.488765	0.175084	0
conventional	ce1761	881	1.565415	33.259712	1	14	7	7.391695	5.090226	14.653898	6.123893	0	0
conventional	ce1762	881	0	24.416025	0	7	7	4.090235	7.187880	8.897369	4.240541	0	0
conventional	ce1763	881	0.706406	48.888832	1	14	7	5.359351	2.664029	22.808481	18.056971	0.232326	0
holistic	he1413	882	0.359624	1.041808	1	2	12	0	0	0	1.041808	0	0
holistic	he1414	882	0.652938	1.295534	2	4	6	0	0	0	1.295534	0	0
conventional	ce1764	882	0	44.887482	0	14	7	2.937324	3.022123	28.189655	10.738380	0	0
conventional	ce1765	882	0	50.090343	0	14	7	5.918937	5.687464	24.050102	14.433840	0	0
holistic	he1415	883	0.326469	0.601260	1	2	18	0	0	0	0.601260	0	0
conventional	ce1766	883	0	26.429580	0	13	7	2.873074	6.388146	11.012616	6.155744	0	0
conventional	ce1767	883	0.691812	25.555939	1	8	7	7.506368	3.584303	10.088520	4.376748	0	0
holistic	he1416	884	0.326469	0.601260	1	2	8	0	0	0	0.601260	0	0
holistic	he1417	884	0.803974	8.051954	2	6	12	0	0	0	8.051954	0	0
conventional	ce1768	884	0	23.288244	0	14	7	5.015776	4.565572	9.858612	3.848284	0	0
conventional	ce1769	884	0	23.306018	0	14	7	1.447875	2.330904	17.870666	1.656573	0	0
conventional	ce1770	884	0	39.664501	0	14	7	4.751835	4.704122	20.348746	9.859798	1.471221	0
conventional	ce1771	884	0	28.823735	0	14	7	3.772517	5.989871	15.077850	3.983497	0	0
holistic	he1418	885	1.555946	3.458844	1	3	14	0	0	0	3.458844	0	0
conventional	ce1772	885	0	21.634655	0	14	7	4.848796	4.272591	8.364716	4.148552	0	0
holistic	he1419	886	1.478314	1.478314	2	2	18	0	0	0	1.478314	0	0
holistic	he1420	886	1.408140	13.536496	2	6	12	0	0	0	13.536496	0	0
conventional	ce1773	886	0	19.457442	0	7	7	0.352430	5.493553	11.104198	2.507261	0.217577	0
holistic	he1421	888	0.096119	0.096119	1	1	24	0	0	0	0.096119	0	0
holistic	he1422	888	0	0	0	0	2	0	0	0	0	0	0
conventional	ce1774	888	0.448762	21.357316	1	13	7	3.781822	5.049134	7.297233	5.229127	0	0
holistic	he1423	890	0	0	0	0	6	0	0	0	0	0	0
holistic	he1424	890	0	0	0	0	12	0	0	0	0	0	0
conventional	ce1775	891	1.435184	29.494194	1	14	7	3.768093	5.824903	13.197274	6.703924	0.543570	0
conventional	ce1776	891	0	31.325145	0	13	7	3.912286	7.698423	13.415862	6.298574	0	0
holistic	he1425	892	1.266080	4.690960	2	6	21	0	0	0	4.690960	0	0
holistic	he1426	892	1.318256	1.318256	1	1	6	1.318256	0	0	0	0	0
conventional	ce1777	892	0.001842	14.750993	1	8	7	0.058371	3.721371	5.236665	5.734586	0	0
conventional	ce1778	892	0	22.301264	0	14	7	1.478427	1.593444	16.606486	2.622907	0	0
conventional	ce1779	892	0	33.350782	0	14	7	12.134824	2.798487	15.437140	2.980331	0	0
holistic	he1427	893	1.266080	1.266080	2	2	12	0	0	0	1.266080	0	0
holistic	he1428	893	0.326469	0.442632	1	2	8	0	0	0	0.442632	0	0
conventional	ce1780	893	0	26.542601	0	14	7	2.450146	5.200276	10.966504	7.925675	0	0
conventional	ce1781	893	0	22.847270	0	7	7	3.418779	6.523005	7.290848	5.614638	0	0
holistic	he1429	894	1.478314	1.478314	2	2	12	0	0	0	1.478314	0	0
conventional	ce1782	894	0	33.939996	0	14	7	4.210084	0.823709	26.353342	2.552861	0.972054	0
conventional	ce1783	894	0	22.591196	0	14	7	3.308500	7.540721	7.775050	3.966925	0	0
conventional	ce1784	894	0	17.143069	0	14	7	3.859652	3.394213	6.935578	2.953626	0	0
holistic	he1430	895	0	0	0	0	8	0	0	0	0	0	0
holistic	he1431	895	0	0	0	0	6	0	0	0	0	0	0
holistic	he1432	895	0.359624	1.041808	1	2	12	0	0	0	1.041808	0	0
holistic	he1433	895	1.486240	2.534916	1	2	13	0	0	0	2.534916	0	0
conventional	ce1785	895	0	23.244609	0	13	7	3.833747	5.832710	6.788082	6.790070	0	0
conventional	ce1786	895	0	21.233822	0	13	7	1.089446	5.288714	11.331303	3.524359	0	0
conventional	ce1787	895	0	17.719584	0	14	7	1.124506	3.246578	8.641659	4.706841	0	0
holistic	he1434	896	0	0	0	0	6	0	0	0	0	0	0
holistic	he1435	896	2.405048	15.589534	2	6	12	0	0	0	15.589534	0	0
conventional	ce1788	896	0	18.753436	0	13	7	0.102036	5.046719	11.310609	2.294072	0	0
conventional	ce1789	896	0	21.751715	0	13	7	3.577146	5.107968	7.367446	5.699155	0.391632	0
holistic	he1436	897	0.192238	0.192238	2	2	12	0	0	0	0.192238	0	0
conventional	ce1790	897	0	43.684612	0	13	7	6.072223	9.704824	19.055862	8.851703	0	0
holistic	he1437	898	1.555946	3.458844	1	3	14	0	0	0	3.458844	0	0
holistic	he1438	898	0	0	0	0	7	0	0	0	0	0	0
holistic	he1439	898	1.318256	1.318256	1	1	6	1.318256	0	0	0	0	0
conventional	ce1791	898	0	35.143998	0	13	7	4.686919	9.734252	12.182018	8.540809	0	0
holistic	he1440	899	2.972480	4.677228	2	4	12	0	0	0	4.677228	0	0
holistic	he1441	899	1.478314	1.478314	2	2	12	0	0	0	1.478314	0	0
conventional	ce1792	899	0	35.742557	0	13	7	3.028633	8.592196	14.850093	9.271635	0	0
conventional	ce1793	900	0	17.300795	0	13	7	0.712276	4.223683	8.123637	4.241199	0	0
conventional	ce1794	900	0	16.725466	0	14	7	1.850425	5.019505	7.565421	2.290115	0	0
holistic	he1442	901	0.359624	0.771487	1	2	12	0	0	0	0.771487	0	0
conventional	ce1795	901	0	19.903485	0	14	7	1.579700	0.617184	13.089679	4.616922	0.626771	0
holistic	he1443	902	0.652938	1.295534	2	4	6	0	0	0	1.295534	0	0
holistic	he1444	902	0	0	0	0	7	0	0	0	0	0	0
holistic	he1445	902	1.408140	13.536496	2	6	12	0	0	0	13.536496	0	0
holistic	he1446	902	0	0	0	0	20	0	0	0	0	0	0
holistic	he1447	903	1.489599	1.489599	1	1	10	0	0	0	1.489599	0	0
holistic	he1448	903	0.745022	0.053160	2	2	12	0	0	0	0.053160	0	0
conventional	ce1796	903	0.448762	22.495339	1	13	7	3.570051	5.402213	8.895611	4.627464	0	0
conventional	ce1797	903	0	36.325227	0	14	7	2.459748	9.045655	15.473278	9.346546	0	0
holistic	he1449	905	0.376917	0.694170	2	4	8	0	0	0	0.694170	0	0
holistic	he1450	905	0	1.673105	0	2	8	0	0	0	1.673105	0	0
conventional	ce1798	905	0	27.787182	0	13	7	3.855239	8.710568	9.999545	5.221830	0	0
holistic	he1451	906	0	0	0	0	9	0	0	0	0	0	0
holistic	he1452	906	1.765537	1.765537	2	2	32	0	0	0	1.765537	0	0
conventional	ce1799	906	1.565415	26.199700	1	14	7	6.676323	4.664055	9.964637	4.894685	0	0
holistic	he1453	907	0	0	0	0	2	0	0	0	0	0	0
holistic	he1454	907	0	1.263844	0	4	6	0	1.263844	0	0	0	0
holistic	he1455	908	0	0	0	0	4	0	0	0	0	0	0
conventional	ce1800	908	0	24.405121	0	14	7	4.917005	5.877325	10.133950	3.476841	0	0
holistic	he1456	909	0.652938	0.942920	2	4	6	0	0	0	0.942920	0	0
conventional	ce1801	909	0	30.860708	0	14	7	3.791011	5.630445	12.083317	9.355935	0	0
conventional	ce1802	909	1.526820	26.727063	1	14	7	5.791548	2.213831	9.549141	9.172543	0	0
conventional	ce1803	909	0	25.864610	0	13	7	3.081338	5.904963	10.766851	6.111458	0	0
conventional	ce1804	909	0	26.084350	0	13	7	3.882483	7.367976	6.609092	8.224799	0	0
conventional	ce1805	909	0	37.489837	0	14	7	9.774302	5.906354	15.495434	6.313747	1.395346	0
holistic	he1457	910	0	0.469010	0	1	8	0	0	0	0.469010	0	0
holistic	he1458	910	1.478314	1.478314	2	2	18	0	0	0	1.478314	0	0
holistic	he1459	910	0	0	0	0	8	0	0	0	0	0	0
conventional	ce1806	910	0	27.095582	0	13	7	2.715578	4.833923	12.171009	7.375072	0	0
conventional	ce1807	910	0	8.596840	0	7	7	0.916895	1.455154	3.039620	3.185171	0	0
conventional	ce1808	910	0	36.396986	0	14	7	6.231145	2.514231	20.213468	7.438142	0	0
conventional	ce1809	910	0.978142	48.587179	1	14	7	7.650142	4.664041	25.154474	11.118522	1.115812	0
conventional	ce1810	911	0	17.304811	0	14	7	1.730742	5.064949	8.169631	2.339489	0	0
conventional	ce1811	911	0	21.564672	0	14	7	4.632490	4.382863	8.313773	4.235546	0.135793	0
conventional	ce1812	911	0	30.501819	0	14	7	3.526037	4.577632	12.853633	9.544517	0	0
conventional	ce1813	912	0	31.299550	0	14	7	5.416498	5.045457	5.329561	15.508034	0	0
conventional	ce1814	912	0	19.165174	0	7	7	0.751138	5.394777	10.300129	2.719130	0.816107	0
conventional	ce1815	913	0	47.429688	0	14	7	5.295941	4.451010	27.313224	10.369513	0.721817	0
conventional	ce1816	913	0	26.208562	0	14	7	1.438350	5.407938	11.625406	7.736868	0	0
holistic	he1460	915	2.405048	2.405048	2	2	12	0	0	0	2.405048	0	0
holistic	he1461	916	1.305876	1.580264	4	8	10	0	0	0	1.580264	0	0
holistic	he1462	916	0	0	0	0	5	0	0	0	0	0	0
conventional	ce1817	916	0	37.517432	0	13	7	5.350609	10.663332	12.656862	8.846629	0	0
conventional	ce1818	916	0.706406	47.196989	1	14	7	5.285369	3.076179	21.741549	17.093892	0.232326	0
conventional	ce1819	916	0	34.334732	0	14	7	9.180332	5.416818	13.950213	5.787369	1.227394	0
conventional	ce1820	917	0	25.584355	0	7	7	2.757597	8.998620	7.792665	6.035473	0	0
holistic	he1463	918	3.714412	3.714412	4	4	12	0	0	0	3.714412	0	0
holistic	he1464	918	0.376917	0.694170	2	4	6	0	0	0	0.694170	0	0
conventional	ce1821	918	0	26.125342	0	12	7	2.527995	9.005166	10.384800	4.207381	0	0
conventional	ce1822	918	0	37.979751	0	14	7	11.817899	6.028505	15.349922	4.783425	0.043648	0
conventional	ce1823	918	1.565415	45.462183	1	14	7	7.995917	4.328730	25.081419	8.056117	1.780401	0
conventional	ce1824	919	0	22.660444	0	14	7	4.689414	2.672877	11.805668	3.492485	0	0
conventional	ce1825	919	0.706406	45.628028	1	14	7	5.186715	2.664029	21.937534	15.839750	0.232326	0
holistic	he1465	920	0	0	0	0	12	0	0	0	0	0	0
holistic	he1466	920	0.359624	1.041808	1	2	16	0	0	0	1.041808	0	0
conventional	ce1826	920	0	15.022800	0	13	7	0.406027	4.188099	7.167656	3.261018	0	0
conventional	ce1827	921	0	32.814632	0	14	7	12.035888	3.012495	14.910852	2.855397	0	0
holistic	he1467	922	0	0.988655	0	2	8	0	0	0	0.988655	0	0
holistic	he1468	922	0	0	0	0	3	0	0	0	0	0	0
holistic	he1469	922	1.000023	0.787798	2	3	18	0	0	0	0.787798	0	0
holistic	he1470	922	0	0.711828	0	1	8	0	0	0	0.711828	0	0
holistic	he1471	922	0.376917	0.694170	2	4	8	0	0	0	0.694170	0	0
conventional	ce1828	922	0	36.109985	0	14	7	3.180617	9.045655	15.473278	8.410435	0	0
conventional	ce1829	922	0	34.367931	0	14	7	8.421175	7.662747	13.037750	5.246259	0	0
conventional	ce1830	923	0	23.127478	0	13	7	3.748171	6.865755	8.057960	4.455592	0	0
holistic	he1472	924	0.983008	1.043962	1	1	2	0	0	0	1.043962	0	0
conventional	ce1831	924	0	16.314957	0	7	7	4.064205	4.831942	4.954693	2.464117	0	0
holistic	he1473	925	0	0	0	0	2	0	0	0	0	0	0
holistic	he1474	925	2.230366	1.639384	4	6	21	0	0	0	1.639384	0	0
conventional	ce1832	926	0	41.233235	0	14	7	2.302528	3.333273	24.892321	10.705113	0	0
holistic	he1475	927	0	1.190640	0	2	8	0	0	0	1.190640	0	0
holistic	he1476	927	1.562586	3.544680	1	3	6	0	0	0	3.544680	0	0
holistic	he1477	927	1.555946	4.313245	1	3	16	0	0	0	4.313245	0	0
conventional	ce1833	927	0	35.620577	0	14	7	6.557377	2.181154	18.242342	8.639704	0	0
holistic	he1478	928	2.532160	2.532160	4	4	13	0	0	0	2.532160	0	0
holistic	he1479	928	0.326469	0.326469	1	1	12	0	0	0	0.326469	0	0
holistic	he1480	928	0.096119	0.096119	1	1	12	0	0	0	0.096119	0	1.775776
conventional	ce1834	928	0	46.289480	0	13	7	5.686179	9.192722	23.147608	8.262971	0.034260	0
conventional	ce1835	928	0	32.979871	0	14	7	8.552456	5.106174	14.924240	4.397001	1.227394	0
holistic	he1481	929	0.359624	1.521838	1	2	12	0	0	0	1.521838	0	0
holistic	he1482	929	0.359624	1.041808	1	2	22	0	0	0	1.041808	0	0
conventional	ce1836	929	0	36.657368	0	7	7	6.376947	7.796843	15.560226	6.923352	0	0
conventional	ce1837	929	0	31.458924	0	12	7	3.381284	8.669949	13.130305	6.277386	0	0
conventional	ce1838	929	0	15.702853	0	7	7	1.136124	5.394777	6.452822	2.719130	0.816107	0
holistic	he1483	930	0	0	0	0	8	0	0	0	0	0	0
holistic	he1484	930	0.189238	0.189238	2	2	18	0	0	0	0.189238	0	0
holistic	he1485	930	0.503454	0.503454	2	2	8	0	0	0	0.503454	0	0
conventional	ce1839	930	0	24.839066	0	13	7	3.833747	5.681302	8.552239	6.771778	0	0
holistic	he1486	931	0	0	0	0	2	0	0	0	0	0	0
holistic	he1487	931	0	0	0	0	8	0	0	0	0	0	0
conventional	ce1840	931	0	43.279479	0	14	7	5.467982	3.405828	24.553420	9.852249	0	0
holistic	he1488	932	0.326469	0.852411	1	2	8	0	0	0	0.852411	0	0
conventional	ce1841	932	0	39.047150	0	14	7	5.666938	2.473679	24.886305	6.020228	0	0
holistic	he1489	933	1.078872	4.565514	3	6	16	0	0	0	4.565514	0	0
conventional	ce1842	933	0.706406	58.741767	1	14	7	6.194300	4.565751	29.321479	18.660237	0.232326	0
conventional	ce1843	933	0.520696	35.411746	1	14	7	10.348225	6.630279	12.857144	5.576098	0.884555	0
conventional	ce1844	934	0	28.314167	0	14	7	3.061628	2.366947	17.838198	5.047394	0	0
conventional	ce1845	934	0	31.863718	0	14	7	5.345643	5.220849	16.265011	5.032215	0	0
conventional	ce1846	934	0	22.154468	0	7	7	0.495225	6.903822	12.649143	2.106278	0.123308	0
holistic	he1490	935	2.405048	15.257150	2	6	12	0	0	0	15.257150	0	0
holistic	he1491	936	0.323260	0.323260	2	2	16	0	0	0	0.323260	0	0
holistic	he1492	936	0.326469	0.601260	1	2	10	0	0	0	0.601260	0	0
conventional	ce1847	936	0	47.742415	0	14	7	8.589902	2.669766	26.143098	10.339649	0	0
conventional	ce1848	936	0	18.747918	0	14	7	1.929476	5.057999	6.296727	5.463716	0	0
conventional	ce1849	936	0	27.702800	0	13	7	5.489451	5.701085	7.942214	8.570050	0	0
conventional	ce1850	936	0.219890	59.931542	1	14	7	8.441203	4.515596	27.931392	19.043351	0.232326	0
holistic	he1493	938	0.338930	0.338930	2	2	12	0	0	0	0.338930	0	0
conventional	ce1851	938	0	24.365380	0	14	7	0.264988	1.492510	19.724282	2.883600	0	0
holistic	he1494	939	0	0	0	0	12	0	0	0	0	0	0
holistic	he1495	939	0.192238	0.192238	2	2	12	0	0	0	0.192238	0	0
conventional	ce1852	939	0	42.527152	0	14	7	12.877890	8.640284	14.382923	6.626055	0	0
conventional	ce1853	939	0	31.433420	0	14	7	3.801397	7.066661	16.773163	3.792199	0	0
conventional	ce1854	939	0	49.206617	0	13	7	7.086142	10.321510	22.433942	9.365023	0	0
holistic	he1496	940	0.790852	1.469919	1	2	16	0	0	0	1.469919	0	0
conventional	ce1855	940	0.331992	35.868428	1	14	7	9.547795	6.971641	14.259824	5.089168	0.699827	0
conventional	ce1856	940	0.654810	23.635525	1	7	7	0.366289	7.362553	14.128258	1.778425	0.123308	0
conventional	ce1857	940	0.457946	47.290887	1	14	7	5.701523	3.377600	20.640868	17.570896	0.232326	0
holistic	he1497	941	1.562586	3.544680	1	3	6	0	0	0	3.544680	0	0
holistic	he1498	941	0.096119	0.096119	1	1	12	0	0	0	0.096119	0	1.775776
conventional	ce1858	941	0	35.277969	0	14	7	9.552057	5.545307	14.449922	5.730683	1.395346	0
conventional	ce1859	941	0	30.082194	0	13	7	2.907777	7.913102	11.770838	7.490477	0	0
holistic	he1499	942	1.734334	1.734334	2	2	18	0	0	0	1.734334	0	0
holistic	he1500	942	0	0.988655	0	2	8	0	0	0	0.988655	0	0
holistic	he1501	942	0	1.710035	0	1	7	0	0	0	1.710035	0	0
conventional	ce1860	942	0	29.386849	0	12	7	3.204308	8.174239	13.692061	4.316241	0	0
conventional	ce1861	942	0	21.190873	0	13	7	3.615282	4.700292	7.327463	5.547836	0	0
holistic	he1502	943	1.555946	1.555946	1	1	14	0	0	0	1.555946	0	0
conventional	ce1862	943	0	15.914351	0	7	7	0.289724	4.727868	8.864475	2.032284	0.613660	0
conventional	ce1863	943	1.565415	38.930787	1	14	7	6.417778	3.414971	22.221966	6.876072	1.780401	0
holistic	he1503	944	0	0	0	0	6	0	0	0	0	0	0
conventional	ce1864	944	0	34.218804	0	13	7	5.130338	10.494323	9.974364	8.619779	0	0
conventional	ce1865	944	0	30.216552	0	14	7	2.344042	2.829798	19.717110	5.325602	0	0
conventional	ce1866	944	0.457946	48.861404	1	14	7	6.863784	3.372185	21.178073	17.447362	1.151089	0
conventional	ce1867	944	0	28.137044	0	12	7	2.714921	10.430119	10.700396	4.291608	0.436309	0
holistic	he1504	945	0	0	0	0	8	0	0	0	0	0	0
conventional	ce1868	945	0	17.138946	0	14	7	5.145186	2.323803	6.119195	3.550762	1.395346	0
holistic	he1505	946	0	0	0	0	6	0	0	0	0	0	0
holistic	he1506	946	0.427692	0.787683	2	4	6	0	0	0	0.787683	0	0
conventional	ce1869	946	0	18.144279	0	14	7	3.163983	4.976844	7.676227	2.327225	0	0
conventional	ce1870	946	0	36.083817	0	13	7	5.350609	10.712994	12.668929	7.351285	0	0
holistic	he1507	947	0.031848	0.031848	1	1	12	0	0	0	0.031848	0	0.727792
holistic	he1508	947	0	1.173626	0	2	8	0	0	0	1.173626	0	0
conventional	ce1871	948	0	23.033836	0	14	7	3.305243	4.332247	11.354918	4.041428	0	0
conventional	ce1872	948	0.018574	41.628470	1	14	7	11.913161	7.925559	17.230912	4.558838	1.109372	0
holistic	he1509	949	0	0	0	0	6	0	0	0	0	0	0
holistic	he1510	949	1.291558	1.291558	1	1	11	0	0	0	1.291558	0	0
holistic	he1511	950	0.745022	0.053160	2	2	12	0	0	0	0.053160	0	0
holistic	he1512	951	0.326469	0.326469	1	1	10	0	0	0	0.326469	0	0
conventional	ce1873	951	0	55.553634	0	14	7	10.659103	1.752326	30.682203	12.460002	0	0
holistic	he1513	952	2.405048	17.702794	2	6	12	0	0	0	17.702794	0	0
holistic	he1514	952	4.025680	4.025680	4	4	10	0	0	0	4.025680	0	0
conventional	ce1874	952	0	36.540041	0	7	7	4.827634	8.109359	17.509592	6.093456	0	0
holistic	he1515	953	0.486346	0.486346	2	2	12	0	0	0	0.486346	0	0
holistic	he1516	953	0	0	0	0	5	0	0	0	0	0	0
conventional	ce1875	953	0	28.859705	0	12	7	2.675609	10.681694	11.052959	4.449443	0	0
holistic	he1517	954	0.031848	0.031848	1	1	12	0	0	0	0.031848	0	2.807184
conventional	ce1876	954	0	20.610688	0	14	7	2.136970	4.865340	5.397938	8.210440	0	0
holistic	he1518	955	0.096119	0.096119	1	1	12	0	0	0	0.096119	0	1.775776
holistic	he1519	955	0	0	0	0	3	0	0	0	0	0	0
holistic	he1520	955	0.192238	0.192238	2	2	18	0	0	0	0.192238	0	0
conventional	ce1877	955	0	44.595206	0	13	7	6.276987	9.829602	15.016713	13.471904	0	0
conventional	ce1878	955	0	12.448832	0	7	7	1.265996	3.327906	6.546089	1.308841	0	0
conventional	ce1879	955	0	30.226818	0	14	7	1.598432	2.652369	20.642017	5.334000	0	0
conventional	ce1880	955	0	15.399943	0	7	7	2.035057	5.478226	5.503252	2.383408	0.171923	0
holistic	he1521	956	1.555946	4.850877	1	3	8	0	0	0	4.850877	0	0
conventional	ce1881	956	0	28.353706	0	12	7	3.967610	8.940912	10.572068	4.873116	0.138853	0
conventional	ce1882	956	0	12.998726	0	7	7	2.505522	3.238026	6.027484	1.227694	0	0
conventional	ce1883	956	0	45.768834	0	13	7	6.808878	8.263753	23.147050	7.549153	0.342781	0
holistic	he1522	957	0	0	0	0	8	0	0	0	0	0	0
conventional	ce1884	957	1.875000	25.758814	2	8	7	1.821199	7.268308	13.465496	3.203811	0.041740	0
conventional	ce1885	957	0.018574	35.022843	1	14	7	9.453654	6.765117	13.380277	5.423795	2.255128	0
conventional	ce1886	957	0	24.871831	0	14	7	4.027702	2.650061	10.709741	7.484327	0	0
conventional	ce1887	957	0	27.322109	0	12	7	2.639135	9.795761	10.860968	4.026245	0	0
holistic	he1523	958	0	1.206016	0	2	8	0	0	0	1.206016	0	0
holistic	he1524	958	0	0	0	0	8	0	0	0	0	0	0
holistic	he1525	958	1.562586	3.544680	1	3	6	0	0	0	3.544680	0	0
conventional	ce1888	958	0	20.865620	0	7	7	0.495225	7.435695	11.824498	1.110202	0	0
holistic	he1526	959	0	1.802747	0	1	3	0	0	0	1.802747	0	0
conventional	ce1889	959	0	31.808278	0	13	7	2.955096	8.011249	11.571336	9.270597	0	0
conventional	ce1890	960	0.448762	25.064103	1	13	7	3.639049	5.473191	9.965397	5.986466	0	0
conventional	ce1891	960	0	18.537985	0	13	7	3.997834	4.322502	5.722550	4.495099	0.007641	0
holistic	he1527	961	0.652938	1.704822	2	4	12	0	0	0	1.704822	0	0
holistic	he1528	962	0.427692	0.787683	2	4	6	0	0	0	0.787683	0	0
holistic	he1529	962	0.337102	0.997840	1	2	16	0	0	0	0.997840	0	0
conventional	ce1892	962	0.494349	47.846939	1	14	7	9.032289	2.735166	25.710722	10.368762	0.232326	0
conventional	ce1893	962	1.499846	44.470024	1	14	7	6.325614	5.382074	18.701001	14.061335	1.151089	0
holistic	he1530	963	0	0	0	0	4	0	0	0	0	0	0
holistic	he1531	963	0	0	0	0	12	0	0	0	0	0	0
holistic	he1532	963	0	0	0	0	3	0	0	0	0	0	0
conventional	ce1894	963	0	32.842658	0	7	7	3.011218	6.260932	18.749527	4.820981	0.277109	0
conventional	ce1895	963	0	19.440066	0	7	7	0.521717	5.948307	8.991148	3.978894	0.235548	0
conventional	ce1896	964	0	18.694422	0	14	7	1.010327	5.168224	4.885216	7.630655	0	0
holistic	he1533	965	5.032100	5.032100	5	5	12	0	0	0	5.032100	0	0
holistic	he1534	965	0.192238	0.192238	2	2	20	0	0	0	0.192238	0	0
conventional	ce1897	965	0	11.328101	0	7	7	3.457805	0.747888	6.218855	0.903553	1.227394	0
conventional	ce1898	965	0.018574	35.921265	1	14	7	11.306812	7.500599	13.357677	3.756177	1.109372	0
holistic	he1535	967	3.969472	3.902406	4	4	14	0	0	0	3.902406	0	0
holistic	he1536	967	0.372511	0.026580	1	1	12	0	0	0	0.026580	0	0
holistic	he1537	968	3.357522	3.357522	2	2	10	0	0	0	3.357522	0	0
holistic	he1538	968	0.745022	0.053160	2	2	21	0	0	0	0.053160	0	0
holistic	he1539	969	0.192238	0.192238	2	2	12	0	0	0	0.192238	0	0
conventional	ce1899	969	0.448762	21.373483	1	12	7	2.999519	2.341910	10.906540	5.125514	0	0
conventional	ce1900	969	0	31.492467	0	12	7	3.983189	9.668799	12.239984	5.600495	0.436309	0
holistic	he1540	970	1.562586	3.544680	1	3	6	0	0	0	3.544680	0	0
holistic	he1541	970	0	0	0	0	5	0	0	0	0	0	0
holistic	he1542	970	5.032100	5.032100	5	5	12	0	0	0	5.032100	0	0
holistic	he1543	970	0.486346	0.486346	2	2	24	0	0	0	0.486346	0	0
conventional	ce1901	970	0	33.505088	0	13	7	2.186799	8.808032	12.411824	10.098433	1.470274	0
holistic	he1544	971	0.427692	0.787683	2	4	6	0	0	0	0.787683	0	0
holistic	he1545	971	0.190153	1.100917	1	2	16	0	0	0	1.100917	0	0
holistic	he1546	971	1.562586	3.387213	1	3	17	0	0	0	3.387213	0	0
holistic	he1547	972	0.031848	0.031848	1	1	12	0	0	0	0.031848	0	2.807184
holistic	he1548	972	0.326469	0.852411	1	2	8	0	0	0	0.852411	0	0
holistic	he1549	972	1.158573	1.158573	1	1	12	0	0	0	1.158573	0	0
conventional	ce1902	972	1.565415	39.257452	1	14	7	7.619685	2.591228	23.826339	5.220200	1.780401	0
conventional	ce1903	972	0	33.170738	0	14	7	3.758271	7.186389	14.859695	7.366383	0	0
conventional	ce1904	973	0	35.147988	0	14	7	10.527698	4.851599	15.332448	4.436243	1.465887	0
conventional	ce1905	974	0	44.159361	0	14	7	3.347929	3.303755	26.200130	11.307547	0	0
holistic	he1550	976	0	1.206016	0	2	8	0	0	0	1.206016	0	0
conventional	ce1906	976	1.565415	37.598435	1	14	7	4.221557	3.736631	22.703038	6.937209	1.578695	0
conventional	ce1907	976	0	26.567795	0	14	7	4.810756	5.586939	12.821485	3.348615	0	0
conventional	ce1908	976	0	45.543633	0	14	7	2.520618	4.896100	25.673834	12.453081	0	0
holistic	he1551	977	1.858347	4.615646	1	3	16	0	0	0	4.615646	0	0
conventional	ce1909	977	0	15.741159	0	14	7	0.792088	2.428682	4.298382	8.222007	0.781741	0
holistic	he1552	978	0.427692	0.787683	2	4	6	0	0	0	0.787683	0	0
conventional	ce1910	978	0.093202	49.927136	1	14	7	6.527886	3.286746	22.929662	17.182842	1.231089	0
conventional	ce1911	978	0	30.962966	0	13	7	0.986076	8.409492	10.935329	10.632069	1.470274	0
conventional	ce1912	978	0	29.609114	0	12	7	4.578312	7.363976	11.426440	6.240386	0.436309	0
conventional	ce1913	979	1.565415	38.265681	1	14	7	5.342357	3.143905	22.817401	6.962018	1.578695	0
conventional	ce1914	979	0	30.804483	0	13	7	2.192676	8.515649	11.791982	8.304176	0	0
holistic	he1553	980	0.283735	0.283735	2	2	6	0	0	0	0.283735	0	0
conventional	ce1915	980	0	40.656642	0	14	7	6.532966	7.952252	17.838978	8.332446	0.034260	0
conventional	ce1916	980	0	24.923789	0	14	7	3.336623	4.433040	13.059558	4.094568	0	0
holistic	he1554	982	0	1.238747	0	2	8	0	0	0	1.238747	0	0
holistic	he1555	982	0	0	0	0	8	0	0	0	0	0	0
holistic	he1556	982	0	1.206016	0	2	8	0	0	0	1.206016	0	0
holistic	he1557	982	1.562586	3.544680	1	3	6	0	0	0	3.544680	0	0
conventional	ce1917	982	1.565415	36.243074	1	14	7	8.352672	2.574391	23.437811	1.878200	1.758355	0
conventional	ce1918	983	0	22.953064	0	14	7	3.226835	4.567540	11.117261	4.041428	0	0
conventional	ce1919	983	0	28.638898	0	12	7	3.304657	10.430119	10.700396	4.203726	0.436309	0
holistic	he1558	984	0.745022	0.476288	2	2	12	0	0	0	0.476288	0	0
holistic	he1559	984	0.192238	0.192238	2	2	12	0	0	0	0.192238	0	0
conventional	ce1920	984	0	39.320144	0	13	7	2.211649	4.331204	28.461994	4.315297	1.470274	0
conventional	ce1921	984	0	23.880321	0	7	7	0.176498	8.493282	13.053766	2.156775	0.123308	0
holistic	he1560	986	1.555946	3.744058	1	3	18	0	0	0	3.744058	0	0
conventional	ce1922	986	0	31.146548	0	13	7	1.196837	8.358029	12.910400	8.681282	0.556396	0
conventional	ce1923	986	0.018574	32.984195	1	14	7	9.254594	6.606960	12.996279	4.126362	1.975160	0
holistic	he1561	987	0.096119	0.096119	1	1	12	0	0	0	0.096119	0	0.172708
holistic	he1562	987	0.442663	1.681395	1	2	16	0	0	0	1.681395	0	0
holistic	he1563	987	0	0	0	0	8	0	0	0	0	0	0
conventional	ce1924	987	0	29.940333	0	12	7	4.619363	7.324081	12.187605	5.809284	0.235548	0
holistic	he1564	988	1.078872	4.388550	3	6	20	0	0	0	4.388550	0	0
holistic	he1565	988	0	1.436344	0	3	8	0.897343	0	0	0.539001	0	0
conventional	ce1925	988	0	55.383264	0	14	7	3.062657	4.300070	30.838542	17.181995	0	0
holistic	he1566	989	0	0	0	0	6	0	0	0	0	0	0.363896
holistic	he1567	989	0.503454	0.503454	2	2	8	0	0	0	0.503454	0	0
holistic	he1568	989	0.326469	0.601260	1	2	10	0	0	0	0.601260	0	0
conventional	ce1926	989	0	29.864309	0	13	7	2.192676	8.667711	11.961503	7.042419	0	0
conventional	ce1927	989	1.875000	40.455831	2	14	7	7.781343	8.567627	18.142714	5.964147	0.041740	0
holistic	he1569	990	0.885326	4.214810	2	4	18	0	0	0	4.214810	0	0
holistic	he1570	990	0.268289	0.268289	2	2	12	0	0	0	0.268289	0	0
holistic	he1571	990	0	0	0	0	8	0	0	0	0	0	0
holistic	he1572	991	0.972692	0.972692	4	4	40	0	0	0	0.972692	0	0
conventional	ce1928	991	0.651864	42.550753	1	14	7	2.044769	3.909652	29.840527	6.755805	0.232326	0
holistic	he1573	992	0.442663	1.437033	1	2	16	0	0	0	1.437033	0	0
holistic	he1574	992	0.326469	0.534310	1	2	10	0	0	0	0.534310	0	0
holistic	he1575	993	0	0	0	0	6	0	0	0	0	0	0
conventional	ce1929	993	0	51.961543	0	14	7	4.722648	3.794938	30.797587	12.646370	0	0
conventional	ce1930	993	0	29.413026	0	12	7	5.364970	7.580292	11.564816	4.902948	0.436309	0
holistic	he1576	994	0.096119	0.096119	1	1	12	0	0	0	0.096119	0	1.775776
holistic	he1577	994	0	0	0	0	12	0	0	0	0	0	1.114936
conventional	ce1931	994	0	11.930834	0	7	7	3.457805	0.747888	6.802149	0.922992	1.227394	0
holistic	he1578	995	0.745022	0.053160	2	2	12	0	0	0	0.053160	0	0
holistic	he1579	996	3.117794	6.881826	2	6	12	0	0	0	6.881826	0	0
holistic	he1580	996	0.243173	0.243173	1	1	16	0	0	0	0.243173	0	0
holistic	he1581	996	0.238871	0.467176	1	2	16	0	0	0	0.467176	0	0
conventional	ce1932	996	0	34.197228	0	13	7	3.438781	8.788697	12.905920	9.063830	1.470274	0
conventional	ce1933	998	0	11.315531	0	7	7	3.624829	1.114209	6.246447	0.330046	1.227394	0
conventional	ce1934	998	0	12.769283	0	7	7	3.180601	0.649247	8.508605	0.430830	0	0
holistic	he1582	999	0.719248	2.925700	2	4	16	0	0	0	2.925700	0	0
holistic	he1583	999	0.486346	0.486346	2	2	12	0	0	0	0.486346	0	0
holistic	he1584	999	0.046387	0.118265	1	2	8	0	0	0	0.118265	0	0
conventional	ce1935	999	0	15.820779	0	13	7	3.510815	2.496042	6.185102	3.628820	0	0
holistic	he1585	1000	0	0	0	0	3	0	0	0	0	0	0
conventional	ce1936	1000	0.448762	29.198654	1	12	7	6.169100	7.160227	10.026553	5.842774	0	0
conventional	ce1937	1000	0	35.001290	0	7	7	6.147656	7.891143	17.456291	3.506200	0	0
conventional	ce1938	1000	0	26.717167	0	12	7	2.617004	9.492931	11.114232	3.493000	0.379528	0
holistic	he1586	1001	2.012840	2.012840	2	2	12	0	0	0	2.012840	0	0
holistic	he1587	1001	0.192238	0.192238	2	2	23	0	0	0	0.192238	0	1.775776
conventional	ce1939	1001	1.565415	43.944772	1	14	7	4.808457	3.809967	27.134016	8.192332	2.702228	0
holistic	he1588	1002	0	0	0	0	24	0	0	0	0	0	0
conventional	ce1940	1002	0.456022	27.578925	1	12	7	5.525935	8.051591	8.794156	5.207243	0	0
conventional	ce1941	1002	0	44.958660	0	13	7	6.831467	8.256241	22.472112	7.398840	0.342781	0
holistic	he1589	1003	0	0	0	0	4	0	0	0	0	0	0
holistic	he1590	1003	0.427692	0.787683	2	4	4	0	0	0	0.787683	0	0
holistic	he1591	1003	6.627454	13.764530	4	8	20	0	0	0	13.764530	0	0
conventional	ce1942	1003	0	9.737230	0	7	7	3.303335	0.673368	5.128420	0.632107	0.046841	0
conventional	ce1943	1003	0	30.564534	0	13	7	2.400981	8.450014	11.534045	8.179494	0	0
holistic	he1592	1004	0	0	0	0	8	0	0	0	0	0	0.125626
conventional	ce1944	1004	0.320755	33.499274	1	13	7	2.767770	8.892160	11.771920	10.067424	0	0
conventional	ce1945	1004	0	23.150373	0	14	7	2.686647	4.865340	6.412852	9.185534	0	0
conventional	ce1946	1004	0	35.463861	0	7	7	5.099003	7.416220	17.376117	5.572521	0	0
conventional	ce1947	1004	0	19.065503	0	7	7	0.621624	5.289340	7.934545	5.219994	0.256760	0
holistic	he1593	1005	0	0	0	0	12	0	0	0	0	0	0
conventional	ce1948	1005	0	25.264601	0	7	7	0.023543	8.837158	14.532820	1.871080	0	0
holistic	he1594	1006	0	0	0	0	3	0	0	0	0	0	0
conventional	ce1949	1006	0	32.210902	0	13	7	2.746543	8.647617	13.335475	7.481267	0	0
conventional	ce1950	1006	0	28.862848	0	13	7	3.511196	9.397944	8.308595	7.645113	0	0
holistic	he1595	1007	2.583116	2.583116	2	2	9	0	0	0	2.583116	0	0
holistic	he1596	1007	4.025680	4.025680	4	4	10	0	0	0	4.025680	0	0
conventional	ce1951	1008	1.342777	38.943089	2	14	7	1.771058	3.158360	27.403177	6.610494	0.232326	0
conventional	ce1952	1008	0	12.057356	0	13	7	2.832330	2.063946	4.303737	2.857343	0	0
holistic	he1597	1009	0.442663	1.437033	1	2	16	0	0	0	1.437033	0	0
holistic	he1598	1009	0.745022	0.053160	2	2	21	0	0	0	0.053160	0	0
holistic	he1599	1010	1.171211	3.493702	2	4	6	0	0	0	3.493702	0	0
holistic	he1600	1010	0	0	0	0	3	0	0	0	0	0	0
holistic	he1601	1011	1.266704	1.266704	1	1	5	0	0	0	1.266704	0	0
holistic	he1602	1011	0.191637	0.191637	2	2	12	0	0	0	0.191637	0	0
holistic	he1603	1012	0.031848	0.031848	1	1	12	0	0	0	0.031848	0	2.807184
holistic	he1604	1012	0.442663	1.711425	1	3	22	0	0	0	1.711425	0	0
conventional	ce1953	1012	0	31.029412	0	12	7	5.374785	8.150321	11.434490	6.069816	0.436309	0
holistic	he1605	1013	3.723195	3.723195	5	5	12	0	0	0	3.723195	0	0
holistic	he1606	1013	0.405399	0.405399	1	1	12	0	0	0	0.405399	0	2.807184
holistic	he1607	1013	0	0	0	0	8	0	0	0	0	0	0
holistic	he1608	1013	0.442663	1.437033	1	2	16	0	0	0	1.437033	0	0
holistic	he1609	1013	0.469939	0.865490	2	4	6	0	0	0	0.865490	0	0
conventional	ce1954	1013	0	35.852977	0	14	7	8.770980	3.261388	21.264450	2.556159	0	0
holistic	he1610	1014	1.078872	4.388550	3	6	20	0	0	0	4.388550	0	0
conventional	ce1955	1014	0	23.856725	0	7	7	0.395947	8.334098	13.755269	1.371411	0	0
holistic	he1611	1015	0	0	0	0	4	0	0	0	0	0	0
holistic	he1612	1015	1.555946	3.416663	1	3	18	0	0	0	3.416663	0	0
conventional	ce1956	1015	1.896059	38.030779	2	14	7	8.919354	7.586083	15.879018	5.646324	0.117683	0
conventional	ce1957	1015	0	27.989291	0	14	7	6.443372	4.310994	13.493704	3.741221	0	0
holistic	he1613	1016	0.427692	1.051357	2	4	6	0	0	0	1.051357	0	0
conventional	ce1958	1016	1.762395	54.654983	2	14	7	11.253083	10.144205	25.076382	8.181313	0.041740	0
conventional	ce1959	1016	1.499846	43.397654	1	14	7	6.356186	5.144310	17.988916	13.908242	1.151089	0
conventional	ce1960	1016	0.448762	26.963028	1	14	7	8.374023	6.399905	10.691886	1.497214	0	0
holistic	he1614	1017	0.685692	2.378088	2	4	6	0	0	0	2.378088	0	0
holistic	he1615	1017	0.046387	2.586075	1	3	8	0	0	0	2.586075	0	0
holistic	he1616	1017	1.858347	4.615646	1	3	20	0	0	0	4.615646	0	0
conventional	ce1961	1017	0	21.987553	0	12	7	2.999519	2.341910	11.071848	5.574276	0.229271	0
conventional	ce1962	1017	0.018574	34.714483	1	14	7	9.502319	7.627652	14.118704	3.465808	1.975160	0
conventional	ce1963	1017	0.246818	28.593953	1	8	7	0.580471	7.441767	11.906871	8.664844	0	0
conventional	ce1964	1017	0	12.860138	0	13	7	2.440748	2.342657	5.395037	2.681696	0	0
holistic	he1617	1018	1.158573	1.158573	1	1	12	0	0	0	1.158573	0	0
holistic	he1618	1018	1.078872	4.687512	3	6	20	0	0	0	4.687512	0	0
holistic	he1619	1018	1.555946	3.744058	1	3	18	0	0	0	3.744058	0	0
conventional	ce1965	1019	0	32.555350	0	14	7	9.190591	4.054304	15.011067	4.299388	0	0
conventional	ce1966	1019	0.258721	31.171068	1	14	7	8.890874	7.547951	12.344409	2.387834	0	0
holistic	he1620	1020	0	0	0	0	8	0	0	0	0	0	0.816448
conventional	ce1967	1020	0	32.712881	0	7	7	0.063820	9.422634	16.518335	6.708092	0	0
holistic	he1621	1021	0	0	0	0	3	0	0	0	0	0	0
holistic	he1622	1022	2.241679	5.127302	1	3	20	0	0	0	5.127302	0	0
holistic	he1623	1022	0	0	0	0	3	0	0	0	0	0	0
conventional	ce1968	1022	0.078470	14.738746	1	14	7	3.235514	2.068639	8.199861	1.234732	0	0
conventional	ce1969	1023	0	14.729854	0	14	7	1.999060	1.637729	6.531672	4.561393	0	0
conventional	ce1970	1023	1.565415	42.249322	1	14	7	8.903373	2.672347	24.697304	5.976298	1.780401	0
conventional	ce1971	1024	0	24.514951	0	14	7	3.222082	4.744733	10.796607	5.751529	0	0
conventional	ce1972	1024	0.448762	34.780063	1	7	7	8.154357	7.123411	10.803346	8.698949	0	0
holistic	he1624	1025	1.266704	1.266704	1	1	8	0	0	0	1.266704	0	0
holistic	he1625	1025	0.283735	0.283735	2	2	6	0	0	0	0.283735	0	0
conventional	ce1973	1025	0	28.002670	0	14	7	4.810756	6.150638	13.692661	3.348615	0	0
conventional	ce1974	1025	1.565415	49.298982	1	14	7	4.533060	5.724510	27.590357	11.451055	1.399463	0
conventional	ce1975	1025	1.565415	41.258943	1	14	7	5.443124	3.725936	25.559515	6.530368	1.578695	0
conventional	ce1976	1026	0	20.505951	0	7	7	0.870282	5.563660	7.519867	6.552142	0	0
conventional	ce1977	1027	0	24.282472	0	13	7	2.287317	8.711790	7.763989	5.519376	0.097893	0
conventional	ce1978	1028	0	26.220770	0	13	7	3.025422	9.696863	3.874343	9.624142	0	0
conventional	ce1979	1028	0	36.075655	0	12	7	5.628231	7.838846	16.586520	6.022058	0.235548	0
conventional	ce1980	1029	0	29.663579	0	13	7	2.647208	8.450014	11.534045	7.032312	0	0
conventional	ce1981	1029	0	7.254853	0	7	7	1.421536	1.625066	3.409098	0.799153	1.227394	0
holistic	he1626	1030	0	0	0	0	12	0	0	0	0	0	1.909466
holistic	he1627	1030	0.989370	3.078810	4	4	18	0	0	0	3.078810	0	0
holistic	he1628	1030	0.268289	0.268289	2	2	12	0	0	0	0.268289	0	0
conventional	ce1982	1030	0	26.577538	0	12	7	2.931836	9.308520	11.064220	3.272962	0.479854	0
holistic	he1629	1031	3.025666	3.025666	2	2	12	0	0	0	3.025666	0	0
holistic	he1630	1031	0.269118	0.495637	2	4	8	0	0	0	0.495637	0	0
holistic	he1631	1032	1.555946	4.700421	1	3	18	0	0	0	4.700421	0	0
holistic	he1632	1032	0.469939	1.411267	2	4	6	0	0	0	1.411267	0	0
holistic	he1633	1032	1.168939	1.979107	2	4	4	0	0	0	1.979107	0	0
conventional	ce1983	1032	0	24.089398	0	12	7	5.193766	3.826900	10.305680	4.763052	0	0
conventional	ce1984	1033	0	26.479407	0	13	7	3.550068	10.276405	7.901366	4.751568	0	0
conventional	ce1985	1033	1.762395	58.032434	2	14	7	11.687006	10.500693	27.312986	8.531749	0.041740	0
holistic	he1634	1034	0	0	0	0	18	0	0	0	0	0	0
conventional	ce1986	1034	0	53.953875	0	14	7	11.381103	9.890054	24.501763	8.180955	1.227394	0
conventional	ce1987	1034	0	22.826990	0	12	7	5.254180	3.375937	9.306562	4.890311	0	0
holistic	he1635	1035	0.191637	0.191637	2	2	4	0	0	0	0.191637	0	0
holistic	he1636	1035	0.554456	0.424578	2	3	8	0	0	0	0.424578	0	0
holistic	he1637	1035	4.025680	4.025680	4	4	10	0	0	0	4.025680	0	0
conventional	ce1988	1035	0	27.114435	0	12	7	4.727684	7.607417	9.867976	4.911358	0.436309	0
conventional	ce1989	1035	0	28.108395	0	12	7	5.103826	9.139893	10.065562	3.799114	0.436309	0
holistic	he1638	1036	1.900141	1.900141	1	1	4	0	0	0	1.900141	0	0
conventional	ce1990	1036	0	26.272876	0	13	7	3.025422	9.880572	3.999317	9.367565	0	0
conventional	ce1991	1036	0	23.181475	0	12	7	5.675637	3.524675	10.612466	3.368697	0.436309	0
conventional	ce1992	1036	0	12.632942	0	7	7	3.579713	3.312634	5.558290	0.182305	1.227394	0
holistic	he1639	1037	0	0	0	0	14	0	0	0	0	0	0
conventional	ce1993	1037	0.448762	27.218352	1	14	7	8.620982	6.585112	10.270800	1.741458	0	0
holistic	he1640	1038	0	1.436344	0	3	8	0.897343	0	0	0.539001	0	0
holistic	he1641	1038	0.833426	1.534927	2	4	8	0	0	0	1.534927	0	0
holistic	he1642	1038	0	1.170824	0	2	8	0	0	0	1.170824	0	0
conventional	ce1994	1038	0	29.931456	0	12	7	5.296118	7.815919	11.793942	5.025477	0.235548	0
conventional	ce1995	1038	0	17.491168	0	14	7	1.552272	1.973884	8.538773	5.426239	0	0
holistic	he1643	1039	0.096119	0.096119	1	1	12	0	0	0	0.096119	0	0.178628
conventional	ce1996	1039	0	15.136496	0	12	7	3.991768	0.582643	9.321159	1.240926	0.596055	0
conventional	ce1997	1039	0	23.560751	0	13	7	3.416619	9.829230	6.688938	3.625964	0	0
holistic	he1644	1040	0.326469	0.601260	1	2	4	0	0	0	0.601260	0	0
conventional	ce1998	1040	0	24.601409	0	7	7	1.894312	8.692370	12.470252	1.544475	0	0
holistic	he1645	1041	3.189044	3.189044	4	4	10	0	0	0	3.189044	0	0
conventional	ce1999	1041	0	34.786892	0	7	7	1.380123	8.978781	17.814486	6.613502	0	0
holistic	he1646	1042	0.427692	0.640563	2	4	4	0	0	0	0.640563	0	0
holistic	he1647	1042	1.555946	3.830131	1	3	20	0	0	0	3.830131	0	0
conventional	ce2000	1042	1.565415	38.487073	1	14	7	6.600398	3.227519	24.518154	4.141002	1.780401	0
conventional	ce2001	1042	0	29.067621	0	12	7	3.419824	10.084201	10.229920	5.333676	1.093101	0
conventional	ce2002	1042	0	24.466607	0	7	7	0.703246	6.845351	13.943937	2.974073	0	0
conventional	ce2003	1043	1.956091	38.135017	1	14	7	4.866924	5.144310	16.816226	11.307557	1.151089	0
conventional	ce2004	1043	0	27.048191	0	12	7	0.916553	7.744336	12.583500	5.803802	0.370998	0
conventional	ce2005	1043	0	20.444855	0	7	7	1.887453	5.053816	7.998353	5.505233	0	0
conventional	ce2006	1043	0	38.832193	0	13	7	3.023755	7.578441	16.276621	11.953376	0	0
conventional	ce2007	1044	0.448762	30.219698	1	12	7	5.747126	7.696535	9.948200	6.827837	0	0
holistic	he1648	1045	0	0	0	0	12	0	0	0	0	0	1.632896
holistic	he1649	1045	0	0	0	0	8	0	0	0	0	0	0.342726
holistic	he1650	1046	1.366607	1.366607	1	1	12	0	0	0	1.366607	0	0
holistic	he1651	1046	0	0	0	0	6	0	0	0	0	0	0
conventional	ce2008	1046	0	19.617808	0	7	7	1.431966	4.947554	9.236296	4.001992	0.256760	0
conventional	ce2009	1046	0.448762	25.405402	1	7	7	8.665769	2.171927	8.908699	5.659007	0	0
holistic	he1652	1047	0	0	0	0	4	0	0	0	0	0	0
holistic	he1653	1047	1.158573	1.158573	1	1	12	0	0	0	1.158573	0	0
holistic	he1654	1047	6.725037	15.381906	3	9	28	0	0	0	15.381906	0	0
conventional	ce2010	1047	0	12.301178	0	13	7	2.655228	1.914087	5.085665	2.646198	0	0
holistic	he1655	1048	1.158573	1.158573	1	1	12	0	0	0	1.158573	0	0
holistic	he1656	1048	0.718475	0.805944	1	2	4	0	0	0	0.805944	0	0
conventional	ce2011	1048	0	37.230897	0	14	7	9.755226	1.494680	20.104866	5.876125	0	0
holistic	he1657	1049	0.258960	0.258960	3	3	20	0	0	0	0.258960	0	2.663664
holistic	he1658	1049	0.442663	1.437033	1	2	16	0	0	0	1.437033	0	0
conventional	ce2012	1049	0.651864	45.444274	1	14	7	3.798505	4.209976	29.991528	7.444265	0.464313	0
conventional	ce2013	1049	0	24.904501	0	13	7	3.821907	8.432131	7.665703	4.984760	0	0
holistic	he1659	1050	0	0	0	0	4	0	0	0	0	0	0
holistic	he1660	1050	0	1.170824	0	2	8	0	0	0	1.170824	0	0
conventional	ce2014	1050	0	26.614749	0	12	7	4.278874	5.778889	10.727032	5.829954	0	0
conventional	ce2015	1051	0	12.889507	0	7	7	3.012235	3.831924	5.691823	0.353525	1.227394	0
conventional	ce2016	1051	0	13.412695	0	7	7	4.210922	1.775360	6.659470	0.766943	1.227394	0
holistic	he1661	1052	1.266704	1.266704	1	1	5	0	0	0	1.266704	0	0
holistic	he1662	1052	0.442663	1.797915	1	2	16	0	0	0	1.797915	0	0
conventional	ce2017	1052	0	29.504969	0	13	7	2.635456	8.316188	13.419916	5.133409	0	0
conventional	ce2018	1053	0	26.535842	0	7	7	0.471454	7.638364	12.642837	5.783187	0	0
holistic	he1663	1054	0	0	0	0	8	0	0	0	0	0	0.816448
holistic	he1664	1054	0	0	0	0	12	0	0	0	0	0	2.807184
conventional	ce2019	1054	0	22.714920	0	12	7	2.633513	8.563750	9.358836	2.158821	0	0
conventional	ce2020	1054	0	26.010796	0	12	7	2.732510	10.129279	10.711571	2.437436	0.479854	0
holistic	he1665	1055	0.192238	0.192238	2	2	22	0	0	0	0.192238	0	1.776275
holistic	he1666	1055	0	0	0	0	4	0	0	0	0	0	0
holistic	he1667	1056	0.554456	0.424578	2	3	8	0	0	0	0.424578	0	0
conventional	ce2021	1056	0.018574	28.880135	1	13	7	2.840648	8.513882	11.179196	6.346409	2.107871	0
conventional	ce2022	1058	0	13.607868	0	7	7	2.148275	0.645617	9.705657	1.108319	0	0
holistic	he1668	1059	0.049836	0.049836	1	1	12	0	0	0	0.049836	0	0
holistic	he1669	1059	1.171211	3.163705	2	4	6	0	0	0	3.163705	0	0
holistic	he1670	1059	1.078872	4.596978	3	6	20	0	0	0	4.596978	0	0
holistic	he1671	1059	0	0.897519	0	2	8	0	0	0	0.897519	0	0
conventional	ce2023	1059	0	38.933757	0	7	7	2.481272	9.695943	18.889500	7.867042	0	0
holistic	he1672	1060	4.483358	6.318192	2	4	24	0	0	0	6.318192	0	0
conventional	ce2024	1060	1.040601	35.498932	1	13	7	2.020732	9.412158	12.937730	11.128312	0	0
conventional	ce2025	1060	0	36.617432	0	7	7	2.562203	8.689598	17.670607	7.695024	0	0
conventional	ce2026	1060	0	23.797919	0	13	7	2.272972	6.476047	8.949746	6.099154	0	0
holistic	he1673	1061	0.101223	0.248827	1	2	4	0	0	0	0.248827	0	0
holistic	he1674	1061	2.607792	2.607792	3	3	20	0	0	0	2.607792	0	2.663664
holistic	he1675	1062	0	0.988451	0	2	8	0	0	0	0.988451	0	0
conventional	ce2027	1062	0	19.071373	0	14	7	1.556437	6.082780	5.954996	5.477160	0	0
holistic	he1676	1063	1.366607	1.366607	1	1	12	0	0	0	1.366607	0	0
holistic	he1677	1063	0.359624	1.368355	1	2	6	0	0	0	1.368355	0	0
holistic	he1678	1063	0.427692	0.640563	2	4	4	0	0	0	0.640563	0	0
conventional	ce2028	1063	0	31.564271	0	14	7	8.745293	2.906812	18.143922	1.768244	0	0
holistic	he1679	1064	1.433243	2.881954	2	3	6	0	0	0	2.881954	0	0
holistic	he1680	1064	0	0	0	0	8	0	0	0	0	0	0.816448
conventional	ce2029	1064	0.448762	27.334506	1	7	7	8.845887	2.061161	9.031963	7.395495	0	0
conventional	ce2030	1064	0	15.398555	0	13	7	3.035233	2.726771	6.008891	3.627660	0	0
conventional	ce2031	1064	0	23.178741	0	12	7	3.118287	8.532696	9.581084	1.946674	0	0
holistic	he1681	1065	0.243674	0.599003	1	2	6	0	0	0	0.599003	0	0
conventional	ce2032	1065	1.565415	45.017932	1	14	7	9.438383	3.642781	29.034367	2.902401	2.424014	0
conventional	ce2033	1065	0	28.240374	0	12	7	4.065390	5.986911	12.018738	6.169335	0	0
conventional	ce2034	1066	0	28.883669	0	12	7	3.119545	11.039382	11.882454	2.842288	0.495370	0
conventional	ce2035	1066	0	26.534745	0	12	7	5.167697	4.114470	11.322374	5.930204	0	0
holistic	he1682	1067	0	0	0	0	6	0	0	0	0	0	0
conventional	ce2036	1068	0	31.885736	0	14	7	8.698948	5.821668	12.970104	4.395016	0	0
conventional	ce2037	1068	0	16.067884	0	7	7	4.383360	1.775360	7.057315	2.851849	0	0
holistic	he1683	1069	0	0	0	0	2	0	0	0	0	0	0
holistic	he1684	1070	2.715656	8.693228	2	6	20	0	0	0	8.693228	0	0
holistic	he1685	1070	0.042449	0.643833	1	2	6	0	0	0	0.643833	0	0
conventional	ce2038	1070	0	40.944431	0	14	7	8.748906	3.554851	24.697304	3.943370	0	0
holistic	he1686	1071	2.036023	3.045125	2	3	6	0	0	0	3.045125	0	0
holistic	he1687	1071	1.078872	4.817052	3	6	24	0	0	0	4.817052	0	0
holistic	he1688	1071	1.158573	1.158573	1	1	12	0	0	0	1.158573	0	0
holistic	he1689	1072	3.475719	3.475719	3	3	30	0	0	0	3.475719	0	0
holistic	he1690	1072	0	0	0	0	2	0	0	0	0	0	0
conventional	ce2039	1072	0	34.436699	0	7	7	0.865544	9.878618	15.629259	8.063278	0	0
holistic	he1691	1073	0	0	0	0	12	0	0	0	0	0	5.117524
holistic	he1692	1073	1.052015	1.052015	2	2	12	0	0	0	1.052015	0	0
holistic	he1693	1073	0.244893	3.092173	1	3	10	0	0	0	3.092173	0	0
conventional	ce2040	1073	1.896059	37.502593	2	14	7	8.919354	7.586083	14.526813	6.470343	0.117683	0
holistic	he1694	1074	1.158573	1.158573	1	1	12	0	0	0	1.158573	0	0
conventional	ce2041	1074	0	19.332044	0	12	7	5.958851	1.631420	8.521613	3.220160	0	0
holistic	he1695	1075	1.858347	6.702452	1	3	20	0	0	0	6.702452	0	0
holistic	he1696	1075	6.725037	6.725037	3	3	28	0	0	0	6.725037	0	0
conventional	ce2042	1075	0	34.655208	0	7	7	0.442174	10.535750	15.618501	8.058783	0	0
holistic	he1697	1076	0.554456	0.424578	2	3	8	0	0	0	0.424578	0	0
holistic	he1698	1076	1.266704	1.266704	1	1	8	0	0	0	1.266704	0	0
holistic	he1699	1076	0	3.013252	0	2	18	0	0	0	3.013252	0	0
conventional	ce2043	1076	0	45.364589	0	7	7	4.261755	9.409479	20.209670	11.483685	0	0
conventional	ce2044	1076	0.448762	26.572779	1	12	7	4.585082	7.565928	7.714824	6.706945	0	0
conventional	ce2045	1076	0	27.800451	0	13	7	5.258275	10.506711	2.798543	9.236922	1.749373	0
holistic	he1700	1077	0	0	0	0	8	0	0	0	0	0	0
holistic	he1701	1077	1.158573	1.158573	1	1	12	0	0	0	1.158573	0	0
holistic	he1702	1077	0	0	0	0	14	0	0	0	0	0	0.342726
conventional	ce2046	1077	0	22.204118	0	7	7	0.788160	7.145715	7.462857	6.807386	0	0
conventional	ce2047	1077	0	19.011342	0	14	7	2.026911	6.033766	6.128979	4.821686	0	0
conventional	ce2048	1077	0	21.208425	0	12	7	5.038534	2.433384	9.806140	3.930367	0	0
holistic	he1703	1078	0.442663	1.437033	1	2	16	0	0	0	1.437033	0	0
holistic	he1704	1078	0	0	0	0	12	0	0	0	0	0	2.006086
holistic	he1705	1078	1.158573	1.158573	1	1	12	0	0	0	1.158573	0	0
holistic	he1706	1079	0	0	0	0	4	0	0	0	0	0	0
holistic	he1707	1080	1.158573	1.158573	1	1	12	0	0	0	1.158573	0	0
conventional	ce2049	1080	0	40.135692	0	14	7	9.983303	4.158533	22.370616	3.623240	0	0
conventional	ce2050	1080	1.658246	39.522589	1	14	7	6.769261	1.174916	26.758549	4.819863	1.780401	0
holistic	he1708	1082	0.843146	0.843146	1	1	12	0	0	0	0.843146	0	0
holistic	he1709	1082	0.191637	0.191637	2	2	8	0	0	0	0.191637	0	0
conventional	ce2051	1083	0.448762	25.496535	1	7	7	10.841929	1.553583	7.966522	5.134501	0	0
conventional	ce2052	1084	0	25.531923	0	12	7	3.750650	7.668171	9.765771	4.347331	0.388900	0
conventional	ce2053	1084	0	24.540256	0	13	7	3.386716	3.794625	9.871368	7.487547	0	0
holistic	he1710	1085	3.800282	3.800282	2	2	13	0	0	0	3.800282	0	0
holistic	he1711	1085	0	0.259889	0	2	8	0	0	0	0.259889	0	0
conventional	ce2054	1085	0	14.255071	0	12	7	3.606688	0.761000	8.659112	1.228271	0.439208	0
holistic	he1712	1086	4.442067	19.364952	3	9	36	0	0	0	19.364952	0	0
holistic	he1713	1086	0.554456	0.405830	2	3	8	0	0	0	0.405830	0	0
conventional	ce2055	1086	0	24.565443	0	7	7	8.236836	2.220979	10.749243	3.358385	0	0
conventional	ce2056	1086	0.448762	28.902289	1	14	7	8.931994	3.802767	9.654025	6.513503	0	0
conventional	ce2057	1087	1.002738	19.674748	1	14	7	1.350967	5.468387	7.356500	5.498894	1.780401	0
conventional	ce2058	1088	0	26.569167	0	7	7	9.481947	1.224913	8.514366	7.347941	1.227394	0
conventional	ce2059	1089	0	42.082599	0	14	7	8.716258	1.079705	26.847836	5.438800	0	0
holistic	he1714	1090	0	0	0	0	4	0	0	0	0	0	0
holistic	he1715	1090	0.132722	0.132722	1	1	12	0	0	0	0.132722	0	0
conventional	ce2060	1090	0.018574	26.185832	1	13	7	5.738725	5.269170	10.118390	5.059547	2.107871	0
conventional	ce2061	1090	0.448762	32.522120	1	12	7	4.873530	9.567069	10.475990	7.605531	0	0
holistic	he1716	1092	0.359624	0.956371	1	2	6	0	0	0	0.956371	0	0
holistic	he1717	1092	0	0	0	0	20	0	0	0	0	0	5.614368
conventional	ce2062	1092	0.201526	29.734113	1	7	7	10.494913	2.299090	9.779627	7.160483	0	0
conventional	ce2063	1092	0	45.117086	0	14	7	13.565770	4.909279	17.857233	8.784804	0	0
conventional	ce2064	1093	0	13.627225	0	12	7	2.503629	1.051291	8.126790	1.945515	0	0
conventional	ce2065	1094	0	24.122332	0	7	7	0.703246	6.370612	13.905711	3.142763	0	0
conventional	ce2066	1094	0	15.062065	0	12	7	3.556122	2.918846	2.373238	6.213859	0.119853	0
holistic	he1718	1095	0	1.170824	0	2	8	0	0	0	1.170824	0	0
holistic	he1719	1095	0.625488	1.151966	1	2	17	0	0	0	1.151966	0	0
conventional	ce2067	1095	0	30.299060	0	12	7	5.571867	8.574551	11.110669	5.041973	0	0
holistic	he1720	1096	1.158573	1.158573	1	1	18	0	0	0	1.158573	0	0
conventional	ce2068	1096	0	16.697385	0	13	7	6.641834	0.600600	5.623013	3.831938	0	0
conventional	ce2069	1096	0	19.751034	0	12	7	6.580942	1.755051	8.536705	2.878336	0	0
conventional	ce2070	1097	0	21.437096	0	7	7	0.428050	7.167475	12.374007	1.467564	0	0
holistic	he1721	1098	0.244893	3.164324	1	3	10	0	0	0	3.164324	0	0
conventional	ce2071	1098	0	36.759754	0	14	7	10.306015	3.716600	19.554407	3.182732	0	0
conventional	ce2072	1098	0	29.828381	0	12	7	3.540072	11.147696	12.156895	2.983718	0.479854	0
conventional	ce2073	1098	0	15.022038	0	14	7	3.405106	0.583281	8.682767	2.350884	0.439208	0
conventional	ce2074	1098	1.544649	40.241761	1	14	7	3.976191	2.685653	27.076910	6.503007	0.464313	0
holistic	he1722	1099	0	0	0	0	4	0	0	0	0	0	0
holistic	he1723	1099	0.244893	3.092173	1	3	16	0	0	0	3.092173	0	0
holistic	he1724	1099	0	0	0	0	12	0	0	0	0	0	2.807184
conventional	ce2075	1099	0	18.017826	0	7	7	4.630112	2.496247	7.169564	3.721903	0	0
conventional	ce2076	1099	0.448762	25.245405	1	7	7	6.782865	7.331322	5.539724	5.591494	0	0
holistic	he1725	1100	2.715656	8.246590	2	6	12	0	0	0	8.246590	0	0
conventional	ce2077	1100	0	8.396121	0	7	7	2.084564	1.072815	3.396501	1.842241	0.984652	0
conventional	ce2078	1101	0	6.297819	0	12	7	2.446416	0.622208	2.566664	0.662531	0	0
conventional	ce2079	1101	0	23.299564	0	12	7	8.264074	2.927947	10.142313	1.965230	0	0
holistic	he1726	1102	0	0.823172	0	2	8	0	0	0	0.823172	0	0
conventional	ce2080	1102	0	19.268641	0	12	7	6.540501	1.787382	6.434993	4.505765	0.439208	0
conventional	ce2081	1102	0	24.719157	0	7	7	2.653781	6.088996	10.207092	5.769288	0.261373	0
conventional	ce2082	1102	0	21.851446	0	14	7	2.539725	4.335607	9.803637	5.172477	0	0
conventional	ce2083	1103	0	39.136395	0	7	7	2.481272	9.695943	19.623092	7.336088	0	0
conventional	ce2084	1103	0	22.897241	0	7	7	8.025971	2.220979	9.404431	3.245860	0	0
conventional	ce2085	1103	0.201526	31.302891	1	7	7	12.154154	1.726227	10.174228	7.248282	0	0
conventional	ce2086	1103	0	20.790179	0	12	7	6.933611	2.214231	8.505956	3.136381	0	0
holistic	he1727	1104	0.573342	0.541818	2	3	8	0	0	0	0.541818	0	0
conventional	ce2087	1104	2.276819	32.724343	2	14	7	7.506731	7.197853	12.659058	5.360701	0.117683	0
holistic	he1728	1105	0.554456	0.560443	2	3	8	0	0	0	0.560443	0	0
holistic	he1729	1105	0.244893	3.092173	1	3	10	0	0	0	3.092173	0	0
holistic	he1730	1105	0	0	0	0	16	0	0	0	0	0	0.582093
conventional	ce2088	1105	0.368949	19.296122	1	14	7	1.448875	5.077341	8.322840	4.447066	1.780401	0
holistic	he1731	1106	0.049836	0.049836	1	1	12	0	0	0	0.049836	0	0
holistic	he1732	1106	3.475719	3.475719	3	3	44	0	0	0	3.475719	0	0
holistic	he1733	1106	0.442663	1.037230	1	2	16	0	0	0	1.037230	0	0
holistic	he1734	1106	0.554456	0.334012	2	3	8	0	0	0	0.334012	0	0
conventional	ce2089	1106	0	28.480770	0	13	7	5.258275	10.807265	3.598049	8.817181	1.770494	0
conventional	ce2090	1106	0	23.073894	0	7	7	9.119380	0.450122	8.165028	5.339364	0	0
conventional	ce2091	1106	0	6.992165	0	12	7	2.029231	0.873491	3.096752	0.992691	0	0
holistic	he1735	1107	0	0.988451	0	2	8	0	0	0	0.988451	0	0
holistic	he1736	1107	0	3.013252	0	2	18	0	0	0	3.013252	0	0
conventional	ce2092	1107	0	32.156933	0	7	7	10.882845	0.520564	12.832158	7.921366	1.227394	0
holistic	he1737	1108	0.835022	0.835022	1	1	12	0	0	0	0.835022	0	0
holistic	he1738	1108	1.158573	1.158573	1	1	12	0	0	0	1.158573	0	0
holistic	he1739	1109	0.554456	0.560443	2	3	10	0	0	0	0.560443	0	0
holistic	he1740	1109	0	0	0	0	10	0	0	0	0	0	0
conventional	ce2093	1109	0.201526	26.801777	1	7	7	11.128137	0.310765	9.688038	5.674837	0	0
conventional	ce2094	1109	0	29.839306	0	7	7	10.008970	0.262275	9.142822	10.425239	1.227394	0
holistic	he1741	1110	0.442663	1.197187	1	2	16	0	0	0	1.197187	0	0
conventional	ce2095	1110	0	30.404707	0	13	7	5.221421	10.469881	5.584152	9.129253	1.749373	0
conventional	ce2096	1111	1.896059	38.700940	2	14	7	8.946177	8.848028	14.421782	6.484953	0.117683	0
conventional	ce2097	1111	0	15.404740	0	14	7	2.523963	1.039376	8.175518	3.665883	0.439208	0
conventional	ce2098	1112	0	22.197291	0	7	7	4.796684	2.784169	5.892183	8.724255	0	0
conventional	ce2099	1112	1.312360	27.602776	1	12	7	5.020209	7.664522	7.789960	7.128085	0	0
holistic	he1742	1113	0.843146	0.843146	1	1	12	0	0	0	0.843146	0	0
conventional	ce2100	1113	1.260889	22.045832	1	14	7	2.914719	4.225074	8.993792	5.912247	1.780401	0
conventional	ce2101	1113	2.632632	47.630354	2	14	7	11.735702	8.165766	15.497422	12.231464	0.117683	0
holistic	he1743	1114	0.442663	1.244982	1	2	18	0	0	0	1.244982	0	0
holistic	he1744	1114	0.554456	0.560443	2	3	10	0	0	0	0.560443	0	0
conventional	ce2102	1114	0	35.592634	0	14	7	8.139362	3.526776	17.287754	6.638742	0	0
conventional	ce2103	1114	0	36.110719	0	14	7	9.737342	3.864708	19.217682	3.290987	1.182657	0
holistic	he1745	1115	0.883658	0.883658	1	1	12	0	0	0	0.883658	0	0
conventional	ce2104	1115	0	6.688408	0	7	7	0.294743	0.395413	1.934293	4.063959	0	0
holistic	he1746	1116	0.101223	0.248827	1	2	4	0	0	0	0.248827	0	0
conventional	ce2105	1116	0	40.734034	0	14	7	8.795535	2.597027	23.990633	5.350839	0	0
conventional	ce2106	1116	0	17.736176	0	14	7	4.552960	0.376207	10.130038	2.676971	0.439208	0
conventional	ce2107	1117	0	40.628158	0	14	7	12.363510	3.482047	19.905473	4.877128	0	0
holistic	he1747	1118	0.416563	0.416563	1	1	16	0	0	0	0.416563	0	0
conventional	ce2108	1118	0.448762	22.436973	1	12	7	4.585082	7.422681	6.020205	4.409005	0	0
conventional	ce2109	1118	0.018574	26.488154	1	13	7	5.941070	5.058077	10.118390	5.370617	1.078749	0
conventional	ce2110	1118	1.565415	44.953302	1	14	7	8.593698	4.552490	29.142410	2.664704	2.323092	0
holistic	he1748	1119	0.573342	0.484350	2	3	8	0	0	0	0.484350	0	0
holistic	he1749	1119	0.370450	1.217111	1	2	6	0	0	0	1.217111	0	0
conventional	ce2111	1119	0	16.381737	0	7	7	4.356275	1.724553	6.693504	3.607405	0	0
conventional	ce2112	1120	0	27.550077	0	12	7	5.543101	4.185518	10.953665	6.867793	0	0
conventional	ce2113	1120	0	20.040905	0	12	7	6.044568	1.999304	8.515329	3.481704	0	0
conventional	ce2114	1120	0	37.022684	0	13	7	8.940873	6.240254	13.855224	7.986333	0	0
holistic	he1750	1121	0.344909	0.516578	2	4	4	0	0	0	0.516578	0	0
conventional	ce2115	1121	0.305563	37.120700	1	14	7	8.806054	0.649999	26.071704	1.592943	0.833969	0
conventional	ce2116	1121	0	24.253177	0	7	7	0.703246	6.598621	14.146195	2.805115	0	0
holistic	he1751	1122	0	3.013252	0	2	18	0	0	0	3.013252	0	0
holistic	he1752	1122	0.243674	0.599003	1	2	6	0	0	0	0.599003	0	0
conventional	ce2117	1122	0	16.380027	0	14	7	2.523963	1.828946	8.361235	3.665883	0.439208	0
holistic	he1753	1123	0	0	0	0	12	0	0	0	0	0	0
holistic	he1754	1123	1.158573	1.158573	1	1	12	0	0	0	1.158573	0	0
holistic	he1755	1123	0.244893	3.214732	1	3	16	0	0	0	3.214732	0	0
holistic	he1756	1123	0.244893	3.155251	1	3	10	0	0	0	3.155251	0	0
conventional	ce2118	1123	0.448762	32.085362	1	12	7	5.165328	9.789327	10.968596	6.162111	0	0
conventional	ce2119	1123	0	28.412334	0	7	7	8.236069	4.741579	9.654024	5.780662	0	0
holistic	he1757	1124	0.244893	0.624363	1	2	6	0	0	0	0.624363	0	0
holistic	he1758	1124	1.078872	4.817052	3	6	24	0	0	0	4.817052	0	0
conventional	ce2120	1124	0	20.469917	0	12	7	7.269810	1.840023	7.513324	3.846760	0.570890	0
conventional	ce2121	1124	0	26.357682	0	12	7	5.291603	6.811455	7.844951	6.409673	0.439208	0
conventional	ce2122	1124	0	17.392653	0	7	7	4.610009	2.299878	7.263765	3.219001	0	0
conventional	ce2123	1124	0	24.253045	0	13	7	4.986862	9.223957	5.456292	4.585934	1.770494	0
holistic	he1759	1125	1.193934	0.561992	2	3	21	0	0	0	0.561992	0	0
conventional	ce2124	1125	0	21.597424	0	12	7	5.038534	2.433384	9.567931	4.557575	0	0
conventional	ce2125	1125	0	32.995468	0	14	7	11.506889	3.375047	13.099031	5.014501	0	0
conventional	ce2126	1126	0	22.670047	0	12	7	6.663988	2.266794	9.596578	4.142687	0	0
holistic	he1760	1127	0.442663	1.216405	1	2	16	0	0	0	1.216405	0	0
conventional	ce2127	1127	1.325295	20.447742	1	14	7	1.256042	5.954251	7.359879	5.877570	1.780401	0
conventional	ce2128	1128	0	32.649358	0	14	7	11.656375	3.255117	12.437977	5.299889	0	0
conventional	ce2129	1128	0	45.410806	0	14	7	6.978396	14.494339	9.500057	14.438014	1.770494	0
holistic	he1761	1129	2.715656	5.960904	2	6	15	0	0	0	5.960904	0	0
holistic	he1762	1130	0.244893	3.302700	1	3	16	0	0	0	3.302700	0	0
holistic	he1763	1130	0	0.259889	0	2	8	0	0	0	0.259889	0	0
conventional	ce2130	1130	0	36.711396	0	7	7	4.243166	4.023316	19.489478	8.955436	0	0
holistic	he1764	1131	0.442663	1.037230	1	2	16	0	0	0	1.037230	0	0
holistic	he1765	1131	0.554456	0.398617	2	3	8	0	0	0	0.398617	0	0
holistic	he1766	1131	0	0	0	0	12	0	0	0	0	0	0
conventional	ce2131	1132	0	17.810910	0	12	7	5.958851	0.560693	8.097854	3.193512	0	0
conventional	ce2132	1132	0	21.436225	0	7	7	7.122618	2.220979	8.846768	3.245860	0	0
holistic	he1767	1133	0.554456	0.560443	2	3	10	0	0	0	0.560443	0	0
holistic	he1768	1133	0.442663	1.826673	1	2	16	0	0	0	1.826673	0	0
conventional	ce2133	1133	0	20.999409	0	7	7	4.351594	2.165100	10.038581	4.444134	0.300265	0
conventional	ce2134	1133	0	43.557878	0	14	7	12.306303	1.335727	21.864001	8.051847	0	0
holistic	he1769	1134	0	0	0	0	12	0	0	0	0	0	2.782182
conventional	ce2135	1134	0	26.912230	0	12	7	3.482353	8.248886	10.624242	4.556749	0.388900	0
conventional	ce2136	1134	0	22.926610	0	12	7	5.413341	3.930868	9.175058	4.407343	0	0
holistic	he1770	1135	0	0	0	0	4	0	0	0	0	0	0
conventional	ce2137	1135	0	25.396416	0	13	7	4.090453	5.497698	11.005371	4.802894	0	0
holistic	he1771	1136	0.554456	0.334012	2	3	8	0	0	0	0.334012	0	0
holistic	he1772	1136	0.843146	0.843146	1	1	12	0	0	0	0.843146	0	0
conventional	ce2138	1136	0	28.619784	0	12	7	8.943032	2.618900	12.495252	4.562600	0	0
conventional	ce2139	1136	1.002738	29.797062	1	12	7	5.643364	5.067753	11.355129	7.730816	1.780401	0
holistic	he1773	1137	2.320964	2.320964	2	2	12	0	0	0.422419	1.898545	0	0
holistic	he1774	1137	0	0	0	0	10	0	0	0	0	0	0
conventional	ce2140	1137	0	16.751068	0	12	7	5.522537	0.607757	7.820176	2.800598	0	0
conventional	ce2141	1137	1.325295	22.724925	1	14	7	1.520126	6.734777	8.250119	6.219903	1.780401	0
holistic	he1775	1138	0.843146	0.843146	1	1	12	0	0	0	0.843146	0	0
holistic	he1776	1138	0.843146	1.341222	1	2	12	0	0	0	1.341222	0	0
holistic	he1777	1138	0.445506	0.445506	1	1	16	0	0	0	0.445506	0	0
holistic	he1778	1139	1.158573	2.314189	1	1	12	0	0	0	2.314189	0	0
holistic	he1779	1140	0.442663	1.083318	1	2	8	0	0	0	1.083318	0	0
conventional	ce2142	1140	0.474914	24.262350	1	7	7	2.222874	2.569647	14.914850	4.554979	2.107871	0
conventional	ce2143	1141	0	32.453202	0	7	7	11.007592	1.330336	12.002507	8.112767	1.485842	0
holistic	he1780	1142	0.883658	0.883658	1	1	12	0	0	0	0.883658	0	0
conventional	ce2144	1143	0.018574	25.430958	1	13	7	6.218895	5.035598	10.220222	3.956243	2.107871	0
conventional	ce2145	1144	0	31.627452	0	7	7	10.819432	0.145613	12.694295	7.968112	1.227394	0
holistic	he1781	1145	0	0	0	0	14	0	0	0	0	0	0
holistic	he1782	1145	0	0	0	0	8	0	0	0	0	0	0
holistic	he1783	1145	1.088712	1.088712	1	1	12	0	0	0	1.088712	0	0
conventional	ce2146	1145	0	33.142488	0	14	7	11.656375	3.255117	10.643507	7.587489	0	0
conventional	ce2147	1145	0.448762	26.057957	1	14	7	8.540552	4.377775	6.317794	6.821836	0	0
conventional	ce2148	1145	0	22.512758	0	12	7	6.342682	2.319114	9.863893	3.987069	0	0
holistic	he1784	1146	1.193934	0.561992	2	3	24	0	0	0	0.561992	0	0
conventional	ce2149	1146	0	3.237825	0	12	7	0.148653	0.632811	0.866923	1.589438	0	0
conventional	ce2150	1146	2.276819	39.870783	2	14	7	9.479214	7.819682	15.179837	7.392050	0	0
conventional	ce2151	1146	0	37.980309	0	14	7	6.858062	5.372535	18.715020	7.034692	0	0
conventional	ce2152	1147	0	22.812412	0	7	7	8.146308	1.922586	9.497658	3.245860	0	0
conventional	ce2153	1148	0.305563	46.958109	1	14	7	16.294509	2.443058	21.015689	7.204853	0.779283	0
conventional	ce2154	1148	0	4.213556	0	12	7	0.362125	0.517750	1.818408	1.515273	0.570890	0
holistic	he1785	1149	1.740132	3.777948	3	6	16	0	0	0	3.777948	0	0
conventional	ce2155	1149	0	25.139180	0	13	7	6.675470	9.338470	3.366911	5.758329	1.770494	0
conventional	ce2156	1149	0	21.759863	0	7	7	7.885253	1.886240	9.067390	2.920980	3.546629	0
holistic	he1786	1150	0.244893	2.814781	1	3	10	0	0	0	2.814781	0	0
holistic	he1787	1150	0	0	0	0	20	0	0	0	0	0	5.614368
conventional	ce2157	1150	0.018574	30.516648	1	13	7	6.666798	6.340985	11.828653	5.680212	1.078749	0
holistic	he1788	1151	1.158573	1.158573	1	1	12	0	0	0	1.158573	0	0
conventional	ce2158	1151	0	21.125377	0	12	7	4.681920	4.236387	8.751484	3.455586	0	0
holistic	he1789	1152	1.158573	1.158573	1	1	12	0	0	0	1.158573	0	0
holistic	he1790	1152	0.442663	1.333280	1	2	36	0	0	0	1.333280	0	0
conventional	ce2159	1152	0	31.844279	0	7	7	10.863793	0.496025	12.867210	7.617251	0	0
conventional	ce2160	1153	2.276819	30.020839	2	14	7	6.879067	5.638684	12.480338	5.022750	0.117683	0
conventional	ce2161	1153	0	6.382155	0	12	7	2.571881	0.318624	2.522356	0.969294	0	0
holistic	he1791	1154	0	3.013252	0	2	8	0	0	0	3.013252	0	0
conventional	ce2162	1154	0	33.409869	0	14	7	10.516611	5.401162	12.192207	5.299889	0	0
conventional	ce2163	1154	0	19.417698	0	12	7	6.836195	1.999304	6.647537	3.934662	0	0
conventional	ce2164	1155	0	29.602149	0	14	7	7.434213	2.746793	13.583093	5.838050	0	0
conventional	ce2165	1156	1.766331	29.070230	1	12	7	6.340433	7.216883	8.574018	6.938896	0	0
conventional	ce2166	1156	0.178775	29.363437	1	13	7	7.174060	5.365112	12.037707	4.786558	0.347896	0
conventional	ce2167	1157	0.448762	21.120606	1	12	7	5.950023	5.922609	5.410337	3.837637	0	0
holistic	he1792	1158	0.599121	0.866792	2	3	10	0	0	0	0.866792	0	0
holistic	he1793	1158	0.864802	0.660090	4	6	33	0	0	0	0.660090	0	0
conventional	ce2168	1158	0.305563	58.787834	1	14	7	16.875382	5.166765	25.196075	11.549612	1.102183	0
conventional	ce2169	1158	0	16.980912	0	7	7	5.089744	1.724553	7.809677	2.356938	0	0
holistic	he1794	1159	0.554456	0.491640	2	3	4	0	0	0	0.491640	0	0
holistic	he1795	1159	0.326469	0.326601	1	2	8	0	0	0	0.326601	0	0
holistic	he1796	1159	0.244893	0.746922	1	2	4	0	0	0	0.746922	0	0
conventional	ce2170	1159	0	23.781712	0	7	7	6.321282	2.220979	9.405671	5.833780	0	0
conventional	ce2171	1159	0	21.063932	0	12	7	4.554497	7.422681	4.214314	4.872440	0.570890	0
holistic	he1797	1160	2.589579	5.151144	6	12	28	0	0	0	5.151144	0	0
conventional	ce2172	1160	0.448762	10.833366	1	7	7	3.121238	6.217887	1.258997	0.235244	0	0
holistic	he1798	1161	0.843146	0.843146	1	1	12	0	0	0	0.843146	0	0
conventional	ce2173	1161	0	24.926484	0	7	7	1.805575	5.203361	13.523725	4.393823	0	0
conventional	ce2174	1161	1.565415	27.766421	1	13	7	5.285351	9.223957	6.841831	6.415282	1.595856	0
holistic	he1799	1162	0.883658	0.883658	1	1	12	0	0	0	0.883658	0	0
conventional	ce2175	1162	1.565415	31.165766	1	14	7	11.133125	1.636447	10.760520	7.635674	1.595856	0
conventional	ce2176	1162	0	21.785486	0	7	7	6.746412	0.132898	9.633852	5.272324	0	0
conventional	ce2177	1162	0	20.960959	0	12	7	7.206279	1.967769	7.826865	3.960046	0	0
conventional	ce2178	1162	0	18.529527	0	7	7	4.887824	2.448264	7.731790	3.461649	0	0
conventional	ce2179	1163	0	19.307565	0	14	7	4.889183	0.976180	9.839960	3.602242	1.121841	0
conventional	ce2180	1163	0	17.004149	0	7	7	4.162820	2.670809	6.474740	3.695780	0	0
conventional	ce2181	1163	0	8.295181	0	12	7	2.924773	0.340863	2.521656	2.507889	0	0
holistic	he1800	1164	0.244893	1.716282	1	3	16	0	0	0	1.716282	0	0
conventional	ce2182	1164	0	33.351418	0	14	7	12.412159	3.255117	12.437977	5.246165	0	0
holistic	he1801	1165	2.526780	1.852488	8	12	20	0	0	0	1.852488	0	0
holistic	he1802	1165	0	3.103219	0	2	18	0	0	0	3.103219	0	0
conventional	ce2183	1165	0	25.797258	0	7	7	1.323576	5.203361	13.259387	6.010934	0	0
holistic	he1803	1166	0	0	0	0	14	0	0	0	0	0	0
holistic	he1804	1166	0.961302	2.099633	1	2	16	0	0	0	2.099633	0	0
holistic	he1805	1166	2.715656	6.558058	2	6	15	0	0	0	6.558058	0	0
holistic	he1806	1166	0	0	0	0	6	0	0	0	0	0	0
holistic	he1807	1166	0	0.799814	0	2	8	0	0	0	0.799814	0	0
conventional	ce2184	1166	0	16.787405	0	7	7	2.760799	1.806423	10.023458	2.196725	0.300265	0
holistic	he1808	1167	0.599121	1.793018	2	7	10	0	0	0	1.793018	0	0
holistic	he1809	1167	0.489786	6.507330	2	6	12	0	0	0	6.507330	0	0
conventional	ce2185	1167	0.305563	57.884006	1	14	7	16.027093	6.005532	24.343758	11.507623	1.379612	0
holistic	he1810	1168	0.244893	3.575434	1	3	16	0	0	0	3.575434	0	0
holistic	he1811	1168	0.843146	0.843146	1	1	12	0	0	0	0.843146	0	0
conventional	ce2186	1168	1.325295	45.049287	1	14	7	0.267188	1.587574	37.793065	5.401460	1.780401	0
holistic	he1812	1169	0	0	0	0	6	0	0	0	0	0	0
holistic	he1813	1170	1.327989	3.734946	3	6	24	0	0	0	3.734946	0	0
holistic	he1814	1170	0.393997	0.246953	2	3	12	0	0	0	0.246953	0	0
holistic	he1815	1171	0	0.339450	0	2	8	0	0	0	0.339450	0	0
conventional	ce2187	1171	0	7.258134	0	7	7	2.631032	0.336522	2.154885	2.135695	0	0
holistic	he1816	1172	0.573342	0.484350	2	3	8	0	0	0	0.484350	0	3.220138
conventional	ce2188	1172	0	30.221675	0	7	7	1.540139	5.978710	15.284247	7.418579	0	0
holistic	he1817	1173	1.730911	2.718185	2	4	18	1.473203	0	0	1.244982	0	0
holistic	he1818	1173	0	0	0	0	8	0	0	0	0	0	0
holistic	he1819	1174	0	0	0	0	6	0	0	0	0	0	0
holistic	he1820	1174	3.372584	3.372584	4	4	30	0	0	0	3.372584	0	0
conventional	ce2189	1174	0	9.409645	0	7	7	2.415668	1.916342	3.338659	1.738976	0	0
holistic	he1821	1175	0	0	0	0	14	0	0	0	0	0	0
conventional	ce2190	1176	0	54.287936	0	14	7	8.957175	17.056095	12.211451	16.063215	1.770494	0
conventional	ce2191	1177	0	15.550400	0	13	7	4.506227	3.400870	6.299353	1.343950	0	0
holistic	he1822	1178	2.715656	7.966954	2	6	15	0	0	0	7.966954	0	0
holistic	he1823	1178	0.244893	3.538032	1	3	12	0	0	0	3.538032	0	0
holistic	he1824	1178	0.442663	1.333280	1	2	40	0	0	0	1.333280	0	0
conventional	ce2192	1178	0	3.748225	0	7	7	0.913240	0.555959	1.511757	0.767269	0	0
conventional	ce2193	1178	0	29.343522	0	14	7	7.350865	2.629556	13.564403	5.798698	0	0
conventional	ce2194	1178	0	24.812283	0	7	7	1.370121	8.516032	13.228797	1.697333	0	0
conventional	ce2195	1178	0	52.264731	0	14	7	1.267735	0.107265	46.866628	4.023103	0	0
conventional	ce2196	1178	0.287616	29.322337	1	13	7	6.423827	6.007735	11.477255	5.413520	1.314845	0
holistic	he1825	1179	0.883658	0.883658	1	1	12	0	0	0	0.883658	0	0
holistic	he1826	1179	0.883658	0.883658	1	1	12	0	0	0	0.883658	0	0
conventional	ce2197	1179	0	9.064208	0	12	7	2.838487	1.158536	2.437158	2.630027	0.562354	0
conventional	ce2198	1180	0	11.771314	0	12	7	4.177901	0.564417	4.187028	2.841968	0	0
conventional	ce2199	1180	0	18.451923	0	7	7	2.950971	2.425131	9.087659	3.988162	0	0
conventional	ce2200	1180	0	23.755742	0	13	7	4.986862	8.269530	6.092559	4.406791	1.770494	0
conventional	ce2201	1180	1.648098	56.166475	1	14	7	4.298029	1.644706	44.262202	5.961538	1.780401	0
conventional	ce2202	1181	0.453703	11.377036	1	14	7	2.476568	2.832440	3.115207	2.952821	0.347896	0
conventional	ce2203	1181	0	22.465450	0	12	7	5.531738	2.801745	8.722123	5.409844	0	0
holistic	he1827	1182	0	0	0	0	6	0	0	0	0	0	0
holistic	he1828	1182	0	0	0	0	14	0	0	0	0	0	0
conventional	ce2204	1182	0	21.282813	0	7	7	4.165832	3.105895	8.272297	5.738789	0.476296	0
conventional	ce2205	1182	0	40.857609	0	14	7	9.448737	8.299272	15.247136	7.862464	0	0
conventional	ce2206	1182	0	23.964810	0	12	7	4.798901	2.484121	11.543909	5.137879	0	0
conventional	ce2207	1182	0.305563	70.317015	1	14	7	16.271208	9.558274	28.879439	15.608094	1.102183	0
holistic	he1829	1183	0.843146	1.616797	1	2	12	0	0	0	1.616797	0	0
holistic	he1830	1183	0.398138	0.463442	2	3	8	0	0	0	0.463442	0	3.220138
holistic	he1831	1183	0	0	0	0	14	0	0	0	0	0	0
holistic	he1832	1184	0	0	0	0	24	0	0	0	0	0	0
holistic	he1833	1184	1.158573	1.158573	1	1	12	0	0	0	1.158573	0	0
holistic	he1834	1184	0	0	0	0	12	0	0	0	0	0	0
conventional	ce2208	1184	0	24.427603	0	7	7	7.691914	3.837557	9.323501	3.574631	0	0
conventional	ce2209	1184	0.305563	56.611622	1	14	7	16.096364	5.269524	22.747005	12.498729	0.779283	0
conventional	ce2210	1184	0	21.850658	0	12	7	7.613292	1.861642	8.705884	3.669840	4.513211	0
conventional	ce2211	1184	0	31.912188	0	14	7	10.525760	1.631085	15.003618	4.751725	0	0
conventional	ce2212	1184	0	23.567989	0	7	7	7.895174	2.363546	9.117101	4.192168	0.262309	0
holistic	he1835	1185	0.554456	0.407384	2	4	6	0	0	0	0.407384	0	0
conventional	ce2213	1185	0	19.107901	0	12	7	7.119630	0.935121	6.045701	5.007449	0	0
conventional	ce2214	1185	0	16.486377	0	12	7	4.952487	0.595234	7.889836	3.048820	0	0
conventional	ce2215	1185	0	7.960264	0	12	7	2.971726	1.391641	2.500915	1.095982	0	0
holistic	he1836	1186	0.961302	2.099633	1	2	4	0	0	0	2.099633	0	0
holistic	he1837	1187	0	0	0	0	14	0	0	0	0	0	0
holistic	he1838	1187	0.429886	2.280509	1	3	16	0	0	0	2.280509	0	0
conventional	ce2216	1187	0	21.460649	0	7	7	7.193998	2.841870	8.555587	2.869194	0	0
conventional	ce2217	1188	0	29.371605	0	14	7	8.787242	6.036550	10.280291	4.267522	0	0
conventional	ce2218	1188	0	23.336396	0	7	7	1.901538	3.957253	12.271949	5.205656	0	0
conventional	ce2219	1188	0	31.459106	0	14	7	8.063936	3.808784	14.646611	4.939775	0	0
holistic	he1839	1189	2.715656	6.558058	2	6	15	0	0	0	6.558058	0	0
conventional	ce2220	1189	0	27.100919	0	12	7	9.979528	1.774894	11.495123	3.851374	0	0
conventional	ce2221	1189	0	30.135605	0	7	7	10.408611	0.799043	11.628049	7.299902	0	0
holistic	he1840	1190	0	0	0	0	6	0	0	0	0	0	0
holistic	he1841	1190	0	0	0	0	12	0	0	0	0	0	2.782182
holistic	he1842	1191	2.589579	5.151144	6	12	31	0	0	0	5.151144	0	0
holistic	he1843	1191	0.568779	0.680567	2	3	36	0	0	0	0.680567	0	0
holistic	he1844	1191	0	0	0	0	8	0	0	0	0	0	0
conventional	ce2222	1191	0	23.769067	0	7	7	8.061546	1.922586	10.539075	3.245860	0	0
conventional	ce2223	1191	0	25.826561	0	7	7	8.147821	0.445534	12.156986	5.076220	0	0
conventional	ce2224	1192	0	26.276628	0	14	7	6.703347	2.032669	14.040376	3.500236	0	0
conventional	ce2225	1192	0.305563	45.122302	1	14	7	16.883613	5.860577	18.441037	3.937075	0.779283	0
conventional	ce2226	1192	0	28.251385	0	13	7	7.591574	5.130772	8.100807	7.428232	0	0
conventional	ce2227	1192	1.637819	24.553646	1	12	7	7.226238	2.171403	9.800683	5.355322	0	0
holistic	he1845	1193	0.750031	0.908940	2	3	10	0	0	0	0.908940	0	0
holistic	he1846	1193	0	0	0	0	8	0	0	0	0	0	0
conventional	ce2228	1193	0	40.817658	0	14	7	13.016154	3.209921	12.885190	11.706393	0	0
holistic	he1847	1194	0	0	0	0	14	0	0	0	0	0	0
conventional	ce2229	1194	0	22.468145	0	12	7	6.257009	2.612102	10.003782	3.595252	0	0
conventional	ce2230	1194	0	4.765916	0	7	7	1.774755	0.006454	2.557932	0.426775	0	0
conventional	ce2231	1194	0	31.885349	0	14	7	11.289556	2.837127	10.397220	7.361446	0	0
holistic	he1848	1195	0	0	0	0	9	0	0	0	0	0	0
holistic	he1849	1196	0.445506	0.445506	1	1	28	0	0	0	0.445506	0	0
holistic	he1850	1196	0.258197	0.124785	2	4	6	0	0	0	0.124785	0	0
conventional	ce2232	1196	0	25.468882	0	13	7	10.774652	2.494955	9.394711	2.804564	0	0
conventional	ce2233	1196	0	34.548083	0	14	7	10.516611	5.215790	12.192207	6.623475	0.191028	0
holistic	he1851	1197	1.826994	7.078292	2	6	15	0	0	0	7.078292	0	0
holistic	he1852	1197	0	0	0	0	14	0	0	0	0	0	0
holistic	he1853	1197	0	0	0	0	6	0	0	0	0	0	0
conventional	ce2234	1197	0.792213	52.194731	1	14	7	16.657912	4.777222	19.503103	11.256494	1.102183	0
holistic	he1854	1198	1.158573	1.158573	1	1	12	0	0	0	1.158573	0	0
holistic	he1855	1198	2.715656	5.821754	2	6	15	0	0	0	5.821754	0	0
holistic	he1856	1198	2.715656	7.966954	2	6	15	0	0	0	7.966954	0	0
holistic	he1857	1198	0	0	0	0	14	0	0	0	0	0	0
conventional	ce2235	1198	0	18.567180	0	7	7	5.178106	1.699999	8.583031	3.106044	0	0
holistic	he1858	1199	0	0	0	0	15	0	0	0	0	0	0
holistic	he1859	1199	0.883658	0.917813	1	2	12	0	0	0	0.917813	0	0
