population	name	born	g1	g2	n1	n2	ns	g2_contact	g2_height	g2_up	g2_joint	g1_other	g1_vel
holistic	h0-0	-55	0	0.168723	0	1	3	0	0.168723	0	0	0	2.750230
holistic	h0-1	-37	0	0	0	0	0	0	0	0	0	0	0
holistic	h0-2	-43	0	0	0	0	0	0	0	0	0	0	0
holistic	h0-3	-40	0	0	0	0	0	0	0	0	0	0.461571	0
holistic	h0-4	-47	0	0	0	0	0	0	0	0	0	0.201392	0
holistic	h0-5	-2	0	0	0	0	0	0	0	0	0	0	0.200089
holistic	h0-6	-30	0	0	0	0	2	0	0	0	0	3.443442	1.895253
holistic	h0-7	-14	0	0	0	0	2	0	0	0	0	0	0
holistic	h0-8	-25	0	0	0	0	4	0	0	0	0	0	0
holistic	h0-9	-25	2.147302	2.147302	2	2	3	0	0	0	2.147302	0	0
holistic	h0-10	-16	0	0	0	0	0	0	0	0	0	0	0
holistic	h0-11	-54	12.271206	19.124406	12	18	10	0	0	19.124406	0	0	0
holistic	h0-12	-1	0	0	0	0	6	0	0	0	0	0.041302	0
holistic	h0-13	-34	0	0	0	0	1	0	0	0	0	0	0
holistic	h0-14	-51	0	0	0	0	2	0	0	0	0	0	0
holistic	h0-15	-5	0	0	0	0	2	0	0	0	0	0	0
holistic	h0-16	-22	0	0	0	0	0	0	0	0	0	0	0
holistic	h0-17	-16	0	0	0	0	0	0	0	0	0	0	0
holistic	h0-18	-40	0	0	0	0	8	0	0	0	0	0	0
holistic	h0-19	-37	0	0	0	0	3	0	0	0	0	0	0
holistic	h0-20	-46	2.386060	6.644633	3	11	8	0	0	5.764109	0.880524	0	0
holistic	h0-21	-17	0	2.992162	0	6	3	0	0	2.992162	0	0	0
holistic	h0-22	-40	0	1.406588	0	4	6	0	0	1.406588	0	0	0
holistic	h0-23	-23	0	8.076232	0	4	2	0	8.076232	0	0	0	0
holistic	h0-24	-47	9.412871	29.469462	5	29	11	2.195187	0	15.871277	11.402998	0	0
holistic	h0-25	-37	0	0	0	0	1	0	0	0	0	0	0
holistic	h0-26	-27	0	0	0	0	0	0	0	0	0	0	0
holistic	h0-27	-7	0	0.143681	0	3	5	0	0	0	0.143681	0	0
holistic	h0-28	-25	0	5.279466	0	10	2	0	0	0	5.279466	0.996672	4.075260
holistic	h0-30	-23	4.284583	13.818040	6	24	10	2.173047	0	8.026393	3.618600	0	0
holistic	h0-31	-22	0	0	0	0	2	0	0	0	0	0	2.585954
holistic	h0-32	-13	0	0	0	0	1	0	0	0	0	0	0
holistic	h0-33	-47	0	0	0	0	5	0	0	0	0	0	0
holistic	h0-34	-26	0	0	0	0	0	0	0	0	0	0	0
holistic	h0-35	-12	1.637628	3.968485	1	7	4	0	0	3.968485	0	0	0
holistic	h0-36	-59	0	0	0	0	0	0	0	0	0	0	0
holistic	h0-37	-22	1.167318	21.566454	4	22	7	0	0	2.138506	19.427948	0	0
holistic	h0-38	-36	0	0	0	0	0	0	0	0	0	0	0
holistic	h0-39	-6	2.871986	56.577647	10	64	8	35.910368	0	0	20.667279	0	0
holistic	h0-40	-17	0	0	0	0	1	0	0	0	0	0	0
holistic	h0-41	-5	0	0	0	0	0	0	0	0	0	0	0
holistic	h0-42	-30	0	0	0	0	1	0	0	0	0	0	0
holistic	h0-43	-53	0	0	0	0	6	0	0	0	0	0	0
holistic	h0-44	-54	0	35.132976	0	40	4	0	35.132976	0	0	0	0
holistic	h0-45	-15	0	0	0	0	0	0	0	0	0	0	0
holistic	h0-46	-36	0.075229	1.580767	1	6	5	1.580767	0	0	0	0	0
holistic	h0-47	-27	0	0	0	0	2	0	0	0	0	1.130956	0
holistic	h0-48	-27	0.943753	1.007565	1	2	1	0	0	0	1.007565	0	0
holistic	h0-49	-11	0	2.089112	0	4	8	0	0	2.089112	0	0	0
holistic	h0-50	-13	0	0	0	0	0	0	0	0	0	1.131310	3.974550
holistic	h0-51	-47	0.338890	0.461133	1	1	3	0	0.461133	0	0	1.963020	0
holistic	h0-52	-10	0	0	0	0	0	0	0	0	0	0	0
holistic	h0-53	-8	0	0	0	0	2	0	0	0	0	0	0
holistic	h0-54	-13	0	0	0	0	0	0	0	0	0	0.916613	2.075208
holistic	h0-55	-46	0.936845	1.401907	2	2	7	0	1.401907	0	0	0	0
holistic	h0-56	-26	0	0.019530	0	1	5	0.019530	0	0	0	0	0
holistic	h0-57	-17	1.053579	50.352566	5	46	7	0	34.924996	0	15.427570	0	3.656996
holistic	h0-58	-28	0	0	0	0	0	0	0	0	0	0	0
holistic	h0-59	-3	3.958295	10.709877	5	9	6	0	0	10.709877	0	0	0
holistic	he61	0	0.943753	1.010940	1	2	1	0	0	0	1.010940	0	0
conventional	c0-0	-37	0	34.168675	0	14	7	6.881903	3.440745	17.770351	6.075676	0	0
conventional	c0-1	-15	0	36.799243	0	14	7	7.065272	5.173455	16.558718	8.001798	0	0
conventional	c0-2	-9	0	31.674123	0	14	7	4.400096	6.070944	17.160287	4.042796	0	0
conventional	c0-3	-6	0	34.067104	0	14	7	4.777976	1.461076	19.125473	8.702579	0	0
conventional	c0-4	-14	0	29.126671	0	14	7	1.644381	11.210301	9.304395	6.967594	0	0
conventional	c0-5	-15	0	19.828575	0	14	7	2.739195	1.354964	10.101753	5.632663	0	0
conventional	c0-6	-12	0	22.718110	0	14	7	4.131456	1.249899	7.584990	9.751765	0	0
conventional	c0-7	-22	0	18.795139	0	14	7	3.996190	4.190599	5.823729	4.784621	0	0
conventional	c0-8	-44	0	27.279165	0	14	7	1.770855	2.796390	11.069827	11.642093	0	0
conventional	c0-9	-8	0	44.750877	0	14	7	4.086685	6.456577	14.910273	19.297342	0	0
conventional	c0-10	-35	0	34.394461	0	14	7	1.312253	2.733475	21.056070	9.292663	0	0
conventional	c0-11	-10	0	23.091117	0	14	7	5.338448	5.724875	5.945601	6.082193	0	0
conventional	c0-12	-29	0	29.547359	0	14	7	4.959625	2.053392	19.496714	3.037628	0	0
conventional	c0-13	-39	0	24.600007	0	14	7	2.753582	4.636049	7.811809	9.398567	0	0
conventional	c0-14	-25	0	19.900080	0	14	7	4.553046	4.613784	6.059856	4.673394	0	0
conventional	c0-15	-24	0	17.396337	0	14	7	0.595964	1.976384	10.509180	4.314809	0	0
conventional	c0-16	-14	0	26.682708	0	14	7	1.792978	3.372073	15.321620	6.196037	0	0
conventional	c0-17	-17	0	18.280572	0	14	7	2.425732	2.175220	6.151355	7.528265	0	0
conventional	c0-18	-27	0	45.090168	0	14	7	6.210782	1.972109	17.416551	19.490726	0	0
conventional	c0-19	-50	0	46.741280	0	14	7	1.148870	2.953703	22.939881	19.698826	0	0
conventional	c0-20	-55	0	23.906635	0	14	7	9.147825	2.422209	6.042235	6.294366	0	0
conventional	c0-21	-45	0	23.216533	0	14	7	2.215275	1.734352	14.123102	5.143804	0	0
conventional	c0-22	-58	0	22.881037	0	14	7	2.441813	2.542335	10.533466	7.363423	0	0
conventional	c0-23	-18	0	17.796183	0	14	7	3.207587	1.960363	4.412258	8.215975	0	0
conventional	c0-24	-39	0	26.506860	0	14	7	5.933999	2.766367	11.765350	6.041144	0	0
conventional	c0-25	-26	0	44.186002	0	14	7	6.470629	8.039181	21.490667	8.185525	0	0
conventional	c0-26	-4	0	36.470733	0	14	7	7.841916	4.216504	15.564284	8.848029	0	0
conventional	c0-27	-10	0	15.981017	0	14	7	1.833642	1.290365	9.456582	3.400428	0	0
conventional	c0-28	-13	0	24.049578	0	14	7	4.148855	2.262375	10.296029	7.342319	0	0
conventional	c0-29	-26	0	40.071458	0	14	7	3.005095	9.930599	22.629310	4.506454	0	0
conventional	c0-30	-29	0	26.661281	0	14	7	1.919124	5.210595	12.343087	7.188475	0	0
conventional	c0-31	-46	0	18.644793	0	14	7	2.880075	2.594263	9.544191	3.626264	0	0
conventional	c0-32	-58	0	34.230692	0	14	7	1.203092	5.206427	19.394907	8.426266	0	0
conventional	c0-33	-19	0	18.769051	0	14	7	2.919548	4.260078	6.287236	5.302189	0	0
conventional	c0-34	-3	0	30.069448	0	14	7	5.135417	1.709318	10.450970	12.773743	0	0
conventional	c0-35	-28	0	11.907736	0	14	7	0.773816	0.962436	7.647449	2.524035	0	0
conventional	c0-36	-47	0	24.402829	0	14	7	2.022613	3.854708	11.230051	7.295457	0	0
conventional	c0-37	-22	0	27.083809	0	14	7	3.589687	4.069370	8.832317	10.592435	0	0
conventional	c0-38	-39	0	26.688568	0	14	7	4.134304	3.456645	9.095400	10.002219	0	0
conventional	c0-39	-23	0	15.047988	0	14	7	3.925112	0.842456	4.502128	5.778292	0	0
conventional	c0-40	-18	0	23.008973	0	14	7	2.352421	0.158257	16.084342	4.413953	0	0
conventional	c0-41	-11	0	16.162064	0	14	7	2.285217	2.440534	7.288538	4.147775	0	0
conventional	c0-42	-15	0	29.049482	0	14	7	0.969242	2.792563	12.636320	12.651357	0	0
conventional	c0-43	-32	0	22.826478	0	14	7	1.169954	1.821573	11.078468	8.756483	0	0
conventional	c0-44	-39	0	27.145942	0	14	7	3.359602	3.536357	8.149284	12.100699	0	0
conventional	c0-46	-54	0	34.446884	0	14	7	5.042725	9.654551	12.022068	7.727540	0	0
conventional	c0-47	-10	0	23.536136	0	14	7	4.376021	0.805598	10.620240	7.734277	0	0
conventional	c0-48	-46	0	27.398513	0	14	7	3.231512	0.424103	15.966504	7.776394	0	0
conventional	c0-49	-6	0	28.828789	0	14	7	5.522628	2.007036	13.594107	7.705018	0	0
conventional	c0-50	-23	0	36.498156	0	14	7	1.603806	11.513418	12.472346	10.908586	0	0
conventional	c0-51	-39	0	41.603269	0	14	7	5.966846	7.659252	20.502854	7.474317	0	0
conventional	c0-52	-9	0	30.021086	0	14	7	4.435957	7.965119	10.335286	7.284724	0	0
conventional	c0-53	-26	0	21.362957	0	14	7	3.382207	0.997232	12.017536	4.965982	0	0
conventional	c0-54	-53	0	25.793853	0	14	7	0.652870	6.595640	12.722069	5.823274	0	0
conventional	c0-55	-54	0	21.494762	0	14	7	2.865732	3.367627	9.512679	5.748724	0	0
conventional	c0-56	-53	0	25.254347	0	14	7	9.061956	4.493866	8.188595	3.509930	0	0
conventional	c0-57	-51	0	19.010913	0	14	7	0.578459	1.329141	5.963673	11.139640	0	0
conventional	c0-58	-2	0	14.204850	0	14	7	2.882336	1.712578	4.279683	5.330253	0	0
conventional	c0-59	-22	0	29.674644	0	14	7	8.521537	3.065269	8.275325	9.812513	0	0
conventional	ce61	0	0	41.452535	0	14	7	6.981314	6.592634	20.104599	7.773988	0	0
holistic	he62	1	0.943753	1.007565	1	2	1	0	0	0	1.007565	0	0
conventional	ce62	2	1.322434	48.179993	1	14	7	0.233250	2.619720	24.805953	20.521070	0	0
conventional	ce63	2	0	27.899871	0	14	7	4.524748	6.219722	9.395277	7.760124	0	0
conventional	ce64	2	0	28.729611	0	14	7	6.565888	2.362510	8.267461	11.533752	0	0
conventional	ce65	2	0	26.195671	0	14	7	3.590325	4.024579	12.872597	5.708170	0	0
conventional	ce66	2	0	24.799580	0	14	7	4.224889	6.308162	7.816047	6.450482	0	0
conventional	ce67	2	0	29.752064	0	14	7	5.960973	2.288832	13.472832	8.029427	0	0
conventional	ce68	2	0	40.280296	0	14	7	6.489188	11.124703	13.448402	9.218003	0	0
conventional	ce69	3	0	28.018043	0	14	7	0.484464	9.229477	11.708241	6.595861	0	0
conventional	ce70	3	0	18.113592	0	14	7	0.571485	3.054416	9.590420	4.897271	0	0
conventional	ce71	3	0.443855	50.660836	1	14	7	1.922208	9.599845	22.978064	16.160719	0	0
conventional	ce72	3	0	28.358835	0	14	7	3.714557	4.970440	10.053612	9.620226	0	0
conventional	ce73	3	0.021087	33.483450	1	14	7	5.750624	0.732319	17.240576	9.759931	0	0
conventional	ce74	3	0	34.401130	0	14	7	8.615885	2.666662	10.793524	12.325059	0	0
conventional	ce75	3	0	30.654758	0	14	7	5.253453	1.682542	11.091766	12.626997	0	0
conventional	ce76	3	0	25.553368	0	14	7	2.071630	2.931877	12.091322	8.458539	0	0
holistic	he63	4	0	0	0	0	0	0	0	0	0	0	0.200089
conventional	ce77	4	0	29.949506	0	14	7	2.293080	10.574047	9.111106	7.971273	0	0
conventional	ce78	4	0	35.292642	0	14	7	5.350521	8.236176	11.859900	9.846045	0	0
conventional	ce79	4	0	41.061329	0	14	7	7.369763	5.696386	19.667751	8.327429	0	0
conventional	ce80	4	0	35.687559	0	14	7	6.050596	2.595408	15.594470	11.447085	0	0
conventional	ce81	4	0	27.785994	0	14	7	2.325731	1.296779	12.777116	11.386368	0	0
conventional	ce82	4	0.903129	24.251843	1	14	7	2.525292	1.587394	15.038866	5.100291	0	0
conventional	ce83	4	0	22.211538	0	14	7	2.426779	1.498805	7.527658	10.758296	0	0
conventional	ce84	4	0	30.562785	0	14	7	5.271563	8.414178	11.079359	5.797685	0	0
conventional	ce85	4	0.383793	29.278775	1	14	7	2.399824	11.685218	7.495781	7.697952	0	0
conventional	ce86	4	0	32.147707	0	14	7	4.440214	1.267857	13.880120	12.559516	0	0
holistic	he64	5	4.014593	55.729372	10	48	9	38.959608	0	0	16.769764	0	0
holistic	he65	5	0	0	0	0	0	0	0	0	0	0	0
conventional	ce87	5	0	21.778554	0	14	7	3.078918	4.424352	7.999070	6.276214	0	0
conventional	ce88	5	0	24.893708	0	14	7	0.610880	6.975532	12.952251	4.355045	0	0
conventional	ce89	5	0	24.753282	0	14	7	4.266482	5.105816	6.778445	8.602539	0	0
conventional	ce90	5	0	28.981883	0	14	7	4.803000	7.816278	11.133033	5.229572	0	0
conventional	ce91	5	0	30.760628	0	14	7	3.445613	4.913559	14.615053	7.786403	0	0
conventional	ce92	5	0	26.768644	0	14	7	1.608434	6.843552	10.858654	7.458004	0	0
conventional	ce93	5	0	39.351055	0	14	7	5.139055	11.222426	12.982784	10.006790	0	0
conventional	ce94	5	0	25.753072	0	14	7	2.774642	3.282204	8.971016	10.725210	0	0
holistic	he66	6	0	0	0	0	0	0	0	0	0	0	0
holistic	he67	6	5.271101	66.275728	10	64	12	39.196994	0	0	27.078734	0	0
conventional	ce95	6	0	26.548088	0	14	7	5.912899	5.771219	8.230929	6.633041	0	0
conventional	ce96	6	0	15.727012	0	14	7	0.369589	1.121463	11.507868	2.728092	0	0
conventional	ce97	6	0	21.948891	0	14	7	2.505221	1.956355	14.955278	2.532037	0	0
conventional	ce98	6	0	33.341289	0	14	7	4.747887	8.871736	13.310510	6.411156	1.260616	0
holistic	he68	7	0	0	0	0	0	0	0	0	0	0	1.507091
holistic	he69	7	4.208136	54.455462	16	112	11	43.251732	0	0	11.203730	0	0
conventional	ce99	7	0	28.886154	0	14	7	2.109149	10.625877	9.784177	6.366951	0	0
conventional	ce100	7	0.691598	25.562794	1	14	7	2.177505	1.949078	9.015398	12.420813	0	0
conventional	ce101	7	0	38.605583	0	14	7	8.261943	2.487667	19.580188	8.275785	0	0
conventional	ce102	7	0	32.850608	0	14	7	4.474403	10.683491	12.256021	5.436693	0	0
conventional	ce103	7	0.903129	20.342424	1	14	7	3.022607	1.053968	13.308551	2.957298	0	0
conventional	ce104	7	0	11.861917	0	14	7	1.134724	0.917575	7.157094	2.652524	0	0
conventional	ce105	7	0	44.711245	0	14	7	6.911949	6.712283	22.447256	8.639757	0	0
conventional	ce106	7	0	21.302131	0	14	7	4.185936	2.339193	11.258962	3.518040	0	0
conventional	ce107	7	0	45.648429	0	14	7	2.866745	7.773177	13.310370	21.698137	0.513097	0
conventional	ce108	7	0	43.175297	0	14	7	8.561969	7.037591	21.029837	6.545900	0	0
holistic	he70	8	2.277845	56.861345	8	62	6	35.974456	0	0	20.886889	0	0
holistic	he71	8	2.123845	2.263729	2	2	1	0	0	0	2.263729	0	2.560810
conventional	ce109	8	0	25.295616	0	14	7	7.681586	6.060342	5.021908	6.531780	0	0
conventional	ce110	8	0	42.180445	0	14	7	8.164984	5.449931	17.617051	10.948479	0	0
conventional	ce111	8	0	30.586986	0	14	7	2.206039	11.374694	11.220124	5.786129	1.903528	0
conventional	ce112	8	0	33.245088	0	14	7	5.404520	1.392159	18.842759	7.605650	0	0
conventional	ce113	8	0	25.085164	0	14	7	2.474228	3.797657	13.928758	4.884521	0	0
conventional	ce114	8	0	45.911147	0	14	7	5.220099	4.448350	17.009571	19.233127	0	0
conventional	ce115	8	0	16.581716	0	14	7	4.710577	1.606888	5.784439	4.479812	0	0
holistic	he72	9	0	0	0	0	0	0	0	0	0	0	0.133896
holistic	he73	9	2.871986	52.286174	10	64	8	34.181196	0	0	18.104978	0	0
conventional	ce116	9	0	30.478086	0	14	7	3.850428	3.532990	18.732765	4.361903	0	0
conventional	ce117	9	0	31.470013	0	14	7	5.221939	0.801744	12.366001	13.080329	0	0
conventional	ce118	9	0	25.089376	0	14	7	3.487555	1.573754	8.632246	11.395821	0	0
conventional	ce119	9	0	25.857790	0	14	7	7.672374	3.851885	7.239774	7.093757	0	0
conventional	ce120	9	0.903129	23.194293	1	14	7	2.493153	1.967563	14.544443	4.189134	0	0
conventional	ce121	9	0	39.370812	0	14	7	6.513126	3.644853	20.744603	8.468230	0.726450	0
holistic	he74	10	0.943753	0.943753	1	1	1	0	0	0	0.943753	0	0
holistic	he75	10	0	0	0	0	3	0	0	0	0	0	0
conventional	ce122	10	0	15.176619	0	14	7	1.454764	3.102980	5.990362	4.628513	0	0
conventional	ce123	10	0	32.485021	0	14	7	2.979296	10.842638	11.797955	6.865132	1.352767	0
holistic	he76	11	0.943753	1.007565	1	2	1	0	0	0	1.007565	0	0
holistic	he77	11	6.050196	70.821994	12	81	9	35.800136	0	0	35.021858	0	0
holistic	he78	11	0	0	0	0	0	0	0	0	0	0	0.192373
conventional	ce124	11	0.903129	22.162355	1	14	7	1.292077	3.182370	14.570121	3.117787	0	0
conventional	ce125	11	0	48.968098	0	14	7	6.391543	8.988797	23.005073	10.582685	0	0
conventional	ce126	11	0	25.505903	0	14	7	2.221064	2.545956	15.534632	5.204251	0	0
conventional	ce127	11	0	24.456329	0	14	7	3.724151	5.197952	9.438327	6.095899	0	0
holistic	he79	12	0	0	0	0	0	0	0	0	0	0	0
holistic	he80	12	2.871986	58.153103	10	64	8	36.634994	0	0	21.518109	0	0
holistic	he81	12	0.943753	1.007565	1	2	1	0	0	0	1.007565	0	1.932206
holistic	he82	12	0	0	0	0	0	0	0	0	0	0	0.200089
conventional	ce128	12	0	43.223353	0	14	7	7.384946	5.304758	18.333326	12.200323	0	0
conventional	ce129	12	0	28.458242	0	14	7	4.452411	8.451763	9.909795	5.644273	0	0
conventional	ce130	12	0	34.038381	0	14	7	6.527253	0.680307	17.859774	8.971047	0	0
conventional	ce131	12	0	29.867604	0	14	7	1.577878	11.222774	9.963371	7.103581	0	0
conventional	ce132	12	0	19.601097	0	14	7	1.098078	2.010093	13.192191	3.300735	0	0
conventional	ce133	12	0	41.689282	0	14	7	3.585749	3.220400	14.786548	20.096585	0	0
holistic	he83	13	3.634883	61.616044	10	48	9	45.221022	0	0	16.395022	0	0
conventional	ce134	13	0	27.734839	0	14	7	2.643018	10.771103	9.898006	4.422712	1.903528	0
holistic	he84	14	0	0	0	0	1	0	0	0	0	0	0
holistic	he85	14	2.162266	46.038393	7	61	6	20.869400	0	0	25.168993	0	0
conventional	ce135	14	0	31.859709	0	14	7	3.909930	6.864396	12.371350	8.714033	0	0
conventional	ce136	14	0	39.526104	0	14	7	5.822568	6.357754	19.034312	8.311470	0	0
conventional	ce137	14	0	33.455877	0	14	7	4.253133	1.685103	19.043496	8.474145	0	0
holistic	he86	15	0	0	0	0	0	0	0	0	0	0	0.133896
holistic	he87	15	3.044412	64.214957	10	64	12	35.503838	0	0	28.711119	0	0
holistic	he88	15	0	0	0	0	0	0	0	0	0	0	1.507091
holistic	he89	15	0	0	0	0	0	0	0	0	0	0	0.200089
conventional	ce138	15	0	17.220013	0	14	7	1.542386	0.862095	12.032421	2.783111	0	0
conventional	ce139	15	0	16.553054	0	14	7	0.383217	1.701777	10.537165	3.930895	0	0
conventional	ce140	15	0	28.825766	0	14	7	4.477967	4.936316	9.882878	9.528605	0	0
holistic	he90	16	0	0	0	0	0	0	0	0	0	0	0
holistic	he91	16	0	0	0	0	1	0	0	0	0	0	0
holistic	he92	16	2.477759	23.682721	9	38	7	12.059907	0	0	11.622814	1.518579	0
holistic	he93	16	0.943753	0.943753	1	1	1	0	0	0	0.943753	0	0
holistic	he94	16	0	0	0	0	1	0	0	0	0	0	0
holistic	he95	16	0	0	0	0	0	0	0	0	0	0	0.192373
holistic	he96	16	0	0	0	0	0	0	0	0	0	0	1.507091
holistic	he97	16	0	0	0	0	0	0	0	0	0	0	0.645239
conventional	ce141	16	0	28.000029	0	14	7	1.149793	10.461007	7.989911	8.399318	0	0
conventional	ce142	16	0	25.357879	0	14	7	2.197334	3.784103	13.336878	6.039564	0	0
holistic	he98	17	0	0	0	0	0	0	0	0	0	0	0.509527
holistic	he99	17	0	0	0	0	0	0	0	0	0	0	0
holistic	he100	17	0	0	0	0	0	0	0	0	0	0	2.578750
holistic	he101	17	0	0	0	0	0	0	0	0	0	0	0
holistic	he102	17	4.489829	35.241300	7	32	6	10.992359	0	0	24.248941	0.246594	0
holistic	he103	17	2.373088	52.862888	8	52	8	33.019944	0	0	19.842944	0	0
holistic	he104	17	0.943753	0.943753	1	1	1	0	0	0	0.943753	0	0
holistic	he105	17	0	0	0	0	1	0	0	0	0	0	0
conventional	ce143	17	0	45.162031	0	14	7	5.768075	6.651928	14.026770	18.715258	0	0
holistic	he106	18	0	0	0	0	0	0	0	0	0	0	0.192373
holistic	he107	18	0	0	0	0	0	0	0	0	0	0	0.133896
holistic	he108	18	0	0	0	0	0	0	0	0	0	0	1.833004
holistic	he109	18	0	0.122248	0	1	1	0	0	0	0.122248	0	0
holistic	he110	18	0	0	0	0	0	0	0	0	0	0	0.368145
holistic	he111	18	0	0	0	0	0	0	0	0	0	0	1.230632
holistic	he112	18	0	0	0	0	0	0	0	0	0	0	0.200089
holistic	he113	18	0	0	0	0	0	0	0	0	0	0	0.133896
holistic	he114	18	0	1.174552	0	1	1	0	0	0	1.174552	0	0
holistic	he115	18	0	0	0	0	0	0	0	0	0	0	0.509527
holistic	he116	18	1.885507	52.344729	8	56	6	24.432165	0	0	27.912564	0	0
holistic	he117	18	2.581155	19.224665	8	32	7	9.863445	0	0	9.361220	0.724428	0
holistic	he118	18	0	0	0	0	0	0	0	0	0	0	0.200089
holistic	he119	18	0	0	0	0	0	0	0	0	0	0	0.200089
conventional	ce144	18	0	28.955784	0	14	7	2.649550	4.188896	14.762441	7.354897	0	0
holistic	he120	19	0	0	0	0	0	0	0	0	0	0	0.133896
holistic	he121	19	0	0	0	0	0	0	0	0	0	0	0
holistic	he122	19	0	0.629188	0	1	1	0	0	0	0.629188	0	0
holistic	he123	19	0	0	0	0	0	0	0	0	0	0	0.645239
holistic	he124	19	0	0	0	0	1	0	0	0	0	0	0.405004
holistic	he125	19	0	0	0	0	1	0	0	0	0	0	0
holistic	he126	19	0	0	0	0	0	0	0	0	0	0	0.214293
holistic	he127	19	2.046687	22.474791	6	40	4	0	0	0	22.474791	0	0
holistic	he128	19	0	0	0	0	0	0	0	0	0	0	0.192373
holistic	he129	19	0	0	0	0	0	0	0	0	0	0	0.509527
holistic	he130	19	0	0	0	0	0	0	0	0	0	0	1.507091
conventional	ce145	19	0	25.474578	0	14	7	4.170022	7.106091	9.210306	4.988159	0	0
holistic	he131	20	0	0	0	0	0	0	0	0	0	0	1.069667
holistic	he132	20	2.716215	29.735032	8	62	6	15.313088	0	0	14.421944	0	0
holistic	he133	20	0	0	0	0	0	0	0	0	0	0	0.041796
holistic	he134	20	0	0	0	0	0	0	0	0	0	0	0.407681
holistic	he135	20	0	0	0	0	0	0	0	0	0	0	0.022680
holistic	he136	20	0	0	0	0	0	0	0	0	0	0	0.200089
holistic	he137	20	0	0	0	0	0	0	0	0	0	0	0.192373
holistic	he138	20	0	0	0	0	0	0	0	0	0	0	0.133896
holistic	he139	20	0.703305	1.761576	1	4	4	0	0	0.994459	0.767117	0	0
holistic	he140	21	0	0	0	0	0	0	0	0	0	0	0.200089
holistic	he141	21	0	0	0	0	1	0	0	0	0	0	0
holistic	he142	21	0	0	0	0	0	0	0	0	0	0	0
holistic	he143	21	0	0	0	0	0	0	0	0	0	0	0
holistic	he144	21	0	0	0	0	0	0	0	0	0	0	0.509527
conventional	ce146	21	0	30.202424	0	14	7	1.750730	10.621476	8.665364	9.164854	0	0
conventional	ce147	21	0	39.959932	0	14	7	3.475851	5.804771	15.766140	14.913170	0	0
conventional	ce148	21	0	22.440493	0	14	7	3.814118	2.450331	12.495976	3.680068	0	0
holistic	he145	22	0	0	0	0	1	0	0	0	0	0	0.200089
holistic	he146	22	0	0	0	0	0	0	0	0	0	0	0
holistic	he147	22	0	0	0	0	0	0	0	0	0	0	0
holistic	he148	22	0	0	0	0	0	0	0	0	0	0	0.259770
holistic	he149	22	0	0	0	0	0	0	0	0	0	0	0
conventional	ce149	22	0.903129	28.349779	1	14	7	1.719676	3.472281	17.607407	5.550415	0	0
holistic	he150	23	0	0	0	0	0	0	0	0	0	0	0.133896
holistic	he151	23	0	0	0	0	0	0	0	0	0	0	0.197390
conventional	ce150	23	0	38.140323	0	14	7	5.823667	6.215575	15.616085	10.484996	0	0
conventional	ce151	23	0.977909	22.137990	1	14	7	1.292077	3.025637	13.162728	4.657548	0	0
conventional	ce152	24	0	24.880801	0	14	7	4.636524	6.320030	9.203566	4.720681	0	0
holistic	he152	25	0	0	0	0	0	0	0	0	0	0	0
holistic	he153	25	3.049188	8.736753	5	11	4	0	0	6.520080	2.216673	0	0
holistic	he154	25	0	0	0	0	0	0	0	0	0	0	0
conventional	ce153	25	0	28.372328	0	14	7	4.503189	8.334497	9.804294	5.730348	0	0
conventional	ce154	25	0	34.088267	0	14	7	5.754455	9.274282	11.510758	7.548772	0	0
holistic	he155	26	0	0	0	0	0	0	0	0	0	0	3.014182
holistic	he156	26	2.892248	35.532052	8	52	8	16.217616	0	0	19.314436	0	0
holistic	he157	26	0	0	0	0	1	0	0	0	0	0	0
holistic	he158	26	0	0	0	0	0	0	0	0	0	0	1.507091
holistic	he159	26	0	0	0	0	0	0	0	0	0	0	0.509527
holistic	he160	27	0.752447	0.752447	1	1	1	0	0	0	0.752447	0	0
holistic	he161	27	0	0	0	0	0	0	0	0	0	0	0.200089
holistic	he162	27	0	0	0	0	0	0	0	0	0	0	0
conventional	ce155	27	0	28.752124	0	14	7	4.714793	8.742904	9.852476	5.441951	0	0
conventional	ce156	28	0	20.319306	0	14	7	3.303070	0.557393	7.158569	9.300274	0	0
holistic	he163	29	0	0	0	0	0	0	0	0	0	0	0.200089
holistic	he164	29	0	0	0	0	0	0	0	0	0	0	0.160994
conventional	ce157	29	0	33.886769	0	14	7	4.699899	2.491888	18.303471	8.391511	0	0
conventional	ce158	30	0	26.099721	0	14	7	5.071420	2.778231	14.220037	4.030033	0	0
holistic	he165	31	0	0	0	0	0	0	0	0	0	0	0.509527
holistic	he166	31	0	0	0	0	0	0	0	0	0	0	1.710799
conventional	ce159	32	0.903129	24.264968	1	14	7	2.336173	2.119863	16.118360	3.690572	0	0
holistic	he167	33	0	0	0	0	0	0	0	0	0	0	0.133896
conventional	ce160	33	0	46.815157	0	14	7	7.737218	7.695234	23.096222	8.286483	0	0
conventional	ce161	34	0	28.359711	0	14	7	4.737777	6.094680	12.777119	4.750135	0	0
conventional	ce162	34	0	31.672519	0	14	7	3.087611	9.988584	10.629370	7.966954	0	0
conventional	ce163	36	0	30.937101	0	14	7	1.562838	10.123450	12.272883	6.977930	0	0
conventional	ce164	38	0	38.577108	0	14	7	6.072264	7.019502	15.717634	9.767708	0	0
conventional	ce165	39	0	29.349622	0	14	7	4.451071	8.762761	9.755929	6.379861	0	0
conventional	ce166	40	0	50.266446	0	14	7	7.273772	9.098122	23.184253	10.710299	0	0
holistic	he168	42	0	0	0	0	0	0	0	0	0	0	0.457776
holistic	he169	42	0	0	0	0	0	0	0	0	0	0	0.133896
conventional	ce167	43	0	21.369683	0	14	7	2.422977	2.600895	11.484218	4.861593	0	0
conventional	ce168	45	0	42.444408	0	14	7	5.422310	7.065109	13.150513	16.806476	0	0
conventional	ce169	46	0	19.672769	0	14	7	0.940403	1.799143	10.544021	6.389202	0	0
conventional	ce170	48	0	8.532441	0	14	7	1.160385	1.328074	2.952691	3.091291	0	0
conventional	ce171	49	0	26.490023	0	14	7	6.960304	4.521684	9.918967	5.089068	0	0
conventional	ce172	50	0	38.967646	0	14	7	6.518509	6.050828	14.840107	11.558202	0	0
conventional	ce173	51	0	19.030095	0	14	7	2.611343	0.535406	10.156853	5.726493	0	0
conventional	ce174	51	0	42.598847	0	14	7	8.189266	6.525528	20.303076	7.580977	0	0
conventional	ce175	52	0	43.550980	0	14	7	7.750306	8.792325	9.052935	17.955414	0	0
conventional	ce176	53	0	27.829088	0	14	7	4.326794	2.425251	6.240514	14.836529	0	0
holistic	he170	54	0	0	0	0	0	0	0	0	0	0	1.507091
conventional	ce177	54	0	37.433831	0	14	7	4.454360	5.999294	15.053146	11.927031	0	0
conventional	ce178	54	0	24.061069	0	14	7	4.212810	7.287278	8.659988	3.900993	0	0
conventional	ce179	56	0	28.920757	0	14	7	4.097966	8.183690	9.675230	6.963871	0	0
conventional	ce180	56	0.691598	28.066293	1	14	7	2.422135	3.178218	9.882682	12.583258	0	0
conventional	ce181	57	0	33.286666	0	14	7	6.960759	2.256252	18.802690	5.266965	0	0
holistic	he171	58	0	0	0	0	0	0	0	0	0	0	0
conventional	ce182	60	0	34.201070	0	14	7	5.033954	8.505886	13.000516	7.660714	0	0
holistic	he172	62	0	0	0	0	4	0	0	0	0	0	0
conventional	ce183	62	0	28.219110	0	14	7	4.760576	7.393806	8.231095	7.833633	0	0
conventional	ce184	62	0	30.394673	0	14	7	5.296125	8.052187	10.322223	6.724138	0	0
conventional	ce185	63	0	28.873904	0	14	7	3.915203	8.231391	9.549694	7.177616	0	0
conventional	ce186	63	0.903129	26.704210	1	14	7	2.132242	4.336033	16.773705	3.462230	0	0
holistic	he173	64	0	0	0	0	0	0	0	0	0	0	0
conventional	ce187	64	0	23.284248	0	14	7	0.547624	7.407215	10.456236	4.873173	3.718706	0
conventional	ce188	64	0	45.324475	0	14	7	5.953448	6.333362	13.649065	19.388600	0	0
conventional	ce189	64	0	41.425726	0	14	7	6.861297	5.017687	18.023004	11.523738	0	0
conventional	ce190	64	0	20.793429	0	14	7	1.056214	2.071589	11.566065	6.099561	0	0
conventional	ce191	64	0	28.571266	0	14	7	3.437367	2.873628	18.607854	3.652417	0	0
conventional	ce192	64	0	48.399782	0	14	7	7.983071	8.859117	11.149177	20.408417	1.260616	0
conventional	ce193	65	0	31.352332	0	14	7	4.715470	1.993831	13.019006	11.624025	0	0
conventional	ce194	65	0	32.062054	0	14	7	4.448749	10.896168	12.331579	4.385558	0	0
conventional	ce195	65	0	31.716455	0	14	7	4.038128	8.716493	12.543724	6.418110	1.734359	0
conventional	ce196	65	0	47.962994	0	14	7	6.402520	7.727107	24.768129	9.065238	0	0
conventional	ce197	66	0	44.553267	0	14	7	6.970618	3.946804	21.297952	12.337893	0	0
conventional	ce198	66	0	23.830684	0	14	7	0.588053	3.336211	17.238906	2.667514	0	0
holistic	he174	67	0	0	0	0	0	0	0	0	0	0	1.386723
conventional	ce199	67	0	43.240559	0	14	7	8.627938	5.273916	20.878139	8.460566	0	0
conventional	ce200	67	0.471072	25.453448	1	14	7	6.643291	0.867816	6.898759	11.043582	0	0
conventional	ce201	67	0	25.000959	0	14	7	4.010094	7.026026	9.124854	4.839985	0	0
conventional	ce202	67	0	25.049735	0	14	7	4.334664	6.265906	9.222467	5.226698	0.679013	0
conventional	ce203	67	0	43.204643	0	14	7	6.589041	4.756542	20.025011	11.834049	0	0
holistic	he175	68	0	0	0	0	0	0	0	0	0	0	0.696956
conventional	ce204	68	0	29.931127	0	14	7	3.640355	5.090041	9.307670	11.893061	0	0
conventional	ce205	68	0	36.328410	0	14	7	3.428981	11.778523	12.718231	8.402675	1.352767	0
conventional	ce206	68	0.903129	25.099794	1	14	7	3.872159	0.453178	16.391016	4.383441	0	0
conventional	ce207	68	0	47.511730	0	14	7	5.313964	11.321636	16.710136	14.165994	0	0
holistic	he176	69	0	0	0	0	0	0	0	0	0	0	0.400178
conventional	ce208	69	0	42.963172	0	14	7	7.563575	3.618003	17.327115	14.454479	0	0
conventional	ce209	69	0	47.076760	0	14	7	6.220591	10.114082	13.788089	16.953998	0	0
conventional	ce210	69	0	41.761863	0	14	7	7.250201	4.244652	17.474957	12.792053	0	0
conventional	ce211	70	0	33.826784	0	14	7	6.496373	3.443198	17.497248	6.389965	0	0
holistic	he177	71	0	0	0	0	0	0	0	0	0	0	0.200089
conventional	ce212	71	0	11.065280	0	14	7	0.676128	1.893490	4.737658	3.758004	0	0
holistic	he178	72	0	0	0	0	0	0	0	0	0	0	0.509527
holistic	he179	72	0	0	0	0	0	0	0	0	0	0	0
holistic	he180	72	0	0	0	0	0	0	0	0	0	0	0.197390
conventional	ce213	72	0.653861	50.350288	1	14	7	6.313217	8.935668	25.937851	9.163552	0	0
conventional	ce214	72	0	22.787889	0	14	7	4.338651	4.345829	10.039149	4.064260	0	0
conventional	ce215	72	0	28.834945	0	14	7	3.615419	5.535107	9.474793	10.209626	0	0
holistic	he181	73	0	0	0	0	0	0	0	0	0	0	0.022680
holistic	he182	73	0	0	0	0	0	0	0	0	0	0	0
conventional	ce216	73	0	32.770899	0	14	7	4.697447	1.288296	19.624481	7.160675	0	0
conventional	ce217	73	0	27.441878	0	14	7	4.398971	6.320030	8.691945	8.030932	1.015758	0
holistic	he183	74	0	0	0	0	0	0	0	0	0	0	1.230632
holistic	he184	74	0	0	0	0	0	0	0	0	0	0	0
conventional	ce218	74	0.903129	35.180225	1	14	7	2.162469	4.967326	21.659880	6.390550	0	0
conventional	ce219	74	0	29.755123	0	14	7	4.509705	5.085634	11.076640	9.083144	0	0
conventional	ce220	74	0	25.848524	0	14	7	3.987891	2.991413	4.923873	13.945347	0	0
holistic	he185	75	0	0	0	0	8	0	0	0	0	0	0
holistic	he186	75	0	0	0	0	0	0	0	0	0	0	3.435604
holistic	he187	75	0	0	0	0	0	0	0	0	0	0	0
conventional	ce221	75	1.734162	29.561694	2	14	7	2.386171	2.502252	19.231837	5.441434	0	0
conventional	ce222	75	0	24.338169	0	14	7	4.850595	5.866871	9.757650	3.863053	0.679013	0
conventional	ce223	75	0.903129	24.590868	1	14	7	4.411141	0.433432	15.993086	3.753209	0	0
holistic	he188	76	0	0	0	0	0	0	0	0	0	0	0
holistic	he189	76	0	0	0	0	4	0	0	0	0	0	0
holistic	he190	76	0	0	0	0	0	0	0	0	0	0	0.187413
holistic	he191	76	0	0	0	0	0	0	0	0	0	0	1.236049
conventional	ce224	76	0	29.076458	0	14	7	2.258629	10.213401	8.196563	8.407865	0	0
conventional	ce225	76	0.903129	28.914140	1	14	7	3.070836	1.636144	19.562071	4.645089	0	0
holistic	he192	77	0	0	0	0	0	0	0	0	0	0	1.386723
holistic	he193	77	0	0	0	0	0	0	0	0	0	0	0.915552
holistic	he194	77	0	0	0	0	0	0	0	0	0	0	0.387506
holistic	he195	77	0	0	0	0	0	0	0	0	0	0	1.505780
holistic	he196	77	0	0	0	0	0	0	0	0	0	0	0
conventional	ce226	77	0	33.755324	0	14	7	5.029133	8.443459	12.612877	7.669855	0	0
conventional	ce227	77	0	41.983158	0	14	7	4.566740	6.551533	17.599027	13.265858	0	0
conventional	ce228	77	0	40.561171	0	14	7	5.544073	6.943339	11.104007	16.969752	0	0
holistic	he197	78	0	0	0	0	0	0	0	0	0	0	0
holistic	he198	78	0	0	0	0	2	0	0	0	0	0	0
holistic	he199	78	0	0	0	0	1	0	0	0	0	0	0
holistic	he200	78	0	0	0	0	0	0	0	0	0	0	1.471620
holistic	he201	78	0	0	0	0	0	0	0	0	0	0	0
holistic	he202	78	3.013269	34.844563	8	62	6	20.468222	0	0	14.376341	0	0
holistic	he203	78	0	0	0	0	1	0	0	0	0	0	0.200089
holistic	he204	79	0	0	0	0	0	0	0	0	0	0	0.022680
holistic	he205	79	0	0	0	0	0	0	0	0	0	0	0.509527
holistic	he206	79	0	0	0	0	0	0	0	0	0	0	0
holistic	he207	79	0	0	0	0	0	0	0	0	0	0	0
holistic	he208	79	0	0	0	0	6	0	0	0	0	0	0
holistic	he209	79	0	0	0	0	0	0	0	0	0	0	1.019054
holistic	he210	79	0	0	0	0	0	0	0	0	0	0	1.386723
holistic	he211	79	2.228740	3.563626	3	5	4	0	0	3.563626	0	0	0
holistic	he212	79	0	0	0	0	0	0	0	0	0	0	0.133896
holistic	he213	79	0	0	0	0	0	0	0	0	0	0	0.200089
conventional	ce229	79	0	29.255417	0	14	7	5.327775	6.682515	13.366028	3.879099	0	0
conventional	ce230	79	0	34.495265	0	14	7	3.424759	12.730035	8.503591	9.836880	0	0
holistic	he214	80	0.724783	3.357213	1	2	2	0	0	0	3.357213	0	0.187413
holistic	he215	80	0	0	0	0	1	0	0	0	0	0	1.893634
holistic	he216	80	0	0	0	0	4	0	0	0	0	0	0.197390
holistic	he217	80	0	0	0	0	0	0	0	0	0	0	0.197390
holistic	he218	80	0	0	0	0	0	0	0	0	0	0	0
holistic	he219	80	0	0	0	0	0	0	0	0	0	0	1.528055
holistic	he220	80	0	0	0	0	0	0	0	0	0	0	0.237494
holistic	he221	80	0	0	0	0	0	0	0	0	0	0	0
conventional	ce231	80	0.903129	30.813278	1	14	7	1.611479	3.884442	20.524241	4.793116	0	0
conventional	ce232	80	0	27.117859	0	14	7	5.714717	6.668270	10.830821	3.904051	0	0
holistic	he222	81	0	0	0	0	1	0	0	0	0	0	0.133896
holistic	he223	81	0	0	0	0	0	0	0	0	0	0	0.200089
holistic	he224	81	0	0	0	0	0	0	0	0	0	0	0.200089
conventional	ce233	81	0.903129	25.882771	1	14	7	4.819243	6.386730	8.706715	5.970083	0	0
conventional	ce234	81	0.653861	45.607131	1	14	7	4.526676	6.248930	26.184562	8.646963	0.755417	0
conventional	ce235	81	0	27.873933	0	14	7	4.482642	6.416980	8.831395	8.142916	0.781766	0
conventional	ce236	81	0	38.329659	0	14	7	5.061957	10.197515	15.846667	7.223520	0	0
conventional	ce237	81	0	39.393886	0	14	7	7.673128	3.107640	16.283922	12.329196	0	0
holistic	he225	82	0	0	0	0	1	0	0	0	0	0	0
holistic	he226	82	0	0	0	0	0	0	0	0	0	0	0.269933
holistic	he227	82	0	0	0	0	0	0	0	0	0	0	0
holistic	he228	82	0	0	0	0	0	0	0	0	0	0	3.435604
holistic	he229	82	0	0	0	0	8	0	0	0	0	0	0
holistic	he230	82	0	0	0	0	0	0	0	0	0	0	3.014182
conventional	ce238	82	0	33.577722	0	14	7	4.427248	9.407266	12.295768	7.447440	0	0
conventional	ce239	82	0	30.397772	0	14	7	3.789788	8.382085	11.323341	6.902558	1.734359	0
holistic	he231	83	0	0	0	0	4	0	0	0	0	0	0
holistic	he232	83	0	0	0	0	4	0	0	0	0	0	0.197390
holistic	he233	83	0	0	0	0	0	0	0	0	0	0	0.474551
holistic	he234	83	0	0	0	0	0	0	0	0	0	0	0.045360
conventional	ce240	83	0	9.463987	0	14	7	0.677884	0.839145	4.399276	3.547682	0	0
conventional	ce241	83	0	33.053389	0	14	7	2.223033	3.065199	18.827092	8.938065	0	0
conventional	ce242	83	0	21.424639	0	14	7	0.844290	2.539197	14.400907	3.640245	0	0
conventional	ce243	83	0	41.103575	0	14	7	5.158014	3.305665	21.659569	10.980327	0	0
holistic	he235	84	0	0	0	0	0	0	0	0	0	0	0
conventional	ce244	84	0	33.839154	0	14	7	4.946047	9.828786	12.941799	6.122522	0	0
conventional	ce245	84	0	35.722029	0	14	7	5.267060	5.149085	18.333189	6.972695	0	0
conventional	ce246	85	0	39.974739	0	14	7	9.074289	1.730058	22.190889	6.979503	0	0
conventional	ce247	85	0	29.024926	0	14	7	4.575053	4.738225	11.465216	8.246432	0	0
holistic	he236	86	0	0	0	0	0	0	0	0	0	0	0.133896
holistic	he237	86	0	0	0	0	6	0	0	0	0	0	0
holistic	he238	86	0	0	0	0	0	0	0	0	0	0	0
holistic	he239	86	0	0	0	0	4	0	0	0	0	0	0.197390
holistic	he240	86	0	0	0	0	0	0	0	0	0	0	1.471620
holistic	he241	86	0	0	0	0	0	0	0	0	0	0	0.237494
holistic	he242	86	0	0	0	0	0	0	0	0	0	0	1.400232
holistic	he243	86	0	0	0	0	4	0	0	0	0	0	0
holistic	he244	86	0	0	0	0	0	0	0	0	0	0	0
conventional	ce248	86	0	30.336589	0	14	7	5.384547	5.590454	10.546853	8.814735	0	0
holistic	he245	87	0	0	0	0	2	0	0	0	0	0	0
conventional	ce249	87	0	33.162735	0	14	7	5.029133	8.267054	12.693978	7.172570	0	0
conventional	ce250	87	0	48.572766	0	14	7	8.577976	9.149930	21.917986	8.926874	1.014421	0
conventional	ce251	87	0	39.527518	0	14	7	3.266882	3.799312	22.424902	10.036422	0	0
holistic	he246	88	0	0	0	0	0	0	0	0	0	0	1.008716
conventional	ce252	88	0	35.351462	0	14	7	2.259545	2.310303	19.622617	11.158997	0	0
conventional	ce253	88	0	21.409034	0	14	7	0.287299	1.737858	13.876273	5.507604	0	0
holistic	he247	89	0	0	0	0	0	0	0	0	0	0	0.200089
holistic	he248	89	0	0	0	0	0	0	0	0	0	0	0.133896
holistic	he249	89	0	0	0	0	1	0	0	0	0	0	0.374826
conventional	ce254	89	0	29.879344	0	14	7	5.197423	7.281407	8.738966	8.661548	0	0
conventional	ce255	89	0	35.593015	0	14	7	7.029413	2.654950	15.901777	10.006875	0.731704	0
holistic	he250	90	0	0	0	0	0	0	0	0	0	0	3.053700
holistic	he251	90	0	0	0	0	0	0	0	0	0	0	0.200089
conventional	ce256	90	0	33.350985	0	14	7	3.193461	9.686989	13.193768	7.276767	0	0
holistic	he252	91	0	0	0	0	6	0	0	0	0	0	0
holistic	he253	91	0	0	0	0	0	0	0	0	0	0	1.400232
holistic	he254	91	0	0	0	0	0	0	0	0	0	0	0
conventional	ce257	91	0	26.620655	0	14	7	0.726141	3.351908	18.947340	3.595266	0	0
conventional	ce258	91	0	34.444687	0	14	7	3.821118	10.874678	13.901765	5.847126	0	0
conventional	ce259	92	0	41.775565	0	14	7	9.907751	2.928430	19.696390	9.242994	0	0
holistic	he255	93	0	0	0	0	0	0	0	0	0	0	3.011560
holistic	he256	93	0	0	0	0	4	0	0	0	0	0	0.197390
holistic	he257	93	0	0	0	0	0	0	0	0	0	0	0
conventional	ce260	93	0	31.573742	0	14	7	4.458732	10.316363	12.332851	4.465796	0	0
conventional	ce261	93	0	28.282154	0	14	7	1.989115	3.634602	13.211296	9.447141	0	0
holistic	he258	94	0	0	0	0	0	0	0	0	0	0	0.133896
conventional	ce262	94	0	22.975983	0	14	7	3.241867	1.985497	9.573410	8.175209	0	0
conventional	ce263	94	0	40.277227	0	14	7	6.111236	7.044663	17.094041	10.027287	0	0
holistic	he259	95	0	0	0	0	0	0	0	0	0	0	1.400232
conventional	ce264	95	0	30.373128	0	14	7	3.729455	4.725047	12.754608	9.164018	0	0
conventional	ce265	96	0	34.392517	0	14	7	5.333139	7.721257	14.177194	7.160927	0	0
conventional	ce266	96	0	44.955662	0	14	7	6.151768	7.502374	23.002827	8.298693	0	0
holistic	he260	97	0	0	0	0	4	0	0	0	0	0	1.646756
conventional	ce267	98	0	30.092843	0	14	7	4.299466	10.496036	11.218462	4.078879	0	0
conventional	ce268	98	0.903129	25.353595	1	14	7	3.969682	0.881936	17.302225	3.199752	0	0
conventional	ce269	98	0	32.236035	0	14	7	5.073928	5.302155	9.378484	12.481468	0	0
conventional	ce270	99	0	25.158250	0	14	7	1.525166	4.353761	16.614301	2.665022	0	0
conventional	ce271	99	0	38.909714	0	14	7	4.917533	7.363869	15.671639	10.956673	0	0
conventional	ce272	99	0	30.207619	0	14	7	2.655087	8.905630	10.859391	7.787511	1.734359	0
conventional	ce273	100	0	27.487667	0	14	7	1.989115	3.842801	14.370247	7.285504	0	0
holistic	he261	101	0	0	0	0	0	0	0	0	0	0	0.200089
conventional	ce274	101	0	31.734288	0	14	7	6.942708	2.063535	17.408804	5.319241	2.025764	0
conventional	ce275	101	0	32.347108	0	14	7	4.317095	1.245045	18.889602	7.895366	0.284689	0
holistic	he262	102	0	0	0	0	4	0	0	0	0	0	0.197390
holistic	he263	102	0	0	0	0	0	0	0	0	0	0	0
conventional	ce276	102	0	41.935170	0	14	7	6.420181	6.003719	17.635506	11.875764	0	0
conventional	ce277	102	0	28.914701	0	14	7	4.138582	2.093732	8.378787	14.303600	0.896630	0
conventional	ce278	103	0	29.964927	0	14	7	4.097966	8.266083	9.852528	7.748350	0	0
conventional	ce279	104	0	41.924030	0	14	7	8.272498	2.420901	18.341595	12.889036	0	0
conventional	ce280	105	0	36.087629	0	14	7	5.776420	6.656889	13.259680	10.394640	0	0
holistic	he264	106	0	0	0	0	0	0	0	0	0	0	1.008716
holistic	he265	106	0	0	0	0	2	0	0	0	0	0	0.474988
conventional	ce281	106	0	31.637947	0	14	7	2.660239	10.767115	11.198624	7.011969	1.511630	0
conventional	ce282	107	0	25.038370	0	14	7	4.444722	6.121229	9.252747	5.219672	0.679013	0
holistic	he266	110	0	0	0	0	8	0	0	0	0	0	0
conventional	ce283	110	0	30.822600	0	14	7	3.850443	4.856516	12.851909	9.263732	0	0
conventional	ce284	112	0	37.397729	0	14	7	6.213932	7.447724	14.200537	9.535536	0	0
conventional	ce285	113	0	32.190567	0	14	7	7.785142	1.121247	18.012404	5.271774	0	0
conventional	ce286	113	0	37.443450	0	14	7	4.834997	2.491795	22.465473	7.651185	0	0
holistic	he267	114	0	0	0	0	0	0	0	0	0	0	1.508743
conventional	ce287	114	0	32.187270	0	14	7	4.532991	6.061280	13.285126	8.307873	0	0
conventional	ce288	114	0	32.829424	0	14	7	5.355762	7.133491	12.765829	7.574342	0.631364	0
conventional	ce289	114	0	41.726822	0	14	7	7.796968	4.426790	21.190315	8.312749	0	0
holistic	he268	115	0	0	0	0	1	0	0	0	0	0	0
conventional	ce290	115	0.031950	43.201515	1	14	7	8.747066	5.184641	20.368890	8.900918	1.567315	0
conventional	ce291	115	0.691598	29.238532	1	14	7	2.397103	10.107237	9.205545	7.528647	0	0
conventional	ce292	115	0	30.248704	0	14	7	3.501100	1.851074	16.068837	8.827693	0	0
conventional	ce293	115	0	34.374887	0	14	7	4.547182	9.362186	12.367310	8.098209	0	0
conventional	ce294	116	0	26.190624	0	14	7	4.588042	5.715903	9.804457	6.082222	0	0
conventional	ce295	116	0.471072	22.227204	1	14	7	4.412916	1.056053	6.305179	10.453056	0	0
conventional	ce296	116	0	30.275887	0	14	7	4.966113	4.546705	12.678401	8.084668	0	0
conventional	ce297	116	0	22.036316	0	14	7	3.043038	6.004132	9.327443	3.661703	0	0
conventional	ce298	117	0	37.757555	0	14	7	5.700363	6.929045	13.485115	11.643032	0	0
conventional	ce299	117	0	32.825072	0	14	7	4.251701	6.344520	6.893154	15.335697	0	0
conventional	ce300	117	0	13.931827	0	14	7	1.092710	3.780187	5.173613	3.885317	0	0
conventional	ce301	118	0	43.333700	0	14	7	4.382770	11.220707	16.157786	11.572437	0	0
conventional	ce302	118	0	25.853995	0	14	7	3.141197	8.300103	10.480150	3.932545	0	0
conventional	ce303	118	0	26.685678	0	14	7	2.592707	4.476768	8.025012	11.591191	0	0
conventional	ce304	118	0	30.904658	0	14	7	4.811635	5.163611	12.115577	8.813835	0	0
holistic	he269	119	0	0	0	0	4	0	0	0	0	0	0.025222
conventional	ce305	119	0	22.358030	0	14	7	4.275860	3.250877	8.103605	6.727688	0	0
conventional	ce306	120	0	35.361571	0	14	7	5.437297	7.540283	5.472586	16.911405	0	0
holistic	he270	122	0	0	0	0	0	0	0	0	0	0	0.474551
conventional	ce307	122	0	29.152932	0	14	7	3.666151	8.927545	10.493689	6.065547	0	0
conventional	ce308	123	0	29.357652	0	14	7	3.578040	5.077644	13.720760	6.981208	0	0
holistic	he271	124	0	0	0	0	4	0	0	0	0	0	0.197390
conventional	ce309	124	0	27.584265	0	14	7	4.582941	4.198051	12.664171	6.139102	0	0
conventional	ce310	124	0	30.647878	0	14	7	4.829594	5.161063	11.166876	9.490345	0	0
conventional	ce311	124	0	17.736008	0	14	7	1.586754	5.320485	6.445975	4.382794	0	0
conventional	ce312	125	0	22.288042	0	14	7	3.315234	6.432959	7.661182	4.878667	0	0
conventional	ce313	125	0	46.886572	0	14	7	7.056440	11.958341	14.969042	12.902749	0	0
conventional	ce314	125	0	26.445406	0	14	7	3.143713	3.051773	11.346915	8.903005	0	0
conventional	ce315	126	0	22.780911	0	14	7	3.885001	5.408041	8.095875	5.391994	0	0
conventional	ce316	126	0	24.609372	0	14	7	4.412103	6.330085	8.690622	5.176562	0	0
holistic	he272	127	0	0	0	0	4	0	0	0	0	0	0
conventional	ce317	127	0	17.579286	0	14	7	4.189432	1.984464	4.237832	7.167558	0	0
conventional	ce318	127	0	21.083954	0	14	7	3.270736	7.870715	5.044866	4.897637	0	0
conventional	ce319	127	0	34.101215	0	14	7	5.662977	7.841321	12.909137	7.687780	0	0
conventional	ce320	127	0	31.341628	0	14	7	5.627514	5.326117	12.670207	7.717790	0	0
conventional	ce321	127	0	49.985500	0	14	7	7.346656	12.218323	17.097337	13.323184	0	0
conventional	ce322	128	0	47.528153	0	14	7	6.004319	6.960525	21.071932	13.491377	0	0
conventional	ce323	128	0	36.622227	0	14	7	5.454840	7.479745	13.063967	10.623675	0	0
conventional	ce324	128	0	25.202396	0	14	7	2.455209	4.617819	11.548726	6.580642	0	0
conventional	ce325	128	0	25.349672	0	14	7	4.688273	5.645494	11.195249	3.820656	0	0
conventional	ce326	128	0	35.111903	0	14	7	7.736900	5.577818	12.238065	9.559120	0	0
conventional	ce327	129	0	28.719041	0	14	7	4.609363	4.749886	12.046007	7.313785	0	0
conventional	ce328	129	0	30.520293	0	14	7	3.868224	8.245869	11.664061	6.742139	0	0
conventional	ce329	129	0	23.486125	0	14	7	5.016128	5.489090	9.250041	3.730866	0.679013	0
conventional	ce330	131	0	12.888407	0	14	7	1.518417	1.374910	5.948831	4.046249	0.176758	0
conventional	ce331	131	0	9.454166	0	14	7	0.825834	0.803076	3.982549	3.842707	0	0
holistic	he273	132	0	0	0	0	0	0	0	0	0	0	0.187413
holistic	he274	132	0	0	0	0	0	0	0	0	0	0	0.813271
conventional	ce332	132	0	7.991406	0	14	7	0.753837	1.238812	2.825301	3.173456	1.303280	0
conventional	ce333	132	0.691598	29.164119	1	14	7	2.302379	9.271412	8.469207	9.121121	0	0
conventional	ce334	132	0	31.693733	0	14	7	4.317222	9.508500	11.181367	6.686644	1.734359	0
conventional	ce335	132	0	29.147934	0	14	7	4.510204	4.351216	11.931015	8.355499	0	0
holistic	he275	133	0	0	0	0	0	0	0	0	0	0	0.045360
holistic	he276	133	0	0	0	0	0	0	0	0	0	0	0
conventional	ce336	133	0	31.554236	0	14	7	4.499436	5.870074	11.828379	9.356347	0	0
conventional	ce337	133	0	24.967603	0	14	7	5.088500	5.389657	11.978938	2.510508	0	0
conventional	ce338	133	0	29.638611	0	14	7	6.097265	7.794863	9.337773	6.408710	0	0
holistic	he277	134	0	0	0	0	0	0	0	0	0	0	0.833133
conventional	ce339	134	0.691598	30.273182	1	14	7	2.107875	8.516245	11.830186	7.818876	0	0
conventional	ce340	134	0	29.915523	0	14	7	3.959733	8.501119	10.496706	6.957965	1.734359	0
holistic	he278	135	0	0	0	0	0	0	0	0	0	0	0.316332
conventional	ce341	135	0	31.403589	0	14	7	5.926014	7.233786	10.438667	7.805122	1.372726	0
conventional	ce342	135	0	30.143657	0	14	7	3.197598	9.407884	7.212783	10.325392	0	0
conventional	ce343	135	0	31.323825	0	14	7	3.603667	4.504597	15.975353	7.240208	0	0
conventional	ce344	135	0	35.797264	0	14	7	5.716253	5.858454	12.676399	11.546158	0	0
holistic	he279	136	0	0	0	0	4	0	0	0	0	0	0.025222
holistic	he280	136	0	0	0	0	4	0	0	0	0	0	0.197390
conventional	ce345	136	0	31.717683	0	14	7	3.923093	1.262366	19.384253	7.147971	0.284689	0
holistic	he281	137	0	0	0	0	1	0	0	0	0	0	0
holistic	he282	137	0	0	0	0	4	0	0	0	0	0	0.197390
holistic	he283	137	0	0	0	0	4	0	0	0	0	0	1.646756
holistic	he284	137	0	0	0	0	0	0	0	0	0	0	0.267792
holistic	he285	137	0	0	0	0	4	0	0	0	0	0	0.197390
conventional	ce346	137	0	27.396299	0	14	7	5.723184	6.670516	10.410709	4.591890	0	0
conventional	ce347	137	0	28.039873	0	14	7	6.266180	5.988752	9.671244	6.113697	0	0
conventional	ce348	137	0	42.324686	0	14	7	8.388589	4.336502	16.318038	13.281557	0	0
holistic	he286	138	0	0	0	0	0	0	0	0	0	0	1.446708
holistic	he287	138	0	0	0	0	0	0	0	0	0	0	0.400178
holistic	he288	138	0	0	0	0	0	0	0	0	0	0	0.071926
conventional	ce349	138	0	41.479287	0	14	7	4.475004	11.090564	17.636535	8.277184	0	0
conventional	ce350	138	0	32.265741	0	14	7	4.815247	4.691255	14.134474	8.624765	0	0
holistic	he289	139	0	0	0	0	4	0	0	0	0	0	0.197390
holistic	he290	139	0	0	0	0	0	0	0	0	0	0	0
holistic	he291	139	0	0	0	0	4	0	0	0	0	0	1.522767
holistic	he292	139	0	0	0	0	0	0	0	0	0	0	0.237494
holistic	he293	139	0	0	0	0	0	0	0	0	0	0	0
holistic	he294	139	0	0	0	0	3	0	0	0	0	0	0
holistic	he295	139	0	0	0	0	0	0	0	0	0	0	0
holistic	he296	140	0	0	0	0	0	0	0	0	0	0	0.133896
holistic	he297	140	0	0	0	0	0	0	0	0	0	0	1.238536
holistic	he298	140	0	0	0	0	4	0	0	0	0	0	0.197390
holistic	he299	140	0	0	0	0	4	0	0	0	0	0	0
holistic	he300	140	0	0	0	0	4	0	0	0	0	0	0.011842
holistic	he301	140	0	0	0	0	0	0	0	0	0	0	0
conventional	ce351	140	0	28.735731	0	14	7	4.170257	6.823320	10.945473	6.796681	1.974074	0
conventional	ce352	140	0	29.500126	0	14	7	6.040614	1.498399	15.436180	6.524933	0.212097	0
holistic	he302	141	0	0	0	0	6	0	0	0	0	0	0
holistic	he303	141	0	0.152810	0	2	6	0	0	0.152810	0	0	3.293512
holistic	he304	141	0	0	0	0	4	0	0	0	0	0	0
holistic	he305	141	0	0	0	0	0	0	0	0	0	0	1.471620
holistic	he306	141	0	0	0	0	0	0	0	0	0	0	0.316332
holistic	he307	141	0	0	0	0	0	0	0	0	0	0	0.474551
conventional	ce353	141	0	19.676985	0	14	7	3.800604	5.356339	6.867722	3.652320	0.679013	0
conventional	ce354	141	0	18.637572	0	14	7	3.205808	5.710674	5.229598	4.491492	0	0
holistic	he308	142	0	0	0	0	0	0	0	0	0	0	0.237494
holistic	he309	142	0	0	0	0	4	0	0	0	0	0	0.197390
holistic	he310	142	0	0	0	0	0	0	0	0	0	0	0.867876
holistic	he311	142	0	0	0	0	4	0	0	0	0	0	0.197390
conventional	ce355	142	0	23.949939	0	14	7	4.534500	1.165573	11.733840	6.516026	0	0
conventional	ce356	142	0	21.921648	0	14	7	2.231844	5.535217	9.111792	5.042795	0.679013	0
holistic	he312	143	0	0	0	0	3	0	0	0	0	0	0.197390
holistic	he313	143	0	0	0	0	0	0	0	0	0	0	0.255202
holistic	he314	143	0	0	0	0	0	0	0	0	0	0	1.400232
holistic	he315	143	0	0	0	0	0	0	0	0	0	0	0.187413
holistic	he316	143	0	0	0	0	4	0	0	0	0	0	0
holistic	he317	143	0	0	0	0	4	0	0	0	0	0	0
holistic	he318	143	0	0	0	0	0	0	0	0	0	0	1.722514
conventional	ce357	143	0	44.389767	0	14	7	3.538169	11.530837	15.883496	13.437265	0	0
conventional	ce358	143	0.691598	21.580775	1	14	7	2.875633	2.185586	9.578325	6.941231	0	0
holistic	he319	144	0	0	0	0	4	0	0	0	0	0	1.646756
holistic	he320	144	0	0	0	0	8	0	0	0	0	0	0.394780
holistic	he321	144	0	0	0	0	4	0	0	0	0	0	0.197390
conventional	ce359	144	0	14.863030	0	14	7	1.333254	3.242713	4.894369	5.392694	1.303280	0
conventional	ce360	144	0	21.120834	0	14	7	2.929128	5.228442	8.320463	4.642801	0	0
conventional	ce361	144	0	24.536933	0	14	7	4.912537	5.943917	8.427643	5.252836	0.679013	0
conventional	ce362	144	0	24.183233	0	14	7	2.793918	2.074026	10.855071	8.460218	0	0
holistic	he322	145	0	0	0	0	4	0	0	0	0	0	0.173219
conventional	ce363	145	0	33.389969	0	14	7	8.310060	5.280575	9.531475	10.267859	0	0
conventional	ce364	145	0	32.326336	0	14	7	5.100556	6.736433	11.295817	9.193530	0	0
holistic	he323	146	0	0	0	0	4	0	0	0	0	0	0.197390
holistic	he324	146	0	0	0	0	4	0	0	0	0	0	0.197390
holistic	he325	146	0	0	0	0	0	0	0	0	0	0	2.854281
holistic	he326	146	0	0	0	0	0	0	0	0	0	0	1.471620
holistic	he327	146	0	0	0	0	1	0	0	0	0	0	0
holistic	he328	146	0	0	0	0	4	0	0	0	0	0	0
holistic	he329	146	0	0	0	0	0	0	0	0	0	0	0.813271
holistic	he330	146	0	0	0	0	1	0	0	0	0	0	0.474551
conventional	ce365	146	0	34.580990	0	14	7	8.767827	5.809832	10.967566	9.035765	0.612354	0
conventional	ce366	146	0	20.462924	0	14	7	3.036439	8.122296	4.330163	4.974026	0	0
conventional	ce367	147	0	13.462755	0	14	7	1.115865	3.103703	5.620902	3.622285	0.273698	0
conventional	ce368	147	0	29.606704	0	14	7	2.844977	4.743556	8.321731	13.696440	0	0
holistic	he331	148	0	0	0	0	4	0	0	0	0	0	0
holistic	he332	148	0	0	0	0	0	0	0	0	0	0	0.215778
holistic	he333	148	0	0	0	0	0	0	0	0	0	0	0.200089
conventional	ce369	148	0	18.764307	0	14	7	3.175380	2.494924	9.756045	3.337958	0	0
holistic	he334	149	0	0	0	0	0	0	0	0	0	0	0
conventional	ce370	149	0	48.845895	0	14	7	6.665068	2.693383	22.862124	16.625320	0	0
conventional	ce371	149	0	30.651455	0	14	7	4.701193	1.837847	15.072379	9.040036	0	0
holistic	he335	150	0	0	0	0	8	0	0	0	0	0	0
holistic	he336	150	0	0	0	0	0	0	0	0	0	0	0.679625
conventional	ce372	150	0	21.564813	0	14	7	3.036439	9.242842	4.993994	4.291538	0	0
holistic	he337	151	0	0	0	0	4	0	0	0	0	0	0
holistic	he338	151	0	0	0	0	2	0	0	0	0	0	0
conventional	ce373	151	2.414732	21.556694	1	14	7	3.840149	5.451447	7.530398	4.734700	0	0
conventional	ce374	152	0	23.030142	0	14	7	4.625270	5.714277	10.424529	2.266066	0	0
holistic	he339	153	0	0	0	0	2	0	0	0	0	0	0.143852
holistic	he340	153	0	0	0	0	0	0	0	0	0	0	0.143852
conventional	ce375	153	0	24.847175	0	14	7	1.453637	7.836389	9.957156	5.599993	1.734359	0
holistic	he341	154	0	0	0	0	0	0	0	0	0	0	0.316332
holistic	he342	154	0	0	0	0	1	0	0	0	0	0	0.215778
holistic	he343	154	0	0	0	0	8	0	0	0	0	0	0.394780
holistic	he344	154	0	0	0	0	3	0	0	0	0	0	0.466192
conventional	ce376	154	0	50.810174	0	14	7	7.390452	11.681066	17.611318	14.127338	0	0
conventional	ce377	154	0	22.045066	0	14	7	2.480148	8.329801	6.069580	5.165537	0	0
holistic	he345	155	0	0	0	0	0	0	0	0	0	0	1.508743
holistic	he346	155	0	0	0	0	8	0	0	0	0	0	3.293512
holistic	he347	155	0	0	0	0	1	0	0	0	0	0	0
conventional	ce378	155	0	28.150846	0	14	7	4.146621	7.572389	10.766111	5.665725	0.679013	0
holistic	he348	156	0	0	0	0	0	0	0	0	0	0	0.215778
conventional	ce379	156	0	22.758244	0	14	7	3.687885	9.244540	4.486341	5.339478	0	0
holistic	he349	157	0.179422	0.179422	1	1	4	0	0	0.179422	0	0	0.464138
conventional	ce380	157	0	40.165984	0	14	7	8.045710	1.763456	16.680413	13.676405	0	0
holistic	he350	158	0	0	0	0	5	0	0	0	0	0	1.646756
holistic	he351	158	0	0	0	0	0	0	0	0	0	0	0.143852
holistic	he352	159	0	0	0	0	4	0	0	0	0	0	1.326667
holistic	he353	161	0	0	0	0	0	0	0	0	0	0	0.143852
conventional	ce381	161	0	24.405589	0	14	7	3.475403	2.329484	14.584013	4.016689	1.601979	0
holistic	he354	162	0	0	0	0	0	0	0	0	0	0	0.735810
conventional	ce382	162	0	14.252220	0	14	7	1.283572	3.643924	6.796553	2.528171	0	0
holistic	he355	163	0.457605	0.457605	1	1	4	0	0	0.457605	0	0	1.646756
conventional	ce383	163	0	23.699300	0	14	7	6.523535	5.437385	9.492031	2.246349	0	0
holistic	he356	164	0	0	0	0	0	0	0	0	0	0	0.501677
conventional	ce384	164	0	10.322241	0	14	7	1.065766	0.718204	4.440419	4.097852	0	0
conventional	ce385	164	0	26.973053	0	14	7	3.839565	6.919166	11.963693	4.250629	0.679013	0
conventional	ce386	165	0	20.852818	0	14	7	4.546688	5.094705	8.780549	2.430876	0	0
holistic	he357	166	0	0	0	0	0	0	0	0	0	0	0.158166
conventional	ce387	166	0	38.445128	0	14	7	4.713121	10.872691	15.128524	7.730792	0	0
conventional	ce388	166	0	25.257523	0	14	7	4.566085	2.368725	10.205845	8.116868	0	0
holistic	he358	167	0	0	0	0	0	0	0	0	0	0	0
conventional	ce389	167	0	30.939013	0	14	7	5.847502	8.378914	9.334605	7.377992	0	0
holistic	he359	171	0	0	0	0	1	0	0	0	0	0	0.611961
holistic	he360	174	0	0	0	0	6	0	0	0	0	0	0
conventional	ce390	175	2.078549	22.296003	1	14	7	4.424146	6.756307	5.654758	5.460792	0	0
conventional	ce391	175	0	7.057626	0	14	7	0.751328	0.782999	3.037902	2.485397	1.303280	0
conventional	ce392	175	0	31.844607	0	14	7	1.246430	10.230642	8.405670	11.961865	0	0
conventional	ce393	176	0	21.819498	0	14	7	4.270297	3.235170	7.409936	6.904095	0	0
conventional	ce394	176	0.440589	25.563141	1	14	7	5.347935	6.195366	9.486814	4.533026	1.734359	0
conventional	ce395	177	0	21.516721	0	14	7	3.205172	8.647103	6.120277	3.544169	0	0
conventional	ce396	177	0	6.821665	0	14	7	0.828758	0.801632	2.553314	2.637961	0	0
holistic	he361	178	0	0	0	0	0	0	0	0	0	0	1.402530
conventional	ce397	178	0	36.963069	0	14	7	3.988799	9.732953	9.318344	13.922973	0	0
conventional	ce398	178	0	25.621312	0	14	7	4.565526	4.597207	12.732686	3.725893	0	0
conventional	ce399	178	0	13.021745	0	14	7	0.731370	1.749211	6.399544	4.141620	1.554810	0
conventional	ce400	178	0	32.725275	0	14	7	5.257217	6.001085	14.257790	7.209183	0	0
holistic	he362	179	2.344376	2.344376	2	2	4	0	0	0	2.344376	0	0
holistic	he363	179	0	0	0	0	3	0	0	0	0	0	0.301979
conventional	ce401	179	2.414732	20.326231	1	14	7	2.745842	4.438967	8.616736	4.524686	0	0
conventional	ce402	179	0	29.838667	0	14	7	3.141624	12.904966	6.080755	7.711322	0	0
conventional	ce403	180	0	31.446121	0	14	7	4.595078	9.572635	9.983391	7.295017	1.734359	0
conventional	ce404	181	0	16.666747	0	14	7	3.253893	3.915416	6.438542	3.058896	0	0
holistic	he364	182	0	0	0	0	1	0	0	0	0	0	0
holistic	he365	183	0	0	0	0	4	0	0	0	0	1.113080	1.646756
conventional	ce405	183	0	26.933780	0	14	7	3.144911	7.274364	9.464615	7.049890	1.734359	0
holistic	he366	184	0	0	0	0	4	0	0	0	0	0	0.019921
conventional	ce406	184	0	28.819177	0	14	7	7.748466	1.683838	10.055966	9.330907	0	0
conventional	ce407	184	0	45.079150	0	14	7	5.463495	13.003730	14.632457	11.979468	0	0
conventional	ce408	185	0.025212	34.083768	1	14	7	2.010687	10.676715	9.443116	11.953250	0	0
conventional	ce409	185	0.440589	25.656365	1	14	7	5.710132	4.872554	10.759242	4.314437	1.734359	0
conventional	ce410	185	0	32.516801	0	14	7	6.025954	5.606458	14.136735	6.747654	0.128475	0
conventional	ce411	185	0	24.244795	0	14	7	4.594442	1.780652	10.652422	7.217279	0	0
holistic	he367	186	0	0	0	0	4	0	0	0	0	0	0.176598
conventional	ce412	186	0	25.072246	0	14	7	2.569938	2.222629	12.168132	8.111547	0	0
holistic	he368	187	0	0	0	0	0	0	0	0	0	0	0.474551
holistic	he369	187	0	0	0	0	0	0	0	0	0	0	0.158166
conventional	ce413	187	0	30.567630	0	14	7	4.425567	7.930679	11.469245	6.742139	0.319464	0
conventional	ce414	187	0	33.001763	0	14	7	5.317071	7.053404	14.733412	5.897876	0	0
conventional	ce415	187	0	22.992969	0	14	7	2.620266	8.882343	6.280077	5.210283	0.137865	0
conventional	ce416	187	0.440589	27.482820	1	14	7	6.388295	6.065407	10.058124	4.970994	1.734359	0
conventional	ce417	188	0	27.643159	0	14	7	6.909699	2.583858	8.407243	9.742359	0	0
conventional	ce418	188	0	18.805016	0	14	7	2.606585	2.752840	9.549603	3.895988	0	0
conventional	ce419	188	0	23.005380	0	14	7	5.311181	1.063362	7.906073	8.724764	0	0
conventional	ce420	188	0	21.222751	0	14	7	3.187555	8.281236	3.364636	6.389324	0	0
conventional	ce421	189	0	19.695914	0	14	7	3.445345	4.310377	4.543648	7.396544	0	0
conventional	ce422	189	0	35.035338	0	14	7	3.987509	9.875015	12.637551	8.535263	0	0
conventional	ce423	189	0	27.476842	0	14	7	4.851930	3.976055	10.246748	8.402109	0.679013	0
conventional	ce424	189	0	11.751941	0	14	7	2.234001	1.356928	4.052067	4.108945	0.679013	0
conventional	ce425	189	0	40.465995	0	14	7	5.016028	12.117771	12.800915	10.531281	0	0
conventional	ce426	190	0.691598	25.417952	1	14	7	5.622938	4.317287	9.836452	5.641275	0	0
conventional	ce427	190	0	16.739529	0	14	7	3.062807	5.437759	3.640156	4.598807	0	0
conventional	ce428	190	0	33.219400	0	14	7	5.087074	5.204013	13.903374	9.024939	0.672487	0
conventional	ce429	191	0	38.226145	0	14	7	2.283212	11.480414	12.351259	12.111260	1.734359	0
conventional	ce430	191	0	16.795335	0	14	7	2.996619	5.190271	5.910243	2.698202	0	0
conventional	ce431	191	0.691598	26.582262	1	14	7	1.643262	7.936419	7.895001	9.107580	0	0
conventional	ce432	191	0	33.836134	0	14	7	3.939574	9.967190	8.220467	11.708903	0	0
holistic	he370	192	0	0	0	0	0	0	0	0	0	0	0.143852
holistic	he371	192	0	0	0	0	0	0	0	0	0	0	0.158166
conventional	ce433	192	0	27.626920	0	14	7	3.024481	2.863498	12.705494	9.033447	0	0
conventional	ce434	192	0	29.344243	0	14	7	3.144911	7.274364	11.688614	7.236354	1.734359	0
conventional	ce435	192	0	24.359154	0	14	7	4.594442	1.670328	10.877105	7.217279	0	0
conventional	ce436	192	0	40.602964	0	14	7	8.094599	3.720860	15.347281	13.440224	0	0
conventional	ce437	192	0	35.355180	0	14	7	4.480895	8.090846	14.805010	7.978429	0	0
conventional	ce438	193	0	28.858516	0	14	7	7.446132	5.932984	10.911686	4.567714	0	0
conventional	ce439	193	0	21.203583	0	14	7	2.661012	3.135892	11.330458	4.076221	0	0
conventional	ce440	193	0.059485	20.790872	1	14	7	2.705409	8.966142	4.640748	4.478573	0	0
holistic	he372	194	0	0	0	0	0	0	0	0	0	0	0.237494
conventional	ce441	194	0	36.248586	0	14	7	3.900946	10.858497	9.807853	11.681290	0.604144	0
conventional	ce442	194	0	34.282894	0	14	7	2.893587	9.724180	8.534528	13.130599	0	0
conventional	ce443	194	0	35.987533	0	14	7	5.080036	11.032299	11.341696	8.533502	1.734359	0
conventional	ce444	194	0	30.036595	0	14	7	7.757684	2.633845	9.426358	10.218708	0	0
holistic	he373	195	0	0	0	0	0	0	0	0	0	0	0.813271
conventional	ce445	195	0	25.143146	0	14	7	2.879802	7.665942	9.808797	4.788605	0	0
conventional	ce446	195	0	33.574061	0	14	7	8.541780	5.004045	10.036315	9.991921	0	0
holistic	he374	196	0	0	0	0	3	0	0	0	0	0	0.409870
conventional	ce447	196	0	13.986980	0	14	7	2.379521	3.934594	3.560161	4.112704	0	0
conventional	ce448	196	0	33.985991	0	14	7	8.108086	6.372637	9.586506	9.918762	0	0
conventional	ce449	196	0.691598	22.652075	1	14	7	2.026657	6.601672	6.336514	7.687232	0	0
conventional	ce450	196	0	20.398855	0	14	7	2.753864	8.956235	4.914719	3.774037	0.578101	0
holistic	he375	197	0	0	0	0	5	0	0	0	0	0	1.646756
holistic	he376	197	0	0	0	0	6	0	0	0	0	0	0
holistic	he377	197	0	0	0	0	0	0	0	0	0	0	0
conventional	ce451	197	0	23.446372	0	14	7	4.230505	3.175619	9.022756	7.017492	0	0
conventional	ce452	197	0	15.391850	0	14	7	1.076617	3.120559	5.927985	5.266689	1.734359	0
holistic	he378	198	0	0	0	0	4	0	0	0	0	0	0.176598
conventional	ce453	198	0	18.903662	0	14	7	3.370702	5.614082	4.851947	5.066931	0	0
conventional	ce454	198	0	43.210717	0	14	7	3.992841	10.558194	14.768060	13.891622	0	0
conventional	ce455	198	0	19.761515	0	14	7	3.466296	6.338318	3.846095	6.110806	0	0
holistic	he379	199	0	0	0	0	4	0	0	0	0	0	0.173219
holistic	he380	199	0	0	0	0	0	0	0	0	0	0	0.143852
holistic	he381	199	0	0	0	0	1	0	0	0	0	0	0
holistic	he382	199	0	0	0	0	0	0	0	0	0	0	0
conventional	ce456	199	0	22.814374	0	14	7	3.164802	8.602580	7.517708	3.529284	0.435727	0
holistic	he383	200	0	0	0	0	0	0	0	0	0	0	0.218334
holistic	he384	200	0	0	0	0	3	0	0	0	0	0	2.039979
holistic	he385	201	0	0	0	0	0	0	0	0	0	0	0.813271
holistic	he386	201	0	0	0	0	1	0	0	0	0	0	0.411123
holistic	he387	201	0	0	0	0	2	0	0	0	0	0	0.143852
holistic	he388	201	0	0	0	0	4	0	0	0	0	0	0.176598
holistic	he389	201	0	0	0	0	1	0	0	0	0	0	0.474551
holistic	he390	201	0	0	0	0	0	0	0	0	0	0	1.254271
conventional	ce457	201	0	13.215270	0	14	7	2.071302	0.279065	7.087299	3.777604	0	0
conventional	ce458	201	0	19.283818	0	14	7	3.849913	6.286162	3.698497	5.449246	0	0
holistic	he391	202	0	0	0	0	6	0	0	0	0	0	1.646756
holistic	he392	202	0	0	0	0	0	0	0	0	0	0	0.143852
holistic	he393	202	0	0	0	0	4	0	0	0	0	0.110095	0.218465
holistic	he394	203	0	0	0	0	0	0	0	0	0	0	0.158166
holistic	he395	203	0	0	0	0	2	0	0	0	0	0	0.143852
holistic	he396	203	0	0	0	0	0	0	0	0	0	0	1.260516
holistic	he397	203	0	0	0	0	0	0	0	0	0	0	0
holistic	he398	203	0	0	0	0	1	0	0	0	0	0	0
holistic	he399	203	0	0	0	0	4	0	0	0	0	0	1.902846
holistic	he400	203	0	0	0	0	0	0	0	0	0	0	0
conventional	ce459	203	0	33.893498	0	14	7	2.528150	9.216791	9.450901	12.697656	0	0
conventional	ce460	203	0	28.472280	0	14	7	3.378876	2.854280	13.501913	8.737211	0	0
holistic	he401	204	0	0	0	0	1	0	0	0	0	0	0.474551
holistic	he402	204	0	0	0	0	0	0	0	0	0	0	0.174075
holistic	he403	204	0	0	0	0	6	0	0	0	0	0	0.353196
holistic	he404	204	0	0	0	0	0	0	0	0	0	0	0.320838
conventional	ce461	204	0	34.171045	0	14	7	5.887441	6.120747	10.926504	11.236353	1.734359	0
conventional	ce462	204	0	40.441634	0	14	7	5.890492	10.319698	20.090366	4.141078	0	0
holistic	he405	205	0	0	0	0	4	0	0	0	0	0	1.327112
holistic	he406	205	0	0	0	0	2	0	0	0	0	0	0.143852
holistic	he407	205	0	0	0	0	0	0	0	0	0	0	0.813271
conventional	ce463	205	0	27.485463	0	14	7	7.750534	2.883830	8.172233	8.678866	0	0
conventional	ce464	205	0	20.381851	0	14	7	2.591285	9.649408	4.478303	3.662855	0	0
conventional	ce465	205	0	40.928370	0	14	7	5.096082	12.930569	11.399492	11.502227	0	0
holistic	he408	206	0	0	0	0	3	0	0	0	0	0	1.293156
holistic	he409	206	0	0	0	0	4	0	0	0	0	0	0.019921
holistic	he410	206	0	0	0	0	4	0	0	0	0	0	0
holistic	he411	206	0	0	0	0	1	0	0	0	0	0	0
holistic	he412	206	0	0	0	0	4	0	0	0	0	0	0.176598
holistic	he413	206	0	0	0	0	3	0	0	0	0	0	0.673419
holistic	he414	206	0	0	0	0	0	0	0	0	0	0	0.131087
conventional	ce466	206	0	36.998346	0	14	7	3.898550	5.279880	17.047893	10.772023	0	0
conventional	ce467	206	0	30.724292	0	14	7	4.312974	2.914472	14.119894	9.376952	0	0
conventional	ce468	206	0	34.547746	0	14	7	6.986322	2.706395	15.100382	9.754647	0	0
holistic	he415	207	0	0	0	0	6	0	0	0	0	0	2.133543
holistic	he416	207	0	0	0	0	6	0	0	0	0	0	4.320288
conventional	ce469	207	0	21.246047	0	14	7	3.302246	2.146288	10.220095	5.577418	0	0
conventional	ce470	207	0	28.042007	0	14	7	2.058224	8.877707	10.270317	6.835759	1.789131	0
holistic	he417	208	0.209938	0.209938	1	1	4	0	0	0.209938	0	0	0.829130
holistic	he418	208	0	0	0	0	4	0	0	0	0	0	0.019921
holistic	he419	208	0	0	0	0	0	0	0	0	0	1.574246	0.316332
conventional	ce471	208	0	26.488167	0	14	7	3.100090	9.725949	8.242668	5.419460	0	0
conventional	ce472	208	0	20.195741	0	14	7	1.859433	2.861187	10.528437	4.946684	0	0
conventional	ce473	208	0	21.464238	0	14	7	3.068353	3.207454	11.213167	3.975264	0	0
holistic	he420	209	0	0	0	0	0	0	0	0	0	0	0.143852
holistic	he421	209	0	0	0	0	4	0	0	0	0	0	1.327112
conventional	ce474	209	0	15.528026	0	14	7	2.672506	4.702245	2.630414	5.522861	0	0
holistic	he422	210	0	0	0	0	4	0	0	0	0	0	0
holistic	he423	210	0	0	0	0	0	0	0	0	0	0	0.158166
conventional	ce475	210	0	6.949484	0	14	7	0.992644	1.092067	3.329777	1.534996	1.303280	0
conventional	ce476	210	0	21.093103	0	14	7	2.943944	6.281827	4.022126	7.845206	0	0
conventional	ce477	210	0	27.872333	0	14	7	2.179744	8.132225	11.726851	5.833513	1.734359	0
conventional	ce478	211	0	14.260590	0	14	7	1.095113	1.845382	5.127451	6.192644	2.210680	0
conventional	ce479	212	0	23.354047	0	14	7	2.476359	9.040691	6.382579	5.454418	0	0
conventional	ce480	212	0	16.432993	0	14	7	4.105440	0.659929	7.529288	4.138336	0	0
conventional	ce481	212	0	42.775436	0	14	7	2.783391	9.429831	16.307777	14.254437	0	0
holistic	he424	213	0	0	0	0	2	0	0	0	0	0	0.862104
holistic	he425	213	0	0	0	0	0	0	0	0	0	0	0.474551
conventional	ce482	213	0	28.519091	0	14	7	7.517047	5.995412	10.377559	4.629073	0	0
conventional	ce483	213	0	35.727205	0	14	7	2.858320	9.511451	9.770371	13.587063	0	0
holistic	he426	214	0	0	0	0	1	0	0	0	0	0	0.474551
holistic	he427	214	0	0	0	0	6	0	0	0	0	0	1.140002
holistic	he428	214	0	0	0	0	0	0	0	0	0	0	0
conventional	ce484	214	1.344497	22.682986	1	14	7	2.180044	5.966376	7.039247	7.497319	0	0
holistic	he429	215	0.894940	0.894940	1	1	4	0	0	0.894940	0	0	0.019921
holistic	he430	215	0	0	0	0	4	0	0	0	0	0	0.176598
conventional	ce485	215	0	22.809652	0	14	7	5.981727	5.340381	9.262999	2.224545	0	0
conventional	ce486	215	0	25.049052	0	14	7	3.228689	1.854916	10.805849	9.159598	0	0
holistic	he431	216	0	0	0	0	6	0	0	0	0	0	4.079958
conventional	ce487	216	0	39.419748	0	14	7	5.578511	9.525154	10.398919	13.917164	0	0
holistic	he432	217	0	0.096375	0	1	4	0	0	0.096375	0	0	1.902846
holistic	he433	217	0	0	0	0	0	0	0	0	0	0	2.192210
conventional	ce488	217	0	33.530237	0	14	7	6.218088	5.312079	14.237932	7.762138	0	0
conventional	ce489	217	0	36.324314	0	14	7	6.889844	5.152284	10.520339	13.761847	0	0
conventional	ce490	217	0	21.636125	0	14	7	5.845910	2.423646	8.694619	4.671950	0	0
holistic	he434	218	0	0	0	0	4	0	0	0	0	0	0.019921
holistic	he435	218	0	0	0	0	4	0	0	0	0	0	0.456267
holistic	he436	218	0	0	0	0	6	0	0	0	0	0	0
conventional	ce491	218	0	19.902324	0	14	7	2.580767	5.673751	5.323507	6.324299	0	0
holistic	he437	219	0	0	0	0	1	0	0	0	0	0	0.215778
holistic	he438	219	0	0	0	0	4	0	0	0	0	0	0
conventional	ce492	219	0	20.820410	0	14	7	3.703571	6.347879	6.480178	4.288782	1.295473	0
conventional	ce493	219	0	39.184541	0	14	7	8.718130	6.967834	14.513765	8.984812	0	0
holistic	he439	220	0	0	0	0	6	0	0	0	0	0	0
conventional	ce494	220	0	27.723268	0	14	7	4.838488	4.193470	9.676105	9.015205	0	0
holistic	he440	221	0	0	0	0	0	0	0	0	0	0	0
conventional	ce495	221	0	38.574908	0	14	7	6.955136	5.279765	12.040801	14.299206	1.790763	0
conventional	ce496	221	0	29.995470	0	14	7	7.232412	4.176661	13.511493	5.074904	0	0
conventional	ce497	221	1.659106	24.357301	1	14	7	2.657637	7.706456	6.693067	7.300141	1.734359	0
conventional	ce498	221	0	29.305802	0	14	7	2.002722	9.905138	10.363776	7.034166	1.789131	0
holistic	he441	223	0	0	0	0	4	0	0	0	0	0	0.019921
holistic	he442	223	0	0	0	0	6	0	0	0	0	0	0.176598
conventional	ce499	223	0	12.726407	0	14	7	2.371925	3.102926	5.448386	1.803170	0.862313	0
holistic	he443	224	0	0	0	0	0	0	0	0	0	0	0.071926
holistic	he444	225	0	0	0	0	0	0	0	0	0	0	0.174075
conventional	ce500	225	0	37.382260	0	14	7	3.837386	8.411006	13.392752	11.741116	1.696276	0
holistic	he445	226	0	0	0	0	3	0	0	0	0	0	0.676684
holistic	he446	226	0	0	0	0	6	0	0	0	0	0	4.320288
conventional	ce501	226	0	25.823713	0	14	7	0.503688	6.817605	7.378369	11.124051	0	0
conventional	ce502	226	0	21.446441	0	14	7	1.135762	2.215370	8.481543	9.613766	0	0
conventional	ce503	226	0	34.041191	0	14	7	1.107577	9.834972	14.156780	8.941862	0	0
conventional	ce504	226	0	16.548488	0	14	7	2.939499	1.459395	7.273031	4.876563	0	0
conventional	ce505	227	0	19.684245	0	14	7	2.677590	2.064610	6.945626	7.996419	0	0
conventional	ce506	228	0	26.873451	0	14	7	7.503802	2.328615	7.043886	9.997148	0	0
conventional	ce507	230	0	16.137702	0	14	7	4.007146	0.241264	7.835104	4.054188	0	0
holistic	he447	231	0	0	0	0	1	0	0	0	0	0	0
conventional	ce508	231	0	23.312997	0	14	7	4.201849	2.703288	9.173186	7.234674	1.461825	0
conventional	ce509	231	0	27.335272	0	14	7	2.053866	3.403945	12.268992	9.608469	0	0
conventional	ce510	234	0	30.286244	0	14	7	3.957906	3.832143	13.331174	9.165021	0	0
conventional	ce511	235	0	31.826236	0	14	7	8.326509	6.491274	9.781168	7.227285	0	0
conventional	ce512	235	0	32.056274	0	14	7	3.330407	8.746901	7.329968	12.648998	0	0
conventional	ce513	235	0	33.812138	0	14	7	4.263297	11.032542	9.599609	8.916690	0	0
conventional	ce514	236	0	42.842612	0	14	7	2.364145	8.178857	20.767832	11.531778	0	0
conventional	ce515	236	0.691598	33.042617	1	14	7	3.072314	8.405782	10.483390	11.081131	0.162427	0
conventional	ce516	237	0	23.137768	0	14	7	3.214460	5.935582	8.920398	5.067328	0	0
conventional	ce517	238	0	25.525918	0	14	7	3.194090	2.458488	11.171582	8.701758	0	0
conventional	ce518	238	0	28.645853	0	14	7	6.937171	2.370268	8.326977	11.011437	0	0
holistic	he448	239	0	0	0	0	1	0	0	0	0	0	0.474551
conventional	ce519	239	0	27.054434	0	14	7	3.056770	7.899714	10.741532	5.356418	1.734359	0
conventional	ce520	239	0	29.162605	0	14	7	3.362370	11.747204	9.393254	4.659777	0.137865	0
conventional	ce521	239	0	42.707492	0	14	7	4.720999	10.930725	13.545002	13.510766	0	0
conventional	ce522	240	0	12.701042	0	14	7	2.188650	0.496361	5.606532	4.409499	1.318202	0
conventional	ce523	242	0	32.447627	0	14	7	4.457197	9.295325	11.801701	6.893404	0.319464	0
holistic	he449	243	0	0	0	0	0	0	0	0	0	0	0
conventional	ce524	243	0	13.328975	0	14	7	2.136046	3.406988	5.827277	1.958664	0.862313	0
holistic	he450	244	0	0.096375	0	1	4	0	0	0.096375	0	0	1.902846
conventional	ce525	244	0	27.922019	0	14	7	8.071221	2.745787	9.308037	7.796974	0	0
conventional	ce526	244	0	21.275466	0	14	7	3.791223	6.802679	6.427961	4.253603	0.274688	0
conventional	ce527	245	0	30.902546	0	14	7	8.607998	3.709997	9.780626	8.803925	0.393475	0
holistic	he451	246	0	0	0	0	0	0	0	0	0	0	0
conventional	ce528	246	0	20.748212	0	14	7	3.515069	1.178159	9.696262	6.358722	0	0
holistic	he452	247	0	0	0	0	1	0	0	0	0	0	0
holistic	he453	247	0	0	0	0	6	0	0	0	0	0	2.133543
conventional	ce529	247	0	27.093652	0	14	7	5.888699	3.384278	12.391626	5.429049	0	0
conventional	ce530	247	0	21.926981	0	14	7	3.302666	0.851489	12.994224	4.778602	0	0
conventional	ce531	248	0	16.398697	0	14	7	5.060979	1.477043	6.075116	3.785559	0	0
conventional	ce532	248	0	26.036324	0	14	7	5.279588	1.372805	9.304424	10.079507	0	0
conventional	ce533	248	0	31.401027	0	14	7	6.261254	6.463782	10.982872	7.693119	1.734359	0
conventional	ce534	249	0	19.108426	0	14	7	3.097820	5.617277	3.413285	6.980044	0	0
conventional	ce535	249	0	27.312101	0	14	7	0.797197	2.489208	13.162673	10.863023	0	0
holistic	he454	250	0	0	0	0	4	0	0	0	0	0	0.862104
conventional	ce536	250	0	39.808921	0	14	7	2.447042	7.250232	20.387868	9.723779	0	0
conventional	ce537	250	0	20.193220	0	14	7	2.557372	6.231754	3.694197	7.709897	0	0
holistic	he455	251	0	0	0	0	0	0	0	0	0	0	0.894889
holistic	he456	251	0	0	0	0	2	0	0	0	0	0	0.886098
conventional	ce538	251	0	28.180947	0	14	7	2.514160	3.345076	12.593683	9.728028	0	0
conventional	ce539	251	0	15.123522	0	14	7	1.876049	2.561160	6.693912	3.992401	0	0
conventional	ce540	251	0	22.423450	0	14	7	4.067116	0.958248	11.598321	5.799765	0	0
conventional	ce541	251	0	29.062419	0	14	7	1.231550	5.566161	9.966192	12.298516	0	0
conventional	ce542	251	0	42.530459	0	14	7	7.700121	10.451933	20.511868	3.866537	0	0
conventional	ce543	251	0	30.490862	0	14	7	2.986831	7.052963	13.424675	7.026393	1.532233	0
holistic	he457	252	0	0	0	0	0	0	0	0	0	0	0.813271
holistic	he458	252	0	0	0	0	0	0	0	0	0	0	0
conventional	ce544	252	0	20.692621	0	14	7	3.580101	6.365311	4.787524	5.959685	0	0
conventional	ce545	252	0	27.629337	0	14	7	1.845348	9.263514	10.210018	6.310457	1.827340	0
conventional	ce546	252	0	18.266101	0	14	7	3.291567	5.866920	2.104943	7.002671	0	0
conventional	ce547	253	0	21.833999	0	14	7	3.251114	1.582993	9.949160	7.050732	0	0
conventional	ce548	253	0	33.542453	0	14	7	4.736940	11.883528	8.571926	8.350059	0	0
conventional	ce549	253	0	23.426074	0	14	7	3.341599	1.531049	9.151055	9.402371	0	0
conventional	ce550	254	0	25.131279	0	14	7	4.534651	4.396501	9.141173	7.058954	0	0
conventional	ce551	254	0	32.921513	0	14	7	3.651559	7.325703	11.206495	10.737756	1.696276	0
conventional	ce552	254	0	18.195463	0	14	7	2.591285	9.649408	3.319727	2.635043	0	0
holistic	he459	255	0	0	0	0	0	0	0	0	0	0	0
conventional	ce553	255	0	15.510354	0	14	7	3.711994	0.620906	7.114531	4.062923	0	0
conventional	ce554	255	0	14.224552	0	14	7	2.381720	4.904453	2.791793	4.146586	0	0
conventional	ce555	255	0	40.787828	0	14	7	9.175931	10.379761	17.767954	3.464182	0	0
conventional	ce556	255	0	40.526008	0	14	7	2.861234	8.965586	17.043213	11.655975	0	0
holistic	he460	256	0	0	0	0	4	0	0	0	0	0	1.436017
holistic	he461	256	0	0	0	0	0	0	0	0	0	0	2.192210
holistic	he462	256	0	0	0	0	0	0	0	0	0	0	0.813271
conventional	ce557	256	0	27.928366	0	14	7	2.898063	1.512665	14.621134	8.896504	0	0
conventional	ce558	256	0	17.954360	0	14	7	3.182867	1.880315	9.359651	3.531527	0	0
conventional	ce559	256	0	23.755125	0	14	7	3.707719	11.084773	4.174096	4.788537	0	0
conventional	ce560	256	0	30.918466	0	14	7	1.731573	8.405944	6.182903	14.598046	0	0
conventional	ce561	256	0	36.591467	0	14	7	7.571811	10.043337	15.704725	3.271594	0	0
holistic	he463	257	0	0	0	0	0	0	0	0	0	0	0.143852
conventional	ce562	257	0	18.242688	0	14	7	3.660753	6.115302	3.980422	4.486211	0	0
holistic	he464	258	0	0	0	0	1	0	0	0	0	0	0
conventional	ce563	258	0	26.691442	0	14	7	5.231458	1.284333	13.681138	6.494513	0	0
conventional	ce564	258	0	24.029985	0	14	7	3.088242	6.134610	4.132301	10.674832	0	0
conventional	ce565	258	0	18.653582	0	14	7	1.567938	3.020646	11.534016	2.530982	0.866925	0
holistic	he465	259	0	0	0	0	0	0	0	0	0	0	2.192210
holistic	he466	259	0	0	0	0	4	0	0	0	0	0.110095	0.218465
holistic	he467	259	0	0	0	0	4	0	0	0	0	0	0
holistic	he468	259	0	0	0	0	2	0	0	0	0	0	2.945140
holistic	he469	259	0	0	0	0	6	0	0	0	0	0	4.288350
conventional	ce566	259	0	28.884971	0	14	7	2.608672	3.639710	12.633220	10.003369	0	0
conventional	ce567	259	0	35.349348	0	14	7	2.685311	9.404058	9.653922	13.606057	0	0
holistic	he470	260	0	0	0	0	2	0	0	0	0	0	4.104466
conventional	ce568	260	0	36.318457	0	14	7	2.920583	9.442079	10.811322	13.144473	0	0
conventional	ce569	260	0	39.054561	0	14	7	9.106376	9.556656	17.108227	3.283302	0	0
conventional	ce570	260	0	28.082160	0	14	7	1.275461	8.842123	10.011462	7.953114	1.734359	0
holistic	he471	261	0	0	0	0	2	0	0	0	0	0	0.474551
holistic	he472	261	0	0	0	0	6	0	0	0	0	0	0.353196
holistic	he473	261	0	0	0	0	1	0	0	0	0	0	0
holistic	he474	261	0	0	0	0	4	0	0	0	0	0	0.019921
holistic	he475	261	0	0	0	0	4	0	0	0	0	0	1.327112
conventional	ce571	261	0.169394	10.883122	1	14	7	1.797384	2.841068	4.127861	2.116809	0.550988	0
conventional	ce572	261	0	26.838069	0	14	7	3.139791	10.987577	8.242668	4.468033	0	0
conventional	ce573	261	1.659106	25.388528	1	14	7	2.295208	8.209298	7.154710	7.729312	1.734359	0
holistic	he476	262	0	0	0	0	0	0	0	0	0	0	0.174075
holistic	he477	262	0	0	0	0	0	0	0	0	0	0	0.174075
holistic	he478	262	0	0	0	0	0	0	0	0	0	0	0.813271
holistic	he479	262	0	0	0	0	0	0	0	0	0	0	1.043793
holistic	he480	263	0	0	0	0	0	0	0	0	0	0	0.071926
holistic	he481	263	0	0	0	0	4	0	0	0	0	0	1.675407
holistic	he482	263	0	0	0	0	0	0	0	0	0	0	0.236852
holistic	he483	263	0	0	0	0	1	0	0	0	0	0	0.320838
holistic	he484	263	0	0	0	0	4	0	0	0	0	0	0.019921
holistic	he485	263	0	0	0	0	3	0	0	0	0	0	0.673419
conventional	ce574	263	0	17.045433	0	14	7	3.857119	2.254776	3.765080	7.168458	0	0
holistic	he486	264	0	0	0	0	0	0	0	0	0	0	0.894889
holistic	he487	264	0	0	0	0	4	0	0	0	0	0	0.775651
holistic	he488	264	0	0	0	0	0	0	0	0	0	0	1.626542
holistic	he489	264	0	0	0	0	3	0	0	0	0	0	0.431052
holistic	he490	264	0	0.096375	0	1	4	0	0	0.096375	0	0	1.902846
conventional	ce575	264	2.046926	40.778570	1	14	7	10.136217	3.892062	12.249539	14.500752	1.734359	0
conventional	ce576	264	0	34.245565	0	14	7	4.201076	12.852214	7.066581	10.125694	0	0
holistic	he491	265	0	0.096375	0	1	4	0	0	0.096375	0	0	1.902846
holistic	he492	265	0	0	0	0	8	0	0	0	0	0	4.267086
conventional	ce577	265	0	37.288076	0	14	7	6.400469	5.394204	11.482016	14.011387	0	0
holistic	he493	266	0	0	0	0	0	0	0	0	0	0	0.458448
holistic	he494	266	0	0	0	0	4	0	0	0	0	0	0
holistic	he495	266	0	0	0	0	0	0	0	0	0	0	0.071926
holistic	he496	266	0	0	0	0	1	0	0	0	0	0	0
holistic	he497	266	0	0	0	0	0	0	0	0	0	0	3.013215
conventional	ce578	266	0	36.422404	0	14	7	9.006271	5.046938	16.430731	5.938464	0	0
holistic	he498	267	0	0.628630	0	1	4	0	0	0.628630	0	0	2.578163
holistic	he499	267	0	0	0	0	6	0	0	0	0	0	0.039842
holistic	he500	267	0	0	0	0	0	0	0	0	0	0	1.043793
conventional	ce579	267	0	34.895469	0	14	7	3.883317	9.204581	10.054384	11.753187	0	0
conventional	ce580	267	0	42.650035	0	14	7	10.591860	10.306871	18.045008	3.706296	0	0
holistic	he501	268	0	0	0	0	0	0	0	0	0	0	0
holistic	he502	268	0	0	0	0	4	0	0	0	0	0	1.327112
holistic	he503	268	0	0	0	0	0	0	0	0	0	0	0.410002
holistic	he504	268	0	0	0	0	3	0	0	0	0	0	0.673419
holistic	he505	268	0	0	0	0	6	0	0	0	0	0	0.176598
conventional	ce581	268	0.169394	27.211960	1	14	7	3.166260	10.988643	8.357310	4.699747	0.550988	0
holistic	he506	269	0	0	0	0	0	0	0	0	0	0	0.813271
holistic	he507	269	0	0	0	0	0	0	0	0	0	0	0.813271
conventional	ce582	269	0	47.622616	0	14	7	2.740995	12.256436	15.842217	16.782968	0	0
conventional	ce583	269	2.046926	42.117746	1	14	7	12.537935	3.340948	11.641500	14.597363	1.734359	0
holistic	he508	270	0	0	0	0	0	0	0	0	0	0	0.174075
holistic	he509	270	0	0	0	0	0	0	0	0	0	0	0.170660
holistic	he510	270	0	0	0	0	1	0	0	0	0	0	0
conventional	ce584	270	2.046926	19.318521	1	14	7	1.539765	0.544527	8.594092	8.640137	2.088926	0
conventional	ce585	271	0	19.577274	0	14	7	2.691721	2.474740	9.683065	4.727748	0	0
conventional	ce586	271	0	45.338672	0	14	7	3.280413	9.507197	18.338454	14.212608	0	0
holistic	he511	272	0	0	0	0	0	0	0	0	0	0	0.813271
holistic	he512	272	0	0	0	0	0	0	0	0	0	0	0.522225
conventional	ce587	272	0	19.554772	0	14	7	5.097051	1.570781	7.601748	5.285192	0	0
conventional	ce588	272	2.046926	41.746195	1	14	7	10.975402	2.135001	14.036970	14.598822	1.734359	0
holistic	he513	273	0	0	0	0	6	0	0	0	0	0	4.320288
conventional	ce589	273	1.659106	23.173177	1	14	7	2.885815	7.186136	5.600321	7.500905	1.734359	0
conventional	ce590	273	0	35.910145	0	14	7	7.525183	8.904592	16.871311	2.609059	0	0
holistic	he514	274	0	0	0	0	3	0	0	0	0	0	0.019921
holistic	he515	274	0	0	0	0	4	0	0	0	0	0	0
holistic	he516	274	0	0	0	0	3	0	0	0	0	0	2.268740
holistic	he517	274	0	0	0	0	4	0	0	0	0	0	0.775651
holistic	he518	275	0	0	0	0	4	0	0	0	0	0	0
conventional	ce591	275	0	11.337457	0	14	7	1.527343	2.256524	5.370987	2.182603	0	0
conventional	ce592	275	0	28.358570	0	14	7	3.876690	11.692138	9.802917	2.986825	0.153814	0
conventional	ce593	275	0	25.799992	0	14	7	1.861340	3.140893	10.924641	9.873118	0	0
holistic	he519	276	0	0	0	0	0	0	0	0	0	0	1.096105
holistic	he520	276	0	0	0	0	2	0	0	0	0	0	0
holistic	he521	276	0	0	0	0	0	0	0	0	0	0	0
holistic	he522	277	0	0	0	0	1	0	0	0	0	0	0.320838
holistic	he523	277	0	0	0	0	4	0	0	0	0	0	0.019921
holistic	he524	277	0	0	0	0	4	0	0	0	0	0	0.043831
conventional	ce594	277	1.659106	11.501953	1	14	7	0.205916	2.884902	3.460225	4.950910	1.734359	0
holistic	he525	278	0	0	0	0	6	0	0	0	0	0	0.039842
holistic	he526	278	0	0	0	0	0	0	0	0	0	0	0
holistic	he527	278	0	0	0	0	4	0	0	0	0	0	0
holistic	he528	279	0	0	0	0	1	0	0	0	0	0	0
conventional	ce595	279	0	20.929240	0	14	7	3.923982	7.638261	5.279355	4.087642	0.274688	0
conventional	ce596	279	0	31.544160	0	14	7	10.378930	3.097847	9.649446	8.417937	0	0
conventional	ce597	279	0	29.845245	0	14	7	3.561957	12.397979	10.918152	2.967157	0.594614	0
conventional	ce598	281	0	24.507887	0	14	7	4.230992	6.823259	6.580255	6.873381	0	0
conventional	ce599	281	0	26.467743	0	14	7	4.534651	4.396501	11.735730	5.800861	0	0
conventional	ce600	281	0	22.736446	0	14	7	3.755519	7.883305	5.941407	5.156215	0.077867	0
conventional	ce601	281	0	41.730612	0	14	7	6.361297	7.383941	9.820665	18.164709	1.808437	0
conventional	ce602	281	0	38.973834	0	14	7	4.092865	9.686742	10.925977	14.268250	0	0
conventional	ce603	281	0.196527	14.535792	1	14	7	3.473541	4.208447	3.385168	3.468636	0.550988	0
conventional	ce604	281	0	21.084104	0	14	7	2.113139	7.309112	6.104643	5.557210	1.760422	0
holistic	he529	282	0	0	0	0	0	0	0	0	0	0	0.845612
holistic	he530	283	0	0	0	0	6	0	0	0	0	0	0.039842
holistic	he531	283	0	0	0	0	1	0	0	0	0	0	0
holistic	he532	283	0	0	0	0	4	0	0	0	0	0	0
holistic	he533	283	0	0	0	0	6	0	0	0	0	0	0.820878
conventional	ce605	283	0	42.987934	0	14	7	4.020560	9.312234	17.756573	11.898567	0	0
conventional	ce606	283	0	40.765557	0	14	7	9.175931	10.379761	18.532111	2.677754	0	0
holistic	he534	285	0	0	0	0	2	0	0	0	0	0	0
conventional	ce607	285	0	38.937656	0	14	7	8.856481	6.678326	18.816966	4.585883	0	0
holistic	he535	286	0	0	0	0	0	0	0	0	0	0	0.071926
holistic	he536	286	0	0	0	0	3	0	0	0	0	0	0.213649
holistic	he537	286	0	0	0	0	4	0	0	0	0	0	0
holistic	he538	286	0	0.021439	0	1	7	0	0	0.021439	0	0	1.902846
conventional	ce608	286	0	17.876632	0	14	7	1.778912	2.515376	7.953960	5.628384	0	0
conventional	ce609	286	0	14.942959	0	14	7	3.072143	0.688071	6.876736	4.306009	0	0
holistic	he539	287	0	0	0	0	0	0	0	0	0	0	0
holistic	he540	287	0	0	0	0	4	0	0	0	0	0	0.043831
conventional	ce610	287	0	30.747644	0	14	7	3.296138	12.408051	7.058124	7.985331	0	0
conventional	ce611	287	0	30.927033	0	14	7	2.229811	2.088429	15.466743	11.142050	0	0
holistic	he541	288	0	0	0	0	3	0	0	0	0	0	1.043793
holistic	he542	289	0	0	0	0	4	0	0	0	0	0	1.327112
holistic	he543	289	0	0	0	0	0	0	0	0	0	0	0
conventional	ce612	289	0	5.809205	0	14	7	0.052059	0.727270	2.949348	2.080528	1.525861	0
conventional	ce613	289	0	40.116260	0	14	7	9.246893	6.291234	9.994565	14.583568	0	0
conventional	ce614	289	0	27.926246	0	14	7	2.934745	1.657960	12.565265	10.768276	0	0
conventional	ce615	289	0	19.816836	0	14	7	3.554722	4.856135	7.167841	4.238138	0.164157	0
conventional	ce616	289	0	27.119197	0	14	7	7.759222	2.556206	8.138730	8.665039	0	0
holistic	he544	291	0	0	0	0	1	0	0	0	0	0	0.092533
conventional	ce617	291	0	31.669874	0	14	7	2.036030	8.895945	10.826979	9.910920	1.734359	0
conventional	ce618	291	2.046926	42.341387	1	14	7	7.839812	6.088541	15.348386	13.064648	1.734359	0
conventional	ce619	292	0	22.974971	0	14	7	5.007896	3.474876	8.345681	6.146518	0	0
holistic	he545	293	0	0	0	0	6	0	0	0	0	0	0.353196
conventional	ce620	293	0	13.474713	0	14	7	1.474118	2.466593	6.139659	3.394343	0	0
conventional	ce621	295	2.046926	36.234185	1	14	7	9.185862	1.569436	12.277679	13.201208	1.734359	0
conventional	ce622	295	0	37.749088	0	14	7	8.338640	10.129015	16.760675	2.520758	0	0
conventional	ce623	295	2.046926	22.585721	1	14	7	2.831598	1.291573	9.275397	9.187153	2.088926	0
conventional	ce624	297	0	38.639190	0	14	7	3.274006	10.295946	10.344493	14.724745	0.487334	0
conventional	ce625	297	0	40.938150	0	14	7	4.175411	11.227875	11.948731	13.586133	0	0
conventional	ce626	298	0	35.363297	0	14	7	6.214543	6.739174	13.154463	9.255117	1.048488	0
conventional	ce627	298	0	18.005625	0	14	7	2.595357	3.203905	3.566787	8.639576	0	0
conventional	ce628	299	0.096107	38.111701	1	14	7	4.718195	10.089757	10.790695	12.513054	0	0
conventional	ce629	299	0.410306	11.228055	1	14	7	2.291585	2.708886	3.420115	2.807469	0.550988	0
conventional	ce630	300	0	26.226583	0	14	7	3.571541	5.467385	12.681852	4.505805	0	0
conventional	ce631	301	0	37.596222	0	14	7	6.318348	7.098589	13.943896	10.235389	0	0
holistic	he546	303	0	0	0	0	0	0	0	0	0	0	0
conventional	ce632	303	0	28.846029	0	14	7	3.259374	3.232836	11.997205	10.356614	1.601997	0
holistic	he547	304	0	0	0	0	1	0	0	0	0	0	0
conventional	ce633	304	2.046926	22.555083	1	14	7	1.607633	7.729048	7.160090	6.058312	1.734359	0
conventional	ce634	304	2.046926	19.510406	1	14	7	1.703767	1.034494	9.528630	7.243515	2.729970	0
conventional	ce635	305	0	28.265189	0	14	7	2.963467	2.767957	17.762233	4.771532	0	0
conventional	ce636	306	0	20.380981	0	14	7	4.821667	2.600244	6.171273	6.787797	0	0
conventional	ce637	306	0	40.993111	0	14	7	5.199614	8.618479	12.865039	14.309979	0	0
conventional	ce638	307	0.073366	22.554682	1	14	7	2.941332	6.966632	8.174120	4.472598	0	0
conventional	ce639	308	0.169394	30.458451	1	14	7	2.553788	6.854979	12.581703	8.467981	0.791220	0
conventional	ce640	308	0	34.170530	0	14	7	6.111213	8.278198	5.838478	13.942641	0	0
holistic	he548	310	0	0	0	0	3	0	0	0	0	0	1.086156
holistic	he549	310	0	0	0	0	0	0	0	0	0	0	0.143852
conventional	ce641	310	0	25.091685	0	14	7	4.313706	4.554584	11.236075	4.987320	0	0
holistic	he550	311	0	0	0	0	3	0	0	0	0	0	0.019921
conventional	ce642	311	0	12.795313	0	14	7	0.906877	2.237649	6.246924	3.403863	0	0
conventional	ce643	311	0	26.052710	0	14	7	3.577597	3.235830	9.508277	9.731006	0	0
conventional	ce644	311	0	27.637489	0	14	7	3.630417	5.372934	11.334229	7.299909	0	0
conventional	ce645	312	1.659106	30.588787	1	14	7	2.603524	11.669250	8.874734	7.441279	0	0
conventional	ce646	314	0.348940	23.807858	1	14	7	1.596988	8.175600	9.080746	4.954524	0	0
holistic	he551	315	0	0	0	0	8	0	0	0	0	0	0.000890
conventional	ce647	315	0	36.085828	0	14	7	5.078487	12.035553	6.814524	12.157264	0	0
conventional	ce648	315	1.659106	26.314204	1	14	7	2.201500	7.683968	7.343186	9.085550	1.734359	0
conventional	ce649	315	0	43.140183	0	14	7	8.608450	6.833576	13.252714	14.445443	0	0
conventional	ce650	315	0	42.648730	0	14	7	6.816833	9.157230	16.311757	10.362910	0	0
holistic	he552	316	0	0	0	0	4	0	0	0	0	0	0.043831
conventional	ce651	316	0	27.077458	0	14	7	7.462155	1.531216	10.163631	7.920456	0	0
conventional	ce652	316	0.169394	31.218697	1	14	7	3.185193	4.656815	14.069919	9.306770	0.791220	0
conventional	ce653	316	0	46.374891	0	14	7	6.360338	7.687016	11.736711	20.590826	1.808437	0
holistic	he553	317	0	0	0	0	4	0	0	0	0	0	0.043831
conventional	ce654	317	2.046926	30.257047	1	14	7	2.374600	11.854286	9.173193	6.854968	1.734359	0
conventional	ce655	318	1.090831	32.927526	1	14	7	5.042304	2.092254	17.686669	8.106299	0	0
conventional	ce656	318	0	36.705735	0	14	7	6.406383	7.132633	14.333150	8.833569	0	0
conventional	ce657	318	0	43.249995	0	14	7	9.236827	11.672011	18.377726	3.963431	0	0
holistic	he554	319	0	0	0	0	3	0	0	0	0	0	0.487210
holistic	he555	319	0	0	0	0	0	0	0	0	0	0	0.813271
conventional	ce658	319	0	12.358850	0	14	7	1.680642	1.829476	5.286366	3.562366	0	0
conventional	ce659	319	0	30.315039	0	14	7	4.511250	1.637355	11.972487	12.193947	0	0
conventional	ce660	320	0	46.873910	0	14	7	2.061851	11.035485	18.148541	15.628033	0	0
conventional	ce661	320	1.659106	29.735885	1	14	7	2.049566	10.476222	8.347111	8.862986	0	0
conventional	ce662	320	1.563989	31.716600	1	14	7	3.500442	5.321549	8.047982	14.846627	0	0
holistic	he556	321	0	0	0	0	0	0	0	0	0	0	0.236852
holistic	he557	321	0	0	0	0	0	0	0	0	0	0	1.670871
holistic	he558	321	0	0	0	0	0	0	0	0	0	0	0.813271
holistic	he559	321	0	0	0	0	1	0	0	0	0	0	0
holistic	he560	321	0	0	0	0	6	0	0	0	0	0	0
conventional	ce663	321	0	45.127841	0	14	7	5.370987	9.254793	18.587950	11.914111	0	0
conventional	ce664	321	0	43.533410	0	14	7	4.055896	10.799229	11.638921	17.039364	0	0
conventional	ce665	321	0	38.754223	0	14	7	5.818973	6.737381	12.979102	13.218767	0	0
conventional	ce666	321	0.096107	38.963070	1	14	7	6.260185	8.394300	11.449805	12.858780	0	0
conventional	ce667	321	1.028959	41.545045	1	14	7	4.729657	9.653072	16.831269	10.331047	0	0
holistic	he561	322	0	0	0	0	3	0	0	0	0	0	0.673419
holistic	he562	322	0	0	0	0	3	0	0	0	0	0	0.043831
holistic	he563	322	0	0	0	0	4	0	0	0	0	0	0
holistic	he564	322	0	0	0	0	0	0	0	0	0	0	1.469982
conventional	ce668	322	0	42.721631	0	14	7	7.384293	4.136544	15.251131	15.949663	0.194772	0
conventional	ce669	322	0	26.710574	0	14	7	4.216509	4.426252	9.675044	8.392769	0	0
conventional	ce670	322	0	38.971174	0	14	7	6.596738	4.554540	12.291514	15.528382	0	0
holistic	he565	323	0	0	0	0	1	0	0	0	0	0	0
holistic	he566	323	0	0	0	0	0	0	0	0	0	0	1.096105
holistic	he567	323	0	0	0	0	3	0	0	0	0	0	0.213649
holistic	he568	323	0	0	0	0	3	0	0	0	0	0	0.019921
holistic	he569	323	0	0	0	0	4	0	0	0	0	0	0.481928
holistic	he570	323	0	0	0	0	4	0	0	0	0	0	1.086156
conventional	ce671	323	0	23.073823	0	14	7	5.945817	3.072247	5.644298	8.411461	0	0
conventional	ce672	323	0	41.473227	0	14	7	1.047707	8.353060	16.371027	15.701433	0	0
conventional	ce673	323	0.944881	52.304630	1	14	7	3.159856	11.099284	19.248703	18.796787	0	0
holistic	he571	324	0	0	0	0	3	0	0	0	0	0	0.792567
holistic	he572	324	0	0.096375	0	1	7	0	0	0.096375	0	0	1.902846
holistic	he573	324	0	0	0	0	4	0	0	0	0	0	0
conventional	ce674	324	0	37.179100	0	14	7	9.378025	2.734338	14.929888	10.136849	0	0
conventional	ce675	324	0	41.990825	0	14	7	7.124065	9.822785	12.410525	12.633450	0	0
conventional	ce676	324	0	20.015776	0	14	7	2.612030	2.372569	7.715680	7.315497	0	0
conventional	ce677	324	0	44.201677	0	14	7	6.891597	10.853917	9.496000	16.960163	0	0
holistic	he574	325	0	0	0	0	4	0	0	0	0	0	1.043793
holistic	he575	325	0	0	0	0	0	0	0	0	0	0	1.670871
holistic	he576	325	0	0	0	0	4	0	0	0	0	0	0
conventional	ce678	325	0	27.840236	0	14	7	4.272146	4.381128	13.772814	5.414148	0	0
holistic	he577	326	0	0	0	0	4	0	0	0	0	0	0
holistic	he578	326	0	0	0	0	0	0	0	0	0	0	0.813271
holistic	he579	326	0	0	0	0	4	0	0	0	0	0	0
holistic	he580	326	0	0	0	0	1	0	0	0	0	0	0
conventional	ce679	326	0	42.859073	0	14	7	10.698045	7.244819	21.591097	3.325112	0	0
conventional	ce680	326	0	24.075434	0	14	7	3.696646	1.933160	7.977433	10.468195	0	0
conventional	ce681	326	0	28.678944	0	14	7	3.366112	1.139757	12.240493	11.932582	1.342636	0
conventional	ce682	326	0	31.785164	0	14	7	1.158513	9.918298	9.907213	10.801140	0.531058	0
holistic	he581	327	0	0	0	0	4	0	0	0	0	0	0
holistic	he582	327	0	0	0	0	6	0	0	0	0	0	0.235362
holistic	he583	327	0	0	0	0	0	0	0	0	0	0	0
holistic	he584	327	0	0	0	0	1	0	0	0	0	0	0
holistic	he585	327	0	0	0	0	2	0	0	0	0	0	0
conventional	ce683	327	0.196527	16.678481	1	14	7	2.306038	5.384943	5.505515	3.481985	0.550988	0
conventional	ce684	327	0	38.541944	0	14	7	6.596738	2.766685	11.808330	17.370191	0	0
conventional	ce685	327	0	44.348715	0	14	7	8.987683	6.663506	9.697138	19.000388	0	0
holistic	he586	328	0	0	0	0	2	0	0	0	0	0	0
holistic	he587	328	0	0	0	0	0	0	0	0	0	0	0.813271
conventional	ce686	328	0	23.624993	0	14	7	2.154632	2.030047	10.750629	8.689685	0	0
conventional	ce687	328	0	33.719363	0	14	7	8.739304	1.513016	13.939449	9.527594	0	0
holistic	he588	329	0	0.096375	0	1	7	0	0	0.096375	0	0	1.902846
holistic	he589	329	0.627971	0.627971	1	1	4	0	0	0.627971	0	0	0.595435
conventional	ce688	329	0.196527	14.043124	1	14	7	2.724595	3.393415	5.161080	2.764034	0.550988	0
conventional	ce689	329	0	29.205619	0	14	7	4.766749	5.832713	12.033947	6.572210	0	0
holistic	he590	330	0	0	0	0	4	0	0	0	0	0	0
conventional	ce690	330	0	43.814810	0	14	7	7.244935	8.785194	9.346890	18.437791	2.031191	0
conventional	ce691	330	0	37.241149	0	14	7	6.868745	6.720809	14.319608	9.331987	1.048488	0
conventional	ce692	330	0	37.635920	0	14	7	6.678180	7.155962	14.422745	9.379033	0	0
holistic	he591	331	0	0	0	0	6	0	0	0	0	0	0
holistic	he592	331	0	0	0	0	0	0	0	0	0	0.652719	0
conventional	ce693	331	0	26.307457	0	14	7	1.227109	0.821808	14.607233	9.651307	0	0
holistic	he593	332	0	0.096375	0	1	7	0	0	0.096375	0	0	1.677167
holistic	he594	332	0	0	0	0	8	0	0	0	0	0	0
conventional	ce694	332	0	41.611189	0	14	7	6.255966	12.657201	8.087255	14.610767	0	0
conventional	ce695	333	0.096107	37.005061	1	14	7	2.700591	9.035211	12.536996	12.732263	0	0
holistic	he595	334	0	0	0	0	3	0	0	0	0	0	0
holistic	he596	334	0	0.110275	0	1	6	0	0	0.110275	0	0	1.852371
holistic	he597	334	0	0	0	0	9	0	0	0	0	0	0
conventional	ce696	334	0	27.099640	0	14	7	3.178462	1.982715	10.218154	11.720309	0	0
holistic	he598	335	0	0	0	0	1	0	0	0	0	0	1.278052
holistic	he599	335	0	0	0	0	3	0	0	0	0	0	0.673419
conventional	ce697	335	1.869654	33.465875	1	14	7	2.995744	11.054347	10.752510	8.663274	0	0
conventional	ce698	335	0	28.162490	0	14	7	4.002831	9.990769	2.419819	11.749071	0	0
conventional	ce699	335	0	27.835334	0	14	7	7.256983	1.650189	8.355287	10.572875	0	0
conventional	ce700	335	0	18.718824	0	14	7	2.190324	4.212200	3.359738	8.956562	1.881817	0
holistic	he600	336	0	0	0	0	4	0	0	0	0	0	0.422736
holistic	he601	336	0	0	0	0	4	0	0	0	0	0	0
holistic	he602	336	0	0	0	0	9	0	0	0	0	0	0.039842
holistic	he603	337	0	0	0	0	0	0	0	0	0	0	0.112326
holistic	he604	337	0	0	0	0	2	0	0	0	0	0	0
holistic	he605	337	0	0	0	0	4	0	0	0	0	0	0.043831
conventional	ce701	337	0	18.372301	0	14	7	3.177518	4.136955	5.666273	5.391555	0.360661	0
conventional	ce702	337	0	39.509652	0	14	7	10.109106	2.643819	15.922902	10.833825	0	0
holistic	he606	338	0	0	0	0	2	0	0	0	0	0	0.019921
holistic	he607	338	0	0	0	0	6	0	0	0	0	0	0.353196
conventional	ce703	338	0	36.135079	0	14	7	9.960996	3.228317	10.558084	12.387682	0.993417	0
holistic	he608	339	0	0	0	0	1	0	0	0	0	0	0
conventional	ce704	339	0	19.818126	0	14	7	3.861386	4.029827	5.793005	6.133908	0	0
holistic	he609	340	0	0	0	0	6	0	0	0	0	0	0.353196
holistic	he610	340	0	0	0	0	4	0	0	0	0	0	1.327112
holistic	he611	341	0	0	0	0	12	0	0	0	0	0	0
conventional	ce705	341	0	28.471059	0	14	7	2.916833	6.007350	15.434508	4.112368	0	0
conventional	ce706	341	0.196527	35.992793	1	14	7	4.275772	8.670154	14.175239	8.871628	0.550988	0
conventional	ce707	341	0	42.996505	0	14	7	6.545419	6.208839	15.040090	15.202157	1.048488	0
conventional	ce708	341	0	44.987385	0	14	7	6.845878	10.796169	17.063780	10.281558	0	0
conventional	ce709	341	0	36.760959	0	14	7	8.213949	8.555604	9.015358	10.976048	0	0
conventional	ce710	342	0	31.778533	0	14	7	8.917796	1.971768	10.458900	10.430069	0.003298	0
holistic	he612	343	0	0.110275	0	1	6	0	0	0.110275	0	0	1.852371
holistic	he613	343	0	0	0	0	4	0	0	0	0	0	0.043831
holistic	he614	343	0	0	0	0	0	0	0	0	0	0	1.626542
conventional	ce711	343	0	30.416679	0	14	7	4.875708	5.013085	15.218791	5.309095	0	0
conventional	ce712	343	1.028959	37.309175	1	14	7	10.061072	6.101546	8.739538	12.407019	0.394670	0
conventional	ce713	343	1.659106	27.988320	1	14	7	2.150762	10.575661	8.664535	6.597362	0	0
conventional	ce714	343	0	31.450681	0	14	7	2.763286	2.262288	15.877925	10.547182	0	0
holistic	he615	345	0.921719	0.921719	1	1	3	0	0	0.921719	0	0	0.043831
conventional	ce715	345	0	30.340452	0	14	7	1.864453	1.350502	13.079385	14.046112	0	0
conventional	ce716	345	0	37.188616	0	14	7	6.619423	6.682819	13.474391	10.411983	0	0
holistic	he616	346	0	0	0	0	3	0	0	0	0	0	0.019921
holistic	he617	346	0	0	0	0	4	0	0	0	0	0	2.461195
holistic	he618	347	0	0	0	0	4	0	0	0	0	0	0.481928
holistic	he619	347	0	0	0	0	3	0	0	0	0	0	0.019921
conventional	ce717	347	0	16.067254	0	14	7	5.538071	2.334322	5.983450	2.211411	0	0
holistic	he620	348	0	0	0	0	6	0	0	0	0	0	0.235362
holistic	he621	349	0	0	0	0	3	0	0	0	0	0	0.673419
conventional	ce718	349	0.196527	17.421500	1	14	7	0.887275	2.493311	8.196617	5.844297	0.180441	0
conventional	ce719	349	0	53.585033	0	14	7	9.372924	9.648189	13.381761	21.182159	2.578772	0
conventional	ce720	349	0	30.488998	0	14	7	2.571449	6.857433	9.794154	11.265962	0	0
holistic	he622	350	0	0	0	0	4	0	0	0	0	0	0.043831
conventional	ce721	350	0	29.688060	0	14	7	4.869071	5.179344	11.633994	8.005651	1.164025	0
holistic	he623	351	0	0	0	0	0	0	0	0	0	0	0
conventional	ce722	352	0	27.243496	0	14	7	3.946043	1.588228	11.195491	10.513734	0	0
holistic	he624	353	0	0	0	0	7	0	0	0	0	0	0.235362
holistic	he625	353	0	0.096375	0	1	7	0	0	0.096375	0	0	0
holistic	he626	354	0	0	0	0	3	0	0	0	0	0	0.419950
holistic	he627	355	0	0	0	0	8	0	0	0	0	0	0
holistic	he628	355	0	0	0	0	0	0	0	0	0	0	0
conventional	ce723	355	1.090831	28.369238	1	14	7	4.911135	2.552871	11.260404	9.644828	0	0
holistic	he629	356	0	0	0	0	3	0	0	0	0	0	0.792567
holistic	he630	357	0	0	0	0	5	0	0	0	0	0	0.043831
conventional	ce724	357	0	40.662132	0	14	7	8.440844	6.659283	6.896094	18.665911	0	0
conventional	ce725	357	0	29.284313	0	14	7	3.959570	2.446767	10.517525	12.360451	1.342636	0
conventional	ce726	358	0	13.221122	0	14	7	1.173275	2.291510	4.606459	5.149878	0	0
conventional	ce727	358	0	34.461881	0	14	7	4.800098	10.375334	7.173093	12.113356	0	0
holistic	he631	359	0	0	0	0	0	0	0	0	0	0	0.813271
holistic	he632	359	0	0	0	0	6	0	0	0	0	0	0
conventional	ce728	359	0	35.311519	0	14	7	6.138130	6.431536	14.313975	8.427878	1.164025	0
conventional	ce729	359	1.090831	32.868014	1	14	7	4.553871	2.245044	18.013653	8.055446	0	0
holistic	he633	360	0	0	0	0	4	0	0	0	0	0	0
holistic	he634	360	0	0	0	0	5	0	0	0	0	0	0.548472
holistic	he635	360	0	0	0	0	3	0	0	0	0	0	0.673419
holistic	he636	360	0	0	0	0	1	0	0	0	0	0	0.347931
holistic	he637	360	0	0	0	0	8	0	0	0	0	0	0.000890
holistic	he638	360	0	0	0	0	0	0	0	0	0	0	0.813271
holistic	he639	360	0	0	0	0	4	0	0	0	0	0	0
holistic	he640	360	0	0	0	0	0	0	0	0	0	0	0
holistic	he641	360	0	0	0	0	1	0	0	0	0	0	0
holistic	he642	360	0	0	0	0	4	0	0	0	0	0	0
holistic	he643	360	0	0	0	0	3	0	0	0	0	0	0.026712
holistic	he644	360	0	0	0	0	3	0	0	0	0	0	0.019921
holistic	he645	360	0	0	0	0	6	0	0	0	0	0	0
holistic	he646	360	0	0	0	0	6	0	0	0	0	0	0
holistic	he647	360	0	0	0	0	6	0	0	0	0	0	0.235362
holistic	he648	360	0	0	0	0	6	0	0	0	0	0	0.947562
holistic	he649	360	0	0	0	0	6	0	0	0	0	0	0
holistic	he650	360	0	0	0	0	3	0	0	0	0	0	0.792567
holistic	he651	360	1.843438	1.843438	2	2	6	0	0	1.843438	0	0	1.183130
holistic	he652	360	0	0.164462	0	1	6	0	0	0.164462	0	0	1.902846
conventional	ce730	360	0	20.883843	0	14	7	2.657122	3.322079	10.789058	4.115584	1.342636	0
conventional	ce731	360	1.090831	34.919299	1	14	7	4.470370	2.809064	19.863184	7.776681	0	0
conventional	ce732	360	0	20.377833	0	14	7	4.104419	4.558847	5.349658	6.364909	0	0
conventional	ce733	360	0	38.132081	0	14	7	5.687017	5.355089	14.480555	12.609420	0	0
conventional	ce734	360	0	30.710693	0	14	7	4.007291	6.007350	16.430910	4.265142	0	0
conventional	ce735	360	0	36.310284	0	14	7	5.561676	3.438661	8.671550	18.638397	0	0
conventional	ce736	360	0	29.256900	0	14	7	4.045762	9.307685	3.169544	12.733909	0	0
conventional	ce737	360	0	32.543793	0	14	7	4.353981	5.520992	11.438005	11.230815	0	0
conventional	ce738	360	0	11.847095	0	14	7	2.403499	0.824616	6.283128	2.335852	0	0
conventional	ce739	360	0.096107	45.800824	1	14	7	6.956481	8.829441	16.079086	13.935816	0	0
conventional	ce740	360	1.499142	26.886621	1	14	7	5.313728	2.472785	11.202266	7.897842	0	0
conventional	ce741	360	0	37.249259	0	14	7	7.181615	6.174264	14.832037	9.061343	1.048488	0
conventional	ce742	360	1.659106	30.097028	1	14	7	2.344219	10.893591	8.585693	8.273525	0	0
conventional	ce743	360	0	31.342061	0	14	7	3.778809	6.024821	14.440512	7.097919	1.164025	0
conventional	ce744	360	0	37.187397	0	14	7	8.514040	9.636922	8.361193	10.675242	0	0
conventional	ce745	360	0	14.331851	0	14	7	1.474374	1.058219	5.351805	6.447453	3.018294	0
conventional	ce746	360	0	51.845599	0	14	7	10.758395	7.234400	30.486150	3.366654	0	0
conventional	ce747	360	0	32.448821	0	14	7	2.799995	11.248683	10.307006	8.093137	1.601997	0
conventional	ce748	360	1.869654	32.031395	1	14	7	3.300770	10.762276	9.930205	8.038144	0	0
conventional	ce749	360	0.169394	36.113780	1	14	7	2.515569	5.485103	18.551594	9.561514	0.791220	0
conventional	ce750	360	0	42.564086	0	14	7	6.652972	4.333766	14.315087	17.262261	1.915146	0
conventional	ce751	361	0	10.431393	0	14	7	1.614350	1.228288	4.502525	3.086230	0	0
conventional	ce752	362	0	12.236260	0	14	7	1.184480	1.610062	5.588873	3.852845	0	0
conventional	ce753	362	0	29.474635	0	14	7	4.507406	9.104433	7.827977	8.034819	1.601997	0
holistic	he653	363	0	0	0	0	8	0	0	0	0	0	0.963856
holistic	he654	363	0	0	0	0	0	0	0	0	0	0	0
holistic	he655	363	0	0	0	0	0	0	0	0	0	0	0
conventional	ce754	363	0	29.508987	0	14	7	3.461580	0.761923	14.080678	11.204806	1.342636	0
conventional	ce755	363	0	14.847704	0	14	7	1.043062	2.892639	3.451207	7.460796	0	0
conventional	ce756	363	0	27.505758	0	14	7	3.197635	5.486698	14.451881	4.369544	0	0
conventional	ce757	363	0	41.795026	0	14	7	9.901411	7.108953	20.259809	4.524853	0	0
conventional	ce758	363	0	47.174045	0	14	7	7.796662	16.947953	8.085412	14.344018	0	0
conventional	ce759	363	0	44.878816	0	14	7	8.479127	7.145848	17.077711	12.176130	1.048488	0
holistic	he656	364	0	0	0	0	0	0	0	0	0	0	2.439813
holistic	he657	364	0	0	0	0	6	0	0	0	0	0	0.353196
holistic	he658	364	0	0	0	0	4	0	0	0	0	0	0.481928
holistic	he659	364	0	0	0	0	3	0	0	0	0	0	0.019921
holistic	he660	364	0	0	0	0	1	0	0	0	0	0	0.347931
conventional	ce760	366	0.096107	34.154185	1	14	7	2.710956	7.387652	12.325143	11.730434	1.002413	0
conventional	ce761	366	0	14.954443	0	14	7	2.049862	2.048059	6.541964	4.314558	0	0
conventional	ce762	366	0	47.330883	0	14	7	7.979991	6.757670	11.985685	20.607537	2.348321	0
holistic	he661	367	0	0	0	0	3	0	0	0	0	0	0.673419
holistic	he662	367	0	0	0	0	9	0	0	0	0	0	0
holistic	he663	367	0	0	0	0	6	0	0	0	0	0	0
holistic	he664	367	0	0.096375	0	1	7	0	0	0.096375	0	0	1.958007
holistic	he665	368	0	0	0	0	6	0	0	0	0	0	0.043831
holistic	he666	368	0	0	0	0	3	0	0	0	0	0	0.673419
conventional	ce763	368	1.499142	32.088661	1	14	7	7.059603	1.999725	14.203781	8.825552	0	0
conventional	ce764	368	0	12.377361	0	14	7	2.027592	1.847597	5.297171	3.205001	0	0
conventional	ce765	369	0	42.381635	0	14	7	6.239724	6.779120	15.796019	13.566772	0	0
holistic	he667	370	0	0	0	0	3	0	0	0	0	0	0.810441
holistic	he668	371	0	0	0	0	1	0	0	0	0	0	0.906066
holistic	he669	371	0	0	0	0	6	0	0	0	0	0	1.346838
conventional	ce766	372	0	19.636720	0	14	7	3.989618	4.029827	5.104059	6.513216	0	0
holistic	he670	375	0	0	0	0	0	0	0	0	0	0	1.626542
conventional	ce767	375	0	24.592001	0	14	7	2.301758	1.843542	9.081853	11.364848	0.639111	0
conventional	ce768	375	0.196527	31.000844	1	14	7	4.001370	6.159332	14.018190	6.821952	0.174613	0
conventional	ce769	375	1.090831	37.386768	1	14	7	6.880053	2.474230	22.434349	5.598136	0	0
conventional	ce770	375	0	29.542950	0	14	7	9.005666	3.328047	15.451183	1.758054	0	0
holistic	he671	376	0	0	0	0	6	0	0	0	0	0	0
conventional	ce771	376	0	33.439889	0	14	7	3.688414	7.893053	15.707705	6.150717	0	0
conventional	ce772	376	0	33.188736	0	14	7	5.216031	6.487449	13.192200	8.293056	1.164025	0
conventional	ce773	377	0	31.568392	0	14	7	5.011395	2.913652	13.550463	10.092882	1.571296	0
conventional	ce774	377	0	13.779300	0	14	7	0.995534	2.453700	4.987075	5.342991	0	0
holistic	he672	378	0	0	0	0	3	0	0	0	0	0	0.026712
conventional	ce775	378	1.090831	31.543182	1	14	7	4.466802	6.084586	9.044231	11.947563	0	0
conventional	ce776	378	1.090831	37.613709	1	14	7	5.616553	3.466771	20.906927	7.623458	0	0
holistic	he673	379	0	0	0	0	2	0	0	0	0	0	0.695862
conventional	ce777	379	0.860487	42.002176	1	14	7	5.341460	8.449565	15.655131	12.556020	0	0
conventional	ce778	379	0.427068	17.695100	1	14	7	2.360228	6.121209	6.001344	3.212319	0.550988	0
holistic	he674	381	0	0	0	0	4	0	0	0	0	0	0.481928
holistic	he675	381	0	0	0	0	6	0	0	0	0	0	1.346838
conventional	ce779	381	1.090831	38.627796	1	14	7	5.985637	3.459276	21.702320	7.480563	0	0
conventional	ce780	381	0	32.762926	0	14	7	5.788108	6.713358	11.997327	8.264133	1.382665	0
holistic	he676	382	0	0	0	0	0	0	0	0	0	0	0.813271
holistic	he677	382	0	0	0	0	6	0	0	0	0	0	0.353196
conventional	ce781	382	0	15.056661	0	14	7	1.790719	2.925054	6.217375	4.123513	0	0
holistic	he678	383	0	0	0	0	6	0	0	0	0	0	1.008992
holistic	he679	383	0	0	0	0	0	0	0	0	0	0	0.813271
holistic	he680	383	0	0	0	0	3	0	0	0	0	0	0.810441
holistic	he681	384	0.921719	0.921719	1	1	4	0	0	0.921719	0	0	0.043831
holistic	he682	384	0	0.096375	0	1	7	0	0	0.096375	0	0	1.958007
holistic	he683	385	0	0	0	0	2	0	0	0	0	0	0
holistic	he684	386	0	0	0	0	0	0	0	0	0	0	0.149768
holistic	he685	386	0	0	0	0	6	0	0	0	0	0	0.235362
holistic	he686	386	0.448654	0.448654	2	2	6	0	0	0.448654	0	0	0.235362
holistic	he687	386	0	0	0	0	0	0	0	0	0	0	0
holistic	he688	386	0	0	0	0	3	0	0	0	0	0	0.019921
conventional	ce782	386	0	47.127879	0	14	7	8.905766	9.580386	17.607677	11.034050	0	0
conventional	ce783	386	0	11.839496	0	14	7	1.001242	3.198796	3.808838	3.830620	0	0
conventional	ce784	386	1.147861	35.519647	1	14	7	2.717157	11.733587	11.553678	9.515225	2.059363	0
conventional	ce785	386	1.090831	28.387285	1	14	7	6.368398	2.217477	13.292466	6.508944	0	0
holistic	he689	387	0	0	0	0	3	0	0	0	0	0	0.422221
holistic	he690	387	0	0	0	0	4	0	0	0	0	0	0
holistic	he691	387	0	0	0	0	3	0	0	0	0	0	0.673419
holistic	he692	387	0	0	0	0	1	0	0	0	0	0	0.347931
conventional	ce786	387	1.090831	31.721444	1	14	7	4.243115	2.124693	18.261612	7.092024	0	0
conventional	ce787	387	1.090831	36.444362	1	14	7	5.733633	2.825762	20.801657	7.083310	0	0
holistic	he693	388	0	0	0	0	3	0	0	0	0	0	0.000445
conventional	ce788	388	0	35.958559	0	14	7	4.108144	6.632609	16.469738	8.748068	1.164025	0
holistic	he694	389	0	0	0	0	3	0	0	0	0	0	0.422221
conventional	ce789	389	0	25.811278	0	14	7	2.552498	4.602344	14.611088	4.045348	0	0
holistic	he695	390	0	0	0	0	1	0	0	0	0	0	0.347931
holistic	he696	390	0	0	0	0	3	0	0	0	0	0	0.469464
holistic	he697	390	0	0	0	0	1	0	0	0	0	0	0.906066
conventional	ce790	390	0	43.871353	0	14	7	7.220949	7.125685	22.607986	6.916733	0	0
conventional	ce791	390	0	29.066657	0	14	7	3.770679	9.104433	8.195996	7.995549	0.828076	0
holistic	he698	391	0	0	0	0	6	0	0	0	0	0	0.353196
holistic	he699	391	0	0	0	0	3	0	0	0	0	0	0.026712
conventional	ce792	391	0	45.147548	0	14	7	8.294048	7.980737	17.916733	10.956030	0	0
holistic	he700	392	0	0	0	0	3	0	0	0	0	0	0.481928
conventional	ce793	393	0	37.523882	0	14	7	5.594837	3.545410	20.656269	7.727366	1.087568	0
conventional	ce794	393	1.657799	24.529559	1	14	7	4.388761	2.494479	10.773809	6.872510	0	0
holistic	he701	394	0	0.875590	0	2	6	0	0	0.875590	0	0	0.582428
holistic	he702	395	0	0	0	0	0	0	0	0	0	0	1.215518
conventional	ce795	395	0	58.959808	0	14	7	11.420592	6.297511	34.767618	6.474087	0	0
conventional	ce796	395	0	52.490276	0	14	7	9.526370	7.591450	11.741642	23.630814	2.348321	0
conventional	ce797	395	0	40.803521	0	14	7	8.461876	6.305805	18.247291	7.788549	0	0
conventional	ce798	396	1.090831	17.170727	1	14	7	0.837982	2.374639	7.170499	6.787607	0	0
holistic	he703	397	0.294618	0.294618	1	1	3	0	0	0.294618	0	0	1.317080
holistic	he704	397	0	0	0	0	1	0	0	0	0	0	1.123201
holistic	he705	398	0	0	0	0	3	0	0	0	0	0	0.469464
holistic	he706	398	0	0	0	0	3	0	0	0	0	0	0.673419
holistic	he707	398	0	0	0	0	6	0	0	0	0	0	0.235362
conventional	ce799	398	0	24.967363	0	14	7	4.318113	3.951565	7.641562	9.056123	0	0
holistic	he708	399	0	0	0	0	3	0	0	0	0	0	0.116968
holistic	he709	399	0	0	0	0	0	0	0	0	0	0	0.813271
conventional	ce800	399	0.427068	15.807114	1	14	7	2.360228	5.089271	6.001344	2.356271	0.148422	0
conventional	ce801	399	0	37.936638	0	14	7	9.536479	2.291303	14.956081	11.152775	2.348321	0
holistic	he710	400	0	0	0	0	6	0	0	0	0	0	0.235362
holistic	he711	401	0	0	0	0	3	0	0	0	0	0	0.481928
conventional	ce802	401	0	28.404218	0	14	7	0.596196	3.423917	14.404296	9.979809	1.155600	0
conventional	ce803	401	0	31.793406	0	14	7	5.238728	1.917722	19.030464	5.606492	0	0
conventional	ce804	401	1.090831	18.150230	1	14	7	2.316431	2.556891	9.298120	3.978788	0	0
holistic	he712	402	0	0	0	0	6	0	0	0	0	0	2.207446
conventional	ce805	402	0	17.376665	0	14	7	2.988240	2.811092	5.693008	5.884325	0	0
holistic	he713	403	0	0	0	0	2	0	0	0	0	1.523890	1.160054
holistic	he714	403	0	0	0	0	3	0	0	0	0	0	0.587628
holistic	he715	403	0.224327	0.224327	1	1	4	0	0	0.224327	0	0	0.013146
conventional	ce806	403	0	42.651097	0	14	7	6.766056	4.569669	23.430163	7.885209	0.748649	0
holistic	he716	404	0	0	0	0	8	0	0	0	0	0	0.000890
holistic	he717	405	0	0	0	0	3	0	0	0	0	0	0.026712
conventional	ce807	405	0	30.695341	0	14	7	3.892980	5.001672	14.834414	6.966275	2.515867	0
holistic	he718	406	0	0	0	0	1	0	0	0	0	0	0
holistic	he719	407	0	0	0	0	0	0	0	0	0	0	0
holistic	he720	407	0	0	0	0	0	0	0	0	0	0	0
conventional	ce808	407	0	25.481808	0	14	7	2.878348	0.782832	12.707392	9.113236	1.461125	0
holistic	he721	408	0	0	0	0	9	0	0	0	0	0	0
holistic	he722	408	0	0.096375	0	1	7	0	0	0.096375	0	0	1.958007
holistic	he723	409	0	1.243618	0	2	9	0	0	1.243618	0	0	3.805692
conventional	ce809	409	0	15.791545	0	14	7	1.849318	2.834883	5.736671	5.370673	0	0
conventional	ce810	409	0	27.141144	0	14	7	3.861740	5.103535	10.748062	7.427807	1.571296	0
holistic	he724	410	0	0	0	0	3	0	0	0	0	0	0.792567
holistic	he725	410	0	0	0	0	1	0	0	0	0	0	1.123201
holistic	he726	410	0	0	0	0	3	0	0	0	0	0	0.026712
conventional	ce811	410	0	37.062556	0	14	7	4.911673	6.464561	14.422590	11.263732	0	0
conventional	ce812	410	0	36.247215	0	14	7	5.940026	7.291278	12.969358	10.046553	1.382665	0
holistic	he727	412	0	0	0	0	0	0	0	0	0	0	0
holistic	he728	412	0	0	0	0	1	0	0	0	0	0	1.123201
holistic	he729	413	0	0	0	0	1	0	0	0	0	0	1.123201
holistic	he730	413	0.448654	0.448654	2	2	6	0	0	0.448654	0	0	0.235362
conventional	ce813	413	0	46.417547	0	14	7	6.753166	9.127421	19.238783	11.298177	0	0
conventional	ce814	415	1.090831	24.147401	1	14	7	4.069379	5.191834	6.186147	8.700041	0	0
conventional	ce815	415	0	16.493411	0	14	7	1.716706	2.897589	7.203181	4.675935	1.924616	0
conventional	ce816	416	0	36.740040	0	14	7	6.735875	8.515307	10.070878	11.417980	0	0
holistic	he731	417	0	0	0	0	1	0	0	0	0	0	0.606809
conventional	ce817	417	1.090831	16.546471	1	14	7	1.771294	1.936247	8.311741	4.527189	0	0
conventional	ce818	418	0	36.750391	0	14	7	5.056200	7.129148	13.835711	10.729332	0	0
conventional	ce819	418	0	34.153207	0	14	7	6.179587	5.195123	15.354842	7.423655	1.238170	0
conventional	ce820	419	1.090831	47.498725	1	14	7	11.652532	4.373184	23.995566	7.477443	0	0
conventional	ce821	419	1.090831	17.308151	1	14	7	2.140589	1.752827	8.284903	5.129832	0	0
conventional	ce822	419	0	28.499223	0	14	7	4.301866	9.104433	6.769172	8.323752	1.601997	0
holistic	he732	420	0	0	0	0	3	0	0	0	0	0	0.026712
holistic	he733	420	0	0	0	0	6	0	0	0	0	0	0.190832
holistic	he734	420	0	0	0	0	6	0	0	0	0	0	0.039842
holistic	he735	420	0.448654	0.448654	2	2	6	0	0	0.448654	0	0	0.626286
holistic	he736	420	0	0	0	0	3	0	0	0	0	0	0.673419
holistic	he737	420	0	0.437795	0	1	3	0	0	0.437795	0	0	0.291214
holistic	he738	420	0	0	0	0	2	0	0	0	0	0	0.002196
holistic	he739	420	0	0	0	0	3	0	0	0	0	0	0.673419
holistic	he740	420	0	0	0	0	1	0	0	0	0	0	1.123201
holistic	he741	420	0	0	0	0	6	0	0	0	0	0	0
holistic	he742	420	1.013909	1.013909	1	1	3	0	0	1.013909	0	0	0.481928
conventional	ce823	420	1.657799	25.017608	1	14	7	4.693751	2.503594	10.300923	7.519340	0	0
conventional	ce824	420	0	28.225179	0	14	7	3.735405	1.880637	17.442317	5.166820	0	0
conventional	ce825	420	0	25.797247	0	14	7	2.154599	4.459646	10.641913	8.541089	0	0
conventional	ce826	420	0	26.060107	0	14	7	1.775571	4.036300	12.738449	7.509787	1.965707	0
conventional	ce827	420	1.090831	34.800485	1	14	7	5.124239	1.261829	19.763099	8.651318	0	0
conventional	ce828	420	0.467260	31.074965	1	14	7	5.897499	4.498741	8.339311	12.339414	0	0
conventional	ce829	420	1.090831	18.044606	1	14	7	2.388871	2.530197	6.991772	6.133766	0	0
conventional	ce830	420	1.090831	40.139466	1	14	7	7.425957	2.720163	24.099525	5.893821	0	0
conventional	ce831	420	0	15.344158	0	14	7	1.249463	2.868556	5.177842	6.048297	0	0
conventional	ce832	420	0	28.296295	0	14	7	2.653405	4.871552	12.043247	8.728091	1.571296	0
conventional	ce833	420	0	35.564623	0	14	7	3.888840	2.674503	16.358904	12.642376	1.571296	0
conventional	ce834	420	0	20.281890	0	14	7	1.962504	2.858844	8.678559	6.781983	0	0
conventional	ce835	420	1.042561	47.952852	1	14	7	8.694561	9.534815	17.284971	12.438505	0	0
conventional	ce836	421	0	38.292324	0	14	7	8.474331	2.117307	21.061557	6.639129	0	0
conventional	ce837	422	1.090831	47.964291	1	14	7	11.510325	3.198253	25.551309	7.704404	0	0
conventional	ce838	422	0	43.512317	0	14	7	8.486639	7.739705	14.117885	13.168088	0	0
conventional	ce839	422	0.477283	33.129954	1	14	7	5.074965	3.214168	18.864081	5.976740	0	0
conventional	ce840	422	0	22.268657	0	14	7	4.492649	2.303503	9.415998	6.056507	0	0
conventional	ce841	422	0	12.305710	0	14	7	1.108605	3.020272	4.010246	4.166587	0	0
conventional	ce842	422	0	26.957364	0	14	7	1.003109	4.546459	11.484339	9.923457	1.836320	0
conventional	ce843	423	0	17.491927	0	14	7	2.435150	3.239717	5.838983	5.978077	0	0
conventional	ce844	423	0	45.459827	0	14	7	7.364852	9.383728	19.979425	8.731822	0	0
conventional	ce845	423	0	22.946962	0	14	7	4.469986	8.607850	4.927689	4.941437	0.828076	0
conventional	ce846	423	0	27.839254	0	14	7	3.778763	1.102294	17.785634	5.172563	0	0
conventional	ce847	423	1.657799	41.794748	1	14	7	7.372363	4.845816	13.723490	15.853079	0	0
conventional	ce848	423	1.090831	17.791007	1	14	7	3.343003	2.647047	6.892684	4.908273	0	0
conventional	ce849	423	0.427068	22.301027	1	14	7	2.828347	7.320894	7.742293	4.409493	1.061722	0
conventional	ce850	423	1.046677	36.662092	1	14	7	6.710200	3.887441	23.942856	2.121595	0	0
holistic	he743	424	0	0	0	0	2	0	0	0	0	0	0
holistic	he744	424	0	0	0	0	3	0	0	0	0	0	0.026712
holistic	he745	424	0	0	0	0	6	0	0	0	0	0	1.346838
holistic	he746	424	0	0	0	0	1	0	0	0	0	0	0.347931
holistic	he747	424	0.294618	0.294618	1	1	3	0	0	0.294618	0	0	1.317080
conventional	ce851	424	0.467260	36.655240	1	14	7	8.060485	4.879803	10.633250	13.081702	0	0
conventional	ce852	424	1.090831	44.397302	1	14	7	9.465824	3.405977	25.666807	5.858694	0	0
conventional	ce853	424	0	44.913884	0	14	7	9.971267	8.580978	21.392100	4.969539	0	0
conventional	ce854	425	0	30.881078	0	14	7	4.221032	5.720063	12.589486	8.350497	1.571296	0
conventional	ce855	425	0.807392	40.765827	1	14	7	5.585354	1.704160	25.260316	8.215997	0	0
conventional	ce856	425	0	33.973605	0	14	7	5.974781	6.456058	8.203755	13.339011	0	0
conventional	ce857	426	0.807783	27.693722	1	14	7	1.044861	3.064185	15.950601	7.634075	0	0
conventional	ce858	426	0	29.276848	0	14	7	3.812796	3.336514	15.197876	6.929662	1.965707	0
conventional	ce859	426	0	37.572507	0	14	7	7.452980	6.286033	16.112527	7.720967	1.382665	0
holistic	he748	427	0	0	0	0	3	0	0	0	0	0	0.469464
holistic	he749	427	0	0	0	0	1	0	0	0	0	0	0.606809
holistic	he750	427	0	0	0	0	3	0	0	0	0	0	0.026712
holistic	he751	427	0	0	0	0	3	0	0	0	0	0	0.026712
conventional	ce860	427	0	27.225781	0	14	7	3.187948	5.657574	11.429119	6.951140	1.571296	0
conventional	ce861	427	1.090831	45.472628	1	14	7	11.341619	3.588252	23.540123	7.002634	0	0
holistic	he752	428	0	0	0	0	3	0	0	0	0	0	0
holistic	he753	428	0	0	0	0	1	0	0	0	0	0	1.123201
holistic	he754	428	0	0	0	0	3	0	0	0	0	0	0.026712
holistic	he755	428	0	0	0	0	3	0	0	0	0	0	0.422221
conventional	ce862	428	0	31.370483	0	14	7	3.892980	5.423612	15.212232	6.841659	2.515867	0
conventional	ce863	429	1.265992	31.115020	1	14	7	1.755344	5.286898	13.144758	10.928020	0	0
conventional	ce864	429	1.079423	44.332889	1	14	7	11.831103	3.490188	24.496833	4.514765	0	0
conventional	ce865	429	1.735100	40.632130	1	14	7	5.930562	3.575282	19.670237	11.456049	0	0
holistic	he756	430	0	0	0	0	3	0	0	0	0	0	0.970292
holistic	he757	430	0	0	0	0	4	0	0	0	0	0	0.481928
conventional	ce866	430	0	15.581633	0	14	7	0.703408	2.465023	8.056854	4.356348	1.924616	0
holistic	he758	431	0	0	0	0	0	0	0	0	0	0	0
holistic	he759	431	0	0	0	0	3	0	0	0	0	0	0.481928
holistic	he760	431	0	0	0	0	3	0	0	0	0	0	0.673419
holistic	he761	431	0	0	0	0	3	0	0	0	0	0	1.103723
holistic	he762	432	0	0	0	0	3	0	0	0	0	0	0.673419
holistic	he763	432	0	0	0	0	3	0	0	0	0	0	0.481928
holistic	he764	434	0	0	0	0	3	0	0	0	0	0	0.481928
holistic	he765	434	0	0	0	0	4	0	0	0	0	0	0.481928
holistic	he766	435	0	0	0	0	3	0	0	0	0	0	0.529485
conventional	ce867	435	1.090831	36.207667	1	14	7	3.248266	2.486130	22.593946	7.879325	0	0
holistic	he767	436	0	0	0	0	0	0	0	0	0	0	0
holistic	he768	436	0.074254	0.074254	1	1	3	0	0	0.074254	0	0	0.117681
conventional	ce868	436	0	31.697237	0	14	7	5.618801	6.343009	11.937140	7.798287	1.382665	0
conventional	ce869	436	0	27.832834	0	14	7	4.621139	5.840674	9.413736	7.957285	1.571296	0
conventional	ce870	437	0	27.468233	0	14	7	1.985488	4.274379	12.519995	8.688371	1.965707	0
conventional	ce871	437	0	28.279358	0	14	7	3.128667	5.390262	11.741617	8.018812	1.924616	0
holistic	he769	438	0	0	0	0	6	0	0	0	0	0	1.175256
conventional	ce872	438	0	32.560974	0	14	7	7.156637	5.706443	12.485373	7.212521	2.040998	0
conventional	ce873	438	0	31.622422	0	14	7	5.349686	3.194236	17.501836	5.576664	0	0
holistic	he770	439	0	0	0	0	6	0	0	0	0	0	0.053424
conventional	ce874	439	2.226114	28.785671	1	14	7	1.813598	4.911130	11.234368	10.826575	0	0
holistic	he771	441	0	0	0	0	0	0	0	0	0	0	0
holistic	he772	441	0	0	0	0	3	0	0	0	0	0	2.409126
conventional	ce875	441	1.318445	23.762777	1	14	7	4.644091	2.909149	7.661928	8.547609	0	0
conventional	ce876	441	0	29.254866	0	14	7	4.743594	6.057265	9.683530	8.770477	1.571296	0
conventional	ce877	442	0	26.946120	0	14	7	1.508440	4.531018	12.039558	8.867104	1.929642	0
holistic	he773	443	0	0	0	0	3	0	0	0	0	0	0.422221
conventional	ce878	443	0	27.943022	0	14	7	2.809427	2.453576	13.419569	9.260450	1.056400	0
holistic	he774	444	0	0	0	0	3	0	0	0	0	0	0.792567
holistic	he775	445	0	0	0	0	3	0	0	0	0	0	1.148292
holistic	he776	445	0	0	0	0	6	0	0	0	0	0	0.053424
holistic	he777	445	0	0	0	0	0	0	0	0	0	0	0
holistic	he778	446	0	0	0	0	3	0	0	0	0	0	0.792567
holistic	he779	446	0	0	0	0	3	0	0	0	0	0	0.481928
holistic	he780	446	0	0	0	0	3	0	0	0	0	0	0.422221
holistic	he781	446	0	0	0	0	3	0	0	0	0	0	0.000445
conventional	ce879	446	0	16.654321	0	14	7	0.749351	2.425324	9.795873	3.683773	1.874742	0
conventional	ce880	446	1.090831	33.355569	1	14	7	3.470136	5.183085	12.612862	12.089486	0	0
conventional	ce881	446	0	56.234930	0	14	7	10.506058	7.400671	13.576937	24.751264	2.333049	0
holistic	he782	447	0	0	0	0	3	0	0	0	0	0	0.228126
holistic	he783	447	0.224327	0.224327	1	1	3	0	0	0.224327	0	0	0.117681
holistic	he784	447	0	0	0	0	6	0	0	0	0	0	0
conventional	ce882	447	0.427068	16.202394	1	14	7	1.641906	2.688337	7.534210	4.337941	0.148422	0
conventional	ce883	447	1.038118	18.594752	1	14	7	1.484714	4.730080	8.432812	3.947146	0	0
holistic	he785	448	0	0	0	0	3	0	0	0	0	0	0.026712
holistic	he786	449	0	0	0	0	1	0	0	0	0	0	0.606809
holistic	he787	449	0	0	0	0	3	0	0	0	0	0	0.026712
conventional	ce884	449	0	28.984856	0	14	7	3.069439	6.341726	10.791352	8.782339	1.571296	0
holistic	he788	450	0	0	0	0	6	0	0	0	0	0	2.437706
holistic	he789	450	0	0	0	0	2	0	0	0	0	0.761945	0.580027
conventional	ce885	450	0	29.143963	0	14	7	5.766848	2.319535	17.817499	3.240081	0	0
holistic	he790	451	0	0	0	0	0	0	0	0	0	0	0
holistic	he791	451	0	0	0	0	2	0	0	0	0	0	0.026712
conventional	ce886	451	0.469314	11.354387	1	14	7	1.533953	1.815001	5.567511	2.437922	0	0
holistic	he792	452	0	0	0	0	6	0	0	0	0	0	1.431678
conventional	ce887	452	0	16.157803	0	14	7	2.887156	2.299451	10.038386	0.932810	1.924616	0
conventional	ce888	452	0	28.553573	0	14	7	4.211895	4.241018	12.627078	7.473582	1.571296	0
holistic	he793	453	0	0	0	0	6	0	0	0	0	0	1.346838
conventional	ce889	453	0	21.725434	0	14	7	2.557181	1.516535	13.285940	4.365778	0	0
conventional	ce890	453	1.046677	31.837368	1	14	7	6.083147	4.066836	12.921226	8.766159	0	0
holistic	he794	454	0	0	0	0	3	0	0	0	0	0	0.422221
conventional	ce891	454	0	40.437926	0	14	7	6.664633	7.669760	18.013427	8.090106	1.382665	0
holistic	he795	455	0	0	0	0	1	0	0	0	0	0	3.009922
conventional	ce892	455	1.046677	32.866109	1	14	7	8.691994	4.993753	15.763863	3.416499	0	0
conventional	ce893	455	0	30.468627	0	14	7	6.365518	2.072130	18.018944	4.012035	0	0
conventional	ce894	455	0	14.199001	0	14	7	0.949106	2.024588	7.816965	3.408342	1.924616	0
holistic	he796	456	0	0	0	0	9	0	0	0	0	0	0
holistic	he797	457	0	0	0	0	3	0	0	0	0	0	0.529485
holistic	he798	457	0	0	0	0	3	0	0	0	0	0	0.481928
holistic	he799	457	0	0	0	0	2	0	0	0	0	0	0.002196
conventional	ce895	457	0	27.215497	0	14	7	5.235998	0.825414	16.480069	4.674016	0	0
holistic	he800	458	0	0	0	0	1	0	0	0	0	0	0
holistic	he801	459	0	0	0	0	1	0	0	0	0	0	0.203051
conventional	ce896	459	1.090831	16.947431	1	14	7	1.812736	1.579277	7.719994	5.835424	0	0
holistic	he802	461	0	0	0	0	0	0	0	0	0	0	0
conventional	ce897	461	0	30.662845	0	14	7	4.022368	4.147186	13.793564	8.699727	1.571296	0
conventional	ce898	461	1.418854	36.534732	1	14	7	10.843563	2.055663	18.660569	4.974937	0	0
conventional	ce899	461	0	29.782235	0	14	7	6.677212	2.515797	15.327382	5.261844	0	0
holistic	he803	462	0	0	0	0	4	0	0	0	0	0	0.026712
holistic	he804	462	0	0	0	0	0	0	0	0	0	0	0
conventional	ce900	462	1.090831	17.643416	1	14	7	2.100062	1.273419	8.915668	5.354267	0	0
holistic	he805	463	0	0	0	0	1	0	0	0	0	0	1.214290
holistic	he806	463	0	0	0	0	4	0	0	0	0	0	0.481928
conventional	ce901	463	0	58.223818	0	14	7	12.682466	5.479948	15.883379	24.178025	2.333049	0
holistic	he807	465	0	0	0	0	2	0	0	0	0	0	0.528378
holistic	he808	465	0	0	0	0	0	0	0	0	0	0	0
holistic	he809	465	0	0	0	0	6	0	0	0	0	0	0
holistic	he810	465	0	0	0	0	3	0	0	0	0	0	0.026712
conventional	ce902	465	0	33.308351	0	14	7	3.865409	0.988112	16.590205	11.864625	1.461125	0
conventional	ce903	465	0	14.176095	0	14	7	0.576746	2.320387	6.562213	4.716749	2.033090	0
holistic	he811	466	0	0	0	0	3	0	0	0	0	0	0.345494
holistic	he812	467	0	0	0	0	2	0	0	0	0	0	0.026712
conventional	ce904	467	1.608427	38.052312	1	14	7	5.174345	4.692556	14.108499	14.076912	0	0
holistic	he813	468	0	0	0	0	3	0	0	0	0	0	0.937427
conventional	ce905	469	0	18.758995	0	14	7	2.904304	3.317606	9.034895	3.502190	2.121087	0
holistic	he814	470	0	0	0	0	3	0	0	0	0	0	0.469464
holistic	he815	470	0	0	0	0	3	0	0	0	0	0	0.669625
conventional	ce906	470	0	24.986761	0	14	7	1.979938	4.355009	9.518076	9.133738	0	0
conventional	ce907	470	1.735100	44.442159	1	14	7	5.791593	3.433226	22.628406	12.588934	0	0
conventional	ce908	470	1.046677	37.202128	1	14	7	4.723796	5.254475	14.244260	12.979597	0	0
holistic	he816	471	0	0	0	0	3	0	0	0	0	0	0.529485
holistic	he817	472	0	0	0	0	3	0	0	0	0	0	0.228126
holistic	he818	473	0	0	0	0	0	0	0	0	0	0	0
holistic	he819	473	0	0	0	0	3	0	0	0	0	0	0.228126
conventional	ce909	473	0	23.505391	0	14	7	3.335773	2.215777	15.078144	2.875697	0	0
conventional	ce910	475	3.194673	35.997474	2	14	7	9.247728	2.929378	16.281796	7.538572	0.378846	0
conventional	ce911	475	0	17.447605	0	14	7	2.382519	1.879342	8.897218	4.288526	0	0
holistic	he820	477	0	0	0	0	0	0	0	0	0	0	0
holistic	he821	477	0	0	0	0	3	0	0	0	0	0	0.228126
conventional	ce912	477	1.090831	30.644197	1	14	7	8.230121	5.320939	14.010864	3.082273	0	0
conventional	ce913	479	0	27.494006	0	14	7	2.969946	4.066304	12.823461	7.634295	1.965707	0
conventional	ce914	479	0	35.183580	0	14	7	7.785065	6.593462	13.208419	7.596634	0	0
holistic	he822	480	0	0	0	0	6	0	0	0	0	0	0
holistic	he823	480	0	0	0	0	2	0	0	0	0	0	0.087555
holistic	he824	480	0.989073	0.989073	1	1	4	0	0	0.989073	0	0	0.781890
holistic	he825	480	0	0	0	0	6	0	0	0	0	0	1.175256
holistic	he826	480	0	0	0	0	0	0	0	0	0	0	0
holistic	he827	480	0	0	0	0	3	0	0	0	0	0	0.026712
holistic	he828	480	0	0	0	0	3	0	0	0	0	0	0.136241
conventional	ce915	480	1.090831	51.637673	1	14	7	11.179000	5.497832	28.501942	6.458899	0	0
conventional	ce916	480	0	42.035463	0	14	7	7.168440	5.350285	22.204862	7.311876	0	0
conventional	ce917	480	0.467260	34.816381	1	14	7	7.461009	3.559654	11.131431	12.664287	0	0
conventional	ce918	480	0	20.519009	0	14	7	1.966193	4.450549	7.417408	6.684859	0	0
conventional	ce919	480	1.959188	41.609074	1	14	7	6.601710	3.617810	27.524665	3.864889	0	0
conventional	ce920	480	0	32.137066	0	14	7	5.960504	3.095115	18.883152	4.198295	2.209852	0
conventional	ce921	480	2.226114	30.506626	1	14	7	1.488524	6.080115	10.921270	12.016717	0	0
holistic	he829	481	0	0	0	0	2	0	0	0	0	0	0.481928
conventional	ce922	481	1.090831	30.197434	1	14	7	2.239776	3.633123	17.162007	7.162528	0	0
conventional	ce923	481	0	64.329177	0	14	7	13.364005	2.665461	19.461127	28.838584	2.333049	0
conventional	ce924	481	1.090831	49.967735	1	14	7	9.181814	3.812467	26.960150	10.013304	0	0
conventional	ce925	482	1.258687	36.430966	1	14	7	9.271411	4.544216	18.590012	4.025327	0	0
conventional	ce926	482	0	46.015742	0	14	7	9.747334	5.118064	15.656569	15.493775	1.305723	0
conventional	ce927	482	1.090831	26.665073	1	14	7	5.721026	4.366340	9.118366	7.459341	0	0
conventional	ce928	482	0	53.222855	0	14	7	10.576559	2.403081	20.270290	19.972925	2.758436	0
conventional	ce929	482	0.467260	36.624074	1	14	7	8.060485	4.879803	10.832987	12.850799	0	0
conventional	ce930	483	0	27.263548	0	14	7	1.831505	4.445596	8.501840	12.484607	1.924616	0
conventional	ce931	483	0	27.043539	0	14	7	6.163732	0.624803	16.299971	3.955033	0	0
conventional	ce932	483	1.090831	45.481198	1	14	7	10.725867	4.207384	24.780274	5.767673	0	0
conventional	ce933	483	0	25.965477	0	14	7	5.839089	1.955520	13.119825	5.051043	0	0
conventional	ce934	483	1.046677	42.251093	1	14	7	8.605532	6.436819	19.981644	7.227098	0	0
conventional	ce935	483	0	34.537824	0	14	7	8.262209	5.435311	16.232558	4.607746	1.874742	0
holistic	he830	484	0	0	0	0	3	0	0	0	0	0	0.026712
holistic	he831	484	0	0	0	0	0	0	0	0	0	0	0
holistic	he832	484	0	0	0	0	3	0	0	0	0	0	0.469464
holistic	he833	484	0	0	0	0	0	0	0	0	0	0	0
holistic	he834	484	0	0	0	0	3	0	0	0	0	0	0.792567
holistic	he835	484	0	0	0	0	6	0	0	0	0	0	0
conventional	ce936	484	0	38.388789	0	14	7	6.872208	6.663805	17.025402	7.827374	1.382665	0
conventional	ce937	484	0	17.941193	0	14	7	0.810672	2.814859	9.435091	4.880571	1.924616	0
conventional	ce938	484	0	17.526425	0	14	7	0.793830	2.907254	10.178649	3.646692	0	0
conventional	ce939	484	0.807392	34.967674	1	14	7	2.931641	3.893870	20.149170	7.992993	0	0
holistic	he836	485	0	0	0	0	4	0	0	0	0	0	0.481928
conventional	ce940	485	0	31.148805	0	14	7	6.623858	7.826103	11.740383	4.958461	2.288776	0
conventional	ce941	485	1.090831	26.231047	1	14	7	1.810848	2.576152	14.810089	7.033958	0	0
conventional	ce942	485	0	24.689344	0	14	7	5.406784	2.655256	13.629026	2.998278	0	0
conventional	ce943	485	0	39.527745	0	14	7	6.699655	7.966109	18.622212	6.239769	0.908471	0
conventional	ce944	485	0	47.294086	0	14	7	9.587954	3.755991	24.430234	9.519907	0	0
conventional	ce945	485	0	54.075125	0	14	7	11.835893	4.651511	14.113560	23.474161	2.333049	0
conventional	ce946	486	1.134738	37.641926	1	14	7	4.945584	6.516632	15.174967	11.004743	0	0
conventional	ce947	486	1.046677	32.553459	1	14	7	4.009474	4.233774	11.872585	12.437626	0	0
conventional	ce948	486	0	32.749482	0	14	7	6.678058	3.133522	17.533031	5.404871	0	0
conventional	ce949	486	1.090831	32.926360	1	14	7	3.378748	4.926895	12.280201	12.340516	0	0
holistic	he837	487	0	0	0	0	3	0	0	0	0	0	0
holistic	he838	487	0	0	0	0	3	0	0	0	0	0	0.515432
conventional	ce950	487	1.418854	32.977021	1	14	7	10.514831	1.764203	18.677126	2.020861	0	0
conventional	ce951	487	0	33.240956	0	14	7	6.463050	5.974002	10.984685	9.819219	2.040998	0
conventional	ce952	487	0	29.833658	0	14	7	6.647186	2.537125	15.889645	4.759702	0	0
conventional	ce953	487	0	31.727845	0	14	7	7.443052	4.713148	16.016481	3.555164	1.874742	0
holistic	he839	488	0	0	0	0	3	0	0	0	0	0	1.158981
holistic	he840	488	0	0	0	0	3	0	0	0	0	0	0.796848
holistic	he841	488	0	0	0	0	3	0	0	0	0	0	0.481928
holistic	he842	488	0	0	0	0	4	0	0	0	0	0	0.481928
conventional	ce954	488	0.313774	41.982147	1	14	7	10.366567	2.801508	21.067863	7.746209	1.507396	0
conventional	ce955	489	1.046677	38.002824	1	14	7	4.633381	5.922004	14.429712	13.017727	0	0
conventional	ce956	489	0	30.321704	0	14	7	3.276863	7.854209	10.161621	9.029011	1.445068	0
conventional	ce957	489	1.046677	29.735359	1	14	7	5.132029	1.693687	15.312318	7.597325	0	0
conventional	ce958	489	1.090831	32.971984	1	14	7	4.624404	3.963940	12.512201	11.871439	0	0
conventional	ce959	489	1.318445	19.225485	1	14	7	3.121457	2.652211	6.104009	7.347808	0	0
holistic	he843	490	0	0	0	0	0	0	0	0	0	0	0
conventional	ce960	490	0	31.607328	0	14	7	3.448408	6.041755	11.976634	10.140531	1.571296	0
conventional	ce961	490	0	29.421042	0	14	7	4.585471	4.521747	12.099058	8.214766	1.874742	0
holistic	he844	491	0	0	0	0	3	0	0	0	0	0	0.529485
holistic	he845	491	0	0	0	0	6	0	0	0	0	0	0
holistic	he846	491	0	0	0	0	1	0	0	0	0	0	0.606809
holistic	he847	491	0	0	0	0	3	0	0	0	0	0	0.792567
holistic	he848	492	0	0	0	0	6	0	0	0	0	0	0
conventional	ce962	493	0.965390	19.861758	1	14	7	1.564194	5.447786	9.677197	3.172581	0	0
holistic	he849	494	0.074254	0.074254	1	1	3	0	0	0.074254	0	0	0.117681
holistic	he850	494	0	0	0	0	3	0	0	0	0	0	0.481928
conventional	ce963	494	0	54.628786	0	14	7	11.989453	9.912642	16.920832	15.805859	1.305723	0
conventional	ce964	494	0	31.067758	0	14	7	3.485853	3.978393	12.364152	11.239360	0	0
conventional	ce965	494	1.090831	17.226086	1	14	7	2.453188	1.480669	7.012623	6.279606	0	0
conventional	ce966	494	0	38.921362	0	14	7	8.574281	5.374017	18.710333	6.262731	2.034867	0
holistic	he851	495	0	0	0	0	0	0	0	0	0	0	0
conventional	ce967	495	1.046677	37.256305	1	14	7	4.857998	5.264581	13.624014	13.509712	0	0
conventional	ce968	495	0.467260	39.828705	1	14	7	8.081711	5.264815	12.269349	14.212830	0	0
conventional	ce969	495	0	32.013719	0	14	7	7.214472	1.960636	19.407860	3.430751	0.118679	0
holistic	he852	496	0	0	0	0	6	0	0	0	0	0	2.437706
holistic	he853	496	0	0	0	0	3	0	0	0	0	0	0.000445
conventional	ce970	496	0	35.880436	0	14	7	3.923190	0.274974	19.716128	11.966144	1.461125	0
conventional	ce971	496	1.038118	18.814114	1	14	7	1.993612	2.509584	9.223789	5.087129	0	0
conventional	ce972	496	0	26.455461	0	14	7	3.602966	3.630438	12.222657	6.999400	0.517485	0
conventional	ce973	497	0	29.755663	0	14	7	2.409026	3.412125	17.472821	6.461691	0	0
conventional	ce974	497	3.194673	44.570392	2	14	7	11.356784	2.744787	19.513629	10.955192	0.206579	0
conventional	ce975	497	0.697425	16.432018	1	14	7	2.207954	2.561633	7.952265	3.710166	0	0
conventional	ce976	497	1.258687	42.378413	1	14	7	12.220580	3.608832	22.919336	3.629665	0	0
holistic	he854	498	0	0	0	0	3	0	0	0	0	0	1.088041
conventional	ce977	498	2.587312	32.366981	1	14	7	2.607742	2.617074	18.509754	8.632411	0	0
conventional	ce978	498	0.420090	33.015620	1	14	7	9.165481	4.253374	14.695317	4.901448	0	0
conventional	ce979	498	1.318445	29.860810	1	14	7	7.637905	4.104118	15.005934	3.112853	0	0
conventional	ce980	499	1.208476	40.247180	1	14	7	6.661607	6.320232	15.196666	12.068675	0	0
conventional	ce981	499	1.046677	36.014954	1	14	7	5.296136	5.335651	13.031980	12.351187	0	0
conventional	ce982	499	1.318445	20.698187	1	14	7	2.737501	3.994265	7.011598	6.954823	0	0
conventional	ce983	499	0	36.214570	0	14	7	6.522160	4.134961	18.653618	6.903831	0	0
conventional	ce984	501	0	24.986073	0	14	7	5.778509	6.459220	9.760447	2.987897	2.288776	0
conventional	ce985	501	0	43.480696	0	14	7	11.209669	5.267012	21.349571	5.654444	2.244647	0
conventional	ce986	501	1.418854	31.412389	1	14	7	9.455713	1.173515	16.084427	4.698734	0	0
conventional	ce987	503	3.194673	38.706248	2	14	7	10.544225	3.517281	20.226812	4.417930	0.329266	0
conventional	ce988	503	0.832166	29.981314	1	14	7	6.997859	7.145616	12.685289	3.152550	0	0
conventional	ce989	503	0	9.510637	0	14	7	1.030676	1.153315	4.598032	2.728614	0	0
holistic	he855	504	0	0	0	0	2	0	0	0	0	0	0
conventional	ce990	504	1.418854	26.996335	1	14	7	3.660837	2.248734	13.142549	7.944215	0	0
conventional	ce991	504	1.090831	43.334587	1	14	7	9.387572	3.469751	21.314909	9.162355	0	0
holistic	he856	505	0	0	0	0	6	0	0	0	0	0	2.437706
conventional	ce992	505	0	30.405641	0	14	7	7.216955	1.885325	16.658539	4.644822	0	0
holistic	he857	506	0	0	0	0	5	0	0	0	0	0	0.026712
holistic	he858	506	0	0	0	0	2	0	0	0	0	0	0.525341
holistic	he859	506	0	0	0	0	3	0	0	0	0	0	1.064678
holistic	he860	506	0	0	0	0	3	0	0	0	0	0	2.951928
conventional	ce993	506	1.090831	43.957951	1	14	7	10.956733	2.967174	23.603069	6.430975	0	0
conventional	ce994	506	0	48.689685	0	14	7	13.543546	9.172075	18.774188	7.199876	1.874742	0
holistic	he861	507	0	0	0	0	0	0	0	0	0	0	0
holistic	he862	507	0	0	0	0	3	0	0	0	0	0	0.051300
conventional	ce995	507	0	29.035310	0	14	7	3.331436	3.823457	11.102762	10.777655	0	0
holistic	he863	508	0	0	0	0	3	0	0	0	0	0	0.469464
holistic	he864	509	1.411540	1.411540	1	1	3	0	0	1.411540	0	0	1.218853
holistic	he865	509	0	0	0	0	6	0	0	0	0	0	0
holistic	he866	510	0	0	0	0	2	0	0	0	0	0	0.026712
holistic	he867	510	0	0	0	0	3	0	0	0	0	0	0
holistic	he868	510	0	0	0	0	6	0	0	0	0	0	1.584666
conventional	ce996	510	1.090831	29.195188	1	14	7	2.144221	4.081405	16.773793	6.195769	0	0
conventional	ce997	510	1.090831	31.002013	1	14	7	7.927083	5.780696	12.232854	5.061380	1.578731	0
holistic	he869	511	0	0	0	0	3	0	0	0	0	0	0.792567
holistic	he870	511	0	0	0	0	3	0	0	0	0	0	0.345494
conventional	ce998	511	0	27.230679	0	14	7	6.193309	1.585984	15.178560	4.272826	0	0
conventional	ce999	511	1.090831	27.886074	1	14	7	3.120167	3.659792	14.361646	6.744469	0	0
conventional	ce1000	512	0.583875	53.286165	1	14	7	11.027299	3.159664	28.944893	10.154309	0	0
conventional	ce1001	513	1.038118	19.289384	1	14	7	2.282809	2.625658	9.136172	5.244745	0	0
holistic	he871	514	0	0	0	0	3	0	0	0	0	0	0.469464
holistic	he872	514	0	0	0	0	3	0	0	0	0	0	7.619043
conventional	ce1002	514	1.418854	39.033414	1	14	7	10.411689	1.958091	17.261088	9.402546	0	0
holistic	he873	515	0	0	0	0	0	0	0	0	0	0	0
holistic	he874	515	2.216311	2.216311	1	1	3	0	0	2.216311	0	0	0.117681
conventional	ce1003	515	1.199387	34.464708	1	14	7	10.628549	1.764203	16.805050	5.266906	0	0
conventional	ce1004	515	0	19.351327	0	14	7	0.528952	3.114308	11.702630	4.005437	2.033090	0
holistic	he875	516	0	0	0	0	3	0	0	0	0	0	0.529485
holistic	he876	517	0	0	0	0	0	0	0	0	0	0	0
holistic	he877	517	0	0	0	0	3	0	0	0	0	0	1.515384
holistic	he878	517	0	0	0	0	3	0	0	0	0	0	1.255875
conventional	ce1005	517	1.478836	22.412192	1	14	7	2.398640	4.037491	7.081713	8.894348	0.121093	0
conventional	ce1006	517	1.090831	33.809194	1	14	7	4.184961	4.007028	12.391182	13.226023	0	0
conventional	ce1007	518	1.459611	49.287121	1	14	7	9.012444	3.280397	25.957331	11.036949	0	0
conventional	ce1008	518	3.194673	36.859785	2	14	7	9.476046	2.850530	19.080354	5.452855	0.329266	0
holistic	he879	519	0	0	0	0	3	0	0	0	0	0	1.088041
holistic	he880	519	0	0	0	0	0	0	0	0	0	0	0
holistic	he881	519	0	0	0	0	2	0	0	0	0	0	0.026712
holistic	he882	519	0	0	0	0	3	0	0	0	0	0	0
conventional	ce1009	520	1.090831	43.818112	1	14	7	10.019242	6.343139	20.105979	7.349752	0	0
conventional	ce1010	520	1.827747	40.993838	1	14	7	5.174345	4.692556	14.760619	16.366318	0	0
holistic	he883	521	0	0	0	0	12	0	0	0	0	0	1.546020
conventional	ce1011	521	0	37.926757	0	14	7	6.812659	6.743249	18.561821	5.809028	0.908471	0
conventional	ce1012	521	0.696406	30.662518	1	14	7	6.908405	7.702537	10.813998	5.237578	0	0
conventional	ce1013	522	2.103842	28.647122	1	14	7	8.651114	7.518922	8.946919	3.530167	0.329266	0
holistic	he884	523	0	0	0	0	3	0	0	0	0	0	0.228126
holistic	he885	523	0	0	0	0	3	0	0	0	0	0	0.026712
conventional	ce1014	523	0	20.430170	0	14	7	2.633042	2.882889	9.734746	5.179493	0.517485	0
holistic	he886	525	0	0	0	0	0	0	0	0	0	0	0
holistic	he887	525	0	0	0	0	0	0	0	0	0	0	0
holistic	he888	525	0	0	0	0	3	0	0	0	0	0	0
conventional	ce1015	525	0	32.712444	0	14	7	9.555294	2.694914	14.984095	5.478141	0.512197	0
conventional	ce1016	525	0	18.069952	0	14	7	3.546848	1.027914	5.937223	7.557967	0	0
conventional	ce1017	525	0.741799	32.495581	1	14	7	3.204191	3.138100	19.557519	6.595771	0	0
holistic	he889	526	0	0	0	0	6	0	0	0	0	0	3.447096
conventional	ce1018	526	0	35.449506	0	14	7	4.223134	2.896169	16.484583	11.845620	0	0
holistic	he890	527	0	0	0	0	0	0	0	0	0	0	0
conventional	ce1019	527	1.090831	31.144205	1	14	7	4.975603	3.341752	15.577076	7.249774	1.578731	0
conventional	ce1020	527	0	38.685959	0	14	7	3.827834	0.229782	20.399704	14.228639	1.461125	0
conventional	ce1021	528	0.987200	55.802197	1	14	7	9.730857	4.512296	32.986134	8.572910	0	0
conventional	ce1022	528	3.194673	44.099631	2	14	7	11.318029	2.097764	20.912799	9.771039	0.206579	0
holistic	he891	529	0	0	0	0	8	0	0	0	0	0	0.528378
holistic	he892	529	0	0	0	0	6	0	0	0	0	0	2.317962
conventional	ce1023	529	0	35.226790	0	14	7	7.200265	4.988209	18.585601	4.452715	1.874742	0
holistic	he893	530	0	0	0	0	0	0	0	0	0	0	0
holistic	he894	530	0	0	0	0	3	0	0	0	0	0	0
conventional	ce1024	530	0	24.481793	0	14	7	3.004677	2.491074	10.981608	8.004434	0.517485	0
conventional	ce1025	530	1.090831	50.703700	1	14	7	12.258385	4.265556	28.873224	5.306535	0.690163	0
holistic	he895	531	0	0	0	0	5	0	0	0	0	0	0.026712
holistic	he896	531	0	0	0	0	3	0	0	0	0	0	1.297264
holistic	he897	532	0	0	0	0	0	0	0	0	0	0	0
holistic	he898	533	0	0	0	0	3	0	0	0	0	0	1.340731
holistic	he899	533	0	0	0	0	4	0	0	0	0	0	0.228126
holistic	he900	534	0	0	0	0	3	0	0	0	0	0	0.136241
holistic	he901	535	0	0	0	0	5	0	0	0	0	0	0.026712
conventional	ce1026	535	3.194673	45.657207	2	14	7	11.314762	2.077253	21.112121	11.153071	0.738395	0
conventional	ce1027	535	0	34.852217	0	14	7	8.889313	9.898721	13.238466	2.825717	0.908471	0
conventional	ce1028	535	3.194101	34.531769	2	14	7	7.496243	2.765528	19.215601	5.054397	0.329266	0
holistic	he902	536	0	0	0	0	3	0	0	0	0	0	0.469464
conventional	ce1029	536	0.467260	34.035971	1	14	7	7.171151	4.132922	9.686612	13.045286	0	0
holistic	he903	537	0	0	0	0	2	0	0	0	0	0	0.026712
holistic	he904	537	0	0	0	0	3	0	0	0	0	0	0
conventional	ce1030	537	0	17.275113	0	14	7	0.971140	1.700167	9.369836	5.233970	1.924616	0
holistic	he905	538	0	0	0	0	3	0	0	0	0	0	0.228126
holistic	he906	539	0	0	0	0	3	0	0	0	0	0	0.792567
holistic	he907	540	0	0	0	0	3	0	0	0	0	0	0
holistic	he908	540	0	0	0	0	0	0	0	0	0	0	0
holistic	he909	540	0	0	0	0	2	0	0	0	0	0.587446	0.026712
holistic	he910	540	0	0	0	0	0	0	0	0	0	0	0.792567
holistic	he911	540	0	0	0	0	3	0	0	0	0	0	1.515384
conventional	ce1031	540	0	33.395815	0	14	7	6.145954	4.006671	17.238945	6.004245	1.924616	0
conventional	ce1032	540	1.090831	45.473028	1	14	7	9.920924	3.713235	20.747103	11.091766	0	0
holistic	he912	541	0	0	0	0	4	0	0	0	0	0	0.051300
conventional	ce1033	541	0.467260	28.161681	1	14	7	5.116131	3.724966	8.035261	11.285323	0	0
conventional	ce1034	541	1.090831	42.546732	1	14	7	11.285737	2.701022	21.457130	7.102843	0	0
conventional	ce1035	542	0	30.982582	0	14	7	4.571744	5.979314	11.315913	9.115611	0.390707	0
conventional	ce1036	542	1.090831	23.802230	1	14	7	2.256916	5.060449	10.536931	5.947934	0	0
conventional	ce1037	542	1.038913	45.543286	1	14	7	11.390677	2.910100	23.848514	7.393995	0	0
conventional	ce1038	543	1.090831	28.859088	1	14	7	7.647059	5.348536	10.830614	5.032879	1.578731	0
conventional	ce1039	543	1.418854	35.641264	1	14	7	9.857155	3.262916	20.053392	2.467801	0	0
conventional	ce1040	543	0	46.591218	0	14	7	10.993859	3.714926	25.868051	6.014382	0.908471	0
conventional	ce1041	543	0	30.424342	0	14	7	2.590452	4.394820	16.311380	7.127690	0	0
holistic	he913	544	0	0	0	0	0	0	0	0	0	0	0
holistic	he914	544	0	0	0	0	3	0	0	0	0	0	0.792567
holistic	he915	544	0	0	0	0	3	0	0	0	0	0	0.469464
holistic	he916	544	0	0	0	0	3	0	0	0	0	0	0.136241
holistic	he917	544	0	0	0	0	3	0	0	0	0	0	0
conventional	ce1042	544	1.418854	37.880059	1	14	7	11.250702	2.357020	21.935211	2.337126	0	0
conventional	ce1043	544	0.832166	31.491083	1	14	7	6.855001	7.816851	11.964377	4.854854	0	0
conventional	ce1044	544	1.172953	21.786386	1	14	7	2.706059	2.277874	10.434332	6.368121	0	0
holistic	he918	545	0	0	0	0	3	0	0	0	0	0	0
conventional	ce1045	545	1.827747	42.471716	1	14	7	4.718613	4.963959	16.564248	16.224896	0	0
conventional	ce1046	545	0	35.690293	0	14	7	4.633491	4.027285	13.989219	13.040298	0	0
conventional	ce1047	546	0	43.974126	0	14	7	9.210387	9.537503	17.719892	7.506344	0.517485	0
conventional	ce1048	546	1.090831	51.449830	1	14	7	10.189866	3.653203	30.013864	7.592897	0.690163	0
conventional	ce1049	546	0	38.202235	0	14	7	5.099138	4.036319	15.346831	13.719947	0	0
conventional	ce1050	546	0	49.199028	0	14	7	10.344074	4.583728	27.403863	6.867363	0.908471	0
holistic	he919	547	0	0	0	0	3	0	0	0	0	0	0
conventional	ce1051	547	0	33.141347	0	14	7	3.372617	4.475873	18.774564	6.518293	0	0
conventional	ce1052	547	0.467260	29.770771	1	14	7	5.236620	4.386887	7.863647	12.283617	0	0
conventional	ce1053	547	0.457371	29.035031	1	14	7	3.803169	3.656169	12.080132	9.495561	0.121093	0
conventional	ce1054	547	1.038118	17.036137	1	14	7	1.203585	2.536598	7.863209	5.432745	0	0
holistic	he920	548	0	0	0	0	2	0	0	0	0	0	0.026712
holistic	he921	548	0	0	0	0	6	0	0	0	0	0	0.938928
holistic	he922	548	0	0	0	0	0	0	0	0	0	0	0
conventional	ce1055	548	1.827747	42.327930	1	14	7	3.615496	4.830931	17.946752	15.934751	0	0
conventional	ce1056	549	3.194673	32.356347	2	14	7	7.019036	4.292006	16.390300	4.655005	0.512788	0
conventional	ce1057	549	1.827747	38.073834	1	14	7	4.418286	4.723359	14.785085	14.147104	0	0
conventional	ce1058	549	0	29.155954	0	14	7	6.469959	2.278244	16.480593	3.927158	0	0
conventional	ce1059	549	1.090831	29.365002	1	14	7	2.664674	4.642908	13.505833	8.551587	0.073248	0
holistic	he923	550	0	0	0	0	0	0	0	0	0	0	0
conventional	ce1060	550	0	39.465002	0	14	7	10.666191	3.933387	21.398455	3.466969	0	0
conventional	ce1061	550	0.155821	30.621123	1	14	7	4.590089	8.275477	10.438792	7.316765	0	0
holistic	he924	551	0	0	0	0	3	0	0	0	0	0	0
holistic	he925	551	0	0	0	0	3	0	0	0	0	0	0
holistic	he926	551	0	0	0	0	2	0	0	0	0	0	0
holistic	he927	551	0	0	0	0	3	0	0	0	0	0	8.677308
holistic	he928	552	0	0	0	0	3	0	0	0	0	0	0.469464
holistic	he929	552	0	0	0	0	3	0	0	0	0	0	0.469464
conventional	ce1062	552	0	42.195916	0	14	7	5.499412	3.644235	19.690313	13.361956	0.908471	0
conventional	ce1063	552	1.701687	24.801632	2	14	7	2.277850	5.128366	7.418256	9.977160	0.121093	0
holistic	he930	554	0	0	0	0	0	0	0	0	0	0	0
holistic	he931	554	0	0	0	0	0	0	0	0	0	0	0
holistic	he932	554	0	0	0	0	0	0	0	0	0	0	0
conventional	ce1064	554	2.510027	33.283007	1	14	7	6.855001	7.078830	12.336253	7.012923	0	0
holistic	he933	555	0	0	0	0	6	0	0	0	0	0	0
holistic	he934	555	0	0	0	0	3	0	0	0	0	0	0.891434
conventional	ce1065	555	0	52.729124	0	14	7	9.823838	4.173316	30.665102	8.066868	0.908471	0
holistic	he935	556	0	0	0	0	0	0	0	0	0	0	0
holistic	he936	556	0	0	0	0	3	0	0	0	0	0	1.088041
holistic	he937	556	0	0	0	0	2	0	0	0	0	0	0.024911
conventional	ce1066	556	0	35.407763	0	14	7	6.455424	3.819542	16.341164	8.791633	1.924616	0
conventional	ce1067	556	0.813808	28.009400	1	14	7	4.250386	3.456990	8.759322	11.542702	0	0
conventional	ce1068	556	1.418854	40.823290	1	14	7	8.928956	3.921097	22.146793	5.826444	0	0
conventional	ce1069	556	2.103842	30.022456	1	14	7	9.816318	7.768179	10.279932	2.158027	0.329266	0
conventional	ce1070	557	0.931854	36.392066	1	14	7	11.658967	1.923681	14.977831	7.831587	0	0
conventional	ce1071	557	1.038118	17.102280	1	14	7	2.763418	2.756442	6.983983	4.598437	0	0
conventional	ce1072	557	3.194673	38.641545	2	14	7	8.021701	3.062073	18.643956	8.913815	0.329266	0
holistic	he938	558	0	0	0	0	2	0	0	0	0	0	0
holistic	he939	558	0	0	0	0	12	0	0	0	0	0	1.546020
holistic	he940	558	0	0	0	0	4	0	0	0	0	0	0.044596
conventional	ce1073	558	1.090831	30.838719	1	14	7	1.028431	5.062611	15.317915	9.429762	0.073248	0
conventional	ce1074	558	0	49.230155	0	14	7	7.381361	5.945039	28.920732	6.983023	0.908471	0
conventional	ce1075	558	0	29.273387	0	14	7	0.947731	1.504497	16.599925	10.221234	1.461125	0
conventional	ce1076	558	0	20.418574	0	14	7	0.735876	1.606069	10.999884	7.076745	1.924616	0
conventional	ce1077	558	0.301821	27.691200	1	14	7	5.787669	6.557043	11.509035	3.837453	0	0
holistic	he941	559	0	0	0	0	3	0	0	0	0	0	0
holistic	he942	559	0	0	0	0	3	0	0	0	0	0	0.228126
conventional	ce1078	559	1.084502	15.512185	1	14	7	1.473064	1.675333	8.147037	4.216751	0	0
holistic	he943	561	0	0	0	0	2	0	0	0	0	0	0.136241
conventional	ce1079	561	1.090831	46.361103	1	14	7	13.572900	5.818714	21.192930	5.776559	0.823970	0
conventional	ce1080	562	0.639681	19.816579	1	14	7	1.992468	2.471722	9.570385	5.782004	0	0
conventional	ce1081	563	1.418854	35.992354	1	14	7	7.830677	3.961613	18.545699	5.654365	0	0
conventional	ce1082	563	0	30.329514	0	14	7	0.950334	1.601988	17.318519	10.458673	1.461125	0
holistic	he944	564	0	0	0	0	6	0	0	0	0	0	0.051300
holistic	he945	565	0	0	0	0	0	0	0	0	0	0	0
holistic	he946	565	0	0	0	0	6	0	0	0	0	0	0
holistic	he947	565	0	0	0	0	3	0	0	0	0	0	0.429266
conventional	ce1083	565	1.060932	15.038908	1	14	7	1.064398	1.028246	9.426556	3.519708	0	0
holistic	he948	566	0	0	0	0	0	0	0	0	0	0	0.264189
holistic	he949	566	0	0	0	0	3	0	0	0	0	0	0
conventional	ce1084	566	1.701687	23.629857	2	14	7	2.236561	4.987260	6.426181	9.979855	0.121093	0
holistic	he950	567	0	0	0	0	2	0	0	0	0	0.304097	0.026712
holistic	he951	567	0	0	0	0	3	0	0	0	0	0	0.026712
conventional	ce1085	567	1.090831	32.919072	1	14	7	5.801747	3.469460	10.232748	13.415117	0	0
conventional	ce1086	567	0	33.373116	0	14	7	1.678569	5.751944	18.324860	7.617743	0	0
holistic	he952	568	0	0	0	0	0	0	0	0	0	0	0
holistic	he953	569	0	0	0	0	3	0	0	0	0	0	0.328601
holistic	he954	569	0	0	0	0	6	0	0	0	0	0	0.228126
holistic	he955	570	0	0	0	0	8	0	0	0	0	0	0.528378
holistic	he956	570	0	0	0	0	0	0	0	0	0	0	0
holistic	he957	570	0	0	0	0	6	0	0	0	0	0	0
conventional	ce1087	570	1.090831	31.403247	1	14	7	2.176033	4.921274	14.450071	9.855869	0.073248	0
holistic	he958	571	0	0	0	0	3	0	0	0	0	0	0
holistic	he959	571	0	0	0	0	3	0	0	0	0	0	7.321674
conventional	ce1088	571	3.194673	14.499127	2	14	7	3.423973	0.852504	5.588582	4.634068	0.329266	0
conventional	ce1089	571	1.865929	28.962778	2	14	7	2.234184	4.982603	9.856572	11.889419	0.094894	0
conventional	ce1090	572	0.647745	15.888291	1	14	7	1.229673	1.700167	9.419079	3.539372	1.924616	0
conventional	ce1091	572	0.221367	28.671270	1	14	7	7.120356	4.772786	14.327838	2.450290	0	0
conventional	ce1092	573	0	44.577783	0	14	7	5.982677	6.124410	25.717001	6.753695	0.908471	0
holistic	he960	574	0	0	0	0	2	0	0	0	0	0	0.044596
holistic	he961	574	0	0	0	0	0	0	0	0	0	0	0
holistic	he962	574	0	0	0	0	2	0	0	0	0	0	0.136241
holistic	he963	574	0	0	0	0	2	0	0	0	0	0	0.026712
conventional	ce1093	574	0.832166	27.868393	1	14	7	6.657435	7.074327	7.794159	6.342472	0	0
conventional	ce1094	574	0	38.111463	0	14	7	7.150713	4.295350	13.846870	12.818530	0	0
holistic	he964	576	0	0	0	0	3	0	0	0	0	0	0
holistic	he965	576	0	0	0	0	3	0	0	0	0	0	0
holistic	he966	576	0	0	0	0	0	0	0	0	0	0	0
holistic	he967	577	0	0	0	0	0	0	0	0	0	0	0
holistic	he968	577	0	0	0	0	0	0	0	0	0	0	0
holistic	he969	577	0	0	0	0	6	0	0	0	0	0	0.051300
holistic	he970	577	0	0	0	0	2	0	0	0	0	0	0.351941
conventional	ce1095	577	1.090831	39.156106	1	14	7	11.626401	3.010032	19.849310	4.670363	0	0
holistic	he971	578	0	0	0	0	3	0	0	0	0	0	0.026712
holistic	he972	578	0	0	0	0	2	0	0	0	0	0	0.121970
conventional	ce1096	578	1.090831	27.844065	1	14	7	3.634180	5.132830	11.390457	7.686598	0.073248	0
holistic	he973	579	0	0	0	0	2	0	0	0	0	0	0.898030
holistic	he974	579	0	0	0	0	6	0	0	0	0	0	0
holistic	he975	579	0	0	0	0	2	0	0	0	0	0.587446	0.499138
holistic	he976	580	0	0	0	0	2	0	0	0	0	0	0.026712
conventional	ce1097	580	0.931854	45.272868	1	14	7	9.883592	2.834001	23.016539	9.538736	0	0
conventional	ce1098	580	1.827747	28.256790	1	14	7	2.971007	6.203400	9.305401	9.776982	0	0
holistic	he977	581	0	0	0	0	3	0	0	0	0	0	0.136241
holistic	he978	581	0	0	0	0	3	0	0	0	0	0	0
holistic	he979	581	0	0	0	0	3	0	0	0	0	0	0
conventional	ce1099	581	0.832166	30.045500	1	14	7	6.725871	6.725035	9.608694	6.985900	0.223833	0
conventional	ce1100	582	0.155821	27.102678	1	14	7	3.666973	7.105943	10.145739	6.184023	0	0
holistic	he980	583	0	0	0	0	2	0	0	0	0	0	0
holistic	he981	583	0	0	0	0	0	0	0	0	0	0	0
holistic	he982	583	0	0	0	0	3	0	0	0	0	0	0.298472
holistic	he983	583	0	0	0	0	2	0	0	0	0	0	0.351941
holistic	he984	584	0	0	0	0	3	0	0	0	0	0	0.370702
holistic	he985	585	0	0	0	0	2	0	0	0	0	0	0.157399
holistic	he986	585	0	0	0	0	3	0	0	0	0	0	0
conventional	ce1101	585	1.827747	36.955108	1	14	7	4.127778	6.207909	14.550993	12.068428	0	0
conventional	ce1102	586	0	41.761840	0	14	7	8.370396	3.120004	14.003083	16.268357	0	0
conventional	ce1103	586	2.510027	23.554246	1	14	7	3.267208	4.798355	9.438084	6.050599	0	0
conventional	ce1104	587	1.418854	32.637159	1	14	7	7.681939	2.887598	18.736141	3.331481	0	0
conventional	ce1105	588	2.030508	31.548744	2	14	7	5.206914	6.622387	7.793114	11.926329	0.121093	0
holistic	he987	589	0	0	0	0	3	0	0	0	0	0	0.469464
conventional	ce1106	589	0	30.094338	0	14	7	1.728170	1.476620	16.898573	9.990975	1.670099	0
holistic	he988	590	0	0	0	0	7	0	0	0	0	0	0.898110
conventional	ce1107	590	3.194101	44.940825	2	14	7	10.613490	1.512747	24.338891	8.475697	0.103837	0
conventional	ce1108	590	0	36.457556	0	14	7	2.423959	1.747051	20.309084	11.977462	1.470127	0
holistic	he989	591	0	0	0	0	6	0	0	0	0	0.249932	0
holistic	he990	591	0	0	0	0	3	0	0	0	0	0	0
holistic	he991	592	0	0	0	0	3	0	0	0	0	0	0.051300
holistic	he992	592	0	0	0	0	2	0	0	0	0	0	0
conventional	ce1109	592	0	19.929137	0	14	7	1.611355	2.562667	9.788951	5.966164	1.924616	0
holistic	he993	593	0	0	0	0	2	0	0	0	0	0	0.024911
holistic	he994	595	0	0	0	0	6	0	0	0	0	0.326322	0.469464
conventional	ce1110	595	0	39.724987	0	14	7	4.085436	4.302184	17.435233	13.902134	0.908471	0
conventional	ce1111	595	1.418854	16.429203	1	14	7	0.748112	1.832723	9.949802	3.898566	0	0
holistic	he995	596	0	0	0	0	0	0	0	0	0	0	0.012741
conventional	ce1112	596	0	44.314848	0	14	7	6.348921	3.423098	20.040589	14.502240	0	0
conventional	ce1113	596	0	33.985137	0	14	7	3.168709	5.041110	17.582472	8.192846	0	0
conventional	ce1114	596	1.701687	24.547683	2	14	7	3.244323	5.209136	6.687535	9.406689	0.497633	0
holistic	he996	597	0	0	0	0	0	0	0	0	0	0	0
conventional	ce1115	597	2.030508	44.516534	2	14	7	7.221478	4.460920	18.301516	14.532620	0.121093	0
holistic	he997	598	0	0	0	0	0	0	0	0	0	0	0
holistic	he998	599	0	0	0	0	0	0	0	0	0	0	0
conventional	ce1116	599	0	44.203632	0	14	7	9.149866	3.628309	14.943313	16.482144	0	0
conventional	ce1117	599	0	35.246668	0	14	7	6.677213	4.474351	14.576085	9.519019	1.107988	0
holistic	he999	600	0	0	0	0	5	0	0	0	0	0	0
holistic	he1000	600	0	0	0	0	2	0	0	0	0	0	0.351941
holistic	he1001	600	0	0	0	0	6	0	0	0	0	0	0
holistic	he1002	600	0	0	0	0	2	0	0	0	0	0	0
conventional	ce1118	600	0.318653	34.268643	1	14	7	10.961396	2.754404	13.498277	7.054566	0	0
conventional	ce1119	600	1.060932	16.896814	1	14	7	0.460003	1.311449	11.043176	4.082186	0	0
holistic	he1003	601	0	0	0	0	3	0	0	0	0	0	0.328601
holistic	he1004	601	0	0	0	0	3	0	0	0	0	0	0
holistic	he1005	601	0	0	0	0	2	0	0	0	0	0	0.024911
conventional	ce1120	601	1.090831	28.834943	1	14	7	4.199251	4.919330	12.455944	7.260418	0.201117	0
conventional	ce1121	601	0.136133	31.784076	1	14	7	3.602467	6.321843	16.934342	4.925424	0	0
conventional	ce1122	601	1.038118	17.456615	1	14	7	1.227415	3.859304	7.042123	5.327773	0	0
conventional	ce1123	601	0	29.165587	0	14	7	2.600358	3.765979	16.635683	6.163567	0	0
conventional	ce1124	602	0	28.554761	0	14	7	2.470783	4.230735	14.612637	7.240606	0	0
conventional	ce1125	602	0	40.527205	0	14	7	7.667569	3.335910	15.944571	13.579155	0	0
conventional	ce1126	602	1.038118	19.413649	1	14	7	0.936634	2.544086	11.666980	4.265949	0	0
holistic	he1006	603	0	0	0	0	5	0	0	0	0	0	0
conventional	ce1127	603	1.060932	17.549164	1	14	7	1.325938	0.859738	9.477923	5.885565	0	0
conventional	ce1128	603	1.380262	48.857005	1	14	7	7.191009	2.968850	30.017369	8.679777	0.690163	0
conventional	ce1129	603	0.931854	31.391577	1	14	7	10.440212	2.308652	10.396341	8.246372	0	0
conventional	ce1130	603	1.084502	16.867439	1	14	7	2.635703	1.464455	9.527313	3.239968	0	0
holistic	he1007	604	0	0	0	0	0	0	0	0	0	0	0
holistic	he1008	604	0	0	0	0	2	0	0	0	0	0	0.898030
holistic	he1009	604	0	0	0	0	4	0	0	0	0	0	0.044596
holistic	he1010	604	0	0	0	0	0	0	0	0	0	0	0
conventional	ce1131	604	0	51.202541	0	14	7	12.919934	5.761826	25.349728	7.171053	0.908471	0
conventional	ce1132	604	3.671898	23.274544	1	14	7	0.804929	1.610401	13.180704	7.678510	0	0
holistic	he1011	605	0	0	0	0	3	0	0	0	0	0	0
conventional	ce1133	605	1.418854	46.849236	1	14	7	12.146012	5.388452	12.424187	16.890585	0	0
conventional	ce1134	605	2.510027	32.375315	1	14	7	9.033628	4.138129	13.997303	5.206255	0	0
conventional	ce1135	605	0.385332	30.572219	1	14	7	5.224304	7.001875	10.901810	7.444230	0	0
conventional	ce1136	605	0.954626	14.804293	1	14	7	1.988210	5.071399	3.487651	4.257033	0.073248	0
conventional	ce1137	606	0.477952	28.503099	1	14	7	3.704705	3.048147	10.806887	10.943360	0	0
conventional	ce1138	606	1.060932	11.397854	1	14	7	0.420166	0.295919	5.649320	5.032449	1.417003	0
conventional	ce1139	606	0.647745	19.329081	1	14	7	1.073477	1.486755	11.761434	5.007415	0.967769	0
holistic	he1012	607	0	0	0	0	2	0	0	0	0	0	0
holistic	he1013	607	0	0	0	0	4	0	0	0	0	0	0.243940
conventional	ce1140	607	0.131841	30.584774	1	14	7	5.902658	6.637487	10.308766	7.735863	0	0
holistic	he1014	608	0	0	0	0	3	0	0	0	0	0	0.161904
holistic	he1015	608	0	0	0	0	0	0	0	0	0	0	0
holistic	he1016	608	0	0	0	0	3	0	0	0	0	0	0
holistic	he1017	608	0	0	0	0	3	0	0	0	0	0	0
conventional	ce1141	608	2.019533	31.863030	1	14	7	4.741863	6.822110	8.225745	12.073312	0	0
conventional	ce1142	608	1.060932	30.369349	1	14	7	5.561290	6.730393	8.492689	9.584977	0	0
conventional	ce1143	608	1.084502	21.175177	1	14	7	1.675796	2.115407	13.187534	4.196440	0	0
conventional	ce1144	608	0	25.425960	0	14	7	3.565324	3.740904	9.814716	8.305016	1.924616	0
conventional	ce1145	609	1.084502	46.494019	1	14	7	8.989528	4.473871	15.421122	17.609498	0	0
conventional	ce1146	609	1.038118	23.033832	1	14	7	3.700079	3.220347	10.610798	5.502608	0	0
conventional	ce1147	609	3.194673	13.436203	2	14	7	3.455842	0.921302	4.171105	4.887954	0.329266	0
holistic	he1018	611	0	0	0	0	4	0	0	0	0	0	0
holistic	he1019	611	0	0	0	0	6	0	0	0	0	0	0.585864
holistic	he1020	611	0	0	0	0	0	0	0	0	0	0	0
holistic	he1021	611	0	0	0	0	4	0	0	0	0	0	1.088041
holistic	he1022	611	0	0	0	0	2	0	0	0	0	0	0.557919
conventional	ce1148	611	0	32.375191	0	14	7	0.950334	2.953241	17.447294	11.024322	1.461125	0
holistic	he1023	612	0	0	0	0	3	0	0	0	0	0	0.228126
holistic	he1024	612	0	0	0	0	6	0	0	0	0	0	0
holistic	he1025	612	0	0	0	0	6	0	0	0	0	0	0
conventional	ce1149	612	0.136133	35.914492	1	14	7	3.904411	5.039731	21.907600	5.062750	0	0
conventional	ce1150	612	0	45.659499	0	14	7	9.983959	4.139906	17.695545	13.840089	0.820499	0
conventional	ce1151	613	0	27.526031	0	14	7	3.954389	2.504143	15.375758	5.691741	0	0
holistic	he1026	614	0	0	0	0	2	0	0	0	0	0	0.351941
holistic	he1027	614	0	0	0	0	6	0	0	0	0	0.083465	0
conventional	ce1152	614	0	34.212797	0	14	7	3.233641	2.271950	17.318519	11.388687	1.461125	0
conventional	ce1153	614	1.038118	17.181684	1	14	7	0.989107	2.072750	9.077370	5.042457	0	0
conventional	ce1154	614	0.301821	50.793169	1	14	7	9.913942	10.785533	23.362436	6.731258	0	0
holistic	he1028	615	0	0	0	0	5	0	0	0	0	0	0.038488
holistic	he1029	616	0	0	0	0	3	0	0	0	0	0	7.321674
holistic	he1030	616	0	0	0	0	0	0	0	0	0	0	0.004247
holistic	he1031	616	0	0	0	0	6	0	0	0	0	0	0
conventional	ce1155	616	0.832166	26.314317	1	14	7	6.096722	6.136666	7.152379	6.928550	0	0
conventional	ce1156	616	0.647745	19.313771	1	14	7	1.050443	1.574246	12.071376	4.617706	1.924616	0
conventional	ce1157	617	0	29.221382	0	14	7	2.074730	4.382547	17.506450	5.257655	0	0
conventional	ce1158	617	3.194101	44.497542	2	14	7	10.008417	1.962396	24.337098	8.189631	0.103837	0
conventional	ce1159	617	1.084502	16.894657	1	14	7	3.356204	2.044747	8.231741	3.261965	0	0
conventional	ce1160	617	3.019974	10.041870	2	14	7	1.240164	1.635916	3.952556	3.213234	0.329266	0
conventional	ce1161	617	0	32.938619	0	14	7	1.291208	5.218266	16.616748	9.812397	1.749597	0
holistic	he1032	618	0	0	0	0	0	0	0	0	0	0	0
conventional	ce1162	618	2.510027	26.632669	1	14	7	3.046051	6.554687	10.076775	6.955156	0	0
conventional	ce1163	618	1.038118	18.044396	1	14	7	0.963133	2.127930	11.709110	3.244223	0	0
conventional	ce1164	618	1.418854	19.250076	1	14	7	0.692353	2.283388	12.764403	3.509932	0	0
conventional	ce1165	618	0.931854	49.166002	1	14	7	11.940211	3.488577	22.778665	10.958549	0	0
conventional	ce1166	618	2.620455	12.240267	2	14	7	2.407540	0.921302	4.171105	4.740320	0.329266	0
holistic	he1033	619	0	0	0	0	0	0	0	0	0	0	0
holistic	he1034	619	0	0	0	0	3	0	0	0	0	0	0.100561
holistic	he1035	619	0	0	0	0	6	0	0	0	0	0.574992	0
conventional	ce1167	619	0.758848	8.601893	1	13	7	2.359427	0.877274	3.477297	1.887895	0	0
conventional	ce1168	619	1.090831	26.913814	1	14	7	2.944354	4.942484	11.503210	7.523766	0.073248	0
conventional	ce1169	619	0.460429	22.953361	1	14	7	2.891665	4.367094	8.100754	7.593848	0	0
holistic	he1036	620	0	0	0	0	6	0	0	0	0	0	0
conventional	ce1170	620	0	31.969120	0	14	7	3.524779	1.476620	16.701058	10.266663	1.670099	0
holistic	he1037	621	0	0	0	0	2	0	0	0	0	0	0.291169
conventional	ce1171	621	1.701687	24.616929	2	14	7	2.369541	5.241868	9.001819	8.003701	0.121093	0
conventional	ce1172	621	0	34.750078	0	14	7	6.206740	4.633890	13.298712	10.610736	2.043484	0
conventional	ce1173	621	0	29.254758	0	14	7	1.923476	3.756477	16.914814	6.659991	0	0
holistic	he1038	622	0	0	0	0	6	0	0	0	0	0	0
holistic	he1039	623	0	0	0	0	2	0	0	0	0	0	0.351941
holistic	he1040	623	0	0	0	0	2	0	0	0	0	0	0.121970
conventional	ce1174	623	0	35.819092	0	14	7	3.171172	2.213444	19.441634	10.992842	1.470127	0
conventional	ce1175	623	0.931854	43.766642	1	14	7	10.634972	2.461327	19.789150	10.881193	0	0
holistic	he1041	624	0	1.783414	0	2	2	1.783414	0	0	0	0	0
conventional	ce1176	624	0	50.125128	0	14	7	11.118257	5.372602	26.076093	7.558176	0.908471	0
holistic	he1042	625	0	0	0	0	6	0	0	0	0	0	0
holistic	he1043	625	0	0	0	0	4	0	0	0	0	0	0.254939
conventional	ce1177	625	3.003137	9.296241	2	14	7	1.160847	0.895026	3.765479	3.474889	0.329266	0
conventional	ce1178	625	1.038118	20.852678	1	14	7	1.532623	1.861635	11.230878	6.227542	0	0
holistic	he1044	626	0	0	0	0	2	0	0	0	0	0	0.691969
holistic	he1045	626	0	0	0	0	0	0	0	0	0	0	0
conventional	ce1179	626	0.832166	28.595189	1	14	7	5.733808	4.960244	10.925803	6.975334	0	0
holistic	he1046	627	0	0	0	0	3	0	0	0	0	0	7.321674
conventional	ce1180	627	0.832166	19.270630	1	14	7	4.026402	4.081965	5.282395	5.879868	0.223833	0
conventional	ce1181	627	1.038118	17.234570	1	14	7	0.453525	1.971292	12.372523	2.437230	0	0
conventional	ce1182	627	0.952001	28.011780	1	14	7	3.233577	6.098865	16.077398	2.601940	0	0
holistic	he1047	628	0	0	0	0	6	0	0	0	0	0	0.657202
holistic	he1048	628	0	0	0	0	6	0	0	0	0	0	0
holistic	he1049	629	0	0	0	0	2	0	0	0	0	0	0.121970
conventional	ce1183	629	3.671898	23.101408	1	14	7	0.433730	1.867743	12.338915	8.461020	0	0
holistic	he1050	630	0	0	0	0	2	0	0	0	0	0	1.097530
holistic	he1051	630	0	0	0	0	5	0	0	0	0	0	0.154232
holistic	he1052	630	0	0	0	0	3	0	0	0	0	0	0
conventional	ce1184	630	1.090831	23.346380	1	14	7	3.544142	4.508004	10.077516	5.216718	0.073248	0
holistic	he1053	631	0	0	0	0	3	0	0	0	0	0	0.476442
conventional	ce1185	631	3.194101	47.372565	2	14	7	10.850695	1.645169	26.318067	8.558634	0.103837	0
conventional	ce1186	631	0.832166	31.432865	1	14	7	5.691096	4.766655	14.249045	6.726069	0	0
holistic	he1054	632	0	0	0	0	3	0	0	0	0	0	0.612831
conventional	ce1187	633	0	30.680711	0	14	7	3.804205	7.078717	11.636557	8.161232	0	0
conventional	ce1188	633	0.931854	44.191018	1	14	7	9.872027	3.148922	21.798176	9.371893	0	0
holistic	he1055	634	0	0	0	0	10	0	0	0	0	0	0
holistic	he1056	634	0	0	0	0	2	0	0	0	0	0	0.121970
conventional	ce1189	634	0.527772	29.706835	1	14	7	4.317164	6.224395	11.690932	7.474344	0.262123	0
conventional	ce1190	634	3.056595	37.107817	1	14	7	3.352444	9.964762	12.296515	11.494096	0	0
conventional	ce1191	634	1.418854	17.822425	1	14	7	1.045306	1.982166	11.213680	3.581273	0	0
conventional	ce1192	635	1.038118	37.014895	1	14	7	2.860910	2.565042	17.901690	13.687253	0	0
conventional	ce1193	635	0.385332	30.509870	1	14	7	5.231562	6.429203	11.416036	7.433069	0.683195	0
holistic	he1057	636	0	0	0	0	0	0	0	0	0	0	0
conventional	ce1194	636	1.090831	27.655322	1	14	7	4.882828	4.469443	11.106238	7.196813	0.073248	0
holistic	he1058	637	0	0	0	0	6	0	0	0	0	0	0
holistic	he1059	637	0	0	0	0	2	0	0	0	0	0	0
conventional	ce1195	637	0.504211	24.290795	1	14	7	2.891665	4.367094	9.342435	7.689601	0	0
conventional	ce1196	637	0.419166	43.592263	1	14	7	9.060748	2.357987	21.254499	10.919029	0	0
holistic	he1060	638	0	0	0	0	2	0	0	0	0	0	0.191194
holistic	he1061	638	0	0	0	0	3	0	0	0	0	0	0
holistic	he1062	638	0	0	0	0	4	0	0	0	0	0	0
conventional	ce1197	638	0.991457	27.404829	1	14	7	3.679838	5.007250	15.788245	2.929496	0	0
conventional	ce1198	638	0	31.057056	0	14	7	6.283685	4.452730	11.662110	8.658531	1.107988	0
conventional	ce1199	638	1.501521	18.099775	1	14	7	0.453525	1.376318	12.573405	3.696527	0	0
holistic	he1063	639	0	0	0	0	3	0	0	0	0	0	0
holistic	he1064	639	0	0	0	0	4	0	0	0	0	0	0
holistic	he1065	639	0	0	0	0	3	0	0	0	0	0	0
conventional	ce1200	639	1.416574	18.893262	1	14	7	0.280375	2.126336	11.850879	4.635672	0	0
holistic	he1066	640	0	0	0	0	3	0	0	0	0	0.541777	2.330060
conventional	ce1201	640	3.487224	26.664957	1	14	7	3.396210	4.983886	9.614085	8.670776	0	0
holistic	he1067	641	0	0	0	0	2	0	0	0	0	0	0
holistic	he1068	641	2.562052	2.562052	2	2	8	0	0	2.562052	0	0	0
conventional	ce1202	641	0.954626	15.270089	1	14	7	2.205431	5.071399	4.100521	3.892738	0.073248	0
conventional	ce1203	641	0.136133	33.375649	1	14	7	3.494864	6.517353	18.005094	5.358338	0	0
conventional	ce1204	641	0.385332	42.827660	1	14	7	9.383944	2.272221	25.046484	6.125011	0	0
holistic	he1069	643	0	0	0	0	1	0	0	0	0	0	0.557919
holistic	he1070	643	0	0	0	0	6	0	0	0	0	0	0
holistic	he1071	643	0	0	0	0	6	0	0	0	0	0	0
holistic	he1072	644	0	0	0	0	6	0	0	0	0	0	0
holistic	he1073	645	0	0	0	0	4	0	0	0	0	0	0
conventional	ce1205	646	3.194673	37.832370	2	14	7	5.093784	6.936057	11.087826	14.714703	0.329266	0
conventional	ce1206	646	1.090831	32.218915	1	14	7	5.407218	7.054932	11.389670	8.367095	0.073248	0
holistic	he1074	647	0	0	0	0	3	0	0	0	0	0	0
conventional	ce1207	647	3.019974	9.099476	2	14	7	1.062193	0.620282	3.545424	3.871577	0.329266	0
conventional	ce1208	647	1.418854	15.886684	1	14	7	0.758282	1.451509	10.025397	3.651496	0	0
conventional	ce1209	648	1.095502	8.693740	1	13	7	0.131898	0.463042	6.031595	2.067205	0	0
conventional	ce1210	648	1.501521	27.268481	1	14	7	1.409859	2.210456	17.826137	5.822029	0	0
conventional	ce1211	649	0.748200	19.109664	1	14	7	1.372416	1.727378	11.712395	4.297475	0	0
conventional	ce1212	649	0.991457	28.409128	1	14	7	3.975064	4.756444	16.261478	3.416142	0	0
conventional	ce1213	650	1.038118	16.178256	1	14	7	0.958486	1.491664	8.839286	4.888820	0	0
conventional	ce1214	650	1.038118	16.105144	1	14	7	0.967786	2.471377	10.987861	1.678120	0	0
holistic	he1075	651	0	0	0	0	3	0	0	0	0	0	0.161904
holistic	he1076	651	0	0	0	0	2	0	0	0	0	0	0
conventional	ce1215	651	0.136133	34.680204	1	14	7	4.430396	7.307347	18.499291	4.443170	0	0
holistic	he1077	652	0	0	0	0	0	0	0	0	0	0	0
holistic	he1078	652	0	0	0	0	3	0	0	0	0	0	7.321674
holistic	he1079	653	0	0	0	0	4	0	0	0	0	0	0.351941
conventional	ce1216	653	0	32.195684	0	14	7	6.343851	4.563675	11.595139	9.693019	2.043484	0
conventional	ce1217	654	2.103270	22.853040	1	14	7	4.654861	1.138165	10.716364	6.343650	0.280093	0
holistic	he1080	655	0	0	0	0	3	0	0	0	0	0	7.340301
holistic	he1081	655	0	0	0	0	3	0	0	0	0	0	0
conventional	ce1218	655	0.748200	18.623601	1	14	7	1.281746	1.420846	10.262503	5.658506	0	0
conventional	ce1219	655	1.052813	35.299788	1	14	7	2.382863	6.378212	16.792005	9.746708	1.241253	0
holistic	he1082	656	0	0	0	0	3	0	0	0	0	0	0
holistic	he1083	656	0	0	0	0	3	0	0	0	0	0	0.228126
holistic	he1084	656	0	0	0	0	2	0	0	0	0	0	0.121970
holistic	he1085	657	0	0	0	0	6	0	0	0	0	0	0
conventional	ce1220	657	0.758848	28.039976	1	14	7	1.923476	2.557010	16.951924	6.607566	0	0
holistic	he1086	658	0	0	0	0	2	0	0	0	0	0	0.351941
holistic	he1087	658	0	0	0	0	0	0	0	0	0	0	0
conventional	ce1221	659	3.647406	15.289651	2	14	7	2.503126	2.025756	5.661603	5.099166	0.643405	0
holistic	he1088	660	2.562052	2.562052	2	2	8	0	0	2.562052	0	0	0
holistic	he1089	660	0	0	0	0	3	0	0	0	0	0	0
holistic	he1090	660	0	0	0	0	4	0	0	0	0	0	0.427319
holistic	he1091	660	0	0	0	0	12	0	0	0	0	0	0
holistic	he1092	660	0	0	0	0	2	0	0	0	0	0	0.557919
conventional	ce1222	660	0.931854	9.503539	1	14	7	2.350558	1.568148	3.450094	2.134739	0	0
conventional	ce1223	660	0.954626	20.058984	1	14	7	2.440408	4.955818	7.359212	5.303546	0	0
holistic	he1093	661	0	0	0	0	1	0	0	0	0	0	1.914831
holistic	he1094	661	0	0	0	0	2	0	0	0	0	0	0
conventional	ce1224	661	0.977198	16.868803	1	14	7	0.893524	1.696270	10.314326	3.964683	0	0
conventional	ce1225	661	2.900790	10.568617	2	14	7	2.711980	2.305359	2.709098	2.842180	0	0
conventional	ce1226	661	0.832166	28.146161	1	14	7	5.717300	4.178128	11.283758	6.966975	0	0
conventional	ce1227	661	1.701687	25.813079	2	14	7	2.369541	5.051371	10.356494	8.035673	0.121093	0
holistic	he1095	662	0	0	0	0	6	0	0	0	0	0	0
holistic	he1096	662	0	0	0	0	6	0	0	0	0	0	0
holistic	he1097	662	0	0	0	0	4	0	0	0	0	0	0
holistic	he1098	662	0	0	0	0	2	0	0	0	0	0	0
holistic	he1099	662	0	0	0	0	6	0	0	0	0	0	0
conventional	ce1228	662	1.038118	18.798462	1	14	7	1.217203	1.435918	9.428835	6.716506	0	0
conventional	ce1229	662	0.832166	33.572480	1	14	7	8.078323	5.119190	15.510008	4.864959	0	0
conventional	ce1230	663	0.424353	8.972336	1	14	7	2.046905	1.373375	3.928543	1.623513	0	0
conventional	ce1231	663	0	33.815642	0	14	7	6.364295	4.158829	12.353499	10.939019	1.919963	0
conventional	ce1232	663	2.620455	14.818782	2	14	7	2.186512	1.007937	5.890613	5.733720	0.329266	0
holistic	he1100	664	0	0	0	0	6	0	0	0	0	0	0
holistic	he1101	664	0	0	0	0	3	0	0	0	0	0	7.321674
holistic	he1102	664	0	0	0	0	3	0	0	0	0	0	0
conventional	ce1233	664	3.194673	16.631919	2	14	7	2.572287	2.174099	7.976367	3.909166	0.329266	0
conventional	ce1234	664	1.091930	32.728591	1	14	7	4.107077	4.939161	17.650302	6.032051	0	0
conventional	ce1235	664	0	30.203635	0	14	7	1.595431	4.614715	19.220500	4.772989	0	0
conventional	ce1236	664	0	32.397473	0	14	7	5.093280	3.971543	14.869064	8.463586	1.105619	0
holistic	he1103	665	0	0	0	0	6	0	0	0	0	0	0
conventional	ce1237	665	0.136133	29.110487	1	14	7	2.975709	7.741177	12.852212	5.541389	0	0
conventional	ce1238	665	1.254633	21.526104	1	14	7	3.134816	3.431516	10.145767	4.814005	0	0
conventional	ce1239	665	2.217793	9.571299	2	14	7	1.200132	1.309144	4.000434	3.061589	0.329266	0
conventional	ce1240	665	0.562154	46.993785	1	14	7	6.821447	6.254945	16.342967	17.574426	0	0
conventional	ce1241	665	0.045265	32.739713	1	14	7	6.789546	4.889923	12.548008	8.512236	0	0
conventional	ce1242	666	0.697812	15.620030	1	14	7	2.667789	2.423867	7.618190	2.910184	0	0
conventional	ce1243	667	0.931854	9.219774	1	14	7	0.869184	1.545551	4.099266	2.705773	0	0
conventional	ce1244	667	0.931854	47.625944	1	14	7	11.833946	2.225058	20.877692	12.689248	0	0
conventional	ce1245	667	0	37.453226	0	14	7	5.131908	7.383530	10.863478	14.074310	0	0
holistic	he1104	668	0	0	0	0	2	0	0	0	0	0	0
holistic	he1105	668	0	0	0	0	3	0	0	0	0	0	0
holistic	he1106	668	0	0	0	0	4	0	0	0	0	0	0
conventional	ce1246	668	1.038118	15.930716	1	14	7	0.562868	2.662518	10.240987	2.464343	0	0
conventional	ce1247	668	2.874402	42.475710	2	14	7	10.339823	0.773860	23.455343	7.906684	0.090823	0
conventional	ce1248	668	0	33.491138	0	14	7	6.710904	3.861486	13.605466	9.313282	2.043484	0
conventional	ce1249	668	0.832166	28.914787	1	14	7	7.166585	4.854910	11.363491	5.529801	0	0
conventional	ce1250	669	1.091930	33.489037	1	14	7	4.417652	2.920502	17.946507	8.204376	0	0
conventional	ce1251	669	1.544359	23.053192	2	14	7	2.544912	4.595888	8.761134	7.151258	0.100552	0
holistic	he1107	671	0	0	0	0	2	0	0	0	0	0	0.191194
holistic	he1108	671	0	0	0	0	6	0	0	0	0	0	0
holistic	he1109	671	0	0	0	0	4	0	0	0	0	0	0
holistic	he1110	671	0	0	0	0	2	0	0	0	0	0	0.652402
holistic	he1111	672	0	0	0	0	0	0	0	0	0	0.404368	0
holistic	he1112	672	0	0	0	0	3	0	0	0	0	0.541777	2.197772
holistic	he1113	672	0	0	0	0	2	0	0	0	0	0	0.351941
holistic	he1114	672	0	0	0	0	2	0	0	0	0	0	0
holistic	he1115	672	0	0	0	0	10	0	0	0	0	0	0.076976
holistic	he1116	674	0	0	0	0	3	0	0	0	0	0	0
holistic	he1117	674	0	0	0	0	6	0	0	0	0	0	0
conventional	ce1252	674	1.418854	20.292511	1	14	7	1.162951	2.771432	11.508180	4.849948	0	0
conventional	ce1253	674	0	31.346094	0	14	7	1.864258	4.729684	18.931868	5.820284	0	0
conventional	ce1254	674	0.500358	43.527500	1	14	7	10.277094	5.818263	21.802268	5.629875	0	0
holistic	he1118	675	0	0	0	0	6	0	0	0	0	0	0
conventional	ce1255	675	0	32.448354	0	14	7	4.859437	1.340977	16.086397	10.161543	1.670099	0
conventional	ce1256	675	1.544359	24.147660	2	14	7	2.814384	4.595888	9.498883	7.238505	0.100552	0
holistic	he1119	676	0	0	0	0	4	0	0	0	0	0	0
holistic	he1120	676	0	0	0	0	3	0	0	0	0	0	0.161904
holistic	he1121	676	0	0	0	0	6	0	0	0	0	0	0
holistic	he1122	676	2.562052	2.562052	2	2	6	0	0	2.562052	0	0	0
holistic	he1123	676	0	0	0	0	6	0	0	0	0	0	0
holistic	he1124	676	0	0	0	0	4	0	0	0	0	0	0.382388
holistic	he1125	676	0	0	0	0	4	0	0	0	0	0	0
conventional	ce1257	677	1.038118	27.189791	1	14	7	0.546782	1.613421	16.302282	8.727306	0	0
conventional	ce1258	677	1.091930	35.570601	1	14	7	4.566518	5.294084	14.588790	11.121209	0	0
conventional	ce1259	677	1.001063	23.414412	1	14	7	2.904444	4.455015	8.553901	7.501052	0	0
conventional	ce1260	677	1.708413	25.459366	2	14	7	2.092835	6.367779	9.980213	7.018539	1.988709	0
conventional	ce1261	677	0.748200	23.138971	1	14	7	2.252748	2.379766	13.904953	4.601504	0	0
conventional	ce1262	677	1.038118	17.541799	1	14	7	1.011096	1.491572	9.402079	5.637052	0	0
conventional	ce1263	678	1.536102	36.859064	1	14	7	7.502899	8.491517	11.104429	9.760219	0.073248	0
conventional	ce1264	678	1.038118	15.177029	1	14	7	0.593592	2.347870	9.725337	2.510230	1.342407	0
conventional	ce1265	678	1.038118	18.589921	1	14	7	0.773378	1.200381	11.665433	4.950729	0	0
conventional	ce1266	678	0.844290	18.331696	1	14	7	0.634756	1.330774	13.067372	3.298794	0	0
holistic	he1126	679	0	3.898394	0	2	7	0	0	3.898394	0	0.568186	4.660120
holistic	he1127	679	0	0	0	0	8	0	0	0	0	0	0
conventional	ce1267	679	1.418854	17.390791	1	14	7	1.153408	1.497964	9.904089	4.835330	0	0
conventional	ce1268	679	1.038118	21.254597	1	14	7	1.767847	0.955022	12.531529	6.000199	0	0
conventional	ce1269	679	0.045265	32.756818	1	14	7	6.460790	4.361923	13.016213	8.917892	0	0
holistic	he1128	680	0	0	0	0	3	0	0	0	0	0	0.476442
holistic	he1129	680	0	0	0	0	3	0	0	0	0	0	0
conventional	ce1270	680	1.090831	11.147725	1	14	7	2.068753	2.979018	3.214680	2.885274	0.298679	0
conventional	ce1271	680	0.848020	22.193635	1	14	7	0.883400	3.276283	12.607417	5.426535	0	0
conventional	ce1272	680	0	32.837985	0	14	7	6.706103	1.396389	14.023056	10.712437	2.043484	0
holistic	he1130	681	0	0	0	0	3	0	0	0	0	0	0.003767
conventional	ce1273	681	0.954626	26.070042	1	14	7	2.980705	4.780923	12.848855	5.459559	0.073248	0
conventional	ce1274	681	0.931854	45.909405	1	14	7	12.032052	1.105878	19.885968	12.885507	0	0
conventional	ce1275	681	0.824194	17.682320	1	14	7	0.476032	2.483530	12.524355	2.198403	0	0
conventional	ce1276	682	1.038118	14.637330	1	14	7	0.593592	2.248633	9.205083	2.590022	1.131329	0
holistic	he1131	683	0	0	0	0	0	0	0	0	0	0	0
holistic	he1132	683	0	0	0	0	3	0	0	0	0	0	0
holistic	he1133	683	0	0	0	0	2	0	0	0	0	0	0.191194
conventional	ce1277	683	2.874402	23.012805	2	14	7	2.085615	1.580788	12.174572	7.171830	0.090823	0
conventional	ce1278	683	0.748200	23.249654	1	14	7	1.536489	1.765242	13.087884	6.860039	0	0
conventional	ce1279	683	1.608792	15.950585	1	14	7	2.964175	1.697823	7.122041	4.166546	0	0
holistic	he1134	684	0	0	0	0	4	0	0	0	0	0	1.872661
holistic	he1135	684	0	1.750358	0	2	2	1.750358	0	0	0	0	0
holistic	he1136	685	0	0	0	0	2	0	0	0	0	0	0.678798
holistic	he1137	685	0	0	0	0	10	0	0	0	0	0	0
conventional	ce1280	685	0.222521	22.052453	1	14	7	1.657745	2.397285	13.126835	4.870588	0	0
conventional	ce1281	686	0	35.352683	0	14	7	7.373761	3.512654	15.911189	8.555079	0	0
holistic	he1138	687	0	0	0	0	9	0	0	0	0	0	0
conventional	ce1282	687	0	29.269573	0	14	7	3.401607	4.270119	11.101175	10.496672	1.419289	0
conventional	ce1283	687	0.991457	30.926358	1	14	7	3.369471	5.437368	19.079575	3.039944	0	0
holistic	he1139	688	0	0	0	0	2	0	0	0	0	0	1.204672
holistic	he1140	688	0	0	0	0	2	0	0	0	0	0	0.557919
holistic	he1141	689	0	0	0	0	5	0	0	0	0	0	0.687402
holistic	he1142	689	0	0	0	0	6	0	0	0	0	0	0
conventional	ce1284	689	0.748200	16.181163	1	14	7	1.131672	1.696048	9.852847	3.500596	0	0
holistic	he1143	690	0	0	0	0	2	0	0	0	0	0	0.191194
holistic	he1144	690	0	0	0	0	2	0	0	0	0	0	0
conventional	ce1285	690	0.347378	27.364971	1	14	7	2.998854	3.913342	14.042281	6.410494	0	0
conventional	ce1286	690	0.748200	22.774503	1	14	7	1.943499	2.465304	13.820672	4.545028	0	0
holistic	he1145	691	0	0	0	0	6	0	0	0	0	0	0
conventional	ce1287	691	0.991457	28.139947	1	14	7	3.287734	4.715277	17.178195	2.958741	0	0
conventional	ce1288	691	1.412267	27.695604	1	14	7	4.653860	4.852695	10.764499	7.424550	0	0
holistic	he1146	692	0	0	0	0	2	0	0	0	0	0	0
conventional	ce1289	692	2.901932	10.884799	2	14	7	2.930714	2.327214	3.005423	2.621448	0.486669	0
conventional	ce1290	693	1.544359	22.384829	2	14	7	2.097181	4.619484	8.749416	6.918748	0.213116	0
conventional	ce1291	693	1.697193	17.915502	1	14	7	1.171580	1.510370	10.569432	4.664120	0.725822	0
holistic	he1147	694	2.562052	2.562052	2	2	6	0	0	2.562052	0	0	0
conventional	ce1292	694	1.697193	22.884402	1	14	7	2.088391	1.467872	12.473788	6.854351	0.784947	0
holistic	he1148	695	2.562052	2.365572	2	2	6	0	0	2.365572	0	0	0
holistic	he1149	695	0	0	0	0	6	0	0	0	0	0	0
conventional	ce1293	696	1.038118	15.775800	1	14	7	0.855493	1.205751	8.941863	4.772693	0	0
holistic	he1150	697	0	0	0	0	3	0	0	0	0	0	0
holistic	he1151	697	0	0	0	0	4	0	0	0	0	0	0
conventional	ce1294	697	1.701687	30.575985	2	14	7	4.938165	4.296838	10.967147	10.373835	0.121093	0
conventional	ce1295	697	0.931854	22.171453	1	14	7	5.890690	1.728530	11.258099	3.294134	0	0
holistic	he1152	698	0	0	0	0	2	0	0	0	0	0	1.941848
holistic	he1153	698	0	0	0	0	3	0	0	0	0	0	0
holistic	he1154	698	0	0	0	0	10	0	0	0	0	0	0
conventional	ce1296	698	1.418854	20.495611	1	14	7	1.569385	2.849724	12.680557	3.395945	0	0
conventional	ce1297	698	0.660302	14.143049	1	14	7	4.174722	3.061145	5.157142	1.750040	0	0
conventional	ce1298	698	2.874402	23.163413	2	14	7	2.112067	1.579225	13.198045	6.274076	1.050655	0
holistic	he1155	699	0	0	0	0	6	0	0	0	0	0	0
holistic	he1156	699	1.654574	1.654574	2	2	6	0	0	1.654574	0	0	0
holistic	he1157	699	0	0	0	0	8	0	0	0	0	0	0.323808
holistic	he1158	699	0	0	0	0	3	0	0	0	0	0	0.351941
holistic	he1159	699	0	0	0	0	3	0	0	0	0	0.541777	2.424147
conventional	ce1299	699	0.954626	8.810333	1	14	7	1.505824	1.290695	3.954204	2.059610	0.073248	0
holistic	he1160	700	0	0	0	0	6	0	0	0	0	0	0
holistic	he1161	701	1.543762	1.543762	2	2	6	0	0	1.543762	0	0	0
holistic	he1162	701	0	0	0	0	15	0	0	0	0	0	0
conventional	ce1300	701	1.426482	30.902932	1	14	7	5.100061	6.855254	9.894222	9.053395	0.073248	0
conventional	ce1301	701	0.748200	34.207269	1	14	7	5.267083	1.166507	16.617040	11.156639	0	0
conventional	ce1302	701	0.931854	6.680869	1	14	7	0.459894	1.731455	2.203159	2.286361	0	0
conventional	ce1303	701	0.291520	36.188269	1	14	7	7.016305	5.136910	15.606364	8.428690	0	0
conventional	ce1304	701	1.152547	28.346688	1	14	7	3.994865	4.361683	15.687527	4.302613	0	0
conventional	ce1305	701	0.896095	20.975974	1	14	7	2.950745	3.199931	10.464104	4.361194	0	0
holistic	he1163	702	0	0	0	0	8	0	0	0	0	0	0
holistic	he1164	703	0	0	0	0	6	0	0	0	0	0	0
holistic	he1165	703	0	0	0	0	6	0	0	0	0	0	0
conventional	ce1306	704	0.824194	32.535312	1	14	7	2.093475	2.658556	21.685435	6.097846	0	0
conventional	ce1307	704	1.701687	36.997571	2	14	7	6.915579	5.207828	12.739335	12.134829	0.121093	0
holistic	he1166	705	0	0	0	0	4	0	0	0	0	0	1.543648
holistic	he1167	705	0	0	0	0	3	0	0	0	0	0	0.221355
conventional	ce1308	705	0.908407	18.079905	1	14	7	2.115356	3.960805	6.386435	5.617309	0	0
conventional	ce1309	706	0	35.638438	0	14	7	9.443047	1.568638	16.160235	8.466518	0	0
conventional	ce1310	706	0.848020	19.949286	1	14	7	1.379668	2.170042	11.876990	4.522586	0	0
holistic	he1168	709	0	0	0	0	2	0	0	0	0	0	0.703882
conventional	ce1311	709	1.038118	18.148692	1	14	7	4.821637	2.794989	9.117228	1.414838	0	0
conventional	ce1312	709	1.701687	10.163069	2	14	7	2.421300	1.235265	3.370980	3.135524	0.152381	0
conventional	ce1313	709	1.129791	15.032122	1	14	7	4.001509	3.469473	5.928763	1.632377	0	0
conventional	ce1314	710	0	32.898620	0	14	7	5.485830	4.181138	13.996853	9.234799	2.952816	0
conventional	ce1315	710	1.079467	25.754815	1	14	7	2.663094	2.402817	12.789726	7.899178	0	0
holistic	he1169	711	0	0	0	0	4	0	0	0	0	0	0
conventional	ce1316	711	1.875083	38.303613	1	14	7	5.039109	2.358791	19.387692	11.518021	0.298679	0
conventional	ce1317	712	1.091930	32.418643	1	14	7	2.841306	3.589704	17.352800	8.634833	0	0
holistic	he1170	713	0	0	0	0	3	0	0	0	0	0	0
conventional	ce1318	713	0.832166	34.014803	1	14	7	10.535183	2.804661	13.577777	7.097182	0	0
holistic	he1171	715	0	0	0	0	15	0	0	0	0	0	0
conventional	ce1319	715	0.931854	7.610975	1	14	7	0.603458	1.745851	3.526442	1.735224	0	0
conventional	ce1320	715	0	33.829362	0	14	7	4.324521	5.701540	13.709014	10.094287	1.419289	0
holistic	he1172	716	0	0	0	0	6	0	0	0	0	0	0
holistic	he1173	717	0	0	0	0	4	0	0	0	0	0	0
conventional	ce1321	717	0	39.624274	0	14	7	7.332463	2.842982	17.906372	11.542457	1.670099	0
holistic	he1174	718	0	0	0	0	4	0	0	0	0	0	0
conventional	ce1322	718	0	16.913572	0	14	7	0.299666	2.320306	11.039164	3.254436	0	0
holistic	he1175	720	1.654574	1.654574	2	2	6	0	0	1.654574	0	0	0
holistic	he1176	720	0	0	0	0	1	0	0	0	0	0	0
conventional	ce1323	720	0.824194	39.523642	1	14	7	8.062220	3.793810	16.460734	11.206878	0	0
conventional	ce1324	720	1.447207	20.142293	1	14	7	0.641494	3.303244	12.061470	4.136085	0	0
conventional	ce1325	720	0.045265	31.413393	1	14	7	6.037809	3.912999	12.159320	9.303265	0	0
holistic	he1177	721	0	0	0	0	6	0	0	0	0	0	0
holistic	he1178	721	0	0	0	0	4	0	0	0	0	0	0
conventional	ce1326	721	0.792911	29.009383	1	14	7	3.604695	4.482226	15.879372	5.043090	0	0
conventional	ce1327	721	1.051442	23.119398	1	14	7	1.082083	3.196147	14.288012	4.553156	0	0
conventional	ce1328	721	2.874402	17.702731	2	14	7	1.937601	1.606261	7.943502	6.215367	0.090823	0
holistic	he1179	722	0	0	0	0	6	0	0	0	0	0	0
holistic	he1180	722	0	0	0	0	12	0	0	0	0	0	0
holistic	he1181	722	0	0	0	0	2	0	0	0	0	0	0
holistic	he1182	722	0	0	0	0	0	0	0	0	0	0	0
holistic	he1183	722	0	0	0	0	6	0	0	0	0	0	0
holistic	he1184	722	0	0	0	0	6	0	0	0	0	0	0
conventional	ce1329	723	1.001063	24.549777	1	14	7	2.904444	4.293943	9.413108	7.938282	0	0
conventional	ce1330	723	0	40.094153	0	14	7	8.560952	1.714470	18.670839	11.147892	0.779951	0
conventional	ce1331	723	2.148973	33.459329	2	14	7	2.050670	1.502396	16.615073	13.291190	0.413922	0
holistic	he1185	724	0	0	0	0	3	0	0	0	0	0	0
holistic	he1186	724	0	0	0	0	6	0	0	0	0	0	0
holistic	he1187	724	0	0	0	0	7	0	0	0	0	0	0
holistic	he1188	724	0	3.219510	0	2	2	3.219510	0	0	0	0	0
conventional	ce1332	724	1.116655	19.815148	1	14	7	2.095912	4.232137	7.779973	5.707126	0	0
conventional	ce1333	724	1.152547	27.067871	1	14	7	4.371094	3.705833	8.822561	10.168383	0	0
holistic	he1189	725	0	0	0	0	4	0	0	0	0	0	0
holistic	he1190	725	0	0	0	0	2	0	0	0	0	0	0.444547
conventional	ce1334	725	0.824194	18.017829	1	14	7	0.372494	2.113271	12.089792	3.442272	0	0
conventional	ce1335	725	0.848020	20.197472	1	14	7	1.436623	2.095618	11.864184	4.801047	0	0
holistic	he1191	726	0	0	0	0	3	0	0	0	0	0	0
holistic	he1192	726	0	0	0	0	3	0	0	0	0	0	0.351941
conventional	ce1336	726	1.090831	10.364946	1	14	7	1.799600	2.414701	3.535487	2.615158	0.298679	0
conventional	ce1337	726	0	48.971468	0	14	7	7.062801	4.964773	25.151305	11.792589	0	0
conventional	ce1338	727	0.748200	18.940824	1	14	7	1.424310	2.290601	12.279716	2.946197	0	0
conventional	ce1339	727	0.826609	8.718548	2	13	7	2.560237	0.981542	2.551449	2.625320	0.152381	0
conventional	ce1340	727	0.748200	26.913252	1	14	7	3.126188	3.362775	11.962319	8.461970	0	0
conventional	ce1341	727	1.697193	15.626406	1	14	7	1.670785	0.655545	7.454761	5.845315	0.725822	0
holistic	he1193	728	0	0	0	0	6	0	0	0	0	0	0
holistic	he1194	728	0	0	0	0	6	0	0	0	0	0	0
holistic	he1195	728	0	0	0	0	6	0	0	0	0	0	0
conventional	ce1342	728	1.091930	33.297432	1	14	7	2.904550	3.830086	17.410528	9.152268	0	0
conventional	ce1343	728	0.848020	20.773597	1	14	7	1.372110	2.377475	12.089009	4.935003	0	0
conventional	ce1344	728	1.091930	26.769008	1	14	7	1.402481	3.725781	12.665784	8.974962	0	0
conventional	ce1345	728	0	36.079510	0	14	7	13.989048	1.428770	12.963402	7.698290	1.830804	0
conventional	ce1346	728	0	36.476142	0	14	7	7.224466	3.975540	16.512890	8.763246	0	0
holistic	he1196	729	0	0	0	0	2	0	0	0	0	0	0.191194
holistic	he1197	729	0	0	0	0	2	0	0	0	0	0	0.191194
conventional	ce1347	729	1.418854	24.055957	1	14	7	2.187113	2.868618	15.555604	3.444622	0	0
conventional	ce1348	729	0.748200	18.759044	1	14	7	1.245815	2.293611	12.307046	2.912572	0.447938	0
conventional	ce1349	729	1.130741	19.581571	1	14	7	1.328667	5.443963	5.672717	7.136224	0	0
conventional	ce1350	729	1.091930	32.320834	1	14	7	5.225108	7.675553	10.406865	9.013308	0.569953	0
conventional	ce1351	729	1.695871	31.146067	2	14	7	4.574629	4.496438	10.760484	11.314516	0.121093	0
conventional	ce1352	729	1.090831	8.732364	1	14	7	1.531067	0.868795	4.004699	2.327803	0.575882	0
holistic	he1198	730	0	0	0	0	3	0	0	0	0	0.541777	2.424147
conventional	ce1353	730	0.748200	20.806336	1	14	7	1.979194	1.996641	13.825157	3.005344	0	0
conventional	ce1354	730	1.038118	11.666879	1	14	7	0.480174	1.466804	6.482265	3.237636	1.131329	0
holistic	he1199	731	0	0	0	0	2	0	0	0	0	0	0
holistic	he1200	731	0	0	0	0	6	0	0	0	0	0	0
holistic	he1201	731	0	0	0	0	2	0	0	0	0	0	0.348358
conventional	ce1355	731	1.507880	31.742614	1	14	7	4.642469	7.787461	10.654910	8.657774	0.073248	0
holistic	he1202	732	0	0	0	0	3	0	0	0	0	0	0
holistic	he1203	732	0	0	0	0	0	0	0	0	0	0	0
conventional	ce1356	732	0.748200	19.868328	1	14	7	2.079094	0.679282	12.908981	4.200971	2.032055	0
conventional	ce1357	732	1.782078	29.062240	1	14	7	4.786573	5.135975	10.677207	8.462485	0.280533	0
conventional	ce1358	732	1.875083	44.657502	1	14	7	5.392458	3.097526	24.461142	11.706376	0.298679	0
holistic	he1204	733	0.796834	0.796834	1	1	5	0	0	0.796834	0	0	0
conventional	ce1359	733	1.351644	10.119497	2	13	7	2.560237	1.026975	3.066865	3.465420	0.152381	0
conventional	ce1360	733	2.874402	27.794433	2	14	7	2.852641	0.358389	13.394406	11.188997	0.682867	0
conventional	ce1361	733	0.985709	16.000399	1	14	7	2.643292	1.966299	7.849101	3.541707	0	0
holistic	he1205	734	0	0	0	0	6	0	0	0	0	0	0
holistic	he1206	734	0	0	0	0	2	0	0	0	0	0	0
conventional	ce1362	734	0.045265	38.039419	1	14	7	5.194708	3.281697	18.544720	11.018294	0	0
conventional	ce1363	734	1.091930	40.833698	1	14	7	4.670034	9.147496	13.873928	13.142240	0	0
holistic	he1207	735	0	0	0	0	3	0	0	0	0	0.541777	2.424147
holistic	he1208	735	0	0	0	0	8	0	0	0	0	0	0
holistic	he1209	735	0	0	0	0	2	0	0	0	0	0	0
conventional	ce1364	735	0.748200	23.801676	1	14	7	2.464958	2.977663	13.944195	4.414860	0	0
conventional	ce1365	735	0.824194	16.522868	1	14	7	0.197625	2.305210	10.509509	3.510524	0	0
holistic	he1210	736	0	0	0	0	7	0	0	0	0	0	0
holistic	he1211	736	0	0	0	0	2	0	0	0	0	0	0.307777
holistic	he1212	736	0	0	0	0	8	0	0	0	0	0	0.323808
holistic	he1213	736	0	0	0	0	11	0	0	0	0	0	0
holistic	he1214	736	0	0	0	0	2	0	0	0	0	0	0
holistic	he1215	736	0	0	0	0	4	0	0	0	0	0	0.382388
holistic	he1216	736	0	0	0	0	9	0	0	0	0	0	0
conventional	ce1366	736	1.418854	18.991603	1	14	7	1.153408	1.650878	10.216452	5.970865	0	0
conventional	ce1367	736	1.422110	20.799523	2	14	7	1.941570	3.752339	7.942983	7.162631	0	0
holistic	he1217	737	1.040587	1.040587	1	1	2	0	0	1.040587	0	0	0.191194
conventional	ce1368	737	0.660302	14.487640	1	14	7	4.520232	2.929537	4.681096	2.356775	0	0
conventional	ce1369	737	1.090831	4.154979	1	14	7	0.504894	0.509843	1.817112	1.323130	1.062737	0
conventional	ce1370	737	0.748200	33.546297	1	14	7	5.238838	1.294419	16.156480	10.856560	0	0
conventional	ce1371	737	1.782078	31.032405	1	14	7	5.161653	4.664736	13.980181	7.225835	0.280533	0
conventional	ce1372	737	0.832166	34.819262	1	14	7	8.267437	2.917878	16.551126	7.082821	0	0
conventional	ce1373	737	0	32.377734	0	14	7	7.355103	3.333957	12.668516	9.020158	0	0
conventional	ce1374	738	1.575886	23.073781	1	14	7	1.883046	3.117391	12.711325	5.362019	0.280533	0
conventional	ce1375	738	1.091930	40.090229	1	14	7	3.239521	6.356884	18.245772	12.248052	0	0
conventional	ce1376	738	1.127451	60.239614	1	14	7	15.059159	4.268746	18.905416	22.006293	0	0
conventional	ce1377	738	0	32.580244	0	14	7	6.821627	1.604795	13.037462	11.116360	1.107988	0
conventional	ce1378	738	0.748200	34.788047	1	14	7	5.407055	1.400627	15.863431	12.116934	0	0
conventional	ce1379	738	0.034346	35.898104	1	14	7	13.180704	1.886648	14.358431	6.472321	0	0
holistic	he1218	739	0	0	0	0	10	0	0	0	0	0	0
conventional	ce1380	739	1.782078	40.157301	1	14	7	6.242465	5.422616	18.622169	9.870051	0	0
conventional	ce1381	739	0.824194	24.323692	1	14	7	0.087779	2.947210	14.272388	7.016315	0	0
conventional	ce1382	739	1.426482	27.913799	1	14	7	2.067477	4.530191	9.196827	12.119304	0.073248	0
conventional	ce1383	739	1.418854	19.331563	1	14	7	1.488267	2.709055	11.069226	4.065015	0	0
holistic	he1219	740	0	0	0	0	2	0	0	0	0	0	0
conventional	ce1384	740	1.091930	52.565530	1	14	7	5.672510	10.825443	17.917847	18.149730	0	0
conventional	ce1385	740	1.091930	39.468931	1	14	7	6.060544	4.218637	20.020592	9.169158	0	0
conventional	ce1386	740	0	43.130929	0	14	7	6.647277	5.195984	18.791139	12.496529	2.582268	0
conventional	ce1387	740	2.434320	15.202048	2	14	7	2.710570	2.626579	5.651320	4.213579	0.413910	0
holistic	he1220	741	0	0	0	0	8	0	0	0	0	0	0
conventional	ce1388	741	0.363107	35.895508	1	14	7	11.080105	2.321173	14.764199	7.730031	0	0
conventional	ce1389	741	1.418854	21.174363	1	14	7	1.603615	2.915435	11.742652	4.912661	0	0
conventional	ce1390	741	1.697193	19.201916	1	14	7	1.556311	1.766531	11.343370	4.535704	0.725822	0
conventional	ce1391	741	0.748200	15.359556	1	14	7	1.091747	1.660091	7.695019	4.912699	0	0
conventional	ce1392	741	1.697193	16.026962	1	14	7	0.486333	2.354960	10.303919	2.881750	0.784947	0
conventional	ce1393	741	1.782078	28.644251	1	14	7	4.957365	4.976759	9.896842	8.813285	0.280533	0
conventional	ce1394	742	0	27.203699	0	14	7	2.686714	3.829622	9.455629	11.231734	1.419289	0
conventional	ce1395	742	1.116655	22.877763	1	14	7	2.747654	4.168203	9.172480	6.789426	0	0
holistic	he1221	743	0	0	0	0	2	0	0	0	0	0	0
holistic	he1222	743	0	0	0	0	6	0	0	0	0	0	0
conventional	ce1396	743	0.045265	31.789854	1	14	7	7.163163	5.479745	14.239090	4.907856	0	0
conventional	ce1397	743	0.814517	8.923501	2	13	7	2.555783	1.011062	2.741176	2.615480	2.212273	0
conventional	ce1398	743	0.848020	19.370809	1	14	7	1.411128	1.953719	12.020359	3.985603	0	0
holistic	he1223	744	0	0	0	0	6	0	0	0	0	0	0
holistic	he1224	744	0	0	0	0	11	0	0	0	0	0	0
holistic	he1225	745	0	0	0	0	1	0	0	0	0	0	0
conventional	ce1399	745	0.824194	38.180584	1	14	7	2.048012	2.902548	20.495559	12.734465	1.203445	0
conventional	ce1400	745	0.908407	18.782544	1	14	7	1.990645	4.087823	7.030398	5.673678	0	0
conventional	ce1401	745	0.660302	14.041593	1	14	7	3.757382	2.949608	5.774781	1.559822	0	0
conventional	ce1402	745	1.091930	30.453240	1	14	7	3.124873	2.281084	18.608551	6.438732	0	0
conventional	ce1403	745	0.824194	21.204967	1	14	7	0.569682	3.631672	12.004582	4.999031	0	0
conventional	ce1404	746	1.382522	28.402344	1	14	7	5.177939	3.614060	10.491779	9.118566	0.280533	0
conventional	ce1405	746	2.062223	15.493481	2	14	7	3.974884	2.638694	4.844205	4.035698	1.050655	0
holistic	he1226	747	0	0	0	0	4	0	0	0	0	0	0
conventional	ce1406	747	0.824194	29.812165	1	14	7	1.739390	5.479224	21.045355	1.548196	0	0
holistic	he1227	748	0	0	0	0	3	0	0	0	0	0	0
holistic	he1228	748	0	0	0	0	4	0	0	0	0	0	0.601228
holistic	he1229	748	0	0	0	0	15	0	0	0	0	0	0
holistic	he1230	749	1.654574	1.654574	2	2	6	0	0	1.654574	0	0	0
holistic	he1231	749	0	0	0	0	4	0	0	0	0	0	0
conventional	ce1407	749	0.243310	34.957428	1	14	7	4.898757	3.183809	18.802215	8.072647	0	0
holistic	he1232	750	0	0	0	0	14	0	0	0	0	0	0
holistic	he1233	750	0	0	0	0	0	0	0	0	0	0	0
conventional	ce1408	750	0.824194	39.982757	1	14	7	1.678045	4.735893	22.092222	11.476597	0	0
holistic	he1234	751	0	0	0	0	9	0	0	0	0	0	0
holistic	he1235	752	0	0	0	0	3	0	0	0	0	0.541777	2.660073
conventional	ce1409	752	0.748200	13.222881	1	14	7	1.037969	0.300358	9.124732	2.759822	0	0
holistic	he1236	753	0	0	0	0	6	0	0	0	0	0	0
conventional	ce1410	753	1.091930	40.406048	1	14	7	4.243340	8.485200	15.583117	12.094391	0	0
conventional	ce1411	753	1.091930	32.887964	1	14	7	2.777293	4.965835	14.500884	10.643952	0	0
holistic	he1237	754	0	0	0	0	4	0	0	0	0	0	0
holistic	he1238	754	0	0	0	0	6	0	0	0	0	0	0
conventional	ce1412	754	0.748200	39.746037	1	14	7	4.724271	2.715672	19.382100	12.923994	0	0
conventional	ce1413	754	2.434320	15.120221	2	14	7	1.579390	1.577080	8.641870	3.321881	0.192531	0
conventional	ce1414	754	1.782078	45.225082	1	14	7	8.654363	7.040439	18.431455	11.098825	0.280533	0
conventional	ce1415	755	0.748200	38.007218	1	14	7	11.449819	2.337324	15.901286	8.318789	0	0
conventional	ce1416	756	0.748200	34.196056	1	14	7	5.429905	1.009218	15.628866	12.128067	0	0
holistic	he1239	757	0	0	0	0	7	0	0	0	0	0	0
holistic	he1240	757	0	0	0	0	20	0	0	0	0	0	0
conventional	ce1417	757	0.824194	32.442793	1	14	7	3.519616	2.725662	21.657070	4.540445	0	0
holistic	he1241	758	0	0	0	0	15	0	0	0	0	0	0
holistic	he1242	758	0	0	0	0	6	0	0	0	0	0	0
conventional	ce1418	758	1.697193	21.898193	1	14	7	2.385377	1.909940	10.122712	7.480164	0.725822	0
conventional	ce1419	758	0	38.424253	0	14	7	5.000300	5.712044	14.638149	13.073760	2.582268	0
conventional	ce1420	758	1.697193	31.168022	1	14	7	4.035717	4.289577	8.813584	14.029144	1.594543	0
conventional	ce1421	758	0.045265	32.178592	1	14	7	5.369993	6.000628	11.027597	9.780374	0	0
holistic	he1243	759	0	0	0	0	2	0	0	0	0	0	0.462688
holistic	he1244	759	0	0	0	0	4	0	0	0	0	0	0
holistic	he1245	759	0	0	0	0	2	0	0	0	0	0	0
holistic	he1246	759	0	0	0	0	0	0	0	0	0	0	0
holistic	he1247	759	0	0	0	0	9	0	0	0	0	0	0
conventional	ce1422	759	0.908407	16.901380	1	14	7	1.684715	2.988437	7.123115	5.105113	0	0
holistic	he1248	760	0	0	0	0	11	0	0	0	0	0	0
holistic	he1249	760	0	0	0	0	3	0	0	0	0	0	0
conventional	ce1423	760	1.191208	36.748639	2	14	7	2.675408	6.950453	13.018872	14.103906	1.948696	0
holistic	he1250	761	0	0	0	0	9	0	0	0	0	0	0
holistic	he1251	761	0	0	0	0	2	0	0	0	0	0	0.191194
conventional	ce1424	761	1.697193	20.887004	1	14	7	2.082276	0.760199	10.850935	7.193594	0.725822	0
conventional	ce1425	761	0.814517	8.986675	2	13	7	2.555783	1.025717	2.789695	2.615480	2.212273	0
conventional	ce1426	761	0.665877	18.952845	1	14	7	2.393759	3.083628	8.763427	4.712031	0	0
holistic	he1252	762	0	0	0	0	9	0	0	0	0	0	0
holistic	he1253	762	0	0	0	0	11	0	0	0	0	0	0
holistic	he1254	763	0	0	0	0	2	0	0	0	0	0	0
holistic	he1255	763	0	0	0	0	3	0	0	0	0	0	0
holistic	he1256	763	0.407720	0.407720	1	1	7	0	0	0	0.407720	0	0
holistic	he1257	763	0	0	0	0	10	0	0	0	0	0	0
conventional	ce1427	764	1.976185	33.501299	1	14	7	3.914831	3.440812	11.501083	14.644573	1.594543	0
holistic	he1258	765	0	0	0	0	2	0	0	0	0	0	0
conventional	ce1428	765	0.990453	19.572059	1	14	7	2.276064	1.761754	11.353458	4.180783	0.725822	0
holistic	he1259	766	0	0	0	0	3	0	0	0	0	0	0
conventional	ce1429	766	0.824194	33.359778	1	14	7	5.737174	5.017925	10.178145	12.426534	0	0
conventional	ce1430	766	1.090831	8.854676	1	14	7	1.531067	0.868795	4.266717	2.188097	0.575882	0
holistic	he1260	767	0	0	0	0	11	0	0	0	0	0	0
conventional	ce1431	767	0.748200	35.657266	1	14	7	1.923159	7.976706	15.585658	10.171743	0	0
conventional	ce1432	767	0.832166	20.863374	1	14	7	2.700652	3.562397	7.949113	6.651212	0	0
conventional	ce1433	767	1.860536	9.181488	1	14	7	1.563022	0.703562	4.004699	2.910205	0.575882	0
holistic	he1261	768	0	0	0	0	11	0	0	0	0	0	0
conventional	ce1434	768	0.402384	32.247770	1	14	7	2.681601	7.360487	11.624024	10.581658	0	0
conventional	ce1435	768	1.090831	9.668747	1	14	7	1.348517	0.868795	4.407699	3.043736	0.575882	0
conventional	ce1436	769	1.090831	9.168881	1	14	7	1.531067	0.868795	4.068618	2.700401	0.575882	0
conventional	ce1437	769	0.908407	19.572141	1	14	7	1.990645	5.134798	7.030398	5.416300	0	0
conventional	ce1438	770	0.757264	28.115280	1	14	7	4.456587	5.589382	9.738258	8.331053	0.889223	0
holistic	he1262	771	0	0	0	0	8	0	0	0	0	0	0.323808
holistic	he1263	771	0	0	0	0	9	0	0	0	0	0	0
conventional	ce1439	771	1.090831	31.939049	1	14	7	6.478584	5.315244	12.791750	7.353471	1.761220	0
conventional	ce1440	771	0.748200	15.307382	1	14	7	0.826926	0.848652	9.380060	4.251744	0	0
conventional	ce1441	772	0	29.338170	0	14	7	6.360280	2.012057	10.598562	10.367271	0	0
holistic	he1264	773	0	0	0	0	3	0	0	0	0	0.541777	3.282425
conventional	ce1442	773	0.748200	13.325761	1	14	7	3.682194	1.348518	3.061680	5.233369	0	0
holistic	he1265	775	0	0	0	0	2	0	0	0	0	0	0
holistic	he1266	775	0	0	0	0	7	0	0	0	0	0	0
holistic	he1267	776	0	0	0	0	4	0	0	0	0	1.430432	1.822962
holistic	he1268	777	0	0	0	0	12	0	0	0	0	0	0
holistic	he1269	777	0	0	0	0	9	0	0	0	0	0	0
holistic	he1270	779	0	0	0	0	14	0	0	0	0	0	0
holistic	he1271	780	0	0	0	0	2	0	0	0	0	0	0.015632
conventional	ce1443	780	0.354317	7.439536	1	14	7	1.541986	0.648689	3.291026	1.957835	1.048336	0
holistic	he1272	781	0	0	0	0	2	0	0	0	0	0	0.911481
holistic	he1273	781	0	0	0	0	2	0	0	0	0	0	0.191194
holistic	he1274	782	0	0	0	0	8	0	0	0	0	0	0
holistic	he1275	782	1.654574	1.654574	2	2	6	0	0	1.654574	0	0	0
holistic	he1276	782	0	0	0	0	2	0	0	0	0	0	0.191194
holistic	he1277	783	0	0	0	0	12	0	0	0	0	0	0
holistic	he1278	784	0	0	0	0	2	0	0	0	0	0	0
holistic	he1279	784	0	0	0	0	1	0	0	0	0	0	0
conventional	ce1444	784	1.782078	36.023606	1	14	7	5.587401	1.163102	16.509399	12.763704	0.280533	0
conventional	ce1445	785	0.748200	20.135319	1	14	7	1.078762	2.183505	12.597956	4.275096	0.447938	0
conventional	ce1446	785	1.090831	12.182901	1	14	7	2.105875	1.380160	6.357390	2.339476	0.575882	0
holistic	he1280	786	0	0	0	0	8	0	0	0	0	0	0
holistic	he1281	786	0	0	0	0	4	0	0	0	0	0	0
conventional	ce1447	786	0.814517	18.373412	2	14	7	2.829205	1.936088	9.066824	4.541295	0.152381	0
holistic	he1282	787	0	0	0	0	6	0	0	0	0	0	0
holistic	he1283	787	0	0	0	0	9	0	0	0	0	0	0
conventional	ce1448	787	2.137000	31.869511	1	14	7	4.333990	4.731746	15.836080	6.967695	0	0
conventional	ce1449	787	0	39.002951	0	14	7	8.201308	3.399772	14.712969	12.688902	0	0
conventional	ce1450	787	1.091930	38.738167	1	14	7	3.715716	4.474953	21.649507	8.897991	0	0
holistic	he1284	788	0	0	0	0	2	0	0	0	0	0	0
holistic	he1285	788	0	0	0	0	3	0	0	0	0	0	0
holistic	he1286	788	0	0	0	0	3	0	0	0	0	0	0
conventional	ce1451	788	1.382522	28.538579	1	14	7	4.806925	4.325530	10.230095	9.176029	0.280533	0
holistic	he1287	789	0	0	0	0	4	0	0	0	0	1.430432	1.822962
conventional	ce1452	789	0	46.394114	0	14	7	9.085518	4.907928	19.798675	12.601993	2.070771	0
conventional	ce1453	789	1.418854	8.019093	1	14	7	0.611648	0.883890	3.437825	3.085730	0	0
conventional	ce1454	789	0.354317	31.280044	1	14	7	5.059627	4.919530	14.736076	6.564811	1.048336	0
conventional	ce1455	789	0.748200	35.865675	1	14	7	5.890579	1.693876	16.494991	11.786229	0	0
holistic	he1288	790	0	0	0	0	3	0	0	0	0	0	0
holistic	he1289	790	0	0	0	0	0	0	0	0	0	0	0
conventional	ce1456	790	0.824194	22.336990	1	14	7	0.589106	3.568916	11.765080	6.413888	0	0
conventional	ce1457	790	1.697193	18.541706	1	14	7	0.816419	2.512691	11.716232	3.496364	0.619819	0
holistic	he1290	791	0	0	0	0	2	0	0	0	0	0	0.462688
holistic	he1291	791	0	0	0	0	9	0	0	0	0	0	0
conventional	ce1458	791	0	22.029265	0	14	7	2.455311	4.056733	7.967236	7.549985	2.582268	0
conventional	ce1459	791	1.976185	42.173100	1	14	7	3.776463	3.777629	15.335601	19.283407	1.594543	0
holistic	he1292	792	0	0	0	0	9	0	0	0	0	0	0
conventional	ce1460	792	0	31.813827	0	14	7	2.757545	2.835379	13.748981	12.471922	0	0
conventional	ce1461	792	1.090831	35.638132	1	14	7	6.133867	2.490729	15.541505	11.472031	1.761220	0
conventional	ce1462	792	0.502429	13.017596	1	14	7	1.314557	0.470997	8.895235	2.336807	0	0
conventional	ce1463	793	0.786844	14.319800	1	13	7	3.998728	1.401728	3.525434	5.393910	0.557805	0
conventional	ce1464	793	0.354317	12.461726	1	14	7	2.679793	0.375081	6.165135	3.241717	1.048336	0
holistic	he1293	794	0	0	0	0	9	0	0	0	0	0	0
holistic	he1294	794	0	0	0	0	1	0	0	0	0	0	0
holistic	he1295	794	0	0	0	0	9	0	0	0	0	0	0
holistic	he1296	794	0	0	0	0	2	0	0	0	0	0	0
conventional	ce1465	794	0.437492	16.444457	1	14	7	1.095286	0.660346	10.257539	4.431286	0	0
conventional	ce1466	794	1.090831	9.775319	1	14	7	1.862996	1.057146	5.191724	1.663453	0.323692	0
conventional	ce1467	794	0.653892	10.190751	1	13	7	2.964425	1.059304	3.539542	2.627480	2.281493	0
holistic	he1297	795	0	0	0	0	14	0	0	0	0	0	0
holistic	he1298	795	0	0	0	0	8	0	0	0	0	0	0.323808
conventional	ce1468	795	0.908407	16.837026	1	14	7	1.941842	2.732305	8.082140	4.080739	0	0
holistic	he1299	796	0	0	0	0	3	0	0	0	0	0	0
holistic	he1300	796	0	0	0	0	2	0	0	0	0	0	0
holistic	he1301	796	0	0	0	0	6	0	0	0	0	0	0
holistic	he1302	796	0	0	0	0	12	0	0	0	0	0	0
holistic	he1303	796	0	0	0	0	3	0	0	0	0	0.541777	3.282425
holistic	he1304	796	0	0	0	0	8	0	0	0	0	0	0.323808
conventional	ce1469	796	0.748200	32.536848	1	14	7	1.909419	7.726333	16.793590	6.107506	0	0
conventional	ce1470	797	0.832166	19.736924	1	14	7	2.534344	3.112780	8.216658	5.873142	0	0
conventional	ce1471	797	1.697193	19.658637	1	14	7	0.221939	3.049049	12.245595	4.142054	0.619819	0
conventional	ce1472	797	0.990453	21.247654	1	14	7	2.540966	1.298848	12.048390	5.359450	0.725822	0
conventional	ce1473	797	1.782078	38.110412	1	14	7	5.855209	5.611831	17.936509	8.706863	0	0
holistic	he1305	798	0	0	0	0	8	0	0	0	0	0	0
holistic	he1306	798	0	0	0	0	2	0	0	0	0	0	0.462688
conventional	ce1474	798	0.814517	9.241345	2	13	7	2.555783	1.057546	3.012536	2.615480	2.212273	0
conventional	ce1475	798	1.697193	15.505860	1	14	7	0.521392	2.554299	9.358541	3.071628	0.784947	0
conventional	ce1476	798	1.287676	13.430426	1	14	7	4.437985	1.529234	3.061680	4.401527	0	0
conventional	ce1477	798	0.748200	33.238321	1	14	7	3.060177	7.366181	13.550517	9.261446	0	0
holistic	he1307	799	0	0	0	0	6	0	0	0	0	1.083554	3.865516
holistic	he1308	799	0	0	0	0	11	0	0	0	0	0	0
conventional	ce1478	799	0.814517	10.215261	2	13	7	2.547065	1.057546	3.012536	3.598114	2.238508	0
holistic	he1309	800	0	0	0	0	5	0	0	0	0	0.541777	3.409673
conventional	ce1479	800	1.369270	29.457868	1	14	7	4.894771	3.779712	10.850142	9.933243	1.452672	0
conventional	ce1480	800	0.757264	28.044987	1	14	7	3.070973	5.758221	9.279407	9.936386	0.889223	0
conventional	ce1481	800	0.748200	44.671898	1	14	7	2.553513	9.495328	21.602031	11.021026	0	0
holistic	he1310	801	0	0	0	0	2	0	0	0	0	0	0
conventional	ce1482	801	0.735816	31.311417	1	14	7	2.117955	3.225148	15.770063	10.198251	2.245080	0
conventional	ce1483	801	0.563961	18.708902	1	14	7	1.949882	3.553059	7.353498	5.852463	0	0
conventional	ce1484	801	1.090831	25.490614	1	14	7	3.388897	3.880708	8.812004	9.409005	0.575882	0
conventional	ce1485	801	0.990453	43.165564	1	14	7	9.275920	1.104972	16.982148	15.802524	0.038480	0
conventional	ce1486	801	0.437492	16.375022	1	14	7	1.269734	0.603864	10.571420	3.930004	0	0
conventional	ce1487	801	0.814517	21.701602	2	14	7	5.533252	5.000012	6.099109	5.069229	2.638839	0
holistic	he1311	802	0	0	0	0	2	0	0	0	0	0	0
holistic	he1312	802	0	0	0	0	12	0	0	0	0	0	0
conventional	ce1488	802	0.723861	14.839640	2	13	7	4.840188	0.502081	5.470699	4.026672	2.212273	0
conventional	ce1489	802	1.090831	13.517132	1	14	7	2.863736	0.495524	5.863693	4.294179	0.575882	0
holistic	he1313	803	0	0	0	0	10	0	0	0	0	0	0.323808
holistic	he1314	803	0	0	0	0	2	0	0	0	0	0	0.462688
holistic	he1315	803	0	0	0	0	7	0	0	0	0	0	0
conventional	ce1490	803	0.717134	20.514911	1	14	7	2.748414	3.889751	7.240930	6.635816	0	0
conventional	ce1491	803	0.354317	10.192113	1	14	7	2.043603	0.859711	4.864277	2.424522	1.048336	0
conventional	ce1492	803	1.191208	35.417462	2	14	7	1.763427	5.442548	15.317843	12.893644	1.948696	0
conventional	ce1493	803	1.782078	31.800398	1	14	7	4.761153	1.136602	14.273786	11.628857	0.280533	0
holistic	he1316	804	0	0	0	0	6	0	0	0	0	0	0
conventional	ce1494	804	0.018320	21.109367	1	14	7	1.268152	4.142282	8.041167	7.657766	0	0
conventional	ce1495	804	0.824194	41.703627	1	14	7	2.079356	4.873146	22.954418	11.796707	0	0
conventional	ce1496	805	0.748200	34.907736	1	14	7	5.561440	0.964535	18.066487	10.315274	0	0
conventional	ce1497	805	2.023321	36.235710	1	14	7	5.400969	0.973434	17.852063	12.009244	0.280533	0
conventional	ce1498	805	1.782078	44.758813	1	14	7	9.376026	8.576802	17.636004	9.169981	1.080053	0
conventional	ce1499	805	0.437492	16.874777	1	14	7	0.930091	0.411209	10.961069	4.572408	0	0
conventional	ce1500	805	1.090831	34.421971	1	14	7	7.076975	4.993181	15.211731	7.140084	1.875099	0
conventional	ce1501	805	1.090831	9.634400	1	14	7	1.348517	0.868795	4.373352	3.043736	0.593413	0
holistic	he1317	806	0	0	0	0	4	0	0	0	0	0	0
conventional	ce1502	806	1.782078	42.961053	1	14	7	6.528579	5.857081	20.723078	9.852315	0	0
conventional	ce1503	806	1.776425	22.041730	1	14	7	1.051944	3.590078	12.147382	5.252326	0.619819	0
conventional	ce1504	806	1.782078	35.331146	1	14	7	6.087064	1.547534	16.266689	11.429859	0.280533	0
conventional	ce1505	806	0.748200	38.802996	1	14	7	5.615696	2.113298	19.844183	11.229819	0	0
holistic	he1318	807	0	0	0	0	3	0	0	0	0	0	0.161904
holistic	he1319	807	0	0	0	0	3	0	0	0	0	0.541777	2.737004
conventional	ce1506	807	1.191208	32.474693	2	14	7	1.846596	5.567136	15.210784	9.850177	1.948696	0
conventional	ce1507	807	0	29.603949	0	14	7	5.738629	2.327004	12.279090	9.259226	0	0
holistic	he1320	808	0	0	0	0	9	0	0	0	0	0	0
holistic	he1321	808	0	0	0	0	12	0	0	0	0	0	0
holistic	he1322	808	1.654574	1.654574	2	2	6	0	0	1.654574	0	0	0
conventional	ce1508	808	0.748200	20.703002	1	14	7	0.807495	2.174057	13.264133	4.457317	0.348198	0
holistic	he1323	809	0	0	0	0	6	0	0	0	0	0	0
conventional	ce1509	809	1.125481	42.988800	1	14	7	2.195269	4.917348	23.916372	11.959811	0	0
conventional	ce1510	809	1.285695	10.151506	1	14	7	1.862996	1.057146	5.558370	1.672994	0.323692	0
conventional	ce1511	809	2.105203	8.151570	2	14	7	1.348517	0.868795	4.407699	1.526559	0.613523	0
holistic	he1324	810	0	0	0	0	11	0	0	0	0	0	0
holistic	he1325	810	0	0	0	0	15	0	0	0	0	0	0
conventional	ce1512	810	1.090831	8.963220	1	14	7	1.702845	0.868795	4.435338	1.956242	0.575882	0
holistic	he1326	811	0	0	0	0	4	0	0	0	0	0	0
holistic	he1327	811	0	0	0	0	3	0	0	0	0	0	0
conventional	ce1513	811	0.915310	5.779860	1	14	7	0.757908	0.488290	2.489258	2.044404	0.575882	0
holistic	he1328	812	0	0	0	0	12	0	0	0	0	0	0
conventional	ce1514	812	1.191208	38.359827	2	14	7	3.428157	6.489167	13.123256	15.319247	1.948696	0
holistic	he1329	813	0.827287	0.827287	1	1	3	0	0	0.827287	0	0	0.260231
holistic	he1330	814	0	0	0	0	2	0	0	0	0	0	0
holistic	he1331	814	0	0	0	0	6	0	0	0	0	0	0
conventional	ce1515	814	0	36.718396	0	14	7	7.513248	2.834326	15.627473	10.743349	0	0
conventional	ce1516	814	0.387150	37.773624	1	14	7	4.940948	9.222138	11.773336	11.837202	0	0
conventional	ce1517	814	1.697193	14.285741	1	14	7	2.646084	1.350037	6.892157	3.397463	0.619819	0
conventional	ce1518	815	2.646261	37.356612	2	14	7	1.835049	4.889302	13.002671	17.629590	1.948696	0
conventional	ce1519	816	0.437492	15.224528	1	14	7	0.904152	0.776293	10.450890	3.093193	0	0
conventional	ce1520	816	1.090831	16.923414	1	14	7	1.016164	0.373706	8.068358	7.465186	1.383208	0
conventional	ce1521	816	0.437492	28.506211	1	14	7	3.811934	1.126726	9.972625	13.594926	0	0
holistic	he1332	817	0	0	0	0	12	0	0	0	0	0	0
conventional	ce1522	817	0.748200	35.284842	1	14	7	1.004970	7.514645	14.917016	11.848211	0	0
conventional	ce1523	817	1.090831	5.911816	1	14	7	1.097271	0.559830	2.858021	1.396694	0.575882	0
conventional	ce1524	817	0.814517	54.112264	2	14	7	8.981767	10.778218	21.999418	12.352861	2.212273	0
conventional	ce1525	817	0.563961	17.173387	1	14	7	0.746968	4.171216	7.105081	5.150122	0	0
holistic	he1333	818	0	0	0	0	0	0	0	0	0	0	0
conventional	ce1526	818	1.017910	7.529001	2	14	7	1.544734	0.868795	3.261857	1.853615	2.443113	0
conventional	ce1527	818	1.346480	32.676888	1	14	7	6.297558	5.680995	12.533503	8.164832	1.761220	0
holistic	he1334	819	0	0	0	0	2	0	0	0	0	0	0.191194
holistic	he1335	819	0	0	0	0	6	0	0	0	0	0	0
holistic	he1336	819	0	0	0	0	3	0	0	0	0	0.492165	2.066933
conventional	ce1528	819	1.090831	9.872728	1	14	7	1.862996	1.057146	5.191724	1.760862	0.323692	0
conventional	ce1529	819	0.748200	9.464527	1	14	7	1.748551	0.992205	4.646556	2.077215	0	0
conventional	ce1530	819	0.631542	6.809361	1	14	7	0.991025	0.638477	3.254903	1.924956	0.944322	0
conventional	ce1531	819	1.309303	10.120641	1	14	7	2.043416	1.042554	4.644377	2.390294	0	0
holistic	he1337	820	1.654574	1.654574	2	2	6	0	0	1.654574	0	0	0
conventional	ce1532	820	0.757264	35.640469	1	14	7	4.270775	7.206039	14.877027	9.286628	0.889223	0
conventional	ce1533	820	0.086047	20.166709	1	14	7	2.198903	3.624884	7.916991	6.425931	0	0
holistic	he1338	821	0	0	0	0	12	0	0	0	0	0	0
holistic	he1339	821	0	0	0	0	12	0	0	0	0	0	0
holistic	he1340	821	0	0	0	0	8	0	0	0	0	0	0.323808
conventional	ce1534	821	1.697193	15.713759	1	14	7	0.617559	2.524518	9.500054	3.071628	0.784947	0
conventional	ce1535	821	0.999562	34.930815	2	14	7	2.202459	5.562473	16.466127	10.699756	1.948696	0
conventional	ce1536	821	1.782078	46.086881	1	14	7	9.367350	8.193231	17.876896	10.649404	1.080053	0
conventional	ce1537	821	0	33.472317	0	14	7	7.310524	2.239313	12.076647	11.845833	0	0
holistic	he1341	822	0	0	0	0	3	0	0	0	0	0	0
holistic	he1342	822	0	0	0	0	12	0	0	0	0	0	0
holistic	he1343	822	0	0	0	0	3	0	0	0	0	0	0
holistic	he1344	823	0	0	0	0	9	0	0	0	0	0	0
conventional	ce1538	823	0.748200	36.349176	1	14	7	5.917083	0.555098	19.602152	10.274843	0	0
conventional	ce1539	823	0.387150	37.481532	1	14	7	5.261625	8.298682	11.606972	12.314253	0	0
conventional	ce1540	823	0.748200	27.570765	1	14	7	1.815136	4.108007	16.455056	5.192566	0.198561	0
holistic	he1345	824	0	0	0	0	2	0	0	0	0	0	0
conventional	ce1541	824	1.090831	33.547209	1	14	7	6.770696	5.230314	13.781849	7.764350	1.761220	0
conventional	ce1542	824	0.402384	29.073685	1	14	7	3.013534	7.309279	8.813461	9.937411	0	0
holistic	he1346	825	0	0	0	0	8	0	0	0	0	0	0.344734
holistic	he1347	825	0	0	0	0	17	0	0	0	0	0	0
conventional	ce1543	825	1.884083	16.894149	1	14	7	0.759776	3.379191	7.700586	5.054596	0.619819	0
conventional	ce1544	825	1.090831	24.333447	1	14	7	4.741046	2.129172	9.260587	8.202642	1.761220	0
conventional	ce1545	825	1.782078	49.080577	1	14	7	8.639487	8.193453	23.383611	8.864026	1.341522	0
conventional	ce1546	826	0.437492	15.375346	1	14	7	1.013004	0.910639	8.548046	4.903657	0	0
conventional	ce1547	826	0.624302	15.011604	1	14	7	0.930783	0.927187	8.961151	4.192483	0	0
conventional	ce1548	826	0.832166	29.706760	1	14	7	5.030581	5.345722	10.990044	8.340413	0	0
holistic	he1348	827	0	0	0	0	2	0	0	0	0	0	0
conventional	ce1549	827	0.402384	40.277217	1	14	7	2.945944	7.309237	19.725945	10.296091	0	0
conventional	ce1550	827	0.748200	39.166667	1	14	7	5.762474	2.218404	19.679460	11.506329	0	0
conventional	ce1551	828	0.824194	40.596788	1	14	7	1.451877	4.873146	23.804430	10.467335	0	0
conventional	ce1552	828	0.354317	15.082311	1	14	7	3.146819	1.521375	6.825847	3.588270	1.048336	0
holistic	he1349	829	1.654574	1.654574	2	2	6	0	0	1.654574	0	0	0
conventional	ce1553	829	1.090831	31.503111	1	14	7	6.244018	5.275630	14.456779	5.526684	1.586726	0
conventional	ce1554	830	0.832166	32.831502	1	14	7	5.452933	5.593566	15.235081	6.549922	0	0
conventional	ce1555	830	0.814517	8.478484	2	13	7	1.794968	1.185301	3.198204	2.300011	2.058688	0
conventional	ce1556	830	0	28.800300	0	14	7	5.170325	2.150112	11.199409	10.280454	0	0
conventional	ce1557	830	1.782078	39.091511	1	14	7	7.247518	1.665577	17.514863	12.663553	0.280533	0
holistic	he1350	831	0	0	0	0	8	0	0	0	0	0	0.323808
conventional	ce1558	831	0.748200	9.252832	1	14	7	1.530874	0.868686	4.932576	1.920696	0	0
conventional	ce1559	831	1.090831	12.385267	1	14	7	2.105875	1.380160	6.506514	2.392718	0.575882	0
conventional	ce1560	831	0.723861	14.713693	2	13	7	5.578436	0.349486	5.752736	3.033035	2.602138	0
conventional	ce1561	832	1.090831	22.686339	1	14	7	5.575838	2.210106	8.632141	6.268254	1.761220	0
holistic	he1351	833	0	0	0	0	2	0	0	0	0	0	0
holistic	he1352	833	0	0	0	0	9	0	0	0	0	0	0
conventional	ce1562	833	0.914778	9.593450	1	14	7	1.642147	1.159748	4.957448	1.834107	0.575882	0
holistic	he1353	834	0	0	0	0	0	0	0	0	0	0	0
conventional	ce1563	834	0.824194	40.768539	1	14	7	2.658100	4.735656	22.830946	10.543837	0	0
conventional	ce1564	834	1.697193	29.265477	1	14	7	1.641642	3.341761	15.805150	8.476924	0.784947	0
conventional	ce1565	834	1.968374	19.297828	1	14	7	1.389888	1.006567	11.334320	5.567053	2.115225	0
holistic	he1354	835	0	0	0	0	8	0	0	0	0	0	0
conventional	ce1566	835	0.402384	28.434752	1	14	7	3.361339	7.632791	7.996385	9.444237	0	0
holistic	he1355	836	0	0.249908	0	2	9	0	0	0.249908	0	0	0
holistic	he1356	837	0	0	0	0	9	0	0	0	0	0	0
holistic	he1357	838	0	0	0	0	14	0	0	0	0	0	0
holistic	he1358	840	0	0	0	0	12	0	0	0	0	0	0
conventional	ce1567	840	0.872476	29.298349	1	14	7	1.012224	3.293927	13.059095	11.933103	0	0
holistic	he1359	841	0	0	0	0	7	0	0	0	0	0	0
holistic	he1360	841	0	0	0	0	2	0	0	0	0	0	0
holistic	he1361	842	0	0	0	0	12	0	0	0	0	0	0
holistic	he1362	842	0	0	0	0	14	0	0	0	0	0	0
holistic	he1363	842	0	0	0	0	6	0	0	0	0	0	0
holistic	he1364	844	0.719770	0.719770	2	2	8	0	0	0.719770	0	0	0
conventional	ce1568	844	0.437492	14.892487	1	14	7	1.615391	1.659781	6.313528	5.303787	0	0
conventional	ce1569	845	0.437492	21.444768	1	14	7	1.837659	1.408995	13.816950	4.381164	0	0
conventional	ce1570	845	0.149926	33.820684	1	14	7	7.589973	4.782439	15.139502	6.308770	1.875099	0
holistic	he1365	846	0	0	0	0	6	0	0	0	0	0	0
holistic	he1366	846	0	0	0	0	7	0	0	0	0	0	0
holistic	he1367	846	0	0	0	0	9	0	0	0	0	0	0
holistic	he1368	846	0	0	0	0	12	0	0	0	0	0	0
holistic	he1369	847	0	0	0	0	11	0	0	0	0	0	0
holistic	he1370	847	0	0	0	0	11	0	0	0	0	0	0
conventional	ce1571	847	0.650008	11.828915	1	14	7	0.231233	1.893894	6.108435	3.595353	0	0
conventional	ce1572	847	1.697193	19.416063	1	14	7	1.470545	3.383335	10.719700	3.842483	0.784947	0
conventional	ce1573	847	1.443816	13.939055	1	14	7	2.558380	1.451738	7.633094	2.295843	0.323692	0
conventional	ce1574	847	1.300902	11.170956	1	14	7	1.938557	1.270502	5.128233	2.833664	0.575882	0
conventional	ce1575	847	0.748200	42.548222	1	14	7	8.721662	2.410035	19.538154	11.878371	0.265158	0
holistic	he1371	848	0	0	0	0	12	0	0	0	0	0	0
holistic	he1372	848	0	0	0	0	11	0	0	0	0	0.874546	0
holistic	he1373	848	0	0	0	0	2	0	0	0	0	0	0
holistic	he1374	849	0	0	0	0	12	0	0	0	0	0	0
conventional	ce1576	849	0.437492	13.162683	1	14	7	1.364322	1.510190	4.311419	5.976752	0	0
conventional	ce1577	849	1.697193	42.164439	1	14	7	6.196157	1.821371	18.214352	15.932559	0.619819	0
holistic	he1375	850	0	0	0	0	8	0	0	0	0	0	0.344734
holistic	he1376	850	0	0	0	0	12	0	0	0	0	0	0
conventional	ce1578	850	0	34.011856	0	14	7	4.312914	3.039487	12.735856	13.923599	0	0
conventional	ce1579	850	1.782078	35.061987	1	14	7	5.899953	4.426314	14.641925	10.093795	0	0
holistic	he1377	851	1.654574	1.654574	2	2	6	0	0	1.654574	0	0	0
holistic	he1378	851	0	0.043856	0	2	9	0	0	0.043856	0	0	0
holistic	he1379	852	0	0	0	0	8	0	0	0	0	0	0
conventional	ce1580	852	0.814517	21.173015	2	14	7	2.418864	1.261175	11.331492	6.161484	2.812707	0
conventional	ce1581	852	1.348565	8.674995	1	14	7	1.348517	1.119915	3.610560	2.596003	0.266423	0
conventional	ce1582	852	0	38.742422	0	14	7	7.133203	5.468739	15.728938	10.411542	0	0
holistic	he1380	853	0	0	0	0	12	0	0	0	0	0	0
conventional	ce1583	853	0.748200	42.448795	1	14	7	6.415184	2.828284	20.929834	12.275493	0	0
holistic	he1381	854	0	0	0	0	6	0	0	0	0	0	0
conventional	ce1584	854	2.023321	18.190417	1	14	7	0.667691	2.240309	11.115906	4.166511	0.280533	0
conventional	ce1585	854	1.144737	4.836923	1	14	7	0.826632	0.583799	2.495504	0.930988	1.215548	0
conventional	ce1586	854	0.034277	34.785312	1	14	7	5.614559	1.214145	17.932903	10.023705	0	0
holistic	he1382	855	0	0	0	0	2	0	0	0	0	0	0.462688
holistic	he1383	855	0	0	0	0	6	0	0	0	0	0	0.323808
holistic	he1384	855	0	0	0	0	6	0	0	0	0	0	0
holistic	he1385	855	0	0	0	0	3	0	0	0	0	0	0
conventional	ce1587	855	1.090831	14.373013	1	14	7	2.527095	1.433985	6.508684	3.903249	0.595418	0
conventional	ce1588	855	1.191208	41.787480	2	14	7	3.039800	6.725283	17.883219	14.139178	1.703406	0
holistic	he1386	856	0	0	0	0	12	0	0	0	0	0	0
holistic	he1387	856	0	0	0	0	12	0	0	0	0	0	0
holistic	he1388	856	0	0	0	0	2	0	0	0	0	0	0
holistic	he1389	856	0	0	0	0	9	0	0	0	0	0	0
holistic	he1390	856	0	0	0	0	6	0	0	0	0	0	0
holistic	he1391	856	0	0	0	0	3	0	0	0	0	0	0
holistic	he1392	856	0	0	0	0	15	0	0	0	0	0	0
holistic	he1393	857	0	0	0	0	8	0	0	0	0	0	0.058950
conventional	ce1589	857	1.348565	4.897643	1	7	7	0.747176	0.284560	2.000511	1.865396	0.266423	0
conventional	ce1590	857	1.144737	15.024601	1	14	7	2.437851	1.721704	7.607523	3.257523	1.215548	0
conventional	ce1591	857	0.824194	45.022766	1	14	7	3.570491	4.330041	24.305134	12.817100	0	0
holistic	he1394	858	0	0	0	0	12	0	0	0	0	0	0
conventional	ce1592	858	1.418542	16.908841	1	14	7	1.494788	0.918194	7.386711	7.109148	0	0
conventional	ce1593	858	1.346480	33.058409	1	14	7	5.425725	6.167326	12.517396	8.947962	1.761220	0
holistic	he1395	859	0	0	0	0	12	0	0	0	0	0	0
holistic	he1396	859	0	0	0	0	2	0	0	0	0	0	0.462688
holistic	he1397	859	0	0	0	0	12	0	0	0	0	0	0
holistic	he1398	859	0	0	0	0	12	0	0	0	0	0	0
conventional	ce1594	859	1.782078	51.049403	1	14	7	8.702781	10.810572	21.142578	10.393472	1.550831	0
conventional	ce1595	860	1.418542	20.139236	1	14	7	1.610603	1.381236	8.072380	9.075017	0	0
holistic	he1399	861	0	0	0	0	11	0	0	0	0	0	0
conventional	ce1596	861	2.537872	17.135167	1	14	7	0.663935	1.405616	11.386388	3.679228	0.280533	0
conventional	ce1597	861	1.651971	29.255879	2	14	7	2.213758	6.194732	11.959523	8.887866	1.948696	0
holistic	he1400	862	0	0	0	0	12	0	0	0	0	0	0
holistic	he1401	862	0	0	0	0	3	0	0	0	0	0	0
conventional	ce1598	862	2.023321	42.891251	1	14	7	5.762474	5.621720	20.134345	11.372712	0.280533	0
conventional	ce1599	862	0.354317	13.913322	1	14	7	2.980610	1.441019	6.100835	3.390858	1.048336	0
conventional	ce1600	862	0.172311	31.328933	1	14	7	1.803231	5.625750	12.626535	11.273417	0	0
holistic	he1402	863	4.369700	4.369700	4	4	12	0	0	4.369700	0	0	0
holistic	he1403	863	0	0	0	0	12	0	0	0	0	0	0
conventional	ce1601	863	0.442757	25.503231	1	14	7	1.637397	2.670566	13.533414	7.661854	0	0
conventional	ce1602	863	0	40.647952	0	14	7	6.445137	5.786672	17.730372	10.685771	0	0
conventional	ce1603	863	0.024380	13.196132	1	14	7	2.183181	1.238833	7.034348	2.739770	0	0
holistic	he1404	864	0	0	0	0	12	0	0	0	0	0	0
conventional	ce1604	864	0.914778	9.549333	1	14	7	1.642147	1.159748	4.838205	1.909233	0.575882	0
conventional	ce1605	864	0.748200	24.071479	1	14	7	1.880075	1.808127	8.472826	11.910451	0.158961	0
conventional	ce1606	864	1.346480	29.618667	1	14	7	6.075040	4.603117	9.636198	9.304312	2.058597	0
holistic	he1405	865	0	0	0	0	6	0	0	0	0	0	0
conventional	ce1607	865	0.772606	13.018390	2	13	7	1.158321	2.012978	5.287698	4.559393	2.137451	0
conventional	ce1608	865	1.419654	25.113904	1	14	7	1.155506	3.359942	13.197983	7.400473	0.784947	0
conventional	ce1609	865	1.464386	16.947134	1	14	7	2.557057	2.123582	8.180333	4.086162	0.329039	0
conventional	ce1610	865	1.968374	21.989562	1	14	7	1.280242	0.762414	13.789459	6.157447	2.115225	0
conventional	ce1611	865	0.437492	15.498478	1	14	7	0.967198	1.361108	5.450942	7.719230	0	0
holistic	he1406	866	0	0	0	0	3	0	0	0	0	0	0
holistic	he1407	866	0	0	0	0	6	0	0	0	0	0	0
conventional	ce1612	866	1.968374	17.815962	1	14	7	0.872442	1.161712	11.694954	4.086854	1.807047	0
conventional	ce1613	866	0.824194	47.188768	1	14	7	1.217555	5.638548	31.605059	8.727606	0	0
conventional	ce1614	866	1.697193	21.853149	1	14	7	1.280657	3.117739	13.844424	3.610329	0.784947	0
holistic	he1408	867	0	0	0	0	3	0	0	0	0	0	0
conventional	ce1615	867	0.914778	11.173799	1	14	7	1.642147	1.159748	6.237691	2.134213	0.575882	0
conventional	ce1616	867	2.023321	27.315877	1	14	7	0.488146	1.851413	13.472924	11.503394	0.224654	0
holistic	he1409	868	0	0	0	0	4	0	0	0	0	0	0
holistic	he1410	868	0	0	0	0	4	0	0	0	0	0	0.693386
holistic	he1411	868	0	0	0	0	0	0	0	0	0	0	0
conventional	ce1617	868	1.697193	20.171335	1	14	7	1.895201	2.546623	10.536615	5.192896	0.784947	0
holistic	he1412	869	0	0	0	0	9	0	0	0	0	0	0
conventional	ce1618	869	1.090831	25.257178	1	14	7	4.859203	2.389043	9.449904	8.559028	0	0
holistic	he1413	870	0	0	0	0	12	0	0	0	0	0	0
holistic	he1414	870	0	0	0	0	10	0	0	0	0	0	0.161904
holistic	he1415	870	0	0	0	0	15	0	0	0	0	0	0.088425
conventional	ce1619	870	0.437492	17.794592	1	14	7	1.649979	2.016999	5.918669	8.208945	0	0
conventional	ce1620	870	1.048944	5.109572	1	14	7	0.860262	0.607550	2.375161	1.266599	0.727796	0
holistic	he1416	871	0	0	0	0	12	0	0	0	0	0	0
holistic	he1417	871	0	0	0	0	3	0	0	0	0	0	0
holistic	he1418	871	0	0	0	0	8	0	0	0	0	0	0.344734
conventional	ce1621	871	0.914778	10.109303	1	14	7	1.856902	1.159748	4.842812	2.249841	0.926907	0
holistic	he1419	872	0	0	0	0	0	0	0	0	0	0	0
holistic	he1420	872	0	0	0	0	13	0	0	0	0	0	0
holistic	he1421	872	0	0	0	0	9	0	0	0	0	0	0
conventional	ce1622	872	0.814517	8.039764	2	13	7	1.808468	1.054614	2.450780	2.725902	2.058688	0
holistic	he1422	873	0	0.249908	0	2	9	0	0	0.249908	0	0	0
holistic	he1423	874	1.654574	1.654574	2	2	8	0	0	1.654574	0	0	0
holistic	he1424	874	0	0	0	0	11	0	0	0	0	0	0
conventional	ce1623	874	0.748200	30.364229	1	14	7	2.221268	3.659390	17.286452	7.197119	0.198561	0
conventional	ce1624	874	0.448915	21.586272	1	14	7	1.679719	2.052655	13.271761	4.582137	0	0
holistic	he1425	875	0	0	0	0	3	0	0	0	0	0	0
conventional	ce1625	875	0	20.043281	0	14	7	1.116636	0.478653	13.591073	4.856919	0	0
holistic	he1426	876	0	0	0	0	9	0	0	0	0	0	0
conventional	ce1626	876	1.180806	35.656486	1	14	7	1.460599	5.635361	22.790829	5.769697	0	0
conventional	ce1627	876	1.047823	26.455635	2	14	7	0.464722	2.730294	14.473542	8.787077	2.066461	0
conventional	ce1628	878	0.437492	15.086970	1	14	7	1.013004	0.652712	8.714982	4.706272	0	0
holistic	he1427	879	0	0	0	0	2	0	0	0	0	0	0.462688
conventional	ce1629	879	0.832166	30.309473	1	14	7	5.125279	5.761216	10.156901	9.266077	0	0
holistic	he1428	880	0	0	0	0	2	0	0	0	0	0	0
holistic	he1429	880	0	0	0	0	12	0	0	0	0	0	0
conventional	ce1630	880	0	23.923333	0	14	7	0.777420	3.293337	10.729486	9.123090	0	0
holistic	he1430	881	0	0	0	0	8	0	0	0	0	0	0.344734
conventional	ce1631	881	1.697193	26.895276	1	14	7	1.068760	4.291610	14.756311	6.778595	0.784947	0
conventional	ce1632	881	1.418542	16.293560	1	14	7	1.372846	0.737950	7.053844	7.128920	0	0
holistic	he1431	882	0	0	0	0	4	0	0	0	0	0	0
holistic	he1432	882	0	0	0	0	6	0	0	0	0	0	0
holistic	he1433	882	0	0	0	0	3	0	0	0	0	0	0
conventional	ce1633	883	1.697193	16.852641	1	14	7	2.932448	1.441436	8.465002	4.013755	0.784947	0
holistic	he1434	884	0	0	0	0	7	0	0	0	0	0	0
holistic	he1435	885	0	0	0	0	3	0	0	0	0	0	0
conventional	ce1634	885	1.968374	22.001617	1	14	7	1.825976	1.379149	12.399407	6.397085	1.965274	0
conventional	ce1635	885	1.090831	20.966740	1	14	7	4.233626	1.765823	6.638235	8.329056	0	0
holistic	he1436	886	0	0	0	0	14	0	0	0	0	0	0
conventional	ce1636	886	1.300902	17.836030	1	14	7	3.238259	2.122308	8.566450	3.909013	3.158729	0
conventional	ce1637	886	1.697193	19.664474	1	14	7	4.314485	1.280047	9.598764	4.471178	0.784947	0
conventional	ce1638	886	0.437492	14.630779	1	14	7	0.785463	1.024903	6.004621	6.815792	0	0
holistic	he1437	887	0	0	0	0	3	0	0	0	0	0	0
conventional	ce1639	887	0.324444	42.527346	1	14	7	6.610060	3.455537	20.868048	11.593701	0	0
conventional	ce1640	888	1.348565	4.374403	1	14	7	0.618059	0.513285	1.654811	1.588248	1.990775	0
conventional	ce1641	888	1.697193	46.022957	1	14	7	4.565333	3.177913	19.563354	18.716357	0.988567	0
conventional	ce1642	889	1.697193	35.663272	1	14	7	1.072097	4.076261	21.689912	8.825002	0.784947	0
conventional	ce1643	890	1.697193	30.060046	1	14	7	1.640046	4.737862	18.703360	4.978778	0.784947	0
conventional	ce1644	891	0.437492	17.599875	1	14	7	1.651060	1.989535	8.673285	5.285995	0	0
conventional	ce1645	891	1.968374	22.129526	1	14	7	1.407182	1.087209	13.465410	6.169725	2.878976	0
conventional	ce1646	891	2.091094	26.354423	1	14	7	1.453008	2.264477	14.345661	8.291277	1.807047	0
holistic	he1438	893	0	0	0	0	9	0	0	0	0	0	0
holistic	he1439	893	0	0	0	0	6	0	0	0	0	0	0
conventional	ce1647	893	0.437492	25.669418	1	14	7	1.209922	3.546403	18.165483	2.747610	0	0
conventional	ce1648	893	0.914778	7.878592	1	12	7	0	1.103960	4.609855	2.164777	1.828835	0
conventional	ce1649	893	1.090831	27.526214	1	14	7	4.366528	1.363622	12.115751	9.680313	0	0
conventional	ce1650	894	1.690907	35.941693	1	14	7	3.764300	3.286922	14.683049	14.207422	0.619819	0
conventional	ce1651	894	0.914778	6.066819	1	14	7	1.013717	0.715927	3.080113	1.257062	0.575882	0
holistic	he1440	895	0	0	0	0	7	0	0	0	0	0	0
conventional	ce1652	895	1.845470	33.211742	1	14	7	0.645112	3.414153	16.451734	12.700743	0.224654	0
holistic	he1441	896	0	0	0	0	12	0	0	0	0	0	0
holistic	he1442	897	0	0	0	0	2	0	0	0	0	0	0
holistic	he1443	899	0	0	0	0	0	0	0	0	0	0	0
conventional	ce1653	899	1.282129	38.371860	1	14	7	5.551255	1.729823	15.127153	15.963629	0.619819	0
holistic	he1444	900	0	0	0	0	8	0	0	0	0	0	0
holistic	he1445	901	0	0	0	0	12	0	0	0	0	0	0
holistic	he1446	901	0	0	0	0	0	0	0	0	0	0	0
conventional	ce1654	901	0.808605	45.849604	1	14	7	6.697848	9.291578	16.981512	12.878666	0	0
holistic	he1447	903	0	0	0	0	24	0	0	0	0	0	0
holistic	he1448	903	0.359885	0.359885	1	1	6	0	0	0.359885	0	0	0
holistic	he1449	904	0	0	0	0	13	0	0	0	0	0	0
conventional	ce1655	904	0.448915	37.284318	1	14	7	6.655756	5.181470	14.689227	10.757865	0	0
holistic	he1450	905	0	0	0	0	12	0	0	0	0	0	0
holistic	he1451	906	0	0	0	0	12	0	0	0	0	0	0
holistic	he1452	906	0	0	0	0	3	0	0	0	0	0	0
holistic	he1453	906	0	0	0	0	6	0	0	0	0	0	0
holistic	he1454	907	0	0	0	0	6	0	0	0	0	0	0
holistic	he1455	907	0	0	0	0	15	0	0	0	0	0	0
conventional	ce1656	907	1.348565	8.668914	1	14	7	1.104142	0.916967	3.091563	3.556242	1.197489	0
conventional	ce1657	907	0.914778	11.964169	1	12	7	0	1.631657	8.352143	1.980369	1.237050	0
holistic	he1456	908	0	0	0	0	9	0	0	0	0	0	0
holistic	he1457	908	0	0	0	0	9	0	0	0	0	0	0
holistic	he1458	908	0	0	0	0	6	0	0	0	0	0	0
holistic	he1459	909	0	0	0	0	16	0	0	0	0	0	0
holistic	he1460	909	0	0	0	0	12	0	0	0	0	0	0
holistic	he1461	909	0	0	0	0	2	0	0	0	0	0	0
conventional	ce1658	909	1.697193	17.192203	1	14	7	4.487716	0.640954	5.903244	6.160289	0.784947	0
conventional	ce1659	909	0.832166	24.677382	1	14	7	5.656455	2.397973	12.216146	4.406808	0	0
conventional	ce1660	909	2.171419	43.771027	1	14	7	5.931699	5.664947	20.319237	11.855144	0.280533	0
holistic	he1462	910	0	0	0	0	8	0	0	0	0	0	0.986702
holistic	he1463	910	0	0	0	0	8	0	0	0	0	0	0.236234
holistic	he1464	911	0	0	0	0	3	0	0	0	0	0	0
holistic	he1465	912	0	0	0	0	4	0	0	0	0	0	0
conventional	ce1661	912	0.354317	14.546970	1	14	7	3.814611	1.688142	5.653359	3.390858	2.419352	0
conventional	ce1662	912	1.146457	4.517857	1	14	7	0.618059	0.509220	1.794934	1.595644	1.990775	0
conventional	ce1663	912	1.697193	25.607613	1	14	7	3.687134	4.315414	11.357501	6.247564	0.988567	0
holistic	he1466	913	0	0	0	0	9	0	0	0	0	0	0
holistic	he1467	913	0	0	0	0	14	0	0	0	0	0	0
holistic	he1468	913	0	0	0	0	12	0	0	0	0	0	0
conventional	ce1664	913	1.090831	30.590082	1	14	7	2.192525	4.718475	16.695653	6.983429	0	0
conventional	ce1665	913	1.968374	21.854951	1	14	7	0.198079	1.092743	16.026055	4.538074	1.807047	0
holistic	he1469	914	0	0	0	0	16	0	0	0	0	0	0
conventional	ce1666	914	0.824194	46.325589	1	14	7	4.466857	6.551489	23.344333	11.962910	0	0
conventional	ce1667	914	0.084403	37.246732	1	14	7	7.054842	5.062647	15.837960	9.291283	0	0
holistic	he1470	915	0	0	0	0	12	0	0	0	0	0	0
holistic	he1471	915	0	0	0	0	9	0	0	0	0	0	0
holistic	he1472	915	0	0	0	0	2	0	0	0	0	0	0
conventional	ce1668	915	2.023321	27.742694	1	14	7	0.542308	2.821664	14.233539	10.145183	0.280533	0
holistic	he1473	916	0	0	0	0	2	0	0	0	0	0	0
holistic	he1474	916	0	0	0	0	2	0	0	0	0	0	0
holistic	he1475	916	0	0	0	0	12	0	0	0	0	0	0
holistic	he1476	916	0	0	0	0	8	0	0	0	0	0	0
holistic	he1477	916	0.359885	0.359885	1	1	6	0	0	0.359885	0	0	0
holistic	he1478	916	0	0	0	0	3	0	0	0	0	0	0
holistic	he1479	916	0	0	0	0	3	0	0	0	0	0	0
holistic	he1480	917	0	0	0	0	2	0	0	0	0	0	0
holistic	he1481	917	0	0	0	0	6	0	0	0	0	0	0
conventional	ce1669	917	0	34.022893	0	14	7	4.249230	6.009290	13.780959	9.983414	0	0
conventional	ce1670	917	0.024380	12.866130	1	14	7	2.354952	1.238833	6.532575	2.739770	0	0
holistic	he1482	918	0.359885	0.359885	1	1	6	0	0	0.359885	0	0	0
holistic	he1483	918	0	0	0	0	3	0	0	0	0	0	0
holistic	he1484	918	0	0	0	0	0	0	0	0	0	0	0
conventional	ce1671	918	0.354317	13.859627	1	14	7	2.884892	1.394742	6.433300	3.146693	1.048336	0
conventional	ce1672	918	0.914778	6.788208	1	12	7	0	0.722207	4.609855	1.456146	1.485744	0
holistic	he1485	919	0	0	0	0	4	0	0	0	0	0	0
holistic	he1486	919	0	0	0	0	3	0	0	0	0	0	0
holistic	he1487	919	0	0	0	0	8	0	0	0	0	0	0.161904
holistic	he1488	919	0	0	0	0	9	0	0	0	0	0	0
holistic	he1489	919	0	0	0	0	12	0	0	0	0	0	0
conventional	ce1673	919	0.665921	20.013837	1	14	7	2.679795	1.804006	10.102432	5.427604	0	0
holistic	he1490	920	0	0	0	0	8	0	0	0	0	0	0
holistic	he1491	920	0	0	0	0	3	0	0	0	0	0	0
conventional	ce1674	920	0.448915	21.875083	1	14	7	2.145398	1.924219	12.731749	5.073717	0	0
conventional	ce1675	920	1.697193	25.507973	1	14	7	1.884069	5.106109	13.022483	5.495312	0.784947	0
holistic	he1492	921	0	0	0	0	6	0	0	0	0	0	0
conventional	ce1676	921	0.977441	24.862727	1	14	7	5.025171	2.276264	8.153822	9.407470	0.485425	0
holistic	he1493	922	0	0	0	0	17	0	0	0	0	0	0.117900
conventional	ce1677	922	0.437492	16.726938	1	14	7	1.453961	1.662801	7.003661	6.606515	0	0
conventional	ce1678	922	0.024380	14.679735	1	14	7	2.411482	1.268570	8.196948	2.802735	0	0
holistic	he1494	923	0	0	0	0	3	0	0	0	0	0	0
conventional	ce1679	923	1.538255	29.443379	1	14	7	2.977664	3.169527	16.504171	6.792017	0.280533	0
conventional	ce1680	923	0.437492	18.754194	1	14	7	1.389584	0.826142	6.287594	10.250874	0	0
conventional	ce1681	923	0	21.824529	0	14	7	4.165448	1.969925	8.768142	6.921014	0	0
holistic	he1495	924	0	0	0	0	3	0	0	0	0	0	0
conventional	ce1682	924	0.561141	38.255797	1	14	7	7.616218	6.128148	13.798076	10.713355	0.619819	0
conventional	ce1683	924	0.324444	41.144641	1	14	7	6.283428	3.372860	20.240941	11.247412	0	0
conventional	ce1684	924	0.448915	20.770091	1	14	7	2.025947	1.683448	12.297323	4.763373	0	0
conventional	ce1685	924	1.348565	10.808107	1	14	7	1.624797	1.349360	4.350282	3.483668	0.430034	0
holistic	he1496	925	0	0	0	0	13	0	0	0	0	0	0
holistic	he1497	925	0	0	0	0	8	0	0	0	0	0	0.344734
conventional	ce1686	925	0.448915	4.013545	1	14	7	0.588958	0.572949	2.019571	0.832067	0	0
conventional	ce1687	925	0.024380	18.912790	1	14	7	2.701227	1.417603	9.865080	4.928880	0	0
conventional	ce1688	925	1.418542	14.689763	1	14	7	1.228618	0.579747	4.723116	8.158282	0	0
conventional	ce1689	925	1.282129	46.948366	1	14	7	8.337718	5.633211	19.428130	13.549307	0.895904	0
conventional	ce1690	925	0.437492	61.819514	1	14	7	5.424872	5.224109	30.805567	20.364966	0	0
holistic	he1498	926	0	0	0	0	8	0	0	0	0	0	0.344734
conventional	ce1691	926	0.656214	26.136764	1	14	7	1.401038	2.983290	14.568633	7.183803	0	0
conventional	ce1692	926	0.914778	8.983302	1	12	7	0	1.182449	6.052733	1.748120	1.237050	0
conventional	ce1693	926	0.914778	6.961588	1	14	7	1.291488	0.806612	3.469918	1.393570	2.420785	0
conventional	ce1694	926	0.665921	41.729382	1	14	7	5.411363	5.898380	20.349406	10.070233	0	0
holistic	he1499	927	0	0.777596	0	2	9	0	0	0.777596	0	0	0
holistic	he1500	927	0	0	0	0	4	0	0	0	0	0	0.728444
conventional	ce1695	927	1.729810	44.392171	1	14	7	7.372328	5.666801	19.118684	12.234358	0.895904	0
conventional	ce1696	927	2.569043	25.708544	1	14	7	0.678402	1.564041	12.183508	11.282593	0.957071	0
conventional	ce1697	927	0.354317	19.727881	1	12	7	6.457965	1.926534	9.570881	1.772501	2.419352	0
conventional	ce1698	928	1.146457	40.836567	1	14	7	6.741620	8.816583	15.580567	9.697797	1.464043	0
conventional	ce1699	928	1.697193	28.200664	1	14	7	1.809436	5.584397	14.435403	6.371428	0.784947	0
conventional	ce1700	928	0.665921	24.023519	1	14	7	2.722250	0.930284	10.990475	9.380510	0	0
conventional	ce1701	928	1.418542	17.319710	1	14	7	1.648891	0.855059	7.255906	7.559854	0	0
holistic	he1501	929	0	0	0	0	10	0	0	0	0	0	0
conventional	ce1702	929	1.418542	17.865570	1	14	7	1.606149	0.520420	7.050399	8.688602	0	0
conventional	ce1703	929	0.552505	18.507418	1	14	7	3.392591	0.891593	7.147489	7.075745	0.619819	0
holistic	he1502	930	0	0	0	0	8	0	0	0	0	0	0.392414
holistic	he1503	930	0	0	0	0	17	0	0	0	0	0	0.344734
holistic	he1504	930	0	0	0	0	4	0	0	0	0	0	0
holistic	he1505	930	0	0	0	0	14	0	0	0	0	0	0
conventional	ce1704	930	1.697193	27.932781	1	14	7	0.879742	3.385585	17.255310	6.412144	0.784947	0
conventional	ce1705	930	1.968374	22.405447	1	14	7	2.503616	1.477612	9.516663	8.907556	1.685742	0
holistic	he1506	931	0	0	0	0	6	0	0	0	0	0	0
holistic	he1507	931	0	0	0	0	8	0	0	0	0	0	0
conventional	ce1706	931	1.697193	26.031232	1	14	7	6.498779	3.444866	11.876845	4.210742	0.882334	0
conventional	ce1707	931	0.832166	26.055061	1	14	7	5.385823	2.499289	12.568871	5.601078	0	0
holistic	he1508	932	0	0	0	0	6	0	0	0	0	0	0
holistic	he1509	932	0	0	0	0	12	0	0	0	0	0	0
conventional	ce1708	932	2.171419	14.668042	1	14	7	3.419874	0.468948	4.983631	5.795589	0.280533	0
conventional	ce1709	932	0.126476	47.350635	1	14	7	6.133617	4.311341	24.978422	11.927255	0	0
conventional	ce1710	932	0.344329	23.408862	1	14	7	4.211225	1.970914	10.561990	6.664733	0.929846	0
holistic	he1510	933	0	0	0	0	0	0	0	0	0	0	0
conventional	ce1711	933	0.635799	0.316769	1	14	7	0.024649	0.024166	0.105978	0.161976	0.650728	0
conventional	ce1712	933	0	19.326830	0	14	7	0.743041	3.469435	6.885510	8.228844	0	0
holistic	he1511	934	0	0	0	0	3	0	0	0	0	0	0
holistic	he1512	934	0	0	0	0	3	0	0	0	0	0	0
conventional	ce1713	934	1.470846	26.778442	1	14	7	0.639049	2.055505	13.579752	10.504136	0.280533	0
conventional	ce1714	934	0.448915	18.493742	1	14	7	1.854566	1.180290	11.243188	4.215698	0	0
conventional	ce1715	934	0	16.469840	0	14	7	0.584474	3.041329	6.190404	6.653633	0	0
holistic	he1513	935	0.268722	0.268722	2	2	9	0	0	0.268722	0	0	0
conventional	ce1716	936	2.268727	27.481120	1	14	7	6.711226	3.279593	13.146691	4.343610	0.882334	0
holistic	he1514	937	0	0	0	0	19	0	0	0	0	0	0
conventional	ce1717	938	0.334449	39.493220	1	14	7	5.611191	9.333147	13.923352	10.625530	0	0
holistic	he1515	939	0	0	0	0	12	0	0	0	0	0	0
holistic	he1516	939	0	0	0	0	3	0	0	0	0	0	0
conventional	ce1718	939	2.264942	29.499848	1	14	7	1.640046	4.737862	17.567795	5.554145	0.784947	0
conventional	ce1719	939	2.171419	40.477154	1	14	7	5.251049	4.514893	20.122539	10.588673	0.280533	0
holistic	he1517	940	0	0	0	0	2	0	0	0	0	0	0
holistic	he1518	940	0	0	0	0	17	0	0	0	0	0	0
holistic	he1519	940	0	0	0	0	10	0	0	0	0	0	0
conventional	ce1720	940	0.914778	11.609451	1	14	7	2.229397	1.392392	5.989853	1.997809	1.485744	0
conventional	ce1721	940	0	22.726138	0	14	7	0.743638	3.040765	9.121116	9.820619	0	0
holistic	he1520	941	0	0	0	0	6	0	0	0	0	0	0
holistic	he1521	941	0	0	0	0	12	0	0	0	0	0	0
holistic	he1522	941	0	0	0	0	3	0	0	0	0	0	0
conventional	ce1722	941	0.693254	4.498590	1	14	7	0.618059	0.513285	1.877078	1.490168	1.990775	0
conventional	ce1723	941	0.448915	21.488541	1	14	7	2.365915	1.052906	12.953467	5.116253	0	0
holistic	he1523	942	0	0	0	0	9	0	0	0	0	0	0
holistic	he1524	942	0	0	0	0	8	0	0	0	0	0	0
conventional	ce1724	943	0.448915	20.070516	1	14	7	3.090490	1.603073	7.615218	7.761735	0	0
holistic	he1525	944	0	0	0	0	10	0	0	0	0	0	0
holistic	he1526	944	0.167852	0.167852	2	2	8	0	0	0.167852	0	0	0.344734
holistic	he1527	944	0	0	0	0	9	0	0	0	0	0	0
conventional	ce1725	944	0.635799	8.025524	1	14	7	0.798229	0.873115	4.922264	1.431916	0.650728	0
conventional	ce1726	944	1.942660	29.660775	1	14	7	3.465673	1.602644	13.381224	11.211234	0	0
holistic	he1528	945	0	0	0	0	9	0	0	0	0	0	0
conventional	ce1727	945	1.348565	11.275570	1	14	7	1.816859	1.826142	4.914868	2.717701	0.430034	0
conventional	ce1728	945	0.856010	6.909715	1	14	7	1.291488	0.806612	3.469918	1.341697	2.420785	0
conventional	ce1729	945	1.300902	20.938292	1	14	7	3.708965	2.430802	10.438091	4.360434	2.766099	0
holistic	he1529	946	0	0	0	0	7	0	0	0	0	0	0.703998
conventional	ce1730	946	1.690907	37.556046	1	14	7	5.365589	5.126013	18.814834	8.249610	0.619819	0
conventional	ce1731	946	1.697193	20.935556	1	14	7	2.049241	3.189469	11.704575	3.992271	0.784947	0
conventional	ce1732	946	1.697193	2.282268	1	12	7	0	0.039832	0.267369	1.975067	0.784947	0
holistic	he1530	947	0	0	0	0	4	0	0	0	0	0	0
conventional	ce1733	947	0.448915	35.886953	1	14	7	4.356447	3.563066	15.615508	12.351932	0	0
conventional	ce1734	948	0	19.141896	0	14	7	1.286961	2.003162	7.718021	8.133752	0	0
conventional	ce1735	948	1.348565	10.112596	1	14	7	1.383105	1.148640	3.567694	4.013157	0.430034	0
conventional	ce1736	948	0.354317	26.132708	1	14	7	2.548299	2.158427	15.523311	5.902671	2.440404	0
conventional	ce1737	949	0.914778	10.416570	1	12	7	0	1.415779	6.431049	2.569742	1.237050	0
holistic	he1531	950	0	0	0	0	9	0	0	0	0	0	0
conventional	ce1738	950	0.354317	13.859627	1	14	7	2.884892	1.394742	6.433300	3.146693	1.048336	0
conventional	ce1739	950	1.121402	22.705985	1	14	7	2.044355	2.772423	11.873397	6.015810	0	0
holistic	he1532	951	0	0	0	0	9	0	0	0	0	0	0
conventional	ce1740	951	2.023321	25.953389	1	14	7	0.754270	2.374945	11.764963	11.059211	0.280533	0
conventional	ce1741	951	0.665921	22.749388	1	14	7	3.305557	2.016641	9.612325	7.814865	0	0
holistic	he1533	952	0	0	0	0	5	0	0	0	0	0	0
conventional	ce1742	952	0.914778	9.150939	1	12	7	0	0.759251	6.671766	1.719922	1.253812	0
conventional	ce1743	952	0.448915	35.228569	1	14	7	5.936923	4.695864	13.892133	10.703649	0	0
conventional	ce1744	952	0.656214	36.420984	1	14	7	5.657125	0.897346	14.041699	15.824814	0	0
holistic	he1534	953	0	0	0	0	12	0	0	0	0	0	0
holistic	he1535	953	0	1.555192	0	4	18	0	0	1.555192	0	0	0
conventional	ce1745	953	1.825118	28.532404	1	14	7	2.414084	5.646488	16.211745	4.260087	0.784947	0
conventional	ce1746	953	0	13.635815	0	14	7	0.718376	2.556514	4.736661	5.624264	0	0
conventional	ce1747	953	1.968374	22.544944	1	14	7	0.413564	1.145548	17.456743	3.529089	1.807047	0
holistic	he1536	954	0	0	0	0	0	0	0	0	0	0	0
conventional	ce1748	954	1.697193	25.423667	1	14	7	5.275607	3.361849	11.507667	5.278544	0.882334	0
conventional	ce1749	954	0	17.143135	0	14	7	1.183515	3.150983	7.977470	4.831167	0	0
holistic	he1537	957	0	0	0	0	8	0	0	0	0	0	0
holistic	he1538	958	0	0	0	0	12	0	0	0	0	0	0
conventional	ce1750	959	0	24.659410	0	14	7	0.806458	2.437126	12.254940	9.160886	0.280533	0
holistic	he1539	960	0	0	0	0	0	0	0	0	0	0	0
conventional	ce1751	961	1.300902	16.015593	1	7	7	2.451412	1.606620	7.713700	4.243861	2.758453	0
conventional	ce1752	961	0.914778	14.186737	1	14	7	2.783930	1.738732	7.479752	2.184323	1.485744	0
holistic	he1540	963	0	0	0	0	13	0	0	0	0	0	0.861835
holistic	he1541	964	0	0	0	0	10	0	0	0	0	0	0
holistic	he1542	964	0	0	0	0	6	0	0	0	0	0	0
conventional	ce1753	964	0.448915	14.102469	1	14	7	1.031003	1.240327	6.654500	5.176639	0.279443	0
holistic	he1543	965	0	0	0	0	8	0	0	0	0	0	0.161904
holistic	he1544	965	0	0	0	0	6	0	0	0	0	0	0
holistic	he1545	966	0	0	0	0	5	0	0	0	0	0	0
holistic	he1546	966	0	0	0	0	12	0	0	0	0	0	0
holistic	he1547	967	0	0	0	0	4	0	0	0	0	0	0
conventional	ce1754	967	0.656214	30.337534	1	14	7	4.256190	6.844464	10.332811	8.904069	0	0
holistic	he1548	968	0	0	0	0	12	0	0	0	0	0	0
holistic	he1549	968	0	0	0	0	4	0	0	0	0	0	0
holistic	he1550	969	0.757655	0.757655	1	1	4	0	0	0.757655	0	0	0
holistic	he1551	969	0	0	0	0	11	0	0	0	0	0	0
conventional	ce1755	969	0.448915	33.648103	1	14	7	3.462047	2.049695	19.215970	8.920391	0	0
conventional	ce1756	969	1.418542	25.582229	1	14	7	2.023411	1.431167	10.871500	11.256151	0	0
holistic	he1552	970	0	0	0	0	14	0	0	0	0	0	0.689468
holistic	he1553	970	1.405814	1.405814	1	1	6	0	0	0	1.405814	0	0
conventional	ce1757	972	1.348565	7.086385	1	14	7	0.878079	0.778743	2.264988	3.164575	0.430034	0
conventional	ce1758	972	0.693254	32.346877	1	14	7	5.643080	3.415400	15.244263	8.044134	2.425319	0
holistic	he1554	973	0	0	0	0	6	0	0	0	0	0	0
holistic	he1555	973	0	0	0	0	0	0	0	0	0	0	0
conventional	ce1759	973	0.354317	19.965461	1	12	7	7.137337	0.177116	10.577731	2.073277	1.048336	0
holistic	he1556	974	0	0	0	0	6	0	0	0	0	0	0.392414
conventional	ce1760	974	2.862878	29.082634	1	14	7	1.457553	3.826937	12.499192	11.298952	0.417152	0
holistic	he1557	975	0	0	0	0	3	0	0	0	0	0	0
holistic	he1558	975	0.167852	0.167852	2	2	8	0	0	0.167852	0	0	0.344734
conventional	ce1761	975	0.656214	38.119309	1	14	7	5.481730	1.546906	16.353230	14.737443	0	0
conventional	ce1762	975	0.574376	17.521317	1	14	7	1.397138	1.246764	10.909325	3.968090	0	0
holistic	he1559	976	0	0	0	0	12	0	0	0	0	0	0
holistic	he1560	976	0	0	0	0	15	0	0	0	0	0	0
holistic	he1561	976	0	0	0	0	4	0	0	0	0	0	0
holistic	he1562	976	0.167852	0.167852	2	2	8	0	0	0.167852	0	0	0.344734
conventional	ce1763	976	0.448915	23.951475	1	14	7	2.623687	1.698230	15.347016	4.282542	0	0
holistic	he1563	977	0	0	0	0	14	0	0	0	0	0	0.161904
holistic	he1564	977	0	0	0	0	0	0	0	0	0	0	0
holistic	he1565	977	0	0	0	0	11	0	0	0	0	0	0.784828
conventional	ce1764	977	0.914778	10.980611	1	14	7	2.597113	0.945558	4.182083	3.255857	1.352480	0
holistic	he1566	978	0	0	0	0	6	0	0	0	0	0	0
conventional	ce1765	978	0.635799	1.032644	1	14	7	0.146229	0.143368	0.405911	0.337136	0.383590	0
conventional	ce1766	978	0.914778	20.612750	1	14	7	2.932063	1.981605	10.050942	5.648140	2.420785	0
conventional	ce1767	978	1.121402	28.916054	1	14	7	3.683368	2.101816	13.838910	9.291960	0	0
holistic	he1567	979	0	0	0	0	22	0	0	0	0	0	0
holistic	he1568	979	0	0	0	0	8	0	0	0	0	0	0
holistic	he1569	979	0	0	0	0	3	0	0	0	0	0	0
conventional	ce1768	979	1.159144	18.585898	1	14	7	1.984612	0.566549	6.684004	9.350733	0	0
conventional	ce1769	979	0.765062	32.751884	1	14	7	9.386769	4.354121	13.165180	5.845814	0.882334	0
holistic	he1570	980	0	0	0	0	9	0	0	0	0	0	0
holistic	he1571	980	0	0	0	0	18	0	0	0	0	0	0
conventional	ce1770	980	1.073378	21.035566	1	14	7	3.010283	2.671687	9.403334	5.950262	2.467081	0
conventional	ce1771	980	0.914778	12.897263	1	14	7	2.783930	1.738732	6.190278	2.184323	1.551416	0
holistic	he1572	981	0	0	0	0	8	0	0	0	0	0	0.023990
holistic	he1573	981	0	0	0	0	9	0	0	0	0	0	0
holistic	he1574	981	0.167852	0.167852	2	2	8	0	0	0.167852	0	0	0.344734
holistic	he1575	981	0	0	0	0	10	0	0	0	0	0	0
conventional	ce1772	981	0.354317	13.661636	1	14	7	2.849390	1.377578	6.324043	3.110625	1.048336	0
conventional	ce1773	981	0.819199	20.504307	1	12	7	6.457965	2.394661	9.570881	2.080800	2.419352	0
conventional	ce1774	982	2.088824	2.733960	1	12	7	0	0.039832	0.267369	2.426759	0.784947	0
conventional	ce1775	982	0	31.358408	0	14	7	5.839805	0.688013	11.446943	13.383647	0	0
holistic	he1576	983	0	0	0	0	2	0	0	0	0	0.568956	0
holistic	he1577	983	0	0	0	0	12	0	0	0	0	0	0
holistic	he1578	984	3.170427	3.170427	3	3	12	0	0	3.170427	0	0	0.517101
conventional	ce1776	984	0.229954	33.887690	1	14	7	5.245393	0.816700	12.879800	14.945797	0	0
conventional	ce1777	984	0.635799	6.492488	1	14	7	0.851213	0.834555	3.386836	1.419884	0.650728	0
holistic	he1579	985	0	0	0	0	12	0	0	0	0	0	0.689468
conventional	ce1778	985	1.300902	16.232522	1	7	7	2.451412	1.606620	7.197792	4.976698	2.758453	0
conventional	ce1779	985	1.697193	28.442008	1	14	7	6.297077	3.804857	13.442121	4.897953	0.882334	0
conventional	ce1780	985	0.448915	24.615673	1	14	7	2.378040	1.057833	12.816333	8.363467	0	0
conventional	ce1781	985	0	18.417250	0	14	7	1.142553	1.361949	7.723948	8.188800	0	0
conventional	ce1782	985	1.825118	35.612581	1	14	7	3.690978	7.857412	16.965940	7.098251	0.371126	0
holistic	he1580	986	0	0	0	0	9	0	0	0	0	0	0
conventional	ce1783	986	1.697193	33.772824	1	14	7	8.197163	6.097541	14.086248	5.391872	0.940820	0
conventional	ce1784	986	1.690907	49.388841	1	14	7	7.675584	5.688274	23.486443	12.538540	0.619819	0
conventional	ce1785	986	0.229816	23.860734	1	14	7	2.682927	1.167139	12.768326	7.242342	0	0
holistic	he1581	987	0	0	0	0	6	0	0	0	0	0	0
holistic	he1582	987	0	0	0	0	3	0	0	0	0	0	0
holistic	he1583	987	0	0	0	0	6	0	0	0	0	0	0
holistic	he1584	987	0.671710	0.671710	2	2	8	0	0	0.671710	0	0	0.344734
conventional	ce1786	987	1.625888	12.159229	2	14	7	2.783930	1.774646	5.388336	2.212317	1.551416	0
conventional	ce1787	987	0.354317	0.215777	1	1	7	0	0	0	0.215777	1.054844	0
holistic	he1585	988	0	0	0	0	4	0	0	0	0	0	0
conventional	ce1788	988	0.914778	8.926703	1	12	7	0	0.759251	6.671766	1.495686	1.253812	0
conventional	ce1789	988	1.348565	9.590931	1	14	7	1.408391	1.249061	3.632918	3.300561	0.430034	0
holistic	he1586	989	0	0	0	0	10	0	0	0	0	0	0
holistic	he1587	989	0	0	0	0	3	0	0	0	0	0	0
conventional	ce1790	989	0.656214	44.912344	1	14	7	5.828516	7.476463	21.238930	10.368435	0	0
conventional	ce1791	989	1.419097	15.564676	1	14	7	2.624204	1.319810	8.257928	3.362734	0.430034	0
holistic	he1588	990	0.167852	0.167852	2	2	8	0	0	0.167852	0	0	2.034846
holistic	he1589	990	0	0	0	0	7	0	0	0	0	0	0
holistic	he1590	990	0	0	0	0	3	0	0	0	0	0	0
holistic	he1591	990	0	0	0	0	16	0	0	0	0	0	0
holistic	he1592	990	0	0	0	0	6	0	0	0	0	0	0
conventional	ce1792	990	0.914778	30.360111	1	14	7	6.176383	3.857523	16.594455	3.731750	1.052800	0
holistic	he1593	991	0	0	0	0	12	0	0	0	0	0	0
holistic	he1594	991	0	0	0	0	16	0	0	0	0	0	0
holistic	he1595	991	0	0	0	0	9	0	0	0	0	0	0
conventional	ce1793	991	0.800961	11.740496	1	14	7	2.211892	2.223193	5.058187	2.247224	0.430034	0
conventional	ce1794	991	1.470846	16.231163	1	14	7	0.887791	1.772819	5.722199	7.848354	0.452802	0
conventional	ce1795	991	1.934511	22.128174	1	14	7	0.813217	1.033276	15.790393	4.491288	1.807047	0
holistic	he1596	992	0.167852	0.167852	2	2	8	0	0	0.167852	0	0	0.344734
holistic	he1597	992	0	0	0	0	8	0	0	0	0	0	0
conventional	ce1796	992	2.088824	2.743473	1	12	7	0	0.039832	0.276882	2.426759	1.065736	0
conventional	ce1797	992	1.418542	25.748734	1	14	7	2.460211	1.687455	15.831238	5.769830	0	0
holistic	he1598	993	0	0	0	0	12	0	0	0	0	0	0
conventional	ce1798	993	0.448915	24.575128	1	14	7	2.475614	1.113689	15.274951	5.710874	0	0
conventional	ce1799	993	0.354317	13.208013	1	14	7	2.691153	1.301076	6.031601	3.184183	1.048336	0
holistic	he1599	994	0.167852	0.167852	2	2	8	0	0	0.167852	0	0	0.344734
holistic	he1600	994	0.167852	0.167852	2	2	8	0	0	0.167852	0	0	0.344734
conventional	ce1800	994	1.348565	7.058872	1	14	7	0.879697	0.780178	2.233712	3.165285	0.430034	0
conventional	ce1801	994	1.179545	12.864966	1	14	7	0.568121	1.230334	4.961078	6.105433	0.279443	0
conventional	ce1802	994	1.697193	26.085537	1	14	7	5.879689	3.703595	11.924125	4.578128	0.882334	0
conventional	ce1803	994	0.693254	4.305953	1	14	7	0.618059	0.513285	1.684441	1.490168	1.990775	0
holistic	he1601	995	0	0	0	0	12	0	0	0	0	0	0
holistic	he1602	995	0	0	0	0	6	0	0	0	0	0	0
holistic	he1603	996	0	0	0	0	9	0	0	0	0	0	0
holistic	he1604	996	0	0	0	0	14	0	0	0	0	0	0
conventional	ce1804	996	0	29.222183	0	14	7	2.254031	0.780209	13.513924	12.674019	0	0
conventional	ce1805	996	1.418542	27.955955	1	14	7	1.589587	2.337600	8.659985	15.368783	0	0
holistic	he1605	997	0	0	0	0	4	0	0	0	0	0	0
holistic	he1606	997	0	0	0	0	12	0	0	0	0	0	0
conventional	ce1806	997	0.354317	0.215777	1	1	7	0	0	0	0.215777	1.054844	0
conventional	ce1807	997	1.425675	21.939455	1	14	7	3.708965	2.430802	10.927323	4.872365	1.990775	0
conventional	ce1808	997	1.697193	10.886475	1	14	7	2.783930	0.872336	4.729683	2.500526	0.882334	0
holistic	he1607	999	0	0	0	0	6	0	0	0	0	0	0
holistic	he1608	999	0	0	0	0	6	0	0	0	0	0	0
holistic	he1609	999	0	0	0	0	9	0	0	0	0	0	0
holistic	he1610	999	0	0	0	0	24	0	0	0	0	0	0
holistic	he1611	999	0	0	0	0	15	0	0	0	0	0	0
conventional	ce1809	999	1.348565	11.493763	1	14	7	1.377654	1.472171	5.371155	3.272783	0.430034	0
holistic	he1612	1000	2.336814	2.336814	2	2	18	0	0	0	2.336814	0	0
holistic	he1613	1000	0	0	0	0	3	0	0	0	0	0	0
holistic	he1614	1000	0	0	0	0	4	0	0	0	0	0	0
holistic	he1615	1000	0	0	0	0	11	0	0	0	0	0	0
conventional	ce1810	1000	1.300902	19.908129	1	14	7	3.441226	2.255330	10.107908	4.103665	2.766099	0
conventional	ce1811	1000	0	23.531629	0	14	7	2.112387	2.897412	8.434102	10.087728	0	0
holistic	he1616	1001	0	0	0	0	5	0	0	0	0	0	0
holistic	he1617	1001	0	0	0	0	1	0	0	0	0	0	0
holistic	he1618	1001	0	0	0	0	8	0	0	0	0	0	0
holistic	he1619	1001	0	0	0	0	8	0	0	0	0	0	0.288071
conventional	ce1812	1001	0.800961	10.738220	1	14	7	2.088489	2.099160	4.421144	2.129427	0.430034	0
conventional	ce1813	1001	1.726433	16.277680	2	8	7	2.463859	1.614778	7.752867	4.446176	2.758453	0
holistic	he1620	1003	0	0	0	0	3	0	0	0	0	0	0
holistic	he1621	1003	0	0	0	0	15	0	0	0	0	0	0
holistic	he1622	1004	0	0	0	0	6	0	0	0	0	0	0
holistic	he1623	1004	0	0	0	0	3	0	0	0	0	0	0
holistic	he1624	1004	0	0	0	0	8	0	0	0	0	0	0.023990
conventional	ce1814	1004	0.415286	37.681448	1	14	7	2.874443	2.885145	21.748042	10.173818	0	0
conventional	ce1815	1004	1.934511	16.898335	1	14	7	0.625617	0.905018	9.536463	5.831237	1.807047	0
holistic	he1625	1005	0	0	0	0	8	0	0	0	0	0	0
holistic	he1626	1005	3.239482	4.038558	4	4	18	0	0	1.701744	2.336814	0	0
conventional	ce1816	1005	1.348565	8.164023	1	14	7	1.136507	0.974299	3.554689	2.498528	0.430034	0
conventional	ce1817	1005	0.765062	33.263558	1	14	7	9.262065	4.274869	13.825898	5.900726	0.907048	0
conventional	ce1818	1006	1.553564	33.484982	1	14	7	1.361540	4.513791	20.940049	6.669602	1.581690	0
conventional	ce1819	1006	0.516607	17.975854	1	14	7	1.684830	1.411183	10.785025	4.094816	0	0
conventional	ce1820	1006	0.914778	12.771295	1	14	7	2.415157	1.675294	6.488947	2.191897	0.944780	0
conventional	ce1821	1006	0.580708	10.079883	1	14	7	1.997416	2.007621	4.228350	1.846496	2.573276	0
holistic	he1627	1007	0	0	0	0	4	0	0	0	0	0	0
holistic	he1628	1007	0	0	0	0	6	0	0	0	0	0	0
conventional	ce1822	1007	1.690907	49.691181	1	14	7	7.645279	6.160204	22.665526	13.220172	0.619819	0
holistic	he1629	1008	1.623855	2.099608	3	5	11	0	0	1.286796	0.812812	0	0
conventional	ce1823	1008	0	25.852818	0	14	7	0.682886	1.806648	12.353516	11.009768	0.472740	0
conventional	ce1824	1008	2.023321	22.484540	1	14	7	0.466186	1.725204	10.254463	10.038687	0.280533	0
conventional	ce1825	1008	0.800961	19.186884	1	14	7	3.631198	3.649750	8.303876	3.602060	0.430034	0
conventional	ce1826	1009	1.934511	24.599094	1	14	7	0.833531	1.735276	15.902973	6.127314	1.807047	0
holistic	he1630	1010	0	0	0	0	3	0	0	0	0	0	0
holistic	he1631	1010	0	0	0	0	6	0	0	0	0	0	0
conventional	ce1827	1010	1.690907	47.883377	1	14	7	7.003861	6.160204	23.036400	11.682912	0.619819	0
conventional	ce1828	1010	1.399484	14.664517	1	14	7	3.113295	1.944440	6.922642	2.684140	1.551416	0
holistic	he1632	1011	0	0	0	0	6	0	0	0	0	0	0.392414
holistic	he1633	1011	0	0	0	0	9	0	0	0	0	0	0
conventional	ce1829	1011	1.419097	18.877179	1	14	7	3.604065	1.953284	9.124179	4.195651	0.430034	0
conventional	ce1830	1011	1.553564	54.535431	1	14	7	2.860727	7.459846	31.879544	12.335314	1.581690	0
conventional	ce1831	1011	0.914778	9.892147	1	12	7	0	1.686413	6.183846	2.021888	1.253812	0
holistic	he1634	1012	0.327027	0.327027	3	3	12	0	0	0.327027	0	0	0.778347
conventional	ce1832	1012	2.527865	2.798742	2	7	7	0	0.024981	0.177061	2.596700	0.784947	0
conventional	ce1833	1012	1.348565	10.627763	1	14	7	1.088342	1.249841	4.121831	4.167749	0.430034	0
holistic	he1635	1013	2.908288	2.908288	3	3	9	0	0	0.571474	2.336814	0	0
conventional	ce1834	1013	1.300902	42.501277	1	14	7	7.270369	1.354347	16.710052	17.166509	0.211762	0
conventional	ce1835	1013	1.171103	14.771914	1	14	7	4.103413	1.792020	5.489374	3.387107	1.352480	0
conventional	ce1836	1013	1.418542	23.398730	1	14	7	2.201741	2.013141	15.471233	3.712615	0	0
conventional	ce1837	1013	1.690907	25.359876	1	14	7	0.304277	1.284674	11.048696	12.722229	1.658353	0
conventional	ce1838	1014	0	14.949106	0	14	7	2.741508	1.344906	8.454831	2.407861	0	0
holistic	he1636	1016	0	0	0	0	6	0	0	0	0	0	0
conventional	ce1839	1016	0.800961	8.610955	1	14	7	1.733071	1.741926	3.477398	1.658560	0.430034	0
holistic	he1637	1017	0	0	0	0	20	0	0	0	0	0	0
holistic	he1638	1017	0	0	0	0	6	0	0	0	0	0	0
holistic	he1639	1018	0	0	0	0	6	0	0	0	0	0	0.392414
conventional	ce1840	1019	0.914778	14.303486	1	12	7	3.925432	2.271988	4.813856	3.292210	1.811825	0
holistic	he1640	1020	0	0	0	0	3	0	0	0	0	0	0
holistic	he1641	1020	0	0	0	0	8	0	0	0	0	0	0
holistic	he1642	1021	0	0	0	0	10	0	0	0	0	0	0.161904
conventional	ce1841	1021	0.800961	21.062662	1	14	7	4.242985	4.421617	8.406676	3.991384	0.569726	0
conventional	ce1842	1021	0.490604	34.659271	1	14	7	3.890594	2.049695	20.226175	8.492807	0	0
holistic	he1643	1022	0	0	0	0	10	0	0	0	0	0	0
holistic	he1644	1024	0	0	0	0	6	0	0	0	0	0	0
holistic	he1645	1024	1.219270	1.219270	2	2	6	0	0	1.219270	0	0	0.344734
conventional	ce1843	1024	1.690907	48.598566	1	14	7	7.609482	6.160204	23.145968	11.682912	0.619819	0
holistic	he1646	1025	0	0	0	0	4	0	0	0	0	0	0
holistic	he1647	1025	0	0	0	0	3	0	0	0	0	0	0
holistic	he1648	1026	0	0	0	0	11	0	0	0	0	0	2.419596
holistic	he1649	1027	0	0	0	0	6	0	0	0	0	0	0
holistic	he1650	1028	0	0	0	0	3	0	0	0	0	0	0
holistic	he1651	1029	0	0	0	0	5	0	0	0	0	0	0
holistic	he1652	1029	0	0	0	0	6	0	0	0	0	0	0
holistic	he1653	1029	1.424764	1.424764	2	2	11	0	1.424764	0	0	0	0
holistic	he1654	1029	0	0	0	0	4	0	0	0	0	0	0
conventional	ce1844	1029	1.690907	47.341368	1	14	7	6.505007	6.159297	20.380788	14.296276	0.619819	0
conventional	ce1845	1029	0.914778	0.586334	1	1	7	0	0	0	0.586334	0.149095	0
conventional	ce1846	1032	0.914778	9.239267	1	12	7	0	0.759251	6.671766	1.808250	1.533234	0
holistic	he1655	1033	0	0	0	0	6	0	0	0	0	0	0
holistic	he1656	1033	0	0	0	0	3	0	0	0	0	0	0
holistic	he1657	1034	0	0	0	0	8	0	0	0	0	0	0
holistic	he1658	1035	0	0	0	0	9	0	0	0	0	0	0
holistic	he1659	1035	0	0	0	0	3	0	0	0	0	0	0
holistic	he1660	1035	0	0	0	0	6	0	0	0	0	0	0.002870
conventional	ce1847	1035	0.229816	22.201292	1	14	7	2.483179	0.821989	12.316868	6.579256	0	0
conventional	ce1848	1035	0.467845	33.413437	1	14	7	2.777656	2.528597	13.372827	14.734357	0	0
holistic	he1661	1036	0	0	0	0	18	0	0	0	0	0	0
holistic	he1662	1036	0	0	0	0	5	0	0	0	0	0	0
conventional	ce1849	1037	1.348565	12.246912	1	14	7	1.075636	1.851875	5.386210	3.933191	0.102078	0
conventional	ce1850	1037	1.170317	10.889051	1	14	7	2.139478	1.336233	5.378169	2.035171	1.551416	0
holistic	he1663	1038	0	0	0	0	3	0	0	0	0	0	0
conventional	ce1851	1038	0.800961	6.081607	1	14	7	1.205664	1.215971	2.710783	0.949189	0.430034	0
holistic	he1664	1039	0	0	0	0	6	0	0	0	0	0	0
holistic	he1665	1039	0	0	0	0	3	0	0	0	0	0	0
conventional	ce1852	1039	1.418542	12.839139	1	14	7	3.068264	1.955897	5.807049	2.007929	0	0
conventional	ce1853	1039	1.697193	29.744278	1	14	7	6.509805	4.464424	14.582402	4.187647	0.882334	0
holistic	he1666	1040	1.809858	1.809858	2	2	8	0	0	1.809858	0	0	1.713230
conventional	ce1854	1040	1.652386	50.494542	1	14	7	7.597741	6.336866	23.000656	13.559279	0.619819	0
conventional	ce1855	1040	1.690907	41.553784	1	14	7	6.160341	5.795804	14.990901	14.606738	0.619819	0
holistic	he1667	1041	2.321518	2.321518	2	2	6	0	0	2.321518	0	0	0
holistic	he1668	1041	0	0	0	0	23	0	0	0	0	0	0
holistic	he1669	1041	0	0	0	0	0	0	0	0	0	0	0
conventional	ce1856	1041	2.088824	3.802406	1	12	7	0	0.039832	0.276882	3.485692	1.065736	0
conventional	ce1857	1041	1.419097	8.744965	1	8	7	0.807345	0.506331	5.361136	2.070153	0.829129	0
conventional	ce1858	1042	1.553564	11.267874	1	14	7	2.013491	1.010678	6.567393	1.676312	1.581690	0
conventional	ce1859	1042	1.690907	44.526000	1	14	7	5.243579	6.744605	20.829462	11.708354	2.475671	0
conventional	ce1860	1042	2.026864	54.729946	1	14	7	7.980132	6.258362	25.526939	14.964513	0.619819	0
holistic	he1670	1043	0	0	0	0	7	0	0	0	0	0	0
holistic	he1671	1043	0	0	0	0	8	0	0	0	0	0	0
conventional	ce1861	1044	2.049351	5.860542	1	14	7	1.187608	0.372133	1.908752	2.392049	0.002349	0
conventional	ce1862	1044	2.026864	48.078275	1	14	7	6.424821	6.488902	20.322794	14.841758	0.619819	0
holistic	he1672	1045	0	0	0	0	10	0	0	0	0	0	0
conventional	ce1863	1045	0.229816	23.454639	1	14	7	2.370497	0.603489	13.184501	7.296152	0	0
conventional	ce1864	1045	1.530363	5.405414	1	14	7	0.618059	0.513285	1.684441	2.589629	1.990775	0
conventional	ce1865	1045	1.584810	8.329719	1	12	7	0	0.759251	5.775725	1.794743	2.766099	0
conventional	ce1866	1045	0.800961	18.664151	1	14	7	3.533040	3.551090	8.071659	3.508362	0.430034	0
conventional	ce1867	1046	1.690907	46.666441	1	14	7	6.566911	5.826648	20.891629	13.381253	0.619819	0
conventional	ce1868	1046	1.399484	17.488406	1	14	7	3.256219	2.033705	9.536968	2.661514	1.808801	0
conventional	ce1869	1046	0.914778	12.953538	1	14	7	2.415157	1.675294	6.488947	2.374140	0.944780	0
holistic	he1673	1047	0	0	0	0	16	0	0	0	0	0	0
holistic	he1674	1047	0	0	0	0	6	0	0	0	0	0	0
conventional	ce1870	1047	0.715107	0.458353	1	1	7	0	0	0	0.458353	0.149095	0
conventional	ce1871	1047	0	23.163400	0	14	7	2.332311	2.406646	9.918106	8.506337	0	0
conventional	ce1872	1047	0.580708	11.250429	1	14	7	1.922755	1.932578	5.362992	2.032104	2.573276	0
conventional	ce1873	1047	1.934511	15.738833	1	14	7	0.405771	0.265781	9.132033	5.935248	1.807047	0
conventional	ce1874	1047	1.690907	38.650347	1	14	7	6.613831	5.758525	14.993352	11.284639	0.619819	0
conventional	ce1875	1048	0.208627	10.569807	1	7	7	1.973204	1.920719	4.503226	2.172658	2.573276	0
conventional	ce1876	1048	0.800961	6.081607	1	14	7	1.205664	1.215971	2.710783	0.949189	0.219674	0
holistic	he1675	1049	0	0	0	0	6	0	0	0	0	0	0
holistic	he1676	1049	0	0	0	0	8	0	0	0	0	0	0.288071
holistic	he1677	1049	0	0	0	0	10	0	0	0	0	0	0
conventional	ce1877	1049	0	0	0	0	7	0	0	0	0	0.149095	0
conventional	ce1878	1049	1.690907	47.192307	1	14	7	7.632251	6.982841	20.239979	12.337236	0.619819	0
holistic	he1678	1050	2.321518	2.321518	2	2	6	0	0	2.321518	0	0	0
holistic	he1679	1050	0	0	0	0	14	0	0	0	0	0	1.440355
holistic	he1680	1050	0	0	0	0	26	0	0	0	0	0	0
holistic	he1681	1050	0	0	0	0	6	0	0	0	0	0	0
holistic	he1682	1050	0	0	0	0	6	0	0	0	0	0	0.892068
conventional	ce1879	1050	1.470846	17.215677	1	14	7	0.808985	1.473587	5.918006	9.015099	0.452802	0
conventional	ce1880	1051	1.177577	9.018474	1	14	7	1.980279	0.924427	3.712158	2.401610	1.990775	0
conventional	ce1881	1051	0.490604	9.278754	1	14	7	1.695207	0.644637	5.127165	1.811745	0	0
conventional	ce1882	1051	2.109477	18.680650	2	14	7	3.610721	2.504606	9.117483	3.447840	0.784947	0
conventional	ce1883	1051	1.690907	38.176232	1	14	7	6.706778	5.790679	15.019683	10.659092	0	0
holistic	he1683	1052	0.251778	0.251778	3	3	10	0	0	0.251778	0	0	0.517101
conventional	ce1884	1052	0.914778	0.914778	1	1	7	0	0	0	0.914778	0.446101	0
conventional	ce1885	1052	0.800961	6.945306	1	14	7	1.284618	1.295601	2.807833	1.557254	0.219674	0
holistic	he1684	1053	0.167852	0.167852	2	2	8	0	0	0.167852	0	0	0.344734
holistic	he1685	1053	0.943715	0.943715	1	1	3	0	0	0.943715	0	0	0
holistic	he1686	1053	2.336814	2.336814	2	2	18	0	0	0	2.336814	0	0
holistic	he1687	1053	1.230523	1.230523	1	1	7	0	0	0	1.230523	0	0
holistic	he1688	1053	0	0	0	0	9	0	0	0	0	0	0
holistic	he1689	1054	0	0	0	0	11	0	0	0	0	0	0
holistic	he1690	1054	0	0	0	0	6	0	0	0	0	0	0.002870
holistic	he1691	1054	0	0	0	0	8	0	0	0	0	0	0
conventional	ce1886	1054	2.510450	49.102782	1	14	7	6.021806	6.099933	20.103831	16.877212	0.619819	0
conventional	ce1887	1054	1.399484	13.874119	1	14	7	3.084426	1.926410	6.482721	2.380562	1.954836	0
conventional	ce1888	1054	0.800961	4.908933	1	12	7	0	0.474154	2.710783	1.723996	0.353564	0
conventional	ce1889	1054	2.404399	28.130131	1	14	7	0.988548	1.334320	18.326596	7.480667	1.327681	0
holistic	he1692	1055	4.198224	4.198224	3	3	22	0	0	4.198224	0	0	3.523662
holistic	he1693	1055	0	0	0	0	3	0	0	0	0	0	0
holistic	he1694	1055	0	0	0	0	8	0	0	0	0	0	0
conventional	ce1890	1055	0.800961	13.766909	1	14	7	2.266457	1.242854	7.770913	2.486685	0.430034	0
holistic	he1695	1056	1.832032	1.832032	2	2	11	0	1.832032	0	0	0	0
holistic	he1696	1056	0	0	0	0	12	0	0	0	0	0	0
conventional	ce1891	1056	0.914778	22.445232	1	12	7	0	0.747316	17.263688	4.434228	1.533234	0
holistic	he1697	1057	0	0	0	0	3	0	0	0	0	0	0
conventional	ce1892	1057	1.487335	67.898320	1	14	7	10.134346	8.369667	36.542845	12.851462	0.157867	0
conventional	ce1893	1057	0.800961	9.522593	1	14	7	2.195472	0.634979	4.936242	1.755900	0.430034	0
conventional	ce1894	1057	1.017247	23.362183	1	14	7	2.002586	2.290264	15.034295	4.035038	0.430034	0
conventional	ce1895	1058	1.177577	8.966047	1	14	7	1.980279	0.924427	3.475000	2.586341	2.117074	0
holistic	he1698	1059	0	0	0	0	6	0	0	0	0	0	0
holistic	he1699	1059	0	0	0	0	6	0	0	0	0	0	0.392414
holistic	he1700	1059	0	0	0	0	5	0	0	0	0	0	0
holistic	he1701	1059	0	0	0	0	4	0	0	0	0	0	0
holistic	he1702	1059	0	0	0	0	4	0	0	0	0	0	0
holistic	he1703	1059	0	0	0	0	12	0	0	0	0	0	0
holistic	he1704	1059	0	0	0	0	3	0	0	0	0	0	0
conventional	ce1896	1059	2.026864	60.095826	1	14	7	6.061886	7.082037	29.158228	17.793675	0.619819	0
conventional	ce1897	1059	0	40.004368	0	14	7	4.898287	2.423864	22.860596	9.821621	0	0
conventional	ce1898	1059	1.690907	40.357837	1	14	7	6.140445	5.108709	14.772706	14.335977	0.619819	0
holistic	he1705	1060	0	0	0	0	9	0	0	0	0	0	0
holistic	he1706	1060	0	0	0	0	9	0	0	0	0	0	0
holistic	he1707	1060	0	0	0	0	24	0	0	0	0	0	0
holistic	he1708	1060	0	0	0	0	0	0	0	0	0	0	0
conventional	ce1899	1060	0.583452	0.276806	1	1	7	0	0	0	0.276806	0.389346	0
conventional	ce1900	1060	0.811967	54.112656	1	14	7	8.508742	6.663649	23.997885	14.942380	0.619819	0
conventional	ce1901	1060	0	24.395882	0	14	7	2.201741	1.997702	15.146992	5.049447	0	0
conventional	ce1902	1060	1.553564	15.435694	1	14	7	1.387651	1.036261	10.492305	2.519477	4.171135	0
holistic	he1709	1061	0	0	0	0	3	0	0	0	0	0	0
holistic	he1710	1061	0	0	0	0	6	0	0	0	0	0	0
holistic	he1711	1061	0.103222	0.103222	2	2	8	0	0	0.103222	0	0	0.344734
holistic	he1712	1061	0	0	0	0	3	0	0	0	0	0	0
conventional	ce1903	1061	0	16.117813	0	14	7	3.399448	2.526342	8.284572	1.907451	0.542701	0
holistic	he1713	1062	0	0	0	0	3	0	0	0	0	0	0
holistic	he1714	1063	0	0	0	0	9	0	0	0	0	0	0
holistic	he1715	1063	0	0	0	0	3	0	0	0	0	0	0
holistic	he1716	1064	0	0	0	0	6	0	0	0	0	0	0
holistic	he1717	1064	0	0	0	0	1	0	0	0	0	0	0
holistic	he1718	1064	0	0	0	0	6	0	0	0	0	0	0
holistic	he1719	1064	0	0	0	0	3	0	0	0	0	0	0
holistic	he1720	1064	0	0	0	0	6	0	0	0	0	0	0
conventional	ce1904	1064	1.028637	6.602865	1	14	7	1.205664	1.215971	2.818905	1.362325	0.418467	0
holistic	he1721	1065	0	0	0	0	6	0	0	0	0	0	0
holistic	he1722	1065	2.714787	2.714787	3	3	15	0	0	2.714787	0	0	2.102490
conventional	ce1905	1066	0.954727	11.999898	1	14	7	2.298416	2.000902	5.578380	2.122200	1.551416	0
conventional	ce1906	1066	1.553564	15.348037	1	14	7	1.535080	0.735009	10.395570	2.682378	3.993656	0
conventional	ce1907	1066	0.800961	13.640240	1	14	7	2.518553	1.747015	6.766746	2.607926	0.826824	0
holistic	he1723	1067	0	0	0	0	7	0	0	0	0	0	0
conventional	ce1908	1067	1.363110	45.584392	1	14	7	5.809191	6.504752	21.403703	11.866746	0.619819	0
conventional	ce1909	1067	0.715107	0.458353	1	1	7	0	0	0	0.458353	0.149095	0
holistic	he1724	1068	0	0	0	0	3	0	0	0	0	0	0
holistic	he1725	1068	0.103222	0.103222	2	2	8	0	0	0.103222	0	0	0.344734
holistic	he1726	1068	0	0	0	0	9	0	0	0	0	0	0
conventional	ce1910	1068	2.101249	43.173690	1	14	7	2.311902	6.689018	23.088008	11.084762	1.581690	0
holistic	he1727	1070	2.100581	2.100581	3	3	7	0	0	0.870058	1.230523	0	0
holistic	he1728	1070	0	0	0	0	3	0	0	0	0	0	0
conventional	ce1911	1070	2.771499	54.879139	1	14	7	7.087138	6.929971	21.408658	19.453372	1.045478	0
conventional	ce1912	1070	0	21.827259	0	14	7	4.674883	2.702780	10.062518	4.387078	0	0
holistic	he1729	1071	1.230523	1.230523	1	1	7	0	0	0	1.230523	0	0
holistic	he1730	1071	0	0	0	0	9	0	0	0	0	0	0
conventional	ce1913	1071	0.928984	1.815082	1	7	7	0	0.024981	0.177529	1.612572	0.619819	0
conventional	ce1914	1071	1.690907	47.416256	1	14	7	6.177555	5.733759	22.167572	13.337370	0.615709	0
conventional	ce1915	1071	1.059085	8.056502	1	14	7	1.998379	0.686755	3.053705	2.317663	1.059242	0
conventional	ce1916	1071	0.229816	24.522469	1	14	7	2.370497	0.595021	14.286720	7.270231	0	0
conventional	ce1917	1071	1.727252	10.268727	1	12	7	0	1.196392	5.950756	3.121579	0.619819	0
holistic	he1731	1072	0	0	0	0	6	0	0	0	0	0	0
holistic	he1732	1072	0	6.061548	0	4	9	0	0	6.061548	0	0	0
conventional	ce1918	1072	0.800961	13.368838	1	14	7	2.661021	2.683771	5.982971	2.041075	0.090415	0
conventional	ce1919	1072	2.026864	61.764414	1	14	7	5.689257	7.869713	30.954307	17.251137	0.344955	0
conventional	ce1920	1072	0.800961	13.521169	1	14	7	1.990434	1.515992	7.522456	2.492287	0.430034	0
holistic	he1733	1073	1.435090	1.435090	1	1	7	0	0	0	1.435090	0	0
holistic	he1734	1073	0	0	0	0	21	0	0	0	0	0	0
conventional	ce1921	1073	1.059085	1.177545	1	1	7	0	0	0	1.177545	1.059242	0
conventional	ce1922	1073	2.084636	42.358306	1	14	7	6.136511	6.493440	19.682920	10.045435	0.619819	0
conventional	ce1923	1073	3.115205	37.859560	1	14	7	3.754361	2.145820	20.358756	11.600623	1.678038	0
conventional	ce1924	1073	0.550417	42.489534	1	14	7	5.820221	6.371500	20.661478	9.636335	0.547128	0
conventional	ce1925	1073	1.690907	49.380068	1	14	7	5.964484	6.686625	21.774153	14.954806	0.619819	0
conventional	ce1926	1074	0	11.535130	0	14	7	2.193070	1.382409	6.486302	1.473349	1.551416	0
conventional	ce1927	1074	0.914778	9.120974	1	12	7	0	0.759251	6.671766	1.689957	1.845109	0
conventional	ce1928	1075	0.172100	25.031639	1	14	7	2.368534	1.612566	15.099130	5.951409	0	0
conventional	ce1929	1075	0.800961	17.641757	1	14	7	3.298974	2.288360	8.863549	3.190874	0.826824	0
holistic	he1735	1076	2.321518	2.321518	2	2	12	0	0	2.321518	0	0	0
conventional	ce1930	1076	0.800961	16.173484	1	14	7	2.392637	2.003115	8.910748	2.866984	0.430034	0
holistic	he1736	1077	0	0	0	0	3	0	0	0	0	0	0
conventional	ce1931	1077	1.690907	48.934605	1	14	7	8.122519	7.295235	18.422750	15.094101	0.619819	0
conventional	ce1932	1077	0.715107	36.785066	1	14	7	4.294733	4.712632	18.689654	9.088047	0.149095	0
holistic	he1737	1078	0	0	0	0	5	0	0	0	0	0	0
conventional	ce1933	1078	0.580708	14.683892	1	14	7	2.298957	2.310702	6.327968	3.746265	2.573276	0
conventional	ce1934	1078	1.059085	8.791500	1	14	7	2.565562	0.711727	3.175200	2.339011	1.236918	0
conventional	ce1935	1079	0.800961	13.344187	1	14	7	1.990434	1.327187	7.170565	2.856001	0.430034	0
holistic	he1738	1080	1.809858	1.809858	2	2	12	0	0	1.809858	0	0	1.401660
holistic	he1739	1080	0	0	0	0	3	0	0	0	0	0	0
conventional	ce1936	1081	1.690907	42.883100	1	14	7	6.448115	7.198372	14.615003	14.621610	0.619819	0
conventional	ce1937	1081	1.199447	12.071881	1	14	7	1.124458	1.640551	5.630681	3.676191	0.761690	0
holistic	he1740	1082	7.658619	11.994522	3	3	18	0	0	11.994522	0	0	0
holistic	he1741	1084	0	0	0	0	3	0	0	0	0	0	0
conventional	ce1938	1084	1.177577	9.607446	1	14	7	1.695969	0.924427	3.712158	3.274892	1.990775	0
holistic	he1742	1085	0	0	0	0	10	0	0	0	0	0	0
holistic	he1743	1085	0	0	0	0	9	0	0	0	0	0	0
holistic	he1744	1086	0	0	0	0	4	0	0	0	0	0	0
holistic	he1745	1086	0	0	0	0	3	0	0	0	0	0	0
holistic	he1746	1087	1.809858	1.809858	2	2	26	0	0	1.809858	0	0	1.713230
conventional	ce1939	1087	0	18.065685	0	13	7	4.317030	2.927210	7.047911	3.773534	0	0
holistic	he1747	1088	0	0	0	0	3	0	0	0	0	0	0
holistic	he1748	1089	0	0	0	0	9	0	0	0	0	0	0
holistic	he1749	1089	0	0	0	0	11	0	0	0	0	0	0
conventional	ce1940	1089	0.580708	21.086275	1	14	7	1.955387	3.079685	12.371512	3.679691	2.573276	0
conventional	ce1941	1089	1.762776	11.305666	1	14	7	2.117452	1.666907	5.478164	2.043143	0.826824	0
conventional	ce1942	1092	0.229816	22.600731	1	14	7	1.884066	0.334603	13.190176	7.191886	0	0
holistic	he1750	1093	0	0	0	0	6	0	0	0	0	0	0
holistic	he1751	1093	0	0	0	0	3	0	0	0	0	0	0
holistic	he1752	1095	0	0	0	0	4	0	0	0	0	0	0
holistic	he1753	1095	0	0	0	0	6	0	0	0	0	0	0
holistic	he1754	1095	0	0	0	0	6	0	0	0	0	0	0
holistic	he1755	1096	3.512679	3.512679	3	3	15	0	0	3.512679	0	0	2.102490
holistic	he1756	1096	1.785676	1.785676	2	2	8	0	0	1.785676	0	0	0.344734
conventional	ce1943	1097	1.469943	45.388848	1	14	7	6.085093	6.236478	18.845903	14.221374	0.619819	0
conventional	ce1944	1097	0.715107	0.285750	1	1	7	0	0	0	0.285750	0.149095	0
holistic	he1757	1098	0.103222	0.103222	2	2	8	0	0	0.103222	0	0	0.544620
conventional	ce1945	1098	0.914778	0.914778	1	1	7	0	0	0	0.914778	0.546410	0
conventional	ce1946	1098	1.363110	46.050123	1	14	7	3.065589	7.893301	23.210923	11.880310	0.619819	0
holistic	he1758	1099	0	0	0	0	10	0	0	0	0	0	0
holistic	he1759	1100	0.251778	0.251778	3	3	12	0	0	0.251778	0	0	0.517101
conventional	ce1947	1100	1.147063	44.067240	1	14	7	4.632328	6.409097	22.087859	10.937956	0.133999	0
conventional	ce1948	1100	1.487335	77.185521	1	14	7	10.420467	8.481492	44.700752	13.582810	0.898730	0
holistic	he1760	1101	0	0	0	0	4	0	0	0	0	0	0.344734
holistic	he1761	1101	1.809858	1.809858	2	2	8	0	0	1.809858	0	0	1.401660
conventional	ce1949	1101	1.076799	13.713454	1	14	7	1.078997	1.825020	6.445451	4.363986	0.505561	0
conventional	ce1950	1102	0.800961	15.677501	1	14	7	2.298957	2.201733	7.401271	3.775540	0.826824	0
conventional	ce1951	1102	0.800961	0.790102	1	7	7	0.099702	0.100554	0.243499	0.346347	0.219674	0
conventional	ce1952	1102	0.954727	8.440979	1	14	7	1.651948	1.438114	3.538742	1.812175	1.454107	0
conventional	ce1953	1102	0	39.492657	0	14	7	4.332915	2.363896	22.950019	9.845827	0	0
conventional	ce1954	1102	0.580708	11.522379	1	14	7	1.922755	1.932578	5.281042	2.386004	3.224433	0
holistic	he1762	1103	0	0	0	0	3	0	0	0	0	0	0
holistic	he1763	1103	0.167852	0.167852	2	2	8	0	0	0.167852	0	0	0.344734
conventional	ce1955	1104	1.147432	14.957705	1	14	7	4.255988	1.500745	6.139526	3.061446	0.717128	0
conventional	ce1956	1104	0.715107	0.285750	1	1	7	0	0	0	0.285750	0.149095	0
holistic	he1764	1105	0	0	0	0	3	0	0	0	0	0	0
conventional	ce1957	1105	0.954727	16.534870	1	14	7	3.068013	3.307301	7.545770	2.613786	1.870628	0
conventional	ce1958	1105	0	18.787133	0	14	7	4.413807	2.662150	8.310846	3.400330	0	0
conventional	ce1959	1106	0.076557	0.037087	1	1	7	0	0	0	0.037087	0.149095	0
conventional	ce1960	1106	0	16.501798	0	14	7	4.071377	2.396111	7.715900	2.318410	0	0
holistic	he1765	1107	0	0	0	0	6	0	0	0	0	0	0
holistic	he1766	1107	0	0	0	0	9	0	0	0	0	0	0
holistic	he1767	1107	0	0	0	0	6	0	0	0	0	0	0
holistic	he1768	1107	0	0	0	0	6	0	0	0	0	0	0
conventional	ce1961	1107	0	22.972443	0	14	7	2.090341	1.693094	12.652706	6.536302	0	0
conventional	ce1962	1107	0.764778	15.996793	1	14	7	2.225362	1.709517	8.855773	3.206141	0.430034	0
conventional	ce1963	1107	0.800961	6.872322	1	14	7	1.284618	1.295601	2.807833	1.484270	0.192067	0
conventional	ce1964	1107	0.954727	0.728350	1	1	7	0	0	0	0.728350	1.551416	0
conventional	ce1965	1108	0.078362	15.501147	1	14	7	0.533290	0.258535	7.584893	7.124429	0	0
conventional	ce1966	1108	0.580708	14.774181	1	14	7	2.025322	2.751883	6.442713	3.554263	3.224433	0
conventional	ce1967	1109	1.225306	14.254708	2	14	7	2.298957	2.310702	5.720485	3.924564	3.042432	0
conventional	ce1968	1109	0.800961	22.567549	1	14	7	3.288680	3.149600	10.935451	5.193818	0.826824	0
conventional	ce1969	1109	0.627588	15.545768	1	14	7	2.392637	2.003115	8.377726	2.772290	0.430034	0
holistic	he1769	1110	0	0	0	0	6	0	0	0	0	0	0
holistic	he1770	1110	0.103222	0.103222	2	2	8	0	0	0.103222	0	0	0.344734
holistic	he1771	1111	0	0	0	0	13	0	0	0	0	0	0
holistic	he1772	1111	0	0	0	0	3	0	0	0	0	0	0
conventional	ce1970	1111	0.800961	22.194540	1	14	7	4.126762	2.862562	11.087616	4.117600	0.826824	0
conventional	ce1971	1111	0.580708	0.050110	1	1	7	0	0	0	0.050110	3.214996	0
conventional	ce1972	1111	0.811967	54.376853	1	14	7	8.834482	6.779022	23.544775	15.218574	0.762324	0
holistic	he1773	1112	0	0	0	0	3	0	0	0	0	0	0
holistic	he1774	1112	0	0	0	0	12	0	0	0	0	0	0
conventional	ce1973	1112	0.811967	17.884656	1	14	7	0.624165	0.965583	13.350370	2.944538	0.879928	0
conventional	ce1974	1112	1.553564	10.031591	1	14	7	1.077754	0.553404	6.374942	2.025491	3.993656	0
conventional	ce1975	1112	0.914778	6.462603	1	7	7	0.607469	0.375076	3.769528	1.710530	0.546410	0
holistic	he1775	1113	0.578180	0.578180	2	2	10	0	0	0.578180	0	0	0.544620
holistic	he1776	1113	3.512679	3.512679	3	3	18	0	0	3.512679	0	0	2.102490
holistic	he1777	1113	0	0	0	0	6	0	0	0	0	0	0
holistic	he1778	1113	0.103222	0.103222	2	2	12	0	0	0.103222	0	0	0.344734
conventional	ce1976	1114	0.580708	17.136801	1	14	7	2.227812	3.027013	7.086850	4.795126	3.509684	0
conventional	ce1977	1114	0	16.800012	0	14	7	3.852391	2.224861	7.404278	3.318482	0	0
holistic	he1779	1115	0	0	0	0	3	0	0	0	0	0	0
holistic	he1780	1115	1.809858	1.809858	2	2	10	0	0	1.809858	0	0	1.401660
conventional	ce1978	1115	0.914778	5.923311	1	12	7	0	0.638124	4.321588	0.963599	1.845109	0
conventional	ce1979	1115	1.199447	7.455844	1	14	7	0.552618	0.806254	2.385285	3.711687	0.761690	0
holistic	he1781	1116	0	0	0	0	18	0	0	0	0	0	0
holistic	he1782	1117	3.512679	3.776892	3	12	15	0	0.264213	3.512679	0	0	2.102490
holistic	he1783	1117	0	0	0	0	9	0	0	0	0	0	0
conventional	ce1980	1117	0.852099	43.759691	1	14	7	5.285537	6.409472	22.179854	9.884828	0.547128	0
conventional	ce1981	1117	1.199447	10.676237	1	14	7	0.826782	1.891414	6.491689	1.466352	1.021605	0
conventional	ce1982	1118	1.363110	46.630508	1	14	7	7.179430	6.803458	21.363630	11.283990	0.227622	0
conventional	ce1983	1118	2.084636	40.854643	1	14	7	5.118858	6.434241	18.335893	10.965651	0.619819	0
holistic	he1784	1119	0	0	0	0	22	0	0	0	0	0	0
holistic	he1785	1119	0	0	0	0	6	0	0	0	0	0	0
holistic	he1786	1119	0	0	0	0	9	0	0	0	0	0	0
holistic	he1787	1119	0	0	0	0	9	0	0	0	0	0	0
holistic	he1788	1119	2.341786	2.341786	2	2	10	0	0	2.341786	0	0	1.401660
conventional	ce1984	1119	0	20.295015	0	14	7	4.635136	2.832986	9.168359	3.658534	0	0
conventional	ce1985	1119	0.583452	26.187310	1	14	7	5.881588	1.708397	13.676055	4.921270	0.389346	0
holistic	he1789	1120	0	0	0	0	6	0	0	0	0	0	0
conventional	ce1986	1120	0.026578	25.252739	1	14	7	2.889910	1.176232	14.656057	6.530540	0	0
conventional	ce1987	1120	0.800961	19.335163	1	14	7	3.552241	2.464041	9.938825	3.380056	0.932522	0
conventional	ce1988	1120	0.800961	12.946003	1	14	7	1.990434	1.515992	6.965860	2.473717	0.430034	0
conventional	ce1989	1120	0.715107	0.285750	1	1	7	0	0	0	0.285750	0.149095	0
holistic	he1790	1121	3.512679	3.512679	3	3	18	0	0	3.512679	0	0	2.102490
holistic	he1791	1121	0	0	0	0	4	0	0	0	0	0	0
holistic	he1792	1121	0	0	0	0	5	0	0	0	0	0	0
holistic	he1793	1121	0	0	0	0	11	0	0	0	0	0	0
holistic	he1794	1122	0.103222	0.103222	2	2	8	0	0	0.103222	0	0	0.820788
holistic	he1795	1123	2.341786	2.341786	2	2	10	0	0	2.341786	0	0	1.401660
holistic	he1796	1123	0	0	0	0	7	0	0	0	0	0.279455	0
holistic	he1797	1123	0	0	0	0	3	0	0	0	0	0	0
holistic	he1798	1123	0	0	0	0	9	0	0	0	0	0	0
holistic	he1799	1123	0	0	0	0	3	0	0	0	0	0	0
conventional	ce1990	1123	0.580708	13.474002	1	14	7	2.263052	2.274614	6.215704	2.720632	3.141764	0
holistic	he1800	1124	0.103222	0.103222	2	2	10	0	0	0.103222	0	0	0.544620
holistic	he1801	1124	0	0	0	0	4	0	0	0	0	0	0
holistic	he1802	1124	0.103222	0.103222	2	2	10	0	0	0.103222	0	0	0.820788
conventional	ce1991	1124	0	16.277802	0	14	7	3.739384	2.224861	7.079815	3.233742	0	0
holistic	he1803	1125	0.380708	0.380708	2	2	6	0	0	0.380708	0	0	0.820788
holistic	he1804	1125	0	0	0	0	9	0	0	0	0	0	0
holistic	he1805	1125	0	0	0	0	0	0	0	0	0	0	0
conventional	ce1992	1126	0.627588	20.171649	1	14	7	2.027073	3.850764	11.975429	2.318383	0.430034	0
conventional	ce1993	1126	1.432211	12.365235	1	14	7	0.826782	1.891414	6.283270	3.363769	1.021605	0
conventional	ce1994	1126	0.800961	19.238521	1	14	7	2.957678	2.506647	9.938825	3.835371	0.932522	0
conventional	ce1995	1127	0.550417	18.286721	1	13	7	3.288680	3.149600	9.663257	2.185184	0.547128	0
conventional	ce1996	1127	0.229816	19.215116	1	14	7	1.430763	0.235787	11.370807	6.177759	0	0
holistic	he1806	1128	0	0	0	0	5	0	0	0	0	0	0
holistic	he1807	1128	0	0	0	0	11	0	0	0	0	0	0
holistic	he1808	1128	2.714787	2.714787	3	3	19	0	0	2.714787	0	0	2.102490
holistic	he1809	1129	0	0	0	0	6	0	0	0	0	0	0
holistic	he1810	1129	0	0	0	0	21	0	0	0	0	0	1.713230
conventional	ce1997	1130	0.906760	13.340893	1	14	7	1.532833	1.781287	8.363553	1.663220	0.204854	0
holistic	he1811	1131	2.403628	2.403628	4	4	16	0	0	2.403628	0	0	1.089240
conventional	ce1998	1131	0.026578	26.895116	1	14	7	3.127461	1.053221	17.693898	5.020536	0	0
conventional	ce1999	1131	1.073197	12.523629	1	14	7	0.826782	1.891414	6.430737	3.374696	1.021605	0
holistic	he1812	1132	0	0	0	0	6	0	0	0	0	0	0
holistic	he1813	1132	0	0	0	0	22	0	0	0	0	0	0
conventional	ce2000	1132	0.715107	0.588702	1	2	7	0	0	0.302952	0.285750	0.078338	0
conventional	ce2001	1132	0.580708	12.303496	1	14	7	1.039349	1.640551	5.971654	3.651942	2.886892	0
conventional	ce2002	1133	1.147432	9.080013	1	14	7	2.617198	0.735501	3.268646	2.458668	0.717128	0
conventional	ce2003	1133	1.970118	15.115174	1	14	7	2.911225	2.534387	6.256558	3.413004	1.648089	0
conventional	ce2004	1133	0.286520	0.399411	1	1	7	0	0	0	0.399411	0	0
holistic	he1814	1134	0	0	0	0	15	0	0	0	0	0	3.178192
conventional	ce2005	1134	0	0.924435	0	14	7	0.239679	0.170070	0.392517	0.122169	0	0
conventional	ce2006	1135	0.764778	14.066881	1	14	7	1.714654	1.398324	8.064683	2.889220	0.430034	0
conventional	ce2007	1135	0.580708	24.765425	1	14	7	1.978611	3.123123	11.368259	8.295432	2.886892	0
conventional	ce2008	1135	0.800961	11.287144	1	14	7	1.426307	0.900231	7.067449	1.893157	0.010414	0
holistic	he1815	1136	0	0	0	0	11	0	0	0	0	0	0
holistic	he1816	1136	0	0	0	0	11	0	0	0	0	0	0
holistic	he1817	1136	0	0	0	0	24	0	0	0	0	0	0
conventional	ce2009	1136	1.059085	8.079398	1	14	7	2.016827	0.726898	3.536700	1.798973	1.236918	0
conventional	ce2010	1137	0.573353	0.573353	1	1	7	0	0	0	0.573353	1.112586	0
conventional	ce2011	1137	0.026578	31.084971	1	14	7	3.560692	2.066730	17.598096	7.859453	0	0
holistic	he1818	1138	3.512679	3.512679	3	3	14	0	0	3.512679	0	0	2.102490
conventional	ce2012	1138	0.229816	22.791031	1	14	7	1.656163	0.134414	13.311653	7.688801	0	0
conventional	ce2013	1138	0	24.514620	0	14	7	6.281327	3.878799	9.941315	4.413179	0	0
conventional	ce2014	1139	1.147432	11.095269	1	14	7	2.502019	1.444709	5.193020	1.955521	1.309844	0
holistic	he1819	1140	0	0	0	0	3	0	0	0	0	0	0
holistic	he1820	1140	0	0	0	0	6	0	0	0	0	0	0
holistic	he1821	1140	0	0	0	0	8	0	0	0	0	0	0
holistic	he1822	1140	0	0	0	0	4	0	0	0	0	0	0
conventional	ce2015	1140	1.675319	14.196597	1	14	7	3.052854	1.623933	6.719441	2.800369	0.149095	0
holistic	he1823	1141	1.600888	1.600888	2	2	10	0	0	1.600888	0	0	0.820788
conventional	ce2016	1141	0.580708	18.580519	1	14	7	2.541426	3.453135	8.147732	4.438226	5.386731	0
conventional	ce2017	1141	0	19.409203	0	14	7	4.171940	2.803518	9.003363	3.430382	1.102933	0
conventional	ce2018	1141	1.059085	7.963306	1	14	7	2.016827	0.726898	3.536700	1.682881	1.236918	0
conventional	ce2019	1142	0	12.724283	0	14	7	0.876421	2.004973	6.881444	2.961445	1.021605	0
conventional	ce2020	1142	0	13.870179	0	13	7	4.299720	3.129423	3.201592	3.239444	0	0
conventional	ce2021	1143	0.078362	15.726621	1	14	7	0.659689	0.258535	7.469314	7.339083	0	0
holistic	he1824	1144	3.473904	3.473904	3	3	15	0	0	3.473904	0	0	2.102490
holistic	he1825	1145	3.512679	3.512679	3	3	14	0	0	3.512679	0	0	2.102490
holistic	he1826	1146	3.512679	14.949627	3	12	12	0	11.436948	3.512679	0	0	3.388233
holistic	he1827	1146	0	0	0	0	3	0	0	0	0	0	0
holistic	he1828	1146	0	0	0	0	13	0	0	0	0	0	3.343988
holistic	he1829	1147	0	0	0	0	3	0	0	0	0	0	0
holistic	he1830	1147	0	0	0	0	12	0	0	0	0	0	0
conventional	ce2022	1147	0.036263	13.461560	1	14	7	0.299258	0.367187	4.890231	7.904884	0	0
holistic	he1831	1148	0	0	0	0	3	0	0	0	0	0	0
conventional	ce2023	1148	0.906760	13.530505	1	14	7	1.578814	1.781287	8.503546	1.666858	0.144123	0
conventional	ce2024	1148	0.914778	0.914778	1	1	7	0	0	0	0.914778	0.546410	0
holistic	he1832	1149	1.809858	1.809858	2	2	10	0	0	1.809858	0	0	1.401660
holistic	he1833	1149	0	0	0	0	3	0	0	0	0	0	0
holistic	he1834	1149	0	0	0	0	3	0	0	0	0	0	0
conventional	ce2025	1149	0.299741	12.020992	1	14	7	2.524698	2.197893	5.408317	1.890084	1.454107	0
conventional	ce2026	1149	0.229816	28.166234	1	14	7	1.696981	1.242775	15.373096	9.853382	0	0
holistic	he1835	1150	0.103222	0.103222	2	2	8	0	0	0.103222	0	0	0.544620
conventional	ce2027	1150	0	16.940484	0	14	7	3.792486	1.603749	7.412417	4.131832	0	0
holistic	he1836	1151	0.103222	0.103222	2	2	8	0	0	0.103222	0	0	0.820788
holistic	he1837	1152	0.154833	0.154833	3	3	13	0	0	0.154833	0	0	1.231182
conventional	ce2028	1152	0.627588	15.521012	1	14	7	1.664744	2.842086	9.337426	1.676756	0.430034	0
holistic	he1838	1153	0.103222	0.103222	2	2	8	0	0	0.103222	0	0	1.419994
holistic	he1839	1153	0	0	0	0	4	0	0	0	0	0	0
conventional	ce2029	1153	0.229816	21.840003	1	14	7	1.915713	1.129134	11.018774	7.776382	0	0
holistic	he1840	1155	0	0	0	0	26	0	0	0	0	0	1.713230
holistic	he1841	1155	0.335704	0.335704	4	4	13	0	0	0.335704	0	0	0.689468
holistic	he1842	1155	0	0	0	0	3	0	0	0	0	0	0
holistic	he1843	1156	0	0	0	0	11	0	0	0	0	0.094316	0
holistic	he1844	1156	3.266334	3.530547	3	12	15	0	0.264213	3.266334	0	0	2.102490
holistic	he1845	1156	0	0	0	0	4	0	0	0	0	0	0
holistic	he1846	1157	2.341786	2.341786	2	2	6	0	0	2.341786	0	0	2.258822
conventional	ce2030	1157	0.515996	9.742358	1	13	7	1.645365	1.174529	4.662999	2.259465	0	0
holistic	he1847	1158	0	0	0	0	3	0	0	0	0	0	0
conventional	ce2031	1158	0.978672	12.199429	1	14	7	1.426307	0.900231	6.672863	3.200028	0.547128	0
holistic	he1848	1159	0	0	0	0	13	0	0	0	0	0	2.884954
holistic	he1849	1159	0	0	0	0	6	0	0	0	0	0	0
holistic	he1850	1160	0	0	0	0	15	0	0	0	0	0	0
conventional	ce2032	1160	0.800961	10.981608	1	14	7	1.074700	0.726642	7.073877	2.106389	0.479482	0
holistic	he1851	1161	0.154833	0.154833	3	3	21	0	0	0.154833	0	0	1.534122
conventional	ce2033	1161	0	14.290394	0	14	7	1.016414	2.325232	7.514265	3.434483	1.021605	0
conventional	ce2034	1161	0	43.849542	0	14	7	5.487746	6.620361	23.188753	8.552682	0	0
conventional	ce2035	1162	0	23.658273	0	14	7	1.978611	1.243009	12.055847	8.380806	0	0
conventional	ce2036	1162	0.954727	21.542180	1	14	7	4.768320	3.127079	9.006714	4.640067	1.484597	0
conventional	ce2037	1162	1.363110	43.877771	1	14	7	5.989890	5.163079	23.382342	9.342460	0	0
conventional	ce2038	1162	0.580708	0.002270	1	1	7	0	0	0	0.002270	3.220316	0
holistic	he1852	1163	0	0	0	0	9	0	0	0	0	0	0
holistic	he1853	1163	0	0	0	0	3	0	0	0	0	0	0
holistic	he1854	1163	0	0	0	0	21	0	0	0	0	0	1.713230
holistic	he1855	1164	2.252185	2.252185	2	2	6	0	0	2.252185	0	0	0
holistic	he1856	1164	0	0	0	0	11	0	0	0	0	0.084877	0
conventional	ce2039	1164	0	17.222270	0	14	7	3.840883	2.697639	7.404278	3.279470	0	0
conventional	ce2040	1164	0	0	0	0	7	0	0	0	0	0	0
conventional	ce2041	1164	0.716957	0.716957	1	1	7	0	0	0	0.716957	0	0
conventional	ce2042	1164	0	17.416359	0	12	7	4.005700	3.149600	8.339600	1.921459	0.547128	0
holistic	he1857	1165	2.341786	2.341786	2	2	10	0	0	2.341786	0	0	3.972452
holistic	he1858	1165	0.578180	0.578180	2	2	12	0	0	0.578180	0	0	0.544620
conventional	ce2043	1165	0.800961	11.059689	1	14	7	1.746486	1.093522	6.701317	1.518364	0.479482	0
conventional	ce2044	1166	0.331404	19.690587	1	14	7	2.023270	3.845686	11.932269	1.889362	0.430034	0
conventional	ce2045	1166	0.906760	13.109991	1	14	7	2.441104	1.035151	7.342462	2.291274	0.204854	0
conventional	ce2046	1166	0	21.018310	0	14	7	5.175611	3.637556	9.823630	2.381513	0	0
holistic	he1859	1167	3.266334	3.530547	3	12	12	0	0.264213	3.266334	0	0	2.102490
holistic	he1860	1167	0	0	0	0	3	0	0	0	0	0	0
conventional	ce2047	1167	0.527590	13.175100	1	14	7	3.636882	1.310792	6.670912	1.556514	1.421140	0
holistic	he1861	1168	0	0	0	0	0	0	0	0	0	0	0
holistic	he1862	1168	0	0	0	0	18	0	0	0	0	0	0
conventional	ce2048	1168	0.229816	22.530845	1	14	7	0.070885	1.114344	11.503286	9.842330	0	0
conventional	ce2049	1168	1.363110	14.225807	1	14	7	2.298957	3.151178	5.326008	3.449664	0.227622	0
holistic	he1863	1169	0	0	0	0	9	0	0	0	0	0	0
holistic	he1864	1169	0	0	0	0	5	0	0	0	0	0	0
conventional	ce2050	1169	0.627588	16.133344	1	14	7	1.664744	2.842086	9.823717	1.802797	0.430034	0
conventional	ce2051	1169	1.199447	7.243872	1	14	7	0.698193	0.751398	2.222995	3.571286	0.761690	0
conventional	ce2052	1169	0.800961	10.457639	1	14	7	2.696783	1.546722	3.627875	2.586259	0.479482	0
holistic	he1865	1170	0	0	0	0	25	0	0	0	0	0	3.426460
holistic	he1866	1171	0	0	0	0	9	0	0	0	0	0	0
holistic	he1867	1171	0	0	0	0	3	0	0	0	0	0	0
conventional	ce2053	1171	0	18.438345	0	12	7	3.848109	4.732864	8.011506	1.845866	0.547128	0
holistic	he1868	1172	0	0	0	0	10	0	0	0	0	0.402564	0
holistic	he1869	1172	5.363528	5.363528	4	4	22	0	0	5.363528	0	0	0
holistic	he1870	1172	0	0	0	0	18	0	0	0	0	0	0
holistic	he1871	1172	0	0	0	0	14	0	0	0	0	0	2.123853
conventional	ce2054	1172	0	10.339085	0	14	7	0.711294	1.965772	5.258540	2.403479	0.608660	0
conventional	ce2055	1172	1.059085	11.408069	1	14	7	3.256809	1.173807	4.783051	2.194402	1.236918	0
conventional	ce2056	1172	0.800961	13.043274	1	14	7	2.095247	1.564585	7.728148	1.655294	0.479482	0
holistic	he1872	1173	0	0	0	0	3	0	0	0	0	0	0
holistic	he1873	1173	0	0	0	0	22	0	0	0	0	0	0
conventional	ce2057	1174	0.229816	21.390334	1	14	7	2.039792	1.596794	10.600070	7.153678	0	0
conventional	ce2058	1174	0.800961	19.144217	1	14	7	2.130396	3.097084	10.744033	3.172704	0.932522	0
conventional	ce2059	1174	0	6.109853	0	14	7	1.584106	1.124043	2.594250	0.807454	0	0
holistic	he1874	1175	0	0	0	0	12	0	0	0	0	0	3.178192
holistic	he1875	1175	0	0	0	0	6	0	0	0	0	0	0.820788
holistic	he1876	1175	0	0	0	0	8	0	0	0	0	0	0
conventional	ce2060	1175	0	23.286491	0	14	7	4.704664	3.494292	11.805592	3.281943	0	0
conventional	ce2061	1175	1.059085	10.629378	1	14	7	3.256809	1.173807	4.141752	2.057010	1.236918	0
conventional	ce2062	1175	0.229816	20.675335	1	14	7	2.495555	1.503836	9.243198	7.432746	0	0
holistic	he1877	1176	0.190354	0.190354	1	1	4	0	0	0.190354	0	0	0.101712
holistic	he1878	1177	0	0	0	0	3	0	0	0	0	0	0
holistic	he1879	1177	0	0	0	0	3	0	0	0	0	0	0
conventional	ce2063	1177	0.026578	31.249341	1	14	7	4.351847	0.287253	15.695708	10.914533	0	0
conventional	ce2064	1177	0.229816	18.709332	1	14	7	0.773133	0.193633	7.257377	10.485189	0	0
conventional	ce2065	1177	1.073197	0.143333	1	1	7	0	0	0	0.143333	1.358452	0
conventional	ce2066	1178	2.238038	16.650553	1	14	7	2.298957	3.151178	5.998346	5.202072	0.422355	0
conventional	ce2067	1178	0.580708	23.494868	1	14	7	1.913002	2.662456	10.084523	8.834887	3.825981	0
holistic	he1880	1179	0	0	0	0	2	0	0	0	0	0	0
holistic	he1881	1179	0	0	0	0	3	0	0	0	0	0	0
holistic	he1882	1179	0.103222	0.103222	2	2	10	0	0	0.103222	0	0	0.820788
holistic	he1883	1179	0	0	0	0	14	0	0	0	0	0	1.198974
conventional	ce2068	1179	0.800961	18.219144	1	14	7	2.758682	2.337998	9.270133	3.852331	0.932522	0
holistic	he1884	1180	3.979192	3.979192	4	4	6	0	0	3.979192	0	0	0.820788
holistic	he1885	1180	0	0	0	0	29	0	0	0	0	0	2.304315
conventional	ce2069	1180	0.665180	16.897569	1	14	7	0.955437	0.430172	5.941928	9.570032	0	0
conventional	ce2070	1180	1.147432	11.643879	1	14	7	2.502019	1.444709	5.637525	2.059626	1.113878	0
conventional	ce2071	1180	0	10.390315	0	14	7	3.256809	1.173807	4.783051	1.176648	1.439982	0
conventional	ce2072	1180	0	16.076210	0	14	7	3.490823	2.400033	6.973558	3.211796	0	0
conventional	ce2073	1180	0	0.862886	0	14	7	0.239679	0.108521	0.392517	0.122169	0	0
holistic	he1886	1181	0	0	0	0	11	0	0	0	0	0	0
holistic	he1887	1181	0.103222	0.103222	2	2	8	0	0	0.103222	0	0	0.820788
conventional	ce2074	1181	2.198151	15.457305	1	14	7	1.881646	2.818058	6.956846	3.800755	1.648089	0
holistic	he1888	1182	0.593665	0.593665	1	1	3	0	0	0.593665	0	0	0
conventional	ce2075	1182	1.073197	0.143333	1	1	7	0	0	0	0.143333	0.852891	0
holistic	he1889	1183	0	0	0	0	4	0	0	0	0	0	0
holistic	he1890	1183	3.473904	3.920829	3	4	16	0	0	3.473904	0.446925	0	0.726531
holistic	he1891	1183	0	0	0	0	4	0	0	0	0	0	0
holistic	he1892	1183	3.266334	4.923441	3	12	18	0	1.657107	3.266334	0	0	2.102490
holistic	he1893	1183	0.331270	0.331270	2	2	12	0	0	0.331270	0	0	1.118930
holistic	he1894	1183	0	0	0	0	22	0	0	0	0	0	0
holistic	he1895	1183	2.341786	2.341786	2	2	6	0	0	2.341786	0	0	2.258822
holistic	he1896	1183	0	0	0	0	3	0	0	0	0	0	0
holistic	he1897	1183	0	0	0	0	4	0	0	0	0	0	0
conventional	ce2076	1183	1.970118	13.896846	1	14	7	2.382635	2.727756	5.010270	3.776185	1.786473	0
conventional	ce2077	1183	0.331404	12.922068	1	13	7	3.502604	1.262396	6.488777	1.668291	0.430034	0
conventional	ce2078	1183	0	8.812883	0	14	7	2.355024	1.536154	3.940961	0.980744	0	0
holistic	he1898	1184	0.380708	0.380708	2	2	6	0	0	0.380708	0	0	0.820788
holistic	he1899	1184	0.190354	0.190354	1	1	4	0	0	0.190354	0	0	0.347969
holistic	he1900	1184	0	0	0	0	3	0	0	0	0	0	0
holistic	he1901	1184	0	0	0	0	6	0	0	0	0	0	0
holistic	he1902	1184	0	0	0	0	2	0	0	0	0	0	0
conventional	ce2079	1184	1.199447	7.473688	1	14	7	0.714710	0.769173	2.275582	3.714223	1.032638	0
conventional	ce2080	1184	0.026578	27.370473	1	14	7	3.283210	0.508917	16.255077	7.323269	0	0
holistic	he1903	1185	0	0	0	0	3	0	0	0	0	0	0
conventional	ce2081	1185	0.580708	27.558734	1	14	7	2.356886	3.953928	11.306472	9.941448	2.886892	0
conventional	ce2082	1186	1.094982	11.318002	1	13	7	2.037380	1.951218	6.599268	0.730136	0.234485	0
conventional	ce2083	1186	0.229816	24.936442	1	14	7	1.442169	0.508532	14.900498	8.085243	0	0
conventional	ce2084	1186	0.527590	17.640107	1	14	7	5.693862	1.656938	8.432521	1.856786	1.288597	0
conventional	ce2085	1186	0	12.724283	0	14	7	0.876421	2.004973	6.881444	2.961445	0.527540	0
holistic	he1904	1187	1.809858	1.809858	2	2	12	0	0	1.809858	0	0	1.401660
holistic	he1905	1187	0.103222	0.103222	2	2	16	0	0	0.103222	0	0	1.433774
holistic	he1906	1187	0.349968	0.349968	1	1	9	0	0	0.349968	0	0	0
conventional	ce2086	1187	0	29.677659	0	14	7	6.758920	5.429655	14.675534	2.813550	0	0
conventional	ce2087	1187	1.073197	2.912906	1	1	7	0	0	0	2.912906	1.593690	0
conventional	ce2088	1187	1.363110	15.005323	1	14	7	2.298957	3.151178	5.159886	4.395302	0.392427	0
holistic	he1907	1188	0	0	0	0	6	0	0	0	0	0	0.820788
holistic	he1908	1188	0.071918	0.071918	2	2	8	0	0	0.071918	0	0	1.419994
holistic	he1909	1188	0.190354	0.190354	1	1	4	0	0	0.190354	0	0	0.121693
holistic	he1910	1189	0	0	0	0	3	0	0	0	0	0	0
conventional	ce2089	1190	0	14.891036	0	14	7	3.215958	1.411285	6.923902	3.339891	0	0
conventional	ce2090	1190	1.073197	13.145760	1	14	7	1.244798	1.891414	6.486147	3.523401	1.021605	0
conventional	ce2091	1190	0	2.167821	0	14	7	0.573932	0.407248	0.939915	0.246726	0	0
holistic	he1911	1191	0.103222	0.103222	2	2	14	0	0	0.103222	0	0	1.433774
conventional	ce2092	1191	0.834948	23.451387	1	14	7	1.927061	1.842021	11.916314	7.765991	0.986420	0
conventional	ce2093	1191	0.622068	14.272642	1	14	7	2.205899	1.647324	8.136379	2.283040	0.671258	0
conventional	ce2094	1191	1.199447	6.293620	1	14	7	0.774892	0.833942	1.813267	2.871519	1.542881	0
conventional	ce2095	1191	0.479085	16.205876	1	14	7	4.293891	2.462245	5.825185	3.624555	0.479482	0
conventional	ce2096	1191	1.721796	16.315392	1	14	7	2.831674	2.337836	7.123913	4.021969	1.648089	0
holistic	he1912	1192	0	0	0	0	6	0	0	0	0	0	0
holistic	he1913	1192	0	0	0	0	4	0	0	0	0	0	0.520973
holistic	he1914	1192	0	0	0	0	22	0	0	0	0	0	0
conventional	ce2097	1192	0	10.903720	0	14	7	0.775534	1.774176	5.733463	2.620547	0.505561	0
conventional	ce2098	1193	0.627588	19.054432	1	14	7	2.544208	3.231883	11.382343	1.895998	0.430034	0
conventional	ce2099	1193	1.073197	15.524237	1	14	7	1.468616	2.231493	7.721776	4.102352	0.186072	0
holistic	he1915	1194	0	0	0	0	3	0	0	0	0	0	0
holistic	he1916	1194	0	0	0	0	3	0	0	0	0	0	0
conventional	ce2100	1194	1.948845	19.180040	1	14	7	1.921694	1.261375	10.549278	5.447693	0.547128	0
conventional	ce2101	1194	0.800961	6.529425	1	14	7	2.226642	0.599604	3.271778	0.431401	0.010414	0
conventional	ce2102	1195	0	15.660327	0	14	7	1.047996	2.982601	8.088529	3.541201	0.505561	0
conventional	ce2103	1195	0.026578	32.565176	1	14	7	4.351847	0.287253	17.020559	10.905517	0	0
conventional	ce2104	1195	0	10.738909	0	14	7	2.601908	0.573943	5.041583	2.521475	0	0
holistic	he1917	1196	0	0	0	0	3	0	0	0	0	0	0
conventional	ce2105	1196	0.527590	13.176806	1	14	7	3.522268	1.310792	6.670912	1.672834	1.090232	0
conventional	ce2106	1196	0.501357	12.698217	1	14	7	0.973425	1.589680	7.415000	2.720112	0.430034	0
conventional	ce2107	1197	0	15.261727	0	14	7	3.611625	2.112540	6.512431	3.025131	0	0
holistic	he1918	1198	4.077498	4.077498	3	3	11	0	0	4.077498	0	0	3.388233
holistic	he1919	1198	0	0	0	0	21	0	0	0	0	0	1.773690
conventional	ce2108	1198	0	9.860891	0	14	7	0.711294	1.965772	5.286704	1.897121	0.131866	0
conventional	ce2109	1198	0.229816	38.677723	1	14	7	3.442633	2.749421	18.685621	13.800048	0	0
conventional	ce2110	1199	0.800961	10.333084	1	14	7	2.643375	1.237161	3.866289	2.586259	0.299960	0
