season	population	alive	births	deaths	mean_lifetime_score	best_lifetime_score	mean_age	max_age
0	holistic	60	1	1	0.02924499447071789	0.8900273857668062	29.616666666666667	59
0	conventional	60	2	2	0.11846954993633639	2.615590825337574	31.766666666666666	58
1	holistic	60	1	1	0.021575426836248638	0.6817883506171377	29.616666666666667	56
1	conventional	60	0	0	0.13604038173553118	1.625705998009635	32.766666666666666	59
2	holistic	60	0	0	0.03829546112584086	1.4192585388005314	30.616666666666667	57
2	conventional	60	5	5	0.2952374930008347	2.4357150394214417	30.533333333333335	59
3	holistic	60	1	1	0.050322259331908724	1.9199367291228744	31.566666666666666	58
3	conventional	60	3	3	0.2951271498766058	2.4970566327325345	28.616666666666667	59
4	holistic	60	1	1	0.05137947990392314	1.6191826700217562	32.516666666666666	59
4	conventional	60	8	8	0.3602417709391601	2.45969095937134	25.016666666666666	59
5	holistic	59	2	3	0.048697662259123156	1.586249372646698	31.033898305084747	58
5	conventional	60	7	7	0.391414236041645	2.488979186652943	22.4	59
6	holistic	60	2	1	0.14963420627541044	2.8098275561431483	30.55	59
6	conventional	60	7	7	0.309391362435375	2.2170297252623317	21.2	56
7	holistic	60	4	4	0.11179429875200193	2.314802909184716	28.483333333333334	58
7	conventional	60	6	6	0.38646622921562873	2.3492669762217777	20.966666666666665	57
8	holistic	60	2	2	0.1712605678237621	3.4401313010035244	28.7	59
8	conventional	60	6	6	0.4184339487040463	2.2514787173017337	21.7	58
9	holistic	60	3	3	0.15452863299974715	1.9426711725347903	27.833333333333332	59
9	conventional	60	11	11	0.4830545657461863	2.2004074303448924	17.766666666666666	58
10	holistic	60	5	5	0.17637795877750717	1.4466343647247293	27.25	59
10	conventional	60	5	5	0.6053335938826574	3.6766491479504473	16.983333333333334	59
11	holistic	28	5	37	0.37337513639591313	1.9870321782242641	13.357142857142858	59
11	conventional	60	8	8	0.5439646748645284	2.3922014436259436	16.483333333333334	57
12	holistic	28	5	5	0.3950483536756253	1.676580509312835	10.678571428571429	56
12	conventional	60	5	5	0.7004388663499265	3.5756593284833	17.066666666666666	58
13	holistic	35	8	1	0.39371304563288145	1.679005776590429	9.228571428571428	57
13	conventional	60	5	5	0.6289897695909343	2.046336808299786	17.75	59
14	holistic	41	9	3	0.5036986248991872	2.3564126586401155	7.219512195121951	52
14	conventional	60	5	5	0.6015605439959436	2.4280137879904915	16.633333333333333	59
15	holistic	49	12	4	0.4326181885192246	1.856199336183408	5.510204081632653	44
15	conventional	60	6	6	0.8841950920011938	6.500000019335632	16.35	59
16	holistic	60	13	2	0.6869499594547406	4.45086444321714	5.166666666666667	45
16	conventional	60	2	2	0.834980868252998	4.02506286657295	16.283333333333335	56
17	holistic	60	6	6	0.7627040167446228	3.927987069594587	5.833333333333333	46
17	conventional	60	2	2	0.8149059534065871	3.1806432493574133	17.1	57
18	holistic	60	8	8	0.8128816174939397	3.430039181221021	6.416666666666667	47
18	conventional	60	1	1	0.7486490992864182	2.2847453658038854	18.05	58
19	holistic	60	4	4	0.7332900728777363	2.92269359883143	6.433333333333334	42
19	conventional	60	3	3	0.7634705432532105	3.1227468455467653	18.433333333333334	59
20	holistic	60	1	1	0.8626094774296409	2.81848034991731	7.366666666666666	43
20	conventional	60	5	5	0.7901855140456305	2.6914086667750237	18.25	56
21	holistic	60	3	3	0.8604580729895773	2.7505214766721253	8.166666666666666	44
21	conventional	60	3	3	0.7766908482427622	2.842119926970846	19.016666666666666	57
22	holistic	60	2	2	0.9084006688038645	2.4504061404671544	9.0	45
22	conventional	60	4	4	0.7276601991441396	2.644366395597708	19.283333333333335	58
23	holistic	60	0	0	1.0238541388237719	2.7267244656936875	10.0	46
23	conventional	60	0	0	0.7957823841671774	3.1854638206748955	20.283333333333335	59
24	holistic	60	1	1	1.0546844199451235	2.7261437638287243	10.883333333333333	47
24	conventional	60	3	3	0.8241986144090748	3.5188273715424994	19.783333333333335	58
25	holistic	60	1	1	1.133682782430598	2.437940284801489	11.766666666666667	48
25	conventional	60	2	2	0.8635421190550753	3.5168242542959773	20.666666666666668	59
26	holistic	60	1	1	1.1648061807768009	2.4133461371148424	11.95	43
26	conventional	60	2	2	0.835240941488742	3.520417975617557	20.566666666666666	58
27	holistic	60	1	1	1.1850956480624368	2.5796415266940698	12.35	44
27	conventional	60	3	3	0.9318198933913701	6.487181635494204	20.533333333333335	59
28	holistic	60	1	1	1.240557997379019	3.8123417437869684	13.283333333333333	45
28	conventional	60	2	2	1.0241418636397601	5.479854544130907	20.516666666666666	59
29	holistic	60	0	0	1.2121646889057822	2.810819669433612	14.283333333333333	46
29	conventional	60	3	3	0.9471669189775275	3.45775505290106	20.383333333333333	56
30	holistic	60	0	0	1.2075635204686994	2.344400095504017	15.283333333333333	47
30	conventional	60	2	2	0.9582223905873808	3.6472464771876285	20.333333333333332	57
31	holistic	60	0	0	1.1997443443229925	2.22373646180241	16.283333333333335	48
31	conventional	60	1	1	0.9559597055060026	3.186593913466387	21.3	58
32	holistic	60	0	0	1.1958593121718928	2.2352503913901596	17.283333333333335	49
32	conventional	60	0	0	0.9130030880714035	2.8211100582266244	22.3	59
33	holistic	60	0	0	1.1861391647192012	2.1337997397680093	18.283333333333335	50
33	conventional	60	2	2	0.9348390790451191	2.7041303193207042	22.266666666666666	59
34	holistic	60	1	1	1.1714230320128218	2.095157023751087	18.95	51
34	conventional	60	1	1	0.9519877960845778	2.4405978353618694	22.266666666666666	59
35	holistic	60	0	0	1.1919329503792233	2.161301655670613	19.95	52
35	conventional	60	1	1	0.9290598820973925	2.293112400586343	22.266666666666666	59
36	holistic	60	0	0	1.199029141984727	2.173056550223503	20.95	53
36	conventional	60	1	1	0.8969493067700356	2.451620496290844	22.266666666666666	59
37	holistic	60	1	1	1.2022318953546367	2.1380216433089134	21.9	54
37	conventional	60	2	2	0.9120914746373162	2.522968250924962	21.266666666666666	58
38	holistic	60	0	0	1.1800245798414914	2.1502005090518357	22.9	55
38	conventional	60	0	0	1.002773616861502	7.552704554426164	22.266666666666666	59
39	holistic	60	1	1	1.1851198080669776	2.0365662838896013	23.866666666666667	56
39	conventional	60	2	2	1.0019637164548287	5.539241438515482	22.233333333333334	53
40	holistic	60	0	0	1.1611653373954511	2.012246217729017	24.866666666666667	57
40	conventional	60	1	1	0.9584241139726254	3.5377377443991413	23.15	54
41	holistic	60	1	1	1.1427116503285062	1.9118652471278663	25.6	58
41	conventional	60	0	0	0.9267671006426629	3.0642719484209793	24.15	55
42	holistic	60	1	1	1.1301585413686188	1.8461634824812931	26.55	59
42	conventional	60	0	0	0.8999939610915715	2.7440986458054155	25.15	56
43	holistic	60	1	1	1.1105861684310063	1.8725684837732643	26.55	47
43	conventional	60	1	1	0.8801413787755765	2.218227482023019	26.1	57
44	holistic	60	0	0	1.1880024939931806	3.4958776970256684	27.55	48
44	conventional	60	0	0	0.868538401666786	2.06882307026672	27.1	58
45	holistic	60	0	0	1.1613192825116776	2.495306752379305	28.55	49
45	conventional	60	2	2	0.8620712976590738	2.0777100093721987	27.683333333333334	59
46	holistic	60	1	1	1.1472479117844752	1.9059641681266346	29.483333333333334	50
46	conventional	60	2	2	0.8489914694291775	2.129124696348718	27.266666666666666	54
47	holistic	60	0	0	1.1468101875154386	1.8485015199644625	30.483333333333334	51
47	conventional	60	0	0	0.8628737194664718	1.9808446769523105	28.266666666666666	55
48	holistic	60	0	0	1.1802681996843412	2.3863523947714604	31.483333333333334	52
48	conventional	60	1	1	0.8497614664103144	1.946916427710228	29.233333333333334	56
49	holistic	60	0	0	1.1701188997979473	2.223769657696242	32.483333333333334	53
49	conventional	60	1	1	0.8491515599190833	1.9302791000657447	30.066666666666666	57
50	holistic	60	1	1	1.1506464459562622	2.1410049100627875	33.333333333333336	54
50	conventional	60	1	1	0.8454876052532233	1.9163317317576314	30.483333333333334	58
51	holistic	60	0	0	1.1508009357334579	2.091167969421613	34.333333333333336	55
51	conventional	60	2	2	0.8674294763634478	1.9317518776501734	31.35	59
52	holistic	60	0	0	1.1399735972573846	1.8912132897033735	35.333333333333336	56
52	conventional	60	3	3	0.7781983187326892	1.8252592073097695	29.733333333333334	50
53	holistic	60	0	0	1.1462821239929275	1.830599450169792	36.333333333333336	57
53	conventional	60	0	0	0.9075490582175243	3.4481909467803034	30.733333333333334	51
54	holistic	60	0	0	1.1559304154113268	1.8965213275343387	37.333333333333336	58
54	conventional	60	1	1	0.8667071257169415	1.9357559401805748	31.7	52
55	holistic	60	0	0	1.1469940639674643	1.9192780017858648	38.333333333333336	59
55	conventional	60	1	1	0.843459060648222	2.0588742072793607	32.65	53
56	holistic	60	1	1	1.1213935827354982	1.9357913727197762	38.333333333333336	51
56	conventional	60	1	1	0.8743086123699443	1.9360878089638784	33.53333333333333	54
57	holistic	60	0	0	1.116789572688053	1.8996552877471635	39.333333333333336	52
57	conventional	60	1	1	0.8688665444442325	1.9954008927012743	34.483333333333334	55
58	holistic	60	1	1	1.119741114724666	1.9151952046875038	40.3	53
58	conventional	60	1	1	0.850527874702264	1.857230321277509	35.36666666666667	56
59	holistic	60	0	0	1.1520805906193945	1.9780197421539618	41.3	54
59	conventional	60	1	1	0.8452861665854201	1.9015952209738862	36.31666666666667	57
60	holistic	60	0	0	1.1357771736885975	1.991238383687426	42.3	55
60	conventional	60	1	1	0.8190823413056798	1.8656829021895756	36.916666666666664	58
61	holistic	60	0	0	1.13817799612807	2.003052174067412	43.3	56
61	conventional	60	1	1	0.8509676251820685	1.8826976984724502	37.85	59
62	holistic	60	0	0	1.1339019078286434	2.015189588440661	44.3	57
62	conventional	60	2	2	0.8710489522367826	3.453575521697954	36.85	58
63	holistic	60	0	0	1.1327760700631073	2.0039731037747646	45.3	58
63	conventional	60	1	1	0.8516469333766791	1.9662454729194347	37.833333333333336	59
64	holistic	60	0	0	1.1397455391073066	1.993003202042267	46.3	59
64	conventional	60	2	2	0.869434028446242	2.132751158927965	36.833333333333336	59
65	holistic	60	2	2	1.0952391359266342	2.0253137185014447	45.3	59
65	conventional	60	1	1	0.898787057996718	3.542893903963176	36.833333333333336	59
66	holistic	60	1	1	1.1480328981270114	3.8170316953835965	45.3	59
66	conventional	60	1	1	0.8568049293296375	2.105239185795711	36.833333333333336	59
67	holistic	60	3	3	1.08642742408758	2.0649452555933885	44.15	58
67	conventional	60	2	2	0.8494042306079351	1.9678440718055141	36.2	59
68	holistic	60	0	0	1.0925027780221717	2.054036887149895	45.15	59
68	conventional	60	5	5	0.7907008703013656	2.1027634740686274	34.25	59
69	holistic	60	4	4	1.1079593308579336	2.5677419450201766	44.05	59
69	conventional	60	8	8	0.740107870274889	2.4690950876495634	29.166666666666668	59
70	holistic	60	2	2	1.0768329665764178	2.6169672183319195	44.0	59
70	conventional	60	4	4	0.8309615845887025	4.288269557581422	28.083333333333332	59
71	holistic	60	4	4	1.0151404061789935	2.315554099032362	41.96666666666667	59
71	conventional	60	6	6	0.7855438675707105	4.288549811285122	25.983333333333334	59
72	holistic	60	3	3	0.9506943563623229	2.3867289405555736	39.96666666666667	59
72	conventional	60	2	2	0.7924618219615235	3.2945430724026252	25.95	59
73	holistic	60	2	2	0.9557687089338418	2.1911358116975643	38.96666666666667	59
73	conventional	60	5	5	0.8450518158459394	3.5464283859496817	24.85	59
74	holistic	60	6	6	0.9057715221399856	2.2604858342321514	34.916666666666664	59
74	conventional	60	7	7	0.7807103163088838	3.090453295920269	20.016666666666666	59
75	holistic	60	9	9	0.8479161094842401	4.846252641037435	28.783333333333335	59
75	conventional	60	4	4	0.7496444697778766	2.7932203940961453	18.05	55
76	holistic	60	11	11	0.7224684829811951	2.8465882724897518	21.533333333333335	59
76	conventional	60	4	4	0.6830169566068138	2.2966424210260343	18.9	56
77	holistic	60	1	1	0.952642054766547	3.794854162304968	21.533333333333335	59
77	conventional	60	4	4	0.7657283978161274	3.3865386205653625	19.75	57
78	holistic	60	11	11	0.8398526573070291	2.846879065301542	16.216666666666665	59
78	conventional	60	5	5	0.8532422923844998	5.358945750771293	19.4	58
79	holistic	60	7	7	0.9526191911588913	4.4736092000129455	13.016666666666667	59
79	conventional	60	3	3	0.8379395927979941	2.8713373931332864	20.266666666666666	59
80	holistic	60	2	2	1.0404337526505885	4.835684763559923	12.8	59
80	conventional	60	3	3	0.8294882842016985	3.283023463658793	20.033333333333335	58
81	holistic	60	4	4	0.8987982120419775	3.3404495674535384	10.75	59
81	conventional	60	1	1	0.8178181546048097	2.931152476882117	21.0	59
82	holistic	60	8	8	0.9441221019201265	3.64090470139474	9.333333333333334	56
82	conventional	60	3	3	0.823611079888962	2.698043426564474	20.883333333333333	58
83	holistic	60	0	0	1.0179970132644482	4.751253016987311	10.333333333333334	57
83	conventional	60	2	2	0.7909052638243642	2.673513971724067	21.766666666666666	59
84	holistic	60	1	1	1.0137013837178237	2.6406727113626776	11.283333333333333	58
84	conventional	60	4	4	0.8093378150197772	2.5632911081612804	21.55	59
85	holistic	60	1	1	1.1266904719184359	5.411634255779329	12.216666666666667	59
85	conventional	60	2	2	0.7970905954301056	2.804570027008588	21.45	59
86	holistic	60	2	2	1.0704780385436672	4.747815541716442	12.15	59
86	conventional	60	3	3	0.8326811042763398	2.7706333458310475	21.35	59
87	holistic	60	1	1	1.0798837736981934	4.355850674677056	12.15	59
87	conventional	60	3	3	0.8972874082743011	2.5010165004041878	20.316666666666666	58
88	holistic	60	4	4	1.0582980674107954	4.255048575704829	11.783333333333333	45
88	conventional	60	2	2	0.9184884927402217	3.4444137046123817	21.266666666666666	59
89	holistic	60	0	0	1.045484272978626	3.6100599945554643	12.783333333333333	46
89	conventional	60	2	2	0.8977930282470993	2.7707314520588073	21.233333333333334	59
90	holistic	60	4	4	1.0778967331672054	3.3798308320399992	13.45	47
90	conventional	60	3	3	0.9440033291129972	2.4380571678212606	19.916666666666668	57
91	holistic	60	1	1	1.1673976660255316	2.9774025050196506	14.383333333333333	48
91	conventional	60	1	1	0.9142944018295202	2.094870566529411	20.616666666666667	58
92	holistic	60	1	1	1.1102794735590642	2.758153642492035	15.316666666666666	49
92	conventional	60	3	3	0.8823433022830022	2.0927746340491864	21.5	59
93	holistic	60	1	1	1.071242516567822	2.57570736821466	16.066666666666666	50
93	conventional	60	2	2	0.8118649293712402	1.9374790021038488	20.5	59
94	holistic	60	0	0	1.1920171490201095	5.213495664384547	17.066666666666666	51
94	conventional	60	3	3	0.9074782336462834	4.253448773448181	20.433333333333334	57
95	holistic	60	1	1	1.1599785952939876	3.7187825074422163	18.0	52
95	conventional	60	1	1	0.9109652627452963	2.1821057175827767	21.366666666666667	58
96	holistic	60	1	1	1.1924869548581631	2.7570356246672603	18.933333333333334	53
96	conventional	60	0	0	1.0013535574060668	1.9777604889096843	22.366666666666667	59
97	holistic	60	0	0	1.2077828064965843	2.5567714494982794	19.933333333333334	54
97	conventional	60	1	1	0.9361690316734117	2.113037109766663	22.366666666666667	58
98	holistic	60	0	0	1.167320672718151	2.567367657198155	20.933333333333334	55
98	conventional	60	0	0	0.88666406767817	1.652789116374138	23.366666666666667	59
99	holistic	60	0	0	1.151139114131033	2.665130321542658	21.933333333333334	56
99	conventional	60	1	1	0.8570083582105837	1.603939482767442	23.366666666666667	54
100	holistic	60	0	0	1.139590115204981	2.712762284619217	22.933333333333334	57
100	conventional	60	0	0	0.8421586803739507	1.7671843180700526	24.366666666666667	55
101	holistic	60	0	0	1.1543491731268327	2.596413741756586	23.933333333333334	58
101	conventional	60	0	0	0.8391647938379629	1.9034143042559877	25.366666666666667	56
102	holistic	60	0	0	1.1447472387240551	2.4885429412748845	24.933333333333334	59
102	conventional	60	0	0	0.8349547078996225	1.9368633454324677	26.366666666666667	57
103	holistic	60	1	1	1.1240865759879242	2.462185937379824	24.933333333333334	57
103	conventional	60	0	0	0.8613821812248881	1.9079856012708072	27.366666666666667	58
104	holistic	60	0	0	1.112865939222113	2.3678141897712766	25.933333333333334	58
104	conventional	60	1	1	0.8426137324959364	1.9997169094712337	28.183333333333334	59
105	holistic	60	0	0	1.098681313884961	2.348483174132475	26.933333333333334	59
105	conventional	60	2	2	0.8288559446039014	1.8066487092426449	27.183333333333334	55
106	holistic	60	2	2	1.102760330900846	2.363247575335779	26.433333333333334	56
106	conventional	60	0	0	0.840445317725733	2.4548285371935883	28.183333333333334	56
107	holistic	60	0	0	1.0955255047232957	2.2802581905078667	27.433333333333334	57
107	conventional	60	0	0	0.8798499287139963	3.116975162084735	29.183333333333334	57
108	holistic	60	0	0	1.0888251863113159	2.234625712212886	28.433333333333334	58
108	conventional	60	0	0	0.8649643957382952	2.9348616652462662	30.183333333333334	58
109	holistic	60	0	0	1.114459877925813	2.220108700481313	29.433333333333334	59
109	conventional	60	1	1	0.8414727957950442	2.226043441052128	30.766666666666666	59
110	holistic	60	2	2	1.1089695291849542	2.338196216482217	29.316666666666666	45
110	conventional	60	1	1	0.8454465150869583	2.250847099187713	30.766666666666666	59
111	holistic	60	0	0	1.1357008184012933	2.2810096360764924	30.316666666666666	46
111	conventional	60	1	1	0.8458327915373333	1.9830750058686264	30.766666666666666	59
112	holistic	60	0	0	1.1215816013407853	2.2396913096115743	31.316666666666666	47
112	conventional	60	1	1	0.8304155238043699	1.9181587912854459	30.766666666666666	57
113	holistic	60	1	1	1.1500017073249829	2.2010479666969744	32.266666666666666	48
113	conventional	60	1	1	0.8531577791745761	1.9703229527210848	31.416666666666668	58
114	holistic	60	0	0	1.2030248312605758	3.3778776392278953	33.266666666666666	49
114	conventional	60	0	0	0.8606336081216907	1.7234569480590043	32.416666666666664	59
115	holistic	60	0	0	1.182814363171952	2.1857206454782214	34.266666666666666	50
115	conventional	60	2	2	0.8481349131318768	1.6426552608474059	32.36666666666667	56
116	holistic	60	0	0	1.1919234234101521	2.214841243105769	35.266666666666666	51
116	conventional	60	1	1	0.8630353595776118	1.6228183474948277	33.31666666666667	57
117	holistic	60	0	0	1.1863094175448707	2.192720344531151	36.266666666666666	52
117	conventional	60	0	0	0.886837886977493	2.2748238039951816	34.31666666666667	58
118	holistic	60	0	0	1.1730601653452488	2.1777092677024608	37.266666666666666	53
118	conventional	60	0	0	0.8826810378640926	1.5944260950338118	35.31666666666667	59
119	holistic	60	0	0	1.1641858707563275	2.145518491265179	38.266666666666666	54
119	conventional	60	1	1	0.8680511887630993	1.6096156009991642	35.31666666666667	59
120	holistic	60	0	0	1.158126821985548	2.0923132048377115	39.266666666666666	55
120	conventional	60	1	1	0.8650170699079792	1.5463549574233149	35.31666666666667	59
121	holistic	60	0	0	1.1574795263521203	2.138449975699592	40.266666666666666	56
121	conventional	60	1	1	0.845524859059349	1.6358577949482032	35.31666666666667	59
122	holistic	60	0	0	1.1521896075703908	2.129064115424458	41.266666666666666	57
122	conventional	60	3	3	0.8863334494232756	3.395631555935391	35.166666666666664	59
123	holistic	60	0	0	1.147302367461484	2.119803182664741	42.266666666666666	58
123	conventional	60	1	1	0.8392821409997485	2.3651610286039264	35.166666666666664	59
124	holistic	60	1	1	1.1370356335637637	2.0637888602376546	42.55	59
124	conventional	60	3	3	0.8559039862270563	2.4399407717966834	34.13333333333333	56
125	holistic	60	1	1	1.1284277469946042	2.191868750503262	42.55	59
125	conventional	60	0	0	0.9495185297761133	3.37023205003979	35.13333333333333	57
126	holistic	60	1	1	1.0912907787872872	2.1278906460517826	42.55	57
126	conventional	60	0	0	0.8688247312229208	1.5864149225991517	36.13333333333333	58
127	holistic	60	1	1	1.126570714177316	2.002661804861243	43.516666666666666	58
127	conventional	60	2	2	0.8718915959382562	1.558501518709263	37.03333333333333	59
128	holistic	60	0	0	1.1616994693782245	1.9508835546970538	44.516666666666666	59
128	conventional	60	3	3	0.9194389473868636	3.3028968751232726	35.03333333333333	59
129	holistic	60	2	2	1.121910638341103	1.9869211109237865	43.516666666666666	59
129	conventional	60	3	3	0.8541552483038005	2.32604750993502	33.03333333333333	59
130	holistic	60	2	2	1.0966886170303634	1.9553171402713014	42.516666666666666	59
130	conventional	60	1	1	0.880334535100189	1.6867252855661978	33.03333333333333	59
131	holistic	60	2	2	1.1773669271260723	2.9007283538032502	42.45	58
131	conventional	60	4	4	0.849200946144824	1.8308952423656577	31.95	59
132	holistic	60	0	0	1.2046675692813449	3.40102801667428	43.45	59
132	conventional	60	3	3	0.8326214054226442	1.9929026113772286	30.933333333333334	59
133	holistic	60	2	2	1.1392457397670157	2.573769519194798	42.45	59
133	conventional	60	3	3	0.8756896230921231	2.543924306966614	30.833333333333332	59
134	holistic	60	3	3	1.0497952360450304	2.023448776635214	40.45	59
134	conventional	60	5	5	0.8412985206587192	2.8947331304072446	28.7	59
135	holistic	60	5	5	0.9631452078691092	2.1072286858591225	37.38333333333333	59
135	conventional	60	2	2	0.891314107282869	2.747612941308312	28.666666666666668	59
136	holistic	60	9	9	0.794159922261996	1.9950190065056779	29.383333333333333	59
136	conventional	60	6	6	0.8183404836147098	2.6454741908257393	26.55	59
137	holistic	60	2	2	0.935984788114609	5.692727605555169	29.35	59
137	conventional	60	3	3	0.9052300842611565	3.500627147671138	25.116666666666667	59
138	holistic	60	11	11	0.9027796254522932	4.781252059870443	25.066666666666666	59
138	conventional	60	3	3	0.8981059083404582	2.5791905794573924	24.1	56
139	holistic	60	6	6	1.136625236308304	6.280543009857696	20.066666666666666	59
139	conventional	60	0	0	1.0021046642013467	3.4812202361278257	25.1	57
140	holistic	60	4	4	0.9891381954912054	4.116098116630185	19.9	59
140	conventional	60	1	1	1.0424702783387738	3.036456197742228	26.033333333333335	58
141	holistic	60	2	2	1.0911318525378326	3.2817298642462496	19.833333333333332	59
141	conventional	60	0	0	1.0519432291969477	2.4532321160732655	27.033333333333335	59
142	holistic	60	7	7	1.0470424368503481	3.5455639437089363	14.766666666666667	58
142	conventional	60	2	2	1.0213609346250359	2.472950505255151	26.033333333333335	59
143	holistic	60	1	1	1.1624703579205442	2.87899791577643	15.633333333333333	59
143	conventional	60	2	2	1.0317072624529267	2.804549326176894	25.033333333333335	59
144	holistic	60	1	1	1.1393977549706065	3.1268829568481897	15.633333333333333	58
144	conventional	60	2	2	0.9660761356938973	2.394012164240412	24.033333333333335	59
145	holistic	60	1	1	1.149444389728068	4.649388965336229	16.583333333333332	59
145	conventional	60	4	4	0.9790418640554533	4.339198136667504	23.933333333333334	59
146	holistic	60	4	4	1.122752033618727	4.636388108475796	16.183333333333334	58
146	conventional	60	2	2	0.9035778409350367	1.9827107204312096	22.933333333333334	59
147	holistic	60	0	0	1.1084985413968693	4.29936353727518	17.183333333333334	59
147	conventional	60	4	4	0.8815712953658937	1.809183388488566	22.65	59
148	holistic	60	2	2	1.0850748887524435	3.3354293462058537	17.033333333333335	58
148	conventional	60	3	3	1.0195261862303904	7.282287506200015	21.616666666666667	59
149	holistic	60	1	1	1.1946101789288386	2.835090866375712	17.983333333333334	59
149	conventional	60	2	2	0.9640281506276868	3.269601035322654	21.583333333333332	59
150	holistic	60	5	5	1.1530199925020852	2.5859832952241617	14.916666666666666	57
150	conventional	60	2	2	0.9805514718340193	2.6108061768093913	21.35	57
151	holistic	60	0	0	1.244324674813474	2.529673513198522	15.916666666666666	58
151	conventional	60	1	1	0.9430559081043068	2.0297743114256623	22.333333333333332	58
152	holistic	60	0	0	1.2193398492377174	2.836262099897002	16.916666666666668	59
152	conventional	60	1	1	0.9321421053360402	2.0804640038960587	23.133333333333333	59
153	holistic	60	1	1	1.1903938871195003	2.741859855851826	16.916666666666668	58
153	conventional	60	1	1	0.9733160385510189	2.115346631909109	23.133333333333333	59
154	holistic	60	0	0	1.2095946077517792	2.59321682479519	17.916666666666668	59
154	conventional	60	3	3	0.9527789163240707	4.1832948949681175	21.133333333333333	59
155	holistic	60	1	1	1.190249864759974	2.4643102753925663	17.916666666666668	59
155	conventional	60	2	2	0.9534773899865637	2.685452947137827	21.0	58
156	holistic	60	1	1	1.1895745415378047	2.4315866187919735	17.916666666666668	50
156	conventional	60	0	0	1.0210553345641111	2.1845959475504384	22.0	59
157	holistic	60	0	0	1.1652354901906108	2.404966435325303	18.916666666666668	51
157	conventional	60	2	2	0.9576885961076305	2.882892253463607	21.95	58
158	holistic	60	0	0	1.2105477185737348	2.5801336697215884	19.916666666666668	52
158	conventional	60	1	1	1.078340666961803	2.82806866906784	22.583333333333332	59
159	holistic	60	0	0	1.208806217858163	2.4271086518881577	20.916666666666668	53
159	conventional	60	2	2	1.004628181237273	2.616607822362421	22.55	55
160	holistic	60	0	0	1.2575933038826512	2.6267400868523176	21.916666666666668	54
160	conventional	60	1	1	1.0960848288533358	2.4905213407423554	23.516666666666666	56
161	holistic	60	0	0	1.2457920591167564	2.8160839612570765	22.916666666666668	55
161	conventional	60	0	0	1.0089525616806863	2.1915699964774586	24.516666666666666	57
162	holistic	60	0	0	1.2303849892152896	2.8434220564523973	23.916666666666668	56
162	conventional	60	0	0	0.9942854577579354	2.0648634101834102	25.516666666666666	58
163	holistic	60	2	2	1.2404970203935337	2.927247581832574	24.116666666666667	57
163	conventional	60	1	1	0.9903282711074136	2.078198964463165	26.383333333333333	59
164	holistic	60	0	0	1.306243994907054	2.8556948050570035	25.116666666666667	58
164	conventional	60	1	1	1.0042121885084685	2.031749464709451	26.383333333333333	59
165	holistic	60	0	0	1.2925290863361254	2.660170775018426	26.116666666666667	59
165	conventional	60	2	2	0.9905647413868727	1.9346703847244848	25.383333333333333	56
166	holistic	60	2	2	1.2331449018830587	2.5516038748898118	25.116666666666667	56
166	conventional	60	1	1	1.084828950908314	6.503051700628253	26.266666666666666	57
167	holistic	60	0	0	1.3636996494623221	5.813389433630769	26.116666666666667	57
167	conventional	60	0	0	1.0568740719997125	3.00415605012942	27.266666666666666	58
168	holistic	60	0	0	1.2825758440497819	3.328953933861809	27.116666666666667	58
168	conventional	60	0	0	1.0268226518920447	2.160586205248019	28.266666666666666	59
169	holistic	60	0	0	1.278289110869772	3.89594627332159	28.116666666666667	59
169	conventional	60	1	1	0.9762634112681892	1.9189293753947063	28.266666666666666	59
170	holistic	60	1	1	1.2539977527258335	3.87237334692626	28.116666666666667	57
170	conventional	60	1	1	0.9260967804079228	1.8183243555378596	28.266666666666666	55
171	holistic	60	0	0	1.3086915013370752	3.3547532937004383	29.116666666666667	58
171	conventional	60	2	2	0.9444178996426718	1.837633221548309	28.9	56
172	holistic	60	0	0	1.2880521865462051	3.507295078192319	30.116666666666667	59
172	conventional	60	0	0	0.9565574260207071	1.8089471420085896	29.9	57
173	holistic	60	1	1	1.250270932084171	3.129413729280687	30.116666666666667	49
173	conventional	60	2	2	0.9540489818775086	1.8807072779549459	30.833333333333332	58
174	holistic	60	0	0	1.2543142929048006	2.9120309003967377	31.116666666666667	50
174	conventional	60	0	0	0.9442125104189317	1.6774411837724292	31.833333333333332	59
175	holistic	60	1	1	1.255121783560048	2.813351660415478	32.083333333333336	51
175	conventional	60	1	1	0.9483323362407506	1.7278950737370937	31.833333333333332	59
176	holistic	60	0	0	1.2450086212324167	2.6584928933617897	33.083333333333336	52
176	conventional	60	2	2	0.9130765597787677	1.6655735319642424	31.816666666666666	57
177	holistic	60	0	0	1.2483901496517897	2.7304222496249153	34.083333333333336	53
177	conventional	60	2	2	0.8846172897896281	1.6601088465389549	32.68333333333333	58
178	holistic	60	0	0	1.262169325754587	2.9301428953614987	35.083333333333336	54
178	conventional	60	1	1	0.8830775627517778	1.6371497109825819	33.65	59
179	holistic	60	0	0	1.2683395808434912	2.792366369111808	36.083333333333336	55
179	conventional	60	1	1	0.8908418170562218	1.5971463850414869	33.65	58
180	holistic	60	0	0	1.2560284550173637	2.7299880951984705	37.083333333333336	56
180	conventional	60	2	2	0.8870820792136566	1.5743164931470228	34.56666666666667	59
181	holistic	60	0	0	1.2599212262783652	2.6742375747076417	38.083333333333336	57
181	conventional	60	3	3	0.9263926680771084	1.7583617936790588	34.35	59
182	holistic	60	0	0	1.2508370995831626	2.730196206214409	39.083333333333336	58
182	conventional	60	3	3	0.9038955958416461	1.670422617090496	33.333333333333336	59
183	holistic	60	0	0	1.257565639609537	2.7928640686983286	40.083333333333336	59
183	conventional	60	1	1	0.8393869495537699	1.5629345199307212	33.333333333333336	59
184	holistic	60	1	1	1.232374266478402	2.7437601265110407	40.083333333333336	58
184	conventional	60	3	3	0.8289839090737134	1.5808852463107115	33.233333333333334	57
185	holistic	60	0	0	1.2386606138545682	2.748417360934568	41.083333333333336	59
185	conventional	60	1	1	0.8465870411054286	1.5458997239764807	34.18333333333333	58
186	holistic	60	1	1	1.2243245672294494	2.70295517639794	41.083333333333336	57
186	conventional	60	0	0	0.9023907813661952	2.2168361557124086	35.18333333333333	59
187	holistic	60	0	0	1.2528049079579802	2.7083031526172263	42.083333333333336	58
187	conventional	60	4	4	0.8788429157068649	1.7468234244996514	34.1	59
188	holistic	60	0	0	1.2838995743068446	3.632942104931355	43.083333333333336	59
188	conventional	60	2	2	0.8884937191901999	3.323320183246786	33.1	58
189	holistic	60	2	2	1.2309083055170509	2.9685842064246373	42.083333333333336	59
189	conventional	60	3	3	0.8956139020912344	2.5636843108078544	33.95	59
190	holistic	60	2	2	1.2319459615909325	4.134809654692868	41.083333333333336	59
190	conventional	60	1	1	0.8307230404452131	1.4889933102386286	33.95	59
191	holistic	60	1	1	1.2323064422292893	3.6315864785063163	41.083333333333336	58
191	conventional	60	2	2	0.8443879857075849	1.490650959256189	33.9	59
192	holistic	60	0	0	1.1981355331984054	3.466716676364918	42.083333333333336	59
192	conventional	60	3	3	0.8229469661571395	1.4914144638053275	31.9	59
193	holistic	60	2	2	1.1475962795654453	3.0618890856551677	41.083333333333336	58
193	conventional	60	2	2	0.93000453885509	3.631800432088923	31.833333333333332	59
194	holistic	60	1	1	1.2479799390808857	5.671436664909678	42.03333333333333	59
194	conventional	60	2	2	0.9041789563146397	1.63965245522611	30.833333333333332	59
195	holistic	60	3	3	1.2212083058621175	6.188765575838189	40.93333333333333	59
195	conventional	60	4	4	0.8563863815800172	1.4899281460424023	29.6	59
196	holistic	60	5	5	1.2262229321443139	5.013340120396411	37.833333333333336	59
196	conventional	60	3	3	0.8704124864020746	1.7457919705228224	27.6	59
197	holistic	60	1	1	1.1643499907871542	3.680615419024513	37.833333333333336	59
197	conventional	60	2	2	0.855630035962524	3.2503454092507247	26.6	59
198	holistic	60	9	9	0.9683299180385138	2.8807424305683798	30.766666666666666	59
198	conventional	60	3	3	0.8822479942944899	3.4948644347840605	24.6	56
199	holistic	60	3	3	1.1478879560157298	4.84385023813402	28.766666666666666	59
199	conventional	60	1	1	0.9628370898138976	3.5298899463518625	25.566666666666666	57
200	holistic	60	4	4	1.0990013298821346	3.3369841323462204	25.766666666666666	59
200	conventional	60	1	1	0.9274070695448627	3.1807224086772012	26.483333333333334	58
201	holistic	60	4	4	1.1363580077749524	4.662317086290488	24.65	59
201	conventional	60	1	1	0.8887756452663925	2.2591304275177135	27.4	59
202	holistic	60	5	5	0.984478058265619	2.987212745897457	20.65	59
202	conventional	60	2	2	0.8699191077632967	2.0797566349980348	27.333333333333332	59
203	holistic	60	1	1	1.064334145603408	4.722396887738362	20.65	59
203	conventional	60	2	2	0.9003776918530518	2.1026054084912595	27.3	59
204	holistic	60	2	2	0.9947008157683973	2.934392669862909	20.583333333333332	59
204	conventional	60	2	2	0.9392156739318505	3.4715829440926123	27.266666666666666	59
205	holistic	60	3	3	0.9711348087419338	2.48723977111994	20.45	59
205	conventional	60	2	2	0.8853344059625268	3.1666192165344222	26.266666666666666	59
206	holistic	60	5	5	0.901517673427305	2.845792246432438	19.183333333333334	58
206	conventional	60	4	4	0.8851052810205936	2.9303551340730287	26.116666666666667	59
207	holistic	60	1	1	0.939035659159693	2.10953634956874	20.133333333333333	59
207	conventional	60	3	3	0.9291369370658934	4.403119470089429	24.916666666666668	59
208	holistic	60	4	4	0.9757925266688403	2.5131753487772177	18.933333333333334	59
208	conventional	60	3	3	0.8765257598847073	2.4979469676092663	22.916666666666668	59
209	holistic	60	2	2	0.9425050881669752	2.528850048169498	18.866666666666667	59
209	conventional	60	3	3	0.9674854993205095	2.662584786030571	21.866666666666667	59
210	holistic	60	6	6	0.9456963586666696	2.5729321770642644	14.833333333333334	57
210	conventional	60	1	1	0.9256721273256407	2.158734620323884	21.866666666666667	59
211	holistic	60	0	0	1.1167682793339542	3.7502756417410996	15.833333333333334	58
211	conventional	60	1	1	0.8861667113692137	2.2320535965729182	21.866666666666667	59
212	holistic	60	1	1	1.1062712289730618	3.721767007683265	16.766666666666666	59
212	conventional	60	1	1	0.8560571330185011	2.233159837278493	21.866666666666667	59
213	holistic	60	2	2	1.0639586840648898	3.712913059572531	16.7	58
213	conventional	60	1	1	0.8326332289426153	2.291967686042209	21.866666666666667	59
214	holistic	60	2	2	1.0830886107648108	2.960008298512289	17.566666666666666	59
214	conventional	60	4	4	0.7990767472835728	2.232812282264255	21.433333333333334	59
215	holistic	60	1	1	1.0937771105319212	2.7138778561996313	17.566666666666666	59
215	conventional	60	3	3	0.8265176887246888	2.233334265081156	21.3	58
216	holistic	60	2	2	1.0800919360854537	2.5466046860775307	17.5	53
216	conventional	60	1	1	0.809094298886414	2.2841402059744262	22.216666666666665	59
217	holistic	60	0	0	1.053740951405488	2.570081157058962	18.5	54
217	conventional	60	3	3	0.822183157104658	2.3774798715539305	22.133333333333333	58
218	holistic	60	1	1	1.048954161000777	2.234847825270088	19.466666666666665	55
218	conventional	60	0	0	0.8795151929751384	2.41748650893797	23.133333333333333	59
219	holistic	60	0	0	1.0253583339753278	2.2710602249496272	20.466666666666665	56
219	conventional	60	2	2	0.8447234367362572	3.117951902499177	22.866666666666667	59
220	holistic	60	0	0	1.0516579861714173	2.5135525963433567	21.466666666666665	57
220	conventional	60	2	2	0.800593717640618	2.237569974693032	22.766666666666666	57
221	holistic	60	1	1	1.0451313026643665	2.3508652901827016	22.383333333333333	58
221	conventional	60	3	3	0.7636663738602028	2.37410586239212	23.55	58
222	holistic	60	0	0	1.0651994314530397	2.4639487488401484	23.383333333333333	59
222	conventional	60	3	3	0.7928746529217592	2.8190712578000436	23.766666666666666	59
223	holistic	60	2	2	1.0373216765821665	2.404709793258218	22.383333333333333	57
223	conventional	60	4	4	0.8149866236408709	2.3057632001260564	23.25	59
224	holistic	60	0	0	1.053588747875857	2.2114166333653955	23.383333333333333	58
224	conventional	60	4	4	0.8419884012032777	2.3482273896113743	23.016666666666666	59
225	holistic	60	2	2	1.0451842976653694	2.1829769965604218	23.983333333333334	59
225	conventional	60	2	2	0.8563891624068464	2.2534463321910754	22.016666666666666	56
226	holistic	60	3	3	1.1565557442334453	4.720461580098405	22.683333333333334	56
226	conventional	60	3	3	0.8428265297162876	2.6401480375001403	22.733333333333334	57
227	holistic	60	0	0	1.3046964748312677	4.896486701219293	23.683333333333334	57
227	conventional	60	2	2	0.8850168907127082	2.810318722490246	23.65	58
228	holistic	60	0	0	1.1974568706007709	3.3954769324997303	24.683333333333334	58
228	conventional	60	1	1	0.8859601547558362	2.5078181487103324	24.616666666666667	59
229	holistic	60	0	0	1.1994166405290572	3.2299633709506588	25.683333333333334	59
229	conventional	60	1	1	0.9203400323166216	2.637570239888317	24.616666666666667	53
230	holistic	60	1	1	1.1640164713870993	3.1568674664139524	25.683333333333334	55
230	conventional	60	1	1	0.8927154037035495	2.4454319475111848	25.216666666666665	54
231	holistic	60	0	0	1.2018542839771236	2.905841495740309	26.683333333333334	56
231	conventional	60	0	0	0.902131506579003	2.430132641860088	26.216666666666665	55
232	holistic	60	0	0	1.1921208555438392	2.7361516746444727	27.683333333333334	57
232	conventional	60	0	0	0.8890910388775252	2.086555128542079	27.216666666666665	56
233	holistic	60	0	0	1.189785889568464	3.0444814199084513	28.683333333333334	58
233	conventional	60	1	1	0.8995736468904098	2.0893271851065713	28.066666666666666	57
234	holistic	60	0	0	1.1670763484480147	2.776207998229696	29.683333333333334	59
234	conventional	60	0	0	0.8876851965572993	2.0303225422662003	29.066666666666666	58
235	holistic	60	1	1	1.1509721978109808	2.902188162783249	29.683333333333334	51
235	conventional	60	0	0	0.8706234429500552	1.9587806633256566	30.066666666666666	59
236	holistic	60	0	0	1.1936222816698943	2.6016660914961953	30.683333333333334	52
236	conventional	60	1	1	0.8675621195381209	1.8913848138575613	30.066666666666666	59
237	holistic	60	0	0	1.1803920737316873	2.3544439396266195	31.683333333333334	53
237	conventional	60	2	2	0.825170172158907	1.9640005064071417	29.9	57
238	holistic	60	0	0	1.203610085659779	2.436067294050893	32.68333333333333	54
238	conventional	60	0	0	0.8967360284418588	1.8612636727483836	30.9	58
239	holistic	60	0	0	1.2149773120656522	2.522440522971234	33.68333333333333	55
239	conventional	60	1	1	0.8862374973710527	1.8936630233231806	31.4	59
240	holistic	60	0	0	1.2021915747470828	2.4139582149243934	34.68333333333333	56
240	conventional	60	1	1	0.861862920116758	1.856118475064157	31.4	59
241	holistic	60	0	0	1.1941033308849465	2.392607054692301	35.68333333333333	57
241	conventional	60	2	2	0.8328192295087242	1.9126754559984203	30.4	58
242	holistic	60	0	0	1.1886323150357243	2.341018141355378	36.68333333333333	58
242	conventional	60	1	1	0.872413646518308	3.1388170807352243	31.316666666666666	59
243	holistic	60	0	0	1.1906838418311823	2.322073691509985	37.68333333333333	59
243	conventional	60	1	1	0.8564228047870283	2.2478203574907827	31.316666666666666	59
244	holistic	60	1	1	1.1773084262306561	2.3330767470531883	37.68333333333333	58
244	conventional	60	2	2	1.0627822631148816	10.374893020064377	31.283333333333335	57
245	holistic	60	0	0	1.1956152663062076	2.4012735587116594	38.68333333333333	59
245	conventional	60	1	1	1.0059553371270356	5.871213068110539	32.21666666666667	58
246	holistic	60	1	1	1.1637880445316175	2.3820526146886523	38.68333333333333	57
246	conventional	60	2	2	0.9552272597028987	5.3834862352619695	32.85	59
247	holistic	60	0	0	1.1340197809572747	2.337415786177481	39.68333333333333	58
247	conventional	60	2	2	0.8808928274285963	3.9187910808004287	31.85	59
248	holistic	60	1	1	1.1615282657141712	2.3212110940502924	40.65	59
248	conventional	60	2	2	0.9638518775228633	3.6150222054255052	31.783333333333335	59
249	holistic	60	1	1	1.1508516834748794	2.306441630307207	40.65	59
249	conventional	60	2	2	1.039032483121962	5.377451379861811	30.783333333333335	59
250	holistic	60	1	1	1.162522019554249	2.7304444712455966	40.65	57
250	conventional	60	2	2	1.0480256263401602	3.6449132844695584	30.633333333333333	59
251	holistic	60	0	0	1.1305166784133267	2.227293521880617	41.65	58
251	conventional	60	2	2	1.0186366636934545	2.6132444270568844	30.6	59
252	holistic	60	1	1	1.1052083382883708	2.168329396435977	42.583333333333336	59
252	conventional	60	5	5	0.9728777022123227	2.6116115629640735	28.433333333333334	59
253	holistic	60	3	3	1.1518774966983067	5.862208697351785	41.53333333333333	58
253	conventional	60	2	2	0.9380719941561254	2.3035410618187027	27.433333333333334	59
254	holistic	60	0	0	1.2038292156441714	4.85622578350783	42.53333333333333	59
254	conventional	60	5	5	0.9162519295101208	2.46633589061089	27.166666666666668	59
255	holistic	60	3	3	1.1567168428062302	3.52181817594254	40.53333333333333	59
255	conventional	60	1	1	0.9192431724299851	3.0722410100437174	27.166666666666668	59
256	holistic	60	5	5	1.1095140960772487	3.759708348639265	36.53333333333333	58
256	conventional	60	4	4	0.9032756509061616	2.799476216876973	25.866666666666667	59
257	holistic	60	1	1	1.0982496963882888	2.854396882670449	37.516666666666666	59
257	conventional	60	4	4	0.8398869427223266	2.75029304165376	25.166666666666668	59
258	holistic	60	7	7	0.9799396518855199	2.695219598362049	31.516666666666666	59
258	conventional	60	7	7	0.7631883175106917	2.8359202365018197	24.016666666666666	59
259	holistic	60	4	4	1.0389265653534083	2.5696280126337685	29.45	59
259	conventional	60	2	2	0.8960759217044062	2.5701687521151055	24.0	55
260	holistic	60	4	4	1.098572321629451	3.894054172020207	28.35	59
260	conventional	60	2	2	0.9605756553145298	2.5572409922406814	24.8	56
261	holistic	60	2	2	1.090932069606868	2.8947042323506893	27.35	59
261	conventional	60	1	1	0.8924327011355041	2.4573460912843466	25.75	57
262	holistic	60	4	4	0.9914853181981796	2.553897901554731	25.283333333333335	59
262	conventional	60	1	1	0.8498540052497443	2.206639873726724	26.716666666666665	58
263	holistic	60	2	2	1.090773914291249	2.7336677319722362	25.25	58
263	conventional	60	0	0	0.8627594382637641	2.2253531768958954	27.716666666666665	59
264	holistic	60	0	0	1.0723662581064421	2.251039661805701	26.25	59
264	conventional	60	2	2	0.8461728311311224	2.097517895963471	27.633333333333333	59
265	holistic	60	2	2	1.103864065895914	2.328054680770925	26.183333333333334	59
265	conventional	60	3	3	0.804102200835804	2.3209230314611564	26.416666666666668	59
266	holistic	60	5	5	1.0028796469304042	2.6080657995047627	22.183333333333334	59
266	conventional	60	4	4	0.8217829802642694	2.483083951985919	25.35	59
267	holistic	60	1	1	1.0899313108655442	2.9742141892723373	22.183333333333334	59
267	conventional	60	3	3	0.8194256114931425	2.3935100468101758	24.316666666666666	59
268	holistic	60	2	2	1.0832562063880757	2.3946359199066616	22.133333333333333	59
268	conventional	60	4	4	0.8707507682607045	2.2306310150658257	22.266666666666666	54
269	holistic	60	2	2	1.0997670871481218	2.959549010967322	22.066666666666666	59
269	conventional	60	1	1	0.9087081377400918	2.5264707186415345	23.216666666666665	55
270	holistic	60	5	5	1.0588456351555953	2.2992524080934373	19.0	57
270	conventional	60	1	1	0.8944878729255447	2.102571744782331	24.183333333333334	56
271	holistic	60	1	1	1.0682330321055646	4.225822544651427	19.866666666666667	58
271	conventional	60	0	0	0.9488401134633361	5.358321501960827	25.183333333333334	57
272	holistic	60	1	1	1.0823099660487083	2.3464077224212905	20.816666666666666	59
272	conventional	60	1	1	0.8868893238473616	2.36284571997889	26.116666666666667	58
273	holistic	60	3	3	0.9710629859918034	2.200284851681033	19.766666666666666	59
273	conventional	60	0	0	0.9814192712189489	6.219535790551496	27.116666666666667	59
274	holistic	60	3	3	0.9726312022568628	2.6983965214414845	18.7	59
274	conventional	60	2	2	0.8736852607472652	3.7259719121555657	26.116666666666667	57
275	holistic	60	3	3	0.9314729337461259	2.2004012391385386	18.616666666666667	57
275	conventional	60	2	2	0.8507281605184817	3.2272970768682323	26.85	58
276	holistic	60	0	0	1.213666334026603	6.6478170090803825	19.616666666666667	58
276	conventional	60	2	2	0.86152219934706	4.495284765384842	27.65	59
277	holistic	60	0	0	1.224275639193833	4.993432637746922	20.616666666666667	59
277	conventional	60	4	4	0.9386562886946027	4.246530276116841	25.616666666666667	57
278	holistic	60	2	2	1.1520467485054693	3.910715683087658	20.466666666666665	55
278	conventional	60	1	1	0.8757725288675874	3.411482970591271	26.466666666666665	58
279	holistic	60	0	0	1.1064409353860627	3.2656730904053477	21.466666666666665	56
279	conventional	60	1	1	0.8874651926742823	2.8307727162718725	27.433333333333334	59
280	holistic	60	0	0	1.1140943473481904	3.330236858150166	22.466666666666665	57
280	conventional	60	1	1	0.8940573094293541	2.7653733567119856	27.433333333333334	59
281	holistic	60	0	0	1.1096325709272972	3.0898308827007015	23.466666666666665	58
281	conventional	60	2	2	0.9476589467809267	2.7064645197241095	27.2	59
282	holistic	60	0	0	1.108173281185518	2.909226086783158	24.466666666666665	59
282	conventional	60	1	1	0.8889243808425118	2.557463288076504	27.2	59
283	holistic	60	2	2	1.0988562037324046	2.991470434421711	23.466666666666665	58
283	conventional	60	2	2	0.8256881802190885	2.2533656358149505	26.2	59
284	holistic	60	0	0	1.1409783892803094	2.960001816097157	24.466666666666665	59
284	conventional	60	3	3	0.7977802530749368	2.0909237739929485	24.2	59
285	holistic	60	2	2	1.1088306620789934	3.0250504015602173	23.466666666666665	59
285	conventional	60	1	1	0.8367540940300208	3.5142479198402996	24.2	59
286	holistic	60	3	3	1.0306563089641798	2.9951831677171845	21.466666666666665	56
286	conventional	60	3	3	0.7843519422791282	2.045201047261662	24.116666666666667	59
287	holistic	60	0	0	1.1178172075900041	3.04612607371778	22.466666666666665	57
287	conventional	60	3	3	0.8301220948126498	1.9968236544531046	24.033333333333335	59
288	holistic	60	0	0	1.0993780025467281	2.8752227663081316	23.466666666666665	58
288	conventional	60	1	1	0.8893681396079068	1.9523603110182786	24.033333333333335	59
289	holistic	60	1	1	1.1052796550932098	2.9261679471184068	24.4	59
289	conventional	60	1	1	0.8555704861045779	1.9110147412182859	24.033333333333335	59
290	holistic	60	1	1	1.0945604645153715	2.721777083045907	24.4	55
290	conventional	60	1	1	0.8904797655942825	1.8772399824815278	24.033333333333335	54
291	holistic	60	0	0	1.0949050098724606	2.540795075078292	25.4	56
291	conventional	60	0	0	0.8751833736780597	1.742874964786281	25.033333333333335	55
292	holistic	60	0	0	1.096530071503331	2.6025035834398254	26.4	57
292	conventional	60	0	0	0.891610239361002	1.7356885111901978	26.033333333333335	56
293	holistic	60	0	0	1.1127170608015995	2.81718449565586	27.4	58
293	conventional	60	1	1	0.9212173477215576	1.6831234176421312	26.983333333333334	57
294	holistic	60	0	0	1.1338982241140199	2.9583469089108996	28.4	59
294	conventional	60	0	0	0.9170849020030645	1.7417205875084427	27.983333333333334	58
295	holistic	60	1	1	1.0988230895664377	2.8478764808929977	28.4	51
295	conventional	60	0	0	0.9045103678962838	1.6500668899623328	28.983333333333334	59
296	holistic	60	0	0	1.0885787213132305	2.747898987659084	29.4	52
296	conventional	60	1	1	0.8796033997019143	1.6606539048758144	28.983333333333334	57
297	holistic	60	1	1	1.1021899792437042	2.6564388148428946	30.366666666666667	53
297	conventional	60	0	0	0.8650071005203508	1.6277355899811827	29.983333333333334	58
298	holistic	60	0	0	1.0940671898847398	2.7403702974060633	31.366666666666667	54
298	conventional	60	1	1	0.853182597846636	1.5747065809321779	30.95	59
299	holistic	60	0	0	1.1117519241000415	2.937827750820235	32.36666666666667	55
299	conventional	60	1	1	0.8216169909053526	1.6127752446687564	30.95	56
300	holistic	60	0	0	1.1415125818433378	2.8502854875231804	33.36666666666667	56
300	conventional	60	1	1	0.9294248720309609	7.254540299772801	31.616666666666667	57
301	holistic	60	0	0	1.1394709738256839	2.916994099847165	34.36666666666667	57
301	conventional	60	1	1	0.9425864805059297	5.749246697943732	32.56666666666667	58
302	holistic	60	0	0	1.1140821588863161	2.943339221046424	35.36666666666667	58
302	conventional	60	0	0	0.8944190496291995	3.576847916756748	33.56666666666667	59
303	holistic	60	0	0	1.1017311388995616	2.86410126477965	36.36666666666667	59
303	conventional	60	2	2	0.8488199537087031	2.500538124580718	33.1	58
304	holistic	60	1	1	1.0802992424381483	2.957856578219274	36.36666666666667	55
304	conventional	60	1	1	0.8979378374434986	2.052573976156828	34.083333333333336	59
305	holistic	60	0	0	1.073220594317371	2.883923322608165	37.36666666666667	56
305	conventional	60	1	1	0.9066413802255727	2.619162734581897	34.083333333333336	59
306	holistic	60	0	0	1.1007324443827602	2.876505939447525	38.36666666666667	57
306	conventional	60	1	1	0.9084240513279697	2.6180478215416794	34.083333333333336	59
307	holistic	60	0	0	1.1002915949837684	2.8095443388519747	39.36666666666667	58
307	conventional	60	4	4	0.8808466337252113	1.6595730571038994	32.983333333333334	59
308	holistic	60	0	0	1.097700486166238	2.805240411520342	40.36666666666667	59
308	conventional	60	2	2	0.9166459666108537	3.2916459388203143	32.95	58
309	holistic	60	1	1	1.0901570720268756	2.8009823719676588	40.36666666666667	57
309	conventional	60	1	1	1.0319825294125953	6.289541160088707	33.916666666666664	59
310	holistic	60	0	0	1.1007421129831403	2.880797560197969	41.36666666666667	58
310	conventional	60	2	2	0.9566961108916491	3.803780851853524	32.916666666666664	59
311	holistic	60	0	0	1.106544923069	2.8741536805075385	42.36666666666667	59
311	conventional	60	2	2	0.8714322562100452	2.973113860182213	31.916666666666668	59
312	holistic	60	1	1	1.0745395113287555	2.8684310014336667	42.36666666666667	59
312	conventional	60	2	2	0.9506087025456047	4.401025266714619	31.833333333333332	59
313	holistic	60	3	3	1.0351631386220714	2.785858625381528	40.36666666666667	58
313	conventional	60	1	1	0.95731202456262	3.4018249274006953	31.833333333333332	59
314	holistic	60	0	0	1.1442001930866066	3.841816622859982	41.36666666666667	59
314	conventional	60	4	4	0.9083908638428072	2.740561613914723	28.833333333333332	58
315	holistic	60	2	2	1.0527032585153588	2.7794696769151344	40.36666666666667	59
315	conventional	60	0	0	0.8290835904462526	2.898674450554273	29.833333333333332	59
316	holistic	60	4	4	1.042786158878605	2.7764979196429436	38.3	59
316	conventional	60	2	2	0.8571239825247295	2.2032340763669467	29.8	59
317	holistic	60	2	2	1.0708525034277239	2.77374558985524	38.266666666666666	59
317	conventional	60	3	3	0.8729273579797375	2.7719904597629768	28.75	59
318	holistic	60	5	5	0.9345212297781846	2.7257298330843045	34.266666666666666	59
318	conventional	60	5	5	0.844568190112894	3.4816113818515704	24.75	58
319	holistic	60	4	4	0.9373909352561764	2.7241068659560286	31.266666666666666	59
319	conventional	60	1	1	0.9386952179201831	2.5499846979030916	25.716666666666665	59
320	holistic	60	6	6	0.9265864434808951	2.679331020600512	28.15	58
320	conventional	60	1	1	1.0077907037862806	4.48535579082354	25.716666666666665	59
321	holistic	60	1	1	1.0089220351630026	2.6792244402163825	29.1	59
321	conventional	60	1	1	0.9626291174703638	2.268741818664731	25.716666666666665	59
322	holistic	60	4	4	0.9915889812952675	3.4132211368936556	26.1	59
322	conventional	60	3	3	0.892133773150732	1.9280139155850808	25.5	57
323	holistic	60	4	4	0.9776569045433088	2.660407219394749	25.916666666666668	57
323	conventional	60	0	0	0.9641661783564756	3.6289650294645424	26.5	58
324	holistic	60	2	2	1.0054186519333688	2.6681429218465933	26.833333333333332	58
324	conventional	60	1	1	0.9884064268535817	2.649171006064348	27.466666666666665	59
325	holistic	60	0	0	1.0088354427026327	3.0022620766668844	27.833333333333332	59
325	conventional	60	1	1	0.9578472944899549	2.6207118571279353	27.466666666666665	59
326	holistic	60	5	5	0.9344804316908032	2.5042515341253266	24.766666666666666	59
326	conventional	60	1	1	0.8959159370327833	1.9842541584306608	27.466666666666665	59
327	holistic	60	2	2	0.9884914066362125	2.5259934139768006	24.7	59
327	conventional	60	2	2	0.8747351261326454	1.8356228129789685	26.466666666666665	59
328	holistic	60	4	4	0.9629208358751105	2.565338889475843	23.533333333333335	58
328	conventional	60	1	1	0.9611010402479514	2.503917570046885	26.466666666666665	58
329	holistic	60	0	0	1.085481559359649	2.745346679076761	24.533333333333335	59
329	conventional	60	0	0	0.9421330859930913	1.8003552386682928	27.466666666666665	59
330	holistic	60	4	4	1.0805940768308047	3.2492439430863236	22.466666666666665	59
330	conventional	60	1	1	0.9151465979058461	1.6915803594319985	27.466666666666665	58
331	holistic	60	1	1	1.0192360455288556	2.5178211952338736	22.466666666666665	58
331	conventional	60	0	0	0.8806070897501367	2.184031701982331	28.466666666666665	59
332	holistic	60	1	1	1.0263850822904452	2.4855275116651887	23.383333333333333	59
332	conventional	60	2	2	0.8530301442928042	1.9307750626009699	28.25	58
333	holistic	60	2	2	0.9805389394361462	2.437593364375506	22.383333333333333	59
333	conventional	60	1	1	0.8538488698497836	1.9021539870957311	29.2	59
334	holistic	60	4	4	0.9551649299972235	2.6064386644780195	20.316666666666666	59
334	conventional	60	1	1	0.8843168273273437	1.9652602779872697	29.2	58
335	holistic	60	4	4	0.9208496983513802	2.0398638038927057	18.25	57
335	conventional	60	0	0	0.886128954446498	1.9426777138117381	30.2	59
336	holistic	60	1	1	0.9375062064903139	1.9906056413439903	19.216666666666665	58
336	conventional	60	3	3	0.8416626741794964	1.7063098788686126	29.166666666666668	59
337	holistic	60	0	0	0.9382353673478769	1.980139497782908	20.216666666666665	59
337	conventional	60	4	4	0.7628569864646565	1.6333506091444476	26.916666666666668	59
338	holistic	60	2	2	0.9664264067023323	2.7567457965872375	19.216666666666665	55
338	conventional	60	2	2	0.8813935231283871	3.2218614303643274	26.883333333333333	59
339	holistic	60	0	0	0.9877544507717128	2.760483502235381	20.216666666666665	56
339	conventional	60	2	2	0.8923916764102856	2.4899049824218578	26.833333333333332	58
340	holistic	60	0	0	1.001057307828484	2.761950732228228	21.216666666666665	57
340	conventional	60	0	0	0.9019535629846356	1.9502264267618035	27.833333333333332	59
341	holistic	60	0	0	1.0034209758926518	2.5628645784685427	22.216666666666665	58
341	conventional	60	2	2	0.8992923188505849	1.9410695449734885	26.833333333333332	59
342	holistic	60	0	0	0.973390447244627	2.0936671757437577	23.216666666666665	59
342	conventional	60	1	1	0.8137060565623361	1.686045297457854	26.833333333333332	59
343	holistic	60	3	3	0.9270312957320787	1.8911019648728558	22.083333333333332	58
343	conventional	60	2	2	0.8397656527081447	1.5382020988899794	26.8	59
344	holistic	60	0	0	0.9811501868491861	1.8634431042863395	23.083333333333332	59
344	conventional	60	1	1	0.8462302325037331	3.508630489705796	26.8	58
345	holistic	60	2	2	0.9630249605889448	1.9051948669941456	22.883333333333333	59
345	conventional	60	1	1	0.9081998478042084	3.3529907963192342	27.666666666666668	59
346	holistic	60	3	3	0.9053309844173402	1.8660698050147835	20.883333333333333	57
346	conventional	60	4	4	0.8787923181381349	2.5101077958739975	25.616666666666667	59
347	holistic	60	2	2	0.9753127107303498	1.972700896270037	21.616666666666667	58
347	conventional	60	4	4	0.8681494116289592	2.5641983450430947	23.516666666666666	59
348	holistic	60	1	1	1.010752380232405	2.0980900134322487	22.566666666666666	59
348	conventional	60	1	1	0.8943941500119484	3.458640850746911	23.516666666666666	59
349	holistic	60	2	2	1.0014222917545157	1.9407688367710276	22.516666666666666	59
349	conventional	60	3	3	0.8524646927273026	2.453029231742565	23.45	56
350	holistic	60	1	1	1.0627906991680807	1.9909531470063295	22.516666666666666	53
350	conventional	60	1	1	0.9234416187051526	4.268838995099444	24.433333333333334	57
351	holistic	60	0	0	1.0435620477145773	1.921191122094977	23.516666666666666	54
351	conventional	60	0	0	0.9142870099107449	2.769082260340996	25.433333333333334	58
352	holistic	60	0	0	1.047714861902058	2.06413277997162	24.516666666666666	55
352	conventional	60	0	0	0.949943544520138	2.9363970524153538	26.433333333333334	59
353	holistic	60	0	0	1.0527548536609805	2.0550020758185044	25.516666666666666	56
353	conventional	60	1	1	0.9090537862698177	2.0208648585436806	26.433333333333334	54
354	holistic	60	1	1	1.0771599244148757	2.049008978756605	26.45	57
354	conventional	60	0	0	0.9216727337388755	2.471674793312764	27.433333333333334	55
355	holistic	60	0	0	1.073795259001013	2.0516077915527515	27.45	58
355	conventional	60	0	0	0.9419426536539596	2.7710160475074144	28.433333333333334	56
356	holistic	60	0	0	1.0935688832131676	2.0084927870564293	28.45	59
356	conventional	60	0	0	0.9199744644853605	2.4159547566824817	29.433333333333334	57
357	holistic	60	1	1	1.1293829278023675	2.0820420301249043	28.45	53
357	conventional	60	0	0	0.9207889217474396	2.2738737193282192	30.433333333333334	58
358	holistic	60	0	0	1.1286800830748613	2.005287871898662	29.45	54
358	conventional	60	2	2	0.9167361484296764	2.051563458354318	30.35	59
359	holistic	60	0	0	1.1303508576064825	2.064503491816121	30.45	55
359	conventional	60	1	1	0.9101910639990874	2.5028103097871437	30.35	59
360	holistic	60	0	0	1.1388215109791031	2.118896438340445	31.45	56
360	conventional	60	2	2	0.8658133113965832	1.7308356271551932	30.316666666666666	59
361	holistic	60	1	1	1.1502982717723749	2.306243870502499	32.38333333333333	57
361	conventional	60	1	1	0.9511438199496787	1.858044289392665	30.316666666666666	57
362	holistic	60	0	0	1.1583594912310424	2.4678777153323606	33.38333333333333	58
362	conventional	60	0	0	1.022427761474194	3.31908612090151	31.316666666666666	58
363	holistic	60	0	0	1.1773233457239252	2.4844023992079003	34.38333333333333	59
363	conventional	60	0	0	1.0989432814294584	2.7293300774453795	32.31666666666667	59
364	holistic	60	1	1	1.1608263540338555	2.3226900790303495	34.38333333333333	55
364	conventional	60	1	1	1.0453481080752816	1.803871756286881	32.31666666666667	57
365	holistic	60	0	0	1.2025002687781448	2.7339051800814236	35.38333333333333	56
365	conventional	60	0	0	1.0190802653870823	1.8774696906796322	33.31666666666667	58
366	holistic	60	0	0	1.1844324957570793	2.2247309856456834	36.38333333333333	57
366	conventional	60	0	0	1.0380914068238467	2.0792111804313786	34.31666666666667	59
367	holistic	60	0	0	1.2117043509740373	2.3871942016878727	37.38333333333333	58
367	conventional	60	2	2	1.0260156438816932	2.13897178286705	33.31666666666667	59
368	holistic	60	0	0	1.207450512457645	2.3609987696914407	38.38333333333333	59
368	conventional	60	2	2	1.0395480266960495	2.882091644846458	32.31666666666667	59
369	holistic	60	1	1	1.1876390047716743	2.4780230123042455	38.38333333333333	56
369	conventional	60	1	1	1.0909093096896796	2.051808657534498	32.31666666666667	59
370	holistic	60	0	0	1.1878130601821382	2.4234556439114625	39.38333333333333	57
370	conventional	60	2	2	1.059257141209732	2.106126592187291	31.316666666666666	59
371	holistic	60	0	0	1.1725223647254146	2.3713994323882974	40.38333333333333	58
371	conventional	60	1	1	1.0748975433112042	2.120567694229422	31.316666666666666	59
372	holistic	60	1	1	1.165119623765088	2.4013865429549166	41.333333333333336	59
372	conventional	60	3	3	1.1586241657275698	6.575210603287513	30.183333333333334	59
373	holistic	60	3	3	1.1124045007698842	2.4495991628428313	39.333333333333336	58
373	conventional	60	1	1	1.1686766271605817	4.071294858628027	30.183333333333334	59
374	holistic	60	0	0	1.1376031241796414	2.4574845170951662	40.333333333333336	59
374	conventional	60	2	2	1.1994888614972852	3.792458132382782	29.183333333333334	58
375	holistic	60	1	1	1.1182418545229282	2.4273967665564973	40.333333333333336	59
375	conventional	60	1	1	1.1857309724036749	2.808229989636369	30.15	59
376	holistic	60	4	4	1.0597873185084299	2.398586177777235	38.28333333333333	59
376	conventional	60	2	2	1.1907408780234832	3.559208837738035	29.15	59
377	holistic	60	1	1	1.1580789098617734	4.724123762311008	38.28333333333333	59
377	conventional	60	3	3	1.0638629041271097	2.875989307774669	28.066666666666666	59
378	holistic	60	5	5	1.0399411816982738	2.7609371956825974	35.233333333333334	59
378	conventional	60	7	7	1.009394034829488	2.975509765404491	23.966666666666665	57
379	holistic	60	2	2	1.0303950569566738	2.4576419779752463	34.233333333333334	59
379	conventional	60	1	1	1.0648822652205485	2.7741695911567343	24.933333333333334	58
380	holistic	60	4	4	1.0405415994724736	2.4302200487648107	32.18333333333333	59
380	conventional	60	0	0	1.2044739423293551	4.693723336056254	25.933333333333334	59
381	holistic	60	1	1	1.1085983404495425	2.4372723102642695	32.18333333333333	59
381	conventional	60	3	3	1.175219222632399	4.696800157398415	25.783333333333335	59
382	holistic	60	5	5	1.0751568142148504	2.8360414325517445	30.066666666666666	59
382	conventional	60	3	3	1.1403386143769756	3.3657505151122806	25.6	57
383	holistic	60	2	2	1.1646765580458343	5.86035540583366	29.066666666666666	59
383	conventional	60	1	1	1.2970529228373182	3.4029472333425455	26.583333333333332	58
384	holistic	60	3	3	1.1626139471138601	3.84861689236204	28.0	58
384	conventional	60	0	0	1.2127976062069383	2.8601434729139155	27.583333333333332	59
385	holistic	60	0	0	1.264212177695513	3.7646161547384795	29.0	59
385	conventional	60	1	1	1.1672531051797124	2.752057787577014	27.583333333333332	59
386	holistic	60	3	3	1.222599816785839	3.0208890700243813	27.0	59
386	conventional	60	1	1	1.1887774280713046	2.901546562521383	27.583333333333332	59
387	holistic	60	2	2	1.2158089511427186	3.265230895711313	26.933333333333334	59
387	conventional	60	1	1	1.224179170411763	2.809534014578999	27.583333333333332	59
388	holistic	60	5	5	1.1789249209313275	3.212888104012714	23.733333333333334	58
388	conventional	60	2	2	1.1582955153505978	2.7584086313076375	26.95	56
389	holistic	60	0	0	1.2505373837536735	4.868060046874445	24.733333333333334	59
389	conventional	60	0	0	1.2636598116991204	2.731322662257395	27.95	57
390	holistic	60	3	3	1.1596798913549269	4.372021916744327	22.733333333333334	58
390	conventional	60	0	0	1.2591389027803286	2.7267594114291795	28.95	58
391	holistic	60	1	1	1.1825774280176622	3.215192477110157	23.666666666666668	59
391	conventional	60	1	1	1.246426712281015	3.1419458855623685	29.9	59
392	holistic	60	2	2	1.333017396973267	8.480595508060127	23.566666666666666	59
392	conventional	60	3	3	1.2276323882942348	3.312326869880708	28.533333333333335	59
393	holistic	60	1	1	1.2430889516310901	5.966825028765016	23.566666666666666	59
393	conventional	60	1	1	1.1826012949787692	3.059806049219266	28.533333333333335	57
394	holistic	60	4	4	1.1145203599431226	3.8007956797798337	21.5	59
394	conventional	60	0	0	1.2962095366025699	5.436083126850394	29.533333333333335	58
395	holistic	60	2	2	1.1739784201579844	3.8996340082680514	20.5	59
395	conventional	60	1	1	1.2352702137528255	2.9970871332794227	30.25	59
396	holistic	60	2	2	1.184169612942743	3.902601456056381	20.433333333333334	58
396	conventional	60	1	1	1.1550512225146943	2.9154307775057102	30.25	59
397	holistic	60	0	0	1.1466009580870424	2.8984280076481856	21.433333333333334	59
397	conventional	60	3	3	1.0862198242126655	2.789589344013022	28.25	59
398	holistic	60	3	3	1.0621264835929525	2.775276622870168	20.233333333333334	55
398	conventional	60	2	2	1.1999081306069443	5.801464087401925	27.25	59
399	holistic	60	0	0	1.0937115640778385	2.724916864080283	21.233333333333334	56
399	conventional	60	2	2	1.2087982483586466	4.301591377665883	26.25	57
400	holistic	60	1	1	1.1090916217439941	2.91792081536473	22.033333333333335	57
400	conventional	60	2	2	1.2073676665090483	3.800628451687914	26.666666666666668	58
401	holistic	60	0	0	1.0981428080591136	3.4228484531504666	23.033333333333335	58
401	conventional	60	3	3	1.2813726980758922	3.4891412730567994	27.5	59
402	holistic	60	2	2	1.111881885514894	3.4244992065844913	23.833333333333332	59
402	conventional	60	1	1	1.3166794724755235	3.1571312230783506	27.5	59
403	holistic	60	2	2	1.125662127408804	3.051878740453438	22.833333333333332	58
403	conventional	60	1	1	1.262797559922653	2.6064862574881498	27.5	59
404	holistic	60	1	1	1.0842215723635635	2.7773213246385375	23.116666666666667	59
404	conventional	60	2	2	1.2717777983917884	2.6826367253179932	27.45	59
405	holistic	60	1	1	1.114333680926592	3.0109606807913596	23.116666666666667	59
405	conventional	60	1	1	1.255950957705842	2.641412962459308	27.45	59
406	holistic	60	2	2	1.1172169750816534	2.6857036447378833	22.116666666666667	59
406	conventional	60	4	4	1.3152188278731536	4.524283505593292	24.45	59
407	holistic	60	4	4	1.0089799226311427	2.6555992815086484	20.566666666666666	59
407	conventional	60	3	3	1.3450918826302924	6.021686272296519	23.433333333333334	59
408	holistic	60	3	3	1.1372040295445474	6.542215209020572	20.5	59
408	conventional	60	2	2	1.4246603453032356	5.5242839804296375	23.4	59
409	holistic	60	3	3	1.0851927455886423	5.551417748215007	19.416666666666668	55
409	conventional	60	2	2	1.2710212433803982	4.525050423548314	22.4	56
410	holistic	60	1	1	1.099256805529873	3.8816799622422953	20.3	56
410	conventional	60	2	2	1.32173306959641	5.4097214650825265	23.333333333333332	57
411	holistic	60	1	1	1.172374593799374	3.0312632906634693	21.25	57
411	conventional	60	0	0	1.4398033237533738	4.440118020668409	24.333333333333332	58
412	holistic	60	0	0	1.1532510327647514	3.5340059112659787	22.25	58
412	conventional	60	0	0	1.4659823327144188	4.902016609455761	25.333333333333332	59
413	holistic	60	0	0	1.1739585824177194	3.2001287072533096	23.25	59
413	conventional	60	1	1	1.429530533506848	4.715392065619816	25.333333333333332	55
414	holistic	60	1	1	1.141025943495293	2.9637314684328424	23.25	50
414	conventional	60	0	0	1.3959138400552538	4.645286818384306	26.333333333333332	56
415	holistic	60	0	0	1.1299820388389437	2.7851390362338075	24.25	51
415	conventional	60	0	0	1.3491179105960378	4.002753845939631	27.333333333333332	57
416	holistic	60	0	0	1.1225662488172743	2.5960106048559966	25.25	52
416	conventional	60	1	1	1.323841831529262	3.70952499488518	28.283333333333335	58
417	holistic	60	0	0	1.1184043802189811	2.594939348483592	26.25	53
417	conventional	60	0	0	1.3404771499601205	3.4447510744392975	29.283333333333335	59
418	holistic	60	0	0	1.1460222660277053	2.5857897634619693	27.25	54
418	conventional	60	1	1	1.31248671642431	3.143537181933465	29.283333333333335	59
419	holistic	60	0	0	1.1236236770316306	2.435451183917842	28.25	55
419	conventional	60	2	2	1.2922514724103555	3.2419716216091774	29.116666666666667	59
420	holistic	60	1	1	1.11498299256306	2.457050914005719	28.8	56
420	conventional	60	2	2	1.3327864255701718	3.4356121234784682	28.116666666666667	59
421	holistic	60	0	0	1.1418545919672534	2.533593529629625	29.8	57
421	conventional	60	2	2	1.2841751568128237	3.931884487267515	28.083333333333332	54
422	holistic	60	1	1	1.1701723793815697	4.534541962487377	30.166666666666668	58
422	conventional	60	0	0	1.2904032723923693	3.1051131052633867	29.083333333333332	55
423	holistic	60	0	0	1.190172688636893	4.5271552243210325	31.166666666666668	59
423	conventional	60	1	1	1.2996458598542568	2.9168444520938763	30.05	56
424	holistic	60	1	1	1.1927557480753348	4.029337399160747	31.166666666666668	52
424	conventional	60	0	0	1.3688138790442792	3.0542764639088373	31.05	57
425	holistic	60	0	0	1.1742893570082051	3.730512782557761	32.166666666666664	53
425	conventional	60	0	0	1.3599125954130922	2.9282481237542424	32.05	58
426	holistic	60	0	0	1.17760805769927	3.8666940272339985	33.166666666666664	54
426	conventional	60	0	0	1.3886464745194247	2.861739334756239	33.05	59
427	holistic	60	0	0	1.1796001223324732	3.6761240501234687	34.166666666666664	55
427	conventional	60	2	2	1.3559274856265013	2.9732303338519235	32.05	59
428	holistic	60	0	0	1.176221344376425	3.413245352373446	35.166666666666664	56
428	conventional	60	1	1	1.3099601033083283	2.891660649635126	32.05	59
429	holistic	60	0	0	1.1782277170053486	3.3166117366482473	36.166666666666664	57
429	conventional	60	2	2	1.3436719306334306	2.867123265842654	32.016666666666666	59
430	holistic	60	1	1	1.1814450789770237	2.9325848739926332	36.85	58
430	conventional	60	1	1	1.3944221435884123	3.2911861390141266	32.016666666666666	59
431	holistic	60	0	0	1.2225045376847083	2.7145713753452245	37.85	59
431	conventional	60	1	1	1.3207074667288303	3.1362200309615793	32.016666666666666	59
432	holistic	60	1	1	1.2019633444946352	2.5635962504465235	37.85	59
432	conventional	60	1	1	1.329939113841318	2.9908721972258645	32.016666666666666	58
433	holistic	60	2	2	1.1917801767050098	2.530550517276424	36.85	57
433	conventional	60	0	0	1.3373916955007694	2.8345580683173006	33.016666666666666	59
434	holistic	60	0	0	1.2484271149553152	2.8072183567713695	37.85	58
434	conventional	60	2	2	1.2974633839972705	2.8962690458891123	32.96666666666667	58
435	holistic	60	0	0	1.1929010086882776	2.4503692504354135	38.85	59
435	conventional	60	0	0	1.257103014604495	2.6216636044106685	33.96666666666667	59
436	holistic	60	3	3	1.1469263417892404	2.4393877092069967	36.85	58
436	conventional	60	1	1	1.2217491840950063	2.768372970892079	33.96666666666667	59
437	holistic	60	0	0	1.1568079075803481	2.4286132362124433	37.85	59
437	conventional	60	2	2	1.2988387914985127	5.326341428578006	32.96666666666667	59
438	holistic	60	4	4	1.1274390466152362	2.437356829573922	35.81666666666667	59
438	conventional	60	5	5	1.1940371166144275	4.825084297764647	28.966666666666665	59
439	holistic	60	2	2	1.2031370002426798	2.6722897923256	35.766666666666666	59
439	conventional	60	2	2	1.285409395478821	6.497942623908753	28.933333333333334	58
440	holistic	60	3	3	1.1804071063438732	2.8720535072699422	33.766666666666666	59
440	conventional	60	2	2	1.2335377005245862	4.495403250114695	29.766666666666666	59
441	holistic	60	2	2	1.1578429358713724	2.2489857244448066	33.71666666666667	59
441	conventional	60	4	4	1.1660426862486182	3.493601496052218	28.683333333333334	59
442	holistic	60	6	6	1.0394032673166493	3.2177115446677007	29.65	59
442	conventional	60	2	2	1.359858219937392	4.00527135188387	27.683333333333334	59
443	holistic	60	1	1	1.0568775631030134	2.7527435388711408	29.65	59
443	conventional	60	1	1	1.2742710247913296	4.494816971697424	27.683333333333334	58
444	holistic	60	2	2	1.0711301501341057	2.488234406424213	28.65	58
444	conventional	60	1	1	1.2573654606672942	4.161031696747288	28.65	59
445	holistic	60	1	1	1.0367118579104384	2.296387100169306	29.583333333333332	59
445	conventional	60	2	2	1.209172715109806	3.921681648641706	28.616666666666667	59
446	holistic	60	3	3	1.0397878811144652	2.2297605295898166	29.45	59
446	conventional	60	1	1	1.260380510257557	3.868286741976727	28.616666666666667	59
447	holistic	60	2	2	1.0516663027067135	2.165216835849571	29.333333333333332	59
447	conventional	60	1	1	1.206172148474034	3.4921842368334897	28.616666666666667	59
448	holistic	60	5	5	1.0504524186994026	2.317002094265414	26.266666666666666	58
448	conventional	60	2	2	1.1722213857427322	3.392014632798839	28.583333333333332	57
449	holistic	60	0	0	1.2200470301759405	3.8502946442193844	27.266666666666666	59
449	conventional	60	0	0	1.2387097086733554	3.2194779925493706	29.583333333333332	58
450	holistic	60	4	4	1.1559278876411976	2.599385524271405	26.166666666666668	59
450	conventional	60	0	0	1.2497524565842204	3.3258943015114633	30.583333333333332	59
451	holistic	60	1	1	1.1286708554515763	2.430793361162218	26.166666666666668	59
451	conventional	60	1	1	1.1991336976132516	3.184988191882636	30.583333333333332	59
452	holistic	60	1	1	1.1807913232579565	2.3451765953998898	26.166666666666668	58
452	conventional	60	3	3	1.1562985065546019	3.4214335959692135	28.583333333333332	59
453	holistic	60	0	0	1.1804989064564533	2.2491991154737527	27.166666666666668	59
453	conventional	60	2	2	1.2351950192086798	3.361679753302425	28.55	58
454	holistic	60	5	5	1.123197937946076	2.62690899718962	25.0	59
454	conventional	60	1	1	1.199704967488085	2.930113570853794	29.45	59
455	holistic	60	2	2	1.2674071969443148	5.8530278153549435	24.0	59
455	conventional	60	3	3	1.2123655642535904	2.786383750455499	29.4	58
456	holistic	60	2	2	1.1956222767711628	3.35840571480806	23.0	58
456	conventional	60	0	0	1.1983087791477787	2.7143285256920815	30.4	59
457	holistic	60	0	0	1.2084889028302481	2.8500538578677403	24.0	59
457	conventional	60	2	2	1.16424372779976	2.807988394609585	29.4	59
458	holistic	60	3	3	1.1825019834618318	2.7131706469678787	22.933333333333334	58
458	conventional	60	2	2	1.1597863496858696	2.742285613765847	29.35	59
459	holistic	60	0	0	1.1481489611442268	2.726756792280005	23.933333333333334	59
459	conventional	60	2	2	1.3085762069672684	4.370050231171122	29.25	59
460	holistic	60	1	1	1.1887485191670293	3.593526657014349	23.933333333333334	58
460	conventional	60	2	2	1.3048696070326191	4.854002750252763	28.25	59
461	holistic	60	1	1	1.1413994248415842	3.0207892698892564	24.883333333333333	59
461	conventional	60	2	2	1.2292528318997944	3.5191113980081	27.25	59
462	holistic	60	3	3	1.1308586300148928	2.438504957421828	23.816666666666666	57
462	conventional	60	1	1	1.2781319412454708	4.40413129405783	27.25	59
463	holistic	60	0	0	1.125208188933559	2.7574446920848876	24.816666666666666	58
463	conventional	60	1	1	1.2397824008013352	2.63963455655172	27.25	59
464	holistic	60	1	1	1.1036397813649714	2.46965915643148	25.6	59
464	conventional	60	3	3	1.2624259735985357	2.8174407411965054	25.883333333333333	59
465	holistic	60	1	1	1.1281557046555013	2.5926801389915926	25.6	58
465	conventional	60	1	1	1.266814449871158	2.4905706854592884	25.883333333333333	59
466	holistic	60	1	1	1.1634447236368806	2.898641484782237	26.533333333333335	59
466	conventional	60	2	2	1.19852909709584	2.9336453936472875	24.883333333333333	59
467	holistic	60	4	4	1.105988570980171	2.911752306892624	23.533333333333335	59
467	conventional	60	4	4	1.111873716412029	2.455802930766222	22.833333333333332	58
468	holistic	60	2	2	1.1269313991351777	2.346629948423029	22.533333333333335	59
468	conventional	60	0	0	1.1935660871512108	2.9728994394124264	23.833333333333332	59
469	holistic	60	3	3	1.0520445597941628	2.6416404183058115	20.533333333333335	59
469	conventional	60	2	2	1.149448071026772	3.0057287757262845	23.433333333333334	59
470	holistic	60	2	2	0.9864311419257932	2.258619968915153	20.466666666666665	56
470	conventional	60	3	3	1.149452177196997	2.7408989164225255	22.366666666666667	54
471	holistic	60	0	0	1.0852238509275454	2.7953166778864023	21.466666666666665	57
471	conventional	60	0	0	1.200338782153646	2.6493882956756334	23.366666666666667	55
472	holistic	60	1	1	1.039351874295055	2.2305232245970092	22.4	58
472	conventional	60	1	1	1.1301821219814359	2.54990315181248	24.333333333333332	56
473	holistic	60	1	1	1.0731364593730766	2.288644455002891	23.333333333333332	59
473	conventional	60	0	0	1.1951116605278571	2.6047568772155136	25.333333333333332	57
474	holistic	60	1	1	1.1477067552776854	5.806897842940563	23.333333333333332	54
474	conventional	60	2	2	1.1799206520537688	2.7484301464225966	26.1	58
475	holistic	60	0	0	1.19272814546824	4.801864670743775	24.333333333333332	55
475	conventional	60	0	0	1.1930260917279571	3.0947940381513765	27.1	59
476	holistic	60	0	0	1.167363456225341	3.4713624880053433	25.333333333333332	56
476	conventional	60	2	2	1.1639149231579127	3.1533818846831436	26.9	58
477	holistic	60	0	0	1.1539456083471922	3.302756811089015	26.333333333333332	57
477	conventional	60	3	3	1.246315587133145	2.776617667515385	27.316666666666666	59
478	holistic	60	0	0	1.1230435054267096	2.6041676791674226	27.333333333333332	58
478	conventional	60	1	1	1.3077683090049734	3.5023374516024157	27.316666666666666	59
479	holistic	60	1	1	1.1047945510908557	2.1965015094056644	28.216666666666665	59
479	conventional	60	1	1	1.2439249889625996	3.838531086015818	27.316666666666666	59
480	holistic	60	2	2	1.0544450528555311	2.196517765927781	28.116666666666667	58
480	conventional	60	2	2	1.1798126226803265	3.005205781279585	26.316666666666666	59
481	holistic	60	0	0	1.097366923641162	2.724342035389207	29.116666666666667	59
481	conventional	60	1	1	1.215373098740668	2.907807565495585	26.316666666666666	58
482	holistic	60	2	2	1.0571568405618499	2.2290067512245977	29.066666666666666	58
482	conventional	60	2	2	1.2184729610264797	3.34207889431307	27.166666666666668	59
483	holistic	60	1	1	1.0721183604590208	2.279154864610486	29.333333333333332	59
483	conventional	60	2	2	1.23839795956511	3.6535835358539033	27.133333333333333	56
484	holistic	60	1	1	1.0595819970503286	2.485333274105495	29.333333333333332	54
484	conventional	60	0	0	1.2095247035795937	3.385340851823045	28.133333333333333	57
485	holistic	60	0	0	1.0306906134215768	2.3515058396137847	30.333333333333332	55
485	conventional	60	3	3	1.2522399893666571	4.978532313710216	28.916666666666668	58
486	holistic	60	0	0	1.0680194448906397	2.3211650314618493	31.333333333333332	56
486	conventional	60	0	0	1.2603548781562852	3.4720910290073346	29.916666666666668	59
487	holistic	60	1	1	1.0715641443280006	2.317089319347882	32.266666666666666	57
487	conventional	60	1	1	1.2551305611822108	2.7213152146178063	29.916666666666668	59
488	holistic	60	0	0	1.1884725258680646	5.482531325791415	33.266666666666666	58
488	conventional	60	1	1	1.1988384979493045	2.67461345110806	29.916666666666668	59
489	holistic	60	0	0	1.157641087559748	3.490289476290232	34.266666666666666	59
489	conventional	60	4	4	1.1626575056171236	2.647089921892461	28.816666666666666	59
490	holistic	60	1	1	1.1419109604654074	2.51800474236005	34.266666666666666	58
490	conventional	60	2	2	1.2118507567780992	3.7420267594786227	28.8	56
491	holistic	60	0	0	1.2456852258107896	5.824871684694327	35.266666666666666	59
491	conventional	60	1	1	1.3112244773605914	2.8716557797760363	29.766666666666666	57
492	holistic	60	1	1	1.179139755849868	3.363137663933718	35.266666666666666	59
492	conventional	60	0	0	1.2818020388792657	2.7124664157300766	30.766666666666666	58
493	holistic	60	2	2	1.1779829957221062	2.8632132561374526	34.266666666666666	57
493	conventional	60	0	0	1.3314813924493245	2.9890774803275892	31.766666666666666	59
494	holistic	60	0	0	1.2062862602531383	3.16833865310745	35.266666666666666	58
494	conventional	60	2	2	1.3192740744624984	2.6322903357041953	30.766666666666666	58
495	holistic	60	0	0	1.1661130339019925	2.327278112903098	36.266666666666666	59
495	conventional	60	0	0	1.320852590229586	2.594752582183093	31.766666666666666	59
496	holistic	60	1	1	1.1309579241635022	2.120670680396745	36.266666666666666	58
496	conventional	60	1	1	1.317885631448675	2.6274691983743397	31.766666666666666	59
497	holistic	60	1	1	1.1640258639320273	2.093438175457836	37.2	59
497	conventional	60	2	2	1.2754591262216053	2.5742829301526924	31.616666666666667	59
498	holistic	60	2	2	1.1394834473320161	2.173785689088439	36.2	59
498	conventional	60	4	4	1.246046282687668	2.5495895325441276	29.583333333333332	59
499	holistic	60	2	2	1.0866140516740963	2.2890994656962773	35.666666666666664	59
499	conventional	60	3	3	1.249099422959241	2.7341067112924153	29.466666666666665	59
500	holistic	60	2	2	1.114191131357839	2.306103409707445	34.666666666666664	59
500	conventional	60	2	2	1.199899150782294	2.718987231365026	28.466666666666665	59
501	holistic	60	1	1	1.1761369276153426	2.5557801394084185	34.666666666666664	59
501	conventional	60	5	5	1.2124240985886343	3.0391499402185564	25.416666666666668	57
502	holistic	60	4	4	1.1221300185815273	2.2464461116363417	31.666666666666668	59
502	conventional	60	1	1	1.316665362994602	6.428218333789392	26.35	58
503	holistic	60	1	1	1.3171630976142004	8.849551819729843	31.666666666666668	59
503	conventional	60	0	0	1.3366899861673325	3.4315602040425084	27.35	59
504	holistic	60	3	3	1.2263073158131959	5.3289099063252054	31.566666666666666	59
504	conventional	60	2	2	1.3232236351015068	3.096046164268721	27.25	59
505	holistic	60	1	1	1.133360229916884	3.8269483859230555	31.566666666666666	59
505	conventional	60	2	2	1.2921912032698903	2.928412439916614	27.183333333333334	58
506	holistic	60	2	2	1.1011838466353718	3.820892725289079	30.566666666666666	59
506	conventional	60	1	1	1.3590381101548055	2.7411607350053466	28.15	59
507	holistic	60	3	3	1.0487740686226135	3.2166001507481043	29.516666666666666	59
507	conventional	60	1	1	1.3348435802235064	2.6468351235418965	28.15	59
508	holistic	60	4	4	1.1937006041973162	6.43666812868842	27.45	58
508	conventional	60	4	4	1.281009029339603	2.8556998713823782	27.983333333333334	56
509	holistic	60	1	1	1.285887549562364	5.9244356346140625	28.383333333333333	59
509	conventional	60	0	0	1.3227403298678695	2.546755276928842	28.983333333333334	57
510	holistic	60	3	3	1.2255217351575873	4.544713082239472	26.383333333333333	58
510	conventional	60	0	0	1.3321727492853783	2.746539710139273	29.983333333333334	58
511	holistic	60	0	0	1.1781551434441262	3.3854139788162936	27.383333333333333	59
511	conventional	60	0	0	1.319486136032882	2.712874402240025	30.983333333333334	59
512	holistic	60	2	2	1.2050008900836564	3.642288857324097	27.316666666666666	58
512	conventional	60	3	3	1.3183165699052493	2.9726953058320693	28.983333333333334	57
513	holistic	60	0	0	1.2518512312362404	3.4482182242148802	28.316666666666666	59
513	conventional	60	0	0	1.4382270032902695	2.9186520223864676	29.983333333333334	58
514	holistic	60	4	4	1.0975936701599482	3.0212636686074315	25.316666666666666	59
514	conventional	60	0	0	1.3674717212347607	2.7574253116116236	30.983333333333334	59
515	holistic	60	2	2	1.1944433283186413	3.7801846069295024	24.316666666666666	59
515	conventional	60	1	1	1.3424231705276908	2.7619763949105693	30.983333333333334	58
516	holistic	60	2	2	1.2190912170913568	3.8861403645603505	23.316666666666666	58
516	conventional	60	0	0	1.3318322267679383	2.784065745194936	31.983333333333334	59
517	holistic	60	0	0	1.2855871678135762	5.638960491006628	24.316666666666666	59
517	conventional	60	2	2	1.2917108126953993	2.864079392775636	30.983333333333334	59
518	holistic	60	2	2	1.160181841170742	4.136860285134162	23.683333333333334	58
518	conventional	60	2	2	1.253006414635805	2.7958136059824525	29.983333333333334	59
519	holistic	60	0	0	1.1818149217289795	2.997405274429711	24.683333333333334	59
519	conventional	60	3	3	1.3081690839845195	4.4384315466748845	28.683333333333334	59
520	holistic	60	1	1	1.1034154431560812	2.4688048578132937	24.683333333333334	59
520	conventional	60	3	3	1.2307278752077566	3.4271899086385935	27.6	59
521	holistic	60	2	2	1.0445155566902917	2.3260576188650317	24.566666666666666	59
521	conventional	60	2	2	1.3767267022871663	6.7267314776428835	26.6	59
522	holistic	60	3	3	1.0436097423312582	2.401240224183834	23.25	58
522	conventional	60	2	2	1.3457657159910874	3.2250064340452456	26.55	59
523	holistic	60	1	1	1.0701268099932437	2.593765236513433	24.216666666666665	59
523	conventional	60	1	1	1.3116470663704163	2.8637884477820306	26.55	58
524	holistic	60	3	3	1.016305611684051	2.470208523258376	23.933333333333334	59
524	conventional	60	1	1	1.4947528284792686	3.355150172602813	27.483333333333334	59
525	holistic	60	1	1	1.040452305991676	2.3594714118612536	23.933333333333334	58
525	conventional	60	1	1	1.4017495256462917	2.8881645797059794	27.483333333333334	59
526	holistic	60	1	1	1.0886796383223476	2.9508477429838456	24.866666666666667	59
526	conventional	60	2	2	1.450666173011029	3.44382157675557	27.25	59
527	holistic	60	4	4	1.037750135909287	3.1030952510711773	22.8	59
527	conventional	60	3	3	1.3692359264820937	2.824585106470987	25.25	58
528	holistic	60	4	4	1.1238865836550815	3.6734586581386925	21.883333333333333	59
528	conventional	60	0	0	1.444475402930728	3.235217229992187	26.25	59
529	holistic	60	2	2	1.220985438798127	4.912901598961335	20.883333333333333	59
529	conventional	60	3	3	1.3520551268651486	2.744420510717437	25.216666666666665	59
530	holistic	60	3	3	1.1673189292564141	4.891829340512705	19.85	57
530	conventional	60	2	2	1.3524872415802338	4.454141227936233	25.15	58
531	holistic	60	0	0	1.3693811702911693	9.486383187700985	20.85	58
531	conventional	60	1	1	1.3437157378621807	2.607876384626786	26.116666666666667	59
532	holistic	60	0	0	1.3749543520699787	4.988938764832716	21.85	59
532	conventional	60	1	1	1.3476634320592313	2.5641539656925376	26.116666666666667	58
533	holistic	60	1	1	1.2612266881791858	3.829851933019949	21.85	53
533	conventional	60	0	0	1.4738490418131176	4.468267525167189	27.116666666666667	59
534	holistic	60	0	0	1.2636139618950062	3.4930026112951884	22.85	54
534	conventional	60	1	1	1.4174388952455421	4.475816883832433	27.116666666666667	58
535	holistic	60	0	0	1.2314725158268314	3.0934296858098707	23.85	55
535	conventional	60	0	0	1.487862235611676	5.592538384026693	28.116666666666667	59
536	holistic	60	0	0	1.2566630078461154	2.825443134828608	24.85	56
536	conventional	60	2	2	1.4539314989025793	4.5923428451857475	27.116666666666667	59
537	holistic	60	0	0	1.2224077561165205	2.3459593122300757	25.85	57
537	conventional	60	2	2	1.5120104854039205	8.342374497052585	26.116666666666667	58
538	holistic	60	0	0	1.2159358008242132	2.489616016029884	26.85	58
538	conventional	60	1	1	1.449613531213663	5.342615049211544	27.083333333333332	59
539	holistic	60	0	0	1.213496546454459	2.5414037328169226	27.85	59
539	conventional	60	3	3	1.3617287768938906	4.009251662042189	27.033333333333335	57
540	holistic	60	1	1	1.2091404029522128	2.7885446518274017	27.85	58
540	conventional	60	0	0	1.3606489841496952	3.098891523019189	28.033333333333335	58
541	holistic	60	0	0	1.2313870734195946	2.668894804701962	28.85	59
541	conventional	60	2	2	1.3585017281571992	3.5476464170464097	28.933333333333334	59
542	holistic	60	2	2	1.2175822143797708	2.65179820340506	27.85	58
542	conventional	60	1	1	1.3556878581740108	3.1801483472284495	28.933333333333334	59
543	holistic	60	0	0	1.2972802111210542	3.3302010527398425	28.85	59
543	conventional	60	3	3	1.3015415498474363	3.4690206526884926	27.866666666666667	58
544	holistic	60	1	1	1.1838558140025455	2.627918980416582	28.85	57
544	conventional	60	0	0	1.2985398277161895	3.8689471844108305	28.866666666666667	59
545	holistic	60	0	0	1.1887112222718736	2.47388343469745	29.85	58
545	conventional	60	2	2	1.3604329331988116	3.9816351604304017	27.866666666666667	56
546	holistic	60	0	0	1.241400801119341	3.044828747134246	30.85	59
546	conventional	60	0	0	1.4408008864714155	5.374880079544917	28.866666666666667	57
547	holistic	60	1	1	1.2230876212119406	2.505281208073328	30.85	57
547	conventional	60	0	0	1.376607908967404	2.844251478477426	29.866666666666667	58
548	holistic	60	0	0	1.211611124659547	2.3208232555683304	31.85	58
548	conventional	60	0	0	1.3906384291112408	3.679857835823296	30.866666666666667	59
549	holistic	60	1	1	1.1992155054276898	2.382107274236637	32.81666666666667	59
549	conventional	60	2	2	1.3864791788999704	4.979180597529436	29.866666666666667	59
550	holistic	60	1	1	1.1915976875342436	2.33710486350159	32.81666666666667	58
550	conventional	60	4	4	1.3280291858238304	4.191523476988562	28.366666666666667	59
551	holistic	60	0	0	1.241929193603952	2.643407344761048	33.81666666666667	59
551	conventional	60	1	1	1.3148598329703	3.978366694385056	28.366666666666667	57
552	holistic	60	1	1	1.1872466949364255	2.6448075683671046	33.81666666666667	59
552	conventional	60	0	0	1.3720169810738208	3.6955432634669623	29.366666666666667	58
553	holistic	60	1	1	1.1334140979675837	2.3100938770355444	33.81666666666667	57
553	conventional	60	0	0	1.370068383060964	3.473161876532153	30.366666666666667	59
554	holistic	60	0	0	1.1527006001909093	2.070958518962771	34.81666666666667	58
554	conventional	60	1	1	1.3563862431224651	3.6531063335342466	30.366666666666667	57
555	holistic	60	0	0	1.1646810709782185	2.127021693124916	35.81666666666667	59
555	conventional	60	0	0	1.3635553350335587	3.471504109561664	31.366666666666667	58
556	holistic	60	1	1	1.1437593263187085	2.0499986078224137	35.81666666666667	59
556	conventional	60	0	0	1.3810846844893239	3.1642256728813365	32.36666666666667	59
557	holistic	60	2	2	1.125332186794673	2.0577527771583592	35.733333333333334	59
557	conventional	60	1	1	1.3778791132581745	3.4719582590903144	32.36666666666667	59
558	holistic	60	2	2	1.1260394871701815	2.0848932667518065	34.733333333333334	59
558	conventional	60	2	2	1.4354366545454957	5.501040398614426	31.883333333333333	59
559	holistic	60	2	2	1.1093796928643826	2.112958176678302	33.733333333333334	59
559	conventional	60	4	4	1.4547453573858131	4.519025577389762	29.716666666666665	59
560	holistic	60	1	1	1.18765904274435	3.091612915038225	33.733333333333334	58
560	conventional	60	2	2	1.448837896300208	3.5246628465791043	28.716666666666665	59
561	holistic	60	0	0	1.1358252411525076	2.2567105342814813	34.733333333333334	59
561	conventional	60	5	5	1.324729094204425	3.772354310308102	26.666666666666668	57
562	holistic	60	3	3	1.1121593639704075	2.227365398702671	32.733333333333334	58
562	conventional	60	1	1	1.4636875518335428	3.448095594990061	27.633333333333333	58
563	holistic	60	0	0	1.1777686548521415	2.5267314223768333	33.733333333333334	59
563	conventional	60	1	1	1.44398693038299	3.8593291943121	28.033333333333335	59
564	holistic	60	1	1	1.094069024765743	2.2612850945818286	33.733333333333334	58
564	conventional	60	4	4	1.3954757237360245	3.3650615283295755	27.733333333333334	59
565	holistic	60	1	1	1.0874017170255177	2.2138536555594572	34.68333333333333	59
565	conventional	60	1	1	1.4158665347633042	3.5043028880380103	27.733333333333334	59
566	holistic	60	3	3	1.058813967318741	2.2219542136448784	33.0	59
566	conventional	60	3	3	1.3776370816786665	3.6152790731468136	27.616666666666667	58
567	holistic	60	3	3	1.0727490373906499	2.606778517843486	31.0	59
567	conventional	60	1	1	1.5016593864984615	3.5919105913332414	28.566666666666666	59
568	holistic	60	4	4	1.0704907737870555	2.305286351055602	28.933333333333334	59
568	conventional	60	4	4	1.433923537141272	3.6871038416025494	25.566666666666666	56
569	holistic	60	2	2	1.1403975729835218	4.704516388671709	28.866666666666667	59
569	conventional	60	0	0	1.5138531282511214	5.04392593469261	26.566666666666666	57
570	holistic	60	2	2	1.1227988350211524	3.201173233345271	28.583333333333332	58
570	conventional	60	1	1	1.4886081069654726	4.103542432553094	27.5	58
571	holistic	60	0	0	1.15456925495234	2.536944241838527	29.583333333333332	59
571	conventional	60	2	2	1.5645914150228513	4.4084711093210975	28.2	59
572	holistic	60	3	3	1.0904430977903685	2.488245945482148	28.516666666666666	58
572	conventional	60	2	2	1.570739911496781	4.479953512363804	27.2	55
573	holistic	60	0	0	1.0316583708735911	2.4419237090745276	29.516666666666666	59
573	conventional	60	0	0	1.5230577135783199	3.9549609558181458	28.2	56
574	holistic	60	4	4	1.0136304659458117	2.4201673789119984	27.483333333333334	59
574	conventional	60	0	0	1.497488571856587	3.8030077122978705	29.2	57
575	holistic	60	2	2	1.0020652247318804	2.35472075926234	26.483333333333334	59
575	conventional	60	0	0	1.4955813875459256	3.7815262983101645	30.2	58
576	holistic	60	3	3	1.003749930334698	2.357400905483023	25.45	58
576	conventional	60	1	1	1.5036090810863105	3.7621096983364306	31.133333333333333	59
577	holistic	60	1	1	1.045883923538766	2.338551276371192	26.316666666666666	59
577	conventional	60	2	2	1.475114616315886	4.57840190307186	30.133333333333333	59
578	holistic	60	1	1	1.1592928930145197	3.0598021172854333	26.316666666666666	58
578	conventional	60	2	2	1.417740752051984	5.191913401302401	29.133333333333333	59
579	holistic	60	0	0	1.191796365552881	2.900601604151364	27.316666666666666	59
579	conventional	60	2	2	1.4241929453363857	4.934800039180467	28.133333333333333	59
580	holistic	60	1	1	1.1565099244080512	2.561937007890994	27.316666666666666	58
580	conventional	60	2	2	1.408773618156998	4.644978755396628	27.133333333333333	59
581	holistic	60	1	1	1.1689522865617301	2.550764913340986	28.1	59
581	conventional	60	2	2	1.4961315322803643	5.407088252967732	27.083333333333332	59
582	holistic	60	2	2	1.1481016982797978	2.568802539306377	27.1	58
582	conventional	60	2	2	1.398528865077124	4.286029152629712	26.083333333333332	59
583	holistic	60	0	0	1.18315524150245	2.437525142616713	28.1	59
583	conventional	60	3	3	1.5697286552769951	11.52310045433995	25.75	59
584	holistic	60	3	3	1.1401601480840922	2.8353572985155084	26.1	58
584	conventional	60	1	1	1.5600740307012722	6.541372199045485	25.75	59
585	holistic	60	0	0	1.1822953054546275	2.305760179314726	27.1	59
585	conventional	60	1	1	1.5418193315824624	5.20491039669891	25.75	59
586	holistic	60	1	1	1.1778252744150897	2.416042681687324	27.1	59
586	conventional	60	1	1	1.5683641923583345	5.07314283931193	25.75	59
587	holistic	60	4	4	1.095623435217155	2.364561287745504	24.1	59
587	conventional	60	1	1	1.552217072118077	3.908687842452265	25.75	58
588	holistic	60	3	3	1.0393560770411798	2.332275706824323	22.1	59
588	conventional	60	0	0	1.5277798694504996	3.8050525233080066	26.75	59
589	holistic	60	2	2	1.0493527581000286	2.2840115571025494	21.1	59
589	conventional	60	2	2	1.4624378961777518	3.9680071436723563	26.7	59
590	holistic	60	4	4	0.9538923967762413	2.133073911850137	19.066666666666666	57
590	conventional	60	2	2	1.4339487997017974	3.6171296914547884	25.7	59
591	holistic	60	2	2	0.9816431420089412	2.344858842514179	19.9	58
591	conventional	60	2	2	1.4301727540913887	4.601422585179819	25.666666666666668	59
592	holistic	60	0	0	1.0623045465522114	4.648649019840705	20.9	59
592	conventional	60	1	1	1.4098734872936802	3.3938544410912157	25.666666666666668	58
593	holistic	60	1	1	1.0163120492770408	2.717826667138527	20.9	53
593	conventional	60	1	1	1.3760368117504411	3.3645998513224304	26.633333333333333	59
594	holistic	60	1	1	1.0500080087128516	2.5175742436694546	21.833333333333332	54
594	conventional	60	1	1	1.4105344287906658	3.440915996355631	26.633333333333333	58
595	holistic	60	0	0	1.1095768485566695	2.824818948372991	22.833333333333332	55
595	conventional	60	1	1	1.4009631817005221	3.3130679894411132	27.55	59
596	holistic	60	0	0	1.1280153077735398	2.463327004853872	23.833333333333332	56
596	conventional	60	1	1	1.38213010660459	3.3149852566689106	27.55	57
597	holistic	60	0	0	1.1187225439371729	3.0747104406755263	24.833333333333332	57
597	conventional	60	0	0	1.3677875924492688	3.298511149810524	28.55	58
598	holistic	60	0	0	1.1155635942410311	2.760532751379909	25.833333333333332	58
598	conventional	60	0	0	1.4264129408694481	3.18587248777486	29.55	59
599	holistic	60	0	0	1.1357535043412432	2.752319813845507	26.833333333333332	59
599	conventional	60	1	1	1.4083003655921897	3.197431971430605	29.55	58
600	holistic	60	1	1	1.1301593302412887	2.5849658929974497	26.833333333333332	58
600	conventional	60	1	1	1.425659874198495	3.265119674037279	30.483333333333334	59
601	holistic	60	0	0	1.1326468205106466	2.8691209466374685	27.833333333333332	59
601	conventional	60	2	2	1.4194657946863667	3.2741831863215443	29.483333333333334	59
602	holistic	60	2	2	1.0702034667069642	2.715599147711617	26.833333333333332	58
602	conventional	60	1	1	1.3966333175754475	3.4175071986918164	29.483333333333334	59
603	holistic	60	0	0	1.0781858072100277	2.5823887148075806	27.833333333333332	59
603	conventional	60	5	5	1.3902904188089193	3.4217048518126587	27.4	58
604	holistic	60	1	1	1.0952498600275515	2.4051671538819472	27.833333333333332	55
604	conventional	60	0	0	1.7072316029912284	6.416123784156971	28.4	59
605	holistic	60	0	0	1.1428208531949204	2.473053511084529	28.833333333333332	56
605	conventional	60	2	2	1.5809523280043685	3.9133116150487837	27.4	55
606	holistic	60	0	0	1.1378520965367729	2.4255446777994196	29.833333333333332	57
606	conventional	60	0	0	1.5271306306955943	3.458092487407213	28.4	56
607	holistic	60	0	0	1.1154136063577684	2.5321463534740554	30.833333333333332	58
607	conventional	60	1	1	1.5286358919596317	3.510874860899343	29.366666666666667	57
608	holistic	60	0	0	1.1150960297194048	2.5345239632665546	31.833333333333332	59
608	conventional	60	0	0	1.5385013642678331	3.5543889937214055	30.366666666666667	58
609	holistic	60	1	1	1.1012765123276766	2.7185900541988604	31.833333333333332	59
609	conventional	60	0	0	1.5282683304975788	3.5142366156181306	31.366666666666667	59
610	holistic	60	1	1	1.0887936278284547	2.582038037787693	31.833333333333332	54
610	conventional	60	4	4	1.3838699101697929	3.438781357210172	28.366666666666667	59
611	holistic	60	0	0	1.0881743279746068	2.4979551551207444	32.833333333333336	55
611	conventional	60	2	2	1.3868327696392235	3.29605742515291	28.3	54
612	holistic	60	0	0	1.0921660829291007	2.42049206636607	33.833333333333336	56
612	conventional	60	1	1	1.3861370628792273	3.4104439977802885	29.266666666666666	55
613	holistic	60	1	1	1.0938670870210327	2.3110835084740575	34.78333333333333	57
613	conventional	60	1	1	1.416645086786793	3.5597320852956233	30.216666666666665	56
614	holistic	60	0	0	1.100583132621654	2.2475214611217846	35.78333333333333	58
614	conventional	60	1	1	1.4590335412546096	3.498963631653911	30.866666666666667	57
615	holistic	60	0	0	1.13482209761101	2.365673405641786	36.78333333333333	59
615	conventional	60	0	0	1.4403099830720194	3.560285175391669	31.866666666666667	58
616	holistic	60	1	1	1.119923779776659	2.3383831819677194	36.78333333333333	59
616	conventional	60	0	0	1.4965017152540196	3.5804447835149493	32.86666666666667	59
617	holistic	60	2	2	1.075429649196794	2.2457748692919797	35.78333333333333	59
617	conventional	60	1	1	1.4359356820095692	3.5612619418358995	32.86666666666667	59
618	holistic	60	2	2	1.02670093704772	2.257090626302667	34.78333333333333	59
618	conventional	60	1	1	1.415794715011065	3.4867010098196647	32.86666666666667	59
619	holistic	60	2	2	1.0835494597102187	2.7845939521938794	33.78333333333333	59
619	conventional	60	2	2	1.4208126029026864	3.5993654617413493	31.866666666666667	58
620	holistic	60	1	1	1.1015593841844158	2.357374394352305	33.78333333333333	58
620	conventional	60	0	0	1.4700373775123643	3.5448303967274435	32.86666666666667	59
621	holistic	60	1	1	1.1270229272678673	2.344267950470376	34.71666666666667	59
621	conventional	60	4	4	1.4415358946534407	3.954011947840708	30.833333333333332	59
622	holistic	60	3	3	1.090689649288478	2.294098572759952	33.61666666666667	56
622	conventional	60	1	1	1.4709857589249316	4.496944212345291	30.833333333333332	59
623	holistic	60	1	1	1.0499463984477473	2.2457348185864348	34.55	57
623	conventional	60	1	1	1.4751041025618679	3.598048660266598	30.833333333333332	59
624	holistic	60	0	0	1.068627953741489	2.2549564396511537	35.55	58
624	conventional	60	3	3	1.4779431074219853	4.578018760110489	29.8	59
625	holistic	60	1	1	1.0956068759588686	2.290806008409677	36.516666666666666	59
625	conventional	60	1	1	1.4948545736926127	3.5802644515610855	29.8	58
626	holistic	60	3	3	1.0036128215153757	2.2470576351836966	34.516666666666666	59
626	conventional	60	0	0	1.4402013136257443	3.317796494271735	30.8	59
627	holistic	60	3	3	0.994004095263734	2.2805962340258903	32.516666666666666	59
627	conventional	60	1	1	1.4464562592623025	3.253568534671863	30.8	59
628	holistic	60	3	3	1.0092209366663885	2.2392959655791214	31.416666666666668	59
628	conventional	60	4	4	1.4299284317264662	4.542906528903139	27.8	58
629	holistic	60	1	1	1.001448416314321	2.2238047229342928	31.416666666666668	59
629	conventional	60	0	0	1.4517055978594877	3.177845081840907	28.8	59
630	holistic	60	3	3	1.022997300936826	2.2085756176118694	30.35	58
630	conventional	60	2	2	1.443462957399352	3.5478118893993145	28.766666666666666	59
631	holistic	60	0	0	1.1329635250080765	4.64555708121843	31.35	59
631	conventional	60	2	2	1.5226049974844609	5.509915995880537	27.766666666666666	59
632	holistic	60	2	2	1.1214330257348049	3.1492477855112844	30.35	58
632	conventional	60	1	1	1.5110027066949956	3.5603923163907445	27.766666666666666	56
633	holistic	60	0	0	1.1241495069290268	4.320100810395041	31.35	59
633	conventional	60	0	0	1.4966194122000525	3.342663896047325	28.766666666666666	57
634	holistic	60	4	4	1.0919302678713596	3.153136329174669	29.316666666666666	59
634	conventional	60	1	1	1.5314442227803682	3.854413800166154	29.666666666666668	58
635	holistic	60	3	3	1.1355835184701641	2.8513432537473324	28.266666666666666	59
635	conventional	60	0	0	1.5766282794803808	3.4540884549290256	30.666666666666668	59
636	holistic	60	3	3	1.076083198477594	2.818062114513033	26.266666666666666	59
636	conventional	60	1	1	1.5098221056663506	3.370590522894446	30.666666666666668	59
637	holistic	60	1	1	1.1278491190412863	3.4424473879125626	26.266666666666666	59
637	conventional	60	2	2	1.4489033900708301	3.3767552439912385	29.666666666666668	59
638	holistic	60	2	2	1.0921416190222708	2.2277638939820497	26.233333333333334	58
638	conventional	60	1	1	1.5149473427705404	3.239230166330177	29.666666666666668	59
639	holistic	60	0	0	1.2033932755394494	3.7094179050106075	27.233333333333334	59
639	conventional	60	3	3	1.5014416358978266	3.2286728580934985	28.633333333333333	59
640	holistic	60	1	1	1.1777395321823099	3.2349317000929125	27.233333333333334	59
640	conventional	60	1	1	1.5468379606074116	4.519562994984805	28.633333333333333	59
641	holistic	60	1	1	1.202573411954543	2.3942038967462094	27.233333333333334	59
641	conventional	60	2	2	1.4638474812156836	3.205087082040644	27.633333333333333	59
642	holistic	60	2	2	1.177474445596855	2.475607062714149	26.233333333333334	58
642	conventional	60	2	2	1.4865464473502776	4.521706068119534	26.633333333333333	59
643	holistic	60	0	0	1.1964861121063533	2.323793280511267	27.233333333333334	59
643	conventional	60	3	3	1.531564992173848	7.403266105555411	24.633333333333333	59
644	holistic	60	2	2	1.139089201502098	2.1260099966864288	26.233333333333334	58
644	conventional	60	2	2	1.4886732943121141	5.41979084806561	24.566666666666666	59
645	holistic	60	0	0	1.1911406934600923	3.7704490871359058	27.233333333333334	59
645	conventional	60	1	1	1.4500763943450174	4.3733882970675	24.566666666666666	58
646	holistic	60	1	1	1.1801058307259742	4.280415531047489	27.233333333333334	59
646	conventional	60	0	0	1.4455295363278795	3.377933859981358	25.566666666666666	59
647	holistic	60	5	5	1.0700237179486642	4.113662521901713	24.183333333333334	59
647	conventional	60	4	4	1.3986857247776137	3.8718312666913173	25.283333333333335	58
648	holistic	60	1	1	1.0351473439961019	3.2813533230558107	24.183333333333334	59
648	conventional	60	0	0	1.4829176938658295	3.860724304544446	26.283333333333335	59
649	holistic	60	4	4	1.0781578255714452	2.7814095025830143	23.033333333333335	59
649	conventional	60	2	2	1.4466030134003407	3.3706645618908464	26.25	59
650	holistic	60	3	3	1.0279183123778957	2.4488120181392192	21.033333333333335	59
650	conventional	60	1	1	1.4176674969311425	3.7991705706085845	26.25	59
651	holistic	60	3	3	1.0199152171039634	2.6413585745130206	19.966666666666665	58
651	conventional	60	2	2	1.4701844635104286	4.120630619672166	26.216666666666665	59
652	holistic	60	0	0	1.0266545248461265	2.308873763828572	20.966666666666665	59
652	conventional	60	1	1	1.449690357860024	3.9263220445135483	26.216666666666665	58
653	holistic	60	3	3	1.0091006138642293	2.305402939759189	20.85	59
653	conventional	60	0	0	1.459026416434346	3.4666151596966595	27.216666666666665	59
654	holistic	60	2	2	1.0326330152493322	2.2776738484090675	20.783333333333335	54
654	conventional	60	1	1	1.4123503251961274	3.2645600031584125	27.216666666666665	59
655	holistic	60	0	0	1.0558425702401828	2.212658748138791	21.783333333333335	55
655	conventional	60	2	2	1.3592599270961714	3.0324548702128302	27.033333333333335	56
656	holistic	60	0	0	1.0662418861946998	2.3443328013187186	22.783333333333335	56
656	conventional	60	0	0	1.3762229594548485	2.963209245531905	28.033333333333335	57
657	holistic	60	1	1	1.082089722862635	2.3771472133185543	23.633333333333333	57
657	conventional	60	1	1	1.4194124270494186	3.007437550215185	28.716666666666665	58
658	holistic	60	0	0	1.0763541284713676	2.4064764963749403	24.633333333333333	58
658	conventional	60	1	1	1.3836424901213058	2.9803035297812817	29.666666666666668	59
659	holistic	60	0	0	1.0917832605788569	2.3456761953345224	25.633333333333333	59
659	conventional	60	2	2	1.3920222952817085	3.240836117089183	29.633333333333333	58
660	holistic	60	1	1	1.0632510435346085	2.293082197211566	25.633333333333333	58
660	conventional	60	1	1	1.4795205660425832	4.882620236578458	30.6	59
661	holistic	60	0	0	1.080938622988083	2.192679209617915	26.633333333333333	59
661	conventional	60	1	1	1.4399799322311242	3.382586898746355	30.6	59
662	holistic	60	2	2	1.0629295452713095	2.344377949441963	25.633333333333333	58
662	conventional	60	1	1	1.472866096237895	4.753623867173527	30.6	59
663	holistic	60	1	1	1.1408962084154863	3.3344288234785755	26.433333333333334	59
663	conventional	60	5	5	1.4117864285154562	3.4074016098825983	26.6	58
664	holistic	60	1	1	1.0989731633225834	2.2071966135273766	26.433333333333334	55
664	conventional	60	0	0	1.4523460349163553	3.4078559004114686	27.6	59
665	holistic	60	0	0	1.1013328048712163	2.261579137793198	27.433333333333334	56
665	conventional	60	2	2	1.483608058734993	4.4063512333580395	27.566666666666666	55
666	holistic	60	0	0	1.0918767964729557	2.1664337051375666	28.433333333333334	57
666	conventional	60	0	0	1.4972069827861916	3.4060661525135174	28.566666666666666	56
667	holistic	60	0	0	1.0780422988598715	2.177287390949094	29.433333333333334	58
667	conventional	60	0	0	1.5066238979164808	3.2082992200267078	29.566666666666666	57
668	holistic	60	0	0	1.0639669224686719	2.1455821479144954	30.433333333333334	59
668	conventional	60	0	0	1.484014312809031	3.2655289300090367	30.566666666666666	58
669	holistic	60	1	1	1.033022187767356	2.134944141433372	30.433333333333334	56
669	conventional	60	0	0	1.4659520065550677	3.363039012370547	31.566666666666666	59
670	holistic	60	1	1	1.0149996463689153	2.1119062523912926	31.333333333333332	57
670	conventional	60	3	3	1.4223005589294877	3.3648795379385836	30.483333333333334	59
671	holistic	60	0	0	1.0567771959734473	2.095712210380494	32.333333333333336	58
671	conventional	60	3	3	1.426193983005656	3.423358030993984	28.95	59
672	holistic	60	0	0	1.0705801457434367	2.330468845436254	33.333333333333336	59
672	conventional	60	1	1	1.398480524576368	3.089345199447261	28.95	59
673	holistic	60	2	2	1.0360537230343438	2.0874416671188207	33.266666666666666	56
673	conventional	60	2	2	1.4258249056047732	3.0630277849257856	28.783333333333335	59
674	holistic	60	0	0	1.0274500855088577	2.224295000730709	34.266666666666666	57
674	conventional	60	2	2	1.3511953280358193	2.964639911099861	28.383333333333333	57
675	holistic	60	0	0	1.034039914881614	2.3044658642454205	35.266666666666666	58
675	conventional	60	0	0	1.453902780791992	2.873228042758154	29.383333333333333	58
676	holistic	60	1	1	1.0184464280707761	2.258985619804913	36.21666666666667	59
676	conventional	60	0	0	1.4385008127809527	2.822702857574432	30.383333333333333	59
677	holistic	60	2	2	1.0474781089119876	2.311729886999052	36.15	59
677	conventional	60	1	1	1.3980149232719532	2.8087597825023187	30.383333333333333	59
678	holistic	60	2	2	0.9608995743161625	2.384323870305328	35.15	59
678	conventional	60	2	2	1.3215150545345722	2.731400759103709	30.316666666666666	59
679	holistic	60	1	1	0.94686652785798	2.3183638479715896	35.15	59
679	conventional	60	1	1	1.3991937130872671	6.466236804701724	30.316666666666666	58
680	holistic	60	1	1	1.046727106041606	4.875203115621419	35.15	59
680	conventional	60	1	1	1.4154181467654603	4.970630000365961	31.266666666666666	59
681	holistic	60	2	2	1.0645978295212866	3.872005792483527	35.083333333333336	59
681	conventional	60	4	4	1.3055158104986078	4.139157223089152	28.266666666666666	58
682	holistic	60	2	2	1.0582774120454452	3.863359989486662	34.083333333333336	57
682	conventional	60	0	0	1.4360810129529475	4.9722895957772595	29.266666666666666	59
683	holistic	60	0	0	1.0636729515326502	2.8648050253014268	35.083333333333336	58
683	conventional	60	1	1	1.4234723738505672	4.072658154480198	29.266666666666666	59
684	holistic	60	0	0	1.0212882979801086	2.662922782583961	36.083333333333336	59
684	conventional	60	3	3	1.3355595110987497	3.6737675630734876	27.266666666666666	59
685	holistic	60	1	1	1.0327365953606893	2.697482645328913	36.083333333333336	59
685	conventional	60	1	1	1.3769271631629616	4.562117020795184	27.266666666666666	58
686	holistic	60	2	2	1.0472691120400615	2.579819416921938	35.083333333333336	59
686	conventional	60	2	2	1.3442628591201853	3.5645653705929927	28.183333333333334	59
687	holistic	60	3	3	0.9547827886003531	2.4907421988522116	33.083333333333336	59
687	conventional	60	2	2	1.4797492395104421	4.482037913594383	28.083333333333332	59
688	holistic	60	4	4	0.9492044603790695	2.421730291664842	31.05	59
688	conventional	60	2	2	1.405505574380455	4.314158297832624	27.083333333333332	58
689	holistic	60	1	1	0.9771648579112402	2.268049104655338	31.05	59
689	conventional	60	0	0	1.496325669691874	3.4875823477289565	28.083333333333332	59
690	holistic	60	3	3	1.0364141059176872	2.6420996610572223	29.05	56
690	conventional	60	2	2	1.4358416786456933	3.028481360873256	27.083333333333332	59
691	holistic	60	1	1	1.0869611665437864	2.8795643871084846	29.983333333333334	57
691	conventional	60	3	3	1.4872166774353899	3.6091846444441686	26.0	59
692	holistic	60	1	1	1.1508229091411726	3.8742699430285787	30.916666666666668	58
692	conventional	60	1	1	1.5394406748207161	5.399877620416485	26.0	58
693	holistic	60	0	0	1.2443614535662826	3.530555124747528	31.916666666666668	59
693	conventional	60	1	1	1.5367156026879851	4.364574277792674	26.966666666666665	59
694	holistic	60	4	4	1.1274402271410149	2.6694162008536177	28.916666666666668	59
694	conventional	60	1	1	1.5205701997246186	3.863161417309891	26.966666666666665	57
695	holistic	60	4	4	1.01143772610328	2.9789635249051476	26.7	59
695	conventional	60	0	0	1.5547095283731331	5.521987266613326	27.966666666666665	58
696	holistic	60	3	3	1.0975676939701988	3.7914197363062874	25.666666666666668	59
696	conventional	60	0	0	1.475894208395957	3.453947899754225	28.966666666666665	59
697	holistic	60	1	1	1.0616239779380752	3.900544324247983	25.666666666666668	59
697	conventional	60	1	1	1.4173468588246851	3.520187853320607	28.966666666666665	58
698	holistic	60	2	2	0.9939166585610211	2.563575648014838	24.666666666666668	58
698	conventional	60	0	0	1.452807251008557	3.0200023443535855	29.966666666666665	59
699	holistic	60	0	0	1.0254652874599843	2.648392241351591	25.666666666666668	59
699	conventional	60	2	2	1.4118765851283903	4.519856193999648	28.966666666666665	58
700	holistic	60	2	2	1.0115530019182681	2.502169752086366	25.566666666666666	59
700	conventional	60	0	0	1.44738254334801	3.8530970451716726	29.966666666666665	59
701	holistic	60	2	2	1.0496588970779577	2.808802570309167	25.5	59
701	conventional	60	3	3	1.4168674597548363	3.662504521429681	28.933333333333334	59
702	holistic	60	3	3	1.0125574478466228	2.7945677184465194	24.783333333333335	58
702	conventional	60	2	2	1.4189417398205209	3.7696164547951874	27.933333333333334	59
703	holistic	60	2	2	1.0206513363368197	2.6388981315244666	25.7	59
703	conventional	60	2	2	1.3804187806816044	3.449409486797511	26.933333333333334	59
704	holistic	60	3	3	1.0298867465130903	2.398117156853833	25.516666666666666	58
704	conventional	60	1	1	1.3390560816172805	3.1410548536842677	26.933333333333334	57
705	holistic	60	1	1	1.0315250076829623	2.4080196274466497	26.466666666666665	59
705	conventional	60	0	0	1.4122489366227695	3.115540010289791	27.933333333333334	58
706	holistic	60	2	2	1.0982526664587147	2.6537229872018013	26.433333333333334	59
706	conventional	60	0	0	1.4299108733041554	4.512113431305339	28.933333333333334	59
707	holistic	60	4	4	1.0466990136610714	3.730016417234573	24.366666666666667	58
707	conventional	60	4	4	1.3043016222715318	3.1773140596660645	26.833333333333332	58
708	holistic	60	1	1	1.1137554570841215	4.818491870823394	25.333333333333332	59
708	conventional	60	0	0	1.356307307807177	3.7598548349917817	27.833333333333332	59
709	holistic	60	3	3	1.0598521244337993	3.8265035873357265	23.333333333333332	59
709	conventional	60	3	3	1.3285677290433804	4.114029170342256	27.766666666666666	58
710	holistic	60	1	1	1.0329247150359353	2.818855175262527	23.333333333333332	59
710	conventional	60	0	0	1.344674993484029	3.848067499231149	28.766666666666666	59
711	holistic	60	3	3	1.094260509838185	3.9100049524135128	22.05	58
711	conventional	60	2	2	1.3059306836263167	3.514937747942788	27.766666666666666	59
712	holistic	60	1	1	1.1708817045564905	2.9014691954221608	23.0	59
712	conventional	60	2	2	1.2922480298505736	3.2652050255777922	27.716666666666665	58
713	holistic	60	3	3	1.1551239582521289	2.9865326456945867	21.0	59
713	conventional	60	0	0	1.3700646386397644	3.1815253705403244	28.716666666666665	59
714	holistic	60	3	3	1.2247730899041982	3.8192823158110487	19.95	57
714	conventional	60	2	2	1.329721862108624	3.3154630538578083	28.516666666666666	59
715	holistic	60	0	0	1.229555742762756	4.3187673756881715	20.95	58
715	conventional	60	1	1	1.2740372362155832	3.059942579671001	28.516666666666666	56
716	holistic	60	0	0	1.1799129000410273	4.04102837613522	21.95	59
716	conventional	60	0	0	1.3465369447159086	3.097474445540952	29.516666666666666	57
717	holistic	60	1	1	1.144249893995622	3.7193364610543775	21.95	57
717	conventional	60	0	0	1.3385540865291168	3.0530871963209942	30.516666666666666	58
718	holistic	60	1	1	1.1207367243588326	3.5465861205445632	22.883333333333333	58
718	conventional	60	0	0	1.3361032007319653	3.157967002481949	31.516666666666666	59
719	holistic	60	1	1	1.1449750941908308	3.5682997153304314	23.8	59
719	conventional	60	2	2	1.2919164266620975	3.1820082846229725	30.516666666666666	59
720	holistic	60	1	1	1.2039469192076429	3.7040584104273053	23.8	58
720	conventional	60	1	1	1.3395124387623054	2.954119052730843	30.516666666666666	59
721	holistic	60	0	0	1.2794162722435845	3.2068053240352414	24.8	59
721	conventional	60	1	1	1.410983358735443	3.2813779003104475	30.516666666666666	59
722	holistic	60	2	2	1.2654484693630847	3.3738786146552195	23.8	52
722	conventional	60	1	1	1.3745659643725727	3.1832074710483167	30.516666666666666	59
723	holistic	60	0	0	1.256241448840764	3.5358941019137617	24.8	53
723	conventional	60	3	3	1.2636513425885505	3.3056459457669476	28.516666666666666	58
724	holistic	60	0	0	1.2321371452804706	3.1199294630927925	25.8	54
724	conventional	60	1	1	1.3263809358685061	3.2666784001555933	29.466666666666665	59
725	holistic	60	1	1	1.2177239254891892	2.868025503760316	26.75	55
725	conventional	60	1	1	1.3449804868568396	3.2314006306854255	29.466666666666665	55
726	holistic	60	0	0	1.2486571597169922	3.032826318019565	27.75	56
726	conventional	60	0	0	1.3403931699712335	3.2913143574463506	30.466666666666665	56
727	holistic	60	0	0	1.212796684311349	2.8662282504271013	28.75	57
727	conventional	60	1	1	1.3544743859246782	3.4314296649505485	31.433333333333334	57
728	holistic	60	0	0	1.2225473426765077	2.4903847542299618	29.75	58
728	conventional	60	0	0	1.483814499248229	7.622247507363741	32.43333333333333	58
729	holistic	60	0	0	1.2169390576384822	2.6876281897354772	30.75	59
729	conventional	60	0	0	1.400309304261753	3.621487934538786	33.43333333333333	59
730	holistic	60	1	1	1.2086764324629715	2.64991918852388	30.75	54
730	conventional	60	3	3	1.3127534908707787	3.209764407288191	31.433333333333334	59
731	holistic	60	0	0	1.2241365195163008	2.616663081447714	31.75	55
731	conventional	60	3	3	1.3253258443950542	3.6206269453830613	29.433333333333334	59
732	holistic	60	0	0	1.210032990743099	2.625238133108902	32.75	56
732	conventional	60	1	1	1.3747724285090372	3.421695138605975	29.433333333333334	59
733	holistic	60	0	0	1.1973476127986993	2.594508267544659	33.75	57
733	conventional	60	2	2	1.3531679129825855	3.620930712140494	28.433333333333334	59
734	holistic	60	0	0	1.1801674464921528	2.4917198994267045	34.75	58
734	conventional	60	1	1	1.4053395730155993	3.620613298377997	28.433333333333334	56
735	holistic	60	0	0	1.194675860628758	2.3966996250792576	35.75	59
735	conventional	60	2	2	1.4553653285901689	4.631695032937881	29.3	57
736	holistic	60	2	2	1.1603526989570732	2.4819278573385035	34.983333333333334	59
736	conventional	60	0	0	1.3898564313485937	3.089379711379023	30.3	58
737	holistic	60	1	1	1.2152386397548607	2.90786681410889	34.983333333333334	59
737	conventional	60	2	2	1.4158646711967857	3.3561687424243214	31.233333333333334	59
738	holistic	60	2	2	1.139998318416102	2.4718030191545024	33.983333333333334	59
738	conventional	60	2	2	1.449613163684566	6.396433619201189	30.233333333333334	59
739	holistic	60	1	1	1.1270914911315277	2.4823512358953885	33.983333333333334	59
739	conventional	60	1	1	1.3831110982662977	3.6889315324909058	30.233333333333334	59
740	holistic	60	1	1	1.0822267028608705	2.40210233760798	33.983333333333334	59
740	conventional	60	1	1	1.5125749952405911	4.277991632388671	30.233333333333334	59
741	holistic	60	3	3	1.0752085273519103	2.3557441292400947	32.916666666666664	59
741	conventional	60	4	4	1.4425313931056787	3.5198612383651664	28.183333333333334	57
742	holistic	60	1	1	1.0673755661004571	2.4550009606227525	32.916666666666664	57
742	conventional	60	0	0	1.568139560661759	6.622763733280634	29.183333333333334	58
743	holistic	60	1	1	1.0749450981205746	2.437556872513123	33.88333333333333	58
743	conventional	60	2	2	1.5433897859909005	4.118884271820559	30.1	59
744	holistic	60	2	2	1.0572500296748613	2.448246467313493	34.8	59
744	conventional	60	2	2	1.4862377078468023	5.35181685223809	29.1	59
745	holistic	60	1	1	1.03471556185904	2.379907621501569	34.8	59
745	conventional	60	2	2	1.4598929138082182	5.089782836992414	29.066666666666666	59
746	holistic	60	2	2	1.0524700305504147	2.3153388462939257	34.666666666666664	59
746	conventional	60	3	3	1.4532764286262327	4.6431117771575465	28.616666666666667	59
747	holistic	60	2	2	1.019509468174312	2.277929233978684	33.666666666666664	59
747	conventional	60	4	4	1.528825045129956	4.296677355744251	27.533333333333335	59
748	holistic	60	3	3	1.0214530388560172	2.29150888281046	31.666666666666668	59
748	conventional	60	2	2	1.508396067278446	4.2185954145699975	26.533333333333335	58
749	holistic	60	2	2	1.012452159274253	2.303842019076605	31.616666666666667	59
749	conventional	60	0	0	1.5069298325401086	4.154737740546154	27.533333333333335	59
750	holistic	60	4	4	0.9901459089850934	2.3392432209803022	30.516666666666666	59
750	conventional	60	2	2	1.409777956752553	3.934861438173679	26.533333333333335	59
751	holistic	60	3	3	0.9659568895331846	2.2823884372430934	30.433333333333334	59
751	conventional	60	2	2	1.3379719377075499	3.7488066460094043	25.533333333333335	59
752	holistic	60	2	2	1.0369470426915717	2.8156269953356596	30.316666666666666	58
752	conventional	60	1	1	1.3155583310301582	3.5179338338490616	25.533333333333335	59
753	holistic	60	1	1	1.0118666370020566	2.302128893640332	31.25	59
753	conventional	60	3	3	1.4134469976076034	4.422740191532399	25.433333333333334	59
754	holistic	60	3	3	1.038181567343359	2.4582600783776503	31.116666666666667	59
754	conventional	60	1	1	1.4032808858325467	4.921559689001431	25.433333333333334	57
755	holistic	60	3	3	1.0318684524577708	2.652453334591164	29.116666666666667	59
755	conventional	60	0	0	1.485114508328603	5.089003021797869	26.433333333333334	58
756	holistic	60	4	4	1.000896645096162	2.690391538040924	27.033333333333335	58
756	conventional	60	0	0	1.5498616287736735	5.92233138090829	27.433333333333334	59
757	holistic	60	0	0	1.1306496780280215	3.689228148958602	28.033333333333335	59
757	conventional	60	1	1	1.4793742005648178	4.623372032982973	27.433333333333334	58
758	holistic	60	1	1	1.0724760564690574	2.468292430462327	28.033333333333335	58
758	conventional	60	0	0	1.5705298405190766	4.514654896998507	28.433333333333334	59
759	holistic	60	0	0	1.0709878967024191	2.4936511728765995	29.033333333333335	59
759	conventional	60	1	1	1.523070789873216	3.852556529265841	28.433333333333334	58
760	holistic	60	2	2	1.0252529901864582	2.43739485250745	28.966666666666665	59
760	conventional	60	0	0	1.5416155863090724	3.6559741021480128	29.433333333333334	59
761	holistic	60	1	1	0.9777449585278792	2.4682363259523408	28.966666666666665	59
761	conventional	60	2	2	1.4737922932953564	3.170511841118768	28.433333333333334	59
762	holistic	60	2	2	1.0452756760272617	3.8674872746911935	28.833333333333332	59
762	conventional	60	1	1	1.4427599489791676	3.1237680159453673	28.433333333333334	59
763	holistic	60	1	1	1.0678472284246352	4.360627597700593	28.833333333333332	59
763	conventional	60	3	3	1.495256354844415	3.7404988985209595	27.4	59
764	holistic	60	2	2	1.0423531125627785	3.529031209070807	27.833333333333332	59
764	conventional	60	1	1	1.4595562537897326	3.5965637550635163	27.4	57
765	holistic	60	2	2	0.9980728515783518	3.360005175539084	27.716666666666665	59
765	conventional	60	1	1	1.4631105350213702	3.2331877369668702	28.3	58
766	holistic	60	1	1	1.0159641628411573	2.6618661661953267	27.716666666666665	59
766	conventional	60	0	0	1.4679525497152754	3.346074416135867	29.3	59
767	holistic	60	5	5	0.9083800119019894	2.36050097870263	24.6	59
767	conventional	60	2	2	1.4491414520095265	3.223067162286834	28.3	58
768	holistic	60	1	1	1.0389406303558997	2.5754287732330994	24.6	59
768	conventional	60	0	0	1.5370095329238942	3.4234006012596616	29.3	59
769	holistic	60	3	3	0.9811097750508347	2.736857629971063	23.483333333333334	59
769	conventional	60	3	3	1.4998840833521305	3.305529625867825	28.2	58
770	holistic	60	2	2	1.1193989785145655	2.846785518300546	23.366666666666667	59
770	conventional	60	1	1	1.5649268925044415	3.312080460786212	29.083333333333332	59
771	holistic	60	2	2	1.0678645478388182	2.5604450730594754	22.366666666666667	59
771	conventional	60	2	2	1.5633517227013745	3.1599737064512117	28.083333333333332	59
772	holistic	60	2	2	1.1564100069153933	2.7978967589253663	22.266666666666666	59
772	conventional	60	2	2	1.620726360215224	7.346436650013928	27.083333333333332	58
773	holistic	60	3	3	1.0896372816127244	2.7138945674003576	20.266666666666666	59
773	conventional	60	0	0	1.7159127849715965	5.347705450166788	28.083333333333332	59
774	holistic	60	3	3	1.084486733077727	2.629317658093519	20.15	57
774	conventional	60	2	2	1.5969198941813572	3.6818610717266154	27.083333333333332	59
775	holistic	60	1	1	1.1244049525731679	2.637692175345386	21.116666666666667	58
775	conventional	60	1	1	1.6929879522890638	7.514354927341499	27.083333333333332	56
776	holistic	60	0	0	1.1613533060372772	3.801305745179044	22.116666666666667	59
776	conventional	60	1	1	1.6639985510821098	6.514234167665832	28.016666666666666	57
777	holistic	60	1	1	1.1422954376037364	2.6920193740396527	22.116666666666667	59
777	conventional	60	0	0	1.7051342245753622	4.849041373289325	29.016666666666666	58
778	holistic	60	3	3	1.1932945474669723	3.484549926254255	21.833333333333332	59
778	conventional	60	0	0	1.6804140551002078	3.7662033672851294	30.016666666666666	59
779	holistic	60	1	1	1.2587954856125225	3.4901928499949757	21.833333333333332	59
779	conventional	60	2	2	1.6098173109524931	3.515845040024165	29.016666666666666	57
780	holistic	60	2	2	1.2040911366067135	3.837579839563663	21.716666666666665	58
780	conventional	60	0	0	1.6131212249474618	3.67224308987782	30.016666666666666	58
781	holistic	60	0	0	1.174832179509843	4.068922662443461	22.716666666666665	59
781	conventional	60	0	0	1.6216423661337251	3.698152073344655	31.016666666666666	59
782	holistic	60	2	2	1.1960784732628822	3.810284897406432	22.666666666666668	57
782	conventional	60	1	1	1.5953261208073297	3.58900505775014	31.016666666666666	59
783	holistic	60	0	0	1.183925327595373	3.797192976321143	23.666666666666668	58
783	conventional	60	3	3	1.5176315097307727	3.9605621151449366	29.016666666666666	59
784	holistic	60	0	0	1.1719424843593333	3.422880604916466	24.666666666666668	59
784	conventional	60	2	2	1.5683833802025258	4.215937444723262	28.983333333333334	57
785	holistic	60	1	1	1.1197440314075815	3.6930982471920064	24.666666666666668	55
785	conventional	60	0	0	1.5982062720630914	4.1521946148691855	29.983333333333334	58
786	holistic	60	1	1	1.1428299525973804	3.691843323441953	25.6	56
786	conventional	60	0	0	1.5864209194717775	4.015704144900471	30.983333333333334	59
787	holistic	60	0	0	1.1457673724956507	3.4777763304799882	26.6	57
787	conventional	60	1	1	1.5687248356714798	3.9771423972209305	30.983333333333334	57
788	holistic	60	0	0	1.1790516566561828	3.226024077060896	27.6	58
788	conventional	60	1	1	1.5763534773188013	4.015524440633782	31.916666666666668	58
789	holistic	60	0	0	1.1437344861156327	3.3164582143550443	28.6	59
789	conventional	60	1	1	1.623863821378262	3.9822058770354465	32.9	59
790	holistic	60	1	1	1.1204818121830091	3.3385171217166607	28.6	54
790	conventional	60	2	2	1.5319960111822928	3.9529910297451525	31.9	59
791	holistic	60	0	0	1.1499054197520993	3.1921413417171207	29.6	55
791	conventional	60	3	3	1.520306514383442	3.927199318139411	29.9	58
792	holistic	60	0	0	1.1715786722194539	3.3229991815500672	30.6	56
792	conventional	60	0	0	1.6389364397602464	4.015364255968925	30.9	59
793	holistic	60	0	0	1.1723684526458409	3.244727560202958	31.6	57
793	conventional	60	2	2	1.5963941556842007	3.8310985126093784	29.9	59
794	holistic	60	0	0	1.1735261292480044	3.1714954883661397	32.6	58
794	conventional	60	1	1	1.6311645616494475	3.86527045846058	29.9	57
795	holistic	60	0	0	1.1748352051320703	3.239706110823414	33.6	59
795	conventional	60	0	0	1.7095148915308558	5.262355081019647	30.9	58
796	holistic	60	2	2	1.1381629517820675	3.2171594062024123	32.6	58
796	conventional	60	0	0	1.7065263198962024	5.512538159661333	31.9	59
797	holistic	60	0	0	1.177962394351704	3.1518306128767732	33.6	59
797	conventional	60	2	2	1.6442334097039535	5.012511437116236	30.9	59
798	holistic	60	1	1	1.170613601423807	3.8465156214725846	33.6	59
798	conventional	60	1	1	1.5870611830935692	4.3696194375293524	30.9	59
799	holistic	60	1	1	1.118798697258408	3.037640851040512	33.6	59
799	conventional	60	1	1	1.6024372960465447	3.8874483869493375	30.9	58
800	holistic	60	1	1	1.1433923224899678	3.0251077292317916	33.6	59
800	conventional	60	0	0	1.5842595305898401	3.74587473398977	31.9	59
801	holistic	60	1	1	1.073647742946053	2.940909537085644	33.6	58
801	conventional	60	5	5	1.4761681663782187	3.9134813025642408	29.816666666666666	58
802	holistic	60	0	0	1.0836432174672268	3.0010727532638026	34.6	59
802	conventional	60	0	0	1.7094835380318163	8.198661809436999	30.816666666666666	59
803	holistic	60	1	1	1.0687476464000134	2.990636910753604	34.6	59
803	conventional	60	1	1	1.7037846339499068	5.698735392897355	30.816666666666666	59
804	holistic	60	2	2	1.0775716133940227	2.948152227690421	33.6	57
804	conventional	60	1	1	1.6200937539137832	4.532675527296874	30.816666666666666	58
805	holistic	60	0	0	1.0925217323832432	2.879643557839849	34.6	58
805	conventional	60	0	0	1.6404469762059297	4.449190491485849	31.816666666666666	59
806	holistic	60	0	0	1.1431470608308103	2.9048007001245897	35.6	59
806	conventional	60	3	3	1.6021177053188256	4.11309075762902	29.816666666666666	59
807	holistic	60	2	2	1.1357826769453796	3.138568671435324	35.5	59
807	conventional	60	4	4	1.559794367502495	5.183832898162162	26.816666666666666	59
808	holistic	60	2	2	1.0570989840200835	2.7217122336896282	34.5	59
808	conventional	60	2	2	1.5939889117233041	5.267212549392578	25.816666666666666	57
809	holistic	60	1	1	1.0887655099556357	2.692888960422456	34.5	59
809	conventional	60	1	1	1.6906612180598863	6.517195965953702	26.766666666666666	58
810	holistic	60	1	1	1.0935303729650647	2.6667607891237455	34.5	59
810	conventional	60	0	0	1.7279503188097505	5.683882466262777	27.766666666666666	59
811	holistic	60	3	3	1.0302871701038114	2.6150962318559827	33.36666666666667	59
811	conventional	60	3	3	1.6408991474324777	5.231492782525449	26.7	59
812	holistic	60	2	2	1.0238778783126887	2.5662829711517694	32.36666666666667	59
812	conventional	60	1	1	1.8694514247083878	6.519428448637075	26.7	59
813	holistic	60	1	1	1.088831212685058	3.4293056200315926	32.36666666666667	59
813	conventional	60	3	3	1.6178843251975776	4.517200112907478	24.7	59
814	holistic	60	4	4	1.0674956268348488	3.351001040736174	31.283333333333335	59
814	conventional	60	1	1	1.7239285449267379	4.817190305205527	24.7	57
815	holistic	60	5	5	1.011398238324201	2.432738724842384	29.083333333333332	59
815	conventional	60	1	1	1.7467552106386999	5.066244646142226	25.683333333333334	58
816	holistic	60	3	3	1.0417911837082683	3.5029772786428097	27.083333333333332	56
816	conventional	60	1	1	1.6923516972592787	4.517713814171983	26.633333333333333	59
817	holistic	60	0	0	1.114156197778471	4.999552316499507	28.083333333333332	57
817	conventional	60	1	1	1.6786009931865342	4.517781565361038	26.633333333333333	56
818	holistic	60	2	2	1.082605157491663	4.828866903552394	28.95	58
818	conventional	60	1	1	1.632320560203613	4.303452751290826	27.55	57
819	holistic	60	0	0	1.0865381696657141	3.746700710051948	29.95	59
819	conventional	60	0	0	1.6313953648950688	4.517710134300142	28.55	58
820	holistic	60	1	1	1.0749034658645307	3.297467400554357	29.95	59
820	conventional	60	1	1	1.6370063943856752	4.267681293175959	29.116666666666667	59
821	holistic	60	3	3	1.0377823152142527	2.998551432252318	29.8	59
821	conventional	60	2	2	1.6541894464789002	4.11362950635236	29.066666666666666	59
822	holistic	60	1	1	1.0628206369035924	2.4988856842676577	29.8	58
822	conventional	60	1	1	1.6229837631389157	4.0732844349966495	29.066666666666666	59
823	holistic	60	0	0	1.1221446139368205	2.4049087418644386	30.8	59
823	conventional	60	2	2	1.6872285195371974	5.291870505221139	29.033333333333335	59
824	holistic	60	2	2	1.0426166989192496	2.3014431487921594	29.8	59
824	conventional	60	1	1	1.606454229034519	4.799460316529502	29.033333333333335	59
825	holistic	60	1	1	1.0359070394039789	2.3278253233937116	29.8	58
825	conventional	60	1	1	1.6896381259791005	3.806756776387321	29.033333333333335	58
826	holistic	60	0	0	1.0402762558614382	2.315505096599253	30.8	59
826	conventional	60	0	0	1.6507729350427338	3.76982833295731	30.033333333333335	59
827	holistic	60	5	5	0.9739616643092435	2.3789810017055224	26.8	59
827	conventional	60	2	2	1.5714496577910277	3.7071160807020647	29.033333333333335	58
828	holistic	60	1	1	1.1410346802444082	2.928617588816096	26.8	59
828	conventional	60	0	0	1.6082973574566433	3.6479153888731024	30.033333333333335	59
829	holistic	60	3	3	1.0915748873595945	3.425633640417557	24.8	59
829	conventional	60	3	3	1.5778943155652125	3.802240958535786	28.033333333333335	59
830	holistic	60	1	1	1.1355743793684892	3.1497505977308946	24.8	59
830	conventional	60	1	1	1.9219532252478122	8.55767241748107	28.033333333333335	59
831	holistic	60	1	1	1.1471690246570843	4.051469929232514	24.8	59
831	conventional	60	2	2	1.8100578676906864	7.520616331078193	27.033333333333335	59
832	holistic	60	3	3	1.1010391235009442	3.6000101331712004	23.733333333333334	59
832	conventional	60	1	1	1.8440780762173383	5.18912578882825	27.033333333333335	58
833	holistic	60	2	2	1.1146043102221423	3.73716314757569	23.666666666666668	59
833	conventional	60	1	1	1.7508723481616428	4.52177312225304	28.016666666666666	59
834	holistic	60	3	3	1.1311722390051242	5.735897578727931	22.616666666666667	59
834	conventional	60	2	2	1.6125978249997417	3.8382984414121024	27.016666666666666	59
835	holistic	60	3	3	1.1720602085182674	4.070108217376556	22.25	58
835	conventional	60	1	1	1.6262287884393494	3.7855277230545097	27.016666666666666	59
836	holistic	60	0	0	1.101844970452227	3.4859793010237206	23.25	59
836	conventional	60	3	3	1.5264204979732439	3.7127913539426207	26.9	57
837	holistic	60	1	1	1.125198028806296	3.136077559438893	23.25	59
837	conventional	60	1	1	1.5629912714123566	3.7301719371132673	27.866666666666667	58
838	holistic	60	3	3	1.0294907136712341	2.56839884758173	21.25	58
838	conventional	60	0	0	1.513367777464802	3.6829819704540694	28.866666666666667	59
839	holistic	60	1	1	1.0066053709678366	2.306672358331209	22.183333333333334	59
839	conventional	60	2	2	1.5093850680747776	3.721093255144432	27.866666666666667	56
840	holistic	60	3	3	0.9708355167396482	2.1450888378541295	21.15	58
840	conventional	60	0	0	1.5080202716046809	3.716830749316676	28.866666666666667	57
841	holistic	60	1	1	1.0239882620206793	2.1196504870887867	22.016666666666666	59
841	conventional	60	0	0	1.5997875408054256	3.8727413970155813	29.866666666666667	58
842	holistic	60	2	2	0.9875592920716606	2.4356186725920854	21.883333333333333	57
842	conventional	60	0	0	1.6021281912505105	3.8264565041473872	30.866666666666667	59
843	holistic	60	0	0	1.143672004992113	5.673505596060572	22.883333333333333	58
843	conventional	60	3	3	1.5423777063978616	3.820419213573669	28.866666666666667	59
844	holistic	60	0	0	1.1404884712276173	5.67307309268805	23.883333333333333	59
844	conventional	60	1	1	1.5229070193260064	3.871327222869821	28.866666666666667	57
845	holistic	60	2	2	1.1195582440751433	5.00308721169571	23.816666666666666	59
845	conventional	60	0	0	1.588580937406151	3.827662132002655	29.866666666666667	58
846	holistic	60	2	2	1.0651440384410167	3.9199706206817964	23.683333333333334	56
846	conventional	60	0	0	1.6125250533507323	3.821927145200022	30.866666666666667	59
847	holistic	60	0	0	1.0526792782356027	3.8719596621417467	24.683333333333334	57
847	conventional	60	1	1	1.5457940666761536	3.852108339808985	30.866666666666667	58
848	holistic	60	0	0	1.0258004904434714	3.338133650145833	25.683333333333334	58
848	conventional	60	0	0	1.5274820600230656	3.7760196217298923	31.866666666666667	59
849	holistic	60	2	2	1.022576318009872	2.9615410848774593	26.55	59
849	conventional	60	2	2	1.5174028946175218	3.8749179214243283	31.766666666666666	59
850	holistic	60	3	3	0.9936639425470002	2.6768800408423012	26.416666666666668	54
850	conventional	60	2	2	1.4393126485220045	3.85191899822075	30.766666666666666	59
851	holistic	60	0	0	1.0598104109303128	2.342868618919723	27.416666666666668	55
851	conventional	60	5	5	1.360623887927066	3.2185760053331642	28.266666666666666	58
852	holistic	60	0	0	1.0293328192216618	2.0755667071998394	28.416666666666668	56
852	conventional	60	3	3	1.3869877726073354	3.1282946168919157	29.016666666666666	59
853	holistic	60	2	2	1.045447591709405	1.9577763521069373	29.283333333333335	57
853	conventional	60	2	2	1.4798264814211974	5.53469517820552	28.016666666666666	56
854	holistic	60	0	0	1.076822616159269	2.860344127491404	30.283333333333335	58
854	conventional	60	1	1	1.510905547952798	4.629402082430943	28.966666666666665	57
855	holistic	60	0	0	1.0687273919771234	2.8659409639723563	31.283333333333335	59
855	conventional	60	1	1	1.4829541126842833	3.0184589954906738	29.933333333333334	58
856	holistic	60	2	2	1.0032970846056481	2.1982744305605526	30.283333333333335	58
856	conventional	60	0	0	1.5123292288665284	2.985089258820077	30.933333333333334	59
857	holistic	60	0	0	1.0200301087617922	1.9487468943011517	31.283333333333335	59
857	conventional	60	2	2	1.4301525995754607	3.040139269855801	29.933333333333334	56
858	holistic	60	1	1	1.0097546608214665	2.1371288905567476	31.283333333333335	59
858	conventional	60	0	0	1.427075683132387	3.07156622735438	30.933333333333334	57
859	holistic	60	1	1	0.9789683922263481	2.0960005105915696	31.283333333333335	59
859	conventional	60	0	0	1.421021257449532	3.0183536096139227	31.933333333333334	58
860	holistic	60	1	1	1.0117375957082648	2.1187253477842396	31.283333333333335	56
860	conventional	60	1	1	1.4414146947029225	3.07127789890291	32.88333333333333	59
861	holistic	60	0	0	1.0212974106872017	2.138684537498135	32.28333333333333	57
861	conventional	60	5	5	1.3667658121085917	3.1317341264771326	28.883333333333333	58
862	holistic	60	0	0	1.0327712476970496	2.100736661649424	33.28333333333333	58
862	conventional	60	0	0	1.399977175748386	3.1211371852382035	29.883333333333333	59
863	holistic	60	0	0	1.0470159293704908	2.0923476406663153	34.28333333333333	59
863	conventional	60	2	2	1.4435625494278825	3.0769990775071414	29.85	59
864	holistic	60	2	2	1.027632133264136	2.0762610970770914	33.28333333333333	57
864	conventional	60	1	1	1.511273346439574	3.3843659678582383	29.85	58
865	holistic	60	0	0	1.0294523939018039	2.12888321285623	34.28333333333333	58
865	conventional	60	0	0	1.4558374748187524	3.467623341228416	30.85	59
866	holistic	60	0	0	1.023447480198693	2.147539993760167	35.28333333333333	59
866	conventional	60	2	2	1.4783443398118294	3.9176251111921347	29.85	59
867	holistic	60	2	2	1.0177313269173098	2.139574930043142	35.233333333333334	59
867	conventional	60	3	3	1.473435686696327	3.497750742790699	27.85	59
868	holistic	60	2	2	1.0569368345548604	4.76575707480149	34.233333333333334	59
868	conventional	60	2	2	1.4287755175593977	4.540395086451784	26.85	59
869	holistic	60	1	1	1.0536751788158663	3.2698982564980636	34.233333333333334	59
869	conventional	60	2	2	1.4006526170030542	3.544457410048291	26.816666666666666	58
870	holistic	60	1	1	1.047322100345225	3.7656807887296337	34.233333333333334	59
870	conventional	60	0	0	1.4694538649060176	4.499573617156943	27.816666666666666	59
871	holistic	60	1	1	0.9861438029945161	3.2603840016551886	34.233333333333334	59
871	conventional	60	4	4	1.3239175191063235	3.750380872965817	25.783333333333335	59
872	holistic	60	2	2	0.9661711415909408	3.159027175140524	34.166666666666664	59
872	conventional	60	1	1	1.3623390256232526	4.302095472125749	25.783333333333335	59
873	holistic	60	1	1	0.9713555008922087	2.7590562657376374	34.166666666666664	59
873	conventional	60	2	2	1.348572514333052	4.168757788059166	25.75	58
874	holistic	60	3	3	0.9305667485829602	2.3305657407374936	33.11666666666667	59
874	conventional	60	0	0	1.3762088489030864	3.4999628937012552	26.75	59
875	holistic	60	4	4	1.0202821340145753	4.902679608934893	30.116666666666667	59
875	conventional	60	2	2	1.3007677953034134	2.9991618900470853	26.7	59
876	holistic	60	3	3	0.9975610242894851	3.891379882157843	29.05	58
876	conventional	60	1	1	1.3862675510874867	4.481154956106955	26.7	59
877	holistic	60	1	1	0.9890683164547686	2.7882107588570135	29.983333333333334	59
877	conventional	60	1	1	1.365585371697444	3.9854095006740926	26.7	57
878	holistic	60	2	2	1.0640898864664876	3.8064706638229797	29.933333333333334	58
878	conventional	60	0	0	1.401574649894758	3.8173822816406293	27.7	58
879	holistic	60	0	0	1.0317769905723138	2.3957333665121974	30.933333333333334	59
879	conventional	60	0	0	1.3905200621564504	3.058477707642947	28.7	59
880	holistic	60	2	2	1.017651146380483	2.1278683116258947	30.866666666666667	59
880	conventional	60	1	1	1.431181361008872	3.0878724184288333	28.7	59
881	holistic	60	3	3	0.9764735766365237	2.863830283512506	28.866666666666667	59
881	conventional	60	1	1	1.3737589173962472	3.0392158408584633	28.7	59
882	holistic	60	1	1	1.013477636955277	5.718642999744763	28.866666666666667	58
882	conventional	60	1	1	1.3237179333698017	2.9923981201286343	28.7	59
883	holistic	60	1	1	0.9405765440001775	2.740512385824595	29.783333333333335	59
883	conventional	60	1	1	1.3724422718624683	3.7747414000916613	28.7	59
884	holistic	60	3	3	0.9397253144465071	2.7416240265112464	28.733333333333334	59
884	conventional	60	1	1	1.3155341956975242	2.9585261386536983	28.7	59
885	holistic	60	1	1	0.9937838168980525	2.803696893600611	28.733333333333334	58
885	conventional	60	1	1	1.3796960492742512	4.479801424944022	28.7	58
886	holistic	60	0	0	1.0105128648546973	2.5388073358312466	29.733333333333334	59
886	conventional	60	0	0	1.3328408886672911	3.7520213218790777	29.7	59
887	holistic	60	6	6	0.9004263487039675	2.7377896163521775	25.666666666666668	58
887	conventional	60	2	2	1.2775146230950714	3.480638502700731	28.7	58
888	holistic	60	2	2	0.9546571172247836	2.5504270548188375	26.533333333333335	59
888	conventional	60	0	0	1.345150496095818	3.4799056895964364	29.7	59
889	holistic	60	3	3	1.008148388177727	3.3983067105818705	25.5	59
889	conventional	60	3	3	1.2169653326974685	3.195071626162419	27.7	59
890	holistic	60	2	2	1.0283628755401923	2.7972361558209364	25.466666666666665	58
890	conventional	60	1	1	1.3473062934598765	4.504548784096119	27.7	59
891	holistic	60	1	1	1.0091800208960398	3.7747152686751155	26.433333333333334	59
891	conventional	60	1	1	1.2965214774473326	3.346204406348483	27.7	58
892	holistic	60	3	3	0.9938555399446601	2.6738525617454694	25.4	59
892	conventional	60	0	0	1.3011232439352673	4.00133517336516	28.7	59
893	holistic	60	1	1	1.1383740152368473	2.848747548182757	25.4	59
893	conventional	60	1	1	1.2485170608934721	3.5985126512081944	28.7	59
894	holistic	60	2	2	1.0890433378128292	3.2490389643894817	24.4	59
894	conventional	60	2	2	1.2670768715397143	3.5964308563849463	28.633333333333333	58
895	holistic	60	2	2	1.0162921013098571	3.2726502724912736	23.4	58
895	conventional	60	0	0	1.2735645638797346	3.6014540779953785	29.633333333333333	59
896	holistic	60	1	1	1.0302177901260696	3.102899536233273	24.366666666666667	59
896	conventional	60	3	3	1.2494013145647147	3.9343439832758174	27.633333333333333	59
897	holistic	60	3	3	1.0649277996243243	3.1707796465692577	24.166666666666668	59
897	conventional	60	2	2	1.2328841938469834	3.999377088154495	27.116666666666667	58
898	holistic	60	1	1	1.0992415535603364	4.852083551317939	24.166666666666668	59
898	conventional	60	1	1	1.2829130732826115	3.870422484549964	28.1	59
899	holistic	60	1	1	1.1024929170801308	3.3575548095476266	24.166666666666668	59
899	conventional	60	1	1	1.2575600046924902	3.514911784429127	28.1	56
900	holistic	60	4	4	1.0925089148919083	3.624934731301882	22.1	58
900	conventional	60	0	0	1.249675455922072	3.2141274498857424	29.1	57
901	holistic	60	1	1	1.1275974558128077	3.4199789112853054	23.033333333333335	59
901	conventional	60	1	1	1.286491669423008	3.313518931085255	30.066666666666666	58
902	holistic	60	2	2	1.115177137114184	3.2418552119629647	22.033333333333335	52
902	conventional	60	0	0	1.268333041199073	3.3318860166046	31.066666666666666	59
903	holistic	60	0	0	1.0606568556280116	3.02564195373898	23.033333333333335	53
903	conventional	60	3	3	1.2257793487281028	3.0973358180834576	30.033333333333335	59
904	holistic	60	0	0	1.0530290179873092	2.8332317947163825	24.033333333333335	54
904	conventional	60	1	1	1.3212004322306423	3.1264777871064346	30.033333333333335	57
905	holistic	60	0	0	1.045981095606827	2.7752739750982287	25.033333333333335	55
905	conventional	60	0	0	1.294543419897611	2.9855047472057876	31.033333333333335	58
906	holistic	60	1	1	1.058127070231165	2.8267358633804833	25.966666666666665	56
906	conventional	60	1	1	1.3380142410705667	3.1243299087502154	32.0	59
907	holistic	60	0	0	1.0718548726579675	2.7224120688528233	26.966666666666665	57
907	conventional	60	1	1	1.3571421110636357	3.548625452817673	32.0	58
908	holistic	60	1	1	1.0621930003342577	2.5837292443336266	27.833333333333332	58
908	conventional	60	0	0	1.3628148785287049	3.503864136519858	33.0	59
909	holistic	60	0	0	1.0935540695523212	2.637141177593047	28.833333333333332	59
909	conventional	60	2	2	1.377376792451596	3.3268904657027623	32.96666666666667	59
910	holistic	60	3	3	1.054607329719107	2.558423744794123	26.833333333333332	57
910	conventional	60	2	2	1.3086113724550095	3.362891096693393	31.966666666666665	59
911	holistic	60	0	0	1.0835263942473645	2.60036329504016	27.833333333333332	58
911	conventional	60	2	2	1.2724385414175794	3.099591851645876	30.966666666666665	59
912	holistic	60	0	0	1.0690131932159157	2.4979353140191702	28.833333333333332	59
912	conventional	60	3	3	1.2443659400200962	3.039009774330282	28.966666666666665	59
913	holistic	60	3	3	1.0562679505527097	2.4295382993378847	27.3	57
913	conventional	60	1	1	1.3533415771648272	6.41457259826203	28.966666666666665	59
914	holistic	60	1	1	1.0508540908681538	2.329105225954033	28.166666666666668	58
914	conventional	60	1	1	1.3057881490093617	3.4091345738860754	28.966666666666665	59
915	holistic	60	0	0	1.096741621619909	2.383388199869522	29.166666666666668	59
915	conventional	60	4	4	1.3666737197073835	5.30874844655347	28.833333333333332	58
916	holistic	60	2	2	1.065903533413341	2.3259602915260156	28.166666666666668	58
916	conventional	60	0	0	1.4324603171435342	5.513511365572449	29.833333333333332	59
917	holistic	60	0	0	1.1271948159286707	2.3062895494482203	29.166666666666668	59
917	conventional	60	1	1	1.3419357215530918	2.9648873904327457	29.833333333333332	57
918	holistic	60	1	1	1.1068225426248304	2.2611658470747367	29.166666666666668	59
918	conventional	60	1	1	1.4434640918720612	3.5695746423976553	30.783333333333335	58
919	holistic	60	1	1	1.1112243626982803	2.222420166736641	29.166666666666668	59
919	conventional	60	0	0	1.4850952161890236	3.5146677890792444	31.783333333333335	59
920	holistic	60	1	1	1.1697690413104156	2.8646485859666635	29.166666666666668	56
920	conventional	60	1	1	1.4130762691906154	2.930935034959859	31.783333333333335	59
921	holistic	60	0	0	1.13445624098889	2.2461421954808127	30.166666666666668	57
921	conventional	60	4	4	1.2566570593697952	2.9219165164514687	28.783333333333335	58
922	holistic	60	0	0	1.1387496645355442	2.373207270768581	31.166666666666668	58
922	conventional	60	0	0	1.2980972951563448	3.1962472887428257	29.783333333333335	59
923	holistic	60	0	0	1.1446359524782537	2.359029805660208	32.166666666666664	59
923	conventional	60	2	2	1.2791956765822292	2.877070451352544	28.783333333333335	59
924	holistic	60	1	1	1.1197078373791993	2.369389787275701	32.166666666666664	57
924	conventional	60	1	1	1.278027614218883	3.1209643977936365	28.783333333333335	58
925	holistic	60	0	0	1.2254572102986026	5.836373827793341	33.166666666666664	58
925	conventional	60	1	1	1.3216039786997318	2.8667248338426563	29.716666666666665	59
926	holistic	60	0	0	1.2130144169793113	4.834358663623872	34.166666666666664	59
926	conventional	60	1	1	1.3503651958703755	2.988653575739329	29.716666666666665	59
927	holistic	60	2	2	1.1414914465177326	3.1644609955984158	33.166666666666664	59
927	conventional	60	3	3	1.2983598567815622	3.0146839846333413	28.683333333333334	59
928	holistic	60	1	1	1.2181728895797852	4.730957289307471	33.166666666666664	59
928	conventional	60	3	3	1.2722134439496897	2.9432160616002037	27.65	59
929	holistic	60	2	2	1.1792851918399565	2.949507568878422	32.7	59
929	conventional	60	1	1	1.2824998722404686	2.740696229611726	27.65	58
930	holistic	60	1	1	1.1367525792536253	2.6624158611740434	32.7	58
930	conventional	60	1	1	1.3879952511763507	3.3916425053956787	28.616666666666667	59
931	holistic	60	0	0	1.122328466167236	2.432578808240266	33.7	59
931	conventional	60	3	3	1.366018359119172	3.893960119621867	26.616666666666667	58
932	holistic	60	2	2	1.0830308524518264	2.3778143683057187	33.65	58
932	conventional	60	0	0	1.3246470863302062	3.3935710810221473	27.616666666666667	59
933	holistic	60	1	1	1.0900416784260856	2.545533059408116	34.583333333333336	59
933	conventional	60	4	4	1.3432801755226904	4.393462991020619	26.55	58
934	holistic	60	4	4	1.027369913765931	2.3543972307815886	32.516666666666666	59
934	conventional	60	0	0	1.3860687808013035	3.900970684325396	27.55	59
935	holistic	60	3	3	1.0960870522122579	3.7630097877305593	30.516666666666666	59
935	conventional	60	3	3	1.3157625877827859	3.279961063981902	26.516666666666666	59
936	holistic	60	2	2	1.0758181518320358	3.2549498507303234	29.516666666666666	59
936	conventional	60	1	1	1.4477563429872689	4.3461075317288165	26.516666666666666	59
937	holistic	60	2	2	1.1358780961774655	3.10665511890292	29.483333333333334	59
937	conventional	60	1	1	1.3914791553903918	3.788652492167878	26.516666666666666	57
938	holistic	60	2	2	1.165606241298143	2.774087559372326	29.416666666666668	58
938	conventional	60	1	1	1.3637152149865392	3.567186938645299	27.483333333333334	58
939	holistic	60	1	1	1.2304290525710564	3.572669505655535	30.35	59
939	conventional	60	0	0	1.5144166254643185	4.277951027423413	28.483333333333334	59
940	holistic	60	2	2	1.170265829593834	3.280143558382145	29.35	59
940	conventional	60	1	1	1.5335704192596364	3.779081845879422	28.483333333333334	59
941	holistic	60	2	2	1.1425090245616107	2.949023503751418	29.116666666666667	59
941	conventional	60	1	1	1.4918524536541757	4.946902049238163	28.483333333333334	59
942	holistic	60	2	2	1.2338849938159566	5.787660416176223	29.05	58
942	conventional	60	1	1	1.4453826613235679	4.031143051748153	28.483333333333334	59
943	holistic	60	1	1	1.1617402867602569	3.2148634725524357	29.983333333333334	59
943	conventional	60	2	2	1.3983119280367715	3.5017872888559007	28.433333333333334	59
944	holistic	60	1	1	1.1189210956306666	3.169019550630252	29.983333333333334	59
944	conventional	60	1	1	1.6555459938660322	7.44604938148046	28.433333333333334	59
945	holistic	60	1	1	1.081344479206996	3.0422970768687208	29.983333333333334	58
945	conventional	60	1	1	1.7324286786864822	8.485314372888965	28.433333333333334	58
946	holistic	60	0	0	1.122109694309145	2.9168420788790903	30.983333333333334	59
946	conventional	60	1	1	1.600586499219208	5.421237421116903	29.366666666666667	59
947	holistic	60	5	5	1.0126456474446301	2.770621478522894	26.983333333333334	59
947	conventional	60	2	2	1.59006295306342	5.833717777198728	28.366666666666667	58
948	holistic	60	1	1	1.0489804209660336	3.4177737574133764	26.983333333333334	59
948	conventional	60	0	0	1.6754111139564465	7.422576787832373	29.366666666666667	59
949	holistic	60	2	2	1.0500401099693448	2.5041310486526225	26.95	59
949	conventional	60	4	4	1.497459331094215	4.096271456149551	27.333333333333332	58
950	holistic	60	1	1	1.0067805880267655	2.332686674931353	26.95	59
950	conventional	60	0	0	1.4879611986629622	3.661516309645446	28.333333333333332	59
951	holistic	60	3	3	1.0320863823351119	2.6388959577755853	26.816666666666666	59
951	conventional	60	2	2	1.5863571081945476	3.5679136065919748	28.3	58
952	holistic	60	4	4	0.9410195982033314	2.6350522101152807	24.766666666666666	58
952	conventional	60	0	0	1.5037671523913614	3.9056641066005207	29.3	59
953	holistic	60	1	1	0.9536175598390714	2.968599211258575	25.7	59
953	conventional	60	3	3	1.4397055374686443	3.286896897091801	29.233333333333334	59
954	holistic	60	2	2	0.9405704454350856	2.88541474454999	24.966666666666665	59
954	conventional	60	2	2	1.3850815586880922	3.641255950534654	28.233333333333334	58
955	holistic	60	3	3	0.9386928943186994	2.4847134413868432	23.9	58
955	conventional	60	2	2	1.4355814028458416	3.0854226872984887	29.166666666666668	59
956	holistic	60	0	0	0.945592846782575	2.801339105228465	24.9	59
956	conventional	60	3	3	1.4046327786527208	2.9594501431681466	27.166666666666668	59
957	holistic	60	2	2	0.9435459978733608	2.4942137832545876	23.9	59
957	conventional	60	2	2	1.446251403632878	4.0134611657427515	27.133333333333333	59
958	holistic	60	1	1	0.9674526101262532	3.260724882606562	23.9	59
958	conventional	60	1	1	1.4360400888704186	3.713459304378574	27.133333333333333	55
959	holistic	60	2	2	0.961259166037702	3.0807007020340063	23.516666666666666	59
959	conventional	60	0	0	1.4086269839639949	3.0134594382390247	28.133333333333333	56
960	holistic	60	4	4	0.9538493811532419	3.536888316474593	21.383333333333333	58
960	conventional	60	0	0	1.4091874870016285	2.847784978600685	29.133333333333333	57
961	holistic	60	2	2	1.0323503956956739	3.5443000120538652	22.233333333333334	59
961	conventional	60	1	1	1.419916579009383	2.778522236121771	29.45	58
962	holistic	60	1	1	1.0479052884467879	4.649393136903754	22.233333333333334	54
962	conventional	60	0	0	1.5064723203112826	3.969723264091221	30.45	59
963	holistic	60	1	1	1.0611482319535464	3.4804619820446163	23.166666666666668	55
963	conventional	60	3	3	1.409966253461168	3.91418344788948	28.45	57
964	holistic	60	0	0	1.1387901104414269	3.631767934557196	24.166666666666668	56
964	conventional	60	0	0	1.5071911031266332	3.7697318276538376	29.45	58
965	holistic	60	0	0	1.1051621664586546	3.2342791500552344	25.166666666666668	57
965	conventional	60	0	0	1.6333399737964573	4.422718304599112	30.45	59
966	holistic	60	0	0	1.1312586961172426	3.5097261416604337	26.166666666666668	58
966	conventional	60	1	1	1.5821603495832948	4.136418175903557	30.45	57
967	holistic	60	0	0	1.128456919314233	3.3400870319352958	27.166666666666668	59
967	conventional	60	0	0	1.6836494633516004	3.854336782502462	31.45	58
968	holistic	60	2	2	1.122720051363357	3.1341088587403303	27.033333333333335	58
968	conventional	60	0	0	1.6287117926266013	3.898301448420874	32.45	59
969	holistic	60	1	1	1.1349527239042532	2.9497892927848395	27.433333333333334	59
969	conventional	60	2	2	1.5436035458221016	3.8696879741018915	31.45	59
970	holistic	60	2	2	1.1440776657367882	2.784183101144962	26.433333333333334	57
970	conventional	60	2	2	1.5653407932024062	4.231569004632618	30.45	59
971	holistic	60	0	0	1.2062689018369057	3.1728431629071525	27.433333333333334	58
971	conventional	60	2	2	1.599595057693181	5.34947401889074	29.45	59
972	holistic	60	0	0	1.2279007234927668	3.007257822513637	28.433333333333334	59
972	conventional	60	1	1	1.6387972908970803	5.848488099037515	29.45	58
973	holistic	60	3	3	1.142305730552491	2.7651802815763706	26.433333333333334	59
973	conventional	60	0	0	1.6290117924099798	4.347063740931097	30.45	59
974	holistic	60	1	1	1.1073990458620917	2.677156981023866	26.433333333333334	58
974	conventional	60	1	1	1.5871576252639115	3.3468521523914943	30.45	59
975	holistic	60	0	0	1.1391754221328505	2.6343402470581037	27.433333333333334	59
975	conventional	60	3	3	1.4964127547660095	3.276089538891078	28.45	58
976	holistic	60	3	3	1.1175425606299974	2.5186937187729765	26.2	58
976	conventional	60	1	1	1.6184900737220222	3.224076580338689	29.416666666666668	59
977	holistic	60	1	1	1.2071962435024801	2.930272158841578	27.133333333333333	59
977	conventional	60	1	1	1.61762505337412	3.448330226969023	29.416666666666668	59
978	holistic	60	1	1	1.2285643080074395	2.521829270114473	27.133333333333333	59
978	conventional	60	1	1	1.5740437548404038	3.4327384067380855	29.416666666666668	57
979	holistic	60	1	1	1.2426084440463283	3.6919505915838773	27.133333333333333	59
979	conventional	60	0	0	1.550881009810509	3.5712193159376477	30.416666666666668	58
980	holistic	60	1	1	1.1713879864286147	2.424190878893886	27.133333333333333	56
980	conventional	60	0	0	1.522686913878943	3.3482308743041065	31.416666666666668	59
981	holistic	60	1	1	1.1593111875763311	2.4104508108556884	28.0	57
981	conventional	60	4	4	1.4749919045391295	3.8022841254833364	28.45	58
982	holistic	60	0	0	1.1776841819116157	2.678285381655573	29.0	58
982	conventional	60	0	0	1.7560950294614344	4.258901011779594	29.45	59
983	holistic	60	0	0	1.161089461965601	2.8227416463437462	30.0	59
983	conventional	60	1	1	1.6543217732175075	3.732423864969939	29.45	59
984	holistic	60	2	2	1.144783296513396	2.7464583403671172	29.933333333333334	57
984	conventional	60	1	1	1.5855667083747553	3.5791184047436504	29.45	57
985	holistic	60	0	0	1.216268709085676	3.9733394592130185	30.933333333333334	58
985	conventional	60	0	0	1.601493077796587	3.5752650491305396	30.45	58
986	holistic	60	0	0	1.1711416202438996	3.0912873040034468	31.933333333333334	59
986	conventional	60	0	0	1.6240752179045972	4.969812140569314	31.45	59
987	holistic	60	2	2	1.1336784507005928	3.0684277422891704	31.883333333333333	59
987	conventional	60	4	4	1.5372951442276943	3.4925500368664806	29.383333333333333	59
988	holistic	60	1	1	1.1930626410179392	3.7176176628130104	31.883333333333333	56
988	conventional	60	2	2	1.5547463791735951	3.379413347200338	28.383333333333333	59
989	holistic	60	0	0	1.2813537438697284	5.602295715145835	32.88333333333333	57
989	conventional	60	1	1	1.540128417103542	3.2754609708326052	28.383333333333333	59
990	holistic	60	0	0	1.2056965340081187	3.108039598666486	33.88333333333333	58
990	conventional	60	1	1	1.6590567958146485	4.114462403964352	28.383333333333333	59
991	holistic	60	0	0	1.1920135599810082	3.0431725525621274	34.88333333333333	59
991	conventional	60	1	1	1.733268277578663	6.517233562310352	28.383333333333333	58
992	holistic	60	2	2	1.145988731342075	3.0285469967149434	33.88333333333333	58
992	conventional	60	1	1	1.6342038245566965	4.183873389834635	29.3	59
993	holistic	60	0	0	1.1529838595310804	2.9317662284408113	34.88333333333333	59
993	conventional	60	3	3	1.6388371014623564	3.767243349224964	27.3	58
994	holistic	60	3	3	1.108420947036969	2.842079936782052	32.88333333333333	59
994	conventional	60	1	1	1.8114619565796952	6.472122457721678	28.283333333333335	59
995	holistic	60	1	1	1.1702220335404538	2.873430285393215	32.88333333333333	59
995	conventional	60	3	3	1.6660135584890687	3.8507985712717776	26.283333333333335	58
996	holistic	60	1	1	1.1886711060408837	2.791345292062645	32.88333333333333	59
996	conventional	60	1	1	1.7189839558329654	3.403819338363364	27.25	59
997	holistic	60	2	2	1.2049237173946468	2.982049740290164	31.883333333333333	59
997	conventional	60	1	1	1.7097308610658026	3.290549889568905	27.25	59
998	holistic	60	1	1	1.2007686729072378	3.74031527471221	31.883333333333333	58
998	conventional	60	1	1	1.6795588694538215	3.3227679650295148	27.25	57
999	holistic	60	0	0	1.2686674719379603	5.759382300829592	32.88333333333333	59
999	conventional	60	0	0	1.8107695311302199	4.5125936276475915	28.25	58
1000	holistic	60	2	2	1.1980423645863454	3.2687978754638234	31.883333333333333	59
1000	conventional	60	0	0	1.7554173971352618	3.617803368796172	29.25	59
1001	holistic	60	2	2	1.192605460803015	3.4317128126138106	30.883333333333333	59
1001	conventional	60	1	1	1.7229698356640695	4.178892955987582	29.25	58
1002	holistic	60	2	2	1.1921774124485944	3.0157041873311283	29.883333333333333	59
1002	conventional	60	1	1	1.7183255289928228	4.762164371176647	30.233333333333334	59
1003	holistic	60	1	1	1.1501180353143299	2.7393108395138435	29.883333333333333	59
1003	conventional	60	2	2	1.6625495649139732	5.112146530721131	29.233333333333334	59
1004	holistic	60	2	2	1.1639105852866012	2.680758770358919	29.816666666666666	59
1004	conventional	60	1	1	1.91309434554134	9.512707194081601	29.233333333333334	59
1005	holistic	60	1	1	1.2202713592849546	3.15638140357021	29.816666666666666	58
1005	conventional	60	1	1	1.8620668599974293	7.304582765216685	29.233333333333334	59
1006	holistic	60	0	0	1.2342724672141336	2.6542282954399163	30.816666666666666	59
1006	conventional	60	1	1	1.848484503722363	7.17915258003823	29.233333333333334	59
1007	holistic	60	2	2	1.1790814067049393	2.655588192282923	29.816666666666666	59
1007	conventional	60	1	1	1.8890157865009594	7.762807016328916	29.233333333333334	58
1008	holistic	60	2	2	1.2463401643422474	2.869577448475841	29.75	58
1008	conventional	60	1	1	1.9291756823686639	7.112816815975988	30.2	59
1009	holistic	60	0	0	1.3186534993066703	2.681346689183646	30.75	59
1009	conventional	60	3	3	1.842380523869331	6.17935109385646	28.2	56
1010	holistic	60	1	1	1.263346675370902	2.6815291165380892	30.75	59
1010	conventional	60	0	0	1.7700014799886923	5.227417458188543	29.2	57
1011	holistic	60	2	2	1.2379164859798768	2.6099629347638946	29.75	59
1011	conventional	60	1	1	1.6965649210009508	4.5129931436029365	30.166666666666668	58
1012	holistic	60	3	3	1.1860031476623127	2.6578599238022753	27.75	59
1012	conventional	60	0	0	1.6835015788299803	4.17956894509979	31.166666666666668	59
1013	holistic	60	1	1	1.267982505437569	3.3342095169419834	27.75	59
1013	conventional	60	1	1	1.6854085899911193	3.9130582260929985	31.166666666666668	59
1014	holistic	60	2	2	1.2404393338022133	4.326926296630392	26.75	59
1014	conventional	60	2	2	1.7283785443649429	4.8092825223286635	30.166666666666668	59
1015	holistic	60	3	3	1.2095621104938656	3.3278070428303024	25.683333333333334	58
1015	conventional	60	1	1	1.7619276978290563	4.484398898472456	30.166666666666668	59
1016	holistic	60	0	0	1.2458998718593517	2.8514024955929607	26.683333333333334	59
1016	conventional	60	4	4	1.626317345902576	3.511442257150093	28.133333333333333	59
1017	holistic	60	2	2	1.2051223066514107	2.8268862096483818	25.683333333333334	58
1017	conventional	60	2	2	1.7058452971331841	3.6178151417625464	27.133333333333333	59
1018	holistic	60	1	1	1.2033742407996817	2.762688046024314	26.633333333333333	59
1018	conventional	60	3	3	1.707312006220038	4.01973341264653	27.05	57
1019	holistic	60	2	2	1.2108652409248504	2.833342411884228	26.566666666666666	59
1019	conventional	60	0	0	1.7715074202428935	3.5194768701337718	28.05	58
1020	holistic	60	3	3	1.2125671401158595	2.9739185885813657	24.566666666666666	59
1020	conventional	60	0	0	1.6507078143222387	3.3521733709211317	29.05	59
1021	holistic	60	2	2	1.1541091633826184	2.812104665690391	23.566666666666666	58
1021	conventional	60	2	2	1.588473334203148	3.3188852622125142	28.966666666666665	58
1022	holistic	60	0	0	1.1965440794738467	6.667696561528788	24.566666666666666	59
1022	conventional	60	1	1	1.703402319687367	5.402435280646449	29.75	59
1023	holistic	60	3	3	1.164675602355501	6.179398782149903	24.45	55
1023	conventional	60	4	4	1.5242019951585315	3.410292653078026	27.666666666666668	57
1024	holistic	60	0	0	1.2501879671528462	5.347901468177586	25.45	56
1024	conventional	60	1	1	1.7387615313490916	6.460313812223535	28.633333333333333	58
1025	holistic	60	1	1	1.1909026594069074	5.186267055417369	26.316666666666666	57
1025	conventional	60	0	0	1.7611757762973779	4.959912345262632	29.633333333333333	59
1026	holistic	60	0	0	1.3392197610714678	6.341365270269401	27.316666666666666	58
1026	conventional	60	1	1	1.7571682571720548	4.794801777216565	29.633333333333333	57
1027	holistic	60	0	0	1.2905920232588635	4.678881136972543	28.316666666666666	59
1027	conventional	60	0	0	1.6894545294074967	3.4629609874152765	30.633333333333333	58
1028	holistic	60	2	2	1.2417547321156512	3.9659067178711034	27.316666666666666	59
1028	conventional	60	1	1	1.7241115894973282	3.2477330595043563	31.6	59
1029	holistic	60	1	1	1.178928930239177	4.058574859924901	27.316666666666666	59
1029	conventional	60	2	2	1.8090439733995423	7.4646938376159016	30.6	59
1030	holistic	60	2	2	1.1832346083967331	3.686246287796503	26.316666666666666	57
1030	conventional	60	2	2	1.6919360566367971	3.4831857849049075	29.6	59
1031	holistic	60	0	0	1.225005427248953	3.5793901793450096	27.316666666666666	58
1031	conventional	60	3	3	1.667131472317422	3.512170911564965	28.566666666666666	59
1032	holistic	60	1	1	1.2100154236365688	3.5555876107753424	28.25	59
1032	conventional	60	2	2	1.770656712491116	4.584990200148345	28.533333333333335	57
1033	holistic	60	1	1	1.1685836174092912	3.2261504843916256	28.25	59
1033	conventional	60	0	0	1.7995866520187498	4.582829659663708	29.533333333333335	58
1034	holistic	60	1	1	1.1558877104348348	3.059519453561003	28.25	58
1034	conventional	60	0	0	1.7266868459768738	3.567938914998781	30.533333333333335	59
1035	holistic	60	0	0	1.1437253254951993	2.6812672994790283	29.25	59
1035	conventional	60	4	4	1.571305600736881	3.3437485858353067	28.466666666666665	59
1036	holistic	60	3	3	1.1439753338956642	2.8938302357513312	27.25	59
1036	conventional	60	2	2	1.5827034060502456	3.4818675811231485	28.4	59
1037	holistic	60	1	1	1.115394392294992	2.560654451750346	27.25	59
1037	conventional	60	1	1	1.739597483627223	4.5202009928090146	28.4	59
1038	holistic	60	1	1	1.0780139960351802	3.059713814418397	27.25	59
1038	conventional	60	1	1	1.6821588366693494	6.0101157992093	28.4	57
1039	holistic	60	1	1	1.0745191818033202	3.1149204197820652	27.25	58
1039	conventional	60	0	0	1.7049274829368668	3.8677642220052686	29.4	58
1040	holistic	60	0	0	1.1061171143791275	2.858351702188727	28.25	59
1040	conventional	60	0	0	1.7794130783149669	3.799567177979924	30.4	59
1041	holistic	60	1	1	1.084301977469445	3.1944143209041105	28.25	57
1041	conventional	60	4	4	1.7020374779711056	3.82497410075907	27.4	57
1042	holistic	60	0	0	1.1391986212938117	3.6090030050555986	29.25	58
1042	conventional	60	1	1	1.8082898601490391	3.717742817265225	28.383333333333333	58
1043	holistic	60	1	1	1.160998647249337	3.021335736047224	30.133333333333333	59
1043	conventional	60	1	1	1.85805222537162	3.739747210473146	29.2	59
1044	holistic	60	1	1	1.140479400561712	3.0608756766202654	30.133333333333333	57
1044	conventional	60	1	1	1.855983013084075	4.488688917650969	29.2	57
1045	holistic	60	0	0	1.1532771308420482	3.0272944793527357	31.133333333333333	58
1045	conventional	60	0	0	1.8086553849157856	4.086835961372565	30.2	58
1046	holistic	60	0	0	1.1373167891285927	3.0590645856236027	32.13333333333333	59
1046	conventional	60	0	0	1.883740794227653	4.033328073114259	31.2	59
1047	holistic	60	2	2	1.1061304299793222	3.147971300472321	31.133333333333333	59
1047	conventional	60	3	3	1.8230856878521993	3.9046161412293645	29.2	59
1048	holistic	60	2	2	1.165036147988064	2.948213176287373	31.05	56
1048	conventional	60	2	2	2.004048764960885	5.501602463526525	28.2	59
1049	holistic	60	0	0	1.183075012771245	2.9803373971294382	32.05	57
1049	conventional	60	1	1	1.9712001167168565	3.91491720706329	28.2	59
1050	holistic	60	1	1	1.1694886632126753	2.8592862943186192	33.016666666666666	58
1050	conventional	60	1	1	1.9208836091745705	3.8190910844268666	28.2	59
1051	holistic	60	0	0	1.1652156322822644	2.941767948123611	34.016666666666666	59
1051	conventional	60	1	1	1.9147505580157145	3.7979931329956798	28.2	59
1052	holistic	60	2	2	1.129054357590311	2.786603911142883	33.016666666666666	58
1052	conventional	60	1	1	1.9095934165041544	3.661024544761705	28.2	59
1053	holistic	60	0	0	1.1469426287335032	2.645369877514075	34.016666666666666	59
1053	conventional	60	3	3	2.0944118178887665	10.493177722887461	27.15	58
1054	holistic	60	4	4	1.079766993738479	2.5590043416540413	31.95	59
1054	conventional	60	0	0	1.9961887315957119	6.489629433980831	28.15	59
1055	holistic	60	2	2	1.1350955996700536	3.799377059073594	31.833333333333332	59
1055	conventional	60	3	3	1.90425345974134	4.970164326549091	26.15	59
1056	holistic	60	1	1	1.1120822744059267	3.5361173353683686	31.833333333333332	59
1056	conventional	60	1	1	2.006395540256883	8.359208493650591	26.15	59
1057	holistic	60	3	3	1.12984265769379	3.3903200538687313	30.783333333333335	59
1057	conventional	60	1	1	1.9701690076763008	3.894013134925605	26.15	59
1058	holistic	60	1	1	1.146144329762735	3.122717711970267	30.783333333333335	58
1058	conventional	60	1	1	1.949313713881257	6.035415990905541	26.15	56
1059	holistic	60	0	0	1.1503068717756322	2.7924202626374828	31.783333333333335	59
1059	conventional	60	0	0	1.935287766385682	6.367125127118451	27.15	57
1060	holistic	60	2	2	1.0938672540075356	2.5649658747959063	31.733333333333334	59
1060	conventional	60	0	0	1.941318669996784	5.572883303380645	28.15	58
1061	holistic	60	2	2	1.1020250464348613	3.248584893582067	30.733333333333334	59
1061	conventional	60	0	0	1.9469864580792928	5.706301859270236	29.15	59
1062	holistic	60	2	2	1.0652284130765668	3.2635007534228873	29.733333333333334	59
1062	conventional	60	1	1	1.8515799269532587	4.801493076062483	29.15	59
1063	holistic	60	1	1	1.0611839568026835	2.5287354244969453	29.733333333333334	59
1063	conventional	60	2	2	1.7530228202357139	4.748433227306009	28.15	59
1064	holistic	60	3	3	1.0169378614814104	2.588744793081523	29.516666666666666	59
1064	conventional	60	1	1	1.7525882652657228	4.477683071613912	28.15	59
1065	holistic	60	2	2	1.13903283230601	3.3669396599120214	29.45	58
1065	conventional	60	1	1	1.9898186194970173	8.49089830840056	28.15	58
1066	holistic	60	0	0	1.1300234004793501	2.567102231044625	30.45	59
1066	conventional	60	0	0	1.924080789984089	4.003290831423113	29.15	59
1067	holistic	60	2	2	1.108713918212099	2.713375836857105	29.45	59
1067	conventional	60	1	1	1.9147854253873433	4.163426828631407	29.15	59
1068	holistic	60	3	3	1.0526363392794287	2.843406572593334	28.383333333333333	58
1068	conventional	60	1	1	1.8447019284979727	4.307665793691021	29.15	59
1069	holistic	60	0	0	1.1244644583299561	5.317235721237781	29.383333333333333	59
1069	conventional	60	1	1	1.8681690734242486	3.8570727143913026	29.15	58
1070	holistic	60	3	3	1.1108921154239506	2.5132923223023327	29.3	59
1070	conventional	60	0	0	1.8324190352052958	3.7309952298630296	30.15	59
1071	holistic	60	1	1	1.1753165941713133	3.906834145574023	29.3	59
1071	conventional	60	1	1	1.7478242686125827	3.767945696744628	30.15	58
1072	holistic	60	3	3	1.1024413610554444	2.4850144965382315	27.3	59
1072	conventional	60	2	2	1.7203669990272958	3.5620470545477563	30.783333333333335	59
1073	holistic	60	1	1	1.1070039886850578	2.501085411541786	27.3	59
1073	conventional	60	1	1	1.7349578202493037	3.6070687643619865	30.783333333333335	58
1074	holistic	60	3	3	1.077042907939566	2.556758515860611	26.233333333333334	59
1074	conventional	60	1	1	1.7707524340666227	3.3639829388175118	31.75	59
1075	holistic	60	2	2	1.1101854348503484	2.8081609636332203	26.166666666666668	58
1075	conventional	60	1	1	1.7661803899188473	3.514255636157092	31.75	59
1076	holistic	60	0	0	1.1221791905755802	2.640817168861846	27.166666666666668	59
1076	conventional	60	3	3	1.6098105230492505	3.226953914834859	29.75	59
1077	holistic	60	4	4	1.1217774048020426	2.857080313552708	26.533333333333335	59
1077	conventional	60	2	2	1.6916829879875557	4.588709328502053	29.716666666666665	59
1078	holistic	60	1	1	1.0608247559345512	2.65347320316889	26.533333333333335	59
1078	conventional	60	2	2	1.7046820250696118	3.9641245482824226	28.716666666666665	57
1079	holistic	60	3	3	1.0630755122930944	2.522452192807778	26.466666666666665	59
1079	conventional	60	0	0	1.7710657018265186	6.48918348456076	29.716666666666665	58
1080	holistic	60	3	3	1.0626626540892283	2.5240385571216017	24.7	59
1080	conventional	60	0	0	1.7542654549623684	4.965395339879252	30.716666666666665	59
1081	holistic	60	2	2	1.020839730917703	2.431635917119761	23.7	58
1081	conventional	60	2	2	1.7378041528198056	4.464403639903202	29.716666666666665	58
1082	holistic	60	1	1	1.1064084533656102	2.852380007238554	24.65	59
1082	conventional	60	0	0	1.7359951494114212	3.4641449681052974	30.716666666666665	59
1083	holistic	60	4	4	1.0478541542577482	2.3130214568629146	22.583333333333332	58
1083	conventional	60	4	4	1.658882447170781	3.2649178683862323	27.716666666666665	59
1084	holistic	60	0	0	1.1089102574648209	2.873294870322709	23.583333333333332	59
1084	conventional	60	1	1	1.7459656079163184	3.7977807325628326	27.716666666666665	56
1085	holistic	60	2	2	1.0544610189358825	2.4701290880321127	23.55	57
1085	conventional	60	0	0	1.7137611812631246	3.464214765073425	28.716666666666665	57
1086	holistic	60	1	1	1.0759067463562608	2.3027155432529436	24.483333333333334	58
1086	conventional	60	3	3	1.7770049574014455	3.8389907654449944	29.583333333333332	58
1087	holistic	60	0	0	1.063433175726831	2.2409736842008123	25.483333333333334	59
1087	conventional	60	0	0	1.7136253779259347	3.4638377966234337	30.583333333333332	59
1088	holistic	60	2	2	1.0960232210011023	2.286421257867106	25.3	59
1088	conventional	60	1	1	1.690090592773114	3.1673840582087123	30.583333333333332	59
1089	holistic	60	1	1	1.0479779850333633	2.169198473366063	25.3	59
1089	conventional	60	1	1	1.7018170501125034	3.281819862428371	30.583333333333332	59
1090	holistic	60	2	2	1.0370502542497835	2.2839980001995204	24.3	58
1090	conventional	60	1	1	1.7699593139046332	6.311828940048581	30.583333333333332	59
1091	holistic	60	0	0	1.0551457837250362	2.881190057041781	25.3	59
1091	conventional	60	2	2	1.6996466731521347	6.3064126532974285	29.583333333333332	56
1092	holistic	60	1	1	1.0622030371059294	2.782732052349363	25.3	59
1092	conventional	60	0	0	1.720497287162425	5.972251964735932	30.583333333333332	57
1093	holistic	60	2	2	1.0369437917823	2.4268961776069253	25.25	57
1093	conventional	60	0	0	1.695141044199359	4.562607432745082	31.583333333333332	58
1094	holistic	60	1	1	1.1146105046953863	3.8158662181632055	26.183333333333334	58
1094	conventional	60	0	0	1.7226836848713536	4.712957670603354	32.583333333333336	59
1095	holistic	60	0	0	1.0592996609704943	2.2477334225042234	27.183333333333334	59
1095	conventional	60	5	5	1.540221217563413	4.647212780791588	29.5	59
1096	holistic	60	3	3	1.0444252030772023	2.475718915597691	26.116666666666667	59
1096	conventional	60	2	2	1.4839797280976585	4.457349833852038	28.5	59
1097	holistic	60	1	1	1.1082728389719398	2.6871039627686297	26.116666666666667	59
1097	conventional	60	3	3	1.4718656193952624	4.188062845988649	28.433333333333334	59
1098	holistic	60	1	1	1.09828606040657	3.15966530829925	26.116666666666667	59
1098	conventional	60	2	2	1.4744796942315248	4.09220894236576	28.4	57
1099	holistic	60	1	1	1.1096549128254753	2.9854642027038203	26.116666666666667	58
1099	conventional	60	0	0	1.5034521070216489	3.7106567959301664	29.4	58
1100	holistic	60	1	1	1.1259562068290319	2.9067522542946795	27.066666666666666	59
1100	conventional	60	0	0	1.5546380099632382	3.76536835819724	30.4	59
1101	holistic	60	1	1	1.1599049583880705	3.737617944351918	27.066666666666666	57
1101	conventional	60	3	3	1.4728006303480699	3.562966843974958	28.4	59
1102	holistic	60	0	0	1.1332858017327787	2.90342402627622	28.066666666666666	58
1102	conventional	60	1	1	1.4227673529756732	3.313066297689876	28.4	59
1103	holistic	60	0	0	1.1030246800236796	2.996601222043266	29.066666666666666	59
1103	conventional	60	2	2	1.470135705566768	3.17002313039375	28.366666666666667	59
1104	holistic	60	1	1	1.0891061641307418	2.565269756606232	29.066666666666666	57
1104	conventional	60	1	1	1.5503325765155374	3.2134113588369866	28.366666666666667	57
1105	holistic	60	1	1	1.0938795487839112	2.5151043098907193	30.0	58
1105	conventional	60	0	0	1.585932272290077	3.370895504490057	29.366666666666667	58
1106	holistic	60	0	0	1.1176213324823376	2.482243236766141	31.0	59
1106	conventional	60	0	0	1.6311161901376212	4.3299585627993205	30.366666666666667	59
1107	holistic	60	4	4	1.1005564308038074	2.431789283810008	29.65	55
1107	conventional	60	4	4	1.5314819545122673	3.4768022355276527	28.183333333333334	59
1108	holistic	60	0	0	1.2455982693358192	3.8734221947972105	30.65	56
1108	conventional	60	2	2	1.667401151260392	8.501725503233237	27.183333333333334	59
1109	holistic	60	0	0	1.2319140831849091	2.518221582291755	31.65	57
1109	conventional	60	1	1	1.6132288830828065	5.500975461821587	27.183333333333334	58
1110	holistic	60	0	0	1.2482920542511298	3.5473418326400528	32.65	58
1110	conventional	60	1	1	1.5263832837095708	4.838946321534703	28.083333333333332	59
1111	holistic	60	0	0	1.2402468179642052	2.885503539404307	33.65	59
1111	conventional	60	1	1	1.5280719318096143	4.258062435890068	28.083333333333332	59
1112	holistic	60	1	1	1.1946034018758735	2.8889724965191883	33.65	58
1112	conventional	60	1	1	1.5235767734341938	4.505671121840846	28.083333333333332	59
1113	holistic	60	0	0	1.2455219848050965	3.151640629870404	34.65	59
1113	conventional	60	3	3	1.5413312722169168	5.337911148733358	27.033333333333335	58
1114	holistic	60	2	2	1.148914367027225	3.3880776080456334	33.65	59
1114	conventional	60	2	2	1.5680009971355466	4.795004702716056	27.733333333333334	59
1115	holistic	60	2	2	1.1058531009683663	3.317146869188744	32.65	59
1115	conventional	60	3	3	1.5940700607725127	8.525943605147933	25.733333333333334	59
1116	holistic	60	1	1	1.2377197795841728	5.473358182630512	32.65	59
1116	conventional	60	2	2	1.553361186752801	4.542013551509058	25.583333333333332	59
1117	holistic	60	2	2	1.1980281623508613	3.4995930348056543	31.65	59
1117	conventional	60	2	2	1.5422680181943131	4.11514756424691	25.533333333333335	59
1118	holistic	60	1	1	1.2412339049601677	3.3636414983490694	31.65	58
1118	conventional	60	1	1	1.6826339039801959	4.4455866670271345	25.533333333333335	56
1119	holistic	60	0	0	1.246921902666973	3.3181870311938604	32.65	59
1119	conventional	60	0	0	1.63258487364097	3.5131598954493515	26.533333333333335	57
1120	holistic	60	2	2	1.172763015375295	3.280219156845229	31.65	58
1120	conventional	60	1	1	1.5348684846141472	3.7441839269652033	27.5	58
1121	holistic	60	0	0	1.263744737750837	3.6047841850494473	32.65	59
1121	conventional	60	1	1	1.4864666553067267	3.654753789709769	28.333333333333332	59
1122	holistic	60	3	3	1.1990701176338292	3.4853475374125433	31.583333333333332	59
1122	conventional	60	1	1	1.4867634552486408	3.5796067474724116	28.333333333333332	59
1123	holistic	60	1	1	1.2313462957741281	3.3184673176406445	31.583333333333332	59
1123	conventional	60	3	3	1.3969484287376228	4.0743626159720225	27.283333333333335	59
1124	holistic	60	2	2	1.1996799245301752	3.288746764943769	30.583333333333332	59
1124	conventional	60	1	1	1.4537682017295739	3.807219170770161	27.283333333333335	59
1125	holistic	60	2	2	1.1821780421671875	3.095903317104007	29.583333333333332	57
1125	conventional	60	1	1	1.4007679943931401	3.681267250995573	27.283333333333335	58
1126	holistic	60	0	0	1.2828746961060322	3.028356134990304	30.583333333333332	58
1126	conventional	60	0	0	1.5194919810081116	3.5660766158787722	28.283333333333335	59
1127	holistic	60	0	0	1.2951302836222487	2.9178042673970688	31.583333333333332	59
1127	conventional	60	1	1	1.6374939213318276	8.026449778716879	28.283333333333335	59
1128	holistic	60	2	2	1.1906710340717983	2.865142318497376	30.583333333333332	58
1128	conventional	60	1	1	1.5299379650321117	5.543308725993021	28.283333333333335	57
1129	holistic	60	0	0	1.187503089404953	2.8629481777207904	31.583333333333332	59
1129	conventional	60	0	0	1.6409024416800426	5.537558137019358	29.283333333333335	58
1130	holistic	60	2	2	1.140487522649076	2.8610971666231597	30.583333333333332	58
1130	conventional	60	0	0	1.6112154573717368	4.335352524604731	30.283333333333335	59
1131	holistic	60	1	1	1.168918083623674	2.984292425183003	31.45	59
1131	conventional	60	1	1	1.7245468384607245	4.46918811958133	30.283333333333335	59
1132	holistic	60	4	4	1.1435166171212143	3.0178854901315066	29.383333333333333	59
1132	conventional	60	1	1	1.7073589701801022	3.544842608222631	30.283333333333335	59
1133	holistic	60	1	1	1.143040436307115	2.8949223965827384	29.383333333333333	59
1133	conventional	60	1	1	1.6790528063476429	3.4189213300457695	30.283333333333335	59
1134	holistic	60	3	3	1.136553130378131	2.855104264750659	28.35	59
1134	conventional	60	1	1	1.7347516908214573	4.465943937528619	30.283333333333335	58
1135	holistic	60	2	2	1.0927831826969707	2.8537065022528134	27.35	58
1135	conventional	60	0	0	1.7892210932564956	4.324233916597359	31.283333333333335	59
1136	holistic	60	2	2	1.1361336891556806	3.0938272585611655	28.25	59
1136	conventional	60	3	3	1.6664554095634474	4.0919241167100715	29.283333333333335	59
1137	holistic	60	2	2	1.1864088717069512	3.7674476008786346	28.2	59
1137	conventional	60	2	2	1.7508294856215465	9.485204903323059	28.283333333333335	59
1138	holistic	60	1	1	1.1779506060767497	3.276088470204711	28.2	59
1138	conventional	60	3	3	1.6269205076801714	4.976484375213212	27.25	57
1139	holistic	60	1	1	1.18852871791551	3.099136662500396	28.2	59
1139	conventional	60	1	1	1.7822004920688346	3.92115446282515	28.2	58
1140	holistic	60	3	3	1.1652018901561279	3.09058039462517	26.2	59
1140	conventional	60	0	0	1.7024977765501323	4.4688046313831595	29.2	59
1141	holistic	60	3	3	1.1528660335508003	3.111789955015793	25.133333333333333	58
1141	conventional	60	2	2	1.657756436462533	4.270887765984993	28.2	58
1142	holistic	60	0	0	1.1684002389473247	3.2498605581556754	26.133333333333333	59
1142	conventional	60	1	1	1.681563973651751	3.803324602068512	29.183333333333334	59
1143	holistic	60	5	5	1.132660726328463	3.7546927320897368	23.816666666666666	58
1143	conventional	60	2	2	1.6235139870236384	3.601818922603889	28.183333333333334	57
1144	holistic	60	1	1	1.2200103988675073	3.501827305626379	24.75	59
1144	conventional	60	0	0	1.668366648146391	3.9298261916418835	29.183333333333334	58
1145	holistic	60	2	2	1.1911793006835496	3.0284115894992123	23.75	59
1145	conventional	60	0	0	1.6438142825678888	3.8438831781386833	30.183333333333334	59
1146	holistic	60	1	1	1.1786042055742822	3.023142398702068	23.75	58
1146	conventional	60	3	3	1.5590276105420295	3.7940821754504044	28.183333333333334	58
1147	holistic	60	1	1	1.1712448121837369	2.9431628926294393	24.716666666666665	59
1147	conventional	60	0	0	1.5725377056597964	3.5133448126552955	29.183333333333334	59
1148	holistic	60	4	4	1.1815590402786138	2.867229222507023	23.45	55
1148	conventional	60	1	1	1.6813044917937068	3.4650234110702858	29.183333333333334	59
1149	holistic	60	0	0	1.1691090203709242	2.8421541931973895	24.45	56
1149	conventional	60	2	2	1.7521537145683288	3.489368488228928	28.5	58
1150	holistic	60	0	0	1.1852432555411148	2.81839973749578	25.45	57
1150	conventional	60	0	0	1.8279448624582686	4.550635061266474	29.5	59
1151	holistic	60	0	0	1.211319069099257	2.772886883123198	26.45	58
1151	conventional	60	2	2	1.6982272272847212	3.3999560601803154	28.5	56
1152	holistic	60	1	1	1.2343561596278407	2.795800157114329	27.383333333333333	59
1152	conventional	60	0	0	1.674263636667339	3.3802979617664897	29.5	57
1153	holistic	60	2	2	1.254525864025484	3.7441713129347294	26.383333333333333	59
1153	conventional	60	0	0	1.6360386888402632	3.33995499753815	30.5	58
1154	holistic	60	1	1	1.2067344466752723	2.817852213426207	26.383333333333333	58
1154	conventional	60	1	1	1.6583483862151889	3.3012786428081315	31.45	59
1155	holistic	60	1	1	1.2385681869982155	2.7712770171801755	27.183333333333334	59
1155	conventional	60	3	3	1.5363814429230405	3.243123967508792	29.45	58
1156	holistic	60	3	3	1.192955790203619	2.7157417943014783	25.183333333333334	58
1156	conventional	60	0	0	1.5437596668458313	3.2491825696297414	30.45	59
1157	holistic	60	0	0	1.1958009077059193	3.1405169987576103	26.183333333333334	59
1157	conventional	60	2	2	1.5267111019327424	3.174354109330032	29.45	59
1158	holistic	60	1	1	1.1469536061563927	2.680411109667501	26.183333333333334	59
1158	conventional	60	2	2	1.469374196010775	3.1033228651011067	28.45	57
1159	holistic	60	1	1	1.13581344056671	2.644552370204095	26.183333333333334	59
1159	conventional	60	0	0	1.464871954741667	3.1880017541916628	29.45	58
1160	holistic	60	2	2	1.1253223953675444	2.5911911465300954	26.116666666666667	55
1160	conventional	60	0	0	1.4879437476526471	3.1390861089874806	30.45	59
1161	holistic	60	0	0	1.1447096983991984	2.577112198521008	27.116666666666667	56
1161	conventional	60	2	2	1.4288824486570684	3.0909943610799537	29.45	59
1162	holistic	60	1	1	1.148170239686108	2.545268543745572	28.05	57
1162	conventional	60	4	4	1.4579185119049731	3.3495468551315857	29.216666666666665	59
1163	holistic	60	2	2	1.1481266062712938	2.5145424795400997	28.933333333333334	58
1163	conventional	60	3	3	1.472125047382624	6.3120603772606145	28.083333333333332	56
1164	holistic	60	0	0	1.2415059396770842	4.662600761873174	29.933333333333334	59
1164	conventional	60	0	0	1.6089593586959068	5.5549848537782305	29.083333333333332	57
1165	holistic	60	1	1	1.2150934598753849	3.66091420252489	29.933333333333334	58
1165	conventional	60	3	3	1.5703834279968356	5.546316496558485	29.766666666666666	58
1166	holistic	60	1	1	1.227688683632322	3.3215022962616634	30.883333333333333	59
1166	conventional	60	0	0	1.748304748092336	5.4942733319440356	30.766666666666666	59
1167	holistic	60	4	4	1.0795723164437843	2.649063513428775	27.883333333333333	55
1167	conventional	60	4	4	1.619862815906455	4.552589939082279	28.733333333333334	59
1168	holistic	60	1	1	1.1328535021896422	2.8525393260824465	28.683333333333334	56
1168	conventional	60	1	1	1.7425619031937127	5.5362518130576435	28.733333333333334	59
1169	holistic	60	0	0	1.141555922535299	2.4858065701678824	29.683333333333334	57
1169	conventional	60	1	1	1.6137328990960909	3.844656970475891	28.733333333333334	57
1170	holistic	60	0	0	1.1991158550266823	2.653734542158212	30.683333333333334	58
1170	conventional	60	0	0	1.5919706796193007	3.9837561249520337	29.733333333333334	58
1171	holistic	60	0	0	1.2048271541278193	3.031146757702539	31.683333333333334	59
1171	conventional	60	1	1	1.5803808042922607	3.5644715852125857	30.683333333333334	59
1172	holistic	60	1	1	1.197994307586159	2.989557679383171	31.683333333333334	58
1172	conventional	60	1	1	1.52369676691718	3.40124152037424	30.683333333333334	59
1173	holistic	60	1	1	1.1763126030828355	2.6558921701627454	32.36666666666667	59
1173	conventional	60	2	2	1.5589793452106266	3.514650463132385	29.683333333333334	59
1174	holistic	60	2	2	1.1757437965279969	2.384889068695625	31.366666666666667	59
1174	conventional	60	2	2	1.5632862975859658	3.878116472008975	29.666666666666668	59
1175	holistic	60	2	2	1.2561990227636906	3.6325941718136616	30.366666666666667	59
1175	conventional	60	3	3	1.5122224995416136	3.765143387672629	27.666666666666668	59
1176	holistic	60	1	1	1.1921535698502737	2.2536337652607448	30.366666666666667	59
1176	conventional	60	3	3	1.4080945148640478	3.59402256782216	26.633333333333333	59
1177	holistic	60	2	2	1.13776216137788	2.217703082024774	29.366666666666667	57
1177	conventional	60	3	3	1.517582805518017	7.420738008857006	25.6	56
1178	holistic	60	0	0	1.15250901626471	2.2311348339356205	30.366666666666667	58
1178	conventional	60	0	0	1.744237218977859	5.400431211169092	26.6	57
1179	holistic	60	1	1	1.2012480975812232	2.1971412516343354	31.3	59
1179	conventional	60	0	0	1.6577281355380156	3.732958761709971	27.6	58
1180	holistic	60	2	2	1.2223428353290866	2.5421826659706164	30.3	58
1180	conventional	60	0	0	1.7690589747950936	4.556396466908454	28.6	59
1181	holistic	60	1	1	1.292852469670205	3.7673097957236115	31.066666666666666	59
1181	conventional	60	2	2	1.6629525093269082	3.96256658913367	28.366666666666667	59
1182	holistic	60	3	3	1.2198402554582988	4.268536213132338	29.066666666666666	58
1182	conventional	60	1	1	1.6362202855691577	3.469892289240044	28.366666666666667	59
1183	holistic	60	0	0	1.1999295308229838	3.4332824853991712	30.066666666666666	59
1183	conventional	60	3	3	1.4949377635676693	3.468858566959529	26.366666666666667	59
1184	holistic	60	2	2	1.1792815446369338	2.7658689685929425	29.066666666666666	59
1184	conventional	60	1	1	1.6289343432844583	3.565508206253124	26.366666666666667	59
1185	holistic	60	3	3	1.231327880772771	4.448028629445334	28.0	57
1185	conventional	60	1	1	1.6302598934141985	5.021689475340874	26.366666666666667	58
1186	holistic	60	0	0	1.2696258301131944	2.782199885490501	29.0	58
1186	conventional	60	0	0	1.57600406181852	3.7336807877632685	27.366666666666667	59
1187	holistic	60	1	1	1.1809869909632063	2.3446482507524498	29.916666666666668	59
1187	conventional	60	2	2	1.589402828082644	4.283173810761854	27.266666666666666	59
1188	holistic	60	1	1	1.1538869639148983	2.3639125031273616	29.916666666666668	58
1188	conventional	60	1	1	1.593287191508772	4.327593066098961	27.266666666666666	57
1189	holistic	60	1	1	1.2371595569994407	3.256581915493045	30.716666666666665	59
1189	conventional	60	0	0	1.5392993157130168	4.028842693534691	28.266666666666666	58
1190	holistic	60	2	2	1.2300539694493235	3.616252972530789	29.716666666666665	59
1190	conventional	60	1	1	1.5570673907120043	3.885982598133483	29.233333333333334	59
1191	holistic	60	1	1	1.2269277525209932	3.0252686438962857	29.716666666666665	59
1191	conventional	60	1	1	1.5694801020216376	3.800930910563427	29.233333333333334	59
1192	holistic	60	1	1	1.2520984192431586	3.3430372234285297	29.716666666666665	59
1192	conventional	60	1	1	1.5762294885242407	3.6887210072432546	29.233333333333334	59
1193	holistic	60	1	1	1.2413910926748069	2.8414149866180156	29.716666666666665	59
1193	conventional	60	1	1	1.58813625238336	3.6172960066112023	29.233333333333334	59
1194	holistic	60	1	1	1.233573070907305	3.0899582713772435	29.716666666666665	59
1194	conventional	60	1	1	1.5749968617493673	3.5175194806786276	29.233333333333334	58
1195	holistic	60	1	1	1.2553031497486464	2.8397326726242644	29.716666666666665	59
1195	conventional	60	0	0	1.7101927762482954	6.482171558151989	30.233333333333334	59
1196	holistic	60	1	1	1.262101110439351	2.9656760415868177	29.716666666666665	59
1196	conventional	60	1	1	1.5670223182586442	3.457185124381949	30.233333333333334	59
1197	holistic	60	1	1	1.262602625163917	2.9834165993134882	29.716666666666665	59
1197	conventional	60	2	2	1.5796814132745984	3.5425826676383974	29.233333333333334	59
1198	holistic	60	1	1	1.2576909751951746	3.237908010579408	29.716666666666665	59
1198	conventional	60	3	3	1.5319863509834148	5.042181539743231	27.233333333333334	59
1199	holistic	60	2	2	1.194009838911157	2.7967230743589044	29.583333333333332	59
1199	conventional	60	1	1	1.554998784639185	3.891544586894143	27.233333333333334	58
