season   0 holistic     alive  59 births  3 deaths  4 best lifetime 1.973 mean 0.040 max age 57  season   0 conventional alive  60 births  2 deaths  2 best lifetime 2.108 mean -0.170 max age 58  (5.9s)
season   1 holistic     alive  60 births  1 deaths  0 best lifetime 1.465 mean 0.022 max age 58  season   1 conventional alive  60 births  0 deaths  0 best lifetime 1.245 mean -0.154 max age 59  (5.8s)
season   2 holistic     alive  60 births  0 deaths  0 best lifetime 0.966 mean 0.011 max age 59  season   2 conventional alive  60 births  9 deaths  9 best lifetime 1.138 mean -0.046 max age 59  (6.2s)
season   3 holistic     alive  59 births  1 deaths  2 best lifetime 0.966 mean 0.017 max age 59  season   3 conventional alive  60 births 11 deaths 11 best lifetime 2.531 mean 0.198 max age 59  (6.1s)
season   4 holistic     alive  56 births  1 deaths  4 best lifetime 1.166 mean 0.030 max age 59  season   4 conventional alive  60 births  8 deaths  8 best lifetime 3.456 mean 0.382 max age 59  (5.9s)
season   5 holistic     alive  57 births  2 deaths  1 best lifetime 1.299 mean 0.036 max age 59  season   5 conventional alive  60 births  5 deaths  5 best lifetime 3.449 mean 0.490 max age 56  (5.8s)
season   6 holistic     alive  56 births  2 deaths  3 best lifetime 1.109 mean 0.046 max age 58  season   6 conventional alive  60 births  2 deaths  2 best lifetime 2.426 mean 0.489 max age 57  (5.7s)
season   7 holistic     alive  55 births  1 deaths  2 best lifetime 0.967 mean 0.064 max age 59  season   7 conventional alive  60 births  2 deaths  2 best lifetime 7.327 mean 0.619 max age 58  (5.5s)
season   8 holistic     alive  53 births  2 deaths  4 best lifetime 1.272 mean 0.070 max age 59  season   8 conventional alive  60 births  9 deaths  9 best lifetime 4.351 mean 0.508 max age 59  (5.6s)
season   9 holistic     alive  52 births  2 deaths  3 best lifetime 1.968 mean 0.100 max age 59  season   9 conventional alive  60 births  8 deaths  8 best lifetime 2.703 mean 0.435 max age 52  (5.7s)
season  10 holistic     alive  49 births  2 deaths  5 best lifetime 1.078 mean 0.105 max age 59  season  10 conventional alive  60 births  6 deaths  6 best lifetime 2.567 mean 0.528 max age 53  (5.6s)
season  11 holistic     alive  14 births  2 deaths 37 best lifetime 0.967 mean 0.333 max age 38  season  11 conventional alive  60 births  9 deaths  9 best lifetime 3.498 mean 0.649 max age 54  (5.2s)
season  12 holistic     alive  16 births  2 deaths  0 best lifetime 1.298 mean 0.299 max age 39  season  12 conventional alive  60 births  1 deaths  1 best lifetime 6.406 mean 0.708 max age 55  (4.1s)
season  13 holistic     alive  18 births  3 deaths  1 best lifetime 2.798 mean 0.456 max age 40  season  13 conventional alive  60 births  4 deaths  4 best lifetime 3.400 mean 0.676 max age 56  (3.9s)
season  14 holistic     alive  20 births  3 deaths  1 best lifetime 1.298 mean 0.423 max age 41  season  14 conventional alive  60 births  1 deaths  1 best lifetime 2.083 mean 0.684 max age 57  (4.3s)
WARNING: Nan, Inf or huge value in QACC at DOF 20. The simulation is unstable. Time = 12.3550.

season  15 holistic     alive  26 births  8 deaths  2 best lifetime 2.797 mean 0.614 max age 42  season  15 conventional alive  60 births  2 deaths  2 best lifetime 1.893 mean 0.653 max age 58  (4.4s)
season  16 holistic     alive  36 births 10 deaths  0 best lifetime 2.966 mean 0.599 max age 43  season  16 conventional alive  60 births  3 deaths  3 best lifetime 1.923 mean 0.711 max age 59  (4.3s)
WARNING: Nan, Inf or huge value in QACC at DOF 14. The simulation is unstable. Time = 12.4700.

season  17 holistic     alive  50 births 15 deaths  1 best lifetime 5.654 mean 0.676 max age 44  season  17 conventional alive  60 births  3 deaths  3 best lifetime 2.095 mean 0.721 max age 56  (5.0s)
season  18 holistic     alive  59 births  9 deaths  0 best lifetime 3.660 mean 0.571 max age 45  season  18 conventional alive  60 births  2 deaths  2 best lifetime 2.391 mean 0.675 max age 57  (5.2s)
season  19 holistic     alive  60 births  3 deaths  2 best lifetime 4.067 mean 0.975 max age 46  season  19 conventional alive  60 births  0 deaths  0 best lifetime 1.945 mean 0.685 max age 58  (5.7s)
season  20 holistic     alive  60 births  3 deaths  3 best lifetime 8.800 mean 1.078 max age 47  season  20 conventional alive  60 births  0 deaths  0 best lifetime 2.463 mean 0.665 max age 59  (5.4s)
season  21 holistic     alive  60 births  7 deaths  7 best lifetime 5.791 mean 0.878 max age 48  season  21 conventional alive  60 births  7 deaths  7 best lifetime 1.719 mean 0.610 max age 58  (5.4s)
season  22 holistic     alive  60 births  1 deaths  1 best lifetime 3.792 mean 0.904 max age 49  season  22 conventional alive  60 births  0 deaths  0 best lifetime 1.454 mean 0.594 max age 59  (5.5s)
season  23 holistic     alive  60 births  2 deaths  2 best lifetime 2.848 mean 0.883 max age 50  season  23 conventional alive  60 births  4 deaths  4 best lifetime 1.540 mean 0.616 max age 55  (5.5s)
season  24 holistic     alive  60 births  2 deaths  2 best lifetime 2.683 mean 0.849 max age 51  season  24 conventional alive  60 births  3 deaths  3 best lifetime 1.578 mean 0.567 max age 56  (5.6s)
season  25 holistic     alive  60 births  3 deaths  3 best lifetime 2.279 mean 0.789 max age 52  season  25 conventional alive  60 births  5 deaths  5 best lifetime 1.977 mean 0.595 max age 57  (5.7s)
season  26 holistic     alive  60 births  0 deaths  0 best lifetime 3.841 mean 0.868 max age 53  season  26 conventional alive  60 births  4 deaths  4 best lifetime 2.509 mean 0.604 max age 58  (5.6s)
season  27 holistic     alive  60 births  2 deaths  2 best lifetime 2.839 mean 0.912 max age 54  season  27 conventional alive  60 births  2 deaths  2 best lifetime 2.427 mean 0.653 max age 59  (5.7s)
WARNING: Nan, Inf or huge value in QACC at DOF 34. The simulation is unstable. Time = 5.2450.

season  28 holistic     alive  60 births  0 deaths  0 best lifetime 2.249 mean 0.948 max age 55  season  28 conventional alive  60 births  4 deaths  4 best lifetime 3.308 mean 0.685 max age 55  (5.7s)
season  29 holistic     alive  60 births  2 deaths  2 best lifetime 2.212 mean 0.966 max age 56  season  29 conventional alive  60 births  1 deaths  1 best lifetime 2.650 mean 0.638 max age 56  (5.5s)
season  30 holistic     alive  60 births  1 deaths  1 best lifetime 2.106 mean 0.959 max age 57  season  30 conventional alive  60 births  5 deaths  5 best lifetime 3.392 mean 0.662 max age 57  (5.8s)
season  31 holistic     alive  60 births  1 deaths  1 best lifetime 2.002 mean 0.922 max age 58  season  31 conventional alive  60 births  0 deaths  0 best lifetime 2.532 mean 0.625 max age 58  (5.7s)
season  32 holistic     alive  60 births  2 deaths  2 best lifetime 1.920 mean 0.947 max age 59  season  32 conventional alive  60 births  5 deaths  5 best lifetime 2.169 mean 0.611 max age 59  (5.5s)
season  33 holistic     alive  60 births  2 deaths  2 best lifetime 1.783 mean 1.002 max age 32  season  33 conventional alive  60 births  2 deaths  2 best lifetime 2.337 mean 0.609 max age 58  (5.7s)
season  34 holistic     alive  60 births  1 deaths  1 best lifetime 1.778 mean 0.971 max age 33  season  34 conventional alive  60 births  2 deaths  2 best lifetime 2.090 mean 0.644 max age 59  (5.4s)
season  35 holistic     alive  60 births  0 deaths  0 best lifetime 1.848 mean 1.015 max age 34  season  35 conventional alive  60 births  3 deaths  3 best lifetime 2.007 mean 0.652 max age 54  (5.5s)
season  36 holistic     alive  60 births  0 deaths  0 best lifetime 1.904 mean 1.019 max age 35  season  36 conventional alive  60 births  1 deaths  1 best lifetime 2.241 mean 0.613 max age 55  (6.0s)
WARNING: Nan, Inf or huge value in QACC at DOF 20. The simulation is unstable. Time = 3.9450.

season  37 holistic     alive  60 births  1 deaths  1 best lifetime 2.364 mean 1.012 max age 36  season  37 conventional alive  60 births  4 deaths  4 best lifetime 2.250 mean 0.623 max age 56  (5.9s)
WARNING: Nan, Inf or huge value in QACC at DOF 9. The simulation is unstable. Time = 5.1300.

season  38 holistic     alive  60 births  1 deaths  1 best lifetime 2.431 mean 0.994 max age 37  season  38 conventional alive  60 births  1 deaths  1 best lifetime 2.007 mean 0.618 max age 57  (5.6s)
season  39 holistic     alive  60 births  0 deaths  0 best lifetime 2.744 mean 1.086 max age 38  season  39 conventional alive  60 births  2 deaths  2 best lifetime 1.802 mean 0.679 max age 58  (5.7s)
season  40 holistic     alive  60 births  0 deaths  0 best lifetime 2.264 mean 1.084 max age 39  season  40 conventional alive  60 births  1 deaths  1 best lifetime 1.627 mean 0.712 max age 59  (5.7s)
season  41 holistic     alive  60 births  0 deaths  0 best lifetime 2.431 mean 1.097 max age 40  season  41 conventional alive  60 births  2 deaths  2 best lifetime 1.475 mean 0.663 max age 56  (5.6s)
season  42 holistic     alive  60 births  0 deaths  0 best lifetime 2.265 mean 1.082 max age 41  season  42 conventional alive  60 births  2 deaths  2 best lifetime 2.143 mean 0.739 max age 57  (5.4s)
season  43 holistic     alive  60 births  0 deaths  0 best lifetime 2.129 mean 1.068 max age 42  season  43 conventional alive  60 births  1 deaths  1 best lifetime 2.542 mean 0.721 max age 58  (5.5s)
WARNING: Nan, Inf or huge value in QACC at DOF 15. The simulation is unstable. Time = 4.1450.

season  44 holistic     alive  60 births  0 deaths  0 best lifetime 2.181 mean 1.080 max age 43  season  44 conventional alive  60 births  4 deaths  4 best lifetime 2.095 mean 0.683 max age 59  (5.4s)
season  45 holistic     alive  60 births  0 deaths  0 best lifetime 2.072 mean 1.081 max age 44  season  45 conventional alive  60 births  2 deaths  2 best lifetime 2.452 mean 0.704 max age 51  (5.4s)
season  46 holistic     alive  60 births  0 deaths  0 best lifetime 1.907 mean 1.057 max age 45  season  46 conventional alive  60 births  2 deaths  2 best lifetime 1.493 mean 0.647 max age 52  (5.5s)
season  47 holistic     alive  60 births  0 deaths  0 best lifetime 1.831 mean 1.088 max age 46  season  47 conventional alive  60 births  2 deaths  2 best lifetime 1.485 mean 0.702 max age 53  (5.8s)
season  48 holistic     alive  60 births  0 deaths  0 best lifetime 1.782 mean 1.102 max age 47  season  48 conventional alive  60 births  0 deaths  0 best lifetime 1.677 mean 0.798 max age 54  (5.8s)
season  49 holistic     alive  60 births  0 deaths  0 best lifetime 1.789 mean 1.076 max age 48  season  49 conventional alive  60 births  0 deaths  0 best lifetime 1.429 mean 0.743 max age 55  (5.5s)
season  50 holistic     alive  60 births  0 deaths  0 best lifetime 1.726 mean 1.060 max age 49  season  50 conventional alive  60 births  0 deaths  0 best lifetime 1.468 mean 0.728 max age 56  (5.5s)
season  51 holistic     alive  60 births  0 deaths  0 best lifetime 1.754 mean 1.049 max age 50  season  51 conventional alive  60 births  1 deaths  1 best lifetime 1.504 mean 0.705 max age 57  (5.4s)
season  52 holistic     alive  60 births  0 deaths  0 best lifetime 1.890 mean 1.058 max age 51  season  52 conventional alive  60 births  2 deaths  2 best lifetime 1.806 mean 0.708 max age 58  (5.6s)
season  53 holistic     alive  60 births  0 deaths  0 best lifetime 1.857 mean 1.056 max age 52  season  53 conventional alive  60 births  1 deaths  1 best lifetime 1.826 mean 0.737 max age 59  (5.5s)
season  54 holistic     alive  60 births  0 deaths  0 best lifetime 1.852 mean 1.061 max age 53  season  54 conventional alive  60 births  3 deaths  3 best lifetime 1.846 mean 0.707 max age 59  (5.6s)
season  55 holistic     alive  60 births  0 deaths  0 best lifetime 1.812 mean 1.068 max age 54  season  55 conventional alive  60 births  3 deaths  3 best lifetime 2.330 mean 0.743 max age 59  (5.6s)
WARNING: Nan, Inf or huge value in QACC at DOF 10. The simulation is unstable. Time = 5.3650.

season  56 holistic     alive  60 births  0 deaths  0 best lifetime 1.785 mean 1.057 max age 55  season  56 conventional alive  60 births  1 deaths  1 best lifetime 3.545 mean 0.753 max age 58  (5.4s)
season  57 holistic     alive  60 births  0 deaths  0 best lifetime 1.834 mean 1.045 max age 56  season  57 conventional alive  60 births  0 deaths  0 best lifetime 3.356 mean 0.802 max age 59  (5.4s)
season  58 holistic     alive  60 births  0 deaths  0 best lifetime 1.808 mean 1.035 max age 57  season  58 conventional alive  60 births  1 deaths  1 best lifetime 2.358 mean 0.771 max age 58  (5.4s)
season  59 holistic     alive  60 births  0 deaths  0 best lifetime 1.830 mean 1.031 max age 58  season  59 conventional alive  60 births  0 deaths  0 best lifetime 2.958 mean 0.781 max age 59  (5.4s)
season  60 holistic     alive  60 births  0 deaths  0 best lifetime 1.782 mean 1.026 max age 59  season  60 conventional alive  60 births  2 deaths  2 best lifetime 3.023 mean 0.750 max age 58  (5.4s)
season  61 holistic     alive  60 births  1 deaths  1 best lifetime 1.759 mean 0.999 max age 57  season  61 conventional alive  60 births  1 deaths  1 best lifetime 2.642 mean 0.749 max age 59  (5.5s)
season  62 holistic     alive  60 births  0 deaths  0 best lifetime 1.874 mean 1.020 max age 58  season  62 conventional alive  60 births  4 deaths  4 best lifetime 2.357 mean 0.687 max age 59  (5.5s)
season  63 holistic     alive  60 births  0 deaths  0 best lifetime 1.715 mean 1.003 max age 59  season  63 conventional alive  60 births  4 deaths  4 best lifetime 3.377 mean 0.739 max age 59  (5.3s)
season  64 holistic     alive  60 births  1 deaths  1 best lifetime 1.874 mean 1.000 max age 58  season  64 conventional alive  60 births  3 deaths  3 best lifetime 2.438 mean 0.719 max age 58  (5.4s)
season  65 holistic     alive  60 births  0 deaths  0 best lifetime 1.636 mean 1.006 max age 59  season  65 conventional alive  60 births  3 deaths  3 best lifetime 4.352 mean 0.863 max age 59  (5.3s)
season  66 holistic     alive  60 births  1 deaths  1 best lifetime 1.703 mean 0.980 max age 58  season  66 conventional alive  60 births  1 deaths  1 best lifetime 2.357 mean 0.799 max age 59  (5.5s)
season  67 holistic     alive  60 births  0 deaths  0 best lifetime 1.665 mean 0.994 max age 59  season  67 conventional alive  60 births  2 deaths  2 best lifetime 2.113 mean 0.791 max age 59  (5.7s)
WARNING: Nan, Inf or huge value in QACC at DOF 3. The simulation is unstable. Time = 14.2250.

season  68 holistic     alive  60 births  2 deaths  2 best lifetime 1.649 mean 0.980 max age 59  season  68 conventional alive  60 births  2 deaths  2 best lifetime 2.279 mean 0.841 max age 59  (5.7s)
season  69 holistic     alive  60 births  1 deaths  1 best lifetime 1.712 mean 0.983 max age 59  season  69 conventional alive  60 births  3 deaths  3 best lifetime 4.429 mean 0.814 max age 59  (5.7s)
season  70 holistic     alive  60 births  1 deaths  1 best lifetime 1.734 mean 0.980 max age 58  season  70 conventional alive  60 births  1 deaths  1 best lifetime 2.420 mean 0.817 max age 59  (5.5s)
WARNING: Nan, Inf or huge value in QACC at DOF 32. The simulation is unstable. Time = 14.8100.

season  71 holistic     alive  60 births  0 deaths  0 best lifetime 1.736 mean 0.955 max age 59  season  71 conventional alive  60 births  6 deaths  6 best lifetime 2.042 mean 0.753 max age 58  (5.5s)
season  72 holistic     alive  60 births  2 deaths  2 best lifetime 1.701 mean 0.932 max age 59  season  72 conventional alive  60 births  1 deaths  1 best lifetime 2.530 mean 0.794 max age 59  (5.5s)
season  73 holistic     alive  60 births  2 deaths  2 best lifetime 1.875 mean 0.937 max age 59  season  73 conventional alive  60 births  2 deaths  2 best lifetime 1.927 mean 0.804 max age 57  (5.6s)
season  74 holistic     alive  60 births  3 deaths  3 best lifetime 1.869 mean 0.917 max age 59  season  74 conventional alive  60 births  2 deaths  2 best lifetime 4.505 mean 0.926 max age 58  (5.5s)
WARNING: Nan, Inf or huge value in QACC at DOF 33. The simulation is unstable. Time = 9.0450.

WARNING: Nan, Inf or huge value in QACC at DOF 20. The simulation is unstable. Time = 5.1500.

season  75 holistic     alive  60 births  7 deaths  7 best lifetime 1.778 mean 0.832 max age 59  season  75 conventional alive  60 births  1 deaths  1 best lifetime 2.014 mean 0.838 max age 59  (5.7s)
season  76 holistic     alive  60 births  8 deaths  8 best lifetime 2.196 mean 0.806 max age 59  season  76 conventional alive  60 births  2 deaths  2 best lifetime 1.921 mean 0.811 max age 59  (5.4s)
season  77 holistic     alive  60 births  7 deaths  7 best lifetime 3.865 mean 0.904 max age 59  season  77 conventional alive  60 births  3 deaths  3 best lifetime 1.909 mean 0.778 max age 59  (5.6s)
season  78 holistic     alive  60 births  8 deaths  8 best lifetime 2.965 mean 0.699 max age 59  season  78 conventional alive  60 births  4 deaths  4 best lifetime 1.801 mean 0.788 max age 57  (5.8s)
season  79 holistic     alive  60 births  4 deaths  4 best lifetime 2.274 mean 0.760 max age 59  season  79 conventional alive  60 births  1 deaths  1 best lifetime 1.852 mean 0.791 max age 58  (5.6s)
season  80 holistic     alive  60 births  4 deaths  4 best lifetime 2.612 mean 0.824 max age 59  season  80 conventional alive  60 births  1 deaths  1 best lifetime 1.835 mean 0.817 max age 59  (5.7s)
season  81 holistic     alive  60 births  7 deaths  7 best lifetime 2.861 mean 0.896 max age 59  season  81 conventional alive  60 births  2 deaths  2 best lifetime 2.056 mean 0.791 max age 58  (5.6s)
season  82 holistic     alive  60 births  3 deaths  3 best lifetime 3.025 mean 1.001 max age 58  season  82 conventional alive  60 births  1 deaths  1 best lifetime 3.248 mean 0.891 max age 59  (5.7s)
season  83 holistic     alive  60 births  2 deaths  2 best lifetime 3.001 mean 1.065 max age 59  season  83 conventional alive  60 births  1 deaths  1 best lifetime 2.887 mean 0.890 max age 58  (5.7s)
WARNING: Nan, Inf or huge value in QACC at DOF 31. The simulation is unstable. Time = 9.6750.

season  84 holistic     alive  60 births  2 deaths  2 best lifetime 2.865 mean 1.083 max age 59  season  84 conventional alive  60 births  0 deaths  0 best lifetime 2.055 mean 0.881 max age 59  (5.5s)
season  85 holistic     alive  60 births  3 deaths  3 best lifetime 3.474 mean 1.148 max age 58  season  85 conventional alive  60 births  3 deaths  3 best lifetime 2.016 mean 0.847 max age 59  (5.5s)
season  86 holistic     alive  60 births  2 deaths  2 best lifetime 2.975 mean 1.114 max age 59  season  86 conventional alive  60 births  2 deaths  2 best lifetime 2.042 mean 0.826 max age 57  (5.9s)
season  87 holistic     alive  60 births  1 deaths  1 best lifetime 2.474 mean 1.095 max age 58  season  87 conventional alive  60 births  1 deaths  1 best lifetime 1.977 mean 0.837 max age 58  (5.6s)
WARNING: Nan, Inf or huge value in QACC at DOF 30. The simulation is unstable. Time = 8.3200.

WARNING: Nan, Inf or huge value in QACC at DOF 0. The simulation is unstable. Time = 10.8650.

season  88 holistic     alive  60 births  1 deaths  1 best lifetime 5.844 mean 1.224 max age 59  season  88 conventional alive  60 births  1 deaths  1 best lifetime 2.425 mean 0.895 max age 59  (5.7s)
season  89 holistic     alive  60 births  3 deaths  3 best lifetime 3.346 mean 1.169 max age 58  season  89 conventional alive  60 births  3 deaths  3 best lifetime 2.423 mean 0.861 max age 59  (5.6s)
WARNING: Nan, Inf or huge value in QACC at DOF 34. The simulation is unstable. Time = 8.1200.

season  90 holistic     alive  60 births  1 deaths  1 best lifetime 2.722 mean 1.090 max age 59  season  90 conventional alive  60 births  4 deaths  4 best lifetime 2.534 mean 0.804 max age 58  (5.6s)
season  91 holistic     alive  60 births  1 deaths  1 best lifetime 2.525 mean 1.117 max age 59  season  91 conventional alive  60 births  0 deaths  0 best lifetime 2.326 mean 0.857 max age 59  (5.5s)
season  92 holistic     alive  60 births  2 deaths  2 best lifetime 2.358 mean 1.038 max age 58  season  92 conventional alive  60 births  6 deaths  6 best lifetime 2.034 mean 0.778 max age 59  (5.5s)
season  93 holistic     alive  60 births  2 deaths  2 best lifetime 2.507 mean 1.037 max age 59  season  93 conventional alive  60 births  2 deaths  2 best lifetime 1.901 mean 0.735 max age 59  (5.4s)
season  94 holistic     alive  60 births  1 deaths  1 best lifetime 2.698 mean 1.089 max age 57  season  94 conventional alive  60 births  1 deaths  1 best lifetime 1.800 mean 0.712 max age 57  (5.6s)
season  95 holistic     alive  60 births  1 deaths  1 best lifetime 2.341 mean 1.083 max age 58  season  95 conventional alive  60 births  0 deaths  0 best lifetime 1.819 mean 0.787 max age 58  (5.4s)
season  96 holistic     alive  60 births  0 deaths  0 best lifetime 2.444 mean 1.124 max age 59  season  96 conventional alive  60 births  3 deaths  3 best lifetime 1.763 mean 0.792 max age 59  (5.5s)
season  97 holistic     alive  60 births  1 deaths  1 best lifetime 2.150 mean 1.066 max age 59  season  97 conventional alive  60 births  1 deaths  1 best lifetime 1.788 mean 0.747 max age 58  (5.4s)
WARNING: Nan, Inf or huge value in QACC at DOF 20. The simulation is unstable. Time = 2.5850.

season  98 holistic     alive  60 births  1 deaths  1 best lifetime 2.302 mean 1.085 max age 37  season  98 conventional alive  60 births  0 deaths  0 best lifetime 1.738 mean 0.783 max age 59  (5.7s)
season  99 holistic     alive  60 births  1 deaths  1 best lifetime 2.310 mean 1.121 max age 38  season  99 conventional alive  60 births  1 deaths  1 best lifetime 1.691 mean 0.780 max age 58  (5.6s)
season 100 holistic     alive  60 births  0 deaths  0 best lifetime 2.192 mean 1.098 max age 39  season 100 conventional alive  60 births  2 deaths  2 best lifetime 1.749 mean 0.759 max age 59  (5.6s)
season 101 holistic     alive  60 births  0 deaths  0 best lifetime 2.164 mean 1.107 max age 40  season 101 conventional alive  60 births  1 deaths  1 best lifetime 2.438 mean 0.820 max age 59  (5.5s)
WARNING: Nan, Inf or huge value in QACC at DOF 10. The simulation is unstable. Time = 5.7950.

season 102 holistic     alive  60 births  1 deaths  1 best lifetime 2.284 mean 1.106 max age 41  season 102 conventional alive  60 births  2 deaths  2 best lifetime 1.764 mean 0.798 max age 59  (5.5s)
WARNING: Nan, Inf or huge value in QACC at DOF 0. The simulation is unstable. Time = 8.1900.

season 103 holistic     alive  60 births  1 deaths  1 best lifetime 2.163 mean 1.107 max age 42  season 103 conventional alive  60 births  2 deaths  2 best lifetime 1.766 mean 0.763 max age 59  (5.7s)
season 104 holistic     alive  60 births  0 deaths  0 best lifetime 2.101 mean 1.148 max age 43  season 104 conventional alive  60 births  3 deaths  3 best lifetime 6.277 mean 0.843 max age 52  (5.7s)
season 105 holistic     alive  60 births  0 deaths  0 best lifetime 2.180 mean 1.171 max age 44  season 105 conventional alive  60 births  1 deaths  1 best lifetime 3.290 mean 0.763 max age 53  (5.5s)
season 106 holistic     alive  60 births  0 deaths  0 best lifetime 2.051 mean 1.155 max age 45  season 106 conventional alive  60 births  2 deaths  2 best lifetime 3.955 mean 0.833 max age 54  (5.7s)
season 107 holistic     alive  60 births  1 deaths  1 best lifetime 1.940 mean 1.127 max age 46  season 107 conventional alive  60 births  2 deaths  2 best lifetime 3.034 mean 0.795 max age 55  (5.6s)
season 108 holistic     alive  60 births  0 deaths  0 best lifetime 1.944 mean 1.127 max age 47  season 108 conventional alive  60 births  2 deaths  2 best lifetime 2.682 mean 0.787 max age 56  (5.6s)
season 109 holistic     alive  60 births  0 deaths  0 best lifetime 1.932 mean 1.096 max age 48  season 109 conventional alive  60 births  1 deaths  1 best lifetime 2.117 mean 0.735 max age 57  (5.6s)
WARNING: Nan, Inf or huge value in QACC at DOF 3. The simulation is unstable. Time = 7.5100.

season 110 holistic     alive  60 births  0 deaths  0 best lifetime 1.971 mean 1.081 max age 49  season 110 conventional alive  60 births  1 deaths  1 best lifetime 2.000 mean 0.791 max age 58  (5.4s)
season 111 holistic     alive  60 births  0 deaths  0 best lifetime 1.970 mean 1.075 max age 50  season 111 conventional alive  60 births  2 deaths  2 best lifetime 1.787 mean 0.757 max age 59  (5.5s)
season 112 holistic     alive  60 births  0 deaths  0 best lifetime 1.900 mean 1.067 max age 51  season 112 conventional alive  60 births  2 deaths  2 best lifetime 2.345 mean 0.778 max age 58  (5.6s)
season 113 holistic     alive  60 births  0 deaths  0 best lifetime 1.943 mean 1.071 max age 52  season 113 conventional alive  60 births  0 deaths  0 best lifetime 1.836 mean 0.805 max age 59  (5.5s)
WARNING: Nan, Inf or huge value in QACC at DOF 20. The simulation is unstable. Time = 6.3750.

season 114 holistic     alive  60 births  0 deaths  0 best lifetime 2.060 mean 1.092 max age 53  season 114 conventional alive  60 births  2 deaths  2 best lifetime 1.650 mean 0.780 max age 59  (5.8s)
season 115 holistic     alive  60 births  0 deaths  0 best lifetime 2.074 mean 1.095 max age 54  season 115 conventional alive  60 births  2 deaths  2 best lifetime 1.586 mean 0.733 max age 59  (5.6s)
season 116 holistic     alive  60 births  0 deaths  0 best lifetime 1.914 mean 1.095 max age 55  season 116 conventional alive  60 births  2 deaths  2 best lifetime 2.411 mean 0.791 max age 55  (5.8s)
WARNING: Nan, Inf or huge value in QACC at DOF 10. The simulation is unstable. Time = 6.9450.

season 117 holistic     alive  60 births  0 deaths  0 best lifetime 1.858 mean 1.105 max age 56  season 117 conventional alive  60 births  0 deaths  0 best lifetime 1.794 mean 0.791 max age 56  (5.6s)
season 118 holistic     alive  60 births  0 deaths  0 best lifetime 1.882 mean 1.112 max age 57  season 118 conventional alive  60 births  0 deaths  0 best lifetime 1.819 mean 0.829 max age 57  (5.5s)
season 119 holistic     alive  60 births  0 deaths  0 best lifetime 1.942 mean 1.108 max age 58  season 119 conventional alive  60 births  1 deaths  1 best lifetime 1.653 mean 0.793 max age 58  (5.5s)
season 120 holistic     alive  60 births  0 deaths  0 best lifetime 1.886 mean 1.103 max age 59  season 120 conventional alive  60 births  0 deaths  0 best lifetime 2.338 mean 0.807 max age 59  (5.6s)
season 121 holistic     alive  60 births  1 deaths  1 best lifetime 1.813 mean 1.076 max age 57  season 121 conventional alive  60 births  2 deaths  2 best lifetime 1.602 mean 0.754 max age 59  (5.5s)
WARNING: Nan, Inf or huge value in QACC at DOF 20. The simulation is unstable. Time = 9.8300.

season 122 holistic     alive  60 births  0 deaths  0 best lifetime 1.792 mean 1.069 max age 58  season 122 conventional alive  60 births  3 deaths  3 best lifetime 1.602 mean 0.763 max age 59  (5.6s)
season 123 holistic     alive  60 births  0 deaths  0 best lifetime 1.750 mean 1.076 max age 59  season 123 conventional alive  60 births  2 deaths  2 best lifetime 1.556 mean 0.678 max age 59  (5.6s)
season 124 holistic     alive  60 births  1 deaths  1 best lifetime 1.779 mean 1.060 max age 58  season 124 conventional alive  60 births  6 deaths  6 best lifetime 1.665 mean 0.682 max age 59  (5.6s)
season 125 holistic     alive  60 births  0 deaths  0 best lifetime 1.808 mean 1.083 max age 59  season 125 conventional alive  60 births  3 deaths  3 best lifetime 1.835 mean 0.721 max age 58  (5.4s)
season 126 holistic     alive  60 births  1 deaths  1 best lifetime 1.797 mean 1.071 max age 58  season 126 conventional alive  60 births  1 deaths  1 best lifetime 2.274 mean 0.845 max age 59  (5.6s)
season 127 holistic     alive  60 births  0 deaths  0 best lifetime 1.856 mean 1.073 max age 59  season 127 conventional alive  60 births  3 deaths  3 best lifetime 1.591 mean 0.771 max age 59  (5.7s)
season 128 holistic     alive  60 births  1 deaths  1 best lifetime 1.876 mean 1.039 max age 59  season 128 conventional alive  60 births  2 deaths  2 best lifetime 1.749 mean 0.736 max age 59  (5.6s)
season 129 holistic     alive  60 births  1 deaths  1 best lifetime 1.875 mean 1.005 max age 57  season 129 conventional alive  60 births  4 deaths  4 best lifetime 2.438 mean 0.768 max age 58  (5.6s)
WARNING: Nan, Inf or huge value in QACC at DOF 20. The simulation is unstable. Time = 6.6350.

season 130 holistic     alive  60 births  1 deaths  1 best lifetime 1.856 mean 1.002 max age 58  season 130 conventional alive  60 births  1 deaths  1 best lifetime 3.600 mean 0.821 max age 59  (5.7s)
WARNING: Nan, Inf or huge value in QACC at DOF 20. The simulation is unstable. Time = 14.4250.

season 131 holistic     alive  60 births  0 deaths  0 best lifetime 1.876 mean 1.041 max age 59  season 131 conventional alive  60 births  7 deaths  7 best lifetime 2.249 mean 0.729 max age 59  (5.5s)
season 132 holistic     alive  60 births  1 deaths  1 best lifetime 2.843 mean 1.025 max age 59  season 132 conventional alive  60 births  2 deaths  2 best lifetime 3.214 mean 0.795 max age 59  (5.5s)
season 133 holistic     alive  60 births  3 deaths  3 best lifetime 2.162 mean 0.984 max age 59  season 133 conventional alive  60 births  3 deaths  3 best lifetime 3.417 mean 0.795 max age 59  (5.6s)
season 134 holistic     alive  60 births  3 deaths  3 best lifetime 2.822 mean 1.005 max age 59  season 134 conventional alive  60 births  3 deaths  3 best lifetime 2.473 mean 0.850 max age 57  (5.8s)
season 135 holistic     alive  60 births  4 deaths  4 best lifetime 2.269 mean 0.914 max age 59  season 135 conventional alive  60 births  4 deaths  4 best lifetime 2.972 mean 0.866 max age 58  (5.6s)
WARNING: EPA: out of memory for faces on expanding polytope

season 136 holistic     alive  60 births  7 deaths  7 best lifetime 3.594 mean 0.894 max age 59  season 136 conventional alive  60 births  1 deaths  1 best lifetime 2.361 mean 0.796 max age 59  (5.6s)
season 137 holistic     alive  60 births  4 deaths  4 best lifetime 3.029 mean 0.844 max age 59  season 137 conventional alive  60 births  4 deaths  4 best lifetime 2.565 mean 0.887 max age 59  (5.7s)
WARNING: EPA: out of memory for faces on expanding polytope

season 138 holistic     alive  60 births  9 deaths  9 best lifetime 2.967 mean 0.802 max age 59  season 138 conventional alive  60 births  2 deaths  2 best lifetime 2.316 mean 0.920 max age 58  (5.8s)
season 139 holistic     alive  60 births  3 deaths  3 best lifetime 4.766 mean 1.123 max age 59  season 139 conventional alive  60 births  1 deaths  1 best lifetime 3.363 mean 1.000 max age 59  (5.7s)
season 140 holistic     alive  60 births  5 deaths  5 best lifetime 2.928 mean 0.996 max age 59  season 140 conventional alive  60 births  4 deaths  4 best lifetime 2.861 mean 0.910 max age 59  (5.5s)
WARNING: Nan, Inf or huge value in QACC at DOF 10. The simulation is unstable. Time = 7.3750.

WARNING: Nan, Inf or huge value in QACC at DOF 10. The simulation is unstable. Time = 13.1200.

season 141 holistic     alive  60 births  7 deaths  7 best lifetime 2.871 mean 0.995 max age 59  season 141 conventional alive  60 births  1 deaths  1 best lifetime 2.510 mean 0.854 max age 58  (5.6s)
WARNING: Nan, Inf or huge value in QACC at DOF 1. The simulation is unstable. Time = 8.8500.

season 142 holistic     alive  60 births  2 deaths  2 best lifetime 2.903 mean 1.031 max age 59  season 142 conventional alive  60 births  3 deaths  3 best lifetime 2.358 mean 0.886 max age 59  (5.6s)
season 143 holistic     alive  60 births  5 deaths  5 best lifetime 2.907 mean 0.996 max age 59  season 143 conventional alive  60 births  4 deaths  4 best lifetime 3.527 mean 0.927 max age 57  (5.5s)
season 144 holistic     alive  60 births  5 deaths  5 best lifetime 3.238 mean 0.940 max age 59  season 144 conventional alive  60 births  0 deaths  0 best lifetime 4.219 mean 0.927 max age 58  (6.0s)
season 145 holistic     alive  60 births  3 deaths  3 best lifetime 2.629 mean 0.966 max age 58  season 145 conventional alive  60 births  2 deaths  2 best lifetime 4.216 mean 0.934 max age 59  (5.6s)
season 146 holistic     alive  60 births  1 deaths  1 best lifetime 2.768 mean 0.976 max age 59  season 146 conventional alive  60 births  1 deaths  1 best lifetime 3.545 mean 0.958 max age 59  (5.5s)
season 147 holistic     alive  60 births  4 deaths  4 best lifetime 3.269 mean 1.024 max age 59  season 147 conventional alive  60 births  1 deaths  1 best lifetime 2.960 mean 0.929 max age 59  (5.6s)
season 148 holistic     alive  60 births  1 deaths  1 best lifetime 6.939 mean 1.209 max age 59  season 148 conventional alive  60 births  1 deaths  1 best lifetime 2.411 mean 0.917 max age 59  (5.6s)
season 149 holistic     alive  60 births  3 deaths  3 best lifetime 3.937 mean 1.082 max age 59  season 149 conventional alive  60 births  1 deaths  1 best lifetime 2.547 mean 0.929 max age 59  (5.7s)
season 150 holistic     alive  60 births  3 deaths  3 best lifetime 4.760 mean 1.184 max age 58  season 150 conventional alive  60 births  2 deaths  2 best lifetime 2.444 mean 0.891 max age 58  (5.4s)
season 151 holistic     alive  60 births  0 deaths  0 best lifetime 3.762 mean 1.301 max age 59  season 151 conventional alive  60 births  2 deaths  2 best lifetime 1.707 mean 0.845 max age 59  (5.6s)
season 152 holistic     alive  60 births  1 deaths  1 best lifetime 2.976 mean 1.259 max age 59  season 152 conventional alive  60 births  3 deaths  3 best lifetime 2.572 mean 0.857 max age 58  (5.4s)
season 153 holistic     alive  60 births  2 deaths  2 best lifetime 3.438 mean 1.191 max age 59  season 153 conventional alive  60 births  1 deaths  1 best lifetime 1.807 mean 0.803 max age 59  (5.5s)
season 154 holistic     alive  60 births  1 deaths  1 best lifetime 2.768 mean 1.130 max age 57  season 154 conventional alive  60 births  3 deaths  3 best lifetime 2.230 mean 0.827 max age 58  (5.5s)
season 155 holistic     alive  60 births  0 deaths  0 best lifetime 2.712 mean 1.144 max age 58  season 155 conventional alive  60 births  0 deaths  0 best lifetime 4.312 mean 0.858 max age 59  (5.5s)
season 156 holistic     alive  60 births  0 deaths  0 best lifetime 2.767 mean 1.154 max age 59  season 156 conventional alive  60 births  4 deaths  4 best lifetime 3.312 mean 0.830 max age 57  (5.6s)
season 157 holistic     alive  60 births  3 deaths  3 best lifetime 3.053 mean 1.143 max age 55  season 157 conventional alive  60 births  0 deaths  0 best lifetime 3.360 mean 0.979 max age 58  (5.4s)
season 158 holistic     alive  60 births  2 deaths  2 best lifetime 3.613 mean 1.179 max age 56  season 158 conventional alive  60 births  1 deaths  1 best lifetime 2.549 mean 0.920 max age 59  (5.4s)
season 159 holistic     alive  60 births  0 deaths  0 best lifetime 5.609 mean 1.199 max age 57  season 159 conventional alive  60 births  1 deaths  1 best lifetime 2.499 mean 0.896 max age 59  (5.7s)
season 160 holistic     alive  60 births  0 deaths  0 best lifetime 3.609 mean 1.195 max age 58  season 160 conventional alive  60 births  3 deaths  3 best lifetime 2.137 mean 0.888 max age 57  (5.8s)
season 161 holistic     alive  60 births  0 deaths  0 best lifetime 3.358 mean 1.190 max age 59  season 161 conventional alive  60 births  1 deaths  1 best lifetime 1.890 mean 0.855 max age 58  (5.3s)
WARNING: Nan, Inf or huge value in QACC at DOF 7. The simulation is unstable. Time = 12.9700.

season 162 holistic     alive  60 births  2 deaths  2 best lifetime 3.411 mean 1.166 max age 59  season 162 conventional alive  60 births  3 deaths  3 best lifetime 2.034 mean 0.892 max age 59  (5.4s)
season 163 holistic     alive  60 births  1 deaths  1 best lifetime 4.786 mean 1.214 max age 56  season 163 conventional alive  60 births  1 deaths  1 best lifetime 1.952 mean 0.846 max age 59  (5.3s)
season 164 holistic     alive  60 births  0 deaths  0 best lifetime 3.470 mean 1.195 max age 57  season 164 conventional alive  60 births  3 deaths  3 best lifetime 1.925 mean 0.867 max age 57  (5.5s)
WARNING: Nan, Inf or huge value in QACC at DOF 30. The simulation is unstable. Time = 6.0100.

season 165 holistic     alive  60 births  1 deaths  1 best lifetime 3.363 mean 1.165 max age 58  season 165 conventional alive  60 births  0 deaths  0 best lifetime 1.840 mean 0.888 max age 58  (5.4s)
season 166 holistic     alive  60 births  1 deaths  1 best lifetime 3.170 mean 1.199 max age 59  season 166 conventional alive  60 births  0 deaths  0 best lifetime 1.725 mean 0.863 max age 59  (5.3s)
season 167 holistic     alive  60 births  1 deaths  1 best lifetime 3.014 mean 1.188 max age 46  season 167 conventional alive  60 births  1 deaths  1 best lifetime 1.988 mean 0.934 max age 56  (5.4s)
season 168 holistic     alive  60 births  0 deaths  0 best lifetime 2.977 mean 1.166 max age 47  season 168 conventional alive  60 births  0 deaths  0 best lifetime 1.633 mean 0.891 max age 57  (5.6s)
season 169 holistic     alive  60 births  0 deaths  0 best lifetime 2.779 mean 1.155 max age 48  season 169 conventional alive  60 births  2 deaths  2 best lifetime 1.567 mean 0.887 max age 58  (5.7s)
season 170 holistic     alive  60 births  1 deaths  1 best lifetime 2.536 mean 1.153 max age 49  season 170 conventional alive  60 births  0 deaths  0 best lifetime 1.596 mean 0.895 max age 59  (5.5s)
WARNING: Nan, Inf or huge value in QACC at DOF 10. The simulation is unstable. Time = 2.6100.

season 171 holistic     alive  60 births  1 deaths  1 best lifetime 2.585 mean 1.191 max age 50  season 171 conventional alive  60 births  2 deaths  2 best lifetime 1.582 mean 0.867 max age 57  (5.3s)
season 172 holistic     alive  60 births  0 deaths  0 best lifetime 2.611 mean 1.179 max age 51  season 172 conventional alive  60 births  1 deaths  1 best lifetime 1.592 mean 0.887 max age 58  (5.5s)
season 173 holistic     alive  60 births  0 deaths  0 best lifetime 2.582 mean 1.161 max age 52  season 173 conventional alive  60 births  0 deaths  0 best lifetime 1.583 mean 0.853 max age 59  (5.4s)
WARNING: Nan, Inf or huge value in QACC at DOF 31. The simulation is unstable. Time = 7.1800.

season 174 holistic     alive  60 births  0 deaths  0 best lifetime 2.529 mean 1.169 max age 53  season 174 conventional alive  60 births  4 deaths  4 best lifetime 1.640 mean 0.854 max age 58  (5.5s)
season 175 holistic     alive  60 births  0 deaths  0 best lifetime 2.479 mean 1.160 max age 54  season 175 conventional alive  60 births  0 deaths  0 best lifetime 1.568 mean 0.832 max age 59  (5.5s)
season 176 holistic     alive  60 births  0 deaths  0 best lifetime 2.456 mean 1.186 max age 55  season 176 conventional alive  60 births  2 deaths  2 best lifetime 2.362 mean 0.877 max age 57  (5.5s)
season 177 holistic     alive  60 births  0 deaths  0 best lifetime 2.434 mean 1.170 max age 56  season 177 conventional alive  60 births  1 deaths  1 best lifetime 3.362 mean 0.910 max age 58  (5.5s)
season 178 holistic     alive  60 births  0 deaths  0 best lifetime 2.367 mean 1.172 max age 57  season 178 conventional alive  60 births  0 deaths  0 best lifetime 2.589 mean 0.909 max age 59  (5.5s)
season 179 holistic     alive  60 births  0 deaths  0 best lifetime 2.348 mean 1.206 max age 58  season 179 conventional alive  60 births  1 deaths  1 best lifetime 2.344 mean 0.882 max age 58  (5.4s)
season 180 holistic     alive  60 births  0 deaths  0 best lifetime 2.307 mean 1.230 max age 59  season 180 conventional alive  60 births  1 deaths  1 best lifetime 2.348 mean 0.921 max age 59  (5.6s)
WARNING: Nan, Inf or huge value in QACC at DOF 30. The simulation is unstable. Time = 10.1800.

WARNING: Nan, Inf or huge value in QACC at DOF 20. The simulation is unstable. Time = 12.4050.

season 181 holistic     alive  60 births  1 deaths  1 best lifetime 2.247 mean 1.226 max age 53  season 181 conventional alive  60 births  1 deaths  1 best lifetime 2.064 mean 0.952 max age 59  (5.5s)
season 182 holistic     alive  60 births  0 deaths  0 best lifetime 2.189 mean 1.216 max age 54  season 182 conventional alive  60 births  1 deaths  1 best lifetime 1.725 mean 0.890 max age 58  (5.5s)
WARNING: Nan, Inf or huge value in QACC at DOF 20. The simulation is unstable. Time = 4.1800.

WARNING: Nan, Inf or huge value in QACC at DOF 15. The simulation is unstable. Time = 13.0300.

season 183 holistic     alive  60 births  0 deaths  0 best lifetime 2.155 mean 1.213 max age 55  season 183 conventional alive  60 births  1 deaths  1 best lifetime 1.505 mean 0.859 max age 59  (5.5s)
season 184 holistic     alive  60 births  0 deaths  0 best lifetime 2.142 mean 1.203 max age 56  season 184 conventional alive  60 births  5 deaths  5 best lifetime 1.440 mean 0.779 max age 59  (5.4s)
WARNING: Nan, Inf or huge value in QACC at DOF 20. The simulation is unstable. Time = 5.4450.

season 185 holistic     alive  60 births  1 deaths  1 best lifetime 2.109 mean 1.204 max age 57  season 185 conventional alive  60 births  2 deaths  2 best lifetime 2.169 mean 0.843 max age 58  (5.4s)
season 186 holistic     alive  60 births  0 deaths  0 best lifetime 2.117 mean 1.215 max age 58  season 186 conventional alive  60 births  2 deaths  2 best lifetime 1.989 mean 0.814 max age 59  (5.5s)
season 187 holistic     alive  60 births  0 deaths  0 best lifetime 2.087 mean 1.234 max age 59  season 187 conventional alive  60 births  5 deaths  5 best lifetime 1.849 mean 0.842 max age 59  (5.4s)
season 188 holistic     alive  60 births  1 deaths  1 best lifetime 2.057 mean 1.213 max age 58  season 188 conventional alive  60 births  3 deaths  3 best lifetime 1.946 mean 0.784 max age 59  (5.8s)
WARNING: Nan, Inf or huge value in QACC at DOF 20. The simulation is unstable. Time = 13.2050.

season 189 holistic     alive  60 births  0 deaths  0 best lifetime 2.029 mean 1.218 max age 59  season 189 conventional alive  60 births  4 deaths  4 best lifetime 2.227 mean 0.880 max age 59  (5.6s)
season 190 holistic     alive  60 births  1 deaths  1 best lifetime 2.038 mean 1.197 max age 58  season 190 conventional alive  60 births  2 deaths  2 best lifetime 1.839 mean 0.920 max age 59  (5.5s)
season 191 holistic     alive  60 births  0 deaths  0 best lifetime 1.993 mean 1.191 max age 59  season 191 conventional alive  60 births  3 deaths  3 best lifetime 2.279 mean 0.808 max age 59  (5.7s)
WARNING: Nan, Inf or huge value in QACC at DOF 33. The simulation is unstable. Time = 7.9500.

WARNING: Nan, Inf or huge value in QACC at DOF 0. The simulation is unstable. Time = 14.4000.

season 192 holistic     alive  60 births  1 deaths  1 best lifetime 1.981 mean 1.207 max age 59  season 192 conventional alive  60 births  3 deaths  3 best lifetime 2.365 mean 0.904 max age 59  (5.6s)
season 193 holistic     alive  60 births  2 deaths  2 best lifetime 2.022 mean 1.176 max age 59  season 193 conventional alive  60 births  2 deaths  2 best lifetime 1.871 mean 0.846 max age 59  (5.4s)
season 194 holistic     alive  60 births  2 deaths  2 best lifetime 2.039 mean 1.165 max age 59  season 194 conventional alive  60 births  4 deaths  4 best lifetime 1.933 mean 0.819 max age 59  (5.5s)
season 195 holistic     alive  60 births  3 deaths  3 best lifetime 3.779 mean 1.188 max age 59  season 195 conventional alive  60 births  4 deaths  4 best lifetime 1.828 mean 0.800 max age 59  (5.4s)
season 196 holistic     alive  60 births  4 deaths  4 best lifetime 2.766 mean 1.126 max age 59  season 196 conventional alive  60 births  3 deaths  3 best lifetime 4.199 mean 0.798 max age 59  (5.5s)
season 197 holistic     alive  60 births  2 deaths  2 best lifetime 3.267 mean 1.130 max age 59  season 197 conventional alive  60 births  5 deaths  5 best lifetime 2.708 mean 0.765 max age 59  (5.5s)
season 198 holistic     alive  60 births  7 deaths  7 best lifetime 4.420 mean 1.069 max age 59  season 198 conventional alive  60 births  4 deaths  4 best lifetime 2.755 mean 0.824 max age 56  (5.4s)
season 199 holistic     alive  60 births  2 deaths  2 best lifetime 2.864 mean 1.061 max age 59  season 199 conventional alive  60 births  0 deaths  0 best lifetime 3.368 mean 0.822 max age 57  (5.5s)
season 200 holistic     alive  60 births  2 deaths  2 best lifetime 1.906 mean 1.022 max age 59  season 200 conventional alive  60 births  2 deaths  2 best lifetime 3.372 mean 0.800 max age 58  (5.4s)
season 201 holistic     alive  60 births  6 deaths  6 best lifetime 1.928 mean 0.986 max age 58  season 201 conventional alive  60 births  1 deaths  1 best lifetime 2.331 mean 0.837 max age 59  (5.5s)
season 202 holistic     alive  60 births  1 deaths  1 best lifetime 2.323 mean 1.037 max age 59  season 202 conventional alive  60 births  1 deaths  1 best lifetime 1.707 mean 0.860 max age 59  (5.8s)
season 203 holistic     alive  60 births  2 deaths  2 best lifetime 2.239 mean 0.969 max age 59  season 203 conventional alive  60 births  3 deaths  3 best lifetime 1.810 mean 0.802 max age 58  (5.5s)
season 204 holistic     alive  60 births  6 deaths  6 best lifetime 2.506 mean 0.885 max age 59  season 204 conventional alive  60 births  0 deaths  0 best lifetime 1.824 mean 0.863 max age 59  (5.4s)
season 205 holistic     alive  60 births  4 deaths  4 best lifetime 2.850 mean 0.990 max age 58  season 205 conventional alive  60 births  3 deaths  3 best lifetime 1.985 mean 0.838 max age 58  (5.5s)
season 206 holistic     alive  60 births  0 deaths  0 best lifetime 4.750 mean 1.138 max age 59  season 206 conventional alive  60 births  0 deaths  0 best lifetime 2.007 mean 0.858 max age 59  (5.5s)
season 207 holistic     alive  60 births  4 deaths  4 best lifetime 4.215 mean 1.089 max age 59  season 207 conventional alive  60 births  1 deaths  1 best lifetime 2.225 mean 0.882 max age 59  (5.7s)
season 208 holistic     alive  60 births  2 deaths  2 best lifetime 4.049 mean 1.180 max age 59  season 208 conventional alive  60 births  1 deaths  1 best lifetime 1.958 mean 0.872 max age 58  (5.3s)
season 209 holistic     alive  60 births  3 deaths  3 best lifetime 3.222 mean 1.108 max age 59  season 209 conventional alive  60 births  0 deaths  0 best lifetime 1.823 mean 0.910 max age 59  (5.3s)
season 210 holistic     alive  60 births  3 deaths  3 best lifetime 2.921 mean 0.988 max age 58  season 210 conventional alive  60 births  3 deaths  3 best lifetime 1.708 mean 0.831 max age 59  (5.4s)
season 211 holistic     alive  60 births  0 deaths  0 best lifetime 2.889 mean 1.123 max age 59  season 211 conventional alive  60 births  1 deaths  1 best lifetime 1.675 mean 0.813 max age 59  (5.5s)
season 212 holistic     alive  60 births  2 deaths  2 best lifetime 2.602 mean 1.074 max age 58  season 212 conventional alive  60 births  2 deaths  2 best lifetime 1.775 mean 0.809 max age 58  (5.4s)
season 213 holistic     alive  60 births  1 deaths  1 best lifetime 2.472 mean 1.071 max age 59  season 213 conventional alive  60 births  1 deaths  1 best lifetime 2.195 mean 0.824 max age 59  (5.6s)
season 214 holistic     alive  60 births  1 deaths  1 best lifetime 2.500 mean 1.087 max age 57  season 214 conventional alive  60 births  2 deaths  2 best lifetime 1.579 mean 0.802 max age 58  (5.5s)
WARNING: Nan, Inf or huge value in QACC at DOF 0. The simulation is unstable. Time = 8.3500.

season 215 holistic     alive  60 births  0 deaths  0 best lifetime 2.422 mean 1.074 max age 58  season 215 conventional alive  60 births  1 deaths  1 best lifetime 1.566 mean 0.804 max age 59  (5.7s)
season 216 holistic     alive  60 births  1 deaths  1 best lifetime 2.358 mean 1.046 max age 59  season 216 conventional alive  60 births  4 deaths  4 best lifetime 1.561 mean 0.755 max age 57  (5.5s)
season 217 holistic     alive  60 births  2 deaths  2 best lifetime 2.221 mean 0.999 max age 59  season 217 conventional alive  60 births  1 deaths  1 best lifetime 3.527 mean 0.837 max age 58  (5.4s)
season 218 holistic     alive  60 births  2 deaths  2 best lifetime 4.784 mean 1.052 max age 56  season 218 conventional alive  60 births  1 deaths  1 best lifetime 2.028 mean 0.839 max age 59  (5.4s)
season 219 holistic     alive  60 births  1 deaths  1 best lifetime 4.784 mean 1.094 max age 57  season 219 conventional alive  60 births  1 deaths  1 best lifetime 1.865 mean 0.857 max age 59  (5.6s)
season 220 holistic     alive  60 births  0 deaths  0 best lifetime 4.115 mean 1.140 max age 58  season 220 conventional alive  60 births  1 deaths  1 best lifetime 2.032 mean 0.865 max age 59  (5.7s)
season 221 holistic     alive  60 births  0 deaths  0 best lifetime 3.532 mean 1.135 max age 59  season 221 conventional alive  60 births  1 deaths  1 best lifetime 1.686 mean 0.852 max age 59  (5.4s)
season 222 holistic     alive  60 births  1 deaths  1 best lifetime 3.330 mean 1.129 max age 59  season 222 conventional alive  60 births  2 deaths  2 best lifetime 1.789 mean 0.830 max age 59  (5.6s)
season 223 holistic     alive  60 births  2 deaths  2 best lifetime 2.696 mean 1.088 max age 58  season 223 conventional alive  60 births  2 deaths  2 best lifetime 1.714 mean 0.874 max age 59  (5.3s)
WARNING: Nan, Inf or huge value in QACC at DOF 20. The simulation is unstable. Time = 12.7800.

season 224 holistic     alive  60 births  0 deaths  0 best lifetime 2.573 mean 1.097 max age 59  season 224 conventional alive  60 births  3 deaths  3 best lifetime 1.898 mean 0.879 max age 53  (5.5s)
season 225 holistic     alive  60 births  1 deaths  1 best lifetime 2.662 mean 1.126 max age 55  season 225 conventional alive  60 births  0 deaths  0 best lifetime 1.731 mean 0.958 max age 54  (5.5s)
season 226 holistic     alive  60 births  0 deaths  0 best lifetime 2.558 mean 1.131 max age 56  season 226 conventional alive  60 births  1 deaths  1 best lifetime 1.645 mean 0.943 max age 55  (5.7s)
season 227 holistic     alive  60 births  0 deaths  0 best lifetime 2.464 mean 1.142 max age 57  season 227 conventional alive  60 births  0 deaths  0 best lifetime 1.715 mean 0.971 max age 56  (5.5s)
season 228 holistic     alive  60 births  0 deaths  0 best lifetime 2.410 mean 1.137 max age 58  season 228 conventional alive  60 births  0 deaths  0 best lifetime 1.679 mean 0.940 max age 57  (5.6s)
season 229 holistic     alive  60 births  1 deaths  1 best lifetime 2.456 mean 1.138 max age 59  season 229 conventional alive  60 births  0 deaths  0 best lifetime 1.696 mean 0.928 max age 58  (5.5s)
season 230 holistic     alive  60 births  1 deaths  1 best lifetime 2.530 mean 1.115 max age 59  season 230 conventional alive  60 births  0 deaths  0 best lifetime 1.773 mean 0.908 max age 59  (5.9s)
season 231 holistic     alive  60 births  1 deaths  1 best lifetime 2.449 mean 1.111 max age 46  season 231 conventional alive  60 births  1 deaths  1 best lifetime 1.727 mean 0.877 max age 57  (5.9s)
season 232 holistic     alive  60 births  0 deaths  0 best lifetime 2.431 mean 1.132 max age 47  season 232 conventional alive  60 births  0 deaths  0 best lifetime 1.712 mean 0.846 max age 58  (5.6s)
season 233 holistic     alive  60 births  0 deaths  0 best lifetime 2.528 mean 1.144 max age 48  season 233 conventional alive  60 births  0 deaths  0 best lifetime 1.785 mean 0.867 max age 59  (5.8s)
season 234 holistic     alive  60 births  0 deaths  0 best lifetime 2.482 mean 1.141 max age 49  season 234 conventional alive  60 births  1 deaths  1 best lifetime 1.743 mean 0.853 max age 58  (5.7s)
season 235 holistic     alive  60 births  0 deaths  0 best lifetime 2.572 mean 1.145 max age 50  season 235 conventional alive  60 births  0 deaths  0 best lifetime 2.368 mean 0.911 max age 59  (5.7s)
season 236 holistic     alive  60 births  0 deaths  0 best lifetime 2.605 mean 1.127 max age 51  season 236 conventional alive  60 births  2 deaths  2 best lifetime 1.613 mean 0.849 max age 56  (5.6s)
season 237 holistic     alive  60 births  0 deaths  0 best lifetime 2.560 mean 1.126 max age 52  season 237 conventional alive  60 births  1 deaths  1 best lifetime 1.603 mean 0.839 max age 57  (5.3s)
season 238 holistic     alive  60 births  0 deaths  0 best lifetime 2.491 mean 1.117 max age 53  season 238 conventional alive  60 births  0 deaths  0 best lifetime 2.322 mean 0.899 max age 58  (5.5s)
season 239 holistic     alive  60 births  0 deaths  0 best lifetime 2.451 mean 1.125 max age 54  season 239 conventional alive  60 births  1 deaths  1 best lifetime 1.993 mean 0.889 max age 59  (5.6s)
season 240 holistic     alive  60 births  0 deaths  0 best lifetime 2.484 mean 1.127 max age 55  season 240 conventional alive  60 births  2 deaths  2 best lifetime 1.826 mean 0.867 max age 57  (5.4s)
season 241 holistic     alive  60 births  0 deaths  0 best lifetime 2.422 mean 1.130 max age 56  season 241 conventional alive  60 births  1 deaths  1 best lifetime 1.727 mean 0.870 max age 58  (5.7s)
season 242 holistic     alive  60 births  0 deaths  0 best lifetime 2.409 mean 1.128 max age 57  season 242 conventional alive  60 births  1 deaths  1 best lifetime 1.496 mean 0.879 max age 59  (5.5s)
season 243 holistic     alive  60 births  0 deaths  0 best lifetime 2.352 mean 1.124 max age 58  season 243 conventional alive  60 births  2 deaths  2 best lifetime 1.446 mean 0.866 max age 59  (5.6s)
season 244 holistic     alive  60 births  0 deaths  0 best lifetime 2.319 mean 1.126 max age 59  season 244 conventional alive  60 births  4 deaths  4 best lifetime 2.098 mean 0.823 max age 58  (5.6s)
season 245 holistic     alive  60 births  1 deaths  1 best lifetime 2.308 mean 1.114 max age 57  season 245 conventional alive  60 births  1 deaths  1 best lifetime 3.440 mean 0.974 max age 59  (5.4s)
season 246 holistic     alive  60 births  0 deaths  0 best lifetime 2.278 mean 1.131 max age 58  season 246 conventional alive  60 births  3 deaths  3 best lifetime 2.680 mean 0.919 max age 59  (5.5s)
season 247 holistic     alive  60 births  0 deaths  0 best lifetime 2.401 mean 1.156 max age 59  season 247 conventional alive  60 births  1 deaths  1 best lifetime 2.218 mean 0.943 max age 59  (5.5s)
WARNING: Nan, Inf or huge value in QACC at DOF 41. The simulation is unstable. Time = 7.0200.

season 248 holistic     alive  60 births  1 deaths  1 best lifetime 2.568 mean 1.134 max age 56  season 248 conventional alive  60 births  2 deaths  2 best lifetime 1.976 mean 0.921 max age 59  (5.4s)
season 249 holistic     alive  60 births  0 deaths  0 best lifetime 2.193 mean 1.151 max age 57  season 249 conventional alive  60 births  3 deaths  3 best lifetime 1.824 mean 0.895 max age 58  (5.5s)
season 250 holistic     alive  60 births  0 deaths  0 best lifetime 2.167 mean 1.130 max age 58  season 250 conventional alive  60 births  1 deaths  1 best lifetime 2.474 mean 0.910 max age 59  (5.7s)
season 251 holistic     alive  60 births  0 deaths  0 best lifetime 2.179 mean 1.123 max age 59  season 251 conventional alive  60 births  4 deaths  4 best lifetime 2.081 mean 0.848 max age 59  (5.8s)
season 252 holistic     alive  60 births  1 deaths  1 best lifetime 2.192 mean 1.110 max age 59  season 252 conventional alive  60 births  2 deaths  2 best lifetime 1.850 mean 0.834 max age 59  (5.8s)
season 253 holistic     alive  60 births  2 deaths  2 best lifetime 2.203 mean 1.076 max age 59  season 253 conventional alive  60 births  3 deaths  3 best lifetime 1.806 mean 0.829 max age 58  (5.5s)
season 254 holistic     alive  60 births  2 deaths  2 best lifetime 2.179 mean 1.066 max age 59  season 254 conventional alive  60 births  1 deaths  1 best lifetime 5.418 mean 0.981 max age 59  (5.5s)
WARNING: Nan, Inf or huge value in QACC at DOF 34. The simulation is unstable. Time = 6.4700.

season 255 holistic     alive  60 births  2 deaths  2 best lifetime 2.208 mean 1.086 max age 59  season 255 conventional alive  60 births  4 deaths  4 best lifetime 2.928 mean 0.895 max age 59  (5.6s)
season 256 holistic     alive  60 births  3 deaths  3 best lifetime 3.260 mean 1.114 max age 59  season 256 conventional alive  60 births  2 deaths  2 best lifetime 2.310 mean 0.878 max age 59  (5.5s)
season 257 holistic     alive  60 births  2 deaths  2 best lifetime 2.773 mean 1.153 max age 59  season 257 conventional alive  60 births  5 deaths  5 best lifetime 3.301 mean 0.895 max age 59  (5.6s)
season 258 holistic     alive  60 births  7 deaths  7 best lifetime 2.978 mean 1.167 max age 59  season 258 conventional alive  60 births  5 deaths  5 best lifetime 2.081 mean 0.780 max age 58  (5.6s)
WARNING: Nan, Inf or huge value in QACC at DOF 0. The simulation is unstable. Time = 9.1550.

season 259 holistic     alive  60 births  2 deaths  2 best lifetime 3.785 mean 1.315 max age 59  season 259 conventional alive  60 births  1 deaths  1 best lifetime 2.402 mean 0.931 max age 59  (5.5s)
WARNING: Nan, Inf or huge value in QACC at DOF 4. The simulation is unstable. Time = 11.9400.

season 260 holistic     alive  60 births  2 deaths  2 best lifetime 3.179 mean 1.249 max age 59  season 260 conventional alive  60 births  1 deaths  1 best lifetime 2.862 mean 0.992 max age 57  (5.6s)
season 261 holistic     alive  60 births  3 deaths  3 best lifetime 2.828 mean 1.206 max age 59  season 261 conventional alive  60 births  3 deaths  3 best lifetime 2.224 mean 1.021 max age 58  (5.6s)
season 262 holistic     alive  60 births  1 deaths  1 best lifetime 3.771 mean 1.207 max age 59  season 262 conventional alive  60 births  0 deaths  0 best lifetime 2.399 mean 1.025 max age 59  (5.4s)
season 263 holistic     alive  60 births  1 deaths  1 best lifetime 2.653 mean 1.186 max age 59  season 263 conventional alive  60 births  1 deaths  1 best lifetime 2.651 mean 1.018 max age 58  (5.5s)
season 264 holistic     alive  60 births  7 deaths  7 best lifetime 2.668 mean 1.081 max age 59  season 264 conventional alive  60 births  0 deaths  0 best lifetime 2.428 mean 0.962 max age 59  (5.6s)
season 265 holistic     alive  60 births  4 deaths  4 best lifetime 4.911 mean 1.184 max age 58  season 265 conventional alive  60 births  4 deaths  4 best lifetime 1.979 mean 0.890 max age 58  (5.8s)
WARNING: Nan, Inf or huge value in QACC at DOF 3. The simulation is unstable. Time = 11.3100.

season 266 holistic     alive  60 births  1 deaths  1 best lifetime 4.745 mean 1.188 max age 59  season 266 conventional alive  60 births  3 deaths  3 best lifetime 2.046 mean 0.906 max age 59  (5.6s)
season 267 holistic     alive  60 births  5 deaths  5 best lifetime 3.621 mean 1.141 max age 59  season 267 conventional alive  60 births  3 deaths  3 best lifetime 1.923 mean 0.832 max age 57  (5.5s)
season 268 holistic     alive  60 births  1 deaths  1 best lifetime 2.731 mean 1.139 max age 59  season 268 conventional alive  60 births  0 deaths  0 best lifetime 1.811 mean 0.874 max age 58  (5.7s)
season 269 holistic     alive  60 births  3 deaths  3 best lifetime 2.795 mean 1.112 max age 59  season 269 conventional alive  60 births  0 deaths  0 best lifetime 1.747 mean 0.883 max age 59  (5.7s)
season 270 holistic     alive  60 births  3 deaths  3 best lifetime 2.995 mean 1.021 max age 57  season 270 conventional alive  60 births  4 deaths  4 best lifetime 1.726 mean 0.870 max age 58  (5.6s)
season 271 holistic     alive  60 births  3 deaths  3 best lifetime 2.629 mean 1.055 max age 58  season 271 conventional alive  60 births  1 deaths  1 best lifetime 5.279 mean 1.088 max age 59  (5.5s)
season 272 holistic     alive  60 births  0 deaths  0 best lifetime 2.510 mean 1.089 max age 59  season 272 conventional alive  60 births  3 deaths  3 best lifetime 2.834 mean 0.992 max age 59  (5.5s)
season 273 holistic     alive  60 births  1 deaths  1 best lifetime 2.517 mean 1.069 max age 57  season 273 conventional alive  60 births  3 deaths  3 best lifetime 2.336 mean 0.948 max age 59  (5.7s)
WARNING: Nan, Inf or huge value in QACC at DOF 20. The simulation is unstable. Time = 2.7300.

season 274 holistic     alive  60 births  1 deaths  1 best lifetime 2.637 mean 1.084 max age 58  season 274 conventional alive  60 births  3 deaths  3 best lifetime 2.405 mean 0.923 max age 59  (5.8s)
season 275 holistic     alive  60 births  2 deaths  2 best lifetime 2.362 mean 1.058 max age 59  season 275 conventional alive  60 births  2 deaths  2 best lifetime 2.749 mean 0.903 max age 59  (5.7s)
WARNING: Nan, Inf or huge value in QACC at DOF 23. The simulation is unstable. Time = 4.7500.

season 276 holistic     alive  60 births  2 deaths  2 best lifetime 2.587 mean 1.060 max age 59  season 276 conventional alive  60 births  3 deaths  3 best lifetime 2.178 mean 0.869 max age 58  (5.6s)
season 277 holistic     alive  60 births  2 deaths  2 best lifetime 2.488 mean 1.026 max age 59  season 277 conventional alive  60 births  3 deaths  3 best lifetime 2.416 mean 0.889 max age 59  (5.8s)
season 278 holistic     alive  60 births  3 deaths  3 best lifetime 6.766 mean 1.169 max age 56  season 278 conventional alive  60 births  2 deaths  2 best lifetime 1.669 mean 0.788 max age 58  (5.8s)
season 279 holistic     alive  60 births  0 deaths  0 best lifetime 7.261 mean 1.288 max age 57  season 279 conventional alive  60 births  2 deaths  2 best lifetime 1.873 mean 0.808 max age 59  (5.7s)
season 280 holistic     alive  60 births  0 deaths  0 best lifetime 5.115 mean 1.225 max age 58  season 280 conventional alive  60 births  4 deaths  4 best lifetime 1.697 mean 0.781 max age 58  (5.8s)
season 281 holistic     alive  60 births  0 deaths  0 best lifetime 5.774 mean 1.234 max age 59  season 281 conventional alive  60 births  4 deaths  4 best lifetime 1.552 mean 0.791 max age 59  (5.9s)
season 282 holistic     alive  60 births  2 deaths  2 best lifetime 5.772 mean 1.209 max age 59  season 282 conventional alive  60 births  5 deaths  5 best lifetime 1.548 mean 0.691 max age 59  (5.8s)
season 283 holistic     alive  60 births  2 deaths  2 best lifetime 5.604 mean 1.157 max age 54  season 283 conventional alive  60 births  4 deaths  4 best lifetime 2.236 mean 0.747 max age 59  (5.8s)
season 284 holistic     alive  60 births  0 deaths  0 best lifetime 5.200 mean 1.143 max age 55  season 284 conventional alive  60 births  3 deaths  3 best lifetime 2.440 mean 0.800 max age 58  (5.8s)
WARNING: Nan, Inf or huge value in QACC at DOF 31. The simulation is unstable. Time = 8.7300.

WARNING: Nan, Inf or huge value in QACC at DOF 30. The simulation is unstable. Time = 12.5450.

season 285 holistic     alive  60 births  0 deaths  0 best lifetime 4.644 mean 1.168 max age 56  season 285 conventional alive  60 births  0 deaths  0 best lifetime 2.296 mean 0.897 max age 59  (6.0s)
season 286 holistic     alive  60 births  2 deaths  2 best lifetime 4.323 mean 1.167 max age 57  season 286 conventional alive  60 births  2 deaths  2 best lifetime 2.596 mean 0.848 max age 52  (6.0s)
season 287 holistic     alive  60 births  0 deaths  0 best lifetime 3.868 mean 1.184 max age 58  season 287 conventional alive  60 births  0 deaths  0 best lifetime 2.762 mean 0.878 max age 53  (5.8s)
season 288 holistic     alive  60 births  0 deaths  0 best lifetime 3.766 mean 1.240 max age 59  season 288 conventional alive  60 births  0 deaths  0 best lifetime 3.180 mean 0.863 max age 54  (6.1s)
WARNING: Nan, Inf or huge value in QACC at DOF 10. The simulation is unstable. Time = 6.1850.

season 289 holistic     alive  60 births  1 deaths  1 best lifetime 3.431 mean 1.187 max age 59  season 289 conventional alive  60 births  0 deaths  0 best lifetime 2.181 mean 0.877 max age 55  (6.0s)
season 290 holistic     alive  60 births  1 deaths  1 best lifetime 3.858 mean 1.214 max age 59  season 290 conventional alive  60 births  2 deaths  2 best lifetime 2.932 mean 0.892 max age 56  (5.8s)
season 291 holistic     alive  60 births  2 deaths  2 best lifetime 3.355 mean 1.183 max age 46  season 291 conventional alive  60 births  1 deaths  1 best lifetime 2.782 mean 0.890 max age 57  (5.6s)
season 292 holistic     alive  60 births  0 deaths  0 best lifetime 3.849 mean 1.215 max age 47  season 292 conventional alive  60 births  3 deaths  3 best lifetime 2.681 mean 0.889 max age 58  (5.7s)
season 293 holistic     alive  60 births  0 deaths  0 best lifetime 3.346 mean 1.188 max age 48  season 293 conventional alive  60 births  0 deaths  0 best lifetime 3.182 mean 0.927 max age 59  (5.8s)
season 294 holistic     alive  60 births  0 deaths  0 best lifetime 3.237 mean 1.180 max age 49  season 294 conventional alive  60 births  3 deaths  3 best lifetime 2.806 mean 0.851 max age 58  (5.7s)
season 295 holistic     alive  60 births  1 deaths  1 best lifetime 3.100 mean 1.171 max age 50  season 295 conventional alive  60 births  0 deaths  0 best lifetime 2.627 mean 0.875 max age 59  (5.7s)
season 296 holistic     alive  60 births  0 deaths  0 best lifetime 3.030 mean 1.161 max age 51  season 296 conventional alive  60 births  1 deaths  1 best lifetime 2.382 mean 0.820 max age 56  (5.8s)
season 297 holistic     alive  60 births  0 deaths  0 best lifetime 2.866 mean 1.156 max age 52  season 297 conventional alive  60 births  1 deaths  1 best lifetime 2.366 mean 0.857 max age 57  (5.8s)
WARNING: Nan, Inf or huge value in QACC at DOF 23. The simulation is unstable. Time = 10.8000.

season 298 holistic     alive  60 births  0 deaths  0 best lifetime 3.099 mean 1.159 max age 53  season 298 conventional alive  60 births  0 deaths  0 best lifetime 2.517 mean 0.915 max age 58  (6.1s)
WARNING: Nan, Inf or huge value in QACC at DOF 20. The simulation is unstable. Time = 4.7100.

WARNING: Nan, Inf or huge value in QACC at DOF 20. The simulation is unstable. Time = 6.0150.

season 299 holistic     alive  60 births  2 deaths  2 best lifetime 3.040 mean 1.150 max age 54  season 299 conventional alive  60 births  0 deaths  0 best lifetime 2.338 mean 0.898 max age 59  (6.1s)
WARNING: Nan, Inf or huge value in QACC at DOF 10. The simulation is unstable. Time = 4.1000.

season 300 holistic     alive  60 births  0 deaths  0 best lifetime 2.941 mean 1.141 max age 55  season 300 conventional alive  60 births  2 deaths  2 best lifetime 2.112 mean 0.825 max age 58  (5.8s)
season 301 holistic     alive  60 births  0 deaths  0 best lifetime 3.058 mean 1.168 max age 56  season 301 conventional alive  60 births  0 deaths  0 best lifetime 2.183 mean 0.856 max age 59  (5.7s)
season 302 holistic     alive  60 births  0 deaths  0 best lifetime 3.086 mean 1.162 max age 57  season 302 conventional alive  60 births  1 deaths  1 best lifetime 2.183 mean 0.849 max age 58  (5.7s)
season 303 holistic     alive  60 births  1 deaths  1 best lifetime 3.035 mean 1.162 max age 58  season 303 conventional alive  60 births  1 deaths  1 best lifetime 2.183 mean 0.846 max age 59  (5.7s)
WARNING: Nan, Inf or huge value in QACC at DOF 13. The simulation is unstable. Time = 13.9350.

season 304 holistic     alive  60 births  0 deaths  0 best lifetime 3.136 mean 1.156 max age 59  season 304 conventional alive  60 births  4 deaths  4 best lifetime 2.129 mean 0.776 max age 59  (5.7s)
WARNING: Nan, Inf or huge value in QACC at DOF 15. The simulation is unstable. Time = 9.9750.

season 305 holistic     alive  60 births  1 deaths  1 best lifetime 3.122 mean 1.127 max age 57  season 305 conventional alive  60 births  2 deaths  2 best lifetime 2.079 mean 0.737 max age 59  (5.8s)
season 306 holistic     alive  60 births  0 deaths  0 best lifetime 3.041 mean 1.136 max age 58  season 306 conventional alive  60 births  2 deaths  2 best lifetime 1.935 mean 0.741 max age 59  (6.1s)
season 307 holistic     alive  60 births  0 deaths  0 best lifetime 2.965 mean 1.120 max age 59  season 307 conventional alive  60 births  2 deaths  2 best lifetime 1.803 mean 0.740 max age 59  (5.6s)
WARNING: Nan, Inf or huge value in QACC at DOF 33. The simulation is unstable. Time = 12.9250.

season 308 holistic     alive  60 births  1 deaths  1 best lifetime 2.959 mean 1.133 max age 56  season 308 conventional alive  60 births  1 deaths  1 best lifetime 1.684 mean 0.753 max age 59  (5.5s)
season 309 holistic     alive  60 births  0 deaths  0 best lifetime 2.859 mean 1.156 max age 57  season 309 conventional alive  60 births  3 deaths  3 best lifetime 2.211 mean 0.760 max age 59  (5.8s)
season 310 holistic     alive  60 births  0 deaths  0 best lifetime 2.886 mean 1.167 max age 58  season 310 conventional alive  60 births  1 deaths  1 best lifetime 1.559 mean 0.748 max age 59  (5.6s)
season 311 holistic     alive  60 births  0 deaths  0 best lifetime 2.912 mean 1.165 max age 59  season 311 conventional alive  60 births  4 deaths  4 best lifetime 1.504 mean 0.746 max age 59  (5.5s)
season 312 holistic     alive  60 births  1 deaths  1 best lifetime 2.880 mean 1.137 max age 59  season 312 conventional alive  60 births  1 deaths  1 best lifetime 4.315 mean 0.789 max age 59  (5.7s)
season 313 holistic     alive  60 births  1 deaths  1 best lifetime 2.795 mean 1.146 max age 59  season 313 conventional alive  60 births  3 deaths  3 best lifetime 1.794 mean 0.723 max age 59  (5.8s)
WARNING: Nan, Inf or huge value in QACC at DOF 0. The simulation is unstable. Time = 9.4200.

WARNING: Nan, Inf or huge value in QACC at DOF 3. The simulation is unstable. Time = 13.9150.

WARNING: Nan, Inf or huge value in QACC at DOF 0. The simulation is unstable. Time = 11.2050.

season 314 holistic     alive  60 births  2 deaths  2 best lifetime 2.740 mean 1.088 max age 59  season 314 conventional alive  60 births  2 deaths  2 best lifetime 1.481 mean 0.669 max age 59  (5.8s)
season 315 holistic     alive  60 births  2 deaths  2 best lifetime 3.295 mean 1.126 max age 59  season 315 conventional alive  60 births  6 deaths  6 best lifetime 1.465 mean 0.689 max age 58  (5.8s)
season 316 holistic     alive  60 births  3 deaths  3 best lifetime 4.813 mean 1.192 max age 59  season 316 conventional alive  60 births  2 deaths  2 best lifetime 3.387 mean 0.864 max age 59  (5.9s)
season 317 holistic     alive  60 births  2 deaths  2 best lifetime 4.810 mean 1.145 max age 59  season 317 conventional alive  60 births  3 deaths  3 best lifetime 2.716 mean 0.769 max age 59  (5.6s)
season 318 holistic     alive  60 births  8 deaths  8 best lifetime 3.475 mean 1.041 max age 59  season 318 conventional alive  60 births  5 deaths  5 best lifetime 2.836 mean 0.759 max age 59  (5.6s)
season 319 holistic     alive  60 births  3 deaths  3 best lifetime 3.152 mean 1.109 max age 59  season 319 conventional alive  60 births  3 deaths  3 best lifetime 1.784 mean 0.687 max age 58  (5.9s)
season 320 holistic     alive  60 births  1 deaths  1 best lifetime 5.913 mean 1.326 max age 59  season 320 conventional alive  60 births  1 deaths  1 best lifetime 4.200 mean 0.929 max age 59  (5.9s)
WARNING: Nan, Inf or huge value in QACC at DOF 0. The simulation is unstable. Time = 8.0650.

season 321 holistic     alive  60 births  3 deaths  3 best lifetime 5.410 mean 1.331 max age 58  season 321 conventional alive  60 births  2 deaths  2 best lifetime 1.946 mean 0.801 max age 56  (5.8s)
season 322 holistic     alive  60 births  0 deaths  0 best lifetime 4.587 mean 1.374 max age 59  season 322 conventional alive  60 births  1 deaths  1 best lifetime 2.107 mean 0.851 max age 57  (5.8s)
season 323 holistic     alive  60 births  2 deaths  2 best lifetime 4.426 mean 1.349 max age 59  season 323 conventional alive  60 births  1 deaths  1 best lifetime 3.368 mean 0.936 max age 58  (5.7s)
season 324 holistic     alive  60 births  6 deaths  6 best lifetime 4.327 mean 1.273 max age 59  season 324 conventional alive  60 births  2 deaths  2 best lifetime 3.709 mean 0.962 max age 59  (5.9s)
season 325 holistic     alive  60 births  2 deaths  2 best lifetime 4.089 mean 1.198 max age 59  season 325 conventional alive  60 births  2 deaths  2 best lifetime 3.210 mean 0.961 max age 58  (5.6s)
season 326 holistic     alive  60 births  1 deaths  1 best lifetime 3.776 mean 1.309 max age 59  season 326 conventional alive  60 births  0 deaths  0 best lifetime 2.575 mean 0.940 max age 59  (5.8s)
WARNING: Nan, Inf or huge value in QACC at DOF 24. The simulation is unstable. Time = 5.5400.

season 327 holistic     alive  60 births  3 deaths  3 best lifetime 3.653 mean 1.216 max age 59  season 327 conventional alive  60 births  1 deaths  1 best lifetime 2.543 mean 0.861 max age 57  (5.7s)
season 328 holistic     alive  60 births  2 deaths  2 best lifetime 3.150 mean 1.257 max age 59  season 328 conventional alive  60 births  1 deaths  1 best lifetime 2.663 mean 0.861 max age 58  (6.0s)
season 329 holistic     alive  60 births  2 deaths  2 best lifetime 2.920 mean 1.230 max age 59  season 329 conventional alive  60 births  1 deaths  1 best lifetime 2.627 mean 0.823 max age 59  (5.9s)
season 330 holistic     alive  60 births  2 deaths  2 best lifetime 11.788 mean 1.426 max age 59  season 330 conventional alive  60 births  3 deaths  3 best lifetime 2.378 mean 0.794 max age 59  (6.0s)
season 331 holistic     alive  60 births  3 deaths  3 best lifetime 6.277 mean 1.289 max age 58  season 331 conventional alive  60 births  2 deaths  2 best lifetime 2.490 mean 0.811 max age 59  (6.0s)
season 332 holistic     alive  60 births  0 deaths  0 best lifetime 6.731 mean 1.394 max age 59  season 332 conventional alive  60 births  3 deaths  3 best lifetime 2.011 mean 0.798 max age 58  (6.0s)
season 333 holistic     alive  60 births  2 deaths  2 best lifetime 6.740 mean 1.464 max age 59  season 333 conventional alive  60 births  1 deaths  1 best lifetime 1.883 mean 0.864 max age 59  (6.0s)
season 334 holistic     alive  60 births  1 deaths  1 best lifetime 4.740 mean 1.443 max age 59  season 334 conventional alive  60 births  1 deaths  1 best lifetime 2.059 mean 0.913 max age 57  (5.8s)
season 335 holistic     alive  60 births  3 deaths  3 best lifetime 3.940 mean 1.363 max age 59  season 335 conventional alive  60 births  1 deaths  1 best lifetime 3.371 mean 0.938 max age 58  (5.8s)
season 336 holistic     alive  60 births  2 deaths  2 best lifetime 3.916 mean 1.377 max age 59  season 336 conventional alive  60 births  0 deaths  0 best lifetime 2.419 mean 0.897 max age 59  (5.9s)
season 337 holistic     alive  60 births  2 deaths  2 best lifetime 4.897 mean 1.419 max age 59  season 337 conventional alive  60 births  3 deaths  3 best lifetime 1.852 mean 0.900 max age 58  (5.7s)
WARNING: Nan, Inf or huge value in QACC at DOF 10. The simulation is unstable. Time = 6.4100.

season 338 holistic     alive  60 births  2 deaths  2 best lifetime 4.661 mean 1.336 max age 55  season 338 conventional alive  60 births  0 deaths  0 best lifetime 2.304 mean 0.886 max age 59  (5.8s)
season 339 holistic     alive  60 births  0 deaths  0 best lifetime 4.570 mean 1.396 max age 56  season 339 conventional alive  60 births  2 deaths  2 best lifetime 1.873 mean 0.905 max age 59  (5.9s)
season 340 holistic     alive  60 births  1 deaths  1 best lifetime 4.406 mean 1.381 max age 57  season 340 conventional alive  60 births  3 deaths  3 best lifetime 1.817 mean 0.866 max age 59  (5.7s)
season 341 holistic     alive  60 births  1 deaths  1 best lifetime 4.187 mean 1.375 max age 58  season 341 conventional alive  60 births  2 deaths  2 best lifetime 2.326 mean 0.870 max age 59  (5.7s)
season 342 holistic     alive  60 births  0 deaths  0 best lifetime 3.847 mean 1.412 max age 59  season 342 conventional alive  60 births  3 deaths  3 best lifetime 1.994 mean 0.826 max age 59  (5.8s)
season 343 holistic     alive  60 births  1 deaths  1 best lifetime 3.840 mean 1.432 max age 57  season 343 conventional alive  60 births  4 deaths  4 best lifetime 2.276 mean 0.802 max age 59  (5.9s)
season 344 holistic     alive  60 births  0 deaths  0 best lifetime 3.702 mean 1.377 max age 58  season 344 conventional alive  60 births  3 deaths  3 best lifetime 2.792 mean 0.869 max age 58  (5.7s)
WARNING: Nan, Inf or huge value in QACC at DOF 23. The simulation is unstable. Time = 11.3000.

season 345 holistic     alive  60 births  0 deaths  0 best lifetime 3.832 mean 1.359 max age 59  season 345 conventional alive  60 births  0 deaths  0 best lifetime 2.994 mean 0.854 max age 59  (5.9s)
season 346 holistic     alive  60 births  2 deaths  2 best lifetime 3.593 mean 1.326 max age 57  season 346 conventional alive  60 births  3 deaths  3 best lifetime 2.679 mean 0.845 max age 56  (6.0s)
season 347 holistic     alive  60 births  0 deaths  0 best lifetime 7.926 mean 1.430 max age 58  season 347 conventional alive  60 births  3 deaths  3 best lifetime 4.400 mean 0.888 max age 57  (6.1s)
season 348 holistic     alive  60 births  0 deaths  0 best lifetime 3.927 mean 1.384 max age 59  season 348 conventional alive  60 births  4 deaths  4 best lifetime 2.898 mean 0.858 max age 58  (5.8s)
season 349 holistic     alive  60 births  1 deaths  1 best lifetime 3.595 mean 1.340 max age 59  season 349 conventional alive  60 births  0 deaths  0 best lifetime 2.063 mean 0.849 max age 59  (6.0s)
season 350 holistic     alive  60 births  1 deaths  1 best lifetime 3.200 mean 1.302 max age 51  season 350 conventional alive  60 births  3 deaths  3 best lifetime 2.859 mean 0.823 max age 59  (5.9s)
WARNING: Nan, Inf or huge value in QACC at DOF 0. The simulation is unstable. Time = 7.6950.

season 351 holistic     alive  60 births  0 deaths  0 best lifetime 3.180 mean 1.300 max age 52  season 351 conventional alive  60 births  2 deaths  2 best lifetime 2.356 mean 0.826 max age 59  (5.9s)
WARNING: Nan, Inf or huge value in QACC at DOF 14. The simulation is unstable. Time = 13.8050.

season 352 holistic     alive  60 births  0 deaths  0 best lifetime 3.119 mean 1.338 max age 53  season 352 conventional alive  60 births  1 deaths  1 best lifetime 2.869 mean 0.868 max age 58  (6.0s)
season 353 holistic     alive  60 births  0 deaths  0 best lifetime 3.021 mean 1.327 max age 54  season 353 conventional alive  60 births  1 deaths  1 best lifetime 2.928 mean 0.853 max age 59  (5.9s)
WARNING: Nan, Inf or huge value in QACC at DOF 20. The simulation is unstable. Time = 8.4650.

season 354 holistic     alive  60 births  0 deaths  0 best lifetime 3.131 mean 1.331 max age 55  season 354 conventional alive  60 births  1 deaths  1 best lifetime 2.483 mean 0.889 max age 57  (6.7s)
season 355 holistic     alive  60 births  0 deaths  0 best lifetime 3.118 mean 1.311 max age 56  season 355 conventional alive  60 births  1 deaths  1 best lifetime 2.358 mean 0.902 max age 58  (6.0s)
season 356 holistic     alive  60 births  0 deaths  0 best lifetime 3.031 mean 1.312 max age 57  season 356 conventional alive  60 births  0 deaths  0 best lifetime 2.158 mean 0.929 max age 59  (5.9s)
WARNING: Nan, Inf or huge value in QACC at DOF 10. The simulation is unstable. Time = 10.6700.

season 357 holistic     alive  60 births  1 deaths  1 best lifetime 3.093 mean 1.308 max age 58  season 357 conventional alive  60 births  1 deaths  1 best lifetime 2.003 mean 0.932 max age 57  (6.2s)
season 358 holistic     alive  60 births  0 deaths  0 best lifetime 3.151 mean 1.327 max age 59  season 358 conventional alive  60 births  0 deaths  0 best lifetime 1.939 mean 0.888 max age 58  (5.9s)
season 359 holistic     alive  60 births  1 deaths  1 best lifetime 3.305 mean 1.327 max age 56  season 359 conventional alive  60 births  0 deaths  0 best lifetime 2.125 mean 0.863 max age 59  (5.9s)
season 360 holistic     alive  60 births  0 deaths  0 best lifetime 3.287 mean 1.363 max age 57  season 360 conventional alive  60 births  2 deaths  2 best lifetime 2.070 mean 0.845 max age 57  (5.8s)
season 361 holistic     alive  60 births  0 deaths  0 best lifetime 3.272 mean 1.362 max age 58  season 361 conventional alive  60 births  1 deaths  1 best lifetime 3.470 mean 0.901 max age 58  (5.8s)
season 362 holistic     alive  60 births  0 deaths  0 best lifetime 3.257 mean 1.363 max age 59  season 362 conventional alive  60 births  0 deaths  0 best lifetime 2.355 mean 0.891 max age 59  (5.7s)
season 363 holistic     alive  60 births  1 deaths  1 best lifetime 3.213 mean 1.344 max age 58  season 363 conventional alive  60 births  2 deaths  2 best lifetime 1.766 mean 0.835 max age 59  (5.6s)
season 364 holistic     alive  60 births  0 deaths  0 best lifetime 3.229 mean 1.337 max age 59  season 364 conventional alive  60 births  1 deaths  1 best lifetime 1.880 mean 0.830 max age 58  (5.9s)
season 365 holistic     alive  60 births  1 deaths  1 best lifetime 3.244 mean 1.370 max age 57  season 365 conventional alive  60 births  0 deaths  0 best lifetime 2.354 mean 0.889 max age 59  (6.0s)
season 366 holistic     alive  60 births  0 deaths  0 best lifetime 3.304 mean 1.362 max age 58  season 366 conventional alive  60 births  2 deaths  2 best lifetime 2.023 mean 0.846 max age 59  (5.7s)
season 367 holistic     alive  60 births  0 deaths  0 best lifetime 3.348 mean 1.368 max age 59  season 367 conventional alive  60 births  1 deaths  1 best lifetime 1.932 mean 0.866 max age 59  (5.7s)
WARNING: Nan, Inf or huge value in QACC at DOF 33. The simulation is unstable. Time = 4.6500.

season 368 holistic     alive  60 births  1 deaths  1 best lifetime 3.384 mean 1.362 max age 56  season 368 conventional alive  60 births  2 deaths  2 best lifetime 1.993 mean 0.866 max age 58  (5.7s)
season 369 holistic     alive  60 births  0 deaths  0 best lifetime 3.664 mean 1.361 max age 57  season 369 conventional alive  60 births  0 deaths  0 best lifetime 2.233 mean 0.915 max age 59  (5.7s)
season 370 holistic     alive  60 births  0 deaths  0 best lifetime 3.901 mean 1.381 max age 58  season 370 conventional alive  60 births  1 deaths  1 best lifetime 1.738 mean 0.881 max age 59  (6.0s)
season 371 holistic     alive  60 births  0 deaths  0 best lifetime 3.961 mean 1.378 max age 59  season 371 conventional alive  60 births  4 deaths  4 best lifetime 1.609 mean 0.814 max age 58  (6.0s)
season 372 holistic     alive  60 births  1 deaths  1 best lifetime 3.748 mean 1.386 max age 59  season 372 conventional alive  60 births  0 deaths  0 best lifetime 1.585 mean 0.841 max age 59  (5.8s)
season 373 holistic     alive  60 births  1 deaths  1 best lifetime 3.685 mean 1.383 max age 59  season 373 conventional alive  60 births  1 deaths  1 best lifetime 1.872 mean 0.863 max age 59  (5.9s)
season 374 holistic     alive  60 births  1 deaths  1 best lifetime 3.630 mean 1.355 max age 59  season 374 conventional alive  60 births  2 deaths  2 best lifetime 1.711 mean 0.799 max age 59  (5.8s)
season 375 holistic     alive  60 births  2 deaths  2 best lifetime 3.470 mean 1.308 max age 59  season 375 conventional alive  60 births  4 deaths  4 best lifetime 1.630 mean 0.753 max age 59  (6.1s)
WARNING: Nan, Inf or huge value in QACC at DOF 0. The simulation is unstable. Time = 8.8900.

season 376 holistic     alive  60 births  3 deaths  3 best lifetime 3.412 mean 1.355 max age 59  season 376 conventional alive  60 births  3 deaths  3 best lifetime 2.690 mean 0.783 max age 59  (5.7s)
season 377 holistic     alive  60 births  1 deaths  1 best lifetime 3.623 mean 1.425 max age 59  season 377 conventional alive  60 births  3 deaths  3 best lifetime 2.524 mean 0.717 max age 59  (5.8s)
season 378 holistic     alive  60 births  8 deaths  8 best lifetime 3.386 mean 1.226 max age 59  season 378 conventional alive  60 births  4 deaths  4 best lifetime 2.440 mean 0.711 max age 59  (5.9s)
season 379 holistic     alive  60 births  3 deaths  3 best lifetime 3.383 mean 1.191 max age 59  season 379 conventional alive  60 births  2 deaths  2 best lifetime 6.325 mean 1.065 max age 58  (5.7s)
season 380 holistic     alive  60 births  1 deaths  1 best lifetime 3.460 mean 1.207 max age 59  season 380 conventional alive  60 births  0 deaths  0 best lifetime 5.323 mean 1.098 max age 59  (5.8s)
season 381 holistic     alive  60 births  4 deaths  4 best lifetime 3.466 mean 1.156 max age 58  season 381 conventional alive  60 births  3 deaths  3 best lifetime 3.997 mean 1.000 max age 57  (5.8s)
season 382 holistic     alive  60 births  5 deaths  5 best lifetime 3.839 mean 1.248 max age 59  season 382 conventional alive  60 births  0 deaths  0 best lifetime 3.354 mean 0.954 max age 58  (5.9s)
season 383 holistic     alive  60 births  3 deaths  3 best lifetime 3.496 mean 1.214 max age 59  season 383 conventional alive  60 births  0 deaths  0 best lifetime 3.150 mean 0.951 max age 59  (5.8s)
season 384 holistic     alive  60 births  4 deaths  4 best lifetime 3.429 mean 1.280 max age 59  season 384 conventional alive  60 births  2 deaths  2 best lifetime 2.847 mean 0.926 max age 57  (5.8s)
season 385 holistic     alive  60 births  1 deaths  1 best lifetime 9.790 mean 1.451 max age 59  season 385 conventional alive  60 births  0 deaths  0 best lifetime 2.774 mean 0.931 max age 58  (5.9s)
season 386 holistic     alive  60 births  4 deaths  4 best lifetime 5.315 mean 1.362 max age 59  season 386 conventional alive  60 births  1 deaths  1 best lifetime 2.336 mean 0.914 max age 59  (5.8s)
season 387 holistic     alive  60 births  2 deaths  2 best lifetime 5.469 mean 1.438 max age 59  season 387 conventional alive  60 births  1 deaths  1 best lifetime 2.276 mean 0.923 max age 57  (5.9s)
season 388 holistic     alive  60 births  2 deaths  2 best lifetime 5.047 mean 1.408 max age 59  season 388 conventional alive  60 births  1 deaths  1 best lifetime 3.313 mean 0.922 max age 58  (6.0s)
season 389 holistic     alive  60 births  2 deaths  2 best lifetime 4.196 mean 1.314 max age 59  season 389 conventional alive  60 births  0 deaths  0 best lifetime 1.983 mean 0.889 max age 59  (6.0s)
season 390 holistic     alive  60 births  4 deaths  4 best lifetime 4.129 mean 1.309 max age 59  season 390 conventional alive  60 births  2 deaths  2 best lifetime 1.817 mean 0.877 max age 59  (6.0s)
season 391 holistic     alive  60 births  2 deaths  2 best lifetime 3.514 mean 1.244 max age 58  season 391 conventional alive  60 births  1 deaths  1 best lifetime 1.717 mean 0.857 max age 59  (6.0s)
season 392 holistic     alive  60 births  1 deaths  1 best lifetime 3.422 mean 1.416 max age 59  season 392 conventional alive  60 births  1 deaths  1 best lifetime 1.767 mean 0.873 max age 58  (5.9s)
season 393 holistic     alive  60 births  2 deaths  2 best lifetime 3.358 mean 1.349 max age 59  season 393 conventional alive  60 births  0 deaths  0 best lifetime 1.821 mean 0.942 max age 59  (5.9s)
season 394 holistic     alive  60 births  3 deaths  3 best lifetime 3.314 mean 1.271 max age 59  season 394 conventional alive  60 births  2 deaths  2 best lifetime 1.891 mean 0.876 max age 59  (6.0s)
season 395 holistic     alive  60 births  4 deaths  4 best lifetime 5.807 mean 1.372 max age 59  season 395 conventional alive  60 births  1 deaths  1 best lifetime 2.324 mean 0.868 max age 58  (6.0s)
season 396 holistic     alive  60 births  1 deaths  1 best lifetime 3.897 mean 1.421 max age 59  season 396 conventional alive  60 births  0 deaths  0 best lifetime 2.208 mean 0.893 max age 59  (5.7s)
season 397 holistic     alive  60 births  2 deaths  2 best lifetime 3.397 mean 1.420 max age 59  season 397 conventional alive  60 births  3 deaths  3 best lifetime 2.106 mean 0.864 max age 57  (6.2s)
season 398 holistic     alive  60 births  2 deaths  2 best lifetime 3.357 mean 1.368 max age 58  season 398 conventional alive  60 births  0 deaths  0 best lifetime 1.965 mean 0.882 max age 58  (6.0s)
WARNING: Nan, Inf or huge value in QACC at DOF 33. The simulation is unstable. Time = 1.3750.

season 399 holistic     alive  60 births  0 deaths  0 best lifetime 3.366 mean 1.373 max age 59  season 399 conventional alive  60 births  0 deaths  0 best lifetime 2.121 mean 0.891 max age 59  (5.8s)
season 400 holistic     alive  60 births  2 deaths  2 best lifetime 3.305 mean 1.346 max age 59  season 400 conventional alive  60 births  3 deaths  3 best lifetime 1.993 mean 0.855 max age 59  (6.1s)
season 401 holistic     alive  60 births  1 deaths  1 best lifetime 4.890 mean 1.491 max age 58  season 401 conventional alive  60 births  1 deaths  1 best lifetime 1.874 mean 0.808 max age 59  (6.6s)
season 402 holistic     alive  60 births  0 deaths  0 best lifetime 3.890 mean 1.514 max age 59  season 402 conventional alive  60 births  3 deaths  3 best lifetime 2.805 mean 0.864 max age 59  (5.8s)
season 403 holistic     alive  60 births  1 deaths  1 best lifetime 3.885 mean 1.434 max age 57  season 403 conventional alive  60 births  4 deaths  4 best lifetime 1.746 mean 0.773 max age 59  (6.1s)
WARNING: Nan, Inf or huge value in QACC at DOF 10. The simulation is unstable. Time = 4.9550.

season 404 holistic     alive  60 births  0 deaths  0 best lifetime 3.883 mean 1.463 max age 58  season 404 conventional alive  60 births  5 deaths  5 best lifetime 2.289 mean 0.765 max age 58  (6.1s)
season 405 holistic     alive  60 births  0 deaths  0 best lifetime 3.681 mean 1.446 max age 59  season 405 conventional alive  60 births  3 deaths  3 best lifetime 1.794 mean 0.751 max age 59  (5.9s)
season 406 holistic     alive  60 births  2 deaths  2 best lifetime 3.197 mean 1.417 max age 56  season 406 conventional alive  60 births  4 deaths  4 best lifetime 1.839 mean 0.726 max age 59  (5.9s)
WARNING: Nan, Inf or huge value in QACC at DOF 0. The simulation is unstable. Time = 14.1550.

season 407 holistic     alive  60 births  0 deaths  0 best lifetime 3.228 mean 1.410 max age 57  season 407 conventional alive  60 births  1 deaths  1 best lifetime 4.319 mean 0.976 max age 59  (6.2s)
season 408 holistic     alive  60 births  0 deaths  0 best lifetime 3.180 mean 1.414 max age 58  season 408 conventional alive  60 births  4 deaths  4 best lifetime 2.827 mean 0.913 max age 58  (6.0s)
season 409 holistic     alive  60 births  0 deaths  0 best lifetime 3.229 mean 1.393 max age 59  season 409 conventional alive  60 births  1 deaths  1 best lifetime 2.311 mean 0.842 max age 59  (6.0s)
season 410 holistic     alive  60 births  2 deaths  2 best lifetime 3.163 mean 1.351 max age 53  season 410 conventional alive  60 births  2 deaths  2 best lifetime 2.318 mean 0.831 max age 58  (6.0s)
season 411 holistic     alive  60 births  0 deaths  0 best lifetime 3.137 mean 1.380 max age 54  season 411 conventional alive  60 births  2 deaths  2 best lifetime 1.988 mean 0.842 max age 59  (6.5s)
season 412 holistic     alive  60 births  0 deaths  0 best lifetime 5.789 mean 1.433 max age 55  season 412 conventional alive  60 births  3 deaths  3 best lifetime 2.264 mean 0.806 max age 59  (6.1s)
season 413 holistic     alive  60 births  0 deaths  0 best lifetime 4.119 mean 1.384 max age 56  season 413 conventional alive  60 births  4 deaths  4 best lifetime 1.667 mean 0.728 max age 59  (6.3s)
season 414 holistic     alive  60 births  1 deaths  1 best lifetime 4.045 mean 1.375 max age 57  season 414 conventional alive  60 births  3 deaths  3 best lifetime 5.247 mean 0.822 max age 54  (5.9s)
WARNING: Nan, Inf or huge value in QACC at DOF 30. The simulation is unstable. Time = 9.5150.

season 415 holistic     alive  60 births  0 deaths  0 best lifetime 3.591 mean 1.394 max age 58  season 415 conventional alive  60 births  1 deaths  1 best lifetime 2.242 mean 0.818 max age 55  (5.9s)
season 416 holistic     alive  60 births  0 deaths  0 best lifetime 3.457 mean 1.392 max age 59  season 416 conventional alive  60 births  1 deaths  1 best lifetime 2.559 mean 0.799 max age 56  (5.8s)
WARNING: Nan, Inf or huge value in QACC at DOF 10. The simulation is unstable. Time = 10.5100.

season 417 holistic     alive  60 births  1 deaths  1 best lifetime 3.369 mean 1.352 max age 58  season 417 conventional alive  60 births  5 deaths  5 best lifetime 2.186 mean 0.776 max age 57  (6.3s)
season 418 holistic     alive  60 births  0 deaths  0 best lifetime 3.548 mean 1.399 max age 59  season 418 conventional alive  60 births  1 deaths  1 best lifetime 2.186 mean 0.834 max age 58  (6.1s)
season 419 holistic     alive  60 births  1 deaths  1 best lifetime 3.352 mean 1.387 max age 56  season 419 conventional alive  60 births  2 deaths  2 best lifetime 2.396 mean 0.814 max age 59  (6.1s)
season 420 holistic     alive  60 births  0 deaths  0 best lifetime 3.396 mean 1.390 max age 57  season 420 conventional alive  60 births  2 deaths  2 best lifetime 2.021 mean 0.777 max age 57  (6.2s)
season 421 holistic     alive  60 births  0 deaths  0 best lifetime 3.342 mean 1.396 max age 58  season 421 conventional alive  60 births  2 deaths  2 best lifetime 2.380 mean 0.777 max age 58  (6.0s)
season 422 holistic     alive  60 births  0 deaths  0 best lifetime 3.378 mean 1.411 max age 59  season 422 conventional alive  60 births  1 deaths  1 best lifetime 1.689 mean 0.790 max age 59  (5.9s)
season 423 holistic     alive  60 births  1 deaths  1 best lifetime 3.409 mean 1.385 max age 58  season 423 conventional alive  60 births  3 deaths  3 best lifetime 1.632 mean 0.781 max age 59  (6.2s)
season 424 holistic     alive  60 births  0 deaths  0 best lifetime 3.793 mean 1.455 max age 59  season 424 conventional alive  60 births  2 deaths  2 best lifetime 1.922 mean 0.799 max age 58  (6.0s)
season 425 holistic     alive  60 births  1 deaths  1 best lifetime 3.862 mean 1.402 max age 57  season 425 conventional alive  60 births  1 deaths  1 best lifetime 1.751 mean 0.795 max age 59  (6.2s)
season 426 holistic     alive  60 births  0 deaths  0 best lifetime 3.670 mean 1.401 max age 58  season 426 conventional alive  60 births  2 deaths  2 best lifetime 6.217 mean 0.909 max age 58  (6.0s)
WARNING: Nan, Inf or huge value in QACC at DOF 10. The simulation is unstable. Time = 7.3600.

season 427 holistic     alive  60 births  0 deaths  0 best lifetime 3.559 mean 1.397 max age 59  season 427 conventional alive  60 births  2 deaths  2 best lifetime 2.653 mean 0.877 max age 59  (6.2s)
WARNING: Nan, Inf or huge value in QACC at DOF 20. The simulation is unstable. Time = 3.8200.

season 428 holistic     alive  60 births  1 deaths  1 best lifetime 3.461 mean 1.370 max age 55  season 428 conventional alive  60 births  1 deaths  1 best lifetime 2.847 mean 0.886 max age 57  (5.9s)
season 429 holistic     alive  60 births  0 deaths  0 best lifetime 3.427 mean 1.357 max age 56  season 429 conventional alive  60 births  1 deaths  1 best lifetime 2.609 mean 0.847 max age 58  (6.1s)
season 430 holistic     alive  60 births  0 deaths  0 best lifetime 3.445 mean 1.357 max age 57  season 430 conventional alive  60 births  0 deaths  0 best lifetime 2.185 mean 0.846 max age 59  (6.1s)
season 431 holistic     alive  60 births  0 deaths  0 best lifetime 3.319 mean 1.348 max age 58  season 431 conventional alive  60 births  3 deaths  3 best lifetime 1.959 mean 0.797 max age 57  (6.0s)
season 432 holistic     alive  60 births  0 deaths  0 best lifetime 3.203 mean 1.356 max age 59  season 432 conventional alive  60 births  0 deaths  0 best lifetime 3.213 mean 0.876 max age 58  (6.2s)
season 433 holistic     alive  60 births  1 deaths  1 best lifetime 3.186 mean 1.333 max age 59  season 433 conventional alive  60 births  1 deaths  1 best lifetime 1.728 mean 0.871 max age 59  (6.1s)
season 434 holistic     alive  60 births  1 deaths  1 best lifetime 3.045 mean 1.385 max age 59  season 434 conventional alive  60 births  3 deaths  3 best lifetime 1.876 mean 0.839 max age 59  (6.5s)
season 435 holistic     alive  60 births  1 deaths  1 best lifetime 2.956 mean 1.334 max age 59  season 435 conventional alive  60 births  2 deaths  2 best lifetime 3.233 mean 0.905 max age 59  (6.4s)
season 436 holistic     alive  60 births  3 deaths  3 best lifetime 4.830 mean 1.343 max age 58  season 436 conventional alive  60 births  4 deaths  4 best lifetime 2.209 mean 0.827 max age 59  (6.2s)
season 437 holistic     alive  60 births  0 deaths  0 best lifetime 3.333 mean 1.372 max age 59  season 437 conventional alive  60 births  3 deaths  3 best lifetime 3.299 mean 0.884 max age 59  (6.3s)
season 438 holistic     alive  60 births  4 deaths  4 best lifetime 3.009 mean 1.317 max age 59  season 438 conventional alive  60 births  3 deaths  3 best lifetime 4.482 mean 0.993 max age 59  (6.2s)
season 439 holistic     alive  60 births  1 deaths  1 best lifetime 3.097 mean 1.289 max age 59  season 439 conventional alive  60 births  2 deaths  2 best lifetime 3.488 mean 0.960 max age 58  (6.8s)
season 440 holistic     alive  60 births  1 deaths  1 best lifetime 2.937 mean 1.291 max age 59  season 440 conventional alive  60 births  2 deaths  2 best lifetime 2.100 mean 0.905 max age 59  (6.3s)
season 441 holistic     alive  60 births  3 deaths  3 best lifetime 2.791 mean 1.220 max age 59  season 441 conventional alive  60 births  5 deaths  5 best lifetime 3.427 mean 0.809 max age 57  (6.0s)
season 442 holistic     alive  60 births  3 deaths  3 best lifetime 2.789 mean 1.240 max age 59  season 442 conventional alive  60 births  1 deaths  1 best lifetime 2.441 mean 0.887 max age 58  (6.3s)
season 443 holistic     alive  60 births  3 deaths  3 best lifetime 3.326 mean 1.238 max age 59  season 443 conventional alive  60 births  0 deaths  0 best lifetime 2.543 mean 0.861 max age 59  (6.3s)
season 444 holistic     alive  60 births  5 deaths  5 best lifetime 3.584 mean 1.198 max age 59  season 444 conventional alive  60 births  1 deaths  1 best lifetime 2.342 mean 0.885 max age 58  (6.2s)
season 445 holistic     alive  60 births  1 deaths  1 best lifetime 3.007 mean 1.186 max age 59  season 445 conventional alive  60 births  1 deaths  1 best lifetime 1.934 mean 0.846 max age 59  (6.3s)
season 446 holistic     alive  60 births  3 deaths  3 best lifetime 2.922 mean 1.198 max age 59  season 446 conventional alive  60 births  1 deaths  1 best lifetime 1.718 mean 0.833 max age 56  (6.2s)
season 447 holistic     alive  60 births  2 deaths  2 best lifetime 2.730 mean 1.188 max age 59  season 447 conventional alive  60 births  0 deaths  0 best lifetime 1.566 mean 0.834 max age 57  (6.4s)
season 448 holistic     alive  60 births  2 deaths  2 best lifetime 2.635 mean 1.116 max age 59  season 448 conventional alive  60 births  1 deaths  1 best lifetime 1.682 mean 0.791 max age 58  (6.4s)
WARNING: Nan, Inf or huge value in QACC at DOF 20. The simulation is unstable. Time = 4.8550.

season 449 holistic     alive  60 births  4 deaths  4 best lifetime 2.826 mean 1.185 max age 59  season 449 conventional alive  60 births  0 deaths  0 best lifetime 1.577 mean 0.791 max age 59  (6.3s)
season 450 holistic     alive  60 births  2 deaths  2 best lifetime 3.752 mean 1.205 max age 59  season 450 conventional alive  60 births  3 deaths  3 best lifetime 1.592 mean 0.787 max age 56  (6.5s)
WARNING: Nan, Inf or huge value in QACC at DOF 24. The simulation is unstable. Time = 12.3650.

season 451 holistic     alive  60 births  3 deaths  3 best lifetime 5.591 mean 1.246 max age 59  season 451 conventional alive  60 births  0 deaths  0 best lifetime 1.483 mean 0.799 max age 57  (6.2s)
WARNING: Nan, Inf or huge value in QACC at DOF 0. The simulation is unstable. Time = 14.6950.

season 452 holistic     alive  60 births  3 deaths  3 best lifetime 4.091 mean 1.301 max age 59  season 452 conventional alive  60 births  2 deaths  2 best lifetime 1.749 mean 0.832 max age 58  (6.2s)
season 453 holistic     alive  60 births  1 deaths  1 best lifetime 4.258 mean 1.253 max age 59  season 453 conventional alive  60 births  1 deaths  1 best lifetime 1.666 mean 0.817 max age 59  (6.6s)
season 454 holistic     alive  60 births  4 deaths  4 best lifetime 3.584 mean 1.212 max age 59  season 454 conventional alive  60 births  2 deaths  2 best lifetime 2.310 mean 0.856 max age 57  (6.5s)
season 455 holistic     alive  60 births  4 deaths  4 best lifetime 5.923 mean 1.351 max age 59  season 455 conventional alive  60 births  1 deaths  1 best lifetime 2.317 mean 0.872 max age 58  (6.4s)
season 456 holistic     alive  60 births  2 deaths  2 best lifetime 3.920 mean 1.363 max age 59  season 456 conventional alive  60 births  1 deaths  1 best lifetime 1.933 mean 0.799 max age 59  (6.7s)
WARNING: Nan, Inf or huge value in QACC at DOF 0. The simulation is unstable. Time = 3.0500.

season 457 holistic     alive  60 births  2 deaths  2 best lifetime 3.912 mean 1.313 max age 59  season 457 conventional alive  60 births  2 deaths  2 best lifetime 3.195 mean 0.832 max age 57  (6.4s)
WARNING: Nan, Inf or huge value in QACC at DOF 19. The simulation is unstable. Time = 6.0700.

WARNING: Nan, Inf or huge value in QACC at DOF 9. The simulation is unstable. Time = 1.7650.

season 458 holistic     alive  60 births  2 deaths  2 best lifetime 4.611 mean 1.315 max age 58  season 458 conventional alive  60 births  0 deaths  0 best lifetime 2.194 mean 0.798 max age 58  (6.6s)
season 459 holistic     alive  60 births  1 deaths  1 best lifetime 3.113 mean 1.370 max age 59  season 459 conventional alive  60 births  0 deaths  0 best lifetime 1.926 mean 0.836 max age 59  (6.6s)
season 460 holistic     alive  60 births  3 deaths  3 best lifetime 2.893 mean 1.301 max age 59  season 460 conventional alive  60 births  2 deaths  2 best lifetime 1.898 mean 0.854 max age 57  (6.7s)
season 461 holistic     alive  60 births  1 deaths  1 best lifetime 2.890 mean 1.321 max age 58  season 461 conventional alive  60 births  1 deaths  1 best lifetime 1.891 mean 0.877 max age 58  (6.5s)
WARNING: Nan, Inf or huge value in QACC at DOF 9. The simulation is unstable. Time = 12.1650.

WARNING: Nan, Inf or huge value in QACC at DOF 18. The simulation is unstable. Time = 7.9550.

season 462 holistic     alive  60 births  0 deaths  0 best lifetime 2.830 mean 1.296 max age 59  season 462 conventional alive  60 births  0 deaths  0 best lifetime 1.848 mean 0.844 max age 59  (6.4s)
WARNING: Nan, Inf or huge value in QACC at DOF 9. The simulation is unstable. Time = 4.1650.

season 463 holistic     alive  60 births  1 deaths  1 best lifetime 2.772 mean 1.286 max age 57  season 463 conventional alive  60 births  2 deaths  2 best lifetime 1.892 mean 0.841 max age 59  (6.5s)
WARNING: Nan, Inf or huge value in QACC at DOF 10. The simulation is unstable. Time = 10.6950.

season 464 holistic     alive  60 births  1 deaths  1 best lifetime 2.917 mean 1.295 max age 58  season 464 conventional alive  60 births  2 deaths  2 best lifetime 1.825 mean 0.790 max age 59  (6.5s)
season 465 holistic     alive  60 births  0 deaths  0 best lifetime 3.279 mean 1.314 max age 59  season 465 conventional alive  60 births  3 deaths  3 best lifetime 2.931 mean 0.812 max age 59  (6.8s)
season 466 holistic     alive  60 births  1 deaths  1 best lifetime 2.998 mean 1.294 max age 56  season 466 conventional alive  60 births  4 deaths  4 best lifetime 2.429 mean 0.793 max age 58  (6.6s)
season 467 holistic     alive  60 births  2 deaths  2 best lifetime 6.894 mean 1.458 max age 57  season 467 conventional alive  60 births  2 deaths  2 best lifetime 2.299 mean 0.863 max age 59  (6.6s)
season 468 holistic     alive  60 births  0 deaths  0 best lifetime 5.395 mean 1.481 max age 58  season 468 conventional alive  60 births  3 deaths  3 best lifetime 1.816 mean 0.830 max age 58  (7.3s)
season 469 holistic     alive  60 births  0 deaths  0 best lifetime 5.233 mean 1.504 max age 59  season 469 conventional alive  60 births  2 deaths  2 best lifetime 1.978 mean 0.839 max age 59  (8.5s)
season 470 holistic     alive  60 births  1 deaths  1 best lifetime 5.150 mean 1.439 max age 56  season 470 conventional alive  60 births  2 deaths  2 best lifetime 4.204 mean 0.851 max age 57  (7.1s)
WARNING: Nan, Inf or huge value in QACC at DOF 30. The simulation is unstable. Time = 6.6250.

WARNING: Nan, Inf or huge value in QACC at DOF 24. The simulation is unstable. Time = 6.2500.

season 471 holistic     alive  60 births  0 deaths  0 best lifetime 4.296 mean 1.503 max age 57  season 471 conventional alive  60 births  0 deaths  0 best lifetime 2.707 mean 0.905 max age 58  (6.6s)
season 472 holistic     alive  60 births  0 deaths  0 best lifetime 3.565 mean 1.502 max age 58  season 472 conventional alive  60 births  0 deaths  0 best lifetime 1.942 mean 0.901 max age 59  (8.3s)
season 473 holistic     alive  60 births  0 deaths  0 best lifetime 3.339 mean 1.473 max age 59  season 473 conventional alive  60 births  2 deaths  2 best lifetime 2.591 mean 0.816 max age 59  (7.1s)
season 474 holistic     alive  60 births  1 deaths  1 best lifetime 3.518 mean 1.426 max age 57  season 474 conventional alive  60 births  4 deaths  4 best lifetime 2.341 mean 0.840 max age 57  (6.9s)
WARNING: Nan, Inf or huge value in QACC at DOF 12. The simulation is unstable. Time = 2.9100.

season 475 holistic     alive  60 births  0 deaths  0 best lifetime 4.642 mean 1.515 max age 58  season 475 conventional alive  60 births  1 deaths  1 best lifetime 2.521 mean 0.892 max age 58  (6.5s)
season 476 holistic     alive  60 births  0 deaths  0 best lifetime 3.556 mean 1.477 max age 59  season 476 conventional alive  60 births  0 deaths  0 best lifetime 2.002 mean 0.869 max age 59  (6.5s)
season 477 holistic     alive  60 births  1 deaths  1 best lifetime 3.572 mean 1.455 max age 58  season 477 conventional alive  60 births  5 deaths  5 best lifetime 1.856 mean 0.836 max age 58  (6.8s)
season 478 holistic     alive  60 births  0 deaths  0 best lifetime 3.586 mean 1.436 max age 59  season 478 conventional alive  60 births  1 deaths  1 best lifetime 1.733 mean 0.816 max age 59  (6.6s)
WARNING: Nan, Inf or huge value in QACC at DOF 20. The simulation is unstable. Time = 8.5800.

season 479 holistic     alive  60 births  1 deaths  1 best lifetime 3.514 mean 1.417 max age 56  season 479 conventional alive  60 births  2 deaths  2 best lifetime 1.833 mean 0.818 max age 59  (6.6s)
season 480 holistic     alive  60 births  0 deaths  0 best lifetime 3.398 mean 1.423 max age 57  season 480 conventional alive  60 births  3 deaths  3 best lifetime 3.392 mean 0.866 max age 59  (6.7s)
season 481 holistic     alive  60 births  0 deaths  0 best lifetime 3.395 mean 1.427 max age 58  season 481 conventional alive  60 births  2 deaths  2 best lifetime 3.397 mean 0.915 max age 59  (6.8s)
season 482 holistic     alive  60 births  0 deaths  0 best lifetime 3.350 mean 1.409 max age 59  season 482 conventional alive  60 births  3 deaths  3 best lifetime 6.424 mean 0.935 max age 59  (6.2s)
season 483 holistic     alive  60 births  1 deaths  1 best lifetime 3.330 mean 1.406 max age 58  season 483 conventional alive  60 births  2 deaths  2 best lifetime 3.958 mean 0.924 max age 57  (6.8s)
season 484 holistic     alive  60 births  0 deaths  0 best lifetime 3.255 mean 1.461 max age 59  season 484 conventional alive  60 births  0 deaths  0 best lifetime 2.465 mean 0.902 max age 58  (6.5s)
season 485 holistic     alive  60 births  1 deaths  1 best lifetime 3.147 mean 1.453 max age 52  season 485 conventional alive  60 births  0 deaths  0 best lifetime 2.970 mean 0.996 max age 59  (6.4s)
season 486 holistic     alive  60 births  0 deaths  0 best lifetime 3.073 mean 1.454 max age 53  season 486 conventional alive  60 births  2 deaths  2 best lifetime 2.872 mean 0.973 max age 59  (6.4s)
WARNING: Nan, Inf or huge value in QACC at DOF 20. The simulation is unstable. Time = 12.7400.

season 487 holistic     alive  60 births  0 deaths  0 best lifetime 3.013 mean 1.444 max age 54  season 487 conventional alive  60 births  2 deaths  2 best lifetime 3.248 mean 0.979 max age 58  (6.5s)
season 488 holistic     alive  60 births  0 deaths  0 best lifetime 3.001 mean 1.443 max age 55  season 488 conventional alive  60 births  0 deaths  0 best lifetime 3.317 mean 0.976 max age 59  (6.6s)
WARNING: Nan, Inf or huge value in QACC at DOF 35. The simulation is unstable. Time = 2.0150.

season 489 holistic     alive  60 births  0 deaths  0 best lifetime 3.029 mean 1.452 max age 56  season 489 conventional alive  60 births  2 deaths  2 best lifetime 1.850 mean 0.889 max age 58  (6.5s)
season 490 holistic     alive  60 births  0 deaths  0 best lifetime 3.056 mean 1.462 max age 57  season 490 conventional alive  60 births  1 deaths  1 best lifetime 1.938 mean 0.892 max age 59  (6.9s)
season 491 holistic     alive  60 births  0 deaths  0 best lifetime 2.969 mean 1.449 max age 58  season 491 conventional alive  60 births  3 deaths  3 best lifetime 1.727 mean 0.875 max age 57  (6.5s)
season 492 holistic     alive  60 births  0 deaths  0 best lifetime 2.995 mean 1.453 max age 59  season 492 conventional alive  60 births  0 deaths  0 best lifetime 3.218 mean 1.007 max age 58  (6.6s)
WARNING: Nan, Inf or huge value in QACC at DOF 0. The simulation is unstable. Time = 12.1200.

WARNING: Nan, Inf or huge value in QACC at DOF 0. The simulation is unstable. Time = 6.7500.

season 493 holistic     alive  60 births  2 deaths  2 best lifetime 2.951 mean 1.433 max age 59  season 493 conventional alive  60 births  0 deaths  0 best lifetime 3.218 mean 0.987 max age 59  (6.4s)
season 494 holistic     alive  60 births  1 deaths  1 best lifetime 3.900 mean 1.483 max age 59  season 494 conventional alive  60 births  3 deaths  3 best lifetime 1.928 mean 0.873 max age 59  (6.4s)
season 495 holistic     alive  60 births  1 deaths  1 best lifetime 3.020 mean 1.449 max age 59  season 495 conventional alive  60 births  2 deaths  2 best lifetime 3.219 mean 0.895 max age 59  (6.4s)
WARNING: Nan, Inf or huge value in QACC at DOF 0. The simulation is unstable. Time = 7.5900.

season 496 holistic     alive  60 births  3 deaths  3 best lifetime 2.994 mean 1.373 max age 58  season 496 conventional alive  60 births  5 deaths  5 best lifetime 2.211 mean 0.850 max age 59  (6.4s)
season 497 holistic     alive  60 births  0 deaths  0 best lifetime 2.945 mean 1.405 max age 59  season 497 conventional alive  60 births  2 deaths  2 best lifetime 3.231 mean 0.953 max age 59  (6.7s)
season 498 holistic     alive  60 births  2 deaths  2 best lifetime 2.945 mean 1.393 max age 59  season 498 conventional alive  60 births  2 deaths  2 best lifetime 2.724 mean 0.919 max age 59  (6.5s)
WARNING: Nan, Inf or huge value in QACC at DOF 10. The simulation is unstable. Time = 6.0650.

season 499 holistic     alive  60 births  1 deaths  1 best lifetime 3.010 mean 1.393 max age 59  season 499 conventional alive  60 births  3 deaths  3 best lifetime 2.427 mean 0.949 max age 59  (6.5s)
season 500 holistic     alive  60 births  2 deaths  2 best lifetime 3.030 mean 1.398 max age 59  season 500 conventional alive  60 births  1 deaths  1 best lifetime 4.329 mean 1.048 max age 59  (6.8s)
WARNING: Nan, Inf or huge value in QACC at DOF 3. The simulation is unstable. Time = 13.8850.

season 501 holistic     alive  60 births  3 deaths  3 best lifetime 3.050 mean 1.331 max age 59  season 501 conventional alive  60 births  4 deaths  4 best lifetime 2.327 mean 0.905 max age 59  (6.5s)
season 502 holistic     alive  60 births  2 deaths  2 best lifetime 3.089 mean 1.347 max age 59  season 502 conventional alive  60 births  3 deaths  3 best lifetime 2.998 mean 0.856 max age 57  (6.5s)
season 503 holistic     alive  60 births  4 deaths  4 best lifetime 3.065 mean 1.346 max age 59  season 503 conventional alive  60 births  1 deaths  1 best lifetime 4.195 mean 1.071 max age 58  (6.4s)
season 504 holistic     alive  60 births  3 deaths  3 best lifetime 3.639 mean 1.378 max age 59  season 504 conventional alive  60 births  1 deaths  1 best lifetime 2.936 mean 1.061 max age 59  (6.9s)
season 505 holistic     alive  60 births  1 deaths  1 best lifetime 3.775 mean 1.480 max age 59  season 505 conventional alive  60 births  2 deaths  2 best lifetime 2.474 mean 1.000 max age 55  (6.5s)
season 506 holistic     alive  60 births  2 deaths  2 best lifetime 3.591 mean 1.442 max age 59  season 506 conventional alive  60 births  0 deaths  0 best lifetime 3.397 mean 1.068 max age 56  (6.6s)
season 507 holistic     alive  60 births  1 deaths  1 best lifetime 3.460 mean 1.461 max age 59  season 507 conventional alive  60 births  0 deaths  0 best lifetime 2.088 mean 0.982 max age 57  (6.4s)
season 508 holistic     alive  60 births  3 deaths  3 best lifetime 3.507 mean 1.467 max age 59  season 508 conventional alive  60 births  0 deaths  0 best lifetime 2.331 mean 0.999 max age 58  (6.7s)
season 509 holistic     alive  60 births  3 deaths  3 best lifetime 3.667 mean 1.385 max age 59  season 509 conventional alive  60 births  1 deaths  1 best lifetime 2.189 mean 0.972 max age 59  (6.4s)
season 510 holistic     alive  60 births  1 deaths  1 best lifetime 3.790 mean 1.409 max age 59  season 510 conventional alive  60 births  1 deaths  1 best lifetime 2.078 mean 0.937 max age 57  (6.5s)
season 511 holistic     alive  60 births  3 deaths  3 best lifetime 4.389 mean 1.359 max age 59  season 511 conventional alive  60 births  0 deaths  0 best lifetime 2.389 mean 0.991 max age 58  (6.7s)
season 512 holistic     alive  60 births  3 deaths  3 best lifetime 4.336 mean 1.460 max age 59  season 512 conventional alive  60 births  1 deaths  1 best lifetime 2.280 mean 0.965 max age 59  (6.9s)
WARNING: Nan, Inf or huge value in QACC at DOF 20. The simulation is unstable. Time = 7.5600.

season 513 holistic     alive  60 births  1 deaths  1 best lifetime 4.901 mean 1.522 max age 59  season 513 conventional alive  60 births  1 deaths  1 best lifetime 2.022 mean 0.900 max age 58  (6.6s)
season 514 holistic     alive  60 births  4 deaths  4 best lifetime 4.019 mean 1.398 max age 59  season 514 conventional alive  60 births  0 deaths  0 best lifetime 3.510 mean 0.973 max age 59  (6.4s)
season 515 holistic     alive  60 births  1 deaths  1 best lifetime 3.790 mean 1.470 max age 59  season 515 conventional alive  60 births  1 deaths  1 best lifetime 2.045 mean 0.928 max age 59  (6.8s)
season 516 holistic     alive  60 births  2 deaths  2 best lifetime 3.655 mean 1.418 max age 59  season 516 conventional alive  60 births  1 deaths  1 best lifetime 1.921 mean 0.882 max age 59  (6.7s)
WARNING: Nan, Inf or huge value in QACC at DOF 10. The simulation is unstable. Time = 6.2200.

WARNING: Nan, Inf or huge value in QACC at DOF 10. The simulation is unstable. Time = 5.5050.

season 517 holistic     alive  60 births  3 deaths  3 best lifetime 4.721 mean 1.371 max age 59  season 517 conventional alive  60 births  3 deaths  3 best lifetime 1.963 mean 0.879 max age 57  (6.5s)
season 518 holistic     alive  60 births  5 deaths  5 best lifetime 3.435 mean 1.336 max age 59  season 518 conventional alive  60 births  0 deaths  0 best lifetime 2.293 mean 0.918 max age 58  (6.6s)
season 519 holistic     alive  60 births  1 deaths  1 best lifetime 4.410 mean 1.539 max age 59  season 519 conventional alive  60 births  0 deaths  0 best lifetime 1.988 mean 0.937 max age 59  (6.5s)
season 520 holistic     alive  60 births  3 deaths  3 best lifetime 3.788 mean 1.496 max age 59  season 520 conventional alive  60 births  1 deaths  1 best lifetime 1.841 mean 0.879 max age 57  (6.4s)
season 521 holistic     alive  60 births  2 deaths  2 best lifetime 5.685 mean 1.673 max age 57  season 521 conventional alive  60 births  0 deaths  0 best lifetime 2.338 mean 0.975 max age 58  (6.2s)
WARNING: Nan, Inf or huge value in QACC at DOF 0. The simulation is unstable. Time = 10.9950.

season 522 holistic     alive  60 births  1 deaths  1 best lifetime 3.932 mean 1.606 max age 58  season 522 conventional alive  60 births  1 deaths  1 best lifetime 1.826 mean 0.942 max age 59  (6.6s)
season 523 holistic     alive  60 births  0 deaths  0 best lifetime 3.836 mean 1.710 max age 59  season 523 conventional alive  60 births  2 deaths  2 best lifetime 1.759 mean 0.902 max age 59  (6.3s)
season 524 holistic     alive  60 births  1 deaths  1 best lifetime 3.960 mean 1.595 max age 58  season 524 conventional alive  60 births  2 deaths  2 best lifetime 3.190 mean 0.947 max age 59  (6.3s)
season 525 holistic     alive  60 births  0 deaths  0 best lifetime 4.191 mean 1.600 max age 59  season 525 conventional alive  60 births  3 deaths  3 best lifetime 1.744 mean 0.877 max age 59  (6.4s)
WARNING: Nan, Inf or huge value in QACC at DOF 33. The simulation is unstable. Time = 8.8300.

season 526 holistic     alive  60 births  1 deaths  1 best lifetime 3.709 mean 1.546 max age 59  season 526 conventional alive  60 births  3 deaths  3 best lifetime 4.358 mean 0.962 max age 58  (6.4s)
season 527 holistic     alive  60 births  3 deaths  3 best lifetime 3.828 mean 1.515 max age 57  season 527 conventional alive  60 births  1 deaths  1 best lifetime 2.817 mean 0.940 max age 59  (6.6s)
season 528 holistic     alive  60 births  0 deaths  0 best lifetime 6.420 mean 1.598 max age 58  season 528 conventional alive  60 births  2 deaths  2 best lifetime 2.734 mean 1.043 max age 59  (6.9s)
season 529 holistic     alive  60 births  0 deaths  0 best lifetime 5.417 mean 1.630 max age 59  season 529 conventional alive  60 births  2 deaths  2 best lifetime 2.246 mean 1.017 max age 59  (6.7s)
season 530 holistic     alive  60 births  1 deaths  1 best lifetime 5.750 mean 1.590 max age 56  season 530 conventional alive  60 births  2 deaths  2 best lifetime 2.505 mean 1.019 max age 57  (6.7s)
season 531 holistic     alive  60 births  0 deaths  0 best lifetime 4.166 mean 1.530 max age 57  season 531 conventional alive  60 births  0 deaths  0 best lifetime 2.146 mean 0.980 max age 58  (6.9s)
season 532 holistic     alive  60 births  0 deaths  0 best lifetime 3.596 mean 1.499 max age 58  season 532 conventional alive  60 births  3 deaths  3 best lifetime 2.450 mean 0.951 max age 59  (6.4s)
WARNING: Nan, Inf or huge value in QACC at DOF 30. The simulation is unstable. Time = 14.0500.

season 533 holistic     alive  60 births  1 deaths  1 best lifetime 3.602 mean 1.446 max age 59  season 533 conventional alive  60 births  7 deaths  7 best lifetime 2.185 mean 0.841 max age 59  (6.5s)
season 534 holistic     alive  60 births  2 deaths  2 best lifetime 3.547 mean 1.415 max age 57  season 534 conventional alive  60 births  2 deaths  2 best lifetime 2.357 mean 1.035 max age 59  (6.3s)
season 535 holistic     alive  60 births  0 deaths  0 best lifetime 3.496 mean 1.453 max age 58  season 535 conventional alive  60 births  1 deaths  1 best lifetime 2.711 mean 0.937 max age 58  (6.6s)
season 536 holistic     alive  60 births  0 deaths  0 best lifetime 3.619 mean 1.445 max age 59  season 536 conventional alive  60 births  1 deaths  1 best lifetime 2.200 mean 0.898 max age 59  (6.5s)
season 537 holistic     alive  60 births  1 deaths  1 best lifetime 3.568 mean 1.451 max age 58  season 537 conventional alive  60 births  4 deaths  4 best lifetime 2.696 mean 0.899 max age 58  (6.7s)
season 538 holistic     alive  60 births  1 deaths  1 best lifetime 3.520 mean 1.485 max age 59  season 538 conventional alive  60 births  0 deaths  0 best lifetime 6.284 mean 1.072 max age 59  (6.5s)
season 539 holistic     alive  60 births  1 deaths  1 best lifetime 3.553 mean 1.504 max age 56  season 539 conventional alive  60 births  2 deaths  2 best lifetime 3.796 mean 0.993 max age 59  (6.5s)
season 540 holistic     alive  60 births  0 deaths  0 best lifetime 3.559 mean 1.524 max age 57  season 540 conventional alive  60 births  2 deaths  2 best lifetime 3.274 mean 0.971 max age 59  (6.8s)
season 541 holistic     alive  60 births  0 deaths  0 best lifetime 3.490 mean 1.519 max age 58  season 541 conventional alive  60 births  6 deaths  6 best lifetime 2.313 mean 0.877 max age 59  (6.5s)
WARNING: Nan, Inf or huge value in QACC at DOF 30. The simulation is unstable. Time = 5.3150.

season 542 holistic     alive  60 births  0 deaths  0 best lifetime 3.424 mean 1.496 max age 59  season 542 conventional alive  60 births  4 deaths  4 best lifetime 2.420 mean 0.961 max age 59  (6.4s)
season 543 holistic     alive  60 births  1 deaths  1 best lifetime 3.362 mean 1.487 max age 50  season 543 conventional alive  60 births  2 deaths  2 best lifetime 3.760 mean 0.983 max age 57  (6.6s)
season 544 holistic     alive  60 births  0 deaths  0 best lifetime 3.446 mean 1.499 max age 51  season 544 conventional alive  60 births  3 deaths  3 best lifetime 3.086 mean 1.014 max age 58  (6.2s)
season 545 holistic     alive  60 births  0 deaths  0 best lifetime 3.337 mean 1.496 max age 52  season 545 conventional alive  60 births  1 deaths  1 best lifetime 2.418 mean 1.035 max age 59  (6.5s)
season 546 holistic     alive  60 births  0 deaths  0 best lifetime 3.214 mean 1.477 max age 53  season 546 conventional alive  60 births  1 deaths  1 best lifetime 2.815 mean 0.989 max age 59  (6.4s)
season 547 holistic     alive  60 births  0 deaths  0 best lifetime 3.226 mean 1.496 max age 54  season 547 conventional alive  60 births  2 deaths  2 best lifetime 2.113 mean 0.972 max age 58  (6.4s)
season 548 holistic     alive  60 births  0 deaths  0 best lifetime 3.196 mean 1.460 max age 55  season 548 conventional alive  60 births  0 deaths  0 best lifetime 1.980 mean 1.031 max age 59  (6.4s)
season 549 holistic     alive  60 births  0 deaths  0 best lifetime 3.146 mean 1.461 max age 56  season 549 conventional alive  60 births  2 deaths  2 best lifetime 2.026 mean 0.968 max age 59  (6.7s)
season 550 holistic     alive  60 births  1 deaths  1 best lifetime 3.199 mean 1.461 max age 57  season 550 conventional alive  60 births  1 deaths  1 best lifetime 1.937 mean 0.978 max age 59  (6.5s)
season 551 holistic     alive  60 births  0 deaths  0 best lifetime 3.212 mean 1.486 max age 58  season 551 conventional alive  60 births  3 deaths  3 best lifetime 1.791 mean 0.954 max age 57  (6.4s)
season 552 holistic     alive  60 births  0 deaths  0 best lifetime 3.262 mean 1.497 max age 59  season 552 conventional alive  60 births  1 deaths  1 best lifetime 2.353 mean 1.007 max age 58  (6.6s)
season 553 holistic     alive  60 births  2 deaths  2 best lifetime 3.312 mean 1.473 max age 59  season 553 conventional alive  60 births  0 deaths  0 best lifetime 2.059 mean 0.975 max age 59  (6.4s)
season 554 holistic     alive  60 births  1 deaths  1 best lifetime 4.799 mean 1.547 max age 59  season 554 conventional alive  60 births  2 deaths  2 best lifetime 3.290 mean 0.956 max age 58  (6.4s)
season 555 holistic     alive  60 births  1 deaths  1 best lifetime 4.790 mean 1.544 max age 59  season 555 conventional alive  60 births  0 deaths  0 best lifetime 2.958 mean 0.934 max age 59  (6.4s)
season 556 holistic     alive  60 births  2 deaths  2 best lifetime 4.781 mean 1.480 max age 58  season 556 conventional alive  60 births  4 deaths  4 best lifetime 2.800 mean 0.883 max age 58  (6.3s)
season 557 holistic     alive  60 births  0 deaths  0 best lifetime 4.537 mean 1.548 max age 59  season 557 conventional alive  60 births  0 deaths  0 best lifetime 2.502 mean 0.834 max age 59  (6.3s)
season 558 holistic     alive  60 births  2 deaths  2 best lifetime 4.184 mean 1.452 max age 59  season 558 conventional alive  60 births  6 deaths  6 best lifetime 2.144 mean 0.786 max age 59  (6.2s)
season 559 holistic     alive  60 births  2 deaths  2 best lifetime 4.620 mean 1.456 max age 59  season 559 conventional alive  60 births  3 deaths  3 best lifetime 2.448 mean 0.833 max age 58  (6.5s)
season 560 holistic     alive  60 births  1 deaths  1 best lifetime 4.213 mean 1.470 max age 59  season 560 conventional alive  60 births  2 deaths  2 best lifetime 1.933 mean 0.818 max age 59  (6.3s)
season 561 holistic     alive  60 births  3 deaths  3 best lifetime 4.160 mean 1.407 max age 59  season 561 conventional alive  60 births  2 deaths  2 best lifetime 2.216 mean 0.830 max age 59  (6.3s)
season 562 holistic     alive  60 births  3 deaths  3 best lifetime 4.116 mean 1.388 max age 59  season 562 conventional alive  60 births  4 deaths  4 best lifetime 1.848 mean 0.843 max age 58  (6.3s)
season 563 holistic     alive  60 births  2 deaths  2 best lifetime 4.085 mean 1.517 max age 59  season 563 conventional alive  60 births  1 deaths  1 best lifetime 2.194 mean 0.913 max age 59  (6.3s)
season 564 holistic     alive  60 births  2 deaths  2 best lifetime 3.875 mean 1.497 max age 58  season 564 conventional alive  60 births  1 deaths  1 best lifetime 2.292 mean 0.895 max age 59  (6.2s)
season 565 holistic     alive  60 births  0 deaths  0 best lifetime 5.726 mean 1.608 max age 59  season 565 conventional alive  60 births  1 deaths  1 best lifetime 2.955 mean 0.931 max age 56  (6.4s)
season 566 holistic     alive  60 births  2 deaths  2 best lifetime 5.727 mean 1.616 max age 59  season 566 conventional alive  60 births  2 deaths  2 best lifetime 2.286 mean 0.888 max age 57  (6.3s)
season 567 holistic     alive  60 births  1 deaths  1 best lifetime 4.733 mean 1.672 max age 59  season 567 conventional alive  60 births  2 deaths  2 best lifetime 2.411 mean 0.906 max age 58  (6.4s)
WARNING: Nan, Inf or huge value in QACC at DOF 10. The simulation is unstable. Time = 5.4450.

season 568 holistic     alive  60 births  2 deaths  2 best lifetime 4.188 mean 1.701 max age 59  season 568 conventional alive  60 births  1 deaths  1 best lifetime 3.400 mean 0.909 max age 59  (6.0s)
season 569 holistic     alive  60 births  4 deaths  4 best lifetime 4.352 mean 1.673 max age 59  season 569 conventional alive  60 births  3 deaths  3 best lifetime 2.433 mean 0.919 max age 56  (6.4s)
season 570 holistic     alive  60 births  1 deaths  1 best lifetime 4.200 mean 1.655 max age 59  season 570 conventional alive  60 births  0 deaths  0 best lifetime 3.208 mean 0.939 max age 57  (6.6s)
season 571 holistic     alive  60 births  3 deaths  3 best lifetime 4.066 mean 1.554 max age 59  season 571 conventional alive  60 births  2 deaths  2 best lifetime 2.504 mean 0.919 max age 58  (6.5s)
season 572 holistic     alive  60 births  3 deaths  3 best lifetime 4.104 mean 1.587 max age 58  season 572 conventional alive  60 births  0 deaths  0 best lifetime 2.181 mean 0.899 max age 59  (6.7s)
season 573 holistic     alive  60 births  0 deaths  0 best lifetime 5.838 mean 1.676 max age 59  season 573 conventional alive  60 births  3 deaths  3 best lifetime 2.009 mean 0.855 max age 56  (6.2s)
WARNING: Nan, Inf or huge value in QACC at DOF 24. The simulation is unstable. Time = 5.9150.

season 574 holistic     alive  60 births  2 deaths  2 best lifetime 5.841 mean 1.678 max age 59  season 574 conventional alive  60 births  0 deaths  0 best lifetime 5.219 mean 0.955 max age 57  (6.6s)
season 575 holistic     alive  60 births  1 deaths  1 best lifetime 7.406 mean 1.769 max age 59  season 575 conventional alive  60 births  0 deaths  0 best lifetime 3.209 mean 0.976 max age 58  (6.7s)
season 576 holistic     alive  60 births  2 deaths  2 best lifetime 4.626 mean 1.688 max age 59  season 576 conventional alive  60 births  0 deaths  0 best lifetime 2.212 mean 0.921 max age 59  (6.6s)
season 577 holistic     alive  60 births  2 deaths  2 best lifetime 4.488 mean 1.704 max age 59  season 577 conventional alive  60 births  2 deaths  2 best lifetime 1.714 mean 0.902 max age 57  (6.3s)
season 578 holistic     alive  60 births  4 deaths  4 best lifetime 4.350 mean 1.605 max age 58  season 578 conventional alive  60 births  0 deaths  0 best lifetime 4.271 mean 0.995 max age 58  (6.4s)
season 579 holistic     alive  60 births  0 deaths  0 best lifetime 4.875 mean 1.720 max age 59  season 579 conventional alive  60 births  0 deaths  0 best lifetime 2.276 mean 0.948 max age 59  (6.4s)
WARNING: Nan, Inf or huge value in QACC at DOF 2. The simulation is unstable. Time = 3.3800.

season 580 holistic     alive  60 births  4 deaths  4 best lifetime 4.264 mean 1.568 max age 59  season 580 conventional alive  60 births  1 deaths  1 best lifetime 1.933 mean 0.937 max age 57  (6.5s)
season 581 holistic     alive  60 births  2 deaths  2 best lifetime 4.181 mean 1.600 max age 59  season 581 conventional alive  60 births  0 deaths  0 best lifetime 1.717 mean 0.934 max age 58  (6.5s)
season 582 holistic     alive  60 births  1 deaths  1 best lifetime 4.270 mean 1.617 max age 58  season 582 conventional alive  60 births  0 deaths  0 best lifetime 2.105 mean 0.982 max age 59  (6.5s)
WARNING: Nan, Inf or huge value in QACC at DOF 23. The simulation is unstable. Time = 5.4200.

season 583 holistic     alive  60 births  0 deaths  0 best lifetime 4.521 mean 1.706 max age 59  season 583 conventional alive  60 births  1 deaths  1 best lifetime 1.819 mean 0.965 max age 59  (6.8s)
season 584 holistic     alive  60 births  2 deaths  2 best lifetime 4.610 mean 1.655 max age 58  season 584 conventional alive  60 births  2 deaths  2 best lifetime 1.766 mean 0.930 max age 59  (6.8s)
season 585 holistic     alive  60 births  1 deaths  1 best lifetime 4.537 mean 1.639 max age 59  season 585 conventional alive  60 births  3 deaths  3 best lifetime 1.804 mean 0.923 max age 59  (6.6s)
season 586 holistic     alive  60 births  1 deaths  1 best lifetime 4.544 mean 1.644 max age 59  season 586 conventional alive  60 births  3 deaths  3 best lifetime 5.267 mean 1.009 max age 57  (6.6s)
WARNING: Nan, Inf or huge value in QACC at DOF 10. The simulation is unstable. Time = 7.4000.

WARNING: Nan, Inf or huge value in QACC at DOF 13. The simulation is unstable. Time = 13.2500.

season 587 holistic     alive  60 births  3 deaths  3 best lifetime 4.610 mean 1.538 max age 54  season 587 conventional alive  60 births  0 deaths  0 best lifetime 3.767 mean 1.061 max age 58  (6.7s)
season 588 holistic     alive  60 births  0 deaths  0 best lifetime 4.530 mean 1.698 max age 55  season 588 conventional alive  60 births  0 deaths  0 best lifetime 3.265 mean 1.099 max age 59  (6.4s)
season 589 holistic     alive  60 births  1 deaths  1 best lifetime 4.453 mean 1.663 max age 56  season 589 conventional alive  60 births  1 deaths  1 best lifetime 3.016 mean 1.060 max age 56  (6.4s)
season 590 holistic     alive  60 births  0 deaths  0 best lifetime 4.462 mean 1.641 max age 57  season 590 conventional alive  60 births  0 deaths  0 best lifetime 3.270 mean 1.032 max age 57  (6.4s)
season 591 holistic     alive  60 births  0 deaths  0 best lifetime 4.550 mean 1.630 max age 58  season 591 conventional alive  60 births  1 deaths  1 best lifetime 3.437 mean 1.035 max age 58  (6.5s)
season 592 holistic     alive  60 births  0 deaths  0 best lifetime 4.556 mean 1.625 max age 59  season 592 conventional alive  60 births  1 deaths  1 best lifetime 5.448 mean 1.111 max age 59  (6.6s)
season 593 holistic     alive  60 births  2 deaths  2 best lifetime 4.586 mean 1.584 max age 59  season 593 conventional alive  60 births  5 deaths  5 best lifetime 4.953 mean 1.003 max age 59  (6.7s)
season 594 holistic     alive  60 births  2 deaths  2 best lifetime 4.542 mean 1.593 max age 57  season 594 conventional alive  60 births  1 deaths  1 best lifetime 4.244 mean 1.150 max age 57  (6.2s)
season 595 holistic     alive  60 births  0 deaths  0 best lifetime 4.451 mean 1.670 max age 58  season 595 conventional alive  60 births  1 deaths  1 best lifetime 3.744 mean 1.116 max age 58  (6.2s)
season 596 holistic     alive  60 births  0 deaths  0 best lifetime 4.552 mean 1.663 max age 59  season 596 conventional alive  60 births  0 deaths  0 best lifetime 2.899 mean 1.117 max age 59  (6.6s)
WARNING: Nan, Inf or huge value in QACC at DOF 13. The simulation is unstable. Time = 6.2400.

season 597 holistic     alive  60 births  1 deaths  1 best lifetime 4.671 mean 1.642 max age 58  season 597 conventional alive  60 births  4 deaths  4 best lifetime 2.521 mean 1.017 max age 58  (6.3s)
season 598 holistic     alive  60 births  1 deaths  1 best lifetime 4.585 mean 1.650 max age 59  season 598 conventional alive  60 births  0 deaths  0 best lifetime 2.347 mean 1.003 max age 59  (7.0s)
WARNING: Nan, Inf or huge value in QACC at DOF 10. The simulation is unstable. Time = 9.5200.

season 599 holistic     alive  60 births  1 deaths  1 best lifetime 4.568 mean 1.696 max age 56  season 599 conventional alive  60 births  1 deaths  1 best lifetime 2.127 mean 1.006 max age 58  (6.2s)
results in runs/RBT-22/W1b-801/history.json
