population	name	born	g1	g2	n1	n2	ns	g2_contact	g2_height	g2_up	g2_joint	g1_other	g1_vel
holistic	h0-0	-17	0	0	0	0	0	0	0	0	0	0	0
holistic	h0-1	-34	0	0.074608	0	2	3	0	0.074608	0	0	0	0
holistic	h0-2	-12	0.435461	1.478089	1	2	1	0	1.478089	0	0	0	0
holistic	h0-3	-38	0	0	0	0	1	0	0	0	0	0	0
holistic	h0-4	-15	0	0	0	0	0	0	0	0	0	0	0
holistic	h0-5	-21	0.490328	7.500102	1	6	6	0	0	7.500102	0	0.316330	0
holistic	h0-6	-54	0.615406	0.615406	1	1	1	0	0	0	0.615406	0	0
holistic	h0-7	-27	0.679615	3.661271	1	2	3	0	0	0	3.661271	0	0
holistic	h0-8	-46	0	0	0	0	0	0	0	0	0	0	0
holistic	h0-9	-49	0	0	0	0	0	0	0	0	0	0	0
holistic	h0-10	-53	0	2.928828	0	2	2	0	0	0	2.928828	0	0
holistic	h0-11	-55	4.963614	64.778600	4	44	10	0	0	40.990774	23.787826	0	0
holistic	h0-12	-30	0	0	0	0	1	0	0	0	0	0	0
holistic	h0-13	-58	0.005074	0.380411	1	2	1	0	0	0	0.380411	0	0
holistic	h0-14	-34	0	0	0	0	2	0	0	0	0	0.223046	0
holistic	h0-15	-27	0	0	0	0	0	0	0	0	0	0	0
holistic	h0-16	-5	1.579288	2.087918	1	2	2	2.000154	0	0	0.087764	0	0
holistic	h0-17	-16	0	0	0	0	0	0	0	0	0	0	0
holistic	h0-18	-10	0	0	0	0	4	0	0	0	0	0	0
holistic	h0-19	-2	0	0	0	0	2	0	0	0	0	0	0
holistic	h0-20	-42	2.691522	23.570793	3	33	6	0	5.037846	0	18.532947	0	1.929747
holistic	h0-21	-20	0	0	0	0	1	0	0	0	0	0	0
holistic	h0-22	-27	0	0	0	0	10	0	0	0	0	0	0
holistic	h0-23	-55	0	0	0	0	0	0	0	0	0	0	5.975260
holistic	h0-24	-43	0	0	0	0	0	0	0	0	0	0	0.820386
holistic	h0-25	-38	0	0	0	0	0	0	0	0	0	0	0
holistic	h0-26	-52	1.650350	5.840754	2	4	3	0	3.457669	0	2.383085	0	0
holistic	h0-27	-51	1.483855	2.009895	1	1	8	0	0	0	2.009895	0	0
holistic	h0-28	-55	0	0	0	0	0	0	0	0	0	0	0
holistic	h0-29	-48	0.204550	2.775862	2	6	10	0	2.571312	0	0.204550	0	0
holistic	h0-30	-18	1.412649	4.739473	3	6	5	0	0	4.739473	0	0	0
holistic	h0-31	-53	0	5.425512	0	8	4	0	5.425512	0	0	1.910414	0.227092
holistic	h0-32	-42	0	0	0	0	0	0	0	0	0	0	0
holistic	h0-33	-50	0	0	0	0	3	0	0	0	0	0	0
holistic	h0-34	-3	2.522536	6.611814	3	4	4	0	2.440168	4.171646	0	0	0
holistic	h0-35	-7	0.959792	0.894412	4	4	7	0.894412	0	0	0	0	0
holistic	h0-36	-17	0.468098	0.927241	1	1	3	0.927241	0	0	0	0	0
holistic	h0-37	-34	1.396220	3.988558	2	6	2	0	0	0	3.988558	0	0
holistic	h0-38	-25	0	38.978232	0	32	8	7.786056	13.848012	0	17.344164	0	0
holistic	h0-39	-24	0	0	0	0	0	0	0	0	0	0	0
holistic	h0-40	-5	0	0	0	0	1	0	0	0	0	0	0
holistic	h0-41	-32	3.747504	38.940932	6	46	18	0	0	7.974968	30.965964	0.505542	0
holistic	h0-42	-3	0	0.495975	0	2	3	0.495975	0	0	0	1.100152	0
holistic	h0-43	-17	0	0	0	0	3	0	0	0	0	0	0
holistic	h0-44	-29	0	1.548189	0	3	1	0	1.548189	0	0	0	0
holistic	h0-45	-17	0	0.309983	0	5	8	0	0	0.250721	0.059262	0.591429	0
holistic	h0-46	-26	0	0	0	0	0	0	0	0	0	0	0.603555
holistic	h0-47	-4	0.614514	4.215420	2	2	2	0	4.215420	0	0	0	0
holistic	h0-48	-58	1.621794	3.654947	2	4	2	1.275221	0	0	2.379726	0	0
holistic	h0-49	-9	0	0	0	0	0	0	0	0	0	0	0
holistic	h0-50	-39	0	0	0	0	0	0	0	0	0	0	0
holistic	h0-51	-15	0	0	0	0	0	0	0	0	0	0	0
holistic	h0-52	-54	0	7.861984	0	10	5	0	7.015380	0	0.846604	0	0
holistic	h0-53	-4	0	0	0	0	1	0	0	0	0	0	0
holistic	h0-54	-4	10.813360	19.439977	9	13	6	4.742587	14.503194	0	0.194196	0.636570	0
holistic	h0-55	-3	2.042415	6.241356	1	2	2	0	0	0	6.241356	0.393612	0
holistic	h0-56	-40	0	4.305834	0	12	9	0	0	4.305834	0	1.391492	0
holistic	h0-57	-19	0	0.337732	0	2	4	0	0.337732	0	0	0	0
holistic	h0-58	-17	2.455158	2.283748	4	5	8	0	0.064564	2.219184	0	0	0
holistic	h0-59	-47	3.606222	72.499362	6	72	6	0	0	0	72.499362	0	0
conventional	c0-0	-58	0	13.536579	0	14	7	1.923169	2.024074	6.887126	2.702210	0	0
conventional	c0-2	-55	0	26.074183	0	14	7	2.536920	1.263365	10.654904	11.618994	0	0
conventional	c0-3	-16	0	16.150198	0	14	7	1.677246	4.266888	6.986946	3.219118	0	0
conventional	c0-4	-17	0	35.018378	0	14	7	6.464130	1.901197	16.268415	10.384636	0	0
conventional	c0-5	-41	0	27.951466	0	14	7	1.448908	4.077065	14.352377	8.073116	0	0
conventional	c0-6	-14	0	36.163934	0	14	7	3.464731	3.535330	17.382247	11.781626	0	0
conventional	c0-7	-17	0	32.434672	0	14	7	8.841355	0.961741	11.792607	10.838969	0	0
conventional	c0-8	-35	0	34.398646	0	14	7	2.467037	6.971003	14.435665	10.524941	0	0
conventional	c0-9	-16	0	24.280834	0	14	7	0.917672	4.500813	10.415495	8.446854	0	0
conventional	c0-10	-41	0	22.676904	0	14	7	4.363706	1.146394	9.720384	7.446420	0	0
conventional	c0-11	-22	0	26.414811	0	14	7	5.812779	3.520940	7.684467	9.396625	0	0
conventional	c0-12	-17	0	26.612278	0	14	7	1.416476	3.717193	8.908621	12.569988	0	0
conventional	c0-13	-10	0	30.592904	0	14	7	6.421995	5.057035	14.295219	4.818655	0	0
conventional	c0-14	-58	0	29.372727	0	14	7	7.480085	1.517266	13.083313	7.292063	0	0
conventional	c0-15	-43	0	22.617312	0	14	7	2.847616	4.557991	7.148841	8.062864	0	0
conventional	c0-16	-49	0	35.312808	0	14	7	1.980533	4.711195	15.108099	13.512981	0	0
conventional	c0-17	-20	0	31.628350	0	14	7	4.869655	1.839724	10.796146	14.122825	0	0
conventional	c0-18	-34	0	30.516312	0	14	7	8.445097	2.982028	15.920697	3.168490	0	0
conventional	c0-19	-48	0	39.308031	0	14	7	8.288609	8.024452	12.686324	10.308646	0	0
conventional	c0-20	-31	0	19.874866	0	14	7	4.839536	4.181663	4.795158	6.058509	0	0
conventional	c0-21	-58	0	19.287224	0	14	7	1.634665	1.542375	8.250909	7.859275	0	0
conventional	c0-22	-17	0	28.730928	0	14	7	5.122135	4.910411	10.595498	8.102884	0	0
conventional	c0-23	-51	0	25.378463	0	14	7	2.649803	1.631737	12.834178	8.262745	0	0
conventional	c0-24	-10	0	18.698525	0	14	7	2.231521	1.482851	7.756460	7.227693	0	0
conventional	c0-25	-55	0	37.280543	0	14	7	3.262556	3.345475	24.685729	5.986783	0	0
conventional	c0-26	-38	0	26.471701	0	14	7	2.904702	2.525426	8.573135	12.468438	0	0
conventional	c0-27	-19	0	34.942371	0	14	7	5.000169	4.000717	17.868281	8.073204	0	0
conventional	c0-28	-57	0	17.522905	0	14	7	0.102645	2.436557	10.833141	4.150562	0	0
conventional	c0-29	-8	0	35.103718	0	14	7	3.267163	5.343175	14.858438	11.634942	0	0
conventional	c0-30	-59	0	31.993496	0	14	7	3.648166	7.979498	9.388662	10.977170	0	0
conventional	c0-31	-4	0	32.517985	0	14	7	7.472757	6.900417	14.334472	3.810339	0	0
conventional	c0-32	-27	0	26.142399	0	14	7	8.031404	1.521225	10.865617	5.724153	0	0
conventional	c0-33	-33	0	20.283702	0	14	7	3.383834	5.612713	5.373612	5.913543	0	0
conventional	c0-34	-55	0	22.052028	0	14	7	4.364509	2.675621	9.343953	5.667945	0	0
conventional	c0-35	-21	0	27.355008	0	14	7	9.747228	2.444977	12.899788	2.263015	0	0
conventional	c0-36	-5	0	34.093337	0	14	7	4.848303	9.318609	10.474248	9.452177	0	0
conventional	c0-37	-45	0	15.939862	0	14	7	2.625877	0.639835	5.384177	7.289973	0	0
conventional	c0-38	-32	0	13.854806	0	14	7	1.944722	1.460071	6.374490	4.075523	0	0
conventional	c0-39	-38	0	10.944727	0	14	7	1.803782	2.637643	2.996347	3.506955	0	0
conventional	c0-40	-7	0	22.320589	0	14	7	3.508620	5.485440	6.470532	6.855997	0	0
conventional	c0-41	-28	0	29.875465	0	14	7	3.779123	1.346530	12.918761	11.831051	0	0
conventional	c0-42	-27	0	24.106104	0	14	7	2.155522	1.615981	9.906112	10.428489	0	0
conventional	c0-43	-38	0	23.495993	0	14	7	1.558012	3.120038	9.424097	9.393846	0	0
conventional	c0-44	-36	0	11.342790	0	14	7	1.223550	0.252591	6.785770	3.080879	0	0
conventional	c0-45	-48	0	32.664615	0	14	7	4.980512	3.102664	17.244325	7.337114	0	0
conventional	c0-46	-24	0	32.806514	0	14	7	2.175490	1.628020	18.140415	10.862589	0	0
conventional	c0-47	-56	0	17.948040	0	14	7	0.763519	3.790388	5.293441	8.100692	0	0
conventional	c0-48	-5	0	20.332283	0	14	7	2.101763	1.360878	11.307761	5.561881	0	0
conventional	c0-49	-10	0	29.314504	0	14	7	4.331905	4.735573	12.736627	7.510399	0	0
conventional	c0-50	-1	0	23.084593	0	14	7	5.316298	2.000023	8.503090	7.265182	0	0
conventional	c0-51	-17	0	22.407233	0	14	7	2.954960	1.599452	13.355548	4.497273	0	0
conventional	c0-52	-42	0	17.307266	0	14	7	4.714916	0.675630	3.822782	8.093938	0	0
conventional	c0-53	-1	0	25.430669	0	14	7	1.327657	0.850019	18.021223	5.231770	0	0
conventional	c0-54	-41	0	20.525612	0	14	7	2.654751	3.081562	9.178482	5.610817	0	0
conventional	c0-55	-1	0	26.530100	0	14	7	7.379254	6.840826	8.705525	3.604495	0	0
conventional	c0-56	-28	0	8.902543	0	14	7	0.420133	1.286916	4.380315	2.815179	0	0
conventional	c0-57	-33	0	24.226683	0	14	7	6.263600	4.444316	5.287714	8.231053	0	0
conventional	c0-58	-25	0	37.713628	0	14	7	3.500321	9.107958	13.363436	11.741913	0	0
conventional	c0-59	-21	0	14.470591	0	14	7	1.622637	1.749647	9.119350	1.978957	0	0
conventional	ce61	0	0	19.476920	0	14	7	1.260759	3.905304	9.838514	4.472343	0	0
conventional	ce62	1	0	30.178937	0	14	7	7.512189	0.764518	14.313597	7.588633	0	0
holistic	he61	2	0	7.861984	0	10	5	0	7.015380	0	0.846604	0	0
holistic	he62	2	1.650350	5.850369	2	4	3	0	3.467284	0	2.383085	0	0
conventional	ce63	2	0	33.815630	0	14	7	2.496975	8.147259	13.069817	10.101579	0	0
conventional	ce64	2	0	29.128456	0	14	7	4.539701	1.198819	11.831063	11.558873	0	0
conventional	ce65	2	0	32.382591	0	14	7	5.220493	2.043993	11.208959	13.909146	0	0
conventional	ce66	2	0	32.104030	0	14	7	4.712503	6.352511	14.694683	6.344333	0	0
conventional	ce67	2	0	24.691720	0	14	7	1.400719	4.253430	9.407532	9.630039	0	0
conventional	ce68	2	0	26.319328	0	14	7	4.905327	5.850235	8.515843	7.047923	0	0
conventional	ce69	2	0	36.325507	0	14	7	4.586798	3.272013	19.775185	8.691511	0	0
conventional	ce70	2	0	26.385382	0	14	7	4.542660	2.158034	11.544758	8.139930	2.068555	0
conventional	ce71	2	1.433441	14.267292	1	14	7	1.580590	3.129212	5.484668	4.072822	0	0
conventional	ce72	2	0	14.401636	0	14	7	1.148481	1.238184	8.195872	3.819099	0	0
holistic	he63	3	0	0	0	0	3	0	0	0	0	0	0
conventional	ce73	3	0	15.243942	0	14	7	2.929552	0.669786	4.577148	7.067456	0.720082	0
conventional	ce74	3	0	22.315900	0	14	7	4.862278	1.520922	8.745672	7.187028	0	0
conventional	ce75	3	0	19.552472	0	14	7	3.398702	1.667266	7.984515	6.501989	0	0
conventional	ce76	3	0	31.643606	0	14	7	4.913256	4.568276	14.416514	7.745560	0	0
conventional	ce77	3	0	47.328169	0	14	7	5.688690	6.825973	18.548271	16.265235	0	0
conventional	ce78	3	0	19.873098	0	14	7	4.199009	4.403335	5.178448	6.092306	0	0
conventional	ce79	3	0	32.602189	0	14	7	4.543625	6.592669	11.639771	9.826124	0	0
conventional	ce80	3	0	26.492356	0	14	7	3.483653	1.315305	15.184113	6.509285	0	0
conventional	ce81	4	0	23.976370	0	14	7	4.463431	1.301311	11.103052	7.108576	0.400751	0
conventional	ce82	4	0	20.152871	0	14	7	2.480130	1.470366	13.094071	3.108304	0	0
conventional	ce83	4	0	27.621806	0	14	7	4.295586	1.814010	10.905179	10.607031	0	0
holistic	he64	5	2.272855	6.708379	3	4	4	0	2.628878	4.079501	0	0	0
holistic	he65	5	0	0	0	0	0	0	0	0	0	0	0
holistic	he66	5	1.483855	2.009895	1	1	8	0	0	0	2.009895	0	0
conventional	ce84	5	0	26.573877	0	14	7	2.926598	5.155490	12.271733	6.220056	0	0
conventional	ce85	5	0	34.989046	0	14	7	11.128706	3.094598	17.375520	3.390222	0	0
conventional	ce86	5	0	18.085394	0	14	7	1.887021	3.101138	7.644455	5.452780	0	0
conventional	ce87	5	0	50.441193	0	14	7	6.675059	7.768165	18.929375	17.068594	1.686727	0
conventional	ce88	5	0	33.102015	0	14	7	2.093536	9.134179	14.949229	6.925071	0	0
conventional	ce89	5	0	25.780389	0	14	7	3.815232	3.461694	10.060691	8.442772	2.068555	0
conventional	ce90	5	0	33.636234	0	14	7	4.079394	6.139295	13.636703	9.780842	0	0
conventional	ce91	5	0	23.019213	0	14	7	4.179288	1.700335	13.082702	4.056888	0	0
conventional	ce92	5	0	23.391820	0	14	7	1.154280	4.247086	11.268302	6.722152	0	0
conventional	ce93	5	0	30.666121	0	14	7	5.297167	5.140832	11.126127	9.101995	0	0
conventional	ce94	5	0	27.244120	0	14	7	3.756370	4.479285	10.963365	8.045100	0	0
holistic	he67	6	0.435461	1.487701	1	2	1	0	1.487701	0	0	0	0
holistic	he68	6	0	0	0	0	0	0	0	0	0	0	0
holistic	he69	6	0	0	0	0	4	0	0	0	0	0	0
conventional	ce95	6	1.374599	29.430849	1	14	7	3.931421	1.457373	11.849937	12.192118	0	0
conventional	ce96	6	0	19.843575	0	14	7	1.939960	1.318225	10.779093	5.806297	0.400751	0
conventional	ce97	6	0	22.115470	0	14	7	1.609465	0.987713	8.565914	10.952378	0	0
holistic	he70	7	0.786594	3.296846	1	2	3	0	0	0	3.296846	0	0
holistic	he71	7	8.984921	35.441243	7	27	8	0	0	30.845352	4.595891	2.431480	0
holistic	he72	7	0.435461	0.819800	1	2	1	0	0.819800	0	0	0	0
conventional	ce98	7	0	24.368178	0	14	7	3.427681	1.928282	9.627292	9.384923	0.400751	0
holistic	he73	8	0	0	0	0	0	0	0	0	0	0	0
holistic	he74	8	0	0	0	0	0	0	0	0	0	0	0
holistic	he75	8	0.435461	1.585208	1	2	1	0	1.585208	0	0	0	0
conventional	ce99	8	0	19.534281	0	14	7	1.718872	2.557938	8.988364	6.269107	0	0
conventional	ce100	8	0.352783	28.512730	1	14	7	4.142221	4.182950	11.718007	8.469552	0	0
holistic	he76	9	1.483855	2.366541	1	1	12	0	0	0	2.366541	0	0
holistic	he77	9	0	0	0	0	2	0	0	0	0	0	0
conventional	ce101	9	0	32.499623	0	14	7	8.352675	2.859061	15.695520	5.592367	0	0
conventional	ce102	9	0	30.442327	0	14	7	2.011593	3.847432	16.669474	7.913828	0	0
holistic	he78	10	0.435461	0.797150	1	2	2	0	0.797150	0	0	0	0
holistic	he79	10	0.435461	1.023463	1	2	1	0	1.023463	0	0	0	0
holistic	he80	10	1.632722	2.160088	1	1	8	0	0	0	2.160088	0	0
holistic	he81	10	0	0	0	0	0	0	0	0	0	0	0
conventional	ce103	10	0	17.591722	0	14	7	1.992140	2.964542	3.504221	9.130819	0	0
conventional	ce104	10	0	25.836593	0	14	7	9.226579	2.251366	12.151889	2.206759	0	0
holistic	he82	11	0	0	0	0	3	0	0	0	0	0	0
holistic	he83	11	8.002186	34.449903	7	27	8	0	0	29.738830	4.711073	2.431480	0
holistic	he84	11	0.435461	0.374395	1	1	1	0	0.374395	0	0	0	0
holistic	he85	11	0	0	0	0	1	0	0	0	0	0	0
conventional	ce105	11	0	26.902128	0	14	7	1.686378	3.954413	13.982337	7.279000	1.946032	0
holistic	he86	12	7.434879	18.234869	7	21	8	0	0	14.037904	4.196965	2.431480	0
holistic	he87	12	0.870922	5.818714	2	8	2	0	5.818714	0	0	0	0
holistic	he88	12	0	0	0	0	0	0	0	0	0	0	0
holistic	he89	12	9.967273	33.967627	7	27	8	0	0	29.987448	3.980179	2.431480	0
conventional	ce106	12	0	29.455146	0	14	7	0.962074	4.134466	16.204543	8.154063	0	0
conventional	ce107	12	0	24.654192	0	14	7	2.234516	3.830493	13.130515	5.458668	0	0
conventional	ce108	12	0	20.596502	0	14	7	4.740225	0.986826	8.777072	6.092379	0	0
conventional	ce109	12	0	23.746338	0	14	7	2.736519	6.237589	9.083310	5.688920	0	0
holistic	he90	13	0	0	0	0	0	0	0	0	0	0	0
holistic	he91	13	0.435461	1.553100	1	2	1	0	1.553100	0	0	0	0
holistic	he92	13	0.435461	0.865359	1	2	2	0	0.865359	0	0	0	0
holistic	he93	13	0	0	0	0	0	0	0	0	0	0	0
holistic	he94	13	0	0	0	0	0	0	0	0	0	0	0
conventional	ce110	13	0	25.914144	0	14	7	2.232664	4.066521	12.681089	6.933870	0	0
conventional	ce111	13	0	16.279680	0	14	7	1.576200	0.816563	7.568404	6.318513	0	0
conventional	ce112	13	0	28.827966	0	14	7	6.665176	2.432203	11.860035	7.870552	0	0
conventional	ce113	13	0	27.737537	0	14	7	7.232425	2.265581	12.435986	5.803545	0	0
conventional	ce114	13	0	16.019247	0	14	7	3.229813	0.544310	5.087194	7.157930	0.828641	0
conventional	ce115	13	0	19.923403	0	14	7	5.445470	4.303445	4.251510	5.922978	0	0
conventional	ce116	13	0	22.460978	0	14	7	3.814147	1.743500	12.485951	4.417380	0	0
conventional	ce117	13	0	25.357581	0	14	7	4.980697	3.153479	9.845731	7.377674	0	0
holistic	he95	14	0	0	0	0	0	0	0	0	0	0	0
holistic	he96	14	2.256036	3.308116	2	2	12	0	0	0	3.308116	0	0
holistic	he97	14	0.435461	1.452596	1	2	1	0	1.452596	0	0	0.348387	0
holistic	he98	14	0.435461	0.797150	1	2	2	0	0.797150	0	0	0	0
holistic	he99	14	0	0	0	0	0	0	0	0	0	0	0
holistic	he100	14	0	0	0	0	3	0	0	0	0	0	0
conventional	ce118	14	0	25.040361	0	14	7	4.463431	2.402959	11.142775	7.031196	0.400751	0
conventional	ce119	14	0	29.383314	0	14	7	1.240248	3.042444	18.598016	6.502606	0	0
conventional	ce120	14	0	22.841140	0	14	7	2.620876	1.728792	14.436408	4.055064	0	0
conventional	ce121	14	0	24.450753	0	14	7	3.622830	1.205587	8.475791	11.146545	0	0
holistic	he101	15	0	0	0	0	0	0	0	0	0	0	0
holistic	he102	15	0	0	0	0	3	0	0	0	0	0	0
holistic	he103	15	0.584846	1.119882	1	2	1	0	1.119882	0	0	0	0
conventional	ce122	15	0	15.115526	0	14	7	0.684770	2.016772	6.156364	6.257620	0	0
conventional	ce123	15	0	29.381328	0	14	7	5.083787	5.538478	10.804599	7.954464	0	0
conventional	ce124	15	0	25.290545	0	14	7	4.583129	1.143084	12.238065	7.326267	0.400751	0
conventional	ce125	15	0	25.726288	0	14	7	2.794468	4.312093	9.848731	8.770996	0	0
conventional	ce126	15	0	21.956749	0	14	7	4.268275	2.881243	12.161577	2.645654	0.399159	0
conventional	ce127	15	0	27.445089	0	14	7	0.918374	2.265189	9.612055	14.649471	2.012869	0
conventional	ce128	15	0	35.813571	0	14	7	11.039081	3.309118	17.112228	4.353144	2.447394	0
conventional	ce129	15	0	30.121451	0	14	7	8.812880	4.387261	13.341892	3.579418	0	0
conventional	ce130	15	0	38.008787	0	14	7	6.575118	9.687573	15.444313	6.301783	0	0
holistic	he104	16	0.305213	0.682492	1	2	1	0	0.682492	0	0	0	0
holistic	he105	16	2.042415	6.530631	1	2	2	0	0	0	6.530631	0.393612	0
holistic	he106	16	0	0	0	0	3	0	0	0	0	0	0
holistic	he107	16	0	0	0	0	3	0	0	0	0	0	0
holistic	he108	16	0	0	0	0	0	0	0	0	0	0	0
holistic	he109	16	0	0	0	0	0	0	0	0	0	0	0
holistic	he110	16	0.571432	0.663472	2	4	6	0	0	0.663472	0	4.722062	0
conventional	ce131	16	0	32.831057	0	14	7	5.007383	0.694800	12.063001	15.065873	0	0
conventional	ce132	16	0	40.463040	0	14	7	11.944315	3.390449	18.304134	6.824142	2.068555	0
conventional	ce133	16	0	20.998865	0	14	7	4.208282	4.490419	7.031437	5.268727	0	0
conventional	ce134	16	1.251737	16.534127	1	14	7	2.086262	3.214684	7.537441	3.695740	0	0
conventional	ce135	16	0	18.641628	0	14	7	4.306390	4.011123	5.124507	5.199608	0	0
holistic	he111	17	0	0	0	0	3	0	0	0	0	0	0
holistic	he112	17	0.435461	0.728091	1	2	1	0	0.728091	0	0	0	0
holistic	he113	17	1.180706	0.730728	1	1	1	0	0.730728	0	0	0	0
holistic	he114	17	0.435461	4.263495	1	3	1	0	4.263495	0	0	0.343794	0
holistic	he115	17	0	0	0	0	0	0	0	0	0	0	0
holistic	he116	17	0.435461	0.018593	1	1	1	0	0.018593	0	0	0	0
conventional	ce136	17	0.680306	17.900317	1	14	7	2.832329	3.293623	8.585713	3.188652	0	0
conventional	ce137	17	0	46.327767	0	14	7	6.580423	9.932605	17.704384	12.110355	0	0
conventional	ce138	17	0	25.273790	0	14	7	3.851116	2.716177	8.987925	9.718572	0	0
holistic	he117	18	0.435461	1.251761	1	2	2	0	1.251761	0	0	0	0
holistic	he118	18	0.571432	0.663472	2	4	6	0	0	0.663472	0	4.722062	0
holistic	he119	18	0.435461	0.471898	1	1	1	0	0.471898	0	0	0	0
holistic	he120	18	0.435461	1.443996	1	2	1	0	1.443996	0	0	0	0
conventional	ce139	18	0	48.404168	0	14	7	5.273615	8.069792	19.699397	15.361364	1.686727	0
holistic	he121	19	0	0	0	0	0	0	0	0	0	0	0
holistic	he122	19	0	0	0	0	1	0	0	0	0	0	0
holistic	he123	19	0.435461	1.847071	1	2	2	0	1.847071	0	0	0	0
holistic	he124	19	0.435461	7.645563	1	8	2	0	7.645563	0	0	0.687588	0
holistic	he125	19	0.172071	1.145421	1	2	1	0	1.145421	0	0	0	0
holistic	he126	19	0	0	0	0	0	0	0	0	0	0	0
holistic	he127	19	0.571432	0.585140	2	4	6	0	0	0.585140	0	7.572118	0
holistic	he128	19	0.435461	1.443996	1	2	4	0	1.443996	0	0	0	0
holistic	he129	19	1.632722	2.160088	1	1	8	0	0	0	2.160088	0	0
conventional	ce140	19	0	18.004843	0	14	7	2.264677	1.562992	9.857090	4.320084	0.282390	0
conventional	ce141	19	0	22.198634	0	14	7	5.939187	1.645806	8.551572	6.062069	0	0
conventional	ce142	19	0	27.007182	0	14	7	4.067727	5.429719	10.996127	6.513609	0.187149	0
conventional	ce143	19	0	10.152250	0	14	7	0.274413	1.611945	4.536493	3.729399	0	0
holistic	he130	20	2.360573	7.396517	2	5	3	0	0	0	7.396517	0.296238	5.550560
holistic	he131	20	0.435461	1.165132	1	2	1	0	1.165132	0	0	0	0
holistic	he132	20	0.435461	1.454491	1	2	1	0	1.454491	0	0	0.048094	0
holistic	he133	20	0	0	0	0	0	0	0	0	0	0.216880	0
holistic	he134	20	1.096057	2.554580	2	4	6	0	0.808141	0.715800	1.030639	0	0
holistic	he135	20	0.435461	0.073772	1	1	1	0	0.073772	0	0	0	0
holistic	he136	20	3.265444	4.320176	2	2	9	0	0	0	4.320176	0	0
holistic	he137	20	9.188103	87.725669	9	73	12	0	17.639012	48.225826	21.860831	2.431480	0
holistic	he138	20	0.435461	2.045315	1	1	2	0	2.045315	0	0	0	0
holistic	he139	20	0.435461	2.257001	1	2	1	0	2.257001	0	0	0	0
holistic	he140	20	2.177033	6.121479	3	4	4	0	2.181058	3.940421	0	0	0
holistic	he141	20	0.435461	3.089597	1	3	1	0	3.089597	0	0	0	0
holistic	he142	20	0.435461	0.503153	1	1	1	0	0.503153	0	0	0	0
holistic	he143	20	0	0	0	0	0	0	0	0	0	0	0
holistic	he144	20	1.483855	1.715367	1	1	8	0	0	0	1.715367	0	0
conventional	ce144	20	0	8.643093	0	14	7	0.286920	1.986270	4.470342	1.899561	0	0
conventional	ce145	20	0	29.845273	0	14	7	8.755907	4.832048	12.532335	3.724983	0	0
conventional	ce146	20	0	26.670583	0	14	7	4.038511	3.578095	14.858488	4.195489	0.314061	0
conventional	ce147	20	0	31.609711	0	14	7	8.134930	2.826825	17.415965	3.231991	0	0
conventional	ce148	20	0	14.444313	0	14	7	2.742114	1.377281	4.972415	5.352503	0	0
conventional	ce149	20	0	30.438941	0	14	7	7.286796	6.106774	13.229395	3.815976	0	0
holistic	he145	21	1.632722	1.505054	1	1	8	0	0	0	1.505054	0	0
holistic	he146	21	4.050129	4.290334	3	3	10	0	0.270544	0	4.019790	0	0
holistic	he147	21	0.435461	0.643757	1	2	4	0	0.643757	0	0	0	0
conventional	ce150	21	0	35.728731	0	14	7	3.110073	7.305877	16.080580	9.232201	0	0
conventional	ce151	21	0	36.597962	0	14	7	3.455111	7.138739	14.150741	11.853371	0	0
conventional	ce152	21	0	20.338938	0	14	7	5.236150	5.010047	3.968567	6.124174	0	0
conventional	ce153	21	0	19.510173	0	14	7	3.569678	3.594811	6.237576	6.108108	0	0
conventional	ce154	21	0	32.795280	0	14	7	8.816678	5.625733	13.846326	4.506543	0	0
holistic	he148	22	0.435461	1.010388	1	2	1	0	1.010388	0	0	0	0
conventional	ce155	22	0	35.912413	0	14	7	10.885265	6.205903	14.664357	4.156888	0	0
holistic	he149	23	0.435461	1.888912	1	2	2	0	1.888912	0	0	0	0
holistic	he150	23	0.435461	2.023625	1	4	2	0	2.023625	0	0	1.243186	0
holistic	he151	23	1.632722	2.160088	1	1	8	0	0	0	2.160088	0	0
holistic	he152	23	4.194268	12.847098	2	4	2	0	0	0	12.847098	0.787224	0
holistic	he153	23	0	0	0	0	0	0	0	0	0	0	0
conventional	ce156	23	0	36.022499	0	14	7	3.236400	6.377198	14.923471	11.485430	0	0
holistic	he154	24	1.142864	4.690508	4	12	12	0	0	4.690508	0	9.444124	0
holistic	he155	24	0.435461	2.412818	1	1	2	0	2.412818	0	0	0	0
holistic	he156	24	0.435461	1.300302	1	2	1	0	1.300302	0	0	0	0
holistic	he157	24	0.435461	3.641876	1	3	1	0	3.641876	0	0	0.642096	0
holistic	he158	24	0	0	0	0	0	0	0	0	0	0	0
holistic	he159	24	0	0	0	0	0	0	0	0	0	0	0
holistic	he160	24	4.084830	11.705934	2	4	3	0	0	0	11.705934	0	0
conventional	ce157	24	0	27.698090	0	14	7	5.038852	2.490980	11.621320	8.546938	0	0
conventional	ce158	24	0	30.246601	0	14	7	5.273852	5.585601	11.608718	7.778430	0	0
holistic	he161	25	2.190811	6.444650	2	4	3	0	0	0	6.444650	0.296238	5.550560
conventional	ce159	25	0	26.378792	0	14	7	8.452151	5.006219	9.456177	3.464245	1.474855	0
conventional	ce160	25	0	20.730282	0	14	7	4.115227	1.682786	7.978834	6.953435	0	0
conventional	ce161	25	0	19.974646	0	14	7	2.266631	1.508798	12.246179	3.953038	0.400751	0
conventional	ce162	25	0	27.051543	0	14	7	5.711991	4.593887	11.789076	4.956589	0	0
holistic	he162	26	0.285716	0.470130	1	3	3	0	0	0.470130	0	2.361031	0
conventional	ce163	26	0	43.680284	0	14	7	10.952354	10.122235	13.593255	9.012440	0	0
conventional	ce164	26	0	21.728658	0	14	7	1.955144	4.158892	9.654161	5.960461	0	0
conventional	ce165	26	0.352783	21.695843	1	14	7	3.734414	2.566950	7.702118	7.692361	0	0
conventional	ce166	26	0.385683	26.217769	1	14	7	7.561288	5.819851	9.382528	3.454102	0	0
conventional	ce167	26	0	14.736852	0	14	7	1.185912	1.248359	8.620383	3.682198	0	0
holistic	he163	27	0	0	0	0	1	0	0	0	0	0	0
holistic	he164	27	0	0	0	0	0	0	0	0	0	0	0
holistic	he165	27	1.483855	1.483855	1	1	8	0	0	0	1.483855	0	0
holistic	he166	27	0.439575	3.039218	2	7	5	0	1.973002	1.066216	0	2.315094	0
holistic	he167	27	9.687477	36.947643	7	27	8	0	0	32.608998	4.338645	2.431480	0
conventional	ce168	27	0	55.524686	0	14	7	7.836456	9.771352	19.014559	18.902319	1.031491	0
conventional	ce169	27	0	26.580199	0	14	7	5.272889	5.616553	7.327474	8.363283	0	0
conventional	ce170	27	0	27.671032	0	14	7	10.799685	1.229981	12.013194	3.628172	0	0
holistic	he168	28	1.247763	3.832439	3	8	5	0	1.951779	1.880660	0	3.080138	0
conventional	ce171	28	0	23.694877	0	14	7	1.743660	2.843943	12.518908	6.588366	0	0
conventional	ce172	28	1.433441	14.834428	1	14	7	2.226161	3.170645	6.079022	3.358600	0	0
holistic	he169	29	0.435461	1.512870	1	2	1	0	1.512870	0	0	0.048094	0
holistic	he170	29	1.851545	5.399160	1	2	3	0	0	0	5.399160	0.393612	0
conventional	ce173	29	0	19.912805	0	14	7	3.962675	1.516036	10.950266	3.483828	0	0
conventional	ce174	29	0.680306	20.353525	1	14	7	6.836209	3.877373	8.366228	1.273715	0	0
conventional	ce175	29	0	21.801863	0	14	7	5.171450	0.970078	8.656011	7.004324	0	0
holistic	he171	30	0	0	0	0	0	0	0	0	0	0	0
holistic	he172	30	0.435461	0.451478	1	1	1	0	0.451478	0	0	0	0
holistic	he173	31	0.334098	1.668604	1	2	1	0	1.668604	0	0	0	0
holistic	he174	31	0	0	0	0	1	0	0	0	0	0	0
holistic	he175	31	1.632722	1.900945	1	1	8	0	0	0	1.900945	0	0
holistic	he176	31	1.755500	15.916527	4	18	12	0	13.318515	2.598012	0	8.350795	0
conventional	ce176	31	0	21.148992	0	14	7	6.407163	2.021780	6.653569	6.066480	0	0
conventional	ce177	32	0	36.221726	0	14	7	9.662920	5.416217	16.661612	4.480977	1.409890	0
conventional	ce178	32	0	29.477210	0	14	7	5.344660	5.530562	11.320577	7.281411	0	0
conventional	ce179	32	0	27.116997	0	14	7	4.585766	2.258948	12.298025	7.974258	0	0
conventional	ce180	32	0	21.039163	0	14	7	2.031401	0.473336	8.457567	10.076859	0	0
conventional	ce181	32	0	10.022868	0	14	7	3.570608	0.932449	3.391783	2.128028	0	0
holistic	he177	33	0	4.606650	0	6	3	0	0	4.606650	0	0	0
holistic	he178	34	0.435461	0.449282	1	1	1	0	0.449282	0	0	0	0
holistic	he179	34	0.814768	0.123847	1	1	1	0	0.123847	0	0	0	0
conventional	ce182	34	0	48.052818	0	14	7	8.235270	8.058618	15.469770	16.289160	1.532397	0
conventional	ce183	34	0	40.146731	0	14	7	13.440295	4.575099	17.977889	4.153448	0	0
holistic	he180	35	0	0	0	0	0	0	0	0	0	0	0
conventional	ce184	35	0	14.523054	0	14	7	3.014840	3.513501	4.863567	3.131146	0	0
conventional	ce185	36	0.680306	24.558709	1	14	7	4.125291	4.042931	9.984430	6.406057	0	0
conventional	ce186	37	0	23.345145	0	14	7	2.900960	2.388945	12.363244	5.691996	0	0
conventional	ce187	38	0	20.264462	0	14	7	1.986263	2.035038	12.294870	3.948291	0	0
conventional	ce188	38	0	23.307619	0	14	7	1.181414	1.270057	13.785071	7.071077	0	0
conventional	ce189	38	0	25.486447	0	14	7	4.488042	5.447154	5.310295	10.240956	0	0
holistic	he181	39	0	0	0	0	0	0	0	0	0	0	0
conventional	ce190	39	0	21.778436	0	14	7	4.268275	2.870736	11.813055	2.826370	0.399159	0
conventional	ce191	39	0.691486	25.793396	1	14	7	4.011837	7.068712	9.534073	5.178774	0	0
holistic	he182	40	0	0	0	0	3	0	0	0	0	0	0
conventional	ce192	40	0	16.441384	0	14	7	2.757931	1.632119	4.673832	7.377502	0.473479	0
conventional	ce193	40	0	50.352636	0	14	7	6.058176	6.930397	19.660037	17.704026	2.610438	0
holistic	he183	42	0	0	0	0	0	0	0	0	0	0	0
conventional	ce194	42	0	39.003678	0	14	7	12.790243	2.606480	19.061974	4.544981	0.018381	0
holistic	he184	43	0	0	0	0	0	0	0	0	0	0	0
conventional	ce195	43	0	27.834274	0	14	7	7.862292	5.209583	9.677479	5.084920	0	0
conventional	ce196	43	0	22.858099	0	14	7	4.264495	3.071265	8.239645	7.282694	0	0
conventional	ce197	43	0	26.889814	0	14	7	2.052520	1.308488	17.419813	6.108993	0	0
conventional	ce198	43	0	24.915465	0	14	7	4.992201	4.582014	8.964702	6.376548	0	0
conventional	ce199	43	0	22.420038	0	14	7	5.644965	5.020294	4.857805	6.896974	0	0
conventional	ce200	44	0	26.580893	0	14	7	7.641373	2.869084	14.705731	1.364705	0	0
conventional	ce201	44	0	20.477526	0	14	7	4.622361	2.458298	11.335611	2.061256	0.399159	0
conventional	ce202	45	0	4.720793	0	14	7	1.317099	0.094738	1.628083	1.680873	0.816409	0
conventional	ce203	46	0	17.680377	0	14	7	3.340848	1.238950	8.154861	4.945718	0	0
conventional	ce204	46	0	25.219586	0	14	7	5.686177	2.144029	11.852419	5.536961	0	0
conventional	ce205	47	0	31.937764	0	14	7	7.396766	7.157994	11.978632	5.404372	0	0
conventional	ce206	47	0	18.804043	0	14	7	3.561968	4.883266	4.012547	6.346262	0	0
holistic	he185	48	0.435461	1.919532	1	2	2	0	1.919532	0	0	0	0
conventional	ce207	48	0	18.292378	0	14	7	0.583969	1.849621	9.954298	5.904490	0	0
holistic	he186	50	0	0	0	0	0	0	0	0	0	0	0
conventional	ce208	50	0	28.243141	0	14	7	3.945951	1.463409	9.247420	13.586361	0	0
conventional	ce209	50	0	14.715832	0	14	7	3.194734	0.813341	5.092433	5.615324	0.314061	0
conventional	ce210	51	0	23.618694	0	14	7	4.152294	0.996628	11.900562	6.569210	0.400751	0
conventional	ce211	51	0	23.756671	0	14	7	3.279870	1.530712	13.452582	5.493507	0	0
conventional	ce212	51	0	37.755385	0	14	7	12.221728	5.387199	16.112765	4.033693	0	0
conventional	ce213	52	0	26.085812	0	14	7	3.624381	1.373494	10.685827	10.402110	0.400751	0
conventional	ce214	52	0	25.253277	0	14	7	3.507744	4.086495	9.000496	8.658542	2.068555	0
conventional	ce215	52	0	26.390766	0	14	7	4.107961	1.671855	11.448281	9.162669	2.068555	0
conventional	ce216	53	0	23.895441	0	14	7	8.001220	3.431737	9.701172	2.761312	0	0
conventional	ce217	53	0	22.612653	0	14	7	4.427664	1.394044	9.645601	7.145344	0	0
conventional	ce218	53	0	32.343812	0	14	7	6.022568	6.804656	12.990126	6.526462	0	0
conventional	ce219	55	0	26.882061	0	14	7	4.273131	3.360868	11.896297	7.351765	0	0
conventional	ce220	55	0	16.677710	0	14	7	5.138921	0.955058	6.528912	4.054819	0.314061	0
conventional	ce221	56	0	31.066249	0	14	7	1.559530	4.605634	20.405216	4.495869	0	0
holistic	he187	57	0.814768	0.037293	1	1	1	0	0.037293	0	0	0.360396	0
conventional	ce222	58	0	31.055859	0	14	7	9.437150	2.638045	15.658786	3.321878	0	0
conventional	ce223	59	0	41.764080	0	14	7	5.595298	5.089683	18.108056	12.971043	0	0
conventional	ce224	59	0	26.978870	0	14	7	7.813181	3.605220	8.830843	6.729626	0	0
conventional	ce225	61	0	25.850812	0	14	7	4.159783	2.932921	8.745021	10.013087	0	0
conventional	ce226	61	0	26.183804	0	14	7	4.405626	4.898652	8.955253	7.924273	2.068555	0
conventional	ce227	62	0.385683	23.093994	1	14	7	5.659348	7.478096	6.068218	3.888332	0	0
conventional	ce228	62	0	30.126035	0	14	7	10.187520	4.162997	12.379238	3.396280	1.532397	0
conventional	ce229	62	0	11.181780	0	14	7	1.215116	3.624724	2.443303	3.898637	0	0
conventional	ce230	62	0	22.304864	0	14	7	3.346227	5.525884	7.078173	6.354580	0	0
conventional	ce231	63	0	28.943977	0	14	7	5.420854	2.866511	12.231285	8.425327	0	0
conventional	ce232	63	0	20.890476	0	14	7	3.095218	3.089244	9.676618	5.029396	0	0
conventional	ce233	63	0	29.367923	0	14	7	4.308144	4.675656	12.721601	7.662522	0	0
conventional	ce234	63	0	32.790695	0	14	7	7.056726	6.673228	13.632600	5.428141	0	0
conventional	ce235	64	0	19.300889	0	14	7	2.734839	2.422170	12.278378	1.865502	0	0
conventional	ce236	64	0.425774	17.676887	1	14	7	5.516189	1.532643	5.575999	5.052056	0	0
conventional	ce237	64	0	20.883484	0	14	7	2.957508	1.152677	7.849696	8.923603	0.828641	0
conventional	ce238	64	0	48.831771	0	14	7	8.366934	7.797391	15.207291	17.460155	1.532397	0
holistic	he188	65	1.156161	2.978518	1	2	1	0	2.978518	0	0	0	0
holistic	he189	65	0.435461	2.142854	1	2	3	0	2.142854	0	0	0	0
holistic	he190	65	0.435461	0.219845	1	1	1	0	0.219845	0	0	0	0
conventional	ce239	65	0	33.212507	0	14	7	10.051603	2.635602	17.343344	3.181958	0	0
conventional	ce240	65	0	23.617509	0	14	7	3.510922	2.811446	14.221234	3.073907	1.048212	0
conventional	ce241	65	0	28.197411	0	14	7	8.529902	4.085169	11.721302	3.861038	0	0
conventional	ce242	65	0	24.053071	0	14	7	5.609841	1.971362	11.401824	5.070044	1.015819	0
conventional	ce243	65	0	19.060473	0	14	7	2.896362	2.683531	5.403881	8.076699	0	0
conventional	ce244	65	0	27.534875	0	14	7	4.251563	5.811272	12.571984	4.900056	0	0
conventional	ce245	65	0	24.179019	0	14	7	3.078853	2.126355	12.316146	6.657665	0	0
conventional	ce246	65	0	33.788386	0	14	7	3.502196	4.576825	16.903096	8.806269	0	0
holistic	he191	66	0.814768	0.014930	1	1	2	0	0.014930	0	0	0	0
conventional	ce247	66	0	22.582720	0	14	7	2.867064	3.762986	8.192743	7.759927	0	0
conventional	ce248	66	0.385683	23.218325	1	14	7	6.774138	6.240298	6.053687	4.150202	0	0
conventional	ce249	66	0	32.370617	0	14	7	4.983214	5.569918	14.316200	7.501285	0	0
conventional	ce250	66	0	22.202729	0	14	7	3.242763	2.088302	11.304068	5.567596	0.547460	0
holistic	he192	67	1.530582	0.528704	1	1	1	0	0.528704	0	0	0	0
holistic	he193	67	0.287235	1.065195	1	2	1	0	1.065195	0	0	0.048094	0
holistic	he194	67	1.142864	4.690508	4	12	12	0	0	4.690508	0	10.307884	0
conventional	ce251	67	0	28.445494	0	14	7	4.556745	5.647632	12.229471	6.011646	0	0
conventional	ce252	67	0.413363	11.858542	1	14	7	1.238944	1.144864	5.742738	3.731996	0	0
conventional	ce253	67	0	20.437228	0	14	7	2.273637	1.697724	7.775524	8.690343	0	0
conventional	ce254	67	0.545698	20.628839	1	14	7	5.318394	4.973484	4.081988	6.254973	0	0
holistic	he195	68	0	0	0	0	0	0	0	0	0	0	0
conventional	ce255	68	0	48.121439	0	14	7	9.611703	10.114087	15.424696	12.970953	1.532397	0
conventional	ce256	68	0	33.786224	0	14	7	7.155875	7.016961	14.564589	5.048799	0	0
conventional	ce257	68	0	21.413533	0	14	7	5.193224	2.116049	7.756504	6.347756	0.385836	0
conventional	ce258	68	0.835711	25.409796	1	14	7	7.815373	3.932351	11.068598	2.593474	0	0
conventional	ce259	68	0	31.041386	0	14	7	4.143694	6.508785	11.295744	9.093163	0	0
conventional	ce260	69	0	25.258766	0	14	7	3.893754	3.985546	14.175270	3.204196	0.314061	0
conventional	ce261	69	0	9.589389	0	14	7	2.131634	0.959799	4.661590	1.836366	0.314061	0
conventional	ce262	69	0.385683	26.487361	1	14	7	4.457150	1.284561	11.164335	9.581315	0	0
conventional	ce263	69	0	25.813852	0	14	7	5.239793	2.468373	10.804983	7.300703	1.319267	0
conventional	ce264	69	0	21.213644	0	14	7	5.323657	1.730601	7.539403	6.619983	0	0
holistic	he196	70	0	0	0	0	0	0	0	0	0	0	0
holistic	he197	70	0	0	0	0	0	0	0	0	0	0	0
holistic	he198	70	1.111897	2.546859	3	8	7	0	0.959257	1.587602	0	4.510916	0
conventional	ce265	70	0	22.872629	0	14	7	1.867944	3.124203	10.909469	6.971013	0.282390	0
conventional	ce266	70	0	28.108992	0	14	7	3.978038	5.646098	11.779559	6.705297	0	0
conventional	ce267	70	0	38.680497	0	14	7	11.647431	7.118981	15.912877	4.001208	0	0
holistic	he199	71	0.435461	0.934103	1	1	1	0	0.934103	0	0	0	0
holistic	he200	71	0	0	0	0	0	0	0	0	0	0	0
conventional	ce268	71	0	22.307386	0	14	7	4.105536	2.840307	10.315862	5.045681	0	0
conventional	ce269	71	0	24.357644	0	14	7	7.235559	5.958492	8.782424	2.381169	0	0
holistic	he201	72	0	0	0	0	0	0	0	0	0	0	0
conventional	ce270	72	0	22.485472	0	14	7	5.014017	3.125927	11.624834	2.720694	0.573405	0
holistic	he202	73	1.156161	5.339454	1	3	1	0	5.339454	0	0	0	0
holistic	he203	73	0.435461	0.130489	1	1	1	0	0.130489	0	0	0	0
conventional	ce271	73	0	35.720501	0	14	7	3.685790	4.190034	18.155796	9.688881	0.187111	0
conventional	ce272	73	0	23.828922	0	14	7	2.238037	0.291921	9.998041	11.300923	0	0
conventional	ce273	73	0	19.973971	0	14	7	6.389614	3.679577	8.038727	1.866053	0	0
conventional	ce274	73	0.680306	21.479560	1	14	7	2.394616	4.268288	9.045233	5.771423	0	0
holistic	he204	74	0.435461	1.364425	1	2	1	0	1.364425	0	0	0	0
holistic	he205	74	1.632722	2.352911	1	1	8	0	0	0	2.352911	0	0
holistic	he206	74	0	0	0	0	0	0	0	0	0	0.202503	0
holistic	he207	74	0	0	0	0	0	0	0	0	0	0	0
holistic	he208	75	0.435461	0.945395	1	2	1	0	0.945395	0	0	0	0
holistic	he209	75	0.435461	1.615912	1	2	1	0	1.615912	0	0	0.048094	0
holistic	he210	75	0.177406	4.650746	1	3	1	0	4.650746	0	0	0.379762	0
conventional	ce275	75	0	29.163978	0	14	7	5.083105	3.657893	10.503647	9.919333	0	0
conventional	ce276	75	0	28.998778	0	14	7	5.512339	1.794601	11.523231	10.168607	0	0
conventional	ce277	75	0.385683	30.529942	1	14	7	7.523957	5.358459	13.027471	4.620055	0	0
conventional	ce278	75	0	39.508059	0	14	7	11.703485	6.488242	17.673683	3.642649	0	0
conventional	ce279	75	0	51.234331	0	14	7	8.723455	8.573011	16.564905	17.372960	1.532397	0
holistic	he211	76	0	0	0	0	5	0	0	0	0	0	0
holistic	he212	76	0.435461	2.029313	1	2	3	0	2.029313	0	0	0	0
holistic	he213	76	3.265444	4.705822	2	2	15	0	0	0	4.705822	0	0
holistic	he214	76	1.632722	1.900945	1	1	8	0	0	0	1.900945	0	0
holistic	he215	76	0.321369	4.421991	1	3	1	0	4.421991	0	0	0.312267	0
conventional	ce280	76	0	28.620437	0	14	7	8.171498	4.727974	10.346267	5.374698	0	0
conventional	ce281	76	0	23.323481	0	14	7	4.250377	7.357292	7.667102	4.048710	0	0
conventional	ce282	76	0	41.589511	0	14	7	14.025443	8.179301	15.150524	4.234243	0	0
holistic	he216	77	2.052958	4.143766	3	6	7	0	1.695078	2.448688	0	2.672105	0
holistic	he217	77	0.814768	0.248834	1	1	1	0	0.248834	0	0	0	0
conventional	ce283	77	0	29.845973	0	14	7	8.410507	2.710747	15.829348	2.895371	0	0
conventional	ce284	77	0	51.059678	0	14	7	7.822314	7.668002	27.348472	8.220890	0	0
conventional	ce285	77	0	20.257973	0	14	7	3.116986	3.067421	8.642818	5.430748	0.208191	0
holistic	he218	78	0	0	0	0	0	0	0	0	0	0.210729	0
holistic	he219	78	0	0	0	0	0	0	0	0	0	0	0
holistic	he220	78	0.439575	4.352563	2	7	5	0	3.063233	1.289330	0	2.131972	0
conventional	ce286	78	0	28.579767	0	14	7	6.576908	4.293553	13.457207	4.252099	0	0
conventional	ce287	78	0	23.241513	0	14	7	1.992907	2.548132	11.027596	7.672878	0.547460	0
conventional	ce288	78	0	16.072450	0	14	7	1.163752	1.729682	9.275539	3.903477	0	0
conventional	ce289	78	0.385683	30.083601	1	14	7	5.400110	3.894504	14.715291	6.073696	0	0
conventional	ce290	78	0	39.433312	0	14	7	6.698726	7.457826	17.537284	7.739476	0	0
conventional	ce291	78	0	26.793559	0	14	7	4.613321	2.666704	10.916234	8.597300	0	0
conventional	ce292	78	0	25.623931	0	14	7	4.541639	4.303456	8.730716	8.048120	0.131737	0
holistic	he221	79	0.435461	0.767504	1	1	1	0	0.767504	0	0	0	0
holistic	he222	79	0.435461	1.699744	1	2	1	0	1.699744	0	0	0.048094	0
holistic	he223	79	0	0	0	0	0	0	0	0	0	0	0
conventional	ce293	79	0	32.506299	0	14	7	4.405355	4.589298	15.572298	7.939348	0	0
conventional	ce294	79	0	25.623312	0	14	7	3.229381	4.176453	11.623964	6.593514	0.547460	0
conventional	ce295	79	0	20.557483	0	14	7	3.236791	1.579309	12.020374	3.721009	0	0
conventional	ce296	79	0	36.960384	0	14	7	10.012123	6.165046	15.235872	5.547343	0	0
holistic	he224	80	0	10.091896	0	16	6	0	0	10.091896	0	0	0
holistic	he225	80	0	0	0	0	0	0	0	0	0	0	0
holistic	he226	80	0	0	0	0	0	0	0	0	0	0	0
holistic	he227	80	1.483855	1.446804	1	1	8	0	0	0	1.446804	0	0
holistic	he228	80	0	0	0	0	1	0	0	0	0	0	0
holistic	he229	80	0.435461	2.098463	1	2	1	0	2.098463	0	0	0.519933	0
holistic	he230	80	0.824941	5.426232	2	7	7	0	3.973886	1.452346	0	2.131972	0
holistic	he231	80	0.081759	0.547503	1	2	1	0	0.547503	0	0	0	0
holistic	he232	80	0	0	0	0	2	0	0	0	0	0.762326	0
conventional	ce297	80	0	31.215726	0	14	7	9.946096	4.755850	12.632196	3.881584	0	0
conventional	ce298	80	0.385683	25.780272	1	14	7	9.295855	4.609090	9.152715	2.722612	0	0
conventional	ce299	80	0	31.717714	0	14	7	6.051446	5.676188	15.574151	4.415929	0	0
conventional	ce300	80	0	22.762579	0	14	7	5.867797	1.397103	10.160071	5.337608	0.799739	0
holistic	he233	81	0	0	0	0	0	0	0	0	0	0.298367	0
holistic	he234	81	0.435461	1.996478	1	3	1	0	1.996478	0	0	0	0
conventional	ce301	81	0	40.177135	0	14	7	12.264122	2.539586	18.240361	7.133066	0	0
conventional	ce302	81	0	17.606410	0	14	7	2.189450	1.715810	9.980940	3.720210	0	0
conventional	ce303	81	0	30.975640	0	14	7	9.830095	4.085169	13.126687	3.933689	0	0
conventional	ce304	81	0	36.431749	0	14	7	8.781856	8.636645	13.043458	5.969790	0	0
holistic	he235	82	0.435461	4.420316	1	4	2	0	4.420316	0	0	0	0
holistic	he236	82	0	0	0	0	0	0	0	0	0	0	0
conventional	ce305	82	0	23.431581	0	14	7	6.262477	1.561559	10.510094	5.097451	0.799739	0
conventional	ce306	82	0	15.642439	0	14	7	3.013953	0.780350	5.333712	6.514424	0	0
holistic	he237	83	0.893701	1.531438	1	2	2	0	1.531438	0	0	0.004503	0
holistic	he238	83	0.568832	0.031646	1	1	1	0	0.031646	0	0	0	0
holistic	he239	83	0.435461	2.159586	1	2	2	0	2.159586	0	0	0	0
conventional	ce307	83	0	31.504024	0	14	7	7.510733	7.702419	10.597277	5.693595	0	0
holistic	he240	84	0.435461	1.699744	1	2	1	0	1.699744	0	0	0	0
holistic	he241	84	0	0	0	0	8	0	0	0	0	0	0
holistic	he242	84	0.099658	11.909378	1	9	3	0	3.907694	0	8.001684	0.397610	0
holistic	he243	84	1.483855	1.770429	1	1	2	0	0	0	1.770429	0	0
holistic	he244	84	0.253079	4.490281	1	3	1	0	4.490281	0	0	0.312267	0
holistic	he245	84	0.435461	0.091361	1	1	1	0	0.091361	0	0	0	0
holistic	he246	84	0.695541	0.057713	1	1	1	0	0.057713	0	0	0	0
conventional	ce308	84	0.953570	28.251383	1	14	7	4.340747	6.720614	11.383076	5.806946	0	0
conventional	ce309	84	0	30.996890	0	14	7	8.803441	5.279991	11.991528	4.921930	0	0
holistic	he247	85	0.101357	2.559904	1	2	1	0	2.559904	0	0	0	0
holistic	he248	85	0.870922	3.163976	2	8	2	0	3.163976	0	0	0	0
conventional	ce310	85	0	30.522870	0	14	7	6.022985	8.257777	9.208230	7.033878	0	0
conventional	ce311	85	0	12.470044	0	14	7	1.361167	1.132879	6.609649	3.366349	0	0
conventional	ce312	85	0	23.999282	0	14	7	1.534471	1.115451	13.703521	7.645839	0.282390	0
conventional	ce313	85	0	28.274699	0	14	7	8.785152	2.567138	15.404216	1.518193	0	0
holistic	he249	86	1.889650	5.502320	3	9	16	0	0	3.568916	1.933404	4.676050	0
holistic	he250	86	0	0	0	0	0	0	0	0	0	0.202503	0
holistic	he251	86	0	9.965720	0	16	7	0	0	9.965720	0	0	0
conventional	ce314	86	0	18.685825	0	14	7	5.175479	1.164301	7.099569	5.246476	0.314061	0
conventional	ce315	86	0	20.841295	0	14	7	3.591290	1.581950	11.309249	4.358806	0.771204	0
conventional	ce316	86	0	29.463399	0	14	7	5.931533	1.856068	11.467385	10.208413	0	0
holistic	he252	87	0	11.670870	0	16	6	0	0	11.670870	0	0	0
holistic	he253	87	0.542123	4.005887	2	7	5	0	2.525808	1.480079	0	2.131972	0
holistic	he254	87	0	0	0	0	0	0	0	0	0	0	0
holistic	he255	87	1.209140	4.671491	3	7	5	0	1.734010	2.937481	0	2.553430	0
holistic	he256	87	0	0	0	0	0	0	0	0	0	0	0
conventional	ce317	87	0	22.611460	0	14	7	1.795403	2.419547	12.350665	6.045845	0	0
conventional	ce318	87	0	28.633281	0	14	7	6.579784	6.007748	11.182289	4.863460	0	0
conventional	ce319	87	0	28.999235	0	14	7	4.577771	5.620619	13.945702	4.855143	0	0
holistic	he257	88	0	0	0	0	0	0	0	0	0	0	0
holistic	he258	88	0	0	0	0	0	0	0	0	0	0	0
conventional	ce320	88	0	32.618269	0	14	7	8.874320	3.148744	14.882115	5.713090	0	0
conventional	ce321	88	0	45.582654	0	14	7	7.234739	7.969526	15.796386	14.582003	1.547187	0
conventional	ce322	88	0	25.073611	0	14	7	2.348327	1.841362	13.234807	7.649115	0	0
conventional	ce323	88	0	31.486050	0	14	7	5.431556	7.105608	12.413529	6.535357	0	0
holistic	he259	89	0	0	0	0	0	0	0	0	0	0	0
holistic	he260	89	1.530582	0.640181	1	1	1	0	0.640181	0	0	0	0
holistic	he261	89	0	0	0	0	4	0	0	0	0	0	0
conventional	ce324	89	0	26.967871	0	14	7	4.920725	3.587222	13.123363	5.336561	1.532397	0
conventional	ce325	89	0	30.865574	0	14	7	6.440671	5.693098	14.032424	4.699381	0	0
holistic	he262	90	0.435461	1.786276	1	2	1	0	1.786276	0	0	0	0
holistic	he263	90	0.435461	1.807966	1	2	2	0	1.807966	0	0	0	0
holistic	he264	90	0.435461	0.541396	1	1	1	0	0.541396	0	0	0	0
holistic	he265	90	0.212555	4.929933	1	3	1	0	4.929933	0	0	0.312267	0
conventional	ce326	90	0	19.724527	0	14	7	2.413576	1.957578	11.064560	4.288813	0	0
conventional	ce327	90	0	25.085820	0	14	7	8.363120	3.576260	11.760852	1.385588	1.603347	0
conventional	ce328	90	0	29.298516	0	14	7	7.259967	2.879351	15.661881	3.497317	0	0
conventional	ce329	90	0	33.721357	0	14	7	10.249025	5.821229	14.665312	2.985791	0	0
holistic	he266	91	0	0	0	0	0	0	0	0	0	0	0
holistic	he267	91	0.435461	1.678627	1	4	3	0	1.678627	0	0	3.618672	0
holistic	he268	91	0	0	0	0	0	0	0	0	0	0.058607	0
holistic	he269	91	0	0	0	0	0	0	0	0	0	0	0
holistic	he270	91	0.435461	0.456814	1	1	1	0	0.456814	0	0	0	0
conventional	ce330	91	0	36.962721	0	14	7	9.012354	8.711574	15.203238	4.035555	0	0
holistic	he271	92	0.435461	1.913501	1	2	2	0	1.913501	0	0	0	0
holistic	he272	92	0	0	0	0	0	0	0	0	0	0.543538	0
conventional	ce331	92	0	28.077721	0	14	7	7.638239	3.496492	12.235551	4.707439	0	0
conventional	ce332	92	0	16.762853	0	14	7	3.689897	1.933484	5.101983	6.037489	1.355040	0
conventional	ce333	92	0	25.824661	0	14	7	5.913797	1.686342	9.181453	9.043069	0	0
conventional	ce334	92	0	26.132759	0	14	7	8.398561	5.913305	9.884426	1.936467	0	0
conventional	ce335	92	0	37.859847	0	14	7	3.725387	5.927085	18.575793	9.631582	0	0
holistic	he273	93	0.964540	0.330924	1	1	1	0	0.330924	0	0	0.210729	0
holistic	he274	93	0	0	0	0	0	0	0	0	0	0	0
holistic	he275	93	0.503830	0.415261	1	2	1	0	0.415261	0	0	0	0
holistic	he276	93	0	9.810062	0	20	3	0	0	9.810062	0	0	0
conventional	ce336	93	0	22.679456	0	14	7	1.860543	3.562600	10.517830	6.738483	0.282390	0
holistic	he277	94	0	0	0	0	0	0	0	0	0	0	0
holistic	he278	94	0	0	0	0	0	0	0	0	0	0	0
holistic	he279	94	0.678482	3.402592	2	2	2	0	0.459057	0	2.943535	0	0
conventional	ce337	94	0	22.657298	0	14	7	5.746494	4.636286	10.107452	2.167066	1.603347	0
conventional	ce338	94	0	27.863005	0	14	7	6.271031	5.265588	11.381739	4.944647	0	0
holistic	he280	95	0.870922	1.467544	2	4	2	0	1.467544	0	0	0	0
holistic	he281	95	0.321369	4.991383	1	3	1	0	4.991383	0	0	0.590975	0
holistic	he282	95	0	0	0	0	0	0	0	0	0	0	0
holistic	he283	95	0	0	0	0	0	0	0	0	0	0	0
conventional	ce339	95	0	25.452119	0	14	7	8.100071	3.394479	10.177663	3.779906	0	0
conventional	ce340	95	0	24.374827	0	14	7	2.740764	3.498523	12.137745	5.997795	0	0
conventional	ce341	95	0.385683	24.554750	1	14	7	7.008323	5.797009	7.728387	4.021031	0	0
conventional	ce342	95	0	28.146266	0	14	7	7.801455	4.844596	9.803362	5.696853	0	0
conventional	ce343	95	0	32.372581	0	14	7	10.825445	4.988273	13.933027	2.625836	0.258343	0
holistic	he284	96	0	4.703265	0	6	4	0	0	4.703265	0	0	0
conventional	ce344	96	0	29.628116	0	14	7	4.977446	5.724402	13.669383	5.256885	0	0
conventional	ce345	96	0	32.740668	0	14	7	7.562786	6.230115	12.019197	6.928570	0	0
conventional	ce346	96	0	24.849012	0	14	7	7.634233	5.395303	8.123255	3.696221	0	0
holistic	he285	97	0.435461	1.844328	1	3	1	0	1.844328	0	0	0.429950	0
holistic	he286	97	1.632722	2.352911	1	1	8	0	0	0	2.352911	0	0
holistic	he287	97	0.435461	1.295177	1	2	1	0	1.295177	0	0	0	0
conventional	ce347	97	0	48.979413	0	14	7	9.332516	5.917911	15.829504	17.899482	1.429703	0
conventional	ce348	97	0	34.522638	0	14	7	6.609154	7.690952	14.433801	5.788731	0	0
holistic	he288	98	0.435461	2.193094	1	3	1	0	2.193094	0	0	0.370397	0
holistic	he289	99	0	0	0	0	0	0	0	0	0	0	0
holistic	he290	99	0.479724	4.569210	1	3	1	0	4.569210	0	0	0.157727	0
conventional	ce349	99	0	25.116481	0	14	7	6.751689	1.334489	11.486904	5.543399	0	0
conventional	ce350	99	1.913269	17.212701	1	14	7	2.932692	0.725730	6.210306	7.343973	0.405949	0
conventional	ce351	99	0	22.924700	0	14	7	3.204066	4.449008	10.409479	4.862147	0.547460	0
conventional	ce352	99	0	30.298044	0	14	7	5.048586	2.518208	12.799763	9.931487	0	0
conventional	ce353	99	0.385683	31.042253	1	14	7	4.210586	4.923367	14.083089	7.825211	0	0
holistic	he291	100	3.058928	1.818071	7	25	13	0	0.603956	1.214115	0	6.668976	0
conventional	ce354	100	0	27.099260	0	14	7	8.513024	4.863968	9.242763	4.479505	0	0
holistic	he292	101	0	0	0	0	0	0	0	0	0	0	0
holistic	he293	101	0.503830	0.486508	1	2	1	0	0.486508	0	0	0	0
conventional	ce355	101	0	27.772710	0	14	7	8.111468	4.384027	11.205096	4.072119	0	0
conventional	ce356	101	0	28.127561	0	14	7	5.711501	1.875264	11.579797	8.960999	0	0
holistic	he294	102	1.784284	1.810443	1	1	8	0	0	0	1.810443	0	0
holistic	he295	102	0.177406	4.464965	1	3	1	0	4.464965	0	0	0.379762	0
conventional	ce357	102	0	23.648418	0	14	7	6.508338	4.333691	9.884940	2.921449	0	0
conventional	ce358	102	0	35.866926	0	14	7	7.090764	6.863241	12.520372	9.392549	0	0
holistic	he296	103	0.435461	1.444441	1	2	1	0	1.444441	0	0	0	0
conventional	ce359	103	0	27.955708	0	14	7	5.054338	2.769791	11.744118	8.387461	0	0
conventional	ce360	103	0	39.798101	0	14	7	12.167177	7.066166	15.972286	4.592472	0	0
conventional	ce361	103	0	26.766736	0	14	7	8.793156	4.500969	9.201068	4.271543	0	0
conventional	ce362	103	0	24.130556	0	14	7	4.117815	0.996628	11.900562	7.115551	0.400751	0
conventional	ce363	103	0	36.570948	0	14	7	6.426728	6.670728	16.389002	7.084490	0	0
conventional	ce364	103	0	35.363152	0	14	7	4.364123	5.166527	17.291420	8.541082	0	0
holistic	he297	104	1.632722	2.352911	1	1	8	0	0	0	2.352911	0	0
holistic	he298	104	9.929664	14.414226	6	6	9	0	0	0	14.414226	0	0
conventional	ce365	104	1.177803	27.625835	1	14	7	7.500904	7.337738	9.475833	3.311360	0	0
holistic	he299	105	0	4.665862	0	6	4	0	0	4.665862	0	0	0
conventional	ce366	105	0.953570	26.443334	1	14	7	5.139181	5.593353	10.785843	4.924957	0	0
conventional	ce367	106	0	24.246215	0	14	7	2.519166	4.653001	11.559126	5.514922	0.314061	0
conventional	ce368	107	0	36.956838	0	14	7	8.469986	6.961339	17.134093	4.391420	0	0
conventional	ce369	107	0	23.950540	0	14	7	7.495140	5.602314	7.409704	3.443382	0	0
holistic	he300	108	0	0	0	0	0	0	0	0	0	0	0
conventional	ce370	108	0	14.560804	0	14	7	2.576025	2.495838	7.014847	2.474094	0	0
conventional	ce371	108	0	36.296855	0	14	7	8.808724	4.915513	15.707061	6.865557	0	0
conventional	ce372	109	0	29.846584	0	14	7	8.229722	2.929363	15.867350	2.820149	0	0
holistic	he301	110	0.712060	2.354467	1	2	1	0	2.354467	0	0	0	0
conventional	ce373	110	0	28.561798	0	14	7	8.752977	4.859672	11.041255	3.907894	0	0
conventional	ce374	110	0	25.932016	0	14	7	3.477895	0.819365	9.118578	12.516178	0	0
conventional	ce375	111	0	32.230724	0	14	7	5.035745	2.039887	14.282323	10.872769	0	0
conventional	ce376	111	0.812620	25.824098	1	14	7	6.081155	4.886382	9.386653	5.469908	0	0
holistic	he302	112	0.435461	1.939490	1	2	1	0	1.939490	0	0	0.519933	0
conventional	ce377	112	0	21.515267	0	14	7	6.992000	5.185641	7.329107	2.008519	0	0
conventional	ce378	113	0	37.475784	0	14	7	3.178355	5.320956	20.368525	8.607948	0	0
conventional	ce379	113	0	26.319584	0	14	7	5.032148	6.045621	11.998449	3.243366	0	0
conventional	ce380	113	0	34.242552	0	14	7	12.048819	3.785458	13.591165	4.817110	0	0
conventional	ce381	113	0	28.272725	0	14	7	7.537811	2.490192	16.864526	1.380196	0	0
holistic	he303	114	0	8.713512	0	12	6	0	0	8.713512	0	0	0
holistic	he304	115	0	0	0	0	0	0	0	0	0	0	0
conventional	ce382	115	0	35.766315	0	14	7	8.528732	3.056925	16.982679	7.197979	0	0
conventional	ce383	115	0	28.644424	0	14	7	3.978671	3.104625	14.873021	6.688107	0	0
conventional	ce384	116	0	25.218090	0	14	7	8.246884	3.676806	7.480648	5.813752	0	0
conventional	ce385	116	0	29.688924	0	14	7	7.683639	3.873179	12.452908	5.679198	0.799739	0
holistic	he305	117	0.435461	1.919237	1	2	1	0	1.919237	0	0	0	0
conventional	ce386	117	0	40.027635	0	14	7	4.700180	5.351609	21.998706	7.977140	0	0
holistic	he306	118	3.106814	38.093945	5	25	12	0	34.899834	3.194111	0	0.379762	0
conventional	ce387	118	0	18.730784	0	14	7	4.981324	1.814711	8.027904	3.906845	1.015819	0
conventional	ce388	118	0.434581	30.454184	1	14	7	8.543457	4.809315	14.051477	3.049935	0	0
conventional	ce389	119	0	44.527441	0	14	7	4.983162	5.959587	23.383139	10.201553	0	0
conventional	ce390	119	0	31.848549	0	14	7	9.340603	2.620619	15.276009	4.611318	0	0
conventional	ce391	122	0	24.853730	0	14	7	4.661241	0.507983	12.147240	7.537266	0.400751	0
conventional	ce392	122	0	28.757846	0	14	7	5.273932	2.714473	15.384267	5.385174	0	0
conventional	ce393	123	0	35.435808	0	14	7	7.034928	7.419381	15.239872	5.741627	0	0
conventional	ce394	124	0	26.328985	0	14	7	2.332590	7.471356	11.370431	5.154608	0	0
holistic	he307	125	0	0	0	0	0	0	0	0	0	0.405006	0
holistic	he308	125	7.409424	48.921168	6	34	7	0	0	48.921168	0	2.811578	0
conventional	ce395	125	0	17.912125	0	14	7	4.181309	0.416225	9.272181	4.042410	1.642193	0
conventional	ce396	125	0	29.267959	0	14	7	8.895601	7.266187	10.585492	2.520679	0	0
conventional	ce397	125	1.913269	19.303401	1	14	7	3.894431	0.763388	8.225388	6.420194	1.212858	0
conventional	ce398	125	0	29.252359	0	14	7	4.799821	1.180313	13.763510	9.508715	0.400751	0
conventional	ce399	126	0	29.354745	0	14	7	9.160703	4.556412	11.537829	4.099801	0	0
holistic	he309	127	0.321369	1.406868	1	2	1	0	1.406868	0	0	0	0
conventional	ce400	127	0.953570	32.472050	1	14	7	6.503156	6.671254	11.508865	7.788775	0	0
conventional	ce401	127	0.385683	38.453915	1	14	7	7.929368	5.983313	15.437411	9.103823	0	0
conventional	ce402	128	0.093800	32.618104	1	14	7	4.238269	4.603076	14.635888	9.140871	0	0
conventional	ce403	128	0	36.010088	0	14	7	6.400107	5.923572	16.037579	7.648830	0	0
conventional	ce404	128	0	44.270629	0	14	7	5.227824	6.112076	22.945818	9.984911	0	0
conventional	ce405	129	0	26.986838	0	14	7	4.887366	1.815438	13.583918	6.700116	0.293094	0
holistic	he310	130	0	0	0	0	0	0	0	0	0	0	0
holistic	he311	130	1.641408	16.918377	4	18	12	0	12.829338	4.089039	0	7.257549	0
conventional	ce406	130	0	26.423824	0	14	7	2.676873	7.052169	12.742198	3.952584	0	0
conventional	ce407	130	0.322859	27.836123	1	14	7	6.868669	7.973281	10.633890	2.360283	1.932793	0
conventional	ce408	130	0	31.497796	0	14	7	5.122535	2.042822	12.246935	12.085504	0	0
conventional	ce409	130	0	29.634757	0	14	7	2.177847	4.336184	16.230976	6.889750	0	0
holistic	he312	131	0.435461	1.936790	1	3	1	0	1.936790	0	0	0.429950	0
holistic	he313	131	11.838584	10.219989	7	9	8	0	0	8.409546	1.810443	0	0
conventional	ce410	131	0	23.990711	0	14	7	5.445970	5.714890	9.690404	3.139447	0	0
conventional	ce411	131	0	28.446486	0	14	7	6.482224	4.178292	12.050081	5.735889	0	0
conventional	ce412	132	0	25.856260	0	14	7	6.731422	4.380726	9.947409	4.796703	0	0
conventional	ce413	132	0	27.151607	0	14	7	2.415814	4.166094	14.696453	5.873246	0	0
conventional	ce414	133	0	27.844072	0	14	7	8.810355	5.846153	9.114686	4.072878	0	0
conventional	ce415	133	0	34.367886	0	14	7	9.805676	5.665218	15.439475	3.457517	0.889438	0
conventional	ce416	133	0	32.885917	0	14	7	9.817791	7.213549	13.761502	2.093075	0	0
holistic	he314	134	0.253079	1.598343	1	3	1	0	1.598343	0	0	0.587045	0
holistic	he315	134	0.435461	0.545758	1	2	4	0	0.545758	0	0	0	0
holistic	he316	134	4.211448	56.401859	5	41	13	0	52.619237	3.782622	0	4.253683	0
holistic	he317	134	0.435461	3.209041	1	3	1	0	3.209041	0	0	0.429950	0
holistic	he318	134	0.435461	1.793396	1	2	13	0	1.793396	0	0	6.160276	0
conventional	ce417	134	0	18.914927	0	14	7	4.996496	1.806978	8.236823	3.874630	0.831624	0
conventional	ce418	134	0	25.787172	0	14	7	5.990575	5.151796	10.322846	4.321955	0	0
holistic	he319	135	0.321369	0.746707	1	2	1	0	0.746707	0	0	0	0
holistic	he320	135	0.164370	3.749364	1	3	1	0	3.749364	0	0	0.414969	0
holistic	he321	135	0	0	0	0	0	0	0	0	0	0.405006	0
conventional	ce419	135	0	26.564834	0	14	7	7.117238	6.126453	10.193958	3.127185	0	0
holistic	he322	136	0	0	0	0	0	0	0	0	0	0	0
holistic	he323	136	0	0	0	0	0	0	0	0	0	0	0
holistic	he324	136	1.711160	7.766869	4	15	15	0	5.757382	2.009487	0	6.400287	0
conventional	ce420	136	0	21.558786	0	14	7	2.018872	2.402153	10.711738	6.426023	0	0
conventional	ce421	137	0	44.349139	0	14	7	8.805262	9.565275	17.479106	8.499496	0	0
conventional	ce422	137	0	23.094690	0	14	7	7.990945	4.863829	5.848999	4.390917	0	0
conventional	ce423	137	0	22.100177	0	14	7	2.795330	0.718806	8.435531	10.150510	0	0
holistic	he325	138	0.435461	1.548962	1	2	1	0	1.548962	0	0	0	0
holistic	he326	138	0.677838	3.211987	1	3	1	0	3.211987	0	0	0.429950	0
holistic	he327	138	0	0	0	0	0	0	0	0	0	0	0
conventional	ce424	138	0	19.375426	0	14	7	5.378867	1.691967	8.475347	3.829245	0.260811	0
conventional	ce425	138	0	24.693294	0	14	7	6.167020	6.037551	11.186849	1.301874	0	0
conventional	ce426	138	0	29.356568	0	14	7	8.822115	6.488100	11.643230	2.403123	0	0
conventional	ce427	138	0	24.163795	0	14	7	4.458794	0.108051	12.053978	7.542972	0.400751	0
conventional	ce428	138	0	18.901837	0	14	7	2.128382	1.543491	11.065899	4.164065	0	0
holistic	he328	139	1.784284	1.822553	1	1	8	0	0	0	1.822553	0	0
holistic	he329	139	0	5.022835	0	6	5	0	0	5.022835	0	0	0
holistic	he330	139	0	0	0	0	1	0	0	0	0	0	0
conventional	ce429	139	2.072904	29.776317	1	14	7	3.454426	4.151005	16.123228	6.047658	0	0
conventional	ce430	139	0	23.689194	0	14	7	6.581032	1.667753	10.284119	5.156290	0.213421	0
holistic	he331	140	0	2.325638	0	2	19	0	2.325638	0	0	8.231480	0
holistic	he332	140	0	0	0	0	0	0	0	0	0	0	0
holistic	he333	140	12.755628	17.240190	6	6	9	0	0	0	17.240190	0	0
holistic	he334	140	0.870922	24.517158	2	28	5	0	1.955574	22.561584	0	1.000072	0
holistic	he335	140	0	0	0	0	0	0	0	0	0	0.257101	0
holistic	he336	140	0	0	0	0	0	0	0	0	0	0	0
conventional	ce431	140	0.093800	35.560604	1	14	7	4.706374	4.746303	16.706484	9.401443	0.013651	0
conventional	ce432	140	0	19.543066	0	14	7	2.769304	1.209371	11.816924	3.747467	0	0
holistic	he337	141	0.503830	0.323749	1	2	1	0	0.323749	0	0	0	0
holistic	he338	141	0	0	0	0	1	0	0	0	0	0	0
conventional	ce433	141	0	28.971871	0	14	7	9.727470	5.826506	9.751842	3.666053	0	0
conventional	ce434	141	0	34.932426	0	14	7	5.378804	9.133172	16.914087	3.506363	0	0
conventional	ce435	141	1.789351	24.730630	1	14	7	4.603484	3.356800	11.822857	4.947489	0	0
holistic	he339	142	0	0	0	0	0	0	0	0	0	1.160672	0
holistic	he340	142	0.212555	4.893134	1	3	1	0	4.893134	0	0	0.233466	0
conventional	ce436	142	0.385683	22.797270	1	14	7	5.340440	5.844866	7.855147	3.756817	0	0
conventional	ce437	142	0	23.480469	0	14	7	5.826796	3.094403	10.549357	4.009913	0	0
conventional	ce438	142	0	37.872517	0	14	7	3.970382	4.094993	14.447724	15.359418	0	0
holistic	he341	143	0.435461	0.939451	1	3	1	0	0.939451	0	0	0.071416	0
holistic	he342	143	0.435461	1.213478	1	2	1	0	1.213478	0	0	0	0
conventional	ce439	143	1.119022	29.782720	1	14	7	8.044634	6.783647	9.223302	5.731137	0	0
holistic	he343	144	1.784284	1.822553	1	1	8	0	0	0	1.822553	0	0
holistic	he344	144	0	0	0	0	0	0	0	0	0	0	0
holistic	he345	144	0.503830	0.002619	1	1	1	0	0.002619	0	0	0	0
holistic	he346	144	0.435461	0.473143	1	1	1	0	0.473143	0	0	0	0
holistic	he347	144	0	0	0	0	0	0	0	0	0	0.405006	0
holistic	he348	144	0	0	0	0	0	0	0	0	0	0	0
conventional	ce440	144	1.362516	19.780434	1	14	7	4.200950	1.418961	6.431568	7.728955	0.840652	0
conventional	ce441	144	0	28.083065	0	14	7	6.048747	6.899119	9.149018	5.986181	0	0
conventional	ce442	144	0.812620	26.196624	1	14	7	5.499704	4.217355	10.192113	6.287452	0	0
conventional	ce443	144	0.768280	27.538006	1	14	7	6.345052	6.492464	9.894516	4.805974	0	0
conventional	ce444	144	0	18.729136	0	14	7	4.837914	1.007574	9.361444	3.522204	1.015819	0
holistic	he349	145	0	0	0	0	0	0	0	0	0	0	0
holistic	he350	145	1.784284	1.830251	1	1	8	0	0	0	1.830251	0	0
holistic	he351	145	2.486397	26.284681	5	21	14	0	20.836900	5.447781	0	6.536658	0
holistic	he352	146	0	0	0	0	0	0	0	0	0	0	0
holistic	he353	146	0	0	0	0	1	0	0	0	0	0	0
holistic	he354	146	1.711160	11.497599	4	15	15	0	6.081342	5.416257	0	5.709414	0
holistic	he355	146	0.435461	1.594859	1	2	1	0	1.594859	0	0	0	0
holistic	he356	147	0	0	0	0	0	0	0	0	0	0	0
holistic	he357	147	1.145320	20.950416	2	12	12	0	16.641216	4.309200	0	2.734357	0
holistic	he358	147	2.146621	14.061695	5	21	15	0	12.052208	2.009487	0	7.574415	0
conventional	ce445	147	1.104652	34.245801	1	14	7	8.817613	6.221119	14.697340	4.509729	0.889438	0
conventional	ce446	147	0	30.199126	0	14	7	9.304640	3.097854	14.768914	3.027718	0	0
holistic	he359	148	0	0	0	0	0	0	0	0	0	0.257101	0
holistic	he360	148	0.435461	1.604287	1	2	1	0	1.604287	0	0	0	0
holistic	he361	148	1.641172	17.106332	2	10	2	0	17.106332	0	0	1.366693	0
holistic	he362	148	1.784284	1.827104	1	1	8	0	0	0	1.827104	0	0
conventional	ce447	148	0.253806	23.683839	1	14	7	6.787360	5.519363	8.006161	3.370955	0	0
conventional	ce448	148	0	20.206943	0	14	7	5.064515	1.778419	9.069315	4.294694	0	0
holistic	he363	149	1.784284	0.914147	1	1	8	0	0	0	0.914147	0	0
holistic	he364	149	0	0	0	0	0	0	0	0	0	0	0
holistic	he365	149	0	0	0	0	0	0	0	0	0	0.257101	0
conventional	ce449	149	0	25.793219	0	14	7	5.587777	0.559388	11.787657	7.858397	0.400751	0
holistic	he366	150	0.435461	1.555347	1	2	2	0	1.555347	0	0	0	0
holistic	he367	150	14.818848	172.852568	12	108	13	0	0	172.852568	0	5.623156	0
holistic	he368	150	0.503830	2.062408	1	3	1	0	2.062408	0	0	0	0
holistic	he369	150	0	0	0	0	1	0	0	0	0	0	0
conventional	ce450	150	0	39.770433	0	14	7	3.423636	6.861970	18.899805	10.585022	0	0
conventional	ce451	150	0	34.324964	0	14	7	10.138101	4.154927	13.747893	6.284043	0	0
conventional	ce452	150	0	36.720850	0	14	7	9.179118	9.377160	10.490291	7.674281	0	0
holistic	he370	151	0.712060	0.937792	1	2	1	0	0.937792	0	0	0	0
holistic	he371	151	1.750182	0.880044	1	1	8	0	0	0	0.880044	0	0
holistic	he372	151	0.423158	2.639803	1	6	9	0	0.387429	2.252374	0	2.875954	0
conventional	ce453	151	0.812620	16.505736	1	14	7	3.494909	1.815352	7.699448	3.496027	0	0
conventional	ce454	151	0	27.542517	0	14	7	7.138630	2.207239	13.216266	4.980382	0	0
holistic	he373	152	0	0	0	0	2	0	0	0	0	0	0
holistic	he374	152	0	0	0	0	0	0	0	0	0	0	0
conventional	ce455	152	0	34.340262	0	14	7	4.932724	4.960043	16.192709	8.254786	0	0
conventional	ce456	152	0	34.581435	0	14	7	3.612677	4.141268	17.418008	9.409482	0	0
holistic	he375	153	0	0	0	0	2	0	0	0	0	0	0
conventional	ce457	153	0	50.634980	0	14	7	5.578862	5.134449	26.241349	13.680320	0	0
conventional	ce458	153	0	28.235087	0	14	7	8.282529	6.102838	8.228730	5.620990	0	0
conventional	ce459	153	0	25.589362	0	14	7	3.365271	6.960287	10.147293	5.116511	0	0
holistic	he376	154	2.006044	3.156944	1	1	8	0	0	0	3.156944	0	0
holistic	he377	154	1.784284	1.533143	1	1	8	0	0	0	1.533143	0	0
holistic	he378	155	0	0	0	0	0	0	0	0	0	0	0
holistic	he379	155	0.435461	2.776946	1	2	16	0	2.776946	0	0	5.579915	0
holistic	he380	155	0	0	0	0	0	0	0	0	0	0	0
holistic	he381	155	0.435461	2.865479	1	2	1	0	2.865479	0	0	0	0
holistic	he382	155	0.621994	5.326373	1	4	8	0	0	5.326373	0	2.204519	0
conventional	ce460	155	0	20.256710	0	14	7	4.488993	3.861441	8.514087	3.392189	0	0
conventional	ce461	155	0	32.144692	0	14	7	9.175722	6.423651	9.959926	6.585393	0	0
conventional	ce462	155	0	23.398139	0	14	7	7.307566	3.025896	8.980963	4.083714	0	0
holistic	he383	156	0	2.696234	0	3	4	0	0	2.696234	0	0	0
holistic	he384	156	0.234574	5.759108	2	8	11	0	5.759108	0	0	0	0
holistic	he385	156	2.313822	25.386778	2	12	2	0	25.386778	0	0	2.571986	0
conventional	ce463	156	0	24.339720	0	14	7	5.862381	1.898120	12.528861	4.050358	0.260811	0
conventional	ce464	156	0	21.946242	0	14	7	5.929263	4.838205	8.655433	2.523341	0	0
holistic	he386	157	0.435461	3.977487	1	3	1	0	3.977487	0	0	0.367949	0
holistic	he387	157	0.435461	1.985354	1	3	1	0	1.985354	0	0	0.817509	0
holistic	he388	157	0.479724	1.948992	1	3	1	0	1.948992	0	0	0	0
holistic	he389	158	0.960084	2.088585	1	2	1	0	2.088585	0	0	0	0
conventional	ce465	158	0	19.475953	0	14	7	5.374521	1.887687	10.171734	2.042011	0.260811	0
holistic	he390	159	0.435461	0.750882	1	2	1	0	0.750882	0	0	0	0
holistic	he391	159	0.435461	1.585075	1	2	1	0	1.585075	0	0	0	0
holistic	he392	159	0	9.567794	0	12	6	0	0	9.567794	0	0	0
holistic	he393	159	0	0	0	0	0	0	0	0	0	0	0
holistic	he394	159	0.435461	2.885216	1	2	1	0	2.885216	0	0	0	0
conventional	ce466	159	0	19.696673	0	14	7	4.854814	1.668135	9.447487	3.726237	2.079797	0
conventional	ce467	159	0	18.939945	0	14	7	6.131390	4.578415	5.527220	2.702920	0	0
conventional	ce468	159	0	25.045869	0	14	7	6.014367	3.836822	12.647720	2.546960	0	0
holistic	he395	160	3.928137	88.783266	5	38	12	0	84.179478	4.603788	0	4.565950	0
holistic	he396	160	0	0	0	0	2	0	0	0	0	0.405006	0
holistic	he397	160	1.711160	6.112101	4	15	19	0	4.102614	2.009487	0	6.400287	0
holistic	he398	160	0.115896	0.591985	1	2	1	0	0.591985	0	0	0	0
conventional	ce469	160	0	24.766149	0	14	7	3.394621	1.144100	12.066310	8.161118	0.803883	0
holistic	he399	161	1.513404	8.226146	4	15	16	0	5.737472	2.488674	0	6.400287	0
holistic	he400	161	1.784284	0.914147	1	1	8	0	0	0	0.914147	0	0
holistic	he401	161	0	0	0	0	0	0	0	0	0	0.116754	0
conventional	ce470	161	0	36.528614	0	14	7	10.703485	4.954467	13.754660	7.116002	0	0
conventional	ce471	161	0	17.185846	0	14	7	5.177222	2.077348	5.999040	3.932236	0.213421	0
holistic	he402	162	4.012088	5.643208	2	2	12	0	0	0	5.643208	0	0
holistic	he403	162	1.548281	6.742151	4	15	19	0	4.928186	1.813965	0	6.400287	0
conventional	ce472	162	0.572414	34.483789	1	14	7	8.937089	6.559557	13.026956	5.960187	0	0
holistic	he404	163	0	0	0	0	4	0	0	0	0	0	0
holistic	he405	163	0.435461	2.921518	1	2	1	0	2.921518	0	0	0	0
holistic	he406	163	0	0	0	0	2	0	0	0	0	0	0
conventional	ce473	163	0	21.254797	0	14	7	3.294307	0.672448	6.870734	10.417308	0	0
conventional	ce474	163	0	31.013312	0	14	7	6.151138	7.548835	9.776151	7.537188	0	0
conventional	ce475	163	0	23.446035	0	14	7	5.845390	2.272259	11.170431	4.157955	0.641930	0
conventional	ce476	163	0	25.536720	0	14	7	6.619762	2.735511	11.917804	4.263643	0	0
holistic	he407	164	0.435461	2.488113	1	2	1	0	2.488113	0	0	0	0
holistic	he408	164	1.156911	9.024388	1	4	1	0	9.024388	0	0	2.044773	0
holistic	he409	164	0	0	0	0	0	0	0	0	0	0	0
holistic	he410	164	0.435461	3.670413	1	2	1	0	3.670413	0	0	0	0
conventional	ce477	164	0	38.067983	0	14	7	8.803699	6.150621	16.124385	6.989278	0	0
holistic	he411	165	0.435461	1.483871	1	2	2	0	1.483871	0	0	0	0
holistic	he412	165	0	0	0	0	6	0	0	0	0	1.226456	0
holistic	he413	166	0.435461	3.276241	1	2	1	0	3.276241	0	0	0	0
conventional	ce478	166	0	18.712879	0	14	7	5.400341	1.434988	8.858033	3.019517	1.195640	0
conventional	ce479	166	0	30.527597	0	14	7	9.501627	1.494186	13.815922	5.715862	0	0
holistic	he414	167	0	0	0	0	0	0	0	0	0	0.436176	0
conventional	ce480	167	0	29.322769	0	14	7	2.908535	5.659892	14.798238	5.956104	0	0
conventional	ce481	167	0	25.919365	0	14	7	3.185604	1.189240	10.283475	11.261046	0	0
holistic	he415	168	0	0	0	0	0	0	0	0	0	0	0
holistic	he416	168	0	0	0	0	0	0	0	0	0	0	0
holistic	he417	169	1.711160	11.647284	4	24	15	0	9.637797	2.009487	0	6.400287	0
conventional	ce482	169	0	26.744529	0	14	7	3.014911	5.244153	10.380401	8.105064	0.803883	0
conventional	ce483	169	0.093800	30.613432	1	14	7	4.942816	5.414939	11.808988	8.446689	0	0
holistic	he418	170	1.711160	13.713576	4	24	19	0	9.637797	4.075779	0	6.400287	0
holistic	he419	170	10.732530	6.251543	7	9	14	0	0	4.917758	1.333785	1.963128	0
conventional	ce484	170	0	28.208207	0	14	7	5.965278	2.404197	13.192591	6.646141	0	0
holistic	he420	171	6.609130	80.279803	6	56	13	0	0	80.279803	0	3.887160	0
conventional	ce485	171	0	23.787095	0	14	7	2.191689	0.560577	10.761261	10.273568	0	0
conventional	ce486	171	0	34.608599	0	14	7	5.954972	3.162142	17.102572	8.388913	0	0
holistic	he421	172	0	11.139498	0	12	8	0	0	11.139498	0	0	0
conventional	ce487	172	0	25.658334	0	14	7	1.260883	7.345883	11.494154	5.557414	0	0
conventional	ce488	173	0	36.383766	0	14	7	2.582180	2.997549	22.907580	7.896457	0	0
holistic	he422	174	2.313822	26.295346	2	12	5	0	26.295346	0	0	2.923835	0
conventional	ce489	174	0	25.508552	0	14	7	7.172177	2.098437	10.273356	5.964582	1.015819	0
conventional	ce490	174	0	34.655966	0	14	7	9.633586	1.838989	16.731256	6.452135	0	0
conventional	ce491	174	0	15.234274	0	14	7	2.824939	4.275432	5.386606	2.747297	0	0
holistic	he423	175	0.482049	1.878862	1	3	1	0	1.878862	0	0	0.618414	0
conventional	ce492	175	0	22.484978	0	14	7	6.732312	4.049862	7.930307	3.772497	0.725487	0
conventional	ce493	175	0	17.841907	0	14	7	2.859439	1.155253	10.631236	3.195979	0.400751	0
conventional	ce494	175	0	32.805146	0	14	7	3.072498	5.102141	16.640746	7.989761	0	0
holistic	he424	176	0.435461	0.642463	1	2	4	0	0.642463	0	0	0	0
conventional	ce495	176	0	23.362227	0	14	7	2.034686	0.560577	10.136889	10.630075	0	0
holistic	he425	177	0.435461	2.811935	1	3	1	0	2.811935	0	0	1.100290	0
holistic	he426	177	6.062241	59.534765	5	41	13	0	55.752143	3.782622	0	4.253683	0
conventional	ce496	177	0	23.131103	0	14	7	2.240481	2.887200	12.793899	5.209523	0	0
conventional	ce497	177	0	28.962842	0	14	7	4.386573	7.540493	12.471453	4.564323	0	0
conventional	ce498	177	0	21.829492	0	14	7	4.777336	2.054140	10.870647	4.127369	0	0
holistic	he427	178	0	0	0	0	0	0	0	0	0	0	0
conventional	ce499	178	0	32.665250	0	14	7	2.755706	4.579305	17.585921	7.744318	0	0
conventional	ce500	178	0	39.597576	0	14	7	8.412411	9.588823	15.982901	5.613441	0.037406	0
conventional	ce501	178	0	30.929560	0	14	7	6.468665	5.890934	11.650029	6.919932	0	0
conventional	ce502	179	0	24.987043	0	14	7	8.442691	4.284384	8.701444	3.558524	0	0
conventional	ce503	179	0	27.328786	0	14	7	8.838278	5.697131	6.890615	5.902762	0.959146	0
conventional	ce504	179	0	21.986032	0	14	7	1.406473	0.729322	10.231177	9.619060	0	0
conventional	ce505	180	0	25.553349	0	14	7	2.532461	0.782654	10.553617	11.684617	0	0
conventional	ce506	180	0	25.195284	0	14	7	2.921613	1.492911	9.603991	11.176769	0	0
holistic	he428	181	0	0	0	0	0	0	0	0	0	0	0
conventional	ce507	181	0	31.564051	0	14	7	6.881076	1.585160	16.009127	7.088688	0.213421	0
conventional	ce508	182	0	33.400695	0	14	7	8.386660	6.108228	12.083575	6.822232	0	0
conventional	ce509	182	0	25.322402	0	14	7	6.652069	5.123826	11.091210	2.455297	0	0
conventional	ce510	182	0	37.531376	0	14	7	3.094564	7.539627	18.697778	8.199407	0	0
conventional	ce511	182	0	15.181856	0	14	7	2.082816	1.961353	8.216697	2.920990	0	0
conventional	ce512	183	0	35.835364	0	14	7	11.111360	4.461065	16.111410	4.151529	0	0
conventional	ce513	183	0	33.290523	0	14	7	5.809512	6.161589	13.535363	7.784059	0	0
conventional	ce514	183	0	33.638893	0	14	7	5.595133	4.133516	16.784569	7.125675	0	0
conventional	ce515	184	0	20.363443	0	14	7	4.408838	4.347099	7.861343	3.746163	1.192786	0
conventional	ce516	184	0	27.044791	0	14	7	6.812990	6.677273	7.071275	6.483253	0	0
holistic	he429	185	2.286895	2.325165	1	1	8	0	0	0	2.325165	0	0
holistic	he430	185	0.435461	3.243637	1	2	1	0	3.243637	0	0	0	0
conventional	ce517	185	0	28.098749	0	14	7	5.363884	4.634452	13.009648	5.090765	0	0
conventional	ce518	186	0	30.593667	0	14	7	6.549715	4.080034	15.457147	4.506771	0	0
conventional	ce519	187	2.072904	34.007308	1	14	7	4.384645	6.654640	17.102920	5.865103	0	0
conventional	ce520	187	0	28.713786	0	14	7	3.462049	4.882412	14.820102	5.549223	0	0
conventional	ce521	188	0	36.054484	0	14	7	3.948686	3.258220	14.519692	14.327886	0	0
conventional	ce522	188	0	38.721843	0	14	7	8.610878	7.232008	18.912714	3.966243	0	0
conventional	ce523	190	0	22.067478	0	14	7	5.989141	4.257303	9.107136	2.713898	0	0
conventional	ce524	190	0	18.693104	0	14	7	4.177960	1.668354	9.920643	2.926147	1.195640	0
holistic	he431	191	0	0	0	0	0	0	0	0	0	0	0
conventional	ce525	192	0	27.668635	0	14	7	5.179198	5.700848	9.035696	7.752893	0	0
conventional	ce526	192	0	23.143015	0	14	7	4.425792	1.395984	8.329862	8.991377	0	0
conventional	ce527	192	0	31.283671	0	14	7	10.299742	4.514537	12.825186	3.644206	0	0
conventional	ce528	193	0	29.940334	0	14	7	6.483181	4.952534	11.305683	7.198936	0	0
conventional	ce529	193	0	17.109722	0	14	7	2.154528	0.806071	11.505769	2.643354	0	0
conventional	ce530	193	0	29.396588	0	14	7	9.240107	5.497573	10.425251	4.233657	0	0
holistic	he432	194	0.435461	0.710938	1	2	1	0	0.710938	0	0	0	0
holistic	he433	194	0	0	0	0	2	0	0	0	0	0	0
holistic	he434	194	0	0	0	0	0	0	0	0	0	0.957940	0
holistic	he435	194	0.435461	3.481115	1	2	1	0	3.481115	0	0	0	0
conventional	ce531	194	0	35.725898	0	14	7	8.348086	8.659067	7.617060	11.101685	0	0
holistic	he436	195	0.909438	1.782047	1	3	2	0	1.782047	0	0	0.817509	0
holistic	he437	195	1.531788	11.591121	2	15	9	0	8.192854	3.398267	0	0	0
holistic	he438	195	2.006044	3.156944	1	1	8	0	0	0	3.156944	0	0
conventional	ce532	195	0	43.986527	0	14	7	8.931741	8.378979	18.216176	8.459631	0	0
holistic	he439	196	0.712060	2.929682	1	2	1	0	2.929682	0	0	0	0
holistic	he440	196	1.711160	5.782434	4	15	19	0	3.772947	2.009487	0	6.400287	0
conventional	ce533	197	0	32.052658	0	14	7	1.347544	4.777729	15.963396	9.963989	0	0
conventional	ce534	197	0	15.979435	0	14	7	3.425220	4.750630	4.271668	3.531917	1.496227	0
conventional	ce535	197	0.093800	31.246736	1	14	7	1.835072	7.256049	15.796033	6.359582	0	0
holistic	he441	198	14.981972	256.078336	12	128	13	0	0	256.078336	0	5.623156	0
conventional	ce536	198	0	37.881325	0	14	7	9.884634	2.744981	15.410171	9.841539	0	0
conventional	ce537	198	0	26.476627	0	14	7	3.140664	0.243296	10.256899	12.835768	0	0
conventional	ce538	198	0	27.700271	0	14	7	7.258966	2.360743	13.156360	4.924202	0	0
conventional	ce539	198	0	41.133595	0	14	7	4.117411	6.623714	14.495573	15.896897	0.037406	0
holistic	he442	199	0	0	0	0	0	0	0	0	0	0	0
holistic	he443	199	1.560668	0.690531	1	1	12	0	0	0	0.690531	0	0
holistic	he444	199	0	0	0	0	0	0	0	0	0	0	0
conventional	ce540	199	0	35.719566	0	14	7	3.770303	7.704604	16.415662	7.828997	0	0
conventional	ce541	199	0	20.307520	0	14	7	5.523351	3.891196	6.657956	4.235017	0	0
conventional	ce542	199	0	20.188461	0	14	7	3.626686	4.940370	6.476580	5.144825	0	0
conventional	ce543	199	0	25.073409	0	14	7	7.952406	2.714220	10.638569	3.768214	0	0
holistic	he445	200	0	0	0	0	4	0	0	0	0	0	0
holistic	he446	200	0.503830	0.181948	1	2	1	0	0.181948	0	0	0	0
conventional	ce544	200	0	23.122681	0	14	7	5.684887	5.280248	9.500495	2.657051	0.803883	0
holistic	he447	201	0	14.250542	0	12	12	0	0	14.250542	0	0	0
holistic	he448	202	0.435461	3.315123	1	3	1	0	3.315123	0	0	0.825177	0
conventional	ce545	202	0	35.594231	0	14	7	8.708323	10.086090	6.153756	10.646062	1.634128	0
holistic	he449	203	0.435461	3.343666	1	2	1	0	3.343666	0	0	0	0
holistic	he450	203	0.464152	7.026772	2	9	19	0	5.450697	1.576075	0	2.133429	0
holistic	he451	203	2.006044	3.156944	1	1	8	0	0	0	3.156944	0	0
holistic	he452	204	0.435461	1.155579	1	2	2	0	1.155579	0	0	0	0
conventional	ce546	204	0	36.438221	0	14	7	11.898157	5.886977	13.784318	4.868769	0	0
holistic	he453	205	0.435461	2.125166	1	3	1	0	2.125166	0	0	0.817509	0
conventional	ce547	205	0.093800	27.871309	1	14	7	4.188348	4.876130	11.715226	7.091605	0	0
holistic	he454	206	0.712060	3.135307	1	2	1	0	3.135307	0	0	0	0
conventional	ce548	206	0	15.177182	0	14	7	2.458456	4.530282	6.755788	1.432656	0	0
holistic	he455	207	0.435461	2.809787	1	3	1	0	2.809787	0	0	1.100290	0
holistic	he456	207	0.435461	10.434146	1	6	5	0	5.628298	4.805848	0	0	0
conventional	ce549	207	0	33.675490	0	14	7	7.116007	4.538472	13.428331	8.592680	0	0
conventional	ce550	207	0	33.633111	0	14	7	5.460577	3.858879	13.881433	10.432222	0	0
conventional	ce551	207	0	32.516854	0	14	7	9.985451	2.351551	14.535326	5.644526	0	0
holistic	he457	208	0	0	0	0	0	0	0	0	0	0	0
holistic	he458	208	0.245962	1.264576	1	2	1	0	1.264576	0	0	0	0
holistic	he459	208	1.784284	0.914147	1	1	8	0	0	0	0.914147	0	0
conventional	ce552	208	0	25.865213	0	14	7	4.332258	7.545320	11.462210	2.525425	0	0
holistic	he460	209	1.197249	7.812597	3	12	11	0	4.090981	3.721616	0	4.266858	0
holistic	he461	209	0.658551	2.813814	3	8	10	0	0.596216	2.217598	0	5.975422	0
holistic	he462	209	0.435461	3.303232	1	3	1	0	3.303232	0	0	1.193866	0
holistic	he463	210	2.313822	33.836032	2	12	2	0	33.836032	0	0	2.571986	0
holistic	he464	210	1.460577	1.218844	1	1	8	0	0	0	1.218844	1.136130	0
conventional	ce553	210	0	33.080564	0	14	7	5.264348	6.654929	12.889682	8.271605	0	0
holistic	he465	211	0.435461	1.197750	1	2	1	0	1.197750	0	0	0	0
holistic	he466	211	0.435461	2.666358	1	2	1	0	2.666358	0	0	0	0
conventional	ce554	211	0	34.209353	0	14	7	8.167734	5.520903	13.154254	7.366462	0.959146	0
conventional	ce555	211	0	35.405949	0	14	7	7.946201	4.894233	14.063386	8.502129	0	0
holistic	he467	212	0	0	0	0	0	0	0	0	0	0.478970	0
holistic	he468	212	0.435461	2.042771	1	3	1	0	2.042771	0	0	0.817509	0
holistic	he469	213	0	0	0	0	0	0	0	0	0	0	0
conventional	ce556	213	0	25.018098	0	14	7	6.081572	2.561781	10.828153	5.546592	0	0
conventional	ce557	213	0	22.103942	0	14	7	3.432637	3.988165	9.912118	4.771022	0	0
conventional	ce558	213	0	15.536327	0	14	7	1.622786	4.805555	5.865101	3.242885	0	0
holistic	he470	214	0.909438	1.351247	1	3	2	0	1.351247	0	0	0.847337	0
holistic	he471	214	1.711160	22.119390	4	24	19	0	10.813386	11.306004	0	6.452256	0
holistic	he472	214	0.435461	9.161075	1	6	3	0	9.161075	0	0	0	0
holistic	he473	214	1.575749	4.297904	3	8	7	0	2.059342	2.238562	0	2.384252	0
holistic	he474	214	0	18.055466	0	12	12	0	0	18.055466	0	0	0
conventional	ce559	214	0.572414	32.794399	1	14	7	8.649170	5.890545	13.016250	5.238434	0	0
holistic	he475	215	0.435461	3.407552	1	2	1	0	3.407552	0	0	0	0
holistic	he476	215	0.570726	1.784434	3	8	7	0	0.108738	1.675696	0	2.467026	0
conventional	ce560	215	0	22.746742	0	14	7	3.142311	1.269432	9.165829	9.169170	0	0
conventional	ce561	215	0	13.397459	0	14	7	5.106172	1.746736	5.199115	1.345436	0.575767	0
conventional	ce562	215	0	19.627493	0	14	7	5.853942	1.973805	9.861483	1.938263	0.382305	0
conventional	ce563	215	0	58.125969	0	14	7	9.943849	8.441297	26.638810	13.102013	0	0
conventional	ce564	215	0	28.791652	0	14	7	8.292202	1.233335	11.726862	7.539253	0	0
holistic	he477	216	0.909438	1.990023	1	3	2	0	1.990023	0	0	0.817509	0
conventional	ce565	216	0	19.850081	0	14	7	5.226563	4.593285	6.217664	3.812569	0	0
conventional	ce566	216	0	27.356075	0	14	7	3.366802	2.302157	10.927011	10.760105	0	0
holistic	he478	217	0	0	0	0	0	0	0	0	0	0.957940	0
holistic	he479	217	3.498536	9.406473	7	21	15	0	7.311420	2.095053	0	6.400287	0
holistic	he480	217	0	0	0	0	2	0	0	0	0	0	0
conventional	ce567	217	0	30.127790	0	14	7	7.881172	1.677749	11.163085	9.405784	0	0
conventional	ce568	217	0	30.527557	0	14	7	1.230845	5.458816	15.248001	8.589895	0	0
conventional	ce569	217	0	20.842507	0	14	7	5.085402	1.594185	10.984347	3.178573	1.278248	0
conventional	ce570	217	0	23.324091	0	14	7	5.429092	1.085842	12.241881	4.567276	0.407336	0
holistic	he481	218	0.435461	2.278108	1	2	1	0	2.278108	0	0	0	0
conventional	ce571	218	0	41.775880	0	14	7	9.842661	1.855840	18.087865	11.989514	0	0
conventional	ce572	218	0.931705	23.242008	1	14	7	7.646655	5.124981	6.892046	3.578326	0	0
conventional	ce573	218	0	26.302905	0	14	7	7.436727	3.344499	12.276823	3.244856	0	0
holistic	he482	219	0.435461	2.389822	1	2	1	0	2.389822	0	0	0	0
holistic	he483	219	0.870922	11.205566	2	8	2	0	11.205566	0	0	0	0
holistic	he484	219	0	0	0	0	6	0	0	0	0	0	0
holistic	he485	219	0	0	0	0	0	0	0	0	0	0	0
conventional	ce574	219	0	33.541183	0	14	7	7.046442	4.971350	14.647671	6.875720	0	0
holistic	he486	220	1.711160	14.140358	4	24	19	0	11.688191	2.452167	0	6.400287	0
holistic	he487	220	3.191414	12.903608	3	9	7	0	1.077424	11.826184	0	2.464510	0
holistic	he488	220	0	6.904392	0	5	9	0	0	6.904392	0	0	0
conventional	ce575	220	0	39.163409	0	14	7	9.071804	2.803761	18.685627	8.602217	0	0
holistic	he489	221	0.435461	0.305082	1	1	1	0	0.305082	0	0	0	0
holistic	he490	221	0.435461	0.900832	1	4	1	0	0.900832	0	0	0.825177	0
conventional	ce576	221	0	25.472510	0	14	7	7.890397	2.465389	9.518634	5.598090	1.015819	0
conventional	ce577	221	0	31.677687	0	14	7	5.426221	6.027475	12.158044	8.065947	0	0
holistic	he491	222	0.435461	0.212055	1	2	1	0	0.212055	0	0	0	0
conventional	ce578	222	0	34.198530	0	14	7	3.461197	7.186971	16.495111	7.055251	0	0
conventional	ce579	222	0	21.430862	0	14	7	5.601970	1.700767	9.932294	4.195831	3.626164	0
holistic	he492	223	0	0	0	0	0	0	0	0	0	0	0
holistic	he493	223	0	0	0	0	3	0	0	0	0	0	0
holistic	he494	223	0.652099	1.414387	1	2	1	0	1.414387	0	0	0	0
conventional	ce580	223	0	24.097676	0	14	7	3.575759	1.122841	8.162633	11.236443	0	0
conventional	ce581	223	0	35.189418	0	14	7	5.882629	6.850023	13.143134	9.313632	0	0
conventional	ce582	223	0	21.218417	0	14	7	4.771081	0.323019	8.390794	7.733523	0	0
holistic	he495	224	0	0	0	0	3	0	0	0	0	0	0
holistic	he496	224	0	15.528704	0	12	12	0	0	15.528704	0	0	0
holistic	he497	224	0.435461	1.605584	1	2	2	0	1.605584	0	0	0	0
conventional	ce583	224	0	22.927582	0	14	7	1.022394	4.248610	12.483150	5.173428	0	0
conventional	ce584	224	0	23.964353	0	14	7	4.003173	1.405632	9.308021	9.247527	0	0
holistic	he498	225	0	0	0	0	1	0	0	0	0	0	0
holistic	he499	226	4.696829	7.584325	7	22	15	0	3.209797	4.374528	0	6.400287	0
conventional	ce585	226	0	23.991205	0	14	7	5.903469	2.742525	11.553409	3.791802	0	0
conventional	ce586	226	0	36.365953	0	14	7	4.228678	7.244886	20.066699	4.825690	0	0
conventional	ce587	226	0	30.838572	0	14	7	8.474365	0.936193	13.059237	8.368777	0	0
conventional	ce588	226	0	22.013852	0	14	7	1.582370	0.455303	10.942539	9.033640	1.690746	0
conventional	ce589	226	0	29.141200	0	14	7	4.527868	1.328146	9.900013	13.385173	0	0
holistic	he500	227	0.435461	1.030017	1	3	1	0	1.030017	0	0	0.817509	0
conventional	ce590	227	0	25.764380	0	14	7	4.440975	1.176337	7.721333	12.425735	0	0
holistic	he501	228	0	0	0	0	0	0	0	0	0	0	0
holistic	he502	228	0.435461	5.744952	1	3	1	0	5.744952	0	0	0.477671	0
conventional	ce591	228	0	27.853071	0	14	7	9.788894	2.406020	11.734655	3.923502	0	0
holistic	he503	229	0.294843	2.222470	1	2	1	0	2.222470	0	0	0	0
holistic	he504	229	0.503830	0.181948	1	2	1	0	0.181948	0	0	0	0
conventional	ce592	229	0	41.547866	0	14	7	7.672659	9.347669	13.295437	11.232101	0	0
conventional	ce593	229	0	31.042456	0	14	7	6.800987	5.989806	10.484935	7.766728	0	0
conventional	ce594	229	0	36.557153	0	14	7	6.094689	5.640886	15.527736	9.293842	0	0
holistic	he505	230	2.951488	34.473696	2	12	2	0	34.473696	0	0	3.131615	0
holistic	he506	230	2.286895	2.325165	1	1	8	0	0	0	2.325165	0	0
conventional	ce595	231	0	34.557342	0	14	7	9.847580	7.179259	11.181082	6.349421	0.959146	0
conventional	ce596	232	0	34.633395	0	14	7	6.038501	6.280238	14.159499	8.155157	1.368658	0
conventional	ce597	233	0	43.161654	0	14	7	9.967170	2.359159	20.057949	10.777376	0	0
holistic	he507	234	0.435461	3.246195	1	4	1	0	3.246195	0	0	0.825177	0
conventional	ce598	234	0	38.120504	0	14	7	7.120179	6.542419	14.849434	9.608472	0	0
conventional	ce599	234	0	21.512541	0	14	7	2.203002	1.807094	9.837234	7.665211	0	0
conventional	ce600	235	0	22.727606	0	14	7	2.649589	1.452030	9.077735	9.548252	0	0
conventional	ce601	235	0	35.841524	0	14	7	7.695224	8.362397	8.691319	11.092584	0	0
conventional	ce602	235	2.072904	36.729615	1	14	7	6.877008	9.086597	17.565222	3.200788	0	0
holistic	he508	236	0.435461	2.800656	1	2	1	0	2.800656	0	0	0	0
holistic	he509	237	0	0	0	0	2	0	0	0	0	0	0
holistic	he510	237	2.006044	3.489525	1	1	8	0	0	0	3.489525	0	0
holistic	he511	238	0	1.936818	0	2	5	0	1.936818	0	0	0	0
conventional	ce603	238	0	42.184963	0	14	7	10.679687	3.275115	16.820462	11.409699	0	0
conventional	ce604	238	0	24.743538	0	14	7	7.995318	2.585998	9.512260	4.649962	1.270459	0
conventional	ce605	238	0	27.445738	0	14	7	3.891957	0.570463	9.823803	13.159515	0	0
holistic	he512	239	0	0	0	0	0	0	0	0	0	0	0
conventional	ce606	239	0	39.040431	0	14	7	2.882395	8.263202	17.621034	10.273800	0	0
conventional	ce607	239	0	20.201564	0	14	7	4.604919	5.052519	6.429131	4.114995	0	0
conventional	ce608	239	0	23.759344	0	14	7	4.637400	5.470419	8.569611	5.081914	0	0
conventional	ce609	240	0	30.103669	0	14	7	10.008482	5.705209	10.180889	4.209089	0	0
holistic	he513	241	0	0	0	0	6	0	0	0	0	0	0
holistic	he514	241	0.870922	14.060208	2	12	2	0	14.060208	0	0	3.967108	0
conventional	ce610	241	0	22.695664	0	14	7	4.650658	1.236173	8.394815	8.414018	0	0
conventional	ce611	241	0	28.082602	0	14	7	4.838114	1.186967	9.782349	12.275172	0	0
conventional	ce612	241	0	26.160040	0	14	7	7.967108	2.456994	9.994825	5.741113	1.015819	0
conventional	ce613	241	0	38.020479	0	14	7	1.353723	3.820593	19.407142	13.439021	0	0
holistic	he515	242	4.037118	7.911692	6	16	17	0	4.655268	3.256424	0	1.412068	0
conventional	ce614	242	0	31.962584	0	14	7	8.175452	2.584113	13.601545	7.601474	0	0
conventional	ce615	242	0	38.829407	0	14	7	4.856401	5.411660	18.142592	10.418754	0	0
conventional	ce616	242	0	28.446837	0	14	7	8.278931	3.171194	10.755351	6.241361	0	0
conventional	ce617	242	0	14.460931	0	14	7	2.005757	0.743440	9.298586	2.413148	0	0
conventional	ce618	242	0	26.606512	0	14	7	2.654118	1.256048	10.644109	12.052237	0	0
conventional	ce619	242	0	25.150359	0	14	7	7.422457	2.037320	10.727631	4.962951	0	0
holistic	he516	243	0.435461	3.196421	1	2	1	0	3.196421	0	0	0	0
conventional	ce620	243	0	32.615888	0	14	7	9.153724	1.011349	14.579181	7.871634	0	0
conventional	ce621	243	0	33.876241	0	14	7	9.775263	2.737121	11.723662	9.640195	0	0
conventional	ce622	243	0	35.385212	0	14	7	10.271417	4.320137	14.885788	5.907870	0	0
conventional	ce623	243	0	26.387088	0	14	7	10.183204	3.859685	9.971055	2.373144	0	0
conventional	ce624	244	0	33.307753	0	14	7	11.119535	5.178895	13.928977	3.080346	0	0
conventional	ce625	244	0	32.464279	0	14	7	5.729655	7.203465	11.360403	8.170756	0	0
conventional	ce626	244	0	30.649026	0	14	7	11.069755	5.891411	9.449585	4.238275	0	0
holistic	he517	245	2.880222	9.210687	5	15	25	0	4.691715	4.518972	0	0	0
holistic	he518	245	0.435461	3.449521	1	2	1	0	3.449521	0	0	0	0
conventional	ce627	245	0	24.931269	0	14	7	5.886517	3.279864	10.232814	5.532074	0.900691	0
conventional	ce628	245	0	27.885308	0	14	7	5.209643	6.936719	11.442167	4.296779	0.143123	0
conventional	ce629	245	0	41.176743	0	14	7	10.094627	6.434254	14.743811	9.904051	0	0
conventional	ce630	245	0	43.047612	0	14	7	10.744876	2.874798	19.728975	9.698963	0	0
holistic	he519	246	0	16.245494	0	12	10	0	0	16.245494	0	0	0
holistic	he520	247	0	14.053202	0	12	12	0	0	14.053202	0	0	0
conventional	ce631	247	0	30.474574	0	14	7	8.453264	2.095583	13.750163	6.175564	0	0
conventional	ce632	247	0	43.184169	0	14	7	7.346665	4.859074	21.106334	9.872096	0	0
conventional	ce633	247	0	22.148875	0	14	7	2.677474	3.051936	11.287754	5.131711	0	0
conventional	ce634	247	0	38.133911	0	14	7	10.720729	2.449888	16.968086	7.995208	0	0
conventional	ce635	247	0	38.821210	0	14	7	7.046557	7.247979	13.927992	10.598682	0	0
conventional	ce636	247	0	28.877337	0	14	7	7.186413	1.046721	14.433848	6.210355	0	0
holistic	he521	249	0.464152	7.761271	2	9	19	0	6.117607	1.643664	0	2.133429	0
conventional	ce637	249	0	34.776180	0	14	7	1.535115	5.990022	17.517519	9.733524	0	0
conventional	ce638	250	0	26.264681	0	14	7	3.758197	2.579497	8.264168	11.662819	0	0
conventional	ce639	250	0	35.870100	0	14	7	10.570558	4.069719	14.834600	6.395223	0	0
conventional	ce640	250	0	29.896195	0	14	7	7.199258	1.375948	12.342427	8.978562	0	0
holistic	he522	251	0.937353	2.190832	1	3	10	0	0	2.190832	0	2.024130	0
conventional	ce641	251	0	38.700469	0	14	7	9.303085	0.850811	17.149538	11.397035	0	0
conventional	ce642	251	0	33.444584	0	14	7	10.656801	3.898354	12.844491	6.044938	0	0
conventional	ce643	251	0	33.267287	0	14	7	8.228927	9.425322	7.874644	7.738394	0	0
conventional	ce644	252	0	21.269995	0	14	7	6.811286	4.274929	6.012976	4.170804	0	0
conventional	ce645	252	0.428513	22.530608	1	14	7	3.473889	4.352666	8.736677	5.967376	0	0
conventional	ce646	252	0	45.102764	0	14	7	9.594926	4.535410	20.166711	10.805717	0	0
conventional	ce647	252	0	25.046061	0	14	7	7.793666	2.737694	9.327975	5.186726	1.015819	0
conventional	ce648	252	0	31.976554	0	14	7	4.273920	6.211937	11.933607	9.557090	0	0
holistic	he523	253	0	0	0	0	0	0	0	0	0	0	0
conventional	ce649	253	0	37.827422	0	14	7	8.190119	3.796926	15.039415	10.800962	0	0
conventional	ce650	253	0	13.696591	0	14	7	2.615885	3.648261	4.178400	3.254045	0	0
conventional	ce651	253	0	48.544336	0	14	7	2.619248	8.371044	23.067813	14.486231	0	0
conventional	ce652	253	0	21.663241	0	14	7	5.438267	2.126875	11.463088	2.635011	0.382305	0
conventional	ce653	253	0	36.602565	0	14	7	8.636826	5.311746	14.452882	8.201111	0.959146	0
conventional	ce654	253	0	23.039374	0	14	7	6.902983	2.579229	10.955878	2.601284	0	0
holistic	he524	254	0.464152	7.087036	2	9	24	0	5.028002	2.059034	0	2.563379	0
holistic	he525	254	0	3.437568	0	2	2	0	3.437568	0	0	4.794066	0
holistic	he526	254	0	0	0	0	6	0	0	0	0	0	0
conventional	ce655	254	0	17.406436	0	14	7	3.370460	4.843163	6.390518	2.802295	0	0
conventional	ce656	254	0	21.774883	0	14	7	0.326624	6.817157	11.656284	2.974818	0	0
conventional	ce657	254	0	22.301947	0	14	7	6.833992	1.816073	11.688660	1.963222	1.062592	0
conventional	ce658	254	0	20.888386	0	14	7	3.244488	1.012619	7.119059	9.512220	0.345645	0
conventional	ce659	254	0	21.893393	0	14	7	5.861789	1.079966	8.579188	6.372450	0	0
holistic	he527	255	0.435461	0.303294	1	1	1	0	0.303294	0	0	0	0
holistic	he528	255	0	21.715022	0	16	12	0	0	21.715022	0	0.073493	0
holistic	he529	255	0	0	0	0	0	0	0	0	0	0.859900	0
conventional	ce660	255	0	33.557691	0	14	7	8.574840	3.961712	11.299966	9.721173	0	0
conventional	ce661	255	0	29.212785	0	14	7	10.384748	3.250846	11.506736	4.070455	0	0
holistic	he530	256	0.435461	3.369710	1	4	1	0	3.369710	0	0	0.477671	0
holistic	he531	256	0.435461	0.917765	1	1	1	0	0.917765	0	0	0	0
conventional	ce662	256	0	18.112898	0	14	7	3.855588	3.491126	8.837311	1.928873	1.278248	0
conventional	ce663	256	0	41.171319	0	14	7	11.215067	6.430514	11.168814	12.356924	0	0
conventional	ce664	256	0	30.397236	0	14	7	10.700534	3.231469	11.268383	5.196850	0	0
holistic	he532	257	0	0.989812	0	8	17	0	0	0.989812	0	0	0
conventional	ce665	257	0	34.097096	0	14	7	6.992292	4.883925	15.440467	6.780412	0	0
conventional	ce666	257	0	32.265337	0	14	7	6.601231	3.400962	13.721223	8.541921	0	0
conventional	ce667	257	0	27.481647	0	14	7	6.914039	4.038404	11.089112	5.440092	1.379298	0
conventional	ce668	257	0	36.551971	0	14	7	9.124726	0.784501	14.962553	11.680191	0	0
conventional	ce669	257	0	28.152460	0	14	7	8.501017	2.710378	10.812661	6.128404	0	0
holistic	he533	258	0	11.951744	0	12	12	0	0	11.951744	0	0	0
holistic	he534	258	0.435461	2.664605	1	3	1	0	2.664605	0	0	1.193866	0
holistic	he535	258	6.948450	13.159677	9	27	15	0	8.089380	5.070297	0	6.400287	0
holistic	he536	258	0.435461	1.817869	1	2	1	0	1.817869	0	0	0	0
conventional	ce670	258	0	29.622315	0	14	7	7.767041	4.918888	13.916681	3.019705	0	0
conventional	ce671	258	0	28.304128	0	14	7	6.860466	2.644863	12.873569	5.925230	1.379298	0
conventional	ce672	258	0	37.737665	0	14	7	11.040197	4.323232	14.481932	7.892304	0	0
holistic	he537	259	0.435461	0.024101	1	1	1	0	0.024101	0	0	0	0
holistic	he538	259	0.503830	0.085505	1	2	1	0	0.085505	0	0	0	0
holistic	he539	259	0.417996	2.825703	1	3	1	0	2.825703	0	0	0.767457	0
conventional	ce673	259	0	33.487062	0	14	7	10.597251	2.818032	12.905237	7.166542	0.382305	0
conventional	ce674	259	0	44.130658	0	14	7	9.294871	4.785727	20.246513	9.803547	0	0
conventional	ce675	259	0	23.025192	0	14	7	6.790783	1.992547	11.611531	2.630331	1.062592	0
conventional	ce676	259	0	28.537319	0	14	7	5.146494	7.171047	11.914094	4.305684	0.585162	0
holistic	he540	260	1.855917	8.439088	3	13	18	0	6.648646	1.790442	0	1.858886	0
holistic	he541	260	2.848034	14.684499	4	10	13	0	0.316530	14.367969	0	1.368321	0
conventional	ce677	260	0	37.598361	0	14	7	9.352818	8.251038	12.683959	7.310546	0.959146	0
holistic	he542	261	2.286895	2.035278	1	1	8	0	0	0	2.035278	0	0
holistic	he543	262	0.945350	4.518180	2	10	14	0	2.696132	1.822048	0	4.266858	0
conventional	ce678	262	0	23.079638	0	14	7	5.306048	2.313539	12.388253	3.071798	1.184998	0
holistic	he544	263	0.435461	2.838367	1	3	1	0	2.838367	0	0	1.100290	0
holistic	he545	263	0	0	0	0	6	0	0	0	0	0	0
holistic	he546	263	0.435461	1.870437	1	2	1	0	1.870437	0	0	0	0
conventional	ce679	263	0	27.271226	0	14	7	5.555190	3.668292	11.425389	6.622355	0	0
conventional	ce680	263	0	20.426465	0	14	7	7.206905	3.996589	5.228047	3.994924	0	0
conventional	ce681	263	0	39.411883	0	14	7	7.971209	1.812517	17.362003	12.266154	0	0
holistic	he547	264	0.202639	2.684988	1	3	1	0	2.684988	0	0	2.387732	0
holistic	he548	264	0	0	0	0	6	0	0	0	0	0	0
holistic	he549	264	0.503830	0.299593	1	2	1	0	0.299593	0	0	0	0
conventional	ce682	265	0	39.370092	0	14	7	12.077069	2.086050	21.488760	3.718213	0.220813	0
conventional	ce683	265	0	44.133379	0	14	7	7.597118	5.406868	16.599194	14.530199	0.417249	0
conventional	ce684	265	0	30.773473	0	14	7	4.208323	1.974398	12.750450	11.840302	0	0
holistic	he550	266	0	0	0	0	0	0	0	0	0	0	0
holistic	he551	266	0.435461	0.226953	1	1	1	0	0.226953	0	0	0	0
conventional	ce685	266	0	46.595180	0	14	7	10.450963	2.427511	21.748267	11.968439	0.935791	0
conventional	ce686	266	0	22.798219	0	14	7	0.821173	2.438429	14.135104	5.403513	0	0
conventional	ce687	266	0	37.515451	0	14	7	8.957779	3.790577	16.490509	8.276586	0	0
holistic	he552	267	1.138227	6.983500	3	7	10	0	0.303294	6.680206	0	2.771958	0
conventional	ce688	267	0	23.478258	0	14	7	5.646578	3.118042	12.965397	1.748241	1.184998	0
conventional	ce689	267	0	26.503684	0	14	7	9.060534	3.254010	9.690012	4.499128	1.379298	0
conventional	ce690	267	0	32.496475	0	14	7	9.096656	0.912796	15.862059	6.624964	0	0
holistic	he553	268	0.435461	4.823278	1	3	1	0	4.823278	0	0	0.651039	0
conventional	ce691	268	0	26.998230	0	14	7	6.368029	2.557699	13.818733	4.253769	0	0
holistic	he554	269	1.671092	1.709362	1	1	9	0	0	0	1.709362	0.326697	0
holistic	he555	269	0	0	0	0	0	0	0	0	0	0	0
conventional	ce692	269	0	30.028711	0	14	7	8.723734	3.037192	13.034847	5.232938	0	0
conventional	ce693	269	0	30.761455	0	14	7	7.200577	5.623112	9.974679	7.963087	0	0
holistic	he556	270	2.307990	16.654297	3	10	8	0	7.747971	8.906326	0	1.629052	0
holistic	he557	270	0	0	0	0	8	0	0	0	0	1.911360	0
conventional	ce694	270	0.522969	20.750193	2	14	7	3.473889	4.352666	8.738979	4.184659	0	0
holistic	he558	271	0	17.369468	0	16	12	0	0	17.369468	0	0.073493	0
holistic	he559	271	4.983882	41.000199	7	28	20	0	3.359421	37.640778	0	2.736642	0
conventional	ce695	271	0	22.969919	0	14	7	6.544268	2.013102	12.130932	2.281617	1.062592	0
holistic	he560	272	0.909438	1.022304	1	3	2	0	1.022304	0	0	0.807479	0
conventional	ce696	272	0	44.926796	0	14	7	8.433272	1.886169	19.692402	14.914953	0	0
holistic	he561	273	4.582737	6.473026	4	8	4	0	2.963060	3.509966	0	1.596118	0
holistic	he562	273	0	0	0	0	0	0	0	0	0	0	0
holistic	he563	273	0	13.465722	0	10	10	0	0	13.465722	0	0	0
holistic	he564	274	6.478059	13.633037	8	25	14	0	8.562740	5.070297	0	6.723168	0
holistic	he565	274	0	15.180336	0	12	12	0	0	15.180336	0	0.073493	0
holistic	he566	274	0.435461	0.303364	1	1	1	0	0.303364	0	0	0	0
holistic	he567	274	0	0	0	0	6	0	0	0	0	0	0
holistic	he568	275	0	0	0	0	6	0	0	0	0	0	0
holistic	he569	275	0.909438	1.990023	1	3	2	0	1.990023	0	0	0.817509	0
holistic	he570	275	0	0	0	0	3	0	0	0	0	0	0
conventional	ce697	275	0	29.572646	0	14	7	4.927184	6.035899	14.188288	4.421275	1.007246	0
conventional	ce698	275	0	21.743763	0	14	7	4.359730	1.391753	9.927568	6.064712	0	0
conventional	ce699	275	0	27.620778	0	14	7	9.906189	2.679040	11.774649	3.260900	0	0
holistic	he571	276	0	0	0	0	6	0	0	0	0	0	0
holistic	he572	276	0.303161	1.212655	1	2	2	0	1.212655	0	0	0	0
conventional	ce700	276	0	25.373135	0	14	7	8.329171	5.145578	5.667742	6.230644	0	0
conventional	ce701	276	0	32.973167	0	14	7	4.275549	7.131438	12.676466	8.889714	0	0
holistic	he573	277	0.047735	0.637070	1	2	1	0	0.637070	0	0	0	0
holistic	he574	277	0	0	0	0	0	0	0	0	0	0	0
holistic	he575	277	0.435461	0.200711	1	1	2	0	0.200711	0	0	1.531375	0
holistic	he576	277	0.303161	1.386029	1	2	1	0	1.386029	0	0	0	0
conventional	ce702	277	0	21.564204	0	14	7	6.069332	0.827603	12.627556	2.039713	1.348944	0
conventional	ce703	277	0	28.446459	0	14	7	9.355775	3.935648	10.378466	4.776570	0	0
conventional	ce704	277	0	24.360754	0	14	7	3.746677	0.993892	12.693951	6.926234	0	0
conventional	ce705	278	0	30.771739	0	14	7	8.196449	5.265230	11.035999	6.274061	0	0
holistic	he577	279	1.340670	14.681350	2	12	8	0	14.681350	0	0	3.967108	0
holistic	he578	279	0.417996	0.687990	1	2	1	0	0.687990	0	0	0.767457	0
holistic	he579	279	0	0	0	0	0	0	0	0	0	0.146986	0
conventional	ce706	279	0	41.518969	0	14	7	7.881576	4.429565	14.998881	14.208947	0	0
holistic	he580	280	0.435461	0.475641	1	1	1	0	0.475641	0	0	0	0
holistic	he581	280	0.435461	2.107917	1	2	1	0	2.107917	0	0	0	0
holistic	he582	280	0.076045	3.406201	1	3	1	0	3.406201	0	0	0.767457	0
conventional	ce707	280	0	23.210928	0	14	7	2.431327	5.054280	12.026669	3.698652	0.143123	0
holistic	he583	281	0.168638	0.649932	1	2	2	0	0.649932	0	0	0	0
holistic	he584	281	1.818876	2.760304	2	6	4	0	2.760304	0	0	1.614958	0
holistic	he585	281	0	0	0	0	12	0	0	0	0	0	0
conventional	ce708	281	0	39.320376	0	14	7	8.142262	4.300185	15.662768	11.215161	0	0
conventional	ce709	281	0	34.558594	0	14	7	4.913539	4.840770	19.934667	4.869618	1.253991	0
conventional	ce710	281	0	29.729040	0	14	7	7.521883	5.129561	13.147102	3.930494	0	0
holistic	he586	282	2.858359	2.755449	1	1	8	0	0	0	2.755449	0	0
conventional	ce711	282	0	23.801643	0	14	7	4.346506	2.964899	14.307260	2.182978	1.184998	0
holistic	he587	283	1.134300	3.352536	1	3	1	0	3.352536	0	0	0.767457	0
holistic	he588	283	0.435461	2.722214	1	3	1	0	2.722214	0	0	1.193866	0
holistic	he589	283	0.435461	1.271370	1	2	1	0	1.271370	0	0	0	0
conventional	ce712	283	0	44.209534	0	14	7	10.189601	3.184880	20.859095	9.975958	1.034655	0
conventional	ce713	283	0	27.989712	0	14	7	7.162030	1.181545	13.613655	6.032482	0	0
holistic	he590	284	2.745347	13.741853	3	12	18	0	10.875615	2.866238	0	1.858886	0
holistic	he591	284	0.503830	0.181202	1	2	1	0	0.181202	0	0	0	0
holistic	he592	284	6.948450	20.685852	9	27	15	0	15.615555	5.070297	0	5.208447	0
conventional	ce714	284	0	31.124194	0	14	7	9.423020	4.173843	14.580862	2.946469	0	0
conventional	ce715	284	0.159965	21.579814	1	14	7	3.473889	3.679632	8.232603	6.193690	0	0
holistic	he593	286	3.039998	6.541311	4	15	15	0	4.012425	2.528886	0	3.472298	0
holistic	he594	286	0	0	0	0	0	0	0	0	0	0	0
conventional	ce716	286	0	25.757812	0	14	7	4.785055	5.054924	10.547594	5.370239	0.783980	0
holistic	he595	287	0	11.951744	0	12	12	0	0	11.951744	0	0	0
conventional	ce717	287	0	44.156075	0	14	7	12.082785	7.397428	12.429101	12.246761	0.959146	0
conventional	ce718	287	0	33.519742	0	14	7	9.732212	0.395216	16.061260	7.331054	0	0
conventional	ce719	287	0	13.526571	0	14	7	4.412441	2.593861	4.616425	1.903844	0.900691	0
holistic	he596	288	0.294843	1.323543	1	2	1	0	1.323543	0	0	0	0
holistic	he597	288	0	5.880046	0	6	6	0	0	5.880046	0	0.215158	0
conventional	ce720	288	0	24.016432	0	14	7	7.008760	2.489515	12.331736	2.186421	0.704106	0
conventional	ce721	288	0	46.093485	0	14	7	9.688875	6.433188	18.991973	10.979449	0	0
conventional	ce722	288	0	23.057628	0	14	7	6.217940	3.311071	9.304559	4.224058	0.764895	0
conventional	ce723	288	0	25.235274	0	14	7	6.019469	4.074473	10.681783	4.459549	1.379298	0
holistic	he598	289	0.303161	1.642322	1	3	1	0	1.642322	0	0	0	0
holistic	he599	289	5.037075	16.980963	7	21	12	0	11.165817	5.815146	0	4.161280	0
conventional	ce724	289	0	24.515089	0	14	7	5.775873	3.744630	12.569095	2.425491	1.184998	0
conventional	ce725	289	0	50.132819	0	14	7	10.269685	2.766045	27.501391	9.595698	1.034655	0
holistic	he600	290	0.503830	0.273248	1	2	1	0	0.273248	0	0	0	0
holistic	he601	290	0	0	0	0	12	0	0	0	0	0	0
conventional	ce726	290	0	38.397412	0	14	7	7.571248	1.815050	17.167034	11.844080	0	0
holistic	he602	291	1.138227	5.887175	3	7	10	0	0.037453	5.849722	0	2.771958	0
conventional	ce727	291	0	30.475556	0	14	7	9.361717	3.524239	9.128905	8.460695	0	0
holistic	he603	293	0	9.111924	0	18	6	0	9.111924	0	0	0	0
holistic	he604	293	0.985392	1.244681	2	3	18	0	0	1.244681	0	0	0
conventional	ce728	293	0	35.827235	0	14	7	5.315711	4.430469	21.094444	4.986611	2.779088	0
conventional	ce729	293	0	19.097239	0	14	7	5.058930	3.184513	9.304472	1.549324	1.278248	0
conventional	ce730	294	0	21.403076	0	14	7	5.845012	1.099882	10.104200	4.353982	1.022762	0
holistic	he605	295	3.187072	7.779046	5	15	15	0	6.088947	1.690099	0	1.784893	0
conventional	ce731	295	0	30.912147	0	14	7	5.556447	7.794566	10.570085	6.991049	0	0
holistic	he606	296	3.375500	23.075016	5	12	14	0	3.917724	19.157292	0	1.824428	0
conventional	ce732	296	0	20.180641	0	14	7	3.680155	0.753472	13.753950	1.993064	1.348944	0
conventional	ce733	296	0	19.415515	0	14	7	3.855753	3.543642	9.784894	2.231226	1.461379	0
holistic	he607	297	1.134300	4.020963	1	3	1	0	4.020963	0	0	0.767457	0
conventional	ce734	297	0	32.544214	0	14	7	8.747797	4.225411	9.717784	9.853222	0	0
conventional	ce735	298	0	23.311898	0	14	7	6.682733	3.585208	8.611071	4.432886	0	0
conventional	ce736	300	0	24.509424	0	14	7	7.951693	5.256710	8.275681	3.025340	0	0
conventional	ce737	300	0	31.328357	0	14	7	5.259105	3.620817	14.424430	8.024005	1.251181	0
conventional	ce738	300	0	29.869187	0	14	7	6.328138	5.527749	13.727604	4.285696	0	0
holistic	he608	301	0.503830	0.448110	1	2	1	0	0.448110	0	0	0	0
holistic	he609	302	0	0	0	0	0	0	0	0	0	0	0
conventional	ce739	302	0	29.782204	0	14	7	8.750274	1.038318	17.728556	2.265056	0	0
conventional	ce740	303	0.196677	22.943056	1	14	7	3.403870	3.679697	9.168325	6.691164	0	0
conventional	ce741	303	0	23.834222	0	14	7	6.143414	2.505154	10.035189	5.150465	1.003522	0
holistic	he610	304	3.600749	16.396441	3	12	15	0	12.617223	3.779218	0	1.858886	0
conventional	ce742	305	0	22.550450	0	14	7	5.987847	3.123319	7.242335	6.196949	0.613938	0
conventional	ce743	305	0.429008	22.129578	1	14	7	3.711082	3.768482	8.843999	5.806015	0	0
conventional	ce744	305	0	29.815679	0	14	7	7.039649	4.202332	16.065295	2.508403	1.348944	0
conventional	ce745	305	0	23.105952	0	14	7	5.785971	3.290271	9.709775	4.319935	0.764895	0
holistic	he611	306	0	0	0	0	0	0	0	0	0	0	0
holistic	he612	306	2.551492	15.109883	3	12	28	0	12.422778	2.687105	0	0.912187	0
conventional	ce746	306	0	37.460170	0	14	7	4.922818	6.198725	19.285176	7.053451	1.379298	0
holistic	he613	307	0.547025	5.478263	3	7	19	0	1.122033	4.356230	0	2.771958	0
conventional	ce747	307	0	33.901439	0	14	7	7.097311	5.133853	14.245291	7.424984	0	0
conventional	ce748	307	0	33.678847	0	14	7	8.658530	5.000236	12.325994	7.694087	1.379298	0
holistic	he614	308	2.349752	8.600694	3	13	21	0	7.094416	1.506278	0	1.582262	0
conventional	ce749	308	0	22.747548	0	14	7	4.754379	2.478240	12.757678	2.757251	1.184998	0
holistic	he615	309	2.728314	17.990535	3	18	6	0	17.990535	0	0	4.532137	0
holistic	he616	310	0.435461	0.091636	1	1	1	0	0.091636	0	0	0	0
conventional	ce750	310	0	34.819290	0	14	7	7.654222	3.858985	16.839166	6.466917	0	0
conventional	ce751	311	0	46.167475	0	14	7	10.266863	4.093946	19.234449	12.572217	0	0
holistic	he617	312	3.009131	15.595067	4	10	11	0	0.385169	15.209898	0	4.549704	0
holistic	he618	312	0.870922	10.532838	2	8	2	0	10.532838	0	0	0	0
holistic	he619	312	0.503830	0.311458	1	2	1	0	0.311458	0	0	0	0
conventional	ce752	312	0	30.433236	0	14	7	7.009013	4.559900	11.576759	7.287564	0	0
conventional	ce753	313	0	24.039425	0	14	7	9.132779	3.474975	7.127101	4.304570	1.379298	0
conventional	ce754	313	0	21.991985	0	14	7	7.020250	3.345399	9.625576	2.000760	0.764895	0
conventional	ce755	313	0	32.369552	0	14	7	7.877971	3.827836	12.141527	8.522218	0	0
conventional	ce756	313	0	44.578604	0	14	7	12.879819	7.760021	10.498471	13.440293	0.959146	0
conventional	ce757	314	0	25.084227	0	14	7	6.693523	3.794604	11.457889	3.138211	1.034655	0
holistic	he620	315	0	17.832538	0	10	10	0	0	17.832538	0	0	0
holistic	he621	315	4.397301	17.506163	5	16	10	0	2.862936	14.643227	0	8.703080	0
conventional	ce758	315	0.826905	17.947085	1	14	7	3.932941	4.088485	3.497799	6.427860	0	0
conventional	ce759	315	0	38.462745	0	14	7	9.680188	2.201934	15.027355	11.553268	0	0
conventional	ce760	316	0	27.850956	0	14	7	9.000490	1.991828	10.507117	6.351521	0	0
conventional	ce761	316	0	34.931281	0	14	7	6.955991	6.488260	19.370227	2.116803	0	0
conventional	ce762	316	0	24.777409	0	14	7	3.222837	4.086038	9.851193	7.617341	1.348944	0
conventional	ce763	317	0.109252	26.263804	2	14	7	4.527952	4.220454	12.069813	5.445585	0	0
conventional	ce764	317	0	22.076581	0	14	7	5.617026	2.232472	11.607926	2.619157	1.629670	0
conventional	ce765	317	0	44.435986	0	14	7	9.529499	5.041783	21.431243	8.433461	1.034655	0
conventional	ce766	317	0	24.663293	0	14	7	5.944039	2.840944	13.693052	2.185258	1.184998	0
conventional	ce767	317	0	39.114090	0	14	7	11.918730	5.966227	13.685173	7.543960	1.379298	0
conventional	ce768	317	0	44.043739	0	14	7	11.138356	5.902492	16.261179	10.741712	0.959146	0
conventional	ce769	317	0	18.100407	0	14	7	2.927186	3.623429	9.641541	1.908251	1.184998	0
conventional	ce770	317	0	23.725438	0	14	7	6.560403	2.509033	12.000924	2.655078	1.062592	0
holistic	he622	318	0.503830	0.296735	1	2	4	0	0.296735	0	0	0	0
holistic	he623	318	2.848034	14.687950	4	10	13	0	0.319981	14.367969	0	1.368321	0
holistic	he624	318	0	15.652942	0	10	10	0	0	15.652942	0	0	0
holistic	he625	318	1.134300	4.779685	1	3	1	0	4.779685	0	0	0.767457	0
conventional	ce771	318	0	35.110442	0	14	7	8.523370	6.048569	14.678542	5.859961	0	0
conventional	ce772	318	0.522969	24.044210	2	14	7	2.864180	3.741196	12.408435	5.030399	0	0
conventional	ce773	318	0	51.134887	0	14	7	12.962886	7.976327	15.556251	14.639423	0.959146	0
conventional	ce774	318	0	42.392097	0	14	7	11.459494	4.716671	18.111130	8.104802	0	0
conventional	ce775	318	0	19.930108	0	14	7	4.250746	1.860040	12.120492	1.698830	1.184998	0
holistic	he626	319	0.533326	0.421172	1	1	1	0	0.421172	0	0	0	0
holistic	he627	319	0	0	0	0	12	0	0	0	0	0	0
holistic	he628	319	0.909438	1.581942	1	3	2	0	1.581942	0	0	0.807479	0
holistic	he629	319	0	0	0	0	0	0	0	0	0	0	0
conventional	ce776	319	0.429008	23.284597	1	14	7	3.864511	4.483488	8.937661	5.998937	0	0
conventional	ce777	319	0	24.209394	0	14	7	5.457433	3.751356	12.767224	2.233381	1.464451	0
conventional	ce778	319	0	41.112807	0	14	7	10.716199	6.977639	14.856886	8.562083	0	0
conventional	ce779	319	0	28.971254	0	14	7	4.068633	4.254003	11.293636	9.354982	1.640525	0
holistic	he630	320	0.134462	0.209263	1	1	14	0	0.209263	0	0	0	0
holistic	he631	320	0	0	0	0	6	0	0	0	0	0	0
holistic	he632	320	1.741844	45.197212	4	32	8	0	45.197212	0	0	1.353852	0
holistic	he633	320	0	0	0	0	0	0	0	0	0	0	0
conventional	ce780	320	0	30.381819	0	14	7	3.846894	4.285262	16.820430	5.429233	1.253991	0
conventional	ce781	320	0	27.108198	0	14	7	4.236142	3.148443	15.591981	4.131632	0	0
conventional	ce782	320	0	40.894047	0	14	7	11.422587	4.854756	16.926288	7.690416	0	0
conventional	ce783	320	0	53.541963	0	14	7	9.586450	2.526005	30.152024	11.277484	2.969869	0
conventional	ce784	321	0	34.977005	0	14	7	9.714860	4.160950	10.980614	10.120581	1.348944	0
conventional	ce785	322	0	21.839230	0	14	7	4.475229	2.452954	11.543132	3.367915	1.461379	0
conventional	ce786	322	0.159965	19.682546	1	14	7	2.130426	4.101209	7.348247	6.102664	0	0
conventional	ce787	322	0	32.937140	0	14	7	6.556341	6.945095	14.986820	4.448884	0	0
holistic	he634	323	0.435461	1.580527	1	2	1	0	1.580527	0	0	0	0
holistic	he635	323	0.812291	1.070495	2	3	18	0	0	1.070495	0	0	0
holistic	he636	323	0.547025	4.293796	3	7	19	0	1.702868	2.590928	0	5.330082	0
conventional	ce788	323	0	21.381600	0	14	7	4.636092	2.496936	11.210367	3.038205	2.149815	0
conventional	ce789	323	0.446639	21.653282	1	14	7	4.461363	3.667164	7.070552	6.454203	0.629085	0
holistic	he637	324	0.313190	2.002251	1	2	1	0	2.002251	0	0	0	0
holistic	he638	324	0	0	0	0	0	0	0	0	0	0	0
holistic	he639	325	0	14.900612	0	8	10	0	0	14.900612	0	0.073493	0
conventional	ce790	325	0	27.679048	0	14	7	3.138954	6.562250	13.355211	4.622633	0.613938	0
conventional	ce791	325	0	24.881218	0	14	7	5.792937	3.197626	12.871270	3.019385	1.191878	0
conventional	ce792	325	0	32.029981	0	14	7	5.769215	3.362641	14.167264	8.730861	1.642364	0
conventional	ce793	325	0.024888	44.794167	1	14	7	10.583864	3.586746	20.294589	10.328968	1.034655	0
conventional	ce794	325	0	40.718588	0	14	7	7.193800	3.910883	18.038623	11.575282	0	0
conventional	ce795	325	0	28.166467	0	14	7	7.477343	1.560420	15.636268	3.492436	0	0
holistic	he640	326	0.134462	1.190669	1	1	14	0	1.190669	0	0	0	0
holistic	he641	326	0	0	0	0	0	0	0	0	0	0	0
conventional	ce796	326	0	33.444726	0	14	7	4.285502	7.567168	13.270356	8.321700	1.379298	0
holistic	he642	327	2.043843	14.472607	3	6	13	0	0.341083	14.131524	0	0.822554	0
holistic	he643	327	0.435461	0.217011	1	1	1	0	0.217011	0	0	0	0
conventional	ce797	327	0	31.820503	0	14	7	5.721938	3.253706	13.676665	9.168194	0	0
conventional	ce798	327	0	31.158184	0	14	7	6.257652	5.690564	11.952370	7.257598	0	0
conventional	ce799	327	0	51.303412	0	14	7	10.243762	1.269274	28.212185	11.578191	2.960227	0
conventional	ce800	327	0.429008	19.518396	1	14	7	2.731757	1.514415	8.690107	6.582117	0	0
holistic	he644	328	7.019223	20.787870	9	27	15	0	14.991009	5.796861	0	6.376533	0
holistic	he645	328	0.547025	4.750962	3	7	19	0	1.794780	2.956182	0	6.130845	0
holistic	he646	329	2.349752	7.614054	3	13	21	0	6.107776	1.506278	0	1.582262	0
holistic	he647	329	0.294843	1.323543	1	2	1	0	1.323543	0	0	0	0
conventional	ce801	329	0.024888	45.312944	1	14	7	10.025297	3.355637	21.535296	10.396714	1.695977	0
conventional	ce802	329	0	46.201943	0	14	7	10.597409	7.592928	20.081755	7.929851	0	0
conventional	ce803	329	0	29.640510	0	14	7	5.139929	5.797056	14.477792	4.225733	1.962811	0
conventional	ce804	329	0	20.947763	0	14	7	3.945674	0.871145	13.590770	2.540174	1.438831	0
conventional	ce805	329	0	35.873244	0	14	7	7.586559	4.439024	16.768979	7.078682	0	0
holistic	he648	330	0.870922	4.579932	2	4	3	0	4.579932	0	0	0.875575	0
holistic	he649	330	4.983882	40.459781	7	28	20	0	2.819003	37.640778	0	2.736642	0
conventional	ce806	330	0	35.934833	0	14	7	10.444202	2.219953	19.862131	3.408547	0	0
conventional	ce807	330	0	25.732004	0	14	7	3.708280	4.457317	14.473026	3.093381	1.184998	0
conventional	ce808	330	0	36.120781	0	14	7	6.207558	8.518948	13.126592	8.267683	0	0
holistic	he650	331	0.156432	3.250576	1	2	1	0	3.250576	0	0	0	0
holistic	he651	331	1.741844	44.242916	4	32	7	0	44.242916	0	0	2.731712	0
conventional	ce809	331	0	22.058226	0	14	7	4.230903	1.149588	13.238335	3.439400	1.165062	0
conventional	ce810	331	0	18.121969	0	14	7	3.405088	3.122674	9.168621	2.425586	1.254476	0
conventional	ce811	331	0.131241	16.695595	1	14	7	1.752593	3.570671	5.656070	5.716261	0	0
holistic	he652	332	2.518288	4.027960	3	9	16	0	1.393594	2.634366	0	0.912187	0
conventional	ce812	332	0	23.160807	0	14	7	4.226821	1.741735	13.767040	3.425211	1.730912	0
conventional	ce813	332	0	46.222919	0	14	7	13.907558	8.672690	14.044296	9.598375	0.959146	0
holistic	he653	333	1.066652	25.396084	2	8	2	0	25.396084	0	0	0	0
holistic	he654	334	0	0	0	0	0	0	0	0	0	0.401772	0
holistic	he655	334	0.435461	0.583485	1	2	1	0	0.583485	0	0	0.837465	0
holistic	he656	334	0.481796	3.113596	1	3	1	0	3.113596	0	0	0	0
holistic	he657	334	0	0	0	0	12	0	0	0	0	0	0
holistic	he658	335	4.983882	31.025024	7	14	19	0	2.237216	28.787808	0	2.736642	0
holistic	he659	335	0	0	0	0	0	0	0	0	0	0	0
holistic	he660	335	1.533256	33.659200	4	40	8	0	33.659200	0	0	0	0
holistic	he661	335	0.435461	0.518493	1	1	1	0	0.518493	0	0	0	0
conventional	ce814	335	0	39.722772	0	14	7	8.716485	5.079286	20.534461	5.392540	0.959146	0
conventional	ce815	335	0	16.070889	0	14	7	2.840578	3.660564	5.050941	4.518806	0	0
holistic	he662	336	0	0	0	0	0	0	0	0	0	0.124872	0
holistic	he663	336	2.233280	10.889517	3	13	21	0	9.515607	1.373910	0	2.034070	0
conventional	ce816	336	0	24.264613	0	14	7	4.359691	0.811413	16.201110	2.892399	2.339072	0
holistic	he664	337	4.511441	18.172783	5	10	11	0	3.804814	14.367969	0	1.368321	0
holistic	he665	337	0	0.190132	0	1	17	0	0.190132	0	0	0	0
holistic	he666	337	0.503465	3.302672	1	3	1	0	3.302672	0	0	0	0
conventional	ce817	337	0	44.820088	0	14	7	12.342940	5.984247	17.908426	8.584475	0.959146	0
conventional	ce818	337	0	19.016362	0	14	7	5.784252	1.308306	10.409685	1.514119	1.935675	0
holistic	he667	338	1.462904	9.665443	4	10	10	0	0.120415	9.545028	0	4.217019	0
holistic	he668	338	7.791680	13.825720	10	30	18	0	6.666932	7.158788	0	6.944596	0
holistic	he669	338	0	0	0	0	12	0	0	0	0	0	0
conventional	ce819	338	0	28.623904	0	14	7	2.964010	4.794777	16.089304	4.775813	0.613938	0
holistic	he670	339	2.350451	10.605380	3	16	33	0	9.099102	1.506278	0	1.168029	0
holistic	he671	339	0	0	0	0	0	0	0	0	0	0	0
holistic	he672	339	0.533326	0.432832	1	1	1	0	0.432832	0	0	0	0
holistic	he673	339	0.134462	0.209263	1	1	12	0	0.209263	0	0	0	0
holistic	he674	340	0.481796	4.052891	1	3	1	0	4.052891	0	0	0	0
holistic	he675	340	3.403379	16.637811	4	10	11	0	1.093053	15.544758	0	4.549704	0
holistic	he676	340	2.349752	9.477623	3	16	29	0	7.971345	1.506278	0	1.582262	0
holistic	he677	340	2.848272	7.603229	4	13	15	0	6.344388	1.258841	0	1.784893	0
holistic	he678	340	0.435461	3.112269	1	2	1	0	3.112269	0	0	0	0
conventional	ce820	340	0	39.614526	0	14	7	7.184402	1.374000	19.207261	11.848863	0	0
holistic	he679	341	2.335577	10.243350	3	13	21	0	8.737072	1.506278	0	1.658839	0
holistic	he680	341	2.829574	50.089402	5	34	16	0	17.348536	32.740866	0	11.347607	0
holistic	he681	341	3.840333	17.139887	5	16	10	0	3.188307	13.951580	0	8.703080	0
holistic	he682	341	9.238878	33.709083	6	29	18	0	3.689188	30.019895	0	2.280535	0
conventional	ce821	341	0	20.351566	0	14	7	2.629219	4.504575	8.166617	5.051155	0	0
conventional	ce822	341	0.429008	24.805236	1	14	7	3.058897	4.396713	10.361540	6.988086	0	0
holistic	he683	342	1.720900	7.394150	2	8	21	0	6.602546	0.791604	0	0.959602	0
holistic	he684	343	2.470713	3.938942	3	9	16	0	1.304576	2.634366	0	2.361417	0
holistic	he685	343	0.313190	1.697123	1	2	1	0	1.697123	0	0	0	0
holistic	he686	343	0.668011	8.350593	2	6	4	0	3.713495	4.637098	0	1.603893	0
holistic	he687	343	0.533326	0.421172	1	1	13	0	0.421172	0	0	0	0
holistic	he688	343	0.134462	0.353793	1	1	5	0	0.353793	0	0	0	0
conventional	ce823	343	0.024888	31.325530	1	14	7	9.841997	3.751359	9.068719	8.663455	1.034655	0
conventional	ce824	343	0	23.252992	0	14	7	6.098382	2.165604	8.599725	6.389281	1.201670	0
conventional	ce825	343	0	31.087657	0	14	7	7.298310	4.307074	11.035476	8.446797	1.379298	0
conventional	ce826	343	0	22.799206	0	14	7	3.522013	2.406375	14.398326	2.472492	0.764895	0
conventional	ce827	343	0	27.195370	0	14	7	6.134150	0.756209	16.948634	3.356377	0	0
holistic	he689	344	9.136122	23.885166	9	51	28	0	16.371804	7.513362	0	7.808406	0
holistic	he690	344	5.118520	24.805006	7	14	16	0	0.809665	23.995341	0	8.949831	0
holistic	he691	344	0	0	0	0	30	0	0	0	0	0	0
conventional	ce828	344	0	32.499382	0	14	7	7.744878	4.870588	8.301543	11.582373	0	0
conventional	ce829	344	0	36.932374	0	14	7	4.348894	7.489371	15.894069	9.200040	0	0
holistic	he692	345	0.481796	4.485563	1	3	1	0	4.485563	0	0	0	0
conventional	ce830	345	0	43.049187	0	14	7	9.505242	3.411461	17.112990	13.019494	0	0
holistic	he693	346	0.813074	2.894116	1	3	1	0	2.894116	0	0	0	0
holistic	he694	347	0.435461	3.920563	1	2	5	0	3.920563	0	0	0	0
conventional	ce831	347	0.131241	16.362271	1	14	7	2.120229	3.507433	5.085479	5.649130	0	0
conventional	ce832	347	0.559356	31.622082	1	14	7	8.095978	2.506342	13.279571	7.740191	1.034655	0
holistic	he695	348	0.963592	15.691834	2	10	2	0	15.691834	0	0	0	0
holistic	he696	348	0	25.422398	0	10	10	0	0	25.422398	0	0	0
holistic	he697	348	0.668011	7.873307	2	6	4	0	2.652604	5.220703	0	1.603893	0
conventional	ce833	348	0	18.619344	0	14	7	3.673204	1.735288	10.972257	2.238595	1.179845	0
conventional	ce834	348	0	28.554251	0	14	7	7.791088	3.683528	12.253113	4.826522	1.962811	0
conventional	ce835	348	0	20.405579	0	14	7	5.199907	2.826427	11.209377	1.169868	1.184998	0
holistic	he698	349	0.626380	3.726556	2	8	2	0	3.726556	0	0	0	0
holistic	he699	349	0.435461	3.928037	1	2	1	0	3.928037	0	0	0	0
conventional	ce836	349	0	45.278225	0	14	7	11.244016	7.386846	14.970915	11.676448	1.250483	0
conventional	ce837	349	0	20.862470	0	14	7	2.163881	2.849388	10.067617	5.781584	1.085121	0
holistic	he700	350	0.435461	0.397478	1	1	1	0	0.397478	0	0	0	0
holistic	he701	350	3.562617	28.642693	6	18	23	0	0.997408	27.645285	0	2.287626	0
holistic	he702	350	1.211346	1.470072	2	4	2	0	1.470072	0	0	1.559068	0
conventional	ce838	350	0	23.264946	0	14	7	5.471216	2.187727	13.606946	1.999057	1.184998	0
conventional	ce839	350	0	44.593893	0	14	7	10.996184	13.710377	12.958239	6.929093	1.212145	0
holistic	he703	351	0.621994	2.564251	1	5	9	0	0	2.564251	0	8.808058	0
conventional	ce840	351	0	24.169965	0	14	7	8.534751	1.386605	11.141130	3.107479	2.108679	0
conventional	ce841	351	0	37.301026	0	14	7	5.970240	4.814254	18.656592	7.859940	1.605892	0
conventional	ce842	351	0	35.965686	0	14	7	8.009070	4.763713	10.732429	12.460474	0	0
holistic	he704	352	0.929296	3.190637	1	3	2	0	3.190637	0	0	0	0
holistic	he705	352	1.573322	9.465304	2	8	2	0	9.465304	0	0	0	0
holistic	he706	352	0.435461	0.354565	1	1	1	0	0.354565	0	0	0	0
holistic	he707	352	1.142754	8.279007	2	6	4	0	3.736476	4.542531	0	1.603893	0
holistic	he708	352	0.158736	1.682370	1	2	1	0	1.682370	0	0	0	0
holistic	he709	352	0.503830	0.706495	1	2	1	0	0.706495	0	0	0	0
holistic	he710	352	0.653622	2.672258	1	3	4	0	2.672258	0	0	0.292840	0
holistic	he711	352	3.422414	42.289832	5	24	19	0	39.660204	2.629628	0	0.912187	0
holistic	he712	352	1.736336	0.811750	2	4	17	0	0.811750	0	0	0	0
holistic	he713	352	0	0	0	0	15	0	0	0	0	0	0
holistic	he714	352	0.709238	0.411614	1	1	14	0	0.411614	0	0	0	0
holistic	he715	352	2.349752	7.200391	3	13	21	0	5.694113	1.506278	0	1.582262	0
holistic	he716	352	2.854350	11.266484	4	11	11	0	0.705404	10.561080	0	4.549704	0
holistic	he717	352	0.134462	0.264916	1	1	8	0	0.264916	0	0	0	0
holistic	he718	352	0	1.246184	0	2	1	0	1.246184	0	0	0.751017	0
holistic	he719	352	1.969152	4.172262	3	5	14	0	0.775540	3.396722	0	2.361417	0
holistic	he720	352	0	0	0	0	0	0	0	0	0	0	0
holistic	he721	352	14.027650	63.606935	14	63	33	0	48.970614	14.636321	0	11.591160	0
holistic	he722	352	0	0	0	0	1	0	0	0	0	0	0
holistic	he723	352	0	0	0	0	0	0	0	0	0	0	0
holistic	he724	352	0	0	0	0	4	0	0	0	0	0	0
conventional	ce843	352	0	43.641916	0	14	7	8.752526	5.071150	20.891440	8.926800	0	0
conventional	ce844	352	0	50.541539	0	14	7	14.663902	6.889638	13.808040	15.179959	0.959146	0
conventional	ce845	352	0	30.149024	0	14	7	6.526770	3.822238	17.149665	2.650351	1.348944	0
conventional	ce846	352	0	24.011412	0	14	7	6.759769	3.136415	8.053413	6.061815	0.613938	0
conventional	ce847	352	0.159965	18.325026	1	14	7	1.896005	4.299693	6.180913	5.948415	0.386782	0
conventional	ce848	352	0	21.971699	0	14	7	3.750059	1.060304	13.720543	3.440793	0.783181	0
conventional	ce849	352	0.024888	44.340626	1	14	7	11.164962	3.058590	18.850730	11.266344	1.237643	0
conventional	ce850	352	0	42.641552	0	14	7	10.152285	5.558518	17.660205	9.270544	1.830913	0
conventional	ce851	352	0	32.970173	0	14	7	7.744878	5.255712	8.555819	11.413764	0	0
conventional	ce852	352	0	26.201579	0	14	7	3.989962	4.581577	14.241261	3.388779	2.969869	0
conventional	ce853	352	0	43.478918	0	14	7	10.612059	2.124630	17.935160	12.807069	0	0
conventional	ce854	352	0	31.535380	0	14	7	7.114173	4.138082	11.100134	9.182991	0	0
conventional	ce855	352	0	30.670658	0	14	7	4.832056	6.341109	11.757446	7.740047	2.145347	0
conventional	ce856	352	0	33.573652	0	14	7	8.610519	2.763080	17.627395	4.572658	0	0
conventional	ce857	352	0	36.180433	0	14	7	8.289871	4.139780	16.322740	7.428042	0.959146	0
conventional	ce858	352	0.429008	22.611256	1	14	7	4.725917	3.361469	9.178442	5.345428	0	0
conventional	ce859	352	0	50.841078	0	14	7	9.807568	2.724369	27.451513	10.857628	2.960227	0
conventional	ce860	352	0	19.758658	0	14	7	3.553605	1.604091	8.826037	5.774925	0	0
conventional	ce861	352	0	47.431999	0	14	7	13.071613	5.293001	20.438340	8.629045	0	0
conventional	ce862	352	0	30.106540	0	14	7	3.970534	4.975534	11.932291	9.228181	1.962811	0
holistic	he725	353	0.626380	4.568672	2	8	2	0	4.568672	0	0	0	0
conventional	ce863	353	0	49.058157	0	14	7	9.674588	2.668455	25.476650	11.238464	2.969869	0
holistic	he726	354	0.345132	1.695856	1	2	1	0	1.695856	0	0	0	0
conventional	ce864	354	0	35.573169	0	14	7	6.066349	6.188320	14.068876	9.249624	0	0
conventional	ce865	354	0.159965	21.883009	1	14	7	2.255490	5.126198	9.574629	4.926692	0	0
conventional	ce866	354	0	41.851257	0	14	7	10.450054	9.318809	8.665110	13.417284	0.959146	0
conventional	ce867	354	0	21.897103	0	14	7	5.481587	3.158607	11.633172	1.623737	1.184998	0
conventional	ce868	354	0	34.833381	0	14	7	7.163173	7.308973	17.479411	2.881824	1.348944	0
holistic	he727	355	2.349752	8.715098	3	13	21	0	7.208820	1.506278	0	1.450595	0
holistic	he728	355	0.971650	0.029466	2	4	2	0	0.029466	0	0	0.561661	0
holistic	he729	355	3.485669	17.195019	4	10	11	0	0.516687	16.678332	0	4.636506	0
holistic	he730	355	0.072795	0.779292	1	3	1	0	0.779292	0	0	0	0
holistic	he731	355	0.268924	3.890200	2	4	10	0	3.890200	0	0	0	0
conventional	ce869	355	0.429008	20.425965	1	14	7	3.461814	3.833678	8.712472	4.418001	0	0
conventional	ce870	355	0	62.388601	0	14	7	12.827119	3.539528	31.035066	14.986888	2.352995	0
conventional	ce871	355	0	43.270829	0	14	7	5.936231	6.500180	19.929945	10.904473	0	0
holistic	he732	356	0.371659	0.199740	1	1	5	0	0.199740	0	0	0	0
holistic	he733	356	3.162572	21.951094	5	18	14	0	0.521946	21.429148	0	1.824428	0
holistic	he734	356	0.626380	3.834414	2	8	2	0	3.834414	0	0	1.502034	0
holistic	he735	356	1.037532	5.102922	3	8	10	0	1.735106	3.367816	0	0.988780	0
holistic	he736	356	0.435461	1.274559	1	2	1	0	1.274559	0	0	0	0
holistic	he737	356	3.160675	20.221214	5	13	13	0	10.315542	9.905672	0	0.912214	0
holistic	he738	356	0.481796	4.232292	1	4	1	0	4.232292	0	0	0	0
conventional	ce872	356	0	16.818387	0	14	7	2.322956	1.656647	10.025293	2.813491	0.783181	0
conventional	ce873	356	0.117704	47.881288	1	14	7	12.460966	3.555052	20.618294	11.246976	0.826302	0
conventional	ce874	356	0	38.887707	0	14	7	6.704730	3.540636	14.892133	13.750208	0	0
conventional	ce875	356	0	22.115897	0	14	7	4.373523	2.804100	12.298297	2.639977	0.817050	0
conventional	ce876	356	0	39.379552	0	14	7	8.435487	6.446714	15.206670	9.290681	0	0
conventional	ce877	356	0.159965	20.604230	1	14	7	3.017422	5.786051	7.294400	4.506357	0	0
holistic	he739	357	0.533326	4.193839	1	2	1	0	4.193839	0	0	0	0
conventional	ce878	357	0	13.197612	0	14	7	3.116709	1.135903	7.074885	1.870115	1.333255	0
conventional	ce879	357	0	21.977129	0	14	7	5.164261	3.064274	12.245639	1.502955	1.184998	0
conventional	ce880	358	0.752544	21.365955	2	14	7	5.009725	2.102222	10.283691	3.970317	0	0
conventional	ce881	358	0	30.292884	0	14	7	2.777386	7.129883	17.342491	3.043124	0.984776	0
conventional	ce882	358	0	34.310213	0	14	7	3.786881	3.298718	19.435419	7.789195	1.139041	0
holistic	he740	359	0.709238	0.626663	1	1	8	0	0.626663	0	0	0	0
holistic	he741	359	0.533326	0.388138	1	1	13	0	0.388138	0	0	0	0
holistic	he742	359	2.067382	101.718493	4	49	15	0	77.650212	24.068281	0	14.941090	0
conventional	ce883	359	0	31.047992	0	14	7	5.746774	3.476396	14.260160	7.564662	1.268571	0
conventional	ce884	359	0	29.652388	0	14	7	4.895382	6.164699	12.188973	6.403334	1.966438	0
holistic	he743	360	0	13.980458	0	10	11	0	0	13.980458	0	0	0
holistic	he744	360	0	0	0	0	0	0	0	0	0	0	0
holistic	he745	360	4.824468	36.613263	9	33	37	0	24.047040	12.566223	0	5.982311	0
holistic	he746	360	0.156432	3.676623	1	2	1	0	3.676623	0	0	0	0
holistic	he747	360	0.909438	1.561909	1	3	2	0	1.561909	0	0	0.807479	0
holistic	he748	360	4.450871	17.378305	4	7	33	0	0	17.378305	0	3.244617	0
conventional	ce885	360	0.174233	52.386042	1	14	7	11.302609	4.293725	22.901731	13.887977	1.034655	0
holistic	he749	361	0	0	0	0	0	0	0	0	0	0	0
conventional	ce886	361	0	40.550792	0	14	7	3.694647	4.698318	20.399977	11.757850	1.139041	0
conventional	ce887	361	0	24.389404	0	14	7	6.297330	2.403680	13.430357	2.258037	2.390952	0
conventional	ce888	361	0	42.338919	0	14	7	6.612429	2.504193	26.295970	6.926327	3.742778	0
holistic	he750	362	1.626148	10.467948	2	10	2	0	10.467948	0	0	0	0
conventional	ce889	362	0	39.630901	0	14	7	6.001024	7.571540	16.250441	9.807896	1.379298	0
conventional	ce890	362	0	35.319364	0	14	7	7.806106	5.035056	13.032938	9.445264	0	0
holistic	he751	363	0	0	0	0	0	0	0	0	0	0	0
holistic	he752	363	7.926142	16.101458	11	33	18	0	8.942670	7.158788	0	6.944596	0
holistic	he753	363	0.533326	4.193839	1	2	1	0	4.193839	0	0	0.538428	0
holistic	he754	363	0	0	0	0	1	0	0	0	0	0	0
conventional	ce891	363	0	43.233078	0	14	7	12.849324	4.707368	16.976809	8.699577	0	0
holistic	he755	364	0	0	0	0	21	0	0	0	0	0	0
holistic	he756	364	1.472421	31.241397	3	18	3	0	31.241397	0	0	1.123322	0
conventional	ce892	364	0	44.287252	0	14	7	8.030587	7.189757	21.837841	7.229067	0.959146	0
conventional	ce893	364	0	53.543717	0	14	7	13.561350	4.987670	22.621531	12.373166	0	0
holistic	he757	365	1.558148	6.913246	2	12	16	0	5.707138	1.206108	0	1.582262	0
conventional	ce894	365	0	40.947209	0	14	7	10.989848	5.305628	15.248086	9.403647	0.959146	0
conventional	ce895	365	0	60.172401	0	14	7	12.023412	3.813202	29.566098	14.769689	2.352995	0
conventional	ce896	365	0	55.620127	0	14	7	8.568982	3.648371	23.634822	19.767952	3.158056	0
conventional	ce897	365	0	25.167458	0	14	7	3.849951	5.032545	14.684382	1.600580	2.357253	0
conventional	ce898	365	0	44.497500	0	14	7	7.728197	2.616651	26.212769	7.939883	1.165915	0
conventional	ce899	365	0	45.902820	0	14	7	5.899499	6.754031	20.308998	12.940292	0	0
conventional	ce900	365	0	31.741616	0	14	7	7.401113	3.101014	11.418282	9.821207	1.681891	0
holistic	he758	366	0.626380	3.713902	2	8	2	0	3.713902	0	0	0	0
holistic	he759	366	1.462904	8.467321	4	10	10	0	0.120415	8.346906	0	3.432537	0
holistic	he760	366	3.162572	10.145133	5	14	16	0	0.521945	9.623188	0	1.824428	0
holistic	he761	366	3.604164	16.872738	5	12	22	0	3.646342	13.226396	0	7.127188	0
conventional	ce901	366	0.752544	19.060246	2	14	7	2.820134	3.354498	9.701033	3.184581	0	0
holistic	he762	367	0.134462	0.047656	1	1	5	0	0.047656	0	0	0	0
conventional	ce902	367	0	49.796922	0	14	7	6.897964	2.355092	29.430947	11.112919	3.742778	0
conventional	ce903	367	0	25.669311	0	14	7	3.391488	4.422106	15.195739	2.659978	2.840626	0
conventional	ce904	367	0	33.532809	0	14	7	9.017086	5.152414	12.272084	7.091225	0	0
conventional	ce905	367	0	19.911074	0	14	7	4.384295	1.646614	9.098229	4.781936	0	0
holistic	he763	368	0.533326	0.696463	1	1	4	0	0.696463	0	0	0	0
holistic	he764	368	2.612434	14.467124	4	10	13	0	0.432620	14.034504	0	1.368321	0
holistic	he765	368	0	14.008254	0	10	10	0	0	14.008254	0	0	0
conventional	ce906	368	0	25.022835	0	14	7	1.565915	6.988209	12.899967	3.568744	0.984776	0
conventional	ce907	368	0	25.732546	0	14	7	4.407303	3.983825	14.788702	2.552716	0	0
conventional	ce908	368	0	37.831086	0	14	7	7.438647	3.684314	10.593618	16.114507	2.306639	0
conventional	ce909	369	0	49.359875	0	14	7	8.221156	2.452658	28.595093	10.090968	3.742778	0
conventional	ce910	369	0	22.708990	0	14	7	3.665740	3.575267	12.779751	2.688232	1.835166	0
conventional	ce911	369	0	33.609235	0	14	7	4.435409	6.996748	18.157047	4.020031	0.984776	0
holistic	he766	370	0.345132	1.887521	1	2	4	0	1.887521	0	0	1.284432	0
holistic	he767	372	0.070119	0.142886	1	2	2	0	0.142886	0	0	0	0
holistic	he768	372	0	0	0	0	15	0	0	0	0	0	0
holistic	he769	372	0	0	0	0	0	0	0	0	0	0	0
holistic	he770	372	5.183590	23.276291	5	16	15	0	13.370619	9.905672	0	0.912214	0
conventional	ce912	372	0	49.586311	0	14	7	5.899589	7.455199	20.841522	15.390001	0.119606	0
conventional	ce913	372	0	46.428005	0	14	7	11.313692	1.643356	23.073774	10.397183	0	0
holistic	he771	373	2.111758	11.638672	3	8	16	0	5.025474	6.613198	0	3.563594	0
conventional	ce914	373	0	63.750835	0	14	7	17.071463	6.674746	25.393486	14.611140	0	0
conventional	ce915	373	0	33.211644	0	14	7	3.387466	8.647568	14.458650	6.717960	1.379298	0
conventional	ce916	375	0	43.131580	0	14	7	11.873306	4.889371	15.852321	10.516582	0	0
holistic	he772	376	0	0	0	0	9	0	0	0	0	0	0
holistic	he773	376	0.963592	0.954466	2	12	2	0	0.954466	0	0	0	0
conventional	ce917	376	0	15.977264	0	14	7	4.506697	2.558923	6.781491	2.130153	1.629670	0
conventional	ce918	377	0	42.994931	0	14	7	11.463130	7.091903	16.381184	8.058714	0	0
conventional	ce919	377	0	44.781985	0	14	7	9.712343	3.382763	19.456060	12.230819	0	0
conventional	ce920	377	0	25.106937	0	14	7	6.633952	3.135157	14.210477	1.127351	1.333859	0
holistic	he774	378	7.791680	13.767344	10	30	18	0	6.666932	7.100412	0	5.148484	0
holistic	he775	378	0.435461	9.029404	1	6	3	0	9.029404	0	0	0	0
holistic	he776	378	0.689203	4.107098	1	3	1	0	4.107098	0	0	1.412872	0
conventional	ce921	378	0	57.211653	0	14	7	8.710454	2.731369	27.653056	18.116774	2.956963	0
conventional	ce922	378	0.429008	25.914728	1	14	7	4.064178	5.187121	10.048813	6.614616	1.358685	0
conventional	ce923	378	0	43.631758	0	14	7	10.742971	1.939242	23.179859	7.769686	0	0
conventional	ce924	378	0	42.239862	0	14	7	2.766106	6.151161	20.693689	12.628906	0.102508	0
conventional	ce925	378	0	35.215499	0	14	7	6.268843	3.832516	16.276405	8.837735	1.268571	0
holistic	he777	379	0.709238	7.311454	1	5	17	0	0.736040	6.575414	0	0	0
conventional	ce926	379	0	18.422315	0	14	7	1.807532	2.395244	8.170615	6.048924	0	0
holistic	he778	380	0.134462	0.020560	1	1	5	0	0.020560	0	0	0	0
conventional	ce927	380	0.429008	22.051456	1	14	7	5.009609	3.052717	8.458288	5.530842	0	0
conventional	ce928	380	0.732469	19.875940	1	14	7	3.773745	1.549874	8.855459	5.696862	0	0
conventional	ce929	382	0	60.760730	0	14	7	12.467719	5.331704	28.184490	14.776817	2.477301	0
conventional	ce930	382	0	31.695200	0	14	7	6.814702	5.326849	8.623902	10.929747	0	0
holistic	he779	383	0.481796	4.172954	1	3	2	0	4.172954	0	0	0	0
holistic	he780	383	4.428331	5.529628	5	7	25	0	1.227842	4.301786	0	4.128634	0
holistic	he781	383	0.533326	4.688401	1	2	1	0	4.688401	0	0	1.076856	0
conventional	ce931	383	0	45.406002	0	14	7	4.456845	1.263756	28.735245	10.950156	1.184998	0
conventional	ce932	383	0.154582	44.314487	1	14	7	5.617830	1.951748	24.858283	11.886626	5.381849	0
holistic	he782	384	0.533326	2.027824	1	4	7	0	0.395368	1.632456	0	3.099924	0
conventional	ce933	384	0.429008	20.712117	1	14	7	4.525386	3.286686	8.754728	4.145317	0	0
conventional	ce934	384	0	64.229389	0	14	7	9.150265	4.196904	24.780253	26.101967	3.414945	0
conventional	ce935	385	0	21.370858	0	14	7	3.673232	3.952761	11.573080	2.171785	1.184998	0
conventional	ce936	385	0	55.088767	0	14	7	11.361394	3.077255	25.955609	14.694509	3.669658	0
holistic	he783	386	0	0	0	0	15	0	0	0	0	0	0
holistic	he784	386	2.207751	2.197057	1	1	8	0	2.197057	0	0	0	0
conventional	ce937	386	0	25.824521	0	14	7	1.351935	8.486820	12.683624	3.302142	0.984776	0
holistic	he785	387	0.280994	0.188119	1	2	2	0	0.188119	0	0	0	0
holistic	he786	387	2.084834	8.022837	3	13	21	0	6.824685	1.198152	0	1.582262	0
conventional	ce938	387	0.429008	29.649599	1	14	7	5.333761	3.643262	14.793136	5.879440	0	0
conventional	ce939	387	0	42.397506	0	14	7	8.562675	2.396073	24.926670	6.512088	1.214373	0
conventional	ce940	388	0.555080	42.818118	1	14	7	5.686879	2.058879	24.484000	10.588360	5.316790	0
conventional	ce941	388	0	23.467534	0	14	7	3.222550	1.638891	12.016752	6.589341	1.268571	0
conventional	ce942	388	0.429008	29.227596	1	14	7	5.688861	4.050702	12.753688	6.734345	0	0
holistic	he787	389	1.720900	7.918414	2	8	16	0	7.126810	0.791604	0	0.959602	0
conventional	ce943	389	0.187096	34.791901	1	14	7	6.227725	5.429870	16.390629	6.743677	0	0
holistic	he788	390	0.831021	1.989342	3	9	15	0	1.989342	0	0	0	0
conventional	ce944	390	0.429008	22.034809	1	14	7	2.785486	4.706168	10.408267	4.134888	0	0
conventional	ce945	390	0	34.585085	0	14	7	7.228318	5.499661	9.063864	12.793242	0	0
holistic	he789	391	0.345132	1.815702	1	2	1	0	1.815702	0	0	0.691965	0
holistic	he790	391	1.462904	8.467321	4	10	10	0	0.120415	8.346906	0	3.432537	0
conventional	ce946	391	0	58.321038	0	14	7	11.786268	4.970646	27.685804	13.878320	3.238024	0
conventional	ce947	391	0	31.627432	0	14	7	2.565005	5.809214	20.456938	2.796275	0.984776	0
conventional	ce948	391	0	41.110769	0	14	7	10.356203	2.241513	23.160809	5.352244	0.959146	0
holistic	he791	392	0	13.793816	0	10	11	0	0	13.793816	0	0	0
conventional	ce949	393	0	48.830812	0	14	7	12.338573	2.279673	26.183790	8.028776	1.413335	0
conventional	ce950	393	0	29.958909	0	14	7	8.753317	3.047862	13.517678	4.640052	1.962811	0
conventional	ce951	393	0	44.931833	0	14	7	11.449697	7.078078	17.882343	8.521715	0	0
conventional	ce952	393	0.136746	21.902156	1	14	7	5.112460	3.178800	8.828874	4.782022	0	0
holistic	he792	394	0.791604	0.791604	1	1	11	0	0	0.791604	0	0.959602	0
holistic	he793	394	0.280994	0.104869	1	2	2	0	0.104869	0	0	0	0
holistic	he794	395	0	0	0	0	0	0	0	0	0	0	0
holistic	he795	395	3.485669	15.436498	4	10	11	0	0.414067	15.022431	0	4.636506	0
holistic	he796	395	0	0	0	0	5	0	0	0	0	0.511710	0
conventional	ce953	395	0	31.761507	0	14	7	5.508019	6.197001	11.660244	8.396243	1.248762	0
holistic	he797	396	2.439222	17.842128	3	21	3	0	17.842128	0	0	0	0
conventional	ce954	396	0	40.763130	0	14	7	5.725258	3.109807	19.457123	12.470942	1.268571	0
holistic	he798	398	0.619352	9.611334	1	4	4	0	3.864334	5.747000	0	0	0
holistic	he799	398	0.578425	0.557031	1	1	2	0	0.557031	0	0	0.890418	0
holistic	he800	398	0.280994	0.795955	1	2	2	0	0.795955	0	0	0	0
holistic	he801	399	0.364985	3.791221	1	4	1	0	3.791221	0	0	0	0
holistic	he802	400	1.278220	1.087131	1	2	2	0	1.087131	0	0	0	0
holistic	he803	400	1.927982	4.391569	3	10	14	0	0.945228	3.446341	0	2.361417	0
conventional	ce955	400	0.429008	25.709184	1	14	7	7.115299	1.230304	15.009445	2.354136	0.617951	0
conventional	ce956	401	0.187096	33.216335	1	14	7	5.170116	5.511860	15.983701	6.550658	0	0
conventional	ce957	401	0	45.608232	0	14	7	8.060378	3.631107	23.653340	10.263407	1.214373	0
holistic	he804	402	0	0	0	0	15	0	0	0	0	0	0
holistic	he805	402	3.489688	16.736562	5	12	22	0	3.714598	13.021964	0	6.248310	0
holistic	he806	402	0	0	0	0	15	0	0	0	0	0.035440	0
holistic	he807	403	2.294635	32.792468	4	24	12	0	12.353099	20.439369	0	7.400402	0
holistic	he808	403	0.831021	9.615390	3	18	15	0	9.615390	0	0	0	0
holistic	he809	403	0	0	0	0	0	0	0	0	0	0	0
holistic	he810	403	0	6.859368	0	5	6	0	0	6.859368	0	0	0
conventional	ce958	403	0	49.617346	0	14	7	10.933653	16.348664	15.636636	6.698393	1.232293	0
conventional	ce959	403	0	54.601502	0	14	7	10.617647	3.652560	32.677126	7.654169	3.742778	0
conventional	ce960	403	0	66.480679	0	14	7	16.010477	3.225492	32.230860	15.013850	2.964650	0
conventional	ce961	404	0.821055	45.144319	1	14	7	9.221272	6.131781	19.056321	10.734945	1.830657	0
conventional	ce962	404	0	49.292711	0	14	7	10.217004	7.413099	24.360256	7.302352	0.959146	0
holistic	he811	406	3.687618	4.590783	3	6	25	0	0	4.590783	0	1.368321	0
holistic	he812	408	1.720900	11.439911	2	10	29	0	10.648307	0.791604	0	0.959602	0
holistic	he813	408	0.232852	0.116916	1	1	1	0	0.116916	0	0	0.220041	0
conventional	ce963	408	0	46.876914	0	14	7	12.898790	7.382544	18.882674	7.712906	0	0
conventional	ce964	408	0	46.054306	0	14	7	7.314826	2.950620	30.344488	5.444372	0	0
holistic	he814	409	0.317472	1.043890	2	4	12	0	1.043890	0	0	0	0
holistic	he815	409	3.472107	23.375593	5	13	14	0	15.251211	8.124382	0	0.912214	0
conventional	ce965	409	0	53.013492	0	14	7	7.268660	2.986347	30.707403	12.051082	0	0
conventional	ce966	409	0	33.001767	0	14	7	7.327015	7.654516	5.911904	12.108332	2.145347	0
holistic	he816	410	0.971650	0.266014	2	4	12	0	0.266014	0	0	0	0
holistic	he817	410	0	5.555175	0	5	6	0	0	5.555175	0	0	0
conventional	ce967	410	0	45.286045	0	14	7	8.907552	7.684727	14.188503	14.505263	1.894528	0
conventional	ce968	410	0	47.896620	0	14	7	12.550178	5.065936	19.568137	10.712369	0	0
conventional	ce969	410	0	27.275405	0	14	7	5.269953	4.174140	14.936129	2.895183	0	0
holistic	he818	411	2.000210	3.587107	3	8	15	0	0.888351	2.698756	0	2.361417	0
conventional	ce970	411	0.136746	19.124552	1	14	7	2.956380	3.778039	8.096239	4.293894	0	0
holistic	he819	412	0.435461	0.862611	1	1	2	0	0.862611	0	0	0.538428	0
holistic	he820	412	0.911020	26.371630	4	24	12	0	7.544737	18.826893	0	7.400402	0
holistic	he821	412	3.162572	22.142361	5	17	13	0	0.713213	21.429148	0	3.486248	0
holistic	he822	412	0.533326	0.617157	1	1	2	0	0.617157	0	0	2.168300	0
holistic	he823	412	0.533326	4.434341	1	2	1	0	4.434341	0	0	0	0
holistic	he824	412	2.071622	3.158786	2	4	2	0	3.158786	0	0	0.561661	0
conventional	ce971	412	0	28.135375	0	14	7	3.191112	6.159240	15.415564	3.369459	1.019259	0
conventional	ce972	412	0	50.767777	0	14	7	11.019744	0.762568	27.847937	11.137528	1.268571	0
conventional	ce973	412	0	44.391028	0	14	7	7.617940	2.786487	25.545712	8.440889	1.165915	0
conventional	ce974	412	0	24.328522	0	14	7	5.165723	2.817313	13.538755	2.806731	0.689090	0
conventional	ce975	412	0.187096	30.819895	1	14	7	4.234154	5.798464	17.222690	3.564587	0	0
conventional	ce976	412	0.644739	39.489821	1	14	7	12.165379	0.783532	20.491377	6.049533	0	0
conventional	ce977	412	0.410369	20.124541	2	14	7	6.079991	2.434697	7.959515	3.650338	0	0
conventional	ce978	412	0.821055	45.564350	1	14	7	9.544006	5.900894	20.221516	9.897934	2.429905	0
holistic	he825	413	0	0	0	0	1	0	0	0	0	0	0
conventional	ce979	413	0	41.295982	0	14	7	5.658766	5.527326	19.918124	10.191766	0	0
conventional	ce980	413	0	22.593866	0	14	7	1.324807	2.246819	12.856949	6.165291	0	0
conventional	ce981	413	0	52.903516	0	14	7	13.846673	5.448935	24.393946	9.213962	0	0
holistic	he826	414	1.331926	1.115250	2	4	2	0	1.115250	0	0	0	0
conventional	ce982	414	0	55.883280	0	14	7	11.287343	4.035434	25.987828	14.572675	4.297606	0
conventional	ce983	414	0	55.244440	0	14	7	10.453694	3.050253	29.418456	12.322037	2.586661	0
conventional	ce984	414	0	32.544161	0	14	7	6.478362	3.173786	13.385102	9.506911	1.413044	0
holistic	he827	415	2.123126	6.758360	2	12	16	0	5.948868	0.809492	0	1.614602	0
holistic	he828	415	0	0	0	0	0	0	0	0	0	0	0
holistic	he829	415	0.772756	0.616841	1	2	2	0	0.616841	0	0	0	0
conventional	ce985	415	0	50.690754	0	14	7	6.323000	5.818035	25.785212	12.764507	1.214373	0
conventional	ce986	415	0	28.554111	0	14	7	4.201561	4.274321	17.222690	2.855539	1.333859	0
conventional	ce987	415	0	72.628807	0	14	7	15.136994	6.162017	31.403484	19.926312	3.238024	0
conventional	ce988	415	0	28.702153	0	14	7	5.590893	5.344195	6.751582	11.015483	0	0
holistic	he830	416	5.073116	20.090606	4	10	11	0	0.323618	19.766988	0	4.636506	0
holistic	he831	416	0	0	0	0	0	0	0	0	0	0	0
holistic	he832	416	0	0	0	0	0	0	0	0	0	0	0
holistic	he833	416	1.462904	8.525779	4	13	13	0	0.178873	8.346906	0	3.432537	0
conventional	ce989	416	0.154582	46.777613	1	14	7	5.849869	4.074297	24.922317	11.931130	5.381849	0
conventional	ce990	416	0	50.992352	0	14	7	13.066698	8.723795	21.469418	7.732441	0	0
conventional	ce991	416	0	41.009471	0	14	7	2.914996	4.715039	19.941335	13.438101	0.102508	0
holistic	he834	417	0	0	0	0	12	0	0	0	0	0.341146	0
holistic	he835	417	0.533326	6.520091	1	2	4	0	6.520091	0	0	0	0
conventional	ce992	417	0	50.515686	0	14	7	8.266965	2.391470	28.375572	11.481679	3.742778	0
conventional	ce993	417	0	50.214824	0	14	7	6.473058	2.789557	29.690542	11.261667	3.304311	0
conventional	ce994	417	0.429008	30.569737	1	14	7	6.084986	1.857819	15.298397	7.328535	0	0
conventional	ce995	417	0	36.998424	0	14	7	4.642885	6.661769	18.922708	6.771062	1.403614	0
conventional	ce996	417	0.417773	47.146869	1	14	7	7.258605	3.078220	21.884209	14.925835	5.381849	0
conventional	ce997	418	0	46.705042	0	14	7	8.115053	2.290602	30.672102	5.627285	0	0
conventional	ce998	418	0	54.310143	0	14	7	9.247036	3.514761	29.720281	11.828065	1.725665	0
conventional	ce999	418	0.555080	48.753573	1	14	7	5.791502	2.714962	26.715048	13.532061	5.316790	0
conventional	ce1000	418	0	67.020073	0	14	7	14.766900	4.668808	31.164881	16.419484	3.177455	0
holistic	he836	419	2.114290	14.051411	6	17	17	0	0.139901	13.911510	0	4.000725	0
holistic	he837	419	0.280994	0.022554	1	2	2	0	0.022554	0	0	0	0
holistic	he838	419	0.099626	3.140148	1	1	4	0	3.140148	0	0	0	0
conventional	ce1001	419	0	34.536753	0	14	7	8.362360	1.741742	21.367424	3.065227	0.969472	0
conventional	ce1002	419	0.429008	27.187258	1	14	7	4.505123	4.675785	13.025325	4.981025	0	0
conventional	ce1003	419	0	32.434107	0	14	7	7.243348	2.753790	16.977084	5.459885	1.962811	0
conventional	ce1004	419	0.429008	22.082248	1	14	7	3.507237	3.820474	10.268937	4.485600	0	0
conventional	ce1005	419	0.568492	48.612637	1	14	7	6.901326	2.009902	26.565683	13.135726	5.194828	0
holistic	he839	420	2.116169	11.071119	2	14	29	0	10.279515	0.791604	0	0.959602	0
holistic	he840	420	6.241874	8.659786	7	9	28	0	1.484306	7.175480	0	6.384406	0
holistic	he841	420	0.280994	0.117653	1	2	2	0	0.117653	0	0	0	0
conventional	ce1006	420	0.555080	42.867717	1	14	7	5.937604	1.804389	24.068693	11.057031	5.426864	0
conventional	ce1007	420	0.207792	34.983533	1	14	7	5.440316	6.633346	16.998249	5.911622	0	0
conventional	ce1008	420	0	25.234886	0	14	7	4.254246	3.973162	14.218922	2.788556	0	0
conventional	ce1009	420	0	46.804377	0	14	7	9.200415	15.695831	13.176399	8.731732	1.232293	0
holistic	he842	421	3.206925	19.018227	5	13	23	0	15.516393	3.501834	0	3.232662	0
holistic	he843	421	0	0	0	0	15	0	0	0	0	0.216186	0
conventional	ce1010	421	0.821055	42.106824	1	14	7	9.987054	6.582296	17.220949	8.316525	1.830657	0
holistic	he844	422	1.720900	11.139002	2	18	29	0	10.347398	0.791604	0	0.959602	0
conventional	ce1011	422	0	41.565143	0	14	7	13.298436	3.590148	9.556810	15.119749	0.210445	0
conventional	ce1012	422	0	56.974156	0	14	7	12.347965	2.673945	26.792976	15.159270	3.669658	0
holistic	he845	423	0	5.788831	0	5	6	0	0	5.788831	0	0	0
holistic	he846	423	0	0	0	0	15	0	0	0	0	0	0
holistic	he847	424	0	0	0	0	6	0	0	0	0	0	0
conventional	ce1013	424	0.821055	40.553775	1	14	7	7.842819	4.160849	23.235417	5.314690	3.282584	0
conventional	ce1014	424	0	33.352002	0	14	7	6.483790	5.809392	9.030708	12.028112	0	0
conventional	ce1015	424	0	48.286246	0	14	7	9.919698	7.748327	21.749031	8.869190	0	0
holistic	he848	425	0.881222	4.338396	1	4	1	0	4.338396	0	0	0	0
holistic	he849	425	1.407912	2.432892	1	2	2	0	2.432892	0	0	0	0
conventional	ce1016	425	0	37.371694	0	14	7	5.655377	7.343466	18.553589	5.819262	1.403614	0
conventional	ce1017	425	0	38.229207	0	14	7	3.908192	3.693679	16.134591	14.492745	2.369699	0
conventional	ce1018	425	0	31.889012	0	14	7	5.596524	2.456011	15.893195	7.943282	1.232293	0
conventional	ce1019	425	0	23.090813	0	14	7	5.088755	1.959387	13.340115	2.702556	0	0
conventional	ce1020	425	0	24.866649	0	14	7	4.407303	3.004750	14.786523	2.668073	2.681027	0
holistic	he850	426	0	0	0	0	12	0	0	0	0	0	0
holistic	he851	426	3.218439	9.913616	2	10	11	0	8.181743	1.731873	0	5.029903	0
holistic	he852	426	3.738826	18.383731	7	15	22	0	2.208634	16.175097	0	5.669253	0
conventional	ce1021	426	0	52.882097	0	14	7	12.323381	5.007948	22.238835	13.311933	3.238024	0
holistic	he853	427	0	0	0	0	21	0	0	0	0	0	0
holistic	he854	427	4.745318	13.266040	5	11	17	0	8.890996	4.375044	0	2.050734	0
holistic	he855	427	0.347636	18.055986	2	10	4	0	18.055986	0	0	0	0
conventional	ce1022	427	0	62.594335	0	14	7	11.936930	2.541745	29.632948	18.482712	3.669658	0
conventional	ce1023	427	0	26.177209	0	14	7	1.636844	6.491953	14.372888	3.675524	0.984776	0
conventional	ce1024	427	0.054746	25.812413	1	14	7	3.533175	4.094484	14.872098	3.312656	0	0
holistic	he856	428	3.180588	42.497586	3	24	3	0	42.497586	0	0	0	0
conventional	ce1025	428	0	44.128253	0	14	7	11.373707	7.950140	17.716568	7.087838	0	0
conventional	ce1026	428	0	44.998909	0	14	7	4.688768	2.922634	27.077945	10.309562	1.682538	0
conventional	ce1027	429	0	50.024834	0	14	7	7.194889	2.965582	28.703638	11.160725	0	0
conventional	ce1028	429	0	46.646885	0	14	7	10.310983	2.355937	23.565389	10.414576	0	0
conventional	ce1029	430	0.429008	34.558848	1	14	7	4.785556	6.558341	19.644282	3.570669	0	0
conventional	ce1030	431	0.054746	17.601991	1	14	7	2.313307	1.480878	9.340987	4.466819	0	0
conventional	ce1031	431	0	25.851371	0	14	7	3.270746	3.850495	15.185496	3.544634	3.669658	0
holistic	he857	432	4.000420	8.464776	6	18	14	0	3.067264	5.397512	0	4.722834	0
holistic	he858	432	0.262372	0.623668	1	4	4	0	0.623668	0	0	0.440082	0
conventional	ce1032	432	0	70.454201	0	14	7	16.032816	4.768793	34.337344	15.315248	2.834087	0
conventional	ce1033	432	0	37.879969	0	14	7	6.298781	8.547080	16.834085	6.200023	1.403614	0
conventional	ce1034	433	0.187096	39.659227	1	14	7	6.082573	5.850911	19.442076	8.283667	0	0
conventional	ce1035	433	0	30.767687	0	14	7	5.063651	3.276838	12.958346	9.468852	1.413044	0
holistic	he859	434	4.531903	19.629525	7	19	22	0	5.253936	14.375589	0	5.134085	0
conventional	ce1036	435	0	29.891753	0	14	7	6.591547	4.737565	7.997441	10.565200	0	0
conventional	ce1037	437	0	55.289338	0	14	7	14.701589	8.660095	23.346108	8.581546	0	0
conventional	ce1038	437	0	41.485952	0	14	7	8.210277	6.620070	11.193357	15.462248	0	0
conventional	ce1039	437	0	43.915996	0	14	7	6.237837	8.556266	22.572655	6.549238	0.935947	0
conventional	ce1040	437	0	22.702050	0	14	7	5.042879	2.190332	13.227238	2.241601	0.789295	0
holistic	he860	438	1.407912	3.946269	1	3	2	0	3.946269	0	0	0	0
holistic	he861	438	4.484916	15.558152	6	18	20	0	3.695446	11.862706	0	2.256204	0
conventional	ce1041	438	0	43.480621	0	14	7	5.025232	8.477910	24.051110	5.926369	1.403614	0
conventional	ce1042	438	0	35.119669	0	14	7	12.975784	2.296605	13.157770	6.689510	3.185766	0
conventional	ce1043	438	0	29.769934	0	14	7	6.082279	4.826889	17.206350	1.654416	0	0
holistic	he862	439	0.692773	0.779904	1	3	2	0	0.779904	0	0	0	0
conventional	ce1044	439	0	73.045729	0	14	7	16.242422	4.086019	37.055768	15.661520	2.972112	0
conventional	ce1045	439	0	35.128697	0	14	7	6.545551	2.524889	18.066732	7.991525	1.232293	0
conventional	ce1046	440	0	37.687361	0	14	7	10.415802	1.391576	17.723690	8.156293	0	0
conventional	ce1047	440	0.555080	33.887778	1	14	7	6.552042	0.572149	17.676451	9.087136	5.575837	0
conventional	ce1048	441	0	32.683458	0	14	7	5.724778	3.315773	19.621605	4.021302	3.669658	0
conventional	ce1049	442	0	48.327426	0	14	7	9.310161	3.738338	25.826497	9.452430	1.165915	0
holistic	he863	443	3.529619	25.261544	6	12	12	0	0.154924	25.106620	0	2.280535	0
holistic	he864	443	6.578382	9.516328	4	6	15	0	0	9.516328	0	3.726068	0
holistic	he865	443	1.073355	2.847096	1	2	1	0	2.847096	0	0	0	0
conventional	ce1050	443	0	46.561552	0	14	7	8.671290	3.793898	24.695870	9.400494	1.148635	0
conventional	ce1051	443	0.644739	44.853570	1	14	7	10.137983	3.251911	22.042654	9.421022	0	0
conventional	ce1052	443	0	53.137619	0	14	7	12.306194	3.306486	23.406380	14.118559	0	0
conventional	ce1053	444	0	55.974466	0	14	7	11.450998	3.744370	28.168184	12.610914	1.374099	0
conventional	ce1054	444	0	36.699624	0	14	7	5.846526	6.895377	18.566667	5.391054	1.403614	0
conventional	ce1055	445	0	63.357600	0	14	7	11.194934	7.030317	28.513644	16.618705	3.669658	0
conventional	ce1056	445	0	41.665784	0	14	7	9.781773	2.401392	22.776294	6.706325	0.969472	0
holistic	he866	446	3.863896	7.944787	3	9	14	0	5.010187	2.934600	0	0.959602	0
holistic	he867	446	0	0	0	0	12	0	0	0	0	0	0
conventional	ce1057	446	0	85.264965	0	14	7	18.938321	2.515790	41.797316	22.013538	2.972112	0
conventional	ce1058	446	0	41.780459	0	14	7	6.947304	9.186072	17.805219	7.841864	0	0
holistic	he868	447	1.287681	3.760122	1	3	10	0	3.760122	0	0	0	0
holistic	he869	447	2.071622	3.158786	2	4	2	0	3.158786	0	0	0	0
holistic	he870	447	0.435461	0.612923	1	1	3	0	0.612923	0	0	0	0
conventional	ce1059	447	0	56.180702	0	14	7	9.908224	4.954537	31.370969	9.946972	3.742778	0
conventional	ce1060	447	0	31.927515	0	14	7	5.126559	2.446933	16.107977	8.246046	1.232293	0
conventional	ce1061	447	0	73.965553	0	14	7	16.067216	3.445358	33.208471	21.244508	2.972112	0
conventional	ce1062	448	0	31.932854	0	14	7	5.587461	2.872656	15.803046	7.669691	1.668390	0
holistic	he871	449	0	3.549681	0	3	6	0	0	3.549681	0	8.954220	0
conventional	ce1063	449	0	33.596818	0	14	7	7.011559	2.693813	17.834797	6.056649	1.238120	0
holistic	he872	450	1.927982	4.260078	3	10	16	0	0.811656	3.448422	0	2.361417	0
conventional	ce1064	450	0	40.756223	0	14	7	7.336457	5.400936	22.307488	5.711342	1.413044	0
conventional	ce1065	450	0	38.161107	0	14	7	9.159697	3.299140	22.415934	3.286336	0.969472	0
holistic	he873	451	0.317304	0.832265	1	2	2	0	0.832265	0	0	0	0
holistic	he874	451	0.692773	0.789127	1	2	2	0	0.789127	0	0	0	0
conventional	ce1066	451	0	39.045494	0	14	7	6.090863	7.508662	19.042145	6.403824	1.403614	0
conventional	ce1067	451	0	36.646243	0	14	7	6.122202	6.549343	15.328306	8.646392	0	0
holistic	he875	452	2.439222	17.991687	3	21	3	0	17.991687	0	0	0	0
conventional	ce1068	453	0.353623	34.922077	1	14	7	3.931267	6.505251	19.424966	5.060593	0	0
conventional	ce1069	453	0	70.835151	0	14	7	17.375522	3.424624	31.116464	18.918541	2.964650	0
conventional	ce1070	453	0	33.336172	0	14	7	7.077774	4.918750	14.399223	6.940425	1.752544	0
conventional	ce1071	453	0	36.953066	0	14	7	3.312187	2.806363	15.238507	15.596009	3.304311	0
holistic	he876	454	0	0	0	0	12	0	0	0	0	0.108093	0
holistic	he877	454	0.772756	0.193807	1	2	2	0	0.193807	0	0	0	0
conventional	ce1072	454	0	38.366060	0	14	7	7.232961	7.050271	11.148882	12.933946	0	0
holistic	he878	455	0.185137	2.217569	1	2	6	0	2.217569	0	0	0	0
conventional	ce1073	455	1.028648	18.383007	1	14	7	1.270930	2.488104	10.027182	4.596791	0	0
conventional	ce1074	455	0.429008	33.651282	1	14	7	7.566174	1.767516	16.149788	8.167804	0	0
holistic	he879	456	1.527962	2.787639	1	6	2	0	2.787639	0	0	0	0
holistic	he880	456	0.560275	15.200322	2	10	6	0	0	15.200322	0	0	0
conventional	ce1075	456	0	47.537865	0	14	7	9.554335	2.565284	26.646808	8.771438	1.214373	0
conventional	ce1076	456	0.429008	31.593378	1	14	7	6.293544	2.224893	15.737068	7.337873	0	0
conventional	ce1077	457	0.805756	42.417373	2	14	7	6.133476	1.785474	23.911054	10.587369	5.426864	0
holistic	he881	458	0.672914	0.625270	1	1	1	0	0.625270	0	0	0.923310	0
holistic	he882	458	0.971650	0.208314	2	4	12	0	0.208314	0	0	0	0
holistic	he883	458	0.435461	0.499747	1	1	3	0	0.499747	0	0	0.964830	0
holistic	he884	459	3.180588	43.057254	3	30	3	0	43.057254	0	0	0	0
conventional	ce1078	459	0	48.109044	0	14	7	11.052611	1.244802	24.225250	11.586381	0	0
conventional	ce1079	459	0	34.621439	0	14	7	9.303758	2.781109	17.390058	5.146514	1.962811	0
holistic	he885	460	0.772756	2.118902	1	2	2	0	2.118902	0	0	0	0
holistic	he886	460	0	0	0	0	0	0	0	0	0	0	0
holistic	he887	460	0.262372	0.623668	1	4	4	0	0.623668	0	0	0.440082	0
conventional	ce1080	461	0.429008	32.432845	1	14	7	9.444891	1.214898	14.967149	6.805907	0	0
conventional	ce1081	461	0	52.221369	0	14	7	11.868281	5.370197	23.473267	11.509624	3.238024	0
conventional	ce1082	461	0	26.575706	0	14	7	4.108402	4.005879	14.873194	3.588231	1.232293	0
holistic	he888	462	0	0	0	0	0	0	0	0	0	0	0
holistic	he889	462	0.772756	2.081612	1	2	2	0	2.081612	0	0	0	0
holistic	he890	463	1.287681	3.760122	1	3	10	0	3.760122	0	0	0	0
holistic	he891	463	8.009352	19.709122	5	23	29	0	18.917518	0.791604	0	0.959602	0
holistic	he892	463	5.295222	26.309530	5	13	14	0	18.185148	8.124382	0	0.480830	0
holistic	he893	463	1.331926	1.115250	2	4	2	0	1.115250	0	0	0	0
holistic	he894	463	4.390942	9.598582	4	10	20	0	8.249508	1.349074	0	0.678356	0
conventional	ce1083	463	0	37.054835	0	14	7	10.171622	2.753790	18.562065	5.567358	1.962811	0
conventional	ce1084	463	0	41.082104	0	14	7	6.640492	5.493517	23.209287	5.738808	0	0
conventional	ce1085	464	0	61.202595	0	14	7	14.877525	2.223383	27.845323	16.256364	3.669658	0
conventional	ce1086	464	0	39.062728	0	14	7	7.855607	2.985957	21.050436	7.170728	0.839282	0
conventional	ce1087	465	0	33.820303	0	14	7	6.214638	2.339046	20.040100	5.226519	1.271536	0
holistic	he895	466	4.484916	14.510584	6	26	20	0	2.826078	11.684506	0	2.256204	0
conventional	ce1088	466	0	41.558390	0	14	7	7.052622	4.918098	18.927353	10.660317	0	0
holistic	he896	468	5.439004	21.287417	7	19	22	0	5.438876	15.848541	0	5.134085	0
holistic	he897	468	1.462904	8.380859	4	10	13	0	0.033953	8.346906	0	3.432537	0
conventional	ce1089	468	0	54.256992	0	14	7	13.410690	10.296652	27.006348	3.543302	3.669658	0
holistic	he898	469	0	0	0	0	0	0	0	0	0	0	0
conventional	ce1090	469	0	39.097313	0	14	7	5.549593	7.725712	19.553240	6.268768	1.215548	0
conventional	ce1091	469	0	34.415746	0	14	7	11.365578	2.684220	15.466267	4.899681	1.439703	0
holistic	he899	470	4.484916	14.681194	6	18	20	0	3.519740	11.161454	0	2.256204	0
holistic	he900	470	0.435461	0.729088	1	1	6	0	0.729088	0	0	0.964830	0
conventional	ce1092	470	0	30.351088	0	14	7	5.508290	2.016301	17.305294	5.521203	2.109460	0
holistic	he901	471	0.262372	2.278715	1	4	4	0	2.278715	0	0	0.842510	0
conventional	ce1093	471	0	22.209920	0	14	7	3.222713	1.668484	14.736488	2.582235	0.851482	0
holistic	he902	472	5.508577	20.391692	5	13	13	0	0.624704	19.766988	0	4.545789	0
holistic	he903	472	0.672914	0.614666	1	1	2	0	0.614666	0	0	4.534236	0
holistic	he904	472	1.287681	4.020220	1	3	10	0	4.020220	0	0	0	0
holistic	he905	472	0	0	0	0	12	0	0	0	0	0	0
holistic	he906	472	0.772756	1.082507	1	2	4	0	1.082507	0	0	0	0
holistic	he907	472	0.435461	0.219780	1	1	2	0	0.219780	0	0	0	0
holistic	he908	472	0.011005	0.143805	1	1	1	0	0.143805	0	0	0	0
holistic	he909	472	1.338215	3.116812	1	2	2	0	3.116812	0	0	0	0
conventional	ce1094	472	0	38.475019	0	14	7	9.468432	4.322704	17.042477	7.641406	0.150689	0
conventional	ce1095	472	0	37.110620	0	14	7	7.171551	2.680252	21.938113	5.320704	1.286719	0
conventional	ce1096	472	0	80.486033	0	14	7	13.139589	6.865912	39.940156	20.540376	3.669658	0
conventional	ce1097	472	0.555080	47.302035	1	14	7	6.895381	2.200095	24.604903	13.601656	5.426864	0
holistic	he910	473	2.531856	13.651815	3	6	10	0	0	13.651815	0	0.320262	0
conventional	ce1098	473	0	49.914915	0	14	7	10.411809	9.663559	21.111077	8.728470	0	0
holistic	he911	474	2.949504	11.108933	4	6	10	0	1.999821	9.109112	0	0.912214	0
holistic	he912	474	0.280994	0.180291	1	2	2	0	0.180291	0	0	0	0
conventional	ce1099	474	0	33.414336	0	14	7	6.406252	7.720008	13.918295	5.369781	1.403614	0
conventional	ce1100	474	0	24.163898	0	14	7	2.830152	1.782848	15.808163	3.742735	0.851482	0
holistic	he913	475	1.287681	3.958314	1	3	2	0	3.958314	0	0	0	0
holistic	he914	475	6.944944	17.452111	5	13	13	0	0.601786	16.850325	0	4.053677	0
holistic	he915	475	3.520065	9.026724	3	12	4	0	9.026724	0	0	0	0
conventional	ce1101	475	0	89.448466	0	14	7	17.016398	2.994318	47.119989	22.317761	2.891370	0
holistic	he916	476	0.772756	2.081612	1	2	2	0	2.081612	0	0	0	0
holistic	he917	476	1.338215	1.687973	1	2	2	0	1.687973	0	0	0	0
holistic	he918	476	0.435461	0.612923	1	1	3	0	0.612923	0	0	0	0
conventional	ce1102	476	0	35.538525	0	14	7	8.341287	2.508929	17.805389	6.882920	1.627161	0
holistic	he919	477	0	0	0	0	2	0	0	0	0	0.220041	0
conventional	ce1103	477	0	23.686862	0	14	7	2.690631	1.844748	16.465053	2.686430	0.853828	0
conventional	ce1104	477	0.913114	31.608329	1	14	7	6.787289	0.563956	14.013627	10.243457	5.575837	0
conventional	ce1105	477	0	37.200857	0	14	7	7.511462	5.678671	17.956442	6.054282	1.238120	0
conventional	ce1106	477	0	33.253278	0	14	7	4.945637	6.690989	8.402433	13.214219	0	0
conventional	ce1107	478	0	47.700721	0	14	7	6.611810	6.358617	24.038371	10.691923	0.969472	0
conventional	ce1108	478	0	43.562414	0	14	7	8.713734	3.513178	25.761551	5.573951	4.000613	0
conventional	ce1109	478	0	25.559957	0	14	7	2.792982	2.824983	15.380061	4.561931	0.851482	0
conventional	ce1110	478	0	32.421018	0	14	7	6.577332	7.637227	12.423180	5.783279	1.403614	0
holistic	he920	479	2.990642	23.768464	5	17	22	0	11.935112	11.833352	0	4.781822	0
holistic	he921	479	2.378526	43.310952	3	27	19	0	17.741664	25.569288	0	1.403658	0
conventional	ce1111	479	0.710526	46.997369	2	14	7	6.895444	2.857373	23.733627	13.510925	6.294104	0
conventional	ce1112	479	0	38.628322	0	14	7	8.280813	1.768001	22.226591	6.352917	1.962811	0
conventional	ce1113	479	0	81.395752	0	14	7	15.847540	5.327369	38.684953	21.535890	2.992887	0
conventional	ce1114	479	0.821055	47.146857	1	14	7	11.567126	6.754205	20.837717	7.987809	1.830657	0
holistic	he922	480	0	0	0	0	0	0	0	0	0	0	0
holistic	he923	480	1.338215	1.687973	1	2	2	0	1.687973	0	0	0	0
holistic	he924	480	3.206925	14.627046	5	19	23	0	11.125212	3.501834	0	3.229136	0
conventional	ce1115	480	0.167637	47.071871	1	14	7	6.955617	3.897457	23.684813	12.533984	5.526839	0
conventional	ce1116	480	1.315408	45.963833	1	14	7	8.047489	4.527330	22.037011	11.352003	0.091597	0
holistic	he925	481	4.390942	12.360146	4	10	20	0	10.987816	1.372330	0	0.678356	0
holistic	he926	481	0.665963	0.511153	1	1	2	0	0.511153	0	0	0	0
holistic	he927	481	2.247580	26.321575	5	17	22	0	12.434013	13.887562	0	3.861700	0
conventional	ce1117	481	0.429008	32.454304	1	14	7	9.089956	0.942105	15.473011	6.949232	0	0
conventional	ce1118	482	0	31.392225	0	14	7	5.278349	1.489136	18.424835	6.199905	2.109460	0
conventional	ce1119	482	0.710526	47.690242	2	14	7	7.953868	2.485832	25.604476	11.646066	6.294104	0
conventional	ce1120	482	0	33.937596	0	14	7	7.055475	8.283020	14.014751	4.584350	1.827547	0
conventional	ce1121	482	0	39.604993	0	14	7	6.994526	4.950614	20.316279	7.343574	1.413044	0
holistic	he928	483	0	0	0	0	2	0	0	0	0	0	0
holistic	he929	483	5.295222	24.412639	5	13	14	0	16.288257	8.124382	0	0.783124	0
holistic	he930	483	1.527962	3.265874	1	6	2	0	3.265874	0	0	0	0
conventional	ce1122	483	0	49.330379	0	14	7	11.274756	1.915147	25.790472	10.350004	1.633676	0
holistic	he931	484	0.403290	0.116622	1	3	3	0	0.116622	0	0	0.440082	0
holistic	he932	484	1.407912	3.510428	1	3	2	0	3.510428	0	0	0	0
conventional	ce1123	484	0	21.302158	0	14	7	2.549255	3.373948	13.329695	2.049260	0	0
conventional	ce1124	484	0	35.862496	0	14	7	8.272693	1.831591	19.256403	6.501809	1.512962	0
holistic	he933	485	2.663852	5.756660	4	16	4	0	5.756660	0	0	0	0
holistic	he934	485	0.560275	17.630022	2	12	6	0	0	17.630022	0	0	0
conventional	ce1125	485	0	55.219630	0	14	7	10.771816	5.351783	26.876038	12.219993	0	0
conventional	ce1126	485	0	71.260646	0	14	7	12.658668	4.367527	38.330866	15.903585	2.972112	0
conventional	ce1127	485	0	31.721386	0	14	7	5.612999	1.841564	16.068923	8.197900	0.851482	0
conventional	ce1128	485	0	68.318384	0	14	7	19.409962	2.893346	29.828524	16.186552	3.114735	0
holistic	he935	486	3.703856	7.913124	3	9	14	0	4.978524	2.934600	0	0.959602	0
holistic	he936	486	0	0	0	0	3	0	0	0	0	0	0
conventional	ce1129	486	0	44.052078	0	14	7	8.544882	4.074215	26.735499	4.697482	1.697931	0
conventional	ce1130	486	0	31.533088	0	14	7	7.649113	1.791610	16.034813	6.057552	2.109460	0
holistic	he937	487	0.262372	0.623668	1	4	16	0	0.623668	0	0	0.660123	0
holistic	he938	487	3.206925	23.794425	5	21	23	0	15.369339	8.425086	0	3.229136	0
holistic	he939	487	1.338215	1.687973	1	2	2	0	1.687973	0	0	0	0
conventional	ce1131	487	0	52.741992	0	14	7	10.496758	1.604844	25.550304	15.090086	2.565994	0
conventional	ce1132	487	0	33.530953	0	14	7	7.658969	2.647239	16.501735	6.723010	0.681552	0
conventional	ce1133	487	0.805756	48.305053	2	14	7	5.934096	1.868118	24.803511	15.699328	4.552154	0
conventional	ce1134	487	0	43.755060	0	14	7	6.073654	5.209698	23.633586	8.838122	1.410893	0
conventional	ce1135	487	0	71.125859	0	14	7	19.869275	3.018517	29.804001	18.434066	2.781030	0
holistic	he940	488	2.575362	8.555156	2	8	6	0	8.555156	0	0	0.939934	0
conventional	ce1136	488	0	26.185825	0	14	7	3.990565	1.680232	17.558970	2.956058	0.851482	0
holistic	he941	489	0.772756	2.573675	1	2	4	0	2.573675	0	0	0	0
conventional	ce1137	489	0	34.643122	0	14	7	5.712444	4.916713	17.613616	6.400349	3.238024	0
conventional	ce1138	489	0	42.096816	0	14	7	9.015363	5.234977	20.161444	7.685032	1.238120	0
holistic	he942	490	3.352764	7.553665	3	9	14	0	4.970157	2.583508	0	0	0
conventional	ce1139	490	0.555080	49.504449	1	14	7	6.901335	2.228844	24.954833	15.419437	5.426864	0
conventional	ce1140	490	0	32.898022	0	14	7	4.016292	7.048270	13.433444	8.400016	0	0
holistic	he943	492	0	0	0	0	0	0	0	0	0	0	0
conventional	ce1141	492	0	43.004965	0	14	7	8.476067	3.127916	25.462540	5.938442	2.037217	0
conventional	ce1142	492	0	31.986684	0	14	7	7.557100	2.444057	16.762533	5.222994	1.238120	0
conventional	ce1143	492	0.710526	50.909919	2	14	7	7.600940	2.494760	25.690311	15.123908	6.294104	0
conventional	ce1144	493	0	49.635070	0	14	7	10.786518	4.773856	20.673970	13.400726	3.353585	0
conventional	ce1145	493	0	39.253043	0	14	7	9.311783	9.841373	14.492170	5.607717	3.238024	0
holistic	he944	494	0.022010	2.893480	2	4	2	0	2.893480	0	0	0	0
conventional	ce1146	494	0	29.793397	0	14	7	7.768621	2.160122	14.965401	4.899253	1.839722	0
holistic	he945	496	0.772756	2.129522	1	2	4	0	2.129522	0	0	0	0
conventional	ce1147	496	0.167637	52.133298	1	14	7	7.055871	3.485568	27.380464	14.211395	5.701314	0
conventional	ce1148	497	2.277482	53.286718	2	14	7	5.971314	1.864524	28.470752	16.980128	4.552154	0
holistic	he946	498	0	0	0	0	0	0	0	0	0	0	0
holistic	he947	498	1.610251	4.291225	1	3	10	0	4.291225	0	0	0	0
holistic	he948	498	0	0	0	0	0	0	0	0	0	0	0
conventional	ce1149	498	0	45.225821	0	14	7	3.176271	5.872787	30.559732	5.617031	1.413044	0
holistic	he949	499	0	0	0	0	0	0	0	0	0	0	0
conventional	ce1150	499	0	9.667529	0	14	7	3.162220	0.485828	4.543248	1.476233	2.109460	0
conventional	ce1151	499	1.315408	50.603319	1	14	7	8.786123	5.831773	22.208278	13.777145	0.091597	0
conventional	ce1152	499	0	45.494190	0	14	7	8.186592	3.915181	23.716864	9.675553	1.148635	0
conventional	ce1153	500	0.479578	48.255984	1	14	7	7.079483	1.536789	26.486935	13.152777	6.082735	0
conventional	ce1154	500	0	22.381910	0	14	7	1.815937	2.471450	13.651482	4.443041	1.238120	0
conventional	ce1155	500	0	47.819858	0	14	7	11.227863	3.610905	23.300501	9.680589	4.736131	0
conventional	ce1156	501	0	25.365290	0	14	7	2.827624	1.370775	17.919165	3.247726	0.851482	0
conventional	ce1157	501	0	37.969364	0	14	7	4.270539	4.053441	20.836473	8.808911	0	0
holistic	he950	502	0	0	0	0	2	0	0	0	0	0	0
holistic	he951	502	0.022010	2.893480	2	4	2	0	2.893480	0	0	0	0
conventional	ce1158	502	0.710526	30.002524	2	14	7	2.924777	7.839603	11.517077	7.721067	7.159844	0
conventional	ce1159	502	0	40.963605	0	14	7	7.456988	4.535591	21.353861	7.617165	1.413044	0
holistic	he952	503	2.949504	10.983193	4	6	10	0	1.874081	9.109112	0	0.912214	0
holistic	he953	503	0	0	0	0	0	0	0	0	0	0	0
holistic	he954	503	1.527962	1.717567	1	2	2	0	1.717567	0	0	0	0
conventional	ce1160	503	0	62.017777	0	14	7	5.591209	2.187395	31.715715	22.523458	3.238024	0
conventional	ce1161	503	0	25.901071	0	14	7	2.913967	2.321189	16.524527	4.141388	0.851482	0
conventional	ce1162	503	0	22.385201	0	14	7	3.126113	1.922289	15.142719	2.194080	0.616094	0
conventional	ce1163	503	0	39.989686	0	14	7	7.588431	1.990282	23.730673	6.680300	2.705533	0
conventional	ce1164	505	0.710526	50.520689	2	14	7	8.916407	2.082824	27.923249	11.598209	6.294104	0
conventional	ce1165	505	0	73.257429	0	14	7	17.733487	3.782978	30.863265	20.877699	2.428051	0
conventional	ce1166	505	0	36.947898	0	14	7	5.716750	5.144450	19.010490	7.076208	1.413044	0
holistic	he955	506	4.840002	10.541394	3	12	4	0	10.541394	0	0	0	0
holistic	he956	506	3.627791	15.668244	5	14	11	0	2.354004	13.314240	0	1.368321	0
conventional	ce1167	506	0.710526	49.855354	2	14	7	9.134312	2.401287	23.787659	14.532096	7.339252	0
conventional	ce1168	506	1.114711	58.648264	2	14	7	5.879442	2.297577	32.539787	17.931458	4.107249	0
holistic	he957	507	3.402445	21.854694	5	21	24	0	13.111242	8.743452	0	3.229136	0
holistic	he958	507	0.435461	0.725267	1	2	4	0	0.725267	0	0	0	0
holistic	he959	507	2.217337	4.698979	4	16	13	0	1.623312	3.075667	0	2.361417	0
conventional	ce1169	507	0.155462	40.119254	1	14	7	6.239052	5.711463	23.353100	4.815639	6.294104	0
conventional	ce1170	507	0	38.607700	0	14	7	11.023484	4.749527	17.497149	5.337540	1.627161	0
holistic	he960	508	0	0	0	0	0	0	0	0	0	0	0
conventional	ce1171	508	0	48.883725	0	14	7	12.979206	5.272642	21.171079	9.460798	3.382054	0
conventional	ce1172	508	0	34.469870	0	14	7	3.495442	6.968020	13.775227	10.231181	0	0
holistic	he961	509	2.549388	5.282132	4	16	4	0	5.282132	0	0	0	0
conventional	ce1173	509	0	47.801224	0	14	7	11.545016	5.114101	19.645253	11.496854	3.824205	0
conventional	ce1174	509	0.680523	43.306798	2	14	7	5.973041	2.548734	22.264959	12.520064	6.294104	0
holistic	he962	510	0	0	0	0	0	0	0	0	0	0.964830	0
holistic	he963	510	0	0	0	0	2	0	0	0	0	0	0
conventional	ce1175	510	0	46.314884	0	14	7	5.745404	2.866558	24.234043	13.468879	0.716326	0
holistic	he964	511	4.482822	12.213399	3	12	6	0	12.213399	0	0	0	0
holistic	he965	511	6.607063	21.139779	7	17	22	0	1.657258	19.482521	0	2.452640	0
conventional	ce1176	511	0	74.840723	0	14	7	21.544780	3.658379	33.661329	15.976235	3.656622	0
holistic	he966	512	0	0	0	0	0	0	0	0	0	0	0
holistic	he967	512	0	0	0	0	0	0	0	0	0	0	0
conventional	ce1177	512	0	27.050894	0	14	7	4.127671	2.566430	16.121142	4.235651	1.955253	0
holistic	he968	513	1.566486	11.848885	3	5	10	0	0.969477	10.879408	0	2.324632	0
conventional	ce1178	513	0.710526	38.011574	2	14	7	8.579921	6.467268	20.641393	2.322992	6.294104	0
holistic	he969	514	1.338215	3.079620	1	2	2	0	3.079620	0	0	0	0
conventional	ce1179	514	0.710526	46.423029	2	14	7	6.314065	2.967249	25.014713	12.127002	6.352660	0
conventional	ce1180	514	0	27.825575	0	14	7	8.826471	3.184142	13.187945	2.627017	2.109460	0
holistic	he970	515	0.802375	0.701672	1	2	2	0	0.701672	0	0	0	0
conventional	ce1181	515	0	51.902157	0	14	7	10.891961	4.900228	24.240119	11.869849	0	0
conventional	ce1182	515	0	35.522341	0	14	7	7.765113	7.694187	14.256601	5.806440	1.185747	0
holistic	he971	516	4.482822	9.257595	3	12	6	0	9.257595	0	0	0	0
holistic	he972	516	0.022010	3.180640	2	4	2	0	3.180640	0	0	0	0
holistic	he973	516	0	0	0	0	2	0	0	0	0	0	0
holistic	he974	516	2.061314	2.437889	1	2	2	0	2.437889	0	0	0	0
conventional	ce1183	516	0.622596	42.236437	1	14	7	6.204948	5.456303	25.129400	5.445786	5.258689	0
conventional	ce1184	516	0	51.358478	0	14	7	10.963378	6.463927	27.277119	6.654054	1.753078	0
conventional	ce1185	517	0	50.835293	0	14	7	14.594730	4.701228	20.892959	10.646376	3.382054	0
conventional	ce1186	517	0	21.422365	0	14	7	2.667611	3.569804	13.407762	1.777188	0	0
holistic	he975	518	5.279520	7.424880	3	12	4	0	7.424880	0	0	0	0
holistic	he976	518	6.026878	38.633124	6	32	30	0	11.444584	27.188540	0	3.589917	0
holistic	he977	518	0.912097	4.817717	2	3	4	0	0.263161	4.554556	0	1.123812	0
conventional	ce1187	518	0	44.693833	0	14	7	8.804905	2.048186	24.807901	9.032841	2.226034	0
conventional	ce1188	519	1.315408	43.428523	1	14	7	7.771339	4.494653	21.133997	10.028534	0.087857	0
conventional	ce1189	519	0	13.780972	0	14	7	1.020276	1.411875	8.516175	2.832646	0	0
holistic	he978	520	1.610251	5.046449	1	3	10	0	5.046449	0	0	0	0
holistic	he979	520	0.248917	0.012476	1	1	2	0	0.012476	0	0	0	0
holistic	he980	520	3.402445	21.856353	5	21	24	0	14.332731	7.523622	0	2.246814	0
conventional	ce1190	520	0	45.263680	0	14	7	8.304154	10.942407	19.767276	6.249843	1.403614	0
conventional	ce1191	521	0.710526	40.951077	2	14	7	3.503784	10.451754	16.477429	10.518110	7.159844	0
conventional	ce1192	521	0	47.653508	0	14	7	9.538313	2.918750	28.539411	6.657034	4.000613	0
conventional	ce1193	521	0	67.434246	0	14	7	13.008205	4.325892	35.632433	14.467716	2.647708	0
conventional	ce1194	521	0	42.430454	0	14	7	9.183696	8.924009	17.077471	7.245278	1.185747	0
holistic	he981	522	2.575362	9.324168	2	8	6	0	9.324168	0	0	0.939934	0
holistic	he982	522	0.573069	0.399348	1	1	2	0	0.399348	0	0	0	0
holistic	he983	522	0.403290	0.116622	1	3	3	0	0.116622	0	0	0.440082	0
holistic	he984	523	0	0	0	0	14	0	0	0	0	0	0
holistic	he985	523	1.527962	1.401263	1	2	2	0	1.401263	0	0	0	0
holistic	he986	523	2.949504	11.558800	4	6	10	0	1.749720	9.809080	0	2.466160	0
holistic	he987	523	3.206925	11.101992	5	19	23	0	7.600158	3.501834	0	3.229136	0
holistic	he988	523	1.496368	12.207982	4	8	22	0	0	12.207982	0	5.101612	0
conventional	ce1195	523	2.277482	58.829009	2	14	7	6.252257	2.298616	33.294446	16.983690	4.552154	0
conventional	ce1196	523	0	47.939598	0	14	7	5.598917	1.810629	28.029072	12.500980	1.413044	0
conventional	ce1197	523	0	47.826136	0	14	7	9.593252	9.610924	19.093861	9.528099	2.109460	0
conventional	ce1198	524	0	34.967235	0	14	7	6.319769	2.146886	20.723226	5.777354	2.109460	0
conventional	ce1199	525	0	67.821170	0	14	7	17.003275	3.182277	31.397052	16.238566	3.114735	0
conventional	ce1200	525	0	48.222998	0	14	7	12.034602	4.234758	22.226359	9.727279	3.824205	0
conventional	ce1201	526	0	36.754845	0	14	7	7.975642	5.337813	14.559517	8.881873	2.259243	0
conventional	ce1202	526	0	28.883549	0	14	7	3.068887	1.645076	21.155593	3.013993	0.851482	0
conventional	ce1203	527	0	17.347778	0	14	7	3.425846	1.135725	10.818699	1.967508	1.403614	0
conventional	ce1204	527	0	36.407547	0	14	7	8.259125	2.039839	17.491780	8.616803	1.149459	0
conventional	ce1205	528	1.863125	52.668046	2	14	7	7.436916	1.914275	26.011666	17.305189	4.631617	0
holistic	he989	529	0.262372	2.278715	1	4	4	0	2.278715	0	0	0.842510	0
conventional	ce1206	529	0.710526	37.613629	2	14	7	3.169515	8.047044	17.055410	9.341660	7.548150	0
conventional	ce1207	529	0	22.512139	0	14	7	3.155326	2.221376	14.578635	2.556802	2.972112	0
conventional	ce1208	529	0	41.545754	0	14	7	8.504090	2.648496	21.410334	8.982834	0.851482	0
conventional	ce1209	529	0	59.353636	0	14	7	8.236038	5.546522	30.222552	15.348524	0	0
holistic	he990	530	2.280811	5.789509	1	7	10	0	5.789509	0	0	2.332362	0
conventional	ce1210	530	0.358890	44.858116	1	14	7	9.961545	2.158129	23.581267	9.157175	4.683435	0
holistic	he991	531	0.772756	3.832760	1	2	2	0	3.832760	0	0	0	0
conventional	ce1211	531	0	46.302201	0	14	7	4.733285	7.752780	24.542048	9.274088	1.413044	0
conventional	ce1212	531	1.642642	49.528048	2	14	7	10.991795	7.543760	22.722414	8.270079	2.985731	0
conventional	ce1213	531	0	28.386765	0	14	7	2.518939	4.177728	17.899900	3.790198	0	0
holistic	he992	532	0	0	0	0	2	0	0	0	0	0	0
holistic	he993	532	2.607616	29.133579	5	17	22	0	13.515437	15.618142	0	3.600790	0
holistic	he994	532	1.338215	2.144419	1	2	2	0	2.144419	0	0	0	0
holistic	he995	532	2.180032	25.463801	5	10	20	0	0.583193	24.880608	0	2.219912	0
holistic	he996	532	4.482822	5.456805	3	12	8	0	5.456805	0	0	0	0
holistic	he997	532	1.844014	11.310305	3	7	13	0	7.926592	3.383713	0	0.177902	0
holistic	he998	532	1.231996	1.429536	1	2	2	0	1.429536	0	0	0	0
conventional	ce1214	532	0	43.947055	0	14	7	6.993069	2.947582	24.358567	9.647837	1.491447	0
conventional	ce1215	532	0	87.828320	0	14	7	16.097761	4.832015	46.913685	19.984859	2.047496	0
conventional	ce1216	532	0	57.457291	0	14	7	13.573609	10.385379	24.194594	9.303709	0.616094	0
conventional	ce1217	532	0	54.401566	0	14	7	10.205346	7.537904	27.340294	9.318022	2.262242	0
conventional	ce1218	532	0.155462	44.892616	1	14	7	7.504062	6.767350	24.838948	5.782256	6.295041	0
holistic	he999	533	1.338215	2.294879	1	2	2	0	2.294879	0	0	0	0
holistic	he1000	533	3.488563	19.286769	5	16	25	0	12.343585	6.943184	0	8.994922	0
holistic	he1001	533	1.527962	1.975688	1	6	2	0	1.975688	0	0	0	0
conventional	ce1219	533	0	16.156892	0	14	7	1.723737	2.654750	9.250366	2.528039	4.006555	0
conventional	ce1220	533	0	20.563143	0	14	7	2.565118	3.675829	12.404819	1.917377	0	0
conventional	ce1221	533	0	40.565234	0	14	7	3.724541	8.411215	18.064384	10.365094	2.565994	0
holistic	he1002	534	0.262372	0.623668	1	4	16	0	0.623668	0	0	0.660123	0
holistic	he1003	534	9.129946	16.730054	5	17	13	0	0.380198	16.349856	0	5.298463	0
conventional	ce1222	534	0	89.368096	0	14	7	12.957234	6.079698	44.495861	25.835303	2.992887	0
conventional	ce1223	534	2.277482	49.386499	2	14	7	4.435285	3.514547	24.288216	17.148451	4.552154	0
conventional	ce1224	534	0	32.313889	0	14	7	6.666733	7.410528	13.679240	4.557388	1.185747	0
conventional	ce1225	534	0.710526	46.313499	2	14	7	6.376690	3.147360	23.980365	12.809084	6.551998	0
holistic	he1004	535	0.022010	2.893480	2	4	2	0	2.893480	0	0	0	0
holistic	he1005	535	0	0	0	0	0	0	0	0	0	0	0
holistic	he1006	535	0.022010	4.150110	2	4	2	0	4.150110	0	0	0	0
conventional	ce1226	535	0.167637	54.010034	1	14	7	10.582934	3.968483	30.901108	8.557509	5.771492	0
conventional	ce1227	535	0	52.700088	0	14	7	10.774427	4.232453	26.514096	11.179112	2.012631	0
holistic	he1007	536	6.304852	44.039308	7	33	23	0	36.956460	7.082848	0	4.399619	0
holistic	he1008	536	0.022010	4.525730	2	8	2	0	4.525730	0	0	0	0
conventional	ce1228	536	0.167637	27.687412	1	14	7	8.970112	1.324597	12.393508	4.999195	5.701314	0
conventional	ce1229	536	0	32.275983	0	14	7	5.760928	1.903534	18.240722	6.370799	1.918151	0
conventional	ce1230	536	0	45.378122	0	14	7	8.839189	5.576041	26.787257	4.175635	4.000613	0
conventional	ce1231	536	0	49.863487	0	14	7	14.146476	4.581255	21.336263	9.799493	3.382054	0
conventional	ce1232	537	0	48.474239	0	14	7	6.596047	2.384390	25.489499	14.004303	1.281796	0
holistic	he1009	538	4.717592	15.229756	5	11	22	0	13.545808	1.683948	0	1.163058	0
holistic	he1010	538	1.527962	1.377280	1	1	1	0	1.377280	0	0	0	0
conventional	ce1233	538	0	73.438336	0	14	7	18.361347	3.771821	36.112288	15.192880	2.380258	0
conventional	ce1234	538	0	32.396635	0	14	7	3.365066	11.644768	10.958770	6.428031	3.114735	0
conventional	ce1235	538	2.164498	36.477899	1	14	7	9.174952	1.229408	20.529432	5.544107	2.218730	0
conventional	ce1236	538	0	86.861075	0	14	7	16.879225	6.157942	40.858845	22.965063	4.934511	0
holistic	he1011	539	1.610251	5.539472	1	3	10	0	5.539472	0	0	0	0
holistic	he1012	539	2.694552	31.507022	4	16	22	0	15.831095	15.675927	0	4.200839	0
holistic	he1013	539	0.260068	0.621364	1	4	16	0	0.621364	0	0	0.660123	0
conventional	ce1237	539	0	68.153550	0	14	7	20.077955	2.409873	27.565092	18.100630	3.114735	0
conventional	ce1238	539	0	55.665849	0	14	7	9.703965	6.637887	26.751944	12.572053	2.348231	0
conventional	ce1239	539	0.171977	47.276324	2	14	7	3.549598	10.041564	20.550511	13.134651	4.619018	0
conventional	ce1240	539	0	46.965816	0	14	7	9.266974	1.619432	21.681853	14.397557	2.565994	0
conventional	ce1241	539	0	22.807988	0	14	7	3.434282	2.818042	14.432009	2.123655	0.616094	0
holistic	he1014	540	0.022010	2.893478	2	4	2	0	2.893478	0	0	0	0
holistic	he1015	540	1.338215	2.914060	1	2	2	0	2.914060	0	0	0	0
holistic	he1016	540	0.204204	14.216920	4	8	14	0	0	14.216920	0	3.908328	0
conventional	ce1242	540	0	23.017119	0	14	7	6.958456	4.300793	6.905240	4.852630	1.280537	0
conventional	ce1243	540	0	33.013427	0	14	7	4.966290	2.184509	19.744951	6.117677	2.109460	0
holistic	he1017	541	3.206925	25.637964	5	21	19	0	17.212878	8.425086	0	0.908688	0
holistic	he1018	541	2.876490	38.012408	6	14	20	0	0.691496	37.320912	0	3.329868	0
holistic	he1019	542	0.333985	0.054136	1	3	3	0	0.054136	0	0	0.486028	0
holistic	he1020	542	1.527962	1.401263	1	2	2	0	1.401263	0	0	0	0
conventional	ce1244	542	0.680523	37.079722	2	14	7	7.154663	2.211979	14.862716	12.850364	6.560031	0
conventional	ce1245	542	2.164498	44.740753	1	14	7	9.182433	2.958541	24.732240	7.867539	2.218730	0
conventional	ce1246	542	0	62.131293	0	14	7	22.465163	3.505538	25.491049	10.669543	3.114735	0
holistic	he1021	543	0.022010	1.737144	2	4	2	0	1.737144	0	0	0	0
holistic	he1022	543	0.011005	2.450929	1	2	2	0	2.450929	0	0	0	0
holistic	he1023	543	0.772756	2.573675	1	2	4	0	2.573675	0	0	0	0
holistic	he1024	543	2.575362	8.945012	2	8	6	0	8.945012	0	0	0.939934	0
conventional	ce1247	543	0	50.458965	0	14	7	13.741696	5.503837	22.079435	9.133997	3.382054	0
holistic	he1025	544	3.477137	15.020858	4	7	10	0	1.357190	13.663668	0	1.368321	0
holistic	he1026	544	0	0	0	0	0	0	0	0	0	0	0
holistic	he1027	544	0	0	0	0	0	0	0	0	0	0	0
conventional	ce1248	544	0	50.346165	0	14	7	9.729252	5.992142	26.087612	8.537159	1.657156	0
conventional	ce1249	544	0	50.396173	0	14	7	8.930311	1.563752	25.865828	14.036282	2.565994	0
holistic	he1028	545	2.990873	3.214900	4	4	7	0	1.915450	1.299450	0	0.912214	0
conventional	ce1250	545	1.202229	34.094355	2	14	7	3.740761	9.515679	12.851639	7.986276	7.063186	0
conventional	ce1251	545	2.491833	58.283702	2	14	7	9.173336	1.823347	29.155986	18.131033	4.631617	0
conventional	ce1252	545	0	46.039193	0	14	7	13.979332	5.801227	19.978769	6.279865	4.186104	0
holistic	he1029	546	0	0	0	0	0	0	0	0	0	0	0
holistic	he1030	546	3.637445	11.225337	4	6	10	0	1.508447	9.716890	0	0.912214	0
conventional	ce1253	546	0.680523	47.148461	2	14	7	5.894011	2.273963	27.809088	11.171399	6.294104	0
conventional	ce1254	546	0	74.925148	0	14	7	25.190966	3.381513	30.919370	15.433299	3.421765	0
holistic	he1031	547	0	3.082572	0	2	2	0	3.082572	0	0	0	0
holistic	he1032	547	0	0	0	0	2	0	0	0	0	0	0
holistic	he1033	547	0.703310	0.916029	1	2	2	0	0.916029	0	0	0	0
holistic	he1034	547	1.527962	1.508480	1	4	14	0	1.508480	0	0	1.024304	0
holistic	he1035	547	2.827412	11.744978	3	5	10	0	1.359612	10.385366	0	0.912214	0
conventional	ce1255	547	0.167637	54.158861	1	14	7	6.626717	3.365122	29.250573	14.916449	5.701314	0
conventional	ce1256	547	0	55.082968	0	14	7	9.567814	7.417935	26.301859	11.795360	2.348231	0
conventional	ce1257	547	0.622596	45.115676	1	14	7	6.319003	6.385967	26.664744	5.745962	5.247708	0
conventional	ce1258	547	0	41.525566	0	14	7	7.110439	5.275139	21.198714	7.941274	0.676014	0
conventional	ce1259	547	0	21.114529	0	14	7	2.898474	1.882760	14.277153	2.056142	0.616094	0
conventional	ce1260	547	0	35.526811	0	14	7	4.130961	7.390096	14.528979	9.476775	0	0
holistic	he1036	548	0	0	0	0	2	0	0	0	0	0	0
holistic	he1037	548	0.076088	1.105655	1	4	13	0	1.105655	0	0	0.356786	0
holistic	he1038	548	5.279520	18.729714	3	12	4	0	18.729714	0	0	0	0
holistic	he1039	549	0.022010	1.192460	2	4	2	0	1.192460	0	0	0	0
conventional	ce1261	549	2.259364	38.411224	1	14	7	10.851919	3.828361	18.184652	5.546292	2.218730	0
conventional	ce1262	549	0	27.533976	0	14	7	6.404162	6.625971	10.132230	4.371613	1.185747	0
conventional	ce1263	549	0.622596	46.579952	1	14	7	6.497281	4.993053	28.343139	6.746479	5.052416	0
holistic	he1040	550	0.772756	2.025548	1	2	2	0	2.025548	0	0	0	0
conventional	ce1264	550	0	23.963496	0	14	7	3.945664	2.571738	14.975175	2.470919	0.616094	0
holistic	he1041	551	1.388599	0.611123	1	2	4	0	0.611123	0	0	0	0
conventional	ce1265	551	0.155462	48.707862	1	14	7	7.179349	8.831256	26.135671	6.561586	6.295041	0
conventional	ce1266	552	0	69.268958	0	14	7	18.583665	3.330802	27.323925	20.030566	5.253574	0
conventional	ce1267	552	0.767129	32.299337	2	14	7	2.478442	7.575023	13.917940	8.327932	7.159844	0
conventional	ce1268	552	0	49.422787	0	14	7	12.969159	4.177466	21.440073	10.836089	3.382054	0
holistic	he1042	553	1.501228	5.903225	1	3	10	0	5.903225	0	0	0	0
holistic	he1043	554	0	3.082572	0	2	2	0	3.082572	0	0	0	0
conventional	ce1269	554	0	24.208050	0	14	7	3.654641	4.239845	14.593295	1.720269	0	0
holistic	he1044	556	5.279520	16.624353	3	12	4	0	16.624353	0	0	0	0
holistic	he1045	556	0.772756	3.837745	1	2	2	0	3.837745	0	0	0	0
conventional	ce1270	556	1.153731	42.039925	2	14	7	3.914461	10.573509	16.640681	10.911274	7.062329	0
conventional	ce1271	556	0	76.256220	0	14	7	22.794031	0.899165	34.000987	18.562037	3.421765	0
conventional	ce1272	556	2.158875	62.207952	2	14	7	9.082779	2.102693	33.785165	17.237315	4.631617	0
conventional	ce1273	557	0	31.204770	0	14	7	3.939695	3.444654	18.001852	5.818569	1.592969	0
conventional	ce1274	557	0	55.253182	0	14	7	8.908260	3.713829	30.861568	11.769525	4.104640	0
holistic	he1046	558	0.138178	2.899304	2	4	4	0	2.899304	0	0	0	0
conventional	ce1275	558	1.529592	52.206900	1	14	7	15.416031	5.602279	20.195645	10.992945	3.382054	0
conventional	ce1276	558	1.863125	54.229998	2	14	7	8.850922	3.128374	26.848587	15.402115	4.780425	0
holistic	he1047	561	2.988548	1.249488	2	18	10	0	1.249488	0	0	0	0
conventional	ce1277	561	0.951447	34.408356	2	14	7	3.827824	10.342813	11.779767	8.457952	7.295195	0
conventional	ce1278	561	2.158875	66.190821	2	14	7	9.199630	2.584494	36.290523	18.116174	4.631617	0
holistic	he1048	562	2.990873	3.215720	4	4	7	0	1.916270	1.299450	0	0.912214	0
holistic	he1049	562	1.338215	2.349392	1	2	2	0	2.349392	0	0	0	0
conventional	ce1279	562	0	46.763082	0	14	7	12.934258	4.202383	19.807533	9.818908	3.382054	0
conventional	ce1280	562	0	46.199218	0	14	7	12.022294	4.143935	20.142184	9.890805	3.824205	0
holistic	he1050	563	0	2.922284	0	2	2	0	2.922284	0	0	0	0
holistic	he1051	563	3.477137	2.679112	4	4	10	0	0.729937	1.949175	0	1.975500	0
holistic	he1052	563	0	3.813834	0	2	8	0	3.813834	0	0	0	0
conventional	ce1281	563	0	39.767849	0	14	7	3.282950	9.118920	14.541764	12.824215	0	0
conventional	ce1282	563	0	39.230424	0	14	7	1.736022	14.948267	15.484660	7.061475	0	0
conventional	ce1283	563	0.622596	44.277066	1	14	7	6.602822	5.182083	27.502413	4.989748	4.400409	0
holistic	he1053	564	3.184279	44.313927	7	14	25	0	0	44.313927	0	2.388022	0
holistic	he1054	564	3.226668	6.279150	2	8	15	0	6.279150	0	0	0.512152	0
conventional	ce1284	564	0	52.663915	0	14	7	10.643262	5.869030	27.736113	8.415510	0.511807	0
conventional	ce1285	565	0	28.303352	0	14	7	6.433478	7.047807	9.781998	5.040069	1.217102	0
conventional	ce1286	565	0	55.551409	0	14	7	8.132662	7.710553	27.522964	12.185230	2.211149	0
holistic	he1055	566	1.304114	9.483272	2	8	18	0	0	9.483272	0	2.143865	0
holistic	he1056	566	0	0	0	0	0	0	0	0	0	2.174332	0
holistic	he1057	567	0	0	0	0	2	0	0	0	0	0	0
conventional	ce1287	567	0	48.258862	0	14	7	5.417848	3.367976	26.816332	12.656706	0	0
holistic	he1058	568	2.988548	7.733436	2	6	4	0	7.733436	0	0	0	0
conventional	ce1288	568	0	43.530127	0	14	7	10.804640	8.924009	16.543899	7.257579	1.340219	0
conventional	ce1289	569	0	32.406068	0	14	7	3.851959	8.897856	14.674052	4.982201	3.114735	0
conventional	ce1290	569	0	43.788430	0	14	7	7.755983	2.521087	24.467489	9.043871	2.226034	0
conventional	ce1291	569	0	58.023848	0	14	7	11.326868	5.346915	27.453813	13.896252	1.657156	0
holistic	he1059	570	0.772756	3.163624	1	2	2	0	3.163624	0	0	0	0
holistic	he1060	570	2.513707	6.970664	3	4	7	0	2.066124	4.904540	0	1.263617	0
holistic	he1061	570	0	0	0	0	1	0	0	0	0	0	0
conventional	ce1292	570	0	105.944890	0	14	7	17.411942	7.366272	48.744123	32.422553	4.945836	0
conventional	ce1293	570	0.680523	41.917844	2	14	7	7.985741	2.494767	15.261915	16.175421	6.560031	0
conventional	ce1294	570	2.469226	49.733422	2	14	7	5.910392	2.002930	25.598843	16.221257	5.819819	0
holistic	he1062	571	4.331264	31.515395	4	22	18	0	23.757504	7.757891	0	2.174688	0
conventional	ce1295	571	0.710526	42.182887	2	14	7	4.020322	9.309973	18.208251	10.644341	7.299651	0
holistic	he1063	572	14.060283	43.779282	10	33	18	0	26.540076	17.239206	0	4.029003	0
holistic	he1064	573	3.477137	15.053793	4	7	10	0	1.433325	13.620468	0	1.368321	0
holistic	he1065	573	0	0	0	0	0	0	0	0	0	0	0
conventional	ce1296	573	0	80.999140	0	14	7	15.633184	4.547265	40.129072	20.689619	4.934511	0
conventional	ce1297	573	0.767129	34.298780	2	14	7	1.803121	7.118105	17.403818	7.973736	7.159844	0
holistic	he1066	574	1.650054	1.983904	2	2	7	0	1.983904	0	0	1.149160	0
holistic	he1067	574	4.997952	18.437316	3	12	5	0	18.437316	0	0	1.646553	0
conventional	ce1298	574	0	35.507039	0	14	7	4.292203	11.970684	12.008958	7.235194	4.001054	0
holistic	he1068	575	0.772756	1.481589	1	2	2	0	1.481589	0	0	0	0
conventional	ce1299	575	0	27.496953	0	14	7	1.187552	3.183792	16.727968	6.397641	1.592969	0
holistic	he1069	576	2.546263	44.266223	5	19	26	0	21.554660	22.711563	0	4.276780	0
holistic	he1070	576	0.772756	1.220163	1	2	4	0	1.220163	0	0	0	0
holistic	he1071	576	4.482822	4.002300	3	12	8	0	4.002300	0	0	0	0
conventional	ce1300	576	0	30.094157	0	14	7	6.940193	5.930534	12.549770	4.673660	2.257464	0
conventional	ce1301	576	0	29.897800	0	14	7	3.653890	3.469972	16.297868	6.476070	1.592969	0
holistic	he1072	577	0	0	0	0	2	0	0	0	0	0	0
conventional	ce1302	577	0	36.733033	0	14	7	9.388188	7.054406	14.791408	5.499031	0.703632	0
holistic	he1073	578	3.206925	15.373523	5	29	20	0	10.785741	4.587782	0	0.908688	0
holistic	he1074	578	0.022010	3.301818	2	4	4	0	3.301818	0	0	4.274858	0
holistic	he1075	578	0	3.802752	0	2	2	0	3.802752	0	0	0	0
conventional	ce1303	578	0	53.437885	0	14	7	11.455125	3.919148	28.217883	9.845729	3.141818	0
conventional	ce1304	578	0	96.626210	0	14	7	13.656434	8.428480	46.579525	27.961771	4.889311	0
holistic	he1076	580	0	2.995975	0	2	4	0	2.995975	0	0	0	0
holistic	he1077	580	1.527962	1.359612	1	1	1	0	1.359612	0	0	0	0
conventional	ce1305	580	0	65.937726	0	14	7	12.148230	2.385185	37.232644	14.171667	2.590719	0
holistic	he1078	581	0.011005	3.078924	1	5	11	0	3.078924	0	0	12.360632	0
conventional	ce1306	581	2.313008	65.426132	2	14	7	8.368690	2.584494	39.251009	15.221939	4.482501	0
conventional	ce1307	581	0	29.046732	0	14	7	4.374431	7.421469	11.048598	6.202234	1.185747	0
conventional	ce1308	581	0.622596	39.069972	1	14	7	6.712003	4.535039	23.000437	4.822493	4.400409	0
conventional	ce1309	581	0.155462	50.501700	1	14	7	5.644721	9.406751	25.822085	9.628143	6.295041	0
holistic	he1079	582	4.482828	21.935472	7	25	26	0	5.064000	16.871472	0	3.212856	0
holistic	he1080	583	0.022010	4.562962	2	4	2	0	4.562962	0	0	0.307064	0
holistic	he1081	583	1.388599	0.596399	1	2	4	0	0.596399	0	0	0	0
holistic	he1082	583	1.338215	1.689199	1	2	2	0	1.689199	0	0	0	0
conventional	ce1310	583	0	44.195773	0	14	7	9.963932	6.363997	23.624563	4.243281	0.511807	0
holistic	he1083	585	0.022010	4.542278	2	4	2	0	4.542278	0	0	0.307064	0
conventional	ce1311	585	1.725222	36.801552	2	14	7	4.542068	9.767414	14.242203	8.249867	6.436034	0
holistic	he1084	586	0	0	0	0	0	0	0	0	0	2.174332	0
holistic	he1085	587	0.772756	1.767205	1	2	2	0	1.767205	0	0	0	0
conventional	ce1312	587	0	53.326351	0	14	7	11.948864	2.862172	24.106626	14.408689	3.824205	0
holistic	he1086	588	2.777198	0.228604	2	12	12	0	0.228604	0	0	0	0
conventional	ce1313	588	0.708564	48.764598	2	14	7	3.769091	11.351082	18.662382	14.982043	6.436034	0
holistic	he1087	589	1.338215	1.670273	1	2	2	0	1.670273	0	0	0	0
conventional	ce1314	589	0	73.347338	0	14	7	12.551843	6.280416	34.999838	19.515241	2.380258	0
holistic	he1088	590	2.539117	1.808417	3	3	10	0	0.508967	1.299450	0	0.912214	0
holistic	he1089	591	1.338215	2.144419	1	2	2	0	2.144419	0	0	0	0
holistic	he1090	592	2.988548	6.671840	2	6	4	0	6.671840	0	0	0	0
holistic	he1091	592	0.772756	2.025548	1	2	2	0	2.025548	0	0	0	0
holistic	he1092	592	0.076088	1.105655	1	4	13	0	1.105655	0	0	0.356786	0
holistic	he1093	592	0	3.841317	0	2	2	0	3.841317	0	0	0	0
holistic	he1094	592	1.307363	3.509614	1	2	5	0	3.509614	0	0	0	0
holistic	he1095	592	5.279520	18.729714	3	12	3	0	18.729714	0	0	0	0
holistic	he1096	592	3.029667	2.770464	4	4	7	0	1.471014	1.299450	0	0.084050	0
conventional	ce1315	592	0	57.772618	0	14	7	7.295534	9.723589	32.552110	8.201385	3.382054	0
conventional	ce1316	592	0	50.219274	0	14	7	11.983196	3.231318	23.345815	11.658945	3.824205	0
holistic	he1097	593	7.401360	22.927018	8	14	20	0	4.027270	18.899748	0	4.113308	0
holistic	he1098	593	0	0	0	0	3	0	0	0	0	0.519058	0
conventional	ce1317	593	0	51.610659	0	14	7	7.155220	5.357882	27.639412	11.458145	0.511807	0
holistic	he1099	594	0	0	0	0	2	0	0	0	0	0	0
holistic	he1100	594	1.338215	1.505792	1	2	2	0	1.505792	0	0	0	0
holistic	he1101	594	0.022010	4.484174	2	4	2	0	4.484174	0	0	0	0
conventional	ce1318	594	2.313008	64.131067	2	14	7	8.248470	2.118927	39.565844	14.197826	2.916078	0
conventional	ce1319	594	1.202229	36.264621	2	14	7	5.250887	9.533159	14.638928	6.841647	7.351411	0
conventional	ce1320	594	0	52.198043	0	14	7	14.622278	5.646060	21.621358	10.308347	3.979410	0
holistic	he1102	595	3.834977	13.615336	4	7	10	0	1.038496	12.576840	0	1.368321	0
holistic	he1103	595	0	6.002632	0	4	2	0	6.002632	0	0	0	0
conventional	ce1321	595	1.202229	35.902351	2	14	7	2.587051	8.234208	16.816985	8.264107	6.947119	0
conventional	ce1322	595	0	53.771477	0	14	7	16.226353	6.136699	21.733280	9.675145	3.434334	0
conventional	ce1323	595	0	51.214507	0	14	7	9.753327	1.535025	26.153589	13.772566	2.600192	0
conventional	ce1324	596	2.158875	72.522192	2	14	7	10.504159	1.853904	39.959952	20.204177	4.291615	0
conventional	ce1325	596	0	82.326577	0	14	7	22.625142	4.125354	36.011391	19.564690	2.928737	0
conventional	ce1326	596	0	45.726645	0	14	7	12.440138	4.916555	19.004359	9.365593	3.824205	0
conventional	ce1327	596	0	50.091523	0	14	7	14.277948	3.552605	21.446612	10.814358	3.126053	0
conventional	ce1328	597	1.725222	40.195546	2	14	7	4.287751	11.238560	15.412518	9.256717	6.436034	0
conventional	ce1329	597	0	39.000325	0	14	7	6.425012	2.647001	20.332867	9.595445	2.226034	0
holistic	he1104	598	0.772756	3.837745	1	2	2	0	3.837745	0	0	0	0
conventional	ce1330	598	0	49.252322	0	14	7	11.170102	2.474779	20.463896	15.143545	2.689795	0
conventional	ce1331	598	0	39.178096	0	14	7	4.830130	6.300353	16.226885	11.820728	0	0
conventional	ce1332	598	0.622596	49.830376	1	14	7	7.223362	10.157208	27.168361	5.281445	4.400409	0
conventional	ce1333	598	2.405094	49.653876	2	14	7	5.102939	2.212237	25.948559	16.390141	5.819819	0
holistic	he1105	599	4.482822	7.050180	3	12	8	0	7.050180	0	0	0	0
conventional	ce1334	599	0	100.371638	0	14	7	14.151405	8.871107	44.081736	33.267390	5.343243	0
conventional	ce1335	599	0	51.571610	0	14	7	8.923005	3.276738	28.887646	10.484221	0.703632	0
conventional	ce1336	599	0	61.006094	0	14	7	12.649501	4.703814	29.497652	14.155127	3.424316	0
conventional	ce1337	599	0	60.361467	0	14	7	12.880643	4.391273	30.379848	12.709703	3.141818	0
conventional	ce1338	599	0	45.954818	0	14	7	9.835442	5.058670	22.629649	8.431057	3.382054	0
